         1         1         2        18        17       269       270       286       285         1
         2         2         3        19        18       270       271       287       286         1
         3         3         4        20        19       271       272       288       287         1
         4         4         5        21        20       272       273       289       288         1
         5         5         6        22        21       273       274       290       289         1
         6         6         7        23        22       274       275       291       290         1
         7         7         8        24        23       275       276       292       291         1
         8         8         9        25        24       276       277       293       292         1
         9         9        10        26        25       277       278       294       293         1
        10        10        11        27        26       278       279       295       294         1
        11        11        12        28        27       279       280       296       295         1
        12        12        13        29        28       280       281       297       296         1
        13        13        14        30        29       281       282       298       297         1
        14        14        15        31        30       282       283       299       298         1
        15        15        16        32        31       283       284       300       299         1
        16        17        18        34        33       285       286       302       301         1
        17        18        19        35        34       286       287       303       302         1
        18        19        20        36        35       287       288       304       303         1
        19        20        21        37        36       288       289       305       304         1
        20        21        22        38        37       289       290       306       305         1
        21        22        23        39        38       290       291       307       306         1
        22        23        24        40        39       291       292       308       307         1
        23        24        25        41        40       292       293       309       308         1
        24        25        26        42        41       293       294       310       309         1
        25        26        27        43        42       294       295       311       310         1
        26        27        28        44        43       295       296       312       311         1
        27        28        29        45        44       296       297       313       312         1
        28        29        30        46        45       297       298       314       313         1
        29        30        31        47        46       298       299       315       314         1
        30        31        32        48        47       299       300       316       315         1
        31        33        34        50        49       301       302       318       317         1
        32        34        35        51        50       302       303       319       318         1
        33        35        36        52        51       303       304       320       319         1
        34        36        37        53        52       304       305       321       320         1
        35        37        38        54        53       305       306       322       321         1
        36        38        39        55        54       306       307       323       322         1
        37        39        40        56        55       307       308       324       323         1
        38        40        41        57        56       308       309       325       324         1
        39        41        42        58        57       309       310       326       325         1
        40        42        43        59        58       310       311       327       326         1
        41        43        44        60        59       311       312       328       327         1
        42        44        45        61        60       312       313       329       328         1
        43        45        46        62        61       313       314       330       329         1
        44        46        47        63        62       314       315       331       330         1
        45        47        48        64        63       315       316       332       331         1
        46        49        50        66        65       317       318       334       333         1
        47        50        51        67        66       318       319       335       334         1
        48        51        52        68        67       319       320       336       335         1
        49        52        53        69        68       320       321       337       336         1
        50        53        54        70        69       321       322       338       337         1
        51        54        55        71        70       322       323       339       338         1
        52        55        56        72        71       323       324       340       339         1
        53        56        57        73        72       324       325       341       340         1
        54        57        58        74        73       325       326       342       341         1
        55        58        59        75        74       326       327       343       342         1
        56        59        60        76        75       327       328       344       343         1
        57        60        61        77        76       328       329       345       344         1
        58        61        62        78        77       329       330       346       345         1
        59        62        63        79        78       330       331       347       346         1
        60        63        64        80        79       331       332       348       347         1
        61        65        66        82        81       333       334       350       349         1
        62        66        67        83        82       334       335       351       350         1
        63        67        68        84        83       335       336       352       351         1
        64        68        69        85        84       336       337       353       352         1
        65        69        70        86        85       337       338       354       353         1
        66        70        71        87        86       338       339       355       354         1
        67        71        72        88        87       339       340       356       355         1
        68        72        73        89        88       340       341       357       356         1
        69        73        74        90        89       341       342       358       357         1
        70        74        75        91        90       342       343       359       358         1
        71        75        76        92        91       343       344       360       359         1
        72        76        77        93        92       344       345       361       360         1
        73        77        78        94        93       345       346       362       361         1
        74        78        79        95        94       346       347       363       362         1
        75        79        80        96        95       347       348       364       363         1
        76        81        82        98        97       349       350       366       365         1
        77        82        83        99        98       350       351       367       366         1
        78        83        84       100        99       351       352       368       367         1
        79        84        85       101       100       352       353       369       368         1
        80        85        86       102       101       353       354       370       369         1
        81        86        87       103       102       354       355       371       370         1
        82        87        88       104       103       355       356       372       371         1
        83        88        89       105       104       356       357       373       372         1
        84        89        90       106       105       357       358       374       373         1
        85        90        91       107       106       358       359       375       374         1
        86        91        92       108       107       359       360       376       375         1
        87        92        93       109       108       360       361       377       376         1
        88        93        94       110       109       361       362       378       377         1
        89        94        95       111       110       362       363       379       378         1
        90        95        96       112       111       363       364       380       379         1
        91        97        98       114       113       365       366       382       381         1
        92        98        99       115       114       366       367       383       382         1
        93        99       100       116       115       367       368       384       383         1
        94       100       101       117       116       368       369       385       384         1
        95       101       102       118       117       369       370       386       385         1
        96       102       103       119       118       370       371       387       386         1
        97       103       104       120       119       371       372       388       387         1
        98       104       105       121       120       372       373       389       388         1
        99       105       106       122       121       373       374       390       389         1
       100       106       107       123       122       374       375       391       390         1
       101       107       108       124       123       375       376       392       391         1
       102       108       109       125       124       376       377       393       392         1
       103       109       110       126       125       377       378       394       393         1
       104       110       111       127       126       378       379       395       394         1
       105       111       112       128       127       379       380       396       395         1
       106       113       114       130       129       381       382       398       397         1
       107       114       115       131       130       382       383       399       398         1
       108       115       116       132       131       383       384       400       399         1
       109       116       117       133       132       384       385       401       400         1
       110       117       118       134       133       385       386       402       401         1
       111       118       119       135       134       386       387       403       402         1
       112       119       120       136       135       387       388       404       403         1
       113       121       122       138       137       389       390       406       405         1
       114       122       123       139       138       390       391       407       406         1
       115       123       124       140       139       391       392       408       407         1
       116       124       125       141       140       392       393       409       408         1
       117       125       126       142       141       393       394       410       409         1
       118       126       127       143       142       394       395       411       410         1
       119       127       128       144       143       395       396       412       411         1
       120       129       130       146       145       397       398       414       413         1
       121       130       131       147       146       398       399       415       414         1
       122       131       132       148       147       399       400       416       415         1
       123       132       133       149       148       400       401       417       416         1
       124       133       134       150       149       401       402       418       417         1
       125       134       135       151       150       402       403       419       418         1
       126       135       136       152       151       403       404       420       419         1
       127       136       137       153       152       404       405       421       420         1
       128       137       138       154       153       405       406       422       421         1
       129       138       139       155       154       406       407       423       422         1
       130       139       140       156       155       407       408       424       423         1
       131       140       141       157       156       408       409       425       424         1
       132       141       142       158       157       409       410       426       425         1
       133       142       143       159       158       410       411       427       426         1
       134       143       144       160       159       411       412       428       427         1
       135       145       146       162       161       413       414       430       429         1
       136       146       147       163       162       414       415       431       430         1
       137       147       148       164       163       415       416       432       431         1
       138       148       149       165       164       416       417       433       432         1
       139       149       150       166       165       417       418       434       433         1
       140       150       151       167       166       418       419       435       434         1
       141       151       152       168       167       419       420       436       435         1
       142       152       153       169       168       420       421       437       436         1
       143       153       154       170       169       421       422       438       437         1
       144       154       155       171       170       422       423       439       438         1
       145       155       156       172       171       423       424       440       439         1
       146       156       157       173       172       424       425       441       440         1
       147       157       158       174       173       425       426       442       441         1
       148       158       159       175       174       426       427       443       442         1
       149       159       160       176       175       427       428       444       443         1
       150       161       162       178       177       429       430       446       445         1
       151       162       163       179       178       430       431       447       446         1
       152       163       164       180       179       431       432       448       447         1
       153       164       165       181       180       432       433       449       448         1
       154       165       166       182       181       433       434       450       449         1
       155       166       167       183       182       434       435       451       450         1
       156       167       168       184       183       435       436       452       451         1
       157       168       169       185       184       436       437       453       452         1
       158       169       170       186       185       437       438       454       453         1
       159       170       171       187       186       438       439       455       454         1
       160       171       172       188       187       439       440       456       455         1
       161       172       173       189       188       440       441       457       456         1
       162       173       174       190       189       441       442       458       457         1
       163       174       175       191       190       442       443       459       458         1
       164       175       176       192       191       443       444       460       459         1
       165       177       178       194       193       445       446       462       461         1
       166       178       179       195       194       446       447       463       462         1
       167       179       180       196       195       447       448       464       463         1
       168       180       181       197       196       448       449       465       464         1
       169       181       182       198       197       449       450       466       465         1
       170       182       183       199       198       450       451       467       466         1
       171       183       184       200       199       451       452       468       467         1
       172       184       185       201       200       452       453       469       468         1
       173       185       186       202       201       453       454       470       469         1
       174       186       187       203       202       454       455       471       470         1
       175       187       188       204       203       455       456       472       471         1
       176       188       189       205       204       456       457       473       472         1
       177       189       190       206       205       457       458       474       473         1
       178       190       191       207       206       458       459       475       474         1
       179       191       192       208       207       459       460       476       475         1
       180       193       194       210       209       461       462       478       477         1
       181       194       195       211       210       462       463       479       478         1
       182       195       196       212       211       463       464       480       479         1
       183       196       197       213       212       464       465       481       480         1
       184       197       198       214       213       465       466       482       481         1
       185       198       199       215       214       466       467       483       482         1
       186       199       200       216       215       467       468       484       483         1
       187       200       201       217       216       468       469       485       484         1
       188       201       202       218       217       469       470       486       485         1
       189       202       203       219       218       470       471       487       486         1
       190       203       204       220       219       471       472       488       487         1
       191       204       205       221       220       472       473       489       488         1
       192       205       206       222       221       473       474       490       489         1
       193       206       207       223       222       474       475       491       490         1
       194       207       208       224       223       475       476       492       491         1
       195       209       210       226       225       477       478       494       493         1
       196       210       211       227       226       478       479       495       494         1
       197       211       212       228       227       479       480       496       495         1
       198       212       213       229       228       480       481       497       496         1
       199       213       214       230       229       481       482       498       497         1
       200       214       215       231       230       482       483       499       498         1
       201       215       216       232       231       483       484       500       499         1
       202       216       217       233       232       484       485       501       500         1
       203       217       218       234       233       485       486       502       501         1
       204       218       219       235       234       486       487       503       502         1
       205       219       220       236       235       487       488       504       503         1
       206       220       221       237       236       488       489       505       504         1
       207       221       222       238       237       489       490       506       505         1
       208       222       223       239       238       490       491       507       506         1
       209       223       224       240       239       491       492       508       507         1
       210       225       226       242       241       493       494       510       509         1
       211       226       227       243       242       494       495       511       510         1
       212       227       228       244       243       495       496       512       511         1
       213       228       229       245       244       496       497       513       512         1
       214       229       230       246       245       497       498       514       513         1
       215       230       231       247       246       498       499       515       514         1
       216       231       232       248       247       499       500       516       515         1
       217       232       233       249       248       500       501       517       516         1
       218       233       234       250       249       501       502       518       517         1
       219       234       235       251       250       502       503       519       518         1
       220       235       236       252       251       503       504       520       519         1
       221       236       237       253       252       504       505       521       520         1
       222       237       238       254       253       505       506       522       521         1
       223       238       239       255       254       506       507       523       522         1
       224       239       240       256       255       507       508       524       523         1
       225       261       262       258       257       529       530       526       525         1
       226       262       263       259       258       530       531       527       526         1
       227       263       264       260       259       531       532       528       527         1
       228       264       261       257       260       532       529       525       528         1
       229       265       266       262       261       533       534       530       529         1
       230       266       267       263       262       534       535       531       530         1
       231       267       268       264       263       535       536       532       531         1
       232       268       265       261       264       536       533       529       532         1
       233       120       121       266       265       388       389       534       533         1
       234       121       137       267       266       389       405       535       534         1
       235       137       136       268       267       405       404       536       535         1
       236       136       120       265       268       404       388       533       536         1
       237       269       270       286       285       537       538       554       553         1
       238       270       271       287       286       538       539       555       554         1
       239       271       272       288       287       539       540       556       555         1
       240       272       273       289       288       540       541       557       556         1
       241       273       274       290       289       541       542       558       557         1
       242       274       275       291       290       542       543       559       558         1
       243       275       276       292       291       543       544       560       559         1
       244       276       277       293       292       544       545       561       560         1
       245       277       278       294       293       545       546       562       561         1
       246       278       279       295       294       546       547       563       562         1
       247       279       280       296       295       547       548       564       563         1
       248       280       281       297       296       548       549       565       564         1
       249       281       282       298       297       549       550       566       565         1
       250       282       283       299       298       550       551       567       566         1
       251       283       284       300       299       551       552       568       567         1
       252       285       286       302       301       553       554       570       569         1
       253       286       287       303       302       554       555       571       570         1
       254       287       288       304       303       555       556       572       571         1
       255       288       289       305       304       556       557       573       572         1
       256       289       290       306       305       557       558       574       573         1
       257       290       291       307       306       558       559       575       574         1
       258       291       292       308       307       559       560       576       575         1
       259       292       293       309       308       560       561       577       576         1
       260       293       294       310       309       561       562       578       577         1
       261       294       295       311       310       562       563       579       578         1
       262       295       296       312       311       563       564       580       579         1
       263       296       297       313       312       564       565       581       580         1
       264       297       298       314       313       565       566       582       581         1
       265       298       299       315       314       566       567       583       582         1
       266       299       300       316       315       567       568       584       583         1
       267       301       302       318       317       569       570       586       585         1
       268       302       303       319       318       570       571       587       586         1
       269       303       304       320       319       571       572       588       587         1
       270       304       305       321       320       572       573       589       588         1
       271       305       306       322       321       573       574       590       589         1
       272       306       307       323       322       574       575       591       590         1
       273       307       308       324       323       575       576       592       591         1
       274       308       309       325       324       576       577       593       592         1
       275       309       310       326       325       577       578       594       593         1
       276       310       311       327       326       578       579       595       594         1
       277       311       312       328       327       579       580       596       595         1
       278       312       313       329       328       580       581       597       596         1
       279       313       314       330       329       581       582       598       597         1
       280       314       315       331       330       582       583       599       598         1
       281       315       316       332       331       583       584       600       599         1
       282       317       318       334       333       585       586       602       601         1
       283       318       319       335       334       586       587       603       602         1
       284       319       320       336       335       587       588       604       603         1
       285       320       321       337       336       588       589       605       604         1
       286       321       322       338       337       589       590       606       605         1
       287       322       323       339       338       590       591       607       606         1
       288       323       324       340       339       591       592       608       607         1
       289       324       325       341       340       592       593       609       608         1
       290       325       326       342       341       593       594       610       609         1
       291       326       327       343       342       594       595       611       610         1
       292       327       328       344       343       595       596       612       611         1
       293       328       329       345       344       596       597       613       612         1
       294       329       330       346       345       597       598       614       613         1
       295       330       331       347       346       598       599       615       614         1
       296       331       332       348       347       599       600       616       615         1
       297       333       334       350       349       601       602       618       617         1
       298       334       335       351       350       602       603       619       618         1
       299       335       336       352       351       603       604       620       619         1
       300       336       337       353       352       604       605       621       620         1
       301       337       338       354       353       605       606       622       621         1
       302       338       339       355       354       606       607       623       622         1
       303       339       340       356       355       607       608       624       623         1
       304       340       341       357       356       608       609       625       624         1
       305       341       342       358       357       609       610       626       625         1
       306       342       343       359       358       610       611       627       626         1
       307       343       344       360       359       611       612       628       627         1
       308       344       345       361       360       612       613       629       628         1
       309       345       346       362       361       613       614       630       629         1
       310       346       347       363       362       614       615       631       630         1
       311       347       348       364       363       615       616       632       631         1
       312       349       350       366       365       617       618       634       633         1
       313       350       351       367       366       618       619       635       634         1
       314       351       352       368       367       619       620       636       635         1
       315       352       353       369       368       620       621       637       636         1
       316       353       354       370       369       621       622       638       637         1
       317       354       355       371       370       622       623       639       638         1
       318       355       356       372       371       623       624       640       639         1
       319       356       357       373       372       624       625       641       640         1
       320       357       358       374       373       625       626       642       641         1
       321       358       359       375       374       626       627       643       642         1
       322       359       360       376       375       627       628       644       643         1
       323       360       361       377       376       628       629       645       644         1
       324       361       362       378       377       629       630       646       645         1
       325       362       363       379       378       630       631       647       646         1
       326       363       364       380       379       631       632       648       647         1
       327       365       366       382       381       633       634       650       649         1
       328       366       367       383       382       634       635       651       650         1
       329       367       368       384       383       635       636       652       651         1
       330       368       369       385       384       636       637       653       652         1
       331       369       370       386       385       637       638       654       653         1
       332       370       371       387       386       638       639       655       654         1
       333       371       372       388       387       639       640       656       655         1
       334       372       373       389       388       640       641       657       656         1
       335       373       374       390       389       641       642       658       657         1
       336       374       375       391       390       642       643       659       658         1
       337       375       376       392       391       643       644       660       659         1
       338       376       377       393       392       644       645       661       660         1
       339       377       378       394       393       645       646       662       661         1
       340       378       379       395       394       646       647       663       662         1
       341       379       380       396       395       647       648       664       663         1
       342       381       382       398       397       649       650       666       665         1
       343       382       383       399       398       650       651       667       666         1
       344       383       384       400       399       651       652       668       667         1
       345       384       385       401       400       652       653       669       668         1
       346       385       386       402       401       653       654       670       669         1
       347       386       387       403       402       654       655       671       670         1
       348       387       388       404       403       655       656       672       671         1
       349       389       390       406       405       657       658       674       673         1
       350       390       391       407       406       658       659       675       674         1
       351       391       392       408       407       659       660       676       675         1
       352       392       393       409       408       660       661       677       676         1
       353       393       394       410       409       661       662       678       677         1
       354       394       395       411       410       662       663       679       678         1
       355       395       396       412       411       663       664       680       679         1
       356       397       398       414       413       665       666       682       681         1
       357       398       399       415       414       666       667       683       682         1
       358       399       400       416       415       667       668       684       683         1
       359       400       401       417       416       668       669       685       684         1
       360       401       402       418       417       669       670       686       685         1
       361       402       403       419       418       670       671       687       686         1
       362       403       404       420       419       671       672       688       687         1
       363       404       405       421       420       672       673       689       688         1
       364       405       406       422       421       673       674       690       689         1
       365       406       407       423       422       674       675       691       690         1
       366       407       408       424       423       675       676       692       691         1
       367       408       409       425       424       676       677       693       692         1
       368       409       410       426       425       677       678       694       693         1
       369       410       411       427       426       678       679       695       694         1
       370       411       412       428       427       679       680       696       695         1
       371       413       414       430       429       681       682       698       697         1
       372       414       415       431       430       682       683       699       698         1
       373       415       416       432       431       683       684       700       699         1
       374       416       417       433       432       684       685       701       700         1
       375       417       418       434       433       685       686       702       701         1
       376       418       419       435       434       686       687       703       702         1
       377       419       420       436       435       687       688       704       703         1
       378       420       421       437       436       688       689       705       704         1
       379       421       422       438       437       689       690       706       705         1
       380       422       423       439       438       690       691       707       706         1
       381       423       424       440       439       691       692       708       707         1
       382       424       425       441       440       692       693       709       708         1
       383       425       426       442       441       693       694       710       709         1
       384       426       427       443       442       694       695       711       710         1
       385       427       428       444       443       695       696       712       711         1
       386       429       430       446       445       697       698       714       713         1
       387       430       431       447       446       698       699       715       714         1
       388       431       432       448       447       699       700       716       715         1
       389       432       433       449       448       700       701       717       716         1
       390       433       434       450       449       701       702       718       717         1
       391       434       435       451       450       702       703       719       718         1
       392       435       436       452       451       703       704       720       719         1
       393       436       437       453       452       704       705       721       720         1
       394       437       438       454       453       705       706       722       721         1
       395       438       439       455       454       706       707       723       722         1
       396       439       440       456       455       707       708       724       723         1
       397       440       441       457       456       708       709       725       724         1
       398       441       442       458       457       709       710       726       725         1
       399       442       443       459       458       710       711       727       726         1
       400       443       444       460       459       711       712       728       727         1
       401       445       446       462       461       713       714       730       729         1
       402       446       447       463       462       714       715       731       730         1
       403       447       448       464       463       715       716       732       731         1
       404       448       449       465       464       716       717       733       732         1
       405       449       450       466       465       717       718       734       733         1
       406       450       451       467       466       718       719       735       734         1
       407       451       452       468       467       719       720       736       735         1
       408       452       453       469       468       720       721       737       736         1
       409       453       454       470       469       721       722       738       737         1
       410       454       455       471       470       722       723       739       738         1
       411       455       456       472       471       723       724       740       739         1
       412       456       457       473       472       724       725       741       740         1
       413       457       458       474       473       725       726       742       741         1
       414       458       459       475       474       726       727       743       742         1
       415       459       460       476       475       727       728       744       743         1
       416       461       462       478       477       729       730       746       745         1
       417       462       463       479       478       730       731       747       746         1
       418       463       464       480       479       731       732       748       747         1
       419       464       465       481       480       732       733       749       748         1
       420       465       466       482       481       733       734       750       749         1
       421       466       467       483       482       734       735       751       750         1
       422       467       468       484       483       735       736       752       751         1
       423       468       469       485       484       736       737       753       752         1
       424       469       470       486       485       737       738       754       753         1
       425       470       471       487       486       738       739       755       754         1
       426       471       472       488       487       739       740       756       755         1
       427       472       473       489       488       740       741       757       756         1
       428       473       474       490       489       741       742       758       757         1
       429       474       475       491       490       742       743       759       758         1
       430       475       476       492       491       743       744       760       759         1
       431       477       478       494       493       745       746       762       761         1
       432       478       479       495       494       746       747       763       762         1
       433       479       480       496       495       747       748       764       763         1
       434       480       481       497       496       748       749       765       764         1
       435       481       482       498       497       749       750       766       765         1
       436       482       483       499       498       750       751       767       766         1
       437       483       484       500       499       751       752       768       767         1
       438       484       485       501       500       752       753       769       768         1
       439       485       486       502       501       753       754       770       769         1
       440       486       487       503       502       754       755       771       770         1
       441       487       488       504       503       755       756       772       771         1
       442       488       489       505       504       756       757       773       772         1
       443       489       490       506       505       757       758       774       773         1
       444       490       491       507       506       758       759       775       774         1
       445       491       492       508       507       759       760       776       775         1
       446       493       494       510       509       761       762       778       777         1
       447       494       495       511       510       762       763       779       778         1
       448       495       496       512       511       763       764       780       779         1
       449       496       497       513       512       764       765       781       780         1
       450       497       498       514       513       765       766       782       781         1
       451       498       499       515       514       766       767       783       782         1
       452       499       500       516       515       767       768       784       783         1
       453       500       501       517       516       768       769       785       784         1
       454       501       502       518       517       769       770       786       785         1
       455       502       503       519       518       770       771       787       786         1
       456       503       504       520       519       771       772       788       787         1
       457       504       505       521       520       772       773       789       788         1
       458       505       506       522       521       773       774       790       789         1
       459       506       507       523       522       774       775       791       790         1
       460       507       508       524       523       775       776       792       791         1
       461       529       530       526       525       797       798       794       793         1
       462       530       531       527       526       798       799       795       794         1
       463       531       532       528       527       799       800       796       795         1
       464       532       529       525       528       800       797       793       796         1
       465       533       534       530       529       801       802       798       797         1
       466       534       535       531       530       802       803       799       798         1
       467       535       536       532       531       803       804       800       799         1
       468       536       533       529       532       804       801       797       800         1
       469       388       389       534       533       656       657       802       801         1
       470       389       405       535       534       657       673       803       802         1
       471       405       404       536       535       673       672       804       803         1
       472       404       388       533       536       672       656       801       804         1
       473       537       538       554       553       805       806       822       821         1
       474       538       539       555       554       806       807       823       822         1
       475       539       540       556       555       807       808       824       823         1
       476       540       541       557       556       808       809       825       824         1
       477       541       542       558       557       809       810       826       825         1
       478       542       543       559       558       810       811       827       826         1
       479       543       544       560       559       811       812       828       827         1
       480       544       545       561       560       812       813       829       828         1
       481       545       546       562       561       813       814       830       829         1
       482       546       547       563       562       814       815       831       830         1
       483       547       548       564       563       815       816       832       831         1
       484       548       549       565       564       816       817       833       832         1
       485       549       550       566       565       817       818       834       833         1
       486       550       551       567       566       818       819       835       834         1
       487       551       552       568       567       819       820       836       835         1
       488       553       554       570       569       821       822       838       837         1
       489       554       555       571       570       822       823       839       838         1
       490       555       556       572       571       823       824       840       839         1
       491       556       557       573       572       824       825       841       840         1
       492       557       558       574       573       825       826       842       841         1
       493       558       559       575       574       826       827       843       842         1
       494       559       560       576       575       827       828       844       843         1
       495       560       561       577       576       828       829       845       844         1
       496       561       562       578       577       829       830       846       845         1
       497       562       563       579       578       830       831       847       846         1
       498       563       564       580       579       831       832       848       847         1
       499       564       565       581       580       832       833       849       848         1
       500       565       566       582       581       833       834       850       849         1
       501       566       567       583       582       834       835       851       850         1
       502       567       568       584       583       835       836       852       851         1
       503       569       570       586       585       837       838       854       853         1
       504       570       571       587       586       838       839       855       854         1
       505       571       572       588       587       839       840       856       855         1
       506       572       573       589       588       840       841       857       856         1
       507       573       574       590       589       841       842       858       857         1
       508       574       575       591       590       842       843       859       858         1
       509       575       576       592       591       843       844       860       859         1
       510       576       577       593       592       844       845       861       860         1
       511       577       578       594       593       845       846       862       861         1
       512       578       579       595       594       846       847       863       862         1
       513       579       580       596       595       847       848       864       863         1
       514       580       581       597       596       848       849       865       864         1
       515       581       582       598       597       849       850       866       865         1
       516       582       583       599       598       850       851       867       866         1
       517       583       584       600       599       851       852       868       867         1
       518       585       586       602       601       853       854       870       869         1
       519       586       587       603       602       854       855       871       870         1
       520       587       588       604       603       855       856       872       871         1
       521       588       589       605       604       856       857       873       872         1
       522       589       590       606       605       857       858       874       873         1
       523       590       591       607       606       858       859       875       874         1
       524       591       592       608       607       859       860       876       875         1
       525       592       593       609       608       860       861       877       876         1
       526       593       594       610       609       861       862       878       877         1
       527       594       595       611       610       862       863       879       878         1
       528       595       596       612       611       863       864       880       879         1
       529       596       597       613       612       864       865       881       880         1
       530       597       598       614       613       865       866       882       881         1
       531       598       599       615       614       866       867       883       882         1
       532       599       600       616       615       867       868       884       883         1
       533       601       602       618       617       869       870       886       885         1
       534       602       603       619       618       870       871       887       886         1
       535       603       604       620       619       871       872       888       887         1
       536       604       605       621       620       872       873       889       888         1
       537       605       606       622       621       873       874       890       889         1
       538       606       607       623       622       874       875       891       890         1
       539       607       608       624       623       875       876       892       891         1
       540       608       609       625       624       876       877       893       892         1
       541       609       610       626       625       877       878       894       893         1
       542       610       611       627       626       878       879       895       894         1
       543       611       612       628       627       879       880       896       895         1
       544       612       613       629       628       880       881       897       896         1
       545       613       614       630       629       881       882       898       897         1
       546       614       615       631       630       882       883       899       898         1
       547       615       616       632       631       883       884       900       899         1
       548       617       618       634       633       885       886       902       901         1
       549       618       619       635       634       886       887       903       902         1
       550       619       620       636       635       887       888       904       903         1
       551       620       621       637       636       888       889       905       904         1
       552       621       622       638       637       889       890       906       905         1
       553       622       623       639       638       890       891       907       906         1
       554       623       624       640       639       891       892       908       907         1
       555       624       625       641       640       892       893       909       908         1
       556       625       626       642       641       893       894       910       909         1
       557       626       627       643       642       894       895       911       910         1
       558       627       628       644       643       895       896       912       911         1
       559       628       629       645       644       896       897       913       912         1
       560       629       630       646       645       897       898       914       913         1
       561       630       631       647       646       898       899       915       914         1
       562       631       632       648       647       899       900       916       915         1
       563       633       634       650       649       901       902       918       917         1
       564       634       635       651       650       902       903       919       918         1
       565       635       636       652       651       903       904       920       919         1
       566       636       637       653       652       904       905       921       920         1
       567       637       638       654       653       905       906       922       921         1
       568       638       639       655       654       906       907       923       922         1
       569       639       640       656       655       907       908       924       923         1
       570       640       641       657       656       908       909       925       924         1
       571       641       642       658       657       909       910       926       925         1
       572       642       643       659       658       910       911       927       926         1
       573       643       644       660       659       911       912       928       927         1
       574       644       645       661       660       912       913       929       928         1
       575       645       646       662       661       913       914       930       929         1
       576       646       647       663       662       914       915       931       930         1
       577       647       648       664       663       915       916       932       931         1
       578       649       650       666       665       917       918       934       933         1
       579       650       651       667       666       918       919       935       934         1
       580       651       652       668       667       919       920       936       935         1
       581       652       653       669       668       920       921       937       936         1
       582       653       654       670       669       921       922       938       937         1
       583       654       655       671       670       922       923       939       938         1
       584       655       656       672       671       923       924       940       939         1
       585       657       658       674       673       925       926       942       941         1
       586       658       659       675       674       926       927       943       942         1
       587       659       660       676       675       927       928       944       943         1
       588       660       661       677       676       928       929       945       944         1
       589       661       662       678       677       929       930       946       945         1
       590       662       663       679       678       930       931       947       946         1
       591       663       664       680       679       931       932       948       947         1
       592       665       666       682       681       933       934       950       949         1
       593       666       667       683       682       934       935       951       950         1
       594       667       668       684       683       935       936       952       951         1
       595       668       669       685       684       936       937       953       952         1
       596       669       670       686       685       937       938       954       953         1
       597       670       671       687       686       938       939       955       954         1
       598       671       672       688       687       939       940       956       955         1
       599       672       673       689       688       940       941       957       956         1
       600       673       674       690       689       941       942       958       957         1
       601       674       675       691       690       942       943       959       958         1
       602       675       676       692       691       943       944       960       959         1
       603       676       677       693       692       944       945       961       960         1
       604       677       678       694       693       945       946       962       961         1
       605       678       679       695       694       946       947       963       962         1
       606       679       680       696       695       947       948       964       963         1
       607       681       682       698       697       949       950       966       965         1
       608       682       683       699       698       950       951       967       966         1
       609       683       684       700       699       951       952       968       967         1
       610       684       685       701       700       952       953       969       968         1
       611       685       686       702       701       953       954       970       969         1
       612       686       687       703       702       954       955       971       970         1
       613       687       688       704       703       955       956       972       971         1
       614       688       689       705       704       956       957       973       972         1
       615       689       690       706       705       957       958       974       973         1
       616       690       691       707       706       958       959       975       974         1
       617       691       692       708       707       959       960       976       975         1
       618       692       693       709       708       960       961       977       976         1
       619       693       694       710       709       961       962       978       977         1
       620       694       695       711       710       962       963       979       978         1
       621       695       696       712       711       963       964       980       979         1
       622       697       698       714       713       965       966       982       981         1
       623       698       699       715       714       966       967       983       982         1
       624       699       700       716       715       967       968       984       983         1
       625       700       701       717       716       968       969       985       984         1
       626       701       702       718       717       969       970       986       985         1
       627       702       703       719       718       970       971       987       986         1
       628       703       704       720       719       971       972       988       987         1
       629       704       705       721       720       972       973       989       988         1
       630       705       706       722       721       973       974       990       989         1
       631       706       707       723       722       974       975       991       990         1
       632       707       708       724       723       975       976       992       991         1
       633       708       709       725       724       976       977       993       992         1
       634       709       710       726       725       977       978       994       993         1
       635       710       711       727       726       978       979       995       994         1
       636       711       712       728       727       979       980       996       995         1
       637       713       714       730       729       981       982       998       997         1
       638       714       715       731       730       982       983       999       998         1
       639       715       716       732       731       983       984      1000       999         1
       640       716       717       733       732       984       985      1001      1000         1
       641       717       718       734       733       985       986      1002      1001         1
       642       718       719       735       734       986       987      1003      1002         1
       643       719       720       736       735       987       988      1004      1003         1
       644       720       721       737       736       988       989      1005      1004         1
       645       721       722       738       737       989       990      1006      1005         1
       646       722       723       739       738       990       991      1007      1006         1
       647       723       724       740       739       991       992      1008      1007         1
       648       724       725       741       740       992       993      1009      1008         1
       649       725       726       742       741       993       994      1010      1009         1
       650       726       727       743       742       994       995      1011      1010         1
       651       727       728       744       743       995       996      1012      1011         1
       652       729       730       746       745       997       998      1014      1013         1
       653       730       731       747       746       998       999      1015      1014         1
       654       731       732       748       747       999      1000      1016      1015         1
       655       732       733       749       748      1000      1001      1017      1016         1
       656       733       734       750       749      1001      1002      1018      1017         1
       657       734       735       751       750      1002      1003      1019      1018         1
       658       735       736       752       751      1003      1004      1020      1019         1
       659       736       737       753       752      1004      1005      1021      1020         1
       660       737       738       754       753      1005      1006      1022      1021         1
       661       738       739       755       754      1006      1007      1023      1022         1
       662       739       740       756       755      1007      1008      1024      1023         1
       663       740       741       757       756      1008      1009      1025      1024         1
       664       741       742       758       757      1009      1010      1026      1025         1
       665       742       743       759       758      1010      1011      1027      1026         1
       666       743       744       760       759      1011      1012      1028      1027         1
       667       745       746       762       761      1013      1014      1030      1029         1
       668       746       747       763       762      1014      1015      1031      1030         1
       669       747       748       764       763      1015      1016      1032      1031         1
       670       748       749       765       764      1016      1017      1033      1032         1
       671       749       750       766       765      1017      1018      1034      1033         1
       672       750       751       767       766      1018      1019      1035      1034         1
       673       751       752       768       767      1019      1020      1036      1035         1
       674       752       753       769       768      1020      1021      1037      1036         1
       675       753       754       770       769      1021      1022      1038      1037         1
       676       754       755       771       770      1022      1023      1039      1038         1
       677       755       756       772       771      1023      1024      1040      1039         1
       678       756       757       773       772      1024      1025      1041      1040         1
       679       757       758       774       773      1025      1026      1042      1041         1
       680       758       759       775       774      1026      1027      1043      1042         1
       681       759       760       776       775      1027      1028      1044      1043         1
       682       761       762       778       777      1029      1030      1046      1045         1
       683       762       763       779       778      1030      1031      1047      1046         1
       684       763       764       780       779      1031      1032      1048      1047         1
       685       764       765       781       780      1032      1033      1049      1048         1
       686       765       766       782       781      1033      1034      1050      1049         1
       687       766       767       783       782      1034      1035      1051      1050         1
       688       767       768       784       783      1035      1036      1052      1051         1
       689       768       769       785       784      1036      1037      1053      1052         1
       690       769       770       786       785      1037      1038      1054      1053         1
       691       770       771       787       786      1038      1039      1055      1054         1
       692       771       772       788       787      1039      1040      1056      1055         1
       693       772       773       789       788      1040      1041      1057      1056         1
       694       773       774       790       789      1041      1042      1058      1057         1
       695       774       775       791       790      1042      1043      1059      1058         1
       696       775       776       792       791      1043      1044      1060      1059         1
       697       797       798       794       793      1065      1066      1062      1061         1
       698       798       799       795       794      1066      1067      1063      1062         1
       699       799       800       796       795      1067      1068      1064      1063         1
       700       800       797       793       796      1068      1065      1061      1064         1
       701       801       802       798       797      1069      1070      1066      1065         1
       702       802       803       799       798      1070      1071      1067      1066         1
       703       803       804       800       799      1071      1072      1068      1067         1
       704       804       801       797       800      1072      1069      1065      1068         1
       705       656       657       802       801       924       925      1070      1069         1
       706       657       673       803       802       925       941      1071      1070         1
       707       673       672       804       803       941       940      1072      1071         1
       708       672       656       801       804       940       924      1069      1072         1
       709       805       806       822       821      1073      1074      1090      1089         1
       710       806       807       823       822      1074      1075      1091      1090         1
       711       807       808       824       823      1075      1076      1092      1091         1
       712       808       809       825       824      1076      1077      1093      1092         1
       713       809       810       826       825      1077      1078      1094      1093         1
       714       810       811       827       826      1078      1079      1095      1094         1
       715       811       812       828       827      1079      1080      1096      1095         1
       716       812       813       829       828      1080      1081      1097      1096         1
       717       813       814       830       829      1081      1082      1098      1097         1
       718       814       815       831       830      1082      1083      1099      1098         1
       719       815       816       832       831      1083      1084      1100      1099         1
       720       816       817       833       832      1084      1085      1101      1100         1
       721       817       818       834       833      1085      1086      1102      1101         1
       722       818       819       835       834      1086      1087      1103      1102         1
       723       819       820       836       835      1087      1088      1104      1103         1
       724       821       822       838       837      1089      1090      1106      1105         1
       725       822       823       839       838      1090      1091      1107      1106         1
       726       823       824       840       839      1091      1092      1108      1107         1
       727       824       825       841       840      1092      1093      1109      1108         1
       728       825       826       842       841      1093      1094      1110      1109         1
       729       826       827       843       842      1094      1095      1111      1110         1
       730       827       828       844       843      1095      1096      1112      1111         1
       731       828       829       845       844      1096      1097      1113      1112         1
       732       829       830       846       845      1097      1098      1114      1113         1
       733       830       831       847       846      1098      1099      1115      1114         1
       734       831       832       848       847      1099      1100      1116      1115         1
       735       832       833       849       848      1100      1101      1117      1116         1
       736       833       834       850       849      1101      1102      1118      1117         1
       737       834       835       851       850      1102      1103      1119      1118         1
       738       835       836       852       851      1103      1104      1120      1119         1
       739       837       838       854       853      1105      1106      1122      1121         1
       740       838       839       855       854      1106      1107      1123      1122         1
       741       839       840       856       855      1107      1108      1124      1123         1
       742       840       841       857       856      1108      1109      1125      1124         1
       743       841       842       858       857      1109      1110      1126      1125         1
       744       842       843       859       858      1110      1111      1127      1126         1
       745       843       844       860       859      1111      1112      1128      1127         1
       746       844       845       861       860      1112      1113      1129      1128         1
       747       845       846       862       861      1113      1114      1130      1129         1
       748       846       847       863       862      1114      1115      1131      1130         1
       749       847       848       864       863      1115      1116      1132      1131         1
       750       848       849       865       864      1116      1117      1133      1132         1
       751       849       850       866       865      1117      1118      1134      1133         1
       752       850       851       867       866      1118      1119      1135      1134         1
       753       851       852       868       867      1119      1120      1136      1135         1
       754       853       854       870       869      1121      1122      1138      1137         1
       755       854       855       871       870      1122      1123      1139      1138         1
       756       855       856       872       871      1123      1124      1140      1139         1
       757       856       857       873       872      1124      1125      1141      1140         1
       758       857       858       874       873      1125      1126      1142      1141         1
       759       858       859       875       874      1126      1127      1143      1142         1
       760       859       860       876       875      1127      1128      1144      1143         1
       761       860       861       877       876      1128      1129      1145      1144         1
       762       861       862       878       877      1129      1130      1146      1145         1
       763       862       863       879       878      1130      1131      1147      1146         1
       764       863       864       880       879      1131      1132      1148      1147         1
       765       864       865       881       880      1132      1133      1149      1148         1
       766       865       866       882       881      1133      1134      1150      1149         1
       767       866       867       883       882      1134      1135      1151      1150         1
       768       867       868       884       883      1135      1136      1152      1151         1
       769       869       870       886       885      1137      1138      1154      1153         1
       770       870       871       887       886      1138      1139      1155      1154         1
       771       871       872       888       887      1139      1140      1156      1155         1
       772       872       873       889       888      1140      1141      1157      1156         1
       773       873       874       890       889      1141      1142      1158      1157         1
       774       874       875       891       890      1142      1143      1159      1158         1
       775       875       876       892       891      1143      1144      1160      1159         1
       776       876       877       893       892      1144      1145      1161      1160         1
       777       877       878       894       893      1145      1146      1162      1161         1
       778       878       879       895       894      1146      1147      1163      1162         1
       779       879       880       896       895      1147      1148      1164      1163         1
       780       880       881       897       896      1148      1149      1165      1164         1
       781       881       882       898       897      1149      1150      1166      1165         1
       782       882       883       899       898      1150      1151      1167      1166         1
       783       883       884       900       899      1151      1152      1168      1167         1
       784       885       886       902       901      1153      1154      1170      1169         1
       785       886       887       903       902      1154      1155      1171      1170         1
       786       887       888       904       903      1155      1156      1172      1171         1
       787       888       889       905       904      1156      1157      1173      1172         1
       788       889       890       906       905      1157      1158      1174      1173         1
       789       890       891       907       906      1158      1159      1175      1174         1
       790       891       892       908       907      1159      1160      1176      1175         1
       791       892       893       909       908      1160      1161      1177      1176         1
       792       893       894       910       909      1161      1162      1178      1177         1
       793       894       895       911       910      1162      1163      1179      1178         1
       794       895       896       912       911      1163      1164      1180      1179         1
       795       896       897       913       912      1164      1165      1181      1180         1
       796       897       898       914       913      1165      1166      1182      1181         1
       797       898       899       915       914      1166      1167      1183      1182         1
       798       899       900       916       915      1167      1168      1184      1183         1
       799       901       902       918       917      1169      1170      1186      1185         1
       800       902       903       919       918      1170      1171      1187      1186         1
       801       903       904       920       919      1171      1172      1188      1187         1
       802       904       905       921       920      1172      1173      1189      1188         1
       803       905       906       922       921      1173      1174      1190      1189         1
       804       906       907       923       922      1174      1175      1191      1190         1
       805       907       908       924       923      1175      1176      1192      1191         1
       806       908       909       925       924      1176      1177      1193      1192         1
       807       909       910       926       925      1177      1178      1194      1193         1
       808       910       911       927       926      1178      1179      1195      1194         1
       809       911       912       928       927      1179      1180      1196      1195         1
       810       912       913       929       928      1180      1181      1197      1196         1
       811       913       914       930       929      1181      1182      1198      1197         1
       812       914       915       931       930      1182      1183      1199      1198         1
       813       915       916       932       931      1183      1184      1200      1199         1
       814       917       918       934       933      1185      1186      1202      1201         1
       815       918       919       935       934      1186      1187      1203      1202         1
       816       919       920       936       935      1187      1188      1204      1203         1
       817       920       921       937       936      1188      1189      1205      1204         1
       818       921       922       938       937      1189      1190      1206      1205         1
       819       922       923       939       938      1190      1191      1207      1206         1
       820       923       924       940       939      1191      1192      1208      1207         1
       821       925       926       942       941      1193      1194      1210      1209         1
       822       926       927       943       942      1194      1195      1211      1210         1
       823       927       928       944       943      1195      1196      1212      1211         1
       824       928       929       945       944      1196      1197      1213      1212         1
       825       929       930       946       945      1197      1198      1214      1213         1
       826       930       931       947       946      1198      1199      1215      1214         1
       827       931       932       948       947      1199      1200      1216      1215         1
       828       933       934       950       949      1201      1202      1218      1217         1
       829       934       935       951       950      1202      1203      1219      1218         1
       830       935       936       952       951      1203      1204      1220      1219         1
       831       936       937       953       952      1204      1205      1221      1220         1
       832       937       938       954       953      1205      1206      1222      1221         1
       833       938       939       955       954      1206      1207      1223      1222         1
       834       939       940       956       955      1207      1208      1224      1223         1
       835       940       941       957       956      1208      1209      1225      1224         1
       836       941       942       958       957      1209      1210      1226      1225         1
       837       942       943       959       958      1210      1211      1227      1226         1
       838       943       944       960       959      1211      1212      1228      1227         1
       839       944       945       961       960      1212      1213      1229      1228         1
       840       945       946       962       961      1213      1214      1230      1229         1
       841       946       947       963       962      1214      1215      1231      1230         1
       842       947       948       964       963      1215      1216      1232      1231         1
       843       949       950       966       965      1217      1218      1234      1233         1
       844       950       951       967       966      1218      1219      1235      1234         1
       845       951       952       968       967      1219      1220      1236      1235         1
       846       952       953       969       968      1220      1221      1237      1236         1
       847       953       954       970       969      1221      1222      1238      1237         1
       848       954       955       971       970      1222      1223      1239      1238         1
       849       955       956       972       971      1223      1224      1240      1239         1
       850       956       957       973       972      1224      1225      1241      1240         1
       851       957       958       974       973      1225      1226      1242      1241         1
       852       958       959       975       974      1226      1227      1243      1242         1
       853       959       960       976       975      1227      1228      1244      1243         1
       854       960       961       977       976      1228      1229      1245      1244         1
       855       961       962       978       977      1229      1230      1246      1245         1
       856       962       963       979       978      1230      1231      1247      1246         1
       857       963       964       980       979      1231      1232      1248      1247         1
       858       965       966       982       981      1233      1234      1250      1249         1
       859       966       967       983       982      1234      1235      1251      1250         1
       860       967       968       984       983      1235      1236      1252      1251         1
       861       968       969       985       984      1236      1237      1253      1252         1
       862       969       970       986       985      1237      1238      1254      1253         1
       863       970       971       987       986      1238      1239      1255      1254         1
       864       971       972       988       987      1239      1240      1256      1255         1
       865       972       973       989       988      1240      1241      1257      1256         1
       866       973       974       990       989      1241      1242      1258      1257         1
       867       974       975       991       990      1242      1243      1259      1258         1
       868       975       976       992       991      1243      1244      1260      1259         1
       869       976       977       993       992      1244      1245      1261      1260         1
       870       977       978       994       993      1245      1246      1262      1261         1
       871       978       979       995       994      1246      1247      1263      1262         1
       872       979       980       996       995      1247      1248      1264      1263         1
       873       981       982       998       997      1249      1250      1266      1265         1
       874       982       983       999       998      1250      1251      1267      1266         1
       875       983       984      1000       999      1251      1252      1268      1267         1
       876       984       985      1001      1000      1252      1253      1269      1268         1
       877       985       986      1002      1001      1253      1254      1270      1269         1
       878       986       987      1003      1002      1254      1255      1271      1270         1
       879       987       988      1004      1003      1255      1256      1272      1271         1
       880       988       989      1005      1004      1256      1257      1273      1272         1
       881       989       990      1006      1005      1257      1258      1274      1273         1
       882       990       991      1007      1006      1258      1259      1275      1274         1
       883       991       992      1008      1007      1259      1260      1276      1275         1
       884       992       993      1009      1008      1260      1261      1277      1276         1
       885       993       994      1010      1009      1261      1262      1278      1277         1
       886       994       995      1011      1010      1262      1263      1279      1278         1
       887       995       996      1012      1011      1263      1264      1280      1279         1
       888       997       998      1014      1013      1265      1266      1282      1281         1
       889       998       999      1015      1014      1266      1267      1283      1282         1
       890       999      1000      1016      1015      1267      1268      1284      1283         1
       891      1000      1001      1017      1016      1268      1269      1285      1284         1
       892      1001      1002      1018      1017      1269      1270      1286      1285         1
       893      1002      1003      1019      1018      1270      1271      1287      1286         1
       894      1003      1004      1020      1019      1271      1272      1288      1287         1
       895      1004      1005      1021      1020      1272      1273      1289      1288         1
       896      1005      1006      1022      1021      1273      1274      1290      1289         1
       897      1006      1007      1023      1022      1274      1275      1291      1290         1
       898      1007      1008      1024      1023      1275      1276      1292      1291         1
       899      1008      1009      1025      1024      1276      1277      1293      1292         1
       900      1009      1010      1026      1025      1277      1278      1294      1293         1
       901      1010      1011      1027      1026      1278      1279      1295      1294         1
       902      1011      1012      1028      1027      1279      1280      1296      1295         1
       903      1013      1014      1030      1029      1281      1282      1298      1297         1
       904      1014      1015      1031      1030      1282      1283      1299      1298         1
       905      1015      1016      1032      1031      1283      1284      1300      1299         1
       906      1016      1017      1033      1032      1284      1285      1301      1300         1
       907      1017      1018      1034      1033      1285      1286      1302      1301         1
       908      1018      1019      1035      1034      1286      1287      1303      1302         1
       909      1019      1020      1036      1035      1287      1288      1304      1303         1
       910      1020      1021      1037      1036      1288      1289      1305      1304         1
       911      1021      1022      1038      1037      1289      1290      1306      1305         1
       912      1022      1023      1039      1038      1290      1291      1307      1306         1
       913      1023      1024      1040      1039      1291      1292      1308      1307         1
       914      1024      1025      1041      1040      1292      1293      1309      1308         1
       915      1025      1026      1042      1041      1293      1294      1310      1309         1
       916      1026      1027      1043      1042      1294      1295      1311      1310         1
       917      1027      1028      1044      1043      1295      1296      1312      1311         1
       918      1029      1030      1046      1045      1297      1298      1314      1313         1
       919      1030      1031      1047      1046      1298      1299      1315      1314         1
       920      1031      1032      1048      1047      1299      1300      1316      1315         1
       921      1032      1033      1049      1048      1300      1301      1317      1316         1
       922      1033      1034      1050      1049      1301      1302      1318      1317         1
       923      1034      1035      1051      1050      1302      1303      1319      1318         1
       924      1035      1036      1052      1051      1303      1304      1320      1319         1
       925      1036      1037      1053      1052      1304      1305      1321      1320         1
       926      1037      1038      1054      1053      1305      1306      1322      1321         1
       927      1038      1039      1055      1054      1306      1307      1323      1322         1
       928      1039      1040      1056      1055      1307      1308      1324      1323         1
       929      1040      1041      1057      1056      1308      1309      1325      1324         1
       930      1041      1042      1058      1057      1309      1310      1326      1325         1
       931      1042      1043      1059      1058      1310      1311      1327      1326         1
       932      1043      1044      1060      1059      1311      1312      1328      1327         1
       933      1065      1066      1062      1061      1333      1334      1330      1329         1
       934      1066      1067      1063      1062      1334      1335      1331      1330         1
       935      1067      1068      1064      1063      1335      1336      1332      1331         1
       936      1068      1065      1061      1064      1336      1333      1329      1332         1
       937      1069      1070      1066      1065      1337      1338      1334      1333         1
       938      1070      1071      1067      1066      1338      1339      1335      1334         1
       939      1071      1072      1068      1067      1339      1340      1336      1335         1
       940      1072      1069      1065      1068      1340      1337      1333      1336         1
       941       924       925      1070      1069      1192      1193      1338      1337         1
       942       925       941      1071      1070      1193      1209      1339      1338         1
       943       941       940      1072      1071      1209      1208      1340      1339         1
       944       940       924      1069      1072      1208      1192      1337      1340         1
       945      1073      1074      1090      1089      1341      1342      1358      1357         1
       946      1074      1075      1091      1090      1342      1343      1359      1358         1
       947      1075      1076      1092      1091      1343      1344      1360      1359         1
       948      1076      1077      1093      1092      1344      1345      1361      1360         1
       949      1077      1078      1094      1093      1345      1346      1362      1361         1
       950      1078      1079      1095      1094      1346      1347      1363      1362         1
       951      1079      1080      1096      1095      1347      1348      1364      1363         1
       952      1080      1081      1097      1096      1348      1349      1365      1364         1
       953      1081      1082      1098      1097      1349      1350      1366      1365         1
       954      1082      1083      1099      1098      1350      1351      1367      1366         1
       955      1083      1084      1100      1099      1351      1352      1368      1367         1
       956      1084      1085      1101      1100      1352      1353      1369      1368         1
       957      1085      1086      1102      1101      1353      1354      1370      1369         1
       958      1086      1087      1103      1102      1354      1355      1371      1370         1
       959      1087      1088      1104      1103      1355      1356      1372      1371         1
       960      1089      1090      1106      1105      1357      1358      1374      1373         1
       961      1090      1091      1107      1106      1358      1359      1375      1374         1
       962      1091      1092      1108      1107      1359      1360      1376      1375         1
       963      1092      1093      1109      1108      1360      1361      1377      1376         1
       964      1093      1094      1110      1109      1361      1362      1378      1377         1
       965      1094      1095      1111      1110      1362      1363      1379      1378         1
       966      1095      1096      1112      1111      1363      1364      1380      1379         1
       967      1096      1097      1113      1112      1364      1365      1381      1380         1
       968      1097      1098      1114      1113      1365      1366      1382      1381         1
       969      1098      1099      1115      1114      1366      1367      1383      1382         1
       970      1099      1100      1116      1115      1367      1368      1384      1383         1
       971      1100      1101      1117      1116      1368      1369      1385      1384         1
       972      1101      1102      1118      1117      1369      1370      1386      1385         1
       973      1102      1103      1119      1118      1370      1371      1387      1386         1
       974      1103      1104      1120      1119      1371      1372      1388      1387         1
       975      1105      1106      1122      1121      1373      1374      1390      1389         1
       976      1106      1107      1123      1122      1374      1375      1391      1390         1
       977      1107      1108      1124      1123      1375      1376      1392      1391         1
       978      1108      1109      1125      1124      1376      1377      1393      1392         1
       979      1109      1110      1126      1125      1377      1378      1394      1393         1
       980      1110      1111      1127      1126      1378      1379      1395      1394         1
       981      1111      1112      1128      1127      1379      1380      1396      1395         1
       982      1112      1113      1129      1128      1380      1381      1397      1396         1
       983      1113      1114      1130      1129      1381      1382      1398      1397         1
       984      1114      1115      1131      1130      1382      1383      1399      1398         1
       985      1115      1116      1132      1131      1383      1384      1400      1399         1
       986      1116      1117      1133      1132      1384      1385      1401      1400         1
       987      1117      1118      1134      1133      1385      1386      1402      1401         1
       988      1118      1119      1135      1134      1386      1387      1403      1402         1
       989      1119      1120      1136      1135      1387      1388      1404      1403         1
       990      1121      1122      1138      1137      1389      1390      1406      1405         1
       991      1122      1123      1139      1138      1390      1391      1407      1406         1
       992      1123      1124      1140      1139      1391      1392      1408      1407         1
       993      1124      1125      1141      1140      1392      1393      1409      1408         1
       994      1125      1126      1142      1141      1393      1394      1410      1409         1
       995      1126      1127      1143      1142      1394      1395      1411      1410         1
       996      1127      1128      1144      1143      1395      1396      1412      1411         1
       997      1128      1129      1145      1144      1396      1397      1413      1412         1
       998      1129      1130      1146      1145      1397      1398      1414      1413         1
       999      1130      1131      1147      1146      1398      1399      1415      1414         1
      1000      1131      1132      1148      1147      1399      1400      1416      1415         1
      1001      1132      1133      1149      1148      1400      1401      1417      1416         1
      1002      1133      1134      1150      1149      1401      1402      1418      1417         1
      1003      1134      1135      1151      1150      1402      1403      1419      1418         1
      1004      1135      1136      1152      1151      1403      1404      1420      1419         1
      1005      1137      1138      1154      1153      1405      1406      1422      1421         1
      1006      1138      1139      1155      1154      1406      1407      1423      1422         1
      1007      1139      1140      1156      1155      1407      1408      1424      1423         1
      1008      1140      1141      1157      1156      1408      1409      1425      1424         1
      1009      1141      1142      1158      1157      1409      1410      1426      1425         1
      1010      1142      1143      1159      1158      1410      1411      1427      1426         1
      1011      1143      1144      1160      1159      1411      1412      1428      1427         1
      1012      1144      1145      1161      1160      1412      1413      1429      1428         1
      1013      1145      1146      1162      1161      1413      1414      1430      1429         1
      1014      1146      1147      1163      1162      1414      1415      1431      1430         1
      1015      1147      1148      1164      1163      1415      1416      1432      1431         1
      1016      1148      1149      1165      1164      1416      1417      1433      1432         1
      1017      1149      1150      1166      1165      1417      1418      1434      1433         1
      1018      1150      1151      1167      1166      1418      1419      1435      1434         1
      1019      1151      1152      1168      1167      1419      1420      1436      1435         1
      1020      1153      1154      1170      1169      1421      1422      1438      1437         1
      1021      1154      1155      1171      1170      1422      1423      1439      1438         1
      1022      1155      1156      1172      1171      1423      1424      1440      1439         1
      1023      1156      1157      1173      1172      1424      1425      1441      1440         1
      1024      1157      1158      1174      1173      1425      1426      1442      1441         1
      1025      1158      1159      1175      1174      1426      1427      1443      1442         1
      1026      1159      1160      1176      1175      1427      1428      1444      1443         1
      1027      1160      1161      1177      1176      1428      1429      1445      1444         1
      1028      1161      1162      1178      1177      1429      1430      1446      1445         1
      1029      1162      1163      1179      1178      1430      1431      1447      1446         1
      1030      1163      1164      1180      1179      1431      1432      1448      1447         1
      1031      1164      1165      1181      1180      1432      1433      1449      1448         1
      1032      1165      1166      1182      1181      1433      1434      1450      1449         1
      1033      1166      1167      1183      1182      1434      1435      1451      1450         1
      1034      1167      1168      1184      1183      1435      1436      1452      1451         1
      1035      1169      1170      1186      1185      1437      1438      1454      1453         1
      1036      1170      1171      1187      1186      1438      1439      1455      1454         1
      1037      1171      1172      1188      1187      1439      1440      1456      1455         1
      1038      1172      1173      1189      1188      1440      1441      1457      1456         1
      1039      1173      1174      1190      1189      1441      1442      1458      1457         1
      1040      1174      1175      1191      1190      1442      1443      1459      1458         1
      1041      1175      1176      1192      1191      1443      1444      1460      1459         1
      1042      1176      1177      1193      1192      1444      1445      1461      1460         1
      1043      1177      1178      1194      1193      1445      1446      1462      1461         1
      1044      1178      1179      1195      1194      1446      1447      1463      1462         1
      1045      1179      1180      1196      1195      1447      1448      1464      1463         1
      1046      1180      1181      1197      1196      1448      1449      1465      1464         1
      1047      1181      1182      1198      1197      1449      1450      1466      1465         1
      1048      1182      1183      1199      1198      1450      1451      1467      1466         1
      1049      1183      1184      1200      1199      1451      1452      1468      1467         1
      1050      1185      1186      1202      1201      1453      1454      1470      1469         1
      1051      1186      1187      1203      1202      1454      1455      1471      1470         1
      1052      1187      1188      1204      1203      1455      1456      1472      1471         1
      1053      1188      1189      1205      1204      1456      1457      1473      1472         1
      1054      1189      1190      1206      1205      1457      1458      1474      1473         1
      1055      1190      1191      1207      1206      1458      1459      1475      1474         1
      1056      1191      1192      1208      1207      1459      1460      1476      1475         1
      1057      1193      1194      1210      1209      1461      1462      1478      1477         1
      1058      1194      1195      1211      1210      1462      1463      1479      1478         1
      1059      1195      1196      1212      1211      1463      1464      1480      1479         1
      1060      1196      1197      1213      1212      1464      1465      1481      1480         1
      1061      1197      1198      1214      1213      1465      1466      1482      1481         1
      1062      1198      1199      1215      1214      1466      1467      1483      1482         1
      1063      1199      1200      1216      1215      1467      1468      1484      1483         1
      1064      1201      1202      1218      1217      1469      1470      1486      1485         1
      1065      1202      1203      1219      1218      1470      1471      1487      1486         1
      1066      1203      1204      1220      1219      1471      1472      1488      1487         1
      1067      1204      1205      1221      1220      1472      1473      1489      1488         1
      1068      1205      1206      1222      1221      1473      1474      1490      1489         1
      1069      1206      1207      1223      1222      1474      1475      1491      1490         1
      1070      1207      1208      1224      1223      1475      1476      1492      1491         1
      1071      1208      1209      1225      1224      1476      1477      1493      1492         1
      1072      1209      1210      1226      1225      1477      1478      1494      1493         1
      1073      1210      1211      1227      1226      1478      1479      1495      1494         1
      1074      1211      1212      1228      1227      1479      1480      1496      1495         1
      1075      1212      1213      1229      1228      1480      1481      1497      1496         1
      1076      1213      1214      1230      1229      1481      1482      1498      1497         1
      1077      1214      1215      1231      1230      1482      1483      1499      1498         1
      1078      1215      1216      1232      1231      1483      1484      1500      1499         1
      1079      1217      1218      1234      1233      1485      1486      1502      1501         1
      1080      1218      1219      1235      1234      1486      1487      1503      1502         1
      1081      1219      1220      1236      1235      1487      1488      1504      1503         1
      1082      1220      1221      1237      1236      1488      1489      1505      1504         1
      1083      1221      1222      1238      1237      1489      1490      1506      1505         1
      1084      1222      1223      1239      1238      1490      1491      1507      1506         1
      1085      1223      1224      1240      1239      1491      1492      1508      1507         1
      1086      1224      1225      1241      1240      1492      1493      1509      1508         1
      1087      1225      1226      1242      1241      1493      1494      1510      1509         1
      1088      1226      1227      1243      1242      1494      1495      1511      1510         1
      1089      1227      1228      1244      1243      1495      1496      1512      1511         1
      1090      1228      1229      1245      1244      1496      1497      1513      1512         1
      1091      1229      1230      1246      1245      1497      1498      1514      1513         1
      1092      1230      1231      1247      1246      1498      1499      1515      1514         1
      1093      1231      1232      1248      1247      1499      1500      1516      1515         1
      1094      1233      1234      1250      1249      1501      1502      1518      1517         1
      1095      1234      1235      1251      1250      1502      1503      1519      1518         1
      1096      1235      1236      1252      1251      1503      1504      1520      1519         1
      1097      1236      1237      1253      1252      1504      1505      1521      1520         1
      1098      1237      1238      1254      1253      1505      1506      1522      1521         1
      1099      1238      1239      1255      1254      1506      1507      1523      1522         1
      1100      1239      1240      1256      1255      1507      1508      1524      1523         1
      1101      1240      1241      1257      1256      1508      1509      1525      1524         1
      1102      1241      1242      1258      1257      1509      1510      1526      1525         1
      1103      1242      1243      1259      1258      1510      1511      1527      1526         1
      1104      1243      1244      1260      1259      1511      1512      1528      1527         1
      1105      1244      1245      1261      1260      1512      1513      1529      1528         1
      1106      1245      1246      1262      1261      1513      1514      1530      1529         1
      1107      1246      1247      1263      1262      1514      1515      1531      1530         1
      1108      1247      1248      1264      1263      1515      1516      1532      1531         1
      1109      1249      1250      1266      1265      1517      1518      1534      1533         1
      1110      1250      1251      1267      1266      1518      1519      1535      1534         1
      1111      1251      1252      1268      1267      1519      1520      1536      1535         1
      1112      1252      1253      1269      1268      1520      1521      1537      1536         1
      1113      1253      1254      1270      1269      1521      1522      1538      1537         1
      1114      1254      1255      1271      1270      1522      1523      1539      1538         1
      1115      1255      1256      1272      1271      1523      1524      1540      1539         1
      1116      1256      1257      1273      1272      1524      1525      1541      1540         1
      1117      1257      1258      1274      1273      1525      1526      1542      1541         1
      1118      1258      1259      1275      1274      1526      1527      1543      1542         1
      1119      1259      1260      1276      1275      1527      1528      1544      1543         1
      1120      1260      1261      1277      1276      1528      1529      1545      1544         1
      1121      1261      1262      1278      1277      1529      1530      1546      1545         1
      1122      1262      1263      1279      1278      1530      1531      1547      1546         1
      1123      1263      1264      1280      1279      1531      1532      1548      1547         1
      1124      1265      1266      1282      1281      1533      1534      1550      1549         1
      1125      1266      1267      1283      1282      1534      1535      1551      1550         1
      1126      1267      1268      1284      1283      1535      1536      1552      1551         1
      1127      1268      1269      1285      1284      1536      1537      1553      1552         1
      1128      1269      1270      1286      1285      1537      1538      1554      1553         1
      1129      1270      1271      1287      1286      1538      1539      1555      1554         1
      1130      1271      1272      1288      1287      1539      1540      1556      1555         1
      1131      1272      1273      1289      1288      1540      1541      1557      1556         1
      1132      1273      1274      1290      1289      1541      1542      1558      1557         1
      1133      1274      1275      1291      1290      1542      1543      1559      1558         1
      1134      1275      1276      1292      1291      1543      1544      1560      1559         1
      1135      1276      1277      1293      1292      1544      1545      1561      1560         1
      1136      1277      1278      1294      1293      1545      1546      1562      1561         1
      1137      1278      1279      1295      1294      1546      1547      1563      1562         1
      1138      1279      1280      1296      1295      1547      1548      1564      1563         1
      1139      1281      1282      1298      1297      1549      1550      1566      1565         1
      1140      1282      1283      1299      1298      1550      1551      1567      1566         1
      1141      1283      1284      1300      1299      1551      1552      1568      1567         1
      1142      1284      1285      1301      1300      1552      1553      1569      1568         1
      1143      1285      1286      1302      1301      1553      1554      1570      1569         1
      1144      1286      1287      1303      1302      1554      1555      1571      1570         1
      1145      1287      1288      1304      1303      1555      1556      1572      1571         1
      1146      1288      1289      1305      1304      1556      1557      1573      1572         1
      1147      1289      1290      1306      1305      1557      1558      1574      1573         1
      1148      1290      1291      1307      1306      1558      1559      1575      1574         1
      1149      1291      1292      1308      1307      1559      1560      1576      1575         1
      1150      1292      1293      1309      1308      1560      1561      1577      1576         1
      1151      1293      1294      1310      1309      1561      1562      1578      1577         1
      1152      1294      1295      1311      1310      1562      1563      1579      1578         1
      1153      1295      1296      1312      1311      1563      1564      1580      1579         1
      1154      1297      1298      1314      1313      1565      1566      1582      1581         1
      1155      1298      1299      1315      1314      1566      1567      1583      1582         1
      1156      1299      1300      1316      1315      1567      1568      1584      1583         1
      1157      1300      1301      1317      1316      1568      1569      1585      1584         1
      1158      1301      1302      1318      1317      1569      1570      1586      1585         1
      1159      1302      1303      1319      1318      1570      1571      1587      1586         1
      1160      1303      1304      1320      1319      1571      1572      1588      1587         1
      1161      1304      1305      1321      1320      1572      1573      1589      1588         1
      1162      1305      1306      1322      1321      1573      1574      1590      1589         1
      1163      1306      1307      1323      1322      1574      1575      1591      1590         1
      1164      1307      1308      1324      1323      1575      1576      1592      1591         1
      1165      1308      1309      1325      1324      1576      1577      1593      1592         1
      1166      1309      1310      1326      1325      1577      1578      1594      1593         1
      1167      1310      1311      1327      1326      1578      1579      1595      1594         1
      1168      1311      1312      1328      1327      1579      1580      1596      1595         1
      1169      1333      1334      1330      1329      1601      1602      1598      1597         1
      1170      1334      1335      1331      1330      1602      1603      1599      1598         1
      1171      1335      1336      1332      1331      1603      1604      1600      1599         1
      1172      1336      1333      1329      1332      1604      1601      1597      1600         1
      1173      1337      1338      1334      1333      1605      1606      1602      1601         1
      1174      1338      1339      1335      1334      1606      1607      1603      1602         1
      1175      1339      1340      1336      1335      1607      1608      1604      1603         1
      1176      1340      1337      1333      1336      1608      1605      1601      1604         1
      1177      1192      1193      1338      1337      1460      1461      1606      1605         1
      1178      1193      1209      1339      1338      1461      1477      1607      1606         1
      1179      1209      1208      1340      1339      1477      1476      1608      1607         1
      1180      1208      1192      1337      1340      1476      1460      1605      1608         1
      1181      1341      1342      1358      1357      1609      1610      1626      1625         1
      1182      1342      1343      1359      1358      1610      1611      1627      1626         1
      1183      1343      1344      1360      1359      1611      1612      1628      1627         1
      1184      1344      1345      1361      1360      1612      1613      1629      1628         1
      1185      1345      1346      1362      1361      1613      1614      1630      1629         1
      1186      1346      1347      1363      1362      1614      1615      1631      1630         1
      1187      1347      1348      1364      1363      1615      1616      1632      1631         1
      1188      1348      1349      1365      1364      1616      1617      1633      1632         1
      1189      1349      1350      1366      1365      1617      1618      1634      1633         1
      1190      1350      1351      1367      1366      1618      1619      1635      1634         1
      1191      1351      1352      1368      1367      1619      1620      1636      1635         1
      1192      1352      1353      1369      1368      1620      1621      1637      1636         1
      1193      1353      1354      1370      1369      1621      1622      1638      1637         1
      1194      1354      1355      1371      1370      1622      1623      1639      1638         1
      1195      1355      1356      1372      1371      1623      1624      1640      1639         1
      1196      1357      1358      1374      1373      1625      1626      1642      1641         1
      1197      1358      1359      1375      1374      1626      1627      1643      1642         1
      1198      1359      1360      1376      1375      1627      1628      1644      1643         1
      1199      1360      1361      1377      1376      1628      1629      1645      1644         1
      1200      1361      1362      1378      1377      1629      1630      1646      1645         1
      1201      1362      1363      1379      1378      1630      1631      1647      1646         1
      1202      1363      1364      1380      1379      1631      1632      1648      1647         1
      1203      1364      1365      1381      1380      1632      1633      1649      1648         1
      1204      1365      1366      1382      1381      1633      1634      1650      1649         1
      1205      1366      1367      1383      1382      1634      1635      1651      1650         1
      1206      1367      1368      1384      1383      1635      1636      1652      1651         1
      1207      1368      1369      1385      1384      1636      1637      1653      1652         1
      1208      1369      1370      1386      1385      1637      1638      1654      1653         1
      1209      1370      1371      1387      1386      1638      1639      1655      1654         1
      1210      1371      1372      1388      1387      1639      1640      1656      1655         1
      1211      1373      1374      1390      1389      1641      1642      1658      1657         1
      1212      1374      1375      1391      1390      1642      1643      1659      1658         1
      1213      1375      1376      1392      1391      1643      1644      1660      1659         1
      1214      1376      1377      1393      1392      1644      1645      1661      1660         1
      1215      1377      1378      1394      1393      1645      1646      1662      1661         1
      1216      1378      1379      1395      1394      1646      1647      1663      1662         1
      1217      1379      1380      1396      1395      1647      1648      1664      1663         1
      1218      1380      1381      1397      1396      1648      1649      1665      1664         1
      1219      1381      1382      1398      1397      1649      1650      1666      1665         1
      1220      1382      1383      1399      1398      1650      1651      1667      1666         1
      1221      1383      1384      1400      1399      1651      1652      1668      1667         1
      1222      1384      1385      1401      1400      1652      1653      1669      1668         1
      1223      1385      1386      1402      1401      1653      1654      1670      1669         1
      1224      1386      1387      1403      1402      1654      1655      1671      1670         1
      1225      1387      1388      1404      1403      1655      1656      1672      1671         1
      1226      1389      1390      1406      1405      1657      1658      1674      1673         1
      1227      1390      1391      1407      1406      1658      1659      1675      1674         1
      1228      1391      1392      1408      1407      1659      1660      1676      1675         1
      1229      1392      1393      1409      1408      1660      1661      1677      1676         1
      1230      1393      1394      1410      1409      1661      1662      1678      1677         1
      1231      1394      1395      1411      1410      1662      1663      1679      1678         1
      1232      1395      1396      1412      1411      1663      1664      1680      1679         1
      1233      1396      1397      1413      1412      1664      1665      1681      1680         1
      1234      1397      1398      1414      1413      1665      1666      1682      1681         1
      1235      1398      1399      1415      1414      1666      1667      1683      1682         1
      1236      1399      1400      1416      1415      1667      1668      1684      1683         1
      1237      1400      1401      1417      1416      1668      1669      1685      1684         1
      1238      1401      1402      1418      1417      1669      1670      1686      1685         1
      1239      1402      1403      1419      1418      1670      1671      1687      1686         1
      1240      1403      1404      1420      1419      1671      1672      1688      1687         1
      1241      1405      1406      1422      1421      1673      1674      1690      1689         1
      1242      1406      1407      1423      1422      1674      1675      1691      1690         1
      1243      1407      1408      1424      1423      1675      1676      1692      1691         1
      1244      1408      1409      1425      1424      1676      1677      1693      1692         1
      1245      1409      1410      1426      1425      1677      1678      1694      1693         1
      1246      1410      1411      1427      1426      1678      1679      1695      1694         1
      1247      1411      1412      1428      1427      1679      1680      1696      1695         1
      1248      1412      1413      1429      1428      1680      1681      1697      1696         1
      1249      1413      1414      1430      1429      1681      1682      1698      1697         1
      1250      1414      1415      1431      1430      1682      1683      1699      1698         1
      1251      1415      1416      1432      1431      1683      1684      1700      1699         1
      1252      1416      1417      1433      1432      1684      1685      1701      1700         1
      1253      1417      1418      1434      1433      1685      1686      1702      1701         1
      1254      1418      1419      1435      1434      1686      1687      1703      1702         1
      1255      1419      1420      1436      1435      1687      1688      1704      1703         1
      1256      1421      1422      1438      1437      1689      1690      1706      1705         1
      1257      1422      1423      1439      1438      1690      1691      1707      1706         1
      1258      1423      1424      1440      1439      1691      1692      1708      1707         1
      1259      1424      1425      1441      1440      1692      1693      1709      1708         1
      1260      1425      1426      1442      1441      1693      1694      1710      1709         1
      1261      1426      1427      1443      1442      1694      1695      1711      1710         1
      1262      1427      1428      1444      1443      1695      1696      1712      1711         1
      1263      1428      1429      1445      1444      1696      1697      1713      1712         1
      1264      1429      1430      1446      1445      1697      1698      1714      1713         1
      1265      1430      1431      1447      1446      1698      1699      1715      1714         1
      1266      1431      1432      1448      1447      1699      1700      1716      1715         1
      1267      1432      1433      1449      1448      1700      1701      1717      1716         1
      1268      1433      1434      1450      1449      1701      1702      1718      1717         1
      1269      1434      1435      1451      1450      1702      1703      1719      1718         1
      1270      1435      1436      1452      1451      1703      1704      1720      1719         1
      1271      1437      1438      1454      1453      1705      1706      1722      1721         1
      1272      1438      1439      1455      1454      1706      1707      1723      1722         1
      1273      1439      1440      1456      1455      1707      1708      1724      1723         1
      1274      1440      1441      1457      1456      1708      1709      1725      1724         1
      1275      1441      1442      1458      1457      1709      1710      1726      1725         1
      1276      1442      1443      1459      1458      1710      1711      1727      1726         1
      1277      1443      1444      1460      1459      1711      1712      1728      1727         1
      1278      1444      1445      1461      1460      1712      1713      1729      1728         1
      1279      1445      1446      1462      1461      1713      1714      1730      1729         1
      1280      1446      1447      1463      1462      1714      1715      1731      1730         1
      1281      1447      1448      1464      1463      1715      1716      1732      1731         1
      1282      1448      1449      1465      1464      1716      1717      1733      1732         1
      1283      1449      1450      1466      1465      1717      1718      1734      1733         1
      1284      1450      1451      1467      1466      1718      1719      1735      1734         1
      1285      1451      1452      1468      1467      1719      1720      1736      1735         1
      1286      1453      1454      1470      1469      1721      1722      1738      1737         1
      1287      1454      1455      1471      1470      1722      1723      1739      1738         1
      1288      1455      1456      1472      1471      1723      1724      1740      1739         1
      1289      1456      1457      1473      1472      1724      1725      1741      1740         1
      1290      1457      1458      1474      1473      1725      1726      1742      1741         1
      1291      1458      1459      1475      1474      1726      1727      1743      1742         1
      1292      1459      1460      1476      1475      1727      1728      1744      1743         1
      1293      1461      1462      1478      1477      1729      1730      1746      1745         1
      1294      1462      1463      1479      1478      1730      1731      1747      1746         1
      1295      1463      1464      1480      1479      1731      1732      1748      1747         1
      1296      1464      1465      1481      1480      1732      1733      1749      1748         1
      1297      1465      1466      1482      1481      1733      1734      1750      1749         1
      1298      1466      1467      1483      1482      1734      1735      1751      1750         1
      1299      1467      1468      1484      1483      1735      1736      1752      1751         1
      1300      1469      1470      1486      1485      1737      1738      1754      1753         1
      1301      1470      1471      1487      1486      1738      1739      1755      1754         1
      1302      1471      1472      1488      1487      1739      1740      1756      1755         1
      1303      1472      1473      1489      1488      1740      1741      1757      1756         1
      1304      1473      1474      1490      1489      1741      1742      1758      1757         1
      1305      1474      1475      1491      1490      1742      1743      1759      1758         1
      1306      1475      1476      1492      1491      1743      1744      1760      1759         1
      1307      1476      1477      1493      1492      1744      1745      1761      1760         1
      1308      1477      1478      1494      1493      1745      1746      1762      1761         1
      1309      1478      1479      1495      1494      1746      1747      1763      1762         1
      1310      1479      1480      1496      1495      1747      1748      1764      1763         1
      1311      1480      1481      1497      1496      1748      1749      1765      1764         1
      1312      1481      1482      1498      1497      1749      1750      1766      1765         1
      1313      1482      1483      1499      1498      1750      1751      1767      1766         1
      1314      1483      1484      1500      1499      1751      1752      1768      1767         1
      1315      1485      1486      1502      1501      1753      1754      1770      1769         1
      1316      1486      1487      1503      1502      1754      1755      1771      1770         1
      1317      1487      1488      1504      1503      1755      1756      1772      1771         1
      1318      1488      1489      1505      1504      1756      1757      1773      1772         1
      1319      1489      1490      1506      1505      1757      1758      1774      1773         1
      1320      1490      1491      1507      1506      1758      1759      1775      1774         1
      1321      1491      1492      1508      1507      1759      1760      1776      1775         1
      1322      1492      1493      1509      1508      1760      1761      1777      1776         1
      1323      1493      1494      1510      1509      1761      1762      1778      1777         1
      1324      1494      1495      1511      1510      1762      1763      1779      1778         1
      1325      1495      1496      1512      1511      1763      1764      1780      1779         1
      1326      1496      1497      1513      1512      1764      1765      1781      1780         1
      1327      1497      1498      1514      1513      1765      1766      1782      1781         1
      1328      1498      1499      1515      1514      1766      1767      1783      1782         1
      1329      1499      1500      1516      1515      1767      1768      1784      1783         1
      1330      1501      1502      1518      1517      1769      1770      1786      1785         1
      1331      1502      1503      1519      1518      1770      1771      1787      1786         1
      1332      1503      1504      1520      1519      1771      1772      1788      1787         1
      1333      1504      1505      1521      1520      1772      1773      1789      1788         1
      1334      1505      1506      1522      1521      1773      1774      1790      1789         1
      1335      1506      1507      1523      1522      1774      1775      1791      1790         1
      1336      1507      1508      1524      1523      1775      1776      1792      1791         1
      1337      1508      1509      1525      1524      1776      1777      1793      1792         1
      1338      1509      1510      1526      1525      1777      1778      1794      1793         1
      1339      1510      1511      1527      1526      1778      1779      1795      1794         1
      1340      1511      1512      1528      1527      1779      1780      1796      1795         1
      1341      1512      1513      1529      1528      1780      1781      1797      1796         1
      1342      1513      1514      1530      1529      1781      1782      1798      1797         1
      1343      1514      1515      1531      1530      1782      1783      1799      1798         1
      1344      1515      1516      1532      1531      1783      1784      1800      1799         1
      1345      1517      1518      1534      1533      1785      1786      1802      1801         1
      1346      1518      1519      1535      1534      1786      1787      1803      1802         1
      1347      1519      1520      1536      1535      1787      1788      1804      1803         1
      1348      1520      1521      1537      1536      1788      1789      1805      1804         1
      1349      1521      1522      1538      1537      1789      1790      1806      1805         1
      1350      1522      1523      1539      1538      1790      1791      1807      1806         1
      1351      1523      1524      1540      1539      1791      1792      1808      1807         1
      1352      1524      1525      1541      1540      1792      1793      1809      1808         1
      1353      1525      1526      1542      1541      1793      1794      1810      1809         1
      1354      1526      1527      1543      1542      1794      1795      1811      1810         1
      1355      1527      1528      1544      1543      1795      1796      1812      1811         1
      1356      1528      1529      1545      1544      1796      1797      1813      1812         1
      1357      1529      1530      1546      1545      1797      1798      1814      1813         1
      1358      1530      1531      1547      1546      1798      1799      1815      1814         1
      1359      1531      1532      1548      1547      1799      1800      1816      1815         1
      1360      1533      1534      1550      1549      1801      1802      1818      1817         1
      1361      1534      1535      1551      1550      1802      1803      1819      1818         1
      1362      1535      1536      1552      1551      1803      1804      1820      1819         1
      1363      1536      1537      1553      1552      1804      1805      1821      1820         1
      1364      1537      1538      1554      1553      1805      1806      1822      1821         1
      1365      1538      1539      1555      1554      1806      1807      1823      1822         1
      1366      1539      1540      1556      1555      1807      1808      1824      1823         1
      1367      1540      1541      1557      1556      1808      1809      1825      1824         1
      1368      1541      1542      1558      1557      1809      1810      1826      1825         1
      1369      1542      1543      1559      1558      1810      1811      1827      1826         1
      1370      1543      1544      1560      1559      1811      1812      1828      1827         1
      1371      1544      1545      1561      1560      1812      1813      1829      1828         1
      1372      1545      1546      1562      1561      1813      1814      1830      1829         1
      1373      1546      1547      1563      1562      1814      1815      1831      1830         1
      1374      1547      1548      1564      1563      1815      1816      1832      1831         1
      1375      1549      1550      1566      1565      1817      1818      1834      1833         1
      1376      1550      1551      1567      1566      1818      1819      1835      1834         1
      1377      1551      1552      1568      1567      1819      1820      1836      1835         1
      1378      1552      1553      1569      1568      1820      1821      1837      1836         1
      1379      1553      1554      1570      1569      1821      1822      1838      1837         1
      1380      1554      1555      1571      1570      1822      1823      1839      1838         1
      1381      1555      1556      1572      1571      1823      1824      1840      1839         1
      1382      1556      1557      1573      1572      1824      1825      1841      1840         1
      1383      1557      1558      1574      1573      1825      1826      1842      1841         1
      1384      1558      1559      1575      1574      1826      1827      1843      1842         1
      1385      1559      1560      1576      1575      1827      1828      1844      1843         1
      1386      1560      1561      1577      1576      1828      1829      1845      1844         1
      1387      1561      1562      1578      1577      1829      1830      1846      1845         1
      1388      1562      1563      1579      1578      1830      1831      1847      1846         1
      1389      1563      1564      1580      1579      1831      1832      1848      1847         1
      1390      1565      1566      1582      1581      1833      1834      1850      1849         1
      1391      1566      1567      1583      1582      1834      1835      1851      1850         1
      1392      1567      1568      1584      1583      1835      1836      1852      1851         1
      1393      1568      1569      1585      1584      1836      1837      1853      1852         1
      1394      1569      1570      1586      1585      1837      1838      1854      1853         1
      1395      1570      1571      1587      1586      1838      1839      1855      1854         1
      1396      1571      1572      1588      1587      1839      1840      1856      1855         1
      1397      1572      1573      1589      1588      1840      1841      1857      1856         1
      1398      1573      1574      1590      1589      1841      1842      1858      1857         1
      1399      1574      1575      1591      1590      1842      1843      1859      1858         1
      1400      1575      1576      1592      1591      1843      1844      1860      1859         1
      1401      1576      1577      1593      1592      1844      1845      1861      1860         1
      1402      1577      1578      1594      1593      1845      1846      1862      1861         1
      1403      1578      1579      1595      1594      1846      1847      1863      1862         1
      1404      1579      1580      1596      1595      1847      1848      1864      1863         1
      1405      1601      1602      1598      1597      1869      1870      1866      1865         1
      1406      1602      1603      1599      1598      1870      1871      1867      1866         1
      1407      1603      1604      1600      1599      1871      1872      1868      1867         1
      1408      1604      1601      1597      1600      1872      1869      1865      1868         1
      1409      1605      1606      1602      1601      1873      1874      1870      1869         1
      1410      1606      1607      1603      1602      1874      1875      1871      1870         1
      1411      1607      1608      1604      1603      1875      1876      1872      1871         1
      1412      1608      1605      1601      1604      1876      1873      1869      1872         1
      1413      1460      1461      1606      1605      1728      1729      1874      1873         1
      1414      1461      1477      1607      1606      1729      1745      1875      1874         1
      1415      1477      1476      1608      1607      1745      1744      1876      1875         1
      1416      1476      1460      1605      1608      1744      1728      1873      1876         1
      1417      1609      1610      1626      1625      1877      1878      1894      1893         1
      1418      1610      1611      1627      1626      1878      1879      1895      1894         1
      1419      1611      1612      1628      1627      1879      1880      1896      1895         1
      1420      1612      1613      1629      1628      1880      1881      1897      1896         1
      1421      1613      1614      1630      1629      1881      1882      1898      1897         1
      1422      1614      1615      1631      1630      1882      1883      1899      1898         1
      1423      1615      1616      1632      1631      1883      1884      1900      1899         1
      1424      1616      1617      1633      1632      1884      1885      1901      1900         1
      1425      1617      1618      1634      1633      1885      1886      1902      1901         1
      1426      1618      1619      1635      1634      1886      1887      1903      1902         1
      1427      1619      1620      1636      1635      1887      1888      1904      1903         1
      1428      1620      1621      1637      1636      1888      1889      1905      1904         1
      1429      1621      1622      1638      1637      1889      1890      1906      1905         1
      1430      1622      1623      1639      1638      1890      1891      1907      1906         1
      1431      1623      1624      1640      1639      1891      1892      1908      1907         1
      1432      1625      1626      1642      1641      1893      1894      1910      1909         1
      1433      1626      1627      1643      1642      1894      1895      1911      1910         1
      1434      1627      1628      1644      1643      1895      1896      1912      1911         1
      1435      1628      1629      1645      1644      1896      1897      1913      1912         1
      1436      1629      1630      1646      1645      1897      1898      1914      1913         1
      1437      1630      1631      1647      1646      1898      1899      1915      1914         1
      1438      1631      1632      1648      1647      1899      1900      1916      1915         1
      1439      1632      1633      1649      1648      1900      1901      1917      1916         1
      1440      1633      1634      1650      1649      1901      1902      1918      1917         1
      1441      1634      1635      1651      1650      1902      1903      1919      1918         1
      1442      1635      1636      1652      1651      1903      1904      1920      1919         1
      1443      1636      1637      1653      1652      1904      1905      1921      1920         1
      1444      1637      1638      1654      1653      1905      1906      1922      1921         1
      1445      1638      1639      1655      1654      1906      1907      1923      1922         1
      1446      1639      1640      1656      1655      1907      1908      1924      1923         1
      1447      1641      1642      1658      1657      1909      1910      1926      1925         1
      1448      1642      1643      1659      1658      1910      1911      1927      1926         1
      1449      1643      1644      1660      1659      1911      1912      1928      1927         1
      1450      1644      1645      1661      1660      1912      1913      1929      1928         1
      1451      1645      1646      1662      1661      1913      1914      1930      1929         1
      1452      1646      1647      1663      1662      1914      1915      1931      1930         1
      1453      1647      1648      1664      1663      1915      1916      1932      1931         1
      1454      1648      1649      1665      1664      1916      1917      1933      1932         1
      1455      1649      1650      1666      1665      1917      1918      1934      1933         1
      1456      1650      1651      1667      1666      1918      1919      1935      1934         1
      1457      1651      1652      1668      1667      1919      1920      1936      1935         1
      1458      1652      1653      1669      1668      1920      1921      1937      1936         1
      1459      1653      1654      1670      1669      1921      1922      1938      1937         1
      1460      1654      1655      1671      1670      1922      1923      1939      1938         1
      1461      1655      1656      1672      1671      1923      1924      1940      1939         1
      1462      1657      1658      1674      1673      1925      1926      1942      1941         1
      1463      1658      1659      1675      1674      1926      1927      1943      1942         1
      1464      1659      1660      1676      1675      1927      1928      1944      1943         1
      1465      1660      1661      1677      1676      1928      1929      1945      1944         1
      1466      1661      1662      1678      1677      1929      1930      1946      1945         1
      1467      1662      1663      1679      1678      1930      1931      1947      1946         1
      1468      1663      1664      1680      1679      1931      1932      1948      1947         1
      1469      1664      1665      1681      1680      1932      1933      1949      1948         1
      1470      1665      1666      1682      1681      1933      1934      1950      1949         1
      1471      1666      1667      1683      1682      1934      1935      1951      1950         1
      1472      1667      1668      1684      1683      1935      1936      1952      1951         1
      1473      1668      1669      1685      1684      1936      1937      1953      1952         1
      1474      1669      1670      1686      1685      1937      1938      1954      1953         1
      1475      1670      1671      1687      1686      1938      1939      1955      1954         1
      1476      1671      1672      1688      1687      1939      1940      1956      1955         1
      1477      1673      1674      1690      1689      1941      1942      1958      1957         1
      1478      1674      1675      1691      1690      1942      1943      1959      1958         1
      1479      1675      1676      1692      1691      1943      1944      1960      1959         1
      1480      1676      1677      1693      1692      1944      1945      1961      1960         1
      1481      1677      1678      1694      1693      1945      1946      1962      1961         1
      1482      1678      1679      1695      1694      1946      1947      1963      1962         1
      1483      1679      1680      1696      1695      1947      1948      1964      1963         1
      1484      1680      1681      1697      1696      1948      1949      1965      1964         1
      1485      1681      1682      1698      1697      1949      1950      1966      1965         1
      1486      1682      1683      1699      1698      1950      1951      1967      1966         1
      1487      1683      1684      1700      1699      1951      1952      1968      1967         1
      1488      1684      1685      1701      1700      1952      1953      1969      1968         1
      1489      1685      1686      1702      1701      1953      1954      1970      1969         1
      1490      1686      1687      1703      1702      1954      1955      1971      1970         1
      1491      1687      1688      1704      1703      1955      1956      1972      1971         1
      1492      1689      1690      1706      1705      1957      1958      1974      1973         1
      1493      1690      1691      1707      1706      1958      1959      1975      1974         1
      1494      1691      1692      1708      1707      1959      1960      1976      1975         1
      1495      1692      1693      1709      1708      1960      1961      1977      1976         1
      1496      1693      1694      1710      1709      1961      1962      1978      1977         1
      1497      1694      1695      1711      1710      1962      1963      1979      1978         1
      1498      1695      1696      1712      1711      1963      1964      1980      1979         1
      1499      1696      1697      1713      1712      1964      1965      1981      1980         1
      1500      1697      1698      1714      1713      1965      1966      1982      1981         1
      1501      1698      1699      1715      1714      1966      1967      1983      1982         1
      1502      1699      1700      1716      1715      1967      1968      1984      1983         1
      1503      1700      1701      1717      1716      1968      1969      1985      1984         1
      1504      1701      1702      1718      1717      1969      1970      1986      1985         1
      1505      1702      1703      1719      1718      1970      1971      1987      1986         1
      1506      1703      1704      1720      1719      1971      1972      1988      1987         1
      1507      1705      1706      1722      1721      1973      1974      1990      1989         1
      1508      1706      1707      1723      1722      1974      1975      1991      1990         1
      1509      1707      1708      1724      1723      1975      1976      1992      1991         1
      1510      1708      1709      1725      1724      1976      1977      1993      1992         1
      1511      1709      1710      1726      1725      1977      1978      1994      1993         1
      1512      1710      1711      1727      1726      1978      1979      1995      1994         1
      1513      1711      1712      1728      1727      1979      1980      1996      1995         1
      1514      1712      1713      1729      1728      1980      1981      1997      1996         1
      1515      1713      1714      1730      1729      1981      1982      1998      1997         1
      1516      1714      1715      1731      1730      1982      1983      1999      1998         1
      1517      1715      1716      1732      1731      1983      1984      2000      1999         1
      1518      1716      1717      1733      1732      1984      1985      2001      2000         1
      1519      1717      1718      1734      1733      1985      1986      2002      2001         1
      1520      1718      1719      1735      1734      1986      1987      2003      2002         1
      1521      1719      1720      1736      1735      1987      1988      2004      2003         1
      1522      1721      1722      1738      1737      1989      1990      2006      2005         1
      1523      1722      1723      1739      1738      1990      1991      2007      2006         1
      1524      1723      1724      1740      1739      1991      1992      2008      2007         1
      1525      1724      1725      1741      1740      1992      1993      2009      2008         1
      1526      1725      1726      1742      1741      1993      1994      2010      2009         1
      1527      1726      1727      1743      1742      1994      1995      2011      2010         1
      1528      1727      1728      1744      1743      1995      1996      2012      2011         1
      1529      1729      1730      1746      1745      1997      1998      2014      2013         1
      1530      1730      1731      1747      1746      1998      1999      2015      2014         1
      1531      1731      1732      1748      1747      1999      2000      2016      2015         1
      1532      1732      1733      1749      1748      2000      2001      2017      2016         1
      1533      1733      1734      1750      1749      2001      2002      2018      2017         1
      1534      1734      1735      1751      1750      2002      2003      2019      2018         1
      1535      1735      1736      1752      1751      2003      2004      2020      2019         1
      1536      1737      1738      1754      1753      2005      2006      2022      2021         1
      1537      1738      1739      1755      1754      2006      2007      2023      2022         1
      1538      1739      1740      1756      1755      2007      2008      2024      2023         1
      1539      1740      1741      1757      1756      2008      2009      2025      2024         1
      1540      1741      1742      1758      1757      2009      2010      2026      2025         1
      1541      1742      1743      1759      1758      2010      2011      2027      2026         1
      1542      1743      1744      1760      1759      2011      2012      2028      2027         1
      1543      1744      1745      1761      1760      2012      2013      2029      2028         1
      1544      1745      1746      1762      1761      2013      2014      2030      2029         1
      1545      1746      1747      1763      1762      2014      2015      2031      2030         1
      1546      1747      1748      1764      1763      2015      2016      2032      2031         1
      1547      1748      1749      1765      1764      2016      2017      2033      2032         1
      1548      1749      1750      1766      1765      2017      2018      2034      2033         1
      1549      1750      1751      1767      1766      2018      2019      2035      2034         1
      1550      1751      1752      1768      1767      2019      2020      2036      2035         1
      1551      1753      1754      1770      1769      2021      2022      2038      2037         1
      1552      1754      1755      1771      1770      2022      2023      2039      2038         1
      1553      1755      1756      1772      1771      2023      2024      2040      2039         1
      1554      1756      1757      1773      1772      2024      2025      2041      2040         1
      1555      1757      1758      1774      1773      2025      2026      2042      2041         1
      1556      1758      1759      1775      1774      2026      2027      2043      2042         1
      1557      1759      1760      1776      1775      2027      2028      2044      2043         1
      1558      1760      1761      1777      1776      2028      2029      2045      2044         1
      1559      1761      1762      1778      1777      2029      2030      2046      2045         1
      1560      1762      1763      1779      1778      2030      2031      2047      2046         1
      1561      1763      1764      1780      1779      2031      2032      2048      2047         1
      1562      1764      1765      1781      1780      2032      2033      2049      2048         1
      1563      1765      1766      1782      1781      2033      2034      2050      2049         1
      1564      1766      1767      1783      1782      2034      2035      2051      2050         1
      1565      1767      1768      1784      1783      2035      2036      2052      2051         1
      1566      1769      1770      1786      1785      2037      2038      2054      2053         1
      1567      1770      1771      1787      1786      2038      2039      2055      2054         1
      1568      1771      1772      1788      1787      2039      2040      2056      2055         1
      1569      1772      1773      1789      1788      2040      2041      2057      2056         1
      1570      1773      1774      1790      1789      2041      2042      2058      2057         1
      1571      1774      1775      1791      1790      2042      2043      2059      2058         1
      1572      1775      1776      1792      1791      2043      2044      2060      2059         1
      1573      1776      1777      1793      1792      2044      2045      2061      2060         1
      1574      1777      1778      1794      1793      2045      2046      2062      2061         1
      1575      1778      1779      1795      1794      2046      2047      2063      2062         1
      1576      1779      1780      1796      1795      2047      2048      2064      2063         1
      1577      1780      1781      1797      1796      2048      2049      2065      2064         1
      1578      1781      1782      1798      1797      2049      2050      2066      2065         1
      1579      1782      1783      1799      1798      2050      2051      2067      2066         1
      1580      1783      1784      1800      1799      2051      2052      2068      2067         1
      1581      1785      1786      1802      1801      2053      2054      2070      2069         1
      1582      1786      1787      1803      1802      2054      2055      2071      2070         1
      1583      1787      1788      1804      1803      2055      2056      2072      2071         1
      1584      1788      1789      1805      1804      2056      2057      2073      2072         1
      1585      1789      1790      1806      1805      2057      2058      2074      2073         1
      1586      1790      1791      1807      1806      2058      2059      2075      2074         1
      1587      1791      1792      1808      1807      2059      2060      2076      2075         1
      1588      1792      1793      1809      1808      2060      2061      2077      2076         1
      1589      1793      1794      1810      1809      2061      2062      2078      2077         1
      1590      1794      1795      1811      1810      2062      2063      2079      2078         1
      1591      1795      1796      1812      1811      2063      2064      2080      2079         1
      1592      1796      1797      1813      1812      2064      2065      2081      2080         1
      1593      1797      1798      1814      1813      2065      2066      2082      2081         1
      1594      1798      1799      1815      1814      2066      2067      2083      2082         1
      1595      1799      1800      1816      1815      2067      2068      2084      2083         1
      1596      1801      1802      1818      1817      2069      2070      2086      2085         1
      1597      1802      1803      1819      1818      2070      2071      2087      2086         1
      1598      1803      1804      1820      1819      2071      2072      2088      2087         1
      1599      1804      1805      1821      1820      2072      2073      2089      2088         1
      1600      1805      1806      1822      1821      2073      2074      2090      2089         1
      1601      1806      1807      1823      1822      2074      2075      2091      2090         1
      1602      1807      1808      1824      1823      2075      2076      2092      2091         1
      1603      1808      1809      1825      1824      2076      2077      2093      2092         1
      1604      1809      1810      1826      1825      2077      2078      2094      2093         1
      1605      1810      1811      1827      1826      2078      2079      2095      2094         1
      1606      1811      1812      1828      1827      2079      2080      2096      2095         1
      1607      1812      1813      1829      1828      2080      2081      2097      2096         1
      1608      1813      1814      1830      1829      2081      2082      2098      2097         1
      1609      1814      1815      1831      1830      2082      2083      2099      2098         1
      1610      1815      1816      1832      1831      2083      2084      2100      2099         1
      1611      1817      1818      1834      1833      2085      2086      2102      2101         1
      1612      1818      1819      1835      1834      2086      2087      2103      2102         1
      1613      1819      1820      1836      1835      2087      2088      2104      2103         1
      1614      1820      1821      1837      1836      2088      2089      2105      2104         1
      1615      1821      1822      1838      1837      2089      2090      2106      2105         1
      1616      1822      1823      1839      1838      2090      2091      2107      2106         1
      1617      1823      1824      1840      1839      2091      2092      2108      2107         1
      1618      1824      1825      1841      1840      2092      2093      2109      2108         1
      1619      1825      1826      1842      1841      2093      2094      2110      2109         1
      1620      1826      1827      1843      1842      2094      2095      2111      2110         1
      1621      1827      1828      1844      1843      2095      2096      2112      2111         1
      1622      1828      1829      1845      1844      2096      2097      2113      2112         1
      1623      1829      1830      1846      1845      2097      2098      2114      2113         1
      1624      1830      1831      1847      1846      2098      2099      2115      2114         1
      1625      1831      1832      1848      1847      2099      2100      2116      2115         1
      1626      1833      1834      1850      1849      2101      2102      2118      2117         1
      1627      1834      1835      1851      1850      2102      2103      2119      2118         1
      1628      1835      1836      1852      1851      2103      2104      2120      2119         1
      1629      1836      1837      1853      1852      2104      2105      2121      2120         1
      1630      1837      1838      1854      1853      2105      2106      2122      2121         1
      1631      1838      1839      1855      1854      2106      2107      2123      2122         1
      1632      1839      1840      1856      1855      2107      2108      2124      2123         1
      1633      1840      1841      1857      1856      2108      2109      2125      2124         1
      1634      1841      1842      1858      1857      2109      2110      2126      2125         1
      1635      1842      1843      1859      1858      2110      2111      2127      2126         1
      1636      1843      1844      1860      1859      2111      2112      2128      2127         1
      1637      1844      1845      1861      1860      2112      2113      2129      2128         1
      1638      1845      1846      1862      1861      2113      2114      2130      2129         1
      1639      1846      1847      1863      1862      2114      2115      2131      2130         1
      1640      1847      1848      1864      1863      2115      2116      2132      2131         1
      1641      1869      1870      1866      1865      2137      2138      2134      2133         1
      1642      1870      1871      1867      1866      2138      2139      2135      2134         1
      1643      1871      1872      1868      1867      2139      2140      2136      2135         1
      1644      1872      1869      1865      1868      2140      2137      2133      2136         1
      1645      1873      1874      1870      1869      2141      2142      2138      2137         1
      1646      1874      1875      1871      1870      2142      2143      2139      2138         1
      1647      1875      1876      1872      1871      2143      2144      2140      2139         1
      1648      1876      1873      1869      1872      2144      2141      2137      2140         1
      1649      1728      1729      1874      1873      1996      1997      2142      2141         1
      1650      1729      1745      1875      1874      1997      2013      2143      2142         1
      1651      1745      1744      1876      1875      2013      2012      2144      2143         1
      1652      1744      1728      1873      1876      2012      1996      2141      2144         1
      1653      1877      1878      1894      1893      2145      2146      2162      2161         1
      1654      1878      1879      1895      1894      2146      2147      2163      2162         1
      1655      1879      1880      1896      1895      2147      2148      2164      2163         1
      1656      1880      1881      1897      1896      2148      2149      2165      2164         1
      1657      1881      1882      1898      1897      2149      2150      2166      2165         1
      1658      1882      1883      1899      1898      2150      2151      2167      2166         1
      1659      1883      1884      1900      1899      2151      2152      2168      2167         1
      1660      1884      1885      1901      1900      2152      2153      2169      2168         1
      1661      1885      1886      1902      1901      2153      2154      2170      2169         1
      1662      1886      1887      1903      1902      2154      2155      2171      2170         1
      1663      1887      1888      1904      1903      2155      2156      2172      2171         1
      1664      1888      1889      1905      1904      2156      2157      2173      2172         1
      1665      1889      1890      1906      1905      2157      2158      2174      2173         1
      1666      1890      1891      1907      1906      2158      2159      2175      2174         1
      1667      1891      1892      1908      1907      2159      2160      2176      2175         1
      1668      1893      1894      1910      1909      2161      2162      2178      2177         1
      1669      1894      1895      1911      1910      2162      2163      2179      2178         1
      1670      1895      1896      1912      1911      2163      2164      2180      2179         1
      1671      1896      1897      1913      1912      2164      2165      2181      2180         1
      1672      1897      1898      1914      1913      2165      2166      2182      2181         1
      1673      1898      1899      1915      1914      2166      2167      2183      2182         1
      1674      1899      1900      1916      1915      2167      2168      2184      2183         1
      1675      1900      1901      1917      1916      2168      2169      2185      2184         1
      1676      1901      1902      1918      1917      2169      2170      2186      2185         1
      1677      1902      1903      1919      1918      2170      2171      2187      2186         1
      1678      1903      1904      1920      1919      2171      2172      2188      2187         1
      1679      1904      1905      1921      1920      2172      2173      2189      2188         1
      1680      1905      1906      1922      1921      2173      2174      2190      2189         1
      1681      1906      1907      1923      1922      2174      2175      2191      2190         1
      1682      1907      1908      1924      1923      2175      2176      2192      2191         1
      1683      1909      1910      1926      1925      2177      2178      2194      2193         1
      1684      1910      1911      1927      1926      2178      2179      2195      2194         1
      1685      1911      1912      1928      1927      2179      2180      2196      2195         1
      1686      1912      1913      1929      1928      2180      2181      2197      2196         1
      1687      1913      1914      1930      1929      2181      2182      2198      2197         1
      1688      1914      1915      1931      1930      2182      2183      2199      2198         1
      1689      1915      1916      1932      1931      2183      2184      2200      2199         1
      1690      1916      1917      1933      1932      2184      2185      2201      2200         1
      1691      1917      1918      1934      1933      2185      2186      2202      2201         1
      1692      1918      1919      1935      1934      2186      2187      2203      2202         1
      1693      1919      1920      1936      1935      2187      2188      2204      2203         1
      1694      1920      1921      1937      1936      2188      2189      2205      2204         1
      1695      1921      1922      1938      1937      2189      2190      2206      2205         1
      1696      1922      1923      1939      1938      2190      2191      2207      2206         1
      1697      1923      1924      1940      1939      2191      2192      2208      2207         1
      1698      1925      1926      1942      1941      2193      2194      2210      2209         1
      1699      1926      1927      1943      1942      2194      2195      2211      2210         1
      1700      1927      1928      1944      1943      2195      2196      2212      2211         1
      1701      1928      1929      1945      1944      2196      2197      2213      2212         1
      1702      1929      1930      1946      1945      2197      2198      2214      2213         1
      1703      1930      1931      1947      1946      2198      2199      2215      2214         1
      1704      1931      1932      1948      1947      2199      2200      2216      2215         1
      1705      1932      1933      1949      1948      2200      2201      2217      2216         1
      1706      1933      1934      1950      1949      2201      2202      2218      2217         1
      1707      1934      1935      1951      1950      2202      2203      2219      2218         1
      1708      1935      1936      1952      1951      2203      2204      2220      2219         1
      1709      1936      1937      1953      1952      2204      2205      2221      2220         1
      1710      1937      1938      1954      1953      2205      2206      2222      2221         1
      1711      1938      1939      1955      1954      2206      2207      2223      2222         1
      1712      1939      1940      1956      1955      2207      2208      2224      2223         1
      1713      1941      1942      1958      1957      2209      2210      2226      2225         1
      1714      1942      1943      1959      1958      2210      2211      2227      2226         1
      1715      1943      1944      1960      1959      2211      2212      2228      2227         1
      1716      1944      1945      1961      1960      2212      2213      2229      2228         1
      1717      1945      1946      1962      1961      2213      2214      2230      2229         1
      1718      1946      1947      1963      1962      2214      2215      2231      2230         1
      1719      1947      1948      1964      1963      2215      2216      2232      2231         1
      1720      1948      1949      1965      1964      2216      2217      2233      2232         1
      1721      1949      1950      1966      1965      2217      2218      2234      2233         1
      1722      1950      1951      1967      1966      2218      2219      2235      2234         1
      1723      1951      1952      1968      1967      2219      2220      2236      2235         1
      1724      1952      1953      1969      1968      2220      2221      2237      2236         1
      1725      1953      1954      1970      1969      2221      2222      2238      2237         1
      1726      1954      1955      1971      1970      2222      2223      2239      2238         1
      1727      1955      1956      1972      1971      2223      2224      2240      2239         1
      1728      1957      1958      1974      1973      2225      2226      2242      2241         1
      1729      1958      1959      1975      1974      2226      2227      2243      2242         1
      1730      1959      1960      1976      1975      2227      2228      2244      2243         1
      1731      1960      1961      1977      1976      2228      2229      2245      2244         1
      1732      1961      1962      1978      1977      2229      2230      2246      2245         1
      1733      1962      1963      1979      1978      2230      2231      2247      2246         1
      1734      1963      1964      1980      1979      2231      2232      2248      2247         1
      1735      1964      1965      1981      1980      2232      2233      2249      2248         1
      1736      1965      1966      1982      1981      2233      2234      2250      2249         1
      1737      1966      1967      1983      1982      2234      2235      2251      2250         1
      1738      1967      1968      1984      1983      2235      2236      2252      2251         1
      1739      1968      1969      1985      1984      2236      2237      2253      2252         1
      1740      1969      1970      1986      1985      2237      2238      2254      2253         1
      1741      1970      1971      1987      1986      2238      2239      2255      2254         1
      1742      1971      1972      1988      1987      2239      2240      2256      2255         1
      1743      1973      1974      1990      1989      2241      2242      2258      2257         1
      1744      1974      1975      1991      1990      2242      2243      2259      2258         1
      1745      1975      1976      1992      1991      2243      2244      2260      2259         1
      1746      1976      1977      1993      1992      2244      2245      2261      2260         1
      1747      1977      1978      1994      1993      2245      2246      2262      2261         1
      1748      1978      1979      1995      1994      2246      2247      2263      2262         1
      1749      1979      1980      1996      1995      2247      2248      2264      2263         1
      1750      1980      1981      1997      1996      2248      2249      2265      2264         1
      1751      1981      1982      1998      1997      2249      2250      2266      2265         1
      1752      1982      1983      1999      1998      2250      2251      2267      2266         1
      1753      1983      1984      2000      1999      2251      2252      2268      2267         1
      1754      1984      1985      2001      2000      2252      2253      2269      2268         1
      1755      1985      1986      2002      2001      2253      2254      2270      2269         1
      1756      1986      1987      2003      2002      2254      2255      2271      2270         1
      1757      1987      1988      2004      2003      2255      2256      2272      2271         1
      1758      1989      1990      2006      2005      2257      2258      2274      2273         1
      1759      1990      1991      2007      2006      2258      2259      2275      2274         1
      1760      1991      1992      2008      2007      2259      2260      2276      2275         1
      1761      1992      1993      2009      2008      2260      2261      2277      2276         1
      1762      1993      1994      2010      2009      2261      2262      2278      2277         1
      1763      1994      1995      2011      2010      2262      2263      2279      2278         1
      1764      1995      1996      2012      2011      2263      2264      2280      2279         1
      1765      1997      1998      2014      2013      2265      2266      2282      2281         1
      1766      1998      1999      2015      2014      2266      2267      2283      2282         1
      1767      1999      2000      2016      2015      2267      2268      2284      2283         1
      1768      2000      2001      2017      2016      2268      2269      2285      2284         1
      1769      2001      2002      2018      2017      2269      2270      2286      2285         1
      1770      2002      2003      2019      2018      2270      2271      2287      2286         1
      1771      2003      2004      2020      2019      2271      2272      2288      2287         1
      1772      2005      2006      2022      2021      2273      2274      2290      2289         1
      1773      2006      2007      2023      2022      2274      2275      2291      2290         1
      1774      2007      2008      2024      2023      2275      2276      2292      2291         1
      1775      2008      2009      2025      2024      2276      2277      2293      2292         1
      1776      2009      2010      2026      2025      2277      2278      2294      2293         1
      1777      2010      2011      2027      2026      2278      2279      2295      2294         1
      1778      2011      2012      2028      2027      2279      2280      2296      2295         1
      1779      2012      2013      2029      2028      2280      2281      2297      2296         1
      1780      2013      2014      2030      2029      2281      2282      2298      2297         1
      1781      2014      2015      2031      2030      2282      2283      2299      2298         1
      1782      2015      2016      2032      2031      2283      2284      2300      2299         1
      1783      2016      2017      2033      2032      2284      2285      2301      2300         1
      1784      2017      2018      2034      2033      2285      2286      2302      2301         1
      1785      2018      2019      2035      2034      2286      2287      2303      2302         1
      1786      2019      2020      2036      2035      2287      2288      2304      2303         1
      1787      2021      2022      2038      2037      2289      2290      2306      2305         1
      1788      2022      2023      2039      2038      2290      2291      2307      2306         1
      1789      2023      2024      2040      2039      2291      2292      2308      2307         1
      1790      2024      2025      2041      2040      2292      2293      2309      2308         1
      1791      2025      2026      2042      2041      2293      2294      2310      2309         1
      1792      2026      2027      2043      2042      2294      2295      2311      2310         1
      1793      2027      2028      2044      2043      2295      2296      2312      2311         1
      1794      2028      2029      2045      2044      2296      2297      2313      2312         1
      1795      2029      2030      2046      2045      2297      2298      2314      2313         1
      1796      2030      2031      2047      2046      2298      2299      2315      2314         1
      1797      2031      2032      2048      2047      2299      2300      2316      2315         1
      1798      2032      2033      2049      2048      2300      2301      2317      2316         1
      1799      2033      2034      2050      2049      2301      2302      2318      2317         1
      1800      2034      2035      2051      2050      2302      2303      2319      2318         1
      1801      2035      2036      2052      2051      2303      2304      2320      2319         1
      1802      2037      2038      2054      2053      2305      2306      2322      2321         1
      1803      2038      2039      2055      2054      2306      2307      2323      2322         1
      1804      2039      2040      2056      2055      2307      2308      2324      2323         1
      1805      2040      2041      2057      2056      2308      2309      2325      2324         1
      1806      2041      2042      2058      2057      2309      2310      2326      2325         1
      1807      2042      2043      2059      2058      2310      2311      2327      2326         1
      1808      2043      2044      2060      2059      2311      2312      2328      2327         1
      1809      2044      2045      2061      2060      2312      2313      2329      2328         1
      1810      2045      2046      2062      2061      2313      2314      2330      2329         1
      1811      2046      2047      2063      2062      2314      2315      2331      2330         1
      1812      2047      2048      2064      2063      2315      2316      2332      2331         1
      1813      2048      2049      2065      2064      2316      2317      2333      2332         1
      1814      2049      2050      2066      2065      2317      2318      2334      2333         1
      1815      2050      2051      2067      2066      2318      2319      2335      2334         1
      1816      2051      2052      2068      2067      2319      2320      2336      2335         1
      1817      2053      2054      2070      2069      2321      2322      2338      2337         1
      1818      2054      2055      2071      2070      2322      2323      2339      2338         1
      1819      2055      2056      2072      2071      2323      2324      2340      2339         1
      1820      2056      2057      2073      2072      2324      2325      2341      2340         1
      1821      2057      2058      2074      2073      2325      2326      2342      2341         1
      1822      2058      2059      2075      2074      2326      2327      2343      2342         1
      1823      2059      2060      2076      2075      2327      2328      2344      2343         1
      1824      2060      2061      2077      2076      2328      2329      2345      2344         1
      1825      2061      2062      2078      2077      2329      2330      2346      2345         1
      1826      2062      2063      2079      2078      2330      2331      2347      2346         1
      1827      2063      2064      2080      2079      2331      2332      2348      2347         1
      1828      2064      2065      2081      2080      2332      2333      2349      2348         1
      1829      2065      2066      2082      2081      2333      2334      2350      2349         1
      1830      2066      2067      2083      2082      2334      2335      2351      2350         1
      1831      2067      2068      2084      2083      2335      2336      2352      2351         1
      1832      2069      2070      2086      2085      2337      2338      2354      2353         1
      1833      2070      2071      2087      2086      2338      2339      2355      2354         1
      1834      2071      2072      2088      2087      2339      2340      2356      2355         1
      1835      2072      2073      2089      2088      2340      2341      2357      2356         1
      1836      2073      2074      2090      2089      2341      2342      2358      2357         1
      1837      2074      2075      2091      2090      2342      2343      2359      2358         1
      1838      2075      2076      2092      2091      2343      2344      2360      2359         1
      1839      2076      2077      2093      2092      2344      2345      2361      2360         1
      1840      2077      2078      2094      2093      2345      2346      2362      2361         1
      1841      2078      2079      2095      2094      2346      2347      2363      2362         1
      1842      2079      2080      2096      2095      2347      2348      2364      2363         1
      1843      2080      2081      2097      2096      2348      2349      2365      2364         1
      1844      2081      2082      2098      2097      2349      2350      2366      2365         1
      1845      2082      2083      2099      2098      2350      2351      2367      2366         1
      1846      2083      2084      2100      2099      2351      2352      2368      2367         1
      1847      2085      2086      2102      2101      2353      2354      2370      2369         1
      1848      2086      2087      2103      2102      2354      2355      2371      2370         1
      1849      2087      2088      2104      2103      2355      2356      2372      2371         1
      1850      2088      2089      2105      2104      2356      2357      2373      2372         1
      1851      2089      2090      2106      2105      2357      2358      2374      2373         1
      1852      2090      2091      2107      2106      2358      2359      2375      2374         1
      1853      2091      2092      2108      2107      2359      2360      2376      2375         1
      1854      2092      2093      2109      2108      2360      2361      2377      2376         1
      1855      2093      2094      2110      2109      2361      2362      2378      2377         1
      1856      2094      2095      2111      2110      2362      2363      2379      2378         1
      1857      2095      2096      2112      2111      2363      2364      2380      2379         1
      1858      2096      2097      2113      2112      2364      2365      2381      2380         1
      1859      2097      2098      2114      2113      2365      2366      2382      2381         1
      1860      2098      2099      2115      2114      2366      2367      2383      2382         1
      1861      2099      2100      2116      2115      2367      2368      2384      2383         1
      1862      2101      2102      2118      2117      2369      2370      2386      2385         1
      1863      2102      2103      2119      2118      2370      2371      2387      2386         1
      1864      2103      2104      2120      2119      2371      2372      2388      2387         1
      1865      2104      2105      2121      2120      2372      2373      2389      2388         1
      1866      2105      2106      2122      2121      2373      2374      2390      2389         1
      1867      2106      2107      2123      2122      2374      2375      2391      2390         1
      1868      2107      2108      2124      2123      2375      2376      2392      2391         1
      1869      2108      2109      2125      2124      2376      2377      2393      2392         1
      1870      2109      2110      2126      2125      2377      2378      2394      2393         1
      1871      2110      2111      2127      2126      2378      2379      2395      2394         1
      1872      2111      2112      2128      2127      2379      2380      2396      2395         1
      1873      2112      2113      2129      2128      2380      2381      2397      2396         1
      1874      2113      2114      2130      2129      2381      2382      2398      2397         1
      1875      2114      2115      2131      2130      2382      2383      2399      2398         1
      1876      2115      2116      2132      2131      2383      2384      2400      2399         1
      1877      2137      2138      2134      2133      2405      2406      2402      2401         1
      1878      2138      2139      2135      2134      2406      2407      2403      2402         1
      1879      2139      2140      2136      2135      2407      2408      2404      2403         1
      1880      2140      2137      2133      2136      2408      2405      2401      2404         1
      1881      2141      2142      2138      2137      2409      2410      2406      2405         1
      1882      2142      2143      2139      2138      2410      2411      2407      2406         1
      1883      2143      2144      2140      2139      2411      2412      2408      2407         1
      1884      2144      2141      2137      2140      2412      2409      2405      2408         1
      1885      1996      1997      2142      2141      2264      2265      2410      2409         1
      1886      1997      2013      2143      2142      2265      2281      2411      2410         1
      1887      2013      2012      2144      2143      2281      2280      2412      2411         1
      1888      2012      1996      2141      2144      2280      2264      2409      2412         1
      1889      2145      2146      2162      2161      2413      2414      2430      2429         1
      1890      2146      2147      2163      2162      2414      2415      2431      2430         1
      1891      2147      2148      2164      2163      2415      2416      2432      2431         1
      1892      2148      2149      2165      2164      2416      2417      2433      2432         1
      1893      2149      2150      2166      2165      2417      2418      2434      2433         1
      1894      2150      2151      2167      2166      2418      2419      2435      2434         1
      1895      2151      2152      2168      2167      2419      2420      2436      2435         1
      1896      2152      2153      2169      2168      2420      2421      2437      2436         1
      1897      2153      2154      2170      2169      2421      2422      2438      2437         1
      1898      2154      2155      2171      2170      2422      2423      2439      2438         1
      1899      2155      2156      2172      2171      2423      2424      2440      2439         1
      1900      2156      2157      2173      2172      2424      2425      2441      2440         1
      1901      2157      2158      2174      2173      2425      2426      2442      2441         1
      1902      2158      2159      2175      2174      2426      2427      2443      2442         1
      1903      2159      2160      2176      2175      2427      2428      2444      2443         1
      1904      2161      2162      2178      2177      2429      2430      2446      2445         1
      1905      2162      2163      2179      2178      2430      2431      2447      2446         1
      1906      2163      2164      2180      2179      2431      2432      2448      2447         1
      1907      2164      2165      2181      2180      2432      2433      2449      2448         1
      1908      2165      2166      2182      2181      2433      2434      2450      2449         1
      1909      2166      2167      2183      2182      2434      2435      2451      2450         1
      1910      2167      2168      2184      2183      2435      2436      2452      2451         1
      1911      2168      2169      2185      2184      2436      2437      2453      2452         1
      1912      2169      2170      2186      2185      2437      2438      2454      2453         1
      1913      2170      2171      2187      2186      2438      2439      2455      2454         1
      1914      2171      2172      2188      2187      2439      2440      2456      2455         1
      1915      2172      2173      2189      2188      2440      2441      2457      2456         1
      1916      2173      2174      2190      2189      2441      2442      2458      2457         1
      1917      2174      2175      2191      2190      2442      2443      2459      2458         1
      1918      2175      2176      2192      2191      2443      2444      2460      2459         1
      1919      2177      2178      2194      2193      2445      2446      2462      2461         1
      1920      2178      2179      2195      2194      2446      2447      2463      2462         1
      1921      2179      2180      2196      2195      2447      2448      2464      2463         1
      1922      2180      2181      2197      2196      2448      2449      2465      2464         1
      1923      2181      2182      2198      2197      2449      2450      2466      2465         1
      1924      2182      2183      2199      2198      2450      2451      2467      2466         1
      1925      2183      2184      2200      2199      2451      2452      2468      2467         1
      1926      2184      2185      2201      2200      2452      2453      2469      2468         1
      1927      2185      2186      2202      2201      2453      2454      2470      2469         1
      1928      2186      2187      2203      2202      2454      2455      2471      2470         1
      1929      2187      2188      2204      2203      2455      2456      2472      2471         1
      1930      2188      2189      2205      2204      2456      2457      2473      2472         1
      1931      2189      2190      2206      2205      2457      2458      2474      2473         1
      1932      2190      2191      2207      2206      2458      2459      2475      2474         1
      1933      2191      2192      2208      2207      2459      2460      2476      2475         1
      1934      2193      2194      2210      2209      2461      2462      2478      2477         1
      1935      2194      2195      2211      2210      2462      2463      2479      2478         1
      1936      2195      2196      2212      2211      2463      2464      2480      2479         1
      1937      2196      2197      2213      2212      2464      2465      2481      2480         1
      1938      2197      2198      2214      2213      2465      2466      2482      2481         1
      1939      2198      2199      2215      2214      2466      2467      2483      2482         1
      1940      2199      2200      2216      2215      2467      2468      2484      2483         1
      1941      2200      2201      2217      2216      2468      2469      2485      2484         1
      1942      2201      2202      2218      2217      2469      2470      2486      2485         1
      1943      2202      2203      2219      2218      2470      2471      2487      2486         1
      1944      2203      2204      2220      2219      2471      2472      2488      2487         1
      1945      2204      2205      2221      2220      2472      2473      2489      2488         1
      1946      2205      2206      2222      2221      2473      2474      2490      2489         1
      1947      2206      2207      2223      2222      2474      2475      2491      2490         1
      1948      2207      2208      2224      2223      2475      2476      2492      2491         1
      1949      2209      2210      2226      2225      2477      2478      2494      2493         1
      1950      2210      2211      2227      2226      2478      2479      2495      2494         1
      1951      2211      2212      2228      2227      2479      2480      2496      2495         1
      1952      2212      2213      2229      2228      2480      2481      2497      2496         1
      1953      2213      2214      2230      2229      2481      2482      2498      2497         1
      1954      2214      2215      2231      2230      2482      2483      2499      2498         1
      1955      2215      2216      2232      2231      2483      2484      2500      2499         1
      1956      2216      2217      2233      2232      2484      2485      2501      2500         1
      1957      2217      2218      2234      2233      2485      2486      2502      2501         1
      1958      2218      2219      2235      2234      2486      2487      2503      2502         1
      1959      2219      2220      2236      2235      2487      2488      2504      2503         1
      1960      2220      2221      2237      2236      2488      2489      2505      2504         1
      1961      2221      2222      2238      2237      2489      2490      2506      2505         1
      1962      2222      2223      2239      2238      2490      2491      2507      2506         1
      1963      2223      2224      2240      2239      2491      2492      2508      2507         1
      1964      2225      2226      2242      2241      2493      2494      2510      2509         1
      1965      2226      2227      2243      2242      2494      2495      2511      2510         1
      1966      2227      2228      2244      2243      2495      2496      2512      2511         1
      1967      2228      2229      2245      2244      2496      2497      2513      2512         1
      1968      2229      2230      2246      2245      2497      2498      2514      2513         1
      1969      2230      2231      2247      2246      2498      2499      2515      2514         1
      1970      2231      2232      2248      2247      2499      2500      2516      2515         1
      1971      2232      2233      2249      2248      2500      2501      2517      2516         1
      1972      2233      2234      2250      2249      2501      2502      2518      2517         1
      1973      2234      2235      2251      2250      2502      2503      2519      2518         1
      1974      2235      2236      2252      2251      2503      2504      2520      2519         1
      1975      2236      2237      2253      2252      2504      2505      2521      2520         1
      1976      2237      2238      2254      2253      2505      2506      2522      2521         1
      1977      2238      2239      2255      2254      2506      2507      2523      2522         1
      1978      2239      2240      2256      2255      2507      2508      2524      2523         1
      1979      2241      2242      2258      2257      2509      2510      2526      2525         1
      1980      2242      2243      2259      2258      2510      2511      2527      2526         1
      1981      2243      2244      2260      2259      2511      2512      2528      2527         1
      1982      2244      2245      2261      2260      2512      2513      2529      2528         1
      1983      2245      2246      2262      2261      2513      2514      2530      2529         1
      1984      2246      2247      2263      2262      2514      2515      2531      2530         1
      1985      2247      2248      2264      2263      2515      2516      2532      2531         1
      1986      2248      2249      2265      2264      2516      2517      2533      2532         1
      1987      2249      2250      2266      2265      2517      2518      2534      2533         1
      1988      2250      2251      2267      2266      2518      2519      2535      2534         1
      1989      2251      2252      2268      2267      2519      2520      2536      2535         1
      1990      2252      2253      2269      2268      2520      2521      2537      2536         1
      1991      2253      2254      2270      2269      2521      2522      2538      2537         1
      1992      2254      2255      2271      2270      2522      2523      2539      2538         1
      1993      2255      2256      2272      2271      2523      2524      2540      2539         1
      1994      2257      2258      2274      2273      2525      2526      2542      2541         1
      1995      2258      2259      2275      2274      2526      2527      2543      2542         1
      1996      2259      2260      2276      2275      2527      2528      2544      2543         1
      1997      2260      2261      2277      2276      2528      2529      2545      2544         1
      1998      2261      2262      2278      2277      2529      2530      2546      2545         1
      1999      2262      2263      2279      2278      2530      2531      2547      2546         1
      2000      2263      2264      2280      2279      2531      2532      2548      2547         1
      2001      2265      2266      2282      2281      2533      2534      2550      2549         1
      2002      2266      2267      2283      2282      2534      2535      2551      2550         1
      2003      2267      2268      2284      2283      2535      2536      2552      2551         1
      2004      2268      2269      2285      2284      2536      2537      2553      2552         1
      2005      2269      2270      2286      2285      2537      2538      2554      2553         1
      2006      2270      2271      2287      2286      2538      2539      2555      2554         1
      2007      2271      2272      2288      2287      2539      2540      2556      2555         1
      2008      2273      2274      2290      2289      2541      2542      2558      2557         1
      2009      2274      2275      2291      2290      2542      2543      2559      2558         1
      2010      2275      2276      2292      2291      2543      2544      2560      2559         1
      2011      2276      2277      2293      2292      2544      2545      2561      2560         1
      2012      2277      2278      2294      2293      2545      2546      2562      2561         1
      2013      2278      2279      2295      2294      2546      2547      2563      2562         1
      2014      2279      2280      2296      2295      2547      2548      2564      2563         1
      2015      2280      2281      2297      2296      2548      2549      2565      2564         1
      2016      2281      2282      2298      2297      2549      2550      2566      2565         1
      2017      2282      2283      2299      2298      2550      2551      2567      2566         1
      2018      2283      2284      2300      2299      2551      2552      2568      2567         1
      2019      2284      2285      2301      2300      2552      2553      2569      2568         1
      2020      2285      2286      2302      2301      2553      2554      2570      2569         1
      2021      2286      2287      2303      2302      2554      2555      2571      2570         1
      2022      2287      2288      2304      2303      2555      2556      2572      2571         1
      2023      2289      2290      2306      2305      2557      2558      2574      2573         1
      2024      2290      2291      2307      2306      2558      2559      2575      2574         1
      2025      2291      2292      2308      2307      2559      2560      2576      2575         1
      2026      2292      2293      2309      2308      2560      2561      2577      2576         1
      2027      2293      2294      2310      2309      2561      2562      2578      2577         1
      2028      2294      2295      2311      2310      2562      2563      2579      2578         1
      2029      2295      2296      2312      2311      2563      2564      2580      2579         1
      2030      2296      2297      2313      2312      2564      2565      2581      2580         1
      2031      2297      2298      2314      2313      2565      2566      2582      2581         1
      2032      2298      2299      2315      2314      2566      2567      2583      2582         1
      2033      2299      2300      2316      2315      2567      2568      2584      2583         1
      2034      2300      2301      2317      2316      2568      2569      2585      2584         1
      2035      2301      2302      2318      2317      2569      2570      2586      2585         1
      2036      2302      2303      2319      2318      2570      2571      2587      2586         1
      2037      2303      2304      2320      2319      2571      2572      2588      2587         1
      2038      2305      2306      2322      2321      2573      2574      2590      2589         1
      2039      2306      2307      2323      2322      2574      2575      2591      2590         1
      2040      2307      2308      2324      2323      2575      2576      2592      2591         1
      2041      2308      2309      2325      2324      2576      2577      2593      2592         1
      2042      2309      2310      2326      2325      2577      2578      2594      2593         1
      2043      2310      2311      2327      2326      2578      2579      2595      2594         1
      2044      2311      2312      2328      2327      2579      2580      2596      2595         1
      2045      2312      2313      2329      2328      2580      2581      2597      2596         1
      2046      2313      2314      2330      2329      2581      2582      2598      2597         1
      2047      2314      2315      2331      2330      2582      2583      2599      2598         1
      2048      2315      2316      2332      2331      2583      2584      2600      2599         1
      2049      2316      2317      2333      2332      2584      2585      2601      2600         1
      2050      2317      2318      2334      2333      2585      2586      2602      2601         1
      2051      2318      2319      2335      2334      2586      2587      2603      2602         1
      2052      2319      2320      2336      2335      2587      2588      2604      2603         1
      2053      2321      2322      2338      2337      2589      2590      2606      2605         1
      2054      2322      2323      2339      2338      2590      2591      2607      2606         1
      2055      2323      2324      2340      2339      2591      2592      2608      2607         1
      2056      2324      2325      2341      2340      2592      2593      2609      2608         1
      2057      2325      2326      2342      2341      2593      2594      2610      2609         1
      2058      2326      2327      2343      2342      2594      2595      2611      2610         1
      2059      2327      2328      2344      2343      2595      2596      2612      2611         1
      2060      2328      2329      2345      2344      2596      2597      2613      2612         1
      2061      2329      2330      2346      2345      2597      2598      2614      2613         1
      2062      2330      2331      2347      2346      2598      2599      2615      2614         1
      2063      2331      2332      2348      2347      2599      2600      2616      2615         1
      2064      2332      2333      2349      2348      2600      2601      2617      2616         1
      2065      2333      2334      2350      2349      2601      2602      2618      2617         1
      2066      2334      2335      2351      2350      2602      2603      2619      2618         1
      2067      2335      2336      2352      2351      2603      2604      2620      2619         1
      2068      2337      2338      2354      2353      2605      2606      2622      2621         1
      2069      2338      2339      2355      2354      2606      2607      2623      2622         1
      2070      2339      2340      2356      2355      2607      2608      2624      2623         1
      2071      2340      2341      2357      2356      2608      2609      2625      2624         1
      2072      2341      2342      2358      2357      2609      2610      2626      2625         1
      2073      2342      2343      2359      2358      2610      2611      2627      2626         1
      2074      2343      2344      2360      2359      2611      2612      2628      2627         1
      2075      2344      2345      2361      2360      2612      2613      2629      2628         1
      2076      2345      2346      2362      2361      2613      2614      2630      2629         1
      2077      2346      2347      2363      2362      2614      2615      2631      2630         1
      2078      2347      2348      2364      2363      2615      2616      2632      2631         1
      2079      2348      2349      2365      2364      2616      2617      2633      2632         1
      2080      2349      2350      2366      2365      2617      2618      2634      2633         1
      2081      2350      2351      2367      2366      2618      2619      2635      2634         1
      2082      2351      2352      2368      2367      2619      2620      2636      2635         1
      2083      2353      2354      2370      2369      2621      2622      2638      2637         1
      2084      2354      2355      2371      2370      2622      2623      2639      2638         1
      2085      2355      2356      2372      2371      2623      2624      2640      2639         1
      2086      2356      2357      2373      2372      2624      2625      2641      2640         1
      2087      2357      2358      2374      2373      2625      2626      2642      2641         1
      2088      2358      2359      2375      2374      2626      2627      2643      2642         1
      2089      2359      2360      2376      2375      2627      2628      2644      2643         1
      2090      2360      2361      2377      2376      2628      2629      2645      2644         1
      2091      2361      2362      2378      2377      2629      2630      2646      2645         1
      2092      2362      2363      2379      2378      2630      2631      2647      2646         1
      2093      2363      2364      2380      2379      2631      2632      2648      2647         1
      2094      2364      2365      2381      2380      2632      2633      2649      2648         1
      2095      2365      2366      2382      2381      2633      2634      2650      2649         1
      2096      2366      2367      2383      2382      2634      2635      2651      2650         1
      2097      2367      2368      2384      2383      2635      2636      2652      2651         1
      2098      2369      2370      2386      2385      2637      2638      2654      2653         1
      2099      2370      2371      2387      2386      2638      2639      2655      2654         1
      2100      2371      2372      2388      2387      2639      2640      2656      2655         1
      2101      2372      2373      2389      2388      2640      2641      2657      2656         1
      2102      2373      2374      2390      2389      2641      2642      2658      2657         1
      2103      2374      2375      2391      2390      2642      2643      2659      2658         1
      2104      2375      2376      2392      2391      2643      2644      2660      2659         1
      2105      2376      2377      2393      2392      2644      2645      2661      2660         1
      2106      2377      2378      2394      2393      2645      2646      2662      2661         1
      2107      2378      2379      2395      2394      2646      2647      2663      2662         1
      2108      2379      2380      2396      2395      2647      2648      2664      2663         1
      2109      2380      2381      2397      2396      2648      2649      2665      2664         1
      2110      2381      2382      2398      2397      2649      2650      2666      2665         1
      2111      2382      2383      2399      2398      2650      2651      2667      2666         1
      2112      2383      2384      2400      2399      2651      2652      2668      2667         1
      2113      2405      2406      2402      2401      2673      2674      2670      2669         1
      2114      2406      2407      2403      2402      2674      2675      2671      2670         1
      2115      2407      2408      2404      2403      2675      2676      2672      2671         1
      2116      2408      2405      2401      2404      2676      2673      2669      2672         1
      2117      2409      2410      2406      2405      2677      2678      2674      2673         1
      2118      2410      2411      2407      2406      2678      2679      2675      2674         1
      2119      2411      2412      2408      2407      2679      2680      2676      2675         1
      2120      2412      2409      2405      2408      2680      2677      2673      2676         1
      2121      2264      2265      2410      2409      2532      2533      2678      2677         1
      2122      2265      2281      2411      2410      2533      2549      2679      2678         1
      2123      2281      2280      2412      2411      2549      2548      2680      2679         1
      2124      2280      2264      2409      2412      2548      2532      2677      2680         1
      2125      2413      2414      2430      2429      2681      2682      2698      2697         1
      2126      2414      2415      2431      2430      2682      2683      2699      2698         1
      2127      2415      2416      2432      2431      2683      2684      2700      2699         1
      2128      2416      2417      2433      2432      2684      2685      2701      2700         1
      2129      2417      2418      2434      2433      2685      2686      2702      2701         1
      2130      2418      2419      2435      2434      2686      2687      2703      2702         1
      2131      2419      2420      2436      2435      2687      2688      2704      2703         1
      2132      2420      2421      2437      2436      2688      2689      2705      2704         1
      2133      2421      2422      2438      2437      2689      2690      2706      2705         1
      2134      2422      2423      2439      2438      2690      2691      2707      2706         1
      2135      2423      2424      2440      2439      2691      2692      2708      2707         1
      2136      2424      2425      2441      2440      2692      2693      2709      2708         1
      2137      2425      2426      2442      2441      2693      2694      2710      2709         1
      2138      2426      2427      2443      2442      2694      2695      2711      2710         1
      2139      2427      2428      2444      2443      2695      2696      2712      2711         1
      2140      2429      2430      2446      2445      2697      2698      2714      2713         1
      2141      2430      2431      2447      2446      2698      2699      2715      2714         1
      2142      2431      2432      2448      2447      2699      2700      2716      2715         1
      2143      2432      2433      2449      2448      2700      2701      2717      2716         1
      2144      2433      2434      2450      2449      2701      2702      2718      2717         1
      2145      2434      2435      2451      2450      2702      2703      2719      2718         1
      2146      2435      2436      2452      2451      2703      2704      2720      2719         1
      2147      2436      2437      2453      2452      2704      2705      2721      2720         1
      2148      2437      2438      2454      2453      2705      2706      2722      2721         1
      2149      2438      2439      2455      2454      2706      2707      2723      2722         1
      2150      2439      2440      2456      2455      2707      2708      2724      2723         1
      2151      2440      2441      2457      2456      2708      2709      2725      2724         1
      2152      2441      2442      2458      2457      2709      2710      2726      2725         1
      2153      2442      2443      2459      2458      2710      2711      2727      2726         1
      2154      2443      2444      2460      2459      2711      2712      2728      2727         1
      2155      2445      2446      2462      2461      2713      2714      2730      2729         1
      2156      2446      2447      2463      2462      2714      2715      2731      2730         1
      2157      2447      2448      2464      2463      2715      2716      2732      2731         1
      2158      2448      2449      2465      2464      2716      2717      2733      2732         1
      2159      2449      2450      2466      2465      2717      2718      2734      2733         1
      2160      2450      2451      2467      2466      2718      2719      2735      2734         1
      2161      2451      2452      2468      2467      2719      2720      2736      2735         1
      2162      2452      2453      2469      2468      2720      2721      2737      2736         1
      2163      2453      2454      2470      2469      2721      2722      2738      2737         1
      2164      2454      2455      2471      2470      2722      2723      2739      2738         1
      2165      2455      2456      2472      2471      2723      2724      2740      2739         1
      2166      2456      2457      2473      2472      2724      2725      2741      2740         1
      2167      2457      2458      2474      2473      2725      2726      2742      2741         1
      2168      2458      2459      2475      2474      2726      2727      2743      2742         1
      2169      2459      2460      2476      2475      2727      2728      2744      2743         1
      2170      2461      2462      2478      2477      2729      2730      2746      2745         1
      2171      2462      2463      2479      2478      2730      2731      2747      2746         1
      2172      2463      2464      2480      2479      2731      2732      2748      2747         1
      2173      2464      2465      2481      2480      2732      2733      2749      2748         1
      2174      2465      2466      2482      2481      2733      2734      2750      2749         1
      2175      2466      2467      2483      2482      2734      2735      2751      2750         1
      2176      2467      2468      2484      2483      2735      2736      2752      2751         1
      2177      2468      2469      2485      2484      2736      2737      2753      2752         1
      2178      2469      2470      2486      2485      2737      2738      2754      2753         1
      2179      2470      2471      2487      2486      2738      2739      2755      2754         1
      2180      2471      2472      2488      2487      2739      2740      2756      2755         1
      2181      2472      2473      2489      2488      2740      2741      2757      2756         1
      2182      2473      2474      2490      2489      2741      2742      2758      2757         1
      2183      2474      2475      2491      2490      2742      2743      2759      2758         1
      2184      2475      2476      2492      2491      2743      2744      2760      2759         1
      2185      2477      2478      2494      2493      2745      2746      2762      2761         1
      2186      2478      2479      2495      2494      2746      2747      2763      2762         1
      2187      2479      2480      2496      2495      2747      2748      2764      2763         1
      2188      2480      2481      2497      2496      2748      2749      2765      2764         1
      2189      2481      2482      2498      2497      2749      2750      2766      2765         1
      2190      2482      2483      2499      2498      2750      2751      2767      2766         1
      2191      2483      2484      2500      2499      2751      2752      2768      2767         1
      2192      2484      2485      2501      2500      2752      2753      2769      2768         1
      2193      2485      2486      2502      2501      2753      2754      2770      2769         1
      2194      2486      2487      2503      2502      2754      2755      2771      2770         1
      2195      2487      2488      2504      2503      2755      2756      2772      2771         1
      2196      2488      2489      2505      2504      2756      2757      2773      2772         1
      2197      2489      2490      2506      2505      2757      2758      2774      2773         1
      2198      2490      2491      2507      2506      2758      2759      2775      2774         1
      2199      2491      2492      2508      2507      2759      2760      2776      2775         1
      2200      2493      2494      2510      2509      2761      2762      2778      2777         1
      2201      2494      2495      2511      2510      2762      2763      2779      2778         1
      2202      2495      2496      2512      2511      2763      2764      2780      2779         1
      2203      2496      2497      2513      2512      2764      2765      2781      2780         1
      2204      2497      2498      2514      2513      2765      2766      2782      2781         1
      2205      2498      2499      2515      2514      2766      2767      2783      2782         1
      2206      2499      2500      2516      2515      2767      2768      2784      2783         1
      2207      2500      2501      2517      2516      2768      2769      2785      2784         1
      2208      2501      2502      2518      2517      2769      2770      2786      2785         1
      2209      2502      2503      2519      2518      2770      2771      2787      2786         1
      2210      2503      2504      2520      2519      2771      2772      2788      2787         1
      2211      2504      2505      2521      2520      2772      2773      2789      2788         1
      2212      2505      2506      2522      2521      2773      2774      2790      2789         1
      2213      2506      2507      2523      2522      2774      2775      2791      2790         1
      2214      2507      2508      2524      2523      2775      2776      2792      2791         1
      2215      2509      2510      2526      2525      2777      2778      2794      2793         1
      2216      2510      2511      2527      2526      2778      2779      2795      2794         1
      2217      2511      2512      2528      2527      2779      2780      2796      2795         1
      2218      2512      2513      2529      2528      2780      2781      2797      2796         1
      2219      2513      2514      2530      2529      2781      2782      2798      2797         1
      2220      2514      2515      2531      2530      2782      2783      2799      2798         1
      2221      2515      2516      2532      2531      2783      2784      2800      2799         1
      2222      2516      2517      2533      2532      2784      2785      2801      2800         1
      2223      2517      2518      2534      2533      2785      2786      2802      2801         1
      2224      2518      2519      2535      2534      2786      2787      2803      2802         1
      2225      2519      2520      2536      2535      2787      2788      2804      2803         1
      2226      2520      2521      2537      2536      2788      2789      2805      2804         1
      2227      2521      2522      2538      2537      2789      2790      2806      2805         1
      2228      2522      2523      2539      2538      2790      2791      2807      2806         1
      2229      2523      2524      2540      2539      2791      2792      2808      2807         1
      2230      2525      2526      2542      2541      2793      2794      2810      2809         1
      2231      2526      2527      2543      2542      2794      2795      2811      2810         1
      2232      2527      2528      2544      2543      2795      2796      2812      2811         1
      2233      2528      2529      2545      2544      2796      2797      2813      2812         1
      2234      2529      2530      2546      2545      2797      2798      2814      2813         1
      2235      2530      2531      2547      2546      2798      2799      2815      2814         1
      2236      2531      2532      2548      2547      2799      2800      2816      2815         1
      2237      2533      2534      2550      2549      2801      2802      2818      2817         1
      2238      2534      2535      2551      2550      2802      2803      2819      2818         1
      2239      2535      2536      2552      2551      2803      2804      2820      2819         1
      2240      2536      2537      2553      2552      2804      2805      2821      2820         1
      2241      2537      2538      2554      2553      2805      2806      2822      2821         1
      2242      2538      2539      2555      2554      2806      2807      2823      2822         1
      2243      2539      2540      2556      2555      2807      2808      2824      2823         1
      2244      2541      2542      2558      2557      2809      2810      2826      2825         1
      2245      2542      2543      2559      2558      2810      2811      2827      2826         1
      2246      2543      2544      2560      2559      2811      2812      2828      2827         1
      2247      2544      2545      2561      2560      2812      2813      2829      2828         1
      2248      2545      2546      2562      2561      2813      2814      2830      2829         1
      2249      2546      2547      2563      2562      2814      2815      2831      2830         1
      2250      2547      2548      2564      2563      2815      2816      2832      2831         1
      2251      2548      2549      2565      2564      2816      2817      2833      2832         1
      2252      2549      2550      2566      2565      2817      2818      2834      2833         1
      2253      2550      2551      2567      2566      2818      2819      2835      2834         1
      2254      2551      2552      2568      2567      2819      2820      2836      2835         1
      2255      2552      2553      2569      2568      2820      2821      2837      2836         1
      2256      2553      2554      2570      2569      2821      2822      2838      2837         1
      2257      2554      2555      2571      2570      2822      2823      2839      2838         1
      2258      2555      2556      2572      2571      2823      2824      2840      2839         1
      2259      2557      2558      2574      2573      2825      2826      2842      2841         1
      2260      2558      2559      2575      2574      2826      2827      2843      2842         1
      2261      2559      2560      2576      2575      2827      2828      2844      2843         1
      2262      2560      2561      2577      2576      2828      2829      2845      2844         1
      2263      2561      2562      2578      2577      2829      2830      2846      2845         1
      2264      2562      2563      2579      2578      2830      2831      2847      2846         1
      2265      2563      2564      2580      2579      2831      2832      2848      2847         1
      2266      2564      2565      2581      2580      2832      2833      2849      2848         1
      2267      2565      2566      2582      2581      2833      2834      2850      2849         1
      2268      2566      2567      2583      2582      2834      2835      2851      2850         1
      2269      2567      2568      2584      2583      2835      2836      2852      2851         1
      2270      2568      2569      2585      2584      2836      2837      2853      2852         1
      2271      2569      2570      2586      2585      2837      2838      2854      2853         1
      2272      2570      2571      2587      2586      2838      2839      2855      2854         1
      2273      2571      2572      2588      2587      2839      2840      2856      2855         1
      2274      2573      2574      2590      2589      2841      2842      2858      2857         1
      2275      2574      2575      2591      2590      2842      2843      2859      2858         1
      2276      2575      2576      2592      2591      2843      2844      2860      2859         1
      2277      2576      2577      2593      2592      2844      2845      2861      2860         1
      2278      2577      2578      2594      2593      2845      2846      2862      2861         1
      2279      2578      2579      2595      2594      2846      2847      2863      2862         1
      2280      2579      2580      2596      2595      2847      2848      2864      2863         1
      2281      2580      2581      2597      2596      2848      2849      2865      2864         1
      2282      2581      2582      2598      2597      2849      2850      2866      2865         1
      2283      2582      2583      2599      2598      2850      2851      2867      2866         1
      2284      2583      2584      2600      2599      2851      2852      2868      2867         1
      2285      2584      2585      2601      2600      2852      2853      2869      2868         1
      2286      2585      2586      2602      2601      2853      2854      2870      2869         1
      2287      2586      2587      2603      2602      2854      2855      2871      2870         1
      2288      2587      2588      2604      2603      2855      2856      2872      2871         1
      2289      2589      2590      2606      2605      2857      2858      2874      2873         1
      2290      2590      2591      2607      2606      2858      2859      2875      2874         1
      2291      2591      2592      2608      2607      2859      2860      2876      2875         1
      2292      2592      2593      2609      2608      2860      2861      2877      2876         1
      2293      2593      2594      2610      2609      2861      2862      2878      2877         1
      2294      2594      2595      2611      2610      2862      2863      2879      2878         1
      2295      2595      2596      2612      2611      2863      2864      2880      2879         1
      2296      2596      2597      2613      2612      2864      2865      2881      2880         1
      2297      2597      2598      2614      2613      2865      2866      2882      2881         1
      2298      2598      2599      2615      2614      2866      2867      2883      2882         1
      2299      2599      2600      2616      2615      2867      2868      2884      2883         1
      2300      2600      2601      2617      2616      2868      2869      2885      2884         1
      2301      2601      2602      2618      2617      2869      2870      2886      2885         1
      2302      2602      2603      2619      2618      2870      2871      2887      2886         1
      2303      2603      2604      2620      2619      2871      2872      2888      2887         1
      2304      2605      2606      2622      2621      2873      2874      2890      2889         1
      2305      2606      2607      2623      2622      2874      2875      2891      2890         1
      2306      2607      2608      2624      2623      2875      2876      2892      2891         1
      2307      2608      2609      2625      2624      2876      2877      2893      2892         1
      2308      2609      2610      2626      2625      2877      2878      2894      2893         1
      2309      2610      2611      2627      2626      2878      2879      2895      2894         1
      2310      2611      2612      2628      2627      2879      2880      2896      2895         1
      2311      2612      2613      2629      2628      2880      2881      2897      2896         1
      2312      2613      2614      2630      2629      2881      2882      2898      2897         1
      2313      2614      2615      2631      2630      2882      2883      2899      2898         1
      2314      2615      2616      2632      2631      2883      2884      2900      2899         1
      2315      2616      2617      2633      2632      2884      2885      2901      2900         1
      2316      2617      2618      2634      2633      2885      2886      2902      2901         1
      2317      2618      2619      2635      2634      2886      2887      2903      2902         1
      2318      2619      2620      2636      2635      2887      2888      2904      2903         1
      2319      2621      2622      2638      2637      2889      2890      2906      2905         1
      2320      2622      2623      2639      2638      2890      2891      2907      2906         1
      2321      2623      2624      2640      2639      2891      2892      2908      2907         1
      2322      2624      2625      2641      2640      2892      2893      2909      2908         1
      2323      2625      2626      2642      2641      2893      2894      2910      2909         1
      2324      2626      2627      2643      2642      2894      2895      2911      2910         1
      2325      2627      2628      2644      2643      2895      2896      2912      2911         1
      2326      2628      2629      2645      2644      2896      2897      2913      2912         1
      2327      2629      2630      2646      2645      2897      2898      2914      2913         1
      2328      2630      2631      2647      2646      2898      2899      2915      2914         1
      2329      2631      2632      2648      2647      2899      2900      2916      2915         1
      2330      2632      2633      2649      2648      2900      2901      2917      2916         1
      2331      2633      2634      2650      2649      2901      2902      2918      2917         1
      2332      2634      2635      2651      2650      2902      2903      2919      2918         1
      2333      2635      2636      2652      2651      2903      2904      2920      2919         1
      2334      2637      2638      2654      2653      2905      2906      2922      2921         1
      2335      2638      2639      2655      2654      2906      2907      2923      2922         1
      2336      2639      2640      2656      2655      2907      2908      2924      2923         1
      2337      2640      2641      2657      2656      2908      2909      2925      2924         1
      2338      2641      2642      2658      2657      2909      2910      2926      2925         1
      2339      2642      2643      2659      2658      2910      2911      2927      2926         1
      2340      2643      2644      2660      2659      2911      2912      2928      2927         1
      2341      2644      2645      2661      2660      2912      2913      2929      2928         1
      2342      2645      2646      2662      2661      2913      2914      2930      2929         1
      2343      2646      2647      2663      2662      2914      2915      2931      2930         1
      2344      2647      2648      2664      2663      2915      2916      2932      2931         1
      2345      2648      2649      2665      2664      2916      2917      2933      2932         1
      2346      2649      2650      2666      2665      2917      2918      2934      2933         1
      2347      2650      2651      2667      2666      2918      2919      2935      2934         1
      2348      2651      2652      2668      2667      2919      2920      2936      2935         1
      2349      2673      2674      2670      2669      2941      2942      2938      2937         1
      2350      2674      2675      2671      2670      2942      2943      2939      2938         1
      2351      2675      2676      2672      2671      2943      2944      2940      2939         1
      2352      2676      2673      2669      2672      2944      2941      2937      2940         1
      2353      2677      2678      2674      2673      2945      2946      2942      2941         1
      2354      2678      2679      2675      2674      2946      2947      2943      2942         1
      2355      2679      2680      2676      2675      2947      2948      2944      2943         1
      2356      2680      2677      2673      2676      2948      2945      2941      2944         1
      2357      2532      2533      2678      2677      2800      2801      2946      2945         1
      2358      2533      2549      2679      2678      2801      2817      2947      2946         1
      2359      2549      2548      2680      2679      2817      2816      2948      2947         1
      2360      2548      2532      2677      2680      2816      2800      2945      2948         1
      2361      2681      2682      2698      2697      2949      2950      2966      2965         1
      2362      2682      2683      2699      2698      2950      2951      2967      2966         1
      2363      2683      2684      2700      2699      2951      2952      2968      2967         1
      2364      2684      2685      2701      2700      2952      2953      2969      2968         1
      2365      2685      2686      2702      2701      2953      2954      2970      2969         1
      2366      2686      2687      2703      2702      2954      2955      2971      2970         1
      2367      2687      2688      2704      2703      2955      2956      2972      2971         1
      2368      2688      2689      2705      2704      2956      2957      2973      2972         1
      2369      2689      2690      2706      2705      2957      2958      2974      2973         1
      2370      2690      2691      2707      2706      2958      2959      2975      2974         1
      2371      2691      2692      2708      2707      2959      2960      2976      2975         1
      2372      2692      2693      2709      2708      2960      2961      2977      2976         1
      2373      2693      2694      2710      2709      2961      2962      2978      2977         1
      2374      2694      2695      2711      2710      2962      2963      2979      2978         1
      2375      2695      2696      2712      2711      2963      2964      2980      2979         1
      2376      2697      2698      2714      2713      2965      2966      2982      2981         1
      2377      2698      2699      2715      2714      2966      2967      2983      2982         1
      2378      2699      2700      2716      2715      2967      2968      2984      2983         1
      2379      2700      2701      2717      2716      2968      2969      2985      2984         1
      2380      2701      2702      2718      2717      2969      2970      2986      2985         1
      2381      2702      2703      2719      2718      2970      2971      2987      2986         1
      2382      2703      2704      2720      2719      2971      2972      2988      2987         1
      2383      2704      2705      2721      2720      2972      2973      2989      2988         1
      2384      2705      2706      2722      2721      2973      2974      2990      2989         1
      2385      2706      2707      2723      2722      2974      2975      2991      2990         1
      2386      2707      2708      2724      2723      2975      2976      2992      2991         1
      2387      2708      2709      2725      2724      2976      2977      2993      2992         1
      2388      2709      2710      2726      2725      2977      2978      2994      2993         1
      2389      2710      2711      2727      2726      2978      2979      2995      2994         1
      2390      2711      2712      2728      2727      2979      2980      2996      2995         1
      2391      2713      2714      2730      2729      2981      2982      2998      2997         1
      2392      2714      2715      2731      2730      2982      2983      2999      2998         1
      2393      2715      2716      2732      2731      2983      2984      3000      2999         1
      2394      2716      2717      2733      2732      2984      2985      3001      3000         1
      2395      2717      2718      2734      2733      2985      2986      3002      3001         1
      2396      2718      2719      2735      2734      2986      2987      3003      3002         1
      2397      2719      2720      2736      2735      2987      2988      3004      3003         1
      2398      2720      2721      2737      2736      2988      2989      3005      3004         1
      2399      2721      2722      2738      2737      2989      2990      3006      3005         1
      2400      2722      2723      2739      2738      2990      2991      3007      3006         1
      2401      2723      2724      2740      2739      2991      2992      3008      3007         1
      2402      2724      2725      2741      2740      2992      2993      3009      3008         1
      2403      2725      2726      2742      2741      2993      2994      3010      3009         1
      2404      2726      2727      2743      2742      2994      2995      3011      3010         1
      2405      2727      2728      2744      2743      2995      2996      3012      3011         1
      2406      2729      2730      2746      2745      2997      2998      3014      3013         1
      2407      2730      2731      2747      2746      2998      2999      3015      3014         1
      2408      2731      2732      2748      2747      2999      3000      3016      3015         1
      2409      2732      2733      2749      2748      3000      3001      3017      3016         1
      2410      2733      2734      2750      2749      3001      3002      3018      3017         1
      2411      2734      2735      2751      2750      3002      3003      3019      3018         1
      2412      2735      2736      2752      2751      3003      3004      3020      3019         1
      2413      2736      2737      2753      2752      3004      3005      3021      3020         1
      2414      2737      2738      2754      2753      3005      3006      3022      3021         1
      2415      2738      2739      2755      2754      3006      3007      3023      3022         1
      2416      2739      2740      2756      2755      3007      3008      3024      3023         1
      2417      2740      2741      2757      2756      3008      3009      3025      3024         1
      2418      2741      2742      2758      2757      3009      3010      3026      3025         1
      2419      2742      2743      2759      2758      3010      3011      3027      3026         1
      2420      2743      2744      2760      2759      3011      3012      3028      3027         1
      2421      2745      2746      2762      2761      3013      3014      3030      3029         1
      2422      2746      2747      2763      2762      3014      3015      3031      3030         1
      2423      2747      2748      2764      2763      3015      3016      3032      3031         1
      2424      2748      2749      2765      2764      3016      3017      3033      3032         1
      2425      2749      2750      2766      2765      3017      3018      3034      3033         1
      2426      2750      2751      2767      2766      3018      3019      3035      3034         1
      2427      2751      2752      2768      2767      3019      3020      3036      3035         1
      2428      2752      2753      2769      2768      3020      3021      3037      3036         1
      2429      2753      2754      2770      2769      3021      3022      3038      3037         1
      2430      2754      2755      2771      2770      3022      3023      3039      3038         1
      2431      2755      2756      2772      2771      3023      3024      3040      3039         1
      2432      2756      2757      2773      2772      3024      3025      3041      3040         1
      2433      2757      2758      2774      2773      3025      3026      3042      3041         1
      2434      2758      2759      2775      2774      3026      3027      3043      3042         1
      2435      2759      2760      2776      2775      3027      3028      3044      3043         1
      2436      2761      2762      2778      2777      3029      3030      3046      3045         1
      2437      2762      2763      2779      2778      3030      3031      3047      3046         1
      2438      2763      2764      2780      2779      3031      3032      3048      3047         1
      2439      2764      2765      2781      2780      3032      3033      3049      3048         1
      2440      2765      2766      2782      2781      3033      3034      3050      3049         1
      2441      2766      2767      2783      2782      3034      3035      3051      3050         1
      2442      2767      2768      2784      2783      3035      3036      3052      3051         1
      2443      2768      2769      2785      2784      3036      3037      3053      3052         1
      2444      2769      2770      2786      2785      3037      3038      3054      3053         1
      2445      2770      2771      2787      2786      3038      3039      3055      3054         1
      2446      2771      2772      2788      2787      3039      3040      3056      3055         1
      2447      2772      2773      2789      2788      3040      3041      3057      3056         1
      2448      2773      2774      2790      2789      3041      3042      3058      3057         1
      2449      2774      2775      2791      2790      3042      3043      3059      3058         1
      2450      2775      2776      2792      2791      3043      3044      3060      3059         1
      2451      2777      2778      2794      2793      3045      3046      3062      3061         1
      2452      2778      2779      2795      2794      3046      3047      3063      3062         1
      2453      2779      2780      2796      2795      3047      3048      3064      3063         1
      2454      2780      2781      2797      2796      3048      3049      3065      3064         1
      2455      2781      2782      2798      2797      3049      3050      3066      3065         1
      2456      2782      2783      2799      2798      3050      3051      3067      3066         1
      2457      2783      2784      2800      2799      3051      3052      3068      3067         1
      2458      2784      2785      2801      2800      3052      3053      3069      3068         1
      2459      2785      2786      2802      2801      3053      3054      3070      3069         1
      2460      2786      2787      2803      2802      3054      3055      3071      3070         1
      2461      2787      2788      2804      2803      3055      3056      3072      3071         1
      2462      2788      2789      2805      2804      3056      3057      3073      3072         1
      2463      2789      2790      2806      2805      3057      3058      3074      3073         1
      2464      2790      2791      2807      2806      3058      3059      3075      3074         1
      2465      2791      2792      2808      2807      3059      3060      3076      3075         1
      2466      2793      2794      2810      2809      3061      3062      3078      3077         1
      2467      2794      2795      2811      2810      3062      3063      3079      3078         1
      2468      2795      2796      2812      2811      3063      3064      3080      3079         1
      2469      2796      2797      2813      2812      3064      3065      3081      3080         1
      2470      2797      2798      2814      2813      3065      3066      3082      3081         1
      2471      2798      2799      2815      2814      3066      3067      3083      3082         1
      2472      2799      2800      2816      2815      3067      3068      3084      3083         1
      2473      2801      2802      2818      2817      3069      3070      3086      3085         1
      2474      2802      2803      2819      2818      3070      3071      3087      3086         1
      2475      2803      2804      2820      2819      3071      3072      3088      3087         1
      2476      2804      2805      2821      2820      3072      3073      3089      3088         1
      2477      2805      2806      2822      2821      3073      3074      3090      3089         1
      2478      2806      2807      2823      2822      3074      3075      3091      3090         1
      2479      2807      2808      2824      2823      3075      3076      3092      3091         1
      2480      2809      2810      2826      2825      3077      3078      3094      3093         1
      2481      2810      2811      2827      2826      3078      3079      3095      3094         1
      2482      2811      2812      2828      2827      3079      3080      3096      3095         1
      2483      2812      2813      2829      2828      3080      3081      3097      3096         1
      2484      2813      2814      2830      2829      3081      3082      3098      3097         1
      2485      2814      2815      2831      2830      3082      3083      3099      3098         1
      2486      2815      2816      2832      2831      3083      3084      3100      3099         1
      2487      2816      2817      2833      2832      3084      3085      3101      3100         1
      2488      2817      2818      2834      2833      3085      3086      3102      3101         1
      2489      2818      2819      2835      2834      3086      3087      3103      3102         1
      2490      2819      2820      2836      2835      3087      3088      3104      3103         1
      2491      2820      2821      2837      2836      3088      3089      3105      3104         1
      2492      2821      2822      2838      2837      3089      3090      3106      3105         1
      2493      2822      2823      2839      2838      3090      3091      3107      3106         1
      2494      2823      2824      2840      2839      3091      3092      3108      3107         1
      2495      2825      2826      2842      2841      3093      3094      3110      3109         1
      2496      2826      2827      2843      2842      3094      3095      3111      3110         1
      2497      2827      2828      2844      2843      3095      3096      3112      3111         1
      2498      2828      2829      2845      2844      3096      3097      3113      3112         1
      2499      2829      2830      2846      2845      3097      3098      3114      3113         1
      2500      2830      2831      2847      2846      3098      3099      3115      3114         1
      2501      2831      2832      2848      2847      3099      3100      3116      3115         1
      2502      2832      2833      2849      2848      3100      3101      3117      3116         1
      2503      2833      2834      2850      2849      3101      3102      3118      3117         1
      2504      2834      2835      2851      2850      3102      3103      3119      3118         1
      2505      2835      2836      2852      2851      3103      3104      3120      3119         1
      2506      2836      2837      2853      2852      3104      3105      3121      3120         1
      2507      2837      2838      2854      2853      3105      3106      3122      3121         1
      2508      2838      2839      2855      2854      3106      3107      3123      3122         1
      2509      2839      2840      2856      2855      3107      3108      3124      3123         1
      2510      2841      2842      2858      2857      3109      3110      3126      3125         1
      2511      2842      2843      2859      2858      3110      3111      3127      3126         1
      2512      2843      2844      2860      2859      3111      3112      3128      3127         1
      2513      2844      2845      2861      2860      3112      3113      3129      3128         1
      2514      2845      2846      2862      2861      3113      3114      3130      3129         1
      2515      2846      2847      2863      2862      3114      3115      3131      3130         1
      2516      2847      2848      2864      2863      3115      3116      3132      3131         1
      2517      2848      2849      2865      2864      3116      3117      3133      3132         1
      2518      2849      2850      2866      2865      3117      3118      3134      3133         1
      2519      2850      2851      2867      2866      3118      3119      3135      3134         1
      2520      2851      2852      2868      2867      3119      3120      3136      3135         1
      2521      2852      2853      2869      2868      3120      3121      3137      3136         1
      2522      2853      2854      2870      2869      3121      3122      3138      3137         1
      2523      2854      2855      2871      2870      3122      3123      3139      3138         1
      2524      2855      2856      2872      2871      3123      3124      3140      3139         1
      2525      2857      2858      2874      2873      3125      3126      3142      3141         1
      2526      2858      2859      2875      2874      3126      3127      3143      3142         1
      2527      2859      2860      2876      2875      3127      3128      3144      3143         1
      2528      2860      2861      2877      2876      3128      3129      3145      3144         1
      2529      2861      2862      2878      2877      3129      3130      3146      3145         1
      2530      2862      2863      2879      2878      3130      3131      3147      3146         1
      2531      2863      2864      2880      2879      3131      3132      3148      3147         1
      2532      2864      2865      2881      2880      3132      3133      3149      3148         1
      2533      2865      2866      2882      2881      3133      3134      3150      3149         1
      2534      2866      2867      2883      2882      3134      3135      3151      3150         1
      2535      2867      2868      2884      2883      3135      3136      3152      3151         1
      2536      2868      2869      2885      2884      3136      3137      3153      3152         1
      2537      2869      2870      2886      2885      3137      3138      3154      3153         1
      2538      2870      2871      2887      2886      3138      3139      3155      3154         1
      2539      2871      2872      2888      2887      3139      3140      3156      3155         1
      2540      2873      2874      2890      2889      3141      3142      3158      3157         1
      2541      2874      2875      2891      2890      3142      3143      3159      3158         1
      2542      2875      2876      2892      2891      3143      3144      3160      3159         1
      2543      2876      2877      2893      2892      3144      3145      3161      3160         1
      2544      2877      2878      2894      2893      3145      3146      3162      3161         1
      2545      2878      2879      2895      2894      3146      3147      3163      3162         1
      2546      2879      2880      2896      2895      3147      3148      3164      3163         1
      2547      2880      2881      2897      2896      3148      3149      3165      3164         1
      2548      2881      2882      2898      2897      3149      3150      3166      3165         1
      2549      2882      2883      2899      2898      3150      3151      3167      3166         1
      2550      2883      2884      2900      2899      3151      3152      3168      3167         1
      2551      2884      2885      2901      2900      3152      3153      3169      3168         1
      2552      2885      2886      2902      2901      3153      3154      3170      3169         1
      2553      2886      2887      2903      2902      3154      3155      3171      3170         1
      2554      2887      2888      2904      2903      3155      3156      3172      3171         1
      2555      2889      2890      2906      2905      3157      3158      3174      3173         1
      2556      2890      2891      2907      2906      3158      3159      3175      3174         1
      2557      2891      2892      2908      2907      3159      3160      3176      3175         1
      2558      2892      2893      2909      2908      3160      3161      3177      3176         1
      2559      2893      2894      2910      2909      3161      3162      3178      3177         1
      2560      2894      2895      2911      2910      3162      3163      3179      3178         1
      2561      2895      2896      2912      2911      3163      3164      3180      3179         1
      2562      2896      2897      2913      2912      3164      3165      3181      3180         1
      2563      2897      2898      2914      2913      3165      3166      3182      3181         1
      2564      2898      2899      2915      2914      3166      3167      3183      3182         1
      2565      2899      2900      2916      2915      3167      3168      3184      3183         1
      2566      2900      2901      2917      2916      3168      3169      3185      3184         1
      2567      2901      2902      2918      2917      3169      3170      3186      3185         1
      2568      2902      2903      2919      2918      3170      3171      3187      3186         1
      2569      2903      2904      2920      2919      3171      3172      3188      3187         1
      2570      2905      2906      2922      2921      3173      3174      3190      3189         1
      2571      2906      2907      2923      2922      3174      3175      3191      3190         1
      2572      2907      2908      2924      2923      3175      3176      3192      3191         1
      2573      2908      2909      2925      2924      3176      3177      3193      3192         1
      2574      2909      2910      2926      2925      3177      3178      3194      3193         1
      2575      2910      2911      2927      2926      3178      3179      3195      3194         1
      2576      2911      2912      2928      2927      3179      3180      3196      3195         1
      2577      2912      2913      2929      2928      3180      3181      3197      3196         1
      2578      2913      2914      2930      2929      3181      3182      3198      3197         1
      2579      2914      2915      2931      2930      3182      3183      3199      3198         1
      2580      2915      2916      2932      2931      3183      3184      3200      3199         1
      2581      2916      2917      2933      2932      3184      3185      3201      3200         1
      2582      2917      2918      2934      2933      3185      3186      3202      3201         1
      2583      2918      2919      2935      2934      3186      3187      3203      3202         1
      2584      2919      2920      2936      2935      3187      3188      3204      3203         1
      2585      2941      2942      2938      2937      3209      3210      3206      3205         1
      2586      2942      2943      2939      2938      3210      3211      3207      3206         1
      2587      2943      2944      2940      2939      3211      3212      3208      3207         1
      2588      2944      2941      2937      2940      3212      3209      3205      3208         1
      2589      2945      2946      2942      2941      3213      3214      3210      3209         1
      2590      2946      2947      2943      2942      3214      3215      3211      3210         1
      2591      2947      2948      2944      2943      3215      3216      3212      3211         1
      2592      2948      2945      2941      2944      3216      3213      3209      3212         1
      2593      2800      2801      2946      2945      3068      3069      3214      3213         1
      2594      2801      2817      2947      2946      3069      3085      3215      3214         1
      2595      2817      2816      2948      2947      3085      3084      3216      3215         1
      2596      2816      2800      2945      2948      3084      3068      3213      3216         1
      2597      2949      2950      2966      2965      3217      3218      3234      3233         1
      2598      2950      2951      2967      2966      3218      3219      3235      3234         1
      2599      2951      2952      2968      2967      3219      3220      3236      3235         1
      2600      2952      2953      2969      2968      3220      3221      3237      3236         1
      2601      2953      2954      2970      2969      3221      3222      3238      3237         1
      2602      2954      2955      2971      2970      3222      3223      3239      3238         1
      2603      2955      2956      2972      2971      3223      3224      3240      3239         1
      2604      2956      2957      2973      2972      3224      3225      3241      3240         1
      2605      2957      2958      2974      2973      3225      3226      3242      3241         1
      2606      2958      2959      2975      2974      3226      3227      3243      3242         1
      2607      2959      2960      2976      2975      3227      3228      3244      3243         1
      2608      2960      2961      2977      2976      3228      3229      3245      3244         1
      2609      2961      2962      2978      2977      3229      3230      3246      3245         1
      2610      2962      2963      2979      2978      3230      3231      3247      3246         1
      2611      2963      2964      2980      2979      3231      3232      3248      3247         1
      2612      2965      2966      2982      2981      3233      3234      3250      3249         1
      2613      2966      2967      2983      2982      3234      3235      3251      3250         1
      2614      2967      2968      2984      2983      3235      3236      3252      3251         1
      2615      2968      2969      2985      2984      3236      3237      3253      3252         1
      2616      2969      2970      2986      2985      3237      3238      3254      3253         1
      2617      2970      2971      2987      2986      3238      3239      3255      3254         1
      2618      2971      2972      2988      2987      3239      3240      3256      3255         1
      2619      2972      2973      2989      2988      3240      3241      3257      3256         1
      2620      2973      2974      2990      2989      3241      3242      3258      3257         1
      2621      2974      2975      2991      2990      3242      3243      3259      3258         1
      2622      2975      2976      2992      2991      3243      3244      3260      3259         1
      2623      2976      2977      2993      2992      3244      3245      3261      3260         1
      2624      2977      2978      2994      2993      3245      3246      3262      3261         1
      2625      2978      2979      2995      2994      3246      3247      3263      3262         1
      2626      2979      2980      2996      2995      3247      3248      3264      3263         1
      2627      2981      2982      2998      2997      3249      3250      3266      3265         1
      2628      2982      2983      2999      2998      3250      3251      3267      3266         1
      2629      2983      2984      3000      2999      3251      3252      3268      3267         1
      2630      2984      2985      3001      3000      3252      3253      3269      3268         1
      2631      2985      2986      3002      3001      3253      3254      3270      3269         1
      2632      2986      2987      3003      3002      3254      3255      3271      3270         1
      2633      2987      2988      3004      3003      3255      3256      3272      3271         1
      2634      2988      2989      3005      3004      3256      3257      3273      3272         1
      2635      2989      2990      3006      3005      3257      3258      3274      3273         1
      2636      2990      2991      3007      3006      3258      3259      3275      3274         1
      2637      2991      2992      3008      3007      3259      3260      3276      3275         1
      2638      2992      2993      3009      3008      3260      3261      3277      3276         1
      2639      2993      2994      3010      3009      3261      3262      3278      3277         1
      2640      2994      2995      3011      3010      3262      3263      3279      3278         1
      2641      2995      2996      3012      3011      3263      3264      3280      3279         1
      2642      2997      2998      3014      3013      3265      3266      3282      3281         1
      2643      2998      2999      3015      3014      3266      3267      3283      3282         1
      2644      2999      3000      3016      3015      3267      3268      3284      3283         1
      2645      3000      3001      3017      3016      3268      3269      3285      3284         1
      2646      3001      3002      3018      3017      3269      3270      3286      3285         1
      2647      3002      3003      3019      3018      3270      3271      3287      3286         1
      2648      3003      3004      3020      3019      3271      3272      3288      3287         1
      2649      3004      3005      3021      3020      3272      3273      3289      3288         1
      2650      3005      3006      3022      3021      3273      3274      3290      3289         1
      2651      3006      3007      3023      3022      3274      3275      3291      3290         1
      2652      3007      3008      3024      3023      3275      3276      3292      3291         1
      2653      3008      3009      3025      3024      3276      3277      3293      3292         1
      2654      3009      3010      3026      3025      3277      3278      3294      3293         1
      2655      3010      3011      3027      3026      3278      3279      3295      3294         1
      2656      3011      3012      3028      3027      3279      3280      3296      3295         1
      2657      3013      3014      3030      3029      3281      3282      3298      3297         1
      2658      3014      3015      3031      3030      3282      3283      3299      3298         1
      2659      3015      3016      3032      3031      3283      3284      3300      3299         1
      2660      3016      3017      3033      3032      3284      3285      3301      3300         1
      2661      3017      3018      3034      3033      3285      3286      3302      3301         1
      2662      3018      3019      3035      3034      3286      3287      3303      3302         1
      2663      3019      3020      3036      3035      3287      3288      3304      3303         1
      2664      3020      3021      3037      3036      3288      3289      3305      3304         1
      2665      3021      3022      3038      3037      3289      3290      3306      3305         1
      2666      3022      3023      3039      3038      3290      3291      3307      3306         1
      2667      3023      3024      3040      3039      3291      3292      3308      3307         1
      2668      3024      3025      3041      3040      3292      3293      3309      3308         1
      2669      3025      3026      3042      3041      3293      3294      3310      3309         1
      2670      3026      3027      3043      3042      3294      3295      3311      3310         1
      2671      3027      3028      3044      3043      3295      3296      3312      3311         1
      2672      3029      3030      3046      3045      3297      3298      3314      3313         1
      2673      3030      3031      3047      3046      3298      3299      3315      3314         1
      2674      3031      3032      3048      3047      3299      3300      3316      3315         1
      2675      3032      3033      3049      3048      3300      3301      3317      3316         1
      2676      3033      3034      3050      3049      3301      3302      3318      3317         1
      2677      3034      3035      3051      3050      3302      3303      3319      3318         1
      2678      3035      3036      3052      3051      3303      3304      3320      3319         1
      2679      3036      3037      3053      3052      3304      3305      3321      3320         1
      2680      3037      3038      3054      3053      3305      3306      3322      3321         1
      2681      3038      3039      3055      3054      3306      3307      3323      3322         1
      2682      3039      3040      3056      3055      3307      3308      3324      3323         1
      2683      3040      3041      3057      3056      3308      3309      3325      3324         1
      2684      3041      3042      3058      3057      3309      3310      3326      3325         1
      2685      3042      3043      3059      3058      3310      3311      3327      3326         1
      2686      3043      3044      3060      3059      3311      3312      3328      3327         1
      2687      3045      3046      3062      3061      3313      3314      3330      3329         1
      2688      3046      3047      3063      3062      3314      3315      3331      3330         1
      2689      3047      3048      3064      3063      3315      3316      3332      3331         1
      2690      3048      3049      3065      3064      3316      3317      3333      3332         1
      2691      3049      3050      3066      3065      3317      3318      3334      3333         1
      2692      3050      3051      3067      3066      3318      3319      3335      3334         1
      2693      3051      3052      3068      3067      3319      3320      3336      3335         1
      2694      3052      3053      3069      3068      3320      3321      3337      3336         1
      2695      3053      3054      3070      3069      3321      3322      3338      3337         1
      2696      3054      3055      3071      3070      3322      3323      3339      3338         1
      2697      3055      3056      3072      3071      3323      3324      3340      3339         1
      2698      3056      3057      3073      3072      3324      3325      3341      3340         1
      2699      3057      3058      3074      3073      3325      3326      3342      3341         1
      2700      3058      3059      3075      3074      3326      3327      3343      3342         1
      2701      3059      3060      3076      3075      3327      3328      3344      3343         1
      2702      3061      3062      3078      3077      3329      3330      3346      3345         1
      2703      3062      3063      3079      3078      3330      3331      3347      3346         1
      2704      3063      3064      3080      3079      3331      3332      3348      3347         1
      2705      3064      3065      3081      3080      3332      3333      3349      3348         1
      2706      3065      3066      3082      3081      3333      3334      3350      3349         1
      2707      3066      3067      3083      3082      3334      3335      3351      3350         1
      2708      3067      3068      3084      3083      3335      3336      3352      3351         1
      2709      3069      3070      3086      3085      3337      3338      3354      3353         1
      2710      3070      3071      3087      3086      3338      3339      3355      3354         1
      2711      3071      3072      3088      3087      3339      3340      3356      3355         1
      2712      3072      3073      3089      3088      3340      3341      3357      3356         1
      2713      3073      3074      3090      3089      3341      3342      3358      3357         1
      2714      3074      3075      3091      3090      3342      3343      3359      3358         1
      2715      3075      3076      3092      3091      3343      3344      3360      3359         1
      2716      3077      3078      3094      3093      3345      3346      3362      3361         1
      2717      3078      3079      3095      3094      3346      3347      3363      3362         1
      2718      3079      3080      3096      3095      3347      3348      3364      3363         1
      2719      3080      3081      3097      3096      3348      3349      3365      3364         1
      2720      3081      3082      3098      3097      3349      3350      3366      3365         1
      2721      3082      3083      3099      3098      3350      3351      3367      3366         1
      2722      3083      3084      3100      3099      3351      3352      3368      3367         1
      2723      3084      3085      3101      3100      3352      3353      3369      3368         1
      2724      3085      3086      3102      3101      3353      3354      3370      3369         1
      2725      3086      3087      3103      3102      3354      3355      3371      3370         1
      2726      3087      3088      3104      3103      3355      3356      3372      3371         1
      2727      3088      3089      3105      3104      3356      3357      3373      3372         1
      2728      3089      3090      3106      3105      3357      3358      3374      3373         1
      2729      3090      3091      3107      3106      3358      3359      3375      3374         1
      2730      3091      3092      3108      3107      3359      3360      3376      3375         1
      2731      3093      3094      3110      3109      3361      3362      3378      3377         1
      2732      3094      3095      3111      3110      3362      3363      3379      3378         1
      2733      3095      3096      3112      3111      3363      3364      3380      3379         1
      2734      3096      3097      3113      3112      3364      3365      3381      3380         1
      2735      3097      3098      3114      3113      3365      3366      3382      3381         1
      2736      3098      3099      3115      3114      3366      3367      3383      3382         1
      2737      3099      3100      3116      3115      3367      3368      3384      3383         1
      2738      3100      3101      3117      3116      3368      3369      3385      3384         1
      2739      3101      3102      3118      3117      3369      3370      3386      3385         1
      2740      3102      3103      3119      3118      3370      3371      3387      3386         1
      2741      3103      3104      3120      3119      3371      3372      3388      3387         1
      2742      3104      3105      3121      3120      3372      3373      3389      3388         1
      2743      3105      3106      3122      3121      3373      3374      3390      3389         1
      2744      3106      3107      3123      3122      3374      3375      3391      3390         1
      2745      3107      3108      3124      3123      3375      3376      3392      3391         1
      2746      3109      3110      3126      3125      3377      3378      3394      3393         1
      2747      3110      3111      3127      3126      3378      3379      3395      3394         1
      2748      3111      3112      3128      3127      3379      3380      3396      3395         1
      2749      3112      3113      3129      3128      3380      3381      3397      3396         1
      2750      3113      3114      3130      3129      3381      3382      3398      3397         1
      2751      3114      3115      3131      3130      3382      3383      3399      3398         1
      2752      3115      3116      3132      3131      3383      3384      3400      3399         1
      2753      3116      3117      3133      3132      3384      3385      3401      3400         1
      2754      3117      3118      3134      3133      3385      3386      3402      3401         1
      2755      3118      3119      3135      3134      3386      3387      3403      3402         1
      2756      3119      3120      3136      3135      3387      3388      3404      3403         1
      2757      3120      3121      3137      3136      3388      3389      3405      3404         1
      2758      3121      3122      3138      3137      3389      3390      3406      3405         1
      2759      3122      3123      3139      3138      3390      3391      3407      3406         1
      2760      3123      3124      3140      3139      3391      3392      3408      3407         1
      2761      3125      3126      3142      3141      3393      3394      3410      3409         1
      2762      3126      3127      3143      3142      3394      3395      3411      3410         1
      2763      3127      3128      3144      3143      3395      3396      3412      3411         1
      2764      3128      3129      3145      3144      3396      3397      3413      3412         1
      2765      3129      3130      3146      3145      3397      3398      3414      3413         1
      2766      3130      3131      3147      3146      3398      3399      3415      3414         1
      2767      3131      3132      3148      3147      3399      3400      3416      3415         1
      2768      3132      3133      3149      3148      3400      3401      3417      3416         1
      2769      3133      3134      3150      3149      3401      3402      3418      3417         1
      2770      3134      3135      3151      3150      3402      3403      3419      3418         1
      2771      3135      3136      3152      3151      3403      3404      3420      3419         1
      2772      3136      3137      3153      3152      3404      3405      3421      3420         1
      2773      3137      3138      3154      3153      3405      3406      3422      3421         1
      2774      3138      3139      3155      3154      3406      3407      3423      3422         1
      2775      3139      3140      3156      3155      3407      3408      3424      3423         1
      2776      3141      3142      3158      3157      3409      3410      3426      3425         1
      2777      3142      3143      3159      3158      3410      3411      3427      3426         1
      2778      3143      3144      3160      3159      3411      3412      3428      3427         1
      2779      3144      3145      3161      3160      3412      3413      3429      3428         1
      2780      3145      3146      3162      3161      3413      3414      3430      3429         1
      2781      3146      3147      3163      3162      3414      3415      3431      3430         1
      2782      3147      3148      3164      3163      3415      3416      3432      3431         1
      2783      3148      3149      3165      3164      3416      3417      3433      3432         1
      2784      3149      3150      3166      3165      3417      3418      3434      3433         1
      2785      3150      3151      3167      3166      3418      3419      3435      3434         1
      2786      3151      3152      3168      3167      3419      3420      3436      3435         1
      2787      3152      3153      3169      3168      3420      3421      3437      3436         1
      2788      3153      3154      3170      3169      3421      3422      3438      3437         1
      2789      3154      3155      3171      3170      3422      3423      3439      3438         1
      2790      3155      3156      3172      3171      3423      3424      3440      3439         1
      2791      3157      3158      3174      3173      3425      3426      3442      3441         1
      2792      3158      3159      3175      3174      3426      3427      3443      3442         1
      2793      3159      3160      3176      3175      3427      3428      3444      3443         1
      2794      3160      3161      3177      3176      3428      3429      3445      3444         1
      2795      3161      3162      3178      3177      3429      3430      3446      3445         1
      2796      3162      3163      3179      3178      3430      3431      3447      3446         1
      2797      3163      3164      3180      3179      3431      3432      3448      3447         1
      2798      3164      3165      3181      3180      3432      3433      3449      3448         1
      2799      3165      3166      3182      3181      3433      3434      3450      3449         1
      2800      3166      3167      3183      3182      3434      3435      3451      3450         1
      2801      3167      3168      3184      3183      3435      3436      3452      3451         1
      2802      3168      3169      3185      3184      3436      3437      3453      3452         1
      2803      3169      3170      3186      3185      3437      3438      3454      3453         1
      2804      3170      3171      3187      3186      3438      3439      3455      3454         1
      2805      3171      3172      3188      3187      3439      3440      3456      3455         1
      2806      3173      3174      3190      3189      3441      3442      3458      3457         1
      2807      3174      3175      3191      3190      3442      3443      3459      3458         1
      2808      3175      3176      3192      3191      3443      3444      3460      3459         1
      2809      3176      3177      3193      3192      3444      3445      3461      3460         1
      2810      3177      3178      3194      3193      3445      3446      3462      3461         1
      2811      3178      3179      3195      3194      3446      3447      3463      3462         1
      2812      3179      3180      3196      3195      3447      3448      3464      3463         1
      2813      3180      3181      3197      3196      3448      3449      3465      3464         1
      2814      3181      3182      3198      3197      3449      3450      3466      3465         1
      2815      3182      3183      3199      3198      3450      3451      3467      3466         1
      2816      3183      3184      3200      3199      3451      3452      3468      3467         1
      2817      3184      3185      3201      3200      3452      3453      3469      3468         1
      2818      3185      3186      3202      3201      3453      3454      3470      3469         1
      2819      3186      3187      3203      3202      3454      3455      3471      3470         1
      2820      3187      3188      3204      3203      3455      3456      3472      3471         1
      2821      3209      3210      3206      3205      3477      3478      3474      3473         1
      2822      3210      3211      3207      3206      3478      3479      3475      3474         1
      2823      3211      3212      3208      3207      3479      3480      3476      3475         1
      2824      3212      3209      3205      3208      3480      3477      3473      3476         1
      2825      3213      3214      3210      3209      3481      3482      3478      3477         1
      2826      3214      3215      3211      3210      3482      3483      3479      3478         1
      2827      3215      3216      3212      3211      3483      3484      3480      3479         1
      2828      3216      3213      3209      3212      3484      3481      3477      3480         1
      2829      3068      3069      3214      3213      3336      3337      3482      3481         1
      2830      3069      3085      3215      3214      3337      3353      3483      3482         1
      2831      3085      3084      3216      3215      3353      3352      3484      3483         1
      2832      3084      3068      3213      3216      3352      3336      3481      3484         1
      2833      3217      3218      3234      3233      3485      3486      3502      3501         1
      2834      3218      3219      3235      3234      3486      3487      3503      3502         1
      2835      3219      3220      3236      3235      3487      3488      3504      3503         1
      2836      3220      3221      3237      3236      3488      3489      3505      3504         1
      2837      3221      3222      3238      3237      3489      3490      3506      3505         1
      2838      3222      3223      3239      3238      3490      3491      3507      3506         1
      2839      3223      3224      3240      3239      3491      3492      3508      3507         1
      2840      3224      3225      3241      3240      3492      3493      3509      3508         1
      2841      3225      3226      3242      3241      3493      3494      3510      3509         1
      2842      3226      3227      3243      3242      3494      3495      3511      3510         1
      2843      3227      3228      3244      3243      3495      3496      3512      3511         1
      2844      3228      3229      3245      3244      3496      3497      3513      3512         1
      2845      3229      3230      3246      3245      3497      3498      3514      3513         1
      2846      3230      3231      3247      3246      3498      3499      3515      3514         1
      2847      3231      3232      3248      3247      3499      3500      3516      3515         1
      2848      3233      3234      3250      3249      3501      3502      3518      3517         1
      2849      3234      3235      3251      3250      3502      3503      3519      3518         1
      2850      3235      3236      3252      3251      3503      3504      3520      3519         1
      2851      3236      3237      3253      3252      3504      3505      3521      3520         1
      2852      3237      3238      3254      3253      3505      3506      3522      3521         1
      2853      3238      3239      3255      3254      3506      3507      3523      3522         1
      2854      3239      3240      3256      3255      3507      3508      3524      3523         1
      2855      3240      3241      3257      3256      3508      3509      3525      3524         1
      2856      3241      3242      3258      3257      3509      3510      3526      3525         1
      2857      3242      3243      3259      3258      3510      3511      3527      3526         1
      2858      3243      3244      3260      3259      3511      3512      3528      3527         1
      2859      3244      3245      3261      3260      3512      3513      3529      3528         1
      2860      3245      3246      3262      3261      3513      3514      3530      3529         1
      2861      3246      3247      3263      3262      3514      3515      3531      3530         1
      2862      3247      3248      3264      3263      3515      3516      3532      3531         1
      2863      3249      3250      3266      3265      3517      3518      3534      3533         1
      2864      3250      3251      3267      3266      3518      3519      3535      3534         1
      2865      3251      3252      3268      3267      3519      3520      3536      3535         1
      2866      3252      3253      3269      3268      3520      3521      3537      3536         1
      2867      3253      3254      3270      3269      3521      3522      3538      3537         1
      2868      3254      3255      3271      3270      3522      3523      3539      3538         1
      2869      3255      3256      3272      3271      3523      3524      3540      3539         1
      2870      3256      3257      3273      3272      3524      3525      3541      3540         1
      2871      3257      3258      3274      3273      3525      3526      3542      3541         1
      2872      3258      3259      3275      3274      3526      3527      3543      3542         1
      2873      3259      3260      3276      3275      3527      3528      3544      3543         1
      2874      3260      3261      3277      3276      3528      3529      3545      3544         1
      2875      3261      3262      3278      3277      3529      3530      3546      3545         1
      2876      3262      3263      3279      3278      3530      3531      3547      3546         1
      2877      3263      3264      3280      3279      3531      3532      3548      3547         1
      2878      3265      3266      3282      3281      3533      3534      3550      3549         1
      2879      3266      3267      3283      3282      3534      3535      3551      3550         1
      2880      3267      3268      3284      3283      3535      3536      3552      3551         1
      2881      3268      3269      3285      3284      3536      3537      3553      3552         1
      2882      3269      3270      3286      3285      3537      3538      3554      3553         1
      2883      3270      3271      3287      3286      3538      3539      3555      3554         1
      2884      3271      3272      3288      3287      3539      3540      3556      3555         1
      2885      3272      3273      3289      3288      3540      3541      3557      3556         1
      2886      3273      3274      3290      3289      3541      3542      3558      3557         1
      2887      3274      3275      3291      3290      3542      3543      3559      3558         1
      2888      3275      3276      3292      3291      3543      3544      3560      3559         1
      2889      3276      3277      3293      3292      3544      3545      3561      3560         1
      2890      3277      3278      3294      3293      3545      3546      3562      3561         1
      2891      3278      3279      3295      3294      3546      3547      3563      3562         1
      2892      3279      3280      3296      3295      3547      3548      3564      3563         1
      2893      3281      3282      3298      3297      3549      3550      3566      3565         1
      2894      3282      3283      3299      3298      3550      3551      3567      3566         1
      2895      3283      3284      3300      3299      3551      3552      3568      3567         1
      2896      3284      3285      3301      3300      3552      3553      3569      3568         1
      2897      3285      3286      3302      3301      3553      3554      3570      3569         1
      2898      3286      3287      3303      3302      3554      3555      3571      3570         1
      2899      3287      3288      3304      3303      3555      3556      3572      3571         1
      2900      3288      3289      3305      3304      3556      3557      3573      3572         1
      2901      3289      3290      3306      3305      3557      3558      3574      3573         1
      2902      3290      3291      3307      3306      3558      3559      3575      3574         1
      2903      3291      3292      3308      3307      3559      3560      3576      3575         1
      2904      3292      3293      3309      3308      3560      3561      3577      3576         1
      2905      3293      3294      3310      3309      3561      3562      3578      3577         1
      2906      3294      3295      3311      3310      3562      3563      3579      3578         1
      2907      3295      3296      3312      3311      3563      3564      3580      3579         1
      2908      3297      3298      3314      3313      3565      3566      3582      3581         1
      2909      3298      3299      3315      3314      3566      3567      3583      3582         1
      2910      3299      3300      3316      3315      3567      3568      3584      3583         1
      2911      3300      3301      3317      3316      3568      3569      3585      3584         1
      2912      3301      3302      3318      3317      3569      3570      3586      3585         1
      2913      3302      3303      3319      3318      3570      3571      3587      3586         1
      2914      3303      3304      3320      3319      3571      3572      3588      3587         1
      2915      3304      3305      3321      3320      3572      3573      3589      3588         1
      2916      3305      3306      3322      3321      3573      3574      3590      3589         1
      2917      3306      3307      3323      3322      3574      3575      3591      3590         1
      2918      3307      3308      3324      3323      3575      3576      3592      3591         1
      2919      3308      3309      3325      3324      3576      3577      3593      3592         1
      2920      3309      3310      3326      3325      3577      3578      3594      3593         1
      2921      3310      3311      3327      3326      3578      3579      3595      3594         1
      2922      3311      3312      3328      3327      3579      3580      3596      3595         1
      2923      3313      3314      3330      3329      3581      3582      3598      3597         1
      2924      3314      3315      3331      3330      3582      3583      3599      3598         1
      2925      3315      3316      3332      3331      3583      3584      3600      3599         1
      2926      3316      3317      3333      3332      3584      3585      3601      3600         1
      2927      3317      3318      3334      3333      3585      3586      3602      3601         1
      2928      3318      3319      3335      3334      3586      3587      3603      3602         1
      2929      3319      3320      3336      3335      3587      3588      3604      3603         1
      2930      3320      3321      3337      3336      3588      3589      3605      3604         1
      2931      3321      3322      3338      3337      3589      3590      3606      3605         1
      2932      3322      3323      3339      3338      3590      3591      3607      3606         1
      2933      3323      3324      3340      3339      3591      3592      3608      3607         1
      2934      3324      3325      3341      3340      3592      3593      3609      3608         1
      2935      3325      3326      3342      3341      3593      3594      3610      3609         1
      2936      3326      3327      3343      3342      3594      3595      3611      3610         1
      2937      3327      3328      3344      3343      3595      3596      3612      3611         1
      2938      3329      3330      3346      3345      3597      3598      3614      3613         1
      2939      3330      3331      3347      3346      3598      3599      3615      3614         1
      2940      3331      3332      3348      3347      3599      3600      3616      3615         1
      2941      3332      3333      3349      3348      3600      3601      3617      3616         1
      2942      3333      3334      3350      3349      3601      3602      3618      3617         1
      2943      3334      3335      3351      3350      3602      3603      3619      3618         1
      2944      3335      3336      3352      3351      3603      3604      3620      3619         1
      2945      3337      3338      3354      3353      3605      3606      3622      3621         1
      2946      3338      3339      3355      3354      3606      3607      3623      3622         1
      2947      3339      3340      3356      3355      3607      3608      3624      3623         1
      2948      3340      3341      3357      3356      3608      3609      3625      3624         1
      2949      3341      3342      3358      3357      3609      3610      3626      3625         1
      2950      3342      3343      3359      3358      3610      3611      3627      3626         1
      2951      3343      3344      3360      3359      3611      3612      3628      3627         1
      2952      3345      3346      3362      3361      3613      3614      3630      3629         1
      2953      3346      3347      3363      3362      3614      3615      3631      3630         1
      2954      3347      3348      3364      3363      3615      3616      3632      3631         1
      2955      3348      3349      3365      3364      3616      3617      3633      3632         1
      2956      3349      3350      3366      3365      3617      3618      3634      3633         1
      2957      3350      3351      3367      3366      3618      3619      3635      3634         1
      2958      3351      3352      3368      3367      3619      3620      3636      3635         1
      2959      3352      3353      3369      3368      3620      3621      3637      3636         1
      2960      3353      3354      3370      3369      3621      3622      3638      3637         1
      2961      3354      3355      3371      3370      3622      3623      3639      3638         1
      2962      3355      3356      3372      3371      3623      3624      3640      3639         1
      2963      3356      3357      3373      3372      3624      3625      3641      3640         1
      2964      3357      3358      3374      3373      3625      3626      3642      3641         1
      2965      3358      3359      3375      3374      3626      3627      3643      3642         1
      2966      3359      3360      3376      3375      3627      3628      3644      3643         1
      2967      3361      3362      3378      3377      3629      3630      3646      3645         1
      2968      3362      3363      3379      3378      3630      3631      3647      3646         1
      2969      3363      3364      3380      3379      3631      3632      3648      3647         1
      2970      3364      3365      3381      3380      3632      3633      3649      3648         1
      2971      3365      3366      3382      3381      3633      3634      3650      3649         1
      2972      3366      3367      3383      3382      3634      3635      3651      3650         1
      2973      3367      3368      3384      3383      3635      3636      3652      3651         1
      2974      3368      3369      3385      3384      3636      3637      3653      3652         1
      2975      3369      3370      3386      3385      3637      3638      3654      3653         1
      2976      3370      3371      3387      3386      3638      3639      3655      3654         1
      2977      3371      3372      3388      3387      3639      3640      3656      3655         1
      2978      3372      3373      3389      3388      3640      3641      3657      3656         1
      2979      3373      3374      3390      3389      3641      3642      3658      3657         1
      2980      3374      3375      3391      3390      3642      3643      3659      3658         1
      2981      3375      3376      3392      3391      3643      3644      3660      3659         1
      2982      3377      3378      3394      3393      3645      3646      3662      3661         1
      2983      3378      3379      3395      3394      3646      3647      3663      3662         1
      2984      3379      3380      3396      3395      3647      3648      3664      3663         1
      2985      3380      3381      3397      3396      3648      3649      3665      3664         1
      2986      3381      3382      3398      3397      3649      3650      3666      3665         1
      2987      3382      3383      3399      3398      3650      3651      3667      3666         1
      2988      3383      3384      3400      3399      3651      3652      3668      3667         1
      2989      3384      3385      3401      3400      3652      3653      3669      3668         1
      2990      3385      3386      3402      3401      3653      3654      3670      3669         1
      2991      3386      3387      3403      3402      3654      3655      3671      3670         1
      2992      3387      3388      3404      3403      3655      3656      3672      3671         1
      2993      3388      3389      3405      3404      3656      3657      3673      3672         1
      2994      3389      3390      3406      3405      3657      3658      3674      3673         1
      2995      3390      3391      3407      3406      3658      3659      3675      3674         1
      2996      3391      3392      3408      3407      3659      3660      3676      3675         1
      2997      3393      3394      3410      3409      3661      3662      3678      3677         1
      2998      3394      3395      3411      3410      3662      3663      3679      3678         1
      2999      3395      3396      3412      3411      3663      3664      3680      3679         1
      3000      3396      3397      3413      3412      3664      3665      3681      3680         1
      3001      3397      3398      3414      3413      3665      3666      3682      3681         1
      3002      3398      3399      3415      3414      3666      3667      3683      3682         1
      3003      3399      3400      3416      3415      3667      3668      3684      3683         1
      3004      3400      3401      3417      3416      3668      3669      3685      3684         1
      3005      3401      3402      3418      3417      3669      3670      3686      3685         1
      3006      3402      3403      3419      3418      3670      3671      3687      3686         1
      3007      3403      3404      3420      3419      3671      3672      3688      3687         1
      3008      3404      3405      3421      3420      3672      3673      3689      3688         1
      3009      3405      3406      3422      3421      3673      3674      3690      3689         1
      3010      3406      3407      3423      3422      3674      3675      3691      3690         1
      3011      3407      3408      3424      3423      3675      3676      3692      3691         1
      3012      3409      3410      3426      3425      3677      3678      3694      3693         1
      3013      3410      3411      3427      3426      3678      3679      3695      3694         1
      3014      3411      3412      3428      3427      3679      3680      3696      3695         1
      3015      3412      3413      3429      3428      3680      3681      3697      3696         1
      3016      3413      3414      3430      3429      3681      3682      3698      3697         1
      3017      3414      3415      3431      3430      3682      3683      3699      3698         1
      3018      3415      3416      3432      3431      3683      3684      3700      3699         1
      3019      3416      3417      3433      3432      3684      3685      3701      3700         1
      3020      3417      3418      3434      3433      3685      3686      3702      3701         1
      3021      3418      3419      3435      3434      3686      3687      3703      3702         1
      3022      3419      3420      3436      3435      3687      3688      3704      3703         1
      3023      3420      3421      3437      3436      3688      3689      3705      3704         1
      3024      3421      3422      3438      3437      3689      3690      3706      3705         1
      3025      3422      3423      3439      3438      3690      3691      3707      3706         1
      3026      3423      3424      3440      3439      3691      3692      3708      3707         1
      3027      3425      3426      3442      3441      3693      3694      3710      3709         1
      3028      3426      3427      3443      3442      3694      3695      3711      3710         1
      3029      3427      3428      3444      3443      3695      3696      3712      3711         1
      3030      3428      3429      3445      3444      3696      3697      3713      3712         1
      3031      3429      3430      3446      3445      3697      3698      3714      3713         1
      3032      3430      3431      3447      3446      3698      3699      3715      3714         1
      3033      3431      3432      3448      3447      3699      3700      3716      3715         1
      3034      3432      3433      3449      3448      3700      3701      3717      3716         1
      3035      3433      3434      3450      3449      3701      3702      3718      3717         1
      3036      3434      3435      3451      3450      3702      3703      3719      3718         1
      3037      3435      3436      3452      3451      3703      3704      3720      3719         1
      3038      3436      3437      3453      3452      3704      3705      3721      3720         1
      3039      3437      3438      3454      3453      3705      3706      3722      3721         1
      3040      3438      3439      3455      3454      3706      3707      3723      3722         1
      3041      3439      3440      3456      3455      3707      3708      3724      3723         1
      3042      3441      3442      3458      3457      3709      3710      3726      3725         1
      3043      3442      3443      3459      3458      3710      3711      3727      3726         1
      3044      3443      3444      3460      3459      3711      3712      3728      3727         1
      3045      3444      3445      3461      3460      3712      3713      3729      3728         1
      3046      3445      3446      3462      3461      3713      3714      3730      3729         1
      3047      3446      3447      3463      3462      3714      3715      3731      3730         1
      3048      3447      3448      3464      3463      3715      3716      3732      3731         1
      3049      3448      3449      3465      3464      3716      3717      3733      3732         1
      3050      3449      3450      3466      3465      3717      3718      3734      3733         1
      3051      3450      3451      3467      3466      3718      3719      3735      3734         1
      3052      3451      3452      3468      3467      3719      3720      3736      3735         1
      3053      3452      3453      3469      3468      3720      3721      3737      3736         1
      3054      3453      3454      3470      3469      3721      3722      3738      3737         1
      3055      3454      3455      3471      3470      3722      3723      3739      3738         1
      3056      3455      3456      3472      3471      3723      3724      3740      3739         1
      3057      3477      3478      3474      3473      3745      3746      3742      3741         1
      3058      3478      3479      3475      3474      3746      3747      3743      3742         1
      3059      3479      3480      3476      3475      3747      3748      3744      3743         1
      3060      3480      3477      3473      3476      3748      3745      3741      3744         1
      3061      3481      3482      3478      3477      3749      3750      3746      3745         1
      3062      3482      3483      3479      3478      3750      3751      3747      3746         1
      3063      3483      3484      3480      3479      3751      3752      3748      3747         1
      3064      3484      3481      3477      3480      3752      3749      3745      3748         1
      3065      3336      3337      3482      3481      3604      3605      3750      3749         1
      3066      3337      3353      3483      3482      3605      3621      3751      3750         1
      3067      3353      3352      3484      3483      3621      3620      3752      3751         1
      3068      3352      3336      3481      3484      3620      3604      3749      3752         1
      3069      3485      3486      3502      3501      3753      3754      3770      3769         1
      3070      3486      3487      3503      3502      3754      3755      3771      3770         1
      3071      3487      3488      3504      3503      3755      3756      3772      3771         1
      3072      3488      3489      3505      3504      3756      3757      3773      3772         1
      3073      3489      3490      3506      3505      3757      3758      3774      3773         1
      3074      3490      3491      3507      3506      3758      3759      3775      3774         1
      3075      3491      3492      3508      3507      3759      3760      3776      3775         1
      3076      3492      3493      3509      3508      3760      3761      3777      3776         1
      3077      3493      3494      3510      3509      3761      3762      3778      3777         1
      3078      3494      3495      3511      3510      3762      3763      3779      3778         1
      3079      3495      3496      3512      3511      3763      3764      3780      3779         1
      3080      3496      3497      3513      3512      3764      3765      3781      3780         1
      3081      3497      3498      3514      3513      3765      3766      3782      3781         1
      3082      3498      3499      3515      3514      3766      3767      3783      3782         1
      3083      3499      3500      3516      3515      3767      3768      3784      3783         1
      3084      3501      3502      3518      3517      3769      3770      3786      3785         1
      3085      3502      3503      3519      3518      3770      3771      3787      3786         1
      3086      3503      3504      3520      3519      3771      3772      3788      3787         1
      3087      3504      3505      3521      3520      3772      3773      3789      3788         1
      3088      3505      3506      3522      3521      3773      3774      3790      3789         1
      3089      3506      3507      3523      3522      3774      3775      3791      3790         1
      3090      3507      3508      3524      3523      3775      3776      3792      3791         1
      3091      3508      3509      3525      3524      3776      3777      3793      3792         1
      3092      3509      3510      3526      3525      3777      3778      3794      3793         1
      3093      3510      3511      3527      3526      3778      3779      3795      3794         1
      3094      3511      3512      3528      3527      3779      3780      3796      3795         1
      3095      3512      3513      3529      3528      3780      3781      3797      3796         1
      3096      3513      3514      3530      3529      3781      3782      3798      3797         1
      3097      3514      3515      3531      3530      3782      3783      3799      3798         1
      3098      3515      3516      3532      3531      3783      3784      3800      3799         1
      3099      3517      3518      3534      3533      3785      3786      3802      3801         1
      3100      3518      3519      3535      3534      3786      3787      3803      3802         1
      3101      3519      3520      3536      3535      3787      3788      3804      3803         1
      3102      3520      3521      3537      3536      3788      3789      3805      3804         1
      3103      3521      3522      3538      3537      3789      3790      3806      3805         1
      3104      3522      3523      3539      3538      3790      3791      3807      3806         1
      3105      3523      3524      3540      3539      3791      3792      3808      3807         1
      3106      3524      3525      3541      3540      3792      3793      3809      3808         1
      3107      3525      3526      3542      3541      3793      3794      3810      3809         1
      3108      3526      3527      3543      3542      3794      3795      3811      3810         1
      3109      3527      3528      3544      3543      3795      3796      3812      3811         1
      3110      3528      3529      3545      3544      3796      3797      3813      3812         1
      3111      3529      3530      3546      3545      3797      3798      3814      3813         1
      3112      3530      3531      3547      3546      3798      3799      3815      3814         1
      3113      3531      3532      3548      3547      3799      3800      3816      3815         1
      3114      3533      3534      3550      3549      3801      3802      3818      3817         1
      3115      3534      3535      3551      3550      3802      3803      3819      3818         1
      3116      3535      3536      3552      3551      3803      3804      3820      3819         1
      3117      3536      3537      3553      3552      3804      3805      3821      3820         1
      3118      3537      3538      3554      3553      3805      3806      3822      3821         1
      3119      3538      3539      3555      3554      3806      3807      3823      3822         1
      3120      3539      3540      3556      3555      3807      3808      3824      3823         1
      3121      3540      3541      3557      3556      3808      3809      3825      3824         1
      3122      3541      3542      3558      3557      3809      3810      3826      3825         1
      3123      3542      3543      3559      3558      3810      3811      3827      3826         1
      3124      3543      3544      3560      3559      3811      3812      3828      3827         1
      3125      3544      3545      3561      3560      3812      3813      3829      3828         1
      3126      3545      3546      3562      3561      3813      3814      3830      3829         1
      3127      3546      3547      3563      3562      3814      3815      3831      3830         1
      3128      3547      3548      3564      3563      3815      3816      3832      3831         1
      3129      3549      3550      3566      3565      3817      3818      3834      3833         1
      3130      3550      3551      3567      3566      3818      3819      3835      3834         1
      3131      3551      3552      3568      3567      3819      3820      3836      3835         1
      3132      3552      3553      3569      3568      3820      3821      3837      3836         1
      3133      3553      3554      3570      3569      3821      3822      3838      3837         1
      3134      3554      3555      3571      3570      3822      3823      3839      3838         1
      3135      3555      3556      3572      3571      3823      3824      3840      3839         1
      3136      3556      3557      3573      3572      3824      3825      3841      3840         1
      3137      3557      3558      3574      3573      3825      3826      3842      3841         1
      3138      3558      3559      3575      3574      3826      3827      3843      3842         1
      3139      3559      3560      3576      3575      3827      3828      3844      3843         1
      3140      3560      3561      3577      3576      3828      3829      3845      3844         1
      3141      3561      3562      3578      3577      3829      3830      3846      3845         1
      3142      3562      3563      3579      3578      3830      3831      3847      3846         1
      3143      3563      3564      3580      3579      3831      3832      3848      3847         1
      3144      3565      3566      3582      3581      3833      3834      3850      3849         1
      3145      3566      3567      3583      3582      3834      3835      3851      3850         1
      3146      3567      3568      3584      3583      3835      3836      3852      3851         1
      3147      3568      3569      3585      3584      3836      3837      3853      3852         1
      3148      3569      3570      3586      3585      3837      3838      3854      3853         1
      3149      3570      3571      3587      3586      3838      3839      3855      3854         1
      3150      3571      3572      3588      3587      3839      3840      3856      3855         1
      3151      3572      3573      3589      3588      3840      3841      3857      3856         1
      3152      3573      3574      3590      3589      3841      3842      3858      3857         1
      3153      3574      3575      3591      3590      3842      3843      3859      3858         1
      3154      3575      3576      3592      3591      3843      3844      3860      3859         1
      3155      3576      3577      3593      3592      3844      3845      3861      3860         1
      3156      3577      3578      3594      3593      3845      3846      3862      3861         1
      3157      3578      3579      3595      3594      3846      3847      3863      3862         1
      3158      3579      3580      3596      3595      3847      3848      3864      3863         1
      3159      3581      3582      3598      3597      3849      3850      3866      3865         1
      3160      3582      3583      3599      3598      3850      3851      3867      3866         1
      3161      3583      3584      3600      3599      3851      3852      3868      3867         1
      3162      3584      3585      3601      3600      3852      3853      3869      3868         1
      3163      3585      3586      3602      3601      3853      3854      3870      3869         1
      3164      3586      3587      3603      3602      3854      3855      3871      3870         1
      3165      3587      3588      3604      3603      3855      3856      3872      3871         1
      3166      3588      3589      3605      3604      3856      3857      3873      3872         1
      3167      3589      3590      3606      3605      3857      3858      3874      3873         1
      3168      3590      3591      3607      3606      3858      3859      3875      3874         1
      3169      3591      3592      3608      3607      3859      3860      3876      3875         1
      3170      3592      3593      3609      3608      3860      3861      3877      3876         1
      3171      3593      3594      3610      3609      3861      3862      3878      3877         1
      3172      3594      3595      3611      3610      3862      3863      3879      3878         1
      3173      3595      3596      3612      3611      3863      3864      3880      3879         1
      3174      3597      3598      3614      3613      3865      3866      3882      3881         1
      3175      3598      3599      3615      3614      3866      3867      3883      3882         1
      3176      3599      3600      3616      3615      3867      3868      3884      3883         1
      3177      3600      3601      3617      3616      3868      3869      3885      3884         1
      3178      3601      3602      3618      3617      3869      3870      3886      3885         1
      3179      3602      3603      3619      3618      3870      3871      3887      3886         1
      3180      3603      3604      3620      3619      3871      3872      3888      3887         1
      3181      3605      3606      3622      3621      3873      3874      3890      3889         1
      3182      3606      3607      3623      3622      3874      3875      3891      3890         1
      3183      3607      3608      3624      3623      3875      3876      3892      3891         1
      3184      3608      3609      3625      3624      3876      3877      3893      3892         1
      3185      3609      3610      3626      3625      3877      3878      3894      3893         1
      3186      3610      3611      3627      3626      3878      3879      3895      3894         1
      3187      3611      3612      3628      3627      3879      3880      3896      3895         1
      3188      3613      3614      3630      3629      3881      3882      3898      3897         1
      3189      3614      3615      3631      3630      3882      3883      3899      3898         1
      3190      3615      3616      3632      3631      3883      3884      3900      3899         1
      3191      3616      3617      3633      3632      3884      3885      3901      3900         1
      3192      3617      3618      3634      3633      3885      3886      3902      3901         1
      3193      3618      3619      3635      3634      3886      3887      3903      3902         1
      3194      3619      3620      3636      3635      3887      3888      3904      3903         1
      3195      3620      3621      3637      3636      3888      3889      3905      3904         1
      3196      3621      3622      3638      3637      3889      3890      3906      3905         1
      3197      3622      3623      3639      3638      3890      3891      3907      3906         1
      3198      3623      3624      3640      3639      3891      3892      3908      3907         1
      3199      3624      3625      3641      3640      3892      3893      3909      3908         1
      3200      3625      3626      3642      3641      3893      3894      3910      3909         1
      3201      3626      3627      3643      3642      3894      3895      3911      3910         1
      3202      3627      3628      3644      3643      3895      3896      3912      3911         1
      3203      3629      3630      3646      3645      3897      3898      3914      3913         1
      3204      3630      3631      3647      3646      3898      3899      3915      3914         1
      3205      3631      3632      3648      3647      3899      3900      3916      3915         1
      3206      3632      3633      3649      3648      3900      3901      3917      3916         1
      3207      3633      3634      3650      3649      3901      3902      3918      3917         1
      3208      3634      3635      3651      3650      3902      3903      3919      3918         1
      3209      3635      3636      3652      3651      3903      3904      3920      3919         1
      3210      3636      3637      3653      3652      3904      3905      3921      3920         1
      3211      3637      3638      3654      3653      3905      3906      3922      3921         1
      3212      3638      3639      3655      3654      3906      3907      3923      3922         1
      3213      3639      3640      3656      3655      3907      3908      3924      3923         1
      3214      3640      3641      3657      3656      3908      3909      3925      3924         1
      3215      3641      3642      3658      3657      3909      3910      3926      3925         1
      3216      3642      3643      3659      3658      3910      3911      3927      3926         1
      3217      3643      3644      3660      3659      3911      3912      3928      3927         1
      3218      3645      3646      3662      3661      3913      3914      3930      3929         1
      3219      3646      3647      3663      3662      3914      3915      3931      3930         1
      3220      3647      3648      3664      3663      3915      3916      3932      3931         1
      3221      3648      3649      3665      3664      3916      3917      3933      3932         1
      3222      3649      3650      3666      3665      3917      3918      3934      3933         1
      3223      3650      3651      3667      3666      3918      3919      3935      3934         1
      3224      3651      3652      3668      3667      3919      3920      3936      3935         1
      3225      3652      3653      3669      3668      3920      3921      3937      3936         1
      3226      3653      3654      3670      3669      3921      3922      3938      3937         1
      3227      3654      3655      3671      3670      3922      3923      3939      3938         1
      3228      3655      3656      3672      3671      3923      3924      3940      3939         1
      3229      3656      3657      3673      3672      3924      3925      3941      3940         1
      3230      3657      3658      3674      3673      3925      3926      3942      3941         1
      3231      3658      3659      3675      3674      3926      3927      3943      3942         1
      3232      3659      3660      3676      3675      3927      3928      3944      3943         1
      3233      3661      3662      3678      3677      3929      3930      3946      3945         1
      3234      3662      3663      3679      3678      3930      3931      3947      3946         1
      3235      3663      3664      3680      3679      3931      3932      3948      3947         1
      3236      3664      3665      3681      3680      3932      3933      3949      3948         1
      3237      3665      3666      3682      3681      3933      3934      3950      3949         1
      3238      3666      3667      3683      3682      3934      3935      3951      3950         1
      3239      3667      3668      3684      3683      3935      3936      3952      3951         1
      3240      3668      3669      3685      3684      3936      3937      3953      3952         1
      3241      3669      3670      3686      3685      3937      3938      3954      3953         1
      3242      3670      3671      3687      3686      3938      3939      3955      3954         1
      3243      3671      3672      3688      3687      3939      3940      3956      3955         1
      3244      3672      3673      3689      3688      3940      3941      3957      3956         1
      3245      3673      3674      3690      3689      3941      3942      3958      3957         1
      3246      3674      3675      3691      3690      3942      3943      3959      3958         1
      3247      3675      3676      3692      3691      3943      3944      3960      3959         1
      3248      3677      3678      3694      3693      3945      3946      3962      3961         1
      3249      3678      3679      3695      3694      3946      3947      3963      3962         1
      3250      3679      3680      3696      3695      3947      3948      3964      3963         1
      3251      3680      3681      3697      3696      3948      3949      3965      3964         1
      3252      3681      3682      3698      3697      3949      3950      3966      3965         1
      3253      3682      3683      3699      3698      3950      3951      3967      3966         1
      3254      3683      3684      3700      3699      3951      3952      3968      3967         1
      3255      3684      3685      3701      3700      3952      3953      3969      3968         1
      3256      3685      3686      3702      3701      3953      3954      3970      3969         1
      3257      3686      3687      3703      3702      3954      3955      3971      3970         1
      3258      3687      3688      3704      3703      3955      3956      3972      3971         1
      3259      3688      3689      3705      3704      3956      3957      3973      3972         1
      3260      3689      3690      3706      3705      3957      3958      3974      3973         1
      3261      3690      3691      3707      3706      3958      3959      3975      3974         1
      3262      3691      3692      3708      3707      3959      3960      3976      3975         1
      3263      3693      3694      3710      3709      3961      3962      3978      3977         1
      3264      3694      3695      3711      3710      3962      3963      3979      3978         1
      3265      3695      3696      3712      3711      3963      3964      3980      3979         1
      3266      3696      3697      3713      3712      3964      3965      3981      3980         1
      3267      3697      3698      3714      3713      3965      3966      3982      3981         1
      3268      3698      3699      3715      3714      3966      3967      3983      3982         1
      3269      3699      3700      3716      3715      3967      3968      3984      3983         1
      3270      3700      3701      3717      3716      3968      3969      3985      3984         1
      3271      3701      3702      3718      3717      3969      3970      3986      3985         1
      3272      3702      3703      3719      3718      3970      3971      3987      3986         1
      3273      3703      3704      3720      3719      3971      3972      3988      3987         1
      3274      3704      3705      3721      3720      3972      3973      3989      3988         1
      3275      3705      3706      3722      3721      3973      3974      3990      3989         1
      3276      3706      3707      3723      3722      3974      3975      3991      3990         1
      3277      3707      3708      3724      3723      3975      3976      3992      3991         1
      3278      3709      3710      3726      3725      3977      3978      3994      3993         1
      3279      3710      3711      3727      3726      3978      3979      3995      3994         1
      3280      3711      3712      3728      3727      3979      3980      3996      3995         1
      3281      3712      3713      3729      3728      3980      3981      3997      3996         1
      3282      3713      3714      3730      3729      3981      3982      3998      3997         1
      3283      3714      3715      3731      3730      3982      3983      3999      3998         1
      3284      3715      3716      3732      3731      3983      3984      4000      3999         1
      3285      3716      3717      3733      3732      3984      3985      4001      4000         1
      3286      3717      3718      3734      3733      3985      3986      4002      4001         1
      3287      3718      3719      3735      3734      3986      3987      4003      4002         1
      3288      3719      3720      3736      3735      3987      3988      4004      4003         1
      3289      3720      3721      3737      3736      3988      3989      4005      4004         1
      3290      3721      3722      3738      3737      3989      3990      4006      4005         1
      3291      3722      3723      3739      3738      3990      3991      4007      4006         1
      3292      3723      3724      3740      3739      3991      3992      4008      4007         1
      3293      3745      3746      3742      3741      4013      4014      4010      4009         1
      3294      3746      3747      3743      3742      4014      4015      4011      4010         1
      3295      3747      3748      3744      3743      4015      4016      4012      4011         1
      3296      3748      3745      3741      3744      4016      4013      4009      4012         1
      3297      3749      3750      3746      3745      4017      4018      4014      4013         1
      3298      3750      3751      3747      3746      4018      4019      4015      4014         1
      3299      3751      3752      3748      3747      4019      4020      4016      4015         1
      3300      3752      3749      3745      3748      4020      4017      4013      4016         1
      3301      3604      3605      3750      3749      3872      3873      4018      4017         1
      3302      3605      3621      3751      3750      3873      3889      4019      4018         1
      3303      3621      3620      3752      3751      3889      3888      4020      4019         1
      3304      3620      3604      3749      3752      3888      3872      4017      4020         1
      3305      3753      3754      3770      3769      4021      4022      4038      4037         1
      3306      3754      3755      3771      3770      4022      4023      4039      4038         1
      3307      3755      3756      3772      3771      4023      4024      4040      4039         1
      3308      3756      3757      3773      3772      4024      4025      4041      4040         1
      3309      3757      3758      3774      3773      4025      4026      4042      4041         1
      3310      3758      3759      3775      3774      4026      4027      4043      4042         1
      3311      3759      3760      3776      3775      4027      4028      4044      4043         1
      3312      3760      3761      3777      3776      4028      4029      4045      4044         1
      3313      3761      3762      3778      3777      4029      4030      4046      4045         1
      3314      3762      3763      3779      3778      4030      4031      4047      4046         1
      3315      3763      3764      3780      3779      4031      4032      4048      4047         1
      3316      3764      3765      3781      3780      4032      4033      4049      4048         1
      3317      3765      3766      3782      3781      4033      4034      4050      4049         1
      3318      3766      3767      3783      3782      4034      4035      4051      4050         1
      3319      3767      3768      3784      3783      4035      4036      4052      4051         1
      3320      3769      3770      3786      3785      4037      4038      4054      4053         1
      3321      3770      3771      3787      3786      4038      4039      4055      4054         1
      3322      3771      3772      3788      3787      4039      4040      4056      4055         1
      3323      3772      3773      3789      3788      4040      4041      4057      4056         1
      3324      3773      3774      3790      3789      4041      4042      4058      4057         1
      3325      3774      3775      3791      3790      4042      4043      4059      4058         1
      3326      3775      3776      3792      3791      4043      4044      4060      4059         1
      3327      3776      3777      3793      3792      4044      4045      4061      4060         1
      3328      3777      3778      3794      3793      4045      4046      4062      4061         1
      3329      3778      3779      3795      3794      4046      4047      4063      4062         1
      3330      3779      3780      3796      3795      4047      4048      4064      4063         1
      3331      3780      3781      3797      3796      4048      4049      4065      4064         1
      3332      3781      3782      3798      3797      4049      4050      4066      4065         1
      3333      3782      3783      3799      3798      4050      4051      4067      4066         1
      3334      3783      3784      3800      3799      4051      4052      4068      4067         1
      3335      3785      3786      3802      3801      4053      4054      4070      4069         1
      3336      3786      3787      3803      3802      4054      4055      4071      4070         1
      3337      3787      3788      3804      3803      4055      4056      4072      4071         1
      3338      3788      3789      3805      3804      4056      4057      4073      4072         1
      3339      3789      3790      3806      3805      4057      4058      4074      4073         1
      3340      3790      3791      3807      3806      4058      4059      4075      4074         1
      3341      3791      3792      3808      3807      4059      4060      4076      4075         1
      3342      3792      3793      3809      3808      4060      4061      4077      4076         1
      3343      3793      3794      3810      3809      4061      4062      4078      4077         1
      3344      3794      3795      3811      3810      4062      4063      4079      4078         1
      3345      3795      3796      3812      3811      4063      4064      4080      4079         1
      3346      3796      3797      3813      3812      4064      4065      4081      4080         1
      3347      3797      3798      3814      3813      4065      4066      4082      4081         1
      3348      3798      3799      3815      3814      4066      4067      4083      4082         1
      3349      3799      3800      3816      3815      4067      4068      4084      4083         1
      3350      3801      3802      3818      3817      4069      4070      4086      4085         1
      3351      3802      3803      3819      3818      4070      4071      4087      4086         1
      3352      3803      3804      3820      3819      4071      4072      4088      4087         1
      3353      3804      3805      3821      3820      4072      4073      4089      4088         1
      3354      3805      3806      3822      3821      4073      4074      4090      4089         1
      3355      3806      3807      3823      3822      4074      4075      4091      4090         1
      3356      3807      3808      3824      3823      4075      4076      4092      4091         1
      3357      3808      3809      3825      3824      4076      4077      4093      4092         1
      3358      3809      3810      3826      3825      4077      4078      4094      4093         1
      3359      3810      3811      3827      3826      4078      4079      4095      4094         1
      3360      3811      3812      3828      3827      4079      4080      4096      4095         1
      3361      3812      3813      3829      3828      4080      4081      4097      4096         1
      3362      3813      3814      3830      3829      4081      4082      4098      4097         1
      3363      3814      3815      3831      3830      4082      4083      4099      4098         1
      3364      3815      3816      3832      3831      4083      4084      4100      4099         1
      3365      3817      3818      3834      3833      4085      4086      4102      4101         1
      3366      3818      3819      3835      3834      4086      4087      4103      4102         1
      3367      3819      3820      3836      3835      4087      4088      4104      4103         1
      3368      3820      3821      3837      3836      4088      4089      4105      4104         1
      3369      3821      3822      3838      3837      4089      4090      4106      4105         1
      3370      3822      3823      3839      3838      4090      4091      4107      4106         1
      3371      3823      3824      3840      3839      4091      4092      4108      4107         1
      3372      3824      3825      3841      3840      4092      4093      4109      4108         1
      3373      3825      3826      3842      3841      4093      4094      4110      4109         1
      3374      3826      3827      3843      3842      4094      4095      4111      4110         1
      3375      3827      3828      3844      3843      4095      4096      4112      4111         1
      3376      3828      3829      3845      3844      4096      4097      4113      4112         1
      3377      3829      3830      3846      3845      4097      4098      4114      4113         1
      3378      3830      3831      3847      3846      4098      4099      4115      4114         1
      3379      3831      3832      3848      3847      4099      4100      4116      4115         1
      3380      3833      3834      3850      3849      4101      4102      4118      4117         1
      3381      3834      3835      3851      3850      4102      4103      4119      4118         1
      3382      3835      3836      3852      3851      4103      4104      4120      4119         1
      3383      3836      3837      3853      3852      4104      4105      4121      4120         1
      3384      3837      3838      3854      3853      4105      4106      4122      4121         1
      3385      3838      3839      3855      3854      4106      4107      4123      4122         1
      3386      3839      3840      3856      3855      4107      4108      4124      4123         1
      3387      3840      3841      3857      3856      4108      4109      4125      4124         1
      3388      3841      3842      3858      3857      4109      4110      4126      4125         1
      3389      3842      3843      3859      3858      4110      4111      4127      4126         1
      3390      3843      3844      3860      3859      4111      4112      4128      4127         1
      3391      3844      3845      3861      3860      4112      4113      4129      4128         1
      3392      3845      3846      3862      3861      4113      4114      4130      4129         1
      3393      3846      3847      3863      3862      4114      4115      4131      4130         1
      3394      3847      3848      3864      3863      4115      4116      4132      4131         1
      3395      3849      3850      3866      3865      4117      4118      4134      4133         1
      3396      3850      3851      3867      3866      4118      4119      4135      4134         1
      3397      3851      3852      3868      3867      4119      4120      4136      4135         1
      3398      3852      3853      3869      3868      4120      4121      4137      4136         1
      3399      3853      3854      3870      3869      4121      4122      4138      4137         1
      3400      3854      3855      3871      3870      4122      4123      4139      4138         1
      3401      3855      3856      3872      3871      4123      4124      4140      4139         1
      3402      3856      3857      3873      3872      4124      4125      4141      4140         1
      3403      3857      3858      3874      3873      4125      4126      4142      4141         1
      3404      3858      3859      3875      3874      4126      4127      4143      4142         1
      3405      3859      3860      3876      3875      4127      4128      4144      4143         1
      3406      3860      3861      3877      3876      4128      4129      4145      4144         1
      3407      3861      3862      3878      3877      4129      4130      4146      4145         1
      3408      3862      3863      3879      3878      4130      4131      4147      4146         1
      3409      3863      3864      3880      3879      4131      4132      4148      4147         1
      3410      3865      3866      3882      3881      4133      4134      4150      4149         1
      3411      3866      3867      3883      3882      4134      4135      4151      4150         1
      3412      3867      3868      3884      3883      4135      4136      4152      4151         1
      3413      3868      3869      3885      3884      4136      4137      4153      4152         1
      3414      3869      3870      3886      3885      4137      4138      4154      4153         1
      3415      3870      3871      3887      3886      4138      4139      4155      4154         1
      3416      3871      3872      3888      3887      4139      4140      4156      4155         1
      3417      3873      3874      3890      3889      4141      4142      4158      4157         1
      3418      3874      3875      3891      3890      4142      4143      4159      4158         1
      3419      3875      3876      3892      3891      4143      4144      4160      4159         1
      3420      3876      3877      3893      3892      4144      4145      4161      4160         1
      3421      3877      3878      3894      3893      4145      4146      4162      4161         1
      3422      3878      3879      3895      3894      4146      4147      4163      4162         1
      3423      3879      3880      3896      3895      4147      4148      4164      4163         1
      3424      3881      3882      3898      3897      4149      4150      4166      4165         1
      3425      3882      3883      3899      3898      4150      4151      4167      4166         1
      3426      3883      3884      3900      3899      4151      4152      4168      4167         1
      3427      3884      3885      3901      3900      4152      4153      4169      4168         1
      3428      3885      3886      3902      3901      4153      4154      4170      4169         1
      3429      3886      3887      3903      3902      4154      4155      4171      4170         1
      3430      3887      3888      3904      3903      4155      4156      4172      4171         1
      3431      3888      3889      3905      3904      4156      4157      4173      4172         1
      3432      3889      3890      3906      3905      4157      4158      4174      4173         1
      3433      3890      3891      3907      3906      4158      4159      4175      4174         1
      3434      3891      3892      3908      3907      4159      4160      4176      4175         1
      3435      3892      3893      3909      3908      4160      4161      4177      4176         1
      3436      3893      3894      3910      3909      4161      4162      4178      4177         1
      3437      3894      3895      3911      3910      4162      4163      4179      4178         1
      3438      3895      3896      3912      3911      4163      4164      4180      4179         1
      3439      3897      3898      3914      3913      4165      4166      4182      4181         1
      3440      3898      3899      3915      3914      4166      4167      4183      4182         1
      3441      3899      3900      3916      3915      4167      4168      4184      4183         1
      3442      3900      3901      3917      3916      4168      4169      4185      4184         1
      3443      3901      3902      3918      3917      4169      4170      4186      4185         1
      3444      3902      3903      3919      3918      4170      4171      4187      4186         1
      3445      3903      3904      3920      3919      4171      4172      4188      4187         1
      3446      3904      3905      3921      3920      4172      4173      4189      4188         1
      3447      3905      3906      3922      3921      4173      4174      4190      4189         1
      3448      3906      3907      3923      3922      4174      4175      4191      4190         1
      3449      3907      3908      3924      3923      4175      4176      4192      4191         1
      3450      3908      3909      3925      3924      4176      4177      4193      4192         1
      3451      3909      3910      3926      3925      4177      4178      4194      4193         1
      3452      3910      3911      3927      3926      4178      4179      4195      4194         1
      3453      3911      3912      3928      3927      4179      4180      4196      4195         1
      3454      3913      3914      3930      3929      4181      4182      4198      4197         1
      3455      3914      3915      3931      3930      4182      4183      4199      4198         1
      3456      3915      3916      3932      3931      4183      4184      4200      4199         1
      3457      3916      3917      3933      3932      4184      4185      4201      4200         1
      3458      3917      3918      3934      3933      4185      4186      4202      4201         1
      3459      3918      3919      3935      3934      4186      4187      4203      4202         1
      3460      3919      3920      3936      3935      4187      4188      4204      4203         1
      3461      3920      3921      3937      3936      4188      4189      4205      4204         1
      3462      3921      3922      3938      3937      4189      4190      4206      4205         1
      3463      3922      3923      3939      3938      4190      4191      4207      4206         1
      3464      3923      3924      3940      3939      4191      4192      4208      4207         1
      3465      3924      3925      3941      3940      4192      4193      4209      4208         1
      3466      3925      3926      3942      3941      4193      4194      4210      4209         1
      3467      3926      3927      3943      3942      4194      4195      4211      4210         1
      3468      3927      3928      3944      3943      4195      4196      4212      4211         1
      3469      3929      3930      3946      3945      4197      4198      4214      4213         1
      3470      3930      3931      3947      3946      4198      4199      4215      4214         1
      3471      3931      3932      3948      3947      4199      4200      4216      4215         1
      3472      3932      3933      3949      3948      4200      4201      4217      4216         1
      3473      3933      3934      3950      3949      4201      4202      4218      4217         1
      3474      3934      3935      3951      3950      4202      4203      4219      4218         1
      3475      3935      3936      3952      3951      4203      4204      4220      4219         1
      3476      3936      3937      3953      3952      4204      4205      4221      4220         1
      3477      3937      3938      3954      3953      4205      4206      4222      4221         1
      3478      3938      3939      3955      3954      4206      4207      4223      4222         1
      3479      3939      3940      3956      3955      4207      4208      4224      4223         1
      3480      3940      3941      3957      3956      4208      4209      4225      4224         1
      3481      3941      3942      3958      3957      4209      4210      4226      4225         1
      3482      3942      3943      3959      3958      4210      4211      4227      4226         1
      3483      3943      3944      3960      3959      4211      4212      4228      4227         1
      3484      3945      3946      3962      3961      4213      4214      4230      4229         1
      3485      3946      3947      3963      3962      4214      4215      4231      4230         1
      3486      3947      3948      3964      3963      4215      4216      4232      4231         1
      3487      3948      3949      3965      3964      4216      4217      4233      4232         1
      3488      3949      3950      3966      3965      4217      4218      4234      4233         1
      3489      3950      3951      3967      3966      4218      4219      4235      4234         1
      3490      3951      3952      3968      3967      4219      4220      4236      4235         1
      3491      3952      3953      3969      3968      4220      4221      4237      4236         1
      3492      3953      3954      3970      3969      4221      4222      4238      4237         1
      3493      3954      3955      3971      3970      4222      4223      4239      4238         1
      3494      3955      3956      3972      3971      4223      4224      4240      4239         1
      3495      3956      3957      3973      3972      4224      4225      4241      4240         1
      3496      3957      3958      3974      3973      4225      4226      4242      4241         1
      3497      3958      3959      3975      3974      4226      4227      4243      4242         1
      3498      3959      3960      3976      3975      4227      4228      4244      4243         1
      3499      3961      3962      3978      3977      4229      4230      4246      4245         1
      3500      3962      3963      3979      3978      4230      4231      4247      4246         1
      3501      3963      3964      3980      3979      4231      4232      4248      4247         1
      3502      3964      3965      3981      3980      4232      4233      4249      4248         1
      3503      3965      3966      3982      3981      4233      4234      4250      4249         1
      3504      3966      3967      3983      3982      4234      4235      4251      4250         1
      3505      3967      3968      3984      3983      4235      4236      4252      4251         1
      3506      3968      3969      3985      3984      4236      4237      4253      4252         1
      3507      3969      3970      3986      3985      4237      4238      4254      4253         1
      3508      3970      3971      3987      3986      4238      4239      4255      4254         1
      3509      3971      3972      3988      3987      4239      4240      4256      4255         1
      3510      3972      3973      3989      3988      4240      4241      4257      4256         1
      3511      3973      3974      3990      3989      4241      4242      4258      4257         1
      3512      3974      3975      3991      3990      4242      4243      4259      4258         1
      3513      3975      3976      3992      3991      4243      4244      4260      4259         1
      3514      3977      3978      3994      3993      4245      4246      4262      4261         1
      3515      3978      3979      3995      3994      4246      4247      4263      4262         1
      3516      3979      3980      3996      3995      4247      4248      4264      4263         1
      3517      3980      3981      3997      3996      4248      4249      4265      4264         1
      3518      3981      3982      3998      3997      4249      4250      4266      4265         1
      3519      3982      3983      3999      3998      4250      4251      4267      4266         1
      3520      3983      3984      4000      3999      4251      4252      4268      4267         1
      3521      3984      3985      4001      4000      4252      4253      4269      4268         1
      3522      3985      3986      4002      4001      4253      4254      4270      4269         1
      3523      3986      3987      4003      4002      4254      4255      4271      4270         1
      3524      3987      3988      4004      4003      4255      4256      4272      4271         1
      3525      3988      3989      4005      4004      4256      4257      4273      4272         1
      3526      3989      3990      4006      4005      4257      4258      4274      4273         1
      3527      3990      3991      4007      4006      4258      4259      4275      4274         1
      3528      3991      3992      4008      4007      4259      4260      4276      4275         1
      3529      4013      4014      4010      4009      4281      4282      4278      4277         1
      3530      4014      4015      4011      4010      4282      4283      4279      4278         1
      3531      4015      4016      4012      4011      4283      4284      4280      4279         1
      3532      4016      4013      4009      4012      4284      4281      4277      4280         1
      3533      4017      4018      4014      4013      4285      4286      4282      4281         1
      3534      4018      4019      4015      4014      4286      4287      4283      4282         1
      3535      4019      4020      4016      4015      4287      4288      4284      4283         1
      3536      4020      4017      4013      4016      4288      4285      4281      4284         1
      3537      3872      3873      4018      4017      4140      4141      4286      4285         1
      3538      3873      3889      4019      4018      4141      4157      4287      4286         1
      3539      3889      3888      4020      4019      4157      4156      4288      4287         1
      3540      3888      3872      4017      4020      4156      4140      4285      4288         1
      3541      4021      4022      4038      4037      4289      4290      4306      4305         1
      3542      4022      4023      4039      4038      4290      4291      4307      4306         1
      3543      4023      4024      4040      4039      4291      4292      4308      4307         1
      3544      4024      4025      4041      4040      4292      4293      4309      4308         1
      3545      4025      4026      4042      4041      4293      4294      4310      4309         1
      3546      4026      4027      4043      4042      4294      4295      4311      4310         1
      3547      4027      4028      4044      4043      4295      4296      4312      4311         1
      3548      4028      4029      4045      4044      4296      4297      4313      4312         1
      3549      4029      4030      4046      4045      4297      4298      4314      4313         1
      3550      4030      4031      4047      4046      4298      4299      4315      4314         1
      3551      4031      4032      4048      4047      4299      4300      4316      4315         1
      3552      4032      4033      4049      4048      4300      4301      4317      4316         1
      3553      4033      4034      4050      4049      4301      4302      4318      4317         1
      3554      4034      4035      4051      4050      4302      4303      4319      4318         1
      3555      4035      4036      4052      4051      4303      4304      4320      4319         1
      3556      4037      4038      4054      4053      4305      4306      4322      4321         1
      3557      4038      4039      4055      4054      4306      4307      4323      4322         1
      3558      4039      4040      4056      4055      4307      4308      4324      4323         1
      3559      4040      4041      4057      4056      4308      4309      4325      4324         1
      3560      4041      4042      4058      4057      4309      4310      4326      4325         1
      3561      4042      4043      4059      4058      4310      4311      4327      4326         1
      3562      4043      4044      4060      4059      4311      4312      4328      4327         1
      3563      4044      4045      4061      4060      4312      4313      4329      4328         1
      3564      4045      4046      4062      4061      4313      4314      4330      4329         1
      3565      4046      4047      4063      4062      4314      4315      4331      4330         1
      3566      4047      4048      4064      4063      4315      4316      4332      4331         1
      3567      4048      4049      4065      4064      4316      4317      4333      4332         1
      3568      4049      4050      4066      4065      4317      4318      4334      4333         1
      3569      4050      4051      4067      4066      4318      4319      4335      4334         1
      3570      4051      4052      4068      4067      4319      4320      4336      4335         1
      3571      4053      4054      4070      4069      4321      4322      4338      4337         1
      3572      4054      4055      4071      4070      4322      4323      4339      4338         1
      3573      4055      4056      4072      4071      4323      4324      4340      4339         1
      3574      4056      4057      4073      4072      4324      4325      4341      4340         1
      3575      4057      4058      4074      4073      4325      4326      4342      4341         1
      3576      4058      4059      4075      4074      4326      4327      4343      4342         1
      3577      4059      4060      4076      4075      4327      4328      4344      4343         1
      3578      4060      4061      4077      4076      4328      4329      4345      4344         1
      3579      4061      4062      4078      4077      4329      4330      4346      4345         1
      3580      4062      4063      4079      4078      4330      4331      4347      4346         1
      3581      4063      4064      4080      4079      4331      4332      4348      4347         1
      3582      4064      4065      4081      4080      4332      4333      4349      4348         1
      3583      4065      4066      4082      4081      4333      4334      4350      4349         1
      3584      4066      4067      4083      4082      4334      4335      4351      4350         1
      3585      4067      4068      4084      4083      4335      4336      4352      4351         1
      3586      4069      4070      4086      4085      4337      4338      4354      4353         1
      3587      4070      4071      4087      4086      4338      4339      4355      4354         1
      3588      4071      4072      4088      4087      4339      4340      4356      4355         1
      3589      4072      4073      4089      4088      4340      4341      4357      4356         1
      3590      4073      4074      4090      4089      4341      4342      4358      4357         1
      3591      4074      4075      4091      4090      4342      4343      4359      4358         1
      3592      4075      4076      4092      4091      4343      4344      4360      4359         1
      3593      4076      4077      4093      4092      4344      4345      4361      4360         1
      3594      4077      4078      4094      4093      4345      4346      4362      4361         1
      3595      4078      4079      4095      4094      4346      4347      4363      4362         1
      3596      4079      4080      4096      4095      4347      4348      4364      4363         1
      3597      4080      4081      4097      4096      4348      4349      4365      4364         1
      3598      4081      4082      4098      4097      4349      4350      4366      4365         1
      3599      4082      4083      4099      4098      4350      4351      4367      4366         1
      3600      4083      4084      4100      4099      4351      4352      4368      4367         1
      3601      4085      4086      4102      4101      4353      4354      4370      4369         1
      3602      4086      4087      4103      4102      4354      4355      4371      4370         1
      3603      4087      4088      4104      4103      4355      4356      4372      4371         1
      3604      4088      4089      4105      4104      4356      4357      4373      4372         1
      3605      4089      4090      4106      4105      4357      4358      4374      4373         1
      3606      4090      4091      4107      4106      4358      4359      4375      4374         1
      3607      4091      4092      4108      4107      4359      4360      4376      4375         1
      3608      4092      4093      4109      4108      4360      4361      4377      4376         1
      3609      4093      4094      4110      4109      4361      4362      4378      4377         1
      3610      4094      4095      4111      4110      4362      4363      4379      4378         1
      3611      4095      4096      4112      4111      4363      4364      4380      4379         1
      3612      4096      4097      4113      4112      4364      4365      4381      4380         1
      3613      4097      4098      4114      4113      4365      4366      4382      4381         1
      3614      4098      4099      4115      4114      4366      4367      4383      4382         1
      3615      4099      4100      4116      4115      4367      4368      4384      4383         1
      3616      4101      4102      4118      4117      4369      4370      4386      4385         1
      3617      4102      4103      4119      4118      4370      4371      4387      4386         1
      3618      4103      4104      4120      4119      4371      4372      4388      4387         1
      3619      4104      4105      4121      4120      4372      4373      4389      4388         1
      3620      4105      4106      4122      4121      4373      4374      4390      4389         1
      3621      4106      4107      4123      4122      4374      4375      4391      4390         1
      3622      4107      4108      4124      4123      4375      4376      4392      4391         1
      3623      4108      4109      4125      4124      4376      4377      4393      4392         1
      3624      4109      4110      4126      4125      4377      4378      4394      4393         1
      3625      4110      4111      4127      4126      4378      4379      4395      4394         1
      3626      4111      4112      4128      4127      4379      4380      4396      4395         1
      3627      4112      4113      4129      4128      4380      4381      4397      4396         1
      3628      4113      4114      4130      4129      4381      4382      4398      4397         1
      3629      4114      4115      4131      4130      4382      4383      4399      4398         1
      3630      4115      4116      4132      4131      4383      4384      4400      4399         1
      3631      4117      4118      4134      4133      4385      4386      4402      4401         1
      3632      4118      4119      4135      4134      4386      4387      4403      4402         1
      3633      4119      4120      4136      4135      4387      4388      4404      4403         1
      3634      4120      4121      4137      4136      4388      4389      4405      4404         1
      3635      4121      4122      4138      4137      4389      4390      4406      4405         1
      3636      4122      4123      4139      4138      4390      4391      4407      4406         1
      3637      4123      4124      4140      4139      4391      4392      4408      4407         1
      3638      4124      4125      4141      4140      4392      4393      4409      4408         1
      3639      4125      4126      4142      4141      4393      4394      4410      4409         1
      3640      4126      4127      4143      4142      4394      4395      4411      4410         1
      3641      4127      4128      4144      4143      4395      4396      4412      4411         1
      3642      4128      4129      4145      4144      4396      4397      4413      4412         1
      3643      4129      4130      4146      4145      4397      4398      4414      4413         1
      3644      4130      4131      4147      4146      4398      4399      4415      4414         1
      3645      4131      4132      4148      4147      4399      4400      4416      4415         1
      3646      4133      4134      4150      4149      4401      4402      4418      4417         1
      3647      4134      4135      4151      4150      4402      4403      4419      4418         1
      3648      4135      4136      4152      4151      4403      4404      4420      4419         1
      3649      4136      4137      4153      4152      4404      4405      4421      4420         1
      3650      4137      4138      4154      4153      4405      4406      4422      4421         1
      3651      4138      4139      4155      4154      4406      4407      4423      4422         1
      3652      4139      4140      4156      4155      4407      4408      4424      4423         1
      3653      4141      4142      4158      4157      4409      4410      4426      4425         1
      3654      4142      4143      4159      4158      4410      4411      4427      4426         1
      3655      4143      4144      4160      4159      4411      4412      4428      4427         1
      3656      4144      4145      4161      4160      4412      4413      4429      4428         1
      3657      4145      4146      4162      4161      4413      4414      4430      4429         1
      3658      4146      4147      4163      4162      4414      4415      4431      4430         1
      3659      4147      4148      4164      4163      4415      4416      4432      4431         1
      3660      4149      4150      4166      4165      4417      4418      4434      4433         1
      3661      4150      4151      4167      4166      4418      4419      4435      4434         1
      3662      4151      4152      4168      4167      4419      4420      4436      4435         1
      3663      4152      4153      4169      4168      4420      4421      4437      4436         1
      3664      4153      4154      4170      4169      4421      4422      4438      4437         1
      3665      4154      4155      4171      4170      4422      4423      4439      4438         1
      3666      4155      4156      4172      4171      4423      4424      4440      4439         1
      3667      4156      4157      4173      4172      4424      4425      4441      4440         1
      3668      4157      4158      4174      4173      4425      4426      4442      4441         1
      3669      4158      4159      4175      4174      4426      4427      4443      4442         1
      3670      4159      4160      4176      4175      4427      4428      4444      4443         1
      3671      4160      4161      4177      4176      4428      4429      4445      4444         1
      3672      4161      4162      4178      4177      4429      4430      4446      4445         1
      3673      4162      4163      4179      4178      4430      4431      4447      4446         1
      3674      4163      4164      4180      4179      4431      4432      4448      4447         1
      3675      4165      4166      4182      4181      4433      4434      4450      4449         1
      3676      4166      4167      4183      4182      4434      4435      4451      4450         1
      3677      4167      4168      4184      4183      4435      4436      4452      4451         1
      3678      4168      4169      4185      4184      4436      4437      4453      4452         1
      3679      4169      4170      4186      4185      4437      4438      4454      4453         1
      3680      4170      4171      4187      4186      4438      4439      4455      4454         1
      3681      4171      4172      4188      4187      4439      4440      4456      4455         1
      3682      4172      4173      4189      4188      4440      4441      4457      4456         1
      3683      4173      4174      4190      4189      4441      4442      4458      4457         1
      3684      4174      4175      4191      4190      4442      4443      4459      4458         1
      3685      4175      4176      4192      4191      4443      4444      4460      4459         1
      3686      4176      4177      4193      4192      4444      4445      4461      4460         1
      3687      4177      4178      4194      4193      4445      4446      4462      4461         1
      3688      4178      4179      4195      4194      4446      4447      4463      4462         1
      3689      4179      4180      4196      4195      4447      4448      4464      4463         1
      3690      4181      4182      4198      4197      4449      4450      4466      4465         1
      3691      4182      4183      4199      4198      4450      4451      4467      4466         1
      3692      4183      4184      4200      4199      4451      4452      4468      4467         1
      3693      4184      4185      4201      4200      4452      4453      4469      4468         1
      3694      4185      4186      4202      4201      4453      4454      4470      4469         1
      3695      4186      4187      4203      4202      4454      4455      4471      4470         1
      3696      4187      4188      4204      4203      4455      4456      4472      4471         1
      3697      4188      4189      4205      4204      4456      4457      4473      4472         1
      3698      4189      4190      4206      4205      4457      4458      4474      4473         1
      3699      4190      4191      4207      4206      4458      4459      4475      4474         1
      3700      4191      4192      4208      4207      4459      4460      4476      4475         1
      3701      4192      4193      4209      4208      4460      4461      4477      4476         1
      3702      4193      4194      4210      4209      4461      4462      4478      4477         1
      3703      4194      4195      4211      4210      4462      4463      4479      4478         1
      3704      4195      4196      4212      4211      4463      4464      4480      4479         1
      3705      4197      4198      4214      4213      4465      4466      4482      4481         1
      3706      4198      4199      4215      4214      4466      4467      4483      4482         1
      3707      4199      4200      4216      4215      4467      4468      4484      4483         1
      3708      4200      4201      4217      4216      4468      4469      4485      4484         1
      3709      4201      4202      4218      4217      4469      4470      4486      4485         1
      3710      4202      4203      4219      4218      4470      4471      4487      4486         1
      3711      4203      4204      4220      4219      4471      4472      4488      4487         1
      3712      4204      4205      4221      4220      4472      4473      4489      4488         1
      3713      4205      4206      4222      4221      4473      4474      4490      4489         1
      3714      4206      4207      4223      4222      4474      4475      4491      4490         1
      3715      4207      4208      4224      4223      4475      4476      4492      4491         1
      3716      4208      4209      4225      4224      4476      4477      4493      4492         1
      3717      4209      4210      4226      4225      4477      4478      4494      4493         1
      3718      4210      4211      4227      4226      4478      4479      4495      4494         1
      3719      4211      4212      4228      4227      4479      4480      4496      4495         1
      3720      4213      4214      4230      4229      4481      4482      4498      4497         1
      3721      4214      4215      4231      4230      4482      4483      4499      4498         1
      3722      4215      4216      4232      4231      4483      4484      4500      4499         1
      3723      4216      4217      4233      4232      4484      4485      4501      4500         1
      3724      4217      4218      4234      4233      4485      4486      4502      4501         1
      3725      4218      4219      4235      4234      4486      4487      4503      4502         1
      3726      4219      4220      4236      4235      4487      4488      4504      4503         1
      3727      4220      4221      4237      4236      4488      4489      4505      4504         1
      3728      4221      4222      4238      4237      4489      4490      4506      4505         1
      3729      4222      4223      4239      4238      4490      4491      4507      4506         1
      3730      4223      4224      4240      4239      4491      4492      4508      4507         1
      3731      4224      4225      4241      4240      4492      4493      4509      4508         1
      3732      4225      4226      4242      4241      4493      4494      4510      4509         1
      3733      4226      4227      4243      4242      4494      4495      4511      4510         1
      3734      4227      4228      4244      4243      4495      4496      4512      4511         1
      3735      4229      4230      4246      4245      4497      4498      4514      4513         1
      3736      4230      4231      4247      4246      4498      4499      4515      4514         1
      3737      4231      4232      4248      4247      4499      4500      4516      4515         1
      3738      4232      4233      4249      4248      4500      4501      4517      4516         1
      3739      4233      4234      4250      4249      4501      4502      4518      4517         1
      3740      4234      4235      4251      4250      4502      4503      4519      4518         1
      3741      4235      4236      4252      4251      4503      4504      4520      4519         1
      3742      4236      4237      4253      4252      4504      4505      4521      4520         1
      3743      4237      4238      4254      4253      4505      4506      4522      4521         1
      3744      4238      4239      4255      4254      4506      4507      4523      4522         1
      3745      4239      4240      4256      4255      4507      4508      4524      4523         1
      3746      4240      4241      4257      4256      4508      4509      4525      4524         1
      3747      4241      4242      4258      4257      4509      4510      4526      4525         1
      3748      4242      4243      4259      4258      4510      4511      4527      4526         1
      3749      4243      4244      4260      4259      4511      4512      4528      4527         1
      3750      4245      4246      4262      4261      4513      4514      4530      4529         1
      3751      4246      4247      4263      4262      4514      4515      4531      4530         1
      3752      4247      4248      4264      4263      4515      4516      4532      4531         1
      3753      4248      4249      4265      4264      4516      4517      4533      4532         1
      3754      4249      4250      4266      4265      4517      4518      4534      4533         1
      3755      4250      4251      4267      4266      4518      4519      4535      4534         1
      3756      4251      4252      4268      4267      4519      4520      4536      4535         1
      3757      4252      4253      4269      4268      4520      4521      4537      4536         1
      3758      4253      4254      4270      4269      4521      4522      4538      4537         1
      3759      4254      4255      4271      4270      4522      4523      4539      4538         1
      3760      4255      4256      4272      4271      4523      4524      4540      4539         1
      3761      4256      4257      4273      4272      4524      4525      4541      4540         1
      3762      4257      4258      4274      4273      4525      4526      4542      4541         1
      3763      4258      4259      4275      4274      4526      4527      4543      4542         1
      3764      4259      4260      4276      4275      4527      4528      4544      4543         1
      3765      4281      4282      4278      4277      4549      4550      4546      4545         1
      3766      4282      4283      4279      4278      4550      4551      4547      4546         1
      3767      4283      4284      4280      4279      4551      4552      4548      4547         1
      3768      4284      4281      4277      4280      4552      4549      4545      4548         1
      3769      4285      4286      4282      4281      4553      4554      4550      4549         1
      3770      4286      4287      4283      4282      4554      4555      4551      4550         1
      3771      4287      4288      4284      4283      4555      4556      4552      4551         1
      3772      4288      4285      4281      4284      4556      4553      4549      4552         1
      3773      4140      4141      4286      4285      4408      4409      4554      4553         1
      3774      4141      4157      4287      4286      4409      4425      4555      4554         1
      3775      4157      4156      4288      4287      4425      4424      4556      4555         1
      3776      4156      4140      4285      4288      4424      4408      4553      4556         1
      3777      4289      4290      4306      4305      4557      4558      4574      4573         1
      3778      4290      4291      4307      4306      4558      4559      4575      4574         1
      3779      4291      4292      4308      4307      4559      4560      4576      4575         1
      3780      4292      4293      4309      4308      4560      4561      4577      4576         1
      3781      4293      4294      4310      4309      4561      4562      4578      4577         1
      3782      4294      4295      4311      4310      4562      4563      4579      4578         1
      3783      4295      4296      4312      4311      4563      4564      4580      4579         1
      3784      4296      4297      4313      4312      4564      4565      4581      4580         1
      3785      4297      4298      4314      4313      4565      4566      4582      4581         1
      3786      4298      4299      4315      4314      4566      4567      4583      4582         1
      3787      4299      4300      4316      4315      4567      4568      4584      4583         1
      3788      4300      4301      4317      4316      4568      4569      4585      4584         1
      3789      4301      4302      4318      4317      4569      4570      4586      4585         1
      3790      4302      4303      4319      4318      4570      4571      4587      4586         1
      3791      4303      4304      4320      4319      4571      4572      4588      4587         1
      3792      4305      4306      4322      4321      4573      4574      4590      4589         1
      3793      4306      4307      4323      4322      4574      4575      4591      4590         1
      3794      4307      4308      4324      4323      4575      4576      4592      4591         1
      3795      4308      4309      4325      4324      4576      4577      4593      4592         1
      3796      4309      4310      4326      4325      4577      4578      4594      4593         1
      3797      4310      4311      4327      4326      4578      4579      4595      4594         1
      3798      4311      4312      4328      4327      4579      4580      4596      4595         1
      3799      4312      4313      4329      4328      4580      4581      4597      4596         1
      3800      4313      4314      4330      4329      4581      4582      4598      4597         1
      3801      4314      4315      4331      4330      4582      4583      4599      4598         1
      3802      4315      4316      4332      4331      4583      4584      4600      4599         1
      3803      4316      4317      4333      4332      4584      4585      4601      4600         1
      3804      4317      4318      4334      4333      4585      4586      4602      4601         1
      3805      4318      4319      4335      4334      4586      4587      4603      4602         1
      3806      4319      4320      4336      4335      4587      4588      4604      4603         1
      3807      4321      4322      4338      4337      4589      4590      4606      4605         1
      3808      4322      4323      4339      4338      4590      4591      4607      4606         1
      3809      4323      4324      4340      4339      4591      4592      4608      4607         1
      3810      4324      4325      4341      4340      4592      4593      4609      4608         1
      3811      4325      4326      4342      4341      4593      4594      4610      4609         1
      3812      4326      4327      4343      4342      4594      4595      4611      4610         1
      3813      4327      4328      4344      4343      4595      4596      4612      4611         1
      3814      4328      4329      4345      4344      4596      4597      4613      4612         1
      3815      4329      4330      4346      4345      4597      4598      4614      4613         1
      3816      4330      4331      4347      4346      4598      4599      4615      4614         1
      3817      4331      4332      4348      4347      4599      4600      4616      4615         1
      3818      4332      4333      4349      4348      4600      4601      4617      4616         1
      3819      4333      4334      4350      4349      4601      4602      4618      4617         1
      3820      4334      4335      4351      4350      4602      4603      4619      4618         1
      3821      4335      4336      4352      4351      4603      4604      4620      4619         1
      3822      4337      4338      4354      4353      4605      4606      4622      4621         1
      3823      4338      4339      4355      4354      4606      4607      4623      4622         1
      3824      4339      4340      4356      4355      4607      4608      4624      4623         1
      3825      4340      4341      4357      4356      4608      4609      4625      4624         1
      3826      4341      4342      4358      4357      4609      4610      4626      4625         1
      3827      4342      4343      4359      4358      4610      4611      4627      4626         1
      3828      4343      4344      4360      4359      4611      4612      4628      4627         1
      3829      4344      4345      4361      4360      4612      4613      4629      4628         1
      3830      4345      4346      4362      4361      4613      4614      4630      4629         1
      3831      4346      4347      4363      4362      4614      4615      4631      4630         1
      3832      4347      4348      4364      4363      4615      4616      4632      4631         1
      3833      4348      4349      4365      4364      4616      4617      4633      4632         1
      3834      4349      4350      4366      4365      4617      4618      4634      4633         1
      3835      4350      4351      4367      4366      4618      4619      4635      4634         1
      3836      4351      4352      4368      4367      4619      4620      4636      4635         1
      3837      4353      4354      4370      4369      4621      4622      4638      4637         1
      3838      4354      4355      4371      4370      4622      4623      4639      4638         1
      3839      4355      4356      4372      4371      4623      4624      4640      4639         1
      3840      4356      4357      4373      4372      4624      4625      4641      4640         1
      3841      4357      4358      4374      4373      4625      4626      4642      4641         1
      3842      4358      4359      4375      4374      4626      4627      4643      4642         1
      3843      4359      4360      4376      4375      4627      4628      4644      4643         1
      3844      4360      4361      4377      4376      4628      4629      4645      4644         1
      3845      4361      4362      4378      4377      4629      4630      4646      4645         1
      3846      4362      4363      4379      4378      4630      4631      4647      4646         1
      3847      4363      4364      4380      4379      4631      4632      4648      4647         1
      3848      4364      4365      4381      4380      4632      4633      4649      4648         1
      3849      4365      4366      4382      4381      4633      4634      4650      4649         1
      3850      4366      4367      4383      4382      4634      4635      4651      4650         1
      3851      4367      4368      4384      4383      4635      4636      4652      4651         1
      3852      4369      4370      4386      4385      4637      4638      4654      4653         1
      3853      4370      4371      4387      4386      4638      4639      4655      4654         1
      3854      4371      4372      4388      4387      4639      4640      4656      4655         1
      3855      4372      4373      4389      4388      4640      4641      4657      4656         1
      3856      4373      4374      4390      4389      4641      4642      4658      4657         1
      3857      4374      4375      4391      4390      4642      4643      4659      4658         1
      3858      4375      4376      4392      4391      4643      4644      4660      4659         1
      3859      4376      4377      4393      4392      4644      4645      4661      4660         1
      3860      4377      4378      4394      4393      4645      4646      4662      4661         1
      3861      4378      4379      4395      4394      4646      4647      4663      4662         1
      3862      4379      4380      4396      4395      4647      4648      4664      4663         1
      3863      4380      4381      4397      4396      4648      4649      4665      4664         1
      3864      4381      4382      4398      4397      4649      4650      4666      4665         1
      3865      4382      4383      4399      4398      4650      4651      4667      4666         1
      3866      4383      4384      4400      4399      4651      4652      4668      4667         1
      3867      4385      4386      4402      4401      4653      4654      4670      4669         1
      3868      4386      4387      4403      4402      4654      4655      4671      4670         1
      3869      4387      4388      4404      4403      4655      4656      4672      4671         1
      3870      4388      4389      4405      4404      4656      4657      4673      4672         1
      3871      4389      4390      4406      4405      4657      4658      4674      4673         1
      3872      4390      4391      4407      4406      4658      4659      4675      4674         1
      3873      4391      4392      4408      4407      4659      4660      4676      4675         1
      3874      4392      4393      4409      4408      4660      4661      4677      4676         1
      3875      4393      4394      4410      4409      4661      4662      4678      4677         1
      3876      4394      4395      4411      4410      4662      4663      4679      4678         1
      3877      4395      4396      4412      4411      4663      4664      4680      4679         1
      3878      4396      4397      4413      4412      4664      4665      4681      4680         1
      3879      4397      4398      4414      4413      4665      4666      4682      4681         1
      3880      4398      4399      4415      4414      4666      4667      4683      4682         1
      3881      4399      4400      4416      4415      4667      4668      4684      4683         1
      3882      4401      4402      4418      4417      4669      4670      4686      4685         1
      3883      4402      4403      4419      4418      4670      4671      4687      4686         1
      3884      4403      4404      4420      4419      4671      4672      4688      4687         1
      3885      4404      4405      4421      4420      4672      4673      4689      4688         1
      3886      4405      4406      4422      4421      4673      4674      4690      4689         1
      3887      4406      4407      4423      4422      4674      4675      4691      4690         1
      3888      4407      4408      4424      4423      4675      4676      4692      4691         1
      3889      4409      4410      4426      4425      4677      4678      4694      4693         1
      3890      4410      4411      4427      4426      4678      4679      4695      4694         1
      3891      4411      4412      4428      4427      4679      4680      4696      4695         1
      3892      4412      4413      4429      4428      4680      4681      4697      4696         1
      3893      4413      4414      4430      4429      4681      4682      4698      4697         1
      3894      4414      4415      4431      4430      4682      4683      4699      4698         1
      3895      4415      4416      4432      4431      4683      4684      4700      4699         1
      3896      4417      4418      4434      4433      4685      4686      4702      4701         1
      3897      4418      4419      4435      4434      4686      4687      4703      4702         1
      3898      4419      4420      4436      4435      4687      4688      4704      4703         1
      3899      4420      4421      4437      4436      4688      4689      4705      4704         1
      3900      4421      4422      4438      4437      4689      4690      4706      4705         1
      3901      4422      4423      4439      4438      4690      4691      4707      4706         1
      3902      4423      4424      4440      4439      4691      4692      4708      4707         1
      3903      4424      4425      4441      4440      4692      4693      4709      4708         1
      3904      4425      4426      4442      4441      4693      4694      4710      4709         1
      3905      4426      4427      4443      4442      4694      4695      4711      4710         1
      3906      4427      4428      4444      4443      4695      4696      4712      4711         1
      3907      4428      4429      4445      4444      4696      4697      4713      4712         1
      3908      4429      4430      4446      4445      4697      4698      4714      4713         1
      3909      4430      4431      4447      4446      4698      4699      4715      4714         1
      3910      4431      4432      4448      4447      4699      4700      4716      4715         1
      3911      4433      4434      4450      4449      4701      4702      4718      4717         1
      3912      4434      4435      4451      4450      4702      4703      4719      4718         1
      3913      4435      4436      4452      4451      4703      4704      4720      4719         1
      3914      4436      4437      4453      4452      4704      4705      4721      4720         1
      3915      4437      4438      4454      4453      4705      4706      4722      4721         1
      3916      4438      4439      4455      4454      4706      4707      4723      4722         1
      3917      4439      4440      4456      4455      4707      4708      4724      4723         1
      3918      4440      4441      4457      4456      4708      4709      4725      4724         1
      3919      4441      4442      4458      4457      4709      4710      4726      4725         1
      3920      4442      4443      4459      4458      4710      4711      4727      4726         1
      3921      4443      4444      4460      4459      4711      4712      4728      4727         1
      3922      4444      4445      4461      4460      4712      4713      4729      4728         1
      3923      4445      4446      4462      4461      4713      4714      4730      4729         1
      3924      4446      4447      4463      4462      4714      4715      4731      4730         1
      3925      4447      4448      4464      4463      4715      4716      4732      4731         1
      3926      4449      4450      4466      4465      4717      4718      4734      4733         1
      3927      4450      4451      4467      4466      4718      4719      4735      4734         1
      3928      4451      4452      4468      4467      4719      4720      4736      4735         1
      3929      4452      4453      4469      4468      4720      4721      4737      4736         1
      3930      4453      4454      4470      4469      4721      4722      4738      4737         1
      3931      4454      4455      4471      4470      4722      4723      4739      4738         1
      3932      4455      4456      4472      4471      4723      4724      4740      4739         1
      3933      4456      4457      4473      4472      4724      4725      4741      4740         1
      3934      4457      4458      4474      4473      4725      4726      4742      4741         1
      3935      4458      4459      4475      4474      4726      4727      4743      4742         1
      3936      4459      4460      4476      4475      4727      4728      4744      4743         1
      3937      4460      4461      4477      4476      4728      4729      4745      4744         1
      3938      4461      4462      4478      4477      4729      4730      4746      4745         1
      3939      4462      4463      4479      4478      4730      4731      4747      4746         1
      3940      4463      4464      4480      4479      4731      4732      4748      4747         1
      3941      4465      4466      4482      4481      4733      4734      4750      4749         1
      3942      4466      4467      4483      4482      4734      4735      4751      4750         1
      3943      4467      4468      4484      4483      4735      4736      4752      4751         1
      3944      4468      4469      4485      4484      4736      4737      4753      4752         1
      3945      4469      4470      4486      4485      4737      4738      4754      4753         1
      3946      4470      4471      4487      4486      4738      4739      4755      4754         1
      3947      4471      4472      4488      4487      4739      4740      4756      4755         1
      3948      4472      4473      4489      4488      4740      4741      4757      4756         1
      3949      4473      4474      4490      4489      4741      4742      4758      4757         1
      3950      4474      4475      4491      4490      4742      4743      4759      4758         1
      3951      4475      4476      4492      4491      4743      4744      4760      4759         1
      3952      4476      4477      4493      4492      4744      4745      4761      4760         1
      3953      4477      4478      4494      4493      4745      4746      4762      4761         1
      3954      4478      4479      4495      4494      4746      4747      4763      4762         1
      3955      4479      4480      4496      4495      4747      4748      4764      4763         1
      3956      4481      4482      4498      4497      4749      4750      4766      4765         1
      3957      4482      4483      4499      4498      4750      4751      4767      4766         1
      3958      4483      4484      4500      4499      4751      4752      4768      4767         1
      3959      4484      4485      4501      4500      4752      4753      4769      4768         1
      3960      4485      4486      4502      4501      4753      4754      4770      4769         1
      3961      4486      4487      4503      4502      4754      4755      4771      4770         1
      3962      4487      4488      4504      4503      4755      4756      4772      4771         1
      3963      4488      4489      4505      4504      4756      4757      4773      4772         1
      3964      4489      4490      4506      4505      4757      4758      4774      4773         1
      3965      4490      4491      4507      4506      4758      4759      4775      4774         1
      3966      4491      4492      4508      4507      4759      4760      4776      4775         1
      3967      4492      4493      4509      4508      4760      4761      4777      4776         1
      3968      4493      4494      4510      4509      4761      4762      4778      4777         1
      3969      4494      4495      4511      4510      4762      4763      4779      4778         1
      3970      4495      4496      4512      4511      4763      4764      4780      4779         1
      3971      4497      4498      4514      4513      4765      4766      4782      4781         1
      3972      4498      4499      4515      4514      4766      4767      4783      4782         1
      3973      4499      4500      4516      4515      4767      4768      4784      4783         1
      3974      4500      4501      4517      4516      4768      4769      4785      4784         1
      3975      4501      4502      4518      4517      4769      4770      4786      4785         1
      3976      4502      4503      4519      4518      4770      4771      4787      4786         1
      3977      4503      4504      4520      4519      4771      4772      4788      4787         1
      3978      4504      4505      4521      4520      4772      4773      4789      4788         1
      3979      4505      4506      4522      4521      4773      4774      4790      4789         1
      3980      4506      4507      4523      4522      4774      4775      4791      4790         1
      3981      4507      4508      4524      4523      4775      4776      4792      4791         1
      3982      4508      4509      4525      4524      4776      4777      4793      4792         1
      3983      4509      4510      4526      4525      4777      4778      4794      4793         1
      3984      4510      4511      4527      4526      4778      4779      4795      4794         1
      3985      4511      4512      4528      4527      4779      4780      4796      4795         1
      3986      4513      4514      4530      4529      4781      4782      4798      4797         1
      3987      4514      4515      4531      4530      4782      4783      4799      4798         1
      3988      4515      4516      4532      4531      4783      4784      4800      4799         1
      3989      4516      4517      4533      4532      4784      4785      4801      4800         1
      3990      4517      4518      4534      4533      4785      4786      4802      4801         1
      3991      4518      4519      4535      4534      4786      4787      4803      4802         1
      3992      4519      4520      4536      4535      4787      4788      4804      4803         1
      3993      4520      4521      4537      4536      4788      4789      4805      4804         1
      3994      4521      4522      4538      4537      4789      4790      4806      4805         1
      3995      4522      4523      4539      4538      4790      4791      4807      4806         1
      3996      4523      4524      4540      4539      4791      4792      4808      4807         1
      3997      4524      4525      4541      4540      4792      4793      4809      4808         1
      3998      4525      4526      4542      4541      4793      4794      4810      4809         1
      3999      4526      4527      4543      4542      4794      4795      4811      4810         1
      4000      4527      4528      4544      4543      4795      4796      4812      4811         1
      4001      4549      4550      4546      4545      4817      4818      4814      4813         1
      4002      4550      4551      4547      4546      4818      4819      4815      4814         1
      4003      4551      4552      4548      4547      4819      4820      4816      4815         1
      4004      4552      4549      4545      4548      4820      4817      4813      4816         1
      4005      4553      4554      4550      4549      4821      4822      4818      4817         1
      4006      4554      4555      4551      4550      4822      4823      4819      4818         1
      4007      4555      4556      4552      4551      4823      4824      4820      4819         1
      4008      4556      4553      4549      4552      4824      4821      4817      4820         1
      4009      4408      4409      4554      4553      4676      4677      4822      4821         1
      4010      4409      4425      4555      4554      4677      4693      4823      4822         1
      4011      4425      4424      4556      4555      4693      4692      4824      4823         1
      4012      4424      4408      4553      4556      4692      4676      4821      4824         1
      4013      4557      4558      4574      4573      4825      4826      4842      4841         1
      4014      4558      4559      4575      4574      4826      4827      4843      4842         1
      4015      4559      4560      4576      4575      4827      4828      4844      4843         1
      4016      4560      4561      4577      4576      4828      4829      4845      4844         1
      4017      4561      4562      4578      4577      4829      4830      4846      4845         1
      4018      4562      4563      4579      4578      4830      4831      4847      4846         1
      4019      4563      4564      4580      4579      4831      4832      4848      4847         1
      4020      4564      4565      4581      4580      4832      4833      4849      4848         1
      4021      4565      4566      4582      4581      4833      4834      4850      4849         1
      4022      4566      4567      4583      4582      4834      4835      4851      4850         1
      4023      4567      4568      4584      4583      4835      4836      4852      4851         1
      4024      4568      4569      4585      4584      4836      4837      4853      4852         1
      4025      4569      4570      4586      4585      4837      4838      4854      4853         1
      4026      4570      4571      4587      4586      4838      4839      4855      4854         1
      4027      4571      4572      4588      4587      4839      4840      4856      4855         1
      4028      4573      4574      4590      4589      4841      4842      4858      4857         1
      4029      4574      4575      4591      4590      4842      4843      4859      4858         1
      4030      4575      4576      4592      4591      4843      4844      4860      4859         1
      4031      4576      4577      4593      4592      4844      4845      4861      4860         1
      4032      4577      4578      4594      4593      4845      4846      4862      4861         1
      4033      4578      4579      4595      4594      4846      4847      4863      4862         1
      4034      4579      4580      4596      4595      4847      4848      4864      4863         1
      4035      4580      4581      4597      4596      4848      4849      4865      4864         1
      4036      4581      4582      4598      4597      4849      4850      4866      4865         1
      4037      4582      4583      4599      4598      4850      4851      4867      4866         1
      4038      4583      4584      4600      4599      4851      4852      4868      4867         1
      4039      4584      4585      4601      4600      4852      4853      4869      4868         1
      4040      4585      4586      4602      4601      4853      4854      4870      4869         1
      4041      4586      4587      4603      4602      4854      4855      4871      4870         1
      4042      4587      4588      4604      4603      4855      4856      4872      4871         1
      4043      4589      4590      4606      4605      4857      4858      4874      4873         1
      4044      4590      4591      4607      4606      4858      4859      4875      4874         1
      4045      4591      4592      4608      4607      4859      4860      4876      4875         1
      4046      4592      4593      4609      4608      4860      4861      4877      4876         1
      4047      4593      4594      4610      4609      4861      4862      4878      4877         1
      4048      4594      4595      4611      4610      4862      4863      4879      4878         1
      4049      4595      4596      4612      4611      4863      4864      4880      4879         1
      4050      4596      4597      4613      4612      4864      4865      4881      4880         1
      4051      4597      4598      4614      4613      4865      4866      4882      4881         1
      4052      4598      4599      4615      4614      4866      4867      4883      4882         1
      4053      4599      4600      4616      4615      4867      4868      4884      4883         1
      4054      4600      4601      4617      4616      4868      4869      4885      4884         1
      4055      4601      4602      4618      4617      4869      4870      4886      4885         1
      4056      4602      4603      4619      4618      4870      4871      4887      4886         1
      4057      4603      4604      4620      4619      4871      4872      4888      4887         1
      4058      4605      4606      4622      4621      4873      4874      4890      4889         1
      4059      4606      4607      4623      4622      4874      4875      4891      4890         1
      4060      4607      4608      4624      4623      4875      4876      4892      4891         1
      4061      4608      4609      4625      4624      4876      4877      4893      4892         1
      4062      4609      4610      4626      4625      4877      4878      4894      4893         1
      4063      4610      4611      4627      4626      4878      4879      4895      4894         1
      4064      4611      4612      4628      4627      4879      4880      4896      4895         1
      4065      4612      4613      4629      4628      4880      4881      4897      4896         1
      4066      4613      4614      4630      4629      4881      4882      4898      4897         1
      4067      4614      4615      4631      4630      4882      4883      4899      4898         1
      4068      4615      4616      4632      4631      4883      4884      4900      4899         1
      4069      4616      4617      4633      4632      4884      4885      4901      4900         1
      4070      4617      4618      4634      4633      4885      4886      4902      4901         1
      4071      4618      4619      4635      4634      4886      4887      4903      4902         1
      4072      4619      4620      4636      4635      4887      4888      4904      4903         1
      4073      4621      4622      4638      4637      4889      4890      4906      4905         1
      4074      4622      4623      4639      4638      4890      4891      4907      4906         1
      4075      4623      4624      4640      4639      4891      4892      4908      4907         1
      4076      4624      4625      4641      4640      4892      4893      4909      4908         1
      4077      4625      4626      4642      4641      4893      4894      4910      4909         1
      4078      4626      4627      4643      4642      4894      4895      4911      4910         1
      4079      4627      4628      4644      4643      4895      4896      4912      4911         1
      4080      4628      4629      4645      4644      4896      4897      4913      4912         1
      4081      4629      4630      4646      4645      4897      4898      4914      4913         1
      4082      4630      4631      4647      4646      4898      4899      4915      4914         1
      4083      4631      4632      4648      4647      4899      4900      4916      4915         1
      4084      4632      4633      4649      4648      4900      4901      4917      4916         1
      4085      4633      4634      4650      4649      4901      4902      4918      4917         1
      4086      4634      4635      4651      4650      4902      4903      4919      4918         1
      4087      4635      4636      4652      4651      4903      4904      4920      4919         1
      4088      4637      4638      4654      4653      4905      4906      4922      4921         1
      4089      4638      4639      4655      4654      4906      4907      4923      4922         1
      4090      4639      4640      4656      4655      4907      4908      4924      4923         1
      4091      4640      4641      4657      4656      4908      4909      4925      4924         1
      4092      4641      4642      4658      4657      4909      4910      4926      4925         1
      4093      4642      4643      4659      4658      4910      4911      4927      4926         1
      4094      4643      4644      4660      4659      4911      4912      4928      4927         1
      4095      4644      4645      4661      4660      4912      4913      4929      4928         1
      4096      4645      4646      4662      4661      4913      4914      4930      4929         1
      4097      4646      4647      4663      4662      4914      4915      4931      4930         1
      4098      4647      4648      4664      4663      4915      4916      4932      4931         1
      4099      4648      4649      4665      4664      4916      4917      4933      4932         1
      4100      4649      4650      4666      4665      4917      4918      4934      4933         1
      4101      4650      4651      4667      4666      4918      4919      4935      4934         1
      4102      4651      4652      4668      4667      4919      4920      4936      4935         1
      4103      4653      4654      4670      4669      4921      4922      4938      4937         1
      4104      4654      4655      4671      4670      4922      4923      4939      4938         1
      4105      4655      4656      4672      4671      4923      4924      4940      4939         1
      4106      4656      4657      4673      4672      4924      4925      4941      4940         1
      4107      4657      4658      4674      4673      4925      4926      4942      4941         1
      4108      4658      4659      4675      4674      4926      4927      4943      4942         1
      4109      4659      4660      4676      4675      4927      4928      4944      4943         1
      4110      4660      4661      4677      4676      4928      4929      4945      4944         1
      4111      4661      4662      4678      4677      4929      4930      4946      4945         1
      4112      4662      4663      4679      4678      4930      4931      4947      4946         1
      4113      4663      4664      4680      4679      4931      4932      4948      4947         1
      4114      4664      4665      4681      4680      4932      4933      4949      4948         1
      4115      4665      4666      4682      4681      4933      4934      4950      4949         1
      4116      4666      4667      4683      4682      4934      4935      4951      4950         1
      4117      4667      4668      4684      4683      4935      4936      4952      4951         1
      4118      4669      4670      4686      4685      4937      4938      4954      4953         1
      4119      4670      4671      4687      4686      4938      4939      4955      4954         1
      4120      4671      4672      4688      4687      4939      4940      4956      4955         1
      4121      4672      4673      4689      4688      4940      4941      4957      4956         1
      4122      4673      4674      4690      4689      4941      4942      4958      4957         1
      4123      4674      4675      4691      4690      4942      4943      4959      4958         1
      4124      4675      4676      4692      4691      4943      4944      4960      4959         1
      4125      4677      4678      4694      4693      4945      4946      4962      4961         1
      4126      4678      4679      4695      4694      4946      4947      4963      4962         1
      4127      4679      4680      4696      4695      4947      4948      4964      4963         1
      4128      4680      4681      4697      4696      4948      4949      4965      4964         1
      4129      4681      4682      4698      4697      4949      4950      4966      4965         1
      4130      4682      4683      4699      4698      4950      4951      4967      4966         1
      4131      4683      4684      4700      4699      4951      4952      4968      4967         1
      4132      4685      4686      4702      4701      4953      4954      4970      4969         1
      4133      4686      4687      4703      4702      4954      4955      4971      4970         1
      4134      4687      4688      4704      4703      4955      4956      4972      4971         1
      4135      4688      4689      4705      4704      4956      4957      4973      4972         1
      4136      4689      4690      4706      4705      4957      4958      4974      4973         1
      4137      4690      4691      4707      4706      4958      4959      4975      4974         1
      4138      4691      4692      4708      4707      4959      4960      4976      4975         1
      4139      4692      4693      4709      4708      4960      4961      4977      4976         1
      4140      4693      4694      4710      4709      4961      4962      4978      4977         1
      4141      4694      4695      4711      4710      4962      4963      4979      4978         1
      4142      4695      4696      4712      4711      4963      4964      4980      4979         1
      4143      4696      4697      4713      4712      4964      4965      4981      4980         1
      4144      4697      4698      4714      4713      4965      4966      4982      4981         1
      4145      4698      4699      4715      4714      4966      4967      4983      4982         1
      4146      4699      4700      4716      4715      4967      4968      4984      4983         1
      4147      4701      4702      4718      4717      4969      4970      4986      4985         1
      4148      4702      4703      4719      4718      4970      4971      4987      4986         1
      4149      4703      4704      4720      4719      4971      4972      4988      4987         1
      4150      4704      4705      4721      4720      4972      4973      4989      4988         1
      4151      4705      4706      4722      4721      4973      4974      4990      4989         1
      4152      4706      4707      4723      4722      4974      4975      4991      4990         1
      4153      4707      4708      4724      4723      4975      4976      4992      4991         1
      4154      4708      4709      4725      4724      4976      4977      4993      4992         1
      4155      4709      4710      4726      4725      4977      4978      4994      4993         1
      4156      4710      4711      4727      4726      4978      4979      4995      4994         1
      4157      4711      4712      4728      4727      4979      4980      4996      4995         1
      4158      4712      4713      4729      4728      4980      4981      4997      4996         1
      4159      4713      4714      4730      4729      4981      4982      4998      4997         1
      4160      4714      4715      4731      4730      4982      4983      4999      4998         1
      4161      4715      4716      4732      4731      4983      4984      5000      4999         1
      4162      4717      4718      4734      4733      4985      4986      5002      5001         1
      4163      4718      4719      4735      4734      4986      4987      5003      5002         1
      4164      4719      4720      4736      4735      4987      4988      5004      5003         1
      4165      4720      4721      4737      4736      4988      4989      5005      5004         1
      4166      4721      4722      4738      4737      4989      4990      5006      5005         1
      4167      4722      4723      4739      4738      4990      4991      5007      5006         1
      4168      4723      4724      4740      4739      4991      4992      5008      5007         1
      4169      4724      4725      4741      4740      4992      4993      5009      5008         1
      4170      4725      4726      4742      4741      4993      4994      5010      5009         1
      4171      4726      4727      4743      4742      4994      4995      5011      5010         1
      4172      4727      4728      4744      4743      4995      4996      5012      5011         1
      4173      4728      4729      4745      4744      4996      4997      5013      5012         1
      4174      4729      4730      4746      4745      4997      4998      5014      5013         1
      4175      4730      4731      4747      4746      4998      4999      5015      5014         1
      4176      4731      4732      4748      4747      4999      5000      5016      5015         1
      4177      4733      4734      4750      4749      5001      5002      5018      5017         1
      4178      4734      4735      4751      4750      5002      5003      5019      5018         1
      4179      4735      4736      4752      4751      5003      5004      5020      5019         1
      4180      4736      4737      4753      4752      5004      5005      5021      5020         1
      4181      4737      4738      4754      4753      5005      5006      5022      5021         1
      4182      4738      4739      4755      4754      5006      5007      5023      5022         1
      4183      4739      4740      4756      4755      5007      5008      5024      5023         1
      4184      4740      4741      4757      4756      5008      5009      5025      5024         1
      4185      4741      4742      4758      4757      5009      5010      5026      5025         1
      4186      4742      4743      4759      4758      5010      5011      5027      5026         1
      4187      4743      4744      4760      4759      5011      5012      5028      5027         1
      4188      4744      4745      4761      4760      5012      5013      5029      5028         1
      4189      4745      4746      4762      4761      5013      5014      5030      5029         1
      4190      4746      4747      4763      4762      5014      5015      5031      5030         1
      4191      4747      4748      4764      4763      5015      5016      5032      5031         1
      4192      4749      4750      4766      4765      5017      5018      5034      5033         1
      4193      4750      4751      4767      4766      5018      5019      5035      5034         1
      4194      4751      4752      4768      4767      5019      5020      5036      5035         1
      4195      4752      4753      4769      4768      5020      5021      5037      5036         1
      4196      4753      4754      4770      4769      5021      5022      5038      5037         1
      4197      4754      4755      4771      4770      5022      5023      5039      5038         1
      4198      4755      4756      4772      4771      5023      5024      5040      5039         1
      4199      4756      4757      4773      4772      5024      5025      5041      5040         1
      4200      4757      4758      4774      4773      5025      5026      5042      5041         1
      4201      4758      4759      4775      4774      5026      5027      5043      5042         1
      4202      4759      4760      4776      4775      5027      5028      5044      5043         1
      4203      4760      4761      4777      4776      5028      5029      5045      5044         1
      4204      4761      4762      4778      4777      5029      5030      5046      5045         1
      4205      4762      4763      4779      4778      5030      5031      5047      5046         1
      4206      4763      4764      4780      4779      5031      5032      5048      5047         1
      4207      4765      4766      4782      4781      5033      5034      5050      5049         1
      4208      4766      4767      4783      4782      5034      5035      5051      5050         1
      4209      4767      4768      4784      4783      5035      5036      5052      5051         1
      4210      4768      4769      4785      4784      5036      5037      5053      5052         1
      4211      4769      4770      4786      4785      5037      5038      5054      5053         1
      4212      4770      4771      4787      4786      5038      5039      5055      5054         1
      4213      4771      4772      4788      4787      5039      5040      5056      5055         1
      4214      4772      4773      4789      4788      5040      5041      5057      5056         1
      4215      4773      4774      4790      4789      5041      5042      5058      5057         1
      4216      4774      4775      4791      4790      5042      5043      5059      5058         1
      4217      4775      4776      4792      4791      5043      5044      5060      5059         1
      4218      4776      4777      4793      4792      5044      5045      5061      5060         1
      4219      4777      4778      4794      4793      5045      5046      5062      5061         1
      4220      4778      4779      4795      4794      5046      5047      5063      5062         1
      4221      4779      4780      4796      4795      5047      5048      5064      5063         1
      4222      4781      4782      4798      4797      5049      5050      5066      5065         1
      4223      4782      4783      4799      4798      5050      5051      5067      5066         1
      4224      4783      4784      4800      4799      5051      5052      5068      5067         1
      4225      4784      4785      4801      4800      5052      5053      5069      5068         1
      4226      4785      4786      4802      4801      5053      5054      5070      5069         1
      4227      4786      4787      4803      4802      5054      5055      5071      5070         1
      4228      4787      4788      4804      4803      5055      5056      5072      5071         1
      4229      4788      4789      4805      4804      5056      5057      5073      5072         1
      4230      4789      4790      4806      4805      5057      5058      5074      5073         1
      4231      4790      4791      4807      4806      5058      5059      5075      5074         1
      4232      4791      4792      4808      4807      5059      5060      5076      5075         1
      4233      4792      4793      4809      4808      5060      5061      5077      5076         1
      4234      4793      4794      4810      4809      5061      5062      5078      5077         1
      4235      4794      4795      4811      4810      5062      5063      5079      5078         1
      4236      4795      4796      4812      4811      5063      5064      5080      5079         1
      4237      4817      4818      4814      4813      5085      5086      5082      5081         1
      4238      4818      4819      4815      4814      5086      5087      5083      5082         1
      4239      4819      4820      4816      4815      5087      5088      5084      5083         1
      4240      4820      4817      4813      4816      5088      5085      5081      5084         1
      4241      4821      4822      4818      4817      5089      5090      5086      5085         1
      4242      4822      4823      4819      4818      5090      5091      5087      5086         1
      4243      4823      4824      4820      4819      5091      5092      5088      5087         1
      4244      4824      4821      4817      4820      5092      5089      5085      5088         1
      4245      4676      4677      4822      4821      4944      4945      5090      5089         1
      4246      4677      4693      4823      4822      4945      4961      5091      5090         1
      4247      4693      4692      4824      4823      4961      4960      5092      5091         1
      4248      4692      4676      4821      4824      4960      4944      5089      5092         1
      4249      4825      4826      4842      4841      5093      5094      5110      5109         1
      4250      4826      4827      4843      4842      5094      5095      5111      5110         1
      4251      4827      4828      4844      4843      5095      5096      5112      5111         1
      4252      4828      4829      4845      4844      5096      5097      5113      5112         1
      4253      4829      4830      4846      4845      5097      5098      5114      5113         1
      4254      4830      4831      4847      4846      5098      5099      5115      5114         1
      4255      4831      4832      4848      4847      5099      5100      5116      5115         1
      4256      4832      4833      4849      4848      5100      5101      5117      5116         1
      4257      4833      4834      4850      4849      5101      5102      5118      5117         1
      4258      4834      4835      4851      4850      5102      5103      5119      5118         1
      4259      4835      4836      4852      4851      5103      5104      5120      5119         1
      4260      4836      4837      4853      4852      5104      5105      5121      5120         1
      4261      4837      4838      4854      4853      5105      5106      5122      5121         1
      4262      4838      4839      4855      4854      5106      5107      5123      5122         1
      4263      4839      4840      4856      4855      5107      5108      5124      5123         1
      4264      4841      4842      4858      4857      5109      5110      5126      5125         1
      4265      4842      4843      4859      4858      5110      5111      5127      5126         1
      4266      4843      4844      4860      4859      5111      5112      5128      5127         1
      4267      4844      4845      4861      4860      5112      5113      5129      5128         1
      4268      4845      4846      4862      4861      5113      5114      5130      5129         1
      4269      4846      4847      4863      4862      5114      5115      5131      5130         1
      4270      4847      4848      4864      4863      5115      5116      5132      5131         1
      4271      4848      4849      4865      4864      5116      5117      5133      5132         1
      4272      4849      4850      4866      4865      5117      5118      5134      5133         1
      4273      4850      4851      4867      4866      5118      5119      5135      5134         1
      4274      4851      4852      4868      4867      5119      5120      5136      5135         1
      4275      4852      4853      4869      4868      5120      5121      5137      5136         1
      4276      4853      4854      4870      4869      5121      5122      5138      5137         1
      4277      4854      4855      4871      4870      5122      5123      5139      5138         1
      4278      4855      4856      4872      4871      5123      5124      5140      5139         1
      4279      4857      4858      4874      4873      5125      5126      5142      5141         1
      4280      4858      4859      4875      4874      5126      5127      5143      5142         1
      4281      4859      4860      4876      4875      5127      5128      5144      5143         1
      4282      4860      4861      4877      4876      5128      5129      5145      5144         1
      4283      4861      4862      4878      4877      5129      5130      5146      5145         1
      4284      4862      4863      4879      4878      5130      5131      5147      5146         1
      4285      4863      4864      4880      4879      5131      5132      5148      5147         1
      4286      4864      4865      4881      4880      5132      5133      5149      5148         1
      4287      4865      4866      4882      4881      5133      5134      5150      5149         1
      4288      4866      4867      4883      4882      5134      5135      5151      5150         1
      4289      4867      4868      4884      4883      5135      5136      5152      5151         1
      4290      4868      4869      4885      4884      5136      5137      5153      5152         1
      4291      4869      4870      4886      4885      5137      5138      5154      5153         1
      4292      4870      4871      4887      4886      5138      5139      5155      5154         1
      4293      4871      4872      4888      4887      5139      5140      5156      5155         1
      4294      4873      4874      4890      4889      5141      5142      5158      5157         1
      4295      4874      4875      4891      4890      5142      5143      5159      5158         1
      4296      4875      4876      4892      4891      5143      5144      5160      5159         1
      4297      4876      4877      4893      4892      5144      5145      5161      5160         1
      4298      4877      4878      4894      4893      5145      5146      5162      5161         1
      4299      4878      4879      4895      4894      5146      5147      5163      5162         1
      4300      4879      4880      4896      4895      5147      5148      5164      5163         1
      4301      4880      4881      4897      4896      5148      5149      5165      5164         1
      4302      4881      4882      4898      4897      5149      5150      5166      5165         1
      4303      4882      4883      4899      4898      5150      5151      5167      5166         1
      4304      4883      4884      4900      4899      5151      5152      5168      5167         1
      4305      4884      4885      4901      4900      5152      5153      5169      5168         1
      4306      4885      4886      4902      4901      5153      5154      5170      5169         1
      4307      4886      4887      4903      4902      5154      5155      5171      5170         1
      4308      4887      4888      4904      4903      5155      5156      5172      5171         1
      4309      4889      4890      4906      4905      5157      5158      5174      5173         1
      4310      4890      4891      4907      4906      5158      5159      5175      5174         1
      4311      4891      4892      4908      4907      5159      5160      5176      5175         1
      4312      4892      4893      4909      4908      5160      5161      5177      5176         1
      4313      4893      4894      4910      4909      5161      5162      5178      5177         1
      4314      4894      4895      4911      4910      5162      5163      5179      5178         1
      4315      4895      4896      4912      4911      5163      5164      5180      5179         1
      4316      4896      4897      4913      4912      5164      5165      5181      5180         1
      4317      4897      4898      4914      4913      5165      5166      5182      5181         1
      4318      4898      4899      4915      4914      5166      5167      5183      5182         1
      4319      4899      4900      4916      4915      5167      5168      5184      5183         1
      4320      4900      4901      4917      4916      5168      5169      5185      5184         1
      4321      4901      4902      4918      4917      5169      5170      5186      5185         1
      4322      4902      4903      4919      4918      5170      5171      5187      5186         1
      4323      4903      4904      4920      4919      5171      5172      5188      5187         1
      4324      4905      4906      4922      4921      5173      5174      5190      5189         1
      4325      4906      4907      4923      4922      5174      5175      5191      5190         1
      4326      4907      4908      4924      4923      5175      5176      5192      5191         1
      4327      4908      4909      4925      4924      5176      5177      5193      5192         1
      4328      4909      4910      4926      4925      5177      5178      5194      5193         1
      4329      4910      4911      4927      4926      5178      5179      5195      5194         1
      4330      4911      4912      4928      4927      5179      5180      5196      5195         1
      4331      4912      4913      4929      4928      5180      5181      5197      5196         1
      4332      4913      4914      4930      4929      5181      5182      5198      5197         1
      4333      4914      4915      4931      4930      5182      5183      5199      5198         1
      4334      4915      4916      4932      4931      5183      5184      5200      5199         1
      4335      4916      4917      4933      4932      5184      5185      5201      5200         1
      4336      4917      4918      4934      4933      5185      5186      5202      5201         1
      4337      4918      4919      4935      4934      5186      5187      5203      5202         1
      4338      4919      4920      4936      4935      5187      5188      5204      5203         1
      4339      4921      4922      4938      4937      5189      5190      5206      5205         1
      4340      4922      4923      4939      4938      5190      5191      5207      5206         1
      4341      4923      4924      4940      4939      5191      5192      5208      5207         1
      4342      4924      4925      4941      4940      5192      5193      5209      5208         1
      4343      4925      4926      4942      4941      5193      5194      5210      5209         1
      4344      4926      4927      4943      4942      5194      5195      5211      5210         1
      4345      4927      4928      4944      4943      5195      5196      5212      5211         1
      4346      4928      4929      4945      4944      5196      5197      5213      5212         1
      4347      4929      4930      4946      4945      5197      5198      5214      5213         1
      4348      4930      4931      4947      4946      5198      5199      5215      5214         1
      4349      4931      4932      4948      4947      5199      5200      5216      5215         1
      4350      4932      4933      4949      4948      5200      5201      5217      5216         1
      4351      4933      4934      4950      4949      5201      5202      5218      5217         1
      4352      4934      4935      4951      4950      5202      5203      5219      5218         1
      4353      4935      4936      4952      4951      5203      5204      5220      5219         1
      4354      4937      4938      4954      4953      5205      5206      5222      5221         1
      4355      4938      4939      4955      4954      5206      5207      5223      5222         1
      4356      4939      4940      4956      4955      5207      5208      5224      5223         1
      4357      4940      4941      4957      4956      5208      5209      5225      5224         1
      4358      4941      4942      4958      4957      5209      5210      5226      5225         1
      4359      4942      4943      4959      4958      5210      5211      5227      5226         1
      4360      4943      4944      4960      4959      5211      5212      5228      5227         1
      4361      4945      4946      4962      4961      5213      5214      5230      5229         1
      4362      4946      4947      4963      4962      5214      5215      5231      5230         1
      4363      4947      4948      4964      4963      5215      5216      5232      5231         1
      4364      4948      4949      4965      4964      5216      5217      5233      5232         1
      4365      4949      4950      4966      4965      5217      5218      5234      5233         1
      4366      4950      4951      4967      4966      5218      5219      5235      5234         1
      4367      4951      4952      4968      4967      5219      5220      5236      5235         1
      4368      4953      4954      4970      4969      5221      5222      5238      5237         1
      4369      4954      4955      4971      4970      5222      5223      5239      5238         1
      4370      4955      4956      4972      4971      5223      5224      5240      5239         1
      4371      4956      4957      4973      4972      5224      5225      5241      5240         1
      4372      4957      4958      4974      4973      5225      5226      5242      5241         1
      4373      4958      4959      4975      4974      5226      5227      5243      5242         1
      4374      4959      4960      4976      4975      5227      5228      5244      5243         1
      4375      4960      4961      4977      4976      5228      5229      5245      5244         1
      4376      4961      4962      4978      4977      5229      5230      5246      5245         1
      4377      4962      4963      4979      4978      5230      5231      5247      5246         1
      4378      4963      4964      4980      4979      5231      5232      5248      5247         1
      4379      4964      4965      4981      4980      5232      5233      5249      5248         1
      4380      4965      4966      4982      4981      5233      5234      5250      5249         1
      4381      4966      4967      4983      4982      5234      5235      5251      5250         1
      4382      4967      4968      4984      4983      5235      5236      5252      5251         1
      4383      4969      4970      4986      4985      5237      5238      5254      5253         1
      4384      4970      4971      4987      4986      5238      5239      5255      5254         1
      4385      4971      4972      4988      4987      5239      5240      5256      5255         1
      4386      4972      4973      4989      4988      5240      5241      5257      5256         1
      4387      4973      4974      4990      4989      5241      5242      5258      5257         1
      4388      4974      4975      4991      4990      5242      5243      5259      5258         1
      4389      4975      4976      4992      4991      5243      5244      5260      5259         1
      4390      4976      4977      4993      4992      5244      5245      5261      5260         1
      4391      4977      4978      4994      4993      5245      5246      5262      5261         1
      4392      4978      4979      4995      4994      5246      5247      5263      5262         1
      4393      4979      4980      4996      4995      5247      5248      5264      5263         1
      4394      4980      4981      4997      4996      5248      5249      5265      5264         1
      4395      4981      4982      4998      4997      5249      5250      5266      5265         1
      4396      4982      4983      4999      4998      5250      5251      5267      5266         1
      4397      4983      4984      5000      4999      5251      5252      5268      5267         1
      4398      4985      4986      5002      5001      5253      5254      5270      5269         1
      4399      4986      4987      5003      5002      5254      5255      5271      5270         1
      4400      4987      4988      5004      5003      5255      5256      5272      5271         1
      4401      4988      4989      5005      5004      5256      5257      5273      5272         1
      4402      4989      4990      5006      5005      5257      5258      5274      5273         1
      4403      4990      4991      5007      5006      5258      5259      5275      5274         1
      4404      4991      4992      5008      5007      5259      5260      5276      5275         1
      4405      4992      4993      5009      5008      5260      5261      5277      5276         1
      4406      4993      4994      5010      5009      5261      5262      5278      5277         1
      4407      4994      4995      5011      5010      5262      5263      5279      5278         1
      4408      4995      4996      5012      5011      5263      5264      5280      5279         1
      4409      4996      4997      5013      5012      5264      5265      5281      5280         1
      4410      4997      4998      5014      5013      5265      5266      5282      5281         1
      4411      4998      4999      5015      5014      5266      5267      5283      5282         1
      4412      4999      5000      5016      5015      5267      5268      5284      5283         1
      4413      5001      5002      5018      5017      5269      5270      5286      5285         1
      4414      5002      5003      5019      5018      5270      5271      5287      5286         1
      4415      5003      5004      5020      5019      5271      5272      5288      5287         1
      4416      5004      5005      5021      5020      5272      5273      5289      5288         1
      4417      5005      5006      5022      5021      5273      5274      5290      5289         1
      4418      5006      5007      5023      5022      5274      5275      5291      5290         1
      4419      5007      5008      5024      5023      5275      5276      5292      5291         1
      4420      5008      5009      5025      5024      5276      5277      5293      5292         1
      4421      5009      5010      5026      5025      5277      5278      5294      5293         1
      4422      5010      5011      5027      5026      5278      5279      5295      5294         1
      4423      5011      5012      5028      5027      5279      5280      5296      5295         1
      4424      5012      5013      5029      5028      5280      5281      5297      5296         1
      4425      5013      5014      5030      5029      5281      5282      5298      5297         1
      4426      5014      5015      5031      5030      5282      5283      5299      5298         1
      4427      5015      5016      5032      5031      5283      5284      5300      5299         1
      4428      5017      5018      5034      5033      5285      5286      5302      5301         1
      4429      5018      5019      5035      5034      5286      5287      5303      5302         1
      4430      5019      5020      5036      5035      5287      5288      5304      5303         1
      4431      5020      5021      5037      5036      5288      5289      5305      5304         1
      4432      5021      5022      5038      5037      5289      5290      5306      5305         1
      4433      5022      5023      5039      5038      5290      5291      5307      5306         1
      4434      5023      5024      5040      5039      5291      5292      5308      5307         1
      4435      5024      5025      5041      5040      5292      5293      5309      5308         1
      4436      5025      5026      5042      5041      5293      5294      5310      5309         1
      4437      5026      5027      5043      5042      5294      5295      5311      5310         1
      4438      5027      5028      5044      5043      5295      5296      5312      5311         1
      4439      5028      5029      5045      5044      5296      5297      5313      5312         1
      4440      5029      5030      5046      5045      5297      5298      5314      5313         1
      4441      5030      5031      5047      5046      5298      5299      5315      5314         1
      4442      5031      5032      5048      5047      5299      5300      5316      5315         1
      4443      5033      5034      5050      5049      5301      5302      5318      5317         1
      4444      5034      5035      5051      5050      5302      5303      5319      5318         1
      4445      5035      5036      5052      5051      5303      5304      5320      5319         1
      4446      5036      5037      5053      5052      5304      5305      5321      5320         1
      4447      5037      5038      5054      5053      5305      5306      5322      5321         1
      4448      5038      5039      5055      5054      5306      5307      5323      5322         1
      4449      5039      5040      5056      5055      5307      5308      5324      5323         1
      4450      5040      5041      5057      5056      5308      5309      5325      5324         1
      4451      5041      5042      5058      5057      5309      5310      5326      5325         1
      4452      5042      5043      5059      5058      5310      5311      5327      5326         1
      4453      5043      5044      5060      5059      5311      5312      5328      5327         1
      4454      5044      5045      5061      5060      5312      5313      5329      5328         1
      4455      5045      5046      5062      5061      5313      5314      5330      5329         1
      4456      5046      5047      5063      5062      5314      5315      5331      5330         1
      4457      5047      5048      5064      5063      5315      5316      5332      5331         1
      4458      5049      5050      5066      5065      5317      5318      5334      5333         1
      4459      5050      5051      5067      5066      5318      5319      5335      5334         1
      4460      5051      5052      5068      5067      5319      5320      5336      5335         1
      4461      5052      5053      5069      5068      5320      5321      5337      5336         1
      4462      5053      5054      5070      5069      5321      5322      5338      5337         1
      4463      5054      5055      5071      5070      5322      5323      5339      5338         1
      4464      5055      5056      5072      5071      5323      5324      5340      5339         1
      4465      5056      5057      5073      5072      5324      5325      5341      5340         1
      4466      5057      5058      5074      5073      5325      5326      5342      5341         1
      4467      5058      5059      5075      5074      5326      5327      5343      5342         1
      4468      5059      5060      5076      5075      5327      5328      5344      5343         1
      4469      5060      5061      5077      5076      5328      5329      5345      5344         1
      4470      5061      5062      5078      5077      5329      5330      5346      5345         1
      4471      5062      5063      5079      5078      5330      5331      5347      5346         1
      4472      5063      5064      5080      5079      5331      5332      5348      5347         1
      4473      5085      5086      5082      5081      5353      5354      5350      5349         1
      4474      5086      5087      5083      5082      5354      5355      5351      5350         1
      4475      5087      5088      5084      5083      5355      5356      5352      5351         1
      4476      5088      5085      5081      5084      5356      5353      5349      5352         1
      4477      5089      5090      5086      5085      5357      5358      5354      5353         1
      4478      5090      5091      5087      5086      5358      5359      5355      5354         1
      4479      5091      5092      5088      5087      5359      5360      5356      5355         1
      4480      5092      5089      5085      5088      5360      5357      5353      5356         1
      4481      4944      4945      5090      5089      5212      5213      5358      5357         1
      4482      4945      4961      5091      5090      5213      5229      5359      5358         1
      4483      4961      4960      5092      5091      5229      5228      5360      5359         1
      4484      4960      4944      5089      5092      5228      5212      5357      5360         1
      4485      5093      5094      5110      5109      5361      5362      5378      5377         1
      4486      5094      5095      5111      5110      5362      5363      5379      5378         1
      4487      5095      5096      5112      5111      5363      5364      5380      5379         1
      4488      5096      5097      5113      5112      5364      5365      5381      5380         1
      4489      5097      5098      5114      5113      5365      5366      5382      5381         1
      4490      5098      5099      5115      5114      5366      5367      5383      5382         1
      4491      5099      5100      5116      5115      5367      5368      5384      5383         1
      4492      5100      5101      5117      5116      5368      5369      5385      5384         1
      4493      5101      5102      5118      5117      5369      5370      5386      5385         1
      4494      5102      5103      5119      5118      5370      5371      5387      5386         1
      4495      5103      5104      5120      5119      5371      5372      5388      5387         1
      4496      5104      5105      5121      5120      5372      5373      5389      5388         1
      4497      5105      5106      5122      5121      5373      5374      5390      5389         1
      4498      5106      5107      5123      5122      5374      5375      5391      5390         1
      4499      5107      5108      5124      5123      5375      5376      5392      5391         1
      4500      5109      5110      5126      5125      5377      5378      5394      5393         1
      4501      5110      5111      5127      5126      5378      5379      5395      5394         1
      4502      5111      5112      5128      5127      5379      5380      5396      5395         1
      4503      5112      5113      5129      5128      5380      5381      5397      5396         1
      4504      5113      5114      5130      5129      5381      5382      5398      5397         1
      4505      5114      5115      5131      5130      5382      5383      5399      5398         1
      4506      5115      5116      5132      5131      5383      5384      5400      5399         1
      4507      5116      5117      5133      5132      5384      5385      5401      5400         1
      4508      5117      5118      5134      5133      5385      5386      5402      5401         1
      4509      5118      5119      5135      5134      5386      5387      5403      5402         1
      4510      5119      5120      5136      5135      5387      5388      5404      5403         1
      4511      5120      5121      5137      5136      5388      5389      5405      5404         1
      4512      5121      5122      5138      5137      5389      5390      5406      5405         1
      4513      5122      5123      5139      5138      5390      5391      5407      5406         1
      4514      5123      5124      5140      5139      5391      5392      5408      5407         1
      4515      5125      5126      5142      5141      5393      5394      5410      5409         1
      4516      5126      5127      5143      5142      5394      5395      5411      5410         1
      4517      5127      5128      5144      5143      5395      5396      5412      5411         1
      4518      5128      5129      5145      5144      5396      5397      5413      5412         1
      4519      5129      5130      5146      5145      5397      5398      5414      5413         1
      4520      5130      5131      5147      5146      5398      5399      5415      5414         1
      4521      5131      5132      5148      5147      5399      5400      5416      5415         1
      4522      5132      5133      5149      5148      5400      5401      5417      5416         1
      4523      5133      5134      5150      5149      5401      5402      5418      5417         1
      4524      5134      5135      5151      5150      5402      5403      5419      5418         1
      4525      5135      5136      5152      5151      5403      5404      5420      5419         1
      4526      5136      5137      5153      5152      5404      5405      5421      5420         1
      4527      5137      5138      5154      5153      5405      5406      5422      5421         1
      4528      5138      5139      5155      5154      5406      5407      5423      5422         1
      4529      5139      5140      5156      5155      5407      5408      5424      5423         1
      4530      5141      5142      5158      5157      5409      5410      5426      5425         1
      4531      5142      5143      5159      5158      5410      5411      5427      5426         1
      4532      5143      5144      5160      5159      5411      5412      5428      5427         1
      4533      5144      5145      5161      5160      5412      5413      5429      5428         1
      4534      5145      5146      5162      5161      5413      5414      5430      5429         1
      4535      5146      5147      5163      5162      5414      5415      5431      5430         1
      4536      5147      5148      5164      5163      5415      5416      5432      5431         1
      4537      5148      5149      5165      5164      5416      5417      5433      5432         1
      4538      5149      5150      5166      5165      5417      5418      5434      5433         1
      4539      5150      5151      5167      5166      5418      5419      5435      5434         1
      4540      5151      5152      5168      5167      5419      5420      5436      5435         1
      4541      5152      5153      5169      5168      5420      5421      5437      5436         1
      4542      5153      5154      5170      5169      5421      5422      5438      5437         1
      4543      5154      5155      5171      5170      5422      5423      5439      5438         1
      4544      5155      5156      5172      5171      5423      5424      5440      5439         1
      4545      5157      5158      5174      5173      5425      5426      5442      5441         1
      4546      5158      5159      5175      5174      5426      5427      5443      5442         1
      4547      5159      5160      5176      5175      5427      5428      5444      5443         1
      4548      5160      5161      5177      5176      5428      5429      5445      5444         1
      4549      5161      5162      5178      5177      5429      5430      5446      5445         1
      4550      5162      5163      5179      5178      5430      5431      5447      5446         1
      4551      5163      5164      5180      5179      5431      5432      5448      5447         1
      4552      5164      5165      5181      5180      5432      5433      5449      5448         1
      4553      5165      5166      5182      5181      5433      5434      5450      5449         1
      4554      5166      5167      5183      5182      5434      5435      5451      5450         1
      4555      5167      5168      5184      5183      5435      5436      5452      5451         1
      4556      5168      5169      5185      5184      5436      5437      5453      5452         1
      4557      5169      5170      5186      5185      5437      5438      5454      5453         1
      4558      5170      5171      5187      5186      5438      5439      5455      5454         1
      4559      5171      5172      5188      5187      5439      5440      5456      5455         1
      4560      5173      5174      5190      5189      5441      5442      5458      5457         1
      4561      5174      5175      5191      5190      5442      5443      5459      5458         1
      4562      5175      5176      5192      5191      5443      5444      5460      5459         1
      4563      5176      5177      5193      5192      5444      5445      5461      5460         1
      4564      5177      5178      5194      5193      5445      5446      5462      5461         1
      4565      5178      5179      5195      5194      5446      5447      5463      5462         1
      4566      5179      5180      5196      5195      5447      5448      5464      5463         1
      4567      5180      5181      5197      5196      5448      5449      5465      5464         1
      4568      5181      5182      5198      5197      5449      5450      5466      5465         1
      4569      5182      5183      5199      5198      5450      5451      5467      5466         1
      4570      5183      5184      5200      5199      5451      5452      5468      5467         1
      4571      5184      5185      5201      5200      5452      5453      5469      5468         1
      4572      5185      5186      5202      5201      5453      5454      5470      5469         1
      4573      5186      5187      5203      5202      5454      5455      5471      5470         1
      4574      5187      5188      5204      5203      5455      5456      5472      5471         1
      4575      5189      5190      5206      5205      5457      5458      5474      5473         1
      4576      5190      5191      5207      5206      5458      5459      5475      5474         1
      4577      5191      5192      5208      5207      5459      5460      5476      5475         1
      4578      5192      5193      5209      5208      5460      5461      5477      5476         1
      4579      5193      5194      5210      5209      5461      5462      5478      5477         1
      4580      5194      5195      5211      5210      5462      5463      5479      5478         1
      4581      5195      5196      5212      5211      5463      5464      5480      5479         1
      4582      5196      5197      5213      5212      5464      5465      5481      5480         1
      4583      5197      5198      5214      5213      5465      5466      5482      5481         1
      4584      5198      5199      5215      5214      5466      5467      5483      5482         1
      4585      5199      5200      5216      5215      5467      5468      5484      5483         1
      4586      5200      5201      5217      5216      5468      5469      5485      5484         1
      4587      5201      5202      5218      5217      5469      5470      5486      5485         1
      4588      5202      5203      5219      5218      5470      5471      5487      5486         1
      4589      5203      5204      5220      5219      5471      5472      5488      5487         1
      4590      5205      5206      5222      5221      5473      5474      5490      5489         1
      4591      5206      5207      5223      5222      5474      5475      5491      5490         1
      4592      5207      5208      5224      5223      5475      5476      5492      5491         1
      4593      5208      5209      5225      5224      5476      5477      5493      5492         1
      4594      5209      5210      5226      5225      5477      5478      5494      5493         1
      4595      5210      5211      5227      5226      5478      5479      5495      5494         1
      4596      5211      5212      5228      5227      5479      5480      5496      5495         1
      4597      5213      5214      5230      5229      5481      5482      5498      5497         1
      4598      5214      5215      5231      5230      5482      5483      5499      5498         1
      4599      5215      5216      5232      5231      5483      5484      5500      5499         1
      4600      5216      5217      5233      5232      5484      5485      5501      5500         1
      4601      5217      5218      5234      5233      5485      5486      5502      5501         1
      4602      5218      5219      5235      5234      5486      5487      5503      5502         1
      4603      5219      5220      5236      5235      5487      5488      5504      5503         1
      4604      5221      5222      5238      5237      5489      5490      5506      5505         1
      4605      5222      5223      5239      5238      5490      5491      5507      5506         1
      4606      5223      5224      5240      5239      5491      5492      5508      5507         1
      4607      5224      5225      5241      5240      5492      5493      5509      5508         1
      4608      5225      5226      5242      5241      5493      5494      5510      5509         1
      4609      5226      5227      5243      5242      5494      5495      5511      5510         1
      4610      5227      5228      5244      5243      5495      5496      5512      5511         1
      4611      5228      5229      5245      5244      5496      5497      5513      5512         1
      4612      5229      5230      5246      5245      5497      5498      5514      5513         1
      4613      5230      5231      5247      5246      5498      5499      5515      5514         1
      4614      5231      5232      5248      5247      5499      5500      5516      5515         1
      4615      5232      5233      5249      5248      5500      5501      5517      5516         1
      4616      5233      5234      5250      5249      5501      5502      5518      5517         1
      4617      5234      5235      5251      5250      5502      5503      5519      5518         1
      4618      5235      5236      5252      5251      5503      5504      5520      5519         1
      4619      5237      5238      5254      5253      5505      5506      5522      5521         1
      4620      5238      5239      5255      5254      5506      5507      5523      5522         1
      4621      5239      5240      5256      5255      5507      5508      5524      5523         1
      4622      5240      5241      5257      5256      5508      5509      5525      5524         1
      4623      5241      5242      5258      5257      5509      5510      5526      5525         1
      4624      5242      5243      5259      5258      5510      5511      5527      5526         1
      4625      5243      5244      5260      5259      5511      5512      5528      5527         1
      4626      5244      5245      5261      5260      5512      5513      5529      5528         1
      4627      5245      5246      5262      5261      5513      5514      5530      5529         1
      4628      5246      5247      5263      5262      5514      5515      5531      5530         1
      4629      5247      5248      5264      5263      5515      5516      5532      5531         1
      4630      5248      5249      5265      5264      5516      5517      5533      5532         1
      4631      5249      5250      5266      5265      5517      5518      5534      5533         1
      4632      5250      5251      5267      5266      5518      5519      5535      5534         1
      4633      5251      5252      5268      5267      5519      5520      5536      5535         1
      4634      5253      5254      5270      5269      5521      5522      5538      5537         1
      4635      5254      5255      5271      5270      5522      5523      5539      5538         1
      4636      5255      5256      5272      5271      5523      5524      5540      5539         1
      4637      5256      5257      5273      5272      5524      5525      5541      5540         1
      4638      5257      5258      5274      5273      5525      5526      5542      5541         1
      4639      5258      5259      5275      5274      5526      5527      5543      5542         1
      4640      5259      5260      5276      5275      5527      5528      5544      5543         1
      4641      5260      5261      5277      5276      5528      5529      5545      5544         1
      4642      5261      5262      5278      5277      5529      5530      5546      5545         1
      4643      5262      5263      5279      5278      5530      5531      5547      5546         1
      4644      5263      5264      5280      5279      5531      5532      5548      5547         1
      4645      5264      5265      5281      5280      5532      5533      5549      5548         1
      4646      5265      5266      5282      5281      5533      5534      5550      5549         1
      4647      5266      5267      5283      5282      5534      5535      5551      5550         1
      4648      5267      5268      5284      5283      5535      5536      5552      5551         1
      4649      5269      5270      5286      5285      5537      5538      5554      5553         1
      4650      5270      5271      5287      5286      5538      5539      5555      5554         1
      4651      5271      5272      5288      5287      5539      5540      5556      5555         1
      4652      5272      5273      5289      5288      5540      5541      5557      5556         1
      4653      5273      5274      5290      5289      5541      5542      5558      5557         1
      4654      5274      5275      5291      5290      5542      5543      5559      5558         1
      4655      5275      5276      5292      5291      5543      5544      5560      5559         1
      4656      5276      5277      5293      5292      5544      5545      5561      5560         1
      4657      5277      5278      5294      5293      5545      5546      5562      5561         1
      4658      5278      5279      5295      5294      5546      5547      5563      5562         1
      4659      5279      5280      5296      5295      5547      5548      5564      5563         1
      4660      5280      5281      5297      5296      5548      5549      5565      5564         1
      4661      5281      5282      5298      5297      5549      5550      5566      5565         1
      4662      5282      5283      5299      5298      5550      5551      5567      5566         1
      4663      5283      5284      5300      5299      5551      5552      5568      5567         1
      4664      5285      5286      5302      5301      5553      5554      5570      5569         1
      4665      5286      5287      5303      5302      5554      5555      5571      5570         1
      4666      5287      5288      5304      5303      5555      5556      5572      5571         1
      4667      5288      5289      5305      5304      5556      5557      5573      5572         1
      4668      5289      5290      5306      5305      5557      5558      5574      5573         1
      4669      5290      5291      5307      5306      5558      5559      5575      5574         1
      4670      5291      5292      5308      5307      5559      5560      5576      5575         1
      4671      5292      5293      5309      5308      5560      5561      5577      5576         1
      4672      5293      5294      5310      5309      5561      5562      5578      5577         1
      4673      5294      5295      5311      5310      5562      5563      5579      5578         1
      4674      5295      5296      5312      5311      5563      5564      5580      5579         1
      4675      5296      5297      5313      5312      5564      5565      5581      5580         1
      4676      5297      5298      5314      5313      5565      5566      5582      5581         1
      4677      5298      5299      5315      5314      5566      5567      5583      5582         1
      4678      5299      5300      5316      5315      5567      5568      5584      5583         1
      4679      5301      5302      5318      5317      5569      5570      5586      5585         1
      4680      5302      5303      5319      5318      5570      5571      5587      5586         1
      4681      5303      5304      5320      5319      5571      5572      5588      5587         1
      4682      5304      5305      5321      5320      5572      5573      5589      5588         1
      4683      5305      5306      5322      5321      5573      5574      5590      5589         1
      4684      5306      5307      5323      5322      5574      5575      5591      5590         1
      4685      5307      5308      5324      5323      5575      5576      5592      5591         1
      4686      5308      5309      5325      5324      5576      5577      5593      5592         1
      4687      5309      5310      5326      5325      5577      5578      5594      5593         1
      4688      5310      5311      5327      5326      5578      5579      5595      5594         1
      4689      5311      5312      5328      5327      5579      5580      5596      5595         1
      4690      5312      5313      5329      5328      5580      5581      5597      5596         1
      4691      5313      5314      5330      5329      5581      5582      5598      5597         1
      4692      5314      5315      5331      5330      5582      5583      5599      5598         1
      4693      5315      5316      5332      5331      5583      5584      5600      5599         1
      4694      5317      5318      5334      5333      5585      5586      5602      5601         1
      4695      5318      5319      5335      5334      5586      5587      5603      5602         1
      4696      5319      5320      5336      5335      5587      5588      5604      5603         1
      4697      5320      5321      5337      5336      5588      5589      5605      5604         1
      4698      5321      5322      5338      5337      5589      5590      5606      5605         1
      4699      5322      5323      5339      5338      5590      5591      5607      5606         1
      4700      5323      5324      5340      5339      5591      5592      5608      5607         1
      4701      5324      5325      5341      5340      5592      5593      5609      5608         1
      4702      5325      5326      5342      5341      5593      5594      5610      5609         1
      4703      5326      5327      5343      5342      5594      5595      5611      5610         1
      4704      5327      5328      5344      5343      5595      5596      5612      5611         1
      4705      5328      5329      5345      5344      5596      5597      5613      5612         1
      4706      5329      5330      5346      5345      5597      5598      5614      5613         1
      4707      5330      5331      5347      5346      5598      5599      5615      5614         1
      4708      5331      5332      5348      5347      5599      5600      5616      5615         1
      4709      5353      5354      5350      5349      5621      5622      5618      5617         1
      4710      5354      5355      5351      5350      5622      5623      5619      5618         1
      4711      5355      5356      5352      5351      5623      5624      5620      5619         1
      4712      5356      5353      5349      5352      5624      5621      5617      5620         1
      4713      5357      5358      5354      5353      5625      5626      5622      5621         1
      4714      5358      5359      5355      5354      5626      5627      5623      5622         1
      4715      5359      5360      5356      5355      5627      5628      5624      5623         1
      4716      5360      5357      5353      5356      5628      5625      5621      5624         1
      4717      5212      5213      5358      5357      5480      5481      5626      5625         1
      4718      5213      5229      5359      5358      5481      5497      5627      5626         1
      4719      5229      5228      5360      5359      5497      5496      5628      5627         1
      4720      5228      5212      5357      5360      5496      5480      5625      5628         1
