 time: 10:02:36
 Input the problem name?
 NPOIN                                                                          
  
         249         249         216           2           3           3
           0 GIDR                  0.000000000000000E+000           0
           0           0           0           0       99999
 NINIT                                                                          
  
           0           0           0           1           0           0
           0           0           0           0           0 
 VIE                                                          0           0
           0           0           0           0           0
 outinpunit=          37 outindunit=          54
 TYPE_PROBLEM                                                                   
  
 F                                                 
 PARDISO                                           
 LOAD                                                         1           0
           0           0
 type_layer1                                                                    
  
 NMASS                                                                          
  
           1           1           1           1           0           0
           1           0           1           0           0
 nfreeflownode                                                                  
  
 NTSMAT                                                                         
  
         999         999           0           0           0
 beeta1,beeta2,theta1=  0.500000000000000       0.250000000000000     
   1.00000000000000     
 equvs_process(1:ngroup)                                                        
  
 appear_level(1:ngroup)                                                         Exit code: 0
RESTART count: 500
Crash: False

--- Step 4: Parsing results ---
Block 1: 249 nodes (249 active)
  Ux: -0.478 ~ 0.000 mm
  Uy: -0.016 ~ 0.063 mm
  Velocity (249 nodes): peak = 2.073E-02 m/s
    x: -2.073E-02 ~ 5.011E-06  y: -1.037E-03 ~ 4.076E-03
  Acceleration (relative) (249 nodes): peak = 6.929E-01 m/s²
    x: -3.804E-01 ~ 6.929E-01  y: -4.452E-02 ~ 1.878E-01
  Acceleration (absolute) (249 nodes): peak = 6.929E-01 m/s²
    x: -3.804E-01 ~ 6.929E-01  y: -4.452E-02 ~ 1.878E-01
  Nodal force / reaction (249 nodes):
    x: -1.276E+07 ~ 4.246E+06  y: -1.472E+06 ~ 1.456E+06  N
    Σx=-4.518E+07  Σy=2.663E+06  N
  Stress (249 gauss points, 4 components):
    Sxx: -1.069E+05 ~ 5.360E+04 Pa
    Syy: -1.204E+04 ~ 7.224E+03 Pa
Block 2: 249 nodes (249 active)
  Ux: -1.015 ~ 0.002 mm
  Uy: -0.063 ~ 0.228 mm
  Velocity (249 nodes): peak = 1.277E-02 m/s
    x: -1.277E-02 ~ 9.358E-05  y: -1.799E-03 ~ 5.834E-03
  Acceleration (relative) (249 nodes): peak = 2.568E-01 m/s²
    x: -1.381E-01 ~ 2.531E-01  y: -1.340E-01 ~ 1.771E-01
  Acceleration (absolute) (249 nodes): peak = 2.568E-01 m/s²
    x: -1.381E-01 ~ 2.531E-01  y: -1.340E-01 ~ 1.771E-01
  Nodal force / reaction (249 nodes):
    x: -1.230E+07 ~ 9.013E+06  y: -3.081E+06 ~ 1.750E+06  N
    Σx=-2.257E+07  Σy=7.409E+06  N
  Stress (249 gauss points, 4 components):
    Sxx: -2.311E+05 ~ 1.288E+05 Pa
    Syy: -3.415E+04 ~ 3.864E+04 Pa
Block 3: 249 nodes (249 active)
  Ux: -1.293 ~ 0.011 mm
  Uy: -0.119 ~ 0.344 mm
  Velocity (249 nodes): peak = 6.727E-03 m/s
    x: -6.711E-03 ~ 4.929E-04  y: -2.588E-03 ~ 5.746E-03
  Acceleration (relative) (249 nodes): peak = 2.298E-01 m/s²
    x: -6.899E-02 ~ 2.292E-01  y: -1.195E-01 ~ 1.452E-01
  Acceleration (absolute) (249 nodes): peak = 2.298E-01 m/s²
    x: -6.899E-02 ~ 2.292E-01  y: -1.195E-01 ~ 1.452E-01
  Nodal force / reaction (249 nodes):
    x: -1.180E+07 ~ 1.120E+07  y: -4.398E+06 ~ 1.758E+06  N
    Σx=-2.003E+06  Σy=1.201E+07  N
  Stress (249 gauss points, 4 components):
    Sxx: -2.747E+05 ~ 1.696E+05 Pa
    Syy: -4.598E+04 ~ 5.948E+04 Pa
Block 4: 249 nodes (249 active)
  Ux: -1.430 ~ 0.046 mm
  Uy: -0.191 ~ 0.409 mm
  Velocity (249 nodes): peak = 4.531E-03 m/s
    x: -3.620E-03 ~ 1.815E-03  y: -3.178E-03 ~ 4.530E-03
  Acceleration (relative) (249 nodes): peak = 1.876E-01 m/s²
    x: -4.032E-02 ~ 1.863E-01  y: -1.458E-01 ~ 1.016E-01
  Acceleration (absolute) (249 nodes): peak = 1.876E-01 m/s²
    x: -4.032E-02 ~ 1.863E-01  y: -1.458E-01 ~ 1.016E-01
  Nodal force / reaction (249 nodes):
    x: -1.142E+07 ~ 1.144E+07  y: -5.207E+06 ~ 1.764E+06  N
    Σx=8.901E+06  Σy=9.384E+06  N
  Stress (249 gauss points, 4 components):
    Sxx: -2.819E+05 ~ 1.862E+05 Pa
    Syy: -4.718E+04 ~ 7.332E+04 Pa
Block 5: 249 nodes (249 active)
  Ux: -1.412 ~ 0.156 mm
  Uy: -0.242 ~ 0.438 mm
  Velocity (249 nodes): peak = 5.666E-03 m/s
    x: -1.593E-03 ~ 3.450E-03  y: -2.814E-03 ~ 5.220E-03
  Acceleration (relative) (249 nodes): peak = 1.956E-01 m/s²
    x: -4.907E-02 ~ 1.253E-01  y: -1.956E-01 ~ 1.374E-01
  Acceleration (absolute) (249 nodes): peak = 1.956E-01 m/s²
    x: -4.907E-02 ~ 1.253E-01  y: -1.956E-01 ~ 1.374E-01
  Nodal force / reaction (249 nodes):
    x: -1.079E+07 ~ 1.104E+07  y: -5.627E+06 ~ 1.766E+06  N
    Σx=9.260E+06  Σy=-1.573E+05  N
  Stress (249 gauss points, 4 components):
    Sxx: -2.759E+05 ~ 1.806E+05 Pa
    Syy: -3.749E+04 ~ 8.131E+04 Pa
Block 6: 249 nodes (249 active)
  Ux: -1.318 ~ 0.253 mm
  Uy: -0.141 ~ 0.411 mm
  Velocity (249 nodes): peak = 5.366E-03 m/s
    x: -1.468E-03 ~ 3.784E-03  y: -3.625E-03 ~ 3.804E-03
  Acceleration (relative) (249 nodes): peak = 2.794E-01 m/s²
    x: -1.502E-01 ~ 1.103E-01  y: -2.060E-01 ~ 2.794E-01
  Acceleration (absolute) (249 nodes): peak = 2.794E-01 m/s²
    x: -1.502E-01 ~ 1.103E-01  y: -2.060E-01 ~ 2.794E-01
  Nodal force / reaction (249 nodes):
    x: -1.036E+07 ~ 1.003E+07  y: -5.326E+06 ~ 1.501E+06  N
    Σx=7.498E+05  Σy=-6.019E+06  N
  Stress (249 gauss points, 4 components):
    Sxx: -2.563E+05 ~ 1.629E+05 Pa
    Syy: -2.776E+04 ~ 7.934E+04 Pa
Block 7: 249 nodes (249 active)
  Ux: -1.198 ~ 0.154 mm
  Uy: -0.141 ~ 0.353 mm
  Velocity (249 nodes): peak = 6.328E-03 m/s
    x: -5.344E-03 ~ 4.098E-03  y: -6.293E-03 ~ 2.987E-03
  Acceleration (relative) (249 nodes): peak = 1.679E-01 m/s²
    x: -1.034E-01 ~ 8.585E-02  y: -1.676E-01 ~ 1.606E-01
  Acceleration (absolute) (249 nodes): peak = 1.679E-01 m/s²
    x: -1.034E-01 ~ 8.585E-02  y: -1.676E-01 ~ 1.606E-01
  Nodal force / reaction (249 nodes):
    x: -9.829E+06 ~ 8.794E+06  y: -4.126E+06 ~ 1.855E+06  N
    Σx=-6.591E+06  Σy=-4.088E+06  N
  Stress (249 gauss points, 4 components):
    Sxx: -2.338E+05 ~ 1.486E+05 Pa
    Syy: -2.069E+04 ~ 5.636E+04 Pa
Block 8: 249 nodes (249 active)
  Ux: -1.092 ~ 0.141 mm
  Uy: -0.160 ~ 0.208 mm
  Velocity (249 nodes): peak = 7.992E-03 m/s
    x: -4.546E-03 ~ 3.386E-03  y: -7.911E-03 ~ 3.772E-03
  Acceleration (relative) (249 nodes): peak = 1.854E-01 m/s²
    x: -1.109E-01 ~ 1.406E-01  y: -1.854E-01 ~ 1.403E-01
  Acceleration (absolute) (249 nodes): peak = 1.854E-01 m/s²
    x: -1.109E-01 ~ 1.406E-01  y: -1.854E-01 ~ 1.403E-01
  Nodal force / reaction (249 nodes):
    x: -9.696E+06 ~ 7.973E+06  y: -3.439E+06 ~ 2.142E+06  N
    Σx=-1.197E+07  Σy=-2.467E+06  N
  Stress (249 gauss points, 4 components):
    Sxx: -2.140E+05 ~ 1.394E+05 Pa
    Syy: -2.367E+04 ~ 3.381E+04 Pa
Block 9: 249 nodes (249 active)
  Ux: -1.026 ~ 0.107 mm
  Uy: -0.170 ~ 0.176 mm
  Velocity (249 nodes): peak = 3.595E-03 m/s
    x: -2.281E-03 ~ 1.981E-03  y: -3.344E-03 ~ 8.560E-04
  Acceleration (relative) (249 nodes): peak = 2.026E-01 m/s²
    x: -8.981E-02 ~ 1.309E-01  y: -1.201E-01 ~ 2.025E-01
  Acceleration (absolute) (249 nodes): peak = 2.026E-01 m/s²
    x: -8.981E-02 ~ 1.309E-01  y: -1.201E-01 ~ 2.025E-01
  Nodal force / reaction (249 nodes):
    x: -9.260E+06 ~ 7.573E+06  y: -3.057E+06 ~ 2.535E+06  N
    Σx=-9.736E+06  Σy=-2.631E+05  N
  Stress (249 gauss points, 4 components):
    Sxx: -2.026E+05 ~ 1.309E+05 Pa
    Syy: -2.815E+04 ~ 3.025E+04 Pa
Block 10: 249 nodes (249 active)
  Ux: -0.974 ~ 0.038 mm
  Uy: -0.187 ~ 0.154 mm
  Velocity (249 nodes): peak = 6.152E-03 m/s
    x: -2.530E-03 ~ 4.136E-03  y: -5.510E-03 ~ 4.332E-03
  Acceleration (relative) (249 nodes): peak = 1.142E-01 m/s²
    x: -3.530E-02 ~ 2.292E-02  y: -4.222E-02 ~ 1.111E-01
  Acceleration (absolute) (249 nodes): peak = 1.142E-01 m/s²
    x: -3.530E-02 ~ 2.292E-02  y: -4.222E-02 ~ 1.111E-01
  Nodal force / reaction (249 nodes):
    x: -8.337E+06 ~ 7.495E+06  y: -2.289E+06 ~ 2.633E+06  N
    Σx=-1.582E+06  Σy=4.555E+06  N
  Stress (249 gauss points, 4 components):
    Sxx: -1.959E+05 ~ 1.191E+05 Pa
    Syy: -3.042E+04 ~ 2.268E+04 Pa
Block 11: 249 nodes (249 active)
  Ux: -0.970 ~ 0.143 mm
  Uy: -0.215 ~ 0.132 mm
  Velocity (249 nodes): peak = 4.044E-03 m/s
    x: -1.485E-03 ~ 2.670E-03  y: -3.542E-03 ~ 3.821E-03
  Acceleration (relative) (249 nodes): peak = 1.254E-01 m/s²
    x: -6.538E-02 ~ 4.404E-02  y: -1.191E-01 ~ 1.185E-01
  Acceleration (absolute) (249 nodes): peak = 1.254E-01 m/s²
    x: -6.538E-02 ~ 4.404E-02  y: -1.191E-01 ~ 1.185E-01
  Nodal force / reaction (249 nodes):
    x: -9.256E+06 ~ 7.839E+06  y: -1.604E+06 ~ 2.564E+06  N
    Σx=-4.321E+06  Σy=6.792E+06  N
  Stress (249 gauss points, 4 components):
    Sxx: -1.998E+05 ~ 1.187E+05 Pa
    Syy: -2.843E+04 ~ 1.216E+04 Pa
Block 12: 249 nodes (249 active)
  Ux: -0.976 ~ 0.190 mm
  Uy: -0.247 ~ 0.139 mm
  Velocity (249 nodes): peak = 1.841E-03 m/s
    x: -7.863E-04 ~ 1.841E-03  y: -1.443E-03 ~ 1.824E-03
  Acceleration (relative) (249 nodes): peak = 1.369E-01 m/s²
    x: -8.386E-02 ~ 7.852E-02  y: -1.091E-01 ~ 1.277E-01
  Acceleration (absolute) (249 nodes): peak = 1.369E-01 m/s²
    x: -8.386E-02 ~ 7.852E-02  y: -1.091E-01 ~ 1.277E-01
  Nodal force / reaction (249 nodes):
    x: -7.584E+06 ~ 7.859E+06  y: -1.592E+06 ~ 2.695E+06  N
    Σx=6.560E+06  Σy=5.799E+06  N
  Stress (249 gauss points, 4 components):
    Sxx: -2.031E+05 ~ 1.213E+05 Pa
    Syy: -3.317E+04 ~ 8.790E+03 Pa
Block 13: 249 nodes (249 active)
  Ux: -0.917 ~ 0.119 mm
  Uy: -0.226 ~ 0.127 mm
  Velocity (249 nodes): peak = 5.086E-03 m/s
    x: -2.947E-03 ~ 2.117E-03  y: -2.617E-03 ~ 4.873E-03
  Acceleration (relative) (249 nodes): peak = 7.232E-02 m/s²
    x: -7.232E-02 ~ 6.316E-02  y: -2.727E-02 ~ 4.932E-02
  Acceleration (absolute) (249 nodes): peak = 7.232E-02 m/s²
    x: -7.232E-02 ~ 6.316E-02  y: -2.727E-02 ~ 4.932E-02
  Nodal force / reaction (249 nodes):
    x: -7.534E+06 ~ 7.037E+06  y: -2.024E+06 ~ 2.666E+06  N
    Σx=2.444E+06  Σy=3.565E+06  N
  Stress (249 gauss points, 4 components):
    Sxx: -1.832E+05 ~ 1.094E+05 Pa
    Syy: -3.392E+04 ~ 1.543E+04 Pa
Block 14: 249 nodes (249 active)
  Ux: -0.846 ~ 0.075 mm
  Uy: -0.235 ~ 0.136 mm
  Velocity (249 nodes): peak = 3.872E-03 m/s
    x: -2.199E-03 ~ 2.823E-03  y: -1.279E-03 ~ 3.787E-03
  Acceleration (relative) (249 nodes): peak = 9.574E-02 m/s²
    x: -4.066E-02 ~ 6.465E-02  y: -7.309E-02 ~ 9.411E-02
  Acceleration (absolute) (249 nodes): peak = 9.574E-02 m/s²
    x: -4.066E-02 ~ 6.465E-02  y: -7.309E-02 ~ 9.411E-02
  Nodal force / reaction (249 nodes):
    x: -6.434E+06 ~ 6.172E+06  y: -2.369E+06 ~ 2.395E+06  N
    Σx=1.609E+06  Σy=6.887E+05  N
  Stress (249 gauss points, 4 components):
    Sxx: -1.647E+05 ~ 9.979E+04 Pa
    Syy: -3.131E+04 ~ 2.149E+04 Pa
Block 15: 249 nodes (249 active)
  Ux: -0.772 ~ 0.103 mm
  Uy: -0.225 ~ 0.162 mm
  Velocity (249 nodes): peak = 2.859E-03 m/s
    x: -1.738E-03 ~ 1.685E-03  y: -5.391E-04 ~ 2.814E-03
  Acceleration (relative) (249 nodes): peak = 2.043E-01 m/s²
    x: -2.043E-01 ~ 5.883E-02  y: -7.887E-02 ~ 6.845E-02
  Acceleration (absolute) (249 nodes): peak = 2.043E-01 m/s²
    x: -2.043E-01 ~ 5.883E-02  y: -7.887E-02 ~ 6.845E-02
  Nodal force / reaction (249 nodes):
    x: -8.480E+06 ~ 5.658E+06  y: -2.483E+06 ~ 2.016E+06  N
    Σx=-1.750E+07  Σy=4.141E+05  N
  Stress (249 gauss points, 4 components):
    Sxx: -1.518E+05 ~ 9.358E+04 Pa
    Syy: -2.499E+04 ~ 2.437E+04 Pa
Block 16: 249 nodes (249 active)
  Ux: -0.786 ~ 0.083 mm
  Uy: -0.155 ~ 0.150 mm
  Velocity (249 nodes): peak = 1.962E-03 m/s
    x: -1.304E-03 ~ 1.715E-03  y: -1.608E-03 ~ 1.791E-03
  Acceleration (relative) (249 nodes): peak = 1.591E-01 m/s²
    x: -6.484E-02 ~ 1.591E-01  y: -6.769E-02 ~ 4.297E-02
  Acceleration (absolute) (249 nodes): peak = 1.591E-01 m/s²
    x: -6.484E-02 ~ 1.591E-01  y: -6.769E-02 ~ 4.297E-02
  Nodal force / reaction (249 nodes):
    x: -6.524E+06 ~ 5.750E+06  y: -2.431E+06 ~ 2.101E+06  N
    Σx=-5.580E+06  Σy=-9.958E+05  N
  Stress (249 gauss points, 4 components):
    Sxx: -1.585E+05 ~ 1.020E+05 Pa
    Syy: -2.856E+04 ~ 2.130E+04 Pa
Block 17: 249 nodes (249 active)
  Ux: -0.736 ~ 0.056 mm
  Uy: -0.141 ~ 0.152 mm
  Velocity (249 nodes): peak = 2.115E-03 m/s
    x: -2.007E-03 ~ 1.093E-03  y: -1.918E-03 ~ 1.297E-03
  Acceleration (relative) (249 nodes): peak = 1.127E-01 m/s²
    x: -1.127E-01 ~ 3.918E-02  y: -6.942E-02 ~ 5.693E-02
  Acceleration (absolute) (249 nodes): peak = 1.127E-01 m/s²
    x: -1.127E-01 ~ 3.918E-02  y: -6.942E-02 ~ 5.693E-02
  Nodal force / reaction (249 nodes):
    x: -6.711E+06 ~ 5.531E+06  y: -2.206E+06 ~ 1.677E+06  N
    Σx=-4.282E+06  Σy=-2.414E+06  N
  Stress (249 gauss points, 4 components):
    Sxx: -1.462E+05 ~ 9.244E+04 Pa
    Syy: -2.497E+04 ~ 2.053E+04 Pa
Block 18: 249 nodes (249 active)
  Ux: -0.794 ~ 0.059 mm
  Uy: -0.146 ~ 0.133 mm
  Velocity (249 nodes): peak = 3.063E-03 m/s
    x: -3.063E-03 ~ 5.463E-04  y: -2.082E-03 ~ 5.039E-04
  Acceleration (relative) (249 nodes): peak = 9.910E-02 m/s²
    x: -9.905E-02 ~ 5.295E-02  y: -9.233E-02 ~ 4.626E-02
  Acceleration (absolute) (249 nodes): peak = 9.910E-02 m/s²
    x: -9.905E-02 ~ 5.295E-02  y: -9.233E-02 ~ 4.626E-02
  Nodal force / reaction (249 nodes):
    x: -8.658E+06 ~ 6.173E+06  y: -1.988E+06 ~ 1.678E+06  N
    Σx=-1.077E+07  Σy=-4.640E+06  N
  Stress (249 gauss points, 4 components):
    Sxx: -1.597E+05 ~ 1.039E+05 Pa
    Syy: -1.683E+04 ~ 1.624E+04 Pa
Block 19: 249 nodes (249 active)
  Ux: -0.823 ~ 0.063 mm
  Uy: -0.192 ~ 0.097 mm
  Velocity (249 nodes): peak = 3.342E-03 m/s
    x: -1.539E-03 ~ 3.342E-03  y: -2.065E-03 ~ 9.511E-04
  Acceleration (relative) (249 nodes): peak = 1.217E-01 m/s²
    x: -3.003E-02 ~ 1.209E-01  y: -8.221E-02 ~ 1.006E-01
  Acceleration (absolute) (249 nodes): peak = 1.217E-01 m/s²
    x: -3.003E-02 ~ 1.209E-01  y: -8.221E-02 ~ 1.006E-01
  Nodal force / reaction (249 nodes):
    x: -5.620E+06 ~ 6.389E+06  y: -1.291E+06 ~ 2.329E+06  N
    Σx=1.030E+07  Σy=3.035E+05  N
  Stress (249 gauss points, 4 components):
    Sxx: -1.690E+05 ~ 1.109E+05 Pa
    Syy: -3.406E+04 ~ 6.809E+03 Pa
Block 20: 249 nodes (249 active)
  Ux: -0.631 ~ 0.042 mm
  Uy: -0.246 ~ 0.082 mm
  Velocity (249 nodes): peak = 9.178E-03 m/s
    x: -1.125E-03 ~ 9.178E-03  y: -1.351E-03 ~ 1.938E-03
  Acceleration (relative) (249 nodes): peak = 3.257E-01 m/s²
    x: -2.809E-02 ~ 3.257E-01  y: -8.681E-02 ~ 1.391E-01
  Acceleration (absolute) (249 nodes): peak = 3.257E-01 m/s²
    x: -2.809E-02 ~ 3.257E-01  y: -8.681E-02 ~ 1.391E-01
  Nodal force / reaction (249 nodes):
    x: -1.303E+05 ~ 4.587E+06  y: -6.339E+05 ~ 2.433E+06  N
    Σx=3.625E+07  Σy=5.660E+06  N
  Stress (249 gauss points, 4 components):
    Sxx: -1.203E+05 ~ 6.720E+04 Pa
    Syy: -3.909E+04 ~ 8.463E+03 Pa
Block 21: 249 nodes (249 active)
  Ux: -0.174 ~ 0.204 mm
  Uy: -0.261 ~ 0.083 mm
  Velocity (249 nodes): peak = 1.641E-02 m/s
    x: -8.872E-04 ~ 1.641E-02  y: -1.611E-03 ~ 5.529E-03
  Acceleration (relative) (249 nodes): peak = 1.573E-01 m/s²
    x: -2.585E-02 ~ 1.573E-01  y: -6.509E-02 ~ 1.361E-01
  Acceleration (absolute) (249 nodes): peak = 1.573E-01 m/s²
    x: -2.585E-02 ~ 1.573E-01  y: -6.509E-02 ~ 1.361E-01
  Nodal force / reaction (249 nodes):
    x: -1.558E+06 ~ 8.680E+06  y: -6.970E+05 ~ 2.427E+06  N
    Σx=4.598E+07  Σy=1.149E+07  N
  Stress (249 gauss points, 4 components):
    Sxx: -3.884E+04 ~ 2.892E+04 Pa
    Syy: -3.856E+04 ~ 2.050E+04 Pa
Block 22: 249 nodes (249 active)
  Ux: -0.016 ~ 0.578 mm
  Uy: -0.219 ~ 0.220 mm
  Velocity (249 nodes): peak = 1.189E-02 m/s
    x: -2.746E-04 ~ 1.189E-02  y: -1.557E-03 ~ 7.049E-03
  Acceleration (relative) (249 nodes): peak = 2.225E-01 m/s²
    x: -2.225E-01 ~ 5.991E-02  y: -1.711E-01 ~ 1.809E-01
  Acceleration (absolute) (249 nodes): peak = 2.225E-01 m/s²
    x: -2.225E-01 ~ 5.991E-02  y: -1.711E-01 ~ 1.809E-01
  Nodal force / reaction (249 nodes):
    x: -5.950E+06 ~ 6.753E+06  y: -2.607E+06 ~ 3.448E+06  N
    Σx=8.338E+06  Σy=1.916E+07  N
  Stress (249 gauss points, 4 components):
    Sxx: -1.377E+05 ~ 8.950E+04 Pa
    Syy: -5.552E+04 ~ 4.930E+04 Pa
Block 23: 249 nodes (249 active)
  Ux: 0.000 ~ 0.726 mm
  Uy: -0.083 ~ 0.367 mm
  Velocity (249 nodes): peak = 1.060E-02 m/s
    x: -3.702E-03 ~ 4.866E-03  y: -1.246E-03 ~ 1.060E-02
  Acceleration (relative) (249 nodes): peak = 3.164E-01 m/s²
    x: -3.163E-01 ~ 3.884E-02  y: -1.003E-01 ~ 1.127E-01
  Acceleration (absolute) (249 nodes): peak = 3.164E-01 m/s²
    x: -3.163E-01 ~ 3.884E-02  y: -1.003E-01 ~ 1.127E-01
  Nodal force / reaction (249 nodes):
    x: -6.767E+06 ~ 2.602E+06  y: -3.345E+06 ~ 3.969E+06  N
    Σx=-2.935E+07  Σy=2.040E+07  N
  Stress (249 gauss points, 4 components):
    Sxx: -1.514E+05 ~ 9.727E+04 Pa
    Syy: -4.383E+04 ~ 6.628E+04 Pa
Block 24: 249 nodes (249 active)
  Ux: -0.029 ~ 0.468 mm
  Uy: -0.069 ~ 0.589 mm
  Velocity (249 nodes): peak = 1.040E-02 m/s
    x: -1.040E-02 ~ 1.704E-03  y: -3.132E-03 ~ 1.006E-02
  Acceleration (relative) (249 nodes): peak = 3.638E-01 m/s²
    x: -2.022E-01 ~ 3.638E-01  y: -2.179E-01 ~ 7.740E-02
  Acceleration (absolute) (249 nodes): peak = 3.638E-01 m/s²
    x: -2.022E-01 ~ 3.638E-01  y: -2.179E-01 ~ 7.740E-02
  Nodal force / reaction (249 nodes):
    x: -3.759E+06 ~ 0.000E+00  y: -4.540E+06 ~ 2.614E+06  N
    Σx=-3.742E+07  Σy=1.239E+06  N
  Stress (249 gauss points, 4 components):
    Sxx: -7.898E+04 ~ 6.542E+04 Pa
    Syy: -2.137E+04 ~ 8.056E+04 Pa
Block 25: 249 nodes (249 active)
  Ux: -0.131 ~ 0.190 mm
  Uy: -0.245 ~ 0.687 mm
  Velocity (249 nodes): peak = 9.028E-03 m/s
    x: -8.930E-03 ~ 7.045E-04  y: -6.663E-03 ~ 3.306E-03
  Acceleration (relative) (249 nodes): peak = 3.347E-01 m/s²
    x: -1.230E-01 ~ 1.725E-01  y: -3.347E-01 ~ 5.435E-02
  Acceleration (absolute) (249 nodes): peak = 3.347E-01 m/s²
    x: -1.230E-01 ~ 1.725E-01  y: -3.347E-01 ~ 5.435E-02
  Nodal force / reaction (249 nodes):
    x: -3.199E+06 ~ 1.174E+06  y: -5.023E+06 ~ 8.701E+04  N
    Σx=-1.767E+07  Σy=-2.929E+07  N
  Stress (249 gauss points, 4 components):
    Sxx: -2.771E+04 ~ 3.777E+04 Pa
    Syy: -2.098E+04 ~ 8.252E+04 Pa
Block 26: 249 nodes (249 active)
  Ux: -0.159 ~ 0.058 mm
  Uy: -0.397 ~ 0.469 mm
  Velocity (249 nodes): peak = 1.230E-02 m/s
    x: -6.525E-03 ~ 3.329E-03  y: -1.230E-02 ~ 3.181E-03
  Acceleration (relative) (249 nodes): peak = 2.616E-01 m/s²
    x: -9.046E-02 ~ 1.852E-01  y: -1.757E-01 ~ 2.616E-01
  Acceleration (absolute) (249 nodes): peak = 2.616E-01 m/s²
    x: -9.046E-02 ~ 1.852E-01  y: -1.757E-01 ~ 2.616E-01
  Nodal force / reaction (249 nodes):
    x: -1.423E+05 ~ 2.004E+06  y: -3.616E+06 ~ 7.026E+04  N
    Σx=1.839E+07  Σy=-3.930E+07  N
  Stress (249 gauss points, 4 components):
    Sxx: -3.575E+04 ~ 2.779E+04 Pa
    Syy: -3.130E+04 ~ 5.003E+04 Pa
Block 27: 249 nodes (249 active)
  Ux: -0.233 ~ 0.161 mm
  Uy: -0.283 ~ 0.253 mm
  Velocity (249 nodes): peak = 1.235E-02 m/s
    x: -4.954E-03 ~ 5.448E-03  y: -1.235E-02 ~ 8.074E-03
  Acceleration (relative) (249 nodes): peak = 6.111E-01 m/s²
    x: -6.111E-01 ~ 1.686E-01  y: -1.228E-01 ~ 2.254E-01
  Acceleration (absolute) (249 nodes): peak = 6.111E-01 m/s²
    x: -6.111E-01 ~ 1.686E-01  y: -1.228E-01 ~ 2.254E-01
  Nodal force / reaction (249 nodes):
    x: -8.303E+05 ~ 2.334E+06  y: -2.982E+06 ~ 2.363E+06  N
    Σx=1.800E+07  Σy=-1.665E+07  N
  Stress (249 gauss points, 4 components):
    Sxx: -3.681E+04 ~ 3.568E+04 Pa
    Syy: -4.352E+04 ~ 2.034E+04 Pa
Block 28: 249 nodes (249 active)
  Ux: -0.277 ~ 0.108 mm
  Uy: -0.447 ~ 0.215 mm
  Velocity (249 nodes): peak = 1.019E-02 m/s
    x: -5.892E-03 ~ 4.576E-03  y: -5.198E-03 ~ 1.019E-02
  Acceleration (relative) (249 nodes): peak = 4.109E-01 m/s²
    x: -2.442E-01 ~ 4.109E-01  y: -1.977E-01 ~ 2.886E-01
  Acceleration (absolute) (249 nodes): peak = 4.109E-01 m/s²
    x: -2.442E-01 ~ 4.109E-01  y: -1.977E-01 ~ 2.886E-01
  Nodal force / reaction (249 nodes):
    x: -9.920E+05 ~ 1.879E+06  y: -3.395E+06 ~ 4.274E+06  N
    Σx=5.205E+06  Σy=1.414E+07  N
  Stress (249 gauss points, 4 components):
    Sxx: -3.535E+04 ~ 3.207E+04 Pa
    Syy: -8.037E+04 ~ 3.130E+04 Pa
Block 29: 249 nodes (249 active)
  Ux: -0.383 ~ 0.052 mm
  Uy: -0.362 ~ 0.418 mm
  Velocity (249 nodes): peak = 9.490E-03 m/s
    x: -5.375E-03 ~ 5.223E-03  y: -9.302E-03 ~ 6.368E-03
  Acceleration (relative) (249 nodes): peak = 3.201E-01 m/s²
    x: -1.289E-01 ~ 2.572E-01  y: -3.201E-01 ~ 1.833E-01
  Acceleration (absolute) (249 nodes): peak = 3.201E-01 m/s²
    x: -1.289E-01 ~ 2.572E-01  y: -3.201E-01 ~ 1.833E-01
  Nodal force / reaction (249 nodes):
    x: -3.037E+06 ~ 9.367E+05  y: -2.543E+06 ~ 4.637E+06  N
    Σx=-1.207E+07  Σy=2.259E+07  N
  Stress (249 gauss points, 4 components):
    Sxx: -3.184E+04 ~ 2.408E+04 Pa
    Syy: -9.485E+04 ~ 3.436E+04 Pa
Block 30: 249 nodes (249 active)
  Ux: -0.171 ~ 0.130 mm
  Uy: -0.415 ~ 0.264 mm
  Velocity (249 nodes): peak = 1.204E-02 m/s
    x: -2.443E-03 ~ 1.046E-02  y: -7.929E-03 ~ 5.363E-03
  Acceleration (relative) (249 nodes): peak = 7.554E-01 m/s²
    x: -1.371E-01 ~ 7.554E-01  y: -2.248E-01 ~ 1.993E-01
  Acceleration (absolute) (249 nodes): peak = 7.554E-01 m/s²
    x: -1.371E-01 ~ 7.554E-01  y: -2.248E-01 ~ 1.993E-01
  Nodal force / reaction (249 nodes):
    x: -1.014E+06 ~ 7.241E+06  y: -6.635E+05 ~ 2.220E+06  N
    Σx=3.835E+07  Σy=7.479E+06  N
  Stress (249 gauss points, 4 components):
    Sxx: -3.112E+04 ~ 1.373E+04 Pa
    Syy: -5.607E+04 ~ 1.967E+04 Pa
Block 31: 249 nodes (249 active)
  Ux: -0.043 ~ 0.351 mm
  Uy: -0.468 ~ 0.070 mm
  Velocity (249 nodes): peak = 1.298E-02 m/s
    x: -2.813E-03 ~ 1.254E-02  y: -8.052E-03 ~ 5.670E-03
  Acceleration (relative) (249 nodes): peak = 4.734E-01 m/s²
    x: -4.734E-01 ~ 1.990E-01  y: -2.371E-01 ~ 2.999E-01
  Acceleration (absolute) (249 nodes): peak = 4.734E-01 m/s²
    x: -4.734E-01 ~ 1.990E-01  y: -2.371E-01 ~ 2.999E-01
  Nodal force / reaction (249 nodes):
    x: -2.500E+06 ~ 2.778E+06  y: -1.995E+06 ~ 1.609E+06  N
    Σx=8.966E+05  Σy=-4.309E+06  N
  Stress (249 gauss points, 4 components):
    Sxx: -7.316E+04 ~ 4.699E+04 Pa
    Syy: -3.451E+04 ~ 1.338E+04 Pa
Block 32: 249 nodes (249 active)
  Ux: -0.017 ~ 0.626 mm
  Uy: -0.249 ~ 0.100 mm
  Velocity (249 nodes): peak = 9.709E-03 m/s
    x: -2.385E-03 ~ 8.650E-03  y: -2.767E-03 ~ 9.559E-03
  Acceleration (relative) (249 nodes): peak = 7.704E-01 m/s²
    x: -3.872E-01 ~ 7.704E-01  y: -2.852E-01 ~ 3.052E-01
  Acceleration (absolute) (249 nodes): peak = 7.704E-01 m/s²
    x: -3.872E-01 ~ 7.704E-01  y: -2.852E-01 ~ 3.052E-01
  Nodal force / reaction (249 nodes):
    x: -3.710E+06 ~ 7.724E+06  y: -1.091E+06 ~ 1.008E+06  N
    Σx=2.294E+07  Σy=2.239E+06  N
  Stress (249 gauss points, 4 components):
    Sxx: -8.609E+04 ~ 6.269E+04 Pa
    Syy: -4.142E+04 ~ 1.841E+04 Pa
Block 33: 249 nodes (249 active)
  Ux: -0.004 ~ 0.705 mm
  Uy: -0.126 ~ 0.161 mm
  Velocity (249 nodes): peak = 1.363E-02 m/s
    x: -1.242E-02 ~ 3.925E-03  y: -9.691E-04 ~ 7.310E-03
  Acceleration (relative) (249 nodes): peak = 6.223E-01 m/s²
    x: -6.223E-01 ~ 7.120E-02  y: -2.223E-01 ~ 3.654E-01
  Acceleration (absolute) (249 nodes): peak = 6.223E-01 m/s²
    x: -6.223E-01 ~ 7.120E-02  y: -2.223E-01 ~ 3.654E-01
  Nodal force / reaction (249 nodes):
    x: -5.324E+06 ~ 2.969E+06  y: -9.720E+05 ~ 2.403E+06  N
    Σx=-1.654E+07  Σy=1.794E+07  N
  Stress (249 gauss points, 4 components):
    Sxx: -1.351E+05 ~ 1.190E+05 Pa
    Syy: -2.282E+04 ~ 2.267E+04 Pa
Block 34: 249 nodes (249 active)
  Ux: -0.183 ~ 0.441 mm
  Uy: -0.042 ~ 0.232 mm
  Velocity (249 nodes): peak = 1.428E-02 m/s
    x: -1.425E-02 ~ 1.505E-03  y: -2.516E-03 ~ 5.550E-03
  Acceleration (relative) (249 nodes): peak = 4.294E-01 m/s²
    x: -3.797E-01 ~ 3.327E-01  y: -4.294E-01 ~ 1.145E-01
  Acceleration (absolute) (249 nodes): peak = 4.294E-01 m/s²
    x: -3.797E-01 ~ 3.327E-01  y: -4.294E-01 ~ 1.145E-01
  Nodal force / reaction (249 nodes):
    x: -3.221E+06 ~ 1.379E+05  y: -1.175E+06 ~ 2.637E+06  N
    Σx=-4.007E+07  Σy=3.339E+06  N
  Stress (249 gauss points, 4 components):
    Sxx: -7.268E+04 ~ 6.113E+04 Pa
    Syy: -4.567E+03 ~ 2.542E+04 Pa
Block 35: 249 nodes (249 active)
  Ux: -0.520 ~ 0.157 mm
  Uy: -0.012 ~ 0.317 mm
  Velocity (249 nodes): peak = 8.934E-03 m/s
    x: -8.877E-03 ~ 1.255E-03  y: -5.525E-03 ~ 3.163E-03
  Acceleration (relative) (249 nodes): peak = 3.963E-01 m/s²
    x: -1.480E-01 ~ 3.916E-01  y: -3.713E-01 ~ 2.633E-01
  Acceleration (absolute) (249 nodes): peak = 3.963E-01 m/s²
    x: -1.480E-01 ~ 3.916E-01  y: -3.713E-01 ~ 2.633E-01
  Nodal force / reaction (249 nodes):
    x: -1.022E+06 ~ 5.412E+05  y: -2.508E+06 ~ 8.620E+05  N
    Σx=-3.453E+06  Σy=-1.869E+07  N
  Stress (249 gauss points, 4 components):
    Sxx: -3.245E+04 ~ 2.606E+04 Pa
    Syy: -9.322E+03 ~ 4.662E+04 Pa
Block 36: 249 nodes (249 active)
  Ux: -0.344 ~ 0.000 mm
  Uy: -0.121 ~ 0.289 mm
  Velocity (249 nodes): peak = 8.801E-03 m/s
    x: -7.134E-03 ~ 8.700E-03  y: -5.684E-03 ~ 2.703E-03
  Acceleration (relative) (249 nodes): peak = 4.241E-01 m/s²
    x: -8.327E-02 ~ 2.331E-01  y: -4.241E-01 ~ 3.646E-01
  Acceleration (absolute) (249 nodes): peak = 4.241E-01 m/s²
    x: -8.327E-02 ~ 2.331E-01  y: -4.241E-01 ~ 3.646E-01
  Nodal force / reaction (249 nodes):
    x: -2.972E+06 ~ 1.794E+06  y: -2.575E+06 ~ 1.637E+05  N
    Σx=-1.538E+06  Σy=-3.080E+07  N
  Stress (249 gauss points, 4 components):
    Sxx: -2.699E+04 ~ 2.498E+04 Pa
    Syy: -1.823E+04 ~ 4.709E+04 Pa
Block 37: 249 nodes (249 active)
  Ux: -0.213 ~ 0.198 mm
  Uy: -0.202 ~ 0.192 mm
  Velocity (249 nodes): peak = 2.054E-02 m/s
    x: -2.721E-03 ~ 2.054E-02  y: -1.006E-02 ~ 3.976E-03
  Acceleration (relative) (249 nodes): peak = 5.516E-01 m/s²
    x: -2.111E-01 ~ 5.150E-01  y: -2.287E-01 ~ 5.516E-01
  Acceleration (absolute) (249 nodes): peak = 5.516E-01 m/s²
    x: -2.111E-01 ~ 5.150E-01  y: -2.287E-01 ~ 5.516E-01
  Nodal force / reaction (249 nodes):
    x: -1.577E+06 ~ 1.281E+07  y: -2.791E+06 ~ 2.941E+06  N
    Σx=8.807E+07  Σy=-1.619E+07  N
  Stress (249 gauss points, 4 components):
    Sxx: -3.601E+04 ~ 3.968E+04 Pa
    Syy: -4.766E+04 ~ 2.424E+04 Pa
Block 38: 249 nodes (249 active)
  Ux: -0.173 ~ 1.038 mm
  Uy: -0.320 ~ 0.164 mm
  Velocity (249 nodes): peak = 2.194E-02 m/s
    x: -1.678E-03 ~ 2.189E-02  y: -5.900E-03 ~ 9.150E-03
  Acceleration (relative) (249 nodes): peak = 5.364E-01 m/s²
    x: -5.195E-01 ~ 3.566E-01  y: -3.881E-01 ~ 5.364E-01
  Acceleration (absolute) (249 nodes): peak = 5.364E-01 m/s²
    x: -5.195E-01 ~ 3.566E-01  y: -3.881E-01 ~ 5.364E-01
  Nodal force / reaction (249 nodes):
    x: -8.375E+06 ~ 1.530E+07  y: -2.482E+06 ~ 4.164E+06  N
    Σx=6.565E+07  Σy=1.588E+07  N
  Stress (249 gauss points, 4 components):
    Sxx: -2.076E+05 ~ 2.253E+05 Pa
    Syy: -7.502E+04 ~ 2.969E+04 Pa
Block 39: 249 nodes (249 active)
  Ux: -0.039 ~ 1.642 mm
  Uy: -0.252 ~ 0.288 mm
  Velocity (249 nodes): peak = 1.670E-02 m/s
    x: -1.087E-03 ~ 1.660E-02  y: -9.239E-03 ~ 1.603E-02
  Acceleration (relative) (249 nodes): peak = 4.777E-01 m/s²
    x: -4.759E-01 ~ 3.046E-01  y: -4.480E-01 ~ 3.156E-01
  Acceleration (absolute) (249 nodes): peak = 4.777E-01 m/s²
    x: -4.759E-01 ~ 3.046E-01  y: -4.480E-01 ~ 3.156E-01
  Nodal force / reaction (249 nodes):
    x: -1.371E+07 ~ 1.310E+07  y: -2.696E+06 ~ 5.488E+06  N
    Σx=9.570E+06  Σy=4.071E+07  N
  Stress (249 gauss points, 4 components):
    Sxx: -3.249E+05 ~ 3.125E+05 Pa
    Syy: -8.663E+04 ~ 3.411E+04 Pa
Block 40: 249 nodes (249 active)
  Ux: 0.000 ~ 2.475 mm
  Uy: -0.443 ~ 0.633 mm
  Velocity (249 nodes): peak = 2.964E-02 m/s
    x: 0.000E+00 ~ 2.964E-02  y: -5.820E-03 ~ 1.915E-02
  Acceleration (relative) (249 nodes): peak = 5.574E-01 m/s²
    x: -3.060E-01 ~ 4.415E-01  y: -5.574E-01 ~ 4.084E-01
  Acceleration (absolute) (249 nodes): peak = 5.574E-01 m/s²
    x: -3.060E-01 ~ 4.415E-01  y: -5.574E-01 ~ 4.084E-01
  Nodal force / reaction (249 nodes):
    x: -2.015E+07 ~ 2.848E+07  y: -7.183E+06 ~ 7.133E+06  N
    Σx=6.145E+07  Σy=4.755E+07  N
  Stress (249 gauss points, 4 components):
    Sxx: -4.609E+05 ~ 4.432E+05 Pa
    Syy: -7.360E+04 ~ 8.917E+04 Pa
Block 41: 249 nodes (249 active)
  Ux: -0.011 ~ 3.547 mm
  Uy: -0.494 ~ 1.091 mm
  Velocity (249 nodes): peak = 2.205E-02 m/s
    x: -1.995E-03 ~ 2.198E-02  y: -1.520E-02 ~ 1.667E-02
  Acceleration (relative) (249 nodes): peak = 1.901E+00 m/s²
    x: -1.901E+00 ~ 3.496E-01  y: -4.350E-01 ~ 4.507E-01
  Acceleration (absolute) (249 nodes): peak = 1.901E+00 m/s²
    x: -1.901E+00 ~ 3.496E-01  y: -4.350E-01 ~ 4.507E-01
  Nodal force / reaction (249 nodes):
    x: -2.736E+07 ~ 2.254E+07  y: -1.492E+07 ~ 9.916E+06  N
    Σx=-1.538E+07  Σy=2.401E+07  N
  Stress (249 gauss points, 4 components):
    Sxx: -6.643E+05 ~ 6.504E+05 Pa
    Syy: -3.639E+04 ~ 2.377E+05 Pa
Block 42: 249 nodes (249 active)
  Ux: -0.086 ~ 3.866 mm
  Uy: -0.580 ~ 1.673 mm
  Velocity (249 nodes): peak = 1.515E-02 m/s
    x: -4.452E-03 ~ 1.515E-02  y: -1.169E-02 ~ 1.327E-02
  Acceleration (relative) (249 nodes): peak = 1.656E+00 m/s²
    x: -4.231E-01 ~ 1.656E+00  y: -6.670E-01 ~ 3.434E-01
  Acceleration (absolute) (249 nodes): peak = 1.656E+00 m/s²
    x: -4.231E-01 ~ 1.656E+00  y: -6.670E-01 ~ 3.434E-01
  Nodal force / reaction (249 nodes):
    x: -2.878E+07 ~ 3.392E+07  y: -2.069E+07 ~ 8.247E+06  N
    Σx=4.361E+07  Σy=-7.044E+06  N
  Stress (249 gauss points, 4 components):
    Sxx: -6.723E+05 ~ 6.611E+05 Pa
    Syy: -6.712E+04 ~ 3.333E+05 Pa
Block 43: 249 nodes (249 active)
  Ux: -0.206 ~ 4.503 mm
  Uy: -0.786 ~ 1.811 mm
  Velocity (249 nodes): peak = 1.538E-02 m/s
    x: -9.495E-03 ~ 9.457E-03  y: -1.092E-02 ~ 1.538E-02
  Acceleration (relative) (249 nodes): peak = 5.369E-01 m/s²
    x: -4.671E-01 ~ 2.783E-01  y: -4.823E-01 ~ 5.369E-01
  Acceleration (absolute) (249 nodes): peak = 5.369E-01 m/s²
    x: -4.671E-01 ~ 2.783E-01  y: -4.823E-01 ~ 5.369E-01
  Nodal force / reaction (249 nodes):
    x: -3.113E+07 ~ 3.328E+07  y: -2.345E+07 ~ 7.258E+06  N
    Σx=2.819E+07  Σy=-1.353E+07  N
  Stress (249 gauss points, 4 components):
    Sxx: -7.603E+05 ~ 7.747E+05 Pa
    Syy: -5.420E+04 ~ 3.652E+05 Pa
Block 44: 249 nodes (249 active)
  Ux: -0.369 ~ 4.513 mm
  Uy: -0.741 ~ 1.950 mm
  Velocity (249 nodes): peak = 1.616E-02 m/s
    x: -1.595E-02 ~ 2.956E-03  y: -9.078E-03 ~ 6.735E-03
  Acceleration (relative) (249 nodes): peak = 1.038E+00 m/s²
    x: -1.038E+00 ~ 3.153E-01  y: -7.324E-01 ~ 2.507E-01
  Acceleration (absolute) (249 nodes): peak = 1.038E+00 m/s²
    x: -1.038E+00 ~ 3.153E-01  y: -7.324E-01 ~ 2.507E-01
  Nodal force / reaction (249 nodes):
    x: -3.039E+07 ~ 2.048E+07  y: -2.059E+07 ~ 5.785E+06  N
    Σx=-4.690E+07  Σy=-2.506E+07  N
  Stress (249 gauss points, 4 components):
    Sxx: -7.579E+05 ~ 7.846E+05 Pa
    Syy: -4.791E+04 ~ 3.166E+05 Pa
Block 45: 249 nodes (249 active)
  Ux: -0.926 ~ 3.800 mm
  Uy: -0.504 ~ 1.722 mm
  Velocity (249 nodes): peak = 1.963E-02 m/s
    x: -1.963E-02 ~ 4.194E-03  y: -1.111E-02 ~ 5.068E-03
  Acceleration (relative) (249 nodes): peak = 1.905E+00 m/s²
    x: -4.963E-01 ~ 1.905E+00  y: -5.806E-01 ~ 6.979E-01
  Acceleration (absolute) (249 nodes): peak = 1.905E+00 m/s²
    x: -4.963E-01 ~ 1.905E+00  y: -5.806E-01 ~ 6.979E-01
  Nodal force / reaction (249 nodes):
    x: -2.436E+07 ~ 2.737E+07  y: -1.792E+07 ~ 5.578E+06  N
    Σx=2.430E+07  Σy=-4.341E+07  N
  Stress (249 gauss points, 4 components):
    Sxx: -5.829E+05 ~ 6.235E+05 Pa
    Syy: -4.256E+04 ~ 2.547E+05 Pa
Block 46: 249 nodes (249 active)
  Ux: -0.993 ~ 4.089 mm
  Uy: -0.674 ~ 1.504 mm
  Velocity (249 nodes): peak = 2.080E-02 m/s
    x: -1.066E-02 ~ 2.080E-02  y: -2.009E-02 ~ 9.822E-03
  Acceleration (relative) (249 nodes): peak = 9.969E-01 m/s²
    x: -8.931E-01 ~ 9.969E-01  y: -6.209E-01 ~ 6.321E-01
  Acceleration (absolute) (249 nodes): peak = 9.969E-01 m/s²
    x: -8.931E-01 ~ 9.969E-01  y: -6.209E-01 ~ 6.321E-01
  Nodal force / reaction (249 nodes):
    x: -2.850E+07 ~ 3.903E+07  y: -1.533E+07 ~ 9.579E+06  N
    Σx=9.706E+07  Σy=-4.305E+07  N
  Stress (249 gauss points, 4 components):
    Sxx: -6.703E+05 ~ 7.259E+05 Pa
    Syy: -6.004E+04 ~ 1.791E+05 Pa
Block 47: 249 nodes (249 active)
  Ux: -0.524 ~ 4.108 mm
  Uy: -0.811 ~ 1.020 mm
  Velocity (249 nodes): peak = 2.802E-02 m/s
    x: -2.802E-02 ~ 1.321E-02  y: -2.094E-02 ~ 8.283E-03
  Acceleration (relative) (249 nodes): peak = 1.191E+00 m/s²
    x: -1.191E+00 ~ 5.325E-01  y: -8.228E-01 ~ 3.695E-01
  Acceleration (absolute) (249 nodes): peak = 1.191E+00 m/s²
    x: -1.191E+00 ~ 5.325E-01  y: -8.228E-01 ~ 3.695E-01
  Nodal force / reaction (249 nodes):
    x: -2.903E+07 ~ 1.567E+07  y: -1.048E+07 ~ 1.249E+07  N
    Σx=-5.060E+07  Σy=-2.699E+07  N
  Stress (249 gauss points, 4 components):
    Sxx: -6.911E+05 ~ 7.594E+05 Pa
    Syy: -1.546E+05 ~ 1.193E+05 Pa
Block 48: 249 nodes (249 active)
  Ux: -0.136 ~ 2.967 mm
  Uy: -0.880 ~ 0.647 mm
  Velocity (249 nodes): peak = 3.269E-02 m/s
    x: -3.269E-02 ~ 9.154E-03  y: -1.889E-02 ~ 7.213E-03
  Acceleration (relative) (249 nodes): peak = 1.052E+00 m/s²
    x: -1.000E+00 ~ 9.437E-01  y: -8.466E-01 ~ 1.052E+00
  Acceleration (absolute) (249 nodes): peak = 1.052E+00 m/s²
    x: -1.000E+00 ~ 9.437E-01  y: -8.466E-01 ~ 1.052E+00
  Nodal force / reaction (249 nodes):
    x: -1.884E+07 ~ 7.036E+06  y: -8.411E+06 ~ 1.157E+07  N
    Σx=-7.932E+07  Σy=-9.301E+06  N
  Stress (249 gauss points, 4 components):
    Sxx: -4.115E+05 ~ 4.670E+05 Pa
    Syy: -1.991E+05 ~ 8.187E+04 Pa
Block 49: 249 nodes (249 active)
  Ux: -0.062 ~ 1.971 mm
  Uy: -1.180 ~ 0.650 mm
  Velocity (249 nodes): peak = 2.743E-02 m/s
    x: -2.732E-02 ~ 8.867E-03  y: -1.895E-02 ~ 1.313E-02
  Acceleration (relative) (249 nodes): peak = 8.497E-01 m/s²
    x: -6.049E-01 ~ 6.999E-01  y: -8.497E-01 ~ 6.162E-01
  Acceleration (absolute) (249 nodes): peak = 8.497E-01 m/s²
    x: -6.049E-01 ~ 6.999E-01  y: -8.497E-01 ~ 6.162E-01
  Nodal force / reaction (249 nodes):
    x: -1.297E+07 ~ 1.158E+07  y: -1.094E+07 ~ 1.380E+07  N
    Σx=-1.954E+07  Σy=4.404E+06  N
  Stress (249 gauss points, 4 components):
    Sxx: -2.487E+05 ~ 2.898E+05 Pa
    Syy: -2.586E+05 ~ 1.043E+05 Pa
Block 50: 249 nodes (249 active)
  Ux: -0.075 ~ 1.445 mm
  Uy: -1.072 ~ 0.483 mm
  Velocity (249 nodes): peak = 2.726E-02 m/s
    x: -1.591E-02 ~ 7.503E-03  y: -2.726E-02 ~ 9.570E-03
  Acceleration (relative) (249 nodes): peak = 9.386E-01 m/s²
    x: -4.929E-01 ~ 7.669E-01  y: -9.386E-01 ~ 3.877E-01
  Acceleration (absolute) (249 nodes): peak = 9.386E-01 m/s²
    x: -4.929E-01 ~ 7.669E-01  y: -9.386E-01 ~ 3.877E-01
  Nodal force / reaction (249 nodes):
    x: -1.099E+07 ~ 1.667E+07  y: -9.957E+06 ~ 1.251E+07  N
    Σx=3.753E+07  Σy=-3.199E+07  N
  Stress (249 gauss points, 4 components):
    Sxx: -2.034E+05 ~ 2.750E+05 Pa
    Syy: -2.567E+05 ~ 1.225E+05 Pa
Block 51: 249 nodes (249 active)
  Ux: -0.190 ~ 1.665 mm
  Uy: -1.061 ~ 0.000 mm
  Velocity (249 nodes): peak = 2.650E-02 m/s
    x: -1.308E-02 ~ 1.698E-02  y: -2.649E-02 ~ 1.002E-02
  Acceleration (relative) (249 nodes): peak = 1.547E+00 m/s²
    x: -4.596E-01 ~ 1.547E+00  y: -5.786E-01 ~ 9.651E-01
  Acceleration (absolute) (249 nodes): peak = 1.547E+00 m/s²
    x: -4.596E-01 ~ 1.547E+00  y: -5.786E-01 ~ 9.651E-01
  Nodal force / reaction (249 nodes):
    x: -1.330E+07 ~ 2.817E+07  y: -9.870E+06 ~ 1.037E+07  N
    Σx=1.090E+08  Σy=-3.511E+07  N
  Stress (249 gauss points, 4 components):
    Sxx: -2.509E+05 ~ 3.340E+05 Pa
    Syy: -1.643E+05 ~ 9.550E+04 Pa
Block 52: 249 nodes (249 active)
  Ux: -0.288 ~ 3.130 mm
  Uy: -1.110 ~ 0.000 mm
  Velocity (249 nodes): peak = 4.943E-02 m/s
    x: -1.349E-02 ~ 4.943E-02  y: -8.261E-03 ~ 2.238E-02
  Acceleration (relative) (249 nodes): peak = 9.145E-01 m/s²
    x: -6.084E-01 ~ 6.316E-01  y: -2.884E-01 ~ 9.010E-01
  Acceleration (absolute) (249 nodes): peak = 9.145E-01 m/s²
    x: -6.084E-01 ~ 6.316E-01  y: -2.884E-01 ~ 9.010E-01
  Nodal force / reaction (249 nodes):
    x: -2.643E+07 ~ 4.542E+07  y: -5.038E+06 ~ 1.390E+07  N
    Σx=1.606E+08  Σy=3.854E+07  N
  Stress (249 gauss points, 4 components):
    Sxx: -5.547E+05 ~ 6.428E+05 Pa
    Syy: -2.071E+05 ~ 1.028E+05 Pa
Block 53: 249 nodes (249 active)
  Ux: -0.382 ~ 5.046 mm
  Uy: -0.769 ~ 0.760 mm
  Velocity (249 nodes): peak = 4.045E-02 m/s
    x: -2.007E-02 ~ 4.044E-02  y: -3.375E-03 ~ 3.650E-02
  Acceleration (relative) (249 nodes): peak = 2.207E+00 m/s²
    x: -2.207E+00 ~ 4.848E-01  y: -7.573E-01 ~ 7.198E-01
  Acceleration (absolute) (249 nodes): peak = 2.207E+00 m/s²
    x: -2.207E+00 ~ 4.848E-01  y: -7.573E-01 ~ 7.198E-01
  Nodal force / reaction (249 nodes):
    x: -3.906E+07 ~ 4.206E+07  y: -4.552E+06 ~ 1.303E+07  N
    Σx=5.164E+07  Σy=9.741E+07  N
  Stress (249 gauss points, 4 components):
    Sxx: -9.027E+05 ~ 1.020E+06 Pa
    Syy: -1.701E+05 ~ 9.629E+04 Pa
Block 54: 249 nodes (249 active)
  Ux: -0.852 ~ 5.080 mm
  Uy: -0.587 ~ 1.533 mm
  Velocity (249 nodes): peak = 4.081E-02 m/s
    x: -3.554E-02 ~ 2.107E-02  y: -1.873E-02 ~ 4.081E-02
  Acceleration (relative) (249 nodes): peak = 1.533E+00 m/s²
    x: -1.533E+00 ~ 1.466E+00  y: -1.067E+00 ~ 6.342E-01
  Acceleration (absolute) (249 nodes): peak = 1.533E+00 m/s²
    x: -1.533E+00 ~ 1.466E+00  y: -1.067E+00 ~ 6.342E-01
  Nodal force / reaction (249 nodes):
    x: -3.578E+07 ~ 2.217E+07  y: -1.643E+07 ~ 1.304E+07  N
    Σx=-1.027E+08  Σy=6.039E+07  N
  Stress (249 gauss points, 4 components):
    Sxx: -8.272E+05 ~ 9.094E+05 Pa
    Syy: -1.870E+05 ~ 2.562E+05 Pa
Block 55: 249 nodes (249 active)
  Ux: -0.710 ~ 3.806 mm
  Uy: -0.546 ~ 2.344 mm
  Velocity (249 nodes): peak = 5.485E-02 m/s
    x: -5.485E-02 ~ 2.105E-02  y: -2.837E-02 ~ 4.322E-02
  Acceleration (relative) (249 nodes): peak = 1.763E+00 m/s²
    x: -1.763E+00 ~ 5.964E-01  y: -1.191E+00 ~ 4.143E-01
  Acceleration (absolute) (249 nodes): peak = 1.763E+00 m/s²
    x: -1.763E+00 ~ 5.964E-01  y: -1.191E+00 ~ 4.143E-01
  Nodal force / reaction (249 nodes):
    x: -2.255E+07 ~ 5.236E+05  y: -2.218E+07 ~ 1.043E+07  N
    Σx=-2.128E+08  Σy=-1.984E+07  N
  Stress (249 gauss points, 4 components):
    Sxx: -5.296E+05 ~ 5.704E+05 Pa
    Syy: -7.661E+04 ~ 3.506E+05 Pa
Block 56: 249 nodes (249 active)
  Ux: -0.219 ~ 1.195 mm
  Uy: -1.013 ~ 2.938 mm
  Velocity (249 nodes): peak = 7.014E-02 m/s
    x: -7.014E-02 ~ 1.674E-02  y: -2.340E-02 ~ 1.126E-02
  Acceleration (relative) (249 nodes): peak = 1.638E+00 m/s²
    x: -6.587E-01 ~ 2.481E-01  y: -1.638E+00 ~ 4.524E-01
  Acceleration (absolute) (249 nodes): peak = 1.638E+00 m/s²
    x: -6.587E-01 ~ 2.481E-01  y: -1.638E+00 ~ 4.524E-01
  Nodal force / reaction (249 nodes):
    x: -2.491E+07 ~ 1.305E+06  y: -1.669E+07 ~ 1.280E+06  N
    Σx=-1.848E+08  Σy=-1.238E+08  N
  Stress (249 gauss points, 4 components):
    Sxx: -1.387E+05 ~ 1.612E+05 Pa
    Syy: -7.869E+04 ~ 3.265E+05 Pa
Block 57: 249 nodes (249 active)
  Ux: -1.488 ~ 0.491 mm
  Uy: -1.442 ~ 1.979 mm
  Velocity (249 nodes): peak = 5.670E-02 m/s
    x: -4.780E-02 ~ 3.283E-03  y: -5.663E-02 ~ 1.869E-02
  Acceleration (relative) (249 nodes): peak = 1.105E+00 m/s²
    x: -5.729E-01 ~ 1.105E+00  y: -9.047E-01 ~ 8.537E-01
  Acceleration (absolute) (249 nodes): peak = 1.105E+00 m/s²
    x: -5.729E-01 ~ 1.105E+00  y: -9.047E-01 ~ 8.537E-01
  Nodal force / reaction (249 nodes):
    x: -2.057E+07 ~ 1.893E+07  y: -1.823E+07 ~ 7.161E+06  N
    Σx=-3.000E+07  Σy=-1.818E+08  N
  Stress (249 gauss points, 4 components):
    Sxx: -2.896E+05 ~ 4.048E+05 Pa
    Syy: -2.022E+05 ~ 2.654E+05 Pa
Block 58: 249 nodes (249 active)
  Ux: -2.297 ~ 0.105 mm
  Uy: -1.892 ~ 0.953 mm
  Velocity (249 nodes): peak = 6.385E-02 m/s
    x: -2.164E-02 ~ 2.093E-02  y: -6.376E-02 ~ 2.931E-02
  Acceleration (relative) (249 nodes): peak = 1.605E+00 m/s²
    x: -3.795E-01 ~ 1.605E+00  y: -6.438E-01 ~ 9.059E-01
  Acceleration (absolute) (249 nodes): peak = 1.605E+00 m/s²
    x: -3.795E-01 ~ 1.605E+00  y: -6.438E-01 ~ 9.059E-01
  Nodal force / reaction (249 nodes):
    x: -5.246E+05 ~ 2.411E+07  y: -2.412E+07 ~ 1.541E+07  N
    Σx=1.564E+08  Σy=-1.145E+08  N
  Stress (249 gauss points, 4 components):
    Sxx: -3.397E+05 ~ 4.846E+05 Pa
    Syy: -3.836E+05 ~ 1.819E+05 Pa
Block 59: 249 nodes (249 active)
  Ux: -1.912 ~ 0.070 mm
  Uy: -3.105 ~ 0.698 mm
  Velocity (249 nodes): peak = 5.156E-02 m/s
    x: -2.253E-02 ~ 2.273E-02  y: -4.843E-02 ~ 5.156E-02
  Acceleration (relative) (249 nodes): peak = 1.259E+00 m/s²
    x: -2.608E-01 ~ 1.042E+00  y: -9.583E-01 ~ 1.259E+00
  Acceleration (absolute) (249 nodes): peak = 1.259E+00 m/s²
    x: -2.608E-01 ~ 1.042E+00  y: -9.583E-01 ~ 1.259E+00
  Nodal force / reaction (249 nodes):
    x: -3.140E+05 ~ 1.676E+07  y: -1.675E+07 ~ 3.311E+07  N
    Σx=1.425E+08  Σy=2.876E+07  N
  Stress (249 gauss points, 4 components):
    Sxx: -2.708E+05 ~ 3.139E+05 Pa
    Syy: -6.260E+05 ~ 1.733E+05 Pa
Block 60: 249 nodes (249 active)
  Ux: -1.302 ~ 0.687 mm
  Uy: -3.539 ~ 2.267 mm
  Velocity (249 nodes): peak = 4.230E-02 m/s
    x: -7.788E-03 ~ 4.230E-02  y: -3.200E-02 ~ 2.516E-02
  Acceleration (relative) (249 nodes): peak = 1.424E+00 m/s²
    x: -1.424E+00 ~ 8.954E-01  y: -1.289E+00 ~ 1.358E+00
  Acceleration (absolute) (249 nodes): peak = 1.424E+00 m/s²
    x: -1.424E+00 ~ 8.954E-01  y: -1.289E+00 ~ 1.358E+00
  Nodal force / reaction (249 nodes):
    x: -4.019E+06 ~ 1.504E+07  y: -3.668E+06 ~ 3.150E+07  N
    Σx=1.118E+08  Σy=1.422E+08  N
  Stress (249 gauss points, 4 components):
    Sxx: -1.759E+05 ~ 1.455E+05 Pa
    Syy: -6.150E+05 ~ 1.792E+05 Pa
Block 61: 249 nodes (249 active)
  Ux: -0.783 ~ 0.953 mm
  Uy: -2.724 ~ 2.134 mm
  Velocity (249 nodes): peak = 5.193E-02 m/s
    x: -9.599E-03 ~ 3.325E-02  y: -2.730E-02 ~ 5.193E-02
  Acceleration (relative) (249 nodes): peak = 1.050E+00 m/s²
    x: -8.346E-01 ~ 9.114E-01  y: -8.454E-01 ~ 8.437E-01
  Acceleration (absolute) (249 nodes): peak = 1.050E+00 m/s²
    x: -8.346E-01 ~ 9.114E-01  y: -8.454E-01 ~ 8.437E-01
  Nodal force / reaction (249 nodes):
    x: -7.809E+06 ~ 6.456E+06  y: 0.000E+00 ~ 1.679E+07  N
    Σx=-3.179E+07  Σy=1.624E+08  N
  Stress (249 gauss points, 4 components):
    Sxx: -1.733E+05 ~ 2.178E+05 Pa
    Syy: -3.027E+05 ~ 1.589E+05 Pa
Block 62: 249 nodes (249 active)
  Ux: 0.000 ~ 1.168 mm
  Uy: -1.948 ~ 0.900 mm
  Velocity (249 nodes): peak = 5.510E-02 m/s
    x: -2.026E-02 ~ 4.457E-02  y: -3.849E-02 ~ 5.509E-02
  Acceleration (relative) (249 nodes): peak = 9.949E-01 m/s²
    x: -9.949E-01 ~ 1.382E-02  y: -7.915E-01 ~ 8.644E-01
  Acceleration (absolute) (249 nodes): peak = 9.949E-01 m/s²
    x: -9.949E-01 ~ 1.382E-02  y: -7.915E-01 ~ 8.644E-01
  Nodal force / reaction (249 nodes):
    x: -1.181E+07 ~ 0.000E+00  y: -5.745E+06 ~ 1.264E+07  N
    Σx=-1.469E+08  Σy=8.394E+07  N
  Stress (249 gauss points, 4 components):
    Sxx: -1.710E+05 ~ 1.666E+05 Pa
    Syy: -1.396E+05 ~ 1.319E+05 Pa
Block 63: 249 nodes (249 active)
  Ux: -0.216 ~ 2.185 mm
  Uy: -1.207 ~ 1.678 mm
  Velocity (249 nodes): peak = 3.936E-02 m/s
    x: -1.818E-02 ~ 1.644E-02  y: -3.639E-02 ~ 3.936E-02
  Acceleration (relative) (249 nodes): peak = 1.103E+00 m/s²
    x: -9.869E-01 ~ 3.295E-01  y: -1.008E+00 ~ 8.268E-01
  Acceleration (absolute) (249 nodes): peak = 1.103E+00 m/s²
    x: -9.869E-01 ~ 3.295E-01  y: -1.008E+00 ~ 8.268E-01
  Nodal force / reaction (249 nodes):
    x: -1.074E+07 ~ 1.696E+06  y: -1.369E+07 ~ 6.811E+06  N
    Σx=-1.011E+08  Σy=-2.173E+07  N
  Stress (249 gauss points, 4 components):
    Sxx: -1.608E+05 ~ 1.987E+05 Pa
    Syy: -1.875E+05 ~ 2.578E+05 Pa
Block 64: 249 nodes (249 active)
  Ux: -0.227 ~ 2.010 mm
  Uy: -1.688 ~ 1.842 mm
  Velocity (249 nodes): peak = 4.898E-02 m/s
    x: -2.923E-02 ~ 7.366E-03  y: -1.564E-02 ~ 3.934E-02
  Acceleration (relative) (249 nodes): peak = 1.187E+00 m/s²
    x: -9.814E-01 ~ 9.395E-01  y: -1.129E+00 ~ 1.187E+00
  Acceleration (absolute) (249 nodes): peak = 1.187E+00 m/s²
    x: -9.814E-01 ~ 9.395E-01  y: -1.129E+00 ~ 1.187E+00
  Nodal force / reaction (249 nodes):
    x: -6.176E+06 ~ 4.134E+06  y: -1.485E+07 ~ 3.050E+06  N
    Σx=-4.308E+06  Σy=-9.573E+07  N
  Stress (249 gauss points, 4 components):
    Sxx: -1.220E+05 ~ 1.360E+05 Pa
    Syy: -1.365E+05 ~ 2.816E+05 Pa
Block 65: 249 nodes (249 active)
  Ux: -0.566 ~ 0.423 mm
  Uy: -1.173 ~ 1.750 mm
  Velocity (249 nodes): peak = 5.678E-02 m/s
    x: -5.260E-02 ~ 9.108E-03  y: -3.559E-02 ~ 3.033E-02
  Acceleration (relative) (249 nodes): peak = 1.757E+00 m/s²
    x: -1.757E+00 ~ 3.959E-01  y: -6.444E-01 ~ 7.337E-01
  Acceleration (absolute) (249 nodes): peak = 1.757E+00 m/s²
    x: -1.757E+00 ~ 3.959E-01  y: -6.444E-01 ~ 7.337E-01
  Nodal force / reaction (249 nodes):
    x: -3.930E+06 ~ 3.761E+06  y: -8.460E+06 ~ 3.070E+06  N
    Σx=2.891E+06  Σy=-8.635E+07  N
  Stress (249 gauss points, 4 components):
    Sxx: -7.432E+04 ~ 8.281E+04 Pa
    Syy: -7.688E+04 ~ 1.504E+05 Pa
Block 66: 249 nodes (249 active)
  Ux: -1.709 ~ 0.113 mm
  Uy: -0.463 ~ 2.067 mm
  Velocity (249 nodes): peak = 4.468E-02 m/s
    x: -4.431E-02 ~ 3.286E-03  y: -2.182E-02 ~ 2.960E-02
  Acceleration (relative) (249 nodes): peak = 1.109E+00 m/s²
    x: -8.425E-01 ~ 7.326E-01  y: -8.390E-01 ~ 8.066E-01
  Acceleration (absolute) (249 nodes): peak = 1.109E+00 m/s²
    x: -8.425E-01 ~ 7.326E-01  y: -8.390E-01 ~ 8.066E-01
  Nodal force / reaction (249 nodes):
    x: -1.801E+07 ~ 6.131E+06  y: -6.867E+06 ~ 2.682E+06  N
    Σx=-4.536E+07  Σy=-3.176E+07  N
  Stress (249 gauss points, 4 components):
    Sxx: -2.104E+05 ~ 1.382E+05 Pa
    Syy: -2.449E+04 ~ 1.558E+05 Pa
Block 67: 249 nodes (249 active)
  Ux: -2.678 ~ 0.000 mm
  Uy: -0.704 ~ 1.361 mm
  Velocity (249 nodes): peak = 3.137E-02 m/s
    x: -2.154E-02 ~ 1.510E-02  y: -3.130E-02 ~ 1.992E-02
  Acceleration (relative) (249 nodes): peak = 1.177E+00 m/s²
    x: -3.382E-01 ~ 1.107E+00  y: -8.544E-01 ~ 8.555E-01
  Acceleration (absolute) (249 nodes): peak = 1.177E+00 m/s²
    x: -3.382E-01 ~ 1.107E+00  y: -8.544E-01 ~ 8.555E-01
  Nodal force / reaction (249 nodes):
    x: -6.288E+06 ~ 1.205E+07  y: -7.053E+06 ~ 8.917E+06  N
    Σx=5.811E+07  Σy=1.310E+07  N
  Stress (249 gauss points, 4 components):
    Sxx: -2.156E+05 ~ 2.831E+05 Pa
    Syy: -1.854E+05 ~ 1.903E+05 Pa
Block 68: 249 nodes (249 active)
  Ux: -2.059 ~ 0.000 mm
  Uy: -0.620 ~ 1.167 mm
  Velocity (249 nodes): peak = 5.140E-02 m/s
    x: -8.528E-03 ~ 3.650E-02  y: -3.619E-02 ~ 1.698E-02
  Acceleration (relative) (249 nodes): peak = 9.205E-01 m/s²
    x: -6.792E-01 ~ 9.103E-01  y: -8.864E-01 ~ 5.346E-01
  Acceleration (absolute) (249 nodes): peak = 9.205E-01 m/s²
    x: -6.792E-01 ~ 9.103E-01  y: -8.864E-01 ~ 5.346E-01
  Nodal force / reaction (249 nodes):
    x: -9.462E+05 ~ 9.200E+06  y: -2.327E+06 ~ 4.243E+06  N
    Σx=9.769E+07  Σy=5.662E+06  N
  Stress (249 gauss points, 4 components):
    Sxx: -1.546E+05 ~ 1.978E+05 Pa
    Syy: -1.115E+05 ~ 1.049E+05 Pa
Block 69: 249 nodes (249 active)
  Ux: -0.556 ~ 0.463 mm
  Uy: -1.218 ~ 0.212 mm
  Velocity (249 nodes): peak = 6.192E-02 m/s
    x: -1.859E-03 ~ 5.885E-02  y: -3.012E-02 ~ 1.366E-02
  Acceleration (relative) (249 nodes): peak = 8.044E-01 m/s²
    x: -2.861E-01 ~ 6.206E-01  y: -5.529E-01 ~ 7.699E-01
  Acceleration (absolute) (249 nodes): peak = 8.044E-01 m/s²
    x: -2.861E-01 ~ 6.206E-01  y: -5.529E-01 ~ 7.699E-01
  Nodal force / reaction (249 nodes):
    x: -1.364E+06 ~ 6.775E+06  y: -5.109E+06 ~ 4.140E+06  N
    Σx=6.032E+07  Σy=-4.519E+06  N
  Stress (249 gauss points, 4 components):
    Sxx: -1.035E+05 ~ 7.620E+04 Pa
    Syy: -9.100E+04 ~ 4.930E+04 Pa
Block 70: 249 nodes (249 active)
  Ux: -0.070 ~ 1.993 mm
  Uy: -1.457 ~ 0.260 mm
  Velocity (249 nodes): peak = 3.917E-02 m/s
    x: -3.163E-03 ~ 3.917E-02  y: -8.971E-03 ~ 1.392E-02
  Acceleration (relative) (249 nodes): peak = 1.569E+00 m/s²
    x: -1.569E+00 ~ 3.050E-01  y: -2.923E-01 ~ 9.190E-01
  Acceleration (absolute) (249 nodes): peak = 1.569E+00 m/s²
    x: -1.569E+00 ~ 3.050E-01  y: -2.923E-01 ~ 9.190E-01
  Nodal force / reaction (249 nodes):
    x: -4.943E+06 ~ 2.620E+05  y: -2.320E+06 ~ 4.953E+06  N
    Σx=-5.480E+07  Σy=4.885E+07  N
  Stress (249 gauss points, 4 components):
    Sxx: -9.952E+04 ~ 1.574E+05 Pa
    Syy: -1.570E+05 ~ 5.635E+04 Pa
Block 71: 249 nodes (249 active)
  Ux: -0.417 ~ 2.493 mm
  Uy: -1.391 ~ 0.278 mm
  Velocity (249 nodes): peak = 2.558E-02 m/s
    x: -2.558E-02 ~ 1.330E-02  y: -1.717E-02 ~ 1.679E-02
  Acceleration (relative) (249 nodes): peak = 1.335E+00 m/s²
    x: -1.330E+00 ~ 1.220E+00  y: -4.857E-01 ~ 4.263E-01
  Acceleration (absolute) (249 nodes): peak = 1.335E+00 m/s²
    x: -1.330E+00 ~ 1.220E+00  y: -4.857E-01 ~ 4.263E-01
  Nodal force / reaction (249 nodes):
    x: -1.597E+07 ~ 1.631E+06  y: -5.251E+06 ~ 7.504E+06  N
    Σx=-1.492E+08  Σy=7.460E+07  N
  Stress (249 gauss points, 4 components):
    Sxx: -1.270E+05 ~ 1.603E+05 Pa
    Syy: -1.297E+05 ~ 1.875E+04 Pa
Block 72: 249 nodes (249 active)
  Ux: -1.248 ~ 1.204 mm
  Uy: -0.726 ~ 0.433 mm
  Velocity (249 nodes): peak = 4.472E-02 m/s
    x: -4.266E-02 ~ 6.555E-03  y: -8.799E-03 ~ 2.119E-02
  Acceleration (relative) (249 nodes): peak = 8.941E-01 m/s²
    x: -5.558E-01 ~ 1.590E-01  y: -8.941E-01 ~ 3.376E-01
  Acceleration (absolute) (249 nodes): peak = 8.941E-01 m/s²
    x: -5.558E-01 ~ 1.590E-01  y: -8.941E-01 ~ 3.376E-01
  Nodal force / reaction (249 nodes):
    x: -2.423E+07 ~ 1.072E+07  y: -3.652E+06 ~ 7.049E+06  N
    Σx=-1.508E+08  Σy=1.718E+07  N
  Stress (249 gauss points, 4 components):
    Sxx: -2.772E+05 ~ 2.528E+05 Pa
    Syy: -1.012E+05 ~ 9.141E+04 Pa
Block 73: 249 nodes (249 active)
  Ux: -1.963 ~ 0.509 mm
  Uy: -0.392 ~ 0.590 mm
  Velocity (249 nodes): peak = 3.035E-02 m/s
    x: -2.759E-02 ~ 1.738E-02  y: -2.044E-02 ~ 2.083E-02
  Acceleration (relative) (249 nodes): peak = 9.916E-01 m/s²
    x: -4.146E-01 ~ 9.915E-01  y: -7.971E-01 ~ 5.003E-01
  Acceleration (absolute) (249 nodes): peak = 9.916E-01 m/s²
    x: -4.146E-01 ~ 9.915E-01  y: -7.971E-01 ~ 5.003E-01
  Nodal force / reaction (249 nodes):
    x: -3.164E+06 ~ 1.532E+07  y: -7.012E+06 ~ 3.052E+06  N
    Σx=5.708E+07  Σy=-6.504E+07  N
  Stress (249 gauss points, 4 components):
    Sxx: -3.553E+05 ~ 3.672E+05 Pa
    Syy: -4.204E+04 ~ 1.011E+05 Pa
Block 74: 249 nodes (249 active)
  Ux: -1.562 ~ 0.007 mm
  Uy: -0.913 ~ 0.837 mm
  Velocity (249 nodes): peak = 3.025E-02 m/s
    x: -2.449E-02 ~ 2.031E-02  y: -2.743E-02 ~ 2.332E-02
  Acceleration (relative) (249 nodes): peak = 1.039E+00 m/s²
    x: -1.875E-01 ~ 7.642E-01  y: -4.485E-01 ~ 1.039E+00
  Acceleration (absolute) (249 nodes): peak = 1.039E+00 m/s²
    x: -1.875E-01 ~ 7.642E-01  y: -4.485E-01 ~ 1.039E+00
  Nodal force / reaction (249 nodes):
    x: 0.000E+00 ~ 1.364E+07  y: -9.236E+06 ~ 2.346E+06  N
    Σx=1.155E+08  Σy=-7.000E+07  N
  Stress (249 gauss points, 4 components):
    Sxx: -1.936E+05 ~ 2.649E+05 Pa
    Syy: -7.227E+04 ~ 9.817E+04 Pa
Block 75: 249 nodes (249 active)
  Ux: -1.245 ~ 0.000 mm
  Uy: -1.283 ~ 1.520 mm
  Velocity (249 nodes): peak = 2.390E-02 m/s
    x: -1.591E-02 ~ 1.915E-02  y: -1.181E-02 ~ 2.390E-02
  Acceleration (relative) (249 nodes): peak = 1.153E+00 m/s²
    x: -6.410E-01 ~ 7.368E-01  y: -6.235E-01 ~ 1.153E+00
  Acceleration (absolute) (249 nodes): peak = 1.153E+00 m/s²
    x: -6.410E-01 ~ 7.368E-01  y: -6.235E-01 ~ 1.153E+00
  Nodal force / reaction (249 nodes):
    x: -1.011E+07 ~ 1.090E+07  y: -2.579E+06 ~ 4.733E+06  N
    Σx=4.226E+07  Σy=-4.666E+06  N
  Stress (249 gauss points, 4 components):
    Sxx: -1.990E+05 ~ 2.341E+05 Pa
    Syy: -1.029E+05 ~ 9.790E+04 Pa
Block 76: 249 nodes (249 active)
  Ux: -1.514 ~ 0.000 mm
  Uy: -1.035 ~ 1.418 mm
  Velocity (249 nodes): peak = 2.709E-02 m/s
    x: -8.324E-03 ~ 2.316E-02  y: -1.901E-02 ~ 2.535E-02
  Acceleration (relative) (249 nodes): peak = 9.934E-01 m/s²
    x: -6.350E-01 ~ 5.765E-01  y: -8.295E-01 ~ 7.643E-01
  Acceleration (absolute) (249 nodes): peak = 9.934E-01 m/s²
    x: -6.350E-01 ~ 5.765E-01  y: -8.295E-01 ~ 7.643E-01
  Nodal force / reaction (249 nodes):
    x: -1.390E+07 ~ 1.038E+07  y: -4.365E+06 ~ 7.342E+06  N
    Σx=-1.702E+07  Σy=5.630E+07  N
  Stress (249 gauss points, 4 components):
    Sxx: -1.845E+05 ~ 2.589E+05 Pa
    Syy: -1.231E+05 ~ 1.213E+05 Pa
Block 77: 249 nodes (249 active)
  Ux: -1.269 ~ 0.219 mm
  Uy: -0.290 ~ 1.093 mm
  Velocity (249 nodes): peak = 4.330E-02 m/s
    x: -6.730E-03 ~ 2.694E-02  y: -3.720E-02 ~ 2.309E-02
  Acceleration (relative) (249 nodes): peak = 1.074E+00 m/s²
    x: -5.040E-01 ~ 1.074E+00  y: -9.618E-01 ~ 5.008E-01
  Acceleration (absolute) (249 nodes): peak = 1.074E+00 m/s²
    x: -5.040E-01 ~ 1.074E+00  y: -9.618E-01 ~ 5.008E-01
  Nodal force / reaction (249 nodes):
    x: -2.276E+06 ~ 8.150E+06  y: -5.509E+06 ~ 5.085E+06  N
    Σx=3.489E+07  Σy=3.351E+07  N
  Stress (249 gauss points, 4 components):
    Sxx: -2.062E+05 ~ 2.384E+05 Pa
    Syy: -6.090E+04 ~ 8.798E+04 Pa
Block 78: 249 nodes (249 active)
  Ux: -0.566 ~ 0.680 mm
  Uy: -0.986 ~ 0.747 mm
  Velocity (249 nodes): peak = 5.155E-02 m/s
    x: -4.130E-03 ~ 4.800E-02  y: -3.329E-02 ~ 1.584E-02
  Acceleration (relative) (249 nodes): peak = 9.970E-01 m/s²
    x: -9.970E-01 ~ 5.274E-01  y: -6.066E-01 ~ 8.344E-01
  Acceleration (absolute) (249 nodes): peak = 9.970E-01 m/s²
    x: -9.970E-01 ~ 5.274E-01  y: -6.066E-01 ~ 8.344E-01
  Nodal force / reaction (249 nodes):
    x: -3.591E+06 ~ 5.579E+06  y: -8.847E+06 ~ 1.010E+07  N
    Σx=2.102E+07  Σy=-1.852E+07  N
  Stress (249 gauss points, 4 components):
    Sxx: -7.186E+04 ~ 7.895E+04 Pa
    Syy: -8.166E+04 ~ 2.051E+05 Pa
Block 79: 249 nodes (249 active)
  Ux: -0.012 ~ 2.021 mm
  Uy: -1.087 ~ 0.687 mm
  Velocity (249 nodes): peak = 3.958E-02 m/s
    x: -9.800E-03 ~ 3.799E-02  y: -1.463E-02 ~ 1.284E-02
  Acceleration (relative) (249 nodes): peak = 1.148E+00 m/s²
    x: -9.761E-01 ~ 2.342E-01  y: -5.771E-01 ~ 1.003E+00
  Acceleration (absolute) (249 nodes): peak = 1.148E+00 m/s²
    x: -9.761E-01 ~ 2.342E-01  y: -5.771E-01 ~ 1.003E+00
  Nodal force / reaction (249 nodes):
    x: -6.831E+06 ~ 9.507E+06  y: -7.592E+06 ~ 7.635E+06  N
    Σx=8.660E+06  Σy=-7.969E+06  N
  Stress (249 gauss points, 4 components):
    Sxx: -1.269E+05 ~ 1.412E+05 Pa
    Syy: -1.446E+05 ~ 1.928E+05 Pa
Block 80: 249 nodes (249 active)
  Ux: -0.112 ~ 2.498 mm
  Uy: -0.807 ~ 0.478 mm
  Velocity (249 nodes): peak = 2.720E-02 m/s
    x: -2.001E-02 ~ 6.788E-03  y: -1.012E-02 ~ 2.009E-02
  Acceleration (relative) (249 nodes): peak = 1.823E+00 m/s²
    x: -1.823E+00 ~ 2.935E-01  y: -2.770E-01 ~ 7.423E-01
  Acceleration (absolute) (249 nodes): peak = 1.823E+00 m/s²
    x: -1.823E+00 ~ 2.935E-01  y: -2.770E-01 ~ 7.423E-01
  Nodal force / reaction (249 nodes):
    x: -8.446E+06 ~ 1.772E+06  y: -3.143E+06 ~ 5.692E+06  N
    Σx=-1.080E+08  Σy=5.615E+07  N
  Stress (249 gauss points, 4 components):
    Sxx: -1.798E+05 ~ 1.561E+05 Pa
    Syy: -1.341E+05 ~ 8.428E+04 Pa
Block 81: 249 nodes (249 active)
  Ux: -0.167 ~ 0.831 mm
  Uy: -0.382 ~ 0.696 mm
  Velocity (249 nodes): peak = 5.901E-02 m/s
    x: -5.885E-02 ~ 4.204E-03  y: -2.544E-03 ~ 1.673E-02
  Acceleration (relative) (249 nodes): peak = 1.027E+00 m/s²
    x: -3.602E-01 ~ 1.027E+00  y: -6.786E-01 ~ 5.457E-01
  Acceleration (absolute) (249 nodes): peak = 1.027E+00 m/s²
    x: -3.602E-01 ~ 1.027E+00  y: -6.786E-01 ~ 5.457E-01
  Nodal force / reaction (249 nodes):
    x: -5.416E+06 ~ 1.730E+06  y: -6.677E+05 ~ 6.828E+06  N
    Σx=-2.970E+07  Σy=5.238E+07  N
  Stress (249 gauss points, 4 components):
    Sxx: -9.492E+04 ~ 8.725E+04 Pa
    Syy: -6.237E+04 ~ 6.861E+04 Pa
Block 82: 249 nodes (249 active)
  Ux: -1.210 ~ 0.267 mm
  Uy: -0.125 ~ 0.795 mm
  Velocity (249 nodes): peak = 3.621E-02 m/s
    x: -3.595E-02 ~ 2.754E-03  y: -1.010E-02 ~ 1.337E-02
  Acceleration (relative) (249 nodes): peak = 1.907E+00 m/s²
    x: -1.907E+00 ~ 1.210E+00  y: -6.207E-01 ~ 3.152E-01
  Acceleration (absolute) (249 nodes): peak = 1.907E+00 m/s²
    x: -1.907E+00 ~ 1.210E+00  y: -6.207E-01 ~ 3.152E-01
  Nodal force / reaction (249 nodes):
    x: -1.294E+07 ~ 1.591E+06  y: -5.803E+06 ~ 3.623E+06  N
    Σx=-7.222E+07  Σy=-1.577E+07  N
  Stress (249 gauss points, 4 components):
    Sxx: -7.188E+04 ~ 3.470E+04 Pa
    Syy: -3.978E+04 ~ 1.090E+05 Pa
Block 83: 249 nodes (249 active)
  Ux: -1.703 ~ 0.000 mm
  Uy: -0.421 ~ 0.629 mm
  Velocity (249 nodes): peak = 4.023E-02 m/s
    x: -4.023E-02 ~ 9.461E-03  y: -1.570E-02 ~ 1.385E-02
  Acceleration (relative) (249 nodes): peak = 1.030E+00 m/s²
    x: -7.296E-01 ~ 8.420E-01  y: -1.030E+00 ~ 5.269E-01
  Acceleration (absolute) (249 nodes): peak = 1.030E+00 m/s²
    x: -7.296E-01 ~ 8.420E-01  y: -1.030E+00 ~ 5.269E-01
  Nodal force / reaction (249 nodes):
    x: -2.557E+07 ~ 1.150E+07  y: -7.420E+06 ~ 0.000E+00  N
    Σx=-7.902E+07  Σy=-8.120E+07  N
  Stress (249 gauss points, 4 components):
    Sxx: -2.753E+05 ~ 2.787E+05 Pa
    Syy: -6.296E+04 ~ 1.249E+05 Pa
Block 84: 249 nodes (249 active)
  Ux: -2.735 ~ 0.000 mm
  Uy: -0.649 ~ 0.857 mm
  Velocity (249 nodes): peak = 3.626E-02 m/s
    x: -3.626E-02 ~ 2.117E-02  y: -2.812E-02 ~ 2.018E-02
  Acceleration (relative) (249 nodes): peak = 7.673E-01 m/s²
    x: -5.738E-01 ~ 4.216E-01  y: -5.810E-01 ~ 7.673E-01
  Acceleration (absolute) (249 nodes): peak = 7.673E-01 m/s²
    x: -5.738E-01 ~ 4.216E-01  y: -5.810E-01 ~ 7.673E-01
  Nodal force / reaction (249 nodes):
    x: -3.242E+07 ~ 2.498E+07  y: -1.135E+07 ~ 7.845E+06  N
    Σx=-5.598E+07  Σy=-7.208E+07  N
  Stress (249 gauss points, 4 components):
    Sxx: -5.338E+05 ~ 5.718E+05 Pa
    Syy: -9.112E+04 ~ 1.259E+05 Pa
Block 85: 249 nodes (249 active)
  Ux: -4.190 ~ 0.000 mm
  Uy: -1.488 ~ 1.176 mm
  Velocity (249 nodes): peak = 2.924E-02 m/s
    x: -2.924E-02 ~ 1.166E-02  y: -2.216E-02 ~ 1.307E-02
  Acceleration (relative) (249 nodes): peak = 9.884E-01 m/s²
    x: -2.767E-01 ~ 9.884E-01  y: -9.271E-01 ~ 7.159E-01
  Acceleration (absolute) (249 nodes): peak = 9.884E-01 m/s²
    x: -2.767E-01 ~ 9.884E-01  y: -9.271E-01 ~ 7.159E-01
  Nodal force / reaction (249 nodes):
    x: -3.319E+07 ~ 3.544E+07  y: -1.420E+07 ~ 1.670E+07  N
    Σx=-1.339E+07  Σy=-5.144E+07  N
  Stress (249 gauss points, 4 components):
    Sxx: -7.459E+05 ~ 8.166E+05 Pa
    Syy: -2.892E+05 ~ 1.669E+05 Pa
Block 86: 249 nodes (249 active)
  Ux: -3.886 ~ 0.172 mm
  Uy: -1.956 ~ 0.685 mm
  Velocity (249 nodes): peak = 5.283E-02 m/s
    x: -2.586E-03 ~ 5.283E-02  y: -2.961E-02 ~ 1.277E-02
  Acceleration (relative) (249 nodes): peak = 1.620E+00 m/s²
    x: -2.366E-01 ~ 1.620E+00  y: -4.800E-01 ~ 1.031E+00
  Acceleration (absolute) (249 nodes): peak = 1.620E+00 m/s²
    x: -2.366E-01 ~ 1.620E+00  y: -4.800E-01 ~ 1.031E+00
  Nodal force / reaction (249 nodes):
    x: -5.777E+05 ~ 2.864E+07  y: -1.039E+07 ~ 2.095E+07  N
    Σx=2.131E+08  Σy=-1.932E+07  N
  Stress (249 gauss points, 4 components):
    Sxx: -6.140E+05 ~ 6.697E+05 Pa
    Syy: -4.057E+05 ~ 7.594E+04 Pa
Block 87: 249 nodes (249 active)
  Ux: -1.753 ~ 0.601 mm
  Uy: -2.480 ~ 0.860 mm
  Velocity (249 nodes): peak = 5.893E-02 m/s
    x: -1.442E-03 ~ 5.887E-02  y: -2.886E-02 ~ 2.286E-02
  Acceleration (relative) (249 nodes): peak = 1.786E+00 m/s²
    x: -1.786E+00 ~ 9.872E-01  y: -9.156E-01 ~ 1.387E+00
  Acceleration (absolute) (249 nodes): peak = 1.786E+00 m/s²
    x: -1.786E+00 ~ 9.872E-01  y: -9.156E-01 ~ 1.387E+00
  Nodal force / reaction (249 nodes):
    x: -1.392E+06 ~ 9.645E+06  y: -4.971E+06 ~ 1.759E+07  N
    Σx=8.933E+07  Σy=4.834E+07  N
  Stress (249 gauss points, 4 components):
    Sxx: -2.376E+05 ~ 1.927E+05 Pa
    Syy: -3.293E+05 ~ 6.342E+04 Pa
Block 88: 249 nodes (249 active)
  Ux: -0.773 ~ 1.343 mm
  Uy: -2.433 ~ 1.037 mm
  Velocity (249 nodes): peak = 4.241E-02 m/s
    x: -1.810E-02 ~ 3.831E-02  y: -1.612E-02 ~ 4.241E-02
  Acceleration (relative) (249 nodes): peak = 1.665E+00 m/s²
    x: -1.665E+00 ~ 2.483E-01  y: -7.568E-01 ~ 1.269E+00
  Acceleration (absolute) (249 nodes): peak = 1.665E+00 m/s²
    x: -1.665E+00 ~ 2.483E-01  y: -7.568E-01 ~ 1.269E+00
  Nodal force / reaction (249 nodes):
    x: -1.507E+07 ~ 2.284E+06  y: -3.943E+06 ~ 1.717E+07  N
    Σx=-1.067E+08  Σy=1.260E+08  N
  Stress (249 gauss points, 4 components):
    Sxx: -6.706E+04 ~ 8.049E+04 Pa
    Syy: -2.929E+05 ~ 1.031E+05 Pa
Block 89: 249 nodes (249 active)
  Ux: -0.719 ~ 1.371 mm
  Uy: -1.311 ~ 1.238 mm
  Velocity (249 nodes): peak = 5.956E-02 m/s
    x: -1.682E-02 ~ 1.726E-02  y: -1.461E-02 ~ 5.956E-02
  Acceleration (relative) (249 nodes): peak = 1.283E+00 m/s²
    x: -1.113E+00 ~ 8.529E-01  y: -1.283E+00 ~ 9.017E-01
  Acceleration (absolute) (249 nodes): peak = 1.283E+00 m/s²
    x: -1.113E+00 ~ 8.529E-01  y: -1.283E+00 ~ 9.017E-01
  Nodal force / reaction (249 nodes):
    x: -8.461E+06 ~ 6.301E+06  y: -6.813E+06 ~ 1.622E+07  N
    Σx=-4.325E+07  Σy=1.387E+08  N
  Stress (249 gauss points, 4 components):
    Sxx: -1.527E+05 ~ 1.427E+05 Pa
    Syy: -1.582E+05 ~ 1.326E+05 Pa
Block 90: 249 nodes (249 active)
  Ux: -0.343 ~ 0.842 mm
  Uy: -0.736 ~ 1.253 mm
  Velocity (249 nodes): peak = 4.209E-02 m/s
    x: -2.098E-02 ~ 2.677E-02  y: -4.209E-02 ~ 3.901E-02
  Acceleration (relative) (249 nodes): peak = 1.621E+00 m/s²
    x: -7.440E-01 ~ 9.099E-01  y: -1.621E+00 ~ 6.279E-01
  Acceleration (absolute) (249 nodes): peak = 1.621E+00 m/s²
    x: -7.440E-01 ~ 9.099E-01  y: -1.621E+00 ~ 6.279E-01
  Nodal force / reaction (249 nodes):
    x: -9.104E+06 ~ 1.277E+07  y: -9.712E+06 ~ 1.307E+07  N
    Σx=3.755E+07  Σy=3.144E+07  N
  Stress (249 gauss points, 4 components):
    Sxx: -9.432E+04 ~ 1.608E+05 Pa
    Syy: -1.137E+05 ~ 2.428E+05 Pa
Block 91: 249 nodes (249 active)
  Ux: -0.167 ~ 1.157 mm
  Uy: -1.251 ~ 1.762 mm
  Velocity (249 nodes): peak = 3.163E-02 m/s
    x: -2.053E-02 ~ 2.266E-02  y: -3.163E-02 ~ 2.467E-02
  Acceleration (relative) (249 nodes): peak = 1.013E+00 m/s²
    x: -5.914E-01 ~ 8.227E-01  y: -1.013E+00 ~ 7.605E-01
  Acceleration (absolute) (249 nodes): peak = 1.013E+00 m/s²
    x: -5.914E-01 ~ 8.227E-01  y: -1.013E+00 ~ 7.605E-01
  Nodal force / reaction (249 nodes):
    x: -9.835E+06 ~ 1.020E+07  y: -2.505E+07 ~ 1.717E+07  N
    Σx=3.027E+07  Σy=-7.641E+07  N
  Stress (249 gauss points, 4 components):
    Sxx: -2.098E+05 ~ 1.798E+05 Pa
    Syy: -1.321E+05 ~ 4.662E+05 Pa
Block 92: 249 nodes (249 active)
  Ux: -0.650 ~ 1.602 mm
  Uy: -1.615 ~ 1.688 mm
  Velocity (249 nodes): peak = 4.070E-02 m/s
    x: -2.622E-02 ~ 1.519E-02  y: -2.585E-02 ~ 3.568E-02
  Acceleration (relative) (249 nodes): peak = 1.404E+00 m/s²
    x: -5.982E-01 ~ 6.393E-01  y: -8.872E-01 ~ 1.404E+00
  Acceleration (absolute) (249 nodes): peak = 1.404E+00 m/s²
    x: -5.982E-01 ~ 6.393E-01  y: -8.872E-01 ~ 1.404E+00
  Nodal force / reaction (249 nodes):
    x: -1.239E+07 ~ 9.509E+06  y: -2.236E+07 ~ 7.878E+06  N
    Σx=2.194E+07  Σy=-5.779E+07  N
  Stress (249 gauss points, 4 components):
    Sxx: -2.750E+05 ~ 2.722E+05 Pa
    Syy: -1.409E+05 ~ 4.609E+05 Pa
Block 93: 249 nodes (249 active)
  Ux: -1.206 ~ 1.693 mm
  Uy: -0.522 ~ 1.839 mm
  Velocity (249 nodes): peak = 4.332E-02 m/s
    x: -3.210E-02 ~ 1.184E-02  y: -2.026E-02 ~ 4.332E-02
  Acceleration (relative) (249 nodes): peak = 1.124E+00 m/s²
    x: -5.326E-01 ~ 1.124E+00  y: -1.033E+00 ~ 8.386E-01
  Acceleration (absolute) (249 nodes): peak = 1.124E+00 m/s²
    x: -5.326E-01 ~ 1.124E+00  y: -1.033E+00 ~ 8.386E-01
  Nodal force / reaction (249 nodes):
    x: -1.263E+07 ~ 1.277E+07  y: -9.716E+06 ~ 8.117E+06  N
    Σx=3.375E+07  Σy=1.321E+07  N
  Stress (249 gauss points, 4 components):
    Sxx: -2.681E+05 ~ 2.918E+05 Pa
    Syy: -6.314E+04 ~ 1.672E+05 Pa
Block 94: 249 nodes (249 active)
  Ux: -2.037 ~ 2.226 mm
  Uy: -0.084 ~ 1.610 mm
  Velocity (249 nodes): peak = 3.149E-02 m/s
    x: -2.256E-02 ~ 2.388E-02  y: -2.781E-02 ~ 2.068E-02
  Acceleration (relative) (249 nodes): peak = 1.671E+00 m/s²
    x: -4.491E-01 ~ 1.218E+00  y: -1.671E+00 ~ 6.236E-01
  Acceleration (absolute) (249 nodes): peak = 1.671E+00 m/s²
    x: -4.491E-01 ~ 1.218E+00  y: -1.671E+00 ~ 6.236E-01
  Nodal force / reaction (249 nodes):
    x: -1.576E+07 ~ 2.715E+07  y: -1.311E+07 ~ 8.251E+06  N
    Σx=9.811E+07  Σy=-1.934E+06  N
  Stress (249 gauss points, 4 components):
    Sxx: -3.683E+05 ~ 4.197E+05 Pa
    Syy: 8.389E+02 ~ 1.613E+05 Pa
Block 95: 249 nodes (249 active)
  Ux: -1.776 ~ 2.323 mm
  Uy: -0.157 ~ 1.422 mm
  Velocity (249 nodes): peak = 5.347E-02 m/s
    x: -4.030E-02 ~ 4.015E-02  y: -3.716E-02 ~ 6.581E-03
  Acceleration (relative) (249 nodes): peak = 2.228E+00 m/s²
    x: -2.228E+00 ~ 1.610E+00  y: -1.471E+00 ~ 4.719E-01
  Acceleration (absolute) (249 nodes): peak = 2.228E+00 m/s²
    x: -2.228E+00 ~ 1.610E+00  y: -1.471E+00 ~ 4.719E-01
  Nodal force / reaction (249 nodes):
    x: -1.672E+07 ~ 1.311E+06  y: -1.885E+07 ~ 7.349E+06  N
    Σx=-1.221E+08  Σy=-4.550E+07  N
  Stress (249 gauss points, 4 components):
    Sxx: -4.098E+05 ~ 4.138E+05 Pa
    Syy: -3.238E+04 ~ 3.636E+05 Pa
Block 96: 249 nodes (249 active)
  Ux: -0.250 ~ 1.150 mm
  Uy: -0.904 ~ 1.208 mm
  Velocity (249 nodes): peak = 6.293E-02 m/s
    x: -3.358E-02 ~ 6.008E-02  y: -3.016E-02 ~ 4.115E-03
  Acceleration (relative) (249 nodes): peak = 1.331E+00 m/s²
    x: -1.032E+00 ~ 1.331E+00  y: -7.817E-01 ~ 1.073E+00
  Acceleration (absolute) (249 nodes): peak = 1.331E+00 m/s²
    x: -1.032E+00 ~ 1.331E+00  y: -7.817E-01 ~ 1.073E+00
  Nodal force / reaction (249 nodes):
    x: -6.995E+06 ~ 1.706E+06  y: -8.947E+06 ~ 3.344E+06  N
    Σx=-7.027E+07  Σy=-3.605E+07  N
  Stress (249 gauss points, 4 components):
    Sxx: -1.363E+05 ~ 1.561E+05 Pa
    Syy: -9.649E+04 ~ 1.900E+05 Pa
Block 97: 249 nodes (249 active)
  Ux: -0.344 ~ 1.811 mm
  Uy: -1.085 ~ 1.080 mm
  Velocity (249 nodes): peak = 3.428E-02 m/s
    x: -3.428E-02 ~ 1.245E-02  y: -3.134E-02 ~ 9.593E-03
  Acceleration (relative) (249 nodes): peak = 1.664E+00 m/s²
    x: -1.631E+00 ~ 4.890E-01  y: -7.625E-01 ~ 7.909E-01
  Acceleration (absolute) (249 nodes): peak = 1.664E+00 m/s²
    x: -1.631E+00 ~ 4.890E-01  y: -7.625E-01 ~ 7.909E-01
  Nodal force / reaction (249 nodes):
    x: -1.269E+07 ~ 4.019E+06  y: -8.569E+06 ~ 7.062E+06  N
    Σx=-8.190E+07  Σy=-7.423E+06  N
  Stress (249 gauss points, 4 components):
    Sxx: -9.206E+04 ~ 1.278E+05 Pa
    Syy: -1.571E+05 ~ 1.837E+05 Pa
Block 98: 249 nodes (249 active)
  Ux: -1.273 ~ 1.133 mm
  Uy: -0.917 ~ 0.545 mm
  Velocity (249 nodes): peak = 4.038E-02 m/s
    x: -3.057E-02 ~ 6.981E-03  y: -4.038E-02 ~ 1.613E-02
  Acceleration (relative) (249 nodes): peak = 1.154E+00 m/s²
    x: -9.503E-01 ~ 5.639E-01  y: -1.154E+00 ~ 3.899E-01
  Acceleration (absolute) (249 nodes): peak = 1.154E+00 m/s²
    x: -9.503E-01 ~ 5.639E-01  y: -1.154E+00 ~ 3.899E-01
  Nodal force / reaction (249 nodes):
    x: -2.108E+07 ~ 1.150E+07  y: -1.010E+07 ~ 1.026E+07  N
    Σx=-8.962E+07  Σy=-3.523E+07  N
  Stress (249 gauss points, 4 components):
    Sxx: -2.678E+05 ~ 2.504E+05 Pa
    Syy: -2.471E+05 ~ 1.412E+05 Pa
Block 99: 249 nodes (249 active)
  Ux: -2.569 ~ 0.482 mm
  Uy: -1.382 ~ 0.012 mm
  Velocity (249 nodes): peak = 3.412E-02 m/s
    x: -2.967E-02 ~ 3.437E-03  y: -3.412E-02 ~ 1.144E-02
  Acceleration (relative) (249 nodes): peak = 9.897E-01 m/s²
    x: -4.510E-01 ~ 9.359E-01  y: -6.520E-01 ~ 9.897E-01
  Acceleration (absolute) (249 nodes): peak = 9.897E-01 m/s²
    x: -4.510E-01 ~ 9.359E-01  y: -6.520E-01 ~ 9.897E-01
  Nodal force / reaction (249 nodes):
    x: -2.485E+07 ~ 2.034E+07  y: -1.266E+07 ~ 1.709E+07  N
    Σx=-5.010E+07  Σy=-3.104E+07  N
  Stress (249 gauss points, 4 components):
    Sxx: -5.036E+05 ~ 4.794E+05 Pa
    Syy: -2.767E+05 ~ 7.517E+04 Pa
Block 100: 249 nodes (249 active)
  Ux: -3.146 ~ 0.119 mm
  Uy: -2.345 ~ 0.205 mm
  Velocity (249 nodes): peak = 2.834E-02 m/s
    x: -1.958E-02 ~ 1.261E-02  y: -2.383E-02 ~ 2.834E-02
  Acceleration (relative) (249 nodes): peak = 7.926E-01 m/s²
    x: -3.683E-01 ~ 6.877E-01  y: -5.019E-01 ~ 7.926E-01
  Acceleration (absolute) (249 nodes): peak = 7.926E-01 m/s²
    x: -3.683E-01 ~ 6.877E-01  y: -5.019E-01 ~ 7.926E-01
  Nodal force / reaction (249 nodes):
    x: -1.367E+07 ~ 2.437E+07  y: -1.664E+07 ~ 2.807E+07  N
    Σx=5.845E+07  Σy=8.480E+06  N
  Stress (249 gauss points, 4 components):
    Sxx: -5.464E+05 ~ 5.417E+05 Pa
    Syy: -4.890E+05 ~ 5.555E+04 Pa
Block 101: 249 nodes (249 active)
  Ux: -2.271 ~ 0.222 mm
  Uy: -2.498 ~ 1.125 mm
  Velocity (249 nodes): peak = 4.454E-02 m/s
    x: -1.425E-02 ~ 4.454E-02  y: -9.789E-03 ~ 2.343E-02
  Acceleration (relative) (249 nodes): peak = 1.280E+00 m/s²
    x: -7.436E-01 ~ 1.003E+00  y: -8.000E-01 ~ 1.280E+00
  Acceleration (absolute) (249 nodes): peak = 1.280E+00 m/s²
    x: -7.436E-01 ~ 1.003E+00  y: -8.000E-01 ~ 1.280E+00
  Nodal force / reaction (249 nodes):
    x: -1.517E+06 ~ 1.622E+07  y: -6.003E+06 ~ 2.552E+07  N
    Σx=1.668E+08  Σy=4.774E+07  N
  Stress (249 gauss points, 4 components):
    Sxx: -3.003E+05 ~ 3.312E+05 Pa
    Syy: -5.318E+05 ~ 9.994E+04 Pa
Block 102: 249 nodes (249 active)
  Ux: -0.904 ~ 0.433 mm
  Uy: -2.417 ~ 1.375 mm
  Velocity (249 nodes): peak = 3.766E-02 m/s
    x: -3.277E-03 ~ 3.762E-02  y: -1.399E-02 ~ 3.357E-02
  Acceleration (relative) (249 nodes): peak = 1.101E+00 m/s²
    x: -5.939E-01 ~ 8.457E-01  y: -1.101E+00 ~ 9.556E-01
  Acceleration (absolute) (249 nodes): peak = 1.101E+00 m/s²
    x: -5.939E-01 ~ 8.457E-01  y: -1.101E+00 ~ 9.556E-01
  Nodal force / reaction (249 nodes):
    x: -5.241E+06 ~ 6.623E+06  y: -1.534E+06 ~ 9.392E+06  N
    Σx=5.352E+07  Σy=5.075E+07  N
  Stress (249 gauss points, 4 components):
    Sxx: -1.292E+05 ~ 1.191E+05 Pa
    Syy: -2.590E+05 ~ 1.012E+05 Pa
Block 103: 249 nodes (249 active)
  Ux: -0.211 ~ 0.321 mm
  Uy: -1.523 ~ 0.733 mm
  Velocity (249 nodes): peak = 4.711E-02 m/s
    x: -8.017E-03 ~ 2.894E-02  y: -8.567E-03 ~ 4.711E-02
  Acceleration (relative) (249 nodes): peak = 9.426E-01 m/s²
    x: -7.271E-01 ~ 4.627E-01  y: -4.736E-01 ~ 9.426E-01
  Acceleration (absolute) (249 nodes): peak = 9.426E-01 m/s²
    x: -7.271E-01 ~ 4.627E-01  y: -4.736E-01 ~ 9.426E-01
  Nodal force / reaction (249 nodes):
    x: -4.058E+06 ~ 1.454E+06  y: -5.816E+06 ~ 1.085E+07  N
    Σx=-1.538E+07  Σy=6.940E+07  N
  Stress (249 gauss points, 4 components):
    Sxx: -5.338E+04 ~ 6.215E+04 Pa
    Syy: -1.923E+05 ~ 1.169E+05 Pa
Block 104: 249 nodes (249 active)
  Ux: 0.000 ~ 0.787 mm
  Uy: 0.000 ~ 1.054 mm
  Velocity (249 nodes): peak = 4.811E-02 m/s
    x: -3.999E-03 ~ 1.704E-02  y: -9.914E-03 ~ 4.811E-02
  Acceleration (relative) (249 nodes): peak = 8.670E-01 m/s²
    x: -7.735E-01 ~ 2.673E-01  y: -8.670E-01 ~ 3.625E-01
  Acceleration (absolute) (249 nodes): peak = 8.670E-01 m/s²
    x: -7.735E-01 ~ 2.673E-01  y: -8.670E-01 ~ 3.625E-01
  Nodal force / reaction (249 nodes):
    x: -8.181E+06 ~ 8.046E+06  y: -1.033E+07 ~ 1.001E+07  N
    Σx=-1.523E+07  Σy=4.744E+07  N
  Stress (249 gauss points, 4 components):
    Sxx: -1.161E+05 ~ 1.298E+05 Pa
    Syy: -8.014E+04 ~ 2.124E+05 Pa
Block 105: 249 nodes (249 active)
  Ux: 0.000 ~ 0.883 mm
  Uy: -0.106 ~ 1.707 mm
  Velocity (249 nodes): peak = 2.554E-02 m/s
    x: -1.951E-02 ~ 8.316E-03  y: -2.554E-02 ~ 1.576E-02
  Acceleration (relative) (249 nodes): peak = 1.076E+00 m/s²
    x: -5.988E-01 ~ 2.116E-01  y: -1.076E+00 ~ 2.278E-01
  Acceleration (absolute) (249 nodes): peak = 1.076E+00 m/s²
    x: -5.988E-01 ~ 2.116E-01  y: -1.076E+00 ~ 2.278E-01
  Nodal force / reaction (249 nodes):
    x: -8.235E+06 ~ 3.290E+04  y: -1.532E+07 ~ 1.080E+07  N
    Σx=-1.109E+08  Σy=-3.222E+07  N
  Stress (249 gauss points, 4 components):
    Sxx: -1.203E+05 ~ 1.421E+05 Pa
    Syy: -8.329E+04 ~ 3.058E+05 Pa
Block 106: 249 nodes (249 active)
  Ux: -0.363 ~ 0.815 mm
  Uy: -1.049 ~ 1.541 mm
  Velocity (249 nodes): peak = 1.784E-02 m/s
    x: -1.629E-02 ~ 1.010E-03  y: -1.784E-02 ~ 8.141E-03
  Acceleration (relative) (249 nodes): peak = 1.387E+00 m/s²
    x: -1.387E+00 ~ 1.684E-01  y: -8.734E-01 ~ 8.761E-01
  Acceleration (absolute) (249 nodes): peak = 1.387E+00 m/s²
    x: -1.387E+00 ~ 1.684E-01  y: -8.734E-01 ~ 8.761E-01
  Nodal force / reaction (249 nodes):
    x: -1.322E+07 ~ 2.422E+06  y: -1.666E+07 ~ 4.736E+06  N
    Σx=-1.053E+08  Σy=-7.530E+07  N
  Stress (249 gauss points, 4 components):
    Sxx: -7.580E+04 ~ 8.660E+04 Pa
    Syy: -8.720E+04 ~ 3.450E+05 Pa
Block 107: 249 nodes (249 active)
  Ux: -1.456 ~ 0.531 mm
  Uy: -1.080 ~ 1.140 mm
  Velocity (249 nodes): peak = 4.487E-02 m/s
    x: -4.487E-02 ~ 0.000E+00  y: -3.035E-02 ~ 1.468E-02
  Acceleration (relative) (249 nodes): peak = 1.601E+00 m/s²
    x: -7.308E-01 ~ 1.601E+00  y: -5.328E-01 ~ 6.172E-01
  Acceleration (absolute) (249 nodes): peak = 1.601E+00 m/s²
    x: -7.308E-01 ~ 1.601E+00  y: -5.328E-01 ~ 6.172E-01
  Nodal force / reaction (249 nodes):
    x: -2.401E+07 ~ 1.223E+07  y: -9.117E+06 ~ 1.264E+06  N
    Σx=-8.279E+07  Σy=-5.764E+07  N
  Stress (249 gauss points, 4 components):
    Sxx: -3.206E+05 ~ 2.964E+05 Pa
    Syy: -7.943E+04 ~ 1.383E+05 Pa
Block 108: 249 nodes (249 active)
  Ux: -2.761 ~ 0.000 mm
  Uy: -0.897 ~ 0.585 mm
  Velocity (249 nodes): peak = 3.511E-02 m/s
    x: -3.483E-02 ~ 5.332E-03  y: -2.967E-02 ~ 2.456E-02
  Acceleration (relative) (249 nodes): peak = 7.868E-01 m/s²
    x: -1.182E-01 ~ 5.497E-01  y: -6.450E-01 ~ 7.868E-01
  Acceleration (absolute) (249 nodes): peak = 7.868E-01 m/s²
    x: -1.182E-01 ~ 5.497E-01  y: -6.450E-01 ~ 7.868E-01
  Nodal force / reaction (249 nodes):
    x: -2.699E+07 ~ 2.343E+07  y: -1.111E+07 ~ 1.134E+07  N
    Σx=-1.975E+07  Σy=-4.140E+07  N
  Stress (249 gauss points, 4 components):
    Sxx: -5.448E+05 ~ 5.425E+05 Pa
    Syy: -1.985E+05 ~ 1.671E+05 Pa
Block 109: 249 nodes (249 active)
  Ux: -3.432 ~ 0.000 mm
  Uy: -1.461 ~ 0.347 mm
  Velocity (249 nodes): peak = 3.362E-02 m/s
    x: -1.202E-02 ~ 1.431E-02  y: -3.362E-02 ~ 4.307E-03
  Acceleration (relative) (249 nodes): peak = 1.337E+00 m/s²
    x: -2.391E-01 ~ 1.337E+00  y: -4.551E-01 ~ 4.228E-01
  Acceleration (absolute) (249 nodes): peak = 1.337E+00 m/s²
    x: -2.391E-01 ~ 1.337E+00  y: -4.551E-01 ~ 4.228E-01
  Nodal force / reaction (249 nodes):
    x: -1.010E+07 ~ 2.652E+07  y: -1.103E+07 ~ 1.619E+07  N
    Σx=1.200E+08  Σy=-3.300E+07  N
  Stress (249 gauss points, 4 components):
    Sxx: -5.965E+05 ~ 6.107E+05 Pa
    Syy: -2.844E+05 ~ 1.074E+05 Pa
Block 110: 249 nodes (249 active)
  Ux: -2.860 ~ 0.025 mm
  Uy: -2.110 ~ 0.386 mm
  Velocity (249 nodes): peak = 3.091E-02 m/s
    x: -2.776E-03 ~ 2.812E-02  y: -2.627E-02 ~ 6.906E-03
  Acceleration (relative) (249 nodes): peak = 8.055E-01 m/s²
    x: -7.775E-01 ~ 6.695E-01  y: -2.715E-01 ~ 8.055E-01
  Acceleration (absolute) (249 nodes): peak = 8.055E-01 m/s²
    x: -7.775E-01 ~ 6.695E-01  y: -2.715E-01 ~ 8.055E-01
  Nodal force / reaction (249 nodes):
    x: -1.161E+07 ~ 2.004E+07  y: -6.977E+06 ~ 1.895E+07  N
    Σx=8.190E+07  Σy=1.101E+07  N
  Stress (249 gauss points, 4 components):
    Sxx: -4.375E+05 ~ 4.402E+05 Pa
    Syy: -3.156E+05 ~ 7.705E+04 Pa
Block 111: 249 nodes (249 active)
  Ux: -2.806 ~ 0.113 mm
  Uy: -2.318 ~ 0.803 mm
  Velocity (249 nodes): peak = 3.223E-02 m/s
    x: -1.813E-02 ~ 3.217E-02  y: -7.119E-03 ~ 1.410E-02
  Acceleration (relative) (249 nodes): peak = 1.128E+00 m/s²
    x: -9.466E-01 ~ 6.909E-01  y: -3.995E-01 ~ 1.128E+00
  Acceleration (absolute) (249 nodes): peak = 1.128E+00 m/s²
    x: -9.466E-01 ~ 6.909E-01  y: -3.995E-01 ~ 1.128E+00
  Nodal force / reaction (249 nodes):
    x: -2.607E+07 ~ 1.794E+07  y: -5.708E+06 ~ 2.204E+07  N
    Σx=-4.937E+07  Σy=7.231E+07  N
  Stress (249 gauss points, 4 components):
    Sxx: -4.610E+05 ~ 4.456E+05 Pa
    Syy: -3.361E+05 ~ 6.414E+04 Pa
Block 112: 249 nodes (249 active)
  Ux: -2.462 ~ 1.030 mm
  Uy: -1.716 ~ 0.997 mm
  Velocity (249 nodes): peak = 2.860E-02 m/s
    x: -6.757E-03 ~ 2.483E-02  y: -6.691E-03 ~ 2.860E-02
  Acceleration (relative) (249 nodes): peak = 8.714E-01 m/s²
    x: -8.714E-01 ~ 6.975E-01  y: -7.339E-01 ~ 6.544E-01
  Acceleration (absolute) (249 nodes): peak = 8.714E-01 m/s²
    x: -8.714E-01 ~ 6.975E-01  y: -7.339E-01 ~ 6.544E-01
  Nodal force / reaction (249 nodes):
    x: -1.088E+07 ~ 1.581E+07  y: -1.757E+06 ~ 1.794E+07  N
    Σx=-6.723E+06  Σy=8.877E+07  N
  Stress (249 gauss points, 4 components):
    Sxx: -4.352E+05 ~ 3.975E+05 Pa
    Syy: -3.038E+05 ~ 7.667E+04 Pa
Block 113: 249 nodes (249 active)
  Ux: -1.986 ~ 1.356 mm
  Uy: -0.684 ~ 0.602 mm
  Velocity (249 nodes): peak = 2.647E-02 m/s
    x: -5.868E-03 ~ 1.397E-02  y: -1.680E-02 ~ 2.647E-02
  Acceleration (relative) (249 nodes): peak = 1.002E+00 m/s²
    x: -4.983E-01 ~ 1.002E+00  y: -8.568E-01 ~ 6.321E-01
  Acceleration (absolute) (249 nodes): peak = 1.002E+00 m/s²
    x: -4.983E-01 ~ 1.002E+00  y: -8.568E-01 ~ 6.321E-01
  Nodal force / reaction (249 nodes):
    x: -6.104E+06 ~ 1.334E+07  y: -7.900E+06 ~ 7.180E+06  N
    Σx=-6.881E+06  Σy=3.994E+07  N
  Stress (249 gauss points, 4 components):
    Sxx: -3.238E+05 ~ 2.851E+05 Pa
    Syy: -1.022E+05 ~ 1.077E+05 Pa
Block 114: 249 nodes (249 active)
  Ux: -1.415 ~ 1.409 mm
  Uy: -0.383 ~ 0.986 mm
  Velocity (249 nodes): peak = 2.022E-02 m/s
    x: -1.379E-02 ~ 1.396E-02  y: -2.022E-02 ~ 1.453E-02
  Acceleration (relative) (249 nodes): peak = 8.205E-01 m/s²
    x: -5.725E-01 ~ 2.898E-01  y: -8.205E-01 ~ 7.723E-01
  Acceleration (absolute) (249 nodes): peak = 8.205E-01 m/s²
    x: -5.725E-01 ~ 2.898E-01  y: -8.205E-01 ~ 7.723E-01
  Nodal force / reaction (249 nodes):
    x: -5.444E+06 ~ 9.642E+06  y: -1.269E+07 ~ 8.470E+06  N
    Σx=-1.059E+07  Σy=-1.808E+07  N
  Stress (249 gauss points, 4 components):
    Sxx: -2.285E+05 ~ 1.810E+05 Pa
    Syy: -8.172E+04 ~ 2.413E+05 Pa
Block 115: 249 nodes (249 active)
  Ux: -0.271 ~ 1.058 mm
  Uy: -0.420 ~ 0.837 mm
  Velocity (249 nodes): peak = 5.088E-02 m/s
    x: -2.457E-02 ~ 5.088E-02  y: -1.042E-02 ~ 2.154E-02
  Acceleration (relative) (249 nodes): peak = 9.372E-01 m/s²
    x: -9.372E-01 ~ 7.279E-01  y: -4.301E-01 ~ 8.713E-01
  Acceleration (absolute) (249 nodes): peak = 9.372E-01 m/s²
    x: -9.372E-01 ~ 7.279E-01  y: -4.301E-01 ~ 8.713E-01
  Nodal force / reaction (249 nodes):
    x: -3.829E+06 ~ 2.046E+07  y: -1.001E+07 ~ 1.172E+07  N
    Σx=1.112E+08  Σy=1.869E+06  N
  Stress (249 gauss points, 4 components):
    Sxx: -6.665E+04 ~ 7.496E+04 Pa
    Syy: -6.533E+04 ~ 2.605E+05 Pa
Block 116: 249 nodes (249 active)
  Ux: -0.425 ~ 1.535 mm
  Uy: -0.040 ~ 1.152 mm
  Velocity (249 nodes): peak = 4.048E-02 m/s
    x: -3.847E-02 ~ 3.151E-02  y: -8.665E-03 ~ 2.200E-02
  Acceleration (relative) (249 nodes): peak = 1.647E+00 m/s²
    x: -1.647E+00 ~ 4.483E-01  y: -1.018E+00 ~ 7.833E-01
  Acceleration (absolute) (249 nodes): peak = 1.647E+00 m/s²
    x: -1.647E+00 ~ 4.483E-01  y: -1.018E+00 ~ 7.833E-01
  Nodal force / reaction (249 nodes):
    x: -1.387E+07 ~ 9.659E+06  y: -1.029E+07 ~ 1.190E+07  N
    Σx=8.335E+06  Σy=3.570E+07  N
  Stress (249 gauss points, 4 components):
    Sxx: -3.340E+05 ~ 3.307E+05 Pa
    Syy: -4.445E+04 ~ 2.038E+05 Pa
Block 117: 249 nodes (249 active)
  Ux: -1.549 ~ 1.484 mm
  Uy: -0.053 ~ 1.595 mm
  Velocity (249 nodes): peak = 3.057E-02 m/s
    x: -2.936E-02 ~ 1.435E-02  y: -1.641E-02 ~ 2.257E-02
  Acceleration (relative) (249 nodes): peak = 1.089E+00 m/s²
    x: -1.089E+00 ~ 8.747E-01  y: -1.001E+00 ~ 6.460E-01
  Acceleration (absolute) (249 nodes): peak = 1.089E+00 m/s²
    x: -1.089E+00 ~ 8.747E-01  y: -1.001E+00 ~ 6.460E-01
  Nodal force / reaction (249 nodes):
    x: -1.247E+07 ~ 1.997E+06  y: -1.586E+07 ~ 1.174E+07  N
    Σx=-8.298E+07  Σy=2.240E+07  N
  Stress (249 gauss points, 4 components):
    Sxx: -2.433E+05 ~ 2.318E+05 Pa
    Syy: -1.079E+05 ~ 3.082E+05 Pa
Block 118: 249 nodes (249 active)
  Ux: -1.869 ~ 0.902 mm
  Uy: -0.203 ~ 1.978 mm
  Velocity (249 nodes): peak = 2.729E-02 m/s
    x: -2.325E-02 ~ 1.499E-02  y: -2.229E-02 ~ 2.729E-02
  Acceleration (relative) (249 nodes): peak = 1.053E+00 m/s²
    x: -6.751E-01 ~ 1.052E+00  y: -8.485E-01 ~ 6.432E-01
  Acceleration (absolute) (249 nodes): peak = 1.053E+00 m/s²
    x: -6.751E-01 ~ 1.052E+00  y: -8.485E-01 ~ 6.432E-01
  Nodal force / reaction (249 nodes):
    x: -5.828E+06 ~ 6.117E+06  y: -1.746E+07 ~ 7.681E+06  N
    Σx=1.168E+07  Σy=-1.851E+07  N
  Stress (249 gauss points, 4 components):
    Sxx: -1.213E+05 ~ 1.300E+05 Pa
    Syy: -8.644E+04 ~ 3.313E+05 Pa
Block 119: 249 nodes (249 active)
  Ux: -0.787 ~ 1.179 mm
  Uy: -0.768 ~ 2.115 mm
  Velocity (249 nodes): peak = 3.604E-02 m/s
    x: -1.624E-02 ~ 3.442E-02  y: -1.886E-02 ~ 5.046E-03
  Acceleration (relative) (249 nodes): peak = 1.268E+00 m/s²
    x: -4.990E-01 ~ 8.568E-01  y: -1.268E+00 ~ 5.413E-01
  Acceleration (absolute) (249 nodes): peak = 1.268E+00 m/s²
    x: -4.990E-01 ~ 8.568E-01  y: -1.268E+00 ~ 5.413E-01
  Nodal force / reaction (249 nodes):
    x: -7.892E+06 ~ 1.810E+07  y: -1.688E+07 ~ 7.416E+06  N
    Σx=8.777E+07  Σy=-6.223E+07  N
  Stress (249 gauss points, 4 components):
    Sxx: -2.031E+05 ~ 1.784E+05 Pa
    Syy: -8.510E+04 ~ 2.688E+05 Pa
Block 120: 249 nodes (249 active)
  Ux: -0.178 ~ 1.738 mm
  Uy: -1.071 ~ 1.235 mm
  Velocity (249 nodes): peak = 3.696E-02 m/s
    x: -8.347E-03 ~ 2.406E-02  y: -3.661E-02 ~ 8.600E-03
  Acceleration (relative) (249 nodes): peak = 7.791E-01 m/s²
    x: -4.798E-01 ~ 6.738E-01  y: -5.589E-01 ~ 7.791E-01
  Acceleration (absolute) (249 nodes): peak = 7.791E-01 m/s²
    x: -4.798E-01 ~ 6.738E-01  y: -5.589E-01 ~ 7.791E-01
  Nodal force / reaction (249 nodes):
    x: -1.374E+07 ~ 1.480E+07  y: -1.519E+07 ~ 6.917E+06  N
    Σx=3.945E+07  Σy=-6.127E+07  N
  Stress (249 gauss points, 4 components):
    Sxx: -3.322E+05 ~ 3.267E+05 Pa
    Syy: -8.962E+04 ~ 2.812E+05 Pa
Block 121: 249 nodes (249 active)
  Ux: -0.155 ~ 2.572 mm
  Uy: -0.882 ~ 0.661 mm
  Velocity (249 nodes): peak = 2.970E-02 m/s
    x: -4.849E-03 ~ 2.970E-02  y: -1.954E-02 ~ 2.097E-02
  Acceleration (relative) (249 nodes): peak = 1.058E+00 m/s²
    x: -6.722E-01 ~ 4.666E-01  y: -3.402E-01 ~ 1.053E+00
  Acceleration (absolute) (249 nodes): peak = 1.058E+00 m/s²
    x: -6.722E-01 ~ 4.666E-01  y: -3.402E-01 ~ 1.053E+00
  Nodal force / reaction (249 nodes):
    x: -2.016E+07 ~ 2.722E+07  y: -7.633E+06 ~ 7.874E+06  N
    Σx=6.531E+07  Σy=2.230E+07  N
  Stress (249 gauss points, 4 components):
    Sxx: -4.790E+05 ~ 4.480E+05 Pa
    Syy: -9.165E+04 ~ 1.440E+05 Pa
Block 122: 249 nodes (249 active)
  Ux: -0.221 ~ 3.087 mm
  Uy: -0.606 ~ 0.551 mm
  Velocity (249 nodes): peak = 3.062E-02 m/s
    x: -2.146E-02 ~ 1.401E-02  y: -1.137E-02 ~ 3.062E-02
  Acceleration (relative) (249 nodes): peak = 7.653E-01 m/s²
    x: -7.351E-01 ~ 3.244E-01  y: -6.472E-01 ~ 7.445E-01
  Acceleration (absolute) (249 nodes): peak = 7.653E-01 m/s²
    x: -7.351E-01 ~ 3.244E-01  y: -6.472E-01 ~ 7.445E-01
  Nodal force / reaction (249 nodes):
    x: -2.361E+07 ~ 1.546E+07  y: -1.686E+06 ~ 8.908E+06  N
    Σx=-4.442E+07  Σy=8.809E+07  N
  Stress (249 gauss points, 4 components):
    Sxx: -5.722E+05 ~ 5.388E+05 Pa
    Syy: -1.099E+05 ~ 8.836E+04 Pa
Block 123: 249 nodes (249 active)
  Ux: -0.269 ~ 3.003 mm
  Uy: -0.729 ~ 0.938 mm
  Velocity (249 nodes): peak = 2.811E-02 m/s
    x: -2.593E-02 ~ 7.747E-03  y: -1.621E-02 ~ 1.716E-02
  Acceleration (relative) (249 nodes): peak = 1.291E+00 m/s²
    x: -1.291E+00 ~ 6.556E-01  y: -1.082E+00 ~ 3.572E-01
  Acceleration (absolute) (249 nodes): peak = 1.291E+00 m/s²
    x: -1.291E+00 ~ 6.556E-01  y: -1.082E+00 ~ 3.572E-01
  Nodal force / reaction (249 nodes):
    x: -2.314E+07 ~ 1.264E+07  y: -6.397E+06 ~ 6.434E+06  N
    Σx=-6.383E+07  Σy=3.871E+07  N
  Stress (249 gauss points, 4 components):
    Sxx: -5.353E+05 ~ 4.979E+05 Pa
    Syy: -6.987E+04 ~ 8.638E+04 Pa
Block 124: 249 nodes (249 active)
  Ux: -0.580 ~ 2.213 mm
  Uy: -0.931 ~ 1.020 mm
  Velocity (249 nodes): peak = 2.811E-02 m/s
    x: -2.665E-02 ~ 1.162E-02  y: -2.811E-02 ~ 1.598E-02
  Acceleration (relative) (249 nodes): peak = 1.031E+00 m/s²
    x: -4.661E-01 ~ 8.810E-01  y: -7.870E-01 ~ 6.185E-01
  Acceleration (absolute) (249 nodes): peak = 1.031E+00 m/s²
    x: -4.661E-01 ~ 8.810E-01  y: -7.870E-01 ~ 6.185E-01
  Nodal force / reaction (249 nodes):
    x: -1.459E+07 ~ 5.023E+06  y: -1.324E+07 ~ 2.170E+06  N
    Σx=-6.443E+07  Σy=-3.561E+07  N
  Stress (249 gauss points, 4 components):
    Sxx: -3.570E+05 ~ 3.182E+05 Pa
    Syy: -6.757E+04 ~ 2.240E+05 Pa
Block 125: 249 nodes (249 active)
  Ux: -0.231 ~ 1.832 mm
  Uy: -1.011 ~ 1.133 mm
  Velocity (249 nodes): peak = 2.832E-02 m/s
    x: -1.413E-02 ~ 1.488E-02  y: -1.656E-02 ~ 2.502E-02
  Acceleration (relative) (249 nodes): peak = 1.233E+00 m/s²
    x: -1.233E+00 ~ 6.087E-01  y: -4.958E-01 ~ 9.214E-01
  Acceleration (absolute) (249 nodes): peak = 1.233E+00 m/s²
    x: -1.233E+00 ~ 6.087E-01  y: -4.958E-01 ~ 9.214E-01
  Nodal force / reaction (249 nodes):
    x: -1.133E+07 ~ 1.191E+07  y: -1.106E+07 ~ 4.409E+06  N
    Σx=2.119E+07  Σy=-6.502E+07  N
  Stress (249 gauss points, 4 components):
    Sxx: -2.709E+05 ~ 2.775E+05 Pa
    Syy: -7.104E+04 ~ 1.396E+05 Pa
Block 126: 249 nodes (249 active)
  Ux: -0.410 ~ 1.211 mm
  Uy: -0.771 ~ 0.772 mm
  Velocity (249 nodes): peak = 2.723E-02 m/s
    x: -2.245E-02 ~ 3.360E-03  y: -1.898E-02 ~ 2.106E-02
  Acceleration (relative) (249 nodes): peak = 1.470E+00 m/s²
    x: -6.337E-01 ~ 1.470E+00  y: -4.921E-01 ~ 4.680E-01
  Acceleration (absolute) (249 nodes): peak = 1.470E+00 m/s²
    x: -6.337E-01 ~ 1.470E+00  y: -4.921E-01 ~ 4.680E-01
  Nodal force / reaction (249 nodes):
    x: -8.283E+06 ~ 4.743E+06  y: -6.612E+06 ~ 9.012E+06  N
    Σx=9.944E+06  Σy=-5.367E+07  N
  Stress (249 gauss points, 4 components):
    Sxx: -1.413E+05 ~ 2.069E+05 Pa
    Syy: -1.734E+05 ~ 9.475E+04 Pa
Block 127: 249 nodes (249 active)
  Ux: -0.817 ~ 0.696 mm
  Uy: -0.930 ~ 1.065 mm
  Velocity (249 nodes): peak = 2.032E-02 m/s
    x: -1.845E-02 ~ 5.522E-03  y: -1.813E-02 ~ 1.822E-02
  Acceleration (relative) (249 nodes): peak = 9.305E-01 m/s²
    x: -9.305E-01 ~ 5.127E-01  y: -7.320E-01 ~ 6.126E-01
  Acceleration (absolute) (249 nodes): peak = 9.305E-01 m/s²
    x: -9.305E-01 ~ 5.127E-01  y: -7.320E-01 ~ 6.126E-01
  Nodal force / reaction (249 nodes):
    x: -6.547E+06 ~ 3.414E+06  y: -9.010E+06 ~ 9.423E+06  N
    Σx=-3.602E+07  Σy=-3.474E+07  N
  Stress (249 gauss points, 4 components):
    Sxx: -6.540E+04 ~ 1.036E+05 Pa
    Syy: -2.087E+05 ~ 8.463E+04 Pa
Block 128: 249 nodes (249 active)
  Ux: -1.072 ~ 0.123 mm
  Uy: -0.840 ~ 0.519 mm
  Velocity (249 nodes): peak = 2.436E-02 m/s
    x: -1.513E-02 ~ 6.938E-03  y: -2.371E-02 ~ 1.896E-02
  Acceleration (relative) (249 nodes): peak = 7.981E-01 m/s²
    x: -2.151E-01 ~ 5.701E-01  y: -6.738E-01 ~ 5.898E-01
  Acceleration (absolute) (249 nodes): peak = 7.981E-01 m/s²
    x: -2.151E-01 ~ 5.701E-01  y: -6.738E-01 ~ 5.898E-01
  Nodal force / reaction (249 nodes):
    x: -4.359E+06 ~ 4.180E+06  y: -9.598E+06 ~ 9.832E+06  N
    Σx=-7.165E+06  Σy=-4.852E+06  N
  Stress (249 gauss points, 4 components):
    Sxx: -9.049E+04 ~ 7.448E+04 Pa
    Syy: -2.126E+05 ~ 9.143E+04 Pa
Block 129: 249 nodes (249 active)
  Ux: -0.547 ~ 0.224 mm
  Uy: -1.035 ~ 0.771 mm
  Velocity (249 nodes): peak = 2.598E-02 m/s
    x: -4.951E-03 ~ 2.103E-02  y: -1.667E-02 ~ 5.983E-03
  Acceleration (relative) (249 nodes): peak = 1.378E+00 m/s²
    x: -1.378E+00 ~ 5.680E-01  y: -7.516E-01 ~ 7.371E-01
  Acceleration (absolute) (249 nodes): peak = 1.378E+00 m/s²
    x: -1.378E+00 ~ 5.680E-01  y: -7.516E-01 ~ 7.371E-01
  Nodal force / reaction (249 nodes):
    x: -2.102E+06 ~ 3.106E+06  y: -5.934E+06 ~ 1.143E+07  N
    Σx=1.535E+07  Σy=-4.303E+06  N
  Stress (249 gauss points, 4 components):
    Sxx: -6.709E+04 ~ 4.503E+04 Pa
    Syy: -2.492E+05 ~ 7.234E+04 Pa
Block 130: 249 nodes (249 active)
  Ux: -0.241 ~ 0.511 mm
  Uy: -1.149 ~ 0.542 mm
  Velocity (249 nodes): peak = 2.507E-02 m/s
    x: -7.780E-03 ~ 2.503E-02  y: -1.379E-02 ~ 1.003E-02
  Acceleration (relative) (249 nodes): peak = 1.771E+00 m/s²
    x: -1.771E+00 ~ 2.454E-01  y: -5.461E-01 ~ 8.506E-01
  Acceleration (absolute) (249 nodes): peak = 1.771E+00 m/s²
    x: -1.771E+00 ~ 2.454E-01  y: -5.461E-01 ~ 8.506E-01
  Nodal force / reaction (249 nodes):
    x: -7.964E+06 ~ 2.340E+06  y: -4.236E+06 ~ 7.794E+06  N
    Σx=-4.381E+07  Σy=8.475E+06  N
  Stress (249 gauss points, 4 components):
    Sxx: -5.383E+04 ~ 7.066E+04 Pa
    Syy: -1.664E+05 ~ 5.345E+04 Pa
Block 131: 249 nodes (249 active)
  Ux: -0.375 ~ 1.190 mm
  Uy: -1.014 ~ 0.141 mm
  Velocity (249 nodes): peak = 1.258E-02 m/s
    x: -6.642E-03 ~ 1.183E-02  y: -1.013E-02 ~ 1.183E-02
  Acceleration (relative) (249 nodes): peak = 2.869E+00 m/s²
    x: -6.523E-01 ~ 2.869E+00  y: -6.180E-01 ~ 6.427E-01
  Acceleration (absolute) (249 nodes): peak = 2.869E+00 m/s²
    x: -6.523E-01 ~ 2.869E+00  y: -6.180E-01 ~ 6.427E-01
  Nodal force / reaction (249 nodes):
    x: -1.670E+06 ~ 1.205E+07  y: -6.706E+06 ~ 7.880E+06  N
    Σx=6.618E+07  Σy=2.952E+07  N
  Stress (249 gauss points, 4 components):
    Sxx: -5.674E+04 ~ 1.171E+05 Pa
    Syy: -1.416E+05 ~ 4.762E+04 Pa
Block 132: 249 nodes (249 active)
  Ux: -0.018 ~ 1.093 mm
  Uy: -0.706 ~ 0.211 mm
  Velocity (249 nodes): peak = 3.275E-02 m/s
    x: -1.642E-02 ~ 3.275E-02  y: -2.581E-03 ~ 2.287E-02
  Acceleration (relative) (249 nodes): peak = 2.263E+00 m/s²
    x: -2.263E+00 ~ 9.568E-01  y: -4.762E-01 ~ 7.411E-01
  Acceleration (absolute) (249 nodes): peak = 2.263E+00 m/s²
    x: -2.263E+00 ~ 9.568E-01  y: -4.762E-01 ~ 7.411E-01
  Nodal force / reaction (249 nodes):
    x: -8.364E+06 ~ 1.851E+07  y: -1.959E+06 ~ 6.078E+06  N
    Σx=6.204E+07  Σy=5.536E+07  N
  Stress (249 gauss points, 4 components):
    Sxx: -2.046E+05 ~ 2.239E+05 Pa
    Syy: -1.225E+05 ~ 3.388E+04 Pa
Block 133: 249 nodes (249 active)
  Ux: 0.000 ~ 1.346 mm
  Uy: -0.415 ~ 0.395 mm
  Velocity (249 nodes): peak = 2.629E-02 m/s
    x: -2.409E-02 ~ 2.172E-02  y: -9.413E-03 ~ 2.629E-02
  Acceleration (relative) (249 nodes): peak = 1.203E+00 m/s²
    x: -1.203E+00 ~ 7.539E-01  y: -6.350E-01 ~ 3.703E-01
  Acceleration (absolute) (249 nodes): peak = 1.203E+00 m/s²
    x: -1.203E+00 ~ 7.539E-01  y: -6.350E-01 ~ 3.703E-01
  Nodal force / reaction (249 nodes):
    x: -1.194E+07 ~ 3.461E+06  y: -3.274E+06 ~ 8.545E+06  N
    Σx=-5.406E+07  Σy=2.777E+07  N
  Stress (249 gauss points, 4 components):
    Sxx: -2.742E+05 ~ 2.831E+05 Pa
    Syy: -1.012E+05 ~ 6.756E+04 Pa
Block 134: 249 nodes (249 active)
  Ux: -0.454 ~ 1.425 mm
  Uy: -0.152 ~ 0.766 mm
  Velocity (249 nodes): peak = 2.109E-02 m/s
    x: -1.041E-02 ~ 9.481E-03  y: -6.384E-03 ~ 2.109E-02
  Acceleration (relative) (249 nodes): peak = 1.105E+00 m/s²
    x: -1.053E+00 ~ 4.825E-01  y: -9.295E-01 ~ 1.105E+00
  Acceleration (absolute) (249 nodes): peak = 1.105E+00 m/s²
    x: -1.053E+00 ~ 4.825E-01  y: -9.295E-01 ~ 1.105E+00
  Nodal force / reaction (249 nodes):
    x: -1.080E+07 ~ 5.784E+06  y: -7.903E+06 ~ 6.002E+06  N
    Σx=-3.876E+07  Σy=9.380E+06  N
  Stress (249 gauss points, 4 components):
    Sxx: -2.263E+05 ~ 2.271E+05 Pa
    Syy: -1.227E+05 ~ 1.236E+05 Pa
Block 135: 249 nodes (249 active)
  Ux: -0.526 ~ 1.013 mm
  Uy: -0.142 ~ 1.048 mm
  Velocity (249 nodes): peak = 2.452E-02 m/s
    x: -1.438E-02 ~ 4.010E-03  y: -8.359E-03 ~ 2.452E-02
  Acceleration (relative) (249 nodes): peak = 1.422E+00 m/s²
    x: -4.887E-01 ~ 9.661E-01  y: -1.422E+00 ~ 5.253E-01
  Acceleration (absolute) (249 nodes): peak = 1.422E+00 m/s²
    x: -4.887E-01 ~ 9.661E-01  y: -1.422E+00 ~ 5.253E-01
  Nodal force / reaction (249 nodes):
    x: -6.431E+06 ~ 4.369E+06  y: -7.295E+06 ~ 4.533E+06  N
    Σx=-1.625E+07  Σy=-1.323E+07  N
  Stress (249 gauss points, 4 components):
    Sxx: -1.323E+05 ~ 1.601E+05 Pa
    Syy: -4.234E+04 ~ 1.275E+05 Pa
Block 136: 249 nodes (249 active)
  Ux: -0.600 ~ 1.599 mm
  Uy: -0.263 ~ 1.177 mm
  Velocity (249 nodes): peak = 3.740E-02 m/s
    x: -1.276E-02 ~ 3.740E-02  y: -1.520E-02 ~ 1.338E-02
  Acceleration (relative) (249 nodes): peak = 1.583E+00 m/s²
    x: -1.583E+00 ~ 1.121E+00  y: -1.176E+00 ~ 8.680E-01
  Acceleration (absolute) (249 nodes): peak = 1.583E+00 m/s²
    x: -1.583E+00 ~ 1.121E+00  y: -1.176E+00 ~ 8.680E-01
  Nodal force / reaction (249 nodes):
    x: -1.181E+07 ~ 2.674E+07  y: -1.218E+07 ~ 5.088E+06  N
    Σx=1.203E+08  Σy=-4.936E+07  N
  Stress (249 gauss points, 4 components):
    Sxx: -2.559E+05 ~ 3.185E+05 Pa
    Syy: -3.621E+04 ~ 1.265E+05 Pa
Block 137: 249 nodes (249 active)
  Ux: -0.556 ~ 2.235 mm
  Uy: -0.527 ~ 1.007 mm
  Velocity (249 nodes): peak = 2.319E-02 m/s
    x: -1.194E-02 ~ 2.316E-02  y: -1.824E-02 ~ 7.114E-03
  Acceleration (relative) (249 nodes): peak = 1.518E+00 m/s²
    x: -7.275E-01 ~ 5.839E-01  y: -1.133E+00 ~ 1.518E+00
  Acceleration (absolute) (249 nodes): peak = 1.518E+00 m/s²
    x: -7.275E-01 ~ 5.839E-01  y: -1.133E+00 ~ 1.518E+00
  Nodal force / reaction (249 nodes):
    x: -1.621E+07 ~ 1.753E+07  y: -1.633E+07 ~ 7.716E+06  N
    Σx=3.928E+07  Σy=-4.357E+07  N
  Stress (249 gauss points, 4 components):
    Sxx: -3.750E+05 ~ 4.562E+05 Pa
    Syy: -6.895E+04 ~ 2.877E+05 Pa
Block 138: 249 nodes (249 active)
  Ux: -0.360 ~ 2.854 mm
  Uy: -0.422 ~ 0.837 mm
  Velocity (249 nodes): peak = 2.914E-02 m/s
    x: -4.378E-03 ~ 2.914E-02  y: -1.682E-02 ~ 1.612E-02
  Acceleration (relative) (249 nodes): peak = 1.542E+00 m/s²
    x: -5.641E-01 ~ 1.122E+00  y: -8.077E-01 ~ 1.542E+00
  Acceleration (absolute) (249 nodes): peak = 1.542E+00 m/s²
    x: -5.641E-01 ~ 1.122E+00  y: -8.077E-01 ~ 1.542E+00
  Nodal force / reaction (249 nodes):
    x: -2.160E+07 ~ 3.447E+07  y: -9.237E+06 ~ 6.313E+06  N
    Σx=1.009E+08  Σy=1.415E+07  N
  Stress (249 gauss points, 4 components):
    Sxx: -4.899E+05 ~ 5.186E+05 Pa
    Syy: -9.305E+04 ~ 1.432E+05 Pa
Block 139: 249 nodes (249 active)
  Ux: -0.253 ~ 4.339 mm
  Uy: -0.417 ~ 1.013 mm
  Velocity (249 nodes): peak = 3.285E-02 m/s
    x: -6.581E-03 ~ 3.285E-02  y: -1.520E-02 ~ 2.210E-02
  Acceleration (relative) (249 nodes): peak = 2.227E+00 m/s²
    x: -2.227E+00 ~ 5.240E-01  y: -1.467E+00 ~ 6.345E-01
  Acceleration (absolute) (249 nodes): peak = 2.227E+00 m/s²
    x: -2.227E+00 ~ 5.240E-01  y: -1.467E+00 ~ 6.345E-01
  Nodal force / reaction (249 nodes):
    x: -3.259E+07 ~ 3.900E+07  y: -1.115E+07 ~ 1.066E+07  N
    Σx=5.649E+07  Σy=6.560E+07  N
  Stress (249 gauss points, 4 components):
    Sxx: -7.829E+05 ~ 8.334E+05 Pa
    Syy: -4.220E+04 ~ 1.190E+05 Pa
Block 140: 249 nodes (249 active)
  Ux: -0.222 ~ 4.969 mm
  Uy: -0.698 ~ 1.652 mm
  Velocity (249 nodes): peak = 2.896E-02 m/s
    x: -1.470E-02 ~ 2.053E-02  y: -2.896E-02 ~ 2.667E-02
  Acceleration (relative) (249 nodes): peak = 1.008E+00 m/s²
    x: -1.007E+00 ~ 6.050E-01  y: -9.065E-01 ~ 3.821E-01
  Acceleration (absolute) (249 nodes): peak = 1.008E+00 m/s²
    x: -1.007E+00 ~ 6.050E-01  y: -9.065E-01 ~ 3.821E-01
  Nodal force / reaction (249 nodes):
    x: -3.775E+07 ~ 2.726E+07  y: -1.842E+07 ~ 1.197E+07  N
    Σx=-5.863E+07  Σy=2.816E+07  N
  Stress (249 gauss points, 4 components):
    Sxx: -8.935E+05 ~ 9.009E+05 Pa
    Syy: -7.591E+04 ~ 3.188E+05 Pa
Block 141: 249 nodes (249 active)
  Ux: -0.101 ~ 3.865 mm
  Uy: -1.126 ~ 2.102 mm
  Velocity (249 nodes): peak = 6.222E-02 m/s
    x: -6.222E-02 ~ 1.873E-02  y: -1.579E-02 ~ 2.127E-02
  Acceleration (relative) (249 nodes): peak = 1.293E+00 m/s²
    x: -1.293E+00 ~ 3.134E-01  y: -1.147E+00 ~ 1.101E+00
  Acceleration (absolute) (249 nodes): peak = 1.293E+00 m/s²
    x: -1.293E+00 ~ 3.134E-01  y: -1.147E+00 ~ 1.101E+00
  Nodal force / reaction (249 nodes):
    x: -2.571E+07 ~ 1.401E+04  y: -2.065E+07 ~ 6.826E+06  N
    Σx=-2.337E+08  Σy=-6.501E+06  N
  Stress (249 gauss points, 4 components):
    Sxx: -5.891E+05 ~ 5.697E+05 Pa
    Syy: -1.039E+05 ~ 3.658E+05 Pa
Block 142: 249 nodes (249 active)
  Ux: -0.551 ~ 1.272 mm
  Uy: -1.148 ~ 2.232 mm
  Velocity (249 nodes): peak = 8.928E-02 m/s
    x: -8.928E-02 ~ 2.399E-03  y: -4.318E-02 ~ 1.422E-02
  Acceleration (relative) (249 nodes): peak = 1.696E+00 m/s²
    x: -9.295E-01 ~ 1.696E+00  y: -1.280E+00 ~ 6.979E-01
  Acceleration (absolute) (249 nodes): peak = 1.696E+00 m/s²
    x: -9.295E-01 ~ 1.696E+00  y: -1.280E+00 ~ 6.979E-01
  Nodal force / reaction (249 nodes):
    x: -3.175E+07 ~ 4.073E+06  y: -1.858E+07 ~ 4.022E+06  N
    Σx=-2.191E+08  Σy=-6.674E+07  N
  Stress (249 gauss points, 4 components):
    Sxx: -1.545E+05 ~ 1.683E+05 Pa
    Syy: -1.302E+05 ~ 2.763E+05 Pa
Block 143: 249 nodes (249 active)
  Ux: -2.209 ~ 0.261 mm
  Uy: -1.140 ~ 1.776 mm
  Velocity (249 nodes): peak = 5.608E-02 m/s
    x: -5.607E-02 ~ 9.127E-03  y: -5.375E-02 ~ 1.723E-02
  Acceleration (relative) (249 nodes): peak = 1.677E+00 m/s²
    x: -4.502E-01 ~ 1.677E+00  y: -1.235E+00 ~ 1.179E+00
  Acceleration (absolute) (249 nodes): peak = 1.677E+00 m/s²
    x: -4.502E-01 ~ 1.677E+00  y: -1.235E+00 ~ 1.179E+00
  Nodal force / reaction (249 nodes):
    x: -1.838E+07 ~ 2.491E+07  y: -1.810E+07 ~ 1.168E+07  N
    Σx=4.703E+06  Σy=-1.337E+08  N
  Stress (249 gauss points, 4 components):
    Sxx: -4.768E+05 ~ 5.358E+05 Pa
    Syy: -3.312E+05 ~ 3.497E+05 Pa
Block 144: 249 nodes (249 active)
  Ux: -2.833 ~ 0.111 mm
  Uy: -2.103 ~ 0.642 mm
  Velocity (249 nodes): peak = 7.027E-02 m/s
    x: -2.846E-02 ~ 2.880E-02  y: -7.022E-02 ~ 1.825E-02
  Acceleration (relative) (249 nodes): peak = 2.699E+00 m/s²
    x: -2.979E-01 ~ 2.699E+00  y: -6.050E-01 ~ 9.106E-01
  Acceleration (absolute) (249 nodes): peak = 2.699E+00 m/s²
    x: -2.979E-01 ~ 2.699E+00  y: -6.050E-01 ~ 9.106E-01
  Nodal force / reaction (249 nodes):
    x: -5.137E+05 ~ 2.690E+07  y: -2.564E+07 ~ 1.486E+07  N
    Σx=2.386E+08  Σy=-1.467E+08  N
  Stress (249 gauss points, 4 components):
    Sxx: -4.148E+05 ~ 5.452E+05 Pa
    Syy: -3.299E+05 ~ 2.238E+05 Pa
Block 145: 249 nodes (249 active)
  Ux: -1.893 ~ 0.204 mm
  Uy: -3.511 ~ 0.728 mm
  Velocity (249 nodes): peak = 5.584E-02 m/s
    x: -1.433E-02 ~ 4.622E-02  y: -5.584E-02 ~ 4.210E-02
  Acceleration (relative) (249 nodes): peak = 1.512E+00 m/s²
    x: -5.015E-01 ~ 1.041E+00  y: -5.590E-01 ~ 1.512E+00
  Acceleration (absolute) (249 nodes): peak = 1.512E+00 m/s²
    x: -5.015E-01 ~ 1.041E+00  y: -5.590E-01 ~ 1.512E+00
  Nodal force / reaction (249 nodes):
    x: -1.013E+06 ~ 1.614E+07  y: -1.504E+07 ~ 2.680E+07  N
    Σx=1.806E+08  Σy=-5.842E+06  N
  Stress (249 gauss points, 4 components):
    Sxx: -2.645E+05 ~ 2.915E+05 Pa
    Syy: -5.125E+05 ~ 1.753E+05 Pa
Block 146: 249 nodes (249 active)
  Ux: -1.155 ~ 0.827 mm
  Uy: -3.898 ~ 2.162 mm
  Velocity (249 nodes): peak = 4.396E-02 m/s
    x: -4.600E-03 ~ 3.896E-02  y: -2.101E-02 ~ 4.396E-02
  Acceleration (relative) (249 nodes): peak = 1.705E+00 m/s²
    x: -1.404E+00 ~ 7.526E-01  y: -1.284E+00 ~ 1.701E+00
  Acceleration (absolute) (249 nodes): peak = 1.705E+00 m/s²
    x: -1.404E+00 ~ 7.526E-01  y: -1.284E+00 ~ 1.701E+00
  Nodal force / reaction (249 nodes):
    x: -8.716E+06 ~ 8.304E+06  y: -6.480E+06 ~ 3.065E+07  N
    Σx=5.213E+07  Σy=1.636E+08  N
  Stress (249 gauss points, 4 components):
    Sxx: -1.818E+05 ~ 1.792E+05 Pa
    Syy: -5.817E+05 ~ 1.775E+05 Pa
Block 147: 249 nodes (249 active)
  Ux: -0.723 ~ 0.850 mm
  Uy: -2.432 ~ 2.750 mm
  Velocity (249 nodes): peak = 6.944E-02 m/s
    x: -2.121E-02 ~ 3.373E-02  y: -3.465E-02 ~ 6.929E-02
  Acceleration (relative) (249 nodes): peak = 1.853E+00 m/s²
    x: -1.853E+00 ~ 8.237E-01  y: -1.654E+00 ~ 8.280E-01
  Acceleration (absolute) (249 nodes): peak = 1.853E+00 m/s²
    x: -1.853E+00 ~ 8.237E-01  y: -1.654E+00 ~ 8.280E-01
  Nodal force / reaction (249 nodes):
    x: -1.062E+07 ~ 2.848E+05  y: 0.000E+00 ~ 1.751E+07  N
    Σx=-1.315E+08  Σy=1.902E+08  N
  Stress (249 gauss points, 4 components):
    Sxx: -1.560E+05 ~ 1.787E+05 Pa
    Syy: -3.392E+05 ~ 2.121E+05 Pa
Block 148: 249 nodes (249 active)
  Ux: -0.007 ~ 1.243 mm
  Uy: -1.687 ~ 1.237 mm
  Velocity (249 nodes): peak = 6.175E-02 m/s
    x: -1.285E-02 ~ 4.358E-02  y: -6.175E-02 ~ 5.600E-02
  Acceleration (relative) (249 nodes): peak = 1.146E+00 m/s²
    x: -8.132E-01 ~ 9.735E-01  y: -1.123E+00 ~ 8.494E-01
  Acceleration (absolute) (249 nodes): peak = 1.146E+00 m/s²
    x: -8.132E-01 ~ 9.735E-01  y: -1.123E+00 ~ 8.494E-01
  Nodal force / reaction (249 nodes):
    x: -1.182E+07 ~ 1.330E+07  y: -9.871E+06 ~ 1.110E+07  N
    Σx=-2.383E+07  Σy=5.418E+07  N
  Stress (249 gauss points, 4 components):
    Sxx: -1.900E+05 ~ 1.974E+05 Pa
    Syy: -1.087E+05 ~ 2.174E+05 Pa
Block 149: 249 nodes (249 active)
  Ux: 0.000 ~ 2.179 mm
  Uy: -1.674 ~ 2.092 mm
  Velocity (249 nodes): peak = 5.083E-02 m/s
    x: -1.785E-02 ~ 4.039E-02  y: -5.083E-02 ~ 2.578E-02
  Acceleration (relative) (249 nodes): peak = 1.549E+00 m/s²
    x: -1.027E+00 ~ 1.143E+00  y: -1.265E+00 ~ 1.281E+00
  Acceleration (absolute) (249 nodes): peak = 1.549E+00 m/s²
    x: -1.027E+00 ~ 1.143E+00  y: -1.265E+00 ~ 1.281E+00
  Nodal force / reaction (249 nodes):
    x: -9.999E+06 ~ 1.942E+07  y: -2.268E+07 ~ 1.413E+07  N
    Σx=2.042E+07  Σy=-7.020E+07  N
  Stress (249 gauss points, 4 components):
    Sxx: -2.121E+05 ~ 2.016E+05 Pa
    Syy: -2.143E+05 ~ 4.204E+05 Pa
Block 150: 249 nodes (249 active)
  Ux: -0.161 ~ 2.705 mm
  Uy: -2.153 ~ 1.641 mm
  Velocity (249 nodes): peak = 5.863E-02 m/s
    x: -2.769E-02 ~ 2.383E-02  y: -2.753E-02 ~ 5.170E-02
  Acceleration (relative) (249 nodes): peak = 1.822E+00 m/s²
    x: -1.819E+00 ~ 4.038E-01  y: -6.690E-01 ~ 1.401E+00
  Acceleration (absolute) (249 nodes): peak = 1.822E+00 m/s²
    x: -1.819E+00 ~ 4.038E-01  y: -6.690E-01 ~ 1.401E+00
  Nodal force / reaction (249 nodes):
    x: -1.540E+07 ~ 1.950E+07  y: -2.203E+07 ~ 9.584E+06  N
    Σx=2.159E+07  Σy=-7.843E+07  N
  Stress (249 gauss points, 4 components):
    Sxx: -3.647E+05 ~ 3.945E+05 Pa
    Syy: -1.985E+05 ~ 4.143E+05 Pa
Block 151: 249 nodes (249 active)
  Ux: -0.357 ~ 1.908 mm
  Uy: -1.131 ~ 1.775 mm
  Velocity (249 nodes): peak = 7.979E-02 m/s
    x: -7.442E-02 ~ 4.964E-03  y: -2.265E-02 ~ 4.306E-02
  Acceleration (relative) (249 nodes): peak = 1.407E+00 m/s²
    x: -1.170E+00 ~ 1.230E+00  y: -1.204E+00 ~ 8.130E-01
  Acceleration (absolute) (249 nodes): peak = 1.407E+00 m/s²
    x: -1.170E+00 ~ 1.230E+00  y: -1.204E+00 ~ 8.130E-01
  Nodal force / reaction (249 nodes):
    x: -1.341E+07 ~ 3.970E+06  y: -1.037E+07 ~ 4.319E+06  N
    Σx=-6.197E+07  Σy=-5.258E+06  N
  Stress (249 gauss points, 4 components):
    Sxx: -2.728E+05 ~ 3.345E+05 Pa
    Syy: -6.377E+04 ~ 2.154E+05 Pa
Block 152: 249 nodes (249 active)
  Ux: -2.229 ~ 1.493 mm
  Uy: -0.351 ~ 1.956 mm
  Velocity (249 nodes): peak = 6.868E-02 m/s
    x: -6.654E-02 ~ 1.167E-02  y: -2.087E-02 ~ 2.498E-02
  Acceleration (relative) (249 nodes): peak = 1.620E+00 m/s²
    x: -3.787E-01 ~ 1.236E+00  y: -1.221E+00 ~ 6.329E-01
  Acceleration (absolute) (249 nodes): peak = 1.620E+00 m/s²
    x: -3.787E-01 ~ 1.236E+00  y: -1.221E+00 ~ 6.329E-01
  Nodal force / reaction (249 nodes):
    x: -1.019E+07 ~ 1.302E+07  y: -3.882E+06 ~ 7.491E+06  N
    Σx=4.198E+07  Σy=1.358E+07  N
  Stress (249 gauss points, 4 components):
    Sxx: -2.039E+05 ~ 2.428E+05 Pa
    Syy: -6.472E+04 ~ 1.785E+05 Pa
Block 153: 249 nodes (249 active)
  Ux: -3.564 ~ 0.747 mm
  Uy: -0.115 ~ 1.238 mm
  Velocity (249 nodes): peak = 4.053E-02 m/s
    x: -3.058E-02 ~ 1.208E-02  y: -3.869E-02 ~ 1.450E-02
  Acceleration (relative) (249 nodes): peak = 2.025E+00 m/s²
    x: -4.068E-01 ~ 2.022E+00  y: -9.626E-01 ~ 2.089E-01
  Acceleration (absolute) (249 nodes): peak = 2.025E+00 m/s²
    x: -4.068E-01 ~ 2.022E+00  y: -9.626E-01 ~ 2.089E-01
  Nodal force / reaction (249 nodes):
    x: -4.528E+06 ~ 4.743E+06  y: -5.405E+06 ~ 3.983E+06  N
    Σx=2.443E+06  Σy=-3.541E+07  N
  Stress (249 gauss points, 4 components):
    Sxx: -2.371E+05 ~ 1.466E+05 Pa
    Syy: -1.097E+04 ~ 1.932E+05 Pa
Block 154: 249 nodes (249 active)
  Ux: -2.075 ~ 0.444 mm
  Uy: -0.685 ~ 0.627 mm
  Velocity (249 nodes): peak = 6.697E-02 m/s
    x: -7.396E-03 ~ 6.499E-02  y: -3.291E-02 ~ 3.007E-03
  Acceleration (relative) (249 nodes): peak = 1.229E+00 m/s²
    x: -9.680E-02 ~ 1.229E+00  y: -6.163E-01 ~ 8.225E-01
  Acceleration (absolute) (249 nodes): peak = 1.229E+00 m/s²
    x: -9.680E-02 ~ 1.229E+00  y: -6.163E-01 ~ 8.225E-01
  Nodal force / reaction (249 nodes):
    x: -3.033E+06 ~ 1.905E+07  y: -8.430E+06 ~ 8.300E+05  N
    Σx=1.363E+08  Σy=-7.579E+07  N
  Stress (249 gauss points, 4 components):
    Sxx: -1.232E+05 ~ 8.905E+04 Pa
    Syy: -8.411E+04 ~ 1.132E+05 Pa
Block 155: 249 nodes (249 active)
  Ux: -0.432 ~ 1.445 mm
  Uy: -0.974 ~ 0.338 mm
  Velocity (249 nodes): peak = 5.997E-02 m/s
    x: -4.015E-03 ~ 5.984E-02  y: -1.671E-02 ~ 9.184E-03
  Acceleration (relative) (249 nodes): peak = 1.185E+00 m/s²
    x: -1.034E+00 ~ 6.345E-01  y: -3.376E-01 ~ 1.185E+00
  Acceleration (absolute) (249 nodes): peak = 1.185E+00 m/s²
    x: -1.034E+00 ~ 6.345E-01  y: -3.376E-01 ~ 1.185E+00
  Nodal force / reaction (249 nodes):
    x: -1.129E+07 ~ 1.949E+07  y: -5.698E+06 ~ 8.696E+06  N
    Σx=8.332E+07  Σy=-4.847E+06  N
  Stress (249 gauss points, 4 components):
    Sxx: -2.331E+05 ~ 3.048E+05 Pa
    Syy: -9.752E+04 ~ 6.372E+04 Pa
Block 156: 249 nodes (249 active)
  Ux: -0.131 ~ 2.308 mm
  Uy: -0.952 ~ 0.202 mm
  Velocity (249 nodes): peak = 2.703E-02 m/s
    x: 0.000E+00 ~ 2.529E-02  y: -1.771E-02 ~ 1.906E-02
  Acceleration (relative) (249 nodes): peak = 1.434E+00 m/s²
    x: -1.375E+00 ~ 5.822E-01  y: -7.191E-01 ~ 6.709E-01
  Acceleration (absolute) (249 nodes): peak = 1.434E+00 m/s²
    x: -1.375E+00 ~ 5.822E-01  y: -7.191E-01 ~ 6.709E-01
  Nodal force / reaction (249 nodes):
    x: -1.756E+07 ~ 2.459E+07  y: -2.850E+06 ~ 1.280E+07  N
    Σx=3.369E+07  Σy=5.974E+07  N
  Stress (249 gauss points, 4 components):
    Sxx: -4.017E+05 ~ 4.495E+05 Pa
    Syy: -1.545E+05 ~ 6.922E+04 Pa
Block 157: 249 nodes (249 active)
  Ux: 0.000 ~ 3.253 mm
  Uy: -1.064 ~ 0.604 mm
  Velocity (249 nodes): peak = 2.872E-02 m/s
    x: -2.450E-02 ~ 1.724E-02  y: -1.620E-02 ~ 1.940E-02
  Acceleration (relative) (249 nodes): peak = 2.060E+00 m/s²
    x: -2.060E+00 ~ 1.765E-01  y: -5.644E-01 ~ 7.603E-01
  Acceleration (absolute) (249 nodes): peak = 2.060E+00 m/s²
    x: -2.060E+00 ~ 1.765E-01  y: -5.644E-01 ~ 7.603E-01
  Nodal force / reaction (249 nodes):
    x: -2.628E+07 ~ 1.860E+07  y: -5.061E+06 ~ 7.872E+06  N
    Σx=-7.452E+07  Σy=9.204E+07  N
  Stress (249 gauss points, 4 components):
    Sxx: -5.885E+05 ~ 5.949E+05 Pa
    Syy: -1.212E+05 ~ 6.405E+04 Pa
Block 158: 249 nodes (249 active)
  Ux: 0.000 ~ 2.652 mm
  Uy: -1.246 ~ 0.910 mm
  Velocity (249 nodes): peak = 3.620E-02 m/s
    x: -3.620E-02 ~ 2.486E-03  y: -1.588E-02 ~ 1.782E-02
  Acceleration (relative) (249 nodes): peak = 1.232E+00 m/s²
    x: -1.227E+00 ~ 5.044E-01  y: -8.911E-01 ~ 6.424E-01
  Acceleration (absolute) (249 nodes): peak = 1.232E+00 m/s²
    x: -1.227E+00 ~ 5.044E-01  y: -8.911E-01 ~ 6.424E-01
  Nodal force / reaction (249 nodes):
    x: -2.112E+07 ~ 3.365E+05  y: -4.991E+06 ~ 9.149E+06  N
    Σx=-1.769E+08  Σy=3.725E+07  N
  Stress (249 gauss points, 4 components):
    Sxx: -4.661E+05 ~ 4.341E+05 Pa
    Syy: -8.976E+04 ~ 1.365E+05 Pa
Block 159: 249 nodes (249 active)
  Ux: 0.000 ~ 1.397 mm
  Uy: -0.896 ~ 1.165 mm
  Velocity (249 nodes): peak = 3.818E-02 m/s
    x: -3.768E-02 ~ 2.795E-03  y: -1.750E-02 ~ 2.388E-02
  Acceleration (relative) (249 nodes): peak = 1.095E+00 m/s²
    x: -5.541E-01 ~ 9.341E-01  y: -1.095E+00 ~ 9.729E-01
  Acceleration (absolute) (249 nodes): peak = 1.095E+00 m/s²
    x: -5.541E-01 ~ 9.341E-01  y: -1.095E+00 ~ 9.729E-01
  Nodal force / reaction (249 nodes):
    x: -8.574E+06 ~ 5.170E+06  y: -6.895E+06 ~ 1.267E+06  N
    Σx=-5.298E+07  Σy=-3.316E+07  N
  Stress (249 gauss points, 4 components):
    Sxx: -1.741E+05 ~ 1.692E+05 Pa
    Syy: -7.266E+04 ~ 1.484E+05 Pa
Block 160: 249 nodes (249 active)
  Ux: -0.313 ~ 0.497 mm
  Uy: -0.691 ~ 1.174 mm
  Velocity (249 nodes): peak = 3.920E-02 m/s
    x: -3.209E-02 ~ 0.000E+00  y: -2.115E-02 ~ 3.608E-02
  Acceleration (relative) (249 nodes): peak = 1.783E+00 m/s²
    x: -1.783E+00 ~ 7.296E-01  y: -9.884E-01 ~ 7.196E-01
  Acceleration (absolute) (249 nodes): peak = 1.783E+00 m/s²
    x: -1.783E+00 ~ 7.296E-01  y: -9.884E-01 ~ 7.196E-01
  Nodal force / reaction (249 nodes):
    x: -1.335E+07 ~ 4.101E+06  y: -1.033E+07 ~ 2.795E+06  N
    Σx=-5.066E+07  Σy=-9.460E+07  N
  Stress (249 gauss points, 4 components):
    Sxx: -2.673E+04 ~ 7.077E+04 Pa
    Syy: -7.105E+04 ~ 1.473E+05 Pa
Block 161: 249 nodes (249 active)
  Ux: -1.445 ~ 0.000 mm
  Uy: -0.889 ~ 1.509 mm
  Velocity (249 nodes): peak = 5.383E-02 m/s
    x: -5.383E-02 ~ 9.649E-04  y: -3.048E-02 ~ 1.515E-02
  Acceleration (relative) (249 nodes): peak = 1.066E+00 m/s²
    x: -8.061E-01 ~ 6.429E-01  y: -8.197E-01 ~ 1.066E+00
  Acceleration (absolute) (249 nodes): peak = 1.066E+00 m/s²
    x: -8.061E-01 ~ 6.429E-01  y: -8.197E-01 ~ 1.066E+00
  Nodal force / reaction (249 nodes):
    x: -3.482E+07 ~ 1.786E+07  y: -1.454E+07 ~ 7.177E+06  N
    Σx=-9.530E+07  Σy=-1.007E+08  N
  Stress (249 gauss points, 4 components):
    Sxx: -2.545E+05 ~ 3.592E+05 Pa
    Syy: -2.318E+05 ~ 1.295E+05 Pa
Block 162: 249 nodes (249 active)
  Ux: -2.646 ~ 0.000 mm
  Uy: -1.332 ~ 1.472 mm
  Velocity (249 nodes): peak = 3.317E-02 m/s
    x: -2.719E-02 ~ 1.497E-02  y: -3.317E-02 ~ 2.829E-02
  Acceleration (relative) (249 nodes): peak = 1.115E+00 m/s²
    x: -3.073E-01 ~ 1.113E+00  y: -6.334E-01 ~ 8.397E-01
  Acceleration (absolute) (249 nodes): peak = 1.115E+00 m/s²
    x: -3.073E-01 ~ 1.113E+00  y: -6.334E-01 ~ 8.397E-01
  Nodal force / reaction (249 nodes):
    x: -1.484E+07 ~ 2.538E+07  y: -1.781E+07 ~ 1.405E+07  N
    Σx=6.801E+07  Σy=-5.275E+07  N
  Stress (249 gauss points, 4 components):
    Sxx: -4.555E+05 ~ 5.819E+05 Pa
    Syy: -2.896E+05 ~ 1.057E+05 Pa
Block 163: 249 nodes (249 active)
  Ux: -3.547 ~ 0.113 mm
  Uy: -2.154 ~ 0.951 mm
  Velocity (249 nodes): peak = 3.512E-02 m/s
    x: -3.512E-02 ~ 1.702E-02  y: -2.988E-02 ~ 1.976E-02
  Acceleration (relative) (249 nodes): peak = 9.923E-01 m/s²
    x: -5.063E-01 ~ 8.924E-01  y: -8.411E-01 ~ 9.923E-01
  Acceleration (absolute) (249 nodes): peak = 9.923E-01 m/s²
    x: -5.063E-01 ~ 8.924E-01  y: -8.411E-01 ~ 9.923E-01
  Nodal force / reaction (249 nodes):
    x: -3.177E+07 ~ 2.910E+07  y: -1.731E+07 ~ 2.688E+07  N
    Σx=-3.385E+07  Σy=-1.303E+07  N
  Stress (249 gauss points, 4 components):
    Sxx: -5.460E+05 ~ 6.463E+05 Pa
    Syy: -4.573E+05 ~ 1.385E+05 Pa
Block 164: 249 nodes (249 active)
  Ux: -4.437 ~ 0.489 mm
  Uy: -2.397 ~ 1.361 mm
  Velocity (249 nodes): peak = 4.414E-02 m/s
    x: -1.695E-02 ~ 3.770E-02  y: -2.695E-02 ~ 1.355E-02
  Acceleration (relative) (249 nodes): peak = 9.372E-01 m/s²
    x: -4.060E-01 ~ 6.198E-01  y: -9.372E-01 ~ 8.067E-01
  Acceleration (absolute) (249 nodes): peak = 9.372E-01 m/s²
    x: -4.060E-01 ~ 6.198E-01  y: -9.372E-01 ~ 8.067E-01
  Nodal force / reaction (249 nodes):
    x: -3.142E+07 ~ 3.239E+07  y: -1.165E+07 ~ 2.987E+07  N
    Σx=-3.456E+07  Σy=2.445E+06  N
  Stress (249 gauss points, 4 components):
    Sxx: -7.292E+05 ~ 7.896E+05 Pa
    Syy: -5.272E+05 ~ 9.884E+04 Pa
Block 165: 249 nodes (249 active)
  Ux: -4.182 ~ 1.212 mm
  Uy: -2.633 ~ 1.009 mm
  Velocity (249 nodes): peak = 4.689E-02 m/s
    x: -7.482E-03 ~ 4.634E-02  y: -1.685E-02 ~ 1.515E-02
  Acceleration (relative) (249 nodes): peak = 9.885E-01 m/s²
    x: -4.926E-01 ~ 9.867E-01  y: -4.233E-01 ~ 8.162E-01
  Acceleration (absolute) (249 nodes): peak = 9.885E-01 m/s²
    x: -4.926E-01 ~ 9.867E-01  y: -4.233E-01 ~ 8.162E-01
  Nodal force / reaction (249 nodes):
    x: -9.069E+06 ~ 2.928E+07  y: -9.782E+06 ~ 2.789E+07  N
    Σx=7.952E+07  Σy=4.495E+07  N
  Stress (249 gauss points, 4 components):
    Sxx: -6.799E+05 ~ 7.076E+05 Pa
    Syy: -4.643E+05 ~ 7.461E+04 Pa
Block 166: 249 nodes (249 active)
  Ux: -3.720 ~ 2.519 mm
  Uy: -2.352 ~ 0.707 mm
  Velocity (249 nodes): peak = 2.592E-02 m/s
    x: -2.592E-02 ~ 1.791E-02  y: -1.079E-02 ~ 2.383E-02
  Acceleration (relative) (249 nodes): peak = 1.359E+00 m/s²
    x: -1.359E+00 ~ 5.474E-01  y: -9.357E-01 ~ 7.401E-01
  Acceleration (absolute) (249 nodes): peak = 1.359E+00 m/s²
    x: -1.359E+00 ~ 5.474E-01  y: -9.357E-01 ~ 7.401E-01
  Nodal force / reaction (249 nodes):
    x: -3.694E+07 ~ 2.474E+07  y: -4.975E+06 ~ 2.620E+07  N
    Σx=-1.174E+08  Σy=7.212E+07  N
  Stress (249 gauss points, 4 components):
    Sxx: -5.842E+05 ~ 5.823E+05 Pa
    Syy: -4.008E+05 ~ 6.714E+04 Pa
Block 167: 249 nodes (249 active)
  Ux: -4.471 ~ 2.158 mm
  Uy: -2.084 ~ 0.651 mm
  Velocity (249 nodes): peak = 3.179E-02 m/s
    x: -2.998E-02 ~ 1.133E-02  y: -1.386E-02 ~ 1.960E-02
  Acceleration (relative) (249 nodes): peak = 1.659E+00 m/s²
    x: -9.998E-01 ~ 1.659E+00  y: -1.158E+00 ~ 9.782E-01
  Acceleration (absolute) (249 nodes): peak = 1.659E+00 m/s²
    x: -9.998E-01 ~ 1.659E+00  y: -1.158E+00 ~ 9.782E-01
  Nodal force / reaction (249 nodes):
    x: -3.467E+07 ~ 3.143E+07  y: -6.817E+06 ~ 2.171E+07  N
    Σx=-8.556E+07  Σy=6.326E+07  N
  Stress (249 gauss points, 4 components):
    Sxx: -8.110E+05 ~ 7.871E+05 Pa
    Syy: -3.077E+05 ~ 5.879E+04 Pa
Block 168: 249 nodes (249 active)
  Ux: -4.123 ~ 0.736 mm
  Uy: -1.283 ~ 0.725 mm
  Velocity (249 nodes): peak = 3.962E-02 m/s
    x: -3.650E-02 ~ 3.748E-02  y: -1.153E-02 ~ 2.785E-02
  Acceleration (relative) (249 nodes): peak = 1.435E+00 m/s²
    x: -5.644E-01 ~ 1.434E+00  y: -1.089E+00 ~ 9.722E-01
  Acceleration (absolute) (249 nodes): peak = 1.435E+00 m/s²
    x: -5.644E-01 ~ 1.434E+00  y: -1.089E+00 ~ 9.722E-01
  Nodal force / reaction (249 nodes):
    x: -8.476E+06 ~ 2.739E+07  y: -9.586E+06 ~ 1.532E+07  N
    Σx=8.387E+07  Σy=3.974E+07  N
  Stress (249 gauss points, 4 components):
    Sxx: -7.220E+05 ~ 6.898E+05 Pa
    Syy: -2.123E+05 ~ 1.224E+05 Pa
Block 169: 249 nodes (249 active)
  Ux: -2.922 ~ 0.115 mm
  Uy: -0.950 ~ 0.905 mm
  Velocity (249 nodes): peak = 3.581E-02 m/s
    x: -2.414E-02 ~ 3.557E-02  y: -1.705E-02 ~ 3.190E-02
  Acceleration (relative) (249 nodes): peak = 1.169E+00 m/s²
    x: -7.555E-01 ~ 9.367E-01  y: -1.169E+00 ~ 6.712E-01
  Acceleration (absolute) (249 nodes): peak = 1.169E+00 m/s²
    x: -7.555E-01 ~ 9.367E-01  y: -1.169E+00 ~ 6.712E-01
  Nodal force / reaction (249 nodes):
    x: -8.983E+06 ~ 1.710E+07  y: -1.194E+07 ~ 1.049E+07  N
    Σx=6.622E+07  Σy=1.847E+06  N
  Stress (249 gauss points, 4 components):
    Sxx: -4.046E+05 ~ 4.112E+05 Pa
    Syy: -8.812E+04 ~ 1.813E+05 Pa
Block 170: 249 nodes (249 active)
  Ux: -1.928 ~ 0.194 mm
  Uy: -1.079 ~ 1.230 mm
  Velocity (249 nodes): peak = 2.524E-02 m/s
    x: -1.269E-02 ~ 2.487E-02  y: -1.160E-02 ~ 2.182E-02
  Acceleration (relative) (249 nodes): peak = 1.369E+00 m/s²
    x: -5.560E-01 ~ 7.529E-01  y: -8.075E-01 ~ 1.369E+00
  Acceleration (absolute) (249 nodes): peak = 1.369E+00 m/s²
    x: -5.560E-01 ~ 7.529E-01  y: -8.075E-01 ~ 1.369E+00
  Nodal force / reaction (249 nodes):
    x: -9.045E+06 ~ 1.174E+07  y: -1.472E+07 ~ 1.123E+07  N
    Σx=3.953E+07  Σy=-7.675E+06  N
  Stress (249 gauss points, 4 components):
    Sxx: -2.671E+05 ~ 2.941E+05 Pa
    Syy: -1.498E+05 ~ 2.884E+05 Pa
Block 171: 249 nodes (249 active)
  Ux: -1.364 ~ 0.086 mm
  Uy: -0.377 ~ 1.697 mm
  Velocity (249 nodes): peak = 3.755E-02 m/s
    x: -1.091E-02 ~ 1.764E-02  y: -1.078E-02 ~ 3.755E-02
  Acceleration (relative) (249 nodes): peak = 7.704E-01 m/s²
    x: -7.354E-01 ~ 6.355E-01  y: -7.221E-01 ~ 7.056E-01
  Acceleration (absolute) (249 nodes): peak = 7.704E-01 m/s²
    x: -7.354E-01 ~ 6.355E-01  y: -7.221E-01 ~ 7.056E-01
  Nodal force / reaction (249 nodes):
    x: -9.619E+06 ~ 8.899E+06  y: -1.219E+07 ~ 1.250E+07  N
    Σx=8.005E+06  Σy=3.295E+07  N
  Stress (249 gauss points, 4 components):
    Sxx: -2.352E+05 ~ 2.406E+05 Pa
    Syy: -1.043E+05 ~ 2.455E+05 Pa
Block 172: 249 nodes (249 active)
  Ux: -1.797 ~ 0.157 mm
  Uy: 0.000 ~ 1.267 mm
  Velocity (249 nodes): peak = 3.510E-02 m/s
    x: -3.510E-02 ~ 1.912E-02  y: -2.178E-02 ~ 2.610E-02
  Acceleration (relative) (249 nodes): peak = 1.257E+00 m/s²
    x: -1.218E+00 ~ 5.976E-01  y: -1.257E+00 ~ 8.474E-01
  Acceleration (absolute) (249 nodes): peak = 1.257E+00 m/s²
    x: -1.218E+00 ~ 5.976E-01  y: -1.257E+00 ~ 8.474E-01
  Nodal force / reaction (249 nodes):
    x: -3.507E+07 ~ 1.434E+07  y: -1.246E+07 ~ 1.103E+07  N
    Σx=-1.488E+08  Σy=1.479E+07  N
  Stress (249 gauss points, 4 components):
    Sxx: -3.382E+05 ~ 3.401E+05 Pa
    Syy: -1.056E+05 ~ 1.957E+05 Pa
Block 173: 249 nodes (249 active)
  Ux: -3.736 ~ 0.420 mm
  Uy: -0.167 ~ 1.383 mm
  Velocity (249 nodes): peak = 6.044E-02 m/s
    x: -6.044E-02 ~ 2.492E-02  y: -2.740E-02 ~ 8.079E-03
  Acceleration (relative) (249 nodes): peak = 1.368E+00 m/s²
    x: -9.379E-01 ~ 7.010E-01  y: -1.368E+00 ~ 5.695E-01
  Acceleration (absolute) (249 nodes): peak = 1.368E+00 m/s²
    x: -9.379E-01 ~ 7.010E-01  y: -1.368E+00 ~ 5.695E-01
  Nodal force / reaction (249 nodes):
    x: -5.694E+07 ~ 3.080E+07  y: -1.798E+07 ~ 1.347E+06  N
    Σx=-2.234E+08  Σy=-7.394E+07  N
  Stress (249 gauss points, 4 components):
    Sxx: -7.539E+05 ~ 7.171E+05 Pa
    Syy: -1.069E+05 ~ 2.550E+05 Pa
Block 174: 249 nodes (249 active)
  Ux: -5.554 ~ 0.921 mm
  Uy: -1.050 ~ 0.922 mm
  Velocity (249 nodes): peak = 4.495E-02 m/s
    x: -3.713E-02 ~ 3.548E-02  y: -4.495E-02 ~ 5.342E-03
  Acceleration (relative) (249 nodes): peak = 2.580E+00 m/s²
    x: -6.426E-01 ~ 2.580E+00  y: -8.518E-01 ~ 1.334E+00
  Acceleration (absolute) (249 nodes): peak = 2.580E+00 m/s²
    x: -6.426E-01 ~ 2.580E+00  y: -8.518E-01 ~ 1.334E+00
  Nodal force / reaction (249 nodes):
    x: -3.056E+07 ~ 4.062E+07  y: -1.354E+07 ~ 7.036E+06  N
    Σx=2.212E+07  Σy=-1.018E+08  N
  Stress (249 gauss points, 4 components):
    Sxx: -1.088E+06 ~ 9.993E+05 Pa
    Syy: -8.980E+04 ~ 2.051E+05 Pa
Block 175: 249 nodes (249 active)
  Ux: -5.507 ~ 1.740 mm
  Uy: -1.807 ~ 0.499 mm
  Velocity (249 nodes): peak = 5.023E-02 m/s
    x: -2.096E-02 ~ 1.922E-02  y: -5.023E-02 ~ 2.629E-02
  Acceleration (relative) (249 nodes): peak = 1.466E+00 m/s²
    x: -1.441E+00 ~ 1.152E+00  y: -6.910E-01 ~ 1.199E+00
  Acceleration (absolute) (249 nodes): peak = 1.466E+00 m/s²
    x: -1.441E+00 ~ 1.152E+00  y: -6.910E-01 ~ 1.199E+00
  Nodal force / reaction (249 nodes):
    x: -2.468E+07 ~ 3.843E+07  y: -1.419E+07 ~ 2.234E+07  N
    Σx=8.944E+07  Σy=-4.700E+07  N
  Stress (249 gauss points, 4 components):
    Sxx: -9.388E+05 ~ 8.985E+05 Pa
    Syy: -3.312E+05 ~ 2.059E+05 Pa
Block 176: 249 nodes (249 active)
  Ux: -4.098 ~ 0.937 mm
  Uy: -2.849 ~ 0.325 mm
  Velocity (249 nodes): peak = 5.897E-02 m/s
    x: -3.656E-02 ~ 5.897E-02  y: -4.723E-02 ~ 2.216E-02
  Acceleration (relative) (249 nodes): peak = 1.377E+00 m/s²
    x: -3.922E-01 ~ 8.815E-01  y: -4.877E-01 ~ 1.377E+00
  Acceleration (absolute) (249 nodes): peak = 1.377E+00 m/s²
    x: -3.922E-01 ~ 8.815E-01  y: -4.877E-01 ~ 1.377E+00
  Nodal force / reaction (249 nodes):
    x: -1.496E+06 ~ 2.417E+07  y: -8.277E+06 ~ 2.663E+07  N
    Σx=1.834E+08  Σy=4.706E+07  N
  Stress (249 gauss points, 4 components):
    Sxx: -6.167E+05 ~ 5.828E+05 Pa
    Syy: -4.148E+05 ~ 5.153E+04 Pa
Block 177: 249 nodes (249 active)
  Ux: -1.494 ~ 0.169 mm
  Uy: -3.350 ~ 1.074 mm
  Velocity (249 nodes): peak = 6.992E-02 m/s
    x: -2.099E-02 ~ 6.992E-02  y: -1.274E-02 ~ 2.456E-02
  Acceleration (relative) (249 nodes): peak = 1.860E+00 m/s²
    x: -5.408E-01 ~ 7.428E-01  y: -3.731E-01 ~ 1.860E+00
  Acceleration (absolute) (249 nodes): peak = 1.860E+00 m/s²
    x: -5.408E-01 ~ 7.428E-01  y: -3.731E-01 ~ 1.860E+00
  Nodal force / reaction (249 nodes):
    x: -8.711E+05 ~ 1.900E+07  y: -8.865E+05 ~ 1.985E+07  N
    Σx=1.671E+08  Σy=1.640E+08  N
  Stress (249 gauss points, 4 components):
    Sxx: -1.926E+05 ~ 1.411E+05 Pa
    Syy: -3.734E+05 ~ 8.002E+04 Pa
Block 178: 249 nodes (249 active)
  Ux: -0.784 ~ 0.979 mm
  Uy: -2.065 ~ 1.535 mm
  Velocity (249 nodes): peak = 6.295E-02 m/s
    x: -2.985E-03 ~ 4.112E-02  y: -1.256E-02 ~ 6.294E-02
  Acceleration (relative) (249 nodes): peak = 1.214E+00 m/s²
    x: -1.036E+00 ~ 7.838E-01  y: -1.214E+00 ~ 6.822E-01
  Acceleration (absolute) (249 nodes): peak = 1.214E+00 m/s²
    x: -1.036E+00 ~ 7.838E-01  y: -1.214E+00 ~ 6.822E-01
  Nodal force / reaction (249 nodes):
    x: -1.473E+07 ~ 1.259E+07  y: -7.932E+06 ~ 2.072E+07  N
    Σx=1.046E+07  Σy=1.892E+08  N
  Stress (249 gauss points, 4 components):
    Sxx: -2.925E+05 ~ 2.028E+05 Pa
    Syy: -2.519E+05 ~ 2.030E+05 Pa
Block 179: 249 nodes (249 active)
  Ux: -0.483 ~ 1.598 mm
  Uy: -0.906 ~ 2.009 mm
  Velocity (249 nodes): peak = 6.445E-02 m/s
    x: -1.313E-02 ~ 2.531E-02  y: -3.474E-02 ~ 6.438E-02
  Acceleration (relative) (249 nodes): peak = 1.349E+00 m/s²
    x: -9.769E-01 ~ 1.287E+00  y: -1.349E+00 ~ 6.476E-01
  Acceleration (absolute) (249 nodes): peak = 1.349E+00 m/s²
    x: -9.769E-01 ~ 1.287E+00  y: -1.349E+00 ~ 6.476E-01
  Nodal force / reaction (249 nodes):
    x: -1.735E+07 ~ 5.620E+06  y: -1.807E+07 ~ 2.330E+07  N
    Σx=-8.452E+07  Σy=9.123E+07  N
  Stress (249 gauss points, 4 components):
    Sxx: -3.050E+05 ~ 2.214E+05 Pa
    Syy: -1.779E+05 ~ 4.232E+05 Pa
Block 180: 249 nodes (249 active)
  Ux: -0.221 ~ 1.321 mm
  Uy: -0.923 ~ 3.048 mm
  Velocity (249 nodes): peak = 4.934E-02 m/s
    x: -2.970E-02 ~ 3.215E-02  y: -4.934E-02 ~ 4.693E-02
  Acceleration (relative) (249 nodes): peak = 1.680E+00 m/s²
    x: -1.680E+00 ~ 9.668E-02  y: -1.392E+00 ~ 4.852E-01
  Acceleration (absolute) (249 nodes): peak = 1.680E+00 m/s²
    x: -1.680E+00 ~ 9.668E-02  y: -1.392E+00 ~ 4.852E-01
  Nodal force / reaction (249 nodes):
    x: -1.758E+07 ~ 1.841E+06  y: -3.366E+07 ~ 1.556E+07  N
    Σx=-1.870E+08  Σy=-5.439E+07  N
  Stress (249 gauss points, 4 components):
    Sxx: -1.831E+05 ~ 2.135E+05 Pa
    Syy: -1.862E+05 ~ 6.530E+05 Pa
Block 181: 249 nodes (249 active)
  Ux: -1.045 ~ 1.437 mm
  Uy: -2.254 ~ 3.460 mm
  Velocity (249 nodes): peak = 3.365E-02 m/s
    x: -3.364E-02 ~ 7.215E-03  y: -2.376E-02 ~ 3.194E-02
  Acceleration (relative) (249 nodes): peak = 1.829E+00 m/s²
    x: -1.170E+00 ~ 5.908E-01  y: -1.395E+00 ~ 1.829E+00
  Acceleration (absolute) (249 nodes): peak = 1.829E+00 m/s²
    x: -1.170E+00 ~ 5.908E-01  y: -1.395E+00 ~ 1.829E+00
  Nodal force / reaction (249 nodes):
    x: -1.731E+07 ~ 7.412E+06  y: -2.925E+07 ~ 3.943E+06  N
    Σx=-9.986E+07  Σy=-1.502E+08  N
  Stress (249 gauss points, 4 components):
    Sxx: -1.864E+05 ~ 1.536E+05 Pa
    Syy: -1.718E+05 ~ 5.662E+05 Pa
Block 182: 249 nodes (249 active)
  Ux: -1.213 ~ 0.815 mm
  Uy: -1.853 ~ 2.459 mm
  Velocity (249 nodes): peak = 5.508E-02 m/s
    x: -3.549E-02 ~ 1.093E-02  y: -5.507E-02 ~ 2.167E-02
  Acceleration (relative) (249 nodes): peak = 1.018E+00 m/s²
    x: -7.239E-01 ~ 8.005E-01  y: -7.318E-01 ~ 8.704E-01
  Acceleration (absolute) (249 nodes): peak = 1.018E+00 m/s²
    x: -7.239E-01 ~ 8.005E-01  y: -7.318E-01 ~ 8.704E-01
  Nodal force / reaction (249 nodes):
    x: -6.816E+06 ~ 1.094E+07  y: -1.492E+07 ~ 0.000E+00  N
    Σx=3.900E+07  Σy=-1.575E+08  N
  Stress (249 gauss points, 4 components):
    Sxx: -2.517E+05 ~ 2.551E+05 Pa
    Syy: -1.441E+05 ~ 2.909E+05 Pa
Block 183: 249 nodes (249 active)
  Ux: -1.153 ~ 0.000 mm
  Uy: -0.659 ~ 1.991 mm
  Velocity (249 nodes): peak = 5.133E-02 m/s
    x: -4.136E-02 ~ 1.671E-02  y: -5.132E-02 ~ 4.146E-02
  Acceleration (relative) (249 nodes): peak = 1.069E+00 m/s²
    x: -1.069E+00 ~ 7.169E-01  y: -8.022E-01 ~ 7.759E-01
  Acceleration (absolute) (249 nodes): peak = 1.069E+00 m/s²
    x: -1.069E+00 ~ 7.169E-01  y: -8.022E-01 ~ 7.759E-01
  Nodal force / reaction (249 nodes):
    x: -1.174E+06 ~ 8.805E+06  y: -9.764E+06 ~ 4.051E+06  N
    Σx=9.091E+07  Σy=-7.155E+07  N
  Stress (249 gauss points, 4 components):
    Sxx: -1.666E+05 ~ 1.824E+05 Pa
    Syy: -9.187E+04 ~ 1.203E+05 Pa
Block 184: 249 nodes (249 active)
  Ux: -2.005 ~ 0.000 mm
  Uy: -1.751 ~ 1.108 mm
  Velocity (249 nodes): peak = 4.311E-02 m/s
    x: -1.471E-02 ~ 1.727E-02  y: -4.098E-02 ~ 3.383E-02
  Acceleration (relative) (249 nodes): peak = 1.287E+00 m/s²
    x: -2.890E-01 ~ 9.508E-01  y: -6.950E-01 ~ 1.287E+00
  Acceleration (absolute) (249 nodes): peak = 1.287E+00 m/s²
    x: -2.890E-01 ~ 9.508E-01  y: -6.950E-01 ~ 1.287E+00
  Nodal force / reaction (249 nodes):
    x: -2.109E+05 ~ 9.546E+06  y: -5.166E+06 ~ 1.448E+07  N
    Σx=8.504E+07  Σy=4.059E+07  N
  Stress (249 gauss points, 4 components):
    Sxx: -1.846E+05 ~ 1.506E+05 Pa
    Syy: -2.527E+05 ~ 1.773E+05 Pa
Block 185: 249 nodes (249 active)
  Ux: -1.798 ~ 0.000 mm
  Uy: -1.696 ~ 1.628 mm
  Velocity (249 nodes): peak = 5.131E-02 m/s
    x: -2.009E-02 ~ 2.970E-02  y: -4.184E-02 ~ 1.989E-02
  Acceleration (relative) (249 nodes): peak = 1.059E+00 m/s²
    x: -8.030E-01 ~ 9.735E-01  y: -1.059E+00 ~ 9.214E-01
  Acceleration (absolute) (249 nodes): peak = 1.059E+00 m/s²
    x: -8.030E-01 ~ 9.735E-01  y: -1.059E+00 ~ 9.214E-01
  Nodal force / reaction (249 nodes):
    x: -1.353E+07 ~ 5.033E+06  y: -2.028E+06 ~ 1.471E+07  N
    Σx=-4.093E+07  Σy=1.021E+08  N
  Stress (249 gauss points, 4 components):
    Sxx: -1.195E+05 ~ 9.620E+04 Pa
    Syy: -2.446E+05 ~ 1.155E+05 Pa
Block 186: 249 nodes (249 active)
  Ux: -0.639 ~ 0.705 mm
  Uy: -2.038 ~ 0.828 mm
  Velocity (249 nodes): peak = 5.292E-02 m/s
    x: -6.770E-03 ~ 5.031E-02  y: -3.256E-02 ~ 3.347E-02
  Acceleration (relative) (249 nodes): peak = 7.851E-01 m/s²
    x: -3.308E-01 ~ 7.851E-01  y: -7.833E-01 ~ 7.653E-01
  Acceleration (absolute) (249 nodes): peak = 7.851E-01 m/s²
    x: -3.308E-01 ~ 7.851E-01  y: -7.833E-01 ~ 7.653E-01
  Nodal force / reaction (249 nodes):
    x: -2.720E+06 ~ 6.771E+06  y: -7.134E+05 ~ 8.084E+06  N
    Σx=3.177E+07  Σy=8.283E+07  N
  Stress (249 gauss points, 4 components):
    Sxx: -1.667E+05 ~ 9.512E+04 Pa
    Syy: -1.537E+05 ~ 5.390E+04 Pa
Block 187: 249 nodes (249 active)
  Ux: -0.201 ~ 1.696 mm
  Uy: -2.128 ~ 0.420 mm
  Velocity (249 nodes): peak = 4.013E-02 m/s
    x: -1.909E-03 ~ 3.819E-02  y: -3.068E-02 ~ 2.251E-02
  Acceleration (relative) (249 nodes): peak = 1.122E+00 m/s²
    x: -1.006E+00 ~ 5.983E-01  y: -8.140E-01 ~ 8.825E-01
  Acceleration (absolute) (249 nodes): peak = 1.122E+00 m/s²
    x: -1.006E+00 ~ 5.983E-01  y: -8.140E-01 ~ 8.825E-01
  Nodal force / reaction (249 nodes):
    x: -5.539E+06 ~ 1.184E+07  y: -4.717E+06 ~ 8.657E+06  N
    Σx=2.512E+07  Σy=2.459E+07  N
  Stress (249 gauss points, 4 components):
    Sxx: -1.275E+05 ~ 2.113E+05 Pa
    Syy: -1.610E+05 ~ 5.449E+04 Pa
Block 188: 249 nodes (249 active)
  Ux: 0.000 ~ 2.492 mm
  Uy: -1.346 ~ 0.680 mm
  Velocity (249 nodes): peak = 3.787E-02 m/s
    x: -1.845E-02 ~ 1.936E-02  y: -1.111E-02 ~ 3.742E-02
  Acceleration (relative) (249 nodes): peak = 1.116E+00 m/s²
    x: -1.028E+00 ~ 2.988E-01  y: -7.227E-01 ~ 1.116E+00
  Acceleration (absolute) (249 nodes): peak = 1.116E+00 m/s²
    x: -1.028E+00 ~ 2.988E-01  y: -7.227E-01 ~ 1.116E+00
  Nodal force / reaction (249 nodes):
    x: -9.176E+06 ~ 0.000E+00  y: -6.948E+06 ~ 4.723E+06  N
    Σx=-9.484E+07  Σy=-8.268E+06  N
  Stress (249 gauss points, 4 components):
    Sxx: -2.008E+05 ~ 1.809E+05 Pa
    Syy: -1.751E+05 ~ 1.769E+05 Pa
Block 189: 249 nodes (249 active)
  Ux: -0.092 ~ 1.778 mm
  Uy: -0.924 ~ 0.522 mm
  Velocity (249 nodes): peak = 5.300E-02 m/s
    x: -3.789E-02 ~ 5.580E-03  y: -1.580E-02 ~ 3.713E-02
  Acceleration (relative) (249 nodes): peak = 9.313E-01 m/s²
    x: -8.912E-01 ~ 3.822E-01  y: -6.034E-01 ~ 6.934E-01
  Acceleration (absolute) (249 nodes): peak = 9.313E-01 m/s²
    x: -8.912E-01 ~ 3.822E-01  y: -6.034E-01 ~ 6.934E-01
  Nodal force / reaction (249 nodes):
    x: -6.507E+06 ~ 1.035E+06  y: -3.320E+06 ~ 4.588E+06  N
    Σx=-8.306E+07  Σy=7.194E+06  N
  Stress (249 gauss points, 4 components):
    Sxx: -1.167E+05 ~ 1.326E+05 Pa
    Syy: -7.243E+04 ~ 5.610E+04 Pa
Block 190: 249 nodes (249 active)
  Ux: -0.553 ~ 0.387 mm
  Uy: -0.216 ~ 1.452 mm
  Velocity (249 nodes): peak = 5.882E-02 m/s
    x: -5.642E-02 ~ 1.600E-03  y: -8.159E-03 ~ 2.371E-02
  Acceleration (relative) (249 nodes): peak = 8.913E-01 m/s²
    x: -5.990E-01 ~ 3.864E-01  y: -8.033E-01 ~ 4.877E-01
  Acceleration (absolute) (249 nodes): peak = 8.913E-01 m/s²
    x: -5.990E-01 ~ 3.864E-01  y: -8.033E-01 ~ 4.877E-01
  Nodal force / reaction (249 nodes):
    x: -1.478E+07 ~ 2.758E+06  y: -4.521E+06 ~ 3.020E+06  N
    Σx=-8.941E+07  Σy=-9.922E+06  N
  Stress (249 gauss points, 4 components):
    Sxx: -7.913E+04 ~ 8.120E+04 Pa
    Syy: -5.702E+04 ~ 9.779E+04 Pa
Block 191: 249 nodes (249 active)
  Ux: -1.986 ~ 0.132 mm
  Uy: -0.262 ~ 1.616 mm
  Velocity (249 nodes): peak = 2.741E-02 m/s
    x: -2.720E-02 ~ 1.903E-02  y: -1.726E-02 ~ 6.527E-03
  Acceleration (relative) (249 nodes): peak = 1.535E+00 m/s²
    x: -2.719E-01 ~ 1.535E+00  y: -6.724E-01 ~ 7.342E-01
  Acceleration (absolute) (249 nodes): peak = 1.535E+00 m/s²
    x: -2.719E-01 ~ 1.535E+00  y: -6.724E-01 ~ 7.342E-01
  Nodal force / reaction (249 nodes):
    x: -1.158E+06 ~ 1.054E+07  y: -7.105E+06 ~ 1.253E+06  N
    Σx=1.178E+08  Σy=-7.010E+07  N
  Stress (249 gauss points, 4 components):
    Sxx: -1.533E+05 ~ 1.578E+05 Pa
    Syy: -3.785E+04 ~ 1.556E+05 Pa
Block 192: 249 nodes (249 active)
  Ux: -2.043 ~ 0.346 mm
  Uy: -0.406 ~ 1.388 mm
  Velocity (249 nodes): peak = 2.573E-02 m/s
    x: -1.353E-02 ~ 2.366E-02  y: -1.895E-02 ~ 1.173E-02
  Acceleration (relative) (249 nodes): peak = 9.592E-01 m/s²
    x: -2.848E-01 ~ 9.541E-01  y: -8.222E-01 ~ 7.470E-01
  Acceleration (absolute) (249 nodes): peak = 9.592E-01 m/s²
    x: -2.848E-01 ~ 9.541E-01  y: -8.222E-01 ~ 7.470E-01
  Nodal force / reaction (249 nodes):
    x: -1.096E+06 ~ 1.729E+07  y: -7.675E+06 ~ 4.405E+06  N
    Σx=1.674E+08  Σy=-7.430E+07  N
  Stress (249 gauss points, 4 components):
    Sxx: -1.551E+05 ~ 1.551E+05 Pa
    Syy: -4.740E+04 ~ 1.220E+05 Pa
Block 193: 249 nodes (249 active)
  Ux: -0.928 ~ 1.238 mm
  Uy: -0.517 ~ 0.661 mm
  Velocity (249 nodes): peak = 3.627E-02 m/s
    x: -3.962E-03 ~ 3.282E-02  y: -2.241E-02 ~ 1.605E-02
  Acceleration (relative) (249 nodes): peak = 1.544E+00 m/s²
    x: -1.544E+00 ~ 5.697E-01  y: -3.395E-01 ~ 7.677E-01
  Acceleration (absolute) (249 nodes): peak = 1.544E+00 m/s²
    x: -1.544E+00 ~ 5.697E-01  y: -3.395E-01 ~ 7.677E-01
  Nodal force / reaction (249 nodes):
    x: -1.066E+07 ~ 1.308E+07  y: -4.747E+06 ~ 4.149E+06  N
    Σx=8.058E+07  Σy=5.450E+06  N
  Stress (249 gauss points, 4 components):
    Sxx: -2.449E+05 ~ 2.773E+05 Pa
    Syy: -8.648E+04 ~ 6.968E+04 Pa
Block 194: 249 nodes (249 active)
  Ux: -0.450 ~ 1.505 mm
  Uy: -0.581 ~ 0.520 mm
  Velocity (249 nodes): peak = 3.239E-02 m/s
    x: -1.558E-02 ~ 2.705E-02  y: -2.390E-02 ~ 2.340E-02
  Acceleration (relative) (249 nodes): peak = 1.018E+00 m/s²
    x: -1.016E+00 ~ 5.567E-01  y: -4.678E-01 ~ 7.992E-01
  Acceleration (absolute) (249 nodes): peak = 1.018E+00 m/s²
    x: -1.016E+00 ~ 5.567E-01  y: -4.678E-01 ~ 7.992E-01
  Nodal force / reaction (249 nodes):
    x: -1.251E+07 ~ 1.651E+06  y: -1.685E+06 ~ 8.183E+06  N
    Σx=-5.970E+07  Σy=8.082E+07  N
  Stress (249 gauss points, 4 components):
    Sxx: -2.649E+05 ~ 2.551E+05 Pa
    Syy: -1.017E+05 ~ 4.739E+04 Pa
Block 195: 249 nodes (249 active)
  Ux: -0.042 ~ 1.181 mm
  Uy: -1.059 ~ 1.036 mm
  Velocity (249 nodes): peak = 2.918E-02 m/s
    x: -1.952E-02 ~ 2.284E-02  y: -2.565E-02 ~ 2.509E-02
  Acceleration (relative) (249 nodes): peak = 7.973E-01 m/s²
    x: -7.390E-01 ~ 7.061E-01  y: -6.863E-01 ~ 4.919E-01
  Acceleration (absolute) (249 nodes): peak = 7.973E-01 m/s²
    x: -7.390E-01 ~ 7.061E-01  y: -6.863E-01 ~ 4.919E-01
  Nodal force / reaction (249 nodes):
    x: -1.132E+07 ~ 3.581E+06  y: -2.350E+06 ~ 9.036E+06  N
    Σx=-7.590E+07  Σy=6.074E+07  N
  Stress (249 gauss points, 4 components):
    Sxx: -2.127E+05 ~ 1.413E+05 Pa
    Syy: -1.098E+05 ~ 8.368E+04 Pa
Block 196: 249 nodes (249 active)
  Ux: -0.003 ~ 1.200 mm
  Uy: -1.735 ~ 1.307 mm
  Velocity (249 nodes): peak = 2.156E-02 m/s
    x: -1.609E-02 ~ 2.089E-02  y: -2.059E-02 ~ 1.110E-02
  Acceleration (relative) (249 nodes): peak = 9.403E-01 m/s²
    x: -7.266E-01 ~ 5.421E-01  y: -9.403E-01 ~ 8.322E-01
  Acceleration (absolute) (249 nodes): peak = 9.403E-01 m/s²
    x: -7.266E-01 ~ 5.421E-01  y: -9.403E-01 ~ 8.322E-01
  Nodal force / reaction (249 nodes):
    x: -1.004E+07 ~ 8.117E+06  y: -5.797E+06 ~ 4.281E+06  N
    Σx=-3.666E+07  Σy=-9.098E+06  N
  Stress (249 gauss points, 4 components):
    Sxx: -2.188E+05 ~ 1.795E+05 Pa
    Syy: -1.046E+05 ~ 1.013E+05 Pa
Block 197: 249 nodes (249 active)
  Ux: 0.000 ~ 1.643 mm
  Uy: -1.288 ~ 0.774 mm
  Velocity (249 nodes): peak = 2.865E-02 m/s
    x: -2.245E-02 ~ 1.221E-02  y: -2.628E-02 ~ 2.805E-02
  Acceleration (relative) (249 nodes): peak = 1.020E+00 m/s²
    x: -7.253E-01 ~ 3.714E-01  y: -5.430E-01 ~ 7.188E-01
  Acceleration (absolute) (249 nodes): peak = 1.020E+00 m/s²
    x: -7.253E-01 ~ 3.714E-01  y: -5.430E-01 ~ 7.188E-01
  Nodal force / reaction (249 nodes):
    x: -1.063E+07 ~ 1.153E+07  y: -7.824E+06 ~ 4.387E+06  N
    Σx=1.035E+07  Σy=-5.283E+07  N
  Stress (249 gauss points, 4 components):
    Sxx: -2.632E+05 ~ 2.071E+05 Pa
    Syy: -1.304E+05 ~ 1.491E+05 Pa
Block 198: 249 nodes (249 active)
  Ux: -0.271 ~ 1.244 mm
  Uy: -1.019 ~ 0.179 mm
  Velocity (249 nodes): peak = 4.684E-02 m/s
    x: -3.008E-02 ~ 4.121E-03  y: -1.779E-02 ~ 3.741E-02
  Acceleration (relative) (249 nodes): peak = 1.108E+00 m/s²
    x: -9.189E-01 ~ 4.967E-01  y: -2.908E-01 ~ 1.108E+00
  Acceleration (absolute) (249 nodes): peak = 1.108E+00 m/s²
    x: -9.189E-01 ~ 4.967E-01  y: -2.908E-01 ~ 1.108E+00
  Nodal force / reaction (249 nodes):
    x: -6.823E+06 ~ 1.945E+06  y: -3.841E+06 ~ 6.028E+06  N
    Σx=-6.292E+07  Σy=-1.053E+07  N
  Stress (249 gauss points, 4 components):
    Sxx: -1.822E+05 ~ 1.647E+05 Pa
    Syy: -8.078E+04 ~ 4.466E+04 Pa
Block 199: 249 nodes (249 active)
  Ux: -0.710 ~ 0.321 mm
  Uy: -0.701 ~ 1.154 mm
  Velocity (249 nodes): peak = 5.375E-02 m/s
    x: -5.239E-02 ~ 5.472E-03  y: -1.269E-02 ~ 2.701E-02
  Acceleration (relative) (249 nodes): peak = 8.910E-01 m/s²
    x: -4.313E-01 ~ 5.251E-01  y: -8.814E-01 ~ 5.632E-01
  Acceleration (absolute) (249 nodes): peak = 8.910E-01 m/s²
    x: -4.313E-01 ~ 5.251E-01  y: -8.814E-01 ~ 5.632E-01
  Nodal force / reaction (249 nodes):
    x: -8.299E+06 ~ 2.541E+06  y: -1.004E+07 ~ 7.609E+06  N
    Σx=-3.544E+07  Σy=2.029E+07  N
  Stress (249 gauss points, 4 components):
    Sxx: -6.554E+04 ~ 7.424E+04 Pa
    Syy: -1.961E+05 ~ 9.888E+04 Pa
Block 200: 249 nodes (249 active)
  Ux: -2.235 ~ 0.000 mm
  Uy: -0.596 ~ 1.071 mm
  Velocity (249 nodes): peak = 3.396E-02 m/s
    x: -3.050E-02 ~ 6.778E-03  y: -1.682E-02 ~ 1.441E-02
  Acceleration (relative) (249 nodes): peak = 1.349E+00 m/s²
    x: -2.672E-01 ~ 1.287E+00  y: -1.039E+00 ~ 2.084E-01
  Acceleration (absolute) (249 nodes): peak = 1.349E+00 m/s²
    x: -2.672E-01 ~ 1.287E+00  y: -1.039E+00 ~ 2.084E-01
  Nodal force / reaction (249 nodes):
    x: -1.150E+07 ~ 9.451E+06  y: -6.038E+06 ~ 6.308E+06  N
    Σx=-1.129E+07  Σy=-1.650E+07  N
  Stress (249 gauss points, 4 components):
    Sxx: -1.612E+05 ~ 1.981E+05 Pa
    Syy: -1.446E+05 ~ 1.527E+05 Pa
Block 201: 249 nodes (249 active)
  Ux: -2.262 ~ 0.132 mm
  Uy: -0.500 ~ 0.803 mm
  Velocity (249 nodes): peak = 3.387E-02 m/s
    x: -6.992E-03 ~ 2.987E-02  y: -2.060E-02 ~ 7.699E-03
  Acceleration (relative) (249 nodes): peak = 1.460E+00 m/s²
    x: -7.899E-01 ~ 1.425E+00  y: -5.149E-01 ~ 4.247E-01
  Acceleration (absolute) (249 nodes): peak = 1.460E+00 m/s²
    x: -7.899E-01 ~ 1.425E+00  y: -5.149E-01 ~ 4.247E-01
  Nodal force / reaction (249 nodes):
    x: -1.807E+06 ~ 9.091E+06  y: -6.584E+06 ~ 2.059E+06  N
    Σx=7.836E+07  Σy=-7.103E+07  N
  Stress (249 gauss points, 4 components):
    Sxx: -1.514E+05 ~ 1.869E+05 Pa
    Syy: -6.087E+04 ~ 1.139E+05 Pa
Block 202: 249 nodes (249 active)
  Ux: -0.909 ~ 0.137 mm
  Uy: -0.837 ~ 0.405 mm
  Velocity (249 nodes): peak = 5.532E-02 m/s
    x: -1.239E-02 ~ 5.532E-02  y: -1.664E-02 ~ 3.738E-03
  Acceleration (relative) (249 nodes): peak = 6.860E-01 m/s²
    x: -4.576E-01 ~ 3.041E-01  y: -5.130E-01 ~ 6.860E-01
  Acceleration (absolute) (249 nodes): peak = 6.860E-01 m/s²
    x: -4.576E-01 ~ 3.041E-01  y: -5.130E-01 ~ 6.860E-01
  Nodal force / reaction (249 nodes):
    x: -8.822E+06 ~ 7.740E+06  y: -6.126E+06 ~ 3.596E+06  N
    Σx=-3.686E+05  Σy=-4.318E+07  N
  Stress (249 gauss points, 4 components):
    Sxx: -1.108E+05 ~ 1.505E+05 Pa
    Syy: -7.366E+04 ~ 6.193E+04 Pa
Block 203: 249 nodes (249 active)
  Ux: -0.387 ~ 1.261 mm
  Uy: -0.894 ~ 0.190 mm
  Velocity (249 nodes): peak = 3.537E-02 m/s
    x: -1.328E-03 ~ 3.537E-02  y: -1.388E-02 ~ 1.017E-02
  Acceleration (relative) (249 nodes): peak = 1.205E+00 m/s²
    x: -1.169E+00 ~ 6.911E-01  y: -3.518E-01 ~ 6.724E-01
  Acceleration (absolute) (249 nodes): peak = 1.205E+00 m/s²
    x: -1.169E+00 ~ 6.911E-01  y: -3.518E-01 ~ 6.724E-01
  Nodal force / reaction (249 nodes):
    x: -1.558E+06 ~ 1.487E+07  y: -5.091E+06 ~ 8.418E+06  N
    Σx=9.560E+07  Σy=3.163E+07  N
  Stress (249 gauss points, 4 components):
    Sxx: -5.245E+04 ~ 8.091E+04 Pa
    Syy: -1.780E+05 ~ 4.465E+04 Pa
Block 204: 249 nodes (249 active)
  Ux: 0.000 ~ 1.398 mm
  Uy: -0.723 ~ 0.560 mm
  Velocity (249 nodes): peak = 3.597E-02 m/s
    x: -1.221E-02 ~ 3.597E-02  y: -1.684E-02 ~ 2.368E-02
  Acceleration (relative) (249 nodes): peak = 6.444E-01 m/s²
    x: -6.444E-01 ~ 5.454E-01  y: -4.308E-01 ~ 5.826E-01
  Acceleration (absolute) (249 nodes): peak = 6.444E-01 m/s²
    x: -6.444E-01 ~ 5.454E-01  y: -4.308E-01 ~ 5.826E-01
  Nodal force / reaction (249 nodes):
    x: -1.093E+07 ~ 2.197E+07  y: 0.000E+00 ~ 7.311E+06  N
    Σx=6.347E+07  Σy=8.517E+07  N
  Stress (249 gauss points, 4 components):
    Sxx: -2.622E+05 ~ 2.681E+05 Pa
    Syy: -1.314E+05 ~ 6.099E+04 Pa
Block 205: 249 nodes (249 active)
  Ux: 0.000 ~ 2.789 mm
  Uy: -0.993 ~ 0.721 mm
  Velocity (249 nodes): peak = 4.962E-02 m/s
    x: -1.258E-02 ~ 4.962E-02  y: -1.944E-02 ~ 2.978E-02
  Acceleration (relative) (249 nodes): peak = 6.044E-01 m/s²
    x: -4.423E-01 ~ 3.342E-01  y: -4.699E-01 ~ 5.085E-01
  Acceleration (absolute) (249 nodes): peak = 6.044E-01 m/s²
    x: -4.423E-01 ~ 3.342E-01  y: -4.699E-01 ~ 5.085E-01
  Nodal force / reaction (249 nodes):
    x: -2.628E+07 ~ 3.758E+07  y: -8.662E+06 ~ 1.221E+07  N
    Σx=8.376E+07  Σy=6.962E+07  N
  Stress (249 gauss points, 4 components):
    Sxx: -5.911E+05 ~ 5.494E+05 Pa
    Syy: -1.554E+05 ~ 1.304E+05 Pa
Block 206: 249 nodes (249 active)
  Ux: 0.000 ~ 4.349 mm
  Uy: -1.282 ~ 1.572 mm
  Velocity (249 nodes): peak = 3.118E-02 m/s
    x: -1.325E-02 ~ 2.652E-02  y: -1.009E-02 ~ 3.118E-02
  Acceleration (relative) (249 nodes): peak = 2.536E+00 m/s²
    x: -2.536E+00 ~ 2.676E-01  y: -4.296E-01 ~ 8.157E-01
  Acceleration (absolute) (249 nodes): peak = 2.536E+00 m/s²
    x: -2.536E+00 ~ 2.676E-01  y: -4.296E-01 ~ 8.157E-01
  Nodal force / reaction (249 nodes):
    x: -3.647E+07 ~ 2.127E+07  y: -1.739E+07 ~ 1.555E+07  N
    Σx=-6.906E+07  Σy=6.514E+07  N
  Stress (249 gauss points, 4 components):
    Sxx: -8.441E+05 ~ 7.859E+05 Pa
    Syy: -1.675E+05 ~ 3.158E+05 Pa
Block 207: 249 nodes (249 active)
  Ux: -0.204 ~ 3.397 mm
  Uy: -0.506 ~ 2.126 mm
  Velocity (249 nodes): peak = 5.459E-02 m/s
    x: -5.459E-02 ~ 2.685E-03  y: -2.106E-02 ~ 3.176E-02
  Acceleration (relative) (249 nodes): peak = 1.778E+00 m/s²
    x: -1.778E+00 ~ 8.832E-01  y: -8.400E-01 ~ 3.826E-01
  Acceleration (absolute) (249 nodes): peak = 1.778E+00 m/s²
    x: -1.778E+00 ~ 8.832E-01  y: -8.400E-01 ~ 3.826E-01
  Nodal force / reaction (249 nodes):
    x: -2.438E+07 ~ 2.946E+05  y: -1.941E+07 ~ 1.418E+07  N
    Σx=-2.072E+08  Σy=1.794E+07  N
  Stress (249 gauss points, 4 components):
    Sxx: -5.510E+05 ~ 4.967E+05 Pa
    Syy: -7.728E+04 ~ 3.874E+05 Pa
Block 208: 249 nodes (249 active)
  Ux: -0.613 ~ 1.725 mm
  Uy: -0.851 ~ 2.638 mm
  Velocity (249 nodes): peak = 5.115E-02 m/s
    x: -5.107E-02 ~ 5.998E-03  y: -2.015E-02 ~ 2.722E-02
  Acceleration (relative) (249 nodes): peak = 1.501E+00 m/s²
    x: -6.592E-01 ~ 1.215E+00  y: -1.501E+00 ~ 1.066E+00
  Acceleration (absolute) (249 nodes): peak = 1.501E+00 m/s²
    x: -6.592E-01 ~ 1.215E+00  y: -1.501E+00 ~ 1.066E+00
  Nodal force / reaction (249 nodes):
    x: -7.604E+06 ~ 7.450E+06  y: -2.030E+07 ~ 4.343E+06  N
    Σx=-1.648E+07  Σy=-5.977E+07  N
  Stress (249 gauss points, 4 components):
    Sxx: -1.595E+05 ~ 1.957E+05 Pa
    Syy: -6.987E+04 ~ 3.506E+05 Pa
Block 209: 249 nodes (249 active)
  Ux: -1.382 ~ 1.267 mm
  Uy: -1.263 ~ 2.562 mm
  Velocity (249 nodes): peak = 3.898E-02 m/s
    x: -3.092E-02 ~ 1.001E-02  y: -3.898E-02 ~ 1.725E-02
  Acceleration (relative) (249 nodes): peak = 1.683E+00 m/s²
    x: -9.884E-01 ~ 1.466E+00  y: -1.683E+00 ~ 6.497E-01
  Acceleration (absolute) (249 nodes): peak = 1.683E+00 m/s²
    x: -9.884E-01 ~ 1.466E+00  y: -1.683E+00 ~ 6.497E-01
  Nodal force / reaction (249 nodes):
    x: -7.422E+06 ~ 1.481E+07  y: -1.988E+07 ~ 3.068E+06  N
    Σx=8.869E+07  Σy=-1.447E+08  N
  Stress (249 gauss points, 4 components):
    Sxx: -1.424E+05 ~ 2.108E+05 Pa
    Syy: -1.108E+05 ~ 2.872E+05 Pa
Block 210: 249 nodes (249 active)
  Ux: -1.280 ~ 1.003 mm
  Uy: -1.256 ~ 1.350 mm
  Velocity (249 nodes): peak = 5.884E-02 m/s
    x: -2.385E-02 ~ 2.050E-02  y: -5.884E-02 ~ 2.276E-02
  Acceleration (relative) (249 nodes): peak = 1.358E+00 m/s²
    x: -7.218E-01 ~ 9.801E-01  y: -6.864E-01 ~ 1.358E+00
  Acceleration (absolute) (249 nodes): peak = 1.358E+00 m/s²
    x: -7.218E-01 ~ 9.801E-01  y: -6.864E-01 ~ 1.358E+00
  Nodal force / reaction (249 nodes):
    x: -8.877E+06 ~ 9.167E+06  y: -1.392E+07 ~ 5.587E+06  N
    Σx=6.517E+06  Σy=-1.266E+08  N
  Stress (249 gauss points, 4 components):
    Sxx: -1.583E+05 ~ 2.106E+05 Pa
    Syy: -1.238E+05 ~ 1.348E+05 Pa
Block 211: 249 nodes (249 active)
  Ux: -0.923 ~ 0.477 mm
  Uy: -1.179 ~ 0.928 mm
  Velocity (249 nodes): peak = 3.915E-02 m/s
    x: -2.585E-02 ~ 1.622E-02  y: -3.606E-02 ~ 3.915E-02
  Acceleration (relative) (249 nodes): peak = 1.433E+00 m/s²
    x: -9.501E-01 ~ 7.320E-01  y: -5.760E-01 ~ 1.433E+00
  Acceleration (absolute) (249 nodes): peak = 1.433E+00 m/s²
    x: -9.501E-01 ~ 7.320E-01  y: -5.760E-01 ~ 1.433E+00
  Nodal force / reaction (249 nodes):
    x: -1.106E+07 ~ 7.022E+06  y: -1.462E+07 ~ 1.059E+07  N
    Σx=-3.834E+07  Σy=-5.804E+06  N
  Stress (249 gauss points, 4 components):
    Sxx: -1.392E+05 ~ 1.066E+05 Pa
    Syy: -2.438E+05 ~ 1.114E+05 Pa
Block 212: 249 nodes (249 active)
  Ux: -0.978 ~ 0.169 mm
  Uy: -1.701 ~ 1.340 mm
  Velocity (249 nodes): peak = 3.336E-02 m/s
    x: -2.167E-02 ~ 2.364E-02  y: -2.730E-02 ~ 2.109E-02
  Acceleration (relative) (249 nodes): peak = 1.374E+00 m/s²
    x: -5.946E-01 ~ 6.166E-01  y: -1.359E+00 ~ 1.374E+00
  Acceleration (absolute) (249 nodes): peak = 1.374E+00 m/s²
    x: -5.946E-01 ~ 6.166E-01  y: -1.359E+00 ~ 1.374E+00
  Nodal force / reaction (249 nodes):
    x: -1.214E+07 ~ 8.952E+06  y: -1.642E+07 ~ 2.362E+07  N
    Σx=-4.677E+07  Σy=7.162E+07  N
  Stress (249 gauss points, 4 components):
    Sxx: -1.365E+05 ~ 1.748E+05 Pa
    Syy: -4.676E+05 ~ 1.499E+05 Pa
Block 213: 249 nodes (249 active)
  Ux: -1.392 ~ 0.737 mm
  Uy: -1.290 ~ 1.396 mm
  Velocity (249 nodes): peak = 4.455E-02 m/s
    x: -1.124E-02 ~ 3.076E-02  y: -3.684E-02 ~ 2.365E-02
  Acceleration (relative) (249 nodes): peak = 1.254E+00 m/s²
    x: -6.866E-01 ~ 8.523E-01  y: -1.254E+00 ~ 5.410E-01
  Acceleration (absolute) (249 nodes): peak = 1.254E+00 m/s²
    x: -6.866E-01 ~ 8.523E-01  y: -1.254E+00 ~ 5.410E-01
  Nodal force / reaction (249 nodes):
    x: -4.557E+06 ~ 1.057E+07  y: -7.212E+06 ~ 1.644E+07  N
    Σx=9.523E+06  Σy=2.287E+07  N
  Stress (249 gauss points, 4 components):
    Sxx: -2.295E+05 ~ 2.481E+05 Pa
    Syy: -3.505E+05 ~ 1.118E+05 Pa
Block 214: 249 nodes (249 active)
  Ux: -1.675 ~ 1.407 mm
  Uy: -1.974 ~ 0.086 mm
  Velocity (249 nodes): peak = 4.081E-02 m/s
    x: -2.356E-02 ~ 4.040E-02  y: -4.049E-02 ~ 8.232E-03
  Acceleration (relative) (249 nodes): peak = 1.330E+00 m/s²
    x: -9.983E-01 ~ 2.709E-01  y: -1.330E+00 ~ 1.169E+00
  Acceleration (absolute) (249 nodes): peak = 1.330E+00 m/s²
    x: -9.983E-01 ~ 2.709E-01  y: -1.330E+00 ~ 1.169E+00
  Nodal force / reaction (249 nodes):
    x: -2.149E+07 ~ 1.221E+07  y: -8.724E+06 ~ 9.768E+06  N
    Σx=-8.246E+07  Σy=-2.059E+07  N
  Stress (249 gauss points, 4 components):
    Sxx: -2.991E+05 ~ 2.748E+05 Pa
    Syy: -1.443E+05 ~ 2.615E+04 Pa
Block 215: 249 nodes (249 active)
  Ux: -2.668 ~ 2.343 mm
  Uy: -1.567 ~ 0.080 mm
  Velocity (249 nodes): peak = 3.475E-02 m/s
    x: -2.312E-02 ~ 1.123E-02  y: -2.570E-02 ~ 3.394E-02
  Acceleration (relative) (249 nodes): peak = 1.752E+00 m/s²
    x: -1.646E+00 ~ 1.752E+00  y: -1.823E-01 ~ 1.237E+00
  Acceleration (absolute) (249 nodes): peak = 1.752E+00 m/s²
    x: -1.646E+00 ~ 1.752E+00  y: -1.823E-01 ~ 1.237E+00
  Nodal force / reaction (249 nodes):
    x: -2.361E+07 ~ 2.008E+07  y: -1.384E+07 ~ 1.905E+07  N
    Σx=-6.376E+07  Σy=1.554E+07  N
  Stress (249 gauss points, 4 components):
    Sxx: -5.129E+05 ~ 4.793E+05 Pa
    Syy: -2.899E+05 ~ 9.892E+03 Pa
Block 216: 249 nodes (249 active)
  Ux: -2.300 ~ 1.448 mm
  Uy: -1.732 ~ 0.323 mm
  Velocity (249 nodes): peak = 6.270E-02 m/s
    x: -5.340E-02 ~ 3.918E-02  y: -7.059E-03 ~ 3.293E-02
  Acceleration (relative) (249 nodes): peak = 1.461E+00 m/s²
    x: -1.452E+00 ~ 1.461E+00  y: -7.174E-01 ~ 1.237E+00
  Acceleration (absolute) (249 nodes): peak = 1.461E+00 m/s²
    x: -1.452E+00 ~ 1.461E+00  y: -7.174E-01 ~ 1.237E+00
  Nodal force / reaction (249 nodes):
    x: -1.680E+06 ~ 1.707E+07  y: -6.539E+06 ~ 2.051E+07  N
    Σx=8.876E+07  Σy=4.973E+07  N
  Stress (249 gauss points, 4 components):
    Sxx: -3.679E+05 ~ 3.984E+05 Pa
    Syy: -4.198E+05 ~ 5.710E+04 Pa
Block 217: 249 nodes (249 active)
  Ux: -1.388 ~ 0.335 mm
  Uy: -1.516 ~ 0.756 mm
  Velocity (249 nodes): peak = 4.985E-02 m/s
    x: -4.823E-02 ~ 3.052E-02  y: -9.328E-03 ~ 3.047E-02
  Acceleration (relative) (249 nodes): peak = 1.434E+00 m/s²
    x: -4.841E-01 ~ 1.286E+00  y: -6.454E-01 ~ 1.038E+00
  Acceleration (absolute) (249 nodes): peak = 1.434E+00 m/s²
    x: -4.841E-01 ~ 1.286E+00  y: -6.454E-01 ~ 1.038E+00
  Nodal force / reaction (249 nodes):
    x: -2.396E+06 ~ 8.215E+06  y: -5.192E+06 ~ 9.956E+06  N
    Σx=7.164E+07  Σy=2.082E+07  N
  Stress (249 gauss points, 4 components):
    Sxx: -1.589E+05 ~ 1.814E+05 Pa
    Syy: -1.835E+05 ~ 1.115E+05 Pa
Block 218: 249 nodes (249 active)
  Ux: -1.607 ~ 0.248 mm
  Uy: -1.464 ~ 1.058 mm
  Velocity (249 nodes): peak = 2.841E-02 m/s
    x: -1.078E-02 ~ 2.841E-02  y: -3.844E-03 ~ 2.374E-02
  Acceleration (relative) (249 nodes): peak = 1.349E+00 m/s²
    x: -7.093E-01 ~ 1.151E+00  y: -7.484E-01 ~ 1.349E+00
  Acceleration (absolute) (249 nodes): peak = 1.349E+00 m/s²
    x: -7.093E-01 ~ 1.151E+00  y: -7.484E-01 ~ 1.349E+00
  Nodal force / reaction (249 nodes):
    x: -3.264E+06 ~ 5.707E+06  y: -7.927E+06 ~ 6.614E+06  N
    Σx=5.532E+07  Σy=1.554E+07  N
  Stress (249 gauss points, 4 components):
    Sxx: -1.337E+05 ~ 7.113E+04 Pa
    Syy: -1.841E+05 ~ 1.494E+05 Pa
Block 219: 249 nodes (249 active)
  Ux: -0.912 ~ 1.009 mm
  Uy: -0.550 ~ 0.855 mm
  Velocity (249 nodes): peak = 4.200E-02 m/s
    x: -7.368E-03 ~ 4.019E-02  y: -1.514E-02 ~ 4.200E-02
  Acceleration (relative) (249 nodes): peak = 9.401E-01 m/s²
    x: -5.588E-01 ~ 5.917E-01  y: -9.401E-01 ~ 6.438E-01
  Acceleration (absolute) (249 nodes): peak = 9.401E-01 m/s²
    x: -5.588E-01 ~ 5.917E-01  y: -9.401E-01 ~ 6.438E-01
  Nodal force / reaction (249 nodes):
    x: -9.913E+06 ~ 2.429E+07  y: -8.646E+06 ~ 9.949E+06  N
    Σx=1.159E+08  Σy=4.633E+07  N
  Stress (249 gauss points, 4 components):
    Sxx: -2.057E+05 ~ 2.490E+05 Pa
    Syy: -8.996E+04 ~ 2.197E+05 Pa
Block 220: 249 nodes (249 active)
  Ux: -0.452 ~ 2.436 mm
  Uy: -0.046 ~ 1.336 mm
  Velocity (249 nodes): peak = 3.299E-02 m/s
    x: -3.866E-04 ~ 2.710E-02  y: -1.341E-02 ~ 3.299E-02
  Acceleration (relative) (249 nodes): peak = 1.364E+00 m/s²
    x: -8.758E-01 ~ 4.480E-01  y: -1.364E+00 ~ 5.339E-01
  Acceleration (absolute) (249 nodes): peak = 1.364E+00 m/s²
    x: -8.758E-01 ~ 4.480E-01  y: -1.364E+00 ~ 5.339E-01
  Nodal force / reaction (249 nodes):
    x: -1.939E+07 ~ 2.213E+07  y: -1.755E+07 ~ 1.595E+07  N
    Σx=3.239E+07  Σy=3.151E+07  N
  Stress (249 gauss points, 4 components):
    Sxx: -4.557E+05 ~ 4.994E+05 Pa
    Syy: -7.194E+04 ~ 2.774E+05 Pa
Block 221: 249 nodes (249 active)
  Ux: -0.074 ~ 2.881 mm
  Uy: -0.314 ~ 2.387 mm
  Velocity (249 nodes): peak = 2.617E-02 m/s
    x: -2.343E-02 ~ 2.137E-02  y: -2.617E-02 ~ 1.947E-02
  Acceleration (relative) (249 nodes): peak = 2.007E+00 m/s²
    x: -2.007E+00 ~ 3.545E-01  y: -1.359E+00 ~ 9.563E-01
  Acceleration (absolute) (249 nodes): peak = 2.007E+00 m/s²
    x: -2.007E+00 ~ 3.545E-01  y: -1.359E+00 ~ 9.563E-01
  Nodal force / reaction (249 nodes):
    x: -2.243E+07 ~ 9.865E+05  y: -2.918E+07 ~ 1.538E+07  N
    Σx=-1.327E+08  Σy=-1.487E+07  N
  Stress (249 gauss points, 4 components):
    Sxx: -4.784E+05 ~ 4.912E+05 Pa
    Syy: -6.695E+04 ~ 5.401E+05 Pa
Block 222: 249 nodes (249 active)
  Ux: -0.289 ~ 1.801 mm
  Uy: -1.245 ~ 2.586 mm
  Velocity (249 nodes): peak = 3.357E-02 m/s
    x: -3.357E-02 ~ 1.556E-02  y: -2.955E-02 ~ 1.421E-02
  Acceleration (relative) (249 nodes): peak = 1.301E+00 m/s²
    x: -8.423E-01 ~ 1.301E+00  y: -9.394E-01 ~ 1.154E+00
  Acceleration (absolute) (249 nodes): peak = 1.301E+00 m/s²
    x: -8.423E-01 ~ 1.301E+00  y: -9.394E-01 ~ 1.154E+00
  Nodal force / reaction (249 nodes):
    x: -1.268E+07 ~ 2.564E+06  y: -2.156E+07 ~ 6.170E+06  N
    Σx=-1.285E+08  Σy=-4.033E+07  N
  Stress (249 gauss points, 4 components):
    Sxx: -2.507E+05 ~ 2.406E+05 Pa
    Syy: -1.123E+05 ~ 4.637E+05 Pa
Block 223: 249 nodes (249 active)
  Ux: -0.416 ~ 0.886 mm
  Uy: -1.127 ~ 2.445 mm
  Velocity (249 nodes): peak = 3.410E-02 m/s
    x: -3.186E-02 ~ 4.523E-03  y: -3.410E-02 ~ 1.702E-02
  Acceleration (relative) (249 nodes): peak = 1.077E+00 m/s²
    x: -8.706E-01 ~ 6.552E-01  y: -1.077E+00 ~ 7.794E-01
  Acceleration (absolute) (249 nodes): peak = 1.077E+00 m/s²
    x: -8.706E-01 ~ 6.552E-01  y: -1.077E+00 ~ 7.794E-01
  Nodal force / reaction (249 nodes):
    x: -5.447E+06 ~ 4.933E+06  y: -9.267E+06 ~ 4.328E+05  N
    Σx=-4.164E+07  Σy=-5.575E+07  N
  Stress (249 gauss points, 4 components):
    Sxx: -1.004E+05 ~ 1.075E+05 Pa
    Syy: -8.423E+04 ~ 2.462E+05 Pa
Block 224: 249 nodes (249 active)
  Ux: -0.389 ~ 0.182 mm
  Uy: -0.831 ~ 1.350 mm
  Velocity (249 nodes): peak = 4.734E-02 m/s
    x: -2.808E-02 ~ 6.687E-03  y: -4.734E-02 ~ 8.303E-03
  Acceleration (relative) (249 nodes): peak = 6.683E-01 m/s²
    x: -5.901E-01 ~ 6.218E-01  y: -6.683E-01 ~ 4.608E-01
  Acceleration (absolute) (249 nodes): peak = 6.683E-01 m/s²
    x: -5.901E-01 ~ 6.218E-01  y: -6.683E-01 ~ 4.608E-01
  Nodal force / reaction (249 nodes):
    x: -7.549E+06 ~ 3.931E+06  y: -1.117E+07 ~ 5.604E+06  N
    Σx=-1.731E+07  Σy=-7.809E+07  N
  Stress (249 gauss points, 4 components):
    Sxx: -7.262E+04 ~ 4.737E+04 Pa
    Syy: -9.574E+04 ~ 1.513E+05 Pa
Block 225: 249 nodes (249 active)
  Ux: -0.866 ~ 0.000 mm
  Uy: -1.020 ~ 0.038 mm
  Velocity (249 nodes): peak = 4.179E-02 m/s
    x: -1.551E-02 ~ 4.145E-03  y: -4.179E-02 ~ 1.442E-02
  Acceleration (relative) (249 nodes): peak = 1.342E+00 m/s²
    x: -2.009E-01 ~ 1.342E+00  y: -3.157E-01 ~ 1.065E+00
  Acceleration (absolute) (249 nodes): peak = 1.342E+00 m/s²
    x: -2.009E-01 ~ 1.342E+00  y: -3.157E-01 ~ 1.065E+00
  Nodal force / reaction (249 nodes):
    x: -3.832E+06 ~ 9.060E+06  y: -1.059E+07 ~ 9.461E+06  N
    Σx=5.380E+07  Σy=-3.747E+07  N
  Stress (249 gauss points, 4 components):
    Sxx: -1.726E+05 ~ 1.796E+05 Pa
    Syy: -2.079E+05 ~ 7.031E+04 Pa
Block 226: 249 nodes (249 active)
  Ux: -0.875 ~ 0.000 mm
  Uy: -1.598 ~ 0.262 mm
  Velocity (249 nodes): peak = 2.917E-02 m/s
    x: -7.799E-03 ~ 7.653E-03  y: -1.110E-02 ~ 2.917E-02
  Acceleration (relative) (249 nodes): peak = 1.208E+00 m/s²
    x: -1.208E+00 ~ 5.051E-01  y: -3.461E-01 ~ 8.831E-01
  Acceleration (absolute) (249 nodes): peak = 1.208E+00 m/s²
    x: -1.208E+00 ~ 5.051E-01  y: -3.461E-01 ~ 8.831E-01
  Nodal force / reaction (249 nodes):
    x: -3.777E+06 ~ 8.440E+06  y: -9.595E+06 ~ 1.743E+07  N
    Σx=5.382E+07  Σy=4.402E+07  N
  Stress (249 gauss points, 4 components):
    Sxx: -1.334E+05 ~ 1.458E+05 Pa
    Syy: -3.426E+05 ~ 7.247E+04 Pa
Block 227: 249 nodes (249 active)
  Ux: -0.920 ~ 0.342 mm
  Uy: -1.443 ~ 1.132 mm
  Velocity (249 nodes): peak = 3.603E-02 m/s
    x: -2.210E-03 ~ 3.603E-02  y: -9.185E-03 ~ 2.002E-02
  Acceleration (relative) (249 nodes): peak = 1.636E+00 m/s²
    x: -1.242E-01 ~ 1.636E+00  y: -9.155E-01 ~ 6.777E-01
  Acceleration (absolute) (249 nodes): peak = 1.636E+00 m/s²
    x: -1.242E-01 ~ 1.636E+00  y: -9.155E-01 ~ 6.777E-01
  Nodal force / reaction (249 nodes):
    x: -2.342E+06 ~ 2.256E+07  y: -3.219E+06 ~ 1.556E+07  N
    Σx=1.610E+08  Σy=6.480E+07  N
  Stress (249 gauss points, 4 components):
    Sxx: -9.590E+04 ~ 7.706E+04 Pa
    Syy: -3.345E+05 ~ 8.585E+04 Pa
Block 228: 249 nodes (249 active)
  Ux: -0.492 ~ 1.480 mm
  Uy: -1.200 ~ 0.912 mm
  Velocity (249 nodes): peak = 3.748E-02 m/s
    x: 0.000E+00 ~ 3.748E-02  y: -1.807E-02 ~ 3.002E-02
  Acceleration (relative) (249 nodes): peak = 8.342E-01 m/s²
    x: -3.978E-01 ~ 8.107E-01  y: -5.160E-01 ~ 6.909E-01
  Acceleration (absolute) (249 nodes): peak = 8.342E-01 m/s²
    x: -3.978E-01 ~ 8.107E-01  y: -5.160E-01 ~ 6.909E-01
  Nodal force / reaction (249 nodes):
    x: -1.231E+07 ~ 2.558E+07  y: -2.734E+06 ~ 9.711E+06  N
    Σx=8.889E+07  Σy=5.078E+07  N
  Stress (249 gauss points, 4 components):
    Sxx: -2.980E+05 ~ 3.328E+05 Pa
    Syy: -1.688E+05 ~ 6.906E+04 Pa
Block 229: 249 nodes (249 active)
  Ux: 0.000 ~ 2.799 mm
  Uy: -0.570 ~ 0.842 mm
  Velocity (249 nodes): peak = 3.640E-02 m/s
    x: -6.758E-03 ~ 3.579E-02  y: -1.763E-02 ~ 3.253E-02
  Acceleration (relative) (249 nodes): peak = 9.403E-01 m/s²
    x: -9.403E-01 ~ 7.810E-02  y: -5.358E-01 ~ 6.940E-01
  Acceleration (absolute) (249 nodes): peak = 9.403E-01 m/s²
    x: -9.403E-01 ~ 7.810E-02  y: -5.358E-01 ~ 6.940E-01
  Nodal force / reaction (249 nodes):
    x: -2.355E+07 ~ 2.363E+07  y: -1.009E+07 ~ 1.007E+07  N
    Σx=-5.119E+06  Σy=4.863E+07  N
  Stress (249 gauss points, 4 components):
    Sxx: -5.470E+05 ~ 5.509E+05 Pa
    Syy: -1.638E+05 ~ 1.781E+05 Pa
Block 230: 249 nodes (249 active)
  Ux: 0.000 ~ 3.154 mm
  Uy: -0.197 ~ 1.540 mm
  Velocity (249 nodes): peak = 3.459E-02 m/s
    x: -1.669E-02 ~ 1.044E-02  y: -5.420E-03 ~ 3.459E-02
  Acceleration (relative) (249 nodes): peak = 1.153E+00 m/s²
    x: -1.152E+00 ~ 1.894E-01  y: -6.419E-01 ~ 3.845E-01
  Acceleration (absolute) (249 nodes): peak = 1.153E+00 m/s²
    x: -1.152E+00 ~ 1.894E-01  y: -6.419E-01 ~ 3.845E-01
  Nodal force / reaction (249 nodes):
    x: -2.425E+07 ~ 1.008E+07  y: -1.502E+07 ~ 1.161E+07  N
    Σx=-1.157E+08  Σy=4.066E+07  N
  Stress (249 gauss points, 4 components):
    Sxx: -5.419E+05 ~ 5.426E+05 Pa
    Syy: -1.025E+05 ~ 2.661E+05 Pa
Block 231: 249 nodes (249 active)
  Ux: -0.011 ~ 2.867 mm
  Uy: -0.380 ~ 2.169 mm
  Velocity (249 nodes): peak = 3.197E-02 m/s
    x: -3.024E-02 ~ 1.238E-02  y: -1.306E-02 ~ 2.277E-02
  Acceleration (relative) (249 nodes): peak = 1.409E+00 m/s²
    x: -5.149E-01 ~ 1.409E+00  y: -8.582E-01 ~ 3.788E-01
  Acceleration (absolute) (249 nodes): peak = 1.409E+00 m/s²
    x: -5.149E-01 ~ 1.409E+00  y: -8.582E-01 ~ 3.788E-01
  Nodal force / reaction (249 nodes):
    x: -2.015E+07 ~ 2.580E+07  y: -2.033E+07 ~ 7.527E+06  N
    Σx=4.598E+06  Σy=-2.059E+07  N
  Stress (249 gauss points, 4 components):
    Sxx: -4.446E+05 ~ 4.527E+05 Pa
    Syy: -6.543E+04 ~ 3.261E+05 Pa
Block 232: 249 nodes (249 active)
  Ux: -0.205 ~ 3.185 mm
  Uy: -0.950 ~ 2.296 mm
  Velocity (249 nodes): peak = 2.603E-02 m/s
    x: -2.601E-02 ~ 9.778E-03  y: -1.943E-02 ~ 6.475E-03
  Acceleration (relative) (249 nodes): peak = 2.228E+00 m/s²
    x: -2.228E+00 ~ 7.466E-01  y: -7.170E-01 ~ 5.948E-01
  Acceleration (absolute) (249 nodes): peak = 2.228E+00 m/s²
    x: -2.228E+00 ~ 7.466E-01  y: -7.170E-01 ~ 5.948E-01
  Nodal force / reaction (249 nodes):
    x: -2.081E+07 ~ 1.671E+07  y: -2.394E+07 ~ 7.804E+06  N
    Σx=-1.866E+07  Σy=-7.446E+07  N
  Stress (249 gauss points, 4 components):
    Sxx: -5.311E+05 ~ 5.615E+05 Pa
    Syy: -6.931E+04 ~ 3.810E+05 Pa
Block 233: 249 nodes (249 active)
  Ux: -0.963 ~ 2.811 mm
  Uy: -0.987 ~ 1.569 mm
  Velocity (249 nodes): peak = 2.829E-02 m/s
    x: -1.916E-02 ~ 8.742E-03  y: -2.829E-02 ~ 7.184E-03
  Acceleration (relative) (249 nodes): peak = 1.003E+00 m/s²
    x: -4.695E-01 ~ 1.003E+00  y: -9.554E-01 ~ 5.964E-01
  Acceleration (absolute) (249 nodes): peak = 1.003E+00 m/s²
    x: -4.695E-01 ~ 1.003E+00  y: -9.554E-01 ~ 5.964E-01
  Nodal force / reaction (249 nodes):
    x: -1.876E+07 ~ 1.990E+07  y: -1.907E+07 ~ 1.511E+06  N
    Σx=4.441E+07  Σy=-8.154E+07  N
  Stress (249 gauss points, 4 components):
    Sxx: -4.476E+05 ~ 4.937E+05 Pa
    Syy: -7.433E+04 ~ 3.281E+05 Pa
Block 234: 249 nodes (249 active)
  Ux: -1.357 ~ 2.558 mm
  Uy: -0.633 ~ 0.891 mm
  Velocity (249 nodes): peak = 2.185E-02 m/s
    x: -1.296E-02 ~ 4.653E-03  y: -2.050E-02 ~ 2.185E-02
  Acceleration (relative) (249 nodes): peak = 8.852E-01 m/s²
    x: -3.855E-01 ~ 5.624E-01  y: -2.778E-01 ~ 8.852E-01
  Acceleration (absolute) (249 nodes): peak = 8.852E-01 m/s²
    x: -3.855E-01 ~ 5.624E-01  y: -2.778E-01 ~ 8.852E-01
  Nodal force / reaction (249 nodes):
    x: -1.738E+07 ~ 1.629E+07  y: -8.598E+06 ~ 9.133E+06  N
    Σx=4.194E+07  Σy=-1.535E+07  N
  Stress (249 gauss points, 4 components):
    Sxx: -3.795E+05 ~ 4.307E+05 Pa
    Syy: -1.135E+05 ~ 1.128E+05 Pa
Block 235: 249 nodes (249 active)
  Ux: -1.533 ~ 2.025 mm
  Uy: -0.901 ~ 0.742 mm
  Velocity (249 nodes): peak = 2.931E-02 m/s
    x: -2.931E-02 ~ 1.340E-02  y: -1.548E-02 ~ 1.038E-02
  Acceleration (relative) (249 nodes): peak = 2.316E+00 m/s²
    x: -2.316E+00 ~ 6.590E-01  y: -1.004E+00 ~ 4.372E-01
  Acceleration (absolute) (249 nodes): peak = 2.316E+00 m/s²
    x: -2.316E+00 ~ 6.590E-01  y: -1.004E+00 ~ 4.372E-01
  Nodal force / reaction (249 nodes):
    x: -1.321E+07 ~ 3.208E+06  y: -6.853E+06 ~ 1.246E+07  N
    Σx=-8.861E+07  Σy=1.034E+07  N
  Stress (249 gauss points, 4 components):
    Sxx: -2.849E+05 ~ 3.456E+05 Pa
    Syy: -2.176E+05 ~ 7.179E+04 Pa
Block 236: 249 nodes (249 active)
  Ux: -1.114 ~ 0.498 mm
  Uy: -0.763 ~ 0.369 mm
  Velocity (249 nodes): peak = 4.552E-02 m/s
    x: -4.552E-02 ~ 2.828E-02  y: -2.246E-02 ~ 8.991E-03
  Acceleration (relative) (249 nodes): peak = 8.324E-01 m/s²
    x: -5.403E-01 ~ 7.288E-01  y: -8.324E-01 ~ 6.989E-01
  Acceleration (absolute) (249 nodes): peak = 8.324E-01 m/s²
    x: -5.403E-01 ~ 7.288E-01  y: -8.324E-01 ~ 6.989E-01
  Nodal force / reaction (249 nodes):
    x: -1.892E+07 ~ 3.175E+06  y: -1.021E+07 ~ 8.294E+06  N
    Σx=-1.112E+08  Σy=-1.660E+07  N
  Stress (249 gauss points, 4 components):
    Sxx: -9.693E+04 ~ 5.025E+04 Pa
    Syy: -2.275E+05 ~ 8.187E+04 Pa
Block 237: 249 nodes (249 active)
  Ux: -0.935 ~ 0.491 mm
  Uy: -1.212 ~ 0.032 mm
  Velocity (249 nodes): peak = 4.404E-02 m/s
    x: -2.410E-02 ~ 4.306E-02  y: -2.948E-02 ~ 6.511E-03
  Acceleration (relative) (249 nodes): peak = 1.160E+00 m/s²
    x: -4.761E-01 ~ 1.160E+00  y: -3.732E-01 ~ 8.879E-01
  Acceleration (absolute) (249 nodes): peak = 1.160E+00 m/s²
    x: -4.761E-01 ~ 1.160E+00  y: -3.732E-01 ~ 8.879E-01
  Nodal force / reaction (249 nodes):
    x: -2.507E+06 ~ 9.871E+06  y: -1.453E+07 ~ 7.521E+06  N
    Σx=3.138E+07  Σy=-4.361E+07  N
  Stress (249 gauss points, 4 components):
    Sxx: -1.976E+05 ~ 2.183E+05 Pa
    Syy: -1.707E+05 ~ 8.353E+04 Pa
Block 238: 249 nodes (249 active)
  Ux: -0.841 ~ 1.659 mm
  Uy: -1.465 ~ 0.026 mm
  Velocity (249 nodes): peak = 2.919E-02 m/s
    x: -1.160E-02 ~ 2.196E-02  y: -2.919E-02 ~ 1.909E-02
  Acceleration (relative) (249 nodes): peak = 1.194E+00 m/s²
    x: -1.115E+00 ~ 9.522E-01  y: -7.057E-01 ~ 9.331E-01
  Acceleration (absolute) (249 nodes): peak = 1.194E+00 m/s²
    x: -1.115E+00 ~ 9.522E-01  y: -7.057E-01 ~ 9.331E-01
  Nodal force / reaction (249 nodes):
    x: -2.193E+06 ~ 8.540E+06  y: -1.055E+07 ~ 1.413E+07  N
    Σx=6.148E+07  Σy=-2.156E+07  N
  Stress (249 gauss points, 4 components):
    Sxx: -1.369E+05 ~ 1.122E+05 Pa
    Syy: -2.957E+05 ~ 1.097E+05 Pa
Block 239: 249 nodes (249 active)
  Ux: -0.475 ~ 1.632 mm
  Uy: -1.879 ~ 0.261 mm
  Velocity (249 nodes): peak = 2.712E-02 m/s
    x: -2.035E-02 ~ 2.052E-02  y: -2.692E-02 ~ 1.852E-02
  Acceleration (relative) (249 nodes): peak = 1.165E+00 m/s²
    x: -1.056E+00 ~ 5.822E-01  y: -6.886E-01 ~ 1.165E+00
  Acceleration (absolute) (249 nodes): peak = 1.165E+00 m/s²
    x: -1.056E+00 ~ 5.822E-01  y: -6.886E-01 ~ 1.165E+00
  Nodal force / reaction (249 nodes):
    x: -1.035E+07 ~ 2.434E+06  y: -6.490E+06 ~ 1.501E+07  N
    Σx=-5.931E+07  Σy=2.326E+07  N
  Stress (249 gauss points, 4 components):
    Sxx: -8.812E+04 ~ 1.198E+05 Pa
    Syy: -2.733E+05 ~ 1.031E+05 Pa
Block 240: 249 nodes (249 active)
  Ux: -0.899 ~ 0.534 mm
  Uy: -1.873 ~ 0.749 mm
  Velocity (249 nodes): peak = 3.063E-02 m/s
    x: -3.027E-02 ~ 1.432E-02  y: -8.263E-03 ~ 2.442E-02
  Acceleration (relative) (249 nodes): peak = 1.057E+00 m/s²
    x: -7.936E-01 ~ 5.463E-01  y: -4.489E-01 ~ 1.043E+00
  Acceleration (absolute) (249 nodes): peak = 1.057E+00 m/s²
    x: -7.936E-01 ~ 5.463E-01  y: -4.489E-01 ~ 1.043E+00
  Nodal force / reaction (249 nodes):
    x: -1.390E+07 ~ 6.247E+06  y: -8.387E+06 ~ 1.684E+07  N
    Σx=-7.329E+07  Σy=7.358E+07  N
  Stress (249 gauss points, 4 components):
    Sxx: -1.299E+05 ~ 1.565E+05 Pa
    Syy: -2.900E+05 ~ 8.411E+04 Pa
Block 241: 249 nodes (249 active)
  Ux: -1.389 ~ 0.257 mm
  Uy: -1.115 ~ 1.103 mm
  Velocity (249 nodes): peak = 3.404E-02 m/s
    x: -2.253E-02 ~ 6.849E-03  y: -9.436E-03 ~ 3.404E-02
  Acceleration (relative) (249 nodes): peak = 1.070E+00 m/s²
    x: -1.070E+00 ~ 5.938E-01  y: -1.011E+00 ~ 8.915E-01
  Acceleration (absolute) (249 nodes): peak = 1.070E+00 m/s²
    x: -1.070E+00 ~ 5.938E-01  y: -1.011E+00 ~ 8.915E-01
  Nodal force / reaction (249 nodes):
    x: -2.003E+07 ~ 1.202E+07  y: -7.154E+06 ~ 1.419E+07  N
    Σx=-7.690E+07  Σy=4.562E+07  N
  Stress (249 gauss points, 4 components):
    Sxx: -2.401E+05 ~ 2.748E+05 Pa
    Syy: -2.832E+05 ~ 9.053E+04 Pa
Block 242: 249 nodes (249 active)
  Ux: -2.479 ~ 0.204 mm
  Uy: -0.563 ~ 0.717 mm
  Velocity (249 nodes): peak = 2.684E-02 m/s
    x: -2.198E-02 ~ 8.345E-03  y: -2.684E-02 ~ 1.374E-02
  Acceleration (relative) (249 nodes): peak = 1.582E+00 m/s²
    x: -4.100E-01 ~ 1.582E+00  y: -1.023E+00 ~ 3.922E-01
  Acceleration (absolute) (249 nodes): peak = 1.582E+00 m/s²
    x: -4.100E-01 ~ 1.582E+00  y: -1.023E+00 ~ 3.922E-01
  Nodal force / reaction (249 nodes):
    x: -1.846E+07 ~ 1.994E+07  y: -7.276E+06 ~ 5.906E+06  N
    Σx=-1.090E+07  Σy=-5.432E+07  N
  Stress (249 gauss points, 4 components):
    Sxx: -4.307E+05 ~ 4.841E+05 Pa
    Syy: -1.016E+05 ~ 7.816E+04 Pa
Block 243: 249 nodes (249 active)
  Ux: -2.849 ~ 0.200 mm
  Uy: -0.673 ~ 0.538 mm
  Velocity (249 nodes): peak = 3.058E-02 m/s
    x: -1.346E-02 ~ 2.692E-02  y: -2.157E-02 ~ 1.536E-02
  Acceleration (relative) (249 nodes): peak = 1.212E+00 m/s²
    x: -1.212E+00 ~ 5.427E-01  y: -6.418E-01 ~ 1.144E+00
  Acceleration (absolute) (249 nodes): peak = 1.212E+00 m/s²
    x: -1.212E+00 ~ 5.427E-01  y: -6.418E-01 ~ 1.144E+00
  Nodal force / reaction (249 nodes):
    x: -2.268E+07 ~ 2.362E+07  y: -9.754E+06 ~ 2.873E+06  N
    Σx=-4.448E+06  Σy=-8.457E+07  N
  Stress (249 gauss points, 4 components):
    Sxx: -4.883E+05 ~ 5.437E+05 Pa
    Syy: -7.600E+04 ~ 9.577E+04 Pa
Block 244: 249 nodes (249 active)
  Ux: -2.851 ~ 0.415 mm
  Uy: -1.138 ~ 0.846 mm
  Velocity (249 nodes): peak = 1.997E-02 m/s
    x: -5.051E-03 ~ 1.951E-02  y: -1.713E-02 ~ 1.997E-02
  Acceleration (relative) (249 nodes): peak = 1.039E+00 m/s²
    x: -9.770E-01 ~ 8.899E-01  y: -4.580E-01 ~ 8.118E-01
  Acceleration (absolute) (249 nodes): peak = 1.039E+00 m/s²
    x: -9.770E-01 ~ 8.899E-01  y: -4.580E-01 ~ 8.118E-01
  Nodal force / reaction (249 nodes):
    x: -7.217E+06 ~ 2.240E+07  y: -7.423E+06 ~ 1.080E+07  N
    Σx=8.701E+07  Σy=-2.296E+07  N
  Stress (249 gauss points, 4 components):
    Sxx: -4.518E+05 ~ 5.200E+05 Pa
    Syy: -1.725E+05 ~ 6.478E+04 Pa
Block 245: 249 nodes (249 active)
  Ux: -2.179 ~ 0.285 mm
  Uy: -1.194 ~ 0.951 mm
  Velocity (249 nodes): peak = 2.398E-02 m/s
    x: -1.868E-02 ~ 1.617E-02  y: -1.673E-02 ~ 2.398E-02
  Acceleration (relative) (249 nodes): peak = 2.029E+00 m/s²
    x: -2.029E+00 ~ 2.314E-01  y: -6.807E-01 ~ 6.515E-01
  Acceleration (absolute) (249 nodes): peak = 2.029E+00 m/s²
    x: -2.029E+00 ~ 2.314E-01  y: -6.807E-01 ~ 6.515E-01
  Nodal force / reaction (249 nodes):
    x: -1.812E+07 ~ 1.487E+07  y: -1.155E+06 ~ 1.469E+07  N
    Σx=-2.546E+07  Σy=4.223E+07  N
  Stress (249 gauss points, 4 components):
    Sxx: -2.949E+05 ~ 3.606E+05 Pa
    Syy: -2.443E+05 ~ 7.143E+04 Pa
Block 246: 249 nodes (249 active)
  Ux: -2.018 ~ 0.291 mm
  Uy: -1.229 ~ 1.041 mm
  Velocity (249 nodes): peak = 2.729E-02 m/s
    x: -4.538E-03 ~ 1.865E-02  y: -2.718E-02 ~ 1.465E-02
  Acceleration (relative) (249 nodes): peak = 1.650E+00 m/s²
    x: -3.376E-01 ~ 1.650E+00  y: -7.777E-01 ~ 7.329E-01
  Acceleration (absolute) (249 nodes): peak = 1.650E+00 m/s²
    x: -3.376E-01 ~ 1.650E+00  y: -7.777E-01 ~ 7.329E-01
  Nodal force / reaction (249 nodes):
    x: -2.578E+06 ~ 1.199E+07  y: -4.937E+06 ~ 1.205E+07  N
    Σx=3.535E+07  Σy=5.426E+07  N
  Stress (249 gauss points, 4 components):
    Sxx: -3.174E+05 ~ 3.177E+05 Pa
    Syy: -1.540E+05 ~ 7.424E+04 Pa
Block 247: 249 nodes (249 active)
  Ux: -1.367 ~ 0.390 mm
  Uy: -0.885 ~ 0.732 mm
  Velocity (249 nodes): peak = 2.837E-02 m/s
    x: -4.391E-03 ~ 2.340E-02  y: -1.618E-02 ~ 1.884E-02
  Acceleration (relative) (249 nodes): peak = 7.883E-01 m/s²
    x: -2.857E-01 ~ 2.926E-01  y: -7.725E-01 ~ 7.883E-01
  Acceleration (absolute) (249 nodes): peak = 7.883E-01 m/s²
    x: -2.857E-01 ~ 2.926E-01  y: -7.725E-01 ~ 7.883E-01
  Nodal force / reaction (249 nodes):
    x: -5.309E+06 ~ 8.939E+06  y: -8.440E+06 ~ 6.842E+06  N
    Σx=-7.316E+06  Σy=5.221E+07  N
  Stress (249 gauss points, 4 components):
    Sxx: -2.157E+05 ~ 1.803E+05 Pa
    Syy: -1.017E+05 ~ 1.491E+05 Pa
Block 248: 249 nodes (249 active)
  Ux: -0.705 ~ 0.998 mm
  Uy: -0.994 ~ 0.881 mm
  Velocity (249 nodes): peak = 2.529E-02 m/s
    x: -5.137E-03 ~ 2.529E-02  y: -1.752E-02 ~ 1.531E-02
  Acceleration (relative) (249 nodes): peak = 8.516E-01 m/s²
    x: -5.902E-01 ~ 1.579E-01  y: -6.611E-01 ~ 6.186E-01
  Acceleration (absolute) (249 nodes): peak = 8.516E-01 m/s²
    x: -5.902E-01 ~ 1.579E-01  y: -6.611E-01 ~ 6.186E-01
  Nodal force / reaction (249 nodes):
    x: -2.681E+06 ~ 4.998E+06  y: -8.263E+06 ~ 1.025E+07  N
    Σx=3.390E+07  Σy=2.593E+07  N
  Stress (249 gauss points, 4 components):
    Sxx: -9.083E+04 ~ 8.582E+04 Pa
    Syy: -7.649E+04 ~ 1.978E+05 Pa
Block 249: 249 nodes (249 active)
  Ux: -0.105 ~ 1.075 mm
  Uy: -0.518 ~ 0.762 mm
  Velocity (249 nodes): peak = 2.389E-02 m/s
    x: -8.511E-03 ~ 1.351E-02  y: -1.361E-02 ~ 2.247E-02
  Acceleration (relative) (249 nodes): peak = 1.340E+00 m/s²
    x: -1.340E+00 ~ 2.320E-01  y: -3.905E-01 ~ 9.179E-01
  Acceleration (absolute) (249 nodes): peak = 1.340E+00 m/s²
    x: -1.340E+00 ~ 2.320E-01  y: -3.905E-01 ~ 9.179E-01
  Nodal force / reaction (249 nodes):
    x: -6.672E+06 ~ 1.985E+06  y: -8.556E+06 ~ 9.002E+06  N
    Σx=-5.103E+07  Σy=1.710E+07  N
  Stress (249 gauss points, 4 components):
    Sxx: -5.939E+04 ~ 9.075E+04 Pa
    Syy: -8.349E+04 ~ 1.994E+05 Pa
Block 250: 249 nodes (249 active)
  Ux: -0.292 ~ 0.478 mm
  Uy: -0.620 ~ 0.883 mm
  Velocity (249 nodes): peak = 2.634E-02 m/s
    x: -2.347E-02 ~ 5.118E-03  y: -8.924E-03 ~ 1.543E-02
  Acceleration (relative) (249 nodes): peak = 1.162E+00 m/s²
    x: -1.162E+00 ~ 1.735E-01  y: -5.289E-01 ~ 5.319E-01
  Acceleration (absolute) (249 nodes): peak = 1.162E+00 m/s²
    x: -1.162E+00 ~ 1.735E-01  y: -5.289E-01 ~ 5.319E-01
  Nodal force / reaction (249 nodes):
    x: -8.939E+06 ~ 2.142E+06  y: -9.364E+06 ~ 6.891E+06  N
    Σx=-6.198E+07  Σy=6.862E+06  N
  Stress (249 gauss points, 4 components):
    Sxx: -3.467E+04 ~ 5.050E+04 Pa
    Syy: -5.354E+04 ~ 2.142E+05 Pa

--- Step 5: Converting to VTP ---
Mesh: 249 nodes, 216 elements, 3 groups
Results: 1500 data blocks
Steps (blocks): 250
  → result_b1.vtp
  → result_b2.vtp
  → result_b3.vtp
  → result_b4.vtp
  → result_b5.vtp
  → result_b6.vtp
  → result_b7.vtp
  → result_b8.vtp
  → result_b9.vtp
  → result_b10.vtp
  → result_b11.vtp
  → result_b12.vtp
  → result_b13.vtp
  → result_b14.vtp
  → result_b15.vtp
  → result_b16.vtp
  → result_b17.vtp
  → result_b18.vtp
  → result_b19.vtp
  → result_b20.vtp
  → result_b21.vtp
  → result_b22.vtp
  → result_b23.vtp
  → result_b24.vtp
  → result_b25.vtp
  → result_b26.vtp
  → result_b27.vtp
  → result_b28.vtp
  → result_b29.vtp
  → result_b30.vtp
  → result_b31.vtp
  → result_b32.vtp
  → result_b33.vtp
  → result_b34.vtp
  → result_b35.vtp
  → result_b36.vtp
  → result_b37.vtp
  → result_b38.vtp
  → result_b39.vtp
  → result_b40.vtp
  → result_b41.vtp
  → result_b42.vtp
  → result_b43.vtp
  → result_b44.vtp
  → result_b45.vtp
  → result_b46.vtp
  → result_b47.vtp
  → result_b48.vtp
  → result_b49.vtp
  → result_b50.vtp
  → result_b51.vtp
  → result_b52.vtp
  → result_b53.vtp
  → result_b54.vtp
  → result_b55.vtp
  → result_b56.vtp
  → result_b57.vtp
  → result_b58.vtp
  → result_b59.vtp
  → result_b60.vtp
  → result_b61.vtp
  → result_b62.vtp
  → result_b63.vtp
  → result_b64.vtp
  → result_b65.vtp
  → result_b66.vtp
  → result_b67.vtp
  → result_b68.vtp
  → result_b69.vtp
  → result_b70.vtp
  → result_b71.vtp
  → result_b72.vtp
  → result_b73.vtp
  → result_b74.vtp
  → result_b75.vtp
  → result_b76.vtp
  → result_b77.vtp
  → result_b78.vtp
  → result_b79.vtp
  → result_b80.vtp
  → result_b81.vtp
  → result_b82.vtp
  → result_b83.vtp
  → result_b84.vtp
  → result_b85.vtp
  → result_b86.vtp
  → result_b87.vtp
  → result_b88.vtp
  → result_b89.vtp
  → result_b90.vtp
  → result_b91.vtp
  → result_b92.vtp
  → result_b93.vtp
  → result_b94.vtp
  → result_b95.vtp
  → result_b96.vtp
  → result_b97.vtp
  → result_b98.vtp
  → result_b99.vtp
  → result_b100.vtp
  → result_b101.vtp
  → result_b102.vtp
  → result_b103.vtp
  → result_b104.vtp
  → result_b105.vtp
  → result_b106.vtp
  → result_b107.vtp
  → result_b108.vtp
  → result_b109.vtp
  → result_b110.vtp
  → result_b111.vtp
  → result_b112.vtp
  → result_b113.vtp
  → result_b114.vtp
  → result_b115.vtp
  → result_b116.vtp
  → result_b117.vtp
  → result_b118.vtp
  → result_b119.vtp
  → result_b120.vtp
  → result_b121.vtp
  → result_b122.vtp
  → result_b123.vtp
  → result_b124.vtp
  → result_b125.vtp
  → result_b126.vtp
  → result_b127.vtp
  → result_b128.vtp
  → result_b129.vtp
  → result_b130.vtp
  → result_b131.vtp
  → result_b132.vtp
  → result_b133.vtp
  → result_b134.vtp
  → result_b135.vtp
  → result_b136.vtp
  → result_b137.vtp
  → result_b138.vtp
  → result_b139.vtp
  → result_b140.vtp
  → result_b141.vtp
  → result_b142.vtp
  → result_b143.vtp
  → result_b144.vtp
  → result_b145.vtp
  → result_b146.vtp
  → result_b147.vtp
  → result_b148.vtp
  → result_b149.vtp
  → result_b150.vtp
  → result_b151.vtp
  → result_b152.vtp
  → result_b153.vtp
  → result_b154.vtp
  → result_b155.vtp
  → result_b156.vtp
  → result_b157.vtp
  → result_b158.vtp
  → result_b159.vtp
  → result_b160.vtp
  → result_b161.vtp
  → result_b162.vtp
  → result_b163.vtp
  → result_b164.vtp
  → result_b165.vtp
  → result_b166.vtp
  → result_b167.vtp
  → result_b168.vtp
  → result_b169.vtp
  → result_b170.vtp
  → result_b171.vtp
  → result_b172.vtp
  → result_b173.vtp
  → result_b174.vtp
  → result_b175.vtp
  → result_b176.vtp
  → result_b177.vtp
  → result_b178.vtp
  → result_b179.vtp
  → result_b180.vtp
  → result_b181.vtp
  → result_b182.vtp
  → result_b183.vtp
  → result_b184.vtp
  → result_b185.vtp
  → result_b186.vtp
  → result_b187.vtp
  → result_b188.vtp
  → result_b189.vtp
  → result_b190.vtp
  → result_b191.vtp
  → result_b192.vtp
  → result_b193.vtp
  → result_b194.vtp
  → result_b195.vtp
  → result_b196.vtp
  → result_b197.vtp
  → result_b198.vtp
  → result_b199.vtp
  → result_b200.vtp
  → result_b201.vtp
  → result_b202.vtp
  → result_b203.vtp
  → result_b204.vtp
  → result_b205.vtp
  → result_b206.vtp
  → result_b207.vtp
  → result_b208.vtp
  → result_b209.vtp
  → result_b210.vtp
  → result_b211.vtp
  → result_b212.vtp
  → result_b213.vtp
  → result_b214.vtp
  → result_b215.vtp
  → result_b216.vtp
  → result_b217.vtp
  → result_b218.vtp
  → result_b219.vtp
  → result_b220.vtp
  → result_b221.vtp
  → result_b222.vtp
  → result_b223.vtp
  → result_b224.vtp
  → result_b225.vtp
  → result_b226.vtp
  → result_b227.vtp
  → result_b228.vtp
  → result_b229.vtp
  → result_b230.vtp
  → result_b231.vtp
  → result_b232.vtp
  → result_b233.vtp
  → result_b234.vtp
  → result_b235.vtp
  → result_b236.vtp
  → result_b237.vtp
  → result_b238.vtp
  → result_b239.vtp
  → result_b240.vtp
  → result_b241.vtp
  → result_b242.vtp
  → result_b243.vtp
  → result_b244.vtp
  → result_b245.vtp
  → result_b246.vtp
  → result_b247.vtp
  → result_b248.vtp
  → result_b249.vtp
  → result_b250.vtp
VTP files: ['result_b1.vtp', 'result_b2.vtp', 'result_b3.vtp', 'result_b4.vtp', 'result_b5.vtp', 'result_b6.vtp', 'result_b7.vtp', 'result_b8.vtp', 'result_b9.vtp', 'result_b10.vtp', 'result_b11.vtp', 'result_b12.vtp', 'result_b13.vtp', 'result_b14.vtp', 'result_b15.vtp', 'result_b16.vtp', 'result_b17.vtp', 'result_b18.vtp', 'result_b19.vtp', 'result_b20.vtp', 'result_b21.vtp', 'result_b22.vtp', 'result_b23.vtp', 'result_b24.vtp', 'result_b25.vtp', 'result_b26.vtp', 'result_b27.vtp', 'result_b28.vtp', 'result_b29.vtp', 'result_b30.vtp', 'result_b31.vtp', 'result_b32.vtp', 'result_b33.vtp', 'result_b34.vtp', 'result_b35.vtp', 'result_b36.vtp', 'result_b37.vtp', 'result_b38.vtp', 'result_b39.vtp', 'result_b40.vtp', 'result_b41.vtp', 'result_b42.vtp', 'result_b43.vtp', 'result_b44.vtp', 'result_b45.vtp', 'result_b46.vtp', 'result_b47.vtp', 'result_b48.vtp', 'result_b49.vtp', 'result_b50.vtp', 'result_b51.vtp', 'result_b52.vtp', 'result_b53.vtp', 'result_b54.vtp', 'result_b55.vtp', 'result_b56.vtp', 'result_b57.vtp', 'result_b58.vtp', 'result_b59.vtp', 'result_b60.vtp', 'result_b61.vtp', 'result_b62.vtp', 'result_b63.vtp', 'result_b64.vtp', 'result_b65.vtp', 'result_b66.vtp', 'result_b67.vtp', 'result_b68.vtp', 'result_b69.vtp', 'result_b70.vtp', 'result_b71.vtp', 'result_b72.vtp', 'result_b73.vtp', 'result_b74.vtp', 'result_b75.vtp', 'result_b76.vtp', 'result_b77.vtp', 'result_b78.vtp', 'result_b79.vtp', 'result_b80.vtp', 'result_b81.vtp', 'result_b82.vtp', 'result_b83.vtp', 'result_b84.vtp', 'result_b85.vtp', 'result_b86.vtp', 'result_b87.vtp', 'result_b88.vtp', 'result_b89.vtp', 'result_b90.vtp', 'result_b91.vtp', 'result_b92.vtp', 'result_b93.vtp', 'result_b94.vtp', 'result_b95.vtp', 'result_b96.vtp', 'result_b97.vtp', 'result_b98.vtp', 'result_b99.vtp', 'result_b100.vtp', 'result_b101.vtp', 'result_b102.vtp', 'result_b103.vtp', 'result_b104.vtp', 'result_b105.vtp', 'result_b106.vtp', 'result_b107.vtp', 'result_b108.vtp', 'result_b109.vtp', 'result_b110.vtp', 'result_b111.vtp', 'result_b112.vtp', 'result_b113.vtp', 'result_b114.vtp', 'result_b115.vtp', 'result_b116.vtp', 'result_b117.vtp', 'result_b118.vtp', 'result_b119.vtp', 'result_b120.vtp', 'result_b121.vtp', 'result_b122.vtp', 'result_b123.vtp', 'result_b124.vtp', 'result_b125.vtp', 'result_b126.vtp', 'result_b127.vtp', 'result_b128.vtp', 'result_b129.vtp', 'result_b130.vtp', 'result_b131.vtp', 'result_b132.vtp', 'result_b133.vtp', 'result_b134.vtp', 'result_b135.vtp', 'result_b136.vtp', 'result_b137.vtp', 'result_b138.vtp', 'result_b139.vtp', 'result_b140.vtp', 'result_b141.vtp', 'result_b142.vtp', 'result_b143.vtp', 'result_b144.vtp', 'result_b145.vtp', 'result_b146.vtp', 'result_b147.vtp', 'result_b148.vtp', 'result_b149.vtp', 'result_b150.vtp', 'result_b151.vtp', 'result_b152.vtp', 'result_b153.vtp', 'result_b154.vtp', 'result_b155.vtp', 'result_b156.vtp', 'result_b157.vtp', 'result_b158.vtp', 'result_b159.vtp', 'result_b160.vtp', 'result_b161.vtp', 'result_b162.vtp', 'result_b163.vtp', 'result_b164.vtp', 'result_b165.vtp', 'result_b166.vtp', 'result_b167.vtp', 'result_b168.vtp', 'result_b169.vtp', 'result_b170.vtp', 'result_b171.vtp', 'result_b172.vtp', 'result_b173.vtp', 'result_b174.vtp', 'result_b175.vtp', 'result_b176.vtp', 'result_b177.vtp', 'result_b178.vtp', 'result_b179.vtp', 'result_b180.vtp', 'result_b181.vtp', 'result_b182.vtp', 'result_b183.vtp', 'result_b184.vtp', 'result_b185.vtp', 'result_b186.vtp', 'result_b187.vtp', 'result_b188.vtp', 'result_b189.vtp', 'result_b190.vtp', 'result_b191.vtp', 'result_b192.vtp', 'result_b193.vtp', 'result_b194.vtp', 'result_b195.vtp', 'result_b196.vtp', 'result_b197.vtp', 'result_b198.vtp', 'result_b199.vtp', 'result_b200.vtp', 'result_b201.vtp', 'result_b202.vtp', 'result_b203.vtp', 'result_b204.vtp', 'result_b205.vtp', 'result_b206.vtp', 'result_b207.vtp', 'result_b208.vtp', 'result_b209.vtp', 'result_b210.vtp', 'result_b211.vtp', 'result_b212.vtp', 'result_b213.vtp', 'result_b214.vtp', 'result_b215.vtp', 'result_b216.vtp', 'result_b217.vtp', 'result_b218.vtp', 'result_b219.vtp', 'result_b220.vtp', 'result_b221.vtp', 'result_b222.vtp', 'result_b223.vtp', 'result_b224.vtp', 'result_b225.vtp', 'result_b226.vtp', 'result_b227.vtp', 'result_b228.vtp', 'result_b229.vtp', 'result_b230.vtp', 'result_b231.vtp', 'result_b232.vtp', 'result_b233.vtp', 'result_b234.vtp', 'result_b235.vtp', 'result_b236.vtp', 'result_b237.vtp', 'result_b238.vtp', 'result_b239.vtp', 'result_b240.vtp', 'result_b241.vtp', 'result_b242.vtp', 'result_b243.vtp', 'result_b244.vtp', 'result_b245.vtp', 'result_b246.vtp', 'result_b247.vtp', 'result_b248.vtp', 'result_b249.vtp', 'result_b250.vtp']

已生成可视化文件：result_b1.vtp, result_b2.vtp, result_b3.vtp, result_b4.vtp, result_b5.vtp, result_b6.vtp, result_b7.vtp, result_b8.vtp, result_b9.vtp, result_b10.vtp, result_b11.vtp, result_b12.vtp, result_b13.vtp, result_b14.vtp, result_b15.vtp, result_b16.vtp, result_b17.vtp, result_b18.vtp, result_b19.vtp, result_b20.vtp, result_b21.vtp, result_b22.vtp, result_b23.vtp, result_b24.vtp, result_b25.vtp, result_b26.vtp, result_b27.vtp, result_b28.vtp, result_b29.vtp, result_b30.vtp, result_b31.vtp, result_b32.vtp, result_b33.vtp, result_b34.vtp, result_b35.vtp, result_b36.vtp, result_b37.vtp, result_b38.vtp, result_b39.vtp, result_b40.vtp, result_b41.vtp, result_b42.vtp, result_b43.vtp, result_b44.vtp, result_b45.vtp, result_b46.vtp, result_b47.vtp, result_b48.vtp, result_b49.vtp, result_b50.vtp, result_b51.vtp, result_b52.vtp, result_b53.vtp, result_b54.vtp, result_b55.vtp, result_b56.vtp, result_b57.vtp, result_b58.vtp, result_b59.vtp, result_b60.vtp, result_b61.vtp, result_b62.vtp, result_b63.vtp, result_b64.vtp, result_b65.vtp, result_b66.vtp, result_b67.vtp, result_b68.vtp, result_b69.vtp, result_b70.vtp, result_b71.vtp, result_b72.vtp, result_b73.vtp, result_b74.vtp, result_b75.vtp, result_b76.vtp, result_b77.vtp, result_b78.vtp, result_b79.vtp, result_b80.vtp, result_b81.vtp, result_b82.vtp, result_b83.vtp, result_b84.vtp, result_b85.vtp, result_b86.vtp, result_b87.vtp, result_b88.vtp, result_b89.vtp, result_b90.vtp, result_b91.vtp, result_b92.vtp, result_b93.vtp, result_b94.vtp, result_b95.vtp, result_b96.vtp, result_b97.vtp, result_b98.vtp, result_b99.vtp, result_b100.vtp, result_b101.vtp, result_b102.vtp, result_b103.vtp, result_b104.vtp, result_b105.vtp, result_b106.vtp, result_b107.vtp, result_b108.vtp, result_b109.vtp, result_b110.vtp, result_b111.vtp, result_b112.vtp, result_b113.vtp, result_b114.vtp, result_b115.vtp, result_b116.vtp, result_b117.vtp, result_b118.vtp, result_b119.vtp, result_b120.vtp, result_b121.vtp, result_b122.vtp, result_b123.vtp, result_b124.vtp, result_b125.vtp, result_b126.vtp, result_b127.vtp, result_b128.vtp, result_b129.vtp, result_b130.vtp, result_b131.vtp, result_b132.vtp, result_b133.vtp, result_b134.vtp, result_b135.vtp, result_b136.vtp, result_b137.vtp, result_b138.vtp, result_b139.vtp, result_b140.vtp, result_b141.vtp, result_b142.vtp, result_b143.vtp, result_b144.vtp, result_b145.vtp, result_b146.vtp, result_b147.vtp, result_b148.vtp, result_b149.vtp, result_b150.vtp, result_b151.vtp, result_b152.vtp, result_b153.vtp, result_b154.vtp, result_b155.vtp, result_b156.vtp, result_b157.vtp, result_b158.vtp, result_b159.vtp, result_b160.vtp, result_b161.vtp, result_b162.vtp, result_b163.vtp, result_b164.vtp, result_b165.vtp, result_b166.vtp, result_b167.vtp, result_b168.vtp, result_b169.vtp, result_b170.vtp, result_b171.vtp, result_b172.vtp, result_b173.vtp, result_b174.vtp, result_b175.vtp, result_b176.vtp, result_b177.vtp, result_b178.vtp, result_b179.vtp, result_b180.vtp, result_b181.vtp, result_b182.vtp, result_b183.vtp, result_b184.vtp, result_b185.vtp, result_b186.vtp, result_b187.vtp, result_b188.vtp, result_b189.vtp, result_b190.vtp, result_b191.vtp, result_b192.vtp, result_b193.vtp, result_b194.vtp, result_b195.vtp, result_b196.vtp, result_b197.vtp, result_b198.vtp, result_b199.vtp, result_b200.vtp, result_b201.vtp, result_b202.vtp, result_b203.vtp, result_b204.vtp, result_b205.vtp, result_b206.vtp, result_b207.vtp, result_b208.vtp, result_b209.vtp, result_b210.vtp, result_b211.vtp, result_b212.vtp, result_b213.vtp, result_b214.vtp, result_b215.vtp, result_b216.vtp, result_b217.vtp, result_b218.vtp, result_b219.vtp, result_b220.vtp, result_b221.vtp, result_b222.vtp, result_b223.vtp, result_b224.vtp, result_b225.vtp, result_b226.vtp, result_b227.vtp, result_b228.vtp, result_b229.vtp, result_b230.vtp, result_b231.vtp, result_b232.vtp, result_b233.vtp, result_b234.vtp, result_b235.vtp, result_b236.vtp, result_b237.vtp, result_b238.vtp, result_b239.vtp, result_b240.vtp, result_b241.vtp, result_b242.vtp, result_b243.vtp, result_b244.vtp, result_b245.vtp, result_b246.vtp, result_b247.vtp, result_b248.vtp, result_b249.vtp, result_b250.vtp
BC overlay: bc_overlay.vtp

=== Pipeline complete ===
       107
 outinp=           0
 iiter=           1
Begin forming various matrix       at 2026-08-27 10:02:37 
 ktsmat=           0
Begin assemble golbal matrix       at 2026-08-27 10:02:37 
 ntelgroup=           0
Begin factorize global matrix      at 2026-08-27 10:02:37 
 Factorization completed ... 
Begin solution global equation     at 2026-08-27 10:02:37 
                     istep=         107 iiter=           1
                     conver_load check
 resid=  7.493378388577621E-015 retot=  8.054963825653796E+015
 ratio1=  9.645106657998873E-016 ratio2=  8.180489551541125E-016
 nchek0=           0 toler_force=  1.000000000000000E-005
 nchek=           0
                    conver_nodal_value check
               Convergence check for displacement
 ratio1=  2.717059653653164E-002 ratio2=  1.841939408252971E-002
                            not converged for checki=           1
 iiter=           2
Begin forming various matrix       at 2026-08-27 10:02:37 
 ktsmat=           0
 ntelgroup=           0
Begin solution global equation     at 2026-08-27 10:02:37 
                     istep=         107 iiter=           2
                     conver_load check
 resid=  4.443712891767815E-015 retot=  8.054963825653796E+015
 ratio1=  7.427474997055744E-016 ratio2=  6.286857710906606E-016
 nchek0=           0 toler_force=  1.000000000000000E-005
 nchek=           0
                    conver_nodal_value check
               Convergence check for displacement
 ratio1=  8.422269893296353E-017 ratio2=  9.792031542224251E-017
 nchek=           0
 ***********RESTART FILE IS UPDATED!*******
 time: 10:02:36
 iblks=           1 iincs=           1 istep=         108
 outinp=           0
 iiter=           1
Begin forming various matrix       at 2026-08-27 10:02:37 
 ktsmat=           0
Begin assemble golbal matrix       at 2026-08-27 10:02:37 
 ntelgroup=           0
Begin factorize global matrix      at 2026-08-27 10:02:37 
 Factorization completed ... 
Begin solution global equation     at 2026-08-27 10:02:37 
                     istep=         108 iiter=           1
                     conver_load check
 resid=  3.768335393579262E-015 retot=  8.054475042963085E+015
 ratio1=  6.840000833032490E-016 ratio2=  5.531016840125079E-016
 nchek0=           0 toler_force=  1.000000000000000E-005
 nchek=           0
                    conver_nodal_value check
               Convergence check for displacement
 ratio1=  4.931426091489214E-002 ratio2=  7.036059565974688E-002
                            not converged for checki=           1
 iiter=           2
Begin forming various matrix       at 2026-08-27 10:02:37 
 ktsmat=           0
 ntelgroup=           0
Begin solution global equation     at 2026-08-27 10:02:37 
                     istep=         108 iiter=           2
                     conver_load check
 resid=  1.945374094698644E-015 retot=  8.054475042963085E+015
 ratio1=  4.914540790988466E-016 ratio2=  4.424813472100063E-016
 nchek0=           0 toler_force=  1.000000000000000E-005
 nchek=           0
                    conver_nodal_value check
               Convergence check for displacement
 ratio1=  5.753988346732825E-017 ratio2=  7.325705869059206E-017
 nchek=           0
 ***********RESTART FILE IS UPDATED!*******
 time: 10:02:36
 iblks=           1 iincs=           1 istep=         109
 outinp=           0
 iiter=           1
Begin forming various matrix       at 2026-08-27 10:02:37 
 ktsmat=           0
Begin assemble golbal matrix       at 2026-08-27 10:02:37 
 ntelgroup=           0
Begin factorize global matrix      at 2026-08-27 10:02:37 
 Factorization completed ... 
Begin solution global equation     at 2026-08-27 10:02:37 
                     istep=         109 iiter=           1
                     conver_load check
 resid=  2.338482706488101E-015 retot=  6.043121231658338E+015
 ratio1=  6.220659469504002E-016 ratio2=  4.261885796276531E-016
 nchek0=           0 toler_force=  1.000000000000000E-005
 nchek=           0
                    conver_nodal_value check
               Convergence check for displacement
 ratio1=  3.193281326791788E-002 ratio2=  4.155071039186728E-002
                            not converged for checki=           1
 iiter=           2
Begin forming various matrix       at 2026-08-27 10:02:37 
 ktsmat=           0
 ntelgroup=           0
Begin solution global equation     at 2026-08-27 10:02:37 
                     istep=         109 iiter=           2
                     conver_load check
 resid=  2.035647189678883E-015 retot=  6.043121231658338E+015
 ratio1=  5.803909095341089E-016 ratio2=  5.732802133044537E-016
 nchek0=           0 toler_force=  1.000000000000000E-005
 nchek=           0
                    conver_nodal_value check
               Convergence check for displacement
 ratio1=  3.009234681256181E-017 ratio2=  3.499622987443137E-017
 nchek=           0
 ***********RESTART FILE IS UPDATED!*******
 time: 10:02:36
 iblks=           1 iincs=           1 istep=         110
 outinp=           0
 iiter=           1
Begin forming various matrix       at 2026-08-27 10:02:37 
 ktsmat=           0
Begin assemble golbal matrix       at 2026-08-27 10:02:37 
 ntelgroup=           0
Begin factorize global matrix      at 2026-08-27 10:02:37 
 Factorization completed ... 
Begin solution global equation     at 2026-08-27 10:02:37 
                     istep=         110 iiter=           1
                     conver_load check
 resid=  2.559833668433010E-015 retot=  4.201069504733610E+015
 ratio1=  7.805953143557252E-016 ratio2=  8.106491771346494E-016
 nchek0=           0 toler_force=  1.000000000000000E-005
 nchek=           0
                    conver_nodal_value check
               Convergence check for displacement
 ratio1=  2.752803244362382E-002 ratio2=  2.809074535754143E-002
                            not converged for checki=           1
 iiter=           2
Begin forming various matrix       at 2026-08-27 10:02:37 
 ktsmat=           0
 ntelgroup=           0
Begin solution global equation     at 2026-08-27 10:02:37 
                     istep=         110 iiter=           2
                     conver_load check
 resid=  1.668477483190807E-015 retot=  4.201069504733610E+015
 ratio1=  6.302026740508292E-016 ratio2=  1.022347369889558E-015
 nchek0=           0 toler_force=  1.000000000000000E-005
 nchek=           0
                    conver_nodal_value check
               Convergence check for displacement
 ratio1=  6.627424394843989E-017 ratio2=  1.093707015866348E-016
 nchek=           0
 ***********RESTART FILE IS UPDATED!*******
 time: 10:02:36
 iblks=           1 iincs=           1 istep=         111
 outinp=           0
 iiter=           1
Begin forming various matrix       at 2026-08-27 10:02:37 
 ktsmat=           0
Begin assemble golbal matrix       at 2026-08-27 10:02:37 
 ntelgroup=           0
Begin factorize global matrix      at 2026-08-27 10:02:37 
 Factorization completed ... 
Begin solution global equation     at 2026-08-27 10:02:37 
                     istep=         111 iiter=           1
                     conver_load check
 resid=  5.970558326203488E-015 retot=  2.823439114836568E+015
 ratio1=  1.454180307620763E-015 ratio2=  1.232304487888968E-015
 nchek0=           0 toler_force=  1.000000000000000E-005
 nchek=           0
                    conver_nodal_value check
               Convergence check for displacement
 ratio1=  5.206946013174549E-002 ratio2=  7.214626207152923E-002
                            not converged for checki=           1
 iiter=           2
Begin forming various matrix       at 2026-08-27 10:02:37 
 ktsmat=           0
 ntelgroup=           0
Begin solution global equation     at 2026-08-27 10:02:37 
                     istep=         111 iiter=           2
                     conver_load check
 resid=  7.112388586467123E-015 retot=  2.823439114836568E+015
 ratio1=  1.587152014579209E-015 ratio2=  1.955992736672820E-015
 nchek0=           0 toler_force=  1.000000000000000E-005
 nchek=           0
                    conver_nodal_value check
               Convergence check for displacement
 ratio1=  1.256757106668833E-016 ratio2=  2.325446383196994E-016
 nchek=           0
 ***********RESTART FILE IS UPDATED!*******
 time: 10:02:36
 iblks=           1 iincs=           1 istep=         112
 outinp=           0
 iiter=           1
Begin forming various matrix       at 2026-08-27 10:02:37 
 ktsmat=           0
Begin assemble golbal matrix       at 2026-08-27 10:02:37 
 ntelgroup=           0
Begin factorize global matrix      at 2026-08-27 10:02:37 
 Factorization completed ... 
Begin solution global equation     at 2026-08-27 10:02:37 
                     istep=         112 iiter=           1
                     conver_load check
 resid=  1.442678771002646E-014 retot=  3.551714364087576E+015
 ratio1=  2.015421117449083E-015 ratio2=  2.448468621622173E-015
 nchek0=           0 toler_force=  1.000000000000000E-005
 nchek=           0
                    conver_nodal_value check
               Convergence check for displacement
 ratio1=  3.292487179129667E-002 ratio2=  2.362061321817169E-002
                            not converged for checki=           1
 iiter=           2
Begin forming various matrix       at 2026-08-27 10:02:37 
 ktsmat=           0
 ntelgroup=           0
Begin solution global equation     at 2026-08-27 10:02:37 
                     istep=         112 iiter=           2
                     conver_load check
 resid=  1.020002551246758E-014 retot=  3.551714364087576E+015
 ratio1=  1.694656232475702E-015 ratio2=  1.682154014854928E-015
 nchek0=           0 toler_force=  1.000000000000000E-005
 nchek=           0
                    conver_nodal_value check
               Convergence check for displacement
 ratio1=  7.922440246043941E-017 ratio2=  9.039585032122967E-017
 nchek=           0
 ***********RESTART FILE IS UPDATED!*******
 time: 10:02:36
 iblks=           1 iincs=           1 istep=         113
 outinp=           0
 iiter=           1
Begin forming various matrix       at 2026-08-27 10:02:37 
 ktsmat=           0
Begin assemble golbal matrix       at 2026-08-27 10:02:37 
 ntelgroup=           0
Begin factorize global matrix      at 2026-08-27 10:02:37 
 Factorization completed ... 
Begin solution global equation     at 2026-08-27 10:02:37 
                     istep=         113 iiter=           1
                     conver_load check
 resid=  8.807185043842502E-015 retot=  4.299558299239634E+015
 ratio1=  1.431220801110096E-015 ratio2=  1.416732536756820E-015
 nchek0=           0 toler_force=  1.000000000000000E-005
 nchek=           0
                    conver_nodal_value check
               Convergence check for displacement
 ratio1=  4.716504770281298E-002 ratio2=  4.023568258916303E-002
                            not converged for checki=           1
 iiter=           2
Begin forming various matrix       at 2026-08-27 10:02:37 
 ktsmat=           0
 ntelgroup=           0
Begin solution global equation     at 2026-08-27 10:02:37 
                     istep=         113 iiter=           2
                     conver_load check
 resid=  1.098722251404332E-014 retot=  4.299558299239634E+015
 ratio1=  1.598571400711917E-015 ratio2=  1.263446721304443E-015
 nchek0=           0 toler_force=  1.000000000000000E-005
 nchek=           0
                    conver_nodal_value check
               Convergence check for displacement
 ratio1=  6.754965064878757E-017 ratio2=  7.020647824328276E-017
 nchek=           0
 ***********RESTART FILE IS UPDATED!*******
 time: 10:02:36
 iblks=           1 iincs=           1 istep=         114
 outinp=           0
 iiter=           1
Begin forming various matrix       at 2026-08-27 10:02:37 
 ktsmat=           0
Begin assemble golbal matrix       at 2026-08-27 10:02:37 
 ntelgroup=           0
Begin factorize global matrix      at 2026-08-27 10:02:37 
 Factorization completed ... 
Begin solution global equation     at 2026-08-27 10:02:37 
                     istep=         114 iiter=           1
                     conver_load check
 resid=  8.137383980289655E-015 retot=  5.089704795260987E+015
 ratio1=  1.264433832901893E-015 ratio2=  1.601842929473712E-015
 nchek0=           0 toler_force=  1.000000000000000E-005
 nchek=           0
                    conver_nodal_value check
               Convergence check for displacement
 ratio1=  4.530038120402687E-002 ratio2=  6.178814445477245E-002
                            not converged for checki=           1
 iiter=           2
Begin forming various matrix       at 2026-08-27 10:02:37 
 ktsmat=           0
 ntelgroup=           0
Begin solution global equation     at 2026-08-27 10:02:37 
                     istep=         114 iiter=           2
                     conver_load check
 resid=  6.043029137959273E-015 retot=  5.089704795260987E+015
 ratio1=  1.089635006377603E-015 ratio2=  1.743348488614499E-015
 nchek0=           0 toler_force=  1.000000000000000E-005
 nchek=           0
                    conver_nodal_value check
               Convergence check for displacement
 ratio1=  8.090409298662323E-017 ratio2=  1.352148482203841E-016
 nchek=           0
 ***********RESTART FILE IS UPDATED!*******
 time: 10:02:36
 iblks=           1 iincs=           1 istep=         115
 outinp=           0
 iiter=           1
Begin forming various matrix       at 2026-08-27 10:02:37 
 ktsmat=           0
Begin assemble golbal matrix       at 2026-08-27 10:02:37 
 ntelgroup=           0
Begin factorize global matrix      at 2026-08-27 10:02:37 
 Factorization completed ... 
Begin solution global equation     at 2026-08-27 10:02:37 
                     istep=         115 iiter=           1
                     conver_load check
 resid=  4.913807880937032E-015 retot=  5.924683537438688E+015
 ratio1=  9.107024551098173E-016 ratio2=  9.893760926841888E-016
 nchek0=           0 toler_force=  1.000000000000000E-005
 nchek=           0
                    conver_nodal_value check
               Convergence check for displacement
 ratio1=  3.115264873900505E-002 ratio2=  5.121769546148155E-002
                            not converged for checki=           1
 iiter=           2
Begin forming various matrix       at 2026-08-27 10:02:37 
 ktsmat=           0
 ntelgroup=           0
Begin solution global equation     at 2026-08-27 10:02:37 
                     istep=         115 iiter=           2
                     conver_load check
 resid=  4.303620963257197E-015 retot=  5.924683537438688E+015
 ratio1=  8.522841821148359E-016 ratio2=  1.106346665218280E-015
 nchek0=           0 toler_force=  1.000000000000000E-005
 nchek=           0
                    conver_nodal_value check
               Convergence check for displacement
 ratio1=  4.834768337390194E-017 ratio2=  6.553223662813146E-017
 nchek=           0
 ***********RESTART FILE IS UPDATED!*******
 time: 10:02:36
 iblks=           1 iincs=           1 istep=         116
 outinp=           0
 iiter=           1
Begin forming various matrix       at 2026-08-27 10:02:37 
 ktsmat=           0
Begin assemble golbal matrix       at 2026-08-27 10:02:37 
 ntelgroup=           0
Begin factorize global matrix      at 2026-08-27 10:02:37 
 Factorization completed ... 
Begin solution global equation     at 2026-08-27 10:02:37 
                     istep=         116 iiter=           1
                     conver_load check
 resid=  3.799532211666100E-015 retot=  6.271741371738525E+015
 ratio1=  7.783429478452789E-016 ratio2=  6.936766448957639E-016
 nchek0=           0 toler_force=  1.000000000000000E-005
 nchek=           0
                    conver_nodal_value check
               Convergence check for displacement
 ratio1=  2.428485800502273E-002 ratio2=  4.036829114604849E-002
                            not converged for checki=           1
 iiter=           2
Begin forming various matrix       at 2026-08-27 10:02:37 
 ktsmat=           0
 ntelgroup=           0
Begin solution global equation     at 2026-08-27 10:02:37 
                     istep=         116 iiter=           2
                     conver_load check
 resid=  1.967896865995463E-015 retot=  6.271741371738525E+015
 ratio1=  5.601535549743972E-016 ratio2=  5.416709801012139E-016
 nchek0=           0 toler_force=  1.000000000000000E-005
 nchek=           0
                    conver_nodal_value check
               Convergence check for displacement
 ratio1=  3.127199500048560E-017 ratio2=  4.638187367320627E-017
 nchek=           0
 ***********RESTART FILE IS UPDATED!*******
 time: 10:02:36
 iblks=           1 iincs=           1 istep=         117
 outinp=           0
 iiter=           1
Begin forming various matrix       at 2026-08-27 10:02:37 
 ktsmat=           0
Begin assemble golbal matrix       at 2026-08-27 10:02:37 
 ntelgroup=           0
Begin factorize global matrix      at 2026-08-27 10:02:37 
 Factorization completed ... 
Begin solution global equation     at 2026-08-27 10:02:37 
                     istep=         117 iiter=           1
                     conver_load check
 resid=  2.521513490564473E-015 retot=  6.217439051164208E+015
 ratio1=  6.368320024809700E-016 ratio2=  6.071775050563128E-016
 nchek0=           0 toler_force=  1.000000000000000E-005
 nchek=           0
                    conver_nodal_value check
               Convergence check for displacement
 ratio1=  5.514126296168727E-002 ratio2=  9.300999620480331E-002
                            not converged for checki=           1
 iiter=           2
Begin forming various matrix       at 2026-08-27 10:02:37 
 ktsmat=           0
 ntelgroup=           0
Begin solution global equation     at 2026-08-27 10:02:37 
                     istep=         117 iiter=           2
                     conver_load check
 resid=  1.119764835266340E-015 retot=  6.217439051164208E+015
 ratio1=  4.243826732420255E-016 ratio2=  3.286975967222145E-016
 nchek0=           0 toler_force=  1.000000000000000E-005
 nchek=           0
                    conver_nodal_value check
               Convergence check for displacement
 ratio1=  4.386507020737638E-017 ratio2=  8.336569848899058E-017
 nchek=           0
 ***********RESTART FILE IS UPDATED!*******
 time: 10:02:36
 iblks=           1 iincs=           1 istep=         118
 outinp=           0
 iiter=           1
Begin forming various matrix       at 2026-08-27 10:02:37 
 ktsmat=           0
Begin assemble golbal matrix       at 2026-08-27 10:02:37 
 ntelgroup=           0
Begin factorize global matrix      at 2026-08-27 10:02:37 
 Factorization completed ... 
Begin solution global equation     at 2026-08-27 10:02:37 
                     istep=         118 iiter=           1
                     conver_load check
 resid=  3.189358924937252E-015 retot=  5.613277334399090E+015
 ratio1=  7.537779836666920E-016 ratio2=  7.874843798315130E-016
 nchek0=           0 toler_force=  1.000000000000000E-005
 nchek=           0
                    conver_nodal_value check
               Convergence check for displacement
 ratio1=  4.588793593349333E-002 ratio2=  6.877251322450356E-002
                            not converged for checki=           1
 iiter=           2
Begin forming various matrix       at 2026-08-27 10:02:37 
 ktsmat=           0
 ntelgroup=           0
Begin solution global equation     at 2026-08-27 10:02:37 
                     istep=         118 iiter=           2
                     conver_load check
 resid=  1.867721364849553E-015 retot=  5.613277334399090E+015
 ratio1=  5.768299391133064E-016 ratio2=  4.499910741894361E-016
 nchek0=           0 toler_force=  1.000000000000000E-005
 nchek=           0
                    conver_nodal_value check
               Convergence check for displacement
 ratio1=  9.971983165208676E-017 ratio2=  1.405961497018269E-016
 nchek=           0
 ***********RESTART FILE IS UPDATED!*******
 time: 10:02:36
 iblks=           1 iincs=           1 istep=         119
 outinp=           0
 iiter=           1
Begin forming various matrix       at 2026-08-27 10:02:37 
 ktsmat=           0
Begin assemble golbal matrix       at 2026-08-27 10:02:37 
 ntelgroup=           0
Begin factorize global matrix      at 2026-08-27 10:02:37 
 Factorization completed ... 
Begin solution global equation     at 2026-08-27 10:02:37 
                     istep=         119 iiter=           1
                     conver_load check
 resid=  3.815815352173969E-015 retot=  5.445200877015893E+015
 ratio1=  8.371180813602800E-016 ratio2=  6.320807805189346E-016
 nchek0=           0 toler_force=  1.000000000000000E-005
 nchek=           0
                    conver_nodal_value check
               Convergence check for displacement
 ratio1=  2.938321509309869E-002 ratio2=  2.988415946922031E-002
                            not converged for checki=           1
 iiter=           2
Begin forming various matrix       at 2026-08-27 10:02:37 
 ktsmat=           0
 ntelgroup=           0
Begin solution global equation     at 2026-08-27 10:02:37 
                     istep=         119 iiter=           2
                     conver_load check
 resid=  2.854761064175668E-015 retot=  5.445200877015893E+015
 ratio1=  7.240656244421467E-016 ratio2=  3.687137886360451E-016
 nchek0=           0 toler_force=  1.000000000000000E-005
 nchek=           0
                    conver_nodal_value check
               Convergence check for displacement
 ratio1=  6.368705836944537E-017 ratio2=  8.269017473919405E-017
 nchek=           0
 ***********RESTART FILE IS UPDATED!*******
 time: 10:02:36
 iblks=           1 iincs=           1 istep=         120
 outinp=           0
 iiter=           1
Begin forming various matrix       at 2026-08-27 10:02:37 
 ktsmat=           0
Begin assemble golbal matrix       at 2026-08-27 10:02:37 
 ntelgroup=           0
Begin factorize global matrix      at 2026-08-27 10:02:37 
 Factorization completed ... 
Begin solution global equation     at 2026-08-27 10:02:37 
                     istep=         120 iiter=           1
                     conver_load check
 resid=  8.378953685920441E-015 retot=  3.511442504797364E+015
 ratio1=  1.544728339063457E-015 ratio2=  7.686499886083494E-016
 nchek0=           0 toler_force=  1.000000000000000E-005
 nchek=           0
                    conver_nodal_value check
               Convergence check for displacement
 ratio1=  4.921692693629428E-002 ratio2=  7.085097242620897E-002
                            not converged for checki=           1
 iiter=           2
Begin forming various matrix       at 2026-08-27 10:02:37 
 ktsmat=           0
 ntelgroup=           0
Begin solution global equation     at 2026-08-27 10:02:37 
                     istep=         120 iiter=           2
                     conver_load check
 resid=  3.258294817067923E-015 retot=  3.511442504797364E+015
 ratio1=  9.632796994569850E-016 ratio2=  6.799596053073860E-016
 nchek0=           0 toler_force=  1.000000000000000E-005
 nchek=           0
                    conver_nodal_value check
               Convergence check for displacement
 ratio1=  6.143576504539961E-017 ratio2=  8.918224044707822E-017
 nchek=           0
 ***********RESTART FILE IS UPDATED!*******
 time: 10:02:36
 iblks=           1 iincs=           1 istep=         121
 outinp=           0
 iiter=           1
Begin forming various matrix       at 2026-08-27 10:02:37 
 ktsmat=           0
Begin assemble golbal matrix       at 2026-08-27 10:02:37 
 ntelgroup=           0
Begin factorize global matrix      at 2026-08-27 10:02:37 
 Factorization completed ... 
Begin solution global equation     at 2026-08-27 10:02:37 
                     istep=         121 iiter=           1
                     conver_load check
 resid=  6.538334601265844E-015 retot=  2.523877746184612E+015
 ratio1=  1.609531252312860E-015 ratio2=  1.098098244824127E-015
 nchek0=           0 toler_force=  1.000000000000000E-005
 nchek=           0
                    conver_nodal_value check
               Convergence check for displacement
 ratio1=  2.605799084976508E-002 ratio2=  4.530896851040463E-002
                            not converged for checki=           1
 iiter=           2
Begin forming various matrix       at 2026-08-27 10:02:37 
 ktsmat=           0
 ntelgroup=           0
Begin solution global equation     at 2026-08-27 10:02:37 
                     istep=         121 iiter=           2
                     conver_load check
 resid=  4.006262762967869E-015 retot=  2.523877746184612E+015
 ratio1=  1.259898497574317E-015 ratio2=  8.472395940668910E-016
 nchek0=           0 toler_force=  1.000000000000000E-005
 nchek=           0
                    conver_nodal_value check
               Convergence check for displacement
 ratio1=  4.983117370320408E-017 ratio2=  7.440479820113531E-017
 nchek=           0
 ***********RESTART FILE IS UPDATED!*******
 time: 10:02:36
 iblks=           1 iincs=           1 istep=         122
 outinp=           0
 iiter=           1
Begin forming various matrix       at 2026-08-27 10:02:37 
 ktsmat=           0
Begin assemble golbal matrix       at 2026-08-27 10:02:37 
 ntelgroup=           0
Begin factorize global matrix      at 2026-08-27 10:02:37 
 Factorization completed ... 
Begin solution global equation     at 2026-08-27 10:02:37 
                     istep=         122 iiter=           1
                     conver_load check
 resid=  4.951870819425717E-015 retot=  1.772513026203556E+015
 ratio1=  1.671436706747018E-015 ratio2=  1.317566805834768E-015
 nchek0=           0 toler_force=  1.000000000000000E-005
 nchek=           0
                    conver_nodal_value check
               Convergence check for displacement
 ratio1=  2.489374409932092E-002 ratio2=  5.453675235379646E-002
                            not converged for checki=           1
 iiter=           2
Begin forming various matrix       at 2026-08-27 10:02:37 
 ktsmat=           0
 ntelgroup=           0
Begin solution global equation     at 2026-08-27 10:02:37 
                     istep=         122 iiter=           2
                     conver_load check
 resid=  4.639633928108161E-015 retot=  1.772513026203556E+015
 ratio1=  1.617883105821950E-015 ratio2=  1.761378782537005E-015
 nchek0=           0 toler_force=  1.000000000000000E-005
 nchek=           0
                    conver_nodal_value check
               Convergence check for displacement
 ratio1=  4.920284384915292E-017 ratio2=  8.291948209045923E-017
 nchek=           0
 ***********RESTART FILE IS UPDATED!*******
 time: 10:02:36
 iblks=           1 iincs=           1 istep=         123
 outinp=           0
 iiter=           1
Begin forming various matrix       at 2026-08-27 10:02:37 
 ktsmat=           0
Begin assemble golbal matrix       at 2026-08-27 10:02:37 
 ntelgroup=           0
Begin factorize global matrix      at 2026-08-27 10:02:37 
 Factorization completed ... 
Begin solution global equation     at 2026-08-27 10:02:37 
                     istep=         123 iiter=           1
                     conver_load check
 resid=  5.674100326312108E-015 retot=  1.599641343710614E+015
 ratio1=  1.883376708010511E-015 ratio2=  1.559992116493173E-015
 nchek0=           0 toler_force=  1.000000000000000E-005
 nchek=           0
                    conver_nodal_value check
               Convergence check for displacement
 ratio1=  2.657650680789357E-002 ratio2=  4.203160540708059E-002
                            not converged for checki=           1
 iiter=           2
Begin forming various matrix       at 2026-08-27 10:02:37 
 ktsmat=           0
 ntelgroup=           0
Begin solution global equation     at 2026-08-27 10:02:37 
                     istep=         123 iiter=           2
                     conver_load check
 resid=  2.849797905175215E-015 retot=  1.599641343710614E+015
 ratio1=  1.334737066714175E-015 ratio2=  9.642808412389122E-016
 nchek0=           0 toler_force=  1.000000000000000E-005
 nchek=           0
                    conver_nodal_value check
               Convergence check for displacement
 ratio1=  1.158718266291794E-016 ratio2=  5.127057923071016E-016
 nchek=           0
 ***********RESTART FILE IS UPDATED!*******
 time: 10:02:36
 iblks=           1 iincs=           1 istep=         124
 outinp=           0
 iiter=           1
Begin forming various matrix       at 2026-08-27 10:02:37 
 ktsmat=           0
Begin assemble golbal matrix       at 2026-08-27 10:02:37 
 ntelgroup=           0
Begin factorize global matrix      at 2026-08-27 10:02:37 
 Factorization completed ... 
Begin solution global equation     at 2026-08-27 10:02:37 
                     istep=         124 iiter=           1
                     conver_load check
 resid=  3.144407704869984E-015 retot=  1.897907260102174E+015
 ratio1=  1.287158213533128E-015 ratio2=  1.114246973493596E-015
 nchek0=           0 toler_force=  1.000000000000000E-005
 nchek=           0
                    conver_nodal_value check
               Convergence check for displacement
 ratio1=  2.626519213704481E-002 ratio2=  3.935525444842158E-002
                            not converged for checki=           1
 iiter=           2
Begin forming various matrix       at 2026-08-27 10:02:37 
 ktsmat=           0
 ntelgroup=           0
Begin solution global equation     at 2026-08-27 10:02:37 
                     istep=         124 iiter=           2
                     conver_load check
 resid=  1.889297872699981E-015 retot=  1.897907260102174E+015
 ratio1=  9.977292954768730E-016 ratio2=  9.467646029943002E-016
 nchek0=           0 toler_force=  1.000000000000000E-005
 nchek=           0
                    conver_nodal_value check
               Convergence check for displacement
 ratio1=  3.768353551743771E-017 ratio2=  1.014969406735777E-016
 nchek=           0
 ***********RESTART FILE IS UPDATED!*******
 time: 10:02:36
 iblks=           1 iincs=           1 istep=         125
 outinp=           0
 iiter=           1
Begin forming various matrix       at 2026-08-27 10:02:37 
 ktsmat=           0
Begin assemble golbal matrix       at 2026-08-27 10:02:37 
 ntelgroup=           0
Begin factorize global matrix      at 2026-08-27 10:02:37 
 Factorization completed ... 
Begin solution global equation     at 2026-08-27 10:02:37 
                     istep=         125 iiter=           1
                     conver_load check
 resid=  2.608490070139486E-015 retot=  1.348348104261606E+015
 ratio1=  1.390892545313260E-015 ratio2=  1.141112923435684E-015
 nchek0=           0 toler_force=  1.000000000000000E-005
 nchek=           0
                    conver_nodal_value check
               Convergence check for displacement
 ratio1=  3.431658228324538E-002 ratio2=  0.103560318963266     
                            not converged for checki=           1
 iiter=           2
Begin forming various matrix       at 2026-08-27 10:02:37 
 ktsmat=           0
 ntelgroup=           0
Begin solution global equation     at 2026-08-27 10:02:37 
                     istep=         125 iiter=           2
                     conver_load check
 resid=  1.730076094260871E-015 retot=  1.348348104261607E+015
 ratio1=  1.132743524539132E-015 ratio2=  8.973800660028195E-016
 nchek0=           0 toler_force=  1.000000000000000E-005
 nchek=           0
                    conver_nodal_value check
               Convergence check for displacement
 ratio1=  4.991811092026913E-017 ratio2=  1.677822928235882E-016
 nchek=           0
 ***********RESTART FILE IS UPDATED!*******
 time: 10:02:36
 iblks=           1 iincs=           1 istep=         126
 outinp=           0
 iiter=           1
Begin forming various matrix       at 2026-08-27 10:02:37 
 ktsmat=           0
Begin assemble golbal matrix       at 2026-08-27 10:02:37 
 ntelgroup=           0
Begin factorize global matrix      at 2026-08-27 10:02:37 
 Factorization completed ... 
Begin solution global equation     at 2026-08-27 10:02:37 
                     istep=         126 iiter=           1
                     conver_load check
 resid=  1.869433020688089E-015 retot=  1.289224896458897E+015
 ratio1=  1.204177790526482E-015 ratio2=  7.823695065052194E-016
 nchek0=           0 toler_force=  1.000000000000000E-005
 nchek=           0
                    conver_nodal_value check
               Convergence check for displacement
 ratio1=  2.603139994930150E-002 ratio2=  6.393813783930483E-002
                            not converged for checki=           1
 iiter=           2
Begin forming various matrix       at 2026-08-27 10:02:37 
 ktsmat=           0
 ntelgroup=           0
Begin solution global equation     at 2026-08-27 10:02:37 
                     istep=         126 iiter=           2
                     conver_load check
 resid=  1.948578714491287E-015 retot=  1.289224896458897E+015
 ratio1=  1.229404038063457E-015 ratio2=  1.241586390758283E-015
 nchek0=           0 toler_force=  1.000000000000000E-005
 nchek=           0
                    conver_nodal_value check
               Convergence check for displacement
 ratio1=  3.890319979765141E-017 ratio2=  8.880657531022225E-017
 nchek=           0
 ***********RESTART FILE IS UPDATED!*******
 time: 10:02:36
 iblks=           1 iincs=           1 istep=         127
 outinp=           0
 iiter=           1
Begin forming various matrix       at 2026-08-27 10:02:37 
 ktsmat=           0
Begin assemble golbal matrix       at 2026-08-27 10:02:37 
 ntelgroup=           0
Begin factorize global matrix      at 2026-08-27 10:02:37 
 Factorization completed ... 
Begin solution global equation     at 2026-08-27 10:02:37 
                     istep=         127 iiter=           1
                     conver_load check
 resid=  2.140179143921554E-015 retot=  1.101260065134368E+015
 ratio1=  1.394055673989335E-015 ratio2=  9.007572899675581E-016
 nchek0=           0 toler_force=  1.000000000000000E-005
 nchek=           0
                    conver_nodal_value check
               Convergence check for displacement
 ratio1=  1.833126996053048E-002 ratio2=  2.660090007704428E-002
                            not converged for checki=           1
 iiter=           2
Begin forming various matrix       at 2026-08-27 10:02:37 
 ktsmat=           0
 ntelgroup=           0
Begin solution global equation     at 2026-08-27 10:02:37 
                     istep=         127 iiter=           2
                     conver_load check
 resid=  1.304683525864752E-015 retot=  1.101260065134368E+015
 ratio1=  1.088447895351455E-015 ratio2=  7.235591345641040E-016
 nchek0=           0 toler_force=  1.000000000000000E-005
 nchek=           0
                    conver_nodal_value check
               Convergence check for displacement
 ratio1=  5.220905279805377E-017 ratio2=  1.659622951426374E-016
 nchek=           0
 ***********RESTART FILE IS UPDATED!*******
 time: 10:02:36
 iblks=           1 iincs=           1 istep=         128
 outinp=           0
 iiter=           1
Begin forming various matrix       at 2026-08-27 10:02:37 
 ktsmat=           0
Begin assemble golbal matrix       at 2026-08-27 10:02:37 
 ntelgroup=           0
Begin factorize global matrix      at 2026-08-27 10:02:37 
 Factorization completed ... 
Begin solution global equation     at 2026-08-27 10:02:37 
                     istep=         128 iiter=           1
                     conver_load check
 resid=  3.228591866212854E-015 retot=   854122858007710.     
 ratio1=  1.944224456577214E-015 ratio2=  1.234455312651454E-015
 nchek0=           0 toler_force=  1.000000000000000E-005
 nchek=           0
                    conver_nodal_value check
               Convergence check for displacement
 ratio1=  2.417761616514933E-002 ratio2=  3.927636813142887E-002
                            not converged for checki=           1
 iiter=           2
Begin forming various matrix       at 2026-08-27 10:02:37 
 ktsmat=           0
 ntelgroup=           0
Begin solution global equation     at 2026-08-27 10:02:37 
                     istep=         128 iiter=           2
                     conver_load check
 resid=  2.516200911758317E-015 retot=   854122858007710.     
 ratio1=  1.716376206333565E-015 ratio2=  1.003239873138959E-015
 nchek0=           0 toler_force=  1.000000000000000E-005
 nchek=           0
                    conver_nodal_value check
               Convergence check for displacement
 ratio1=  5.083957450217743E-017 ratio2=  1.109154741115852E-016
 nchek=           0
 ***********RESTART FILE IS UPDATED!*******
 time: 10:02:36
 iblks=           1 iincs=           1 istep=         129
 outinp=           0
 iiter=           1
Begin forming various matrix       at 2026-08-27 10:02:37 
 ktsmat=           0
Begin assemble golbal matrix       at 2026-08-27 10:02:37 
 ntelgroup=           0
Begin factorize global matrix      at 2026-08-27 10:02:37 
 Factorization completed ... 
Begin solution global equation     at 2026-08-27 10:02:37 
                     istep=         129 iiter=           1
                     conver_load check
 resid=  5.822174646947069E-015 retot=  1.036816745286395E+015
 ratio1=  2.369690421101043E-015 ratio2=  1.732070619104666E-015
 nchek0=           0 toler_force=  1.000000000000000E-005
 nchek=           0
                    conver_nodal_value check
               Convergence check for displacement
 ratio1=  2.575472355369371E-002 ratio2=  5.506951527379255E-002
                            not converged for checki=           1
 iiter=           2
Begin forming various matrix       at 2026-08-27 10:02:37 
 ktsmat=           0
 ntelgroup=           0
Begin solution global equation     at 2026-08-27 10:02:37 
                     istep=         129 iiter=           2
                     conver_load check
 resid=  3.143593348193563E-015 retot=  1.036816745286395E+015
 ratio1=  1.741254208939456E-015 ratio2=  1.308675578879081E-015
 nchek0=           0 toler_force=  1.000000000000000E-005
 nchek=           0
                    conver_nodal_value check
               Convergence check for displacement
 ratio1=  7.894882923979491E-017 ratio2=  1.838326247352576E-016
 nchek=           0
 ***********RESTART FILE IS UPDATED!*******
 time: 10:02:36
 iblks=           1 iincs=           1 istep=         130
 outinp=           0
 iiter=           1
Begin forming various matrix       at 2026-08-27 10:02:37 
 ktsmat=           0
Begin assemble golbal matrix       at 2026-08-27 10:02:37 
 ntelgroup=           0
Begin factorize global matrix      at 2026-08-27 10:02:37 
 Factorization completed ... 
Begin solution global equation     at 2026-08-27 10:02:37 
                     istep=         130 iiter=           1
                     conver_load check
 resid=  3.731500963134373E-015 retot=   585116288852339.     
 ratio1=  2.525344808991021E-015 ratio2=  1.489678134942176E-015
 nchek0=           0 toler_force=  1.000000000000000E-005
 nchek=           0
                    conver_nodal_value check
               Convergence check for displacement
 ratio1=  4.710396752341722E-002 ratio2=  0.120986927591010     
                            not converged for checki=           1
 iiter=           2
Begin forming various matrix       at 2026-08-27 10:02:37 
 ktsmat=           0
 ntelgroup=           0
Begin solution global equation     at 2026-08-27 10:02:37 
                     istep=         130 iiter=           2
                     conver_load check
 resid=  2.230336864969520E-015 retot=   585116288852339.     
 ratio1=  1.952379042727342E-015 ratio2=  1.162843440208904E-015
 nchek0=           0 toler_force=  1.000000000000000E-005
 nchek=           0
                    conver_nodal_value check
               Convergence check for displacement
 ratio1=  1.167718375522813E-016 ratio2=  4.300495015101229E-016
 nchek=           0
 ***********RESTART FILE IS UPDATED!*******
 time: 10:02:36
 iblks=           1 iincs=           1 istep=         131
 outinp=           0
 iiter=           1
Begin forming various matrix       at 2026-08-27 10:02:37 
 ktsmat=           0
Begin assemble golbal matrix       at 2026-08-27 10:02:37 
 ntelgroup=           0
Begin factorize global matrix      at 2026-08-27 10:02:37 
 Factorization completed ... 
Begin solution global equation     at 2026-08-27 10:02:37 
                     istep=         131 iiter=           1
                     conver_load check
 resid=  3.692062060451991E-015 retot=   777770757506609.     
 ratio1=  2.178756475929581E-015 ratio2=  1.694965748218184E-015
 nchek0=           0 toler_force=  1.000000000000000E-005
 nchek=           0
                    conver_nodal_value check
               Convergence check for displacement
 ratio1=  3.090070248039551E-002 ratio2=  5.690370037136225E-002
                            not converged for checki=           1
 iiter=           2
Begin forming various matrix       at 2026-08-27 10:02:37 
 ktsmat=           0
 ntelgroup=           0
Begin solution global equation     at 2026-08-27 10:02:37 
                     istep=         131 iiter=           2
                     conver_load check
 resid=  2.533385277602304E-015 retot=   777770757506609.     
 ratio1=  1.804782270157848E-015 ratio2=  1.197793410016487E-015
 nchek0=           0 toler_force=  1.000000000000000E-005
 nchek=           0
                    conver_nodal_value check
               Convergence check for displacement
 ratio1=  6.926889876768434E-017 ratio2=  2.048724461076049E-016
 nchek=           0
 ***********RESTART FILE IS UPDATED!*******
 time: 10:02:36
 iblks=           1 iincs=           1 istep=         132
 outinp=           0
 iiter=           1
Begin forming various matrix       at 2026-08-27 10:02:37 
 ktsmat=           0
Begin assemble golbal matrix       at 2026-08-27 10:02:37 
 ntelgroup=           0
Begin factorize global matrix      at 2026-08-27 10:02:37 
 Factorization completed ... 
Begin solution global equation     at 2026-08-27 10:02:37 
                     istep=         132 iiter=           1
                     conver_load check
 resid=  2.837410804985086E-015 retot=  1.669290920820302E+015
 ratio1=  1.303752317633580E-015 ratio2=  8.435126034838360E-016
 nchek0=           0 toler_force=  1.000000000000000E-005
 nchek=           0
                    conver_nodal_value check
               Convergence check for displacement
 ratio1=  1.915523800453715E-002 ratio2=  4.202465413586309E-002
                            not converged for checki=           1
 iiter=           2
Begin forming various matrix       at 2026-08-27 10:02:37 
 ktsmat=           0
 ntelgroup=           0
Begin solution global equation     at 2026-08-27 10:02:37 
                     istep=         132 iiter=           2
                     conver_load check
 resid=  1.081712689507170E-015 retot=  1.669290920820302E+015
 ratio1=  8.049890012959214E-016 ratio2=  4.525672411506089E-016
 nchek0=           0 toler_force=  1.000000000000000E-005
 nchek=           0
                    conver_nodal_value check
               Convergence check for displacement
 ratio1=  4.392714409685462E-017 ratio2=  2.275750726338689E-016
 nchek=           0
 ***********RESTART FILE IS UPDATED!*******
 time: 10:02:36
 iblks=           1 iincs=           1 istep=         133
 outinp=           0
 iiter=           1
Begin forming various matrix       at 2026-08-27 10:02:37 
 ktsmat=           0
Begin assemble golbal matrix       at 2026-08-27 10:02:37 
 ntelgroup=           0
Begin factorize global matrix      at 2026-08-27 10:02:37 
 Factorization completed ... 
Begin solution global equation     at 2026-08-27 10:02:37 
                     istep=         133 iiter=           1
                     conver_load check
 resid=  1.455830573468134E-015 retot=  1.363765374037455E+015
 ratio1=  1.033202832362554E-015 ratio2=  8.090588967131036E-016
 nchek0=           0 toler_force=  1.000000000000000E-005
 nchek=           0
                    conver_nodal_value check
               Convergence check for displacement
 ratio1=  2.082070868811388E-002 ratio2=  5.012034617166412E-002
                            not converged for checki=           1
 iiter=           2
Begin forming various matrix       at 2026-08-27 10:02:37 
 ktsmat=           0
 ntelgroup=           0
Begin solution global equation     at 2026-08-27 10:02:37 
                     istep=         133 iiter=           2
                     conver_load check
 resid=  1.171605577670185E-015 retot=  1.363765374037455E+015
 ratio1=  9.268743963324314E-016 ratio2=  6.419706463049626E-016
 nchek0=           0 toler_force=  1.000000000000000E-005
 nchek=           0
                    conver_nodal_value check
               Convergence check for displacement
 ratio1=  4.518435137603133E-017 ratio2=  1.694939898041310E-016
 nchek=           0
 ***********RESTART FILE IS UPDATED!*******
 time: 10:02:36
 iblks=           1 iincs=           1 istep=         134
 outinp=           0
 iiter=           1
Begin forming various matrix       at 2026-08-27 10:02:37 
 ktsmat=           0
Begin assemble golbal matrix       at 2026-08-27 10:02:37 
 ntelgroup=           0
Begin factorize global matrix      at 2026-08-27 10:02:37 
 Factorization completed ... 
Begin solution global equation     at 2026-08-27 10:02:37 
                     istep=         134 iiter=           1
                     conver_load check
 resid=  1.194895709170128E-015 retot=   970611932955048.     
 ratio1=  1.109538017562797E-015 ratio2=  8.692947516365664E-016
 nchek0=           0 toler_force=  1.000000000000000E-005
 nchek=           0
                    conver_nodal_value check
               Convergence check for displacement
 ratio1=  1.613846350280157E-002 ratio2=  3.944037049063925E-002
                            not converged for checki=           1
 iiter=           2
Begin forming various matrix       at 2026-08-27 10:02:37 
 ktsmat=           0
 ntelgroup=           0
Begin solution global equation     at 2026-08-27 10:02:37 
                     istep=         134 iiter=           2
                     conver_load check
 resid=  1.252781514322182E-015 retot=   970611932955048.     
 ratio1=  1.136095540330009E-015 ratio2=  9.369065656527438E-016
 nchek0=           0 toler_force=  1.000000000000000E-005
 nchek=           0
                    conver_nodal_value check
               Convergence check for displacement
 ratio1=  2.701413920947125E-017 ratio2=  6.816022470806696E-017
 nchek=           0
 ***********RESTART FILE IS UPDATED!*******
 time: 10:02:36
 iblks=           1 iincs=           1 istep=         135
 outinp=           0
 iiter=           1
Begin forming various matrix       at 2026-08-27 10:02:37 
 ktsmat=           0
Begin assemble golbal matrix       at 2026-08-27 10:02:37 
 ntelgroup=           0
Begin factorize global matrix      at 2026-08-27 10:02:37 
 Factorization completed ... 
Begin solution global equation     at 2026-08-27 10:02:37 
                     istep=         135 iiter=           1
                     conver_load check
 resid=  2.290688988281671E-015 retot=   756363486753003.     
 ratio1=  1.740274619659842E-015 ratio2=  1.030673981391689E-015
 nchek0=           0 toler_force=  1.000000000000000E-005
 nchek=           0
                    conver_nodal_value check
               Convergence check for displacement
 ratio1=  1.674652999836160E-002 ratio2=  2.457461855476093E-002
                            not converged for checki=           1
 iiter=           2
Begin forming various matrix       at 2026-08-27 10:02:37 
 ktsmat=           0
 ntelgroup=           0
Begin solution global equation     at 2026-08-27 10:02:37 
                     istep=         135 iiter=           2
                     conver_load check
 resid=  1.502970576353643E-015 retot=   756363486753003.     
 ratio1=  1.409645669902537E-015 ratio2=  8.315099270164832E-016
 nchek0=           0 toler_force=  1.000000000000000E-005
 nchek=           0
                    conver_nodal_value check
               Convergence check for displacement
 ratio1=  3.290679809478036E-017 ratio2=  9.274089091959343E-017
 nchek=           0
 ***********RESTART FILE IS UPDATED!*******
 time: 10:02:36
 iblks=           1 iincs=           1 istep=         136
 outinp=           0
 iiter=           1
Begin forming various matrix       at 2026-08-27 10:02:37 
 ktsmat=           0
Begin assemble golbal matrix       at 2026-08-27 10:02:37 
 ntelgroup=           0
Begin factorize global matrix      at 2026-08-27 10:02:37 
 Factorization completed ... 
Begin solution global equation     at 2026-08-27 10:02:37 
                     istep=         136 iiter=           1
                     conver_load check
 resid=  2.110793553810906E-015 retot=   557718613733775.     
 ratio1=  1.945428661773770E-015 ratio2=  1.353222584245323E-015
 nchek0=           0 toler_force=  1.000000000000000E-005
 nchek=           0
                    conver_nodal_value check
               Convergence check for displacement
 ratio1=  2.963755321656388E-002 ratio2=  5.013802934968291E-002
                            not converged for checki=           1
 iiter=           2
Begin forming various matrix       at 2026-08-27 10:02:37 
 ktsmat=           0
 ntelgroup=           0
Begin solution global equation     at 2026-08-27 10:02:37 
                     istep=         136 iiter=           2
                     conver_load check
 resid=  2.070324360969449E-015 retot=   557718613733775.     
 ratio1=  1.926689038617564E-015 ratio2=  1.404630806323608E-015
 nchek0=           0 toler_force=  1.000000000000000E-005
 nchek=           0
                    conver_nodal_value check
               Convergence check for displacement
 ratio1=  8.980119993097505E-017 ratio2=  2.664626194643609E-016
 nchek=           0
 ***********RESTART FILE IS UPDATED!*******
 time: 10:02:36
 iblks=           1 iincs=           1 istep=         137
 outinp=           0
 iiter=           1
Begin forming various matrix       at 2026-08-27 10:02:37 
 ktsmat=           0
Begin assemble golbal matrix       at 2026-08-27 10:02:37 
 ntelgroup=           0
Begin factorize global matrix      at 2026-08-27 10:02:37 
 Factorization completed ... 
Begin solution global equation     at 2026-08-27 10:02:37 
                     istep=         137 iiter=           1
                     conver_load check
 resid=  2.333521408047825E-015 retot=   462707294096820.     
 ratio1=  2.245705082444247E-015 ratio2=  1.593797234928373E-015
 nchek0=           0 toler_force=  1.000000000000000E-005
 nchek=           0
                    conver_nodal_value check
               Convergence check for displacement
 ratio1=  4.409707374747245E-002 ratio2=  5.245225599160849E-002
                            not converged for checki=           1
 iiter=           2
Begin forming various matrix       at 2026-08-27 10:02:37 
 ktsmat=           0
 ntelgroup=           0
Begin solution global equation     at 2026-08-27 10:02:37 
                     istep=         137 iiter=           2
                     conver_load check
 resid=  2.392066108724795E-015 retot=   462707294096820.     
 ratio1=  2.273701331383114E-015 ratio2=  2.113513724578930E-015
 nchek0=           0 toler_force=  1.000000000000000E-005
 nchek=           0
                    conver_nodal_value check
               Convergence check for displacement
 ratio1=  9.719699729026092E-017 ratio2=  2.240213604552173E-016
 nchek=           0
 ***********RESTART FILE IS UPDATED!*******
 time: 10:02:36
 iblks=           1 iincs=           1 istep=         138
 outinp=           0
 iiter=           1
Begin forming various matrix       at 2026-08-27 10:02:37 
 ktsmat=           0
Begin assemble golbal matrix       at 2026-08-27 10:02:37 
 ntelgroup=           0
Begin factorize global matrix      at 2026-08-27 10:02:37 
 Factorization completed ... 
Begin solution global equation     at 2026-08-27 10:02:37 
                     istep=         138 iiter=           1
                     conver_load check
 resid=  2.967567401090510E-015 retot=   435640869267610.     
 ratio1=  2.609972839253584E-015 ratio2=  1.922247224205754E-015
 nchek0=           0 toler_force=  1.000000000000000E-005
 nchek=           0
                    conver_nodal_value check
               Convergence check for displacement
 ratio1=  5.969529399804539E-002 ratio2=  7.677574441299860E-002
                            not converged for checki=           1
 iiter=           2
Begin forming various matrix       at 2026-08-27 10:02:37 
 ktsmat=           0
 ntelgroup=           0
Begin solution global equation     at 2026-08-27 10:02:37 
                     istep=         138 iiter=           2
                     conver_load check
 resid=  3.328856352644403E-015 retot=   435640869267610.     
 ratio1=  2.764287560711553E-015 ratio2=  2.609531147944124E-015
 nchek0=           0 toler_force=  1.000000000000000E-005
 nchek=           0
                    conver_nodal_value check
               Convergence check for displacement
 ratio1=  1.714188678375842E-016 ratio2=  5.445754248594647E-016
 nchek=           0
 ***********RESTART FILE IS UPDATED!*******
 time: 10:02:36
 iblks=           1 iincs=           1 istep=         139
 outinp=           0
 iiter=           1
Begin forming various matrix       at 2026-08-27 10:02:37 
 ktsmat=           0
Begin assemble golbal matrix       at 2026-08-27 10:02:37 
 ntelgroup=           0
Begin factorize global matrix      at 2026-08-27 10:02:37 
 Factorization completed ... 
Begin solution global equation     at 2026-08-27 10:02:37 
                     istep=         139 iiter=           1
                     conver_load check
 resid=  4.137180977453893E-015 retot=   518024129700064.     
 ratio1=  2.826033233155205E-015 ratio2=  1.687475717934862E-015
 nchek0=           0 toler_force=  1.000000000000000E-005
 nchek=           0
                    conver_nodal_value check
               Convergence check for displacement
 ratio1=  3.705533133667105E-002 ratio2=  4.824027562670168E-002
                            not converged for checki=           1
 iiter=           2
Begin forming various matrix       at 2026-08-27 10:02:37 
 ktsmat=           0
 ntelgroup=           0
Begin solution global equation     at 2026-08-27 10:02:37 
                     istep=         139 iiter=           2
                     conver_load check
 resid=  3.052872923937126E-015 retot=   518024129700064.     
 ratio1=  2.427612520331280E-015 ratio2=  1.709975394173994E-015
 nchek0=           0 toler_force=  1.000000000000000E-005
 nchek=           0
                    conver_nodal_value check
               Convergence check for displacement
 ratio1=  6.390073504329104E-017 ratio2=  2.178048792099152E-016
 nchek=           0
 ***********RESTART FILE IS UPDATED!*******
 time: 10:02:36
 iblks=           1 iincs=           1 istep=         140
 outinp=           0
 iiter=           1
Begin forming various matrix       at 2026-08-27 10:02:37 
 ktsmat=           0
Begin assemble golbal matrix       at 2026-08-27 10:02:37 
 ntelgroup=           0
Begin factorize global matrix      at 2026-08-27 10:02:37 
 Factorization completed ... 
Begin solution global equation     at 2026-08-27 10:02:37 
                     istep=         140 iiter=           1
                     conver_load check
 resid=  2.713857794058730E-015 retot=   297340716682884.     
 ratio1=  3.021108699858988E-015 ratio2=  3.737371945613040E-015
 nchek0=           0 toler_force=  1.000000000000000E-005
 nchek=           0
                    conver_nodal_value check
               Convergence check for displacement
 ratio1=  3.582432404273594E-002 ratio2=  9.352042265792393E-002
                            not converged for checki=           1
 iiter=           2
Begin forming various matrix       at 2026-08-27 10:02:37 
 ktsmat=           0
 ntelgroup=           0
Begin solution global equation     at 2026-08-27 10:02:37 
                     istep=         140 iiter=           2
                     conver_load check
 resid=  1.762673110904177E-015 retot=   297340716682884.     
 ratio1=  2.434774237571081E-015 ratio2=  3.525822590200981E-015
 nchek0=           0 toler_force=  1.000000000000000E-005
 nchek=           0
                    conver_nodal_value check
               Convergence check for displacement
 ratio1=  4.155871941656964E-017 ratio2=  1.590635425174442E-016
 nchek=           0
 ***********RESTART FILE IS UPDATED!*******
 time: 10:02:36
 iblks=           1 iincs=           1 istep=         141
 outinp=           0
 iiter=           1
Begin forming various matrix       at 2026-08-27 10:02:37 
 ktsmat=           0
Begin assemble golbal matrix       at 2026-08-27 10:02:37 
 ntelgroup=           0
Begin factorize global matrix      at 2026-08-27 10:02:37 
 Factorization completed ... 
Begin solution global equation     at 2026-08-27 10:02:37 
                     istep=         141 iiter=           1
                     conver_load check
 resid=  1.942544407572584E-015 retot=  1.748033014466098E+015
 ratio1=  1.054170023781301E-015 ratio2=  8.698124034977730E-016
 nchek0=           0 toler_force=  1.000000000000000E-005
 nchek=           0
                    conver_nodal_value check
               Convergence check for displacement
 ratio1=  1.720956659338203E-002 ratio2=  2.819603441199443E-002
                            not converged for checki=           1
 iiter=           2
Begin forming various matrix       at 2026-08-27 10:02:37 
 ktsmat=           0
 ntelgroup=           0
Begin solution global equation     at 2026-08-27 10:02:37 
                     istep=         141 iiter=           2
                     conver_load check
 resid=  1.365000826798894E-015 retot=  1.748033014466098E+015
 ratio1=  8.836731143743336E-016 ratio2=  6.490138703021844E-016
 nchek0=           0 toler_force=  1.000000000000000E-005
 nchek=           0
                    conver_nodal_value check
               Convergence check for displacement
 ratio1=  4.196872682652268E-017 ratio2=  1.111327251454950E-016
 nchek=           0
 ***********RESTART FILE IS UPDATED!*******
 time: 10:02:36
 iblks=           1 iincs=           1 istep=         142
 outinp=           0
 iiter=           1
Begin forming various matrix       at 2026-08-27 10:02:37 
 ktsmat=           0
Begin assemble golbal matrix       at 2026-08-27 10:02:37 
 ntelgroup=           0
Begin factorize global matrix      at 2026-08-27 10:02:37 
 Factorization completed ... 
Begin solution global equation     at 2026-08-27 10:02:37 
                     istep=         142 iiter=           1
                     conver_load check
 resid=  1.392087192011992E-015 retot=  1.831659843265445E+015
 ratio1=  8.717878394805005E-016 ratio2=  5.686158755791520E-016
 nchek0=           0 toler_force=  1.000000000000000E-005
 nchek=           0
                    conver_nodal_value check
               Convergence check for displacement
 ratio1=  3.428480715168220E-002 ratio2=  9.181367784140163E-002
                            not converged for checki=           1
 iiter=           2
Begin forming various matrix       at 2026-08-27 10:02:37 
 ktsmat=           0
 ntelgroup=           0
Begin solution global equation     at 2026-08-27 10:02:37 
                     istep=         142 iiter=           2
                     conver_load check
 resid=  1.860469029787200E-015 retot=  1.831659843265445E+015
 ratio1=  1.007833547207655E-015 ratio2=  9.039534432283955E-016
 nchek0=           0 toler_force=  1.000000000000000E-005
 nchek=           0
                    conver_nodal_value check
               Convergence check for displacement
 ratio1=  3.063123188764218E-017 ratio2=  7.844596611772359E-017
 nchek=           0
 ***********RESTART FILE IS UPDATED!*******
 time: 10:02:36
 iblks=           1 iincs=           1 istep=         143
 outinp=           0
 iiter=           1
Begin forming various matrix       at 2026-08-27 10:02:37 
 ktsmat=           0
Begin assemble golbal matrix       at 2026-08-27 10:02:37 
 ntelgroup=           0
Begin factorize global matrix      at 2026-08-27 10:02:37 
 Factorization completed ... 
Begin solution global equation     at 2026-08-27 10:02:37 
                     istep=         143 iiter=           1
                     conver_load check
 resid=  3.099503715698514E-015 retot=  2.720220459061074E+015
 ratio1=  1.067441367344552E-015 ratio2=  1.183235385392945E-015
 nchek0=           0 toler_force=  1.000000000000000E-005
 nchek=           0
                    conver_nodal_value check
               Convergence check for displacement
 ratio1=  3.567131108026625E-002 ratio2=  7.351724536555727E-002
                            not converged for checki=           1
 iiter=           2
Begin forming various matrix       at 2026-08-27 10:02:37 
 ktsmat=           0
 ntelgroup=           0
Begin solution global equation     at 2026-08-27 10:02:37 
                     istep=         143 iiter=           2
                     conver_load check
 resid=  1.346973481997217E-015 retot=  2.720220459061074E+015
 ratio1=  7.036836681540053E-016 ratio2=  7.252087845956758E-016
 nchek0=           0 toler_force=  1.000000000000000E-005
 nchek=           0
                    conver_nodal_value check
               Convergence check for displacement
 ratio1=  6.763214094486080E-017 ratio2=  2.628890952739228E-016
 nchek=           0
 ***********RESTART FILE IS UPDATED!*******
 time: 10:02:36
 iblks=           1 iincs=           1 istep=         144
 outinp=           0
 iiter=           1
Begin forming various matrix       at 2026-08-27 10:02:37 
 ktsmat=           0
Begin assemble golbal matrix       at 2026-08-27 10:02:37 
 ntelgroup=           0
Begin factorize global matrix      at 2026-08-27 10:02:37 
 Factorization completed ... 
Begin solution global equation     at 2026-08-27 10:02:37 
                     istep=         144 iiter=           1
                     conver_load check
 resid=  3.884779771179499E-015 retot=  3.249396556931830E+015
 ratio1=  1.093406984655219E-015 ratio2=  9.032932149635317E-016
 nchek0=           0 toler_force=  1.000000000000000E-005
 nchek=           0
                    conver_nodal_value check
               Convergence check for displacement
 ratio1=  3.893541525553069E-002 ratio2=  6.275167132615785E-002
                            not converged for checki=           1
 iiter=           2
Begin forming various matrix       at 2026-08-27 10:02:37 
 ktsmat=           0
 ntelgroup=           0
Begin solution global equation     at 2026-08-27 10:02:37 
                     istep=         144 iiter=           2
                     conver_load check
 resid=  1.715224963208019E-015 retot=  3.249396556931830E+015
 ratio1=  7.265394258743188E-016 ratio2=  4.996941189159962E-016
 nchek0=           0 toler_force=  1.000000000000000E-005
 nchek=           0
                    conver_nodal_value check
               Convergence check for displacement
 ratio1=  7.873556667994419E-017 ratio2=  3.380814380509090E-016
 nchek=           0
 ***********RESTART FILE IS UPDATED!*******
 time: 10:02:36
 iblks=           1 iincs=           1 istep=         145
 outinp=           0
 iiter=           1
Begin forming various matrix       at 2026-08-27 10:02:37 
 ktsmat=           0
Begin assemble golbal matrix       at 2026-08-27 10:02:37 
 ntelgroup=           0
Begin factorize global matrix      at 2026-08-27 10:02:37 
 Factorization completed ... 
Begin solution global equation     at 2026-08-27 10:02:37 
                     istep=         145 iiter=           1
                     conver_load check
 resid=  5.115956901725195E-015 retot=  1.444990075377339E+015
 ratio1=  1.881616039517051E-015 ratio2=  2.256560250255015E-015
 nchek0=           0 toler_force=  1.000000000000000E-005
 nchek=           0
                    conver_nodal_value check
               Convergence check for displacement
 ratio1=  7.245046484667507E-002 ratio2=  0.109484862284335     
                            not converged for checki=           1
 iiter=           2
Begin forming various matrix       at 2026-08-27 10:02:37 
 ktsmat=           0
 ntelgroup=           0
Begin solution global equation     at 2026-08-27 10:02:37 
                     istep=         145 iiter=           2
                     conver_load check
 resid=  3.723519143603191E-015 retot=  1.444990075377339E+015
 ratio1=  1.605256227398161E-015 ratio2=  1.696537998366909E-015
 nchek0=           0 toler_force=  1.000000000000000E-005
 nchek=           0
                    conver_nodal_value check
               Convergence check for displacement
 ratio1=  1.084824405821659E-016 ratio2=  1.590296523450732E-016
 nchek=           0
 ***********RESTART FILE IS UPDATED!*******
 time: 10:02:36
 iblks=           1 iincs=           1 istep=         146
 outinp=           0
 iiter=           1
Begin forming various matrix       at 2026-08-27 10:02:37 
 ktsmat=           0
Begin assemble golbal matrix       at 2026-08-27 10:02:37 
 ntelgroup=           0
Begin factorize global matrix      at 2026-08-27 10:02:37 
 Factorization completed ... 
Begin solution global equation     at 2026-08-27 10:02:37 
                     istep=         146 iiter=           1
                     conver_load check
 resid=  3.196355521306330E-015 retot=  1.154888994460508E+015
 ratio1=  1.663632584203293E-015 ratio2=  1.056402095148700E-015
 nchek0=           0 toler_force=  1.000000000000000E-005
 nchek=           0
                    conver_nodal_value check
               Convergence check for displacement
 ratio1=  4.692716853741992E-002 ratio2=  5.800482904934055E-002
                            not converged for checki=           1
 iiter=           2
Begin forming various matrix       at 2026-08-27 10:02:37 
 ktsmat=           0
 ntelgroup=           0
Begin solution global equation     at 2026-08-27 10:02:37 
                     istep=         146 iiter=           2
                     conver_load check
 resid=  5.716539803505469E-015 retot=  1.154888994460508E+015
 ratio1=  2.224828271105808E-015 ratio2=  1.520003014602447E-015
 nchek0=           0 toler_force=  1.000000000000000E-005
 nchek=           0
                    conver_nodal_value check
               Convergence check for displacement
 ratio1=  6.751000631017818E-017 ratio2=  7.847725732678168E-017
 nchek=           0
 ***********RESTART FILE IS UPDATED!*******
 time: 10:02:36
 iblks=           1 iincs=           1 istep=         147
 outinp=           0
 iiter=           1
Begin forming various matrix       at 2026-08-27 10:02:37 
 ktsmat=           0
Begin assemble golbal matrix       at 2026-08-27 10:02:37 
 ntelgroup=           0
Begin factorize global matrix      at 2026-08-27 10:02:37 
 Factorization completed ... 
Begin solution global equation     at 2026-08-27 10:02:37 
                     istep=         147 iiter=           1
                     conver_load check
 resid=  3.059584055830716E-015 retot=  1.365875883330648E+015
 ratio1=  1.496668354505888E-015 ratio2=  1.397991541316275E-015
 nchek0=           0 toler_force=  1.000000000000000E-005
 nchek=           0
                    conver_nodal_value check
               Convergence check for displacement
 ratio1=  4.735713067201733E-002 ratio2=  6.576233133204208E-002
                            not converged for checki=           1
 iiter=           2
Begin forming various matrix       at 2026-08-27 10:02:37 
 ktsmat=           0
 ntelgroup=           0
Begin solution global equation     at 2026-08-27 10:02:37 
                     istep=         147 iiter=           2
                     conver_load check
 resid=  4.373054785384493E-015 retot=  1.365875883330648E+015
 ratio1=  1.789315156328943E-015 ratio2=  1.509676815966887E-015
 nchek0=           0 toler_force=  1.000000000000000E-005
 nchek=           0
                    conver_nodal_value check
               Convergence check for displacement
 ratio1=  7.608815153336036E-017 ratio2=  8.530703289443121E-017
 nchek=           0
 ***********RESTART FILE IS UPDATED!*******
 time: 10:02:36
 iblks=           1 iincs=           1 istep=         148
 outinp=           0
 iiter=           1
Begin forming various matrix       at 2026-08-27 10:02:37 
 ktsmat=           0
Begin assemble golbal matrix       at 2026-08-27 10:02:37 
 ntelgroup=           0
Begin factorize global matrix      at 2026-08-27 10:02:37 
 Factorization completed ... 
Begin solution global equation     at 2026-08-27 10:02:37 
                     istep=         148 iiter=           1
                     conver_load check
 resid=  3.145183389287427E-015 retot=  1.344365846328662E+015
 ratio1=  1.529552018005467E-015 ratio2=  1.673097276586072E-015
 nchek0=           0 toler_force=  1.000000000000000E-005
 nchek=           0
                    conver_nodal_value check
               Convergence check for displacement
 ratio1=  3.468736496688821E-002 ratio2=  6.068252522927094E-002
                            not converged for checki=           1
 iiter=           2
Begin forming various matrix       at 2026-08-27 10:02:37 
 ktsmat=           0
 ntelgroup=           0
Begin solution global equation     at 2026-08-27 10:02:37 
                     istep=         148 iiter=           2
                     conver_load check
 resid=  2.190555726047820E-015 retot=  1.344365846328662E+015
 ratio1=  1.276492941150714E-015 ratio2=  1.513043327933068E-015
 nchek0=           0 toler_force=  1.000000000000000E-005
 nchek=           0
                    conver_nodal_value check
               Convergence check for displacement
 ratio1=  6.962058543797865E-017 ratio2=  1.712284504817198E-016
 nchek=           0
 ***********RESTART FILE IS UPDATED!*******
 time: 10:02:36
 iblks=           1 iincs=           1 istep=         149
 outinp=           0
 iiter=           1
Begin forming various matrix       at 2026-08-27 10:02:37 
 ktsmat=           0
Begin assemble golbal matrix       at 2026-08-27 10:02:37 
 ntelgroup=           0
Begin factorize global matrix      at 2026-08-27 10:02:37 
 Factorization completed ... 
Begin solution global equation     at 2026-08-27 10:02:37 
                     istep=         149 iiter=           1
                     conver_load check
 resid=  2.959832317671181E-015 retot=  1.236478469262507E+015
 ratio1=  1.547177976291554E-015 ratio2=  1.512695938661844E-015
 nchek0=           0 toler_force=  1.000000000000000E-005
 nchek=           0
                    conver_nodal_value check
               Convergence check for displacement
 ratio1=  2.986177596039390E-002 ratio2=  6.594986560826230E-002
                            not converged for checki=           1
 iiter=           2
Begin forming various matrix       at 2026-08-27 10:02:37 
 ktsmat=           0
 ntelgroup=           0
Begin solution global equation     at 2026-08-27 10:02:37 
                     istep=         149 iiter=           2
                     conver_load check
 resid=  1.893126819894173E-015 retot=  1.236478469262507E+015
 ratio1=  1.237361431279728E-015 ratio2=  1.434114331458631E-015
 nchek0=           0 toler_force=  1.000000000000000E-005
 nchek=           0
                    conver_nodal_value check
               Convergence check for displacement
 ratio1=  4.155698518315672E-017 ratio2=  1.354361006136063E-016
 nchek=           0
 ***********RESTART FILE IS UPDATED!*******
 time: 10:02:36
 iblks=           1 iincs=           1 istep=         150
 outinp=           0
 iiter=           1
Begin forming various matrix       at 2026-08-27 10:02:37 
 ktsmat=           0
Begin assemble golbal matrix       at 2026-08-27 10:02:37 
 ntelgroup=           0
Begin factorize global matrix      at 2026-08-27 10:02:37 
 Factorization completed ... 
Begin solution global equation     at 2026-08-27 10:02:37 
                     istep=         150 iiter=           1
                     conver_load check
 resid=  1.836772272363526E-015 retot=  1.219208557536280E+015
 ratio1=  1.227407170835621E-015 ratio2=  1.495741540150614E-015
 nchek0=           0 toler_force=  1.000000000000000E-005
 nchek=           0
                    conver_nodal_value check
               Convergence check for displacement
 ratio1=  2.146800142599090E-002 ratio2=  5.703763772590866E-002
                            not converged for checki=           1
 iiter=           2
Begin forming various matrix       at 2026-08-27 10:02:37 
 ktsmat=           0
 ntelgroup=           0
Begin solution global equation     at 2026-08-27 10:02:37 
                     istep=         150 iiter=           2
                     conver_load check
 resid=  1.909953003672852E-015 retot=  1.219208557536280E+015
 ratio1=  1.251619553787861E-015 ratio2=  1.239328704696223E-015
 nchek0=           0 toler_force=  1.000000000000000E-005
 nchek=           0
                    conver_nodal_value check
               Convergence check for displacement
 ratio1=  2.986268702813907E-017 ratio2=  9.379059903236996E-017
 nchek=           0
 ***********RESTART FILE IS UPDATED!*******
 time: 10:02:36
 iblks=           1 iincs=           1 istep=         151
 outinp=           0
 iiter=           1
Begin forming various matrix       at 2026-08-27 10:02:37 
 ktsmat=           0
Begin assemble golbal matrix       at 2026-08-27 10:02:37 
 ntelgroup=           0
Begin factorize global matrix      at 2026-08-27 10:02:37 
 Factorization completed ... 
Begin solution global equation     at 2026-08-27 10:02:37 
                     istep=         151 iiter=           1
                     conver_load check
 resid=  1.862733791406526E-015 retot=  1.095681091271424E+015
 ratio1=  1.303867058047414E-015 ratio2=  1.786011117810215E-015
 nchek0=           0 toler_force=  1.000000000000000E-005
 nchek=           0
                    conver_nodal_value check
               Convergence check for displacement
 ratio1=  2.021685558928602E-002 ratio2=  5.863507835574603E-002
                            not converged for checki=           1
 iiter=           2
Begin forming various matrix       at 2026-08-27 10:02:37 
 ktsmat=           0
 ntelgroup=           0
Begin solution global equation     at 2026-08-27 10:02:37 
                     istep=         151 iiter=           2
                     conver_load check
 resid=  1.173546684169485E-015 retot=  1.095681091271424E+015
 ratio1=  1.034923150485652E-015 ratio2=  1.331188410790222E-015
 nchek0=           0 toler_force=  1.000000000000000E-005
 nchek=           0
                    conver_nodal_value check
               Convergence check for displacement
 ratio1=  2.756626846648962E-017 ratio2=  9.479479394702398E-017
 nchek=           0
 ***********RESTART FILE IS UPDATED!*******
 time: 10:02:36
 iblks=           1 iincs=           1 istep=         152
 outinp=           0
 iiter=           1
Begin forming various matrix       at 2026-08-27 10:02:37 
 ktsmat=           0
Begin assemble golbal matrix       at 2026-08-27 10:02:37 
 ntelgroup=           0
Begin factorize global matrix      at 2026-08-27 10:02:37 
 Factorization completed ... 
Begin solution global equation     at 2026-08-27 10:02:37 
                     istep=         152 iiter=           1
                     conver_load check
 resid=  2.268613530707995E-015 retot=  1.572807944495766E+015
 ratio1=  1.200998353246478E-015 ratio2=  1.206209066595583E-015
 nchek0=           0 toler_force=  1.000000000000000E-005
 nchek=           0
                    conver_nodal_value check
               Convergence check for displacement
 ratio1=  2.364391497865077E-002 ratio2=  5.495929985541445E-002
                            not converged for checki=           1
 iiter=           2
Begin forming various matrix       at 2026-08-27 10:02:37 
 ktsmat=           0
 ntelgroup=           0
Begin solution global equation     at 2026-08-27 10:02:37 
                     istep=         152 iiter=           2
                     conver_load check
 resid=  1.935136306995036E-015 retot=  1.572807944495766E+015
 ratio1=  1.109220617887728E-015 ratio2=  1.428185040656576E-015
 nchek0=           0 toler_force=  1.000000000000000E-005
 nchek=           0
                    conver_nodal_value check
               Convergence check for displacement
 ratio1=  5.856323767043386E-017 ratio2=  2.576766801193360E-016
 nchek=           0
 ***********RESTART FILE IS UPDATED!*******
 time: 10:02:36
 iblks=           1 iincs=           1 istep=         153
 outinp=           0
 iiter=           1
Begin forming various matrix       at 2026-08-27 10:02:37 
 ktsmat=           0
Begin assemble golbal matrix       at 2026-08-27 10:02:37 
 ntelgroup=           0
Begin factorize global matrix      at 2026-08-27 10:02:37 
 Factorization completed ... 
Begin solution global equation     at 2026-08-27 10:02:37 
                     istep=         153 iiter=           1
                     conver_load check
 resid=  3.425605163946394E-015 retot=  1.030830139412838E+015
 ratio1=  1.822951432911615E-015 ratio2=  2.100848121388496E-015
 nchek0=           0 toler_force=  1.000000000000000E-005
 nchek=           0
                    conver_nodal_value check
               Convergence check for displacement
 ratio1=  3.478867607521042E-002 ratio2=  7.059155278556577E-002
                            not converged for checki=           1
 iiter=           2
Begin forming various matrix       at 2026-08-27 10:02:37 
 ktsmat=           0
 ntelgroup=           0
Begin solution global equation     at 2026-08-27 10:02:37 
                     istep=         153 iiter=           2
                     conver_load check
 resid=  2.406815012584905E-015 retot=  1.030830139412838E+015
 ratio1=  1.528015648482339E-015 ratio2=  1.775855041836685E-015
 nchek0=           0 toler_force=  1.000000000000000E-005
 nchek=           0
                    conver_nodal_value check
               Convergence check for displacement
 ratio1=  5.271682461092262E-017 ratio2=  1.353377145996342E-016
 nchek=           0
 ***********RESTART FILE IS UPDATED!*******
 time: 10:02:36
 iblks=           1 iincs=           1 istep=         154
 outinp=           0
 iiter=           1
Begin forming various matrix       at 2026-08-27 10:02:37 
 ktsmat=           0
Begin assemble golbal matrix       at 2026-08-27 10:02:37 
 ntelgroup=           0
Begin factorize global matrix      at 2026-08-27 10:02:37 
 Factorization completed ... 
Begin solution global equation     at 2026-08-27 10:02:37 
                     istep=         154 iiter=           1
                     conver_load check
 resid=  2.264932699260269E-015 retot=   425228351289066.     
 ratio1=  2.307897648297668E-015 ratio2=  1.853248863345921E-015
 nchek0=           0 toler_force=  1.000000000000000E-005
 nchek=           0
                    conver_nodal_value check
               Convergence check for displacement
 ratio1=  4.620458592004202E-002 ratio2=  4.922034687231001E-002
                            not converged for checki=           1
 iiter=           2
Begin forming various matrix       at 2026-08-27 10:02:37 
 ktsmat=           0
 ntelgroup=           0
Begin solution global equation     at 2026-08-27 10:02:37 
                     istep=         154 iiter=           2
                     conver_load check
 resid=  1.328051728942625E-015 retot=   425228351289066.     
 ratio1=  1.767243485817349E-015 ratio2=  1.183722539882799E-015
 nchek0=           0 toler_force=  1.000000000000000E-005
 nchek=           0
                    conver_nodal_value check
               Convergence check for displacement
 ratio1=  1.280469799356541E-016 ratio2=  3.581323820656844E-016
 nchek=           0
 ***********RESTART FILE IS UPDATED!*******
 time: 10:02:36
 iblks=           1 iincs=           1 istep=         155
 outinp=           0
 iiter=           1
Begin forming various matrix       at 2026-08-27 10:02:37 
 ktsmat=           0
Begin assemble golbal matrix       at 2026-08-27 10:02:37 
 ntelgroup=           0
Begin factorize global matrix      at 2026-08-27 10:02:37 
 Factorization completed ... 
Begin solution global equation     at 2026-08-27 10:02:37 
                     istep=         155 iiter=           1
                     conver_load check
 resid=  2.659675427417839E-015 retot=   648145566494034.     
 ratio1=  2.025713596657365E-015 ratio2=  1.809045021358818E-015
 nchek0=           0 toler_force=  1.000000000000000E-005
 nchek=           0
                    conver_nodal_value check
               Convergence check for displacement
 ratio1=  7.399640240843379E-002 ratio2=  0.101339728908549     
                            not converged for checki=           1
 iiter=           2
Begin forming various matrix       at 2026-08-27 10:02:37 
 ktsmat=           0
 ntelgroup=           0
Begin solution global equation     at 2026-08-27 10:02:37 
                     istep=         155 iiter=           2
                     conver_load check
 resid=  1.521105151502339E-015 retot=   648145566494034.     
 ratio1=  1.531945591675698E-015 ratio2=  1.512361637855972E-015
 nchek0=           0 toler_force=  1.000000000000000E-005
 nchek=           0
                    conver_nodal_value check
               Convergence check for displacement
 ratio1=  1.186860867709506E-016 ratio2=  2.658880362523531E-016
 nchek=           0
 ***********RESTART FILE IS UPDATED!*******
 time: 10:02:36
 iblks=           1 iincs=           1 istep=         156
 outinp=           0
 iiter=           1
Begin forming various matrix       at 2026-08-27 10:02:37 
 ktsmat=           0
Begin assemble golbal matrix       at 2026-08-27 10:02:37 
 ntelgroup=           0
Begin factorize global matrix      at 2026-08-27 10:02:37 
 Factorization completed ... 
Begin solution global equation     at 2026-08-27 10:02:37 
                     istep=         156 iiter=           1
                     conver_load check
 resid=  1.886598423158040E-015 retot=   711514656620840.     
 ratio1=  1.628350186528276E-015 ratio2=  1.028146356983308E-015
 nchek0=           0 toler_force=  1.000000000000000E-005
 nchek=           0
                    conver_nodal_value check
               Convergence check for displacement
 ratio1=  6.202869705443458E-002 ratio2=  0.122043364333871     
                            not converged for checki=           1
 iiter=           2
Begin forming various matrix       at 2026-08-27 10:02:37 
 ktsmat=           0
 ntelgroup=           0
Begin solution global equation     at 2026-08-27 10:02:37 
                     istep=         156 iiter=           2
                     conver_load check
 resid=  1.551573719881284E-015 retot=   711514656620840.     
 ratio1=  1.476706825375083E-015 ratio2=  1.002314438533320E-015
 nchek0=           0 toler_force=  1.000000000000000E-005
 nchek=           0
                    conver_nodal_value check
               Convergence check for displacement
 ratio1=  1.064949166883727E-016 ratio2=  3.017393112169173E-016
 nchek=           0
 ***********RESTART FILE IS UPDATED!*******
 time: 10:02:36
 iblks=           1 iincs=           1 istep=         157
 outinp=           0
 iiter=           1
Begin forming various matrix       at 2026-08-27 10:02:37 
 ktsmat=           0
Begin assemble golbal matrix       at 2026-08-27 10:02:37 
 ntelgroup=           0
Begin factorize global matrix      at 2026-08-27 10:02:37 
 Factorization completed ... 
Begin solution global equation     at 2026-08-27 10:02:37 
                     istep=         157 iiter=           1
                     conver_load check
 resid=  3.065597555848292E-015 retot=   915675158323838.     
 ratio1=  1.829729349894278E-015 ratio2=  1.803479032787076E-015
 nchek0=           0 toler_force=  1.000000000000000E-005
 nchek=           0
                    conver_nodal_value check
               Convergence check for displacement
 ratio1=  4.171968646218036E-002 ratio2=  9.318908931391938E-002
                            not converged for checki=           1
 iiter=           2
Begin forming various matrix       at 2026-08-27 10:02:37 
 ktsmat=           0
 ntelgroup=           0
Begin solution global equation     at 2026-08-27 10:02:37 
                     istep=         157 iiter=           2
                     conver_load check
 resid=  1.567125141860585E-015 retot=   915675158323838.     
 ratio1=  1.308221020157771E-015 ratio2=  9.916704115594705E-016
 nchek0=           0 toler_force=  1.000000000000000E-005
 nchek=           0
                    conver_nodal_value check
               Convergence check for displacement
 ratio1=  1.657773029747243E-016 ratio2=  6.728195344458303E-016
 nchek=           0
 ***********RESTART FILE IS UPDATED!*******
 time: 10:02:36
 iblks=           1 iincs=           1 istep=         158
 outinp=           0
 iiter=           1
Begin forming various matrix       at 2026-08-27 10:02:37 
 ktsmat=           0
Begin assemble golbal matrix       at 2026-08-27 10:02:37 
 ntelgroup=           0
Begin factorize global matrix      at 2026-08-27 10:02:37 
 Factorization completed ... 
Begin solution global equation     at 2026-08-27 10:02:37 
                     istep=         158 iiter=           1
                     conver_load check
 resid=  2.139845897099488E-015 retot=   867757541037888.     
 ratio1=  1.570334061641116E-015 ratio2=  1.625472803272699E-015
 nchek0=           0 toler_force=  1.000000000000000E-005
 nchek=           0
                    conver_nodal_value check
               Convergence check for displacement
 ratio1=  2.880278924487516E-002 ratio2=  3.464064593265771E-002
                            not converged for checki=           1
 iiter=           2
Begin forming various matrix       at 2026-08-27 10:02:37 
 ktsmat=           0
 ntelgroup=           0
Begin solution global equation     at 2026-08-27 10:02:37 
                     istep=         158 iiter=           2
                     conver_load check
 resid=  1.699827022393370E-015 retot=   867757541037888.     
 ratio1=  1.399597526399802E-015 ratio2=  1.071403919294623E-015
 nchek0=           0 toler_force=  1.000000000000000E-005
 nchek=           0
                    conver_nodal_value check
               Convergence check for displacement
 ratio1=  1.304072823095240E-016 ratio2=  3.796494247356914E-016
 nchek=           0
 ***********RESTART FILE IS UPDATED!*******
 time: 10:02:36
 iblks=           1 iincs=           1 istep=         159
 outinp=           0
 iiter=           1
Begin forming various matrix       at 2026-08-27 10:02:37 
 ktsmat=           0
Begin assemble golbal matrix       at 2026-08-27 10:02:37 
 ntelgroup=           0
Begin factorize global matrix      at 2026-08-27 10:02:37 
 Factorization completed ... 
Begin solution global equation     at 2026-08-27 10:02:37 
                     istep=         159 iiter=           1
                     conver_load check
 resid=  1.344854487964586E-015 retot=   694797117136953.     
 ratio1=  1.391261106686052E-015 ratio2=  1.162044112157762E-015
 nchek0=           0 toler_force=  1.000000000000000E-005
 nchek=           0
                    conver_nodal_value check
               Convergence check for displacement
 ratio1=  2.516012032836125E-002 ratio2=  3.089017643276926E-002
                            not converged for checki=           1
 iiter=           2
Begin forming various matrix       at 2026-08-27 10:02:37 
 ktsmat=           0
 ntelgroup=           0
Begin solution global equation     at 2026-08-27 10:02:37 
                     istep=         159 iiter=           2
                     conver_load check
 resid=  6.862058338612072E-016 retot=   694797117136953.     
 ratio1=  9.937981846015225E-016 ratio2=  8.747972529726970E-016
 nchek0=           0 toler_force=  1.000000000000000E-005
 nchek=           0
                    conver_nodal_value check
               Convergence check for displacement
 ratio1=  3.735427258762530E-017 ratio2=  7.472668875047518E-017
 nchek=           0
 ***********RESTART FILE IS UPDATED!*******
 time: 10:02:36
 iblks=           1 iincs=           1 istep=         160
 outinp=           0
 iiter=           1
Begin forming various matrix       at 2026-08-27 10:02:37 
 ktsmat=           0
Begin assemble golbal matrix       at 2026-08-27 10:02:37 
 ntelgroup=           0
Begin factorize global matrix      at 2026-08-27 10:02:37 
 Factorization completed ... 
Begin solution global equation     at 2026-08-27 10:02:37 
                     istep=         160 iiter=           1
                     conver_load check
 resid=  8.817343533165829E-016 retot=   806522944449706.     
 ratio1=  1.045587824423837E-015 ratio2=  9.510113629730529E-016
 nchek0=           0 toler_force=  1.000000000000000E-005
 nchek=           0
                    conver_nodal_value check
               Convergence check for displacement
 ratio1=  2.946488426427868E-002 ratio2=  5.055734353492595E-002
                            not converged for checki=           1
 iiter=           2
Begin forming various matrix       at 2026-08-27 10:02:37 
 ktsmat=           0
 ntelgroup=           0
Begin solution global equation     at 2026-08-27 10:02:37 
                     istep=         160 iiter=           2
                     conver_load check
 resid=  5.131422186414631E-016 retot=   806522944449706.     
 ratio1=  7.976465852554616E-016 ratio2=  8.131836292088423E-016
 nchek0=           0 toler_force=  1.000000000000000E-005
 nchek=           0
                    conver_nodal_value check
               Convergence check for displacement
 ratio1=  2.424471936030459E-017 ratio2=  3.738055758400960E-017
 nchek=           0
 ***********RESTART FILE IS UPDATED!*******
 time: 10:02:36
 iblks=           1 iincs=           1 istep=         161
 outinp=           0
 iiter=           1
Begin forming various matrix       at 2026-08-27 10:02:37 
 ktsmat=           0
Begin assemble golbal matrix       at 2026-08-27 10:02:37 
 ntelgroup=           0
Begin factorize global matrix      at 2026-08-27 10:02:37 
 Factorization completed ... 
Begin solution global equation     at 2026-08-27 10:02:37 
                     istep=         161 iiter=           1
                     conver_load check
 resid=  1.137857718974124E-015 retot=   648903835527602.     
 ratio1=  1.324200688693240E-015 ratio2=  1.323861038594767E-015
 nchek0=           0 toler_force=  1.000000000000000E-005
 nchek=           0
                    conver_nodal_value check
               Convergence check for displacement
 ratio1=  6.709858161952069E-002 ratio2=  0.139604249574761     
                            not converged for checki=           1
 iiter=           2
Begin forming various matrix       at 2026-08-27 10:02:37 
 ktsmat=           0
 ntelgroup=           0
Begin solution global equation     at 2026-08-27 10:02:37 
                     istep=         161 iiter=           2
                     conver_load check
 resid=  1.072987246159982E-015 retot=   648903835527602.     
 ratio1=  1.285899742431866E-015 ratio2=  1.563375371235267E-015
 nchek0=           0 toler_force=  1.000000000000000E-005
 nchek=           0
                    conver_nodal_value check
               Convergence check for displacement
 ratio1=  1.446905159968917E-016 ratio2=  3.245298933181735E-016
 nchek=           0
 ***********RESTART FILE IS UPDATED!*******
 time: 10:02:36
 iblks=           1 iincs=           1 istep=         162
 outinp=           0
 iiter=           1
Begin forming various matrix       at 2026-08-27 10:02:37 
 ktsmat=           0
Begin assemble golbal matrix       at 2026-08-27 10:02:37 
 ntelgroup=           0
Begin factorize global matrix      at 2026-08-27 10:02:37 
 Factorization completed ... 
Begin solution global equation     at 2026-08-27 10:02:37 
                     istep=         162 iiter=           1
                     conver_load check
 resid=  1.761506782983453E-015 retot=   386580261554558.     
 ratio1=  2.134628591557780E-015 ratio2=  1.545938042379048E-015
 nchek0=           0 toler_force=  1.000000000000000E-005
 nchek=           0
                    conver_nodal_value check
               Convergence check for displacement
 ratio1=  9.083877990294133E-002 ratio2=  0.107640249699800     
                            not converged for checki=           1
 iiter=           2
Begin forming various matrix       at 2026-08-27 10:02:37 
 ktsmat=           0
 ntelgroup=           0
Begin solution global equation     at 2026-08-27 10:02:37 
                     istep=         162 iiter=           2
                     conver_load check
 resid=  8.832692202759688E-016 retot=   386580261554558.     
 ratio1=  1.511564593382364E-015 ratio2=  1.105040668583197E-015
 nchek0=           0 toler_force=  1.000000000000000E-005
 nchek=           0
                    conver_nodal_value check
               Convergence check for displacement
 ratio1=  3.026372109910608E-016 ratio2=  9.036882688677783E-016
 nchek=           0
 ***********RESTART FILE IS UPDATED!*******
 time: 10:02:36
 iblks=           1 iincs=           1 istep=         163
 outinp=           0
 iiter=           1
Begin forming various matrix       at 2026-08-27 10:02:37 
 ktsmat=           0
Begin assemble golbal matrix       at 2026-08-27 10:02:37 
 ntelgroup=           0
Begin factorize global matrix      at 2026-08-27 10:02:37 
 Factorization completed ... 
Begin solution global equation     at 2026-08-27 10:02:37 
                     istep=         163 iiter=           1
                     conver_load check
 resid=  2.435135853445855E-015 retot=   213588561705964.     
 ratio1=  3.376545465347825E-015 ratio2=  3.418062562922754E-015
 nchek0=           0 toler_force=  1.000000000000000E-005
 nchek=           0
                    conver_nodal_value check
               Convergence check for displacement
 ratio1=  0.172142399283039      ratio2=  0.154143445954148     
                            not converged for checki=           1
 iiter=           2
Begin forming various matrix       at 2026-08-27 10:02:37 
 ktsmat=           0
 ntelgroup=           0
Begin solution global equation     at 2026-08-27 10:02:37 
                     istep=         163 iiter=           2
                     conver_load check
 resid=  1.120813808436922E-015 retot=   213588561705964.     
 ratio1=  2.290750240294517E-015 ratio2=  2.249133405189342E-015
 nchek0=           0 toler_force=  1.000000000000000E-005
 nchek=           0
                    conver_nodal_value check
               Convergence check for displacement
 ratio1=  1.089648209636986E-015 ratio2=  2.106620698793307E-015
 nchek=           0
 ***********RESTART FILE IS UPDATED!*******
 time: 10:02:36
 iblks=           1 iincs=           1 istep=         164
 outinp=           0
 iiter=           1
Begin forming various matrix       at 2026-08-27 10:02:37 
 ktsmat=           0
Begin assemble golbal matrix       at 2026-08-27 10:02:37 
 ntelgroup=           0
Begin factorize global matrix      at 2026-08-27 10:02:37 
 Factorization completed ... 
Begin solution global equation     at 2026-08-27 10:02:37 
                     istep=         164 iiter=           1
                     conver_load check
 resid=  1.446573980569972E-015 retot=   910693830423252.     
 ratio1=  1.260329574492259E-015 ratio2=  8.723966877964107E-016
 nchek0=           0 toler_force=  1.000000000000000E-005
 nchek=           0
                    conver_nodal_value check
               Convergence check for displacement
 ratio1=  7.777033021007868E-002 ratio2=  0.138234643720576     
                            not converged for checki=           1
 iiter=           2
Begin forming various matrix       at 2026-08-27 10:02:37 
 ktsmat=           0
 ntelgroup=           0
Begin solution global equation     at 2026-08-27 10:02:37 
                     istep=         164 iiter=           2
                     conver_load check
 resid=  1.221332300065832E-015 retot=   910693830423252.     
 ratio1=  1.158059101659722E-015 ratio2=  8.381079004538971E-016
 nchek0=           0 toler_force=  1.000000000000000E-005
 nchek=           0
                    conver_nodal_value check
               Convergence check for displacement
 ratio1=  2.112117488622562E-016 ratio2=  4.323834126799353E-016
 nchek=           0
 ***********RESTART FILE IS UPDATED!*******
 time: 10:02:36
 iblks=           1 iincs=           1 istep=         165
 outinp=           0
 iiter=           1
Begin forming various matrix       at 2026-08-27 10:02:37 
 ktsmat=           0
Begin assemble golbal matrix       at 2026-08-27 10:02:37 
 ntelgroup=           0
Begin factorize global matrix      at 2026-08-27 10:02:37 
 Factorization completed ... 
Begin solution global equation     at 2026-08-27 10:02:37 
                     istep=         165 iiter=           1
                     conver_load check
 resid=  1.318136674637300E-015 retot=  2.566363671974607E+015
 ratio1=  7.166731306453231E-016 ratio2=  4.260238659291956E-016
 nchek0=           0 toler_force=  1.000000000000000E-005
 nchek=           0
                    conver_nodal_value check
               Convergence check for displacement
 ratio1=  5.170531263733053E-002 ratio2=  0.107828174838790     
                            not converged for checki=           1
 iiter=           2
Begin forming various matrix       at 2026-08-27 10:02:37 
 ktsmat=           0
 ntelgroup=           0
Begin solution global equation     at 2026-08-27 10:02:37 
                     istep=         165 iiter=           2
                     conver_load check
 resid=  1.543880465589664E-015 retot=  2.566363671974607E+015
 ratio1=  7.756177450895730E-016 ratio2=  6.177346055973336E-016
 nchek0=           0 toler_force=  1.000000000000000E-005
 nchek=           0
                    conver_nodal_value check
               Convergence check for displacement
 ratio1=  4.271796545663091E-017 ratio2=  7.264028902195671E-017
 nchek=           0
 ***********RESTART FILE IS UPDATED!*******
 time: 10:02:36
 iblks=           1 iincs=           1 istep=         166
 outinp=           0
 iiter=           1
Begin forming various matrix       at 2026-08-27 10:02:37 
 ktsmat=           0
Begin assemble golbal matrix       at 2026-08-27 10:02:37 
 ntelgroup=           0
Begin factorize global matrix      at 2026-08-27 10:02:37 
 Factorization completed ... 
Begin solution global equation     at 2026-08-27 10:02:37 
                     istep=         166 iiter=           1
                     conver_load check
 resid=  2.846959515966939E-015 retot=  3.882262061728236E+015
 ratio1=  8.563439262549569E-016 ratio2=  7.283163148453463E-016
 nchek0=           0 toler_force=  1.000000000000000E-005
 nchek=           0
                    conver_nodal_value check
               Convergence check for displacement
 ratio1=  2.960000466190137E-002 ratio2=  5.301650846224021E-002
                            not converged for checki=           1
 iiter=           2
Begin forming various matrix       at 2026-08-27 10:02:37 
 ktsmat=           0
 ntelgroup=           0
Begin solution global equation     at 2026-08-27 10:02:37 
                     istep=         166 iiter=           2
                     conver_load check
 resid=  1.159947940558512E-015 retot=  3.882262061728236E+015
 ratio1=  5.466090591242492E-016 ratio2=  4.369897889072078E-016
 nchek0=           0 toler_force=  1.000000000000000E-005
 nchek=           0
                    conver_nodal_value check
               Convergence check for displacement
 ratio1=  4.243880309772262E-017 ratio2=  9.495475728942034E-017
 nchek=           0
 ***********RESTART FILE IS UPDATED!*******
 time: 10:02:36
 iblks=           1 iincs=           1 istep=         167
 outinp=           0
 iiter=           1
Begin forming various matrix       at 2026-08-27 10:02:37 
 ktsmat=           0
Begin assemble golbal matrix       at 2026-08-27 10:02:37 
 ntelgroup=           0
Begin factorize global matrix      at 2026-08-27 10:02:37 
 Factorization completed ... 
Begin solution global equation     at 2026-08-27 10:02:37 
                     istep=         167 iiter=           1
                     conver_load check
 resid=  2.592230937605394E-015 retot=  4.734169666150817E+015
 ratio1=  7.399714017816071E-016 ratio2=  6.264523382658913E-016
 nchek0=           0 toler_force=  1.000000000000000E-005
 nchek=           0
                    conver_nodal_value check
               Convergence check for displacement
 ratio1=  3.317177233061790E-002 ratio2=  3.979905833651750E-002
                            not converged for checki=           1
 iiter=           2
Begin forming various matrix       at 2026-08-27 10:02:37 
 ktsmat=           0
 ntelgroup=           0
Begin solution global equation     at 2026-08-27 10:02:37 
                     istep=         167 iiter=           2
                     conver_load check
 resid=  2.180744564493126E-015 retot=  4.734169666150817E+015
 ratio1=  6.787041271925232E-016 ratio2=  6.854659643344173E-016
 nchek0=           0 toler_force=  1.000000000000000E-005
 nchek=           0
                    conver_nodal_value check
               Convergence check for displacement
 ratio1=  7.562229398897030E-017 ratio2=  2.123858173300386E-016
 nchek=           0
 ***********RESTART FILE IS UPDATED!*******
 time: 10:02:36
 iblks=           1 iincs=           1 istep=         168
 outinp=           0
 iiter=           1
Begin forming various matrix       at 2026-08-27 10:02:37 
 ktsmat=           0
Begin assemble golbal matrix       at 2026-08-27 10:02:37 
 ntelgroup=           0
Begin factorize global matrix      at 2026-08-27 10:02:37 
 Factorization completed ... 
Begin solution global equation     at 2026-08-27 10:02:37 
                     istep=         168 iiter=           1
                     conver_load check
 resid=  3.483662262503032E-015 retot=  7.719132721744405E+015
 ratio1=  6.717903605238886E-016 ratio2=  9.014228031187267E-016
 nchek0=           0 toler_force=  1.000000000000000E-005
 nchek=           0
                    conver_nodal_value check
               Convergence check for displacement
 ratio1=  3.324178088260749E-002 ratio2=  4.411127721624282E-002
                            not converged for checki=           1
 iiter=           2
Begin forming various matrix       at 2026-08-27 10:02:37 
 ktsmat=           0
 ntelgroup=           0
Begin solution global equation     at 2026-08-27 10:02:37 
                     istep=         168 iiter=           2
                     conver_load check
 resid=  2.819979030608956E-015 retot=  7.719132721744405E+015
 ratio1=  6.044198035364505E-016 ratio2=  6.033427526850442E-016
 nchek0=           0 toler_force=  1.000000000000000E-005
 nchek=           0
                    conver_nodal_value check
               Convergence check for displacement
 ratio1=  7.161968103986300E-017 ratio2=  1.277448377228097E-016
 nchek=           0
 ***********RESTART FILE IS UPDATED!*******
 time: 10:02:36
 iblks=           1 iincs=           1 istep=         169
 outinp=           0
 iiter=           1
Begin forming various matrix       at 2026-08-27 10:02:37 
 ktsmat=           0
Begin assemble golbal matrix       at 2026-08-27 10:02:37 
 ntelgroup=           0
Begin factorize global matrix      at 2026-08-27 10:02:37 
 Factorization completed ... 
Begin solution global equation     at 2026-08-27 10:02:37 
                     istep=         169 iiter=           1
                     conver_load check
 resid=  3.402952129901071E-015 retot=  1.024582942833972E+016
 ratio1=  5.763076163521382E-016 ratio2=  6.137717629288175E-016
 nchek0=           0 toler_force=  1.000000000000000E-005
 nchek=           0
                    conver_nodal_value check
               Convergence check for displacement
 ratio1=  2.486382827157890E-002 ratio2=  2.564254714471663E-002
                            not converged for checki=           1
 iiter=           2
Begin forming various matrix       at 2026-08-27 10:02:37 
 ktsmat=           0
 ntelgroup=           0
Begin solution global equation     at 2026-08-27 10:02:37 
                     istep=         169 iiter=           2
                     conver_load check
 resid=  3.699991241802056E-015 retot=  1.024582942833972E+016
 ratio1=  6.009340149393931E-016 ratio2=  9.536821093277163E-016
 nchek0=           0 toler_force=  1.000000000000000E-005
 nchek=           0
                    conver_nodal_value check
               Convergence check for displacement
 ratio1=  6.284870372914670E-017 ratio2=  1.459631472973354E-016
 nchek=           0
 ***********RESTART FILE IS UPDATED!*******
 time: 10:02:36
 iblks=           1 iincs=           1 istep=         170
 outinp=           0
 iiter=           1
Begin forming various matrix       at 2026-08-27 10:02:37 
 ktsmat=           0
Begin assemble golbal matrix       at 2026-08-27 10:02:37 
 ntelgroup=           0
Begin factorize global matrix      at 2026-08-27 10:02:37 
 Factorization completed ... 
Begin solution global equation     at 2026-08-27 10:02:37 
                     istep=         170 iiter=           1
                     conver_load check
 resid=  2.154432933358873E-015 retot=  1.049693796944987E+016
 ratio1=  4.530385662739282E-016 ratio2=  4.499860118170533E-016
 nchek0=           0 toler_force=  1.000000000000000E-005
 nchek=           0
                    conver_nodal_value check
               Convergence check for displacement
 ratio1=  1.968504281491247E-002 ratio2=  2.069949474136743E-002
                            not converged for checki=           1
 iiter=           2
Begin forming various matrix       at 2026-08-27 10:02:37 
 ktsmat=           0
 ntelgroup=           0
Begin solution global equation     at 2026-08-27 10:02:37 
                     istep=         170 iiter=           2
                     conver_load check
 resid=  2.812469375516641E-015 retot=  1.049693796944987E+016
 ratio1=  5.176218322281608E-016 ratio2=  5.534499488406824E-016
 nchek0=           0 toler_force=  1.000000000000000E-005
 nchek=           0
                    conver_nodal_value check
               Convergence check for displacement
 ratio1=  2.729835100695076E-017 ratio2=  2.983621358923109E-017
 nchek=           0
 ***********RESTART FILE IS UPDATED!*******
 time: 10:02:36
 iblks=           1 iincs=           1 istep=         171
 outinp=           0
 iiter=           1
Begin forming various matrix       at 2026-08-27 10:02:37 
 ktsmat=           0
Begin assemble golbal matrix       at 2026-08-27 10:02:37 
 ntelgroup=           0
Begin factorize global matrix      at 2026-08-27 10:02:37 
 Factorization completed ... 
Begin solution global equation     at 2026-08-27 10:02:37 
                     istep=         171 iiter=           1
                     conver_load check
 resid=  2.056233896786855E-015 retot=  6.321206228584734E+015
 ratio1=  5.703432123810923E-016 ratio2=  4.955811636449607E-016
 nchek0=           0 toler_force=  1.000000000000000E-005
 nchek=           0
                    conver_nodal_value check
               Convergence check for displacement
 ratio1=  3.132730531999930E-002 ratio2=  3.688952747309520E-002
                            not converged for checki=           1
 iiter=           2
Begin forming various matrix       at 2026-08-27 10:02:37 
 ktsmat=           0
 ntelgroup=           0
Begin solution global equation     at 2026-08-27 10:02:37 
                     istep=         171 iiter=           2
                     conver_load check
 resid=  1.761640759023477E-015 retot=  6.321206228584734E+015
 ratio1=  5.279085493107255E-016 ratio2=  3.865533076430693E-016
 nchek0=           0 toler_force=  1.000000000000000E-005
 nchek=           0
                    conver_nodal_value check
               Convergence check for displacement
 ratio1=  3.591407690085788E-017 ratio2=  3.056267385332150E-017
 nchek=           0
 ***********RESTART FILE IS UPDATED!*******
 time: 10:02:36
 iblks=           1 iincs=           1 istep=         172
 outinp=           0
 iiter=           1
Begin forming various matrix       at 2026-08-27 10:02:37 
 ktsmat=           0
Begin assemble golbal matrix       at 2026-08-27 10:02:37 
 ntelgroup=           0
Begin factorize global matrix      at 2026-08-27 10:02:37 
 Factorization completed ... 
Begin solution global equation     at 2026-08-27 10:02:37 
                     istep=         172 iiter=           1
                     conver_load check
 resid=  1.318014905017435E-015 retot=  4.689766016026432E+015
 ratio1=  5.301326751960276E-016 ratio2=  3.902626073688994E-016
 nchek0=           0 toler_force=  1.000000000000000E-005
 nchek=           0
                    conver_nodal_value check
               Convergence check for displacement
 ratio1=  3.072455900892923E-002 ratio2=  3.733030365088168E-002
                            not converged for checki=           1
 iiter=           2
Begin forming various matrix       at 2026-08-27 10:02:37 
 ktsmat=           0
 ntelgroup=           0
Begin solution global equation     at 2026-08-27 10:02:37 
                     istep=         172 iiter=           2
                     conver_load check
 resid=  1.018895704053746E-015 retot=  4.689766016026432E+015
 ratio1=  4.661109203141030E-016 ratio2=  3.170883684872308E-016
 nchek0=           0 toler_force=  1.000000000000000E-005
 nchek=           0
                    conver_nodal_value check
               Convergence check for displacement
 ratio1=  3.590876026578383E-017 ratio2=  4.282317483957233E-017
 nchek=           0
 ***********RESTART FILE IS UPDATED!*******
 time: 10:02:36
 iblks=           1 iincs=           1 istep=         173
 outinp=           0
 iiter=           1
Begin forming various matrix       at 2026-08-27 10:02:37 
 ktsmat=           0
Begin assemble golbal matrix       at 2026-08-27 10:02:37 
 ntelgroup=           0
Begin factorize global matrix      at 2026-08-27 10:02:37 
 Factorization completed ... 
Begin solution global equation     at 2026-08-27 10:02:37 
                     istep=         173 iiter=           1
                     conver_load check
 resid=  4.377536463061873E-015 retot=  3.343729748598621E+015
 ratio1=  1.144193039819941E-015 ratio2=  1.597846850700980E-015
 nchek0=           0 toler_force=  1.000000000000000E-005
 nchek=           0
                    conver_nodal_value check
               Convergence check for displacement
 ratio1=  4.876978667071957E-002 ratio2=  7.723068060843478E-002
                            not converged for checki=           1
 iiter=           2
Begin forming various matrix       at 2026-08-27 10:02:37 
 ktsmat=           0
 ntelgroup=           0
Begin solution global equation     at 2026-08-27 10:02:37 
                     istep=         173 iiter=           2
                     conver_load check
 resid=  2.313110802016707E-015 retot=  3.343729748598621E+015
 ratio1=  8.317305119710865E-016 ratio2=  1.109954682548009E-015
 nchek0=           0 toler_force=  1.000000000000000E-005
 nchek=           0
                    conver_nodal_value check
               Convergence check for displacement
 ratio1=  4.766937373879710E-017 ratio2=  9.518512563686512E-017
 nchek=           0
 ***********RESTART FILE IS UPDATED!*******
 time: 10:02:36
 iblks=           1 iincs=           1 istep=         174
 outinp=           0
 iiter=           1
Begin forming various matrix       at 2026-08-27 10:02:37 
 ktsmat=           0
Begin assemble golbal matrix       at 2026-08-27 10:02:37 
 ntelgroup=           0
Begin factorize global matrix      at 2026-08-27 10:02:37 
 Factorization completed ... 
Begin solution global equation     at 2026-08-27 10:02:37 
                     istep=         174 iiter=           1
                     conver_load check
 resid=  8.249371732433151E-015 retot=  1.371269536663377E+015
 ratio1=  2.452725933532616E-015 ratio2=  2.157813590953948E-015
 nchek0=           0 toler_force=  1.000000000000000E-005
 nchek=           0
                    conver_nodal_value check
               Convergence check for displacement
 ratio1=  4.547229783171657E-002 ratio2=  6.026708456012808E-002
                            not converged for checki=           1
 iiter=           2
Begin forming various matrix       at 2026-08-27 10:02:37 
 ktsmat=           0
 ntelgroup=           0
Begin solution global equation     at 2026-08-27 10:02:37 
                     istep=         174 iiter=           2
                     conver_load check
 resid=  1.303411702885581E-014 retot=  1.371269536663377E+015
 ratio1=  3.083041665414188E-015 ratio2=  3.074553414104628E-015
 nchek0=           0 toler_force=  1.000000000000000E-005
 nchek=           0
                    conver_nodal_value check
               Convergence check for displacement
 ratio1=  8.115040713490198E-017 ratio2=  1.069071093552603E-016
 nchek=           0
 ***********RESTART FILE IS UPDATED!*******
 time: 10:02:36
 iblks=           1 iincs=           1 istep=         175
 outinp=           0
 iiter=           1
Begin forming various matrix       at 2026-08-27 10:02:37 
 ktsmat=           0
Begin assemble golbal matrix       at 2026-08-27 10:02:37 
 ntelgroup=           0
Begin factorize global matrix      at 2026-08-27 10:02:37 
 Factorization completed ... 
Begin solution global equation     at 2026-08-27 10:02:37 
                     istep=         175 iiter=           1
                     conver_load check
 resid=  5.146485902497976E-015 retot=  1.181569107252265E+015
 ratio1=  2.087016246837270E-015 ratio2=  1.745616513605232E-015
 nchek0=           0 toler_force=  1.000000000000000E-005
 nchek=           0
                    conver_nodal_value check
               Convergence check for displacement
 ratio1=  4.164896812072542E-002 ratio2=  5.604999830920997E-002
                            not converged for checki=           1
 iiter=           2
Begin forming various matrix       at 2026-08-27 10:02:37 
 ktsmat=           0
 ntelgroup=           0
Begin solution global equation     at 2026-08-27 10:02:37 
                     istep=         175 iiter=           2
                     conver_load check
 resid=  6.530310413104247E-015 retot=  1.181569107252265E+015
 ratio1=  2.350917284407851E-015 ratio2=  2.032161111121562E-015
 nchek0=           0 toler_force=  1.000000000000000E-005
 nchek=           0
                    conver_nodal_value check
               Convergence check for displacement
 ratio1=  7.953515255827953E-017 ratio2=  1.234520176089997E-016
 nchek=           0
 ***********RESTART FILE IS UPDATED!*******
 time: 10:02:36
 iblks=           1 iincs=           1 istep=         176
 outinp=           0
 iiter=           1
Begin forming various matrix       at 2026-08-27 10:02:37 
 ktsmat=           0
Begin assemble golbal matrix       at 2026-08-27 10:02:37 
 ntelgroup=           0
Begin factorize global matrix      at 2026-08-27 10:02:37 
 Factorization completed ... 
Begin solution global equation     at 2026-08-27 10:02:37 
                     istep=         176 iiter=           1
                     conver_load check
 resid=  5.493207924343052E-015 retot=  2.418364078532171E+015
 ratio1=  1.507135075439237E-015 ratio2=  1.532448529363453E-015
 nchek0=           0 toler_force=  1.000000000000000E-005
 nchek=           0
                    conver_nodal_value check
               Convergence check for displacement
 ratio1=  3.212555646869299E-002 ratio2=  5.730806152091203E-002
                            not converged for checki=           1
 iiter=           2
Begin forming various matrix       at 2026-08-27 10:02:37 
 ktsmat=           0
 ntelgroup=           0
Begin solution global equation     at 2026-08-27 10:02:37 
                     istep=         176 iiter=           2
                     conver_load check
 resid=  2.056492120453273E-015 retot=  2.418364078532171E+015
 ratio1=  9.221523624980527E-016 ratio2=  9.764273815413153E-016
 nchek0=           0 toler_force=  1.000000000000000E-005
 nchek=           0
                    conver_nodal_value check
               Convergence check for displacement
 ratio1=  3.677351906535976E-017 ratio2=  6.043299941482067E-017
 nchek=           0
 ***********RESTART FILE IS UPDATED!*******
 time: 10:02:36
 iblks=           1 iincs=           1 istep=         177
 outinp=           0
 iiter=           1
Begin forming various matrix       at 2026-08-27 10:02:37 
 ktsmat=           0
Begin assemble golbal matrix       at 2026-08-27 10:02:37 
 ntelgroup=           0
Begin factorize global matrix      at 2026-08-27 10:02:37 
 Factorization completed ... 
Begin solution global equation     at 2026-08-27 10:02:37 
                     istep=         177 iiter=           1
                     conver_load check
 resid=  3.109345883147943E-015 retot=  2.228401141711513E+015
 ratio1=  1.181239147873832E-015 ratio2=  1.208063223286169E-015
 nchek0=           0 toler_force=  1.000000000000000E-005
 nchek=           0
                    conver_nodal_value check
               Convergence check for displacement
 ratio1=  3.578620393253812E-002 ratio2=  6.785993423372189E-002
                            not converged for checki=           1
 iiter=           2
Begin forming various matrix       at 2026-08-27 10:02:37 
 ktsmat=           0
 ntelgroup=           0
Begin solution global equation     at 2026-08-27 10:02:37 
                     istep=         177 iiter=           2
                     conver_load check
 resid=  1.826456185875708E-015 retot=  2.228401141711513E+015
 ratio1=  9.053321497807030E-016 ratio2=  8.756431417107805E-016
 nchek0=           0 toler_force=  1.000000000000000E-005
 nchek=           0
                    conver_nodal_value check
               Convergence check for displacement
 ratio1=  3.721698009614405E-017 ratio2=  1.170040009119629E-016
 nchek=           0
 ***********RESTART FILE IS UPDATED!*******
 time: 10:02:36
 iblks=           1 iincs=           1 istep=         178
 outinp=           0
 iiter=           1
Begin forming various matrix       at 2026-08-27 10:02:37 
 ktsmat=           0
Begin assemble golbal matrix       at 2026-08-27 10:02:37 
 ntelgroup=           0
Begin factorize global matrix      at 2026-08-27 10:02:37 
 Factorization completed ... 
Begin solution global equation     at 2026-08-27 10:02:37 
                     istep=         178 iiter=           1
                     conver_load check
 resid=  2.377084004555432E-015 retot=  1.890521680228011E+015
 ratio1=  1.121324816377978E-015 ratio2=  1.126769033219253E-015
 nchek0=           0 toler_force=  1.000000000000000E-005
 nchek=           0
                    conver_nodal_value check
               Convergence check for displacement
 ratio1=  3.371374720950056E-002 ratio2=  8.205235180822371E-002
                            not converged for checki=           1
 iiter=           2
Begin forming various matrix       at 2026-08-27 10:02:37 
 ktsmat=           0
 ntelgroup=           0
Begin solution global equation     at 2026-08-27 10:02:37 
                     istep=         178 iiter=           2
                     conver_load check
 resid=  1.720093301279125E-015 retot=  1.890521680228011E+015
 ratio1=  9.538611730903136E-016 ratio2=  9.294050305853069E-016
 nchek0=           0 toler_force=  1.000000000000000E-005
 nchek=           0
                    conver_nodal_value check
               Convergence check for displacement
 ratio1=  4.831596119595570E-017 ratio2=  1.422989453244918E-016
 nchek=           0
 ***********RESTART FILE IS UPDATED!*******
 time: 10:02:36
 iblks=           1 iincs=           1 istep=         179
 outinp=           0
 iiter=           1
Begin forming various matrix       at 2026-08-27 10:02:37 
 ktsmat=           0
Begin assemble golbal matrix       at 2026-08-27 10:02:37 
 ntelgroup=           0
Begin factorize global matrix      at 2026-08-27 10:02:37 
 Factorization completed ... 
Begin solution global equation     at 2026-08-27 10:02:37 
                     istep=         179 iiter=           1
                     conver_load check
 resid=  1.899301686512441E-015 retot=  1.764378609089200E+015
 ratio1=  1.037531007913515E-015 ratio2=  1.521016122362515E-015
 nchek0=           0 toler_force=  1.000000000000000E-005
 nchek=           0
                    conver_nodal_value check
               Convergence check for displacement
 ratio1=  4.046024762850472E-002 ratio2=  0.123051442412876     
                            not converged for checki=           1
 iiter=           2
Begin forming various matrix       at 2026-08-27 10:02:37 
 ktsmat=           0
 ntelgroup=           0
Begin solution global equation     at 2026-08-27 10:02:37 
                     istep=         179 iiter=           2
                     conver_load check
 resid=  8.045706278043661E-016 retot=  1.764378609089200E+015
 ratio1=  6.752835883070316E-016 ratio2=  5.564693130594569E-016
 nchek0=           0 toler_force=  1.000000000000000E-005
 nchek=           0
                    conver_nodal_value check
               Convergence check for displacement
 ratio1=  6.914257149530149E-017 ratio2=  2.495742070093526E-016
 nchek=           0
 ***********RESTART FILE IS UPDATED!*******
 time: 10:02:36
 iblks=           1 iincs=           1 istep=         180
 outinp=           0
 iiter=           1
Begin forming various matrix       at 2026-08-27 10:02:37 
 ktsmat=           0
Begin assemble golbal matrix       at 2026-08-27 10:02:37 
 ntelgroup=           0
Begin factorize global matrix      at 2026-08-27 10:02:37 
 Factorization completed ... 
Begin solution global equation     at 2026-08-27 10:02:37 
                     istep=         180 iiter=           1
                     conver_load check
 resid=  2.003292174667516E-015 retot=  2.058638705714960E+015
 ratio1=  9.864659070120976E-016 ratio2=  1.211693704562445E-015
 nchek0=           0 toler_force=  1.000000000000000E-005
 nchek=           0
                    conver_nodal_value check
               Convergence check for displacement
 ratio1=  4.508085891426623E-002 ratio2=  9.780572241444899E-002
                            not converged for checki=           1
 iiter=           2
Begin forming various matrix       at 2026-08-27 10:02:37 
 ktsmat=           0
 ntelgroup=           0
Begin solution global equation     at 2026-08-27 10:02:37 
                     istep=         180 iiter=           2
                     conver_load check
 resid=  1.164822911572038E-015 retot=  2.058638705714960E+015
 ratio1=  7.522113553823891E-016 ratio2=  6.414849024154119E-016
 nchek0=           0 toler_force=  1.000000000000000E-005
 nchek=           0
                    conver_nodal_value check
               Convergence check for displacement
 ratio1=  7.093599148021076E-017 ratio2=  1.722037892019244E-016
 nchek=           0
 ***********RESTART FILE IS UPDATED!*******
 time: 10:02:36
 iblks=           1 iincs=           1 istep=         181
 outinp=           0
 iiter=           1
Begin forming various matrix       at 2026-08-27 10:02:37 
 ktsmat=           0
Begin assemble golbal matrix       at 2026-08-27 10:02:37 
 ntelgroup=           0
Begin factorize global matrix      at 2026-08-27 10:02:37 
 Factorization completed ... 
Begin solution global equation     at 2026-08-27 10:02:37 
                     istep=         181 iiter=           1
                     conver_load check
 resid=  2.402110764631699E-015 retot=  2.969468281222366E+015
 ratio1=  8.994088764437568E-016 ratio2=  7.404879108669973E-016
 nchek0=           0 toler_force=  1.000000000000000E-005
 nchek=           0
                    conver_nodal_value check
               Convergence check for displacement
 ratio1=  4.692389458704833E-002 ratio2=  5.746400269812117E-002
                            not converged for checki=           1
 iiter=           2
Begin forming various matrix       at 2026-08-27 10:02:37 
 ktsmat=           0
 ntelgroup=           0
Begin solution global equation     at 2026-08-27 10:02:37 
                     istep=         181 iiter=           2
                     conver_load check
 resid=  1.332629161722827E-015 retot=  2.969468281222366E+015
 ratio1=  6.699082265147094E-016 ratio2=  5.898802001821843E-016
 nchek0=           0 toler_force=  1.000000000000000E-005
 nchek=           0
                    conver_nodal_value check
               Convergence check for displacement
 ratio1=  8.491087954587589E-017 ratio2=  1.548058706922846E-016
 nchek=           0
 ***********RESTART FILE IS UPDATED!*******
 time: 10:02:36
 iblks=           1 iincs=           1 istep=         182
 outinp=           0
 iiter=           1
Begin forming various matrix       at 2026-08-27 10:02:37 
 ktsmat=           0
Begin assemble golbal matrix       at 2026-08-27 10:02:37 
 ntelgroup=           0
Begin factorize global matrix      at 2026-08-27 10:02:37 
 Factorization completed ... 
Begin solution global equation     at 2026-08-27 10:02:37 
                     istep=         182 iiter=           1
                     conver_load check
 resid=  3.224283304994430E-015 retot=  3.362341569431888E+015
 ratio1=  9.792547398230214E-016 ratio2=  6.970560626159877E-016
 nchek0=           0 toler_force=  1.000000000000000E-005
 nchek=           0
                    conver_nodal_value check
               Convergence check for displacement
 ratio1=  5.760958070314817E-002 ratio2=  7.295490746009424E-002
                            not converged for checki=           1
 iiter=           2
Begin forming various matrix       at 2026-08-27 10:02:37 
 ktsmat=           0
 ntelgroup=           0
Begin solution global equation     at 2026-08-27 10:02:37 
                     istep=         182 iiter=           2
                     conver_load check
 resid=  2.036732835712697E-015 retot=  3.362341569431888E+015
 ratio1=  7.782983640128598E-016 ratio2=  5.739094915538300E-016
 nchek0=           0 toler_force=  1.000000000000000E-005
 nchek=           0
                    conver_nodal_value check
               Convergence check for displacement
 ratio1=  6.298107652046471E-017 ratio2=  8.010525901868117E-017
 nchek=           0
 ***********RESTART FILE IS UPDATED!*******
 time: 10:02:36
 iblks=           1 iincs=           1 istep=         183
 outinp=           0
 iiter=           1
Begin forming various matrix       at 2026-08-27 10:02:37 
 ktsmat=           0
Begin assemble golbal matrix       at 2026-08-27 10:02:37 
 ntelgroup=           0
Begin factorize global matrix      at 2026-08-27 10:02:37 
 Factorization completed ... 
Begin solution global equation     at 2026-08-27 10:02:37 
                     istep=         183 iiter=           1
                     conver_load check
 resid=  2.766667312912922E-015 retot=  3.385285316662072E+015
 ratio1=  9.040258120810334E-016 ratio2=  5.580581811261669E-016
 nchek0=           0 toler_force=  1.000000000000000E-005
 nchek=           0
                    conver_nodal_value check
               Convergence check for displacement
 ratio1=  4.963101439175507E-002 ratio2=  5.062602941299960E-002
                            not converged for checki=           1
 iiter=           2
Begin forming various matrix       at 2026-08-27 10:02:37 
 ktsmat=           0
 ntelgroup=           0
Begin solution global equation     at 2026-08-27 10:02:37 
                     istep=         183 iiter=           2
                     conver_load check
 resid=  2.546440988524765E-015 retot=  3.385285316662072E+015
 ratio1=  8.672996464699450E-016 ratio2=  7.426128551993874E-016
 nchek0=           0 toler_force=  1.000000000000000E-005
 nchek=           0
                    conver_nodal_value check
               Convergence check for displacement
 ratio1=  7.883625263319910E-017 ratio2=  1.310983662633669E-016
 nchek=           0
 ***********RESTART FILE IS UPDATED!*******
 time: 10:02:36
 iblks=           1 iincs=           1 istep=         184
 outinp=           0
 iiter=           1
Begin forming various matrix       at 2026-08-27 10:02:37 
 ktsmat=           0
Begin assemble golbal matrix       at 2026-08-27 10:02:37 
 ntelgroup=           0
Begin factorize global matrix      at 2026-08-27 10:02:37 
 Factorization completed ... 
Begin solution global equation     at 2026-08-27 10:02:37 
                     istep=         184 iiter=           1
                     conver_load check
 resid=  2.998797914865085E-015 retot=  2.395818596982885E+015
 ratio1=  1.118784998122671E-015 ratio2=  6.638085662103458E-016
 nchek0=           0 toler_force=  1.000000000000000E-005
 nchek=           0
                    conver_nodal_value check
               Convergence check for displacement
 ratio1=  3.926548848509891E-002 ratio2=  4.953002822948440E-002
                            not converged for checki=           1
 iiter=           2
Begin forming various matrix       at 2026-08-27 10:02:37 
 ktsmat=           0
 ntelgroup=           0
Begin solution global equation     at 2026-08-27 10:02:37 
                     istep=         184 iiter=           2
                     conver_load check
 resid=  1.551062052456450E-015 retot=  2.395818596982885E+015
 ratio1=  8.046140660380986E-016 ratio2=  4.575072765155619E-016
 nchek0=           0 toler_force=  1.000000000000000E-005
 nchek=           0
                    conver_nodal_value check
               Convergence check for displacement
 ratio1=  6.563950936668311E-017 ratio2=  1.622133076673886E-016
 nchek=           0
 ***********RESTART FILE IS UPDATED!*******
 time: 10:02:36
 iblks=           1 iincs=           1 istep=         185
 outinp=           0
 iiter=           1
Begin forming various matrix       at 2026-08-27 10:02:37 
 ktsmat=           0
Begin assemble golbal matrix       at 2026-08-27 10:02:37 
 ntelgroup=           0
Begin factorize global matrix      at 2026-08-27 10:02:37 
 Factorization completed ... 
Begin solution global equation     at 2026-08-27 10:02:37 
                     istep=         185 iiter=           1
                     conver_load check
 resid=  2.468404682142740E-015 retot=  1.525959950702401E+015
 ratio1=  1.271852104615309E-015 ratio2=  7.664628548231553E-016
 nchek0=           0 toler_force=  1.000000000000000E-005
 nchek=           0
                    conver_nodal_value check
               Convergence check for displacement
 ratio1=  3.218527464808412E-002 ratio2=  7.072114637926979E-002
                            not converged for checki=           1
 iiter=           2
Begin forming various matrix       at 2026-08-27 10:02:37 
 ktsmat=           0
 ntelgroup=           0
Begin solution global equation     at 2026-08-27 10:02:37 
                     istep=         185 iiter=           2
                     conver_load check
 resid=  1.385045783482196E-015 retot=  1.525959950702401E+015
 ratio1=  9.527095024699335E-016 ratio2=  8.180700794621209E-016
 nchek0=           0 toler_force=  1.000000000000000E-005
 nchek=           0
                    conver_nodal_value check
               Convergence check for displacement
 ratio1=  5.366391193551356E-017 ratio2=  1.321180223249992E-016
 nchek=           0
 ***********RESTART FILE IS UPDATED!*******
 time: 10:02:36
 iblks=           1 iincs=           1 istep=         186
 outinp=           0
 iiter=           1
Begin forming various matrix       at 2026-08-27 10:02:37 
 ktsmat=           0
Begin assemble golbal matrix       at 2026-08-27 10:02:37 
 ntelgroup=           0
Begin factorize global matrix      at 2026-08-27 10:02:37 
 Factorization completed ... 
Begin solution global equation     at 2026-08-27 10:02:37 
                     istep=         186 iiter=           1
                     conver_load check
 resid=  1.973897641067160E-015 retot=  1.881379359672838E+015
 ratio1=  1.024292815285702E-015 ratio2=  1.385902248951076E-015
 nchek0=           0 toler_force=  1.000000000000000E-005
 nchek=           0
                    conver_nodal_value check
               Convergence check for displacement
 ratio1=  3.689578517482289E-002 ratio2=  9.671235225395675E-002
                            not converged for checki=           1
 iiter=           2
Begin forming various matrix       at 2026-08-27 10:02:37 
 ktsmat=           0
 ntelgroup=           0
Begin solution global equation     at 2026-08-27 10:02:37 
                     istep=         186 iiter=           2
                     conver_load check
 resid=  1.065878843768312E-015 retot=  1.881379359672838E+015
 ratio1=  7.526892847889898E-016 ratio2=  5.789789000552194E-016
 nchek0=           0 toler_force=  1.000000000000000E-005
 nchek=           0
                    conver_nodal_value check
               Convergence check for displacement
 ratio1=  4.452423662860035E-017 ratio2=  1.174711013764289E-016
 nchek=           0
 ***********RESTART FILE IS UPDATED!*******
 time: 10:02:36
 iblks=           1 iincs=           1 istep=         187
 outinp=           0
 iiter=           1
Begin forming various matrix       at 2026-08-27 10:02:37 
 ktsmat=           0
Begin assemble golbal matrix       at 2026-08-27 10:02:37 
 ntelgroup=           0
Begin factorize global matrix      at 2026-08-27 10:02:37 
 Factorization completed ... 
Begin solution global equation     at 2026-08-27 10:02:37 
                     istep=         187 iiter=           1
                     conver_load check
 resid=  1.748576812118919E-015 retot=  3.202037528877398E+015
 ratio1=  7.389739832104645E-016 ratio2=  4.983799631567803E-016
 nchek0=           0 toler_force=  1.000000000000000E-005
 nchek=           0
                    conver_nodal_value check
               Convergence check for displacement
 ratio1=  2.804328737349573E-002 ratio2=  8.216583471912869E-002
                            not converged for checki=           1
 iiter=           2
Begin forming various matrix       at 2026-08-27 10:02:37 
 ktsmat=           0
 ntelgroup=           0
Begin solution global equation     at 2026-08-27 10:02:37 
                     istep=         187 iiter=           2
                     conver_load check
 resid=  1.105083468079532E-015 retot=  3.202037528877398E+015
 ratio1=  5.874681583081114E-016 ratio2=  3.033617167041271E-016
 nchek0=           0 toler_force=  1.000000000000000E-005
 nchek=           0
                    conver_nodal_value check
               Convergence check for displacement
 ratio1=  5.653685797360320E-017 ratio2=  2.122050581083404E-016
 nchek=           0
 ***********RESTART FILE IS UPDATED!*******
 time: 10:02:36
 iblks=           1 iincs=           1 istep=         188
 outinp=           0
 iiter=           1
Begin forming various matrix       at 2026-08-27 10:02:37 
 ktsmat=           0
Begin assemble golbal matrix       at 2026-08-27 10:02:37 
 ntelgroup=           0
Begin factorize global matrix      at 2026-08-27 10:02:37 
 Factorization completed ... 
Begin solution global equation     at 2026-08-27 10:02:37 
                     istep=         188 iiter=           1
                     conver_load check
 resid=  1.550359387515988E-015 retot=  4.856198346557366E+015
 ratio1=  5.650254154158317E-016 ratio2=  4.201805117227474E-016
 nchek0=           0 toler_force=  1.000000000000000E-005
 nchek=           0
                    conver_nodal_value check
               Convergence check for displacement
 ratio1=  2.911588800374069E-002 ratio2=  4.195852127086485E-002
                            not converged for checki=           1
 iiter=           2
Begin forming various matrix       at 2026-08-27 10:02:37 
 ktsmat=           0
 ntelgroup=           0
Begin solution global equation     at 2026-08-27 10:02:37 
                     istep=         188 iiter=           2
                     conver_load check
 resid=  8.108240318355248E-016 retot=  4.856198346557366E+015
 ratio1=  4.086157455864913E-016 ratio2=  2.100902558613737E-016
 nchek0=           0 toler_force=  1.000000000000000E-005
 nchek=           0
                    conver_nodal_value check
               Convergence check for displacement
 ratio1=  7.414654248544968E-017 ratio2=  2.918227470870817E-016
 nchek=           0
 ***********RESTART FILE IS UPDATED!*******
 time: 10:02:36
 iblks=           1 iincs=           1 istep=         189
 outinp=           0
 iiter=           1
Begin forming various matrix       at 2026-08-27 10:02:37 
 ktsmat=           0
Begin assemble golbal matrix       at 2026-08-27 10:02:37 
 ntelgroup=           0
Begin factorize global matrix      at 2026-08-27 10:02:37 
 Factorization completed ... 
Begin solution global equation     at 2026-08-27 10:02:37 
                     istep=         189 iiter=           1
                     conver_load check
 resid=  1.985042101478962E-015 retot=  3.229428173252030E+015
 ratio1=  7.840108018593548E-016 ratio2=  6.347520613846496E-016
 nchek0=           0 toler_force=  1.000000000000000E-005
 nchek=           0
                    conver_nodal_value check
               Convergence check for displacement
 ratio1=  3.860683779826857E-002 ratio2=  7.039382476775624E-002
                            not converged for checki=           1
 iiter=           2
Begin forming various matrix       at 2026-08-27 10:02:37 
 ktsmat=           0
 ntelgroup=           0
Begin solution global equation     at 2026-08-27 10:02:37 
                     istep=         189 iiter=           2
                     conver_load check
 resid=  9.730871978770372E-016 retot=  3.229428173252030E+015
 ratio1=  5.489250683345536E-016 ratio2=  3.618086749892503E-016
 nchek0=           0 toler_force=  1.000000000000000E-005
 nchek=           0
                    conver_nodal_value check
               Convergence check for displacement
 ratio1=  5.621277043438332E-017 ratio2=  1.540277640442440E-016
 nchek=           0
 ***********RESTART FILE IS UPDATED!*******
 time: 10:02:36
 iblks=           1 iincs=           1 istep=         190
 outinp=           0
 iiter=           1
Begin forming various matrix       at 2026-08-27 10:02:37 
 ktsmat=           0
Begin assemble golbal matrix       at 2026-08-27 10:02:37 
 ntelgroup=           0
Begin factorize global matrix      at 2026-08-27 10:02:37 
 Factorization completed ... 
Begin solution global equation     at 2026-08-27 10:02:37 
                     istep=         190 iiter=           1
                     conver_load check
 resid=  2.359379749506333E-015 retot=  2.095716496971483E+015
 ratio1=  1.061042201580245E-015 ratio2=  7.534135035920579E-016
 nchek0=           0 toler_force=  1.000000000000000E-005
 nchek=           0
                    conver_nodal_value check
               Convergence check for displacement
 ratio1=  4.714562996633268E-002 ratio2=  5.127219063813242E-002
                            not converged for checki=           1
 iiter=           2
Begin forming various matrix       at 2026-08-27 10:02:37 
 ktsmat=           0
 ntelgroup=           0
Begin solution global equation     at 2026-08-27 10:02:37 
                     istep=         190 iiter=           2
                     conver_load check
 resid=  1.297086619490007E-015 retot=  2.095716496971484E+015
 ratio1=  7.867164361681873E-016 ratio2=  4.199353954447536E-016
 nchek0=           0 toler_force=  1.000000000000000E-005
 nchek=           0
                    conver_nodal_value check
               Convergence check for displacement
 ratio1=  1.293670056060614E-016 ratio2=  2.054533148432719E-016
 nchek=           0
 ***********RESTART FILE IS UPDATED!*******
 time: 10:02:36
 iblks=           1 iincs=           1 istep=         191
 outinp=           0
 iiter=           1
Begin forming various matrix       at 2026-08-27 10:02:37 
 ktsmat=           0
Begin assemble golbal matrix       at 2026-08-27 10:02:37 
 ntelgroup=           0
Begin factorize global matrix      at 2026-08-27 10:02:37 
 Factorization completed ... 
Begin solution global equation     at 2026-08-27 10:02:37 
                     istep=         191 iiter=           1
                     conver_load check
 resid=  2.740089789995097E-015 retot=  1.283178319698724E+015
 ratio1=  1.461298338829126E-015 ratio2=  8.591930867766832E-016
 nchek0=           0 toler_force=  1.000000000000000E-005
 nchek=           0
                    conver_nodal_value check
               Convergence check for displacement
 ratio1=  0.137166956071118      ratio2=  0.226549085135584     
                            not converged for checki=           1
 iiter=           2
Begin forming various matrix       at 2026-08-27 10:02:37 
 ktsmat=           0
 ntelgroup=           0
Begin solution global equation     at 2026-08-27 10:02:37 
                     istep=         191 iiter=           2
                     conver_load check
 resid=  1.993681893272250E-015 retot=  1.283178319698724E+015
 ratio1=  1.246477448775055E-015 ratio2=  9.033034461424505E-016
 nchek0=           0 toler_force=  1.000000000000000E-005
 nchek=           0
                    conver_nodal_value check
               Convergence check for displacement
 ratio1=  3.238238574295018E-016 ratio2=  5.906949821912764E-016
 nchek=           0
 ***********RESTART FILE IS UPDATED!*******
 time: 10:02:36
 iblks=           1 iincs=           1 istep=         192
 outinp=           0
 iiter=           1
Begin forming various matrix       at 2026-08-27 10:02:37 
 ktsmat=           0
Begin assemble golbal matrix       at 2026-08-27 10:02:37 
 ntelgroup=           0
Begin factorize global matrix      at 2026-08-27 10:02:37 
 Factorization completed ... 
Begin solution global equation     at 2026-08-27 10:02:37 
                     istep=         192 iiter=           1
                     conver_load check
 resid=  3.008477483059614E-015 retot=   637745496938175.     
 ratio1=  2.171949295152569E-015 ratio2=  1.610759837615742E-015
 nchek0=           0 toler_force=  1.000000000000000E-005
 nchek=           0
                    conver_nodal_value check
               Convergence check for displacement
 ratio1=  9.023878985130368E-002 ratio2=  0.118161107701989     
                            not converged for checki=           1
 iiter=           2
Begin forming various matrix       at 2026-08-27 10:02:37 
 ktsmat=           0
 ntelgroup=           0
Begin solution global equation     at 2026-08-27 10:02:37 
                     istep=         192 iiter=           2
                     conver_load check
 resid=  2.768878240243926E-015 retot=   637745496938175.     
 ratio1=  2.083666592734291E-015 ratio2=  1.667684330173158E-015
 nchek0=           0 toler_force=  1.000000000000000E-005
 nchek=           0
                    conver_nodal_value check
               Convergence check for displacement
 ratio1=  2.823180984130592E-016 ratio2=  7.686043244090216E-016
 nchek=           0
 ***********RESTART FILE IS UPDATED!*******
 time: 10:02:36
 iblks=           1 iincs=           1 istep=         193
 outinp=           0
 iiter=           1
Begin forming various matrix       at 2026-08-27 10:02:37 
 ktsmat=           0
Begin assemble golbal matrix       at 2026-08-27 10:02:37 
 ntelgroup=           0
Begin factorize global matrix      at 2026-08-27 10:02:37 
 Factorization completed ... 
Begin solution global equation     at 2026-08-27 10:02:37 
                     istep=         193 iiter=           1
                     conver_load check
 resid=  3.364500770234670E-015 retot=   828391271452670.     
 ratio1=  2.015313243933483E-015 ratio2=  2.621153877431939E-015
 nchek0=           0 toler_force=  1.000000000000000E-005
 nchek=           0
                    conver_nodal_value check
               Convergence check for displacement
 ratio1=  5.663437017057978E-002 ratio2=  0.144347926678170     
                            not converged for checki=           1
 iiter=           2
Begin forming various matrix       at 2026-08-27 10:02:37 
 ktsmat=           0
 ntelgroup=           0
Begin solution global equation     at 2026-08-27 10:02:37 
                     istep=         193 iiter=           2
                     conver_load check
 resid=  2.721718043294725E-015 retot=   828391271452670.     
 ratio1=  1.812607652222826E-015 ratio2=  2.469462956087091E-015
 nchek0=           0 toler_force=  1.000000000000000E-005
 nchek=           0
                    conver_nodal_value check
               Convergence check for displacement
 ratio1=  7.450109581217339E-017 ratio2=  1.989532307228690E-016
 nchek=           0
 ***********RESTART FILE IS UPDATED!*******
 time: 10:02:36
 iblks=           1 iincs=           1 istep=         194
 outinp=           0
 iiter=           1
Begin forming various matrix       at 2026-08-27 10:02:37 
 ktsmat=           0
Begin assemble golbal matrix       at 2026-08-27 10:02:37 
 ntelgroup=           0
Begin factorize global matrix      at 2026-08-27 10:02:37 
 Factorization completed ... 
Begin solution global equation     at 2026-08-27 10:02:37 
                     istep=         194 iiter=           1
                     conver_load check
 resid=  2.900793757960171E-015 retot=  1.396788233108997E+015
 ratio1=  1.441096761540336E-015 ratio2=  1.994335259179675E-015
 nchek0=           0 toler_force=  1.000000000000000E-005
 nchek=           0
                    conver_nodal_value check
               Convergence check for displacement
 ratio1=  3.099431417277768E-002 ratio2=  5.149760124665756E-002
                            not converged for checki=           1
 iiter=           2
Begin forming various matrix       at 2026-08-27 10:02:37 
 ktsmat=           0
 ntelgroup=           0
Begin solution global equation     at 2026-08-27 10:02:37 
                     istep=         194 iiter=           2
                     conver_load check
 resid=  4.170197779779468E-015 retot=  1.396788233108997E+015
 ratio1=  1.727877870343679E-015 ratio2=  2.183562008900576E-015
 nchek0=           0 toler_force=  1.000000000000000E-005
 nchek=           0
                    conver_nodal_value check
               Convergence check for displacement
 ratio1=  4.417001288246367E-017 ratio2=  1.110127763840396E-016
 nchek=           0
 ***********RESTART FILE IS UPDATED!*******
 time: 10:02:36
 iblks=           1 iincs=           1 istep=         195
 outinp=           0
 iiter=           1
Begin forming various matrix       at 2026-08-27 10:02:37 
 ktsmat=           0
Begin assemble golbal matrix       at 2026-08-27 10:02:37 
 ntelgroup=           0
Begin factorize global matrix      at 2026-08-27 10:02:37 
 Factorization completed ... 
Begin solution global equation     at 2026-08-27 10:02:37 
                     istep=         195 iiter=           1
                     conver_load check
 resid=  3.556467889675636E-015 retot=  1.600173155845017E+015
 ratio1=  1.490822558569409E-015 ratio2=  1.805383948596322E-015
 nchek0=           0 toler_force=  1.000000000000000E-005
 nchek=           0
                    conver_nodal_value check
               Convergence check for displacement
 ratio1=  4.332788244244209E-002 ratio2=  6.396306619364098E-002
                            not converged for checki=           1
 iiter=           2
Begin forming various matrix       at 2026-08-27 10:02:37 
 ktsmat=           0
 ntelgroup=           0
Begin solution global equation     at 2026-08-27 10:02:37 
                     istep=         195 iiter=           2
                     conver_load check
 resid=  2.772412641009078E-015 retot=  1.600173155845017E+015
 ratio1=  1.316271399711561E-015 ratio2=  2.230790511196605E-015
 nchek0=           0 toler_force=  1.000000000000000E-005
 nchek=           0
                    conver_nodal_value check
               Convergence check for displacement
 ratio1=  1.387350060537561E-016 ratio2=  4.786715187583646E-016
 nchek=           0
 ***********RESTART FILE IS UPDATED!*******
 time: 10:02:36
 iblks=           1 iincs=           1 istep=         196
 outinp=           0
 iiter=           1
Begin forming various matrix       at 2026-08-27 10:02:37 
 ktsmat=           0
Begin assemble golbal matrix       at 2026-08-27 10:02:37 
 ntelgroup=           0
Begin factorize global matrix      at 2026-08-27 10:02:37 
 Factorization completed ... 
Begin solution global equation     at 2026-08-27 10:02:37 
                     istep=         196 iiter=           1
                     conver_load check
 resid=  2.712452367114139E-015 retot=  3.791374640993865E+015
 ratio1=  8.458292696886115E-016 ratio2=  7.841673030668282E-016
 nchek0=           0 toler_force=  1.000000000000000E-005
 nchek=           0
                    conver_nodal_value check
               Convergence check for displacement
 ratio1=  5.401984606326810E-002 ratio2=  0.118504426595084     
                            not converged for checki=           1
 iiter=           2
Begin forming various matrix       at 2026-08-27 10:02:37 
 ktsmat=           0
 ntelgroup=           0
Begin solution global equation     at 2026-08-27 10:02:37 
                     istep=         196 iiter=           2
                     conver_load check
 resid=  1.688382962663969E-015 retot=  3.791374640993866E+015
 ratio1=  6.673245927136538E-016 ratio2=  5.964089347268835E-016
 nchek0=           0 toler_force=  1.000000000000000E-005
 nchek=           0
                    conver_nodal_value check
               Convergence check for displacement
 ratio1=  5.563945505651583E-017 ratio2=  1.774571603319413E-016
 nchek=           0
 ***********RESTART FILE IS UPDATED!*******
 time: 10:02:36
 iblks=           1 iincs=           1 istep=         197
 outinp=           0
 iiter=           1
Begin forming various matrix       at 2026-08-27 10:02:37 
 ktsmat=           0
Begin assemble golbal matrix       at 2026-08-27 10:02:37 
 ntelgroup=           0
Begin factorize global matrix      at 2026-08-27 10:02:37 
 Factorization completed ... 
Begin solution global equation     at 2026-08-27 10:02:37 
                     istep=         197 iiter=           1
                     conver_load check
 resid=  2.101465581352186E-015 retot=  5.740859974159856E+015
 ratio1=  6.050240851380547E-016 ratio2=  4.656571738064717E-016
 nchek0=           0 toler_force=  1.000000000000000E-005
 nchek=           0
                    conver_nodal_value check
               Convergence check for displacement
 ratio1=  3.840935701892861E-002 ratio2=  7.496203173144463E-002
                            not converged for checki=           1
 iiter=           2
Begin forming various matrix       at 2026-08-27 10:02:37 
 ktsmat=           0
 ntelgroup=           0
Begin solution global equation     at 2026-08-27 10:02:37 
                     istep=         197 iiter=           2
                     conver_load check
 resid=  1.387269566845394E-015 retot=  5.740859974159856E+015
 ratio1=  4.915774501088523E-016 ratio2=  3.556347866541832E-016
 nchek0=           0 toler_force=  1.000000000000000E-005
 nchek=           0
                    conver_nodal_value check
               Convergence check for displacement
 ratio1=  8.403515290995630E-017 ratio2=  2.243028179070005E-016
 nchek=           0
 ***********RESTART FILE IS UPDATED!*******
 time: 10:02:36
 iblks=           1 iincs=           1 istep=         198
 outinp=           0
 iiter=           1
Begin forming various matrix       at 2026-08-27 10:02:37 
 ktsmat=           0
Begin assemble golbal matrix       at 2026-08-27 10:02:37 
 ntelgroup=           0
Begin factorize global matrix      at 2026-08-27 10:02:37 
 Factorization completed ... 
Begin solution global equation     at 2026-08-27 10:02:37 
                     istep=         198 iiter=           1
                     conver_load check
 resid=  1.886783693417278E-015 retot=  6.039911346504864E+015
 ratio1=  5.589150126025037E-016 ratio2=  5.622753279793235E-016
 nchek0=           0 toler_force=  1.000000000000000E-005
 nchek=           0
                    conver_nodal_value check
               Convergence check for displacement
 ratio1=  3.393217043545992E-002 ratio2=  4.013265664402921E-002
                            not converged for checki=           1
 iiter=           2
Begin forming various matrix       at 2026-08-27 10:02:37 
 ktsmat=           0
 ntelgroup=           0
Begin solution global equation     at 2026-08-27 10:02:37 
                     istep=         198 iiter=           2
                     conver_load check
 resid=  1.499612595259180E-015 retot=  6.039911346504864E+015
 ratio1=  4.982809200110954E-016 ratio2=  5.997603498446118E-016
 nchek0=           0 toler_force=  1.000000000000000E-005
 nchek=           0
                    conver_nodal_value check
               Convergence check for displacement
 ratio1=  3.711944760867382E-017 ratio2=  4.982820311936921E-017
 nchek=           0
 ***********RESTART FILE IS UPDATED!*******
 time: 10:02:36
 iblks=           1 iincs=           1 istep=         199
 outinp=           0
 iiter=           1
Begin forming various matrix       at 2026-08-27 10:02:37 
 ktsmat=           0
Begin assemble golbal matrix       at 2026-08-27 10:02:37 
 ntelgroup=           0
Begin factorize global matrix      at 2026-08-27 10:02:37 
 Factorization completed ... 
Begin solution global equation     at 2026-08-27 10:02:37 
                     istep=         199 iiter=           1
                     conver_load check
 resid=  2.542032575090298E-015 retot=  5.794898620469860E+015
 ratio1=  6.623196414891367E-016 ratio2=  8.234310723041939E-016
 nchek0=           0 toler_force=  1.000000000000000E-005
 nchek=           0
                    conver_nodal_value check
               Convergence check for displacement
 ratio1=  2.809461652300922E-002 ratio2=  4.049055741945718E-002
                            not converged for checki=           1
 iiter=           2
Begin forming various matrix       at 2026-08-27 10:02:37 
 ktsmat=           0
 ntelgroup=           0
Begin solution global equation     at 2026-08-27 10:02:37 
                     istep=         199 iiter=           2
                     conver_load check
 resid=  1.680954799226983E-015 retot=  5.794898620469860E+015
 ratio1=  5.385860449819797E-016 ratio2=  6.992926000401526E-016
 nchek0=           0 toler_force=  1.000000000000000E-005
 nchek=           0
                    conver_nodal_value check
               Convergence check for displacement
 ratio1=  4.156066266988965E-017 ratio2=  4.785642960287351E-017
 nchek=           0
 ***********RESTART FILE IS UPDATED!*******
 time: 10:02:36
 iblks=           1 iincs=           1 istep=         200
 outinp=           0
 iiter=           1
Begin forming various matrix       at 2026-08-27 10:02:37 
 ktsmat=           0
Begin assemble golbal matrix       at 2026-08-27 10:02:37 
 ntelgroup=           0
Begin factorize global matrix      at 2026-08-27 10:02:37 
 Factorization completed ... 
Begin solution global equation     at 2026-08-27 10:02:37 
                     istep=         200 iiter=           1
                     conver_load check
 resid=  1.107142626939497E-015 retot=  5.455970743509421E+015
 ratio1=  4.504698922857451E-016 ratio2=  3.317533190957762E-016
 nchek0=           0 toler_force=  1.000000000000000E-005
 nchek=           0
                    conver_nodal_value check
               Convergence check for displacement
 ratio1=  3.050885219019574E-002 ratio2=  4.245777346625527E-002
                            not converged for checki=           1
 iiter=           2
Begin forming various matrix       at 2026-08-27 10:02:37 
 ktsmat=           0
 ntelgroup=           0
Begin solution global equation     at 2026-08-27 10:02:37 
                     istep=         200 iiter=           2
                     conver_load check
 resid=  1.031154104414365E-015 retot=  5.455970743509421E+015
 ratio1=  4.347361660214146E-016 ratio2=  3.587082762723080E-016
 nchek0=           0 toler_force=  1.000000000000000E-005
 nchek=           0
                    conver_nodal_value check
               Convergence check for displacement
 ratio1=  3.509356141163586E-017 ratio2=  3.937460420382527E-017
 nchek=           0
 ***********RESTART FILE IS UPDATED!*******
 time: 10:02:36
 iblks=           1 iincs=           1 istep=         201
 outinp=           0
 iiter=           1
Begin forming various matrix       at 2026-08-27 10:02:37 
 ktsmat=           0
Begin assemble golbal matrix       at 2026-08-27 10:02:37 
 ntelgroup=           0
Begin factorize global matrix      at 2026-08-27 10:02:37 
 Factorization completed ... 
Begin solution global equation     at 2026-08-27 10:02:37 
                     istep=         201 iiter=           1
                     conver_load check
 resid=  1.199887363922297E-015 retot=  4.186755016266740E+015
 ratio1=  5.353421826047864E-016 ratio2=  3.366734860835500E-016
 nchek0=           0 toler_force=  1.000000000000000E-005
 nchek=           0
                    conver_nodal_value check
               Convergence check for displacement
 ratio1=  3.757803557059723E-002 ratio2=  4.618399329106269E-002
                            not converged for checki=           1
 iiter=           2
Begin forming various matrix       at 2026-08-27 10:02:37 
 ktsmat=           0
 ntelgroup=           0
Begin solution global equation     at 2026-08-27 10:02:37 
                     istep=         201 iiter=           2
                     conver_load check
 resid=  7.654106792983104E-016 retot=  4.186755016266740E+015
 ratio1=  4.275712387495258E-016 ratio2=  2.427180946183732E-016
 nchek0=           0 toler_force=  1.000000000000000E-005
 nchek=           0
                    conver_nodal_value check
               Convergence check for displacement
 ratio1=  3.667943712199766E-017 ratio2=  5.868293273566621E-017
 nchek=           0
 ***********RESTART FILE IS UPDATED!*******
 time: 10:02:36
 iblks=           1 iincs=           1 istep=         202
 outinp=           0
 iiter=           1
Begin forming various matrix       at 2026-08-27 10:02:37 
 ktsmat=           0
Begin assemble golbal matrix       at 2026-08-27 10:02:37 
 ntelgroup=           0
Begin factorize global matrix      at 2026-08-27 10:02:37 
 Factorization completed ... 
Begin solution global equation     at 2026-08-27 10:02:37 
                     istep=         202 iiter=           1
                     conver_load check
 resid=  2.578991497164110E-015 retot=  3.032475678649458E+015
 ratio1=  9.222024930738831E-016 ratio2=  9.304332009985394E-016
 nchek0=           0 toler_force=  1.000000000000000E-005
 nchek=           0
                    conver_nodal_value check
               Convergence check for displacement
 ratio1=  4.944629050394829E-002 ratio2=  8.557056670366470E-002
                            not converged for checki=           1
 iiter=           2
Begin forming various matrix       at 2026-08-27 10:02:37 
 ktsmat=           0
 ntelgroup=           0
Begin solution global equation     at 2026-08-27 10:02:37 
                     istep=         202 iiter=           2
                     conver_load check
 resid=  1.067612190883604E-015 retot=  3.032475678649458E+015
 ratio1=  5.933461093022619E-016 ratio2=  4.925822828815796E-016
 nchek0=           0 toler_force=  1.000000000000000E-005
 nchek=           0
                    conver_nodal_value check
               Convergence check for displacement
 ratio1=  5.688289993519802E-017 ratio2=  1.019329389916919E-016
 nchek=           0
 ***********RESTART FILE IS UPDATED!*******
 time: 10:02:36
 iblks=           1 iincs=           1 istep=         203
 outinp=           0
 iiter=           1
Begin forming various matrix       at 2026-08-27 10:02:37 
 ktsmat=           0
Begin assemble golbal matrix       at 2026-08-27 10:02:37 
 ntelgroup=           0
Begin factorize global matrix      at 2026-08-27 10:02:37 
 Factorization completed ... 
Begin solution global equation     at 2026-08-27 10:02:37 
                     istep=         203 iiter=           1
                     conver_load check
 resid=  4.544292560598849E-015 retot=  1.491661662760437E+015
 ratio1=  1.745412081096421E-015 ratio2=  1.513320932255554E-015
 nchek0=           0 toler_force=  1.000000000000000E-005
 nchek=           0
                    conver_nodal_value check
               Convergence check for displacement
 ratio1=  4.021904967094340E-002 ratio2=  4.540549557446772E-002
                            not converged for checki=           1
 iiter=           2
Begin forming various matrix       at 2026-08-27 10:02:37 
 ktsmat=           0
 ntelgroup=           0
Begin solution global equation     at 2026-08-27 10:02:37 
                     istep=         203 iiter=           2
                     conver_load check
 resid=  1.442900031344915E-015 retot=  1.491661662760437E+015
 ratio1=  9.835194601521312E-016 ratio2=  9.323137886217254E-016
 nchek0=           0 toler_force=  1.000000000000000E-005
 nchek=           0
                    conver_nodal_value check
               Convergence check for displacement
 ratio1=  5.175570857476686E-017 ratio2=  6.875103322865485E-017
 nchek=           0
 ***********RESTART FILE IS UPDATED!*******
 time: 10:02:36
 iblks=           1 iincs=           1 istep=         204
 outinp=           0
 iiter=           1
Begin forming various matrix       at 2026-08-27 10:02:37 
 ktsmat=           0
Begin assemble golbal matrix       at 2026-08-27 10:02:37 
 ntelgroup=           0
Begin factorize global matrix      at 2026-08-27 10:02:37 
 Factorization completed ... 
Begin solution global equation     at 2026-08-27 10:02:37 
                     istep=         204 iiter=           1
                     conver_load check
 resid=  2.302293159217359E-015 retot=   595891692787611.     
 ratio1=  1.965606800470117E-015 ratio2=  2.404777456320911E-015
 nchek0=           0 toler_force=  1.000000000000000E-005
 nchek=           0
                    conver_nodal_value check
               Convergence check for displacement
 ratio1=  4.497691946675768E-002 ratio2=  6.076656163514816E-002
                            not converged for checki=           1
 iiter=           2
Begin forming various matrix       at 2026-08-27 10:02:37 
 ktsmat=           0
 ntelgroup=           0
Begin solution global equation     at 2026-08-27 10:02:37 
                     istep=         204 iiter=           2
                     conver_load check
 resid=  1.933457962908839E-015 retot=   595891692787611.     
 ratio1=  1.801290263483371E-015 ratio2=  1.970925853376417E-015
 nchek0=           0 toler_force=  1.000000000000000E-005
 nchek=           0
                    conver_nodal_value check
               Convergence check for displacement
 ratio1=  6.905753629211569E-017 ratio2=  7.361994851238697E-017
 nchek=           0
 ***********RESTART FILE IS UPDATED!*******
 time: 10:02:36
 iblks=           1 iincs=           1 istep=         205
 outinp=           0
 iiter=           1
Begin forming various matrix       at 2026-08-27 10:02:37 
 ktsmat=           0
Begin assemble golbal matrix       at 2026-08-27 10:02:37 
 ntelgroup=           0
Begin factorize global matrix      at 2026-08-27 10:02:37 
 Factorization completed ... 
Begin solution global equation     at 2026-08-27 10:02:37 
                     istep=         205 iiter=           1
                     conver_load check
 resid=  3.310060068057443E-015 retot=   412752501934644.     
 ratio1=  2.831868484391308E-015 ratio2=  2.973833629071526E-015
 nchek0=           0 toler_force=  1.000000000000000E-005
 nchek=           0
                    conver_nodal_value check
               Convergence check for displacement
 ratio1=  6.008832324318746E-002 ratio2=  6.545894106454742E-002
                            not converged for checki=           1
 iiter=           2
Begin forming various matrix       at 2026-08-27 10:02:37 
 ktsmat=           0
 ntelgroup=           0
Begin solution global equation     at 2026-08-27 10:02:37 
                     istep=         205 iiter=           2
                     conver_load check
 resid=  2.464063158781800E-015 retot=   412752501934644.     
 ratio1=  2.443323997474948E-015 ratio2=  2.410370415142184E-015
 nchek0=           0 toler_force=  1.000000000000000E-005
 nchek=           0
                    conver_nodal_value check
               Convergence check for displacement
 ratio1=  7.855602467218321E-017 ratio2=  8.855453884323366E-017
 nchek=           0
 ***********RESTART FILE IS UPDATED!*******
 time: 10:02:36
 iblks=           1 iincs=           1 istep=         206
 outinp=           0
 iiter=           1
Begin forming various matrix       at 2026-08-27 10:02:37 
 ktsmat=           0
Begin assemble golbal matrix       at 2026-08-27 10:02:37 
 ntelgroup=           0
Begin factorize global matrix      at 2026-08-27 10:02:37 
 Factorization completed ... 
Begin solution global equation     at 2026-08-27 10:02:37 
                     istep=         206 iiter=           1
                     conver_load check
 resid=  2.383674805658133E-015 retot=   716799072980642.     
 ratio1=  1.823579853670497E-015 ratio2=  1.588655006671185E-015
 nchek0=           0 toler_force=  1.000000000000000E-005
 nchek=           0
                    conver_nodal_value check
               Convergence check for displacement
 ratio1=  0.105202744165299      ratio2=  6.001502030166923E-002
                            not converged for checki=           1
 iiter=           2
Begin forming various matrix       at 2026-08-27 10:02:37 
 ktsmat=           0
 ntelgroup=           0
Begin solution global equation     at 2026-08-27 10:02:37 
                     istep=         206 iiter=           2
                     conver_load check
 resid=  1.904348304727978E-015 retot=   716799072980642.     
 ratio1=  1.629950720754511E-015 ratio2=  1.416908519463490E-015
 nchek0=           0 toler_force=  1.000000000000000E-005
 nchek=           0
                    conver_nodal_value check
               Convergence check for displacement
 ratio1=  1.658485248520361E-016 ratio2=  1.420748964576836E-016
 nchek=           0
 ***********RESTART FILE IS UPDATED!*******
 time: 10:02:36
 iblks=           1 iincs=           1 istep=         207
 outinp=           0
 iiter=           1
Begin forming various matrix       at 2026-08-27 10:02:37 
 ktsmat=           0
Begin assemble golbal matrix       at 2026-08-27 10:02:37 
 ntelgroup=           0
Begin factorize global matrix      at 2026-08-27 10:02:37 
 Factorization completed ... 
Begin solution global equation     at 2026-08-27 10:02:37 
                     istep=         207 iiter=           1
                     conver_load check
 resid=  2.469069666247685E-015 retot=  1.316203677566736E+015
 ratio1=  1.369635871952044E-015 ratio2=  1.699979447214691E-015
 nchek0=           0 toler_force=  1.000000000000000E-005
 nchek=           0
                    conver_nodal_value check
               Convergence check for displacement
 ratio1=  9.333303970359841E-002 ratio2=  0.129171262353042     
                            not converged for checki=           1
 iiter=           2
Begin forming various matrix       at 2026-08-27 10:02:37 
 ktsmat=           0
 ntelgroup=           0
Begin solution global equation     at 2026-08-27 10:02:37 
                     istep=         207 iiter=           2
                     conver_load check
 resid=  2.325500347210555E-015 retot=  1.316203677566736E+015
 ratio1=  1.329219348558358E-015 ratio2=  1.786419080123913E-015
 nchek0=           0 toler_force=  1.000000000000000E-005
 nchek=           0
                    conver_nodal_value check
               Convergence check for displacement
 ratio1=  1.584696048278007E-016 ratio2=  2.944041692900730E-016
 nchek=           0
 ***********RESTART FILE IS UPDATED!*******
 time: 10:02:36
 iblks=           1 iincs=           1 istep=         208
 outinp=           0
 iiter=           1
Begin forming various matrix       at 2026-08-27 10:02:37 
 ktsmat=           0
Begin assemble golbal matrix       at 2026-08-27 10:02:37 
 ntelgroup=           0
Begin factorize global matrix      at 2026-08-27 10:02:37 
 Factorization completed ... 
Begin solution global equation     at 2026-08-27 10:02:37 
                     istep=         208 iiter=           1
                     conver_load check
 resid=  1.914520141463519E-015 retot=  1.680393469340563E+015
 ratio1=  1.067393312009174E-015 ratio2=  1.487056787635567E-015
 nchek0=           0 toler_force=  1.000000000000000E-005
 nchek=           0
                    conver_nodal_value check
               Convergence check for displacement
 ratio1=  4.642279535537778E-002 ratio2=  7.880184663834329E-002
                            not converged for checki=           1
 iiter=           2
Begin forming various matrix       at 2026-08-27 10:02:37 
 ktsmat=           0
 ntelgroup=           0
Begin solution global equation     at 2026-08-27 10:02:37 
                     istep=         208 iiter=           2
                     conver_load check
 resid=  1.661916788101982E-015 retot=  1.680393469340563E+015
 ratio1=  9.944870791894534E-016 ratio2=  1.633509350054221E-015
 nchek0=           0 toler_force=  1.000000000000000E-005
 nchek=           0
                    conver_nodal_value check
               Convergence check for displacement
 ratio1=  1.149043032609681E-016 ratio2=  3.898177874136946E-016
 nchek=           0
 ***********RESTART FILE IS UPDATED!*******
 time: 10:02:36
 iblks=           1 iincs=           1 istep=         209
 outinp=           0
 iiter=           1
Begin forming various matrix       at 2026-08-27 10:02:37 
 ktsmat=           0
Begin assemble golbal matrix       at 2026-08-27 10:02:37 
 ntelgroup=           0
Begin factorize global matrix      at 2026-08-27 10:02:37 
 Factorization completed ... 
Begin solution global equation     at 2026-08-27 10:02:37 
                     istep=         209 iiter=           1
                     conver_load check
 resid=  5.709516309239124E-016 retot=  1.573555852268944E+015
 ratio1=  6.023634023623402E-016 ratio2=  5.511763447686098E-016
 nchek0=           0 toler_force=  1.000000000000000E-005
 nchek=           0
                    conver_nodal_value check
               Convergence check for displacement
 ratio1=  4.835729700515726E-002 ratio2=  8.737194298787709E-002
                            not converged for checki=           1
 iiter=           2
Begin forming various matrix       at 2026-08-27 10:02:37 
 ktsmat=           0
 ntelgroup=           0
Begin solution global equation     at 2026-08-27 10:02:37 
                     istep=         209 iiter=           2
                     conver_load check
 resid=  3.029448831209066E-016 retot=  1.573555852268944E+015
 ratio1=  4.387738427698365E-016 ratio2=  3.743839322956595E-016
 nchek0=           0 toler_force=  1.000000000000000E-005
 nchek=           0
                    conver_nodal_value check
               Convergence check for displacement
 ratio1=  6.817260500923537E-017 ratio2=  1.676537185504874E-016
 nchek=           0
 ***********RESTART FILE IS UPDATED!*******
 time: 10:02:36
 iblks=           1 iincs=           1 istep=         210
 outinp=           0
 iiter=           1
Begin forming various matrix       at 2026-08-27 10:02:37 
 ktsmat=           0
Begin assemble golbal matrix       at 2026-08-27 10:02:37 
 ntelgroup=           0
Begin factorize global matrix      at 2026-08-27 10:02:37 
 Factorization completed ... 
Begin solution global equation     at 2026-08-27 10:02:37 
                     istep=         210 iiter=           1
                     conver_load check
 resid=  5.139312762185682E-016 retot=  1.850814354272735E+015
 ratio1=  5.269520453999619E-016 ratio2=  3.646455623228073E-016
 nchek0=           0 toler_force=  1.000000000000000E-005
 nchek=           0
                    conver_nodal_value check
               Convergence check for displacement
 ratio1=  4.582003136729584E-002 ratio2=  6.639703450868724E-002
                            not converged for checki=           1
 iiter=           2
Begin forming various matrix       at 2026-08-27 10:02:37 
 ktsmat=           0
 ntelgroup=           0
Begin solution global equation     at 2026-08-27 10:02:37 
                     istep=         210 iiter=           2
                     conver_load check
 resid=  2.164653640403217E-016 retot=  1.850814354272735E+015
 ratio1=  3.419895049385544E-016 ratio2=  2.430970415485382E-016
 nchek0=           0 toler_force=  1.000000000000000E-005
 nchek=           0
                    conver_nodal_value check
               Convergence check for displacement
 ratio1=  6.222449747615644E-017 ratio2=  1.361247142456855E-016
 nchek=           0
 ***********RESTART FILE IS UPDATED!*******
 time: 10:02:36
 iblks=           1 iincs=           1 istep=         211
 outinp=           0
 iiter=           1
Begin forming various matrix       at 2026-08-27 10:02:37 
 ktsmat=           0
Begin assemble golbal matrix       at 2026-08-27 10:02:37 
 ntelgroup=           0
Begin factorize global matrix      at 2026-08-27 10:02:37 
 Factorization completed ... 
Begin solution global equation     at 2026-08-27 10:02:37 
                     istep=         211 iiter=           1
                     conver_load check
 resid=  7.855347671421619E-016 retot=  1.387155267324202E+015
 ratio1=  7.525236754626870E-016 ratio2=  4.728464139579060E-016
 nchek0=           0 toler_force=  1.000000000000000E-005
 nchek=           0
                    conver_nodal_value check
               Convergence check for displacement
 ratio1=  4.784658141705365E-002 ratio2=  8.506222527700254E-002
                            not converged for checki=           1
 iiter=           2
Begin forming various matrix       at 2026-08-27 10:02:37 
 ktsmat=           0
 ntelgroup=           0
Begin solution global equation     at 2026-08-27 10:02:37 
                     istep=         211 iiter=           2
                     conver_load check
 resid=  3.242619846432336E-016 retot=  1.387155267324202E+015
 ratio1=  4.834877562533131E-016 ratio2=  3.020963200286622E-016
 nchek0=           0 toler_force=  1.000000000000000E-005
 nchek=           0
                    conver_nodal_value check
               Convergence check for displacement
 ratio1=  3.156085659279619E-017 ratio2=  6.156243849845057E-017
 nchek=           0
 ***********RESTART FILE IS UPDATED!*******
 time: 10:02:36
 iblks=           1 iincs=           1 istep=         212
 outinp=           0
 iiter=           1
Begin forming various matrix       at 2026-08-27 10:02:37 
 ktsmat=           0
Begin assemble golbal matrix       at 2026-08-27 10:02:37 
 ntelgroup=           0
Begin factorize global matrix      at 2026-08-27 10:02:37 
 Factorization completed ... 
Begin solution global equation     at 2026-08-27 10:02:37 
                     istep=         212 iiter=           1
                     conver_load check
 resid=  1.455473135712098E-015 retot=  1.717119988382109E+015
 ratio1=  9.206653005183117E-016 ratio2=  7.826408035424966E-016
 nchek0=           0 toler_force=  1.000000000000000E-005
 nchek=           0
                    conver_nodal_value check
               Convergence check for displacement
 ratio1=  7.675171545999185E-002 ratio2=  0.152740826530094     
                            not converged for checki=           1
 iiter=           2
Begin forming various matrix       at 2026-08-27 10:02:37 
 ktsmat=           0
 ntelgroup=           0
Begin solution global equation     at 2026-08-27 10:02:37 
                     istep=         212 iiter=           2
                     conver_load check
 resid=  1.203586616648337E-015 retot=  1.717119988382109E+015
 ratio1=  8.372176069400921E-016 ratio2=  8.105922608118714E-016
 nchek0=           0 toler_force=  1.000000000000000E-005
 nchek=           0
                    conver_nodal_value check
               Convergence check for displacement
 ratio1=  4.753086012849160E-017 ratio2=  8.959042530840262E-017
 nchek=           0
 ***********RESTART FILE IS UPDATED!*******
 time: 10:02:36
 iblks=           1 iincs=           1 istep=         213
 outinp=           0
 iiter=           1
Begin forming various matrix       at 2026-08-27 10:02:37 
 ktsmat=           0
Begin assemble golbal matrix       at 2026-08-27 10:02:37 
 ntelgroup=           0
Begin factorize global matrix      at 2026-08-27 10:02:37 
 Factorization completed ... 
Begin solution global equation     at 2026-08-27 10:02:37 
                     istep=         213 iiter=           1
                     conver_load check
 resid=  2.126801854422493E-015 retot=  4.139710526808581E+015
 ratio1=  7.167678683285685E-016 ratio2=  5.228343863252191E-016
 nchek0=           0 toler_force=  1.000000000000000E-005
 nchek=           0
                    conver_nodal_value check
               Convergence check for displacement
 ratio1=  4.127779922468777E-002 ratio2=  4.857744254955016E-002
                            not converged for checki=           1
 iiter=           2
Begin forming various matrix       at 2026-08-27 10:02:37 
 ktsmat=           0
 ntelgroup=           0
Begin solution global equation     at 2026-08-27 10:02:37 
                     istep=         213 iiter=           2
                     conver_load check
 resid=  1.243837070823616E-015 retot=  4.139710526808581E+015
 ratio1=  5.481466461884539E-016 ratio2=  4.427226658399032E-016
 nchek0=           0 toler_force=  1.000000000000000E-005
 nchek=           0
                    conver_nodal_value check
               Convergence check for displacement
 ratio1=  4.596017831249326E-017 ratio2=  7.825770981312044E-017
 nchek=           0
 ***********RESTART FILE IS UPDATED!*******
 time: 10:02:36
 iblks=           1 iincs=           1 istep=         214
 outinp=           0
 iiter=           1
Begin forming various matrix       at 2026-08-27 10:02:37 
 ktsmat=           0
Begin assemble golbal matrix       at 2026-08-27 10:02:37 
 ntelgroup=           0
Begin factorize global matrix      at 2026-08-27 10:02:37 
 Factorization completed ... 
Begin solution global equation     at 2026-08-27 10:02:37 
                     istep=         214 iiter=           1
                     conver_load check
 resid=  2.977477040765047E-015 retot=  3.501795382948662E+015
 ratio1=  9.221017107975845E-016 ratio2=  8.219102698785039E-016
 nchek0=           0 toler_force=  1.000000000000000E-005
 nchek=           0
                    conver_nodal_value check
               Convergence check for displacement
 ratio1=  0.101156787656730      ratio2=  0.184234356258073     
                            not converged for checki=           1
 iiter=           2
Begin forming various matrix       at 2026-08-27 10:02:37 
 ktsmat=           0
 ntelgroup=           0
Begin solution global equation     at 2026-08-27 10:02:37 
                     istep=         214 iiter=           2
                     conver_load check
 resid=  1.607434668797614E-015 retot=  3.501795382948662E+015
 ratio1=  6.775186937484887E-016 ratio2=  5.042989266511175E-016
 nchek0=           0 toler_force=  1.000000000000000E-005
 nchek=           0
                    conver_nodal_value check
               Convergence check for displacement
 ratio1=  5.795564099455377E-017 ratio2=  8.047420842562790E-017
 nchek=           0
 ***********RESTART FILE IS UPDATED!*******
 time: 10:02:36
 iblks=           1 iincs=           1 istep=         215
 outinp=           0
 iiter=           1
Begin forming various matrix       at 2026-08-27 10:02:37 
 ktsmat=           0
Begin assemble golbal matrix       at 2026-08-27 10:02:37 
 ntelgroup=           0
Begin factorize global matrix      at 2026-08-27 10:02:37 
 Factorization completed ... 
Begin solution global equation     at 2026-08-27 10:02:37 
                     istep=         215 iiter=           1
                     conver_load check
 resid=  3.917784407780950E-015 retot=  4.998804918276667E+015
 ratio1=  8.852932899509825E-016 ratio2=  8.946466706796722E-016
 nchek0=           0 toler_force=  1.000000000000000E-005
 nchek=           0
                    conver_nodal_value check
               Convergence check for displacement
 ratio1=  5.399424736326679E-002 ratio2=  6.872947732637809E-002
                            not converged for checki=           1
 iiter=           2
Begin forming various matrix       at 2026-08-27 10:02:37 
 ktsmat=           0
 ntelgroup=           0
Begin solution global equation     at 2026-08-27 10:02:37 
                     istep=         215 iiter=           2
                     conver_load check
 resid=  4.154193451392580E-015 retot=  4.998804918276667E+015
 ratio1=  9.116124844370276E-016 ratio2=  8.343883087588933E-016
 nchek0=           0 toler_force=  1.000000000000000E-005
 nchek=           0
                    conver_nodal_value check
               Convergence check for displacement
 ratio1=  8.348677304847717E-017 ratio2=  1.411972784740798E-016
 nchek=           0
 ***********RESTART FILE IS UPDATED!*******
 time: 10:02:36
 iblks=           1 iincs=           1 istep=         216
 outinp=           0
 iiter=           1
Begin forming various matrix       at 2026-08-27 10:02:37 
 ktsmat=           0
Begin assemble golbal matrix       at 2026-08-27 10:02:37 
 ntelgroup=           0
Begin factorize global matrix      at 2026-08-27 10:02:37 
 Factorization completed ... 
Begin solution global equation     at 2026-08-27 10:02:37 
                     istep=         216 iiter=           1
                     conver_load check
 resid=  3.406695274025139E-015 retot=  6.084988548369632E+015
 ratio1=  7.482328329253347E-016 ratio2=  6.691351528888722E-016
 nchek0=           0 toler_force=  1.000000000000000E-005
 nchek=           0
                    conver_nodal_value check
               Convergence check for displacement
 ratio1=  3.482491783928716E-002 ratio2=  2.678007350536571E-002
                            not converged for checki=           1
 iiter=           2
Begin forming various matrix       at 2026-08-27 10:02:37 
 ktsmat=           0
 ntelgroup=           0
Begin solution global equation     at 2026-08-27 10:02:37 
                     istep=         216 iiter=           2
                     conver_load check
 resid=  2.467393082336401E-015 retot=  6.084988548369632E+015
 ratio1=  6.367798154910346E-016 ratio2=  7.117311859897754E-016
 nchek0=           0 toler_force=  1.000000000000000E-005
 nchek=           0
                    conver_nodal_value check
               Convergence check for displacement
 ratio1=  9.258626697828866E-017 ratio2=  1.342268199620766E-016
 nchek=           0
 ***********RESTART FILE IS UPDATED!*******
 time: 10:02:36
 iblks=           1 iincs=           1 istep=         217
 outinp=           0
 iiter=           1
Begin forming various matrix       at 2026-08-27 10:02:37 
 ktsmat=           0
Begin assemble golbal matrix       at 2026-08-27 10:02:37 
 ntelgroup=           0
Begin factorize global matrix      at 2026-08-27 10:02:37 
 Factorization completed ... 
Begin solution global equation     at 2026-08-27 10:02:37 
                     istep=         217 iiter=           1
                     conver_load check
 resid=  4.763987151387752E-015 retot=  5.550654515769003E+015
 ratio1=  9.264312420791454E-016 ratio2=  9.442582597027124E-016
 nchek0=           0 toler_force=  1.000000000000000E-005
 nchek=           0
                    conver_nodal_value check
               Convergence check for displacement
 ratio1=  3.301695633085822E-002 ratio2=  2.793452061744390E-002
                            not converged for checki=           1
 iiter=           2
Begin forming various matrix       at 2026-08-27 10:02:37 
 ktsmat=           0
 ntelgroup=           0
Begin solution global equation     at 2026-08-27 10:02:37 
                     istep=         217 iiter=           2
                     conver_load check
 resid=  2.531320547267323E-015 retot=  5.550654515769003E+015
 ratio1=  6.753073456961076E-016 ratio2=  6.120192423999062E-016
 nchek0=           0 toler_force=  1.000000000000000E-005
 nchek=           0
                    conver_nodal_value check
               Convergence check for displacement
 ratio1=  4.991800737451283E-017 ratio2=  9.257032546825650E-017
 nchek=           0
 ***********RESTART FILE IS UPDATED!*******
 time: 10:02:36
 iblks=           1 iincs=           1 istep=         218
 outinp=           0
 iiter=           1
Begin forming various matrix       at 2026-08-27 10:02:37 
 ktsmat=           0
Begin assemble golbal matrix       at 2026-08-27 10:02:37 
 ntelgroup=           0
Begin factorize global matrix      at 2026-08-27 10:02:37 
 Factorization completed ... 
Begin solution global equation     at 2026-08-27 10:02:37 
                     istep=         218 iiter=           1
                     conver_load check
 resid=  1.113817657284884E-015 retot=  4.403706327897338E+015
 ratio1=  5.029188045996793E-016 ratio2=  4.039287705304992E-016
 nchek0=           0 toler_force=  1.000000000000000E-005
 nchek=           0
                    conver_nodal_value check
               Convergence check for displacement
 ratio1=  1.871759403538125E-002 ratio2=  2.464941158197804E-002
                            not converged for checki=           1
 iiter=           2
Begin forming various matrix       at 2026-08-27 10:02:37 
 ktsmat=           0
 ntelgroup=           0
Begin solution global equation     at 2026-08-27 10:02:37 
                     istep=         218 iiter=           2
                     conver_load check
 resid=  9.308600093371331E-016 retot=  4.403706327897338E+015
 ratio1=  4.597619349144152E-016 ratio2=  3.600234693858797E-016
 nchek0=           0 toler_force=  1.000000000000000E-005
 nchek=           0
                    conver_nodal_value check
               Convergence check for displacement
 ratio1=  2.547683452415004E-017 ratio2=  4.310549130490970E-017
 nchek=           0
 ***********RESTART FILE IS UPDATED!*******
 time: 10:02:36
 iblks=           1 iincs=           1 istep=         219
 outinp=           0
 iiter=           1
Begin forming various matrix       at 2026-08-27 10:02:37 
 ktsmat=           0
Begin assemble golbal matrix       at 2026-08-27 10:02:37 
 ntelgroup=           0
Begin factorize global matrix      at 2026-08-27 10:02:37 
 Factorization completed ... 
Begin solution global equation     at 2026-08-27 10:02:37 
                     istep=         219 iiter=           1
                     conver_load check
 resid=  6.416711794696865E-016 retot=  3.834356440796515E+015
 ratio1=  4.090816750604358E-016 ratio2=  2.438977768609454E-016
 nchek0=           0 toler_force=  1.000000000000000E-005
 nchek=           0
                    conver_nodal_value check
               Convergence check for displacement
 ratio1=  2.360535735469000E-002 ratio2=  4.472305104467374E-002
                            not converged for checki=           1
 iiter=           2
Begin forming various matrix       at 2026-08-27 10:02:37 
 ktsmat=           0
 ntelgroup=           0
Begin solution global equation     at 2026-08-27 10:02:37 
                     istep=         219 iiter=           2
                     conver_load check
 resid=  4.821496899458504E-016 retot=  3.834356440796516E+015
 ratio1=  3.546048773620454E-016 ratio2=  3.153425801838486E-016
 nchek0=           0 toler_force=  1.000000000000000E-005
 nchek=           0
                    conver_nodal_value check
               Convergence check for displacement
 ratio1=  1.675816726749525E-017 ratio2=  2.262102299327166E-017
 nchek=           0
 ***********RESTART FILE IS UPDATED!*******
 time: 10:02:36
 iblks=           1 iincs=           1 istep=         220
 outinp=           0
 iiter=           1
Begin forming various matrix       at 2026-08-27 10:02:37 
 ktsmat=           0
Begin assemble golbal matrix       at 2026-08-27 10:02:37 
 ntelgroup=           0
Begin factorize global matrix      at 2026-08-27 10:02:37 
 Factorization completed ... 
Begin solution global equation     at 2026-08-27 10:02:37 
                     istep=         220 iiter=           1
                     conver_load check
 resid=  1.735166014967885E-015 retot=  3.371617559691938E+015
 ratio1=  7.173834659870559E-016 ratio2=  7.580623838933454E-016
 nchek0=           0 toler_force=  1.000000000000000E-005
 nchek=           0
                    conver_nodal_value check
               Convergence check for displacement
 ratio1=  2.520104533499228E-002 ratio2=  3.283879614124904E-002
                            not converged for checki=           1
 iiter=           2
Begin forming various matrix       at 2026-08-27 10:02:37 
 ktsmat=           0
 ntelgroup=           0
Begin solution global equation     at 2026-08-27 10:02:37 
                     istep=         220 iiter=           2
                     conver_load check
 resid=  1.248572418131216E-015 retot=  3.371617559691938E+015
 ratio1=  6.085380169294602E-016 ratio2=  6.970688587525015E-016
 nchek0=           0 toler_force=  1.000000000000000E-005
 nchek=           0
                    conver_nodal_value check
               Convergence check for displacement
 ratio1=  5.761690035951269E-017 ratio2=  1.572694769724222E-016
 nchek=           0
 ***********RESTART FILE IS UPDATED!*******
 time: 10:02:36
 iblks=           1 iincs=           1 istep=         221
 outinp=           0
 iiter=           1
Begin forming various matrix       at 2026-08-27 10:02:37 
 ktsmat=           0
Begin assemble golbal matrix       at 2026-08-27 10:02:37 
 ntelgroup=           0
Begin factorize global matrix      at 2026-08-27 10:02:37 
 Factorization completed ... 
Begin solution global equation     at 2026-08-27 10:02:37 
                     istep=         221 iiter=           1
                     conver_load check
 resid=  1.881632366883174E-015 retot=  5.004928168677944E+015
 ratio1=  6.131524431495216E-016 ratio2=  6.895171690981849E-016
 nchek0=           0 toler_force=  1.000000000000000E-005
 nchek=           0
                    conver_nodal_value check
               Convergence check for displacement
 ratio1=  3.472339080319913E-002 ratio2=  3.065384152639059E-002
                            not converged for checki=           1
 iiter=           2
Begin forming various matrix       at 2026-08-27 10:02:37 
 ktsmat=           0
 ntelgroup=           0
Begin solution global equation     at 2026-08-27 10:02:37 
                     istep=         221 iiter=           2
                     conver_load check
 resid=  1.191672442102763E-015 retot=  5.004928168677944E+015
 ratio1=  4.879547204568800E-016 ratio2=  5.194992369917831E-016
 nchek0=           0 toler_force=  1.000000000000000E-005
 nchek=           0
                    conver_nodal_value check
               Convergence check for displacement
 ratio1=  9.673401666778670E-017 ratio2=  2.113866050090021E-016
 nchek=           0
 ***********RESTART FILE IS UPDATED!*******
 time: 10:02:36
 iblks=           1 iincs=           1 istep=         222
 outinp=           0
 iiter=           1
Begin forming various matrix       at 2026-08-27 10:02:37 
 ktsmat=           0
Begin assemble golbal matrix       at 2026-08-27 10:02:37 
 ntelgroup=           0
Begin factorize global matrix      at 2026-08-27 10:02:37 
 Factorization completed ... 
Begin solution global equation     at 2026-08-27 10:02:37 
                     istep=         222 iiter=           1
                     conver_load check
 resid=  3.711685644972307E-015 retot=  5.180667701510020E+015
 ratio1=  8.464332697024048E-016 ratio2=  8.931612147091551E-016
 nchek0=           0 toler_force=  1.000000000000000E-005
 nchek=           0
                    conver_nodal_value check
               Convergence check for displacement
 ratio1=  4.644306425542259E-002 ratio2=  6.837936981923527E-002
                            not converged for checki=           1
 iiter=           2
Begin forming various matrix       at 2026-08-27 10:02:37 
 ktsmat=           0
 ntelgroup=           0
Begin solution global equation     at 2026-08-27 10:02:37 
                     istep=         222 iiter=           2
                     conver_load check
 resid=  2.320390146917129E-015 retot=  5.180667701510020E+015
 ratio1=  6.692488567907446E-016 ratio2=  7.591870325027818E-016
 nchek0=           0 toler_force=  1.000000000000000E-005
 nchek=           0
                    conver_nodal_value check
               Convergence check for displacement
 ratio1=  7.127941232464956E-017 ratio2=  1.621549955727499E-016
 nchek=           0
 ***********RESTART FILE IS UPDATED!*******
 time: 10:02:36
 iblks=           1 iincs=           1 istep=         223
 outinp=           0
 iiter=           1
Begin forming various matrix       at 2026-08-27 10:02:37 
 ktsmat=           0
Begin assemble golbal matrix       at 2026-08-27 10:02:37 
 ntelgroup=           0
Begin factorize global matrix      at 2026-08-27 10:02:37 
 Factorization completed ... 
Begin solution global equation     at 2026-08-27 10:02:37 
                     istep=         223 iiter=           1
                     conver_load check
 resid=  2.332625786097799E-015 retot=  2.526947166193766E+015
 ratio1=  9.607811088578957E-016 ratio2=  7.431272866338990E-016
 nchek0=           0 toler_force=  1.000000000000000E-005
 nchek=           0
                    conver_nodal_value check
               Convergence check for displacement
 ratio1=  4.101122722910966E-002 ratio2=  5.524754239947945E-002
                            not converged for checki=           1
 iiter=           2
Begin forming various matrix       at 2026-08-27 10:02:37 
 ktsmat=           0
 ntelgroup=           0
Begin solution global equation     at 2026-08-27 10:02:37 
                     istep=         223 iiter=           2
                     conver_load check
 resid=  1.369133401041305E-015 retot=  2.526947166193766E+015
 ratio1=  7.360796342627729E-016 ratio2=  7.266133469309234E-016
 nchek0=           0 toler_force=  1.000000000000000E-005
 nchek=           0
                    conver_nodal_value check
               Convergence check for displacement
 ratio1=  7.717058355105214E-017 ratio2=  1.560834763424775E-016
 nchek=           0
 ***********RESTART FILE IS UPDATED!*******
 time: 10:02:36
 iblks=           1 iincs=           1 istep=         224
 outinp=           0
 iiter=           1
Begin forming various matrix       at 2026-08-27 10:02:37 
 ktsmat=           0
Begin assemble golbal matrix       at 2026-08-27 10:02:37 
 ntelgroup=           0
Begin factorize global matrix      at 2026-08-27 10:02:37 
 Factorization completed ... 
Begin solution global equation     at 2026-08-27 10:02:37 
                     istep=         224 iiter=           1
                     conver_load check
 resid=  1.902131924962659E-015 retot=  2.097097689203947E+015
 ratio1=  9.523815786584004E-016 ratio2=  6.473617065233070E-016
 nchek0=           0 toler_force=  1.000000000000000E-005
 nchek=           0
                    conver_nodal_value check
               Convergence check for displacement
 ratio1=  6.318410143015402E-002 ratio2=  0.119046852757616     
                            not converged for checki=           1
 iiter=           2
Begin forming various matrix       at 2026-08-27 10:02:37 
 ktsmat=           0
 ntelgroup=           0
Begin solution global equation     at 2026-08-27 10:02:37 
                     istep=         224 iiter=           2
                     conver_load check
 resid=  1.146663141035028E-015 retot=  2.097097689203947E+015
 ratio1=  7.394496290619696E-016 ratio2=  7.057702815479663E-016
 nchek0=           0 toler_force=  1.000000000000000E-005
 nchek=           0
                    conver_nodal_value check
               Convergence check for displacement
 ratio1=  6.981242602274267E-017 ratio2=  1.010288843632096E-016
 nchek=           0
 ***********RESTART FILE IS UPDATED!*******
 time: 10:02:36
 iblks=           1 iincs=           1 istep=         225
 outinp=           0
 iiter=           1
Begin forming various matrix       at 2026-08-27 10:02:37 
 ktsmat=           0
Begin assemble golbal matrix       at 2026-08-27 10:02:37 
 ntelgroup=           0
Begin factorize global matrix      at 2026-08-27 10:02:37 
 Factorization completed ... 
Begin solution global equation     at 2026-08-27 10:02:37 
                     istep=         225 iiter=           1
                     conver_load check
 resid=  8.968268788057701E-016 retot=  1.934523350671541E+015
 ratio1=  6.808748927808046E-016 ratio2=  5.897764642130865E-016
 nchek0=           0 toler_force=  1.000000000000000E-005
 nchek=           0
                    conver_nodal_value check
               Convergence check for displacement
 ratio1=  2.259611288692034E-002 ratio2=  3.983171251911384E-002
                            not converged for checki=           1
 iiter=           2
Begin forming various matrix       at 2026-08-27 10:02:37 
 ktsmat=           0
 ntelgroup=           0
Begin solution global equation     at 2026-08-27 10:02:37 
                     istep=         225 iiter=           2
                     conver_load check
 resid=  4.852835728641536E-016 retot=  1.934523350671541E+015
 ratio1=  5.008536085181333E-016 ratio2=  4.172568182187823E-016
 nchek0=           0 toler_force=  1.000000000000000E-005
 nchek=           0
                    conver_nodal_value check
               Convergence check for displacement
 ratio1=  2.950712877788233E-017 ratio2=  4.212391378668162E-017
 nchek=           0
 ***********RESTART FILE IS UPDATED!*******
 time: 10:02:36
 iblks=           1 iincs=           1 istep=         226
 outinp=           0
 iiter=           1
Begin forming various matrix       at 2026-08-27 10:02:37 
 ktsmat=           0
Begin assemble golbal matrix       at 2026-08-27 10:02:37 
 ntelgroup=           0
Begin factorize global matrix      at 2026-08-27 10:02:37 
 Factorization completed ... 
Begin solution global equation     at 2026-08-27 10:02:37 
                     istep=         226 iiter=           1
                     conver_load check
 resid=  6.909423084156491E-016 retot=  1.111581494461196E+015
 ratio1=  7.884065782902771E-016 ratio2=  5.801777909598900E-016
 nchek0=           0 toler_force=  1.000000000000000E-005
 nchek=           0
                    conver_nodal_value check
               Convergence check for displacement
 ratio1=  4.022390150813884E-002 ratio2=  9.237337556118502E-002
                            not converged for checki=           1
 iiter=           2
Begin forming various matrix       at 2026-08-27 10:02:37 
 ktsmat=           0
 ntelgroup=           0
Begin solution global equation     at 2026-08-27 10:02:37 
                     istep=         226 iiter=           2
                     conver_load check
 resid=  6.300311126330744E-016 retot=  1.111581494461196E+015
 ratio1=  7.528532755273775E-016 ratio2=  6.238001812576260E-016
 nchek0=           0 toler_force=  1.000000000000000E-005
 nchek=           0
                    conver_nodal_value check
               Convergence check for displacement
 ratio1=  2.703558250789360E-017 ratio2=  3.639394877343305E-017
 nchek=           0
 ***********RESTART FILE IS UPDATED!*******
 time: 10:02:36
 iblks=           1 iincs=           1 istep=         227
 outinp=           0
 iiter=           1
Begin forming various matrix       at 2026-08-27 10:02:37 
 ktsmat=           0
Begin assemble golbal matrix       at 2026-08-27 10:02:37 
 ntelgroup=           0
Begin factorize global matrix      at 2026-08-27 10:02:37 
 Factorization completed ... 
Begin solution global equation     at 2026-08-27 10:02:37 
                     istep=         227 iiter=           1
                     conver_load check
 resid=  9.528012356340704E-016 retot=  1.217546779755695E+015
 ratio1=  8.846232055585382E-016 ratio2=  8.255698271678054E-016
 nchek0=           0 toler_force=  1.000000000000000E-005
 nchek=           0
                    conver_nodal_value check
               Convergence check for displacement
 ratio1=  3.574141398053875E-002 ratio2=  8.462785356675626E-002
                            not converged for checki=           1
 iiter=           2
Begin forming various matrix       at 2026-08-27 10:02:37 
 ktsmat=           0
 ntelgroup=           0
Begin solution global equation     at 2026-08-27 10:02:37 
                     istep=         227 iiter=           2
                     conver_load check
 resid=  6.604256369185322E-016 retot=  1.217546779755695E+015
 ratio1=  7.364938652471655E-016 ratio2=  8.255698271678054E-016
 nchek0=           0 toler_force=  1.000000000000000E-005
 nchek=           0
                    conver_nodal_value check
               Convergence check for displacement
 ratio1=  2.406130109974311E-017 ratio2=  6.860459028083697E-017
 nchek=           0
 ***********RESTART FILE IS UPDATED!*******
 time: 10:02:36
 iblks=           1 iincs=           1 istep=         228
 outinp=           0
 iiter=           1
Begin forming various matrix       at 2026-08-27 10:02:37 
 ktsmat=           0
Begin assemble golbal matrix       at 2026-08-27 10:02:37 
 ntelgroup=           0
Begin factorize global matrix      at 2026-08-27 10:02:37 
 Factorization completed ... 
Begin solution global equation     at 2026-08-27 10:02:37 
                     istep=         228 iiter=           1
                     conver_load check
 resid=  9.899903512640779E-016 retot=   959616637528674.     
 ratio1=  1.015702675437650E-015 ratio2=  6.786886419653885E-016
 nchek0=           0 toler_force=  1.000000000000000E-005
 nchek=           0
                    conver_nodal_value check
               Convergence check for displacement
 ratio1=  2.768967266064481E-002 ratio2=  9.455981319398456E-002
                            not converged for checki=           1
 iiter=           2
Begin forming various matrix       at 2026-08-27 10:02:37 
 ktsmat=           0
 ntelgroup=           0
Begin solution global equation     at 2026-08-27 10:02:37 
                     istep=         228 iiter=           2
                     conver_load check
 resid=  8.012591278626028E-016 retot=   959616637528674.     
 ratio1=  9.137715040965105E-016 ratio2=  6.053168968880491E-016
 nchek0=           0 toler_force=  1.000000000000000E-005
 nchek=           0
                    conver_nodal_value check
               Convergence check for displacement
 ratio1=  2.813806448987136E-017 ratio2=  1.027792755751549E-016
 nchek=           0
 ***********RESTART FILE IS UPDATED!*******
 time: 10:02:36
 iblks=           1 iincs=           1 istep=         229
 outinp=           0
 iiter=           1
Begin forming various matrix       at 2026-08-27 10:02:37 
 ktsmat=           0
Begin assemble golbal matrix       at 2026-08-27 10:02:37 
 ntelgroup=           0
Begin factorize global matrix      at 2026-08-27 10:02:37 
 Factorization completed ... 
Begin solution global equation     at 2026-08-27 10:02:37 
                     istep=         229 iiter=           1
                     conver_load check
 resid=  1.576121173667125E-015 retot=  2.087872142365259E+015
 ratio1=  8.688460916201422E-016 ratio2=  9.779092468955441E-016
 nchek0=           0 toler_force=  1.000000000000000E-005
 nchek=           0
                    conver_nodal_value check
               Convergence check for displacement
 ratio1=  5.803705402671452E-002 ratio2=  0.151333830606842     
                            not converged for checki=           1
 iiter=           2
Begin forming various matrix       at 2026-08-27 10:02:37 
 ktsmat=           0
 ntelgroup=           0
Begin solution global equation     at 2026-08-27 10:02:37 
                     istep=         229 iiter=           2
                     conver_load check
 resid=  1.214375090467077E-015 retot=  2.087872142365259E+015
 ratio1=  7.626485963716846E-016 ratio2=  5.661579850447886E-016
 nchek0=           0 toler_force=  1.000000000000000E-005
 nchek=           0
                    conver_nodal_value check
               Convergence check for displacement
 ratio1=  4.417938607421368E-017 ratio2=  1.196798841224321E-016
 nchek=           0
 ***********RESTART FILE IS UPDATED!*******
 time: 10:02:36
 iblks=           1 iincs=           1 istep=         230
 outinp=           0
 iiter=           1
Begin forming various matrix       at 2026-08-27 10:02:37 
 ktsmat=           0
Begin assemble golbal matrix       at 2026-08-27 10:02:37 
 ntelgroup=           0
Begin factorize global matrix      at 2026-08-27 10:02:37 
 Factorization completed ... 
Begin solution global equation     at 2026-08-27 10:02:37 
                     istep=         230 iiter=           1
                     conver_load check
 resid=  2.480011129275910E-015 retot=  2.591487346493120E+015
 ratio1=  9.782554330305402E-016 ratio2=  9.559963207662210E-016
 nchek0=           0 toler_force=  1.000000000000000E-005
 nchek=           0
                    conver_nodal_value check
               Convergence check for displacement
 ratio1=  9.996484523244961E-002 ratio2=  0.285190061639701     
                            not converged for checki=           1
 iiter=           2
Begin forming various matrix       at 2026-08-27 10:02:37 
 ktsmat=           0
 ntelgroup=           0
Begin solution global equation     at 2026-08-27 10:02:37 
                     istep=         230 iiter=           2
                     conver_load check
 resid=  1.536453419047646E-015 retot=  2.591487346493120E+015
 ratio1=  7.699901202649025E-016 ratio2=  5.918072461886131E-016
 nchek0=           0 toler_force=  1.000000000000000E-005
 nchek=           0
                    conver_nodal_value check
               Convergence check for displacement
 ratio1=  6.025687336368670E-017 ratio2=  1.578046952610979E-016
 nchek=           0
 ***********RESTART FILE IS UPDATED!*******
 time: 10:02:36
 iblks=           1 iincs=           1 istep=         231
 outinp=           0
 iiter=           1
Begin forming various matrix       at 2026-08-27 10:02:37 
 ktsmat=           0
Begin assemble golbal matrix       at 2026-08-27 10:02:37 
 ntelgroup=           0
Begin factorize global matrix      at 2026-08-27 10:02:37 
 Factorization completed ... 
Begin solution global equation     at 2026-08-27 10:02:37 
                     istep=         231 iiter=           1
                     conver_load check
 resid=  2.324764497095774E-015 retot=  3.096660525803566E+015
 ratio1=  8.664483585247082E-016 ratio2=  8.739491240171709E-016
 nchek0=           0 toler_force=  1.000000000000000E-005
 nchek=           0
                    conver_nodal_value check
               Convergence check for displacement
 ratio1=  4.944894728461133E-002 ratio2=  8.640428867480221E-002
                            not converged for checki=           1
 iiter=           2
Begin forming various matrix       at 2026-08-27 10:02:37 
 ktsmat=           0
 ntelgroup=           0
Begin solution global equation     at 2026-08-27 10:02:37 
                     istep=         231 iiter=           2
                     conver_load check
 resid=  1.804873764200888E-015 retot=  3.096660525803566E+015
 ratio1=  7.634429992772137E-016 ratio2=  7.269296452105440E-016
 nchek0=           0 toler_force=  1.000000000000000E-005
 nchek=           0
                    conver_nodal_value check
               Convergence check for displacement
 ratio1=  6.280480507827805E-017 ratio2=  1.114344665190549E-016
 nchek=           0
 ***********RESTART FILE IS UPDATED!*******
 time: 10:02:36
 iblks=           1 iincs=           1 istep=         232
 outinp=           0
 iiter=           1
Begin forming various matrix       at 2026-08-27 10:02:37 
 ktsmat=           0
Begin assemble golbal matrix       at 2026-08-27 10:02:37 
 ntelgroup=           0
Begin factorize global matrix      at 2026-08-27 10:02:37 
 Factorization completed ... 
Begin solution global equation     at 2026-08-27 10:02:37 
                     istep=         232 iiter=           1
                     conver_load check
 resid=  3.687835289737781E-015 retot=  2.000263482615359E+015
 ratio1=  1.357819854305239E-015 ratio2=  1.535805625237197E-015
 nchek0=           0 toler_force=  1.000000000000000E-005
 nchek=           0
                    conver_nodal_value check
               Convergence check for displacement
 ratio1=  5.053857245528387E-002 ratio2=  7.299894311384066E-002
                            not converged for checki=           1
 iiter=           2
Begin forming various matrix       at 2026-08-27 10:02:37 
 ktsmat=           0
 ntelgroup=           0
Begin solution global equation     at 2026-08-27 10:02:37 
                     istep=         232 iiter=           2
                     conver_load check
 resid=  1.898167505673755E-015 retot=  2.000263482615359E+015
 ratio1=  9.741451307541875E-016 ratio2=  1.099401841016791E-015
 nchek0=           0 toler_force=  1.000000000000000E-005
 nchek=           0
                    conver_nodal_value check
               Convergence check for displacement
 ratio1=  8.876479235942677E-017 ratio2=  1.746382512082857E-016
 nchek=           0
 ***********RESTART FILE IS UPDATED!*******
 time: 10:02:36
 iblks=           1 iincs=           1 istep=         233
 outinp=           0
 iiter=           1
Begin forming various matrix       at 2026-08-27 10:02:37 
 ktsmat=           0
Begin assemble golbal matrix       at 2026-08-27 10:02:37 
 ntelgroup=           0
Begin factorize global matrix      at 2026-08-27 10:02:37 
 Factorization completed ... 
Begin solution global equation     at 2026-08-27 10:02:37 
                     istep=         233 iiter=           1
                     conver_load check
 resid=  3.804179920312249E-015 retot=  1.969703897655504E+015
 ratio1=  1.389728782731357E-015 ratio2=  1.376012582384164E-015
 nchek0=           0 toler_force=  1.000000000000000E-005
 nchek=           0
                    conver_nodal_value check
               Convergence check for displacement
 ratio1=  3.745890808319904E-002 ratio2=  6.958369195485643E-002
                            not converged for checki=           1
 iiter=           2
Begin forming various matrix       at 2026-08-27 10:02:37 
 ktsmat=           0
 ntelgroup=           0
Begin solution global equation     at 2026-08-27 10:02:37 
                     istep=         233 iiter=           2
                     conver_load check
 resid=  1.669115327486122E-015 retot=  1.969703897655504E+015
 ratio1=  9.205400762060064E-016 ratio2=  1.052474213155027E-015
 nchek0=           0 toler_force=  1.000000000000000E-005
 nchek=           0
                    conver_nodal_value check
               Convergence check for displacement
 ratio1=  7.732864875389328E-017 ratio2=  2.835817600130867E-016
 nchek=           0
 ***********RESTART FILE IS UPDATED!*******
 time: 10:02:36
 iblks=           1 iincs=           1 istep=         234
 outinp=           0
 iiter=           1
Begin forming various matrix       at 2026-08-27 10:02:37 
 ktsmat=           0
Begin assemble golbal matrix       at 2026-08-27 10:02:37 
 ntelgroup=           0
Begin factorize global matrix      at 2026-08-27 10:02:37 
 Factorization completed ... 
Begin solution global equation     at 2026-08-27 10:02:37 
                     istep=         234 iiter=           1
                     conver_load check
 resid=  1.761763788309966E-015 retot=  2.049837668647140E+015
 ratio1=  9.270733668524472E-016 ratio2=  7.597643495617916E-016
 nchek0=           0 toler_force=  1.000000000000000E-005
 nchek=           0
                    conver_nodal_value check
               Convergence check for displacement
 ratio1=  2.797543087335877E-002 ratio2=  8.062455146762926E-002
                            not converged for checki=           1
 iiter=           2
Begin forming various matrix       at 2026-08-27 10:02:37 
 ktsmat=           0
 ntelgroup=           0
Begin solution global equation     at 2026-08-27 10:02:37 
                     istep=         234 iiter=           2
                     conver_load check
 resid=  1.270190442073191E-015 retot=  2.049837668647140E+015
 ratio1=  7.871811491929043E-016 ratio2=  8.992379982736179E-016
 nchek0=           0 toler_force=  1.000000000000000E-005
 nchek=           0
                    conver_nodal_value check
               Convergence check for displacement
 ratio1=  7.439768846476756E-017 ratio2=  3.184200578771016E-016
 nchek=           0
 ***********RESTART FILE IS UPDATED!*******
 time: 10:02:36
 iblks=           1 iincs=           1 istep=         235
 outinp=           0
 iiter=           1
Begin forming various matrix       at 2026-08-27 10:02:37 
 ktsmat=           0
Begin assemble golbal matrix       at 2026-08-27 10:02:37 
 ntelgroup=           0
Begin factorize global matrix      at 2026-08-27 10:02:37 
 Factorization completed ... 
Begin solution global equation     at 2026-08-27 10:02:37 
                     istep=         235 iiter=           1
                     conver_load check
 resid=  1.238890158322478E-015 retot=  1.622835040699833E+015
 ratio1=  8.737339542679769E-016 ratio2=  5.566569936106377E-016
 nchek0=           0 toler_force=  1.000000000000000E-005
 nchek=           0
                    conver_nodal_value check
               Convergence check for displacement
 ratio1=  2.988010826861125E-002 ratio2=  6.244267572009218E-002
                            not converged for checki=           1
 iiter=           2
Begin forming various matrix       at 2026-08-27 10:02:37 
 ktsmat=           0
 ntelgroup=           0
Begin solution global equation     at 2026-08-27 10:02:37 
                     istep=         235 iiter=           2
                     conver_load check
 resid=  1.054328141257507E-015 retot=  1.622835040699833E+015
 ratio1=  8.060290806925549E-016 ratio2=  4.039457829740912E-016
 nchek0=           0 toler_force=  1.000000000000000E-005
 nchek=           0
                    conver_nodal_value check
               Convergence check for displacement
 ratio1=  5.984617957291303E-017 ratio2=  1.945757993781963E-016
 nchek=           0
 ***********RESTART FILE IS UPDATED!*******
 time: 10:02:36
 iblks=           1 iincs=           1 istep=         236
 outinp=           0
 iiter=           1
Begin forming various matrix       at 2026-08-27 10:02:37 
 ktsmat=           0
Begin assemble golbal matrix       at 2026-08-27 10:02:37 
 ntelgroup=           0
Begin factorize global matrix      at 2026-08-27 10:02:37 
 Factorization completed ... 
Begin solution global equation     at 2026-08-27 10:02:37 
                     istep=         236 iiter=           1
                     conver_load check
 resid=  1.933543321136740E-015 retot=  1.304065455079302E+015
 ratio1=  1.217663416243468E-015 ratio2=  6.801012697967219E-016
 nchek0=           0 toler_force=  1.000000000000000E-005
 nchek=           0
                    conver_nodal_value check
               Convergence check for displacement
 ratio1=  3.198726275306484E-002 ratio2=  4.909653218818723E-002
                            not converged for checki=           1
 iiter=           2
Begin forming various matrix       at 2026-08-27 10:02:37 
 ktsmat=           0
 ntelgroup=           0
Begin solution global equation     at 2026-08-27 10:02:37 
                     istep=         236 iiter=           2
                     conver_load check
 resid=  1.213457251263285E-015 retot=  1.304065455079302E+015
 ratio1=  9.646339558509722E-016 ratio2=  7.734485029060759E-016
 nchek0=           0 toler_force=  1.000000000000000E-005
 nchek=           0
                    conver_nodal_value check
               Convergence check for displacement
 ratio1=  4.928828673572361E-017 ratio2=  1.078274035233312E-016
 nchek=           0
 ***********RESTART FILE IS UPDATED!*******
 time: 10:02:36
 iblks=           1 iincs=           1 istep=         237
 outinp=           0
 iiter=           1
Begin forming various matrix       at 2026-08-27 10:02:37 
 ktsmat=           0
Begin assemble golbal matrix       at 2026-08-27 10:02:37 
 ntelgroup=           0
Begin factorize global matrix      at 2026-08-27 10:02:37 
 Factorization completed ... 
Begin solution global equation     at 2026-08-27 10:02:37 
                     istep=         237 iiter=           1
                     conver_load check
 resid=  1.456016339932343E-015 retot=  1.950083403343514E+015
 ratio1=  8.640851297687060E-016 ratio2=  5.432496897737545E-016
 nchek0=           0 toler_force=  1.000000000000000E-005
 nchek=           0
                    conver_nodal_value check
               Convergence check for displacement
 ratio1=  4.370271911202597E-002 ratio2=  5.101311603385725E-002
                            not converged for checki=           1
 iiter=           2
Begin forming various matrix       at 2026-08-27 10:02:37 
 ktsmat=           0
 ntelgroup=           0
Begin solution global equation     at 2026-08-27 10:02:37 
                     istep=         237 iiter=           2
                     conver_load check
 resid=  1.754204186294507E-015 retot=  1.950083403343514E+015
 ratio1=  9.484478982302724E-016 ratio2=  8.357687534980838E-016
 nchek0=           0 toler_force=  1.000000000000000E-005
 nchek=           0
                    conver_nodal_value check
               Convergence check for displacement
 ratio1=  7.389945289677644E-017 ratio2=  1.355903966538101E-016
 nchek=           0
 ***********RESTART FILE IS UPDATED!*******
 time: 10:02:36
 iblks=           1 iincs=           1 istep=         238
 outinp=           0
 iiter=           1
Begin forming various matrix       at 2026-08-27 10:02:37 
 ktsmat=           0
Begin assemble golbal matrix       at 2026-08-27 10:02:37 
 ntelgroup=           0
Begin factorize global matrix      at 2026-08-27 10:02:37 
 Factorization completed ... 
Begin solution global equation     at 2026-08-27 10:02:37 
                     istep=         238 iiter=           1
                     conver_load check
 resid=  1.716191477934928E-015 retot=  2.440871485533105E+015
 ratio1=  8.385141843612713E-016 ratio2=  7.458952305640397E-016
 nchek0=           0 toler_force=  1.000000000000000E-005
 nchek=           0
                    conver_nodal_value check
               Convergence check for displacement
 ratio1=  5.540451470012468E-002 ratio2=  5.491911989557622E-002
                            not converged for checki=           1
 iiter=           2
Begin forming various matrix       at 2026-08-27 10:02:37 
 ktsmat=           0
 ntelgroup=           0
Begin solution global equation     at 2026-08-27 10:02:37 
                     istep=         238 iiter=           2
                     conver_load check
 resid=  1.167742170855457E-015 retot=  2.440871485533105E+015
 ratio1=  6.916733219638448E-016 ratio2=  4.840180863742270E-016
 nchek0=           0 toler_force=  1.000000000000000E-005
 nchek=           0
                    conver_nodal_value check
               Convergence check for displacement
 ratio1=  7.212585095404035E-017 ratio2=  6.433808942604931E-017
 nchek=           0
 ***********RESTART FILE IS UPDATED!*******
 time: 10:02:36
 iblks=           1 iincs=           1 istep=         239
 outinp=           0
 iiter=           1
Begin forming various matrix       at 2026-08-27 10:02:37 
 ktsmat=           0
Begin assemble golbal matrix       at 2026-08-27 10:02:37 
 ntelgroup=           0
Begin factorize global matrix      at 2026-08-27 10:02:37 
 Factorization completed ... 
Begin solution global equation     at 2026-08-27 10:02:37 
                     istep=         239 iiter=           1
                     conver_load check
 resid=  1.704352737008138E-015 retot=  2.626444422961922E+015
 ratio1=  8.055558085547015E-016 ratio2=  5.274105272641114E-016
 nchek0=           0 toler_force=  1.000000000000000E-005
 nchek=           0
                    conver_nodal_value check
               Convergence check for displacement
 ratio1=  5.476674188333023E-002 ratio2=  4.796802210866220E-002
                            not converged for checki=           1
 iiter=           2
Begin forming various matrix       at 2026-08-27 10:02:37 
 ktsmat=           0
 ntelgroup=           0
Begin solution global equation     at 2026-08-27 10:02:37 
                     istep=         239 iiter=           2
                     conver_load check
 resid=  9.835183941985119E-016 retot=  2.626444422961922E+015
 ratio1=  6.119375955013868E-016 ratio2=  5.445342456817774E-016
 nchek0=           0 toler_force=  1.000000000000000E-005
 nchek=           0
                    conver_nodal_value check
               Convergence check for displacement
 ratio1=  8.485727288362839E-017 ratio2=  9.995826918218398E-017
 nchek=           0
 ***********RESTART FILE IS UPDATED!*******
 time: 10:02:36
 iblks=           1 iincs=           1 istep=         240
 outinp=           0
 iiter=           1
Begin forming various matrix       at 2026-08-27 10:02:37 
 ktsmat=           0
Begin assemble golbal matrix       at 2026-08-27 10:02:37 
 ntelgroup=           0
Begin factorize global matrix      at 2026-08-27 10:02:37 
 Factorization completed ... 
Begin solution global equation     at 2026-08-27 10:02:37 
                     istep=         240 iiter=           1
                     conver_load check
 resid=  2.661675510382624E-015 retot=  2.326952819163500E+015
 ratio1=  1.069507330278230E-015 ratio2=  1.287218652571010E-015
 nchek0=           0 toler_force=  1.000000000000000E-005
 nchek=           0
                    conver_nodal_value check
               Convergence check for displacement
 ratio1=  5.463348441055362E-002 ratio2=  6.838446631286529E-002
                            not converged for checki=           1
 iiter=           2
Begin forming various matrix       at 2026-08-27 10:02:37 
 ktsmat=           0
 ntelgroup=           0
Begin solution global equation     at 2026-08-27 10:02:37 
                     istep=         240 iiter=           2
                     conver_load check
 resid=  1.837441824404575E-015 retot=  2.326952819163500E+015
 ratio1=  8.886137110497991E-016 ratio2=  7.962510470842433E-016
 nchek0=           0 toler_force=  1.000000000000000E-005
 nchek=           0
                    conver_nodal_value check
               Convergence check for displacement
 ratio1=  7.159115563296665E-017 ratio2=  9.792359737612129E-017
 nchek=           0
 ***********RESTART FILE IS UPDATED!*******
 time: 10:02:36
 iblks=           1 iincs=           1 istep=         241
 outinp=           0
 iiter=           1
Begin forming various matrix       at 2026-08-27 10:02:37 
 ktsmat=           0
Begin assemble golbal matrix       at 2026-08-27 10:02:37 
 ntelgroup=           0
Begin factorize global matrix      at 2026-08-27 10:02:37 
 Factorization completed ... 
Begin solution global equation     at 2026-08-27 10:02:37 
                     istep=         241 iiter=           1
                     conver_load check
 resid=  1.874094121969966E-015 retot=  3.692244545543978E+015
 ratio1=  7.124435687980221E-016 ratio2=  7.838965707433412E-016
 nchek0=           0 toler_force=  1.000000000000000E-005
 nchek=           0
                    conver_nodal_value check
               Convergence check for displacement
 ratio1=  4.753920403948021E-002 ratio2=  6.164434095217605E-002
                            not converged for checki=           1
 iiter=           2
Begin forming various matrix       at 2026-08-27 10:02:37 
 ktsmat=           0
 ntelgroup=           0
Begin solution global equation     at 2026-08-27 10:02:37 
                     istep=         241 iiter=           2
                     conver_load check
 resid=  1.406484021453173E-015 retot=  3.692244545543978E+015
 ratio1=  6.171946780046653E-016 ratio2=  6.566406339343572E-016
 nchek0=           0 toler_force=  1.000000000000000E-005
 nchek=           0
                    conver_nodal_value check
               Convergence check for displacement
 ratio1=  8.728714782257783E-017 ratio2=  1.234056389759175E-016
 nchek=           0
 ***********RESTART FILE IS UPDATED!*******
 time: 10:02:36
 iblks=           1 iincs=           1 istep=         242
 outinp=           0
 iiter=           1
Begin forming various matrix       at 2026-08-27 10:02:37 
 ktsmat=           0
Begin assemble golbal matrix       at 2026-08-27 10:02:37 
 ntelgroup=           0
Begin factorize global matrix      at 2026-08-27 10:02:37 
 Factorization completed ... 
Begin solution global equation     at 2026-08-27 10:02:37 
                     istep=         242 iiter=           1
                     conver_load check
 resid=  1.417289654336427E-015 retot=  5.106009619676465E+015
 ratio1=  5.268518315095257E-016 ratio2=  3.591907708447741E-016
 nchek0=           0 toler_force=  1.000000000000000E-005
 nchek=           0
                    conver_nodal_value check
               Convergence check for displacement
 ratio1=  3.613376197926076E-002 ratio2=  3.832517999495676E-002
                            not converged for checki=           1
 iiter=           2
Begin forming various matrix       at 2026-08-27 10:02:37 
 ktsmat=           0
 ntelgroup=           0
Begin solution global equation     at 2026-08-27 10:02:37 
                     istep=         242 iiter=           2
                     conver_load check
 resid=  1.510489877199081E-015 retot=  5.106009619676465E+015
 ratio1=  5.438987932215455E-016 ratio2=  5.131296726353916E-016
 nchek0=           0 toler_force=  1.000000000000000E-005
 nchek=           0
                    conver_nodal_value check
               Convergence check for displacement
 ratio1=  4.076675350298990E-017 ratio2=  4.599997149354609E-017
 nchek=           0
 ***********RESTART FILE IS UPDATED!*******
 time: 10:02:36
 iblks=           1 iincs=           1 istep=         243
 outinp=           0
 iiter=           1
Begin forming various matrix       at 2026-08-27 10:02:37 
 ktsmat=           0
Begin assemble golbal matrix       at 2026-08-27 10:02:37 
 ntelgroup=           0
Begin factorize global matrix      at 2026-08-27 10:02:37 
 Factorization completed ... 
Begin solution global equation     at 2026-08-27 10:02:37 
                     istep=         243 iiter=           1
                     conver_load check
 resid=  1.443153996924848E-015 retot=  3.687623622058690E+015
 ratio1=  6.255802713410585E-016 ratio2=  5.193814893066524E-016
 nchek0=           0 toler_force=  1.000000000000000E-005
 nchek=           0
                    conver_nodal_value check
               Convergence check for displacement
 ratio1=  4.518508634847563E-002 ratio2=  5.651313073870157E-002
                            not converged for checki=           1
 iiter=           2
Begin forming various matrix       at 2026-08-27 10:02:37 
 ktsmat=           0
 ntelgroup=           0
Begin solution global equation     at 2026-08-27 10:02:37 
                     istep=         243 iiter=           2
                     conver_load check
 resid=  9.504167876621767E-016 retot=  3.687623622058690E+015
 ratio1=  5.076726361094728E-016 ratio2=  3.971740800580283E-016
 nchek0=           0 toler_force=  1.000000000000000E-005
 nchek=           0
                    conver_nodal_value check
               Convergence check for displacement
 ratio1=  3.414925989928246E-017 ratio2=  4.280937396821658E-017
 nchek=           0
 ***********RESTART FILE IS UPDATED!*******
 time: 10:02:36
 iblks=           1 iincs=           1 istep=         244
 outinp=           0
 iiter=           1
Begin forming various matrix       at 2026-08-27 10:02:37 
 ktsmat=           0
Begin assemble golbal matrix       at 2026-08-27 10:02:37 
 ntelgroup=           0
Begin factorize global matrix      at 2026-08-27 10:02:37 
 Factorization completed ... 
Begin solution global equation     at 2026-08-27 10:02:37 
                     istep=         244 iiter=           1
                     conver_load check
 resid=  9.427781364190529E-016 retot=  3.549444865735150E+015
 ratio1=  5.153764075578092E-016 ratio2=  3.155458562930466E-016
 nchek0=           0 toler_force=  1.000000000000000E-005
 nchek=           0
                    conver_nodal_value check
               Convergence check for displacement
 ratio1=  4.480443249496616E-002 ratio2=  5.390467639457653E-002
                            not converged for checki=           1
 iiter=           2
Begin forming various matrix       at 2026-08-27 10:02:37 
 ktsmat=           0
 ntelgroup=           0
Begin solution global equation     at 2026-08-27 10:02:37 
                     istep=         244 iiter=           2
                     conver_load check
 resid=  9.902811666804755E-016 retot=  3.549444865735150E+015
 ratio1=  5.282007852755999E-016 ratio2=  3.845715123571506E-016
 nchek0=           0 toler_force=  1.000000000000000E-005
 nchek=           0
                    conver_nodal_value check
               Convergence check for displacement
 ratio1=  3.819522673199011E-017 ratio2=  3.393150698143457E-017
 nchek=           0
 ***********RESTART FILE IS UPDATED!*******
 time: 10:02:36
 iblks=           1 iincs=           1 istep=         245
 outinp=           0
 iiter=           1
Begin forming various matrix       at 2026-08-27 10:02:37 
 ktsmat=           0
Begin assemble golbal matrix       at 2026-08-27 10:02:37 
 ntelgroup=           0
Begin factorize global matrix      at 2026-08-27 10:02:37 
 Factorization completed ... 
Begin solution global equation     at 2026-08-27 10:02:37 
                     istep=         245 iiter=           1
                     conver_load check
 resid=  1.338530768757672E-015 retot=  4.506786426968557E+015
 ratio1=  5.449801580607345E-016 ratio2=  4.092373420790568E-016
 nchek0=           0 toler_force=  1.000000000000000E-005
 nchek=           0
                    conver_nodal_value check
               Convergence check for displacement
 ratio1=  4.185618085186507E-002 ratio2=  3.650504726749988E-002
                            not converged for checki=           1
 iiter=           2
Begin forming various matrix       at 2026-08-27 10:02:37 
 ktsmat=           0
 ntelgroup=           0
Begin solution global equation     at 2026-08-27 10:02:37 
                     istep=         245 iiter=           2
                     conver_load check
 resid=  9.390547502285567E-016 retot=  4.506786426968557E+015
 ratio1=  4.564697139982010E-016 ratio2=  4.823154388788884E-016
 nchek0=           0 toler_force=  1.000000000000000E-005
 nchek=           0
                    conver_nodal_value check
               Convergence check for displacement
 ratio1=  6.405216316159968E-017 ratio2=  8.870245779966242E-017
 nchek=           0
 ***********RESTART FILE IS UPDATED!*******
 time: 10:02:36
 iblks=           1 iincs=           1 istep=         246
 outinp=           0
 iiter=           1
Begin forming various matrix       at 2026-08-27 10:02:37 
 ktsmat=           0
Begin assemble golbal matrix       at 2026-08-27 10:02:37 
 ntelgroup=           0
Begin factorize global matrix      at 2026-08-27 10:02:37 
 Factorization completed ... 
Begin solution global equation     at 2026-08-27 10:02:37 
                     istep=         246 iiter=           1
                     conver_load check
 resid=  1.143748843655906E-015 retot=  2.815430758721204E+015
 ratio1=  6.373718938523824E-016 ratio2=  4.830302957540875E-016
 nchek0=           0 toler_force=  1.000000000000000E-005
 nchek=           0
                    conver_nodal_value check
               Convergence check for displacement
 ratio1=  5.825796647556289E-002 ratio2=  7.509414224757784E-002
                            not converged for checki=           1
 iiter=           2
Begin forming various matrix       at 2026-08-27 10:02:37 
 ktsmat=           0
 ntelgroup=           0
Begin solution global equation     at 2026-08-27 10:02:37 
                     istep=         246 iiter=           2
                     conver_load check
 resid=  5.599009724833816E-016 retot=  2.815430758721204E+015
 ratio1=  4.459469371094089E-016 ratio2=  2.956044778703400E-016
 nchek0=           0 toler_force=  1.000000000000000E-005
 nchek=           0
                    conver_nodal_value check
               Convergence check for displacement
 ratio1=  1.039984713716032E-016 ratio2=  1.966428318069966E-016
 nchek=           0
 ***********RESTART FILE IS UPDATED!*******
 time: 10:02:36
 iblks=           1 iincs=           1 istep=         247
 outinp=           0
 iiter=           1
Begin forming various matrix       at 2026-08-27 10:02:37 
 ktsmat=           0
Begin assemble golbal matrix       at 2026-08-27 10:02:37 
 ntelgroup=           0
Begin factorize global matrix      at 2026-08-27 10:02:37 
 Factorization completed ... 
Begin solution global equation     at 2026-08-27 10:02:37 
                     istep=         247 iiter=           1
                     conver_load check
 resid=  7.777476477421264E-016 retot=  1.749213130842244E+015
 ratio1=  6.668036811675522E-016 ratio2=  4.386267098329628E-016
 nchek0=           0 toler_force=  1.000000000000000E-005
 nchek=           0
                    conver_nodal_value check
               Convergence check for displacement
 ratio1=  3.006933789236618E-002 ratio2=  3.309146663281096E-002
                            not converged for checki=           1
 iiter=           2
Begin forming various matrix       at 2026-08-27 10:02:37 
 ktsmat=           0
 ntelgroup=           0
Begin solution global equation     at 2026-08-27 10:02:37 
                     istep=         247 iiter=           2
                     conver_load check
 resid=  7.982873602266487E-016 retot=  1.749213130842244E+015
 ratio1=  6.755511879677026E-016 ratio2=  4.030623820086685E-016
 nchek0=           0 toler_force=  1.000000000000000E-005
 nchek=           0
                    conver_nodal_value check
               Convergence check for displacement
 ratio1=  6.527104489066214E-017 ratio2=  9.866271492596390E-017
 nchek=           0
 ***********RESTART FILE IS UPDATED!*******
 time: 10:02:36
 iblks=           1 iincs=           1 istep=         248
 outinp=           0
 iiter=           1
Begin forming various matrix       at 2026-08-27 10:02:37 
 ktsmat=           0
Begin assemble golbal matrix       at 2026-08-27 10:02:37 
 ntelgroup=           0
Begin factorize global matrix      at 2026-08-27 10:02:37 
 Factorization completed ... 
Begin solution global equation     at 2026-08-27 10:02:37 
                     istep=         248 iiter=           1
                     conver_load check
 resid=  1.756208399527186E-015 retot=  1.209332984963196E+015
 ratio1=  1.205077771592115E-015 ratio2=  1.157202961612347E-015
 nchek0=           0 toler_force=  1.000000000000000E-005
 nchek=           0
                    conver_nodal_value check
               Convergence check for displacement
 ratio1=  4.080828934356260E-002 ratio2=  6.537563654702021E-002
                            not converged for checki=           1
 iiter=           2
Begin forming various matrix       at 2026-08-27 10:02:37 
 ktsmat=           0
 ntelgroup=           0
Begin solution global equation     at 2026-08-27 10:02:37 
                     istep=         248 iiter=           2
                     conver_load check
 resid=  8.362206306192178E-016 retot=  1.209332984963196E+015
 ratio1=  8.315483184924144E-016 ratio2=  7.980710080085154E-016
 nchek0=           0 toler_force=  1.000000000000000E-005
 nchek=           0
                    conver_nodal_value check
               Convergence check for displacement
 ratio1=  3.800540854685338E-017 ratio2=  5.702314435285979E-017
 nchek=           0
 ***********RESTART FILE IS UPDATED!*******
 time: 10:02:36
 iblks=           1 iincs=           1 istep=         249
 outinp=           0
 iiter=           1
Begin forming various matrix       at 2026-08-27 10:02:37 
 ktsmat=           0
Begin assemble golbal matrix       at 2026-08-27 10:02:37 
 ntelgroup=           0
Begin factorize global matrix      at 2026-08-27 10:02:37 
 Factorization completed ... 
Begin solution global equation     at 2026-08-27 10:02:37 
                     istep=         249 iiter=           1
                     conver_load check
 resid=  1.732597862072664E-015 retot=  2.174137727550971E+015
 ratio1=  8.926996426046794E-016 ratio2=  6.058076935022693E-016
 nchek0=           0 toler_force=  1.000000000000000E-005
 nchek=           0
                    conver_nodal_value check
               Convergence check for displacement
 ratio1=  6.360643919866249E-002 ratio2=  6.107961120377637E-002
                            not converged for checki=           1
 iiter=           2
Begin forming various matrix       at 2026-08-27 10:02:37 
 ktsmat=           0
 ntelgroup=           0
Begin solution global equation     at 2026-08-27 10:02:37 
                     istep=         249 iiter=           2
                     conver_load check
 resid=  1.153100269450876E-015 retot=  2.174137727550971E+015
 ratio1=  7.282659593816678E-016 ratio2=  6.124649209033932E-016
 nchek0=           0 toler_force=  1.000000000000000E-005
 nchek=           0
                    conver_nodal_value check
               Convergence check for displacement
 ratio1=  9.663910371851604E-017 ratio2=  1.348713837398525E-016
 nchek=           0
 ***********RESTART FILE IS UPDATED!*******
 time: 10:02:36
 iblks=           1 iincs=           1 istep=         250
 outinp=           0
 iiter=           1
Begin forming various matrix       at 2026-08-27 10:02:37 
 ktsmat=           0
Begin assemble golbal matrix       at 2026-08-27 10:02:37 
 ntelgroup=           0
Begin factorize global matrix      at 2026-08-27 10:02:37 
 Factorization completed ... 
Begin solution global equation     at 2026-08-27 10:02:37 
                     istep=         250 iiter=           1
                     conver_load check
 resid=  1.828409250653705E-015 retot=  1.373340074698375E+015
 ratio1=  1.153845493941329E-015 ratio2=  8.013942222135598E-016
 nchek0=           0 toler_force=  1.000000000000000E-005
 nchek=           0
                    conver_nodal_value check
               Convergence check for displacement
 ratio1=  0.116651933040363      ratio2=  0.165133519400320     
                            not converged for checki=           1
 iiter=           2
Begin forming various matrix       at 2026-08-27 10:02:37 
 ktsmat=           0
 ntelgroup=           0
Begin solution global equation     at 2026-08-27 10:02:37 
                     istep=         250 iiter=           2
                     conver_load check
 resid=  2.029351489826773E-015 retot=  1.373340074698375E+015
 ratio1=  1.215596919255170E-015 ratio2=  1.544149842801737E-015
 nchek0=           0 toler_force=  1.000000000000000E-005
 nchek=           0
                    conver_nodal_value check
               Convergence check for displacement
 ratio1=  1.681246489366014E-016 ratio2=  2.124800469201261E-016
 nchek=           0
 ***********RESTART FILE IS UPDATED!*******
 time: 10:02:36
 iblks=           1 iincs=           1 istep=         251
 outinp=           0
 iiter=           1
Begin forming various matrix       at 2026-08-27 10:02:37 
 ktsmat=           0
Begin assemble golbal matrix       at 2026-08-27 10:02:37 
 ntelgroup=           0
Begin factorize global matrix      at 2026-08-27 10:02:37 
 Factorization completed ... 
Begin solution global equation     at 2026-08-27 10:02:37 
                     istep=         251 iiter=           1
                     conver_load check
 resid=  1.710783865110753E-015 retot=   719804741561273.     
 ratio1=  1.541665739790286E-015 ratio2=  1.051348132644002E-015
 nchek0=           0 toler_force=  1.000000000000000E-005
 nchek=           0
                    conver_nodal_value check
               Convergence check for displacement
 ratio1=  4.561769672644396E-002 ratio2=  4.217850214523711E-002
                            not converged for checki=           1
 iiter=           2
Begin forming various matrix       at 2026-08-27 10:02:37 
 ktsmat=           0
 ntelgroup=           0
Begin solution global equation     at 2026-08-27 10:02:37 
                     istep=         251 iiter=           2
                     conver_load check
 resid=  1.089710332783750E-015 retot=   719804741561273.     
 ratio1=  1.230405270843406E-015 ratio2=  8.421939948501025E-016
 nchek0=           0 toler_force=  1.000000000000000E-005
 nchek=           0
                    conver_nodal_value check
               Convergence check for displacement
 ratio1=  1.358688909389905E-016 ratio2=  1.968556006483204E-016
 nchek=           0
 ***********RESTART FILE IS UPDATED!*******
 time: 10:02:36
 iblks=           1 iincs=           1 istep=         252
 outinp=           0
 iiter=           1
Begin forming various matrix       at 2026-08-27 10:02:37 
 ktsmat=           0
Begin assemble golbal matrix       at 2026-08-27 10:02:37 
 ntelgroup=           0
Begin factorize global matrix      at 2026-08-27 10:02:37 
 Factorization completed ... 
Begin solution global equation     at 2026-08-27 10:02:37 
                     istep=         252 iiter=           1
                     conver_load check
 resid=  1.227947008132571E-015 retot=   733604970956031.     
 ratio1=  1.293774776646017E-015 ratio2=  1.343443906709934E-015
 nchek0=           0 toler_force=  1.000000000000000E-005
 nchek=           0
                    conver_nodal_value check
               Convergence check for displacement
 ratio1=  9.889855352608405E-002 ratio2=  0.232899451674294     
                            not converged for checki=           1
 iiter=           2
Begin forming various matrix       at 2026-08-27 10:02:37 
 ktsmat=           0
 ntelgroup=           0
Begin solution global equation     at 2026-08-27 10:02:37 
                     istep=         252 iiter=           2
                     conver_load check
 resid=  7.414299194021065E-016 retot=   733604970956031.     
 ratio1=  1.005319070364439E-015 ratio2=  7.944403871409705E-016
 nchek0=           0 toler_force=  1.000000000000000E-005
 nchek=           0
                    conver_nodal_value check
               Convergence check for displacement
 ratio1=  1.015406074737059E-016 ratio2=  1.948887534885256E-016
 nchek=           0
 ***********RESTART FILE IS UPDATED!*******
 time: 10:02:36
 iblks=           1 iincs=           1 istep=         253
 outinp=           0
 iiter=           1
Begin forming various matrix       at 2026-08-27 10:02:37 
 ktsmat=           0
Begin assemble golbal matrix       at 2026-08-27 10:02:37 
 ntelgroup=           0
Begin factorize global matrix      at 2026-08-27 10:02:37 
 Factorization completed ... 
Begin solution global equation     at 2026-08-27 10:02:37 
                     istep=         253 iiter=           1
                     conver_load check
 resid=  1.182290666667063E-015 retot=   658166803623536.     
 ratio1=  1.340275700225516E-015 ratio2=  9.798970568644283E-016
 nchek0=           0 toler_force=  1.000000000000000E-005
 nchek=           0
                    conver_nodal_value check
               Convergence check for displacement
 ratio1=  5.785116131668740E-002 ratio2=  0.129052039347154     
                            not converged for checki=           1
 iiter=           2
Begin forming various matrix       at 2026-08-27 10:02:37 
 ktsmat=           0
 ntelgroup=           0
Begin solution global equation     at 2026-08-27 10:02:37 
                     istep=         253 iiter=           2
                     conver_load check
 resid=  6.652572987916834E-016 retot=   658166803623536.     
 ratio1=  1.005372118935365E-015 ratio2=  7.407510368468626E-016
 nchek0=           0 toler_force=  1.000000000000000E-005
 nchek=           0
                    conver_nodal_value check
               Convergence check for displacement
 ratio1=  5.447499969210181E-017 ratio2=  1.606057646806239E-016
 nchek=           0
 ***********RESTART FILE IS UPDATED!*******
 time: 10:02:36
 iblks=           1 iincs=           1 istep=         254
 outinp=           0
 iiter=           1
Begin forming various matrix       at 2026-08-27 10:02:37 
 ktsmat=           0
Begin assemble golbal matrix       at 2026-08-27 10:02:37 
 ntelgroup=           0
Begin factorize global matrix      at 2026-08-27 10:02:37 
 Factorization completed ... 
Begin solution global equation     at 2026-08-27 10:02:37 
                     istep=         254 iiter=           1
                     conver_load check
 resid=  1.274479996209484E-015 retot=   817114105173560.     
 ratio1=  1.248892788743328E-015 ratio2=  1.420727301652760E-015
 nchek0=           0 toler_force=  1.000000000000000E-005
 nchek=           0
                    conver_nodal_value check
               Convergence check for displacement
 ratio1=  4.435750775348549E-002 ratio2=  9.770875952184767E-002
                            not converged for checki=           1
 iiter=           2
Begin forming various matrix       at 2026-08-27 10:02:37 
 ktsmat=           0
 ntelgroup=           0
Begin solution global equation     at 2026-08-27 10:02:37 
                     istep=         254 iiter=           2
                     conver_load check
 resid=  7.100165107927132E-016 retot=   817114105173560.     
 ratio1=  9.321651670245815E-016 ratio2=  9.142071332374280E-016
 nchek0=           0 toler_force=  1.000000000000000E-005
 nchek=           0
                    conver_nodal_value check
               Convergence check for displacement
 ratio1=  8.241625730611264E-017 ratio2=  3.152164820857213E-016
 nchek=           0
 ***********RESTART FILE IS UPDATED!*******
 time: 10:02:36
 iblks=           1 iincs=           1 istep=         255
 outinp=           0
 iiter=           1
Begin forming various matrix       at 2026-08-27 10:02:37 
 ktsmat=           0
Begin assemble golbal matrix       at 2026-08-27 10:02:37 
 ntelgroup=           0
Begin factorize global matrix      at 2026-08-27 10:02:37 
 Factorization completed ... 
Begin solution global equation     at 2026-08-27 10:02:37 
                     istep=         255 iiter=           1
                     conver_load check
 resid=  1.621672438822545E-015 retot=   876197060072325.     
 ratio1=  1.360444007599422E-015 ratio2=  1.319625891073982E-015
 nchek0=           0 toler_force=  1.000000000000000E-005
 nchek=           0
                    conver_nodal_value check
               Convergence check for displacement
 ratio1=  4.698854547685783E-002 ratio2=  0.128679588919635     
                            not converged for checki=           1
 iiter=           2
Begin forming various matrix       at 2026-08-27 10:02:37 
 ktsmat=           0
 ntelgroup=           0
Begin solution global equation     at 2026-08-27 10:02:37 
                     istep=         255 iiter=           2
                     conver_load check
 resid=  8.970125372090096E-016 retot=   876197060072325.     
 ratio1=  1.011808586663456E-015 ratio2=  1.072196036497611E-015
 nchek0=           0 toler_force=  1.000000000000000E-005
 nchek=           0
                    conver_nodal_value check
               Convergence check for displacement
 ratio1=  6.487310484484002E-017 ratio2=  1.649288704489432E-016
 nchek=           0
 ***********RESTART FILE IS UPDATED!*******
 time: 10:02:36
 iblks=           1 iincs=           1 istep=         256
 outinp=           0
 iiter=           1
Begin forming various matrix       at 2026-08-27 10:02:37 
 ktsmat=           0
Begin assemble golbal matrix       at 2026-08-27 10:02:37 
 ntelgroup=           0
Begin factorize global matrix      at 2026-08-27 10:02:37 
 Factorization completed ... 
Begin solution global equation     at 2026-08-27 10:02:37 
                     istep=         256 iiter=           1
                     conver_load check
 resid=  1.043575832401188E-015 retot=   795797938898212.     
 ratio1=  1.145145317193712E-015 ratio2=  1.083347745708284E-015
 nchek0=           0 toler_force=  1.000000000000000E-005
 nchek=           0
                    conver_nodal_value check
               Convergence check for displacement
 ratio1=  4.436375976325570E-002 ratio2=  0.109398007442432     
                            not converged for checki=           1
 iiter=           2
Begin forming various matrix       at 2026-08-27 10:02:37 
 ktsmat=           0
 ntelgroup=           0
Begin solution global equation     at 2026-08-27 10:02:37 
                     istep=         256 iiter=           2
                     conver_load check
 resid=  7.547550526561552E-016 retot=   795797938898212.     
 ratio1=  9.738713945697041E-016 ratio2=  1.006388616231739E-015
 nchek0=           0 toler_force=  1.000000000000000E-005
 nchek=           0
                    conver_nodal_value check
               Convergence check for displacement
 ratio1=  5.821316320239636E-017 ratio2=  1.491601623575236E-016
 nchek=           0
 ***********RESTART FILE IS UPDATED!*******
 time: 10:02:36
 iblks=           1 iincs=           1 istep=         257
 outinp=           0
 iiter=           1
Begin forming various matrix       at 2026-08-27 10:02:37 
 ktsmat=           0
Begin assemble golbal matrix       at 2026-08-27 10:02:37 
 ntelgroup=           0
Begin factorize global matrix      at 2026-08-27 10:02:37 
 Factorization completed ... 
Begin solution global equation     at 2026-08-27 10:02:37 
                     istep=         257 iiter=           1
                     conver_load check
 resid=  7.665513944502455E-016 retot=   955162419369738.     
 ratio1=  8.958432496585058E-016 ratio2=  4.889525790767280E-016
 nchek0=           0 toler_force=  1.000000000000000E-005
 nchek=           0
                    conver_nodal_value check
               Convergence check for displacement
 ratio1=  5.696611198098527E-002 ratio2=  0.101437330178552     
                            not converged for checki=           1
 iiter=           2
Begin forming various matrix       at 2026-08-27 10:02:37 
 ktsmat=           0
 ntelgroup=           0
Begin solution global equation     at 2026-08-27 10:02:37 
                     istep=         257 iiter=           2
                     conver_load check
 resid=  9.617645683059867E-016 retot=   955162419369738.     
 ratio1=  1.003450083165845E-015 ratio2=  9.575321340252592E-016
 nchek0=           0 toler_force=  1.000000000000000E-005
 nchek=           0
                    conver_nodal_value check
               Convergence check for displacement
 ratio1=  1.016702247859358E-016 ratio2=  2.233087145667272E-016
 nchek=           0
 ***********RESTART FILE IS UPDATED!*******
 time: 10:02:36
 iblks=           1 iincs=           1 istep=         258
 outinp=           0
 iiter=           1
Begin forming various matrix       at 2026-08-27 10:02:37 
 ktsmat=           0
Begin assemble golbal matrix       at 2026-08-27 10:02:37 
 ntelgroup=           0
Begin factorize global matrix      at 2026-08-27 10:02:37 
 Factorization completed ... 
Begin solution global equation     at 2026-08-27 10:02:37 
                     istep=         258 iiter=           1
                     conver_load check
 resid=  5.745671084446037E-016 retot=   581981354064102.     
 ratio1=  9.936097514662933E-016 ratio2=  6.825458500131386E-016
 nchek0=           0 toler_force=  1.000000000000000E-005
 nchek=           0
                    conver_nodal_value check
               Convergence check for displacement
 ratio1=  0.124097649814457      ratio2=  0.237452573984990     
                            not converged for checki=           1
 iiter=           2
Begin forming various matrix       at 2026-08-27 10:02:37 
 ktsmat=           0
 ntelgroup=           0
Begin solution global equation     at 2026-08-27 10:02:37 
                     istep=         258 iiter=           2
                     conver_load check
 resid=  4.073180692815118E-016 retot=   581981354064102.     
 ratio1=  8.365892947924158E-016 ratio2=  6.214223410567381E-016
 nchek0=           0 toler_force=  1.000000000000000E-005
 nchek=           0
                    conver_nodal_value check
               Convergence check for displacement
 ratio1=  1.414625126921469E-016 ratio2=  3.005932682912132E-016
 nchek=           0
 ***********RESTART FILE IS UPDATED!*******
 time: 10:02:36
 iblks=           1 iincs=           1 istep=         259
 outinp=           0
 iiter=           1
Begin forming various matrix       at 2026-08-27 10:02:37 
 ktsmat=           0
Begin assemble golbal matrix       at 2026-08-27 10:02:37 
 ntelgroup=           0
Begin factorize global matrix      at 2026-08-27 10:02:37 
 Factorization completed ... 
Begin solution global equation     at 2026-08-27 10:02:37 
                     istep=         259 iiter=           1
                     conver_load check
 resid=  5.639315924242960E-016 retot=   780432448288302.     
 ratio1=  8.500521177233549E-016 ratio2=  7.202566260359356E-016
 nchek0=           0 toler_force=  1.000000000000000E-005
 nchek=           0
                    conver_nodal_value check
               Convergence check for displacement
 ratio1=  0.108381322108644      ratio2=  0.216274894630193     
                            not converged for checki=           1
 iiter=           2
Begin forming various matrix       at 2026-08-27 10:02:37 
 ktsmat=           0
 ntelgroup=           0
Begin solution global equation     at 2026-08-27 10:02:37 
                     istep=         259 iiter=           2
                     conver_load check
 resid=  2.916723769597394E-016 retot=   780432448288302.     
 ratio1=  6.113360288245865E-016 ratio2=  2.976867103575944E-016
 nchek0=           0 toler_force=  1.000000000000000E-005
 nchek=           0
                    conver_nodal_value check
               Convergence check for displacement
 ratio1=  9.718437674212990E-017 ratio2=  1.571584348492645E-016
 nchek=           0
 ***********RESTART FILE IS UPDATED!*******
 time: 10:02:36
 iblks=           1 iincs=           1 istep=         260
 outinp=           0
 iiter=           1
Begin forming various matrix       at 2026-08-27 10:02:37 
 ktsmat=           0
Begin assemble golbal matrix       at 2026-08-27 10:02:37 
 ntelgroup=           0
Begin factorize global matrix      at 2026-08-27 10:02:37 
 Factorization completed ... 
Begin solution global equation     at 2026-08-27 10:02:37 
                     istep=         260 iiter=           1
                     conver_load check
 resid=  9.181193746117693E-016 retot=   521767411297110.     
 ratio1=  1.326511749075025E-015 ratio2=  1.315596949545384E-015
 nchek0=           0 toler_force=  1.000000000000000E-005
 nchek=           0
                    conver_nodal_value check
               Convergence check for displacement
 ratio1=  0.115883063593510      ratio2=  0.236686700831561     
                            not converged for checki=           1
 iiter=           2
Begin forming various matrix       at 2026-08-27 10:02:37 
 ktsmat=           0
 ntelgroup=           0
Begin solution global equation     at 2026-08-27 10:02:37 
                     istep=         260 iiter=           2
                     conver_load check
 resid=  4.158506577618554E-016 retot=   521767411297110.     
 ratio1=  8.927507448659018E-016 ratio2=  8.039759136110681E-016
 nchek0=           0 toler_force=  1.000000000000000E-005
 nchek=           0
                    conver_nodal_value check
               Convergence check for displacement
 ratio1=  9.903194847568804E-017 ratio2=  2.214155366965560E-016
 nchek=           0
 ***********RESTART FILE IS UPDATED!*******
 time: 10:02:36
 iblks=           1 iincs=           1 istep=         261
 outinp=           0
 iiter=           1
Begin forming various matrix       at 2026-08-27 10:02:37 
 ktsmat=           0
Begin assemble golbal matrix       at 2026-08-27 10:02:37 
 ntelgroup=           0
Begin factorize global matrix      at 2026-08-27 10:02:37 
 Factorization completed ... 
Begin solution global equation     at 2026-08-27 10:02:37 
                     istep=         261 iiter=           1
                     conver_load check
 resid=  6.577932895086519E-016 retot=   657854604363019.     
 ratio1=  9.999533967819569E-016 ratio2=  9.304883528747160E-016
 nchek0=           0 toler_force=  1.000000000000000E-005
 nchek=           0
                    conver_nodal_value check
               Convergence check for displacement
 ratio1=  6.854726455627881E-002 ratio2=  0.192612953029573     
                            not converged for checki=           1
 iiter=           2
Begin forming various matrix       at 2026-08-27 10:02:37 
 ktsmat=           0
 ntelgroup=           0
Begin solution global equation     at 2026-08-27 10:02:37 
                     istep=         261 iiter=           2
                     conver_load check
 resid=  4.578478143474437E-016 retot=   657854604363019.     
 ratio1=  8.342488435709470E-016 ratio2=  5.699241161357635E-016
 nchek0=           0 toler_force=  1.000000000000000E-005
 nchek=           0
                    conver_nodal_value check
               Convergence check for displacement
 ratio1=  7.200745496882819E-017 ratio2=  1.666214816541904E-016
 nchek=           0
 ***********RESTART FILE IS UPDATED!*******
 time: 10:02:36
 iblks=           1 iincs=           1 istep=         262
 outinp=           0
 iiter=           1
Begin forming various matrix       at 2026-08-27 10:02:37 
 ktsmat=           0
Begin assemble golbal matrix       at 2026-08-27 10:02:37 
 ntelgroup=           0
Begin factorize global matrix      at 2026-08-27 10:02:37 
 Factorization completed ... 
Begin solution global equation     at 2026-08-27 10:02:37 
                     istep=         262 iiter=           1
                     conver_load check
 resid=  6.173081589260196E-016 retot=   961158524209474.     
 ratio1=  8.014076754728331E-016 ratio2=  8.502406208449022E-016
 nchek0=           0 toler_force=  1.000000000000000E-005
 nchek=           0
                    conver_nodal_value check
               Convergence check for displacement
 ratio1=  7.342469779865536E-002 ratio2=  0.209779671064348     
                            not converged for checki=           1
 iiter=           2
Begin forming various matrix       at 2026-08-27 10:02:37 
 ktsmat=           0
 ntelgroup=           0
Begin solution global equation     at 2026-08-27 10:02:37 
                     istep=         262 iiter=           2
                     conver_load check
 resid=  2.549051137140906E-016 retot=   961158524209474.     
 ratio1=  5.149816602869776E-016 ratio2=  3.864730094749556E-016
 nchek0=           0 toler_force=  1.000000000000000E-005
 nchek=           0
                    conver_nodal_value check
               Convergence check for displacement
 ratio1=  5.324376386707547E-017 ratio2=  1.654939498566864E-016
 nchek=           0
 ***********RESTART FILE IS UPDATED!*******
 time: 10:02:36
 iblks=           1 iincs=           1 istep=         263
 outinp=           0
 iiter=           1
Begin forming various matrix       at 2026-08-27 10:02:37 
 ktsmat=           0
Begin assemble golbal matrix       at 2026-08-27 10:02:37 
 ntelgroup=           0
Begin factorize global matrix      at 2026-08-27 10:02:37 
 Factorization completed ... 
Begin solution global equation     at 2026-08-27 10:02:37 
                     istep=         263 iiter=           1
                     conver_load check
 resid=  1.222841878831116E-015 retot=  3.062867995702162E+015
 ratio1=  6.318602164011539E-016 ratio2=  5.448789112682543E-016
 nchek0=           0 toler_force=  1.000000000000000E-005
 nchek=           0
                    conver_nodal_value check
               Convergence check for displacement
 ratio1=  6.693020155537996E-002 ratio2=  0.193233569054837     
                            not converged for checki=           1
 iiter=           2
Begin forming various matrix       at 2026-08-27 10:02:37 
 ktsmat=           0
 ntelgroup=           0
Begin solution global equation     at 2026-08-27 10:02:37 
                     istep=         263 iiter=           2
                     conver_load check
 resid=  2.518216261426981E-016 retot=  3.062867995702162E+015
 ratio1=  2.867360987775032E-016 ratio2=  2.630449916467435E-016
 nchek0=           0 toler_force=  1.000000000000000E-005
 nchek=           0
                    conver_nodal_value check
               Convergence check for displacement
 ratio1=  3.155724114180837E-017 ratio2=  1.061918854304615E-016
 nchek=           0
 ***********RESTART FILE IS UPDATED!*******
 time: 10:02:36
 iblks=           1 iincs=           1 istep=         264
 outinp=           0
 iiter=           1
Begin forming various matrix       at 2026-08-27 10:02:37 
 ktsmat=           0
Begin assemble golbal matrix       at 2026-08-27 10:02:37 
 ntelgroup=           0
Begin factorize global matrix      at 2026-08-27 10:02:37 
 Factorization completed ... 
Begin solution global equation     at 2026-08-27 10:02:37 
                     istep=         264 iiter=           1
                     conver_load check
 resid=  1.520830078515608E-015 retot=  1.926764262157480E+015
 ratio1=  8.884358104268908E-016 ratio2=  7.548342063054133E-016
 nchek0=           0 toler_force=  1.000000000000000E-005
 nchek=           0
                    conver_nodal_value check
               Convergence check for displacement
 ratio1=  7.541318987057039E-002 ratio2=  0.242732642753116     
                            not converged for checki=           1
 iiter=           2
Begin forming various matrix       at 2026-08-27 10:02:37 
 ktsmat=           0
 ntelgroup=           0
Begin solution global equation     at 2026-08-27 10:02:37 
                     istep=         264 iiter=           2
                     conver_load check
 resid=  5.108083064192945E-016 retot=  1.926764262157480E+015
 ratio1=  5.148902691667944E-016 ratio2=  3.648365330476164E-016
 nchek0=           0 toler_force=  1.000000000000000E-005
 nchek=           0
                    conver_nodal_value check
               Convergence check for displacement
 ratio1=  5.089954975022690E-017 ratio2=  2.136693278355111E-016
 nchek=           0
 ***********RESTART FILE IS UPDATED!*******
 time: 10:02:36
 iblks=           1 iincs=           1 istep=         265
 outinp=           0
 iiter=           1
Begin forming various matrix       at 2026-08-27 10:02:37 
 ktsmat=           0
Begin assemble golbal matrix       at 2026-08-27 10:02:37 
 ntelgroup=           0
Begin factorize global matrix      at 2026-08-27 10:02:37 
 Factorization completed ... 
Begin solution global equation     at 2026-08-27 10:02:37 
                     istep=         265 iiter=           1
                     conver_load check
 resid=  1.349776391132463E-015 retot=   750461155554207.     
 ratio1=  1.341117423952992E-015 ratio2=  1.099980981165780E-015
 nchek0=           0 toler_force=  1.000000000000000E-005
 nchek=           0
                    conver_nodal_value check
               Convergence check for displacement
 ratio1=  6.506021192535455E-002 ratio2=  0.119296679076887     
                            not converged for checki=           1
 iiter=           2
Begin forming various matrix       at 2026-08-27 10:02:37 
 ktsmat=           0
 ntelgroup=           0
Begin solution global equation     at 2026-08-27 10:02:37 
                     istep=         265 iiter=           2
                     conver_load check
 resid=  9.192894294476026E-016 retot=   750461155554207.     
 ratio1=  1.106781839120258E-015 ratio2=  1.224507129977000E-015
 nchek0=           0 toler_force=  1.000000000000000E-005
 nchek=           0
                    conver_nodal_value check
               Convergence check for displacement
 ratio1=  6.126242141570284E-017 ratio2=  1.250600840058100E-016
 nchek=           0
 ***********RESTART FILE IS UPDATED!*******
 time: 10:02:36
 iblks=           1 iincs=           1 istep=         266
 outinp=           0
 iiter=           1
Begin forming various matrix       at 2026-08-27 10:02:37 
 ktsmat=           0
Begin assemble golbal matrix       at 2026-08-27 10:02:37 
 ntelgroup=           0
Begin factorize global matrix      at 2026-08-27 10:02:37 
 Factorization completed ... 
Begin solution global equation     at 2026-08-27 10:02:37 
                     istep=         266 iiter=           1
                     conver_load check
 resid=  2.703871107137176E-015 retot=   829719362127704.     
 ratio1=  1.805208543047067E-015 ratio2=  2.672369448718377E-015
 nchek0=           0 toler_force=  1.000000000000000E-005
 nchek=           0
                    conver_nodal_value check
               Convergence check for displacement
 ratio1=  9.871740520100183E-002 ratio2=  0.170673646545675     
                            not converged for checki=           1
 iiter=           2
Begin forming various matrix       at 2026-08-27 10:02:37 
 ktsmat=           0
 ntelgroup=           0
Begin solution global equation     at 2026-08-27 10:02:37 
                     istep=         266 iiter=           2
                     conver_load check
 resid=  1.169153111282756E-015 retot=   829719362127704.     
 ratio1=  1.187052924899945E-015 ratio2=  9.167982780274722E-016
 nchek0=           0 toler_force=  1.000000000000000E-005
 nchek=           0
                    conver_nodal_value check
               Convergence check for displacement
 ratio1=  1.097531303254389E-016 ratio2=  1.741746231354408E-016
 nchek=           0
 ***********RESTART FILE IS UPDATED!*******
 time: 10:02:36
 iblks=           1 iincs=           1 istep=         267
 outinp=           0
 iiter=           1
Begin forming various matrix       at 2026-08-27 10:02:37 
 ktsmat=           0
Begin assemble golbal matrix       at 2026-08-27 10:02:37 
 ntelgroup=           0
Begin factorize global matrix      at 2026-08-27 10:02:37 
 Factorization completed ... 
Begin solution global equation     at 2026-08-27 10:02:37 
                     istep=         267 iiter=           1
                     conver_load check
 resid=  8.802240997108596E-016 retot=  1.197053164276669E+015
 ratio1=  8.575114110541925E-016 ratio2=  9.006066576625664E-016
 nchek0=           0 toler_force=  1.000000000000000E-005
 nchek=           0
                    conver_nodal_value check
               Convergence check for displacement
 ratio1=  6.737580335170257E-002 ratio2=  9.155559777855587E-002
                            not converged for checki=           1
 iiter=           2
Begin forming various matrix       at 2026-08-27 10:02:37 
 ktsmat=           0
 ntelgroup=           0
Begin solution global equation     at 2026-08-27 10:02:37 
                     istep=         267 iiter=           2
                     conver_load check
 resid=  8.462980961281302E-016 retot=  1.197053164276669E+015
 ratio1=  8.408237347310180E-016 ratio2=  1.259364804258918E-015
 nchek0=           0 toler_force=  1.000000000000000E-005
 nchek=           0
                    conver_nodal_value check
               Convergence check for displacement
 ratio1=  5.264517608757804E-017 ratio2=  8.455851383138494E-017
 nchek=           0
 ***********RESTART FILE IS UPDATED!*******
 time: 10:02:36
 iblks=           1 iincs=           1 istep=         268
 outinp=           0
 iiter=           1
Begin forming various matrix       at 2026-08-27 10:02:37 
 ktsmat=           0
Begin assemble golbal matrix       at 2026-08-27 10:02:37 
 ntelgroup=           0
Begin factorize global matrix      at 2026-08-27 10:02:37 
 Factorization completed ... 
Begin solution global equation     at 2026-08-27 10:02:37 
                     istep=         268 iiter=           1
                     conver_load check
 resid=  9.663742477629127E-016 retot=   895602299332159.     
 ratio1=  1.038759656663639E-015 ratio2=  9.917483745384102E-016
 nchek0=           0 toler_force=  1.000000000000000E-005
 nchek=           0
                    conver_nodal_value check
               Convergence check for displacement
 ratio1=  9.913496622376980E-002 ratio2=  0.159091473203264     
                            not converged for checki=           1
 iiter=           2
Begin forming various matrix       at 2026-08-27 10:02:37 
 ktsmat=           0
 ntelgroup=           0
Begin solution global equation     at 2026-08-27 10:02:37 
                     istep=         268 iiter=           2
                     conver_load check
 resid=  3.899293570621168E-016 retot=   895602299332159.     
 ratio1=  6.598350281504901E-016 ratio2=  5.457311028370327E-016
 nchek0=           0 toler_force=  1.000000000000000E-005
 nchek=           0
                    conver_nodal_value check
               Convergence check for displacement
 ratio1=  8.104516735870894E-017 ratio2=  1.419934984732203E-016
 nchek=           0
 ***********RESTART FILE IS UPDATED!*******
 time: 10:02:36
 iblks=           1 iincs=           1 istep=         269
 outinp=           0
 iiter=           1
Begin forming various matrix       at 2026-08-27 10:02:37 
 ktsmat=           0
Begin assemble golbal matrix       at 2026-08-27 10:02:37 
 ntelgroup=           0
Begin factorize global matrix      at 2026-08-27 10:02:37 
 Factorization completed ... 
Begin solution global equation     at 2026-08-27 10:02:37 
                     istep=         269 iiter=           1
                     conver_load check
 resid=  8.524745366546146E-016 retot=   736783921611278.     
 ratio1=  1.075649148553447E-015 ratio2=  7.377423672037848E-016
 nchek0=           0 toler_force=  1.000000000000000E-005
 nchek=           0
                    conver_nodal_value check
               Convergence check for displacement
 ratio1=  5.184415515266483E-002 ratio2=  7.522361891042838E-002
                            not converged for checki=           1
 iiter=           2
Begin forming various matrix       at 2026-08-27 10:02:37 
 ktsmat=           0
 ntelgroup=           0
Begin solution global equation     at 2026-08-27 10:02:37 
                     istep=         269 iiter=           2
                     conver_load check
 resid=  2.994602759451905E-016 retot=   736783921611278.     
 ratio1=  6.375284061342788E-016 ratio2=  4.100294419827351E-016
 nchek0=           0 toler_force=  1.000000000000000E-005
 nchek=           0
                    conver_nodal_value check
               Convergence check for displacement
 ratio1=  5.048146087644367E-017 ratio2=  7.928017724411278E-017
 nchek=           0
 ***********RESTART FILE IS UPDATED!*******
 time: 10:02:36
 iblks=           1 iincs=           1 istep=         270
 outinp=           0
 iiter=           1
Begin forming various matrix       at 2026-08-27 10:02:37 
 ktsmat=           0
Begin assemble golbal matrix       at 2026-08-27 10:02:37 
 ntelgroup=           0
Begin factorize global matrix      at 2026-08-27 10:02:37 
 Factorization completed ... 
Begin solution global equation     at 2026-08-27 10:02:37 
                     istep=         270 iiter=           1
                     conver_load check
 resid=  1.376433253236260E-015 retot=   436979141321035.     
 ratio1=  1.774791028172316E-015 ratio2=  1.755474236418621E-015
 nchek0=           0 toler_force=  1.000000000000000E-005
 nchek=           0
                    conver_nodal_value check
               Convergence check for displacement
 ratio1=  7.703903237361122E-002 ratio2=  0.157962142399803     
                            not converged for checki=           1
 iiter=           2
Begin forming various matrix       at 2026-08-27 10:02:37 
 ktsmat=           0
 ntelgroup=           0
Begin solution global equation     at 2026-08-27 10:02:37 
                     istep=         270 iiter=           2
                     conver_load check
 resid=  6.940866719328410E-016 retot=   436979141321035.     
 ratio1=  1.260307437097675E-015 ratio2=  1.031341113895940E-015
 nchek0=           0 toler_force=  1.000000000000000E-005
 nchek=           0
                    conver_nodal_value check
               Convergence check for displacement
 ratio1=  5.053498386821552E-017 ratio2=  1.107882904229041E-016
 nchek=           0
 ***********RESTART FILE IS UPDATED!*******
 time: 10:02:36
 iblks=           1 iincs=           1 istep=         271
 outinp=           0
 iiter=           1
Begin forming various matrix       at 2026-08-27 10:02:37 
 ktsmat=           0
Begin assemble golbal matrix       at 2026-08-27 10:02:37 
 ntelgroup=           0
Begin factorize global matrix      at 2026-08-27 10:02:37 
 Factorization completed ... 
Begin solution global equation     at 2026-08-27 10:02:37 
                     istep=         271 iiter=           1
                     conver_load check
 resid=  9.014078796160142E-016 retot=  3.822178433172680E+015
 ratio1=  4.856296518114056E-016 ratio2=  3.602820803197265E-016
 nchek0=           0 toler_force=  1.000000000000000E-005
 nchek=           0
                    conver_nodal_value check
               Convergence check for displacement
 ratio1=  7.144050220710042E-002 ratio2=  0.154164553475997     
                            not converged for checki=           1
 iiter=           2
Begin forming various matrix       at 2026-08-27 10:02:37 
 ktsmat=           0
 ntelgroup=           0
Begin solution global equation     at 2026-08-27 10:02:37 
                     istep=         271 iiter=           2
                     conver_load check
 resid=  1.070098932378594E-015 retot=  3.822178433172680E+015
 ratio1=  5.291228131596038E-016 ratio2=  4.430212789978033E-016
 nchek0=           0 toler_force=  1.000000000000000E-005
 nchek=           0
                    conver_nodal_value check
               Convergence check for displacement
 ratio1=  5.036714080783496E-017 ratio2=  1.023765992964863E-016
 nchek=           0
 ***********RESTART FILE IS UPDATED!*******
 time: 10:02:36
 iblks=           1 iincs=           1 istep=         272
 outinp=           0
 iiter=           1
Begin forming various matrix       at 2026-08-27 10:02:37 
 ktsmat=           0
Begin assemble golbal matrix       at 2026-08-27 10:02:37 
 ntelgroup=           0
Begin factorize global matrix      at 2026-08-27 10:02:37 
 Factorization completed ... 
Begin solution global equation     at 2026-08-27 10:02:37 
                     istep=         272 iiter=           1
                     conver_load check
 resid=  1.604613933691561E-015 retot=  3.953184305473100E+015
 ratio1=  6.371060780205461E-016 ratio2=  4.244101172722734E-016
 nchek0=           0 toler_force=  1.000000000000000E-005
 nchek=           0
                    conver_nodal_value check
               Convergence check for displacement
 ratio1=  0.110106706487761      ratio2=  0.259113805523628     
                            not converged for checki=           1
 iiter=           2
Begin forming various matrix       at 2026-08-27 10:02:37 
 ktsmat=           0
 ntelgroup=           0
Begin solution global equation     at 2026-08-27 10:02:37 
                     istep=         272 iiter=           2
                     conver_load check
 resid=  1.014452585472514E-015 retot=  3.953184305473100E+015
 ratio1=  5.065733580359037E-016 ratio2=  3.417045559576765E-016
 nchek0=           0 toler_force=  1.000000000000000E-005
 nchek=           0
                    conver_nodal_value check
               Convergence check for displacement
 ratio1=  5.442934491162412E-017 ratio2=  1.395770927754010E-016
 nchek=           0
 ***********RESTART FILE IS UPDATED!*******
 time: 10:02:36
 iblks=           1 iincs=           1 istep=         273
 outinp=           0
 iiter=           1
Begin forming various matrix       at 2026-08-27 10:02:37 
 ktsmat=           0
Begin assemble golbal matrix       at 2026-08-27 10:02:37 
 ntelgroup=           0
Begin factorize global matrix      at 2026-08-27 10:02:37 
 Factorization completed ... 
Begin solution global equation     at 2026-08-27 10:02:37 
                     istep=         273 iiter=           1
                     conver_load check
 resid=  7.479954192729175E-016 retot=  2.758221277836906E+015
 ratio1=  5.207567607506312E-016 ratio2=  6.705369788174645E-016
 nchek0=           0 toler_force=  1.000000000000000E-005
 nchek=           0
                    conver_nodal_value check
               Convergence check for displacement
 ratio1=  3.922875442642731E-002 ratio2=  8.510994529988077E-002
                            not converged for checki=           1
 iiter=           2
Begin forming various matrix       at 2026-08-27 10:02:37 
 ktsmat=           0
 ntelgroup=           0
Begin solution global equation     at 2026-08-27 10:02:37 
                     istep=         273 iiter=           2
                     conver_load check
 resid=  7.154899660433499E-016 retot=  2.758221277836906E+015
 ratio1=  5.093158850548523E-016 ratio2=  5.783381442300632E-016
 nchek0=           0 toler_force=  1.000000000000000E-005
 nchek=           0
                    conver_nodal_value check
               Convergence check for displacement
 ratio1=  2.341759160977086E-017 ratio2=  3.102909764366575E-017
 nchek=           0
 ***********RESTART FILE IS UPDATED!*******
 time: 10:02:36
 iblks=           1 iincs=           1 istep=         274
 outinp=           0
 iiter=           1
Begin forming various matrix       at 2026-08-27 10:02:37 
 ktsmat=           0
Begin assemble golbal matrix       at 2026-08-27 10:02:37 
 ntelgroup=           0
Begin factorize global matrix      at 2026-08-27 10:02:37 
 Factorization completed ... 
Begin solution global equation     at 2026-08-27 10:02:37 
                     istep=         274 iiter=           1
                     conver_load check
 resid=  1.500895929312190E-015 retot=  2.794932372220060E+015
 ratio1=  7.328070484441867E-016 ratio2=  6.641217183984681E-016
 nchek0=           0 toler_force=  1.000000000000000E-005
 nchek=           0
                    conver_nodal_value check
               Convergence check for displacement
 ratio1=  6.590972230678624E-002 ratio2=  0.113030885510020     
                            not converged for checki=           1
 iiter=           2
Begin forming various matrix       at 2026-08-27 10:02:37 
 ktsmat=           0
 ntelgroup=           0
Begin solution global equation     at 2026-08-27 10:02:37 
                     istep=         274 iiter=           2
                     conver_load check
 resid=  6.668008844988236E-016 retot=  2.794932372220060E+015
 ratio1=  4.884413598390073E-016 ratio2=  5.578622434547131E-016
 nchek0=           0 toler_force=  1.000000000000000E-005
 nchek=           0
                    conver_nodal_value check
               Convergence check for displacement
 ratio1=  3.841246451730325E-017 ratio2=  5.668078719650794E-017
 nchek=           0
 ***********RESTART FILE IS UPDATED!*******
 time: 10:02:36
 iblks=           1 iincs=           1 istep=         275
 outinp=           0
 iiter=           1
Begin forming various matrix       at 2026-08-27 10:02:38 
 ktsmat=           0
Begin assemble golbal matrix       at 2026-08-27 10:02:38 
 ntelgroup=           0
Begin factorize global matrix      at 2026-08-27 10:02:38 
 Factorization completed ... 
Begin solution global equation     at 2026-08-27 10:02:38 
                     istep=         275 iiter=           1
                     conver_load check
 resid=  1.982163418752085E-015 retot=  3.493686648943040E+015
 ratio1=  7.532302503513215E-016 ratio2=  1.031927263374239E-015
 nchek0=           0 toler_force=  1.000000000000000E-005
 nchek=           0
                    conver_nodal_value check
               Convergence check for displacement
 ratio1=  3.355233068506783E-002 ratio2=  4.991365712606097E-002
                            not converged for checki=           1
 iiter=           2
Begin forming various matrix       at 2026-08-27 10:02:38 
 ktsmat=           0
 ntelgroup=           0
Begin solution global equation     at 2026-08-27 10:02:38 
                     istep=         275 iiter=           2
                     conver_load check
 resid=  2.782171788885829E-015 retot=  3.493686648943040E+015
 ratio1=  8.923803448859884E-016 ratio2=  1.191503644308400E-015
 nchek0=           0 toler_force=  1.000000000000000E-005
 nchek=           0
                    conver_nodal_value check
               Convergence check for displacement
 ratio1=  5.689277980618482E-017 ratio2=  6.629465470183646E-017
 nchek=           0
 ***********RESTART FILE IS UPDATED!*******
 time: 10:02:36
 iblks=           1 iincs=           1 istep=         276
 outinp=           0
 iiter=           1
Begin forming various matrix       at 2026-08-27 10:02:38 
 ktsmat=           0
Begin assemble golbal matrix       at 2026-08-27 10:02:38 
 ntelgroup=           0
Begin factorize global matrix      at 2026-08-27 10:02:38 
 Factorization completed ... 
Begin solution global equation     at 2026-08-27 10:02:38 
                     istep=         276 iiter=           1
                     conver_load check
 resid=  1.872970464432560E-015 retot=  7.053513336212758E+015
 ratio1=  5.153030565772678E-016 ratio2=  3.241734782175651E-016
 nchek0=           0 toler_force=  1.000000000000000E-005
 nchek=           0
                    conver_nodal_value check
               Convergence check for displacement
 ratio1=  5.173898257032779E-002 ratio2=  6.133422085836027E-002
                            not converged for checki=           1
 iiter=           2
Begin forming various matrix       at 2026-08-27 10:02:38 
 ktsmat=           0
 ntelgroup=           0
Begin solution global equation     at 2026-08-27 10:02:38 
                     istep=         276 iiter=           2
                     conver_load check
 resid=  1.154506925121376E-015 retot=  7.053513336212758E+015
 ratio1=  4.045717231726670E-016 ratio2=  3.275502852823314E-016
 nchek0=           0 toler_force=  1.000000000000000E-005
 nchek=           0
                    conver_nodal_value check
               Convergence check for displacement
 ratio1=  5.981873089473430E-017 ratio2=  7.268276721752371E-017
 nchek=           0
 ***********RESTART FILE IS UPDATED!*******
 time: 10:02:36
 iblks=           1 iincs=           1 istep=         277
 outinp=           0
 iiter=           1
Begin forming various matrix       at 2026-08-27 10:02:38 
 ktsmat=           0
Begin assemble golbal matrix       at 2026-08-27 10:02:38 
 ntelgroup=           0
Begin factorize global matrix      at 2026-08-27 10:02:38 
 Factorization completed ... 
Begin solution global equation     at 2026-08-27 10:02:38 
                     istep=         277 iiter=           1
                     conver_load check
 resid=  2.623513115439593E-015 retot=  1.275325112841348E+016
 ratio1=  4.535562584946891E-016 ratio2=  3.160780731202349E-016
 nchek0=           0 toler_force=  1.000000000000000E-005
 nchek=           0
                    conver_nodal_value check
               Convergence check for displacement
 ratio1=  3.315523117371429E-002 ratio2=  2.797256572526909E-002
                            not converged for checki=           1
 iiter=           2
Begin forming various matrix       at 2026-08-27 10:02:38 
 ktsmat=           0
 ntelgroup=           0
Begin solution global equation     at 2026-08-27 10:02:38 
                     istep=         277 iiter=           2
                     conver_load check
 resid=  8.175979170625030E-016 retot=  1.275325112841348E+016
 ratio1=  2.531975111449098E-016 ratio2=  1.654471163988730E-016
 nchek0=           0 toler_force=  1.000000000000000E-005
 nchek=           0
                    conver_nodal_value check
               Convergence check for displacement
 ratio1=  5.158300974500568E-017 ratio2=  5.452048211111909E-017
 nchek=           0
 ***********RESTART FILE IS UPDATED!*******
 time: 10:02:36
 iblks=           1 iincs=           1 istep=         278
 outinp=           0
 iiter=           1
Begin forming various matrix       at 2026-08-27 10:02:38 
 ktsmat=           0
Begin assemble golbal matrix       at 2026-08-27 10:02:38 
 ntelgroup=           0
Begin factorize global matrix      at 2026-08-27 10:02:38 
 Factorization completed ... 
Begin solution global equation     at 2026-08-27 10:02:38 
                     istep=         278 iiter=           1
                     conver_load check
 resid=  3.091849046082633E-015 retot=  1.092498658359828E+016
 ratio1=  5.319841400072131E-016 ratio2=  5.253322609254574E-016
 nchek0=           0 toler_force=  1.000000000000000E-005
 nchek=           0
                    conver_nodal_value check
               Convergence check for displacement
 ratio1=  5.419923855033933E-002 ratio2=  5.750374981598848E-002
                            not converged for checki=           1
 iiter=           2
Begin forming various matrix       at 2026-08-27 10:02:38 
 ktsmat=           0
 ntelgroup=           0
Begin solution global equation     at 2026-08-27 10:02:38 
                     istep=         278 iiter=           2
                     conver_load check
 resid=  1.463624336265862E-015 retot=  1.092498658359828E+016
 ratio1=  3.660196107919620E-016 ratio2=  3.163932935119232E-016
 nchek0=           0 toler_force=  1.000000000000000E-005
 nchek=           0
                    conver_nodal_value check
               Convergence check for displacement
 ratio1=  3.226652895181296E-017 ratio2=  4.103905889971413E-017
 nchek=           0
 ***********RESTART FILE IS UPDATED!*******
 time: 10:02:36
 iblks=           1 iincs=           1 istep=         279
 outinp=           0
 iiter=           1
Begin forming various matrix       at 2026-08-27 10:02:38 
 ktsmat=           0
Begin assemble golbal matrix       at 2026-08-27 10:02:38 
 ntelgroup=           0
Begin factorize global matrix      at 2026-08-27 10:02:38 
 Factorization completed ... 
Begin solution global equation     at 2026-08-27 10:02:38 
                     istep=         279 iiter=           1
                     conver_load check
 resid=  1.994793036768985E-015 retot=  1.102795709700155E+016
 ratio1=  4.253058808026980E-016 ratio2=  3.051756528524507E-016
 nchek0=           0 toler_force=  1.000000000000000E-005
 nchek=           0
                    conver_nodal_value check
               Convergence check for displacement
 ratio1=  3.591740685529966E-002 ratio2=  3.682399921883087E-002
                            not converged for checki=           1
 iiter=           2
Begin forming various matrix       at 2026-08-27 10:02:38 
 ktsmat=           0
 ntelgroup=           0
Begin solution global equation     at 2026-08-27 10:02:38 
                     istep=         279 iiter=           2
                     conver_load check
 resid=  1.521091322502988E-015 retot=  1.102795709700155E+016
 ratio1=  3.713899184673090E-016 ratio2=  2.861021745491726E-016
 nchek0=           0 toler_force=  1.000000000000000E-005
 nchek=           0
                    conver_nodal_value check
               Convergence check for displacement
 ratio1=  5.660600332941970E-017 ratio2=  7.120796339827998E-017
 nchek=           0
 ***********RESTART FILE IS UPDATED!*******
 time: 10:02:36
 iblks=           1 iincs=           1 istep=         280
 outinp=           0
 iiter=           1
Begin forming various matrix       at 2026-08-27 10:02:38 
 ktsmat=           0
Begin assemble golbal matrix       at 2026-08-27 10:02:38 
 ntelgroup=           0
Begin factorize global matrix      at 2026-08-27 10:02:38 
 Factorization completed ... 
Begin solution global equation     at 2026-08-27 10:02:38 
                     istep=         280 iiter=           1
                     conver_load check
 resid=  1.322560164721005E-015 retot=  9.084807183618644E+015
 ratio1=  3.815485976834075E-016 ratio2=  2.189645989178211E-016
 nchek0=           0 toler_force=  1.000000000000000E-005
 nchek=           0
                    conver_nodal_value check
               Convergence check for displacement
 ratio1=  2.659017535808536E-002 ratio2=  3.572790734820829E-002
                            not converged for checki=           1
 iiter=           2
Begin forming various matrix       at 2026-08-27 10:02:38 
 ktsmat=           0
 ntelgroup=           0
Begin solution global equation     at 2026-08-27 10:02:38 
                     istep=         280 iiter=           2
                     conver_load check
 resid=  8.578061145166653E-016 retot=  9.084807183618644E+015
 ratio1=  3.072817104906281E-016 ratio2=  2.590567085788307E-016
 nchek0=           0 toler_force=  1.000000000000000E-005
 nchek=           0
                    conver_nodal_value check
               Convergence check for displacement
 ratio1=  4.050998820565804E-017 ratio2=  4.408621538848254E-017
 nchek=           0
 ***********RESTART FILE IS UPDATED!*******
 time: 10:02:36
 iblks=           1 iincs=           1 istep=         281
 outinp=           0
 iiter=           1
Begin forming various matrix       at 2026-08-27 10:02:38 
 ktsmat=           0
Begin assemble golbal matrix       at 2026-08-27 10:02:38 
 ntelgroup=           0
Begin factorize global matrix      at 2026-08-27 10:02:38 
 Factorization completed ... 
Begin solution global equation     at 2026-08-27 10:02:38 
                     istep=         281 iiter=           1
                     conver_load check
 resid=  1.198805566984238E-015 retot=  5.471034381412019E+015
 ratio1=  4.681010911976009E-016 ratio2=  2.982029010145325E-016
 nchek0=           0 toler_force=  1.000000000000000E-005
 nchek=           0
                    conver_nodal_value check
               Convergence check for displacement
 ratio1=  2.777561995810334E-002 ratio2=  2.736156615802802E-002
                            not converged for checki=           1
 iiter=           2
Begin forming various matrix       at 2026-08-27 10:02:38 
 ktsmat=           0
 ntelgroup=           0
Begin solution global equation     at 2026-08-27 10:02:38 
                     istep=         281 iiter=           2
                     conver_load check
 resid=  5.546701329253218E-016 retot=  5.471034381412019E+015
 ratio1=  3.184070452568640E-016 ratio2=  3.253122556522173E-016
 nchek0=           0 toler_force=  1.000000000000000E-005
 nchek=           0
                    conver_nodal_value check
               Convergence check for displacement
 ratio1=  2.919834434535089E-017 ratio2=  2.940068828271222E-017
 nchek=           0
 ***********RESTART FILE IS UPDATED!*******
 time: 10:02:36
 iblks=           1 iincs=           1 istep=         282
 outinp=           0
 iiter=           1
Begin forming various matrix       at 2026-08-27 10:02:38 
 ktsmat=           0
Begin assemble golbal matrix       at 2026-08-27 10:02:38 
 ntelgroup=           0
Begin factorize global matrix      at 2026-08-27 10:02:38 
 Factorization completed ... 
Begin solution global equation     at 2026-08-27 10:02:38 
                     istep=         282 iiter=           1
                     conver_load check
 resid=  2.121598553981771E-015 retot=  4.157433579555813E+015
 ratio1=  7.143629887433944E-016 ratio2=  6.159263592844847E-016
 nchek0=           0 toler_force=  1.000000000000000E-005
 nchek=           0
                    conver_nodal_value check
               Convergence check for displacement
 ratio1=  3.061587210956465E-002 ratio2=  4.220686529923103E-002
                            not converged for checki=           1
 iiter=           2
Begin forming various matrix       at 2026-08-27 10:02:38 
 ktsmat=           0
 ntelgroup=           0
Begin solution global equation     at 2026-08-27 10:02:38 
                     istep=         282 iiter=           2
                     conver_load check
 resid=  2.309365252477267E-015 retot=  4.157433579555813E+015
 ratio1=  7.453043460739584E-016 ratio2=  8.853941414714468E-016
 nchek0=           0 toler_force=  1.000000000000000E-005
 nchek=           0
                    conver_nodal_value check
               Convergence check for displacement
 ratio1=  6.074408968184496E-017 ratio2=  1.066175091927166E-016
 nchek=           0
 ***********RESTART FILE IS UPDATED!*******
 time: 10:02:36
 iblks=           1 iincs=           1 istep=         283
 outinp=           0
 iiter=           1
Begin forming various matrix       at 2026-08-27 10:02:38 
 ktsmat=           0
Begin assemble golbal matrix       at 2026-08-27 10:02:38 
 ntelgroup=           0
Begin factorize global matrix      at 2026-08-27 10:02:38 
 Factorization completed ... 
Begin solution global equation     at 2026-08-27 10:02:38 
                     istep=         283 iiter=           1
                     conver_load check
 resid=  5.849098006901757E-015 retot=  6.196556910415168E+015
 ratio1=  9.715591088617219E-016 ratio2=  1.385821975480156E-015
 nchek0=           0 toler_force=  1.000000000000000E-005
 nchek=           0
                    conver_nodal_value check
               Convergence check for displacement
 ratio1=  3.060867602144107E-002 ratio2=  5.125460384420710E-002
                            not converged for checki=           1
 iiter=           2
Begin forming various matrix       at 2026-08-27 10:02:38 
 ktsmat=           0
 ntelgroup=           0
Begin solution global equation     at 2026-08-27 10:02:38 
                     istep=         283 iiter=           2
                     conver_load check
 resid=  8.841984441584632E-015 retot=  6.196556910415168E+015
 ratio1=  1.194537125318524E-015 ratio2=  1.402189951568505E-015
 nchek0=           0 toler_force=  1.000000000000000E-005
 nchek=           0
                    conver_nodal_value check
               Convergence check for displacement
 ratio1=  6.335481766281752E-017 ratio2=  1.261238016437416E-016
 nchek=           0
 ***********RESTART FILE IS UPDATED!*******
 time: 10:02:36
 iblks=           1 iincs=           1 istep=         284
 outinp=           0
 iiter=           1
Begin forming various matrix       at 2026-08-27 10:02:38 
 ktsmat=           0
Begin assemble golbal matrix       at 2026-08-27 10:02:38 
 ntelgroup=           0
Begin factorize global matrix      at 2026-08-27 10:02:38 
 Factorization completed ... 
Begin solution global equation     at 2026-08-27 10:02:38 
                     istep=         284 iiter=           1
                     conver_load check
 resid=  5.896346956453275E-015 retot=  5.807254621336368E+015
 ratio1=  1.007641582241544E-015 ratio2=  1.202607585411145E-015
 nchek0=           0 toler_force=  1.000000000000000E-005
 nchek=           0
                    conver_nodal_value check
               Convergence check for displacement
 ratio1=  7.605754167124956E-002 ratio2=  0.105388556131412     
                            not converged for checki=           1
 iiter=           2
Begin forming various matrix       at 2026-08-27 10:02:38 
 ktsmat=           0
 ntelgroup=           0
Begin solution global equation     at 2026-08-27 10:02:38 
                     istep=         284 iiter=           2
                     conver_load check
 resid=  5.803321734919543E-015 retot=  5.807254621336368E+015
 ratio1=  9.996613242596788E-016 ratio2=  8.652908236494821E-016
 nchek0=           0 toler_force=  1.000000000000000E-005
 nchek=           0
                    conver_nodal_value check
               Convergence check for displacement
 ratio1=  5.139946462562823E-017 ratio2=  9.099653447059020E-017
 nchek=           0
 ***********RESTART FILE IS UPDATED!*******
 time: 10:02:36
 iblks=           1 iincs=           1 istep=         285
 outinp=           0
 iiter=           1
Begin forming various matrix       at 2026-08-27 10:02:38 
 ktsmat=           0
Begin assemble golbal matrix       at 2026-08-27 10:02:38 
 ntelgroup=           0
Begin factorize global matrix      at 2026-08-27 10:02:38 
 Factorization completed ... 
Begin solution global equation     at 2026-08-27 10:02:38 
                     istep=         285 iiter=           1
                     conver_load check
 resid=  1.872916974807296E-014 retot=  6.273423237775075E+015
 ratio1=  1.727853705704238E-015 ratio2=  2.248405060786894E-015
 nchek0=           0 toler_force=  1.000000000000000E-005
 nchek=           0
                    conver_nodal_value check
               Convergence check for displacement
 ratio1=  6.110549902450675E-002 ratio2=  7.765714189540590E-002
                            not converged for checki=           1
 iiter=           2
Begin forming various matrix       at 2026-08-27 10:02:38 
 ktsmat=           0
 ntelgroup=           0
Begin solution global equation     at 2026-08-27 10:02:38 
                     istep=         285 iiter=           2
                     conver_load check
 resid=  9.112096870138948E-015 retot=  6.273423237775075E+015
 ratio1=  1.205193747437210E-015 ratio2=  1.022002300357679E-015
 nchek0=           0 toler_force=  1.000000000000000E-005
 nchek=           0
                    conver_nodal_value check
               Convergence check for displacement
 ratio1=  8.976558662716901E-017 ratio2=  1.184638947806521E-016
 nchek=           0
 ***********RESTART FILE IS UPDATED!*******
 time: 10:02:36
 iblks=           1 iincs=           1 istep=         286
 outinp=           0
 iiter=           1
Begin forming various matrix       at 2026-08-27 10:02:38 
 ktsmat=           0
Begin assemble golbal matrix       at 2026-08-27 10:02:38 
 ntelgroup=           0
Begin factorize global matrix      at 2026-08-27 10:02:38 
 Factorization completed ... 
Begin solution global equation     at 2026-08-27 10:02:38 
                     istep=         286 iiter=           1
                     conver_load check
 resid=  2.349840954353850E-014 retot=  5.884614151672954E+015
 ratio1=  1.998297929562352E-015 ratio2=  1.981750608786407E-015
 nchek0=           0 toler_force=  1.000000000000000E-005
 nchek=           0
                    conver_nodal_value check
               Convergence check for displacement
 ratio1=  5.974753560276382E-002 ratio2=  4.092825922029242E-002
                            not converged for checki=           1
 iiter=           2
Begin forming various matrix       at 2026-08-27 10:02:38 
 ktsmat=           0
 ntelgroup=           0
Begin solution global equation     at 2026-08-27 10:02:38 
                     istep=         286 iiter=           2
                     conver_load check
 resid=  1.760695394569698E-014 retot=  5.884614151672954E+015
 ratio1=  1.729749119483598E-015 ratio2=  1.888271806485161E-015
 nchek0=           0 toler_force=  1.000000000000000E-005
 nchek=           0
                    conver_nodal_value check
               Convergence check for displacement
 ratio1=  1.349440006043919E-016 ratio2=  1.799919021172392E-016
 nchek=           0
 ***********RESTART FILE IS UPDATED!*******
 time: 10:02:36
 iblks=           1 iincs=           1 istep=         287
 outinp=           0
 iiter=           1
Begin forming various matrix       at 2026-08-27 10:02:38 
 ktsmat=           0
Begin assemble golbal matrix       at 2026-08-27 10:02:38 
 ntelgroup=           0
Begin factorize global matrix      at 2026-08-27 10:02:38 
 Factorization completed ... 
Begin solution global equation     at 2026-08-27 10:02:38 
                     istep=         287 iiter=           1
                     conver_load check
 resid=  1.125721536027595E-014 retot=  7.119510790185830E+015
 ratio1=  1.257449090274247E-015 ratio2=  1.334560841935483E-015
 nchek0=           0 toler_force=  1.000000000000000E-005
 nchek=           0
                    conver_nodal_value check
               Convergence check for displacement
 ratio1=  4.326291140753172E-002 ratio2=  4.810042158127800E-002
                            not converged for checki=           1
 iiter=           2
Begin forming various matrix       at 2026-08-27 10:02:38 
 ktsmat=           0
 ntelgroup=           0
Begin solution global equation     at 2026-08-27 10:02:38 
                     istep=         287 iiter=           2
                     conver_load check
 resid=  1.296039266572374E-014 retot=  7.119510790185830E+015
 ratio1=  1.349223831478062E-015 ratio2=  1.763237960860215E-015
 nchek0=           0 toler_force=  1.000000000000000E-005
 nchek=           0
                    conver_nodal_value check
               Convergence check for displacement
 ratio1=  8.444221344915492E-017 ratio2=  1.218162108723197E-016
 nchek=           0
 ***********RESTART FILE IS UPDATED!*******
 time: 10:02:36
 iblks=           1 iincs=           1 istep=         288
 outinp=           0
 iiter=           1
Begin forming various matrix       at 2026-08-27 10:02:38 
 ktsmat=           0
Begin assemble golbal matrix       at 2026-08-27 10:02:38 
 ntelgroup=           0
Begin factorize global matrix      at 2026-08-27 10:02:38 
 Factorization completed ... 
Begin solution global equation     at 2026-08-27 10:02:38 
                     istep=         288 iiter=           1
                     conver_load check
 resid=  3.913103883626206E-015 retot=  7.813911197068028E+015
 ratio1=  7.076629412104676E-016 ratio2=  8.309074587348050E-016
 nchek0=           0 toler_force=  1.000000000000000E-005
 nchek=           0
                    conver_nodal_value check
               Convergence check for displacement
 ratio1=  3.990910815590726E-002 ratio2=  6.145191159035381E-002
                            not converged for checki=           1
 iiter=           2
Begin forming various matrix       at 2026-08-27 10:02:38 
 ktsmat=           0
 ntelgroup=           0
Begin solution global equation     at 2026-08-27 10:02:38 
                     istep=         288 iiter=           2
                     conver_load check
 resid=  6.222339997687293E-015 retot=  7.813911197068028E+015
 ratio1=  8.923652159486362E-016 ratio2=  1.225804883784550E-015
 nchek0=           0 toler_force=  1.000000000000000E-005
 nchek=           0
                    conver_nodal_value check
               Convergence check for displacement
 ratio1=  3.750589961730616E-017 ratio2=  6.029601380974996E-017
 nchek=           0
 ***********RESTART FILE IS UPDATED!*******
 time: 10:02:36
 iblks=           1 iincs=           1 istep=         289
 outinp=           0
 iiter=           1
Begin forming various matrix       at 2026-08-27 10:02:38 
 ktsmat=           0
Begin assemble golbal matrix       at 2026-08-27 10:02:38 
 ntelgroup=           0
Begin factorize global matrix      at 2026-08-27 10:02:38 
 Factorization completed ... 
Begin solution global equation     at 2026-08-27 10:02:38 
                     istep=         289 iiter=           1
                     conver_load check
 resid=  3.718902751045682E-015 retot=  6.632004919110570E+015
 ratio1=  7.488330278481298E-016 ratio2=  1.027841415189195E-015
 nchek0=           0 toler_force=  1.000000000000000E-005
 nchek=           0
                    conver_nodal_value check
               Convergence check for displacement
 ratio1=  6.038172404120554E-002 ratio2=  0.109864848282464     
                            not converged for checki=           1
 iiter=           2
Begin forming various matrix       at 2026-08-27 10:02:38 
 ktsmat=           0
 ntelgroup=           0
Begin solution global equation     at 2026-08-27 10:02:38 
                     istep=         289 iiter=           2
                     conver_load check
 resid=  3.155761335115366E-015 retot=  6.632004919110570E+015
 ratio1=  6.898102694531117E-016 ratio2=  1.161907686735612E-015
 nchek0=           0 toler_force=  1.000000000000000E-005
 nchek=           0
                    conver_nodal_value check
               Convergence check for displacement
 ratio1=  3.483649540910554E-017 ratio2=  5.558482669727451E-017
 nchek=           0
 ***********RESTART FILE IS UPDATED!*******
 time: 10:02:36
 iblks=           1 iincs=           1 istep=         290
 outinp=           0
 iiter=           1
Begin forming various matrix       at 2026-08-27 10:02:38 
 ktsmat=           0
Begin assemble golbal matrix       at 2026-08-27 10:02:38 
 ntelgroup=           0
Begin factorize global matrix      at 2026-08-27 10:02:38 
 Factorization completed ... 
Begin solution global equation     at 2026-08-27 10:02:38 
                     istep=         290 iiter=           1
                     conver_load check
 resid=  4.486517336712167E-015 retot=  4.954646232338082E+015
 ratio1=  9.515866700399293E-016 ratio2=  1.181309838763988E-015
 nchek0=           0 toler_force=  1.000000000000000E-005
 nchek=           0
                    conver_nodal_value check
               Convergence check for displacement
 ratio1=  3.099563436574346E-002 ratio2=  2.708571568777433E-002
                            not converged for checki=           1
 iiter=           2
Begin forming various matrix       at 2026-08-27 10:02:38 
 ktsmat=           0
 ntelgroup=           0
Begin solution global equation     at 2026-08-27 10:02:38 
                     istep=         290 iiter=           2
                     conver_load check
 resid=  2.495689142003573E-015 retot=  4.954646232338082E+015
 ratio1=  7.097230649332379E-016 ratio2=  7.296325474718750E-016
 nchek0=           0 toler_force=  1.000000000000000E-005
 nchek=           0
                    conver_nodal_value check
               Convergence check for displacement
 ratio1=  5.218668084556701E-017 ratio2=  7.939001235638586E-017
 nchek=           0
 ***********RESTART FILE IS UPDATED!*******
 time: 10:02:36
 iblks=           1 iincs=           1 istep=         291
 outinp=           0
 iiter=           1
Begin forming various matrix       at 2026-08-27 10:02:38 
 ktsmat=           0
Begin assemble golbal matrix       at 2026-08-27 10:02:38 
 ntelgroup=           0
Begin factorize global matrix      at 2026-08-27 10:02:38 
 Factorization completed ... 
Begin solution global equation     at 2026-08-27 10:02:38 
                     istep=         291 iiter=           1
                     conver_load check
 resid=  9.707530204161740E-015 retot=  4.255471035484030E+015
 ratio1=  1.510360279786165E-015 ratio2=  1.274560351537564E-015
 nchek0=           0 toler_force=  1.000000000000000E-005
 nchek=           0
                    conver_nodal_value check
               Convergence check for displacement
 ratio1=  3.206615769385840E-002 ratio2=  2.969105695380581E-002
                            not converged for checki=           1
 iiter=           2
Begin forming various matrix       at 2026-08-27 10:02:38 
 ktsmat=           0
 ntelgroup=           0
Begin solution global equation     at 2026-08-27 10:02:38 
                     istep=         291 iiter=           2
                     conver_load check
 resid=  3.867937004441753E-015 retot=  4.255471035484029E+015
 ratio1=  9.533796479887506E-016 ratio2=  7.738402134335211E-016
 nchek0=           0 toler_force=  1.000000000000000E-005
 nchek=           0
                    conver_nodal_value check
               Convergence check for displacement
 ratio1=  5.969182273779888E-017 ratio2=  9.538288099698106E-017
 nchek=           0
 ***********RESTART FILE IS UPDATED!*******
 time: 10:02:36
 iblks=           1 iincs=           1 istep=         292
 outinp=           0
 iiter=           1
Begin forming various matrix       at 2026-08-27 10:02:38 
 ktsmat=           0
Begin assemble golbal matrix       at 2026-08-27 10:02:38 
 ntelgroup=           0
Begin factorize global matrix      at 2026-08-27 10:02:38 
 Factorization completed ... 
Begin solution global equation     at 2026-08-27 10:02:38 
                     istep=         292 iiter=           1
                     conver_load check
 resid=  6.860445777304860E-015 retot=  3.044441640834210E+015
 ratio1=  1.501143953759256E-015 ratio2=  8.507780305836218E-016
 nchek0=           0 toler_force=  1.000000000000000E-005
 nchek=           0
                    conver_nodal_value check
               Convergence check for displacement
 ratio1=  4.752358689149090E-002 ratio2=  4.828837151090393E-002
                            not converged for checki=           1
 iiter=           2
Begin forming various matrix       at 2026-08-27 10:02:38 
 ktsmat=           0
 ntelgroup=           0
Begin solution global equation     at 2026-08-27 10:02:38 
                     istep=         292 iiter=           2
                     conver_load check
 resid=  9.152503098858131E-015 retot=  3.044441640834210E+015
 ratio1=  1.733868336060662E-015 ratio2=  1.063472538229527E-015
 nchek0=           0 toler_force=  1.000000000000000E-005
 nchek=           0
                    conver_nodal_value check
               Convergence check for displacement
 ratio1=  4.711461656296433E-017 ratio2=  5.038656660478435E-017
 nchek=           0
 ***********RESTART FILE IS UPDATED!*******
 time: 10:02:36
 iblks=           1 iincs=           1 istep=         293
 outinp=           0
 iiter=           1
Begin forming various matrix       at 2026-08-27 10:02:38 
 ktsmat=           0
Begin assemble golbal matrix       at 2026-08-27 10:02:38 
 ntelgroup=           0
Begin factorize global matrix      at 2026-08-27 10:02:38 
 Factorization completed ... 
Begin solution global equation     at 2026-08-27 10:02:38 
                     istep=         293 iiter=           1
                     conver_load check
 resid=  9.475639364419846E-015 retot=  2.944179816063646E+015
 ratio1=  1.793998585149677E-015 ratio2=  1.591843166827463E-015
 nchek0=           0 toler_force=  1.000000000000000E-005
 nchek=           0
                    conver_nodal_value check
               Convergence check for displacement
 ratio1=  4.079132837620698E-002 ratio2=  3.435739962827185E-002
                            not converged for checki=           1
 iiter=           2
Begin forming various matrix       at 2026-08-27 10:02:38 
 ktsmat=           0
 ntelgroup=           0
Begin solution global equation     at 2026-08-27 10:02:38 
                     istep=         293 iiter=           2
                     conver_load check
 resid=  4.172308388872868E-015 retot=  2.944179816063646E+015
 ratio1=  1.190435953658145E-015 ratio2=  1.084943387446651E-015
 nchek0=           0 toler_force=  1.000000000000000E-005
 nchek=           0
                    conver_nodal_value check
               Convergence check for displacement
 ratio1=  7.011216755037105E-017 ratio2=  7.581505017563869E-017
 nchek=           0
 ***********RESTART FILE IS UPDATED!*******
 time: 10:02:36
 iblks=           1 iincs=           1 istep=         294
 outinp=           0
 iiter=           1
Begin forming various matrix       at 2026-08-27 10:02:38 
 ktsmat=           0
Begin assemble golbal matrix       at 2026-08-27 10:02:38 
 ntelgroup=           0
Begin factorize global matrix      at 2026-08-27 10:02:38 
 Factorization completed ... 
Begin solution global equation     at 2026-08-27 10:02:38 
                     istep=         294 iiter=           1
                     conver_load check
 resid=  7.355612123424383E-015 retot=  2.905213515941393E+015
 ratio1=  1.591183922509932E-015 ratio2=  1.715074246701173E-015
 nchek0=           0 toler_force=  1.000000000000000E-005
 nchek=           0
                    conver_nodal_value check
               Convergence check for displacement
 ratio1=  5.086012542294137E-002 ratio2=  5.500453886069128E-002
                            not converged for checki=           1
 iiter=           2
Begin forming various matrix       at 2026-08-27 10:02:38 
 ktsmat=           0
 ntelgroup=           0
Begin solution global equation     at 2026-08-27 10:02:38 
                     istep=         294 iiter=           2
                     conver_load check
 resid=  3.846778096503756E-015 retot=  2.905213515941393E+015
 ratio1=  1.150693180469493E-015 ratio2=  1.695131522902322E-015
 nchek0=           0 toler_force=  1.000000000000000E-005
 nchek=           0
                    conver_nodal_value check
               Convergence check for displacement
 ratio1=  7.750423123053434E-017 ratio2=  9.234450749217704E-017
 nchek=           0
 ***********RESTART FILE IS UPDATED!*******
 time: 10:02:36
 iblks=           1 iincs=           1 istep=         295
 outinp=           0
 iiter=           1
Begin forming various matrix       at 2026-08-27 10:02:38 
 ktsmat=           0
Begin assemble golbal matrix       at 2026-08-27 10:02:38 
 ntelgroup=           0
Begin factorize global matrix      at 2026-08-27 10:02:38 
 Factorization completed ... 
Begin solution global equation     at 2026-08-27 10:02:38 
                     istep=         295 iiter=           1
                     conver_load check
 resid=  4.244391672185614E-015 retot=  1.999677906244867E+015
 ratio1=  1.456893154680925E-015 ratio2=  9.141330433142754E-016
 nchek0=           0 toler_force=  1.000000000000000E-005
 nchek=           0
                    conver_nodal_value check
               Convergence check for displacement
 ratio1=  7.927652236930854E-002 ratio2=  0.153019301910620     
                            not converged for checki=           1
 iiter=           2
Begin forming various matrix       at 2026-08-27 10:02:38 
 ktsmat=           0
 ntelgroup=           0
Begin solution global equation     at 2026-08-27 10:02:38 
                     istep=         295 iiter=           2
                     conver_load check
 resid=  3.802374510427219E-015 retot=  1.999677906244867E+015
 ratio1=  1.378946512669019E-015 ratio2=  9.219461462485854E-016
 nchek0=           0 toler_force=  1.000000000000000E-005
 nchek=           0
                    conver_nodal_value check
               Convergence check for displacement
 ratio1=  5.048143870867881E-017 ratio2=  8.836175613385835E-017
 nchek=           0
 ***********RESTART FILE IS UPDATED!*******
 time: 10:02:36
 iblks=           1 iincs=           1 istep=         296
 outinp=           0
 iiter=           1
Begin forming various matrix       at 2026-08-27 10:02:38 
 ktsmat=           0
Begin assemble golbal matrix       at 2026-08-27 10:02:38 
 ntelgroup=           0
Begin factorize global matrix      at 2026-08-27 10:02:38 
 Factorization completed ... 
Begin solution global equation     at 2026-08-27 10:02:38 
                     istep=         296 iiter=           1
                     conver_load check
 resid=  3.209661713145402E-015 retot=  2.484716508851487E+015
 ratio1=  1.136556965966440E-015 ratio2=  8.751422154830666E-016
 nchek0=           0 toler_force=  1.000000000000000E-005
 nchek=           0
                    conver_nodal_value check
               Convergence check for displacement
 ratio1=  3.737177096261707E-002 ratio2=  6.273087283355885E-002
                            not converged for checki=           1
 iiter=           2
Begin forming various matrix       at 2026-08-27 10:02:38 
 ktsmat=           0
 ntelgroup=           0
Begin solution global equation     at 2026-08-27 10:02:38 
                     istep=         296 iiter=           2
                     conver_load check
 resid=  1.716284837816936E-015 retot=  2.484716508851487E+015
 ratio1=  8.311056986417667E-016 ratio2=  6.388538173026387E-016
 nchek0=           0 toler_force=  1.000000000000000E-005
 nchek=           0
                    conver_nodal_value check
               Convergence check for displacement
 ratio1=  8.682852108367315E-017 ratio2=  2.114286718033837E-016
 nchek=           0
 ***********RESTART FILE IS UPDATED!*******
 time: 10:02:36
 iblks=           1 iincs=           1 istep=         297
 outinp=           0
 iiter=           1
Begin forming various matrix       at 2026-08-27 10:02:38 
 ktsmat=           0
Begin assemble golbal matrix       at 2026-08-27 10:02:38 
 ntelgroup=           0
Begin factorize global matrix      at 2026-08-27 10:02:38 
 Factorization completed ... 
Begin solution global equation     at 2026-08-27 10:02:38 
                     istep=         297 iiter=           1
                     conver_load check
 resid=  3.288366529659976E-015 retot=  2.472905127508194E+015
 ratio1=  1.153151536572582E-015 ratio2=  8.018563196645273E-016
 nchek0=           0 toler_force=  1.000000000000000E-005
 nchek=           0
                    conver_nodal_value check
               Convergence check for displacement
 ratio1=  4.057103811992376E-002 ratio2=  0.117781148024429     
                            not converged for checki=           1
 iiter=           2
Begin forming various matrix       at 2026-08-27 10:02:38 
 ktsmat=           0
 ntelgroup=           0
Begin solution global equation     at 2026-08-27 10:02:38 
                     istep=         297 iiter=           2
                     conver_load check
 resid=  1.563179270373288E-015 retot=  2.472905127508194E+015
 ratio1=  7.950613944055026E-016 ratio2=  5.708129733205109E-016
 nchek0=           0 toler_force=  1.000000000000000E-005
 nchek=           0
                    conver_nodal_value check
               Convergence check for displacement
 ratio1=  8.921686351771664E-017 ratio2=  3.113851245758548E-016
 nchek=           0
 ***********RESTART FILE IS UPDATED!*******
 time: 10:02:36
 iblks=           1 iincs=           1 istep=         298
 outinp=           0
 iiter=           1
Begin forming various matrix       at 2026-08-27 10:02:38 
 ktsmat=           0
Begin assemble golbal matrix       at 2026-08-27 10:02:38 
 ntelgroup=           0
Begin factorize global matrix      at 2026-08-27 10:02:38 
 Factorization completed ... 
Begin solution global equation     at 2026-08-27 10:02:38 
                     istep=         298 iiter=           1
                     conver_load check
 resid=  3.728421512609289E-015 retot=  3.964244254278452E+015
 ratio1=  9.698002681683423E-016 ratio2=  6.326196718486839E-016
 nchek0=           0 toler_force=  1.000000000000000E-005
 nchek=           0
                    conver_nodal_value check
               Convergence check for displacement
 ratio1=  3.727363236752847E-002 ratio2=  9.382974663826996E-002
                            not converged for checki=           1
 iiter=           2
Begin forming various matrix       at 2026-08-27 10:02:38 
 ktsmat=           0
 ntelgroup=           0
Begin solution global equation     at 2026-08-27 10:02:38 
                     istep=         298 iiter=           2
                     conver_load check
 resid=  1.902305387714436E-015 retot=  3.964244254278452E+015
 ratio1=  6.927234925581313E-016 ratio2=  3.913772817725123E-016
 nchek0=           0 toler_force=  1.000000000000000E-005
 nchek=           0
                    conver_nodal_value check
               Convergence check for displacement
 ratio1=  8.628366898902192E-017 ratio2=  3.291171425315411E-016
 nchek=           0
 ***********RESTART FILE IS UPDATED!*******
 time: 10:02:36
 iblks=           1 iincs=           1 istep=         299
 outinp=           0
 iiter=           1
Begin forming various matrix       at 2026-08-27 10:02:38 
 ktsmat=           0
Begin assemble golbal matrix       at 2026-08-27 10:02:38 
 ntelgroup=           0
Begin factorize global matrix      at 2026-08-27 10:02:38 
 Factorization completed ... 
Begin solution global equation     at 2026-08-27 10:02:38 
                     istep=         299 iiter=           1
                     conver_load check
 resid=  4.384673741139655E-015 retot=  4.209407638752363E+015
 ratio1=  1.020606075630136E-015 ratio2=  1.166982918189027E-015
 nchek0=           0 toler_force=  1.000000000000000E-005
 nchek=           0
                    conver_nodal_value check
               Convergence check for displacement
 ratio1=  2.741013123467655E-002 ratio2=  3.993749610362024E-002
                            not converged for checki=           1
 iiter=           2
Begin forming various matrix       at 2026-08-27 10:02:38 
 ktsmat=           0
 ntelgroup=           0
Begin solution global equation     at 2026-08-27 10:02:38 
                     istep=         299 iiter=           2
                     conver_load check
 resid=  3.101185224660936E-015 retot=  4.209407638752364E+015
 ratio1=  8.583281591660771E-016 ratio2=  6.321157473523894E-016
 nchek0=           0 toler_force=  1.000000000000000E-005
 nchek=           0
                    conver_nodal_value check
               Convergence check for displacement
 ratio1=  7.077816109470443E-017 ratio2=  1.498037050528963E-016
 nchek=           0
 ***********RESTART FILE IS UPDATED!*******
 time: 10:02:36
 iblks=           1 iincs=           1 istep=         300
 outinp=           0
 iiter=           1
Begin forming various matrix       at 2026-08-27 10:02:38 
 ktsmat=           0
Begin assemble golbal matrix       at 2026-08-27 10:02:38 
 ntelgroup=           0
Begin factorize global matrix      at 2026-08-27 10:02:38 
 Factorization completed ... 
Begin solution global equation     at 2026-08-27 10:02:38 
                     istep=         300 iiter=           1
                     conver_load check
 resid=  4.576129991179696E-015 retot=  3.661520420033733E+015
 ratio1=  1.117939872731388E-015 ratio2=  8.668249778405358E-016
 nchek0=           0 toler_force=  1.000000000000000E-005
 nchek=           0
                    conver_nodal_value check
               Convergence check for displacement
 ratio1=  2.644729249313222E-002 ratio2=  2.628425732358530E-002
                            not converged for checki=           1
 iiter=           2
Begin forming various matrix       at 2026-08-27 10:02:38 
 ktsmat=           0
 ntelgroup=           0
Begin solution global equation     at 2026-08-27 10:02:38 
                     istep=         300 iiter=           2
                     conver_load check
 resid=  4.238017384574273E-015 retot=  3.661520420033733E+015
 ratio1=  1.075847305973543E-015 ratio2=  9.725353409918207E-016
 nchek0=           0 toler_force=  1.000000000000000E-005
 nchek=           0
                    conver_nodal_value check
               Convergence check for displacement
 ratio1=  3.926983139162941E-017 ratio2=  8.231168375077875E-017
 nchek=           0
 ***********RESTART FILE IS UPDATED!*******
 time: 10:02:36
 iblks=           1 iincs=           1 istep=         301
 outinp=           0
 iiter=           1
Begin forming various matrix       at 2026-08-27 10:02:38 
 ktsmat=           0
Begin assemble golbal matrix       at 2026-08-27 10:02:38 
 ntelgroup=           0
Begin factorize global matrix      at 2026-08-27 10:02:38 
 Factorization completed ... 
Begin solution global equation     at 2026-08-27 10:02:38 
                     istep=         301 iiter=           1
                     conver_load check
 resid=  4.321547744687427E-015 retot=  1.551623080165928E+015
 ratio1=  1.668885503365161E-015 ratio2=  8.777471936994967E-016
 nchek0=           0 toler_force=  1.000000000000000E-005
 nchek=           0
                    conver_nodal_value check
               Convergence check for displacement
 ratio1=  4.638714192546285E-002 ratio2=  8.747754770470727E-002
                            not converged for checki=           1
 iiter=           2
Begin forming various matrix       at 2026-08-27 10:02:38 
 ktsmat=           0
 ntelgroup=           0
Begin solution global equation     at 2026-08-27 10:02:38 
                     istep=         301 iiter=           2
                     conver_load check
 resid=  3.635861566263143E-015 retot=  1.551623080165928E+015
 ratio1=  1.530772156393421E-015 ratio2=  9.737507930103794E-016
 nchek0=           0 toler_force=  1.000000000000000E-005
 nchek=           0
                    conver_nodal_value check
               Convergence check for displacement
 ratio1=  5.670724209208924E-017 ratio2=  1.277843792967190E-016
 nchek=           0
 ***********RESTART FILE IS UPDATED!*******
 time: 10:02:36
 iblks=           1 iincs=           1 istep=         302
 outinp=           0
 iiter=           1
Begin forming various matrix       at 2026-08-27 10:02:38 
 ktsmat=           0
Begin assemble golbal matrix       at 2026-08-27 10:02:38 
 ntelgroup=           0
Begin factorize global matrix      at 2026-08-27 10:02:38 
 Factorization completed ... 
Begin solution global equation     at 2026-08-27 10:02:38 
                     istep=         302 iiter=           1
                     conver_load check
 resid=  3.178308797701771E-015 retot=  1.014158350088192E+015
 ratio1=  1.770293030724276E-015 ratio2=  8.985812567282052E-016
 nchek0=           0 toler_force=  1.000000000000000E-005
 nchek=           0
                    conver_nodal_value check
               Convergence check for displacement
 ratio1=  7.007170472194270E-002 ratio2=  0.178997526089168     
                            not converged for checki=           1
 iiter=           2
Begin forming various matrix       at 2026-08-27 10:02:38 
 ktsmat=           0
 ntelgroup=           0
Begin solution global equation     at 2026-08-27 10:02:38 
                     istep=         302 iiter=           2
                     conver_load check
 resid=  2.554131174884070E-015 retot=  1.014158350088192E+015
 ratio1=  1.586969987730554E-015 ratio2=  9.680368128038154E-016
 nchek0=           0 toler_force=  1.000000000000000E-005
 nchek=           0
                    conver_nodal_value check
               Convergence check for displacement
 ratio1=  2.406726449292975E-016 ratio2=  9.633900035611756E-016
 nchek=           0
 ***********RESTART FILE IS UPDATED!*******
 time: 10:02:36
 iblks=           1 iincs=           1 istep=         303
 outinp=           0
 iiter=           1
Begin forming various matrix       at 2026-08-27 10:02:38 
 ktsmat=           0
Begin assemble golbal matrix       at 2026-08-27 10:02:38 
 ntelgroup=           0
Begin factorize global matrix      at 2026-08-27 10:02:38 
 Factorization completed ... 
Begin solution global equation     at 2026-08-27 10:02:38 
                     istep=         303 iiter=           1
                     conver_load check
 resid=  3.563103360322899E-015 retot=  1.064424873235699E+015
 ratio1=  1.829602323536803E-015 ratio2=  1.745440716624469E-015
 nchek0=           0 toler_force=  1.000000000000000E-005
 nchek=           0
                    conver_nodal_value check
               Convergence check for displacement
 ratio1=  4.153965831111878E-002 ratio2=  8.113793555025400E-002
                            not converged for checki=           1
 iiter=           2
Begin forming various matrix       at 2026-08-27 10:02:38 
 ktsmat=           0
 ntelgroup=           0
Begin solution global equation     at 2026-08-27 10:02:38 
                     istep=         303 iiter=           2
                     conver_load check
 resid=  3.192775882639373E-015 retot=  1.064424873235699E+015
 ratio1=  1.731915543337680E-015 ratio2=  1.427849247885280E-015
 nchek0=           0 toler_force=  1.000000000000000E-005
 nchek=           0
                    conver_nodal_value check
               Convergence check for displacement
 ratio1=  1.928075121312465E-016 ratio2=  6.346156504972090E-016
 nchek=           0
 ***********RESTART FILE IS UPDATED!*******
 time: 10:02:36
 iblks=           1 iincs=           1 istep=         304
 outinp=           0
 iiter=           1
Begin forming various matrix       at 2026-08-27 10:02:38 
 ktsmat=           0
Begin assemble golbal matrix       at 2026-08-27 10:02:38 
 ntelgroup=           0
Begin factorize global matrix      at 2026-08-27 10:02:38 
 Factorization completed ... 
Begin solution global equation     at 2026-08-27 10:02:38 
                     istep=         304 iiter=           1
                     conver_load check
 resid=  3.772080663686751E-015 retot=  1.211420598855719E+015
 ratio1=  1.764586728666115E-015 ratio2=  1.328016754377362E-015
 nchek0=           0 toler_force=  1.000000000000000E-005
 nchek=           0
                    conver_nodal_value check
               Convergence check for displacement
 ratio1=  3.397721689485090E-002 ratio2=  6.535914518535828E-002
                            not converged for checki=           1
 iiter=           2
Begin forming various matrix       at 2026-08-27 10:02:38 
 ktsmat=           0
 ntelgroup=           0
Begin solution global equation     at 2026-08-27 10:02:38 
                     istep=         304 iiter=           2
                     conver_load check
 resid=  2.183319447872647E-015 retot=  1.211420598855719E+015
 ratio1=  1.342490325181399E-015 ratio2=  1.108357417479086E-015
 nchek0=           0 toler_force=  1.000000000000000E-005
 nchek=           0
                    conver_nodal_value check
               Convergence check for displacement
 ratio1=  5.527659889939447E-017 ratio2=  1.722089938868227E-016
 nchek=           0
 ***********RESTART FILE IS UPDATED!*******
 time: 10:02:36
 iblks=           1 iincs=           1 istep=         305
 outinp=           0
 iiter=           1
Begin forming various matrix       at 2026-08-27 10:02:38 
 ktsmat=           0
Begin assemble golbal matrix       at 2026-08-27 10:02:38 
 ntelgroup=           0
Begin factorize global matrix      at 2026-08-27 10:02:38 
 Factorization completed ... 
Begin solution global equation     at 2026-08-27 10:02:38 
                     istep=         305 iiter=           1
                     conver_load check
 resid=  4.843084156823107E-015 retot=   326320288981806.     
 ratio1=  3.852467373784873E-015 ratio2=  3.245257679648403E-015
 nchek0=           0 toler_force=  1.000000000000000E-005
 nchek=           0
                    conver_nodal_value check
               Convergence check for displacement
 ratio1=  2.943056597768284E-002 ratio2=  5.921706122712025E-002
                            not converged for checki=           1
 iiter=           2
Begin forming various matrix       at 2026-08-27 10:02:38 
 ktsmat=           0
 ntelgroup=           0
Begin solution global equation     at 2026-08-27 10:02:38 
                     istep=         305 iiter=           2
                     conver_load check
 resid=  2.915277072271864E-015 retot=   326320288981806.     
 ratio1=  2.988944700423509E-015 ratio2=  2.082029310595345E-015
 nchek0=           0 toler_force=  1.000000000000000E-005
 nchek=           0
                    conver_nodal_value check
               Convergence check for displacement
 ratio1=  7.285330206727042E-017 ratio2=  2.004839195037667E-016
 nchek=           0
 ***********RESTART FILE IS UPDATED!*******
 time: 10:02:36
 iblks=           1 iincs=           1 istep=         306
 outinp=           0
 iiter=           1
Begin forming various matrix       at 2026-08-27 10:02:38 
 ktsmat=           0
Begin assemble golbal matrix       at 2026-08-27 10:02:38 
 ntelgroup=           0
Begin factorize global matrix      at 2026-08-27 10:02:38 
 Factorization completed ... 
Begin solution global equation     at 2026-08-27 10:02:38 
                     istep=         306 iiter=           1
                     conver_load check
 resid=  2.274199646381248E-015 retot=   293577892132400.     
 ratio1=  2.783252577036163E-015 ratio2=  3.112190503117391E-015
 nchek0=           0 toler_force=  1.000000000000000E-005
 nchek=           0
                    conver_nodal_value check
               Convergence check for displacement
 ratio1=  3.596356486578794E-002 ratio2=  7.711763214094718E-002
                            not converged for checki=           1
 iiter=           2
Begin forming various matrix       at 2026-08-27 10:02:38 
 ktsmat=           0
 ntelgroup=           0
Begin solution global equation     at 2026-08-27 10:02:38 
                     istep=         306 iiter=           2
                     conver_load check
 resid=  1.311950017386581E-015 retot=   293577892132400.     
 ratio1=  2.113960999965931E-015 ratio2=  1.593786140004754E-015
 nchek0=           0 toler_force=  1.000000000000000E-005
 nchek=           0
                    conver_nodal_value check
               Convergence check for displacement
 ratio1=  2.417401165497539E-017 ratio2=  4.386996661981994E-017
 nchek=           0
 ***********RESTART FILE IS UPDATED!*******
 time: 10:02:36
 iblks=           1 iincs=           1 istep=         307
 outinp=           0
 iiter=           1
Begin forming various matrix       at 2026-08-27 10:02:38 
 ktsmat=           0
Begin assemble golbal matrix       at 2026-08-27 10:02:38 
 ntelgroup=           0
Begin factorize global matrix      at 2026-08-27 10:02:38 
 Factorization completed ... 
Begin solution global equation     at 2026-08-27 10:02:38 
                     istep=         307 iiter=           1
                     conver_load check
 resid=  1.904508709214220E-015 retot=   537731623640461.     
 ratio1=  1.881952651043104E-015 ratio2=  1.627766665767747E-015
 nchek0=           0 toler_force=  1.000000000000000E-005
 nchek=           0
                    conver_nodal_value check
               Convergence check for displacement
 ratio1=  2.673760373512271E-002 ratio2=  4.253066979008701E-002
                            not converged for checki=           1
 iiter=           2
Begin forming various matrix       at 2026-08-27 10:02:38 
 ktsmat=           0
 ntelgroup=           0
Begin solution global equation     at 2026-08-27 10:02:38 
                     istep=         307 iiter=           2
                     conver_load check
 resid=  1.310660401245786E-015 retot=   537731623640461.     
 ratio1=  1.561213508126975E-015 ratio2=  1.101374460419968E-015
 nchek0=           0 toler_force=  1.000000000000000E-005
 nchek=           0
                    conver_nodal_value check
               Convergence check for displacement
 ratio1=  5.512848517360682E-017 ratio2=  1.078095985633859E-016
 nchek=           0
 ***********RESTART FILE IS UPDATED!*******
 time: 10:02:36
 iblks=           1 iincs=           1 istep=         308
 outinp=           0
 iiter=           1
Begin forming various matrix       at 2026-08-27 10:02:38 
 ktsmat=           0
Begin assemble golbal matrix       at 2026-08-27 10:02:38 
 ntelgroup=           0
Begin factorize global matrix      at 2026-08-27 10:02:38 
 Factorization completed ... 
Begin solution global equation     at 2026-08-27 10:02:38 
                     istep=         308 iiter=           1
                     conver_load check
 resid=  2.955125909535805E-015 retot=  1.926573635428808E+015
 ratio1=  1.238497654465893E-015 ratio2=  7.614308202225383E-016
 nchek0=           0 toler_force=  1.000000000000000E-005
 nchek=           0
                    conver_nodal_value check
               Convergence check for displacement
 ratio1=  4.703774935675797E-002 ratio2=  5.516925033429498E-002
                            not converged for checki=           1
 iiter=           2
Begin forming various matrix       at 2026-08-27 10:02:38 
 ktsmat=           0
 ntelgroup=           0
Begin solution global equation     at 2026-08-27 10:02:38 
                     istep=         308 iiter=           2
                     conver_load check
 resid=  1.619281336777160E-015 retot=  1.926573635428808E+015
 ratio1=  9.167867939786305E-016 ratio2=  6.998325662348878E-016
 nchek0=           0 toler_force=  1.000000000000000E-005
 nchek=           0
                    conver_nodal_value check
               Convergence check for displacement
 ratio1=  1.269547356218858E-016 ratio2=  4.069754235225280E-016
 nchek=           0
 ***********RESTART FILE IS UPDATED!*******
 time: 10:02:36
 iblks=           1 iincs=           1 istep=         309
 outinp=           0
 iiter=           1
Begin forming various matrix       at 2026-08-27 10:02:38 
 ktsmat=           0
Begin assemble golbal matrix       at 2026-08-27 10:02:38 
 ntelgroup=           0
Begin factorize global matrix      at 2026-08-27 10:02:38 
 Factorization completed ... 
Begin solution global equation     at 2026-08-27 10:02:38 
                     istep=         309 iiter=           1
                     conver_load check
 resid=  3.440407184951044E-015 retot=  2.766470096714920E+015
 ratio1=  1.115172196080015E-015 ratio2=  6.659669816223714E-016
 nchek0=           0 toler_force=  1.000000000000000E-005
 nchek=           0
                    conver_nodal_value check
               Convergence check for displacement
 ratio1=  0.101598831857399      ratio2=  0.156433623097946     
                            not converged for checki=           1
 iiter=           2
Begin forming various matrix       at 2026-08-27 10:02:38 
 ktsmat=           0
 ntelgroup=           0
Begin solution global equation     at 2026-08-27 10:02:38 
                     istep=         309 iiter=           2
                     conver_load check
 resid=  2.748719461957373E-015 retot=  2.766470096714920E+015
 ratio1=  9.967866632541859E-016 ratio2=  6.520326637134989E-016
 nchek0=           0 toler_force=  1.000000000000000E-005
 nchek=           0
                    conver_nodal_value check
               Convergence check for displacement
 ratio1=  6.403151692568403E-016 ratio2=  1.839161647554558E-015
 nchek=           0
 ***********RESTART FILE IS UPDATED!*******
 time: 10:02:36
 iblks=           1 iincs=           1 istep=         310
 outinp=           0
 iiter=           1
Begin forming various matrix       at 2026-08-27 10:02:38 
 ktsmat=           0
Begin assemble golbal matrix       at 2026-08-27 10:02:38 
 ntelgroup=           0
Begin factorize global matrix      at 2026-08-27 10:02:38 
 Factorization completed ... 
Begin solution global equation     at 2026-08-27 10:02:38 
                     istep=         310 iiter=           1
                     conver_load check
 resid=  3.937011196410988E-015 retot=  2.144892020668252E+015
 ratio1=  1.354816908572160E-015 ratio2=  9.385322341065597E-016
 nchek0=           0 toler_force=  1.000000000000000E-005
 nchek=           0
                    conver_nodal_value check
               Convergence check for displacement
 ratio1=  8.428657150872715E-002 ratio2=  7.729392805267263E-002
                            not converged for checki=           1
 iiter=           2
Begin forming various matrix       at 2026-08-27 10:02:38 
 ktsmat=           0
 ntelgroup=           0
Begin solution global equation     at 2026-08-27 10:02:38 
                     istep=         310 iiter=           2
                     conver_load check
 resid=  2.107398356917180E-015 retot=  2.144892020668252E+015
 ratio1=  9.912212449871638E-016 ratio2=  7.887684380226238E-016
 nchek0=           0 toler_force=  1.000000000000000E-005
 nchek=           0
                    conver_nodal_value check
               Convergence check for displacement
 ratio1=  1.398260466906481E-016 ratio2=  2.947848985157670E-016
 nchek=           0
 ***********RESTART FILE IS UPDATED!*******
 time: 10:02:36
 iblks=           1 iincs=           1 istep=         311
 outinp=           0
 iiter=           1
Begin forming various matrix       at 2026-08-27 10:02:38 
 ktsmat=           0
Begin assemble golbal matrix       at 2026-08-27 10:02:38 
 ntelgroup=           0
Begin factorize global matrix      at 2026-08-27 10:02:38 
 Factorization completed ... 
Begin solution global equation     at 2026-08-27 10:02:38 
                     istep=         311 iiter=           1
                     conver_load check
 resid=  3.174896139904194E-015 retot=  2.529072263031296E+015
 ratio1=  1.120428486601732E-015 ratio2=  8.075432633548621E-016
 nchek0=           0 toler_force=  1.000000000000000E-005
 nchek=           0
                    conver_nodal_value check
               Convergence check for displacement
 ratio1=  4.395497147667830E-002 ratio2=  7.918995586669261E-002
                            not converged for checki=           1
 iiter=           2
Begin forming various matrix       at 2026-08-27 10:02:38 
 ktsmat=           0
 ntelgroup=           0
Begin solution global equation     at 2026-08-27 10:02:38 
                     istep=         311 iiter=           2
                     conver_load check
 resid=  1.549860659128176E-015 retot=  2.529072263031296E+015
 ratio1=  7.828268408863422E-016 ratio2=  7.051786243380487E-016
 nchek0=           0 toler_force=  1.000000000000000E-005
 nchek=           0
                    conver_nodal_value check
               Convergence check for displacement
 ratio1=  1.192975803521370E-016 ratio2=  2.164487132074220E-016
 nchek=           0
 ***********RESTART FILE IS UPDATED!*******
 time: 10:02:36
 iblks=           1 iincs=           1 istep=         312
 outinp=           0
 iiter=           1
Begin forming various matrix       at 2026-08-27 10:02:38 
 ktsmat=           0
Begin assemble golbal matrix       at 2026-08-27 10:02:38 
 ntelgroup=           0
Begin factorize global matrix      at 2026-08-27 10:02:38 
 Factorization completed ... 
Begin solution global equation     at 2026-08-27 10:02:38 
                     istep=         312 iiter=           1
                     conver_load check
 resid=  2.311007828743864E-015 retot=  3.987611320076796E+015
 ratio1=  7.612797859432385E-016 ratio2=  4.745584377130934E-016
 nchek0=           0 toler_force=  1.000000000000000E-005
 nchek=           0
                    conver_nodal_value check
               Convergence check for displacement
 ratio1=  2.368366224759953E-002 ratio2=  5.381093221747414E-002
                            not converged for checki=           1
 iiter=           2
Begin forming various matrix       at 2026-08-27 10:02:38 
 ktsmat=           0
 ntelgroup=           0
Begin solution global equation     at 2026-08-27 10:02:38 
                     istep=         312 iiter=           2
                     conver_load check
 resid=  3.013370237771301E-015 retot=  3.987611320076796E+015
 ratio1=  8.693003153478876E-016 ratio2=  6.059200002720793E-016
 nchek0=           0 toler_force=  1.000000000000000E-005
 nchek=           0
                    conver_nodal_value check
               Convergence check for displacement
 ratio1=  3.098731734628127E-017 ratio2=  5.786655057681704E-017
 nchek=           0
 ***********RESTART FILE IS UPDATED!*******
 time: 10:02:36
 iblks=           1 iincs=           1 istep=         313
 outinp=           0
 iiter=           1
Begin forming various matrix       at 2026-08-27 10:02:38 
 ktsmat=           0
Begin assemble golbal matrix       at 2026-08-27 10:02:38 
 ntelgroup=           0
Begin factorize global matrix      at 2026-08-27 10:02:38 
 Factorization completed ... 
Begin solution global equation     at 2026-08-27 10:02:38 
                     istep=         313 iiter=           1
                     conver_load check
 resid=  3.334147415552249E-015 retot=  6.386283537442052E+015
 ratio1=  7.225506576986472E-016 ratio2=  6.277769293741108E-016
 nchek0=           0 toler_force=  1.000000000000000E-005
 nchek=           0
                    conver_nodal_value check
               Convergence check for displacement
 ratio1=  2.546081983208954E-002 ratio2=  4.072389098891484E-002
                            not converged for checki=           1
 iiter=           2
Begin forming various matrix       at 2026-08-27 10:02:38 
 ktsmat=           0
 ntelgroup=           0
Begin solution global equation     at 2026-08-27 10:02:38 
                     istep=         313 iiter=           2
                     conver_load check
 resid=  2.540164696977773E-015 retot=  6.386283537442052E+015
 ratio1=  6.306767773365317E-016 ratio2=  5.530415806390976E-016
 nchek0=           0 toler_force=  1.000000000000000E-005
 nchek=           0
                    conver_nodal_value check
               Convergence check for displacement
 ratio1=  6.989709925278352E-017 ratio2=  1.422806407770487E-016
 nchek=           0
 ***********RESTART FILE IS UPDATED!*******
 time: 10:02:36
 iblks=           1 iincs=           1 istep=         314
 outinp=           0
 iiter=           1
Begin forming various matrix       at 2026-08-27 10:02:38 
 ktsmat=           0
Begin assemble golbal matrix       at 2026-08-27 10:02:38 
 ntelgroup=           0
Begin factorize global matrix      at 2026-08-27 10:02:38 
 Factorization completed ... 
Begin solution global equation     at 2026-08-27 10:02:38 
                     istep=         314 iiter=           1
                     conver_load check
 resid=  2.673030212951348E-015 retot=  4.473330313284306E+015
 ratio1=  7.730123809085211E-016 ratio2=  7.491749836848012E-016
 nchek0=           0 toler_force=  1.000000000000000E-005
 nchek=           0
                    conver_nodal_value check
               Convergence check for displacement
 ratio1=  4.395161642270599E-002 ratio2=  7.078879656167689E-002
                            not converged for checki=           1
 iiter=           2
Begin forming various matrix       at 2026-08-27 10:02:38 
 ktsmat=           0
 ntelgroup=           0
Begin solution global equation     at 2026-08-27 10:02:38 
                     istep=         314 iiter=           2
                     conver_load check
 resid=  2.809980210640951E-015 retot=  4.473330313284306E+015
 ratio1=  7.925672938548935E-016 ratio2=  5.492842452441412E-016
 nchek0=           0 toler_force=  1.000000000000000E-005
 nchek=           0
                    conver_nodal_value check
               Convergence check for displacement
 ratio1=  5.685160627008772E-017 ratio2=  1.220971131479951E-016
 nchek=           0
 ***********RESTART FILE IS UPDATED!*******
 time: 10:02:36
 iblks=           1 iincs=           1 istep=         315
 outinp=           0
 iiter=           1
Begin forming various matrix       at 2026-08-27 10:02:38 
 ktsmat=           0
Begin assemble golbal matrix       at 2026-08-27 10:02:38 
 ntelgroup=           0
Begin factorize global matrix      at 2026-08-27 10:02:38 
 Factorization completed ... 
Begin solution global equation     at 2026-08-27 10:02:38 
                     istep=         315 iiter=           1
                     conver_load check
 resid=  1.271695143216127E-015 retot=  3.274199059743473E+015
 ratio1=  6.232165338694811E-016 ratio2=  4.426129068519222E-016
 nchek0=           0 toler_force=  1.000000000000000E-005
 nchek=           0
                    conver_nodal_value check
               Convergence check for displacement
 ratio1=  2.841246388131327E-002 ratio2=  4.825017200455312E-002
                            not converged for checki=           1
 iiter=           2
Begin forming various matrix       at 2026-08-27 10:02:38 
 ktsmat=           0
 ntelgroup=           0
Begin solution global equation     at 2026-08-27 10:02:38 
                     istep=         315 iiter=           2
                     conver_load check
 resid=  9.319966448989106E-016 retot=  3.274199059743472E+015
 ratio1=  5.335248283385248E-016 ratio2=  3.522837421882646E-016
 nchek0=           0 toler_force=  1.000000000000000E-005
 nchek=           0
                    conver_nodal_value check
               Convergence check for displacement
 ratio1=  7.362379545524518E-017 ratio2=  1.803823395036714E-016
 nchek=           0
 ***********RESTART FILE IS UPDATED!*******
 time: 10:02:36
 iblks=           1 iincs=           1 istep=         316
 outinp=           0
 iiter=           1
Begin forming various matrix       at 2026-08-27 10:02:38 
 ktsmat=           0
Begin assemble golbal matrix       at 2026-08-27 10:02:38 
 ntelgroup=           0
Begin factorize global matrix      at 2026-08-27 10:02:38 
 Factorization completed ... 
Begin solution global equation     at 2026-08-27 10:02:38 
                     istep=         316 iiter=           1
                     conver_load check
 resid=  1.519689753450418E-015 retot=  2.492134678115196E+015
 ratio1=  7.808933301380764E-016 ratio2=  6.283357670211810E-016
 nchek0=           0 toler_force=  1.000000000000000E-005
 nchek=           0
                    conver_nodal_value check
               Convergence check for displacement
 ratio1=  2.871726345228220E-002 ratio2=  5.558927597096969E-002
                            not converged for checki=           1
 iiter=           2
Begin forming various matrix       at 2026-08-27 10:02:38 
 ktsmat=           0
 ntelgroup=           0
Begin solution global equation     at 2026-08-27 10:02:38 
                     istep=         316 iiter=           2
                     conver_load check
 resid=  6.702542138365416E-016 retot=  2.492134678115196E+015
 ratio1=  5.186018029625406E-016 ratio2=  3.692850560563081E-016
 nchek0=           0 toler_force=  1.000000000000000E-005
 nchek=           0
                    conver_nodal_value check
               Convergence check for displacement
 ratio1=  2.615357710161853E-017 ratio2=  4.222174780838209E-017
 nchek=           0
 ***********RESTART FILE IS UPDATED!*******
 time: 10:02:36
 iblks=           1 iincs=           1 istep=         317
 outinp=           0
 iiter=           1
Begin forming various matrix       at 2026-08-27 10:02:38 
 ktsmat=           0
Begin assemble golbal matrix       at 2026-08-27 10:02:38 
 ntelgroup=           0
Begin factorize global matrix      at 2026-08-27 10:02:38 
 Factorization completed ... 
Begin solution global equation     at 2026-08-27 10:02:38 
                     istep=         317 iiter=           1
                     conver_load check
 resid=  2.552319278623493E-015 retot=  1.435031337509773E+015
 ratio1=  1.333634457313532E-015 ratio2=  1.383387498643145E-015
 nchek0=           0 toler_force=  1.000000000000000E-005
 nchek=           0
                    conver_nodal_value check
               Convergence check for displacement
 ratio1=  2.936435283742378E-002 ratio2=  6.628254127919440E-002
                            not converged for checki=           1
 iiter=           2
Begin forming various matrix       at 2026-08-27 10:02:38 
 ktsmat=           0
 ntelgroup=           0
Begin solution global equation     at 2026-08-27 10:02:38 
                     istep=         317 iiter=           2
                     conver_load check
 resid=  1.552941794413373E-015 retot=  1.435031337509773E+015
 ratio1=  1.040271969944169E-015 ratio2=  1.009059116657353E-015
 nchek0=           0 toler_force=  1.000000000000000E-005
 nchek=           0
                    conver_nodal_value check
               Convergence check for displacement
 ratio1=  4.386828316263366E-017 ratio2=  8.336371201380765E-017
 nchek=           0
 ***********RESTART FILE IS UPDATED!*******
 time: 10:02:36
 iblks=           1 iincs=           1 istep=         318
 outinp=           0
 iiter=           1
Begin forming various matrix       at 2026-08-27 10:02:38 
 ktsmat=           0
Begin assemble golbal matrix       at 2026-08-27 10:02:38 
 ntelgroup=           0
Begin factorize global matrix      at 2026-08-27 10:02:38 
 Factorization completed ... 
Begin solution global equation     at 2026-08-27 10:02:38 
                     istep=         318 iiter=           1
                     conver_load check
 resid=  3.291865042863006E-015 retot=   592008972802521.     
 ratio1=  2.358070941156381E-015 ratio2=  2.688346793678465E-015
 nchek0=           0 toler_force=  1.000000000000000E-005
 nchek=           0
                    conver_nodal_value check
               Convergence check for displacement
 ratio1=  4.512230661012582E-002 ratio2=  7.771723055640180E-002
                            not converged for checki=           1
 iiter=           2
Begin forming various matrix       at 2026-08-27 10:02:38 
 ktsmat=           0
 ntelgroup=           0
Begin solution global equation     at 2026-08-27 10:02:38 
                     istep=         318 iiter=           2
                     conver_load check
 resid=  4.400136609841317E-015 retot=   592008972802521.     
 ratio1=  2.726270444931549E-015 ratio2=  2.837699393327269E-015
 nchek0=           0 toler_force=  1.000000000000000E-005
 nchek=           0
                    conver_nodal_value check
               Convergence check for displacement
 ratio1=  5.477369138439166E-017 ratio2=  1.203434920055741E-016
 nchek=           0
 ***********RESTART FILE IS UPDATED!*******
 time: 10:02:36
 iblks=           1 iincs=           1 istep=         319
 outinp=           0
 iiter=           1
Begin forming various matrix       at 2026-08-27 10:02:38 
 ktsmat=           0
Begin assemble golbal matrix       at 2026-08-27 10:02:38 
 ntelgroup=           0
Begin factorize global matrix      at 2026-08-27 10:02:38 
 Factorization completed ... 
Begin solution global equation     at 2026-08-27 10:02:38 
                     istep=         319 iiter=           1
                     conver_load check
 resid=  5.539939326036300E-015 retot=   531518690703905.     
 ratio1=  3.228443822033575E-015 ratio2=  2.756834556004073E-015
 nchek0=           0 toler_force=  1.000000000000000E-005
 nchek=           0
                    conver_nodal_value check
               Convergence check for displacement
 ratio1=  8.943714482370489E-002 ratio2=  9.585397743490108E-002
                            not converged for checki=           1
 iiter=           2
Begin forming various matrix       at 2026-08-27 10:02:38 
 ktsmat=           0
 ntelgroup=           0
Begin solution global equation     at 2026-08-27 10:02:38 
                     istep=         319 iiter=           2
                     conver_load check
 resid=  5.710839052050597E-015 retot=   531518690703905.     
 ratio1=  3.277862183340674E-015 ratio2=  2.775213453044100E-015
 nchek0=           0 toler_force=  1.000000000000000E-005
 nchek=           0
                    conver_nodal_value check
               Convergence check for displacement
 ratio1=  1.131180983500308E-016 ratio2=  1.299743440634671E-016
 nchek=           0
 ***********RESTART FILE IS UPDATED!*******
 time: 10:02:36
 iblks=           1 iincs=           1 istep=         320
 outinp=           0
 iiter=           1
Begin forming various matrix       at 2026-08-27 10:02:38 
 ktsmat=           0
Begin assemble golbal matrix       at 2026-08-27 10:02:38 
 ntelgroup=           0
Begin factorize global matrix      at 2026-08-27 10:02:38 
 Factorization completed ... 
Begin solution global equation     at 2026-08-27 10:02:38 
                     istep=         320 iiter=           1
                     conver_load check
 resid=  5.055858840605088E-015 retot=  1.312909990147848E+015
 ratio1=  1.962365922430226E-015 ratio2=  1.778479188403014E-015
 nchek0=           0 toler_force=  1.000000000000000E-005
 nchek=           0
                    conver_nodal_value check
               Convergence check for displacement
 ratio1=  9.692985610669563E-002 ratio2=  0.144018719624170     
                            not converged for checki=           1
 iiter=           2
Begin forming various matrix       at 2026-08-27 10:02:38 
 ktsmat=           0
 ntelgroup=           0
Begin solution global equation     at 2026-08-27 10:02:38 
                     istep=         320 iiter=           2
                     conver_load check
 resid=  4.619051186334408E-015 retot=  1.312909990147848E+015
 ratio1=  1.875680705485497E-015 ratio2=  1.782838206021649E-015
 nchek0=           0 toler_force=  1.000000000000000E-005
 nchek=           0
                    conver_nodal_value check
               Convergence check for displacement
 ratio1=  1.077317644528308E-016 ratio2=  1.682958239152968E-016
 nchek=           0
 ***********RESTART FILE IS UPDATED!*******
 time: 10:02:36
 iblks=           1 iincs=           1 istep=         321
 outinp=           0
 iiter=           1
Begin forming various matrix       at 2026-08-27 10:02:38 
 ktsmat=           0
Begin assemble golbal matrix       at 2026-08-27 10:02:38 
 ntelgroup=           0
Begin factorize global matrix      at 2026-08-27 10:02:38 
 Factorization completed ... 
Begin solution global equation     at 2026-08-27 10:02:38 
                     istep=         321 iiter=           1
                     conver_load check
 resid=  4.976963158975483E-015 retot=  3.226655383554856E+015
 ratio1=  1.241955173792970E-015 ratio2=  9.591243342343524E-016
 nchek0=           0 toler_force=  1.000000000000000E-005
 nchek=           0
                    conver_nodal_value check
               Convergence check for displacement
 ratio1=  5.605575135065714E-002 ratio2=  0.175348804999797     
                            not converged for checki=           1
 iiter=           2
Begin forming various matrix       at 2026-08-27 10:02:38 
 ktsmat=           0
 ntelgroup=           0
Begin solution global equation     at 2026-08-27 10:02:38 
                     istep=         321 iiter=           2
                     conver_load check
 resid=  2.480641688711931E-015 retot=  3.226655383554856E+015
 ratio1=  8.768104699098736E-016 ratio2=  6.146874186253309E-016
 nchek0=           0 toler_force=  1.000000000000000E-005
 nchek=           0
                    conver_nodal_value check
               Convergence check for displacement
 ratio1=  6.734712565008904E-017 ratio2=  1.650001882188474E-016
 nchek=           0
 ***********RESTART FILE IS UPDATED!*******
 time: 10:02:36
 iblks=           1 iincs=           1 istep=         322
 outinp=           0
 iiter=           1
Begin forming various matrix       at 2026-08-27 10:02:38 
 ktsmat=           0
Begin assemble golbal matrix       at 2026-08-27 10:02:38 
 ntelgroup=           0
Begin factorize global matrix      at 2026-08-27 10:02:38 
 Factorization completed ... 
Begin solution global equation     at 2026-08-27 10:02:38 
                     istep=         322 iiter=           1
                     conver_load check
 resid=  4.012628001123143E-015 retot=  7.541641503164395E+015
 ratio1=  7.294264505070183E-016 ratio2=  5.650231358293179E-016
 nchek0=           0 toler_force=  1.000000000000000E-005
 nchek=           0
                    conver_nodal_value check
               Convergence check for displacement
 ratio1=  2.478210900391948E-002 ratio2=  6.559626600498389E-002
                            not converged for checki=           1
 iiter=           2
Begin forming various matrix       at 2026-08-27 10:02:38 
 ktsmat=           0
 ntelgroup=           0
Begin solution global equation     at 2026-08-27 10:02:38 
                     istep=         322 iiter=           2
                     conver_load check
 resid=  2.225776645630255E-015 retot=  7.541641503164395E+015
 ratio1=  5.432601491740590E-016 ratio2=  4.011998597604625E-016
 nchek0=           0 toler_force=  1.000000000000000E-005
 nchek=           0
                    conver_nodal_value check
               Convergence check for displacement
 ratio1=  3.552974476771863E-017 ratio2=  1.051990978000648E-016
 nchek=           0
 ***********RESTART FILE IS UPDATED!*******
 time: 10:02:36
 iblks=           1 iincs=           1 istep=         323
 outinp=           0
 iiter=           1
Begin forming various matrix       at 2026-08-27 10:02:38 
 ktsmat=           0
Begin assemble golbal matrix       at 2026-08-27 10:02:38 
 ntelgroup=           0
Begin factorize global matrix      at 2026-08-27 10:02:38 
 Factorization completed ... 
Begin solution global equation     at 2026-08-27 10:02:38 
                     istep=         323 iiter=           1
                     conver_load check
 resid=  3.484487137436869E-015 retot=  4.501040911143790E+015
 ratio1=  8.798587405075946E-016 ratio2=  8.694715685460564E-016
 nchek0=           0 toler_force=  1.000000000000000E-005
 nchek=           0
                    conver_nodal_value check
               Convergence check for displacement
 ratio1=  5.452777310186980E-002 ratio2=  0.144733170142027     
                            not converged for checki=           1
 iiter=           2
Begin forming various matrix       at 2026-08-27 10:02:38 
 ktsmat=           0
 ntelgroup=           0
Begin solution global equation     at 2026-08-27 10:02:38 
                     istep=         323 iiter=           2
                     conver_load check
 resid=  1.896263986132242E-015 retot=  4.501040911143790E+015
 ratio1=  6.490720651557092E-016 ratio2=  6.558088109345965E-016
 nchek0=           0 toler_force=  1.000000000000000E-005
 nchek=           0
                    conver_nodal_value check
               Convergence check for displacement
 ratio1=  3.694779964117474E-017 ratio2=  1.325731019200400E-016
 nchek=           0
 ***********RESTART FILE IS UPDATED!*******
 time: 10:02:36
 iblks=           1 iincs=           1 istep=         324
 outinp=           0
 iiter=           1
Begin forming various matrix       at 2026-08-27 10:02:38 
 ktsmat=           0
Begin assemble golbal matrix       at 2026-08-27 10:02:38 
 ntelgroup=           0
Begin factorize global matrix      at 2026-08-27 10:02:38 
 Factorization completed ... 
Begin solution global equation     at 2026-08-27 10:02:38 
                     istep=         324 iiter=           1
                     conver_load check
 resid=  3.864435526109651E-015 retot=  4.747044376343241E+015
 ratio1=  9.022593414467255E-016 ratio2=  1.178779271522888E-015
 nchek0=           0 toler_force=  1.000000000000000E-005
 nchek=           0
                    conver_nodal_value check
               Convergence check for displacement
 ratio1=  4.484041965754618E-002 ratio2=  0.113954597786643     
                            not converged for checki=           1
 iiter=           2
Begin forming various matrix       at 2026-08-27 10:02:38 
 ktsmat=           0
 ntelgroup=           0
Begin solution global equation     at 2026-08-27 10:02:38 
                     istep=         324 iiter=           2
                     conver_load check
 resid=  1.363806196635019E-015 retot=  4.747044376343241E+015
 ratio1=  5.359998694177709E-016 ratio2=  5.137092545158112E-016
 nchek0=           0 toler_force=  1.000000000000000E-005
 nchek=           0
                    conver_nodal_value check
               Convergence check for displacement
 ratio1=  4.604218944992015E-017 ratio2=  9.784350887575094E-017
 nchek=           0
 ***********RESTART FILE IS UPDATED!*******
 time: 10:02:36
 iblks=           1 iincs=           1 istep=         325
 outinp=           0
 iiter=           1
Begin forming various matrix       at 2026-08-27 10:02:38 
 ktsmat=           0
Begin assemble golbal matrix       at 2026-08-27 10:02:38 
 ntelgroup=           0
Begin factorize global matrix      at 2026-08-27 10:02:38 
 Factorization completed ... 
Begin solution global equation     at 2026-08-27 10:02:38 
                     istep=         325 iiter=           1
                     conver_load check
 resid=  2.834390485052500E-015 retot=  8.601912503312452E+015
 ratio1=  5.740270131599316E-016 ratio2=  4.777410796150795E-016
 nchek0=           0 toler_force=  1.000000000000000E-005
 nchek=           0
                    conver_nodal_value check
               Convergence check for displacement
 ratio1=  3.842783897625383E-002 ratio2=  7.996712833577124E-002
                            not converged for checki=           1
 iiter=           2
Begin forming various matrix       at 2026-08-27 10:02:38 
 ktsmat=           0
 ntelgroup=           0
Begin solution global equation     at 2026-08-27 10:02:38 
                     istep=         325 iiter=           2
                     conver_load check
 resid=  1.427628002270781E-015 retot=  8.601912503312452E+015
 ratio1=  4.073896756179515E-016 ratio2=  4.049602120174697E-016
 nchek0=           0 toler_force=  1.000000000000000E-005
 nchek=           0
                    conver_nodal_value check
               Convergence check for displacement
 ratio1=  3.323180989496620E-017 ratio2=  5.213653545174230E-017
 nchek=           0
 ***********RESTART FILE IS UPDATED!*******
 time: 10:02:36
 iblks=           1 iincs=           1 istep=         326
 outinp=           0
 iiter=           1
Begin forming various matrix       at 2026-08-27 10:02:38 
 ktsmat=           0
Begin assemble golbal matrix       at 2026-08-27 10:02:38 
 ntelgroup=           0
Begin factorize global matrix      at 2026-08-27 10:02:38 
 Factorization completed ... 
Begin solution global equation     at 2026-08-27 10:02:38 
                     istep=         326 iiter=           1
                     conver_load check
 resid=  2.828242439381085E-015 retot=  9.501632480854304E+015
 ratio1=  5.455809571309078E-016 ratio2=  5.863656454651958E-016
 nchek0=           0 toler_force=  1.000000000000000E-005
 nchek=           0
                    conver_nodal_value check
               Convergence check for displacement
 ratio1=  5.090841985884362E-002 ratio2=  9.139999707579773E-002
                            not converged for checki=           1
 iiter=           2
Begin forming various matrix       at 2026-08-27 10:02:38 
 ktsmat=           0
 ntelgroup=           0
Begin solution global equation     at 2026-08-27 10:02:38 
                     istep=         326 iiter=           2
                     conver_load check
 resid=  1.643392654780276E-015 retot=  9.501632480854304E+015
 ratio1=  4.158833721329151E-016 ratio2=  3.591489578474324E-016
 nchek0=           0 toler_force=  1.000000000000000E-005
 nchek=           0
                    conver_nodal_value check
               Convergence check for displacement
 ratio1=  3.575109851451997E-017 ratio2=  5.783133818637397E-017
 nchek=           0
 ***********RESTART FILE IS UPDATED!*******
 time: 10:02:36
 iblks=           1 iincs=           1 istep=         327
 outinp=           0
 iiter=           1
Begin forming various matrix       at 2026-08-27 10:02:38 
 ktsmat=           0
Begin assemble golbal matrix       at 2026-08-27 10:02:38 
 ntelgroup=           0
Begin factorize global matrix      at 2026-08-27 10:02:38 
 Factorization completed ... 
Begin solution global equation     at 2026-08-27 10:02:38 
                     istep=         327 iiter=           1
                     conver_load check
 resid=  2.445078228896531E-015 retot=  1.073561598800112E+016
 ratio1=  4.772356683178605E-016 ratio2=  4.155266771236784E-016
 nchek0=           0 toler_force=  1.000000000000000E-005
 nchek=           0
                    conver_nodal_value check
               Convergence check for displacement
 ratio1=  2.238880904714920E-002 ratio2=  3.165476125368380E-002
                            not converged for checki=           1
 iiter=           2
Begin forming various matrix       at 2026-08-27 10:02:38 
 ktsmat=           0
 ntelgroup=           0
Begin solution global equation     at 2026-08-27 10:02:38 
                     istep=         327 iiter=           2
                     conver_load check
 resid=  1.590527409803000E-015 retot=  1.073561598800112E+016
 ratio1=  3.849081391685845E-016 ratio2=  2.216142277992951E-016
 nchek0=           0 toler_force=  1.000000000000000E-005
 nchek=           0
                    conver_nodal_value check
               Convergence check for displacement
 ratio1=  4.264106857611129E-017 ratio2=  7.052613075009953E-017
 nchek=           0
 ***********RESTART FILE IS UPDATED!*******
 time: 10:02:36
 iblks=           1 iincs=           1 istep=         328
 outinp=           0
 iiter=           1
Begin forming various matrix       at 2026-08-27 10:02:38 
 ktsmat=           0
Begin assemble golbal matrix       at 2026-08-27 10:02:38 
 ntelgroup=           0
Begin factorize global matrix      at 2026-08-27 10:02:38 
 Factorization completed ... 
Begin solution global equation     at 2026-08-27 10:02:38 
                     istep=         328 iiter=           1
                     conver_load check
 resid=  2.353345906208630E-015 retot=  1.026294246578786E+016
 ratio1=  4.788582082223975E-016 ratio2=  3.450600939511499E-016
 nchek0=           0 toler_force=  1.000000000000000E-005
 nchek=           0
                    conver_nodal_value check
               Convergence check for displacement
 ratio1=  2.352168939397920E-002 ratio2=  2.833600050080486E-002
                            not converged for checki=           1
 iiter=           2
Begin forming various matrix       at 2026-08-27 10:02:38 
 ktsmat=           0
 ntelgroup=           0
Begin solution global equation     at 2026-08-27 10:02:38 
                     istep=         328 iiter=           2
                     conver_load check
 resid=  1.503340702764826E-015 retot=  1.026294246578786E+016
 ratio1=  3.827302251809388E-016 ratio2=  2.875500782926249E-016
 nchek0=           0 toler_force=  1.000000000000000E-005
 nchek=           0
                    conver_nodal_value check
               Convergence check for displacement
 ratio1=  7.009045118091642E-017 ratio2=  1.304874748796944E-016
 nchek=           0
 ***********RESTART FILE IS UPDATED!*******
 time: 10:02:36
 iblks=           1 iincs=           1 istep=         329
 outinp=           0
 iiter=           1
Begin forming various matrix       at 2026-08-27 10:02:38 
 ktsmat=           0
Begin assemble golbal matrix       at 2026-08-27 10:02:38 
 ntelgroup=           0
Begin factorize global matrix      at 2026-08-27 10:02:38 
 Factorization completed ... 
Begin solution global equation     at 2026-08-27 10:02:38 
                     istep=         329 iiter=           1
                     conver_load check
 resid=  2.354992287053680E-015 retot=  7.071642233039555E+015
 ratio1=  5.770781144806161E-016 ratio2=  4.176064213650078E-016
 nchek0=           0 toler_force=  1.000000000000000E-005
 nchek=           0
                    conver_nodal_value check
               Convergence check for displacement
 ratio1=  2.761229167525417E-002 ratio2=  2.380129864178943E-002
                            not converged for checki=           1
 iiter=           2
Begin forming various matrix       at 2026-08-27 10:02:38 
 ktsmat=           0
 ntelgroup=           0
Begin solution global equation     at 2026-08-27 10:02:38 
                     istep=         329 iiter=           2
                     conver_load check
 resid=  1.387265391599554E-015 retot=  7.071642233039556E+015
 ratio1=  4.429142320397650E-016 ratio2=  3.456053142331099E-016
 nchek0=           0 toler_force=  1.000000000000000E-005
 nchek=           0
                    conver_nodal_value check
               Convergence check for displacement
 ratio1=  1.181597725604985E-016 ratio2=  1.974886335102528E-016
 nchek=           0
 ***********RESTART FILE IS UPDATED!*******
 time: 10:02:36
 iblks=           1 iincs=           1 istep=         330
 outinp=           0
 iiter=           1
Begin forming various matrix       at 2026-08-27 10:02:38 
 ktsmat=           0
Begin assemble golbal matrix       at 2026-08-27 10:02:38 
 ntelgroup=           0
Begin factorize global matrix      at 2026-08-27 10:02:38 
 Factorization completed ... 
Begin solution global equation     at 2026-08-27 10:02:38 
                     istep=         330 iiter=           1
                     conver_load check
 resid=  1.342521626361962E-015 retot=  5.050981919315148E+015
 ratio1=  5.155523113382065E-016 ratio2=  3.180478041305562E-016
 nchek0=           0 toler_force=  1.000000000000000E-005
 nchek=           0
                    conver_nodal_value check
               Convergence check for displacement
 ratio1=  2.496718093708530E-002 ratio2=  2.851044147072258E-002
                            not converged for checki=           1
 iiter=           2
Begin forming various matrix       at 2026-08-27 10:02:38 
 ktsmat=           0
 ntelgroup=           0
Begin solution global equation     at 2026-08-27 10:02:38 
                     istep=         330 iiter=           2
                     conver_load check
 resid=  9.913617325023647E-016 retot=  5.050981919315148E+015
 ratio1=  4.430249328359030E-016 ratio2=  2.918958264862272E-016
 nchek0=           0 toler_force=  1.000000000000000E-005
 nchek=           0
                    conver_nodal_value check
               Convergence check for displacement
 ratio1=  1.158842367792825E-016 ratio2=  2.332223972994640E-016
 nchek=           0
 ***********RESTART FILE IS UPDATED!*******
 time: 10:02:36
 iblks=           1 iincs=           1 istep=         331
 outinp=           0
 iiter=           1
Begin forming various matrix       at 2026-08-27 10:02:38 
 ktsmat=           0
Begin assemble golbal matrix       at 2026-08-27 10:02:38 
 ntelgroup=           0
Begin factorize global matrix      at 2026-08-27 10:02:38 
 Factorization completed ... 
Begin solution global equation     at 2026-08-27 10:02:38 
                     istep=         331 iiter=           1
                     conver_load check
 resid=  2.028904620907080E-015 retot=  6.070318343296573E+015
 ratio1=  5.781294354464674E-016 ratio2=  5.460172226077190E-016
 nchek0=           0 toler_force=  1.000000000000000E-005
 nchek=           0
                    conver_nodal_value check
               Convergence check for displacement
 ratio1=  3.792016161029726E-002 ratio2=  7.147562711704337E-002
                            not converged for checki=           1
 iiter=           2
Begin forming various matrix       at 2026-08-27 10:02:38 
 ktsmat=           0
 ntelgroup=           0
Begin solution global equation     at 2026-08-27 10:02:38 
                     istep=         331 iiter=           2
                     conver_load check
 resid=  1.432966447738475E-015 retot=  6.070318343296573E+015
 ratio1=  4.858612657570321E-016 ratio2=  4.215435770797161E-016
 nchek0=           0 toler_force=  1.000000000000000E-005
 nchek=           0
                    conver_nodal_value check
               Convergence check for displacement
 ratio1=  4.165209175867524E-017 ratio2=  7.653492433234100E-017
 nchek=           0
 ***********RESTART FILE IS UPDATED!*******
 time: 10:02:36
 iblks=           1 iincs=           1 istep=         332
 outinp=           0
 iiter=           1
Begin forming various matrix       at 2026-08-27 10:02:38 
 ktsmat=           0
Begin assemble golbal matrix       at 2026-08-27 10:02:38 
 ntelgroup=           0
Begin factorize global matrix      at 2026-08-27 10:02:38 
 Factorization completed ... 
Begin solution global equation     at 2026-08-27 10:02:38 
                     istep=         332 iiter=           1
                     conver_load check
 resid=  1.735189491193774E-015 retot=  1.006132768469460E+016
 ratio1=  4.152845819371243E-016 ratio2=  5.799151575580982E-016
 nchek0=           0 toler_force=  1.000000000000000E-005
 nchek=           0
                    conver_nodal_value check
               Convergence check for displacement
 ratio1=  2.058167629310430E-002 ratio2=  3.301962939795112E-002
                            not converged for checki=           1
 iiter=           2
Begin forming various matrix       at 2026-08-27 10:02:38 
 ktsmat=           0
 ntelgroup=           0
Begin solution global equation     at 2026-08-27 10:02:38 
                     istep=         332 iiter=           2
                     conver_load check
 resid=  8.240824907649854E-016 retot=  1.006132768469460E+016
 ratio1=  2.861921363644496E-016 ratio2=  2.521370250252601E-016
 nchek0=           0 toler_force=  1.000000000000000E-005
 nchek=           0
                    conver_nodal_value check
               Convergence check for displacement
 ratio1=  2.468467362719243E-017 ratio2=  6.332430776826529E-017
 nchek=           0
 ***********RESTART FILE IS UPDATED!*******
 time: 10:02:36
 iblks=           1 iincs=           1 istep=         333
 outinp=           0
 iiter=           1
Begin forming various matrix       at 2026-08-27 10:02:38 
 ktsmat=           0
Begin assemble golbal matrix       at 2026-08-27 10:02:38 
 ntelgroup=           0
Begin factorize global matrix      at 2026-08-27 10:02:38 
 Factorization completed ... 
Begin solution global equation     at 2026-08-27 10:02:38 
                     istep=         333 iiter=           1
                     conver_load check
 resid=  1.519210371589288E-015 retot=  1.226755451891896E+016
 ratio1=  3.519086645289574E-016 ratio2=  2.651819750942475E-016
 nchek0=           0 toler_force=  1.000000000000000E-005
 nchek=           0
                    conver_nodal_value check
               Convergence check for displacement
 ratio1=  2.323180217328500E-002 ratio2=  4.865278126188367E-002
                            not converged for checki=           1
 iiter=           2
Begin forming various matrix       at 2026-08-27 10:02:38 
 ktsmat=           0
 ntelgroup=           0
Begin solution global equation     at 2026-08-27 10:02:38 
                     istep=         333 iiter=           2
                     conver_load check
 resid=  1.110562956423665E-015 retot=  1.226755451891896E+016
 ratio1=  3.008794962069776E-016 ratio2=  2.430834771697269E-016
 nchek0=           0 toler_force=  1.000000000000000E-005
 nchek=           0
                    conver_nodal_value check
               Convergence check for displacement
 ratio1=  2.122359667892055E-017 ratio2=  4.206044902912617E-017
 nchek=           0
 ***********RESTART FILE IS UPDATED!*******
 time: 10:02:36
 iblks=           1 iincs=           1 istep=         334
 outinp=           0
 iiter=           1
Begin forming various matrix       at 2026-08-27 10:02:38 
 ktsmat=           0
Begin assemble golbal matrix       at 2026-08-27 10:02:38 
 ntelgroup=           0
Begin factorize global matrix      at 2026-08-27 10:02:38 
 Factorization completed ... 
Begin solution global equation     at 2026-08-27 10:02:38 
                     istep=         334 iiter=           1
                     conver_load check
 resid=  1.535501217917872E-015 retot=  9.686795279903074E+015
 ratio1=  3.981392755553734E-016 ratio2=  2.772037362786192E-016
 nchek0=           0 toler_force=  1.000000000000000E-005
 nchek=           0
                    conver_nodal_value check
               Convergence check for displacement
 ratio1=  2.613013798553055E-002 ratio2=  3.229064534006131E-002
                            not converged for checki=           1
 iiter=           2
Begin forming various matrix       at 2026-08-27 10:02:38 
 ktsmat=           0
 ntelgroup=           0
Begin solution global equation     at 2026-08-27 10:02:38 
                     istep=         334 iiter=           2
                     conver_load check
 resid=  1.391044650015576E-015 retot=  9.686795279903074E+015
 ratio1=  3.789487461250508E-016 ratio2=  3.399470497890712E-016
 nchek0=           0 toler_force=  1.000000000000000E-005
 nchek=           0
                    conver_nodal_value check
               Convergence check for displacement
 ratio1=  3.447529420896023E-017 ratio2=  7.296357846709522E-017
 nchek=           0
 ***********RESTART FILE IS UPDATED!*******
 time: 10:02:36
 iblks=           1 iincs=           1 istep=         335
 outinp=           0
 iiter=           1
Begin forming various matrix       at 2026-08-27 10:02:38 
 ktsmat=           0
Begin assemble golbal matrix       at 2026-08-27 10:02:38 
 ntelgroup=           0
Begin factorize global matrix      at 2026-08-27 10:02:38 
 Factorization completed ... 
Begin solution global equation     at 2026-08-27 10:02:38 
                     istep=         335 iiter=           1
                     conver_load check
 resid=  2.028857533870430E-015 retot=  5.852930937005139E+015
 ratio1=  5.887610568532807E-016 ratio2=  3.358293366306030E-016
 nchek0=           0 toler_force=  1.000000000000000E-005
 nchek=           0
                    conver_nodal_value check
               Convergence check for displacement
 ratio1=  2.840282371117879E-002 ratio2=  2.931491389267902E-002
                            not converged for checki=           1
 iiter=           2
Begin forming various matrix       at 2026-08-27 10:02:38 
 ktsmat=           0
 ntelgroup=           0
Begin solution global equation     at 2026-08-27 10:02:38 
                     istep=         335 iiter=           2
                     conver_load check
 resid=  1.442551390200511E-015 retot=  5.852930937005139E+015
 ratio1=  4.964539231890689E-016 ratio2=  2.804728525706135E-016
 nchek0=           0 toler_force=  1.000000000000000E-005
 nchek=           0
                    conver_nodal_value check
               Convergence check for displacement
 ratio1=  4.053751619625367E-017 ratio2=  5.956964460619365E-017
 nchek=           0
 ***********RESTART FILE IS UPDATED!*******
 time: 10:02:36
 iblks=           1 iincs=           1 istep=         336
 outinp=           0
 iiter=           1
Begin forming various matrix       at 2026-08-27 10:02:38 
 ktsmat=           0
Begin assemble golbal matrix       at 2026-08-27 10:02:38 
 ntelgroup=           0
Begin factorize global matrix      at 2026-08-27 10:02:38 
 Factorization completed ... 
Begin solution global equation     at 2026-08-27 10:02:38 
                     istep=         336 iiter=           1
                     conver_load check
 resid=  2.407754486300184E-015 retot=  3.619789950720448E+015
 ratio1=  8.155759588333552E-016 ratio2=  5.441048897992999E-016
 nchek0=           0 toler_force=  1.000000000000000E-005
 nchek=           0
                    conver_nodal_value check
               Convergence check for displacement
 ratio1=  3.475622698250238E-002 ratio2=  4.285061827093100E-002
                            not converged for checki=           1
 iiter=           2
Begin forming various matrix       at 2026-08-27 10:02:38 
 ktsmat=           0
 ntelgroup=           0
Begin solution global equation     at 2026-08-27 10:02:38 
                     istep=         336 iiter=           2
                     conver_load check
 resid=  1.385836075047985E-015 retot=  3.619789950720449E+015
 ratio1=  6.187486240590109E-016 ratio2=  3.485671950276765E-016
 nchek0=           0 toler_force=  1.000000000000000E-005
 nchek=           0
                    conver_nodal_value check
               Convergence check for displacement
 ratio1=  5.314880665470499E-017 ratio2=  7.760070478837537E-017
 nchek=           0
 ***********RESTART FILE IS UPDATED!*******
 time: 10:02:36
 iblks=           1 iincs=           1 istep=         337
 outinp=           0
 iiter=           1
Begin forming various matrix       at 2026-08-27 10:02:38 
 ktsmat=           0
Begin assemble golbal matrix       at 2026-08-27 10:02:38 
 ntelgroup=           0
Begin factorize global matrix      at 2026-08-27 10:02:38 
 Factorization completed ... 
Begin solution global equation     at 2026-08-27 10:02:38 
                     istep=         337 iiter=           1
                     conver_load check
 resid=  2.944318547040508E-015 retot=  2.540441207393078E+015
 ratio1=  1.076558967895358E-015 ratio2=  5.863349284410011E-016
 nchek0=           0 toler_force=  1.000000000000000E-005
 nchek=           0
                    conver_nodal_value check
               Convergence check for displacement
 ratio1=  3.766411365755921E-002 ratio2=  3.079227648087811E-002
                            not converged for checki=           1
 iiter=           2
Begin forming various matrix       at 2026-08-27 10:02:38 
 ktsmat=           0
 ntelgroup=           0
Begin solution global equation     at 2026-08-27 10:02:38 
                     istep=         337 iiter=           2
                     conver_load check
 resid=  2.454432932006938E-015 retot=  2.540441207393078E+015
 ratio1=  9.829264240563195E-016 ratio2=  6.910375942340371E-016
 nchek0=           0 toler_force=  1.000000000000000E-005
 nchek=           0
                    conver_nodal_value check
               Convergence check for displacement
 ratio1=  9.256542853302017E-017 ratio2=  1.235575377472248E-016
 nchek=           0
 ***********RESTART FILE IS UPDATED!*******
 time: 10:02:36
 iblks=           1 iincs=           1 istep=         338
 outinp=           0
 iiter=           1
Begin forming various matrix       at 2026-08-27 10:02:38 
 ktsmat=           0
Begin assemble golbal matrix       at 2026-08-27 10:02:38 
 ntelgroup=           0
Begin factorize global matrix      at 2026-08-27 10:02:38 
 Factorization completed ... 
Begin solution global equation     at 2026-08-27 10:02:38 
                     istep=         338 iiter=           1
                     conver_load check
 resid=  2.846359820465994E-015 retot=  2.536201079814563E+015
 ratio1=  1.059383144063662E-015 ratio2=  1.119533147553041E-015
 nchek0=           0 toler_force=  1.000000000000000E-005
 nchek=           0
                    conver_nodal_value check
               Convergence check for displacement
 ratio1=  3.567340546776419E-002 ratio2=  3.747977458966389E-002
                            not converged for checki=           1
 iiter=           2
Begin forming various matrix       at 2026-08-27 10:02:38 
 ktsmat=           0
 ntelgroup=           0
Begin solution global equation     at 2026-08-27 10:02:38 
                     istep=         338 iiter=           2
                     conver_load check
 resid=  3.087738773957549E-015 retot=  2.536201079814563E+015
 ratio1=  1.103388451526716E-015 ratio2=  1.348163455838842E-015
 nchek0=           0 toler_force=  1.000000000000000E-005
 nchek=           0
                    conver_nodal_value check
               Convergence check for displacement
 ratio1=  7.967846861670095E-017 ratio2=  1.476311759419920E-016
 nchek=           0
 ***********RESTART FILE IS UPDATED!*******
 time: 10:02:36
 iblks=           1 iincs=           1 istep=         339
 outinp=           0
 iiter=           1
Begin forming various matrix       at 2026-08-27 10:02:38 
 ktsmat=           0
Begin assemble golbal matrix       at 2026-08-27 10:02:38 
 ntelgroup=           0
Begin factorize global matrix      at 2026-08-27 10:02:38 
 Factorization completed ... 
Begin solution global equation     at 2026-08-27 10:02:38 
                     istep=         339 iiter=           1
                     conver_load check
 resid=  3.168257521797339E-015 retot=  2.399509260985676E+015
 ratio1=  1.149076709515876E-015 ratio2=  1.400624443188390E-015
 nchek0=           0 toler_force=  1.000000000000000E-005
 nchek=           0
                    conver_nodal_value check
               Convergence check for displacement
 ratio1=  3.791985602655863E-002 ratio2=  6.555643415153012E-002
                            not converged for checki=           1
 iiter=           2
Begin forming various matrix       at 2026-08-27 10:02:38 
 ktsmat=           0
 ntelgroup=           0
Begin solution global equation     at 2026-08-27 10:02:38 
                     istep=         339 iiter=           2
                     conver_load check
 resid=  2.430666142406220E-015 retot=  2.399509260985676E+015
 ratio1=  1.006471404941129E-015 ratio2=  1.146710070446635E-015
 nchek0=           0 toler_force=  1.000000000000000E-005
 nchek=           0
                    conver_nodal_value check
               Convergence check for displacement
 ratio1=  8.703674752219236E-017 ratio2=  2.192224242230519E-016
 nchek=           0
 ***********RESTART FILE IS UPDATED!*******
 time: 10:02:36
 iblks=           1 iincs=           1 istep=         340
 outinp=           0
 iiter=           1
Begin forming various matrix       at 2026-08-27 10:02:38 
 ktsmat=           0
Begin assemble golbal matrix       at 2026-08-27 10:02:38 
 ntelgroup=           0
Begin factorize global matrix      at 2026-08-27 10:02:38 
 Factorization completed ... 
Begin solution global equation     at 2026-08-27 10:02:38 
                     istep=         340 iiter=           1
                     conver_load check
 resid=  3.205782221286675E-015 retot=  1.987345304746158E+015
 ratio1=  1.270077848324903E-015 ratio2=  1.898665479132299E-015
 nchek0=           0 toler_force=  1.000000000000000E-005
 nchek=           0
                    conver_nodal_value check
               Convergence check for displacement
 ratio1=  2.962270304476670E-002 ratio2=  5.920388932519677E-002
                            not converged for checki=           1
 iiter=           2
Begin forming various matrix       at 2026-08-27 10:02:38 
 ktsmat=           0
 ntelgroup=           0
Begin solution global equation     at 2026-08-27 10:02:38 
                     istep=         340 iiter=           2
                     conver_load check
 resid=  1.365002470923760E-015 retot=  1.987345304746158E+015
 ratio1=  8.287624244532497E-016 ratio2=  8.623105717725858E-016
 nchek0=           0 toler_force=  1.000000000000000E-005
 nchek=           0
                    conver_nodal_value check
               Convergence check for displacement
 ratio1=  3.787277406832589E-017 ratio2=  1.060110742579026E-016
 nchek=           0
 ***********RESTART FILE IS UPDATED!*******
 time: 10:02:36
 iblks=           1 iincs=           1 istep=         341
 outinp=           0
 iiter=           1
Begin forming various matrix       at 2026-08-27 10:02:38 
 ktsmat=           0
Begin assemble golbal matrix       at 2026-08-27 10:02:38 
 ntelgroup=           0
Begin factorize global matrix      at 2026-08-27 10:02:38 
 Factorization completed ... 
Begin solution global equation     at 2026-08-27 10:02:38 
                     istep=         341 iiter=           1
                     conver_load check
 resid=  2.132798064336088E-015 retot=  2.200145935834560E+015
 ratio1=  9.845757267359051E-016 ratio2=  1.098824949731351E-015
 nchek0=           0 toler_force=  1.000000000000000E-005
 nchek=           0
                    conver_nodal_value check
               Convergence check for displacement
 ratio1=  2.405967232580497E-002 ratio2=  5.798492713378457E-002
                            not converged for checki=           1
 iiter=           2
Begin forming various matrix       at 2026-08-27 10:02:38 
 ktsmat=           0
 ntelgroup=           0
Begin solution global equation     at 2026-08-27 10:02:38 
                     istep=         341 iiter=           2
                     conver_load check
 resid=  1.169313604794312E-015 retot=  2.200145935834560E+015
 ratio1=  7.290205272520613E-016 ratio2=  1.132634948184624E-015
 nchek0=           0 toler_force=  1.000000000000000E-005
 nchek=           0
                    conver_nodal_value check
               Convergence check for displacement
 ratio1=  3.565595889740557E-017 ratio2=  1.203407638892573E-016
 nchek=           0
 ***********RESTART FILE IS UPDATED!*******
 time: 10:02:36
 iblks=           1 iincs=           1 istep=         342
 outinp=           0
 iiter=           1
Begin forming various matrix       at 2026-08-27 10:02:38 
 ktsmat=           0
Begin assemble golbal matrix       at 2026-08-27 10:02:38 
 ntelgroup=           0
Begin factorize global matrix      at 2026-08-27 10:02:38 
 Factorization completed ... 
Begin solution global equation     at 2026-08-27 10:02:38 
                     istep=         342 iiter=           1
                     conver_load check
 resid=  1.038429580836631E-015 retot=  1.836601080171534E+015
 ratio1=  7.519363982406657E-016 ratio2=  8.009084758568651E-016
 nchek0=           0 toler_force=  1.000000000000000E-005
 nchek=           0
                    conver_nodal_value check
               Convergence check for displacement
 ratio1=  2.883166746493793E-002 ratio2=  5.652560545465424E-002
                            not converged for checki=           1
 iiter=           2
Begin forming various matrix       at 2026-08-27 10:02:38 
 ktsmat=           0
 ntelgroup=           0
Begin solution global equation     at 2026-08-27 10:02:38 
                     istep=         342 iiter=           2
                     conver_load check
 resid=  1.131881058724673E-015 retot=  1.836601080171534E+015
 ratio1=  7.850421558392753E-016 ratio2=  9.685404824315577E-016
 nchek0=           0 toler_force=  1.000000000000000E-005
 nchek=           0
                    conver_nodal_value check
               Convergence check for displacement
 ratio1=  2.526980236485529E-017 ratio2=  6.795957494201749E-017
 nchek=           0
 ***********RESTART FILE IS UPDATED!*******
 time: 10:02:36
 iblks=           1 iincs=           1 istep=         343
 outinp=           0
 iiter=           1
Begin forming various matrix       at 2026-08-27 10:02:38 
 ktsmat=           0
Begin assemble golbal matrix       at 2026-08-27 10:02:38 
 ntelgroup=           0
Begin factorize global matrix      at 2026-08-27 10:02:38 
 Factorization completed ... 
Begin solution global equation     at 2026-08-27 10:02:38 
                     istep=         343 iiter=           1
                     conver_load check
 resid=  1.185812517859431E-015 retot=  3.394312106412190E+015
 ratio1=  5.910607611702439E-016 ratio2=  4.794857665864127E-016
 nchek0=           0 toler_force=  1.000000000000000E-005
 nchek=           0
                    conver_nodal_value check
               Convergence check for displacement
 ratio1=  4.229695652170871E-002 ratio2=  0.114129704250127     
                            not converged for checki=           1
 iiter=           2
Begin forming various matrix       at 2026-08-27 10:02:38 
 ktsmat=           0
 ntelgroup=           0
Begin solution global equation     at 2026-08-27 10:02:38 
                     istep=         343 iiter=           2
                     conver_load check
 resid=  6.525569063153738E-016 retot=  3.394312106412190E+015
 ratio1=  4.384633610470776E-016 ratio2=  2.801489872190277E-016
 nchek0=           0 toler_force=  1.000000000000000E-005
 nchek=           0
                    conver_nodal_value check
               Convergence check for displacement
 ratio1=  4.573793718149983E-017 ratio2=  1.473269666169705E-016
 nchek=           0
 ***********RESTART FILE IS UPDATED!*******
 time: 10:02:36
 iblks=           1 iincs=           1 istep=         344
 outinp=           0
 iiter=           1
Begin forming various matrix       at 2026-08-27 10:02:38 
 ktsmat=           0
Begin assemble golbal matrix       at 2026-08-27 10:02:38 
 ntelgroup=           0
Begin factorize global matrix      at 2026-08-27 10:02:38 
 Factorization completed ... 
Begin solution global equation     at 2026-08-27 10:02:38 
                     istep=         344 iiter=           1
                     conver_load check
 resid=  1.821651353328702E-015 retot=  7.039848589492616E+015
 ratio1=  5.086873890365838E-016 ratio2=  4.663845006710342E-016
 nchek0=           0 toler_force=  1.000000000000000E-005
 nchek=           0
                    conver_nodal_value check
               Convergence check for displacement
 ratio1=  2.857695406687955E-002 ratio2=  4.176768223252821E-002
                            not converged for checki=           1
 iiter=           2
Begin forming various matrix       at 2026-08-27 10:02:38 
 ktsmat=           0
 ntelgroup=           0
Begin solution global equation     at 2026-08-27 10:02:38 
                     istep=         344 iiter=           2
                     conver_load check
 resid=  9.860118175033934E-016 retot=  7.039848589492617E+015
 ratio1=  3.742479246859695E-016 ratio2=  2.190845341230481E-016
 nchek0=           0 toler_force=  1.000000000000000E-005
 nchek=           0
                    conver_nodal_value check
               Convergence check for displacement
 ratio1=  7.750319820815846E-017 ratio2=  1.760302632372230E-016
 nchek=           0
 ***********RESTART FILE IS UPDATED!*******
 time: 10:02:36
 iblks=           1 iincs=           1 istep=         345
 outinp=           0
 iiter=           1
Begin forming various matrix       at 2026-08-27 10:02:38 
 ktsmat=           0
Begin assemble golbal matrix       at 2026-08-27 10:02:38 
 ntelgroup=           0
Begin factorize global matrix      at 2026-08-27 10:02:38 
 Factorization completed ... 
Begin solution global equation     at 2026-08-27 10:02:38 
                     istep=         345 iiter=           1
                     conver_load check
 resid=  1.886820708506495E-015 retot=  1.037859114307598E+016
 ratio1=  4.263793029599318E-016 ratio2=  3.151507653106396E-016
 nchek0=           0 toler_force=  1.000000000000000E-005
 nchek=           0
                    conver_nodal_value check
               Convergence check for displacement
 ratio1=  4.847810859701601E-002 ratio2=  4.742604604681077E-002
                            not converged for checki=           1
 iiter=           2
Begin forming various matrix       at 2026-08-27 10:02:38 
 ktsmat=           0
 ntelgroup=           0
Begin solution global equation     at 2026-08-27 10:02:38 
                     istep=         345 iiter=           2
                     conver_load check
 resid=  3.239994688181638E-015 retot=  1.037859114307598E+016
 ratio1=  5.587312307749131E-016 ratio2=  4.455579785426283E-016
 nchek0=           0 toler_force=  1.000000000000000E-005
 nchek=           0
                    conver_nodal_value check
               Convergence check for displacement
 ratio1=  7.237028415753896E-017 ratio2=  9.996394926404020E-017
 nchek=           0
 ***********RESTART FILE IS UPDATED!*******
 time: 10:02:36
 iblks=           1 iincs=           1 istep=         346
 outinp=           0
 iiter=           1
Begin forming various matrix       at 2026-08-27 10:02:38 
 ktsmat=           0
Begin assemble golbal matrix       at 2026-08-27 10:02:38 
 ntelgroup=           0
Begin factorize global matrix      at 2026-08-27 10:02:38 
 Factorization completed ... 
Begin solution global equation     at 2026-08-27 10:02:38 
                     istep=         346 iiter=           1
                     conver_load check
 resid=  3.415654841991293E-015 retot=  1.796170112865507E+016
 ratio1=  4.360770751519374E-016 ratio2=  4.579877964002327E-016
 nchek0=           0 toler_force=  1.000000000000000E-005
 nchek=           0
                    conver_nodal_value check
               Convergence check for displacement
 ratio1=  4.116282861492038E-002 ratio2=  2.476873487939238E-002
                            not converged for checki=           1
 iiter=           2
Begin forming various matrix       at 2026-08-27 10:02:38 
 ktsmat=           0
 ntelgroup=           0
Begin solution global equation     at 2026-08-27 10:02:38 
                     istep=         346 iiter=           2
                     conver_load check
 resid=  2.121092932891786E-015 retot=  1.796170112865507E+016
 ratio1=  3.436419031917433E-016 ratio2=  3.434908473001745E-016
 nchek0=           0 toler_force=  1.000000000000000E-005
 nchek=           0
                    conver_nodal_value check
               Convergence check for displacement
 ratio1=  4.997745298478578E-017 ratio2=  3.508739064210712E-017
 nchek=           0
 ***********RESTART FILE IS UPDATED!*******
 time: 10:02:36
 iblks=           1 iincs=           1 istep=         347
 outinp=           0
 iiter=           1
Begin forming various matrix       at 2026-08-27 10:02:38 
 ktsmat=           0
Begin assemble golbal matrix       at 2026-08-27 10:02:38 
 ntelgroup=           0
Begin factorize global matrix      at 2026-08-27 10:02:38 
 Factorization completed ... 
Begin solution global equation     at 2026-08-27 10:02:38 
                     istep=         347 iiter=           1
                     conver_load check
 resid=  6.972000525587919E-015 retot=  1.610370365253092E+016
 ratio1=  6.579847386210273E-016 ratio2=  5.150742843170999E-016
 nchek0=           0 toler_force=  1.000000000000000E-005
 nchek=           0
                    conver_nodal_value check
               Convergence check for displacement
 ratio1=  4.952319057205302E-002 ratio2=  5.361029444077697E-002
                            not converged for checki=           1
 iiter=           2
Begin forming various matrix       at 2026-08-27 10:02:38 
 ktsmat=           0
 ntelgroup=           0
Begin solution global equation     at 2026-08-27 10:02:38 
                     istep=         347 iiter=           2
                     conver_load check
 resid=  6.375481786348913E-015 retot=  1.610370365253092E+016
 ratio1=  6.292071074988031E-016 ratio2=  7.679289329818581E-016
 nchek0=           0 toler_force=  1.000000000000000E-005
 nchek=           0
                    conver_nodal_value check
               Convergence check for displacement
 ratio1=  7.055368138217561E-017 ratio2=  9.660710125366204E-017
 nchek=           0
 ***********RESTART FILE IS UPDATED!*******
 time: 10:02:36
 iblks=           1 iincs=           1 istep=         348
 outinp=           0
 iiter=           1
Begin forming various matrix       at 2026-08-27 10:02:38 
 ktsmat=           0
Begin assemble golbal matrix       at 2026-08-27 10:02:38 
 ntelgroup=           0
Begin factorize global matrix      at 2026-08-27 10:02:38 
 Factorization completed ... 
Begin solution global equation     at 2026-08-27 10:02:38 
                     istep=         348 iiter=           1
                     conver_load check
 resid=  4.903240416264387E-015 retot=  1.054214571306994E+016
 ratio1=  6.819885553799527E-016 ratio2=  6.419103463951081E-016
 nchek0=           0 toler_force=  1.000000000000000E-005
 nchek=           0
                    conver_nodal_value check
               Convergence check for displacement
 ratio1=  2.958199228885566E-002 ratio2=  1.838274665460756E-002
                            not converged for checki=           1
 iiter=           2
Begin forming various matrix       at 2026-08-27 10:02:38 
 ktsmat=           0
 ntelgroup=           0
Begin solution global equation     at 2026-08-27 10:02:38 
                     istep=         348 iiter=           2
                     conver_load check
 resid=  5.686185256048799E-015 retot=  1.054214571306994E+016
 ratio1=  7.344225363830569E-016 ratio2=  7.565371939656631E-016
 nchek0=           0 toler_force=  1.000000000000000E-005
 nchek=           0
                    conver_nodal_value check
               Convergence check for displacement
 ratio1=  6.384911964381400E-017 ratio2=  1.081403524737994E-016
 nchek=           0
 ***********RESTART FILE IS UPDATED!*******
 time: 10:02:36
 iblks=           1 iincs=           1 istep=         349
 outinp=           0
 iiter=           1
Begin forming various matrix       at 2026-08-27 10:02:38 
 ktsmat=           0
Begin assemble golbal matrix       at 2026-08-27 10:02:38 
 ntelgroup=           0
Begin factorize global matrix      at 2026-08-27 10:02:38 
 Factorization completed ... 
Begin solution global equation     at 2026-08-27 10:02:38 
                     istep=         349 iiter=           1
                     conver_load check
 resid=  4.724759424503635E-015 retot=  1.160176757304189E+016
 ratio1=  6.381573412613986E-016 ratio2=  5.132803043220324E-016
 nchek0=           0 toler_force=  1.000000000000000E-005
 nchek=           0
                    conver_nodal_value check
               Convergence check for displacement
 ratio1=  4.540707094695480E-002 ratio2=  6.410744129013715E-002
                            not converged for checki=           1
 iiter=           2
Begin forming various matrix       at 2026-08-27 10:02:38 
 ktsmat=           0
 ntelgroup=           0
Begin solution global equation     at 2026-08-27 10:02:38 
                     istep=         349 iiter=           2
                     conver_load check
 resid=  5.435094181094607E-015 retot=  1.160176757304189E+016
 ratio1=  6.844495727123830E-016 ratio2=  7.785712481289258E-016
 nchek0=           0 toler_force=  1.000000000000000E-005
 nchek=           0
                    conver_nodal_value check
               Convergence check for displacement
 ratio1=  5.502301153140000E-017 ratio2=  7.587658902873941E-017
 nchek=           0
 ***********RESTART FILE IS UPDATED!*******
 time: 10:02:36
 iblks=           1 iincs=           1 istep=         350
 outinp=           0
 iiter=           1
Begin forming various matrix       at 2026-08-27 10:02:38 
 ktsmat=           0
Begin assemble golbal matrix       at 2026-08-27 10:02:38 
 ntelgroup=           0
Begin factorize global matrix      at 2026-08-27 10:02:38 
 Factorization completed ... 
Begin solution global equation     at 2026-08-27 10:02:38 
                     istep=         350 iiter=           1
                     conver_load check
 resid=  3.003941489588362E-015 retot=  9.986928154793530E+015
 ratio1=  5.484408204220404E-016 ratio2=  5.179429540893449E-016
 nchek0=           0 toler_force=  1.000000000000000E-005
 nchek=           0
                    conver_nodal_value check
               Convergence check for displacement
 ratio1=  2.534485467127943E-002 ratio2=  2.957981598653203E-002
                            not converged for checki=           1
 iiter=           2
Begin forming various matrix       at 2026-08-27 10:02:38 
 ktsmat=           0
 ntelgroup=           0
Begin solution global equation     at 2026-08-27 10:02:38 
                     istep=         350 iiter=           2
                     conver_load check
 resid=  2.968163839309300E-015 retot=  9.986928154793530E+015
 ratio1=  5.451650076415310E-016 ratio2=  6.118390451815654E-016
 nchek0=           0 toler_force=  1.000000000000000E-005
 nchek=           0
                    conver_nodal_value check
               Convergence check for displacement
 ratio1=  2.441396387617943E-017 ratio2=  3.347264023491230E-017
 nchek=           0
 ***********RESTART FILE IS UPDATED!*******
 time: 10:02:36
 iblks=           1 iincs=           1 istep=         351
 outinp=           0
 iiter=           1
Begin forming various matrix       at 2026-08-27 10:02:38 
 ktsmat=           0
Begin assemble golbal matrix       at 2026-08-27 10:02:38 
 ntelgroup=           0
Begin factorize global matrix      at 2026-08-27 10:02:38 
 Factorization completed ... 
Begin solution global equation     at 2026-08-27 10:02:38 
                     istep=         351 iiter=           1
                     conver_load check
 resid=  3.264742481555124E-015 retot=  6.846195697425205E+015
 ratio1=  6.905574430494532E-016 ratio2=  6.257518100688184E-016
 nchek0=           0 toler_force=  1.000000000000000E-005
 nchek=           0
                    conver_nodal_value check
               Convergence check for displacement
 ratio1=  2.314790634132458E-002 ratio2=  2.687282246794874E-002
                            not converged for checki=           1
 iiter=           2
Begin forming various matrix       at 2026-08-27 10:02:38 
 ktsmat=           0
 ntelgroup=           0
Begin solution global equation     at 2026-08-27 10:02:38 
                     istep=         351 iiter=           2
                     conver_load check
 resid=  2.566119808974593E-015 retot=  6.846195697425205E+015
 ratio1=  6.122288768188732E-016 ratio2=  5.455953503218572E-016
 nchek0=           0 toler_force=  1.000000000000000E-005
 nchek=           0
                    conver_nodal_value check
               Convergence check for displacement
 ratio1=  4.340025382345923E-017 ratio2=  7.098075152688434E-017
 nchek=           0
 ***********RESTART FILE IS UPDATED!*******
 time: 10:02:36
 iblks=           1 iincs=           1 istep=         352
 outinp=           0
 iiter=           1
Begin forming various matrix       at 2026-08-27 10:02:38 
 ktsmat=           0
Begin assemble golbal matrix       at 2026-08-27 10:02:38 
 ntelgroup=           0
Begin factorize global matrix      at 2026-08-27 10:02:38 
 Factorization completed ... 
Begin solution global equation     at 2026-08-27 10:02:38 
                     istep=         352 iiter=           1
                     conver_load check
 resid=  4.173853556867518E-015 retot=  4.712094720992384E+015
 ratio1=  9.411559620324280E-016 ratio2=  7.474267530886718E-016
 nchek0=           0 toler_force=  1.000000000000000E-005
 nchek=           0
                    conver_nodal_value check
               Convergence check for displacement
 ratio1=  3.828985811140714E-002 ratio2=  4.529024313811301E-002
                            not converged for checki=           1
 iiter=           2
Begin forming various matrix       at 2026-08-27 10:02:38 
 ktsmat=           0
 ntelgroup=           0
Begin solution global equation     at 2026-08-27 10:02:38 
                     istep=         352 iiter=           2
                     conver_load check
 resid=  3.540404813714599E-015 retot=  4.712094720992384E+015
 ratio1=  8.668011030812180E-016 ratio2=  7.430558364039427E-016
 nchek0=           0 toler_force=  1.000000000000000E-005
 nchek=           0
                    conver_nodal_value check
               Convergence check for displacement
 ratio1=  9.090212946475255E-017 ratio2=  1.530723332500814E-016
 nchek=           0
 ***********RESTART FILE IS UPDATED!*******
 time: 10:02:36
 iblks=           1 iincs=           1 istep=         353
 outinp=           0
 iiter=           1
Begin forming various matrix       at 2026-08-27 10:02:38 
 ktsmat=           0
Begin assemble golbal matrix       at 2026-08-27 10:02:38 
 ntelgroup=           0
Begin factorize global matrix      at 2026-08-27 10:02:38 
 Factorization completed ... 
Begin solution global equation     at 2026-08-27 10:02:38 
                     istep=         353 iiter=           1
                     conver_load check
 resid=  5.390825259508037E-015 retot=  3.550330419662548E+015
 ratio1=  1.232234149822710E-015 ratio2=  1.389554954371095E-015
 nchek0=           0 toler_force=  1.000000000000000E-005
 nchek=           0
                    conver_nodal_value check
               Convergence check for displacement
 ratio1=  2.789808430701836E-002 ratio2=  2.311027393649348E-002
                            not converged for checki=           1
 iiter=           2
Begin forming various matrix       at 2026-08-27 10:02:38 
 ktsmat=           0
 ntelgroup=           0
Begin solution global equation     at 2026-08-27 10:02:38 
                     istep=         353 iiter=           2
                     conver_load check
 resid=  3.604011507619947E-015 retot=  3.550330419662548E+015
 ratio1=  1.007531650081768E-015 ratio2=  1.061600550804490E-015
 nchek0=           0 toler_force=  1.000000000000000E-005
 nchek=           0
                    conver_nodal_value check
               Convergence check for displacement
 ratio1=  6.203074824139526E-017 ratio2=  1.313134818382807E-016
 nchek=           0
 ***********RESTART FILE IS UPDATED!*******
 time: 10:02:36
 iblks=           1 iincs=           1 istep=         354
 outinp=           0
 iiter=           1
Begin forming various matrix       at 2026-08-27 10:02:38 
 ktsmat=           0
Begin assemble golbal matrix       at 2026-08-27 10:02:38 
 ntelgroup=           0
Begin factorize global matrix      at 2026-08-27 10:02:38 
 Factorization completed ... 
Begin solution global equation     at 2026-08-27 10:02:38 
                     istep=         354 iiter=           1
                     conver_load check
 resid=  9.783271701087654E-015 retot=  3.229822205892652E+015
 ratio1=  1.740414726487041E-015 ratio2=  1.759273623725210E-015
 nchek0=           0 toler_force=  1.000000000000000E-005
 nchek=           0
                    conver_nodal_value check
               Convergence check for displacement
 ratio1=  3.199164908641919E-002 ratio2=  3.158549343153652E-002
                            not converged for checki=           1
 iiter=           2
Begin forming various matrix       at 2026-08-27 10:02:38 
 ktsmat=           0
 ntelgroup=           0
Begin solution global equation     at 2026-08-27 10:02:38 
                     istep=         354 iiter=           2
                     conver_load check
 resid=  5.524798157335738E-015 retot=  3.229822205892652E+015
 ratio1=  1.307883015719148E-015 ratio2=  1.254948518257316E-015
 nchek0=           0 toler_force=  1.000000000000000E-005
 nchek=           0
                    conver_nodal_value check
               Convergence check for displacement
 ratio1=  5.783005074211115E-017 ratio2=  8.718539753353071E-017
 nchek=           0
 ***********RESTART FILE IS UPDATED!*******
 time: 10:02:36
 iblks=           1 iincs=           1 istep=         355
 outinp=           0
 iiter=           1
Begin forming various matrix       at 2026-08-27 10:02:38 
 ktsmat=           0
Begin assemble golbal matrix       at 2026-08-27 10:02:38 
 ntelgroup=           0
Begin factorize global matrix      at 2026-08-27 10:02:38 
 Factorization completed ... 
Begin solution global equation     at 2026-08-27 10:02:38 
                     istep=         355 iiter=           1
                     conver_load check
 resid=  1.022796864741616E-014 retot=  3.443443164891660E+015
 ratio1=  1.723448198643038E-015 ratio2=  2.135144339942697E-015
 nchek0=           0 toler_force=  1.000000000000000E-005
 nchek=           0
                    conver_nodal_value check
               Convergence check for displacement
 ratio1=  3.852680306409972E-002 ratio2=  3.936602021352643E-002
                            not converged for checki=           1
 iiter=           2
Begin forming various matrix       at 2026-08-27 10:02:38 
 ktsmat=           0
 ntelgroup=           0
Begin solution global equation     at 2026-08-27 10:02:38 
                     istep=         355 iiter=           2
                     conver_load check
 resid=  8.187518856916497E-015 retot=  3.443443164891660E+015
 ratio1=  1.541983395051439E-015 ratio2=  2.234607585592202E-015
 nchek0=           0 toler_force=  1.000000000000000E-005
 nchek=           0
                    conver_nodal_value check
               Convergence check for displacement
 ratio1=  6.337577458889156E-017 ratio2=  9.894085862538993E-017
 nchek=           0
 ***********RESTART FILE IS UPDATED!*******
 time: 10:02:36
 iblks=           1 iincs=           1 istep=         356
 outinp=           0
 iiter=           1
Begin forming various matrix       at 2026-08-27 10:02:38 
 ktsmat=           0
Begin assemble golbal matrix       at 2026-08-27 10:02:38 
 ntelgroup=           0
Begin factorize global matrix      at 2026-08-27 10:02:38 
 Factorization completed ... 
Begin solution global equation     at 2026-08-27 10:02:38 
                     istep=         356 iiter=           1
                     conver_load check
 resid=  5.877696573653372E-015 retot=  4.193060518222686E+015
 ratio1=  1.183962687906619E-015 ratio2=  1.213347727012158E-015
 nchek0=           0 toler_force=  1.000000000000000E-005
 nchek=           0
                    conver_nodal_value check
               Convergence check for displacement
 ratio1=  3.492137396590271E-002 ratio2=  5.735531571600164E-002
                            not converged for checki=           1
 iiter=           2
Begin forming various matrix       at 2026-08-27 10:02:38 
 ktsmat=           0
 ntelgroup=           0
Begin solution global equation     at 2026-08-27 10:02:38 
                     istep=         356 iiter=           2
                     conver_load check
 resid=  7.226720336403657E-015 retot=  4.193060518222686E+015
 ratio1=  1.312819621040143E-015 ratio2=  1.258286531716312E-015
 nchek0=           0 toler_force=  1.000000000000000E-005
 nchek=           0
                    conver_nodal_value check
               Convergence check for displacement
 ratio1=  6.159211492147187E-017 ratio2=  8.444888639920066E-017
 nchek=           0
 ***********RESTART FILE IS UPDATED!*******
 time: 10:02:36
 iblks=           1 iincs=           1 istep=         357
 outinp=           0
 iiter=           1
Begin forming various matrix       at 2026-08-27 10:02:38 
 ktsmat=           0
Begin assemble golbal matrix       at 2026-08-27 10:02:38 
 ntelgroup=           0
Begin factorize global matrix      at 2026-08-27 10:02:38 
 Factorization completed ... 
Begin solution global equation     at 2026-08-27 10:02:38 
                     istep=         357 iiter=           1
                     conver_load check
 resid=  5.261954105124749E-015 retot=  4.881403977361809E+015
 ratio1=  1.038248118075550E-015 ratio2=  1.073174827200804E-015
 nchek0=           0 toler_force=  1.000000000000000E-005
 nchek=           0
                    conver_nodal_value check
               Convergence check for displacement
 ratio1=  3.168167622621725E-002 ratio2=  6.106282234683686E-002
                            not converged for checki=           1
 iiter=           2
Begin forming various matrix       at 2026-08-27 10:02:38 
 ktsmat=           0
 ntelgroup=           0
Begin solution global equation     at 2026-08-27 10:02:38 
                     istep=         357 iiter=           2
                     conver_load check
 resid=  4.746598270255491E-015 retot=  4.881403977361809E+015
 ratio1=  9.860952412787615E-016 ratio2=  9.936364273972049E-016
 nchek0=           0 toler_force=  1.000000000000000E-005
 nchek=           0
                    conver_nodal_value check
               Convergence check for displacement
 ratio1=  3.667258375857031E-017 ratio2=  6.578624014989091E-017
 nchek=           0
 ***********RESTART FILE IS UPDATED!*******
 time: 10:02:36
 iblks=           1 iincs=           1 istep=         358
 outinp=           0
 iiter=           1
Begin forming various matrix       at 2026-08-27 10:02:38 
 ktsmat=           0
Begin assemble golbal matrix       at 2026-08-27 10:02:38 
 ntelgroup=           0
Begin factorize global matrix      at 2026-08-27 10:02:38 
 Factorization completed ... 
Begin solution global equation     at 2026-08-27 10:02:38 
                     istep=         358 iiter=           1
                     conver_load check
 resid=  3.318714981642907E-015 retot=  5.545945822799641E+015
 ratio1=  7.735656318506654E-016 ratio2=  7.595191490176796E-016
 nchek0=           0 toler_force=  1.000000000000000E-005
 nchek=           0
                    conver_nodal_value check
               Convergence check for displacement
 ratio1=  6.906945502754190E-002 ratio2=  0.127755546944958     
                            not converged for checki=           1
 iiter=           2
Begin forming various matrix       at 2026-08-27 10:02:38 
 ktsmat=           0
 ntelgroup=           0
Begin solution global equation     at 2026-08-27 10:02:38 
                     istep=         358 iiter=           2
                     conver_load check
 resid=  2.396281579272959E-015 retot=  5.545945822799641E+015
 ratio1=  6.573264578074230E-016 ratio2=  6.445919093636886E-016
 nchek0=           0 toler_force=  1.000000000000000E-005
 nchek=           0
                    conver_nodal_value check
               Convergence check for displacement
 ratio1=  4.250540859233363E-017 ratio2=  5.456917003295436E-017
 nchek=           0
 ***********RESTART FILE IS UPDATED!*******
 time: 10:02:36
 iblks=           1 iincs=           1 istep=         359
 outinp=           0
 iiter=           1
Begin forming various matrix       at 2026-08-27 10:02:38 
 ktsmat=           0
Begin assemble golbal matrix       at 2026-08-27 10:02:38 
 ntelgroup=           0
Begin factorize global matrix      at 2026-08-27 10:02:38 
 Factorization completed ... 
Begin solution global equation     at 2026-08-27 10:02:38 
                     istep=         359 iiter=           1
                     conver_load check
 resid=  2.611449648338536E-015 retot=  5.727505741060536E+015
 ratio1=  6.752398452857136E-016 ratio2=  5.625154201962091E-016
 nchek0=           0 toler_force=  1.000000000000000E-005
 nchek=           0
                    conver_nodal_value check
               Convergence check for displacement
 ratio1=  5.623210111865993E-002 ratio2=  7.561487674598441E-002
                            not converged for checki=           1
 iiter=           2
Begin forming various matrix       at 2026-08-27 10:02:38 
 ktsmat=           0
 ntelgroup=           0
Begin solution global equation     at 2026-08-27 10:02:38 
                     istep=         359 iiter=           2
                     conver_load check
 resid=  1.300931391928862E-015 retot=  5.727505741060536E+015
 ratio1=  4.765894563396642E-016 ratio2=  3.383551399676446E-016
 nchek0=           0 toler_force=  1.000000000000000E-005
 nchek=           0
                    conver_nodal_value check
               Convergence check for displacement
 ratio1=  7.186483504128584E-017 ratio2=  1.048028021897413E-016
 nchek=           0
 ***********RESTART FILE IS UPDATED!*******
 time: 10:02:36
 iblks=           1 iincs=           1 istep=         360
 outinp=           0
 iiter=           1
Begin forming various matrix       at 2026-08-27 10:02:38 
 ktsmat=           0
Begin assemble golbal matrix       at 2026-08-27 10:02:38 
 ntelgroup=           0
Begin factorize global matrix      at 2026-08-27 10:02:38 
 Factorization completed ... 
Begin solution global equation     at 2026-08-27 10:02:38 
                     istep=         360 iiter=           1
                     conver_load check
 resid=  2.559349412994963E-015 retot=  6.272626853656768E+015
 ratio1=  6.387634594793103E-016 ratio2=  4.150149124971229E-016
 nchek0=           0 toler_force=  1.000000000000000E-005
 nchek=           0
                    conver_nodal_value check
               Convergence check for displacement
 ratio1=  3.851992071472959E-002 ratio2=  3.309089371205772E-002
                            not converged for checki=           1
 iiter=           2
Begin forming various matrix       at 2026-08-27 10:02:38 
 ktsmat=           0
 ntelgroup=           0
Begin solution global equation     at 2026-08-27 10:02:38 
                     istep=         360 iiter=           2
                     conver_load check
 resid=  1.706114143601998E-015 retot=  6.272626853656768E+015
 ratio1=  5.215300236799555E-016 ratio2=  3.043442691645568E-016
 nchek0=           0 toler_force=  1.000000000000000E-005
 nchek=           0
                    conver_nodal_value check
               Convergence check for displacement
 ratio1=  8.871648455371636E-017 ratio2=  1.123547171515009E-016
 nchek=           0
 ***********RESTART FILE IS UPDATED!*******
 time: 10:02:36
 iblks=           1 iincs=           1 istep=         361
 outinp=           0
 iiter=           1
Begin forming various matrix       at 2026-08-27 10:02:38 
 ktsmat=           0
Begin assemble golbal matrix       at 2026-08-27 10:02:38 
 ntelgroup=           0
Begin factorize global matrix      at 2026-08-27 10:02:38 
 Factorization completed ... 
Begin solution global equation     at 2026-08-27 10:02:38 
                     istep=         361 iiter=           1
                     conver_load check
 resid=  4.479563952123388E-015 retot=  4.836099922759968E+015
 ratio1=  9.624324061916607E-016 ratio2=  5.567687344467602E-016
 nchek0=           0 toler_force=  1.000000000000000E-005
 nchek=           0
                    conver_nodal_value check
               Convergence check for displacement
 ratio1=  5.192069622896930E-002 ratio2=  7.140805168988078E-002
                            not converged for checki=           1
 iiter=           2
Begin forming various matrix       at 2026-08-27 10:02:38 
 ktsmat=           0
 ntelgroup=           0
Begin solution global equation     at 2026-08-27 10:02:38 
                     istep=         361 iiter=           2
                     conver_load check
 resid=  3.492163480399720E-015 retot=  4.836099922759968E+015
 ratio1=  8.497665866754157E-016 ratio2=  5.289302977244222E-016
 nchek0=           0 toler_force=  1.000000000000000E-005
 nchek=           0
                    conver_nodal_value check
               Convergence check for displacement
 ratio1=  8.124043751054443E-017 ratio2=  1.421843619027824E-016
 nchek=           0
 ***********RESTART FILE IS UPDATED!*******
 time: 10:02:36
 iblks=           1 iincs=           1 istep=         362
 outinp=           0
 iiter=           1
Begin forming various matrix       at 2026-08-27 10:02:38 
 ktsmat=           0
Begin assemble golbal matrix       at 2026-08-27 10:02:38 
 ntelgroup=           0
Begin factorize global matrix      at 2026-08-27 10:02:38 
 Factorization completed ... 
Begin solution global equation     at 2026-08-27 10:02:38 
                     istep=         362 iiter=           1
                     conver_load check
 resid=  3.970353512130760E-015 retot=  3.873845893053605E+015
 ratio1=  1.012379677711880E-015 ratio2=  5.811275568271137E-016
 nchek0=           0 toler_force=  1.000000000000000E-005
 nchek=           0
                    conver_nodal_value check
               Convergence check for displacement
 ratio1=  2.470594805982160E-002 ratio2=  4.389203832515015E-002
                            not converged for checki=           1
 iiter=           2
Begin forming various matrix       at 2026-08-27 10:02:38 
 ktsmat=           0
 ntelgroup=           0
Begin solution global equation     at 2026-08-27 10:02:38 
                     istep=         362 iiter=           2
                     conver_load check
 resid=  2.762344713437030E-015 retot=  3.873845893053605E+015
 ratio1=  8.444379965564484E-016 ratio2=  4.766440063701840E-016
 nchek0=           0 toler_force=  1.000000000000000E-005
 nchek=           0
                    conver_nodal_value check
               Convergence check for displacement
 ratio1=  4.107464419338565E-017 ratio2=  6.229057405396279E-017
 nchek=           0
 ***********RESTART FILE IS UPDATED!*******
 time: 10:02:36
 iblks=           1 iincs=           1 istep=         363
 outinp=           0
 iiter=           1
Begin forming various matrix       at 2026-08-27 10:02:38 
 ktsmat=           0
Begin assemble golbal matrix       at 2026-08-27 10:02:38 
 ntelgroup=           0
Begin factorize global matrix      at 2026-08-27 10:02:38 
 Factorization completed ... 
Begin solution global equation     at 2026-08-27 10:02:38 
                     istep=         363 iiter=           1
                     conver_load check
 resid=  5.212854887993775E-015 retot=  2.583460424311739E+015
 ratio1=  1.420485847782321E-015 ratio2=  1.185807207019843E-015
 nchek0=           0 toler_force=  1.000000000000000E-005
 nchek=           0
                    conver_nodal_value check
               Convergence check for displacement
 ratio1=  1.893358784328506E-002 ratio2=  4.129397690554265E-002
                            not converged for checki=           1
 iiter=           2
Begin forming various matrix       at 2026-08-27 10:02:38 
 ktsmat=           0
 ntelgroup=           0
Begin solution global equation     at 2026-08-27 10:02:38 
                     istep=         363 iiter=           2
                     conver_load check
 resid=  3.331289106335558E-015 retot=  2.583460424311739E+015
 ratio1=  1.135547370061902E-015 ratio2=  9.848229346435983E-016
 nchek0=           0 toler_force=  1.000000000000000E-005
 nchek=           0
                    conver_nodal_value check
               Convergence check for displacement
 ratio1=  3.368550196666340E-017 ratio2=  7.159933950838965E-017
 nchek=           0
 ***********RESTART FILE IS UPDATED!*******
 time: 10:02:36
 iblks=           1 iincs=           1 istep=         364
 outinp=           0
 iiter=           1
Begin forming various matrix       at 2026-08-27 10:02:38 
 ktsmat=           0
Begin assemble golbal matrix       at 2026-08-27 10:02:38 
 ntelgroup=           0
Begin factorize global matrix      at 2026-08-27 10:02:38 
 Factorization completed ... 
Begin solution global equation     at 2026-08-27 10:02:38 
                     istep=         364 iiter=           1
                     conver_load check
 resid=  5.586954558058036E-015 retot=  1.888401097836874E+015
 ratio1=  1.720047527895558E-015 ratio2=  1.482718005744995E-015
 nchek0=           0 toler_force=  1.000000000000000E-005
 nchek=           0
                    conver_nodal_value check
               Convergence check for displacement
 ratio1=  1.946563160059798E-002 ratio2=  3.150210553675728E-002
                            not converged for checki=           1
 iiter=           2
Begin forming various matrix       at 2026-08-27 10:02:38 
 ktsmat=           0
 ntelgroup=           0
Begin solution global equation     at 2026-08-27 10:02:38 
                     istep=         364 iiter=           2
                     conver_load check
 resid=  4.636269981219098E-015 retot=  1.888401097836874E+015
 ratio1=  1.566885410887819E-015 ratio2=  1.295427310282469E-015
 nchek0=           0 toler_force=  1.000000000000000E-005
 nchek=           0
                    conver_nodal_value check
               Convergence check for displacement
 ratio1=  6.719857369114083E-017 ratio2=  1.731240073834611E-016
 nchek=           0
 ***********RESTART FILE IS UPDATED!*******
 time: 10:02:36
 iblks=           1 iincs=           1 istep=         365
 outinp=           0
 iiter=           1
Begin forming various matrix       at 2026-08-27 10:02:38 
 ktsmat=           0
Begin assemble golbal matrix       at 2026-08-27 10:02:38 
 ntelgroup=           0
Begin factorize global matrix      at 2026-08-27 10:02:38 
 Factorization completed ... 
Begin solution global equation     at 2026-08-27 10:02:38 
                     istep=         365 iiter=           1
                     conver_load check
 resid=  2.843680381974033E-015 retot=  1.540271205517807E+015
 ratio1=  1.358756994215751E-015 ratio2=  9.869734436114008E-016
 nchek0=           0 toler_force=  1.000000000000000E-005
 nchek=           0
                    conver_nodal_value check
               Convergence check for displacement
 ratio1=  2.456360759397351E-002 ratio2=  3.791064814536500E-002
                            not converged for checki=           1
 iiter=           2
Begin forming various matrix       at 2026-08-27 10:02:38 
 ktsmat=           0
 ntelgroup=           0
Begin solution global equation     at 2026-08-27 10:02:38 
                     istep=         365 iiter=           2
                     conver_load check
 resid=  2.607076785249687E-015 retot=  1.540271205517807E+015
 ratio1=  1.301003044699928E-015 ratio2=  1.347828140912421E-015
 nchek0=           0 toler_force=  1.000000000000000E-005
 nchek=           0
                    conver_nodal_value check
               Convergence check for displacement
 ratio1=  6.579580592967819E-017 ratio2=  2.232632625959063E-016
 nchek=           0
 ***********RESTART FILE IS UPDATED!*******
 time: 10:02:36
 iblks=           1 iincs=           1 istep=         366
 outinp=           0
 iiter=           1
Begin forming various matrix       at 2026-08-27 10:02:38 
 ktsmat=           0
Begin assemble golbal matrix       at 2026-08-27 10:02:38 
 ntelgroup=           0
Begin factorize global matrix      at 2026-08-27 10:02:38 
 Factorization completed ... 
Begin solution global equation     at 2026-08-27 10:02:38 
                     istep=         366 iiter=           1
                     conver_load check
 resid=  2.275772606235688E-015 retot=  1.140652137022140E+015
 ratio1=  1.412497941241453E-015 ratio2=  9.776447027921438E-016
 nchek0=           0 toler_force=  1.000000000000000E-005
 nchek=           0
                    conver_nodal_value check
               Convergence check for displacement
 ratio1=  3.688078026714860E-002 ratio2=  9.113428507304284E-002
                            not converged for checki=           1
 iiter=           2
Begin forming various matrix       at 2026-08-27 10:02:38 
 ktsmat=           0
 ntelgroup=           0
Begin solution global equation     at 2026-08-27 10:02:38 
                     istep=         366 iiter=           2
                     conver_load check
 resid=  1.491034427064434E-015 retot=  1.140652137022140E+015
 ratio1=  1.143318488129461E-015 ratio2=  1.510058681561189E-015
 nchek0=           0 toler_force=  1.000000000000000E-005
 nchek=           0
                    conver_nodal_value check
               Convergence check for displacement
 ratio1=  7.046241587926261E-017 ratio2=  2.104387137900241E-016
 nchek=           0
 ***********RESTART FILE IS UPDATED!*******
 time: 10:02:36
 iblks=           1 iincs=           1 istep=         367
 outinp=           0
 iiter=           1
Begin forming various matrix       at 2026-08-27 10:02:38 
 ktsmat=           0
Begin assemble golbal matrix       at 2026-08-27 10:02:38 
 ntelgroup=           0
Begin factorize global matrix      at 2026-08-27 10:02:38 
 Factorization completed ... 
Begin solution global equation     at 2026-08-27 10:02:38 
                     istep=         367 iiter=           1
                     conver_load check
 resid=  2.915677482902646E-015 retot=  1.016399459424130E+015
 ratio1=  1.693704060666075E-015 ratio2=  1.541361764764650E-015
 nchek0=           0 toler_force=  1.000000000000000E-005
 nchek=           0
                    conver_nodal_value check
               Convergence check for displacement
 ratio1=  2.942943856940216E-002 ratio2=  7.912284821351817E-002
                            not converged for checki=           1
 iiter=           2
Begin forming various matrix       at 2026-08-27 10:02:38 
 ktsmat=           0
 ntelgroup=           0
Begin solution global equation     at 2026-08-27 10:02:38 
                     istep=         367 iiter=           2
                     conver_load check
 resid=  1.382065317731908E-015 retot=  1.016399459424130E+015
 ratio1=  1.166090001739643E-015 ratio2=  8.799565298842965E-016
 nchek0=           0 toler_force=  1.000000000000000E-005
 nchek=           0
                    conver_nodal_value check
               Convergence check for displacement
 ratio1=  6.974825097251068E-017 ratio2=  2.270786793230919E-016
 nchek=           0
 ***********RESTART FILE IS UPDATED!*******
 time: 10:02:36
 iblks=           1 iincs=           1 istep=         368
 outinp=           0
 iiter=           1
Begin forming various matrix       at 2026-08-27 10:02:38 
 ktsmat=           0
Begin assemble golbal matrix       at 2026-08-27 10:02:38 
 ntelgroup=           0
Begin factorize global matrix      at 2026-08-27 10:02:38 
 Factorization completed ... 
Begin solution global equation     at 2026-08-27 10:02:38 
                     istep=         368 iiter=           1
                     conver_load check
 resid=  2.834404352063385E-015 retot=   954220408148921.     
 ratio1=  1.723481209200486E-015 ratio2=  8.681782100967798E-016
 nchek0=           0 toler_force=  1.000000000000000E-005
 nchek=           0
                    conver_nodal_value check
               Convergence check for displacement
 ratio1=  2.077938155222609E-002 ratio2=  3.723865447514224E-002
                            not converged for checki=           1
 iiter=           2
Begin forming various matrix       at 2026-08-27 10:02:38 
 ktsmat=           0
 ntelgroup=           0
Begin solution global equation     at 2026-08-27 10:02:38 
                     istep=         368 iiter=           2
                     conver_load check
 resid=  1.593019128120618E-015 retot=   954220408148921.     
 ratio1=  1.292070303616370E-015 ratio2=  7.717139645304707E-016
 nchek0=           0 toler_force=  1.000000000000000E-005
 nchek=           0
                    conver_nodal_value check
               Convergence check for displacement
 ratio1=  6.399508226695724E-017 ratio2=  2.256615660894093E-016
 nchek=           0
 ***********RESTART FILE IS UPDATED!*******
 time: 10:02:36
 iblks=           1 iincs=           1 istep=         369
 outinp=           0
 iiter=           1
Begin forming various matrix       at 2026-08-27 10:02:38 
 ktsmat=           0
Begin assemble golbal matrix       at 2026-08-27 10:02:38 
 ntelgroup=           0
Begin factorize global matrix      at 2026-08-27 10:02:38 
 Factorization completed ... 
Begin solution global equation     at 2026-08-27 10:02:38 
                     istep=         369 iiter=           1
                     conver_load check
 resid=  3.588187235969998E-015 retot=   924255416794833.     
 ratio1=  1.970341688412705E-015 ratio2=  1.054419493279635E-015
 nchek0=           0 toler_force=  1.000000000000000E-005
 nchek=           0
                    conver_nodal_value check
               Convergence check for displacement
 ratio1=  2.425024583661747E-002 ratio2=  4.339169506058205E-002
                            not converged for checki=           1
 iiter=           2
Begin forming various matrix       at 2026-08-27 10:02:38 
 ktsmat=           0
 ntelgroup=           0
Begin solution global equation     at 2026-08-27 10:02:38 
                     istep=         369 iiter=           2
                     conver_load check
 resid=  2.579002107564924E-015 retot=   924255416794833.     
 ratio1=  1.670436020163229E-015 ratio2=  7.917395493397961E-016
 nchek0=           0 toler_force=  1.000000000000000E-005
 nchek=           0
                    conver_nodal_value check
               Convergence check for displacement
 ratio1=  5.588593661793955E-017 ratio2=  1.369676822851957E-016
 nchek=           0
 ***********RESTART FILE IS UPDATED!*******
 time: 10:02:36
 iblks=           1 iincs=           1 istep=         370
 outinp=           0
 iiter=           1
Begin forming various matrix       at 2026-08-27 10:02:38 
 ktsmat=           0
Begin assemble golbal matrix       at 2026-08-27 10:02:38 
 ntelgroup=           0
Begin factorize global matrix      at 2026-08-27 10:02:38 
 Factorization completed ... 
Begin solution global equation     at 2026-08-27 10:02:38 
                     istep=         370 iiter=           1
                     conver_load check
 resid=  3.163232259181558E-015 retot=  1.534690300551050E+015
 ratio1=  1.435671788247504E-015 ratio2=  1.210997447328148E-015
 nchek0=           0 toler_force=  1.000000000000000E-005
 nchek=           0
                    conver_nodal_value check
               Convergence check for displacement
 ratio1=  1.988629706189528E-002 ratio2=  4.170548190692020E-002
                            not converged for checki=           1
 iiter=           2
Begin forming various matrix       at 2026-08-27 10:02:38 
 ktsmat=           0
 ntelgroup=           0
Begin solution global equation     at 2026-08-27 10:02:38 
                     istep=         370 iiter=           2
                     conver_load check
 resid=  3.697951467144264E-015 retot=  1.534690300551050E+015
 ratio1=  1.552280598398290E-015 ratio2=  1.399968454223308E-015
 nchek0=           0 toler_force=  1.000000000000000E-005
 nchek=           0
                    conver_nodal_value check
               Convergence check for displacement
 ratio1=  6.098950855650925E-017 ratio2=  1.566973091445673E-016
 nchek=           0
 ***********RESTART FILE IS UPDATED!*******
 time: 10:02:36
 iblks=           1 iincs=           1 istep=         371
 outinp=           0
 iiter=           1
Begin forming various matrix       at 2026-08-27 10:02:38 
 ktsmat=           0
Begin assemble golbal matrix       at 2026-08-27 10:02:38 
 ntelgroup=           0
Begin factorize global matrix      at 2026-08-27 10:02:38 
 Factorization completed ... 
Begin solution global equation     at 2026-08-27 10:02:38 
                     istep=         371 iiter=           1
                     conver_load check
 resid=  3.095354282112081E-015 retot=   865109399957392.     
 ratio1=  1.891558017632028E-015 ratio2=  1.000925163319518E-015
 nchek0=           0 toler_force=  1.000000000000000E-005
 nchek=           0
                    conver_nodal_value check
               Convergence check for displacement
 ratio1=  4.364143741289689E-002 ratio2=  0.143387738310491     
                            not converged for checki=           1
 iiter=           2
Begin forming various matrix       at 2026-08-27 10:02:38 
 ktsmat=           0
 ntelgroup=           0
Begin solution global equation     at 2026-08-27 10:02:38 
                     istep=         371 iiter=           2
                     conver_load check
 resid=  2.159508029683915E-015 retot=   865109399957392.     
 ratio1=  1.579944735528367E-015 ratio2=  1.170893587279437E-015
 nchek0=           0 toler_force=  1.000000000000000E-005
 nchek=           0
                    conver_nodal_value check
               Convergence check for displacement
 ratio1=  1.084453101454506E-016 ratio2=  3.948175557579459E-016
 nchek=           0
 ***********RESTART FILE IS UPDATED!*******
 time: 10:02:36
 iblks=           1 iincs=           1 istep=         372
 outinp=           0
 iiter=           1
Begin forming various matrix       at 2026-08-27 10:02:38 
 ktsmat=           0
Begin assemble golbal matrix       at 2026-08-27 10:02:38 
 ntelgroup=           0
Begin factorize global matrix      at 2026-08-27 10:02:38 
 Factorization completed ... 
Begin solution global equation     at 2026-08-27 10:02:38 
                     istep=         372 iiter=           1
                     conver_load check
 resid=  2.872568738270065E-015 retot=   616073784002411.     
 ratio1=  2.159329165242392E-015 ratio2=  1.598423801663630E-015
 nchek0=           0 toler_force=  1.000000000000000E-005
 nchek=           0
                    conver_nodal_value check
               Convergence check for displacement
 ratio1=  2.890746146219304E-002 ratio2=  4.943402389506589E-002
                            not converged for checki=           1
 iiter=           2
Begin forming various matrix       at 2026-08-27 10:02:38 
 ktsmat=           0
 ntelgroup=           0
Begin solution global equation     at 2026-08-27 10:02:38 
                     istep=         372 iiter=           2
                     conver_load check
 resid=  1.961976420526851E-015 retot=   616073784002411.     
 ratio1=  1.784557424788054E-015 ratio2=  1.195217797640372E-015
 nchek0=           0 toler_force=  1.000000000000000E-005
 nchek=           0
                    conver_nodal_value check
               Convergence check for displacement
 ratio1=  7.287852972470636E-017 ratio2=  3.183589468661624E-016
 nchek=           0
 ***********RESTART FILE IS UPDATED!*******
 time: 10:02:36
 iblks=           1 iincs=           1 istep=         373
 outinp=           0
 iiter=           1
Begin forming various matrix       at 2026-08-27 10:02:38 
 ktsmat=           0
Begin assemble golbal matrix       at 2026-08-27 10:02:38 
 ntelgroup=           0
Begin factorize global matrix      at 2026-08-27 10:02:38 
 Factorization completed ... 
Begin solution global equation     at 2026-08-27 10:02:38 
                     istep=         373 iiter=           1
                     conver_load check
 resid=  3.080007069984612E-015 retot=  1.129371474874170E+015
 ratio1=  1.651419656217016E-015 ratio2=  1.078531651854323E-015
 nchek0=           0 toler_force=  1.000000000000000E-005
 nchek=           0
                    conver_nodal_value check
               Convergence check for displacement
 ratio1=  2.191273729993108E-002 ratio2=  3.561178645140575E-002
                            not converged for checki=           1
 iiter=           2
Begin forming various matrix       at 2026-08-27 10:02:38 
 ktsmat=           0
 ntelgroup=           0
Begin solution global equation     at 2026-08-27 10:02:38 
                     istep=         373 iiter=           2
                     conver_load check
 resid=  1.313477193595448E-015 retot=  1.129371474874170E+015
 ratio1=  1.078432235749827E-015 ratio2=  8.125536915753850E-016
 nchek0=           0 toler_force=  1.000000000000000E-005
 nchek=           0
                    conver_nodal_value check
               Convergence check for displacement
 ratio1=  4.596934437206615E-017 ratio2=  1.448714091091575E-016
 nchek=           0
 ***********RESTART FILE IS UPDATED!*******
 time: 10:02:36
 iblks=           1 iincs=           1 istep=         374
 outinp=           0
 iiter=           1
Begin forming various matrix       at 2026-08-27 10:02:38 
 ktsmat=           0
Begin assemble golbal matrix       at 2026-08-27 10:02:38 
 ntelgroup=           0
Begin factorize global matrix      at 2026-08-27 10:02:38 
 Factorization completed ... 
Begin solution global equation     at 2026-08-27 10:02:38 
                     istep=         374 iiter=           1
                     conver_load check
 resid=  2.631930334248523E-015 retot=  1.003377810447826E+015
 ratio1=  1.619589485226779E-015 ratio2=  1.221181660762278E-015
 nchek0=           0 toler_force=  1.000000000000000E-005
 nchek=           0
                    conver_nodal_value check
               Convergence check for displacement
 ratio1=  2.375083700696613E-002 ratio2=  5.709768277395393E-002
                            not converged for checki=           1
 iiter=           2
Begin forming various matrix       at 2026-08-27 10:02:38 
 ktsmat=           0
 ntelgroup=           0
Begin solution global equation     at 2026-08-27 10:02:38 
                     istep=         374 iiter=           2
                     conver_load check
 resid=  1.187525459757024E-015 retot=  1.003377810447826E+015
 ratio1=  1.087900605493905E-015 ratio2=  7.180392938465673E-016
 nchek0=           0 toler_force=  1.000000000000000E-005
 nchek=           0
                    conver_nodal_value check
               Convergence check for displacement
 ratio1=  6.294376471609877E-017 ratio2=  2.798349876427042E-016
 nchek=           0
 ***********RESTART FILE IS UPDATED!*******
 time: 10:02:36
 iblks=           1 iincs=           1 istep=         375
 outinp=           0
 iiter=           1
Begin forming various matrix       at 2026-08-27 10:02:38 
 ktsmat=           0
Begin assemble golbal matrix       at 2026-08-27 10:02:38 
 ntelgroup=           0
Begin factorize global matrix      at 2026-08-27 10:02:38 
 Factorization completed ... 
Begin solution global equation     at 2026-08-27 10:02:38 
                     istep=         375 iiter=           1
                     conver_load check
 resid=  2.825732156658673E-015 retot=   753236851838570.     
 ratio1=  1.936866631522077E-015 ratio2=  1.834670799250469E-015
 nchek0=           0 toler_force=  1.000000000000000E-005
 nchek=           0
                    conver_nodal_value check
               Convergence check for displacement
 ratio1=  1.738539564348194E-002 ratio2=  4.538528524595361E-002
                            not converged for checki=           1
 iiter=           2
Begin forming various matrix       at 2026-08-27 10:02:38 
 ktsmat=           0
 ntelgroup=           0
Begin solution global equation     at 2026-08-27 10:02:38 
                     istep=         375 iiter=           2
                     conver_load check
 resid=  1.848216846516066E-015 retot=   753236851838570.     
 ratio1=  1.566428883352634E-015 ratio2=  2.067427542438962E-015
 nchek0=           0 toler_force=  1.000000000000000E-005
 nchek=           0
                    conver_nodal_value check
               Convergence check for displacement
 ratio1=  2.510784136560953E-017 ratio2=  7.184845807376718E-017
 nchek=           0
 ***********RESTART FILE IS UPDATED!*******
 time: 10:02:36
 iblks=           1 iincs=           1 istep=         376
 outinp=           0
 iiter=           1
Begin forming various matrix       at 2026-08-27 10:02:38 
 ktsmat=           0
Begin assemble golbal matrix       at 2026-08-27 10:02:38 
 ntelgroup=           0
Begin factorize global matrix      at 2026-08-27 10:02:38 
 Factorization completed ... 
Begin solution global equation     at 2026-08-27 10:02:38 
                     istep=         376 iiter=           1
                     conver_load check
 resid=  1.749809859497273E-015 retot=   627228952196031.     
 ratio1=  1.670253464648387E-015 ratio2=  1.217975341428166E-015
 nchek0=           0 toler_force=  1.000000000000000E-005
 nchek=           0
                    conver_nodal_value check
               Convergence check for displacement
 ratio1=  1.686223500148129E-002 ratio2=  2.610103827422015E-002
                            not converged for checki=           1
 iiter=           2
Begin forming various matrix       at 2026-08-27 10:02:38 
 ktsmat=           0
 ntelgroup=           0
Begin solution global equation     at 2026-08-27 10:02:38 
                     istep=         376 iiter=           2
                     conver_load check
 resid=  1.671692148070939E-015 retot=   627228952196031.     
 ratio1=  1.632544781224127E-015 ratio2=  1.969694497465862E-015
 nchek0=           0 toler_force=  1.000000000000000E-005
 nchek=           0
                    conver_nodal_value check
               Convergence check for displacement
 ratio1=  4.270826590344348E-017 ratio2=  1.694103088469843E-016
 nchek=           0
 ***********RESTART FILE IS UPDATED!*******
 time: 10:02:36
 iblks=           1 iincs=           1 istep=         377
 outinp=           0
 iiter=           1
Begin forming various matrix       at 2026-08-27 10:02:38 
 ktsmat=           0
Begin assemble golbal matrix       at 2026-08-27 10:02:38 
 ntelgroup=           0
Begin factorize global matrix      at 2026-08-27 10:02:38 
 Factorization completed ... 
Begin solution global equation     at 2026-08-27 10:02:38 
                     istep=         377 iiter=           1
                     conver_load check
 resid=  2.198658363799433E-015 retot=   522202696410583.     
 ratio1=  2.051914786577190E-015 ratio2=  1.695496451886897E-015
 nchek0=           0 toler_force=  1.000000000000000E-005
 nchek=           0
                    conver_nodal_value check
               Convergence check for displacement
 ratio1=  2.462418756104586E-002 ratio2=  4.499915527303995E-002
                            not converged for checki=           1
 iiter=           2
Begin forming various matrix       at 2026-08-27 10:02:38 
 ktsmat=           0
 ntelgroup=           0
Begin solution global equation     at 2026-08-27 10:02:38 
                     istep=         377 iiter=           2
                     conver_load check
 resid=  9.133090731968478E-016 retot=   522202696410583.     
 ratio1=  1.322480664435223E-015 ratio2=  8.023331424107640E-016
 nchek0=           0 toler_force=  1.000000000000000E-005
 nchek=           0
                    conver_nodal_value check
               Convergence check for displacement
 ratio1=  5.523327232151410E-017 ratio2=  1.452768389170667E-016
 nchek=           0
 ***********RESTART FILE IS UPDATED!*******
 time: 10:02:36
 iblks=           1 iincs=           1 istep=         378
 outinp=           0
 iiter=           1
Begin forming various matrix       at 2026-08-27 10:02:38 
 ktsmat=           0
Begin assemble golbal matrix       at 2026-08-27 10:02:38 
 ntelgroup=           0
Begin factorize global matrix      at 2026-08-27 10:02:38 
 Factorization completed ... 
Begin solution global equation     at 2026-08-27 10:02:38 
                     istep=         378 iiter=           1
                     conver_load check
 resid=  2.805491551856469E-015 retot=   467338831358586.     
 ratio1=  2.450126731072183E-015 ratio2=  2.969902435309266E-015
 nchek0=           0 toler_force=  1.000000000000000E-005
 nchek=           0
                    conver_nodal_value check
               Convergence check for displacement
 ratio1=  3.055014988317991E-002 ratio2=  3.260766311360427E-002
                            not converged for checki=           1
 iiter=           2
Begin forming various matrix       at 2026-08-27 10:02:38 
 ktsmat=           0
 ntelgroup=           0
Begin solution global equation     at 2026-08-27 10:02:38 
                     istep=         378 iiter=           2
                     conver_load check
 resid=  1.557222975413916E-015 retot=   467338831358586.     
 ratio1=  1.825405972905202E-015 ratio2=  1.484951217654633E-015
 nchek0=           0 toler_force=  1.000000000000000E-005
 nchek=           0
                    conver_nodal_value check
               Convergence check for displacement
 ratio1=  1.345252190785310E-016 ratio2=  4.027744539532004E-016
 nchek=           0
 ***********RESTART FILE IS UPDATED!*******
 time: 10:02:36
 iblks=           1 iincs=           1 istep=         379
 outinp=           0
 iiter=           1
Begin forming various matrix       at 2026-08-27 10:02:38 
 ktsmat=           0
Begin assemble golbal matrix       at 2026-08-27 10:02:38 
 ntelgroup=           0
Begin factorize global matrix      at 2026-08-27 10:02:38 
 Factorization completed ... 
Begin solution global equation     at 2026-08-27 10:02:38 
                     istep=         379 iiter=           1
                     conver_load check
 resid=  3.426304121844629E-015 retot=   650547051024844.     
 ratio1=  2.294951955608048E-015 ratio2=  1.832307127230312E-015
 nchek0=           0 toler_force=  1.000000000000000E-005
 nchek=           0
                    conver_nodal_value check
               Convergence check for displacement
 ratio1=  5.435112970696240E-002 ratio2=  8.793605618463966E-002
                            not converged for checki=           1
 iiter=           2
Begin forming various matrix       at 2026-08-27 10:02:38 
 ktsmat=           0
 ntelgroup=           0
Begin solution global equation     at 2026-08-27 10:02:38 
                     istep=         379 iiter=           2
                     conver_load check
 resid=  2.382203177625929E-015 retot=   650547051024844.     
 ratio1=  1.913595070488045E-015 ratio2=  1.226589147531244E-015
 nchek0=           0 toler_force=  1.000000000000000E-005
 nchek=           0
                    conver_nodal_value check
               Convergence check for displacement
 ratio1=  1.093169905071173E-016 ratio2=  3.090352084246096E-016
 nchek=           0
 ***********RESTART FILE IS UPDATED!*******
 time: 10:02:36
 iblks=           1 iincs=           1 istep=         380
 outinp=           0
 iiter=           1
Begin forming various matrix       at 2026-08-27 10:02:38 
 ktsmat=           0
Begin assemble golbal matrix       at 2026-08-27 10:02:38 
 ntelgroup=           0
Begin factorize global matrix      at 2026-08-27 10:02:38 
 Factorization completed ... 
Begin solution global equation     at 2026-08-27 10:02:38 
                     istep=         380 iiter=           1
                     conver_load check
 resid=  4.219477745390093E-015 retot=  1.116956438634005E+015
 ratio1=  1.943619431708633E-015 ratio2=  1.441132017308200E-015
 nchek0=           0 toler_force=  1.000000000000000E-005
 nchek=           0
                    conver_nodal_value check
               Convergence check for displacement
 ratio1=  4.552920676317412E-002 ratio2=  4.738545672643921E-002
                            not converged for checki=           1
 iiter=           2
Begin forming various matrix       at 2026-08-27 10:02:38 
 ktsmat=           0
 ntelgroup=           0
Begin solution global equation     at 2026-08-27 10:02:38 
                     istep=         380 iiter=           2
                     conver_load check
 resid=  5.128859334474862E-015 retot=  1.116956438634005E+015
 ratio1=  2.142852490313644E-015 ratio2=  1.279693731216298E-015
 nchek0=           0 toler_force=  1.000000000000000E-005
 nchek=           0
                    conver_nodal_value check
               Convergence check for displacement
 ratio1=  1.239200839303135E-016 ratio2=  3.876878075603297E-016
 nchek=           0
 ***********RESTART FILE IS UPDATED!*******
 time: 10:02:36
 iblks=           1 iincs=           1 istep=         381
 outinp=           0
 iiter=           1
Begin forming various matrix       at 2026-08-27 10:02:38 
 ktsmat=           0
Begin assemble golbal matrix       at 2026-08-27 10:02:38 
 ntelgroup=           0
Begin factorize global matrix      at 2026-08-27 10:02:38 
 Factorization completed ... 
Begin solution global equation     at 2026-08-27 10:02:38 
                     istep=         381 iiter=           1
                     conver_load check
 resid=  3.631731519897609E-015 retot=   414416332938079.     
 ratio1=  2.960318477544884E-015 ratio2=  2.449422946427537E-015
 nchek0=           0 toler_force=  1.000000000000000E-005
 nchek=           0
                    conver_nodal_value check
               Convergence check for displacement
 ratio1=  4.491978460243054E-002 ratio2=  0.128466729444933     
                            not converged for checki=           1
 iiter=           2
Begin forming various matrix       at 2026-08-27 10:02:38 
 ktsmat=           0
 ntelgroup=           0
Begin solution global equation     at 2026-08-27 10:02:38 
                     istep=         381 iiter=           2
                     conver_load check
 resid=  2.200779314646548E-015 retot=   414416332938079.     
 ratio1=  2.304463405481094E-015 ratio2=  1.854077091393066E-015
 nchek0=           0 toler_force=  1.000000000000000E-005
 nchek=           0
                    conver_nodal_value check
               Convergence check for displacement
 ratio1=  7.203905794100102E-017 ratio2=  2.823136345154608E-016
 nchek=           0
 ***********RESTART FILE IS UPDATED!*******
 time: 10:02:36
 iblks=           1 iincs=           1 istep=         382
 outinp=           0
 iiter=           1
Begin forming various matrix       at 2026-08-27 10:02:38 
 ktsmat=           0
Begin assemble golbal matrix       at 2026-08-27 10:02:38 
 ntelgroup=           0
Begin factorize global matrix      at 2026-08-27 10:02:38 
 Factorization completed ... 
Begin solution global equation     at 2026-08-27 10:02:38 
                     istep=         382 iiter=           1
                     conver_load check
 resid=  3.320886117183164E-015 retot=   955746357499402.     
 ratio1=  1.864041879994843E-015 ratio2=  1.877086427975580E-015
 nchek0=           0 toler_force=  1.000000000000000E-005
 nchek=           0
                    conver_nodal_value check
               Convergence check for displacement
 ratio1=  2.047652146902791E-002 ratio2=  3.610710568507475E-002
                            not converged for checki=           1
 iiter=           2
Begin forming various matrix       at 2026-08-27 10:02:38 
 ktsmat=           0
 ntelgroup=           0
Begin solution global equation     at 2026-08-27 10:02:38 
                     istep=         382 iiter=           2
                     conver_load check
 resid=  2.111014950911979E-015 retot=   955746357499402.     
 ratio1=  1.486189979552407E-015 ratio2=  1.181460281137571E-015
 nchek0=           0 toler_force=  1.000000000000000E-005
 nchek=           0
                    conver_nodal_value check
               Convergence check for displacement
 ratio1=  7.235981011541521E-017 ratio2=  2.609750920195618E-016
 nchek=           0
 ***********RESTART FILE IS UPDATED!*******
 time: 10:02:36
 iblks=           1 iincs=           1 istep=         383
 outinp=           0
 iiter=           1
Begin forming various matrix       at 2026-08-27 10:02:38 
 ktsmat=           0
Begin assemble golbal matrix       at 2026-08-27 10:02:38 
 ntelgroup=           0
Begin factorize global matrix      at 2026-08-27 10:02:38 
 Factorization completed ... 
Begin solution global equation     at 2026-08-27 10:02:38 
                     istep=         383 iiter=           1
                     conver_load check
 resid=  1.608458081350560E-015 retot=  1.274796243914087E+015
 ratio1=  1.123270842977712E-015 ratio2=  1.029862539301879E-015
 nchek0=           0 toler_force=  1.000000000000000E-005
 nchek=           0
                    conver_nodal_value check
               Convergence check for displacement
 ratio1=  3.356838785857679E-002 ratio2=  0.103867944824630     
                            not converged for checki=           1
 iiter=           2
Begin forming various matrix       at 2026-08-27 10:02:38 
 ktsmat=           0
 ntelgroup=           0
Begin solution global equation     at 2026-08-27 10:02:38 
                     istep=         383 iiter=           2
                     conver_load check
 resid=  1.043605075135772E-015 retot=  1.274796243914087E+015
 ratio1=  9.047898158948417E-016 ratio2=  8.737397607374982E-016
 nchek0=           0 toler_force=  1.000000000000000E-005
 nchek=           0
                    conver_nodal_value check
               Convergence check for displacement
 ratio1=  1.902536969078403E-017 ratio2=  5.432028893937135E-017
 nchek=           0
 ***********RESTART FILE IS UPDATED!*******
 time: 10:02:36
 iblks=           1 iincs=           1 istep=         384
 outinp=           0
 iiter=           1
Begin forming various matrix       at 2026-08-27 10:02:38 
 ktsmat=           0
Begin assemble golbal matrix       at 2026-08-27 10:02:38 
 ntelgroup=           0
Begin factorize global matrix      at 2026-08-27 10:02:38 
 Factorization completed ... 
Begin solution global equation     at 2026-08-27 10:02:38 
                     istep=         384 iiter=           1
                     conver_load check
 resid=  1.344860403249469E-015 retot=  2.157690402238754E+015
 ratio1=  7.894852828409752E-016 ratio2=  6.868849670964350E-016
 nchek0=           0 toler_force=  1.000000000000000E-005
 nchek=           0
                    conver_nodal_value check
               Convergence check for displacement
 ratio1=  2.917848055545339E-002 ratio2=  6.298697992605441E-002
                            not converged for checki=           1
 iiter=           2
Begin forming various matrix       at 2026-08-27 10:02:38 
 ktsmat=           0
 ntelgroup=           0
Begin solution global equation     at 2026-08-27 10:02:38 
                     istep=         384 iiter=           2
                     conver_load check
 resid=  8.149919700007517E-016 retot=  2.157690402238754E+015
 ratio1=  6.145852032568977E-016 ratio2=  4.040499806449618E-016
 nchek0=           0 toler_force=  1.000000000000000E-005
 nchek=           0
                    conver_nodal_value check
               Convergence check for displacement
 ratio1=  8.773146274417915E-017 ratio2=  2.305064257492777E-016
 nchek=           0
 ***********RESTART FILE IS UPDATED!*******
 time: 10:02:36
 iblks=           1 iincs=           1 istep=         385
 outinp=           0
 iiter=           1
Begin forming various matrix       at 2026-08-27 10:02:38 
 ktsmat=           0
Begin assemble golbal matrix       at 2026-08-27 10:02:38 
 ntelgroup=           0
Begin factorize global matrix      at 2026-08-27 10:02:38 
 Factorization completed ... 
Begin solution global equation     at 2026-08-27 10:02:38 
                     istep=         385 iiter=           1
                     conver_load check
 resid=  2.207045030165757E-015 retot=  3.029094948335728E+015
 ratio1=  8.535896759452199E-016 ratio2=  6.551704409988265E-016
 nchek0=           0 toler_force=  1.000000000000000E-005
 nchek=           0
                    conver_nodal_value check
               Convergence check for displacement
 ratio1=  3.110135142869199E-002 ratio2=  5.104889884354755E-002
                            not converged for checki=           1
 iiter=           2
Begin forming various matrix       at 2026-08-27 10:02:38 
 ktsmat=           0
 ntelgroup=           0
Begin solution global equation     at 2026-08-27 10:02:38 
                     istep=         385 iiter=           2
                     conver_load check
 resid=  1.129470016511576E-015 retot=  3.029094948335728E+015
 ratio1=  6.106338984445769E-016 ratio2=  5.442954432913327E-016
 nchek0=           0 toler_force=  1.000000000000000E-005
 nchek=           0
                    conver_nodal_value check
               Convergence check for displacement
 ratio1=  5.339212336471870E-017 ratio2=  2.026145550497792E-016
 nchek=           0
 ***********RESTART FILE IS UPDATED!*******
 time: 10:02:36
 iblks=           1 iincs=           1 istep=         386
 outinp=           0
 iiter=           1
Begin forming various matrix       at 2026-08-27 10:02:38 
 ktsmat=           0
Begin assemble golbal matrix       at 2026-08-27 10:02:38 
 ntelgroup=           0
Begin factorize global matrix      at 2026-08-27 10:02:38 
 Factorization completed ... 
Begin solution global equation     at 2026-08-27 10:02:38 
                     istep=         386 iiter=           1
                     conver_load check
 resid=  6.985547030003173E-015 retot=  1.327647827512458E+015
 ratio1=  2.293816993620634E-015 ratio2=  3.044152777679072E-015
 nchek0=           0 toler_force=  1.000000000000000E-005
 nchek=           0
                    conver_nodal_value check
               Convergence check for displacement
 ratio1=  6.412745850920842E-002 ratio2=  0.166287556439167     
                            not converged for checki=           1
 iiter=           2
Begin forming various matrix       at 2026-08-27 10:02:38 
 ktsmat=           0
 ntelgroup=           0
Begin solution global equation     at 2026-08-27 10:02:38 
                     istep=         386 iiter=           2
                     conver_load check
 resid=  2.650590927468639E-015 retot=  1.327647827512458E+015
 ratio1=  1.412960135221091E-015 ratio2=  1.317352664024862E-015
 nchek0=           0 toler_force=  1.000000000000000E-005
 nchek=           0
                    conver_nodal_value check
               Convergence check for displacement
 ratio1=  1.614343309360433E-016 ratio2=  7.093046891722359E-016
 nchek=           0
 ***********RESTART FILE IS UPDATED!*******
 time: 10:02:36
 iblks=           1 iincs=           1 istep=         387
 outinp=           0
 iiter=           1
Begin forming various matrix       at 2026-08-27 10:02:38 
 ktsmat=           0
Begin assemble golbal matrix       at 2026-08-27 10:02:38 
 ntelgroup=           0
Begin factorize global matrix      at 2026-08-27 10:02:38 
 Factorization completed ... 
Begin solution global equation     at 2026-08-27 10:02:38 
                     istep=         387 iiter=           1
                     conver_load check
 resid=  2.675770033395283E-015 retot=   784506590377584.     
 ratio1=  1.846826487624922E-015 ratio2=  1.435498385759530E-015
 nchek0=           0 toler_force=  1.000000000000000E-005
 nchek=           0
                    conver_nodal_value check
               Convergence check for displacement
 ratio1=  4.276994609327879E-002 ratio2=  5.529525645186572E-002
                            not converged for checki=           1
 iiter=           2
Begin forming various matrix       at 2026-08-27 10:02:38 
 ktsmat=           0
 ntelgroup=           0
Begin solution global equation     at 2026-08-27 10:02:38 
                     istep=         387 iiter=           2
                     conver_load check
 resid=  3.538908848232241E-015 retot=   784506590377585.     
 ratio1=  2.123911371595830E-015 ratio2=  1.900518989597123E-015
 nchek0=           0 toler_force=  1.000000000000000E-005
 nchek=           0
                    conver_nodal_value check
               Convergence check for displacement
 ratio1=  1.248590723729120E-016 ratio2=  2.342339662409984E-016
 nchek=           0
 ***********RESTART FILE IS UPDATED!*******
 time: 10:02:36
 iblks=           1 iincs=           1 istep=         388
 outinp=           0
 iiter=           1
Begin forming various matrix       at 2026-08-27 10:02:38 
 ktsmat=           0
Begin assemble golbal matrix       at 2026-08-27 10:02:38 
 ntelgroup=           0
Begin factorize global matrix      at 2026-08-27 10:02:38 
 Factorization completed ... 
Begin solution global equation     at 2026-08-27 10:02:38 
                     istep=         388 iiter=           1
                     conver_load check
 resid=  5.293349624702932E-015 retot=  1.000650900467096E+015
 ratio1=  2.299979656897397E-015 ratio2=  2.214739205767206E-015
 nchek0=           0 toler_force=  1.000000000000000E-005
 nchek=           0
                    conver_nodal_value check
               Convergence check for displacement
 ratio1=  5.743361517294203E-002 ratio2=  8.352114791171179E-002
                            not converged for checki=           1
 iiter=           2
Begin forming various matrix       at 2026-08-27 10:02:38 
 ktsmat=           0
 ntelgroup=           0
Begin solution global equation     at 2026-08-27 10:02:38 
                     istep=         388 iiter=           2
                     conver_load check
 resid=  2.887262174461450E-015 retot=  1.000650900467096E+015
 ratio1=  1.698641832941314E-015 ratio2=  1.563345321718028E-015
 nchek0=           0 toler_force=  1.000000000000000E-005
 nchek=           0
                    conver_nodal_value check
               Convergence check for displacement
 ratio1=  1.514867661714208E-016 ratio2=  2.815731203822455E-016
 nchek=           0
 ***********RESTART FILE IS UPDATED!*******
 time: 10:02:36
 iblks=           1 iincs=           1 istep=         389
 outinp=           0
 iiter=           1
Begin forming various matrix       at 2026-08-27 10:02:38 
 ktsmat=           0
Begin assemble golbal matrix       at 2026-08-27 10:02:38 
 ntelgroup=           0
Begin factorize global matrix      at 2026-08-27 10:02:38 
 Factorization completed ... 
Begin solution global equation     at 2026-08-27 10:02:38 
                     istep=         389 iiter=           1
                     conver_load check
 resid=  3.507647392200541E-015 retot=  1.153244207851036E+015
 ratio1=  1.744003385248835E-015 ratio2=  1.876031362588883E-015
 nchek0=           0 toler_force=  1.000000000000000E-005
 nchek=           0
                    conver_nodal_value check
               Convergence check for displacement
 ratio1=  4.438333180835657E-002 ratio2=  6.829762760868011E-002
                            not converged for checki=           1
 iiter=           2
Begin forming various matrix       at 2026-08-27 10:02:38 
 ktsmat=           0
 ntelgroup=           0
Begin solution global equation     at 2026-08-27 10:02:38 
                     istep=         389 iiter=           2
                     conver_load check
 resid=  3.155690283561002E-015 retot=  1.153244207851036E+015
 ratio1=  1.654194396305301E-015 ratio2=  1.545538790941100E-015
 nchek0=           0 toler_force=  1.000000000000000E-005
 nchek=           0
                    conver_nodal_value check
               Convergence check for displacement
 ratio1=  9.253042769334508E-017 ratio2=  2.567456870861438E-016
 nchek=           0
 ***********RESTART FILE IS UPDATED!*******
 time: 10:02:36
 iblks=           1 iincs=           1 istep=         390
 outinp=           0
 iiter=           1
Begin forming various matrix       at 2026-08-27 10:02:38 
 ktsmat=           0
Begin assemble golbal matrix       at 2026-08-27 10:02:38 
 ntelgroup=           0
Begin factorize global matrix      at 2026-08-27 10:02:38 
 Factorization completed ... 
Begin solution global equation     at 2026-08-27 10:02:38 
                     istep=         390 iiter=           1
                     conver_load check
 resid=  2.375257215050097E-015 retot=  1.098621185084602E+015
 ratio1=  1.470385929814455E-015 ratio2=  1.238763636127327E-015
 nchek0=           0 toler_force=  1.000000000000000E-005
 nchek=           0
                    conver_nodal_value check
               Convergence check for displacement
 ratio1=  3.677293253144163E-002 ratio2=  7.798109150808223E-002
                            not converged for checki=           1
 iiter=           2
Begin forming various matrix       at 2026-08-27 10:02:38 
 ktsmat=           0
 ntelgroup=           0
Begin solution global equation     at 2026-08-27 10:02:38 
                     istep=         390 iiter=           2
                     conver_load check
 resid=  1.513510669568119E-015 retot=  1.098621185084602E+015
 ratio1=  1.173731496283429E-015 ratio2=  1.287594567841890E-015
 nchek0=           0 toler_force=  1.000000000000000E-005
 nchek=           0
                    conver_nodal_value check
               Convergence check for displacement
 ratio1=  6.014303720215599E-017 ratio2=  1.929817347736476E-016
 nchek=           0
 ***********RESTART FILE IS UPDATED!*******
 time: 10:02:36
 iblks=           1 iincs=           1 istep=         391
 outinp=           0
 iiter=           1
Begin forming various matrix       at 2026-08-27 10:02:38 
 ktsmat=           0
Begin assemble golbal matrix       at 2026-08-27 10:02:38 
 ntelgroup=           0
Begin factorize global matrix      at 2026-08-27 10:02:38 
 Factorization completed ... 
Begin solution global equation     at 2026-08-27 10:02:38 
                     istep=         391 iiter=           1
                     conver_load check
 resid=  1.640296532168221E-015 retot=  1.071665279509400E+015
 ratio1=  1.237176332283257E-015 ratio2=  1.330999930817681E-015
 nchek0=           0 toler_force=  1.000000000000000E-005
 nchek=           0
                    conver_nodal_value check
               Convergence check for displacement
 ratio1=  2.440816949896068E-002 ratio2=  5.737152306489198E-002
                            not converged for checki=           1
 iiter=           2
Begin forming various matrix       at 2026-08-27 10:02:38 
 ktsmat=           0
 ntelgroup=           0
Begin solution global equation     at 2026-08-27 10:02:38 
                     istep=         391 iiter=           2
                     conver_load check
 resid=  1.333037160016744E-015 retot=  1.071665279509400E+015
 ratio1=  1.115299603580598E-015 ratio2=  8.720344374322740E-016
 nchek0=           0 toler_force=  1.000000000000000E-005
 nchek=           0
                    conver_nodal_value check
               Convergence check for displacement
 ratio1=  3.857616317946127E-017 ratio2=  1.137197582360936E-016
 nchek=           0
 ***********RESTART FILE IS UPDATED!*******
 time: 10:02:36
 iblks=           1 iincs=           1 istep=         392
 outinp=           0
 iiter=           1
Begin forming various matrix       at 2026-08-27 10:02:38 
 ktsmat=           0
Begin assemble golbal matrix       at 2026-08-27 10:02:38 
 ntelgroup=           0
Begin factorize global matrix      at 2026-08-27 10:02:38 
 Factorization completed ... 
Begin solution global equation     at 2026-08-27 10:02:38 
                     istep=         392 iiter=           1
                     conver_load check
 resid=  1.580417541293355E-015 retot=   969563834908842.     
 ratio1=  1.276726041385182E-015 ratio2=  1.229652495057964E-015
 nchek0=           0 toler_force=  1.000000000000000E-005
 nchek=           0
                    conver_nodal_value check
               Convergence check for displacement
 ratio1=  2.101228184299451E-002 ratio2=  4.642817441374762E-002
                            not converged for checki=           1
 iiter=           2
Begin forming various matrix       at 2026-08-27 10:02:38 
 ktsmat=           0
 ntelgroup=           0
Begin solution global equation     at 2026-08-27 10:02:38 
                     istep=         392 iiter=           2
                     conver_load check
 resid=  8.022408034053871E-016 retot=   969563834908842.     
 ratio1=  9.096287319318716E-016 ratio2=  1.276054476003548E-015
 nchek0=           0 toler_force=  1.000000000000000E-005
 nchek=           0
                    conver_nodal_value check
               Convergence check for displacement
 ratio1=  5.188450098516401E-017 ratio2=  2.609086025327901E-016
 nchek=           0
 ***********RESTART FILE IS UPDATED!*******
 time: 10:02:36
 iblks=           1 iincs=           1 istep=         393
 outinp=           0
 iiter=           1
Begin forming various matrix       at 2026-08-27 10:02:38 
 ktsmat=           0
Begin assemble golbal matrix       at 2026-08-27 10:02:38 
 ntelgroup=           0
Begin factorize global matrix      at 2026-08-27 10:02:38 
 Factorization completed ... 
Begin solution global equation     at 2026-08-27 10:02:38 
                     istep=         393 iiter=           1
                     conver_load check
 resid=  1.905668866419272E-015 retot=  1.581997228413677E+015
 ratio1=  1.097541271499336E-015 ratio2=  1.087795164195917E-015
 nchek0=           0 toler_force=  1.000000000000000E-005
 nchek=           0
                    conver_nodal_value check
               Convergence check for displacement
 ratio1=  2.280476288343871E-002 ratio2=  5.334634434498713E-002
                            not converged for checki=           1
 iiter=           2
Begin forming various matrix       at 2026-08-27 10:02:38 
 ktsmat=           0
 ntelgroup=           0
Begin solution global equation     at 2026-08-27 10:02:38 
                     istep=         393 iiter=           2
                     conver_load check
 resid=  7.710768558960471E-016 retot=  1.581997228413677E+015
 ratio1=  6.981455509838451E-016 ratio2=  7.559800548804792E-016
 nchek0=           0 toler_force=  1.000000000000000E-005
 nchek=           0
                    conver_nodal_value check
               Convergence check for displacement
 ratio1=  4.873786137532670E-017 ratio2=  1.942707380617830E-016
 nchek=           0
 ***********RESTART FILE IS UPDATED!*******
 time: 10:02:36
 iblks=           1 iincs=           1 istep=         394
 outinp=           0
 iiter=           1
Begin forming various matrix       at 2026-08-27 10:02:38 
 ktsmat=           0
Begin assemble golbal matrix       at 2026-08-27 10:02:38 
 ntelgroup=           0
Begin factorize global matrix      at 2026-08-27 10:02:38 
 Factorization completed ... 
Begin solution global equation     at 2026-08-27 10:02:38 
                     istep=         394 iiter=           1
                     conver_load check
 resid=  1.740535653313081E-015 retot=  1.304062324438176E+015
 ratio1=  1.155293388463724E-015 ratio2=  9.368762896724825E-016
 nchek0=           0 toler_force=  1.000000000000000E-005
 nchek=           0
                    conver_nodal_value check
               Convergence check for displacement
 ratio1=  2.795977797977683E-002 ratio2=  6.026329820439300E-002
                            not converged for checki=           1
 iiter=           2
Begin forming various matrix       at 2026-08-27 10:02:38 
 ktsmat=           0
 ntelgroup=           0
Begin solution global equation     at 2026-08-27 10:02:38 
                     istep=         394 iiter=           2
                     conver_load check
 resid=  1.320536670321837E-015 retot=  1.304062324438176E+015
 ratio1=  1.006296724149740E-015 ratio2=  8.282895498991221E-016
 nchek0=           0 toler_force=  1.000000000000000E-005
 nchek=           0
                    conver_nodal_value check
               Convergence check for displacement
 ratio1=  5.343056268174116E-017 ratio2=  2.034362700821271E-016
 nchek=           0
 ***********RESTART FILE IS UPDATED!*******
 time: 10:02:36
 iblks=           1 iincs=           1 istep=         395
 outinp=           0
 iiter=           1
Begin forming various matrix       at 2026-08-27 10:02:38 
 ktsmat=           0
Begin assemble golbal matrix       at 2026-08-27 10:02:38 
 ntelgroup=           0
Begin factorize global matrix      at 2026-08-27 10:02:38 
 Factorization completed ... 
Begin solution global equation     at 2026-08-27 10:02:38 
                     istep=         395 iiter=           1
                     conver_load check
 resid=  2.705873435005520E-015 retot=   481262443396766.     
 ratio1=  2.371170338530424E-015 ratio2=  1.992191679105170E-015
 nchek0=           0 toler_force=  1.000000000000000E-005
 nchek=           0
                    conver_nodal_value check
               Convergence check for displacement
 ratio1=  3.551152681086511E-002 ratio2=  4.795992022957306E-002
                            not converged for checki=           1
 iiter=           2
Begin forming various matrix       at 2026-08-27 10:02:38 
 ktsmat=           0
 ntelgroup=           0
Begin solution global equation     at 2026-08-27 10:02:38 
                     istep=         395 iiter=           2
                     conver_load check
 resid=  2.030437770032053E-015 retot=   481262443396766.     
 ratio1=  2.054016159250701E-015 ratio2=  1.521984947390906E-015
 nchek0=           0 toler_force=  1.000000000000000E-005
 nchek=           0
                    conver_nodal_value check
               Convergence check for displacement
 ratio1=  4.142726332950816E-017 ratio2=  8.741425434086356E-017
 nchek=           0
 ***********RESTART FILE IS UPDATED!*******
 time: 10:02:36
 iblks=           1 iincs=           1 istep=         396
 outinp=           0
 iiter=           1
Begin forming various matrix       at 2026-08-27 10:02:38 
 ktsmat=           0
Begin assemble golbal matrix       at 2026-08-27 10:02:38 
 ntelgroup=           0
Begin factorize global matrix      at 2026-08-27 10:02:38 
 Factorization completed ... 
Begin solution global equation     at 2026-08-27 10:02:38 
                     istep=         396 iiter=           1
                     conver_load check
 resid=  2.737056381480281E-015 retot=   464279365472297.     
 ratio1=  2.428019558059976E-015 ratio2=  2.508225601623409E-015
 nchek0=           0 toler_force=  1.000000000000000E-005
 nchek=           0
                    conver_nodal_value check
               Convergence check for displacement
 ratio1=  5.290542331270498E-002 ratio2=  6.138490212526231E-002
                            not converged for checki=           1
 iiter=           2
Begin forming various matrix       at 2026-08-27 10:02:38 
 ktsmat=           0
 ntelgroup=           0
Begin solution global equation     at 2026-08-27 10:02:38 
                     istep=         396 iiter=           2
                     conver_load check
 resid=  1.201442945823592E-015 retot=   464279365472297.     
 ratio1=  1.608651190870852E-015 ratio2=  1.245581421214346E-015
 nchek0=           0 toler_force=  1.000000000000000E-005
 nchek=           0
                    conver_nodal_value check
               Convergence check for displacement
 ratio1=  7.694692595065747E-017 ratio2=  1.327610359688167E-016
 nchek=           0
 ***********RESTART FILE IS UPDATED!*******
 time: 10:02:36
 iblks=           1 iincs=           1 istep=         397
 outinp=           0
 iiter=           1
Begin forming various matrix       at 2026-08-27 10:02:38 
 ktsmat=           0
Begin assemble golbal matrix       at 2026-08-27 10:02:38 
 ntelgroup=           0
Begin factorize global matrix      at 2026-08-27 10:02:38 
 Factorization completed ... 
Begin solution global equation     at 2026-08-27 10:02:38 
                     istep=         397 iiter=           1
                     conver_load check
 resid=  2.129218240264352E-015 retot=   528731943465029.     
 ratio1=  2.006745576749091E-015 ratio2=  1.546850527811890E-015
 nchek0=           0 toler_force=  1.000000000000000E-005
 nchek=           0
                    conver_nodal_value check
               Convergence check for displacement
 ratio1=  7.756845519926227E-002 ratio2=  0.163734502171916     
                            not converged for checki=           1
 iiter=           2
Begin forming various matrix       at 2026-08-27 10:02:38 
 ktsmat=           0
 ntelgroup=           0
Begin solution global equation     at 2026-08-27 10:02:38 
                     istep=         397 iiter=           2
                     conver_load check
 resid=  2.189746462767967E-015 retot=   528731943465029.     
 ratio1=  2.035069015744814E-015 ratio2=  1.539851204156633E-015
 nchek0=           0 toler_force=  1.000000000000000E-005
 nchek=           0
                    conver_nodal_value check
               Convergence check for displacement
 ratio1=  1.787660218386388E-016 ratio2=  5.825707458700533E-016
 nchek=           0
 ***********RESTART FILE IS UPDATED!*******
 time: 10:02:36
 iblks=           1 iincs=           1 istep=         398
 outinp=           0
 iiter=           1
Begin forming various matrix       at 2026-08-27 10:02:38 
 ktsmat=           0
Begin assemble golbal matrix       at 2026-08-27 10:02:38 
 ntelgroup=           0
Begin factorize global matrix      at 2026-08-27 10:02:38 
 Factorization completed ... 
Begin solution global equation     at 2026-08-27 10:02:38 
                     istep=         398 iiter=           1
                     conver_load check
 resid=  2.588061101887842E-015 retot=   862839560926967.     
 ratio1=  1.731897710666530E-015 ratio2=  1.982360689648299E-015
 nchek0=           0 toler_force=  1.000000000000000E-005
 nchek=           0
                    conver_nodal_value check
               Convergence check for displacement
 ratio1=  5.413574921507114E-002 ratio2=  8.917772023170331E-002
                            not converged for checki=           1
 iiter=           2
Begin forming various matrix       at 2026-08-27 10:02:38 
 ktsmat=           0
 ntelgroup=           0
Begin solution global equation     at 2026-08-27 10:02:38 
                     istep=         398 iiter=           2
                     conver_load check
 resid=  1.866910387257634E-015 retot=   862839560926967.     
 ratio1=  1.470945938536089E-015 ratio2=  1.518650586806592E-015
 nchek0=           0 toler_force=  1.000000000000000E-005
 nchek=           0
                    conver_nodal_value check
               Convergence check for displacement
 ratio1=  1.211562459331743E-016 ratio2=  6.295825589144895E-016
 nchek=           0
 ***********RESTART FILE IS UPDATED!*******
 time: 10:02:36
 iblks=           1 iincs=           1 istep=         399
 outinp=           0
 iiter=           1
Begin forming various matrix       at 2026-08-27 10:02:38 
 ktsmat=           0
Begin assemble golbal matrix       at 2026-08-27 10:02:38 
 ntelgroup=           0
Begin factorize global matrix      at 2026-08-27 10:02:38 
 Factorization completed ... 
Begin solution global equation     at 2026-08-27 10:02:38 
                     istep=         399 iiter=           1
                     conver_load check
 resid=  2.916542152788126E-015 retot=  1.054892117261129E+015
 ratio1=  1.662762055624444E-015 ratio2=  2.114721194222411E-015
 nchek0=           0 toler_force=  1.000000000000000E-005
 nchek=           0
                    conver_nodal_value check
               Convergence check for displacement
 ratio1=  3.505280470736165E-002 ratio2=  5.510413546061184E-002
                            not converged for checki=           1
 iiter=           2
Begin forming various matrix       at 2026-08-27 10:02:38 
 ktsmat=           0
 ntelgroup=           0
Begin solution global equation     at 2026-08-27 10:02:38 
                     istep=         399 iiter=           2
                     conver_load check
 resid=  2.520924000094142E-015 retot=  1.054892117261129E+015
 ratio1=  1.545880265013705E-015 ratio2=  1.361674134816382E-015
 nchek0=           0 toler_force=  1.000000000000000E-005
 nchek=           0
                    conver_nodal_value check
               Convergence check for displacement
 ratio1=  6.076223075865639E-017 ratio2=  2.308288460820494E-016
 nchek=           0
 ***********RESTART FILE IS UPDATED!*******
 time: 10:02:36
 iblks=           1 iincs=           1 istep=         400
 outinp=           0
 iiter=           1
Begin forming various matrix       at 2026-08-27 10:02:38 
 ktsmat=           0
Begin assemble golbal matrix       at 2026-08-27 10:02:38 
 ntelgroup=           0
Begin factorize global matrix      at 2026-08-27 10:02:38 
 Factorization completed ... 
Begin solution global equation     at 2026-08-27 10:02:38 
                     istep=         400 iiter=           1
                     conver_load check
 resid=  2.403043141214870E-015 retot=  1.080736648750260E+015
 ratio1=  1.491148322583807E-015 ratio2=  1.088055550748050E-015
 nchek0=           0 toler_force=  1.000000000000000E-005
 nchek=           0
                    conver_nodal_value check
               Convergence check for displacement
 ratio1=  2.857089317596088E-002 ratio2=  3.882364508752497E-002
                            not converged for checki=           1
 iiter=           2
Begin forming various matrix       at 2026-08-27 10:02:38 
 ktsmat=           0
 ntelgroup=           0
Begin solution global equation     at 2026-08-27 10:02:38 
                     istep=         400 iiter=           2
                     conver_load check
 resid=  2.081360202782827E-015 retot=  1.080736648750260E+015
 ratio1=  1.387757821141379E-015 ratio2=  1.528338494539121E-015
 nchek0=           0 toler_force=  1.000000000000000E-005
 nchek=           0
                    conver_nodal_value check
               Convergence check for displacement
 ratio1=  7.044950917547996E-017 ratio2=  2.115344025289284E-016
 nchek=           0
 ***********RESTART FILE IS UPDATED!*******
 time: 10:02:36
 iblks=           1 iincs=           1 istep=         401
 outinp=           0
 iiter=           1
Begin forming various matrix       at 2026-08-27 10:02:38 
 ktsmat=           0
Begin assemble golbal matrix       at 2026-08-27 10:02:38 
 ntelgroup=           0
Begin factorize global matrix      at 2026-08-27 10:02:38 
 Factorization completed ... 
Begin solution global equation     at 2026-08-27 10:02:38 
                     istep=         401 iiter=           1
                     conver_load check
 resid=  1.037218185835734E-015 retot=   656045138149519.     
 ratio1=  1.257384784566134E-015 ratio2=  9.207580389827043E-016
 nchek0=           0 toler_force=  1.000000000000000E-005
 nchek=           0
                    conver_nodal_value check
               Convergence check for displacement
 ratio1=  3.162636408531146E-002 ratio2=  6.112296556998643E-002
                            not converged for checki=           1
 iiter=           2
Begin forming various matrix       at 2026-08-27 10:02:38 
 ktsmat=           0
 ntelgroup=           0
Begin solution global equation     at 2026-08-27 10:02:38 
                     istep=         401 iiter=           2
                     conver_load check
 resid=  6.604301124995976E-016 retot=   656045138149519.     
 ratio1=  1.003336410287499E-015 ratio2=  1.049106129265142E-015
 nchek0=           0 toler_force=  1.000000000000000E-005
 nchek=           0
                    conver_nodal_value check
               Convergence check for displacement
 ratio1=  5.593620844808390E-017 ratio2=  1.200455893705862E-016
 nchek=           0
 ***********RESTART FILE IS UPDATED!*******
 time: 10:02:36
 iblks=           1 iincs=           1 istep=         402
 outinp=           0
 iiter=           1
Begin forming various matrix       at 2026-08-27 10:02:38 
 ktsmat=           0
Begin assemble golbal matrix       at 2026-08-27 10:02:38 
 ntelgroup=           0
Begin factorize global matrix      at 2026-08-27 10:02:38 
 Factorization completed ... 
Begin solution global equation     at 2026-08-27 10:02:38 
                     istep=         402 iiter=           1
                     conver_load check
 resid=  1.192451260040146E-015 retot=   724093438120124.     
 ratio1=  1.283284688443289E-015 ratio2=  1.245319171894172E-015
 nchek0=           0 toler_force=  1.000000000000000E-005
 nchek=           0
                    conver_nodal_value check
               Convergence check for displacement
 ratio1=  4.874673942683504E-002 ratio2=  0.111214663919387     
                            not converged for checki=           1
 iiter=           2
Begin forming various matrix       at 2026-08-27 10:02:38 
 ktsmat=           0
 ntelgroup=           0
Begin solution global equation     at 2026-08-27 10:02:38 
                     istep=         402 iiter=           2
                     conver_load check
 resid=  4.018370275568118E-016 retot=   724093438120124.     
 ratio1=  7.449509364009579E-016 ratio2=  4.866028640820415E-016
 nchek0=           0 toler_force=  1.000000000000000E-005
 nchek=           0
                    conver_nodal_value check
               Convergence check for displacement
 ratio1=  4.149540556273550E-017 ratio2=  7.797146160557351E-017
 nchek=           0
 ***********RESTART FILE IS UPDATED!*******
 time: 10:02:36
 iblks=           1 iincs=           1 istep=         403
 outinp=           0
 iiter=           1
Begin forming various matrix       at 2026-08-27 10:02:38 
 ktsmat=           0
Begin assemble golbal matrix       at 2026-08-27 10:02:38 
 ntelgroup=           0
Begin factorize global matrix      at 2026-08-27 10:02:38 
 Factorization completed ... 
Begin solution global equation     at 2026-08-27 10:02:38 
                     istep=         403 iiter=           1
                     conver_load check
 resid=  9.751546831370482E-016 retot=   766681667997366.     
 ratio1=  1.127792535676466E-015 ratio2=  7.378099781155753E-016
 nchek0=           0 toler_force=  1.000000000000000E-005
 nchek=           0
                    conver_nodal_value check
               Convergence check for displacement
 ratio1=  4.850853084918965E-002 ratio2=  5.143975728880581E-002
                            not converged for checki=           1
 iiter=           2
Begin forming various matrix       at 2026-08-27 10:02:38 
 ktsmat=           0
 ntelgroup=           0
Begin solution global equation     at 2026-08-27 10:02:38 
                     istep=         403 iiter=           2
                     conver_load check
 resid=  1.013410516331795E-015 retot=   766681667997366.     
 ratio1=  1.149701674365870E-015 ratio2=  1.460515905810670E-015
 nchek0=           0 toler_force=  1.000000000000000E-005
 nchek=           0
                    conver_nodal_value check
               Convergence check for displacement
 ratio1=  1.343221488231693E-016 ratio2=  3.273616109877021E-016
 nchek=           0
 ***********RESTART FILE IS UPDATED!*******
 time: 10:02:36
 iblks=           1 iincs=           1 istep=         404
 outinp=           0
 iiter=           1
Begin forming various matrix       at 2026-08-27 10:02:38 
 ktsmat=           0
Begin assemble golbal matrix       at 2026-08-27 10:02:38 
 ntelgroup=           0
Begin factorize global matrix      at 2026-08-27 10:02:38 
 Factorization completed ... 
Begin solution global equation     at 2026-08-27 10:02:38 
                     istep=         404 iiter=           1
                     conver_load check
 resid=  2.333408428152546E-015 retot=   838323418188335.     
 ratio1=  1.668359282426612E-015 ratio2=  1.675911473911916E-015
 nchek0=           0 toler_force=  1.000000000000000E-005
 nchek=           0
                    conver_nodal_value check
               Convergence check for displacement
 ratio1=  0.109196453970544      ratio2=  0.117781526719271     
                            not converged for checki=           1
 iiter=           2
Begin forming various matrix       at 2026-08-27 10:02:38 
 ktsmat=           0
 ntelgroup=           0
Begin solution global equation     at 2026-08-27 10:02:38 
                     istep=         404 iiter=           2
                     conver_load check
 resid=  1.355421145554522E-015 retot=   838323418188335.     
 ratio1=  1.271543813596450E-015 ratio2=  1.306290311766081E-015
 nchek0=           0 toler_force=  1.000000000000000E-005
 nchek=           0
                    conver_nodal_value check
               Convergence check for displacement
 ratio1=  2.792235784353475E-016 ratio2=  6.457980187631637E-016
 nchek=           0
 ***********RESTART FILE IS UPDATED!*******
 time: 10:02:36
 iblks=           1 iincs=           1 istep=         405
 outinp=           0
 iiter=           1
Begin forming various matrix       at 2026-08-27 10:02:38 
 ktsmat=           0
Begin assemble golbal matrix       at 2026-08-27 10:02:38 
 ntelgroup=           0
Begin factorize global matrix      at 2026-08-27 10:02:38 
 Factorization completed ... 
Begin solution global equation     at 2026-08-27 10:02:38 
                     istep=         405 iiter=           1
                     conver_load check
 resid=  1.255561574815246E-015 retot=   473561859433419.     
 ratio1=  1.628285852447780E-015 ratio2=  1.260214880349387E-015
 nchek0=           0 toler_force=  1.000000000000000E-005
 nchek=           0
                    conver_nodal_value check
               Convergence check for displacement
 ratio1=  0.127576023364755      ratio2=  0.211817709446633     
                            not converged for checki=           1
 iiter=           2
Begin forming various matrix       at 2026-08-27 10:02:38 
 ktsmat=           0
 ntelgroup=           0
Begin solution global equation     at 2026-08-27 10:02:38 
                     istep=         405 iiter=           2
                     conver_load check
 resid=  8.538837348038700E-016 retot=   473561859433419.     
 ratio1=  1.342799008558217E-015 ratio2=  1.698203413511357E-015
 nchek0=           0 toler_force=  1.000000000000000E-005
 nchek=           0
                    conver_nodal_value check
               Convergence check for displacement
 ratio1=  1.785116104491049E-016 ratio2=  3.773798590070948E-016
 nchek=           0
 ***********RESTART FILE IS UPDATED!*******
 time: 10:02:36
 iblks=           1 iincs=           1 istep=         406
 outinp=           0
 iiter=           1
Begin forming various matrix       at 2026-08-27 10:02:38 
 ktsmat=           0
Begin assemble golbal matrix       at 2026-08-27 10:02:38 
 ntelgroup=           0
Begin factorize global matrix      at 2026-08-27 10:02:38 
 Factorization completed ... 
Begin solution global equation     at 2026-08-27 10:02:38 
                     istep=         406 iiter=           1
                     conver_load check
 resid=  1.790539491964049E-015 retot=  1.366992556910604E+015
 ratio1=  1.144481764190933E-015 ratio2=  7.513206987944074E-016
 nchek0=           0 toler_force=  1.000000000000000E-005
 nchek=           0
                    conver_nodal_value check
               Convergence check for displacement
 ratio1=  6.438130744653003E-002 ratio2=  0.120757521909584     
                            not converged for checki=           1
 iiter=           2
Begin forming various matrix       at 2026-08-27 10:02:38 
 ktsmat=           0
 ntelgroup=           0
Begin solution global equation     at 2026-08-27 10:02:38 
                     istep=         406 iiter=           2
                     conver_load check
 resid=  1.474218031585363E-015 retot=  1.366992556910604E+015
 ratio1=  1.038479157293893E-015 ratio2=  7.513206987944074E-016
 nchek0=           0 toler_force=  1.000000000000000E-005
 nchek=           0
                    conver_nodal_value check
               Convergence check for displacement
 ratio1=  9.983854251356773E-017 ratio2=  1.703142566768586E-016
 nchek=           0
 ***********RESTART FILE IS UPDATED!*******
 time: 10:02:36
 iblks=           1 iincs=           1 istep=         407
 outinp=           0
 iiter=           1
Begin forming various matrix       at 2026-08-27 10:02:38 
 ktsmat=           0
Begin assemble golbal matrix       at 2026-08-27 10:02:38 
 ntelgroup=           0
Begin factorize global matrix      at 2026-08-27 10:02:38 
 Factorization completed ... 
Begin solution global equation     at 2026-08-27 10:02:38 
                     istep=         407 iiter=           1
                     conver_load check
 resid=  2.249591330067652E-015 retot=  2.375749202645242E+015
 ratio1=  9.730866596007350E-016 ratio2=  6.784302657635638E-016
 nchek0=           0 toler_force=  1.000000000000000E-005
 nchek=           0
                    conver_nodal_value check
               Convergence check for displacement
 ratio1=  3.506981122175067E-002 ratio2=  6.799336231007461E-002
                            not converged for checki=           1
 iiter=           2
Begin forming various matrix       at 2026-08-27 10:02:38 
 ktsmat=           0
 ntelgroup=           0
Begin solution global equation     at 2026-08-27 10:02:38 
                     istep=         407 iiter=           2
                     conver_load check
 resid=  1.357129182684673E-015 retot=  2.375749202645242E+015
 ratio1=  7.558059361636031E-016 ratio2=  8.129712889318655E-016
 nchek0=           0 toler_force=  1.000000000000000E-005
 nchek=           0
                    conver_nodal_value check
               Convergence check for displacement
 ratio1=  4.188922610041025E-017 ratio2=  6.848002201021666E-017
 nchek=           0
 ***********RESTART FILE IS UPDATED!*******
 time: 10:02:36
 iblks=           1 iincs=           1 istep=         408
 outinp=           0
 iiter=           1
Begin forming various matrix       at 2026-08-27 10:02:38 
 ktsmat=           0
Begin assemble golbal matrix       at 2026-08-27 10:02:38 
 ntelgroup=           0
Begin factorize global matrix      at 2026-08-27 10:02:38 
 Factorization completed ... 
Begin solution global equation     at 2026-08-27 10:02:38 
                     istep=         408 iiter=           1
                     conver_load check
 resid=  1.858888039314407E-015 retot=  3.071228756435055E+015
 ratio1=  7.779837642114013E-016 ratio2=  5.933495233791316E-016
 nchek0=           0 toler_force=  1.000000000000000E-005
 nchek=           0
                    conver_nodal_value check
               Convergence check for displacement
 ratio1=  3.512237100197045E-002 ratio2=  5.792203314971293E-002
                            not converged for checki=           1
 iiter=           2
Begin forming various matrix       at 2026-08-27 10:02:38 
 ktsmat=           0
 ntelgroup=           0
Begin solution global equation     at 2026-08-27 10:02:38 
                     istep=         408 iiter=           2
                     conver_load check
 resid=  1.891400468675068E-015 retot=  3.071228756435055E+015
 ratio1=  7.847578404742202E-016 ratio2=  8.794287578654986E-016
 nchek0=           0 toler_force=  1.000000000000000E-005
 nchek=           0
                    conver_nodal_value check
               Convergence check for displacement
 ratio1=  7.507750938306222E-017 ratio2=  1.540958800670382E-016
 nchek=           0
 ***********RESTART FILE IS UPDATED!*******
 time: 10:02:36
 iblks=           1 iincs=           1 istep=         409
 outinp=           0
 iiter=           1
Begin forming various matrix       at 2026-08-27 10:02:38 
 ktsmat=           0
Begin assemble golbal matrix       at 2026-08-27 10:02:38 
 ntelgroup=           0
Begin factorize global matrix      at 2026-08-27 10:02:38 
 Factorization completed ... 
Begin solution global equation     at 2026-08-27 10:02:38 
                     istep=         409 iiter=           1
                     conver_load check
 resid=  1.707725892686511E-015 retot=  5.983379834417000E+015
 ratio1=  5.342392535819107E-016 ratio2=  3.475028529306577E-016
 nchek0=           0 toler_force=  1.000000000000000E-005
 nchek=           0
                    conver_nodal_value check
               Convergence check for displacement
 ratio1=  3.859418015293822E-002 ratio2=  6.549692572959588E-002
                            not converged for checki=           1
 iiter=           2
Begin forming various matrix       at 2026-08-27 10:02:38 
 ktsmat=           0
 ntelgroup=           0
Begin solution global equation     at 2026-08-27 10:02:38 
                     istep=         409 iiter=           2
                     conver_load check
 resid=  1.934911692394832E-015 retot=  5.983379834417000E+015
 ratio1=  5.686660324977725E-016 ratio2=  5.842630384438531E-016
 nchek0=           0 toler_force=  1.000000000000000E-005
 nchek=           0
                    conver_nodal_value check
               Convergence check for displacement
 ratio1=  4.000746009119850E-017 ratio2=  9.218864507939961E-017
 nchek=           0
 ***********RESTART FILE IS UPDATED!*******
 time: 10:02:36
 iblks=           1 iincs=           1 istep=         410
 outinp=           0
 iiter=           1
Begin forming various matrix       at 2026-08-27 10:02:38 
 ktsmat=           0
Begin assemble golbal matrix       at 2026-08-27 10:02:38 
 ntelgroup=           0
Begin factorize global matrix      at 2026-08-27 10:02:38 
 Factorization completed ... 
Begin solution global equation     at 2026-08-27 10:02:38 
                     istep=         410 iiter=           1
                     conver_load check
 resid=  3.157863950814348E-015 retot=  9.580420943665328E+015
 ratio1=  5.741222947048187E-016 ratio2=  5.855236850487913E-016
 nchek0=           0 toler_force=  1.000000000000000E-005
 nchek=           0
                    conver_nodal_value check
               Convergence check for displacement
 ratio1=  2.617103908160105E-002 ratio2=  3.035863878902368E-002
                            not converged for checki=           1
 iiter=           2
Begin forming various matrix       at 2026-08-27 10:02:38 
 ktsmat=           0
 ntelgroup=           0
Begin solution global equation     at 2026-08-27 10:02:38 
                     istep=         410 iiter=           2
                     conver_load check
 resid=  2.819683158563157E-015 retot=  9.580420943665328E+015
 ratio1=  5.425101393644336E-016 ratio2=  5.483475780615665E-016
 nchek0=           0 toler_force=  1.000000000000000E-005
 nchek=           0
                    conver_nodal_value check
               Convergence check for displacement
 ratio1=  4.448999723295195E-017 ratio2=  6.786448087452899E-017
 nchek=           0
 ***********RESTART FILE IS UPDATED!*******
 time: 10:02:36
 iblks=           1 iincs=           1 istep=         411
 outinp=           0
 iiter=           1
Begin forming various matrix       at 2026-08-27 10:02:38 
 ktsmat=           0
Begin assemble golbal matrix       at 2026-08-27 10:02:38 
 ntelgroup=           0
Begin factorize global matrix      at 2026-08-27 10:02:38 
 Factorization completed ... 
Begin solution global equation     at 2026-08-27 10:02:38 
                     istep=         411 iiter=           1
                     conver_load check
 resid=  3.278977241869664E-015 retot=  1.188978879242864E+016
 ratio1=  5.251485022776184E-016 ratio2=  5.080989869791468E-016
 nchek0=           0 toler_force=  1.000000000000000E-005
 nchek=           0
                    conver_nodal_value check
               Convergence check for displacement
 ratio1=  2.091450427254499E-002 ratio2=  2.266528106391443E-002
                            not converged for checki=           1
 iiter=           2
Begin forming various matrix       at 2026-08-27 10:02:38 
 ktsmat=           0
 ntelgroup=           0
Begin solution global equation     at 2026-08-27 10:02:38 
                     istep=         411 iiter=           2
                     conver_load check
 resid=  3.789646376543533E-015 retot=  1.188978879242864E+016
 ratio1=  5.645628193903318E-016 ratio2=  7.680566082242917E-016
 nchek0=           0 toler_force=  1.000000000000000E-005
 nchek=           0
                    conver_nodal_value check
               Convergence check for displacement
 ratio1=  2.651305060643783E-017 ratio2=  4.750355365392557E-017
 nchek=           0
 ***********RESTART FILE IS UPDATED!*******
 time: 10:02:36
 iblks=           1 iincs=           1 istep=         412
 outinp=           0
 iiter=           1
Begin forming various matrix       at 2026-08-27 10:02:38 
 ktsmat=           0
Begin assemble golbal matrix       at 2026-08-27 10:02:38 
 ntelgroup=           0
Begin factorize global matrix      at 2026-08-27 10:02:38 
 Factorization completed ... 
Begin solution global equation     at 2026-08-27 10:02:38 
                     istep=         412 iiter=           1
                     conver_load check
 resid=  3.542204090262182E-015 retot=  7.986240835446589E+015
 ratio1=  6.659867498136073E-016 ratio2=  6.575562975089982E-016
 nchek0=           0 toler_force=  1.000000000000000E-005
 nchek=           0
                    conver_nodal_value check
               Convergence check for displacement
 ratio1=  3.332824642145400E-002 ratio2=  4.428480275808676E-002
                            not converged for checki=           1
 iiter=           2
Begin forming various matrix       at 2026-08-27 10:02:38 
 ktsmat=           0
 ntelgroup=           0
Begin solution global equation     at 2026-08-27 10:02:38 
                     istep=         412 iiter=           2
                     conver_load check
 resid=  1.245506320320703E-015 retot=  7.986240835446589E+015
 ratio1=  3.949133056330740E-016 ratio2=  2.489776272121449E-016
 nchek0=           0 toler_force=  1.000000000000000E-005
 nchek=           0
                    conver_nodal_value check
               Convergence check for displacement
 ratio1=  2.983091934488907E-017 ratio2=  3.630527805064300E-017
 nchek=           0
 ***********RESTART FILE IS UPDATED!*******
 time: 10:02:36
 iblks=           1 iincs=           1 istep=         413
 outinp=           0
 iiter=           1
Begin forming various matrix       at 2026-08-27 10:02:38 
 ktsmat=           0
Begin assemble golbal matrix       at 2026-08-27 10:02:38 
 ntelgroup=           0
Begin factorize global matrix      at 2026-08-27 10:02:38 
 Factorization completed ... 
Begin solution global equation     at 2026-08-27 10:02:38 
                     istep=         413 iiter=           1
                     conver_load check
 resid=  1.562009944840497E-015 retot=  5.505372808169008E+015
 ratio1=  5.326580937747837E-016 ratio2=  3.092812870590454E-016
 nchek0=           0 toler_force=  1.000000000000000E-005
 nchek=           0
                    conver_nodal_value check
               Convergence check for displacement
 ratio1=  2.485663862769686E-002 ratio2=  2.442844846077552E-002
                            not converged for checki=           1
 iiter=           2
Begin forming various matrix       at 2026-08-27 10:02:38 
 ktsmat=           0
 ntelgroup=           0
Begin solution global equation     at 2026-08-27 10:02:38 
                     istep=         413 iiter=           2
                     conver_load check
 resid=  9.487556059710287E-016 retot=  5.505372808169008E+015
 ratio1=  4.151297049408505E-016 ratio2=  2.249318451338512E-016
 nchek0=           0 toler_force=  1.000000000000000E-005
 nchek=           0
                    conver_nodal_value check
               Convergence check for displacement
 ratio1=  3.362108159879709E-017 ratio2=  3.585008707259040E-017
 nchek=           0
 ***********RESTART FILE IS UPDATED!*******
 time: 10:02:36
 iblks=           1 iincs=           1 istep=         414
 outinp=           0
 iiter=           1
Begin forming various matrix       at 2026-08-27 10:02:38 
 ktsmat=           0
Begin assemble golbal matrix       at 2026-08-27 10:02:38 
 ntelgroup=           0
Begin factorize global matrix      at 2026-08-27 10:02:38 
 Factorization completed ... 
Begin solution global equation     at 2026-08-27 10:02:38 
                     istep=         414 iiter=           1
                     conver_load check
 resid=  1.969346687982832E-015 retot=  4.227713459469027E+015
 ratio1=  6.825088956057488E-016 ratio2=  5.729119282674642E-016
 nchek0=           0 toler_force=  1.000000000000000E-005
 nchek=           0
                    conver_nodal_value check
               Convergence check for displacement
 ratio1=  4.195607150682686E-002 ratio2=  6.490089247305997E-002
                            not converged for checki=           1
 iiter=           2
Begin forming various matrix       at 2026-08-27 10:02:38 
 ktsmat=           0
 ntelgroup=           0
Begin solution global equation     at 2026-08-27 10:02:38 
                     istep=         414 iiter=           2
                     conver_load check
 resid=  1.569914060705147E-015 retot=  4.227713459469027E+015
 ratio1=  6.093757496316926E-016 ratio2=  5.060722033029266E-016
 nchek0=           0 toler_force=  1.000000000000000E-005
 nchek=           0
                    conver_nodal_value check
               Convergence check for displacement
 ratio1=  3.902916308158460E-017 ratio2=  6.525425414471863E-017
 nchek=           0
 ***********RESTART FILE IS UPDATED!*******
 time: 10:02:36
 iblks=           1 iincs=           1 istep=         415
 outinp=           0
 iiter=           1
Begin forming various matrix       at 2026-08-27 10:02:38 
 ktsmat=           0
Begin assemble golbal matrix       at 2026-08-27 10:02:38 
 ntelgroup=           0
Begin factorize global matrix      at 2026-08-27 10:02:38 
 Factorization completed ... 
Begin solution global equation     at 2026-08-27 10:02:38 
                     istep=         415 iiter=           1
                     conver_load check
 resid=  5.804800312044374E-015 retot=  2.244640817010594E+015
 ratio1=  1.608126520624406E-015 ratio2=  1.621391411616368E-015
 nchek0=           0 toler_force=  1.000000000000000E-005
 nchek=           0
                    conver_nodal_value check
               Convergence check for displacement
 ratio1=  4.435243321141327E-002 ratio2=  6.179129063212385E-002
                            not converged for checki=           1
 iiter=           2
Begin forming various matrix       at 2026-08-27 10:02:38 
 ktsmat=           0
 ntelgroup=           0
Begin solution global equation     at 2026-08-27 10:02:38 
                     istep=         415 iiter=           2
                     conver_load check
 resid=  6.329831553831495E-015 retot=  2.244640817010593E+015
 ratio1=  1.679278193779579E-015 ratio2=  2.019091191824156E-015
 nchek0=           0 toler_force=  1.000000000000000E-005
 nchek=           0
                    conver_nodal_value check
               Convergence check for displacement
 ratio1=  7.919459827298164E-017 ratio2=  1.304415166676133E-016
 nchek=           0
 ***********RESTART FILE IS UPDATED!*******
 time: 10:02:36
 iblks=           1 iincs=           1 istep=         416
 outinp=           0
 iiter=           1
Begin forming various matrix       at 2026-08-27 10:02:38 
 ktsmat=           0
Begin assemble golbal matrix       at 2026-08-27 10:02:38 
 ntelgroup=           0
Begin factorize global matrix      at 2026-08-27 10:02:38 
 Factorization completed ... 
Begin solution global equation     at 2026-08-27 10:02:38 
                     istep=         416 iiter=           1
                     conver_load check
 resid=  6.545452984743411E-015 retot=  1.481008469115703E+015
 ratio1=  2.102282537335304E-015 ratio2=  1.559924126105902E-015
 nchek0=           0 toler_force=  1.000000000000000E-005
 nchek=           0
                    conver_nodal_value check
               Convergence check for displacement
 ratio1=  4.404624003399993E-002 ratio2=  5.675285175755386E-002
                            not converged for checki=           1
 iiter=           2
Begin forming various matrix       at 2026-08-27 10:02:38 
 ktsmat=           0
 ntelgroup=           0
Begin solution global equation     at 2026-08-27 10:02:38 
                     istep=         416 iiter=           2
                     conver_load check
 resid=  6.070110263589518E-015 retot=  1.481008469115703E+015
 ratio1=  2.024508101540191E-015 ratio2=  1.544152834389758E-015
 nchek0=           0 toler_force=  1.000000000000000E-005
 nchek=           0
                    conver_nodal_value check
               Convergence check for displacement
 ratio1=  1.000390861093393E-016 ratio2=  1.921488202328542E-016
 nchek=           0
 ***********RESTART FILE IS UPDATED!*******
 time: 10:02:36
 iblks=           1 iincs=           1 istep=         417
 outinp=           0
 iiter=           1
Begin forming various matrix       at 2026-08-27 10:02:38 
 ktsmat=           0
Begin assemble golbal matrix       at 2026-08-27 10:02:38 
 ntelgroup=           0
Begin factorize global matrix      at 2026-08-27 10:02:38 
 Factorization completed ... 
Begin solution global equation     at 2026-08-27 10:02:38 
                     istep=         417 iiter=           1
                     conver_load check
 resid=  5.241843243136335E-015 retot=  2.654039893467871E+015
 ratio1=  1.405362275099069E-015 ratio2=  1.474700525084548E-015
 nchek0=           0 toler_force=  1.000000000000000E-005
 nchek=           0
                    conver_nodal_value check
               Convergence check for displacement
 ratio1=  3.564164523321098E-002 ratio2=  4.657471485854046E-002
                            not converged for checki=           1
 iiter=           2
Begin forming various matrix       at 2026-08-27 10:02:38 
 ktsmat=           0
 ntelgroup=           0
Begin solution global equation     at 2026-08-27 10:02:38 
                     istep=         417 iiter=           2
                     conver_load check
 resid=  4.864721924273833E-015 retot=  2.654039893467871E+015
 ratio1=  1.353864768796691E-015 ratio2=  1.420483594015263E-015
 nchek0=           0 toler_force=  1.000000000000000E-005
 nchek=           0
                    conver_nodal_value check
               Convergence check for displacement
 ratio1=  3.913424925609617E-017 ratio2=  6.652134763607800E-017
 nchek=           0
 ***********RESTART FILE IS UPDATED!*******
 time: 10:02:36
 iblks=           1 iincs=           1 istep=         418
 outinp=           0
 iiter=           1
Begin forming various matrix       at 2026-08-27 10:02:38 
 ktsmat=           0
Begin assemble golbal matrix       at 2026-08-27 10:02:38 
 ntelgroup=           0
Begin factorize global matrix      at 2026-08-27 10:02:38 
 Factorization completed ... 
Begin solution global equation     at 2026-08-27 10:02:38 
                     istep=         418 iiter=           1
                     conver_load check
 resid=  3.570978848707319E-015 retot=  2.648285749100797E+015
 ratio1=  1.161211203103077E-015 ratio2=  1.323445438333688E-015
 nchek0=           0 toler_force=  1.000000000000000E-005
 nchek=           0
                    conver_nodal_value check
               Convergence check for displacement
 ratio1=  3.480005272367196E-002 ratio2=  5.774273824737746E-002
                            not converged for checki=           1
 iiter=           2
Begin forming various matrix       at 2026-08-27 10:02:38 
 ktsmat=           0
 ntelgroup=           0
Begin solution global equation     at 2026-08-27 10:02:38 
                     istep=         418 iiter=           2
                     conver_load check
 resid=  5.646801669705518E-015 retot=  2.648285749100797E+015
 ratio1=  1.460221859280327E-015 ratio2=  1.487412129808658E-015
 nchek0=           0 toler_force=  1.000000000000000E-005
 nchek=           0
                    conver_nodal_value check
               Convergence check for displacement
 ratio1=  5.943905617621181E-017 ratio2=  8.822082413583732E-017
 nchek=           0
 ***********RESTART FILE IS UPDATED!*******
 time: 10:02:36
 iblks=           1 iincs=           1 istep=         419
 outinp=           0
 iiter=           1
Begin forming various matrix       at 2026-08-27 10:02:38 
 ktsmat=           0
Begin assemble golbal matrix       at 2026-08-27 10:02:38 
 ntelgroup=           0
Begin factorize global matrix      at 2026-08-27 10:02:38 
 Factorization completed ... 
Begin solution global equation     at 2026-08-27 10:02:38 
                     istep=         419 iiter=           1
                     conver_load check
 resid=  2.277117080891311E-015 retot=  2.164632842491338E+015
 ratio1=  1.025653245922394E-015 ratio2=  1.412402758857072E-015
 nchek0=           0 toler_force=  1.000000000000000E-005
 nchek=           0
                    conver_nodal_value check
               Convergence check for displacement
 ratio1=  2.827405987205704E-002 ratio2=  5.555684799741054E-002
                            not converged for checki=           1
 iiter=           2
Begin forming various matrix       at 2026-08-27 10:02:38 
 ktsmat=           0
 ntelgroup=           0
Begin solution global equation     at 2026-08-27 10:02:38 
                     istep=         419 iiter=           2
                     conver_load check
 resid=  2.584905745495739E-015 retot=  2.164632842491338E+015
 ratio1=  1.092773700023038E-015 ratio2=  1.634514483032177E-015
 nchek0=           0 toler_force=  1.000000000000000E-005
 nchek=           0
                    conver_nodal_value check
               Convergence check for displacement
 ratio1=  2.814260098636890E-017 ratio2=  5.919128298648120E-017
 nchek=           0
 ***********RESTART FILE IS UPDATED!*******
 time: 10:02:36
 iblks=           1 iincs=           1 istep=         420
 outinp=           0
 iiter=           1
Begin forming various matrix       at 2026-08-27 10:02:38 
 ktsmat=           0
Begin assemble golbal matrix       at 2026-08-27 10:02:38 
 ntelgroup=           0
Begin factorize global matrix      at 2026-08-27 10:02:38 
 Factorization completed ... 
Begin solution global equation     at 2026-08-27 10:02:38 
                     istep=         420 iiter=           1
                     conver_load check
 resid=  1.596011368218239E-015 retot=  1.606506275384260E+015
 ratio1=  9.967282718718532E-016 ratio2=  9.029426485744563E-016
 nchek0=           0 toler_force=  1.000000000000000E-005
 nchek=           0
                    conver_nodal_value check
               Convergence check for displacement
 ratio1=  3.258891739097513E-002 ratio2=  0.113829939985699     
                            not converged for checki=           1
 iiter=           2
Begin forming various matrix       at 2026-08-27 10:02:38 
 ktsmat=           0
 ntelgroup=           0
Begin solution global equation     at 2026-08-27 10:02:38 
                     istep=         420 iiter=           2
                     conver_load check
 resid=  9.705033835964631E-016 retot=  1.606506275384260E+015
 ratio1=  7.772438847539091E-016 ratio2=  8.360580079393114E-016
 nchek0=           0 toler_force=  1.000000000000000E-005
 nchek=           0
                    conver_nodal_value check
               Convergence check for displacement
 ratio1=  6.253162140000175E-017 ratio2=  2.431337406956948E-016
 nchek=           0
 ***********RESTART FILE IS UPDATED!*******
 time: 10:02:36
 iblks=           1 iincs=           1 istep=         421
 outinp=           0
 iiter=           1
Begin forming various matrix       at 2026-08-27 10:02:38 
 ktsmat=           0
Begin assemble golbal matrix       at 2026-08-27 10:02:38 
 ntelgroup=           0
Begin factorize global matrix      at 2026-08-27 10:02:38 
 Factorization completed ... 
Begin solution global equation     at 2026-08-27 10:02:38 
                     istep=         421 iiter=           1
                     conver_load check
 resid=  1.756283521612686E-015 retot=  1.390440909661796E+015
 ratio1=  1.123882851570429E-015 ratio2=  1.280674195456998E-015
 nchek0=           0 toler_force=  1.000000000000000E-005
 nchek=           0
                    conver_nodal_value check
               Convergence check for displacement
 ratio1=  3.566509897589436E-002 ratio2=  0.109788959673655     
                            not converged for checki=           1
 iiter=           2
Begin forming various matrix       at 2026-08-27 10:02:38 
 ktsmat=           0
 ntelgroup=           0
Begin solution global equation     at 2026-08-27 10:02:38 
                     istep=         421 iiter=           2
                     conver_load check
 resid=  8.802003899590129E-016 retot=  1.390440909661796E+015
 ratio1=  7.956361546331908E-016 ratio2=  1.029113192777945E-015
 nchek0=           0 toler_force=  1.000000000000000E-005
 nchek=           0
                    conver_nodal_value check
               Convergence check for displacement
 ratio1=  4.434437870379675E-017 ratio2=  1.718273698005967E-016
 nchek=           0
 ***********RESTART FILE IS UPDATED!*******
 time: 10:02:36
 iblks=           1 iincs=           1 istep=         422
 outinp=           0
 iiter=           1
Begin forming various matrix       at 2026-08-27 10:02:38 
 ktsmat=           0
Begin assemble golbal matrix       at 2026-08-27 10:02:38 
 ntelgroup=           0
Begin factorize global matrix      at 2026-08-27 10:02:38 
 Factorization completed ... 
Begin solution global equation     at 2026-08-27 10:02:38 
                     istep=         422 iiter=           1
                     conver_load check
 resid=  1.894077439170273E-015 retot=  2.017249045312704E+015
 ratio1=  9.689895785578087E-016 ratio2=  8.916302671891480E-016
 nchek0=           0 toler_force=  1.000000000000000E-005
 nchek=           0
                    conver_nodal_value check
               Convergence check for displacement
 ratio1=  3.537289257103447E-002 ratio2=  7.471441787821632E-002
                            not converged for checki=           1
 iiter=           2
Begin forming various matrix       at 2026-08-27 10:02:38 
 ktsmat=           0
 ntelgroup=           0
Begin solution global equation     at 2026-08-27 10:02:38 
                     istep=         422 iiter=           2
                     conver_load check
 resid=  9.975288957943826E-016 retot=  2.017249045312704E+015
 ratio1=  7.032066728072026E-016 ratio2=  6.528007313349119E-016
 nchek0=           0 toler_force=  1.000000000000000E-005
 nchek=           0
                    conver_nodal_value check
               Convergence check for displacement
 ratio1=  5.076396778138579E-017 ratio2=  1.609584193250176E-016
 nchek=           0
 ***********RESTART FILE IS UPDATED!*******
 time: 10:02:36
 iblks=           1 iincs=           1 istep=         423
 outinp=           0
 iiter=           1
Begin forming various matrix       at 2026-08-27 10:02:38 
 ktsmat=           0
Begin assemble golbal matrix       at 2026-08-27 10:02:38 
 ntelgroup=           0
Begin factorize global matrix      at 2026-08-27 10:02:38 
 Factorization completed ... 
Begin solution global equation     at 2026-08-27 10:02:38 
                     istep=         423 iiter=           1
                     conver_load check
 resid=  2.920670940921476E-015 retot=  2.652414281705771E+015
 ratio1=  1.049350650338631E-015 ratio2=  8.215270266157973E-016
 nchek0=           0 toler_force=  1.000000000000000E-005
 nchek=           0
                    conver_nodal_value check
               Convergence check for displacement
 ratio1=  5.085573035559228E-002 ratio2=  8.831656796837065E-002
                            not converged for checki=           1
 iiter=           2
Begin forming various matrix       at 2026-08-27 10:02:38 
 ktsmat=           0
 ntelgroup=           0
Begin solution global equation     at 2026-08-27 10:02:38 
                     istep=         423 iiter=           2
                     conver_load check
 resid=  1.969120597239243E-015 retot=  2.652414281705770E+015
 ratio1=  8.616194194248379E-016 ratio2=  6.282265497650214E-016
 nchek0=           0 toler_force=  1.000000000000000E-005
 nchek=           0
                    conver_nodal_value check
               Convergence check for displacement
 ratio1=  7.765397632263918E-017 ratio2=  2.296267954264676E-016
 nchek=           0
 ***********RESTART FILE IS UPDATED!*******
 time: 10:02:36
 iblks=           1 iincs=           1 istep=         424
 outinp=           0
 iiter=           1
Begin forming various matrix       at 2026-08-27 10:02:38 
 ktsmat=           0
Begin assemble golbal matrix       at 2026-08-27 10:02:38 
 ntelgroup=           0
Begin factorize global matrix      at 2026-08-27 10:02:38 
 Factorization completed ... 
Begin solution global equation     at 2026-08-27 10:02:38 
                     istep=         424 iiter=           1
                     conver_load check
 resid=  4.103217420975658E-015 retot=  3.054646422807996E+015
 ratio1=  1.158995610506159E-015 ratio2=  6.704139422788883E-016
 nchek0=           0 toler_force=  1.000000000000000E-005
 nchek=           0
                    conver_nodal_value check
               Convergence check for displacement
 ratio1=  6.100237563704880E-002 ratio2=  6.821097361781400E-002
                            not converged for checki=           1
 iiter=           2
Begin forming various matrix       at 2026-08-27 10:02:38 
 ktsmat=           0
 ntelgroup=           0
Begin solution global equation     at 2026-08-27 10:02:38 
                     istep=         424 iiter=           2
                     conver_load check
 resid=  2.740459393044098E-015 retot=  3.054646422807996E+015
 ratio1=  9.471771486189182E-016 ratio2=  7.197090850935124E-016
 nchek0=           0 toler_force=  1.000000000000000E-005
 nchek=           0
                    conver_nodal_value check
               Convergence check for displacement
 ratio1=  8.914915087132374E-017 ratio2=  1.342892144262015E-016
 nchek=           0
 ***********RESTART FILE IS UPDATED!*******
 time: 10:02:36
 iblks=           1 iincs=           1 istep=         425
 outinp=           0
 iiter=           1
Begin forming various matrix       at 2026-08-27 10:02:38 
 ktsmat=           0
Begin assemble golbal matrix       at 2026-08-27 10:02:38 
 ntelgroup=           0
Begin factorize global matrix      at 2026-08-27 10:02:38 
 Factorization completed ... 
Begin solution global equation     at 2026-08-27 10:02:38 
                     istep=         425 iiter=           1
                     conver_load check
 resid=  3.295843743620470E-015 retot=  2.331658201232458E+015
 ratio1=  1.188915155284508E-015 ratio2=  6.919847783970756E-016
 nchek0=           0 toler_force=  1.000000000000000E-005
 nchek=           0
                    conver_nodal_value check
               Convergence check for displacement
 ratio1=  5.063727990001766E-002 ratio2=  5.022642544220084E-002
                            not converged for checki=           1
 iiter=           2
Begin forming various matrix       at 2026-08-27 10:02:38 
 ktsmat=           0
 ntelgroup=           0
Begin solution global equation     at 2026-08-27 10:02:38 
                     istep=         425 iiter=           2
                     conver_load check
 resid=  2.216020177351733E-015 retot=  2.331658201232458E+015
 ratio1=  9.748872971524962E-016 ratio2=  9.314167739641247E-016
 nchek0=           0 toler_force=  1.000000000000000E-005
 nchek=           0
                    conver_nodal_value check
               Convergence check for displacement
 ratio1=  1.199856236073245E-016 ratio2=  2.273563815551365E-016
 nchek=           0
 ***********RESTART FILE IS UPDATED!*******
 time: 10:02:36
 iblks=           1 iincs=           1 istep=         426
 outinp=           0
 iiter=           1
Begin forming various matrix       at 2026-08-27 10:02:38 
 ktsmat=           0
Begin assemble golbal matrix       at 2026-08-27 10:02:38 
 ntelgroup=           0
Begin factorize global matrix      at 2026-08-27 10:02:38 
 Factorization completed ... 
Begin solution global equation     at 2026-08-27 10:02:38 
                     istep=         426 iiter=           1
                     conver_load check
 resid=  2.441276269387477E-015 retot=  1.458504776957334E+015
 ratio1=  1.293762434383970E-015 ratio2=  9.066600637085187E-016
 nchek0=           0 toler_force=  1.000000000000000E-005
 nchek=           0
                    conver_nodal_value check
               Convergence check for displacement
 ratio1=  3.988486467497761E-002 ratio2=  7.365763297044120E-002
                            not converged for checki=           1
 iiter=           2
Begin forming various matrix       at 2026-08-27 10:02:38 
 ktsmat=           0
 ntelgroup=           0
Begin solution global equation     at 2026-08-27 10:02:38 
                     istep=         426 iiter=           2
                     conver_load check
 resid=  2.239911806727477E-015 retot=  1.458504776957334E+015
 ratio1=  1.239257430369629E-015 ratio2=  7.649944287540628E-016
 nchek0=           0 toler_force=  1.000000000000000E-005
 nchek=           0
                    conver_nodal_value check
               Convergence check for displacement
 ratio1=  9.019437261974120E-017 ratio2=  2.533714191328551E-016
 nchek=           0
 ***********RESTART FILE IS UPDATED!*******
 time: 10:02:36
 iblks=           1 iincs=           1 istep=         427
 outinp=           0
 iiter=           1
Begin forming various matrix       at 2026-08-27 10:02:38 
 ktsmat=           0
Begin assemble golbal matrix       at 2026-08-27 10:02:38 
 ntelgroup=           0
Begin factorize global matrix      at 2026-08-27 10:02:38 
 Factorization completed ... 
Begin solution global equation     at 2026-08-27 10:02:38 
                     istep=         427 iiter=           1
                     conver_load check
 resid=  1.982160667445970E-015 retot=  1.706961597866140E+015
 ratio1=  1.077599922943023E-015 ratio2=  1.038202899778741E-015
 nchek0=           0 toler_force=  1.000000000000000E-005
 nchek=           0
                    conver_nodal_value check
               Convergence check for displacement
 ratio1=  4.226133664434524E-002 ratio2=  0.106210469931460     
                            not converged for checki=           1
 iiter=           2
Begin forming various matrix       at 2026-08-27 10:02:38 
 ktsmat=           0
 ntelgroup=           0
Begin solution global equation     at 2026-08-27 10:02:38 
                     istep=         427 iiter=           2
                     conver_load check
 resid=  1.164581619820806E-015 retot=  1.706961597866140E+015
 ratio1=  8.259867684611685E-016 ratio2=  7.206276137286330E-016
 nchek0=           0 toler_force=  1.000000000000000E-005
 nchek=           0
                    conver_nodal_value check
               Convergence check for displacement
 ratio1=  4.785658574751858E-017 ratio2=  1.212183222950905E-016
 nchek=           0
 ***********RESTART FILE IS UPDATED!*******
 time: 10:02:36
 iblks=           1 iincs=           1 istep=         428
 outinp=           0
 iiter=           1
Begin forming various matrix       at 2026-08-27 10:02:38 
 ktsmat=           0
Begin assemble golbal matrix       at 2026-08-27 10:02:38 
 ntelgroup=           0
Begin factorize global matrix      at 2026-08-27 10:02:38 
 Factorization completed ... 
Begin solution global equation     at 2026-08-27 10:02:38 
                     istep=         428 iiter=           1
                     conver_load check
 resid=  1.769761099305509E-015 retot=  3.234993303614394E+015
 ratio1=  7.396404077815713E-016 ratio2=  4.740152402760040E-016
 nchek0=           0 toler_force=  1.000000000000000E-005
 nchek=           0
                    conver_nodal_value check
               Convergence check for displacement
 ratio1=  2.919777848046449E-002 ratio2=  8.021803030974663E-002
                            not converged for checki=           1
 iiter=           2
Begin forming various matrix       at 2026-08-27 10:02:38 
 ktsmat=           0
 ntelgroup=           0
Begin solution global equation     at 2026-08-27 10:02:38 
                     istep=         428 iiter=           2
                     conver_load check
 resid=  1.159415323770076E-015 retot=  3.234993303614394E+015
 ratio1=  5.986635615178514E-016 ratio2=  5.552749957518904E-016
 nchek0=           0 toler_force=  1.000000000000000E-005
 nchek=           0
                    conver_nodal_value check
               Convergence check for displacement
 ratio1=  5.502292715114517E-017 ratio2=  1.515378576486962E-016
 nchek=           0
 ***********RESTART FILE IS UPDATED!*******
 time: 10:02:36
 iblks=           1 iincs=           1 istep=         429
 outinp=           0
 iiter=           1
Begin forming various matrix       at 2026-08-27 10:02:38 
 ktsmat=           0
Begin assemble golbal matrix       at 2026-08-27 10:02:38 
 ntelgroup=           0
Begin factorize global matrix      at 2026-08-27 10:02:38 
 Factorization completed ... 
Begin solution global equation     at 2026-08-27 10:02:38 
                     istep=         429 iiter=           1
                     conver_load check
 resid=  1.676056455346370E-015 retot=  6.000958368025969E+015
 ratio1=  5.284866420494269E-016 ratio2=  2.664160324139332E-016
 nchek0=           0 toler_force=  1.000000000000000E-005
 nchek=           0
                    conver_nodal_value check
               Convergence check for displacement
 ratio1=  2.832989476862090E-002 ratio2=  4.456238500467760E-002
                            not converged for checki=           1
 iiter=           2
Begin forming various matrix       at 2026-08-27 10:02:38 
 ktsmat=           0
 ntelgroup=           0
Begin solution global equation     at 2026-08-27 10:02:38 
                     istep=         429 iiter=           2
                     conver_load check
 resid=  1.154492308258341E-015 retot=  6.000958368025969E+015
 ratio1=  4.386167524076552E-016 ratio2=  3.120873522563217E-016
 nchek0=           0 toler_force=  1.000000000000000E-005
 nchek=           0
                    conver_nodal_value check
               Convergence check for displacement
 ratio1=  3.616609950412418E-017 ratio2=  9.506026967138564E-017
 nchek=           0
 ***********RESTART FILE IS UPDATED!*******
 time: 10:02:36
 iblks=           1 iincs=           1 istep=         430
 outinp=           0
 iiter=           1
Begin forming various matrix       at 2026-08-27 10:02:38 
 ktsmat=           0
Begin assemble golbal matrix       at 2026-08-27 10:02:38 
 ntelgroup=           0
Begin factorize global matrix      at 2026-08-27 10:02:38 
 Factorization completed ... 
Begin solution global equation     at 2026-08-27 10:02:38 
                     istep=         430 iiter=           1
                     conver_load check
 resid=  2.339708659472717E-015 retot=  5.219428434007327E+015
 ratio1=  6.695290382917358E-016 ratio2=  7.604554209919952E-016
 nchek0=           0 toler_force=  1.000000000000000E-005
 nchek=           0
                    conver_nodal_value check
               Convergence check for displacement
 ratio1=  3.423236054113361E-002 ratio2=  7.043570605952010E-002
                            not converged for checki=           1
 iiter=           2
Begin forming various matrix       at 2026-08-27 10:02:38 
 ktsmat=           0
 ntelgroup=           0
Begin solution global equation     at 2026-08-27 10:02:38 
                     istep=         430 iiter=           2
                     conver_load check
 resid=  1.299545225612608E-015 retot=  5.219428434007327E+015
 ratio1=  4.989812486246270E-016 ratio2=  4.190516096228174E-016
 nchek0=           0 toler_force=  1.000000000000000E-005
 nchek=           0
                    conver_nodal_value check
               Convergence check for displacement
 ratio1=  7.836398186635681E-017 ratio2=  2.348465459567667E-016
 nchek=           0
 ***********RESTART FILE IS UPDATED!*******
 time: 10:02:36
 iblks=           1 iincs=           1 istep=         431
 outinp=           0
 iiter=           1
Begin forming various matrix       at 2026-08-27 10:02:38 
 ktsmat=           0
Begin assemble golbal matrix       at 2026-08-27 10:02:38 
 ntelgroup=           0
Begin factorize global matrix      at 2026-08-27 10:02:38 
 Factorization completed ... 
Begin solution global equation     at 2026-08-27 10:02:38 
                     istep=         431 iiter=           1
                     conver_load check
 resid=  2.873192914491432E-015 retot=  2.785628962433988E+015
 ratio1=  1.015595478698275E-015 ratio2=  1.048857599906841E-015
 nchek0=           0 toler_force=  1.000000000000000E-005
 nchek=           0
                    conver_nodal_value check
               Convergence check for displacement
 ratio1=  3.626227919402981E-002 ratio2=  4.540329654807888E-002
                            not converged for checki=           1
 iiter=           2
Begin forming various matrix       at 2026-08-27 10:02:38 
 ktsmat=           0
 ntelgroup=           0
Begin solution global equation     at 2026-08-27 10:02:38 
                     istep=         431 iiter=           2
                     conver_load check
 resid=  1.355797117547696E-015 retot=  2.785628962433988E+015
 ratio1=  6.976469799177040E-016 ratio2=  6.619515341946565E-016
 nchek0=           0 toler_force=  1.000000000000000E-005
 nchek=           0
                    conver_nodal_value check
               Convergence check for displacement
 ratio1=  4.324305660066808E-017 ratio2=  1.103128802067096E-016
 nchek=           0
 ***********RESTART FILE IS UPDATED!*******
 time: 10:02:36
 iblks=           1 iincs=           1 istep=         432
 outinp=           0
 iiter=           1
Begin forming various matrix       at 2026-08-27 10:02:38 
 ktsmat=           0
Begin assemble golbal matrix       at 2026-08-27 10:02:38 
 ntelgroup=           0
Begin factorize global matrix      at 2026-08-27 10:02:38 
 Factorization completed ... 
Begin solution global equation     at 2026-08-27 10:02:38 
                     istep=         432 iiter=           1
                     conver_load check
 resid=  3.089596514751948E-015 retot=  2.013416529578822E+015
 ratio1=  1.238751143519139E-015 ratio2=  7.919371147871851E-016
 nchek0=           0 toler_force=  1.000000000000000E-005
 nchek=           0
                    conver_nodal_value check
               Convergence check for displacement
 ratio1=  8.819866140237283E-002 ratio2=  0.162677167316315     
                            not converged for checki=           1
 iiter=           2
Begin forming various matrix       at 2026-08-27 10:02:38 
 ktsmat=           0
 ntelgroup=           0
Begin solution global equation     at 2026-08-27 10:02:38 
                     istep=         432 iiter=           2
                     conver_load check
 resid=  2.433730111383417E-015 retot=  2.013416529578822E+015
 ratio1=  1.099434580914197E-015 ratio2=  6.131126049965304E-016
 nchek0=           0 toler_force=  1.000000000000000E-005
 nchek=           0
                    conver_nodal_value check
               Convergence check for displacement
 ratio1=  1.012002029912605E-016 ratio2=  2.230223500808976E-016
 nchek=           0
 ***********RESTART FILE IS UPDATED!*******
 time: 10:02:36
 iblks=           1 iincs=           1 istep=         433
 outinp=           0
 iiter=           1
Begin forming various matrix       at 2026-08-27 10:02:38 
 ktsmat=           0
Begin assemble golbal matrix       at 2026-08-27 10:02:38 
 ntelgroup=           0
Begin factorize global matrix      at 2026-08-27 10:02:38 
 Factorization completed ... 
Begin solution global equation     at 2026-08-27 10:02:38 
                     istep=         433 iiter=           1
                     conver_load check
 resid=  4.937465261849362E-015 retot=  1.200420822610092E+015
 ratio1=  2.028080860348024E-015 ratio2=  1.087645735004953E-015
 nchek0=           0 toler_force=  1.000000000000000E-005
 nchek=           0
                    conver_nodal_value check
               Convergence check for displacement
 ratio1=  8.706100362275758E-002 ratio2=  7.582106236096971E-002
                            not converged for checki=           1
 iiter=           2
Begin forming various matrix       at 2026-08-27 10:02:38 
 ktsmat=           0
 ntelgroup=           0
Begin solution global equation     at 2026-08-27 10:02:38 
                     istep=         433 iiter=           2
                     conver_load check
 resid=  2.737430049012892E-015 retot=  1.200420822610092E+015
 ratio1=  1.510096687990662E-015 ratio2=  7.963058606922232E-016
 nchek0=           0 toler_force=  1.000000000000000E-005
 nchek=           0
                    conver_nodal_value check
               Convergence check for displacement
 ratio1=  2.190791869823611E-016 ratio2=  4.251966405825936E-016
 nchek=           0
 ***********RESTART FILE IS UPDATED!*******
 time: 10:02:36
 iblks=           1 iincs=           1 istep=         434
 outinp=           0
 iiter=           1
Begin forming various matrix       at 2026-08-27 10:02:38 
 ktsmat=           0
Begin assemble golbal matrix       at 2026-08-27 10:02:38 
 ntelgroup=           0
Begin factorize global matrix      at 2026-08-27 10:02:38 
 Factorization completed ... 
Begin solution global equation     at 2026-08-27 10:02:38 
                     istep=         434 iiter=           1
                     conver_load check
 resid=  4.079731579868324E-015 retot=   736050726750212.     
 ratio1=  2.354300648232690E-015 ratio2=  1.835777460260128E-015
 nchek0=           0 toler_force=  1.000000000000000E-005
 nchek=           0
                    conver_nodal_value check
               Convergence check for displacement
 ratio1=  7.436282931228437E-002 ratio2=  0.128237577014270     
                            not converged for checki=           1
 iiter=           2
Begin forming various matrix       at 2026-08-27 10:02:38 
 ktsmat=           0
 ntelgroup=           0
Begin solution global equation     at 2026-08-27 10:02:38 
                     istep=         434 iiter=           2
                     conver_load check
 resid=  2.804316875563715E-015 retot=   736050726750212.     
 ratio1=  1.951909464067210E-015 ratio2=  1.824084610194777E-015
 nchek0=           0 toler_force=  1.000000000000000E-005
 nchek=           0
                    conver_nodal_value check
               Convergence check for displacement
 ratio1=  2.487785741854203E-016 ratio2=  6.630786598556425E-016
 nchek=           0
 ***********RESTART FILE IS UPDATED!*******
 time: 10:02:36
 iblks=           1 iincs=           1 istep=         435
 outinp=           0
 iiter=           1
Begin forming various matrix       at 2026-08-27 10:02:38 
 ktsmat=           0
Begin assemble golbal matrix       at 2026-08-27 10:02:38 
 ntelgroup=           0
Begin factorize global matrix      at 2026-08-27 10:02:38 
 Factorization completed ... 
Begin solution global equation     at 2026-08-27 10:02:38 
                     istep=         435 iiter=           1
                     conver_load check
 resid=  2.817466034504722E-015 retot=   705393633961741.     
 ratio1=  1.998543367194623E-015 ratio2=  2.714977151101769E-015
 nchek0=           0 toler_force=  1.000000000000000E-005
 nchek=           0
                    conver_nodal_value check
               Convergence check for displacement
 ratio1=  3.307006182056529E-002 ratio2=  5.909584948365464E-002
                            not converged for checki=           1
 iiter=           2
Begin forming various matrix       at 2026-08-27 10:02:38 
 ktsmat=           0
 ntelgroup=           0
Begin solution global equation     at 2026-08-27 10:02:38 
                     istep=         435 iiter=           2
                     conver_load check
 resid=  1.800756464895389E-015 retot=   705393633961741.     
 ratio1=  1.597760658417337E-015 ratio2=  1.983786755568735E-015
 nchek0=           0 toler_force=  1.000000000000000E-005
 nchek=           0
                    conver_nodal_value check
               Convergence check for displacement
 ratio1=  1.072021337989029E-016 ratio2=  4.031677198276940E-016
 nchek=           0
 ***********RESTART FILE IS UPDATED!*******
 time: 10:02:36
 iblks=           1 iincs=           1 istep=         436
 outinp=           0
 iiter=           1
Begin forming various matrix       at 2026-08-27 10:02:38 
 ktsmat=           0
Begin assemble golbal matrix       at 2026-08-27 10:02:38 
 ntelgroup=           0
Begin factorize global matrix      at 2026-08-27 10:02:38 
 Factorization completed ... 
Begin solution global equation     at 2026-08-27 10:02:38 
                     istep=         436 iiter=           1
                     conver_load check
 resid=  3.524469396361600E-015 retot=   586489699649076.     
 ratio1=  2.451414086615717E-015 ratio2=  2.995879415269055E-015
 nchek0=           0 toler_force=  1.000000000000000E-005
 nchek=           0
                    conver_nodal_value check
               Convergence check for displacement
 ratio1=  4.349354589768021E-002 ratio2=  6.840724704114803E-002
                            not converged for checki=           1
 iiter=           2
Begin forming various matrix       at 2026-08-27 10:02:38 
 ktsmat=           0
 ntelgroup=           0
Begin solution global equation     at 2026-08-27 10:02:38 
                     istep=         436 iiter=           2
                     conver_load check
 resid=  1.495214665405370E-015 retot=   586489699649076.     
 ratio1=  1.596693581403540E-015 ratio2=  1.821024742614524E-015
 nchek0=           0 toler_force=  1.000000000000000E-005
 nchek=           0
                    conver_nodal_value check
               Convergence check for displacement
 ratio1=  4.706764335564289E-017 ratio2=  9.114841677856401E-017
 nchek=           0
 ***********RESTART FILE IS UPDATED!*******
 time: 10:02:36
 iblks=           1 iincs=           1 istep=         437
 outinp=           0
 iiter=           1
Begin forming various matrix       at 2026-08-27 10:02:38 
 ktsmat=           0
Begin assemble golbal matrix       at 2026-08-27 10:02:38 
 ntelgroup=           0
Begin factorize global matrix      at 2026-08-27 10:02:38 
 Factorization completed ... 
Begin solution global equation     at 2026-08-27 10:02:38 
                     istep=         437 iiter=           1
                     conver_load check
 resid=  2.025613279111275E-015 retot=  2.047080249459224E+015
 ratio1=  9.947428669620727E-016 ratio2=  8.406414025216868E-016
 nchek0=           0 toler_force=  1.000000000000000E-005
 nchek=           0
                    conver_nodal_value check
               Convergence check for displacement
 ratio1=  5.510009211257152E-002 ratio2=  0.118562974684391     
                            not converged for checki=           1
 iiter=           2
Begin forming various matrix       at 2026-08-27 10:02:38 
 ktsmat=           0
 ntelgroup=           0
Begin solution global equation     at 2026-08-27 10:02:38 
                     istep=         437 iiter=           2
                     conver_load check
 resid=  1.372849456447879E-015 retot=  2.047080249459224E+015
 ratio1=  8.189248012217143E-016 ratio2=  8.696290370914002E-016
 nchek0=           0 toler_force=  1.000000000000000E-005
 nchek=           0
                    conver_nodal_value check
               Convergence check for displacement
 ratio1=  9.853179412420029E-017 ratio2=  4.003017609789433E-016
 nchek=           0
 ***********RESTART FILE IS UPDATED!*******
 time: 10:02:36
 iblks=           1 iincs=           1 istep=         438
 outinp=           0
 iiter=           1
Begin forming various matrix       at 2026-08-27 10:02:38 
 ktsmat=           0
Begin assemble golbal matrix       at 2026-08-27 10:02:38 
 ntelgroup=           0
Begin factorize global matrix      at 2026-08-27 10:02:38 
 Factorization completed ... 
Begin solution global equation     at 2026-08-27 10:02:38 
                     istep=         438 iiter=           1
                     conver_load check
 resid=  1.565244307540577E-015 retot=  4.111324840080012E+015
 ratio1=  6.170213198570484E-016 ratio2=  5.248438047324286E-016
 nchek0=           0 toler_force=  1.000000000000000E-005
 nchek=           0
                    conver_nodal_value check
               Convergence check for displacement
 ratio1=  4.077331518032697E-002 ratio2=  0.139858412425125     
                            not converged for checki=           1
 iiter=           2
Begin forming various matrix       at 2026-08-27 10:02:38 
 ktsmat=           0
 ntelgroup=           0
Begin solution global equation     at 2026-08-27 10:02:38 
                     istep=         438 iiter=           2
                     conver_load check
 resid=  1.683989668077472E-015 retot=  4.111324840080012E+015
 ratio1=  6.399982923632361E-016 ratio2=  4.745163166074012E-016
 nchek0=           0 toler_force=  1.000000000000000E-005
 nchek=           0
                    conver_nodal_value check
               Convergence check for displacement
 ratio1=  1.114267839176835E-016 ratio2=  3.356473824097126E-016
 nchek=           0
 ***********RESTART FILE IS UPDATED!*******
 time: 10:02:36
 iblks=           1 iincs=           1 istep=         439
 outinp=           0
 iiter=           1
Begin forming various matrix       at 2026-08-27 10:02:38 
 ktsmat=           0
Begin assemble golbal matrix       at 2026-08-27 10:02:38 
 ntelgroup=           0
Begin factorize global matrix      at 2026-08-27 10:02:38 
 Factorization completed ... 
Begin solution global equation     at 2026-08-27 10:02:38 
                     istep=         439 iiter=           1
                     conver_load check
 resid=  2.515144939761680E-015 retot=  5.056083560047723E+015
 ratio1=  7.053008174202251E-016 ratio2=  9.195513362423931E-016
 nchek0=           0 toler_force=  1.000000000000000E-005
 nchek=           0
                    conver_nodal_value check
               Convergence check for displacement
 ratio1=  3.811301246982771E-002 ratio2=  6.019900305759429E-002
                            not converged for checki=           1
 iiter=           2
Begin forming various matrix       at 2026-08-27 10:02:38 
 ktsmat=           0
 ntelgroup=           0
Begin solution global equation     at 2026-08-27 10:02:38 
                     istep=         439 iiter=           2
                     conver_load check
 resid=  1.047463728596692E-015 retot=  5.056083560047724E+015
 ratio1=  4.551582041577314E-016 ratio2=  3.494295077721093E-016
 nchek0=           0 toler_force=  1.000000000000000E-005
 nchek=           0
                    conver_nodal_value check
               Convergence check for displacement
 ratio1=  8.928206888860368E-017 ratio2=  1.838509611686839E-016
 nchek=           0
 ***********RESTART FILE IS UPDATED!*******
 time: 10:02:36
 iblks=           1 iincs=           1 istep=         440
 outinp=           0
 iiter=           1
Begin forming various matrix       at 2026-08-27 10:02:38 
 ktsmat=           0
Begin assemble golbal matrix       at 2026-08-27 10:02:38 
 ntelgroup=           0
Begin factorize global matrix      at 2026-08-27 10:02:38 
 Factorization completed ... 
Begin solution global equation     at 2026-08-27 10:02:38 
                     istep=         440 iiter=           1
                     conver_load check
 resid=  2.968885652931643E-015 retot=  5.441147038475294E+015
 ratio1=  7.386717744312423E-016 ratio2=  1.073008710844502E-015
 nchek0=           0 toler_force=  1.000000000000000E-005
 nchek=           0
                    conver_nodal_value check
               Convergence check for displacement
 ratio1=  2.988528122327942E-002 ratio2=  4.842731922670589E-002
                            not converged for checki=           1
 iiter=           2
Begin forming various matrix       at 2026-08-27 10:02:38 
 ktsmat=           0
 ntelgroup=           0
Begin solution global equation     at 2026-08-27 10:02:38 
                     istep=         440 iiter=           2
                     conver_load check
 resid=  2.232422303874534E-015 retot=  5.441147038475294E+015
 ratio1=  6.405351179301156E-016 ratio2=  8.415754594858836E-016
 nchek0=           0 toler_force=  1.000000000000000E-005
 nchek=           0
                    conver_nodal_value check
               Convergence check for displacement
 ratio1=  4.159533930820711E-017 ratio2=  6.651461685460308E-017
 nchek=           0
 ***********RESTART FILE IS UPDATED!*******
 time: 10:02:36
 iblks=           1 iincs=           1 istep=         441
 outinp=           0
 iiter=           1
Begin forming various matrix       at 2026-08-27 10:02:38 
 ktsmat=           0
Begin assemble golbal matrix       at 2026-08-27 10:02:38 
 ntelgroup=           0
Begin factorize global matrix      at 2026-08-27 10:02:38 
 Factorization completed ... 
Begin solution global equation     at 2026-08-27 10:02:38 
                     istep=         441 iiter=           1
                     conver_load check
 resid=  1.659234342756796E-015 retot=  5.887283156123003E+015
 ratio1=  5.308800459713902E-016 ratio2=  4.851420710191432E-016
 nchek0=           0 toler_force=  1.000000000000000E-005
 nchek=           0
                    conver_nodal_value check
               Convergence check for displacement
 ratio1=  3.183687535510055E-002 ratio2=  4.152969661572271E-002
                            not converged for checki=           1
 iiter=           2
Begin forming various matrix       at 2026-08-27 10:02:38 
 ktsmat=           0
 ntelgroup=           0
Begin solution global equation     at 2026-08-27 10:02:38 
                     istep=         441 iiter=           2
                     conver_load check
 resid=  1.240684591055491E-015 retot=  5.887283156123003E+015
 ratio1=  4.590639953131081E-016 ratio2=  4.992724226022250E-016
 nchek0=           0 toler_force=  1.000000000000000E-005
 nchek=           0
                    conver_nodal_value check
               Convergence check for displacement
 ratio1=  4.267375600872274E-017 ratio2=  5.348662799014491E-017
 nchek=           0
 ***********RESTART FILE IS UPDATED!*******
 time: 10:02:36
 iblks=           1 iincs=           1 istep=         442
 outinp=           0
 iiter=           1
Begin forming various matrix       at 2026-08-27 10:02:38 
 ktsmat=           0
Begin assemble golbal matrix       at 2026-08-27 10:02:38 
 ntelgroup=           0
Begin factorize global matrix      at 2026-08-27 10:02:38 
 Factorization completed ... 
Begin solution global equation     at 2026-08-27 10:02:38 
                     istep=         442 iiter=           1
                     conver_load check
 resid=  1.565911935494898E-015 retot=  4.548007339419926E+015
 ratio1=  5.867770085825519E-016 ratio2=  5.006718138043253E-016
 nchek0=           0 toler_force=  1.000000000000000E-005
 nchek=           0
                    conver_nodal_value check
               Convergence check for displacement
 ratio1=  4.390202190485581E-002 ratio2=  5.381697919122354E-002
                            not converged for checki=           1
 iiter=           2
Begin forming various matrix       at 2026-08-27 10:02:38 
 ktsmat=           0
 ntelgroup=           0
Begin solution global equation     at 2026-08-27 10:02:38 
                     istep=         442 iiter=           2
                     conver_load check
 resid=  9.056184342944209E-016 retot=  4.548007339419926E+015
 ratio1=  4.462333744339273E-016 ratio2=  3.111745137588635E-016
 nchek0=           0 toler_force=  1.000000000000000E-005
 nchek=           0
                    conver_nodal_value check
               Convergence check for displacement
 ratio1=  3.203151583719797E-017 ratio2=  4.405018606971745E-017
 nchek=           0
 ***********RESTART FILE IS UPDATED!*******
 time: 10:02:36
 iblks=           1 iincs=           1 istep=         443
 outinp=           0
 iiter=           1
Begin forming various matrix       at 2026-08-27 10:02:38 
 ktsmat=           0
Begin assemble golbal matrix       at 2026-08-27 10:02:38 
 ntelgroup=           0
Begin factorize global matrix      at 2026-08-27 10:02:38 
 Factorization completed ... 
Begin solution global equation     at 2026-08-27 10:02:38 
                     istep=         443 iiter=           1
                     conver_load check
 resid=  1.145132601323190E-015 retot=  3.711890849610109E+015
 ratio1=  5.554312248499465E-016 ratio2=  2.672781118552740E-016
 nchek0=           0 toler_force=  1.000000000000000E-005
 nchek=           0
                    conver_nodal_value check
               Convergence check for displacement
 ratio1=  4.593537314091065E-002 ratio2=  7.961864965015292E-002
                            not converged for checki=           1
 iiter=           2
Begin forming various matrix       at 2026-08-27 10:02:38 
 ktsmat=           0
 ntelgroup=           0
Begin solution global equation     at 2026-08-27 10:02:38 
                     istep=         443 iiter=           2
                     conver_load check
 resid=  7.449261779377771E-016 retot=  3.711890849610109E+015
 ratio1=  4.479804066674553E-016 ratio2=  2.547494503620580E-016
 nchek0=           0 toler_force=  1.000000000000000E-005
 nchek=           0
                    conver_nodal_value check
               Convergence check for displacement
 ratio1=  7.140716509025500E-017 ratio2=  9.801891884179152E-017
 nchek=           0
 ***********RESTART FILE IS UPDATED!*******
 time: 10:02:36
 iblks=           1 iincs=           1 istep=         444
 outinp=           0
 iiter=           1
Begin forming various matrix       at 2026-08-27 10:02:38 
 ktsmat=           0
Begin assemble golbal matrix       at 2026-08-27 10:02:38 
 ntelgroup=           0
Begin factorize global matrix      at 2026-08-27 10:02:38 
 Factorization completed ... 
Begin solution global equation     at 2026-08-27 10:02:38 
                     istep=         444 iiter=           1
                     conver_load check
 resid=  2.081267164092467E-015 retot=  2.213580284947632E+015
 ratio1=  9.696528475186064E-016 ratio2=  8.423545662274111E-016
 nchek0=           0 toler_force=  1.000000000000000E-005
 nchek=           0
                    conver_nodal_value check
               Convergence check for displacement
 ratio1=  3.985576181342287E-002 ratio2=  4.395135977995032E-002
                            not converged for checki=           1
 iiter=           2
Begin forming various matrix       at 2026-08-27 10:02:38 
 ktsmat=           0
 ntelgroup=           0
Begin solution global equation     at 2026-08-27 10:02:38 
                     istep=         444 iiter=           2
                     conver_load check
 resid=  1.053045216762297E-015 retot=  2.213580284947632E+015
 ratio1=  6.897248458878008E-016 ratio2=  7.559592261015228E-016
 nchek0=           0 toler_force=  1.000000000000000E-005
 nchek=           0
                    conver_nodal_value check
               Convergence check for displacement
 ratio1=  3.237295248404464E-017 ratio2=  4.760885937397717E-017
 nchek=           0
 ***********RESTART FILE IS UPDATED!*******
 time: 10:02:36
 iblks=           1 iincs=           1 istep=         445
 outinp=           0
 iiter=           1
Begin forming various matrix       at 2026-08-27 10:02:38 
 ktsmat=           0
Begin assemble golbal matrix       at 2026-08-27 10:02:38 
 ntelgroup=           0
Begin factorize global matrix      at 2026-08-27 10:02:38 
 Factorization completed ... 
Begin solution global equation     at 2026-08-27 10:02:38 
                     istep=         445 iiter=           1
                     conver_load check
 resid=  2.777546186783723E-015 retot=  1.010844818803667E+015
 ratio1=  1.657633060872488E-015 ratio2=  1.473904490684605E-015
 nchek0=           0 toler_force=  1.000000000000000E-005
 nchek=           0
                    conver_nodal_value check
               Convergence check for displacement
 ratio1=  3.894904537177796E-002 ratio2=  6.051180660931275E-002
                            not converged for checki=           1
 iiter=           2
Begin forming various matrix       at 2026-08-27 10:02:38 
 ktsmat=           0
 ntelgroup=           0
Begin solution global equation     at 2026-08-27 10:02:38 
                     istep=         445 iiter=           2
                     conver_load check
 resid=  2.740141913450153E-015 retot=  1.010844818803667E+015
 ratio1=  1.646433837664424E-015 ratio2=  1.578608088383512E-015
 nchek0=           0 toler_force=  1.000000000000000E-005
 nchek=           0
                    conver_nodal_value check
               Convergence check for displacement
 ratio1=  4.044302455949918E-017 ratio2=  5.067914121687996E-017
 nchek=           0
 ***********RESTART FILE IS UPDATED!*******
 time: 10:02:36
 iblks=           1 iincs=           1 istep=         446
 outinp=           0
 iiter=           1
Begin forming various matrix       at 2026-08-27 10:02:38 
 ktsmat=           0
Begin assemble golbal matrix       at 2026-08-27 10:02:38 
 ntelgroup=           0
Begin factorize global matrix      at 2026-08-27 10:02:38 
 Factorization completed ... 
Begin solution global equation     at 2026-08-27 10:02:38 
                     istep=         446 iiter=           1
                     conver_load check
 resid=  2.863206672476725E-015 retot=   424108696911552.     
 ratio1=  2.598290823875346E-015 ratio2=  2.562636815909493E-015
 nchek0=           0 toler_force=  1.000000000000000E-005
 nchek=           0
                    conver_nodal_value check
               Convergence check for displacement
 ratio1=  4.346522051554921E-002 ratio2=  5.242651237458840E-002
                            not converged for checki=           1
 iiter=           2
Begin forming various matrix       at 2026-08-27 10:02:38 
 ktsmat=           0
 ntelgroup=           0
Begin solution global equation     at 2026-08-27 10:02:38 
                     istep=         446 iiter=           2
                     conver_load check
 resid=  2.336781559279648E-015 retot=   424108696911552.     
 ratio1=  2.347310109464850E-015 ratio2=  2.751065993549897E-015
 nchek0=           0 toler_force=  1.000000000000000E-005
 nchek=           0
                    conver_nodal_value check
               Convergence check for displacement
 ratio1=  4.396950165067355E-017 ratio2=  3.933865952017492E-017
 nchek=           0
 ***********RESTART FILE IS UPDATED!*******
 time: 10:02:36
 iblks=           1 iincs=           1 istep=         447
 outinp=           0
 iiter=           1
Begin forming various matrix       at 2026-08-27 10:02:38 
 ktsmat=           0
Begin assemble golbal matrix       at 2026-08-27 10:02:38 
 ntelgroup=           0
Begin factorize global matrix      at 2026-08-27 10:02:38 
 Factorization completed ... 
Begin solution global equation     at 2026-08-27 10:02:38 
                     istep=         447 iiter=           1
                     conver_load check
 resid=  4.221691728055669E-015 retot=   420437979779553.     
 ratio1=  3.168781460266380E-015 ratio2=  3.032041870117828E-015
 nchek0=           0 toler_force=  1.000000000000000E-005
 nchek=           0
                    conver_nodal_value check
               Convergence check for displacement
 ratio1=  7.271781606497195E-002 ratio2=  4.152467566590870E-002
                            not converged for checki=           1
 iiter=           2
Begin forming various matrix       at 2026-08-27 10:02:38 
 ktsmat=           0
 ntelgroup=           0
Begin solution global equation     at 2026-08-27 10:02:38 
                     istep=         447 iiter=           2
                     conver_load check
 resid=  3.852751335311242E-015 retot=   420437979779553.     
 ratio1=  3.027154029172339E-015 ratio2=  3.359445452337124E-015
 nchek0=           0 toler_force=  1.000000000000000E-005
 nchek=           0
                    conver_nodal_value check
               Convergence check for displacement
 ratio1=  1.312024461491083E-016 ratio2=  9.799075593305743E-017
 nchek=           0
 ***********RESTART FILE IS UPDATED!*******
 time: 10:02:36
 iblks=           1 iincs=           1 istep=         448
 outinp=           0
 iiter=           1
Begin forming various matrix       at 2026-08-27 10:02:38 
 ktsmat=           0
Begin assemble golbal matrix       at 2026-08-27 10:02:38 
 ntelgroup=           0
Begin factorize global matrix      at 2026-08-27 10:02:38 
 Factorization completed ... 
Begin solution global equation     at 2026-08-27 10:02:38 
                     istep=         448 iiter=           1
                     conver_load check
 resid=  2.258848428812608E-015 retot=   996629137726465.     
 ratio1=  1.505486117245684E-015 ratio2=  1.573112662169537E-015
 nchek0=           0 toler_force=  1.000000000000000E-005
 nchek=           0
                    conver_nodal_value check
               Convergence check for displacement
 ratio1=  0.124292728662849      ratio2=  7.755846552132435E-002
                            not converged for checki=           1
 iiter=           2
Begin forming various matrix       at 2026-08-27 10:02:38 
 ktsmat=           0
 ntelgroup=           0
Begin solution global equation     at 2026-08-27 10:02:38 
                     istep=         448 iiter=           2
                     conver_load check
 resid=  2.545392163257752E-015 retot=   996629137726465.     
 ratio1=  1.598124322465311E-015 ratio2=  1.958577354224325E-015
 nchek0=           0 toler_force=  1.000000000000000E-005
 nchek=           0
                    conver_nodal_value check
               Convergence check for displacement
 ratio1=  2.421325832394479E-016 ratio2=  2.568961496108847E-016
 nchek=           0
 ***********RESTART FILE IS UPDATED!*******
 time: 10:02:36
 iblks=           1 iincs=           1 istep=         449
 outinp=           0
 iiter=           1
Begin forming various matrix       at 2026-08-27 10:02:38 
 ktsmat=           0
Begin assemble golbal matrix       at 2026-08-27 10:02:38 
 ntelgroup=           0
Begin factorize global matrix      at 2026-08-27 10:02:38 
 Factorization completed ... 
Begin solution global equation     at 2026-08-27 10:02:38 
                     istep=         449 iiter=           1
                     conver_load check
 resid=  2.793469086231566E-015 retot=  1.676290852608369E+015
 ratio1=  1.290913811237063E-015 ratio2=  2.157591167368230E-015
 nchek0=           0 toler_force=  1.000000000000000E-005
 nchek=           0
                    conver_nodal_value check
               Convergence check for displacement
 ratio1=  6.806557486714337E-002 ratio2=  9.632481844634259E-002
                            not converged for checki=           1
 iiter=           2
Begin forming various matrix       at 2026-08-27 10:02:38 
 ktsmat=           0
 ntelgroup=           0
Begin solution global equation     at 2026-08-27 10:02:38 
                     istep=         449 iiter=           2
                     conver_load check
 resid=  1.111667483406078E-015 retot=  1.676290852608369E+015
 ratio1=  8.143531183868111E-016 ratio2=  9.590694382986115E-016
 nchek0=           0 toler_force=  1.000000000000000E-005
 nchek=           0
                    conver_nodal_value check
               Convergence check for displacement
 ratio1=  1.325724805116111E-016 ratio2=  3.040475063259242E-016
 nchek=           0
 ***********RESTART FILE IS UPDATED!*******
 time: 10:02:36
 iblks=           1 iincs=           1 istep=         450
 outinp=           0
 iiter=           1
Begin forming various matrix       at 2026-08-27 10:02:38 
 ktsmat=           0
Begin assemble golbal matrix       at 2026-08-27 10:02:38 
 ntelgroup=           0
Begin factorize global matrix      at 2026-08-27 10:02:38 
 Factorization completed ... 
Begin solution global equation     at 2026-08-27 10:02:38 
                     istep=         450 iiter=           1
                     conver_load check
 resid=  9.569339606947715E-016 retot=  1.480811298107278E+015
 ratio1=  8.038798154569089E-016 ratio2=  7.365389324397833E-016
 nchek0=           0 toler_force=  1.000000000000000E-005
 nchek=           0
                    conver_nodal_value check
               Convergence check for displacement
 ratio1=  6.057274932011524E-002 ratio2=  0.133261846316825     
                            not converged for checki=           1
 iiter=           2
Begin forming various matrix       at 2026-08-27 10:02:38 
 ktsmat=           0
 ntelgroup=           0
Begin solution global equation     at 2026-08-27 10:02:38 
                     istep=         450 iiter=           2
                     conver_load check
 resid=  7.788118762428545E-016 retot=  1.480811298107278E+015
 ratio1=  7.252144069791393E-016 ratio2=  1.011366892305374E-015
 nchek0=           0 toler_force=  1.000000000000000E-005
 nchek=           0
                    conver_nodal_value check
               Convergence check for displacement
 ratio1=  7.727496308159365E-017 ratio2=  1.602214194669079E-016
 nchek=           0
 ***********RESTART FILE IS UPDATED!*******
 time: 10:02:36
 iblks=           1 iincs=           1 istep=         451
 outinp=           0
 iiter=           1
Begin forming various matrix       at 2026-08-27 10:02:38 
 ktsmat=           0
Begin assemble golbal matrix       at 2026-08-27 10:02:38 
 ntelgroup=           0
Begin factorize global matrix      at 2026-08-27 10:02:38 
 Factorization completed ... 
Begin solution global equation     at 2026-08-27 10:02:38 
                     istep=         451 iiter=           1
                     conver_load check
 resid=  5.511606444346612E-016 retot=  1.740360822961110E+015
 ratio1=  5.627551141603489E-016 ratio2=  5.369277017957221E-016
 nchek0=           0 toler_force=  1.000000000000000E-005
 nchek=           0
                    conver_nodal_value check
               Convergence check for displacement
 ratio1=  4.449766190126734E-002 ratio2=  6.293731165272713E-002
                            not converged for checki=           1
 iiter=           2
Begin forming various matrix       at 2026-08-27 10:02:38 
 ktsmat=           0
 ntelgroup=           0
Begin solution global equation     at 2026-08-27 10:02:38 
                     istep=         451 iiter=           2
                     conver_load check
 resid=  2.707420986895921E-016 retot=  1.740360822961110E+015
 ratio1=  3.944193802441462E-016 ratio2=  2.863614409577184E-016
 nchek0=           0 toler_force=  1.000000000000000E-005
 nchek=           0
                    conver_nodal_value check
               Convergence check for displacement
 ratio1=  8.685180582454440E-017 ratio2=  1.998506309737919E-016
 nchek=           0
 ***********RESTART FILE IS UPDATED!*******
 time: 10:02:36
 iblks=           1 iincs=           1 istep=         452
 outinp=           0
 iiter=           1
Begin forming various matrix       at 2026-08-27 10:02:38 
 ktsmat=           0
Begin assemble golbal matrix       at 2026-08-27 10:02:38 
 ntelgroup=           0
Begin factorize global matrix      at 2026-08-27 10:02:38 
 Factorization completed ... 
Begin solution global equation     at 2026-08-27 10:02:38 
                     istep=         452 iiter=           1
                     conver_load check
 resid=  5.398544432263380E-016 retot=  1.773286286861805E+015
 ratio1=  5.517583474840726E-016 ratio2=  3.740743571547994E-016
 nchek0=           0 toler_force=  1.000000000000000E-005
 nchek=           0
                    conver_nodal_value check
               Convergence check for displacement
 ratio1=  5.179655048139915E-002 ratio2=  0.103354443643295     
                            not converged for checki=           1
 iiter=           2
Begin forming various matrix       at 2026-08-27 10:02:38 
 ktsmat=           0
 ntelgroup=           0
Begin solution global equation     at 2026-08-27 10:02:38 
                     istep=         452 iiter=           2
                     conver_load check
 resid=  2.206045095993893E-016 retot=  1.773286286861805E+015
 ratio1=  3.527099937492161E-016 ratio2=  2.137567755170282E-016
 nchek0=           0 toler_force=  1.000000000000000E-005
 nchek=           0
                    conver_nodal_value check
               Convergence check for displacement
 ratio1=  6.498943060071995E-017 ratio2=  1.130799774248762E-016
 nchek=           0
 ***********RESTART FILE IS UPDATED!*******
 time: 10:02:36
 iblks=           1 iincs=           1 istep=         453
 outinp=           0
 iiter=           1
Begin forming various matrix       at 2026-08-27 10:02:38 
 ktsmat=           0
Begin assemble golbal matrix       at 2026-08-27 10:02:38 
 ntelgroup=           0
Begin factorize global matrix      at 2026-08-27 10:02:38 
 Factorization completed ... 
Begin solution global equation     at 2026-08-27 10:02:38 
                     istep=         453 iiter=           1
                     conver_load check
 resid=  9.881294093332152E-016 retot=  1.549754689819243E+015
 ratio1=  7.985009423007629E-016 ratio2=  5.931070981589472E-016
 nchek0=           0 toler_force=  1.000000000000000E-005
 nchek=           0
                    conver_nodal_value check
               Convergence check for displacement
 ratio1=  6.711478711512223E-002 ratio2=  0.141112737952963     
                            not converged for checki=           1
 iiter=           2
Begin forming various matrix       at 2026-08-27 10:02:38 
 ktsmat=           0
 ntelgroup=           0
Begin solution global equation     at 2026-08-27 10:02:38 
                     istep=         453 iiter=           2
                     conver_load check
 resid=  3.111914875896441E-016 retot=  1.549754689819243E+015
 ratio1=  4.481076670680431E-016 ratio2=  2.347715596879166E-016
 nchek0=           0 toler_force=  1.000000000000000E-005
 nchek=           0
                    conver_nodal_value check
               Convergence check for displacement
 ratio1=  4.022686019116645E-017 ratio2=  1.265464331952537E-016
 nchek=           0
 ***********RESTART FILE IS UPDATED!*******
 time: 10:02:36
 iblks=           1 iincs=           1 istep=         454
 outinp=           0
 iiter=           1
Begin forming various matrix       at 2026-08-27 10:02:38 
 ktsmat=           0
Begin assemble golbal matrix       at 2026-08-27 10:02:38 
 ntelgroup=           0
Begin factorize global matrix      at 2026-08-27 10:02:38 
 Factorization completed ... 
Begin solution global equation     at 2026-08-27 10:02:38 
                     istep=         454 iiter=           1
                     conver_load check
 resid=  1.141567863140487E-015 retot=  3.122350541191783E+015
 ratio1=  6.046583263317398E-016 ratio2=  4.127882115187095E-016
 nchek0=           0 toler_force=  1.000000000000000E-005
 nchek=           0
                    conver_nodal_value check
               Convergence check for displacement
 ratio1=  3.589823015219915E-002 ratio2=  3.776320837272833E-002
                            not converged for checki=           1
 iiter=           2
Begin forming various matrix       at 2026-08-27 10:02:38 
 ktsmat=           0
 ntelgroup=           0
Begin solution global equation     at 2026-08-27 10:02:38 
                     istep=         454 iiter=           2
                     conver_load check
 resid=  8.110641552589675E-016 retot=  3.122350541191782E+015
 ratio1=  5.096673050365022E-016 ratio2=  4.024685062307417E-016
 nchek0=           0 toler_force=  1.000000000000000E-005
 nchek=           0
                    conver_nodal_value check
               Convergence check for displacement
 ratio1=  5.100485492172680E-017 ratio2=  1.288263437640014E-016
 nchek=           0
 ***********RESTART FILE IS UPDATED!*******
 time: 10:02:36
 iblks=           1 iincs=           1 istep=         455
 outinp=           0
 iiter=           1
Begin forming various matrix       at 2026-08-27 10:02:38 
 ktsmat=           0
Begin assemble golbal matrix       at 2026-08-27 10:02:38 
 ntelgroup=           0
Begin factorize global matrix      at 2026-08-27 10:02:38 
 Factorization completed ... 
Begin solution global equation     at 2026-08-27 10:02:38 
                     istep=         455 iiter=           1
                     conver_load check
 resid=  1.990071102052846E-015 retot=  2.526651271287070E+015
 ratio1=  8.874862728013470E-016 ratio2=  8.764118261075276E-016
 nchek0=           0 toler_force=  1.000000000000000E-005
 nchek=           0
                    conver_nodal_value check
               Convergence check for displacement
 ratio1=  9.476363215435162E-002 ratio2=  0.196085262865053     
                            not converged for checki=           1
 iiter=           2
Begin forming various matrix       at 2026-08-27 10:02:38 
 ktsmat=           0
 ntelgroup=           0
Begin solution global equation     at 2026-08-27 10:02:38 
                     istep=         455 iiter=           2
                     conver_load check
 resid=  1.470595138041513E-015 retot=  2.526651271287070E+015
 ratio1=  7.629110593195019E-016 ratio2=  4.765489304459681E-016
 nchek0=           0 toler_force=  1.000000000000000E-005
 nchek=           0
                    conver_nodal_value check
               Convergence check for displacement
 ratio1=  6.467750218276529E-017 ratio2=  8.340413636794462E-017
 nchek=           0
 ***********RESTART FILE IS UPDATED!*******
 time: 10:02:36
 iblks=           1 iincs=           1 istep=         456
 outinp=           0
 iiter=           1
Begin forming various matrix       at 2026-08-27 10:02:38 
 ktsmat=           0
Begin assemble golbal matrix       at 2026-08-27 10:02:38 
 ntelgroup=           0
Begin factorize global matrix      at 2026-08-27 10:02:38 
 Factorization completed ... 
Begin solution global equation     at 2026-08-27 10:02:38 
                     istep=         456 iiter=           1
                     conver_load check
 resid=  2.727153279388942E-015 retot=  3.802782922101582E+015
 ratio1=  8.468451539229315E-016 ratio2=  1.134993556094827E-015
 nchek0=           0 toler_force=  1.000000000000000E-005
 nchek=           0
                    conver_nodal_value check
               Convergence check for displacement
 ratio1=  5.626072766976201E-002 ratio2=  8.681910363785823E-002
                            not converged for checki=           1
 iiter=           2
Begin forming various matrix       at 2026-08-27 10:02:39 
 ktsmat=           0
 ntelgroup=           0
Begin solution global equation     at 2026-08-27 10:02:39 
                     istep=         456 iiter=           2
                     conver_load check
 resid=  2.589079824339640E-015 retot=  3.802782922101582E+015
 ratio1=  8.251291931866685E-016 ratio2=  7.327677695489410E-016
 nchek0=           0 toler_force=  1.000000000000000E-005
 nchek=           0
                    conver_nodal_value check
               Convergence check for displacement
 ratio1=  9.136843501438316E-017 ratio2=  1.507920516411613E-016
 nchek=           0
 ***********RESTART FILE IS UPDATED!*******
 time: 10:02:36
 iblks=           1 iincs=           1 istep=         457
 outinp=           0
 iiter=           1
Begin forming various matrix       at 2026-08-27 10:02:39 
 ktsmat=           0
Begin assemble golbal matrix       at 2026-08-27 10:02:39 
 ntelgroup=           0
Begin factorize global matrix      at 2026-08-27 10:02:39 
 Factorization completed ... 
Begin solution global equation     at 2026-08-27 10:02:39 
                     istep=         457 iiter=           1
                     conver_load check
 resid=  4.347498920147060E-015 retot=  5.261219544202983E+015
 ratio1=  9.090264686858661E-016 ratio2=  8.345192987860243E-016
 nchek0=           0 toler_force=  1.000000000000000E-005
 nchek=           0
                    conver_nodal_value check
               Convergence check for displacement
 ratio1=  4.185599867914110E-002 ratio2=  3.747898134072580E-002
                            not converged for checki=           1
 iiter=           2
Begin forming various matrix       at 2026-08-27 10:02:39 
 ktsmat=           0
 ntelgroup=           0
Begin solution global equation     at 2026-08-27 10:02:39 
                     istep=         457 iiter=           2
                     conver_load check
 resid=  5.171171336898854E-015 retot=  5.261219544202983E+015
 ratio1=  9.914053344705159E-016 ratio2=  1.082801748549071E-015
 nchek0=           0 toler_force=  1.000000000000000E-005
 nchek=           0
                    conver_nodal_value check
               Convergence check for displacement
 ratio1=  8.725362887712210E-017 ratio2=  1.455650888284167E-016
 nchek=           0
 ***********RESTART FILE IS UPDATED!*******
 time: 10:02:36
 iblks=           1 iincs=           1 istep=         458
 outinp=           0
 iiter=           1
Begin forming various matrix       at 2026-08-27 10:02:39 
 ktsmat=           0
Begin assemble golbal matrix       at 2026-08-27 10:02:39 
 ntelgroup=           0
Begin factorize global matrix      at 2026-08-27 10:02:39 
 Factorization completed ... 
Begin solution global equation     at 2026-08-27 10:02:39 
                     istep=         458 iiter=           1
                     conver_load check
 resid=  5.160148644698126E-015 retot=  5.255421840819576E+015
 ratio1=  9.908942660436088E-016 ratio2=  9.555811843999646E-016
 nchek0=           0 toler_force=  1.000000000000000E-005
 nchek=           0
                    conver_nodal_value check
               Convergence check for displacement
 ratio1=  4.141049795081096E-002 ratio2=  3.480946148711185E-002
                            not converged for checki=           1
 iiter=           2
Begin forming various matrix       at 2026-08-27 10:02:39 
 ktsmat=           0
 ntelgroup=           0
Begin solution global equation     at 2026-08-27 10:02:39 
                     istep=         458 iiter=           2
                     conver_load check
 resid=  7.580916167624300E-015 retot=  5.255421840819576E+015
 ratio1=  1.201038851361974E-015 ratio2=  1.556513681806128E-015
 nchek0=           0 toler_force=  1.000000000000000E-005
 nchek=           0
                    conver_nodal_value check
               Convergence check for displacement
 ratio1=  9.013642479488126E-017 ratio2=  1.747205425803535E-016
 nchek=           0
 ***********RESTART FILE IS UPDATED!*******
 time: 10:02:36
 iblks=           1 iincs=           1 istep=         459
 outinp=           0
 iiter=           1
Begin forming various matrix       at 2026-08-27 10:02:39 
 ktsmat=           0
Begin assemble golbal matrix       at 2026-08-27 10:02:39 
 ntelgroup=           0
Begin factorize global matrix      at 2026-08-27 10:02:39 
 Factorization completed ... 
Begin solution global equation     at 2026-08-27 10:02:39 
                     istep=         459 iiter=           1
                     conver_load check
 resid=  2.390340443135020E-015 retot=  4.302713497431075E+015
 ratio1=  7.453472703726417E-016 ratio2=  6.404073474747619E-016
 nchek0=           0 toler_force=  1.000000000000000E-005
 nchek=           0
                    conver_nodal_value check
               Convergence check for displacement
 ratio1=  2.537750483695992E-002 ratio2=  2.477624176803371E-002
                            not converged for checki=           1
 iiter=           2
Begin forming various matrix       at 2026-08-27 10:02:39 
 ktsmat=           0
 ntelgroup=           0
Begin solution global equation     at 2026-08-27 10:02:39 
                     istep=         459 iiter=           2
                     conver_load check
 resid=  1.712186810785733E-015 retot=  4.302713497431075E+015
 ratio1=  6.308184096666341E-016 ratio2=  5.214745543723061E-016
 nchek0=           0 toler_force=  1.000000000000000E-005
 nchek=           0
                    conver_nodal_value check
               Convergence check for displacement
 ratio1=  4.501370627828547E-017 ratio2=  7.647374428992367E-017
 nchek=           0
 ***********RESTART FILE IS UPDATED!*******
 time: 10:02:36
 iblks=           1 iincs=           1 istep=         460
 outinp=           0
 iiter=           1
Begin forming various matrix       at 2026-08-27 10:02:39 
 ktsmat=           0
Begin assemble golbal matrix       at 2026-08-27 10:02:39 
 ntelgroup=           0
Begin factorize global matrix      at 2026-08-27 10:02:39 
 Factorization completed ... 
Begin solution global equation     at 2026-08-27 10:02:39 
                     istep=         460 iiter=           1
                     conver_load check
 resid=  1.110240204035568E-015 retot=  4.062249318773025E+015
 ratio1=  5.227874913246144E-016 ratio2=  3.828759075431047E-016
 nchek0=           0 toler_force=  1.000000000000000E-005
 nchek=           0
                    conver_nodal_value check
               Convergence check for displacement
 ratio1=  2.224629667671703E-002 ratio2=  4.266293910038597E-002
                            not converged for checki=           1
 iiter=           2
Begin forming various matrix       at 2026-08-27 10:02:39 
 ktsmat=           0
 ntelgroup=           0
Begin solution global equation     at 2026-08-27 10:02:39 
                     istep=         460 iiter=           2
                     conver_load check
 resid=  7.233491485039288E-016 retot=  4.062249318773025E+015
 ratio1=  4.219788653396976E-016 ratio2=  4.008794768633134E-016
 nchek0=           0 toler_force=  1.000000000000000E-005
 nchek=           0
                    conver_nodal_value check
               Convergence check for displacement
 ratio1=  3.137257711601674E-017 ratio2=  5.475240673177189E-017
 nchek=           0
 ***********RESTART FILE IS UPDATED!*******
 time: 10:02:36
 iblks=           1 iincs=           1 istep=         461
 outinp=           0
 iiter=           1
Begin forming various matrix       at 2026-08-27 10:02:39 
 ktsmat=           0
Begin assemble golbal matrix       at 2026-08-27 10:02:39 
 ntelgroup=           0
Begin factorize global matrix      at 2026-08-27 10:02:39 
 Factorization completed ... 
Begin solution global equation     at 2026-08-27 10:02:39 
                     istep=         461 iiter=           1
                     conver_load check
 resid=  8.611227244312861E-016 retot=  3.822418422564360E+015
 ratio1=  4.746389912077059E-016 ratio2=  3.758280093488641E-016
 nchek0=           0 toler_force=  1.000000000000000E-005
 nchek=           0
                    conver_nodal_value check
               Convergence check for displacement
 ratio1=  2.116290506267948E-002 ratio2=  3.207116813305760E-002
                            not converged for checki=           1
 iiter=           2
Begin forming various matrix       at 2026-08-27 10:02:39 
 ktsmat=           0
 ntelgroup=           0
Begin solution global equation     at 2026-08-27 10:02:39 
                     istep=         461 iiter=           2
                     conver_load check
 resid=  4.347714356235672E-016 retot=  3.822418422564360E+015
 ratio1=  3.372573233362639E-016 ratio2=  2.362347487335718E-016
 nchek0=           0 toler_force=  1.000000000000000E-005
 nchek=           0
                    conver_nodal_value check
               Convergence check for displacement
 ratio1=  2.549717037597496E-017 ratio2=  3.406754275894058E-017
 nchek=           0
 ***********RESTART FILE IS UPDATED!*******
 time: 10:02:36
 iblks=           1 iincs=           1 istep=         462
 outinp=           0
 iiter=           1
Begin forming various matrix       at 2026-08-27 10:02:39 
 ktsmat=           0
Begin assemble golbal matrix       at 2026-08-27 10:02:39 
 ntelgroup=           0
Begin factorize global matrix      at 2026-08-27 10:02:39 
 Factorization completed ... 
Begin solution global equation     at 2026-08-27 10:02:39 
                     istep=         462 iiter=           1
                     conver_load check
 resid=  2.091383272998055E-015 retot=  5.759874557357270E+015
 ratio1=  6.025738804157752E-016 ratio2=  5.865496336623451E-016
 nchek0=           0 toler_force=  1.000000000000000E-005
 nchek=           0
                    conver_nodal_value check
               Convergence check for displacement
 ratio1=  3.329212966700770E-002 ratio2=  3.732581875753509E-002
                            not converged for checki=           1
 iiter=           2
Begin forming various matrix       at 2026-08-27 10:02:39 
 ktsmat=           0
 ntelgroup=           0
Begin solution global equation     at 2026-08-27 10:02:39 
                     istep=         462 iiter=           2
                     conver_load check
 resid=  5.983076943820013E-016 retot=  5.759874557357270E+015
 ratio1=  3.222966425904121E-016 ratio2=  3.316261390321720E-016
 nchek0=           0 toler_force=  1.000000000000000E-005
 nchek=           0
                    conver_nodal_value check
               Convergence check for displacement
 ratio1=  6.956319635771783E-017 ratio2=  1.280711201451979E-016
 nchek=           0
 ***********RESTART FILE IS UPDATED!*******
 time: 10:02:36
 iblks=           1 iincs=           1 istep=         463
 outinp=           0
 iiter=           1
Begin forming various matrix       at 2026-08-27 10:02:39 
 ktsmat=           0
Begin assemble golbal matrix       at 2026-08-27 10:02:39 
 ntelgroup=           0
Begin factorize global matrix      at 2026-08-27 10:02:39 
 Factorization completed ... 
Begin solution global equation     at 2026-08-27 10:02:39 
                     istep=         463 iiter=           1
                     conver_load check
 resid=  2.093089700189165E-015 retot=  6.895595779212051E+015
 ratio1=  5.509447166725887E-016 ratio2=  4.372114150755201E-016
 nchek0=           0 toler_force=  1.000000000000000E-005
 nchek=           0
                    conver_nodal_value check
               Convergence check for displacement
 ratio1=  4.077156637680811E-002 ratio2=  5.748820592690822E-002
                            not converged for checki=           1
 iiter=           2
Begin forming various matrix       at 2026-08-27 10:02:39 
 ktsmat=           0
 ntelgroup=           0
Begin solution global equation     at 2026-08-27 10:02:39 
                     istep=         463 iiter=           2
                     conver_load check
 resid=  1.885818021948497E-015 retot=  6.895595779212051E+015
 ratio1=  5.229546070234200E-016 ratio2=  4.942389909549358E-016
 nchek0=           0 toler_force=  1.000000000000000E-005
 nchek=           0
                    conver_nodal_value check
               Convergence check for displacement
 ratio1=  4.863737423067624E-017 ratio2=  9.497195095872178E-017
 nchek=           0
 ***********RESTART FILE IS UPDATED!*******
 time: 10:02:36
 iblks=           1 iincs=           1 istep=         464
 outinp=           0
 iiter=           1
Begin forming various matrix       at 2026-08-27 10:02:39 
 ktsmat=           0
Begin assemble golbal matrix       at 2026-08-27 10:02:39 
 ntelgroup=           0
Begin factorize global matrix      at 2026-08-27 10:02:39 
 Factorization completed ... 
Begin solution global equation     at 2026-08-27 10:02:39 
                     istep=         464 iiter=           1
                     conver_load check
 resid=  1.964040092497163E-015 retot=  3.947896048057861E+015
 ratio1=  7.053299413291987E-016 ratio2=  4.935138239728020E-016
 nchek0=           0 toler_force=  1.000000000000000E-005
 nchek=           0
                    conver_nodal_value check
               Convergence check for displacement
 ratio1=  4.410500184788660E-002 ratio2=  5.901600093454053E-002
                            not converged for checki=           1
 iiter=           2
Begin forming various matrix       at 2026-08-27 10:02:39 
 ktsmat=           0
 ntelgroup=           0
Begin solution global equation     at 2026-08-27 10:02:39 
                     istep=         464 iiter=           2
                     conver_load check
 resid=  8.987279767913870E-016 retot=  3.947896048057861E+015
 ratio1=  4.771240148274612E-016 ratio2=  5.251181575277105E-016
 nchek0=           0 toler_force=  1.000000000000000E-005
 nchek=           0
                    conver_nodal_value check
               Convergence check for displacement
 ratio1=  4.426589862807347E-017 ratio2=  5.952386796666771E-017
 nchek=           0
 ***********RESTART FILE IS UPDATED!*******
 time: 10:02:36
 iblks=           1 iincs=           1 istep=         465
 outinp=           0
 iiter=           1
Begin forming various matrix       at 2026-08-27 10:02:39 
 ktsmat=           0
Begin assemble golbal matrix       at 2026-08-27 10:02:39 
 ntelgroup=           0
Begin factorize global matrix      at 2026-08-27 10:02:39 
 Factorization completed ... 
Begin solution global equation     at 2026-08-27 10:02:39 
                     istep=         465 iiter=           1
                     conver_load check
 resid=  1.614706413507448E-015 retot=  3.551122034506634E+015
 ratio1=  6.743168104152978E-016 ratio2=  4.296968613755082E-016
 nchek0=           0 toler_force=  1.000000000000000E-005
 nchek=           0
                    conver_nodal_value check
               Convergence check for displacement
 ratio1=  5.758806544756018E-002 ratio2=  9.149345464430450E-002
                            not converged for checki=           1
 iiter=           2
Begin forming various matrix       at 2026-08-27 10:02:39 
 ktsmat=           0
 ntelgroup=           0
Begin solution global equation     at 2026-08-27 10:02:39 
                     istep=         465 iiter=           2
                     conver_load check
 resid=  1.224242987873119E-015 retot=  3.551122034506634E+015
 ratio1=  5.871526347319872E-016 ratio2=  4.452280732324543E-016
 nchek0=           0 toler_force=  1.000000000000000E-005
 nchek=           0
                    conver_nodal_value check
               Convergence check for displacement
 ratio1=  3.895468334740210E-017 ratio2=  5.289027042803598E-017
 nchek=           0
 ***********RESTART FILE IS UPDATED!*******
 time: 10:02:36
 iblks=           1 iincs=           1 istep=         466
 outinp=           0
 iiter=           1
Begin forming various matrix       at 2026-08-27 10:02:39 
 ktsmat=           0
Begin assemble golbal matrix       at 2026-08-27 10:02:39 
 ntelgroup=           0
Begin factorize global matrix      at 2026-08-27 10:02:39 
 Factorization completed ... 
Begin solution global equation     at 2026-08-27 10:02:39 
                     istep=         466 iiter=           1
                     conver_load check
 resid=  1.172267499070250E-015 retot=  3.587129602029418E+015
 ratio1=  5.716626632433564E-016 ratio2=  7.123874304266480E-016
 nchek0=           0 toler_force=  1.000000000000000E-005
 nchek=           0
                    conver_nodal_value check
               Convergence check for displacement
 ratio1=  2.121682489771022E-002 ratio2=  3.021053265229159E-002
                            not converged for checki=           1
 iiter=           2
Begin forming various matrix       at 2026-08-27 10:02:39 
 ktsmat=           0
 ntelgroup=           0
Begin solution global equation     at 2026-08-27 10:02:39 
                     istep=         466 iiter=           2
                     conver_load check
 resid=  7.550215458703099E-016 retot=  3.587129602029418E+015
 ratio1=  4.587817552530233E-016 ratio2=  4.607844775860248E-016
 nchek0=           0 toler_force=  1.000000000000000E-005
 nchek=           0
                    conver_nodal_value check
               Convergence check for displacement
 ratio1=  2.525450040515678E-017 ratio2=  2.999329087035220E-017
 nchek=           0
 ***********RESTART FILE IS UPDATED!*******
 time: 10:02:36
 iblks=           1 iincs=           1 istep=         467
 outinp=           0
 iiter=           1
Begin forming various matrix       at 2026-08-27 10:02:39 
 ktsmat=           0
Begin assemble golbal matrix       at 2026-08-27 10:02:39 
 ntelgroup=           0
Begin factorize global matrix      at 2026-08-27 10:02:39 
 Factorization completed ... 
Begin solution global equation     at 2026-08-27 10:02:39 
                     istep=         467 iiter=           1
                     conver_load check
 resid=  1.026832475972580E-015 retot=  2.209331721189837E+015
 ratio1=  6.817408752333041E-016 ratio2=  4.188895745423988E-016
 nchek0=           0 toler_force=  1.000000000000000E-005
 nchek=           0
                    conver_nodal_value check
               Convergence check for displacement
 ratio1=  3.860725182067466E-002 ratio2=  6.757834524300131E-002
                            not converged for checki=           1
 iiter=           2
Begin forming various matrix       at 2026-08-27 10:02:39 
 ktsmat=           0
 ntelgroup=           0
Begin solution global equation     at 2026-08-27 10:02:39 
                     istep=         467 iiter=           2
                     conver_load check
 resid=  7.870529450993794E-016 retot=  2.209331721189837E+015
 ratio1=  5.968586745143367E-016 ratio2=  4.061959510714170E-016
 nchek0=           0 toler_force=  1.000000000000000E-005
 nchek=           0
                    conver_nodal_value check
               Convergence check for displacement
 ratio1=  4.403403649445714E-017 ratio2=  7.550841718895089E-017
 nchek=           0
 ***********RESTART FILE IS UPDATED!*******
 time: 10:02:36
 iblks=           1 iincs=           1 istep=         468
 outinp=           0
 iiter=           1
Begin forming various matrix       at 2026-08-27 10:02:39 
 ktsmat=           0
Begin assemble golbal matrix       at 2026-08-27 10:02:39 
 ntelgroup=           0
Begin factorize global matrix      at 2026-08-27 10:02:39 
 Factorization completed ... 
Begin solution global equation     at 2026-08-27 10:02:39 
                     istep=         468 iiter=           1
                     conver_load check
 resid=  6.508251161801766E-016 retot=  2.396914384994428E+015
 ratio1=  5.210817840386117E-016 ratio2=  3.750224425330731E-016
 nchek0=           0 toler_force=  1.000000000000000E-005
 nchek=           0
                    conver_nodal_value check
               Convergence check for displacement
 ratio1=  3.112766449713802E-002 ratio2=  5.467469294611745E-002
                            not converged for checki=           1
 iiter=           2
Begin forming various matrix       at 2026-08-27 10:02:39 
 ktsmat=           0
 ntelgroup=           0
Begin solution global equation     at 2026-08-27 10:02:39 
                     istep=         468 iiter=           2
                     conver_load check
 resid=  4.877667827179802E-016 retot=  2.396914384994428E+015
 ratio1=  4.511072944044145E-016 ratio2=  3.214478078854912E-016
 nchek0=           0 toler_force=  1.000000000000000E-005
 nchek=           0
                    conver_nodal_value check
               Convergence check for displacement
 ratio1=  2.678976255760029E-017 ratio2=  3.886142347022736E-017
 nchek=           0
 ***********RESTART FILE IS UPDATED!*******
 time: 10:02:36
 iblks=           1 iincs=           1 istep=         469
 outinp=           0
 iiter=           1
Begin forming various matrix       at 2026-08-27 10:02:39 
 ktsmat=           0
Begin assemble golbal matrix       at 2026-08-27 10:02:39 
 ntelgroup=           0
Begin factorize global matrix      at 2026-08-27 10:02:39 
 Factorization completed ... 
Begin solution global equation     at 2026-08-27 10:02:39 
                     istep=         469 iiter=           1
                     conver_load check
 resid=  8.189528845171208E-016 retot=  2.159843808836677E+015
 ratio1=  6.157696583662934E-016 ratio2=  4.531152462768199E-016
 nchek0=           0 toler_force=  1.000000000000000E-005
 nchek=           0
                    conver_nodal_value check
               Convergence check for displacement
 ratio1=  2.220056206520295E-002 ratio2=  5.485764279931050E-002
                            not converged for checki=           1
 iiter=           2
Begin forming various matrix       at 2026-08-27 10:02:39 
 ktsmat=           0
 ntelgroup=           0
Begin solution global equation     at 2026-08-27 10:02:39 
                     istep=         469 iiter=           2
                     conver_load check
 resid=  3.781185151279305E-016 retot=  2.159843808836677E+015
 ratio1=  4.184107161323597E-016 ratio2=  3.362964718460773E-016
 nchek0=           0 toler_force=  1.000000000000000E-005
 nchek=           0
                    conver_nodal_value check
               Convergence check for displacement
 ratio1=  2.591708970823490E-017 ratio2=  4.989533481478294E-017
 nchek=           0
 ***********RESTART FILE IS UPDATED!*******
 time: 10:02:36
 iblks=           1 iincs=           1 istep=         470
 outinp=           0
 iiter=           1
Begin forming various matrix       at 2026-08-27 10:02:39 
 ktsmat=           0
Begin assemble golbal matrix       at 2026-08-27 10:02:39 
 ntelgroup=           0
Begin factorize global matrix      at 2026-08-27 10:02:39 
 Factorization completed ... 
Begin solution global equation     at 2026-08-27 10:02:39 
                     istep=         470 iiter=           1
                     conver_load check
 resid=  1.543550349491120E-015 retot=  1.221711128876352E+015
 ratio1=  1.124025425785672E-015 ratio2=  8.634635037429894E-016
 nchek0=           0 toler_force=  1.000000000000000E-005
 nchek=           0
                    conver_nodal_value check
               Convergence check for displacement
 ratio1=  5.058932989577020E-002 ratio2=  0.113621075289896     
                            not converged for checki=           1
 iiter=           2
Begin forming various matrix       at 2026-08-27 10:02:39 
 ktsmat=           0
 ntelgroup=           0
Begin solution global equation     at 2026-08-27 10:02:39 
                     istep=         470 iiter=           2
                     conver_load check
 resid=  6.908832353574401E-016 retot=  1.221711128876352E+015
 ratio1=  7.520003837556449E-016 ratio2=  4.581643081085250E-016
 nchek0=           0 toler_force=  1.000000000000000E-005
 nchek=           0
                    conver_nodal_value check
               Convergence check for displacement
 ratio1=  4.159785684737854E-017 ratio2=  7.199788440285115E-017
 nchek=           0
 ***********RESTART FILE IS UPDATED!*******
 time: 10:02:36
 iblks=           1 iincs=           1 istep=         471
 outinp=           0
 iiter=           1
Begin forming various matrix       at 2026-08-27 10:02:39 
 ktsmat=           0
Begin assemble golbal matrix       at 2026-08-27 10:02:39 
 ntelgroup=           0
Begin factorize global matrix      at 2026-08-27 10:02:39 
 Factorization completed ... 
Begin solution global equation     at 2026-08-27 10:02:39 
                     istep=         471 iiter=           1
                     conver_load check
 resid=  2.433522267753003E-015 retot=  1.481660538448761E+015
 ratio1=  1.281572869988524E-015 ratio2=  1.070612083513313E-015
 nchek0=           0 toler_force=  1.000000000000000E-005
 nchek=           0
                    conver_nodal_value check
               Convergence check for displacement
 ratio1=  6.897496809616042E-002 ratio2=  0.194192713825527     
                            not converged for checki=           1
 iiter=           2
Begin forming various matrix       at 2026-08-27 10:02:39 
 ktsmat=           0
 ntelgroup=           0
Begin solution global equation     at 2026-08-27 10:02:39 
                     istep=         471 iiter=           2
                     conver_load check
 resid=  1.516205593436909E-015 retot=  1.481660538448761E+015
 ratio1=  1.011590378648498E-015 ratio2=  1.117844969550665E-015
 nchek0=           0 toler_force=  1.000000000000000E-005
 nchek=           0
                    conver_nodal_value check
               Convergence check for displacement
 ratio1=  6.404131910659743E-017 ratio2=  2.292355227126772E-016
 nchek=           0
 ***********RESTART FILE IS UPDATED!*******
 time: 10:02:36
 iblks=           1 iincs=           1 istep=         472
 outinp=           0
 iiter=           1
Begin forming various matrix       at 2026-08-27 10:02:39 
 ktsmat=           0
Begin assemble golbal matrix       at 2026-08-27 10:02:39 
 ntelgroup=           0
Begin factorize global matrix      at 2026-08-27 10:02:39 
 Factorization completed ... 
Begin solution global equation     at 2026-08-27 10:02:39 
                     istep=         472 iiter=           1
                     conver_load check
 resid=  1.901962170499938E-015 retot=  2.024697372967486E+015
 ratio1=  9.692166755859335E-016 ratio2=  7.182133455495807E-016
 nchek0=           0 toler_force=  1.000000000000000E-005
 nchek=           0
                    conver_nodal_value check
               Convergence check for displacement
 ratio1=  4.464895129107737E-002 ratio2=  9.707461880765253E-002
                            not converged for checki=           1
 iiter=           2
Begin forming various matrix       at 2026-08-27 10:02:39 
 ktsmat=           0
 ntelgroup=           0
Begin solution global equation     at 2026-08-27 10:02:39 
                     istep=         472 iiter=           2
                     conver_load check
 resid=  1.363351840153969E-015 retot=  2.024697372967486E+015
 ratio1=  8.205856437225781E-016 ratio2=  6.120961702970731E-016
 nchek0=           0 toler_force=  1.000000000000000E-005
 nchek=           0
                    conver_nodal_value check
               Convergence check for displacement
 ratio1=  1.389882307587643E-016 ratio2=  4.496590787195967E-016
 nchek=           0
 ***********RESTART FILE IS UPDATED!*******
 time: 10:02:36
 iblks=           1 iincs=           1 istep=         473
 outinp=           0
 iiter=           1
Begin forming various matrix       at 2026-08-27 10:02:39 
 ktsmat=           0
Begin assemble golbal matrix       at 2026-08-27 10:02:39 
 ntelgroup=           0
Begin factorize global matrix      at 2026-08-27 10:02:39 
 Factorization completed ... 
Begin solution global equation     at 2026-08-27 10:02:39 
                     istep=         473 iiter=           1
                     conver_load check
 resid=  3.046707612237211E-015 retot=  1.208315781315844E+015
 ratio1=  1.587907372118784E-015 ratio2=  2.000421784216219E-015
 nchek0=           0 toler_force=  1.000000000000000E-005
 nchek=           0
                    conver_nodal_value check
               Convergence check for displacement
 ratio1=  7.145063140491607E-002 ratio2=  0.121552696057794     
                            not converged for checki=           1
 iiter=           2
Begin forming various matrix       at 2026-08-27 10:02:39 
 ktsmat=           0
 ntelgroup=           0
Begin solution global equation     at 2026-08-27 10:02:39 
                     istep=         473 iiter=           2
                     conver_load check
 resid=  1.930731473866649E-015 retot=  1.208315781315844E+015
 ratio1=  1.264068806412245E-015 ratio2=  1.242244431597827E-015
 nchek0=           0 toler_force=  1.000000000000000E-005
 nchek=           0
                    conver_nodal_value check
               Convergence check for displacement
 ratio1=  2.737590127093622E-016 ratio2=  8.910950728345103E-016
 nchek=           0
 ***********RESTART FILE IS UPDATED!*******
 time: 10:02:36
 iblks=           1 iincs=           1 istep=         474
 outinp=           0
 iiter=           1
Begin forming various matrix       at 2026-08-27 10:02:39 
 ktsmat=           0
Begin assemble golbal matrix       at 2026-08-27 10:02:39 
 ntelgroup=           0
Begin factorize global matrix      at 2026-08-27 10:02:39 
 Factorization completed ... 
Begin solution global equation     at 2026-08-27 10:02:39 
                     istep=         474 iiter=           1
                     conver_load check
 resid=  4.013856802644804E-015 retot=  1.369944597677096E+015
 ratio1=  1.711707033774999E-015 ratio2=  1.730103420330643E-015
 nchek0=           0 toler_force=  1.000000000000000E-005
 nchek=           0
                    conver_nodal_value check
               Convergence check for displacement
 ratio1=  4.918124485602277E-002 ratio2=  7.951596269113875E-002
                            not converged for checki=           1
 iiter=           2
Begin forming various matrix       at 2026-08-27 10:02:39 
 ktsmat=           0
 ntelgroup=           0
Begin solution global equation     at 2026-08-27 10:02:39 
                     istep=         474 iiter=           2
                     conver_load check
 resid=  3.137623119699891E-015 retot=  1.369944597677096E+015
 ratio1=  1.513383121975869E-015 ratio2=  1.459774760903980E-015
 nchek0=           0 toler_force=  1.000000000000000E-005
 nchek=           0
                    conver_nodal_value check
               Convergence check for displacement
 ratio1=  1.986755844445545E-016 ratio2=  7.258856144792033E-016
 nchek=           0
 ***********RESTART FILE IS UPDATED!*******
 time: 10:02:36
 iblks=           1 iincs=           1 istep=         475
 outinp=           0
 iiter=           1
Begin forming various matrix       at 2026-08-27 10:02:39 
 ktsmat=           0
Begin assemble golbal matrix       at 2026-08-27 10:02:39 
 ntelgroup=           0
Begin factorize global matrix      at 2026-08-27 10:02:39 
 Factorization completed ... 
Begin solution global equation     at 2026-08-27 10:02:39 
                     istep=         475 iiter=           1
                     conver_load check
 resid=  1.780105762143455E-015 retot=  1.904871915880864E+015
 ratio1=  9.666962047125067E-016 ratio2=  8.907181485812107E-016
 nchek0=           0 toler_force=  1.000000000000000E-005
 nchek=           0
                    conver_nodal_value check
               Convergence check for displacement
 ratio1=  3.616813845354732E-002 ratio2=  0.100903608929475     
                            not converged for checki=           1
 iiter=           2
Begin forming various matrix       at 2026-08-27 10:02:39 
 ktsmat=           0
 ntelgroup=           0
Begin solution global equation     at 2026-08-27 10:02:39 
                     istep=         475 iiter=           2
                     conver_load check
 resid=  1.014921104208959E-015 retot=  1.904871915880864E+015
 ratio1=  7.299334265790092E-016 ratio2=  7.435270266250706E-016
 nchek0=           0 toler_force=  1.000000000000000E-005
 nchek=           0
                    conver_nodal_value check
               Convergence check for displacement
 ratio1=  5.490141062127803E-017 ratio2=  1.718383250145158E-016
 nchek=           0
 ***********RESTART FILE IS UPDATED!*******
 time: 10:02:36
 iblks=           1 iincs=           1 istep=         476
 outinp=           0
 iiter=           1
Begin forming various matrix       at 2026-08-27 10:02:39 
 ktsmat=           0
Begin assemble golbal matrix       at 2026-08-27 10:02:39 
 ntelgroup=           0
Begin factorize global matrix      at 2026-08-27 10:02:39 
 Factorization completed ... 
Begin solution global equation     at 2026-08-27 10:02:39 
                     istep=         476 iiter=           1
                     conver_load check
 resid=  1.640259916139527E-015 retot=  1.727890344141142E+015
 ratio1=  9.743124388284593E-016 ratio2=  1.120473671146922E-015
 nchek0=           0 toler_force=  1.000000000000000E-005
 nchek=           0
                    conver_nodal_value check
               Convergence check for displacement
 ratio1=  3.287241501810526E-002 ratio2=  7.304812448749104E-002
                            not converged for checki=           1
 iiter=           2
Begin forming various matrix       at 2026-08-27 10:02:39 
 ktsmat=           0
 ntelgroup=           0
Begin solution global equation     at 2026-08-27 10:02:39 
                     istep=         476 iiter=           2
                     conver_load check
 resid=  1.082054583727058E-015 retot=  1.727890344141142E+015
 ratio1=  7.913461534581759E-016 ratio2=  7.064751272121217E-016
 nchek0=           0 toler_force=  1.000000000000000E-005
 nchek=           0
                    conver_nodal_value check
               Convergence check for displacement
 ratio1=  4.866779974609957E-017 ratio2=  1.579745052970689E-016
 nchek=           0
 ***********RESTART FILE IS UPDATED!*******
 time: 10:02:36
 iblks=           1 iincs=           1 istep=         477
 outinp=           0
 iiter=           1
Begin forming various matrix       at 2026-08-27 10:02:39 
 ktsmat=           0
Begin assemble golbal matrix       at 2026-08-27 10:02:39 
 ntelgroup=           0
Begin factorize global matrix      at 2026-08-27 10:02:39 
 Factorization completed ... 
Begin solution global equation     at 2026-08-27 10:02:39 
                     istep=         477 iiter=           1
                     conver_load check
 resid=  1.545010295587575E-015 retot=  1.216810647353196E+015
 ratio1=  1.126819070058733E-015 ratio2=  8.732678885246988E-016
 nchek0=           0 toler_force=  1.000000000000000E-005
 nchek=           0
                    conver_nodal_value check
               Convergence check for displacement
 ratio1=  2.980540681901680E-002 ratio2=  5.495203944963396E-002
                            not converged for checki=           1
 iiter=           2
Begin forming various matrix       at 2026-08-27 10:02:39 
 ktsmat=           0
 ntelgroup=           0
Begin solution global equation     at 2026-08-27 10:02:39 
                     istep=         477 iiter=           2
                     conver_load check
 resid=  1.047459918110844E-015 retot=  1.216810647353196E+015
 ratio1=  9.278060626652576E-016 ratio2=  7.485153330211704E-016
 nchek0=           0 toler_force=  1.000000000000000E-005
 nchek=           0
                    conver_nodal_value check
               Convergence check for displacement
 ratio1=  3.916741644643484E-017 ratio2=  9.697178455799427E-017
 nchek=           0
 ***********RESTART FILE IS UPDATED!*******
 time: 10:02:36
 iblks=           1 iincs=           1 istep=         478
 outinp=           0
 iiter=           1
Begin forming various matrix       at 2026-08-27 10:02:39 
 ktsmat=           0
Begin assemble golbal matrix       at 2026-08-27 10:02:39 
 ntelgroup=           0
Begin factorize global matrix      at 2026-08-27 10:02:39 
 Factorization completed ... 
Begin solution global equation     at 2026-08-27 10:02:39 
                     istep=         478 iiter=           1
                     conver_load check
 resid=  1.816555062374544E-015 retot=  1.239597163105031E+015
 ratio1=  1.210553524288515E-015 ratio2=  1.070657133243056E-015
 nchek0=           0 toler_force=  1.000000000000000E-005
 nchek=           0
                    conver_nodal_value check
               Convergence check for displacement
 ratio1=  3.947518191921803E-002 ratio2=  6.170965506734927E-002
                            not converged for checki=           1
 iiter=           2
Begin forming various matrix       at 2026-08-27 10:02:39 
 ktsmat=           0
 ntelgroup=           0
Begin solution global equation     at 2026-08-27 10:02:39 
                     istep=         478 iiter=           2
                     conver_load check
 resid=  1.019650257924174E-015 retot=  1.239597163105031E+015
 ratio1=  9.069541448136292E-016 ratio2=  6.361875719270333E-016
 nchek0=           0 toler_force=  1.000000000000000E-005
 nchek=           0
                    conver_nodal_value check
               Convergence check for displacement
 ratio1=  7.149598853865730E-017 ratio2=  1.248668043400939E-016
 nchek=           0
 ***********RESTART FILE IS UPDATED!*******
 time: 10:02:36
 iblks=           1 iincs=           1 istep=         479
 outinp=           0
 iiter=           1
Begin forming various matrix       at 2026-08-27 10:02:39 
 ktsmat=           0
Begin assemble golbal matrix       at 2026-08-27 10:02:39 
 ntelgroup=           0
Begin factorize global matrix      at 2026-08-27 10:02:39 
 Factorization completed ... 
Begin solution global equation     at 2026-08-27 10:02:39 
                     istep=         479 iiter=           1
                     conver_load check
 resid=  1.516174756557263E-015 retot=  1.579822198078209E+015
 ratio1=  9.796490573011428E-016 ratio2=  1.051710879926414E-015
 nchek0=           0 toler_force=  1.000000000000000E-005
 nchek=           0
                    conver_nodal_value check
               Convergence check for displacement
 ratio1=  4.833709432400392E-002 ratio2=  5.747702073184351E-002
                            not converged for checki=           1
 iiter=           2
Begin forming various matrix       at 2026-08-27 10:02:39 
 ktsmat=           0
 ntelgroup=           0
Begin solution global equation     at 2026-08-27 10:02:39 
                     istep=         479 iiter=           2
                     conver_load check
 resid=  1.136024217298784E-015 retot=  1.579822198078208E+015
 ratio1=  8.479879655459363E-016 ratio2=  6.500157521767418E-016
 nchek0=           0 toler_force=  1.000000000000000E-005
 nchek=           0
                    conver_nodal_value check
               Convergence check for displacement
 ratio1=  6.509956234562609E-017 ratio2=  1.217356099784146E-016
 nchek=           0
 ***********RESTART FILE IS UPDATED!*******
 time: 10:02:36
 iblks=           1 iincs=           1 istep=         480
 outinp=           0
 iiter=           1
Begin forming various matrix       at 2026-08-27 10:02:39 
 ktsmat=           0
Begin assemble golbal matrix       at 2026-08-27 10:02:39 
 ntelgroup=           0
Begin factorize global matrix      at 2026-08-27 10:02:39 
 Factorization completed ... 
Begin solution global equation     at 2026-08-27 10:02:39 
                     istep=         480 iiter=           1
                     conver_load check
 resid=  1.391772263944696E-015 retot=  1.883645482137840E+015
 ratio1=  8.595764421178170E-016 ratio2=  6.013784034690747E-016
 nchek0=           0 toler_force=  1.000000000000000E-005
 nchek=           0
                    conver_nodal_value check
               Convergence check for displacement
 ratio1=  5.457575459739887E-002 ratio2=  4.535114890451829E-002
                            not converged for checki=           1
 iiter=           2
Begin forming various matrix       at 2026-08-27 10:02:39 
 ktsmat=           0
 ntelgroup=           0
Begin solution global equation     at 2026-08-27 10:02:39 
                     istep=         480 iiter=           2
                     conver_load check
 resid=  1.120668882903935E-015 retot=  1.883645482137840E+015
 ratio1=  7.713279564765923E-016 ratio2=  5.668164262582084E-016
 nchek0=           0 toler_force=  1.000000000000000E-005
 nchek=           0
                    conver_nodal_value check
               Convergence check for displacement
 ratio1=  8.451283649360261E-017 ratio2=  8.082798431774720E-017
 nchek=           0
 ***********RESTART FILE IS UPDATED!*******
 time: 10:02:36
 iblks=           1 iincs=           1 istep=         481
 outinp=           0
 iiter=           1
Begin forming various matrix       at 2026-08-27 10:02:39 
 ktsmat=           0
Begin assemble golbal matrix       at 2026-08-27 10:02:39 
 ntelgroup=           0
Begin factorize global matrix      at 2026-08-27 10:02:39 
 Factorization completed ... 
Begin solution global equation     at 2026-08-27 10:02:39 
                     istep=         481 iiter=           1
                     conver_load check
 resid=  1.851822690743042E-015 retot=  1.717962305079036E+015
 ratio1=  1.038228354315666E-015 ratio2=  7.368225684879817E-016
 nchek0=           0 toler_force=  1.000000000000000E-005
 nchek=           0
                    conver_nodal_value check
               Convergence check for displacement
 ratio1=  7.256261151987771E-002 ratio2=  8.127734566304268E-002
                            not converged for checki=           1
 iiter=           2
Begin forming various matrix       at 2026-08-27 10:02:39 
 ktsmat=           0
 ntelgroup=           0
Begin solution global equation     at 2026-08-27 10:02:39 
                     istep=         481 iiter=           2
                     conver_load check
 resid=  1.666245025287922E-015 retot=  1.717962305079037E+015
 ratio1=  9.848330568439112E-016 ratio2=  6.335962183133369E-016
 nchek0=           0 toler_force=  1.000000000000000E-005
 nchek=           0
                    conver_nodal_value check
               Convergence check for displacement
 ratio1=  1.454043430690267E-016 ratio2=  1.525910538014649E-016
 nchek=           0
 ***********RESTART FILE IS UPDATED!*******
 time: 10:02:36
 iblks=           1 iincs=           1 istep=         482
 outinp=           0
 iiter=           1
Begin forming various matrix       at 2026-08-27 10:02:39 
 ktsmat=           0
Begin assemble golbal matrix       at 2026-08-27 10:02:39 
 ntelgroup=           0
Begin factorize global matrix      at 2026-08-27 10:02:39 
 Factorization completed ... 
Begin solution global equation     at 2026-08-27 10:02:39 
                     istep=         482 iiter=           1
                     conver_load check
 resid=  1.440002662079754E-015 retot=  2.693026797496376E+015
 ratio1=  7.312423067595322E-016 ratio2=  9.326338349597638E-016
 nchek0=           0 toler_force=  1.000000000000000E-005
 nchek=           0
                    conver_nodal_value check
               Convergence check for displacement
 ratio1=  7.062842725922466E-002 ratio2=  0.100907026204476     
                            not converged for checki=           1
 iiter=           2
Begin forming various matrix       at 2026-08-27 10:02:39 
 ktsmat=           0
 ntelgroup=           0
Begin solution global equation     at 2026-08-27 10:02:39 
                     istep=         482 iiter=           2
                     conver_load check
 resid=  1.220437910878310E-015 retot=  2.693026797496376E+015
 ratio1=  6.731897696045267E-016 ratio2=  8.018907739840960E-016
 nchek0=           0 toler_force=  1.000000000000000E-005
 nchek=           0
                    conver_nodal_value check
               Convergence check for displacement
 ratio1=  6.560835714278374E-017 ratio2=  1.287921237217664E-016
 nchek=           0
 ***********RESTART FILE IS UPDATED!*******
 time: 10:02:36
 iblks=           1 iincs=           1 istep=         483
 outinp=           0
 iiter=           1
Begin forming various matrix       at 2026-08-27 10:02:39 
 ktsmat=           0
Begin assemble golbal matrix       at 2026-08-27 10:02:39 
 ntelgroup=           0
Begin factorize global matrix      at 2026-08-27 10:02:39 
 Factorization completed ... 
Begin solution global equation     at 2026-08-27 10:02:39 
                     istep=         483 iiter=           1
                     conver_load check
 resid=  1.115413010766738E-015 retot=  4.226721519051350E+015
 ratio1=  5.137076528095874E-016 ratio2=  3.608995810912545E-016
 nchek0=           0 toler_force=  1.000000000000000E-005
 nchek=           0
                    conver_nodal_value check
               Convergence check for displacement
 ratio1=  4.286643384105117E-002 ratio2=  4.538858162123559E-002
                            not converged for checki=           1
 iiter=           2
Begin forming various matrix       at 2026-08-27 10:02:39 
 ktsmat=           0
 ntelgroup=           0
Begin solution global equation     at 2026-08-27 10:02:39 
                     istep=         483 iiter=           2
                     conver_load check
 resid=  1.563797540667253E-015 retot=  4.226721519051350E+015
 ratio1=  6.082588624888482E-016 ratio2=  5.996654624839442E-016
 nchek0=           0 toler_force=  1.000000000000000E-005
 nchek=           0
                    conver_nodal_value check
               Convergence check for displacement
 ratio1=  6.418863608393132E-017 ratio2=  7.701246812574725E-017
 nchek=           0
 ***********RESTART FILE IS UPDATED!*******
 time: 10:02:36
 iblks=           1 iincs=           1 istep=         484
 outinp=           0
 iiter=           1
Begin forming various matrix       at 2026-08-27 10:02:39 
 ktsmat=           0
Begin assemble golbal matrix       at 2026-08-27 10:02:39 
 ntelgroup=           0
Begin factorize global matrix      at 2026-08-27 10:02:39 
 Factorization completed ... 
Begin solution global equation     at 2026-08-27 10:02:39 
                     istep=         484 iiter=           1
                     conver_load check
 resid=  1.812612398499792E-015 retot=  3.139917304974180E+015
 ratio1=  7.597896408315642E-016 ratio2=  6.537890003268478E-016
 nchek0=           0 toler_force=  1.000000000000000E-005
 nchek=           0
                    conver_nodal_value check
               Convergence check for displacement
 ratio1=  5.635718403559169E-002 ratio2=  7.614379864346675E-002
                            not converged for checki=           1
 iiter=           2
Begin forming various matrix       at 2026-08-27 10:02:39 
 ktsmat=           0
 ntelgroup=           0
Begin solution global equation     at 2026-08-27 10:02:39 
                     istep=         484 iiter=           2
                     conver_load check
 resid=  7.859262876880842E-016 retot=  3.139917304974180E+015
 ratio1=  5.003014971199861E-016 ratio2=  4.669921430906056E-016
 nchek0=           0 toler_force=  1.000000000000000E-005
 nchek=           0
                    conver_nodal_value check
               Convergence check for displacement
 ratio1=  4.758008282790573E-017 ratio2=  9.529515571682870E-017
 nchek=           0
 ***********RESTART FILE IS UPDATED!*******
 time: 10:02:36
 iblks=           1 iincs=           1 istep=         485
 outinp=           0
 iiter=           1
Begin forming various matrix       at 2026-08-27 10:02:39 
 ktsmat=           0
Begin assemble golbal matrix       at 2026-08-27 10:02:39 
 ntelgroup=           0
Begin factorize global matrix      at 2026-08-27 10:02:39 
 Factorization completed ... 
Begin solution global equation     at 2026-08-27 10:02:39 
                     istep=         485 iiter=           1
                     conver_load check
 resid=  1.592566815680410E-015 retot=  3.184704529346454E+015
 ratio1=  7.071544168025770E-016 ratio2=  5.192996016055101E-016
 nchek0=           0 toler_force=  1.000000000000000E-005
 nchek=           0
                    conver_nodal_value check
               Convergence check for displacement
 ratio1=  4.396742885761194E-002 ratio2=  5.188130614293275E-002
                            not converged for checki=           1
 iiter=           2
Begin forming various matrix       at 2026-08-27 10:02:39 
 ktsmat=           0
 ntelgroup=           0
Begin solution global equation     at 2026-08-27 10:02:39 
                     istep=         485 iiter=           2
                     conver_load check
 resid=  1.463852321976836E-015 retot=  3.184704529346454E+015
 ratio1=  6.779755938912672E-016 ratio2=  5.563924302916180E-016
 nchek0=           0 toler_force=  1.000000000000000E-005
 nchek=           0
                    conver_nodal_value check
               Convergence check for displacement
 ratio1=  5.030962985738413E-017 ratio2=  6.551546441985825E-017
 nchek=           0
 ***********RESTART FILE IS UPDATED!*******
 time: 10:02:36
 iblks=           1 iincs=           1 istep=         486
 outinp=           0
 iiter=           1
Begin forming various matrix       at 2026-08-27 10:02:39 
 ktsmat=           0
Begin assemble golbal matrix       at 2026-08-27 10:02:39 
 ntelgroup=           0
Begin factorize global matrix      at 2026-08-27 10:02:39 
 Factorization completed ... 
Begin solution global equation     at 2026-08-27 10:02:39 
                     istep=         486 iiter=           1
                     conver_load check
 resid=  1.384090892076727E-015 retot=  4.753782343439146E+015
 ratio1=  5.395884671960894E-016 ratio2=  4.534845367484817E-016
 nchek0=           0 toler_force=  1.000000000000000E-005
 nchek=           0
                    conver_nodal_value check
               Convergence check for displacement
 ratio1=  4.630606973931910E-002 ratio2=  4.830378184741989E-002
                            not converged for checki=           1
 iiter=           2
Begin forming various matrix       at 2026-08-27 10:02:39 
 ktsmat=           0
 ntelgroup=           0
Begin solution global equation     at 2026-08-27 10:02:39 
                     istep=         486 iiter=           2
                     conver_load check
 resid=  8.219537518758860E-016 retot=  4.753782343439146E+015
 ratio1=  4.158187269460305E-016 ratio2=  3.056091443304986E-016
 nchek0=           0 toler_force=  1.000000000000000E-005
 nchek=           0
                    conver_nodal_value check
               Convergence check for displacement
 ratio1=  4.898527109163674E-017 ratio2=  5.230870641733447E-017
 nchek=           0
 ***********RESTART FILE IS UPDATED!*******
 time: 10:02:36
 iblks=           1 iincs=           1 istep=         487
 outinp=           0
 iiter=           1
Begin forming various matrix       at 2026-08-27 10:02:39 
 ktsmat=           0
Begin assemble golbal matrix       at 2026-08-27 10:02:39 
 ntelgroup=           0
Begin factorize global matrix      at 2026-08-27 10:02:39 
 Factorization completed ... 
Begin solution global equation     at 2026-08-27 10:02:39 
                     istep=         487 iiter=           1
                     conver_load check
 resid=  1.756231183648473E-015 retot=  3.473601846957646E+015
 ratio1=  7.110511179769751E-016 ratio2=  6.101039156635611E-016
 nchek0=           0 toler_force=  1.000000000000000E-005
 nchek=           0
                    conver_nodal_value check
               Convergence check for displacement
 ratio1=  6.126640775169073E-002 ratio2=  7.387051650660505E-002
                            not converged for checki=           1
 iiter=           2
Begin forming various matrix       at 2026-08-27 10:02:39 
 ktsmat=           0
 ntelgroup=           0
Begin solution global equation     at 2026-08-27 10:02:39 
                     istep=         487 iiter=           2
                     conver_load check
 resid=  1.013717990894311E-015 retot=  3.473601846957646E+015
 ratio1=  5.402173878029852E-016 ratio2=  3.340974323323651E-016
 nchek0=           0 toler_force=  1.000000000000000E-005
 nchek=           0
                    conver_nodal_value check
               Convergence check for displacement
 ratio1=  8.869690392415238E-017 ratio2=  1.056851316818793E-016
 nchek=           0
 ***********RESTART FILE IS UPDATED!*******
 time: 10:02:36
 iblks=           1 iincs=           1 istep=         488
 outinp=           0
 iiter=           1
Begin forming various matrix       at 2026-08-27 10:02:39 
 ktsmat=           0
Begin assemble golbal matrix       at 2026-08-27 10:02:39 
 ntelgroup=           0
Begin factorize global matrix      at 2026-08-27 10:02:39 
 Factorization completed ... 
Begin solution global equation     at 2026-08-27 10:02:39 
                     istep=         488 iiter=           1
                     conver_load check
 resid=  8.146707906064496E-016 retot=  2.336810655604104E+015
 ratio1=  5.904448113322964E-016 ratio2=  3.326042914669845E-016
 nchek0=           0 toler_force=  1.000000000000000E-005
 nchek=           0
                    conver_nodal_value check
               Convergence check for displacement
 ratio1=  3.124194788204099E-002 ratio2=  3.198594308328217E-002
                            not converged for checki=           1
 iiter=           2
Begin forming various matrix       at 2026-08-27 10:02:39 
 ktsmat=           0
 ntelgroup=           0
Begin solution global equation     at 2026-08-27 10:02:39 
                     istep=         488 iiter=           2
                     conver_load check
 resid=  4.005591975894467E-016 retot=  2.336810655604104E+015
 ratio1=  4.140202583717020E-016 ratio2=  2.494532186002384E-016
 nchek0=           0 toler_force=  1.000000000000000E-005
 nchek=           0
                    conver_nodal_value check
               Convergence check for displacement
 ratio1=  3.708953511747485E-017 ratio2=  4.820280632708013E-017
 nchek=           0
 ***********RESTART FILE IS UPDATED!*******
 time: 10:02:36
 iblks=           1 iincs=           1 istep=         489
 outinp=           0
 iiter=           1
Begin forming various matrix       at 2026-08-27 10:02:39 
 ktsmat=           0
Begin assemble golbal matrix       at 2026-08-27 10:02:39 
 ntelgroup=           0
Begin factorize global matrix      at 2026-08-27 10:02:39 
 Factorization completed ... 
Begin solution global equation     at 2026-08-27 10:02:39 
                     istep=         489 iiter=           1
                     conver_load check
 resid=  5.691803163897562E-016 retot=  1.693858119680348E+015
 ratio1=  5.796774699966969E-016 ratio2=  3.198473705540127E-016
 nchek0=           0 toler_force=  1.000000000000000E-005
 nchek=           0
                    conver_nodal_value check
               Convergence check for displacement
 ratio1=  3.487693315860982E-002 ratio2=  5.782685287025673E-002
                            not converged for checki=           1
 iiter=           2
Begin forming various matrix       at 2026-08-27 10:02:39 
 ktsmat=           0
 ntelgroup=           0
Begin solution global equation     at 2026-08-27 10:02:39 
                     istep=         489 iiter=           2
                     conver_load check
 resid=  3.953219730242386E-016 retot=  1.693858119680348E+015
 ratio1=  4.830999159902577E-016 ratio2=  3.390382127872535E-016
 nchek0=           0 toler_force=  1.000000000000000E-005
 nchek=           0
                    conver_nodal_value check
               Convergence check for displacement
 ratio1=  2.961707880288104E-017 ratio2=  4.747986376512624E-017
 nchek=           0
 ***********RESTART FILE IS UPDATED!*******
 time: 10:02:36
 iblks=           1 iincs=           1 istep=         490
 outinp=           0
 iiter=           1
Begin forming various matrix       at 2026-08-27 10:02:39 
 ktsmat=           0
Begin assemble golbal matrix       at 2026-08-27 10:02:39 
 ntelgroup=           0
Begin factorize global matrix      at 2026-08-27 10:02:39 
 Factorization completed ... 
Begin solution global equation     at 2026-08-27 10:02:39 
                     istep=         490 iiter=           1
                     conver_load check
 resid=  1.265946363897132E-015 retot=  2.720251543270606E+015
 ratio1=  6.821864990729681E-016 ratio2=  6.039704936485053E-016
 nchek0=           0 toler_force=  1.000000000000000E-005
 nchek=           0
                    conver_nodal_value check
               Convergence check for displacement
 ratio1=  5.597741869607224E-002 ratio2=  6.959589465814149E-002
                            not converged for checki=           1
 iiter=           2
Begin forming various matrix       at 2026-08-27 10:02:39 
 ktsmat=           0
 ntelgroup=           0
Begin solution global equation     at 2026-08-27 10:02:39 
                     istep=         490 iiter=           2
                     conver_load check
 resid=  8.520910082211422E-016 retot=  2.720251543270606E+015
 ratio1=  5.596782869429815E-016 ratio2=  5.654191855432816E-016
 nchek0=           0 toler_force=  1.000000000000000E-005
 nchek=           0
                    conver_nodal_value check
               Convergence check for displacement
 ratio1=  5.718057913570450E-017 ratio2=  7.764631158073087E-017
 nchek=           0
 ***********RESTART FILE IS UPDATED!*******
 time: 10:02:36
 iblks=           1 iincs=           1 istep=         491
 outinp=           0
 iiter=           1
Begin forming various matrix       at 2026-08-27 10:02:39 
 ktsmat=           0
Begin assemble golbal matrix       at 2026-08-27 10:02:39 
 ntelgroup=           0
Begin factorize global matrix      at 2026-08-27 10:02:39 
 Factorization completed ... 
Begin solution global equation     at 2026-08-27 10:02:39 
                     istep=         491 iiter=           1
                     conver_load check
 resid=  2.101395657642432E-015 retot=  2.042666598212306E+015
 ratio1=  1.014273716683790E-015 ratio2=  7.509418452858948E-016
 nchek0=           0 toler_force=  1.000000000000000E-005
 nchek=           0
                    conver_nodal_value check
               Convergence check for displacement
 ratio1=  9.515714181538261E-002 ratio2=  0.132634457651322     
                            not converged for checki=           1
 iiter=           2
Begin forming various matrix       at 2026-08-27 10:02:39 
 ktsmat=           0
 ntelgroup=           0
Begin solution global equation     at 2026-08-27 10:02:39 
                     istep=         491 iiter=           2
                     conver_load check
 resid=  1.346046506615871E-015 retot=  2.042666598212306E+015
 ratio1=  8.117668066811447E-016 ratio2=  9.152103739421843E-016
 nchek0=           0 toler_force=  1.000000000000000E-005
 nchek=           0
                    conver_nodal_value check
               Convergence check for displacement
 ratio1=  7.413119466598679E-017 ratio2=  9.501886989444735E-017
 nchek=           0
 ***********RESTART FILE IS UPDATED!*******
 time: 10:02:36
 iblks=           1 iincs=           1 istep=         492
 outinp=           0
 iiter=           1
Begin forming various matrix       at 2026-08-27 10:02:39 
 ktsmat=           0
Begin assemble golbal matrix       at 2026-08-27 10:02:39 
 ntelgroup=           0
Begin factorize global matrix      at 2026-08-27 10:02:39 
 Factorization completed ... 
Begin solution global equation     at 2026-08-27 10:02:39 
                     istep=         492 iiter=           1
                     conver_load check
 resid=  1.139050147325381E-015 retot=   864669279942440.     
 ratio1=  1.147747637467925E-015 ratio2=  7.488679116232123E-016
 nchek0=           0 toler_force=  1.000000000000000E-005
 nchek=           0
                    conver_nodal_value check
               Convergence check for displacement
 ratio1=  4.860983019288172E-002 ratio2=  3.998041146881771E-002
                            not converged for checki=           1
 iiter=           2
Begin forming various matrix       at 2026-08-27 10:02:39 
 ktsmat=           0
 ntelgroup=           0
Begin solution global equation     at 2026-08-27 10:02:39 
                     istep=         492 iiter=           2
                     conver_load check
 resid=  1.034046918759450E-015 retot=   864669279942440.     
 ratio1=  1.093566273165302E-015 ratio2=  8.769001674813744E-016
 nchek0=           0 toler_force=  1.000000000000000E-005
 nchek=           0
                    conver_nodal_value check
               Convergence check for displacement
 ratio1=  7.810497463856094E-017 ratio2=  1.039838309614473E-016
 nchek=           0
 ***********RESTART FILE IS UPDATED!*******
 time: 10:02:36
 iblks=           1 iincs=           1 istep=         493
 outinp=           0
 iiter=           1
Begin forming various matrix       at 2026-08-27 10:02:39 
 ktsmat=           0
Begin assemble golbal matrix       at 2026-08-27 10:02:39 
 ntelgroup=           0
Begin factorize global matrix      at 2026-08-27 10:02:39 
 Factorization completed ... 
Begin solution global equation     at 2026-08-27 10:02:39 
                     istep=         493 iiter=           1
                     conver_load check
 resid=  1.201094293744894E-015 retot=   912984059661935.     
 ratio1=  1.146982929470207E-015 ratio2=  9.058594891148803E-016
 nchek0=           0 toler_force=  1.000000000000000E-005
 nchek=           0
                    conver_nodal_value check
               Convergence check for displacement
 ratio1=  9.750163057443009E-002 ratio2=  0.173540403865438     
                            not converged for checki=           1
 iiter=           2
Begin forming various matrix       at 2026-08-27 10:02:39 
 ktsmat=           0
 ntelgroup=           0
Begin solution global equation     at 2026-08-27 10:02:39 
                     istep=         493 iiter=           2
                     conver_load check
 resid=  9.137377044892861E-016 retot=   912984059661934.     
 ratio1=  1.000412651981674E-015 ratio2=  8.255934584338149E-016
 nchek0=           0 toler_force=  1.000000000000000E-005
 nchek=           0
                    conver_nodal_value check
               Convergence check for displacement
 ratio1=  1.232022989042487E-016 ratio2=  1.795682941975839E-016
 nchek=           0
 ***********RESTART FILE IS UPDATED!*******
 time: 10:02:36
 iblks=           1 iincs=           1 istep=         494
 outinp=           0
 iiter=           1
Begin forming various matrix       at 2026-08-27 10:02:39 
 ktsmat=           0
Begin assemble golbal matrix       at 2026-08-27 10:02:39 
 ntelgroup=           0
Begin factorize global matrix      at 2026-08-27 10:02:39 
 Factorization completed ... 
Begin solution global equation     at 2026-08-27 10:02:39 
                     istep=         494 iiter=           1
                     conver_load check
 resid=  8.487044971891377E-016 retot=   760630232145038.     
 ratio1=  1.056310167844839E-015 ratio2=  6.772469632423309E-016
 nchek0=           0 toler_force=  1.000000000000000E-005
 nchek=           0
                    conver_nodal_value check
               Convergence check for displacement
 ratio1=  5.334184605058571E-002 ratio2=  7.990022429335164E-002
                            not converged for checki=           1
 iiter=           2
Begin forming various matrix       at 2026-08-27 10:02:39 
 ktsmat=           0
 ntelgroup=           0
Begin solution global equation     at 2026-08-27 10:02:39 
                     istep=         494 iiter=           2
                     conver_load check
 resid=  6.416082726417880E-016 retot=   760630232145038.     
 ratio1=  9.184344932759967E-016 ratio2=  6.951549358280657E-016
 nchek0=           0 toler_force=  1.000000000000000E-005
 nchek=           0
                    conver_nodal_value check
               Convergence check for displacement
 ratio1=  5.775516963128111E-017 ratio2=  1.341014535662573E-016
 nchek=           0
 ***********RESTART FILE IS UPDATED!*******
 time: 10:02:36
 iblks=           1 iincs=           1 istep=         495
 outinp=           0
 iiter=           1
Begin forming various matrix       at 2026-08-27 10:02:39 
 ktsmat=           0
Begin assemble golbal matrix       at 2026-08-27 10:02:39 
 ntelgroup=           0
Begin factorize global matrix      at 2026-08-27 10:02:39 
 Factorization completed ... 
Begin solution global equation     at 2026-08-27 10:02:39 
                     istep=         495 iiter=           1
                     conver_load check
 resid=  8.161406891073902E-016 retot=   653559193221412.     
 ratio1=  1.117480751501142E-015 ratio2=  9.545963088511277E-016
 nchek0=           0 toler_force=  1.000000000000000E-005
 nchek=           0
                    conver_nodal_value check
               Convergence check for displacement
 ratio1=  4.687095892259666E-002 ratio2=  0.106052940149957     
                            not converged for checki=           1
 iiter=           2
Begin forming various matrix       at 2026-08-27 10:02:39 
 ktsmat=           0
 ntelgroup=           0
Begin solution global equation     at 2026-08-27 10:02:39 
                     istep=         495 iiter=           2
                     conver_load check
 resid=  6.895920529501543E-016 retot=   653559193221413.     
 ratio1=  1.027196805159662E-015 ratio2=  9.521444347701746E-016
 nchek0=           0 toler_force=  1.000000000000000E-005
 nchek=           0
                    conver_nodal_value check
               Convergence check for displacement
 ratio1=  6.269582445079154E-017 ratio2=  2.220565969539613E-016
 nchek=           0
 ***********RESTART FILE IS UPDATED!*******
 time: 10:02:36
 iblks=           1 iincs=           1 istep=         496
 outinp=           0
 iiter=           1
Begin forming various matrix       at 2026-08-27 10:02:39 
 ktsmat=           0
Begin assemble golbal matrix       at 2026-08-27 10:02:39 
 ntelgroup=           0
Begin factorize global matrix      at 2026-08-27 10:02:39 
 Factorization completed ... 
Begin solution global equation     at 2026-08-27 10:02:39 
                     istep=         496 iiter=           1
                     conver_load check
 resid=  8.473244382575385E-016 retot=   702794715675778.     
 ratio1=  1.098020940045950E-015 ratio2=  8.521077549833810E-016
 nchek0=           0 toler_force=  1.000000000000000E-005
 nchek=           0
                    conver_nodal_value check
               Convergence check for displacement
 ratio1=  4.074305311052619E-002 ratio2=  0.124943141438647     
                            not converged for checki=           1
 iiter=           2
Begin forming various matrix       at 2026-08-27 10:02:39 
 ktsmat=           0
 ntelgroup=           0
Begin solution global equation     at 2026-08-27 10:02:39 
                     istep=         496 iiter=           2
                     conver_load check
 resid=  5.587345356850100E-016 retot=   702794715675778.     
 ratio1=  8.916378878015425E-016 ratio2=  6.248790203211462E-016
 nchek0=           0 toler_force=  1.000000000000000E-005
 nchek=           0
                    conver_nodal_value check
               Convergence check for displacement
 ratio1=  4.052024547437034E-017 ratio2=  1.227380156682482E-016
 nchek=           0
 ***********RESTART FILE IS UPDATED!*******
 time: 10:02:36
 iblks=           1 iincs=           1 istep=         497
 outinp=           0
 iiter=           1
Begin forming various matrix       at 2026-08-27 10:02:39 
 ktsmat=           0
Begin assemble golbal matrix       at 2026-08-27 10:02:39 
 ntelgroup=           0
Begin factorize global matrix      at 2026-08-27 10:02:39 
 Factorization completed ... 
Begin solution global equation     at 2026-08-27 10:02:39 
                     istep=         497 iiter=           1
                     conver_load check
 resid=  1.377171265794225E-015 retot=   690504583027578.     
 ratio1=  1.412247106650217E-015 ratio2=  1.102677726416845E-015
 nchek0=           0 toler_force=  1.000000000000000E-005
 nchek=           0
                    conver_nodal_value check
               Convergence check for displacement
 ratio1=  3.660258087762481E-002 ratio2=  0.103212688210924     
                            not converged for checki=           1
 iiter=           2
Begin forming various matrix       at 2026-08-27 10:02:39 
 ktsmat=           0
 ntelgroup=           0
Begin solution global equation     at 2026-08-27 10:02:39 
                     istep=         497 iiter=           2
                     conver_load check
 resid=  1.027511199122600E-015 retot=   690504583027578.     
 ratio1=  1.219860024085904E-015 ratio2=  1.654016589625268E-015
 nchek0=           0 toler_force=  1.000000000000000E-005
 nchek=           0
                    conver_nodal_value check
               Convergence check for displacement
 ratio1=  7.437108235180066E-017 ratio2=  1.929665779105200E-016
 nchek=           0
 ***********RESTART FILE IS UPDATED!*******
 time: 10:02:36
 iblks=           1 iincs=           1 istep=         498
 outinp=           0
 iiter=           1
Begin forming various matrix       at 2026-08-27 10:02:39 
 ktsmat=           0
Begin assemble golbal matrix       at 2026-08-27 10:02:39 
 ntelgroup=           0
Begin factorize global matrix      at 2026-08-27 10:02:39 
 Factorization completed ... 
Begin solution global equation     at 2026-08-27 10:02:39 
                     istep=         498 iiter=           1
                     conver_load check
 resid=  9.141087599349643E-016 retot=   833048954284355.     
 ratio1=  1.047523256341073E-015 ratio2=  9.699223107210240E-016
 nchek0=           0 toler_force=  1.000000000000000E-005
 nchek=           0
                    conver_nodal_value check
               Convergence check for displacement
 ratio1=  5.442558633016474E-002 ratio2=  9.828869801181256E-002
                            not converged for checki=           1
 iiter=           2
Begin forming various matrix       at 2026-08-27 10:02:39 
 ktsmat=           0
 ntelgroup=           0
Begin solution global equation     at 2026-08-27 10:02:39 
                     istep=         498 iiter=           2
                     conver_load check
 resid=  5.185375274157520E-016 retot=   833048954284355.     
 ratio1=  7.889597261761427E-016 ratio2=  6.983440637191373E-016
 nchek0=           0 toler_force=  1.000000000000000E-005
 nchek=           0
                    conver_nodal_value check
               Convergence check for displacement
 ratio1=  4.692984792338372E-017 ratio2=  1.233054057197652E-016
 nchek=           0
 ***********RESTART FILE IS UPDATED!*******
 time: 10:02:36
 iblks=           1 iincs=           1 istep=         499
 outinp=           0
 iiter=           1
Begin forming various matrix       at 2026-08-27 10:02:39 
 ktsmat=           0
Begin assemble golbal matrix       at 2026-08-27 10:02:39 
 ntelgroup=           0
Begin factorize global matrix      at 2026-08-27 10:02:39 
 Factorization completed ... 
Begin solution global equation     at 2026-08-27 10:02:39 
                     istep=         499 iiter=           1
                     conver_load check
 resid=  9.025292355492154E-016 retot=   573942435215723.     
 ratio1=  1.253996924575917E-015 ratio2=  8.840122337031685E-016
 nchek0=           0 toler_force=  1.000000000000000E-005
 nchek=           0
                    conver_nodal_value check
               Convergence check for displacement
 ratio1=  0.115521146759860      ratio2=  0.281157249589932     
                            not converged for checki=           1
 iiter=           2
Begin forming various matrix       at 2026-08-27 10:02:39 
 ktsmat=           0
 ntelgroup=           0
Begin solution global equation     at 2026-08-27 10:02:39 
                     istep=         499 iiter=           2
                     conver_load check
 resid=  4.117235486964504E-016 retot=   573942435215722.     
 ratio1=  8.469712830662237E-016 ratio2=  6.510630640111176E-016
 nchek0=           0 toler_force=  1.000000000000000E-005
 nchek=           0
                    conver_nodal_value check
               Convergence check for displacement
 ratio1=  1.886506156500141E-016 ratio2=  6.108571713222187E-016
 nchek=           0
 ***********RESTART FILE IS UPDATED!*******
 time: 10:02:36
 iblks=           1 iincs=           1 istep=         500
 outinp=           0
 iiter=           1
Begin forming various matrix       at 2026-08-27 10:02:39 
 ktsmat=           0
Begin assemble golbal matrix       at 2026-08-27 10:02:39 
 ntelgroup=           0
Begin factorize global matrix      at 2026-08-27 10:02:39 
 Factorization completed ... 
Begin solution global equation     at 2026-08-27 10:02:39 
                     istep=         500 iiter=           1
                     conver_load check
 resid=  6.257798515016887E-016 retot=   870844340114210.     
 ratio1=  8.476967559326576E-016 ratio2=  5.967225923083060E-016
 nchek0=           0 toler_force=  1.000000000000000E-005
 nchek=           0
                    conver_nodal_value check
               Convergence check for displacement
 ratio1=  0.122904030098403      ratio2=  0.244261345866269     
                            not converged for checki=           1
 iiter=           2
Begin forming various matrix       at 2026-08-27 10:02:39 
 ktsmat=           0
 ntelgroup=           0
Begin solution global equation     at 2026-08-27 10:02:39 
                     istep=         500 iiter=           2
                     conver_load check
 resid=  3.404258693008064E-016 retot=   870844340114210.     
 ratio1=  6.252317311311121E-016 ratio2=  4.102467822119604E-016
 nchek0=           0 toler_force=  1.000000000000000E-005
 nchek=           0
                    conver_nodal_value check
               Convergence check for displacement
 ratio1=  1.370395835829586E-016 ratio2=  3.203874855274420E-016
 nchek=           0
 ***********RESTART FILE IS UPDATED!*******
 time: 10:02:39
 time: 10:02:36
