 time: 10:09:12
 Input the problem name?
 NPOIN                                                                          
  
         315         315         276           2           2           2
           0 GIDR                  0.000000000000000E+000           0
           0           0           0           0       99999
 NINIT                                                                          
  
           0           0           0           1           0           0
           0           0           0           0           0 
 FIX                                                          0           0
           0           0           0           0           0
 outinpunit=          37 outindunit=          54
 TYPE_PROBLEM                                                                   
  
 F                                                 
 PROFILE                                           
 LOAD                                                         1         Exit code: 0
RESTART count: 500
Crash: False

--- Step 4: Parsing results ---
Block 1: 315 nodes (315 active)
  Ux: -0.770 ~ 0.000 mm
  Uy: -0.102 ~ 0.109 mm
  Velocity (315 nodes): peak = 5.171E-02 m/s
    x: -5.143E-02 ~ 0.000E+00  y: -7.381E-03 ~ 7.788E-03
  Acceleration (relative) (315 nodes): peak = 2.617E+00 m/s²
    x: -2.586E+00 ~ 0.000E+00  y: -4.749E-01 ~ 4.638E-01
  Acceleration (absolute) (315 nodes): peak = 2.410E+00 m/s²
    x: -1.769E-01 ~ 2.409E+00  y: -4.749E-01 ~ 4.638E-01
  Nodal force / reaction (315 nodes):
    x: -1.011E+05 ~ 2.815E+05  y: -4.805E+05 ~ 4.475E+05  N
    Σx=-7.326E+06  Σy=-2.666E+05  N
  Stress (315 gauss points, 4 components):
    Sxx: -6.765E+04 ~ 7.935E+04 Pa
    Syy: -3.052E+04 ~ 4.896E+04 Pa
Block 2: 315 nodes (315 active)
  Ux: -5.391 ~ 0.000 mm
  Uy: -0.980 ~ 0.815 mm
  Velocity (315 nodes): peak = 1.894E-01 m/s
    x: -1.841E-01 ~ 0.000E+00  y: -4.463E-02 ~ 2.747E-02
  Acceleration (relative) (315 nodes): peak = 3.757E+00 m/s²
    x: -3.467E+00 ~ 1.269E-01  y: -1.448E+00 ~ 4.050E-01
  Acceleration (absolute) (315 nodes): peak = 4.349E+00 m/s²
    x: 7.546E-01 ~ 4.349E+00  y: -1.448E+00 ~ 4.050E-01
  Nodal force / reaction (315 nodes):
    x: -1.772E+05 ~ 1.292E+06  y: -2.705E+06 ~ 2.576E+06  N
    Σx=-4.202E+06  Σy=-1.423E+06  N
  Stress (315 gauss points, 4 components):
    Sxx: -3.627E+05 ~ 4.643E+05 Pa
    Syy: -4.420E+05 ~ 4.329E+05 Pa
Block 3: 315 nodes (315 active)
  Ux: -14.271 ~ 0.000 mm
  Uy: -3.606 ~ 1.959 mm
  Velocity (315 nodes): peak = 2.484E-01 m/s
    x: -2.352E-01 ~ 0.000E+00  y: -7.996E-02 ~ 2.652E-02
  Acceleration (relative) (315 nodes): peak = 1.483E+00 m/s²
    x: 0.000E+00 ~ 1.482E+00  y: -3.951E-01 ~ 1.713E-01
  Acceleration (absolute) (315 nodes): peak = 6.473E+00 m/s²
    x: 4.990E+00 ~ 6.473E+00  y: -3.951E-01 ~ 1.713E-01
  Nodal force / reaction (315 nodes):
    x: -2.094E+05 ~ 2.362E+06  y: -5.671E+06 ~ 5.916E+06  N
    Σx=3.952E+06  Σy=-5.459E+05  N
  Stress (315 gauss points, 4 components):
    Sxx: -7.593E+05 ~ 1.079E+06 Pa
    Syy: -1.618E+06 ~ 1.162E+06 Pa
Block 4: 315 nodes (315 active)
  Ux: -20.871 ~ 0.000 mm
  Uy: -6.034 ~ 2.603 mm
  Velocity (315 nodes): peak = 7.762E-02 m/s
    x: -7.129E-02 ~ 0.000E+00  y: -3.071E-02 ~ 4.822E-03
  Acceleration (relative) (315 nodes): peak = 6.562E+00 m/s²
    x: 0.000E+00 ~ 6.185E+00  y: -6.325E-01 ~ 2.193E+00
  Acceleration (absolute) (315 nodes): peak = 1.093E+01 m/s²
    x: 4.524E+00 ~ 1.071E+01  y: -6.325E-01 ~ 2.193E+00
  Nodal force / reaction (315 nodes):
    x: -1.899E+05 ~ 2.875E+06  y: -7.201E+06 ~ 8.184E+06  N
    Σx=1.149E+07  Σy=2.717E+06  N
  Stress (315 gauss points, 4 components):
    Sxx: -1.013E+06 ~ 1.474E+06 Pa
    Syy: -2.741E+06 ~ 1.674E+06 Pa
Block 5: 315 nodes (315 active)
  Ux: -18.545 ~ 0.000 mm
  Uy: -5.472 ~ 2.258 mm
  Velocity (315 nodes): peak = 1.963E-01 m/s
    x: 0.000E+00 ~ 1.877E-01  y: -2.238E-02 ~ 5.744E-02
  Acceleration (relative) (315 nodes): peak = 6.505E+00 m/s²
    x: 0.000E+00 ~ 6.215E+00  y: -7.230E-01 ~ 1.919E+00
  Acceleration (absolute) (315 nodes): peak = 9.353E+00 m/s²
    x: 2.939E+00 ~ 9.154E+00  y: -7.230E-01 ~ 1.919E+00
  Nodal force / reaction (315 nodes):
    x: -1.233E+05 ~ 2.367E+06  y: -6.020E+06 ~ 6.831E+06  N
    Σx=1.287E+07  Σy=2.133E+06  N
  Stress (315 gauss points, 4 components):
    Sxx: -8.812E+05 ~ 1.318E+06 Pa
    Syy: -2.610E+06 ~ 1.536E+06 Pa
Block 6: 315 nodes (315 active)
  Ux: -7.011 ~ 0.000 mm
  Uy: -2.062 ~ 0.858 mm
  Velocity (315 nodes): peak = 3.854E-01 m/s
    x: 0.000E+00 ~ 3.705E-01  y: -4.779E-02 ~ 1.060E-01
  Acceleration (relative) (315 nodes): peak = 2.585E+00 m/s²
    x: 0.000E+00 ~ 2.535E+00  y: -4.852E-01 ~ 5.085E-01
  Acceleration (absolute) (315 nodes): peak = 3.202E+00 m/s²
    x: 6.267E-01 ~ 3.161E+00  y: -4.852E-01 ~ 5.085E-01
  Nodal force / reaction (315 nodes):
    x: -2.630E+04 ~ 7.125E+05  y: -1.900E+06 ~ 2.011E+06  N
    Σx=4.899E+06  Σy=-2.620E+05  N
  Stress (315 gauss points, 4 components):
    Sxx: -3.231E+05 ~ 5.323E+05 Pa
    Syy: -1.128E+06 ~ 6.692E+05 Pa
Block 7: 315 nodes (315 active)
  Ux: 0.000 ~ 8.182 mm
  Uy: -1.150 ~ 2.217 mm
  Velocity (315 nodes): peak = 3.756E-01 m/s
    x: 0.000E+00 ~ 3.615E-01  y: -4.643E-02 ~ 1.020E-01
  Acceleration (relative) (315 nodes): peak = 3.072E+00 m/s²
    x: -2.994E+00 ~ 0.000E+00  y: -6.870E-01 ~ 5.146E-01
  Acceleration (absolute) (315 nodes): peak = 4.883E+00 m/s²
    x: -4.835E+00 ~ -1.841E+00  y: -6.870E-01 ~ 5.146E-01
  Nodal force / reaction (315 nodes):
    x: -1.333E+06 ~ 7.724E+04  y: -3.610E+06 ~ 3.375E+06  N
    Σx=-6.406E+06  Σy=-2.667E+05  N
  Stress (315 gauss points, 4 components):
    Sxx: -5.521E+05 ~ 4.048E+05 Pa
    Syy: -5.836E+05 ~ 8.586E+05 Pa
Block 8: 315 nodes (315 active)
  Ux: 0.000 ~ 19.070 mm
  Uy: -2.451 ~ 5.412 mm
  Velocity (315 nodes): peak = 1.749E-01 m/s
    x: 0.000E+00 ~ 1.669E-01  y: -1.715E-02 ~ 5.242E-02
  Acceleration (relative) (315 nodes): peak = 6.438E+00 m/s²
    x: -6.196E+00 ~ 0.000E+00  y: -1.750E+00 ~ 8.146E-01
  Acceleration (absolute) (315 nodes): peak = 1.020E+01 m/s²
    x: -1.005E+01 ~ -3.853E+00  y: -1.750E+00 ~ 8.146E-01
  Nodal force / reaction (315 nodes):
    x: -2.677E+06 ~ 1.617E+05  y: -7.495E+06 ~ 6.787E+06  N
    Σx=-1.230E+07  Σy=-1.460E+06  N
  Stress (315 gauss points, 4 components):
    Sxx: -1.337E+06 ~ 9.185E+05 Pa
    Syy: -1.512E+06 ~ 2.408E+06 Pa
Block 9: 315 nodes (315 active)
  Ux: 0.000 ~ 20.940 mm
  Uy: -2.580 ~ 6.019 mm
  Velocity (315 nodes): peak = 7.127E-02 m/s
    x: -6.773E-02 ~ 0.000E+00  y: -2.219E-02 ~ 9.050E-03
  Acceleration (relative) (315 nodes): peak = 5.361E+00 m/s²
    x: -5.062E+00 ~ 0.000E+00  y: -1.767E+00 ~ 4.837E-01
  Acceleration (absolute) (315 nodes): peak = 1.013E+01 m/s²
    x: -9.973E+00 ~ -4.911E+00  y: -1.767E+00 ~ 4.837E-01
  Nodal force / reaction (315 nodes):
    x: -2.876E+06 ~ 2.061E+05  y: -8.028E+06 ~ 7.121E+06  N
    Σx=-9.909E+06  Σy=-2.323E+06  N
  Stress (315 gauss points, 4 components):
    Sxx: -1.497E+06 ~ 1.026E+06 Pa
    Syy: -1.706E+06 ~ 2.817E+06 Pa
Block 10: 315 nodes (315 active)
  Ux: 0.000 ~ 15.207 mm
  Uy: -1.911 ~ 4.115 mm
  Velocity (315 nodes): peak = 2.114E-01 m/s
    x: -2.009E-01 ~ 0.000E+00  y: -6.565E-02 ~ 2.308E-02
  Acceleration (relative) (315 nodes): peak = 1.494E+00 m/s²
    x: -1.463E+00 ~ 0.000E+00  y: -3.019E-01 ~ 2.385E-01
  Acceleration (absolute) (315 nodes): peak = 6.226E+00 m/s²
    x: -6.218E+00 ~ -4.755E+00  y: -3.019E-01 ~ 2.385E-01
  Nodal force / reaction (315 nodes):
    x: -2.187E+06 ~ 1.996E+05  y: -5.600E+06 ~ 5.258E+06  N
    Σx=-3.125E+06  Σy=3.979E+04  N
  Stress (315 gauss points, 4 components):
    Sxx: -1.149E+06 ~ 7.758E+05 Pa
    Syy: -1.304E+06 ~ 2.044E+06 Pa
Block 11: 315 nodes (315 active)
  Ux: 0.000 ~ 7.033 mm
  Uy: -0.913 ~ 1.644 mm
  Velocity (315 nodes): peak = 1.993E-01 m/s
    x: -1.923E-01 ~ 0.000E+00  y: -5.252E-02 ~ 2.502E-02
  Acceleration (relative) (315 nodes): peak = 1.808E+00 m/s²
    x: -7.382E-03 ~ 1.633E+00  y: -1.374E-01 ~ 7.762E-01
  Acceleration (absolute) (315 nodes): peak = 3.430E+00 m/s²
    x: -3.430E+00 ~ -1.789E+00  y: -1.374E-01 ~ 7.762E-01
  Nodal force / reaction (315 nodes):
    x: -1.154E+06 ~ 1.436E+05  y: -2.536E+06 ~ 2.570E+06  N
    Σx=2.299E+06  Σy=1.127E+06  N
  Stress (315 gauss points, 4 components):
    Sxx: -5.957E+05 ~ 3.991E+05 Pa
    Syy: -6.608E+05 ~ 9.099E+05 Pa
Block 12: 315 nodes (315 active)
  Ux: 0.000 ~ 0.858 mm
  Uy: -0.090 ~ 0.140 mm
  Velocity (315 nodes): peak = 1.185E-01 m/s
    x: -1.157E-01 ~ 0.000E+00  y: -2.562E-02 ~ 1.543E-02
  Acceleration (relative) (315 nodes): peak = 1.845E+00 m/s²
    x: 0.000E+00 ~ 1.789E+00  y: -2.944E-01 ~ 4.493E-01
  Acceleration (absolute) (315 nodes): peak = 1.244E+00 m/s²
    x: -1.243E+00 ~ 5.457E-01  y: -2.944E-01 ~ 4.493E-01
  Nodal force / reaction (315 nodes):
    x: -2.001E+05 ~ 5.218E+04  y: -3.258E+05 ~ 3.050E+05  N
    Σx=3.159E+06  Σy=4.728E+04  N
  Stress (315 gauss points, 4 components):
    Sxx: -1.150E+05 ~ 8.284E+04 Pa
    Syy: -1.189E+05 ~ 1.411E+05 Pa
Block 13: 315 nodes (315 active)
  Ux: -2.737 ~ 0.000 mm
  Uy: -0.717 ~ 0.371 mm
  Velocity (315 nodes): peak = 6.925E-02 m/s
    x: -6.683E-02 ~ 0.000E+00  y: -1.814E-02 ~ 8.440E-03
  Acceleration (relative) (315 nodes): peak = 1.240E+00 m/s²
    x: 0.000E+00 ~ 1.240E+00  y: -1.373E-01 ~ 1.245E-01
  Acceleration (absolute) (315 nodes): peak = 1.240E+00 m/s²
    x: 0.000E+00 ~ 1.240E+00  y: -1.373E-01 ~ 1.245E-01
  Nodal force / reaction (315 nodes):
    x: 0.000E+00 ~ 4.498E+05  y: -1.091E+06 ~ 1.154E+06  N
    Σx=4.886E+06  Σy=-8.084E+03  N
  Stress (315 gauss points, 4 components):
    Sxx: -1.394E+05 ~ 1.932E+05 Pa
    Syy: -2.996E+05 ~ 2.069E+05 Pa
Block 14: 315 nodes (315 active)
  Ux: -4.066 ~ 0.000 mm
  Uy: -1.273 ~ 0.511 mm
  Velocity (315 nodes): peak = 1.646E-02 m/s
    x: 0.000E+00 ~ 1.640E-02  y: -5.839E-03 ~ 1.700E-03
  Acceleration (relative) (315 nodes): peak = 2.634E+00 m/s²
    x: 0.000E+00 ~ 2.521E+00  y: -4.239E-01 ~ 7.653E-01
  Acceleration (absolute) (315 nodes): peak = 2.634E+00 m/s²
    x: 0.000E+00 ~ 2.521E+00  y: -4.239E-01 ~ 7.653E-01
  Nodal force / reaction (315 nodes):
    x: 0.000E+00 ~ 4.499E+05  y: -1.276E+06 ~ 1.505E+06  N
    Σx=4.785E+06  Σy=7.262E+05  N
  Stress (315 gauss points, 4 components):
    Sxx: -1.774E+05 ~ 2.774E+05 Pa
    Syy: -5.814E+05 ~ 3.349E+05 Pa
Block 15: 315 nodes (315 active)
  Ux: -1.861 ~ 0.000 mm
  Uy: -0.747 ~ 0.163 mm
  Velocity (315 nodes): peak = 1.031E-01 m/s
    x: 0.000E+00 ~ 9.791E-02  y: -1.289E-02 ~ 3.235E-02
  Acceleration (relative) (315 nodes): peak = 1.628E+00 m/s²
    x: -1.797E-01 ~ 1.410E+00  y: -4.576E-02 ~ 8.134E-01
  Acceleration (absolute) (315 nodes): peak = 1.628E+00 m/s²
    x: -1.797E-01 ~ 1.410E+00  y: -4.576E-02 ~ 8.134E-01
  Nodal force / reaction (315 nodes):
    x: 0.000E+00 ~ 8.923E+04  y: -2.929E+05 ~ 5.665E+05  N
    Σx=7.944E+05  Σy=1.001E+06  N
  Stress (315 gauss points, 4 components):
    Sxx: -6.392E+04 ~ 1.007E+05 Pa
    Syy: -3.572E+05 ~ 1.547E+05 Pa
Block 16: 315 nodes (315 active)
  Ux: 0.000 ~ 2.100 mm
  Uy: -0.268 ~ 0.709 mm
  Velocity (315 nodes): peak = 8.954E-02 m/s
    x: 0.000E+00 ~ 8.345E-02  y: -6.977E-03 ~ 3.246E-02
  Acceleration (relative) (315 nodes): peak = 2.080E+00 m/s²
    x: -1.927E+00 ~ 5.531E-02  y: -7.831E-01 ~ 2.376E-01
  Acceleration (absolute) (315 nodes): peak = 2.080E+00 m/s²
    x: -1.927E+00 ~ 5.531E-02  y: -7.831E-01 ~ 2.376E-01
  Nodal force / reaction (315 nodes):
    x: -2.239E+05 ~ 0.000E+00  y: -8.681E+05 ~ 6.855E+05  N
    Σx=-2.308E+06  Σy=-7.212E+05  N
  Stress (315 gauss points, 4 components):
    Sxx: -1.213E+05 ~ 7.986E+04 Pa
    Syy: -1.471E+05 ~ 2.635E+05 Pa
Block 17: 315 nodes (315 active)
  Ux: 0.000 ~ 3.668 mm
  Uy: -0.400 ~ 1.249 mm
  Velocity (315 nodes): peak = 8.719E-03 m/s
    x: -6.349E-03 ~ 2.352E-03  y: -5.976E-03 ~ 1.876E-04
  Acceleration (relative) (315 nodes): peak = 2.357E+00 m/s²
    x: -2.184E+00 ~ 0.000E+00  y: -8.862E-01 ~ 1.366E-01
  Acceleration (absolute) (315 nodes): peak = 2.357E+00 m/s²
    x: -2.184E+00 ~ 0.000E+00  y: -8.862E-01 ~ 1.366E-01
  Nodal force / reaction (315 nodes):
    x: -4.110E+05 ~ 0.000E+00  y: -1.405E+06 ~ 1.066E+06  N
    Σx=-4.268E+06  Σy=-1.423E+06  N
  Stress (315 gauss points, 4 components):
    Sxx: -2.255E+05 ~ 1.564E+05 Pa
    Syy: -2.706E+05 ~ 5.533E+05 Pa
Block 18: 315 nodes (315 active)
  Ux: 0.000 ~ 2.017 mm
  Uy: -0.273 ~ 0.564 mm
  Velocity (315 nodes): peak = 7.411E-02 m/s
    x: -7.010E-02 ~ 0.000E+00  y: -2.405E-02 ~ 7.409E-03
  Acceleration (relative) (315 nodes): peak = 9.673E-01 m/s²
    x: -9.661E-01 ~ 0.000E+00  y: -5.677E-02 ~ 2.518E-01
  Acceleration (absolute) (315 nodes): peak = 9.673E-01 m/s²
    x: -9.661E-01 ~ 0.000E+00  y: -5.677E-02 ~ 2.518E-01
  Nodal force / reaction (315 nodes):
    x: -2.309E+05 ~ 0.000E+00  y: -5.932E+05 ~ 6.280E+05  N
    Σx=-2.424E+06  Σy=4.238E+05  N
  Stress (315 gauss points, 4 components):
    Sxx: -1.502E+05 ~ 8.977E+04 Pa
    Syy: -1.853E+05 ~ 2.994E+05 Pa
Block 19: 315 nodes (315 active)
  Ux: -1.092 ~ 0.000 mm
  Uy: -0.336 ~ 0.152 mm
  Velocity (315 nodes): peak = 7.952E-02 m/s
    x: -7.704E-02 ~ 0.000E+00  y: -1.971E-02 ~ 1.196E-02
  Acceleration (relative) (315 nodes): peak = 7.258E-01 m/s²
    x: 0.000E+00 ~ 6.981E-01  y: -1.046E-01 ~ 2.034E-01
  Acceleration (absolute) (315 nodes): peak = 7.258E-01 m/s²
    x: 0.000E+00 ~ 6.981E-01  y: -1.046E-01 ~ 2.034E-01
  Nodal force / reaction (315 nodes):
    x: 0.000E+00 ~ 1.818E+05  y: -4.624E+05 ~ 5.494E+05  N
    Σx=1.939E+06  Σy=3.515E+05  N
  Stress (315 gauss points, 4 components):
    Sxx: -5.438E+04 ~ 6.587E+04 Pa
    Syy: -1.210E+05 ~ 6.463E+04 Pa
Block 20: 315 nodes (315 active)
  Ux: -3.128 ~ 0.000 mm
  Uy: -0.910 ~ 0.425 mm
  Velocity (315 nodes): peak = 1.957E-02 m/s
    x: -1.792E-02 ~ 3.743E-04  y: -7.853E-03 ~ 9.990E-04
  Acceleration (relative) (315 nodes): peak = 2.109E+00 m/s²
    x: 0.000E+00 ~ 2.065E+00  y: -3.906E-01 ~ 4.303E-01
  Acceleration (absolute) (315 nodes): peak = 2.109E+00 m/s²
    x: 0.000E+00 ~ 2.065E+00  y: -3.906E-01 ~ 4.303E-01
  Nodal force / reaction (315 nodes):
    x: 0.000E+00 ~ 3.748E+05  y: -1.062E+06 ~ 1.108E+06  N
    Σx=3.962E+06  Σy=-1.389E+05  N
  Stress (315 gauss points, 4 components):
    Sxx: -1.329E+05 ~ 2.122E+05 Pa
    Syy: -4.011E+05 ~ 2.554E+05 Pa
Block 21: 315 nodes (315 active)
  Ux: -2.312 ~ 0.000 mm
  Uy: -0.803 ~ 0.236 mm
  Velocity (315 nodes): peak = 5.678E-02 m/s
    x: 0.000E+00 ~ 5.502E-02  y: -8.544E-03 ~ 1.404E-02
  Acceleration (relative) (315 nodes): peak = 1.451E+00 m/s²
    x: 0.000E+00 ~ 1.324E+00  y: -5.443E-02 ~ 5.937E-01
  Acceleration (absolute) (315 nodes): peak = 1.451E+00 m/s²
    x: 0.000E+00 ~ 1.324E+00  y: -5.443E-02 ~ 5.937E-01
  Nodal force / reaction (315 nodes):
    x: 0.000E+00 ~ 2.243E+05  y: -5.829E+05 ~ 8.322E+05  N
    Σx=2.288E+06  Σy=9.939E+05  N
  Stress (315 gauss points, 4 components):
    Sxx: -9.583E+04 ~ 1.475E+05 Pa
    Syy: -3.753E+05 ~ 1.855E+05 Pa
Block 22: 315 nodes (315 active)
  Ux: 0.000 ~ 0.421 mm
  Uy: -0.086 ~ 0.092 mm
  Velocity (315 nodes): peak = 7.769E-02 m/s
    x: 0.000E+00 ~ 7.286E-02  y: -6.784E-03 ~ 2.696E-02
  Acceleration (relative) (315 nodes): peak = 4.352E-01 m/s²
    x: -4.330E-01 ~ 0.000E+00  y: -5.910E-02 ~ 8.917E-02
  Acceleration (absolute) (315 nodes): peak = 4.352E-01 m/s²
    x: -4.330E-01 ~ 0.000E+00  y: -5.910E-02 ~ 8.917E-02
  Nodal force / reaction (315 nodes):
    x: -9.407E+04 ~ 0.000E+00  y: -2.504E+05 ~ 2.545E+05  N
    Σx=-9.939E+05  Σy=9.882E+04  N
  Stress (315 gauss points, 4 components):
    Sxx: -2.956E+04 ~ 2.044E+04 Pa
    Syy: -2.498E+04 ~ 2.327E+04 Pa
Block 23: 315 nodes (315 active)
  Ux: 0.000 ~ 2.573 mm
  Uy: -0.286 ~ 0.884 mm
  Velocity (315 nodes): peak = 3.021E-02 m/s
    x: 0.000E+00 ~ 2.857E-02  y: -3.367E-03 ~ 9.816E-03
  Acceleration (relative) (315 nodes): peak = 1.807E+00 m/s²
    x: -1.657E+00 ~ 0.000E+00  y: -7.211E-01 ~ 1.190E-01
  Acceleration (absolute) (315 nodes): peak = 1.807E+00 m/s²
    x: -1.657E+00 ~ 0.000E+00  y: -7.211E-01 ~ 1.190E-01
  Nodal force / reaction (315 nodes):
    x: -2.983E+05 ~ 0.000E+00  y: -1.060E+06 ~ 7.765E+05  N
    Σx=-3.064E+06  Σy=-1.206E+06  N
  Stress (315 gauss points, 4 components):
    Sxx: -1.574E+05 ~ 1.112E+05 Pa
    Syy: -1.855E+05 ~ 3.772E+05 Pa
Block 24: 315 nodes (315 active)
  Ux: 0.000 ~ 2.362 mm
  Uy: -0.290 ~ 0.748 mm
  Velocity (315 nodes): peak = 4.091E-02 m/s
    x: -3.804E-02 ~ 0.000E+00  y: -1.506E-02 ~ 3.790E-03
  Acceleration (relative) (315 nodes): peak = 1.505E+00 m/s²
    x: -1.449E+00 ~ 0.000E+00  y: -4.087E-01 ~ 2.232E-01
  Acceleration (absolute) (315 nodes): peak = 1.505E+00 m/s²
    x: -1.449E+00 ~ 0.000E+00  y: -4.087E-01 ~ 2.232E-01
  Nodal force / reaction (315 nodes):
    x: -2.421E+05 ~ 0.000E+00  y: -7.757E+05 ~ 6.955E+05  N
    Σx=-2.581E+06  Σy=-1.710E+05  N
  Stress (315 gauss points, 4 components):
    Sxx: -1.554E+05 ~ 9.738E+04 Pa
    Syy: -1.933E+05 ~ 3.547E+05 Pa
Block 25: 315 nodes (315 active)
  Ux: -0.012 ~ 0.124 mm
  Uy: -0.045 ~ 0.006 mm
  Velocity (315 nodes): peak = 6.875E-02 m/s
    x: -6.601E-02 ~ 0.000E+00  y: -1.922E-02 ~ 9.065E-03
  Acceleration (relative) (315 nodes): peak = 1.993E-01 m/s²
    x: -2.675E-02 ~ 1.273E-01  y: -4.529E-03 ~ 1.534E-01
  Acceleration (absolute) (315 nodes): peak = 1.993E-01 m/s²
    x: -2.675E-02 ~ 1.273E-01  y: -4.529E-03 ~ 1.534E-01
  Nodal force / reaction (315 nodes):
    x: -8.189E+02 ~ 9.423E+03  y: -1.473E+04 ~ 8.858E+04  N
    Σx=4.419E+04  Σy=3.517E+05  N
  Stress (315 gauss points, 4 components):
    Sxx: -1.896E+04 ~ 8.889E+03 Pa
    Syy: -3.015E+04 ~ 3.454E+04 Pa
Block 26: 315 nodes (315 active)
  Ux: -1.997 ~ 0.000 mm
  Uy: -0.586 ~ 0.270 mm
  Velocity (315 nodes): peak = 3.539E-02 m/s
    x: -3.402E-02 ~ 0.000E+00  y: -9.733E-03 ~ 4.148E-03
  Acceleration (relative) (315 nodes): peak = 1.356E+00 m/s²
    x: 0.000E+00 ~ 1.325E+00  y: -2.264E-01 ~ 2.889E-01
  Acceleration (absolute) (315 nodes): peak = 1.356E+00 m/s²
    x: 0.000E+00 ~ 1.325E+00  y: -2.264E-01 ~ 2.889E-01
  Nodal force / reaction (315 nodes):
    x: 0.000E+00 ~ 2.533E+05  y: -7.051E+05 ~ 7.498E+05  N
    Σx=2.694E+06  Σy=2.321E+03  N
  Stress (315 gauss points, 4 components):
    Sxx: -8.605E+04 ~ 1.312E+05 Pa
    Syy: -2.474E+05 ~ 1.540E+05 Pa
Block 27: 315 nodes (315 active)
  Ux: -2.249 ~ 0.000 mm
  Uy: -0.712 ~ 0.266 mm
  Velocity (315 nodes): peak = 2.166E-02 m/s
    x: 0.000E+00 ~ 2.129E-02  y: -3.891E-03 ~ 4.017E-03
  Acceleration (relative) (315 nodes): peak = 1.363E+00 m/s²
    x: 0.000E+00 ~ 1.301E+00  y: -1.450E-01 ~ 4.046E-01
  Acceleration (absolute) (315 nodes): peak = 1.363E+00 m/s²
    x: 0.000E+00 ~ 1.301E+00  y: -1.450E-01 ~ 4.046E-01
  Nodal force / reaction (315 nodes):
    x: 0.000E+00 ~ 2.490E+05  y: -6.737E+05 ~ 8.129E+05  N
    Σx=2.644E+06  Σy=4.760E+05  N
  Stress (315 gauss points, 4 components):
    Sxx: -9.737E+04 ~ 1.504E+05 Pa
    Syy: -3.270E+05 ~ 1.828E+05 Pa
Block 28: 315 nodes (315 active)
  Ux: -0.610 ~ 0.000 mm
  Uy: -0.250 ~ 0.047 mm
  Velocity (315 nodes): peak = 5.867E-02 m/s
    x: 0.000E+00 ~ 5.578E-02  y: -6.486E-03 ~ 1.820E-02
  Acceleration (relative) (315 nodes): peak = 3.939E-01 m/s²
    x: -5.469E-02 ~ 3.221E-01  y: -5.484E-03 ~ 2.267E-01
  Acceleration (absolute) (315 nodes): peak = 3.939E-01 m/s²
    x: -5.469E-02 ~ 3.221E-01  y: -5.484E-03 ~ 2.267E-01
  Nodal force / reaction (315 nodes):
    x: 0.000E+00 ~ 2.606E+04  y: -7.193E+04 ~ 1.774E+05  N
    Σx=2.181E+05  Σy=3.875E+05  N
  Stress (315 gauss points, 4 components):
    Sxx: -2.552E+04 ~ 3.737E+04 Pa
    Syy: -1.358E+05 ~ 5.366E+04 Pa
Block 29: 315 nodes (315 active)
  Ux: 0.000 ~ 1.464 mm
  Uy: -0.179 ~ 0.478 mm
  Velocity (315 nodes): peak = 4.394E-02 m/s
    x: 0.000E+00 ~ 4.125E-02  y: -4.178E-03 ~ 1.514E-02
  Acceleration (relative) (315 nodes): peak = 1.085E+00 m/s²
    x: -1.016E+00 ~ 0.000E+00  y: -3.820E-01 ~ 1.031E-01
  Acceleration (absolute) (315 nodes): peak = 1.085E+00 m/s²
    x: -1.016E+00 ~ 0.000E+00  y: -3.820E-01 ~ 1.031E-01
  Nodal force / reaction (315 nodes):
    x: -1.834E+05 ~ 0.000E+00  y: -6.265E+05 ~ 4.914E+05  N
    Σx=-1.914E+06  Σy=-5.479E+05  N
  Stress (315 gauss points, 4 components):
    Sxx: -9.115E+04 ~ 6.416E+04 Pa
    Syy: -1.049E+05 ~ 1.917E+05 Pa
Block 30: 315 nodes (315 active)
  Ux: 0.000 ~ 2.121 mm
  Uy: -0.246 ~ 0.703 mm
  Velocity (315 nodes): peak = 1.105E-02 m/s
    x: -1.012E-02 ~ 0.000E+00  y: -4.429E-03 ~ 1.132E-03
  Acceleration (relative) (315 nodes): peak = 1.444E+00 m/s²
    x: -1.358E+00 ~ 0.000E+00  y: -4.903E-01 ~ 1.455E-01
  Acceleration (absolute) (315 nodes): peak = 1.444E+00 m/s²
    x: -1.358E+00 ~ 0.000E+00  y: -4.903E-01 ~ 1.455E-01
  Nodal force / reaction (315 nodes):
    x: -2.233E+05 ~ 0.000E+00  y: -7.662E+05 ~ 6.220E+05  N
    Σx=-2.350E+06  Σy=-5.393E+05  N
  Stress (315 gauss points, 4 components):
    Sxx: -1.339E+05 ~ 8.793E+04 Pa
    Syy: -1.640E+05 ~ 3.166E+05 Pa
Block 31: 315 nodes (315 active)
  Ux: 0.000 ~ 0.878 mm
  Uy: -0.110 ~ 0.260 mm
  Velocity (315 nodes): peak = 4.972E-02 m/s
    x: -4.725E-02 ~ 0.000E+00  y: -1.547E-02 ~ 5.690E-03
  Acceleration (relative) (315 nodes): peak = 3.995E-01 m/s²
    x: -3.968E-01 ~ 0.000E+00  y: -4.705E-02 ~ 7.849E-02
  Acceleration (absolute) (315 nodes): peak = 3.995E-01 m/s²
    x: -3.968E-01 ~ 0.000E+00  y: -4.705E-02 ~ 7.849E-02
  Nodal force / reaction (315 nodes):
    x: -8.638E+04 ~ 0.000E+00  y: -2.354E+05 ~ 2.352E+05  N
    Σx=-9.130E+05  Σy=9.990E+04  N
  Stress (315 gauss points, 4 components):
    Sxx: -6.380E+04 ~ 3.815E+04 Pa
    Syy: -8.170E+04 ~ 1.407E+05 Pa
Block 32: 315 nodes (315 active)
  Ux: -0.978 ~ 0.000 mm
  Uy: -0.303 ~ 0.130 mm
  Velocity (315 nodes): peak = 4.161E-02 m/s
    x: -4.002E-02 ~ 0.000E+00  y: -1.140E-02 ~ 5.267E-03
  Acceleration (relative) (315 nodes): peak = 7.343E-01 m/s²
    x: 0.000E+00 ~ 7.038E-01  y: -9.578E-02 ~ 2.094E-01
  Acceleration (absolute) (315 nodes): peak = 7.343E-01 m/s²
    x: 0.000E+00 ~ 7.038E-01  y: -9.578E-02 ~ 2.094E-01
  Nodal force / reaction (315 nodes):
    x: 0.000E+00 ~ 1.306E+05  y: -3.610E+05 ~ 4.163E+05  N
    Σx=1.398E+06  Σy=1.852E+05  N
  Stress (315 gauss points, 4 components):
    Sxx: -4.270E+04 ~ 5.979E+04 Pa
    Syy: -1.165E+05 ~ 6.703E+04 Pa
Block 33: 315 nodes (315 active)
  Ux: -1.846 ~ 0.000 mm
  Uy: -0.564 ~ 0.232 mm
  Velocity (315 nodes): peak = 1.823E-03 m/s
    x: -1.319E-03 ~ 1.173E-03  y: -1.258E-03 ~ 1.073E-04
  Acceleration (relative) (315 nodes): peak = 1.162E+00 m/s²
    x: 0.000E+00 ~ 1.124E+00  y: -1.602E-01 ~ 2.942E-01
  Acceleration (absolute) (315 nodes): peak = 1.162E+00 m/s²
    x: 0.000E+00 ~ 1.124E+00  y: -1.602E-01 ~ 2.942E-01
  Nodal force / reaction (315 nodes):
    x: 0.000E+00 ~ 2.148E+05  y: -5.958E+05 ~ 6.754E+05  N
    Σx=2.310E+06  Σy=2.060E+05  N
  Stress (315 gauss points, 4 components):
    Sxx: -8.013E+04 ~ 1.234E+05 Pa
    Syy: -2.525E+05 ~ 1.477E+05 Pa
Block 34: 315 nodes (315 active)
  Ux: -1.102 ~ 0.000 mm
  Uy: -0.376 ~ 0.118 mm
  Velocity (315 nodes): peak = 3.760E-02 m/s
    x: 0.000E+00 ~ 3.610E-02  y: -4.870E-03 ~ 1.049E-02
  Acceleration (relative) (315 nodes): peak = 6.854E-01 m/s²
    x: 0.000E+00 ~ 6.350E-01  y: -5.085E-02 ~ 2.580E-01
  Acceleration (absolute) (315 nodes): peak = 6.854E-01 m/s²
    x: 0.000E+00 ~ 6.350E-01  y: -5.085E-02 ~ 2.580E-01
  Nodal force / reaction (315 nodes):
    x: 0.000E+00 ~ 9.931E+04  y: -2.734E+05 ~ 3.635E+05  N
    Σx=1.028E+06  Σy=3.412E+05  N
  Stress (315 gauss points, 4 components):
    Sxx: -4.494E+04 ~ 7.198E+04 Pa
    Syy: -1.829E+05 ~ 9.212E+04 Pa
Block 35: 315 nodes (315 active)
  Ux: 0.000 ~ 0.540 mm
  Uy: -0.080 ~ 0.153 mm
  Velocity (315 nodes): peak = 4.308E-02 m/s
    x: 0.000E+00 ~ 4.069E-02  y: -4.362E-03 ~ 1.415E-02
  Acceleration (relative) (315 nodes): peak = 4.342E-01 m/s²
    x: -4.208E-01 ~ 0.000E+00  y: -1.068E-01 ~ 6.618E-02
  Acceleration (absolute) (315 nodes): peak = 4.342E-01 m/s²
    x: -4.208E-01 ~ 0.000E+00  y: -1.068E-01 ~ 6.618E-02
  Nodal force / reaction (315 nodes):
    x: -8.430E+04 ~ 0.000E+00  y: -2.614E+05 ~ 2.312E+05  N
    Σx=-9.067E+05  Σy=-8.921E+04  N
  Stress (315 gauss points, 4 components):
    Sxx: -3.426E+04 ~ 2.503E+04 Pa
    Syy: -3.602E+04 ~ 4.905E+04 Pa
Block 36: 315 nodes (315 active)
  Ux: 0.000 ~ 1.598 mm
  Uy: -0.187 ~ 0.528 mm
  Velocity (315 nodes): peak = 9.646E-03 m/s
    x: 0.000E+00 ~ 9.099E-03  y: -9.508E-04 ~ 3.202E-03
  Acceleration (relative) (315 nodes): peak = 1.114E+00 m/s²
    x: -1.044E+00 ~ 0.000E+00  y: -3.886E-01 ~ 1.040E-01
  Acceleration (absolute) (315 nodes): peak = 1.114E+00 m/s²
    x: -1.044E+00 ~ 0.000E+00  y: -3.886E-01 ~ 1.040E-01
  Nodal force / reaction (315 nodes):
    x: -1.788E+05 ~ 0.000E+00  y: -6.142E+05 ~ 4.879E+05  N
    Σx=-1.873E+06  Σy=-4.951E+05  N
  Stress (315 gauss points, 4 components):
    Sxx: -1.002E+05 ~ 6.754E+04 Pa
    Syy: -1.204E+05 ~ 2.294E+05 Pa
Block 37: 315 nodes (315 active)
  Ux: 0.000 ~ 1.191 mm
  Uy: -0.140 ~ 0.382 mm
  Velocity (315 nodes): peak = 2.924E-02 m/s
    x: -2.762E-02 ~ 0.000E+00  y: -9.599E-03 ~ 3.145E-03
  Acceleration (relative) (315 nodes): peak = 7.073E-01 m/s²
    x: -6.775E-01 ~ 0.000E+00  y: -2.030E-01 ~ 8.659E-02
  Acceleration (absolute) (315 nodes): peak = 7.073E-01 m/s²
    x: -6.775E-01 ~ 0.000E+00  y: -2.030E-01 ~ 8.659E-02
  Nodal force / reaction (315 nodes):
    x: -1.197E+05 ~ 0.000E+00  y: -3.906E+05 ~ 3.359E+05  N
    Σx=-1.282E+06  Σy=-1.608E+05  N
  Stress (315 gauss points, 4 components):
    Sxx: -7.911E+04 ~ 4.979E+04 Pa
    Syy: -9.866E+04 ~ 1.842E+05 Pa
Block 38: 315 nodes (315 active)
  Ux: -0.193 ~ 0.000 mm
  Uy: -0.067 ~ 0.031 mm
  Velocity (315 nodes): peak = 3.880E-02 m/s
    x: -3.710E-02 ~ 0.000E+00  y: -1.135E-02 ~ 4.676E-03
  Acceleration (relative) (315 nodes): peak = 2.380E-01 m/s²
    x: 0.000E+00 ~ 2.162E-01  y: -2.086E-02 ~ 9.940E-02
  Acceleration (absolute) (315 nodes): peak = 2.380E-01 m/s²
    x: 0.000E+00 ~ 2.162E-01  y: -2.086E-02 ~ 9.940E-02
  Nodal force / reaction (315 nodes):
    x: 0.000E+00 ~ 3.853E+04  y: -9.978E+04 ~ 1.353E+05  N
    Σx=3.935E+05  Σy=1.693E+05  N
  Stress (315 gauss points, 4 components):
    Sxx: -9.063E+03 ~ 1.037E+04 Pa
    Syy: -1.485E+04 ~ 9.253E+03 Pa
Block 39: 315 nodes (315 active)
  Ux: -1.290 ~ 0.000 mm
  Uy: -0.396 ~ 0.165 mm
  Velocity (315 nodes): peak = 1.530E-02 m/s
    x: -1.465E-02 ~ 0.000E+00  y: -4.438E-03 ~ 1.781E-03
  Acceleration (relative) (315 nodes): peak = 8.605E-01 m/s²
    x: 0.000E+00 ~ 8.303E-01  y: -1.188E-01 ~ 2.259E-01
  Acceleration (absolute) (315 nodes): peak = 8.605E-01 m/s²
    x: 0.000E+00 ~ 8.303E-01  y: -1.188E-01 ~ 2.259E-01
  Nodal force / reaction (315 nodes):
    x: 0.000E+00 ~ 1.550E+05  y: -4.320E+05 ~ 4.899E+05  N
    Σx=1.666E+06  Σy=1.590E+05  N
  Stress (315 gauss points, 4 components):
    Sxx: -5.582E+04 ~ 8.408E+04 Pa
    Syy: -1.706E+05 ~ 9.924E+04 Pa
Block 40: 315 nodes (315 active)
  Ux: -1.208 ~ 0.000 mm
  Uy: -0.386 ~ 0.142 mm
  Velocity (315 nodes): peak = 1.879E-02 m/s
    x: 0.000E+00 ~ 1.814E-02  y: -2.693E-03 ~ 4.905E-03
  Acceleration (relative) (315 nodes): peak = 7.471E-01 m/s²
    x: 0.000E+00 ~ 7.123E-01  y: -8.351E-02 ~ 2.252E-01
  Acceleration (absolute) (315 nodes): peak = 7.471E-01 m/s²
    x: 0.000E+00 ~ 7.123E-01  y: -8.351E-02 ~ 2.252E-01
  Nodal force / reaction (315 nodes):
    x: 0.000E+00 ~ 1.264E+05  y: -3.501E+05 ~ 4.185E+05  N
    Σx=1.344E+06  Σy=2.256E+05  N
  Stress (315 gauss points, 4 components):
    Sxx: -5.102E+04 ~ 8.026E+04 Pa
    Syy: -1.804E+05 ~ 9.906E+04 Pa
Block 41: 315 nodes (315 active)
  Ux: -0.108 ~ 0.017 mm
  Uy: -0.055 ~ 0.006 mm
  Velocity (315 nodes): peak = 3.502E-02 m/s
    x: 0.000E+00 ~ 3.332E-02  y: -3.941E-03 ~ 1.076E-02
  Acceleration (relative) (315 nodes): peak = 4.230E-02 m/s²
    x: -3.662E-02 ~ 4.323E-03  y: -3.403E-03 ~ 4.070E-02
  Acceleration (absolute) (315 nodes): peak = 4.230E-02 m/s²
    x: -3.662E-02 ~ 4.323E-03  y: -3.403E-03 ~ 4.070E-02
  Nodal force / reaction (315 nodes):
    x: -1.094E+04 ~ 0.000E+00  y: -5.832E+03 ~ 2.463E+04  N
    Σx=-1.090E+05  Σy=9.518E+04  N
  Stress (315 gauss points, 4 components):
    Sxx: -6.165E+03 ~ 7.444E+03 Pa
    Syy: -3.938E+04 ~ 1.526E+04 Pa
Block 42: 315 nodes (315 active)
  Ux: 0.000 ~ 1.005 mm
  Uy: -0.124 ~ 0.322 mm
  Velocity (315 nodes): peak = 2.007E-02 m/s
    x: 0.000E+00 ~ 1.891E-02  y: -1.928E-03 ~ 6.718E-03
  Acceleration (relative) (315 nodes): peak = 7.135E-01 m/s²
    x: -6.749E-01 ~ 0.000E+00  y: -2.316E-01 ~ 7.555E-02
  Acceleration (absolute) (315 nodes): peak = 7.135E-01 m/s²
    x: -6.749E-01 ~ 0.000E+00  y: -2.316E-01 ~ 7.555E-02
  Nodal force / reaction (315 nodes):
    x: -1.217E+05 ~ 0.000E+00  y: -4.063E+05 ~ 3.313E+05  N
    Σx=-1.284E+06  Σy=-2.831E+05  N
  Stress (315 gauss points, 4 components):
    Sxx: -6.347E+04 ~ 4.348E+04 Pa
    Syy: -7.427E+04 ~ 1.339E+05 Pa
Block 43: 315 nodes (315 active)
  Ux: 0.000 ~ 1.169 mm
  Uy: -0.136 ~ 0.383 mm
  Velocity (315 nodes): peak = 1.153E-02 m/s
    x: -1.090E-02 ~ 0.000E+00  y: -3.768E-03 ~ 1.342E-03
  Acceleration (relative) (315 nodes): peak = 7.592E-01 m/s²
    x: -7.176E-01 ~ 0.000E+00  y: -2.479E-01 ~ 7.871E-02
  Acceleration (absolute) (315 nodes): peak = 7.592E-01 m/s²
    x: -7.176E-01 ~ 0.000E+00  y: -2.479E-01 ~ 7.871E-02
  Nodal force / reaction (315 nodes):
    x: -1.232E+05 ~ 0.000E+00  y: -4.161E+05 ~ 3.409E+05  N
    Σx=-1.302E+06  Σy=-2.718E+05  N
  Stress (315 gauss points, 4 components):
    Sxx: -7.534E+04 ~ 4.903E+04 Pa
    Syy: -9.244E+04 ~ 1.756E+05 Pa
Block 44: 315 nodes (315 active)
  Ux: 0.000 ~ 0.317 mm
  Uy: -0.038 ~ 0.098 mm
  Velocity (315 nodes): peak = 3.023E-02 m/s
    x: -2.876E-02 ~ 0.000E+00  y: -9.306E-03 ~ 3.471E-03
  Acceleration (relative) (315 nodes): peak = 1.274E-01 m/s²
    x: -1.261E-01 ~ 0.000E+00  y: -1.810E-02 ~ 2.741E-02
  Acceleration (absolute) (315 nodes): peak = 1.274E-01 m/s²
    x: -1.261E-01 ~ 0.000E+00  y: -1.810E-02 ~ 2.741E-02
  Nodal force / reaction (315 nodes):
    x: -2.361E+04 ~ 0.000E+00  y: -6.604E+04 ~ 6.944E+04  N
    Σx=-2.473E+05  Σy=3.825E+04  N
  Stress (315 gauss points, 4 components):
    Sxx: -2.352E+04 ~ 1.398E+04 Pa
    Syy: -3.179E+04 ~ 5.817E+04 Pa
Block 45: 315 nodes (315 active)
  Ux: -0.730 ~ 0.000 mm
  Uy: -0.228 ~ 0.094 mm
  Velocity (315 nodes): peak = 2.134E-02 m/s
    x: -2.042E-02 ~ 0.000E+00  y: -6.167E-03 ~ 2.555E-03
  Acceleration (relative) (315 nodes): peak = 5.293E-01 m/s²
    x: 0.000E+00 ~ 5.058E-01  y: -6.659E-02 ~ 1.559E-01
  Acceleration (absolute) (315 nodes): peak = 5.293E-01 m/s²
    x: 0.000E+00 ~ 5.058E-01  y: -6.659E-02 ~ 1.559E-01
  Nodal force / reaction (315 nodes):
    x: 0.000E+00 ~ 9.228E+04  y: -2.552E+05 ~ 2.988E+05  N
    Σx=9.842E+05  Σy=1.494E+05  N
  Stress (315 gauss points, 4 components):
    Sxx: -3.168E+04 ~ 4.570E+04 Pa
    Syy: -9.234E+04 ~ 5.257E+04 Pa
Block 46: 315 nodes (315 active)
  Ux: -1.068 ~ 0.000 mm
  Uy: -0.335 ~ 0.131 mm
  Velocity (315 nodes): peak = 4.355E-03 m/s
    x: 0.000E+00 ~ 4.232E-03  y: -8.035E-04 ~ 1.028E-03
  Acceleration (relative) (315 nodes): peak = 6.779E-01 m/s²
    x: 0.000E+00 ~ 6.510E-01  y: -8.511E-02 ~ 1.890E-01
  Acceleration (absolute) (315 nodes): peak = 6.779E-01 m/s²
    x: 0.000E+00 ~ 6.510E-01  y: -8.511E-02 ~ 1.890E-01
  Nodal force / reaction (315 nodes):
    x: 0.000E+00 ~ 1.192E+05  y: -3.313E+05 ~ 3.845E+05  N
    Σx=1.276E+06  Σy=1.603E+05  N
  Stress (315 gauss points, 4 components):
    Sxx: -4.568E+04 ~ 7.059E+04 Pa
    Syy: -1.514E+05 ~ 8.547E+04 Pa
Block 47: 315 nodes (315 active)
  Ux: -0.477 ~ 0.000 mm
  Uy: -0.162 ~ 0.050 mm
  Velocity (315 nodes): peak = 2.441E-02 m/s
    x: 0.000E+00 ~ 2.334E-02  y: -2.980E-03 ~ 7.128E-03
  Acceleration (relative) (315 nodes): peak = 2.695E-01 m/s²
    x: 0.000E+00 ~ 2.507E-01  y: -2.013E-02 ~ 9.874E-02
  Acceleration (absolute) (315 nodes): peak = 2.695E-01 m/s²
    x: 0.000E+00 ~ 2.507E-01  y: -2.013E-02 ~ 9.874E-02
  Nodal force / reaction (315 nodes):
    x: 0.000E+00 ~ 3.985E+04  y: -1.099E+05 ~ 1.448E+05  N
    Σx=4.143E+05  Σy=1.261E+05  N
  Stress (315 gauss points, 4 components):
    Sxx: -1.991E+04 ~ 3.193E+04 Pa
    Syy: -8.293E+04 ~ 4.159E+04 Pa
Block 48: 315 nodes (315 active)
  Ux: 0.000 ~ 0.476 mm
  Uy: -0.064 ~ 0.144 mm
  Velocity (315 nodes): peak = 2.253E-02 m/s
    x: 0.000E+00 ~ 2.134E-02  y: -2.352E-03 ~ 7.216E-03
  Acceleration (relative) (315 nodes): peak = 3.558E-01 m/s²
    x: -3.415E-01 ~ 0.000E+00  y: -9.975E-02 ~ 4.657E-02
  Acceleration (absolute) (315 nodes): peak = 3.558E-01 m/s²
    x: -3.415E-01 ~ 0.000E+00  y: -9.975E-02 ~ 4.657E-02
  Nodal force / reaction (315 nodes):
    x: -6.565E+04 ~ 0.000E+00  y: -2.094E+05 ~ 1.794E+05  N
    Σx=-7.011E+05  Σy=-1.014E+05  N
  Stress (315 gauss points, 4 components):
    Sxx: -3.007E+04 ~ 2.130E+04 Pa
    Syy: -3.347E+04 ~ 5.420E+04 Pa
Block 49: 315 nodes (315 active)
  Ux: 0.000 ~ 0.951 mm
  Uy: -0.113 ~ 0.309 mm
  Velocity (315 nodes): peak = 1.159E-03 m/s
    x: -3.457E-04 ~ 1.052E-03  y: -2.370E-04 ~ 4.855E-04
  Acceleration (relative) (315 nodes): peak = 6.407E-01 m/s²
    x: -6.052E-01 ~ 0.000E+00  y: -2.103E-01 ~ 6.626E-02
  Acceleration (absolute) (315 nodes): peak = 6.407E-01 m/s²
    x: -6.052E-01 ~ 0.000E+00  y: -2.103E-01 ~ 6.626E-02
  Nodal force / reaction (315 nodes):
    x: -1.055E+05 ~ 0.000E+00  y: -3.556E+05 ~ 2.899E+05  N
    Σx=-1.113E+06  Σy=-2.434E+05  N
  Stress (315 gauss points, 4 components):
    Sxx: -6.074E+04 ~ 4.029E+04 Pa
    Syy: -7.331E+04 ~ 1.369E+05 Pa
Block 50: 315 nodes (315 active)
  Ux: 0.000 ~ 0.571 mm
  Uy: -0.066 ~ 0.185 mm
  Velocity (315 nodes): peak = 1.956E-02 m/s
    x: -1.857E-02 ~ 0.000E+00  y: -6.141E-03 ~ 2.223E-03
  Acceleration (relative) (315 nodes): peak = 3.306E-01 m/s²
    x: -3.158E-01 ~ 0.000E+00  y: -9.805E-02 ~ 3.851E-02
  Acceleration (absolute) (315 nodes): peak = 3.306E-01 m/s²
    x: -3.158E-01 ~ 1.000E-30  y: -9.805E-02 ~ 3.851E-02
  Nodal force / reaction (315 nodes):
    x: -5.422E+04 ~ 0.000E+00  y: -1.796E+05 ~ 1.526E+05  N
    Σx=-5.791E+05  Σy=-8.125E+04  N
  Stress (315 gauss points, 4 components):
    Sxx: -3.825E+04 ~ 2.362E+04 Pa
    Syy: -4.845E+04 ~ 9.152E+04 Pa
Block 51: 315 nodes (315 active)
  Ux: -0.264 ~ 0.000 mm
  Uy: -0.084 ~ 0.037 mm
  Velocity (315 nodes): peak = 2.150E-02 m/s
    x: -2.051E-02 ~ 0.000E+00  y: -6.431E-03 ~ 2.499E-03
  Acceleration (relative) (315 nodes): peak = 2.297E-01 m/s²
    x: 0.000E+00 ~ 2.164E-01  y: -2.601E-02 ~ 7.685E-02
  Acceleration (absolute) (315 nodes): peak = 2.297E-01 m/s²
    x: 1.000E-30 ~ 2.164E-01  y: -2.601E-02 ~ 7.685E-02
  Nodal force / reaction (315 nodes):
    x: -4.196E-26 ~ 3.942E+04  y: -1.066E+05 ~ 1.308E+05  N
    Σx=4.147E+05  Σy=9.857E+04  N
  Stress (315 gauss points, 4 components):
    Sxx: -1.178E+04 ~ 1.511E+04 Pa
    Syy: -2.742E+04 ~ 1.575E+04 Pa
Block 52: 315 nodes (315 active)
  Ux: -0.802 ~ 0.000 mm
  Uy: -0.251 ~ 0.100 mm
  Velocity (315 nodes): peak = 5.187E-03 m/s
    x: -4.944E-03 ~ 0.000E+00  y: -1.568E-03 ~ 5.714E-04
  Acceleration (relative) (315 nodes): peak = 5.318E-01 m/s²
    x: 0.000E+00 ~ 5.099E-01  y: -6.674E-02 ~ 1.511E-01
  Acceleration (absolute) (315 nodes): peak = 5.318E-01 m/s²
    x: 1.000E-30 ~ 5.099E-01  y: -6.674E-02 ~ 1.511E-01
  Nodal force / reaction (315 nodes):
    x: -4.196E-26 ~ 9.331E+04  y: -2.589E+05 ~ 3.013E+05  N
    Σx=9.980E+05  Σy=1.335E+05  N
  Stress (315 gauss points, 4 components):
    Sxx: -3.447E+04 ~ 5.211E+04 Pa
    Syy: -1.099E+05 ~ 6.211E+04 Pa
Block 53: 315 nodes (315 active)
  Ux: -0.617 ~ 0.000 mm
  Uy: -0.199 ~ 0.072 mm
  Velocity (315 nodes): peak = 1.401E-02 m/s
    x: 0.000E+00 ~ 1.343E-02  y: -1.808E-03 ~ 3.992E-03
  Acceleration (relative) (315 nodes): peak = 3.730E-01 m/s²
    x: 0.000E+00 ~ 3.551E-01  y: -4.103E-02 ~ 1.141E-01
  Acceleration (absolute) (315 nodes): peak = 3.730E-01 m/s²
    x: 1.000E-30 ~ 3.551E-01  y: -4.103E-02 ~ 1.141E-01
  Nodal force / reaction (315 nodes):
    x: -4.196E-26 ~ 6.216E+04  y: -1.726E+05 ~ 2.071E+05  N
    Σx=6.605E+05  Σy=1.136E+05  N
  Stress (315 gauss points, 4 components):
    Sxx: -2.587E+04 ~ 4.111E+04 Pa
    Syy: -9.498E+04 ~ 5.126E+04 Pa
Block 54: 315 nodes (315 active)
  Ux: 0.000 ~ 0.077 mm
  Uy: -0.017 ~ 0.021 mm
  Velocity (315 nodes): peak = 2.004E-02 m/s
    x: 0.000E+00 ~ 1.908E-02  y: -2.255E-03 ~ 6.150E-03
  Acceleration (relative) (315 nodes): peak = 8.833E-02 m/s²
    x: -8.706E-02 ~ 0.000E+00  y: -1.621E-02 ~ 1.793E-02
  Acceleration (absolute) (315 nodes): peak = 8.833E-02 m/s²
    x: -8.706E-02 ~ 1.000E-30  y: -1.621E-02 ~ 1.793E-02
  Nodal force / reaction (315 nodes):
    x: -2.020E+04 ~ 0.000E+00  y: -5.672E+04 ~ 5.405E+04  N
    Σx=-2.161E+05  Σy=-2.479E+03  N
  Stress (315 gauss points, 4 components):
    Sxx: -5.606E+03 ~ 4.163E+03 Pa
    Syy: -4.959E+03 ~ 5.302E+03 Pa
Block 55: 315 nodes (315 active)
  Ux: 0.000 ~ 0.653 mm
  Uy: -0.080 ~ 0.209 mm
  Velocity (315 nodes): peak = 8.481E-03 m/s
    x: 0.000E+00 ~ 8.003E-03  y: -8.171E-04 ~ 2.808E-03
  Acceleration (relative) (315 nodes): peak = 4.516E-01 m/s²
    x: -4.289E-01 ~ 0.000E+00  y: -1.416E-01 ~ 5.040E-02
  Acceleration (absolute) (315 nodes): peak = 4.516E-01 m/s²
    x: -4.289E-01 ~ 1.000E-30  y: -1.416E-01 ~ 5.040E-02
  Nodal force / reaction (315 nodes):
    x: -7.705E+04 ~ 0.000E+00  y: -2.552E+05 ~ 2.114E+05  N
    Σx=-8.160E+05  Σy=-1.580E+05  N
  Stress (315 gauss points, 4 components):
    Sxx: -4.168E+04 ~ 2.809E+04 Pa
    Syy: -4.931E+04 ~ 8.888E+04 Pa
Block 56: 315 nodes (315 active)
  Ux: 0.000 ~ 0.625 mm
  Uy: -0.072 ~ 0.204 mm
  Velocity (315 nodes): peak = 9.614E-03 m/s
    x: -9.143E-03 ~ 0.000E+00  y: -2.971E-03 ~ 1.149E-03
  Acceleration (relative) (315 nodes): peak = 3.944E-01 m/s²
    x: -3.738E-01 ~ 0.000E+00  y: -1.258E-01 ~ 4.173E-02
  Acceleration (absolute) (315 nodes): peak = 3.944E-01 m/s²
    x: -3.738E-01 ~ 1.000E-30  y: -1.258E-01 ~ 4.173E-02
  Nodal force / reaction (315 nodes):
    x: -6.452E+04 ~ 0.000E+00  y: -2.168E+05 ~ 1.789E+05  N
    Σx=-6.832E+05  Σy=-1.325E+05  N
  Stress (315 gauss points, 4 components):
    Sxx: -4.075E+04 ~ 2.617E+04 Pa
    Syy: -5.036E+04 ~ 9.501E+04 Pa
Block 57: 315 nodes (315 active)
  Ux: -0.003 ~ 0.064 mm
  Uy: -0.009 ~ 0.022 mm
  Velocity (315 nodes): peak = 1.787E-02 m/s
    x: -1.701E-02 ~ 0.000E+00  y: -5.477E-03 ~ 2.041E-03
  Acceleration (relative) (315 nodes): peak = 1.089E-02 m/s²
    x: 0.000E+00 ~ 5.806E-03  y: -2.309E-03 ~ 9.796E-03
  Acceleration (absolute) (315 nodes): peak = 1.089E-02 m/s²
    x: 1.000E-30 ~ 5.806E-03  y: -2.309E-03 ~ 9.796E-03
  Nodal force / reaction (315 nodes):
    x: -4.196E-26 ~ 1.273E+03  y: -1.474E+03 ~ 4.592E+03  N
    Σx=9.963E+03  Σy=2.436E+04  N
  Stress (315 gauss points, 4 components):
    Sxx: -5.620E+03 ~ 3.472E+03 Pa
    Syy: -8.858E+03 ~ 1.790E+04 Pa
Block 58: 315 nodes (315 active)
  Ux: -0.503 ~ 0.000 mm
  Uy: -0.159 ~ 0.064 mm
  Velocity (315 nodes): peak = 1.016E-02 m/s
    x: -9.694E-03 ~ 0.000E+00  y: -3.031E-03 ~ 1.160E-03
  Acceleration (relative) (315 nodes): peak = 3.538E-01 m/s²
    x: 0.000E+00 ~ 3.376E-01  y: -4.285E-02 ~ 1.057E-01
  Acceleration (absolute) (315 nodes): peak = 3.538E-01 m/s²
    x: 1.000E-30 ~ 3.376E-01  y: -4.285E-02 ~ 1.057E-01
  Nodal force / reaction (315 nodes):
    x: -4.196E-26 ~ 6.148E+04  y: -1.696E+05 ~ 2.003E+05  N
    Σx=6.546E+05  Σy=1.062E+05  N
  Stress (315 gauss points, 4 components):
    Sxx: -2.177E+04 ~ 3.192E+04 Pa
    Syy: -6.613E+04 ~ 3.727E+04 Pa
Block 59: 315 nodes (315 active)
  Ux: -0.596 ~ 0.000 mm
  Uy: -0.189 ~ 0.071 mm
  Velocity (315 nodes): peak = 5.387E-03 m/s
    x: 0.000E+00 ~ 5.169E-03  y: -7.507E-04 ~ 1.517E-03
  Acceleration (relative) (315 nodes): peak = 3.760E-01 m/s²
    x: 0.000E+00 ~ 3.596E-01  y: -4.479E-02 ~ 1.098E-01
  Acceleration (absolute) (315 nodes): peak = 3.760E-01 m/s²
    x: 1.000E-30 ~ 3.596E-01  y: -4.479E-02 ~ 1.098E-01
  Nodal force / reaction (315 nodes):
    x: -4.196E-26 ~ 6.450E+04  y: -1.792E+05 ~ 2.109E+05  N
    Σx=6.883E+05  Σy=1.009E+05  N
  Stress (315 gauss points, 4 components):
    Sxx: -2.530E+04 ~ 3.930E+04 Pa
    Syy: -8.688E+04 ~ 4.799E+04 Pa
Block 60: 315 nodes (315 active)
  Ux: -0.176 ~ 0.000 mm
  Uy: -0.061 ~ 0.018 mm
  Velocity (315 nodes): peak = 1.514E-02 m/s
    x: 0.000E+00 ~ 1.446E-02  y: -1.795E-03 ~ 4.517E-03
  Acceleration (relative) (315 nodes): peak = 8.519E-02 m/s²
    x: 0.000E+00 ~ 7.900E-02  y: -5.909E-03 ~ 3.187E-02
  Acceleration (absolute) (315 nodes): peak = 8.519E-02 m/s²
    x: 1.000E-30 ~ 7.900E-02  y: -5.909E-03 ~ 3.187E-02
  Nodal force / reaction (315 nodes):
    x: -4.196E-26 ~ 1.161E+04  y: -3.264E+04 ~ 4.455E+04  N
    Σx=1.204E+05  Σy=3.825E+04  N
  Stress (315 gauss points, 4 components):
    Sxx: -7.554E+03 ~ 1.217E+04 Pa
    Syy: -3.378E+04 ~ 1.655E+04 Pa
Block 61: 315 nodes (315 active)
  Ux: 0.000 ~ 0.362 mm
  Uy: -0.047 ~ 0.112 mm
  Velocity (315 nodes): peak = 1.134E-02 m/s
    x: 0.000E+00 ~ 1.076E-02  y: -1.200E-03 ~ 3.589E-03
  Acceleration (relative) (315 nodes): peak = 2.609E-01 m/s²
    x: -2.495E-01 ~ 0.000E+00  y: -7.635E-02 ~ 3.239E-02
  Acceleration (absolute) (315 nodes): peak = 2.609E-01 m/s²
    x: -2.495E-01 ~ 1.000E-30  y: -7.635E-02 ~ 3.239E-02
  Nodal force / reaction (315 nodes):
    x: -4.647E+04 ~ 0.000E+00  y: -1.503E+05 ~ 1.275E+05  N
    Σx=-4.951E+05  Σy=-7.850E+04  N
  Stress (315 gauss points, 4 components):
    Sxx: -2.290E+04 ~ 1.586E+04 Pa
    Syy: -2.624E+04 ~ 4.486E+04 Pa
Block 62: 315 nodes (315 active)
  Ux: 0.000 ~ 0.548 mm
  Uy: -0.065 ~ 0.177 mm
  Velocity (315 nodes): peak = 1.949E-03 m/s
    x: -1.879E-03 ~ 0.000E+00  y: -5.212E-04 ~ 3.384E-04
  Acceleration (relative) (315 nodes): peak = 3.602E-01 m/s²
    x: -3.415E-01 ~ 0.000E+00  y: -1.145E-01 ~ 3.865E-02
  Acceleration (absolute) (315 nodes): peak = 3.602E-01 m/s²
    x: -3.415E-01 ~ 1.000E-30  y: -1.145E-01 ~ 3.865E-02
  Nodal force / reaction (315 nodes):
    x: -5.995E+04 ~ 0.000E+00  y: -2.004E+05 ~ 1.653E+05  N
    Σx=-6.345E+05  Σy=-1.251E+05  N
  Stress (315 gauss points, 4 components):
    Sxx: -3.542E+04 ~ 2.322E+04 Pa
    Syy: -4.301E+04 ~ 7.977E+04 Pa
Block 63: 315 nodes (315 active)
  Ux: 0.000 ~ 0.251 mm
  Uy: -0.028 ~ 0.082 mm
  Velocity (315 nodes): peak = 1.253E-02 m/s
    x: -1.192E-02 ~ 0.000E+00  y: -3.860E-03 ~ 1.442E-03
  Acceleration (relative) (315 nodes): peak = 1.373E-01 m/s²
    x: -1.307E-01 ~ 0.000E+00  y: -4.180E-02 ~ 1.531E-02
  Acceleration (absolute) (315 nodes): peak = 1.373E-01 m/s²
    x: -1.307E-01 ~ 1.000E-30  y: -4.180E-02 ~ 1.531E-02
  Nodal force / reaction (315 nodes):
    x: -2.182E+04 ~ 0.000E+00  y: -7.344E+04 ~ 6.171E+04  N
    Σx=-2.326E+05  Σy=-3.529E+04  N
  Stress (315 gauss points, 4 components):
    Sxx: -1.708E+04 ~ 1.052E+04 Pa
    Syy: -2.210E+04 ~ 4.248E+04 Pa
Block 64: 315 nodes (315 active)
  Ux: -0.236 ~ 0.000 mm
  Uy: -0.074 ~ 0.031 mm
  Velocity (315 nodes): peak = 1.145E-02 m/s
    x: -1.091E-02 ~ 0.000E+00  y: -3.473E-03 ~ 1.301E-03
  Acceleration (relative) (315 nodes): peak = 1.828E-01 m/s²
    x: 0.000E+00 ~ 1.736E-01  y: -2.160E-02 ~ 5.716E-02
  Acceleration (absolute) (315 nodes): peak = 1.828E-01 m/s²
    x: 1.000E-30 ~ 1.736E-01  y: -2.160E-02 ~ 5.716E-02
  Nodal force / reaction (315 nodes):
    x: -4.196E-26 ~ 3.189E+04  y: -8.706E+04 ~ 1.045E+05  N
    Σx=3.379E+05  Σy=6.550E+04  N
  Stress (315 gauss points, 4 components):
    Sxx: -1.038E+04 ~ 1.437E+04 Pa
    Syy: -2.776E+04 ~ 1.598E+04 Pa
Block 65: 315 nodes (315 active)
  Ux: -0.481 ~ 0.000 mm
  Uy: -0.152 ~ 0.059 mm
  Velocity (315 nodes): peak = 7.738E-04 m/s
    x: -7.280E-04 ~ 1.211E-04  y: -2.625E-04 ~ 1.152E-04
  Acceleration (relative) (315 nodes): peak = 3.163E-01 m/s²
    x: 0.000E+00 ~ 3.022E-01  y: -3.783E-02 ~ 9.314E-02
  Acceleration (absolute) (315 nodes): peak = 3.163E-01 m/s²
    x: 1.000E-30 ~ 3.022E-01  y: -3.783E-02 ~ 9.314E-02
  Nodal force / reaction (315 nodes):
    x: -4.196E-26 ~ 5.451E+04  y: -1.511E+05 ~ 1.780E+05  N
    Σx=5.813E+05  Σy=8.838E+04  N
  Stress (315 gauss points, 4 components):
    Sxx: -2.056E+04 ~ 3.128E+04 Pa
    Syy: -6.763E+04 ~ 3.760E+04 Pa
Block 66: 315 nodes (315 active)
  Ux: -0.298 ~ 0.000 mm
  Uy: -0.097 ~ 0.034 mm
  Velocity (315 nodes): peak = 9.638E-03 m/s
    x: 0.000E+00 ~ 9.211E-03  y: -1.184E-03 ~ 2.839E-03
  Acceleration (relative) (315 nodes): peak = 1.742E-01 m/s²
    x: 0.000E+00 ~ 1.657E-01  y: -1.875E-02 ~ 5.387E-02
  Acceleration (absolute) (315 nodes): peak = 1.742E-01 m/s²
    x: 1.000E-30 ~ 1.657E-01  y: -1.875E-02 ~ 5.387E-02
  Nodal force / reaction (315 nodes):
    x: -4.196E-26 ~ 2.852E+04  y: -7.950E+04 ~ 9.569E+04  N
    Σx=3.029E+05  Σy=5.294E+04  N
  Stress (315 gauss points, 4 components):
    Sxx: -1.238E+04 ~ 1.999E+04 Pa
    Syy: -4.753E+04 ~ 2.527E+04 Pa
Block 67: 315 nodes (315 active)
  Ux: 0.000 ~ 0.124 mm
  Uy: -0.019 ~ 0.036 mm
  Velocity (315 nodes): peak = 1.109E-02 m/s
    x: 0.000E+00 ~ 1.056E-02  y: -1.239E-03 ~ 3.405E-03
  Acceleration (relative) (315 nodes): peak = 1.037E-01 m/s²
    x: -1.000E-01 ~ 0.000E+00  y: -2.743E-02 ~ 1.503E-02
  Acceleration (absolute) (315 nodes): peak = 1.037E-01 m/s²
    x: -1.000E-01 ~ 1.000E-30  y: -2.743E-02 ~ 1.503E-02
  Nodal force / reaction (315 nodes):
    x: -1.978E+04 ~ 0.000E+00  y: -6.174E+04 ~ 5.409E+04  N
    Σx=-2.122E+05  Σy=-2.532E+04  N
  Stress (315 gauss points, 4 components):
    Sxx: -7.497E+03 ~ 5.714E+03 Pa
    Syy: -7.675E+03 ~ 1.113E+04 Pa
Block 68: 315 nodes (315 active)
  Ux: 0.000 ~ 0.407 mm
  Uy: -0.050 ~ 0.130 mm
  Velocity (315 nodes): peak = 2.973E-03 m/s
    x: 0.000E+00 ~ 2.800E-03  y: -2.781E-04 ~ 9.990E-04
  Acceleration (relative) (315 nodes): peak = 2.754E-01 m/s²
    x: -2.619E-01 ~ 0.000E+00  y: -8.506E-02 ~ 3.118E-02
  Acceleration (absolute) (315 nodes): peak = 2.754E-01 m/s²
    x: -2.619E-01 ~ 1.000E-30  y: -8.506E-02 ~ 3.118E-02
  Nodal force / reaction (315 nodes):
    x: -4.697E+04 ~ 0.000E+00  y: -1.551E+05 ~ 1.293E+05  N
    Σx=-4.984E+05  Σy=-9.091E+04  N
  Stress (315 gauss points, 4 components):
    Sxx: -2.616E+04 ~ 1.744E+04 Pa
    Syy: -3.122E+04 ~ 5.648E+04 Pa
Block 69: 315 nodes (315 active)
  Ux: 0.000 ~ 0.320 mm
  Uy: -0.037 ~ 0.104 mm
  Velocity (315 nodes): peak = 7.097E-03 m/s
    x: -6.761E-03 ~ 0.000E+00  y: -2.158E-03 ~ 8.502E-04
  Acceleration (relative) (315 nodes): peak = 1.966E-01 m/s²
    x: -1.865E-01 ~ 0.000E+00  y: -6.208E-02 ~ 2.096E-02
  Acceleration (absolute) (315 nodes): peak = 1.966E-01 m/s²
    x: -1.865E-01 ~ 1.000E-30  y: -6.208E-02 ~ 2.096E-02
  Nodal force / reaction (315 nodes):
    x: -3.208E+04 ~ 0.000E+00  y: -1.078E+05 ~ 8.920E+04  N
    Σx=-3.401E+05  Σy=-6.344E+04  N
  Stress (315 gauss points, 4 components):
    Sxx: -2.110E+04 ~ 1.336E+04 Pa
    Syy: -2.632E+04 ~ 4.971E+04 Pa
Block 70: 315 nodes (315 active)
  Ux: -0.033 ~ 0.000 mm
  Uy: -0.011 ~ 0.007 mm
  Velocity (315 nodes): peak = 1.025E-02 m/s
    x: -9.759E-03 ~ 0.000E+00  y: -3.139E-03 ~ 1.162E-03
  Acceleration (relative) (315 nodes): peak = 4.583E-02 m/s²
    x: 0.000E+00 ~ 4.335E-02  y: -6.329E-03 ~ 1.487E-02
  Acceleration (absolute) (315 nodes): peak = 4.583E-02 m/s²
    x: 1.000E-30 ~ 4.335E-02  y: -6.329E-03 ~ 1.487E-02
  Nodal force / reaction (315 nodes):
    x: -4.196E-26 ~ 8.717E+03  y: -2.302E+04 ~ 2.797E+04  N
    Σx=9.174E+04  Σy=2.184E+04  N
  Stress (315 gauss points, 4 components):
    Sxx: -1.736E+03 ~ 2.177E+03 Pa
    Syy: -2.813E+03 ~ 2.084E+03 Pa
Block 71: 315 nodes (315 active)
  Ux: -0.329 ~ 0.000 mm
  Uy: -0.104 ~ 0.041 mm
  Velocity (315 nodes): peak = 4.392E-03 m/s
    x: -4.182E-03 ~ 0.000E+00  y: -1.341E-03 ~ 4.798E-04
  Acceleration (relative) (315 nodes): peak = 2.262E-01 m/s²
    x: 0.000E+00 ~ 2.157E-01  y: -2.682E-02 ~ 6.812E-02
  Acceleration (absolute) (315 nodes): peak = 2.262E-01 m/s²
    x: 1.000E-30 ~ 2.157E-01  y: -2.682E-02 ~ 6.812E-02
  Nodal force / reaction (315 nodes):
    x: -4.196E-26 ~ 3.904E+04  y: -1.077E+05 ~ 1.278E+05  N
    Σx=4.154E+05  Σy=6.918E+04  N
  Stress (315 gauss points, 4 components):
    Sxx: -1.416E+04 ~ 2.103E+04 Pa
    Syy: -4.442E+04 ~ 2.483E+04 Pa
Block 72: 315 nodes (315 active)
  Ux: -0.321 ~ 0.000 mm
  Uy: -0.103 ~ 0.038 mm
  Velocity (315 nodes): peak = 4.673E-03 m/s
    x: 0.000E+00 ~ 4.468E-03  y: -5.997E-04 ~ 1.368E-03
  Acceleration (relative) (315 nodes): peak = 1.994E-01 m/s²
    x: 0.000E+00 ~ 1.903E-01  y: -2.294E-02 ~ 5.971E-02
  Acceleration (absolute) (315 nodes): peak = 1.994E-01 m/s²
    x: 1.000E-30 ~ 1.903E-01  y: -2.294E-02 ~ 5.971E-02
  Nodal force / reaction (315 nodes):
    x: -4.196E-26 ~ 3.367E+04  y: -9.360E+04 ~ 1.111E+05  N
    Σx=3.586E+05  Σy=5.683E+04  N
  Stress (315 gauss points, 4 components):
    Sxx: -1.353E+04 ~ 2.118E+04 Pa
    Syy: -4.792E+04 ~ 2.609E+04 Pa
Block 73: 315 nodes (315 active)
  Ux: -0.041 ~ 0.001 mm
  Uy: -0.015 ~ 0.004 mm
  Velocity (315 nodes): peak = 9.043E-03 m/s
    x: 0.000E+00 ~ 8.622E-03  y: -1.051E-03 ~ 2.728E-03
  Acceleration (relative) (315 nodes): peak = 8.029E-03 m/s²
    x: -4.232E-03 ~ 6.531E-03  y: -1.447E-03 ~ 4.670E-03
  Acceleration (absolute) (315 nodes): peak = 8.029E-03 m/s²
    x: -4.232E-03 ~ 6.531E-03  y: -1.447E-03 ~ 4.670E-03
  Nodal force / reaction (315 nodes):
    x: -3.280E+02 ~ 0.000E+00  y: -1.124E+03 ~ 2.947E+03  N
    Σx=-2.812E+03  Σy=5.426E+03  N
  Stress (315 gauss points, 4 components):
    Sxx: -2.048E+03 ~ 3.145E+03 Pa
    Syy: -1.087E+04 ~ 4.926E+03 Pa
Block 74: 315 nodes (315 active)
  Ux: 0.000 ~ 0.252 mm
  Uy: -0.032 ~ 0.079 mm
  Velocity (315 nodes): peak = 5.396E-03 m/s
    x: 0.000E+00 ~ 5.121E-03  y: -5.697E-04 ~ 1.702E-03
  Acceleration (relative) (315 nodes): peak = 1.770E-01 m/s²
    x: -1.690E-01 ~ 0.000E+00  y: -5.275E-02 ~ 2.134E-02
  Acceleration (absolute) (315 nodes): peak = 1.770E-01 m/s²
    x: -1.690E-01 ~ 1.000E-30  y: -5.275E-02 ~ 2.134E-02
  Nodal force / reaction (315 nodes):
    x: -3.100E+04 ~ 0.000E+00  y: -1.010E+05 ~ 8.526E+04  N
    Σx=-3.299E+05  Σy=-5.440E+04  N
  Stress (315 gauss points, 4 components):
    Sxx: -1.604E+04 ~ 1.093E+04 Pa
    Syy: -1.869E+04 ~ 3.277E+04 Pa
Block 75: 315 nodes (315 active)
  Ux: 0.000 ~ 0.306 mm
  Uy: -0.036 ~ 0.099 mm
  Velocity (315 nodes): peak = 2.594E-03 m/s
    x: -2.483E-03 ~ 0.000E+00  y: -7.505E-04 ~ 3.538E-04
  Acceleration (relative) (315 nodes): peak = 1.970E-01 m/s²
    x: -1.871E-01 ~ 0.000E+00  y: -6.170E-02 ~ 2.143E-02
  Acceleration (absolute) (315 nodes): peak = 1.970E-01 m/s²
    x: -1.871E-01 ~ 1.000E-30  y: -6.170E-02 ~ 2.143E-02
  Nodal force / reaction (315 nodes):
    x: -3.283E+04 ~ 0.000E+00  y: -1.095E+05 ~ 9.082E+04  N
    Σx=-3.481E+05  Σy=-6.485E+04  N
  Stress (315 gauss points, 4 components):
    Sxx: -1.995E+04 ~ 1.294E+04 Pa
    Syy: -2.439E+04 ~ 4.521E+04 Pa
Block 76: 315 nodes (315 active)
  Ux: 0.000 ~ 0.095 mm
  Uy: -0.010 ~ 0.032 mm
  Velocity (315 nodes): peak = 7.734E-03 m/s
    x: -7.363E-03 ~ 0.000E+00  y: -2.367E-03 ~ 8.908E-04
  Acceleration (relative) (315 nodes): peak = 4.534E-02 m/s²
    x: -4.304E-02 ~ 0.000E+00  y: -1.428E-02 ~ 4.877E-03
  Acceleration (absolute) (315 nodes): peak = 4.534E-02 m/s²
    x: -4.304E-02 ~ 1.000E-30  y: -1.428E-02 ~ 4.877E-03
  Nodal force / reaction (315 nodes):
    x: -6.721E+03 ~ 0.000E+00  y: -2.339E+04 ~ 1.931E+04  N
    Σx=-7.152E+04  Σy=-1.143E+04  N
  Stress (315 gauss points, 4 components):
    Sxx: -6.644E+03 ~ 4.084E+03 Pa
    Syy: -8.942E+03 ~ 1.771E+04 Pa
Block 77: 315 nodes (315 active)
  Ux: -0.180 ~ 0.000 mm
  Uy: -0.057 ~ 0.023 mm
  Velocity (315 nodes): peak = 5.832E-03 m/s
    x: -5.552E-03 ~ 0.000E+00  y: -1.786E-03 ~ 6.500E-04
  Acceleration (relative) (315 nodes): peak = 1.321E-01 m/s²
    x: 0.000E+00 ~ 1.258E-01  y: -1.572E-02 ~ 4.040E-02
  Acceleration (absolute) (315 nodes): peak = 1.321E-01 m/s²
    x: 1.000E-30 ~ 1.258E-01  y: -1.572E-02 ~ 4.040E-02
  Nodal force / reaction (315 nodes):
    x: -4.196E-26 ~ 2.303E+04  y: -6.316E+04 ~ 7.531E+04  N
    Σx=2.446E+05  Σy=4.387E+04  N
  Stress (315 gauss points, 4 components):
    Sxx: -7.859E+03 ~ 1.125E+04 Pa
    Syy: -2.259E+04 ~ 1.288E+04 Pa
Block 78: 315 nodes (315 active)
  Ux: -0.279 ~ 0.000 mm
  Uy: -0.089 ~ 0.034 mm
  Velocity (315 nodes): peak = 8.648E-04 m/s
    x: 0.000E+00 ~ 8.314E-04  y: -1.553E-04 ~ 2.382E-04
  Acceleration (relative) (315 nodes): peak = 1.812E-01 m/s²
    x: 0.000E+00 ~ 1.729E-01  y: -2.104E-02 ~ 5.437E-02
  Acceleration (absolute) (315 nodes): peak = 1.812E-01 m/s²
    x: 1.000E-30 ~ 1.729E-01  y: -2.104E-02 ~ 5.437E-02
  Nodal force / reaction (315 nodes):
    x: -4.196E-26 ~ 3.088E+04  y: -8.558E+04 ~ 1.015E+05  N
    Σx=3.288E+05  Σy=5.315E+04  N
  Stress (315 gauss points, 4 components):
    Sxx: -1.187E+04 ~ 1.819E+04 Pa
    Syy: -4.008E+04 ~ 2.204E+04 Pa
Block 79: 315 nodes (315 active)
  Ux: -0.133 ~ 0.000 mm
  Uy: -0.044 ~ 0.015 mm
  Velocity (315 nodes): peak = 6.265E-03 m/s
    x: 0.000E+00 ~ 5.978E-03  y: -7.487E-04 ~ 1.874E-03
  Acceleration (relative) (315 nodes): peak = 7.338E-02 m/s²
    x: 0.000E+00 ~ 6.968E-02  y: -7.643E-03 ~ 2.300E-02
  Acceleration (absolute) (315 nodes): peak = 7.338E-02 m/s²
    x: 1.000E-30 ~ 6.968E-02  y: -7.643E-03 ~ 2.300E-02
  Nodal force / reaction (315 nodes):
    x: -4.196E-26 ~ 1.169E+04  y: -3.278E+04 ~ 3.966E+04  N
    Σx=1.241E+05  Σy=2.205E+04  N
  Stress (315 gauss points, 4 components):
    Sxx: -5.553E+03 ~ 9.015E+03 Pa
    Syy: -2.227E+04 ~ 1.163E+04 Pa
Block 80: 315 nodes (315 active)
  Ux: 0.000 ~ 0.115 mm
  Uy: -0.016 ~ 0.035 mm
  Velocity (315 nodes): peak = 5.920E-03 m/s
    x: 0.000E+00 ~ 5.633E-03  y: -6.574E-04 ~ 1.821E-03
  Acceleration (relative) (315 nodes): peak = 8.794E-02 m/s²
    x: -8.424E-02 ~ 0.000E+00  y: -2.523E-02 ~ 1.145E-02
  Acceleration (absolute) (315 nodes): peak = 8.794E-02 m/s²
    x: -8.424E-02 ~ 1.000E-30  y: -2.523E-02 ~ 1.145E-02
  Nodal force / reaction (315 nodes):
    x: -1.595E+04 ~ 0.000E+00  y: -5.106E+04 ~ 4.371E+04  N
    Σx=-1.702E+05  Σy=-2.550E+04  N
  Stress (315 gauss points, 4 components):
    Sxx: -7.123E+03 ~ 5.115E+03 Pa
    Syy: -7.870E+03 ~ 1.298E+04 Pa
Block 81: 315 nodes (315 active)
  Ux: 0.000 ~ 0.245 mm
  Uy: -0.030 ~ 0.078 mm
  Velocity (315 nodes): peak = 5.594E-04 m/s
    x: -5.469E-05 ~ 5.171E-04  y: -5.475E-05 ~ 2.134E-04
  Acceleration (relative) (315 nodes): peak = 1.627E-01 m/s²
    x: -1.548E-01 ~ 0.000E+00  y: -4.995E-02 ~ 1.845E-02
  Acceleration (absolute) (315 nodes): peak = 1.627E-01 m/s²
    x: -1.548E-01 ~ 1.000E-30  y: -4.995E-02 ~ 1.845E-02
  Nodal force / reaction (315 nodes):
    x: -2.766E+04 ~ 0.000E+00  y: -9.134E+04 ~ 7.633E+04  N
    Σx=-2.937E+05  Σy=-5.206E+04  N
  Stress (315 gauss points, 4 components):
    Sxx: -1.583E+04 ~ 1.045E+04 Pa
    Syy: -1.903E+04 ~ 3.459E+04 Pa
Block 82: 315 nodes (315 active)
  Ux: 0.000 ~ 0.156 mm
  Uy: -0.018 ~ 0.051 mm
  Velocity (315 nodes): peak = 4.868E-03 m/s
    x: -4.639E-03 ~ 0.000E+00  y: -1.474E-03 ~ 5.789E-04
  Acceleration (relative) (315 nodes): peak = 9.217E-02 m/s²
    x: -8.747E-02 ~ 0.000E+00  y: -2.906E-02 ~ 9.756E-03
  Acceleration (absolute) (315 nodes): peak = 9.217E-02 m/s²
    x: -8.747E-02 ~ 1.000E-30  y: -2.906E-02 ~ 9.756E-03
  Nodal force / reaction (315 nodes):
    x: -1.490E+04 ~ 0.000E+00  y: -5.023E+04 ~ 4.156E+04  N
    Σx=-1.580E+05  Σy=-2.901E+04  N
  Stress (315 gauss points, 4 components):
    Sxx: -1.036E+04 ~ 6.451E+03 Pa
    Syy: -1.309E+04 ~ 2.489E+04 Pa
Block 83: 315 nodes (315 active)
  Ux: -0.059 ~ 0.000 mm
  Uy: -0.018 ~ 0.009 mm
  Velocity (315 nodes): peak = 5.692E-03 m/s
    x: -5.418E-03 ~ 0.000E+00  y: -1.745E-03 ~ 6.393E-04
  Acceleration (relative) (315 nodes): peak = 5.189E-02 m/s²
    x: 0.000E+00 ~ 4.943E-02  y: -6.639E-03 ~ 1.577E-02
  Acceleration (absolute) (315 nodes): peak = 5.189E-02 m/s²
    x: 1.000E-30 ~ 4.943E-02  y: -6.639E-03 ~ 1.577E-02
  Nodal force / reaction (315 nodes):
    x: -4.196E-26 ~ 9.455E+03  y: -2.561E+04 ~ 3.046E+04  N
    Σx=1.003E+05  Σy=1.867E+04  N
  Stress (315 gauss points, 4 components):
    Sxx: -2.709E+03 ~ 3.446E+03 Pa
    Syy: -5.394E+03 ~ 3.478E+03 Pa
Block 84: 315 nodes (315 active)
  Ux: -0.206 ~ 0.000 mm
  Uy: -0.065 ~ 0.025 mm
  Velocity (315 nodes): peak = 1.593E-03 m/s
    x: -1.512E-03 ~ 0.000E+00  y: -4.998E-04 ~ 1.675E-04
  Acceleration (relative) (315 nodes): peak = 1.391E-01 m/s²
    x: 0.000E+00 ~ 1.326E-01  y: -1.624E-02 ~ 4.210E-02
  Acceleration (absolute) (315 nodes): peak = 1.391E-01 m/s²
    x: 1.000E-30 ~ 1.326E-01  y: -1.624E-02 ~ 4.210E-02
  Nodal force / reaction (315 nodes):
    x: -4.196E-26 ~ 2.386E+04  y: -6.588E+04 ~ 7.834E+04  N
    Σx=2.538E+05  Σy=4.285E+04  N
  Stress (315 gauss points, 4 components):
    Sxx: -8.828E+03 ~ 1.325E+04 Pa
    Syy: -2.845E+04 ~ 1.579E+04 Pa
Block 85: 315 nodes (315 active)
  Ux: -0.166 ~ 0.000 mm
  Uy: -0.053 ~ 0.019 mm
  Velocity (315 nodes): peak = 3.513E-03 m/s
    x: 0.000E+00 ~ 3.354E-03  y: -4.337E-04 ~ 1.045E-03
  Acceleration (relative) (315 nodes): peak = 1.008E-01 m/s²
    x: 0.000E+00 ~ 9.602E-02  y: -1.130E-02 ~ 3.065E-02
  Acceleration (absolute) (315 nodes): peak = 1.008E-01 m/s²
    x: 1.000E-30 ~ 9.602E-02  y: -1.130E-02 ~ 3.065E-02
  Nodal force / reaction (315 nodes):
    x: -4.196E-26 ~ 1.678E+04  y: -4.671E+04 ~ 5.574E+04  N
    Σx=1.785E+05  Σy=2.951E+04  N
  Stress (315 gauss points, 4 components):
    Sxx: -6.935E+03 ~ 1.098E+04 Pa
    Syy: -2.539E+04 ~ 1.366E+04 Pa
Block 86: 315 nodes (315 active)
  Ux: 0.000 ~ 0.013 mm
  Uy: -0.003 ~ 0.005 mm
  Velocity (315 nodes): peak = 5.219E-03 m/s
    x: 0.000E+00 ~ 4.973E-03  y: -5.974E-04 ~ 1.585E-03
  Acceleration (relative) (315 nodes): peak = 1.949E-02 m/s²
    x: -1.885E-02 ~ 0.000E+00  y: -4.922E-03 ~ 3.450E-03
  Acceleration (absolute) (315 nodes): peak = 1.949E-02 m/s²
    x: -1.885E-02 ~ 1.000E-30  y: -4.922E-03 ~ 3.450E-03
  Nodal force / reaction (315 nodes):
    x: -4.088E+03 ~ 0.000E+00  y: -1.231E+04 ~ 1.094E+04  N
    Σx=-4.384E+04  Σy=-5.390E+03  N
  Stress (315 gauss points, 4 components):
    Sxx: -9.547E+02 ~ 7.856E+02 Pa
    Syy: -1.118E+03 ~ 1.159E+03 Pa
Block 87: 315 nodes (315 active)
  Ux: 0.000 ~ 0.166 mm
  Uy: -0.021 ~ 0.052 mm
  Velocity (315 nodes): peak = 2.353E-03 m/s
    x: 0.000E+00 ~ 2.232E-03  y: -2.437E-04 ~ 7.456E-04
  Acceleration (relative) (315 nodes): peak = 1.140E-01 m/s²
    x: -1.087E-01 ~ 0.000E+00  y: -3.428E-02 ~ 1.349E-02
  Acceleration (absolute) (315 nodes): peak = 1.140E-01 m/s²
    x: -1.087E-01 ~ 1.000E-30  y: -3.428E-02 ~ 1.349E-02
  Nodal force / reaction (315 nodes):
    x: -1.975E+04 ~ 0.000E+00  y: -6.461E+04 ~ 5.440E+04  N
    Σx=-2.100E+05  Σy=-3.528E+04  N
  Stress (315 gauss points, 4 components):
    Sxx: -1.060E+04 ~ 7.141E+03 Pa
    Syy: -1.250E+04 ~ 2.224E+04 Pa
Block 88: 315 nodes (315 active)
  Ux: 0.000 ~ 0.165 mm
  Uy: -0.019 ~ 0.053 mm
  Velocity (315 nodes): peak = 2.298E-03 m/s
    x: -2.196E-03 ~ 0.000E+00  y: -6.790E-04 ~ 2.921E-04
  Acceleration (relative) (315 nodes): peak = 1.041E-01 m/s²
    x: -9.890E-02 ~ 0.000E+00  y: -3.239E-02 ~ 1.137E-02
  Acceleration (absolute) (315 nodes): peak = 1.041E-01 m/s²
    x: -9.890E-02 ~ 1.000E-30  y: -3.239E-02 ~ 1.137E-02
  Nodal force / reaction (315 nodes):
    x: -1.729E+04 ~ 0.000E+00  y: -5.765E+04 ~ 4.794E+04  N
    Σx=-1.835E+05  Σy=-3.322E+04  N
  Stress (315 gauss points, 4 components):
    Sxx: -1.084E+04 ~ 6.954E+03 Pa
    Syy: -1.335E+04 ~ 2.484E+04 Pa
Block 89: 315 nodes (315 active)
  Ux: 0.000 ~ 0.024 mm
  Uy: -0.003 ~ 0.009 mm
  Velocity (315 nodes): peak = 4.618E-03 m/s
    x: -4.397E-03 ~ 0.000E+00  y: -1.410E-03 ~ 5.292E-04
  Acceleration (relative) (315 nodes): peak = 5.668E-03 m/s²
    x: -5.251E-03 ~ 1.416E-03  y: -2.135E-03 ~ 9.726E-04
  Acceleration (absolute) (315 nodes): peak = 5.668E-03 m/s²
    x: -5.251E-03 ~ 1.416E-03  y: -2.135E-03 ~ 9.726E-04
  Nodal force / reaction (315 nodes):
    x: -3.545E+02 ~ 0.000E+00  y: -2.337E+03 ~ 1.932E+03  N
    Σx=-3.714E+03  Σy=-6.993E+02  N
  Stress (315 gauss points, 4 components):
    Sxx: -1.851E+03 ~ 1.165E+03 Pa
    Syy: -2.788E+03 ~ 5.939E+03 Pa
Block 90: 315 nodes (315 active)
  Ux: -0.126 ~ 0.000 mm
  Uy: -0.040 ~ 0.016 mm
  Velocity (315 nodes): peak = 2.804E-03 m/s
    x: -2.667E-03 ~ 0.000E+00  y: -8.660E-04 ~ 3.064E-04
  Acceleration (relative) (315 nodes): peak = 8.945E-02 m/s²
    x: 0.000E+00 ~ 8.523E-02  y: -1.059E-02 ~ 2.717E-02
  Acceleration (absolute) (315 nodes): peak = 8.945E-02 m/s²
    x: 1.000E-30 ~ 8.523E-02  y: -1.059E-02 ~ 2.717E-02
  Nodal force / reaction (315 nodes):
    x: -4.196E-26 ~ 1.552E+04  y: -4.268E+04 ~ 5.080E+04  N
    Σx=1.650E+05  Σy=2.871E+04  N
  Stress (315 gauss points, 4 components):
    Sxx: -5.469E+03 ~ 7.988E+03 Pa
    Syy: -1.647E+04 ~ 9.301E+03 Pa
Block 91: 315 nodes (315 active)
  Ux: -0.157 ~ 0.000 mm
  Uy: -0.050 ~ 0.019 mm
  Velocity (315 nodes): peak = 1.245E-03 m/s
    x: 0.000E+00 ~ 1.191E-03  y: -1.712E-04 ~ 3.626E-04
  Acceleration (relative) (315 nodes): peak = 1.002E-01 m/s²
    x: 0.000E+00 ~ 9.550E-02  y: -1.141E-02 ~ 3.040E-02
  Acceleration (absolute) (315 nodes): peak = 1.002E-01 m/s²
    x: 1.000E-30 ~ 9.550E-02  y: -1.141E-02 ~ 3.040E-02
  Nodal force / reaction (315 nodes):
    x: -4.196E-26 ~ 1.693E+04  y: -4.694E+04 ~ 5.591E+04  N
    Σx=1.801E+05  Σy=3.005E+04  N
  Stress (315 gauss points, 4 components):
    Sxx: -6.636E+03 ~ 1.025E+04 Pa
    Syy: -2.295E+04 ~ 1.251E+04 Pa
Block 92: 315 nodes (315 active)
  Ux: -0.051 ~ 0.000 mm
  Uy: -0.017 ~ 0.006 mm
  Velocity (315 nodes): peak = 3.901E-03 m/s
    x: 0.000E+00 ~ 3.719E-03  y: -4.578E-04 ~ 1.177E-03
  Acceleration (relative) (315 nodes): peak = 2.518E-02 m/s²
    x: 0.000E+00 ~ 2.384E-02  y: -2.523E-03 ~ 8.108E-03
  Acceleration (absolute) (315 nodes): peak = 2.518E-02 m/s²
    x: 1.000E-30 ~ 2.384E-02  y: -2.523E-03 ~ 8.108E-03
  Nodal force / reaction (315 nodes):
    x: -4.196E-26 ~ 3.770E+03  y: -1.072E+04 ~ 1.318E+04  N
    Σx=3.995E+04  Σy=7.372E+03  N
  Stress (315 gauss points, 4 components):
    Sxx: -2.201E+03 ~ 3.579E+03 Pa
    Syy: -9.428E+03 ~ 4.787E+03 Pa
Block 93: 315 nodes (315 active)
  Ux: 0.000 ~ 0.089 mm
  Uy: -0.012 ~ 0.028 mm
  Velocity (315 nodes): peak = 3.028E-03 m/s
    x: 0.000E+00 ~ 2.880E-03  y: -3.331E-04 ~ 9.345E-04
  Acceleration (relative) (315 nodes): peak = 6.516E-02 m/s²
    x: -6.226E-02 ~ 0.000E+00  y: -1.924E-02 ~ 8.081E-03
  Acceleration (absolute) (315 nodes): peak = 6.516E-02 m/s²
    x: -6.226E-02 ~ 1.000E-30  y: -1.924E-02 ~ 8.081E-03
  Nodal force / reaction (315 nodes):
    x: -1.155E+04 ~ 0.000E+00  y: -3.739E+04 ~ 3.171E+04  N
    Σx=-1.230E+05  Σy=-1.981E+04  N
  Stress (315 gauss points, 4 components):
    Sxx: -5.608E+03 ~ 3.910E+03 Pa
    Syy: -6.397E+03 ~ 1.100E+04 Pa
Block 94: 315 nodes (315 active)
  Ux: 0.000 ~ 0.143 mm
  Uy: -0.017 ~ 0.046 mm
  Velocity (315 nodes): peak = 3.560E-04 m/s
    x: -3.454E-04 ~ 0.000E+00  y: -1.003E-04 ~ 7.335E-05
  Acceleration (relative) (315 nodes): peak = 9.310E-02 m/s²
    x: -8.862E-02 ~ 0.000E+00  y: -2.854E-02 ~ 1.051E-02
  Acceleration (absolute) (315 nodes): peak = 9.310E-02 m/s²
    x: -8.862E-02 ~ 1.000E-30  y: -2.854E-02 ~ 1.051E-02
  Nodal force / reaction (315 nodes):
    x: -1.576E+04 ~ 0.000E+00  y: -5.210E+04 ~ 4.357E+04  N
    Σx=-1.674E+05  Σy=-2.929E+04  N
  Stress (315 gauss points, 4 components):
    Sxx: -9.256E+03 ~ 6.057E+03 Pa
    Syy: -1.121E+04 ~ 2.049E+04 Pa
Block 95: 315 nodes (315 active)
  Ux: 0.000 ~ 0.070 mm
  Uy: -0.008 ~ 0.023 mm
  Velocity (315 nodes): peak = 3.168E-03 m/s
    x: -3.020E-03 ~ 0.000E+00  y: -9.597E-04 ~ 3.731E-04
  Acceleration (relative) (315 nodes): peak = 3.928E-02 m/s²
    x: -3.725E-02 ~ 0.000E+00  y: -1.247E-02 ~ 4.056E-03
  Acceleration (absolute) (315 nodes): peak = 3.928E-02 m/s²
    x: -3.725E-02 ~ 1.000E-30  y: -1.247E-02 ~ 4.056E-03
  Nodal force / reaction (315 nodes):
    x: -6.216E+03 ~ 0.000E+00  y: -2.114E+04 ~ 1.743E+04  N
    Σx=-6.592E+04  Σy=-1.211E+04  N
  Stress (315 gauss points, 4 components):
    Sxx: -4.731E+03 ~ 2.921E+03 Pa
    Syy: -6.090E+03 ~ 1.173E+04 Pa
Block 96: 315 nodes (315 active)
  Ux: -0.056 ~ 0.000 mm
  Uy: -0.017 ~ 0.008 mm
  Velocity (315 nodes): peak = 3.050E-03 m/s
    x: -2.903E-03 ~ 0.000E+00  y: -9.373E-04 ~ 3.400E-04
  Acceleration (relative) (315 nodes): peak = 4.387E-02 m/s²
    x: 0.000E+00 ~ 4.184E-02  y: -5.440E-03 ~ 1.319E-02
  Acceleration (absolute) (315 nodes): peak = 4.387E-02 m/s²
    x: 1.000E-30 ~ 4.184E-02  y: -5.440E-03 ~ 1.319E-02
  Nodal force / reaction (315 nodes):
    x: -4.196E-26 ~ 7.831E+03  y: -2.138E+04 ~ 2.536E+04  N
    Σx=8.322E+04  Σy=1.453E+04  N
  Stress (315 gauss points, 4 components):
    Sxx: -2.501E+03 ~ 3.447E+03 Pa
    Syy: -6.366E+03 ~ 3.792E+03 Pa
Block 97: 315 nodes (315 active)
  Ux: -0.124 ~ 0.000 mm
  Uy: -0.040 ~ 0.015 mm
  Velocity (315 nodes): peak = 3.412E-04 m/s
    x: -3.209E-04 ~ 1.315E-05  y: -1.161E-04 ~ 3.817E-05
  Acceleration (relative) (315 nodes): peak = 8.262E-02 m/s²
    x: 0.000E+00 ~ 7.872E-02  y: -9.524E-03 ~ 2.510E-02
  Acceleration (absolute) (315 nodes): peak = 8.262E-02 m/s²
    x: 1.000E-30 ~ 7.872E-02  y: -9.524E-03 ~ 2.510E-02
  Nodal force / reaction (315 nodes):
    x: -4.196E-26 ~ 1.409E+04  y: -3.895E+04 ~ 4.640E+04  N
    Σx=1.498E+05  Σy=2.551E+04  N
  Stress (315 gauss points, 4 components):
    Sxx: -5.310E+03 ~ 8.040E+03 Pa
    Syy: -1.752E+04 ~ 9.657E+03 Pa
Block 98: 315 nodes (315 active)
  Ux: -0.081 ~ 0.000 mm
  Uy: -0.026 ~ 0.009 mm
  Velocity (315 nodes): peak = 2.434E-03 m/s
    x: 0.000E+00 ~ 2.322E-03  y: -2.936E-04 ~ 7.300E-04
  Acceleration (relative) (315 nodes): peak = 4.787E-02 m/s²
    x: 0.000E+00 ~ 4.555E-02  y: -5.239E-03 ~ 1.473E-02
  Acceleration (absolute) (315 nodes): peak = 4.787E-02 m/s²
    x: 1.000E-30 ~ 4.555E-02  y: -5.239E-03 ~ 1.473E-02
  Nodal force / reaction (315 nodes):
    x: -4.196E-26 ~ 7.846E+03  y: -2.190E+04 ~ 2.625E+04  N
    Σx=8.340E+04  Σy=1.417E+04  N
  Stress (315 gauss points, 4 components):
    Sxx: -3.370E+03 ~ 5.414E+03 Pa
    Syy: -1.284E+04 ~ 6.823E+03 Pa
Block 99: 315 nodes (315 active)
  Ux: 0.000 ~ 0.028 mm
  Uy: -0.004 ~ 0.008 mm
  Velocity (315 nodes): peak = 2.913E-03 m/s
    x: 0.000E+00 ~ 2.774E-03  y: -3.290E-04 ~ 8.890E-04
  Acceleration (relative) (315 nodes): peak = 2.461E-02 m/s²
    x: -2.358E-02 ~ 0.000E+00  y: -7.032E-03 ~ 3.381E-03
  Acceleration (absolute) (315 nodes): peak = 2.461E-02 m/s²
    x: -2.358E-02 ~ 1.000E-30  y: -7.032E-03 ~ 3.381E-03
  Nodal force / reaction (315 nodes):
    x: -4.600E+03 ~ 0.000E+00  y: -1.457E+04 ~ 1.250E+04  N
    Σx=-4.906E+04  Σy=-7.585E+03  N
  Stress (315 gauss points, 4 components):
    Sxx: -1.623E+03 ~ 1.287E+03 Pa
    Syy: -1.605E+03 ~ 2.347E+03 Pa
Block 100: 315 nodes (315 active)
  Ux: 0.000 ~ 0.104 mm
  Uy: -0.013 ~ 0.033 mm
  Velocity (315 nodes): peak = 8.754E-04 m/s
    x: 0.000E+00 ~ 8.287E-04  y: -8.786E-05 ~ 2.821E-04
  Acceleration (relative) (315 nodes): peak = 7.043E-02 m/s²
    x: -6.713E-02 ~ 0.000E+00  y: -2.131E-02 ~ 8.218E-03
  Acceleration (absolute) (315 nodes): peak = 7.043E-02 m/s²
    x: -6.713E-02 ~ 1.000E-30  y: -2.131E-02 ~ 8.218E-03
  Nodal force / reaction (315 nodes):
    x: -1.211E+04 ~ 0.000E+00  y: -3.975E+04 ~ 3.341E+04  N
    Σx=-1.288E+05  Σy=-2.184E+04  N
  Stress (315 gauss points, 4 components):
    Sxx: -6.702E+03 ~ 4.470E+03 Pa
    Syy: -7.979E+03 ~ 1.434E+04 Pa
Block 101: 315 nodes (315 active)
  Ux: 0.000 ~ 0.086 mm
  Uy: -0.010 ~ 0.028 mm
  Velocity (315 nodes): peak = 1.747E-03 m/s
    x: -1.668E-03 ~ 0.000E+00  y: -5.214E-04 ~ 2.150E-04
  Acceleration (relative) (315 nodes): peak = 5.265E-02 m/s²
    x: -5.004E-02 ~ 0.000E+00  y: -1.637E-02 ~ 5.727E-03
  Acceleration (absolute) (315 nodes): peak = 5.265E-02 m/s²
    x: -5.004E-02 ~ 1.000E-30  y: -1.637E-02 ~ 5.727E-03
  Nodal force / reaction (315 nodes):
    x: -8.688E+03 ~ 0.000E+00  y: -2.903E+04 ~ 2.414E+04  N
    Σx=-9.222E+04  Σy=-1.649E+04  N
  Stress (315 gauss points, 4 components):
    Sxx: -5.656E+03 ~ 3.586E+03 Pa
    Syy: -7.035E+03 ~ 1.317E+04 Pa
Block 102: 315 nodes (315 active)
  Ux: -0.004 ~ 0.000 mm
  Uy: -0.002 ~ 0.002 mm
  Velocity (315 nodes): peak = 2.670E-03 m/s
    x: -2.542E-03 ~ 0.000E+00  y: -8.159E-04 ~ 3.036E-04
  Acceleration (relative) (315 nodes): peak = 8.751E-03 m/s²
    x: 0.000E+00 ~ 8.419E-03  y: -1.522E-03 ~ 2.387E-03
  Acceleration (absolute) (315 nodes): peak = 8.751E-03 m/s²
    x: 1.000E-30 ~ 8.419E-03  y: -1.522E-03 ~ 2.387E-03
  Nodal force / reaction (315 nodes):
    x: -4.196E-26 ~ 1.843E+03  y: -4.873E+03 ~ 5.608E+03  N
    Σx=1.964E+04  Σy=3.173E+03  N
  Stress (315 gauss points, 4 components):
    Sxx: -3.549E+02 ~ 3.740E+02 Pa
    Syy: -5.189E+02 ~ 8.361E+02 Pa
Block 103: 315 nodes (315 active)
  Ux: -0.083 ~ 0.000 mm
  Uy: -0.026 ~ 0.010 mm
  Velocity (315 nodes): peak = 1.240E-03 m/s
    x: -1.178E-03 ~ 0.000E+00  y: -3.870E-04 ~ 1.319E-04
  Acceleration (relative) (315 nodes): peak = 5.768E-02 m/s²
    x: 0.000E+00 ~ 5.496E-02  y: -6.772E-03 ~ 1.750E-02
  Acceleration (absolute) (315 nodes): peak = 5.768E-02 m/s²
    x: 1.000E-30 ~ 5.496E-02  y: -6.772E-03 ~ 1.750E-02
  Nodal force / reaction (315 nodes):
    x: -4.196E-26 ~ 9.955E+03  y: -2.742E+04 ~ 3.264E+04  N
    Σx=1.058E+05  Σy=1.822E+04  N
  Stress (315 gauss points, 4 components):
    Sxx: -3.594E+03 ~ 5.323E+03 Pa
    Syy: -1.120E+04 ~ 6.272E+03 Pa
Block 104: 315 nodes (315 active)
  Ux: -0.085 ~ 0.000 mm
  Uy: -0.027 ~ 0.010 mm
  Velocity (315 nodes): peak = 1.129E-03 m/s
    x: 0.000E+00 ~ 1.078E-03  y: -1.438E-04 ~ 3.340E-04
  Acceleration (relative) (315 nodes): peak = 5.338E-02 m/s²
    x: 0.000E+00 ~ 5.083E-02  y: -5.990E-03 ~ 1.631E-02
  Acceleration (absolute) (315 nodes): peak = 5.338E-02 m/s²
    x: 1.000E-30 ~ 5.083E-02  y: -5.990E-03 ~ 1.631E-02
  Nodal force / reaction (315 nodes):
    x: -4.196E-26 ~ 8.942E+03  y: -2.482E+04 ~ 2.965E+04  N
    Σx=9.506E+04  Σy=1.616E+04  N
  Stress (315 gauss points, 4 components):
    Sxx: -3.581E+03 ~ 5.582E+03 Pa
    Syy: -1.270E+04 ~ 6.868E+03 Pa
Block 105: 315 nodes (315 active)
  Ux: -0.014 ~ 0.000 mm
  Uy: -0.005 ~ 0.001 mm
  Velocity (315 nodes): peak = 2.343E-03 m/s
    x: 0.000E+00 ~ 2.232E-03  y: -2.712E-04 ~ 7.103E-04
  Acceleration (relative) (315 nodes): peak = 4.103E-03 m/s²
    x: -5.740E-04 ~ 3.812E-03  y: -4.939E-04 ~ 1.520E-03
  Acceleration (absolute) (315 nodes): peak = 4.103E-03 m/s²
    x: -5.740E-04 ~ 3.812E-03  y: -4.939E-04 ~ 1.520E-03
  Nodal force / reaction (315 nodes):
    x: -4.196E-26 ~ 3.840E+02  y: -1.482E+03 ~ 1.891E+03  N
    Σx=4.009E+03  Σy=1.009E+03  N
  Stress (315 gauss points, 4 components):
    Sxx: -6.584E+02 ~ 1.060E+03 Pa
    Syy: -3.278E+03 ~ 1.561E+03 Pa
Block 106: 315 nodes (315 active)
  Ux: 0.000 ~ 0.063 mm
  Uy: -0.008 ~ 0.020 mm
  Velocity (315 nodes): peak = 1.466E-03 m/s
    x: 0.000E+00 ~ 1.393E-03  y: -1.590E-04 ~ 4.547E-04
  Acceleration (relative) (315 nodes): peak = 4.467E-02 m/s²
    x: -4.263E-02 ~ 0.000E+00  y: -1.336E-02 ~ 5.392E-03
  Acceleration (absolute) (315 nodes): peak = 4.467E-02 m/s²
    x: -4.263E-02 ~ 1.000E-30  y: -1.336E-02 ~ 5.392E-03
  Nodal force / reaction (315 nodes):
    x: -7.812E+03 ~ 0.000E+00  y: -2.545E+04 ~ 2.149E+04  N
    Σx=-8.313E+04  Σy=-1.380E+04  N
  Stress (315 gauss points, 4 components):
    Sxx: -4.001E+03 ~ 2.740E+03 Pa
    Syy: -4.649E+03 ~ 8.163E+03 Pa
Block 107: 315 nodes (315 active)
  Ux: 0.000 ~ 0.080 mm
  Uy: -0.010 ~ 0.026 mm
  Velocity (315 nodes): peak = 5.895E-04 m/s
    x: -5.650E-04 ~ 0.000E+00  y: -1.683E-04 ~ 8.341E-05
  Acceleration (relative) (315 nodes): peak = 5.157E-02 m/s²
    x: -4.908E-02 ~ 0.000E+00  y: -1.582E-02 ~ 5.775E-03
  Acceleration (absolute) (315 nodes): peak = 5.157E-02 m/s²
    x: -4.908E-02 ~ 1.000E-30  y: -1.582E-02 ~ 5.775E-03
  Nodal force / reaction (315 nodes):
    x: -8.681E+03 ~ 0.000E+00  y: -2.876E+04 ~ 2.404E+04  N
    Σx=-9.223E+04  Σy=-1.606E+04  N
  Stress (315 gauss points, 4 components):
    Sxx: -5.239E+03 ~ 3.399E+03 Pa
    Syy: -6.391E+03 ~ 1.175E+04 Pa
Block 108: 315 nodes (315 active)
  Ux: 0.000 ~ 0.028 mm
  Uy: -0.003 ~ 0.009 mm
  Velocity (315 nodes): peak = 1.978E-03 m/s
    x: -1.885E-03 ~ 0.000E+00  y: -6.001E-04 ~ 2.306E-04
  Acceleration (relative) (315 nodes): peak = 1.392E-02 m/s²
    x: -1.317E-02 ~ 0.000E+00  y: -4.512E-03 ~ 1.389E-03
  Acceleration (absolute) (315 nodes): peak = 1.392E-02 m/s²
    x: -1.317E-02 ~ 1.000E-30  y: -4.512E-03 ~ 1.389E-03
  Nodal force / reaction (315 nodes):
    x: -2.088E+03 ~ 0.000E+00  y: -7.280E+03 ~ 5.930E+03  N
    Σx=-2.212E+04  Σy=-4.178E+03  N
  Stress (315 gauss points, 4 components):
    Sxx: -1.916E+03 ~ 1.180E+03 Pa
    Syy: -2.550E+03 ~ 5.028E+03 Pa
Block 109: 315 nodes (315 active)
  Ux: -0.044 ~ 0.000 mm
  Uy: -0.014 ~ 0.006 mm
  Velocity (315 nodes): peak = 1.568E-03 m/s
    x: -1.492E-03 ~ 0.000E+00  y: -4.835E-04 ~ 1.730E-04
  Acceleration (relative) (315 nodes): peak = 3.261E-02 m/s²
    x: 0.000E+00 ~ 3.110E-02  y: -3.967E-03 ~ 9.804E-03
  Acceleration (absolute) (315 nodes): peak = 3.261E-02 m/s²
    x: 1.000E-30 ~ 3.110E-02  y: -3.967E-03 ~ 9.804E-03
  Nodal force / reaction (315 nodes):
    x: -4.196E-26 ~ 5.745E+03  y: -1.575E+04 ~ 1.868E+04  N
    Σx=6.108E+04  Σy=1.046E+04  N
  Stress (315 gauss points, 4 components):
    Sxx: -1.939E+03 ~ 2.768E+03 Pa
    Syy: -5.448E+03 ~ 3.150E+03 Pa
Block 110: 315 nodes (315 active)
  Ux: -0.073 ~ 0.000 mm
  Uy: -0.023 ~ 0.009 mm
  Velocity (315 nodes): peak = 1.456E-04 m/s
    x: 0.000E+00 ~ 1.411E-04  y: -3.251E-05 ~ 4.660E-05
  Acceleration (relative) (315 nodes): peak = 4.751E-02 m/s²
    x: 0.000E+00 ~ 4.524E-02  y: -5.413E-03 ~ 1.448E-02
  Acceleration (absolute) (315 nodes): peak = 4.751E-02 m/s²
    x: 1.000E-30 ~ 4.524E-02  y: -5.413E-03 ~ 1.448E-02
  Nodal force / reaction (315 nodes):
    x: -4.196E-26 ~ 8.058E+03  y: -2.229E+04 ~ 2.659E+04  N
    Σx=8.565E+04  Σy=1.467E+04  N
  Stress (315 gauss points, 4 components):
    Sxx: -3.090E+03 ~ 4.718E+03 Pa
    Syy: -1.042E+04 ~ 5.709E+03 Pa
Block 111: 315 nodes (315 active)
  Ux: -0.037 ~ 0.000 mm
  Uy: -0.012 ~ 0.004 mm
  Velocity (315 nodes): peak = 1.595E-03 m/s
    x: 0.000E+00 ~ 1.520E-03  y: -1.892E-04 ~ 4.807E-04
  Acceleration (relative) (315 nodes): peak = 2.073E-02 m/s²
    x: 0.000E+00 ~ 1.970E-02  y: -2.198E-03 ~ 6.464E-03
  Acceleration (absolute) (315 nodes): peak = 2.073E-02 m/s²
    x: 1.000E-30 ~ 1.970E-02  y: -2.198E-03 ~ 6.464E-03
  Nodal force / reaction (315 nodes):
    x: -4.196E-26 ~ 3.320E+03  y: -9.309E+03 ~ 1.122E+04  N
    Σx=3.526E+04  Σy=6.127E+03  N
  Stress (315 gauss points, 4 components):
    Sxx: -1.537E+03 ~ 2.493E+03 Pa
    Syy: -6.112E+03 ~ 3.198E+03 Pa
Block 112: 315 nodes (315 active)
  Ux: 0.000 ~ 0.027 mm
  Uy: -0.004 ~ 0.008 mm
  Velocity (315 nodes): peak = 1.569E-03 m/s
    x: 0.000E+00 ~ 1.493E-03  y: -1.755E-04 ~ 4.808E-04
  Acceleration (relative) (315 nodes): peak = 2.147E-02 m/s²
    x: -2.051E-02 ~ 0.000E+00  y: -6.316E-03 ~ 2.738E-03
  Acceleration (absolute) (315 nodes): peak = 2.147E-02 m/s²
    x: -2.051E-02 ~ 1.000E-30  y: -6.316E-03 ~ 2.738E-03
  Nodal force / reaction (315 nodes):
    x: -3.869E+03 ~ 0.000E+00  y: -1.245E+04 ~ 1.058E+04  N
    Σx=-4.119E+04  Σy=-6.718E+03  N
  Stress (315 gauss points, 4 components):
    Sxx: -1.680E+03 ~ 1.223E+03 Pa
    Syy: -1.837E+03 ~ 3.039E+03 Pa
Block 113: 315 nodes (315 active)
  Ux: 0.000 ~ 0.063 mm
  Uy: -0.008 ~ 0.020 mm
  Velocity (315 nodes): peak = 2.100E-04 m/s
    x: -2.619E-06 ~ 1.971E-04  y: -2.111E-05 ~ 7.258E-05
  Acceleration (relative) (315 nodes): peak = 4.202E-02 m/s²
    x: -4.003E-02 ~ 0.000E+00  y: -1.276E-02 ~ 4.844E-03
  Acceleration (absolute) (315 nodes): peak = 4.202E-02 m/s²
    x: -4.003E-02 ~ 1.000E-30  y: -1.276E-02 ~ 4.844E-03
  Nodal force / reaction (315 nodes):
    x: -7.177E+03 ~ 0.000E+00  y: -2.362E+04 ~ 1.982E+04  N
    Σx=-7.630E+04  Σy=-1.302E+04  N
  Stress (315 gauss points, 4 components):
    Sxx: -4.082E+03 ~ 2.698E+03 Pa
    Syy: -4.899E+03 ~ 8.870E+03 Pa
Block 114: 315 nodes (315 active)
  Ux: 0.000 ~ 0.042 mm
  Uy: -0.005 ~ 0.014 mm
  Velocity (315 nodes): peak = 1.219E-03 m/s
    x: -1.163E-03 ~ 0.000E+00  y: -3.661E-04 ~ 1.469E-04
  Acceleration (relative) (315 nodes): peak = 2.514E-02 m/s²
    x: -2.389E-02 ~ 0.000E+00  y: -7.843E-03 ~ 2.703E-03
  Acceleration (absolute) (315 nodes): peak = 2.514E-02 m/s²
    x: -2.389E-02 ~ 1.000E-30  y: -7.843E-03 ~ 2.703E-03
  Nodal force / reaction (315 nodes):
    x: -4.102E+03 ~ 0.000E+00  y: -1.377E+04 ~ 1.143E+04  N
    Σx=-4.354E+04  Σy=-7.765E+03  N
  Stress (315 gauss points, 4 components):
    Sxx: -2.811E+03 ~ 1.755E+03 Pa
    Syy: -3.538E+03 ~ 6.680E+03 Pa
Block 115: 315 nodes (315 active)
  Ux: -0.013 ~ 0.000 mm
  Uy: -0.004 ~ 0.002 mm
  Velocity (315 nodes): peak = 1.494E-03 m/s
    x: -1.423E-03 ~ 0.000E+00  y: -4.575E-04 ~ 1.683E-04
  Acceleration (relative) (315 nodes): peak = 1.185E-02 m/s²
    x: 0.000E+00 ~ 1.133E-02  y: -1.616E-03 ~ 3.442E-03
  Acceleration (absolute) (315 nodes): peak = 1.185E-02 m/s²
    x: 1.000E-30 ~ 1.133E-02  y: -1.616E-03 ~ 3.442E-03
  Nodal force / reaction (315 nodes):
    x: -4.196E-26 ~ 2.215E+03  y: -6.001E+03 ~ 7.034E+03  N
    Σx=2.358E+04  Σy=3.889E+03  N
  Stress (315 gauss points, 4 components):
    Sxx: -6.063E+02 ~ 7.524E+02 Pa
    Syy: -1.035E+03 ~ 7.240E+02 Pa
Block 116: 315 nodes (315 active)
  Ux: -0.053 ~ 0.000 mm
  Uy: -0.017 ~ 0.006 mm
  Velocity (315 nodes): peak = 4.732E-04 m/s
    x: -4.487E-04 ~ 0.000E+00  y: -1.504E-04 ~ 4.868E-05
  Acceleration (relative) (315 nodes): peak = 3.574E-02 m/s²
    x: 0.000E+00 ~ 3.405E-02  y: -4.156E-03 ~ 1.085E-02
  Acceleration (absolute) (315 nodes): peak = 3.574E-02 m/s²
    x: 1.000E-30 ~ 3.405E-02  y: -4.156E-03 ~ 1.085E-02
  Nodal force / reaction (315 nodes):
    x: -4.196E-26 ~ 6.135E+03  y: -1.692E+04 ~ 2.015E+04  N
    Σx=6.521E+04  Σy=1.119E+04  N
  Stress (315 gauss points, 4 components):
    Sxx: -2.260E+03 ~ 3.384E+03 Pa
    Syy: -7.243E+03 ~ 4.025E+03 Pa
Block 117: 315 nodes (315 active)
  Ux: -0.044 ~ 0.000 mm
  Uy: -0.014 ~ 0.005 mm
  Velocity (315 nodes): peak = 8.680E-04 m/s
    x: 0.000E+00 ~ 8.284E-04  y: -1.070E-04 ~ 2.591E-04
  Acceleration (relative) (315 nodes): peak = 2.721E-02 m/s²
    x: 0.000E+00 ~ 2.589E-02  y: -3.011E-03 ~ 8.369E-03
  Acceleration (absolute) (315 nodes): peak = 2.721E-02 m/s²
    x: 1.000E-30 ~ 2.589E-02  y: -3.011E-03 ~ 8.369E-03
  Nodal force / reaction (315 nodes):
    x: -4.196E-26 ~ 4.515E+03  y: -1.255E+04 ~ 1.503E+04  N
    Σx=4.798E+04  Σy=8.258E+03  N
  Stress (315 gauss points, 4 components):
    Sxx: -1.856E+03 ~ 2.925E+03 Pa
    Syy: -6.771E+03 ~ 3.633E+03 Pa
Block 118: 315 nodes (315 active)
  Ux: 0.000 ~ 0.002 mm
  Uy: -0.001 ~ 0.001 mm
  Velocity (315 nodes): peak = 1.361E-03 m/s
    x: 0.000E+00 ~ 1.296E-03  y: -1.556E-04 ~ 4.142E-04
  Acceleration (relative) (315 nodes): peak = 3.767E-03 m/s²
    x: -3.636E-03 ~ 0.000E+00  y: -1.020E-03 ~ 7.109E-04
  Acceleration (absolute) (315 nodes): peak = 3.767E-03 m/s²
    x: -3.636E-03 ~ 1.000E-30  y: -1.020E-03 ~ 7.109E-04
  Nodal force / reaction (315 nodes):
    x: -8.226E+02 ~ 0.000E+00  y: -2.462E+03 ~ 2.167E+03  N
    Σx=-8.786E+03  Σy=-1.318E+03  N
  Stress (315 gauss points, 4 components):
    Sxx: -1.631E+02 ~ 1.595E+02 Pa
    Syy: -5.763E+02 ~ 2.736E+02 Pa
Block 119: 315 nodes (315 active)
  Ux: 0.000 ~ 0.042 mm
  Uy: -0.005 ~ 0.013 mm
  Velocity (315 nodes): peak = 6.553E-04 m/s
    x: 0.000E+00 ~ 6.225E-04  y: -6.948E-05 ~ 2.050E-04
  Acceleration (relative) (315 nodes): peak = 2.902E-02 m/s²
    x: -2.767E-02 ~ 0.000E+00  y: -8.740E-03 ~ 3.440E-03
  Acceleration (absolute) (315 nodes): peak = 2.902E-02 m/s²
    x: -2.767E-02 ~ 1.000E-30  y: -8.740E-03 ~ 3.440E-03
  Nodal force / reaction (315 nodes):
    x: -5.029E+03 ~ 0.000E+00  y: -1.645E+04 ~ 1.385E+04  N
    Σx=-5.349E+04  Σy=-9.004E+03  N
  Stress (315 gauss points, 4 components):
    Sxx: -2.679E+03 ~ 1.810E+03 Pa
    Syy: -3.152E+03 ~ 5.606E+03 Pa
Block 120: 315 nodes (315 active)
  Ux: 0.000 ~ 0.044 mm
  Uy: -0.005 ~ 0.014 mm
  Velocity (315 nodes): peak = 5.515E-04 m/s
    x: -5.271E-04 ~ 0.000E+00  y: -1.621E-04 ~ 7.100E-05
  Acceleration (relative) (315 nodes): peak = 2.755E-02 m/s²
    x: -2.622E-02 ~ 0.000E+00  y: -8.472E-03 ~ 3.065E-03
  Acceleration (absolute) (315 nodes): peak = 2.755E-02 m/s²
    x: -2.622E-02 ~ 1.000E-30  y: -8.472E-03 ~ 3.065E-03
  Nodal force / reaction (315 nodes):
    x: -4.608E+03 ~ 0.000E+00  y: -1.530E+04 ~ 1.278E+04  N
    Σx=-4.896E+04  Σy=-8.521E+03  N
  Stress (315 gauss points, 4 components):
    Sxx: -2.866E+03 ~ 1.842E+03 Pa
    Syy: -3.524E+03 ~ 6.520E+03 Pa
Block 121: 315 nodes (315 active)
  Ux: 0.000 ~ 0.008 mm
  Uy: -0.001 ~ 0.003 mm
  Velocity (315 nodes): peak = 1.191E-03 m/s
    x: -1.135E-03 ~ 0.000E+00  y: -3.622E-04 ~ 1.375E-04
  Acceleration (relative) (315 nodes): peak = 2.719E-03 m/s²
    x: -2.536E-03 ~ 2.047E-04  y: -9.803E-04 ~ 2.912E-04
  Acceleration (absolute) (315 nodes): peak = 2.719E-03 m/s²
    x: -2.536E-03 ~ 2.047E-04  y: -9.803E-04 ~ 2.912E-04
  Nodal force / reaction (315 nodes):
    x: -2.972E+02 ~ 0.000E+00  y: -1.298E+03 ~ 1.018E+03  N
    Σx=-3.117E+03  Σy=-7.328E+02  N
  Stress (315 gauss points, 4 components):
    Sxx: -5.975E+02 ~ 3.681E+02 Pa
    Syy: -8.645E+02 ~ 1.803E+03 Pa
Block 122: 315 nodes (315 active)
  Ux: -0.032 ~ 0.000 mm
  Uy: -0.010 ~ 0.004 mm
  Velocity (315 nodes): peak = 7.644E-04 m/s
    x: -7.267E-04 ~ 0.000E+00  y: -2.369E-04 ~ 8.317E-05
  Acceleration (relative) (315 nodes): peak = 2.245E-02 m/s²
    x: 0.000E+00 ~ 2.140E-02  y: -2.688E-03 ~ 6.764E-03
  Acceleration (absolute) (315 nodes): peak = 2.245E-02 m/s²
    x: 1.000E-30 ~ 2.140E-02  y: -2.688E-03 ~ 6.764E-03
  Nodal force / reaction (315 nodes):
    x: -4.196E-26 ~ 3.917E+03  y: -1.077E+04 ~ 1.278E+04  N
    Σx=4.165E+04  Σy=7.097E+03  N
  Stress (315 gauss points, 4 components):
    Sxx: -1.370E+03 ~ 1.996E+03 Pa
    Syy: -4.073E+03 ~ 2.315E+03 Pa
Block 123: 315 nodes (315 active)
  Ux: -0.041 ~ 0.000 mm
  Uy: -0.013 ~ 0.005 mm
  Velocity (315 nodes): peak = 2.796E-04 m/s
    x: 0.000E+00 ~ 2.678E-04  y: -3.991E-05 ~ 8.030E-05
  Acceleration (relative) (315 nodes): peak = 2.643E-02 m/s²
    x: 0.000E+00 ~ 2.516E-02  y: -2.977E-03 ~ 8.081E-03
  Acceleration (absolute) (315 nodes): peak = 2.643E-02 m/s²
    x: 1.000E-30 ~ 2.516E-02  y: -2.977E-03 ~ 8.081E-03
  Nodal force / reaction (315 nodes):
    x: -4.196E-26 ~ 4.456E+03  y: -1.234E+04 ~ 1.474E+04  N
    Σx=4.735E+04  Σy=8.147E+03  N
  Stress (315 gauss points, 4 components):
    Sxx: -1.740E+03 ~ 2.680E+03 Pa
    Syy: -5.999E+03 ~ 3.267E+03 Pa
Block 124: 315 nodes (315 active)
  Ux: -0.015 ~ 0.000 mm
  Uy: -0.005 ~ 0.002 mm
  Velocity (315 nodes): peak = 1.000E-03 m/s
    x: 0.000E+00 ~ 9.535E-04  y: -1.171E-04 ~ 3.028E-04
  Acceleration (relative) (315 nodes): peak = 7.574E-03 m/s²
    x: 0.000E+00 ~ 7.179E-03  y: -7.755E-04 ~ 2.414E-03
  Acceleration (absolute) (315 nodes): peak = 7.574E-03 m/s²
    x: 1.000E-30 ~ 7.179E-03  y: -7.755E-04 ~ 2.414E-03
  Nodal force / reaction (315 nodes):
    x: -4.196E-26 ~ 1.155E+03  y: -3.275E+03 ~ 3.988E+03  N
    Σx=1.226E+04  Σy=2.199E+03  N
  Stress (315 gauss points, 4 components):
    Sxx: -6.319E+02 ~ 1.026E+03 Pa
    Syy: -2.659E+03 ~ 1.359E+03 Pa
Block 125: 315 nodes (315 active)
  Ux: 0.000 ~ 0.022 mm
  Uy: -0.003 ~ 0.007 mm
  Velocity (315 nodes): peak = 8.110E-04 m/s
    x: 0.000E+00 ~ 7.716E-04  y: -8.973E-05 ~ 2.496E-04
  Acceleration (relative) (315 nodes): peak = 1.619E-02 m/s²
    x: -1.545E-02 ~ 0.000E+00  y: -4.823E-03 ~ 1.994E-03
  Acceleration (absolute) (315 nodes): peak = 1.619E-02 m/s²
    x: -1.545E-02 ~ 1.000E-30  y: -4.823E-03 ~ 1.994E-03
  Nodal force / reaction (315 nodes):
    x: -2.864E+03 ~ 0.000E+00  y: -9.288E+03 ~ 7.855E+03  N
    Σx=-3.047E+04  Σy=-5.075E+03  N
  Stress (315 gauss points, 4 components):
    Sxx: -1.369E+03 ~ 9.613E+02 Pa
    Syy: -1.554E+03 ~ 2.671E+03 Pa
Block 126: 315 nodes (315 active)
  Ux: 0.000 ~ 0.037 mm
  Uy: -0.004 ~ 0.012 mm
  Velocity (315 nodes): peak = 5.395E-05 m/s
    x: -5.277E-05 ~ 0.000E+00  y: -2.071E-05 ~ 1.501E-05
  Acceleration (relative) (315 nodes): peak = 2.425E-02 m/s²
    x: -2.310E-02 ~ 0.000E+00  y: -7.390E-03 ~ 2.765E-03
  Acceleration (absolute) (315 nodes): peak = 2.425E-02 m/s²
    x: -2.310E-02 ~ 1.000E-30  y: -7.390E-03 ~ 2.765E-03
  Nodal force / reaction (315 nodes):
    x: -4.118E+03 ~ 0.000E+00  y: -1.359E+04 ~ 1.139E+04  N
    Σx=-4.377E+04  Σy=-7.503E+03  N
  Stress (315 gauss points, 4 components):
    Sxx: -2.404E+03 ~ 1.576E+03 Pa
    Syy: -2.906E+03 ~ 5.298E+03 Pa
Block 127: 315 nodes (315 active)
  Ux: 0.000 ~ 0.019 mm
  Uy: -0.002 ~ 0.006 mm
  Velocity (315 nodes): peak = 8.031E-04 m/s
    x: -7.657E-04 ~ 0.000E+00  y: -2.422E-04 ~ 9.528E-05
  Acceleration (relative) (315 nodes): peak = 1.101E-02 m/s²
    x: -1.046E-02 ~ 0.000E+00  y: -3.463E-03 ~ 1.156E-03
  Acceleration (absolute) (315 nodes): peak = 1.101E-02 m/s²
    x: -1.046E-02 ~ 1.000E-30  y: -3.463E-03 ~ 1.156E-03
  Nodal force / reaction (315 nodes):
    x: -1.761E+03 ~ 0.000E+00  y: -5.962E+03 ~ 4.932E+03  N
    Σx=-1.869E+04  Σy=-3.356E+03  N
  Stress (315 gauss points, 4 components):
    Sxx: -1.307E+03 ~ 8.066E+02 Pa
    Syy: -1.674E+03 ~ 3.201E+03 Pa
Block 128: 315 nodes (315 active)
  Ux: -0.013 ~ 0.000 mm
  Uy: -0.004 ~ 0.002 mm
  Velocity (315 nodes): peak = 8.078E-04 m/s
    x: -7.688E-04 ~ 0.000E+00  y: -2.479E-04 ~ 9.022E-05
  Acceleration (relative) (315 nodes): peak = 1.055E-02 m/s²
    x: 0.000E+00 ~ 1.008E-02  y: -1.342E-03 ~ 3.122E-03
  Acceleration (absolute) (315 nodes): peak = 1.055E-02 m/s²
    x: 1.000E-30 ~ 1.008E-02  y: -1.342E-03 ~ 3.122E-03
  Nodal force / reaction (315 nodes):
    x: -4.196E-26 ~ 1.903E+03  y: -5.197E+03 ~ 6.129E+03  N
    Σx=2.025E+04  Σy=3.377E+03  N
  Stress (315 gauss points, 4 components):
    Sxx: -5.964E+02 ~ 8.140E+02 Pa
    Syy: -1.457E+03 ~ 8.846E+02 Pa
Block 129: 315 nodes (315 active)
  Ux: -0.032 ~ 0.000 mm
  Uy: -0.010 ~ 0.004 mm
  Velocity (315 nodes): peak = 1.238E-04 m/s
    x: -1.166E-04 ~ 0.000E+00  y: -4.160E-05 ~ 1.252E-05
  Acceleration (relative) (315 nodes): peak = 2.138E-02 m/s²
    x: 0.000E+00 ~ 2.037E-02  y: -2.463E-03 ~ 6.506E-03
  Acceleration (absolute) (315 nodes): peak = 2.138E-02 m/s²
    x: 1.000E-30 ~ 2.037E-02  y: -2.463E-03 ~ 6.506E-03
  Nodal force / reaction (315 nodes):
    x: -4.196E-26 ~ 3.651E+03  y: -1.008E+04 ~ 1.202E+04  N
    Σx=3.880E+04  Σy=6.659E+03  N
  Stress (315 gauss points, 4 components):
    Sxx: -1.370E+03 ~ 2.070E+03 Pa
    Syy: -4.497E+03 ~ 2.482E+03 Pa
Block 130: 315 nodes (315 active)
  Ux: -0.022 ~ 0.000 mm
  Uy: -0.007 ~ 0.003 mm
  Velocity (315 nodes): peak = 6.103E-04 m/s
    x: 0.000E+00 ~ 5.821E-04  y: -7.367E-05 ~ 1.832E-04
  Acceleration (relative) (315 nodes): peak = 1.311E-02 m/s²
    x: 0.000E+00 ~ 1.246E-02  y: -1.426E-03 ~ 4.059E-03
  Acceleration (absolute) (315 nodes): peak = 1.311E-02 m/s²
    x: 1.000E-30 ~ 1.246E-02  y: -1.426E-03 ~ 4.059E-03
  Nodal force / reaction (315 nodes):
    x: -4.196E-26 ~ 2.148E+03  y: -5.988E+03 ~ 7.191E+03  N
    Σx=2.282E+04  Σy=3.971E+03  N
  Stress (315 gauss points, 4 components):
    Sxx: -9.142E+02 ~ 1.462E+03 Pa
    Syy: -3.458E+03 ~ 1.837E+03 Pa
Block 131: 315 nodes (315 active)
  Ux: 0.000 ~ 0.006 mm
  Uy: -0.001 ~ 0.002 mm
  Velocity (315 nodes): peak = 7.649E-04 m/s
    x: 0.000E+00 ~ 7.283E-04  y: -8.646E-05 ~ 2.336E-04
  Acceleration (relative) (315 nodes): peak = 5.651E-03 m/s²
    x: -5.411E-03 ~ 0.000E+00  y: -1.630E-03 ~ 7.856E-04
  Acceleration (absolute) (315 nodes): peak = 5.651E-03 m/s²
    x: -5.411E-03 ~ 1.000E-30  y: -1.630E-03 ~ 7.856E-04
  Nodal force / reaction (315 nodes):
    x: -1.064E+03 ~ 0.000E+00  y: -3.367E+03 ~ 2.881E+03  N
    Σx=-1.133E+04  Σy=-1.837E+03  N
  Stress (315 gauss points, 4 components):
    Sxx: -3.531E+02 ~ 2.837E+02 Pa
    Syy: -3.216E+02 ~ 4.405E+02 Pa
Block 132: 315 nodes (315 active)
  Ux: 0.000 ~ 0.027 mm
  Uy: -0.003 ~ 0.008 mm
  Velocity (315 nodes): peak = 2.557E-04 m/s
    x: 0.000E+00 ~ 2.424E-04  y: -2.626E-05 ~ 8.126E-05
  Acceleration (relative) (315 nodes): peak = 1.808E-02 m/s²
    x: -1.723E-02 ~ 0.000E+00  y: -5.470E-03 ~ 2.114E-03
  Acceleration (absolute) (315 nodes): peak = 1.808E-02 m/s²
    x: -1.723E-02 ~ 1.000E-30  y: -5.470E-03 ~ 2.114E-03
  Nodal force / reaction (315 nodes):
    x: -3.110E+03 ~ 0.000E+00  y: -1.020E+04 ~ 8.579E+03  N
    Σx=-3.307E+04  Σy=-5.613E+03  N
  Stress (315 gauss points, 4 components):
    Sxx: -1.710E+03 ~ 1.143E+03 Pa
    Syy: -2.032E+03 ~ 3.648E+03 Pa
Block 133: 315 nodes (315 active)
  Ux: 0.000 ~ 0.023 mm
  Uy: -0.003 ~ 0.007 mm
  Velocity (315 nodes): peak = 4.302E-04 m/s
    x: -4.107E-04 ~ 0.000E+00  y: -1.281E-04 ~ 5.332E-05
  Acceleration (relative) (315 nodes): peak = 1.411E-02 m/s²
    x: -1.342E-02 ~ 0.000E+00  y: -4.354E-03 ~ 1.554E-03
  Acceleration (absolute) (315 nodes): peak = 1.411E-02 m/s²
    x: -1.342E-02 ~ 1.000E-30  y: -4.354E-03 ~ 1.554E-03
  Nodal force / reaction (315 nodes):
    x: -2.341E+03 ~ 0.000E+00  y: -7.799E+03 ~ 6.504E+03  N
    Σx=-2.486E+04  Σy=-4.338E+03  N
  Stress (315 gauss points, 4 components):
    Sxx: -1.509E+03 ~ 9.592E+02 Pa
    Syy: -1.873E+03 ~ 3.490E+03 Pa
Block 134: 315 nodes (315 active)
  Ux: -0.001 ~ 0.000 mm
  Uy: -0.000 ~ 0.000 mm
  Velocity (315 nodes): peak = 6.943E-04 m/s
    x: -6.613E-04 ~ 0.000E+00  y: -2.116E-04 ~ 7.934E-05
  Acceleration (relative) (315 nodes): peak = 1.563E-03 m/s²
    x: 0.000E+00 ~ 1.514E-03  y: -3.247E-04 ~ 4.564E-04
  Acceleration (absolute) (315 nodes): peak = 1.563E-03 m/s²
    x: 1.000E-30 ~ 1.514E-03  y: -3.247E-04 ~ 4.564E-04
  Nodal force / reaction (315 nodes):
    x: -4.196E-26 ~ 3.602E+02  y: -9.408E+02 ~ 1.058E+03  N
    Σx=3.852E+03  Σy=5.542E+02  N
  Stress (315 gauss points, 4 components):
    Sxx: -8.240E+01 ~ 7.214E+01 Pa
    Syy: -1.724E+02 ~ 3.717E+02 Pa
Block 135: 315 nodes (315 active)
  Ux: -0.021 ~ 0.000 mm
  Uy: -0.007 ~ 0.003 mm
  Velocity (315 nodes): peak = 3.455E-04 m/s
    x: -3.282E-04 ~ 0.000E+00  y: -1.079E-04 ~ 3.678E-05
  Acceleration (relative) (315 nodes): peak = 1.464E-02 m/s²
    x: 0.000E+00 ~ 1.396E-02  y: -1.730E-03 ~ 4.424E-03
  Acceleration (absolute) (315 nodes): peak = 1.464E-02 m/s²
    x: 1.000E-30 ~ 1.396E-02  y: -1.730E-03 ~ 4.424E-03
  Nodal force / reaction (315 nodes):
    x: -4.196E-26 ~ 2.535E+03  y: -6.981E+03 ~ 8.299E+03  N
    Σx=2.696E+04  Σy=4.593E+03  N
  Stress (315 gauss points, 4 components):
    Sxx: -9.103E+02 ~ 1.345E+03 Pa
    Syy: -2.813E+03 ~ 1.581E+03 Pa
Block 136: 315 nodes (315 active)
  Ux: -0.022 ~ 0.000 mm
  Uy: -0.007 ~ 0.003 mm
  Velocity (315 nodes): peak = 2.695E-04 m/s
    x: 0.000E+00 ~ 2.576E-04  y: -3.478E-05 ~ 7.937E-05
  Acceleration (relative) (315 nodes): peak = 1.418E-02 m/s²
    x: 0.000E+00 ~ 1.350E-02  y: -1.584E-03 ~ 4.353E-03
  Acceleration (absolute) (315 nodes): peak = 1.418E-02 m/s²
    x: 1.000E-30 ~ 1.350E-02  y: -1.584E-03 ~ 4.353E-03
  Nodal force / reaction (315 nodes):
    x: -4.196E-26 ~ 2.375E+03  y: -6.589E+03 ~ 7.882E+03  N
    Σx=2.524E+04  Σy=4.362E+03  N
  Stress (315 gauss points, 4 components):
    Sxx: -9.469E+02 ~ 1.472E+03 Pa
    Syy: -3.342E+03 ~ 1.808E+03 Pa
Block 137: 315 nodes (315 active)
  Ux: -0.005 ~ 0.000 mm
  Uy: -0.002 ~ 0.000 mm
  Velocity (315 nodes): peak = 6.051E-04 m/s
    x: 0.000E+00 ~ 5.765E-04  y: -7.003E-05 ~ 1.837E-04
  Acceleration (relative) (315 nodes): peak = 1.683E-03 m/s²
    x: -5.286E-05 ~ 1.580E-03  y: -1.785E-04 ~ 5.810E-04
  Acceleration (absolute) (315 nodes): peak = 1.683E-03 m/s²
    x: -5.286E-05 ~ 1.580E-03  y: -1.785E-04 ~ 5.810E-04
  Nodal force / reaction (315 nodes):
    x: -4.196E-26 ~ 2.050E+02  y: -6.584E+02 ~ 8.260E+02  N
    Σx=2.162E+03  Σy=4.424E+02  N
  Stress (315 gauss points, 4 components):
    Sxx: -2.052E+02 ~ 3.348E+02 Pa
    Syy: -9.816E+02 ~ 4.768E+02 Pa
Block 138: 315 nodes (315 active)
  Ux: 0.000 ~ 0.016 mm
  Uy: -0.002 ~ 0.005 mm
  Velocity (315 nodes): peak = 3.981E-04 m/s
    x: 0.000E+00 ~ 3.786E-04  y: -4.344E-05 ~ 1.232E-04
  Acceleration (relative) (315 nodes): peak = 1.124E-02 m/s²
    x: -1.072E-02 ~ 0.000E+00  y: -3.372E-03 ~ 1.354E-03
  Acceleration (absolute) (315 nodes): peak = 1.124E-02 m/s²
    x: -1.072E-02 ~ 1.000E-30  y: -3.372E-03 ~ 1.354E-03
  Nodal force / reaction (315 nodes):
    x: -1.965E+03 ~ 0.000E+00  y: -6.405E+03 ~ 5.402E+03  N
    Σx=-2.090E+04  Σy=-3.518E+03  N
  Stress (315 gauss points, 4 components):
    Sxx: -9.960E+02 ~ 6.848E+02 Pa
    Syy: -1.153E+03 ~ 2.023E+03 Pa
Block 139: 315 nodes (315 active)
  Ux: 0.000 ~ 0.021 mm
  Uy: -0.003 ~ 0.007 mm
  Velocity (315 nodes): peak = 1.312E-04 m/s
    x: -1.258E-04 ~ 0.000E+00  y: -3.725E-05 ~ 1.922E-05
  Acceleration (relative) (315 nodes): peak = 1.354E-02 m/s²
    x: -1.289E-02 ~ 0.000E+00  y: -4.140E-03 ~ 1.527E-03
  Acceleration (absolute) (315 nodes): peak = 1.354E-02 m/s²
    x: -1.289E-02 ~ 1.000E-30  y: -4.140E-03 ~ 1.527E-03
  Nodal force / reaction (315 nodes):
    x: -2.285E+03 ~ 0.000E+00  y: -7.560E+03 ~ 6.329E+03  N
    Σx=-2.429E+04  Σy=-4.181E+03  N
  Stress (315 gauss points, 4 components):
    Sxx: -1.371E+03 ~ 8.907E+02 Pa
    Syy: -1.669E+03 ~ 3.062E+03 Pa
Block 140: 315 nodes (315 active)
  Ux: 0.000 ~ 0.008 mm
  Uy: -0.001 ~ 0.003 mm
  Velocity (315 nodes): peak = 5.060E-04 m/s
    x: -4.823E-04 ~ 0.000E+00  y: -1.531E-04 ~ 5.928E-05
  Acceleration (relative) (315 nodes): peak = 4.129E-03 m/s²
    x: -3.912E-03 ~ 0.000E+00  y: -1.322E-03 ~ 4.196E-04
  Acceleration (absolute) (315 nodes): peak = 4.129E-03 m/s²
    x: -3.912E-03 ~ 1.000E-30  y: -1.322E-03 ~ 4.196E-04
  Nodal force / reaction (315 nodes):
    x: -6.328E+02 ~ 0.000E+00  y: -2.182E+03 ~ 1.789E+03  N
    Σx=-6.708E+03  Σy=-1.233E+03  N
  Stress (315 gauss points, 4 components):
    Sxx: -5.472E+02 ~ 3.372E+02 Pa
    Syy: -7.211E+02 ~ 1.409E+03 Pa
Block 141: 315 nodes (315 active)
  Ux: -0.011 ~ 0.000 mm
  Uy: -0.003 ~ 0.001 mm
  Velocity (315 nodes): peak = 4.195E-04 m/s
    x: -3.991E-04 ~ 0.000E+00  y: -1.292E-04 ~ 4.641E-05
  Acceleration (relative) (315 nodes): peak = 8.047E-03 m/s²
    x: 0.000E+00 ~ 7.680E-03  y: -9.906E-04 ~ 2.402E-03
  Acceleration (absolute) (315 nodes): peak = 8.047E-03 m/s²
    x: 1.000E-30 ~ 7.680E-03  y: -9.906E-04 ~ 2.402E-03
  Nodal force / reaction (315 nodes):
    x: -4.196E-26 ~ 1.425E+03  y: -3.906E+03 ~ 4.622E+03  N
    Σx=1.516E+04  Σy=2.546E+03  N
  Stress (315 gauss points, 4 components):
    Sxx: -4.759E+02 ~ 6.755E+02 Pa
    Syy: -1.311E+03 ~ 7.643E+02 Pa
Block 142: 315 nodes (315 active)
  Ux: -0.019 ~ 0.000 mm
  Uy: -0.006 ~ 0.002 mm
  Velocity (315 nodes): peak = 1.879E-05 m/s
    x: 0.000E+00 ~ 1.865E-05  y: -6.713E-06 ~ 9.296E-06
  Acceleration (relative) (315 nodes): peak = 1.238E-02 m/s²
    x: 0.000E+00 ~ 1.179E-02  y: -1.412E-03 ~ 3.776E-03
  Acceleration (absolute) (315 nodes): peak = 1.238E-02 m/s²
    x: 1.000E-30 ~ 1.179E-02  y: -1.412E-03 ~ 3.776E-03
  Nodal force / reaction (315 nodes):
    x: -4.196E-26 ~ 2.103E+03  y: -5.814E+03 ~ 6.937E+03  N
    Σx=2.235E+04  Σy=3.841E+03  N
  Stress (315 gauss points, 4 components):
    Sxx: -8.031E+02 ~ 1.224E+03 Pa
    Syy: -2.695E+03 ~ 1.479E+03 Pa
Block 143: 315 nodes (315 active)
  Ux: -0.010 ~ 0.000 mm
  Uy: -0.003 ~ 0.001 mm
  Velocity (315 nodes): peak = 4.042E-04 m/s
    x: 0.000E+00 ~ 3.854E-04  y: -4.802E-05 ~ 1.219E-04
  Acceleration (relative) (315 nodes): peak = 5.816E-03 m/s²
    x: 0.000E+00 ~ 5.524E-03  y: -6.169E-04 ~ 1.818E-03
  Acceleration (absolute) (315 nodes): peak = 5.816E-03 m/s²
    x: 1.000E-30 ~ 5.524E-03  y: -6.169E-04 ~ 1.818E-03
  Nodal force / reaction (315 nodes):
    x: -4.196E-26 ~ 9.346E+02  y: -2.616E+03 ~ 3.155E+03  N
    Σx=9.923E+03  Σy=1.750E+03  N
  Stress (315 gauss points, 4 components):
    Sxx: -4.230E+02 ~ 6.856E+02 Pa
    Syy: -1.670E+03 ~ 8.757E+02 Pa
Block 144: 315 nodes (315 active)
  Ux: 0.000 ~ 0.006 mm
  Uy: -0.001 ~ 0.002 mm
  Velocity (315 nodes): peak = 4.153E-04 m/s
    x: 0.000E+00 ~ 3.953E-04  y: -4.650E-05 ~ 1.273E-04
  Acceleration (relative) (315 nodes): peak = 5.171E-03 m/s²
    x: -4.941E-03 ~ 0.000E+00  y: -1.526E-03 ~ 6.617E-04
  Acceleration (absolute) (315 nodes): peak = 5.171E-03 m/s²
    x: -4.941E-03 ~ 1.000E-30  y: -1.526E-03 ~ 6.617E-04
  Nodal force / reaction (315 nodes):
    x: -9.354E+02 ~ 0.000E+00  y: -3.008E+03 ~ 2.553E+03  N
    Σx=-9.955E+03  Σy=-1.649E+03  N
  Stress (315 gauss points, 4 components):
    Sxx: -3.934E+02 ~ 2.902E+02 Pa
    Syy: -4.245E+02 ~ 6.939E+02 Pa
Block 145: 315 nodes (315 active)
  Ux: 0.000 ~ 0.016 mm
  Uy: -0.002 ~ 0.005 mm
  Velocity (315 nodes): peak = 7.183E-05 m/s
    x: 0.000E+00 ~ 6.773E-05  y: -7.175E-06 ~ 2.393E-05
  Acceleration (relative) (315 nodes): peak = 1.086E-02 m/s²
    x: -1.035E-02 ~ 0.000E+00  y: -3.299E-03 ~ 1.255E-03
  Acceleration (absolute) (315 nodes): peak = 1.086E-02 m/s²
    x: -1.035E-02 ~ 1.000E-30  y: -3.299E-03 ~ 1.255E-03
  Nodal force / reaction (315 nodes):
    x: -1.857E+03 ~ 0.000E+00  y: -6.110E+03 ~ 5.129E+03  N
    Σx=-1.975E+04  Σy=-3.369E+03  N
  Stress (315 gauss points, 4 components):
    Sxx: -1.050E+03 ~ 6.955E+02 Pa
    Syy: -1.258E+03 ~ 2.275E+03 Pa
Block 146: 315 nodes (315 active)
  Ux: 0.000 ~ 0.011 mm
  Uy: -0.001 ~ 0.004 mm
  Velocity (315 nodes): peak = 3.051E-04 m/s
    x: -2.911E-04 ~ 0.000E+00  y: -9.147E-05 ~ 3.693E-05
  Acceleration (relative) (315 nodes): peak = 6.845E-03 m/s²
    x: -6.508E-03 ~ 0.000E+00  y: -2.123E-03 ~ 7.434E-04
  Acceleration (absolute) (315 nodes): peak = 6.845E-03 m/s²
    x: -6.508E-03 ~ 1.000E-30  y: -2.123E-03 ~ 7.434E-04
  Nodal force / reaction (315 nodes):
    x: -1.122E+03 ~ 0.000E+00  y: -3.758E+03 ~ 3.127E+03  N
    Σx=-1.192E+04  Σy=-2.091E+03  N
  Stress (315 gauss points, 4 components):
    Sxx: -7.590E+02 ~ 4.756E+02 Pa
    Syy: -9.524E+02 ~ 1.791E+03 Pa
Block 147: 315 nodes (315 active)
  Ux: -0.003 ~ 0.000 mm
  Uy: -0.001 ~ 0.000 mm
  Velocity (315 nodes): peak = 3.917E-04 m/s
    x: -3.729E-04 ~ 0.000E+00  y: -1.197E-04 ~ 4.428E-05
  Acceleration (relative) (315 nodes): peak = 2.682E-03 m/s²
    x: 0.000E+00 ~ 2.569E-03  y: -3.795E-04 ~ 7.689E-04
  Acceleration (absolute) (315 nodes): peak = 2.682E-03 m/s²
    x: 1.000E-30 ~ 2.569E-03  y: -3.795E-04 ~ 7.689E-04
  Nodal force / reaction (315 nodes):
    x: -4.196E-26 ~ 5.092E+02  y: -1.377E+03 ~ 1.606E+03  N
    Σx=5.425E+03  Σy=8.729E+02  N
  Stress (315 gauss points, 4 components):
    Sxx: -1.317E+02 ~ 1.645E+02 Pa
    Syy: -1.797E+02 ~ 1.398E+02 Pa
Block 148: 315 nodes (315 active)
  Ux: -0.013 ~ 0.000 mm
  Uy: -0.004 ~ 0.002 mm
  Velocity (315 nodes): peak = 1.376E-04 m/s
    x: -1.305E-04 ~ 0.000E+00  y: -4.361E-05 ~ 1.419E-05
  Acceleration (relative) (315 nodes): peak = 9.155E-03 m/s²
    x: 0.000E+00 ~ 8.725E-03  y: -1.069E-03 ~ 2.774E-03
  Acceleration (absolute) (315 nodes): peak = 9.155E-03 m/s²
    x: 1.000E-30 ~ 8.725E-03  y: -1.069E-03 ~ 2.774E-03
  Nodal force / reaction (315 nodes):
    x: -4.196E-26 ~ 1.575E+03  y: -4.343E+03 ~ 5.169E+03  N
    Σx=1.674E+04  Σy=2.858E+03  N
  Stress (315 gauss points, 4 components):
    Sxx: -5.777E+02 ~ 8.631E+02 Pa
    Syy: -1.839E+03 ~ 1.025E+03 Pa
Block 149: 315 nodes (315 active)
  Ux: -0.012 ~ 0.000 mm
  Uy: -0.004 ~ 0.001 mm
  Velocity (315 nodes): peak = 2.132E-04 m/s
    x: 0.000E+00 ~ 2.035E-04  y: -2.647E-05 ~ 6.349E-05
  Acceleration (relative) (315 nodes): peak = 7.304E-03 m/s²
    x: 0.000E+00 ~ 6.949E-03  y: -8.069E-04 ~ 2.250E-03
  Acceleration (absolute) (315 nodes): peak = 7.304E-03 m/s²
    x: 1.000E-30 ~ 6.949E-03  y: -8.069E-04 ~ 2.250E-03
  Nodal force / reaction (315 nodes):
    x: -4.196E-26 ~ 1.213E+03  y: -3.371E+03 ~ 4.039E+03  N
    Σx=1.289E+04  Σy=2.239E+03  N
  Stress (315 gauss points, 4 components):
    Sxx: -4.956E+02 ~ 7.787E+02 Pa
    Syy: -1.797E+03 ~ 9.651E+02 Pa
Block 150: 315 nodes (315 active)
  Ux: -0.000 ~ 0.000 mm
  Uy: -0.000 ~ 0.000 mm
  Velocity (315 nodes): peak = 3.539E-04 m/s
    x: 0.000E+00 ~ 3.371E-04  y: -4.052E-05 ~ 1.078E-04
  Acceleration (relative) (315 nodes): peak = 6.206E-04 m/s²
    x: -6.032E-04 ~ 0.000E+00  y: -2.073E-04 ~ 1.472E-04
  Acceleration (absolute) (315 nodes): peak = 6.206E-04 m/s²
    x: -6.032E-04 ~ 1.000E-30  y: -2.073E-04 ~ 1.472E-04
  Nodal force / reaction (315 nodes):
    x: -1.529E+02 ~ 0.000E+00  y: -4.394E+02 ~ 3.945E+02  N
    Σx=-1.636E+03  Σy=-2.349E+02  N
  Stress (315 gauss points, 4 components):
    Sxx: -3.438E+01 ~ 5.038E+01 Pa
    Syy: -2.277E+02 ~ 1.055E+02 Pa
Block 151: 315 nodes (315 active)
  Ux: 0.000 ~ 0.011 mm
  Uy: -0.001 ~ 0.003 mm
  Velocity (315 nodes): peak = 1.818E-04 m/s
    x: 0.000E+00 ~ 1.727E-04  y: -1.943E-05 ~ 5.670E-05
  Acceleration (relative) (315 nodes): peak = 7.372E-03 m/s²
    x: -7.029E-03 ~ 0.000E+00  y: -2.223E-03 ~ 8.743E-04
  Acceleration (absolute) (315 nodes): peak = 7.372E-03 m/s²
    x: -7.029E-03 ~ 1.000E-30  y: -2.223E-03 ~ 8.743E-04
  Nodal force / reaction (315 nodes):
    x: -1.278E+03 ~ 0.000E+00  y: -4.181E+03 ~ 3.520E+03  N
    Σx=-1.359E+04  Σy=-2.303E+03  N
  Stress (315 gauss points, 4 components):
    Sxx: -6.755E+02 ~ 4.577E+02 Pa
    Syy: -7.929E+02 ~ 1.408E+03 Pa
Block 152: 315 nodes (315 active)
  Ux: 0.000 ~ 0.012 mm
  Uy: -0.001 ~ 0.004 mm
  Velocity (315 nodes): peak = 1.313E-04 m/s
    x: -1.255E-04 ~ 0.000E+00  y: -3.851E-05 ~ 1.707E-05
  Acceleration (relative) (315 nodes): peak = 7.301E-03 m/s²
    x: -6.949E-03 ~ 0.000E+00  y: -2.239E-03 ~ 8.158E-04
  Acceleration (absolute) (315 nodes): peak = 7.301E-03 m/s²
    x: -6.949E-03 ~ 1.000E-30  y: -2.239E-03 ~ 8.158E-04
  Nodal force / reaction (315 nodes):
    x: -1.224E+03 ~ 0.000E+00  y: -4.059E+03 ~ 3.394E+03  N
    Σx=-1.300E+04  Σy=-2.247E+03  N
  Stress (315 gauss points, 4 components):
    Sxx: -7.557E+02 ~ 4.866E+02 Pa
    Syy: -9.274E+02 ~ 1.713E+03 Pa
Block 153: 315 nodes (315 active)
  Ux: 0.000 ~ 0.003 mm
  Uy: -0.000 ~ 0.001 mm
  Velocity (315 nodes): peak = 3.072E-04 m/s
    x: -2.927E-04 ~ 0.000E+00  y: -9.327E-05 ~ 3.559E-05
  Acceleration (relative) (315 nodes): peak = 1.017E-03 m/s²
    x: -9.561E-04 ~ 4.197E-06  y: -3.475E-04 ~ 1.032E-04
  Acceleration (absolute) (315 nodes): peak = 1.017E-03 m/s²
    x: -9.561E-04 ~ 4.197E-06  y: -3.475E-04 ~ 1.032E-04
  Nodal force / reaction (315 nodes):
    x: -1.310E+02 ~ 0.000E+00  y: -5.079E+02 ~ 4.035E+02  N
    Σx=-1.383E+03  Σy=-2.834E+02  N
  Stress (315 gauss points, 4 components):
    Sxx: -1.856E+02 ~ 1.139E+02 Pa
    Syy: -2.609E+02 ~ 5.335E+02 Pa
Block 154: 315 nodes (315 active)
  Ux: -0.008 ~ 0.000 mm
  Uy: -0.002 ~ 0.001 mm
  Velocity (315 nodes): peak = 2.073E-04 m/s
    x: -1.971E-04 ~ 0.000E+00  y: -6.414E-05 ~ 2.264E-05
  Acceleration (relative) (315 nodes): peak = 5.627E-03 m/s²
    x: 0.000E+00 ~ 5.368E-03  y: -6.784E-04 ~ 1.690E-03
  Acceleration (absolute) (315 nodes): peak = 5.627E-03 m/s²
    x: 1.000E-30 ~ 5.368E-03  y: -6.784E-04 ~ 1.690E-03
  Nodal force / reaction (315 nodes):
    x: -4.196E-26 ~ 9.849E+02  y: -2.706E+03 ~ 3.209E+03  N
    Σx=1.047E+04  Σy=1.769E+03  N
  Stress (315 gauss points, 4 components):
    Sxx: -3.420E+02 ~ 4.964E+02 Pa
    Syy: -1.005E+03 ~ 5.738E+02 Pa
Block 155: 315 nodes (315 active)
  Ux: -0.011 ~ 0.000 mm
  Uy: -0.003 ~ 0.001 mm
  Velocity (315 nodes): peak = 6.122E-05 m/s
    x: 0.000E+00 ~ 5.873E-05  y: -9.167E-06 ~ 1.730E-05
  Acceleration (relative) (315 nodes): peak = 6.940E-03 m/s²
    x: 0.000E+00 ~ 6.607E-03  y: -7.828E-04 ~ 2.122E-03
  Acceleration (absolute) (315 nodes): peak = 6.940E-03 m/s²
    x: 1.000E-30 ~ 6.607E-03  y: -7.828E-04 ~ 2.122E-03
  Nodal force / reaction (315 nodes):
    x: -4.196E-26 ~ 1.172E+03  y: -3.244E+03 ~ 3.875E+03  N
    Σx=1.245E+04  Σy=2.146E+03  N
  Stress (315 gauss points, 4 components):
    Sxx: -4.557E+02 ~ 7.004E+02 Pa
    Syy: -1.563E+03 ~ 8.523E+02 Pa
Block 156: 315 nodes (315 active)
  Ux: -0.004 ~ 0.000 mm
  Uy: -0.001 ~ 0.000 mm
  Velocity (315 nodes): peak = 2.558E-04 m/s
    x: 0.000E+00 ~ 2.438E-04  y: -3.001E-05 ~ 7.740E-05
  Acceleration (relative) (315 nodes): peak = 2.234E-03 m/s²
    x: 0.000E+00 ~ 2.118E-03  y: -2.294E-04 ~ 7.104E-04
  Acceleration (absolute) (315 nodes): peak = 2.234E-03 m/s²
    x: 1.000E-30 ~ 2.118E-03  y: -2.294E-04 ~ 7.104E-04
  Nodal force / reaction (315 nodes):
    x: -4.196E-26 ~ 3.453E+02  y: -9.750E+02 ~ 1.185E+03  N
    Σx=3.663E+03  Σy=6.613E+02  N
  Stress (315 gauss points, 4 components):
    Sxx: -1.795E+02 ~ 2.913E+02 Pa
    Syy: -7.442E+02 ~ 3.823E+02 Pa
Block 157: 315 nodes (315 active)
  Ux: 0.000 ~ 0.005 mm
  Uy: -0.001 ~ 0.002 mm
  Velocity (315 nodes): peak = 2.168E-04 m/s
    x: 0.000E+00 ~ 2.062E-04  y: -2.403E-05 ~ 6.669E-05
  Acceleration (relative) (315 nodes): peak = 3.994E-03 m/s²
    x: -3.812E-03 ~ 0.000E+00  y: -1.191E-03 ~ 4.935E-04
  Acceleration (absolute) (315 nodes): peak = 3.994E-03 m/s²
    x: -3.812E-03 ~ 1.000E-30  y: -1.191E-03 ~ 4.935E-04
  Nodal force / reaction (315 nodes):
    x: -7.084E+02 ~ 0.000E+00  y: -2.296E+03 ~ 1.941E+03  N
    Σx=-7.537E+03  Σy=-1.262E+03  N
  Stress (315 gauss points, 4 components):
    Sxx: -3.329E+02 ~ 2.353E+02 Pa
    Syy: -3.754E+02 ~ 6.421E+02 Pa
Block 158: 315 nodes (315 active)
  Ux: 0.000 ~ 0.010 mm
  Uy: -0.001 ~ 0.003 mm
  Velocity (315 nodes): peak = 7.036E-06 m/s
    x: -7.034E-06 ~ 0.000E+00  y: -4.034E-06 ~ 2.970E-06
  Acceleration (relative) (315 nodes): peak = 6.315E-03 m/s²
    x: -6.015E-03 ~ 0.000E+00  y: -1.924E-03 ~ 7.217E-04
  Acceleration (absolute) (315 nodes): peak = 6.315E-03 m/s²
    x: -6.015E-03 ~ 1.000E-30  y: -1.924E-03 ~ 7.217E-04
  Nodal force / reaction (315 nodes):
    x: -1.074E+03 ~ 0.000E+00  y: -3.540E+03 ~ 2.968E+03  N
    Σx=-1.141E+04  Σy=-1.955E+03  N
  Stress (315 gauss points, 4 components):
    Sxx: -6.231E+02 ~ 4.092E+02 Pa
    Syy: -7.521E+02 ~ 1.369E+03 Pa
Block 159: 315 nodes (315 active)
  Ux: 0.000 ~ 0.005 mm
  Uy: -0.001 ~ 0.002 mm
  Velocity (315 nodes): peak = 2.033E-04 m/s
    x: -1.938E-04 ~ 0.000E+00  y: -6.124E-05 ~ 2.420E-05
  Acceleration (relative) (315 nodes): peak = 3.071E-03 m/s²
    x: -2.917E-03 ~ 0.000E+00  y: -9.601E-04 ~ 3.260E-04
  Acceleration (absolute) (315 nodes): peak = 3.071E-03 m/s²
    x: -2.917E-03 ~ 1.000E-30  y: -9.601E-04 ~ 3.260E-04
  Nodal force / reaction (315 nodes):
    x: -4.945E+02 ~ 0.000E+00  y: -1.668E+03 ~ 1.383E+03  N
    Σx=-5.250E+03  Σy=-9.300E+02  N
  Stress (315 gauss points, 4 components):
    Sxx: -3.590E+02 ~ 2.216E+02 Pa
    Syy: -4.576E+02 ~ 8.714E+02 Pa
Block 160: 315 nodes (315 active)
  Ux: -0.003 ~ 0.000 mm
  Uy: -0.001 ~ 0.000 mm
  Velocity (315 nodes): peak = 2.135E-04 m/s
    x: -2.032E-04 ~ 0.000E+00  y: -6.544E-05 ~ 2.391E-05
  Acceleration (relative) (315 nodes): peak = 2.529E-03 m/s²
    x: 0.000E+00 ~ 2.416E-03  y: -3.254E-04 ~ 7.444E-04
  Acceleration (absolute) (315 nodes): peak = 2.529E-03 m/s²
    x: 1.000E-30 ~ 2.416E-03  y: -3.254E-04 ~ 7.444E-04
  Nodal force / reaction (315 nodes):
    x: -4.196E-26 ~ 4.589E+02  y: -1.252E+03 ~ 1.474E+03  N
    Σx=4.885E+03  Σy=8.071E+02  N
  Stress (315 gauss points, 4 components):
    Sxx: -1.408E+02 ~ 1.896E+02 Pa
    Syy: -3.286E+02 ~ 2.029E+02 Pa
Block 161: 315 nodes (315 active)
  Ux: -0.008 ~ 0.000 mm
  Uy: -0.003 ~ 0.001 mm
  Velocity (315 nodes): peak = 4.103E-05 m/s
    x: -3.874E-05 ~ 0.000E+00  y: -1.354E-05 ~ 4.103E-06
  Acceleration (relative) (315 nodes): peak = 5.521E-03 m/s²
    x: 0.000E+00 ~ 5.260E-03  y: -6.380E-04 ~ 1.678E-03
  Acceleration (absolute) (315 nodes): peak = 5.521E-03 m/s²
    x: 1.000E-30 ~ 5.260E-03  y: -6.380E-04 ~ 1.678E-03
  Nodal force / reaction (315 nodes):
    x: -4.196E-26 ~ 9.443E+02  y: -2.607E+03 ~ 3.106E+03  N
    Σx=1.004E+04  Σy=1.717E+03  N
  Stress (315 gauss points, 4 components):
    Sxx: -3.529E+02 ~ 5.323E+02 Pa
    Syy: -1.152E+03 ~ 6.371E+02 Pa
Block 162: 315 nodes (315 active)
  Ux: -0.006 ~ 0.000 mm
  Uy: -0.002 ~ 0.001 mm
  Velocity (315 nodes): peak = 1.525E-04 m/s
    x: 0.000E+00 ~ 1.454E-04  y: -1.849E-05 ~ 4.571E-05
  Acceleration (relative) (315 nodes): peak = 3.568E-03 m/s²
    x: 0.000E+00 ~ 3.393E-03  y: -3.886E-04 ~ 1.105E-03
  Acceleration (absolute) (315 nodes): peak = 3.568E-03 m/s²
    x: 1.000E-30 ~ 3.393E-03  y: -3.886E-04 ~ 1.105E-03
  Nodal force / reaction (315 nodes):
    x: -4.196E-26 ~ 5.861E+02  y: -1.632E+03 ~ 1.961E+03  N
    Σx=6.225E+03  Σy=1.088E+03  N
  Stress (315 gauss points, 4 components):
    Sxx: -2.473E+02 ~ 3.939E+02 Pa
    Syy: -9.271E+02 ~ 4.935E+02 Pa
Block 163: 315 nodes (315 active)
  Ux: 0.000 ~ 0.001 mm
  Uy: -0.000 ~ 0.000 mm
  Velocity (315 nodes): peak = 2.004E-04 m/s
    x: 0.000E+00 ~ 1.908E-04  y: -2.269E-05 ~ 6.120E-05
  Acceleration (relative) (315 nodes): peak = 1.267E-03 m/s²
    x: -1.214E-03 ~ 0.000E+00  y: -3.622E-04 ~ 1.824E-04
  Acceleration (absolute) (315 nodes): peak = 1.267E-03 m/s²
    x: -1.214E-03 ~ 1.000E-30  y: -3.622E-04 ~ 1.824E-04
  Nodal force / reaction (315 nodes):
    x: -2.424E+02 ~ 0.000E+00  y: -7.625E+02 ~ 6.542E+02  N
    Σx=-2.583E+03  Σy=-4.161E+02  N
  Stress (315 gauss points, 4 components):
    Sxx: -7.584E+01 ~ 6.050E+01 Pa
    Syy: -6.186E+01 ~ 7.905E+01 Pa
Block 164: 315 nodes (315 active)
  Ux: 0.000 ~ 0.007 mm
  Uy: -0.001 ~ 0.002 mm
  Velocity (315 nodes): peak = 7.377E-05 m/s
    x: 0.000E+00 ~ 6.999E-05  y: -7.638E-06 ~ 2.332E-05
  Acceleration (relative) (315 nodes): peak = 4.631E-03 m/s²
    x: -4.414E-03 ~ 0.000E+00  y: -1.402E-03 ~ 5.421E-04
  Acceleration (absolute) (315 nodes): peak = 4.631E-03 m/s²
    x: -4.414E-03 ~ 1.000E-30  y: -1.402E-03 ~ 5.421E-04
  Nodal force / reaction (315 nodes):
    x: -7.975E+02 ~ 0.000E+00  y: -2.616E+03 ~ 2.199E+03  N
    Σx=-8.479E+03  Σy=-1.443E+03  N
  Stress (315 gauss points, 4 components):
    Sxx: -4.355E+02 ~ 2.918E+02 Pa
    Syy: -5.165E+02 ~ 9.259E+02 Pa
Block 165: 315 nodes (315 active)
  Ux: 0.000 ~ 0.006 mm
  Uy: -0.001 ~ 0.002 mm
  Velocity (315 nodes): peak = 1.055E-04 m/s
    x: -1.007E-04 ~ 0.000E+00  y: -3.136E-05 ~ 1.315E-05
  Acceleration (relative) (315 nodes): peak = 3.779E-03 m/s²
    x: -3.595E-03 ~ 0.000E+00  y: -1.164E-03 ~ 4.179E-04
  Acceleration (absolute) (315 nodes): peak = 3.779E-03 m/s²
    x: -3.595E-03 ~ 1.000E-30  y: -1.164E-03 ~ 4.179E-04
  Nodal force / reaction (315 nodes):
    x: -6.283E+02 ~ 0.000E+00  y: -2.091E+03 ~ 1.745E+03  N
    Σx=-6.675E+03  Σy=-1.159E+03  N
  Stress (315 gauss points, 4 components):
    Sxx: -4.016E+02 ~ 2.559E+02 Pa
    Syy: -4.971E+02 ~ 9.247E+02 Pa
Block 166: 315 nodes (315 active)
  Ux: -0.000 ~ 0.000 mm
  Uy: -0.000 ~ 0.000 mm
  Velocity (315 nodes): peak = 1.804E-04 m/s
    x: -1.718E-04 ~ 0.000E+00  y: -5.491E-05 ~ 2.067E-05
  Acceleration (relative) (315 nodes): peak = 2.245E-04 m/s²
    x: 0.000E+00 ~ 2.200E-04  y: -6.709E-05 ~ 9.293E-05
  Acceleration (absolute) (315 nodes): peak = 2.245E-04 m/s²
    x: 1.000E-30 ~ 2.200E-04  y: -6.709E-05 ~ 9.293E-05
  Nodal force / reaction (315 nodes):
    x: -4.196E-26 ~ 6.246E+01  y: -1.584E+02 ~ 1.725E+02  N
    Σx=6.697E+02  Σy=8.865E+01  N
  Stress (315 gauss points, 4 components):
    Sxx: -2.994E+01 ~ 2.205E+01 Pa
    Syy: -6.271E+01 ~ 1.359E+02 Pa
Block 167: 315 nodes (315 active)
  Ux: -0.005 ~ 0.000 mm
  Uy: -0.002 ~ 0.001 mm
  Velocity (315 nodes): peak = 9.558E-05 m/s
    x: -9.082E-05 ~ 0.000E+00  y: -2.979E-05 ~ 1.024E-05
  Acceleration (relative) (315 nodes): peak = 3.712E-03 m/s²
    x: 0.000E+00 ~ 3.539E-03  y: -4.406E-04 ~ 1.119E-03
  Acceleration (absolute) (315 nodes): peak = 3.712E-03 m/s²
    x: 1.000E-30 ~ 3.539E-03  y: -4.406E-04 ~ 1.119E-03
  Nodal force / reaction (315 nodes):
    x: -4.196E-26 ~ 6.441E+02  y: -1.773E+03 ~ 2.106E+03  N
    Σx=6.849E+03  Σy=1.162E+03  N
  Stress (315 gauss points, 4 components):
    Sxx: -2.300E+02 ~ 3.389E+02 Pa
    Syy: -7.050E+02 ~ 3.973E+02 Pa
Block 168: 315 nodes (315 active)
  Ux: -0.006 ~ 0.000 mm
  Uy: -0.002 ~ 0.001 mm
  Velocity (315 nodes): peak = 6.380E-05 m/s
    x: 0.000E+00 ~ 6.100E-05  y: -8.349E-06 ~ 1.869E-05
  Acceleration (relative) (315 nodes): peak = 3.756E-03 m/s²
    x: 0.000E+00 ~ 3.575E-03  y: -4.200E-04 ~ 1.152E-03
  Acceleration (absolute) (315 nodes): peak = 3.756E-03 m/s²
    x: 1.000E-30 ~ 3.575E-03  y: -4.200E-04 ~ 1.152E-03
  Nodal force / reaction (315 nodes):
    x: -4.196E-26 ~ 6.300E+02  y: -1.747E+03 ~ 2.089E+03  N
    Σx=6.695E+03  Σy=1.158E+03  N
  Stress (315 gauss points, 4 components):
    Sxx: -2.499E+02 ~ 3.877E+02 Pa
    Syy: -8.773E+02 ~ 4.754E+02 Pa
Block 169: 315 nodes (315 active)
  Ux: -0.001 ~ 0.000 mm
  Uy: -0.000 ~ 0.000 mm
  Velocity (315 nodes): peak = 1.559E-04 m/s
    x: 0.000E+00 ~ 1.486E-04  y: -1.808E-05 ~ 4.732E-05
  Acceleration (relative) (315 nodes): peak = 5.973E-04 m/s²
    x: 0.000E+00 ~ 5.627E-04  y: -5.987E-05 ~ 2.003E-04
  Acceleration (absolute) (315 nodes): peak = 5.973E-04 m/s²
    x: 1.000E-30 ~ 5.627E-04  y: -5.987E-05 ~ 2.003E-04
  Nodal force / reaction (315 nodes):
    x: -4.196E-26 ~ 8.044E+01  y: -2.411E+02 ~ 3.019E+02  N
    Σx=8.503E+02  Σy=1.668E+02  N
  Stress (315 gauss points, 4 components):
    Sxx: -6.281E+01 ~ 1.023E+02 Pa
    Syy: -2.883E+02 ~ 1.422E+02 Pa
Block 170: 315 nodes (315 active)
  Ux: 0.000 ~ 0.004 mm
  Uy: -0.001 ~ 0.001 mm
  Velocity (315 nodes): peak = 1.078E-04 m/s
    x: 0.000E+00 ~ 1.025E-04  y: -1.180E-05 ~ 3.332E-05
  Acceleration (relative) (315 nodes): peak = 2.815E-03 m/s²
    x: -2.686E-03 ~ 0.000E+00  y: -8.447E-04 ~ 3.402E-04
  Acceleration (absolute) (315 nodes): peak = 2.815E-03 m/s²
    x: -2.686E-03 ~ 1.000E-30  y: -8.447E-04 ~ 3.402E-04
  Nodal force / reaction (315 nodes):
    x: -4.933E+02 ~ 0.000E+00  y: -1.607E+03 ~ 1.355E+03  N
    Σx=-5.247E+03  Σy=-8.847E+02  N
  Stress (315 gauss points, 4 components):
    Sxx: -2.472E+02 ~ 1.707E+02 Pa
    Syy: -2.852E+02 ~ 4.986E+02 Pa
Block 171: 315 nodes (315 active)
  Ux: 0.000 ~ 0.005 mm
  Uy: -0.001 ~ 0.002 mm
  Velocity (315 nodes): peak = 2.829E-05 m/s
    x: -2.716E-05 ~ 0.000E+00  y: -7.924E-06 ~ 4.361E-06
  Acceleration (relative) (315 nodes): peak = 3.553E-03 m/s²
    x: -3.383E-03 ~ 0.000E+00  y: -1.086E-03 ~ 4.016E-04
  Acceleration (absolute) (315 nodes): peak = 3.553E-03 m/s²
    x: -3.383E-03 ~ 1.000E-30  y: -1.086E-03 ~ 4.016E-04
  Nodal force / reaction (315 nodes):
    x: -6.004E+02 ~ 0.000E+00  y: -1.985E+03 ~ 1.662E+03  N
    Σx=-6.381E+03  Σy=-1.098E+03  N
  Stress (315 gauss points, 4 components):
    Sxx: -3.579E+02 ~ 2.330E+02 Pa
    Syy: -4.351E+02 ~ 7.972E+02 Pa
Block 172: 315 nodes (315 active)
  Ux: 0.000 ~ 0.002 mm
  Uy: -0.000 ~ 0.001 mm
  Velocity (315 nodes): peak = 1.293E-04 m/s
    x: -1.232E-04 ~ 0.000E+00  y: -3.909E-05 ~ 1.518E-05
  Acceleration (relative) (315 nodes): peak = 1.205E-03 m/s²
    x: -1.143E-03 ~ 0.000E+00  y: -3.827E-04 ~ 1.240E-04
  Acceleration (absolute) (315 nodes): peak = 1.205E-03 m/s²
    x: -1.143E-03 ~ 1.000E-30  y: -3.827E-04 ~ 1.240E-04
  Nodal force / reaction (315 nodes):
    x: -1.874E+02 ~ 0.000E+00  y: -6.419E+02 ~ 5.283E+02  N
    Σx=-1.988E+03  Σy=-3.593E+02  N
  Stress (315 gauss points, 4 components):
    Sxx: -1.547E+02 ~ 9.534E+01 Pa
    Syy: -2.022E+02 ~ 3.926E+02 Pa
Block 173: 315 nodes (315 active)
  Ux: -0.003 ~ 0.000 mm
  Uy: -0.001 ~ 0.000 mm
  Velocity (315 nodes): peak = 1.120E-04 m/s
    x: -1.065E-04 ~ 0.000E+00  y: -3.444E-05 ~ 1.242E-05
  Acceleration (relative) (315 nodes): peak = 1.980E-03 m/s²
    x: 0.000E+00 ~ 1.890E-03  y: -2.454E-04 ~ 5.897E-04
  Acceleration (absolute) (315 nodes): peak = 1.980E-03 m/s²
    x: 1.000E-30 ~ 1.890E-03  y: -2.454E-04 ~ 5.897E-04
  Nodal force / reaction (315 nodes):
    x: -4.196E-26 ~ 3.519E+02  y: -9.639E+02 ~ 1.140E+03  N
    Σx=3.744E+03  Σy=6.261E+02  N
  Stress (315 gauss points, 4 components):
    Sxx: -1.162E+02 ~ 1.638E+02 Pa
    Syy: -3.138E+02 ~ 1.841E+02 Pa
Block 174: 315 nodes (315 active)
  Ux: -0.005 ~ 0.000 mm
  Uy: -0.002 ~ 0.001 mm
  Velocity (315 nodes): peak = 2.947E-06 m/s
    x: -4.569E-07 ~ 2.672E-06  y: -1.279E-06 ~ 1.706E-06
  Acceleration (relative) (315 nodes): peak = 3.221E-03 m/s²
    x: 0.000E+00 ~ 3.068E-03  y: -3.683E-04 ~ 9.813E-04
  Acceleration (absolute) (315 nodes): peak = 3.221E-03 m/s²
    x: 1.000E-30 ~ 3.068E-03  y: -3.683E-04 ~ 9.813E-04
  Nodal force / reaction (315 nodes):
    x: -4.196E-26 ~ 5.478E+02  y: -1.514E+03 ~ 1.806E+03  N
    Σx=5.822E+03  Σy=9.989E+02  N
  Stress (315 gauss points, 4 components):
    Sxx: -2.084E+02 ~ 3.170E+02 Pa
    Syy: -6.957E+02 ~ 3.823E+02 Pa
Block 175: 315 nodes (315 active)
  Ux: -0.003 ~ 0.000 mm
  Uy: -0.001 ~ 0.000 mm
  Velocity (315 nodes): peak = 1.022E-04 m/s
    x: 0.000E+00 ~ 9.744E-05  y: -1.218E-05 ~ 3.078E-05
  Acceleration (relative) (315 nodes): peak = 1.618E-03 m/s²
    x: 0.000E+00 ~ 1.537E-03  y: -1.724E-04 ~ 5.050E-04
  Acceleration (absolute) (315 nodes): peak = 1.618E-03 m/s²
    x: 1.000E-30 ~ 1.537E-03  y: -1.724E-04 ~ 5.050E-04
  Nodal force / reaction (315 nodes):
    x: -4.196E-26 ~ 2.612E+02  y: -7.304E+02 ~ 8.803E+02  N
    Σx=2.774E+03  Σy=4.898E+02  N
  Stress (315 gauss points, 4 components):
    Sxx: -1.159E+02 ~ 1.878E+02 Pa
    Syy: -4.541E+02 ~ 2.388E+02 Pa
Block 176: 315 nodes (315 active)
  Ux: 0.000 ~ 0.002 mm
  Uy: -0.000 ~ 0.000 mm
  Velocity (315 nodes): peak = 1.097E-04 m/s
    x: 0.000E+00 ~ 1.044E-04  y: -1.230E-05 ~ 3.360E-05
  Acceleration (relative) (315 nodes): peak = 1.234E-03 m/s²
    x: -1.180E-03 ~ 0.000E+00  y: -3.629E-04 ~ 1.597E-04
  Acceleration (absolute) (315 nodes): peak = 1.234E-03 m/s²
    x: -1.180E-03 ~ 1.000E-30  y: -3.629E-04 ~ 1.597E-04
  Nodal force / reaction (315 nodes):
    x: -2.247E+02 ~ 0.000E+00  y: -7.206E+02 ~ 6.124E+02  N
    Σx=-2.391E+03  Σy=-3.952E+02  N
  Stress (315 gauss points, 4 components):
    Sxx: -9.096E+01 ~ 6.812E+01 Pa
    Syy: -9.650E+01 ~ 1.548E+02 Pa
Block 177: 315 nodes (315 active)
  Ux: 0.000 ~ 0.004 mm
  Uy: -0.001 ~ 0.001 mm
  Velocity (315 nodes): peak = 2.315E-05 m/s
    x: 0.000E+00 ~ 2.188E-05  y: -2.317E-06 ~ 7.576E-06
  Acceleration (relative) (315 nodes): peak = 2.804E-03 m/s²
    x: -2.672E-03 ~ 0.000E+00  y: -8.513E-04 ~ 3.246E-04
  Acceleration (absolute) (315 nodes): peak = 2.804E-03 m/s²
    x: -2.672E-03 ~ 1.000E-30  y: -8.513E-04 ~ 3.246E-04
  Nodal force / reaction (315 nodes):
    x: -4.799E+02 ~ 0.000E+00  y: -1.578E+03 ~ 1.325E+03  N
    Σx=-5.102E+03  Σy=-8.714E+02  N
  Stress (315 gauss points, 4 components):
    Sxx: -2.697E+02 ~ 1.790E+02 Pa
    Syy: -3.225E+02 ~ 5.826E+02 Pa
Block 178: 315 nodes (315 active)
  Ux: 0.000 ~ 0.003 mm
  Uy: -0.000 ~ 0.001 mm
  Velocity (315 nodes): peak = 7.611E-05 m/s
    x: -7.262E-05 ~ 0.000E+00  y: -2.280E-05 ~ 9.252E-06
  Acceleration (relative) (315 nodes): peak = 1.858E-03 m/s²
    x: -1.767E-03 ~ 0.000E+00  y: -5.752E-04 ~ 2.028E-04
  Acceleration (absolute) (315 nodes): peak = 1.858E-03 m/s²
    x: -1.767E-03 ~ 1.000E-30  y: -5.752E-04 ~ 2.028E-04
  Nodal force / reaction (315 nodes):
    x: -3.057E+02 ~ 0.000E+00  y: -1.022E+03 ~ 8.512E+02  N
    Σx=-3.247E+03  Σy=-5.674E+02  N
  Stress (315 gauss points, 4 components):
    Sxx: -2.042E+02 ~ 1.284E+02 Pa
    Syy: -2.555E+02 ~ 4.795E+02 Pa
Block 179: 315 nodes (315 active)
  Ux: -0.001 ~ 0.000 mm
  Uy: -0.000 ~ 0.000 mm
  Velocity (315 nodes): peak = 1.025E-04 m/s
    x: -9.761E-05 ~ 0.000E+00  y: -3.130E-05 ~ 1.162E-05
  Acceleration (relative) (315 nodes): peak = 5.939E-04 m/s²
    x: 0.000E+00 ~ 5.695E-04  y: -8.747E-05 ~ 1.685E-04
  Acceleration (absolute) (315 nodes): peak = 5.939E-04 m/s²
    x: 1.000E-30 ~ 5.695E-04  y: -8.747E-05 ~ 1.685E-04
  Nodal force / reaction (315 nodes):
    x: -4.196E-26 ~ 1.149E+02  y: -3.094E+02 ~ 3.597E+02  N
    Σx=1.224E+03  Σy=1.953E+02  N
  Stress (315 gauss points, 4 components):
    Sxx: -2.746E+01 ~ 3.460E+01 Pa
    Syy: -3.686E+01 ~ 2.900E+01 Pa
Block 180: 315 nodes (315 active)
  Ux: -0.003 ~ 0.000 mm
  Uy: -0.001 ~ 0.000 mm
  Velocity (315 nodes): peak = 3.945E-05 m/s
    x: -3.744E-05 ~ 0.000E+00  y: -1.245E-05 ~ 4.095E-06
  Acceleration (relative) (315 nodes): peak = 2.342E-03 m/s²
    x: 0.000E+00 ~ 2.232E-03  y: -2.745E-04 ~ 7.088E-04
  Acceleration (absolute) (315 nodes): peak = 2.342E-03 m/s²
    x: 1.000E-30 ~ 2.232E-03  y: -2.745E-04 ~ 7.088E-04
  Nodal force / reaction (315 nodes):
    x: -4.196E-26 ~ 4.036E+02  y: -1.113E+03 ~ 1.323E+03  N
    Σx=4.291E+03  Σy=7.305E+02  N
  Stress (315 gauss points, 4 components):
    Sxx: -1.474E+02 ~ 2.196E+02 Pa
    Syy: -4.661E+02 ~ 2.602E+02 Pa
Block 181: 315 nodes (315 active)
  Ux: -0.003 ~ 0.000 mm
  Uy: -0.001 ~ 0.000 mm
  Velocity (315 nodes): peak = 5.212E-05 m/s
    x: 0.000E+00 ~ 4.977E-05  y: -6.519E-06 ~ 1.548E-05
  Acceleration (relative) (315 nodes): peak = 1.954E-03 m/s²
    x: 0.000E+00 ~ 1.859E-03  y: -2.163E-04 ~ 6.015E-04
  Acceleration (absolute) (315 nodes): peak = 1.954E-03 m/s²
    x: 1.000E-30 ~ 1.859E-03  y: -2.163E-04 ~ 6.015E-04
  Nodal force / reaction (315 nodes):
    x: -4.196E-26 ~ 3.252E+02  y: -9.031E+02 ~ 1.082E+03  N
    Σx=3.454E+03  Σy=5.998E+02  N
  Stress (315 gauss points, 4 components):
    Sxx: -1.320E+02 ~ 2.069E+02 Pa
    Syy: -4.757E+02 ~ 2.559E+02 Pa
Block 182: 315 nodes (315 active)
  Ux: -0.000 ~ 0.000 mm
  Uy: -0.000 ~ 0.000 mm
  Velocity (315 nodes): peak = 9.189E-05 m/s
    x: 0.000E+00 ~ 8.753E-05  y: -1.054E-05 ~ 2.797E-05
  Acceleration (relative) (315 nodes): peak = 7.946E-05 m/s²
    x: -7.910E-05 ~ 0.000E+00  y: -4.124E-05 ~ 2.996E-05
  Acceleration (absolute) (315 nodes): peak = 7.946E-05 m/s²
    x: -7.910E-05 ~ 1.000E-30  y: -4.124E-05 ~ 2.996E-05
  Nodal force / reaction (315 nodes):
    x: -2.389E+01 ~ 0.000E+00  y: -6.186E+01 ~ 5.874E+01  N
    Σx=-2.568E+02  Σy=-3.145E+01  N
  Stress (315 gauss points, 4 components):
    Sxx: -1.354E+01 ~ 1.897E+01 Pa
    Syy: -7.926E+01 ~ 3.652E+01 Pa
Block 183: 315 nodes (315 active)
  Ux: 0.000 ~ 0.003 mm
  Uy: -0.000 ~ 0.001 mm
  Velocity (315 nodes): peak = 5.016E-05 m/s
    x: 0.000E+00 ~ 4.767E-05  y: -5.389E-06 ~ 1.562E-05
  Acceleration (relative) (315 nodes): peak = 1.868E-03 m/s²
    x: -1.781E-03 ~ 0.000E+00  y: -5.630E-04 ~ 2.221E-04
  Acceleration (absolute) (315 nodes): peak = 1.868E-03 m/s²
    x: -1.781E-03 ~ 1.000E-30  y: -5.630E-04 ~ 2.221E-04
  Nodal force / reaction (315 nodes):
    x: -3.244E+02 ~ 0.000E+00  y: -1.060E+03 ~ 8.928E+02  N
    Σx=-3.449E+03  Σy=-5.845E+02  N
  Stress (315 gauss points, 4 components):
    Sxx: -1.700E+02 ~ 1.155E+02 Pa
    Syy: -1.990E+02 ~ 3.526E+02 Pa
Block 184: 315 nodes (315 active)
  Ux: 0.000 ~ 0.003 mm
  Uy: -0.000 ~ 0.001 mm
  Velocity (315 nodes): peak = 3.092E-05 m/s
    x: -2.957E-05 ~ 0.000E+00  y: -9.035E-06 ~ 4.079E-06
  Acceleration (relative) (315 nodes): peak = 1.931E-03 m/s²
    x: -1.838E-03 ~ 0.000E+00  y: -5.920E-04 ~ 2.162E-04
  Acceleration (absolute) (315 nodes): peak = 1.931E-03 m/s²
    x: -1.838E-03 ~ 1.000E-30  y: -5.920E-04 ~ 2.162E-04
  Nodal force / reaction (315 nodes):
    x: -3.242E+02 ~ 0.000E+00  y: -1.075E+03 ~ 8.989E+02  N
    Σx=-3.445E+03  Σy=-5.950E+02  N
  Stress (315 gauss points, 4 components):
    Sxx: -1.988E+02 ~ 1.283E+02 Pa
    Syy: -2.436E+02 ~ 4.492E+02 Pa
Block 185: 315 nodes (315 active)
  Ux: 0.000 ~ 0.001 mm
  Uy: -0.000 ~ 0.000 mm
  Velocity (315 nodes): peak = 7.910E-05 m/s
    x: -7.538E-05 ~ 0.000E+00  y: -2.400E-05 ~ 9.186E-06
  Acceleration (relative) (315 nodes): peak = 3.449E-04 m/s²
    x: -3.253E-04 ~ 0.000E+00  y: -1.145E-04 ~ 3.447E-05
  Acceleration (absolute) (315 nodes): peak = 3.449E-04 m/s²
    x: -3.253E-04 ~ 1.000E-30  y: -1.145E-04 ~ 3.447E-05
  Nodal force / reaction (315 nodes):
    x: -4.790E+01 ~ 0.000E+00  y: -1.760E+02 ~ 1.406E+02  N
    Σx=-5.067E+02  Σy=-9.805E+01  N
  Stress (315 gauss points, 4 components):
    Sxx: -5.600E+01 ~ 3.441E+01 Pa
    Syy: -7.708E+01 ~ 1.553E+02 Pa
Block 186: 315 nodes (315 active)
  Ux: -0.002 ~ 0.000 mm
  Uy: -0.001 ~ 0.000 mm
  Velocity (315 nodes): peak = 5.601E-05 m/s
    x: -5.327E-05 ~ 0.000E+00  y: -1.731E-05 ~ 6.139E-06
  Acceleration (relative) (315 nodes): peak = 1.407E-03 m/s²
    x: 0.000E+00 ~ 1.343E-03  y: -1.704E-04 ~ 4.220E-04
  Acceleration (absolute) (315 nodes): peak = 1.407E-03 m/s²
    x: 1.000E-30 ~ 1.343E-03  y: -1.704E-04 ~ 4.220E-04
  Nodal force / reaction (315 nodes):
    x: -4.196E-26 ~ 2.469E+02  y: -6.781E+02 ~ 8.038E+02  N
    Σx=2.626E+03  Σy=4.425E+02  N
  Stress (315 gauss points, 4 components):
    Sxx: -8.509E+01 ~ 1.230E+02 Pa
    Syy: -2.471E+02 ~ 1.416E+02 Pa
Block 187: 315 nodes (315 active)
  Ux: -0.003 ~ 0.000 mm
  Uy: -0.001 ~ 0.000 mm
  Velocity (315 nodes): peak = 1.293E-05 m/s
    x: 0.000E+00 ~ 1.243E-05  y: -2.062E-06 ~ 3.585E-06
  Acceleration (relative) (315 nodes): peak = 1.819E-03 m/s²
    x: 0.000E+00 ~ 1.732E-03  y: -2.058E-04 ~ 5.557E-04
  Acceleration (absolute) (315 nodes): peak = 1.819E-03 m/s²
    x: 1.000E-30 ~ 1.732E-03  y: -2.058E-04 ~ 5.557E-04
  Nodal force / reaction (315 nodes):
    x: -4.196E-26 ~ 3.075E+02  y: -8.512E+02 ~ 1.016E+03  N
    Σx=3.268E+03  Σy=5.625E+02  N
  Stress (315 gauss points, 4 components):
    Sxx: -1.191E+02 ~ 1.827E+02 Pa
    Syy: -4.065E+02 ~ 2.220E+02 Pa
Block 188: 315 nodes (315 active)
  Ux: -0.001 ~ 0.000 mm
  Uy: -0.000 ~ 0.000 mm
  Velocity (315 nodes): peak = 6.528E-05 m/s
    x: 0.000E+00 ~ 6.223E-05  y: -7.679E-06 ~ 1.974E-05
  Acceleration (relative) (315 nodes): peak = 6.478E-04 m/s²
    x: 0.000E+00 ~ 6.145E-04  y: -6.691E-05 ~ 2.051E-04
  Acceleration (absolute) (315 nodes): peak = 6.478E-04 m/s²
    x: 1.000E-30 ~ 6.145E-04  y: -6.691E-05 ~ 2.051E-04
  Nodal force / reaction (315 nodes):
    x: -4.196E-26 ~ 1.013E+02  y: -2.853E+02 ~ 3.461E+02  N
    Σx=1.075E+03  Σy=1.934E+02  N
  Stress (315 gauss points, 4 components):
    Sxx: -5.054E+01 ~ 8.199E+01 Pa
    Syy: -2.067E+02 ~ 1.068E+02 Pa
Block 189: 315 nodes (315 active)
  Ux: 0.000 ~ 0.001 mm
  Uy: -0.000 ~ 0.000 mm
  Velocity (315 nodes): peak = 5.779E-05 m/s
    x: 0.000E+00 ~ 5.499E-05  y: -6.421E-06 ~ 1.777E-05
  Acceleration (relative) (315 nodes): peak = 9.806E-04 m/s²
    x: -9.362E-04 ~ 0.000E+00  y: -2.918E-04 ~ 1.219E-04
  Acceleration (absolute) (315 nodes): peak = 9.806E-04 m/s²
    x: -9.362E-04 ~ 1.000E-30  y: -2.918E-04 ~ 1.219E-04
  Nodal force / reaction (315 nodes):
    x: -1.746E+02 ~ 0.000E+00  y: -5.649E+02 ~ 4.780E+02  N
    Σx=-1.857E+03  Σy=-3.105E+02  N
  Stress (315 gauss points, 4 components):
    Sxx: -8.046E+01 ~ 5.728E+01 Pa
    Syy: -9.009E+01 ~ 1.530E+02 Pa
Block 190: 315 nodes (315 active)
  Ux: 0.000 ~ 0.002 mm
  Uy: -0.000 ~ 0.001 mm
  Velocity (315 nodes): peak = 1.708E-06 m/s
    x: -1.081E-06 ~ 1.496E-06  y: -6.903E-07 ~ 8.234E-07
  Acceleration (relative) (315 nodes): peak = 1.642E-03 m/s²
    x: -1.564E-03 ~ 0.000E+00  y: -5.000E-04 ~ 1.880E-04
  Acceleration (absolute) (315 nodes): peak = 1.642E-03 m/s²
    x: -1.564E-03 ~ 1.000E-30  y: -5.000E-04 ~ 1.880E-04
  Nodal force / reaction (315 nodes):
    x: -2.794E+02 ~ 0.000E+00  y: -9.210E+02 ~ 7.724E+02  N
    Σx=-2.970E+03  Σy=-5.090E+02  N
  Stress (315 gauss points, 4 components):
    Sxx: -1.612E+02 ~ 1.061E+02 Pa
    Syy: -1.943E+02 ~ 3.533E+02 Pa
Block 191: 315 nodes (315 active)
  Ux: 0.000 ~ 0.001 mm
  Uy: -0.000 ~ 0.000 mm
  Velocity (315 nodes): peak = 5.133E-05 m/s
    x: -4.895E-05 ~ 0.000E+00  y: -1.545E-05 ~ 6.131E-06
  Acceleration (relative) (315 nodes): peak = 8.511E-04 m/s²
    x: -8.087E-04 ~ 0.000E+00  y: -2.654E-04 ~ 9.100E-05
  Acceleration (absolute) (315 nodes): peak = 8.511E-04 m/s²
    x: -8.087E-04 ~ 1.000E-30  y: -2.654E-04 ~ 9.100E-05
  Nodal force / reaction (315 nodes):
    x: -1.378E+02 ~ 0.000E+00  y: -4.638E+02 ~ 3.850E+02  N
    Σx=-1.463E+03  Σy=-2.580E+02  N
  Stress (315 gauss points, 4 components):
    Sxx: -9.813E+01 ~ 6.058E+01 Pa
    Syy: -1.246E+02 ~ 2.364E+02 Pa
Block 192: 315 nodes (315 active)
  Ux: -0.001 ~ 0.000 mm
  Uy: -0.000 ~ 0.000 mm
  Velocity (315 nodes): peak = 5.633E-05 m/s
    x: -5.362E-05 ~ 0.000E+00  y: -1.725E-05 ~ 6.322E-06
  Acceleration (relative) (315 nodes): peak = 6.008E-04 m/s²
    x: 0.000E+00 ~ 5.744E-04  y: -7.826E-05 ~ 1.762E-04
  Acceleration (absolute) (315 nodes): peak = 6.008E-04 m/s²
    x: 1.000E-30 ~ 5.744E-04  y: -7.826E-05 ~ 1.762E-04
  Nodal force / reaction (315 nodes):
    x: -4.196E-26 ~ 1.098E+02  y: -2.990E+02 ~ 3.516E+02  N
    Σx=1.169E+03  Σy=1.925E+02  N
  Stress (315 gauss points, 4 components):
    Sxx: -3.285E+01 ~ 4.347E+01 Pa
    Syy: -7.236E+01 ~ 4.565E+01 Pa
Block 193: 315 nodes (315 active)
  Ux: -0.002 ~ 0.000 mm
  Uy: -0.001 ~ 0.000 mm
  Velocity (315 nodes): peak = 1.294E-05 m/s
    x: -1.224E-05 ~ 0.000E+00  y: -4.208E-06 ~ 1.294E-06
  Acceleration (relative) (315 nodes): peak = 1.424E-03 m/s²
    x: 0.000E+00 ~ 1.356E-03  y: -1.650E-04 ~ 4.321E-04
  Acceleration (absolute) (315 nodes): peak = 1.424E-03 m/s²
    x: 1.000E-30 ~ 1.356E-03  y: -1.650E-04 ~ 4.321E-04
  Nodal force / reaction (315 nodes):
    x: -4.196E-26 ~ 2.438E+02  y: -6.730E+02 ~ 8.015E+02  N
    Σx=2.592E+03  Σy=4.427E+02  N
  Stress (315 gauss points, 4 components):
    Sxx: -9.075E+01 ~ 1.366E+02 Pa
    Syy: -2.946E+02 ~ 1.632E+02 Pa
Block 194: 315 nodes (315 active)
  Ux: -0.002 ~ 0.000 mm
  Uy: -0.001 ~ 0.000 mm
  Velocity (315 nodes): peak = 3.797E-05 m/s
    x: 0.000E+00 ~ 3.623E-05  y: -4.626E-06 ~ 1.137E-05
  Acceleration (relative) (315 nodes): peak = 9.672E-04 m/s²
    x: 0.000E+00 ~ 9.197E-04  y: -1.057E-04 ~ 2.992E-04
  Acceleration (absolute) (315 nodes): peak = 9.672E-04 m/s²
    x: 1.000E-30 ~ 9.197E-04  y: -1.057E-04 ~ 2.992E-04
  Nodal force / reaction (315 nodes):
    x: -4.196E-26 ~ 1.593E+02  y: -4.434E+02 ~ 5.323E+02  N
    Σx=1.692E+03  Σy=2.955E+02  N
  Stress (315 gauss points, 4 components):
    Sxx: -6.666E+01 ~ 1.058E+02 Pa
    Syy: -2.479E+02 ~ 1.322E+02 Pa
Block 195: 315 nodes (315 active)
  Ux: 0.000 ~ 0.000 mm
  Uy: -0.000 ~ 0.000 mm
  Velocity (315 nodes): peak = 5.241E-05 m/s
    x: 0.000E+00 ~ 4.991E-05  y: -5.949E-06 ~ 1.600E-05
  Acceleration (relative) (315 nodes): peak = 2.763E-04 m/s²
    x: -2.651E-04 ~ 0.000E+00  y: -7.789E-05 ~ 4.171E-05
  Acceleration (absolute) (315 nodes): peak = 2.763E-04 m/s²
    x: -2.651E-04 ~ 1.000E-30  y: -7.789E-05 ~ 4.171E-05
  Nodal force / reaction (315 nodes):
    x: -5.407E+01 ~ 0.000E+00  y: -1.686E+02 ~ 1.453E+02  N
    Σx=-5.763E+02  Σy=-9.159E+01  N
  Stress (315 gauss points, 4 components):
    Sxx: -1.555E+01 ~ 1.227E+01 Pa
    Syy: -1.349E+01 ~ 1.705E+01 Pa
Block 196: 315 nodes (315 active)
  Ux: 0.000 ~ 0.002 mm
  Uy: -0.000 ~ 0.001 mm
  Velocity (315 nodes): peak = 2.104E-05 m/s
    x: 0.000E+00 ~ 1.997E-05  y: -2.190E-06 ~ 6.627E-06
  Acceleration (relative) (315 nodes): peak = 1.184E-03 m/s²
    x: -1.128E-03 ~ 0.000E+00  y: -3.581E-04 ~ 1.389E-04
  Acceleration (absolute) (315 nodes): peak = 1.184E-03 m/s²
    x: -1.128E-03 ~ 1.000E-30  y: -3.581E-04 ~ 1.389E-04
  Nodal force / reaction (315 nodes):
    x: -2.041E+02 ~ 0.000E+00  y: -6.692E+02 ~ 5.627E+02  N
    Σx=-2.170E+03  Σy=-3.693E+02  N
  Stress (315 gauss points, 4 components):
    Sxx: -1.107E+02 ~ 7.436E+01 Pa
    Syy: -1.310E+02 ~ 2.345E+02 Pa
Block 197: 315 nodes (315 active)
  Ux: 0.000 ~ 0.002 mm
  Uy: -0.000 ~ 0.001 mm
  Velocity (315 nodes): peak = 2.572E-05 m/s
    x: -2.456E-05 ~ 0.000E+00  y: -7.630E-06 ~ 3.229E-06
  Acceleration (relative) (315 nodes): peak = 1.010E-03 m/s²
    x: -9.605E-04 ~ 0.000E+00  y: -3.106E-04 ~ 1.119E-04
  Acceleration (absolute) (315 nodes): peak = 1.010E-03 m/s²
    x: -9.605E-04 ~ 1.000E-30  y: -3.106E-04 ~ 1.119E-04
  Nodal force / reaction (315 nodes):
    x: -1.682E+02 ~ 0.000E+00  y: -5.593E+02 ~ 4.670E+02  N
    Σx=-1.787E+03  Σy=-3.100E+02  N
  Stress (315 gauss points, 4 components):
    Sxx: -1.066E+02 ~ 6.809E+01 Pa
    Syy: -1.317E+02 ~ 2.445E+02 Pa
Block 198: 315 nodes (315 active)
  Ux: -0.000 ~ 0.000 mm
  Uy: -0.000 ~ 0.000 mm
  Velocity (315 nodes): peak = 4.679E-05 m/s
    x: -4.457E-05 ~ 0.000E+00  y: -1.423E-05 ~ 5.375E-06
  Acceleration (relative) (315 nodes): peak = 3.012E-05 m/s²
    x: 0.000E+00 ~ 2.999E-05  y: -1.316E-05 ~ 1.779E-05
  Acceleration (absolute) (315 nodes): peak = 3.012E-05 m/s²
    x: 1.000E-30 ~ 2.999E-05  y: -1.316E-05 ~ 1.779E-05
  Nodal force / reaction (315 nodes):
    x: -4.196E-26 ~ 8.140E+00  y: -1.878E+01 ~ 1.820E+01  N
    Σx=8.799E+01  Σy=8.528E+00  N
  Stress (315 gauss points, 4 components):
    Sxx: -1.199E+01 ~ 8.078E+00 Pa
    Syy: -2.092E+01 ~ 4.549E+01 Pa
Block 199: 315 nodes (315 active)
  Ux: -0.001 ~ 0.000 mm
  Uy: -0.000 ~ 0.000 mm
  Velocity (315 nodes): peak = 2.630E-05 m/s
    x: -2.499E-05 ~ 0.000E+00  y: -8.180E-06 ~ 2.832E-06
  Acceleration (relative) (315 nodes): peak = 9.392E-04 m/s²
    x: 0.000E+00 ~ 8.956E-04  y: -1.119E-04 ~ 2.830E-04
  Acceleration (absolute) (315 nodes): peak = 9.392E-04 m/s²
    x: 1.000E-30 ~ 8.956E-04  y: -1.119E-04 ~ 2.830E-04
  Nodal force / reaction (315 nodes):
    x: -4.196E-26 ~ 1.633E+02  y: -4.493E+02 ~ 5.335E+02  N
    Σx=1.736E+03  Σy=2.941E+02  N
  Stress (315 gauss points, 4 components):
    Sxx: -5.797E+01 ~ 8.517E+01 Pa
    Syy: -1.762E+02 ~ 9.957E+01 Pa
Block 200: 315 nodes (315 active)
  Ux: -0.002 ~ 0.000 mm
  Uy: -0.001 ~ 0.000 mm
  Velocity (315 nodes): peak = 1.494E-05 m/s
    x: 0.000E+00 ~ 1.429E-05  y: -1.992E-06 ~ 4.354E-06
  Acceleration (relative) (315 nodes): peak = 9.927E-04 m/s²
    x: 0.000E+00 ~ 9.449E-04  y: -1.112E-04 ~ 3.042E-04
  Acceleration (absolute) (315 nodes): peak = 9.927E-04 m/s²
    x: 1.000E-30 ~ 9.449E-04  y: -1.112E-04 ~ 3.042E-04
  Nodal force / reaction (315 nodes):
    x: -4.196E-26 ~ 1.668E+02  y: -4.622E+02 ~ 5.527E+02  N
    Σx=1.772E+03  Σy=3.060E+02  N
  Stress (315 gauss points, 4 components):
    Sxx: -6.585E+01 ~ 1.019E+02 Pa
    Syy: -2.299E+02 ~ 1.248E+02 Pa
Block 201: 315 nodes (315 active)
  Ux: -0.000 ~ 0.000 mm
  Uy: -0.000 ~ 0.000 mm
  Velocity (315 nodes): peak = 4.011E-05 m/s
    x: 0.000E+00 ~ 3.823E-05  y: -4.664E-06 ~ 1.217E-05
  Acceleration (relative) (315 nodes): peak = 1.962E-04 m/s²
    x: 0.000E+00 ~ 1.853E-04  y: -1.963E-05 ~ 6.457E-05
  Acceleration (absolute) (315 nodes): peak = 1.962E-04 m/s²
    x: 1.000E-30 ~ 1.853E-04  y: -1.963E-05 ~ 6.457E-05
  Nodal force / reaction (315 nodes):
    x: -4.196E-26 ~ 2.793E+01  y: -8.074E+01 ~ 1.009E+02  N
    Σx=2.956E+02  Σy=5.628E+01  N
  Stress (315 gauss points, 4 components):
    Sxx: -1.875E+01 ~ 3.050E+01 Pa
    Syy: -8.338E+01 ~ 4.163E+01 Pa
Block 202: 315 nodes (315 active)
  Ux: 0.000 ~ 0.001 mm
  Uy: -0.000 ~ 0.000 mm
  Velocity (315 nodes): peak = 2.908E-05 m/s
    x: 0.000E+00 ~ 2.766E-05  y: -3.193E-06 ~ 8.982E-06
  Acceleration (relative) (315 nodes): peak = 7.031E-04 m/s²
    x: -6.707E-04 ~ 0.000E+00  y: -2.107E-04 ~ 8.532E-05
  Acceleration (absolute) (315 nodes): peak = 7.031E-04 m/s²
    x: -6.707E-04 ~ 1.000E-30  y: -2.107E-04 ~ 8.532E-05
  Nodal force / reaction (315 nodes):
    x: -1.235E+02 ~ 0.000E+00  y: -4.018E+02 ~ 3.391E+02  N
    Σx=-1.313E+03  Σy=-2.212E+02  N
  Stress (315 gauss points, 4 components):
    Sxx: -6.113E+01 ~ 4.239E+01 Pa
    Syy: -7.024E+01 ~ 1.223E+02 Pa
Block 203: 315 nodes (315 active)
  Ux: 0.000 ~ 0.001 mm
  Uy: -0.000 ~ 0.000 mm
  Velocity (315 nodes): peak = 5.833E-06 m/s
    x: -5.610E-06 ~ 0.000E+00  y: -1.596E-06 ~ 9.685E-07
  Acceleration (relative) (315 nodes): peak = 9.307E-04 m/s²
    x: -8.862E-04 ~ 0.000E+00  y: -2.842E-04 ~ 1.054E-04
  Acceleration (absolute) (315 nodes): peak = 9.307E-04 m/s²
    x: -8.862E-04 ~ 1.000E-30  y: -2.842E-04 ~ 1.054E-04
  Nodal force / reaction (315 nodes):
    x: -1.575E+02 ~ 0.000E+00  y: -5.203E+02 ~ 4.358E+02  N
    Σx=-1.674E+03  Σy=-2.878E+02  N
  Stress (315 gauss points, 4 components):
    Sxx: -9.328E+01 ~ 6.086E+01 Pa
    Syy: -1.132E+02 ~ 2.072E+02 Pa
Block 204: 315 nodes (315 active)
  Ux: 0.000 ~ 0.001 mm
  Uy: -0.000 ~ 0.000 mm
  Velocity (315 nodes): peak = 3.295E-05 m/s
    x: -3.141E-05 ~ 0.000E+00  y: -9.959E-06 ~ 3.882E-06
  Acceleration (relative) (315 nodes): peak = 3.471E-04 m/s²
    x: -3.293E-04 ~ 0.000E+00  y: -1.097E-04 ~ 3.596E-05
  Acceleration (absolute) (315 nodes): peak = 3.471E-04 m/s²
    x: -3.293E-04 ~ 1.000E-30  y: -1.097E-04 ~ 3.596E-05
  Nodal force / reaction (315 nodes):
    x: -5.456E+01 ~ 0.000E+00  y: -1.860E+02 ~ 1.535E+02  N
    Σx=-5.789E+02  Σy=-1.039E+02  N
  Stress (315 gauss points, 4 components):
    Sxx: -4.337E+01 ~ 2.674E+01 Pa
    Syy: -5.629E+01 ~ 1.087E+02 Pa
Block 205: 315 nodes (315 active)
  Ux: -0.001 ~ 0.000 mm
  Uy: -0.000 ~ 0.000 mm
  Velocity (315 nodes): peak = 2.981E-05 m/s
    x: -2.837E-05 ~ 0.000E+00  y: -9.162E-06 ~ 3.316E-06
  Acceleration (relative) (315 nodes): peak = 4.850E-04 m/s²
    x: 0.000E+00 ~ 4.631E-04  y: -6.051E-05 ~ 1.442E-04
  Acceleration (absolute) (315 nodes): peak = 4.850E-04 m/s²
    x: 1.000E-30 ~ 4.631E-04  y: -6.051E-05 ~ 1.442E-04
  Nodal force / reaction (315 nodes):
    x: -4.196E-26 ~ 8.650E+01  y: -2.368E+02 ~ 2.797E+02  N
    Σx=9.204E+02  Σy=1.537E+02  N
  Stress (315 gauss points, 4 components):
    Sxx: -2.820E+01 ~ 3.945E+01 Pa
    Syy: -7.441E+01 ~ 4.400E+01 Pa
Block 206: 315 nodes (315 active)
  Ux: -0.001 ~ 0.000 mm
  Uy: -0.000 ~ 0.000 mm
  Velocity (315 nodes): peak = 1.539E-06 m/s
    x: -1.406E-06 ~ 4.476E-07  y: -6.256E-07 ~ 2.602E-07
  Acceleration (relative) (315 nodes): peak = 8.367E-04 m/s²
    x: 0.000E+00 ~ 7.969E-04  y: -9.592E-05 ~ 2.547E-04
  Acceleration (absolute) (315 nodes): peak = 8.367E-04 m/s²
    x: 1.000E-30 ~ 7.969E-04  y: -9.592E-05 ~ 2.547E-04
  Nodal force / reaction (315 nodes):
    x: -4.196E-26 ~ 1.425E+02  y: -3.937E+02 ~ 4.695E+02  N
    Σx=1.514E+03  Σy=2.595E+02  N
  Stress (315 gauss points, 4 components):
    Sxx: -5.399E+01 ~ 8.197E+01 Pa
    Syy: -1.793E+02 ~ 9.869E+01 Pa
Block 207: 315 nodes (315 active)
  Ux: -0.001 ~ 0.000 mm
  Uy: -0.000 ~ 0.000 mm
  Velocity (315 nodes): peak = 2.577E-05 m/s
    x: 0.000E+00 ~ 2.458E-05  y: -3.083E-06 ~ 7.754E-06
  Acceleration (relative) (315 nodes): peak = 4.472E-04 m/s²
    x: 0.000E+00 ~ 4.249E-04  y: -4.794E-05 ~ 1.393E-04
  Acceleration (absolute) (315 nodes): peak = 4.472E-04 m/s²
    x: 1.000E-30 ~ 4.249E-04  y: -4.794E-05 ~ 1.393E-04
  Nodal force / reaction (315 nodes):
    x: -4.196E-26 ~ 7.255E+01  y: -2.026E+02 ~ 2.440E+02  N
    Σx=7.703E+02  Σy=1.357E+02  N
  Stress (315 gauss points, 4 components):
    Sxx: -3.170E+01 ~ 5.122E+01 Pa
    Syy: -1.230E+02 ~ 6.490E+01 Pa
Block 208: 315 nodes (315 active)
  Ux: 0.000 ~ 0.000 mm
  Uy: -0.000 ~ 0.000 mm
  Velocity (315 nodes): peak = 2.891E-05 m/s
    x: 0.000E+00 ~ 2.752E-05  y: -3.248E-06 ~ 8.851E-06
  Acceleration (relative) (315 nodes): peak = 2.918E-04 m/s²
    x: -2.790E-04 ~ 0.000E+00  y: -8.541E-05 ~ 3.826E-05
  Acceleration (absolute) (315 nodes): peak = 2.918E-04 m/s²
    x: -2.790E-04 ~ 1.000E-30  y: -8.541E-05 ~ 3.826E-05
  Nodal force / reaction (315 nodes):
    x: -5.352E+01 ~ 0.000E+00  y: -1.711E+02 ~ 1.457E+02  N
    Σx=-5.698E+02  Σy=-9.370E+01  N
  Stress (315 gauss points, 4 components):
    Sxx: -2.067E+01 ~ 1.579E+01 Pa
    Syy: -2.145E+01 ~ 3.355E+01 Pa
Block 209: 315 nodes (315 active)
  Ux: 0.000 ~ 0.001 mm
  Uy: -0.000 ~ 0.000 mm
  Velocity (315 nodes): peak = 7.171E-06 m/s
    x: 0.000E+00 ~ 6.785E-06  y: -7.180E-07 ~ 2.319E-06
  Acceleration (relative) (315 nodes): peak = 7.224E-04 m/s²
    x: -6.883E-04 ~ 0.000E+00  y: -2.192E-04 ~ 8.381E-05
  Acceleration (absolute) (315 nodes): peak = 7.224E-04 m/s²
    x: -6.883E-04 ~ 1.000E-30  y: -2.192E-04 ~ 8.381E-05
  Nodal force / reaction (315 nodes):
    x: -1.238E+02 ~ 0.000E+00  y: -4.069E+02 ~ 3.417E+02  N
    Σx=-1.316E+03  Σy=-2.247E+02  N
  Stress (315 gauss points, 4 components):
    Sxx: -6.915E+01 ~ 4.599E+01 Pa
    Syy: -8.255E+01 ~ 1.489E+02 Pa
Block 210: 315 nodes (315 active)
  Ux: 0.000 ~ 0.001 mm
  Uy: -0.000 ~ 0.000 mm
  Velocity (315 nodes): peak = 1.892E-05 m/s
    x: -1.806E-05 ~ 0.000E+00  y: -5.660E-06 ~ 2.311E-06
  Acceleration (relative) (315 nodes): peak = 5.029E-04 m/s²
    x: -4.782E-04 ~ 0.000E+00  y: -1.555E-04 ~ 5.506E-05
  Acceleration (absolute) (315 nodes): peak = 5.029E-04 m/s²
    x: -4.782E-04 ~ 1.000E-30  y: -1.555E-04 ~ 5.506E-05
  Nodal force / reaction (315 nodes):
    x: -8.294E+01 ~ 0.000E+00  y: -2.770E+02 ~ 2.308E+02  N
    Σx=-8.810E+02  Σy=-1.537E+02  N
  Stress (315 gauss points, 4 components):
    Sxx: -5.480E+01 ~ 3.457E+01 Pa
    Syy: -6.838E+01 ~ 1.280E+02 Pa
Block 211: 315 nodes (315 active)
  Ux: -0.000 ~ 0.000 mm
  Uy: -0.000 ~ 0.000 mm
  Velocity (315 nodes): peak = 2.679E-05 m/s
    x: -2.551E-05 ~ 0.000E+00  y: -8.173E-06 ~ 3.044E-06
  Acceleration (relative) (315 nodes): peak = 1.273E-04 m/s²
    x: 0.000E+00 ~ 1.223E-04  y: -1.981E-05 ~ 3.556E-05
  Acceleration (absolute) (315 nodes): peak = 1.273E-04 m/s²
    x: 1.000E-30 ~ 1.223E-04  y: -1.981E-05 ~ 3.556E-05
  Nodal force / reaction (315 nodes):
    x: -4.196E-26 ~ 2.527E+01  y: -6.774E+01 ~ 7.838E+01  N
    Σx=2.695E+02  Σy=4.246E+01  N
  Stress (315 gauss points, 4 components):
    Sxx: -5.371E+00 ~ 6.864E+00 Pa
    Syy: -7.795E+00 ~ 6.212E+00 Pa
Block 212: 315 nodes (315 active)
  Ux: -0.001 ~ 0.000 mm
  Uy: -0.000 ~ 0.000 mm
  Velocity (315 nodes): peak = 1.120E-05 m/s
    x: -1.063E-05 ~ 0.000E+00  y: -3.520E-06 ~ 1.170E-06
  Acceleration (relative) (315 nodes): peak = 5.981E-04 m/s²
    x: 0.000E+00 ~ 5.701E-04  y: -7.028E-05 ~ 1.808E-04
  Acceleration (absolute) (315 nodes): peak = 5.981E-04 m/s²
    x: 1.000E-30 ~ 5.701E-04  y: -7.028E-05 ~ 1.808E-04
  Nodal force / reaction (315 nodes):
    x: -4.196E-26 ~ 1.032E+02  y: -2.844E+02 ~ 3.383E+02  N
    Σx=1.097E+03  Σy=1.866E+02  N
  Stress (315 gauss points, 4 components):
    Sxx: -3.751E+01 ~ 5.578E+01 Pa
    Syy: -1.179E+02 ~ 6.594E+01 Pa
Block 213: 315 nodes (315 active)
  Ux: -0.001 ~ 0.000 mm
  Uy: -0.000 ~ 0.000 mm
  Velocity (315 nodes): peak = 1.267E-05 m/s
    x: 0.000E+00 ~ 1.210E-05  y: -1.598E-06 ~ 3.755E-06
  Acceleration (relative) (315 nodes): peak = 5.213E-04 m/s²
    x: 0.000E+00 ~ 4.961E-04  y: -5.787E-05 ~ 1.603E-04
  Acceleration (absolute) (315 nodes): peak = 5.213E-04 m/s²
    x: 1.000E-30 ~ 4.961E-04  y: -5.787E-05 ~ 1.603E-04
  Nodal force / reaction (315 nodes):
    x: -4.196E-26 ~ 8.693E+01  y: -2.413E+02 ~ 2.890E+02  N
    Σx=9.236E+02  Σy=1.602E+02  N
  Stress (315 gauss points, 4 components):
    Sxx: -3.510E+01 ~ 5.487E+01 Pa
    Syy: -1.257E+02 ~ 6.772E+01 Pa
Block 214: 315 nodes (315 active)
  Ux: -0.000 ~ 0.000 mm
  Uy: -0.000 ~ 0.000 mm
  Velocity (315 nodes): peak = 2.381E-05 m/s
    x: 0.000E+00 ~ 2.269E-05  y: -2.739E-06 ~ 7.243E-06
  Acceleration (relative) (315 nodes): peak = 1.299E-05 m/s²
    x: -1.142E-05 ~ 5.446E-06  y: -7.447E-06 ~ 5.617E-06
  Acceleration (absolute) (315 nodes): peak = 1.299E-05 m/s²
    x: -1.142E-05 ~ 5.446E-06  y: -7.447E-06 ~ 5.617E-06
  Nodal force / reaction (315 nodes):
    x: -2.091E+00 ~ 0.000E+00  y: -2.491E+00 ~ 3.881E+00  N
    Σx=-2.295E+01  Σy=-6.175E-01  N
  Stress (315 gauss points, 4 components):
    Sxx: -4.772E+00 ~ 7.294E+00 Pa
    Syy: -2.576E+01 ~ 1.187E+01 Pa
Block 215: 315 nodes (315 active)
  Ux: 0.000 ~ 0.001 mm
  Uy: -0.000 ~ 0.000 mm
  Velocity (315 nodes): peak = 1.377E-05 m/s
    x: 0.000E+00 ~ 1.309E-05  y: -1.487E-06 ~ 4.279E-06
  Acceleration (relative) (315 nodes): peak = 4.720E-04 m/s²
    x: -4.501E-04 ~ 0.000E+00  y: -1.422E-04 ~ 5.631E-05
  Acceleration (absolute) (315 nodes): peak = 4.720E-04 m/s²
    x: -4.501E-04 ~ 1.000E-30  y: -1.422E-04 ~ 5.631E-05
  Nodal force / reaction (315 nodes):
    x: -8.213E+01 ~ 0.000E+00  y: -2.683E+02 ~ 2.260E+02  N
    Σx=-8.734E+02  Σy=-1.479E+02  N
  Stress (315 gauss points, 4 components):
    Sxx: -4.265E+01 ~ 2.908E+01 Pa
    Syy: -4.979E+01 ~ 8.800E+01 Pa
Block 216: 315 nodes (315 active)
  Ux: 0.000 ~ 0.001 mm
  Uy: -0.000 ~ 0.000 mm
  Velocity (315 nodes): peak = 7.193E-06 m/s
    x: -6.883E-06 ~ 0.000E+00  y: -2.090E-06 ~ 9.703E-07
  Acceleration (relative) (315 nodes): peak = 5.099E-04 m/s²
    x: -4.854E-04 ~ 0.000E+00  y: -1.562E-04 ~ 5.720E-05
  Acceleration (absolute) (315 nodes): peak = 5.099E-04 m/s²
    x: -4.854E-04 ~ 1.000E-30  y: -1.562E-04 ~ 5.720E-05
  Nodal force / reaction (315 nodes):
    x: -8.574E+01 ~ 0.000E+00  y: -2.840E+02 ~ 2.376E+02  N
    Σx=-9.111E+02  Σy=-1.572E+02  N
  Stress (315 gauss points, 4 components):
    Sxx: -5.223E+01 ~ 3.377E+01 Pa
    Syy: -6.387E+01 ~ 1.176E+02 Pa
Block 217: 315 nodes (315 active)
  Ux: 0.000 ~ 0.000 mm
  Uy: -0.000 ~ 0.000 mm
  Velocity (315 nodes): peak = 2.033E-05 m/s
    x: -1.938E-05 ~ 0.000E+00  y: -6.164E-06 ~ 2.367E-06
  Acceleration (relative) (315 nodes): peak = 1.104E-04 m/s²
    x: -1.044E-04 ~ 0.000E+00  y: -3.606E-05 ~ 1.104E-05
  Acceleration (absolute) (315 nodes): peak = 1.104E-04 m/s²
    x: -1.044E-04 ~ 1.000E-30  y: -3.606E-05 ~ 1.104E-05
  Nodal force / reaction (315 nodes):
    x: -1.602E+01 ~ 0.000E+00  y: -5.711E+01 ~ 4.590E+01  N
    Σx=-1.696E+02  Σy=-3.192E+01  N
  Stress (315 gauss points, 4 components):
    Sxx: -1.654E+01 ~ 1.017E+01 Pa
    Syy: -2.240E+01 ~ 4.463E+01 Pa
Block 218: 315 nodes (315 active)
  Ux: -0.000 ~ 0.000 mm
  Uy: -0.000 ~ 0.000 mm
  Velocity (315 nodes): peak = 1.509E-05 m/s
    x: -1.435E-05 ~ 0.000E+00  y: -4.658E-06 ~ 1.659E-06
  Acceleration (relative) (315 nodes): peak = 3.509E-04 m/s²
    x: 0.000E+00 ~ 3.348E-04  y: -4.268E-05 ~ 1.051E-04
  Acceleration (absolute) (315 nodes): peak = 3.509E-04 m/s²
    x: 1.000E-30 ~ 3.348E-04  y: -4.268E-05 ~ 1.051E-04
  Nodal force / reaction (315 nodes):
    x: -4.196E-26 ~ 6.171E+01  y: -1.694E+02 ~ 2.007E+02  N
    Σx=6.564E+02  Σy=1.105E+02  N
  Stress (315 gauss points, 4 components):
    Sxx: -2.110E+01 ~ 3.035E+01 Pa
    Syy: -6.046E+01 ~ 3.480E+01 Pa
Block 219: 315 nodes (315 active)
  Ux: -0.001 ~ 0.000 mm
  Uy: -0.000 ~ 0.000 mm
  Velocity (315 nodes): peak = 2.585E-06 m/s
    x: 0.000E+00 ~ 2.490E-06  y: -4.515E-07 ~ 6.947E-07
  Acceleration (relative) (315 nodes): peak = 4.760E-04 m/s²
    x: 0.000E+00 ~ 4.533E-04  y: -5.398E-05 ~ 1.453E-04
  Acceleration (absolute) (315 nodes): peak = 4.760E-04 m/s²
    x: 1.000E-30 ~ 4.533E-04  y: -5.398E-05 ~ 1.453E-04
  Nodal force / reaction (315 nodes):
    x: -4.196E-26 ~ 8.058E+01  y: -2.230E+02 ~ 2.662E+02  N
    Σx=8.565E+02  Σy=1.472E+02  N
  Stress (315 gauss points, 4 components):
    Sxx: -3.108E+01 ~ 4.760E+01 Pa
    Syy: -1.055E+02 ~ 5.773E+01 Pa
Block 220: 315 nodes (315 active)
  Ux: -0.000 ~ 0.000 mm
  Uy: -0.000 ~ 0.000 mm
  Velocity (315 nodes): peak = 1.663E-05 m/s
    x: 0.000E+00 ~ 1.585E-05  y: -1.961E-06 ~ 5.023E-06
  Acceleration (relative) (315 nodes): peak = 1.855E-04 m/s²
    x: 0.000E+00 ~ 1.760E-04  y: -1.927E-05 ~ 5.850E-05
  Acceleration (absolute) (315 nodes): peak = 1.855E-04 m/s²
    x: 1.000E-30 ~ 1.760E-04  y: -1.927E-05 ~ 5.850E-05
  Nodal force / reaction (315 nodes):
    x: -4.196E-26 ~ 2.929E+01  y: -8.229E+01 ~ 9.964E+01  N
    Σx=3.108E+02  Σy=5.562E+01  N
  Stress (315 gauss points, 4 components):
    Sxx: -1.412E+01 ~ 2.290E+01 Pa
    Syy: -5.708E+01 ~ 2.963E+01 Pa
Block 221: 315 nodes (315 active)
  Ux: 0.000 ~ 0.000 mm
  Uy: -0.000 ~ 0.000 mm
  Velocity (315 nodes): peak = 1.537E-05 m/s
    x: 0.000E+00 ~ 1.463E-05  y: -1.712E-06 ~ 4.722E-06
  Acceleration (relative) (315 nodes): peak = 2.396E-04 m/s²
    x: -2.288E-04 ~ 0.000E+00  y: -7.113E-05 ~ 3.000E-05
  Acceleration (absolute) (315 nodes): peak = 2.396E-04 m/s²
    x: -2.288E-04 ~ 1.000E-30  y: -7.113E-05 ~ 3.000E-05
  Nodal force / reaction (315 nodes):
    x: -4.281E+01 ~ 0.000E+00  y: -1.383E+02 ~ 1.171E+02  N
    Σx=-4.555E+02  Σy=-7.599E+01  N
  Stress (315 gauss points, 4 components):
    Sxx: -1.931E+01 ~ 1.386E+01 Pa
    Syy: -2.144E+01 ~ 3.609E+01 Pa
Block 222: 315 nodes (315 active)
  Ux: 0.000 ~ 0.001 mm
  Uy: -0.000 ~ 0.000 mm
  Velocity (315 nodes): peak = 1.127E-06 m/s
    x: -1.754E-07 ~ 1.044E-06  y: -1.390E-07 ~ 4.232E-07
  Acceleration (relative) (315 nodes): peak = 4.261E-04 m/s²
    x: -4.059E-04 ~ 0.000E+00  y: -1.297E-04 ~ 4.892E-05
  Acceleration (absolute) (315 nodes): peak = 4.261E-04 m/s²
    x: -4.059E-04 ~ 1.000E-30  y: -1.297E-04 ~ 4.892E-05
  Nodal force / reaction (315 nodes):
    x: -7.261E+01 ~ 0.000E+00  y: -2.392E+02 ~ 2.007E+02  N
    Σx=-7.718E+02  Σy=-1.322E+02  N
  Stress (315 gauss points, 4 components):
    Sxx: -4.166E+01 ~ 2.746E+01 Pa
    Syy: -5.011E+01 ~ 9.099E+01 Pa
Block 223: 315 nodes (315 active)
  Ux: 0.000 ~ 0.000 mm
  Uy: -0.000 ~ 0.000 mm
  Velocity (315 nodes): peak = 1.293E-05 m/s
    x: -1.233E-05 ~ 0.000E+00  y: -3.889E-06 ~ 1.550E-06
  Acceleration (relative) (315 nodes): peak = 2.346E-04 m/s²
    x: -2.230E-04 ~ 0.000E+00  y: -7.303E-05 ~ 2.522E-05
  Acceleration (absolute) (315 nodes): peak = 2.346E-04 m/s²
    x: -2.230E-04 ~ 1.000E-30  y: -7.303E-05 ~ 2.522E-05
  Nodal force / reaction (315 nodes):
    x: -3.815E+01 ~ 0.000E+00  y: -1.282E+02 ~ 1.065E+02  N
    Σx=-4.051E+02  Σy=-7.126E+01  N
  Stress (315 gauss points, 4 components):
    Sxx: -2.671E+01 ~ 1.657E+01 Pa
    Syy: -3.378E+01 ~ 6.394E+01 Pa
Block 224: 315 nodes (315 active)
  Ux: -0.000 ~ 0.000 mm
  Uy: -0.000 ~ 0.000 mm
  Velocity (315 nodes): peak = 1.483E-05 m/s
    x: -1.412E-05 ~ 0.000E+00  y: -4.539E-06 ~ 1.668E-06
  Acceleration (relative) (315 nodes): peak = 1.413E-04 m/s²
    x: 0.000E+00 ~ 1.351E-04  y: -1.869E-05 ~ 4.125E-05
  Acceleration (absolute) (315 nodes): peak = 1.413E-04 m/s²
    x: 1.000E-30 ~ 1.351E-04  y: -1.869E-05 ~ 4.125E-05
  Nodal force / reaction (315 nodes):
    x: -4.196E-26 ~ 2.603E+01  y: -7.078E+01 ~ 8.309E+01  N
    Σx=2.771E+02  Σy=4.545E+01  N
  Stress (315 gauss points, 4 components):
    Sxx: -7.554E+00 ~ 9.778E+00 Pa
    Syy: -1.539E+01 ~ 1.001E+01 Pa
Block 225: 315 nodes (315 active)
  Ux: -0.001 ~ 0.000 mm
  Uy: -0.000 ~ 0.000 mm
  Velocity (315 nodes): peak = 3.947E-06 m/s
    x: -3.737E-06 ~ 0.000E+00  y: -1.271E-06 ~ 3.979E-07
  Acceleration (relative) (315 nodes): peak = 3.664E-04 m/s²
    x: 0.000E+00 ~ 3.492E-04  y: -4.257E-05 ~ 1.112E-04
  Acceleration (absolute) (315 nodes): peak = 3.664E-04 m/s²
    x: 1.000E-30 ~ 3.492E-04  y: -4.257E-05 ~ 1.112E-04
  Nodal force / reaction (315 nodes):
    x: -4.196E-26 ~ 6.284E+01  y: -1.734E+02 ~ 2.065E+02  N
    Σx=6.681E+02  Σy=1.140E+02  N
  Stress (315 gauss points, 4 components):
    Sxx: -2.329E+01 ~ 3.499E+01 Pa
    Syy: -7.520E+01 ~ 4.173E+01 Pa
Block 226: 315 nodes (315 active)
  Ux: -0.000 ~ 0.000 mm
  Uy: -0.000 ~ 0.000 mm
  Velocity (315 nodes): peak = 9.422E-06 m/s
    x: 0.000E+00 ~ 8.992E-06  y: -1.154E-06 ~ 2.816E-06
  Acceleration (relative) (315 nodes): peak = 2.613E-04 m/s²
    x: 0.000E+00 ~ 2.485E-04  y: -2.865E-05 ~ 8.072E-05
  Acceleration (absolute) (315 nodes): peak = 2.613E-04 m/s²
    x: 1.000E-30 ~ 2.485E-04  y: -2.865E-05 ~ 8.072E-05
  Nodal force / reaction (315 nodes):
    x: -4.196E-26 ~ 4.315E+01  y: -1.200E+02 ~ 1.440E+02  N
    Σx=4.583E+02  Σy=7.992E+01  N
  Stress (315 gauss points, 4 components):
    Sxx: -1.792E+01 ~ 2.836E+01 Pa
    Syy: -6.611E+01 ~ 3.534E+01 Pa
Block 227: 315 nodes (315 active)
  Ux: 0.000 ~ 0.000 mm
  Uy: -0.000 ~ 0.000 mm
  Velocity (315 nodes): peak = 1.368E-05 m/s
    x: 0.000E+00 ~ 1.303E-05  y: -1.557E-06 ~ 4.174E-06
  Acceleration (relative) (315 nodes): peak = 5.800E-05 m/s²
    x: -5.575E-05 ~ 0.000E+00  y: -1.602E-05 ~ 9.347E-06
  Acceleration (absolute) (315 nodes): peak = 5.800E-05 m/s²
    x: -5.575E-05 ~ 1.000E-30  y: -1.602E-05 ~ 9.347E-06
  Nodal force / reaction (315 nodes):
    x: -1.171E+01 ~ 0.000E+00  y: -3.609E+01 ~ 3.129E+01  N
    Σx=-1.249E+02  Σy=-1.951E+01  N
  Stress (315 gauss points, 4 components):
    Sxx: -2.956E+00 ~ 2.287E+00 Pa
    Syy: -2.827E+00 ~ 3.517E+00 Pa
Block 228: 315 nodes (315 active)
  Ux: 0.000 ~ 0.000 mm
  Uy: -0.000 ~ 0.000 mm
  Velocity (315 nodes): peak = 5.944E-06 m/s
    x: 0.000E+00 ~ 5.644E-06  y: -6.238E-07 ~ 1.866E-06
  Acceleration (relative) (315 nodes): peak = 3.020E-04 m/s²
    x: -2.879E-04 ~ 0.000E+00  y: -9.129E-05 ~ 3.554E-05
  Acceleration (absolute) (315 nodes): peak = 3.020E-04 m/s²
    x: -2.879E-04 ~ 1.000E-30  y: -9.129E-05 ~ 3.554E-05
  Nodal force / reaction (315 nodes):
    x: -5.216E+01 ~ 0.000E+00  y: -1.709E+02 ~ 1.437E+02  N
    Σx=-5.546E+02  Σy=-9.428E+01  N
  Stress (315 gauss points, 4 components):
    Sxx: -2.809E+01 ~ 1.891E+01 Pa
    Syy: -3.316E+01 ~ 5.923E+01 Pa
Block 229: 315 nodes (315 active)
  Ux: 0.000 ~ 0.000 mm
  Uy: -0.000 ~ 0.000 mm
  Velocity (315 nodes): peak = 6.234E-06 m/s
    x: -5.954E-06 ~ 0.000E+00  y: -1.845E-06 ~ 7.893E-07
  Acceleration (relative) (315 nodes): peak = 2.690E-04 m/s²
    x: -2.560E-04 ~ 0.000E+00  y: -8.271E-05 ~ 2.990E-05
  Acceleration (absolute) (315 nodes): peak = 2.690E-04 m/s²
    x: -2.560E-04 ~ 1.000E-30  y: -8.271E-05 ~ 2.990E-05
  Nodal force / reaction (315 nodes):
    x: -4.490E+01 ~ 0.000E+00  y: -1.492E+02 ~ 1.246E+02  N
    Σx=-4.771E+02  Σy=-8.269E+01  N
  Stress (315 gauss points, 4 components):
    Sxx: -2.823E+01 ~ 1.808E+01 Pa
    Syy: -3.481E+01 ~ 6.454E+01 Pa
Block 230: 315 nodes (315 active)
  Ux: -0.000 ~ 0.000 mm
  Uy: -0.000 ~ 0.000 mm
  Velocity (315 nodes): peak = 1.212E-05 m/s
    x: -1.154E-05 ~ 0.000E+00  y: -3.684E-06 ~ 1.395E-06
  Acceleration (relative) (315 nodes): peak = 9.677E-06 m/s²
    x: -8.637E-06 ~ 4.738E-06  y: -4.363E-06 ~ 2.957E-06
  Acceleration (absolute) (315 nodes): peak = 9.677E-06 m/s²
    x: -8.637E-06 ~ 4.738E-06  y: -4.363E-06 ~ 2.957E-06
  Nodal force / reaction (315 nodes):
    x: -5.262E-02 ~ 1.278E-01  y: -3.387E+00 ~ 2.495E+00  N
    Σx=5.425E-01  Σy=-1.596E+00  N
  Stress (315 gauss points, 4 components):
    Sxx: -4.318E+00 ~ 2.764E+00 Pa
    Syy: -6.670E+00 ~ 1.444E+01 Pa
Block 231: 315 nodes (315 active)
  Ux: -0.000 ~ 0.000 mm
  Uy: -0.000 ~ 0.000 mm
  Velocity (315 nodes): peak = 7.202E-06 m/s
    x: -6.846E-06 ~ 0.000E+00  y: -2.236E-06 ~ 7.793E-07
  Acceleration (relative) (315 nodes): peak = 2.371E-04 m/s²
    x: 0.000E+00 ~ 2.261E-04  y: -2.833E-05 ~ 7.136E-05
  Acceleration (absolute) (315 nodes): peak = 2.371E-04 m/s²
    x: 1.000E-30 ~ 2.261E-04  y: -2.833E-05 ~ 7.136E-05
  Nodal force / reaction (315 nodes):
    x: -4.196E-26 ~ 4.129E+01  y: -1.136E+02 ~ 1.348E+02  N
    Σx=4.391E+02  Σy=7.430E+01  N
  Stress (315 gauss points, 4 components):
    Sxx: -1.457E+01 ~ 2.134E+01 Pa
    Syy: -4.391E+01 ~ 2.488E+01 Pa
Block 232: 315 nodes (315 active)
  Ux: -0.000 ~ 0.000 mm
  Uy: -0.000 ~ 0.000 mm
  Velocity (315 nodes): peak = 3.450E-06 m/s
    x: 0.000E+00 ~ 3.302E-06  y: -4.715E-07 ~ 9.994E-07
  Acceleration (relative) (315 nodes): peak = 2.618E-04 m/s²
    x: 0.000E+00 ~ 2.493E-04  y: -2.940E-05 ~ 8.018E-05
  Acceleration (absolute) (315 nodes): peak = 2.618E-04 m/s²
    x: 1.000E-30 ~ 2.493E-04  y: -2.940E-05 ~ 8.018E-05
  Nodal force / reaction (315 nodes):
    x: -4.196E-26 ~ 4.405E+01  y: -1.221E+02 ~ 1.459E+02  N
    Σx=4.682E+02  Σy=8.077E+01  N
  Stress (315 gauss points, 4 components):
    Sxx: -1.732E+01 ~ 2.675E+01 Pa
    Syy: -6.013E+01 ~ 3.268E+01 Pa
Block 233: 315 nodes (315 active)
  Ux: -0.000 ~ 0.000 mm
  Uy: -0.000 ~ 0.000 mm
  Velocity (315 nodes): peak = 1.030E-05 m/s
    x: 0.000E+00 ~ 9.817E-06  y: -1.201E-06 ~ 3.122E-06
  Acceleration (relative) (315 nodes): peak = 6.154E-05 m/s²
    x: 0.000E+00 ~ 5.821E-05  y: -6.156E-06 ~ 1.998E-05
  Acceleration (absolute) (315 nodes): peak = 6.154E-05 m/s²
    x: 1.000E-30 ~ 5.821E-05  y: -6.156E-06 ~ 1.998E-05
  Nodal force / reaction (315 nodes):
    x: -4.196E-26 ~ 9.067E+00  y: -2.589E+01 ~ 3.199E+01  N
    Σx=9.605E+01  Σy=1.791E+01  N
  Stress (315 gauss points, 4 components):
    Sxx: -5.495E+00 ~ 8.930E+00 Pa
    Syy: -2.382E+01 ~ 1.201E+01 Pa
Block 234: 315 nodes (315 active)
  Ux: 0.000 ~ 0.000 mm
  Uy: -0.000 ~ 0.000 mm
  Velocity (315 nodes): peak = 7.824E-06 m/s
    x: 0.000E+00 ~ 7.443E-06  y: -8.615E-07 ~ 2.414E-06
  Acceleration (relative) (315 nodes): peak = 1.750E-04 m/s²
    x: -1.670E-04 ~ 0.000E+00  y: -5.237E-05 ~ 2.134E-05
  Acceleration (absolute) (315 nodes): peak = 1.750E-04 m/s²
    x: -1.670E-04 ~ 1.000E-30  y: -5.237E-05 ~ 2.134E-05
  Nodal force / reaction (315 nodes):
    x: -3.082E+01 ~ 0.000E+00  y: -1.002E+02 ~ 8.457E+01  N
    Σx=-3.278E+02  Σy=-5.512E+01  N
  Stress (315 gauss points, 4 components):
    Sxx: -1.505E+01 ~ 1.049E+01 Pa
    Syy: -1.722E+01 ~ 2.985E+01 Pa
Block 235: 315 nodes (315 active)
  Ux: 0.000 ~ 0.000 mm
  Uy: -0.000 ~ 0.000 mm
  Velocity (315 nodes): peak = 1.119E-06 m/s
    x: -1.080E-06 ~ 0.000E+00  y: -3.014E-07 ~ 2.086E-07
  Acceleration (relative) (315 nodes): peak = 2.433E-04 m/s²
    x: -2.317E-04 ~ 0.000E+00  y: -7.426E-05 ~ 2.763E-05
  Acceleration (absolute) (315 nodes): peak = 2.433E-04 m/s²
    x: -2.317E-04 ~ 1.000E-30  y: -7.426E-05 ~ 2.763E-05
  Nodal force / reaction (315 nodes):
    x: -4.122E+01 ~ 0.000E+00  y: -1.361E+02 ~ 1.141E+02  N
    Σx=-4.381E+02  Σy=-7.529E+01  N
  Stress (315 gauss points, 4 components):
    Sxx: -2.428E+01 ~ 1.587E+01 Pa
    Syy: -2.942E+01 ~ 5.375E+01 Pa
Block 236: 315 nodes (315 active)
  Ux: 0.000 ~ 0.000 mm
  Uy: -0.000 ~ 0.000 mm
  Velocity (315 nodes): peak = 8.385E-06 m/s
    x: -7.994E-06 ~ 0.000E+00  y: -2.532E-06 ~ 9.906E-07
  Acceleration (relative) (315 nodes): peak = 9.886E-05 m/s²
    x: -9.383E-05 ~ 0.000E+00  y: -3.112E-05 ~ 1.030E-05
  Acceleration (absolute) (315 nodes): peak = 9.886E-05 m/s²
    x: -9.383E-05 ~ 1.000E-30  y: -3.112E-05 ~ 1.030E-05
  Nodal force / reaction (315 nodes):
    x: -1.567E+01 ~ 0.000E+00  y: -5.323E+01 ~ 4.400E+01  N
    Σx=-1.663E+02  Σy=-2.969E+01  N
  Stress (315 gauss points, 4 components):
    Sxx: -1.207E+01 ~ 7.445E+00 Pa
    Syy: -1.557E+01 ~ 2.994E+01 Pa
Block 237: 315 nodes (315 active)
  Ux: -0.000 ~ 0.000 mm
  Uy: -0.000 ~ 0.000 mm
  Velocity (315 nodes): peak = 7.922E-06 m/s
    x: -7.539E-06 ~ 0.000E+00  y: -2.432E-06 ~ 8.830E-07
  Acceleration (relative) (315 nodes): peak = 1.182E-04 m/s²
    x: 0.000E+00 ~ 1.128E-04  y: -1.485E-05 ~ 3.504E-05
  Acceleration (absolute) (315 nodes): peak = 1.182E-04 m/s²
    x: 1.000E-30 ~ 1.128E-04  y: -1.485E-05 ~ 3.504E-05
  Nodal force / reaction (315 nodes):
    x: -4.196E-26 ~ 2.116E+01  y: -5.788E+01 ~ 6.832E+01  N
    Σx=2.252E+02  Σy=3.751E+01  N
  Stress (315 gauss points, 4 components):
    Sxx: -6.799E+00 ~ 9.428E+00 Pa
    Syy: -1.746E+01 ~ 1.042E+01 Pa
Block 238: 315 nodes (315 active)
  Ux: -0.000 ~ 0.000 mm
  Uy: -0.000 ~ 0.000 mm
  Velocity (315 nodes): peak = 7.485E-07 m/s
    x: -6.986E-07 ~ 6.254E-08  y: -2.688E-07 ~ 8.298E-08
  Acceleration (relative) (315 nodes): peak = 2.170E-04 m/s²
    x: 0.000E+00 ~ 2.067E-04  y: -2.493E-05 ~ 6.601E-05
  Acceleration (absolute) (315 nodes): peak = 2.170E-04 m/s²
    x: 1.000E-30 ~ 2.067E-04  y: -2.493E-05 ~ 6.601E-05
  Nodal force / reaction (315 nodes):
    x: -4.196E-26 ~ 3.699E+01  y: -1.022E+02 ~ 1.218E+02  N
    Σx=3.932E+02  Σy=6.733E+01  N
  Stress (315 gauss points, 4 components):
    Sxx: -1.396E+01 ~ 2.116E+01 Pa
    Syy: -4.615E+01 ~ 2.543E+01 Pa
Block 239: 315 nodes (315 active)
  Ux: -0.000 ~ 0.000 mm
  Uy: -0.000 ~ 0.000 mm
  Velocity (315 nodes): peak = 6.484E-06 m/s
    x: 0.000E+00 ~ 6.184E-06  y: -7.785E-07 ~ 1.949E-06
  Acceleration (relative) (315 nodes): peak = 1.230E-04 m/s²
    x: 0.000E+00 ~ 1.169E-04  y: -1.325E-05 ~ 3.824E-05
  Acceleration (absolute) (315 nodes): peak = 1.230E-04 m/s²
    x: 1.000E-30 ~ 1.169E-04  y: -1.325E-05 ~ 3.824E-05
  Nodal force / reaction (315 nodes):
    x: -4.196E-26 ~ 2.003E+01  y: -5.589E+01 ~ 6.725E+01  N
    Σx=2.127E+02  Σy=3.738E+01  N
  Stress (315 gauss points, 4 components):
    Sxx: -8.653E+00 ~ 1.392E+01 Pa
    Syy: -3.321E+01 ~ 1.757E+01 Pa
Block 240: 315 nodes (315 active)
  Ux: 0.000 ~ 0.000 mm
  Uy: -0.000 ~ 0.000 mm
  Velocity (315 nodes): peak = 7.607E-06 m/s
    x: 0.000E+00 ~ 7.242E-06  y: -8.561E-07 ~ 2.327E-06
  Acceleration (relative) (315 nodes): peak = 6.819E-05 m/s²
    x: -6.524E-05 ~ 0.000E+00  y: -1.986E-05 ~ 9.121E-06
  Acceleration (absolute) (315 nodes): peak = 6.819E-05 m/s²
    x: -6.524E-05 ~ 1.000E-30  y: -1.986E-05 ~ 9.121E-06
  Nodal force / reaction (315 nodes):
    x: -1.262E+01 ~ 0.000E+00  y: -4.022E+01 ~ 3.430E+01  N
    Σx=-1.344E+02  Σy=-2.199E+01  N
  Stress (315 gauss points, 4 components):
    Sxx: -4.595E+00 ~ 3.599E+00 Pa
    Syy: -4.626E+00 ~ 6.974E+00 Pa
Block 241: 315 nodes (315 active)
  Ux: 0.000 ~ 0.000 mm
  Uy: -0.000 ~ 0.000 mm
  Velocity (315 nodes): peak = 2.160E-06 m/s
    x: 0.000E+00 ~ 2.046E-06  y: -2.190E-07 ~ 6.924E-07
  Acceleration (relative) (315 nodes): peak = 1.858E-04 m/s²
    x: -1.770E-04 ~ 0.000E+00  y: -5.634E-05 ~ 2.161E-05
  Acceleration (absolute) (315 nodes): peak = 1.858E-04 m/s²
    x: -1.770E-04 ~ 1.000E-30  y: -5.634E-05 ~ 2.161E-05
  Nodal force / reaction (315 nodes):
    x: -3.188E+01 ~ 0.000E+00  y: -1.047E+02 ~ 8.798E+01  N
    Σx=-3.390E+02  Σy=-5.783E+01  N
  Stress (315 gauss points, 4 components):
    Sxx: -1.770E+01 ~ 1.179E+01 Pa
    Syy: -2.109E+01 ~ 3.797E+01 Pa
Block 242: 315 nodes (315 active)
  Ux: 0.000 ~ 0.000 mm
  Uy: -0.000 ~ 0.000 mm
  Velocity (315 nodes): peak = 4.687E-06 m/s
    x: -4.473E-06 ~ 0.000E+00  y: -1.400E-06 ~ 5.755E-07
  Acceleration (relative) (315 nodes): peak = 1.356E-04 m/s²
    x: -1.290E-04 ~ 0.000E+00  y: -4.188E-05 ~ 1.490E-05
  Acceleration (absolute) (315 nodes): peak = 1.356E-04 m/s²
    x: -1.290E-04 ~ 1.000E-30  y: -4.188E-05 ~ 1.490E-05
  Nodal force / reaction (315 nodes):
    x: -2.243E+01 ~ 0.000E+00  y: -7.482E+01 ~ 6.237E+01  N
    Σx=-2.382E+02  Σy=-4.151E+01  N
  Stress (315 gauss points, 4 components):
    Sxx: -1.466E+01 ~ 9.280E+00 Pa
    Syy: -1.825E+01 ~ 3.411E+01 Pa
Block 243: 315 nodes (315 active)
  Ux: -0.000 ~ 0.000 mm
  Uy: -0.000 ~ 0.000 mm
  Velocity (315 nodes): peak = 6.987E-06 m/s
    x: -6.655E-06 ~ 0.000E+00  y: -2.131E-06 ~ 7.961E-07
  Acceleration (relative) (315 nodes): peak = 2.604E-05 m/s²
    x: 0.000E+00 ~ 2.505E-05  y: -4.383E-06 ~ 7.090E-06
  Acceleration (absolute) (315 nodes): peak = 2.604E-05 m/s²
    x: 1.000E-30 ~ 2.505E-05  y: -4.383E-06 ~ 7.090E-06
  Nodal force / reaction (315 nodes):
    x: -4.196E-26 ~ 5.371E+00  y: -1.429E+01 ~ 1.642E+01  N
    Σx=5.730E+01  Σy=8.853E+00  N
  Stress (315 gauss points, 4 components):
    Sxx: -1.030E+00 ~ 1.230E+00 Pa
    Syy: -1.560E+00 ~ 1.510E+00 Pa
Block 244: 315 nodes (315 active)
  Ux: -0.000 ~ 0.000 mm
  Uy: -0.000 ~ 0.000 mm
  Velocity (315 nodes): peak = 3.149E-06 m/s
    x: -2.991E-06 ~ 0.000E+00  y: -9.872E-07 ~ 3.319E-07
  Acceleration (relative) (315 nodes): peak = 1.524E-04 m/s²
    x: 0.000E+00 ~ 1.453E-04  y: -1.796E-05 ~ 4.606E-05
  Acceleration (absolute) (315 nodes): peak = 1.524E-04 m/s²
    x: 1.000E-30 ~ 1.453E-04  y: -1.796E-05 ~ 4.606E-05
  Nodal force / reaction (315 nodes):
    x: -4.196E-26 ~ 2.635E+01  y: -7.259E+01 ~ 8.629E+01  N
    Σx=2.801E+02  Σy=4.760E+01  N
  Stress (315 gauss points, 4 components):
    Sxx: -9.529E+00 ~ 1.413E+01 Pa
    Syy: -2.974E+01 ~ 1.667E+01 Pa
Block 245: 315 nodes (315 active)
  Ux: -0.000 ~ 0.000 mm
  Uy: -0.000 ~ 0.000 mm
  Velocity (315 nodes): peak = 3.061E-06 m/s
    x: 0.000E+00 ~ 2.925E-06  y: -3.895E-07 ~ 9.047E-07
  Acceleration (relative) (315 nodes): peak = 1.388E-04 m/s²
    x: 0.000E+00 ~ 1.321E-04  y: -1.544E-05 ~ 4.264E-05
  Acceleration (absolute) (315 nodes): peak = 1.388E-04 m/s²
    x: 1.000E-30 ~ 1.321E-04  y: -1.544E-05 ~ 4.264E-05
  Nodal force / reaction (315 nodes):
    x: -4.196E-26 ~ 2.318E+01  y: -6.433E+01 ~ 7.701E+01  N
    Σx=2.463E+02  Σy=4.267E+01  N
  Stress (315 gauss points, 4 components):
    Sxx: -9.309E+00 ~ 1.452E+01 Pa
    Syy: -3.313E+01 ~ 1.788E+01 Pa
Block 246: 315 nodes (315 active)
  Ux: -0.000 ~ 0.000 mm
  Uy: -0.000 ~ 0.000 mm
  Velocity (315 nodes): peak = 6.162E-06 m/s
    x: 0.000E+00 ~ 5.870E-06  y: -7.104E-07 ~ 1.873E-06
  Acceleration (relative) (315 nodes): peak = 8.040E-06 m/s²
    x: -1.940E-06 ~ 7.386E-06  y: -1.112E-06 ~ 3.177E-06
  Acceleration (absolute) (315 nodes): peak = 8.040E-06 m/s²
    x: -1.940E-06 ~ 7.386E-06  y: -1.112E-06 ~ 3.177E-06
  Nodal force / reaction (315 nodes):
    x: -4.196E-26 ~ 5.263E-01  y: -2.653E+00 ~ 3.435E+00  N
    Σx=5.403E+00  Σy=1.786E+00  N
  Stress (315 gauss points, 4 components):
    Sxx: -1.577E+00 ~ 2.505E+00 Pa
    Syy: -8.023E+00 ~ 3.765E+00 Pa
Block 247: 315 nodes (315 active)
  Ux: 0.000 ~ 0.000 mm
  Uy: -0.000 ~ 0.000 mm
  Velocity (315 nodes): peak = 3.763E-06 m/s
    x: 0.000E+00 ~ 3.577E-06  y: -4.080E-07 ~ 1.167E-06
  Acceleration (relative) (315 nodes): peak = 1.190E-04 m/s²
    x: -1.135E-04 ~ 0.000E+00  y: -3.581E-05 ~ 1.425E-05
  Acceleration (absolute) (315 nodes): peak = 1.190E-04 m/s²
    x: -1.135E-04 ~ 1.000E-30  y: -3.581E-05 ~ 1.425E-05
  Nodal force / reaction (315 nodes):
    x: -2.075E+01 ~ 0.000E+00  y: -6.771E+01 ~ 5.706E+01  N
    Σx=-2.206E+02  Σy=-3.731E+01  N
  Stress (315 gauss points, 4 components):
    Sxx: -1.067E+01 ~ 7.300E+00 Pa
    Syy: -1.242E+01 ~ 2.189E+01 Pa
Block 248: 315 nodes (315 active)
  Ux: 0.000 ~ 0.000 mm
  Uy: -0.000 ~ 0.000 mm
  Velocity (315 nodes): peak = 1.648E-06 m/s
    x: -1.578E-06 ~ 0.000E+00  y: -4.756E-07 ~ 2.285E-07
  Acceleration (relative) (315 nodes): peak = 1.344E-04 m/s²
    x: -1.279E-04 ~ 0.000E+00  y: -4.113E-05 ~ 1.510E-05
  Acceleration (absolute) (315 nodes): peak = 1.344E-04 m/s²
    x: -1.279E-04 ~ 1.000E-30  y: -4.113E-05 ~ 1.510E-05
  Nodal force / reaction (315 nodes):
    x: -2.263E+01 ~ 0.000E+00  y: -7.491E+01 ~ 6.268E+01  N
    Σx=-2.404E+02  Σy=-4.147E+01  N
  Stress (315 gauss points, 4 components):
    Sxx: -1.369E+01 ~ 8.874E+00 Pa
    Syy: -1.672E+01 ~ 3.074E+01 Pa
Block 249: 315 nodes (315 active)
  Ux: 0.000 ~ 0.000 mm
  Uy: -0.000 ~ 0.000 mm
  Velocity (315 nodes): peak = 5.217E-06 m/s
    x: -4.972E-06 ~ 0.000E+00  y: -1.581E-06 ~ 6.089E-07
  Acceleration (relative) (315 nodes): peak = 3.404E-05 m/s²
    x: -3.221E-05 ~ 0.000E+00  y: -1.099E-05 ~ 3.415E-06
  Acceleration (absolute) (315 nodes): peak = 3.404E-05 m/s²
    x: -3.221E-05 ~ 1.000E-30  y: -1.099E-05 ~ 3.415E-06
  Nodal force / reaction (315 nodes):
    x: -5.080E+00 ~ 0.000E+00  y: -1.776E+01 ~ 1.446E+01  N
    Σx=-5.383E+01  Σy=-9.959E+00  N
  Stress (315 gauss points, 4 components):
    Sxx: -4.805E+00 ~ 2.958E+00 Pa
    Syy: -6.425E+00 ~ 1.269E+01 Pa
Block 250: 315 nodes (315 active)
  Ux: -0.000 ~ 0.000 mm
  Uy: -0.000 ~ 0.000 mm
  Velocity (315 nodes): peak = 4.054E-06 m/s
    x: -3.856E-06 ~ 0.000E+00  y: -1.250E-06 ~ 4.470E-07
  Acceleration (relative) (315 nodes): peak = 8.720E-05 m/s²
    x: 0.000E+00 ~ 8.321E-05  y: -1.066E-05 ~ 2.608E-05
  Acceleration (absolute) (315 nodes): peak = 8.720E-05 m/s²
    x: 1.000E-30 ~ 8.321E-05  y: -1.066E-05 ~ 2.608E-05
  Nodal force / reaction (315 nodes):
    x: -4.196E-26 ~ 1.538E+01  y: -4.218E+01 ~ 4.995E+01  N
    Σx=1.636E+02  Σy=2.748E+01  N
  Stress (315 gauss points, 4 components):
    Sxx: -5.209E+00 ~ 7.458E+00 Pa
    Syy: -1.471E+01 ~ 8.507E+00 Pa

--- Step 5: Converting to VTP ---
Mesh: 315 nodes, 276 elements, 2 groups
Results: 1500 data blocks
Steps (blocks): 250
  → result_b1.vtp
  → result_b2.vtp
  → result_b3.vtp
  → result_b4.vtp
  → result_b5.vtp
  → result_b6.vtp
  → result_b7.vtp
  → result_b8.vtp
  → result_b9.vtp
  → result_b10.vtp
  → result_b11.vtp
  → result_b12.vtp
  → result_b13.vtp
  → result_b14.vtp
  → result_b15.vtp
  → result_b16.vtp
  → result_b17.vtp
  → result_b18.vtp
  → result_b19.vtp
  → result_b20.vtp
  → result_b21.vtp
  → result_b22.vtp
  → result_b23.vtp
  → result_b24.vtp
  → result_b25.vtp
  → result_b26.vtp
  → result_b27.vtp
  → result_b28.vtp
  → result_b29.vtp
  → result_b30.vtp
  → result_b31.vtp
  → result_b32.vtp
  → result_b33.vtp
  → result_b34.vtp
  → result_b35.vtp
  → result_b36.vtp
  → result_b37.vtp
  → result_b38.vtp
  → result_b39.vtp
  → result_b40.vtp
  → result_b41.vtp
  → result_b42.vtp
  → result_b43.vtp
  → result_b44.vtp
  → result_b45.vtp
  → result_b46.vtp
  → result_b47.vtp
  → result_b48.vtp
  → result_b49.vtp
  → result_b50.vtp
  → result_b51.vtp
  → result_b52.vtp
  → result_b53.vtp
  → result_b54.vtp
  → result_b55.vtp
  → result_b56.vtp
  → result_b57.vtp
  → result_b58.vtp
  → result_b59.vtp
  → result_b60.vtp
  → result_b61.vtp
  → result_b62.vtp
  → result_b63.vtp
  → result_b64.vtp
  → result_b65.vtp
  → result_b66.vtp
  → result_b67.vtp
  → result_b68.vtp
  → result_b69.vtp
  → result_b70.vtp
  → result_b71.vtp
  → result_b72.vtp
  → result_b73.vtp
  → result_b74.vtp
  → result_b75.vtp
  → result_b76.vtp
  → result_b77.vtp
  → result_b78.vtp
  → result_b79.vtp
  → result_b80.vtp
  → result_b81.vtp
  → result_b82.vtp
  → result_b83.vtp
  → result_b84.vtp
  → result_b85.vtp
  → result_b86.vtp
  → result_b87.vtp
  → result_b88.vtp
  → result_b89.vtp
  → result_b90.vtp
  → result_b91.vtp
  → result_b92.vtp
  → result_b93.vtp
  → result_b94.vtp
  → result_b95.vtp
  → result_b96.vtp
  → result_b97.vtp
  → result_b98.vtp
  → result_b99.vtp
  → result_b100.vtp
  → result_b101.vtp
  → result_b102.vtp
  → result_b103.vtp
  → result_b104.vtp
  → result_b105.vtp
  → result_b106.vtp
  → result_b107.vtp
  → result_b108.vtp
  → result_b109.vtp
  → result_b110.vtp
  → result_b111.vtp
  → result_b112.vtp
  → result_b113.vtp
  → result_b114.vtp
  → result_b115.vtp
  → result_b116.vtp
  → result_b117.vtp
  → result_b118.vtp
  → result_b119.vtp
  → result_b120.vtp
  → result_b121.vtp
  → result_b122.vtp
  → result_b123.vtp
  → result_b124.vtp
  → result_b125.vtp
  → result_b126.vtp
  → result_b127.vtp
  → result_b128.vtp
  → result_b129.vtp
  → result_b130.vtp
  → result_b131.vtp
  → result_b132.vtp
  → result_b133.vtp
  → result_b134.vtp
  → result_b135.vtp
  → result_b136.vtp
  → result_b137.vtp
  → result_b138.vtp
  → result_b139.vtp
  → result_b140.vtp
  → result_b141.vtp
  → result_b142.vtp
  → result_b143.vtp
  → result_b144.vtp
  → result_b145.vtp
  → result_b146.vtp
  → result_b147.vtp
  → result_b148.vtp
  → result_b149.vtp
  → result_b150.vtp
  → result_b151.vtp
  → result_b152.vtp
  → result_b153.vtp
  → result_b154.vtp
  → result_b155.vtp
  → result_b156.vtp
  → result_b157.vtp
  → result_b158.vtp
  → result_b159.vtp
  → result_b160.vtp
  → result_b161.vtp
  → result_b162.vtp
  → result_b163.vtp
  → result_b164.vtp
  → result_b165.vtp
  → result_b166.vtp
  → result_b167.vtp
  → result_b168.vtp
  → result_b169.vtp
  → result_b170.vtp
  → result_b171.vtp
  → result_b172.vtp
  → result_b173.vtp
  → result_b174.vtp
  → result_b175.vtp
  → result_b176.vtp
  → result_b177.vtp
  → result_b178.vtp
  → result_b179.vtp
  → result_b180.vtp
  → result_b181.vtp
  → result_b182.vtp
  → result_b183.vtp
  → result_b184.vtp
  → result_b185.vtp
  → result_b186.vtp
  → result_b187.vtp
  → result_b188.vtp
  → result_b189.vtp
  → result_b190.vtp
  → result_b191.vtp
  → result_b192.vtp
  → result_b193.vtp
  → result_b194.vtp
  → result_b195.vtp
  → result_b196.vtp
  → result_b197.vtp
  → result_b198.vtp
  → result_b199.vtp
  → result_b200.vtp
  → result_b201.vtp
  → result_b202.vtp
  → result_b203.vtp
  → result_b204.vtp
  → result_b205.vtp
  → result_b206.vtp
  → result_b207.vtp
  → result_b208.vtp
  → result_b209.vtp
  → result_b210.vtp
  → result_b211.vtp
  → result_b212.vtp
  → result_b213.vtp
  → result_b214.vtp
  → result_b215.vtp
  → result_b216.vtp
  → result_b217.vtp
  → result_b218.vtp
  → result_b219.vtp
  → result_b220.vtp
  → result_b221.vtp
  → result_b222.vtp
  → result_b223.vtp
  → result_b224.vtp
  → result_b225.vtp
  → result_b226.vtp
  → result_b227.vtp
  → result_b228.vtp
  → result_b229.vtp
  → result_b230.vtp
  → result_b231.vtp
  → result_b232.vtp
  → result_b233.vtp
  → result_b234.vtp
  → result_b235.vtp
  → result_b236.vtp
  → result_b237.vtp
  → result_b238.vtp
  → result_b239.vtp
  → result_b240.vtp
  → result_b241.vtp
  → result_b242.vtp
  → result_b243.vtp
  → result_b244.vtp
  → result_b245.vtp
  → result_b246.vtp
  → result_b247.vtp
  → result_b248.vtp
  → result_b249.vtp
  → result_b250.vtp
VTP files: ['result_b1.vtp', 'result_b2.vtp', 'result_b3.vtp', 'result_b4.vtp', 'result_b5.vtp', 'result_b6.vtp', 'result_b7.vtp', 'result_b8.vtp', 'result_b9.vtp', 'result_b10.vtp', 'result_b11.vtp', 'result_b12.vtp', 'result_b13.vtp', 'result_b14.vtp', 'result_b15.vtp', 'result_b16.vtp', 'result_b17.vtp', 'result_b18.vtp', 'result_b19.vtp', 'result_b20.vtp', 'result_b21.vtp', 'result_b22.vtp', 'result_b23.vtp', 'result_b24.vtp', 'result_b25.vtp', 'result_b26.vtp', 'result_b27.vtp', 'result_b28.vtp', 'result_b29.vtp', 'result_b30.vtp', 'result_b31.vtp', 'result_b32.vtp', 'result_b33.vtp', 'result_b34.vtp', 'result_b35.vtp', 'result_b36.vtp', 'result_b37.vtp', 'result_b38.vtp', 'result_b39.vtp', 'result_b40.vtp', 'result_b41.vtp', 'result_b42.vtp', 'result_b43.vtp', 'result_b44.vtp', 'result_b45.vtp', 'result_b46.vtp', 'result_b47.vtp', 'result_b48.vtp', 'result_b49.vtp', 'result_b50.vtp', 'result_b51.vtp', 'result_b52.vtp', 'result_b53.vtp', 'result_b54.vtp', 'result_b55.vtp', 'result_b56.vtp', 'result_b57.vtp', 'result_b58.vtp', 'result_b59.vtp', 'result_b60.vtp', 'result_b61.vtp', 'result_b62.vtp', 'result_b63.vtp', 'result_b64.vtp', 'result_b65.vtp', 'result_b66.vtp', 'result_b67.vtp', 'result_b68.vtp', 'result_b69.vtp', 'result_b70.vtp', 'result_b71.vtp', 'result_b72.vtp', 'result_b73.vtp', 'result_b74.vtp', 'result_b75.vtp', 'result_b76.vtp', 'result_b77.vtp', 'result_b78.vtp', 'result_b79.vtp', 'result_b80.vtp', 'result_b81.vtp', 'result_b82.vtp', 'result_b83.vtp', 'result_b84.vtp', 'result_b85.vtp', 'result_b86.vtp', 'result_b87.vtp', 'result_b88.vtp', 'result_b89.vtp', 'result_b90.vtp', 'result_b91.vtp', 'result_b92.vtp', 'result_b93.vtp', 'result_b94.vtp', 'result_b95.vtp', 'result_b96.vtp', 'result_b97.vtp', 'result_b98.vtp', 'result_b99.vtp', 'result_b100.vtp', 'result_b101.vtp', 'result_b102.vtp', 'result_b103.vtp', 'result_b104.vtp', 'result_b105.vtp', 'result_b106.vtp', 'result_b107.vtp', 'result_b108.vtp', 'result_b109.vtp', 'result_b110.vtp', 'result_b111.vtp', 'result_b112.vtp', 'result_b113.vtp', 'result_b114.vtp', 'result_b115.vtp', 'result_b116.vtp', 'result_b117.vtp', 'result_b118.vtp', 'result_b119.vtp', 'result_b120.vtp', 'result_b121.vtp', 'result_b122.vtp', 'result_b123.vtp', 'result_b124.vtp', 'result_b125.vtp', 'result_b126.vtp', 'result_b127.vtp', 'result_b128.vtp', 'result_b129.vtp', 'result_b130.vtp', 'result_b131.vtp', 'result_b132.vtp', 'result_b133.vtp', 'result_b134.vtp', 'result_b135.vtp', 'result_b136.vtp', 'result_b137.vtp', 'result_b138.vtp', 'result_b139.vtp', 'result_b140.vtp', 'result_b141.vtp', 'result_b142.vtp', 'result_b143.vtp', 'result_b144.vtp', 'result_b145.vtp', 'result_b146.vtp', 'result_b147.vtp', 'result_b148.vtp', 'result_b149.vtp', 'result_b150.vtp', 'result_b151.vtp', 'result_b152.vtp', 'result_b153.vtp', 'result_b154.vtp', 'result_b155.vtp', 'result_b156.vtp', 'result_b157.vtp', 'result_b158.vtp', 'result_b159.vtp', 'result_b160.vtp', 'result_b161.vtp', 'result_b162.vtp', 'result_b163.vtp', 'result_b164.vtp', 'result_b165.vtp', 'result_b166.vtp', 'result_b167.vtp', 'result_b168.vtp', 'result_b169.vtp', 'result_b170.vtp', 'result_b171.vtp', 'result_b172.vtp', 'result_b173.vtp', 'result_b174.vtp', 'result_b175.vtp', 'result_b176.vtp', 'result_b177.vtp', 'result_b178.vtp', 'result_b179.vtp', 'result_b180.vtp', 'result_b181.vtp', 'result_b182.vtp', 'result_b183.vtp', 'result_b184.vtp', 'result_b185.vtp', 'result_b186.vtp', 'result_b187.vtp', 'result_b188.vtp', 'result_b189.vtp', 'result_b190.vtp', 'result_b191.vtp', 'result_b192.vtp', 'result_b193.vtp', 'result_b194.vtp', 'result_b195.vtp', 'result_b196.vtp', 'result_b197.vtp', 'result_b198.vtp', 'result_b199.vtp', 'result_b200.vtp', 'result_b201.vtp', 'result_b202.vtp', 'result_b203.vtp', 'result_b204.vtp', 'result_b205.vtp', 'result_b206.vtp', 'result_b207.vtp', 'result_b208.vtp', 'result_b209.vtp', 'result_b210.vtp', 'result_b211.vtp', 'result_b212.vtp', 'result_b213.vtp', 'result_b214.vtp', 'result_b215.vtp', 'result_b216.vtp', 'result_b217.vtp', 'result_b218.vtp', 'result_b219.vtp', 'result_b220.vtp', 'result_b221.vtp', 'result_b222.vtp', 'result_b223.vtp', 'result_b224.vtp', 'result_b225.vtp', 'result_b226.vtp', 'result_b227.vtp', 'result_b228.vtp', 'result_b229.vtp', 'result_b230.vtp', 'result_b231.vtp', 'result_b232.vtp', 'result_b233.vtp', 'result_b234.vtp', 'result_b235.vtp', 'result_b236.vtp', 'result_b237.vtp', 'result_b238.vtp', 'result_b239.vtp', 'result_b240.vtp', 'result_b241.vtp', 'result_b242.vtp', 'result_b243.vtp', 'result_b244.vtp', 'result_b245.vtp', 'result_b246.vtp', 'result_b247.vtp', 'result_b248.vtp', 'result_b249.vtp', 'result_b250.vtp']

已生成可视化文件：result_b1.vtp, result_b2.vtp, result_b3.vtp, result_b4.vtp, result_b5.vtp, result_b6.vtp, result_b7.vtp, result_b8.vtp, result_b9.vtp, result_b10.vtp, result_b11.vtp, result_b12.vtp, result_b13.vtp, result_b14.vtp, result_b15.vtp, result_b16.vtp, result_b17.vtp, result_b18.vtp, result_b19.vtp, result_b20.vtp, result_b21.vtp, result_b22.vtp, result_b23.vtp, result_b24.vtp, result_b25.vtp, result_b26.vtp, result_b27.vtp, result_b28.vtp, result_b29.vtp, result_b30.vtp, result_b31.vtp, result_b32.vtp, result_b33.vtp, result_b34.vtp, result_b35.vtp, result_b36.vtp, result_b37.vtp, result_b38.vtp, result_b39.vtp, result_b40.vtp, result_b41.vtp, result_b42.vtp, result_b43.vtp, result_b44.vtp, result_b45.vtp, result_b46.vtp, result_b47.vtp, result_b48.vtp, result_b49.vtp, result_b50.vtp, result_b51.vtp, result_b52.vtp, result_b53.vtp, result_b54.vtp, result_b55.vtp, result_b56.vtp, result_b57.vtp, result_b58.vtp, result_b59.vtp, result_b60.vtp, result_b61.vtp, result_b62.vtp, result_b63.vtp, result_b64.vtp, result_b65.vtp, result_b66.vtp, result_b67.vtp, result_b68.vtp, result_b69.vtp, result_b70.vtp, result_b71.vtp, result_b72.vtp, result_b73.vtp, result_b74.vtp, result_b75.vtp, result_b76.vtp, result_b77.vtp, result_b78.vtp, result_b79.vtp, result_b80.vtp, result_b81.vtp, result_b82.vtp, result_b83.vtp, result_b84.vtp, result_b85.vtp, result_b86.vtp, result_b87.vtp, result_b88.vtp, result_b89.vtp, result_b90.vtp, result_b91.vtp, result_b92.vtp, result_b93.vtp, result_b94.vtp, result_b95.vtp, result_b96.vtp, result_b97.vtp, result_b98.vtp, result_b99.vtp, result_b100.vtp, result_b101.vtp, result_b102.vtp, result_b103.vtp, result_b104.vtp, result_b105.vtp, result_b106.vtp, result_b107.vtp, result_b108.vtp, result_b109.vtp, result_b110.vtp, result_b111.vtp, result_b112.vtp, result_b113.vtp, result_b114.vtp, result_b115.vtp, result_b116.vtp, result_b117.vtp, result_b118.vtp, result_b119.vtp, result_b120.vtp, result_b121.vtp, result_b122.vtp, result_b123.vtp, result_b124.vtp, result_b125.vtp, result_b126.vtp, result_b127.vtp, result_b128.vtp, result_b129.vtp, result_b130.vtp, result_b131.vtp, result_b132.vtp, result_b133.vtp, result_b134.vtp, result_b135.vtp, result_b136.vtp, result_b137.vtp, result_b138.vtp, result_b139.vtp, result_b140.vtp, result_b141.vtp, result_b142.vtp, result_b143.vtp, result_b144.vtp, result_b145.vtp, result_b146.vtp, result_b147.vtp, result_b148.vtp, result_b149.vtp, result_b150.vtp, result_b151.vtp, result_b152.vtp, result_b153.vtp, result_b154.vtp, result_b155.vtp, result_b156.vtp, result_b157.vtp, result_b158.vtp, result_b159.vtp, result_b160.vtp, result_b161.vtp, result_b162.vtp, result_b163.vtp, result_b164.vtp, result_b165.vtp, result_b166.vtp, result_b167.vtp, result_b168.vtp, result_b169.vtp, result_b170.vtp, result_b171.vtp, result_b172.vtp, result_b173.vtp, result_b174.vtp, result_b175.vtp, result_b176.vtp, result_b177.vtp, result_b178.vtp, result_b179.vtp, result_b180.vtp, result_b181.vtp, result_b182.vtp, result_b183.vtp, result_b184.vtp, result_b185.vtp, result_b186.vtp, result_b187.vtp, result_b188.vtp, result_b189.vtp, result_b190.vtp, result_b191.vtp, result_b192.vtp, result_b193.vtp, result_b194.vtp, result_b195.vtp, result_b196.vtp, result_b197.vtp, result_b198.vtp, result_b199.vtp, result_b200.vtp, result_b201.vtp, result_b202.vtp, result_b203.vtp, result_b204.vtp, result_b205.vtp, result_b206.vtp, result_b207.vtp, result_b208.vtp, result_b209.vtp, result_b210.vtp, result_b211.vtp, result_b212.vtp, result_b213.vtp, result_b214.vtp, result_b215.vtp, result_b216.vtp, result_b217.vtp, result_b218.vtp, result_b219.vtp, result_b220.vtp, result_b221.vtp, result_b222.vtp, result_b223.vtp, result_b224.vtp, result_b225.vtp, result_b226.vtp, result_b227.vtp, result_b228.vtp, result_b229.vtp, result_b230.vtp, result_b231.vtp, result_b232.vtp, result_b233.vtp, result_b234.vtp, result_b235.vtp, result_b236.vtp, result_b237.vtp, result_b238.vtp, result_b239.vtp, result_b240.vtp, result_b241.vtp, result_b242.vtp, result_b243.vtp, result_b244.vtp, result_b245.vtp, result_b246.vtp, result_b247.vtp, result_b248.vtp, result_b249.vtp, result_b250.vtp
BC overlay: bc_overlay.vtp

=== Pipeline complete ===
:12 
 ktsmat=           0
 ntelgroup=           0
Begin solution global equation     at 2026-08-26 10:09:12 
                     istep=         108 iiter=           2
                     conver_load check
 resid=  1.459449597814450E-015 retot=   15795496644.7692     
 ratio1=  3.039680292522947E-013 ratio2=  2.387304151254005E-013
 nchek0=           0 toler_force=  1.000000000000000E-005
 nchek=           0
                    conver_nodal_value check
               Convergence check for displacement
 ratio1=  2.340947434783571E-014 ratio2=  3.335676334497500E-014
 nchek=           0
 ***********RESTART FILE IS UPDATED!*******
 time: 10:09:12
 iblks=           1 iincs=           1 istep=         109
 outinp=           0
 iiter=           1
Begin forming various matrix       at 2026-08-26 10:09:12 
 ktsmat=           0
Begin assemble golbal matrix       at 2026-08-26 10:09:12 
 ntelgroup=           0
Begin factorize global matrix      at 2026-08-26 10:09:12 
Begin solution global equation     at 2026-08-26 10:09:12 
                     istep=         109 iiter=           1
                     conver_load check
 resid=  1.624485039652204E-015 retot=   142054055398.451     
 ratio1=  1.069377494083969E-013 ratio2=  6.835883211182485E-014
 nchek0=           0 toler_force=  1.000000000000000E-005
 nchek=           0
                    conver_nodal_value check
               Convergence check for displacement
 ratio1=  4.747617278619216E-002 ratio2=  4.959345063827420E-002
                            not converged for checki=           1
 iiter=           2
Begin forming various matrix       at 2026-08-26 10:09:12 
 ktsmat=           0
 ntelgroup=           0
Begin solution global equation     at 2026-08-26 10:09:12 
                     istep=         109 iiter=           2
                     conver_load check
 resid=  1.101755303561056E-015 retot=   142054055398.450     
 ratio1=  8.806751795088276E-014 ratio2=  5.608493659105042E-014
 nchek0=           0 toler_force=  1.000000000000000E-005
 nchek=           0
                    conver_nodal_value check
               Convergence check for displacement
 ratio1=  6.873476168703740E-015 ratio2=  8.402934197857669E-015
 nchek=           0
 ***********RESTART FILE IS UPDATED!*******
 time: 10:09:12
 iblks=           1 iincs=           1 istep=         110
 outinp=           0
 iiter=           1
Begin forming various matrix       at 2026-08-26 10:09:12 
 ktsmat=           0
Begin assemble golbal matrix       at 2026-08-26 10:09:12 
 ntelgroup=           0
Begin factorize global matrix      at 2026-08-26 10:09:12 
Begin solution global equation     at 2026-08-26 10:09:12 
                     istep=         110 iiter=           1
                     conver_load check
 resid=  5.235164568207723E-016 retot=   281634639007.464     
 ratio1=  4.311437896684715E-014 ratio2=  3.501752059924097E-014
 nchek0=           0 toler_force=  1.000000000000000E-005
 nchek=           0
                    conver_nodal_value check
               Convergence check for displacement
 ratio1=  1.942698705699690E-002 ratio2=  2.038164963271545E-002
                            not converged for checki=           1
 iiter=           2
Begin forming various matrix       at 2026-08-26 10:09:12 
 ktsmat=           0
 ntelgroup=           0
Begin solution global equation     at 2026-08-26 10:09:12 
                     istep=         110 iiter=           2
                     conver_load check
 resid=  4.577388739862629E-016 retot=   281634639007.464     
 ratio1=  4.031492573047596E-014 ratio2=  2.042035345345522E-014
 nchek0=           0 toler_force=  1.000000000000000E-005
 nchek=           0
                    conver_nodal_value check
               Convergence check for displacement
 ratio1=  1.800493412773181E-015 ratio2=  2.211340038173941E-015
 nchek=           0
 ***********RESTART FILE IS UPDATED!*******
 time: 10:09:12
 iblks=           1 iincs=           1 istep=         111
 outinp=           0
 iiter=           1
Begin forming various matrix       at 2026-08-26 10:09:12 
 ktsmat=           0
Begin assemble golbal matrix       at 2026-08-26 10:09:12 
 ntelgroup=           0
Begin factorize global matrix      at 2026-08-26 10:09:12 
Begin solution global equation     at 2026-08-26 10:09:12 
                     istep=         111 iiter=           1
                     conver_load check
 resid=  3.780882825251289E-017 retot=   308462167689.702     
 ratio1=  1.107122446408286E-014 ratio2=  8.222963954585841E-015
 nchek0=           0 toler_force=  1.000000000000000E-005
 nchek=           0
                    conver_nodal_value check
               Convergence check for displacement
 ratio1=  3.219738476505764E-003 ratio2=  3.741612354993045E-003
                            not converged for checki=           1
 iiter=           2
Begin forming various matrix       at 2026-08-26 10:09:12 
 ktsmat=           0
 ntelgroup=           0
Begin solution global equation     at 2026-08-26 10:09:12 
                     istep=         111 iiter=           2
                     conver_load check
 resid=  3.143857645275504E-017 retot=   308462167689.702     
 ratio1=  1.009556160571740E-014 ratio2=  7.318353059272268E-015
 nchek0=           0 toler_force=  1.000000000000000E-005
 nchek=           0
                    conver_nodal_value check
               Convergence check for displacement
 ratio1=  1.640497414614085E-016 ratio2=  1.870112431727693E-016
 nchek=           0
 ***********RESTART FILE IS UPDATED!*******
 time: 10:09:12
 iblks=           1 iincs=           1 istep=         112
 outinp=           0
 iiter=           1
Begin forming various matrix       at 2026-08-26 10:09:12 
 ktsmat=           0
Begin assemble golbal matrix       at 2026-08-26 10:09:12 
 ntelgroup=           0
Begin factorize global matrix      at 2026-08-26 10:09:12 
Begin solution global equation     at 2026-08-26 10:09:12 
                     istep=         112 iiter=           1
                     conver_load check
 resid=  2.234414549554744E-016 retot=   203337705838.965     
 ratio1=  3.314918960107155E-014 ratio2=  2.060186848822547E-014
 nchek0=           0 toler_force=  1.000000000000000E-005
 nchek=           0
                    conver_nodal_value check
               Convergence check for displacement
 ratio1=  1.390086169094397E-002 ratio2=  1.315288580553433E-002
                            not converged for checki=           1
 iiter=           2
Begin forming various matrix       at 2026-08-26 10:09:12 
 ktsmat=           0
 ntelgroup=           0
Begin solution global equation     at 2026-08-26 10:09:12 
                     istep=         112 iiter=           2
                     conver_load check
 resid=  1.649857382738441E-016 retot=   203337705838.965     
 ratio1=  2.848487005435038E-014 ratio2=  2.019486619833588E-014
 nchek0=           0 toler_force=  1.000000000000000E-005
 nchek=           0
                    conver_nodal_value check
               Convergence check for displacement
 ratio1=  7.675775198843338E-016 ratio2=  1.234797567728093E-015
 nchek=           0
 ***********RESTART FILE IS UPDATED!*******
 time: 10:09:12
 iblks=           1 iincs=           1 istep=         113
 outinp=           0
 iiter=           1
Begin forming various matrix       at 2026-08-26 10:09:12 
 ktsmat=           0
Begin assemble golbal matrix       at 2026-08-26 10:09:12 
 ntelgroup=           0
Begin factorize global matrix      at 2026-08-26 10:09:12 
Begin solution global equation     at 2026-08-26 10:09:12 
                     istep=         113 iiter=           1
                     conver_load check
 resid=  7.652159129064832E-016 retot=   61034377213.7217     
 ratio1=  1.119707887879137E-013 ratio2=  7.037006143633473E-014
 nchek0=           0 toler_force=  1.000000000000000E-005
 nchek=           0
                    conver_nodal_value check
               Convergence check for displacement
 ratio1=  4.501187238254576E-002 ratio2=  4.348155502068766E-002
                            not converged for checki=           1
 iiter=           2
Begin forming various matrix       at 2026-08-26 10:09:12 
 ktsmat=           0
 ntelgroup=           0
Begin solution global equation     at 2026-08-26 10:09:12 
                     istep=         113 iiter=           2
                     conver_load check
 resid=  5.522456487746334E-016 retot=   61034377213.7220     
 ratio1=  9.512154433742680E-014 ratio2=  6.101362336144492E-014
 nchek0=           0 toler_force=  1.000000000000000E-005
 nchek=           0
                    conver_nodal_value check
               Convergence check for displacement
 ratio1=  2.065580254294338E-015 ratio2=  1.802715932859887E-015
 nchek=           0
 ***********RESTART FILE IS UPDATED!*******
 time: 10:09:12
 iblks=           1 iincs=           1 istep=         114
 outinp=           0
 iiter=           1
Begin forming various matrix       at 2026-08-26 10:09:12 
 ktsmat=           0
Begin assemble golbal matrix       at 2026-08-26 10:09:12 
 ntelgroup=           0
Begin factorize global matrix      at 2026-08-26 10:09:12 
Begin solution global equation     at 2026-08-26 10:09:12 
                     istep=         114 iiter=           1
                     conver_load check
 resid=  1.110682944779990E-015 retot=   78271573.6768517     
 ratio1=  3.766977435537570E-012 ratio2=  2.000216596403828E-012
 nchek0=           0 toler_force=  1.000000000000000E-005
 nchek=           0
                    conver_nodal_value check
               Convergence check for displacement
 ratio1=  0.379799736197532      ratio2=  0.321868512967458     
                            not converged for checki=           1
 iiter=           2
Begin forming various matrix       at 2026-08-26 10:09:12 
 ktsmat=           0
 ntelgroup=           0
Begin solution global equation     at 2026-08-26 10:09:12 
                     istep=         114 iiter=           2
                     conver_load check
 resid=  7.986999444847399E-016 retot=   78271573.6768422     
 ratio1=  3.194403656824435E-012 ratio2=  3.149797310001067E-012
 nchek0=           0 toler_force=  1.000000000000000E-005
 nchek=           0
                    conver_nodal_value check
               Convergence check for displacement
 ratio1=  3.389982124114643E-014 ratio2=  2.863837151176299E-014
 nchek=           0
 ***********RESTART FILE IS UPDATED!*******
 time: 10:09:12
 iblks=           1 iincs=           1 istep=         115
 outinp=           0
 iiter=           1
Begin forming various matrix       at 2026-08-26 10:09:12 
 ktsmat=           0
Begin assemble golbal matrix       at 2026-08-26 10:09:12 
 ntelgroup=           0
Begin factorize global matrix      at 2026-08-26 10:09:12 
Begin solution global equation     at 2026-08-26 10:09:12 
                     istep=         115 iiter=           1
                     conver_load check
 resid=  1.379794491690024E-015 retot=   60575836200.1747     
 ratio1=  1.509237176431682E-013 ratio2=  1.621235251506169E-013
 nchek0=           0 toler_force=  1.000000000000000E-005
 nchek=           0
                    conver_nodal_value check
               Convergence check for displacement
 ratio1=  7.297432055690413E-002 ratio2=  7.666601279670900E-002
                            not converged for checki=           1
 iiter=           2
Begin forming various matrix       at 2026-08-26 10:09:12 
 ktsmat=           0
 ntelgroup=           0
Begin solution global equation     at 2026-08-26 10:09:12 
                     istep=         115 iiter=           2
                     conver_load check
 resid=  1.080821852496690E-015 retot=   60575836200.1743     
 ratio1=  1.335756663784490E-013 ratio2=  9.734755030040374E-014
 nchek0=           0 toler_force=  1.000000000000000E-005
 nchek=           0
                    conver_nodal_value check
               Convergence check for displacement
 ratio1=  7.899194664525231E-015 ratio2=  1.090667388352080E-014
 nchek=           0
 ***********RESTART FILE IS UPDATED!*******
 time: 10:09:12
 iblks=           1 iincs=           1 istep=         116
 outinp=           0
 iiter=           1
Begin forming various matrix       at 2026-08-26 10:09:12 
 ktsmat=           0
Begin assemble golbal matrix       at 2026-08-26 10:09:12 
 ntelgroup=           0
Begin factorize global matrix      at 2026-08-26 10:09:12 
Begin solution global equation     at 2026-08-26 10:09:12 
                     istep=         116 iiter=           1
                     conver_load check
 resid=  7.180005027183383E-016 retot=   176762632744.877     
 ratio1=  6.373340820998089E-014 ratio2=  5.128913729680167E-014
 nchek0=           0 toler_force=  1.000000000000000E-005
 nchek=           0
                    conver_nodal_value check
               Convergence check for displacement
 ratio1=  2.734862501732797E-002 ratio2=  2.797047661126200E-002
                            not converged for checki=           1
 iiter=           2
Begin forming various matrix       at 2026-08-26 10:09:12 
 ktsmat=           0
 ntelgroup=           0
Begin solution global equation     at 2026-08-26 10:09:12 
                     istep=         116 iiter=           2
                     conver_load check
 resid=  8.001061495619946E-016 retot=   176762632744.876     
 ratio1=  6.727885217459810E-014 ratio2=  5.587857756102276E-014
 nchek0=           0 toler_force=  1.000000000000000E-005
 nchek=           0
                    conver_nodal_value check
               Convergence check for displacement
 ratio1=  3.347473346938709E-015 ratio2=  4.252969901030141E-015
 nchek=           0
 ***********RESTART FILE IS UPDATED!*******
 time: 10:09:12
 iblks=           1 iincs=           1 istep=         117
 outinp=           0
 iiter=           1
Begin forming various matrix       at 2026-08-26 10:09:12 
 ktsmat=           0
Begin assemble golbal matrix       at 2026-08-26 10:09:12 
 ntelgroup=           0
Begin factorize global matrix      at 2026-08-26 10:09:12 
Begin solution global equation     at 2026-08-26 10:09:12 
                     istep=         117 iiter=           1
                     conver_load check
 resid=  1.031979081101111E-016 retot=   240832309232.059     
 ratio1=  2.070036827744013E-014 ratio2=  2.101761155722227E-014
 nchek0=           0 toler_force=  1.000000000000000E-005
 nchek=           0
                    conver_nodal_value check
               Convergence check for displacement
 ratio1=  8.831839939674308E-003 ratio2=  9.117825354577756E-003
                            not converged for checki=           1
 iiter=           2
Begin forming various matrix       at 2026-08-26 10:09:12 
 ktsmat=           0
 ntelgroup=           0
Begin solution global equation     at 2026-08-26 10:09:12 
                     istep=         117 iiter=           2
                     conver_load check
 resid=  7.039809091667143E-017 retot=   240832309232.058     
 ratio1=  1.709712417672943E-014 ratio2=  9.384607951131814E-015
 nchek0=           0 toler_force=  1.000000000000000E-005
 nchek=           0
                    conver_nodal_value check
               Convergence check for displacement
 ratio1=  4.244629712002289E-016 ratio2=  4.388969471540387E-016
 nchek=           0
 ***********RESTART FILE IS UPDATED!*******
 time: 10:09:12
 iblks=           1 iincs=           1 istep=         118
 outinp=           0
 iiter=           1
Begin forming various matrix       at 2026-08-26 10:09:12 
 ktsmat=           0
Begin assemble golbal matrix       at 2026-08-26 10:09:12 
 ntelgroup=           0
Begin factorize global matrix      at 2026-08-26 10:09:12 
Begin solution global equation     at 2026-08-26 10:09:12 
                     istep=         118 iiter=           1
                     conver_load check
 resid=  3.863412243363476E-017 retot=   197765767183.172     
 ratio1=  1.397687131742638E-014 ratio2=  9.877336326287606E-015
 nchek0=           0 toler_force=  1.000000000000000E-005
 nchek=           0
                    conver_nodal_value check
               Convergence check for displacement
 ratio1=  6.436770347923690E-003 ratio2=  5.858176837260166E-003
                            not converged for checki=           1
 iiter=           2
Begin forming various matrix       at 2026-08-26 10:09:12 
 ktsmat=           0
 ntelgroup=           0
Begin solution global equation     at 2026-08-26 10:09:12 
                     istep=         118 iiter=           2
                     conver_load check
 resid=  3.629776372605179E-017 retot=   197765767183.172     
 ratio1=  1.354766270452618E-014 ratio2=  9.308713068389892E-015
 nchek0=           0 toler_force=  1.000000000000000E-005
 nchek=           0
                    conver_nodal_value check
               Convergence check for displacement
 ratio1=  1.507015913419610E-015 ratio2=  2.499455129649785E-015
 nchek=           0
 ***********RESTART FILE IS UPDATED!*******
 time: 10:09:12
 iblks=           1 iincs=           1 istep=         119
 outinp=           0
 iiter=           1
Begin forming various matrix       at 2026-08-26 10:09:12 
 ktsmat=           0
Begin assemble golbal matrix       at 2026-08-26 10:09:12 
 ntelgroup=           0
Begin factorize global matrix      at 2026-08-26 10:09:12 
Begin solution global equation     at 2026-08-26 10:09:12 
                     istep=         119 iiter=           1
                     conver_load check
 resid=  3.168228280746601E-016 retot=   88521912543.1658     
 ratio1=  5.982501813684611E-014 ratio2=  3.538994618719094E-014
 nchek0=           0 toler_force=  1.000000000000000E-005
 nchek=           0
                    conver_nodal_value check
               Convergence check for displacement
 ratio1=  2.796037827567043E-002 ratio2=  2.652265881985111E-002
                            not converged for checki=           1
 iiter=           2
Begin forming various matrix       at 2026-08-26 10:09:12 
 ktsmat=           0
 ntelgroup=           0
Begin solution global equation     at 2026-08-26 10:09:12 
                     istep=         119 iiter=           2
                     conver_load check
 resid=  1.743623377226354E-016 retot=   88521912543.1662     
 ratio1=  4.438139484044059E-014 ratio2=  3.783923230748252E-014
 nchek0=           0 toler_force=  1.000000000000000E-005
 nchek=           0
                    conver_nodal_value check
               Convergence check for displacement
 ratio1=  1.875812740134453E-015 ratio2=  1.949353167867146E-015
 nchek=           0
 ***********RESTART FILE IS UPDATED!*******
 time: 10:09:12
 iblks=           1 iincs=           1 istep=         120
 outinp=           0
 iiter=           1
Begin forming various matrix       at 2026-08-26 10:09:12 
 ktsmat=           0
Begin assemble golbal matrix       at 2026-08-26 10:09:12 
 ntelgroup=           0
Begin factorize global matrix      at 2026-08-26 10:09:12 
Begin solution global equation     at 2026-08-26 10:09:12 
                     istep=         120 iiter=           1
                     conver_load check
 resid=  7.746468161691264E-016 retot=   7682763481.72884     
 ratio1=  3.175361233850391E-013 ratio2=  2.333200028622057E-013
 nchek0=           0 toler_force=  1.000000000000000E-005
 nchek=           0
                    conver_nodal_value check
               Convergence check for displacement
 ratio1=  0.102286986559199      ratio2=  9.451667557643431E-002
                            not converged for checki=           1
 iiter=           2
Begin forming various matrix       at 2026-08-26 10:09:12 
 ktsmat=           0
 ntelgroup=           0
Begin solution global equation     at 2026-08-26 10:09:12 
                     istep=         120 iiter=           2
                     conver_load check
 resid=  5.587794076826833E-016 retot=   7682763481.72898     
 ratio1=  2.696879020210109E-013 ratio2=  1.679209942401726E-013
 nchek0=           0 toler_force=  1.000000000000000E-005
 nchek=           0
                    conver_nodal_value check
               Convergence check for displacement
 ratio1=  1.045256031791199E-014 ratio2=  1.397886976045877E-014
 nchek=           0
 ***********RESTART FILE IS UPDATED!*******
 time: 10:09:12
 iblks=           1 iincs=           1 istep=         121
 outinp=           0
 iiter=           1
Begin forming various matrix       at 2026-08-26 10:09:12 
 ktsmat=           0
Begin assemble golbal matrix       at 2026-08-26 10:09:12 
 ntelgroup=           0
Begin factorize global matrix      at 2026-08-26 10:09:12 
Begin solution global equation     at 2026-08-26 10:09:12 
                     istep=         121 iiter=           1
                     conver_load check
 resid=  1.297217150469002E-015 retot=   18106687767.8446     
 ratio1=  2.676620713983584E-013 ratio2=  1.895696493735028E-013
 nchek0=           0 toler_force=  1.000000000000000E-005
 nchek=           0
                    conver_nodal_value check
               Convergence check for displacement
 ratio1=  0.144534467763171      ratio2=  0.160183379075330     
                            not converged for checki=           1
 iiter=           2
Begin forming various matrix       at 2026-08-26 10:09:12 
 ktsmat=           0
 ntelgroup=           0
Begin solution global equation     at 2026-08-26 10:09:12 
                     istep=         121 iiter=           2
                     conver_load check
 resid=  7.502738857446282E-016 retot=   18106687767.8443     
 ratio1=  2.035590469789295E-013 ratio2=  1.473753316890240E-013
 nchek0=           0 toler_force=  1.000000000000000E-005
 nchek=           0
                    conver_nodal_value check
               Convergence check for displacement
 ratio1=  9.140541576132062E-015 ratio2=  1.031248437413636E-014
 nchek=           0
 ***********RESTART FILE IS UPDATED!*******
 time: 10:09:12
 iblks=           1 iincs=           1 istep=         122
 outinp=           0
 iiter=           1
Begin forming various matrix       at 2026-08-26 10:09:12 
 ktsmat=           0
Begin assemble golbal matrix       at 2026-08-26 10:09:12 
 ntelgroup=           0
Begin factorize global matrix      at 2026-08-26 10:09:12 
Begin solution global equation     at 2026-08-26 10:09:12 
                     istep=         122 iiter=           1
                     conver_load check
 resid=  4.759378216712152E-016 retot=   99659758019.8341     
 ratio1=  6.910591077655027E-014 ratio2=  4.236745536974411E-014
 nchek0=           0 toler_force=  1.000000000000000E-005
 nchek=           0
                    conver_nodal_value check
               Convergence check for displacement
 ratio1=  3.989252577637811E-002 ratio2=  4.147182287465695E-002
                            not converged for checki=           1
 iiter=           2
Begin forming various matrix       at 2026-08-26 10:09:12 
 ktsmat=           0
 ntelgroup=           0
Begin solution global equation     at 2026-08-26 10:09:12 
                     istep=         122 iiter=           2
                     conver_load check
 resid=  6.230771268895731E-016 retot=   99659758019.8338     
 ratio1=  7.906986369643949E-014 ratio2=  5.044032859688866E-014
 nchek0=           0 toler_force=  1.000000000000000E-005
 nchek=           0
                    conver_nodal_value check
               Convergence check for displacement
 ratio1=  2.036681306712639E-015 ratio2=  2.115838175088302E-015
 nchek=           0
 ***********RESTART FILE IS UPDATED!*******
 time: 10:09:12
 iblks=           1 iincs=           1 istep=         123
 outinp=           0
 iiter=           1
Begin forming various matrix       at 2026-08-26 10:09:12 
 ktsmat=           0
Begin assemble golbal matrix       at 2026-08-26 10:09:12 
 ntelgroup=           0
Begin factorize global matrix      at 2026-08-26 10:09:12 
Begin solution global equation     at 2026-08-26 10:09:12 
                     istep=         123 iiter=           1
                     conver_load check
 resid=  2.277394622208921E-016 retot=   173290751325.100     
 ratio1=  3.625195673886646E-014 ratio2=  2.706579377471697E-014
 nchek0=           0 toler_force=  1.000000000000000E-005
 nchek=           0
                    conver_nodal_value check
               Convergence check for displacement
 ratio1=  1.597049662557335E-002 ratio2=  1.678992867051611E-002
                            not converged for checki=           1
 iiter=           2
Begin forming various matrix       at 2026-08-26 10:09:12 
 ktsmat=           0
 ntelgroup=           0
Begin solution global equation     at 2026-08-26 10:09:12 
                     istep=         123 iiter=           2
                     conver_load check
 resid=  1.903748629453375E-016 retot=   173290751325.099     
 ratio1=  3.314493025630653E-014 ratio2=  2.644217895010612E-014
 nchek0=           0 toler_force=  1.000000000000000E-005
 nchek=           0
                    conver_nodal_value check
               Convergence check for displacement
 ratio1=  8.632919498795169E-016 ratio2=  9.409524315972637E-016
 nchek=           0
 ***********RESTART FILE IS UPDATED!*******
 time: 10:09:12
 iblks=           1 iincs=           1 istep=         124
 outinp=           0
 iiter=           1
Begin forming various matrix       at 2026-08-26 10:09:12 
 ktsmat=           0
Begin assemble golbal matrix       at 2026-08-26 10:09:12 
 ntelgroup=           0
Begin factorize global matrix      at 2026-08-26 10:09:12 
Begin solution global equation     at 2026-08-26 10:09:12 
                     istep=         124 iiter=           1
                     conver_load check
 resid=  7.371980436815553E-018 retot=   173423976611.162     
 ratio1=  6.519848688810436E-015 ratio2=  3.831458997276482E-015
 nchek0=           0 toler_force=  1.000000000000000E-005
 nchek=           0
                    conver_nodal_value check
               Convergence check for displacement
 ratio1=  1.176867738521517E-003 ratio2=  9.102820542855040E-004
                            not converged for checki=           1
 iiter=           2
Begin forming various matrix       at 2026-08-26 10:09:12 
 ktsmat=           0
 ntelgroup=           0
Begin solution global equation     at 2026-08-26 10:09:12 
                     istep=         124 iiter=           2
                     conver_load check
 resid=  8.138159178586460E-018 retot=   173423976611.162     
 ratio1=  6.850283101035136E-015 ratio2=  4.014125535198161E-015
 nchek0=           0 toler_force=  1.000000000000000E-005
 nchek=           0
                    conver_nodal_value check
               Convergence check for displacement
 ratio1=  2.180716958980577E-016 ratio2=  2.401638936603310E-016
 nchek=           0
 ***********RESTART FILE IS UPDATED!*******
 time: 10:09:12
 iblks=           1 iincs=           1 istep=         125
 outinp=           0
 iiter=           1
Begin forming various matrix       at 2026-08-26 10:09:12 
 ktsmat=           0
Begin assemble golbal matrix       at 2026-08-26 10:09:12 
 ntelgroup=           0
Begin factorize global matrix      at 2026-08-26 10:09:12 
Begin solution global equation     at 2026-08-26 10:09:12 
                     istep=         125 iiter=           1
                     conver_load check
 resid=  1.582885749903656E-016 retot=   102704652213.249     
 ratio1=  3.925814064040351E-014 ratio2=  2.253056376450879E-014
 nchek0=           0 toler_force=  1.000000000000000E-005
 nchek=           0
                    conver_nodal_value check
               Convergence check for displacement
 ratio1=  1.766351577686181E-002 ratio2=  1.681199788826809E-002
                            not converged for checki=           1
 iiter=           2
Begin forming various matrix       at 2026-08-26 10:09:12 
 ktsmat=           0
 ntelgroup=           0
Begin solution global equation     at 2026-08-26 10:09:12 
                     istep=         125 iiter=           2
                     conver_load check
 resid=  9.319263958785702E-017 retot=   102704652213.249     
 ratio1=  3.012282843612502E-014 ratio2=  1.648339946407783E-014
 nchek0=           0 toler_force=  1.000000000000000E-005
 nchek=           0
                    conver_nodal_value check
               Convergence check for displacement
 ratio1=  9.052461448912876E-016 ratio2=  9.442041510922614E-016
 nchek=           0
 ***********RESTART FILE IS UPDATED!*******
 time: 10:09:12
 iblks=           1 iincs=           1 istep=         126
 outinp=           0
 iiter=           1
Begin forming various matrix       at 2026-08-26 10:09:12 
 ktsmat=           0
Begin assemble golbal matrix       at 2026-08-26 10:09:12 
 ntelgroup=           0
Begin factorize global matrix      at 2026-08-26 10:09:12 
Begin solution global equation     at 2026-08-26 10:09:12 
                     istep=         126 iiter=           1
                     conver_load check
 resid=  4.995418558396879E-016 retot=   23928462679.8530     
 ratio1=  1.444869230854843E-013 ratio2=  9.498826808125222E-014
 nchek0=           0 toler_force=  1.000000000000000E-005
 nchek=           0
                    conver_nodal_value check
               Convergence check for displacement
 ratio1=  5.595936007332016E-002 ratio2=  5.371436988272269E-002
                            not converged for checki=           1
 iiter=           2
Begin forming various matrix       at 2026-08-26 10:09:12 
 ktsmat=           0
 ntelgroup=           0
Begin solution global equation     at 2026-08-26 10:09:12 
                     istep=         126 iiter=           2
                     conver_load check
 resid=  3.915449656723122E-016 retot=   23928462679.8532     
 ratio1=  1.279185192153251E-013 ratio2=  9.527000376116437E-014
 nchek0=           0 toler_force=  1.000000000000000E-005
 nchek=           0
                    conver_nodal_value check
               Convergence check for displacement
 ratio1=  1.867594094662049E-015 ratio2=  2.273354302682118E-015
 nchek=           0
 ***********RESTART FILE IS UPDATED!*******
 time: 10:09:12
 iblks=           1 iincs=           1 istep=         127
 outinp=           0
 iiter=           1
Begin forming various matrix       at 2026-08-26 10:09:12 
 ktsmat=           0
Begin assemble golbal matrix       at 2026-08-26 10:09:12 
 ntelgroup=           0
Begin factorize global matrix      at 2026-08-26 10:09:12 
Begin solution global equation     at 2026-08-26 10:09:12 
                     istep=         127 iiter=           1
                     conver_load check
 resid=  7.668189109332567E-016 retot=   1609008425.00060     
 ratio1=  6.903466922312337E-013 ratio2=  3.860800027076816E-013
 nchek0=           0 toler_force=  1.000000000000000E-005
 nchek=           0
                    conver_nodal_value check
               Convergence check for displacement
 ratio1=   1.16344520504241      ratio2=   1.56971182431480     
                            not converged for checki=           1
 iiter=           2
Begin forming various matrix       at 2026-08-26 10:09:12 
 ktsmat=           0
 ntelgroup=           0
Begin solution global equation     at 2026-08-26 10:09:12 
                     istep=         127 iiter=           2
                     conver_load check
 resid=  7.093707759398629E-016 retot=   1609008425.00050     
 ratio1=  6.639838058651937E-013 ratio2=  3.771387082591540E-013
 nchek0=           0 toler_force=  1.000000000000000E-005
 nchek=           0
                    conver_nodal_value check
               Convergence check for displacement
 ratio1=  1.767495867979601E-013 ratio2=  2.740389423374454E-013
 nchek=           0
 ***********RESTART FILE IS UPDATED!*******
 time: 10:09:12
 iblks=           1 iincs=           1 istep=         128
 outinp=           0
 iiter=           1
Begin forming various matrix       at 2026-08-26 10:09:12 
 ktsmat=           0
Begin assemble golbal matrix       at 2026-08-26 10:09:12 
 ntelgroup=           0
Begin factorize global matrix      at 2026-08-26 10:09:12 
Begin solution global equation     at 2026-08-26 10:09:12 
                     istep=         128 iiter=           1
                     conver_load check
 resid=  6.705754029310308E-016 retot=   47206124443.4248     
 ratio1=  1.191858330012165E-013 ratio2=  6.996541091573498E-014
 nchek0=           0 toler_force=  1.000000000000000E-005
 nchek=           0
                    conver_nodal_value check
               Convergence check for displacement
 ratio1=  5.893476301500761E-002 ratio2=  6.151862879854583E-002
                            not converged for checki=           1
 iiter=           2
Begin forming various matrix       at 2026-08-26 10:09:12 
 ktsmat=           0
 ntelgroup=           0
Begin solution global equation     at 2026-08-26 10:09:12 
                     istep=         128 iiter=           2
                     conver_load check
 resid=  4.477071924696695E-016 retot=   47206124443.4244     
 ratio1=  9.738629916268275E-014 ratio2=  6.639560276373261E-014
 nchek0=           0 toler_force=  1.000000000000000E-005
 nchek=           0
                    conver_nodal_value check
               Convergence check for displacement
 ratio1=  4.215531710410772E-015 ratio2=  4.721428231506000E-015
 nchek=           0
 ***********RESTART FILE IS UPDATED!*******
 time: 10:09:12
 iblks=           1 iincs=           1 istep=         129
 outinp=           0
 iiter=           1
Begin forming various matrix       at 2026-08-26 10:09:12 
 ktsmat=           0
Begin assemble golbal matrix       at 2026-08-26 10:09:12 
 ntelgroup=           0
Begin factorize global matrix      at 2026-08-26 10:09:12 
Begin solution global equation     at 2026-08-26 10:09:12 
                     istep=         129 iiter=           1
                     conver_load check
 resid=  1.959871227545934E-016 retot=   113774025907.359     
 ratio1=  4.150421514190891E-014 ratio2=  2.181792363064903E-014
 nchek0=           0 toler_force=  1.000000000000000E-005
 nchek=           0
                    conver_nodal_value check
               Convergence check for displacement
 ratio1=  2.324895521304595E-002 ratio2=  2.386501525215204E-002
                            not converged for checki=           1
 iiter=           2
Begin forming various matrix       at 2026-08-26 10:09:12 
 ktsmat=           0
 ntelgroup=           0
Begin solution global equation     at 2026-08-26 10:09:12 
                     istep=         129 iiter=           2
                     conver_load check
 resid=  1.289887936577610E-016 retot=   113774025907.358     
 ratio1=  3.367087694755246E-014 ratio2=  1.957937229303071E-014
 nchek0=           0 toler_force=  1.000000000000000E-005
 nchek=           0
                    conver_nodal_value check
               Convergence check for displacement
 ratio1=  1.322403354671107E-015 ratio2=  1.346236243026383E-015
 nchek=           0
 ***********RESTART FILE IS UPDATED!*******
 time: 10:09:12
 iblks=           1 iincs=           1 istep=         130
 outinp=           0
 iiter=           1
Begin forming various matrix       at 2026-08-26 10:09:12 
 ktsmat=           0
Begin assemble golbal matrix       at 2026-08-26 10:09:12 
 ntelgroup=           0
Begin factorize global matrix      at 2026-08-26 10:09:12 
Begin solution global equation     at 2026-08-26 10:09:12 
                     istep=         130 iiter=           1
                     conver_load check
 resid=  3.444771344144989E-017 retot=   140348639782.707     
 ratio1=  1.566664836605562E-014 ratio2=  1.569819875176982E-014
 nchek0=           0 toler_force=  1.000000000000000E-005
 nchek=           0
                    conver_nodal_value check
               Convergence check for displacement
 ratio1=  6.074371450718931E-003 ratio2=  6.417422343998472E-003
                            not converged for checki=           1
 iiter=           2
Begin forming various matrix       at 2026-08-26 10:09:12 
 ktsmat=           0
 ntelgroup=           0
Begin solution global equation     at 2026-08-26 10:09:12 
                     istep=         130 iiter=           2
                     conver_load check
 resid=  5.869987464372514E-017 retot=   140348639782.707     
 ratio1=  2.045099690190828E-014 ratio2=  1.754876566057459E-014
 nchek0=           0 toler_force=  1.000000000000000E-005
 nchek=           0
                    conver_nodal_value check
               Convergence check for displacement
 ratio1=  3.217938594181914E-016 ratio2=  3.477098268900013E-016
 nchek=           0
 ***********RESTART FILE IS UPDATED!*******
 time: 10:09:12
 iblks=           1 iincs=           1 istep=         131
 outinp=           0
 iiter=           1
Begin forming various matrix       at 2026-08-26 10:09:12 
 ktsmat=           0
Begin assemble golbal matrix       at 2026-08-26 10:09:12 
 ntelgroup=           0
Begin factorize global matrix      at 2026-08-26 10:09:12 
Begin solution global equation     at 2026-08-26 10:09:12 
                     istep=         131 iiter=           1
                     conver_load check
 resid=  4.732253522457971E-017 retot=   104862967703.160     
 ratio1=  2.124334632572360E-014 ratio2=  1.725519165488574E-014
 nchek0=           0 toler_force=  1.000000000000000E-005
 nchek=           0
                    conver_nodal_value check
               Convergence check for displacement
 ratio1=  9.561180536454408E-003 ratio2=  8.936961318188157E-003
                            not converged for checki=           1
 iiter=           2
Begin forming various matrix       at 2026-08-26 10:09:12 
 ktsmat=           0
 ntelgroup=           0
Begin solution global equation     at 2026-08-26 10:09:12 
                     istep=         131 iiter=           2
                     conver_load check
 resid=  4.125666604376318E-017 retot=   104862967703.160     
 ratio1=  1.983517299682593E-014 ratio2=  1.181839168142972E-014
 nchek0=           0 toler_force=  1.000000000000000E-005
 nchek=           0
                    conver_nodal_value check
               Convergence check for displacement
 ratio1=  5.432003522466105E-016 ratio2=  5.367281515591827E-016
 nchek=           0
 ***********RESTART FILE IS UPDATED!*******
 time: 10:09:12
 iblks=           1 iincs=           1 istep=         132
 outinp=           0
 iiter=           1
Begin forming various matrix       at 2026-08-26 10:09:12 
 ktsmat=           0
Begin assemble golbal matrix       at 2026-08-26 10:09:12 
 ntelgroup=           0
Begin factorize global matrix      at 2026-08-26 10:09:12 
Begin solution global equation     at 2026-08-26 10:09:12 
                     istep=         132 iiter=           1
                     conver_load check
 resid=  3.734708898620826E-016 retot=   40051888683.2913     
 ratio1=  9.656436256407333E-014 ratio2=  7.308094966915837E-014
 nchek0=           0 toler_force=  1.000000000000000E-005
 nchek=           0
                    conver_nodal_value check
               Convergence check for displacement
 ratio1=  3.427018761473444E-002 ratio2=  3.264854653252774E-002
                            not converged for checki=           1
 iiter=           2
Begin forming various matrix       at 2026-08-26 10:09:12 
 ktsmat=           0
 ntelgroup=           0
Begin solution global equation     at 2026-08-26 10:09:12 
                     istep=         132 iiter=           2
                     conver_load check
 resid=  1.329175398248573E-016 retot=   40051888683.2914     
 ratio1=  5.760758203175689E-014 ratio2=  3.186301842205025E-014
 nchek0=           0 toler_force=  1.000000000000000E-005
 nchek=           0
                    conver_nodal_value check
               Convergence check for displacement
 ratio1=  1.233811485083000E-015 ratio2=  1.579944524619468E-015
 nchek=           0
 ***********RESTART FILE IS UPDATED!*******
 time: 10:09:12
 iblks=           1 iincs=           1 istep=         133
 outinp=           0
 iiter=           1
Begin forming various matrix       at 2026-08-26 10:09:12 
 ktsmat=           0
Begin assemble golbal matrix       at 2026-08-26 10:09:12 
 ntelgroup=           0
Begin factorize global matrix      at 2026-08-26 10:09:12 
Begin solution global equation     at 2026-08-26 10:09:12 
                     istep=         133 iiter=           1
                     conver_load check
 resid=  4.650530496277328E-016 retot=   1253800936.84450     
 ratio1=  6.090275702982189E-013 ratio2=  3.554857909769515E-013
 nchek0=           0 toler_force=  1.000000000000000E-005
 nchek=           0
                    conver_nodal_value check
               Convergence check for displacement
 ratio1=  0.154569014461983      ratio2=  0.139920343585781     
                            not converged for checki=           1
 iiter=           2
Begin forming various matrix       at 2026-08-26 10:09:12 
 ktsmat=           0
 ntelgroup=           0
Begin solution global equation     at 2026-08-26 10:09:12 
                     istep=         133 iiter=           2
                     conver_load check
 resid=  3.564008804649419E-016 retot=   1253800936.84456     
 ratio1=  5.331569675232649E-013 ratio2=  3.592171922687968E-013
 nchek0=           0 toler_force=  1.000000000000000E-005
 nchek=           0
                    conver_nodal_value check
               Convergence check for displacement
 ratio1=  2.897058548606783E-014 ratio2=  3.903191097804937E-014
 nchek=           0
 ***********RESTART FILE IS UPDATED!*******
 time: 10:09:12
 iblks=           1 iincs=           1 istep=         134
 outinp=           0
 iiter=           1
Begin forming various matrix       at 2026-08-26 10:09:12 
 ktsmat=           0
Begin assemble golbal matrix       at 2026-08-26 10:09:12 
 ntelgroup=           0
Begin factorize global matrix      at 2026-08-26 10:09:12 
Begin solution global equation     at 2026-08-26 10:09:12 
                     istep=         134 iiter=           1
                     conver_load check
 resid=  4.749459713141203E-016 retot=   17243411540.3863     
 ratio1=  1.659627060151379E-013 ratio2=  1.029748862642826E-013
 nchek0=           0 toler_force=  1.000000000000000E-005
 nchek=           0
                    conver_nodal_value check
               Convergence check for displacement
 ratio1=  0.101283128219812      ratio2=  0.108535043770196     
                            not converged for checki=           1
 iiter=           2
Begin forming various matrix       at 2026-08-26 10:09:12 
 ktsmat=           0
 ntelgroup=           0
Begin solution global equation     at 2026-08-26 10:09:12 
                     istep=         134 iiter=           2
                     conver_load check
 resid=  4.348498185949145E-016 retot=   17243411540.3861     
 ratio1=  1.588027613489845E-013 ratio2=  1.192334973057424E-013
 nchek0=           0 toler_force=  1.000000000000000E-005
 nchek=           0
                    conver_nodal_value check
               Convergence check for displacement
 ratio1=  6.169490404981630E-015 ratio2=  6.782868965118228E-015
 nchek=           0
 ***********RESTART FILE IS UPDATED!*******
 time: 10:09:12
 iblks=           1 iincs=           1 istep=         135
 outinp=           0
 iiter=           1
Begin forming various matrix       at 2026-08-26 10:09:12 
 ktsmat=           0
Begin assemble golbal matrix       at 2026-08-26 10:09:12 
 ntelgroup=           0
Begin factorize global matrix      at 2026-08-26 10:09:12 
Begin solution global equation     at 2026-08-26 10:09:12 
                     istep=         135 iiter=           1
                     conver_load check
 resid=  3.308993018758947E-016 retot=   67739264350.7800     
 ratio1=  6.989203528650810E-014 ratio2=  5.702975400768086E-014
 nchek0=           0 toler_force=  1.000000000000000E-005
 nchek=           0
                    conver_nodal_value check
               Convergence check for displacement
 ratio1=  3.382871964763965E-002 ratio2=  3.509769108134268E-002
                            not converged for checki=           1
 iiter=           2
Begin forming various matrix       at 2026-08-26 10:09:12 
 ktsmat=           0
 ntelgroup=           0
Begin solution global equation     at 2026-08-26 10:09:12 
                     istep=         135 iiter=           2
                     conver_load check
 resid=  2.828267774897678E-016 retot=   67739264350.7797     
 ratio1=  6.461599327435338E-014 ratio2=  3.722734874459995E-014
 nchek0=           0 toler_force=  1.000000000000000E-005
 nchek=           0
                    conver_nodal_value check
               Convergence check for displacement
 ratio1=  1.621373428501096E-015 ratio2=  1.634592115562292E-015
 nchek=           0
 ***********RESTART FILE IS UPDATED!*******
 time: 10:09:12
 iblks=           1 iincs=           1 istep=         136
 outinp=           0
 iiter=           1
Begin forming various matrix       at 2026-08-26 10:09:12 
 ktsmat=           0
Begin assemble golbal matrix       at 2026-08-26 10:09:12 
 ntelgroup=           0
Begin factorize global matrix      at 2026-08-26 10:09:12 
Begin solution global equation     at 2026-08-26 10:09:12 
                     istep=         136 iiter=           1
                     conver_load check
 resid=  7.185997104318764E-017 retot=   104757549193.178     
 ratio1=  2.619092603965858E-014 ratio2=  2.117210492973414E-014
 nchek0=           0 toler_force=  1.000000000000000E-005
 nchek=           0
                    conver_nodal_value check
               Convergence check for displacement
 ratio1=  1.280101791065865E-002 ratio2=  1.353053880199575E-002
                            not converged for checki=           1
 iiter=           2
Begin forming various matrix       at 2026-08-26 10:09:12 
 ktsmat=           0
 ntelgroup=           0
Begin solution global equation     at 2026-08-26 10:09:12 
                     istep=         136 iiter=           2
                     conver_load check
 resid=  6.802073383021762E-017 retot=   104757549193.178     
 ratio1=  2.548167613803124E-014 ratio2=  1.589886434153095E-014
 nchek0=           0 toler_force=  1.000000000000000E-005
 nchek=           0
                    conver_nodal_value check
               Convergence check for displacement
 ratio1=  1.922268151694690E-015 ratio2=  2.667021695201312E-015
 nchek=           0
 ***********RESTART FILE IS UPDATED!*******
 time: 10:09:12
 iblks=           1 iincs=           1 istep=         137
 outinp=           0
 iiter=           1
Begin forming various matrix       at 2026-08-26 10:09:12 
 ktsmat=           0
Begin assemble golbal matrix       at 2026-08-26 10:09:12 
 ntelgroup=           0
Begin factorize global matrix      at 2026-08-26 10:09:12 
Begin solution global equation     at 2026-08-26 10:09:12 
                     istep=         137 iiter=           1
                     conver_load check
 resid=  9.878041452130059E-018 retot=   95855673638.3217     
 ratio1=  1.015141331281726E-014 ratio2=  7.034137393954176E-015
 nchek0=           0 toler_force=  1.000000000000000E-005
 nchek=           0
                    conver_nodal_value check
               Convergence check for displacement
 ratio1=  2.900347302403699E-003 ratio2=  1.970712388834445E-003
                            not converged for checki=           1
 iiter=           2
Begin forming various matrix       at 2026-08-26 10:09:12 
 ktsmat=           0
 ntelgroup=           0
Begin solution global equation     at 2026-08-26 10:09:12 
                     istep=         137 iiter=           2
                     conver_load check
 resid=  1.185897055081695E-017 retot=   95855673638.3217     
 ratio1=  1.112281166049017E-014 ratio2=  7.040252705750701E-015
 nchek0=           0 toler_force=  1.000000000000000E-005
 nchek=           0
                    conver_nodal_value check
               Convergence check for displacement
 ratio1=  2.671601591650628E-016 ratio2=  3.563731939571123E-016
 nchek=           0
 ***********RESTART FILE IS UPDATED!*******
 time: 10:09:12
 iblks=           1 iincs=           1 istep=         138
 outinp=           0
 iiter=           1
Begin forming various matrix       at 2026-08-26 10:09:12 
 ktsmat=           0
Begin assemble golbal matrix       at 2026-08-26 10:09:12 
 ntelgroup=           0
Begin factorize global matrix      at 2026-08-26 10:09:12 
Begin solution global equation     at 2026-08-26 10:09:12 
                     istep=         138 iiter=           1
                     conver_load check
 resid=  1.100561517589421E-016 retot=   50471216971.8565     
 ratio1=  4.669660136484018E-014 ratio2=  2.876710622976496E-014
 nchek0=           0 toler_force=  1.000000000000000E-005
 nchek=           0
                    conver_nodal_value check
               Convergence check for displacement
 ratio1=  2.196238855282605E-002 ratio2=  2.100201488980051E-002
                            not converged for checki=           1
 iiter=           2
Begin forming various matrix       at 2026-08-26 10:09:12 
 ktsmat=           0
 ntelgroup=           0
Begin solution global equation     at 2026-08-26 10:09:12 
                     istep=         138 iiter=           2
                     conver_load check
 resid=  8.599783377873112E-017 retot=   50471216971.8568     
 ratio1=  4.127830613294442E-014 ratio2=  2.571200557915800E-014
 nchek0=           0 toler_force=  1.000000000000000E-005
 nchek=           0
                    conver_nodal_value check
               Convergence check for displacement
 ratio1=  3.001402590274725E-015 ratio2=  3.193245050864789E-015
 nchek=           0
 ***********RESTART FILE IS UPDATED!*******
 time: 10:09:12
 iblks=           1 iincs=           1 istep=         139
 outinp=           0
 iiter=           1
Begin forming various matrix       at 2026-08-26 10:09:12 
 ktsmat=           0
Begin assemble golbal matrix       at 2026-08-26 10:09:12 
 ntelgroup=           0
Begin factorize global matrix      at 2026-08-26 10:09:12 
Begin solution global equation     at 2026-08-26 10:09:12 
                     istep=         139 iiter=           1
                     conver_load check
 resid=  3.315205852768714E-016 retot=   8364821002.48727     
 ratio1=  1.990796755240855E-013 ratio2=  1.694295703290906E-013
 nchek0=           0 toler_force=  1.000000000000000E-005
 nchek=           0
                    conver_nodal_value check
               Convergence check for displacement
 ratio1=  7.159605856111423E-002 ratio2=  6.816837334391236E-002
                            not converged for checki=           1
 iiter=           2
Begin forming various matrix       at 2026-08-26 10:09:12 
 ktsmat=           0
 ntelgroup=           0
Begin solution global equation     at 2026-08-26 10:09:12 
                     istep=         139 iiter=           2
                     conver_load check
 resid=  2.353726345609311E-016 retot=   8364821002.48736     
 ratio1=  1.677450286951974E-013 ratio2=  1.166287266692567E-013
 nchek0=           0 toler_force=  1.000000000000000E-005
 nchek=           0
                    conver_nodal_value check
               Convergence check for displacement
 ratio1=  6.562451220328757E-015 ratio2=  7.029223081209847E-015
 nchek=           0
 ***********RESTART FILE IS UPDATED!*******
 time: 10:09:12
 iblks=           1 iincs=           1 istep=         140
 outinp=           0
 iiter=           1
Begin forming various matrix       at 2026-08-26 10:09:12 
 ktsmat=           0
Begin assemble golbal matrix       at 2026-08-26 10:09:12 
 ntelgroup=           0
Begin factorize global matrix      at 2026-08-26 10:09:12 
Begin solution global equation     at 2026-08-26 10:09:12 
                     istep=         140 iiter=           1
                     conver_load check
 resid=  3.348651036161336E-016 retot=   3295260595.69949     
 ratio1=  3.187792638589963E-013 ratio2=  1.694476983860076E-013
 nchek0=           0 toler_force=  1.000000000000000E-005
 nchek=           0
                    conver_nodal_value check
               Convergence check for displacement
 ratio1=  0.294016382569704      ratio2=  0.369152680268071     
                            not converged for checki=           1
 iiter=           2
Begin forming various matrix       at 2026-08-26 10:09:12 
 ktsmat=           0
 ntelgroup=           0
Begin solution global equation     at 2026-08-26 10:09:12 
                     istep=         140 iiter=           2
                     conver_load check
 resid=  4.538413376603206E-016 retot=   3295260595.69940     
 ratio1=  3.711138330545757E-013 ratio2=  2.228589138202870E-013
 nchek0=           0 toler_force=  1.000000000000000E-005
 nchek=           0
                    conver_nodal_value check
               Convergence check for displacement
 ratio1=  4.138467426495553E-014 ratio2=  6.821531264736229E-014
 nchek=           0
 ***********RESTART FILE IS UPDATED!*******
 time: 10:09:12
 iblks=           1 iincs=           1 istep=         141
 outinp=           0
 iiter=           1
Begin forming various matrix       at 2026-08-26 10:09:12 
 ktsmat=           0
Begin assemble golbal matrix       at 2026-08-26 10:09:12 
 ntelgroup=           0
Begin factorize global matrix      at 2026-08-26 10:09:12 
Begin solution global equation     at 2026-08-26 10:09:12 
                     istep=         141 iiter=           1
                     conver_load check
 resid=  3.890344336353210E-016 retot=   34881399528.0194     
 ratio1=  1.056080613978647E-013 ratio2=  8.463885375106063E-014
 nchek0=           0 toler_force=  1.000000000000000E-005
 nchek=           0
                    conver_nodal_value check
               Convergence check for displacement
 ratio1=  4.880417944741336E-002 ratio2=  5.071428439491905E-002
                            not converged for checki=           1
 iiter=           2
Begin forming various matrix       at 2026-08-26 10:09:12 
 ktsmat=           0
 ntelgroup=           0
Begin solution global equation     at 2026-08-26 10:09:12 
                     istep=         141 iiter=           2
                     conver_load check
 resid=  2.430930896881578E-016 retot=   34881399528.0193     
 ratio1=  8.348132931954920E-014 ratio2=  6.046330374229589E-014
 nchek0=           0 toler_force=  1.000000000000000E-005
 nchek=           0
                    conver_nodal_value check
               Convergence check for displacement
 ratio1=  4.361867900905496E-015 ratio2=  7.937882886982638E-015
 nchek=           0
 ***********RESTART FILE IS UPDATED!*******
 time: 10:09:12
 iblks=           1 iincs=           1 istep=         142
 outinp=           0
 iiter=           1
Begin forming various matrix       at 2026-08-26 10:09:12 
 ktsmat=           0
Begin assemble golbal matrix       at 2026-08-26 10:09:12 
 ntelgroup=           0
Begin factorize global matrix      at 2026-08-26 10:09:12 
Begin solution global equation     at 2026-08-26 10:09:12 
                     istep=         142 iiter=           1
                     conver_load check
 resid=  1.856685481970702E-016 retot=   71712312607.1227     
 ratio1=  5.088295288691578E-014 ratio2=  4.115047582654365E-014
 nchek0=           0 toler_force=  1.000000000000000E-005
 nchek=           0
                    conver_nodal_value check
               Convergence check for displacement
 ratio1=  1.959444999693355E-002 ratio2=  2.019342410308414E-002
                            not converged for checki=           1
 iiter=           2
Begin forming various matrix       at 2026-08-26 10:09:12 
 ktsmat=           0
 ntelgroup=           0
Begin solution global equation     at 2026-08-26 10:09:12 
                     istep=         142 iiter=           2
                     conver_load check
 resid=  1.184802663956009E-016 retot=   71712312607.1226     
 ratio1=  4.064678000900280E-014 ratio2=  2.319041000284092E-014
 nchek0=           0 toler_force=  1.000000000000000E-005
 nchek=           0
                    conver_nodal_value check
               Convergence check for displacement
 ratio1=  2.219750231637553E-015 ratio2=  3.190460211685033E-015
 nchek=           0
 ***********RESTART FILE IS UPDATED!*******
 time: 10:09:12
 iblks=           1 iincs=           1 istep=         143
 outinp=           0
 iiter=           1
Begin forming various matrix       at 2026-08-26 10:09:12 
 ktsmat=           0
Begin assemble golbal matrix       at 2026-08-26 10:09:12 
 ntelgroup=           0
Begin factorize global matrix      at 2026-08-26 10:09:12 
Begin solution global equation     at 2026-08-26 10:09:12 
                     istep=         143 iiter=           1
                     conver_load check
 resid=  1.091393857334909E-017 retot=   80479957968.9632     
 ratio1=  1.164519813389173E-014 ratio2=  8.618770760733567E-015
 nchek0=           0 toler_force=  1.000000000000000E-005
 nchek=           0
                    conver_nodal_value check
               Convergence check for displacement
 ratio1=  3.378404777535622E-003 ratio2=  3.755748425828046E-003
                            not converged for checki=           1
 iiter=           2
Begin forming various matrix       at 2026-08-26 10:09:12 
 ktsmat=           0
 ntelgroup=           0
Begin solution global equation     at 2026-08-26 10:09:12 
                     istep=         143 iiter=           2
                     conver_load check
 resid=  1.139804028585687E-017 retot=   80479957968.9631     
 ratio1=  1.190066481518796E-014 ratio2=  7.414467244234741E-015
 nchek0=           0 toler_force=  1.000000000000000E-005
 nchek=           0
                    conver_nodal_value check
               Convergence check for displacement
 ratio1=  2.254153721558593E-016 ratio2=  2.317221572729810E-016
 nchek=           0
 ***********RESTART FILE IS UPDATED!*******
 time: 10:09:12
 iblks=           1 iincs=           1 istep=         144
 outinp=           0
 iiter=           1
Begin forming various matrix       at 2026-08-26 10:09:12 
 ktsmat=           0
Begin assemble golbal matrix       at 2026-08-26 10:09:12 
 ntelgroup=           0
Begin factorize global matrix      at 2026-08-26 10:09:12 
Begin solution global equation     at 2026-08-26 10:09:12 
                     istep=         144 iiter=           1
                     conver_load check
 resid=  5.862115912366146E-017 retot=   54459436419.6332     
 ratio1=  3.280882140344102E-014 ratio2=  2.130620466165943E-014
 nchek0=           0 toler_force=  1.000000000000000E-005
 nchek=           0
                    conver_nodal_value check
               Convergence check for displacement
 ratio1=  1.293781863596493E-002 ratio2=  1.223745898708620E-002
                            not converged for checki=           1
 iiter=           2
Begin forming various matrix       at 2026-08-26 10:09:12 
 ktsmat=           0
 ntelgroup=           0
Begin solution global equation     at 2026-08-26 10:09:12 
                     istep=         144 iiter=           2
                     conver_load check
 resid=  4.762313104096902E-017 retot=   54459436419.6333     
 ratio1=  2.957143509683732E-014 ratio2=  1.988654162045448E-014
 nchek0=           0 toler_force=  1.000000000000000E-005
 nchek=           0
                    conver_nodal_value check
               Convergence check for displacement
 ratio1=  2.066382756980450E-015 ratio2=  2.655437342547605E-015
 nchek=           0
 ***********RESTART FILE IS UPDATED!*******
 time: 10:09:12
 iblks=           1 iincs=           1 istep=         145
 outinp=           0
 iiter=           1
Begin forming various matrix       at 2026-08-26 10:09:12 
 ktsmat=           0
Begin assemble golbal matrix       at 2026-08-26 10:09:12 
 ntelgroup=           0
Begin factorize global matrix      at 2026-08-26 10:09:12 
Begin solution global equation     at 2026-08-26 10:09:12 
                     istep=         145 iiter=           1
                     conver_load check
 resid=  2.140557222531399E-016 retot=   17190374486.8810     
 ratio1=  1.115888372247989E-013 ratio2=  8.603167939417955E-014
 nchek0=           0 toler_force=  1.000000000000000E-005
 nchek=           0
                    conver_nodal_value check
               Convergence check for displacement
 ratio1=  4.216708311304580E-002 ratio2=  4.021554297485853E-002
                            not converged for checki=           1
 iiter=           2
Begin forming various matrix       at 2026-08-26 10:09:12 
 ktsmat=           0
 ntelgroup=           0
Begin solution global equation     at 2026-08-26 10:09:12 
                     istep=         145 iiter=           2
                     conver_load check
 resid=  1.174926167934798E-016 retot=   17190374486.8812     
 ratio1=  8.267279478704498E-014 ratio2=  5.869125696173757E-014
 nchek0=           0 toler_force=  1.000000000000000E-005
 nchek=           0
                    conver_nodal_value check
               Convergence check for displacement
 ratio1=  2.544650982536002E-015 ratio2=  2.473793105547630E-015
 nchek=           0
 ***********RESTART FILE IS UPDATED!*******
 time: 10:09:12
 iblks=           1 iincs=           1 istep=         146
 outinp=           0
 iiter=           1
Begin forming various matrix       at 2026-08-26 10:09:12 
 ktsmat=           0
Begin assemble golbal matrix       at 2026-08-26 10:09:12 
 ntelgroup=           0
Begin factorize global matrix      at 2026-08-26 10:09:12 
Begin solution global equation     at 2026-08-26 10:09:12 
                     istep=         146 iiter=           1
                     conver_load check
 resid=  2.904349833560393E-016 retot=   16897964.0968771     
 ratio1=  4.145789734180448E-012 ratio2=  1.919866833374861E-012
 nchek0=           0 toler_force=  1.000000000000000E-005
 nchek=           0
                    conver_nodal_value check
               Convergence check for displacement
 ratio1=  0.295112382478198      ratio2=  0.253308700770871     
                            not converged for checki=           1
 iiter=           2
Begin forming various matrix       at 2026-08-26 10:09:12 
 ktsmat=           0
 ntelgroup=           0
Begin solution global equation     at 2026-08-26 10:09:12 
                     istep=         146 iiter=           2
                     conver_load check
 resid=  2.807835147523986E-016 retot=   16897964.0968793     
 ratio1=  4.076323208083144E-012 ratio2=  1.659514517951629E-012
 nchek0=           0 toler_force=  1.000000000000000E-005
 nchek=           0
                    conver_nodal_value check
               Convergence check for displacement
 ratio1=  1.602844806355520E-014 ratio2=  1.471904633894292E-014
 nchek=           0
 ***********RESTART FILE IS UPDATED!*******
 time: 10:09:12
 iblks=           1 iincs=           1 istep=         147
 outinp=           0
 iiter=           1
Begin forming various matrix       at 2026-08-26 10:09:12 
 ktsmat=           0
Begin assemble golbal matrix       at 2026-08-26 10:09:12 
 ntelgroup=           0
Begin factorize global matrix      at 2026-08-26 10:09:12 
Begin solution global equation     at 2026-08-26 10:09:12 
                     istep=         147 iiter=           1
                     conver_load check
 resid=  2.437951728695800E-016 retot=   14671359555.5453     
 ratio1=  1.289072580880461E-013 ratio2=  7.401436687962226E-014
 nchek0=           0 toler_force=  1.000000000000000E-005
 nchek=           0
                    conver_nodal_value check
               Convergence check for displacement
 ratio1=  7.729192749882027E-002 ratio2=  8.152085044535841E-002
                            not converged for checki=           1
 iiter=           2
Begin forming various matrix       at 2026-08-26 10:09:12 
 ktsmat=           0
 ntelgroup=           0
Begin solution global equation     at 2026-08-26 10:09:12 
                     istep=         147 iiter=           2
                     conver_load check
 resid=  1.993159896590924E-016 retot=   14671359555.5451     
 ratio1=  1.165563368413005E-013 ratio2=  7.985992962198828E-014
 nchek0=           0 toler_force=  1.000000000000000E-005
 nchek=           0
                    conver_nodal_value check
               Convergence check for displacement
 ratio1=  4.702975112848113E-015 ratio2=  4.714507505601670E-015
 nchek=           0
 ***********RESTART FILE IS UPDATED!*******
 time: 10:09:12
 iblks=           1 iincs=           1 istep=         148
 outinp=           0
 iiter=           1
Begin forming various matrix       at 2026-08-26 10:09:12 
 ktsmat=           0
Begin assemble golbal matrix       at 2026-08-26 10:09:12 
 ntelgroup=           0
Begin factorize global matrix      at 2026-08-26 10:09:12 
Begin solution global equation     at 2026-08-26 10:09:12 
                     istep=         148 iiter=           1
                     conver_load check
 resid=  1.507300932953220E-016 retot=   44815312810.5461     
 ratio1=  5.799449457772320E-014 ratio2=  3.903741756735275E-014
 nchek0=           0 toler_force=  1.000000000000000E-005
 nchek=           0
                    conver_nodal_value check
               Convergence check for displacement
 ratio1=  2.877233630473570E-002 ratio2=  2.982200602122225E-002
                            not converged for checki=           1
 iiter=           2
Begin forming various matrix       at 2026-08-26 10:09:12 
 ktsmat=           0
 ntelgroup=           0
Begin solution global equation     at 2026-08-26 10:09:12 
                     istep=         148 iiter=           2
                     conver_load check
 resid=  1.160355478089225E-016 retot=   44815312810.5460     
 ratio1=  5.088412518389921E-014 ratio2=  3.151683976204116E-014
 nchek0=           0 toler_force=  1.000000000000000E-005
 nchek=           0
                    conver_nodal_value check
               Convergence check for displacement
 ratio1=  2.123743082654607E-015 ratio2=  2.256907263425093E-015
 nchek=           0
 ***********RESTART FILE IS UPDATED!*******
 time: 10:09:12
 iblks=           1 iincs=           1 istep=         149
 outinp=           0
 iiter=           1
Begin forming various matrix       at 2026-08-26 10:09:12 
 ktsmat=           0
Begin assemble golbal matrix       at 2026-08-26 10:09:12 
 ntelgroup=           0
Begin factorize global matrix      at 2026-08-26 10:09:12 
Begin solution global equation     at 2026-08-26 10:09:12 
                     istep=         149 iiter=           1
                     conver_load check
 resid=  2.800850611585845E-017 retot=   62276522120.8264     
 ratio1=  2.120717388101033E-014 ratio2=  1.210135085230213E-014
 nchek0=           0 toler_force=  1.000000000000000E-005
 nchek=           0
                    conver_nodal_value check
               Convergence check for displacement
 ratio1=  9.821874194896992E-003 ratio2=  1.047406596617500E-002
                            not converged for checki=           1
 iiter=           2
Begin forming various matrix       at 2026-08-26 10:09:12 
 ktsmat=           0
 ntelgroup=           0
Begin solution global equation     at 2026-08-26 10:09:12 
                     istep=         149 iiter=           2
                     conver_load check
 resid=  3.335105957905144E-017 retot=   62276522120.8263     
 ratio1=  2.314156056817293E-014 ratio2=  1.574098361394887E-014
 nchek0=           0 toler_force=  1.000000000000000E-005
 nchek=           0
                    conver_nodal_value check
               Convergence check for displacement
 ratio1=  9.010127319289451E-016 ratio2=  1.058580306519054E-015
 nchek=           0
 ***********RESTART FILE IS UPDATED!*******
 time: 10:09:12
 iblks=           1 iincs=           1 istep=         150
 outinp=           0
 iiter=           1
Begin forming various matrix       at 2026-08-26 10:09:12 
 ktsmat=           0
Begin assemble golbal matrix       at 2026-08-26 10:09:12 
 ntelgroup=           0
Begin factorize global matrix      at 2026-08-26 10:09:12 
Begin solution global equation     at 2026-08-26 10:09:12 
                     istep=         150 iiter=           1
                     conver_load check
 resid=  8.918118563418519E-018 retot=   52055584875.3039     
 ratio1=  1.308889415454222E-014 ratio2=  9.478308464031607E-015
 nchek0=           0 toler_force=  1.000000000000000E-005
 nchek=           0
                    conver_nodal_value check
               Convergence check for displacement
 ratio1=  5.733609564004579E-003 ratio2=  4.925721572695736E-003
                            not converged for checki=           1
 iiter=           2
Begin forming various matrix       at 2026-08-26 10:09:12 
 ktsmat=           0
 ntelgroup=           0
Begin solution global equation     at 2026-08-26 10:09:12 
                     istep=         150 iiter=           2
                     conver_load check
 resid=  1.094840039310300E-017 retot=   52055584875.3040     
 ratio1=  1.450245980966930E-014 ratio2=  9.857399258396230E-015
 nchek0=           0 toler_force=  1.000000000000000E-005
 nchek=           0
                    conver_nodal_value check
               Convergence check for displacement
 ratio1=  3.530778984118778E-016 ratio2=  5.117486249547997E-016
 nchek=           0
 ***********RESTART FILE IS UPDATED!*******
 time: 10:09:12
 iblks=           1 iincs=           1 istep=         151
 outinp=           0
 iiter=           1
Begin forming various matrix       at 2026-08-26 10:09:12 
 ktsmat=           0
Begin assemble golbal matrix       at 2026-08-26 10:09:12 
 ntelgroup=           0
Begin factorize global matrix      at 2026-08-26 10:09:12 
Begin solution global equation     at 2026-08-26 10:09:12 
                     istep=         151 iiter=           1
                     conver_load check
 resid=  8.166457106233038E-017 retot=   24013857172.5241     
 ratio1=  5.831575208951942E-014 ratio2=  3.268624054064561E-014
 nchek0=           0 toler_force=  1.000000000000000E-005
 nchek=           0
                    conver_nodal_value check
               Convergence check for displacement
 ratio1=  2.696612048835421E-002 ratio2=  2.584019600916083E-002
                            not converged for checki=           1
 iiter=           2
Begin forming various matrix       at 2026-08-26 10:09:12 
 ktsmat=           0
 ntelgroup=           0
Begin solution global equation     at 2026-08-26 10:09:12 
                     istep=         151 iiter=           2
                     conver_load check
 resid=  9.607226132033029E-017 retot=   24013857172.5242     
 ratio1=  6.325109449546465E-014 ratio2=  4.099628872678674E-014
 nchek0=           0 toler_force=  1.000000000000000E-005
 nchek=           0
                    conver_nodal_value check
               Convergence check for displacement
 ratio1=  3.553102039008388E-015 ratio2=  4.383414035808904E-015
 nchek=           0
 ***********RESTART FILE IS UPDATED!*******
 time: 10:09:12
 iblks=           1 iincs=           1 istep=         152
 outinp=           0
 iiter=           1
Begin forming various matrix       at 2026-08-26 10:09:12 
 ktsmat=           0
Begin assemble golbal matrix       at 2026-08-26 10:09:12 
 ntelgroup=           0
Begin factorize global matrix      at 2026-08-26 10:09:12 
Begin solution global equation     at 2026-08-26 10:09:12 
                     istep=         152 iiter=           1
                     conver_load check
 resid=  2.560809389144831E-016 retot=   2408861840.56385     
 ratio1=  3.260488560268169E-013 ratio2=  2.344142206210120E-013
 nchek0=           0 toler_force=  1.000000000000000E-005
 nchek=           0
                    conver_nodal_value check
               Convergence check for displacement
 ratio1=  9.607291991904084E-002 ratio2=  9.033529177988529E-002
                            not converged for checki=           1
 iiter=           2
Begin forming various matrix       at 2026-08-26 10:09:12 
 ktsmat=           0
 ntelgroup=           0
Begin solution global equation     at 2026-08-26 10:09:12 
                     istep=         152 iiter=           2
                     conver_load check
 resid=  7.751811144951463E-017 retot=   2408861840.56392     
 ratio1=  1.793889326430376E-013 ratio2=  1.033947345661738E-013
 nchek0=           0 toler_force=  1.000000000000000E-005
 nchek=           0
                    conver_nodal_value check
               Convergence check for displacement
 ratio1=  1.271543916359745E-014 ratio2=  1.199430842352362E-014
 nchek=           0
 ***********RESTART FILE IS UPDATED!*******
 time: 10:09:12
 iblks=           1 iincs=           1 istep=         153
 outinp=           0
 iiter=           1
Begin forming various matrix       at 2026-08-26 10:09:12 
 ktsmat=           0
Begin assemble golbal matrix       at 2026-08-26 10:09:12 
 ntelgroup=           0
Begin factorize global matrix      at 2026-08-26 10:09:12 
Begin solution global equation     at 2026-08-26 10:09:12 
                     istep=         153 iiter=           1
                     conver_load check
 resid=  3.859603408262375E-016 retot=   4072054009.99779     
 ratio1=  3.078680179977720E-013 ratio2=  1.952974928752943E-013
 nchek0=           0 toler_force=  1.000000000000000E-005
 nchek=           0
                    conver_nodal_value check
               Convergence check for displacement
 ratio1=  0.159671447317523      ratio2=  0.178705011499919     
                            not converged for checki=           1
 iiter=           2
Begin forming various matrix       at 2026-08-26 10:09:12 
 ktsmat=           0
 ntelgroup=           0
Begin solution global equation     at 2026-08-26 10:09:12 
                     istep=         153 iiter=           2
                     conver_load check
 resid=  3.010511213896410E-016 retot=   4072054009.99770     
 ratio1=  2.719025995973291E-013 ratio2=  1.733380838475885E-013
 nchek0=           0 toler_force=  1.000000000000000E-005
 nchek=           0
                    conver_nodal_value check
               Convergence check for displacement
 ratio1=  1.742875631267645E-014 ratio2=  1.940332148686781E-014
 nchek=           0
 ***********RESTART FILE IS UPDATED!*******
 time: 10:09:12
 iblks=           1 iincs=           1 istep=         154
 outinp=           0
 iiter=           1
Begin forming various matrix       at 2026-08-26 10:09:12 
 ktsmat=           0
Begin assemble golbal matrix       at 2026-08-26 10:09:12 
 ntelgroup=           0
Begin factorize global matrix      at 2026-08-26 10:09:12 
Begin solution global equation     at 2026-08-26 10:09:12 
                     istep=         154 iiter=           1
                     conver_load check
 resid=  1.530716100504355E-016 retot=   24725289415.9118     
 ratio1=  7.868222512333317E-014 ratio2=  6.571782860435324E-014
 nchek0=           0 toler_force=  1.000000000000000E-005
 nchek=           0
                    conver_nodal_value check
               Convergence check for displacement
 ratio1=  4.105444707620975E-002 ratio2=  4.254840452106929E-002
                            not converged for checki=           1
 iiter=           2
Begin forming various matrix       at 2026-08-26 10:09:12 
 ktsmat=           0
 ntelgroup=           0
Begin solution global equation     at 2026-08-26 10:09:12 
                     istep=         154 iiter=           2
                     conver_load check
 resid=  1.376957671744042E-016 retot=   24725289415.9117     
 ratio1=  7.462590365856855E-014 ratio2=  5.232426581427200E-014
 nchek0=           0 toler_force=  1.000000000000000E-005
 nchek=           0
                    conver_nodal_value check
               Convergence check for displacement
 ratio1=  2.910299610533852E-015 ratio2=  3.064782910221699E-015
 nchek=           0
 ***********RESTART FILE IS UPDATED!*******
 time: 10:09:12
 iblks=           1 iincs=           1 istep=         155
 outinp=           0
 iiter=           1
Begin forming various matrix       at 2026-08-26 10:09:12 
 ktsmat=           0
Begin assemble golbal matrix       at 2026-08-26 10:09:12 
 ntelgroup=           0
Begin factorize global matrix      at 2026-08-26 10:09:12 
Begin solution global equation     at 2026-08-26 10:09:12 
                     istep=         155 iiter=           1
                     conver_load check
 resid=  7.390370408963874E-017 retot=   44335899113.2303     
 ratio1=  4.082774023233672E-014 ratio2=  3.011211151192031E-014
 nchek0=           0 toler_force=  1.000000000000000E-005
 nchek=           0
                    conver_nodal_value check
               Convergence check for displacement
 ratio1=  1.626564903197417E-002 ratio2=  1.684816336397335E-002
                            not converged for checki=           1
 iiter=           2
Begin forming various matrix       at 2026-08-26 10:09:12 
 ktsmat=           0
 ntelgroup=           0
Begin solution global equation     at 2026-08-26 10:09:12 
                     istep=         155 iiter=           2
                     conver_load check
 resid=  7.793265917608959E-017 retot=   44335899113.2302     
 ratio1=  4.192586074685002E-014 ratio2=  2.404987004558497E-014
 nchek0=           0 toler_force=  1.000000000000000E-005
 nchek=           0
                    conver_nodal_value check
               Convergence check for displacement
 ratio1=  5.194945446770309E-016 ratio2=  5.546414871626426E-016
 nchek=           0
 ***********RESTART FILE IS UPDATED!*******
 time: 10:09:12
 iblks=           1 iincs=           1 istep=         156
 outinp=           0
 iiter=           1
Begin forming various matrix       at 2026-08-26 10:09:12 
 ktsmat=           0
Begin assemble golbal matrix       at 2026-08-26 10:09:12 
 ntelgroup=           0
Begin factorize global matrix      at 2026-08-26 10:09:12 
Begin solution global equation     at 2026-08-26 10:09:12 
                     istep=         156 iiter=           1
                     conver_load check
 resid=  3.000313637580608E-018 retot=   45400969229.5142     
 ratio1=  8.129255356344722E-015 ratio2=  6.827254639115358E-015
 nchek0=           0 toler_force=  1.000000000000000E-005
 nchek=           0
                    conver_nodal_value check
               Convergence check for displacement
 ratio1=  8.623400641549984E-004 ratio2=  1.070761102855600E-003
                            not converged for checki=           1
 iiter=           2
Begin forming various matrix       at 2026-08-26 10:09:12 
 ktsmat=           0
 ntelgroup=           0
Begin solution global equation     at 2026-08-26 10:09:12 
                     istep=         156 iiter=           2
                     conver_load check
 resid=  2.567320806100720E-018 retot=   45400969229.5141     
 ratio1=  7.519821089340001E-015 ratio2=  5.739776907064668E-015
 nchek0=           0 toler_force=  1.000000000000000E-005
 nchek=           0
                    conver_nodal_value check
               Convergence check for displacement
 ratio1=  1.497461532259974E-016 ratio2=  1.888760828131343E-016
 nchek=           0
 ***********RESTART FILE IS UPDATED!*******
 time: 10:09:12
 iblks=           1 iincs=           1 istep=         157
 outinp=           0
 iiter=           1
Begin forming various matrix       at 2026-08-26 10:09:12 
 ktsmat=           0
Begin assemble golbal matrix       at 2026-08-26 10:09:12 
 ntelgroup=           0
Begin factorize global matrix      at 2026-08-26 10:09:12 
Begin solution global equation     at 2026-08-26 10:09:12 
                     istep=         157 iiter=           1
                     conver_load check
 resid=  3.655237743799251E-017 retot=   27637166795.9809     
 ratio1=  3.636729965258376E-014 ratio2=  2.260074964939201E-014
 nchek0=           0 toler_force=  1.000000000000000E-005
 nchek=           0
                    conver_nodal_value check
               Convergence check for displacement
 ratio1=  1.666373710125682E-002 ratio2=  1.587499003132490E-002
                            not converged for checki=           1
 iiter=           2
Begin forming various matrix       at 2026-08-26 10:09:12 
 ktsmat=           0
 ntelgroup=           0
Begin solution global equation     at 2026-08-26 10:09:12 
                     istep=         157 iiter=           2
                     conver_load check
 resid=  2.521594327532601E-017 retot=   27637166795.9809     
 ratio1=  3.020583527102669E-014 ratio2=  2.084616677986881E-014
 nchek0=           0 toler_force=  1.000000000000000E-005
 nchek=           0
                    conver_nodal_value check
               Convergence check for displacement
 ratio1=  9.041392091656318E-016 ratio2=  1.419659216938923E-015
 nchek=           0
 ***********RESTART FILE IS UPDATED!*******
 time: 10:09:12
 iblks=           1 iincs=           1 istep=         158
 outinp=           0
 iiter=           1
Begin forming various matrix       at 2026-08-26 10:09:12 
 ktsmat=           0
Begin assemble golbal matrix       at 2026-08-26 10:09:12 
 ntelgroup=           0
Begin factorize global matrix      at 2026-08-26 10:09:12 
Begin solution global equation     at 2026-08-26 10:09:12 
                     istep=         158 iiter=           1
                     conver_load check
 resid=  1.148168066201360E-016 retot=   6871153543.60654     
 ratio1=  1.292670700171127E-013 ratio2=  7.903981437439547E-014
 nchek0=           0 toler_force=  1.000000000000000E-005
 nchek=           0
                    conver_nodal_value check
               Convergence check for displacement
 ratio1=  5.251673184044665E-002 ratio2=  5.000785593866511E-002
                            not converged for checki=           1
 iiter=           2
Begin forming various matrix       at 2026-08-26 10:09:12 
 ktsmat=           0
 ntelgroup=           0
Begin solution global equation     at 2026-08-26 10:09:12 
                     istep=         158 iiter=           2
                     conver_load check
 resid=  8.259528403463646E-017 retot=   6871153543.60662     
 ratio1=  1.096384276959324E-013 ratio2=  6.108951160317625E-014
 nchek0=           0 toler_force=  1.000000000000000E-005
 nchek=           0
                    conver_nodal_value check
               Convergence check for displacement
 ratio1=  7.482817144182251E-015 ratio2=  9.634379974496240E-015
 nchek=           0
 ***********RESTART FILE IS UPDATED!*******
 time: 10:09:12
 iblks=           1 iincs=           1 istep=         159
 outinp=           0
 iiter=           1
Begin forming various matrix       at 2026-08-26 10:09:12 
 ktsmat=           0
Begin assemble golbal matrix       at 2026-08-26 10:09:12 
 ntelgroup=           0
Begin factorize global matrix      at 2026-08-26 10:09:12 
Begin solution global equation     at 2026-08-26 10:09:12 
                     istep=         159 iiter=           1
                     conver_load check
 resid=  2.186455202567610E-016 retot=   268746641.516717     
 ratio1=  9.019838654452188E-013 ratio2=  6.476379379441300E-013
 nchek0=           0 toler_force=  1.000000000000000E-005
 nchek=           0
                    conver_nodal_value check
               Convergence check for displacement
 ratio1=   1.13185665854412      ratio2=   1.10335263284103     
                            not converged for checki=           1
 iiter=           2
Begin forming various matrix       at 2026-08-26 10:09:12 
 ktsmat=           0
 ntelgroup=           0
Begin solution global equation     at 2026-08-26 10:09:12 
                     istep=         159 iiter=           2
                     conver_load check
 resid=  1.309837461982393E-016 retot=   268746641.516699     
 ratio1=  6.981314145123563E-013 ratio2=  3.915209291302810E-013
 nchek0=           0 toler_force=  1.000000000000000E-005
 nchek=           0
                    conver_nodal_value check
               Convergence check for displacement
 ratio1=  1.316828517192643E-013 ratio2=  1.535728478935150E-013
 nchek=           0
 ***********RESTART FILE IS UPDATED!*******
 time: 10:09:12
 iblks=           1 iincs=           1 istep=         160
 outinp=           0
 iiter=           1
Begin forming various matrix       at 2026-08-26 10:09:12 
 ktsmat=           0
Begin assemble golbal matrix       at 2026-08-26 10:09:12 
 ntelgroup=           0
Begin factorize global matrix      at 2026-08-26 10:09:12 
Begin solution global equation     at 2026-08-26 10:09:12 
                     istep=         160 iiter=           1
                     conver_load check
 resid=  1.406135236212185E-016 retot=   11567635480.0121     
 ratio1=  1.102532114250892E-013 ratio2=  7.262118245809769E-014
 nchek0=           0 toler_force=  1.000000000000000E-005
 nchek=           0
                    conver_nodal_value check
               Convergence check for displacement
 ratio1=  6.185053896728154E-002 ratio2=  6.465497411017947E-002
                            not converged for checki=           1
 iiter=           2
Begin forming various matrix       at 2026-08-26 10:09:12 
 ktsmat=           0
 ntelgroup=           0
Begin solution global equation     at 2026-08-26 10:09:12 
                     istep=         160 iiter=           2
                     conver_load check
 resid=  1.547023914015363E-016 retot=   11567635480.0120     
 ratio1=  1.156448284527464E-013 ratio2=  8.862186560944796E-014
 nchek0=           0 toler_force=  1.000000000000000E-005
 nchek=           0
                    conver_nodal_value check
               Convergence check for displacement
 ratio1=  6.328987383920457E-015 ratio2=  8.238918299877364E-015
 nchek=           0
 ***********RESTART FILE IS UPDATED!*******
 time: 10:09:12
 iblks=           1 iincs=           1 istep=         161
 outinp=           0
 iiter=           1
Begin forming various matrix       at 2026-08-26 10:09:12 
 ktsmat=           0
Begin assemble golbal matrix       at 2026-08-26 10:09:12 
 ntelgroup=           0
Begin factorize global matrix      at 2026-08-26 10:09:12 
Begin solution global equation     at 2026-08-26 10:09:12 
                     istep=         161 iiter=           1
                     conver_load check
 resid=  7.680583867426454E-017 retot=   28958308872.5531     
 ratio1=  5.150039023715322E-014 ratio2=  4.014006418414653E-014
 nchek0=           0 toler_force=  1.000000000000000E-005
 nchek=           0
                    conver_nodal_value check
               Convergence check for displacement
 ratio1=  2.442903283563871E-002 ratio2=  2.532329440849155E-002
                            not converged for checki=           1
 iiter=           2
Begin forming various matrix       at 2026-08-26 10:09:12 
 ktsmat=           0
 ntelgroup=           0
Begin solution global equation     at 2026-08-26 10:09:12 
                     istep=         161 iiter=           2
                     conver_load check
 resid=  4.501081392513616E-017 retot=   28958308872.5530     
 ratio1=  3.942501208582153E-014 ratio2=  3.102909565682414E-014
 nchek0=           0 toler_force=  1.000000000000000E-005
 nchek=           0
                    conver_nodal_value check
               Convergence check for displacement
 ratio1=  8.945493550049868E-016 ratio2=  9.479992784841300E-016
 nchek=           0
 ***********RESTART FILE IS UPDATED!*******
 time: 10:09:12
 iblks=           1 iincs=           1 istep=         162
 outinp=           0
 iiter=           1
Begin forming various matrix       at 2026-08-26 10:09:12 
 ktsmat=           0
Begin assemble golbal matrix       at 2026-08-26 10:09:12 
 ntelgroup=           0
Begin factorize global matrix      at 2026-08-26 10:09:12 
Begin solution global equation     at 2026-08-26 10:09:12 
                     istep=         162 iiter=           1
                     conver_load check
 resid=  7.976116980009804E-018 retot=   36422957025.8634     
 ratio1=  1.479817492568739E-014 ratio2=  9.017642079064771E-015
 nchek0=           0 toler_force=  1.000000000000000E-005
 nchek=           0
                    conver_nodal_value check
               Convergence check for displacement
 ratio1=  6.976967815133301E-003 ratio2=  7.568793860179781E-003
                            not converged for checki=           1
 iiter=           2
Begin forming various matrix       at 2026-08-26 10:09:12 
 ktsmat=           0
 ntelgroup=           0
Begin solution global equation     at 2026-08-26 10:09:12 
                     istep=         162 iiter=           2
                     conver_load check
 resid=  7.756036840894363E-018 retot=   36422957025.8634     
 ratio1=  1.459258833435658E-014 ratio2=  1.360674440418718E-014
 nchek0=           0 toler_force=  1.000000000000000E-005
 nchek=           0
                    conver_nodal_value check
               Convergence check for displacement
 ratio1=  3.449940905785876E-016 ratio2=  3.594047157977946E-016
 nchek=           0
 ***********RESTART FILE IS UPDATED!*******
 time: 10:09:12
 iblks=           1 iincs=           1 istep=         163
 outinp=           0
 iiter=           1
Begin forming various matrix       at 2026-08-26 10:09:12 
 ktsmat=           0
Begin assemble golbal matrix       at 2026-08-26 10:09:12 
 ntelgroup=           0
Begin factorize global matrix      at 2026-08-26 10:09:12 
Begin solution global equation     at 2026-08-26 10:09:12 
                     istep=         163 iiter=           1
                     conver_load check
 resid=  1.434234307262163E-017 retot=   27741421869.2146     
 ratio1=  2.273765616997444E-014 ratio2=  1.856883573795909E-014
 nchek0=           0 toler_force=  1.000000000000000E-005
 nchek=           0
                    conver_nodal_value check
               Convergence check for displacement
 ratio1=  8.802952162928855E-003 ratio2=  8.013499484959035E-003
                            not converged for checki=           1
 iiter=           2
Begin forming various matrix       at 2026-08-26 10:09:12 
 ktsmat=           0
 ntelgroup=           0
Begin solution global equation     at 2026-08-26 10:09:12 
                     istep=         163 iiter=           2
                     conver_load check
 resid=  1.240700099774524E-017 retot=   27741421869.2146     
 ratio1=  2.114798775044806E-014 ratio2=  1.192876817307386E-014
 nchek0=           0 toler_force=  1.000000000000000E-005
 nchek=           0
                    conver_nodal_value check
               Convergence check for displacement
 ratio1=  4.296328915249573E-016 ratio2=  5.215093456283899E-016
 nchek=           0
 ***********RESTART FILE IS UPDATED!*******
 time: 10:09:12
 iblks=           1 iincs=           1 istep=         164
 outinp=           0
 iiter=           1
Begin forming various matrix       at 2026-08-26 10:09:12 
 ktsmat=           0
Begin assemble golbal matrix       at 2026-08-26 10:09:12 
 ntelgroup=           0
Begin factorize global matrix      at 2026-08-26 10:09:12 
Begin solution global equation     at 2026-08-26 10:09:12 
                     istep=         164 iiter=           1
                     conver_load check
 resid=  8.283364501185337E-017 retot=   10984569053.4424     
 ratio1=  8.683841231578994E-014 ratio2=  5.389485407447686E-014
 nchek0=           0 toler_force=  1.000000000000000E-005
 nchek=           0
                    conver_nodal_value check
               Convergence check for displacement
 ratio1=  3.296441981172461E-002 ratio2=  3.160267562914097E-002
                            not converged for checki=           1
 iiter=           2
Begin forming various matrix       at 2026-08-26 10:09:12 
 ktsmat=           0
 ntelgroup=           0
Begin solution global equation     at 2026-08-26 10:09:12 
                     istep=         164 iiter=           2
                     conver_load check
 resid=  8.594282955238401E-017 retot=   10984569053.4425     
 ratio1=  8.845315178203904E-014 ratio2=  5.993019953316659E-014
 nchek0=           0 toler_force=  1.000000000000000E-005
 nchek=           0
                    conver_nodal_value check
               Convergence check for displacement
 ratio1=  1.390909637599875E-015 ratio2=  1.540483844784443E-015
 nchek=           0
 ***********RESTART FILE IS UPDATED!*******
 time: 10:09:12
 iblks=           1 iincs=           1 istep=         165
 outinp=           0
 iiter=           1
Begin forming various matrix       at 2026-08-26 10:09:12 
 ktsmat=           0
Begin assemble golbal matrix       at 2026-08-26 10:09:12 
 ntelgroup=           0
Begin factorize global matrix      at 2026-08-26 10:09:12 
Begin solution global equation     at 2026-08-26 10:09:12 
                     istep=         165 iiter=           1
                     conver_load check
 resid=  1.384898311552099E-016 retot=   460785840.350631     
 ratio1=  5.482256868946040E-013 ratio2=  2.971185830199423E-013
 nchek0=           0 toler_force=  1.000000000000000E-005
 nchek=           0
                    conver_nodal_value check
               Convergence check for displacement
 ratio1=  0.140636188347849      ratio2=  0.129424850469979     
                            not converged for checki=           1
 iiter=           2
Begin forming various matrix       at 2026-08-26 10:09:12 
 ktsmat=           0
 ntelgroup=           0
Begin solution global equation     at 2026-08-26 10:09:12 
                     istep=         165 iiter=           2
                     conver_load check
 resid=  1.414896563218105E-016 retot=   460785840.350636     
 ratio1=  5.541314294228203E-013 ratio2=  4.110190344670280E-013
 nchek0=           0 toler_force=  1.000000000000000E-005
 nchek=           0
                    conver_nodal_value check
               Convergence check for displacement
 ratio1=  1.143544222997196E-014 ratio2=  1.796806573633306E-014
 nchek=           0
 ***********RESTART FILE IS UPDATED!*******
 time: 10:09:12
 iblks=           1 iincs=           1 istep=         166
 outinp=           0
 iiter=           1
Begin forming various matrix       at 2026-08-26 10:09:12 
 ktsmat=           0
Begin assemble golbal matrix       at 2026-08-26 10:09:12 
 ntelgroup=           0
Begin factorize global matrix      at 2026-08-26 10:09:12 
Begin solution global equation     at 2026-08-26 10:09:12 
                     istep=         166 iiter=           1
                     conver_load check
 resid=  1.483851837675698E-016 retot=   4028010804.81240     
 ratio1=  1.919331345472334E-013 ratio2=  1.118545948462947E-013
 nchek0=           0 toler_force=  1.000000000000000E-005
 nchek=           0
                    conver_nodal_value check
               Convergence check for displacement
 ratio1=  0.108762979647736      ratio2=  0.117312227390802     
                            not converged for checki=           1
 iiter=           2
Begin forming various matrix       at 2026-08-26 10:09:12 
 ktsmat=           0
 ntelgroup=           0
Begin solution global equation     at 2026-08-26 10:09:12 
                     istep=         166 iiter=           2
                     conver_load check
 resid=  9.184701204628926E-017 retot=   4028010804.81235     
 ratio1=  1.510035657869352E-013 ratio2=  8.993360047264665E-014
 nchek0=           0 toler_force=  1.000000000000000E-005
 nchek=           0
                    conver_nodal_value check
               Convergence check for displacement
 ratio1=  7.337845982404464E-015 ratio2=  7.970774392948476E-015
 nchek=           0
 ***********RESTART FILE IS UPDATED!*******
 time: 10:09:12
 iblks=           1 iincs=           1 istep=         167
 outinp=           0
 iiter=           1
Begin forming various matrix       at 2026-08-26 10:09:12 
 ktsmat=           0
Begin assemble golbal matrix       at 2026-08-26 10:09:12 
 ntelgroup=           0
Begin factorize global matrix      at 2026-08-26 10:09:12 
Begin solution global equation     at 2026-08-26 10:09:12 
                     istep=         167 iiter=           1
                     conver_load check
 resid=  9.057400130380434E-017 retot=   16943600944.7919     
 ratio1=  7.311372650245238E-014 ratio2=  5.694754484093731E-014
 nchek0=           0 toler_force=  1.000000000000000E-005
 nchek=           0
                    conver_nodal_value check
               Convergence check for displacement
 ratio1=  3.484178313991690E-002 ratio2=  3.605644834478845E-002
                            not converged for checki=           1
 iiter=           2
Begin forming various matrix       at 2026-08-26 10:09:12 
 ktsmat=           0
 ntelgroup=           0
Begin solution global equation     at 2026-08-26 10:09:12 
                     istep=         167 iiter=           2
                     conver_load check
 resid=  7.541289082412185E-017 retot=   16943600944.7919     
 ratio1=  6.671445419569773E-014 ratio2=  4.152426095382263E-014
 nchek0=           0 toler_force=  1.000000000000000E-005
 nchek=           0
                    conver_nodal_value check
               Convergence check for displacement
 ratio1=  2.102530462638813E-015 ratio2=  3.036186111835586E-015
 nchek=           0
 ***********RESTART FILE IS UPDATED!*******
 time: 10:09:12
 iblks=           1 iincs=           1 istep=         168
 outinp=           0
 iiter=           1
Begin forming various matrix       at 2026-08-26 10:09:12 
 ktsmat=           0
Begin assemble golbal matrix       at 2026-08-26 10:09:12 
 ntelgroup=           0
Begin factorize global matrix      at 2026-08-26 10:09:12 
Begin solution global equation     at 2026-08-26 10:09:12 
                     istep=         168 iiter=           1
                     conver_load check
 resid=  2.607062726272517E-017 retot=   26921973663.9834     
 ratio1=  3.111876068220646E-014 ratio2=  2.980326940869793E-014
 nchek0=           0 toler_force=  1.000000000000000E-005
 nchek=           0
                    conver_nodal_value check
               Convergence check for displacement
 ratio1=  1.317089517602602E-002 ratio2=  1.373390448201756E-002
                            not converged for checki=           1
 iiter=           2
Begin forming various matrix       at 2026-08-26 10:09:12 
 ktsmat=           0
 ntelgroup=           0
Begin solution global equation     at 2026-08-26 10:09:12 
                     istep=         168 iiter=           2
                     conver_load check
 resid=  1.543154644481221E-017 retot=   26921973663.9834     
 ratio1=  2.394149564246573E-014 ratio2=  1.731654706781184E-014
 nchek0=           0 toler_force=  1.000000000000000E-005
 nchek=           0
                    conver_nodal_value check
               Convergence check for displacement
 ratio1=  1.567268107517003E-015 ratio2=  1.599309185724055E-015
 nchek=           0
 ***********RESTART FILE IS UPDATED!*******
 time: 10:09:12
 iblks=           1 iincs=           1 istep=         169
 outinp=           0
 iiter=           1
Begin forming various matrix       at 2026-08-26 10:09:12 
 ktsmat=           0
Begin assemble golbal matrix       at 2026-08-26 10:09:12 
 ntelgroup=           0
Begin factorize global matrix      at 2026-08-26 10:09:12 
Begin solution global equation     at 2026-08-26 10:09:12 
                     istep=         169 iiter=           1
                     conver_load check
 resid=  1.580152697766532E-018 retot=   25187232188.3946     
 ratio1=  7.920622326264252E-015 ratio2=  4.830798515620912E-015
 nchek0=           0 toler_force=  1.000000000000000E-005
 nchek=           0
                    conver_nodal_value check
               Convergence check for displacement
 ratio1=  2.289324023619741E-003 ratio2=  1.674196110811401E-003
                            not converged for checki=           1
 iiter=           2
Begin forming various matrix       at 2026-08-26 10:09:12 
 ktsmat=           0
 ntelgroup=           0
Begin solution global equation     at 2026-08-26 10:09:12 
                     istep=         169 iiter=           2
                     conver_load check
 resid=  1.745696368297053E-018 retot=   25187232188.3946     
 ratio1=  8.325189567792112E-015 ratio2=  8.917934998826226E-015
 nchek0=           0 toler_force=  1.000000000000000E-005
 nchek=           0
                    conver_nodal_value check
               Convergence check for displacement
 ratio1=  5.469494217167916E-016 ratio2=  6.810144651688611E-016
 nchek=           0
 ***********RESTART FILE IS UPDATED!*******
 time: 10:09:12
 iblks=           1 iincs=           1 istep=         170
 outinp=           0
 iiter=           1
Begin forming various matrix       at 2026-08-26 10:09:12 
 ktsmat=           0
Begin assemble golbal matrix       at 2026-08-26 10:09:12 
 ntelgroup=           0
Begin factorize global matrix      at 2026-08-26 10:09:12 
Begin solution global equation     at 2026-08-26 10:09:12 
                     istep=         170 iiter=           1
                     conver_load check
 resid=  4.194840093596307E-017 retot=   13660453240.9313     
 ratio1=  5.541472094830566E-014 ratio2=  3.902024508358563E-014
 nchek0=           0 toler_force=  1.000000000000000E-005
 nchek=           0
                    conver_nodal_value check
               Convergence check for displacement
 ratio1=  2.086082538357272E-002 ratio2=  1.995529411564781E-002
                            not converged for checki=           1
 iiter=           2
Begin forming various matrix       at 2026-08-26 10:09:12 
 ktsmat=           0
 ntelgroup=           0
Begin solution global equation     at 2026-08-26 10:09:12 
                     istep=         170 iiter=           2
                     conver_load check
 resid=  2.119785072553748E-017 retot=   13660453240.9313     
 ratio1=  3.939248336048337E-014 ratio2=  2.108072310187439E-014
 nchek0=           0 toler_force=  1.000000000000000E-005
 nchek=           0
                    conver_nodal_value check
               Convergence check for displacement
 ratio1=  1.727069058262635E-015 ratio2=  1.685800493577549E-015
 nchek=           0
 ***********RESTART FILE IS UPDATED!*******
 time: 10:09:12
 iblks=           1 iincs=           1 istep=         171
 outinp=           0
 iiter=           1
Begin forming various matrix       at 2026-08-26 10:09:13 
 ktsmat=           0
Begin assemble golbal matrix       at 2026-08-26 10:09:13 
 ntelgroup=           0
Begin factorize global matrix      at 2026-08-26 10:09:13 
Begin solution global equation     at 2026-08-26 10:09:13 
                     istep=         171 iiter=           1
                     conver_load check
 resid=  9.681835599033062E-017 retot=   2475416787.87021     
 ratio1=  1.977673917904821E-013 ratio2=  1.362304183177267E-013
 nchek0=           0 toler_force=  1.000000000000000E-005
 nchek=           0
                    conver_nodal_value check
               Convergence check for displacement
 ratio1=  6.694305374156323E-002 ratio2=  6.344576149527860E-002
                            not converged for checki=           1
 iiter=           2
Begin forming various matrix       at 2026-08-26 10:09:13 
 ktsmat=           0
 ntelgroup=           0
Begin solution global equation     at 2026-08-26 10:09:13 
                     istep=         171 iiter=           2
                     conver_load check
 resid=  1.025562010285245E-016 retot=   2475416787.87023     
 ratio1=  2.035432930498952E-013 ratio2=  1.562930366640421E-013
 nchek0=           0 toler_force=  1.000000000000000E-005
 nchek=           0
                    conver_nodal_value check
               Convergence check for displacement
 ratio1=  4.855484318930554E-015 ratio2=  8.592979352857339E-015
 nchek=           0
 ***********RESTART FILE IS UPDATED!*******
 time: 10:09:12
 iblks=           1 iincs=           1 istep=         172
 outinp=           0
 iiter=           1
Begin forming various matrix       at 2026-08-26 10:09:13 
 ktsmat=           0
Begin assemble golbal matrix       at 2026-08-26 10:09:13 
 ntelgroup=           0
Begin factorize global matrix      at 2026-08-26 10:09:13 
Begin solution global equation     at 2026-08-26 10:09:13 
                     istep=         172 iiter=           1
                     conver_load check
 resid=  8.904894045100867E-017 retot=   686257967.330977     
 ratio1=  3.602223693081126E-013 ratio2=  2.642768273600699E-013
 nchek0=           0 toler_force=  1.000000000000000E-005
 nchek=           0
                    conver_nodal_value check
               Convergence check for displacement
 ratio1=  0.359628209283470      ratio2=  0.488883044246384     
                            not converged for checki=           1
 iiter=           2
Begin forming various matrix       at 2026-08-26 10:09:13 
 ktsmat=           0
 ntelgroup=           0
Begin solution global equation     at 2026-08-26 10:09:13 
                     istep=         172 iiter=           2
                     conver_load check
 resid=  9.370510153843554E-017 retot=   686257967.330967     
 ratio1=  3.695199734350245E-013 ratio2=  2.092477174141421E-013
 nchek0=           0 toler_force=  1.000000000000000E-005
 nchek=           0
                    conver_nodal_value check
               Convergence check for displacement
 ratio1=  3.715529358299007E-014 ratio2=  8.754130032342263E-014
 nchek=           0
 ***********RESTART FILE IS UPDATED!*******
 time: 10:09:12
 iblks=           1 iincs=           1 istep=         173
 outinp=           0
 iiter=           1
Begin forming various matrix       at 2026-08-26 10:09:13 
 ktsmat=           0
Begin assemble golbal matrix       at 2026-08-26 10:09:13 
 ntelgroup=           0
Begin factorize global matrix      at 2026-08-26 10:09:13 
Begin solution global equation     at 2026-08-26 10:09:13 
                     istep=         173 iiter=           1
                     conver_load check
 resid=  1.260444373779091E-016 retot=   8626074136.26446     
 ratio1=  1.208802219799927E-013 ratio2=  7.755746193015759E-014
 nchek0=           0 toler_force=  1.000000000000000E-005
 nchek=           0
                    conver_nodal_value check
               Convergence check for displacement
 ratio1=  5.093811684366706E-002 ratio2=  5.296603407483225E-002
                            not converged for checki=           1
 iiter=           2
Begin forming various matrix       at 2026-08-26 10:09:13 
 ktsmat=           0
 ntelgroup=           0
Begin solution global equation     at 2026-08-26 10:09:13 
                     istep=         173 iiter=           2
                     conver_load check
 resid=  4.943203459966505E-017 retot=   8626074136.26441     
 ratio1=  7.570030859536052E-014 ratio2=  3.965510281987817E-014
 nchek0=           0 toler_force=  1.000000000000000E-005
 nchek=           0
                    conver_nodal_value check
               Convergence check for displacement
 ratio1=  3.798709687207718E-015 ratio2=  3.988378226783165E-015
 nchek=           0
 ***********RESTART FILE IS UPDATED!*******
 time: 10:09:12
 iblks=           1 iincs=           1 istep=         174
 outinp=           0
 iiter=           1
Begin forming various matrix       at 2026-08-26 10:09:13 
 ktsmat=           0
Begin assemble golbal matrix       at 2026-08-26 10:09:13 
 ntelgroup=           0
Begin factorize global matrix      at 2026-08-26 10:09:13 
Begin solution global equation     at 2026-08-26 10:09:13 
                     istep=         174 iiter=           1
                     conver_load check
 resid=  2.418433732171974E-017 retot=   18320090594.2194     
 ratio1=  3.633316970731313E-014 ratio2=  2.547593494256519E-014
 nchek0=           0 toler_force=  1.000000000000000E-005
 nchek=           0
                    conver_nodal_value check
               Convergence check for displacement
 ratio1=  2.059990686278684E-002 ratio2=  2.138394475191731E-002
                            not converged for checki=           1
 iiter=           2
Begin forming various matrix       at 2026-08-26 10:09:13 
 ktsmat=           0
 ntelgroup=           0
Begin solution global equation     at 2026-08-26 10:09:13 
                     istep=         174 iiter=           2
                     conver_load check
 resid=  2.966643495919873E-017 retot=   18320090594.2194     
 ratio1=  4.024100991063182E-014 ratio2=  2.466650476757004E-014
 nchek0=           0 toler_force=  1.000000000000000E-005
 nchek=           0
                    conver_nodal_value check
               Convergence check for displacement
 ratio1=  1.325453208867738E-015 ratio2=  2.248559222082802E-015
 nchek=           0
 ***********RESTART FILE IS UPDATED!*******
 time: 10:09:12
 iblks=           1 iincs=           1 istep=         175
 outinp=           0
 iiter=           1
Begin forming various matrix       at 2026-08-26 10:09:13 
 ktsmat=           0
Begin assemble golbal matrix       at 2026-08-26 10:09:13 
 ntelgroup=           0
Begin factorize global matrix      at 2026-08-26 10:09:13 
Begin solution global equation     at 2026-08-26 10:09:13 
                     istep=         175 iiter=           1
                     conver_load check
 resid=  2.476601594056569E-018 retot=   20960489736.2465     
 ratio1=  1.086994536590259E-014 ratio2=  6.211175734191578E-015
 nchek0=           0 toler_force=  1.000000000000000E-005
 nchek=           0
                    conver_nodal_value check
               Convergence check for displacement
 ratio1=  4.222150553803558E-003 ratio2=  4.749519816468361E-003
                            not converged for checki=           1
 iiter=           2
Begin forming various matrix       at 2026-08-26 10:09:13 
 ktsmat=           0
 ntelgroup=           0
Begin solution global equation     at 2026-08-26 10:09:13 
                     istep=         175 iiter=           2
                     conver_load check
 resid=  1.699752138613011E-018 retot=   20960489736.2465     
 ratio1=  9.005173513991001E-015 ratio2=  6.332231286621980E-015
 nchek0=           0 toler_force=  1.000000000000000E-005
 nchek=           0
                    conver_nodal_value check
               Convergence check for displacement
 ratio1=  2.689650415672522E-016 ratio2=  2.896945225679656E-016
 nchek=           0
 ***********RESTART FILE IS UPDATED!*******
 time: 10:09:12
 iblks=           1 iincs=           1 istep=         176
 outinp=           0
 iiter=           1
Begin forming various matrix       at 2026-08-26 10:09:13 
 ktsmat=           0
Begin assemble golbal matrix       at 2026-08-26 10:09:13 
 ntelgroup=           0
Begin factorize global matrix      at 2026-08-26 10:09:13 
Begin solution global equation     at 2026-08-26 10:09:13 
                     istep=         176 iiter=           1
                     conver_load check
 resid=  7.300700205281933E-018 retot=   14484779493.3470     
 ratio1=  2.245051528605668E-014 ratio2=  1.332122074156217E-014
 nchek0=           0 toler_force=  1.000000000000000E-005
 nchek=           0
                    conver_nodal_value check
               Convergence check for displacement
 ratio1=  1.212016259140665E-002 ratio2=  1.130939398109814E-002
                            not converged for checki=           1
 iiter=           2
Begin forming various matrix       at 2026-08-26 10:09:13 
 ktsmat=           0
 ntelgroup=           0
Begin solution global equation     at 2026-08-26 10:09:13 
                     istep=         176 iiter=           2
                     conver_load check
 resid=  1.137274759007285E-017 retot=   14484779493.3470     
 ratio1=  2.802055648738433E-014 ratio2=  2.036388817972209E-014
 nchek0=           0 toler_force=  1.000000000000000E-005
 nchek=           0
                    conver_nodal_value check
               Convergence check for displacement
 ratio1=  3.481379920333922E-016 ratio2=  4.345597788535262E-016
 nchek=           0
 ***********RESTART FILE IS UPDATED!*******
 time: 10:09:12
 iblks=           1 iincs=           1 istep=         177
 outinp=           0
 iiter=           1
Begin forming various matrix       at 2026-08-26 10:09:13 
 ktsmat=           0
Begin assemble golbal matrix       at 2026-08-26 10:09:13 
 ntelgroup=           0
Begin factorize global matrix      at 2026-08-26 10:09:13 
Begin solution global equation     at 2026-08-26 10:09:13 
                     istep=         177 iiter=           1
                     conver_load check
 resid=  4.149060703369416E-017 retot=   4780551479.38074     
 ratio1=  9.316137607312985E-014 ratio2=  4.703115302417975E-014
 nchek0=           0 toler_force=  1.000000000000000E-005
 nchek=           0
                    conver_nodal_value check
               Convergence check for displacement
 ratio1=  4.041180550386425E-002 ratio2=  3.870513869731962E-002
                            not converged for checki=           1
 iiter=           2
Begin forming various matrix       at 2026-08-26 10:09:13 
 ktsmat=           0
 ntelgroup=           0
Begin solution global equation     at 2026-08-26 10:09:13 
                     istep=         177 iiter=           2
                     conver_load check
 resid=  2.660462652284158E-017 retot=   4780551479.38078     
 ratio1=  7.460012989932634E-014 ratio2=  4.396506019815321E-014
 nchek0=           0 toler_force=  1.000000000000000E-005
 nchek=           0
                    conver_nodal_value check
               Convergence check for displacement
 ratio1=  2.835656875100809E-015 ratio2=  2.812863089171563E-015
 nchek=           0
 ***********RESTART FILE IS UPDATED!*******
 time: 10:09:12
 iblks=           1 iincs=           1 istep=         178
 outinp=           0
 iiter=           1
Begin forming various matrix       at 2026-08-26 10:09:13 
 ktsmat=           0
Begin assemble golbal matrix       at 2026-08-26 10:09:13 
 ntelgroup=           0
Begin factorize global matrix      at 2026-08-26 10:09:13 
Begin solution global equation     at 2026-08-26 10:09:13 
                     istep=         178 iiter=           1
                     conver_load check
 resid=  8.444388376591679E-017 retot=   17954170.7819027     
 ratio1=  2.168709708686399E-012 ratio2=  1.379976304411188E-012
 nchek0=           0 toler_force=  1.000000000000000E-005
 nchek=           0
                    conver_nodal_value check
               Convergence check for displacement
 ratio1=  0.248863542924446      ratio2=  0.218640297471417     
                            not converged for checki=           1
 iiter=           2
Begin forming various matrix       at 2026-08-26 10:09:13 
 ktsmat=           0
 ntelgroup=           0
Begin solution global equation     at 2026-08-26 10:09:13 
                     istep=         178 iiter=           2
                     conver_load check
 resid=  7.964056025131900E-017 retot=   17954170.7819047     
 ratio1=  2.106126619752614E-012 ratio2=  1.484753043195909E-012
 nchek0=           0 toler_force=  1.000000000000000E-005
 nchek=           0
                    conver_nodal_value check
               Convergence check for displacement
 ratio1=  1.923595329231249E-014 ratio2=  2.154390667107161E-014
 nchek=           0
 ***********RESTART FILE IS UPDATED!*******
 time: 10:09:12
 iblks=           1 iincs=           1 istep=         179
 outinp=           0
 iiter=           1
Begin forming various matrix       at 2026-08-26 10:09:13 
 ktsmat=           0
Begin assemble golbal matrix       at 2026-08-26 10:09:13 
 ntelgroup=           0
Begin factorize global matrix      at 2026-08-26 10:09:13 
Begin solution global equation     at 2026-08-26 10:09:13 
                     istep=         179 iiter=           1
                     conver_load check
 resid=  4.946682292030171E-017 retot=   3508480231.97617     
 ratio1=  1.187401223469440E-013 ratio2=  1.173931129719710E-013
 nchek0=           0 toler_force=  1.000000000000000E-005
 nchek=           0
                    conver_nodal_value check
               Convergence check for displacement
 ratio1=  8.178722910252668E-002 ratio2=  8.666056051145826E-002
                            not converged for checki=           1
 iiter=           2
Begin forming various matrix       at 2026-08-26 10:09:13 
 ktsmat=           0
 ntelgroup=           0
Begin solution global equation     at 2026-08-26 10:09:13 
                     istep=         179 iiter=           2
                     conver_load check
 resid=  4.958807941777848E-017 retot=   3508480231.97613     
 ratio1=  1.188855652715520E-013 ratio2=  8.849474346369493E-014
 nchek0=           0 toler_force=  1.000000000000000E-005
 nchek=           0
                    conver_nodal_value check
               Convergence check for displacement
 ratio1=  8.651725630041800E-015 ratio2=  8.906587363661565E-015
 nchek=           0
 ***********RESTART FILE IS UPDATED!*******
 time: 10:09:12
 iblks=           1 iincs=           1 istep=         180
 outinp=           0
 iiter=           1
Begin forming various matrix       at 2026-08-26 10:09:13 
 ktsmat=           0
Begin assemble golbal matrix       at 2026-08-26 10:09:13 
 ntelgroup=           0
Begin factorize global matrix      at 2026-08-26 10:09:13 
Begin solution global equation     at 2026-08-26 10:09:13 
                     istep=         180 iiter=           1
                     conver_load check
 resid=  3.815137808883042E-017 retot=   11285697350.1143     
 ratio1=  5.814212697208486E-014 ratio2=  3.670700259469815E-014
 nchek0=           0 toler_force=  1.000000000000000E-005
 nchek=           0
                    conver_nodal_value check
               Convergence check for displacement
 ratio1=  2.967548294561848E-002 ratio2=  3.069485370806574E-002
                            not converged for checki=           1
 iiter=           2
Begin forming various matrix       at 2026-08-26 10:09:13 
 ktsmat=           0
 ntelgroup=           0
Begin solution global equation     at 2026-08-26 10:09:13 
                     istep=         180 iiter=           2
                     conver_load check
 resid=  3.899103674666276E-017 retot=   11285697350.1142     
 ratio1=  5.877845842418007E-014 ratio2=  4.758348306111898E-014
 nchek0=           0 toler_force=  1.000000000000000E-005
 nchek=           0
                    conver_nodal_value check
               Convergence check for displacement
 ratio1=  4.286239410665482E-015 ratio2=  6.183032891068032E-015
 nchek=           0
 ***********RESTART FILE IS UPDATED!*******
 time: 10:09:12
 iblks=           1 iincs=           1 istep=         181
 outinp=           0
 iiter=           1
Begin forming various matrix       at 2026-08-26 10:09:13 
 ktsmat=           0
Begin assemble golbal matrix       at 2026-08-26 10:09:13 
 ntelgroup=           0
Begin factorize global matrix      at 2026-08-26 10:09:13 
Begin solution global equation     at 2026-08-26 10:09:13 
                     istep=         181 iiter=           1
                     conver_load check
 resid=  1.255445954623987E-017 retot=   16070809188.6263     
 ratio1=  2.794989228225358E-014 ratio2=  1.668755890778551E-014
 nchek0=           0 toler_force=  1.000000000000000E-005
 nchek=           0
                    conver_nodal_value check
               Convergence check for displacement
 ratio1=  1.024448039209791E-002 ratio2=  1.078978560964905E-002
                            not converged for checki=           1
 iiter=           2
Begin forming various matrix       at 2026-08-26 10:09:13 
 ktsmat=           0
 ntelgroup=           0
Begin solution global equation     at 2026-08-26 10:09:13 
                     istep=         181 iiter=           2
                     conver_load check
 resid=  1.431791815996950E-017 retot=   16070809188.6262     
 ratio1=  2.984840064859791E-014 ratio2=  2.161344986154665E-014
 nchek0=           0 toler_force=  1.000000000000000E-005
 nchek=           0
                    conver_nodal_value check
               Convergence check for displacement
 ratio1=  6.296793077716554E-016 ratio2=  6.285966697736024E-016
 nchek=           0
 ***********RESTART FILE IS UPDATED!*******
 time: 10:09:12
 iblks=           1 iincs=           1 istep=         182
 outinp=           0
 iiter=           1
Begin forming various matrix       at 2026-08-26 10:09:13 
 ktsmat=           0
Begin assemble golbal matrix       at 2026-08-26 10:09:13 
 ntelgroup=           0
Begin factorize global matrix      at 2026-08-26 10:09:13 
Begin solution global equation     at 2026-08-26 10:09:13 
                     istep=         182 iiter=           1
                     conver_load check
 resid=  2.892842296459110E-018 retot=   13731520443.9799     
 ratio1=  1.451453294353518E-014 ratio2=  1.088076900065457E-014
 nchek0=           0 toler_force=  1.000000000000000E-005
 nchek=           0
                    conver_nodal_value check
               Convergence check for displacement
 ratio1=  5.124358326903918E-003 ratio2=  4.512757276969900E-003
                            not converged for checki=           1
 iiter=           2
Begin forming various matrix       at 2026-08-26 10:09:13 
 ktsmat=           0
 ntelgroup=           0
Begin solution global equation     at 2026-08-26 10:09:13 
                     istep=         182 iiter=           2
                     conver_load check
 resid=  1.284776089482998E-018 retot=   13731520443.9799     
 ratio1=  9.672849014587680E-015 ratio2=  6.858178592217843E-015
 nchek0=           0 toler_force=  1.000000000000000E-005
 nchek=           0
                    conver_nodal_value check
               Convergence check for displacement
 ratio1=  3.139900371085280E-016 ratio2=  2.603257113415635E-016
 nchek=           0
 ***********RESTART FILE IS UPDATED!*******
 time: 10:09:12
 iblks=           1 iincs=           1 istep=         183
 outinp=           0
 iiter=           1
Begin forming various matrix       at 2026-08-26 10:09:13 
 ktsmat=           0
Begin assemble golbal matrix       at 2026-08-26 10:09:13 
 ntelgroup=           0
Begin factorize global matrix      at 2026-08-26 10:09:13 
Begin solution global equation     at 2026-08-26 10:09:13 
                     istep=         183 iiter=           1
                     conver_load check
 resid=  2.501160882427667E-017 retot=   6546490917.59371     
 ratio1=  6.181110805876786E-014 ratio2=  4.235716960307747E-014
 nchek0=           0 toler_force=  1.000000000000000E-005
 nchek=           0
                    conver_nodal_value check
               Convergence check for displacement
 ratio1=  2.570708658178322E-002 ratio2=  2.464409914370293E-002
                            not converged for checki=           1
 iiter=           2
Begin forming various matrix       at 2026-08-26 10:09:13 
 ktsmat=           0
 ntelgroup=           0
Begin solution global equation     at 2026-08-26 10:09:13 
                     istep=         183 iiter=           2
                     conver_load check
 resid=  1.135494922076514E-017 retot=   6546490917.59374     
 ratio1=  4.164744020752614E-014 ratio2=  2.119404362256172E-014
 nchek0=           0 toler_force=  1.000000000000000E-005
 nchek=           0
                    conver_nodal_value check
               Convergence check for displacement
 ratio1=  1.759077684200517E-015 ratio2=  1.654907697469169E-015
 nchek=           0
 ***********RESTART FILE IS UPDATED!*******
 time: 10:09:12
 iblks=           1 iincs=           1 istep=         184
 outinp=           0
 iiter=           1
Begin forming various matrix       at 2026-08-26 10:09:13 
 ktsmat=           0
Begin assemble golbal matrix       at 2026-08-26 10:09:13 
 ntelgroup=           0
Begin factorize global matrix      at 2026-08-26 10:09:13 
Begin solution global equation     at 2026-08-26 10:09:13 
                     istep=         184 iiter=           1
                     conver_load check
 resid=  5.306952413326687E-017 retot=   752845571.387210     
 ratio1=  2.655031308392140E-013 ratio2=  1.741477318514385E-013
 nchek0=           0 toler_force=  1.000000000000000E-005
 nchek=           0
                    conver_nodal_value check
               Convergence check for displacement
 ratio1=  8.889577161038607E-002 ratio2=  8.349033178575992E-002
                            not converged for checki=           1
 iiter=           2
Begin forming various matrix       at 2026-08-26 10:09:13 
 ktsmat=           0
 ntelgroup=           0
Begin solution global equation     at 2026-08-26 10:09:13 
                     istep=         184 iiter=           2
                     conver_load check
 resid=  5.413320942351008E-017 retot=   752845571.387219     
 ratio1=  2.681507018702185E-013 ratio2=  1.764427537954030E-013
 nchek0=           0 toler_force=  1.000000000000000E-005
 nchek=           0
                    conver_nodal_value check
               Convergence check for displacement
 ratio1=  7.286783711648381E-015 ratio2=  1.216312527916304E-014
 nchek=           0
 ***********RESTART FILE IS UPDATED!*******
 time: 10:09:12
 iblks=           1 iincs=           1 istep=         185
 outinp=           0
 iiter=           1
Begin forming various matrix       at 2026-08-26 10:09:13 
 ktsmat=           0
Begin assemble golbal matrix       at 2026-08-26 10:09:13 
 ntelgroup=           0
Begin factorize global matrix      at 2026-08-26 10:09:13 
Begin solution global equation     at 2026-08-26 10:09:13 
                     istep=         185 iiter=           1
                     conver_load check
 resid=  7.326219900969590E-017 retot=   914004739.576119     
 ratio1=  2.831168718710935E-013 ratio2=  1.621275337137886E-013
 nchek0=           0 toler_force=  1.000000000000000E-005
 nchek=           0
                    conver_nodal_value check
               Convergence check for displacement
 ratio1=  0.177772693761601      ratio2=  0.201666478578873     
                            not converged for checki=           1
 iiter=           2
Begin forming various matrix       at 2026-08-26 10:09:13 
 ktsmat=           0
 ntelgroup=           0
Begin solution global equation     at 2026-08-26 10:09:13 
                     istep=         185 iiter=           2
                     conver_load check
 resid=  5.462665078154548E-017 retot=   914004739.576107     
 ratio1=  2.444714020648347E-013 ratio2=  1.771736592956111E-013
 nchek0=           0 toler_force=  1.000000000000000E-005
 nchek=           0
                    conver_nodal_value check
               Convergence check for displacement
 ratio1=  8.027196120020741E-015 ratio2=  1.015061199960647E-014
 nchek=           0
 ***********RESTART FILE IS UPDATED!*******
 time: 10:09:12
 iblks=           1 iincs=           1 istep=         186
 outinp=           0
 iiter=           1
Begin forming various matrix       at 2026-08-26 10:09:13 
 ktsmat=           0
Begin assemble golbal matrix       at 2026-08-26 10:09:13 
 ntelgroup=           0
Begin factorize global matrix      at 2026-08-26 10:09:13 
Begin solution global equation     at 2026-08-26 10:09:13 
                     istep=         186 iiter=           1
                     conver_load check
 resid=  5.664650917119560E-017 retot=   6160740776.85453     
 ratio1=  9.588929113306774E-014 ratio2=  9.207638501574181E-014
 nchek0=           0 toler_force=  1.000000000000000E-005
 nchek=           0
                    conver_nodal_value check
               Convergence check for displacement
 ratio1=  4.270172703449428E-002 ratio2=  4.425997809380313E-002
                            not converged for checki=           1
 iiter=           2
Begin forming various matrix       at 2026-08-26 10:09:13 
 ktsmat=           0
 ntelgroup=           0
Begin solution global equation     at 2026-08-26 10:09:13 
                     istep=         186 iiter=           2
                     conver_load check
 resid=  5.789296872777335E-017 retot=   6160740776.85450     
 ratio1=  9.693853286523531E-014 ratio2=  7.096135810918822E-014
 nchek0=           0 toler_force=  1.000000000000000E-005
 nchek=           0
                    conver_nodal_value check
               Convergence check for displacement
 ratio1=  2.243449687885842E-015 ratio2=  2.089065248993000E-015
 nchek=           0
 ***********RESTART FILE IS UPDATED!*******
 time: 10:09:12
 iblks=           1 iincs=           1 istep=         187
 outinp=           0
 iiter=           1
Begin forming various matrix       at 2026-08-26 10:09:13 
 ktsmat=           0
Begin assemble golbal matrix       at 2026-08-26 10:09:13 
 ntelgroup=           0
Begin factorize global matrix      at 2026-08-26 10:09:13 
Begin solution global equation     at 2026-08-26 10:09:13 
                     istep=         187 iiter=           1
                     conver_load check
 resid=  1.370951537459540E-017 retot=   11367696851.6842     
 ratio1=  3.472760313058092E-014 ratio2=  2.231248187976744E-014
 nchek0=           0 toler_force=  1.000000000000000E-005
 nchek=           0
                    conver_nodal_value check
               Convergence check for displacement
 ratio1=  1.714413704688672E-002 ratio2=  1.784728884605449E-002
                            not converged for checki=           1
 iiter=           2
Begin forming various matrix       at 2026-08-26 10:09:13 
 ktsmat=           0
 ntelgroup=           0
Begin solution global equation     at 2026-08-26 10:09:13 
                     istep=         187 iiter=           2
                     conver_load check
 resid=  9.019965040642413E-018 retot=   11367696851.6841     
 ratio1=  2.816865984250725E-014 ratio2=  2.124945101451180E-014
 nchek0=           0 toler_force=  1.000000000000000E-005
 nchek=           0
                    conver_nodal_value check
               Convergence check for displacement
 ratio1=  8.746312933889426E-016 ratio2=  8.790503956277924E-016
 nchek=           0
 ***********RESTART FILE IS UPDATED!*******
 time: 10:09:12
 iblks=           1 iincs=           1 istep=         188
 outinp=           0
 iiter=           1
Begin forming various matrix       at 2026-08-26 10:09:13 
 ktsmat=           0
Begin assemble golbal matrix       at 2026-08-26 10:09:13 
 ntelgroup=           0
Begin factorize global matrix      at 2026-08-26 10:09:13 
Begin solution global equation     at 2026-08-26 10:09:13 
                     istep=         188 iiter=           1
                     conver_load check
 resid=  1.131756798551351E-018 retot=   11867782440.3198     
 ratio1=  9.765438917882615E-015 ratio2=  8.542604034179496E-015
 nchek0=           0 toler_force=  1.000000000000000E-005
 nchek=           0
                    conver_nodal_value check
               Convergence check for displacement
 ratio1=  1.622077554296285E-003 ratio2=  1.962560075625420E-003
                            not converged for checki=           1
 iiter=           2
Begin forming various matrix       at 2026-08-26 10:09:13 
 ktsmat=           0
 ntelgroup=           0
Begin solution global equation     at 2026-08-26 10:09:13 
                     istep=         188 iiter=           2
                     conver_load check
 resid=  1.163430963776983E-018 retot=   11867782440.3198     
 ratio1=  9.901147283937608E-015 ratio2=  8.200027065248156E-015
 nchek0=           0 toler_force=  1.000000000000000E-005
 nchek=           0
                    conver_nodal_value check
               Convergence check for displacement
 ratio1=  2.635063250082698E-016 ratio2=  4.183731912205198E-016
 nchek=           0
 ***********RESTART FILE IS UPDATED!*******
 time: 10:09:12
 iblks=           1 iincs=           1 istep=         189
 outinp=           0
 iiter=           1
Begin forming various matrix       at 2026-08-26 10:09:13 
 ktsmat=           0
Begin assemble golbal matrix       at 2026-08-26 10:09:13 
 ntelgroup=           0
Begin factorize global matrix      at 2026-08-26 10:09:13 
Begin solution global equation     at 2026-08-26 10:09:13 
                     istep=         189 iiter=           1
                     conver_load check
 resid=  7.973616698560460E-018 retot=   7393774292.91232     
 ratio1=  3.283935230919949E-014 ratio2=  2.201485897551657E-014
 nchek0=           0 toler_force=  1.000000000000000E-005
 nchek=           0
                    conver_nodal_value check
               Convergence check for displacement
 ratio1=  1.576221976808321E-002 ratio2=  1.489801124827908E-002
                            not converged for checki=           1
 iiter=           2
Begin forming various matrix       at 2026-08-26 10:09:13 
 ktsmat=           0
 ntelgroup=           0
Begin solution global equation     at 2026-08-26 10:09:13 
                     istep=         189 iiter=           2
                     conver_load check
 resid=  1.029651285579325E-017 retot=   7393774292.91233     
 ratio1=  3.731745249137268E-014 ratio2=  2.480364708103163E-014
 nchek0=           0 toler_force=  1.000000000000000E-005
 nchek=           0
                    conver_nodal_value check
               Convergence check for displacement
 ratio1=  1.653444308162280E-015 ratio2=  2.217636735673753E-015
 nchek=           0
 ***********RESTART FILE IS UPDATED!*******
 time: 10:09:12
 iblks=           1 iincs=           1 istep=         190
 outinp=           0
 iiter=           1
Begin forming various matrix       at 2026-08-26 10:09:13 
 ktsmat=           0
Begin assemble golbal matrix       at 2026-08-26 10:09:13 
 ntelgroup=           0
Begin factorize global matrix      at 2026-08-26 10:09:13 
Begin solution global equation     at 2026-08-26 10:09:13 
                     istep=         190 iiter=           1
                     conver_load check
 resid=  3.892784534711025E-017 retot=   1946878344.83987     
 ratio1=  1.414037007868589E-013 ratio2=  1.070248471309776E-013
 nchek0=           0 toler_force=  1.000000000000000E-005
 nchek=           0
                    conver_nodal_value check
               Convergence check for displacement
 ratio1=  5.007258623570161E-002 ratio2=  4.783040327978236E-002
                            not converged for checki=           1
 iiter=           2
Begin forming various matrix       at 2026-08-26 10:09:13 
 ktsmat=           0
 ntelgroup=           0
Begin solution global equation     at 2026-08-26 10:09:13 
                     istep=         190 iiter=           2
                     conver_load check
 resid=  3.109497252392671E-017 retot=   1946878344.83989     
 ratio1=  1.263792231560211E-013 ratio2=  9.913838124064747E-014
 nchek0=           0 toler_force=  1.000000000000000E-005
 nchek=           0
                    conver_nodal_value check
               Convergence check for displacement
 ratio1=  5.072874257993684E-015 ratio2=  6.331705786632163E-015
 nchek=           0
 ***********RESTART FILE IS UPDATED!*******
 time: 10:09:12
 iblks=           1 iincs=           1 istep=         191
 outinp=           0
 iiter=           1
Begin forming various matrix       at 2026-08-26 10:09:13 
 ktsmat=           0
Begin assemble golbal matrix       at 2026-08-26 10:09:13 
 ntelgroup=           0
Begin factorize global matrix      at 2026-08-26 10:09:13 
Begin solution global equation     at 2026-08-26 10:09:13 
                     istep=         191 iiter=           1
                     conver_load check
 resid=  3.655563047928537E-017 retot=   39343664.9839126     
 ratio1=  9.639172062544723E-013 ratio2=  5.849312076542456E-013
 nchek0=           0 toler_force=  1.000000000000000E-005
 nchek=           0
                    conver_nodal_value check
               Convergence check for displacement
 ratio1=  0.808991742699888      ratio2=  0.643652678240269     
                            not converged for checki=           1
 iiter=           2
Begin forming various matrix       at 2026-08-26 10:09:13 
 ktsmat=           0
 ntelgroup=           0
Begin solution global equation     at 2026-08-26 10:09:13 
                     istep=         191 iiter=           2
                     conver_load check
 resid=  3.508386922848927E-017 retot=   39343664.9839095     
 ratio1=  9.443137971437965E-013 ratio2=  6.009575013214140E-013
 nchek0=           0 toler_force=  1.000000000000000E-005
 nchek=           0
                    conver_nodal_value check
               Convergence check for displacement
 ratio1=  7.920515984020597E-014 ratio2=  6.469723940154339E-014
 nchek=           0
 ***********RESTART FILE IS UPDATED!*******
 time: 10:09:12
 iblks=           1 iincs=           1 istep=         192
 outinp=           0
 iiter=           1
Begin forming various matrix       at 2026-08-26 10:09:13 
 ktsmat=           0
Begin assemble golbal matrix       at 2026-08-26 10:09:13 
 ntelgroup=           0
Begin factorize global matrix      at 2026-08-26 10:09:13 
Begin solution global equation     at 2026-08-26 10:09:13 
                     istep=         192 iiter=           1
                     conver_load check
 resid=  2.169722200654033E-017 retot=   2810974913.02834     
 ratio1=  8.785643597840168E-014 ratio2=  6.362747572615682E-014
 nchek0=           0 toler_force=  1.000000000000000E-005
 nchek=           0
                    conver_nodal_value check
               Convergence check for displacement
 ratio1=  6.488464234483707E-002 ratio2=  6.805932907035502E-002
                            not converged for checki=           1
 iiter=           2
Begin forming various matrix       at 2026-08-26 10:09:13 
 ktsmat=           0
 ntelgroup=           0
Begin solution global equation     at 2026-08-26 10:09:13 
                     istep=         192 iiter=           2
                     conver_load check
 resid=  4.056279403255943E-017 retot=   2810974913.02831     
 ratio1=  1.201255658143042E-013 ratio2=  1.045241282146501E-013
 nchek0=           0 toler_force=  1.000000000000000E-005
 nchek=           0
                    conver_nodal_value check
               Convergence check for displacement
 ratio1=  9.803923581002171E-015 ratio2=  1.363787360995711E-014
 nchek=           0
 ***********RESTART FILE IS UPDATED!*******
 time: 10:09:12
 iblks=           1 iincs=           1 istep=         193
 outinp=           0
 iiter=           1
Begin forming various matrix       at 2026-08-26 10:09:13 
 ktsmat=           0
Begin assemble golbal matrix       at 2026-08-26 10:09:13 
 ntelgroup=           0
Begin factorize global matrix      at 2026-08-26 10:09:13 
Begin solution global equation     at 2026-08-26 10:09:13 
                     istep=         193 iiter=           1
                     conver_load check
 resid=  2.161510029513401E-017 retot=   7334294617.30510     
 ratio1=  5.428745117283097E-014 ratio2=  3.234636132061309E-014
 nchek0=           0 toler_force=  1.000000000000000E-005
 nchek=           0
                    conver_nodal_value check
               Convergence check for displacement
 ratio1=  2.524721496904612E-002 ratio2=  2.612677977624901E-002
                            not converged for checki=           1
 iiter=           2
Begin forming various matrix       at 2026-08-26 10:09:13 
 ktsmat=           0
 ntelgroup=           0
Begin solution global equation     at 2026-08-26 10:09:13 
                     istep=         193 iiter=           2
                     conver_load check
 resid=  1.293463257647489E-017 retot=   7334294617.30507     
 ratio1=  4.199502774629794E-014 ratio2=  2.948385761327490E-014
 nchek0=           0 toler_force=  1.000000000000000E-005
 nchek=           0
                    conver_nodal_value check
               Convergence check for displacement
 ratio1=  1.707275561829037E-015 ratio2=  1.854022272947974E-015
 nchek=           0
 ***********RESTART FILE IS UPDATED!*******
 time: 10:09:12
 iblks=           1 iincs=           1 istep=         194
 outinp=           0
 iiter=           1
Begin forming various matrix       at 2026-08-26 10:09:13 
 ktsmat=           0
Begin assemble golbal matrix       at 2026-08-26 10:09:13 
 ntelgroup=           0
Begin factorize global matrix      at 2026-08-26 10:09:13 
Begin solution global equation     at 2026-08-26 10:09:13 
                     istep=         194 iiter=           1
                     conver_load check
 resid=  3.725465451453058E-018 retot=   9436001610.49504     
 ratio1=  1.986992678980912E-014 ratio2=  1.173555376154111E-014
 nchek0=           0 toler_force=  1.000000000000000E-005
 nchek=           0
                    conver_nodal_value check
               Convergence check for displacement
 ratio1=  7.432087235282577E-003 ratio2=  7.960677513392213E-003
                            not converged for checki=           1
 iiter=           2
Begin forming various matrix       at 2026-08-26 10:09:13 
 ktsmat=           0
 ntelgroup=           0
Begin solution global equation     at 2026-08-26 10:09:13 
                     istep=         194 iiter=           2
                     conver_load check
 resid=  2.662696803299185E-018 retot=   9436001610.49503     
 ratio1=  1.679835887958261E-014 ratio2=  1.163998836054928E-014
 nchek0=           0 toler_force=  1.000000000000000E-005
 nchek=           0
                    conver_nodal_value check
               Convergence check for displacement
 ratio1=  5.736051278151450E-016 ratio2=  6.002637355404061E-016
 nchek=           0
 ***********RESTART FILE IS UPDATED!*******
 time: 10:09:12
 iblks=           1 iincs=           1 istep=         195
 outinp=           0
 iiter=           1
Begin forming various matrix       at 2026-08-26 10:09:13 
 ktsmat=           0
Begin assemble golbal matrix       at 2026-08-26 10:09:13 
 ntelgroup=           0
Begin factorize global matrix      at 2026-08-26 10:09:13 
Begin solution global equation     at 2026-08-26 10:09:13 
                     istep=         195 iiter=           1
                     conver_load check
 resid=  3.406962286136599E-018 retot=   7348829191.42809     
 ratio1=  2.153151488764016E-014 ratio2=  1.455226586256795E-014
 nchek0=           0 toler_force=  1.000000000000000E-005
 nchek=           0
                    conver_nodal_value check
               Convergence check for displacement
 ratio1=  8.147600905871175E-003 ratio2=  7.500029444418184E-003
                            not converged for checki=           1
 iiter=           2
Begin forming various matrix       at 2026-08-26 10:09:13 
 ktsmat=           0
 ntelgroup=           0
Begin solution global equation     at 2026-08-26 10:09:13 
                     istep=         195 iiter=           2
                     conver_load check
 resid=  2.072234918024774E-018 retot=   7348829191.42810     
 ratio1=  1.679230899653347E-014 ratio2=  9.764020308131926E-015
 nchek0=           0 toler_force=  1.000000000000000E-005
 nchek=           0
                    conver_nodal_value check
               Convergence check for displacement
 ratio1=  1.601738513602539E-015 ratio2=  2.187378535341785E-015
 nchek=           0
 ***********RESTART FILE IS UPDATED!*******
 time: 10:09:12
 iblks=           1 iincs=           1 istep=         196
 outinp=           0
 iiter=           1
Begin forming various matrix       at 2026-08-26 10:09:13 
 ktsmat=           0
Begin assemble golbal matrix       at 2026-08-26 10:09:13 
 ntelgroup=           0
Begin factorize global matrix      at 2026-08-26 10:09:13 
Begin solution global equation     at 2026-08-26 10:09:13 
                     istep=         196 iiter=           1
                     conver_load check
 resid=  1.363819495602287E-017 retot=   3022187907.50146     
 ratio1=  6.717655301223069E-014 ratio2=  4.056225608922318E-014
 nchek0=           0 toler_force=  1.000000000000000E-005
 nchek=           0
                    conver_nodal_value check
               Convergence check for displacement
 ratio1=  3.146597941322325E-002 ratio2=  3.018445882529183E-002
                            not converged for checki=           1
 iiter=           2
Begin forming various matrix       at 2026-08-26 10:09:13 
 ktsmat=           0
 ntelgroup=           0
Begin solution global equation     at 2026-08-26 10:09:13 
                     istep=         196 iiter=           2
                     conver_load check
 resid=  1.739904336271606E-017 retot=   3022187907.50147     
 ratio1=  7.587556769932551E-014 ratio2=  5.355367784181807E-014
 nchek0=           0 toler_force=  1.000000000000000E-005
 nchek=           0
                    conver_nodal_value check
               Convergence check for displacement
 ratio1=  2.675109363473429E-015 ratio2=  4.470969200303214E-015
 nchek=           0
 ***********RESTART FILE IS UPDATED!*******
 time: 10:09:12
 iblks=           1 iincs=           1 istep=         197
 outinp=           0
 iiter=           1
Begin forming various matrix       at 2026-08-26 10:09:13 
 ktsmat=           0
Begin assemble golbal matrix       at 2026-08-26 10:09:13 
 ntelgroup=           0
Begin factorize global matrix      at 2026-08-26 10:09:13 
Begin solution global equation     at 2026-08-26 10:09:13 
                     istep=         197 iiter=           1
                     conver_load check
 resid=  3.057318543338859E-017 retot=   163843172.416570     
 ratio1=  4.319725707459031E-013 ratio2=  2.228197295331937E-013
 nchek0=           0 toler_force=  1.000000000000000E-005
 nchek=           0
                    conver_nodal_value check
               Convergence check for displacement
 ratio1=  0.127144398830079      ratio2=  0.117378679310871     
                            not converged for checki=           1
 iiter=           2
Begin forming various matrix       at 2026-08-26 10:09:13 
 ktsmat=           0
 ntelgroup=           0
Begin solution global equation     at 2026-08-26 10:09:13 
                     istep=         197 iiter=           2
                     conver_load check
 resid=  2.726694224442751E-017 retot=   163843172.416575     
 ratio1=  4.079472829213470E-013 ratio2=  2.539418582779157E-013
 nchek0=           0 toler_force=  1.000000000000000E-005
 nchek=           0
                    conver_nodal_value check
               Convergence check for displacement
 ratio1=  7.463765569718543E-015 ratio2=  7.256510635166964E-015
 nchek=           0
 ***********RESTART FILE IS UPDATED!*******
 time: 10:09:12
 iblks=           1 iincs=           1 istep=         198
 outinp=           0
 iiter=           1
Begin forming various matrix       at 2026-08-26 10:09:13 
 ktsmat=           0
Begin assemble golbal matrix       at 2026-08-26 10:09:13 
 ntelgroup=           0
Begin factorize global matrix      at 2026-08-26 10:09:13 
Begin solution global equation     at 2026-08-26 10:09:13 
                     istep=         198 iiter=           1
                     conver_load check
 resid=  3.020115705880406E-017 retot=   939364769.708188     
 ratio1=  1.793059316717303E-013 ratio2=  1.124630251048673E-013
 nchek0=           0 toler_force=  1.000000000000000E-005
 nchek=           0
                    conver_nodal_value check
               Convergence check for displacement
 ratio1=  0.117054576415846      ratio2=  0.126752283151435     
                            not converged for checki=           1
 iiter=           2
Begin forming various matrix       at 2026-08-26 10:09:13 
 ktsmat=           0
 ntelgroup=           0
Begin solution global equation     at 2026-08-26 10:09:13 
                     istep=         198 iiter=           2
                     conver_load check
 resid=  2.905142907569137E-017 retot=   939364769.708175     
 ratio1=  1.758598167441506E-013 ratio2=  1.488472895728374E-013
 nchek0=           0 toler_force=  1.000000000000000E-005
 nchek=           0
                    conver_nodal_value check
               Convergence check for displacement
 ratio1=  7.615617042281563E-015 ratio2=  7.999306082448931E-015
 nchek=           0
 ***********RESTART FILE IS UPDATED!*******
 time: 10:09:12
 iblks=           1 iincs=           1 istep=         199
 outinp=           0
 iiter=           1
Begin forming various matrix       at 2026-08-26 10:09:13 
 ktsmat=           0
Begin assemble golbal matrix       at 2026-08-26 10:09:13 
 ntelgroup=           0
Begin factorize global matrix      at 2026-08-26 10:09:13 
Begin solution global equation     at 2026-08-26 10:09:13 
                     istep=         199 iiter=           1
                     conver_load check
 resid=  3.044676482986649E-017 retot=   4249054092.98297     
 ratio1=  8.464950959023449E-014 ratio2=  6.374154979894369E-014
 nchek0=           0 toler_force=  1.000000000000000E-005
 nchek=           0
                    conver_nodal_value check
               Convergence check for displacement
 ratio1=  3.617093177685250E-002 ratio2=  3.742404913304211E-002
                            not converged for checki=           1
 iiter=           2
Begin forming various matrix       at 2026-08-26 10:09:13 
 ktsmat=           0
 ntelgroup=           0
Begin solution global equation     at 2026-08-26 10:09:13 
                     istep=         199 iiter=           2
                     conver_load check
 resid=  2.091178111152735E-017 retot=   4249054092.98296     
 ratio1=  7.015350631726664E-014 ratio2=  5.254457502435672E-014
 nchek0=           0 toler_force=  1.000000000000000E-005
 nchek=           0
                    conver_nodal_value check
               Convergence check for displacement
 ratio1=  1.857784418942252E-015 ratio2=  1.901930949115420E-015
 nchek=           0
 ***********RESTART FILE IS UPDATED!*******
 time: 10:09:12
 iblks=           1 iincs=           1 istep=         200
 outinp=           0
 iiter=           1
Begin forming various matrix       at 2026-08-26 10:09:13 
 ktsmat=           0
Begin assemble golbal matrix       at 2026-08-26 10:09:13 
 ntelgroup=           0
Begin factorize global matrix      at 2026-08-26 10:09:13 
Begin solution global equation     at 2026-08-26 10:09:13 
                     istep=         200 iiter=           1
                     conver_load check
 resid=  8.097487502710854E-018 retot=   6927496223.50286     
 ratio1=  3.418904692910403E-014 ratio2=  2.627066558234031E-014
 nchek0=           0 toler_force=  1.000000000000000E-005
 nchek=           0
                    conver_nodal_value check
               Convergence check for displacement
 ratio1=  1.396056795251801E-002 ratio2=  1.460390289724225E-002
                            not converged for checki=           1
 iiter=           2
Begin forming various matrix       at 2026-08-26 10:09:13 
 ktsmat=           0
 ntelgroup=           0
Begin solution global equation     at 2026-08-26 10:09:13 
                     istep=         200 iiter=           2
                     conver_load check
 resid=  5.299224046000184E-018 retot=   6927496223.50285     
 ratio1=  2.765782293007709E-014 ratio2=  1.942466127396704E-014
 nchek0=           0 toler_force=  1.000000000000000E-005
 nchek=           0
                    conver_nodal_value check
               Convergence check for displacement
 ratio1=  9.829723642065111E-016 ratio2=  1.018112399638464E-015
 nchek=           0
 ***********RESTART FILE IS UPDATED!*******
 time: 10:09:12
 iblks=           1 iincs=           1 istep=         201
 outinp=           0
 iiter=           1
Begin forming various matrix       at 2026-08-26 10:09:13 
 ktsmat=           0
Begin assemble golbal matrix       at 2026-08-26 10:09:13 
 ntelgroup=           0
Begin factorize global matrix      at 2026-08-26 10:09:13 
Begin solution global equation     at 2026-08-26 10:09:13 
                     istep=         201 iiter=           1
                     conver_load check
 resid=  3.526358930666842E-019 retot=   6608846574.88922     
 ratio1=  7.304667002429756E-015 ratio2=  4.954898440605800E-015
 nchek0=           0 toler_force=  1.000000000000000E-005
 nchek=           0
                    conver_nodal_value check
               Convergence check for displacement
 ratio1=  1.711787190344362E-003 ratio2=  1.124652146981781E-003
                            not converged for checki=           1
 iiter=           2
Begin forming various matrix       at 2026-08-26 10:09:13 
 ktsmat=           0
 ntelgroup=           0
Begin solution global equation     at 2026-08-26 10:09:13 
                     istep=         201 iiter=           2
                     conver_load check
 resid=  4.514503560373543E-019 retot=   6608846574.88921     
 ratio1=  8.264986814087067E-015 ratio2=  7.518255963516224E-015
 nchek0=           0 toler_force=  1.000000000000000E-005
 nchek=           0
                    conver_nodal_value check
               Convergence check for displacement
 ratio1=  1.121818813465098E-016 ratio2=  2.031013288313851E-016
 nchek=           0
 ***********RESTART FILE IS UPDATED!*******
 time: 10:09:12
 iblks=           1 iincs=           1 istep=         202
 outinp=           0
 iiter=           1
Begin forming various matrix       at 2026-08-26 10:09:13 
 ktsmat=           0
Begin assemble golbal matrix       at 2026-08-26 10:09:13 
 ntelgroup=           0
Begin factorize global matrix      at 2026-08-26 10:09:13 
Begin solution global equation     at 2026-08-26 10:09:13 
                     istep=         202 iiter=           1
                     conver_load check
 resid=  7.109142446318792E-018 retot=   3678587627.80590     
 ratio1=  4.396104983008691E-014 ratio2=  2.670982421851921E-014
 nchek0=           0 toler_force=  1.000000000000000E-005
 nchek=           0
                    conver_nodal_value check
               Convergence check for displacement
 ratio1=  1.984364322386490E-002 ratio2=  1.889181960402821E-002
                            not converged for checki=           1
 iiter=           2
Begin forming various matrix       at 2026-08-26 10:09:13 
 ktsmat=           0
 ntelgroup=           0
Begin solution global equation     at 2026-08-26 10:09:13 
                     istep=         202 iiter=           2
                     conver_load check
 resid=  7.587855348188395E-018 retot=   3678587627.80591     
 ratio1=  4.541705489384477E-014 ratio2=  3.096274088765449E-014
 nchek0=           0 toler_force=  1.000000000000000E-005
 nchek=           0
                    conver_nodal_value check
               Convergence check for displacement
 ratio1=  1.589886244328041E-015 ratio2=  1.679547768059297E-015
 nchek=           0
 ***********RESTART FILE IS UPDATED!*******
 time: 10:09:12
 iblks=           1 iincs=           1 istep=         203
 outinp=           0
 iiter=           1
Begin forming various matrix       at 2026-08-26 10:09:13 
 ktsmat=           0
Begin assemble golbal matrix       at 2026-08-26 10:09:13 
 ntelgroup=           0
Begin factorize global matrix      at 2026-08-26 10:09:13 
Begin solution global equation     at 2026-08-26 10:09:13 
                     istep=         203 iiter=           1
                     conver_load check
 resid=  2.616703420233475E-017 retot=   721099440.659312     
 ratio1=  1.904932852368090E-013 ratio2=  1.387424709170805E-013
 nchek0=           0 toler_force=  1.000000000000000E-005
 nchek=           0
                    conver_nodal_value check
               Convergence check for displacement
 ratio1=  6.334897443156179E-002 ratio2=  6.021482976443009E-002
                            not converged for checki=           1
 iiter=           2
Begin forming various matrix       at 2026-08-26 10:09:13 
 ktsmat=           0
 ntelgroup=           0
Begin solution global equation     at 2026-08-26 10:09:13 
                     istep=         203 iiter=           2
                     conver_load check
 resid=  2.238277263985663E-017 retot=   721099440.659320     
 ratio1=  1.761811182837305E-013 ratio2=  1.522904145334723E-013
 nchek0=           0 toler_force=  1.000000000000000E-005
 nchek=           0
                    conver_nodal_value check
               Convergence check for displacement
 ratio1=  3.605258612979478E-015 ratio2=  3.178175807071962E-015
 nchek=           0
 ***********RESTART FILE IS UPDATED!*******
 time: 10:09:12
 iblks=           1 iincs=           1 istep=         204
 outinp=           0
 iiter=           1
Begin forming various matrix       at 2026-08-26 10:09:13 
 ktsmat=           0
Begin assemble golbal matrix       at 2026-08-26 10:09:13 
 ntelgroup=           0
Begin factorize global matrix      at 2026-08-26 10:09:13 
Begin solution global equation     at 2026-08-26 10:09:13 
                     istep=         204 iiter=           1
                     conver_load check
 resid=  2.871916997314871E-017 retot=   138789016.533440     
 ratio1=  4.548920981326958E-013 ratio2=  3.956648530436871E-013
 nchek0=           0 toler_force=  1.000000000000000E-005
 nchek=           0
                    conver_nodal_value check
               Convergence check for displacement
 ratio1=  0.463636626779478      ratio2=  0.709278335915363     
                            not converged for checki=           1
 iiter=           2
Begin forming various matrix       at 2026-08-26 10:09:13 
 ktsmat=           0
 ntelgroup=           0
Begin solution global equation     at 2026-08-26 10:09:13 
                     istep=         204 iiter=           2
                     conver_load check
 resid=  1.907405323834328E-017 retot=   138789016.533435     
 ratio1=  3.707182327000646E-013 ratio2=  2.433483476959092E-013
 nchek0=           0 toler_force=  1.000000000000000E-005
 nchek=           0
                    conver_nodal_value check
               Convergence check for displacement
 ratio1=  5.491676905683275E-014 ratio2=  9.173191484047181E-014
 nchek=           0
 ***********RESTART FILE IS UPDATED!*******
 time: 10:09:12
 iblks=           1 iincs=           1 istep=         205
 outinp=           0
 iiter=           1
Begin forming various matrix       at 2026-08-26 10:09:13 
 ktsmat=           0
Begin assemble golbal matrix       at 2026-08-26 10:09:13 
 ntelgroup=           0
Begin factorize global matrix      at 2026-08-26 10:09:13 
Begin solution global equation     at 2026-08-26 10:09:13 
                     istep=         205 iiter=           1
                     conver_load check
 resid=  2.454116023054853E-017 retot=   2121075400.46422     
 ratio1=  1.075646310452435E-013 ratio2=  7.232830389906462E-014
 nchek0=           0 toler_force=  1.000000000000000E-005
 nchek=           0
                    conver_nodal_value check
               Convergence check for displacement
 ratio1=  5.314892288218836E-002 ratio2=  5.540461296481894E-002
                            not converged for checki=           1
 iiter=           2
Begin forming various matrix       at 2026-08-26 10:09:13 
 ktsmat=           0
 ntelgroup=           0
Begin solution global equation     at 2026-08-26 10:09:13 
                     istep=         205 iiter=           2
                     conver_load check
 resid=  1.378748176438625E-017 retot=   2121075400.46421     
 ratio1=  8.062401502131419E-014 ratio2=  6.302468993471820E-014
 nchek0=           0 toler_force=  1.000000000000000E-005
 nchek=           0
                    conver_nodal_value check
               Convergence check for displacement
 ratio1=  4.659397211452606E-015 ratio2=  4.806887157349604E-015
 nchek=           0
 ***********RESTART FILE IS UPDATED!*******
 time: 10:09:12
 iblks=           1 iincs=           1 istep=         206
 outinp=           0
 iiter=           1
Begin forming various matrix       at 2026-08-26 10:09:13 
 ktsmat=           0
Begin assemble golbal matrix       at 2026-08-26 10:09:13 
 ntelgroup=           0
Begin factorize global matrix      at 2026-08-26 10:09:13 
Begin solution global equation     at 2026-08-26 10:09:13 
                     istep=         206 iiter=           1
                     conver_load check
 resid=  8.453710505079724E-018 retot=   4663270130.85357     
 ratio1=  4.257732757609174E-014 ratio2=  2.079668352262319E-014
 nchek0=           0 toler_force=  1.000000000000000E-005
 nchek=           0
                    conver_nodal_value check
               Convergence check for displacement
 ratio1=  2.135110449745560E-002 ratio2=  2.212819453266098E-002
                            not converged for checki=           1
 iiter=           2
Begin forming various matrix       at 2026-08-26 10:09:13 
 ktsmat=           0
 ntelgroup=           0
Begin solution global equation     at 2026-08-26 10:09:13 
                     istep=         206 iiter=           2
                     conver_load check
 resid=  5.486847604192938E-018 retot=   4663270130.85355     
 ratio1=  3.430174089789233E-014 ratio2=  2.306228537287885E-014
 nchek0=           0 toler_force=  1.000000000000000E-005
 nchek=           0
                    conver_nodal_value check
               Convergence check for displacement
 ratio1=  1.696338095200259E-015 ratio2=  1.685475687572585E-015
 nchek=           0
 ***********RESTART FILE IS UPDATED!*******
 time: 10:09:12
 iblks=           1 iincs=           1 istep=         207
 outinp=           0
 iiter=           1
Begin forming various matrix       at 2026-08-26 10:09:13 
 ktsmat=           0
Begin assemble golbal matrix       at 2026-08-26 10:09:13 
 ntelgroup=           0
Begin factorize global matrix      at 2026-08-26 10:09:13 
Begin solution global equation     at 2026-08-26 10:09:13 
                     istep=         207 iiter=           1
                     conver_load check
 resid=  9.106952343746396E-019 retot=   5450985264.98717     
 ratio1=  1.292554987960376E-014 ratio2=  1.161637973670112E-014
 nchek0=           0 toler_force=  1.000000000000000E-005
 nchek=           0
                    conver_nodal_value check
               Convergence check for displacement
 ratio1=  4.692143822097332E-003 ratio2=  5.198345565360895E-003
                            not converged for checki=           1
 iiter=           2
Begin forming various matrix       at 2026-08-26 10:09:13 
 ktsmat=           0
 ntelgroup=           0
Begin solution global equation     at 2026-08-26 10:09:13 
                     istep=         207 iiter=           2
                     conver_load check
 resid=  8.237003008557779E-019 retot=   5450985264.98717     
 ratio1=  1.229269505700782E-014 ratio2=  7.412498582550692E-015
 nchek0=           0 toler_force=  1.000000000000000E-005
 nchek=           0
                    conver_nodal_value check
               Convergence check for displacement
 ratio1=  2.897202501136267E-016 ratio2=  3.057742576029343E-016
 nchek=           0
 ***********RESTART FILE IS UPDATED!*******
 time: 10:09:12
 iblks=           1 iincs=           1 istep=         208
 outinp=           0
 iiter=           1
Begin forming various matrix       at 2026-08-26 10:09:13 
 ktsmat=           0
Begin assemble golbal matrix       at 2026-08-26 10:09:13 
 ntelgroup=           0
Begin factorize global matrix      at 2026-08-26 10:09:13 
Begin solution global equation     at 2026-08-26 10:09:13 
                     istep=         208 iiter=           1
                     conver_load check
 resid=  3.999685026570535E-018 retot=   3855060305.24974     
 ratio1=  3.221048825383101E-014 ratio2=  2.328233893200310E-014
 nchek0=           0 toler_force=  1.000000000000000E-005
 nchek=           0
                    conver_nodal_value check
               Convergence check for displacement
 ratio1=  1.139641199335755E-002 ratio2=  1.069468581208951E-002
                            not converged for checki=           1
 iiter=           2
Begin forming various matrix       at 2026-08-26 10:09:13 
 ktsmat=           0
 ntelgroup=           0
Begin solution global equation     at 2026-08-26 10:09:13 
                     istep=         208 iiter=           2
                     conver_load check
 resid=  2.307943301854044E-018 retot=   3855060305.24975     
 ratio1=  2.446791593257890E-014 ratio2=  1.630760663336777E-014
 nchek0=           0 toler_force=  1.000000000000000E-005
 nchek=           0
                    conver_nodal_value check
               Convergence check for displacement
 ratio1=  7.290322310444664E-016 ratio2=  7.295052292506248E-016
 nchek=           0
 ***********RESTART FILE IS UPDATED!*******
 time: 10:09:12
 iblks=           1 iincs=           1 istep=         209
 outinp=           0
 iiter=           1
Begin forming various matrix       at 2026-08-26 10:09:13 
 ktsmat=           0
Begin assemble golbal matrix       at 2026-08-26 10:09:13 
 ntelgroup=           0
Begin factorize global matrix      at 2026-08-26 10:09:13 
Begin solution global equation     at 2026-08-26 10:09:13 
                     istep=         209 iiter=           1
                     conver_load check
 resid=  1.056233022447776E-017 retot=   1331235993.76669     
 ratio1=  8.907428499001492E-014 ratio2=  5.138918498231105E-014
 nchek0=           0 toler_force=  1.000000000000000E-005
 nchek=           0
                    conver_nodal_value check
               Convergence check for displacement
 ratio1=  3.854647169334806E-002 ratio2=  3.694829702541167E-002
                            not converged for checki=           1
 iiter=           2
Begin forming various matrix       at 2026-08-26 10:09:13 
 ktsmat=           0
 ntelgroup=           0
Begin solution global equation     at 2026-08-26 10:09:13 
                     istep=         209 iiter=           2
                     conver_load check
 resid=  6.591882630831823E-018 retot=   1331235993.76670     
 ratio1=  7.036832399581870E-014 ratio2=  5.243288510888739E-014
 nchek0=           0 toler_force=  1.000000000000000E-005
 nchek=           0
                    conver_nodal_value check
               Convergence check for displacement
 ratio1=  2.775171876340200E-015 ratio2=  2.954094489046206E-015
 nchek=           0
 ***********RESTART FILE IS UPDATED!*******
 time: 10:09:12
 iblks=           1 iincs=           1 istep=         210
 outinp=           0
 iiter=           1
Begin forming various matrix       at 2026-08-26 10:09:13 
 ktsmat=           0
Begin assemble golbal matrix       at 2026-08-26 10:09:13 
 ntelgroup=           0
Begin factorize global matrix      at 2026-08-26 10:09:13 
Begin solution global equation     at 2026-08-26 10:09:13 
                     istep=         210 iiter=           1
                     conver_load check
 resid=  2.287324140329433E-017 retot=   12612616.6272506     
 ratio1=  1.346670228912739E-012 ratio2=  7.701479787199425E-013
 nchek0=           0 toler_force=  1.000000000000000E-005
 nchek=           0
                    conver_nodal_value check
               Convergence check for displacement
 ratio1=  0.212274675163352      ratio2=  0.188868500977484     
                            not converged for checki=           1
 iiter=           2
Begin forming various matrix       at 2026-08-26 10:09:13 
 ktsmat=           0
 ntelgroup=           0
Begin solution global equation     at 2026-08-26 10:09:13 
                     istep=         210 iiter=           2
                     conver_load check
 resid=  2.460258381061033E-017 retot=   12612616.6272515     
 ratio1=  1.396650568254323E-012 ratio2=  8.641725957974944E-013
 nchek0=           0 toler_force=  1.000000000000000E-005
 nchek=           0
                    conver_nodal_value check
               Convergence check for displacement
 ratio1=  1.103538742936653E-014 ratio2=  9.762690803788314E-015
 nchek=           0
 ***********RESTART FILE IS UPDATED!*******
 time: 10:09:12
 iblks=           1 iincs=           1 istep=         211
 outinp=           0
 iiter=           1
Begin forming various matrix       at 2026-08-26 10:09:13 
 ktsmat=           0
Begin assemble golbal matrix       at 2026-08-26 10:09:13 
 ntelgroup=           0
Begin factorize global matrix      at 2026-08-26 10:09:13 
Begin solution global equation     at 2026-08-26 10:09:13 
                     istep=         211 iiter=           1
                     conver_load check
 resid=  1.777853058585340E-017 retot=   837675356.349483     
 ratio1=  1.456833978131463E-013 ratio2=  1.121524851477449E-013
 nchek0=           0 toler_force=  1.000000000000000E-005
 nchek=           0
                    conver_nodal_value check
               Convergence check for displacement
 ratio1=  8.657653280258758E-002 ratio2=  9.185359925796334E-002
                            not converged for checki=           1
 iiter=           2
Begin forming various matrix       at 2026-08-26 10:09:13 
 ktsmat=           0
 ntelgroup=           0
Begin solution global equation     at 2026-08-26 10:09:13 
                     istep=         211 iiter=           2
                     conver_load check
 resid=  1.794715797320250E-017 retot=   837675356.349476     
 ratio1=  1.463726626913623E-013 ratio2=  9.220317574239670E-014
 nchek0=           0 toler_force=  1.000000000000000E-005
 nchek=           0
                    conver_nodal_value check
               Convergence check for displacement
 ratio1=  4.452876264342998E-015 ratio2=  5.041352825874751E-015
 nchek=           0
 ***********RESTART FILE IS UPDATED!*******
 time: 10:09:12
 iblks=           1 iincs=           1 istep=         212
 outinp=           0
 iiter=           1
Begin forming various matrix       at 2026-08-26 10:09:13 
 ktsmat=           0
Begin assemble golbal matrix       at 2026-08-26 10:09:13 
 ntelgroup=           0
Begin factorize global matrix      at 2026-08-26 10:09:13 
Begin solution global equation     at 2026-08-26 10:09:13 
                     istep=         212 iiter=           1
                     conver_load check
 resid=  1.584922767497506E-017 retot=   2846107130.98452     
 ratio1=  7.462398383649004E-014 ratio2=  5.162560161788786E-014
 nchek0=           0 toler_force=  1.000000000000000E-005
 nchek=           0
                    conver_nodal_value check
               Convergence check for displacement
 ratio1=  3.078748166955021E-002 ratio2=  3.183221138890243E-002
                            not converged for checki=           1
 iiter=           2
Begin forming various matrix       at 2026-08-26 10:09:13 
 ktsmat=           0
 ntelgroup=           0
Begin solution global equation     at 2026-08-26 10:09:13 
                     istep=         212 iiter=           2
                     conver_load check
 resid=  1.563445125656215E-017 retot=   2846107130.98451     
 ratio1=  7.411663605540961E-014 ratio2=  5.124144433660236E-014
 nchek0=           0 toler_force=  1.000000000000000E-005
 nchek=           0
                    conver_nodal_value check
               Convergence check for displacement
 ratio1=  3.234905578087439E-015 ratio2=  3.317190248698966E-015
 nchek=           0
 ***********RESTART FILE IS UPDATED!*******
 time: 10:09:12
 iblks=           1 iincs=           1 istep=         213
 outinp=           0
 iiter=           1
Begin forming various matrix       at 2026-08-26 10:09:13 
 ktsmat=           0
Begin assemble golbal matrix       at 2026-08-26 10:09:13 
 ntelgroup=           0
Begin factorize global matrix      at 2026-08-26 10:09:13 
Begin solution global equation     at 2026-08-26 10:09:13 
                     istep=         213 iiter=           1
                     conver_load check
 resid=  2.342917418090819E-018 retot=   4149882720.32682     
 ratio1=  2.376077374499903E-014 ratio2=  1.494053669875497E-014
 nchek0=           0 toler_force=  1.000000000000000E-005
 nchek=           0
                    conver_nodal_value check
               Convergence check for displacement
 ratio1=  1.097203511158505E-002 ratio2=  1.157062111021828E-002
                            not converged for checki=           1
 iiter=           2
Begin forming various matrix       at 2026-08-26 10:09:13 
 ktsmat=           0
 ntelgroup=           0
Begin solution global equation     at 2026-08-26 10:09:13 
                     istep=         213 iiter=           2
                     conver_load check
 resid=  3.319768344818621E-018 retot=   4149882720.32681     
 ratio1=  2.828368410701695E-014 ratio2=  2.258539151011248E-014
 nchek0=           0 toler_force=  1.000000000000000E-005
 nchek=           0
                    conver_nodal_value check
               Convergence check for displacement
 ratio1=  5.038655457399563E-016 ratio2=  5.195011576096940E-016
 nchek=           0
 ***********RESTART FILE IS UPDATED!*******
 time: 10:09:12
 iblks=           1 iincs=           1 istep=         214
 outinp=           0
 iiter=           1
Begin forming various matrix       at 2026-08-26 10:09:13 
 ktsmat=           0
Begin assemble golbal matrix       at 2026-08-26 10:09:13 
 ntelgroup=           0
Begin factorize global matrix      at 2026-08-26 10:09:13 
Begin solution global equation     at 2026-08-26 10:09:13 
                     istep=         214 iiter=           1
                     conver_load check
 resid=  4.270467307999029E-019 retot=   3617346964.45569     
 ratio1=  1.086532239777433E-014 ratio2=  8.073834406005358E-015
 nchek0=           0 toler_force=  1.000000000000000E-005
 nchek=           0
                    conver_nodal_value check
               Convergence check for displacement
 ratio1=  4.432571136906142E-003 ratio2=  3.709905363352202E-003
                            not converged for checki=           1
 iiter=           2
Begin forming various matrix       at 2026-08-26 10:09:13 
 ktsmat=           0
 ntelgroup=           0
Begin solution global equation     at 2026-08-26 10:09:13 
                     istep=         214 iiter=           2
                     conver_load check
 resid=  5.343941995799438E-019 retot=   3617346964.45570     
 ratio1=  1.215446323579123E-014 ratio2=  9.027592540635686E-015
 nchek0=           0 toler_force=  1.000000000000000E-005
 nchek=           0
                    conver_nodal_value check
               Convergence check for displacement
 ratio1=  2.574860466827729E-016 ratio2=  2.389866914179952E-016
 nchek=           0
 ***********RESTART FILE IS UPDATED!*******
 time: 10:09:12
 iblks=           1 iincs=           1 istep=         215
 outinp=           0
 iiter=           1
Begin forming various matrix       at 2026-08-26 10:09:13 
 ktsmat=           0
Begin assemble golbal matrix       at 2026-08-26 10:09:13 
 ntelgroup=           0
Begin factorize global matrix      at 2026-08-26 10:09:13 
Begin solution global equation     at 2026-08-26 10:09:13 
                     istep=         215 iiter=           1
                     conver_load check
 resid=  7.310887323086851E-018 retot=   1776403685.06373     
 ratio1=  6.415259264870684E-014 ratio2=  4.437045781622415E-014
 nchek0=           0 toler_force=  1.000000000000000E-005
 nchek=           0
                    conver_nodal_value check
               Convergence check for displacement
 ratio1=  2.452800237769971E-002 ratio2=  2.344570534122210E-002
                            not converged for checki=           1
 iiter=           2
Begin forming various matrix       at 2026-08-26 10:09:13 
 ktsmat=           0
 ntelgroup=           0
Begin solution global equation     at 2026-08-26 10:09:13 
                     istep=         215 iiter=           2
                     conver_load check
 resid=  5.159155090119098E-018 retot=   1776403685.06374     
 ratio1=  5.389127505417815E-014 ratio2=  3.184162408975673E-014
 nchek0=           0 toler_force=  1.000000000000000E-005
 nchek=           0
                    conver_nodal_value check
               Convergence check for displacement
 ratio1=  2.794829755291541E-015 ratio2=  4.732646053441687E-015
 nchek=           0
 ***********RESTART FILE IS UPDATED!*******
 time: 10:09:12
 iblks=           1 iincs=           1 istep=         216
 outinp=           0
 iiter=           1
Begin forming various matrix       at 2026-08-26 10:09:13 
 ktsmat=           0
Begin assemble golbal matrix       at 2026-08-26 10:09:13 
 ntelgroup=           0
Begin factorize global matrix      at 2026-08-26 10:09:13 
Begin solution global equation     at 2026-08-26 10:09:13 
                     istep=         216 iiter=           1
                     conver_load check
 resid=  8.606597942915251E-018 retot=   229878176.252679     
 ratio1=  1.934937253482124E-013 ratio2=  1.314792630925272E-013
 nchek0=           0 toler_force=  1.000000000000000E-005
 nchek=           0
                    conver_nodal_value check
               Convergence check for displacement
 ratio1=  8.311396369626579E-002 ratio2=  7.833313196629256E-002
                            not converged for checki=           1
 iiter=           2
Begin forming various matrix       at 2026-08-26 10:09:13 
 ktsmat=           0
 ntelgroup=           0
Begin solution global equation     at 2026-08-26 10:09:13 
                     istep=         216 iiter=           2
                     conver_load check
 resid=  8.191005277734710E-018 retot=   229878176.252683     
 ratio1=  1.887642432763985E-013 ratio2=  1.096512116492046E-013
 nchek0=           0 toler_force=  1.000000000000000E-005
 nchek=           0
                    conver_nodal_value check
               Convergence check for displacement
 ratio1=  1.500589324853111E-014 ratio2=  1.993681033827455E-014
 nchek=           0
 ***********RESTART FILE IS UPDATED!*******
 time: 10:09:12
 iblks=           1 iincs=           1 istep=         217
 outinp=           0
 iiter=           1
Begin forming various matrix       at 2026-08-26 10:09:13 
 ktsmat=           0
Begin assemble golbal matrix       at 2026-08-26 10:09:13 
 ntelgroup=           0
Begin factorize global matrix      at 2026-08-26 10:09:13 
Begin solution global equation     at 2026-08-26 10:09:13 
                     istep=         217 iiter=           1
                     conver_load check
 resid=  1.212605025758496E-017 retot=   202588452.167150     
 ratio1=  2.446540101823049E-013 ratio2=  1.660846183135951E-013
 nchek0=           0 toler_force=  1.000000000000000E-005
 nchek=           0
                    conver_nodal_value check
               Convergence check for displacement
 ratio1=  0.201232243427353      ratio2=  0.233104208866988     
                            not converged for checki=           1
 iiter=           2
Begin forming various matrix       at 2026-08-26 10:09:13 
 ktsmat=           0
 ntelgroup=           0
Begin solution global equation     at 2026-08-26 10:09:13 
                     istep=         217 iiter=           2
                     conver_load check
 resid=  1.629243070536202E-017 retot=   202588452.167147     
 ratio1=  2.835865297027190E-013 ratio2=  1.674901446651509E-013
 nchek0=           0 toler_force=  1.000000000000000E-005
 nchek=           0
                    conver_nodal_value check
               Convergence check for displacement
 ratio1=  8.707776991718318E-015 ratio2=  1.500781656785349E-014
 nchek=           0
 ***********RESTART FILE IS UPDATED!*******
 time: 10:09:12
 iblks=           1 iincs=           1 istep=         218
 outinp=           0
 iiter=           1
Begin forming various matrix       at 2026-08-26 10:09:13 
 ktsmat=           0
Begin assemble golbal matrix       at 2026-08-26 10:09:13 
 ntelgroup=           0
Begin factorize global matrix      at 2026-08-26 10:09:13 
Begin solution global equation     at 2026-08-26 10:09:13 
                     istep=         218 iiter=           1
                     conver_load check
 resid=  1.298615735072754E-017 retot=   1528889091.95282     
 ratio1=  9.216209519220753E-014 ratio2=  6.203813466061733E-014
 nchek0=           0 toler_force=  1.000000000000000E-005
 nchek=           0
                    conver_nodal_value check
               Convergence check for displacement
 ratio1=  4.440550996665368E-002 ratio2=  4.611083535606399E-002
                            not converged for checki=           1
 iiter=           2
Begin forming various matrix       at 2026-08-26 10:09:13 
 ktsmat=           0
 ntelgroup=           0
Begin solution global equation     at 2026-08-26 10:09:13 
                     istep=         218 iiter=           2
                     conver_load check
 resid=  9.193168937433429E-018 retot=   1528889091.95282     
 ratio1=  7.754336251627153E-014 ratio2=  5.007653850465184E-014
 nchek0=           0 toler_force=  1.000000000000000E-005
 nchek=           0
                    conver_nodal_value check
               Convergence check for displacement
 ratio1=  2.528588101805735E-015 ratio2=  2.517916195667480E-015
 nchek=           0
 ***********RESTART FILE IS UPDATED!*******
 time: 10:09:12
 iblks=           1 iincs=           1 istep=         219
 outinp=           0
 iiter=           1
Begin forming various matrix       at 2026-08-26 10:09:13 
 ktsmat=           0
Begin assemble golbal matrix       at 2026-08-26 10:09:13 
 ntelgroup=           0
Begin factorize global matrix      at 2026-08-26 10:09:13 
Begin solution global equation     at 2026-08-26 10:09:13 
                     istep=         219 iiter=           1
                     conver_load check
 resid=  4.130404413942864E-018 retot=   2906679816.58715     
 ratio1=  3.769621020962854E-014 ratio2=  2.961686918634269E-014
 nchek0=           0 toler_force=  1.000000000000000E-005
 nchek=           0
                    conver_nodal_value check
               Convergence check for displacement
 ratio1=  1.784407815709147E-002 ratio2=  1.854495784704926E-002
                            not converged for checki=           1
 iiter=           2
Begin forming various matrix       at 2026-08-26 10:09:13 
 ktsmat=           0
 ntelgroup=           0
Begin solution global equation     at 2026-08-26 10:09:13 
                     istep=         219 iiter=           2
                     conver_load check
 resid=  2.930710495206744E-018 retot=   2906679816.58715     
 ratio1=  3.175322657467650E-014 ratio2=  1.664528504371373E-014
 nchek0=           0 toler_force=  1.000000000000000E-005
 nchek=           0
                    conver_nodal_value check
               Convergence check for displacement
 ratio1=  1.573341950660707E-015 ratio2=  2.745960741558218E-015
 nchek=           0
 ***********RESTART FILE IS UPDATED!*******
 time: 10:09:12
 iblks=           1 iincs=           1 istep=         220
 outinp=           0
 iiter=           1
Begin forming various matrix       at 2026-08-26 10:09:13 
 ktsmat=           0
Begin assemble golbal matrix       at 2026-08-26 10:09:13 
 ntelgroup=           0
Begin factorize global matrix      at 2026-08-26 10:09:13 
Begin solution global equation     at 2026-08-26 10:09:13 
                     istep=         220 iiter=           1
                     conver_load check
 resid=  2.472817814313842E-019 retot=   3098112819.14892     
 ratio1=  8.934030813169584E-015 ratio2=  4.699639681440107E-015
 nchek0=           0 toler_force=  1.000000000000000E-005
 nchek=           0
                    conver_nodal_value check
               Convergence check for displacement
 ratio1=  2.026646310496418E-003 ratio2=  2.458957540633251E-003
                            not converged for checki=           1
 iiter=           2
Begin forming various matrix       at 2026-08-26 10:09:13 
 ktsmat=           0
 ntelgroup=           0
Begin solution global equation     at 2026-08-26 10:09:13 
                     istep=         220 iiter=           2
                     conver_load check
 resid=  2.357217774386738E-019 retot=   3098112819.14892     
 ratio1=  8.722706089594947E-015 ratio2=  5.164580154814331E-015
 nchek0=           0 toler_force=  1.000000000000000E-005
 nchek=           0
                    conver_nodal_value check
               Convergence check for displacement
 ratio1=  1.670956154883153E-016 ratio2=  2.119878256282777E-016
 nchek=           0
 ***********RESTART FILE IS UPDATED!*******
 time: 10:09:12
 iblks=           1 iincs=           1 istep=         221
 outinp=           0
 iiter=           1
Begin forming various matrix       at 2026-08-26 10:09:13 
 ktsmat=           0
Begin assemble golbal matrix       at 2026-08-26 10:09:13 
 ntelgroup=           0
Begin factorize global matrix      at 2026-08-26 10:09:13 
Begin solution global equation     at 2026-08-26 10:09:13 
                     istep=         221 iiter=           1
                     conver_load check
 resid=  2.093878435374949E-018 retot=   1978178771.34548     
 ratio1=  3.253441211574169E-014 ratio2=  2.201185763543857E-014
 nchek0=           0 toler_force=  1.000000000000000E-005
 nchek=           0
                    conver_nodal_value check
               Convergence check for displacement
 ratio1=  1.494837643295183E-002 ratio2=  1.417360415490551E-002
                            not converged for checki=           1
 iiter=           2
Begin forming various matrix       at 2026-08-26 10:09:13 
 ktsmat=           0
 ntelgroup=           0
Begin solution global equation     at 2026-08-26 10:09:13 
                     istep=         221 iiter=           2
                     conver_load check
 resid=  1.165429337183302E-018 retot=   1978178771.34549     
 ratio1=  2.427225939261523E-014 ratio2=  1.307547687667294E-014
 nchek0=           0 toler_force=  1.000000000000000E-005
 nchek=           0
                    conver_nodal_value check
               Convergence check for displacement
 ratio1=  8.698482438034415E-016 ratio2=  1.466531272968228E-015
 nchek=           0
 ***********RESTART FILE IS UPDATED!*******
 time: 10:09:12
 iblks=           1 iincs=           1 istep=         222
 outinp=           0
 iiter=           1
Begin forming various matrix       at 2026-08-26 10:09:13 
 ktsmat=           0
Begin assemble golbal matrix       at 2026-08-26 10:09:13 
 ntelgroup=           0
Begin factorize global matrix      at 2026-08-26 10:09:13 
Begin solution global equation     at 2026-08-26 10:09:13 
                     istep=         222 iiter=           1
                     conver_load check
 resid=  6.070775222245365E-018 retot=   551239287.830306     
 ratio1=  1.049426423182188E-013 ratio2=  6.861896417719028E-014
 nchek0=           0 toler_force=  1.000000000000000E-005
 nchek=           0
                    conver_nodal_value check
               Convergence check for displacement
 ratio1=  4.762664445477360E-002 ratio2=  4.554532311585478E-002
                            not converged for checki=           1
 iiter=           2
Begin forming various matrix       at 2026-08-26 10:09:13 
 ktsmat=           0
 ntelgroup=           0
Begin solution global equation     at 2026-08-26 10:09:13 
                     istep=         222 iiter=           2
                     conver_load check
 resid=  8.283886982887377E-018 retot=   551239287.830312     
 ratio1=  1.225877294278571E-013 ratio2=  6.599270699517548E-014
 nchek0=           0 toler_force=  1.000000000000000E-005
 nchek=           0
                    conver_nodal_value check
               Convergence check for displacement
 ratio1=  9.596241625062234E-015 ratio2=  1.296863725871199E-014
 nchek=           0
 ***********RESTART FILE IS UPDATED!*******
 time: 10:09:12
 iblks=           1 iincs=           1 istep=         223
 outinp=           0
 iiter=           1
Begin forming various matrix       at 2026-08-26 10:09:13 
 ktsmat=           0
Begin assemble golbal matrix       at 2026-08-26 10:09:13 
 ntelgroup=           0
Begin factorize global matrix      at 2026-08-26 10:09:13 
Begin solution global equation     at 2026-08-26 10:09:13 
                     istep=         223 iiter=           1
                     conver_load check
 resid=  9.786317182320492E-018 retot=   4570130.61983328     
 ratio1=  1.463340314058158E-012 ratio2=  1.109524893093763E-012
 nchek0=           0 toler_force=  1.000000000000000E-005
 nchek=           0
                    conver_nodal_value check
               Convergence check for displacement
 ratio1=  0.556141340866130      ratio2=  0.448271049683392     
                            not converged for checki=           1
 iiter=           2
Begin forming various matrix       at 2026-08-26 10:09:13 
 ktsmat=           0
 ntelgroup=           0
Begin solution global equation     at 2026-08-26 10:09:13 
                     istep=         223 iiter=           2
                     conver_load check
 resid=  6.624375786126418E-018 retot=   4570130.61983273     
 ratio1=  1.203949232110704E-012 ratio2=  9.694362638239618E-013
 nchek0=           0 toler_force=  1.000000000000000E-005
 nchek=           0
                    conver_nodal_value check
               Convergence check for displacement
 ratio1=  5.293751905986953E-014 ratio2=  4.910101172010361E-014
 nchek=           0
 ***********RESTART FILE IS UPDATED!*******
 time: 10:09:12
 iblks=           1 iincs=           1 istep=         224
 outinp=           0
 iiter=           1
Begin forming various matrix       at 2026-08-26 10:09:13 
 ktsmat=           0
Begin assemble golbal matrix       at 2026-08-26 10:09:13 
 ntelgroup=           0
Begin factorize global matrix      at 2026-08-26 10:09:13 
Begin solution global equation     at 2026-08-26 10:09:13 
                     istep=         224 iiter=           1
                     conver_load check
 resid=  8.697471751569385E-018 retot=   682063298.969930     
 ratio1=  1.129234590227996E-013 ratio2=  8.439751267806724E-014
 nchek0=           0 toler_force=  1.000000000000000E-005
 nchek=           0
                    conver_nodal_value check
               Convergence check for displacement
 ratio1=  6.804424043792949E-002 ratio2=  7.139886352174599E-002
                            not converged for checki=           1
 iiter=           2
Begin forming various matrix       at 2026-08-26 10:09:13 
 ktsmat=           0
 ntelgroup=           0
Begin solution global equation     at 2026-08-26 10:09:13 
                     istep=         224 iiter=           2
                     conver_load check
 resid=  1.122337354835985E-017 retot=   682063298.969927     
 ratio1=  1.282771694496366E-013 ratio2=  7.770518632531083E-014
 nchek0=           0 toler_force=  1.000000000000000E-005
 nchek=           0
                    conver_nodal_value check
               Convergence check for displacement
 ratio1=  2.594378258069277E-015 ratio2=  2.732005705517401E-015
 nchek=           0
 ***********RESTART FILE IS UPDATED!*******
 time: 10:09:12
 iblks=           1 iincs=           1 istep=         225
 outinp=           0
 iiter=           1
Begin forming various matrix       at 2026-08-26 10:09:13 
 ktsmat=           0
Begin assemble golbal matrix       at 2026-08-26 10:09:13 
 ntelgroup=           0
Begin factorize global matrix      at 2026-08-26 10:09:13 
Begin solution global equation     at 2026-08-26 10:09:13 
                     istep=         225 iiter=           1
                     conver_load check
 resid=  5.408735872737778E-018 retot=   1858888262.31714     
 ratio1=  5.394127956881428E-014 ratio2=  5.092457460748633E-014
 nchek0=           0 toler_force=  1.000000000000000E-005
 nchek=           0
                    conver_nodal_value check
               Convergence check for displacement
 ratio1=  2.620561602599417E-002 ratio2=  2.710273757634423E-002
                            not converged for checki=           1
 iiter=           2
Begin forming various matrix       at 2026-08-26 10:09:13 
 ktsmat=           0
 ntelgroup=           0
Begin solution global equation     at 2026-08-26 10:09:13 
                     istep=         225 iiter=           2
                     conver_load check
 resid=  5.669337685613126E-018 retot=   1858888262.31714     
 ratio1=  5.522548267950260E-014 ratio2=  3.108473715021636E-014
 nchek0=           0 toler_force=  1.000000000000000E-005
 nchek=           0
                    conver_nodal_value check
               Convergence check for displacement
 ratio1=  1.364822686656049E-015 ratio2=  1.428730579157937E-015
 nchek=           0
 ***********RESTART FILE IS UPDATED!*******
 time: 10:09:12
 iblks=           1 iincs=           1 istep=         226
 outinp=           0
 iiter=           1
Begin forming various matrix       at 2026-08-26 10:09:13 
 ktsmat=           0
Begin assemble golbal matrix       at 2026-08-26 10:09:13 
 ntelgroup=           0
Begin factorize global matrix      at 2026-08-26 10:09:13 
Begin solution global equation     at 2026-08-26 10:09:13 
                     istep=         226 iiter=           1
                     conver_load check
 resid=  1.395257090039291E-018 retot=   2445161837.75635     
 ratio1=  2.388764380354042E-014 ratio2=  1.254759982634127E-014
 nchek0=           0 toler_force=  1.000000000000000E-005
 nchek=           0
                    conver_nodal_value check
               Convergence check for displacement
 ratio1=  8.118049565087054E-003 ratio2=  8.681423551144913E-003
                            not converged for checki=           1
 iiter=           2
Begin forming various matrix       at 2026-08-26 10:09:13 
 ktsmat=           0
 ntelgroup=           0
Begin solution global equation     at 2026-08-26 10:09:13 
                     istep=         226 iiter=           2
                     conver_load check
 resid=  1.195409930988217E-018 retot=   2445161837.75635     
 ratio1=  2.211080860223601E-014 ratio2=  1.708629819083680E-014
 nchek0=           0 toler_force=  1.000000000000000E-005
 nchek=           0
                    conver_nodal_value check
               Convergence check for displacement
 ratio1=  6.711909893226305E-016 ratio2=  6.602856656174768E-016
 nchek=           0
 ***********RESTART FILE IS UPDATED!*******
 time: 10:09:12
 iblks=           1 iincs=           1 istep=         227
 outinp=           0
 iiter=           1
Begin forming various matrix       at 2026-08-26 10:09:13 
 ktsmat=           0
Begin assemble golbal matrix       at 2026-08-26 10:09:13 
 ntelgroup=           0
Begin factorize global matrix      at 2026-08-26 10:09:13 
Begin solution global equation     at 2026-08-26 10:09:13 
                     istep=         227 iiter=           1
                     conver_load check
 resid=  5.051258192160485E-019 retot=   1944187828.76684     
 ratio1=  1.611872455499320E-014 ratio2=  9.486060029861008E-015
 nchek0=           0 toler_force=  1.000000000000000E-005
 nchek=           0
                    conver_nodal_value check
               Convergence check for displacement
 ratio1=  7.412743017938210E-003 ratio2=  6.698341041063336E-003
                            not converged for checki=           1
 iiter=           2
Begin forming various matrix       at 2026-08-26 10:09:13 
 ktsmat=           0
 ntelgroup=           0
Begin solution global equation     at 2026-08-26 10:09:13 
                     istep=         227 iiter=           2
                     conver_load check
 resid=  5.009179448167151E-019 retot=   1944187828.76685     
 ratio1=  1.605144684921415E-014 ratio2=  1.043250888446055E-014
 nchek0=           0 toler_force=  1.000000000000000E-005
 nchek=           0
                    conver_nodal_value check
               Convergence check for displacement
 ratio1=  8.651833887041222E-016 ratio2=  1.286771897520747E-015
 nchek=           0
 ***********RESTART FILE IS UPDATED!*******
 time: 10:09:12
 iblks=           1 iincs=           1 istep=         228
 outinp=           0
 iiter=           1
Begin forming various matrix       at 2026-08-26 10:09:13 
 ktsmat=           0
Begin assemble golbal matrix       at 2026-08-26 10:09:13 
 ntelgroup=           0
Begin factorize global matrix      at 2026-08-26 10:09:13 
Begin solution global equation     at 2026-08-26 10:09:13 
                     istep=         228 iiter=           1
                     conver_load check
 resid=  5.631564655830803E-018 retot=   827700464.900163     
 ratio1=  8.248556200037780E-014 ratio2=  5.739989077370807E-014
 nchek0=           0 toler_force=  1.000000000000000E-005
 nchek=           0
                    conver_nodal_value check
               Convergence check for displacement
 ratio1=  3.005483311334828E-002 ratio2=  2.878212369331141E-002
                            not converged for checki=           1
 iiter=           2
Begin forming various matrix       at 2026-08-26 10:09:13 
 ktsmat=           0
 ntelgroup=           0
Begin solution global equation     at 2026-08-26 10:09:13 
                     istep=         228 iiter=           2
                     conver_load check
 resid=  5.450591306216409E-018 retot=   827700464.900168     
 ratio1=  8.114938073932977E-014 ratio2=  5.010195626573546E-014
 nchek0=           0 toler_force=  1.000000000000000E-005
 nchek=           0
                    conver_nodal_value check
               Convergence check for displacement
 ratio1=  2.302697946441255E-015 ratio2=  2.292481154163623E-015
 nchek=           0
 ***********RESTART FILE IS UPDATED!*******
 time: 10:09:12
 iblks=           1 iincs=           1 istep=         229
 outinp=           0
 iiter=           1
Begin forming various matrix       at 2026-08-26 10:09:13 
 ktsmat=           0
Begin assemble golbal matrix       at 2026-08-26 10:09:13 
 ntelgroup=           0
Begin factorize global matrix      at 2026-08-26 10:09:13 
Begin solution global equation     at 2026-08-26 10:09:13 
                     istep=         229 iiter=           1
                     conver_load check
 resid=  8.337494982591921E-018 retot=   55356894.4568365     
 ratio1=  3.880895366102040E-013 ratio2=  2.486506533349818E-013
 nchek0=           0 toler_force=  1.000000000000000E-005
 nchek=           0
                    conver_nodal_value check
               Convergence check for displacement
 ratio1=  0.116325623471339      ratio2=  0.107980810798215     
                            not converged for checki=           1
 iiter=           2
Begin forming various matrix       at 2026-08-26 10:09:13 
 ktsmat=           0
 ntelgroup=           0
Begin solution global equation     at 2026-08-26 10:09:13 
                     istep=         229 iiter=           2
                     conver_load check
 resid=  5.514435867169900E-018 retot=   55356894.4568373     
 ratio1=  3.156201239866077E-013 ratio2=  2.021744528395577E-013
 nchek0=           0 toler_force=  1.000000000000000E-005
 nchek=           0
                    conver_nodal_value check
               Convergence check for displacement
 ratio1=  6.178425748309561E-015 ratio2=  1.046904670919217E-014
 nchek=           0
 ***********RESTART FILE IS UPDATED!*******
 time: 10:09:12
 iblks=           1 iincs=           1 istep=         230
 outinp=           0
 iiter=           1
Begin forming various matrix       at 2026-08-26 10:09:13 
 ktsmat=           0
Begin assemble golbal matrix       at 2026-08-26 10:09:13 
 ntelgroup=           0
Begin factorize global matrix      at 2026-08-26 10:09:13 
Begin solution global equation     at 2026-08-26 10:09:13 
                     istep=         230 iiter=           1
                     conver_load check
 resid=  7.270943293791331E-018 retot=   217529999.251222     
 ratio1=  1.828250915699698E-013 ratio2=  1.039512097212223E-013
 nchek0=           0 toler_force=  1.000000000000000E-005
 nchek=           0
                    conver_nodal_value check
               Convergence check for displacement
 ratio1=  0.127065389530798      ratio2=  0.138761611826005     
                            not converged for checki=           1
 iiter=           2
Begin forming various matrix       at 2026-08-26 10:09:13 
 ktsmat=           0
 ntelgroup=           0
Begin solution global equation     at 2026-08-26 10:09:13 
                     istep=         230 iiter=           2
                     conver_load check
 resid=  7.734775990529012E-018 retot=   217529999.251219     
 ratio1=  1.885663918401972E-013 ratio2=  1.390009655513314E-013
 nchek0=           0 toler_force=  1.000000000000000E-005
 nchek=           0
                    conver_nodal_value check
               Convergence check for displacement
 ratio1=  1.611038484252619E-014 ratio2=  1.942731204274379E-014
 nchek=           0
 ***********RESTART FILE IS UPDATED!*******
 time: 10:09:12
 iblks=           1 iincs=           1 istep=         231
 outinp=           0
 iiter=           1
Begin forming various matrix       at 2026-08-26 10:09:13 
 ktsmat=           0
Begin assemble golbal matrix       at 2026-08-26 10:09:13 
 ntelgroup=           0
Begin factorize global matrix      at 2026-08-26 10:09:13 
Begin solution global equation     at 2026-08-26 10:09:13 
                     istep=         231 iiter=           1
                     conver_load check
 resid=  5.638139103179899E-018 retot=   1062400825.30756     
 ratio1=  7.284901660258746E-014 ratio2=  4.345589398407886E-014
 nchek0=           0 toler_force=  1.000000000000000E-005
 nchek=           0
                    conver_nodal_value check
               Convergence check for displacement
 ratio1=  3.754270531399820E-002 ratio2=  3.889435245891729E-002
                            not converged for checki=           1
 iiter=           2
Begin forming various matrix       at 2026-08-26 10:09:13 
 ktsmat=           0
 ntelgroup=           0
Begin solution global equation     at 2026-08-26 10:09:13 
                     istep=         231 iiter=           2
                     conver_load check
 resid=  3.590287248501157E-018 retot=   1062400825.30756     
 ratio1=  5.813268717344455E-014 ratio2=  4.291059625525909E-014
 nchek0=           0 toler_force=  1.000000000000000E-005
 nchek=           0
                    conver_nodal_value check
               Convergence check for displacement
 ratio1=  2.294509427352265E-015 ratio2=  2.338743095642444E-015
 nchek=           0
 ***********RESTART FILE IS UPDATED!*******
 time: 10:09:12
 iblks=           1 iincs=           1 istep=         232
 outinp=           0
 iiter=           1
Begin forming various matrix       at 2026-08-26 10:09:13 
 ktsmat=           0
Begin assemble golbal matrix       at 2026-08-26 10:09:13 
 ntelgroup=           0
Begin factorize global matrix      at 2026-08-26 10:09:13 
Begin solution global equation     at 2026-08-26 10:09:13 
                     istep=         232 iiter=           1
                     conver_load check
 resid=  1.350372963704514E-018 retot=   1778730321.42313     
 ratio1=  2.755318529856398E-014 ratio2=  1.678752629711364E-014
 nchek0=           0 toler_force=  1.000000000000000E-005
 nchek=           0
                    conver_nodal_value check
               Convergence check for displacement
 ratio1=  1.462179917746788E-002 ratio2=  1.526561174450631E-002
                            not converged for checki=           1
 iiter=           2
Begin forming various matrix       at 2026-08-26 10:09:13 
 ktsmat=           0
 ntelgroup=           0
Begin solution global equation     at 2026-08-26 10:09:13 
                     istep=         232 iiter=           2
                     conver_load check
 resid=  1.236259989109656E-018 retot=   1778730321.42312     
 ratio1=  2.636330491546856E-014 ratio2=  1.480596917307394E-014
 nchek0=           0 toler_force=  1.000000000000000E-005
 nchek=           0
                    conver_nodal_value check
               Convergence check for displacement
 ratio1=  1.126839146662601E-015 ratio2=  1.121890305212085E-015
 nchek=           0
 ***********RESTART FILE IS UPDATED!*******
 time: 10:09:12
 iblks=           1 iincs=           1 istep=         233
 outinp=           0
 iiter=           1
Begin forming various matrix       at 2026-08-26 10:09:13 
 ktsmat=           0
Begin assemble golbal matrix       at 2026-08-26 10:09:13 
 ntelgroup=           0
Begin factorize global matrix      at 2026-08-26 10:09:13 
Begin solution global equation     at 2026-08-26 10:09:13 
                     istep=         233 iiter=           1
                     conver_load check
 resid=  7.789272146380287E-020 retot=   1731950360.04913     
 ratio1=  6.706265122991818E-015 ratio2=  4.221629126365678E-015
 nchek0=           0 toler_force=  1.000000000000000E-005
 nchek=           0
                    conver_nodal_value check
               Convergence check for displacement
 ratio1=  1.147780410363585E-003 ratio2=  7.932338424901072E-004
                            not converged for checki=           1
 iiter=           2
Begin forming various matrix       at 2026-08-26 10:09:13 
 ktsmat=           0
 ntelgroup=           0
Begin solution global equation     at 2026-08-26 10:09:13 
                     istep=         233 iiter=           2
                     conver_load check
 resid=  1.089550454416487E-019 retot=   1731950360.04913     
 ratio1=  7.931511401675433E-015 ratio2=  5.561658686537615E-015
 nchek0=           0 toler_force=  1.000000000000000E-005
 nchek=           0
                    conver_nodal_value check
               Convergence check for displacement
 ratio1=  1.240949239860535E-016 ratio2=  1.071637040552240E-016
 nchek=           0
 ***********RESTART FILE IS UPDATED!*******
 time: 10:09:12
 iblks=           1 iincs=           1 istep=         234
 outinp=           0
 iiter=           1
Begin forming various matrix       at 2026-08-26 10:09:13 
 ktsmat=           0
Begin assemble golbal matrix       at 2026-08-26 10:09:13 
 ntelgroup=           0
Begin factorize global matrix      at 2026-08-26 10:09:13 
Begin solution global equation     at 2026-08-26 10:09:13 
                     istep=         234 iiter=           1
                     conver_load check
 resid=  1.967036417674606E-018 retot=   990149088.572980     
 ratio1=  4.457136188608117E-014 ratio2=  2.681827161402128E-014
 nchek0=           0 toler_force=  1.000000000000000E-005
 nchek=           0
                    conver_nodal_value check
               Convergence check for displacement
 ratio1=  1.891161076000478E-002 ratio2=  1.803897189206427E-002
                            not converged for checki=           1
 iiter=           2
Begin forming various matrix       at 2026-08-26 10:09:13 
 ktsmat=           0
 ntelgroup=           0
Begin solution global equation     at 2026-08-26 10:09:13 
                     istep=         234 iiter=           2
                     conver_load check
 resid=  1.429066781999586E-018 retot=   990149088.572982     
 ratio1=  3.799058369219104E-014 ratio2=  3.125694935340179E-014
 nchek0=           0 toler_force=  1.000000000000000E-005
 nchek=           0
                    conver_nodal_value check
               Convergence check for displacement
 ratio1=  1.526903819865710E-015 ratio2=  1.724174004278214E-015
 nchek=           0
 ***********RESTART FILE IS UPDATED!*******
 time: 10:09:12
 iblks=           1 iincs=           1 istep=         235
 outinp=           0
 iiter=           1
Begin forming various matrix       at 2026-08-26 10:09:13 
 ktsmat=           0
Begin assemble golbal matrix       at 2026-08-26 10:09:13 
 ntelgroup=           0
Begin factorize global matrix      at 2026-08-26 10:09:13 
Begin solution global equation     at 2026-08-26 10:09:13 
                     istep=         235 iiter=           1
                     conver_load check
 resid=  5.264166097931974E-018 retot=   209272541.328371     
 ratio1=  1.586020030267575E-013 ratio2=  1.025558470285522E-013
 nchek0=           0 toler_force=  1.000000000000000E-005
 nchek=           0
                    conver_nodal_value check
               Convergence check for displacement
 ratio1=  5.992055275435128E-002 ratio2=  5.705040846467578E-002
                            not converged for checki=           1
 iiter=           2
Begin forming various matrix       at 2026-08-26 10:09:13 
 ktsmat=           0
 ntelgroup=           0
Begin solution global equation     at 2026-08-26 10:09:13 
                     istep=         235 iiter=           2
                     conver_load check
 resid=  5.838664628910764E-018 retot=   209272541.328372     
 ratio1=  1.670323691088917E-013 ratio2=  1.325238315797449E-013
 nchek0=           0 toler_force=  1.000000000000000E-005
 nchek=           0
                    conver_nodal_value check
               Convergence check for displacement
 ratio1=  2.122319408622846E-015 ratio2=  1.991912496237040E-015
 nchek=           0
 ***********RESTART FILE IS UPDATED!*******
 time: 10:09:12
 iblks=           1 iincs=           1 istep=         236
 outinp=           0
 iiter=           1
Begin forming various matrix       at 2026-08-26 10:09:13 
 ktsmat=           0
Begin assemble golbal matrix       at 2026-08-26 10:09:13 
 ntelgroup=           0
Begin factorize global matrix      at 2026-08-26 10:09:13 
Begin solution global equation     at 2026-08-26 10:09:13 
                     istep=         236 iiter=           1
                     conver_load check
 resid=  7.877616180912525E-018 retot=   26980812.0499410     
 ratio1=  5.403434609699359E-013 ratio2=  3.560173896520362E-013
 nchek0=           0 toler_force=  1.000000000000000E-005
 nchek=           0
                    conver_nodal_value check
               Convergence check for displacement
 ratio1=  0.636369970926993      ratio2=  0.963897747402211     
                            not converged for checki=           1
 iiter=           2
Begin forming various matrix       at 2026-08-26 10:09:13 
 ktsmat=           0
 ntelgroup=           0
Begin solution global equation     at 2026-08-26 10:09:13 
                     istep=         236 iiter=           2
                     conver_load check
 resid=  4.487893959274429E-018 retot=   26980812.0499399     
 ratio1=  4.078437253278882E-013 ratio2=  3.259524996487980E-013
 nchek0=           0 toler_force=  1.000000000000000E-005
 nchek=           0
                    conver_nodal_value check
               Convergence check for displacement
 ratio1=  5.097399676186596E-014 ratio2=  8.019830632215858E-014
 nchek=           0
 ***********RESTART FILE IS UPDATED!*******
 time: 10:09:12
 iblks=           1 iincs=           1 istep=         237
 outinp=           0
 iiter=           1
Begin forming various matrix       at 2026-08-26 10:09:13 
 ktsmat=           0
Begin assemble golbal matrix       at 2026-08-26 10:09:13 
 ntelgroup=           0
Begin factorize global matrix      at 2026-08-26 10:09:13 
Begin solution global equation     at 2026-08-26 10:09:13 
                     istep=         237 iiter=           1
                     conver_load check
 resid=  5.569372590350137E-018 retot=   520846334.725744     
 ratio1=  1.034066170483852E-013 ratio2=  7.340735986923566E-014
 nchek0=           0 toler_force=  1.000000000000000E-005
 nchek=           0
                    conver_nodal_value check
               Convergence check for displacement
 ratio1=  5.542213585634746E-002 ratio2=  5.777306509553761E-002
                            not converged for checki=           1
 iiter=           2
Begin forming various matrix       at 2026-08-26 10:09:13 
 ktsmat=           0
 ntelgroup=           0
Begin solution global equation     at 2026-08-26 10:09:13 
                     istep=         237 iiter=           2
                     conver_load check
 resid=  4.683583071644559E-018 retot=   520846334.725740     
 ratio1=  9.482750142670637E-014 ratio2=  7.068663464394796E-014
 nchek0=           0 toler_force=  1.000000000000000E-005
 nchek=           0
                    conver_nodal_value check
               Convergence check for displacement
 ratio1=  7.317308775063743E-015 ratio2=  9.610648278898403E-015
 nchek=           0
 ***********RESTART FILE IS UPDATED!*******
 time: 10:09:12
 iblks=           1 iincs=           1 istep=         238
 outinp=           0
 iiter=           1
Begin forming various matrix       at 2026-08-26 10:09:13 
 ktsmat=           0
Begin assemble golbal matrix       at 2026-08-26 10:09:13 
 ntelgroup=           0
Begin factorize global matrix      at 2026-08-26 10:09:13 
Begin solution global equation     at 2026-08-26 10:09:13 
                     istep=         238 iiter=           1
                     conver_load check
 resid=  3.224125748502907E-018 retot=   1187298981.58434     
 ratio1=  5.211058376476632E-014 ratio2=  3.389829181759547E-014
 nchek0=           0 toler_force=  1.000000000000000E-005
 nchek=           0
                    conver_nodal_value check
               Convergence check for displacement
 ratio1=  2.219892214720619E-002 ratio2=  2.298864918123567E-002
                            not converged for checki=           1
 iiter=           2
Begin forming various matrix       at 2026-08-26 10:09:13 
 ktsmat=           0
 ntelgroup=           0
Begin solution global equation     at 2026-08-26 10:09:13 
                     istep=         238 iiter=           2
                     conver_load check
 resid=  2.332029862376717E-018 retot=   1187298981.58434     
 ratio1=  4.431869931700303E-014 ratio2=  3.750945599001893E-014
 nchek0=           0 toler_force=  1.000000000000000E-005
 nchek=           0
                    conver_nodal_value check
               Convergence check for displacement
 ratio1=  1.980023461011824E-015 ratio2=  2.031881498135526E-015
 nchek=           0
 ***********RESTART FILE IS UPDATED!*******
 time: 10:09:12
 iblks=           1 iincs=           1 istep=         239
 outinp=           0
 iiter=           1
Begin forming various matrix       at 2026-08-26 10:09:13 
 ktsmat=           0
Begin assemble golbal matrix       at 2026-08-26 10:09:13 
 ntelgroup=           0
Begin factorize global matrix      at 2026-08-26 10:09:13 
Begin solution global equation     at 2026-08-26 10:09:13 
                     istep=         239 iiter=           1
                     conver_load check
 resid=  1.969662445180450E-019 retot=   1417503902.49279     
 ratio1=  1.178782746610611E-014 ratio2=  9.601951424339130E-015
 nchek0=           0 toler_force=  1.000000000000000E-005
 nchek=           0
                    conver_nodal_value check
               Convergence check for displacement
 ratio1=  5.351769963818824E-003 ratio2=  5.881438283803027E-003
                            not converged for checki=           1
 iiter=           2
Begin forming various matrix       at 2026-08-26 10:09:13 
 ktsmat=           0
 ntelgroup=           0
Begin solution global equation     at 2026-08-26 10:09:13 
                     istep=         239 iiter=           2
                     conver_load check
 resid=  2.046383365024207E-019 retot=   1417503902.49279     
 ratio1=  1.201521002899693E-014 ratio2=  9.534793860686634E-015
 nchek0=           0 toler_force=  1.000000000000000E-005
 nchek=           0
                    conver_nodal_value check
               Convergence check for displacement
 ratio1=  3.785044240409089E-016 ratio2=  3.878995212878478E-016
 nchek=           0
 ***********RESTART FILE IS UPDATED!*******
 time: 10:09:12
 iblks=           1 iincs=           1 istep=         240
 outinp=           0
 iiter=           1
Begin forming various matrix       at 2026-08-26 10:09:13 
 ktsmat=           0
Begin assemble golbal matrix       at 2026-08-26 10:09:13 
 ntelgroup=           0
Begin factorize global matrix      at 2026-08-26 10:09:13 
Begin solution global equation     at 2026-08-26 10:09:13 
                     istep=         240 iiter=           1
                     conver_load check
 resid=  3.687350425999434E-019 retot=   1024628729.68776     
 ratio1=  1.897028876790808E-014 ratio2=  9.656354431193483E-015
 nchek0=           0 toler_force=  1.000000000000000E-005
 nchek=           0
                    conver_nodal_value check
               Convergence check for displacement
 ratio1=  1.061086118666768E-002 ratio2=  9.868737597214084E-003
                            not converged for checki=           1
 iiter=           2
Begin forming various matrix       at 2026-08-26 10:09:13 
 ktsmat=           0
 ntelgroup=           0
Begin solution global equation     at 2026-08-26 10:09:13 
                     istep=         240 iiter=           2
                     conver_load check
 resid=  5.552733032314033E-019 retot=   1024628729.68776     
 ratio1=  2.327931153945971E-014 ratio2=  1.400491754315415E-014
 nchek0=           0 toler_force=  1.000000000000000E-005
 nchek=           0
                    conver_nodal_value check
               Convergence check for displacement
 ratio1=  7.757592995955241E-016 ratio2=  7.536028151206262E-016
 nchek=           0
 ***********RESTART FILE IS UPDATED!*******
 time: 10:09:12
 iblks=           1 iincs=           1 istep=         241
 outinp=           0
 iiter=           1
Begin forming various matrix       at 2026-08-26 10:09:13 
 ktsmat=           0
Begin assemble golbal matrix       at 2026-08-26 10:09:13 
 ntelgroup=           0
Begin factorize global matrix      at 2026-08-26 10:09:13 
Begin solution global equation     at 2026-08-26 10:09:13 
                     istep=         241 iiter=           1
                     conver_load check
 resid=  2.960707867500145E-018 retot=   368890749.863053     
 ratio1=  8.958780505152705E-014 ratio2=  6.271474434949438E-014
 nchek0=           0 toler_force=  1.000000000000000E-005
 nchek=           0
                    conver_nodal_value check
               Convergence check for displacement
 ratio1=  3.679303534932361E-002 ratio2=  3.523873034504405E-002
                            not converged for checki=           1
 iiter=           2
Begin forming various matrix       at 2026-08-26 10:09:13 
 ktsmat=           0
 ntelgroup=           0
Begin solution global equation     at 2026-08-26 10:09:13 
                     istep=         241 iiter=           2
                     conver_load check
 resid=  2.165165695124386E-018 retot=   368890749.863055     
 ratio1=  7.661197991934743E-014 ratio2=  6.140532071787195E-014
 nchek0=           0 toler_force=  1.000000000000000E-005
 nchek=           0
                    conver_nodal_value check
               Convergence check for displacement
 ratio1=  2.039506418898098E-015 ratio2=  2.825684508592210E-015
 nchek=           0
 ***********RESTART FILE IS UPDATED!*******
 time: 10:09:12
 iblks=           1 iincs=           1 istep=         242
 outinp=           0
 iiter=           1
Begin forming various matrix       at 2026-08-26 10:09:13 
 ktsmat=           0
Begin assemble golbal matrix       at 2026-08-26 10:09:13 
 ntelgroup=           0
Begin factorize global matrix      at 2026-08-26 10:09:13 
Begin solution global equation     at 2026-08-26 10:09:13 
                     istep=         242 iiter=           1
                     conver_load check
 resid=  3.973419807685936E-018 retot=   6304642.09363232     
 ratio1=  7.938747839892342E-013 ratio2=  4.408436725960071E-013
 nchek0=           0 toler_force=  1.000000000000000E-005
 nchek=           0
                    conver_nodal_value check
               Convergence check for displacement
 ratio1=  0.185166142202762      ratio2=  0.166675895189958     
                            not converged for checki=           1
 iiter=           2
Begin forming various matrix       at 2026-08-26 10:09:13 
 ktsmat=           0
 ntelgroup=           0
Begin solution global equation     at 2026-08-26 10:09:13 
                     istep=         242 iiter=           2
                     conver_load check
 resid=  5.346103986219026E-018 retot=   6304642.09363276     
 ratio1=  9.208491303979555E-013 ratio2=  6.128253456554686E-013
 nchek0=           0 toler_force=  1.000000000000000E-005
 nchek=           0
                    conver_nodal_value check
               Convergence check for displacement
 ratio1=  2.669650837075860E-014 ratio2=  3.183490481038325E-014
 nchek=           0
 ***********RESTART FILE IS UPDATED!*******
 time: 10:09:12
 iblks=           1 iincs=           1 istep=         243
 outinp=           0
 iiter=           1
Begin forming various matrix       at 2026-08-26 10:09:13 
 ktsmat=           0
Begin assemble golbal matrix       at 2026-08-26 10:09:13 
 ntelgroup=           0
Begin factorize global matrix      at 2026-08-26 10:09:13 
Begin solution global equation     at 2026-08-26 10:09:13 
                     istep=         243 iiter=           1
                     conver_load check
 resid=  5.245015944942505E-018 retot=   199092979.356353     
 ratio1=  1.623100582246214E-013 ratio2=  1.291465201281636E-013
 nchek0=           0 toler_force=  1.000000000000000E-005
 nchek=           0
                    conver_nodal_value check
               Convergence check for displacement
 ratio1=  9.214150369646076E-002 ratio2=  9.820800154746884E-002
                            not converged for checki=           1
 iiter=           2
Begin forming various matrix       at 2026-08-26 10:09:13 
 ktsmat=           0
 ntelgroup=           0
Begin solution global equation     at 2026-08-26 10:09:13 
                     istep=         243 iiter=           2
                     conver_load check
 resid=  5.433095465071375E-018 retot=   199092979.356351     
 ratio1=  1.651945423769600E-013 ratio2=  1.117727689130116E-013
 nchek0=           0 toler_force=  1.000000000000000E-005
 nchek=           0
                    conver_nodal_value check
               Convergence check for displacement
 ratio1=  6.836234989929906E-015 ratio2=  7.256233411343717E-015
 nchek=           0
 ***********RESTART FILE IS UPDATED!*******
 time: 10:09:12
 iblks=           1 iincs=           1 istep=         244
 outinp=           0
 iiter=           1
Begin forming various matrix       at 2026-08-26 10:09:13 
 ktsmat=           0
Begin assemble golbal matrix       at 2026-08-26 10:09:13 
 ntelgroup=           0
Begin factorize global matrix      at 2026-08-26 10:09:13 
Begin solution global equation     at 2026-08-26 10:09:13 
                     istep=         244 iiter=           1
                     conver_load check
 resid=  2.785298340334918E-018 retot=   716122004.663020     
 ratio1=  6.236520450858837E-014 ratio2=  3.774870820332997E-014
 nchek0=           0 toler_force=  1.000000000000000E-005
 nchek=           0
                    conver_nodal_value check
               Convergence check for displacement
 ratio1=  3.193156497031741E-002 ratio2=  3.304416487254948E-002
                            not converged for checki=           1
 iiter=           2
Begin forming various matrix       at 2026-08-26 10:09:13 
 ktsmat=           0
 ntelgroup=           0
Begin solution global equation     at 2026-08-26 10:09:13 
                     istep=         244 iiter=           2
                     conver_load check
 resid=  3.121210034226031E-018 retot=   716122004.663017     
 ratio1=  6.601885499907076E-014 ratio2=  5.705439988253342E-014
 nchek0=           0 toler_force=  1.000000000000000E-005
 nchek=           0
                    conver_nodal_value check
               Convergence check for displacement
 ratio1=  3.594265336678836E-015 ratio2=  4.286107884344973E-015
 nchek=           0
 ***********RESTART FILE IS UPDATED!*******
 time: 10:09:12
 iblks=           1 iincs=           1 istep=         245
 outinp=           0
 iiter=           1
Begin forming various matrix       at 2026-08-26 10:09:13 
 ktsmat=           0
Begin assemble golbal matrix       at 2026-08-26 10:09:13 
 ntelgroup=           0
Begin factorize global matrix      at 2026-08-26 10:09:13 
Begin solution global equation     at 2026-08-26 10:09:13 
                     istep=         245 iiter=           1
                     conver_load check
 resid=  6.401815278454029E-019 retot=   1069733630.52879     
 ratio1=  2.446322696167999E-014 ratio2=  1.512055030455696E-014
 nchek0=           0 toler_force=  1.000000000000000E-005
 nchek=           0
                    conver_nodal_value check
               Convergence check for displacement
 ratio1=  1.160527676002595E-002 ratio2=  1.220589043183074E-002
                            not converged for checki=           1
 iiter=           2
Begin forming various matrix       at 2026-08-26 10:09:13 
 ktsmat=           0
 ntelgroup=           0
Begin solution global equation     at 2026-08-26 10:09:13 
                     istep=         245 iiter=           2
                     conver_load check
 resid=  9.029495725509224E-019 retot=   1069733630.52879     
 ratio1=  2.905319664699913E-014 ratio2=  2.276448498462108E-014
 nchek0=           0 toler_force=  1.000000000000000E-005
 nchek=           0
                    conver_nodal_value check
               Convergence check for displacement
 ratio1=  1.909272803743667E-015 ratio2=  2.556082909077695E-015
 nchek=           0
 ***********RESTART FILE IS UPDATED!*******
 time: 10:09:12
 iblks=           1 iincs=           1 istep=         246
 outinp=           0
 iiter=           1
Begin forming various matrix       at 2026-08-26 10:09:13 
 ktsmat=           0
Begin assemble golbal matrix       at 2026-08-26 10:09:13 
 ntelgroup=           0
Begin factorize global matrix      at 2026-08-26 10:09:13 
Begin solution global equation     at 2026-08-26 10:09:13 
                     istep=         246 iiter=           1
                     conver_load check
 resid=  1.086116078919630E-019 retot=   951799164.836110     
 ratio1=  1.068231700572193E-014 ratio2=  8.182223357907207E-015
 nchek0=           0 toler_force=  1.000000000000000E-005
 nchek=           0
                    conver_nodal_value check
               Convergence check for displacement
 ratio1=  3.801215985285941E-003 ratio2=  3.125767883890610E-003
                            not converged for checki=           1
 iiter=           2
Begin forming various matrix       at 2026-08-26 10:09:13 
 ktsmat=           0
 ntelgroup=           0
Begin solution global equation     at 2026-08-26 10:09:13 
                     istep=         246 iiter=           2
                     conver_load check
 resid=  1.873180317456944E-019 retot=   951799164.836110     
 ratio1=  1.402869047524839E-014 ratio2=  1.220971265919565E-014
 nchek0=           0 toler_force=  1.000000000000000E-005
 nchek=           0
                    conver_nodal_value check
               Convergence check for displacement
 ratio1=  5.307771133263542E-016 ratio2=  9.571728926466832E-016
 nchek=           0
 ***********RESTART FILE IS UPDATED!*******
 time: 10:09:12
 iblks=           1 iincs=           1 istep=         247
 outinp=           0
 iiter=           1
Begin forming various matrix       at 2026-08-26 10:09:13 
 ktsmat=           0
Begin assemble golbal matrix       at 2026-08-26 10:09:13 
 ntelgroup=           0
Begin factorize global matrix      at 2026-08-26 10:09:13 
Begin solution global equation     at 2026-08-26 10:09:13 
                     istep=         247 iiter=           1
                     conver_load check
 resid=  1.475770473551770E-018 retot=   481560121.251574     
 ratio1=  5.535847922222664E-014 ratio2=  3.465092431001796E-014
 nchek0=           0 toler_force=  1.000000000000000E-005
 nchek=           0
                    conver_nodal_value check
               Convergence check for displacement
 ratio1=  2.343689294729344E-002 ratio2=  2.243154559037582E-002
                            not converged for checki=           1
 iiter=           2
Begin forming various matrix       at 2026-08-26 10:09:13 
 ktsmat=           0
 ntelgroup=           0
Begin solution global equation     at 2026-08-26 10:09:13 
                     istep=         247 iiter=           2
                     conver_load check
 resid=  1.577310229106515E-018 retot=   481560121.251576     
 ratio1=  5.723125933015819E-014 ratio2=  4.299522244473910E-014
 nchek0=           0 toler_force=  1.000000000000000E-005
 nchek=           0
                    conver_nodal_value check
               Convergence check for displacement
 ratio1=  2.912038665738654E-015 ratio2=  3.451341297925556E-015
 nchek=           0
 ***********RESTART FILE IS UPDATED!*******
 time: 10:09:12
 iblks=           1 iincs=           1 istep=         248
 outinp=           0
 iiter=           1
Begin forming various matrix       at 2026-08-26 10:09:13 
 ktsmat=           0
Begin assemble golbal matrix       at 2026-08-26 10:09:13 
 ntelgroup=           0
Begin factorize global matrix      at 2026-08-26 10:09:13 
Begin solution global equation     at 2026-08-26 10:09:13 
                     istep=         248 iiter=           1
                     conver_load check
 resid=  2.913480694615739E-018 retot=   69503629.5227264     
 ratio1=  2.047398261575199E-013 ratio2=  1.049235963891347E-013
 nchek0=           0 toler_force=  1.000000000000000E-005
 nchek=           0
                    conver_nodal_value check
               Convergence check for displacement
 ratio1=  7.784524716103412E-002 ratio2=  7.355771064673874E-002
                            not converged for checki=           1
 iiter=           2
Begin forming various matrix       at 2026-08-26 10:09:13 
 ktsmat=           0
 ntelgroup=           0
Begin solution global equation     at 2026-08-26 10:09:13 
                     istep=         248 iiter=           2
                     conver_load check
 resid=  2.052446507706517E-018 retot=   69503629.5227272     
 ratio1=  1.718431327365050E-013 ratio2=  1.243018913614242E-013
 nchek0=           0 toler_force=  1.000000000000000E-005
 nchek=           0
                    conver_nodal_value check
               Convergence check for displacement
 ratio1=  3.950513368871461E-015 ratio2=  4.667526073888329E-015
 nchek=           0
 ***********RESTART FILE IS UPDATED!*******
 time: 10:09:12
 iblks=           1 iincs=           1 istep=         249
 outinp=           0
 iiter=           1
Begin forming various matrix       at 2026-08-26 10:09:13 
 ktsmat=           0
Begin assemble golbal matrix       at 2026-08-26 10:09:13 
 ntelgroup=           0
Begin factorize global matrix      at 2026-08-26 10:09:13 
Begin solution global equation     at 2026-08-26 10:09:13 
                     istep=         249 iiter=           1
                     conver_load check
 resid=  5.474444249233293E-018 retot=   44192318.2072142     
 ratio1=  3.519626886693336E-013 ratio2=  2.439098072577309E-013
 nchek0=           0 toler_force=  1.000000000000000E-005
 nchek=           0
                    conver_nodal_value check
               Convergence check for displacement
 ratio1=  0.230945121967479      ratio2=  0.274337764840184     
                            not converged for checki=           1
 iiter=           2
Begin forming various matrix       at 2026-08-26 10:09:13 
 ktsmat=           0
 ntelgroup=           0
Begin solution global equation     at 2026-08-26 10:09:13 
                     istep=         249 iiter=           2
                     conver_load check
 resid=  2.729975449271867E-018 retot=   44192318.2072136     
 ratio1=  2.485455424617755E-013 ratio2=  1.463210057991532E-013
 nchek0=           0 toler_force=  1.000000000000000E-005
 nchek=           0
                    conver_nodal_value check
               Convergence check for displacement
 ratio1=  1.388318765040643E-014 ratio2=  1.681992625055804E-014
 nchek=           0
 ***********RESTART FILE IS UPDATED!*******
 time: 10:09:12
 iblks=           1 iincs=           1 istep=         250
 outinp=           0
 iiter=           1
Begin forming various matrix       at 2026-08-26 10:09:13 
 ktsmat=           0
Begin assemble golbal matrix       at 2026-08-26 10:09:13 
 ntelgroup=           0
Begin factorize global matrix      at 2026-08-26 10:09:13 
Begin solution global equation     at 2026-08-26 10:09:13 
                     istep=         250 iiter=           1
                     conver_load check
 resid=  2.508922162353246E-018 retot=   378947010.241972     
 ratio1=  8.136813304507682E-014 ratio2=  5.073297152968024E-014
 nchek0=           0 toler_force=  1.000000000000000E-005
 nchek=           0
                    conver_nodal_value check
               Convergence check for displacement
 ratio1=  4.614519560547369E-002 ratio2=  4.790787970347327E-002
                            not converged for checki=           1
 iiter=           2
Begin forming various matrix       at 2026-08-26 10:09:13 
 ktsmat=           0
 ntelgroup=           0
Begin solution global equation     at 2026-08-26 10:09:13 
                     istep=         250 iiter=           2
                     conver_load check
 resid=  1.515277960378174E-018 retot=   378947010.241970     
 ratio1=  6.323491086992306E-014 ratio2=  3.305598862696846E-014
 nchek0=           0 toler_force=  1.000000000000000E-005
 nchek=           0
                    conver_nodal_value check
               Convergence check for displacement
 ratio1=  4.440631568329067E-015 ratio2=  4.992251526909301E-015
 nchek=           0
 ***********RESTART FILE IS UPDATED!*******
 time: 10:09:12
 iblks=           1 iincs=           1 istep=         251
 outinp=           0
 iiter=           1
Begin forming various matrix       at 2026-08-26 10:09:13 
 ktsmat=           0
Begin assemble golbal matrix       at 2026-08-26 10:09:13 
 ntelgroup=           0
Begin factorize global matrix      at 2026-08-26 10:09:13 
Begin solution global equation     at 2026-08-26 10:09:13 
                     istep=         251 iiter=           1
                     conver_load check
 resid=  1.320017002127387E-018 retot=   743179210.716178     
 ratio1=  4.214470189968689E-014 ratio2=  2.373241023395102E-014
 nchek0=           0 toler_force=  1.000000000000000E-005
 nchek=           0
                    conver_nodal_value check
               Convergence check for displacement
 ratio1=  1.861130285259511E-002 ratio2=  1.932161417665340E-002
                            not converged for checki=           1
 iiter=           2
Begin forming various matrix       at 2026-08-26 10:09:13 
 ktsmat=           0
 ntelgroup=           0
Begin solution global equation     at 2026-08-26 10:09:13 
                     istep=         251 iiter=           2
                     conver_load check
 resid=  8.563468741320017E-019 retot=   743179210.716176     
 ratio1=  3.394517736104672E-014 ratio2=  2.148455354320859E-014
 nchek0=           0 toler_force=  1.000000000000000E-005
 nchek=           0
                    conver_nodal_value check
               Convergence check for displacement
 ratio1=  1.999462745593409E-015 ratio2=  2.327667087262545E-015
 nchek=           0
 ***********RESTART FILE IS UPDATED!*******
 time: 10:09:12
 iblks=           1 iincs=           1 istep=         252
 outinp=           0
 iiter=           1
Begin forming various matrix       at 2026-08-26 10:09:13 
 ktsmat=           0
Begin assemble golbal matrix       at 2026-08-26 10:09:13 
 ntelgroup=           0
Begin factorize global matrix      at 2026-08-26 10:09:13 
Begin solution global equation     at 2026-08-26 10:09:13 
                     istep=         252 iiter=           1
                     conver_load check
 resid=  5.750295377064164E-020 retot=   808542652.366315     
 ratio1=  8.433223484388475E-015 ratio2=  5.001096326097151E-015
 nchek0=           0 toler_force=  1.000000000000000E-005
 nchek=           0
                    conver_nodal_value check
               Convergence check for displacement
 ratio1=  2.656864841219323E-003 ratio2=  3.122159074152463E-003
                            not converged for checki=           1
 iiter=           2
Begin forming various matrix       at 2026-08-26 10:09:13 
 ktsmat=           0
 ntelgroup=           0
Begin solution global equation     at 2026-08-26 10:09:13 
                     istep=         252 iiter=           2
                     conver_load check
 resid=  4.329811101763222E-020 retot=   808542652.366315     
 ratio1=  7.317841646866355E-015 ratio2=  5.733844281845124E-015
 nchek0=           0 toler_force=  1.000000000000000E-005
 nchek=           0
                    conver_nodal_value check
               Convergence check for displacement
 ratio1=  1.400597495681471E-016 ratio2=  1.491001414786721E-016
 nchek=           0
 ***********RESTART FILE IS UPDATED!*******
 time: 10:09:12
 iblks=           1 iincs=           1 istep=         253
 outinp=           0
 iiter=           1
Begin forming various matrix       at 2026-08-26 10:09:13 
 ktsmat=           0
Begin assemble golbal matrix       at 2026-08-26 10:09:13 
 ntelgroup=           0
Begin factorize global matrix      at 2026-08-26 10:09:13 
Begin solution global equation     at 2026-08-26 10:09:13 
                     istep=         253 iiter=           1
                     conver_load check
 resid=  3.909270041403988E-019 retot=   528498262.649801     
 ratio1=  2.719731640053179E-014 ratio2=  2.024630509205481E-014
 nchek0=           0 toler_force=  1.000000000000000E-005
 nchek=           0
                    conver_nodal_value check
               Convergence check for displacement
 ratio1=  1.409249079409920E-002 ratio2=  1.329655745170028E-002
                            not converged for checki=           1
 iiter=           2
Begin forming various matrix       at 2026-08-26 10:09:13 
 ktsmat=           0
 ntelgroup=           0
Begin solution global equation     at 2026-08-26 10:09:13 
                     istep=         253 iiter=           2
                     conver_load check
 resid=  4.903031619920335E-019 retot=   528498262.649802     
 ratio1=  3.045864400884412E-014 ratio2=  1.779329474124609E-014
 nchek0=           0 toler_force=  1.000000000000000E-005
 nchek=           0
                    conver_nodal_value check
               Convergence check for displacement
 ratio1=  1.022908467610963E-015 ratio2=  1.651292208495313E-015
 nchek=           0
 ***********RESTART FILE IS UPDATED!*******
 time: 10:09:12
 iblks=           1 iincs=           1 istep=         254
 outinp=           0
 iiter=           1
Begin forming various matrix       at 2026-08-26 10:09:13 
 ktsmat=           0
Begin assemble golbal matrix       at 2026-08-26 10:09:13 
 ntelgroup=           0
Begin factorize global matrix      at 2026-08-26 10:09:13 
Begin solution global equation     at 2026-08-26 10:09:13 
                     istep=         254 iiter=           1
                     conver_load check
 resid=  2.391686253721173E-018 retot=   155166681.633548     
 ratio1=  1.241517562509451E-013 ratio2=  9.109404300798425E-014
 nchek0=           0 toler_force=  1.000000000000000E-005
 nchek=           0
                    conver_nodal_value check
               Convergence check for displacement
 ratio1=  4.534387951649015E-002 ratio2=  4.335882075962765E-002
                            not converged for checki=           1
 iiter=           2
Begin forming various matrix       at 2026-08-26 10:09:13 
 ktsmat=           0
 ntelgroup=           0
Begin solution global equation     at 2026-08-26 10:09:13 
                     istep=         254 iiter=           2
                     conver_load check
 resid=  1.592040978811235E-018 retot=   155166681.633549     
 ratio1=  1.012926387204730E-013 ratio2=  5.379923694370691E-014
 nchek0=           0 toler_force=  1.000000000000000E-005
 nchek=           0
                    conver_nodal_value check
               Convergence check for displacement
 ratio1=  6.202024121348111E-015 ratio2=  6.961450704021452E-015
 nchek=           0
 ***********RESTART FILE IS UPDATED!*******
 time: 10:09:12
 iblks=           1 iincs=           1 istep=         255
 outinp=           0
 iiter=           1
Begin forming various matrix       at 2026-08-26 10:09:13 
 ktsmat=           0
Begin assemble golbal matrix       at 2026-08-26 10:09:13 
 ntelgroup=           0
Begin factorize global matrix      at 2026-08-26 10:09:13 
Begin solution global equation     at 2026-08-26 10:09:13 
                     istep=         255 iiter=           1
                     conver_load check
 resid=  2.352770821222182E-018 retot=   330419.325240796     
 ratio1=  2.668437853333253E-012 ratio2=  1.506992559632094E-012
 nchek0=           0 toler_force=  1.000000000000000E-005
 nchek=           0
                    conver_nodal_value check
               Convergence check for displacement
 ratio1=  0.413396220362481      ratio2=  0.343670096163356     
                            not converged for checki=           1
 iiter=           2
Begin forming various matrix       at 2026-08-26 10:09:13 
 ktsmat=           0
 ntelgroup=           0
Begin solution global equation     at 2026-08-26 10:09:13 
                     istep=         255 iiter=           2
                     conver_load check
 resid=  2.315750950806684E-018 retot=   330419.325240764     
 ratio1=  2.647361236718259E-012 ratio2=  1.774359567843809E-012
 nchek0=           0 toler_force=  1.000000000000000E-005
 nchek=           0
                    conver_nodal_value check
               Convergence check for displacement
 ratio1=  1.537136181871290E-014 ratio2=  1.941013037031489E-014
 nchek=           0
 ***********RESTART FILE IS UPDATED!*******
 time: 10:09:12
 iblks=           1 iincs=           1 istep=         256
 outinp=           0
 iiter=           1
Begin forming various matrix       at 2026-08-26 10:09:13 
 ktsmat=           0
Begin assemble golbal matrix       at 2026-08-26 10:09:13 
 ntelgroup=           0
Begin factorize global matrix      at 2026-08-26 10:09:13 
Begin solution global equation     at 2026-08-26 10:09:13 
                     istep=         256 iiter=           1
                     conver_load check
 resid=  1.874802008574062E-018 retot=   164965627.829449     
 ratio1=  1.066058342127269E-013 ratio2=  8.060494357890236E-014
 nchek0=           0 toler_force=  1.000000000000000E-005
 nchek=           0
                    conver_nodal_value check
               Convergence check for displacement
 ratio1=  7.161909675223113E-002 ratio2=  7.536313478004701E-002
                            not converged for checki=           1
 iiter=           2
Begin forming various matrix       at 2026-08-26 10:09:13 
 ktsmat=           0
 ntelgroup=           0
Begin solution global equation     at 2026-08-26 10:09:13 
                     istep=         256 iiter=           2
                     conver_load check
 resid=  3.010478585558923E-018 retot=   164965627.829448     
 ratio1=  1.350893272962259E-013 ratio2=  9.589980350060983E-014
 nchek0=           0 toler_force=  1.000000000000000E-005
 nchek=           0
                    conver_nodal_value check
               Convergence check for displacement
 ratio1=  4.307054735236968E-015 ratio2=  4.385309297977036E-015
 nchek=           0
 ***********RESTART FILE IS UPDATED!*******
 time: 10:09:12
 iblks=           1 iincs=           1 istep=         257
 outinp=           0
 iiter=           1
Begin forming various matrix       at 2026-08-26 10:09:13 
 ktsmat=           0
Begin assemble golbal matrix       at 2026-08-26 10:09:13 
 ntelgroup=           0
Begin factorize global matrix      at 2026-08-26 10:09:13 
Begin solution global equation     at 2026-08-26 10:09:13 
                     istep=         257 iiter=           1
                     conver_load check
 resid=  1.193817631704301E-018 retot=   470289317.125443     
 ratio1=  5.038328005844650E-014 ratio2=  3.052668951205941E-014
 nchek0=           0 toler_force=  1.000000000000000E-005
 nchek=           0
                    conver_nodal_value check
               Convergence check for displacement
 ratio1=  2.718870132779247E-002 ratio2=  2.813349420587334E-002
                            not converged for checki=           1
 iiter=           2
Begin forming various matrix       at 2026-08-26 10:09:13 
 ktsmat=           0
 ntelgroup=           0
Begin solution global equation     at 2026-08-26 10:09:13 
                     istep=         257 iiter=           2
                     conver_load check
 resid=  9.300423747695043E-019 retot=   470289317.125441     
 ratio1=  4.447017222470270E-014 ratio2=  3.534329956404764E-014
 nchek0=           0 toler_force=  1.000000000000000E-005
 nchek=           0
                    conver_nodal_value check
               Convergence check for displacement
 ratio1=  2.127402859526350E-015 ratio2=  2.280573121763489E-015
 nchek=           0
 ***********RESTART FILE IS UPDATED!*******
 time: 10:09:12
 iblks=           1 iincs=           1 istep=         258
 outinp=           0
 iiter=           1
Begin forming various matrix       at 2026-08-26 10:09:13 
 ktsmat=           0
Begin assemble golbal matrix       at 2026-08-26 10:09:13 
 ntelgroup=           0
Begin factorize global matrix      at 2026-08-26 10:09:13 
Begin solution global equation     at 2026-08-26 10:09:13 
                     istep=         258 iiter=           1
                     conver_load check
 resid=  2.503827555985106E-019 retot=   632687105.543090     
 ratio1=  1.989334047571190E-014 ratio2=  1.128141079242291E-014
 nchek0=           0 toler_force=  1.000000000000000E-005
 nchek=           0
                    conver_nodal_value check
               Convergence check for displacement
 ratio1=  8.732301424083848E-003 ratio2=  9.299217014663224E-003
                            not converged for checki=           1
 iiter=           2
Begin forming various matrix       at 2026-08-26 10:09:13 
 ktsmat=           0
 ntelgroup=           0
Begin solution global equation     at 2026-08-26 10:09:13 
                     istep=         258 iiter=           2
                     conver_load check
 resid=  3.106563212710972E-019 retot=   632687105.543090     
 ratio1=  2.215876776276694E-014 ratio2=  1.555701936861003E-014
 nchek0=           0 toler_force=  1.000000000000000E-005
 nchek=           0
                    conver_nodal_value check
               Convergence check for displacement
 ratio1=  6.403840327781717E-016 ratio2=  6.399184984342718E-016
 nchek=           0
 ***********RESTART FILE IS UPDATED!*******
 time: 10:09:12
 iblks=           1 iincs=           1 istep=         259
 outinp=           0
 iiter=           1
Begin forming various matrix       at 2026-08-26 10:09:13 
 ktsmat=           0
Begin assemble golbal matrix       at 2026-08-26 10:09:13 
 ntelgroup=           0
Begin factorize global matrix      at 2026-08-26 10:09:13 
Begin solution global equation     at 2026-08-26 10:09:13 
                     istep=         259 iiter=           1
                     conver_load check
 resid=  1.434702572785087E-019 retot=   513736447.162644     
 ratio1=  1.671131977356783E-014 ratio2=  1.261471075987787E-014
 nchek0=           0 toler_force=  1.000000000000000E-005
 nchek=           0
                    conver_nodal_value check
               Convergence check for displacement
 ratio1=  6.741013637070556E-003 ratio2=  6.063824327850507E-003
                            not converged for checki=           1
 iiter=           2
Begin forming various matrix       at 2026-08-26 10:09:13 
 ktsmat=           0
 ntelgroup=           0
Begin solution global equation     at 2026-08-26 10:09:13 
                     istep=         259 iiter=           2
                     conver_load check
 resid=  8.889731115869864E-020 retot=   513736447.162645     
 ratio1=  1.315449328660732E-014 ratio2=  9.993369928028047E-015
 nchek0=           0 toler_force=  1.000000000000000E-005
 nchek=           0
                    conver_nodal_value check
               Convergence check for displacement
 ratio1=  6.662888207027255E-016 ratio2=  1.101215438106795E-015
 nchek=           0
 ***********RESTART FILE IS UPDATED!*******
 time: 10:09:12
 iblks=           1 iincs=           1 istep=         260
 outinp=           0
 iiter=           1
Begin forming various matrix       at 2026-08-26 10:09:13 
 ktsmat=           0
Begin assemble golbal matrix       at 2026-08-26 10:09:13 
 ntelgroup=           0
Begin factorize global matrix      at 2026-08-26 10:09:13 
Begin solution global equation     at 2026-08-26 10:09:13 
                     istep=         260 iiter=           1
                     conver_load check
 resid=  9.830162020273148E-019 retot=   226328723.873852     
 ratio1=  6.590380666919675E-014 ratio2=  4.026802787905632E-014
 nchek0=           0 toler_force=  1.000000000000000E-005
 nchek=           0
                    conver_nodal_value check
               Convergence check for displacement
 ratio1=  2.874335874192543E-002 ratio2=  2.755367431388456E-002
                            not converged for checki=           1
 iiter=           2
Begin forming various matrix       at 2026-08-26 10:09:13 
 ktsmat=           0
 ntelgroup=           0
Begin solution global equation     at 2026-08-26 10:09:13 
                     istep=         260 iiter=           2
                     conver_load check
 resid=  1.011380650203750E-018 retot=   226328723.873853     
 ratio1=  6.684785601353792E-014 ratio2=  6.947581028938091E-014
 nchek0=           0 toler_force=  1.000000000000000E-005
 nchek=           0
                    conver_nodal_value check
               Convergence check for displacement
 ratio1=  4.566097801561905E-015 ratio2=  6.586443810510106E-015
 nchek=           0
 ***********RESTART FILE IS UPDATED!*******
 time: 10:09:12
 iblks=           1 iincs=           1 istep=         261
 outinp=           0
 iiter=           1
Begin forming various matrix       at 2026-08-26 10:09:13 
 ktsmat=           0
Begin assemble golbal matrix       at 2026-08-26 10:09:13 
 ntelgroup=           0
Begin factorize global matrix      at 2026-08-26 10:09:13 
Begin solution global equation     at 2026-08-26 10:09:13 
                     istep=         261 iiter=           1
                     conver_load check
 resid=  1.650205884386204E-018 retot=   18183437.3527019     
 ratio1=  3.012527869844250E-013 ratio2=  1.622597338262686E-013
 nchek0=           0 toler_force=  1.000000000000000E-005
 nchek=           0
                    conver_nodal_value check
               Convergence check for displacement
 ratio1=  0.107000162196696      ratio2=  9.977365612892546E-002
                            not converged for checki=           1
 iiter=           2
Begin forming various matrix       at 2026-08-26 10:09:13 
 ktsmat=           0
 ntelgroup=           0
Begin solution global equation     at 2026-08-26 10:09:13 
                     istep=         261 iiter=           2
                     conver_load check
 resid=  1.669772470857335E-018 retot=   18183437.3527023     
 ratio1=  3.030335098522021E-013 ratio2=  2.208687534317162E-013
 nchek0=           0 toler_force=  1.000000000000000E-005
 nchek=           0
                    conver_nodal_value check
               Convergence check for displacement
 ratio1=  1.135260349534768E-014 ratio2=  1.334298021849491E-014
 nchek=           0
 ***********RESTART FILE IS UPDATED!*******
 time: 10:09:12
 iblks=           1 iincs=           1 istep=         262
 outinp=           0
 iiter=           1
Begin forming various matrix       at 2026-08-26 10:09:13 
 ktsmat=           0
Begin assemble golbal matrix       at 2026-08-26 10:09:13 
 ntelgroup=           0
Begin factorize global matrix      at 2026-08-26 10:09:13 
Begin solution global equation     at 2026-08-26 10:09:13 
                     istep=         262 iiter=           1
                     conver_load check
 resid=  2.311854117911211E-018 retot=   49941238.4020198     
 ratio1=  2.151545620979230E-013 ratio2=  1.369623911014563E-013
 nchek0=           0 toler_force=  1.000000000000000E-005
 nchek=           0
                    conver_nodal_value check
               Convergence check for displacement
 ratio1=  0.138570941539049      ratio2=  0.152518974795802     
                            not converged for checki=           1
 iiter=           2
Begin forming various matrix       at 2026-08-26 10:09:13 
 ktsmat=           0
 ntelgroup=           0
Begin solution global equation     at 2026-08-26 10:09:13 
                     istep=         262 iiter=           2
                     conver_load check
 resid=  1.780355731586238E-018 retot=   49941238.4020190     
 ratio1=  1.888094555052243E-013 ratio2=  1.374593350373707E-013
 nchek0=           0 toler_force=  1.000000000000000E-005
 nchek=           0
                    conver_nodal_value check
               Convergence check for displacement
 ratio1=  2.295003320342216E-014 ratio2=  3.603258078472520E-014
 nchek=           0
 ***********RESTART FILE IS UPDATED!*******
 time: 10:09:12
 iblks=           1 iincs=           1 istep=         263
 outinp=           0
 iiter=           1
Begin forming various matrix       at 2026-08-26 10:09:13 
 ktsmat=           0
Begin assemble golbal matrix       at 2026-08-26 10:09:13 
 ntelgroup=           0
Begin factorize global matrix      at 2026-08-26 10:09:13 
Begin solution global equation     at 2026-08-26 10:09:13 
                     istep=         263 iiter=           1
                     conver_load check
 resid=  2.121603688911923E-018 retot=   265330904.790511     
 ratio1=  8.942073019624962E-014 ratio2=  6.029246793491294E-014
 nchek0=           0 toler_force=  1.000000000000000E-005
 nchek=           0
                    conver_nodal_value check
               Convergence check for displacement
 ratio1=  3.893744934441975E-002 ratio2=  4.032723182397757E-002
                            not converged for checki=           1
 iiter=           2
Begin forming various matrix       at 2026-08-26 10:09:13 
 ktsmat=           0
 ntelgroup=           0
Begin solution global equation     at 2026-08-26 10:09:13 
                     istep=         263 iiter=           2
                     conver_load check
 resid=  1.423191474372945E-018 retot=   265330904.790510     
 ratio1=  7.323821446371816E-014 ratio2=  4.725331923054127E-014
 nchek0=           0 toler_force=  1.000000000000000E-005
 nchek=           0
                    conver_nodal_value check
               Convergence check for displacement
 ratio1=  1.994788275721649E-015 ratio2=  3.395128748261187E-015
 nchek=           0
 ***********RESTART FILE IS UPDATED!*******
 time: 10:09:12
 iblks=           1 iincs=           1 istep=         264
 outinp=           0
 iiter=           1
Begin forming various matrix       at 2026-08-26 10:09:13 
 ktsmat=           0
Begin assemble golbal matrix       at 2026-08-26 10:09:13 
 ntelgroup=           0
Begin factorize global matrix      at 2026-08-26 10:09:13 
Begin solution global equation     at 2026-08-26 10:09:13 
                     istep=         264 iiter=           1
                     conver_load check
 resid=  6.300894315321943E-019 retot=   456588894.184859     
 ratio1=  3.714825565959510E-014 ratio2=  3.084462128869131E-014
 nchek0=           0 toler_force=  1.000000000000000E-005
 nchek=           0
                    conver_nodal_value check
               Convergence check for displacement
 ratio1=  1.533054664469903E-002 ratio2=  1.598142056423809E-002
                            not converged for checki=           1
 iiter=           2
Begin forming various matrix       at 2026-08-26 10:09:13 
 ktsmat=           0
 ntelgroup=           0
Begin solution global equation     at 2026-08-26 10:09:13 
                     istep=         264 iiter=           2
                     conver_load check
 resid=  4.234257122706855E-019 retot=   456588894.184858     
 ratio1=  3.045270963257981E-014 ratio2=  1.950192227761224E-014
 nchek0=           0 toler_force=  1.000000000000000E-005
 nchek=           0
                    conver_nodal_value check
               Convergence check for displacement
 ratio1=  1.383866941761340E-015 ratio2=  1.490528284017836E-015
 nchek=           0
 ***********RESTART FILE IS UPDATED!*******
 time: 10:09:12
 iblks=           1 iincs=           1 istep=         265
 outinp=           0
 iiter=           1
Begin forming various matrix       at 2026-08-26 10:09:13 
 ktsmat=           0
Begin assemble golbal matrix       at 2026-08-26 10:09:13 
 ntelgroup=           0
Begin factorize global matrix      at 2026-08-26 10:09:13 
Begin solution global equation     at 2026-08-26 10:09:13 
                     istep=         265 iiter=           1
                     conver_load check
 resid=  1.689528808107218E-020 retot=   453676507.427821     
 ratio1=  6.102526235727134E-015 ratio2=  4.680493963811396E-015
 nchek0=           0 toler_force=  1.000000000000000E-005
 nchek=           0
                    conver_nodal_value check
               Convergence check for displacement
 ratio1=  8.187457185993453E-004 ratio2=  6.126179658758716E-004
                            not converged for checki=           1
 iiter=           2
Begin forming various matrix       at 2026-08-26 10:09:13 
 ktsmat=           0
 ntelgroup=           0
Begin solution global equation     at 2026-08-26 10:09:13 
                     istep=         265 iiter=           2
                     conver_load check
 resid=  1.829294081908297E-020 retot=   453676507.427821     
 ratio1=  6.349925342376754E-015 ratio2=  4.133133094535123E-015
 nchek0=           0 toler_force=  1.000000000000000E-005
 nchek=           0
                    conver_nodal_value check
               Convergence check for displacement
 ratio1=  2.576177209468496E-016 ratio2=  3.359923440769121E-016
 nchek=           0
 ***********RESTART FILE IS UPDATED!*******
 time: 10:09:12
 iblks=           1 iincs=           1 istep=         266
 outinp=           0
 iiter=           1
Begin forming various matrix       at 2026-08-26 10:09:13 
 ktsmat=           0
Begin assemble golbal matrix       at 2026-08-26 10:09:13 
 ntelgroup=           0
Begin factorize global matrix      at 2026-08-26 10:09:13 
Begin solution global equation     at 2026-08-26 10:09:13 
                     istep=         266 iiter=           1
                     conver_load check
 resid=  2.621794660115042E-019 retot=   266092038.958241     
 ratio1=  3.138942762838158E-014 ratio2=  1.909325725251845E-014
 nchek0=           0 toler_force=  1.000000000000000E-005
 nchek=           0
                    conver_nodal_value check
               Convergence check for displacement
 ratio1=  1.795687428220559E-002 ratio2=  1.707949897568253E-002
                            not converged for checki=           1
 iiter=           2
Begin forming various matrix       at 2026-08-26 10:09:13 
 ktsmat=           0
 ntelgroup=           0
Begin solution global equation     at 2026-08-26 10:09:13 
                     istep=         266 iiter=           2
                     conver_load check
 resid=  4.122148231467886E-019 retot=   266092038.958241     
 ratio1=  3.935916367626454E-014 ratio2=  2.851871958358801E-014
 nchek0=           0 toler_force=  1.000000000000000E-005
 nchek=           0
                    conver_nodal_value check
               Convergence check for displacement
 ratio1=  2.121982217240842E-015 ratio2=  3.584394259904250E-015
 nchek=           0
 ***********RESTART FILE IS UPDATED!*******
 time: 10:09:12
 iblks=           1 iincs=           1 istep=         267
 outinp=           0
 iiter=           1
Begin forming various matrix       at 2026-08-26 10:09:13 
 ktsmat=           0
Begin assemble golbal matrix       at 2026-08-26 10:09:13 
 ntelgroup=           0
Begin factorize global matrix      at 2026-08-26 10:09:13 
Begin solution global equation     at 2026-08-26 10:09:13 
                     istep=         267 iiter=           1
                     conver_load check
 resid=  1.191624427449911E-018 retot=   60254080.1535258     
 ratio1=  1.406295115285008E-013 ratio2=  8.145042242628684E-014
 nchek0=           0 toler_force=  1.000000000000000E-005
 nchek=           0
                    conver_nodal_value check
               Convergence check for displacement
 ratio1=  5.676393293479755E-002 ratio2=  5.408165400253678E-002
                            not converged for checki=           1
 iiter=           2
Begin forming various matrix       at 2026-08-26 10:09:13 
 ktsmat=           0
 ntelgroup=           0
Begin solution global equation     at 2026-08-26 10:09:13 
                     istep=         267 iiter=           2
                     conver_load check
 resid=  1.278749380094337E-018 retot=   60254080.1535262     
 ratio1=  1.456798506901767E-013 ratio2=  8.304258785140550E-014
 nchek0=           0 toler_force=  1.000000000000000E-005
 nchek=           0
                    conver_nodal_value check
               Convergence check for displacement
 ratio1=  2.347425734107441E-015 ratio2=  2.454066658250088E-015
 nchek=           0
 ***********RESTART FILE IS UPDATED!*******
 time: 10:09:12
 iblks=           1 iincs=           1 istep=         268
 outinp=           0
 iiter=           1
Begin forming various matrix       at 2026-08-26 10:09:13 
 ktsmat=           0
Begin assemble golbal matrix       at 2026-08-26 10:09:13 
 ntelgroup=           0
Begin factorize global matrix      at 2026-08-26 10:09:13 
Begin solution global equation     at 2026-08-26 10:09:13 
                     istep=         268 iiter=           1
                     conver_load check
 resid=  1.253101860881061E-018 retot=   5011079.48318724     
 ratio1=  5.000662468223729E-013 ratio2=  2.714895922554280E-013
 nchek0=           0 toler_force=  1.000000000000000E-005
 nchek=           0
                    conver_nodal_value check
               Convergence check for displacement
 ratio1=  0.938191632802463      ratio2=   1.28733968529448     
                            not converged for checki=           1
 iiter=           2
Begin forming various matrix       at 2026-08-26 10:09:13 
 ktsmat=           0
 ntelgroup=           0
Begin solution global equation     at 2026-08-26 10:09:13 
                     istep=         268 iiter=           2
                     conver_load check
 resid=  1.521746324938191E-018 retot=   5011079.48318708     
 ratio1=  5.510683710627278E-013 ratio2=  3.482727085536601E-013
 nchek0=           0 toler_force=  1.000000000000000E-005
 nchek=           0
                    conver_nodal_value check
               Convergence check for displacement
 ratio1=  4.212038299922261E-014 ratio2=  5.612124658993431E-014
 nchek=           0
 ***********RESTART FILE IS UPDATED!*******
 time: 10:09:12
 iblks=           1 iincs=           1 istep=         269
 outinp=           0
 iiter=           1
Begin forming various matrix       at 2026-08-26 10:09:13 
 ktsmat=           0
Begin assemble golbal matrix       at 2026-08-26 10:09:13 
 ntelgroup=           0
Begin factorize global matrix      at 2026-08-26 10:09:13 
Begin solution global equation     at 2026-08-26 10:09:13 
                     istep=         269 iiter=           1
                     conver_load check
 resid=  1.548729064825737E-018 retot=   127586868.574522     
 ratio1=  1.101754251747270E-013 ratio2=  6.071330235416930E-014
 nchek0=           0 toler_force=  1.000000000000000E-005
 nchek=           0
                    conver_nodal_value check
               Convergence check for displacement
 ratio1=  5.794142236902348E-002 ratio2=  6.051087213178018E-002
                            not converged for checki=           1
 iiter=           2
Begin forming various matrix       at 2026-08-26 10:09:13 
 ktsmat=           0
 ntelgroup=           0
Begin solution global equation     at 2026-08-26 10:09:13 
                     istep=         269 iiter=           2
                     conver_load check
 resid=  1.367585292767090E-018 retot=   127586868.574521     
 ratio1=  1.035319089208566E-013 ratio2=  5.984210962962578E-014
 nchek0=           0 toler_force=  1.000000000000000E-005
 nchek=           0
                    conver_nodal_value check
               Convergence check for displacement
 ratio1=  2.542316675275875E-015 ratio2=  2.524068536070713E-015
 nchek=           0
 ***********RESTART FILE IS UPDATED!*******
 time: 10:09:12
 iblks=           1 iincs=           1 istep=         270
 outinp=           0
 iiter=           1
Begin forming various matrix       at 2026-08-26 10:09:13 
 ktsmat=           0
Begin assemble golbal matrix       at 2026-08-26 10:09:13 
 ntelgroup=           0
Begin factorize global matrix      at 2026-08-26 10:09:13 
Begin solution global equation     at 2026-08-26 10:09:13 
                     istep=         270 iiter=           1
                     conver_load check
 resid=  8.333640415490292E-019 retot=   301846004.036867     
 ratio1=  5.254418536969429E-014 ratio2=  3.255915179411041E-014
 nchek0=           0 toler_force=  1.000000000000000E-005
 nchek=           0
                    conver_nodal_value check
               Convergence check for displacement
 ratio1=  2.306555163012342E-002 ratio2=  2.388940632001015E-002
                            not converged for checki=           1
 iiter=           2
Begin forming various matrix       at 2026-08-26 10:09:13 
 ktsmat=           0
 ntelgroup=           0
Begin solution global equation     at 2026-08-26 10:09:13 
                     istep=         270 iiter=           2
                     conver_load check
 resid=  9.593213088664216E-019 retot=   301846004.036866     
 ratio1=  5.637536026369783E-014 ratio2=  4.824282021118509E-014
 nchek0=           0 toler_force=  1.000000000000000E-005
 nchek=           0
                    conver_nodal_value check
               Convergence check for displacement
 ratio1=  1.723636752723225E-015 ratio2=  1.783989820895007E-015
 nchek=           0
 ***********RESTART FILE IS UPDATED!*******
 time: 10:09:12
 iblks=           1 iincs=           1 istep=         271
 outinp=           0
 iiter=           1
Begin forming various matrix       at 2026-08-26 10:09:13 
 ktsmat=           0
Begin assemble golbal matrix       at 2026-08-26 10:09:13 
 ntelgroup=           0
Begin factorize global matrix      at 2026-08-26 10:09:13 
Begin solution global equation     at 2026-08-26 10:09:13 
                     istep=         271 iiter=           1
                     conver_load check
 resid=  1.022706395363666E-019 retot=   368141963.095860     
 ratio1=  1.666739868782804E-014 ratio2=  1.129912453750632E-014
 nchek0=           0 toler_force=  1.000000000000000E-005
 nchek=           0
                    conver_nodal_value check
               Convergence check for displacement
 ratio1=  5.953834230820555E-003 ratio2=  6.490272714529364E-003
                            not converged for checki=           1
 iiter=           2
Begin forming various matrix       at 2026-08-26 10:09:13 
 ktsmat=           0
 ntelgroup=           0
Begin solution global equation     at 2026-08-26 10:09:13 
                     istep=         271 iiter=           2
                     conver_load check
 resid=  8.107476606053463E-020 retot=   368141963.095860     
 ratio1=  1.484004405380557E-014 ratio2=  1.035049099378537E-014
 nchek0=           0 toler_force=  1.000000000000000E-005
 nchek=           0
                    conver_nodal_value check
               Convergence check for displacement
 ratio1=  2.877471202215044E-016 ratio2=  3.128593136122785E-016
 nchek=           0
 ***********RESTART FILE IS UPDATED!*******
 time: 10:09:12
 iblks=           1 iincs=           1 istep=         272
 outinp=           0
 iiter=           1
Begin forming various matrix       at 2026-08-26 10:09:13 
 ktsmat=           0
Begin assemble golbal matrix       at 2026-08-26 10:09:13 
 ntelgroup=           0
Begin factorize global matrix      at 2026-08-26 10:09:13 
Begin solution global equation     at 2026-08-26 10:09:13 
                     istep=         272 iiter=           1
                     conver_load check
 resid=  1.609115451499611E-019 retot=   271996583.153974     
 ratio1=  2.432270533094530E-014 ratio2=  1.743603044345341E-014
 nchek0=           0 toler_force=  1.000000000000000E-005
 nchek=           0
                    conver_nodal_value check
               Convergence check for displacement
 ratio1=  9.884177467889358E-003 ratio2=  9.174329251312674E-003
                            not converged for checki=           1
 iiter=           2
Begin forming various matrix       at 2026-08-26 10:09:13 
 ktsmat=           0
 ntelgroup=           0
Begin solution global equation     at 2026-08-26 10:09:13 
                     istep=         272 iiter=           2
                     conver_load check
 resid=  9.418478924042971E-020 retot=   271996583.153974     
 ratio1=  1.860838406060628E-014 ratio2=  1.165947770425118E-014
 nchek0=           0 toler_force=  1.000000000000000E-005
 nchek=           0
                    conver_nodal_value check
               Convergence check for displacement
 ratio1=  1.323395737840486E-015 ratio2=  2.222792446755326E-015
 nchek=           0
 ***********RESTART FILE IS UPDATED!*******
 time: 10:09:12
 iblks=           1 iincs=           1 istep=         273
 outinp=           0
 iiter=           1
Begin forming various matrix       at 2026-08-26 10:09:13 
 ktsmat=           0
Begin assemble golbal matrix       at 2026-08-26 10:09:13 
 ntelgroup=           0
Begin factorize global matrix      at 2026-08-26 10:09:13 
Begin solution global equation     at 2026-08-26 10:09:13 
                     istep=         273 iiter=           1
                     conver_load check
 resid=  7.759070143635519E-019 retot=   101979735.030017     
 ratio1=  8.722639009930885E-014 ratio2=  6.168703481262635E-014
 nchek0=           0 toler_force=  1.000000000000000E-005
 nchek=           0
                    conver_nodal_value check
               Convergence check for displacement
 ratio1=  3.516379617893445E-002 ratio2=  3.371007022738558E-002
                            not converged for checki=           1
 iiter=           2
Begin forming various matrix       at 2026-08-26 10:09:13 
 ktsmat=           0
 ntelgroup=           0
Begin solution global equation     at 2026-08-26 10:09:13 
                     istep=         273 iiter=           2
                     conver_load check
 resid=  4.963825234679895E-019 retot=   101979735.030018     
 ratio1=  6.976720129782233E-014 ratio2=  4.014557731018755E-014
 nchek0=           0 toler_force=  1.000000000000000E-005
 nchek=           0
                    conver_nodal_value check
               Convergence check for displacement
 ratio1=  4.693311129369211E-015 ratio2=  4.851746810351492E-015
 nchek=           0
 ***********RESTART FILE IS UPDATED!*******
 time: 10:09:12
 iblks=           1 iincs=           1 istep=         274
 outinp=           0
 iiter=           1
Begin forming various matrix       at 2026-08-26 10:09:13 
 ktsmat=           0
Begin assemble golbal matrix       at 2026-08-26 10:09:13 
 ntelgroup=           0
Begin factorize global matrix      at 2026-08-26 10:09:13 
Begin solution global equation     at 2026-08-26 10:09:13 
                     istep=         274 iiter=           1
                     conver_load check
 resid=  1.264238295686064E-018 retot=   2693366.66137530     
 ratio1=  6.851201343261597E-013 ratio2=  4.618864016934783E-013
 nchek0=           0 toler_force=  1.000000000000000E-005
 nchek=           0
                    conver_nodal_value check
               Convergence check for displacement
 ratio1=  0.163922788705811      ratio2=  0.148951542439361     
                            not converged for checki=           1
 iiter=           2
Begin forming various matrix       at 2026-08-26 10:09:13 
 ktsmat=           0
 ntelgroup=           0
Begin solution global equation     at 2026-08-26 10:09:13 
                     istep=         274 iiter=           2
                     conver_load check
 resid=  1.233958792936170E-018 retot=   2693366.66137540     
 ratio1=  6.768658271318569E-013 ratio2=  4.501897812501788E-013
 nchek0=           0 toler_force=  1.000000000000000E-005
 nchek=           0
                    conver_nodal_value check
               Convergence check for displacement
 ratio1=  8.760983926112470E-015 ratio2=  8.266622054634804E-015
 nchek=           0
 ***********RESTART FILE IS UPDATED!*******
 time: 10:09:12
 iblks=           1 iincs=           1 istep=         275
 outinp=           0
 iiter=           1
Begin forming various matrix       at 2026-08-26 10:09:13 
 ktsmat=           0
Begin assemble golbal matrix       at 2026-08-26 10:09:13 
 ntelgroup=           0
Begin factorize global matrix      at 2026-08-26 10:09:13 
Begin solution global equation     at 2026-08-26 10:09:13 
                     istep=         275 iiter=           1
                     conver_load check
 resid=  1.093691989710887E-018 retot=   47063721.0745971     
 ratio1=  1.524419111694680E-013 ratio2=  9.892389337056592E-014
 nchek0=           0 toler_force=  1.000000000000000E-005
 nchek=           0
                    conver_nodal_value check
               Convergence check for displacement
 ratio1=  9.825196061355479E-002 ratio2=  0.105095040270314     
                            not converged for checki=           1
 iiter=           2
Begin forming various matrix       at 2026-08-26 10:09:13 
 ktsmat=           0
 ntelgroup=           0
Begin solution global equation     at 2026-08-26 10:09:13 
                     istep=         275 iiter=           2
                     conver_load check
 resid=  9.118122680468578E-019 retot=   47063721.0745965     
 ratio1=  1.391904967642221E-013 ratio2=  1.039279757418377E-013
 nchek0=           0 toler_force=  1.000000000000000E-005
 nchek=           0
                    conver_nodal_value check
               Convergence check for displacement
 ratio1=  6.986498433447195E-015 ratio2=  7.826936468343227E-015
 nchek=           0
 ***********RESTART FILE IS UPDATED!*******
 time: 10:09:12
 iblks=           1 iincs=           1 istep=         276
 outinp=           0
 iiter=           1
Begin forming various matrix       at 2026-08-26 10:09:13 
 ktsmat=           0
Begin assemble golbal matrix       at 2026-08-26 10:09:13 
 ntelgroup=           0
Begin factorize global matrix      at 2026-08-26 10:09:13 
Begin solution global equation     at 2026-08-26 10:09:13 
                     istep=         276 iiter=           1
                     conver_load check
 resid=  1.197374299164562E-018 retot=   179996467.036192     
 ratio1=  8.156108144553576E-014 ratio2=  6.234359624600791E-014
 nchek0=           0 toler_force=  1.000000000000000E-005
 nchek=           0
                    conver_nodal_value check
               Convergence check for displacement
 ratio1=  3.309194872494725E-002 ratio2=  3.423157039390279E-002
                            not converged for checki=           1
 iiter=           2
Begin forming various matrix       at 2026-08-26 10:09:13 
 ktsmat=           0
 ntelgroup=           0
Begin solution global equation     at 2026-08-26 10:09:13 
                     istep=         276 iiter=           2
                     conver_load check
 resid=  5.690888663403127E-019 retot=   179996467.036191     
 ratio1=  5.622870146874059E-014 ratio2=  3.626170522629758E-014
 nchek0=           0 toler_force=  1.000000000000000E-005
 nchek=           0
                    conver_nodal_value check
               Convergence check for displacement
 ratio1=  2.740266726807284E-015 ratio2=  2.899771312426907E-015
 nchek=           0
 ***********RESTART FILE IS UPDATED!*******
 time: 10:09:12
 iblks=           1 iincs=           1 istep=         277
 outinp=           0
 iiter=           1
Begin forming various matrix       at 2026-08-26 10:09:13 
 ktsmat=           0
Begin assemble golbal matrix       at 2026-08-26 10:09:13 
 ntelgroup=           0
Begin factorize global matrix      at 2026-08-26 10:09:13 
Begin solution global equation     at 2026-08-26 10:09:13 
                     istep=         277 iiter=           1
                     conver_load check
 resid=  2.164659338660402E-019 retot=   275635052.646692     
 ratio1=  2.802383431113296E-014 ratio2=  1.495691647319069E-014
 nchek0=           0 toler_force=  1.000000000000000E-005
 nchek=           0
                    conver_nodal_value check
               Convergence check for displacement
 ratio1=  1.227227402474815E-002 ratio2=  1.287834583922767E-002
                            not converged for checki=           1
 iiter=           2
Begin forming various matrix       at 2026-08-26 10:09:13 
 ktsmat=           0
 ntelgroup=           0
Begin solution global equation     at 2026-08-26 10:09:13 
                     istep=         277 iiter=           2
                     conver_load check
 resid=  2.915207839997207E-019 retot=   275635052.646691     
 ratio1=  3.252127310680209E-014 ratio2=  2.246763261734866E-014
 nchek0=           0 toler_force=  1.000000000000000E-005
 nchek=           0
                    conver_nodal_value check
               Convergence check for displacement
 ratio1=  1.043779682957777E-015 ratio2=  1.186879320360497E-015
 nchek=           0
 ***********RESTART FILE IS UPDATED!*******
 time: 10:09:12
 iblks=           1 iincs=           1 istep=         278
 outinp=           0
 iiter=           1
Begin forming various matrix       at 2026-08-26 10:09:13 
 ktsmat=           0
Begin assemble golbal matrix       at 2026-08-26 10:09:13 
 ntelgroup=           0
Begin factorize global matrix      at 2026-08-26 10:09:13 
Begin solution global equation     at 2026-08-26 10:09:13 
                     istep=         278 iiter=           1
                     conver_load check
 resid=  2.189880487888543E-020 retot=   250285569.827771     
 ratio1=  9.353890926911200E-015 ratio2=  7.453333011115648E-015
 nchek0=           0 toler_force=  1.000000000000000E-005
 nchek=           0
                    conver_nodal_value check
               Convergence check for displacement
 ratio1=  3.162460812791164E-003 ratio2=  2.458215822252975E-003
                            not converged for checki=           1
 iiter=           2
Begin forming various matrix       at 2026-08-26 10:09:13 
 ktsmat=           0
 ntelgroup=           0
Begin solution global equation     at 2026-08-26 10:09:13 
                     istep=         278 iiter=           2
                     conver_load check
 resid=  2.479575426883471E-020 retot=   250285569.827772     
 ratio1=  9.953383928768425E-015 ratio2=  9.529551500592873E-015
 nchek0=           0 toler_force=  1.000000000000000E-005
 nchek=           0
                    conver_nodal_value check
               Convergence check for displacement
 ratio1=  2.990867295617222E-016 ratio2=  3.063486278166333E-016
 nchek=           0
 ***********RESTART FILE IS UPDATED!*******
 time: 10:09:12
 iblks=           1 iincs=           1 istep=         279
 outinp=           0
 iiter=           1
Begin forming various matrix       at 2026-08-26 10:09:13 
 ktsmat=           0
Begin assemble golbal matrix       at 2026-08-26 10:09:13 
 ntelgroup=           0
Begin factorize global matrix      at 2026-08-26 10:09:13 
Begin solution global equation     at 2026-08-26 10:09:13 
                     istep=         279 iiter=           1
                     conver_load check
 resid=  4.615339676924102E-019 retot=   130306336.446175     
 ratio1=  5.951398995443564E-014 ratio2=  5.040287633344467E-014
 nchek0=           0 toler_force=  1.000000000000000E-005
 nchek=           0
                    conver_nodal_value check
               Convergence check for displacement
 ratio1=  2.234365268537706E-002 ratio2=  2.134960612370119E-002
                            not converged for checki=           1
 iiter=           2
Begin forming various matrix       at 2026-08-26 10:09:13 
 ktsmat=           0
 ntelgroup=           0
Begin solution global equation     at 2026-08-26 10:09:13 
                     istep=         279 iiter=           2
                     conver_load check
 resid=  2.471521754400168E-019 retot=   130306336.446175     
 ratio1=  4.355113234920485E-014 ratio2=  2.973742366696480E-014
 nchek0=           0 toler_force=  1.000000000000000E-005
 nchek=           0
                    conver_nodal_value check
               Convergence check for displacement
 ratio1=  2.034024824755057E-015 ratio2=  3.502615499932115E-015
 nchek=           0
 ***********RESTART FILE IS UPDATED!*******
 time: 10:09:12
 iblks=           1 iincs=           1 istep=         280
 outinp=           0
 iiter=           1
Begin forming various matrix       at 2026-08-26 10:09:13 
 ktsmat=           0
Begin assemble golbal matrix       at 2026-08-26 10:09:13 
 ntelgroup=           0
Begin factorize global matrix      at 2026-08-26 10:09:13 
Begin solution global equation     at 2026-08-26 10:09:13 
                     istep=         280 iiter=           1
                     conver_load check
 resid=  1.533451903865966E-018 retot=   20749047.4335525     
 ratio1=  2.718541691806149E-013 ratio2=  1.705726707844084E-013
 nchek0=           0 toler_force=  1.000000000000000E-005
 nchek=           0
                    conver_nodal_value check
               Convergence check for displacement
 ratio1=  7.309973335143531E-002 ratio2=  6.919064559033457E-002
                            not converged for checki=           1
 iiter=           2
Begin forming various matrix       at 2026-08-26 10:09:13 
 ktsmat=           0
 ntelgroup=           0
Begin solution global equation     at 2026-08-26 10:09:13 
                     istep=         280 iiter=           2
                     conver_load check
 resid=  5.669795890828882E-019 retot=   20749047.4335527     
 ratio1=  1.653044826258145E-013 ratio2=  1.012848003040524E-013
 nchek0=           0 toler_force=  1.000000000000000E-005
 nchek=           0
                    conver_nodal_value check
               Convergence check for displacement
 ratio1=  3.688781127519931E-015 ratio2=  3.485159897686299E-015
 nchek=           0
 ***********RESTART FILE IS UPDATED!*******
 time: 10:09:12
 iblks=           1 iincs=           1 istep=         281
 outinp=           0
 iiter=           1
Begin forming various matrix       at 2026-08-26 10:09:13 
 ktsmat=           0
Begin assemble golbal matrix       at 2026-08-26 10:09:13 
 ntelgroup=           0
Begin factorize global matrix      at 2026-08-26 10:09:13 
Begin solution global equation     at 2026-08-26 10:09:13 
                     istep=         281 iiter=           1
                     conver_load check
 resid=  1.452298098465197E-018 retot=   9488593.61383666     
 ratio1=  3.912253259249357E-013 ratio2=  3.474901622893874E-013
 nchek0=           0 toler_force=  1.000000000000000E-005
 nchek=           0
                    conver_nodal_value check
               Convergence check for displacement
 ratio1=  0.271085029929689      ratio2=  0.334613724226811     
                            not converged for checki=           1
 iiter=           2
Begin forming various matrix       at 2026-08-26 10:09:13 
 ktsmat=           0
 ntelgroup=           0
Begin solution global equation     at 2026-08-26 10:09:13 
                     istep=         281 iiter=           2
                     conver_load check
 resid=  8.905070453331750E-019 retot=   9488593.61383640     
 ratio1=  3.063499096271933E-013 ratio2=  2.071491291150328E-013
 nchek0=           0 toler_force=  1.000000000000000E-005
 nchek=           0
                    conver_nodal_value check
               Convergence check for displacement
 ratio1=  3.306791073350248E-014 ratio2=  4.199954360839446E-014
 nchek=           0
 ***********RESTART FILE IS UPDATED!*******
 time: 10:09:12
 iblks=           1 iincs=           1 istep=         282
 outinp=           0
 iiter=           1
Begin forming various matrix       at 2026-08-26 10:09:13 
 ktsmat=           0
Begin assemble golbal matrix       at 2026-08-26 10:09:13 
 ntelgroup=           0
Begin factorize global matrix      at 2026-08-26 10:09:13 
Begin solution global equation     at 2026-08-26 10:09:13 
                     istep=         282 iiter=           1
                     conver_load check
 resid=  7.998962153401656E-019 retot=   93743667.3080676     
 ratio1=  9.237317076299232E-014 ratio2=  8.200304683496827E-014
 nchek0=           0 toler_force=  1.000000000000000E-005
 nchek=           0
                    conver_nodal_value check
               Convergence check for displacement
 ratio1=  4.804026632802617E-002 ratio2=  4.993649792497926E-002
                            not converged for checki=           1
 iiter=           2
Begin forming various matrix       at 2026-08-26 10:09:13 
 ktsmat=           0
 ntelgroup=           0
Begin solution global equation     at 2026-08-26 10:09:13 
                     istep=         282 iiter=           2
                     conver_load check
 resid=  1.118549616374596E-018 retot=   93743667.3080671     
 ratio1=  1.092337031294776E-013 ratio2=  8.256879713934169E-014
 nchek0=           0 toler_force=  1.000000000000000E-005
 nchek=           0
                    conver_nodal_value check
               Convergence check for displacement
 ratio1=  3.066425849905502E-015 ratio2=  3.747214490873264E-015
 nchek=           0
 ***********RESTART FILE IS UPDATED!*******
 time: 10:09:12
 iblks=           1 iincs=           1 istep=         283
 outinp=           0
 iiter=           1
Begin forming various matrix       at 2026-08-26 10:09:13 
 ktsmat=           0
Begin assemble golbal matrix       at 2026-08-26 10:09:13 
 ntelgroup=           0
Begin factorize global matrix      at 2026-08-26 10:09:13 
Begin solution global equation     at 2026-08-26 10:09:13 
                     istep=         283 iiter=           1
                     conver_load check
 resid=  3.914084370675418E-019 retot=   189776116.415358     
 ratio1=  4.541447666795493E-014 ratio2=  3.288764990649733E-014
 nchek0=           0 toler_force=  1.000000000000000E-005
 nchek=           0
                    conver_nodal_value check
               Convergence check for displacement
 ratio1=  1.939291556024255E-002 ratio2=  2.012787198582187E-002
                            not converged for checki=           1
 iiter=           2
Begin forming various matrix       at 2026-08-26 10:09:13 
 ktsmat=           0
 ntelgroup=           0
Begin solution global equation     at 2026-08-26 10:09:13 
                     istep=         283 iiter=           2
                     conver_load check
 resid=  2.788623510558473E-019 retot=   189776116.415357     
 ratio1=  3.833311965539774E-014 ratio2=  2.789479111184100E-014
 nchek0=           0 toler_force=  1.000000000000000E-005
 nchek=           0
                    conver_nodal_value check
               Convergence check for displacement
 ratio1=  8.418111940705370E-016 ratio2=  8.166963592605697E-016
 nchek=           0
 ***********RESTART FILE IS UPDATED!*******
 time: 10:09:12
 iblks=           1 iincs=           1 istep=         284
 outinp=           0
 iiter=           1
Begin forming various matrix       at 2026-08-26 10:09:13 
 ktsmat=           0
Begin assemble golbal matrix       at 2026-08-26 10:09:13 
 ntelgroup=           0
Begin factorize global matrix      at 2026-08-26 10:09:13 
Begin solution global equation     at 2026-08-26 10:09:13 
                     istep=         284 iiter=           1
                     conver_load check
 resid=  4.140033799227778E-020 retot=   210766382.405356     
 ratio1=  1.401526367310234E-014 ratio2=  1.060720958824695E-014
 nchek0=           0 toler_force=  1.000000000000000E-005
 nchek=           0
                    conver_nodal_value check
               Convergence check for displacement
 ratio1=  3.241528452672196E-003 ratio2=  3.730483483657746E-003
                            not converged for checki=           1
 iiter=           2
Begin forming various matrix       at 2026-08-26 10:09:13 
 ktsmat=           0
 ntelgroup=           0
Begin solution global equation     at 2026-08-26 10:09:13 
                     istep=         284 iiter=           2
                     conver_load check
 resid=  2.768706526047556E-020 retot=   210766382.405356     
 ratio1=  1.146140321818276E-014 ratio2=  7.507806709332772E-015
 nchek0=           0 toler_force=  1.000000000000000E-005
 nchek=           0
                    conver_nodal_value check
               Convergence check for displacement
 ratio1=  2.227176908072575E-016 ratio2=  2.359006178270320E-016
 nchek=           0
 ***********RESTART FILE IS UPDATED!*******
 time: 10:09:12
 iblks=           1 iincs=           1 istep=         285
 outinp=           0
 iiter=           1
Begin forming various matrix       at 2026-08-26 10:09:13 
 ktsmat=           0
Begin assemble golbal matrix       at 2026-08-26 10:09:13 
 ntelgroup=           0
Begin factorize global matrix      at 2026-08-26 10:09:13 
Begin solution global equation     at 2026-08-26 10:09:13 
                     istep=         285 iiter=           1
                     conver_load check
 resid=  1.089715846617195E-019 retot=   141007301.208027     
 ratio1=  2.779942626952874E-014 ratio2=  2.249393070045655E-014
 nchek0=           0 toler_force=  1.000000000000000E-005
 nchek=           0
                    conver_nodal_value check
               Convergence check for displacement
 ratio1=  1.329191277688656E-002 ratio2=  1.252722131354140E-002
                            not converged for checki=           1
 iiter=           2
Begin forming various matrix       at 2026-08-26 10:09:13 
 ktsmat=           0
 ntelgroup=           0
Begin solution global equation     at 2026-08-26 10:09:13 
                     istep=         285 iiter=           2
                     conver_load check
 resid=  1.154384497697185E-019 retot=   141007301.208027     
 ratio1=  2.861241020356096E-014 ratio2=  1.993632270730021E-014
 nchek0=           0 toler_force=  1.000000000000000E-005
 nchek=           0
                    conver_nodal_value check
               Convergence check for displacement
 ratio1=  9.009460326156138E-016 ratio2=  1.418137938232557E-015
 nchek=           0
 ***********RESTART FILE IS UPDATED!*******
 time: 10:09:12
 iblks=           1 iincs=           1 istep=         286
 outinp=           0
 iiter=           1
Begin forming various matrix       at 2026-08-26 10:09:13 
 ktsmat=           0
Begin assemble golbal matrix       at 2026-08-26 10:09:13 
 ntelgroup=           0
Begin factorize global matrix      at 2026-08-26 10:09:13 
Begin solution global equation     at 2026-08-26 10:09:13 
                     istep=         286 iiter=           1
                     conver_load check
 resid=  3.648122624652953E-019 retot=   43523172.3874694     
 ratio1=  9.155339262053328E-014 ratio2=  4.342530018799916E-014
 nchek0=           0 toler_force=  1.000000000000000E-005
 nchek=           0
                    conver_nodal_value check
               Convergence check for displacement
 ratio1=  4.323386933840042E-002 ratio2=  4.138524731384264E-002
                            not converged for checki=           1
 iiter=           2
Begin forming various matrix       at 2026-08-26 10:09:13 
 ktsmat=           0
 ntelgroup=           0
Begin solution global equation     at 2026-08-26 10:09:13 
                     istep=         286 iiter=           2
                     conver_load check
 resid=  2.660724339126053E-019 retot=   43523172.3874697     
 ratio1=  7.818792171945226E-014 ratio2=  4.210672047789539E-014
 nchek0=           0 toler_force=  1.000000000000000E-005
 nchek=           0
                    conver_nodal_value check
               Convergence check for displacement
 ratio1=  2.973761252948350E-015 ratio2=  3.086964114681393E-015
 nchek=           0
 ***********RESTART FILE IS UPDATED!*******
 time: 10:09:12
 iblks=           1 iincs=           1 istep=         287
 outinp=           0
 iiter=           1
Begin forming various matrix       at 2026-08-26 10:09:13 
 ktsmat=           0
Begin assemble golbal matrix       at 2026-08-26 10:09:13 
 ntelgroup=           0
Begin factorize global matrix      at 2026-08-26 10:09:13 
Begin solution global equation     at 2026-08-26 10:09:13 
                     istep=         287 iiter=           1
                     conver_load check
 resid=  9.432016743165885E-019 retot=   14636.1157259081     
 ratio1=  8.027667280161108E-012 ratio2=  5.478332677662639E-012
 nchek0=           0 toler_force=  1.000000000000000E-005
 nchek=           0
                    conver_nodal_value check
               Convergence check for displacement
 ratio1=  0.326354159720974      ratio2=  0.278474224249600     
                            not converged for checki=           1
 iiter=           2
Begin forming various matrix       at 2026-08-26 10:09:13 
 ktsmat=           0
 ntelgroup=           0
Begin solution global equation     at 2026-08-26 10:09:13 
                     istep=         287 iiter=           2
                     conver_load check
 resid=  4.730738015942499E-019 retot=   14636.1157259108     
 ratio1=  5.685275719506651E-012 ratio2=  4.374142307173820E-012
 nchek0=           0 toler_force=  1.000000000000000E-005
 nchek=           0
                    conver_nodal_value check
               Convergence check for displacement
 ratio1=  3.111845370524016E-014 ratio2=  3.859804652897535E-014
 nchek=           0
 ***********RESTART FILE IS UPDATED!*******
 time: 10:09:12
 iblks=           1 iincs=           1 istep=         288
 outinp=           0
 iiter=           1
Begin forming various matrix       at 2026-08-26 10:09:13 
 ktsmat=           0
Begin assemble golbal matrix       at 2026-08-26 10:09:13 
 ntelgroup=           0
Begin factorize global matrix      at 2026-08-26 10:09:13 
Begin solution global equation     at 2026-08-26 10:09:13 
                     istep=         288 iiter=           1
                     conver_load check
 resid=  8.103047804399944E-019 retot=   39750326.3597866     
 ratio1=  1.427755530790515E-013 ratio2=  1.221551716740308E-013
 nchek0=           0 toler_force=  1.000000000000000E-005
 nchek=           0
                    conver_nodal_value check
               Convergence check for displacement
 ratio1=  7.544676878036999E-002 ratio2=  7.954378129064661E-002
                            not converged for checki=           1
 iiter=           2
Begin forming various matrix       at 2026-08-26 10:09:13 
 ktsmat=           0
 ntelgroup=           0
Begin solution global equation     at 2026-08-26 10:09:13 
                     istep=         288 iiter=           2
                     conver_load check
 resid=  7.116962039109061E-019 retot=   39750326.3597863     
 ratio1=  1.338064274163944E-013 ratio2=  8.943654459690646E-014
 nchek0=           0 toler_force=  1.000000000000000E-005
 nchek=           0
                    conver_nodal_value check
               Convergence check for displacement
 ratio1=  3.743596578786850E-015 ratio2=  4.053100197149497E-015
 nchek=           0
 ***********RESTART FILE IS UPDATED!*******
 time: 10:09:12
 iblks=           1 iincs=           1 istep=         289
 outinp=           0
 iiter=           1
Begin forming various matrix       at 2026-08-26 10:09:13 
 ktsmat=           0
Begin assemble golbal matrix       at 2026-08-26 10:09:13 
 ntelgroup=           0
Begin factorize global matrix      at 2026-08-26 10:09:13 
Begin solution global equation     at 2026-08-26 10:09:13 
                     istep=         289 iiter=           1
                     conver_load check
 resid=  3.812549410318477E-019 retot=   118863853.623694     
 ratio1=  5.663473037980294E-014 ratio2=  3.354067281415364E-014
 nchek0=           0 toler_force=  1.000000000000000E-005
 nchek=           0
                    conver_nodal_value check
               Convergence check for displacement
 ratio1=  2.818383042633348E-002 ratio2=  2.914874516044691E-002
                            not converged for checki=           1
 iiter=           2
Begin forming various matrix       at 2026-08-26 10:09:13 
 ktsmat=           0
 ntelgroup=           0
Begin solution global equation     at 2026-08-26 10:09:13 
                     istep=         289 iiter=           2
                     conver_load check
 resid=  2.662311839283539E-019 retot=   118863853.623694     
 ratio1=  4.732651862866548E-014 ratio2=  2.535223060387359E-014
 nchek0=           0 toler_force=  1.000000000000000E-005
 nchek=           0
                    conver_nodal_value check
               Convergence check for displacement
 ratio1=  3.114466033640656E-015 ratio2=  3.367472610782911E-015
 nchek=           0
 ***********RESTART FILE IS UPDATED!*******
 time: 10:09:12
 iblks=           1 iincs=           1 istep=         290
 outinp=           0
 iiter=           1
Begin forming various matrix       at 2026-08-26 10:09:13 
 ktsmat=           0
Begin assemble golbal matrix       at 2026-08-26 10:09:13 
 ntelgroup=           0
Begin factorize global matrix      at 2026-08-26 10:09:13 
Begin solution global equation     at 2026-08-26 10:09:13 
                     istep=         290 iiter=           1
                     conver_load check
 resid=  6.169612959077141E-020 retot=   163622927.287769     
 ratio1=  1.941810660365170E-014 ratio2=  1.141473120405726E-014
 nchek0=           0 toler_force=  1.000000000000000E-005
 nchek=           0
                    conver_nodal_value check
               Convergence check for displacement
 ratio1=  9.370878943702607E-003 ratio2=  9.942302050640645E-003
                            not converged for checki=           1
 iiter=           2
Begin forming various matrix       at 2026-08-26 10:09:13 
 ktsmat=           0
 ntelgroup=           0
Begin solution global equation     at 2026-08-26 10:09:13 
                     istep=         290 iiter=           2
                     conver_load check
 resid=  6.987699540698716E-020 retot=   163622927.287769     
 ratio1=  2.066545788190862E-014 ratio2=  1.106354448608403E-014
 nchek0=           0 toler_force=  1.000000000000000E-005
 nchek=           0
                    conver_nodal_value check
               Convergence check for displacement
 ratio1=  8.037289538454642E-016 ratio2=  7.917042486363320E-016
 nchek=           0
 ***********RESTART FILE IS UPDATED!*******
 time: 10:09:12
 iblks=           1 iincs=           1 istep=         291
 outinp=           0
 iiter=           1
Begin forming various matrix       at 2026-08-26 10:09:13 
 ktsmat=           0
Begin assemble golbal matrix       at 2026-08-26 10:09:13 
 ntelgroup=           0
Begin factorize global matrix      at 2026-08-26 10:09:13 
Begin solution global equation     at 2026-08-26 10:09:13 
                     istep=         291 iiter=           1
                     conver_load check
 resid=  2.352848964050512E-020 retot=   135649013.406945     
 ratio1=  1.317008885484393E-014 ratio2=  6.981035206841360E-015
 nchek0=           0 toler_force=  1.000000000000000E-005
 nchek=           0
                    conver_nodal_value check
               Convergence check for displacement
 ratio1=  6.057009801577047E-003 ratio2=  5.371922343926088E-003
                            not converged for checki=           1
 iiter=           2
Begin forming various matrix       at 2026-08-26 10:09:13 
 ktsmat=           0
 ntelgroup=           0
Begin solution global equation     at 2026-08-26 10:09:13 
                     istep=         291 iiter=           2
                     conver_load check
 resid=  3.947763662912324E-020 retot=   135649013.406945     
 ratio1=  1.705953750236755E-014 ratio2=  1.613993382464941E-014
 nchek0=           0 toler_force=  1.000000000000000E-005
 nchek=           0
                    conver_nodal_value check
               Convergence check for displacement
 ratio1=  7.429530892097781E-016 ratio2=  9.965347301050463E-016
 nchek=           0
 ***********RESTART FILE IS UPDATED!*******
 time: 10:09:12
 iblks=           1 iincs=           1 istep=         292
 outinp=           0
 iiter=           1
Begin forming various matrix       at 2026-08-26 10:09:13 
 ktsmat=           0
Begin assemble golbal matrix       at 2026-08-26 10:09:13 
 ntelgroup=           0
Begin factorize global matrix      at 2026-08-26 10:09:13 
Begin solution global equation     at 2026-08-26 10:09:13 
                     istep=         292 iiter=           1
                     conver_load check
 resid=  2.287675770173094E-019 retot=   61751875.4994430     
 ratio1=  6.086563538446712E-014 ratio2=  4.509921398599550E-014
 nchek0=           0 toler_force=  1.000000000000000E-005
 nchek=           0
                    conver_nodal_value check
               Convergence check for displacement
 ratio1=  2.745343023740214E-002 ratio2=  2.629374703950997E-002
                            not converged for checki=           1
 iiter=           2
Begin forming various matrix       at 2026-08-26 10:09:13 
 ktsmat=           0
 ntelgroup=           0
Begin solution global equation     at 2026-08-26 10:09:13 
                     istep=         292 iiter=           2
                     conver_load check
 resid=  1.925574868601827E-019 retot=   61751875.4994432     
 ratio1=  5.584124962250391E-014 ratio2=  3.605271099605768E-014
 nchek0=           0 toler_force=  1.000000000000000E-005
 nchek=           0
                    conver_nodal_value check
               Convergence check for displacement
 ratio1=  1.285643935215065E-015 ratio2=  1.350701376583576E-015
 nchek=           0
 ***********RESTART FILE IS UPDATED!*******
 time: 10:09:12
 iblks=           1 iincs=           1 istep=         293
 outinp=           0
 iiter=           1
Begin forming various matrix       at 2026-08-26 10:09:13 
 ktsmat=           0
Begin assemble golbal matrix       at 2026-08-26 10:09:13 
 ntelgroup=           0
Begin factorize global matrix      at 2026-08-26 10:09:13 
Begin solution global equation     at 2026-08-26 10:09:13 
                     istep=         293 iiter=           1
                     conver_load check
 resid=  5.342724558133992E-019 retot=   5815994.30076954     
 ratio1=  3.030884636681814E-013 ratio2=  2.080541237090846E-013
 nchek0=           0 toler_force=  1.000000000000000E-005
 nchek=           0
                    conver_nodal_value check
               Convergence check for displacement
 ratio1=  9.890821812331632E-002 ratio2=  9.254604555033687E-002
                            not converged for checki=           1
 iiter=           2
Begin forming various matrix       at 2026-08-26 10:09:13 
 ktsmat=           0
 ntelgroup=           0
Begin solution global equation     at 2026-08-26 10:09:13 
                     istep=         293 iiter=           2
                     conver_load check
 resid=  4.071587731634431E-019 retot=   5815994.30076970     
 ratio1=  2.645878592049214E-013 ratio2=  2.016606199844364E-013
 nchek0=           0 toler_force=  1.000000000000000E-005
 nchek=           0
                    conver_nodal_value check
               Convergence check for displacement
 ratio1=  1.033641057078261E-014 ratio2=  9.573885062055344E-015
 nchek=           0
 ***********RESTART FILE IS UPDATED!*******
 time: 10:09:12
 iblks=           1 iincs=           1 istep=         294
 outinp=           0
 iiter=           1
Begin forming various matrix       at 2026-08-26 10:09:13 
 ktsmat=           0
Begin assemble golbal matrix       at 2026-08-26 10:09:13 
 ntelgroup=           0
Begin factorize global matrix      at 2026-08-26 10:09:13 
Begin solution global equation     at 2026-08-26 10:09:13 
                     istep=         294 iiter=           1
                     conver_load check
 resid=  4.630633735420320E-019 retot=   11373296.4368329     
 ratio1=  2.017794975498198E-013 ratio2=  1.669524997959990E-013
 nchek0=           0 toler_force=  1.000000000000000E-005
 nchek=           0
                    conver_nodal_value check
               Convergence check for displacement
 ratio1=  0.152446657777016      ratio2=  0.169624919178738     
                            not converged for checki=           1
 iiter=           2
Begin forming various matrix       at 2026-08-26 10:09:13 
 ktsmat=           0
 ntelgroup=           0
Begin solution global equation     at 2026-08-26 10:09:13 
                     istep=         294 iiter=           2
                     conver_load check
 resid=  5.300780613436374E-019 retot=   11373296.4368327     
 ratio1=  2.158871214492038E-013 ratio2=  1.504261188190219E-013
 nchek0=           0 toler_force=  1.000000000000000E-005
 nchek=           0
                    conver_nodal_value check
               Convergence check for displacement
 ratio1=  1.042027826421978E-014 ratio2=  1.153627391216484E-014
 nchek=           0
 ***********RESTART FILE IS UPDATED!*******
 time: 10:09:12
 iblks=           1 iincs=           1 istep=         295
 outinp=           0
 iiter=           1
Begin forming various matrix       at 2026-08-26 10:09:13 
 ktsmat=           0
Begin assemble golbal matrix       at 2026-08-26 10:09:13 
 ntelgroup=           0
Begin factorize global matrix      at 2026-08-26 10:09:13 
Begin solution global equation     at 2026-08-26 10:09:13 
                     istep=         295 iiter=           1
                     conver_load check
 resid=  3.900751577355397E-019 retot=   66159926.6011030     
 ratio1=  7.678504427526177E-014 ratio2=  5.220751050872010E-014
 nchek0=           0 toler_force=  1.000000000000000E-005
 nchek=           0
                    conver_nodal_value check
               Convergence check for displacement
 ratio1=  4.043515647045296E-002 ratio2=  4.191141490489741E-002
                            not converged for checki=           1
 iiter=           2
Begin forming various matrix       at 2026-08-26 10:09:13 
 ktsmat=           0
 ntelgroup=           0
Begin solution global equation     at 2026-08-26 10:09:13 
                     istep=         295 iiter=           2
                     conver_load check
 resid=  3.613849899418554E-019 retot=   66159926.6011028     
 ratio1=  7.390733589909209E-014 ratio2=  3.640848310181417E-014
 nchek0=           0 toler_force=  1.000000000000000E-005
 nchek=           0
                    conver_nodal_value check
               Convergence check for displacement
 ratio1=  1.583652577668966E-015 ratio2=  1.623759223432952E-015
 nchek=           0
 ***********RESTART FILE IS UPDATED!*******
 time: 10:09:12
 iblks=           1 iincs=           1 istep=         296
 outinp=           0
 iiter=           1
Begin forming various matrix       at 2026-08-26 10:09:13 
 ktsmat=           0
Begin assemble golbal matrix       at 2026-08-26 10:09:13 
 ntelgroup=           0
Begin factorize global matrix      at 2026-08-26 10:09:13 
Begin solution global equation     at 2026-08-26 10:09:13 
                     istep=         296 iiter=           1
                     conver_load check
 resid=  1.294447113658187E-019 retot=   117073423.949803     
 ratio1=  3.325163431755567E-014 ratio2=  2.619349796442571E-014
 nchek0=           0 toler_force=  1.000000000000000E-005
 nchek=           0
                    conver_nodal_value check
               Convergence check for displacement
 ratio1=  1.604996980144313E-002 ratio2=  1.671886798229074E-002
                            not converged for checki=           1
 iiter=           2
Begin forming various matrix       at 2026-08-26 10:09:13 
 ktsmat=           0
 ntelgroup=           0
Begin solution global equation     at 2026-08-26 10:09:13 
                     istep=         296 iiter=           2
                     conver_load check
 resid=  1.083783868248198E-019 retot=   117073423.949803     
 ratio1=  3.042581226299329E-014 ratio2=  2.623198951176508E-014
 nchek0=           0 toler_force=  1.000000000000000E-005
 nchek=           0
                    conver_nodal_value check
               Convergence check for displacement
 ratio1=  7.878588198541352E-016 ratio2=  8.380998019129335E-016
 nchek=           0
 ***********RESTART FILE IS UPDATED!*******
 time: 10:09:12
 iblks=           1 iincs=           1 istep=         297
 outinp=           0
 iiter=           1
Begin forming various matrix       at 2026-08-26 10:09:13 
 ktsmat=           0
Begin assemble golbal matrix       at 2026-08-26 10:09:13 
 ntelgroup=           0
Begin factorize global matrix      at 2026-08-26 10:09:13 
Begin solution global equation     at 2026-08-26 10:09:13 
                     istep=         297 iiter=           1
                     conver_load check
 resid=  7.695413987739349E-021 retot=   118707555.058192     
 ratio1=  8.051500312068687E-015 ratio2=  5.419400647718588E-015
 nchek0=           0 toler_force=  1.000000000000000E-005
 nchek=           0
                    conver_nodal_value check
               Convergence check for displacement
 ratio1=  8.625250294494448E-004 ratio2=  9.745345845475265E-004
                            not converged for checki=           1
 iiter=           2
Begin forming various matrix       at 2026-08-26 10:09:13 
 ktsmat=           0
 ntelgroup=           0
Begin solution global equation     at 2026-08-26 10:09:13 
                     istep=         297 iiter=           2
                     conver_load check
 resid=  5.789095476252493E-021 retot=   118707555.058192     
 ratio1=  6.983388059532015E-015 ratio2=  5.266549256999753E-015
 nchek0=           0 toler_force=  1.000000000000000E-005
 nchek=           0
                    conver_nodal_value check
               Convergence check for displacement
 ratio1=  1.433461787863542E-016 ratio2=  1.907292140612844E-016
 nchek=           0
 ***********RESTART FILE IS UPDATED!*******
 time: 10:09:12
 iblks=           1 iincs=           1 istep=         298
 outinp=           0
 iiter=           1
Begin forming various matrix       at 2026-08-26 10:09:13 
 ktsmat=           0
Begin assemble golbal matrix       at 2026-08-26 10:09:13 
 ntelgroup=           0
Begin factorize global matrix      at 2026-08-26 10:09:13 
Begin solution global equation     at 2026-08-26 10:09:13 
                     istep=         298 iiter=           1
                     conver_load check
 resid=  1.090308770400660E-019 retot=   71402935.0562279     
 ratio1=  3.907659562791593E-014 ratio2=  3.133965141000814E-014
 nchek0=           0 toler_force=  1.000000000000000E-005
 nchek=           0
                    conver_nodal_value check
               Convergence check for displacement
 ratio1=  1.705741571426464E-002 ratio2=  1.621335899596977E-002
                            not converged for checki=           1
 iiter=           2
Begin forming various matrix       at 2026-08-26 10:09:13 
 ktsmat=           0
 ntelgroup=           0
Begin solution global equation     at 2026-08-26 10:09:13 
                     istep=         298 iiter=           2
                     conver_load check
 resid=  1.012949142479651E-019 retot=   71402935.0562280     
 ratio1=  3.766481065537973E-014 ratio2=  2.264806981947991E-014
 nchek0=           0 toler_force=  1.000000000000000E-005
 nchek=           0
                    conver_nodal_value check
               Convergence check for displacement
 ratio1=  1.784301917280752E-015 ratio2=  2.003106428092405E-015
 nchek=           0
 ***********RESTART FILE IS UPDATED!*******
 time: 10:09:12
 iblks=           1 iincs=           1 istep=         299
 outinp=           0
 iiter=           1
Begin forming various matrix       at 2026-08-26 10:09:13 
 ktsmat=           0
Begin assemble golbal matrix       at 2026-08-26 10:09:13 
 ntelgroup=           0
Begin factorize global matrix      at 2026-08-26 10:09:13 
Begin solution global equation     at 2026-08-26 10:09:13 
                     istep=         299 iiter=           1
                     conver_load check
 resid=  3.485581595743649E-019 retot=   17252512.0556959     
 ratio1=  1.421384113531049E-013 ratio2=  7.149825484186317E-014
 nchek0=           0 toler_force=  1.000000000000000E-005
 nchek=           0
                    conver_nodal_value check
               Convergence check for displacement
 ratio1=  5.387696359068125E-002 ratio2=  5.140311607275171E-002
                            not converged for checki=           1
 iiter=           2
Begin forming various matrix       at 2026-08-26 10:09:13 
 ktsmat=           0
 ntelgroup=           0
Begin solution global equation     at 2026-08-26 10:09:13 
                     istep=         299 iiter=           2
                     conver_load check
 resid=  2.773391748976536E-019 retot=   17252512.0556960     
 ratio1=  1.267883762029152E-013 ratio2=  9.456160242891975E-014
 nchek0=           0 toler_force=  1.000000000000000E-005
 nchek=           0
                    conver_nodal_value check
               Convergence check for displacement
 ratio1=  2.845246542238739E-015 ratio2=  3.034586299804544E-015
 nchek=           0
 ***********RESTART FILE IS UPDATED!*******
 time: 10:09:12
 iblks=           1 iincs=           1 istep=         300
 outinp=           0
 iiter=           1
Begin forming various matrix       at 2026-08-26 10:09:13 
 ktsmat=           0
Begin assemble golbal matrix       at 2026-08-26 10:09:13 
 ntelgroup=           0
Begin factorize global matrix      at 2026-08-26 10:09:13 
Begin solution global equation     at 2026-08-26 10:09:13 
                     istep=         300 iiter=           1
                     conver_load check
 resid=  4.216765582240399E-019 retot=   867017.256567583     
 ratio1=  6.973902293504557E-013 ratio2=  4.590336227380179E-013
 nchek0=           0 toler_force=  1.000000000000000E-005
 nchek=           0
                    conver_nodal_value check
               Convergence check for displacement
 ratio1=   1.22725961311049      ratio2=   1.67403521532887     
                            not converged for checki=           1
 iiter=           2
Begin forming various matrix       at 2026-08-26 10:09:13 
 ktsmat=           0
 ntelgroup=           0
Begin solution global equation     at 2026-08-26 10:09:13 
                     istep=         300 iiter=           2
                     conver_load check
 resid=  3.448650894847518E-019 retot=   867017.256567541     
 ratio1=  6.306824497096918E-013 ratio2=  3.793630429252876E-013
 nchek0=           0 toler_force=  1.000000000000000E-005
 nchek=           0
                    conver_nodal_value check
               Convergence check for displacement
 ratio1=  1.194154028521945E-013 ratio2=  1.668910775205403E-013
 nchek=           0
 ***********RESTART FILE IS UPDATED!*******
 time: 10:09:12
 iblks=           1 iincs=           1 istep=         301
 outinp=           0
 iiter=           1
Begin forming various matrix       at 2026-08-26 10:09:13 
 ktsmat=           0
Begin assemble golbal matrix       at 2026-08-26 10:09:13 
 ntelgroup=           0
Begin factorize global matrix      at 2026-08-26 10:09:13 
Begin solution global equation     at 2026-08-26 10:09:13 
                     istep=         301 iiter=           1
                     conver_load check
 resid=  4.455105323461243E-019 retot=   31167742.9489664     
 ratio1=  1.195573584860706E-013 ratio2=  1.060328846217550E-013
 nchek0=           0 toler_force=  1.000000000000000E-005
 nchek=           0
                    conver_nodal_value check
               Convergence check for displacement
 ratio1=  6.059740240494229E-002 ratio2=  6.335608357236856E-002
                            not converged for checki=           1
 iiter=           2
Begin forming various matrix       at 2026-08-26 10:09:13 
 ktsmat=           0
 ntelgroup=           0
Begin solution global equation     at 2026-08-26 10:09:13 
                     istep=         301 iiter=           2
                     conver_load check
 resid=  3.552569481449935E-019 retot=   31167742.9489661     
 ratio1=  1.067624701885629E-013 ratio2=  6.700719798088787E-014
 nchek0=           0 toler_force=  1.000000000000000E-005
 nchek=           0
                    conver_nodal_value check
               Convergence check for displacement
 ratio1=  1.016724963005405E-014 ratio2=  1.407526103589054E-014
 nchek=           0
 ***********RESTART FILE IS UPDATED!*******
 time: 10:09:12
 iblks=           1 iincs=           1 istep=         302
 outinp=           0
 iiter=           1
Begin forming various matrix       at 2026-08-26 10:09:13 
 ktsmat=           0
Begin assemble golbal matrix       at 2026-08-26 10:09:13 
 ntelgroup=           0
Begin factorize global matrix      at 2026-08-26 10:09:13 
Begin solution global equation     at 2026-08-26 10:09:13 
                     istep=         302 iiter=           1
                     conver_load check
 resid=  3.419629535832007E-019 retot=   76667186.3615278     
 ratio1=  6.678589758315438E-014 ratio2=  4.190791553919898E-014
 nchek0=           0 toler_force=  1.000000000000000E-005
 nchek=           0
                    conver_nodal_value check
               Convergence check for displacement
 ratio1=  2.394148332225419E-002 ratio2=  2.478063509743284E-002
                            not converged for checki=           1
 iiter=           2
Begin forming various matrix       at 2026-08-26 10:09:13 
 ktsmat=           0
 ntelgroup=           0
Begin solution global equation     at 2026-08-26 10:09:13 
                     istep=         302 iiter=           2
                     conver_load check
 resid=  2.802917074678083E-019 retot=   76667186.3615277     
 ratio1=  6.046448553245013E-014 ratio2=  5.243120198242881E-014
 nchek0=           0 toler_force=  1.000000000000000E-005
 nchek=           0
                    conver_nodal_value check
               Convergence check for displacement
 ratio1=  1.822496425321187E-015 ratio2=  3.118492233375112E-015
 nchek=           0
 ***********RESTART FILE IS UPDATED!*******
 time: 10:09:12
 iblks=           1 iincs=           1 istep=         303
 outinp=           0
 iiter=           1
Begin forming various matrix       at 2026-08-26 10:09:13 
 ktsmat=           0
Begin assemble golbal matrix       at 2026-08-26 10:09:13 
 ntelgroup=           0
Begin factorize global matrix      at 2026-08-26 10:09:13 
Begin solution global equation     at 2026-08-26 10:09:13 
                     istep=         303 iiter=           1
                     conver_load check
 resid=  3.541032335111176E-020 retot=   95553205.4069604     
 ratio1=  1.925051338700871E-014 ratio2=  1.493563487200590E-014
 nchek0=           0 toler_force=  1.000000000000000E-005
 nchek=           0
                    conver_nodal_value check
               Convergence check for displacement
 ratio1=  6.574124279238977E-003 ratio2=  7.115786202093972E-003
                            not converged for checki=           1
 iiter=           2
Begin forming various matrix       at 2026-08-26 10:09:13 
 ktsmat=           0
 ntelgroup=           0
Begin solution global equation     at 2026-08-26 10:09:13 
                     istep=         303 iiter=           2
                     conver_load check
 resid=  2.843489039074357E-020 retot=   95553205.4069603     
 ratio1=  1.725055805530568E-014 ratio2=  1.018836706427786E-014
 nchek0=           0 toler_force=  1.000000000000000E-005
 nchek=           0
                    conver_nodal_value check
               Convergence check for displacement
 ratio1=  5.250460926561133E-016 ratio2=  5.588436828198262E-016
 nchek=           0
 ***********RESTART FILE IS UPDATED!*******
 time: 10:09:12
 iblks=           1 iincs=           1 istep=         304
 outinp=           0
 iiter=           1
Begin forming various matrix       at 2026-08-26 10:09:13 
 ktsmat=           0
Begin assemble golbal matrix       at 2026-08-26 10:09:13 
 ntelgroup=           0
Begin factorize global matrix      at 2026-08-26 10:09:13 
Begin solution global equation     at 2026-08-26 10:09:13 
                     istep=         304 iiter=           1
                     conver_load check
 resid=  3.521202977285387E-020 retot=   72139249.9964283     
 ratio1=  2.209325569098888E-014 ratio2=  1.501670389916437E-014
 nchek0=           0 toler_force=  1.000000000000000E-005
 nchek=           0
                    conver_nodal_value check
               Convergence check for displacement
 ratio1=  9.151079371422358E-003 ratio2=  8.442872562355572E-003
                            not converged for checki=           1
 iiter=           2
Begin forming various matrix       at 2026-08-26 10:09:13 
 ktsmat=           0
 ntelgroup=           0
Begin solution global equation     at 2026-08-26 10:09:13 
                     istep=         304 iiter=           2
                     conver_load check
 resid=  2.520197393592577E-020 retot=   72139249.9964283     
 ratio1=  1.869095395603002E-014 ratio2=  1.040439305007961E-014
 nchek0=           0 toler_force=  1.000000000000000E-005
 nchek=           0
                    conver_nodal_value check
               Convergence check for displacement
 ratio1=  6.472953292667304E-016 ratio2=  1.057919069463591E-015
 nchek=           0
 ***********RESTART FILE IS UPDATED!*******
 time: 10:09:12
 iblks=           1 iincs=           1 istep=         305
 outinp=           0
 iiter=           1
Begin forming various matrix       at 2026-08-26 10:09:13 
 ktsmat=           0
Begin assemble golbal matrix       at 2026-08-26 10:09:13 
 ntelgroup=           0
Begin factorize global matrix      at 2026-08-26 10:09:13 
Begin solution global equation     at 2026-08-26 10:09:13 
                     istep=         305 iiter=           1
                     conver_load check
 resid=  1.464506485368588E-019 retot=   28113895.7998116     
 ratio1=  7.217472439937567E-014 ratio2=  4.071477030397782E-014
 nchek0=           0 toler_force=  1.000000000000000E-005
 nchek=           0
                    conver_nodal_value check
               Convergence check for displacement
 ratio1=  3.358819275685573E-002 ratio2=  3.218937114549881E-002
                            not converged for checki=           1
 iiter=           2
Begin forming various matrix       at 2026-08-26 10:09:13 
 ktsmat=           0
 ntelgroup=           0
Begin solution global equation     at 2026-08-26 10:09:13 
                     istep=         305 iiter=           2
                     conver_load check
 resid=  1.183670732892488E-019 retot=   28113895.7998118     
 ratio1=  6.488658822907214E-014 ratio2=  3.959331916837910E-014
 nchek0=           0 toler_force=  1.000000000000000E-005
 nchek=           0
                    conver_nodal_value check
               Convergence check for displacement
 ratio1=  2.881675089156966E-015 ratio2=  3.032265781746555E-015
 nchek=           0
 ***********RESTART FILE IS UPDATED!*******
 time: 10:09:12
 iblks=           1 iincs=           1 istep=         306
 outinp=           0
 iiter=           1
Begin forming various matrix       at 2026-08-26 10:09:13 
 ktsmat=           0
Begin assemble golbal matrix       at 2026-08-26 10:09:13 
 ntelgroup=           0
Begin factorize global matrix      at 2026-08-26 10:09:13 
Begin solution global equation     at 2026-08-26 10:09:13 
                     istep=         306 iiter=           1
                     conver_load check
 resid=  3.551409724517220E-019 retot=   1040399.98010324     
 ratio1=  5.842520194121106E-013 ratio2=  3.875342177493524E-013
 nchek0=           0 toler_force=  1.000000000000000E-005
 nchek=           0
                    conver_nodal_value check
               Convergence check for displacement
 ratio1=  0.146776051547762      ratio2=  0.134365703583544     
                            not converged for checki=           1
 iiter=           2
Begin forming various matrix       at 2026-08-26 10:09:13 
 ktsmat=           0
 ntelgroup=           0
Begin solution global equation     at 2026-08-26 10:09:13 
                     istep=         306 iiter=           2
                     conver_load check
 resid=  1.964987733284881E-019 retot=   1040399.98010328     
 ratio1=  4.345900252960760E-013 ratio2=  2.526572840064061E-013
 nchek0=           0 toler_force=  1.000000000000000E-005
 nchek=           0
                    conver_nodal_value check
               Convergence check for displacement
 ratio1=  8.174929272719941E-015 ratio2=  7.996423981825909E-015
 nchek=           0
 ***********RESTART FILE IS UPDATED!*******
 time: 10:09:12
 iblks=           1 iincs=           1 istep=         307
 outinp=           0
 iiter=           1
Begin forming various matrix       at 2026-08-26 10:09:13 
 ktsmat=           0
Begin assemble golbal matrix       at 2026-08-26 10:09:13 
 ntelgroup=           0
Begin factorize global matrix      at 2026-08-26 10:09:13 
Begin solution global equation     at 2026-08-26 10:09:13 
                     istep=         307 iiter=           1
                     conver_load check
 resid=  4.832092279382564E-019 retot=   11069970.0097892     
 ratio1=  2.089269130958785E-013 ratio2=  1.302090875610234E-013
 nchek0=           0 toler_force=  1.000000000000000E-005
 nchek=           0
                    conver_nodal_value check
               Convergence check for displacement
 ratio1=  0.105247082904094      ratio2=  0.113130840360289     
                            not converged for checki=           1
 iiter=           2
Begin forming various matrix       at 2026-08-26 10:09:13 
 ktsmat=           0
 ntelgroup=           0
Begin solution global equation     at 2026-08-26 10:09:13 
                     istep=         307 iiter=           2
                     conver_load check
 resid=  2.687429271585113E-019 retot=   11069970.0097890     
 ratio1=  1.558099899109431E-013 ratio2=  1.114048413588707E-013
 nchek0=           0 toler_force=  1.000000000000000E-005
 nchek=           0
                    conver_nodal_value check
               Convergence check for displacement
 ratio1=  7.251073084604778E-015 ratio2=  8.171401800660112E-015
 nchek=           0
 ***********RESTART FILE IS UPDATED!*******
 time: 10:09:12
 iblks=           1 iincs=           1 istep=         308
 outinp=           0
 iiter=           1
Begin forming various matrix       at 2026-08-26 10:09:13 
 ktsmat=           0
Begin assemble golbal matrix       at 2026-08-26 10:09:13 
 ntelgroup=           0
Begin factorize global matrix      at 2026-08-26 10:09:13 
Begin solution global equation     at 2026-08-26 10:09:13 
                     istep=         308 iiter=           1
                     conver_load check
 resid=  2.185697685342009E-019 retot=   45180522.0816197     
 ratio1=  6.955356960762430E-014 ratio2=  4.402858801556589E-014
 nchek0=           0 toler_force=  1.000000000000000E-005
 nchek=           0
                    conver_nodal_value check
               Convergence check for displacement
 ratio1=  3.432269620112052E-002 ratio2=  3.552091631151098E-002
                            not converged for checki=           1
 iiter=           2
Begin forming various matrix       at 2026-08-26 10:09:13 
 ktsmat=           0
 ntelgroup=           0
Begin solution global equation     at 2026-08-26 10:09:13 
                     istep=         308 iiter=           2
                     conver_load check
 resid=  1.771213508689920E-019 retot=   45180522.0816195     
 ratio1=  6.261232565069210E-014 ratio2=  4.056045390150228E-014
 nchek0=           0 toler_force=  1.000000000000000E-005
 nchek=           0
                    conver_nodal_value check
               Convergence check for displacement
 ratio1=  2.624076236680882E-015 ratio2=  2.586794163536584E-015
 nchek=           0
 ***********RESTART FILE IS UPDATED!*******
 time: 10:09:12
 iblks=           1 iincs=           1 istep=         309
 outinp=           0
 iiter=           1
Begin forming various matrix       at 2026-08-26 10:09:13 
 ktsmat=           0
Begin assemble golbal matrix       at 2026-08-26 10:09:13 
 ntelgroup=           0
Begin factorize global matrix      at 2026-08-26 10:09:13 
Begin solution global equation     at 2026-08-26 10:09:13 
                     istep=         309 iiter=           1
                     conver_load check
 resid=  8.239551175019751E-020 retot=   70950581.9254815     
 ratio1=  3.407797632082512E-014 ratio2=  2.729426767527092E-014
 nchek0=           0 toler_force=  1.000000000000000E-005
 nchek=           0
                    conver_nodal_value check
               Convergence check for displacement
 ratio1=  1.294706712249717E-002 ratio2=  1.356636577674561E-002
                            not converged for checki=           1
 iiter=           2
Begin forming various matrix       at 2026-08-26 10:09:13 
 ktsmat=           0
 ntelgroup=           0
Begin solution global equation     at 2026-08-26 10:09:13 
                     istep=         309 iiter=           2
                     conver_load check
 resid=  4.650395365303060E-020 retot=   70950581.9254814     
 ratio1=  2.560159114454257E-014 ratio2=  1.581265535797450E-014
 nchek0=           0 toler_force=  1.000000000000000E-005
 nchek=           0
                    conver_nodal_value check
               Convergence check for displacement
 ratio1=  1.415820573228013E-015 ratio2=  1.502372305331230E-015
 nchek=           0
 ***********RESTART FILE IS UPDATED!*******
 time: 10:09:12
 iblks=           1 iincs=           1 istep=         310
 outinp=           0
 iiter=           1
Begin forming various matrix       at 2026-08-26 10:09:13 
 ktsmat=           0
Begin assemble golbal matrix       at 2026-08-26 10:09:13 
 ntelgroup=           0
Begin factorize global matrix      at 2026-08-26 10:09:13 
Begin solution global equation     at 2026-08-26 10:09:13 
                     istep=         310 iiter=           1
                     conver_load check
 resid=  5.085348596965029E-021 retot=   65744264.8744827     
 ratio1=  8.794910567263660E-015 ratio2=  7.274923510658529E-015
 nchek0=           0 toler_force=  1.000000000000000E-005
 nchek=           0
                    conver_nodal_value check
               Convergence check for displacement
 ratio1=  2.543356474974247E-003 ratio2=  1.824331239099828E-003
                            not converged for checki=           1
 iiter=           2
Begin forming various matrix       at 2026-08-26 10:09:13 
 ktsmat=           0
 ntelgroup=           0
Begin solution global equation     at 2026-08-26 10:09:13 
                     istep=         310 iiter=           2
                     conver_load check
 resid=  4.016680811649343E-021 retot=   65744264.8744828     
 ratio1=  7.816363066814846E-015 ratio2=  5.924829003198111E-015
 nchek0=           0 toler_force=  1.000000000000000E-005
 nchek=           0
                    conver_nodal_value check
               Convergence check for displacement
 ratio1=  6.385778485573042E-016 ratio2=  9.325951502099966E-016
 nchek=           0
 ***********RESTART FILE IS UPDATED!*******
 time: 10:09:12
 iblks=           1 iincs=           1 istep=         311
 outinp=           0
 iiter=           1
Begin forming various matrix       at 2026-08-26 10:09:13 
 ktsmat=           0
Begin assemble golbal matrix       at 2026-08-26 10:09:13 
 ntelgroup=           0
Begin factorize global matrix      at 2026-08-26 10:09:13 
Begin solution global equation     at 2026-08-26 10:09:13 
                     istep=         311 iiter=           1
                     conver_load check
 resid=  6.841367899932245E-020 retot=   35199140.0838485     
 ratio1=  4.408648214143011E-014 ratio2=  2.776664108683459E-014
 nchek0=           0 toler_force=  1.000000000000000E-005
 nchek=           0
                    conver_nodal_value check
               Convergence check for displacement
 ratio1=  2.130983227744577E-002 ratio2=  2.035492310284312E-002
                            not converged for checki=           1
 iiter=           2
Begin forming various matrix       at 2026-08-26 10:09:13 
 ktsmat=           0
 ntelgroup=           0
Begin solution global equation     at 2026-08-26 10:09:13 
                     istep=         311 iiter=           2
                     conver_load check
 resid=  6.344670939237484E-020 retot=   35199140.0838486     
 ratio1=  4.245594621780650E-014 ratio2=  3.190383052701021E-014
 nchek0=           0 toler_force=  1.000000000000000E-005
 nchek=           0
                    conver_nodal_value check
               Convergence check for displacement
 ratio1=  2.342556995430511E-015 ratio2=  2.318843971108244E-015
 nchek=           0
 ***********RESTART FILE IS UPDATED!*******
 time: 10:09:12
 iblks=           1 iincs=           1 istep=         312
 outinp=           0
 iiter=           1
Begin forming various matrix       at 2026-08-26 10:09:13 
 ktsmat=           0
Begin assemble golbal matrix       at 2026-08-26 10:09:13 
 ntelgroup=           0
Begin factorize global matrix      at 2026-08-26 10:09:13 
Begin solution global equation     at 2026-08-26 10:09:13 
                     istep=         312 iiter=           1
                     conver_load check
 resid=  2.620405975624989E-019 retot=   6135015.46991628     
 ratio1=  2.066695336474064E-013 ratio2=  1.377642037430719E-013
 nchek0=           0 toler_force=  1.000000000000000E-005
 nchek=           0
                    conver_nodal_value check
               Convergence check for displacement
 ratio1=  6.883915437659521E-002 ratio2=  6.529232902120671E-002
                            not converged for checki=           1
 iiter=           2
Begin forming various matrix       at 2026-08-26 10:09:13 
 ktsmat=           0
 ntelgroup=           0
Begin solution global equation     at 2026-08-26 10:09:13 
                     istep=         312 iiter=           2
                     conver_load check
 resid=  1.557594917938291E-019 retot=   6135015.46991633     
 ratio1=  1.593380249643697E-013 ratio2=  1.308732962342876E-013
 nchek0=           0 toler_force=  1.000000000000000E-005
 nchek=           0
                    conver_nodal_value check
               Convergence check for displacement
 ratio1=  2.796450450082656E-015 ratio2=  2.664860549536604E-015
 nchek=           0
 ***********RESTART FILE IS UPDATED!*******
 time: 10:09:12
 iblks=           1 iincs=           1 istep=         313
 outinp=           0
 iiter=           1
Begin forming various matrix       at 2026-08-26 10:09:13 
 ktsmat=           0
Begin assemble golbal matrix       at 2026-08-26 10:09:13 
 ntelgroup=           0
Begin factorize global matrix      at 2026-08-26 10:09:13 
Begin solution global equation     at 2026-08-26 10:09:13 
                     istep=         313 iiter=           1
                     conver_load check
 resid=  1.997758995725561E-019 retot=   1993450.88248053     
 ratio1=  3.165692867889676E-013 ratio2=  1.950513008589923E-013
 nchek0=           0 toler_force=  1.000000000000000E-005
 nchek=           0
                    conver_nodal_value check
               Convergence check for displacement
 ratio1=  0.327285220270416      ratio2=  0.427974170147886     
                            not converged for checki=           1
 iiter=           2
Begin forming various matrix       at 2026-08-26 10:09:13 
 ktsmat=           0
 ntelgroup=           0
Begin solution global equation     at 2026-08-26 10:09:13 
                     istep=         313 iiter=           2
                     conver_load check
 resid=  3.170851433888394E-019 retot=   1993450.88248050     
 ratio1=  3.988275745938588E-013 ratio2=  2.977165662989129E-013
 nchek0=           0 toler_force=  1.000000000000000E-005
 nchek=           0
                    conver_nodal_value check
               Convergence check for displacement
 ratio1=  1.613687196512986E-014 ratio2=  2.214687850219248E-014
 nchek=           0
 ***********RESTART FILE IS UPDATED!*******
 time: 10:09:12
 iblks=           1 iincs=           1 istep=         314
 outinp=           0
 iiter=           1
Begin forming various matrix       at 2026-08-26 10:09:13 
 ktsmat=           0
Begin assemble golbal matrix       at 2026-08-26 10:09:13 
 ntelgroup=           0
Begin factorize global matrix      at 2026-08-26 10:09:13 
Begin solution global equation     at 2026-08-26 10:09:13 
                     istep=         314 iiter=           1
                     conver_load check
 resid=  1.941493273340304E-019 retot=   23140626.1746843     
 ratio1=  9.159681903689687E-014 ratio2=  5.903186786655867E-014
 nchek0=           0 toler_force=  1.000000000000000E-005
 nchek=           0
                    conver_nodal_value check
               Convergence check for displacement
 ratio1=  5.001811110055263E-002 ratio2=  5.202724104063985E-002
                            not converged for checki=           1
 iiter=           2
Begin forming various matrix       at 2026-08-26 10:09:13 
 ktsmat=           0
 ntelgroup=           0
Begin solution global equation     at 2026-08-26 10:09:13 
                     istep=         314 iiter=           2
                     conver_load check
 resid=  1.656737143515243E-019 retot=   23140626.1746842     
 ratio1=  8.461342039958623E-014 ratio2=  6.237184917166933E-014
 nchek0=           0 toler_force=  1.000000000000000E-005
 nchek=           0
                    conver_nodal_value check
               Convergence check for displacement
 ratio1=  2.598184206298598E-015 ratio2=  2.535021631995658E-015
 nchek=           0
 ***********RESTART FILE IS UPDATED!*******
 time: 10:09:12
 iblks=           1 iincs=           1 istep=         315
 outinp=           0
 iiter=           1
Begin forming various matrix       at 2026-08-26 10:09:13 
 ktsmat=           0
Begin assemble golbal matrix       at 2026-08-26 10:09:13 
 ntelgroup=           0
Begin factorize global matrix      at 2026-08-26 10:09:13 
Begin solution global equation     at 2026-08-26 10:09:13 
                     istep=         315 iiter=           1
                     conver_load check
 resid=  8.477007083134974E-020 retot=   48418217.2329334     
 ratio1=  4.184242782897960E-014 ratio2=  2.631634010567876E-014
 nchek0=           0 toler_force=  1.000000000000000E-005
 nchek=           0
                    conver_nodal_value check
               Convergence check for displacement
 ratio1=  2.018151346308487E-002 ratio2=  2.092836457901652E-002
                            not converged for checki=           1
 iiter=           2
Begin forming various matrix       at 2026-08-26 10:09:13 
 ktsmat=           0
 ntelgroup=           0
Begin solution global equation     at 2026-08-26 10:09:13 
                     istep=         315 iiter=           2
                     conver_load check
 resid=  8.486087576493455E-020 retot=   48418217.2329333     
 ratio1=  4.186483244590503E-014 ratio2=  3.406499273348020E-014
 nchek0=           0 toler_force=  1.000000000000000E-005
 nchek=           0
                    conver_nodal_value check
               Convergence check for displacement
 ratio1=  1.943725275013823E-015 ratio2=  2.273325152011571E-015
 nchek=           0
 ***********RESTART FILE IS UPDATED!*******
 time: 10:09:12
 iblks=           1 iincs=           1 istep=         316
 outinp=           0
 iiter=           1
Begin forming various matrix       at 2026-08-26 10:09:13 
 ktsmat=           0
Begin assemble golbal matrix       at 2026-08-26 10:09:13 
 ntelgroup=           0
Begin factorize global matrix      at 2026-08-26 10:09:13 
Begin solution global equation     at 2026-08-26 10:09:13 
                     istep=         316 iiter=           1
                     conver_load check
 resid=  1.025949866719907E-020 retot=   54904629.8800186     
 ratio1=  1.366968747513928E-014 ratio2=  1.144651404695812E-014
 nchek0=           0 toler_force=  1.000000000000000E-005
 nchek=           0
                    conver_nodal_value check
               Convergence check for displacement
 ratio1=  3.846438922996082E-003 ratio2=  4.348991268136711E-003
                            not converged for checki=           1
 iiter=           2
Begin forming various matrix       at 2026-08-26 10:09:13 
 ktsmat=           0
 ntelgroup=           0
Begin solution global equation     at 2026-08-26 10:09:13 
                     istep=         316 iiter=           2
                     conver_load check
 resid=  8.599810846086371E-021 retot=   54904629.8800186     
 ratio1=  1.251526256533978E-014 ratio2=  1.079420525066469E-014
 nchek0=           0 toler_force=  1.000000000000000E-005
 nchek=           0
                    conver_nodal_value check
               Convergence check for displacement
 ratio1=  2.676959597173991E-016 ratio2=  2.704430907025817E-016
 nchek=           0
 ***********RESTART FILE IS UPDATED!*******
 time: 10:09:12
 iblks=           1 iincs=           1 istep=         317
 outinp=           0
 iiter=           1
Begin forming various matrix       at 2026-08-26 10:09:13 
 ktsmat=           0
Begin assemble golbal matrix       at 2026-08-26 10:09:13 
 ntelgroup=           0
Begin factorize global matrix      at 2026-08-26 10:09:13 
Begin solution global equation     at 2026-08-26 10:09:13 
                     istep=         317 iiter=           1
                     conver_load check
 resid=  1.881758187771162E-020 retot=   37582033.6794581     
 ratio1=  2.237647994485212E-014 ratio2=  1.633176273615362E-014
 nchek0=           0 toler_force=  1.000000000000000E-005
 nchek=           0
                    conver_nodal_value check
               Convergence check for displacement
 ratio1=  1.249338104902441E-002 ratio2=  1.173755698001280E-002
                            not converged for checki=           1
 iiter=           2
Begin forming various matrix       at 2026-08-26 10:09:13 
 ktsmat=           0
 ntelgroup=           0
Begin solution global equation     at 2026-08-26 10:09:13 
                     istep=         317 iiter=           2
                     conver_load check
 resid=  1.383549790743193E-020 retot=   37582033.6794582     
 ratio1=  1.918700805151909E-014 ratio2=  1.123339136974485E-014
 nchek0=           0 toler_force=  1.000000000000000E-005
 nchek=           0
                    conver_nodal_value check
               Convergence check for displacement
 ratio1=  1.206451642502488E-015 ratio2=  1.281686536326894E-015
 nchek=           0
 ***********RESTART FILE IS UPDATED!*******
 time: 10:09:12
 iblks=           1 iincs=           1 istep=         318
 outinp=           0
 iiter=           1
Begin forming various matrix       at 2026-08-26 10:09:13 
 ktsmat=           0
Begin assemble golbal matrix       at 2026-08-26 10:09:13 
 ntelgroup=           0
Begin factorize global matrix      at 2026-08-26 10:09:13 
Begin solution global equation     at 2026-08-26 10:09:13 
                     istep=         318 iiter=           1
                     conver_load check
 resid=  8.851455492663820E-020 retot=   12162439.5449706     
 ratio1=  8.530942165088807E-014 ratio2=  4.416278429743578E-014
 nchek0=           0 toler_force=  1.000000000000000E-005
 nchek=           0
                    conver_nodal_value check
               Convergence check for displacement
 ratio1=  4.122641712173073E-002 ratio2=  3.947121542172963E-002
                            not converged for checki=           1
 iiter=           2
Begin forming various matrix       at 2026-08-26 10:09:13 
 ktsmat=           0
 ntelgroup=           0
Begin solution global equation     at 2026-08-26 10:09:13 
                     istep=         318 iiter=           2
                     conver_load check
 resid=  1.337539515978700E-019 retot=   12162439.5449707     
 ratio1=  1.048679947157533E-013 ratio2=  8.500026298775168E-014
 nchek0=           0 toler_force=  1.000000000000000E-005
 nchek=           0
                    conver_nodal_value check
               Convergence check for displacement
 ratio1=  4.625389854683014E-015 ratio2=  5.917420962043661E-015
 nchek=           0
 ***********RESTART FILE IS UPDATED!*******
 time: 10:09:12
 iblks=           1 iincs=           1 istep=         319
 outinp=           0
 iiter=           1
Begin forming various matrix       at 2026-08-26 10:09:13 
 ktsmat=           0
Begin assemble golbal matrix       at 2026-08-26 10:09:13 
 ntelgroup=           0
Begin factorize global matrix      at 2026-08-26 10:09:13 
Begin solution global equation     at 2026-08-26 10:09:13 
                     istep=         319 iiter=           1
                     conver_load check
 resid=  2.140379012469853E-019 retot=   25456.7159469951     
 ratio1=  2.899640477248254E-012 ratio2=  1.326975743042869E-012
 nchek0=           0 toler_force=  1.000000000000000E-005
 nchek=           0
                    conver_nodal_value check
               Convergence check for displacement
 ratio1=  0.268176144315379      ratio2=  0.233513835477522     
                            not converged for checki=           1
 iiter=           2
Begin forming various matrix       at 2026-08-26 10:09:13 
 ktsmat=           0
 ntelgroup=           0
Begin solution global equation     at 2026-08-26 10:09:13 
                     istep=         319 iiter=           2
                     conver_load check
 resid=  1.563739440447478E-019 retot=   25456.7159469978     
 ratio1=  2.478454821091686E-012 ratio2=  1.221631755485698E-012
 nchek0=           0 toler_force=  1.000000000000000E-005
 nchek=           0
                    conver_nodal_value check
               Convergence check for displacement
 ratio1=  1.265459913445213E-014 ratio2=  1.295621421906744E-014
 nchek=           0
 ***********RESTART FILE IS UPDATED!*******
 time: 10:09:12
 iblks=           1 iincs=           1 istep=         320
 outinp=           0
 iiter=           1
Begin forming various matrix       at 2026-08-26 10:09:13 
 ktsmat=           0
Begin assemble golbal matrix       at 2026-08-26 10:09:13 
 ntelgroup=           0
Begin factorize global matrix      at 2026-08-26 10:09:13 
Begin solution global equation     at 2026-08-26 10:09:13 
                     istep=         320 iiter=           1
                     conver_load check
 resid=  2.123619394375496E-019 retot=   9545237.50967970     
 ratio1=  1.491574574997501E-013 ratio2=  8.919009787878248E-014
 nchek0=           0 toler_force=  1.000000000000000E-005
 nchek=           0
                    conver_nodal_value check
               Convergence check for displacement
 ratio1=  7.969600820666176E-002 ratio2=  8.425044942218249E-002
                            not converged for checki=           1
 iiter=           2
Begin forming various matrix       at 2026-08-26 10:09:13 
 ktsmat=           0
 ntelgroup=           0
Begin solution global equation     at 2026-08-26 10:09:13 
                     istep=         320 iiter=           2
                     conver_load check
 resid=  1.941357798257526E-019 retot=   9545237.50967964     
 ratio1=  1.426131007833079E-013 ratio2=  8.935644783833499E-014
 nchek0=           0 toler_force=  1.000000000000000E-005
 nchek=           0
                    conver_nodal_value check
               Convergence check for displacement
 ratio1=  6.612869031627833E-015 ratio2=  1.262340494617418E-014
 nchek=           0
 ***********RESTART FILE IS UPDATED!*******
 time: 10:09:12
 iblks=           1 iincs=           1 istep=         321
 outinp=           0
 iiter=           1
Begin forming various matrix       at 2026-08-26 10:09:13 
 ktsmat=           0
Begin assemble golbal matrix       at 2026-08-26 10:09:13 
 ntelgroup=           0
Begin factorize global matrix      at 2026-08-26 10:09:13 
Begin solution global equation     at 2026-08-26 10:09:13 
                     istep=         321 iiter=           1
                     conver_load check
 resid=  1.077881167440477E-019 retot=   30006709.2611102     
 ratio1=  5.993441309185491E-014 ratio2=  5.110094366728600E-014
 nchek0=           0 toler_force=  1.000000000000000E-005
 nchek=           0
                    conver_nodal_value check
               Convergence check for displacement
 ratio1=  2.922848355572817E-002 ratio2=  3.023430779286385E-002
                            not converged for checki=           1
 iiter=           2
Begin forming various matrix       at 2026-08-26 10:09:13 
 ktsmat=           0
 ntelgroup=           0
Begin solution global equation     at 2026-08-26 10:09:13 
                     istep=         321 iiter=           2
                     conver_load check
 resid=  7.983085819539331E-020 retot=   30006709.2611100     
 ratio1=  5.157939144385714E-014 ratio2=  3.148267416730300E-014
 nchek0=           0 toler_force=  1.000000000000000E-005
 nchek=           0
                    conver_nodal_value check
               Convergence check for displacement
 ratio1=  2.956378251519163E-015 ratio2=  3.084677764888688E-015
 nchek=           0
 ***********RESTART FILE IS UPDATED!*******
 time: 10:09:12
 iblks=           1 iincs=           1 istep=         322
 outinp=           0
 iiter=           1
Begin forming various matrix       at 2026-08-26 10:09:13 
 ktsmat=           0
Begin assemble golbal matrix       at 2026-08-26 10:09:13 
 ntelgroup=           0
Begin factorize global matrix      at 2026-08-26 10:09:13 
Begin solution global equation     at 2026-08-26 10:09:13 
                     istep=         322 iiter=           1
                     conver_load check
 resid=  2.316098756862812E-020 retot=   42275764.7638560     
 ratio1=  2.340630179386252E-014 ratio2=  1.930828588154925E-014
 nchek0=           0 toler_force=  1.000000000000000E-005
 nchek=           0
                    conver_nodal_value check
               Convergence check for displacement
 ratio1=  1.001470711647995E-002 ratio2=  1.059619023947087E-002
                            not converged for checki=           1
 iiter=           2
Begin forming various matrix       at 2026-08-26 10:09:13 
 ktsmat=           0
 ntelgroup=           0
Begin solution global equation     at 2026-08-26 10:09:13 
                     istep=         322 iiter=           2
                     conver_load check
 resid=  9.761506400679541E-021 retot=   42275764.7638560     
 ratio1=  1.519541919218653E-014 ratio2=  8.004898287226815E-015
 nchek0=           0 toler_force=  1.000000000000000E-005
 nchek=           0
                    conver_nodal_value check
               Convergence check for displacement
 ratio1=  6.154004732011589E-016 ratio2=  6.515148741353430E-016
 nchek=           0
 ***********RESTART FILE IS UPDATED!*******
 time: 10:09:12
 iblks=           1 iincs=           1 istep=         323
 outinp=           0
 iiter=           1
Begin forming various matrix       at 2026-08-26 10:09:13 
 ktsmat=           0
Begin assemble golbal matrix       at 2026-08-26 10:09:13 
 ntelgroup=           0
Begin factorize global matrix      at 2026-08-26 10:09:13 
Begin solution global equation     at 2026-08-26 10:09:13 
                     istep=         323 iiter=           1
                     conver_load check
 resid=  5.913812714018197E-021 retot=   35778219.7972218     
 ratio1=  1.285654929774453E-014 ratio2=  8.207474571706168E-015
 nchek0=           0 toler_force=  1.000000000000000E-005
 nchek=           0
                    conver_nodal_value check
               Convergence check for displacement
 ratio1=  5.390587630762631E-003 ratio2=  4.708916899071049E-003
                            not converged for checki=           1
 iiter=           2
Begin forming various matrix       at 2026-08-26 10:09:13 
 ktsmat=           0
 ntelgroup=           0
Begin solution global equation     at 2026-08-26 10:09:13 
                     istep=         323 iiter=           2
                     conver_load check
 resid=  3.130712963886090E-021 retot=   35778219.7972219     
 ratio1=  9.354320848939778E-015 ratio2=  5.197404400193096E-015
 nchek0=           0 toler_force=  1.000000000000000E-005
 nchek=           0
                    conver_nodal_value check
               Convergence check for displacement
 ratio1=  2.971695305845858E-016 ratio2=  2.990153754988807E-016
 nchek=           0
 ***********RESTART FILE IS UPDATED!*******
 time: 10:09:12
 iblks=           1 iincs=           1 istep=         324
 outinp=           0
 iiter=           1
Begin forming various matrix       at 2026-08-26 10:09:13 
 ktsmat=           0
Begin assemble golbal matrix       at 2026-08-26 10:09:13 
 ntelgroup=           0
Begin factorize global matrix      at 2026-08-26 10:09:13 
Begin solution global equation     at 2026-08-26 10:09:13 
                     istep=         324 iiter=           1
                     conver_load check
 resid=  9.569967993238517E-020 retot=   16813588.9283369     
 ratio1=  7.544405621832736E-014 ratio2=  5.351604250689377E-014
 nchek0=           0 toler_force=  1.000000000000000E-005
 nchek=           0
                    conver_nodal_value check
               Convergence check for displacement
 ratio1=  2.623368838086454E-002 ratio2=  2.512353303045255E-002
                            not converged for checki=           1
 iiter=           2
Begin forming various matrix       at 2026-08-26 10:09:13 
 ktsmat=           0
 ntelgroup=           0
Begin solution global equation     at 2026-08-26 10:09:13 
                     istep=         324 iiter=           2
                     conver_load check
 resid=  3.750692463256620E-020 retot=   16813588.9283370     
 ratio1=  4.723082321964030E-014 ratio2=  3.040120018752428E-014
 nchek0=           0 toler_force=  1.000000000000000E-005
 nchek=           0
                    conver_nodal_value check
               Convergence check for displacement
 ratio1=  5.191743612262532E-015 ratio2=  6.973393713345442E-015
 nchek=           0
 ***********RESTART FILE IS UPDATED!*******
 time: 10:09:12
 iblks=           1 iincs=           1 istep=         325
 outinp=           0
 iiter=           1
Begin forming various matrix       at 2026-08-26 10:09:13 
 ktsmat=           0
Begin assemble golbal matrix       at 2026-08-26 10:09:13 
 ntelgroup=           0
Begin factorize global matrix      at 2026-08-26 10:09:13 
Begin solution global equation     at 2026-08-26 10:09:13 
                     istep=         325 iiter=           1
                     conver_load check
 resid=  1.200558955563358E-019 retot=   1823034.07497053     
 ratio1=  2.566222761603599E-013 ratio2=  1.594511082648248E-013
 nchek0=           0 toler_force=  1.000000000000000E-005
 nchek=           0
                    conver_nodal_value check
               Convergence check for displacement
 ratio1=  9.186896582082792E-002 ratio2=  8.625189205244441E-002
                            not converged for checki=           1
 iiter=           2
Begin forming various matrix       at 2026-08-26 10:09:13 
 ktsmat=           0
 ntelgroup=           0
Begin solution global equation     at 2026-08-26 10:09:13 
                     istep=         325 iiter=           2
                     conver_load check
 resid=  9.159629080638975E-020 retot=   1823034.07497057     
 ratio1=  2.241514489144046E-013 ratio2=  1.412027235807499E-013
 nchek0=           0 toler_force=  1.000000000000000E-005
 nchek=           0
                    conver_nodal_value check
               Convergence check for displacement
 ratio1=  7.840099132681899E-015 ratio2=  7.835317019576947E-015
 nchek=           0
 ***********RESTART FILE IS UPDATED!*******
 time: 10:09:12
 iblks=           1 iincs=           1 istep=         326
 outinp=           0
 iiter=           1
Begin forming various matrix       at 2026-08-26 10:09:13 
 ktsmat=           0
Begin assemble golbal matrix       at 2026-08-26 10:09:13 
 ntelgroup=           0
Begin factorize global matrix      at 2026-08-26 10:09:13 
Begin solution global equation     at 2026-08-26 10:09:13 
                     istep=         326 iiter=           1
                     conver_load check
 resid=  1.389149769576954E-019 retot=   2563028.04562704     
 ratio1=  2.328079766634606E-013 ratio2=  1.968077235948864E-013
 nchek0=           0 toler_force=  1.000000000000000E-005
 nchek=           0
                    conver_nodal_value check
               Convergence check for displacement
 ratio1=  0.169242409932791      ratio2=  0.190800367218734     
                            not converged for checki=           1
 iiter=           2
Begin forming various matrix       at 2026-08-26 10:09:13 
 ktsmat=           0
 ntelgroup=           0
Begin solution global equation     at 2026-08-26 10:09:13 
                     istep=         326 iiter=           2
                     conver_load check
 resid=  1.029788105990877E-019 retot=   2563028.04562699     
 ratio1=  2.004459364897405E-013 ratio2=  1.152987533197668E-013
 nchek0=           0 toler_force=  1.000000000000000E-005
 nchek=           0
                    conver_nodal_value check
               Convergence check for displacement
 ratio1=  1.156250701977639E-014 ratio2=  1.390857915406869E-014
 nchek=           0
 ***********RESTART FILE IS UPDATED!*******
 time: 10:09:12
 iblks=           1 iincs=           1 istep=         327
 outinp=           0
 iiter=           1
Begin forming various matrix       at 2026-08-26 10:09:13 
 ktsmat=           0
Begin assemble golbal matrix       at 2026-08-26 10:09:13 
 ntelgroup=           0
Begin factorize global matrix      at 2026-08-26 10:09:13 
Begin solution global equation     at 2026-08-26 10:09:13 
                     istep=         327 iiter=           1
                     conver_load check
 resid=  1.699560986177495E-019 retot=   16468294.9043221     
 ratio1=  1.015883856249686E-013 ratio2=  7.751641938873540E-014
 nchek0=           0 toler_force=  1.000000000000000E-005
 nchek=           0
                    conver_nodal_value check
               Convergence check for displacement
 ratio1=  4.198684948793460E-002 ratio2=  4.353588322827285E-002
                            not converged for checki=           1
 iiter=           2
Begin forming various matrix       at 2026-08-26 10:09:13 
 ktsmat=           0
 ntelgroup=           0
Begin solution global equation     at 2026-08-26 10:09:13 
                     istep=         327 iiter=           2
                     conver_load check
 resid=  4.684791184379243E-020 retot=   16468294.9043220     
 ratio1=  5.333604409479330E-014 ratio2=  3.072130212382230E-014
 nchek0=           0 toler_force=  1.000000000000000E-005
 nchek=           0
                    conver_nodal_value check
               Convergence check for displacement
 ratio1=  3.128671834592701E-015 ratio2=  3.225691809862497E-015
 nchek=           0
 ***********RESTART FILE IS UPDATED!*******
 time: 10:09:12
 iblks=           1 iincs=           1 istep=         328
 outinp=           0
 iiter=           1
Begin forming various matrix       at 2026-08-26 10:09:13 
 ktsmat=           0
Begin assemble golbal matrix       at 2026-08-26 10:09:13 
 ntelgroup=           0
Begin factorize global matrix      at 2026-08-26 10:09:13 
Begin solution global equation     at 2026-08-26 10:09:13 
                     istep=         328 iiter=           1
                     conver_load check
 resid=  5.817007384199469E-020 retot=   29993417.2879026     
 ratio1=  4.403893752058911E-014 ratio2=  3.709468652845054E-014
 nchek0=           0 toler_force=  1.000000000000000E-005
 nchek=           0
                    conver_nodal_value check
               Convergence check for displacement
 ratio1=  1.677463433448400E-002 ratio2=  1.745274655997062E-002
                            not converged for checki=           1
 iiter=           2
Begin forming various matrix       at 2026-08-26 10:09:13 
 ktsmat=           0
 ntelgroup=           0
Begin solution global equation     at 2026-08-26 10:09:13 
                     istep=         328 iiter=           2
                     conver_load check
 resid=  3.619940905033352E-020 retot=   29993417.2879025     
 ratio1=  3.474063605404906E-014 ratio2=  2.382048768597065E-014
 nchek0=           0 toler_force=  1.000000000000000E-005
 nchek=           0
                    conver_nodal_value check
               Convergence check for displacement
 ratio1=  7.038000435104285E-016 ratio2=  8.828279995002630E-016
 nchek=           0
 ***********RESTART FILE IS UPDATED!*******
 time: 10:09:12
 iblks=           1 iincs=           1 istep=         329
 outinp=           0
 iiter=           1
Begin forming various matrix       at 2026-08-26 10:09:13 
 ktsmat=           0
Begin assemble golbal matrix       at 2026-08-26 10:09:13 
 ntelgroup=           0
Begin factorize global matrix      at 2026-08-26 10:09:13 
Begin solution global equation     at 2026-08-26 10:09:13 
                     istep=         329 iiter=           1
                     conver_load check
 resid=  1.276704216622660E-021 retot=   31037849.0873956     
 ratio1=  6.413562596089476E-015 ratio2=  4.821380653663380E-015
 nchek0=           0 toler_force=  1.000000000000000E-005
 nchek=           0
                    conver_nodal_value check
               Convergence check for displacement
 ratio1=  1.272860578421125E-003 ratio2=  1.596118316284287E-003
                            not converged for checki=           1
 iiter=           2
Begin forming various matrix       at 2026-08-26 10:09:13 
 ktsmat=           0
 ntelgroup=           0
Begin solution global equation     at 2026-08-26 10:09:13 
                     istep=         329 iiter=           2
                     conver_load check
 resid=  3.042606686936220E-021 retot=   31037849.0873956     
 ratio1=  9.900955284546713E-015 ratio2=  7.455289226675054E-015
 nchek0=           0 toler_force=  1.000000000000000E-005
 nchek=           0
                    conver_nodal_value check
               Convergence check for displacement
 ratio1=  7.055469259386303E-017 ratio2=  8.228416617850981E-017
 nchek=           0
 ***********RESTART FILE IS UPDATED!*******
 time: 10:09:12
 iblks=           1 iincs=           1 istep=         330
 outinp=           0
 iiter=           1
Begin forming various matrix       at 2026-08-26 10:09:13 
 ktsmat=           0
Begin assemble golbal matrix       at 2026-08-26 10:09:13 
 ntelgroup=           0
Begin factorize global matrix      at 2026-08-26 10:09:13 
Begin solution global equation     at 2026-08-26 10:09:13 
                     istep=         330 iiter=           1
                     conver_load check
 resid=  1.942934893485488E-020 retot=   19136177.7563731     
 ratio1=  3.186409041384629E-014 ratio2=  1.878300097159187E-014
 nchek0=           0 toler_force=  1.000000000000000E-005
 nchek=           0
                    conver_nodal_value check
               Convergence check for displacement
 ratio1=  1.616950003356139E-002 ratio2=  1.534186864741261E-002
                            not converged for checki=           1
 iiter=           2
Begin forming various matrix       at 2026-08-26 10:09:13 
 ktsmat=           0
 ntelgroup=           0
Begin solution global equation     at 2026-08-26 10:09:13 
                     istep=         330 iiter=           2
                     conver_load check
 resid=  2.283180745613311E-020 retot=   19136177.7563732     
 ratio1=  3.454160777667426E-014 ratio2=  2.240776082622448E-014
 nchek0=           0 toler_force=  1.000000000000000E-005
 nchek=           0
                    conver_nodal_value check
               Convergence check for displacement
 ratio1=  3.482106645245323E-015 ratio2=  4.645324503318165E-015
 nchek=           0
 ***********RESTART FILE IS UPDATED!*******
 time: 10:09:12
 iblks=           1 iincs=           1 istep=         331
 outinp=           0
 iiter=           1
Begin forming various matrix       at 2026-08-26 10:09:13 
 ktsmat=           0
Begin assemble golbal matrix       at 2026-08-26 10:09:13 
 ntelgroup=           0
Begin factorize global matrix      at 2026-08-26 10:09:13 
Begin solution global equation     at 2026-08-26 10:09:13 
                     istep=         331 iiter=           1
                     conver_load check
 resid=  8.170888723086561E-020 retot=   4913234.45865611     
 ratio1=  1.289587763112972E-013 ratio2=  8.619064647260461E-014
 nchek0=           0 toler_force=  1.000000000000000E-005
 nchek=           0
                    conver_nodal_value check
               Convergence check for displacement
 ratio1=  5.117971970457717E-002 ratio2=  4.886589332949268E-002
                            not converged for checki=           1
 iiter=           2
Begin forming various matrix       at 2026-08-26 10:09:13 
 ktsmat=           0
 ntelgroup=           0
Begin solution global equation     at 2026-08-26 10:09:13 
                     istep=         331 iiter=           2
                     conver_load check
 resid=  7.659926383192334E-020 retot=   4913234.45865615     
 ratio1=  1.248615015580618E-013 ratio2=  6.563931533103066E-014
 nchek0=           0 toler_force=  1.000000000000000E-005
 nchek=           0
                    conver_nodal_value check
               Convergence check for displacement
 ratio1=  2.471012833792863E-015 ratio2=  2.384314994222480E-015
 nchek=           0
 ***********RESTART FILE IS UPDATED!*******
 time: 10:09:12
 iblks=           1 iincs=           1 istep=         332
 outinp=           0
 iiter=           1
Begin forming various matrix       at 2026-08-26 10:09:13 
 ktsmat=           0
Begin assemble golbal matrix       at 2026-08-26 10:09:13 
 ntelgroup=           0
Begin factorize global matrix      at 2026-08-26 10:09:13 
Begin solution global equation     at 2026-08-26 10:09:13 
                     istep=         332 iiter=           1
                     conver_load check
 resid=  8.811456748994650E-020 retot=   135528.266813183     
 ratio1=  8.063227524473403E-013 ratio2=  5.013248755024768E-013
 nchek0=           0 toler_force=  1.000000000000000E-005
 nchek=           0
                    conver_nodal_value check
               Convergence check for displacement
 ratio1=  0.965459812517353      ratio2=  0.793524956690498     
                            not converged for checki=           1
 iiter=           2
Begin forming various matrix       at 2026-08-26 10:09:13 
 ktsmat=           0
 ntelgroup=           0
Begin solution global equation     at 2026-08-26 10:09:13 
                     istep=         332 iiter=           2
                     conver_load check
 resid=  6.870771558239871E-020 retot=   135528.266813176     
 ratio1=  7.120128184876132E-013 ratio2=  6.129366532426447E-013
 nchek0=           0 toler_force=  1.000000000000000E-005
 nchek=           0
                    conver_nodal_value check
               Convergence check for displacement
 ratio1=  5.419662368208565E-014 ratio2=  4.539022399133826E-014
 nchek=           0
 ***********RESTART FILE IS UPDATED!*******
 time: 10:09:12
 iblks=           1 iincs=           1 istep=         333
 outinp=           0
 iiter=           1
Begin forming various matrix       at 2026-08-26 10:09:13 
 ktsmat=           0
Begin assemble golbal matrix       at 2026-08-26 10:09:13 
 ntelgroup=           0
Begin factorize global matrix      at 2026-08-26 10:09:13 
Begin solution global equation     at 2026-08-26 10:09:13 
                     istep=         333 iiter=           1
                     conver_load check
 resid=  1.293861822487809E-019 retot=   7594254.03836841     
 ratio1=  1.305273102968380E-013 ratio2=  9.358923160822403E-014
 nchek0=           0 toler_force=  1.000000000000000E-005
 nchek=           0
                    conver_nodal_value check
               Convergence check for displacement
 ratio1=  6.348565614723671E-002 ratio2=  6.648366312707489E-002
                            not converged for checki=           1
 iiter=           2
Begin forming various matrix       at 2026-08-26 10:09:13 
 ktsmat=           0
 ntelgroup=           0
Begin solution global equation     at 2026-08-26 10:09:13 
                     istep=         333 iiter=           2
                     conver_load check
 resid=  8.509462005226995E-020 retot=   7594254.03836833     
 ratio1=  1.058542967775568E-013 ratio2=  5.642156979164342E-014
 nchek0=           0 toler_force=  1.000000000000000E-005
 nchek=           0
                    conver_nodal_value check
               Convergence check for displacement
 ratio1=  1.023134968715861E-014 ratio2=  1.424233976662579E-014
 nchek=           0
 ***********RESTART FILE IS UPDATED!*******
 time: 10:09:12
 iblks=           1 iincs=           1 istep=         334
 outinp=           0
 iiter=           1
Begin forming various matrix       at 2026-08-26 10:09:13 
 ktsmat=           0
Begin assemble golbal matrix       at 2026-08-26 10:09:13 
 ntelgroup=           0
Begin factorize global matrix      at 2026-08-26 10:09:13 
Begin solution global equation     at 2026-08-26 10:09:13 
                     istep=         334 iiter=           1
                     conver_load check
 resid=  4.693137771232181E-020 retot=   19452305.0584380     
 ratio1=  4.911861538532334E-014 ratio2=  2.836216684619646E-014
 nchek0=           0 toler_force=  1.000000000000000E-005
 nchek=           0
                    conver_nodal_value check
               Convergence check for displacement
 ratio1=  2.485270564614525E-002 ratio2=  2.572122448168902E-002
                            not converged for checki=           1
 iiter=           2
Begin forming various matrix       at 2026-08-26 10:09:13 
 ktsmat=           0
 ntelgroup=           0
Begin solution global equation     at 2026-08-26 10:09:13 
                     istep=         334 iiter=           2
                     conver_load check
 resid=  4.819591197275714E-020 retot=   19452305.0584380     
 ratio1=  4.977595090206304E-014 ratio2=  3.433989621300710E-014
 nchek0=           0 toler_force=  1.000000000000000E-005
 nchek=           0
                    conver_nodal_value check
               Convergence check for displacement
 ratio1=  1.400840295443454E-015 ratio2=  2.304845440255883E-015
 nchek=           0
 ***********RESTART FILE IS UPDATED!*******
 time: 10:09:12
 iblks=           1 iincs=           1 istep=         335
 outinp=           0
 iiter=           1
Begin forming various matrix       at 2026-08-26 10:09:13 
 ktsmat=           0
Begin assemble golbal matrix       at 2026-08-26 10:09:13 
 ntelgroup=           0
Begin factorize global matrix      at 2026-08-26 10:09:13 
Begin solution global equation     at 2026-08-26 10:09:13 
                     istep=         335 iiter=           1
                     conver_load check
 resid=  1.128704649451678E-020 retot=   24779053.5522597     
 ratio1=  2.134262333851330E-014 ratio2=  1.589953317588111E-014
 nchek0=           0 toler_force=  1.000000000000000E-005
 nchek=           0
                    conver_nodal_value check
               Convergence check for displacement
 ratio1=  7.197912765176000E-003 ratio2=  7.748231514035051E-003
                            not converged for checki=           1
 iiter=           2
Begin forming various matrix       at 2026-08-26 10:09:13 
 ktsmat=           0
 ntelgroup=           0
Begin solution global equation     at 2026-08-26 10:09:13 
                     istep=         335 iiter=           2
                     conver_load check
 resid=  4.363616351583074E-021 retot=   24779053.5522597     
 ratio1=  1.327030556412957E-014 ratio2=  8.912163755090587E-015
 nchek0=           0 toler_force=  1.000000000000000E-005
 nchek=           0
                    conver_nodal_value check
               Convergence check for displacement
 ratio1=  3.521037861858194E-016 ratio2=  3.714581527114361E-016
 nchek=           0
 ***********RESTART FILE IS UPDATED!*******
 time: 10:09:12
 iblks=           1 iincs=           1 istep=         336
 outinp=           0
 iiter=           1
Begin forming various matrix       at 2026-08-26 10:09:13 
 ktsmat=           0
Begin assemble golbal matrix       at 2026-08-26 10:09:13 
 ntelgroup=           0
Begin factorize global matrix      at 2026-08-26 10:09:13 
Begin solution global equation     at 2026-08-26 10:09:13 
                     istep=         336 iiter=           1
                     conver_load check
 resid=  5.415702051950655E-021 retot=   19111028.4962004     
 ratio1=  1.683392359351705E-014 ratio2=  9.481201660114859E-015
 nchek0=           0 toler_force=  1.000000000000000E-005
 nchek=           0
                    conver_nodal_value check
               Convergence check for displacement
 ratio1=  8.437468523685121E-003 ratio2=  7.738238666058317E-003
                            not converged for checki=           1
 iiter=           2
Begin forming various matrix       at 2026-08-26 10:09:13 
 ktsmat=           0
 ntelgroup=           0
Begin solution global equation     at 2026-08-26 10:09:13 
                     istep=         336 iiter=           2
                     conver_load check
 resid=  4.798726731535718E-021 retot=   19111028.4962004     
 ratio1=  1.584604845526468E-014 ratio2=  1.023956176420583E-014
 nchek0=           0 toler_force=  1.000000000000000E-005
 nchek=           0
                    conver_nodal_value check
               Convergence check for displacement
 ratio1=  4.529833528891126E-016 ratio2=  8.665419130697718E-016
 nchek=           0
 ***********RESTART FILE IS UPDATED!*******
 time: 10:09:12
 iblks=           1 iincs=           1 istep=         337
 outinp=           0
 iiter=           1
Begin forming various matrix       at 2026-08-26 10:09:13 
 ktsmat=           0
Begin assemble golbal matrix       at 2026-08-26 10:09:13 
 ntelgroup=           0
Begin factorize global matrix      at 2026-08-26 10:09:13 
Begin solution global equation     at 2026-08-26 10:09:13 
                     istep=         337 iiter=           1
                     conver_load check
 resid=  4.517073685673184E-020 retot=   7730296.91541323     
 ratio1=  7.644172871344294E-014 ratio2=  5.372256521129245E-014
 nchek0=           0 toler_force=  1.000000000000000E-005
 nchek=           0
                    conver_nodal_value check
               Convergence check for displacement
 ratio1=  3.210288362849352E-002 ratio2=  3.077155769582943E-002
                            not converged for checki=           1
 iiter=           2
Begin forming various matrix       at 2026-08-26 10:09:13 
 ktsmat=           0
 ntelgroup=           0
Begin solution global equation     at 2026-08-26 10:09:13 
                     istep=         337 iiter=           2
                     conver_load check
 resid=  3.298249353200908E-020 retot=   7730296.91541329     
 ratio1=  6.531962087719538E-014 ratio2=  3.807914634433988E-014
 nchek0=           0 toler_force=  1.000000000000000E-005
 nchek=           0
                    conver_nodal_value check
               Convergence check for displacement
 ratio1=  3.074045807877933E-015 ratio2=  2.947079460242014E-015
 nchek=           0
 ***********RESTART FILE IS UPDATED!*******
 time: 10:09:12
 iblks=           1 iincs=           1 istep=         338
 outinp=           0
 iiter=           1
Begin forming various matrix       at 2026-08-26 10:09:13 
 ktsmat=           0
Begin assemble golbal matrix       at 2026-08-26 10:09:13 
 ntelgroup=           0
Begin factorize global matrix      at 2026-08-26 10:09:13 
Begin solution global equation     at 2026-08-26 10:09:13 
                     istep=         338 iiter=           1
                     conver_load check
 resid=  5.599854884930204E-020 retot=   376142.675338568     
 ratio1=  3.858442937159303E-013 ratio2=  2.329701363367769E-013
 nchek0=           0 toler_force=  1.000000000000000E-005
 nchek=           0
                    conver_nodal_value check
               Convergence check for displacement
 ratio1=  0.132734051867763      ratio2=  0.122302012465182     
                            not converged for checki=           1
 iiter=           2
Begin forming various matrix       at 2026-08-26 10:09:13 
 ktsmat=           0
 ntelgroup=           0
Begin solution global equation     at 2026-08-26 10:09:13 
                     istep=         338 iiter=           2
                     conver_load check
 resid=  9.139498755484743E-020 retot=   376142.675338587     
 ratio1=  4.929295846568036E-013 ratio2=  2.726451876492059E-013
 nchek0=           0 toler_force=  1.000000000000000E-005
 nchek=           0
                    conver_nodal_value check
               Convergence check for displacement
 ratio1=  1.752580059451811E-014 ratio2=  1.581766971634210E-014
 nchek=           0
 ***********RESTART FILE IS UPDATED!*******
 time: 10:09:12
 iblks=           1 iincs=           1 istep=         339
 outinp=           0
 iiter=           1
Begin forming various matrix       at 2026-08-26 10:09:13 
 ktsmat=           0
Begin assemble golbal matrix       at 2026-08-26 10:09:13 
 ntelgroup=           0
Begin factorize global matrix      at 2026-08-26 10:09:13 
Begin solution global equation     at 2026-08-26 10:09:13 
                     istep=         339 iiter=           1
                     conver_load check
 resid=  6.936351974691938E-020 retot=   2587657.86347844     
 ratio1=  1.637239200121532E-013 ratio2=  1.269221459166665E-013
 nchek0=           0 toler_force=  1.000000000000000E-005
 nchek=           0
                    conver_nodal_value check
               Convergence check for displacement
 ratio1=  0.113214442881882      ratio2=  0.122362169102019     
                            not converged for checki=           1
 iiter=           2
Begin forming various matrix       at 2026-08-26 10:09:13 
 ktsmat=           0
 ntelgroup=           0
Begin solution global equation     at 2026-08-26 10:09:13 
                     istep=         339 iiter=           2
                     conver_load check
 resid=  7.249451757520832E-020 retot=   2587657.86347840     
 ratio1=  1.673783009636427E-013 ratio2=  1.522932560200141E-013
 nchek0=           0 toler_force=  1.000000000000000E-005
 nchek=           0
                    conver_nodal_value check
               Convergence check for displacement
 ratio1=  1.639866304835572E-014 ratio2=  2.158420643964065E-014
 nchek=           0
 ***********RESTART FILE IS UPDATED!*******
 time: 10:09:12
 iblks=           1 iincs=           1 istep=         340
 outinp=           0
 iiter=           1
Begin forming various matrix       at 2026-08-26 10:09:13 
 ktsmat=           0
Begin assemble golbal matrix       at 2026-08-26 10:09:13 
 ntelgroup=           0
Begin factorize global matrix      at 2026-08-26 10:09:13 
Begin solution global equation     at 2026-08-26 10:09:13 
                     istep=         340 iiter=           1
                     conver_load check
 resid=  5.458435025900108E-020 retot=   11324178.9094511     
 ratio1=  6.942736960960099E-014 ratio2=  5.056698909568191E-014
 nchek0=           0 toler_force=  1.000000000000000E-005
 nchek=           0
                    conver_nodal_value check
               Convergence check for displacement
 ratio1=  3.559094120214470E-002 ratio2=  3.683854711956244E-002
                            not converged for checki=           1
 iiter=           2
Begin forming various matrix       at 2026-08-26 10:09:13 
 ktsmat=           0
 ntelgroup=           0
Begin solution global equation     at 2026-08-26 10:09:13 
                     istep=         340 iiter=           2
                     conver_load check
 resid=  3.582941108719278E-020 retot=   11324178.9094510     
 ratio1=  5.624921603306819E-014 ratio2=  4.670613712082371E-014
 nchek0=           0 toler_force=  1.000000000000000E-005
 nchek=           0
                    conver_nodal_value check
               Convergence check for displacement
 ratio1=  4.731937819163935E-015 ratio2=  6.384812248590700E-015
 nchek=           0
 ***********RESTART FILE IS UPDATED!*******
 time: 10:09:12
 iblks=           1 iincs=           1 istep=         341
 outinp=           0
 iiter=           1
Begin forming various matrix       at 2026-08-26 10:09:13 
 ktsmat=           0
Begin assemble golbal matrix       at 2026-08-26 10:09:13 
 ntelgroup=           0
Begin factorize global matrix      at 2026-08-26 10:09:13 
Begin solution global equation     at 2026-08-26 10:09:13 
                     istep=         341 iiter=           1
                     conver_load check
 resid=  2.212931942575705E-020 retot=   18248315.1896780     
 ratio1=  3.482351792097181E-014 ratio2=  2.323276847309696E-014
 nchek0=           0 toler_force=  1.000000000000000E-005
 nchek=           0
                    conver_nodal_value check
               Convergence check for displacement
 ratio1=  1.362533929884641E-002 ratio2=  1.425191762789363E-002
                            not converged for checki=           1
 iiter=           2
Begin forming various matrix       at 2026-08-26 10:09:13 
 ktsmat=           0
 ntelgroup=           0
Begin solution global equation     at 2026-08-26 10:09:13 
                     istep=         341 iiter=           2
                     conver_load check
 resid=  1.717335625091859E-020 retot=   18248315.1896780     
 ratio1=  3.067723426445097E-014 ratio2=  1.830938029137897E-014
 nchek0=           0 toler_force=  1.000000000000000E-005
 nchek=           0
                    conver_nodal_value check
               Convergence check for displacement
 ratio1=  8.882592474842600E-016 ratio2=  9.547660366751474E-016
 nchek=           0
 ***********RESTART FILE IS UPDATED!*******
 time: 10:09:12
 iblks=           1 iincs=           1 istep=         342
 outinp=           0
 iiter=           1
Begin forming various matrix       at 2026-08-26 10:09:13 
 ktsmat=           0
Begin assemble golbal matrix       at 2026-08-26 10:09:13 
 ntelgroup=           0
Begin factorize global matrix      at 2026-08-26 10:09:13 
Begin solution global equation     at 2026-08-26 10:09:13 
                     istep=         342 iiter=           1
                     conver_load check
 resid=  9.183692813622296E-022 retot=   17255666.7744828     
 ratio1=  7.295294048651462E-015 ratio2=  4.122853444866631E-015
 nchek0=           0 toler_force=  1.000000000000000E-005
 nchek=           0
                    conver_nodal_value check
               Convergence check for displacement
 ratio1=  1.943551539106582E-003 ratio2=  1.256205007291683E-003
                            not converged for checki=           1
 iiter=           2
Begin forming various matrix       at 2026-08-26 10:09:13 
 ktsmat=           0
 ntelgroup=           0
Begin solution global equation     at 2026-08-26 10:09:13 
                     istep=         342 iiter=           2
                     conver_load check
 resid=  9.747461227038105E-022 retot=   17255666.7744828     
 ratio1=  7.515880830339719E-015 ratio2=  7.282783011574715E-015
 nchek0=           0 toler_force=  1.000000000000000E-005
 nchek=           0
                    conver_nodal_value check
               Convergence check for displacement
 ratio1=  2.677400677029859E-016 ratio2=  3.351946071093802E-016
 nchek=           0
 ***********RESTART FILE IS UPDATED!*******
 time: 10:09:12
 iblks=           1 iincs=           1 istep=         343
 outinp=           0
 iiter=           1
Begin forming various matrix       at 2026-08-26 10:09:13 
 ktsmat=           0
Begin assemble golbal matrix       at 2026-08-26 10:09:13 
 ntelgroup=           0
Begin factorize global matrix      at 2026-08-26 10:09:13 
Begin solution global equation     at 2026-08-26 10:09:13 
                     istep=         343 iiter=           1
                     conver_load check
 resid=  1.733391044242357E-020 retot=   9493855.87320525     
 ratio1=  4.272941598317190E-014 ratio2=  2.165220140432980E-014
 nchek0=           0 toler_force=  1.000000000000000E-005
 nchek=           0
                    conver_nodal_value check
               Convergence check for displacement
 ratio1=  2.029952485981051E-002 ratio2=  1.936994552281058E-002
                            not converged for checki=           1
 iiter=           2
Begin forming various matrix       at 2026-08-26 10:09:13 
 ktsmat=           0
 ntelgroup=           0
Begin solution global equation     at 2026-08-26 10:09:13 
                     istep=         343 iiter=           2
                     conver_load check
 resid=  2.241427000059946E-020 retot=   9493855.87320528     
 ratio1=  4.858933802865267E-014 ratio2=  3.345931384931961E-014
 nchek0=           0 toler_force=  1.000000000000000E-005
 nchek=           0
                    conver_nodal_value check
               Convergence check for displacement
 ratio1=  3.082304512634083E-015 ratio2=  3.989987752287938E-015
 nchek=           0
 ***********RESTART FILE IS UPDATED!*******
 time: 10:09:12
 iblks=           1 iincs=           1 istep=         344
 outinp=           0
 iiter=           1
Begin forming various matrix       at 2026-08-26 10:09:13 
 ktsmat=           0
Begin assemble golbal matrix       at 2026-08-26 10:09:13 
 ntelgroup=           0
Begin factorize global matrix      at 2026-08-26 10:09:13 
Begin solution global equation     at 2026-08-26 10:09:13 
                     istep=         344 iiter=           1
                     conver_load check
 resid=  6.054048189953111E-020 retot=   1798150.61657916     
 ratio1=  1.834889450157230E-013 ratio2=  1.266828803299438E-013
 nchek0=           0 toler_force=  1.000000000000000E-005
 nchek=           0
                    conver_nodal_value check
               Convergence check for displacement
 ratio1=  6.494634371178375E-002 ratio2=  6.169188556337400E-002
                            not converged for checki=           1
 iiter=           2
Begin forming various matrix       at 2026-08-26 10:09:13 
 ktsmat=           0
 ntelgroup=           0
Begin solution global equation     at 2026-08-26 10:09:13 
                     istep=         344 iiter=           2
                     conver_load check
 resid=  2.933393770954831E-020 retot=   1798150.61657919     
 ratio1=  1.277238936754865E-013 ratio2=  1.217165250720573E-013
 nchek0=           0 toler_force=  1.000000000000000E-005
 nchek=           0
                    conver_nodal_value check
               Convergence check for displacement
 ratio1=  1.130743774116165E-014 ratio2=  1.380988546115997E-014
 nchek=           0
 ***********RESTART FILE IS UPDATED!*******
 time: 10:09:12
 iblks=           1 iincs=           1 istep=         345
 outinp=           0
 iiter=           1
Begin forming various matrix       at 2026-08-26 10:09:13 
 ktsmat=           0
Begin assemble golbal matrix       at 2026-08-26 10:09:13 
 ntelgroup=           0
Begin factorize global matrix      at 2026-08-26 10:09:13 
Begin solution global equation     at 2026-08-26 10:09:13 
                     istep=         345 iiter=           1
                     conver_load check
 resid=  7.721060363671556E-020 retot=   408319.858638893     
 ratio1=  4.348487467171596E-013 ratio2=  2.658795563486400E-013
 nchek0=           0 toler_force=  1.000000000000000E-005
 nchek=           0
                    conver_nodal_value check
               Convergence check for displacement
 ratio1=  0.411286375480067      ratio2=  0.594718944592158     
                            not converged for checki=           1
 iiter=           2
Begin forming various matrix       at 2026-08-26 10:09:13 
 ktsmat=           0
 ntelgroup=           0
Begin solution global equation     at 2026-08-26 10:09:13 
                     istep=         345 iiter=           2
                     conver_load check
 resid=  7.303460347079930E-020 retot=   408319.858638883     
 ratio1=  4.229257096076990E-013 ratio2=  3.971333468775822E-013
 nchek0=           0 toler_force=  1.000000000000000E-005
 nchek=           0
                    conver_nodal_value check
               Convergence check for displacement
 ratio1=  2.170642407277064E-014 ratio2=  3.172672920427491E-014
 nchek=           0
 ***********RESTART FILE IS UPDATED!*******
 time: 10:09:12
 iblks=           1 iincs=           1 istep=         346
 outinp=           0
 iiter=           1
Begin forming various matrix       at 2026-08-26 10:09:13 
 ktsmat=           0
Begin assemble golbal matrix       at 2026-08-26 10:09:13 
 ntelgroup=           0
Begin factorize global matrix      at 2026-08-26 10:09:13 
Begin solution global equation     at 2026-08-26 10:09:13 
                     istep=         346 iiter=           1
                     conver_load check
 resid=  5.557860554827988E-020 retot=   5700683.53020808     
 ratio1=  9.873937117617563E-014 ratio2=  6.929235248472891E-014
 nchek0=           0 toler_force=  1.000000000000000E-005
 nchek=           0
                    conver_nodal_value check
               Convergence check for displacement
 ratio1=  5.213615399026849E-002 ratio2=  5.428548603776628E-002
                            not converged for checki=           1
 iiter=           2
Begin forming various matrix       at 2026-08-26 10:09:13 
 ktsmat=           0
 ntelgroup=           0
Begin solution global equation     at 2026-08-26 10:09:13 
                     istep=         346 iiter=           2
                     conver_load check
 resid=  4.644259938702781E-020 retot=   5700683.53020804     
 ratio1=  9.025988867500526E-014 ratio2=  4.927629385921906E-014
 nchek0=           0 toler_force=  1.000000000000000E-005
 nchek=           0
                    conver_nodal_value check
               Convergence check for displacement
 ratio1=  4.395933748488792E-015 ratio2=  4.501968237145184E-015
 nchek=           0
 ***********RESTART FILE IS UPDATED!*******
 time: 10:09:12
 iblks=           1 iincs=           1 istep=         347
 outinp=           0
 iiter=           1
Begin forming various matrix       at 2026-08-26 10:09:13 
 ktsmat=           0
Begin assemble golbal matrix       at 2026-08-26 10:09:13 
 ntelgroup=           0
Begin factorize global matrix      at 2026-08-26 10:09:13 
Begin solution global equation     at 2026-08-26 10:09:13 
                     istep=         347 iiter=           1
                     conver_load check
 resid=  2.394962278074415E-020 retot=   12341065.0173399     
 ratio1=  4.405274939629198E-014 ratio2=  3.278044776307053E-014
 nchek0=           0 toler_force=  1.000000000000000E-005
 nchek=           0
                    conver_nodal_value check
               Convergence check for displacement
 ratio1=  2.099573511738335E-002 ratio2=  2.176392038002554E-002
                            not converged for checki=           1
 iiter=           2
Begin forming various matrix       at 2026-08-26 10:09:13 
 ktsmat=           0
 ntelgroup=           0
Begin solution global equation     at 2026-08-26 10:09:13 
                     istep=         347 iiter=           2
                     conver_load check
 resid=  1.614612755859588E-020 retot=   12341065.0173399     
 ratio1=  3.617077960679988E-014 ratio2=  2.106875881677876E-014
 nchek0=           0 toler_force=  1.000000000000000E-005
 nchek=           0
                    conver_nodal_value check
               Convergence check for displacement
 ratio1=  1.085718762664547E-015 ratio2=  1.006324029839008E-015
 nchek=           0
 ***********RESTART FILE IS UPDATED!*******
 time: 10:09:12
 iblks=           1 iincs=           1 istep=         348
 outinp=           0
 iiter=           1
Begin forming various matrix       at 2026-08-26 10:09:13 
 ktsmat=           0
Begin assemble golbal matrix       at 2026-08-26 10:09:13 
 ntelgroup=           0
Begin factorize global matrix      at 2026-08-26 10:09:13 
Begin solution global equation     at 2026-08-26 10:09:13 
                     istep=         348 iiter=           1
                     conver_load check
 resid=  3.266712370411404E-021 retot=   14290044.8042251     
 ratio1=  1.511954261210188E-014 ratio2=  1.156881693612963E-014
 nchek0=           0 toler_force=  1.000000000000000E-005
 nchek=           0
                    conver_nodal_value check
               Convergence check for displacement
 ratio1=  4.455863995289660E-003 ratio2=  4.971127469546919E-003
                            not converged for checki=           1
 iiter=           2
Begin forming various matrix       at 2026-08-26 10:09:13 
 ktsmat=           0
 ntelgroup=           0
Begin solution global equation     at 2026-08-26 10:09:13 
                     istep=         348 iiter=           2
                     conver_load check
 resid=  3.128805467331511E-021 retot=   14290044.8042251     
 ratio1=  1.479695951937119E-014 ratio2=  1.121967725982886E-014
 nchek0=           0 toler_force=  1.000000000000000E-005
 nchek=           0
                    conver_nodal_value check
               Convergence check for displacement
 ratio1=  2.560449177925136E-016 ratio2=  2.692840844554286E-016
 nchek=           0
 ***********RESTART FILE IS UPDATED!*******
 time: 10:09:12
 iblks=           1 iincs=           1 istep=         349
 outinp=           0
 iiter=           1
Begin forming various matrix       at 2026-08-26 10:09:13 
 ktsmat=           0
Begin assemble golbal matrix       at 2026-08-26 10:09:13 
 ntelgroup=           0
Begin factorize global matrix      at 2026-08-26 10:09:13 
Begin solution global equation     at 2026-08-26 10:09:13 
                     istep=         349 iiter=           1
                     conver_load check
 resid=  8.874410245718223E-021 retot=   10004244.2179981     
 ratio1=  2.978362864134109E-014 ratio2=  2.239615213143686E-014
 nchek0=           0 toler_force=  1.000000000000000E-005
 nchek=           0
                    conver_nodal_value check
               Convergence check for displacement
 ratio1=  1.171714906947262E-002 ratio2=  1.097507673881138E-002
                            not converged for checki=           1
 iiter=           2
Begin forming various matrix       at 2026-08-26 10:09:13 
 ktsmat=           0
 ntelgroup=           0
Begin solution global equation     at 2026-08-26 10:09:13 
                     istep=         349 iiter=           2
                     conver_load check
 resid=  8.542692139241922E-021 retot=   10004244.2179981     
 ratio1=  2.922168368291650E-014 ratio2=  2.160539559272131E-014
 nchek0=           0 toler_force=  1.000000000000000E-005
 nchek=           0
                    conver_nodal_value check
               Convergence check for displacement
 ratio1=  9.682071306988096E-016 ratio2=  1.044824183043320E-015
 nchek=           0
 ***********RESTART FILE IS UPDATED!*******
 time: 10:09:12
 iblks=           1 iincs=           1 istep=         350
 outinp=           0
 iiter=           1
Begin forming various matrix       at 2026-08-26 10:09:13 
 ktsmat=           0
Begin assemble golbal matrix       at 2026-08-26 10:09:13 
 ntelgroup=           0
Begin factorize global matrix      at 2026-08-26 10:09:13 
Begin solution global equation     at 2026-08-26 10:09:13 
                     istep=         350 iiter=           1
                     conver_load check
 resid=  2.057433611743396E-020 retot=   3387021.89775449     
 ratio1=  7.793883557283937E-014 ratio2=  4.960467657030647E-014
 nchek0=           0 toler_force=  1.000000000000000E-005
 nchek=           0
                    conver_nodal_value check
               Convergence check for displacement
 ratio1=  3.934684076377133E-002 ratio2=  3.768968652856960E-002
                            not converged for checki=           1
 iiter=           2
Begin forming various matrix       at 2026-08-26 10:09:13 
 ktsmat=           0
 ntelgroup=           0
Begin solution global equation     at 2026-08-26 10:09:13 
                     istep=         350 iiter=           2
                     conver_load check
 resid=  2.616318015993823E-020 retot=   3387021.89775450     
 ratio1=  8.788935224102851E-014 ratio2=  4.695253535769403E-014
 nchek0=           0 toler_force=  1.000000000000000E-005
 nchek=           0
                    conver_nodal_value check
               Convergence check for displacement
 ratio1=  1.202362651686202E-015 ratio2=  1.156509985631861E-015
 nchek=           0
 ***********RESTART FILE IS UPDATED!*******
 time: 10:09:12
 iblks=           1 iincs=           1 istep=         351
 outinp=           0
 iiter=           1
Begin forming various matrix       at 2026-08-26 10:09:13 
 ktsmat=           0
Begin assemble golbal matrix       at 2026-08-26 10:09:13 
 ntelgroup=           0
Begin factorize global matrix      at 2026-08-26 10:09:13 
Begin solution global equation     at 2026-08-26 10:09:13 
                     istep=         351 iiter=           1
                     conver_load check
 resid=  4.286407349844853E-020 retot=   22540.7602513827     
 ratio1=  1.378994203273560E-012 ratio2=  7.289002475814997E-013
 nchek0=           0 toler_force=  1.000000000000000E-005
 nchek=           0
                    conver_nodal_value check
               Convergence check for displacement
 ratio1=  0.227053171657203      ratio2=  0.200884705216081     
                            not converged for checki=           1
 iiter=           2
Begin forming various matrix       at 2026-08-26 10:09:13 
 ktsmat=           0
 ntelgroup=           0
Begin solution global equation     at 2026-08-26 10:09:13 
                     istep=         351 iiter=           2
                     conver_load check
 resid=  4.603980408270599E-020 retot=   22540.7602513854     
 ratio1=  1.429165268795723E-012 ratio2=  9.626592380692633E-013
 nchek0=           0 toler_force=  1.000000000000000E-005
 nchek=           0
                    conver_nodal_value check
               Convergence check for displacement
 ratio1=  2.164747686809401E-014 ratio2=  1.895147674595994E-014
 nchek=           0
 ***********RESTART FILE IS UPDATED!*******
 time: 10:09:12
 iblks=           1 iincs=           1 istep=         352
 outinp=           0
 iiter=           1
Begin forming various matrix       at 2026-08-26 10:09:13 
 ktsmat=           0
Begin assemble golbal matrix       at 2026-08-26 10:09:13 
 ntelgroup=           0
Begin factorize global matrix      at 2026-08-26 10:09:13 
Begin solution global equation     at 2026-08-26 10:09:13 
                     istep=         352 iiter=           1
                     conver_load check
 resid=  5.557752817415733E-020 retot=   2282609.25371519     
 ratio1=  1.560392402103645E-013 ratio2=  1.117961908817053E-013
 nchek0=           0 toler_force=  1.000000000000000E-005
 nchek=           0
                    conver_nodal_value check
               Convergence check for displacement
 ratio1=  8.437896180859020E-002 ratio2=  8.945849971111264E-002
                            not converged for checki=           1
 iiter=           2
Begin forming various matrix       at 2026-08-26 10:09:13 
 ktsmat=           0
 ntelgroup=           0
Begin solution global equation     at 2026-08-26 10:09:13 
                     istep=         352 iiter=           2
                     conver_load check
 resid=  5.218674414445221E-020 retot=   2282609.25371517     
 ratio1=  1.512043600951489E-013 ratio2=  1.008009555184916E-013
 nchek0=           0 toler_force=  1.000000000000000E-005
 nchek=           0
                    conver_nodal_value check
               Convergence check for displacement
 ratio1=  4.129154997363869E-015 ratio2=  5.472744230116673E-015
 nchek=           0
 ***********RESTART FILE IS UPDATED!*******
 time: 10:09:12
 iblks=           1 iincs=           1 istep=         353
 outinp=           0
 iiter=           1
Begin forming various matrix       at 2026-08-26 10:09:13 
 ktsmat=           0
Begin assemble golbal matrix       at 2026-08-26 10:09:13 
 ntelgroup=           0
Begin factorize global matrix      at 2026-08-26 10:09:13 
Begin solution global equation     at 2026-08-26 10:09:13 
                     istep=         353 iiter=           1
                     conver_load check
 resid=  3.513815664293653E-020 retot=   7565565.83011185     
 ratio1=  6.815045818548772E-014 ratio2=  4.927458417353856E-014
 nchek0=           0 toler_force=  1.000000000000000E-005
 nchek=           0
                    conver_nodal_value check
               Convergence check for displacement
 ratio1=  3.029994488706408E-002 ratio2=  3.134075789508529E-002
                            not converged for checki=           1
 iiter=           2
Begin forming various matrix       at 2026-08-26 10:09:13 
 ktsmat=           0
 ntelgroup=           0
Begin solution global equation     at 2026-08-26 10:09:13 
                     istep=         353 iiter=           2
                     conver_load check
 resid=  1.799927203912375E-020 retot=   7565565.83011182     
 ratio1=  4.877606527088038E-014 ratio2=  3.153237965035902E-014
 nchek0=           0 toler_force=  1.000000000000000E-005
 nchek=           0
                    conver_nodal_value check
               Convergence check for displacement
 ratio1=  1.465641664154804E-015 ratio2=  1.631714291793765E-015
 nchek=           0
 ***********RESTART FILE IS UPDATED!*******
 time: 10:09:12
 iblks=           1 iincs=           1 istep=         354
 outinp=           0
 iiter=           1
Begin forming various matrix       at 2026-08-26 10:09:13 
 ktsmat=           0
Begin assemble golbal matrix       at 2026-08-26 10:09:13 
 ntelgroup=           0
Begin factorize global matrix      at 2026-08-26 10:09:13 
Begin solution global equation     at 2026-08-26 10:09:13 
                     istep=         354 iiter=           1
                     conver_load check
 resid=  9.225742200281921E-021 retot=   10914154.8680464     
 ratio1=  2.907405457869000E-014 ratio2=  1.848199803938490E-014
 nchek0=           0 toler_force=  1.000000000000000E-005
 nchek=           0
                    conver_nodal_value check
               Convergence check for displacement
 ratio1=  1.066059883186085E-002 ratio2=  1.124793595916550E-002
                            not converged for checki=           1
 iiter=           2
Begin forming various matrix       at 2026-08-26 10:09:13 
 ktsmat=           0
 ntelgroup=           0
Begin solution global equation     at 2026-08-26 10:09:13 
                     istep=         354 iiter=           2
                     conver_load check
 resid=  4.603815292362421E-021 retot=   10914154.8680464     
 ratio1=  2.053827145275600E-014 ratio2=  1.172289948722252E-014
 nchek0=           0 toler_force=  1.000000000000000E-005
 nchek=           0
                    conver_nodal_value check
               Convergence check for displacement
 ratio1=  7.873838813130635E-016 ratio2=  8.086810493384124E-016
 nchek=           0
 ***********RESTART FILE IS UPDATED!*******
 time: 10:09:12
 iblks=           1 iincs=           1 istep=         355
 outinp=           0
 iiter=           1
Begin forming various matrix       at 2026-08-26 10:09:13 
 ktsmat=           0
Begin assemble golbal matrix       at 2026-08-26 10:09:13 
 ntelgroup=           0
Begin factorize global matrix      at 2026-08-26 10:09:13 
Begin solution global equation     at 2026-08-26 10:09:13 
                     istep=         355 iiter=           1
                     conver_load check
 resid=  1.675589154462756E-021 retot=   9428425.11517628     
 ratio1=  1.333104493485381E-014 ratio2=  9.011532363987928E-015
 nchek0=           0 toler_force=  1.000000000000000E-005
 nchek=           0
                    conver_nodal_value check
               Convergence check for displacement
 ratio1=  4.731904078139650E-003 ratio2=  4.049483222690362E-003
                            not converged for checki=           1
 iiter=           2
Begin forming various matrix       at 2026-08-26 10:09:13 
 ktsmat=           0
 ntelgroup=           0
Begin solution global equation     at 2026-08-26 10:09:13 
                     istep=         355 iiter=           2
                     conver_load check
 resid=  1.196170652272104E-021 retot=   9428425.11517628     
 ratio1=  1.126359414614982E-014 ratio2=  6.343421492114020E-015
 nchek0=           0 toler_force=  1.000000000000000E-005
 nchek=           0
                    conver_nodal_value check
               Convergence check for displacement
 ratio1=  6.134286188615043E-016 ratio2=  8.109758191354301E-016
 nchek=           0
 ***********RESTART FILE IS UPDATED!*******
 time: 10:09:12
 iblks=           1 iincs=           1 istep=         356
 outinp=           0
 iiter=           1
Begin forming various matrix       at 2026-08-26 10:09:13 
 ktsmat=           0
Begin assemble golbal matrix       at 2026-08-26 10:09:13 
 ntelgroup=           0
Begin factorize global matrix      at 2026-08-26 10:09:13 
Begin solution global equation     at 2026-08-26 10:09:13 
                     istep=         356 iiter=           1
                     conver_load check
 resid=  1.832858368254825E-020 retot=   4569439.42530249     
 ratio1=  6.333342737710656E-014 ratio2=  4.904502857500832E-014
 nchek0=           0 toler_force=  1.000000000000000E-005
 nchek=           0
                    conver_nodal_value check
               Convergence check for displacement
 ratio1=  2.505288468327984E-002 ratio2=  2.398034956085845E-002
                            not converged for checki=           1
 iiter=           2
Begin forming various matrix       at 2026-08-26 10:09:13 
 ktsmat=           0
 ntelgroup=           0
Begin solution global equation     at 2026-08-26 10:09:13 
                     istep=         356 iiter=           2
                     conver_load check
 resid=  1.514541338791146E-020 retot=   4569439.42530251     
 ratio1=  5.757170662225416E-014 ratio2=  4.062782479780967E-014
 nchek0=           0 toler_force=  1.000000000000000E-005
 nchek=           0
                    conver_nodal_value check
               Convergence check for displacement
 ratio1=  3.256326845758763E-015 ratio2=  3.822184096735538E-015
 nchek=           0
 ***********RESTART FILE IS UPDATED!*******
 time: 10:09:12
 iblks=           1 iincs=           1 istep=         357
 outinp=           0
 iiter=           1
Begin forming various matrix       at 2026-08-26 10:09:13 
 ktsmat=           0
Begin assemble golbal matrix       at 2026-08-26 10:09:13 
 ntelgroup=           0
Begin factorize global matrix      at 2026-08-26 10:09:13 
Begin solution global equation     at 2026-08-26 10:09:13 
                     istep=         357 iiter=           1
                     conver_load check
 resid=  2.686041563162422E-020 retot=   561789.543842384     
 ratio1=  2.186600979942009E-013 ratio2=  1.489632616188075E-013
 nchek0=           0 toler_force=  1.000000000000000E-005
 nchek=           0
                    conver_nodal_value check
               Convergence check for displacement
 ratio1=  8.564002213406115E-002 ratio2=  8.062370123855114E-002
                            not converged for checki=           1
 iiter=           2
Begin forming various matrix       at 2026-08-26 10:09:13 
 ktsmat=           0
 ntelgroup=           0
Begin solution global equation     at 2026-08-26 10:09:13 
                     istep=         357 iiter=           2
                     conver_load check
 resid=  2.024050096849356E-020 retot=   561789.543842393     
 ratio1=  1.898120601349282E-013 ratio2=  1.202392378371792E-013
 nchek0=           0 toler_force=  1.000000000000000E-005
 nchek=           0
                    conver_nodal_value check
               Convergence check for displacement
 ratio1=  6.743995712075074E-015 ratio2=  6.752385098549556E-015
 nchek=           0
 ***********RESTART FILE IS UPDATED!*******
 time: 10:09:12
 iblks=           1 iincs=           1 istep=         358
 outinp=           0
 iiter=           1
Begin forming various matrix       at 2026-08-26 10:09:13 
 ktsmat=           0
Begin assemble golbal matrix       at 2026-08-26 10:09:13 
 ntelgroup=           0
Begin factorize global matrix      at 2026-08-26 10:09:13 
Begin solution global equation     at 2026-08-26 10:09:13 
                     istep=         358 iiter=           1
                     conver_load check
 resid=  4.665358300515497E-020 retot=   571054.033115446     
 ratio1=  2.858274271593283E-013 ratio2=  1.951597364357458E-013
 nchek0=           0 toler_force=  1.000000000000000E-005
 nchek=           0
                    conver_nodal_value check
               Convergence check for displacement
 ratio1=  0.190106630372256      ratio2=  0.218030221483652     
                            not converged for checki=           1
 iiter=           2
Begin forming various matrix       at 2026-08-26 10:09:13 
 ktsmat=           0
 ntelgroup=           0
Begin solution global equation     at 2026-08-26 10:09:13 
                     istep=         358 iiter=           2
                     conver_load check
 resid=  3.187716593028033E-020 retot=   571054.033115436     
 ratio1=  2.362660115639006E-013 ratio2=  1.397225352702528E-013
 nchek0=           0 toler_force=  1.000000000000000E-005
 nchek=           0
                    conver_nodal_value check
               Convergence check for displacement
 ratio1=  1.184562626806269E-014 ratio2=  1.339679853923911E-014
 nchek=           0
 ***********RESTART FILE IS UPDATED!*******
 time: 10:09:12
 iblks=           1 iincs=           1 istep=         359
 outinp=           0
 iiter=           1
Begin forming various matrix       at 2026-08-26 10:09:14 
 ktsmat=           0
Begin assemble golbal matrix       at 2026-08-26 10:09:14 
 ntelgroup=           0
Begin factorize global matrix      at 2026-08-26 10:09:14 
Begin solution global equation     at 2026-08-26 10:09:14 
                     istep=         359 iiter=           1
                     conver_load check
 resid=  1.953585594386361E-020 retot=   4092412.05310032     
 ratio1=  6.909180593887829E-014 ratio2=  3.953313136022815E-014
 nchek0=           0 toler_force=  1.000000000000000E-005
 nchek=           0
                    conver_nodal_value check
               Convergence check for displacement
 ratio1=  4.362916230247151E-002 ratio2=  4.526673115650652E-002
                            not converged for checki=           1
 iiter=           2
Begin forming various matrix       at 2026-08-26 10:09:14 
 ktsmat=           0
 ntelgroup=           0
Begin solution global equation     at 2026-08-26 10:09:14 
                     istep=         359 iiter=           2
                     conver_load check
 resid=  2.075216004814745E-020 retot=   4092412.05310030     
 ratio1=  7.121016245513463E-014 ratio2=  4.418159922804720E-014
 nchek0=           0 toler_force=  1.000000000000000E-005
 nchek=           0
                    conver_nodal_value check
               Convergence check for displacement
 ratio1=  2.684486940985248E-015 ratio2=  3.085232175477144E-015
 nchek=           0
 ***********RESTART FILE IS UPDATED!*******
 time: 10:09:12
 iblks=           1 iincs=           1 istep=         360
 outinp=           0
 iiter=           1
Begin forming various matrix       at 2026-08-26 10:09:14 
 ktsmat=           0
Begin assemble golbal matrix       at 2026-08-26 10:09:14 
 ntelgroup=           0
Begin factorize global matrix      at 2026-08-26 10:09:14 
Begin solution global equation     at 2026-08-26 10:09:14 
                     istep=         360 iiter=           1
                     conver_load check
 resid=  1.277295849595059E-020 retot=   7677122.31238349     
 ratio1=  4.078932519594321E-014 ratio2=  2.672531091475639E-014
 nchek0=           0 toler_force=  1.000000000000000E-005
 nchek=           0
                    conver_nodal_value check
               Convergence check for displacement
 ratio1=  1.751775203802055E-002 ratio2=  1.821164668020611E-002
                            not converged for checki=           1
 iiter=           2
Begin forming various matrix       at 2026-08-26 10:09:14 
 ktsmat=           0
 ntelgroup=           0
Begin solution global equation     at 2026-08-26 10:09:14 
                     istep=         360 iiter=           2
                     conver_load check
 resid=  1.653453210460427E-020 retot=   7677122.31238347     
 ratio1=  4.640841380763609E-014 ratio2=  4.258520111458377E-014
 nchek0=           0 toler_force=  1.000000000000000E-005
 nchek=           0
                    conver_nodal_value check
               Convergence check for displacement
 ratio1=  1.923933584179392E-015 ratio2=  1.904975253380155E-015
 nchek=           0
 ***********RESTART FILE IS UPDATED!*******
 time: 10:09:12
 iblks=           1 iincs=           1 istep=         361
 outinp=           0
 iiter=           1
Begin forming various matrix       at 2026-08-26 10:09:14 
 ktsmat=           0
Begin assemble golbal matrix       at 2026-08-26 10:09:14 
 ntelgroup=           0
Begin factorize global matrix      at 2026-08-26 10:09:14 
Begin solution global equation     at 2026-08-26 10:09:14 
                     istep=         361 iiter=           1
                     conver_load check
 resid=  6.268950824276462E-022 retot=   8108127.70871101     
 ratio1=  8.793001379487684E-015 ratio2=  5.956028553887647E-015
 nchek0=           0 toler_force=  1.000000000000000E-005
 nchek=           0
                    conver_nodal_value check
               Convergence check for displacement
 ratio1=  1.808593403780879E-003 ratio2=  2.218340087690149E-003
                            not converged for checki=           1
 iiter=           2
Begin forming various matrix       at 2026-08-26 10:09:14 
 ktsmat=           0
 ntelgroup=           0
Begin solution global equation     at 2026-08-26 10:09:14 
                     istep=         361 iiter=           2
                     conver_load check
 resid=  7.400764209765040E-022 retot=   8108127.70871100     
 ratio1=  9.553840655434984E-015 ratio2=  6.376423379479893E-015
 nchek0=           0 toler_force=  1.000000000000000E-005
 nchek=           0
                    conver_nodal_value check
               Convergence check for displacement
 ratio1=  8.670063586046286E-017 ratio2=  9.749872286382393E-017
 nchek=           0
 ***********RESTART FILE IS UPDATED!*******
 time: 10:09:12
 iblks=           1 iincs=           1 istep=         362
 outinp=           0
 iiter=           1
Begin forming various matrix       at 2026-08-26 10:09:14 
 ktsmat=           0
Begin assemble golbal matrix       at 2026-08-26 10:09:14 
 ntelgroup=           0
Begin factorize global matrix      at 2026-08-26 10:09:14 
Begin solution global equation     at 2026-08-26 10:09:14 
                     istep=         362 iiter=           1
                     conver_load check
 resid=  5.720315043305374E-021 retot=   5121528.01958063     
 ratio1=  3.342028871951082E-014 ratio2=  2.905585128459336E-014
 nchek0=           0 toler_force=  1.000000000000000E-005
 nchek=           0
                    conver_nodal_value check
               Convergence check for displacement
 ratio1=  1.530892635800226E-002 ratio2=  1.450041282535379E-002
                            not converged for checki=           1
 iiter=           2
Begin forming various matrix       at 2026-08-26 10:09:14 
 ktsmat=           0
 ntelgroup=           0
Begin solution global equation     at 2026-08-26 10:09:14 
                     istep=         362 iiter=           2
                     conver_load check
 resid=  4.904891262788568E-021 retot=   5121528.01958065     
 ratio1=  3.094674065682949E-014 ratio2=  1.755009542411604E-014
 nchek0=           0 toler_force=  1.000000000000000E-005
 nchek=           0
                    conver_nodal_value check
               Convergence check for displacement
 ratio1=  1.421444141630817E-015 ratio2=  1.533143843328789E-015
 nchek=           0
 ***********RESTART FILE IS UPDATED!*******
 time: 10:09:12
 iblks=           1 iincs=           1 istep=         363
 outinp=           0
 iiter=           1
Begin forming various matrix       at 2026-08-26 10:09:14 
 ktsmat=           0
Begin assemble golbal matrix       at 2026-08-26 10:09:14 
 ntelgroup=           0
Begin factorize global matrix      at 2026-08-26 10:09:14 
Begin solution global equation     at 2026-08-26 10:09:14 
                     istep=         363 iiter=           1
                     conver_load check
 resid=  2.072928049054653E-020 retot=   1392326.80580666     
 ratio1=  1.220173312155635E-013 ratio2=  7.740878620760902E-014
 nchek0=           0 toler_force=  1.000000000000000E-005
 nchek=           0
                    conver_nodal_value check
               Convergence check for displacement
 ratio1=  4.868099830328775E-002 ratio2=  4.652094027372244E-002
                            not converged for checki=           1
 iiter=           2
Begin forming various matrix       at 2026-08-26 10:09:14 
 ktsmat=           0
 ntelgroup=           0
Begin solution global equation     at 2026-08-26 10:09:14 
                     istep=         363 iiter=           2
                     conver_load check
 resid=  1.481087512196914E-020 retot=   1392326.80580667     
 ratio1=  1.031382522850318E-013 ratio2=  7.013369291741907E-014
 nchek0=           0 toler_force=  1.000000000000000E-005
 nchek=           0
                    conver_nodal_value check
               Convergence check for displacement
 ratio1=  1.565230585782201E-015 ratio2=  1.551187471642236E-015
 nchek=           0
 ***********RESTART FILE IS UPDATED!*******
 time: 10:09:12
 iblks=           1 iincs=           1 istep=         364
 outinp=           0
 iiter=           1
Begin forming various matrix       at 2026-08-26 10:09:14 
 ktsmat=           0
Begin assemble golbal matrix       at 2026-08-26 10:09:14 
 ntelgroup=           0
Begin factorize global matrix      at 2026-08-26 10:09:14 
Begin solution global equation     at 2026-08-26 10:09:14 
                     istep=         364 iiter=           1
                     conver_load check
 resid=  4.609339883094752E-020 retot=   17839.5263336359     
 ratio1=  1.607413854059595E-012 ratio2=  1.316464044740166E-012
 nchek0=           0 toler_force=  1.000000000000000E-005
 nchek=           0
                    conver_nodal_value check
               Convergence check for displacement
 ratio1=  0.649953550279458      ratio2=  0.518010282573059     
                            not converged for checki=           1
 iiter=           2
Begin forming various matrix       at 2026-08-26 10:09:14 
 ktsmat=           0
 ntelgroup=           0
Begin solution global equation     at 2026-08-26 10:09:14 
                     istep=         364 iiter=           2
                     conver_load check
 resid=  1.561396497479811E-020 retot=   17839.5263336352     
 ratio1=  9.355455576416813E-013 ratio2=  7.048596530680431E-013
 nchek0=           0 toler_force=  1.000000000000000E-005
 nchek=           0
                    conver_nodal_value check
               Convergence check for displacement
 ratio1=  5.305247927678123E-014 ratio2=  7.916067314043226E-014
 nchek=           0
 ***********RESTART FILE IS UPDATED!*******
 time: 10:09:12
 iblks=           1 iincs=           1 istep=         365
 outinp=           0
 iiter=           1
Begin forming various matrix       at 2026-08-26 10:09:14 
 ktsmat=           0
Begin assemble golbal matrix       at 2026-08-26 10:09:14 
 ntelgroup=           0
Begin factorize global matrix      at 2026-08-26 10:09:14 
Begin solution global equation     at 2026-08-26 10:09:14 
                     istep=         365 iiter=           1
                     conver_load check
 resid=  3.467183389486869E-020 retot=   1844858.97973659     
 ratio1=  1.370903292417532E-013 ratio2=  9.670350087840492E-014
 nchek0=           0 toler_force=  1.000000000000000E-005
 nchek=           0
                    conver_nodal_value check
               Convergence check for displacement
 ratio1=  6.660282273041623E-002 ratio2=  6.986700735344116E-002
                            not converged for checki=           1
 iiter=           2
Begin forming various matrix       at 2026-08-26 10:09:14 
 ktsmat=           0
 ntelgroup=           0
Begin solution global equation     at 2026-08-26 10:09:14 
                     istep=         365 iiter=           2
                     conver_load check
 resid=  1.243468409643029E-020 retot=   1844858.97973658     
 ratio1=  8.209860750490290E-014 ratio2=  4.215368659766710E-014
 nchek0=           0 toler_force=  1.000000000000000E-005
 nchek=           0
                    conver_nodal_value check
               Convergence check for displacement
 ratio1=  3.693433111119122E-015 ratio2=  4.415371512172386E-015
 nchek=           0
 ***********RESTART FILE IS UPDATED!*******
 time: 10:09:12
 iblks=           1 iincs=           1 istep=         366
 outinp=           0
 iiter=           1
Begin forming various matrix       at 2026-08-26 10:09:14 
 ktsmat=           0
Begin assemble golbal matrix       at 2026-08-26 10:09:14 
 ntelgroup=           0
Begin factorize global matrix      at 2026-08-26 10:09:14 
Begin solution global equation     at 2026-08-26 10:09:14 
                     istep=         366 iiter=           1
                     conver_load check
 resid=  1.504453636310364E-020 retot=   4930027.12967916     
 ratio1=  5.524140929571259E-014 ratio2=  4.250224568712029E-014
 nchek0=           0 toler_force=  1.000000000000000E-005
 nchek=           0
                    conver_nodal_value check
               Convergence check for displacement
 ratio1=  2.578379780239698E-002 ratio2=  2.667767004042964E-002
                            not converged for checki=           1
 iiter=           2
Begin forming various matrix       at 2026-08-26 10:09:14 
 ktsmat=           0
 ntelgroup=           0
Begin solution global equation     at 2026-08-26 10:09:14 
                     istep=         366 iiter=           2
                     conver_load check
 resid=  1.835794197619463E-020 retot=   4930027.12967915     
 ratio1=  6.102212705690797E-014 ratio2=  4.076831489144950E-014
 nchek0=           0 toler_force=  1.000000000000000E-005
 nchek=           0
                    conver_nodal_value check
               Convergence check for displacement
 ratio1=  2.101369705618561E-015 ratio2=  2.093503232911958E-015
 nchek=           0
 ***********RESTART FILE IS UPDATED!*******
 time: 10:09:12
 iblks=           1 iincs=           1 istep=         367
 outinp=           0
 iiter=           1
Begin forming various matrix       at 2026-08-26 10:09:14 
 ktsmat=           0
Begin assemble golbal matrix       at 2026-08-26 10:09:14 
 ntelgroup=           0
Begin factorize global matrix      at 2026-08-26 10:09:14 
Begin solution global equation     at 2026-08-26 10:09:14 
                     istep=         367 iiter=           1
                     conver_load check
 resid=  2.205525684273661E-021 retot=   6420619.35754955     
 ratio1=  1.853393339371423E-014 ratio2=  1.140542548468657E-014
 nchek0=           0 toler_force=  1.000000000000000E-005
 nchek=           0
                    conver_nodal_value check
               Convergence check for displacement
 ratio1=  7.822385794125057E-003 ratio2=  8.378289239833815E-003
                            not converged for checki=           1
 iiter=           2
Begin forming various matrix       at 2026-08-26 10:09:14 
 ktsmat=           0
 ntelgroup=           0
Begin solution global equation     at 2026-08-26 10:09:14 
                     istep=         367 iiter=           2
                     conver_load check
 resid=  3.168693374996799E-021 retot=   6420619.35754954     
 ratio1=  2.221527256187667E-014 ratio2=  1.655822723309146E-014
 nchek0=           0 toler_force=  1.000000000000000E-005
 nchek=           0
                    conver_nodal_value check
               Convergence check for displacement
 ratio1=  5.038406692048636E-016 ratio2=  5.144339245641627E-016
 nchek=           0
 ***********RESTART FILE IS UPDATED!*******
 time: 10:09:12
 iblks=           1 iincs=           1 istep=         368
 outinp=           0
 iiter=           1
Begin forming various matrix       at 2026-08-26 10:09:14 
 ktsmat=           0
Begin assemble golbal matrix       at 2026-08-26 10:09:14 
 ntelgroup=           0
Begin factorize global matrix      at 2026-08-26 10:09:14 
Begin solution global equation     at 2026-08-26 10:09:14 
                     istep=         368 iiter=           1
                     conver_load check
 resid=  1.452191756789443E-021 retot=   5057947.65205357     
 ratio1=  1.694434628969330E-014 ratio2=  9.702915417131663E-015
 nchek0=           0 toler_force=  1.000000000000000E-005
 nchek=           0
                    conver_nodal_value check
               Convergence check for displacement
 ratio1=  7.733770197158558E-003 ratio2=  7.041410075204932E-003
                            not converged for checki=           1
 iiter=           2
Begin forming various matrix       at 2026-08-26 10:09:14 
 ktsmat=           0
 ntelgroup=           0
Begin solution global equation     at 2026-08-26 10:09:14 
                     istep=         368 iiter=           2
                     conver_load check
 resid=  9.837780647452053E-022 retot=   5057947.65205357     
 ratio1=  1.394637704495572E-014 ratio2=  7.469311229386220E-015
 nchek0=           0 toler_force=  1.000000000000000E-005
 nchek=           0
                    conver_nodal_value check
               Convergence check for displacement
 ratio1=  6.785551475870902E-016 ratio2=  6.960775794782623E-016
 nchek=           0
 ***********RESTART FILE IS UPDATED!*******
 time: 10:09:12
 iblks=           1 iincs=           1 istep=         369
 outinp=           0
 iiter=           1
Begin forming various matrix       at 2026-08-26 10:09:14 
 ktsmat=           0
Begin assemble golbal matrix       at 2026-08-26 10:09:14 
 ntelgroup=           0
Begin factorize global matrix      at 2026-08-26 10:09:14 
Begin solution global equation     at 2026-08-26 10:09:14 
                     istep=         369 iiter=           1
                     conver_load check
 resid=  9.757711534327164E-021 retot=   2120526.64209200     
 ratio1=  6.783473314382503E-014 ratio2=  3.432032247578022E-014
 nchek0=           0 toler_force=  1.000000000000000E-005
 nchek=           0
                    conver_nodal_value check
               Convergence check for displacement
 ratio1=  3.067952708251958E-002 ratio2=  2.940363576704789E-002
                            not converged for checki=           1
 iiter=           2
Begin forming various matrix       at 2026-08-26 10:09:14 
 ktsmat=           0
 ntelgroup=           0
Begin solution global equation     at 2026-08-26 10:09:14 
                     istep=         369 iiter=           2
                     conver_load check
 resid=  8.689140140739005E-021 retot=   2120526.64209201     
 ratio1=  6.401275725843977E-014 ratio2=  3.798857160021683E-014
 nchek0=           0 toler_force=  1.000000000000000E-005
 nchek=           0
                    conver_nodal_value check
               Convergence check for displacement
 ratio1=  4.233533005649299E-015 ratio2=  5.027915029466823E-015
 nchek=           0
 ***********RESTART FILE IS UPDATED!*******
 time: 10:09:12
 iblks=           1 iincs=           1 istep=         370
 outinp=           0
 iiter=           1
Begin forming various matrix       at 2026-08-26 10:09:14 
 ktsmat=           0
Begin assemble golbal matrix       at 2026-08-26 10:09:14 
 ntelgroup=           0
Begin factorize global matrix      at 2026-08-26 10:09:14 
Begin solution global equation     at 2026-08-26 10:09:14 
                     istep=         370 iiter=           1
                     conver_load check
 resid=  2.331564345879170E-020 retot=   129655.704057297     
 ratio1=  4.240605661615745E-013 ratio2=  2.889931051280555E-013
 nchek0=           0 toler_force=  1.000000000000000E-005
 nchek=           0
                    conver_nodal_value check
               Convergence check for displacement
 ratio1=  0.120961322098694      ratio2=  0.112049990382522     
                            not converged for checki=           1
 iiter=           2
Begin forming various matrix       at 2026-08-26 10:09:14 
 ktsmat=           0
 ntelgroup=           0
Begin solution global equation     at 2026-08-26 10:09:14 
                     istep=         370 iiter=           2
                     conver_load check
 resid=  2.183235852101341E-020 retot=   129655.704057301     
 ratio1=  4.103500714143771E-013 ratio2=  3.449918738554924E-013
 nchek0=           0 toler_force=  1.000000000000000E-005
 nchek=           0
                    conver_nodal_value check
               Convergence check for displacement
 ratio1=  1.576993917037546E-014 ratio2=  2.006077578691231E-014
 nchek=           0
 ***********RESTART FILE IS UPDATED!*******
 time: 10:09:12
 iblks=           1 iincs=           1 istep=         371
 outinp=           0
 iiter=           1
Begin forming various matrix       at 2026-08-26 10:09:14 
 ktsmat=           0
Begin assemble golbal matrix       at 2026-08-26 10:09:14 
 ntelgroup=           0
Begin factorize global matrix      at 2026-08-26 10:09:14 
Begin solution global equation     at 2026-08-26 10:09:14 
                     istep=         371 iiter=           1
                     conver_load check
 resid=  2.222196969206783E-020 retot=   600944.200363357     
 ratio1=  1.922977493814249E-013 ratio2=  1.733067386366418E-013
 nchek0=           0 toler_force=  1.000000000000000E-005
 nchek=           0
                    conver_nodal_value check
               Convergence check for displacement
 ratio1=  0.122426507837717      ratio2=  0.133188222005674     
                            not converged for checki=           1
 iiter=           2
Begin forming various matrix       at 2026-08-26 10:09:14 
 ktsmat=           0
 ntelgroup=           0
Begin solution global equation     at 2026-08-26 10:09:14 
                     istep=         371 iiter=           2
                     conver_load check
 resid=  3.288633746615947E-020 retot=   600944.200363348     
 ratio1=  2.339325637368427E-013 ratio2=  1.995938737895336E-013
 nchek0=           0 toler_force=  1.000000000000000E-005
 nchek=           0
                    conver_nodal_value check
               Convergence check for displacement
 ratio1=  2.324842104743222E-014 ratio2=  3.480422678950638E-014
 nchek=           0
 ***********RESTART FILE IS UPDATED!*******
 time: 10:09:12
 iblks=           1 iincs=           1 istep=         372
 outinp=           0
 iiter=           1
Begin forming various matrix       at 2026-08-26 10:09:14 
 ktsmat=           0
Begin assemble golbal matrix       at 2026-08-26 10:09:14 
 ntelgroup=           0
Begin factorize global matrix      at 2026-08-26 10:09:14 
Begin solution global equation     at 2026-08-26 10:09:14 
                     istep=         372 iiter=           1
                     conver_load check
 resid=  1.795120957948880E-020 retot=   2834323.66451022     
 ratio1=  7.958333547797102E-014 ratio2=  5.125565142321608E-014
 nchek0=           0 toler_force=  1.000000000000000E-005
 nchek=           0
                    conver_nodal_value check
               Convergence check for displacement
 ratio1=  3.692026947511319E-002 ratio2=  3.822713219144602E-002
                            not converged for checki=           1
 iiter=           2
Begin forming various matrix       at 2026-08-26 10:09:14 
 ktsmat=           0
 ntelgroup=           0
Begin solution global equation     at 2026-08-26 10:09:14 
                     istep=         372 iiter=           2
                     conver_load check
 resid=  1.071259209980374E-020 retot=   2834323.66451020     
 ratio1=  6.147840094244029E-014 ratio2=  3.462938953735666E-014
 nchek0=           0 toler_force=  1.000000000000000E-005
 nchek=           0
                    conver_nodal_value check
               Convergence check for displacement
 ratio1=  4.377030701218930E-015 ratio2=  5.559362364387969E-015
 nchek=           0
 ***********RESTART FILE IS UPDATED!*******
 time: 10:09:12
 iblks=           1 iincs=           1 istep=         373
 outinp=           0
 iiter=           1
Begin forming various matrix       at 2026-08-26 10:09:14 
 ktsmat=           0
Begin assemble golbal matrix       at 2026-08-26 10:09:14 
 ntelgroup=           0
Begin factorize global matrix      at 2026-08-26 10:09:14 
Begin solution global equation     at 2026-08-26 10:09:14 
                     istep=         373 iiter=           1
                     conver_load check
 resid=  5.004331957406648E-021 retot=   4689366.14893766     
 ratio1=  3.266750627526971E-014 ratio2=  2.268352144605691E-014
 nchek0=           0 toler_force=  1.000000000000000E-005
 nchek=           0
                    conver_nodal_value check
               Convergence check for displacement
 ratio1=  1.431697837368740E-002 ratio2=  1.495522196998344E-002
                            not converged for checki=           1
 iiter=           2
Begin forming various matrix       at 2026-08-26 10:09:14 
 ktsmat=           0
 ntelgroup=           0
Begin solution global equation     at 2026-08-26 10:09:14 
                     istep=         373 iiter=           2
                     conver_load check
 resid=  3.422507506764273E-021 retot=   4689366.14893765     
 ratio1=  2.701563205142370E-014 ratio2=  2.144536420761289E-014
 nchek0=           0 toler_force=  1.000000000000000E-005
 nchek=           0
                    conver_nodal_value check
               Convergence check for displacement
 ratio1=  1.378256564960485E-015 ratio2=  1.469021925106983E-015
 nchek=           0
 ***********RESTART FILE IS UPDATED!*******
 time: 10:09:12
 iblks=           1 iincs=           1 istep=         374
 outinp=           0
 iiter=           1
Begin forming various matrix       at 2026-08-26 10:09:14 
 ktsmat=           0
Begin assemble golbal matrix       at 2026-08-26 10:09:14 
 ntelgroup=           0
Begin factorize global matrix      at 2026-08-26 10:09:14 
Begin solution global equation     at 2026-08-26 10:09:14 
                     istep=         374 iiter=           1
                     conver_load check
 resid=  2.454116514639287E-022 retot=   4524927.10973805     
 ratio1=  7.364475049322176E-015 ratio2=  5.003226092024405E-015
 nchek0=           0 toler_force=  1.000000000000000E-005
 nchek=           0
                    conver_nodal_value check
               Convergence check for displacement
 ratio1=  1.384467488873368E-003 ratio2=  9.263656245378239E-004
                            not converged for checki=           1
 iiter=           2
Begin forming various matrix       at 2026-08-26 10:09:14 
 ktsmat=           0
 ntelgroup=           0
Begin solution global equation     at 2026-08-26 10:09:14 
                     istep=         374 iiter=           2
                     conver_load check
 resid=  2.132426263949087E-022 retot=   4524927.10973805     
 ratio1=  6.864852614757072E-015 ratio2=  5.223416971380002E-015
 nchek0=           0 toler_force=  1.000000000000000E-005
 nchek=           0
                    conver_nodal_value check
               Convergence check for displacement
 ratio1=  2.164008774369842E-016 ratio2=  2.747848762916646E-016
 nchek=           0
 ***********RESTART FILE IS UPDATED!*******
 time: 10:09:12
 iblks=           1 iincs=           1 istep=         375
 outinp=           0
 iiter=           1
Begin forming various matrix       at 2026-08-26 10:09:14 
 ktsmat=           0
Begin assemble golbal matrix       at 2026-08-26 10:09:14 
 ntelgroup=           0
Begin factorize global matrix      at 2026-08-26 10:09:14 
Begin solution global equation     at 2026-08-26 10:09:14 
                     istep=         375 iiter=           1
                     conver_load check
 resid=  7.307423058987937E-021 retot=   2556642.77950458     
 ratio1=  5.346223368249962E-014 ratio2=  3.688856255760255E-014
 nchek0=           0 toler_force=  1.000000000000000E-005
 nchek=           0
                    conver_nodal_value check
               Convergence check for displacement
 ratio1=  1.932386407058893E-002 ratio2=  1.842083191708025E-002
                            not converged for checki=           1
 iiter=           2
Begin forming various matrix       at 2026-08-26 10:09:14 
 ktsmat=           0
 ntelgroup=           0
Begin solution global equation     at 2026-08-26 10:09:14 
                     istep=         375 iiter=           2
                     conver_load check
 resid=  5.536558288686139E-021 retot=   2556642.77950459     
 ratio1=  4.653555656897728E-014 ratio2=  2.801848297574734E-014
 nchek0=           0 toler_force=  1.000000000000000E-005
 nchek=           0
                    conver_nodal_value check
               Convergence check for displacement
 ratio1=  3.316525550452739E-015 ratio2=  4.377383676878314E-015
 nchek=           0
 ***********RESTART FILE IS UPDATED!*******
 time: 10:09:12
 iblks=           1 iincs=           1 istep=         376
 outinp=           0
 iiter=           1
Begin forming various matrix       at 2026-08-26 10:09:14 
 ktsmat=           0
Begin assemble golbal matrix       at 2026-08-26 10:09:14 
 ntelgroup=           0
Begin factorize global matrix      at 2026-08-26 10:09:14 
Begin solution global equation     at 2026-08-26 10:09:14 
                     istep=         376 iiter=           1
                     conver_load check
 resid=  1.124618762404537E-020 retot=   522953.291363248     
 ratio1=  1.466463344889756E-013 ratio2=  1.029052264496008E-013
 nchek0=           0 toler_force=  1.000000000000000E-005
 nchek=           0
                    conver_nodal_value check
               Convergence check for displacement
 ratio1=  6.139952768505510E-002 ratio2=  5.840861924954700E-002
                            not converged for checki=           1
 iiter=           2
Begin forming various matrix       at 2026-08-26 10:09:14 
 ktsmat=           0
 ntelgroup=           0
Begin solution global equation     at 2026-08-26 10:09:14 
                     istep=         376 iiter=           2
                     conver_load check
 resid=  1.040772330531605E-020 retot=   522953.291363253     
 ratio1=  1.410738174637107E-013 ratio2=  8.493505033341713E-014
 nchek0=           0 toler_force=  1.000000000000000E-005
 nchek=           0
                    conver_nodal_value check
               Convergence check for displacement
 ratio1=  4.565404899799191E-015 ratio2=  4.503677860962443E-015
 nchek=           0
 ***********RESTART FILE IS UPDATED!*******
 time: 10:09:12
 iblks=           1 iincs=           1 istep=         377
 outinp=           0
 iiter=           1
Begin forming various matrix       at 2026-08-26 10:09:14 
 ktsmat=           0
Begin assemble golbal matrix       at 2026-08-26 10:09:14 
 ntelgroup=           0
Begin factorize global matrix      at 2026-08-26 10:09:14 
Begin solution global equation     at 2026-08-26 10:09:14 
                     istep=         377 iiter=           1
                     conver_load check
 resid=  2.244227845308980E-020 retot=   80931.8929950889     
 ratio1=  5.265912324264987E-013 ratio2=  3.985856667402809E-013
 nchek0=           0 toler_force=  1.000000000000000E-005
 nchek=           0
                    conver_nodal_value check
               Convergence check for displacement
 ratio1=  0.547233895008234      ratio2=  0.843380313047689     
                            not converged for checki=           1
 iiter=           2
Begin forming various matrix       at 2026-08-26 10:09:14 
 ktsmat=           0
 ntelgroup=           0
Begin solution global equation     at 2026-08-26 10:09:14 
                     istep=         377 iiter=           2
                     conver_load check
 resid=  2.356824935410368E-020 retot=   80931.8929950871     
 ratio1=  5.396396014564239E-013 ratio2=  3.747013802037240E-013
 nchek0=           0 toler_force=  1.000000000000000E-005
 nchek=           0
                    conver_nodal_value check
               Convergence check for displacement
 ratio1=  3.468915191454818E-014 ratio2=  5.485274402620061E-014
 nchek=           0
 ***********RESTART FILE IS UPDATED!*******
 time: 10:09:12
 iblks=           1 iincs=           1 istep=         378
 outinp=           0
 iiter=           1
Begin forming various matrix       at 2026-08-26 10:09:14 
 ktsmat=           0
Begin assemble golbal matrix       at 2026-08-26 10:09:14 
 ntelgroup=           0
Begin factorize global matrix      at 2026-08-26 10:09:14 
Begin solution global equation     at 2026-08-26 10:09:14 
                     istep=         378 iiter=           1
                     conver_load check
 resid=  2.065375757528188E-020 retot=   1401139.97656275     
 ratio1=  1.214112066618041E-013 ratio2=  1.067910746817845E-013
 nchek0=           0 toler_force=  1.000000000000000E-005
 nchek=           0
                    conver_nodal_value check
               Convergence check for displacement
 ratio1=  5.438951421678973E-002 ratio2=  5.669137220281736E-002
                            not converged for checki=           1
 iiter=           2
Begin forming various matrix       at 2026-08-26 10:09:14 
 ktsmat=           0
 ntelgroup=           0
Begin solution global equation     at 2026-08-26 10:09:14 
                     istep=         378 iiter=           2
                     conver_load check
 resid=  1.150771043044807E-020 retot=   1401139.97656274     
 ratio1=  9.062618544125122E-014 ratio2=  6.540725353205960E-014
 nchek0=           0 toler_force=  1.000000000000000E-005
 nchek=           0
                    conver_nodal_value check
               Convergence check for displacement
 ratio1=  4.335602193749985E-015 ratio2=  4.658935621884798E-015
 nchek=           0
 ***********RESTART FILE IS UPDATED!*******
 time: 10:09:12
 iblks=           1 iincs=           1 istep=         379
 outinp=           0
 iiter=           1
Begin forming various matrix       at 2026-08-26 10:09:14 
 ktsmat=           0
Begin assemble golbal matrix       at 2026-08-26 10:09:14 
 ntelgroup=           0
Begin factorize global matrix      at 2026-08-26 10:09:14 
Begin solution global equation     at 2026-08-26 10:09:14 
                     istep=         379 iiter=           1
                     conver_load check
 resid=  5.600049034771299E-021 retot=   3142377.56215441     
 ratio1=  4.221499404455573E-014 ratio2=  3.114991264094309E-014
 nchek0=           0 toler_force=  1.000000000000000E-005
 nchek=           0
                    conver_nodal_value check
               Convergence check for displacement
 ratio1=  2.182457892450466E-002 ratio2=  2.261162208002561E-002
                            not converged for checki=           1
 iiter=           2
Begin forming various matrix       at 2026-08-26 10:09:14 
 ktsmat=           0
 ntelgroup=           0
Begin solution global equation     at 2026-08-26 10:09:14 
                     istep=         379 iiter=           2
                     conver_load check
 resid=  3.363114907127160E-021 retot=   3142377.56215440     
 ratio1=  3.271460421233798E-014 ratio2=  2.573759958306137E-014
 nchek0=           0 toler_force=  1.000000000000000E-005
 nchek=           0
                    conver_nodal_value check
               Convergence check for displacement
 ratio1=  9.094433397918052E-016 ratio2=  9.431402139830811E-016
 nchek=           0
 ***********RESTART FILE IS UPDATED!*******
 time: 10:09:12
 iblks=           1 iincs=           1 istep=         380
 outinp=           0
 iiter=           1
Begin forming various matrix       at 2026-08-26 10:09:14 
 ktsmat=           0
Begin assemble golbal matrix       at 2026-08-26 10:09:14 
 ntelgroup=           0
Begin factorize global matrix      at 2026-08-26 10:09:14 
Begin solution global equation     at 2026-08-26 10:09:14 
                     istep=         380 iiter=           1
                     conver_load check
 resid=  8.828628401769673E-022 retot=   3716273.22510299     
 ratio1=  1.541319953339194E-014 ratio2=  1.261438178556576E-014
 nchek0=           0 toler_force=  1.000000000000000E-005
 nchek=           0
                    conver_nodal_value check
               Convergence check for displacement
 ratio1=  5.066208506380363E-003 ratio2=  5.590179558787300E-003
                            not converged for checki=           1
 iiter=           2
Begin forming various matrix       at 2026-08-26 10:09:14 
 ktsmat=           0
 ntelgroup=           0
Begin solution global equation     at 2026-08-26 10:09:14 
                     istep=         380 iiter=           2
                     conver_load check
 resid=  7.528804242273429E-022 retot=   3716273.22510299     
 ratio1=  1.423341736698393E-014 ratio2=  1.081205172232729E-014
 nchek0=           0 toler_force=  1.000000000000000E-005
 nchek=           0
                    conver_nodal_value check
               Convergence check for displacement
 ratio1=  2.709337454124005E-016 ratio2=  2.985287822538840E-016
 nchek=           0
 ***********RESTART FILE IS UPDATED!*******
 time: 10:09:12
 iblks=           1 iincs=           1 istep=         381
 outinp=           0
 iiter=           1
Begin forming various matrix       at 2026-08-26 10:09:14 
 ktsmat=           0
Begin assemble golbal matrix       at 2026-08-26 10:09:14 
 ntelgroup=           0
Begin factorize global matrix      at 2026-08-26 10:09:14 
Begin solution global equation     at 2026-08-26 10:09:14 
                     istep=         381 iiter=           1
                     conver_load check
 resid=  1.646723880775324E-021 retot=   2660204.06466684     
 ratio1=  2.488014548233362E-014 ratio2=  1.297025198173598E-014
 nchek0=           0 toler_force=  1.000000000000000E-005
 nchek=           0
                    conver_nodal_value check
               Convergence check for displacement
 ratio1=  1.095539502414189E-002 ratio2=  1.022517919059366E-002
                            not converged for checki=           1
 iiter=           2
Begin forming various matrix       at 2026-08-26 10:09:14 
 ktsmat=           0
 ntelgroup=           0
Begin solution global equation     at 2026-08-26 10:09:14 
                     istep=         381 iiter=           2
                     conver_load check
 resid=  1.407648036773930E-021 retot=   2660204.06466684     
 ratio1=  2.300326926646055E-014 ratio2=  1.279479354839206E-014
 nchek0=           0 toler_force=  1.000000000000000E-005
 nchek=           0
                    conver_nodal_value check
               Convergence check for displacement
 ratio1=  4.453137829368668E-016 ratio2=  5.052992413749848E-016
 nchek=           0
 ***********RESTART FILE IS UPDATED!*******
 time: 10:09:12
 iblks=           1 iincs=           1 istep=         382
 outinp=           0
 iiter=           1
Begin forming various matrix       at 2026-08-26 10:09:14 
 ktsmat=           0
Begin assemble golbal matrix       at 2026-08-26 10:09:14 
 ntelgroup=           0
Begin factorize global matrix      at 2026-08-26 10:09:14 
Begin solution global equation     at 2026-08-26 10:09:14 
                     istep=         382 iiter=           1
                     conver_load check
 resid=  1.011738924559866E-020 retot=   940262.068559555     
 ratio1=  1.037312881905275E-013 ratio2=  7.638539387527584E-014
 nchek0=           0 toler_force=  1.000000000000000E-005
 nchek=           0
                    conver_nodal_value check
               Convergence check for displacement
 ratio1=  3.756524829992365E-002 ratio2=  3.599227073487652E-002
                            not converged for checki=           1
 iiter=           2
Begin forming various matrix       at 2026-08-26 10:09:14 
 ktsmat=           0
 ntelgroup=           0
Begin solution global equation     at 2026-08-26 10:09:14 
                     istep=         382 iiter=           2
                     conver_load check
 resid=  4.532711953912665E-021 retot=   940262.068559562     
 ratio1=  6.943118897725467E-014 ratio2=  4.570752132630999E-014
 nchek0=           0 toler_force=  1.000000000000000E-005
 nchek=           0
                    conver_nodal_value check
               Convergence check for displacement
 ratio1=  3.540710587862748E-015 ratio2=  4.951074693377177E-015
 nchek=           0
 ***********RESTART FILE IS UPDATED!*******
 time: 10:09:12
 iblks=           1 iincs=           1 istep=         383
 outinp=           0
 iiter=           1
Begin forming various matrix       at 2026-08-26 10:09:14 
 ktsmat=           0
Begin assemble golbal matrix       at 2026-08-26 10:09:14 
 ntelgroup=           0
Begin factorize global matrix      at 2026-08-26 10:09:14 
Begin solution global equation     at 2026-08-26 10:09:14 
                     istep=         383 iiter=           1
                     conver_load check
 resid=  1.599375395876856E-020 retot=   12665.1981308281     
 ratio1=  1.123748723162880E-012 ratio2=  7.065154713325885E-013
 nchek0=           0 toler_force=  1.000000000000000E-005
 nchek=           0
                    conver_nodal_value check
               Convergence check for displacement
 ratio1=  0.196419075241466      ratio2=  0.175972974054649     
                            not converged for checki=           1
 iiter=           2
Begin forming various matrix       at 2026-08-26 10:09:14 
 ktsmat=           0
 ntelgroup=           0
Begin solution global equation     at 2026-08-26 10:09:14 
                     istep=         383 iiter=           2
                     conver_load check
 resid=  1.041218142728489E-020 retot=   12665.1981308288     
 ratio1=  9.067026172700372E-013 ratio2=  4.703102199570068E-013
 nchek0=           0 toler_force=  1.000000000000000E-005
 nchek=           0
                    conver_nodal_value check
               Convergence check for displacement
 ratio1=  1.178119076153038E-014 ratio2=  1.075804847670036E-014
 nchek=           0
 ***********RESTART FILE IS UPDATED!*******
 time: 10:09:12
 iblks=           1 iincs=           1 istep=         384
 outinp=           0
 iiter=           1
Begin forming various matrix       at 2026-08-26 10:09:14 
 ktsmat=           0
Begin assemble golbal matrix       at 2026-08-26 10:09:14 
 ntelgroup=           0
Begin factorize global matrix      at 2026-08-26 10:09:14 
Begin solution global equation     at 2026-08-26 10:09:14 
                     istep=         384 iiter=           1
                     conver_load check
 resid=  1.390269900895725E-020 retot=   543520.706299112     
 ratio1=  1.599342629630120E-013 ratio2=  9.815700954964372E-014
 nchek0=           0 toler_force=  1.000000000000000E-005
 nchek=           0
                    conver_nodal_value check
               Convergence check for displacement
 ratio1=  8.959273048536485E-002 ratio2=  9.530221559929768E-002
                            not converged for checki=           1
 iiter=           2
Begin forming various matrix       at 2026-08-26 10:09:14 
 ktsmat=           0
 ntelgroup=           0
Begin solution global equation     at 2026-08-26 10:09:14 
                     istep=         384 iiter=           2
                     conver_load check
 resid=  1.719770096485924E-020 retot=   543520.706299108     
 ratio1=  1.778800118138115E-013 ratio2=  1.125154270872428E-013
 nchek0=           0 toler_force=  1.000000000000000E-005
 nchek=           0
                    conver_nodal_value check
               Convergence check for displacement
 ratio1=  4.485889252693147E-015 ratio2=  4.837385931690995E-015
 nchek=           0
 ***********RESTART FILE IS UPDATED!*******
 time: 10:09:12
 iblks=           1 iincs=           1 istep=         385
 outinp=           0
 iiter=           1
Begin forming various matrix       at 2026-08-26 10:09:14 
 ktsmat=           0
Begin assemble golbal matrix       at 2026-08-26 10:09:14 
 ntelgroup=           0
Begin factorize global matrix      at 2026-08-26 10:09:14 
Begin solution global equation     at 2026-08-26 10:09:14 
                     istep=         385 iiter=           1
                     conver_load check
 resid=  6.869617494731832E-021 retot=   1905156.46158883     
 ratio1=  6.004833278647698E-014 ratio2=  3.553695482389712E-014
 nchek0=           0 toler_force=  1.000000000000000E-005
 nchek=           0
                    conver_nodal_value check
               Convergence check for displacement
 ratio1=  3.141431319576039E-002 ratio2=  3.249626193901687E-002
                            not converged for checki=           1
 iiter=           2
Begin forming various matrix       at 2026-08-26 10:09:14 
 ktsmat=           0
 ntelgroup=           0
Begin solution global equation     at 2026-08-26 10:09:14 
                     istep=         385 iiter=           2
                     conver_load check
 resid=  4.550045712500075E-021 retot=   1905156.46158882     
 ratio1=  4.887002440470869E-014 ratio2=  2.590729515290768E-014
 nchek0=           0 toler_force=  1.000000000000000E-005
 nchek=           0
                    conver_nodal_value check
               Convergence check for displacement
 ratio1=  2.004749505411914E-015 ratio2=  2.061963499640505E-015
 nchek=           0
 ***********RESTART FILE IS UPDATED!*******
 time: 10:09:12
 iblks=           1 iincs=           1 istep=         386
 outinp=           0
 iiter=           1
Begin forming various matrix       at 2026-08-26 10:09:14 
 ktsmat=           0
Begin assemble golbal matrix       at 2026-08-26 10:09:14 
 ntelgroup=           0
Begin factorize global matrix      at 2026-08-26 10:09:14 
Begin solution global equation     at 2026-08-26 10:09:14 
                     istep=         386 iiter=           1
                     conver_load check
 resid=  1.903500786997173E-021 retot=   2815307.58150978     
 ratio1=  2.600241021309305E-014 ratio2=  1.721970838799234E-014
 nchek0=           0 toler_force=  1.000000000000000E-005
 nchek=           0
                    conver_nodal_value check
               Convergence check for displacement
 ratio1=  1.131575677885668E-002 ratio2=  1.191198825449037E-002
                            not converged for checki=           1
 iiter=           2
Begin forming various matrix       at 2026-08-26 10:09:14 
 ktsmat=           0
 ntelgroup=           0
Begin solution global equation     at 2026-08-26 10:09:14 
                     istep=         386 iiter=           2
                     conver_load check
 resid=  1.101598902516147E-021 retot=   2815307.58150977     
 ratio1=  1.978102639054173E-014 ratio2=  1.645734292010698E-014
 nchek0=           0 toler_force=  1.000000000000000E-005
 nchek=           0
                    conver_nodal_value check
               Convergence check for displacement
 ratio1=  1.457259911011220E-015 ratio2=  1.836465270369249E-015
 nchek=           0
 ***********RESTART FILE IS UPDATED!*******
 time: 10:09:12
 iblks=           1 iincs=           1 istep=         387
 outinp=           0
 iiter=           1
Begin forming various matrix       at 2026-08-26 10:09:14 
 ktsmat=           0
Begin assemble golbal matrix       at 2026-08-26 10:09:14 
 ntelgroup=           0
Begin factorize global matrix      at 2026-08-26 10:09:14 
Begin solution global equation     at 2026-08-26 10:09:14 
                     istep=         387 iiter=           1
                     conver_load check
 resid=  2.473374323043606E-022 retot=   2482258.07685392     
 ratio1=  9.982089459864066E-015 ratio2=  5.365037690477653E-015
 nchek0=           0 toler_force=  1.000000000000000E-005
 nchek=           0
                    conver_nodal_value check
               Convergence check for displacement
 ratio1=  4.082685658582015E-003 ratio2=  3.395818136475357E-003
                            not converged for checki=           1
 iiter=           2
Begin forming various matrix       at 2026-08-26 10:09:14 
 ktsmat=           0
 ntelgroup=           0
Begin solution global equation     at 2026-08-26 10:09:14 
                     istep=         387 iiter=           2
                     conver_load check
 resid=  2.392592503654645E-022 retot=   2482258.07685392     
 ratio1=  9.817725892915933E-015 ratio2=  7.085553845174577E-015
 nchek0=           0 toler_force=  1.000000000000000E-005
 nchek=           0
                    conver_nodal_value check
               Convergence check for displacement
 ratio1=  1.819913238715008E-016 ratio2=  2.143696836816137E-016
 nchek=           0
 ***********RESTART FILE IS UPDATED!*******
 time: 10:09:12
 iblks=           1 iincs=           1 istep=         388
 outinp=           0
 iiter=           1
Begin forming various matrix       at 2026-08-26 10:09:14 
 ktsmat=           0
Begin assemble golbal matrix       at 2026-08-26 10:09:14 
 ntelgroup=           0
Begin factorize global matrix      at 2026-08-26 10:09:14 
Begin solution global equation     at 2026-08-26 10:09:14 
                     istep=         388 iiter=           1
                     conver_load check
 resid=  4.403870018804057E-021 retot=   1239518.50042968     
 ratio1=  5.960610444963281E-014 ratio2=  4.542368259844730E-014
 nchek0=           0 toler_force=  1.000000000000000E-005
 nchek=           0
                    conver_nodal_value check
               Convergence check for displacement
 ratio1=  2.391867546818729E-002 ratio2=  2.288297647449961E-002
                            not converged for checki=           1
 iiter=           2
Begin forming various matrix       at 2026-08-26 10:09:14 
 ktsmat=           0
 ntelgroup=           0
Begin solution global equation     at 2026-08-26 10:09:14 
                     istep=         388 iiter=           2
                     conver_load check
 resid=  2.655371461429610E-021 retot=   1239518.50042968     
 ratio1=  4.628455952840890E-014 ratio2=  3.193068603283839E-014
 nchek0=           0 toler_force=  1.000000000000000E-005
 nchek=           0
                    conver_nodal_value check
               Convergence check for displacement
 ratio1=  2.130001028539544E-015 ratio2=  2.131208730830036E-015
 nchek=           0
 ***********RESTART FILE IS UPDATED!*******
 time: 10:09:12
 iblks=           1 iincs=           1 istep=         389
 outinp=           0
 iiter=           1
Begin forming various matrix       at 2026-08-26 10:09:14 
 ktsmat=           0
Begin assemble golbal matrix       at 2026-08-26 10:09:14 
 ntelgroup=           0
Begin factorize global matrix      at 2026-08-26 10:09:14 
Begin solution global equation     at 2026-08-26 10:09:14 
                     istep=         389 iiter=           1
                     conver_load check
 resid=  6.492536915279089E-021 retot=   170655.041815894     
 ratio1=  1.950507623290893E-013 ratio2=  1.271068997560957E-013
 nchek0=           0 toler_force=  1.000000000000000E-005
 nchek=           0
                    conver_nodal_value check
               Convergence check for displacement
 ratio1=  8.011002966142299E-002 ratio2=  7.560684519836633E-002
                            not converged for checki=           1
 iiter=           2
Begin forming various matrix       at 2026-08-26 10:09:14 
 ktsmat=           0
 ntelgroup=           0
Begin solution global equation     at 2026-08-26 10:09:14 
                     istep=         389 iiter=           2
                     conver_load check
 resid=  5.714644037523153E-021 retot=   170655.041815896     
 ratio1=  1.829932329909122E-013 ratio2=  1.596716722065892E-013
 nchek0=           0 toler_force=  1.000000000000000E-005
 nchek=           0
                    conver_nodal_value check
               Convergence check for displacement
 ratio1=  8.869193540744446E-015 ratio2=  1.094521006456386E-014
 nchek=           0
 ***********RESTART FILE IS UPDATED!*******
 time: 10:09:12
 iblks=           1 iincs=           1 istep=         390
 outinp=           0
 iiter=           1
Begin forming various matrix       at 2026-08-26 10:09:14 
 ktsmat=           0
Begin assemble golbal matrix       at 2026-08-26 10:09:14 
 ntelgroup=           0
Begin factorize global matrix      at 2026-08-26 10:09:14 
Begin solution global equation     at 2026-08-26 10:09:14 
                     istep=         390 iiter=           1
                     conver_load check
 resid=  7.406172594764995E-021 retot=   125517.554628246     
 ratio1=  2.429096003972564E-013 ratio2=  2.388411069352170E-013
 nchek0=           0 toler_force=  1.000000000000000E-005
 nchek=           0
                    conver_nodal_value check
               Convergence check for displacement
 ratio1=  0.216684452290837      ratio2=  0.254245165154500     
                            not converged for checki=           1
 iiter=           2
Begin forming various matrix       at 2026-08-26 10:09:14 
 ktsmat=           0
 ntelgroup=           0
Begin solution global equation     at 2026-08-26 10:09:14 
                     istep=         390 iiter=           2
                     conver_load check
 resid=  6.602167360820991E-021 retot=   125517.554628243     
 ratio1=  2.293459259430762E-013 ratio2=  1.508864177599569E-013
 nchek0=           0 toler_force=  1.000000000000000E-005
 nchek=           0
                    conver_nodal_value check
               Convergence check for displacement
 ratio1=  2.484579950793049E-014 ratio2=  3.800742109965789E-014
 nchek=           0
 ***********RESTART FILE IS UPDATED!*******
 time: 10:09:12
 iblks=           1 iincs=           1 istep=         391
 outinp=           0
 iiter=           1
Begin forming various matrix       at 2026-08-26 10:09:14 
 ktsmat=           0
Begin assemble golbal matrix       at 2026-08-26 10:09:14 
 ntelgroup=           0
Begin factorize global matrix      at 2026-08-26 10:09:14 
Begin solution global equation     at 2026-08-26 10:09:14 
                     istep=         391 iiter=           1
                     conver_load check
 resid=  5.550016866668086E-021 retot=   1015104.62426642     
 ratio1=  7.394209450888065E-014 ratio2=  3.965961756736802E-014
 nchek0=           0 toler_force=  1.000000000000000E-005
 nchek=           0
                    conver_nodal_value check
               Convergence check for displacement
 ratio1=  4.535742571279551E-002 ratio2=  4.709027947124621E-002
                            not converged for checki=           1
 iiter=           2
Begin forming various matrix       at 2026-08-26 10:09:14 
 ktsmat=           0
 ntelgroup=           0
Begin solution global equation     at 2026-08-26 10:09:14 
                     istep=         391 iiter=           2
                     conver_load check
 resid=  7.647231575409676E-021 retot=   1015104.62426642     
 ratio1=  8.679540176800864E-014 ratio2=  7.096624560005841E-014
 nchek0=           0 toler_force=  1.000000000000000E-005
 nchek=           0
                    conver_nodal_value check
               Convergence check for displacement
 ratio1=  2.403111583215354E-015 ratio2=  2.681198840406150E-015
 nchek=           0
 ***********RESTART FILE IS UPDATED!*******
 time: 10:09:12
 iblks=           1 iincs=           1 istep=         392
 outinp=           0
 iiter=           1
Begin forming various matrix       at 2026-08-26 10:09:14 
 ktsmat=           0
Begin assemble golbal matrix       at 2026-08-26 10:09:14 
 ntelgroup=           0
Begin factorize global matrix      at 2026-08-26 10:09:14 
Begin solution global equation     at 2026-08-26 10:09:14 
                     istep=         392 iiter=           1
                     conver_load check
 resid=  3.861921821608326E-021 retot=   1963204.15680101     
 ratio1=  4.435259211059783E-014 ratio2=  2.414926862867244E-014
 nchek0=           0 toler_force=  1.000000000000000E-005
 nchek=           0
                    conver_nodal_value check
               Convergence check for displacement
 ratio1=  1.827182432625817E-002 ratio2=  1.897977126724791E-002
                            not converged for checki=           1
 iiter=           2
Begin forming various matrix       at 2026-08-26 10:09:14 
 ktsmat=           0
 ntelgroup=           0
Begin solution global equation     at 2026-08-26 10:09:14 
                     istep=         392 iiter=           2
                     conver_load check
 resid=  2.880418604493332E-021 retot=   1963204.15680100     
 ratio1=  3.830408312488322E-014 ratio2=  2.563205442639638E-014
 nchek0=           0 toler_force=  1.000000000000000E-005
 nchek=           0
                    conver_nodal_value check
               Convergence check for displacement
 ratio1=  2.013631936260386E-015 ratio2=  2.525555162285981E-015
 nchek=           0
 ***********RESTART FILE IS UPDATED!*******
 time: 10:09:12
 iblks=           1 iincs=           1 istep=         393
 outinp=           0
 iiter=           1
Begin forming various matrix       at 2026-08-26 10:09:14 
 ktsmat=           0
Begin assemble golbal matrix       at 2026-08-26 10:09:14 
 ntelgroup=           0
Begin factorize global matrix      at 2026-08-26 10:09:14 
Begin solution global equation     at 2026-08-26 10:09:14 
                     istep=         393 iiter=           1
                     conver_load check
 resid=  3.252184671522233E-022 retot=   2116364.60133332     
 ratio1=  1.239630790341979E-014 ratio2=  8.348969681711755E-015
 nchek0=           0 toler_force=  1.000000000000000E-005
 nchek=           0
                    conver_nodal_value check
               Convergence check for displacement
 ratio1=  2.383092064419620E-003 ratio2=  2.836382514721180E-003
                            not converged for checki=           1
 iiter=           2
Begin forming various matrix       at 2026-08-26 10:09:14 
 ktsmat=           0
 ntelgroup=           0
Begin solution global equation     at 2026-08-26 10:09:14 
                     istep=         393 iiter=           2
                     conver_load check
 resid=  2.492181019305487E-022 retot=   2116364.60133332     
 ratio1=  1.085161925791780E-014 ratio2=  9.054939340289340E-015
 nchek0=           0 toler_force=  1.000000000000000E-005
 nchek=           0
                    conver_nodal_value check
               Convergence check for displacement
 ratio1=  1.590910977375068E-016 ratio2=  1.821386450860186E-016
 nchek=           0
 ***********RESTART FILE IS UPDATED!*******
 time: 10:09:12
 iblks=           1 iincs=           1 istep=         394
 outinp=           0
 iiter=           1
Begin forming various matrix       at 2026-08-26 10:09:14 
 ktsmat=           0
Begin assemble golbal matrix       at 2026-08-26 10:09:14 
 ntelgroup=           0
Begin factorize global matrix      at 2026-08-26 10:09:14 
Begin solution global equation     at 2026-08-26 10:09:14 
                     istep=         394 iiter=           1
                     conver_load check
 resid=  1.811921876518973E-021 retot=   1369000.91449382     
 ratio1=  3.638043311888772E-014 ratio2=  2.354156439085018E-014
 nchek0=           0 toler_force=  1.000000000000000E-005
 nchek=           0
                    conver_nodal_value check
               Convergence check for displacement
 ratio1=  1.446844783551275E-002 ratio2=  1.367738997203243E-002
                            not converged for checki=           1
 iiter=           2
Begin forming various matrix       at 2026-08-26 10:09:14 
 ktsmat=           0
 ntelgroup=           0
Begin solution global equation     at 2026-08-26 10:09:14 
                     istep=         394 iiter=           2
                     conver_load check
 resid=  1.314643244361452E-021 retot=   1369000.91449383     
 ratio1=  3.098860939886195E-014 ratio2=  2.068303660458931E-014
 nchek0=           0 toler_force=  1.000000000000000E-005
 nchek=           0
                    conver_nodal_value check
               Convergence check for displacement
 ratio1=  1.486393438591847E-015 ratio2=  2.041551015757213E-015
 nchek=           0
 ***********RESTART FILE IS UPDATED!*******
 time: 10:09:12
 iblks=           1 iincs=           1 istep=         395
 outinp=           0
 iiter=           1
Begin forming various matrix       at 2026-08-26 10:09:14 
 ktsmat=           0
Begin assemble golbal matrix       at 2026-08-26 10:09:14 
 ntelgroup=           0
Begin factorize global matrix      at 2026-08-26 10:09:14 
Begin solution global equation     at 2026-08-26 10:09:14 
                     istep=         395 iiter=           1
                     conver_load check
 resid=  4.604686949923477E-021 retot=   392810.735651753     
 ratio1=  1.082700607961503E-013 ratio2=  6.524673932583226E-014
 nchek0=           0 toler_force=  1.000000000000000E-005
 nchek=           0
                    conver_nodal_value check
               Convergence check for displacement
 ratio1=  4.634437456564443E-002 ratio2=  4.431769633543955E-002
                            not converged for checki=           1
 iiter=           2
Begin forming various matrix       at 2026-08-26 10:09:14 
 ktsmat=           0
 ntelgroup=           0
Begin solution global equation     at 2026-08-26 10:09:14 
                     istep=         395 iiter=           2
                     conver_load check
 resid=  3.193174735958866E-021 retot=   392810.735651755     
 ratio1=  9.016119680251880E-014 ratio2=  5.035249591666643E-014
 nchek0=           0 toler_force=  1.000000000000000E-005
 nchek=           0
                    conver_nodal_value check
               Convergence check for displacement
 ratio1=  2.205023257681202E-015 ratio2=  3.174590895090472E-015
 nchek=           0
 ***********RESTART FILE IS UPDATED!*******
 time: 10:09:12
 iblks=           1 iincs=           1 istep=         396
 outinp=           0
 iiter=           1
Begin forming various matrix       at 2026-08-26 10:09:14 
 ktsmat=           0
Begin assemble golbal matrix       at 2026-08-26 10:09:14 
 ntelgroup=           0
Begin factorize global matrix      at 2026-08-26 10:09:14 
Begin solution global equation     at 2026-08-26 10:09:14 
                     istep=         396 iiter=           1
                     conver_load check
 resid=  8.677695363168123E-021 retot=   1677.82486971439     
 ratio1=  2.274201209548107E-012 ratio2=  1.483904734502550E-012
 nchek0=           0 toler_force=  1.000000000000000E-005
 nchek=           0
                    conver_nodal_value check
               Convergence check for displacement
 ratio1=  0.467806963708922      ratio2=  0.383704868997887     
                            not converged for checki=           1
 iiter=           2
Begin forming various matrix       at 2026-08-26 10:09:14 
 ktsmat=           0
 ntelgroup=           0
Begin solution global equation     at 2026-08-26 10:09:14 
                     istep=         396 iiter=           2
                     conver_load check
 resid=  7.355050717600462E-021 retot=   1677.82486971415     
 ratio1=  2.093724437957713E-012 ratio2=  1.785307506339403E-012
 nchek0=           0 toler_force=  1.000000000000000E-005
 nchek=           0
                    conver_nodal_value check
               Convergence check for displacement
 ratio1=  2.657533086010006E-014 ratio2=  2.138104083329002E-014
 nchek=           0
 ***********RESTART FILE IS UPDATED!*******
 time: 10:09:12
 iblks=           1 iincs=           1 istep=         397
 outinp=           0
 iiter=           1
Begin forming various matrix       at 2026-08-26 10:09:14 
 ktsmat=           0
Begin assemble golbal matrix       at 2026-08-26 10:09:14 
 ntelgroup=           0
Begin factorize global matrix      at 2026-08-26 10:09:14 
Begin solution global equation     at 2026-08-26 10:09:14 
                     istep=         397 iiter=           1
                     conver_load check
 resid=  5.970686770817659E-021 retot=   446794.241918271     
 ratio1=  1.156001400802712E-013 ratio2=  7.804344747345883E-014
 nchek0=           0 toler_force=  1.000000000000000E-005
 nchek=           0
                    conver_nodal_value check
               Convergence check for displacement
 ratio1=  6.999323799263422E-002 ratio2=  7.356466496669925E-002
                            not converged for checki=           1
 iiter=           2
Begin forming various matrix       at 2026-08-26 10:09:14 
 ktsmat=           0
 ntelgroup=           0
Begin solution global equation     at 2026-08-26 10:09:14 
                     istep=         397 iiter=           2
                     conver_load check
 resid=  3.651753385547075E-021 retot=   446794.241918267     
 ratio1=  9.040593383774741E-014 ratio2=  4.480514398149744E-014
 nchek0=           0 toler_force=  1.000000000000000E-005
 nchek=           0
                    conver_nodal_value check
               Convergence check for displacement
 ratio1=  9.318642878403907E-015 ratio2=  1.301566130746774E-014
 nchek=           0
 ***********RESTART FILE IS UPDATED!*******
 time: 10:09:12
 iblks=           1 iincs=           1 istep=         398
 outinp=           0
 iiter=           1
Begin forming various matrix       at 2026-08-26 10:09:14 
 ktsmat=           0
Begin assemble golbal matrix       at 2026-08-26 10:09:14 
 ntelgroup=           0
Begin factorize global matrix      at 2026-08-26 10:09:14 
Begin solution global equation     at 2026-08-26 10:09:14 
                     istep=         398 iiter=           1
                     conver_load check
 resid=  4.182407174024319E-021 retot=   1248105.80393059     
 ratio1=  5.788785456084666E-014 ratio2=  3.896546842622892E-014
 nchek0=           0 toler_force=  1.000000000000000E-005
 nchek=           0
                    conver_nodal_value check
               Convergence check for displacement
 ratio1=  2.674545358212450E-002 ratio2=  2.766890906158921E-002
                            not converged for checki=           1
 iiter=           2
Begin forming various matrix       at 2026-08-26 10:09:14 
 ktsmat=           0
 ntelgroup=           0
Begin solution global equation     at 2026-08-26 10:09:14 
                     istep=         398 iiter=           2
                     conver_load check
 resid=  4.178133981526180E-021 retot=   1248105.80393058     
 ratio1=  5.785827480549375E-014 ratio2=  4.266265125073436E-014
 nchek0=           0 toler_force=  1.000000000000000E-005
 nchek=           0
                    conver_nodal_value check
               Convergence check for displacement
 ratio1=  2.112096163684879E-015 ratio2=  2.657925549508001E-015
 nchek=           0
 ***********RESTART FILE IS UPDATED!*******
 time: 10:09:12
 iblks=           1 iincs=           1 istep=         399
 outinp=           0
 iiter=           1
Begin forming various matrix       at 2026-08-26 10:09:14 
 ktsmat=           0
Begin assemble golbal matrix       at 2026-08-26 10:09:14 
 ntelgroup=           0
Begin factorize global matrix      at 2026-08-26 10:09:14 
Begin solution global equation     at 2026-08-26 10:09:14 
                     istep=         399 iiter=           1
                     conver_load check
 resid=  1.239106376806719E-021 retot=   1662311.85432007     
 ratio1=  2.730222522821959E-014 ratio2=  1.681322474658368E-014
 nchek0=           0 toler_force=  1.000000000000000E-005
 nchek=           0
                    conver_nodal_value check
               Convergence check for displacement
 ratio1=  8.453245854616131E-003 ratio2=  9.016402182449635E-003
                            not converged for checki=           1
 iiter=           2
Begin forming various matrix       at 2026-08-26 10:09:14 
 ktsmat=           0
 ntelgroup=           0
Begin solution global equation     at 2026-08-26 10:09:14 
                     istep=         399 iiter=           2
                     conver_load check
 resid=  4.653227087654957E-022 retot=   1662311.85432007     
 ratio1=  1.673096045856032E-014 ratio2=  1.076277096985428E-014
 nchek0=           0 toler_force=  1.000000000000000E-005
 nchek=           0
                    conver_nodal_value check
               Convergence check for displacement
 ratio1=  3.671459376056811E-016 ratio2=  4.345513410644383E-016
 nchek=           0
 ***********RESTART FILE IS UPDATED!*******
 time: 10:09:12
 iblks=           1 iincs=           1 istep=         400
 outinp=           0
 iiter=           1
Begin forming various matrix       at 2026-08-26 10:09:14 
 ktsmat=           0
Begin assemble golbal matrix       at 2026-08-26 10:09:14 
 ntelgroup=           0
Begin factorize global matrix      at 2026-08-26 10:09:14 
Begin solution global equation     at 2026-08-26 10:09:14 
                     istep=         400 iiter=           1
                     conver_load check
 resid=  3.391092139182612E-022 retot=   1337282.54798756     
 ratio1=  1.592422138132229E-014 ratio2=  1.244511094226100E-014
 nchek0=           0 toler_force=  1.000000000000000E-005
 nchek=           0
                    conver_nodal_value check
               Convergence check for displacement
 ratio1=  7.041150737297813E-003 ratio2=  6.353256335526487E-003
                            not converged for checki=           1
 iiter=           2
Begin forming various matrix       at 2026-08-26 10:09:14 
 ktsmat=           0
 ntelgroup=           0
Begin solution global equation     at 2026-08-26 10:09:14 
                     istep=         400 iiter=           2
                     conver_load check
 resid=  2.247082299730526E-022 retot=   1337282.54798756     
 ratio1=  1.296277255418025E-014 ratio2=  9.682566299990019E-015
 nchek0=           0 toler_force=  1.000000000000000E-005
 nchek=           0
                    conver_nodal_value check
               Convergence check for displacement
 ratio1=  4.811519081924532E-016 ratio2=  5.200822866118711E-016
 nchek=           0
 ***********RESTART FILE IS UPDATED!*******
 time: 10:09:12
 iblks=           1 iincs=           1 istep=         401
 outinp=           0
 iiter=           1
Begin forming various matrix       at 2026-08-26 10:09:14 
 ktsmat=           0
Begin assemble golbal matrix       at 2026-08-26 10:09:14 
 ntelgroup=           0
Begin factorize global matrix      at 2026-08-26 10:09:14 
Begin solution global equation     at 2026-08-26 10:09:14 
                     istep=         401 iiter=           1
                     conver_load check
 resid=  2.556582763900338E-021 retot=   580344.821526768     
 ratio1=  6.637230061704351E-014 ratio2=  3.806943118854748E-014
 nchek0=           0 toler_force=  1.000000000000000E-005
 nchek=           0
                    conver_nodal_value check
               Convergence check for displacement
 ratio1=  2.932103638093347E-002 ratio2=  2.809787124665247E-002
                            not converged for checki=           1
 iiter=           2
Begin forming various matrix       at 2026-08-26 10:09:14 
 ktsmat=           0
 ntelgroup=           0
Begin solution global equation     at 2026-08-26 10:09:14 
                     istep=         401 iiter=           2
                     conver_load check
 resid=  2.103382865510085E-021 retot=   580344.821526770     
 ratio1=  6.020271940245685E-014 ratio2=  4.340865420770605E-014
 nchek0=           0 toler_force=  1.000000000000000E-005
 nchek=           0
                    conver_nodal_value check
               Convergence check for displacement
 ratio1=  1.624250272183422E-015 ratio2=  1.642979341882057E-015
 nchek=           0
 ***********RESTART FILE IS UPDATED!*******
 time: 10:09:12
 iblks=           1 iincs=           1 istep=         402
 outinp=           0
 iiter=           1
Begin forming various matrix       at 2026-08-26 10:09:14 
 ktsmat=           0
Begin assemble golbal matrix       at 2026-08-26 10:09:14 
 ntelgroup=           0
Begin factorize global matrix      at 2026-08-26 10:09:14 
Begin solution global equation     at 2026-08-26 10:09:14 
                     istep=         402 iiter=           1
                     conver_load check
 resid=  7.606007029299637E-021 retot=   43113.7599693172     
 ratio1=  4.200204263790660E-013 ratio2=  3.749315903810261E-013
 nchek0=           0 toler_force=  1.000000000000000E-005
 nchek=           0
                    conver_nodal_value check
               Convergence check for displacement
 ratio1=  0.110972117809453      ratio2=  0.103272224696000     
                            not converged for checki=           1
 iiter=           2
Begin forming various matrix       at 2026-08-26 10:09:14 
 ktsmat=           0
 ntelgroup=           0
Begin solution global equation     at 2026-08-26 10:09:14 
                     istep=         402 iiter=           2
                     conver_load check
 resid=  7.380138679785669E-021 retot=   43113.7599693180     
 ratio1=  4.137369528745318E-013 ratio2=  2.825350383819532E-013
 nchek0=           0 toler_force=  1.000000000000000E-005
 nchek=           0
                    conver_nodal_value check
               Convergence check for displacement
 ratio1=  8.062023327687201E-015 ratio2=  8.052594194554434E-015
 nchek=           0
 ***********RESTART FILE IS UPDATED!*******
 time: 10:09:12
 iblks=           1 iincs=           1 istep=         403
 outinp=           0
 iiter=           1
Begin forming various matrix       at 2026-08-26 10:09:14 
 ktsmat=           0
Begin assemble golbal matrix       at 2026-08-26 10:09:14 
 ntelgroup=           0
Begin factorize global matrix      at 2026-08-26 10:09:14 
Begin solution global equation     at 2026-08-26 10:09:14 
                     istep=         403 iiter=           1
                     conver_load check
 resid=  7.216485707558219E-021 retot=   138523.751116733     
 ratio1=  2.282447286479545E-013 ratio2=  1.829189285789914E-013
 nchek0=           0 toler_force=  1.000000000000000E-005
 nchek=           0
                    conver_nodal_value check
               Convergence check for displacement
 ratio1=  0.133194013494330      ratio2=  0.146046273590969     
                            not converged for checki=           1
 iiter=           2
Begin forming various matrix       at 2026-08-26 10:09:14 
 ktsmat=           0
 ntelgroup=           0
Begin solution global equation     at 2026-08-26 10:09:14 
                     istep=         403 iiter=           2
                     conver_load check
 resid=  5.727699938642772E-021 retot=   138523.751116730     
 ratio1=  2.033424291558908E-013 ratio2=  1.409913481719619E-013
 nchek0=           0 toler_force=  1.000000000000000E-005
 nchek=           0
                    conver_nodal_value check
               Convergence check for displacement
 ratio1=  2.750828887567328E-014 ratio2=  4.234793399997643E-014
 nchek=           0
 ***********RESTART FILE IS UPDATED!*******
 time: 10:09:12
 iblks=           1 iincs=           1 istep=         404
 outinp=           0
 iiter=           1
Begin forming various matrix       at 2026-08-26 10:09:14 
 ktsmat=           0
Begin assemble golbal matrix       at 2026-08-26 10:09:14 
 ntelgroup=           0
Begin factorize global matrix      at 2026-08-26 10:09:14 
Begin solution global equation     at 2026-08-26 10:09:14 
                     istep=         404 iiter=           1
                     conver_load check
 resid=  4.572164618161877E-021 retot=   708317.082246332     
 ratio1=  8.034282003942556E-014 ratio2=  5.800694371271405E-014
 nchek0=           0 toler_force=  1.000000000000000E-005
 nchek=           0
                    conver_nodal_value check
               Convergence check for displacement
 ratio1=  3.830763317178749E-002 ratio2=  3.967748488777053E-002
                            not converged for checki=           1
 iiter=           2
Begin forming various matrix       at 2026-08-26 10:09:14 
 ktsmat=           0
 ntelgroup=           0
Begin solution global equation     at 2026-08-26 10:09:14 
                     istep=         404 iiter=           2
                     conver_load check
 resid=  3.641881993202712E-021 retot=   708317.082246330     
 ratio1=  7.170494001949302E-014 ratio2=  3.964539128813246E-014
 nchek0=           0 toler_force=  1.000000000000000E-005
 nchek=           0
                    conver_nodal_value check
               Convergence check for displacement
 ratio1=  2.631231491824502E-015 ratio2=  4.040308301769035E-015
 nchek=           0
 ***********RESTART FILE IS UPDATED!*******
 time: 10:09:12
 iblks=           1 iincs=           1 istep=         405
 outinp=           0
 iiter=           1
Begin forming various matrix       at 2026-08-26 10:09:14 
 ktsmat=           0
Begin assemble golbal matrix       at 2026-08-26 10:09:14 
 ntelgroup=           0
Begin factorize global matrix      at 2026-08-26 10:09:14 
Begin solution global equation     at 2026-08-26 10:09:14 
                     istep=         405 iiter=           1
                     conver_load check
 resid=  1.121023312571442E-021 retot=   1203990.11756943     
 ratio1=  3.051376948053322E-014 ratio2=  2.672378460967352E-014
 nchek0=           0 toler_force=  1.000000000000000E-005
 nchek=           0
                    conver_nodal_value check
               Convergence check for displacement
 ratio1=  1.501638384183173E-002 ratio2=  1.566532067544134E-002
                            not converged for checki=           1
 iiter=           2
Begin forming various matrix       at 2026-08-26 10:09:14 
 ktsmat=           0
 ntelgroup=           0
Begin solution global equation     at 2026-08-26 10:09:14 
                     istep=         405 iiter=           2
                     conver_load check
 resid=  6.914494042062711E-022 retot=   1203990.11756942     
 ratio1=  2.396452041931010E-014 ratio2=  1.634099270710731E-014
 nchek0=           0 toler_force=  1.000000000000000E-005
 nchek=           0
                    conver_nodal_value check
               Convergence check for displacement
 ratio1=  7.060332600088474E-016 ratio2=  8.719976976670994E-016
 nchek=           0
 ***********RESTART FILE IS UPDATED!*******
 time: 10:09:12
 iblks=           1 iincs=           1 istep=         406
 outinp=           0
 iiter=           1
Begin forming various matrix       at 2026-08-26 10:09:14 
 ktsmat=           0
Begin assemble golbal matrix       at 2026-08-26 10:09:14 
 ntelgroup=           0
Begin factorize global matrix      at 2026-08-26 10:09:14 
Begin solution global equation     at 2026-08-26 10:09:14 
                     istep=         406 iiter=           1
                     conver_load check
 resid=  7.794258820598302E-023 retot=   1185545.08963379     
 ratio1=  8.108273202756060E-015 ratio2=  6.110152928955384E-015
 nchek0=           0 toler_force=  1.000000000000000E-005
 nchek=           0
                    conver_nodal_value check
               Convergence check for displacement
 ratio1=  9.292127137880241E-004 ratio2=  6.885319314231167E-004
                            not converged for checki=           1
 iiter=           2
Begin forming various matrix       at 2026-08-26 10:09:14 
 ktsmat=           0
 ntelgroup=           0
Begin solution global equation     at 2026-08-26 10:09:14 
                     istep=         406 iiter=           2
                     conver_load check
 resid=  6.885381874812183E-023 retot=   1185545.08963379     
 ratio1=  7.620877451281896E-015 ratio2=  4.278003280006194E-015
 nchek0=           0 toler_force=  1.000000000000000E-005
 nchek=           0
                    conver_nodal_value check
               Convergence check for displacement
 ratio1=  4.221039689109919E-016 ratio2=  6.876627506088833E-016
 nchek=           0
 ***********RESTART FILE IS UPDATED!*******
 time: 10:09:12
 iblks=           1 iincs=           1 istep=         407
 outinp=           0
 iiter=           1
Begin forming various matrix       at 2026-08-26 10:09:14 
 ktsmat=           0
Begin assemble golbal matrix       at 2026-08-26 10:09:14 
 ntelgroup=           0
Begin factorize global matrix      at 2026-08-26 10:09:14 
Begin solution global equation     at 2026-08-26 10:09:14 
                     istep=         407 iiter=           1
                     conver_load check
 resid=  1.095090692461003E-021 retot=   687491.526556625     
 ratio1=  3.991088599967772E-014 ratio2=  2.450939447669622E-014
 nchek0=           0 toler_force=  1.000000000000000E-005
 nchek=           0
                    conver_nodal_value check
               Convergence check for displacement
 ratio1=  1.837661972490070E-002 ratio2=  1.749784912060611E-002
                            not converged for checki=           1
 iiter=           2
Begin forming various matrix       at 2026-08-26 10:09:14 
 ktsmat=           0
 ntelgroup=           0
Begin solution global equation     at 2026-08-26 10:09:14 
                     istep=         407 iiter=           2
                     conver_load check
 resid=  7.543814951330218E-022 retot=   687491.526556626     
 ratio1=  3.312545394281874E-014 ratio2=  2.864359019890359E-014
 nchek0=           0 toler_force=  1.000000000000000E-005
 nchek=           0
                    conver_nodal_value check
               Convergence check for displacement
 ratio1=  1.110907362391253E-015 ratio2=  1.389462018170083E-015
 nchek=           0
 ***********RESTART FILE IS UPDATED!*******
 time: 10:09:12
 iblks=           1 iincs=           1 istep=         408
 outinp=           0
 iiter=           1
Begin forming various matrix       at 2026-08-26 10:09:14 
 ktsmat=           0
Begin assemble golbal matrix       at 2026-08-26 10:09:14 
 ntelgroup=           0
Begin factorize global matrix      at 2026-08-26 10:09:14 
Begin solution global equation     at 2026-08-26 10:09:14 
                     istep=         408 iiter=           1
                     conver_load check
 resid=  4.894793533432853E-021 retot=   151048.539010268     
 ratio1=  1.800150951307732E-013 ratio2=  1.152361119145140E-013
 nchek0=           0 toler_force=  1.000000000000000E-005
 nchek=           0
                    conver_nodal_value check
               Convergence check for displacement
 ratio1=  5.813966443052076E-002 ratio2=  5.537655625184797E-002
                            not converged for checki=           1
 iiter=           2
Begin forming various matrix       at 2026-08-26 10:09:14 
 ktsmat=           0
 ntelgroup=           0
Begin solution global equation     at 2026-08-26 10:09:14 
                     istep=         408 iiter=           2
                     conver_load check
 resid=  5.757354250432345E-021 retot=   151048.539010269     
 ratio1=  1.952329927695480E-013 ratio2=  1.657792088033157E-013
 nchek0=           0 toler_force=  1.000000000000000E-005
 nchek=           0
                    conver_nodal_value check
               Convergence check for displacement
 ratio1=  2.481531406210494E-015 ratio2=  3.380281334632212E-015
 nchek=           0
 ***********RESTART FILE IS UPDATED!*******
 time: 10:09:12
 iblks=           1 iincs=           1 istep=         409
 outinp=           0
 iiter=           1
Begin forming various matrix       at 2026-08-26 10:09:14 
 ktsmat=           0
Begin assemble golbal matrix       at 2026-08-26 10:09:14 
 ntelgroup=           0
Begin factorize global matrix      at 2026-08-26 10:09:14 
Begin solution global equation     at 2026-08-26 10:09:14 
                     istep=         409 iiter=           1
                     conver_load check
 resid=  6.147743881676877E-021 retot=   15369.4110241757     
 ratio1=  6.324544761170069E-013 ratio2=  3.600648324118812E-013
 nchek0=           0 toler_force=  1.000000000000000E-005
 nchek=           0
                    conver_nodal_value check
               Convergence check for displacement
 ratio1=  0.785079940415392      ratio2=   1.13194262525326     
                            not converged for checki=           1
 iiter=           2
Begin forming various matrix       at 2026-08-26 10:09:14 
 ktsmat=           0
 ntelgroup=           0
Begin solution global equation     at 2026-08-26 10:09:14 
                     istep=         409 iiter=           2
                     conver_load check
 resid=  4.077073738055479E-021 retot=   15369.4110241751     
 ratio1=  5.150455871596614E-013 ratio2=  3.190330208951691E-013
 nchek0=           0 toler_force=  1.000000000000000E-005
 nchek=           0
                    conver_nodal_value check
               Convergence check for displacement
 ratio1=  1.149694192328749E-013 ratio2=  2.274421302063305E-013
 nchek=           0
 ***********RESTART FILE IS UPDATED!*******
 time: 10:09:12
 iblks=           1 iincs=           1 istep=         410
 outinp=           0
 iiter=           1
Begin forming various matrix       at 2026-08-26 10:09:14 
 ktsmat=           0
Begin assemble golbal matrix       at 2026-08-26 10:09:14 
 ntelgroup=           0
Begin factorize global matrix      at 2026-08-26 10:09:14 
Begin solution global equation     at 2026-08-26 10:09:14 
                     istep=         410 iiter=           1
                     conver_load check
 resid=  9.061623164653539E-021 retot=   343572.727007236     
 ratio1=  1.624028542907767E-013 ratio2=  1.473262401153027E-013
 nchek0=           0 toler_force=  1.000000000000000E-005
 nchek=           0
                    conver_nodal_value check
               Convergence check for displacement
 ratio1=  5.680067173238091E-002 ratio2=  5.927460337315647E-002
                            not converged for checki=           1
 iiter=           2
Begin forming various matrix       at 2026-08-26 10:09:14 
 ktsmat=           0
 ntelgroup=           0
Begin solution global equation     at 2026-08-26 10:09:14 
                     istep=         410 iiter=           2
                     conver_load check
 resid=  6.700263515599154E-021 retot=   343572.727007233     
 ratio1=  1.396486046788712E-013 ratio2=  1.130511428831807E-013
 nchek0=           0 toler_force=  1.000000000000000E-005
 nchek=           0
                    conver_nodal_value check
               Convergence check for displacement
 ratio1=  6.252708899455489E-015 ratio2=  8.464866729872759E-015
 nchek=           0
 ***********RESTART FILE IS UPDATED!*******
 time: 10:09:12
 iblks=           1 iincs=           1 istep=         411
 outinp=           0
 iiter=           1
Begin forming various matrix       at 2026-08-26 10:09:14 
 ktsmat=           0
Begin assemble golbal matrix       at 2026-08-26 10:09:14 
 ntelgroup=           0
Begin factorize global matrix      at 2026-08-26 10:09:14 
Begin solution global equation     at 2026-08-26 10:09:14 
                     istep=         411 iiter=           1
                     conver_load check
 resid=  2.143133378393172E-021 retot=   799337.862551104     
 ratio1=  5.177968543294163E-014 ratio2=  4.003733165296937E-014
 nchek0=           0 toler_force=  1.000000000000000E-005
 nchek=           0
                    conver_nodal_value check
               Convergence check for displacement
 ratio1=  2.267581483856764E-002 ratio2=  2.348440855115136E-002
                            not converged for checki=           1
 iiter=           2
Begin forming various matrix       at 2026-08-26 10:09:14 
 ktsmat=           0
 ntelgroup=           0
Begin solution global equation     at 2026-08-26 10:09:14 
                     istep=         411 iiter=           2
                     conver_load check
 resid=  1.149134971795061E-021 retot=   799337.862551103     
 ratio1=  3.791580914134989E-014 ratio2=  2.266303303593203E-014
 nchek0=           0 toler_force=  1.000000000000000E-005
 nchek=           0
                    conver_nodal_value check
               Convergence check for displacement
 ratio1=  1.350440447656724E-015 ratio2=  2.126632094799280E-015
 nchek=           0
 ***********RESTART FILE IS UPDATED!*******
 time: 10:09:12
 iblks=           1 iincs=           1 istep=         412
 outinp=           0
 iiter=           1
Begin forming various matrix       at 2026-08-26 10:09:14 
 ktsmat=           0
Begin assemble golbal matrix       at 2026-08-26 10:09:14 
 ntelgroup=           0
Begin factorize global matrix      at 2026-08-26 10:09:14 
Begin solution global equation     at 2026-08-26 10:09:14 
                     istep=         412 iiter=           1
                     conver_load check
 resid=  2.382243613977489E-022 retot=   965662.732582699     
 ratio1=  1.570653368718700E-014 ratio2=  9.710436426751154E-015
 nchek0=           0 toler_force=  1.000000000000000E-005
 nchek=           0
                    conver_nodal_value check
               Convergence check for displacement
 ratio1=  5.681377076851396E-003 ratio2=  6.213796260277227E-003
                            not converged for checki=           1
 iiter=           2
Begin forming various matrix       at 2026-08-26 10:09:14 
 ktsmat=           0
 ntelgroup=           0
Begin solution global equation     at 2026-08-26 10:09:14 
                     istep=         412 iiter=           2
                     conver_load check
 resid=  1.282260719239526E-022 retot=   965662.732582698     
 ratio1=  1.152326192499218E-014 ratio2=  9.648954021945071E-015
 nchek0=           0 toler_force=  1.000000000000000E-005
 nchek=           0
                    conver_nodal_value check
               Convergence check for displacement
 ratio1=  3.352410022203574E-016 ratio2=  3.561308344197729E-016
 nchek=           0
 ***********RESTART FILE IS UPDATED!*******
 time: 10:09:12
 iblks=           1 iincs=           1 istep=         413
 outinp=           0
 iiter=           1
Begin forming various matrix       at 2026-08-26 10:09:14 
 ktsmat=           0
Begin assemble golbal matrix       at 2026-08-26 10:09:14 
 ntelgroup=           0
Begin factorize global matrix      at 2026-08-26 10:09:14 
Begin solution global equation     at 2026-08-26 10:09:14 
                     istep=         413 iiter=           1
                     conver_load check
 resid=  4.305993068314098E-022 retot=   706582.627563250     
 ratio1=  2.468625356142061E-014 ratio2=  1.930385092357108E-014
 nchek0=           0 toler_force=  1.000000000000000E-005
 nchek=           0
                    conver_nodal_value check
               Convergence check for displacement
 ratio1=  1.020808520339959E-002 ratio2=  9.488017581700262E-003
                            not converged for checki=           1
 iiter=           2
Begin forming various matrix       at 2026-08-26 10:09:14 
 ktsmat=           0
 ntelgroup=           0
Begin solution global equation     at 2026-08-26 10:09:14 
                     istep=         413 iiter=           2
                     conver_load check
 resid=  3.421047332500249E-022 retot=   706582.627563251     
 ratio1=  2.200381899632312E-014 ratio2=  1.354276119535004E-014
 nchek0=           0 toler_force=  1.000000000000000E-005
 nchek=           0
                    conver_nodal_value check
               Convergence check for displacement
 ratio1=  1.053699136183194E-015 ratio2=  1.127672492093724E-015
 nchek=           0
 ***********RESTART FILE IS UPDATED!*******
 time: 10:09:12
 iblks=           1 iincs=           1 istep=         414
 outinp=           0
 iiter=           1
Begin forming various matrix       at 2026-08-26 10:09:14 
 ktsmat=           0
Begin assemble golbal matrix       at 2026-08-26 10:09:14 
 ntelgroup=           0
Begin factorize global matrix      at 2026-08-26 10:09:14 
Begin solution global equation     at 2026-08-26 10:09:14 
                     istep=         414 iiter=           1
                     conver_load check
 resid=  1.842057391271527E-021 retot=   260240.733183986     
 ratio1=  8.413252855377931E-014 ratio2=  5.827813191523924E-014
 nchek0=           0 toler_force=  1.000000000000000E-005
 nchek=           0
                    conver_nodal_value check
               Convergence check for displacement
 ratio1=  3.587965682392500E-002 ratio2=  3.438434658238991E-002
                            not converged for checki=           1
 iiter=           2
Begin forming various matrix       at 2026-08-26 10:09:14 
 ktsmat=           0
 ntelgroup=           0
Begin solution global equation     at 2026-08-26 10:09:14 
                     istep=         414 iiter=           2
                     conver_load check
 resid=  1.436757130925117E-021 retot=   260240.733183987     
 ratio1=  7.430260562202645E-014 ratio2=  4.103386238669343E-014
 nchek0=           0 toler_force=  1.000000000000000E-005
 nchek=           0
                    conver_nodal_value check
               Convergence check for displacement
 ratio1=  2.884732016704339E-015 ratio2=  2.866185775319116E-015
 nchek=           0
 ***********RESTART FILE IS UPDATED!*******
 time: 10:09:12
 iblks=           1 iincs=           1 istep=         415
 outinp=           0
 iiter=           1
Begin forming various matrix       at 2026-08-26 10:09:14 
 ktsmat=           0
Begin assemble golbal matrix       at 2026-08-26 10:09:14 
 ntelgroup=           0
Begin factorize global matrix      at 2026-08-26 10:09:14 
Begin solution global equation     at 2026-08-26 10:09:14 
                     istep=         415 iiter=           1
                     conver_load check
 resid=  6.560632162863897E-021 retot=   5747.20509097981     
 ratio1=  1.068426119810063E-012 ratio2=  7.336148472140330E-013
 nchek0=           0 toler_force=  1.000000000000000E-005
 nchek=           0
                    conver_nodal_value check
               Convergence check for displacement
 ratio1=  0.172778788804723      ratio2=  0.156371803794573     
                            not converged for checki=           1
 iiter=           2
Begin forming various matrix       at 2026-08-26 10:09:14 
 ktsmat=           0
 ntelgroup=           0
Begin solution global equation     at 2026-08-26 10:09:14 
                     istep=         415 iiter=           2
                     conver_load check
 resid=  3.205895537125249E-021 retot=   5747.20509098006     
 ratio1=  7.468722710441112E-013 ratio2=  4.164665696599775E-013
 nchek0=           0 toler_force=  1.000000000000000E-005
 nchek=           0
                    conver_nodal_value check
               Convergence check for displacement
 ratio1=  8.110202083654212E-015 ratio2=  7.902449883833169E-015
 nchek=           0
 ***********RESTART FILE IS UPDATED!*******
 time: 10:09:12
 iblks=           1 iincs=           1 istep=         416
 outinp=           0
 iiter=           1
Begin forming various matrix       at 2026-08-26 10:09:14 
 ktsmat=           0
Begin assemble golbal matrix       at 2026-08-26 10:09:14 
 ntelgroup=           0
Begin factorize global matrix      at 2026-08-26 10:09:14 
Begin solution global equation     at 2026-08-26 10:09:14 
                     istep=         416 iiter=           1
                     conver_load check
 resid=  5.716577956441377E-021 retot=   128805.069439458     
 ratio1=  2.106694624540156E-013 ratio2=  1.379138025181950E-013
 nchek0=           0 toler_force=  1.000000000000000E-005
 nchek=           0
                    conver_nodal_value check
               Convergence check for displacement
 ratio1=  9.543299982116406E-002 ratio2=  0.101902747746055     
                            not converged for checki=           1
 iiter=           2
Begin forming various matrix       at 2026-08-26 10:09:14 
 ktsmat=           0
 ntelgroup=           0
Begin solution global equation     at 2026-08-26 10:09:14 
                     istep=         416 iiter=           2
                     conver_load check
 resid=  3.714224019294225E-021 retot=   128805.069439457     
 ratio1=  1.698116840810557E-013 ratio2=  9.324689301657349E-014
 nchek0=           0 toler_force=  1.000000000000000E-005
 nchek=           0
                    conver_nodal_value check
               Convergence check for displacement
 ratio1=  7.831529977644978E-015 ratio2=  1.415801258967141E-014
 nchek=           0
 ***********RESTART FILE IS UPDATED!*******
 time: 10:09:12
 iblks=           1 iincs=           1 istep=         417
 outinp=           0
 iiter=           1
Begin forming various matrix       at 2026-08-26 10:09:14 
 ktsmat=           0
Begin assemble golbal matrix       at 2026-08-26 10:09:14 
 ntelgroup=           0
Begin factorize global matrix      at 2026-08-26 10:09:14 
Begin solution global equation     at 2026-08-26 10:09:14 
                     istep=         417 iiter=           1
                     conver_load check
 resid=  1.505738528257834E-021 retot=   479126.676081840     
 ratio1=  5.605954980837728E-014 ratio2=  3.450835871161014E-014
 nchek0=           0 toler_force=  1.000000000000000E-005
 nchek=           0
                    conver_nodal_value check
               Convergence check for displacement
 ratio1=  3.256904636910073E-002 ratio2=  3.369470618263420E-002
                            not converged for checki=           1
 iiter=           2
Begin forming various matrix       at 2026-08-26 10:09:14 
 ktsmat=           0
 ntelgroup=           0
Begin solution global equation     at 2026-08-26 10:09:14 
                     istep=         417 iiter=           2
                     conver_load check
 resid=  1.195819225434865E-021 retot=   479126.676081839     
 ratio1=  4.995829290453596E-014 ratio2=  2.476467195834944E-014
 nchek0=           0 toler_force=  1.000000000000000E-005
 nchek=           0
                    conver_nodal_value check
               Convergence check for displacement
 ratio1=  1.943938818634691E-015 ratio2=  2.173552187170986E-015
 nchek=           0
 ***********RESTART FILE IS UPDATED!*******
 time: 10:09:12
 iblks=           1 iincs=           1 istep=         418
 outinp=           0
 iiter=           1
Begin forming various matrix       at 2026-08-26 10:09:14 
 ktsmat=           0
Begin assemble golbal matrix       at 2026-08-26 10:09:14 
 ntelgroup=           0
Begin factorize global matrix      at 2026-08-26 10:09:14 
Begin solution global equation     at 2026-08-26 10:09:14 
                     istep=         418 iiter=           1
                     conver_load check
 resid=  6.872882594596103E-022 retot=   725594.602767202     
 ratio1=  3.077672760671018E-014 ratio2=  2.613161813851436E-014
 nchek0=           0 toler_force=  1.000000000000000E-005
 nchek=           0
                    conver_nodal_value check
               Convergence check for displacement
 ratio1=  1.197636190737916E-002 ratio2=  1.258071184769368E-002
                            not converged for checki=           1
 iiter=           2
Begin forming various matrix       at 2026-08-26 10:09:14 
 ktsmat=           0
 ntelgroup=           0
Begin solution global equation     at 2026-08-26 10:09:14 
                     istep=         418 iiter=           2
                     conver_load check
 resid=  5.415659848927603E-022 retot=   725594.602767201     
 ratio1=  2.731987246892256E-014 ratio2=  2.010456078928513E-014
 nchek0=           0 toler_force=  1.000000000000000E-005
 nchek=           0
                    conver_nodal_value check
               Convergence check for displacement
 ratio1=  1.592461296197590E-015 ratio2=  1.848944659373029E-015
 nchek=           0
 ***********RESTART FILE IS UPDATED!*******
 time: 10:09:12
 iblks=           1 iincs=           1 istep=         419
 outinp=           0
 iiter=           1
Begin forming various matrix       at 2026-08-26 10:09:14 
 ktsmat=           0
Begin assemble golbal matrix       at 2026-08-26 10:09:14 
 ntelgroup=           0
Begin factorize global matrix      at 2026-08-26 10:09:14 
Begin solution global equation     at 2026-08-26 10:09:14 
                     istep=         419 iiter=           1
                     conver_load check
 resid=  3.891329099257500E-023 retot=   652920.310173802     
 ratio1=  7.720028288429307E-015 ratio2=  4.086237815207001E-015
 nchek0=           0 toler_force=  1.000000000000000E-005
 nchek=           0
                    conver_nodal_value check
               Convergence check for displacement
 ratio1=  3.444154105491732E-003 ratio2=  2.749777243823069E-003
                            not converged for checki=           1
 iiter=           2
Begin forming various matrix       at 2026-08-26 10:09:14 
 ktsmat=           0
 ntelgroup=           0
Begin solution global equation     at 2026-08-26 10:09:14 
                     istep=         419 iiter=           2
                     conver_load check
 resid=  3.578422701979907E-023 retot=   652920.310173803     
 ratio1=  7.403136057282438E-015 ratio2=  3.683709463019386E-015
 nchek0=           0 toler_force=  1.000000000000000E-005
 nchek=           0
                    conver_nodal_value check
               Convergence check for displacement
 ratio1=  6.784583346120852E-016 ratio2=  9.203315146416158E-016
 nchek=           0
 ***********RESTART FILE IS UPDATED!*******
 time: 10:09:12
 iblks=           1 iincs=           1 istep=         420
 outinp=           0
 iiter=           1
Begin forming various matrix       at 2026-08-26 10:09:14 
 ktsmat=           0
Begin assemble golbal matrix       at 2026-08-26 10:09:14 
 ntelgroup=           0
Begin factorize global matrix      at 2026-08-26 10:09:14 
Begin solution global equation     at 2026-08-26 10:09:14 
                     istep=         420 iiter=           1
                     conver_load check
 resid=  8.084809709644680E-022 retot=   335651.029160269     
 ratio1=  4.907845805979714E-014 ratio2=  3.388657808354641E-014
 nchek0=           0 toler_force=  1.000000000000000E-005
 nchek=           0
                    conver_nodal_value check
               Convergence check for displacement
 ratio1=  2.282410217479453E-002 ratio2=  2.182251820901173E-002
                            not converged for checki=           1
 iiter=           2
Begin forming various matrix       at 2026-08-26 10:09:14 
 ktsmat=           0
 ntelgroup=           0
Begin solution global equation     at 2026-08-26 10:09:14 
                     istep=         420 iiter=           2
                     conver_load check
 resid=  1.221380456202486E-021 retot=   335651.029160270     
 ratio1=  6.032279995496776E-014 ratio2=  5.030880647632478E-014
 nchek0=           0 toler_force=  1.000000000000000E-005
 nchek=           0
                    conver_nodal_value check
               Convergence check for displacement
 ratio1=  1.106559183305393E-015 ratio2=  1.443778506940120E-015
 nchek=           0
 ***********RESTART FILE IS UPDATED!*******
 time: 10:09:12
 iblks=           1 iincs=           1 istep=         421
 outinp=           0
 iiter=           1
Begin forming various matrix       at 2026-08-26 10:09:14 
 ktsmat=           0
Begin assemble golbal matrix       at 2026-08-26 10:09:14 
 ntelgroup=           0
Begin factorize global matrix      at 2026-08-26 10:09:14 
Begin solution global equation     at 2026-08-26 10:09:14 
                     istep=         421 iiter=           1
                     conver_load check
 resid=  2.039388132730552E-021 retot=   51211.4354255699     
 ratio1=  1.995567716089523E-013 ratio2=  1.400001106056682E-013
 nchek0=           0 toler_force=  1.000000000000000E-005
 nchek=           0
                    conver_nodal_value check
               Convergence check for displacement
 ratio1=  7.515362095914639E-002 ratio2=  7.108277376657193E-002
                            not converged for checki=           1
 iiter=           2
Begin forming various matrix       at 2026-08-26 10:09:14 
 ktsmat=           0
 ntelgroup=           0
Begin solution global equation     at 2026-08-26 10:09:14 
                     istep=         421 iiter=           2
                     conver_load check
 resid=  2.423263113744822E-021 retot=   51211.4354255705     
 ratio1=  2.175288236672293E-013 ratio2=  1.480894157814921E-013
 nchek0=           0 toler_force=  1.000000000000000E-005
 nchek=           0
                    conver_nodal_value check
               Convergence check for displacement
 ratio1=  4.698116947452890E-015 ratio2=  4.882265548605801E-015
 nchek=           0
 ***********RESTART FILE IS UPDATED!*******
 time: 10:09:12
 iblks=           1 iincs=           1 istep=         422
 outinp=           0
 iiter=           1
Begin forming various matrix       at 2026-08-26 10:09:14 
 ktsmat=           0
Begin assemble golbal matrix       at 2026-08-26 10:09:14 
 ntelgroup=           0
Begin factorize global matrix      at 2026-08-26 10:09:14 
Begin solution global equation     at 2026-08-26 10:09:14 
                     istep=         422 iiter=           1
                     conver_load check
 resid=  2.638084776065845E-021 retot=   27152.8000350557     
 ratio1=  3.117001872662960E-013 ratio2=  2.206269712256347E-013
 nchek0=           0 toler_force=  1.000000000000000E-005
 nchek=           0
                    conver_nodal_value check
               Convergence check for displacement
 ratio1=  0.251666281010160      ratio2=  0.304837413178814     
                            not converged for checki=           1
 iiter=           2
Begin forming various matrix       at 2026-08-26 10:09:14 
 ktsmat=           0
 ntelgroup=           0
Begin solution global equation     at 2026-08-26 10:09:14 
                     istep=         422 iiter=           2
                     conver_load check
 resid=  2.649066418418311E-021 retot=   27152.8000350551     
 ratio1=  3.123482758277441E-013 ratio2=  1.893640916907675E-013
 nchek0=           0 toler_force=  1.000000000000000E-005
 nchek=           0
                    conver_nodal_value check
               Convergence check for displacement
 ratio1=  1.849148316271175E-014 ratio2=  2.606821782281823E-014
 nchek=           0
 ***********RESTART FILE IS UPDATED!*******
 time: 10:09:12
 iblks=           1 iincs=           1 istep=         423
 outinp=           0
 iiter=           1
Begin forming various matrix       at 2026-08-26 10:09:14 
 ktsmat=           0
Begin assemble golbal matrix       at 2026-08-26 10:09:14 
 ntelgroup=           0
Begin factorize global matrix      at 2026-08-26 10:09:14 
Begin solution global equation     at 2026-08-26 10:09:14 
                     istep=         423 iiter=           1
                     conver_load check
 resid=  1.410903490334759E-021 retot=   251320.973857486     
 ratio1=  7.492630001738590E-014 ratio2=  4.575957621218917E-014
 nchek0=           0 toler_force=  1.000000000000000E-005
 nchek=           0
                    conver_nodal_value check
               Convergence check for displacement
 ratio1=  4.718495572994026E-002 ratio2=  4.902314487427744E-002
                            not converged for checki=           1
 iiter=           2
Begin forming various matrix       at 2026-08-26 10:09:14 
 ktsmat=           0
 ntelgroup=           0
Begin solution global equation     at 2026-08-26 10:09:14 
                     istep=         423 iiter=           2
                     conver_load check
 resid=  1.698821548333827E-021 retot=   251320.973857485     
 ratio1=  8.221660012317116E-014 ratio2=  5.448315368609644E-014
 nchek0=           0 toler_force=  1.000000000000000E-005
 nchek=           0
                    conver_nodal_value check
               Convergence check for displacement
 ratio1=  2.196605915986592E-015 ratio2=  3.070166008931396E-015
 nchek=           0
 ***********RESTART FILE IS UPDATED!*******
 time: 10:09:12
 iblks=           1 iincs=           1 istep=         424
 outinp=           0
 iiter=           1
Begin forming various matrix       at 2026-08-26 10:09:14 
 ktsmat=           0
Begin assemble golbal matrix       at 2026-08-26 10:09:14 
 ntelgroup=           0
Begin factorize global matrix      at 2026-08-26 10:09:14 
Begin solution global equation     at 2026-08-26 10:09:14 
                     istep=         424 iiter=           1
                     conver_load check
 resid=  6.831128341606172E-022 retot=   501567.985452104     
 ratio1=  3.690466932876519E-014 ratio2=  2.433747064908062E-014
 nchek0=           0 toler_force=  1.000000000000000E-005
 nchek=           0
                    conver_nodal_value check
               Convergence check for displacement
 ratio1=  1.904205905766331E-002 ratio2=  1.976609452976495E-002
                            not converged for checki=           1
 iiter=           2
Begin forming various matrix       at 2026-08-26 10:09:14 
 ktsmat=           0
 ntelgroup=           0
Begin solution global equation     at 2026-08-26 10:09:14 
                     istep=         424 iiter=           2
                     conver_load check
 resid=  1.110525907445152E-021 retot=   501567.985452102     
 ratio1=  4.705431367322851E-014 ratio2=  2.888593549405647E-014
 nchek0=           0 toler_force=  1.000000000000000E-005
 nchek=           0
                    conver_nodal_value check
               Convergence check for displacement
 ratio1=  1.236453196634829E-015 ratio2=  1.263216777587550E-015
 nchek=           0
 ***********RESTART FILE IS UPDATED!*******
 time: 10:09:12
 iblks=           1 iincs=           1 istep=         425
 outinp=           0
 iiter=           1
Begin forming various matrix       at 2026-08-26 10:09:14 
 ktsmat=           0
Begin assemble golbal matrix       at 2026-08-26 10:09:14 
 ntelgroup=           0
Begin factorize global matrix      at 2026-08-26 10:09:14 
Begin solution global equation     at 2026-08-26 10:09:14 
                     istep=         425 iiter=           1
                     conver_load check
 resid=  4.957451323163260E-023 retot=   551948.786313288     
 ratio1=  9.477195465052303E-015 ratio2=  5.503340210813831E-015
 nchek0=           0 toler_force=  1.000000000000000E-005
 nchek=           0
                    conver_nodal_value check
               Convergence check for displacement
 ratio1=  2.976406414366866E-003 ratio2=  3.455943037531135E-003
                            not converged for checki=           1
 iiter=           2
Begin forming various matrix       at 2026-08-26 10:09:14 
 ktsmat=           0
 ntelgroup=           0
Begin solution global equation     at 2026-08-26 10:09:14 
                     istep=         425 iiter=           2
                     conver_load check
 resid=  5.636558739355002E-023 retot=   551948.786313288     
 ratio1=  1.010549583119078E-014 ratio2=  5.974983597828410E-015
 nchek0=           0 toler_force=  1.000000000000000E-005
 nchek=           0
                    conver_nodal_value check
               Convergence check for displacement
 ratio1=  1.741537330178153E-016 ratio2=  1.857795790797964E-016
 nchek=           0
 ***********RESTART FILE IS UPDATED!*******
 time: 10:09:12
 iblks=           1 iincs=           1 istep=         426
 outinp=           0
 iiter=           1
Begin forming various matrix       at 2026-08-26 10:09:14 
 ktsmat=           0
Begin assemble golbal matrix       at 2026-08-26 10:09:14 
 ntelgroup=           0
Begin factorize global matrix      at 2026-08-26 10:09:14 
Begin solution global equation     at 2026-08-26 10:09:14 
                     istep=         426 iiter=           1
                     conver_load check
 resid=  2.731865434335488E-022 retot=   365483.447075761     
 ratio1=  2.733982909519394E-014 ratio2=  1.761301644338955E-014
 nchek0=           0 toler_force=  1.000000000000000E-005
 nchek=           0
                    conver_nodal_value check
               Convergence check for displacement
 ratio1=  1.364790626658588E-002 ratio2=  1.287226463037666E-002
                            not converged for checki=           1
 iiter=           2
Begin forming various matrix       at 2026-08-26 10:09:14 
 ktsmat=           0
 ntelgroup=           0
Begin solution global equation     at 2026-08-26 10:09:14 
                     istep=         426 iiter=           2
                     conver_load check
 resid=  2.329842030044024E-022 retot=   365483.447075762     
 ratio1=  2.524813953260246E-014 ratio2=  1.677239869672399E-014
 nchek0=           0 toler_force=  1.000000000000000E-005
 nchek=           0
                    conver_nodal_value check
               Convergence check for displacement
 ratio1=  1.012360765423160E-015 ratio2=  1.625492931170732E-015
 nchek=           0
 ***********RESTART FILE IS UPDATED!*******
 time: 10:09:12
 iblks=           1 iincs=           1 istep=         427
 outinp=           0
 iiter=           1
Begin forming various matrix       at 2026-08-26 10:09:14 
 ktsmat=           0
Begin assemble golbal matrix       at 2026-08-26 10:09:14 
 ntelgroup=           0
Begin factorize global matrix      at 2026-08-26 10:09:14 
Begin solution global equation     at 2026-08-26 10:09:14 
                     istep=         427 iiter=           1
                     conver_load check
 resid=  2.632444328677500E-021 retot=   110363.545163760     
 ratio1=  1.544424834005734E-013 ratio2=  1.046779695715270E-013
 nchek0=           0 toler_force=  1.000000000000000E-005
 nchek=           0
                    conver_nodal_value check
               Convergence check for displacement
 ratio1=  4.415778635413999E-002 ratio2=  4.225203200247277E-002
                            not converged for checki=           1
 iiter=           2
Begin forming various matrix       at 2026-08-26 10:09:14 
 ktsmat=           0
 ntelgroup=           0
Begin solution global equation     at 2026-08-26 10:09:14 
                     istep=         427 iiter=           2
                     conver_load check
 resid=  1.477984969487955E-021 retot=   110363.545163760     
 ratio1=  1.157236671245774E-013 ratio2=  8.778563715758956E-014
 nchek0=           0 toler_force=  1.000000000000000E-005
 nchek=           0
                    conver_nodal_value check
               Convergence check for displacement
 ratio1=  3.713722161787883E-015 ratio2=  4.169575874535139E-015
 nchek=           0
 ***********RESTART FILE IS UPDATED!*******
 time: 10:09:12
 iblks=           1 iincs=           1 istep=         428
 outinp=           0
 iiter=           1
Begin forming various matrix       at 2026-08-26 10:09:14 
 ktsmat=           0
Begin assemble golbal matrix       at 2026-08-26 10:09:14 
 ntelgroup=           0
Begin factorize global matrix      at 2026-08-26 10:09:14 
Begin solution global equation     at 2026-08-26 10:09:14 
                     istep=         428 iiter=           1
                     conver_load check
 resid=  2.172966891307243E-021 retot=   71.3751502393515     
 ratio1=  5.517635877121412E-012 ratio2=  3.390067758967362E-012
 nchek0=           0 toler_force=  1.000000000000000E-005
 nchek=           0
                    conver_nodal_value check
               Convergence check for displacement
 ratio1=  0.360452220987809      ratio2=  0.304234866847881     
                            not converged for checki=           1
 iiter=           2
Begin forming various matrix       at 2026-08-26 10:09:14 
 ktsmat=           0
 ntelgroup=           0
Begin solution global equation     at 2026-08-26 10:09:14 
                     istep=         428 iiter=           2
                     conver_load check
 resid=  2.043923420586888E-021 retot=   71.3751502393383     
 ratio1=  5.351293760823194E-012 ratio2=  2.865293292752292E-012
 nchek0=           0 toler_force=  1.000000000000000E-005
 nchek=           0
                    conver_nodal_value check
               Convergence check for displacement
 ratio1=  1.670987940733428E-014 ratio2=  1.309560766521030E-014
 nchek=           0
 ***********RESTART FILE IS UPDATED!*******
 time: 10:09:12
 iblks=           1 iincs=           1 istep=         429
 outinp=           0
 iiter=           1
Begin forming various matrix       at 2026-08-26 10:09:14 
 ktsmat=           0
Begin assemble golbal matrix       at 2026-08-26 10:09:14 
 ntelgroup=           0
Begin factorize global matrix      at 2026-08-26 10:09:14 
Begin solution global equation     at 2026-08-26 10:09:14 
                     istep=         429 iiter=           1
                     conver_load check
 resid=  2.279330397215505E-021 retot=   107844.734545489     
 ratio1=  1.453798338762075E-013 ratio2=  1.162223823365088E-013
 nchek0=           0 toler_force=  1.000000000000000E-005
 nchek=           0
                    conver_nodal_value check
               Convergence check for displacement
 ratio1=  7.369439657628950E-002 ratio2=  7.762277407121317E-002
                            not converged for checki=           1
 iiter=           2
Begin forming various matrix       at 2026-08-26 10:09:14 
 ktsmat=           0
 ntelgroup=           0
Begin solution global equation     at 2026-08-26 10:09:14 
                     istep=         429 iiter=           2
                     conver_load check
 resid=  9.233088889701518E-022 retot=   107844.734545489     
 ratio1=  9.252818332808983E-014 ratio2=  5.357361288201017E-014
 nchek0=           0 toler_force=  1.000000000000000E-005
 nchek=           0
                    conver_nodal_value check
               Convergence check for displacement
 ratio1=  3.508980216507346E-015 ratio2=  3.735202449048415E-015
 nchek=           0
 ***********RESTART FILE IS UPDATED!*******
 time: 10:09:12
 iblks=           1 iincs=           1 istep=         430
 outinp=           0
 iiter=           1
Begin forming various matrix       at 2026-08-26 10:09:14 
 ktsmat=           0
Begin assemble golbal matrix       at 2026-08-26 10:09:14 
 ntelgroup=           0
Begin factorize global matrix      at 2026-08-26 10:09:14 
Begin solution global equation     at 2026-08-26 10:09:14 
                     istep=         430 iiter=           1
                     conver_load check
 resid=  1.320953588219999E-021 retot=   315611.117682297     
 ratio1=  6.469454053926459E-014 ratio2=  3.183958057615723E-014
 nchek0=           0 toler_force=  1.000000000000000E-005
 nchek=           0
                    conver_nodal_value check
               Convergence check for displacement
 ratio1=  2.773633875570649E-002 ratio2=  2.869089152132152E-002
                            not converged for checki=           1
 iiter=           2
Begin forming various matrix       at 2026-08-26 10:09:14 
 ktsmat=           0
 ntelgroup=           0
Begin solution global equation     at 2026-08-26 10:09:14 
                     istep=         430 iiter=           2
                     conver_load check
 resid=  8.166021009117458E-022 retot=   315611.117682296     
 ratio1=  5.086617719875724E-014 ratio2=  3.354544975488915E-014
 nchek0=           0 toler_force=  1.000000000000000E-005
 nchek=           0
                    conver_nodal_value check
               Convergence check for displacement
 ratio1=  1.928698173192638E-015 ratio2=  1.910024230321298E-015
 nchek=           0
 ***********RESTART FILE IS UPDATED!*******
 time: 10:09:12
 iblks=           1 iincs=           1 istep=         431
 outinp=           0
 iiter=           1
Begin forming various matrix       at 2026-08-26 10:09:14 
 ktsmat=           0
Begin assemble golbal matrix       at 2026-08-26 10:09:14 
 ntelgroup=           0
Begin factorize global matrix      at 2026-08-26 10:09:14 
Begin solution global equation     at 2026-08-26 10:09:14 
                     istep=         431 iiter=           1
                     conver_load check
 resid=  2.154720282508472E-022 retot=   430020.199290768     
 ratio1=  2.238468677712732E-014 ratio2=  1.609642871617563E-014
 nchek0=           0 toler_force=  1.000000000000000E-005
 nchek=           0
                    conver_nodal_value check
               Convergence check for displacement
 ratio1=  9.087351743120009E-003 ratio2=  9.657241829240108E-003
                            not converged for checki=           1
 iiter=           2
Begin forming various matrix       at 2026-08-26 10:09:14 
 ktsmat=           0
 ntelgroup=           0
Begin solution global equation     at 2026-08-26 10:09:14 
                     istep=         431 iiter=           2
                     conver_load check
 resid=  2.039333358462477E-022 retot=   430020.199290768     
 ratio1=  2.177708185698218E-014 ratio2=  2.006277019991492E-014
 nchek0=           0 toler_force=  1.000000000000000E-005
 nchek=           0
                    conver_nodal_value check
               Convergence check for displacement
 ratio1=  7.148366230581048E-016 ratio2=  7.087365092385052E-016
 nchek=           0
 ***********RESTART FILE IS UPDATED!*******
 time: 10:09:12
 iblks=           1 iincs=           1 istep=         432
 outinp=           0
 iiter=           1
Begin forming various matrix       at 2026-08-26 10:09:14 
 ktsmat=           0
Begin assemble golbal matrix       at 2026-08-26 10:09:14 
 ntelgroup=           0
Begin factorize global matrix      at 2026-08-26 10:09:14 
Begin solution global equation     at 2026-08-26 10:09:14 
                     istep=         432 iiter=           1
                     conver_load check
 resid=  8.890775730613054E-023 retot=   353222.065775840     
 ratio1=  1.586521327263781E-014 ratio2=  1.186123521586316E-014
 nchek0=           0 toler_force=  1.000000000000000E-005
 nchek=           0
                    conver_nodal_value check
               Convergence check for displacement
 ratio1=  6.359016197128041E-003 ratio2=  5.675279858096511E-003
                            not converged for checki=           1
 iiter=           2
Begin forming various matrix       at 2026-08-26 10:09:14 
 ktsmat=           0
 ntelgroup=           0
Begin solution global equation     at 2026-08-26 10:09:14 
                     istep=         432 iiter=           2
                     conver_load check
 resid=  7.216297341784319E-023 retot=   353222.065775840     
 ratio1=  1.429332592179626E-014 ratio2=  1.135113760648101E-014
 nchek0=           0 toler_force=  1.000000000000000E-005
 nchek=           0
                    conver_nodal_value check
               Convergence check for displacement
 ratio1=  3.317608760824864E-016 ratio2=  3.295908921770671E-016
 nchek=           0
 ***********RESTART FILE IS UPDATED!*******
 time: 10:09:12
 iblks=           1 iincs=           1 istep=         433
 outinp=           0
 iiter=           1
Begin forming various matrix       at 2026-08-26 10:09:14 
 ktsmat=           0
Begin assemble golbal matrix       at 2026-08-26 10:09:14 
 ntelgroup=           0
Begin factorize global matrix      at 2026-08-26 10:09:14 
Begin solution global equation     at 2026-08-26 10:09:14 
                     istep=         433 iiter=           1
                     conver_load check
 resid=  6.997930967718810E-022 retot=   158486.740947347     
 ratio1=  6.644898622947211E-014 ratio2=  4.048033118292211E-014
 nchek0=           0 toler_force=  1.000000000000000E-005
 nchek=           0
                    conver_nodal_value check
               Convergence check for displacement
 ratio1=  2.801995690911119E-002 ratio2=  2.684504428971464E-002
                            not converged for checki=           1
 iiter=           2
Begin forming various matrix       at 2026-08-26 10:09:14 
 ktsmat=           0
 ntelgroup=           0
Begin solution global equation     at 2026-08-26 10:09:14 
                     istep=         433 iiter=           2
                     conver_load check
 resid=  6.482267700407954E-022 retot=   158486.740947347     
 ratio1=  6.395389708282025E-014 ratio2=  3.039990754060953E-014
 nchek0=           0 toler_force=  1.000000000000000E-005
 nchek=           0
                    conver_nodal_value check
               Convergence check for displacement
 ratio1=  1.701951047071353E-015 ratio2=  1.811268572630303E-015
 nchek=           0
 ***********RESTART FILE IS UPDATED!*******
 time: 10:09:12
 iblks=           1 iincs=           1 istep=         434
 outinp=           0
 iiter=           1
Begin forming various matrix       at 2026-08-26 10:09:14 
 ktsmat=           0
Begin assemble golbal matrix       at 2026-08-26 10:09:14 
 ntelgroup=           0
Begin factorize global matrix      at 2026-08-26 10:09:14 
Begin solution global equation     at 2026-08-26 10:09:14 
                     istep=         434 iiter=           1
                     conver_load check
 resid=  1.161740611593737E-021 retot=   13940.9137418274     
 ratio1=  2.886748612337028E-013 ratio2=  1.855692296844756E-013
 nchek0=           0 toler_force=  1.000000000000000E-005
 nchek=           0
                    conver_nodal_value check
               Convergence check for displacement
 ratio1=  0.102373171687987      ratio2=  9.564714188098015E-002
                            not converged for checki=           1
 iiter=           2
Begin forming various matrix       at 2026-08-26 10:09:14 
 ktsmat=           0
 ntelgroup=           0
Begin solution global equation     at 2026-08-26 10:09:14 
                     istep=         434 iiter=           2
                     conver_load check
 resid=  2.018329770057427E-021 retot=   13940.9137418277     
 ratio1=  3.804963043856574E-013 ratio2=  2.736928885780393E-013
 nchek0=           0 toler_force=  1.000000000000000E-005
 nchek=           0
                    conver_nodal_value check
               Convergence check for displacement
 ratio1=  1.295571423339004E-014 ratio2=  1.469863825658728E-014
 nchek=           0
 ***********RESTART FILE IS UPDATED!*******
 time: 10:09:12
 iblks=           1 iincs=           1 istep=         435
 outinp=           0
 iiter=           1
Begin forming various matrix       at 2026-08-26 10:09:14 
 ktsmat=           0
Begin assemble golbal matrix       at 2026-08-26 10:09:14 
 ntelgroup=           0
Begin factorize global matrix      at 2026-08-26 10:09:14 
Begin solution global equation     at 2026-08-26 10:09:14 
                     istep=         435 iiter=           1
                     conver_load check
 resid=  1.493328317317545E-021 retot=   31665.9116438874     
 ratio1=  2.171609097807173E-013 ratio2=  1.794230267343909E-013
 nchek0=           0 toler_force=  1.000000000000000E-005
 nchek=           0
                    conver_nodal_value check
               Convergence check for displacement
 ratio1=  0.145955939178603      ratio2=  0.161580357259526     
                            not converged for checki=           1
 iiter=           2
Begin forming various matrix       at 2026-08-26 10:09:14 
 ktsmat=           0
 ntelgroup=           0
Begin solution global equation     at 2026-08-26 10:09:14 
                     istep=         435 iiter=           2
                     conver_load check
 resid=  1.053839672780633E-021 retot=   31665.9116438868     
 ratio1=  1.824279064433174E-013 ratio2=  9.728208863580108E-014
 nchek0=           0 toler_force=  1.000000000000000E-005
 nchek=           0
                    conver_nodal_value check
               Convergence check for displacement
 ratio1=  1.401730914343905E-014 ratio2=  1.617979595740805E-014
 nchek=           0
 ***********RESTART FILE IS UPDATED!*******
 time: 10:09:12
 iblks=           1 iincs=           1 istep=         436
 outinp=           0
 iiter=           1
Begin forming various matrix       at 2026-08-26 10:09:14 
 ktsmat=           0
Begin assemble golbal matrix       at 2026-08-26 10:09:14 
 ntelgroup=           0
Begin factorize global matrix      at 2026-08-26 10:09:14 
Begin solution global equation     at 2026-08-26 10:09:14 
                     istep=         436 iiter=           1
                     conver_load check
 resid=  1.129710864468844E-021 retot=   176738.350609275     
 ratio1=  7.994996056427589E-014 ratio2=  5.154663466860476E-014
 nchek0=           0 toler_force=  1.000000000000000E-005
 nchek=           0
                    conver_nodal_value check
               Convergence check for displacement
 ratio1=  3.976064513124148E-002 ratio2=  4.119955773867215E-002
                            not converged for checki=           1
 iiter=           2
Begin forming various matrix       at 2026-08-26 10:09:14 
 ktsmat=           0
 ntelgroup=           0
Begin solution global equation     at 2026-08-26 10:09:14 
                     istep=         436 iiter=           2
                     conver_load check
 resid=  5.357362694328295E-022 retot=   176738.350609274     
 ratio1=  5.505669350261324E-014 ratio2=  3.173938862383153E-014
 nchek0=           0 toler_force=  1.000000000000000E-005
 nchek=           0
                    conver_nodal_value check
               Convergence check for displacement
 ratio1=  3.773706083970261E-015 ratio2=  3.771695338801813E-015
 nchek=           0
 ***********RESTART FILE IS UPDATED!*******
 time: 10:09:12
 iblks=           1 iincs=           1 istep=         437
 outinp=           0
 iiter=           1
Begin forming various matrix       at 2026-08-26 10:09:14 
 ktsmat=           0
Begin assemble golbal matrix       at 2026-08-26 10:09:14 
 ntelgroup=           0
Begin factorize global matrix      at 2026-08-26 10:09:14 
Begin solution global equation     at 2026-08-26 10:09:14 
                     istep=         437 iiter=           1
                     conver_load check
 resid=  2.840657510859660E-022 retot=   308852.525520776     
 ratio1=  3.032730780986276E-014 ratio2=  2.661727803121015E-014
 nchek0=           0 toler_force=  1.000000000000000E-005
 nchek=           0
                    conver_nodal_value check
               Convergence check for displacement
 ratio1=  1.572765969643627E-002 ratio2=  1.638853216126511E-002
                            not converged for checki=           1
 iiter=           2
Begin forming various matrix       at 2026-08-26 10:09:14 
 ktsmat=           0
 ntelgroup=           0
Begin solution global equation     at 2026-08-26 10:09:14 
                     istep=         437 iiter=           2
                     conver_load check
 resid=  2.226740816778447E-022 retot=   308852.525520775     
 ratio1=  2.685092530789656E-014 ratio2=  1.614050460042840E-014
 nchek0=           0 toler_force=  1.000000000000000E-005
 nchek=           0
                    conver_nodal_value check
               Convergence check for displacement
 ratio1=  1.618455495064138E-015 ratio2=  1.725930563555236E-015
 nchek=           0
 ***********RESTART FILE IS UPDATED!*******
 time: 10:09:12
 iblks=           1 iincs=           1 istep=         438
 outinp=           0
 iiter=           1
Begin forming various matrix       at 2026-08-26 10:09:14 
 ktsmat=           0
Begin assemble golbal matrix       at 2026-08-26 10:09:14 
 ntelgroup=           0
Begin factorize global matrix      at 2026-08-26 10:09:14 
Begin solution global equation     at 2026-08-26 10:09:14 
                     istep=         438 iiter=           1
                     conver_load check
 resid=  1.408964285232415E-023 retot=   310349.725908928     
 ratio1=  6.737896091784246E-015 ratio2=  4.025961562000043E-015
 nchek0=           0 toler_force=  1.000000000000000E-005
 nchek=           0
                    conver_nodal_value check
               Convergence check for displacement
 ratio1=  7.804573823273870E-004 ratio2=  6.976032964303415E-004
                            not converged for checki=           1
 iiter=           2
Begin forming various matrix       at 2026-08-26 10:09:14 
 ktsmat=           0
 ntelgroup=           0
Begin solution global equation     at 2026-08-26 10:09:14 
                     istep=         438 iiter=           2
                     conver_load check
 resid=  1.819510202343453E-023 retot=   310349.725908928     
 ratio1=  7.656875127984503E-015 ratio2=  5.332636955530237E-015
 nchek0=           0 toler_force=  1.000000000000000E-005
 nchek=           0
                    conver_nodal_value check
               Convergence check for displacement
 ratio1=  1.163454781939022E-016 ratio2=  2.412382528601094E-016
 nchek=           0
 ***********RESTART FILE IS UPDATED!*******
 time: 10:09:12
 iblks=           1 iincs=           1 istep=         439
 outinp=           0
 iiter=           1
Begin forming various matrix       at 2026-08-26 10:09:14 
 ktsmat=           0
Begin assemble golbal matrix       at 2026-08-26 10:09:14 
 ntelgroup=           0
Begin factorize global matrix      at 2026-08-26 10:09:14 
Begin solution global equation     at 2026-08-26 10:09:14 
                     istep=         439 iiter=           1
                     conver_load check
 resid=  2.303520205740910E-022 retot=   184605.380375716     
 ratio1=  3.532432206970282E-014 ratio2=  2.475639371711339E-014
 nchek0=           0 toler_force=  1.000000000000000E-005
 nchek=           0
                    conver_nodal_value check
               Convergence check for displacement
 ratio1=  1.745619187215190E-002 ratio2=  1.659968155681572E-002
                            not converged for checki=           1
 iiter=           2
Begin forming various matrix       at 2026-08-26 10:09:14 
 ktsmat=           0
 ntelgroup=           0
Begin solution global equation     at 2026-08-26 10:09:14 
                     istep=         439 iiter=           2
                     conver_load check
 resid=  2.844069509963853E-022 retot=   184605.380375717     
 ratio1=  3.925074696005371E-014 ratio2=  2.559421926867503E-014
 nchek0=           0 toler_force=  1.000000000000000E-005
 nchek=           0
                    conver_nodal_value check
               Convergence check for displacement
 ratio1=  1.641478925994163E-015 ratio2=  1.996847118965216E-015
 nchek=           0
 ***********RESTART FILE IS UPDATED!*******
 time: 10:09:12
 iblks=           1 iincs=           1 istep=         440
 outinp=           0
 iiter=           1
Begin forming various matrix       at 2026-08-26 10:09:14 
 ktsmat=           0
Begin assemble golbal matrix       at 2026-08-26 10:09:14 
 ntelgroup=           0
Begin factorize global matrix      at 2026-08-26 10:09:14 
Begin solution global equation     at 2026-08-26 10:09:14 
                     istep=         440 iiter=           1
                     conver_load check
 resid=  9.125425545925042E-022 retot=   43358.0008137809     
 ratio1=  1.450747859414675E-013 ratio2=  1.025075953531330E-013
 nchek0=           0 toler_force=  1.000000000000000E-005
 nchek=           0
                    conver_nodal_value check
               Convergence check for displacement
 ratio1=  5.513594023074418E-002 ratio2=  5.257387325871244E-002
                            not converged for checki=           1
 iiter=           2
Begin forming various matrix       at 2026-08-26 10:09:14 
 ktsmat=           0
 ntelgroup=           0
Begin solution global equation     at 2026-08-26 10:09:14 
                     istep=         440 iiter=           2
                     conver_load check
 resid=  8.396282785933488E-022 retot=   43358.0008137811     
 ratio1=  1.391582325017543E-013 ratio2=  1.126785737694050E-013
 nchek0=           0 toler_force=  1.000000000000000E-005
 nchek=           0
                    conver_nodal_value check
               Convergence check for displacement
 ratio1=  5.803909583407153E-015 ratio2=  9.584780122276857E-015
 nchek=           0
 ***********RESTART FILE IS UPDATED!*******
 time: 10:09:12
 iblks=           1 iincs=           1 istep=         441
 outinp=           0
 iiter=           1
Begin forming various matrix       at 2026-08-26 10:09:14 
 ktsmat=           0
Begin assemble golbal matrix       at 2026-08-26 10:09:14 
 ntelgroup=           0
Begin factorize global matrix      at 2026-08-26 10:09:14 
Begin solution global equation     at 2026-08-26 10:09:14 
                     istep=         441 iiter=           1
                     conver_load check
 resid=  1.271686341310983E-021 retot=   2752.66123132652     
 ratio1=  6.796942880048203E-013 ratio2=  4.903427851255414E-013
 nchek0=           0 toler_force=  1.000000000000000E-005
 nchek=           0
                    conver_nodal_value check
               Convergence check for displacement
 ratio1=   1.14193325538042      ratio2=   1.51039376005150     
                            not converged for checki=           1
 iiter=           2
Begin forming various matrix       at 2026-08-26 10:09:14 
 ktsmat=           0
 ntelgroup=           0
Begin solution global equation     at 2026-08-26 10:09:14 
                     istep=         441 iiter=           2
                     conver_load check
 resid=  1.221660574661007E-021 retot=   2752.66123132640     
 ratio1=  6.661912069665257E-013 ratio2=  4.653616602878964E-013
 nchek0=           0 toler_force=  1.000000000000000E-005
 nchek=           0
                    conver_nodal_value check
               Convergence check for displacement
 ratio1=  7.150180252893807E-014 ratio2=  1.024957769782148E-013
 nchek=           0
 ***********RESTART FILE IS UPDATED!*******
 time: 10:09:12
 iblks=           1 iincs=           1 istep=         442
 outinp=           0
 iiter=           1
Begin forming various matrix       at 2026-08-26 10:09:14 
 ktsmat=           0
Begin assemble golbal matrix       at 2026-08-26 10:09:14 
 ntelgroup=           0
Begin factorize global matrix      at 2026-08-26 10:09:14 
Begin solution global equation     at 2026-08-26 10:09:14 
                     istep=         442 iiter=           1
                     conver_load check
 resid=  1.055251711097684E-021 retot=   84035.7818120050     
 ratio1=  1.120587852080432E-013 ratio2=  6.953922943467436E-014
 nchek0=           0 toler_force=  1.000000000000000E-005
 nchek=           0
                    conver_nodal_value check
               Convergence check for displacement
 ratio1=  5.938804883712969E-002 ratio2=  6.205652234340183E-002
                            not converged for checki=           1
 iiter=           2
Begin forming various matrix       at 2026-08-26 10:09:14 
 ktsmat=           0
 ntelgroup=           0
Begin solution global equation     at 2026-08-26 10:09:14 
                     istep=         442 iiter=           2
                     conver_load check
 resid=  8.609217652640918E-022 retot=   84035.7818120045     
 ratio1=  1.012161284418751E-013 ratio2=  6.909781752657652E-014
 nchek0=           0 toler_force=  1.000000000000000E-005
 nchek=           0
                    conver_nodal_value check
               Convergence check for displacement
 ratio1=  5.218756607011003E-015 ratio2=  5.970877542067174E-015
 nchek=           0
 ***********RESTART FILE IS UPDATED!*******
 time: 10:09:12
 iblks=           1 iincs=           1 istep=         443
 outinp=           0
 iiter=           1
Begin forming various matrix       at 2026-08-26 10:09:14 
 ktsmat=           0
Begin assemble golbal matrix       at 2026-08-26 10:09:14 
 ntelgroup=           0
Begin factorize global matrix      at 2026-08-26 10:09:14 
Begin solution global equation     at 2026-08-26 10:09:14 
                     istep=         443 iiter=           1
                     conver_load check
 resid=  4.348642926693918E-022 retot=   203119.194771091     
 ratio1=  4.627020154325597E-014 ratio2=  3.133599958593958E-014
 nchek0=           0 toler_force=  1.000000000000000E-005
 nchek=           0
                    conver_nodal_value check
               Convergence check for displacement
 ratio1=  2.354816824417556E-002 ratio2=  2.437961115243843E-002
                            not converged for checki=           1
 iiter=           2
Begin forming various matrix       at 2026-08-26 10:09:14 
 ktsmat=           0
 ntelgroup=           0
Begin solution global equation     at 2026-08-26 10:09:14 
                     istep=         443 iiter=           2
                     conver_load check
 resid=  3.773446898914645E-022 retot=   203119.194771091     
 ratio1=  4.310162443089118E-014 ratio2=  2.432602041930715E-014
 nchek0=           0 toler_force=  1.000000000000000E-005
 nchek=           0
                    conver_nodal_value check
               Convergence check for displacement
 ratio1=  1.337898612120490E-015 ratio2=  1.689669386821863E-015
 nchek=           0
 ***********RESTART FILE IS UPDATED!*******
 time: 10:09:12
 iblks=           1 iincs=           1 istep=         444
 outinp=           0
 iiter=           1
Begin forming various matrix       at 2026-08-26 10:09:14 
 ktsmat=           0
Begin assemble golbal matrix       at 2026-08-26 10:09:14 
 ntelgroup=           0
Begin factorize global matrix      at 2026-08-26 10:09:14 
Begin solution global equation     at 2026-08-26 10:09:14 
                     istep=         444 iiter=           1
                     conver_load check
 resid=  5.155375758769433E-023 retot=   250718.443393955     
 ratio1=  1.433959947863570E-014 ratio2=  7.328950658886613E-015
 nchek0=           0 toler_force=  1.000000000000000E-005
 nchek=           0
                    conver_nodal_value check
               Convergence check for displacement
 ratio1=  6.298666838627334E-003 ratio2=  6.838270851928408E-003
                            not converged for checki=           1
 iiter=           2
Begin forming various matrix       at 2026-08-26 10:09:14 
 ktsmat=           0
 ntelgroup=           0
Begin solution global equation     at 2026-08-26 10:09:14 
                     istep=         444 iiter=           2
                     conver_load check
 resid=  4.457006980862474E-023 retot=   250718.443393955     
 ratio1=  1.333301954550710E-014 ratio2=  8.008382254923218E-015
 nchek0=           0 toler_force=  1.000000000000000E-005
 nchek=           0
                    conver_nodal_value check
               Convergence check for displacement
 ratio1=  4.951837074816595E-016 ratio2=  4.801539839832426E-016
 nchek=           0
 ***********RESTART FILE IS UPDATED!*******
 time: 10:09:12
 iblks=           1 iincs=           1 istep=         445
 outinp=           0
 iiter=           1
Begin forming various matrix       at 2026-08-26 10:09:14 
 ktsmat=           0
Begin assemble golbal matrix       at 2026-08-26 10:09:14 
 ntelgroup=           0
Begin factorize global matrix      at 2026-08-26 10:09:14 
Begin solution global equation     at 2026-08-26 10:09:14 
                     istep=         445 iiter=           1
                     conver_load check
 resid=  7.182984439341954E-023 retot=   187476.214928804     
 ratio1=  1.957399055643802E-014 ratio2=  1.131398973915582E-014
 nchek0=           0 toler_force=  1.000000000000000E-005
 nchek=           0
                    conver_nodal_value check
               Convergence check for displacement
 ratio1=  9.474932666805224E-003 ratio2=  8.764367950496120E-003
                            not converged for checki=           1
 iiter=           2
Begin forming various matrix       at 2026-08-26 10:09:14 
 ktsmat=           0
 ntelgroup=           0
Begin solution global equation     at 2026-08-26 10:09:14 
                     istep=         445 iiter=           2
                     conver_load check
 resid=  9.361165276770361E-023 retot=   187476.214928805     
 ratio1=  2.234559216907811E-014 ratio2=  1.778134932498377E-014
 nchek0=           0 toler_force=  1.000000000000000E-005
 nchek=           0
                    conver_nodal_value check
               Convergence check for displacement
 ratio1=  5.347942346592752E-016 ratio2=  6.514160644326628E-016
 nchek=           0
 ***********RESTART FILE IS UPDATED!*******
 time: 10:09:12
 iblks=           1 iincs=           1 istep=         446
 outinp=           0
 iiter=           1
Begin forming various matrix       at 2026-08-26 10:09:14 
 ktsmat=           0
Begin assemble golbal matrix       at 2026-08-26 10:09:14 
 ntelgroup=           0
Begin factorize global matrix      at 2026-08-26 10:09:14 
Begin solution global equation     at 2026-08-26 10:09:14 
                     istep=         446 iiter=           1
                     conver_load check
 resid=  4.579499825807283E-022 retot=   71827.8234760147     
 ratio1=  7.984774765841592E-014 ratio2=  5.692271700539490E-014
 nchek0=           0 toler_force=  1.000000000000000E-005
 nchek=           0
                    conver_nodal_value check
               Convergence check for displacement
 ratio1=  3.427894235480378E-002 ratio2=  3.285466633061258E-002
                            not converged for checki=           1
 iiter=           2
Begin forming various matrix       at 2026-08-26 10:09:14 
 ktsmat=           0
 ntelgroup=           0
Begin solution global equation     at 2026-08-26 10:09:14 
                     istep=         446 iiter=           2
                     conver_load check
 resid=  3.042329711656268E-022 retot=   71827.8234760151     
 ratio1=  6.508138492114902E-014 ratio2=  4.297355036934144E-014
 nchek0=           0 toler_force=  1.000000000000000E-005
 nchek=           0
                    conver_nodal_value check
               Convergence check for displacement
 ratio1=  3.819624035446003E-015 ratio2=  4.417686024837584E-015
 nchek=           0
 ***********RESTART FILE IS UPDATED!*******
 time: 10:09:12
 iblks=           1 iincs=           1 istep=         447
 outinp=           0
 iiter=           1
Begin forming various matrix       at 2026-08-26 10:09:14 
 ktsmat=           0
Begin assemble golbal matrix       at 2026-08-26 10:09:14 
 ntelgroup=           0
Begin factorize global matrix      at 2026-08-26 10:09:14 
Begin solution global equation     at 2026-08-26 10:09:14 
                     istep=         447 iiter=           1
                     conver_load check
 resid=  1.174873321035473E-021 retot=   2308.72761782075     
 ratio1=  7.133606870469894E-013 ratio2=  6.156709860183219E-013
 nchek0=           0 toler_force=  1.000000000000000E-005
 nchek=           0
                    conver_nodal_value check
               Convergence check for displacement
 ratio1=  0.153977198112901      ratio2=  0.140515413047433     
                            not converged for checki=           1
 iiter=           2
Begin forming various matrix       at 2026-08-26 10:09:14 
 ktsmat=           0
 ntelgroup=           0
Begin solution global equation     at 2026-08-26 10:09:14 
                     istep=         447 iiter=           2
                     conver_load check
 resid=  8.977075013654306E-022 retot=   2308.72761782087     
 ratio1=  6.235640628317561E-013 ratio2=  5.071735597688099E-013
 nchek0=           0 toler_force=  1.000000000000000E-005
 nchek=           0
                    conver_nodal_value check
               Convergence check for displacement
 ratio1=  2.256756728723751E-014 ratio2=  2.632353054788704E-014
 nchek=           0
 ***********RESTART FILE IS UPDATED!*******
 time: 10:09:12
 iblks=           1 iincs=           1 istep=         448
 outinp=           0
 iiter=           1
Begin forming various matrix       at 2026-08-26 10:09:14 
 ktsmat=           0
Begin assemble golbal matrix       at 2026-08-26 10:09:14 
 ntelgroup=           0
Begin factorize global matrix      at 2026-08-26 10:09:14 
Begin solution global equation     at 2026-08-26 10:09:14 
                     istep=         448 iiter=           1
                     conver_load check
 resid=  9.482760926738274E-022 retot=   30366.7088277442     
 ratio1=  1.767130155992795E-013 ratio2=  1.229194289461755E-013
 nchek0=           0 toler_force=  1.000000000000000E-005
 nchek=           0
                    conver_nodal_value check
               Convergence check for displacement
 ratio1=  0.102023548456024      ratio2=  0.109420920897910     
                            not converged for checki=           1
 iiter=           2
Begin forming various matrix       at 2026-08-26 10:09:14 
 ktsmat=           0
 ntelgroup=           0
Begin solution global equation     at 2026-08-26 10:09:14 
                     istep=         448 iiter=           2
                     conver_load check
 resid=  6.068557292818480E-022 retot=   30366.7088277439     
 ratio1=  1.413656406230972E-013 ratio2=  7.889030390104553E-014
 nchek0=           0 toler_force=  1.000000000000000E-005
 nchek=           0
                    conver_nodal_value check
               Convergence check for displacement
 ratio1=  9.759254098579588E-015 ratio2=  1.303165661016671E-014
 nchek=           0
 ***********RESTART FILE IS UPDATED!*******
 time: 10:09:12
 iblks=           1 iincs=           1 istep=         449
 outinp=           0
 iiter=           1
Begin forming various matrix       at 2026-08-26 10:09:14 
 ktsmat=           0
Begin assemble golbal matrix       at 2026-08-26 10:09:14 
 ntelgroup=           0
Begin factorize global matrix      at 2026-08-26 10:09:14 
Begin solution global equation     at 2026-08-26 10:09:14 
                     istep=         449 iiter=           1
                     conver_load check
 resid=  4.730652965489570E-022 retot=   120335.053093901     
 ratio1=  6.269955637208079E-014 ratio2=  3.637668278915349E-014
 nchek0=           0 toler_force=  1.000000000000000E-005
 nchek=           0
                    conver_nodal_value check
               Convergence check for displacement
 ratio1=  3.376952372152110E-002 ratio2=  3.494236518620417E-002
                            not converged for checki=           1
 iiter=           2
Begin forming various matrix       at 2026-08-26 10:09:14 
 ktsmat=           0
 ntelgroup=           0
Begin solution global equation     at 2026-08-26 10:09:14 
                     istep=         449 iiter=           2
                     conver_load check
 resid=  6.214885886268135E-022 retot=   120335.053093900     
 ratio1=  7.186550843005238E-014 ratio2=  5.164445945106396E-014
 nchek0=           0 toler_force=  1.000000000000000E-005
 nchek=           0
                    conver_nodal_value check
               Convergence check for displacement
 ratio1=  2.089337925086885E-015 ratio2=  3.393417393402001E-015
 nchek=           0
 ***********RESTART FILE IS UPDATED!*******
 time: 10:09:12
 iblks=           1 iincs=           1 istep=         450
 outinp=           0
 iiter=           1
Begin forming various matrix       at 2026-08-26 10:09:14 
 ktsmat=           0
Begin assemble golbal matrix       at 2026-08-26 10:09:14 
 ntelgroup=           0
Begin factorize global matrix      at 2026-08-26 10:09:14 
Begin solution global equation     at 2026-08-26 10:09:14 
                     istep=         450 iiter=           1
                     conver_load check
 resid=  1.275348989828576E-022 retot=   186851.454946619     
 ratio1=  2.612560036539483E-014 ratio2=  2.026369441190009E-014
 nchek0=           0 toler_force=  1.000000000000000E-005
 nchek=           0
                    conver_nodal_value check
               Convergence check for displacement
 ratio1=  1.264513827235848E-002 ratio2=  1.325862799362468E-002
                            not converged for checki=           1
 iiter=           2
Begin forming various matrix       at 2026-08-26 10:09:14 
 ktsmat=           0
 ntelgroup=           0
Begin solution global equation     at 2026-08-26 10:09:14 
                     istep=         450 iiter=           2
                     conver_load check
 resid=  1.284939272136042E-022 retot=   186851.454946619     
 ratio1=  2.622364514643425E-014 ratio2=  2.310259025394077E-014
 nchek0=           0 toler_force=  1.000000000000000E-005
 nchek=           0
                    conver_nodal_value check
               Convergence check for displacement
 ratio1=  4.824455564115515E-016 ratio2=  4.731228388127217E-016
 nchek=           0
 ***********RESTART FILE IS UPDATED!*******
 time: 10:09:12
 iblks=           1 iincs=           1 istep=         451
 outinp=           0
 iiter=           1
Begin forming various matrix       at 2026-08-26 10:09:14 
 ktsmat=           0
Begin assemble golbal matrix       at 2026-08-26 10:09:14 
 ntelgroup=           0
Begin factorize global matrix      at 2026-08-26 10:09:14 
Begin solution global equation     at 2026-08-26 10:09:14 
                     istep=         451 iiter=           1
                     conver_load check
 resid=  1.035085903373526E-023 retot=   171585.926026805     
 ratio1=  7.766893776412242E-015 ratio2=  4.985016454116614E-015
 nchek0=           0 toler_force=  1.000000000000000E-005
 nchek=           0
                    conver_nodal_value check
               Convergence check for displacement
 ratio1=  2.817284022879938E-003 ratio2=  2.107954543395491E-003
                            not converged for checki=           1
 iiter=           2
Begin forming various matrix       at 2026-08-26 10:09:14 
 ktsmat=           0
 ntelgroup=           0
Begin solution global equation     at 2026-08-26 10:09:14 
                     istep=         451 iiter=           2
                     conver_load check
 resid=  2.287844649670533E-023 retot=   171585.926026805     
 ratio1=  1.154708690217328E-014 ratio2=  7.605403141069024E-015
 nchek0=           0 toler_force=  1.000000000000000E-005
 nchek=           0
                    conver_nodal_value check
               Convergence check for displacement
 ratio1=  3.755051661876373E-016 ratio2=  4.322914947902988E-016
 nchek=           0
 ***********RESTART FILE IS UPDATED!*******
 time: 10:09:12
 iblks=           1 iincs=           1 istep=         452
 outinp=           0
 iiter=           1
Begin forming various matrix       at 2026-08-26 10:09:14 
 ktsmat=           0
Begin assemble golbal matrix       at 2026-08-26 10:09:14 
 ntelgroup=           0
Begin factorize global matrix      at 2026-08-26 10:09:14 
Begin solution global equation     at 2026-08-26 10:09:14 
                     istep=         452 iiter=           1
                     conver_load check
 resid=  3.318947806983223E-022 retot=   90738.1141631293     
 ratio1=  6.047910239754669E-014 ratio2=  3.940802245976039E-014
 nchek0=           0 toler_force=  1.000000000000000E-005
 nchek=           0
                    conver_nodal_value check
               Convergence check for displacement
 ratio1=  2.176713652450601E-002 ratio2=  2.079661988249005E-002
                            not converged for checki=           1
 iiter=           2
Begin forming various matrix       at 2026-08-26 10:09:14 
 ktsmat=           0
 ntelgroup=           0
Begin solution global equation     at 2026-08-26 10:09:14 
                     istep=         452 iiter=           2
                     conver_load check
 resid=  2.301269354568790E-022 retot=   90738.1141631297     
 ratio1=  5.036036308302387E-014 ratio2=  3.992375960300589E-014
 nchek0=           0 toler_force=  1.000000000000000E-005
 nchek=           0
                    conver_nodal_value check
               Convergence check for displacement
 ratio1=  1.685385781613982E-015 ratio2=  1.772214882831041E-015
 nchek=           0
 ***********RESTART FILE IS UPDATED!*******
 time: 10:09:12
 iblks=           1 iincs=           1 istep=         453
 outinp=           0
 iiter=           1
Begin forming various matrix       at 2026-08-26 10:09:14 
 ktsmat=           0
Begin assemble golbal matrix       at 2026-08-26 10:09:14 
 ntelgroup=           0
Begin factorize global matrix      at 2026-08-26 10:09:14 
Begin solution global equation     at 2026-08-26 10:09:14 
                     istep=         453 iiter=           1
                     conver_load check
 resid=  5.350019634062537E-022 retot=   15205.9643635757     
 ratio1=  1.875731638090880E-013 ratio2=  1.534510166822416E-013
 nchek0=           0 toler_force=  1.000000000000000E-005
 nchek=           0
                    conver_nodal_value check
               Convergence check for displacement
 ratio1=  7.068591421861038E-002 ratio2=  6.698592365827154E-002
                            not converged for checki=           1
 iiter=           2
Begin forming various matrix       at 2026-08-26 10:09:14 
 ktsmat=           0
 ntelgroup=           0
Begin solution global equation     at 2026-08-26 10:09:14 
                     istep=         453 iiter=           2
                     conver_load check
 resid=  3.965332885449274E-022 retot=   15205.9643635759     
 ratio1=  1.614852431238154E-013 ratio2=  8.502163201692668E-014
 nchek0=           0 toler_force=  1.000000000000000E-005
 nchek=           0
                    conver_nodal_value check
               Convergence check for displacement
 ratio1=  3.533993432159687E-015 ratio2=  3.236188720166324E-015
 nchek=           0
 ***********RESTART FILE IS UPDATED!*******
 time: 10:09:12
 iblks=           1 iincs=           1 istep=         454
 outinp=           0
 iiter=           1
Begin forming various matrix       at 2026-08-26 10:09:14 
 ktsmat=           0
Begin assemble golbal matrix       at 2026-08-26 10:09:14 
 ntelgroup=           0
Begin factorize global matrix      at 2026-08-26 10:09:14 
Begin solution global equation     at 2026-08-26 10:09:14 
                     istep=         454 iiter=           1
                     conver_load check
 resid=  7.942622118184415E-022 retot=   5762.56984107634     
 ratio1=  3.712563148095757E-013 ratio2=  2.274759252335824E-013
 nchek0=           0 toler_force=  1.000000000000000E-005
 nchek=           0
                    conver_nodal_value check
               Convergence check for displacement
 ratio1=  0.299691015185323      ratio2=  0.380622196736298     
                            not converged for checki=           1
 iiter=           2
Begin forming various matrix       at 2026-08-26 10:09:14 
 ktsmat=           0
 ntelgroup=           0
Begin solution global equation     at 2026-08-26 10:09:14 
                     istep=         454 iiter=           2
                     conver_load check
 resid=  7.091333988916641E-022 retot=   5762.56984107621     
 ratio1=  3.507969988150501E-013 ratio2=  2.118009520037592E-013
 nchek0=           0 toler_force=  1.000000000000000E-005
 nchek=           0
                    conver_nodal_value check
               Convergence check for displacement
 ratio1=  2.201236265077167E-014 ratio2=  2.806067895507568E-014
 nchek=           0
 ***********RESTART FILE IS UPDATED!*******
 time: 10:09:12
 iblks=           1 iincs=           1 istep=         455
 outinp=           0
 iiter=           1
Begin forming various matrix       at 2026-08-26 10:09:14 
 ktsmat=           0
Begin assemble golbal matrix       at 2026-08-26 10:09:14 
 ntelgroup=           0
Begin factorize global matrix      at 2026-08-26 10:09:14 
Begin solution global equation     at 2026-08-26 10:09:14 
                     istep=         455 iiter=           1
                     conver_load check
 resid=  5.592861193655737E-022 retot=   62098.9848186316     
 ratio1=  9.490187002865028E-014 ratio2=  5.170588105088876E-014
 nchek0=           0 toler_force=  1.000000000000000E-005
 nchek=           0
                    conver_nodal_value check
               Convergence check for displacement
 ratio1=  4.912094566858777E-002 ratio2=  5.107658329575673E-002
                            not converged for checki=           1
 iiter=           2
Begin forming various matrix       at 2026-08-26 10:09:14 
 ktsmat=           0
 ntelgroup=           0
Begin solution global equation     at 2026-08-26 10:09:14 
                     istep=         455 iiter=           2
                     conver_load check
 resid=  3.716774942634580E-022 retot=   62098.9848186313     
 ratio1=  7.736435018192203E-014 ratio2=  5.045416450235945E-014
 nchek0=           0 toler_force=  1.000000000000000E-005
 nchek=           0
                    conver_nodal_value check
               Convergence check for displacement
 ratio1=  2.346652649395634E-015 ratio2=  3.416567465387715E-015
 nchek=           0
 ***********RESTART FILE IS UPDATED!*******
 time: 10:09:12
 iblks=           1 iincs=           1 istep=         456
 outinp=           0
 iiter=           1
Begin forming various matrix       at 2026-08-26 10:09:14 
 ktsmat=           0
Begin assemble golbal matrix       at 2026-08-26 10:09:14 
 ntelgroup=           0
Begin factorize global matrix      at 2026-08-26 10:09:14 
Begin solution global equation     at 2026-08-26 10:09:14 
                     istep=         456 iiter=           1
                     conver_load check
 resid=  3.690561461917228E-022 retot=   128020.328255638     
 ratio1=  5.369165030758895E-014 ratio2=  4.409345623052356E-014
 nchek0=           0 toler_force=  1.000000000000000E-005
 nchek=           0
                    conver_nodal_value check
               Convergence check for displacement
 ratio1=  1.982802860978149E-002 ratio2=  2.056887544802799E-002
                            not converged for checki=           1
 iiter=           2
Begin forming various matrix       at 2026-08-26 10:09:14 
 ktsmat=           0
 ntelgroup=           0
Begin solution global equation     at 2026-08-26 10:09:14 
                     istep=         456 iiter=           2
                     conver_load check
 resid=  2.579997113407078E-022 retot=   128020.328255638     
 ratio1=  4.489212275629908E-014 ratio2=  2.973953222938630E-014
 nchek0=           0 toler_force=  1.000000000000000E-005
 nchek=           0
                    conver_nodal_value check
               Convergence check for displacement
 ratio1=  1.542960747274255E-015 ratio2=  1.575414278852340E-015
 nchek=           0
 ***********RESTART FILE IS UPDATED!*******
 time: 10:09:12
 iblks=           1 iincs=           1 istep=         457
 outinp=           0
 iiter=           1
Begin forming various matrix       at 2026-08-26 10:09:14 
 ktsmat=           0
Begin assemble golbal matrix       at 2026-08-26 10:09:14 
 ntelgroup=           0
Begin factorize global matrix      at 2026-08-26 10:09:14 
Begin solution global equation     at 2026-08-26 10:09:14 
                     istep=         457 iiter=           1
                     conver_load check
 resid=  1.645788698228708E-023 retot=   143828.951888037     
 ratio1=  1.069704640916860E-014 ratio2=  6.972494410993831E-015
 nchek0=           0 toler_force=  1.000000000000000E-005
 nchek=           0
                    conver_nodal_value check
               Convergence check for displacement
 ratio1=  3.577396126477606E-003 ratio2=  4.074474589666361E-003
                            not converged for checki=           1
 iiter=           2
Begin forming various matrix       at 2026-08-26 10:09:14 
 ktsmat=           0
 ntelgroup=           0
Begin solution global equation     at 2026-08-26 10:09:14 
                     istep=         457 iiter=           2
                     conver_load check
 resid=  1.077247359943581E-023 retot=   143828.951888037     
 ratio1=  8.654352119876048E-015 ratio2=  5.562065400966748E-015
 nchek0=           0 toler_force=  1.000000000000000E-005
 nchek=           0
                    conver_nodal_value check
               Convergence check for displacement
 ratio1=  2.224274251443464E-016 ratio2=  2.390347228902199E-016
 nchek=           0
 ***********RESTART FILE IS UPDATED!*******
 time: 10:09:12
 iblks=           1 iincs=           1 istep=         458
 outinp=           0
 iiter=           1
Begin forming various matrix       at 2026-08-26 10:09:14 
 ktsmat=           0
Begin assemble golbal matrix       at 2026-08-26 10:09:14 
 ntelgroup=           0
Begin factorize global matrix      at 2026-08-26 10:09:14 
Begin solution global equation     at 2026-08-26 10:09:14 
                     istep=         458 iiter=           1
                     conver_load check
 resid=  7.360073015159520E-023 retot=   97456.6999926000     
 ratio1=  2.748116948817276E-014 ratio2=  1.676448260723106E-014
 nchek0=           0 toler_force=  1.000000000000000E-005
 nchek=           0
                    conver_nodal_value check
               Convergence check for displacement
 ratio1=  1.284590357181408E-002 ratio2=  1.208511850755358E-002
                            not converged for checki=           1
 iiter=           2
Begin forming various matrix       at 2026-08-26 10:09:14 
 ktsmat=           0
 ntelgroup=           0
Begin solution global equation     at 2026-08-26 10:09:14 
                     istep=         458 iiter=           2
                     conver_load check
 resid=  5.150810303274305E-023 retot=   97456.6999926002     
 ratio1=  2.298962711034547E-014 ratio2=  1.557105858353153E-014
 nchek0=           0 toler_force=  1.000000000000000E-005
 nchek=           0
                    conver_nodal_value check
               Convergence check for displacement
 ratio1=  1.045160394958861E-015 ratio2=  1.048507139700522E-015
 nchek=           0
 ***********RESTART FILE IS UPDATED!*******
 time: 10:09:12
 iblks=           1 iincs=           1 istep=         459
 outinp=           0
 iiter=           1
Begin forming various matrix       at 2026-08-26 10:09:14 
 ktsmat=           0
Begin assemble golbal matrix       at 2026-08-26 10:09:14 
 ntelgroup=           0
Begin factorize global matrix      at 2026-08-26 10:09:14 
Begin solution global equation     at 2026-08-26 10:09:14 
                     istep=         459 iiter=           1
                     conver_load check
 resid=  3.883448436909076E-022 retot=   30889.9582019586     
 ratio1=  1.121243946229589E-013 ratio2=  8.210030638549105E-014
 nchek0=           0 toler_force=  1.000000000000000E-005
 nchek=           0
                    conver_nodal_value check
               Convergence check for displacement
 ratio1=  4.210459648837771E-002 ratio2=  4.030747928735646E-002
                            not converged for checki=           1
 iiter=           2
Begin forming various matrix       at 2026-08-26 10:09:14 
 ktsmat=           0
 ntelgroup=           0
Begin solution global equation     at 2026-08-26 10:09:14 
                     istep=         459 iiter=           2
                     conver_load check
 resid=  4.136344221442099E-022 retot=   30889.9582019587     
 ratio1=  1.157176688660864E-013 ratio2=  8.558134881161531E-014
 nchek0=           0 toler_force=  1.000000000000000E-005
 nchek=           0
                    conver_nodal_value check
               Convergence check for displacement
 ratio1=  4.147057493636610E-015 ratio2=  7.122526567033197E-015
 nchek=           0
 ***********RESTART FILE IS UPDATED!*******
 time: 10:09:12
 iblks=           1 iincs=           1 istep=         460
 outinp=           0
 iiter=           1
Begin forming various matrix       at 2026-08-26 10:09:14 
 ktsmat=           0
Begin assemble golbal matrix       at 2026-08-26 10:09:14 
 ntelgroup=           0
Begin factorize global matrix      at 2026-08-26 10:09:14 
Begin solution global equation     at 2026-08-26 10:09:14 
                     istep=         460 iiter=           1
                     conver_load check
 resid=  5.883458397639917E-022 retot=   28.5969016106729     
 ratio1=  4.535830874641090E-012 ratio2=  2.696081955228432E-012
 nchek0=           0 toler_force=  1.000000000000000E-005
 nchek=           0
                    conver_nodal_value check
               Convergence check for displacement
 ratio1=  0.291437941878150      ratio2=  0.251650533020277     
                            not converged for checki=           1
 iiter=           2
Begin forming various matrix       at 2026-08-26 10:09:14 
 ktsmat=           0
 ntelgroup=           0
Begin solution global equation     at 2026-08-26 10:09:14 
                     istep=         460 iiter=           2
                     conver_load check
 resid=  4.660054512085162E-022 retot=   28.5969016106808     
 ratio1=  4.036788611101285E-012 ratio2=  2.163324398764400E-012
 nchek0=           0 toler_force=  1.000000000000000E-005
 nchek=           0
                    conver_nodal_value check
               Convergence check for displacement
 ratio1=  2.042055375784002E-014 ratio2=  1.911069536320642E-014
 nchek=           0
 ***********RESTART FILE IS UPDATED!*******
 time: 10:09:12
 iblks=           1 iincs=           1 istep=         461
 outinp=           0
 iiter=           1
Begin forming various matrix       at 2026-08-26 10:09:14 
 ktsmat=           0
Begin assemble golbal matrix       at 2026-08-26 10:09:14 
 ntelgroup=           0
Begin factorize global matrix      at 2026-08-26 10:09:14 
Begin solution global equation     at 2026-08-26 10:09:14 
                     istep=         461 iiter=           1
                     conver_load check
 resid=  3.734801571744991E-022 retot=   25937.9226472272     
 ratio1=  1.199958347031197E-013 ratio2=  7.626322513252323E-014
 nchek0=           0 toler_force=  1.000000000000000E-005
 nchek=           0
                    conver_nodal_value check
               Convergence check for displacement
 ratio1=  7.775453303087711E-002 ratio2=  8.209830828135785E-002
                            not converged for checki=           1
 iiter=           2
Begin forming various matrix       at 2026-08-26 10:09:14 
 ktsmat=           0
 ntelgroup=           0
Begin solution global equation     at 2026-08-26 10:09:14 
                     istep=         461 iiter=           2
                     conver_load check
 resid=  3.588705788884360E-022 retot=   25937.9226472270     
 ratio1=  1.176254592960522E-013 ratio2=  9.999251636037258E-014
 nchek0=           0 toler_force=  1.000000000000000E-005
 nchek=           0
                    conver_nodal_value check
               Convergence check for displacement
 ratio1=  6.820470700193680E-015 ratio2=  7.491105800585568E-015
 nchek=           0
 ***********RESTART FILE IS UPDATED!*******
 time: 10:09:12
 iblks=           1 iincs=           1 istep=         462
 outinp=           0
 iiter=           1
Begin forming various matrix       at 2026-08-26 10:09:14 
 ktsmat=           0
Begin assemble golbal matrix       at 2026-08-26 10:09:14 
 ntelgroup=           0
Begin factorize global matrix      at 2026-08-26 10:09:14 
Begin solution global equation     at 2026-08-26 10:09:14 
                     istep=         462 iiter=           1
                     conver_load check
 resid=  2.157646579429934E-022 retot=   79715.9809929745     
 ratio1=  5.202564307257923E-014 ratio2=  4.230054463800025E-014
 nchek0=           0 toler_force=  1.000000000000000E-005
 nchek=           0
                    conver_nodal_value check
               Convergence check for displacement
 ratio1=  2.875954370222531E-002 ratio2=  2.974774023762506E-002
                            not converged for checki=           1
 iiter=           2
Begin forming various matrix       at 2026-08-26 10:09:14 
 ktsmat=           0
 ntelgroup=           0
Begin solution global equation     at 2026-08-26 10:09:14 
                     istep=         462 iiter=           2
                     conver_load check
 resid=  2.679741569679103E-022 retot=   79715.9809929742     
 ratio1=  5.797940566732538E-014 ratio2=  4.349294435447422E-014
 nchek0=           0 toler_force=  1.000000000000000E-005
 nchek=           0
                    conver_nodal_value check
               Convergence check for displacement
 ratio1=  2.060959340567084E-015 ratio2=  2.263384520802974E-015
 nchek=           0
 ***********RESTART FILE IS UPDATED!*******
 time: 10:09:12
 iblks=           1 iincs=           1 istep=         463
 outinp=           0
 iiter=           1
Begin forming various matrix       at 2026-08-26 10:09:14 
 ktsmat=           0
Begin assemble golbal matrix       at 2026-08-26 10:09:14 
 ntelgroup=           0
Begin factorize global matrix      at 2026-08-26 10:09:14 
Begin solution global equation     at 2026-08-26 10:09:14 
                     istep=         463 iiter=           1
                     conver_load check
 resid=  3.754261657109011E-023 retot=   111149.599386338     
 ratio1=  1.837842617507880E-014 ratio2=  9.535990064165514E-015
 nchek0=           0 toler_force=  1.000000000000000E-005
 nchek=           0
                    conver_nodal_value check
               Convergence check for displacement
 ratio1=  9.727081227734666E-003 ratio2=  1.030410511686376E-002
                            not converged for checki=           1
 iiter=           2
Begin forming various matrix       at 2026-08-26 10:09:14 
 ktsmat=           0
 ntelgroup=           0
Begin solution global equation     at 2026-08-26 10:09:14 
                     istep=         463 iiter=           2
                     conver_load check
 resid=  3.296108365143505E-023 retot=   111149.599386338     
 ratio1=  1.722054094996234E-014 ratio2=  1.182239703861476E-014
 nchek0=           0 toler_force=  1.000000000000000E-005
 nchek=           0
                    conver_nodal_value check
               Convergence check for displacement
 ratio1=  6.577398196154446E-016 ratio2=  6.588823318681732E-016
 nchek=           0
 ***********RESTART FILE IS UPDATED!*******
 time: 10:09:12
 iblks=           1 iincs=           1 istep=         464
 outinp=           0
 iiter=           1
Begin forming various matrix       at 2026-08-26 10:09:14 
 ktsmat=           0
Begin assemble golbal matrix       at 2026-08-26 10:09:14 
 ntelgroup=           0
Begin factorize global matrix      at 2026-08-26 10:09:14 
Begin solution global equation     at 2026-08-26 10:09:14 
                     istep=         464 iiter=           1
                     conver_load check
 resid=  1.928242237602977E-023 retot=   93208.1351472532     
 ratio1=  1.438314591677176E-014 ratio2=  7.448757637442392E-015
 nchek0=           0 toler_force=  1.000000000000000E-005
 nchek=           0
                    conver_nodal_value check
               Convergence check for displacement
 ratio1=  5.686757497722635E-003 ratio2=  5.004664850901440E-003
                            not converged for checki=           1
 iiter=           2
Begin forming various matrix       at 2026-08-26 10:09:14 
 ktsmat=           0
 ntelgroup=           0
Begin solution global equation     at 2026-08-26 10:09:14 
                     istep=         464 iiter=           2
                     conver_load check
 resid=  1.282464743585380E-023 retot=   93208.1351472533     
 ratio1=  1.172994046499713E-014 ratio2=  9.539416704647698E-015
 nchek0=           0 toler_force=  1.000000000000000E-005
 nchek=           0
                    conver_nodal_value check
               Convergence check for displacement
 ratio1=  1.177370646673198E-015 ratio2=  1.550214766375567E-015
 nchek=           0
 ***********RESTART FILE IS UPDATED!*******
 time: 10:09:12
 iblks=           1 iincs=           1 istep=         465
 outinp=           0
 iiter=           1
Begin forming various matrix       at 2026-08-26 10:09:14 
 ktsmat=           0
Begin assemble golbal matrix       at 2026-08-26 10:09:14 
 ntelgroup=           0
Begin factorize global matrix      at 2026-08-26 10:09:14 
Begin solution global equation     at 2026-08-26 10:09:14 
                     istep=         465 iiter=           1
                     conver_load check
 resid=  2.132914709785125E-022 retot=   43191.9798744532     
 ratio1=  7.027246512380728E-014 ratio2=  5.966539450176896E-014
 nchek0=           0 toler_force=  1.000000000000000E-005
 nchek=           0
                    conver_nodal_value check
               Convergence check for displacement
 ratio1=  2.677167647919076E-002 ratio2=  2.564121320439495E-002
                            not converged for checki=           1
 iiter=           2
Begin forming various matrix       at 2026-08-26 10:09:14 
 ktsmat=           0
 ntelgroup=           0
Begin solution global equation     at 2026-08-26 10:09:14 
                     istep=         465 iiter=           2
                     conver_load check
 resid=  7.561677840619290E-023 retot=   43191.9798744534     
 ratio1=  4.184152734811162E-014 ratio2=  2.919085155963337E-014
 nchek0=           0 toler_force=  1.000000000000000E-005
 nchek=           0
                    conver_nodal_value check
               Convergence check for displacement
 ratio1=  3.479798414903507E-015 ratio2=  4.360259424989244E-015
 nchek=           0
 ***********RESTART FILE IS UPDATED!*******
 time: 10:09:12
 iblks=           1 iincs=           1 istep=         466
 outinp=           0
 iiter=           1
Begin forming various matrix       at 2026-08-26 10:09:14 
 ktsmat=           0
Begin assemble golbal matrix       at 2026-08-26 10:09:14 
 ntelgroup=           0
Begin factorize global matrix      at 2026-08-26 10:09:14 
Begin solution global equation     at 2026-08-26 10:09:14 
                     istep=         466 iiter=           1
                     conver_load check
 resid=  2.680172786725077E-022 retot=   4407.54838874028     
 ratio1=  2.465941969113648E-013 ratio2=  1.324280550805358E-013
 nchek0=           0 toler_force=  1.000000000000000E-005
 nchek=           0
                    conver_nodal_value check
               Convergence check for displacement
 ratio1=  9.489285580895916E-002 ratio2=  8.896247775532917E-002
                            not converged for checki=           1
 iiter=           2
Begin forming various matrix       at 2026-08-26 10:09:14 
 ktsmat=           0
 ntelgroup=           0
Begin solution global equation     at 2026-08-26 10:09:14 
                     istep=         466 iiter=           2
                     conver_load check
 resid=  2.746294756029144E-022 retot=   4407.54838874035     
 ratio1=  2.496175000382261E-013 ratio2=  1.924623381031542E-013
 nchek0=           0 toler_force=  1.000000000000000E-005
 nchek=           0
                    conver_nodal_value check
               Convergence check for displacement
 ratio1=  5.520639514192461E-015 ratio2=  7.495546036086101E-015
 nchek=           0
 ***********RESTART FILE IS UPDATED!*******
 time: 10:09:12
 iblks=           1 iincs=           1 istep=         467
 outinp=           0
 iiter=           1
Begin forming various matrix       at 2026-08-26 10:09:14 
 ktsmat=           0
Begin assemble golbal matrix       at 2026-08-26 10:09:14 
 ntelgroup=           0
Begin factorize global matrix      at 2026-08-26 10:09:14 
Begin solution global equation     at 2026-08-26 10:09:14 
                     istep=         467 iiter=           1
                     conver_load check
 resid=  4.441419577834476E-022 retot=   7170.39829959840     
 ratio1=  2.488795776451309E-013 ratio2=  1.503928027233965E-013
 nchek0=           0 toler_force=  1.000000000000000E-005
 nchek=           0
                    conver_nodal_value check
               Convergence check for displacement
 ratio1=  0.161333000296532      ratio2=  0.180748490503207     
                            not converged for checki=           1
 iiter=           2
Begin forming various matrix       at 2026-08-26 10:09:14 
 ktsmat=           0
 ntelgroup=           0
Begin solution global equation     at 2026-08-26 10:09:14 
                     istep=         467 iiter=           2
                     conver_load check
 resid=  2.611018908693277E-022 retot=   7170.39829959833     
 ratio1=  1.908241639314942E-013 ratio2=  1.396642230837081E-013
 nchek0=           0 toler_force=  1.000000000000000E-005
 nchek=           0
                    conver_nodal_value check
               Convergence check for displacement
 ratio1=  7.935227518085354E-015 ratio2=  1.230687634148688E-014
 nchek=           0
 ***********RESTART FILE IS UPDATED!*******
 time: 10:09:12
 iblks=           1 iincs=           1 istep=         468
 outinp=           0
 iiter=           1
Begin forming various matrix       at 2026-08-26 10:09:14 
 ktsmat=           0
Begin assemble golbal matrix       at 2026-08-26 10:09:14 
 ntelgroup=           0
Begin factorize global matrix      at 2026-08-26 10:09:14 
Begin solution global equation     at 2026-08-26 10:09:14 
                     istep=         468 iiter=           1
                     conver_load check
 resid=  2.690499038185329E-022 retot=   44027.6495095654     
 ratio1=  7.817244044545702E-014 ratio2=  5.051266685488325E-014
 nchek0=           0 toler_force=  1.000000000000000E-005
 nchek=           0
                    conver_nodal_value check
               Convergence check for displacement
 ratio1=  4.128531438262946E-002 ratio2=  4.279987374595366E-002
                            not converged for checki=           1
 iiter=           2
Begin forming various matrix       at 2026-08-26 10:09:14 
 ktsmat=           0
 ntelgroup=           0
Begin solution global equation     at 2026-08-26 10:09:14 
                     istep=         468 iiter=           2
                     conver_load check
 resid=  2.170464840239459E-022 retot=   44027.6495095651     
 ratio1=  7.021236910484227E-014 ratio2=  4.700967647451611E-014
 nchek0=           0 toler_force=  1.000000000000000E-005
 nchek=           0
                    conver_nodal_value check
               Convergence check for displacement
 ratio1=  4.391595623908627E-015 ratio2=  5.600648433618560E-015
 nchek=           0
 ***********RESTART FILE IS UPDATED!*******
 time: 10:09:12
 iblks=           1 iincs=           1 istep=         469
 outinp=           0
 iiter=           1
Begin forming various matrix       at 2026-08-26 10:09:14 
 ktsmat=           0
Begin assemble golbal matrix       at 2026-08-26 10:09:14 
 ntelgroup=           0
Begin factorize global matrix      at 2026-08-26 10:09:14 
Begin solution global equation     at 2026-08-26 10:09:14 
                     istep=         469 iiter=           1
                     conver_load check
 resid=  1.520181555732515E-022 retot=   79157.1375826380     
 ratio1=  4.382305893419115E-014 ratio2=  3.237004973236781E-014
 nchek0=           0 toler_force=  1.000000000000000E-005
 nchek=           0
                    conver_nodal_value check
               Convergence check for displacement
 ratio1=  1.645015272879551E-002 ratio2=  1.712374374576834E-002
                            not converged for checki=           1
 iiter=           2
Begin forming various matrix       at 2026-08-26 10:09:14 
 ktsmat=           0
 ntelgroup=           0
Begin solution global equation     at 2026-08-26 10:09:14 
                     istep=         469 iiter=           2
                     conver_load check
 resid=  7.660439144175549E-023 retot=   79157.1375826377     
 ratio1=  3.110869498789262E-014 ratio2=  1.771917785360191E-014
 nchek0=           0 toler_force=  1.000000000000000E-005
 nchek=           0
                    conver_nodal_value check
               Convergence check for displacement
 ratio1=  2.787548390423495E-015 ratio2=  3.508910797385794E-015
 nchek=           0
 ***********RESTART FILE IS UPDATED!*******
 time: 10:09:12
 iblks=           1 iincs=           1 istep=         470
 outinp=           0
 iiter=           1
Begin forming various matrix       at 2026-08-26 10:09:14 
 ktsmat=           0
Begin assemble golbal matrix       at 2026-08-26 10:09:14 
 ntelgroup=           0
Begin factorize global matrix      at 2026-08-26 10:09:14 
Begin solution global equation     at 2026-08-26 10:09:14 
                     istep=         470 iiter=           1
                     conver_load check
 resid=  4.203718413388125E-024 retot=   81173.4476888557     
 ratio1=  7.196309154538393E-015 ratio2=  4.464141592463693E-015
 nchek0=           0 toler_force=  1.000000000000000E-005
 nchek=           0
                    conver_nodal_value check
               Convergence check for displacement
 ratio1=  1.066010629223800E-003 ratio2=  1.320229695355044E-003
                            not converged for checki=           1
 iiter=           2
Begin forming various matrix       at 2026-08-26 10:09:14 
 ktsmat=           0
 ntelgroup=           0
Begin solution global equation     at 2026-08-26 10:09:14 
                     istep=         470 iiter=           2
                     conver_load check
 resid=  4.005236317683934E-024 retot=   81173.4476888557     
 ratio1=  7.024365102868745E-015 ratio2=  4.443345901815716E-015
 nchek0=           0 toler_force=  1.000000000000000E-005
 nchek=           0
                    conver_nodal_value check
               Convergence check for displacement
 ratio1=  4.163401392003729E-016 ratio2=  6.543052904454977E-016
 nchek=           0
 ***********RESTART FILE IS UPDATED!*******
 time: 10:09:12
 iblks=           1 iincs=           1 istep=         471
 outinp=           0
 iiter=           1
Begin forming various matrix       at 2026-08-26 10:09:14 
 ktsmat=           0
Begin assemble golbal matrix       at 2026-08-26 10:09:14 
 ntelgroup=           0
Begin factorize global matrix      at 2026-08-26 10:09:14 
Begin solution global equation     at 2026-08-26 10:09:14 
                     istep=         471 iiter=           1
                     conver_load check
 resid=  6.505389392976918E-023 retot=   49502.3465915505     
 ratio1=  3.625131419093945E-014 ratio2=  3.614892176438689E-014
 nchek0=           0 toler_force=  1.000000000000000E-005
 nchek=           0
                    conver_nodal_value check
               Convergence check for displacement
 ratio1=  1.656139148129710E-002 ratio2=  1.572564592492014E-002
                            not converged for checki=           1
 iiter=           2
Begin forming various matrix       at 2026-08-26 10:09:14 
 ktsmat=           0
 ntelgroup=           0
Begin solution global equation     at 2026-08-26 10:09:14 
                     istep=         471 iiter=           2
                     conver_load check
 resid=  4.594301856294750E-023 retot=   49502.3465915506     
 ratio1=  3.046469746852424E-014 ratio2=  2.140803239979581E-014
 nchek0=           0 toler_force=  1.000000000000000E-005
 nchek=           0
                    conver_nodal_value check
               Convergence check for displacement
 ratio1=  2.200914916105573E-015 ratio2=  3.274882959217795E-015
 nchek=           0
 ***********RESTART FILE IS UPDATED!*******
 time: 10:09:12
 iblks=           1 iincs=           1 istep=         472
 outinp=           0
 iiter=           1
Begin forming various matrix       at 2026-08-26 10:09:14 
 ktsmat=           0
Begin assemble golbal matrix       at 2026-08-26 10:09:14 
 ntelgroup=           0
Begin factorize global matrix      at 2026-08-26 10:09:14 
Begin solution global equation     at 2026-08-26 10:09:14 
                     istep=         472 iiter=           1
                     conver_load check
 resid=  1.892098214702176E-022 retot=   12376.2864478924     
 ratio1=  1.236450292709863E-013 ratio2=  8.839799520283975E-014
 nchek0=           0 toler_force=  1.000000000000000E-005
 nchek=           0
                    conver_nodal_value check
               Convergence check for displacement
 ratio1=  5.235534574239297E-002 ratio2=  4.997154266056286E-002
                            not converged for checki=           1
 iiter=           2
Begin forming various matrix       at 2026-08-26 10:09:14 
 ktsmat=           0
 ntelgroup=           0
Begin solution global equation     at 2026-08-26 10:09:14 
                     istep=         472 iiter=           2
                     conver_load check
 resid=  8.717689319717176E-023 retot=   12376.2864478925     
 ratio1=  8.392773786035103E-014 ratio2=  8.233265213149164E-014
 nchek0=           0 toler_force=  1.000000000000000E-005
 nchek=           0
                    conver_nodal_value check
               Convergence check for displacement
 ratio1=  2.944677420161355E-015 ratio2=  2.580209263019963E-015
 nchek=           0
 ***********RESTART FILE IS UPDATED!*******
 time: 10:09:12
 iblks=           1 iincs=           1 istep=         473
 outinp=           0
 iiter=           1
Begin forming various matrix       at 2026-08-26 10:09:14 
 ktsmat=           0
Begin assemble golbal matrix       at 2026-08-26 10:09:14 
 ntelgroup=           0
Begin factorize global matrix      at 2026-08-26 10:09:14 
Begin solution global equation     at 2026-08-26 10:09:14 
                     istep=         473 iiter=           1
                     conver_load check
 resid=  4.713487927845846E-022 retot=   452.823299363976     
 ratio1=  1.020250502109434E-012 ratio2=  7.079519093824550E-013
 nchek0=           0 toler_force=  1.000000000000000E-005
 nchek=           0
                    conver_nodal_value check
               Convergence check for displacement
 ratio1=   1.13088630443335      ratio2=   1.03895477787431     
                            not converged for checki=           1
 iiter=           2
Begin forming various matrix       at 2026-08-26 10:09:14 
 ktsmat=           0
 ntelgroup=           0
Begin solution global equation     at 2026-08-26 10:09:14 
                     istep=         473 iiter=           2
                     conver_load check
 resid=  3.069457880681569E-022 retot=   452.823299363957     
 ratio1=  8.233158130669545E-013 ratio2=  6.531533276492615E-013
 nchek0=           0 toler_force=  1.000000000000000E-005
 nchek=           0
                    conver_nodal_value check
               Convergence check for displacement
 ratio1=  8.803093408178785E-014 ratio2=  1.307139185635714E-013
 nchek=           0
 ***********RESTART FILE IS UPDATED!*******
 time: 10:09:12
 iblks=           1 iincs=           1 istep=         474
 outinp=           0
 iiter=           1
Begin forming various matrix       at 2026-08-26 10:09:14 
 ktsmat=           0
Begin assemble golbal matrix       at 2026-08-26 10:09:14 
 ntelgroup=           0
Begin factorize global matrix      at 2026-08-26 10:09:14 
Begin solution global equation     at 2026-08-26 10:09:14 
                     istep=         474 iiter=           1
                     conver_load check
 resid=  2.244325588755588E-022 retot=   20500.0973045982     
 ratio1=  1.046321066232785E-013 ratio2=  6.063579244713552E-014
 nchek0=           0 toler_force=  1.000000000000000E-005
 nchek=           0
                    conver_nodal_value check
               Convergence check for displacement
 ratio1=  6.217293666633057E-002 ratio2=  6.506195140574397E-002
                            not converged for checki=           1
 iiter=           2
Begin forming various matrix       at 2026-08-26 10:09:14 
 ktsmat=           0
 ntelgroup=           0
Begin solution global equation     at 2026-08-26 10:09:14 
                     istep=         474 iiter=           2
                     conver_load check
 resid=  3.231823339344890E-022 retot=   20500.0973045980     
 ratio1=  1.255584209443072E-013 ratio2=  9.127016449256683E-014
 nchek0=           0 toler_force=  1.000000000000000E-005
 nchek=           0
                    conver_nodal_value check
               Convergence check for displacement
 ratio1=  3.293969651227844E-015 ratio2=  3.842113378703062E-015
 nchek=           0
 ***********RESTART FILE IS UPDATED!*******
 time: 10:09:12
 iblks=           1 iincs=           1 istep=         475
 outinp=           0
 iiter=           1
Begin forming various matrix       at 2026-08-26 10:09:14 
 ktsmat=           0
Begin assemble golbal matrix       at 2026-08-26 10:09:14 
 ntelgroup=           0
Begin factorize global matrix      at 2026-08-26 10:09:14 
Begin solution global equation     at 2026-08-26 10:09:14 
                     istep=         475 iiter=           1
                     conver_load check
 resid=  1.023308667272407E-022 retot=   51560.2448153193     
 ratio1=  4.454980843343159E-014 ratio2=  3.572482507411406E-014
 nchek0=           0 toler_force=  1.000000000000000E-005
 nchek=           0
                    conver_nodal_value check
               Convergence check for displacement
 ratio1=  2.444429951942008E-002 ratio2=  2.530003727687058E-002
                            not converged for checki=           1
 iiter=           2
Begin forming various matrix       at 2026-08-26 10:09:14 
 ktsmat=           0
 ntelgroup=           0
Begin solution global equation     at 2026-08-26 10:09:14 
                     istep=         475 iiter=           2
                     conver_load check
 resid=  9.648426827485527E-023 retot=   51560.2448153191     
 ratio1=  4.325843150098914E-014 ratio2=  2.896604671348053E-014
 nchek0=           0 toler_force=  1.000000000000000E-005
 nchek=           0
                    conver_nodal_value check
               Convergence check for displacement
 ratio1=  3.336952472968682E-015 ratio2=  4.254557341980008E-015
 nchek=           0
 ***********RESTART FILE IS UPDATED!*******
 time: 10:09:12
 iblks=           1 iincs=           1 istep=         476
 outinp=           0
 iiter=           1
Begin forming various matrix       at 2026-08-26 10:09:14 
 ktsmat=           0
Begin assemble golbal matrix       at 2026-08-26 10:09:14 
 ntelgroup=           0
Begin factorize global matrix      at 2026-08-26 10:09:14 
Begin solution global equation     at 2026-08-26 10:09:14 
                     istep=         476 iiter=           1
                     conver_load check
 resid=  2.014556442985785E-023 retot=   65041.7796554713     
 ratio1=  1.759922371775293E-014 ratio2=  1.335437834006645E-014
 nchek0=           0 toler_force=  1.000000000000000E-005
 nchek=           0
                    conver_nodal_value check
               Convergence check for displacement
 ratio1=  6.919466515098118E-003 ratio2=  7.466065849985204E-003
                            not converged for checki=           1
 iiter=           2
Begin forming various matrix       at 2026-08-26 10:09:14 
 ktsmat=           0
 ntelgroup=           0
Begin solution global equation     at 2026-08-26 10:09:14 
                     istep=         476 iiter=           2
                     conver_load check
 resid=  8.526647378891015E-024 retot=   65041.7796554712     
 ratio1=  1.144966931198126E-014 ratio2=  8.192495609684698E-015
 nchek0=           0 toler_force=  1.000000000000000E-005
 nchek=           0
                    conver_nodal_value check
               Convergence check for displacement
 ratio1=  4.800410875915787E-016 ratio2=  4.852473633278773E-016
 nchek=           0
 ***********RESTART FILE IS UPDATED!*******
 time: 10:09:12
 iblks=           1 iincs=           1 istep=         477
 outinp=           0
 iiter=           1
Begin forming various matrix       at 2026-08-26 10:09:14 
 ktsmat=           0
Begin assemble golbal matrix       at 2026-08-26 10:09:14 
 ntelgroup=           0
Begin factorize global matrix      at 2026-08-26 10:09:14 
Begin solution global equation     at 2026-08-26 10:09:14 
                     istep=         477 iiter=           1
                     conver_load check
 resid=  1.631629560215614E-023 retot=   49690.5010521552     
 ratio1=  1.812066345091123E-014 ratio2=  1.285358812385262E-014
 nchek0=           0 toler_force=  1.000000000000000E-005
 nchek=           0
                    conver_nodal_value check
               Convergence check for displacement
 ratio1=  8.754129371805697E-003 ratio2=  8.051753146297518E-003
                            not converged for checki=           1
 iiter=           2
Begin forming various matrix       at 2026-08-26 10:09:14 
 ktsmat=           0
 ntelgroup=           0
Begin solution global equation     at 2026-08-26 10:09:14 
                     istep=         477 iiter=           2
                     conver_load check
 resid=  1.310868159379592E-023 retot=   49690.5010521553     
 ratio1=  1.624212391010506E-014 ratio2=  1.317090277655155E-014
 nchek0=           0 toler_force=  1.000000000000000E-005
 nchek=           0
                    conver_nodal_value check
               Convergence check for displacement
 ratio1=  7.615798249805693E-016 ratio2=  7.829863373171203E-016
 nchek=           0
 ***********RESTART FILE IS UPDATED!*******
 time: 10:09:12
 iblks=           1 iincs=           1 istep=         478
 outinp=           0
 iiter=           1
Begin forming various matrix       at 2026-08-26 10:09:14 
 ktsmat=           0
Begin assemble golbal matrix       at 2026-08-26 10:09:14 
 ntelgroup=           0
Begin factorize global matrix      at 2026-08-26 10:09:14 
Begin solution global equation     at 2026-08-26 10:09:14 
                     istep=         478 iiter=           1
                     conver_load check
 resid=  1.491617014767139E-022 retot=   19772.7586440429     
 ratio1=  8.685504142346793E-014 ratio2=  5.629597626878855E-014
 nchek0=           0 toler_force=  1.000000000000000E-005
 nchek=           0
                    conver_nodal_value check
               Convergence check for displacement
 ratio1=  3.275640936950335E-002 ratio2=  3.139657634620457E-002
                            not converged for checki=           1
 iiter=           2
Begin forming various matrix       at 2026-08-26 10:09:14 
 ktsmat=           0
 ntelgroup=           0
Begin solution global equation     at 2026-08-26 10:09:14 
                     istep=         478 iiter=           2
                     conver_load check
 resid=  7.070093415957700E-023 retot=   19772.7586440429     
 ratio1=  5.979693767755284E-014 ratio2=  4.249377495180758E-014
 nchek0=           0 toler_force=  1.000000000000000E-005
 nchek=           0
                    conver_nodal_value check
               Convergence check for displacement
 ratio1=  4.084187322988168E-015 ratio2=  7.042463901728624E-015
 nchek=           0
 ***********RESTART FILE IS UPDATED!*******
 time: 10:09:12
 iblks=           1 iincs=           1 istep=         479
 outinp=           0
 iiter=           1
Begin forming various matrix       at 2026-08-26 10:09:14 
 ktsmat=           0
Begin assemble golbal matrix       at 2026-08-26 10:09:14 
 ntelgroup=           0
Begin factorize global matrix      at 2026-08-26 10:09:14 
Begin solution global equation     at 2026-08-26 10:09:14 
                     istep=         479 iiter=           1
                     conver_load check
 resid=  1.825997970468499E-022 retot=   857.255517361149     
 ratio1=  4.615247553708340E-013 ratio2=  2.571845946669203E-013
 nchek0=           0 toler_force=  1.000000000000000E-005
 nchek=           0
                    conver_nodal_value check
               Convergence check for displacement
 ratio1=  0.138667718542411      ratio2=  0.127419794752315     
                            not converged for checki=           1
 iiter=           2
Begin forming various matrix       at 2026-08-26 10:09:14 
 ktsmat=           0
 ntelgroup=           0
Begin solution global equation     at 2026-08-26 10:09:14 
                     istep=         479 iiter=           2
                     conver_load check
 resid=  1.360329997646382E-022 retot=   857.255517361178     
 ratio1=  3.983519918551656E-013 ratio2=  2.060935100983294E-013
 nchek0=           0 toler_force=  1.000000000000000E-005
 nchek=           0
                    conver_nodal_value check
               Convergence check for displacement
 ratio1=  7.847409565682655E-015 ratio2=  7.292958910967212E-015
 nchek=           0
 ***********RESTART FILE IS UPDATED!*******
 time: 10:09:12
 iblks=           1 iincs=           1 istep=         480
 outinp=           0
 iiter=           1
Begin forming various matrix       at 2026-08-26 10:09:14 
 ktsmat=           0
Begin assemble golbal matrix       at 2026-08-26 10:09:14 
 ntelgroup=           0
Begin factorize global matrix      at 2026-08-26 10:09:14 
Begin solution global equation     at 2026-08-26 10:09:14 
                     istep=         480 iiter=           1
                     conver_load check
 resid=  2.767327291129139E-022 retot=   7118.38319556167     
 ratio1=  1.971694302395308E-013 ratio2=  1.666484248356262E-013
 nchek0=           0 toler_force=  1.000000000000000E-005
 nchek=           0
                    conver_nodal_value check
               Convergence check for displacement
 ratio1=  0.109527787593614      ratio2=  0.118074574877843     
                            not converged for checki=           1
 iiter=           2
Begin forming various matrix       at 2026-08-26 10:09:14 
 ktsmat=           0
 ntelgroup=           0
Begin solution global equation     at 2026-08-26 10:09:14 
                     istep=         480 iiter=           2
                     conver_load check
 resid=  1.437641599256307E-022 retot=   7118.38319556162     
 ratio1=  1.421132704199580E-013 ratio2=  7.366810462006570E-014
 nchek0=           0 toler_force=  1.000000000000000E-005
 nchek=           0
                    conver_nodal_value check
               Convergence check for displacement
 ratio1=  7.718169321369266E-015 ratio2=  1.375487569185423E-014
 nchek=           0
 ***********RESTART FILE IS UPDATED!*******
 time: 10:09:12
 iblks=           1 iincs=           1 istep=         481
 outinp=           0
 iiter=           1
Begin forming various matrix       at 2026-08-26 10:09:14 
 ktsmat=           0
Begin assemble golbal matrix       at 2026-08-26 10:09:14 
 ntelgroup=           0
Begin factorize global matrix      at 2026-08-26 10:09:14 
Begin solution global equation     at 2026-08-26 10:09:14 
                     istep=         481 iiter=           1
                     conver_load check
 resid=  1.170870904214571E-022 retot=   30180.9390653638     
 ratio1=  6.228566889585991E-014 ratio2=  3.495903721052327E-014
 nchek0=           0 toler_force=  1.000000000000000E-005
 nchek=           0
                    conver_nodal_value check
               Convergence check for displacement
 ratio1=  3.501885925527683E-002 ratio2=  3.624329974570169E-002
                            not converged for checki=           1
 iiter=           2
Begin forming various matrix       at 2026-08-26 10:09:14 
 ktsmat=           0
 ntelgroup=           0
Begin solution global equation     at 2026-08-26 10:09:14 
                     istep=         481 iiter=           2
                     conver_load check
 resid=  9.897353277867582E-023 retot=   30180.9390653637     
 ratio1=  5.726551383149254E-014 ratio2=  4.846453860627267E-014
 nchek0=           0 toler_force=  1.000000000000000E-005
 nchek=           0
                    conver_nodal_value check
               Convergence check for displacement
 ratio1=  2.062182673254968E-015 ratio2=  2.143273168498733E-015
 nchek=           0
 ***********RESTART FILE IS UPDATED!*******
 time: 10:09:12
 iblks=           1 iincs=           1 istep=         482
 outinp=           0
 iiter=           1
Begin forming various matrix       at 2026-08-26 10:09:14 
 ktsmat=           0
Begin assemble golbal matrix       at 2026-08-26 10:09:14 
 ntelgroup=           0
Begin factorize global matrix      at 2026-08-26 10:09:14 
Begin solution global equation     at 2026-08-26 10:09:14 
                     istep=         482 iiter=           1
                     conver_load check
 resid=  4.666500980885237E-023 retot=   48075.8834535498     
 ratio1=  3.115530763112564E-014 ratio2=  2.461641138752573E-014
 nchek0=           0 toler_force=  1.000000000000000E-005
 nchek=           0
                    conver_nodal_value check
               Convergence check for displacement
 ratio1=  1.332209513385122E-002 ratio2=  1.394505492211331E-002
                            not converged for checki=           1
 iiter=           2
Begin forming various matrix       at 2026-08-26 10:09:14 
 ktsmat=           0
 ntelgroup=           0
Begin solution global equation     at 2026-08-26 10:09:14 
                     istep=         482 iiter=           2
                     conver_load check
 resid=  6.376888508595306E-023 retot=   48075.8834535497     
 ratio1=  3.642006991408149E-014 ratio2=  2.144700734632942E-014
 nchek0=           0 toler_force=  1.000000000000000E-005
 nchek=           0
                    conver_nodal_value check
               Convergence check for displacement
 ratio1=  8.678596560844058E-016 ratio2=  9.347728351846519E-016
 nchek=           0
 ***********RESTART FILE IS UPDATED!*******
 time: 10:09:12
 iblks=           1 iincs=           1 istep=         483
 outinp=           0
 iiter=           1
Begin forming various matrix       at 2026-08-26 10:09:14 
 ktsmat=           0
Begin assemble golbal matrix       at 2026-08-26 10:09:14 
 ntelgroup=           0
Begin factorize global matrix      at 2026-08-26 10:09:14 
Begin solution global equation     at 2026-08-26 10:09:14 
                     istep=         483 iiter=           1
                     conver_load check
 resid=  2.568278329094355E-024 retot=   45052.1744134566     
 ratio1=  7.550281871146819E-015 ratio2=  4.264534944418915E-015
 nchek0=           0 toler_force=  1.000000000000000E-005
 nchek=           0
                    conver_nodal_value check
               Convergence check for displacement
 ratio1=  2.207516510586555E-003 ratio2=  1.471395929134666E-003
                            not converged for checki=           1
 iiter=           2
Begin forming various matrix       at 2026-08-26 10:09:14 
 ktsmat=           0
 ntelgroup=           0
Begin solution global equation     at 2026-08-26 10:09:14 
                     istep=         483 iiter=           2
                     conver_load check
 resid=  3.214313932680186E-024 retot=   45052.1744134567     
 ratio1=  8.446684388408533E-015 ratio2=  6.059667723897365E-015
 nchek0=           0 toler_force=  1.000000000000000E-005
 nchek=           0
                    conver_nodal_value check
               Convergence check for displacement
 ratio1=  2.526018813137566E-016 ratio2=  3.275595665005010E-016
 nchek=           0
 ***********RESTART FILE IS UPDATED!*******
 time: 10:09:12
 iblks=           1 iincs=           1 istep=         484
 outinp=           0
 iiter=           1
Begin forming various matrix       at 2026-08-26 10:09:14 
 ktsmat=           0
Begin assemble golbal matrix       at 2026-08-26 10:09:14 
 ntelgroup=           0
Begin factorize global matrix      at 2026-08-26 10:09:14 
Begin solution global equation     at 2026-08-26 10:09:14 
                     istep=         484 iiter=           1
                     conver_load check
 resid=  6.252170116268224E-023 retot=   24490.1061868130     
 ratio1=  5.052659814622111E-014 ratio2=  3.269551520933195E-014
 nchek0=           0 toler_force=  1.000000000000000E-005
 nchek=           0
                    conver_nodal_value check
               Convergence check for displacement
 ratio1=  2.074480985383474E-002 ratio2=  1.980361826294087E-002
                            not converged for checki=           1
 iiter=           2
Begin forming various matrix       at 2026-08-26 10:09:14 
 ktsmat=           0
 ntelgroup=           0
Begin solution global equation     at 2026-08-26 10:09:14 
                     istep=         484 iiter=           2
                     conver_load check
 resid=  3.569635899203993E-023 retot=   24490.1061868130     
 ratio1=  3.817830351078037E-014 ratio2=  2.299132959178434E-014
 nchek0=           0 toler_force=  1.000000000000000E-005
 nchek=           0
                    conver_nodal_value check
               Convergence check for displacement
 ratio1=  1.312428445642791E-015 ratio2=  1.864360196423610E-015
 nchek=           0
 ***********RESTART FILE IS UPDATED!*******
 time: 10:09:12
 iblks=           1 iincs=           1 istep=         485
 outinp=           0
 iiter=           1
Begin forming various matrix       at 2026-08-26 10:09:14 
 ktsmat=           0
Begin assemble golbal matrix       at 2026-08-26 10:09:14 
 ntelgroup=           0
Begin factorize global matrix      at 2026-08-26 10:09:14 
Begin solution global equation     at 2026-08-26 10:09:14 
                     istep=         485 iiter=           1
                     conver_load check
 resid=  1.299919263127457E-022 retot=   4473.51829631467     
 ratio1=  1.704643554879859E-013 ratio2=  9.201430052826233E-014
 nchek0=           0 toler_force=  1.000000000000000E-005
 nchek=           0
                    conver_nodal_value check
               Convergence check for displacement
 ratio1=  6.663483948053844E-002 ratio2=  6.325411134156943E-002
                            not converged for checki=           1
 iiter=           2
Begin forming various matrix       at 2026-08-26 10:09:14 
 ktsmat=           0
 ntelgroup=           0
Begin solution global equation     at 2026-08-26 10:09:14 
                     istep=         485 iiter=           2
                     conver_load check
 resid=  1.206905040066120E-022 retot=   4473.51829631472     
 ratio1=  1.642524822457820E-013 ratio2=  1.125027672497402E-013
 nchek0=           0 toler_force=  1.000000000000000E-005
 nchek=           0
                    conver_nodal_value check
               Convergence check for displacement
 ratio1=  8.129502687755024E-015 ratio2=  1.041714008853245E-014
 nchek=           0
 ***********RESTART FILE IS UPDATED!*******
 time: 10:09:12
 iblks=           1 iincs=           1 istep=         486
 outinp=           0
 iiter=           1
Begin forming various matrix       at 2026-08-26 10:09:14 
 ktsmat=           0
Begin assemble golbal matrix       at 2026-08-26 10:09:14 
 ntelgroup=           0
Begin factorize global matrix      at 2026-08-26 10:09:14 
Begin solution global equation     at 2026-08-26 10:09:14 
                     istep=         486 iiter=           1
                     conver_load check
 resid=  1.964688213134180E-022 retot=   1194.67535750526     
 ratio1=  4.055289535946923E-013 ratio2=  3.860119783007892E-013
 nchek0=           0 toler_force=  1.000000000000000E-005
 nchek=           0
                    conver_nodal_value check
               Convergence check for displacement
 ratio1=  0.369325688145640      ratio2=  0.506766813939947     
                            not converged for checki=           1
 iiter=           2
Begin forming various matrix       at 2026-08-26 10:09:14 
 ktsmat=           0
 ntelgroup=           0
Begin solution global equation     at 2026-08-26 10:09:14 
                     istep=         486 iiter=           2
                     conver_load check
 resid=  1.240369884811832E-022 retot=   1194.67535750524     
 ratio1=  3.222186352510572E-013 ratio2=  2.348997972108844E-013
 nchek0=           0 toler_force=  1.000000000000000E-005
 nchek=           0
                    conver_nodal_value check
               Convergence check for displacement
 ratio1=  3.214654608363671E-014 ratio2=  4.453851150555811E-014
 nchek=           0
 ***********RESTART FILE IS UPDATED!*******
 time: 10:09:12
 iblks=           1 iincs=           1 istep=         487
 outinp=           0
 iiter=           1
Begin forming various matrix       at 2026-08-26 10:09:14 
 ktsmat=           0
Begin assemble golbal matrix       at 2026-08-26 10:09:14 
 ntelgroup=           0
Begin factorize global matrix      at 2026-08-26 10:09:14 
Begin solution global equation     at 2026-08-26 10:09:14 
                     istep=         487 iiter=           1
                     conver_load check
 resid=  1.204297930727830E-022 retot=   15312.1945280173     
 ratio1=  8.868460809237230E-014 ratio2=  6.092568361869588E-014
 nchek0=           0 toler_force=  1.000000000000000E-005
 nchek=           0
                    conver_nodal_value check
               Convergence check for displacement
 ratio1=  5.117733914145383E-002 ratio2=  5.326302459060230E-002
                            not converged for checki=           1
 iiter=           2
Begin forming various matrix       at 2026-08-26 10:09:14 
 ktsmat=           0
 ntelgroup=           0
Begin solution global equation     at 2026-08-26 10:09:14 
                     istep=         487 iiter=           2
                     conver_load check
 resid=  1.459132541702076E-022 retot=   15312.1945280172     
 ratio1=  9.761771839156425E-014 ratio2=  5.514281924868676E-014
 nchek0=           0 toler_force=  1.000000000000000E-005
 nchek=           0
                    conver_nodal_value check
               Convergence check for displacement
 ratio1=  5.889599737711157E-015 ratio2=  7.718043607176491E-015
 nchek=           0
 ***********RESTART FILE IS UPDATED!*******
 time: 10:09:12
 iblks=           1 iincs=           1 istep=         488
 outinp=           0
 iiter=           1
Begin forming various matrix       at 2026-08-26 10:09:14 
 ktsmat=           0
Begin assemble golbal matrix       at 2026-08-26 10:09:14 
 ntelgroup=           0
Begin factorize global matrix      at 2026-08-26 10:09:14 
Begin solution global equation     at 2026-08-26 10:09:14 
                     istep=         488 iiter=           1
                     conver_load check
 resid=  6.083420475873586E-023 retot=   32644.4199486644     
 ratio1=  4.316874663937391E-014 ratio2=  3.545328538577213E-014
 nchek0=           0 toler_force=  1.000000000000000E-005
 nchek=           0
                    conver_nodal_value check
               Convergence check for displacement
 ratio1=  2.063110667692698E-002 ratio2=  2.139009121103997E-002
                            not converged for checki=           1
 iiter=           2
Begin forming various matrix       at 2026-08-26 10:09:14 
 ktsmat=           0
 ntelgroup=           0
Begin solution global equation     at 2026-08-26 10:09:14 
                     istep=         488 iiter=           2
                     conver_load check
 resid=  6.704669656840171E-023 retot=   32644.4199486643     
 ratio1=  4.531940656052398E-014 ratio2=  2.831270860064249E-014
 nchek0=           0 toler_force=  1.000000000000000E-005
 nchek=           0
                    conver_nodal_value check
               Convergence check for displacement
 ratio1=  9.783651580822480E-016 ratio2=  9.993565767362406E-016
 nchek=           0
 ***********RESTART FILE IS UPDATED!*******
 time: 10:09:12
 iblks=           1 iincs=           1 istep=         489
 outinp=           0
 iiter=           1
Begin forming various matrix       at 2026-08-26 10:09:14 
 ktsmat=           0
Begin assemble golbal matrix       at 2026-08-26 10:09:14 
 ntelgroup=           0
Begin factorize global matrix      at 2026-08-26 10:09:14 
Begin solution global equation     at 2026-08-26 10:09:14 
                     istep=         489 iiter=           1
                     conver_load check
 resid=  4.520608976096409E-024 retot=   37448.6467141322     
 ratio1=  1.098703245582387E-014 ratio2=  8.266057581160085E-015
 nchek0=           0 toler_force=  1.000000000000000E-005
 nchek=           0
                    conver_nodal_value check
               Convergence check for displacement
 ratio1=  4.183887489204742E-003 ratio2=  4.693875637176379E-003
                            not converged for checki=           1
 iiter=           2
Begin forming various matrix       at 2026-08-26 10:09:14 
 ktsmat=           0
 ntelgroup=           0
Begin solution global equation     at 2026-08-26 10:09:14 
                     istep=         489 iiter=           2
                     conver_load check
 resid=  3.290132277812520E-024 retot=   37448.6467141322     
 ratio1=  9.373215787401327E-015 ratio2=  6.551366961477386E-015
 nchek0=           0 toler_force=  1.000000000000000E-005
 nchek=           0
                    conver_nodal_value check
               Convergence check for displacement
 ratio1=  2.625087938911904E-016 ratio2=  2.760719252092324E-016
 nchek=           0
 ***********RESTART FILE IS UPDATED!*******
 time: 10:09:12
 iblks=           1 iincs=           1 istep=         490
 outinp=           0
 iiter=           1
Begin forming various matrix       at 2026-08-26 10:09:14 
 ktsmat=           0
Begin assemble golbal matrix       at 2026-08-26 10:09:14 
 ntelgroup=           0
Begin factorize global matrix      at 2026-08-26 10:09:14 
Begin solution global equation     at 2026-08-26 10:09:14 
                     istep=         490 iiter=           1
                     conver_load check
 resid=  2.096175805397097E-023 retot=   25956.6432684688     
 ratio1=  2.841774335279033E-014 ratio2=  1.843377726822929E-014
 nchek0=           0 toler_force=  1.000000000000000E-005
 nchek=           0
                    conver_nodal_value check
               Convergence check for displacement
 ratio1=  1.206128407593898E-002 ratio2=  1.131357452488368E-002
                            not converged for checki=           1
 iiter=           2
Begin forming various matrix       at 2026-08-26 10:09:14 
 ktsmat=           0
 ntelgroup=           0
Begin solution global equation     at 2026-08-26 10:09:14 
                     istep=         490 iiter=           2
                     conver_load check
 resid=  1.620691468977295E-023 retot=   25956.6432684688     
 ratio1=  2.498767845780158E-014 ratio2=  1.836601662912330E-014
 nchek0=           0 toler_force=  1.000000000000000E-005
 nchek=           0
                    conver_nodal_value check
               Convergence check for displacement
 ratio1=  6.059886643253575E-016 ratio2=  6.329585033405506E-016
 nchek=           0
 ***********RESTART FILE IS UPDATED!*******
 time: 10:09:12
 iblks=           1 iincs=           1 istep=         491
 outinp=           0
 iiter=           1
Begin forming various matrix       at 2026-08-26 10:09:14 
 ktsmat=           0
Begin assemble golbal matrix       at 2026-08-26 10:09:14 
 ntelgroup=           0
Begin factorize global matrix      at 2026-08-26 10:09:14 
Begin solution global equation     at 2026-08-26 10:09:14 
                     istep=         491 iiter=           1
                     conver_load check
 resid=  1.020972527155648E-022 retot=   8615.35909858161     
 ratio1=  1.088605028222508E-013 ratio2=  6.659464189383968E-014
 nchek0=           0 toler_force=  1.000000000000000E-005
 nchek=           0
                    conver_nodal_value check
               Convergence check for displacement
 ratio1=  4.017101295948357E-002 ratio2=  3.847224579697870E-002
                            not converged for checki=           1
 iiter=           2
Begin forming various matrix       at 2026-08-26 10:09:14 
 ktsmat=           0
 ntelgroup=           0
Begin solution global equation     at 2026-08-26 10:09:14 
                     istep=         491 iiter=           2
                     conver_load check
 resid=  4.069226023681818E-023 retot=   8615.35909858165     
 ratio1=  6.872570673769526E-014 ratio2=  4.269264003952477E-014
 nchek0=           0 toler_force=  1.000000000000000E-005
 nchek=           0
                    conver_nodal_value check
               Convergence check for displacement
 ratio1=  1.761889934436268E-015 ratio2=  1.896482867756998E-015
 nchek=           0
 ***********RESTART FILE IS UPDATED!*******
 time: 10:09:12
 iblks=           1 iincs=           1 istep=         492
 outinp=           0
 iiter=           1
Begin forming various matrix       at 2026-08-26 10:09:14 
 ktsmat=           0
Begin assemble golbal matrix       at 2026-08-26 10:09:14 
 ntelgroup=           0
Begin factorize global matrix      at 2026-08-26 10:09:14 
Begin solution global equation     at 2026-08-26 10:09:14 
                     istep=         492 iiter=           1
                     conver_load check
 resid=  1.537249356558064E-022 retot=   37.1728056807154     
 ratio1=  2.033571699102716E-012 ratio2=  1.067024078261253E-012
 nchek0=           0 toler_force=  1.000000000000000E-005
 nchek=           0
                    conver_nodal_value check
               Convergence check for displacement
 ratio1=  0.243782380725600      ratio2=  0.214260910777711     
                            not converged for checki=           1
 iiter=           2
Begin forming various matrix       at 2026-08-26 10:09:14 
 ktsmat=           0
 ntelgroup=           0
Begin solution global equation     at 2026-08-26 10:09:14 
                     istep=         492 iiter=           2
                     conver_load check
 resid=  1.010964829274317E-022 retot=   37.1728056807204     
 ratio1=  1.649131749109402E-012 ratio2=  7.658864612582470E-013
 nchek0=           0 toler_force=  1.000000000000000E-005
 nchek=           0
                    conver_nodal_value check
               Convergence check for displacement
 ratio1=  1.709348702091361E-014 ratio2=  1.611607270129998E-014
 nchek=           0
 ***********RESTART FILE IS UPDATED!*******
 time: 10:09:12
 iblks=           1 iincs=           1 istep=         493
 outinp=           0
 iiter=           1
Begin forming various matrix       at 2026-08-26 10:09:14 
 ktsmat=           0
Begin assemble golbal matrix       at 2026-08-26 10:09:14 
 ntelgroup=           0
Begin factorize global matrix      at 2026-08-26 10:09:14 
Begin solution global equation     at 2026-08-26 10:09:14 
                     istep=         493 iiter=           1
                     conver_load check
 resid=  1.238683351411946E-022 retot=   6214.30055437892     
 ratio1=  1.411835257360055E-013 ratio2=  1.223491504367416E-013
 nchek0=           0 toler_force=  1.000000000000000E-005
 nchek=           0
                    conver_nodal_value check
               Convergence check for displacement
 ratio1=  8.223234687300314E-002 ratio2=  8.706611746841290E-002
                            not converged for checki=           1
 iiter=           2
Begin forming various matrix       at 2026-08-26 10:09:14 
 ktsmat=           0
 ntelgroup=           0
Begin solution global equation     at 2026-08-26 10:09:14 
                     istep=         493 iiter=           2
                     conver_load check
 resid=  1.239782079572704E-022 retot=   6214.30055437888     
 ratio1=  1.412461276639954E-013 ratio2=  9.186465397780753E-014
 nchek0=           0 toler_force=  1.000000000000000E-005
 nchek=           0
                    conver_nodal_value check
               Convergence check for displacement
 ratio1=  3.455855944883023E-015 ratio2=  3.672598470779798E-015
 nchek=           0
 ***********RESTART FILE IS UPDATED!*******
 time: 10:09:12
 iblks=           1 iincs=           1 istep=         494
 outinp=           0
 iiter=           1
Begin forming various matrix       at 2026-08-26 10:09:14 
 ktsmat=           0
Begin assemble golbal matrix       at 2026-08-26 10:09:14 
 ntelgroup=           0
Begin factorize global matrix      at 2026-08-26 10:09:14 
Begin solution global equation     at 2026-08-26 10:09:14 
                     istep=         494 iiter=           1
                     conver_load check
 resid=  9.257781551879425E-023 retot=   20110.0899746916     
 ratio1=  6.784946969453529E-014 ratio2=  4.704195755370495E-014
 nchek0=           0 toler_force=  1.000000000000000E-005
 nchek=           0
                    conver_nodal_value check
               Convergence check for displacement
 ratio1=  2.981779594914480E-002 ratio2=  3.084213119575871E-002
                            not converged for checki=           1
 iiter=           2
Begin forming various matrix       at 2026-08-26 10:09:14 
 ktsmat=           0
 ntelgroup=           0
Begin solution global equation     at 2026-08-26 10:09:14 
                     istep=         494 iiter=           2
                     conver_load check
 resid=  4.882863269288393E-023 retot=   20110.0899746915     
 ratio1=  4.927541320488707E-014 ratio2=  3.474645796986595E-014
 nchek0=           0 toler_force=  1.000000000000000E-005
 nchek=           0
                    conver_nodal_value check
               Convergence check for displacement
 ratio1=  1.801497063984690E-015 ratio2=  1.889192612724163E-015
 nchek=           0
 ***********RESTART FILE IS UPDATED!*******
 time: 10:09:12
 iblks=           1 iincs=           1 istep=         495
 outinp=           0
 iiter=           1
Begin forming various matrix       at 2026-08-26 10:09:14 
 ktsmat=           0
Begin assemble golbal matrix       at 2026-08-26 10:09:14 
 ntelgroup=           0
Begin factorize global matrix      at 2026-08-26 10:09:14 
Begin solution global equation     at 2026-08-26 10:09:14 
                     istep=         495 iiter=           1
                     conver_load check
 resid=  1.312529189856097E-023 retot=   28705.5600314021     
 ratio1=  2.138313969739433E-014 ratio2=  1.396931849199913E-014
 nchek0=           0 toler_force=  1.000000000000000E-005
 nchek=           0
                    conver_nodal_value check
               Convergence check for displacement
 ratio1=  1.037205593468091E-002 ratio2=  1.095661311853017E-002
                            not converged for checki=           1
 iiter=           2
Begin forming various matrix       at 2026-08-26 10:09:14 
 ktsmat=           0
 ntelgroup=           0
Begin solution global equation     at 2026-08-26 10:09:14 
                     istep=         495 iiter=           2
                     conver_load check
 resid=  1.354587056167415E-023 retot=   28705.5600314020     
 ratio1=  2.172303233248528E-014 ratio2=  1.377453812810859E-014
 nchek0=           0 toler_force=  1.000000000000000E-005
 nchek=           0
                    conver_nodal_value check
               Convergence check for displacement
 ratio1=  5.469406368781692E-016 ratio2=  5.197085099667233E-016
 nchek=           0
 ***********RESTART FILE IS UPDATED!*******
 time: 10:09:12
 iblks=           1 iincs=           1 istep=         496
 outinp=           0
 iiter=           1
Begin forming various matrix       at 2026-08-26 10:09:14 
 ktsmat=           0
Begin assemble golbal matrix       at 2026-08-26 10:09:14 
 ntelgroup=           0
Begin factorize global matrix      at 2026-08-26 10:09:14 
Begin solution global equation     at 2026-08-26 10:09:14 
                     istep=         496 iiter=           1
                     conver_load check
 resid=  5.070421572627267E-024 retot=   24572.4055483502     
 ratio1=  1.436475415252047E-014 ratio2=  1.113594907573224E-014
 nchek0=           0 toler_force=  1.000000000000000E-005
 nchek=           0
                    conver_nodal_value check
               Convergence check for displacement
 ratio1=  5.023831929831923E-003 ratio2=  4.341936836035872E-003
                            not converged for checki=           1
 iiter=           2
Begin forming various matrix       at 2026-08-26 10:09:14 
 ktsmat=           0
 ntelgroup=           0
Begin solution global equation     at 2026-08-26 10:09:14 
                     istep=         496 iiter=           2
                     conver_load check
 resid=  2.916422680139833E-024 retot=   24572.4055483502     
 ratio1=  1.089435182240873E-014 ratio2=  6.331218319340738E-015
 nchek0=           0 toler_force=  1.000000000000000E-005
 nchek=           0
                    conver_nodal_value check
               Convergence check for displacement
 ratio1=  2.254974698391506E-016 ratio2=  2.824352386247853E-016
 nchek=           0
 ***********RESTART FILE IS UPDATED!*******
 time: 10:09:12
 iblks=           1 iincs=           1 istep=         497
 outinp=           0
 iiter=           1
Begin forming various matrix       at 2026-08-26 10:09:14 
 ktsmat=           0
Begin assemble golbal matrix       at 2026-08-26 10:09:14 
 ntelgroup=           0
Begin factorize global matrix      at 2026-08-26 10:09:14 
Begin solution global equation     at 2026-08-26 10:09:14 
                     istep=         497 iiter=           1
                     conver_load check
 resid=  7.566484194402555E-023 retot=   11747.9420650073     
 ratio1=  8.025390371014133E-014 ratio2=  5.992913972311498E-014
 nchek0=           0 toler_force=  1.000000000000000E-005
 nchek=           0
                    conver_nodal_value check
               Convergence check for displacement
 ratio1=  2.557280578081770E-002 ratio2=  2.448327154824723E-002
                            not converged for checki=           1
 iiter=           2
Begin forming various matrix       at 2026-08-26 10:09:14 
 ktsmat=           0
 ntelgroup=           0
Begin solution global equation     at 2026-08-26 10:09:14 
                     istep=         497 iiter=           2
                     conver_load check
 resid=  2.986988140360576E-023 retot=   11747.9420650074     
 ratio1=  5.042383245431616E-014 ratio2=  2.904071272360691E-014
 nchek0=           0 toler_force=  1.000000000000000E-005
 nchek=           0
                    conver_nodal_value check
               Convergence check for displacement
 ratio1=  3.831470270980025E-015 ratio2=  4.220458600577862E-015
 nchek=           0
 ***********RESTART FILE IS UPDATED!*******
 time: 10:09:12
 iblks=           1 iincs=           1 istep=         498
 outinp=           0
 iiter=           1
Begin forming various matrix       at 2026-08-26 10:09:14 
 ktsmat=           0
Begin assemble golbal matrix       at 2026-08-26 10:09:14 
 ntelgroup=           0
Begin factorize global matrix      at 2026-08-26 10:09:14 
Begin solution global equation     at 2026-08-26 10:09:14 
                     istep=         498 iiter=           1
                     conver_load check
 resid=  9.406343284369204E-023 retot=   1368.02519140781     
 ratio1=  2.622185217659480E-013 ratio2=  1.885403522721218E-013
 nchek0=           0 toler_force=  1.000000000000000E-005
 nchek=           0
                    conver_nodal_value check
               Convergence check for displacement
 ratio1=  8.832001443950296E-002 ratio2=  8.304867257332453E-002
                            not converged for checki=           1
 iiter=           2
Begin forming various matrix       at 2026-08-26 10:09:14 
 ktsmat=           0
 ntelgroup=           0
Begin solution global equation     at 2026-08-26 10:09:14 
                     istep=         498 iiter=           2
                     conver_load check
 resid=  8.661094172374436E-023 retot=   1368.02519140784     
 ratio1=  2.516166251404416E-013 ratio2=  1.860145746757139E-013
 nchek0=           0 toler_force=  1.000000000000000E-005
 nchek=           0
                    conver_nodal_value check
               Convergence check for displacement
 ratio1=  7.460200412875039E-015 ratio2=  6.992187388038289E-015
 nchek=           0
 ***********RESTART FILE IS UPDATED!*******
 time: 10:09:12
 iblks=           1 iincs=           1 istep=         499
 outinp=           0
 iiter=           1
Begin forming various matrix       at 2026-08-26 10:09:14 
 ktsmat=           0
Begin assemble golbal matrix       at 2026-08-26 10:09:14 
 ntelgroup=           0
Begin factorize global matrix      at 2026-08-26 10:09:14 
Begin solution global equation     at 2026-08-26 10:09:14 
                     istep=         499 iiter=           1
                     conver_load check
 resid=  1.322023490208026E-022 retot=   1606.10334368943     
 ratio1=  2.869015158406985E-013 ratio2=  1.689852742810681E-013
 nchek0=           0 toler_force=  1.000000000000000E-005
 nchek=           0
                    conver_nodal_value check
               Convergence check for displacement
 ratio1=  0.180226985271064      ratio2=  0.205009976265272     
                            not converged for checki=           1
 iiter=           2
Begin forming various matrix       at 2026-08-26 10:09:14 
 ktsmat=           0
 ntelgroup=           0
Begin solution global equation     at 2026-08-26 10:09:14 
                     istep=         499 iiter=           2
                     conver_load check
 resid=  7.829549909917794E-023 retot=   1606.10334368940     
 ratio1=  2.207911468480350E-013 ratio2=  1.208148278584093E-013
 nchek0=           0 toler_force=  1.000000000000000E-005
 nchek=           0
                    conver_nodal_value check
               Convergence check for displacement
 ratio1=  1.290462396744003E-014 ratio2=  1.551628381584819E-014
 nchek=           0
 ***********RESTART FILE IS UPDATED!*******
 time: 10:09:12
 iblks=           1 iincs=           1 istep=         500
 outinp=           0
 iiter=           1
Begin forming various matrix       at 2026-08-26 10:09:14 
 ktsmat=           0
Begin assemble golbal matrix       at 2026-08-26 10:09:14 
 ntelgroup=           0
Begin factorize global matrix      at 2026-08-26 10:09:14 
Begin solution global equation     at 2026-08-26 10:09:14 
                     istep=         500 iiter=           1
                     conver_load check
 resid=  6.867921235060974E-023 retot=   10949.2394919358     
 ratio1=  7.919917821913427E-014 ratio2=  4.770907751658870E-014
 nchek0=           0 toler_force=  1.000000000000000E-005
 nchek=           0
                    conver_nodal_value check
               Convergence check for displacement
 ratio1=  4.288762069334130E-002 ratio2=  4.448532668513640E-002
                            not converged for checki=           1
 iiter=           2
Begin forming various matrix       at 2026-08-26 10:09:14 
 ktsmat=           0
 ntelgroup=           0
Begin solution global equation     at 2026-08-26 10:09:14 
                     istep=         500 iiter=           2
                     conver_load check
 resid=  7.642783274650685E-023 retot=   10949.2394919357     
 ratio1=  8.354756457952518E-014 ratio2=  4.645328302337384E-014
 nchek0=           0 toler_force=  1.000000000000000E-005
 nchek=           0
                    conver_nodal_value check
               Convergence check for displacement
 ratio1=  3.522635869608515E-015 ratio2=  3.490157588577151E-015
 nchek=           0
 ***********RESTART FILE IS UPDATED!*******
 time: 10:09:14
 time: 10:09:12
