         1      3444      3445      1151       136         1
         2      3445      3446      1152      1151         1
         3      3446      3447      1153      1152         1
         4      3447      3448      1154      1153         1
         5      3448      3442       125      1154         1
         6       136      1151      1155       135         1
         7      1151      1152      1156      1155         1
         8      1152      1153      1157      1156         1
         9      1153      1154      1158      1157         1
        10      1154       125       126      1158         1
        11       135      1155      1159       134         1
        12      1155      1156      1160      1159         1
        13      1156      1157      1161      1160         1
        14      1157      1158      1162      1161         1
        15      1158       126       127      1162         1
        16       134      1159      1163       133         1
        17      1159      1160      1164      1163         1
        18      1160      1161      1165      1164         1
        19      1161      1162      1166      1165         1
        20      1162       127       128      1166         1
        21       133      1163       132       120         1
        22      1163      1164       131       132         1
        23      1164      1165       130       131         1
        24      1165      1166       129       130         1
        25      1166       128       118       129         1
        26      3442      3449      1167       125         1
        27      3449      3450      1168      1167         1
        28      3450      3451      1169      1168         1
        29      3451      3452      1170      1169         1
        30      3452      3441       141      1170         1
        31       125      1167      1171       126         1
        32      1167      1168      1172      1171         1
        33      1168      1169      1173      1172         1
        34      1169      1170      1174      1173         1
        35      1170       141       142      1174         1
        36       126      1171      1175       127         1
        37      1171      1172      1176      1175         1
        38      1172      1173      1177      1176         1
        39      1173      1174      1178      1177         1
        40      1174       142       143      1178         1
        41       127      1175      1179       128         1
        42      1175      1176      1180      1179         1
        43      1176      1177      1181      1180         1
        44      1177      1178      1182      1181         1
        45      1178       143       144      1182         1
        46       128      1179       148       118         1
        47      1179      1180       147       148         1
        48      1180      1181       146       147         1
        49      1181      1182       145       146         1
        50      1182       144       116       145         1
        51      3441      3453      1183       141         1
        52      3453      3454      1184      1183         1
        53      3454      3455      1185      1184         1
        54      3455      3456      1186      1185         1
        55      3456      3439       153      1186         1
        56       141      1183      1187       142         1
        57      1183      1184      1188      1187         1
        58      1184      1185      1189      1188         1
        59      1185      1186      1190      1189         1
        60      1186       153       154      1190         1
        61       142      1187      1191       143         1
        62      1187      1188      1192      1191         1
        63      1188      1189      1193      1192         1
        64      1189      1190      1194      1193         1
        65      1190       154       155      1194         1
        66       143      1191      1195       144         1
        67      1191      1192      1196      1195         1
        68      1192      1193      1197      1196         1
        69      1193      1194      1198      1197         1
        70      1194       155       156      1198         1
        71       144      1195       160       116         1
        72      1195      1196       159       160         1
        73      1196      1197       158       159         1
        74      1197      1198       157       158         1
        75      1198       156       115       157         1
        76      3439      3457      1199       153         1
        77      3457      3458      1200      1199         1
        78      3458      3459      1201      1200         1
        79      3459      3460      1202      1201         1
        80      3460      3437       165      1202         1
        81       153      1199      1203       154         1
        82      1199      1200      1204      1203         1
        83      1200      1201      1205      1204         1
        84      1201      1202      1206      1205         1
        85      1202       165       166      1206         1
        86       154      1203      1207       155         1
        87      1203      1204      1208      1207         1
        88      1204      1205      1209      1208         1
        89      1205      1206      1210      1209         1
        90      1206       166       167      1210         1
        91       155      1207      1211       156         1
        92      1207      1208      1212      1211         1
        93      1208      1209      1213      1212         1
        94      1209      1210      1214      1213         1
        95      1210       167       168      1214         1
        96       156      1211       172       115         1
        97      1211      1212       171       172         1
        98      1212      1213       170       171         1
        99      1213      1214       169       170         1
       100      1214       168       112       169         1
       101      3437      3461      1215       165         1
       102      3461      3462      1216      1215         1
       103      3462      3463      1217      1216         1
       104      3463      3464      1218      1217         1
       105      3464      3434       177      1218         1
       106       165      1215      1219       166         1
       107      1215      1216      1220      1219         1
       108      1216      1217      1221      1220         1
       109      1217      1218      1222      1221         1
       110      1218       177       178      1222         1
       111       166      1219      1223       167         1
       112      1219      1220      1224      1223         1
       113      1220      1221      1225      1224         1
       114      1221      1222      1226      1225         1
       115      1222       178       179      1226         1
       116       167      1223      1227       168         1
       117      1223      1224      1228      1227         1
       118      1224      1225      1229      1228         1
       119      1225      1226      1230      1229         1
       120      1226       179       180      1230         1
       121       168      1227       184       112         1
       122      1227      1228       183       184         1
       123      1228      1229       182       183         1
       124      1229      1230       181       182         1
       125      1230       180       110       181         1
       126       120       185      1231       133         1
       127       185       186      1232      1231         1
       128       186       187      1233      1232         1
       129       187       188      1234      1233         1
       130       188       119       189      1234         1
       131       133      1231      1235       134         1
       132      1231      1232      1236      1235         1
       133      1232      1233      1237      1236         1
       134      1233      1234      1238      1237         1
       135      1234       189       190      1238         1
       136       134      1235      1239       135         1
       137      1235      1236      1240      1239         1
       138      1236      1237      1241      1240         1
       139      1237      1238      1242      1241         1
       140      1238       190       191      1242         1
       141       135      1239      1243       136         1
       142      1239      1240      1244      1243         1
       143      1240      1241      1245      1244         1
       144      1241      1242      1246      1245         1
       145      1242       191       192      1246         1
       146       136      1243      3468      3444         1
       147      1243      1244      3467      3468         1
       148      1244      1245      3466      3467         1
       149      1245      1246      3465      3466         1
       150      1246       192      3443      3465         1
       151       119       197      1247       189         1
       152       197       198      1248      1247         1
       153       198       199      1249      1248         1
       154       199       200      1250      1249         1
       155       200       117       201      1250         1
       156       189      1247      1251       190         1
       157      1247      1248      1252      1251         1
       158      1248      1249      1253      1252         1
       159      1249      1250      1254      1253         1
       160      1250       201       202      1254         1
       161       190      1251      1255       191         1
       162      1251      1252      1256      1255         1
       163      1252      1253      1257      1256         1
       164      1253      1254      1258      1257         1
       165      1254       202       203      1258         1
       166       191      1255      1259       192         1
       167      1255      1256      1260      1259         1
       168      1256      1257      1261      1260         1
       169      1257      1258      1262      1261         1
       170      1258       203       204      1262         1
       171       192      1259      3472      3443         1
       172      1259      1260      3471      3472         1
       173      1260      1261      3470      3471         1
       174      1261      1262      3469      3470         1
       175      1262       204      3440      3469         1
       176       117       209      1263       201         1
       177       209       210      1264      1263         1
       178       210       211      1265      1264         1
       179       211       212      1266      1265         1
       180       212       114       213      1266         1
       181       201      1263      1267       202         1
       182      1263      1264      1268      1267         1
       183      1264      1265      1269      1268         1
       184      1265      1266      1270      1269         1
       185      1266       213       214      1270         1
       186       202      1267      1271       203         1
       187      1267      1268      1272      1271         1
       188      1268      1269      1273      1272         1
       189      1269      1270      1274      1273         1
       190      1270       214       215      1274         1
       191       203      1271      1275       204         1
       192      1271      1272      1276      1275         1
       193      1272      1273      1277      1276         1
       194      1273      1274      1278      1277         1
       195      1274       215       216      1278         1
       196       204      1275      3476      3440         1
       197      1275      1276      3475      3476         1
       198      1276      1277      3474      3475         1
       199      1277      1278      3473      3474         1
       200      1278       216      3438      3473         1
       201       114       221      1279       213         1
       202       221       222      1280      1279         1
       203       222       223      1281      1280         1
       204       223       224      1282      1281         1
       205       224       113       225      1282         1
       206       213      1279      1283       214         1
       207      1279      1280      1284      1283         1
       208      1280      1281      1285      1284         1
       209      1281      1282      1286      1285         1
       210      1282       225       226      1286         1
       211       214      1283      1287       215         1
       212      1283      1284      1288      1287         1
       213      1284      1285      1289      1288         1
       214      1285      1286      1290      1289         1
       215      1286       226       227      1290         1
       216       215      1287      1291       216         1
       217      1287      1288      1292      1291         1
       218      1288      1289      1293      1292         1
       219      1289      1290      1294      1293         1
       220      1290       227       228      1294         1
       221       216      1291      3480      3438         1
       222      1291      1292      3479      3480         1
       223      1292      1293      3478      3479         1
       224      1293      1294      3477      3478         1
       225      1294       228      3436      3477         1
       226       113       233      1295       225         1
       227       233       234      1296      1295         1
       228       234       235      1297      1296         1
       229       235       236      1298      1297         1
       230       236       111       237      1298         1
       231       225      1295      1299       226         1
       232      1295      1296      1300      1299         1
       233      1296      1297      1301      1300         1
       234      1297      1298      1302      1301         1
       235      1298       237       238      1302         1
       236       226      1299      1303       227         1
       237      1299      1300      1304      1303         1
       238      1300      1301      1305      1304         1
       239      1301      1302      1306      1305         1
       240      1302       238       239      1306         1
       241       227      1303      1307       228         1
       242      1303      1304      1308      1307         1
       243      1304      1305      1309      1308         1
       244      1305      1306      1310      1309         1
       245      1306       239       240      1310         1
       246       228      1307      3484      3436         1
       247      1307      1308      3483      3484         1
       248      1308      1309      3482      3483         1
       249      1309      1310      3481      3482         1
       250      1310       240      3435      3481         1
       251      3424      3485      1311       260         1
       252      3485      3486      1312      1311         1
       253      3486      3487      1313      1312         1
       254      3487      3488      1314      1313         1
       255      3488      3426       249      1314         1
       256       260      1311      1315       259         1
       257      1311      1312      1316      1315         1
       258      1312      1313      1317      1316         1
       259      1313      1314      1318      1317         1
       260      1314       249       250      1318         1
       261       259      1315      1319       258         1
       262      1315      1316      1320      1319         1
       263      1316      1317      1321      1320         1
       264      1317      1318      1322      1321         1
       265      1318       250       251      1322         1
       266       258      1319      1323       257         1
       267      1319      1320      1324      1323         1
       268      1320      1321      1325      1324         1
       269      1321      1322      1326      1325         1
       270      1322       251       252      1326         1
       271       257      1323       256       100         1
       272      1323      1324       255       256         1
       273      1324      1325       254       255         1
       274      1325      1326       253       254         1
       275      1326       252       102       253         1
       276      3426      3489      1327       249         1
       277      3489      3490      1328      1327         1
       278      3490      3491      1329      1328         1
       279      3491      3492      1330      1329         1
       280      3492      3429       265      1330         1
       281       249      1327      1331       250         1
       282      1327      1328      1332      1331         1
       283      1328      1329      1333      1332         1
       284      1329      1330      1334      1333         1
       285      1330       265       266      1334         1
       286       250      1331      1335       251         1
       287      1331      1332      1336      1335         1
       288      1332      1333      1337      1336         1
       289      1333      1334      1338      1337         1
       290      1334       266       267      1338         1
       291       251      1335      1339       252         1
       292      1335      1336      1340      1339         1
       293      1336      1337      1341      1340         1
       294      1337      1338      1342      1341         1
       295      1338       267       268      1342         1
       296       252      1339       272       102         1
       297      1339      1340       271       272         1
       298      1340      1341       270       271         1
       299      1341      1342       269       270         1
       300      1342       268       104       269         1
       301      3429      3493      1343       265         1
       302      3493      3494      1344      1343         1
       303      3494      3495      1345      1344         1
       304      3495      3496      1346      1345         1
       305      3496      3431       277      1346         1
       306       265      1343      1347       266         1
       307      1343      1344      1348      1347         1
       308      1344      1345      1349      1348         1
       309      1345      1346      1350      1349         1
       310      1346       277       278      1350         1
       311       266      1347      1351       267         1
       312      1347      1348      1352      1351         1
       313      1348      1349      1353      1352         1
       314      1349      1350      1354      1353         1
       315      1350       278       279      1354         1
       316       267      1351      1355       268         1
       317      1351      1352      1356      1355         1
       318      1352      1353      1357      1356         1
       319      1353      1354      1358      1357         1
       320      1354       279       280      1358         1
       321       268      1355       284       104         1
       322      1355      1356       283       284         1
       323      1356      1357       282       283         1
       324      1357      1358       281       282         1
       325      1358       280       107       281         1
       326      3431      3497      1359       277         1
       327      3497      3498      1360      1359         1
       328      3498      3499      1361      1360         1
       329      3499      3500      1362      1361         1
       330      3500      3432       289      1362         1
       331       277      1359      1363       278         1
       332      1359      1360      1364      1363         1
       333      1360      1361      1365      1364         1
       334      1361      1362      1366      1365         1
       335      1362       289       290      1366         1
       336       278      1363      1367       279         1
       337      1363      1364      1368      1367         1
       338      1364      1365      1369      1368         1
       339      1365      1366      1370      1369         1
       340      1366       290       291      1370         1
       341       279      1367      1371       280         1
       342      1367      1368      1372      1371         1
       343      1368      1369      1373      1372         1
       344      1369      1370      1374      1373         1
       345      1370       291       292      1374         1
       346       280      1371       296       107         1
       347      1371      1372       295       296         1
       348      1372      1373       294       295         1
       349      1373      1374       293       294         1
       350      1374       292       109       293         1
       351      3432      3501      1375       289         1
       352      3501      3502      1376      1375         1
       353      3502      3503      1377      1376         1
       354      3503      3504      1378      1377         1
       355      3504      3435       240      1378         1
       356       289      1375      1379       290         1
       357      1375      1376      1380      1379         1
       358      1376      1377      1381      1380         1
       359      1377      1378      1382      1381         1
       360      1378       240       239      1382         1
       361       290      1379      1383       291         1
       362      1379      1380      1384      1383         1
       363      1380      1381      1385      1384         1
       364      1381      1382      1386      1385         1
       365      1382       239       238      1386         1
       366       291      1383      1387       292         1
       367      1383      1384      1388      1387         1
       368      1384      1385      1389      1388         1
       369      1385      1386      1390      1389         1
       370      1386       238       237      1390         1
       371       292      1387       304       109         1
       372      1387      1388       303       304         1
       373      1388      1389       302       303         1
       374      1389      1390       301       302         1
       375      1390       237       111       301         1
       376       100       305      1391       257         1
       377       305       306      1392      1391         1
       378       306       307      1393      1392         1
       379       307       308      1394      1393         1
       380       308        98       309      1394         1
       381       257      1391      1395       258         1
       382      1391      1392      1396      1395         1
       383      1392      1393      1397      1396         1
       384      1393      1394      1398      1397         1
       385      1394       309       310      1398         1
       386       258      1395      1399       259         1
       387      1395      1396      1400      1399         1
       388      1396      1397      1401      1400         1
       389      1397      1398      1402      1401         1
       390      1398       310       311      1402         1
       391       259      1399      1403       260         1
       392      1399      1400      1404      1403         1
       393      1400      1401      1405      1404         1
       394      1401      1402      1406      1405         1
       395      1402       311       312      1406         1
       396       260      1403      3508      3424         1
       397      1403      1404      3507      3508         1
       398      1404      1405      3506      3507         1
       399      1405      1406      3505      3506         1
       400      1406       312      3423      3505         1
       401        98       317      1407       309         1
       402       317       318      1408      1407         1
       403       318       319      1409      1408         1
       404       319       320      1410      1409         1
       405       320        72       321      1410         1
       406       309      1407      1411       310         1
       407      1407      1408      1412      1411         1
       408      1408      1409      1413      1412         1
       409      1409      1410      1414      1413         1
       410      1410       321       322      1414         1
       411       310      1411      1415       311         1
       412      1411      1412      1416      1415         1
       413      1412      1413      1417      1416         1
       414      1413      1414      1418      1417         1
       415      1414       322       323      1418         1
       416       311      1415      1419       312         1
       417      1415      1416      1420      1419         1
       418      1416      1417      1421      1420         1
       419      1417      1418      1422      1421         1
       420      1418       323       324      1422         1
       421       312      1419      3512      3423         1
       422      1419      1420      3511      3512         1
       423      1420      1421      3510      3511         1
       424      1421      1422      3509      3510         1
       425      1422       324      3421      3509         1
       426        72       329      1423       321         1
       427       329       330      1424      1423         1
       428       330       331      1425      1424         1
       429       331       332      1426      1425         1
       430       332        51       333      1426         1
       431       321      1423      1427       322         1
       432      1423      1424      1428      1427         1
       433      1424      1425      1429      1428         1
       434      1425      1426      1430      1429         1
       435      1426       333       334      1430         1
       436       322      1427      1431       323         1
       437      1427      1428      1432      1431         1
       438      1428      1429      1433      1432         1
       439      1429      1430      1434      1433         1
       440      1430       334       335      1434         1
       441       323      1431      1435       324         1
       442      1431      1432      1436      1435         1
       443      1432      1433      1437      1436         1
       444      1433      1434      1438      1437         1
       445      1434       335       336      1438         1
       446       324      1435      3516      3421         1
       447      1435      1436      3515      3516         1
       448      1436      1437      3514      3515         1
       449      1437      1438      3513      3514         1
       450      1438       336      3419      3513         1
       451        51       341      1439       333         1
       452       341       342      1440      1439         1
       453       342       343      1441      1440         1
       454       343       344      1442      1441         1
       455       344        31       345      1442         1
       456       333      1439      1443       334         1
       457      1439      1440      1444      1443         1
       458      1440      1441      1445      1444         1
       459      1441      1442      1446      1445         1
       460      1442       345       346      1446         1
       461       334      1443      1447       335         1
       462      1443      1444      1448      1447         1
       463      1444      1445      1449      1448         1
       464      1445      1446      1450      1449         1
       465      1446       346       347      1450         1
       466       335      1447      1451       336         1
       467      1447      1448      1452      1451         1
       468      1448      1449      1453      1452         1
       469      1449      1450      1454      1453         1
       470      1450       347       348      1454         1
       471       336      1451      3520      3419         1
       472      1451      1452      3519      3520         1
       473      1452      1453      3518      3519         1
       474      1453      1454      3517      3518         1
       475      1454       348      3417      3517         1
       476        31       353      1455       345         1
       477       353       354      1456      1455         1
       478       354       355      1457      1456         1
       479       355       356      1458      1457         1
       480       356       357      1459      1458         1
       481       357       358      1460      1459         1
       482       358       359      1461      1460         1
       483       359       360      1462      1461         1
       484       360       361      1463      1462         1
       485       361        10       362      1463         1
       486       345      1455      1464       346         1
       487      1455      1456      1465      1464         1
       488      1456      1457      1466      1465         1
       489      1457      1458      1467      1466         1
       490      1458      1459      1468      1467         1
       491      1459      1460      1469      1468         1
       492      1460      1461      1470      1469         1
       493      1461      1462      1471      1470         1
       494      1462      1463      1472      1471         1
       495      1463       362       363      1472         1
       496       346      1464      1473       347         1
       497      1464      1465      1474      1473         1
       498      1465      1466      1475      1474         1
       499      1466      1467      1476      1475         1
       500      1467      1468      1477      1476         1
       501      1468      1469      1478      1477         1
       502      1469      1470      1479      1478         1
       503      1470      1471      1480      1479         1
       504      1471      1472      1481      1480         1
       505      1472       363       364      1481         1
       506       347      1473      1482       348         1
       507      1473      1474      1483      1482         1
       508      1474      1475      1484      1483         1
       509      1475      1476      1485      1484         1
       510      1476      1477      1486      1485         1
       511      1477      1478      1487      1486         1
       512      1478      1479      1488      1487         1
       513      1479      1480      1489      1488         1
       514      1480      1481      1490      1489         1
       515      1481       364       365      1490         1
       516       348      1482      3529      3417         1
       517      1482      1483      3528      3529         1
       518      1483      1484      3527      3528         1
       519      1484      1485      3526      3527         1
       520      1485      1486      3525      3526         1
       521      1486      1487      3524      3525         1
       522      1487      1488      3523      3524         1
       523      1488      1489      3522      3523         1
       524      1489      1490      3521      3522         1
       525      1490       365      3415      3521         1
       526      3405      3530      1491       390         1
       527      3530      3531      1492      1491         1
       528      3531      3532      1493      1492         1
       529      3532      3533      1494      1493         1
       530      3533      3406       379      1494         1
       531       390      1491      1495       389         1
       532      1491      1492      1496      1495         1
       533      1492      1493      1497      1496         1
       534      1493      1494      1498      1497         1
       535      1494       379       380      1498         1
       536       389      1495      1499       388         1
       537      1495      1496      1500      1499         1
       538      1496      1497      1501      1500         1
       539      1497      1498      1502      1501         1
       540      1498       380       381      1502         1
       541       388      1499      1503       387         1
       542      1499      1500      1504      1503         1
       543      1500      1501      1505      1504         1
       544      1501      1502      1506      1505         1
       545      1502       381       382      1506         1
       546       387      1503       386         1         1
       547      1503      1504       385       386         1
       548      1504      1505       384       385         1
       549      1505      1506       383       384         1
       550      1506       382         2       383         1
       551      3406      3534      1507       379         1
       552      3534      3535      1508      1507         1
       553      3535      3536      1509      1508         1
       554      3536      3537      1510      1509         1
       555      3537      3408       395      1510         1
       556       379      1507      1511       380         1
       557      1507      1508      1512      1511         1
       558      1508      1509      1513      1512         1
       559      1509      1510      1514      1513         1
       560      1510       395       396      1514         1
       561       380      1511      1515       381         1
       562      1511      1512      1516      1515         1
       563      1512      1513      1517      1516         1
       564      1513      1514      1518      1517         1
       565      1514       396       397      1518         1
       566       381      1515      1519       382         1
       567      1515      1516      1520      1519         1
       568      1516      1517      1521      1520         1
       569      1517      1518      1522      1521         1
       570      1518       397       398      1522         1
       571       382      1519       402         2         1
       572      1519      1520       401       402         1
       573      1520      1521       400       401         1
       574      1521      1522       399       400         1
       575      1522       398         5       399         1
       576      3408      3538      1523       395         1
       577      3538      3539      1524      1523         1
       578      3539      3540      1525      1524         1
       579      3540      3541      1526      1525         1
       580      3541      3411       407      1526         1
       581       395      1523      1527       396         1
       582      1523      1524      1528      1527         1
       583      1524      1525      1529      1528         1
       584      1525      1526      1530      1529         1
       585      1526       407       408      1530         1
       586       396      1527      1531       397         1
       587      1527      1528      1532      1531         1
       588      1528      1529      1533      1532         1
       589      1529      1530      1534      1533         1
       590      1530       408       409      1534         1
       591       397      1531      1535       398         1
       592      1531      1532      1536      1535         1
       593      1532      1533      1537      1536         1
       594      1533      1534      1538      1537         1
       595      1534       409       410      1538         1
       596       398      1535       414         5         1
       597      1535      1536       413       414         1
       598      1536      1537       412       413         1
       599      1537      1538       411       412         1
       600      1538       410         7       411         1
       601      3411      3542      1539       407         1
       602      3542      3543      1540      1539         1
       603      3543      3544      1541      1540         1
       604      3544      3545      1542      1541         1
       605      3545      3413       419      1542         1
       606       407      1539      1543       408         1
       607      1539      1540      1544      1543         1
       608      1540      1541      1545      1544         1
       609      1541      1542      1546      1545         1
       610      1542       419       420      1546         1
       611       408      1543      1547       409         1
       612      1543      1544      1548      1547         1
       613      1544      1545      1549      1548         1
       614      1545      1546      1550      1549         1
       615      1546       420       421      1550         1
       616       409      1547      1551       410         1
       617      1547      1548      1552      1551         1
       618      1548      1549      1553      1552         1
       619      1549      1550      1554      1553         1
       620      1550       421       422      1554         1
       621       410      1551       426         7         1
       622      1551      1552       425       426         1
       623      1552      1553       424       425         1
       624      1553      1554       423       424         1
       625      1554       422         8       423         1
       626      3413      3546      1555       419         1
       627      3546      3547      1556      1555         1
       628      3547      3548      1557      1556         1
       629      3548      3549      1558      1557         1
       630      3549      3550      1559      1558         1
       631      3550      3551      1560      1559         1
       632      3551      3552      1561      1560         1
       633      3552      3553      1562      1561         1
       634      3553      3554      1563      1562         1
       635      3554      3415       365      1563         1
       636       419      1555      1564       420         1
       637      1555      1556      1565      1564         1
       638      1556      1557      1566      1565         1
       639      1557      1558      1567      1566         1
       640      1558      1559      1568      1567         1
       641      1559      1560      1569      1568         1
       642      1560      1561      1570      1569         1
       643      1561      1562      1571      1570         1
       644      1562      1563      1572      1571         1
       645      1563       365       364      1572         1
       646       420      1564      1573       421         1
       647      1564      1565      1574      1573         1
       648      1565      1566      1575      1574         1
       649      1566      1567      1576      1575         1
       650      1567      1568      1577      1576         1
       651      1568      1569      1578      1577         1
       652      1569      1570      1579      1578         1
       653      1570      1571      1580      1579         1
       654      1571      1572      1581      1580         1
       655      1572       364       363      1581         1
       656       421      1573      1582       422         1
       657      1573      1574      1583      1582         1
       658      1574      1575      1584      1583         1
       659      1575      1576      1585      1584         1
       660      1576      1577      1586      1585         1
       661      1577      1578      1587      1586         1
       662      1578      1579      1588      1587         1
       663      1579      1580      1589      1588         1
       664      1580      1581      1590      1589         1
       665      1581       363       362      1590         1
       666       422      1582       444         8         1
       667      1582      1583       443       444         1
       668      1583      1584       442       443         1
       669      1584      1585       441       442         1
       670      1585      1586       440       441         1
       671      1586      1587       439       440         1
       672      1587      1588       438       439         1
       673      1588      1589       437       438         1
       674      1589      1590       436       437         1
       675      1590       362        10       436         1
       676         1       445      1591       387         1
       677       445       446      1592      1591         1
       678       446       447      1593      1592         1
       679       447       448      1594      1593         1
       680       448         3       449      1594         1
       681       387      1591      1595       388         1
       682      1591      1592      1596      1595         1
       683      1592      1593      1597      1596         1
       684      1593      1594      1598      1597         1
       685      1594       449       450      1598         1
       686       388      1595      1599       389         1
       687      1595      1596      1600      1599         1
       688      1596      1597      1601      1600         1
       689      1597      1598      1602      1601         1
       690      1598       450       451      1602         1
       691       389      1599      1603       390         1
       692      1599      1600      1604      1603         1
       693      1600      1601      1605      1604         1
       694      1601      1602      1606      1605         1
       695      1602       451       452      1606         1
       696       390      1603      3558      3405         1
       697      1603      1604      3557      3558         1
       698      1604      1605      3556      3557         1
       699      1605      1606      3555      3556         1
       700      1606       452      3407      3555         1
       701         3       457      1607       449         1
       702       457       458      1608      1607         1
       703       458       459      1609      1608         1
       704       459       460      1610      1609         1
       705       460         4       461      1610         1
       706       449      1607      1611       450         1
       707      1607      1608      1612      1611         1
       708      1608      1609      1613      1612         1
       709      1609      1610      1614      1613         1
       710      1610       461       462      1614         1
       711       450      1611      1615       451         1
       712      1611      1612      1616      1615         1
       713      1612      1613      1617      1616         1
       714      1613      1614      1618      1617         1
       715      1614       462       463      1618         1
       716       451      1615      1619       452         1
       717      1615      1616      1620      1619         1
       718      1616      1617      1621      1620         1
       719      1617      1618      1622      1621         1
       720      1618       463       464      1622         1
       721       452      1619      3562      3407         1
       722      1619      1620      3561      3562         1
       723      1620      1621      3560      3561         1
       724      1621      1622      3559      3560         1
       725      1622       464      3409      3559         1
       726         4       469      1623       461         1
       727       469       470      1624      1623         1
       728       470       471      1625      1624         1
       729       471       472      1626      1625         1
       730       472         6       473      1626         1
       731       461      1623      1627       462         1
       732      1623      1624      1628      1627         1
       733      1624      1625      1629      1628         1
       734      1625      1626      1630      1629         1
       735      1626       473       474      1630         1
       736       462      1627      1631       463         1
       737      1627      1628      1632      1631         1
       738      1628      1629      1633      1632         1
       739      1629      1630      1634      1633         1
       740      1630       474       475      1634         1
       741       463      1631      1635       464         1
       742      1631      1632      1636      1635         1
       743      1632      1633      1637      1636         1
       744      1633      1634      1638      1637         1
       745      1634       475       476      1638         1
       746       464      1635      3566      3409         1
       747      1635      1636      3565      3566         1
       748      1636      1637      3564      3565         1
       749      1637      1638      3563      3564         1
       750      1638       476      3410      3563         1
       751         6       481      1639       473         1
       752       481       482      1640      1639         1
       753       482       483      1641      1640         1
       754       483       484      1642      1641         1
       755       484         9       485      1642         1
       756       473      1639      1643       474         1
       757      1639      1640      1644      1643         1
       758      1640      1641      1645      1644         1
       759      1641      1642      1646      1645         1
       760      1642       485       486      1646         1
       761       474      1643      1647       475         1
       762      1643      1644      1648      1647         1
       763      1644      1645      1649      1648         1
       764      1645      1646      1650      1649         1
       765      1646       486       487      1650         1
       766       475      1647      1651       476         1
       767      1647      1648      1652      1651         1
       768      1648      1649      1653      1652         1
       769      1649      1650      1654      1653         1
       770      1650       487       488      1654         1
       771       476      1651      3570      3410         1
       772      1651      1652      3569      3570         1
       773      1652      1653      3568      3569         1
       774      1653      1654      3567      3568         1
       775      1654       488      3412      3567         1
       776         9       493      1655       485         1
       777       493       494      1656      1655         1
       778       494       495      1657      1656         1
       779       495       496      1658      1657         1
       780       496        11       497      1658         1
       781       485      1655      1659       486         1
       782      1655      1656      1660      1659         1
       783      1656      1657      1661      1660         1
       784      1657      1658      1662      1661         1
       785      1658       497       498      1662         1
       786       486      1659      1663       487         1
       787      1659      1660      1664      1663         1
       788      1660      1661      1665      1664         1
       789      1661      1662      1666      1665         1
       790      1662       498       499      1666         1
       791       487      1663      1667       488         1
       792      1663      1664      1668      1667         1
       793      1664      1665      1669      1668         1
       794      1665      1666      1670      1669         1
       795      1666       499       500      1670         1
       796       488      1667      3574      3412         1
       797      1667      1668      3573      3574         1
       798      1668      1669      3572      3573         1
       799      1669      1670      3571      3572         1
       800      1670       500      3414      3571         1
       801      3425      3575      1671       520         1
       802      3575      3576      1672      1671         1
       803      3576      3577      1673      1672         1
       804      3577      3578      1674      1673         1
       805      3578      3422       509      1674         1
       806       520      1671      1675       519         1
       807      1671      1672      1676      1675         1
       808      1672      1673      1677      1676         1
       809      1673      1674      1678      1677         1
       810      1674       509       510      1678         1
       811       519      1675      1679       518         1
       812      1675      1676      1680      1679         1
       813      1676      1677      1681      1680         1
       814      1677      1678      1682      1681         1
       815      1678       510       511      1682         1
       816       518      1679      1683       517         1
       817      1679      1680      1684      1683         1
       818      1680      1681      1685      1684         1
       819      1681      1682      1686      1685         1
       820      1682       511       512      1686         1
       821       517      1683       516       101         1
       822      1683      1684       515       516         1
       823      1684      1685       514       515         1
       824      1685      1686       513       514         1
       825      1686       512        99       513         1
       826      3422      3579      1687       509         1
       827      3579      3580      1688      1687         1
       828      3580      3581      1689      1688         1
       829      3581      3582      1690      1689         1
       830      3582      3420       525      1690         1
       831       509      1687      1691       510         1
       832      1687      1688      1692      1691         1
       833      1688      1689      1693      1692         1
       834      1689      1690      1694      1693         1
       835      1690       525       526      1694         1
       836       510      1691      1695       511         1
       837      1691      1692      1696      1695         1
       838      1692      1693      1697      1696         1
       839      1693      1694      1698      1697         1
       840      1694       526       527      1698         1
       841       511      1695      1699       512         1
       842      1695      1696      1700      1699         1
       843      1696      1697      1701      1700         1
       844      1697      1698      1702      1701         1
       845      1698       527       528      1702         1
       846       512      1699       532        99         1
       847      1699      1700       531       532         1
       848      1700      1701       530       531         1
       849      1701      1702       529       530         1
       850      1702       528        73       529         1
       851      3420      3583      1703       525         1
       852      3583      3584      1704      1703         1
       853      3584      3585      1705      1704         1
       854      3585      3586      1706      1705         1
       855      3586      3418       537      1706         1
       856       525      1703      1707       526         1
       857      1703      1704      1708      1707         1
       858      1704      1705      1709      1708         1
       859      1705      1706      1710      1709         1
       860      1706       537       538      1710         1
       861       526      1707      1711       527         1
       862      1707      1708      1712      1711         1
       863      1708      1709      1713      1712         1
       864      1709      1710      1714      1713         1
       865      1710       538       539      1714         1
       866       527      1711      1715       528         1
       867      1711      1712      1716      1715         1
       868      1712      1713      1717      1716         1
       869      1713      1714      1718      1717         1
       870      1714       539       540      1718         1
       871       528      1715       544        73         1
       872      1715      1716       543       544         1
       873      1716      1717       542       543         1
       874      1717      1718       541       542         1
       875      1718       540        50       541         1
       876      3418      3587      1719       537         1
       877      3587      3588      1720      1719         1
       878      3588      3589      1721      1720         1
       879      3589      3590      1722      1721         1
       880      3590      3416       549      1722         1
       881       537      1719      1723       538         1
       882      1719      1720      1724      1723         1
       883      1720      1721      1725      1724         1
       884      1721      1722      1726      1725         1
       885      1722       549       550      1726         1
       886       538      1723      1727       539         1
       887      1723      1724      1728      1727         1
       888      1724      1725      1729      1728         1
       889      1725      1726      1730      1729         1
       890      1726       550       551      1730         1
       891       539      1727      1731       540         1
       892      1727      1728      1732      1731         1
       893      1728      1729      1733      1732         1
       894      1729      1730      1734      1733         1
       895      1730       551       552      1734         1
       896       540      1731       556        50         1
       897      1731      1732       555       556         1
       898      1732      1733       554       555         1
       899      1733      1734       553       554         1
       900      1734       552        30       553         1
       901      3416      3591      1735       549         1
       902      3591      3592      1736      1735         1
       903      3592      3593      1737      1736         1
       904      3593      3594      1738      1737         1
       905      3594      3414       500      1738         1
       906       549      1735      1739       550         1
       907      1735      1736      1740      1739         1
       908      1736      1737      1741      1740         1
       909      1737      1738      1742      1741         1
       910      1738       500       499      1742         1
       911       550      1739      1743       551         1
       912      1739      1740      1744      1743         1
       913      1740      1741      1745      1744         1
       914      1741      1742      1746      1745         1
       915      1742       499       498      1746         1
       916       551      1743      1747       552         1
       917      1743      1744      1748      1747         1
       918      1744      1745      1749      1748         1
       919      1745      1746      1750      1749         1
       920      1746       498       497      1750         1
       921       552      1747       564        30         1
       922      1747      1748       563       564         1
       923      1748      1749       562       563         1
       924      1749      1750       561       562         1
       925      1750       497        11       561         1
       926       101       565      1751       517         1
       927       565       566      1752      1751         1
       928       566       567      1753      1752         1
       929       567       568      1754      1753         1
       930       568       103       569      1754         1
       931       517      1751      1755       518         1
       932      1751      1752      1756      1755         1
       933      1752      1753      1757      1756         1
       934      1753      1754      1758      1757         1
       935      1754       569       570      1758         1
       936       518      1755      1759       519         1
       937      1755      1756      1760      1759         1
       938      1756      1757      1761      1760         1
       939      1757      1758      1762      1761         1
       940      1758       570       571      1762         1
       941       519      1759      1763       520         1
       942      1759      1760      1764      1763         1
       943      1760      1761      1765      1764         1
       944      1761      1762      1766      1765         1
       945      1762       571       572      1766         1
       946       520      1763      3598      3425         1
       947      1763      1764      3597      3598         1
       948      1764      1765      3596      3597         1
       949      1765      1766      3595      3596         1
       950      1766       572      3427      3595         1
       951       103       577      1767       569         1
       952       577       578      1768      1767         1
       953       578       579      1769      1768         1
       954       579       580      1770      1769         1
       955       580       105       581      1770         1
       956       569      1767      1771       570         1
       957      1767      1768      1772      1771         1
       958      1768      1769      1773      1772         1
       959      1769      1770      1774      1773         1
       960      1770       581       582      1774         1
       961       570      1771      1775       571         1
       962      1771      1772      1776      1775         1
       963      1772      1773      1777      1776         1
       964      1773      1774      1778      1777         1
       965      1774       582       583      1778         1
       966       571      1775      1779       572         1
       967      1775      1776      1780      1779         1
       968      1776      1777      1781      1780         1
       969      1777      1778      1782      1781         1
       970      1778       583       584      1782         1
       971       572      1779      3602      3427         1
       972      1779      1780      3601      3602         1
       973      1780      1781      3600      3601         1
       974      1781      1782      3599      3600         1
       975      1782       584      3428      3599         1
       976       105       589      1783       581         1
       977       589       590      1784      1783         1
       978       590       591      1785      1784         1
       979       591       592      1786      1785         1
       980       592       106       593      1786         1
       981       581      1783      1787       582         1
       982      1783      1784      1788      1787         1
       983      1784      1785      1789      1788         1
       984      1785      1786      1790      1789         1
       985      1786       593       594      1790         1
       986       582      1787      1791       583         1
       987      1787      1788      1792      1791         1
       988      1788      1789      1793      1792         1
       989      1789      1790      1794      1793         1
       990      1790       594       595      1794         1
       991       583      1791      1795       584         1
       992      1791      1792      1796      1795         1
       993      1792      1793      1797      1796         1
       994      1793      1794      1798      1797         1
       995      1794       595       596      1798         1
       996       584      1795      3606      3428         1
       997      1795      1796      3605      3606         1
       998      1796      1797      3604      3605         1
       999      1797      1798      3603      3604         1
      1000      1798       596      3430      3603         1
      1001       106       601      1799       593         1
      1002       601       602      1800      1799         1
      1003       602       603      1801      1800         1
      1004       603       604      1802      1801         1
      1005       604       108       605      1802         1
      1006       593      1799      1803       594         1
      1007      1799      1800      1804      1803         1
      1008      1800      1801      1805      1804         1
      1009      1801      1802      1806      1805         1
      1010      1802       605       606      1806         1
      1011       594      1803      1807       595         1
      1012      1803      1804      1808      1807         1
      1013      1804      1805      1809      1808         1
      1014      1805      1806      1810      1809         1
      1015      1806       606       607      1810         1
      1016       595      1807      1811       596         1
      1017      1807      1808      1812      1811         1
      1018      1808      1809      1813      1812         1
      1019      1809      1810      1814      1813         1
      1020      1810       607       608      1814         1
      1021       596      1811      3610      3430         1
      1022      1811      1812      3609      3610         1
      1023      1812      1813      3608      3609         1
      1024      1813      1814      3607      3608         1
      1025      1814       608      3433      3607         1
      1026       108       613      1815       605         1
      1027       613       614      1816      1815         1
      1028       614       615      1817      1816         1
      1029       615       616      1818      1817         1
      1030       616       110       180      1818         1
      1031       605      1815      1819       606         1
      1032      1815      1816      1820      1819         1
      1033      1816      1817      1821      1820         1
      1034      1817      1818      1822      1821         1
      1035      1818       180       179      1822         1
      1036       606      1819      1823       607         1
      1037      1819      1820      1824      1823         1
      1038      1820      1821      1825      1824         1
      1039      1821      1822      1826      1825         1
      1040      1822       179       178      1826         1
      1041       607      1823      1827       608         1
      1042      1823      1824      1828      1827         1
      1043      1824      1825      1829      1828         1
      1044      1825      1826      1830      1829         1
      1045      1826       178       177      1830         1
      1046       608      1827      3614      3433         1
      1047      1827      1828      3613      3614         1
      1048      1828      1829      3612      3613         1
      1049      1829      1830      3611      3612         1
      1050      1830       177      3434      3611         1
      1051        25      1090      3136       427         2
      1052      1090      1091      3137      3136         2
      1053      1091      1092      3138      3137         2
      1054      1092      1093      3139      3138         2
      1055      1093      1094      3140      3139         2
      1056      1094      1095      3141      3140         2
      1057      1095      1096      3142      3141         2
      1058      1096      1097      3143      3142         2
      1059      1097      1098      3144      3143         2
      1060      1098        29      1099      3144         2
      1061       427      3136      3145       428         2
      1062      3136      3137      3146      3145         2
      1063      3137      3138      3147      3146         2
      1064      3138      3139      3148      3147         2
      1065      3139      3140      3149      3148         2
      1066      3140      3141      3150      3149         2
      1067      3141      3142      3151      3150         2
      1068      3142      3143      3152      3151         2
      1069      3143      3144      3153      3152         2
      1070      3144      1099      1100      3153         2
      1071       428      3145      3154       429         2
      1072      3145      3146      3155      3154         2
      1073      3146      3147      3156      3155         2
      1074      3147      3148      3157      3156         2
      1075      3148      3149      3158      3157         2
      1076      3149      3150      3159      3158         2
      1077      3150      3151      3160      3159         2
      1078      3151      3152      3161      3160         2
      1079      3152      3153      3162      3161         2
      1080      3153      1100      1101      3162         2
      1081       429      3154      3163       430         2
      1082      3154      3155      3164      3163         2
      1083      3155      3156      3165      3164         2
      1084      3156      3157      3166      3165         2
      1085      3157      3158      3167      3166         2
      1086      3158      3159      3168      3167         2
      1087      3159      3160      3169      3168         2
      1088      3160      3161      3170      3169         2
      1089      3161      3162      3171      3170         2
      1090      3162      1101      1102      3171         2
      1091       430      3163      3172       431         2
      1092      3163      3164      3173      3172         2
      1093      3164      3165      3174      3173         2
      1094      3165      3166      3175      3174         2
      1095      3166      3167      3176      3175         2
      1096      3167      3168      3177      3176         2
      1097      3168      3169      3178      3177         2
      1098      3169      3170      3179      3178         2
      1099      3170      3171      3180      3179         2
      1100      3171      1102      1103      3180         2
      1101       431      3172      3181       432         2
      1102      3172      3173      3182      3181         2
      1103      3173      3174      3183      3182         2
      1104      3174      3175      3184      3183         2
      1105      3175      3176      3185      3184         2
      1106      3176      3177      3186      3185         2
      1107      3177      3178      3187      3186         2
      1108      3178      3179      3188      3187         2
      1109      3179      3180      3189      3188         2
      1110      3180      1103      1104      3189         2
      1111       432      3181      3190       433         2
      1112      3181      3182      3191      3190         2
      1113      3182      3183      3192      3191         2
      1114      3183      3184      3193      3192         2
      1115      3184      3185      3194      3193         2
      1116      3185      3186      3195      3194         2
      1117      3186      3187      3196      3195         2
      1118      3187      3188      3197      3196         2
      1119      3188      3189      3198      3197         2
      1120      3189      1104      1105      3198         2
      1121       433      3190      3199       434         2
      1122      3190      3191      3200      3199         2
      1123      3191      3192      3201      3200         2
      1124      3192      3193      3202      3201         2
      1125      3193      3194      3203      3202         2
      1126      3194      3195      3204      3203         2
      1127      3195      3196      3205      3204         2
      1128      3196      3197      3206      3205         2
      1129      3197      3198      3207      3206         2
      1130      3198      1105      1106      3207         2
      1131       434      3199      3208       435         2
      1132      3199      3200      3209      3208         2
      1133      3200      3201      3210      3209         2
      1134      3201      3202      3211      3210         2
      1135      3202      3203      3212      3211         2
      1136      3203      3204      3213      3212         2
      1137      3204      3205      3214      3213         2
      1138      3205      3206      3215      3214         2
      1139      3206      3207      3216      3215         2
      1140      3207      1106      1107      3216         2
      1141       435      3208      1072        33         2
      1142      3208      3209      1073      1072         2
      1143      3209      3210      1074      1073         2
      1144      3210      3211      1075      1074         2
      1145      3211      3212      1076      1075         2
      1146      3212      3213      1077      1076         2
      1147      3213      3214      1078      1077         2
      1148      3214      3215      1079      1078         2
      1149      3215      3216      1080      1079         2
      1150      3216      1107        35      1080         2
      1151        18      1108      3217       415         2
      1152      1108      1109      3218      3217         2
      1153      1109      1110      3219      3218         2
      1154      1110      1111      3220      3219         2
      1155      1111      1112      3221      3220         2
      1156      1112      1113      3222      3221         2
      1157      1113      1114      3223      3222         2
      1158      1114      1115      3224      3223         2
      1159      1115      1116      3225      3224         2
      1160      1116        26      1117      3225         2
      1161       415      3217      3226       416         2
      1162      3217      3218      3227      3226         2
      1163      3218      3219      3228      3227         2
      1164      3219      3220      3229      3228         2
      1165      3220      3221      3230      3229         2
      1166      3221      3222      3231      3230         2
      1167      3222      3223      3232      3231         2
      1168      3223      3224      3233      3232         2
      1169      3224      3225      3234      3233         2
      1170      3225      1117      1118      3234         2
      1171       416      3226      3235       417         2
      1172      3226      3227      3236      3235         2
      1173      3227      3228      3237      3236         2
      1174      3228      3229      3238      3237         2
      1175      3229      3230      3239      3238         2
      1176      3230      3231      3240      3239         2
      1177      3231      3232      3241      3240         2
      1178      3232      3233      3242      3241         2
      1179      3233      3234      3243      3242         2
      1180      3234      1118      1119      3243         2
      1181       417      3235      3244       418         2
      1182      3235      3236      3245      3244         2
      1183      3236      3237      3246      3245         2
      1184      3237      3238      3247      3246         2
      1185      3238      3239      3248      3247         2
      1186      3239      3240      3249      3248         2
      1187      3240      3241      3250      3249         2
      1188      3241      3242      3251      3250         2
      1189      3242      3243      3252      3251         2
      1190      3243      1119      1120      3252         2
      1191       418      3244      1090        25         2
      1192      3244      3245      1091      1090         2
      1193      3245      3246      1092      1091         2
      1194      3246      3247      1093      1092         2
      1195      3247      3248      1094      1093         2
      1196      3248      3249      1095      1094         2
      1197      3249      3250      1096      1095         2
      1198      3250      3251      1097      1096         2
      1199      3251      3252      1098      1097         2
      1200      3252      1120        29      1098         2
      1201        15      1121      3253       403         2
      1202      1121      1122      3254      3253         2
      1203      1122      1123      3255      3254         2
      1204      1123      1124      3256      3255         2
      1205      1124      1125      3257      3256         2
      1206      1125      1126      3258      3257         2
      1207      1126      1127      3259      3258         2
      1208      1127      1128      3260      3259         2
      1209      1128      1129      3261      3260         2
      1210      1129        22      1130      3261         2
      1211       403      3253      3262       404         2
      1212      3253      3254      3263      3262         2
      1213      3254      3255      3264      3263         2
      1214      3255      3256      3265      3264         2
      1215      3256      3257      3266      3265         2
      1216      3257      3258      3267      3266         2
      1217      3258      3259      3268      3267         2
      1218      3259      3260      3269      3268         2
      1219      3260      3261      3270      3269         2
      1220      3261      1130      1131      3270         2
      1221       404      3262      3271       405         2
      1222      3262      3263      3272      3271         2
      1223      3263      3264      3273      3272         2
      1224      3264      3265      3274      3273         2
      1225      3265      3266      3275      3274         2
      1226      3266      3267      3276      3275         2
      1227      3267      3268      3277      3276         2
      1228      3268      3269      3278      3277         2
      1229      3269      3270      3279      3278         2
      1230      3270      1131      1132      3279         2
      1231       405      3271      3280       406         2
      1232      3271      3272      3281      3280         2
      1233      3272      3273      3282      3281         2
      1234      3273      3274      3283      3282         2
      1235      3274      3275      3284      3283         2
      1236      3275      3276      3285      3284         2
      1237      3276      3277      3286      3285         2
      1238      3277      3278      3287      3286         2
      1239      3278      3279      3288      3287         2
      1240      3279      1132      1133      3288         2
      1241       406      3280      1108        18         2
      1242      3280      3281      1109      1108         2
      1243      3281      3282      1110      1109         2
      1244      3282      3283      1111      1110         2
      1245      3283      3284      1112      1111         2
      1246      3284      3285      1113      1112         2
      1247      3285      3286      1114      1113         2
      1248      3286      3287      1115      1114         2
      1249      3287      3288      1116      1115         2
      1250      3288      1133        26      1116         2
      1251        13      1134      3289       391         2
      1252      1134      1135      3290      3289         2
      1253      1135      1136      3291      3290         2
      1254      1136      1137      3292      3291         2
      1255      1137      1138      3293      3292         2
      1256      1138      1139      3294      3293         2
      1257      1139      1140      3295      3294         2
      1258      1140      1141      3296      3295         2
      1259      1141      1142      3297      3296         2
      1260      1142        21      1143      3297         2
      1261       391      3289      3298       392         2
      1262      3289      3290      3299      3298         2
      1263      3290      3291      3300      3299         2
      1264      3291      3292      3301      3300         2
      1265      3292      3293      3302      3301         2
      1266      3293      3294      3303      3302         2
      1267      3294      3295      3304      3303         2
      1268      3295      3296      3305      3304         2
      1269      3296      3297      3306      3305         2
      1270      3297      1143      1144      3306         2
      1271       392      3298      3307       393         2
      1272      3298      3299      3308      3307         2
      1273      3299      3300      3309      3308         2
      1274      3300      3301      3310      3309         2
      1275      3301      3302      3311      3310         2
      1276      3302      3303      3312      3311         2
      1277      3303      3304      3313      3312         2
      1278      3304      3305      3314      3313         2
      1279      3305      3306      3315      3314         2
      1280      3306      1144      1145      3315         2
      1281       393      3307      3316       394         2
      1282      3307      3308      3317      3316         2
      1283      3308      3309      3318      3317         2
      1284      3309      3310      3319      3318         2
      1285      3310      3311      3320      3319         2
      1286      3311      3312      3321      3320         2
      1287      3312      3313      3322      3321         2
      1288      3313      3314      3323      3322         2
      1289      3314      3315      3324      3323         2
      1290      3315      1145      1146      3324         2
      1291       394      3316      1121        15         2
      1292      3316      3317      1122      1121         2
      1293      3317      3318      1123      1122         2
      1294      3318      3319      1124      1123         2
      1295      3319      3320      1125      1124         2
      1296      3320      3321      1126      1125         2
      1297      3321      3322      1127      1126         2
      1298      3322      3323      1128      1127         2
      1299      3323      3324      1129      1128         2
      1300      3324      1146        22      1129         2
      1301        12       716      3325       375         2
      1302       716       715      3326      3325         2
      1303       715       714      3327      3326         2
      1304       714       713      3328      3327         2
      1305       713       712      3329      3328         2
      1306       712       711      3330      3329         2
      1307       711       710      3331      3330         2
      1308       710       709      3332      3331         2
      1309       709       708      3333      3332         2
      1310       708        19      1147      3333         2
      1311       375      3325      3334       376         2
      1312      3325      3326      3335      3334         2
      1313      3326      3327      3336      3335         2
      1314      3327      3328      3337      3336         2
      1315      3328      3329      3338      3337         2
      1316      3329      3330      3339      3338         2
      1317      3330      3331      3340      3339         2
      1318      3331      3332      3341      3340         2
      1319      3332      3333      3342      3341         2
      1320      3333      1147      1148      3342         2
      1321       376      3334      3343       377         2
      1322      3334      3335      3344      3343         2
      1323      3335      3336      3345      3344         2
      1324      3336      3337      3346      3345         2
      1325      3337      3338      3347      3346         2
      1326      3338      3339      3348      3347         2
      1327      3339      3340      3349      3348         2
      1328      3340      3341      3350      3349         2
      1329      3341      3342      3351      3350         2
      1330      3342      1148      1149      3351         2
      1331       377      3343      3352       378         2
      1332      3343      3344      3353      3352         2
      1333      3344      3345      3354      3353         2
      1334      3345      3346      3355      3354         2
      1335      3346      3347      3356      3355         2
      1336      3347      3348      3357      3356         2
      1337      3348      3349      3358      3357         2
      1338      3349      3350      3359      3358         2
      1339      3350      3351      3360      3359         2
      1340      3351      1149      1150      3360         2
      1341       378      3352      1134        13         2
      1342      3352      3353      1135      1134         2
      1343      3353      3354      1136      1135         2
      1344      3354      3355      1137      1136         2
      1345      3355      3356      1138      1137         2
      1346      3356      3357      1139      1138         2
      1347      3357      3358      1140      1139         2
      1348      3358      3359      1141      1140         2
      1349      3359      3360      1142      1141         2
      1350      3360      1150        21      1142         2
      1351        53      1020      2911       313         3
      1352      1020      1021      2912      2911         3
      1353      1021      1022      2913      2912         3
      1354      1022      1023      2914      2913         3
      1355      1023      1024      2915      2914         3
      1356      1024      1025      2916      2915         3
      1357      1025      1026      2917      2916         3
      1358      1026      1027      2918      2917         3
      1359      1027      1028      2919      2918         3
      1360      1028        49      1029      2919         3
      1361       313      2911      2920       314         3
      1362      2911      2912      2921      2920         3
      1363      2912      2913      2922      2921         3
      1364      2913      2914      2923      2922         3
      1365      2914      2915      2924      2923         3
      1366      2915      2916      2925      2924         3
      1367      2916      2917      2926      2925         3
      1368      2917      2918      2927      2926         3
      1369      2918      2919      2928      2927         3
      1370      2919      1029      1030      2928         3
      1371       314      2920      2929       315         3
      1372      2920      2921      2930      2929         3
      1373      2921      2922      2931      2930         3
      1374      2922      2923      2932      2931         3
      1375      2923      2924      2933      2932         3
      1376      2924      2925      2934      2933         3
      1377      2925      2926      2935      2934         3
      1378      2926      2927      2936      2935         3
      1379      2927      2928      2937      2936         3
      1380      2928      1030      1031      2937         3
      1381       315      2929      2938       316         3
      1382      2929      2930      2939      2938         3
      1383      2930      2931      2940      2939         3
      1384      2931      2932      2941      2940         3
      1385      2932      2933      2942      2941         3
      1386      2933      2934      2943      2942         3
      1387      2934      2935      2944      2943         3
      1388      2935      2936      2945      2944         3
      1389      2936      2937      2946      2945         3
      1390      2937      1031      1032      2946         3
      1391       316      2938      1007        56         3
      1392      2938      2939      1008      1007         3
      1393      2939      2940      1009      1008         3
      1394      2940      2941      1010      1009         3
      1395      2941      2942      1011      1010         3
      1396      2942      2943      1012      1011         3
      1397      2943      2944      1013      1012         3
      1398      2944      2945      1014      1013         3
      1399      2945      2946      1015      1014         3
      1400      2946      1032        54      1015         3
      1401        45      1033      2947       325         3
      1402      1033      1034      2948      2947         3
      1403      1034      1035      2949      2948         3
      1404      1035      1036      2950      2949         3
      1405      1036      1037      2951      2950         3
      1406      1037      1038      2952      2951         3
      1407      1038      1039      2953      2952         3
      1408      1039      1040      2954      2953         3
      1409      1040      1041      2955      2954         3
      1410      1041        47      1042      2955         3
      1411       325      2947      2956       326         3
      1412      2947      2948      2957      2956         3
      1413      2948      2949      2958      2957         3
      1414      2949      2950      2959      2958         3
      1415      2950      2951      2960      2959         3
      1416      2951      2952      2961      2960         3
      1417      2952      2953      2962      2961         3
      1418      2953      2954      2963      2962         3
      1419      2954      2955      2964      2963         3
      1420      2955      1042      1043      2964         3
      1421       326      2956      2965       327         3
      1422      2956      2957      2966      2965         3
      1423      2957      2958      2967      2966         3
      1424      2958      2959      2968      2967         3
      1425      2959      2960      2969      2968         3
      1426      2960      2961      2970      2969         3
      1427      2961      2962      2971      2970         3
      1428      2962      2963      2972      2971         3
      1429      2963      2964      2973      2972         3
      1430      2964      1043      1044      2973         3
      1431       327      2965      2974       328         3
      1432      2965      2966      2975      2974         3
      1433      2966      2967      2976      2975         3
      1434      2967      2968      2977      2976         3
      1435      2968      2969      2978      2977         3
      1436      2969      2970      2979      2978         3
      1437      2970      2971      2980      2979         3
      1438      2971      2972      2981      2980         3
      1439      2972      2973      2982      2981         3
      1440      2973      1044      1045      2982         3
      1441       328      2974      1020        53         3
      1442      2974      2975      1021      1020         3
      1443      2975      2976      1022      1021         3
      1444      2976      2977      1023      1022         3
      1445      2977      2978      1024      1023         3
      1446      2978      2979      1025      1024         3
      1447      2979      2980      1026      1025         3
      1448      2980      2981      1027      1026         3
      1449      2981      2982      1028      1027         3
      1450      2982      1045        49      1028         3
      1451        41      1046      2983       337         3
      1452      1046      1047      2984      2983         3
      1453      1047      1048      2985      2984         3
      1454      1048      1049      2986      2985         3
      1455      1049      1050      2987      2986         3
      1456      1050      1051      2988      2987         3
      1457      1051      1052      2989      2988         3
      1458      1052      1053      2990      2989         3
      1459      1053      1054      2991      2990         3
      1460      1054        43      1055      2991         3
      1461       337      2983      2992       338         3
      1462      2983      2984      2993      2992         3
      1463      2984      2985      2994      2993         3
      1464      2985      2986      2995      2994         3
      1465      2986      2987      2996      2995         3
      1466      2987      2988      2997      2996         3
      1467      2988      2989      2998      2997         3
      1468      2989      2990      2999      2998         3
      1469      2990      2991      3000      2999         3
      1470      2991      1055      1056      3000         3
      1471       338      2992      3001       339         3
      1472      2992      2993      3002      3001         3
      1473      2993      2994      3003      3002         3
      1474      2994      2995      3004      3003         3
      1475      2995      2996      3005      3004         3
      1476      2996      2997      3006      3005         3
      1477      2997      2998      3007      3006         3
      1478      2998      2999      3008      3007         3
      1479      2999      3000      3009      3008         3
      1480      3000      1056      1057      3009         3
      1481       339      3001      3010       340         3
      1482      3001      3002      3011      3010         3
      1483      3002      3003      3012      3011         3
      1484      3003      3004      3013      3012         3
      1485      3004      3005      3014      3013         3
      1486      3005      3006      3015      3014         3
      1487      3006      3007      3016      3015         3
      1488      3007      3008      3017      3016         3
      1489      3008      3009      3018      3017         3
      1490      3009      1057      1058      3018         3
      1491       340      3010      1033        45         3
      1492      3010      3011      1034      1033         3
      1493      3011      3012      1035      1034         3
      1494      3012      3013      1036      1035         3
      1495      3013      3014      1037      1036         3
      1496      3014      3015      1038      1037         3
      1497      3015      3016      1039      1038         3
      1498      3016      3017      1040      1039         3
      1499      3017      3018      1041      1040         3
      1500      3018      1058        47      1041         3
      1501        37      1059      3019       349         3
      1502      1059      1060      3020      3019         3
      1503      1060      1061      3021      3020         3
      1504      1061      1062      3022      3021         3
      1505      1062      1063      3023      3022         3
      1506      1063      1064      3024      3023         3
      1507      1064      1065      3025      3024         3
      1508      1065      1066      3026      3025         3
      1509      1066      1067      3027      3026         3
      1510      1067        39      1068      3027         3
      1511       349      3019      3028       350         3
      1512      3019      3020      3029      3028         3
      1513      3020      3021      3030      3029         3
      1514      3021      3022      3031      3030         3
      1515      3022      3023      3032      3031         3
      1516      3023      3024      3033      3032         3
      1517      3024      3025      3034      3033         3
      1518      3025      3026      3035      3034         3
      1519      3026      3027      3036      3035         3
      1520      3027      1068      1069      3036         3
      1521       350      3028      3037       351         3
      1522      3028      3029      3038      3037         3
      1523      3029      3030      3039      3038         3
      1524      3030      3031      3040      3039         3
      1525      3031      3032      3041      3040         3
      1526      3032      3033      3042      3041         3
      1527      3033      3034      3043      3042         3
      1528      3034      3035      3044      3043         3
      1529      3035      3036      3045      3044         3
      1530      3036      1069      1070      3045         3
      1531       351      3037      3046       352         3
      1532      3037      3038      3047      3046         3
      1533      3038      3039      3048      3047         3
      1534      3039      3040      3049      3048         3
      1535      3040      3041      3050      3049         3
      1536      3041      3042      3051      3050         3
      1537      3042      3043      3052      3051         3
      1538      3043      3044      3053      3052         3
      1539      3044      3045      3054      3053         3
      1540      3045      1070      1071      3054         3
      1541       352      3046      1046        41         3
      1542      3046      3047      1047      1046         3
      1543      3047      3048      1048      1047         3
      1544      3048      3049      1049      1048         3
      1545      3049      3050      1050      1049         3
      1546      3050      3051      1051      1050         3
      1547      3051      3052      1052      1051         3
      1548      3052      3053      1053      1052         3
      1549      3053      3054      1054      1053         3
      1550      3054      1071        43      1054         3
      1551        33      1072      3055       366         3
      1552      1072      1073      3056      3055         3
      1553      1073      1074      3057      3056         3
      1554      1074      1075      3058      3057         3
      1555      1075      1076      3059      3058         3
      1556      1076      1077      3060      3059         3
      1557      1077      1078      3061      3060         3
      1558      1078      1079      3062      3061         3
      1559      1079      1080      3063      3062         3
      1560      1080        35      1081      3063         3
      1561       366      3055      3064       367         3
      1562      3055      3056      3065      3064         3
      1563      3056      3057      3066      3065         3
      1564      3057      3058      3067      3066         3
      1565      3058      3059      3068      3067         3
      1566      3059      3060      3069      3068         3
      1567      3060      3061      3070      3069         3
      1568      3061      3062      3071      3070         3
      1569      3062      3063      3072      3071         3
      1570      3063      1081      1082      3072         3
      1571       367      3064      3073       368         3
      1572      3064      3065      3074      3073         3
      1573      3065      3066      3075      3074         3
      1574      3066      3067      3076      3075         3
      1575      3067      3068      3077      3076         3
      1576      3068      3069      3078      3077         3
      1577      3069      3070      3079      3078         3
      1578      3070      3071      3080      3079         3
      1579      3071      3072      3081      3080         3
      1580      3072      1082      1083      3081         3
      1581       368      3073      3082       369         3
      1582      3073      3074      3083      3082         3
      1583      3074      3075      3084      3083         3
      1584      3075      3076      3085      3084         3
      1585      3076      3077      3086      3085         3
      1586      3077      3078      3087      3086         3
      1587      3078      3079      3088      3087         3
      1588      3079      3080      3089      3088         3
      1589      3080      3081      3090      3089         3
      1590      3081      1083      1084      3090         3
      1591       369      3082      3091       370         3
      1592      3082      3083      3092      3091         3
      1593      3083      3084      3093      3092         3
      1594      3084      3085      3094      3093         3
      1595      3085      3086      3095      3094         3
      1596      3086      3087      3096      3095         3
      1597      3087      3088      3097      3096         3
      1598      3088      3089      3098      3097         3
      1599      3089      3090      3099      3098         3
      1600      3090      1084      1085      3099         3
      1601       370      3091      3100       371         3
      1602      3091      3092      3101      3100         3
      1603      3092      3093      3102      3101         3
      1604      3093      3094      3103      3102         3
      1605      3094      3095      3104      3103         3
      1606      3095      3096      3105      3104         3
      1607      3096      3097      3106      3105         3
      1608      3097      3098      3107      3106         3
      1609      3098      3099      3108      3107         3
      1610      3099      1085      1086      3108         3
      1611       371      3100      3109       372         3
      1612      3100      3101      3110      3109         3
      1613      3101      3102      3111      3110         3
      1614      3102      3103      3112      3111         3
      1615      3103      3104      3113      3112         3
      1616      3104      3105      3114      3113         3
      1617      3105      3106      3115      3114         3
      1618      3106      3107      3116      3115         3
      1619      3107      3108      3117      3116         3
      1620      3108      1086      1087      3117         3
      1621       372      3109      3118       373         3
      1622      3109      3110      3119      3118         3
      1623      3110      3111      3120      3119         3
      1624      3111      3112      3121      3120         3
      1625      3112      3113      3122      3121         3
      1626      3113      3114      3123      3122         3
      1627      3114      3115      3124      3123         3
      1628      3115      3116      3125      3124         3
      1629      3116      3117      3126      3125         3
      1630      3117      1087      1088      3126         3
      1631       373      3118      3127       374         3
      1632      3118      3119      3128      3127         3
      1633      3119      3120      3129      3128         3
      1634      3120      3121      3130      3129         3
      1635      3121      3122      3131      3130         3
      1636      3122      3123      3132      3131         3
      1637      3123      3124      3133      3132         3
      1638      3124      3125      3134      3133         3
      1639      3125      3126      3135      3134         3
      1640      3126      1088      1089      3135         3
      1641       374      3127      1059        37         3
      1642      3127      3128      1060      1059         3
      1643      3128      3129      1061      1060         3
      1644      3129      3130      1062      1061         3
      1645      3130      3131      1063      1062         3
      1646      3131      3132      1064      1063         3
      1647      3132      3133      1065      1064         3
      1648      3133      3134      1066      1065         3
      1649      3134      3135      1067      1066         3
      1650      3135      1089        39      1067         3
      1651        76       955      2731       297         4
      1652       955       956      2732      2731         4
      1653       956       957      2733      2732         4
      1654       957       958      2734      2733         4
      1655       958       959      2735      2734         4
      1656       959       960      2736      2735         4
      1657       960       961      2737      2736         4
      1658       961       962      2738      2737         4
      1659       962       963      2739      2738         4
      1660       963        71       964      2739         4
      1661       297      2731      2740       298         4
      1662      2731      2732      2741      2740         4
      1663      2732      2733      2742      2741         4
      1664      2733      2734      2743      2742         4
      1665      2734      2735      2744      2743         4
      1666      2735      2736      2745      2744         4
      1667      2736      2737      2746      2745         4
      1668      2737      2738      2747      2746         4
      1669      2738      2739      2748      2747         4
      1670      2739       964       965      2748         4
      1671       298      2740      2749       299         4
      1672      2740      2741      2750      2749         4
      1673      2741      2742      2751      2750         4
      1674      2742      2743      2752      2751         4
      1675      2743      2744      2753      2752         4
      1676      2744      2745      2754      2753         4
      1677      2745      2746      2755      2754         4
      1678      2746      2747      2756      2755         4
      1679      2747      2748      2757      2756         4
      1680      2748       965       966      2757         4
      1681       299      2749      2758       300         4
      1682      2749      2750      2759      2758         4
      1683      2750      2751      2760      2759         4
      1684      2751      2752      2761      2760         4
      1685      2752      2753      2762      2761         4
      1686      2753      2754      2763      2762         4
      1687      2754      2755      2764      2763         4
      1688      2755      2756      2765      2764         4
      1689      2756      2757      2766      2765         4
      1690      2757       966       967      2766         4
      1691       300      2758       942        81         4
      1692      2758      2759       943       942         4
      1693      2759      2760       944       943         4
      1694      2760      2761       945       944         4
      1695      2761      2762       946       945         4
      1696      2762      2763       947       946         4
      1697      2763      2764       948       947         4
      1698      2764      2765       949       948         4
      1699      2765      2766       950       949         4
      1700      2766       967        74       950         4
      1701        69       968      2767       285         4
      1702       968       969      2768      2767         4
      1703       969       970      2769      2768         4
      1704       970       971      2770      2769         4
      1705       971       972      2771      2770         4
      1706       972       973      2772      2771         4
      1707       973       974      2773      2772         4
      1708       974       975      2774      2773         4
      1709       975       976      2775      2774         4
      1710       976        67       977      2775         4
      1711       285      2767      2776       286         4
      1712      2767      2768      2777      2776         4
      1713      2768      2769      2778      2777         4
      1714      2769      2770      2779      2778         4
      1715      2770      2771      2780      2779         4
      1716      2771      2772      2781      2780         4
      1717      2772      2773      2782      2781         4
      1718      2773      2774      2783      2782         4
      1719      2774      2775      2784      2783         4
      1720      2775       977       978      2784         4
      1721       286      2776      2785       287         4
      1722      2776      2777      2786      2785         4
      1723      2777      2778      2787      2786         4
      1724      2778      2779      2788      2787         4
      1725      2779      2780      2789      2788         4
      1726      2780      2781      2790      2789         4
      1727      2781      2782      2791      2790         4
      1728      2782      2783      2792      2791         4
      1729      2783      2784      2793      2792         4
      1730      2784       978       979      2793         4
      1731       287      2785      2794       288         4
      1732      2785      2786      2795      2794         4
      1733      2786      2787      2796      2795         4
      1734      2787      2788      2797      2796         4
      1735      2788      2789      2798      2797         4
      1736      2789      2790      2799      2798         4
      1737      2790      2791      2800      2799         4
      1738      2791      2792      2801      2800         4
      1739      2792      2793      2802      2801         4
      1740      2793       979       980      2802         4
      1741       288      2794       955        76         4
      1742      2794      2795       956       955         4
      1743      2795      2796       957       956         4
      1744      2796      2797       958       957         4
      1745      2797      2798       959       958         4
      1746      2798      2799       960       959         4
      1747      2799      2800       961       960         4
      1748      2800      2801       962       961         4
      1749      2801      2802       963       962         4
      1750      2802       980        71       963         4
      1751        65       981      2803       273         4
      1752       981       982      2804      2803         4
      1753       982       983      2805      2804         4
      1754       983       984      2806      2805         4
      1755       984       985      2807      2806         4
      1756       985       986      2808      2807         4
      1757       986       987      2809      2808         4
      1758       987       988      2810      2809         4
      1759       988       989      2811      2810         4
      1760       989        63       990      2811         4
      1761       273      2803      2812       274         4
      1762      2803      2804      2813      2812         4
      1763      2804      2805      2814      2813         4
      1764      2805      2806      2815      2814         4
      1765      2806      2807      2816      2815         4
      1766      2807      2808      2817      2816         4
      1767      2808      2809      2818      2817         4
      1768      2809      2810      2819      2818         4
      1769      2810      2811      2820      2819         4
      1770      2811       990       991      2820         4
      1771       274      2812      2821       275         4
      1772      2812      2813      2822      2821         4
      1773      2813      2814      2823      2822         4
      1774      2814      2815      2824      2823         4
      1775      2815      2816      2825      2824         4
      1776      2816      2817      2826      2825         4
      1777      2817      2818      2827      2826         4
      1778      2818      2819      2828      2827         4
      1779      2819      2820      2829      2828         4
      1780      2820       991       992      2829         4
      1781       275      2821      2830       276         4
      1782      2821      2822      2831      2830         4
      1783      2822      2823      2832      2831         4
      1784      2823      2824      2833      2832         4
      1785      2824      2825      2834      2833         4
      1786      2825      2826      2835      2834         4
      1787      2826      2827      2836      2835         4
      1788      2827      2828      2837      2836         4
      1789      2828      2829      2838      2837         4
      1790      2829       992       993      2838         4
      1791       276      2830       968        69         4
      1792      2830      2831       969       968         4
      1793      2831      2832       970       969         4
      1794      2832      2833       971       970         4
      1795      2833      2834       972       971         4
      1796      2834      2835       973       972         4
      1797      2835      2836       974       973         4
      1798      2836      2837       975       974         4
      1799      2837      2838       976       975         4
      1800      2838       993        67       976         4
      1801        60       994      2839       261         4
      1802       994       995      2840      2839         4
      1803       995       996      2841      2840         4
      1804       996       997      2842      2841         4
      1805       997       998      2843      2842         4
      1806       998       999      2844      2843         4
      1807       999      1000      2845      2844         4
      1808      1000      1001      2846      2845         4
      1809      1001      1002      2847      2846         4
      1810      1002        58      1003      2847         4
      1811       261      2839      2848       262         4
      1812      2839      2840      2849      2848         4
      1813      2840      2841      2850      2849         4
      1814      2841      2842      2851      2850         4
      1815      2842      2843      2852      2851         4
      1816      2843      2844      2853      2852         4
      1817      2844      2845      2854      2853         4
      1818      2845      2846      2855      2854         4
      1819      2846      2847      2856      2855         4
      1820      2847      1003      1004      2856         4
      1821       262      2848      2857       263         4
      1822      2848      2849      2858      2857         4
      1823      2849      2850      2859      2858         4
      1824      2850      2851      2860      2859         4
      1825      2851      2852      2861      2860         4
      1826      2852      2853      2862      2861         4
      1827      2853      2854      2863      2862         4
      1828      2854      2855      2864      2863         4
      1829      2855      2856      2865      2864         4
      1830      2856      1004      1005      2865         4
      1831       263      2857      2866       264         4
      1832      2857      2858      2867      2866         4
      1833      2858      2859      2868      2867         4
      1834      2859      2860      2869      2868         4
      1835      2860      2861      2870      2869         4
      1836      2861      2862      2871      2870         4
      1837      2862      2863      2872      2871         4
      1838      2863      2864      2873      2872         4
      1839      2864      2865      2874      2873         4
      1840      2865      1005      1006      2874         4
      1841       264      2866       981        65         4
      1842      2866      2867       982       981         4
      1843      2867      2868       983       982         4
      1844      2868      2869       984       983         4
      1845      2869      2870       985       984         4
      1846      2870      2871       986       985         4
      1847      2871      2872       987       986         4
      1848      2872      2873       988       987         4
      1849      2873      2874       989       988         4
      1850      2874      1006        63       989         4
      1851        56      1007      2875       245         4
      1852      1007      1008      2876      2875         4
      1853      1008      1009      2877      2876         4
      1854      1009      1010      2878      2877         4
      1855      1010      1011      2879      2878         4
      1856      1011      1012      2880      2879         4
      1857      1012      1013      2881      2880         4
      1858      1013      1014      2882      2881         4
      1859      1014      1015      2883      2882         4
      1860      1015        54      1016      2883         4
      1861       245      2875      2884       246         4
      1862      2875      2876      2885      2884         4
      1863      2876      2877      2886      2885         4
      1864      2877      2878      2887      2886         4
      1865      2878      2879      2888      2887         4
      1866      2879      2880      2889      2888         4
      1867      2880      2881      2890      2889         4
      1868      2881      2882      2891      2890         4
      1869      2882      2883      2892      2891         4
      1870      2883      1016      1017      2892         4
      1871       246      2884      2893       247         4
      1872      2884      2885      2894      2893         4
      1873      2885      2886      2895      2894         4
      1874      2886      2887      2896      2895         4
      1875      2887      2888      2897      2896         4
      1876      2888      2889      2898      2897         4
      1877      2889      2890      2899      2898         4
      1878      2890      2891      2900      2899         4
      1879      2891      2892      2901      2900         4
      1880      2892      1017      1018      2901         4
      1881       247      2893      2902       248         4
      1882      2893      2894      2903      2902         4
      1883      2894      2895      2904      2903         4
      1884      2895      2896      2905      2904         4
      1885      2896      2897      2906      2905         4
      1886      2897      2898      2907      2906         4
      1887      2898      2899      2908      2907         4
      1888      2899      2900      2909      2908         4
      1889      2900      2901      2910      2909         4
      1890      2901      1018      1019      2910         4
      1891       248      2902       994        60         4
      1892      2902      2903       995       994         4
      1893      2903      2904       996       995         4
      1894      2904      2905       997       996         4
      1895      2905      2906       998       997         4
      1896      2906      2907       999       998         4
      1897      2907      2908      1000       999         4
      1898      2908      2909      1001      1000         4
      1899      2909      2910      1002      1001         4
      1900      2910      1019        58      1002         4
      1901        96       890      2551       193         5
      1902       890       891      2552      2551         5
      1903       891       892      2553      2552         5
      1904       892       893      2554      2553         5
      1905       893       894      2555      2554         5
      1906       894       895      2556      2555         5
      1907       895       896      2557      2556         5
      1908       896       897      2558      2557         5
      1909       897       898      2559      2558         5
      1910       898        86       899      2559         5
      1911       193      2551      2560       194         5
      1912      2551      2552      2561      2560         5
      1913      2552      2553      2562      2561         5
      1914      2553      2554      2563      2562         5
      1915      2554      2555      2564      2563         5
      1916      2555      2556      2565      2564         5
      1917      2556      2557      2566      2565         5
      1918      2557      2558      2567      2566         5
      1919      2558      2559      2568      2567         5
      1920      2559       899       900      2568         5
      1921       194      2560      2569       195         5
      1922      2560      2561      2570      2569         5
      1923      2561      2562      2571      2570         5
      1924      2562      2563      2572      2571         5
      1925      2563      2564      2573      2572         5
      1926      2564      2565      2574      2573         5
      1927      2565      2566      2575      2574         5
      1928      2566      2567      2576      2575         5
      1929      2567      2568      2577      2576         5
      1930      2568       900       901      2577         5
      1931       195      2569      2578       196         5
      1932      2569      2570      2579      2578         5
      1933      2570      2571      2580      2579         5
      1934      2571      2572      2581      2580         5
      1935      2572      2573      2582      2581         5
      1936      2573      2574      2583      2582         5
      1937      2574      2575      2584      2583         5
      1938      2575      2576      2585      2584         5
      1939      2576      2577      2586      2585         5
      1940      2577       901       902      2586         5
      1941       196      2578       877        97         5
      1942      2578      2579       878       877         5
      1943      2579      2580       879       878         5
      1944      2580      2581       880       879         5
      1945      2581      2582       881       880         5
      1946      2582      2583       882       881         5
      1947      2583      2584       883       882         5
      1948      2584      2585       884       883         5
      1949      2585      2586       885       884         5
      1950      2586       902        88       885         5
      1951        93       903      2587       205         5
      1952       903       904      2588      2587         5
      1953       904       905      2589      2588         5
      1954       905       906      2590      2589         5
      1955       906       907      2591      2590         5
      1956       907       908      2592      2591         5
      1957       908       909      2593      2592         5
      1958       909       910      2594      2593         5
      1959       910       911      2595      2594         5
      1960       911        85       912      2595         5
      1961       205      2587      2596       206         5
      1962      2587      2588      2597      2596         5
      1963      2588      2589      2598      2597         5
      1964      2589      2590      2599      2598         5
      1965      2590      2591      2600      2599         5
      1966      2591      2592      2601      2600         5
      1967      2592      2593      2602      2601         5
      1968      2593      2594      2603      2602         5
      1969      2594      2595      2604      2603         5
      1970      2595       912       913      2604         5
      1971       206      2596      2605       207         5
      1972      2596      2597      2606      2605         5
      1973      2597      2598      2607      2606         5
      1974      2598      2599      2608      2607         5
      1975      2599      2600      2609      2608         5
      1976      2600      2601      2610      2609         5
      1977      2601      2602      2611      2610         5
      1978      2602      2603      2612      2611         5
      1979      2603      2604      2613      2612         5
      1980      2604       913       914      2613         5
      1981       207      2605      2614       208         5
      1982      2605      2606      2615      2614         5
      1983      2606      2607      2616      2615         5
      1984      2607      2608      2617      2616         5
      1985      2608      2609      2618      2617         5
      1986      2609      2610      2619      2618         5
      1987      2610      2611      2620      2619         5
      1988      2611      2612      2621      2620         5
      1989      2612      2613      2622      2621         5
      1990      2613       914       915      2622         5
      1991       208      2614       890        96         5
      1992      2614      2615       891       890         5
      1993      2615      2616       892       891         5
      1994      2616      2617       893       892         5
      1995      2617      2618       894       893         5
      1996      2618      2619       895       894         5
      1997      2619      2620       896       895         5
      1998      2620      2621       897       896         5
      1999      2621      2622       898       897         5
      2000      2622       915        86       898         5
      2001        91       916      2623       217         5
      2002       916       917      2624      2623         5
      2003       917       918      2625      2624         5
      2004       918       919      2626      2625         5
      2005       919       920      2627      2626         5
      2006       920       921      2628      2627         5
      2007       921       922      2629      2628         5
      2008       922       923      2630      2629         5
      2009       923       924      2631      2630         5
      2010       924        82       925      2631         5
      2011       217      2623      2632       218         5
      2012      2623      2624      2633      2632         5
      2013      2624      2625      2634      2633         5
      2014      2625      2626      2635      2634         5
      2015      2626      2627      2636      2635         5
      2016      2627      2628      2637      2636         5
      2017      2628      2629      2638      2637         5
      2018      2629      2630      2639      2638         5
      2019      2630      2631      2640      2639         5
      2020      2631       925       926      2640         5
      2021       218      2632      2641       219         5
      2022      2632      2633      2642      2641         5
      2023      2633      2634      2643      2642         5
      2024      2634      2635      2644      2643         5
      2025      2635      2636      2645      2644         5
      2026      2636      2637      2646      2645         5
      2027      2637      2638      2647      2646         5
      2028      2638      2639      2648      2647         5
      2029      2639      2640      2649      2648         5
      2030      2640       926       927      2649         5
      2031       219      2641      2650       220         5
      2032      2641      2642      2651      2650         5
      2033      2642      2643      2652      2651         5
      2034      2643      2644      2653      2652         5
      2035      2644      2645      2654      2653         5
      2036      2645      2646      2655      2654         5
      2037      2646      2647      2656      2655         5
      2038      2647      2648      2657      2656         5
      2039      2648      2649      2658      2657         5
      2040      2649       927       928      2658         5
      2041       220      2650       903        93         5
      2042      2650      2651       904       903         5
      2043      2651      2652       905       904         5
      2044      2652      2653       906       905         5
      2045      2653      2654       907       906         5
      2046      2654      2655       908       907         5
      2047      2655      2656       909       908         5
      2048      2656      2657       910       909         5
      2049      2657      2658       911       910         5
      2050      2658       928        85       911         5
      2051        89       929      2659       229         5
      2052       929       930      2660      2659         5
      2053       930       931      2661      2660         5
      2054       931       932      2662      2661         5
      2055       932       933      2663      2662         5
      2056       933       934      2664      2663         5
      2057       934       935      2665      2664         5
      2058       935       936      2666      2665         5
      2059       936       937      2667      2666         5
      2060       937        78       938      2667         5
      2061       229      2659      2668       230         5
      2062      2659      2660      2669      2668         5
      2063      2660      2661      2670      2669         5
      2064      2661      2662      2671      2670         5
      2065      2662      2663      2672      2671         5
      2066      2663      2664      2673      2672         5
      2067      2664      2665      2674      2673         5
      2068      2665      2666      2675      2674         5
      2069      2666      2667      2676      2675         5
      2070      2667       938       939      2676         5
      2071       230      2668      2677       231         5
      2072      2668      2669      2678      2677         5
      2073      2669      2670      2679      2678         5
      2074      2670      2671      2680      2679         5
      2075      2671      2672      2681      2680         5
      2076      2672      2673      2682      2681         5
      2077      2673      2674      2683      2682         5
      2078      2674      2675      2684      2683         5
      2079      2675      2676      2685      2684         5
      2080      2676       939       940      2685         5
      2081       231      2677      2686       232         5
      2082      2677      2678      2687      2686         5
      2083      2678      2679      2688      2687         5
      2084      2679      2680      2689      2688         5
      2085      2680      2681      2690      2689         5
      2086      2681      2682      2691      2690         5
      2087      2682      2683      2692      2691         5
      2088      2683      2684      2693      2692         5
      2089      2684      2685      2694      2693         5
      2090      2685       940       941      2694         5
      2091       232      2686       916        91         5
      2092      2686      2687       917       916         5
      2093      2687      2688       918       917         5
      2094      2688      2689       919       918         5
      2095      2689      2690       920       919         5
      2096      2690      2691       921       920         5
      2097      2691      2692       922       921         5
      2098      2692      2693       923       922         5
      2099      2693      2694       924       923         5
      2100      2694       941        82       924         5
      2101        81       942      2695       241         5
      2102       942       943      2696      2695         5
      2103       943       944      2697      2696         5
      2104       944       945      2698      2697         5
      2105       945       946      2699      2698         5
      2106       946       947      2700      2699         5
      2107       947       948      2701      2700         5
      2108       948       949      2702      2701         5
      2109       949       950      2703      2702         5
      2110       950        74       951      2703         5
      2111       241      2695      2704       242         5
      2112      2695      2696      2705      2704         5
      2113      2696      2697      2706      2705         5
      2114      2697      2698      2707      2706         5
      2115      2698      2699      2708      2707         5
      2116      2699      2700      2709      2708         5
      2117      2700      2701      2710      2709         5
      2118      2701      2702      2711      2710         5
      2119      2702      2703      2712      2711         5
      2120      2703       951       952      2712         5
      2121       242      2704      2713       243         5
      2122      2704      2705      2714      2713         5
      2123      2705      2706      2715      2714         5
      2124      2706      2707      2716      2715         5
      2125      2707      2708      2717      2716         5
      2126      2708      2709      2718      2717         5
      2127      2709      2710      2719      2718         5
      2128      2710      2711      2720      2719         5
      2129      2711      2712      2721      2720         5
      2130      2712       952       953      2721         5
      2131       243      2713      2722       244         5
      2132      2713      2714      2723      2722         5
      2133      2714      2715      2724      2723         5
      2134      2715      2716      2725      2724         5
      2135      2716      2717      2726      2725         5
      2136      2717      2718      2727      2726         5
      2137      2718      2719      2728      2727         5
      2138      2719      2720      2729      2728         5
      2139      2720      2721      2730      2729         5
      2140      2721       953       954      2730         5
      2141       244      2722       929        89         5
      2142      2722      2723       930       929         5
      2143      2723      2724       931       930         5
      2144      2724      2725       932       931         5
      2145      2725      2726       933       932         5
      2146      2726      2727       934       933         5
      2147      2727      2728       935       934         5
      2148      2728      2729       936       935         5
      2149      2729      2730       937       936         5
      2150      2730       954        78       937         5
      2151        90       825      2371       173         6
      2152       825       826      2372      2371         6
      2153       826       827      2373      2372         6
      2154       827       828      2374      2373         6
      2155       828       829      2375      2374         6
      2156       829       830      2376      2375         6
      2157       830       831      2377      2376         6
      2158       831       832      2378      2377         6
      2159       832       833      2379      2378         6
      2160       833        79       834      2379         6
      2161       173      2371      2380       174         6
      2162      2371      2372      2381      2380         6
      2163      2372      2373      2382      2381         6
      2164      2373      2374      2383      2382         6
      2165      2374      2375      2384      2383         6
      2166      2375      2376      2385      2384         6
      2167      2376      2377      2386      2385         6
      2168      2377      2378      2387      2386         6
      2169      2378      2379      2388      2387         6
      2170      2379       834       835      2388         6
      2171       174      2380      2389       175         6
      2172      2380      2381      2390      2389         6
      2173      2381      2382      2391      2390         6
      2174      2382      2383      2392      2391         6
      2175      2383      2384      2393      2392         6
      2176      2384      2385      2394      2393         6
      2177      2385      2386      2395      2394         6
      2178      2386      2387      2396      2395         6
      2179      2387      2388      2397      2396         6
      2180      2388       835       836      2397         6
      2181       175      2389      2398       176         6
      2182      2389      2390      2399      2398         6
      2183      2390      2391      2400      2399         6
      2184      2391      2392      2401      2400         6
      2185      2392      2393      2402      2401         6
      2186      2393      2394      2403      2402         6
      2187      2394      2395      2404      2403         6
      2188      2395      2396      2405      2404         6
      2189      2396      2397      2406      2405         6
      2190      2397       836       837      2406         6
      2191       176      2398       812        80         6
      2192      2398      2399       813       812         6
      2193      2399      2400       814       813         6
      2194      2400      2401       815       814         6
      2195      2401      2402       816       815         6
      2196      2402      2403       817       816         6
      2197      2403      2404       818       817         6
      2198      2404      2405       819       818         6
      2199      2405      2406       820       819         6
      2200      2406       837        75       820         6
      2201        92       838      2407       161         6
      2202       838       839      2408      2407         6
      2203       839       840      2409      2408         6
      2204       840       841      2410      2409         6
      2205       841       842      2411      2410         6
      2206       842       843      2412      2411         6
      2207       843       844      2413      2412         6
      2208       844       845      2414      2413         6
      2209       845       846      2415      2414         6
      2210       846        83       847      2415         6
      2211       161      2407      2416       162         6
      2212      2407      2408      2417      2416         6
      2213      2408      2409      2418      2417         6
      2214      2409      2410      2419      2418         6
      2215      2410      2411      2420      2419         6
      2216      2411      2412      2421      2420         6
      2217      2412      2413      2422      2421         6
      2218      2413      2414      2423      2422         6
      2219      2414      2415      2424      2423         6
      2220      2415       847       848      2424         6
      2221       162      2416      2425       163         6
      2222      2416      2417      2426      2425         6
      2223      2417      2418      2427      2426         6
      2224      2418      2419      2428      2427         6
      2225      2419      2420      2429      2428         6
      2226      2420      2421      2430      2429         6
      2227      2421      2422      2431      2430         6
      2228      2422      2423      2432      2431         6
      2229      2423      2424      2433      2432         6
      2230      2424       848       849      2433         6
      2231       163      2425      2434       164         6
      2232      2425      2426      2435      2434         6
      2233      2426      2427      2436      2435         6
      2234      2427      2428      2437      2436         6
      2235      2428      2429      2438      2437         6
      2236      2429      2430      2439      2438         6
      2237      2430      2431      2440      2439         6
      2238      2431      2432      2441      2440         6
      2239      2432      2433      2442      2441         6
      2240      2433       849       850      2442         6
      2241       164      2434       825        90         6
      2242      2434      2435       826       825         6
      2243      2435      2436       827       826         6
      2244      2436      2437       828       827         6
      2245      2437      2438       829       828         6
      2246      2438      2439       830       829         6
      2247      2439      2440       831       830         6
      2248      2440      2441       832       831         6
      2249      2441      2442       833       832         6
      2250      2442       850        79       833         6
      2251        94       851      2443       149         6
      2252       851       852      2444      2443         6
      2253       852       853      2445      2444         6
      2254       853       854      2446      2445         6
      2255       854       855      2447      2446         6
      2256       855       856      2448      2447         6
      2257       856       857      2449      2448         6
      2258       857       858      2450      2449         6
      2259       858       859      2451      2450         6
      2260       859        84       860      2451         6
      2261       149      2443      2452       150         6
      2262      2443      2444      2453      2452         6
      2263      2444      2445      2454      2453         6
      2264      2445      2446      2455      2454         6
      2265      2446      2447      2456      2455         6
      2266      2447      2448      2457      2456         6
      2267      2448      2449      2458      2457         6
      2268      2449      2450      2459      2458         6
      2269      2450      2451      2460      2459         6
      2270      2451       860       861      2460         6
      2271       150      2452      2461       151         6
      2272      2452      2453      2462      2461         6
      2273      2453      2454      2463      2462         6
      2274      2454      2455      2464      2463         6
      2275      2455      2456      2465      2464         6
      2276      2456      2457      2466      2465         6
      2277      2457      2458      2467      2466         6
      2278      2458      2459      2468      2467         6
      2279      2459      2460      2469      2468         6
      2280      2460       861       862      2469         6
      2281       151      2461      2470       152         6
      2282      2461      2462      2471      2470         6
      2283      2462      2463      2472      2471         6
      2284      2463      2464      2473      2472         6
      2285      2464      2465      2474      2473         6
      2286      2465      2466      2475      2474         6
      2287      2466      2467      2476      2475         6
      2288      2467      2468      2477      2476         6
      2289      2468      2469      2478      2477         6
      2290      2469       862       863      2478         6
      2291       152      2470       838        92         6
      2292      2470      2471       839       838         6
      2293      2471      2472       840       839         6
      2294      2472      2473       841       840         6
      2295      2473      2474       842       841         6
      2296      2474      2475       843       842         6
      2297      2475      2476       844       843         6
      2298      2476      2477       845       844         6
      2299      2477      2478       846       845         6
      2300      2478       863        83       846         6
      2301        95       864      2479       137         6
      2302       864       865      2480      2479         6
      2303       865       866      2481      2480         6
      2304       866       867      2482      2481         6
      2305       867       868      2483      2482         6
      2306       868       869      2484      2483         6
      2307       869       870      2485      2484         6
      2308       870       871      2486      2485         6
      2309       871       872      2487      2486         6
      2310       872        87       873      2487         6
      2311       137      2479      2488       138         6
      2312      2479      2480      2489      2488         6
      2313      2480      2481      2490      2489         6
      2314      2481      2482      2491      2490         6
      2315      2482      2483      2492      2491         6
      2316      2483      2484      2493      2492         6
      2317      2484      2485      2494      2493         6
      2318      2485      2486      2495      2494         6
      2319      2486      2487      2496      2495         6
      2320      2487       873       874      2496         6
      2321       138      2488      2497       139         6
      2322      2488      2489      2498      2497         6
      2323      2489      2490      2499      2498         6
      2324      2490      2491      2500      2499         6
      2325      2491      2492      2501      2500         6
      2326      2492      2493      2502      2501         6
      2327      2493      2494      2503      2502         6
      2328      2494      2495      2504      2503         6
      2329      2495      2496      2505      2504         6
      2330      2496       874       875      2505         6
      2331       139      2497      2506       140         6
      2332      2497      2498      2507      2506         6
      2333      2498      2499      2508      2507         6
      2334      2499      2500      2509      2508         6
      2335      2500      2501      2510      2509         6
      2336      2501      2502      2511      2510         6
      2337      2502      2503      2512      2511         6
      2338      2503      2504      2513      2512         6
      2339      2504      2505      2514      2513         6
      2340      2505       875       876      2514         6
      2341       140      2506       851        94         6
      2342      2506      2507       852       851         6
      2343      2507      2508       853       852         6
      2344      2508      2509       854       853         6
      2345      2509      2510       855       854         6
      2346      2510      2511       856       855         6
      2347      2511      2512       857       856         6
      2348      2512      2513       858       857         6
      2349      2513      2514       859       858         6
      2350      2514       876        84       859         6
      2351        97       877      2515       121         6
      2352       877       878      2516      2515         6
      2353       878       879      2517      2516         6
      2354       879       880      2518      2517         6
      2355       880       881      2519      2518         6
      2356       881       882      2520      2519         6
      2357       882       883      2521      2520         6
      2358       883       884      2522      2521         6
      2359       884       885      2523      2522         6
      2360       885        88       886      2523         6
      2361       121      2515      2524       122         6
      2362      2515      2516      2525      2524         6
      2363      2516      2517      2526      2525         6
      2364      2517      2518      2527      2526         6
      2365      2518      2519      2528      2527         6
      2366      2519      2520      2529      2528         6
      2367      2520      2521      2530      2529         6
      2368      2521      2522      2531      2530         6
      2369      2522      2523      2532      2531         6
      2370      2523       886       887      2532         6
      2371       122      2524      2533       123         6
      2372      2524      2525      2534      2533         6
      2373      2525      2526      2535      2534         6
      2374      2526      2527      2536      2535         6
      2375      2527      2528      2537      2536         6
      2376      2528      2529      2538      2537         6
      2377      2529      2530      2539      2538         6
      2378      2530      2531      2540      2539         6
      2379      2531      2532      2541      2540         6
      2380      2532       887       888      2541         6
      2381       123      2533      2542       124         6
      2382      2533      2534      2543      2542         6
      2383      2534      2535      2544      2543         6
      2384      2535      2536      2545      2544         6
      2385      2536      2537      2546      2545         6
      2386      2537      2538      2547      2546         6
      2387      2538      2539      2548      2547         6
      2388      2539      2540      2549      2548         6
      2389      2540      2541      2550      2549         6
      2390      2541       888       889      2550         6
      2391       124      2542       864        95         6
      2392      2542      2543       865       864         6
      2393      2543      2544       866       865         6
      2394      2544      2545       867       866         6
      2395      2545      2546       868       867         6
      2396      2546      2547       869       868         6
      2397      2547      2548       870       869         6
      2398      2548      2549       871       870         6
      2399      2549      2550       872       871         6
      2400      2550       889        87       872         6
      2401        61       760      2191       573         7
      2402       760       761      2192      2191         7
      2403       761       762      2193      2192         7
      2404       762       763      2194      2193         7
      2405       763       764      2195      2194         7
      2406       764       765      2196      2195         7
      2407       765       766      2197      2196         7
      2408       766       767      2198      2197         7
      2409       767       768      2199      2198         7
      2410       768        59       769      2199         7
      2411       573      2191      2200       574         7
      2412      2191      2192      2201      2200         7
      2413      2192      2193      2202      2201         7
      2414      2193      2194      2203      2202         7
      2415      2194      2195      2204      2203         7
      2416      2195      2196      2205      2204         7
      2417      2196      2197      2206      2205         7
      2418      2197      2198      2207      2206         7
      2419      2198      2199      2208      2207         7
      2420      2199       769       770      2208         7
      2421       574      2200      2209       575         7
      2422      2200      2201      2210      2209         7
      2423      2201      2202      2211      2210         7
      2424      2202      2203      2212      2211         7
      2425      2203      2204      2213      2212         7
      2426      2204      2205      2214      2213         7
      2427      2205      2206      2215      2214         7
      2428      2206      2207      2216      2215         7
      2429      2207      2208      2217      2216         7
      2430      2208       770       771      2217         7
      2431       575      2209      2218       576         7
      2432      2209      2210      2219      2218         7
      2433      2210      2211      2220      2219         7
      2434      2211      2212      2221      2220         7
      2435      2212      2213      2222      2221         7
      2436      2213      2214      2223      2222         7
      2437      2214      2215      2224      2223         7
      2438      2215      2216      2225      2224         7
      2439      2216      2217      2226      2225         7
      2440      2217       771       772      2226         7
      2441       576      2218       682        57         7
      2442      2218      2219       683       682         7
      2443      2219      2220       684       683         7
      2444      2220      2221       685       684         7
      2445      2221      2222       686       685         7
      2446      2222      2223       687       686         7
      2447      2223      2224       688       687         7
      2448      2224      2225       689       688         7
      2449      2225      2226       690       689         7
      2450      2226       772        55       690         7
      2451        64       773      2227       585         7
      2452       773       774      2228      2227         7
      2453       774       775      2229      2228         7
      2454       775       776      2230      2229         7
      2455       776       777      2231      2230         7
      2456       777       778      2232      2231         7
      2457       778       779      2233      2232         7
      2458       779       780      2234      2233         7
      2459       780       781      2235      2234         7
      2460       781        62       782      2235         7
      2461       585      2227      2236       586         7
      2462      2227      2228      2237      2236         7
      2463      2228      2229      2238      2237         7
      2464      2229      2230      2239      2238         7
      2465      2230      2231      2240      2239         7
      2466      2231      2232      2241      2240         7
      2467      2232      2233      2242      2241         7
      2468      2233      2234      2243      2242         7
      2469      2234      2235      2244      2243         7
      2470      2235       782       783      2244         7
      2471       586      2236      2245       587         7
      2472      2236      2237      2246      2245         7
      2473      2237      2238      2247      2246         7
      2474      2238      2239      2248      2247         7
      2475      2239      2240      2249      2248         7
      2476      2240      2241      2250      2249         7
      2477      2241      2242      2251      2250         7
      2478      2242      2243      2252      2251         7
      2479      2243      2244      2253      2252         7
      2480      2244       783       784      2253         7
      2481       587      2245      2254       588         7
      2482      2245      2246      2255      2254         7
      2483      2246      2247      2256      2255         7
      2484      2247      2248      2257      2256         7
      2485      2248      2249      2258      2257         7
      2486      2249      2250      2259      2258         7
      2487      2250      2251      2260      2259         7
      2488      2251      2252      2261      2260         7
      2489      2252      2253      2262      2261         7
      2490      2253       784       785      2262         7
      2491       588      2254       760        61         7
      2492      2254      2255       761       760         7
      2493      2255      2256       762       761         7
      2494      2256      2257       763       762         7
      2495      2257      2258       764       763         7
      2496      2258      2259       765       764         7
      2497      2259      2260       766       765         7
      2498      2260      2261       767       766         7
      2499      2261      2262       768       767         7
      2500      2262       785        59       768         7
      2501        68       786      2263       597         7
      2502       786       787      2264      2263         7
      2503       787       788      2265      2264         7
      2504       788       789      2266      2265         7
      2505       789       790      2267      2266         7
      2506       790       791      2268      2267         7
      2507       791       792      2269      2268         7
      2508       792       793      2270      2269         7
      2509       793       794      2271      2270         7
      2510       794        66       795      2271         7
      2511       597      2263      2272       598         7
      2512      2263      2264      2273      2272         7
      2513      2264      2265      2274      2273         7
      2514      2265      2266      2275      2274         7
      2515      2266      2267      2276      2275         7
      2516      2267      2268      2277      2276         7
      2517      2268      2269      2278      2277         7
      2518      2269      2270      2279      2278         7
      2519      2270      2271      2280      2279         7
      2520      2271       795       796      2280         7
      2521       598      2272      2281       599         7
      2522      2272      2273      2282      2281         7
      2523      2273      2274      2283      2282         7
      2524      2274      2275      2284      2283         7
      2525      2275      2276      2285      2284         7
      2526      2276      2277      2286      2285         7
      2527      2277      2278      2287      2286         7
      2528      2278      2279      2288      2287         7
      2529      2279      2280      2289      2288         7
      2530      2280       796       797      2289         7
      2531       599      2281      2290       600         7
      2532      2281      2282      2291      2290         7
      2533      2282      2283      2292      2291         7
      2534      2283      2284      2293      2292         7
      2535      2284      2285      2294      2293         7
      2536      2285      2286      2295      2294         7
      2537      2286      2287      2296      2295         7
      2538      2287      2288      2297      2296         7
      2539      2288      2289      2298      2297         7
      2540      2289       797       798      2298         7
      2541       600      2290       773        64         7
      2542      2290      2291       774       773         7
      2543      2291      2292       775       774         7
      2544      2292      2293       776       775         7
      2545      2293      2294       777       776         7
      2546      2294      2295       778       777         7
      2547      2295      2296       779       778         7
      2548      2296      2297       780       779         7
      2549      2297      2298       781       780         7
      2550      2298       798        62       781         7
      2551        77       799      2299       609         7
      2552       799       800      2300      2299         7
      2553       800       801      2301      2300         7
      2554       801       802      2302      2301         7
      2555       802       803      2303      2302         7
      2556       803       804      2304      2303         7
      2557       804       805      2305      2304         7
      2558       805       806      2306      2305         7
      2559       806       807      2307      2306         7
      2560       807        70       808      2307         7
      2561       609      2299      2308       610         7
      2562      2299      2300      2309      2308         7
      2563      2300      2301      2310      2309         7
      2564      2301      2302      2311      2310         7
      2565      2302      2303      2312      2311         7
      2566      2303      2304      2313      2312         7
      2567      2304      2305      2314      2313         7
      2568      2305      2306      2315      2314         7
      2569      2306      2307      2316      2315         7
      2570      2307       808       809      2316         7
      2571       610      2308      2317       611         7
      2572      2308      2309      2318      2317         7
      2573      2309      2310      2319      2318         7
      2574      2310      2311      2320      2319         7
      2575      2311      2312      2321      2320         7
      2576      2312      2313      2322      2321         7
      2577      2313      2314      2323      2322         7
      2578      2314      2315      2324      2323         7
      2579      2315      2316      2325      2324         7
      2580      2316       809       810      2325         7
      2581       611      2317      2326       612         7
      2582      2317      2318      2327      2326         7
      2583      2318      2319      2328      2327         7
      2584      2319      2320      2329      2328         7
      2585      2320      2321      2330      2329         7
      2586      2321      2322      2331      2330         7
      2587      2322      2323      2332      2331         7
      2588      2323      2324      2333      2332         7
      2589      2324      2325      2334      2333         7
      2590      2325       810       811      2334         7
      2591       612      2326       786        68         7
      2592      2326      2327       787       786         7
      2593      2327      2328       788       787         7
      2594      2328      2329       789       788         7
      2595      2329      2330       790       789         7
      2596      2330      2331       791       790         7
      2597      2331      2332       792       791         7
      2598      2332      2333       793       792         7
      2599      2333      2334       794       793         7
      2600      2334       811        66       794         7
      2601        80       812      2335       617         7
      2602       812       813      2336      2335         7
      2603       813       814      2337      2336         7
      2604       814       815      2338      2337         7
      2605       815       816      2339      2338         7
      2606       816       817      2340      2339         7
      2607       817       818      2341      2340         7
      2608       818       819      2342      2341         7
      2609       819       820      2343      2342         7
      2610       820        75       821      2343         7
      2611       617      2335      2344       618         7
      2612      2335      2336      2345      2344         7
      2613      2336      2337      2346      2345         7
      2614      2337      2338      2347      2346         7
      2615      2338      2339      2348      2347         7
      2616      2339      2340      2349      2348         7
      2617      2340      2341      2350      2349         7
      2618      2341      2342      2351      2350         7
      2619      2342      2343      2352      2351         7
      2620      2343       821       822      2352         7
      2621       618      2344      2353       619         7
      2622      2344      2345      2354      2353         7
      2623      2345      2346      2355      2354         7
      2624      2346      2347      2356      2355         7
      2625      2347      2348      2357      2356         7
      2626      2348      2349      2358      2357         7
      2627      2349      2350      2359      2358         7
      2628      2350      2351      2360      2359         7
      2629      2351      2352      2361      2360         7
      2630      2352       822       823      2361         7
      2631       619      2353      2362       620         7
      2632      2353      2354      2363      2362         7
      2633      2354      2355      2364      2363         7
      2634      2355      2356      2365      2364         7
      2635      2356      2357      2366      2365         7
      2636      2357      2358      2367      2366         7
      2637      2358      2359      2368      2367         7
      2638      2359      2360      2369      2368         7
      2639      2360      2361      2370      2369         7
      2640      2361       823       824      2370         7
      2641       620      2362       799        77         7
      2642      2362      2363       800       799         7
      2643      2363      2364       801       800         7
      2644      2364      2365       802       801         7
      2645      2365      2366       803       802         7
      2646      2366      2367       804       803         7
      2647      2367      2368       805       804         7
      2648      2368      2369       806       805         7
      2649      2369      2370       807       806         7
      2650      2370       824        70       807         7
      2651        36       621      1831       557         8
      2652       621       622      1832      1831         8
      2653       622       623      1833      1832         8
      2654       623       624      1834      1833         8
      2655       624       625      1835      1834         8
      2656       625       626      1836      1835         8
      2657       626       627      1837      1836         8
      2658       627       628      1838      1837         8
      2659       628       629      1839      1838         8
      2660       629        38       630      1839         8
      2661       557      1831      1840       558         8
      2662      1831      1832      1841      1840         8
      2663      1832      1833      1842      1841         8
      2664      1833      1834      1843      1842         8
      2665      1834      1835      1844      1843         8
      2666      1835      1836      1845      1844         8
      2667      1836      1837      1846      1845         8
      2668      1837      1838      1847      1846         8
      2669      1838      1839      1848      1847         8
      2670      1839       630       631      1848         8
      2671       558      1840      1849       559         8
      2672      1840      1841      1850      1849         8
      2673      1841      1842      1851      1850         8
      2674      1842      1843      1852      1851         8
      2675      1843      1844      1853      1852         8
      2676      1844      1845      1854      1853         8
      2677      1845      1846      1855      1854         8
      2678      1846      1847      1856      1855         8
      2679      1847      1848      1857      1856         8
      2680      1848       631       632      1857         8
      2681       559      1849      1858       560         8
      2682      1849      1850      1859      1858         8
      2683      1850      1851      1860      1859         8
      2684      1851      1852      1861      1860         8
      2685      1852      1853      1862      1861         8
      2686      1853      1854      1863      1862         8
      2687      1854      1855      1864      1863         8
      2688      1855      1856      1865      1864         8
      2689      1856      1857      1866      1865         8
      2690      1857       632       633      1866         8
      2691       560      1858       642        32         8
      2692      1858      1859       641       642         8
      2693      1859      1860       640       641         8
      2694      1860      1861       639       640         8
      2695      1861      1862       638       639         8
      2696      1862      1863       637       638         8
      2697      1863      1864       636       637         8
      2698      1864      1865       635       636         8
      2699      1865      1866       634       635         8
      2700      1866       633        34       634         8
      2701        40       643      1867       545         8
      2702       643       644      1868      1867         8
      2703       644       645      1869      1868         8
      2704       645       646      1870      1869         8
      2705       646       647      1871      1870         8
      2706       647       648      1872      1871         8
      2707       648       649      1873      1872         8
      2708       649       650      1874      1873         8
      2709       650       651      1875      1874         8
      2710       651        42       652      1875         8
      2711       545      1867      1876       546         8
      2712      1867      1868      1877      1876         8
      2713      1868      1869      1878      1877         8
      2714      1869      1870      1879      1878         8
      2715      1870      1871      1880      1879         8
      2716      1871      1872      1881      1880         8
      2717      1872      1873      1882      1881         8
      2718      1873      1874      1883      1882         8
      2719      1874      1875      1884      1883         8
      2720      1875       652       653      1884         8
      2721       546      1876      1885       547         8
      2722      1876      1877      1886      1885         8
      2723      1877      1878      1887      1886         8
      2724      1878      1879      1888      1887         8
      2725      1879      1880      1889      1888         8
      2726      1880      1881      1890      1889         8
      2727      1881      1882      1891      1890         8
      2728      1882      1883      1892      1891         8
      2729      1883      1884      1893      1892         8
      2730      1884       653       654      1893         8
      2731       547      1885      1894       548         8
      2732      1885      1886      1895      1894         8
      2733      1886      1887      1896      1895         8
      2734      1887      1888      1897      1896         8
      2735      1888      1889      1898      1897         8
      2736      1889      1890      1899      1898         8
      2737      1890      1891      1900      1899         8
      2738      1891      1892      1901      1900         8
      2739      1892      1893      1902      1901         8
      2740      1893       654       655      1902         8
      2741       548      1894       621        36         8
      2742      1894      1895       622       621         8
      2743      1895      1896       623       622         8
      2744      1896      1897       624       623         8
      2745      1897      1898       625       624         8
      2746      1898      1899       626       625         8
      2747      1899      1900       627       626         8
      2748      1900      1901       628       627         8
      2749      1901      1902       629       628         8
      2750      1902       655        38       629         8
      2751        44       656      1903       533         8
      2752       656       657      1904      1903         8
      2753       657       658      1905      1904         8
      2754       658       659      1906      1905         8
      2755       659       660      1907      1906         8
      2756       660       661      1908      1907         8
      2757       661       662      1909      1908         8
      2758       662       663      1910      1909         8
      2759       663       664      1911      1910         8
      2760       664        46       665      1911         8
      2761       533      1903      1912       534         8
      2762      1903      1904      1913      1912         8
      2763      1904      1905      1914      1913         8
      2764      1905      1906      1915      1914         8
      2765      1906      1907      1916      1915         8
      2766      1907      1908      1917      1916         8
      2767      1908      1909      1918      1917         8
      2768      1909      1910      1919      1918         8
      2769      1910      1911      1920      1919         8
      2770      1911       665       666      1920         8
      2771       534      1912      1921       535         8
      2772      1912      1913      1922      1921         8
      2773      1913      1914      1923      1922         8
      2774      1914      1915      1924      1923         8
      2775      1915      1916      1925      1924         8
      2776      1916      1917      1926      1925         8
      2777      1917      1918      1927      1926         8
      2778      1918      1919      1928      1927         8
      2779      1919      1920      1929      1928         8
      2780      1920       666       667      1929         8
      2781       535      1921      1930       536         8
      2782      1921      1922      1931      1930         8
      2783      1922      1923      1932      1931         8
      2784      1923      1924      1933      1932         8
      2785      1924      1925      1934      1933         8
      2786      1925      1926      1935      1934         8
      2787      1926      1927      1936      1935         8
      2788      1927      1928      1937      1936         8
      2789      1928      1929      1938      1937         8
      2790      1929       667       668      1938         8
      2791       536      1930       643        40         8
      2792      1930      1931       644       643         8
      2793      1931      1932       645       644         8
      2794      1932      1933       646       645         8
      2795      1933      1934       647       646         8
      2796      1934      1935       648       647         8
      2797      1935      1936       649       648         8
      2798      1936      1937       650       649         8
      2799      1937      1938       651       650         8
      2800      1938       668        42       651         8
      2801        52       669      1939       521         8
      2802       669       670      1940      1939         8
      2803       670       671      1941      1940         8
      2804       671       672      1942      1941         8
      2805       672       673      1943      1942         8
      2806       673       674      1944      1943         8
      2807       674       675      1945      1944         8
      2808       675       676      1946      1945         8
      2809       676       677      1947      1946         8
      2810       677        48       678      1947         8
      2811       521      1939      1948       522         8
      2812      1939      1940      1949      1948         8
      2813      1940      1941      1950      1949         8
      2814      1941      1942      1951      1950         8
      2815      1942      1943      1952      1951         8
      2816      1943      1944      1953      1952         8
      2817      1944      1945      1954      1953         8
      2818      1945      1946      1955      1954         8
      2819      1946      1947      1956      1955         8
      2820      1947       678       679      1956         8
      2821       522      1948      1957       523         8
      2822      1948      1949      1958      1957         8
      2823      1949      1950      1959      1958         8
      2824      1950      1951      1960      1959         8
      2825      1951      1952      1961      1960         8
      2826      1952      1953      1962      1961         8
      2827      1953      1954      1963      1962         8
      2828      1954      1955      1964      1963         8
      2829      1955      1956      1965      1964         8
      2830      1956       679       680      1965         8
      2831       523      1957      1966       524         8
      2832      1957      1958      1967      1966         8
      2833      1958      1959      1968      1967         8
      2834      1959      1960      1969      1968         8
      2835      1960      1961      1970      1969         8
      2836      1961      1962      1971      1970         8
      2837      1962      1963      1972      1971         8
      2838      1963      1964      1973      1972         8
      2839      1964      1965      1974      1973         8
      2840      1965       680       681      1974         8
      2841       524      1966       656        44         8
      2842      1966      1967       657       656         8
      2843      1967      1968       658       657         8
      2844      1968      1969       659       658         8
      2845      1969      1970       660       659         8
      2846      1970      1971       661       660         8
      2847      1971      1972       662       661         8
      2848      1972      1973       663       662         8
      2849      1973      1974       664       663         8
      2850      1974       681        46       664         8
      2851        57       682      1975       505         8
      2852       682       683      1976      1975         8
      2853       683       684      1977      1976         8
      2854       684       685      1978      1977         8
      2855       685       686      1979      1978         8
      2856       686       687      1980      1979         8
      2857       687       688      1981      1980         8
      2858       688       689      1982      1981         8
      2859       689       690      1983      1982         8
      2860       690        55       691      1983         8
      2861       505      1975      1984       506         8
      2862      1975      1976      1985      1984         8
      2863      1976      1977      1986      1985         8
      2864      1977      1978      1987      1986         8
      2865      1978      1979      1988      1987         8
      2866      1979      1980      1989      1988         8
      2867      1980      1981      1990      1989         8
      2868      1981      1982      1991      1990         8
      2869      1982      1983      1992      1991         8
      2870      1983       691       692      1992         8
      2871       506      1984      1993       507         8
      2872      1984      1985      1994      1993         8
      2873      1985      1986      1995      1994         8
      2874      1986      1987      1996      1995         8
      2875      1987      1988      1997      1996         8
      2876      1988      1989      1998      1997         8
      2877      1989      1990      1999      1998         8
      2878      1990      1991      2000      1999         8
      2879      1991      1992      2001      2000         8
      2880      1992       692       693      2001         8
      2881       507      1993      2002       508         8
      2882      1993      1994      2003      2002         8
      2883      1994      1995      2004      2003         8
      2884      1995      1996      2005      2004         8
      2885      1996      1997      2006      2005         8
      2886      1997      1998      2007      2006         8
      2887      1998      1999      2008      2007         8
      2888      1999      2000      2009      2008         8
      2889      2000      2001      2010      2009         8
      2890      2001       693       694      2010         8
      2891       508      2002       669        52         8
      2892      2002      2003       670       669         8
      2893      2003      2004       671       670         8
      2894      2004      2005       672       671         8
      2895      2005      2006       673       672         8
      2896      2006      2007       674       673         8
      2897      2007      2008       675       674         8
      2898      2008      2009       676       675         8
      2899      2009      2010       677       676         8
      2900      2010       694        48       677         8
      2901        14       695      2011       453         9
      2902       695       696      2012      2011         9
      2903       696       697      2013      2012         9
      2904       697       698      2014      2013         9
      2905       698       699      2015      2014         9
      2906       699       700      2016      2015         9
      2907       700       701      2017      2016         9
      2908       701       702      2018      2017         9
      2909       702       703      2019      2018         9
      2910       703        20       704      2019         9
      2911       453      2011      2020       454         9
      2912      2011      2012      2021      2020         9
      2913      2012      2013      2022      2021         9
      2914      2013      2014      2023      2022         9
      2915      2014      2015      2024      2023         9
      2916      2015      2016      2025      2024         9
      2917      2016      2017      2026      2025         9
      2918      2017      2018      2027      2026         9
      2919      2018      2019      2028      2027         9
      2920      2019       704       705      2028         9
      2921       454      2020      2029       455         9
      2922      2020      2021      2030      2029         9
      2923      2021      2022      2031      2030         9
      2924      2022      2023      2032      2031         9
      2925      2023      2024      2033      2032         9
      2926      2024      2025      2034      2033         9
      2927      2025      2026      2035      2034         9
      2928      2026      2027      2036      2035         9
      2929      2027      2028      2037      2036         9
      2930      2028       705       706      2037         9
      2931       455      2029      2038       456         9
      2932      2029      2030      2039      2038         9
      2933      2030      2031      2040      2039         9
      2934      2031      2032      2041      2040         9
      2935      2032      2033      2042      2041         9
      2936      2033      2034      2043      2042         9
      2937      2034      2035      2044      2043         9
      2938      2035      2036      2045      2044         9
      2939      2036      2037      2046      2045         9
      2940      2037       706       707      2046         9
      2941       456      2038       716        12         9
      2942      2038      2039       715       716         9
      2943      2039      2040       714       715         9
      2944      2040      2041       713       714         9
      2945      2041      2042       712       713         9
      2946      2042      2043       711       712         9
      2947      2043      2044       710       711         9
      2948      2044      2045       709       710         9
      2949      2045      2046       708       709         9
      2950      2046       707        19       708         9
      2951        16       717      2047       465         9
      2952       717       718      2048      2047         9
      2953       718       719      2049      2048         9
      2954       719       720      2050      2049         9
      2955       720       721      2051      2050         9
      2956       721       722      2052      2051         9
      2957       722       723      2053      2052         9
      2958       723       724      2054      2053         9
      2959       724       725      2055      2054         9
      2960       725        23       726      2055         9
      2961       465      2047      2056       466         9
      2962      2047      2048      2057      2056         9
      2963      2048      2049      2058      2057         9
      2964      2049      2050      2059      2058         9
      2965      2050      2051      2060      2059         9
      2966      2051      2052      2061      2060         9
      2967      2052      2053      2062      2061         9
      2968      2053      2054      2063      2062         9
      2969      2054      2055      2064      2063         9
      2970      2055       726       727      2064         9
      2971       466      2056      2065       467         9
      2972      2056      2057      2066      2065         9
      2973      2057      2058      2067      2066         9
      2974      2058      2059      2068      2067         9
      2975      2059      2060      2069      2068         9
      2976      2060      2061      2070      2069         9
      2977      2061      2062      2071      2070         9
      2978      2062      2063      2072      2071         9
      2979      2063      2064      2073      2072         9
      2980      2064       727       728      2073         9
      2981       467      2065      2074       468         9
      2982      2065      2066      2075      2074         9
      2983      2066      2067      2076      2075         9
      2984      2067      2068      2077      2076         9
      2985      2068      2069      2078      2077         9
      2986      2069      2070      2079      2078         9
      2987      2070      2071      2080      2079         9
      2988      2071      2072      2081      2080         9
      2989      2072      2073      2082      2081         9
      2990      2073       728       729      2082         9
      2991       468      2074       695        14         9
      2992      2074      2075       696       695         9
      2993      2075      2076       697       696         9
      2994      2076      2077       698       697         9
      2995      2077      2078       699       698         9
      2996      2078      2079       700       699         9
      2997      2079      2080       701       700         9
      2998      2080      2081       702       701         9
      2999      2081      2082       703       702         9
      3000      2082       729        20       703         9
      3001        17       730      2083       477         9
      3002       730       731      2084      2083         9
      3003       731       732      2085      2084         9
      3004       732       733      2086      2085         9
      3005       733       734      2087      2086         9
      3006       734       735      2088      2087         9
      3007       735       736      2089      2088         9
      3008       736       737      2090      2089         9
      3009       737       738      2091      2090         9
      3010       738        27       739      2091         9
      3011       477      2083      2092       478         9
      3012      2083      2084      2093      2092         9
      3013      2084      2085      2094      2093         9
      3014      2085      2086      2095      2094         9
      3015      2086      2087      2096      2095         9
      3016      2087      2088      2097      2096         9
      3017      2088      2089      2098      2097         9
      3018      2089      2090      2099      2098         9
      3019      2090      2091      2100      2099         9
      3020      2091       739       740      2100         9
      3021       478      2092      2101       479         9
      3022      2092      2093      2102      2101         9
      3023      2093      2094      2103      2102         9
      3024      2094      2095      2104      2103         9
      3025      2095      2096      2105      2104         9
      3026      2096      2097      2106      2105         9
      3027      2097      2098      2107      2106         9
      3028      2098      2099      2108      2107         9
      3029      2099      2100      2109      2108         9
      3030      2100       740       741      2109         9
      3031       479      2101      2110       480         9
      3032      2101      2102      2111      2110         9
      3033      2102      2103      2112      2111         9
      3034      2103      2104      2113      2112         9
      3035      2104      2105      2114      2113         9
      3036      2105      2106      2115      2114         9
      3037      2106      2107      2116      2115         9
      3038      2107      2108      2117      2116         9
      3039      2108      2109      2118      2117         9
      3040      2109       741       742      2118         9
      3041       480      2110       717        16         9
      3042      2110      2111       718       717         9
      3043      2111      2112       719       718         9
      3044      2112      2113       720       719         9
      3045      2113      2114       721       720         9
      3046      2114      2115       722       721         9
      3047      2115      2116       723       722         9
      3048      2116      2117       724       723         9
      3049      2117      2118       725       724         9
      3050      2118       742        23       725         9
      3051        24       743      2119       489         9
      3052       743       744      2120      2119         9
      3053       744       745      2121      2120         9
      3054       745       746      2122      2121         9
      3055       746       747      2123      2122         9
      3056       747       748      2124      2123         9
      3057       748       749      2125      2124         9
      3058       749       750      2126      2125         9
      3059       750       751      2127      2126         9
      3060       751        28       752      2127         9
      3061       489      2119      2128       490         9
      3062      2119      2120      2129      2128         9
      3063      2120      2121      2130      2129         9
      3064      2121      2122      2131      2130         9
      3065      2122      2123      2132      2131         9
      3066      2123      2124      2133      2132         9
      3067      2124      2125      2134      2133         9
      3068      2125      2126      2135      2134         9
      3069      2126      2127      2136      2135         9
      3070      2127       752       753      2136         9
      3071       490      2128      2137       491         9
      3072      2128      2129      2138      2137         9
      3073      2129      2130      2139      2138         9
      3074      2130      2131      2140      2139         9
      3075      2131      2132      2141      2140         9
      3076      2132      2133      2142      2141         9
      3077      2133      2134      2143      2142         9
      3078      2134      2135      2144      2143         9
      3079      2135      2136      2145      2144         9
      3080      2136       753       754      2145         9
      3081       491      2137      2146       492         9
      3082      2137      2138      2147      2146         9
      3083      2138      2139      2148      2147         9
      3084      2139      2140      2149      2148         9
      3085      2140      2141      2150      2149         9
      3086      2141      2142      2151      2150         9
      3087      2142      2143      2152      2151         9
      3088      2143      2144      2153      2152         9
      3089      2144      2145      2154      2153         9
      3090      2145       754       755      2154         9
      3091       492      2146       730        17         9
      3092      2146      2147       731       730         9
      3093      2147      2148       732       731         9
      3094      2148      2149       733       732         9
      3095      2149      2150       734       733         9
      3096      2150      2151       735       734         9
      3097      2151      2152       736       735         9
      3098      2152      2153       737       736         9
      3099      2153      2154       738       737         9
      3100      2154       755        27       738         9
      3101        32       642      2155       501         9
      3102       642       641      2156      2155         9
      3103       641       640      2157      2156         9
      3104       640       639      2158      2157         9
      3105       639       638      2159      2158         9
      3106       638       637      2160      2159         9
      3107       637       636      2161      2160         9
      3108       636       635      2162      2161         9
      3109       635       634      2163      2162         9
      3110       634        34       756      2163         9
      3111       501      2155      2164       502         9
      3112      2155      2156      2165      2164         9
      3113      2156      2157      2166      2165         9
      3114      2157      2158      2167      2166         9
      3115      2158      2159      2168      2167         9
      3116      2159      2160      2169      2168         9
      3117      2160      2161      2170      2169         9
      3118      2161      2162      2171      2170         9
      3119      2162      2163      2172      2171         9
      3120      2163       756       757      2172         9
      3121       502      2164      2173       503         9
      3122      2164      2165      2174      2173         9
      3123      2165      2166      2175      2174         9
      3124      2166      2167      2176      2175         9
      3125      2167      2168      2177      2176         9
      3126      2168      2169      2178      2177         9
      3127      2169      2170      2179      2178         9
      3128      2170      2171      2180      2179         9
      3129      2171      2172      2181      2180         9
      3130      2172       757       758      2181         9
      3131       503      2173      2182       504         9
      3132      2173      2174      2183      2182         9
      3133      2174      2175      2184      2183         9
      3134      2175      2176      2185      2184         9
      3135      2176      2177      2186      2185         9
      3136      2177      2178      2187      2186         9
      3137      2178      2179      2188      2187         9
      3138      2179      2180      2189      2188         9
      3139      2180      2181      2190      2189         9
      3140      2181       758       759      2190         9
      3141       504      2182       743        24         9
      3142      2182      2183       744       743         9
      3143      2183      2184       745       744         9
      3144      2184      2185       746       745         9
      3145      2185      2186       747       746         9
      3146      2186      2187       748       747         9
      3147      2187      2188       749       748         9
      3148      2188      2189       750       749         9
      3149      2189      2190       751       750         9
      3150      2190       759        28       751         9
      3151      3361      3362        10
      3152      3362      3363        10
      3153      3363      3364        10
      3154      3364      3365        10
      3155      3365      3366        10
      3156      3366      3367        10
      3157      3367      3368        10
      3158      3368      3369        10
      3159      3369      3370        10
      3160      3370      3371        10
      3161      3361      3372        11
      3162      3362      3373        11
      3163      3363      3374        11
      3164      3364      3375        11
      3165      3365      3376        11
      3166      3366      3377        11
      3167      3367      3378        11
      3168      3368      3379        11
      3169      3369      3380        11
      3170      3370      3381        11
      3171      3371      3382        11
      3172      3383      3384        12
      3173      3384      3385        12
      3174      3385      3386        12
      3175      3386      3387        12
      3176      3387      3388        12
      3177      3388      3389        12
      3178      3389      3390        12
      3179      3390      3391        12
      3180      3391      3392        12
      3181      3392      3393        12
      3182      3383      3394        13
      3183      3384      3395        13
      3184      3385      3396        13
      3185      3386      3397        13
      3186      3387      3398        13
      3187      3388      3399        13
      3188      3389      3400        13
      3189      3390      3401        13
      3190      3391      3402        13
      3191      3392      3403        13
      3192      3393      3404        13
      3193        12       375      3530      3405        14
      3194       375       376      3531      3530        14
      3195       376       377      3532      3531        14
      3196       377       378      3533      3532        14
      3197       378        13      3406      3533        14
      3198        13       391      3534      3406        14
      3199       391       392      3535      3534        14
      3200       392       393      3536      3535        14
      3201       393       394      3537      3536        14
      3202       394        15      3408      3537        14
      3203        15       403      3538      3408        14
      3204       403       404      3539      3538        14
      3205       404       405      3540      3539        14
      3206       405       406      3541      3540        14
      3207       406        18      3411      3541        14
      3208        18       415      3542      3411        14
      3209       415       416      3543      3542        14
      3210       416       417      3544      3543        14
      3211       417       418      3545      3544        14
      3212       418        25      3413      3545        14
      3213        25       427      3546      3413        14
      3214       427       428      3547      3546        14
      3215       428       429      3548      3547        14
      3216       429       430      3549      3548        14
      3217       430       431      3550      3549        14
      3218       431       432      3551      3550        14
      3219       432       433      3552      3551        14
      3220       433       434      3553      3552        14
      3221       434       435      3554      3553        14
      3222       435        33      3415      3554        14
      3223        53       313      3505      3423        15
      3224       313       314      3506      3505        15
      3225       314       315      3507      3506        15
      3226       315       316      3508      3507        15
      3227       316        56      3424      3508        15
      3228        45       325      3509      3421        15
      3229       325       326      3510      3509        15
      3230       326       327      3511      3510        15
      3231       327       328      3512      3511        15
      3232       328        53      3423      3512        15
      3233        41       337      3513      3419        15
      3234       337       338      3514      3513        15
      3235       338       339      3515      3514        15
      3236       339       340      3516      3515        15
      3237       340        45      3421      3516        15
      3238        37       349      3517      3417        15
      3239       349       350      3518      3517        15
      3240       350       351      3519      3518        15
      3241       351       352      3520      3519        15
      3242       352        41      3419      3520        15
      3243        33       366      3521      3415        15
      3244       366       367      3522      3521        15
      3245       367       368      3523      3522        15
      3246       368       369      3524      3523        15
      3247       369       370      3525      3524        15
      3248       370       371      3526      3525        15
      3249       371       372      3527      3526        15
      3250       372       373      3528      3527        15
      3251       373       374      3529      3528        15
      3252       374        37      3417      3529        15
      3253        56       245      3485      3424        16
      3254       245       246      3486      3485        16
      3255       246       247      3487      3486        16
      3256       247       248      3488      3487        16
      3257       248        60      3426      3488        16
      3258        60       261      3489      3426        16
      3259       261       262      3490      3489        16
      3260       262       263      3491      3490        16
      3261       263       264      3492      3491        16
      3262       264        65      3429      3492        16
      3263        65       273      3493      3429        16
      3264       273       274      3494      3493        16
      3265       274       275      3495      3494        16
      3266       275       276      3496      3495        16
      3267       276        69      3431      3496        16
      3268        69       285      3497      3431        16
      3269       285       286      3498      3497        16
      3270       286       287      3499      3498        16
      3271       287       288      3500      3499        16
      3272       288        76      3432      3500        16
      3273        76       297      3501      3432        16
      3274       297       298      3502      3501        16
      3275       298       299      3503      3502        16
      3276       299       300      3504      3503        16
      3277       300        81      3435      3504        16
      3278        96       193      3465      3443        17
      3279       193       194      3466      3465        17
      3280       194       195      3467      3466        17
      3281       195       196      3468      3467        17
      3282       196        97      3444      3468        17
      3283        93       205      3469      3440        17
      3284       205       206      3470      3469        17
      3285       206       207      3471      3470        17
      3286       207       208      3472      3471        17
      3287       208        96      3443      3472        17
      3288        91       217      3473      3438        17
      3289       217       218      3474      3473        17
      3290       218       219      3475      3474        17
      3291       219       220      3476      3475        17
      3292       220        93      3440      3476        17
      3293        89       229      3477      3436        17
      3294       229       230      3478      3477        17
      3295       230       231      3479      3478        17
      3296       231       232      3480      3479        17
      3297       232        91      3438      3480        17
      3298        81       241      3481      3435        17
      3299       241       242      3482      3481        17
      3300       242       243      3483      3482        17
      3301       243       244      3484      3483        17
      3302       244        89      3436      3484        17
      3303        97       121      3445      3444        18
      3304       121       122      3446      3445        18
      3305       122       123      3447      3446        18
      3306       123       124      3448      3447        18
      3307       124        95      3442      3448        18
      3308        95       137      3449      3442        18
      3309       137       138      3450      3449        18
      3310       138       139      3451      3450        18
      3311       139       140      3452      3451        18
      3312       140        94      3441      3452        18
      3313        94       149      3453      3441        18
      3314       149       150      3454      3453        18
      3315       150       151      3455      3454        18
      3316       151       152      3456      3455        18
      3317       152        92      3439      3456        18
      3318        92       161      3457      3439        18
      3319       161       162      3458      3457        18
      3320       162       163      3459      3458        18
      3321       163       164      3460      3459        18
      3322       164        90      3437      3460        18
      3323        90       173      3461      3437        18
      3324       173       174      3462      3461        18
      3325       174       175      3463      3462        18
      3326       175       176      3464      3463        18
      3327       176        80      3434      3464        18
      3328        61       573      3595      3427        19
      3329       573       574      3596      3595        19
      3330       574       575      3597      3596        19
      3331       575       576      3598      3597        19
      3332       576        57      3425      3598        19
      3333        64       585      3599      3428        19
      3334       585       586      3600      3599        19
      3335       586       587      3601      3600        19
      3336       587       588      3602      3601        19
      3337       588        61      3427      3602        19
      3338        68       597      3603      3430        19
      3339       597       598      3604      3603        19
      3340       598       599      3605      3604        19
      3341       599       600      3606      3605        19
      3342       600        64      3428      3606        19
      3343        77       609      3607      3433        19
      3344       609       610      3608      3607        19
      3345       610       611      3609      3608        19
      3346       611       612      3610      3609        19
      3347       612        68      3430      3610        19
      3348        80       617      3611      3434        19
      3349       617       618      3612      3611        19
      3350       618       619      3613      3612        19
      3351       619       620      3614      3613        19
      3352       620        77      3433      3614        19
      3353        57       505      3575      3425        20
      3354       505       506      3576      3575        20
      3355       506       507      3577      3576        20
      3356       507       508      3578      3577        20
      3357       508        52      3422      3578        20
      3358        52       521      3579      3422        20
      3359       521       522      3580      3579        20
      3360       522       523      3581      3580        20
      3361       523       524      3582      3581        20
      3362       524        44      3420      3582        20
      3363        44       533      3583      3420        20
      3364       533       534      3584      3583        20
      3365       534       535      3585      3584        20
      3366       535       536      3586      3585        20
      3367       536        40      3418      3586        20
      3368        40       545      3587      3418        20
      3369       545       546      3588      3587        20
      3370       546       547      3589      3588        20
      3371       547       548      3590      3589        20
      3372       548        36      3416      3590        20
      3373        36       557      3591      3416        20
      3374       557       558      3592      3591        20
      3375       558       559      3593      3592        20
      3376       559       560      3594      3593        20
      3377       560        32      3414      3594        20
      3378        14       453      3555      3407        21
      3379       453       454      3556      3555        21
      3380       454       455      3557      3556        21
      3381       455       456      3558      3557        21
      3382       456        12      3405      3558        21
      3383        16       465      3559      3409        21
      3384       465       466      3560      3559        21
      3385       466       467      3561      3560        21
      3386       467       468      3562      3561        21
      3387       468        14      3407      3562        21
      3388        17       477      3563      3410        21
      3389       477       478      3564      3563        21
      3390       478       479      3565      3564        21
      3391       479       480      3566      3565        21
      3392       480        16      3409      3566        21
      3393        24       489      3567      3412        21
      3394       489       490      3568      3567        21
      3395       490       491      3569      3568        21
      3396       491       492      3570      3569        21
      3397       492        17      3410      3570        21
      3398        32       501      3571      3414        21
      3399       501       502      3572      3571        21
      3400       502       503      3573      3572        21
      3401       503       504      3574      3573        21
      3402       504        24      3412      3574        21
