# path	size_bytes	sha256 — 被 .gitignore 排除的再生态文件清单(审计 F5:结果哈希入链)
_stale_train01_legacy_20260701/1.flavia.msh	253615	e3ec0e5d7c016f945ab858345428644dd06ab78ab654a1e63c1ea01dc04d08f7
_stale_train01_legacy_20260701/1.flavia.res	833436	1461b055e8f422ebee26fb0dfa46d9cdedd5a882b9c290eb420ba415e2329718
_stale_train01_legacy_20260701/1.res	0	e3b0c44298fc1c149afbf4c8996fb92427ae41e4649b934ca495991b7852b855
_stale_train01_legacy_20260701/1.rtt	1049972	47f92196264bb057d03f1bb9aa5b844fc00809a2595485e4296296286b5c17ca
_stale_train02_legacy_20260702/1.flavia.msh	0	e3b0c44298fc1c149afbf4c8996fb92427ae41e4649b934ca495991b7852b855
_stale_train02_legacy_20260702/1.flavia.res	38788474	f10c4b62fdff05bc570daf265ccba11f987d989f99fcc65b6e354951481f5356
_stale_train02_legacy_20260702/1.res	0	e3b0c44298fc1c149afbf4c8996fb92427ae41e4649b934ca495991b7852b855
_stale_train02_legacy_20260702/1.rtt	523660	a21966602aea838ba0a9ce0e872ee3b225ea314818191e8e70f3c5259b6f3bd8
_stale_train03a_modal_dry_legacy_20260702/1.flavia.msh	0	e3b0c44298fc1c149afbf4c8996fb92427ae41e4649b934ca495991b7852b855
_stale_train03a_modal_dry_legacy_20260702/1.flavia.res	5175830	c2e713ea740864933396b0b50b35abcda8db4c68132600549f0d18c67cc35678
_stale_train03a_modal_dry_legacy_20260702/1.res	0	e3b0c44298fc1c149afbf4c8996fb92427ae41e4649b934ca495991b7852b855
_stale_train03a_modal_dry_legacy_20260702/1.rtt	1545700	0ba0114ef000dc92d5be355cb18d07f682c62756f8c85a10b4927d9c56738d17
_stale_train03b_modal_ifs_legacy_20260702/1.flavia.msh	0	e3b0c44298fc1c149afbf4c8996fb92427ae41e4649b934ca495991b7852b855
_stale_train03b_modal_ifs_legacy_20260702/1.flavia.res	5175830	d383563a160509743beec83fc1a67f4aa5f484f2f8d968580011b29d86937dc6
_stale_train03b_modal_ifs_legacy_20260702/1.res	0	e3b0c44298fc1c149afbf4c8996fb92427ae41e4649b934ca495991b7852b855
_stale_train03b_modal_ifs_legacy_20260702/1.rtt	1545700	7d7343c606dfb698213fff70c84c28926e23507c24e29c90f7595babe4daa0b0
_stale_train05_full_duplicate_20260727/1.ctt	0	e3b0c44298fc1c149afbf4c8996fb92427ae41e4649b934ca495991b7852b855
_stale_train05_full_duplicate_20260727/1.fai	239680	2a8d3ec6eb613a97f12290fc4ee455d761fd25f8c68c279184ea72c2f92bfdbd
_stale_train05_full_duplicate_20260727/1.flavia.msh	40690	bdc7ad92917db68346f21eed983cc852ac5f4da98e3ef394119fc10d2f92655f
_stale_train05_full_duplicate_20260727/1.flavia.res	1785800	ad9c948146120154a4dc62b2407eadab2a12a6eeaf2f2eee90ad437993fe18bc
_stale_train05_full_duplicate_20260727/1.ftf	16760	73fa50494907b7af43d6225e5f20fece30900a666df5c418229b2b1767f7b722
_stale_train05_full_duplicate_20260727/1.gpv	1280	9a1d1952785ad75bcbc05e1ae2151df0c791a0ed90b99a7d7a1237e2696def8e
_stale_train05_full_duplicate_20260727/1.ini	0	e3b0c44298fc1c149afbf4c8996fb92427ae41e4649b934ca495991b7852b855
_stale_train05_full_duplicate_20260727/1.inw	0	e3b0c44298fc1c149afbf4c8996fb92427ae41e4649b934ca495991b7852b855
_stale_train05_full_duplicate_20260727/1.res	670560	8a326377abda841ef90ae79808eb190cf9cbf62a0c44136608cf57a80004d67c
_stale_train05_full_duplicate_20260727/1.resb	0	e3b0c44298fc1c149afbf4c8996fb92427ae41e4649b934ca495991b7852b855
_stale_train05_full_duplicate_20260727/1.rtt	117588	65d38ac59e65972c653a7f449816856abfa9b5799c3d2f79438165e648cdf4c2
cases/XFJ_S1_2block/1.ctt	0	e3b0c44298fc1c149afbf4c8996fb92427ae41e4649b934ca495991b7852b855
cases/XFJ_S1_2block/1.fai	0	e3b0c44298fc1c149afbf4c8996fb92427ae41e4649b934ca495991b7852b855
cases/XFJ_S1_2block/1.flavia.msh	2685086	efdf28eef55a9857393c115ccd670d79daf30144ed338aacc916ad38976167cd
cases/XFJ_S1_2block/1.flavia.res	8742100	0a8de71321540235f33232735b41577e0f8a35b92349d42113c856cc02409259
cases/XFJ_S1_2block/1.ftf	0	e3b0c44298fc1c149afbf4c8996fb92427ae41e4649b934ca495991b7852b855
cases/XFJ_S1_2block/1.gpv	22879310	295be82b0ec8e569431b7ec765de77236b0a2b02094e264cbe9f524582142dcd
cases/XFJ_S1_2block/1.ini	0	e3b0c44298fc1c149afbf4c8996fb92427ae41e4649b934ca495991b7852b855
cases/XFJ_S1_2block/1.inw	0	e3b0c44298fc1c149afbf4c8996fb92427ae41e4649b934ca495991b7852b855
cases/XFJ_S1_2block/1.res	0	e3b0c44298fc1c149afbf4c8996fb92427ae41e4649b934ca495991b7852b855
cases/XFJ_S1_2block/1.resb	0	e3b0c44298fc1c149afbf4c8996fb92427ae41e4649b934ca495991b7852b855
cases/XFJ_S1_2block/1.rtt	15007332	b35f80c86f90dfa6897a278fa7b5d6b3226e37dcf9ed420a2618c1f6a00cd0ee
cases/_retired/train02c_dbg/1.ctt	0	e3b0c44298fc1c149afbf4c8996fb92427ae41e4649b934ca495991b7852b855
cases/_retired/train02c_dbg/1.fai	0	e3b0c44298fc1c149afbf4c8996fb92427ae41e4649b934ca495991b7852b855
cases/_retired/train02c_dbg/1.flavia.msh	32564	f01e790c5172c1106cb96d2becf12d869c9cec56e23a993fde61ec7902caba35
cases/_retired/train02c_dbg/1.flavia.res	38380800	efb378fb41ab125a563bf36a6307fc83397b8dc0e25b2c4ae22844e68f433cb4
cases/_retired/train02c_dbg/1.ftf	0	e3b0c44298fc1c149afbf4c8996fb92427ae41e4649b934ca495991b7852b855
cases/_retired/train02c_dbg/1.gpv	56652800	34faee071c9c4e13333fb9f79cf74105b141415691564f616f812e1b6ed99311
cases/_retired/train02c_dbg/1.ini	0	e3b0c44298fc1c149afbf4c8996fb92427ae41e4649b934ca495991b7852b855
cases/_retired/train02c_dbg/1.inw	0	e3b0c44298fc1c149afbf4c8996fb92427ae41e4649b934ca495991b7852b855
cases/_retired/train02c_dbg/1.res	0	e3b0c44298fc1c149afbf4c8996fb92427ae41e4649b934ca495991b7852b855
cases/_retired/train02c_dbg/1.resb	0	e3b0c44298fc1c149afbf4c8996fb92427ae41e4649b934ca495991b7852b855
cases/_retired/train02c_dbg/1.rtt	141772	f659b1ce512cbe5f39d6e51bdc73734ed6d0657cd04b4b7298954307933fe7a2
cases/_retired/train02c_dbg/hstar.exe	102063616	48f13208e7f0a2d1dbf1484c59bf82c1d02f84fd31e828ca5be4a75c33b38570
cases/_retired/train_slope_unknown/1.ctt	0	e3b0c44298fc1c149afbf4c8996fb92427ae41e4649b934ca495991b7852b855
cases/_retired/train_slope_unknown/1.fai	239680	2a8d3ec6eb613a97f12290fc4ee455d761fd25f8c68c279184ea72c2f92bfdbd
cases/_retired/train_slope_unknown/1.flavia.msh	56490	486517bee64a21c79e24868092d6db01551e0aa3e57d49853d678a14aa935cbb
cases/_retired/train_slope_unknown/1.flavia.res	12489400	e29c37f898fbd08d02fb64b4f0aac0f7d8319e6d5913e36edecf59bd3de20c32
cases/_retired/train_slope_unknown/1.ftf	208629	7c1f28d163432a295442cf929ac488ff6b42eeee58ece6b9553fd9fd66f3a184
cases/_retired/train_slope_unknown/1.gpv	6400	9e93b6346766b9d2d0e73ea18a3d7c82e5143676ee30449703620ffd281456bd
cases/_retired/train_slope_unknown/1.ini	0	e3b0c44298fc1c149afbf4c8996fb92427ae41e4649b934ca495991b7852b855
cases/_retired/train_slope_unknown/1.inw	0	e3b0c44298fc1c149afbf4c8996fb92427ae41e4649b934ca495991b7852b855
cases/_retired/train_slope_unknown/1.res	4694400	4bf0b9099ae918e5180dc47d73844d0a33b1123a7389bd677189e69eaf30a8f9
cases/_retired/train_slope_unknown/1.resb	0	e3b0c44298fc1c149afbf4c8996fb92427ae41e4649b934ca495991b7852b855
cases/_retired/train_slope_unknown/1.rtt	164908	797dbf964d3485c69a48aeb88deef2e15cdf0a502c384c38d530571e0d13550c
cases/_review_2026-08/dam-vie-100m/case/1.ctt	0	e3b0c44298fc1c149afbf4c8996fb92427ae41e4649b934ca495991b7852b855
cases/_review_2026-08/dam-vie-100m/case/1.fai	0	e3b0c44298fc1c149afbf4c8996fb92427ae41e4649b934ca495991b7852b855
cases/_review_2026-08/dam-vie-100m/case/1.flavia.msh	90766	a66c50ae40df0dd30b6ef3416e6314abe6f375fc9f6e8d01f337fdbd2be18ea4
cases/_review_2026-08/dam-vie-100m/case/1.flavia.res	0	e3b0c44298fc1c149afbf4c8996fb92427ae41e4649b934ca495991b7852b855
cases/_review_2026-08/dam-vie-100m/case/1.ftf	0	e3b0c44298fc1c149afbf4c8996fb92427ae41e4649b934ca495991b7852b855
cases/_review_2026-08/dam-vie-100m/case/1.gpv	0	e3b0c44298fc1c149afbf4c8996fb92427ae41e4649b934ca495991b7852b855
cases/_review_2026-08/dam-vie-100m/case/1.ini	0	e3b0c44298fc1c149afbf4c8996fb92427ae41e4649b934ca495991b7852b855
cases/_review_2026-08/dam-vie-100m/case/1.inw	0	e3b0c44298fc1c149afbf4c8996fb92427ae41e4649b934ca495991b7852b855
cases/_review_2026-08/dam-vie-100m/case/1.res	0	e3b0c44298fc1c149afbf4c8996fb92427ae41e4649b934ca495991b7852b855
cases/_review_2026-08/dam-vie-100m/case/1.resb	0	e3b0c44298fc1c149afbf4c8996fb92427ae41e4649b934ca495991b7852b855
cases/_review_2026-08/dam-vie-100m/case/1.rtt	0	e3b0c44298fc1c149afbf4c8996fb92427ae41e4649b934ca495991b7852b855
cases/_review_2026-08/dam-vie-100m/case_fix/1.ctt	0	e3b0c44298fc1c149afbf4c8996fb92427ae41e4649b934ca495991b7852b855
cases/_review_2026-08/dam-vie-100m/case_fix/1.fai	0	e3b0c44298fc1c149afbf4c8996fb92427ae41e4649b934ca495991b7852b855
cases/_review_2026-08/dam-vie-100m/case_fix/1.flavia.msh	90766	a66c50ae40df0dd30b6ef3416e6314abe6f375fc9f6e8d01f337fdbd2be18ea4
cases/_review_2026-08/dam-vie-100m/case_fix/1.flavia.res	182893000	79f898b21d1b7d0fdabcf55cb1c7c859e1508832b9215d152a4eef684437f1c7
cases/_review_2026-08/dam-vie-100m/case_fix/1.ftf	0	e3b0c44298fc1c149afbf4c8996fb92427ae41e4649b934ca495991b7852b855
cases/_review_2026-08/dam-vie-100m/case_fix/1.gpv	202051500	f44e85a41ac019163c2f924c4e199efe2355a17f7286549ad0f3cd6dc02b90c3
cases/_review_2026-08/dam-vie-100m/case_fix/1.ini	0	e3b0c44298fc1c149afbf4c8996fb92427ae41e4649b934ca495991b7852b855
cases/_review_2026-08/dam-vie-100m/case_fix/1.inw	0	e3b0c44298fc1c149afbf4c8996fb92427ae41e4649b934ca495991b7852b855
cases/_review_2026-08/dam-vie-100m/case_fix/1.res	23448000	e106d547782b925572b6200b38318bdb46833fce402bd80ea4705edaa7aa304c
cases/_review_2026-08/dam-vie-100m/case_fix/1.resb	0	e3b0c44298fc1c149afbf4c8996fb92427ae41e4649b934ca495991b7852b855
cases/_review_2026-08/dam-vie-100m/case_fix/1.rtt	404812	4e80b9b1a772607503b62172cb9ddcae87af53e7ddb412f1281ea91446c6b231
cases/_review_2026-08/dam-vie-100m/case_g/1.ctt	0	e3b0c44298fc1c149afbf4c8996fb92427ae41e4649b934ca495991b7852b855
cases/_review_2026-08/dam-vie-100m/case_g/1.fai	0	e3b0c44298fc1c149afbf4c8996fb92427ae41e4649b934ca495991b7852b855
cases/_review_2026-08/dam-vie-100m/case_g/1.flavia.msh	90766	a66c50ae40df0dd30b6ef3416e6314abe6f375fc9f6e8d01f337fdbd2be18ea4
cases/_review_2026-08/dam-vie-100m/case_g/1.flavia.res	182893000	2745b8616746a3182d5d8dfb38255ae8e062ecd166569a2deeb83ca24f920007
cases/_review_2026-08/dam-vie-100m/case_g/1.ftf	0	e3b0c44298fc1c149afbf4c8996fb92427ae41e4649b934ca495991b7852b855
cases/_review_2026-08/dam-vie-100m/case_g/1.gpv	202051500	a6d6812c1b32e07c2d1b5d9fe075981d4e056c686d0f92348f03eaab30bbf9c5
cases/_review_2026-08/dam-vie-100m/case_g/1.ini	0	e3b0c44298fc1c149afbf4c8996fb92427ae41e4649b934ca495991b7852b855
cases/_review_2026-08/dam-vie-100m/case_g/1.inw	0	e3b0c44298fc1c149afbf4c8996fb92427ae41e4649b934ca495991b7852b855
cases/_review_2026-08/dam-vie-100m/case_g/1.res	23448000	311530666d06ab8e9f38457d433cc6616231772baf38afc71c74725b0570ed5f
cases/_review_2026-08/dam-vie-100m/case_g/1.resb	0	e3b0c44298fc1c149afbf4c8996fb92427ae41e4649b934ca495991b7852b855
cases/_review_2026-08/dam-vie-100m/case_g/1.rtt	404812	25b400ce16b5dc638698e3a83743bce1dc18f23a7177e4627bd9f4309a67c120
cases/_review_2026-08/dam-vie-100m/case_m/1.ctt	0	e3b0c44298fc1c149afbf4c8996fb92427ae41e4649b934ca495991b7852b855
cases/_review_2026-08/dam-vie-100m/case_m/1.fai	0	e3b0c44298fc1c149afbf4c8996fb92427ae41e4649b934ca495991b7852b855
cases/_review_2026-08/dam-vie-100m/case_m/1.flavia.msh	90766	a66c50ae40df0dd30b6ef3416e6314abe6f375fc9f6e8d01f337fdbd2be18ea4
cases/_review_2026-08/dam-vie-100m/case_m/1.flavia.res	182893000	e8e5a7de5d2dd9f47dc3a305c1b796e2c82bc5fcb733e18de689074db0cd4b76
cases/_review_2026-08/dam-vie-100m/case_m/1.ftf	0	e3b0c44298fc1c149afbf4c8996fb92427ae41e4649b934ca495991b7852b855
cases/_review_2026-08/dam-vie-100m/case_m/1.gpv	202051500	41c66504000c90f9f0f9e367ec0bbb11d07e977e7cc62afc274a5e0580f5b60f
cases/_review_2026-08/dam-vie-100m/case_m/1.ini	0	e3b0c44298fc1c149afbf4c8996fb92427ae41e4649b934ca495991b7852b855
cases/_review_2026-08/dam-vie-100m/case_m/1.inw	0	e3b0c44298fc1c149afbf4c8996fb92427ae41e4649b934ca495991b7852b855
cases/_review_2026-08/dam-vie-100m/case_m/1.res	23448000	91209e96e51be076fe525cef7178c4f946d99fd07007202fb04380c33d98baa1
cases/_review_2026-08/dam-vie-100m/case_m/1.resb	0	e3b0c44298fc1c149afbf4c8996fb92427ae41e4649b934ca495991b7852b855
cases/_review_2026-08/dam-vie-100m/case_m/1.rtt	404812	98825a734a188eb6d2419ff7c8fe61ed42d208a579dac62c4418d6afe7dada6e
cases/_review_2026-08/hstar-input-redesign/data/deck-abi.json	633660	df31c30097dc18f2599331ffe5b76b382100c61a4871b8e10ff2b592daa4c039
cases/_review_2026-08/hstar-input-redesign/data/deck-ast.json	7451330	f640cfe581975f20c635ac7b64aaabf28f4c1cb7bf53b8ed75697b1c3557bb8a
cases/_review_2026-08/hstar-input-redesign/data/deck-ast.txt	1115025	04ae26f4595e3249e823094d7735e74e6428887228eccb5401bf3de2aab797f0
cases/_review_2026-08/hstar-input-redesign/data/deck-readers.json	228307	b8174cf3d5fc4509983723d1a9e0bb910fd1616a6696d3c3c629ab8f248e20a1
cases/_review_2026-08/hstar-input-redesign/data/dispatcher-map.json	18966	a0eb42fce3f889184b2140dfc74a94d5c0e64e763d4e015abea7128b62f92316
cases/_review_2026-08/hstar-input-redesign/data/use-sites.json	36532	b9ded3c74703d16821270adf4616fcb77a438feb943140b93faadf6f3820ad4d
cases/_review_2026-08/ki-packages/kdt-single/templates/static_2d/1.ini	0	e3b0c44298fc1c149afbf4c8996fb92427ae41e4649b934ca495991b7852b855
cases/_review_2026-08/runs/seismic-direction-check/1.ctt	0	e3b0c44298fc1c149afbf4c8996fb92427ae41e4649b934ca495991b7852b855
cases/_review_2026-08/runs/seismic-direction-check/1.fai	0	e3b0c44298fc1c149afbf4c8996fb92427ae41e4649b934ca495991b7852b855
cases/_review_2026-08/runs/seismic-direction-check/1.flavia.msh	28608	396c60fb604252d85dd12834407aa1623f83c3fdfd232625aa98b9d978fe98c0
cases/_review_2026-08/runs/seismic-direction-check/1.flavia.res	29549500	e1918803c1cbc8383a80e5f2e789dddf6edd5a869518536327d702fb036de475
cases/_review_2026-08/runs/seismic-direction-check/1.ftf	0	e3b0c44298fc1c149afbf4c8996fb92427ae41e4649b934ca495991b7852b855
cases/_review_2026-08/runs/seismic-direction-check/1.gpv	30651750	4bcc4fcc3a1b2d6ceccd18d3e34cfdeee82cbae712684644d872c65cc334a70b
cases/_review_2026-08/runs/seismic-direction-check/1.ini	0	e3b0c44298fc1c149afbf4c8996fb92427ae41e4649b934ca495991b7852b855
cases/_review_2026-08/runs/seismic-direction-check/1.inw	0	e3b0c44298fc1c149afbf4c8996fb92427ae41e4649b934ca495991b7852b855
cases/_review_2026-08/runs/seismic-direction-check/1.res	3780000	f179b01d1a8bf77e7fbda52c70a44f8e534b9ee61604e5b5be8946c4748d3a2b
cases/_review_2026-08/runs/seismic-direction-check/1.resb	0	e3b0c44298fc1c149afbf4c8996fb92427ae41e4649b934ca495991b7852b855
cases/_review_2026-08/runs/seismic-direction-check/1.rtt	124044	49f7ce3d7ebfd15202a807047155aef9b20c7c5ee22721f77ff8cfceff144b29
cases/_review_2026-08/runs/seismic-direction-check/bc_overlay.vtp	2137	fe4e49b4b7962fca5f41fc5ba1a633afda7aad351bce57b192401b67011361ed
cases/_review_2026-08/runs/seismic-direction-check/result_b1.vtp	100840	92a8ea5c7f6372cae7a871ce40084094d2c8bd21e6bd6db8a9985c3c575ae310
cases/_review_2026-08/runs/seismic-direction-check/result_b10.vtp	99325	6598be07dd4087983ae25793aa5efc9e8af060782d7292cf17d337822d734acb
cases/_review_2026-08/runs/seismic-direction-check/result_b100.vtp	106401	05526a0f6bc8c3b06e836b1f49a0437b2b5bd4600e0b487441e01094ea08b8d5
cases/_review_2026-08/runs/seismic-direction-check/result_b101.vtp	106912	43bcba278a5f5b62c2c8289f4655843e1a5a5c10d0949b70dc57795ad3a0e0f5
cases/_review_2026-08/runs/seismic-direction-check/result_b102.vtp	107423	4b73f772bfdded216345ba68ea89a539683405141dc6b746834dbc71710937c6
cases/_review_2026-08/runs/seismic-direction-check/result_b103.vtp	106489	ebf85caabebc9938fb4213ae4b55cab6e985828aac8218dea0679d5cb13e45b7
cases/_review_2026-08/runs/seismic-direction-check/result_b104.vtp	106217	5d539bfb2637fce5e032b04fa4dce4cd41898bfa99ff072784b9006a4bff93ee
cases/_review_2026-08/runs/seismic-direction-check/result_b105.vtp	108515	ac8698645f7af5941db72997ea588149e8407679be9099dc9781e099d7f1a442
cases/_review_2026-08/runs/seismic-direction-check/result_b106.vtp	106570	477c8b22577ad86a3364ff15a01810dd4824bfa0c747dc6fd3098378693c50a4
cases/_review_2026-08/runs/seismic-direction-check/result_b107.vtp	107006	0e5d1d314e3679ed63c3659a8931b800d260cf27a8c8c5f863199ca0f2ad8a5c
cases/_review_2026-08/runs/seismic-direction-check/result_b108.vtp	108086	cc734bea3d4a7a4d581d790f15606383c54435b29122d1df65b783c19a2cb4df
cases/_review_2026-08/runs/seismic-direction-check/result_b109.vtp	106895	63d8a193c82479c0e264c702f25e7592fb80262c4549758de9c9885dd1418b1d
cases/_review_2026-08/runs/seismic-direction-check/result_b11.vtp	99491	095d659aca3b9230b7f8ccf3a5574dc66176b857552a4d4ccff228ff2e3740e7
cases/_review_2026-08/runs/seismic-direction-check/result_b110.vtp	106379	63c5292a6329bf566b3355e1d36cc5bd7fa0532fc1802ad88cfe3a2477999aac
cases/_review_2026-08/runs/seismic-direction-check/result_b111.vtp	106889	1d1575f6b3231d421fbfd9d22ead25d9e5fb6acf5bdfdf7a9c0080ea15645a22
cases/_review_2026-08/runs/seismic-direction-check/result_b112.vtp	107049	f040c32d5c871c1dd613a35f6bdf9f1b6750d7dd357e8e5d0f8df3daa7f8072e
cases/_review_2026-08/runs/seismic-direction-check/result_b113.vtp	106851	bb533768d9903f3f44e8286dec3bade6270b15274fe40e43a0fe30b7e5261b94
cases/_review_2026-08/runs/seismic-direction-check/result_b114.vtp	107459	64d9d256e64246c1b80fe963773bc93828dddf2aef14497f18c44c670a6b28a2
cases/_review_2026-08/runs/seismic-direction-check/result_b115.vtp	107525	496df620177e5ab6c73d6f61bc2b559ea794f37d8265921d6a9044d7105b4f43
cases/_review_2026-08/runs/seismic-direction-check/result_b116.vtp	106928	cfb0b703cffb7ecf89521e75ed7b433261571a20b08a44e1afe866b85217748a
cases/_review_2026-08/runs/seismic-direction-check/result_b117.vtp	106723	297d4854b81a11c9867af4bae6137830e041c5cd7e9ef64de7d5c4f59779de1d
cases/_review_2026-08/runs/seismic-direction-check/result_b118.vtp	108342	7010325eabe31fe1c1d86e7fe92604457eff973a9af6f4434a31a56ce19141e6
cases/_review_2026-08/runs/seismic-direction-check/result_b119.vtp	107077	07f01122aae579eb7690e66c16f58d68739f75a38c1910dfdbe76f6740e22017
cases/_review_2026-08/runs/seismic-direction-check/result_b12.vtp	100425	0cab7256f6e5713d584ac10cc7ef6ac77a2eadb0e916844ca6d50633176fd5f8
cases/_review_2026-08/runs/seismic-direction-check/result_b120.vtp	107538	d49aa55f27bf3a070002411b51f405d805f53b99c7f55018120fd3ddb0adb6cd
cases/_review_2026-08/runs/seismic-direction-check/result_b121.vtp	108734	85af75441c19283c492051b68500a3c09c48e8c98f7be7afc2263809fb662739
cases/_review_2026-08/runs/seismic-direction-check/result_b122.vtp	107187	d3d33dc3479783384e48c6272a3f134ab27abeeff5ce98ddd65dfe3fac98a96d
cases/_review_2026-08/runs/seismic-direction-check/result_b123.vtp	106764	438e81016eff6d363d45ea2a4c17e6c97c1799c9eeb7fe3d01598aeafa45c3e8
cases/_review_2026-08/runs/seismic-direction-check/result_b124.vtp	107840	6a49ab756fcf062253a2b8ab57493fe9ad13153f46ba958a2daf7d446bd263c6
cases/_review_2026-08/runs/seismic-direction-check/result_b125.vtp	107337	ab03ab53d26c63ed0a36e46224d6f61527cb44b983ae987a93839b2af246a281
cases/_review_2026-08/runs/seismic-direction-check/result_b126.vtp	107571	3d3d72a8ab4a8a956c64ed4bfb2c5d42865a43d4655e2d912c525ea0fb2be210
cases/_review_2026-08/runs/seismic-direction-check/result_b127.vtp	108311	afc63a1cd6cfb062b3dbec56245e1945e4a75719c36d4a6de94677c2e99d60c2
cases/_review_2026-08/runs/seismic-direction-check/result_b128.vtp	107816	07300774fb456aa95aec635ca7a642c0667c2d015d6598676f42ca9553822394
cases/_review_2026-08/runs/seismic-direction-check/result_b129.vtp	107312	148628db0f0849fc7ea00975699f98c0ee5845e4645e47e0b8e8b42dcca2e917
cases/_review_2026-08/runs/seismic-direction-check/result_b13.vtp	98125	16a71448a45f09e1e46224c5881d5324f6b2482c3d642316ec4c4ff00bf22fc1
cases/_review_2026-08/runs/seismic-direction-check/result_b130.vtp	107403	be8a9f781c841402c07b58a1f375a2465ffe773aee089be24f03f4fc99cf27b0
cases/_review_2026-08/runs/seismic-direction-check/result_b131.vtp	108044	85d4be346f766c3f97d1cd1c5ef156f50e515d13227a95594c44d25ee6289c95
cases/_review_2026-08/runs/seismic-direction-check/result_b132.vtp	107350	e759002922809b8c0f8d2c3f4aa256780f29d8d0668f7573cd3961f05269ca5b
cases/_review_2026-08/runs/seismic-direction-check/result_b133.vtp	108047	de77c54c875a524ab38be35aa57aaadbbd3daeaa39739f16ef9f6016c96d9392
cases/_review_2026-08/runs/seismic-direction-check/result_b134.vtp	108608	629a5ef694ab5fdf5d0c5fecbb0cf63d65a3508bb8b68c65520033c44a8fa1aa
cases/_review_2026-08/runs/seismic-direction-check/result_b135.vtp	107537	8d199ded1738ccf3741d80701201b88bbb67eda9e11196fb54a72dd0584f25ad
cases/_review_2026-08/runs/seismic-direction-check/result_b136.vtp	107299	d59a4702f820088bad518338a71b829bc6e6918ad140cb3f69e509cab7372c08
cases/_review_2026-08/runs/seismic-direction-check/result_b137.vtp	108870	3aeab59ffa87a5b1bd8944b136290abbb9996c6eafa625521ededdef22f3bd8e
cases/_review_2026-08/runs/seismic-direction-check/result_b138.vtp	107787	1eec484b5a4b7b6deff69a87455642d23681f34ea00785fb606ccf27d2aa05ca
cases/_review_2026-08/runs/seismic-direction-check/result_b139.vtp	108049	b801409e300cf0d8216ee2d5b5ac8d6e81ebb99ad865eaeb96f3032cff659b80
cases/_review_2026-08/runs/seismic-direction-check/result_b14.vtp	97844	7cc4594c1aa24ec63a17df0039962ba7df900d3a93532a1cd8821a23f3090772
cases/_review_2026-08/runs/seismic-direction-check/result_b140.vtp	108859	bb135dde664199d958df7e0b1f4d8ddd4c2a1e391500ad980826af70ed647a4d
cases/_review_2026-08/runs/seismic-direction-check/result_b141.vtp	108057	925aa5d8612b7207fdc187140ee43f65257ea8ee2a13551d10d09c6c7bef5dfd
cases/_review_2026-08/runs/seismic-direction-check/result_b142.vtp	107426	c4db5ba57c498bd0b68cff9f32095c86a6ce031cf60863e064bbd6641320f0d6
cases/_review_2026-08/runs/seismic-direction-check/result_b143.vtp	107933	216127379988cb80d4b71c47ac810759edd30b9351dc0a954fc3c84d9911abdd
cases/_review_2026-08/runs/seismic-direction-check/result_b144.vtp	108254	98ddd63ec0ef45a8102a420163b103573aa75db22e6fcce7c4bf7a14b876f361
cases/_review_2026-08/runs/seismic-direction-check/result_b145.vtp	107834	867544a8efe852b2acc6bbd1c2b3b1850990f140e1f6a318fa0251fef84dbe67
cases/_review_2026-08/runs/seismic-direction-check/result_b146.vtp	108543	3477540b7058bb4e831ff8e00a59867b503f2ca5a4e044b66813a1616a86b272
cases/_review_2026-08/runs/seismic-direction-check/result_b147.vtp	108774	7bed6910b77e1f6dded6e8d61e9c4e4e8c1b8de061355052dc76d500d580c58d
cases/_review_2026-08/runs/seismic-direction-check/result_b148.vtp	108014	1e6b529efc64016199cd2e07e47aec89c80ccb4a1ada376a5b2ce80985e6fa2d
cases/_review_2026-08/runs/seismic-direction-check/result_b149.vtp	107780	82ad193e2b77dae404940db31833af80783fda6379a2da210de9c6b131d00722
cases/_review_2026-08/runs/seismic-direction-check/result_b15.vtp	98457	2c96d91cb1b41dade3be72d42c72ba30b114b7502d0ea95a7a04a98d956506f5
cases/_review_2026-08/runs/seismic-direction-check/result_b150.vtp	109466	6e0feffcd4ed34f24b60f32e3f4005943e30cdb01aec52af4d97caaedf211eef
cases/_review_2026-08/runs/seismic-direction-check/result_b151.vtp	107988	f4eea09cf0a3c66db3bc0a146dd12406caf38add1d9e20b666b573faf7149aaa
cases/_review_2026-08/runs/seismic-direction-check/result_b152.vtp	108462	8954167de36bfc2d4c367d0f4f42841a5a8d4612c6206ae444db197eadc75d1a
cases/_review_2026-08/runs/seismic-direction-check/result_b153.vtp	109634	4cb013505e7e8e0f38e495e31fbe50b2ab04f36567652ebd7b65ca8f3219d106
cases/_review_2026-08/runs/seismic-direction-check/result_b154.vtp	108298	6acd12ec77082d8f596bab5713daf1d6caa92f4aee32bb2fc2f6f15095571b34
cases/_review_2026-08/runs/seismic-direction-check/result_b155.vtp	107783	9e87f8162ce5bc9ff50b3616425a73010b9dee97047f529f001855d52a8007d5
cases/_review_2026-08/runs/seismic-direction-check/result_b156.vtp	108506	ca5bcca8b84ec789148193ea72cb6245ad0af12b9dd96ec7b14e9ae21bbd8d0f
cases/_review_2026-08/runs/seismic-direction-check/result_b157.vtp	108499	e05969a6498926b9117602d1b5e98c3fd48bd77b78bf2e5e47381148f426e388
cases/_review_2026-08/runs/seismic-direction-check/result_b158.vtp	108501	d9b273799c961912a836ec9e17c7f43d69bd8a2520351b0a6c39a9d5333a2047
cases/_review_2026-08/runs/seismic-direction-check/result_b159.vtp	108980	0b698b8a05ff0a96cd9a5439dd90e22629aa68225be72bb8b6293160cc2966b4
cases/_review_2026-08/runs/seismic-direction-check/result_b16.vtp	98488	94c2aa0da1795730a7879ca6f6f595cebb6e1e17533ef4a7b480157c81cdf93f
cases/_review_2026-08/runs/seismic-direction-check/result_b160.vtp	108819	96ff80fa26196ed89f2abe604cb2b3b6638f93f195284dbffb0b4c4f4d24a8fc
cases/_review_2026-08/runs/seismic-direction-check/result_b161.vtp	108290	c3e0141adeae980021e0f6833577647772531b10cbd8ab882e957de152ad5f15
cases/_review_2026-08/runs/seismic-direction-check/result_b162.vtp	108218	3ce35f22d94d923299bbe2bc5537e9e19ecfe3d2f440688094c90cf2330e85b7
cases/_review_2026-08/runs/seismic-direction-check/result_b163.vtp	109121	6616d36c5f2a4ef5ec845de55f1ffab7a6ff297d92739d48cfac18f4493e0c63
cases/_review_2026-08/runs/seismic-direction-check/result_b164.vtp	108323	bdacabc9da68a10e91c43c021533e1262327531e290b516db1b06deb7ceda204
cases/_review_2026-08/runs/seismic-direction-check/result_b165.vtp	108872	5efa93f93f765bc8a90d6d68cca74faf2b86e3f7b6a976c9316ec4adbd4ed005
cases/_review_2026-08/runs/seismic-direction-check/result_b166.vtp	109320	6e9c79e1039b8d1e88a3b722ca0f6d9c745e60e0fd7fe485b33c515512fc1a39
cases/_review_2026-08/runs/seismic-direction-check/result_b167.vtp	108531	58baa45fe733283fc1046e8042039abc94b45f6aa7efb0b7786199fdff072b42
cases/_review_2026-08/runs/seismic-direction-check/result_b168.vtp	108210	f857244eb89bd6999d1b96d6aa675015b9db328deb6831c568f152ff2990ef1d
cases/_review_2026-08/runs/seismic-direction-check/result_b169.vtp	108901	473ff49a3157e9ddc9b1664267e1321d9d944dc06288dafba6a7c4d066c08d97
cases/_review_2026-08/runs/seismic-direction-check/result_b17.vtp	98833	c0ef7ccb0d7d0b553df39588820d80c40dd25e765757016d2c86b449d96d62d4
cases/_review_2026-08/runs/seismic-direction-check/result_b170.vtp	108657	95d5736b2ed86e2b2b3b24e0cd6afea265aaa63e61b97ab7598700545564b7a9
cases/_review_2026-08/runs/seismic-direction-check/result_b171.vtp	108927	c56db7eb73eef65ce61c5ceb878a7862aae2b8d6997c1ff1370b3e737d13e4dc
cases/_review_2026-08/runs/seismic-direction-check/result_b172.vtp	109401	49b16545adbba6019ba0a112a5152ee4b88e11eeb2a2ae59c52865658f79ddb5
cases/_review_2026-08/runs/seismic-direction-check/result_b173.vtp	108811	91ee6ac2d559352123798b84a61bffe993613dffb3389da8e461e4ca5c50f947
cases/_review_2026-08/runs/seismic-direction-check/result_b174.vtp	108377	55f5fc6b0ce2ff54e96b8ba32bfdd0014619b57cdea614362fabdb0935d5a88c
cases/_review_2026-08/runs/seismic-direction-check/result_b175.vtp	108534	c2bce3937c4a95c576fb17fc6f488a71ae5fe5db447dc7a551bc32024cb98599
cases/_review_2026-08/runs/seismic-direction-check/result_b176.vtp	109017	390bdb1da2e97aecaeb48c11dc30765394b305009e3a44fb622d7ed4db251e9e
cases/_review_2026-08/runs/seismic-direction-check/result_b177.vtp	108641	2cdf105d311aa5959b57d5b03fd643260a5423ce0d01c833fa8ca3f0a502c360
cases/_review_2026-08/runs/seismic-direction-check/result_b178.vtp	109261	1100365b9f406dfba87eb6c415e2f01c2790f65cd83094fb34d6bb760fbee3c2
cases/_review_2026-08/runs/seismic-direction-check/result_b179.vtp	109674	fafda7e2a969b0a019de80dffae90353e4498f25e2b276fbfd286f2b8ddcae65
cases/_review_2026-08/runs/seismic-direction-check/result_b18.vtp	98695	33bedf29ec68719a900add4b180c275bb1b57d6320bd75f94be3882229675359
cases/_review_2026-08/runs/seismic-direction-check/result_b180.vtp	108773	11f9996c44247dca7c8ac9520735eb429d831338951fc2e8579308ef50a83493
cases/_review_2026-08/runs/seismic-direction-check/result_b181.vtp	108478	4e2d061e90f9af867c14683a2d169f480bd466c9fc1b3403a8e42508dad4b9e8
cases/_review_2026-08/runs/seismic-direction-check/result_b182.vtp	109656	aa6887dd801bf8acc4656cd73f0a7daa0a8dcd2121498cd44e7b5f8fbff8a552
cases/_review_2026-08/runs/seismic-direction-check/result_b183.vtp	108856	33757c064d5e11814b719744add61f014bb99286653d069bb678ef4ace1a921d
cases/_review_2026-08/runs/seismic-direction-check/result_b184.vtp	109255	eff32bca151edf721cdb64c075aaa896f5e525a76adfa247cfe724c4d835e884
cases/_review_2026-08/runs/seismic-direction-check/result_b185.vtp	109632	291699a110fd224a6a6da89db88f9d6403a47edd756811eed5d2bcdd28c83d27
cases/_review_2026-08/runs/seismic-direction-check/result_b186.vtp	108986	3278ee75306b2380058ce5048a5cdf060539560e3226e4009166266af88d9658
cases/_review_2026-08/runs/seismic-direction-check/result_b187.vtp	108462	33e57ed0b0a2d3bb94fe45dd4b77589b057e92f1a6fbaddb587121b505ac48b5
cases/_review_2026-08/runs/seismic-direction-check/result_b188.vtp	108838	b74c8595bf41c648dce514c16cb9ff85921ab6ea8f6f17e4900a09ec6673e017
cases/_review_2026-08/runs/seismic-direction-check/result_b189.vtp	109075	e52c60687fe7d2cb3b4a882d10a602d1f714c851ffe06465ef30b82df26274cf
cases/_review_2026-08/runs/seismic-direction-check/result_b19.vtp	98711	702c0c483cf059a49c997c30c319436776bf6ea7f411937ca7c937b82f2cb906
cases/_review_2026-08/runs/seismic-direction-check/result_b190.vtp	109140	68e1a79c2944a2a80bf12177b9f487daee580a35a7702d7ac84e7b4b85d343e1
cases/_review_2026-08/runs/seismic-direction-check/result_b191.vtp	109514	f946c564f2bdd8c2d1d8c311a5b5cff894b83224b366ba6a7ceca68aae38c337
cases/_review_2026-08/runs/seismic-direction-check/result_b192.vtp	109374	f064b9dd62d31232e8025cb3bc156f7f88250c0a50b24631b6a345619c5589da
cases/_review_2026-08/runs/seismic-direction-check/result_b193.vtp	109061	ed21ac7ce83215fd44e5cdca1c280885b0827ff7add735aaa8ec1e29ff15a3cb
cases/_review_2026-08/runs/seismic-direction-check/result_b194.vtp	108825	3f5f6838ef87a7cbd8f616d8982d48684603754489efa5480b6c5ce75ea89b74
cases/_review_2026-08/runs/seismic-direction-check/result_b195.vtp	110565	99859f05f7043be9f319356f2e6f887cf7ed64e708a97431cf15f0a9ccc66060
cases/_review_2026-08/runs/seismic-direction-check/result_b196.vtp	109075	5740061ac163cd365a091b5340bc6f065740301f6c5d570273202d501318640b
cases/_review_2026-08/runs/seismic-direction-check/result_b197.vtp	109537	7135e76ea6fc8d78c5de8247fda11dd4a7ede4379009f031961dd2b719fa7bee
cases/_review_2026-08/runs/seismic-direction-check/result_b198.vtp	109921	cbcbe8f21e8c5f1f87753a39a204ba40b9e2f4daa7bfd62f961db4c3248d66e9
cases/_review_2026-08/runs/seismic-direction-check/result_b199.vtp	109157	584228b43db2e466e40482db84b99057dce50eb213506f9d66fbbab12fe28662
cases/_review_2026-08/runs/seismic-direction-check/result_b2.vtp	99861	c8cdfcac22bcf3f84d12c312d546b80ddb1d62c0d8aaf0c03a629c6fb7e2d2f1
cases/_review_2026-08/runs/seismic-direction-check/result_b20.vtp	98752	3c72bfbf8a9706561239bd6c8b1052dd3042de315ec2402c49707318b60b3860
cases/_review_2026-08/runs/seismic-direction-check/result_b200.vtp	108760	e29bd764ec95032fbdee36e57d2e205f3f355ebef9491c6e75e5ba677e5750bc
cases/_review_2026-08/runs/seismic-direction-check/result_b201.vtp	109239	1c990e57b797ff5ac0b1ec11832a921f860fa32a8d2a121132b254cd9d64e228
cases/_review_2026-08/runs/seismic-direction-check/result_b202.vtp	109179	0031b1b800faf34f73072d5d8ff580ad3bc00ccd7e66fa68cf405bc596b7145f
cases/_review_2026-08/runs/seismic-direction-check/result_b203.vtp	109465	0c0c8788d405d8049e802e833b5f92a4b2e850a52578a37a222e44c92f873cd8
cases/_review_2026-08/runs/seismic-direction-check/result_b204.vtp	109737	ea5295b0b3d0e8c9e7dfc70efec74b75377a367ddb164f63d8594a205eaf4eb8
cases/_review_2026-08/runs/seismic-direction-check/result_b205.vtp	109499	b91415a87a20afcb478e5ce530019397ad12ae00224e02421397a13bb9ed64a4
cases/_review_2026-08/runs/seismic-direction-check/result_b206.vtp	108985	22de0dfe020436aa2c2567f68ddab18473ad107cc977755e35c632c57cef11c5
cases/_review_2026-08/runs/seismic-direction-check/result_b207.vtp	109004	8b82644f98a764e15fcaa989203ba28daa28d6a8cf858307d656482d73f9c27d
cases/_review_2026-08/runs/seismic-direction-check/result_b208.vtp	109617	70d2e1a27c4a8e52d8432200de1353bde07bd014e7735980c998dae5daad342b
cases/_review_2026-08/runs/seismic-direction-check/result_b209.vtp	109256	6f9647d4214e3fa42b51ffd61db6fd254ea5784504ca25a1113fb664f6f81164
cases/_review_2026-08/runs/seismic-direction-check/result_b21.vtp	98191	19d7b1d26fe561d7acd92d3205e02f7ce2aa2022be7abd0679d74d280b30d97a
cases/_review_2026-08/runs/seismic-direction-check/result_b210.vtp	109708	84aed49db33c6d7b382773be17cb6a991e37e8cc82005a29a793eee97cce674a
cases/_review_2026-08/runs/seismic-direction-check/result_b211.vtp	110515	da3ca92dc94a82258106b3c3ce4ee9d59fefee958cf598e57a38fe4dce6569ba
cases/_review_2026-08/runs/seismic-direction-check/result_b212.vtp	109339	3a4047a3f07cfd7a9615abc160a040bd29499bf7c2e73782122af5342fc108e9
cases/_review_2026-08/runs/seismic-direction-check/result_b213.vtp	108963	9905eb37ab530e603f188ac55d38a976fdb03cb84787922a44511899fc1f8ea4
cases/_review_2026-08/runs/seismic-direction-check/result_b214.vtp	110520	bae1118890524804dc21251a102f0a16833e6e776672add17087d860d724532b
cases/_review_2026-08/runs/seismic-direction-check/result_b215.vtp	109304	3ee5e7ba2d5c16f9f834c5f4f06335afaceb7ca8231b9717ea68c29f4a1a0604
cases/_review_2026-08/runs/seismic-direction-check/result_b216.vtp	109701	a45bb54c13fb8a01e8d4b597cedb863a86fbc4b41b6b7c419b658f4469f0bf2d
cases/_review_2026-08/runs/seismic-direction-check/result_b217.vtp	110087	1c2863054f8f8e53b88ee2687b2055302bae47d32680f36cf71adc1966ca062a
cases/_review_2026-08/runs/seismic-direction-check/result_b218.vtp	109616	243a1eb731f5d29aaa8380fa4e37d150e59a79396468eff387b8f638d12911c4
cases/_review_2026-08/runs/seismic-direction-check/result_b219.vtp	108968	2a1734849a689d61485c221b6f790413800f87a70f35f4fc778ae75b1f6357f4
cases/_review_2026-08/runs/seismic-direction-check/result_b22.vtp	99477	0c53cd51c2cbdbcf236d201620dd0f07b08af361da854dec00caa859d33e53ba
cases/_review_2026-08/runs/seismic-direction-check/result_b220.vtp	109269	9cac477f8fba7690a94ba2491233bf82e32ab524ab8a0c5bbb40a9a72fbeea76
cases/_review_2026-08/runs/seismic-direction-check/result_b221.vtp	109675	23e8c0b4bcf58f2b38f913c73be25c9b5d83498a738180b830a0fafe6d278b37
cases/_review_2026-08/runs/seismic-direction-check/result_b222.vtp	109567	b49064ac3b9536f9c29955aa189a16170baad7a0561eb55ef425f896f5cd01e0
cases/_review_2026-08/runs/seismic-direction-check/result_b223.vtp	109972	f350a1ad1eed78bafd357164ee1e138da525bb537dc1088b6b67eef3ca4b26a7
cases/_review_2026-08/runs/seismic-direction-check/result_b224.vtp	109942	ec4edb9a691c3d8b762a3bf1ead80554f6033cbcefd64efcc0167c3f591b50ec
cases/_review_2026-08/runs/seismic-direction-check/result_b225.vtp	109474	f481bfd5934ff0155ef6b37385ce1ec9c83f700bb4b58c85db184c294689eea2
cases/_review_2026-08/runs/seismic-direction-check/result_b226.vtp	109155	929c58c3ac3ce973e902e43f8bc70f5101ec07de2a9e56026b6444b8f58b5df3
cases/_review_2026-08/runs/seismic-direction-check/result_b227.vtp	110880	2fc54f5b2521ed78851f6b8302ba47a40dd28fb3d82ce167df136e61ac678dd9
cases/_review_2026-08/runs/seismic-direction-check/result_b228.vtp	109537	e5c6e044df231347ab9e08b726ace94472042bdbaf5f6781d6aa24240bb086e1
cases/_review_2026-08/runs/seismic-direction-check/result_b229.vtp	109880	0a7e89a0e5875e2d92cf6497f9d2862215ea649d0221332f9fa49445a13b7b5e
cases/_review_2026-08/runs/seismic-direction-check/result_b23.vtp	98635	08fe5c0b401e6ffd15fe6ce8504b03bb453c719b7985f3902e8a1e97ffb717f4
cases/_review_2026-08/runs/seismic-direction-check/result_b230.vtp	110628	fa7973fe16ca9b8e696709df5551c4c0feeb0ff8c71b046c8047b57ad8e64d0b
cases/_review_2026-08/runs/seismic-direction-check/result_b231.vtp	109670	e1be5eb563545e4f412b679072d25f597e1b3c33d382bd0510c7af2acebd1ad8
cases/_review_2026-08/runs/seismic-direction-check/result_b232.vtp	109159	49bc40d1b1ce332b2c7d4fa7b637404e0bf43fd85a9cb19ab8cf231c0439a7f5
cases/_review_2026-08/runs/seismic-direction-check/result_b233.vtp	109553	5c5af940aa7886569f8967b099995676a30fc3c95cf632a88d662abbb8025319
cases/_review_2026-08/runs/seismic-direction-check/result_b234.vtp	109668	7c09c3f91af8a5966437c0ff5304d26a918aedaf50b786bfa4e88db07de47cc7
cases/_review_2026-08/runs/seismic-direction-check/result_b235.vtp	109995	f6a44d72c098b92126a66efef6e2f2d9803cd88c13d6e79bf623962036242197
cases/_review_2026-08/runs/seismic-direction-check/result_b236.vtp	110053	ed869f842c9fe133f7c704e3b471bb20b899af65ef4616d92cf67e886f50ad9a
cases/_review_2026-08/runs/seismic-direction-check/result_b237.vtp	109852	a79d8aa8c76808ef45233092c19b5a50965b94edce44860643287e35ac370c04
cases/_review_2026-08/runs/seismic-direction-check/result_b238.vtp	109431	3935f40cacd01e67954e5567d1c0552af22f8bbc2367de041ec36d8bd2b4ba73
cases/_review_2026-08/runs/seismic-direction-check/result_b239.vtp	109389	c19f2d3bf3599a9d3a817d5251025d153239d0539566932623473e33d52e9e95
cases/_review_2026-08/runs/seismic-direction-check/result_b24.vtp	98950	b50c8dfbbf392cd82eadd0eba466bf4b9201d4a205755d3a09a0702c7406c037
cases/_review_2026-08/runs/seismic-direction-check/result_b240.vtp	110230	95cb555e7535a85d10ad309d9547c3ed85986fef97d16a5a6e932618fa2041c2
cases/_review_2026-08/runs/seismic-direction-check/result_b241.vtp	109660	e969b1953718bc48b0fe60c88eafb2cb5b22b7dd062e68af12715aea98ddd70b
cases/_review_2026-08/runs/seismic-direction-check/result_b242.vtp	110036	4e59adeee66900e510c90476ef33823c0fbec87601694d18a4b060a0e8afcd2e
cases/_review_2026-08/runs/seismic-direction-check/result_b243.vtp	111373	a555e6308cd24f9362c4a6c3ee91fb8b5c467e89c544fee5e9076fc24a852323
cases/_review_2026-08/runs/seismic-direction-check/result_b244.vtp	109865	5d0f61f8213907133ff2d545587f40a9e140949a18504663ae4b577fb1ff330c
cases/_review_2026-08/runs/seismic-direction-check/result_b245.vtp	109388	04f20c4ca351ed551b31e1836a0bda254d1c64fa4c38810784bdb74770f63546
cases/_review_2026-08/runs/seismic-direction-check/result_b246.vtp	111018	f9a03fa298f11d6eb7c85e661915921086cd2e04ae4a3f0f637a20082f7b623d
cases/_review_2026-08/runs/seismic-direction-check/result_b247.vtp	109835	9fffd8281e71730cfb860e84faee039601444e98ada592d463e0ef8f647345c9
cases/_review_2026-08/runs/seismic-direction-check/result_b248.vtp	110176	009eeba163d139e8a2aea221d93eb75a23eeaeed6f3ea2c2e770d388add21e73
cases/_review_2026-08/runs/seismic-direction-check/result_b249.vtp	110699	f77b347d01a1389488b297b8143f64ccfde7f9ce4b72770b9ccfb4308ae8434f
cases/_review_2026-08/runs/seismic-direction-check/result_b25.vtp	100129	bcc9ee33dc5d0e778a28f2aa51f167b7cb3db2d5c43d45577955d88fc50a2518
cases/_review_2026-08/runs/seismic-direction-check/result_b250.vtp	110048	c97284c3133eb948e3ec673c933741b9d59cd7f3722057f928b5902e520aa0de
cases/_review_2026-08/runs/seismic-direction-check/result_b26.vtp	98711	d27f04b2ce891a25db098305950e99a98951982d9ca96730380cc33ac53ee286
cases/_review_2026-08/runs/seismic-direction-check/result_b27.vtp	98279	e270e557c69d2f4bec1c2b6b857781d2b7bd046d4b29debca71192e426ea78a5
cases/_review_2026-08/runs/seismic-direction-check/result_b28.vtp	99608	b04a93446a89d5012383f58136839aa91fb02013b6fd22a551a78795f7b4ef5c
cases/_review_2026-08/runs/seismic-direction-check/result_b29.vtp	98996	03b3dddee940c1e6919108b5bf048cee457cd7f4d5fa713935a489623bc4bdbb
cases/_review_2026-08/runs/seismic-direction-check/result_b3.vtp	99352	8cc0853d24f48feb436c47316492de1df08d185ce3660c6c3e3e76c5241cf423
cases/_review_2026-08/runs/seismic-direction-check/result_b30.vtp	99670	63f5203d654d5574e8c3d63031936a355dc03b3fa3585d700c2821b524464e81
cases/_review_2026-08/runs/seismic-direction-check/result_b31.vtp	99915	b5546cbe602beab6a128877ef043d1eee835cd26dab7c847c3358a4d5b04e576
cases/_review_2026-08/runs/seismic-direction-check/result_b32.vtp	99436	1230263c8a9bbe1f57c3245a8c65f503d0dbc80ab38dc08f9bb41ed34ad2cbb4
cases/_review_2026-08/runs/seismic-direction-check/result_b33.vtp	99578	3b9ef26b53eef020136fb1a09b05ce88063d8b72500dcf5d2571f0e92b562d73
cases/_review_2026-08/runs/seismic-direction-check/result_b34.vtp	99148	c2f1e1b46f20578b3162be521a3b78c99f8bfc8f2e3d38afc8d101f1db4ed626
cases/_review_2026-08/runs/seismic-direction-check/result_b35.vtp	99688	8b364fa359b01fbccf9d9855f4c9ab8004d70dd6fd4c76fdbae777e1417372d8
cases/_review_2026-08/runs/seismic-direction-check/result_b36.vtp	99654	0a05c6a3a309a0d49225117b1174c8cc12167082599eccf30fb1feb6a45e36c7
cases/_review_2026-08/runs/seismic-direction-check/result_b37.vtp	99859	fd63803732f2274e9eeaed722cdf67f99d5772985ea90523968fbacb0069388f
cases/_review_2026-08/runs/seismic-direction-check/result_b38.vtp	100299	1c1ca5035cf84d58a791b78a168131a85339708294cc393ade2b7fb738a96ca1
cases/_review_2026-08/runs/seismic-direction-check/result_b39.vtp	99646	440f91fdd67e148054e5913b360ee55f935b49dd56c7356dd7c38c4de7aad3b7
cases/_review_2026-08/runs/seismic-direction-check/result_b4.vtp	99061	a39ac6b9a10e5017bf745d401b09124d03739657f3e14fcf871668728f4c2a63
cases/_review_2026-08/runs/seismic-direction-check/result_b40.vtp	99236	589d51f326dbe130a29cb6b9bf83bc7f6bc003b25fa4828e25efb1b147e55e8d
cases/_review_2026-08/runs/seismic-direction-check/result_b41.vtp	100694	23e3c277b59b7192c93da98143ddb8a6064db38351787891ccb3d29583c2fb7c
cases/_review_2026-08/runs/seismic-direction-check/result_b42.vtp	99597	999739e46abe79f0168b6a81236281263253114829bf212aa81083ab818b2615
cases/_review_2026-08/runs/seismic-direction-check/result_b43.vtp	100170	649f4a7f043fac4d2079d29d80ed0f496d4f2e26dc3a0c5d294dab77717d0a56
cases/_review_2026-08/runs/seismic-direction-check/result_b44.vtp	101064	982b43c6fbc30871eeea8013dbdcada55952d4865f172d5ac4840c8c23df9280
cases/_review_2026-08/runs/seismic-direction-check/result_b45.vtp	99910	6892cab6c7d245afa2cc4e0d1ac880fc40a2ad243a148cf83d6687b8b3ce51ff
cases/_review_2026-08/runs/seismic-direction-check/result_b46.vtp	99817	fc2bd9c0bde170d82a262329d36efdaf9d1c41da8ac45927e361256b6fb782d5
cases/_review_2026-08/runs/seismic-direction-check/result_b47.vtp	100251	4b63d06c06ee16224d0dc94bee1b898c0a43a56ae1a39b28e45fc86a78fdeb8b
cases/_review_2026-08/runs/seismic-direction-check/result_b48.vtp	100040	118b726c3ff05ad75eada8ccab28f25ec7b620421591756a08b36f001a92864e
cases/_review_2026-08/runs/seismic-direction-check/result_b49.vtp	100842	b6a445370f41891ab4e16b6825dd3bf1d1be4ac197c86f5be7bbb6ada58713da
cases/_review_2026-08/runs/seismic-direction-check/result_b5.vtp	98054	12f2496ab2492b05bea124b801d502171f7404f5efd1ed4214c5272f421fd011
cases/_review_2026-08/runs/seismic-direction-check/result_b50.vtp	104689	f5ea48f3d1a576685d4274e30c040888f53f4fd55bbbf54c35a169d41381a24a
cases/_review_2026-08/runs/seismic-direction-check/result_b51.vtp	104419	6b40b1b080c43579a477d478b3a3e0404b5e382db90fb4a32f03cae63a9a51bb
cases/_review_2026-08/runs/seismic-direction-check/result_b52.vtp	104466	e488588a0ad2a43a9c8061c06658540935b22c59e3c007c1ef75d9c2eab162fc
cases/_review_2026-08/runs/seismic-direction-check/result_b53.vtp	104021	e2f32b4d813b374475fa8899c5221eb4814b362cc53a2698bd29548d5b6b5e06
cases/_review_2026-08/runs/seismic-direction-check/result_b54.vtp	105004	8eb0db1dfcff8887f35a6cab8e91c294bc070b3fa00fce1ad8118c3093c7c6fa
cases/_review_2026-08/runs/seismic-direction-check/result_b55.vtp	104336	e29d161f365b5d7535b4ec7c63306d580ac8efa5f95e5df3ff2a2afe4395ccd7
cases/_review_2026-08/runs/seismic-direction-check/result_b56.vtp	104800	8185f1aab75a9ffceae00202f7ce6f732538db1c5edc56e32f9f819b490cb56e
cases/_review_2026-08/runs/seismic-direction-check/result_b57.vtp	106192	c9223bfd9794120a5fe3a13641393e9dd5242457be42fc4e22e92ef2548af65e
cases/_review_2026-08/runs/seismic-direction-check/result_b58.vtp	104576	a7828ee7b872f7a4d8f3f5609ac51c70181d52bd62ca11aa495392ca9209ee4b
cases/_review_2026-08/runs/seismic-direction-check/result_b59.vtp	104267	ba636f595ef6daf362d8737195feba78b71e932e06a673720b71696d175992c4
cases/_review_2026-08/runs/seismic-direction-check/result_b6.vtp	99226	d52f6811e76ae104617af4e173420b9afafe855146000f44412a1744693ab628
cases/_review_2026-08/runs/seismic-direction-check/result_b60.vtp	105492	64573632b63fddcd7d88db9eacd75991f96b27e0c3f9d0ff840d9e85fea65a2d
cases/_review_2026-08/runs/seismic-direction-check/result_b61.vtp	104613	0f5eee43d92c4246329ef5c96130e5b87f88e4038fec6e5f33f5e4e4e8855d98
cases/_review_2026-08/runs/seismic-direction-check/result_b62.vtp	105251	195daf61923e1ba4e8b05eaf729d09903c2a6c98509d09220087fc6261fcc7b3
cases/_review_2026-08/runs/seismic-direction-check/result_b63.vtp	105796	951d99a4744bffa1e7c7b188ef283d27f89d5d89c883d19e062fdb114d09eb52
cases/_review_2026-08/runs/seismic-direction-check/result_b64.vtp	104937	e5044741325a506801f6a1aebecdcb865179dd71173ce7b78b40f4dfca2ae40a
cases/_review_2026-08/runs/seismic-direction-check/result_b65.vtp	105023	9ede772901fb7f2a9bcac05e2fb6c6519ebe54ead295de9c6b890c8c71a46a5b
cases/_review_2026-08/runs/seismic-direction-check/result_b66.vtp	104706	fa6c4638ee6c9d1edf06161e6fc993a8b790b8a037af50abd643bce04e38d408
cases/_review_2026-08/runs/seismic-direction-check/result_b67.vtp	105247	6635844ab251b8d9662e86aa35de11e8fdd7cd797239a1696968be9c5c735726
cases/_review_2026-08/runs/seismic-direction-check/result_b68.vtp	105064	edbd40018a3be2ee5994e237b901dc8d19751277b995425586861b39df825c08
cases/_review_2026-08/runs/seismic-direction-check/result_b69.vtp	105415	da1b8b7ceee9da2801ff5bd7eec13187cd6053937ec590e715eb87286c0494ef
cases/_review_2026-08/runs/seismic-direction-check/result_b7.vtp	98656	7a7164bf40a5d76ca41c21f994eeecf3e9479963d7fb34780365c81aeb60f0ee
cases/_review_2026-08/runs/seismic-direction-check/result_b70.vtp	105973	65c5ea4fe5c65c1a6f6e8c29e74cb2252c106b64dc4ed5131b7e6982e28f8c9a
cases/_review_2026-08/runs/seismic-direction-check/result_b71.vtp	105129	243d972655f278f8a14da2707cc307dba130adc8699275c08dc79a0df06da0dd
cases/_review_2026-08/runs/seismic-direction-check/result_b72.vtp	104767	46f6fb65f7e8b5c5ca77445b82957d87ab0c85546b711fd6b02c4b2d68d794f6
cases/_review_2026-08/runs/seismic-direction-check/result_b73.vtp	107162	242404a2b84e973ee39616deca6f6dbec330185bb9a03bedb731291480180183
cases/_review_2026-08/runs/seismic-direction-check/result_b74.vtp	105161	881de447fe453b705da377c1b97beb5e7642162f1e300a81e7c8a9df5765e2d8
cases/_review_2026-08/runs/seismic-direction-check/result_b75.vtp	105667	e57a26be6165316227fd70004543bb196fcf7139015fa78f1dc17de399153dd0
cases/_review_2026-08/runs/seismic-direction-check/result_b76.vtp	106796	5ad3a8aef52f3a36b2a43be9e21197846b4f52183551438aa6e9ca6ee5cc7062
cases/_review_2026-08/runs/seismic-direction-check/result_b77.vtp	105447	2e0125c29fd8ff03bad88a589cecad31effce2a7778e442ed8b387ac760dc870
cases/_review_2026-08/runs/seismic-direction-check/result_b78.vtp	105167	528d19de3bbb5738e82c0663213f78b649dc7b2752e6abd50216afa500133a73
cases/_review_2026-08/runs/seismic-direction-check/result_b79.vtp	105703	34701f81a039e370096f6de8826c946c8326cfa9d1bccee2fc284d044d24533f
cases/_review_2026-08/runs/seismic-direction-check/result_b8.vtp	98302	068a178b514cf38fb582fa8e7f3f8f60d1a8c8ab7f775fc40bf8ceaa58b1a4b6
cases/_review_2026-08/runs/seismic-direction-check/result_b80.vtp	105684	45a7d7a34adb899d7ecd6283b21ba38181bc90ec7ad9bf64a4e006ad964dd5ad
cases/_review_2026-08/runs/seismic-direction-check/result_b81.vtp	105785	78fd103d842d5cbaefb98850e628e7798d7d1c002987fce7018c52c287502031
cases/_review_2026-08/runs/seismic-direction-check/result_b82.vtp	106340	b1de277303e8a6c129283423cfa6d38743dcf2d70f99ebdafe0d4bcee4707729
cases/_review_2026-08/runs/seismic-direction-check/result_b83.vtp	106162	fca442e7fadb3ccd7ef754718f202d7cb76c35c4304059c6b002f3b33c85acd0
cases/_review_2026-08/runs/seismic-direction-check/result_b84.vtp	105676	6439c44248fd50dd7426ead4c8ab8d98afc371bcaed5c003f46be95ab356c49f
cases/_review_2026-08/runs/seismic-direction-check/result_b85.vtp	105587	b1b82976494bccde9e6e428f1af7ecfc5adca6832f0538a930a6e55f98e628e2
cases/_review_2026-08/runs/seismic-direction-check/result_b86.vtp	106625	a6c6fa5df3e9cd3a1f0c0cf301e098eeeea9ebd575275e65aace664977a9b658
cases/_review_2026-08/runs/seismic-direction-check/result_b87.vtp	105837	88a619ab9be94ab4495a1f062cab0535416991193d032b030705dad7b89724ae
cases/_review_2026-08/runs/seismic-direction-check/result_b88.vtp	106383	b84d694b28b7b7539f56a55cb33e480b8f3cd9bf369f888a741b0e017d7b3398
cases/_review_2026-08/runs/seismic-direction-check/result_b89.vtp	108002	3da6d263b5c276f9772a238626eb1d45c0560fcbe38165abef67fcfc574175d0
cases/_review_2026-08/runs/seismic-direction-check/result_b9.vtp	99053	088707c4b27b9dd642c46fd1e240e9478cc9b1d1b57eb9d1107f4375954499af
cases/_review_2026-08/runs/seismic-direction-check/result_b90.vtp	106078	f2ffc00d88f3f9632e51d6d669587b4d7266b32b5e3ffd3d02fc92c522d73feb
cases/_review_2026-08/runs/seismic-direction-check/result_b91.vtp	105761	3883586ab0939fd099924649481728392ead07d8d9e2964ba4b81765b5b0ec79
cases/_review_2026-08/runs/seismic-direction-check/result_b92.vtp	106724	c21c5e5c4b6c1df0539ade483704ae3df47f730978b0cf77a9e8ea02d21daf57
cases/_review_2026-08/runs/seismic-direction-check/result_b93.vtp	106156	714d81f7e520da5252325e38743badc03504f47a6f031266c42dfeb579744600
cases/_review_2026-08/runs/seismic-direction-check/result_b94.vtp	106683	a3477c13fe672247d8abafdc49f0087b7d794bc5e46a0f6857c44b2df8054772
cases/_review_2026-08/runs/seismic-direction-check/result_b95.vtp	107062	4131314f8e5701e3a39c5d185d28d671400fc9e94d3a4896b014eedb6e315676
cases/_review_2026-08/runs/seismic-direction-check/result_b96.vtp	106468	79d4d0a6fd824f5642e64cb8f219bc7420a5547b7fd19fa437058705331533a1
cases/_review_2026-08/runs/seismic-direction-check/result_b97.vtp	106259	5f6c0667ee7ca654634bac5398c8ee3de948d471133b038401614c4c205b2073
cases/_review_2026-08/runs/seismic-direction-check/result_b98.vtp	106159	6a204d9731fdd7da3504ec8b83f03028e1bab2f4fdb843cbf15b1534fb25c88c
cases/_review_2026-08/runs/seismic-direction-check/result_b99.vtp	106812	6c3eadb94a85d49a995d1f35662e2072bbfd2b19d5d5df5f2f35de89f3efad84
cases/_review_2026-08/runs/suite/train01_gravdam_static/1.ctt	0	e3b0c44298fc1c149afbf4c8996fb92427ae41e4649b934ca495991b7852b855
cases/_review_2026-08/runs/suite/train01_gravdam_static/1.fai	0	e3b0c44298fc1c149afbf4c8996fb92427ae41e4649b934ca495991b7852b855
cases/_review_2026-08/runs/suite/train01_gravdam_static/1.flavia.msh	158508	c8e3de356bb7df95ed45bd25b317c1bffd483f771e6afda885ca7e76b68f6a7d
cases/_review_2026-08/runs/suite/train01_gravdam_static/1.flavia.res	713106	8d6e3059b9694b2aa1e38805a0b8edc5f20a6d1fc765b402b912f8d3424efb0f
cases/_review_2026-08/runs/suite/train01_gravdam_static/1.ftf	0	e3b0c44298fc1c149afbf4c8996fb92427ae41e4649b934ca495991b7852b855
cases/_review_2026-08/runs/suite/train01_gravdam_static/1.gpv	1136766	df00c853e16f740057a118e5fc69dbe642f99ab94ecf842a1ad0544dd68154c8
cases/_review_2026-08/runs/suite/train01_gravdam_static/1.ini	0	e3b0c44298fc1c149afbf4c8996fb92427ae41e4649b934ca495991b7852b855
cases/_review_2026-08/runs/suite/train01_gravdam_static/1.inw	0	e3b0c44298fc1c149afbf4c8996fb92427ae41e4649b934ca495991b7852b855
cases/_review_2026-08/runs/suite/train01_gravdam_static/1.res	0	e3b0c44298fc1c149afbf4c8996fb92427ae41e4649b934ca495991b7852b855
cases/_review_2026-08/runs/suite/train01_gravdam_static/1.resb	0	e3b0c44298fc1c149afbf4c8996fb92427ae41e4649b934ca495991b7852b855
cases/_review_2026-08/runs/suite/train01_gravdam_static/1.rtt	656260	0d3f48f8b6ee4e5d0623776862a87cb5d67174b0c439c4684b374c31b4d0b39d
cases/_review_2026-08/runs/suite/train01_gravdam_static/bc_overlay.vtp	6496	8826ba3c1350ba06ef922935ae598a872bd11592f86ed928a45fbc16c8646cb1
cases/_review_2026-08/runs/suite/train01_gravdam_static/result_b1.vtp	264001	30dc077d566bafe9a8dad99452b8f213e7e5e0df5bf77a30271a02d3a784623e
cases/_review_2026-08/runs/suite/train01_gravdam_static/result_b2.vtp	318518	d3f7490d2c8231dc26c3e985747851142ab0632059eef08bb4880f130aa79eb3
cases/_review_2026-08/runs/suite/train02_gravdam_seismic/1.ctt	0	e3b0c44298fc1c149afbf4c8996fb92427ae41e4649b934ca495991b7852b855
cases/_review_2026-08/runs/suite/train02_gravdam_seismic/1.fai	0	e3b0c44298fc1c149afbf4c8996fb92427ae41e4649b934ca495991b7852b855
cases/_review_2026-08/runs/suite/train02_gravdam_seismic/1.flavia.msh	158508	c8e3de356bb7df95ed45bd25b317c1bffd483f771e6afda885ca7e76b68f6a7d
cases/_review_2026-08/runs/suite/train02_gravdam_seismic/1.flavia.res	159514500	91e536876c184170b8e652ac64f4d843e117fd079aaf3ff36ca7adced80d2bf1
cases/_review_2026-08/runs/suite/train02_gravdam_seismic/1.ftf	0	e3b0c44298fc1c149afbf4c8996fb92427ae41e4649b934ca495991b7852b855
cases/_review_2026-08/runs/suite/train02_gravdam_seismic/1.gpv	177615750	b95e51a3a24527382cd5f993f3f7d6b9d62cf515f74002cfb4448066dc8f258e
cases/_review_2026-08/runs/suite/train02_gravdam_seismic/1.ini	0	e3b0c44298fc1c149afbf4c8996fb92427ae41e4649b934ca495991b7852b855
cases/_review_2026-08/runs/suite/train02_gravdam_seismic/1.inw	0	e3b0c44298fc1c149afbf4c8996fb92427ae41e4649b934ca495991b7852b855
cases/_review_2026-08/runs/suite/train02_gravdam_seismic/1.res	20460000	59123c691834c68a2355ac40ec6c1fef6ed670123c297ade0fc4df264802e9ae
cases/_review_2026-08/runs/suite/train02_gravdam_seismic/1.resb	0	e3b0c44298fc1c149afbf4c8996fb92427ae41e4649b934ca495991b7852b855
cases/_review_2026-08/runs/suite/train02_gravdam_seismic/1.rtt	710828	d6f08c13601a5141d7764a0c79bf3a944110db7ddf3b78209f5139e501fc211a
cases/_review_2026-08/runs/suite/train02_gravdam_seismic/bc_overlay.vtp	5041	7919398900253e0762fbd881293c53925a0400d59b13b5aa7ec64573a29220ad
cases/_review_2026-08/runs/suite/train02_gravdam_seismic/result_b1.vtp	594883	8832ea5b8e0ac46232e29431abd74bbe897443962f1cedb157a8215c0be47ff3
cases/_review_2026-08/runs/suite/train02_gravdam_seismic/result_b10.vtp	567637	500e348694b961eb04e3d6c1ca8ad755a0e8ac39a2d515be2da6f7711a254485
cases/_review_2026-08/runs/suite/train02_gravdam_seismic/result_b100.vtp	557170	fc44f946e97e59023d03e815bf0dc46650553e2a79e02fa1b7d4260b6d4cd46b
cases/_review_2026-08/runs/suite/train02_gravdam_seismic/result_b101.vtp	558544	e913932655ee74b663e1eef487a5cb8dbad2bdc17f670e5a1703d381156308da
cases/_review_2026-08/runs/suite/train02_gravdam_seismic/result_b102.vtp	562470	897bf5d553ac32112f0d2d7f0e6c2a40e1cd87f2afdd5a249d227d046964e45e
cases/_review_2026-08/runs/suite/train02_gravdam_seismic/result_b103.vtp	559530	b5c4001b679f9c03af700b2ef9a24d9ca1f37ff7359f3c8f15079cad1f00f9e3
cases/_review_2026-08/runs/suite/train02_gravdam_seismic/result_b104.vtp	557587	e2db0a3dac58fd1c3944da35b729f3ea72d17f9fc7279d8df83a0d1405d12d1d
cases/_review_2026-08/runs/suite/train02_gravdam_seismic/result_b105.vtp	562039	f6d93a6504ac502726add3e0621ae2f90513bd44ddcad6d8a825f671284e58d2
cases/_review_2026-08/runs/suite/train02_gravdam_seismic/result_b106.vtp	556975	1b8e0d3a17d9a39a72ecebdb53de3f9b7aca97df964de0a05859e2f814398d90
cases/_review_2026-08/runs/suite/train02_gravdam_seismic/result_b107.vtp	555350	f4e75722723d217c8839b3407f4c68e8610f2e95550e80917b9b027275ec76fb
cases/_review_2026-08/runs/suite/train02_gravdam_seismic/result_b108.vtp	559238	cd0cf3e74957cff34ec80d20ca56fa35411ebbbba1307bcf1a33e100f660b397
cases/_review_2026-08/runs/suite/train02_gravdam_seismic/result_b109.vtp	557968	21858337b31f93174e42ff2649d40a8ec152a82521f9904cf105451eb1d69068
cases/_review_2026-08/runs/suite/train02_gravdam_seismic/result_b11.vtp	568788	fd343cc755a8f5833b062291bf89f277e2bc5e6bcb84445977e4e960aa62fe53
cases/_review_2026-08/runs/suite/train02_gravdam_seismic/result_b110.vtp	563348	3484f278c9aed5b7f431ee9598e233b2b00e4e1a45190490f12e6f2aefbafc6b
cases/_review_2026-08/runs/suite/train02_gravdam_seismic/result_b111.vtp	557601	6c04e7895bdbb92a5e73f5339b857d731263aba5fd92d69212d6a501bb768679
cases/_review_2026-08/runs/suite/train02_gravdam_seismic/result_b112.vtp	556028	76734c519353922bb1053cded23cb515b7f5c415ef07d48207a8eafbfae68362
cases/_review_2026-08/runs/suite/train02_gravdam_seismic/result_b113.vtp	557298	ecc9ce11c8aa12b8791251245459358d9ea8b3fc0c6965a956e85f123e7dbc44
cases/_review_2026-08/runs/suite/train02_gravdam_seismic/result_b114.vtp	556595	6ebc7ec9b6e4dc2a7367a0a7ed962526342e8f9b9401303d71d43710a3230871
cases/_review_2026-08/runs/suite/train02_gravdam_seismic/result_b115.vtp	559915	1edf0f71277abe551db41166984c7d20ece9aeafe084eb1029f1bc7e480583f3
cases/_review_2026-08/runs/suite/train02_gravdam_seismic/result_b116.vtp	560564	910be035c01b30972f2ade30f0f03b1c0acfbf17bacf69aa3ad5b35593033dff
cases/_review_2026-08/runs/suite/train02_gravdam_seismic/result_b117.vtp	560827	b6f2d33e56fc58adc280854a0f495d62258dbb17588a9e2f3752310f1c447707
cases/_review_2026-08/runs/suite/train02_gravdam_seismic/result_b118.vtp	557149	54571156822e1230c7566ddba5e53440827a0969b1ecdc92c58937143f255b2a
cases/_review_2026-08/runs/suite/train02_gravdam_seismic/result_b119.vtp	560858	c18918b93746a6b57b16772ae37d9aa9f88872d861cb74eaa8c60a3d5b705ad9
cases/_review_2026-08/runs/suite/train02_gravdam_seismic/result_b12.vtp	567396	b0d3979634ff1aa37d5371f3345a73e995b2f66117bdb48389af30548c3fff95
cases/_review_2026-08/runs/suite/train02_gravdam_seismic/result_b120.vtp	563540	e825beec6fa2b70cfc6d0567724e4ce5d1c672b0c10b776ad1687c4a26adfc28
cases/_review_2026-08/runs/suite/train02_gravdam_seismic/result_b121.vtp	561829	51269dd73bb3d94c98c191d8bf6d3d47ce10398ceb6d5fb0ff20b411ec3b0b6a
cases/_review_2026-08/runs/suite/train02_gravdam_seismic/result_b122.vtp	566362	256048b6533989c327aea201ff5f467660a25b7a05e4119fe97c7f75a117b1ff
cases/_review_2026-08/runs/suite/train02_gravdam_seismic/result_b123.vtp	565046	8dd1750ca5dcc15d373c57ffb37e62f349f6734604901aac697f6754f41c8a85
cases/_review_2026-08/runs/suite/train02_gravdam_seismic/result_b124.vtp	563156	8923677ec9cb5ea27928e87a22bfbf7175fbe1d3cc63cd930eac05f5944ffc2d
cases/_review_2026-08/runs/suite/train02_gravdam_seismic/result_b125.vtp	564890	8af2cf5d4b91eaa92d813d5643922d644f7a02dcf06284c22c6f81b0669580c5
cases/_review_2026-08/runs/suite/train02_gravdam_seismic/result_b126.vtp	562907	b9ee40bb5ae513595da011b621a656d043f148b36b470bd5988ecfbd4fa062ef
cases/_review_2026-08/runs/suite/train02_gravdam_seismic/result_b127.vtp	566034	37ed0003be5cce7d93481994895416329813dec9d63cab979a04cc3f9f5d5041
cases/_review_2026-08/runs/suite/train02_gravdam_seismic/result_b128.vtp	563163	20194c9d3de8e3a9e880a8be300aae070f29a9164b76e9c4d68d98cd6e253d7b
cases/_review_2026-08/runs/suite/train02_gravdam_seismic/result_b129.vtp	560633	09d814850dfbf307ed55e6e6a934401420aaf1d46ba05c037d907987df3e5cd6
cases/_review_2026-08/runs/suite/train02_gravdam_seismic/result_b13.vtp	572102	7422cbc8004d042e9fc00cbb5cf51d6faa7c6eab452020437b3bf2bb99da6883
cases/_review_2026-08/runs/suite/train02_gravdam_seismic/result_b130.vtp	560315	14cf9bc7751322621265b587bec011828ca7d6595e5b4aebb7629fd10a891af1
cases/_review_2026-08/runs/suite/train02_gravdam_seismic/result_b131.vtp	563321	609d01249bd74cb951096ee232f15499f2da37eb9bbc7a48f12a069cbae9216f
cases/_review_2026-08/runs/suite/train02_gravdam_seismic/result_b132.vtp	557608	9b64274d5bea0e5a077218d2c8dc974fde5ff59392c6c70138b27c88acfb313a
cases/_review_2026-08/runs/suite/train02_gravdam_seismic/result_b133.vtp	561982	7c16351a685860ecd902b76be8efa0017972badd216554f157c0b4fc92f2e364
cases/_review_2026-08/runs/suite/train02_gravdam_seismic/result_b134.vtp	560800	d183f817bcded46a1c3de71a94cfcb3ebefe96a909351f1732be206189337b8a
cases/_review_2026-08/runs/suite/train02_gravdam_seismic/result_b135.vtp	559835	909083dd955c3221b5b0da39d1b49ee894a895a1beed2336df7c4b347fa5541e
cases/_review_2026-08/runs/suite/train02_gravdam_seismic/result_b136.vtp	564999	7d8bcd99bd758cd5228ff17c54b645ecc8dc7677c129a5dea11f45ed18a9ca2c
cases/_review_2026-08/runs/suite/train02_gravdam_seismic/result_b137.vtp	563700	8db5d660c458153fdd671ad24e57909ed5d7d0d42007d3323db06f52f4ae12b7
cases/_review_2026-08/runs/suite/train02_gravdam_seismic/result_b138.vtp	559360	5ec7a2b07192193b702d14c0a303daa997a1e5a2528e4f5eca94e9acd8190c1e
cases/_review_2026-08/runs/suite/train02_gravdam_seismic/result_b139.vtp	562587	4ea98882727bc0496e7d081471d37f037c602ea7c28bd19eb2613939a414d778
cases/_review_2026-08/runs/suite/train02_gravdam_seismic/result_b14.vtp	568073	275559c1dd87395c251bf436bac6099e748872338ef5b651ec9addd5f822b227
cases/_review_2026-08/runs/suite/train02_gravdam_seismic/result_b140.vtp	560516	e922cf9cd801807b8d13c58bd8e11fab8929eaf72609dbded019a814d5d99af0
cases/_review_2026-08/runs/suite/train02_gravdam_seismic/result_b141.vtp	558961	76bf9423310e34c9ee6c1c7cc91e1c6d6ec6579b38801443cc70afa11bee4388
cases/_review_2026-08/runs/suite/train02_gravdam_seismic/result_b142.vtp	562357	3eab6f94936a12a5166bbfc2bd98517a263909264784b546a0bdf4f246795c20
cases/_review_2026-08/runs/suite/train02_gravdam_seismic/result_b143.vtp	558682	e34d81483af0be0d74011cd1389cff2292a3d927760390ac0912bb0d1477fe6f
cases/_review_2026-08/runs/suite/train02_gravdam_seismic/result_b144.vtp	559151	d7a6f00153eb1ce4473170601aaeca243eae65e0cbe77190308db64abc0fe7f8
cases/_review_2026-08/runs/suite/train02_gravdam_seismic/result_b145.vtp	562870	99e78c57058ea2e97231d62670ef7e66106835587f4a6b39b48a957ffacbed55
cases/_review_2026-08/runs/suite/train02_gravdam_seismic/result_b146.vtp	556549	7891558b4777554b94d1668317988d783eb17892cf3d761fad17941446b53360
cases/_review_2026-08/runs/suite/train02_gravdam_seismic/result_b147.vtp	559265	049810c60c662b9a524112f6ba7f532e34670153c01aee6eda66adbee83bd1a7
cases/_review_2026-08/runs/suite/train02_gravdam_seismic/result_b148.vtp	560628	91bc491f6cb43eb6492a86f6a1ee019f1f1f645c8d8a50c52871c0177493b981
cases/_review_2026-08/runs/suite/train02_gravdam_seismic/result_b149.vtp	558782	b55050f21a9531d023b9bb660e5da06edef740a732b70aef0eb8904858776fdc
cases/_review_2026-08/runs/suite/train02_gravdam_seismic/result_b15.vtp	565193	de444c450a56fed615fe44087d6fbeba463dbb42ab6ca906c9ca230bd1796298
cases/_review_2026-08/runs/suite/train02_gravdam_seismic/result_b150.vtp	560638	240d201d7739f7d37d73684bb0dcbb21f3756c8051b4ee93220995c2125b5107
cases/_review_2026-08/runs/suite/train02_gravdam_seismic/result_b151.vtp	559029	800d45f979bc84ba4bf595009c1c630b1bf75f4962e5dc8156f889b795bad638
cases/_review_2026-08/runs/suite/train02_gravdam_seismic/result_b152.vtp	560095	a307380e1592611cdd2997954321cb5163c9d8b8db72afb5417389d13da43394
cases/_review_2026-08/runs/suite/train02_gravdam_seismic/result_b153.vtp	558487	8d2da4b52da12b999435dcec474fd654a5d43e56a9c6825188f66417b9785a0b
cases/_review_2026-08/runs/suite/train02_gravdam_seismic/result_b154.vtp	561754	10015ee044d3a03235b066a40b28054567354c4930ec87b5516ec385f40cd550
cases/_review_2026-08/runs/suite/train02_gravdam_seismic/result_b155.vtp	560442	845df19ca0cf95acdcea679ca006a2224b9bf46935c790de114bc493844be0ee
cases/_review_2026-08/runs/suite/train02_gravdam_seismic/result_b156.vtp	560620	2a8a3d176dc0a5b587207dd688d39f3dd35c84415d04216dfe81e90780c84b9e
cases/_review_2026-08/runs/suite/train02_gravdam_seismic/result_b157.vtp	559244	c96a2e291fd17bfa60cf0a1f344e84be419853204d91a1f3e880fea01067a0cf
cases/_review_2026-08/runs/suite/train02_gravdam_seismic/result_b158.vtp	563518	b68a129792f2e1786a7f7ee9ca0f4f49eb170350eb3ef9d774591390b3f8df5f
cases/_review_2026-08/runs/suite/train02_gravdam_seismic/result_b159.vtp	560149	3c3f82f8baa1db370dc118c542b89e8860eb8ffd5d4f403eb96b38fb27003d70
cases/_review_2026-08/runs/suite/train02_gravdam_seismic/result_b16.vtp	566861	352ece9c2fd225210d8e12b7cdcc1cf63605073ca5e64c50c4c92f9bda953625
cases/_review_2026-08/runs/suite/train02_gravdam_seismic/result_b160.vtp	558387	ae839d29d5d8eeb1c08db60d8e0a2840c1b93d9c740515a424257d8d0f641f2a
cases/_review_2026-08/runs/suite/train02_gravdam_seismic/result_b161.vtp	563351	17d871fadee9cfc94e177fd3ae0575f316e3a9af7f3cc47ed6baca3d125589f2
cases/_review_2026-08/runs/suite/train02_gravdam_seismic/result_b162.vtp	557885	d5abe3b08ce85f41d70bbfe38926932007e44a8e18b5b22e772b30f86504e5da
cases/_review_2026-08/runs/suite/train02_gravdam_seismic/result_b163.vtp	560053	e258382bbc57b18ada6839162e623964d8c64a4a8b6fc5a5fe3979ea129051d4
cases/_review_2026-08/runs/suite/train02_gravdam_seismic/result_b164.vtp	559649	7809a722d7982aa22a0f4c30dfe04df43931219b0adc4c9ca47ffc594d0c405b
cases/_review_2026-08/runs/suite/train02_gravdam_seismic/result_b165.vtp	559043	146183ce319ccd36a44e5a96326630571fc2972987a543461e9aee9a43cccc5c
cases/_review_2026-08/runs/suite/train02_gravdam_seismic/result_b166.vtp	559792	6349438a5451c44984c62aa806ca6b95b5e8ba2aac0d811d241d15198c027837
cases/_review_2026-08/runs/suite/train02_gravdam_seismic/result_b167.vtp	561765	faba154d7cf276412ee85da80617396d6c623a0f9d46906c6228f89c0ee40439
cases/_review_2026-08/runs/suite/train02_gravdam_seismic/result_b168.vtp	561984	3e2c9d42436b05b34b0cce3639af450bc67c53c8632bb4f618c55d4f10b0e97f
cases/_review_2026-08/runs/suite/train02_gravdam_seismic/result_b169.vtp	560310	70b3e3ec71d4a84e0b444f3f4bb532e08ce6c24929228484f79023754d7b5ce3
cases/_review_2026-08/runs/suite/train02_gravdam_seismic/result_b17.vtp	569722	e2e160fdc253fc7e9c605f43f2f02ef1b3e71d1ab3de2b34ef7f2f6e597c0d0a
cases/_review_2026-08/runs/suite/train02_gravdam_seismic/result_b170.vtp	560645	79af395d7c6053ac88255aad2b211b293a2a25ee71630f7add060359746cc506
cases/_review_2026-08/runs/suite/train02_gravdam_seismic/result_b171.vtp	557333	d21ba99619e5176e537fb1e66bb33f0740cbbbc58183baffd0f9121e83ff2d4b
cases/_review_2026-08/runs/suite/train02_gravdam_seismic/result_b172.vtp	560027	4b1c9495b712b7ab5f0aec18acd68edc90b8709fc5062de81e5898c2aff1d609
cases/_review_2026-08/runs/suite/train02_gravdam_seismic/result_b173.vtp	561865	7e075260cc407fbdf63e3d7714bd182cd75ed46d17ed6f2f41fd74b5ae429b54
cases/_review_2026-08/runs/suite/train02_gravdam_seismic/result_b174.vtp	559436	0f6854c128b5089d1a1d9f4d3864827f744355d8ece62b12a6aaa704e162c799
cases/_review_2026-08/runs/suite/train02_gravdam_seismic/result_b175.vtp	560083	f8aec303a01ce2a597ed70bfcf816baba039e75a03759c55d2f346f8e7956860
cases/_review_2026-08/runs/suite/train02_gravdam_seismic/result_b176.vtp	561086	3e0b7371c5b3bea138e2dcdae79dcf6d210c83a2e3e8a25b312df3d85c57b7fe
cases/_review_2026-08/runs/suite/train02_gravdam_seismic/result_b177.vtp	556999	ffb19cef9810077de351c4d629871a70d7166cc45ba4796f2b1a572871c3af70
cases/_review_2026-08/runs/suite/train02_gravdam_seismic/result_b178.vtp	561811	fa13d913e626c649b18485127ac52866655312e433a49dda3edeb6f7978d6bf1
cases/_review_2026-08/runs/suite/train02_gravdam_seismic/result_b179.vtp	559118	b10027adf7de0526a7122ad4f0e8c758c0259994e8cd15a7d56105fa09aa64ca
cases/_review_2026-08/runs/suite/train02_gravdam_seismic/result_b18.vtp	569777	8d10bf4ddfd62d452ae59b2200a7930a00b428499df156afc73ea162d836206f
cases/_review_2026-08/runs/suite/train02_gravdam_seismic/result_b180.vtp	559870	82b4bb9ee32e453ed93716b7947b52f0c6a806ce9106d7a7443fc7b24d5ad892
cases/_review_2026-08/runs/suite/train02_gravdam_seismic/result_b181.vtp	561409	e5ef7e8d1add8294e4bf8540f008bb2e6a575eec755022d08a05353ee33da499
cases/_review_2026-08/runs/suite/train02_gravdam_seismic/result_b182.vtp	566285	abe7331094146d6fcf923d21bc0f8c243496d42a6393cf29bfa503652a1eacfe
cases/_review_2026-08/runs/suite/train02_gravdam_seismic/result_b183.vtp	558385	08823f734fbfc8e6181129c46fc18885d4e0597366a4ba8935b7ff43798073e7
cases/_review_2026-08/runs/suite/train02_gravdam_seismic/result_b184.vtp	560460	79e020a919b7ba42dc3a6cb0e34d9a7251e123ddad9eefba65f32810a4e9daf5
cases/_review_2026-08/runs/suite/train02_gravdam_seismic/result_b185.vtp	561756	1bb0492f1e92be4863d3b1c25077b1c376d30e4b35e5449bbb445e1ab39968e6
cases/_review_2026-08/runs/suite/train02_gravdam_seismic/result_b186.vtp	563500	098db2bc7f6b01135b873e55b301f81d4995e0f341b1fda7fd56cd8a87f5537e
cases/_review_2026-08/runs/suite/train02_gravdam_seismic/result_b187.vtp	563384	479b709c2056e6b66b596626c2cd5cc399d943f563fdbd5cd1917cc574ee2cc9
cases/_review_2026-08/runs/suite/train02_gravdam_seismic/result_b188.vtp	560455	55c39b24e43b0a3c63f4497cb747818b3536227392568a133147e5da321dd075
cases/_review_2026-08/runs/suite/train02_gravdam_seismic/result_b189.vtp	563251	530a139a194dc7e32ca5e98b79ebcd969e2a574b84844dbb5c50196a5e1fb589
cases/_review_2026-08/runs/suite/train02_gravdam_seismic/result_b19.vtp	569151	ae31cf202e2bbbf5a7f4e2c9c345f86343801b0c433c2a7479b43b44e1c52b33
cases/_review_2026-08/runs/suite/train02_gravdam_seismic/result_b190.vtp	561893	6512ed0a2dc8c20a81c4c42a3895255c1ce45497599282e5ca58c3a4648b37a6
cases/_review_2026-08/runs/suite/train02_gravdam_seismic/result_b191.vtp	562710	97c2b4e7905f85e49d6ecf4e2561e9a36800d7d4dc4265d3f91297feed65fee4
cases/_review_2026-08/runs/suite/train02_gravdam_seismic/result_b192.vtp	563776	1eb1a6d7e6a801c1e27a6fc457071cf292697825ebdccf806d84da0c70f1065f
cases/_review_2026-08/runs/suite/train02_gravdam_seismic/result_b193.vtp	564565	7ba9179e50a70c4cf990501ad52d3ef4b7b1ea7bf27fb813770158ae5da75a31
cases/_review_2026-08/runs/suite/train02_gravdam_seismic/result_b194.vtp	560379	b9e8a7de5f0289a8ace212d5f2115fd97a98d4d0fd60b864f56ac5f9872ba11e
cases/_review_2026-08/runs/suite/train02_gravdam_seismic/result_b195.vtp	563200	099c58f8b4c42fd008bda232d357713d7996e3b7fdf5c8b883b8afa1159a55e2
cases/_review_2026-08/runs/suite/train02_gravdam_seismic/result_b196.vtp	563169	4a3d0fb22e6982c18aab3f45487b1499c1281a3ee7028ce8f27906b25264909c
cases/_review_2026-08/runs/suite/train02_gravdam_seismic/result_b197.vtp	561506	a58f870d13f928ed0b250042094fee2f686faff13eddc46b0f947af7e71c7df6
cases/_review_2026-08/runs/suite/train02_gravdam_seismic/result_b198.vtp	565338	de6086729daccbe9bfb0ba8a4f1b58ffcbe3b75052165f531ea2a3fb9a94c1a8
cases/_review_2026-08/runs/suite/train02_gravdam_seismic/result_b199.vtp	567857	d73a962dcc1dd0d2f39e356df867f8907e6acbe7af209369b9cd21b1238716a7
cases/_review_2026-08/runs/suite/train02_gravdam_seismic/result_b2.vtp	592700	e4872e7a59463ccd7f1be00b40f02710948f0a7757d226295486acb5153b2e1a
cases/_review_2026-08/runs/suite/train02_gravdam_seismic/result_b20.vtp	562262	15bf7bcb5c7bdf1dc0d7cf1b39ca3b6b2b4d71e12ba03727a8f62833cd2b677a
cases/_review_2026-08/runs/suite/train02_gravdam_seismic/result_b200.vtp	563435	dd39ad5dd4ba764c81ce3538cb9fe475eced4f73cff045f5fe192259d75915e0
cases/_review_2026-08/runs/suite/train02_gravdam_seismic/result_b201.vtp	567521	6784b30a8badce7c9f6e5ce52224b0e41256e856b95ba7fb18fdef8c47b4cab6
cases/_review_2026-08/runs/suite/train02_gravdam_seismic/result_b202.vtp	565569	13d7fdfb60f78366bc23cdee4fdd16c17b28c9dc5c3679b87d30c91971c78d27
cases/_review_2026-08/runs/suite/train02_gravdam_seismic/result_b203.vtp	563666	e7bb7f073c4feeccc8458544ff33313daccb77b850753a5ddccb3d8d72c42589
cases/_review_2026-08/runs/suite/train02_gravdam_seismic/result_b204.vtp	564733	37dfb29237ca7fd3ac113b81145d5032d1ab69a356a28c16e84cafdb15e0300f
cases/_review_2026-08/runs/suite/train02_gravdam_seismic/result_b205.vtp	566316	e5126a1db648988a819590daf75891cddcc6b16406a0dd4cfd44a0cf81c6ae3c
cases/_review_2026-08/runs/suite/train02_gravdam_seismic/result_b206.vtp	565829	1e107754361435d02c0fef38f4cb8ada06b5d5e002ba9e110a0bc129bc5c18b0
cases/_review_2026-08/runs/suite/train02_gravdam_seismic/result_b207.vtp	564937	14d872511953a990d3d546af37212cb83cf3fc519bda37bb761c16bfcfc6f3c4
cases/_review_2026-08/runs/suite/train02_gravdam_seismic/result_b208.vtp	569508	3959a97f4f05ced52bbd6599755dcddc81dc27d988d3cea095cb83dd971da8e3
cases/_review_2026-08/runs/suite/train02_gravdam_seismic/result_b209.vtp	567410	ee1c5bbe7eb0ccd3df8eccd7a493134f8e7641a8e58723ad05d07282499cada8
cases/_review_2026-08/runs/suite/train02_gravdam_seismic/result_b21.vtp	563038	40df4ac7d84cc0470cf0991b5980262124d9dd5fcfc321d6343268db7839a2ce
cases/_review_2026-08/runs/suite/train02_gravdam_seismic/result_b210.vtp	567523	309c4d06ecb0250835644aa3e0eab6c985b9a90df5108cedf596a9a00ae0079b
cases/_review_2026-08/runs/suite/train02_gravdam_seismic/result_b211.vtp	566749	ede5aa3abeb3f47e087931e5356e701fe26fe1d9a5b7a47e99e507a95fcb03df
cases/_review_2026-08/runs/suite/train02_gravdam_seismic/result_b212.vtp	566984	882d36f73a8ff0c38e32d027535306b085ec9cf425f73d88ff97a9460f53e719
cases/_review_2026-08/runs/suite/train02_gravdam_seismic/result_b213.vtp	568884	60f8c2ce5251670aaef91ee859aa2ba7096f0030a2017af271a0b35ff3023186
cases/_review_2026-08/runs/suite/train02_gravdam_seismic/result_b214.vtp	565422	817b38ba5d667306c258af0af4badeb257b839c959275829033679278d60c281
cases/_review_2026-08/runs/suite/train02_gravdam_seismic/result_b215.vtp	566121	8b4d27037f7fb1fc22a58e5e85809105768a2127c98e668203f54c5fbf722cd5
cases/_review_2026-08/runs/suite/train02_gravdam_seismic/result_b216.vtp	569265	50fc1cf24b049e9a3a9c6b08890396e46ba0b0b606eee5dfd7042f9547512d74
cases/_review_2026-08/runs/suite/train02_gravdam_seismic/result_b217.vtp	567201	728bcf91a2d3931e931ecfeb105a072582940dd065a824c4b809feadf2046a87
cases/_review_2026-08/runs/suite/train02_gravdam_seismic/result_b218.vtp	574369	0b6faa6d46b5278bd4c50d6b85a786b5bf6ad0bf4109cbe24ada8c9e43bc0306
cases/_review_2026-08/runs/suite/train02_gravdam_seismic/result_b219.vtp	567169	ed16a2f2481f73b41e2a2d59e3c1af19d40bfba4feb16ed4e3c28ddcde31ff52
cases/_review_2026-08/runs/suite/train02_gravdam_seismic/result_b22.vtp	561829	f0b4d456b835d5d5d5f0538be790d09f2a582ea77043bd786717b36026caea29
cases/_review_2026-08/runs/suite/train02_gravdam_seismic/result_b220.vtp	567608	da2deb5e26a89b5fd1e5878f9ace825215301f07421b669cd6d5762ce51fccc0
cases/_review_2026-08/runs/suite/train02_gravdam_seismic/result_b221.vtp	568836	9fae5a04473be01800a33049644b3665f1b12fc47e6da33e33b9ecf79aca37ac
cases/_review_2026-08/runs/suite/train02_gravdam_seismic/result_b222.vtp	569574	8a27882b1c78fc921f4f8f1abb17239dd324c918b4f18a0d7900df3da15efc40
cases/_review_2026-08/runs/suite/train02_gravdam_seismic/result_b223.vtp	570261	5aa6200579b03811e8b07f0ef06afc93c49d5b500a19db945e8bc46bfb73a801
cases/_review_2026-08/runs/suite/train02_gravdam_seismic/result_b224.vtp	572121	7c0a97028d61c2b40a1d1c654f9774b1d55ec40e350292fa524d81c4c2a0f98a
cases/_review_2026-08/runs/suite/train02_gravdam_seismic/result_b225.vtp	568233	7669abd01aab65a16276ca5628bfaa39353aea3a4271f278d463a54149c9d5b7
cases/_review_2026-08/runs/suite/train02_gravdam_seismic/result_b226.vtp	568993	8404785f65ce478a0270cd7d8b19a6e22e41d37388a17bbfd8b076ae6cb5844f
cases/_review_2026-08/runs/suite/train02_gravdam_seismic/result_b227.vtp	569089	ca07a940299267f3b4138c88dbeaeae052e44df8becb05e3793dfa50b344da79
cases/_review_2026-08/runs/suite/train02_gravdam_seismic/result_b228.vtp	569407	b1cfb31e46378f59843da2ca30a3e6710b721d0fba069211b2618627f3e19eab
cases/_review_2026-08/runs/suite/train02_gravdam_seismic/result_b229.vtp	571559	0349abd31bf97d99a6923980574ab2fde8cbca6ae0c6ee0442c1248266416206
cases/_review_2026-08/runs/suite/train02_gravdam_seismic/result_b23.vtp	563189	4f8d59b40baf528e9381f54eed159a3e353eafe1ec8fc11bd74824d592106503
cases/_review_2026-08/runs/suite/train02_gravdam_seismic/result_b230.vtp	568440	3451d94e5860c3a4f604e7f83b7da58235ca72ecde34b3556078027c10089ca1
cases/_review_2026-08/runs/suite/train02_gravdam_seismic/result_b231.vtp	573687	69cf94e1998ae01e212f16c4e59ec7f92c83d6eb720b9bd25c886392b66b4a89
cases/_review_2026-08/runs/suite/train02_gravdam_seismic/result_b232.vtp	572779	09162c213536c091bbe4201accea33b6e70a7c3119227b1240d9b4ecbc74283f
cases/_review_2026-08/runs/suite/train02_gravdam_seismic/result_b233.vtp	570435	3d8aa20cdf86356b447bcc3e93c3295e9bbf521d20d121bcd00298adfa3a089a
cases/_review_2026-08/runs/suite/train02_gravdam_seismic/result_b234.vtp	570509	4e23a4634914afbd0891b2005397b4f428a6ea2ba27dae075934205b6343a082
cases/_review_2026-08/runs/suite/train02_gravdam_seismic/result_b235.vtp	573067	71dcb1f22821f88bbf90f9b6497bed27c66d5f52d93d576dcb8ea2e987a34487
cases/_review_2026-08/runs/suite/train02_gravdam_seismic/result_b236.vtp	570822	c9f04bf7ea72842857696d06f55d60b9773b4695f8e0928aaf30fac5588b4b53
cases/_review_2026-08/runs/suite/train02_gravdam_seismic/result_b237.vtp	572293	8e823d6106494695fc95908c4902408e2b3d816ee0145e5157c9a660e83ef2cd
cases/_review_2026-08/runs/suite/train02_gravdam_seismic/result_b238.vtp	577143	07d34627c405dd32daa0302aeabd74433791093e89c3842f88549ec5b48ca13a
cases/_review_2026-08/runs/suite/train02_gravdam_seismic/result_b239.vtp	570105	7afecdcfab9d9e609a935d854b2fa037aa7a31e64ace515624b78b5ffe00ca28
cases/_review_2026-08/runs/suite/train02_gravdam_seismic/result_b24.vtp	564058	ba7dbc0df2533b33ac03cf8c590d84913fb70d095d214051b868120da78951b8
cases/_review_2026-08/runs/suite/train02_gravdam_seismic/result_b240.vtp	572426	c3f3e6a00ab344f588b8cb11b918c5ab9974698b792c98cbef92ab0dde50905d
cases/_review_2026-08/runs/suite/train02_gravdam_seismic/result_b241.vtp	575637	5565ba0b3520ddea765d6165015178d80abd45f5e0107fbd35245c2f09e05fc8
cases/_review_2026-08/runs/suite/train02_gravdam_seismic/result_b242.vtp	570176	adfdc769c050264ab41f64c56c6c4f7b95451a8bde35b61bfddd7999737d9f63
cases/_review_2026-08/runs/suite/train02_gravdam_seismic/result_b243.vtp	575141	26fb651a79ddd07b0262d2244766d7bee0453761bc8a345ec4f8ac4b66abf22a
cases/_review_2026-08/runs/suite/train02_gravdam_seismic/result_b244.vtp	579139	d7a5628f0a2475502e43453d878cdd316ae4c76e4f3922271b5be7421784efbe
cases/_review_2026-08/runs/suite/train02_gravdam_seismic/result_b245.vtp	575115	f24ed934512d7b383331003da6b8dba23dddf0d9f86b4db723b0ac8589d35502
cases/_review_2026-08/runs/suite/train02_gravdam_seismic/result_b246.vtp	572790	cb033e374e155c3ddcc87eca688a9e1e7aec961e37a38d074cc33eff5e075db6
cases/_review_2026-08/runs/suite/train02_gravdam_seismic/result_b247.vtp	575889	681c7c4c998936965c0dd57bf0cadd02453c6c8699ebcdc4277f16df4617ffa0
cases/_review_2026-08/runs/suite/train02_gravdam_seismic/result_b248.vtp	571709	911963c86a3b5aa7e699bd96cea709a110d94de6c58658e7b75b4a8c61e57963
cases/_review_2026-08/runs/suite/train02_gravdam_seismic/result_b249.vtp	576174	238bd7a083bc862a5de292dd012d7381ec59192b55d25db284610755b42889ed
cases/_review_2026-08/runs/suite/train02_gravdam_seismic/result_b25.vtp	563579	c9b9c5e78e5bacfe1913c6a9e838b408546f56e58c354846117a9ddf08604899
cases/_review_2026-08/runs/suite/train02_gravdam_seismic/result_b250.vtp	574734	b609ab782e8635cc7c1cd99c9f34cca3bf520220ffe5ab52071eb1cc227272d8
cases/_review_2026-08/runs/suite/train02_gravdam_seismic/result_b26.vtp	563579	46d20346e634197bdc9faeb957fb036d3b66e0448e3f22f022972337100d4bf6
cases/_review_2026-08/runs/suite/train02_gravdam_seismic/result_b27.vtp	560763	beb42603dd0fea56a920b99ed1167e85b37c996708a145744625fc2d226ec61b
cases/_review_2026-08/runs/suite/train02_gravdam_seismic/result_b28.vtp	562451	df211cdca9b9ca10a4d0e88498eca6d6785989099260d19e5118a08a4a617278
cases/_review_2026-08/runs/suite/train02_gravdam_seismic/result_b29.vtp	561826	3e88147dc03d3e4116b013e41fb06676f9d015bf26d15a86cf6bf8828abc40a5
cases/_review_2026-08/runs/suite/train02_gravdam_seismic/result_b3.vtp	580646	5d78c3526f5959d06a70f2bcde67cc02a208010694c82d8411b9969d00fef699
cases/_review_2026-08/runs/suite/train02_gravdam_seismic/result_b30.vtp	562868	36658c9452716a85f0cf483d4a206b750953c3d83b72a42f48069e61a5b51d7d
cases/_review_2026-08/runs/suite/train02_gravdam_seismic/result_b31.vtp	561654	ed5308394c131501f0360d8932fbd13b209e71425f9e42c48e080b583a418f65
cases/_review_2026-08/runs/suite/train02_gravdam_seismic/result_b32.vtp	559976	77b6bc6c8d004b30d0e09758997542ac23826ba7fdc3028600fe2515e3e3b5cc
cases/_review_2026-08/runs/suite/train02_gravdam_seismic/result_b33.vtp	558890	71d4b991b96ca7ed10997a3fddd6dd2e24c76757200d7d83b56d5eacb02a2fce
cases/_review_2026-08/runs/suite/train02_gravdam_seismic/result_b34.vtp	564458	bdaf2b828b4aa2c0f67ba07cfa13699ab8825150823d406ac9ca525ce284fdda
cases/_review_2026-08/runs/suite/train02_gravdam_seismic/result_b35.vtp	558087	feebed9ff590b55f3031c83e7cc6a3b2b2a6f17d9d5e92cabfc3351f5f1c0327
cases/_review_2026-08/runs/suite/train02_gravdam_seismic/result_b36.vtp	560762	39e878fc511ebff87e1e6103609a3e3c2b62789ac918bd1e44f90d567b676640
cases/_review_2026-08/runs/suite/train02_gravdam_seismic/result_b37.vtp	563183	8f6e71bc540bf06ae967d27b3f0ef61bb72e87c169738fe68d978fa941dd3723
cases/_review_2026-08/runs/suite/train02_gravdam_seismic/result_b38.vtp	558710	8bb1e406959277afc738d8df4e9a341ca2ac3b519b7404d2b356fd17fe2aa235
cases/_review_2026-08/runs/suite/train02_gravdam_seismic/result_b39.vtp	563380	d5283bbb1820cf4a477757aae8005c7bcec364fd535c4578d922e11bfb6f37c1
cases/_review_2026-08/runs/suite/train02_gravdam_seismic/result_b4.vtp	578169	76cf29277157fa36b42847f4bff91e80be440156bf9dbf69befbe8d401f6e6ac
cases/_review_2026-08/runs/suite/train02_gravdam_seismic/result_b40.vtp	561858	90cf3ae13748375de1ef2a617e4e0fc1b508d8d0e2343ec1a5f0dd8b8103706f
cases/_review_2026-08/runs/suite/train02_gravdam_seismic/result_b41.vtp	565351	9005d1811f4d5af029885b101357d8eb58523dbd8ed422eeb1893aa213a83613
cases/_review_2026-08/runs/suite/train02_gravdam_seismic/result_b42.vtp	560445	12b3e949c69782292b5cff0966584bd86797ccf5ae360df0cf8e46086f0bd800
cases/_review_2026-08/runs/suite/train02_gravdam_seismic/result_b43.vtp	560325	b2d9f835569f06a8bbe0c8829cf2de882f59f7d6fd094e4135d030a10d100188
cases/_review_2026-08/runs/suite/train02_gravdam_seismic/result_b44.vtp	560508	bf4ff96d4ce9704b9835692991933f70c7053219bea5d995a0ddce0c5e804484
cases/_review_2026-08/runs/suite/train02_gravdam_seismic/result_b45.vtp	560252	004b0ae2cff77f738aff2aa54a1192199e63a7dfe8a3f41b864110dcf82f809b
cases/_review_2026-08/runs/suite/train02_gravdam_seismic/result_b46.vtp	565379	509bee9a6748071313175b053d41be8287ebe8d3378387909532f59b091912fa
cases/_review_2026-08/runs/suite/train02_gravdam_seismic/result_b47.vtp	557006	eb425f97cb1d7694dd58f7b4675e3d9a3a266e74e1cdcf9472f380d30191ccde
cases/_review_2026-08/runs/suite/train02_gravdam_seismic/result_b48.vtp	561686	c8473520a82036bcde4cc6b942590cfc46f3d3fffc65a904eddbf01666306df5
cases/_review_2026-08/runs/suite/train02_gravdam_seismic/result_b49.vtp	559643	2441a56cb790e70c3dc5139733522f37d5f66e7a2386409f47f71487e3f7ef0a
cases/_review_2026-08/runs/suite/train02_gravdam_seismic/result_b5.vtp	575479	f7d15866cc511cbc9cc0922ff07430374e3da847fdb8a2c7129a55f69ac41d13
cases/_review_2026-08/runs/suite/train02_gravdam_seismic/result_b50.vtp	559792	9998a956f85cf2fa6079e72fe915890c7d80df22988b23d01dd99fc251567a93
cases/_review_2026-08/runs/suite/train02_gravdam_seismic/result_b51.vtp	563873	b002c1ab0cccd33772fdc4e78dd48404fc18b09cd58f70f105ca16ae24f97cb7
cases/_review_2026-08/runs/suite/train02_gravdam_seismic/result_b52.vtp	561906	1ae93a298fbb0a0635af4d6766cb8a3279af9d4075cf25b3f11b18177603c55b
cases/_review_2026-08/runs/suite/train02_gravdam_seismic/result_b53.vtp	561141	6a9d9f3a52d69c89377051efb60ea0b386f258dac3433cb80926e8dc301cd285
cases/_review_2026-08/runs/suite/train02_gravdam_seismic/result_b54.vtp	559926	bf81a14f3f87ff2cfcd0f6ea9dda37b4cd12c24748cdf06fc5e7bcc2ebdaa8b0
cases/_review_2026-08/runs/suite/train02_gravdam_seismic/result_b55.vtp	561568	8d4dddc1a6ba2e53d4c5614f839f833568347737cd4e67f3472c7a453413c9b5
cases/_review_2026-08/runs/suite/train02_gravdam_seismic/result_b56.vtp	559058	de66fe5e0e5e5674196608467cfb8eb5ba4c37706a417a302ebc315ad4583406
cases/_review_2026-08/runs/suite/train02_gravdam_seismic/result_b57.vtp	559028	277dbc26fce245a9dd771ef7accb15966ff960c2e7913fe72df1af8a01c725f2
cases/_review_2026-08/runs/suite/train02_gravdam_seismic/result_b58.vtp	562256	eace66344237a02e73a074b3b6aa212f97d2e58811a3bf18580c1f1690e973ed
cases/_review_2026-08/runs/suite/train02_gravdam_seismic/result_b59.vtp	559456	db519aeb46bdfb78e96786132c5fc9fb35d87d8ebf1e92f4ccc1112b0f7ebff0
cases/_review_2026-08/runs/suite/train02_gravdam_seismic/result_b6.vtp	578154	3146c9c35152d98677314f52c411e993adb5cb5fd00277052e6ea4ef57029a54
cases/_review_2026-08/runs/suite/train02_gravdam_seismic/result_b60.vtp	559338	53ceea1b0419d9928e30336f50a20ace7f174bbd673b76101a8ef0da3df7f005
cases/_review_2026-08/runs/suite/train02_gravdam_seismic/result_b61.vtp	559238	a13b0814466fde2cc64281c4be976592a0080966e88f2178f73028d409187bed
cases/_review_2026-08/runs/suite/train02_gravdam_seismic/result_b62.vtp	557308	5a829d1923148613b417401ca8418f7e7f432bc539b232ef88498eac42e62791
cases/_review_2026-08/runs/suite/train02_gravdam_seismic/result_b63.vtp	558776	c432e38940a0c7b6e2fa24dcadca7271e9e48855ff8960b3f353ee31f4231cb7
cases/_review_2026-08/runs/suite/train02_gravdam_seismic/result_b64.vtp	556253	65ab12b2f5187638b31cbe2e1e9cfb5730cc9a86ddb2aeb5569cd9ecb7b48a76
cases/_review_2026-08/runs/suite/train02_gravdam_seismic/result_b65.vtp	557845	c64948fb9bc609b0db181bcaefea67784f1278543e1977f1a53a4208f2cddbd9
cases/_review_2026-08/runs/suite/train02_gravdam_seismic/result_b66.vtp	558350	6a998ad6783a46917d7d6aacf534da3202aa6d6c4e5ace02f515488475201928
cases/_review_2026-08/runs/suite/train02_gravdam_seismic/result_b67.vtp	557748	83748a4b3f6eefe2753db2a8d93bff448d8f7ed1a38f9686bab3409873796941
cases/_review_2026-08/runs/suite/train02_gravdam_seismic/result_b68.vtp	563016	fade8d0f22ac30193876f4d72710b3fb677f60131f1ee13a00aff6d6558d367a
cases/_review_2026-08/runs/suite/train02_gravdam_seismic/result_b69.vtp	567114	b5d8a07cbdf9a379e4aa726aacbf0ad7461dd2e371cde1b8ce9e2d4655018fa7
cases/_review_2026-08/runs/suite/train02_gravdam_seismic/result_b7.vtp	577211	e970f7eb6fbcde6c881f47e1108b1adca74aeb3ab4ec5695c09d2422decd342a
cases/_review_2026-08/runs/suite/train02_gravdam_seismic/result_b70.vtp	558951	9a357696c2793ac45d56bfd7c782686a2cb66387784eae934a8bee000daec752
cases/_review_2026-08/runs/suite/train02_gravdam_seismic/result_b71.vtp	559673	7f5dc4b7715aa7c683f0da6808112e2b4937bdc658f5e4129041e926ed73b784
cases/_review_2026-08/runs/suite/train02_gravdam_seismic/result_b72.vtp	562269	da9140be9910ef4b89acd7ae62e925d47d2b21faef0d3b1561d3740d712435e3
cases/_review_2026-08/runs/suite/train02_gravdam_seismic/result_b73.vtp	558443	3ff7ce80a7d3ced587e3e3f0288ac72307de9f04a4f30223a2d1cdbbe84f3d19
cases/_review_2026-08/runs/suite/train02_gravdam_seismic/result_b74.vtp	559475	af5c6be6d434eed8986f2bec824536f3dbcd0815aaf38398753bd56c07a422eb
cases/_review_2026-08/runs/suite/train02_gravdam_seismic/result_b75.vtp	562872	3021508de0cc7609dd600ba1cf13470edc400f3ea9eddcd5513cf74cd1dbd18c
cases/_review_2026-08/runs/suite/train02_gravdam_seismic/result_b76.vtp	560467	e4f7c5f7120be755cf542ed3ddf23d8b89fb75f41254a6fb9ae711176d649bd7
cases/_review_2026-08/runs/suite/train02_gravdam_seismic/result_b77.vtp	565923	659d88a5bcbfc9533a2686446b0afd6d48049fe6dd5601ff6e0158011f4e30ad
cases/_review_2026-08/runs/suite/train02_gravdam_seismic/result_b78.vtp	561969	97234106e517a868346e42c70422e0a785c88946490bacae03a1e20823137428
cases/_review_2026-08/runs/suite/train02_gravdam_seismic/result_b79.vtp	558564	0fe63986815dba7f7b0d8207ea9c7c46c8e6f7dc57ec62b673e6417d2ac7a3dd
cases/_review_2026-08/runs/suite/train02_gravdam_seismic/result_b8.vtp	571664	c90898a27c9bac90cf9e2fced5e8904179eb16d8b26e2e8ddf1df4da1c4463d3
cases/_review_2026-08/runs/suite/train02_gravdam_seismic/result_b80.vtp	562862	6835df4b13c205317a10a8cff97b93926cd610ca5e6334bb19ba1ed551ac54c3
cases/_review_2026-08/runs/suite/train02_gravdam_seismic/result_b81.vtp	562147	eba744d8567e65b11097be50fbd392feaf31cdf5752ef1c29f7f3d3fa7b9f789
cases/_review_2026-08/runs/suite/train02_gravdam_seismic/result_b82.vtp	562944	9e881d7d826080cd153d9514ca9b8cd1d9fbddd7939ca70c7e7d729b1ba694cd
cases/_review_2026-08/runs/suite/train02_gravdam_seismic/result_b83.vtp	559433	5db56965249b3d70233e38e1518455dfe6e8b96dd1d439b466a8ef772beb49e0
cases/_review_2026-08/runs/suite/train02_gravdam_seismic/result_b84.vtp	563318	e166dcbe92d2815f19d2de55c021691120ab38c9b7788673f9fe55176771cdfc
cases/_review_2026-08/runs/suite/train02_gravdam_seismic/result_b85.vtp	563311	1519efaa95671aa1e0728322d79b29f0cc5e4dce47a59e56cc48d00af3fde961
cases/_review_2026-08/runs/suite/train02_gravdam_seismic/result_b86.vtp	560957	be99df3b6ed9e91f9ce859c83f27f88fbdd2b679d62161d8776740f41bdba797
cases/_review_2026-08/runs/suite/train02_gravdam_seismic/result_b87.vtp	567304	2af07a77a2edbc2688bd52bba7cb2cf7e0174c8acedf53ef50587ccbff9ae90d
cases/_review_2026-08/runs/suite/train02_gravdam_seismic/result_b88.vtp	558557	5f6d3b2a45c6a3a3e48dcfbeabdabd743508091eb7e176db721e53d28251ca78
cases/_review_2026-08/runs/suite/train02_gravdam_seismic/result_b89.vtp	558150	0cc5c274a0353ac02dda79386471e740eb67d2866bb78375f683149c969734ff
cases/_review_2026-08/runs/suite/train02_gravdam_seismic/result_b9.vtp	572348	754fd09e697d469f652956ef2cd1821390fb128957e40f7a4cd1628ea3542279
cases/_review_2026-08/runs/suite/train02_gravdam_seismic/result_b90.vtp	562814	268fb84a355f98b4a86a0c976cfa7849de9981b526364c63f2b68eae066c266a
cases/_review_2026-08/runs/suite/train02_gravdam_seismic/result_b91.vtp	564186	6bacb2a5a6228010930d9938c3ff93a1fc9d96817c508f71b663c935f36cd0f9
cases/_review_2026-08/runs/suite/train02_gravdam_seismic/result_b92.vtp	560841	1bc14553de94a3b5578413133d3bbc9d7bc0288cfc0fe365bf62dc343b01f9dd
cases/_review_2026-08/runs/suite/train02_gravdam_seismic/result_b93.vtp	561890	ca502915cfcecc6cc78b41bd2902ea6c6d9e2fd3dd1d04e3871deb978339a7c3
cases/_review_2026-08/runs/suite/train02_gravdam_seismic/result_b94.vtp	560373	bc55d9e755c5da28ac83d656a52554d3bbbb887aa1f2fda4e1bfb597ae063350
cases/_review_2026-08/runs/suite/train02_gravdam_seismic/result_b95.vtp	563584	8cf4062c21d35089632008ab3a35822fc39387ac39327146f339ca662f87951f
cases/_review_2026-08/runs/suite/train02_gravdam_seismic/result_b96.vtp	564615	d98a34ff3964284b341972bf23b6aedf083f4173321a58da8a7df0e350e9d8a7
cases/_review_2026-08/runs/suite/train02_gravdam_seismic/result_b97.vtp	562418	e74e39951482edbebfa94d514069f26e4c4657fe33e1258ba65ba3a69de0bfa1
cases/_review_2026-08/runs/suite/train02_gravdam_seismic/result_b98.vtp	561629	6cfd3980864d780b5a2190d15bd029ad48660ee6dee76c51be6c6ce38e9ba7d9
cases/_review_2026-08/runs/suite/train02_gravdam_seismic/result_b99.vtp	559968	e80b5176fffbc127445042e428ad7b0ee9e67d71bb0b7b9d2fec5d840ac1a0aa
cases/_review_2026-08/runs/suite/train03a_modal_dry/1.ctt	0	e3b0c44298fc1c149afbf4c8996fb92427ae41e4649b934ca495991b7852b855
cases/_review_2026-08/runs/suite/train03a_modal_dry/1.fai	349600	bea46582a4e2ff2eb985961dceda6849b931e502a702e134efd6ce9fe64b77a7
cases/_review_2026-08/runs/suite/train03a_modal_dry/1.flavia.msh	208283	3049c844db222d1ef0d6f9a6cdc234dc6840d0916709c814d8bbc67c3e83bd61
cases/_review_2026-08/runs/suite/train03a_modal_dry/1.flavia.res	2284365	d27b66dc6875b8eeadb02e34e4c9cd5632378ed4cd999648d28f55fed6230e0b
cases/_review_2026-08/runs/suite/train03a_modal_dry/1.ftf	0	e3b0c44298fc1c149afbf4c8996fb92427ae41e4649b934ca495991b7852b855
cases/_review_2026-08/runs/suite/train03a_modal_dry/1.gpv	3552315	e8e97feaccee85f4a0e9d07fc4cd8a22a4e46fd05c5b1c29a83dd56c5dbe15a8
cases/_review_2026-08/runs/suite/train03a_modal_dry/1.ini	0	e3b0c44298fc1c149afbf4c8996fb92427ae41e4649b934ca495991b7852b855
cases/_review_2026-08/runs/suite/train03a_modal_dry/1.inw	0	e3b0c44298fc1c149afbf4c8996fb92427ae41e4649b934ca495991b7852b855
cases/_review_2026-08/runs/suite/train03a_modal_dry/1.res	0	e3b0c44298fc1c149afbf4c8996fb92427ae41e4649b934ca495991b7852b855
cases/_review_2026-08/runs/suite/train03a_modal_dry/1.resb	0	e3b0c44298fc1c149afbf4c8996fb92427ae41e4649b934ca495991b7852b855
cases/_review_2026-08/runs/suite/train03a_modal_dry/1.rtt	852108	2a0538efb52f49dc8fd73b1d9f490b7a1c7073bc2c2aebcf05e9e590a4c64583
cases/_review_2026-08/runs/suite/train03a_modal_dry/bc_overlay.vtp	5041	7919398900253e0762fbd881293c53925a0400d59b13b5aa7ec64573a29220ad
cases/_review_2026-08/runs/suite/train03a_modal_dry/result_b1.vtp	332396	044ead30848573f5bf7a3a34c0279743572cb3aa91c8470d20d6d8cae6db735a
cases/_review_2026-08/runs/suite/train03a_modal_dry/result_b2.vtp	335206	d02531cb3142a8ca232e1130beaecb664b629dc6a3029cba9e43a0c00d095a54
cases/_review_2026-08/runs/suite/train03a_modal_dry/result_b3.vtp	336074	cace047330ce34117cd1b638226e12cf4eba88eadb3decc48d5d04bea7bd52df
cases/_review_2026-08/runs/suite/train03a_modal_dry/result_b4.vtp	333141	9d6ffd0875cf62d46360708ed53cdeea61a2fc7b199c97826ccef3f35e1bcb07
cases/_review_2026-08/runs/suite/train03a_modal_dry/result_b5.vtp	334260	675a566a11394de4fdd74f5517d141ff3be97195c06643e13585ba09a518765f
cases/_review_2026-08/runs/suite/train03b_modal_ifs/1.ctt	0	e3b0c44298fc1c149afbf4c8996fb92427ae41e4649b934ca495991b7852b855
cases/_review_2026-08/runs/suite/train03b_modal_ifs/1.fai	315440	3064a912217e8dc8bee978dde5489e4addac385b2da8a43038f642b0b52cecb3
cases/_review_2026-08/runs/suite/train03b_modal_ifs/1.flavia.msh	208283	3049c844db222d1ef0d6f9a6cdc234dc6840d0916709c814d8bbc67c3e83bd61
cases/_review_2026-08/runs/suite/train03b_modal_ifs/1.flavia.res	2152365	b5c4e4fb0ac56200ea4fe48b8ed6e9f18a70f7754e982f5ac3ab5dc0190e5e3c
cases/_review_2026-08/runs/suite/train03b_modal_ifs/1.ftf	0	e3b0c44298fc1c149afbf4c8996fb92427ae41e4649b934ca495991b7852b855
cases/_review_2026-08/runs/suite/train03b_modal_ifs/1.gpv	3552315	92058e46519253d98f7112fb813d424d8b914a0ca4d569d440631d7ae0d4f672
cases/_review_2026-08/runs/suite/train03b_modal_ifs/1.ini	0	e3b0c44298fc1c149afbf4c8996fb92427ae41e4649b934ca495991b7852b855
cases/_review_2026-08/runs/suite/train03b_modal_ifs/1.inw	0	e3b0c44298fc1c149afbf4c8996fb92427ae41e4649b934ca495991b7852b855
cases/_review_2026-08/runs/suite/train03b_modal_ifs/1.res	0	e3b0c44298fc1c149afbf4c8996fb92427ae41e4649b934ca495991b7852b855
cases/_review_2026-08/runs/suite/train03b_modal_ifs/1.resb	0	e3b0c44298fc1c149afbf4c8996fb92427ae41e4649b934ca495991b7852b855
cases/_review_2026-08/runs/suite/train03b_modal_ifs/1.rtt	682284	cc3478b2599f8f49eb00cb364d11b54827c891ac0197bf2431fbc1fc2dce4d5c
cases/_review_2026-08/runs/suite/train03b_modal_ifs/bc_overlay.vtp	5041	7919398900253e0762fbd881293c53925a0400d59b13b5aa7ec64573a29220ad
cases/_review_2026-08/runs/suite/train03b_modal_ifs/result_b1.vtp	330502	fb6ccbb107518446145a5ee44c3f49fda35d92a39fd0d582a9dede584d450755
cases/_review_2026-08/runs/suite/train03b_modal_ifs/result_b2.vtp	333103	d16bf61de17e631a8afed580b8dec173869ade2e11a1dfc883857f5318e495c3
cases/_review_2026-08/runs/suite/train03b_modal_ifs/result_b3.vtp	330651	9a72222cec34b786264b5fe5727f9614a3c7a50f31ebae79be46c06454bff0e5
cases/_review_2026-08/runs/suite/train03b_modal_ifs/result_b4.vtp	331386	26bed48ce6c4983070764a48fdf8e25605729ed449dd80f7d89b5e96edf4c272
cases/_review_2026-08/runs/suite/train03b_modal_ifs/result_b5.vtp	332390	2a725eccafc7aa26c2ae94e30d62b97acf7ccd2cd05193fc9cf7342badbdba66
cases/_review_2026-08/runs/suite/train04_beam_faceload/1.ctt	0	e3b0c44298fc1c149afbf4c8996fb92427ae41e4649b934ca495991b7852b855
cases/_review_2026-08/runs/suite/train04_beam_faceload/1.fai	0	e3b0c44298fc1c149afbf4c8996fb92427ae41e4649b934ca495991b7852b855
cases/_review_2026-08/runs/suite/train04_beam_faceload/1.flavia.msh	28801	633f922c3749993b5cb8a5f6962a3186baad2d6f96958265bc05e1f8b4dc62c8
cases/_review_2026-08/runs/suite/train04_beam_faceload/1.flavia.res	93777	682ad3175d62c60dfbb69afddd86ab3a224b6c5f41c2b62995cbb94ae3fdd6fe
cases/_review_2026-08/runs/suite/train04_beam_faceload/1.ftf	26309	8ecfa113531308374369560c6b63b3de025fe93ab4095327bb4da75143853584
cases/_review_2026-08/runs/suite/train04_beam_faceload/1.gpv	177983	630bb497093598e9f2016bde7f040498125b92215e8292e806ebb9f734848cb5
cases/_review_2026-08/runs/suite/train04_beam_faceload/1.ini	14	7d0a50d501b3d7290d89f33d7ff1af8c51b5cd68297fe19c61ebe214aa3e0774
cases/_review_2026-08/runs/suite/train04_beam_faceload/1.inw	0	e3b0c44298fc1c149afbf4c8996fb92427ae41e4649b934ca495991b7852b855
cases/_review_2026-08/runs/suite/train04_beam_faceload/1.res	0	e3b0c44298fc1c149afbf4c8996fb92427ae41e4649b934ca495991b7852b855
cases/_review_2026-08/runs/suite/train04_beam_faceload/1.resb	0	e3b0c44298fc1c149afbf4c8996fb92427ae41e4649b934ca495991b7852b855
cases/_review_2026-08/runs/suite/train04_beam_faceload/1.rtt	172636	41c69b0e6b6e83e28a10541db69d8463020f86febb8b4970103e8b7d2a5ef3ba
cases/_review_2026-08/runs/suite/train04_beam_faceload/bc_overlay.vtp	3365	035468e766d906fe7f8d1f270887f37ee8e21df15927307f689deadf4fba4542
cases/_review_2026-08/runs/suite/train04_beam_faceload/result_b1.vtp	64819	9cf85b13513ebe571df8067cb7e22ec332babbfa8fc6214f019101824a209ce2
cases/_review_2026-08/runs/suite/train04_beam_faceload/sections_axis.vtp	2104	12e14c08f41f7e3d50317fc5cd0e2a16f3e5e517ddf704cedbaee46f63ff2577
cases/_review_2026-08/runs/suite/train04_beam_faceload/sections_diagram.vtp	5570	367fd54e5c0eeabe1766226eae82f4a3538b77970a4d5c5d115d280007769c7c
cases/_review_2026-08/runs/suite/train04_beam_faceload/sections_force.vtp	27949	8813c9bafdb4257e39edd3e7a71d8fc225a19e11c53d94d547c54453089726c0
cases/_review_2026-08/runs/suite/train12b_seepage_transient/1.ctt	0	e3b0c44298fc1c149afbf4c8996fb92427ae41e4649b934ca495991b7852b855
cases/_review_2026-08/runs/suite/train12b_seepage_transient/1.fai	0	e3b0c44298fc1c149afbf4c8996fb92427ae41e4649b934ca495991b7852b855
cases/_review_2026-08/runs/suite/train12b_seepage_transient/1.flavia.msh	61320	ef2aa2820ddf9f356f659944dd02cb605e20c5f719fea5ead53618f4d2d561b5
cases/_review_2026-08/runs/suite/train12b_seepage_transient/1.flavia.res	2532528	e5e88d9e28878f3b5d1f193bed00673d327f8df745f626284cc063cdf29f543c
cases/_review_2026-08/runs/suite/train12b_seepage_transient/1.ftf	0	e3b0c44298fc1c149afbf4c8996fb92427ae41e4649b934ca495991b7852b855
cases/_review_2026-08/runs/suite/train12b_seepage_transient/1.gpv	1512	39c21f21d5fa6e4dd4b5452695f74ec2aa1ce7ed9cf756192f5ecf8897a18764
cases/_review_2026-08/runs/suite/train12b_seepage_transient/1.ini	0	e3b0c44298fc1c149afbf4c8996fb92427ae41e4649b934ca495991b7852b855
cases/_review_2026-08/runs/suite/train12b_seepage_transient/1.inw	0	e3b0c44298fc1c149afbf4c8996fb92427ae41e4649b934ca495991b7852b855
cases/_review_2026-08/runs/suite/train12b_seepage_transient/1.res	0	e3b0c44298fc1c149afbf4c8996fb92427ae41e4649b934ca495991b7852b855
cases/_review_2026-08/runs/suite/train12b_seepage_transient/1.resb	0	e3b0c44298fc1c149afbf4c8996fb92427ae41e4649b934ca495991b7852b855
cases/_review_2026-08/runs/suite/train12b_seepage_transient/1.rtt	36060	55a3f9b6c6f6f94d2c1456895bf9a7d33deb6b13aae79bc5763c48b5c8c0e322
cases/_review_2026-08/runs/suite/train12b_seepage_transient/result_b1.vtp	40206	1d2331d6f095d5309a2018f03857db557dcafd42e3ddc9f5e33cbc1450ec6d11
cases/_review_2026-08/runs/suite/train12b_seepage_transient/result_b10.vtp	40206	1d2331d6f095d5309a2018f03857db557dcafd42e3ddc9f5e33cbc1450ec6d11
cases/_review_2026-08/runs/suite/train12b_seepage_transient/result_b11.vtp	40206	1d2331d6f095d5309a2018f03857db557dcafd42e3ddc9f5e33cbc1450ec6d11
cases/_review_2026-08/runs/suite/train12b_seepage_transient/result_b12.vtp	40206	1d2331d6f095d5309a2018f03857db557dcafd42e3ddc9f5e33cbc1450ec6d11
cases/_review_2026-08/runs/suite/train12b_seepage_transient/result_b13.vtp	40206	1d2331d6f095d5309a2018f03857db557dcafd42e3ddc9f5e33cbc1450ec6d11
cases/_review_2026-08/runs/suite/train12b_seepage_transient/result_b14.vtp	40206	1d2331d6f095d5309a2018f03857db557dcafd42e3ddc9f5e33cbc1450ec6d11
cases/_review_2026-08/runs/suite/train12b_seepage_transient/result_b15.vtp	40206	1d2331d6f095d5309a2018f03857db557dcafd42e3ddc9f5e33cbc1450ec6d11
cases/_review_2026-08/runs/suite/train12b_seepage_transient/result_b16.vtp	40206	1d2331d6f095d5309a2018f03857db557dcafd42e3ddc9f5e33cbc1450ec6d11
cases/_review_2026-08/runs/suite/train12b_seepage_transient/result_b17.vtp	40206	1d2331d6f095d5309a2018f03857db557dcafd42e3ddc9f5e33cbc1450ec6d11
cases/_review_2026-08/runs/suite/train12b_seepage_transient/result_b18.vtp	40206	1d2331d6f095d5309a2018f03857db557dcafd42e3ddc9f5e33cbc1450ec6d11
cases/_review_2026-08/runs/suite/train12b_seepage_transient/result_b19.vtp	40206	1d2331d6f095d5309a2018f03857db557dcafd42e3ddc9f5e33cbc1450ec6d11
cases/_review_2026-08/runs/suite/train12b_seepage_transient/result_b2.vtp	40206	1d2331d6f095d5309a2018f03857db557dcafd42e3ddc9f5e33cbc1450ec6d11
cases/_review_2026-08/runs/suite/train12b_seepage_transient/result_b20.vtp	40206	1d2331d6f095d5309a2018f03857db557dcafd42e3ddc9f5e33cbc1450ec6d11
cases/_review_2026-08/runs/suite/train12b_seepage_transient/result_b21.vtp	40206	1d2331d6f095d5309a2018f03857db557dcafd42e3ddc9f5e33cbc1450ec6d11
cases/_review_2026-08/runs/suite/train12b_seepage_transient/result_b22.vtp	40206	1d2331d6f095d5309a2018f03857db557dcafd42e3ddc9f5e33cbc1450ec6d11
cases/_review_2026-08/runs/suite/train12b_seepage_transient/result_b23.vtp	40206	1d2331d6f095d5309a2018f03857db557dcafd42e3ddc9f5e33cbc1450ec6d11
cases/_review_2026-08/runs/suite/train12b_seepage_transient/result_b24.vtp	40206	1d2331d6f095d5309a2018f03857db557dcafd42e3ddc9f5e33cbc1450ec6d11
cases/_review_2026-08/runs/suite/train12b_seepage_transient/result_b3.vtp	40206	1d2331d6f095d5309a2018f03857db557dcafd42e3ddc9f5e33cbc1450ec6d11
cases/_review_2026-08/runs/suite/train12b_seepage_transient/result_b4.vtp	40206	1d2331d6f095d5309a2018f03857db557dcafd42e3ddc9f5e33cbc1450ec6d11
cases/_review_2026-08/runs/suite/train12b_seepage_transient/result_b5.vtp	40206	1d2331d6f095d5309a2018f03857db557dcafd42e3ddc9f5e33cbc1450ec6d11
cases/_review_2026-08/runs/suite/train12b_seepage_transient/result_b6.vtp	40206	1d2331d6f095d5309a2018f03857db557dcafd42e3ddc9f5e33cbc1450ec6d11
cases/_review_2026-08/runs/suite/train12b_seepage_transient/result_b7.vtp	40206	1d2331d6f095d5309a2018f03857db557dcafd42e3ddc9f5e33cbc1450ec6d11
cases/_review_2026-08/runs/suite/train12b_seepage_transient/result_b8.vtp	40206	1d2331d6f095d5309a2018f03857db557dcafd42e3ddc9f5e33cbc1450ec6d11
cases/_review_2026-08/runs/suite/train12b_seepage_transient/result_b9.vtp	40206	1d2331d6f095d5309a2018f03857db557dcafd42e3ddc9f5e33cbc1450ec6d11
cases/_review_2026-08/runs/vie-audit/base/1.ctt	0	e3b0c44298fc1c149afbf4c8996fb92427ae41e4649b934ca495991b7852b855
cases/_review_2026-08/runs/vie-audit/base/1.fai	0	e3b0c44298fc1c149afbf4c8996fb92427ae41e4649b934ca495991b7852b855
cases/_review_2026-08/runs/vie-audit/base/1.flavia.msh	324322	20ab026de61221c0cccde4ae91c9f15acc43864a638814bfd7061e5cadad97bd
cases/_review_2026-08/runs/vie-audit/base/1.flavia.res	97942500	f2db587b27f310af842e07d814b9a4d6f787f44424616c93eabe4d83262793aa
cases/_review_2026-08/runs/vie-audit/base/1.ftf	0	e3b0c44298fc1c149afbf4c8996fb92427ae41e4649b934ca495991b7852b855
cases/_review_2026-08/runs/vie-audit/base/1.gpv	269745750	842d0b14f2cfccde4201145ae429f942da04508411561825ead4cd8daf1ce87c
cases/_review_2026-08/runs/vie-audit/base/1.ini	0	e3b0c44298fc1c149afbf4c8996fb92427ae41e4649b934ca495991b7852b855
cases/_review_2026-08/runs/vie-audit/base/1.inw	0	e3b0c44298fc1c149afbf4c8996fb92427ae41e4649b934ca495991b7852b855
cases/_review_2026-08/runs/vie-audit/base/1.res	0	e3b0c44298fc1c149afbf4c8996fb92427ae41e4649b934ca495991b7852b855
cases/_review_2026-08/runs/vie-audit/base/1.resb	0	e3b0c44298fc1c149afbf4c8996fb92427ae41e4649b934ca495991b7852b855
cases/_review_2026-08/runs/vie-audit/base/1.rtt	1076588	fb977e1363d1f54ad6743540abfb9ebed5f990358fc0416b5672f9cd8bae3393
cases/_review_2026-08/runs/vie-audit/d2/1.ctt	0	e3b0c44298fc1c149afbf4c8996fb92427ae41e4649b934ca495991b7852b855
cases/_review_2026-08/runs/vie-audit/d2/1.fai	0	e3b0c44298fc1c149afbf4c8996fb92427ae41e4649b934ca495991b7852b855
cases/_review_2026-08/runs/vie-audit/d2/1.flavia.msh	324322	20ab026de61221c0cccde4ae91c9f15acc43864a638814bfd7061e5cadad97bd
cases/_review_2026-08/runs/vie-audit/d2/1.flavia.res	97942500	e16a571c68474ea4c859735b249d0c6f2b234a591275d368f1c46936824c5586
cases/_review_2026-08/runs/vie-audit/d2/1.ftf	0	e3b0c44298fc1c149afbf4c8996fb92427ae41e4649b934ca495991b7852b855
cases/_review_2026-08/runs/vie-audit/d2/1.gpv	269745750	581be3ca74086641b83ba4cb7ff78debde4c205ca992f7e1203306219513ef1f
cases/_review_2026-08/runs/vie-audit/d2/1.ini	0	e3b0c44298fc1c149afbf4c8996fb92427ae41e4649b934ca495991b7852b855
cases/_review_2026-08/runs/vie-audit/d2/1.inw	0	e3b0c44298fc1c149afbf4c8996fb92427ae41e4649b934ca495991b7852b855
cases/_review_2026-08/runs/vie-audit/d2/1.res	0	e3b0c44298fc1c149afbf4c8996fb92427ae41e4649b934ca495991b7852b855
cases/_review_2026-08/runs/vie-audit/d2/1.resb	0	e3b0c44298fc1c149afbf4c8996fb92427ae41e4649b934ca495991b7852b855
cases/_review_2026-08/runs/vie-audit/d2/1.rtt	1076588	782a79fa388eed771d1af6f1bad9a5b2810a896fba2ef8bff4ea04a9c9e113ec
cases/_review_2026-08/runs/vie-audit/fixed/1.ctt	0	e3b0c44298fc1c149afbf4c8996fb92427ae41e4649b934ca495991b7852b855
cases/_review_2026-08/runs/vie-audit/fixed/1.fai	0	e3b0c44298fc1c149afbf4c8996fb92427ae41e4649b934ca495991b7852b855
cases/_review_2026-08/runs/vie-audit/fixed/1.flavia.msh	324322	20ab026de61221c0cccde4ae91c9f15acc43864a638814bfd7061e5cadad97bd
cases/_review_2026-08/runs/vie-audit/fixed/1.flavia.res	97942500	5f2583796d750709854ef4d117743e7857e2075c83b7d9709bddfeeadce46b52
cases/_review_2026-08/runs/vie-audit/fixed/1.ftf	0	e3b0c44298fc1c149afbf4c8996fb92427ae41e4649b934ca495991b7852b855
cases/_review_2026-08/runs/vie-audit/fixed/1.gpv	269745750	968586fc44cc160dcd29851d5315c76cd33bd972efd5717d70fc362729a81a59
cases/_review_2026-08/runs/vie-audit/fixed/1.ini	0	e3b0c44298fc1c149afbf4c8996fb92427ae41e4649b934ca495991b7852b855
cases/_review_2026-08/runs/vie-audit/fixed/1.inw	0	e3b0c44298fc1c149afbf4c8996fb92427ae41e4649b934ca495991b7852b855
cases/_review_2026-08/runs/vie-audit/fixed/1.res	0	e3b0c44298fc1c149afbf4c8996fb92427ae41e4649b934ca495991b7852b855
cases/_review_2026-08/runs/vie-audit/fixed/1.resb	0	e3b0c44298fc1c149afbf4c8996fb92427ae41e4649b934ca495991b7852b855
cases/_review_2026-08/runs/vie-audit/fixed/1.rtt	1076588	e7e4f5e09780e3dc48c871620bc6350f815c2032961bd62598b3f72e919caf04
cases/_review_2026-08/vie-ours/1.ctt	0	e3b0c44298fc1c149afbf4c8996fb92427ae41e4649b934ca495991b7852b855
cases/_review_2026-08/vie-ours/1.fai	0	e3b0c44298fc1c149afbf4c8996fb92427ae41e4649b934ca495991b7852b855
cases/_review_2026-08/vie-ours/1.flavia.msh	23493	174b2e56d9d848d3c1ccc93f85300c3d76c8a58f3950e8fc03b661872e431476
cases/_review_2026-08/vie-ours/1.flavia.res	23378500	a5380039a37581d37dd6a3136d0cd953f40c2e013a9e3fe42bbce970d2b69db3
cases/_review_2026-08/vie-ours/1.ftf	0	e3b0c44298fc1c149afbf4c8996fb92427ae41e4649b934ca495991b7852b855
cases/_review_2026-08/vie-ours/1.gpv	23991750	1aafd134cfc7321ff2e20608f3d3f1213af3c036dff216055eacf5477647b178
cases/_review_2026-08/vie-ours/1.ini	0	e3b0c44298fc1c149afbf4c8996fb92427ae41e4649b934ca495991b7852b855
cases/_review_2026-08/vie-ours/1.inw	0	e3b0c44298fc1c149afbf4c8996fb92427ae41e4649b934ca495991b7852b855
cases/_review_2026-08/vie-ours/1.res	2988000	5bbd3427f34c4e44b9e3f211528059a84e13c2a6bf6dde343d59ccbffd260c74
cases/_review_2026-08/vie-ours/1.resb	0	e3b0c44298fc1c149afbf4c8996fb92427ae41e4649b934ca495991b7852b855
cases/_review_2026-08/vie-ours/1.rtt	97276	b12c9e8fae09ac53a0bb0326af4129614ef933d93591646fd7d2cca83d3bc4c5
cases/_review_2026-08/vie-ours/bc_overlay.vtp	2046	d3e94177f7b1dd2d989d620cf14931eea20a18954d26730753c7126bc0ea1c23
cases/_review_2026-08/vie-ours/result_b1.vtp	81539	ec7916000d374f80488b0f629552ba790d2ae7bd11b96be6b8a980e4081afaec
cases/_review_2026-08/vie-ours/result_b10.vtp	79993	e323124f50e6d72fb91c459c8f240c36e17095b67d44429f82c3e991ff9885f9
cases/_review_2026-08/vie-ours/result_b100.vtp	78016	e4d00071fba15caa68671a9740735f4286994bbf5fb91b37ff59635b07c6c15c
cases/_review_2026-08/vie-ours/result_b101.vtp	77854	77058491987a098f019b94994abde933632c86b85393821b9d20f768a0eaf14b
cases/_review_2026-08/vie-ours/result_b102.vtp	77642	5d5b74ac3f1b48dfb335c5873d1f24b6fc4c89bf319eb55ec9486ab85598f6f2
cases/_review_2026-08/vie-ours/result_b103.vtp	78010	c426752da1d6440ad44aff637197e376a6af09b748022c43df21f3a622fb850e
cases/_review_2026-08/vie-ours/result_b104.vtp	77815	73d9945720bbe74c0e176046faee34ffefa7ac115ef094816cb938a0cbabb743
cases/_review_2026-08/vie-ours/result_b105.vtp	77992	68d59f3cee18ccf286b3893c8087ce5827a09fd7d51a7933a7d07c7eb5da5667
cases/_review_2026-08/vie-ours/result_b106.vtp	78192	a5d60875431588268b3ca22a5f1036e5e78e9c4c3f6e08144183d1cd4040e2fa
cases/_review_2026-08/vie-ours/result_b107.vtp	77692	243b616f30c41c814fb71e5969477f64a28eed323fe859c3bd786c1e9d3bb438
cases/_review_2026-08/vie-ours/result_b108.vtp	77884	953aa3eab6721142eedbc919b1b499650e89936007a98380049c5772d483d656
cases/_review_2026-08/vie-ours/result_b109.vtp	77653	40b6cfa3c28c8d2521abb6100493a93b680c55e5962d2cb0adebb65483865569
cases/_review_2026-08/vie-ours/result_b11.vtp	79744	06f715029ec7d1e93bee0024357bdd8f3215eef0b8893fd4178870a51d0d02d6
cases/_review_2026-08/vie-ours/result_b110.vtp	77500	9284f43fe57ff5e765e882990f84d59e54bb7d51dee83a8e1424b19b30c9a24a
cases/_review_2026-08/vie-ours/result_b111.vtp	77996	cfa9b84cd9b37ba71d31c280aa9b746198e77ab59d20a712c784056089ce1575
cases/_review_2026-08/vie-ours/result_b112.vtp	78010	b6e6a6b8d977c7acfd6b36e5cc67dac1b714c840fa80fa86e4cac68bd099b1e6
cases/_review_2026-08/vie-ours/result_b113.vtp	77642	579cd9f4769fde872fc6344182309feb3c1bfe11e3a071c33e424863e2f7e8b9
cases/_review_2026-08/vie-ours/result_b114.vtp	77640	85219fad2d27f6f7dbfdff7b4e492c5acdc49d0881f43d30bb246918650ca633
cases/_review_2026-08/vie-ours/result_b115.vtp	77743	946c0e92e6f0019011a11a2696f8a0c2835dc52440b19e957ffafae4da963fe2
cases/_review_2026-08/vie-ours/result_b116.vtp	77385	8a41786363db8150512789c1a45210b3e5cbde2a318032d28c5b93ab7d613dce
cases/_review_2026-08/vie-ours/result_b117.vtp	77521	295ef9710898cbf3343811cd005c2732d0aaa4362fc5a4a2f0664394fc90e472
cases/_review_2026-08/vie-ours/result_b118.vtp	77524	499463113f7fdfffb62b6b6c8a00ce177ee0374252d87e2b8447f3500fb83cbc
cases/_review_2026-08/vie-ours/result_b119.vtp	77880	938c257c4c6643a93f7573c9ebdc7748517c37b31d6671c84bad99477fc1d3f4
cases/_review_2026-08/vie-ours/result_b12.vtp	79633	c9e845297a2e448b1747cf6541bf3a90e04473a276e9c75393ad40c6cd8f2e0d
cases/_review_2026-08/vie-ours/result_b120.vtp	77928	8216a41bc580e133bce760268ec731211716b9777de096a920e95de0e1602f33
cases/_review_2026-08/vie-ours/result_b121.vtp	78083	48aa77e6057d8d86e3c1637a04658837fe21654256db5c9d654ef05816e77bc0
cases/_review_2026-08/vie-ours/result_b122.vtp	78008	ef0b0036560913b67f8311e3ca00a82d9bf16b7d857f10856495759399b87eff
cases/_review_2026-08/vie-ours/result_b123.vtp	77848	c85ab89155ae7237bdae43b639454109db527abcef1ee2d2224398528f43b16c
cases/_review_2026-08/vie-ours/result_b124.vtp	77872	8ee66c66c0d5cd919de7c29832f12ede66008b53de056a77d2acbad5a705c345
cases/_review_2026-08/vie-ours/result_b125.vtp	77907	791349c4fbfd47a52796060fd1f7b2eece838c41b00cfca6f9448714045534ef
cases/_review_2026-08/vie-ours/result_b126.vtp	77677	485617ccfa638bccdc7400b6d57aaf60031e1f18cc48eac1af11a9797cd2a993
cases/_review_2026-08/vie-ours/result_b127.vtp	77932	903eec2d0cd7ef001fa922696dc1f0d8c2fd2a9e4910582570389300ce1f0a96
cases/_review_2026-08/vie-ours/result_b128.vtp	77843	2cb501bdf6443cda2050f46921187535d219118cbcfc87dfcbfb4b1106d52f5a
cases/_review_2026-08/vie-ours/result_b129.vtp	78077	3164193c72fb89764e378396ad43275e822268322a3f2ea02194586e613696a8
cases/_review_2026-08/vie-ours/result_b13.vtp	79536	a1fa2c0ec60611e650f071ae2457ae9252a0a871ee59781aff70763effbc6a06
cases/_review_2026-08/vie-ours/result_b130.vtp	78384	c7dc6c24b36198eaec41a5e1533d22271281c45e90d190ad552a3c5741e8d429
cases/_review_2026-08/vie-ours/result_b131.vtp	78179	63dbe5c75b571a9fb4adb937b9d1709c328b174cbb5aa2c82dc356750838e49d
cases/_review_2026-08/vie-ours/result_b132.vtp	78170	f24f4699e5d3f050aa04019c5c6a634cc3d8354ac7fb19be8e7268966e793614
cases/_review_2026-08/vie-ours/result_b133.vtp	78049	cecca0f17a2255bc02957f18d5a13060121287110ce91dd0c72a82a3b9fb6e06
cases/_review_2026-08/vie-ours/result_b134.vtp	77985	6b49cf7c457056797ad4e2771c3cc99c63f695f2d8e7b2a88231959619a9acf9
cases/_review_2026-08/vie-ours/result_b135.vtp	78262	cacdee6affb6242740c08a262e6c01d6009416524d0c51ee85cf7ad25a753602
cases/_review_2026-08/vie-ours/result_b136.vtp	77740	93669acf6ec40d676262686305f18ec2e41c0effbcebcf113448232051f2bf37
cases/_review_2026-08/vie-ours/result_b137.vtp	77919	b827d11ba682961ce7f1424873540836a2bb76650800b904a1d9d73d3c85558a
cases/_review_2026-08/vie-ours/result_b138.vtp	78050	52d95b7067420ee6585eabde5669a9ff65af3a39484dd35b5ea647ad262dcf0e
cases/_review_2026-08/vie-ours/result_b139.vtp	78038	67cfd725dc85977900b84e709ae7fa614d0fdbfc9ac874f0352d5234d062ad6c
cases/_review_2026-08/vie-ours/result_b14.vtp	79488	8fd495247564488cc04b7f321557a0f45a32d258dddba6ef0eadda70123eef2f
cases/_review_2026-08/vie-ours/result_b140.vtp	77898	6b15475f5901959b607ab7b4cbb342ac7676e1621c0594f9ca0235f46cf60fe8
cases/_review_2026-08/vie-ours/result_b141.vtp	77758	9f6795c56c4e470524def0316492c6ac9760040cf5d8f07df57409ead66e8364
cases/_review_2026-08/vie-ours/result_b142.vtp	77748	417a7c733abf82728eec9950f0e9fb2aac3699129741d0558df5a3f15987ef33
cases/_review_2026-08/vie-ours/result_b143.vtp	78024	2f26bf442613ac3014fc3470730d52e009ce90c21b043f707180d271f32d9267
cases/_review_2026-08/vie-ours/result_b144.vtp	77561	51e5ace460947a40f7ce26766d9ee6510c4f6bae4bf62af8b6b1555bdb49d2bc
cases/_review_2026-08/vie-ours/result_b145.vtp	77787	866199c1682d2c7b68856f0a9b91d53e785621ff6016d57a58f2f4c031959a69
cases/_review_2026-08/vie-ours/result_b146.vtp	77499	cda740c5054a2b7dba27155d83280fedf8e061bfd064f90c2b50ab7aba810a57
cases/_review_2026-08/vie-ours/result_b147.vtp	77224	2eef38f0356f808e7c540cc27f6ad209eb1aa8bae872825f24559bfe72295bdf
cases/_review_2026-08/vie-ours/result_b148.vtp	77026	77caf8524e90e042dfda793bcebd8dc14094320b3352fd1ff4c4989e0bda5225
cases/_review_2026-08/vie-ours/result_b149.vtp	76774	9d7b3361e368863e6221acc809d3147eb145a248e78337f5fa2c76d949967e48
cases/_review_2026-08/vie-ours/result_b15.vtp	79761	ab200bdee993f64a2754efe621088fa35bfafedbb78c4a838a76b9582ac416f2
cases/_review_2026-08/vie-ours/result_b150.vtp	76921	2ab9c1147f3ade0759cad421a491ce2bfd3811ed46b6c93aabae12a1c00ae085
cases/_review_2026-08/vie-ours/result_b151.vtp	76905	de4c2fa8efc4d52840b9ec223974d9757c1335440856093361e1598ae9b1f308
cases/_review_2026-08/vie-ours/result_b152.vtp	76961	ef1f7455177a8220f3bf41040c2e1ed61237139d08d10ebadf6ded914ea87afa
cases/_review_2026-08/vie-ours/result_b153.vtp	77046	e915afaf74f8ce95dd1771596c3a47b15bf48bc51acaf1fe156e2df4cb2b34b8
cases/_review_2026-08/vie-ours/result_b154.vtp	77541	ceba968261609029452e8cbcd70b11181b1a7bc74a19573e404a65a25d211e69
cases/_review_2026-08/vie-ours/result_b155.vtp	77612	e6f70f0e8bbda49ff8856bd755d72856b2ea226db8a0bafba59f416dfa6e0390
cases/_review_2026-08/vie-ours/result_b156.vtp	77640	8775720d8761268cc83ff7f9d3fa79fb1755260f7d149cc10eb8cd16104f166a
cases/_review_2026-08/vie-ours/result_b157.vtp	77780	5528e7d75c091e00dde36061a0cb1880bb962c9eb8a0246c73591e8a009ff17d
cases/_review_2026-08/vie-ours/result_b158.vtp	77456	148cd151e1e783a3a002f6ddd1e86646c490d31128ee4c5c142bd7c824b77820
cases/_review_2026-08/vie-ours/result_b159.vtp	77771	f44857a19e14ecca5d2b3a58623f29a65d660a138e3dc5d4d77a7c2ac7f86973
cases/_review_2026-08/vie-ours/result_b16.vtp	80002	d9f433bfac42df813180558dd71e246df176bf89baaa4bb5c97fed9e1112dc0e
cases/_review_2026-08/vie-ours/result_b160.vtp	78014	ee25acc00f6aadaef71623c6c00ec06c4513ee8bad2b0d5fc0609885cb2e6946
cases/_review_2026-08/vie-ours/result_b161.vtp	77474	6adcae655d57893cc98ba3106f77eebce5606fff5b9fdabb2d318151dced19f9
cases/_review_2026-08/vie-ours/result_b162.vtp	77177	4f91578cd7daceb1d45eb681e39c658e7d98ee8f93af49f0f77a4e493f00576d
cases/_review_2026-08/vie-ours/result_b163.vtp	77493	e07b530fafd9236dfc3eb71661cf4c2246dc43ac5f8ed74a82388ce1d7ace865
cases/_review_2026-08/vie-ours/result_b164.vtp	77483	72b0dfb036dba797c27119e6ddf9f3eb746c85dc6124f8f9fa3ffdcb21644146
cases/_review_2026-08/vie-ours/result_b165.vtp	77475	283631f4e23e89682f9558967d1eb824e6fc9842a8b38b7883de659a3ee83a5c
cases/_review_2026-08/vie-ours/result_b166.vtp	77452	076c2856fab894d2f9dfd738ca8c284473eb2e8d83fedf5415c6ba18a6911b8d
cases/_review_2026-08/vie-ours/result_b167.vtp	77337	19005bfe02374578c55e82a49a4551d5f6b530b3bbab22e87bfd294c809cdab5
cases/_review_2026-08/vie-ours/result_b168.vtp	77552	d77764962ac51456cb79d610b77dfecae5c861212e625112a81d9b980eb63ef9
cases/_review_2026-08/vie-ours/result_b169.vtp	77448	837d1bff9d59bfce530efd3e31695cdf59b2480da2a046aaccc13a5b6abab204
cases/_review_2026-08/vie-ours/result_b17.vtp	80234	d2703168830840819dfe93021950fb19bca04a8e7e087ce09dfb3c5b71dc71a9
cases/_review_2026-08/vie-ours/result_b170.vtp	77305	390f107a6712ed71bc59b622b58e646f635ce3de79d956833a2c280fd213fa64
cases/_review_2026-08/vie-ours/result_b171.vtp	77511	30ec4e4b9416b2f9bcf72935247499c5ab42103d291e04991a49245afb89429c
cases/_review_2026-08/vie-ours/result_b172.vtp	77364	c790ddac56137002a66d3960cf91545fabb1b4ca522514dfe2d431cd93dc5c7e
cases/_review_2026-08/vie-ours/result_b173.vtp	77519	d68b78b2c487074c8d97873fd0db476f4a46767901b9be358196c2b8d01c2559
cases/_review_2026-08/vie-ours/result_b174.vtp	77731	b775de912b0f926299de371e47c38c0524ae1fe0a9dbecb4d1ab03dfbf3c1592
cases/_review_2026-08/vie-ours/result_b175.vtp	77806	1b22a45a599bc6e19f78902a017e9ac7f4967a56ab973e34667a3ad4bb310e79
cases/_review_2026-08/vie-ours/result_b176.vtp	77974	52cf0fc0a872a8c3e8ecb4b56b7731b37bb47888101f672075b392a32ee61a8c
cases/_review_2026-08/vie-ours/result_b177.vtp	77500	a704336b3dcf6cd2e6ef7ae7670913dae60b3865cfe86b7a9ca1984ad4ae8cc8
cases/_review_2026-08/vie-ours/result_b178.vtp	77447	31a75f767a9b5ecfad6296dd060c26039d9aaa87f22e2c4440c9270480908ae4
cases/_review_2026-08/vie-ours/result_b179.vtp	77328	3487c763bddf07187ae2c64e5f52a6cfa499f0f1afde67ceb2d802731cab8a2e
cases/_review_2026-08/vie-ours/result_b18.vtp	80352	c8cbafb169f390a8ac8ee5e7cc326677c1ca767eb0132cf1c4c2ea7a9f4daac0
cases/_review_2026-08/vie-ours/result_b180.vtp	77260	8f63a810fd72b0692172a1eab9f103b182af614b07917fd9ffab02e243ca4918
cases/_review_2026-08/vie-ours/result_b181.vtp	77132	e7003eab6bc4a03b6905af26812d04b5b688885dddb2048a25428e73f17889a6
cases/_review_2026-08/vie-ours/result_b182.vtp	77021	4cfa2f82975703c0731b545f7cc2598d5fdf6b83578404ade46382bbc6d2074f
cases/_review_2026-08/vie-ours/result_b183.vtp	77078	905aa0a04ba2c52336d619bf882920612d353e429cf4dff23578a6d791ab83ee
cases/_review_2026-08/vie-ours/result_b184.vtp	77346	29ee48cd096319d0d3fc7c8773590931e1a295c21933e3df65b7101591a117da
cases/_review_2026-08/vie-ours/result_b185.vtp	77155	f7db5389362a826c546578baa5ef972c516c3735407e846706208f51c68a8cb2
cases/_review_2026-08/vie-ours/result_b186.vtp	77229	e4cde9c3cfc214c5220bee7cb031719ddc817803ae5de879cc863cfdfc676bbd
cases/_review_2026-08/vie-ours/result_b187.vtp	77123	81cd954229ed800e8e96a115e869621523384f70fdc6e74a18840e484ce70d63
cases/_review_2026-08/vie-ours/result_b188.vtp	77263	f2a73199e2eef2a1bdba655458151e4824850ee59df5ce79219214d92a459619
cases/_review_2026-08/vie-ours/result_b189.vtp	77448	b2f4004729380be515c451dbd2ce91589589499a90cab311c63b5fda3a51760f
cases/_review_2026-08/vie-ours/result_b19.vtp	80382	f208e939ab24ef878153aa972e8d094ae4b9a67cd5a8b46ec4f94cf4f9677097
cases/_review_2026-08/vie-ours/result_b190.vtp	77143	5030c0c39f7f217f9edd09f27444642e591c1c4cac0ac14f0321fb989f41accc
cases/_review_2026-08/vie-ours/result_b191.vtp	77240	6fcefef9453f7f0e1c49618d3bfc8eb3a886dc53d536b4493b1ad52da5321ad3
cases/_review_2026-08/vie-ours/result_b192.vtp	77336	0a9287ba63a753435b49b56d0efe2fe240f4aebfcc0fb2ba0f8c06e6914bb81d
cases/_review_2026-08/vie-ours/result_b193.vtp	77461	985173ee6172711535f0f762c25b4b6564a5ed4d98d9b744eaad9576a3c316a8
cases/_review_2026-08/vie-ours/result_b194.vtp	77962	c410cdb4933d4c84d486649cb68c348bac9ef2e5602cff9d761607af1132d97a
cases/_review_2026-08/vie-ours/result_b195.vtp	77468	d6c5f761cfae781feec954001ad7075e2b76217f26c54df5eef285b4370e7400
cases/_review_2026-08/vie-ours/result_b196.vtp	77424	8ad3333009902102f38288cdab2cfb63419fd8bcc6a5e710d99e2e5487e93855
cases/_review_2026-08/vie-ours/result_b197.vtp	77435	f9a66861ff63b3bf8df9580c7294d886b93c25dca0f4b167ace7247993751ebf
cases/_review_2026-08/vie-ours/result_b198.vtp	77514	eb9609aa51308f6dfdcfaff4713dde691e2867d8558ed50191275bcc2240849f
cases/_review_2026-08/vie-ours/result_b199.vtp	77447	04bf31c949148a2cc1764fd3fa0e872a0e5ed7ad55aeaf6d69bd65b1d3268e4b
cases/_review_2026-08/vie-ours/result_b2.vtp	80138	72e4d0446323e8b49ad250b35498e8ac33e6984a28ccb43d7628298fdb470790
cases/_review_2026-08/vie-ours/result_b20.vtp	80095	a8457e5778837cded0c87bd4466ac20f29686db8d5e86737bad40d16179142bd
cases/_review_2026-08/vie-ours/result_b200.vtp	77388	5a511be97843349cf273c967fbbdf076c17dab555860ec237563fa25c6b58f96
cases/_review_2026-08/vie-ours/result_b201.vtp	77423	33a630fd05fed01129903a62b435b3d3de0cedbd480dd9d3b0dde651b75c9f4a
cases/_review_2026-08/vie-ours/result_b202.vtp	78136	27bca4dc3d5214b0cd4e60c4e129dde06a6a892199babbeba38cb06af8c45745
cases/_review_2026-08/vie-ours/result_b203.vtp	77798	7c05e72a56dfdaad513ae94e138a570db9f88a990f70b7311542914170d65524
cases/_review_2026-08/vie-ours/result_b204.vtp	77775	14f1aaf5b17f44eee21d2f59f7f39452fdb5128500267ba9e47697992190bf58
cases/_review_2026-08/vie-ours/result_b205.vtp	77762	007e4e94c83937bbe5ccdb9570ad0f632abb6ab8dc8c7a1025c22a77d9433adc
cases/_review_2026-08/vie-ours/result_b206.vtp	77654	4cef38bed4f527a31889cdf990ca8d689dcc2f0888c584d5852dead26cdbf946
cases/_review_2026-08/vie-ours/result_b207.vtp	77835	e80ae4ef30d4d82db3cf1f70f462cec1ec6228749b23e384c912f9dc1851401b
cases/_review_2026-08/vie-ours/result_b208.vtp	77475	a16f83e42d522eceeb891ad9e29418ddfff6e09bdb5548e8640087faf7c68285
cases/_review_2026-08/vie-ours/result_b209.vtp	77613	fab02d6f0e4ec8168b0513b6fbffdd4844c4766c4ab29c29661c23d162bea8ab
cases/_review_2026-08/vie-ours/result_b21.vtp	79740	89743b51398ab065605be41a0dfe174c84dc579b33b3f958014f4be135498ac1
cases/_review_2026-08/vie-ours/result_b210.vtp	77732	81867fa6e78bc3b0a200c15d855a508abb8184b7c097ae5057627e407736dd4d
cases/_review_2026-08/vie-ours/result_b211.vtp	77657	34eb3735ff06f3eecbe5c276bd92e9e68a7cfc21897130363d234ff33671f2b1
cases/_review_2026-08/vie-ours/result_b212.vtp	77722	0d9ff41df631dc523c9e8001ff3734e4a9a29f89efae3f9442996a4724f0253f
cases/_review_2026-08/vie-ours/result_b213.vtp	77224	f1b347d37e9a0c2443ed7b66edeed430ecb6c08855ebfe59d803b3373a2ed693
cases/_review_2026-08/vie-ours/result_b214.vtp	77583	66cddae5fcd6faaa6c65d37ad17944297acacc3727f60c9c6e4e4ca945f37f6e
cases/_review_2026-08/vie-ours/result_b215.vtp	77329	1fb301589c316cae67d773040addce0547f4327f003b0e21d2b944db6328b394
cases/_review_2026-08/vie-ours/result_b216.vtp	77608	0d5f402f55adc4d64fc8e2aa099a457fb6987f0ac25c105f8040ae3f2948beee
cases/_review_2026-08/vie-ours/result_b217.vtp	77362	4236e4b53bbab1062092d0a2d311c712a12943954b1e6be831e8131e446717be
cases/_review_2026-08/vie-ours/result_b218.vtp	77741	73038d110cafee12235f08585918c2fa4c944b76be4bd32b473be096bd37b4c2
cases/_review_2026-08/vie-ours/result_b219.vtp	77790	14aeaa591d4bc2cdb30e19a561b69640b88b28954b81e954155ce7437a88c3d6
cases/_review_2026-08/vie-ours/result_b22.vtp	79410	7e9295a88bc8ff220b1302ade9e2ceda47659f0d6ccb2ccdf5bd13713d36334c
cases/_review_2026-08/vie-ours/result_b220.vtp	77751	0491cf4b83c7bc03fd0d503cd87e585946c6f70adad9d03c94ef444512de0bfd
cases/_review_2026-08/vie-ours/result_b221.vtp	77555	eb6daf30697dd03a781aa07073e472406bf66d7606bfa28611c889efb3de9a90
cases/_review_2026-08/vie-ours/result_b222.vtp	77727	935e26213757de1fa0542bdd19d85b2a8a3437301750ec949dc13627cbc15515
cases/_review_2026-08/vie-ours/result_b223.vtp	78119	912bd80d9e3754739a36a8093a816615342772006703ce337ccf58b6983e1046
cases/_review_2026-08/vie-ours/result_b224.vtp	78498	78ad2eadb0ccd93e0d529f132de70e68c85d53aab56a552a81aea8a2d15b771a
cases/_review_2026-08/vie-ours/result_b225.vtp	78424	5bca0ff4d9ba6ec56bed06367787b3ab5a6ce3db8613cf35c57fa8d6b9b000fd
cases/_review_2026-08/vie-ours/result_b226.vtp	78392	e2d7887dd9cf2c1da2f16826da6e34152a0f894b4e61fcd322b9bcb51942e4e3
cases/_review_2026-08/vie-ours/result_b227.vtp	78059	6e841d06ea821ac828f964c11e86c9eb2d4c12f7de74002c16ba17789034ce02
cases/_review_2026-08/vie-ours/result_b228.vtp	77777	9baa650e223fa95c78225ce77bad0b1410601db7e9d182292c0013f7af3995f2
cases/_review_2026-08/vie-ours/result_b229.vtp	77810	48608f91dee041a226b2720754f82b8aeb80ba99205435c84fc035f63961e078
cases/_review_2026-08/vie-ours/result_b23.vtp	79570	a7b2a3d5ad699e111b09b60f403fe49a47b10dcd555cfd090503274222b43dc7
cases/_review_2026-08/vie-ours/result_b230.vtp	77828	9fd6442251b0c139b5792b3f07f261d8b8aa3e0d1d845dcfc367a144ec7174e6
cases/_review_2026-08/vie-ours/result_b231.vtp	77678	2477b130d52cb8d656346a06f8da13945bc43ba618c823d2890a89e3fd269262
cases/_review_2026-08/vie-ours/result_b232.vtp	77907	cc0e61144b871a8e2b68bbd69157ae1f6648ffd733cb118b70b1aaf89d0e6eda
cases/_review_2026-08/vie-ours/result_b233.vtp	78157	bc5e8bdae2148196bca51011ab191f6cdcca2304b5b51ceda62f624bd8d1c985
cases/_review_2026-08/vie-ours/result_b234.vtp	77698	d0e965c9b70262370dffcced3bab46ddaa9420bfd8ede0a63bc0f300475ee011
cases/_review_2026-08/vie-ours/result_b235.vtp	77450	82c0b8ce65c12b51bb19e69092541bd27a472d182de28d19e3d0633c9a3719c3
cases/_review_2026-08/vie-ours/result_b236.vtp	77814	6c16a833dc15a3048b7fa0d03062bc125e1b978781808d57fb9fad378c31670f
cases/_review_2026-08/vie-ours/result_b237.vtp	77794	4b2b3939a9412c848d0e17e0ad33672571f2d81bfc0e7ed12e6b3568682773c2
cases/_review_2026-08/vie-ours/result_b238.vtp	77633	5d93ba0cddc2332c650b93b0eac82cd2e2e3cb2b0412a3c4fdae3d3a9ebe333d
cases/_review_2026-08/vie-ours/result_b239.vtp	78011	f4104e323c4f4e38aeaa381966fbdf2d9a36e8e93487c811a5f65e3f07aa0efc
cases/_review_2026-08/vie-ours/result_b24.vtp	79262	711fe604aeb48599a6619e70bc98f21f7bc391fab12322858a7402d83af490c6
cases/_review_2026-08/vie-ours/result_b240.vtp	77899	39b4291f7032e27ce19650054a415d4d603be1d3f011fe90a12824d4c11df82e
cases/_review_2026-08/vie-ours/result_b241.vtp	78111	cc8afa987d3ace7961ccca90ad158dad6112fb0696bf7cdaf7548cf4d5755852
cases/_review_2026-08/vie-ours/result_b242.vtp	77761	01c247d55b551b82070780ba22a714aa2c3ad64986d97d88cfa412e6311637a1
cases/_review_2026-08/vie-ours/result_b243.vtp	77928	58d876bf84df1e3c19a691cd427ffbd04ae8576a097bbb2581467abb95835f70
cases/_review_2026-08/vie-ours/result_b244.vtp	77699	bf6f70efc98de176178e698b47b1e7c3e28d482452c61b458c76c1201c8e9319
cases/_review_2026-08/vie-ours/result_b245.vtp	77612	2b7e0956be2bb26f2df468202b4ed51272f997be919c71394f25ae824f7326b8
cases/_review_2026-08/vie-ours/result_b246.vtp	77839	6c81522071cceb37dd384fead771d731771cfd8af368f212c729c1871cda0282
cases/_review_2026-08/vie-ours/result_b247.vtp	77744	bb7612540366ecbebd3c1216f5f1d94d86f63b1853a5e1619ce19eea539ca155
cases/_review_2026-08/vie-ours/result_b248.vtp	77981	eaf260dbdf81eeb57cd29edb5dc6e9de79b8fd867ae7b778e47dca216fdb6fb9
cases/_review_2026-08/vie-ours/result_b249.vtp	78229	e6b30497e2b2c4a91654b83a694992f07fce1227d77e163751022a3578d642ee
cases/_review_2026-08/vie-ours/result_b25.vtp	79329	e9b98dc26b7a5a164c5695c1f5cb67eca4da3791c22044246ce6c1106cc83efd
cases/_review_2026-08/vie-ours/result_b250.vtp	77853	c05f65fd5caa9ebca55987baa1e9ecb8a6186b8e7855129fe87f1cc1fed16838
cases/_review_2026-08/vie-ours/result_b26.vtp	79493	39b868078060630ab4840554b66d6f1099fa59951004fa015c17506dc4aee835
cases/_review_2026-08/vie-ours/result_b27.vtp	78914	d4164d796b0f155e68e865d0a7eddf69aadee1dc022681ee742780fb829cd28e
cases/_review_2026-08/vie-ours/result_b28.vtp	78765	ff79cbb0cc5a7b2f81fa54a612d2721337e229ff44d70f5d4833829f5ef3a64f
cases/_review_2026-08/vie-ours/result_b29.vtp	79010	030ba14352658ab98397848b2e5672eacf69cb83dcbead292b81b186fa4915ee
cases/_review_2026-08/vie-ours/result_b3.vtp	79297	f78dcd2e1baf3c086de6628cbb3371bc7921afdc7d47010d9437682c425f1007
cases/_review_2026-08/vie-ours/result_b30.vtp	78684	ba7f678854f8f5c186b415c5f0ff483972b5009c5d70eecf40dfeba47c35207b
cases/_review_2026-08/vie-ours/result_b31.vtp	78653	2d28286d6f4be11ac7a43692010ff6cef740998cefa756fa5f33b4f0bea856c6
cases/_review_2026-08/vie-ours/result_b32.vtp	78851	7fcc09c409914131ee9aaea068b9cdf041ca8e156a094d452da349b7e423e5f2
cases/_review_2026-08/vie-ours/result_b33.vtp	78849	b2045962fc2034d2c8a58e55634773109f7aadf35be18d7ad3e31d29ddac98ae
cases/_review_2026-08/vie-ours/result_b34.vtp	78653	e4beb0c01a31b02b4a867114847dea07c3cb0a72fb569411c4563fe47838a7ed
cases/_review_2026-08/vie-ours/result_b35.vtp	79025	9ef3c67a550a878f584cfaf8033ddec02d6588998548107347d796692cf0d54c
cases/_review_2026-08/vie-ours/result_b36.vtp	79228	0db0ad6c36c2e94f831bf8be29349e51e0075f901e8b45e41996752361e4d40b
cases/_review_2026-08/vie-ours/result_b37.vtp	78998	640aea179a93e482fc0e7eaa7a6796cd03f9f5e79b09605bfaf6bac7206b8fb1
cases/_review_2026-08/vie-ours/result_b38.vtp	78900	fc5fe758414bfed38d04979366e9c52d56e37ca069cfe30730c6f9c65d0fe686
cases/_review_2026-08/vie-ours/result_b39.vtp	78873	e7650e969a5c729ba4b7ec65a0621c5f00aec393d69233b358a30f4918c24f39
cases/_review_2026-08/vie-ours/result_b4.vtp	79141	143fad7971675ccbbf9474773e9a1d29ccf950f977b06ca17c98b76ea7d8fe65
cases/_review_2026-08/vie-ours/result_b40.vtp	78393	00907b08d7d7ce3cd9f3f0b187947ff7c747e82f5b01791ed84d3fbe952cd4eb
cases/_review_2026-08/vie-ours/result_b41.vtp	78366	89b7d5f0efdc609b723e99b1164dcdf656dbc4697dc38db45024aff93262cbb0
cases/_review_2026-08/vie-ours/result_b42.vtp	78323	f7a2396b17b96192664fad47d7a83fe7b6ec74dff39352200a6957b98e1b7125
cases/_review_2026-08/vie-ours/result_b43.vtp	78475	c6a124629556f5364ea8158eb01cb9b6a73c15f3aedb3a8a3825e95e681ee6a8
cases/_review_2026-08/vie-ours/result_b44.vtp	78276	906c0a1817db81f9501746a355d8ae24e38684699e5d05732ac6ed0873b8f073
cases/_review_2026-08/vie-ours/result_b45.vtp	78487	ca3658cbd03e8a4847177e07f32eb764ca99194e39df243b6137b1974270f8dc
cases/_review_2026-08/vie-ours/result_b46.vtp	78545	91f2723bda3b16f954e0f807e99c74cc8aece8f0df706dbe0a1a80acd268a7a2
cases/_review_2026-08/vie-ours/result_b47.vtp	78601	cb64e64ec6a044e18474440a862bb1ef2c637d26cde64b3c647f23295915b0d6
cases/_review_2026-08/vie-ours/result_b48.vtp	79131	9a3eeccac955ed2b2a84e0b3e2b23fd2a2963be60d010f9222ad4f210d2dbb93
cases/_review_2026-08/vie-ours/result_b49.vtp	78439	6067969ac545fadef5772f970468b24a06257f16053f3071034537721a1eecf5
cases/_review_2026-08/vie-ours/result_b5.vtp	79760	edb54ba9751e70b736c62be056c397a4ba83ed41ad3d52bb9b563972c57d73f2
cases/_review_2026-08/vie-ours/result_b50.vtp	78308	5d13ee5e946ac373ab804f0d32d184596804003ffac464ee7d380cd32a82d4af
cases/_review_2026-08/vie-ours/result_b51.vtp	78020	6f1cef176488b5cfd29896b9ef364a16a6aa9591d3e3cfc98bf4427aacdcb62c
cases/_review_2026-08/vie-ours/result_b52.vtp	78237	65fd1bd3cf2dc4abdce586d097b6507bcbb21e61978c1c056d93f3b53758ba96
cases/_review_2026-08/vie-ours/result_b53.vtp	77815	6990a364468214758d8577fae5fbdc108bdd163720d101a6f2e80e7d8678995a
cases/_review_2026-08/vie-ours/result_b54.vtp	77838	1819f21b9a04a686092a72fb519885a61d5d426584b67be7821e4bc9b8996cff
cases/_review_2026-08/vie-ours/result_b55.vtp	77863	a809303959ff8667fca6deedaaba1dfe7db64cbd9382ef9c17e190c35f2d258b
cases/_review_2026-08/vie-ours/result_b56.vtp	77758	d8d03f9aab5c5709240d9d06e0d43df660a736a4924ba11ecf1cecc727cbe3c7
cases/_review_2026-08/vie-ours/result_b57.vtp	77732	ca93a0e7b30fe321dc305ff5fd35ae07eaa24d25c4630278af3cafbce7b9f7d4
cases/_review_2026-08/vie-ours/result_b58.vtp	77381	e34c9c740bd1127e9c2249431f44849e879273eada137029d012050f5f0ae402
cases/_review_2026-08/vie-ours/result_b59.vtp	77393	ca6c7509b25b61eeb06def0df872a3d34c4e1d924e81ebd816a6d22edf57ec2a
cases/_review_2026-08/vie-ours/result_b6.vtp	79347	1cc1fb95e3e37f0388ae9bdaf4306ea45566ff9714833b3a90c5a61a7c6e65b5
cases/_review_2026-08/vie-ours/result_b60.vtp	77331	ff1d771751aac387707b815340f2b5009e9869d3461a154eb88e455164f26f5e
cases/_review_2026-08/vie-ours/result_b61.vtp	77114	5364739d9a23468f7c077332c760b8e8807eb359b8088467b82c19d0bba2c79e
cases/_review_2026-08/vie-ours/result_b62.vtp	77240	15783f89abdde6af721c3736651ab229943485cf1b75ea1a4bd2905b2cafb883
cases/_review_2026-08/vie-ours/result_b63.vtp	77060	d12bb269af4b71de9dbb85b04103b63ca59792b000e77e5187df7ad32b748be2
cases/_review_2026-08/vie-ours/result_b64.vtp	77214	0e0609bb2e70e771f9dd5442a2caf742dbb17b6d25ac37528e328473f1c2b44c
cases/_review_2026-08/vie-ours/result_b65.vtp	77142	7534eb813eeffb6a834190c75f48087f5d9dad5de71da685da93c10072b87ed6
cases/_review_2026-08/vie-ours/result_b66.vtp	77250	cfb7b9e8c52ceb633372e2d3be0741544a41317476af82771774500e6b845217
cases/_review_2026-08/vie-ours/result_b67.vtp	77143	0c66385f5e132d82b34654f35d480fd7fe14ffc929f7a27290beb87233bf58af
cases/_review_2026-08/vie-ours/result_b68.vtp	77219	5ce303cc9db5e6fbf0dfbd662e5084e8510ed7544e48e81135dac6304fe23dba
cases/_review_2026-08/vie-ours/result_b69.vtp	77716	07f75e27c73ea8acec6991aa5663af7856ae768f1754cbc2f2a565dff6abc8d9
cases/_review_2026-08/vie-ours/result_b7.vtp	79466	7384145b44503ffee75db9fbb0b32a04d2d9bcebc807091c9e9da4f2ef9e0806
cases/_review_2026-08/vie-ours/result_b70.vtp	77285	806ef703b71fda6848f4b45a426a2f68db3f38df4c51ef497bea1533ab56ab98
cases/_review_2026-08/vie-ours/result_b71.vtp	77342	617a9443ed76c564ab807b303cd2f8ced7f6613fa4b134c24d5fcd8ad84eba26
cases/_review_2026-08/vie-ours/result_b72.vtp	77643	695755ed08adb44951f45d809e0c34ef824af1d0aa9ed335c9486f4fc734063c
cases/_review_2026-08/vie-ours/result_b73.vtp	77502	01d46610ab16246f6c7d0848b392fd05b65763e021911bb8eabc25f6746dc915
cases/_review_2026-08/vie-ours/result_b74.vtp	77738	8b7210054a29854e452041375b5fa6ac33f42d35b37d3987e7c036f0fe7e8d78
cases/_review_2026-08/vie-ours/result_b75.vtp	77255	d2748c05f44f0ab7f5090fcd1bce2d7ff074f57aaf3fdb372425b71f64510f2a
cases/_review_2026-08/vie-ours/result_b76.vtp	77306	3d496026ee862fca354f90d6628c75e50e13c2f4c7b9a0173bfe1b6cdb35ac2d
cases/_review_2026-08/vie-ours/result_b77.vtp	77276	7ab5da61aa3fcdfcf75fd7f4e4f149de3699ce0da2bd9fe022cde454f7cc61af
cases/_review_2026-08/vie-ours/result_b78.vtp	77557	47d95dc8eb3375697363cf9495f5b7014d9c0650773f396754b73911a2c6b213
cases/_review_2026-08/vie-ours/result_b79.vtp	77619	8aebe8326777ef8b1c1cb5457a9b9e586ba9c6d926c8c37c6206d7c7d1c9c0a5
cases/_review_2026-08/vie-ours/result_b8.vtp	79544	11f9a01d3f11a703cf3f4411438655192c95a11c5c51d683f917b0c57b50db72
cases/_review_2026-08/vie-ours/result_b80.vtp	77760	b00ae5a9eb321b4be1c0dc97cc3d86b6dc742a7afc4055c098347e8863ad130d
cases/_review_2026-08/vie-ours/result_b81.vtp	77924	e9d95b0d9d8e73ee2c5f9982691d77020ee27c094ac63eff27bc5c8910e6de40
cases/_review_2026-08/vie-ours/result_b82.vtp	77544	77baca0eaf73197251444ac201bb8ea54dee15e61b8a3955ee63a5aa027d31ab
cases/_review_2026-08/vie-ours/result_b83.vtp	77659	6aa07b4a4120f6d9da99af0afba4b0dbc7d661608cffe9c38abddbef83ef8cfd
cases/_review_2026-08/vie-ours/result_b84.vtp	77898	a9ae710c822263907ff308c5b0eb9274989c5ab3313f73cc17b2716588fbd90f
cases/_review_2026-08/vie-ours/result_b85.vtp	77562	05b8a7d452f5b60a4347d8e2afb20a6b93f262f642975c0e8f12e76b71b41680
cases/_review_2026-08/vie-ours/result_b86.vtp	77482	92ba64897be9aaf0cce1cfeb590324d4b5c563014e8b023f746664d36cc976c1
cases/_review_2026-08/vie-ours/result_b87.vtp	77309	f74521d3d762546f0d8ff7a3ed37cf6b8621488e8f0d945ca32ef9cdd3561601
cases/_review_2026-08/vie-ours/result_b88.vtp	77750	86bd5ce8505fb8fe14e6aa8726bc9b2072aafde2ba95d7daed667a6bced79199
cases/_review_2026-08/vie-ours/result_b89.vtp	77565	d9b96daab6543f24de7cdf9a54f073d949bba81188752905c211948728a5d5e6
cases/_review_2026-08/vie-ours/result_b9.vtp	79667	9dc479df1f228a50883bf228a789f27c561ee142833ccf701a9499f63bb44c87
cases/_review_2026-08/vie-ours/result_b90.vtp	77673	fe636a263da473db3e9710253dc74a612811075e40972b16108054e4f610fab7
cases/_review_2026-08/vie-ours/result_b91.vtp	77646	43277ce2d20e1ac16bc5abef72da047ee171e261fde6f69b192ae61e56cb4663
cases/_review_2026-08/vie-ours/result_b92.vtp	77402	c5a83edf307e718e901f0935311884b2c1b6debfcaef2e0361f5182b2fb5592e
cases/_review_2026-08/vie-ours/result_b93.vtp	77253	1ea62f0d3d89a62dfc5b12811e01d61e81d0f9e8f892186b0e6b29a7ffd3e9ad
cases/_review_2026-08/vie-ours/result_b94.vtp	76962	d44783171ea41f6ed89849841b6825289795be15a1e12ee31bc9527d3a52d06d
cases/_review_2026-08/vie-ours/result_b95.vtp	77157	d6c50b1e406c7bed2676e0b9977728a7282bfbce7d97e86c6b676d0168c05f82
cases/_review_2026-08/vie-ours/result_b96.vtp	77710	c7bea18222c1c582d81b43f8a03c60f8ab610d0e0db55d71bc3b3bfb2cae92ef
cases/_review_2026-08/vie-ours/result_b97.vtp	77848	1b17d966b857103d7fd8cdf69581c60fdb7f3a7750fb64948f6b7c3c801100fd
cases/_review_2026-08/vie-ours/result_b98.vtp	78294	cd5a18c05d23edf82077afb9d4047277ed117a5275b1c2fd372339e87b664b03
cases/_review_2026-08/vie-ours/result_b99.vtp	77933	f0541fde24e267a05bdb851796688a01b961980463d3b813ce90cd56e143511d
cases/benchmark_100x100/1.ctt	0	e3b0c44298fc1c149afbf4c8996fb92427ae41e4649b934ca495991b7852b855
cases/benchmark_100x100/1.fai	0	e3b0c44298fc1c149afbf4c8996fb92427ae41e4649b934ca495991b7852b855
cases/benchmark_100x100/1.flavia.msh	978601	3a305056339578079eef05d8436f3e8d0e720225b79244423928a598d9fd6a95
cases/benchmark_100x100/1.flavia.res	1571102	34274a9d67bd30040d99de3d1227c475d5d518827084f3634b34a5310e154ec3
cases/benchmark_100x100/1.ftf	0	e3b0c44298fc1c149afbf4c8996fb92427ae41e4649b934ca495991b7852b855
cases/benchmark_100x100/1.gpv	4440063	40aad4164fdb583d8d83e6a7cb795652ace8963c746ee1378d0d7542938e9102
cases/benchmark_100x100/1.ini	0	e3b0c44298fc1c149afbf4c8996fb92427ae41e4649b934ca495991b7852b855
cases/benchmark_100x100/1.inw	0	e3b0c44298fc1c149afbf4c8996fb92427ae41e4649b934ca495991b7852b855
cases/benchmark_100x100/1.res	0	e3b0c44298fc1c149afbf4c8996fb92427ae41e4649b934ca495991b7852b855
cases/benchmark_100x100/1.resb	0	e3b0c44298fc1c149afbf4c8996fb92427ae41e4649b934ca495991b7852b855
cases/benchmark_100x100/1.rtt	4086508	320630c530cd107f54936523c41dd1ccbff00a79b360b2a4439a690ed501025a
cases/benchmark_100x100/result_b1.vtp	1395701	ce116b95d7166516c300dc8676cb265b8b504509050dcb310a7527dfcc4d4ffa
cases/benchmark_50x50/1.ctt	0	e3b0c44298fc1c149afbf4c8996fb92427ae41e4649b934ca495991b7852b855
cases/benchmark_50x50/1.fai	0	e3b0c44298fc1c149afbf4c8996fb92427ae41e4649b934ca495991b7852b855
cases/benchmark_50x50/1.flavia.msh	244448	51c5932a1a1fc53d20d96c9f1dcb73c2e44e5ce49d311c56e25d17a79bc7f73d
cases/benchmark_50x50/1.flavia.res	400702	ea97c3c84454dfc221892c35fa27fd4d37129c235d574ee62ca7e04971ea634e
cases/benchmark_50x50/1.ftf	0	e3b0c44298fc1c149afbf4c8996fb92427ae41e4649b934ca495991b7852b855
cases/benchmark_50x50/1.gpv	1110063	0631f999e652109d8e95507358e7b8105073a57f4bb9437d88e53d2866fb451e
cases/benchmark_50x50/1.ini	0	e3b0c44298fc1c149afbf4c8996fb92427ae41e4649b934ca495991b7852b855
cases/benchmark_50x50/1.inw	0	e3b0c44298fc1c149afbf4c8996fb92427ae41e4649b934ca495991b7852b855
cases/benchmark_50x50/1.res	0	e3b0c44298fc1c149afbf4c8996fb92427ae41e4649b934ca495991b7852b855
cases/benchmark_50x50/1.resb	0	e3b0c44298fc1c149afbf4c8996fb92427ae41e4649b934ca495991b7852b855
cases/benchmark_50x50/1.rtt	1023308	061a8776ba302828153a7395ac7cf65893d9d24edcec02a8a37a4c2c203a4292
cases/benchmark_50x50/result_b1.vtp	350895	acc1fa8103d5c0178536881dfc7614b7262f788e4664cc7b307e5bf960e0ac71
cases/box_culvert_3d/1.ctt	0	e3b0c44298fc1c149afbf4c8996fb92427ae41e4649b934ca495991b7852b855
cases/box_culvert_3d/1.fai	0	e3b0c44298fc1c149afbf4c8996fb92427ae41e4649b934ca495991b7852b855
cases/box_culvert_3d/1.flavia.msh	1322980	dc4a44913c85b6971fedc892d91ae922350551345aebc3165c59b202a79dded9
cases/box_culvert_3d/1.flavia.res	2079975	850d036cc5a09377f79195ca1b5440f323e63d7a2f011f88558ea0ca122d45de
cases/box_culvert_3d/1.ftf	0	e3b0c44298fc1c149afbf4c8996fb92427ae41e4649b934ca495991b7852b855
cases/box_culvert_3d/1.gpv	11078968	4d28ade2d4ac04e56daedc77160d1a1982c46e08ac9665b2810942e6c5ba2b23
cases/box_culvert_3d/1.ini	0	e3b0c44298fc1c149afbf4c8996fb92427ae41e4649b934ca495991b7852b855
cases/box_culvert_3d/1.inw	10806692	7f28e9e1efa7e2d714bad1fa1fffee420eb07ad10dec7339dd5e78c1bcad93c3
cases/box_culvert_3d/1.res	0	e3b0c44298fc1c149afbf4c8996fb92427ae41e4649b934ca495991b7852b855
cases/box_culvert_3d/1.resb	72372	764719ee4e5462eb84127c3293dab9c8b2660fa6dc63223d0979f8563a95ab09
cases/box_culvert_3d/1.rtt	8897420	b4cec10298cf9bdb1002e2fedb506cad58f19d8281ee3ecb9d612467c7110f80
cases/contact3d/1.ctt	0	e3b0c44298fc1c149afbf4c8996fb92427ae41e4649b934ca495991b7852b855
cases/contact3d/1.fai	0	e3b0c44298fc1c149afbf4c8996fb92427ae41e4649b934ca495991b7852b855
cases/contact3d/1.flavia.msh	148235	1994032ff8ad3b89b224af6552f5e57e201a5d2f34066e217f3b93d98ce455ff
cases/contact3d/1.flavia.res	311242	6905ef22ef5048359b66563d9d8a8bcaa2e2fafdff11263eb567b87d4802b49a
cases/contact3d/1.ftf	0	e3b0c44298fc1c149afbf4c8996fb92427ae41e4649b934ca495991b7852b855
cases/contact3d/1.gpv	1114287	b23c9bf8a05a90b7898f421fbcbf559eabeec19ad73870a30740b12429b66450
cases/contact3d/1.ini	0	e3b0c44298fc1c149afbf4c8996fb92427ae41e4649b934ca495991b7852b855
cases/contact3d/1.inw	0	e3b0c44298fc1c149afbf4c8996fb92427ae41e4649b934ca495991b7852b855
cases/contact3d/1.res	0	e3b0c44298fc1c149afbf4c8996fb92427ae41e4649b934ca495991b7852b855
cases/contact3d/1.resb	0	e3b0c44298fc1c149afbf4c8996fb92427ae41e4649b934ca495991b7852b855
cases/contact3d/1.rtt	1053916	ac0516f62d592edb8bd1b47322d207f3e1b51805c5e3823ffc2836013c8faca7
cases/contact3d/result_b1.vtp	243628	eceae0599d6c5ff368840119c8607bc7efe740d7e9539d0f86577db0b45d8371
cases/cooks_membrane/1.ctt	0	e3b0c44298fc1c149afbf4c8996fb92427ae41e4649b934ca495991b7852b855
cases/cooks_membrane/1.fai	0	e3b0c44298fc1c149afbf4c8996fb92427ae41e4649b934ca495991b7852b855
cases/cooks_membrane/1.flavia.msh	25510	d0e342aae9d3d92998d7597174fad14ebaf67d5546d624fa94c639f3ff9e92f9
cases/cooks_membrane/1.flavia.res	44654	5b92878e6a331e4e8b4118f60919781a48404942db5cfc699be1d01f7db18961
cases/cooks_membrane/1.ftf	0	e3b0c44298fc1c149afbf4c8996fb92427ae41e4649b934ca495991b7852b855
cases/cooks_membrane/1.gpv	113727	3d0081045b04a04292fbc789842aaa5984107492b2f2f562676a5ba46c6994dd
cases/cooks_membrane/1.ini	0	e3b0c44298fc1c149afbf4c8996fb92427ae41e4649b934ca495991b7852b855
cases/cooks_membrane/1.inw	0	e3b0c44298fc1c149afbf4c8996fb92427ae41e4649b934ca495991b7852b855
cases/cooks_membrane/1.res	0	e3b0c44298fc1c149afbf4c8996fb92427ae41e4649b934ca495991b7852b855
cases/cooks_membrane/1.resb	0	e3b0c44298fc1c149afbf4c8996fb92427ae41e4649b934ca495991b7852b855
cases/cooks_membrane/1.rtt	105580	940fadbed735dfa922896805e59b9ecb6d346c05081de49b59642e35f392f4e6
cases/cooks_membrane/result_b1.vtp	38026	a6a9d7c9aca1f224ba6c017d1d14c781ea0a98576eb160b72a24557e2aa6eec9
cases/dam_fluid_coupling/1.ctt	0	e3b0c44298fc1c149afbf4c8996fb92427ae41e4649b934ca495991b7852b855
cases/dam_fluid_coupling/1.fai	317040	476a26166a3981405b24f4ac2292806977b4493a0a6767443dc6085e9db9a2ba
cases/dam_fluid_coupling/1.flavia.msh	291580	52659bc2e4256b8b78db25d1a4726bc921d5c6739616698a8ba6dfa1130b1d01
cases/dam_fluid_coupling/1.flavia.res	426633210	9bbdfb7978778758125c2ec346653354fbf966a2b22216db0f5c2dfac4ac2af3
cases/dam_fluid_coupling/1.ftf	0	e3b0c44298fc1c149afbf4c8996fb92427ae41e4649b934ca495991b7852b855
cases/dam_fluid_coupling/1.gpv	427411323	9175f3fb616aeaa9261b6bd98606c8dae830238655777faa9980008902deda89
cases/dam_fluid_coupling/1.ini	24441266	2199c96965bb34b0f4bcde690f1de7250c3bd411e08f3969f9667c1573596879
cases/dam_fluid_coupling/1.inw	24441266	929df730ebdd45eb012bea110613ad6aa9e9ad27ea63bee01bed8f54e979bcc3
cases/dam_fluid_coupling/1.lqu	83849920	dd9b5bdaa5c7c6639583593c17fd9bb9b1af717522e72ef44e200ae8a118594f
cases/dam_fluid_coupling/1.res	145701504	7fb4f1deb3f1427f763c379135d1ae77ea8475370eca0b156cda2e70daf45bc2
cases/dam_fluid_coupling/1.resb	0	e3b0c44298fc1c149afbf4c8996fb92427ae41e4649b934ca495991b7852b855
cases/dam_fluid_coupling/1.rtt	727796	74c7119a6a66bed02bc3750a877ef5b3e4d89244fb0e3331d45cde948f58bacc
cases/dam_seepage_3d/1.ctt	0	e3b0c44298fc1c149afbf4c8996fb92427ae41e4649b934ca495991b7852b855
cases/dam_seepage_3d/1.fai	0	e3b0c44298fc1c149afbf4c8996fb92427ae41e4649b934ca495991b7852b855
cases/dam_seepage_3d/1.flavia.msh	0	e3b0c44298fc1c149afbf4c8996fb92427ae41e4649b934ca495991b7852b855
cases/dam_seepage_3d/1.flavia.res	0	e3b0c44298fc1c149afbf4c8996fb92427ae41e4649b934ca495991b7852b855
cases/dam_seepage_3d/1.ftf	0	e3b0c44298fc1c149afbf4c8996fb92427ae41e4649b934ca495991b7852b855
cases/dam_seepage_3d/1.gpv	0	e3b0c44298fc1c149afbf4c8996fb92427ae41e4649b934ca495991b7852b855
cases/dam_seepage_3d/1.ini	0	e3b0c44298fc1c149afbf4c8996fb92427ae41e4649b934ca495991b7852b855
cases/dam_seepage_3d/1.inw	0	e3b0c44298fc1c149afbf4c8996fb92427ae41e4649b934ca495991b7852b855
cases/dam_seepage_3d/1.res	0	e3b0c44298fc1c149afbf4c8996fb92427ae41e4649b934ca495991b7852b855
cases/dam_seepage_3d/1.resb	0	e3b0c44298fc1c149afbf4c8996fb92427ae41e4649b934ca495991b7852b855
cases/dam_seepage_3d/1.rtt	0	e3b0c44298fc1c149afbf4c8996fb92427ae41e4649b934ca495991b7852b855
cases/damage/1.ctt	45072	6733f8028867158ca1a60175721524a5215819a50926add6b1eb841b8a17b7e0
cases/damage/1.fai	0	e3b0c44298fc1c149afbf4c8996fb92427ae41e4649b934ca495991b7852b855
cases/damage/1.flavia.msh	444	d9245caee97334d554063298fdd498c6fb2b3a1d031a0d91f1466e281e996444
cases/damage/1.flavia.res	589800	855a497d0d77f0b25708be119e059ba7617e4cd210ca1aacad579c53d5bebac3
cases/damage/1.ftf	33	64b7e89ddaa031d3ce6b9edae0b93dd84c4e9d043fafd11dd80bda684773f749
cases/damage/1.gpv	235000	8284cf6a5d8007163805fa50a36cbad038b089bbcb71f6586c54f4bc279013d8
cases/damage/1.ini	0	e3b0c44298fc1c149afbf4c8996fb92427ae41e4649b934ca495991b7852b855
cases/damage/1.inw	8771049	a434910c626bd52ed36b563a490f09e464dde660b41f4a54734a62504b333fa5
cases/damage/1.res	204800	b24eb3424c501b3e2393409aa22329413faf2cb7935188263b3afaf73b171ea2
cases/damage/1.resb	72372	764719ee4e5462eb84127c3293dab9c8b2660fa6dc63223d0979f8563a95ab09
cases/damage/1.rtt	1444	bb81875c57b26a60322b2f1b6ec202caf4dfc8ba10b6a7c9f6d766a74123cb97
cases/disc_contact_3d/1.ctt	0	e3b0c44298fc1c149afbf4c8996fb92427ae41e4649b934ca495991b7852b855
cases/disc_contact_3d/1.fai	0	e3b0c44298fc1c149afbf4c8996fb92427ae41e4649b934ca495991b7852b855
cases/disc_contact_3d/1.flavia.msh	506780	488402ece378174e8204eaa0fb6d2d72f2f960aa3f035dacedd50d287faa9476
cases/disc_contact_3d/1.flavia.res	48254400	4ba05b176012615f8ad10f7d04145db7a1a736e65c7feb90e88e1bc96375312d
cases/disc_contact_3d/1.ftf	0	e3b0c44298fc1c149afbf4c8996fb92427ae41e4649b934ca495991b7852b855
cases/disc_contact_3d/1.gpv	81819200	d70edc411565aa1d141b98bfe90c9f8f9fa85f0ccba097373062336f2394b806
cases/disc_contact_3d/1.ini	0	e3b0c44298fc1c149afbf4c8996fb92427ae41e4649b934ca495991b7852b855
cases/disc_contact_3d/1.inw	0	e3b0c44298fc1c149afbf4c8996fb92427ae41e4649b934ca495991b7852b855
cases/disc_contact_3d/1.res	0	e3b0c44298fc1c149afbf4c8996fb92427ae41e4649b934ca495991b7852b855
cases/disc_contact_3d/1.resb	72372	764719ee4e5462eb84127c3293dab9c8b2660fa6dc63223d0979f8563a95ab09
cases/disc_contact_3d/1.rtt	1524572	f14ac811f1c90235bd1df82ff1b96aec23f124f3f63d431da4947cbb76398dac
cases/fix/1.ctt	0	e3b0c44298fc1c149afbf4c8996fb92427ae41e4649b934ca495991b7852b855
cases/fix/1.fai	295680	12ed9ee019899b8188d6855887c6a7405a109d135c6116025920164f4eee632c
cases/fix/1.flavia.msh	58120	7f23b2e235c2e223c952d631860492bf9cbbd82cb5b2692e3e43166b64dd51c8
cases/fix/1.flavia.res	1139280	a5184dcea962da4c40ec86ff20a21a8ba9b2f1f7f60a8544ef7538b7d840caa2
cases/fix/1.ftf	0	e3b0c44298fc1c149afbf4c8996fb92427ae41e4649b934ca495991b7852b855
cases/fix/1.gpv	1837440	4d7eca11e003c86c636ecf7e398472b069caa6972ebf9d68380630c15fe632bc
cases/fix/1.ini	262603	2436d8db7d5cbbe30bf6be50566f8b4be360f51e6f09f02b0f3ed961d2907fb2
cases/fix/1.inw	0	e3b0c44298fc1c149afbf4c8996fb92427ae41e4649b934ca495991b7852b855
cases/fix/1.lqu	0	e3b0c44298fc1c149afbf4c8996fb92427ae41e4649b934ca495991b7852b855
cases/fix/1.res	0	e3b0c44298fc1c149afbf4c8996fb92427ae41e4649b934ca495991b7852b855
cases/fix/1.resb	72372	764719ee4e5462eb84127c3293dab9c8b2660fa6dc63223d0979f8563a95ab09
cases/fix/1.rtt	187556	a705e4a00cbee62931e8eaa295bf733bceeb5fa4e5a69021df48706c7ec3a4e5
cases/freq/1.ctt	0	e3b0c44298fc1c149afbf4c8996fb92427ae41e4649b934ca495991b7852b855
cases/freq/1.fai	310464	c1f2ce5ea5c80f7943057071277359a5916ecc72100af0d32b93805512861f3d
cases/freq/1.flavia.msh	58120	7f23b2e235c2e223c952d631860492bf9cbbd82cb5b2692e3e43166b64dd51c8
cases/freq/1.flavia.res	2353512	823957fce21973864ebeca07b9a15c80dd9fc46d32748173ac5fff76c7b0b68b
cases/freq/1.ftf	0	e3b0c44298fc1c149afbf4c8996fb92427ae41e4649b934ca495991b7852b855
cases/freq/1.gpv	3824163	735ee55bed66152c63a837f7f269264aaa762fe125db55ff3fdc66ac9faabda7
cases/freq/1.ini	0	e3b0c44298fc1c149afbf4c8996fb92427ae41e4649b934ca495991b7852b855
cases/freq/1.inw	0	e3b0c44298fc1c149afbf4c8996fb92427ae41e4649b934ca495991b7852b855
cases/freq/1.res	0	e3b0c44298fc1c149afbf4c8996fb92427ae41e4649b934ca495991b7852b855
cases/freq/1.resb	72372	764719ee4e5462eb84127c3293dab9c8b2660fa6dc63223d0979f8563a95ab09
cases/freq/1.rtt	172764	d11d984cfa764f0b7d2f75fc5ef1bfef594421a6d6d9f33f9d7ce2390cd0438b
cases/goodmanLU/1.ctt	0	e3b0c44298fc1c149afbf4c8996fb92427ae41e4649b934ca495991b7852b855
cases/goodmanLU/1.fai	0	e3b0c44298fc1c149afbf4c8996fb92427ae41e4649b934ca495991b7852b855
cases/goodmanLU/1.flavia.msh	0	e3b0c44298fc1c149afbf4c8996fb92427ae41e4649b934ca495991b7852b855
cases/goodmanLU/1.flavia.res	0	e3b0c44298fc1c149afbf4c8996fb92427ae41e4649b934ca495991b7852b855
cases/goodmanLU/1.ftf	0	e3b0c44298fc1c149afbf4c8996fb92427ae41e4649b934ca495991b7852b855
cases/goodmanLU/1.gpv	0	e3b0c44298fc1c149afbf4c8996fb92427ae41e4649b934ca495991b7852b855
cases/goodmanLU/1.ini	0	e3b0c44298fc1c149afbf4c8996fb92427ae41e4649b934ca495991b7852b855
cases/goodmanLU/1.inw	0	e3b0c44298fc1c149afbf4c8996fb92427ae41e4649b934ca495991b7852b855
cases/goodmanLU/1.res	0	e3b0c44298fc1c149afbf4c8996fb92427ae41e4649b934ca495991b7852b855
cases/goodmanLU/1.resb	0	e3b0c44298fc1c149afbf4c8996fb92427ae41e4649b934ca495991b7852b855
cases/goodmanLU/1.rtt	0	e3b0c44298fc1c149afbf4c8996fb92427ae41e4649b934ca495991b7852b855
cases/goodmanLU/1_ref.flavia.res	9327960	e5c41085d2367350894cd9e520a9319cd5fbb919074877d8ab808057ba545409
cases/goodman_evolution/1.ctt	45072	6733f8028867158ca1a60175721524a5215819a50926add6b1eb841b8a17b7e0
cases/goodman_evolution/1.fai	0	e3b0c44298fc1c149afbf4c8996fb92427ae41e4649b934ca495991b7852b855
cases/goodman_evolution/1.flavia.msh	167010	eca6c5846c77afe9d906bc3fd0fdd97c4d9b7f7252143cba20eba9f207406fd3
cases/goodman_evolution/1.flavia.res	690960	2a59a43994bde02544115773e4fc89de9eba75ce5346a17e0f49de2ed3002717
cases/goodman_evolution/1.ftf	33	64b7e89ddaa031d3ce6b9edae0b93dd84c4e9d043fafd11dd80bda684773f749
cases/goodman_evolution/1.gpv	853568	ba6e68f237e8b0d468d23d3b7fe5107561839f32c6590505764dd6229e8c6eca
cases/goodman_evolution/1.ini	0	e3b0c44298fc1c149afbf4c8996fb92427ae41e4649b934ca495991b7852b855
cases/goodman_evolution/1.inw	816389	58339d738d0c156c19c1e045e3a456c6f73c3ab314636b8fe09b3809d230d49c
cases/goodman_evolution/1.res	226688	5274d43159ca4c059484ae797f9908f1a46a558ed0f41d36f8011f20d33eef43
cases/goodman_evolution/1.resb	72372	764719ee4e5462eb84127c3293dab9c8b2660fa6dc63223d0979f8563a95ab09
cases/goodman_evolution/1.rtt	488092	5ebd1171a78e6184b06fbda91df6da02fa9a490f0cd42a2e8cfdb2acb4d13746
cases/gravdam/1.ctt	0	e3b0c44298fc1c149afbf4c8996fb92427ae41e4649b934ca495991b7852b855
cases/gravdam/1.fai	0	e3b0c44298fc1c149afbf4c8996fb92427ae41e4649b934ca495991b7852b855
cases/gravdam/1.flavia.msh	46696	fd77ab157ccc7ed29b8e8232e5634a1e63ece122299fc6688efc7c3462fb416f
cases/gravdam/1.flavia.res	88840	ee4b1b4294443d206fc38471e9396cdd3ee5cb6cae52692bb6e7cf08085cdcd2
cases/gravdam/1.ftf	0	e3b0c44298fc1c149afbf4c8996fb92427ae41e4649b934ca495991b7852b855
cases/gravdam/1.gpv	142143	e40f06104a7efb522c4443cfb7cc3387d44621b82f8ebde3abe529e662de94d4
cases/gravdam/1.ini	0	e3b0c44298fc1c149afbf4c8996fb92427ae41e4649b934ca495991b7852b855
cases/gravdam/1.inw	0	e3b0c44298fc1c149afbf4c8996fb92427ae41e4649b934ca495991b7852b855
cases/gravdam/1.res	0	e3b0c44298fc1c149afbf4c8996fb92427ae41e4649b934ca495991b7852b855
cases/gravdam/1.resb	72372	764719ee4e5462eb84127c3293dab9c8b2660fa6dc63223d0979f8563a95ab09
cases/gravdam/1.rtt	132452	7f25d752c86929ac82def0c693575ce6b25698b8c1f37fbb3716c072a3e9ca33
cases/gravdam/fort.7	888	71aceef855dfa1035831a66dabd29cdb6738bbf15e58bd4ce3dc2d43e97a87f3
cases/gravdam_static_demo/1.flavia.msh	5368	37409afebfcf8925487ec11133a4cb1b3d4e0ed56475c64f7fc34a0fbacaa39c
cases/lame_cylinder/1.ctt	0	e3b0c44298fc1c149afbf4c8996fb92427ae41e4649b934ca495991b7852b855
cases/lame_cylinder/1.fai	0	e3b0c44298fc1c149afbf4c8996fb92427ae41e4649b934ca495991b7852b855
cases/lame_cylinder/1.flavia.msh	6797	8810b15fe9601cdc77f154123d46dde021a863e5963b0c187cedef814ce0ab27
cases/lame_cylinder/1.flavia.res	12622	ebfd0a204c2fdf4e67f4ce5fb86f20d72f29f939e7d1237bc924c1a09e83be73
cases/lame_cylinder/1.ftf	0	e3b0c44298fc1c149afbf4c8996fb92427ae41e4649b934ca495991b7852b855
cases/lame_cylinder/1.gpv	28479	31b5cb59aba0f4ef05f287084f2e8d1d1bef6cf0d894afff7eccd437551bebde
cases/lame_cylinder/1.ini	0	e3b0c44298fc1c149afbf4c8996fb92427ae41e4649b934ca495991b7852b855
cases/lame_cylinder/1.inw	0	e3b0c44298fc1c149afbf4c8996fb92427ae41e4649b934ca495991b7852b855
cases/lame_cylinder/1.res	0	e3b0c44298fc1c149afbf4c8996fb92427ae41e4649b934ca495991b7852b855
cases/lame_cylinder/1.resb	0	e3b0c44298fc1c149afbf4c8996fb92427ae41e4649b934ca495991b7852b855
cases/lame_cylinder/1.rtt	26732	103eddd1e9bef85eca5c0509f962b762fdac967bdb99401cbbe0933bb2e4e283
cases/lame_cylinder/result_b1.vtp	11473	18c21e6c786e4df9730b66c2d0001c71a6df1a8060db8a2d58cb713d21dec44f
cases/mini_3d/1.ctt	0	e3b0c44298fc1c149afbf4c8996fb92427ae41e4649b934ca495991b7852b855
cases/mini_3d/1.fai	0	e3b0c44298fc1c149afbf4c8996fb92427ae41e4649b934ca495991b7852b855
cases/mini_3d/1.flavia.msh	2256	9ab17e26fc9284b1be143bcf343e41da8dc3ae5900d7b899a5677d5c463baaa3
cases/mini_3d/1.flavia.res	5409	5107aeb47c0ec96a51e3f8c3846e77c13f4ef3448f18226327dc539ef7543188
cases/mini_3d/1.ftf	0	e3b0c44298fc1c149afbf4c8996fb92427ae41e4649b934ca495991b7852b855
cases/mini_3d/1.gpv	4511	1d34b33b7ee2b806acafbd390854e873d4b33fefad6ac5b63c99399c903a55b5
cases/mini_3d/1.ini	0	e3b0c44298fc1c149afbf4c8996fb92427ae41e4649b934ca495991b7852b855
cases/mini_3d/1.inw	0	e3b0c44298fc1c149afbf4c8996fb92427ae41e4649b934ca495991b7852b855
cases/mini_3d/1.res	0	e3b0c44298fc1c149afbf4c8996fb92427ae41e4649b934ca495991b7852b855
cases/mini_3d/1.resb	0	e3b0c44298fc1c149afbf4c8996fb92427ae41e4649b934ca495991b7852b855
cases/mini_3d/1.rtt	4972	2782786b7c97375089140954dde31f43bc351b0b22d3fdb0f0b7a1474b19a667
cases/mini_3d/result_b1.vtp	3382	98b012a55f05d0c749ad7040c29007d3deb7dbd6e893e127366487c56ab5d5ce
cases/mini_dynamic/1.ctt	0	e3b0c44298fc1c149afbf4c8996fb92427ae41e4649b934ca495991b7852b855
cases/mini_dynamic/1.fai	0	e3b0c44298fc1c149afbf4c8996fb92427ae41e4649b934ca495991b7852b855
cases/mini_dynamic/1.flavia.msh	2518	4258030c71c6605bb3df2e49eda7eca7c98bb6eec1366a808340c0255012dd87
cases/mini_dynamic/1.flavia.res	238400	3554f899e89616f731a31efa7712d0d91dce72ebdb22f7b9f7384616609c7f07
cases/mini_dynamic/1.ftf	0	e3b0c44298fc1c149afbf4c8996fb92427ae41e4649b934ca495991b7852b855
cases/mini_dynamic/1.gpv	447150	8ba50dea4e6308be5d63c22dba4c3d708e10bea4931a3e4e456d22f084fc5c10
cases/mini_dynamic/1.ini	0	e3b0c44298fc1c149afbf4c8996fb92427ae41e4649b934ca495991b7852b855
cases/mini_dynamic/1.inw	0	e3b0c44298fc1c149afbf4c8996fb92427ae41e4649b934ca495991b7852b855
cases/mini_dynamic/1.res	0	e3b0c44298fc1c149afbf4c8996fb92427ae41e4649b934ca495991b7852b855
cases/mini_dynamic/1.resb	0	e3b0c44298fc1c149afbf4c8996fb92427ae41e4649b934ca495991b7852b855
cases/mini_dynamic/1.rtt	9532	18936c9674847835787b429f424fba21283946fd652a75ebe993626de2ecf0bb
cases/mini_dynamic/result_b1.vtp	4325	fa0383fc2438a4bb31bbb457e3fb3734b6e03d8779b318602a7d6011053f969d
cases/mini_dynamic/result_b10.vtp	4325	fa0383fc2438a4bb31bbb457e3fb3734b6e03d8779b318602a7d6011053f969d
cases/mini_dynamic/result_b11.vtp	4325	fa0383fc2438a4bb31bbb457e3fb3734b6e03d8779b318602a7d6011053f969d
cases/mini_dynamic/result_b12.vtp	4325	fa0383fc2438a4bb31bbb457e3fb3734b6e03d8779b318602a7d6011053f969d
cases/mini_dynamic/result_b13.vtp	4325	fa0383fc2438a4bb31bbb457e3fb3734b6e03d8779b318602a7d6011053f969d
cases/mini_dynamic/result_b14.vtp	4325	fa0383fc2438a4bb31bbb457e3fb3734b6e03d8779b318602a7d6011053f969d
cases/mini_dynamic/result_b15.vtp	4325	fa0383fc2438a4bb31bbb457e3fb3734b6e03d8779b318602a7d6011053f969d
cases/mini_dynamic/result_b16.vtp	4325	fa0383fc2438a4bb31bbb457e3fb3734b6e03d8779b318602a7d6011053f969d
cases/mini_dynamic/result_b17.vtp	4325	fa0383fc2438a4bb31bbb457e3fb3734b6e03d8779b318602a7d6011053f969d
cases/mini_dynamic/result_b18.vtp	4325	fa0383fc2438a4bb31bbb457e3fb3734b6e03d8779b318602a7d6011053f969d
cases/mini_dynamic/result_b19.vtp	4325	fa0383fc2438a4bb31bbb457e3fb3734b6e03d8779b318602a7d6011053f969d
cases/mini_dynamic/result_b2.vtp	4325	fa0383fc2438a4bb31bbb457e3fb3734b6e03d8779b318602a7d6011053f969d
cases/mini_dynamic/result_b20.vtp	4325	fa0383fc2438a4bb31bbb457e3fb3734b6e03d8779b318602a7d6011053f969d
cases/mini_dynamic/result_b21.vtp	4325	fa0383fc2438a4bb31bbb457e3fb3734b6e03d8779b318602a7d6011053f969d
cases/mini_dynamic/result_b22.vtp	4325	fa0383fc2438a4bb31bbb457e3fb3734b6e03d8779b318602a7d6011053f969d
cases/mini_dynamic/result_b23.vtp	4325	fa0383fc2438a4bb31bbb457e3fb3734b6e03d8779b318602a7d6011053f969d
cases/mini_dynamic/result_b24.vtp	4325	fa0383fc2438a4bb31bbb457e3fb3734b6e03d8779b318602a7d6011053f969d
cases/mini_dynamic/result_b25.vtp	4325	fa0383fc2438a4bb31bbb457e3fb3734b6e03d8779b318602a7d6011053f969d
cases/mini_dynamic/result_b26.vtp	4325	fa0383fc2438a4bb31bbb457e3fb3734b6e03d8779b318602a7d6011053f969d
cases/mini_dynamic/result_b27.vtp	4325	fa0383fc2438a4bb31bbb457e3fb3734b6e03d8779b318602a7d6011053f969d
cases/mini_dynamic/result_b28.vtp	4325	fa0383fc2438a4bb31bbb457e3fb3734b6e03d8779b318602a7d6011053f969d
cases/mini_dynamic/result_b29.vtp	4325	fa0383fc2438a4bb31bbb457e3fb3734b6e03d8779b318602a7d6011053f969d
cases/mini_dynamic/result_b3.vtp	4325	fa0383fc2438a4bb31bbb457e3fb3734b6e03d8779b318602a7d6011053f969d
cases/mini_dynamic/result_b30.vtp	4325	fa0383fc2438a4bb31bbb457e3fb3734b6e03d8779b318602a7d6011053f969d
cases/mini_dynamic/result_b31.vtp	4325	fa0383fc2438a4bb31bbb457e3fb3734b6e03d8779b318602a7d6011053f969d
cases/mini_dynamic/result_b32.vtp	4325	fa0383fc2438a4bb31bbb457e3fb3734b6e03d8779b318602a7d6011053f969d
cases/mini_dynamic/result_b33.vtp	4325	fa0383fc2438a4bb31bbb457e3fb3734b6e03d8779b318602a7d6011053f969d
cases/mini_dynamic/result_b34.vtp	4325	fa0383fc2438a4bb31bbb457e3fb3734b6e03d8779b318602a7d6011053f969d
cases/mini_dynamic/result_b35.vtp	4325	fa0383fc2438a4bb31bbb457e3fb3734b6e03d8779b318602a7d6011053f969d
cases/mini_dynamic/result_b36.vtp	4325	fa0383fc2438a4bb31bbb457e3fb3734b6e03d8779b318602a7d6011053f969d
cases/mini_dynamic/result_b37.vtp	4325	fa0383fc2438a4bb31bbb457e3fb3734b6e03d8779b318602a7d6011053f969d
cases/mini_dynamic/result_b38.vtp	4325	fa0383fc2438a4bb31bbb457e3fb3734b6e03d8779b318602a7d6011053f969d
cases/mini_dynamic/result_b39.vtp	4325	fa0383fc2438a4bb31bbb457e3fb3734b6e03d8779b318602a7d6011053f969d
cases/mini_dynamic/result_b4.vtp	4325	fa0383fc2438a4bb31bbb457e3fb3734b6e03d8779b318602a7d6011053f969d
cases/mini_dynamic/result_b40.vtp	4325	fa0383fc2438a4bb31bbb457e3fb3734b6e03d8779b318602a7d6011053f969d
cases/mini_dynamic/result_b41.vtp	4325	fa0383fc2438a4bb31bbb457e3fb3734b6e03d8779b318602a7d6011053f969d
cases/mini_dynamic/result_b42.vtp	4325	fa0383fc2438a4bb31bbb457e3fb3734b6e03d8779b318602a7d6011053f969d
cases/mini_dynamic/result_b43.vtp	4325	fa0383fc2438a4bb31bbb457e3fb3734b6e03d8779b318602a7d6011053f969d
cases/mini_dynamic/result_b44.vtp	4325	fa0383fc2438a4bb31bbb457e3fb3734b6e03d8779b318602a7d6011053f969d
cases/mini_dynamic/result_b45.vtp	4325	fa0383fc2438a4bb31bbb457e3fb3734b6e03d8779b318602a7d6011053f969d
cases/mini_dynamic/result_b46.vtp	4325	fa0383fc2438a4bb31bbb457e3fb3734b6e03d8779b318602a7d6011053f969d
cases/mini_dynamic/result_b47.vtp	4325	fa0383fc2438a4bb31bbb457e3fb3734b6e03d8779b318602a7d6011053f969d
cases/mini_dynamic/result_b48.vtp	4325	fa0383fc2438a4bb31bbb457e3fb3734b6e03d8779b318602a7d6011053f969d
cases/mini_dynamic/result_b49.vtp	4325	fa0383fc2438a4bb31bbb457e3fb3734b6e03d8779b318602a7d6011053f969d
cases/mini_dynamic/result_b5.vtp	4325	fa0383fc2438a4bb31bbb457e3fb3734b6e03d8779b318602a7d6011053f969d
cases/mini_dynamic/result_b50.vtp	4325	fa0383fc2438a4bb31bbb457e3fb3734b6e03d8779b318602a7d6011053f969d
cases/mini_dynamic/result_b6.vtp	4325	fa0383fc2438a4bb31bbb457e3fb3734b6e03d8779b318602a7d6011053f969d
cases/mini_dynamic/result_b7.vtp	4325	fa0383fc2438a4bb31bbb457e3fb3734b6e03d8779b318602a7d6011053f969d
cases/mini_dynamic/result_b8.vtp	4325	fa0383fc2438a4bb31bbb457e3fb3734b6e03d8779b318602a7d6011053f969d
cases/mini_dynamic/result_b9.vtp	4325	fa0383fc2438a4bb31bbb457e3fb3734b6e03d8779b318602a7d6011053f969d
cases/mini_goodman/1.ctt	0	e3b0c44298fc1c149afbf4c8996fb92427ae41e4649b934ca495991b7852b855
cases/mini_goodman/1.fai	0	e3b0c44298fc1c149afbf4c8996fb92427ae41e4649b934ca495991b7852b855
cases/mini_goodman/1.flavia.msh	2272	f4b4f0bca5d9596803249111c31f5182b4a0372a04bbe06c8acd827108910800
cases/mini_goodman/1.flavia.res	0	e3b0c44298fc1c149afbf4c8996fb92427ae41e4649b934ca495991b7852b855
cases/mini_goodman/1.ftf	0	e3b0c44298fc1c149afbf4c8996fb92427ae41e4649b934ca495991b7852b855
cases/mini_goodman/1.gpv	5440	68f7de55b3c975c2c219fdf9b81f44418832bb7c4c9600cc42d61e6efedb7046
cases/mini_goodman/1.ini	0	e3b0c44298fc1c149afbf4c8996fb92427ae41e4649b934ca495991b7852b855
cases/mini_goodman/1.inw	0	e3b0c44298fc1c149afbf4c8996fb92427ae41e4649b934ca495991b7852b855
cases/mini_goodman/1.res	0	e3b0c44298fc1c149afbf4c8996fb92427ae41e4649b934ca495991b7852b855
cases/mini_goodman/1.resb	0	e3b0c44298fc1c149afbf4c8996fb92427ae41e4649b934ca495991b7852b855
cases/mini_goodman/1.rtt	5292	d629764fe9bf09e5f5ab2f3f27f534b5683973c704fbf774f54019761740da18
cases/mini_gravdam/1.ctt	0	e3b0c44298fc1c149afbf4c8996fb92427ae41e4649b934ca495991b7852b855
cases/mini_gravdam/1.fai	1472	7b36697040d5d635fdf80ffffa602c26f704091b7519c8b25160666724655686
cases/mini_gravdam/1.flavia.msh	4209	4798e1e9df62e96f67d744e9ba25048a950ee596f1a73ef9b413c7c9e89021cd
cases/mini_gravdam/1.flavia.res	14464	3b516e88e2e49b1923f54c1e8a41d9b50da9543fee361ee4ca025ccd4579a774
cases/mini_gravdam/1.ftf	0	e3b0c44298fc1c149afbf4c8996fb92427ae41e4649b934ca495991b7852b855
cases/mini_gravdam/1.gpv	23214	156e492b7b563c0caae557451cd9c7d4309d89c020cf845f6f350fe92b126533
cases/mini_gravdam/1.ini	0	e3b0c44298fc1c149afbf4c8996fb92427ae41e4649b934ca495991b7852b855
cases/mini_gravdam/1.inw	0	e3b0c44298fc1c149afbf4c8996fb92427ae41e4649b934ca495991b7852b855
cases/mini_gravdam/1.res	0	e3b0c44298fc1c149afbf4c8996fb92427ae41e4649b934ca495991b7852b855
cases/mini_gravdam/1.resb	0	e3b0c44298fc1c149afbf4c8996fb92427ae41e4649b934ca495991b7852b855
cases/mini_gravdam/1.rtt	13604	2fb7736bc59be208ffca8ffb889e5bef3c29c1bf32a7e29669c758222d34bf75
cases/mini_gravdam/bc_overlay.vtp	1293	e7e5b2ab6ec4caac0030a5b05351d91673dbe1b603516625192dee0059e11671
cases/mini_gravdam/result_b1.vtp	5343	a171c61edff6227aee3ff3b12351d584c1a8ff6586938a004cd76804a3da6180
cases/mini_gravdam/result_b2.vtp	6371	ce2c0bed3048ea48703cb715aecf9a268874dc9a150be554af187bd29dfece60
cases/mini_mc/1.ctt	0	e3b0c44298fc1c149afbf4c8996fb92427ae41e4649b934ca495991b7852b855
cases/mini_mc/1.fai	0	e3b0c44298fc1c149afbf4c8996fb92427ae41e4649b934ca495991b7852b855
cases/mini_mc/1.flavia.msh	2517	c270c6c0f31843dcfb93a15066b5aa89127537a8947a9df434d6ac7db6c7eb50
cases/mini_mc/1.flavia.res	5818	87ce65c8a60e781a93626a878bd56744924780a189846d5716e89f23f174f388
cases/mini_mc/1.ftf	0	e3b0c44298fc1c149afbf4c8996fb92427ae41e4649b934ca495991b7852b855
cases/mini_mc/1.gpv	8943	0bd48ef675ff8dbfabab1b1e667b378073545110e76eeeae6c1e33920484fbb2
cases/mini_mc/1.ini	0	e3b0c44298fc1c149afbf4c8996fb92427ae41e4649b934ca495991b7852b855
cases/mini_mc/1.inw	0	e3b0c44298fc1c149afbf4c8996fb92427ae41e4649b934ca495991b7852b855
cases/mini_mc/1.res	0	e3b0c44298fc1c149afbf4c8996fb92427ae41e4649b934ca495991b7852b855
cases/mini_mc/1.resb	0	e3b0c44298fc1c149afbf4c8996fb92427ae41e4649b934ca495991b7852b855
cases/mini_mc/1.rtt	8572	14db08bcee4c27f671bb70f43663c011be85112b3513dd28d41ddcdcd828ad1b
cases/mini_mc/result_b1.vtp	4225	421095a24b13c562f4ae3d8a13c4e6e29f9ebc0f8f67779aa940f4bde2aaba27
cases/mini_mc/result_b10.vtp	4223	8c38d8ac493105ead0056b66c737da1be60dc98c6116ef2a0dd5bc6e4751a629
cases/mini_mc/result_b2.vtp	4214	d6f80518195344fa12be75cdb05f6cd8c844b415a0711301427603bb21423f57
cases/mini_mc/result_b3.vtp	4219	6d681abd5fb1228e351566e7808e555198d9251994d1a74c495318e6e450a7ba
cases/mini_mc/result_b4.vtp	4219	96906b5882639cb54853fe6330278dfcb1e8f245a6b39575cb033fb388e5a085
cases/mini_mc/result_b5.vtp	4224	04e82049fd4ab3f1e93cad5492bf4f9aefde7df7d5fd055d6e6b1c8d806b0e59
cases/mini_mc/result_b6.vtp	4215	28c8779afd7db563652d0141e32cffe3ab5e2e04af3cad4b90682d6150c856d4
cases/mini_mc/result_b7.vtp	4213	75622ec05e250e252eff306bb846994ba176054e5110e8955c9b5dd6b7143c1b
cases/mini_mc/result_b8.vtp	4221	9e74f84e326140e7cb979aba316ea16191e33c6aca4c3f97e5f108215affe48d
cases/mini_mc/result_b9.vtp	4217	fe0575fccd2dc4c911cf9fe803e813ef8fb0cb8d3b41b29afb006234e434caee
cases/mini_modal/1.ctt	0	e3b0c44298fc1c149afbf4c8996fb92427ae41e4649b934ca495991b7852b855
cases/mini_modal/1.fai	4800	b93a75d050b18b9bdc260ea25e267aca0607b76d26ea4c857e1ce334bc25438e
cases/mini_modal/1.flavia.msh	2516	ee6fba9fb1e0653e4d3df0ebedcce7ab1fe54c0c6131b48d209792046137b091
cases/mini_modal/1.flavia.res	8550	8fbb5abdc875eb40b9e02bdf8526e7f1c732456fb78af949b22fcf22eb22872b
cases/mini_modal/1.ftf	0	e3b0c44298fc1c149afbf4c8996fb92427ae41e4649b934ca495991b7852b855
cases/mini_modal/1.gpv	44715	d85a26fbd151940e5e380b1976389f040cbfcb86be61dc0cb7ac922bfa90ee66
cases/mini_modal/1.ini	0	e3b0c44298fc1c149afbf4c8996fb92427ae41e4649b934ca495991b7852b855
cases/mini_modal/1.inw	0	e3b0c44298fc1c149afbf4c8996fb92427ae41e4649b934ca495991b7852b855
cases/mini_modal/1.res	0	e3b0c44298fc1c149afbf4c8996fb92427ae41e4649b934ca495991b7852b855
cases/mini_modal/1.resb	0	e3b0c44298fc1c149afbf4c8996fb92427ae41e4649b934ca495991b7852b855
cases/mini_modal/1.rtt	8556	55c081ab50832529723e40a2576ee6f4c8aecbe94eafaffef627f4b552f873c7
cases/mini_rebar/1.ctt	0	e3b0c44298fc1c149afbf4c8996fb92427ae41e4649b934ca495991b7852b855
cases/mini_rebar/1.fai	0	e3b0c44298fc1c149afbf4c8996fb92427ae41e4649b934ca495991b7852b855
cases/mini_rebar/1.flavia.msh	2786	7d708ae6d9f3e68b65763a3d6f118e7bcb4ebf672f70819feaa0e2b261c0e626
cases/mini_rebar/1.flavia.res	6542	157da17e39eded4907b8c45dd8c1e028a96b098f4b5c56915956c89a15d2b280
cases/mini_rebar/1.ftf	0	e3b0c44298fc1c149afbf4c8996fb92427ae41e4649b934ca495991b7852b855
cases/mini_rebar/1.gpv	9511	44fc45ad44dbffd35b920dfc2cbe0e26df1d2b5d96d8fa692dc2b31e1c923a63
cases/mini_rebar/1.ini	0	e3b0c44298fc1c149afbf4c8996fb92427ae41e4649b934ca495991b7852b855
cases/mini_rebar/1.inw	0	e3b0c44298fc1c149afbf4c8996fb92427ae41e4649b934ca495991b7852b855
cases/mini_rebar/1.res	0	e3b0c44298fc1c149afbf4c8996fb92427ae41e4649b934ca495991b7852b855
cases/mini_rebar/1.resb	0	e3b0c44298fc1c149afbf4c8996fb92427ae41e4649b934ca495991b7852b855
cases/mini_rebar/1.rtt	10092	91181c95d51444bdbb1e3b70b552fd4d58127d093a0f358e169296c3590257fd
cases/mini_thermal/1.ctt	0	e3b0c44298fc1c149afbf4c8996fb92427ae41e4649b934ca495991b7852b855
cases/mini_thermal/1.fai	0	e3b0c44298fc1c149afbf4c8996fb92427ae41e4649b934ca495991b7852b855
cases/mini_thermal/1.flavia.msh	26813	00ee833dfd8c4df9b890951fba4c38d7abf62ca39a9e1aaf7a5120981fcb76c2
cases/mini_thermal/1.flavia.res	48315	69f72c8abb6dfc401471c82ae07d5cc2788349faec246288a3446f2933233e0f
cases/mini_thermal/1.ftf	0	e3b0c44298fc1c149afbf4c8996fb92427ae41e4649b934ca495991b7852b855
cases/mini_thermal/1.gpv	315	880ecc98452fb0ef6d6962992e4ab0dd131d0a56fd2b5ac254e6d168a679d2ed
cases/mini_thermal/1.ini	0	e3b0c44298fc1c149afbf4c8996fb92427ae41e4649b934ca495991b7852b855
cases/mini_thermal/1.inw	0	e3b0c44298fc1c149afbf4c8996fb92427ae41e4649b934ca495991b7852b855
cases/mini_thermal/1.res	0	e3b0c44298fc1c149afbf4c8996fb92427ae41e4649b934ca495991b7852b855
cases/mini_thermal/1.resb	0	e3b0c44298fc1c149afbf4c8996fb92427ae41e4649b934ca495991b7852b855
cases/mini_thermal/1.rtt	7068	4394493ab3ae77ca5c05feee31114c56cb91659251a7ac31df39ec83c953574f
cases/mini_thermal/result_b1.vtp	13858	8ea5b39691d95dc9ad5121334e690ae3413625d912cd82b38370de88a757e74e
cases/mini_thermal/result_b2.vtp	13858	8ea5b39691d95dc9ad5121334e690ae3413625d912cd82b38370de88a757e74e
cases/mini_thermal/result_b3.vtp	13858	8ea5b39691d95dc9ad5121334e690ae3413625d912cd82b38370de88a757e74e
cases/mini_thermal/result_b4.vtp	13858	8ea5b39691d95dc9ad5121334e690ae3413625d912cd82b38370de88a757e74e
cases/mini_thermal/result_b5.vtp	13858	8ea5b39691d95dc9ad5121334e690ae3413625d912cd82b38370de88a757e74e
cases/new_duncan_chang/1.ctt	0	e3b0c44298fc1c149afbf4c8996fb92427ae41e4649b934ca495991b7852b855
cases/new_duncan_chang/1.fai	0	e3b0c44298fc1c149afbf4c8996fb92427ae41e4649b934ca495991b7852b855
cases/new_duncan_chang/1.flavia.msh	2461	9f8099bea5fb5ff6360b4a822682c7d4b75c46814d6198793cc27d3befd1aae1
cases/new_duncan_chang/1.flavia.res	5818	f5fe0c19845a63f4ac3287657382ffbf7583373afe45aa57d7114e46a31e049f
cases/new_duncan_chang/1.ftf	0	e3b0c44298fc1c149afbf4c8996fb92427ae41e4649b934ca495991b7852b855
cases/new_duncan_chang/1.gpv	11183	5467e4a24499b80aa2893fe215ce52d8bdf409dc8634d5fe042e946cb27eac59
cases/new_duncan_chang/1.ini	0	e3b0c44298fc1c149afbf4c8996fb92427ae41e4649b934ca495991b7852b855
cases/new_duncan_chang/1.inw	0	e3b0c44298fc1c149afbf4c8996fb92427ae41e4649b934ca495991b7852b855
cases/new_duncan_chang/1.res	2160	68a53165e253e62e969e4903d0237cc0f16625dab64da93ae1aff8ff6a169623
cases/new_duncan_chang/1.resb	0	e3b0c44298fc1c149afbf4c8996fb92427ae41e4649b934ca495991b7852b855
cases/new_duncan_chang/1.rtt	9836	9750a8d07df7c2aeef1f9d47e7d3dc74fd2bc291bea666b3e16792219781e874
cases/new_seepage_steady/1.ctt	0	e3b0c44298fc1c149afbf4c8996fb92427ae41e4649b934ca495991b7852b855
cases/new_seepage_steady/1.fai	0	e3b0c44298fc1c149afbf4c8996fb92427ae41e4649b934ca495991b7852b855
cases/new_seepage_steady/1.flavia.msh	238292	92bf5c6144d5c8d1c2c59bddd6f20b7be371f18ba4c1e1024c6bec92f1a0aa0c
cases/new_seepage_steady/1.flavia.res	167958	65913f5ede05ed79cf6eb479635c253221ff67e2a715d24423ff5e3ac683ede3
cases/new_seepage_steady/1.ftf	0	e3b0c44298fc1c149afbf4c8996fb92427ae41e4649b934ca495991b7852b855
cases/new_seepage_steady/1.gpv	63	66e2bc6c8818fa8dedf2bd4990fdd3f11e2985e5880e3feca083699b7e0886e7
cases/new_seepage_steady/1.ini	0	e3b0c44298fc1c149afbf4c8996fb92427ae41e4649b934ca495991b7852b855
cases/new_seepage_steady/1.inw	0	e3b0c44298fc1c149afbf4c8996fb92427ae41e4649b934ca495991b7852b855
cases/new_seepage_steady/1.res	0	e3b0c44298fc1c149afbf4c8996fb92427ae41e4649b934ca495991b7852b855
cases/new_seepage_steady/1.resb	0	e3b0c44298fc1c149afbf4c8996fb92427ae41e4649b934ca495991b7852b855
cases/new_seepage_steady/1.rtt	40764	fb5d59f45ea71bf9f4d4b87756df7060847989094899e0a8fe51c98365fc33aa
cases/new_seepage_steady/result_b1.vtp	142397	f8cc5a0c43d7b37cf1c0e0a051a573cd093bd1c9d8014fcf6b284e8230fa70b2
cases/pile_beam/1.ctt	352800	0ac09bbbd062e1f77751a8dc388b6282fc39e3a8474c5eb656cb96baa7ecbdb4
cases/pile_beam/1.fai	0	e3b0c44298fc1c149afbf4c8996fb92427ae41e4649b934ca495991b7852b855
cases/pile_beam/1.flavia.msh	60058	bb4bd50296a4e6dac5d947047680a3b2e3d8e395c6c402436adc96d2421efd8e
cases/pile_beam/1.flavia.res	129064	3a7fcec896c3414ff0b9d4be5a9468bc06cb2256f1815f2124650ef0f687f5ea
cases/pile_beam/1.ftf	0	e3b0c44298fc1c149afbf4c8996fb92427ae41e4649b934ca495991b7852b855
cases/pile_beam/1.gpv	184640	32af1678aec59625bc84bf2e07de276655cbf7a77c1a04894dd6ccc189d8ebfc
cases/pile_beam/1.ini	0	e3b0c44298fc1c149afbf4c8996fb92427ae41e4649b934ca495991b7852b855
cases/pile_beam/1.inw	0	e3b0c44298fc1c149afbf4c8996fb92427ae41e4649b934ca495991b7852b855
cases/pile_beam/1.res	42176	9c4b0a79cb1c539f235a13f7e71edac3ea4ef0efae9fc9ea966b40b02b686ec4
cases/pile_beam/1.resb	0	e3b0c44298fc1c149afbf4c8996fb92427ae41e4649b934ca495991b7852b855
cases/pile_beam/1.rtt	173156	809bd16a546ad87ddbbfd18026beee67edd0747d1034c1f02f83a7b3d1753059
cases/rc_lining/1.ctt	0	e3b0c44298fc1c149afbf4c8996fb92427ae41e4649b934ca495991b7852b855
cases/rc_lining/1.fai	0	e3b0c44298fc1c149afbf4c8996fb92427ae41e4649b934ca495991b7852b855
cases/rc_lining/1.flavia.msh	35652	b556b9c9274bb724fbbf3ec3338518adf0c6688cb12954e4b5dba61528ba587f
cases/rc_lining/1.flavia.res	57031	11c938e9a28cd17f9ea2246f9fa77becd98ab4b84436cb2244c31cb68f9481f1
cases/rc_lining/1.ftf	0	e3b0c44298fc1c149afbf4c8996fb92427ae41e4649b934ca495991b7852b855
cases/rc_lining/1.gpv	83392	109d195cb72bdcd790fc7a2d9c558e1630488ded27735f88784a4515761d2017
cases/rc_lining/1.ini	0	e3b0c44298fc1c149afbf4c8996fb92427ae41e4649b934ca495991b7852b855
cases/rc_lining/1.inw	0	e3b0c44298fc1c149afbf4c8996fb92427ae41e4649b934ca495991b7852b855
cases/rc_lining/1.res	0	e3b0c44298fc1c149afbf4c8996fb92427ae41e4649b934ca495991b7852b855
cases/rc_lining/1.resb	72372	764719ee4e5462eb84127c3293dab9c8b2660fa6dc63223d0979f8563a95ab09
cases/rc_lining/1.rtt	95100	30e3cd8f9848cea107d455e80d78376ab825fd94acc359291e433d1c402c5eac
cases/rcbeam/1.ctt	0	e3b0c44298fc1c149afbf4c8996fb92427ae41e4649b934ca495991b7852b855
cases/rcbeam/1.fai	0	e3b0c44298fc1c149afbf4c8996fb92427ae41e4649b934ca495991b7852b855
cases/rcbeam/1.flavia.msh	98140	8657fa1ffe5984aa6694e9ad6ed7f31e03ba67249f0c9286f56305692387eb5e
cases/rcbeam/1.flavia.res	5765220	5f708cbf761d5f0295ec193f1fb5ea2510837ff1c1d5f960a3b7a8e909bae314
cases/rcbeam/1.ftf	0	e3b0c44298fc1c149afbf4c8996fb92427ae41e4649b934ca495991b7852b855
cases/rcbeam/1.gpv	8242290	0b7ba60b8b261d4b749b1177306b006cdb1e630ff87827cf233acc8b3449146f
cases/rcbeam/1.ini	0	e3b0c44298fc1c149afbf4c8996fb92427ae41e4649b934ca495991b7852b855
cases/rcbeam/1.inw	0	e3b0c44298fc1c149afbf4c8996fb92427ae41e4649b934ca495991b7852b855
cases/rcbeam/1.res	0	e3b0c44298fc1c149afbf4c8996fb92427ae41e4649b934ca495991b7852b855
cases/rcbeam/1.resb	0	e3b0c44298fc1c149afbf4c8996fb92427ae41e4649b934ca495991b7852b855
cases/rcbeam/1.rtt	269964	acc93945a467302beb12b046c7b8bed60fe7bbc42125697b1e31374cd7a6c048
cases/rcbeam_crack/1.ctt	0	e3b0c44298fc1c149afbf4c8996fb92427ae41e4649b934ca495991b7852b855
cases/rcbeam_crack/1.fai	0	e3b0c44298fc1c149afbf4c8996fb92427ae41e4649b934ca495991b7852b855
cases/rcbeam_crack/1.flavia.msh	98140	8657fa1ffe5984aa6694e9ad6ed7f31e03ba67249f0c9286f56305692387eb5e
cases/rcbeam_crack/1.flavia.res	5765220	8299862b7a9de682c37c0e74d3d773963477e48a7d7f30be9ebe5cdaa6ccf97a
cases/rcbeam_crack/1.ftf	0	e3b0c44298fc1c149afbf4c8996fb92427ae41e4649b934ca495991b7852b855
cases/rcbeam_crack/1.gpv	8242290	0b7ba60b8b261d4b749b1177306b006cdb1e630ff87827cf233acc8b3449146f
cases/rcbeam_crack/1.ini	0	e3b0c44298fc1c149afbf4c8996fb92427ae41e4649b934ca495991b7852b855
cases/rcbeam_crack/1.inw	0	e3b0c44298fc1c149afbf4c8996fb92427ae41e4649b934ca495991b7852b855
cases/rcbeam_crack/1.res	0	e3b0c44298fc1c149afbf4c8996fb92427ae41e4649b934ca495991b7852b855
cases/rcbeam_crack/1.resb	0	e3b0c44298fc1c149afbf4c8996fb92427ae41e4649b934ca495991b7852b855
cases/rcbeam_crack/1.rtt	269964	b3b5a152dd526d3eafc2c7214218223804d3b5a01cd0356ed7600e86a81b1709
cases/sluice_3d/1.ctt	352800	0ac09bbbd062e1f77751a8dc388b6282fc39e3a8474c5eb656cb96baa7ecbdb4
cases/sluice_3d/1.fai	0	e3b0c44298fc1c149afbf4c8996fb92427ae41e4649b934ca495991b7852b855
cases/sluice_3d/1.flavia.msh	2202412	468fec2d37009fa3692c004cd66f3287851a82d055078c9ca42887789965dc65
cases/sluice_3d/1.flavia.res	11204024	423e53d38b6635bf8f7e52c7f66e7435ac44b19de7a627d6d08b2ed746533182
cases/sluice_3d/1.ftf	0	e3b0c44298fc1c149afbf4c8996fb92427ae41e4649b934ca495991b7852b855
cases/sluice_3d/1.gpv	19967488	39ce6c85e24eaa2f60cd22f854c1017475d21efbf23c6224b5e568bfd2b2fd03
cases/sluice_3d/1.ini	0	e3b0c44298fc1c149afbf4c8996fb92427ae41e4649b934ca495991b7852b855
cases/sluice_3d/1.inw	0	e3b0c44298fc1c149afbf4c8996fb92427ae41e4649b934ca495991b7852b855
cases/sluice_3d/1.res	3491808	fdb5ae28384ae81abe02b9f655ac0d85573fab952e9de9ddfee88c4ae37e8ee2
cases/sluice_3d/1.resb	0	e3b0c44298fc1c149afbf4c8996fb92427ae41e4649b934ca495991b7852b855
cases/sluice_3d/1.rtt	12066332	eb2f651c97455f83a8e54e968895a5fa6ce6feb022c6dc09f2da5dfcad5565c7
cases/static/1.ctt	0	e3b0c44298fc1c149afbf4c8996fb92427ae41e4649b934ca495991b7852b855
cases/static/1.fai	0	e3b0c44298fc1c149afbf4c8996fb92427ae41e4649b934ca495991b7852b855
cases/static/1.flavia.msh	58120	7f23b2e235c2e223c952d631860492bf9cbbd82cb5b2692e3e43166b64dd51c8
cases/static/1.flavia.res	224144	d65c738644d6076883b17a09d52dca4cbbccd38a4f15cde95eb2d2c466266bd0
cases/static/1.ftf	1646	789855d2f1120b314224d76f6321d958d230dd2bf04f2ca4006e14afc37e7ed7
cases/static/1.gpv	126	29806df8ed196caa4f7d3b0c92abb66cd110f345dcbb2c1221f9b75d964664c4
cases/static/1.ini	0	e3b0c44298fc1c149afbf4c8996fb92427ae41e4649b934ca495991b7852b855
cases/static/1.inw	62	cc13b7dacaf32d9822d775f478ee9ae65d563e71d64d4d3ea9fa70c3d7d18180
cases/static/1.res	0	e3b0c44298fc1c149afbf4c8996fb92427ae41e4649b934ca495991b7852b855
cases/static/1.resb	72372	764719ee4e5462eb84127c3293dab9c8b2660fa6dc63223d0979f8563a95ab09
cases/static/1.rtt	169060	e0a8a2269291458836186b824e4d98d81544e4bf8057d032e6b6bbfb226e1cb1
cases/temp_stress/1.ctt	1323328	e23f215b0fefc72aad6300731c75fc5b3c13dc5a44c5818a0d162c01caf370e8
cases/temp_stress/1.fai	0	e3b0c44298fc1c149afbf4c8996fb92427ae41e4649b934ca495991b7852b855
cases/temp_stress/1.flavia.msh	20257	b57a2c1e2968cc82afac04ae6a6a8d5c9c2828c9a4cdf36f446b060c4e761ed3
cases/temp_stress/1.flavia.res	35722	d831f149bf1a562d835b95747ae0b821006a064c3a6601f57892ffe9616529e5
cases/temp_stress/1.ftf	0	e3b0c44298fc1c149afbf4c8996fb92427ae41e4649b934ca495991b7852b855
cases/temp_stress/1.gpv	88863	39a55f57ad65fa942e08edd5b3983dcb4b2a9409c135eec0a644b9f0d0fede3c
cases/temp_stress/1.ini	0	e3b0c44298fc1c149afbf4c8996fb92427ae41e4649b934ca495991b7852b855
cases/temp_stress/1.inw	0	e3b0c44298fc1c149afbf4c8996fb92427ae41e4649b934ca495991b7852b855
cases/temp_stress/1.res	22176	44a6e7b9d0cfa0dd8c9b9ef4e1c5b44ef0b337ed2622d800eff23d6fc727c794
cases/temp_stress/1.resb	0	e3b0c44298fc1c149afbf4c8996fb92427ae41e4649b934ca495991b7852b855
cases/temp_stress/1.rtt	82668	d6d0cdab4472250bdd8368cd80bea29fe082b2f9b91e548104e67d9f8fcc567c
cases/temp_stress/result_b1.vtp	30979	bb42204afb529fffe939877d9345e26b79db0a94d731f9f8b1f152129f1da0e1
cases/test_TWS_coupling/1.ctt	0	e3b0c44298fc1c149afbf4c8996fb92427ae41e4649b934ca495991b7852b855
cases/test_TWS_coupling/1.fai	0	e3b0c44298fc1c149afbf4c8996fb92427ae41e4649b934ca495991b7852b855
cases/test_TWS_coupling/1.flavia.msh	376	5c947ae0ff48df09917a53c11c6e485b16ff1c8a1df4ba1e6fdc2d047643df78
cases/test_TWS_coupling/1.flavia.res	764	e2979e24ff2112caef51a898ee34bf181d8ec2a365c233f62379deb96d7d8371
cases/test_TWS_coupling/1.ftf	0	e3b0c44298fc1c149afbf4c8996fb92427ae41e4649b934ca495991b7852b855
cases/test_TWS_coupling/1.gpv	507	93dfda8bba4084cfa21d789de9969997ee5d29a8e3cf5d65ef8eed85fc96c509
cases/test_TWS_coupling/1.ini	0	e3b0c44298fc1c149afbf4c8996fb92427ae41e4649b934ca495991b7852b855
cases/test_TWS_coupling/1.inw	0	e3b0c44298fc1c149afbf4c8996fb92427ae41e4649b934ca495991b7852b855
cases/test_TWS_coupling/1.res	0	e3b0c44298fc1c149afbf4c8996fb92427ae41e4649b934ca495991b7852b855
cases/test_TWS_coupling/1.resb	0	e3b0c44298fc1c149afbf4c8996fb92427ae41e4649b934ca495991b7852b855
cases/test_TWS_coupling/1.rtt	580	60183008145204a667a6a975a2f0276239ec3b5932ee051050f6841d357c1f72
cases/test_TWS_coupling/result_b1.vtp	1247	50ef10f00a73da63a95a385963f2cf88d6c40f296a904a7d7cd1f8eeac145d8f
cases/test_arclength/1.ctt	0	e3b0c44298fc1c149afbf4c8996fb92427ae41e4649b934ca495991b7852b855
cases/test_arclength/1.fai	0	e3b0c44298fc1c149afbf4c8996fb92427ae41e4649b934ca495991b7852b855
cases/test_arclength/1.flavia.msh	749	9da4e40ddce3793786e63c90ddfb6ec75cebaf938d39375113a7e8b797a00267
cases/test_arclength/1.flavia.res	1534	2555a5a320b2fbd5355b1ad0d5f578c9879b5eb978efde5d10573ff8664d2098
cases/test_arclength/1.ftf	0	e3b0c44298fc1c149afbf4c8996fb92427ae41e4649b934ca495991b7852b855
cases/test_arclength/1.gpv	1839	5bb2378700bc23bbb9dde00d79278406cf0e0d7c311d3cc2eaaee81029a40056
cases/test_arclength/1.ini	0	e3b0c44298fc1c149afbf4c8996fb92427ae41e4649b934ca495991b7852b855
cases/test_arclength/1.inw	0	e3b0c44298fc1c149afbf4c8996fb92427ae41e4649b934ca495991b7852b855
cases/test_arclength/1.res	0	e3b0c44298fc1c149afbf4c8996fb92427ae41e4649b934ca495991b7852b855
cases/test_arclength/1.resb	0	e3b0c44298fc1c149afbf4c8996fb92427ae41e4649b934ca495991b7852b855
cases/test_arclength/1.rtt	1868	573df523a6574ff78a24d5c8bb9264b8ca4468cab31d365044c8278365495887
cases/test_arclength/result_b1.vtp	1786	c4725fc31a69357d03722c38bfce0f7e2ce154aded06570dbf41e5c30576601c
cases/test_beam2d/1.ctt	0	e3b0c44298fc1c149afbf4c8996fb92427ae41e4649b934ca495991b7852b855
cases/test_beam2d/1.fai	0	e3b0c44298fc1c149afbf4c8996fb92427ae41e4649b934ca495991b7852b855
cases/test_beam2d/1.flavia.msh	403	c6728e34d97884b3fa96750ad878ebe529e589f578446b182f3e968af4a8f611
cases/test_beam2d/1.flavia.res	0	e3b0c44298fc1c149afbf4c8996fb92427ae41e4649b934ca495991b7852b855
cases/test_beam2d/1.ftf	0	e3b0c44298fc1c149afbf4c8996fb92427ae41e4649b934ca495991b7852b855
cases/test_beam2d/1.gpv	0	e3b0c44298fc1c149afbf4c8996fb92427ae41e4649b934ca495991b7852b855
cases/test_beam2d/1.ini	0	e3b0c44298fc1c149afbf4c8996fb92427ae41e4649b934ca495991b7852b855
cases/test_beam2d/1.inw	0	e3b0c44298fc1c149afbf4c8996fb92427ae41e4649b934ca495991b7852b855
cases/test_beam2d/1.res	0	e3b0c44298fc1c149afbf4c8996fb92427ae41e4649b934ca495991b7852b855
cases/test_beam2d/1.resb	0	e3b0c44298fc1c149afbf4c8996fb92427ae41e4649b934ca495991b7852b855
cases/test_beam2d/1.rtt	0	e3b0c44298fc1c149afbf4c8996fb92427ae41e4649b934ca495991b7852b855
cases/test_beam2d/fort.7	2664	dc5d0234a39f4deccbd137758ba5ffc2d8c404d754306ddc362584d6abda446c
cases/test_biot_1elem/1.ctt	0	e3b0c44298fc1c149afbf4c8996fb92427ae41e4649b934ca495991b7852b855
cases/test_biot_1elem/1.fai	0	e3b0c44298fc1c149afbf4c8996fb92427ae41e4649b934ca495991b7852b855
cases/test_biot_1elem/1.flavia.msh	376	5c947ae0ff48df09917a53c11c6e485b16ff1c8a1df4ba1e6fdc2d047643df78
cases/test_biot_1elem/1.flavia.res	764	e2979e24ff2112caef51a898ee34bf181d8ec2a365c233f62379deb96d7d8371
cases/test_biot_1elem/1.ftf	0	e3b0c44298fc1c149afbf4c8996fb92427ae41e4649b934ca495991b7852b855
cases/test_biot_1elem/1.gpv	507	93dfda8bba4084cfa21d789de9969997ee5d29a8e3cf5d65ef8eed85fc96c509
cases/test_biot_1elem/1.ini	0	e3b0c44298fc1c149afbf4c8996fb92427ae41e4649b934ca495991b7852b855
cases/test_biot_1elem/1.inw	0	e3b0c44298fc1c149afbf4c8996fb92427ae41e4649b934ca495991b7852b855
cases/test_biot_1elem/1.res	0	e3b0c44298fc1c149afbf4c8996fb92427ae41e4649b934ca495991b7852b855
cases/test_biot_1elem/1.resb	0	e3b0c44298fc1c149afbf4c8996fb92427ae41e4649b934ca495991b7852b855
cases/test_biot_1elem/1.rtt	580	60183008145204a667a6a975a2f0276239ec3b5932ee051050f6841d357c1f72
cases/test_biot_1elem/result_b1.vtp	1247	50ef10f00a73da63a95a385963f2cf88d6c40f296a904a7d7cd1f8eeac145d8f
cases/test_concrete_tension/1.ctt	0	e3b0c44298fc1c149afbf4c8996fb92427ae41e4649b934ca495991b7852b855
cases/test_concrete_tension/1.fai	0	e3b0c44298fc1c149afbf4c8996fb92427ae41e4649b934ca495991b7852b855
cases/test_concrete_tension/1.flavia.msh	749	9da4e40ddce3793786e63c90ddfb6ec75cebaf938d39375113a7e8b797a00267
cases/test_concrete_tension/1.flavia.res	1534	2555a5a320b2fbd5355b1ad0d5f578c9879b5eb978efde5d10573ff8664d2098
cases/test_concrete_tension/1.ftf	0	e3b0c44298fc1c149afbf4c8996fb92427ae41e4649b934ca495991b7852b855
cases/test_concrete_tension/1.gpv	1839	5bb2378700bc23bbb9dde00d79278406cf0e0d7c311d3cc2eaaee81029a40056
cases/test_concrete_tension/1.ini	0	e3b0c44298fc1c149afbf4c8996fb92427ae41e4649b934ca495991b7852b855
cases/test_concrete_tension/1.inw	0	e3b0c44298fc1c149afbf4c8996fb92427ae41e4649b934ca495991b7852b855
cases/test_concrete_tension/1.res	0	e3b0c44298fc1c149afbf4c8996fb92427ae41e4649b934ca495991b7852b855
cases/test_concrete_tension/1.resb	0	e3b0c44298fc1c149afbf4c8996fb92427ae41e4649b934ca495991b7852b855
cases/test_concrete_tension/1.rtt	1868	573df523a6574ff78a24d5c8bb9264b8ca4468cab31d365044c8278365495887
cases/test_concrete_tension/result_b1.vtp	1786	c4725fc31a69357d03722c38bfce0f7e2ce154aded06570dbf41e5c30576601c
cases/test_creep_power/1.ctt	0	e3b0c44298fc1c149afbf4c8996fb92427ae41e4649b934ca495991b7852b855
cases/test_creep_power/1.fai	0	e3b0c44298fc1c149afbf4c8996fb92427ae41e4649b934ca495991b7852b855
cases/test_creep_power/1.flavia.msh	1219	bcb81aaf118808c23da74e3b2fd4479fda4e272309bfaaafff62221fd9da971c
cases/test_creep_power/1.flavia.res	2458	9b84e9b76aa99612cdc16b70fd26b7b7d8fa8ac2e48b8ce0dbc54023b19298a0
cases/test_creep_power/1.ftf	0	e3b0c44298fc1c149afbf4c8996fb92427ae41e4649b934ca495991b7852b855
cases/test_creep_power/1.gpv	3615	828537a3100226a61404984ed37563f101bff03cb0d449c35c6db3ec146631a1
cases/test_creep_power/1.ini	0	e3b0c44298fc1c149afbf4c8996fb92427ae41e4649b934ca495991b7852b855
cases/test_creep_power/1.inw	0	e3b0c44298fc1c149afbf4c8996fb92427ae41e4649b934ca495991b7852b855
cases/test_creep_power/1.res	0	e3b0c44298fc1c149afbf4c8996fb92427ae41e4649b934ca495991b7852b855
cases/test_creep_power/1.resb	0	e3b0c44298fc1c149afbf4c8996fb92427ae41e4649b934ca495991b7852b855
cases/test_creep_power/1.rtt	3564	970d7cb4d58c563f20638de375cdd60f25b813ce611c1a0602ef3a7702590e59
cases/test_creep_power/result_b1.vtp	2384	2c857d4ee980e5df8927f7e583b5ed258ce6e9f885cce2377e04e2407aa55acc
cases/test_duncan_chang/1.ctt	0	e3b0c44298fc1c149afbf4c8996fb92427ae41e4649b934ca495991b7852b855
cases/test_duncan_chang/1.fai	0	e3b0c44298fc1c149afbf4c8996fb92427ae41e4649b934ca495991b7852b855
cases/test_duncan_chang/1.flavia.msh	809	ffe212c866668d6c826b91d87929db3ff4c66a99556d4d17427e600285bde1da
cases/test_duncan_chang/1.flavia.res	1688	0803c29fc5b874820895e6fa1ef24b63837eb7e815ea35b5ba387e510c8164af
cases/test_duncan_chang/1.ftf	0	e3b0c44298fc1c149afbf4c8996fb92427ae41e4649b934ca495991b7852b855
cases/test_duncan_chang/1.gpv	1839	3c7210748e2c12ae9bd6d8e1991170fbf45f8a23e662e94c79b2b1ed7f582799
cases/test_duncan_chang/1.ini	0	e3b0c44298fc1c149afbf4c8996fb92427ae41e4649b934ca495991b7852b855
cases/test_duncan_chang/1.inw	0	e3b0c44298fc1c149afbf4c8996fb92427ae41e4649b934ca495991b7852b855
cases/test_duncan_chang/1.res	0	e3b0c44298fc1c149afbf4c8996fb92427ae41e4649b934ca495991b7852b855
cases/test_duncan_chang/1.resb	0	e3b0c44298fc1c149afbf4c8996fb92427ae41e4649b934ca495991b7852b855
cases/test_duncan_chang/1.rtt	1900	e24aa0649806bcaab52408c3c3c366e651f89c6658fd7581f489d7b8783c9e54
cases/test_duncan_chang/result_b1.vtp	1838	787f8e938e62fea0b47ae87372f49f01158ea879791949ec57fb48c5e817d1a4
cases/test_gen/1.ctt	0	e3b0c44298fc1c149afbf4c8996fb92427ae41e4649b934ca495991b7852b855
cases/test_gen/1.fai	0	e3b0c44298fc1c149afbf4c8996fb92427ae41e4649b934ca495991b7852b855
cases/test_gen/1.flavia.msh	4213	d92445180a97a65c473cc73d96147709acbb59a3ecaefaab862ebfcaa1e24f1d
cases/test_gen/1.flavia.res	14464	5aa5872c5afa3bbcd8d3621bc8a750f9c6af0788150d94bdbadb2c9a53133150
cases/test_gen/1.ftf	0	e3b0c44298fc1c149afbf4c8996fb92427ae41e4649b934ca495991b7852b855
cases/test_gen/1.gpv	23214	6e563880e750e297a3937d6375176f86a36cc3fe8fa71906e95122c8e2617066
cases/test_gen/1.ini	0	e3b0c44298fc1c149afbf4c8996fb92427ae41e4649b934ca495991b7852b855
cases/test_gen/1.inw	0	e3b0c44298fc1c149afbf4c8996fb92427ae41e4649b934ca495991b7852b855
cases/test_gen/1.res	0	e3b0c44298fc1c149afbf4c8996fb92427ae41e4649b934ca495991b7852b855
cases/test_gen/1.resb	0	e3b0c44298fc1c149afbf4c8996fb92427ae41e4649b934ca495991b7852b855
cases/test_gen/1.rtt	13604	5db65e9b812fcc9e9e872dce9e8193040eedc7233fbb51d2e00fa257b4e6af95
cases/test_goodman_slip/1.ctt	0	e3b0c44298fc1c149afbf4c8996fb92427ae41e4649b934ca495991b7852b855
cases/test_goodman_slip/1.fai	0	e3b0c44298fc1c149afbf4c8996fb92427ae41e4649b934ca495991b7852b855
cases/test_goodman_slip/1.flavia.msh	664	c7776712e2121392913cbb75142af5b3e16378873860ec7a1845b96e60f6f941
cases/test_goodman_slip/1.flavia.res	1380	1c2a01a2ca2d6404360a80fdd96bdee8819bd6e13881156acff0343e5ca4975a
cases/test_goodman_slip/1.ftf	0	e3b0c44298fc1c149afbf4c8996fb92427ae41e4649b934ca495991b7852b855
cases/test_goodman_slip/1.gpv	1395	b08863efac640a2f9ae0da1817f68b5ea463e0a700ea79197c32362607b7a356
cases/test_goodman_slip/1.ini	0	e3b0c44298fc1c149afbf4c8996fb92427ae41e4649b934ca495991b7852b855
cases/test_goodman_slip/1.inw	0	e3b0c44298fc1c149afbf4c8996fb92427ae41e4649b934ca495991b7852b855
cases/test_goodman_slip/1.res	0	e3b0c44298fc1c149afbf4c8996fb92427ae41e4649b934ca495991b7852b855
cases/test_goodman_slip/1.resb	0	e3b0c44298fc1c149afbf4c8996fb92427ae41e4649b934ca495991b7852b855
cases/test_goodman_slip/1.rtt	1460	07b42a82cfa8b5381ea6bd98019467600c74da3b234149f08f02671aac7fb034
cases/test_goodman_slip/result_b1.vtp	1684	b3008788d70958976b4c91deda392f73cfe43992cafc27c4c615261ff88dea76
cases/test_plate_simply_supported/1.ctt	0	e3b0c44298fc1c149afbf4c8996fb92427ae41e4649b934ca495991b7852b855
cases/test_plate_simply_supported/1.fai	0	e3b0c44298fc1c149afbf4c8996fb92427ae41e4649b934ca495991b7852b855
cases/test_plate_simply_supported/1.flavia.msh	911	fbe3e23888f8799f4dc9c4a6928dacdfa9ed5cf36a9ea2c7ef2042e1ffd24cd9
cases/test_plate_simply_supported/1.flavia.res	1534	c0cca81992a9e6565d7daaeac633ec565488443f229f491397d2c99325b1ff54
cases/test_plate_simply_supported/1.ftf	0	e3b0c44298fc1c149afbf4c8996fb92427ae41e4649b934ca495991b7852b855
cases/test_plate_simply_supported/1.gpv	1839	2470b6b37c292b9a7c29853ac4cfd27b2423da0d56f3fc7d43062e1b3b2b7c14
cases/test_plate_simply_supported/1.ini	0	e3b0c44298fc1c149afbf4c8996fb92427ae41e4649b934ca495991b7852b855
cases/test_plate_simply_supported/1.inw	0	e3b0c44298fc1c149afbf4c8996fb92427ae41e4649b934ca495991b7852b855
cases/test_plate_simply_supported/1.res	0	e3b0c44298fc1c149afbf4c8996fb92427ae41e4649b934ca495991b7852b855
cases/test_plate_simply_supported/1.resb	0	e3b0c44298fc1c149afbf4c8996fb92427ae41e4649b934ca495991b7852b855
cases/test_plate_simply_supported/1.rtt	1868	89815a62b809cbecb98ba68f8873f064016c49e7a0adefa997dc465d2df02e09
cases/test_plate_simply_supported/fort.7	3660	e9c3fbf8b5ee68e75ab8647d74651be73ca08c1f5ab767ba8d4b4e50b2faa36f
cases/test_plate_simply_supported/result_b1.vtp	1771	ae6c32cd644fd38ac74ef97f0e477362b00bb5b836c58a2c57afdc7a2e6b613c
cases/test_seepage_stress/1.ctt	0	e3b0c44298fc1c149afbf4c8996fb92427ae41e4649b934ca495991b7852b855
cases/test_seepage_stress/1.fai	0	e3b0c44298fc1c149afbf4c8996fb92427ae41e4649b934ca495991b7852b855
cases/test_seepage_stress/1.flavia.msh	1696	a20d319a56ebc5b93eee00beb82353a045a994b7cde1ef9e419f59960884f242
cases/test_seepage_stress/1.flavia.res	3536	722410f504fed33036c7a59a4631a42df34e0dbc9de4ac1da081a2f7b5583fd7
cases/test_seepage_stress/1.ftf	0	e3b0c44298fc1c149afbf4c8996fb92427ae41e4649b934ca495991b7852b855
cases/test_seepage_stress/1.gpv	4503	242abea63a3faf1e428689bb65e638cba8d4fc9ff57c46a65b25476cc45ce391
cases/test_seepage_stress/1.ini	0	e3b0c44298fc1c149afbf4c8996fb92427ae41e4649b934ca495991b7852b855
cases/test_seepage_stress/1.inw	0	e3b0c44298fc1c149afbf4c8996fb92427ae41e4649b934ca495991b7852b855
cases/test_seepage_stress/1.res	0	e3b0c44298fc1c149afbf4c8996fb92427ae41e4649b934ca495991b7852b855
cases/test_seepage_stress/1.resb	0	e3b0c44298fc1c149afbf4c8996fb92427ae41e4649b934ca495991b7852b855
cases/test_seepage_stress/1.rtt	4540	1ac318ba4d7c2d36daf400b28e6b2b52642ed03990ee27a8a5437246cc8de953
cases/test_seepage_stress/result_b1.vtp	3011	38e53af1ebd0cea197c10569c5462aeec66390a7d56fbf9ebc1e4bee13ac0e39
cases/test_terzaghi/1.ctt	0	e3b0c44298fc1c149afbf4c8996fb92427ae41e4649b934ca495991b7852b855
cases/test_terzaghi/1.fai	0	e3b0c44298fc1c149afbf4c8996fb92427ae41e4649b934ca495991b7852b855
cases/test_terzaghi/1.flavia.msh	1696	a20d319a56ebc5b93eee00beb82353a045a994b7cde1ef9e419f59960884f242
cases/test_terzaghi/1.flavia.res	3536	722410f504fed33036c7a59a4631a42df34e0dbc9de4ac1da081a2f7b5583fd7
cases/test_terzaghi/1.ftf	0	e3b0c44298fc1c149afbf4c8996fb92427ae41e4649b934ca495991b7852b855
cases/test_terzaghi/1.gpv	4503	242abea63a3faf1e428689bb65e638cba8d4fc9ff57c46a65b25476cc45ce391
cases/test_terzaghi/1.ini	0	e3b0c44298fc1c149afbf4c8996fb92427ae41e4649b934ca495991b7852b855
cases/test_terzaghi/1.inw	0	e3b0c44298fc1c149afbf4c8996fb92427ae41e4649b934ca495991b7852b855
cases/test_terzaghi/1.res	0	e3b0c44298fc1c149afbf4c8996fb92427ae41e4649b934ca495991b7852b855
cases/test_terzaghi/1.resb	0	e3b0c44298fc1c149afbf4c8996fb92427ae41e4649b934ca495991b7852b855
cases/test_terzaghi/1.rtt	4540	1ac318ba4d7c2d36daf400b28e6b2b52642ed03990ee27a8a5437246cc8de953
cases/test_terzaghi/result_b1.vtp	3011	38e53af1ebd0cea197c10569c5462aeec66390a7d56fbf9ebc1e4bee13ac0e39
cases/test_thermal_expansion/1.ctt	0	e3b0c44298fc1c149afbf4c8996fb92427ae41e4649b934ca495991b7852b855
cases/test_thermal_expansion/1.fai	0	e3b0c44298fc1c149afbf4c8996fb92427ae41e4649b934ca495991b7852b855
cases/test_thermal_expansion/1.flavia.msh	520	bc3bd00c3b7cd3cc04c8ba6b949588e424506ba2238ccc9d95b7fb9d3f72e516
cases/test_thermal_expansion/1.flavia.res	1072	7db1758e80b77d827fe2681b3711f79331ea6091640bb8cbe5e8f84391c1e614
cases/test_thermal_expansion/1.ftf	0	e3b0c44298fc1c149afbf4c8996fb92427ae41e4649b934ca495991b7852b855
cases/test_thermal_expansion/1.gpv	951	361279d61c5626cebb7318ac03c66dafefce59bbb7f23979e1ba8d79d8c16d16
cases/test_thermal_expansion/1.ini	0	e3b0c44298fc1c149afbf4c8996fb92427ae41e4649b934ca495991b7852b855
cases/test_thermal_expansion/1.inw	0	e3b0c44298fc1c149afbf4c8996fb92427ae41e4649b934ca495991b7852b855
cases/test_thermal_expansion/1.res	0	e3b0c44298fc1c149afbf4c8996fb92427ae41e4649b934ca495991b7852b855
cases/test_thermal_expansion/1.resb	0	e3b0c44298fc1c149afbf4c8996fb92427ae41e4649b934ca495991b7852b855
cases/test_thermal_expansion/1.rtt	1020	91811e92c7a63c61152af4e43e755235a7ba5a85206d2d246264409b6380f797
cases/test_thermal_expansion/result_b1.vtp	1445	617143527c864e0bf34d20d25fe1d302b3eaa659d38e1c91b44e4dfb07269be6
cases/test_uplift/1.ctt	0	e3b0c44298fc1c149afbf4c8996fb92427ae41e4649b934ca495991b7852b855
cases/test_uplift/1.fai	0	e3b0c44298fc1c149afbf4c8996fb92427ae41e4649b934ca495991b7852b855
cases/test_uplift/1.flavia.msh	809	ffe212c866668d6c826b91d87929db3ff4c66a99556d4d17427e600285bde1da
cases/test_uplift/1.flavia.res	1688	0803c29fc5b874820895e6fa1ef24b63837eb7e815ea35b5ba387e510c8164af
cases/test_uplift/1.ftf	0	e3b0c44298fc1c149afbf4c8996fb92427ae41e4649b934ca495991b7852b855
cases/test_uplift/1.gpv	1839	3c7210748e2c12ae9bd6d8e1991170fbf45f8a23e662e94c79b2b1ed7f582799
cases/test_uplift/1.ini	0	e3b0c44298fc1c149afbf4c8996fb92427ae41e4649b934ca495991b7852b855
cases/test_uplift/1.inw	0	e3b0c44298fc1c149afbf4c8996fb92427ae41e4649b934ca495991b7852b855
cases/test_uplift/1.res	0	e3b0c44298fc1c149afbf4c8996fb92427ae41e4649b934ca495991b7852b855
cases/test_uplift/1.resb	0	e3b0c44298fc1c149afbf4c8996fb92427ae41e4649b934ca495991b7852b855
cases/test_uplift/1.rtt	1900	e24aa0649806bcaab52408c3c3c366e651f89c6658fd7581f489d7b8783c9e54
cases/test_uplift/result_b1.vtp	1838	787f8e938e62fea0b47ae87372f49f01158ea879791949ec57fb48c5e817d1a4
cases/train01_gravdam_static/1.ctt	0	e3b0c44298fc1c149afbf4c8996fb92427ae41e4649b934ca495991b7852b855
cases/train01_gravdam_static/1.fai	0	e3b0c44298fc1c149afbf4c8996fb92427ae41e4649b934ca495991b7852b855
cases/train01_gravdam_static/1.flavia.msh	158508	c8e3de356bb7df95ed45bd25b317c1bffd483f771e6afda885ca7e76b68f6a7d
cases/train01_gravdam_static/1.flavia.res	713106	8d6e3059b9694b2aa1e38805a0b8edc5f20a6d1fc765b402b912f8d3424efb0f
cases/train01_gravdam_static/1.ftf	712	f792d0d45d29b88e7045ac990b625e7fe1c44855d1a1b2d20f6ff3a497253e9f
cases/train01_gravdam_static/1.gpv	1136766	df00c853e16f740057a118e5fc69dbe642f99ab94ecf842a1ad0544dd68154c8
cases/train01_gravdam_static/1.ini	0	e3b0c44298fc1c149afbf4c8996fb92427ae41e4649b934ca495991b7852b855
cases/train01_gravdam_static/1.inw	0	e3b0c44298fc1c149afbf4c8996fb92427ae41e4649b934ca495991b7852b855
cases/train01_gravdam_static/1.res	0	e3b0c44298fc1c149afbf4c8996fb92427ae41e4649b934ca495991b7852b855
cases/train01_gravdam_static/1.resb	0	e3b0c44298fc1c149afbf4c8996fb92427ae41e4649b934ca495991b7852b855
cases/train01_gravdam_static/1.rtt	656260	0d3f48f8b6ee4e5d0623776862a87cb5d67174b0c439c4684b374c31b4d0b39d
cases/train01_gravdam_static/bc_overlay.vtp	6496	8826ba3c1350ba06ef922935ae598a872bd11592f86ed928a45fbc16c8646cb1
cases/train01_gravdam_static/result_b1.vtp	192059	f5a24be187631f1d207d7f93c13449743ac666cbffb043b09f9068fd1384cc3f
cases/train01_gravdam_static/result_b2.vtp	236215	0f7dd4b67c39c0fbc5ca46c670d3704b15e101758188283ce08def20a23c0881
cases/train02_gravdam_seismic/1.ctt	0	e3b0c44298fc1c149afbf4c8996fb92427ae41e4649b934ca495991b7852b855
cases/train02_gravdam_seismic/1.fai	0	e3b0c44298fc1c149afbf4c8996fb92427ae41e4649b934ca495991b7852b855
cases/train02_gravdam_seismic/1.flavia.msh	158508	c8e3de356bb7df95ed45bd25b317c1bffd483f771e6afda885ca7e76b68f6a7d
cases/train02_gravdam_seismic/1.flavia.res	114304000	ac11571716d662fa35ab0f55d6ca0cb13e1dd3a69aa030de98c101397994d89a
cases/train02_gravdam_seismic/1.ftf	356000	0afc086a90d8ab1a73a2b677717e0f1f5803926f79a6e3720bd03f4e98e1075e
cases/train02_gravdam_seismic/1.gpv	179216000	68499783a247782c9032e3e7b3e740e8749a63aeef142643a3ec3df743f9731f
cases/train02_gravdam_seismic/1.ini	0	e3b0c44298fc1c149afbf4c8996fb92427ae41e4649b934ca495991b7852b855
cases/train02_gravdam_seismic/1.inw	0	e3b0c44298fc1c149afbf4c8996fb92427ae41e4649b934ca495991b7852b855
cases/train02_gravdam_seismic/1.res	0	e3b0c44298fc1c149afbf4c8996fb92427ae41e4649b934ca495991b7852b855
cases/train02_gravdam_seismic/1.resb	0	e3b0c44298fc1c149afbf4c8996fb92427ae41e4649b934ca495991b7852b855
cases/train02_gravdam_seismic/1.rtt	710828	74acdc87d3ad689e707390211250edf78d5406bf36413eee2104ca7782747f59
cases/train02_gravdam_seismic/bc_overlay.vtp	5041	7919398900253e0762fbd881293c53925a0400d59b13b5aa7ec64573a29220ad
cases/train02_gravdam_seismic/result_b1.vtp	245430	bec5caa6e12d0891661551f2cd5a9fa70071dabfde11c96c1e797106fedd367f
cases/train02_gravdam_seismic/result_b10.vtp	234018	7dd3103cc898baca5c94c209c2173d7fa0fccd90c0871544776f732fc001f42a
cases/train02_gravdam_seismic/result_b100.vtp	233602	70912a52e27b3ca76a1547ccae9e9f9b05582dbafdfbfbf6796eec69b117ceb8
cases/train02_gravdam_seismic/result_b101.vtp	239673	694012b57ce86c5ad767df1d3ab47aa238b561c3f116cddd7956dcc67009cd14
cases/train02_gravdam_seismic/result_b102.vtp	233498	98765ba521959122f482ca4d8cac2ab164122311a89d2f8a78d29a8af04a6250
cases/train02_gravdam_seismic/result_b103.vtp	239819	3f180429c2977ac4819af228b5f44d099017de15a4140f84d5901bc59a6be246
cases/train02_gravdam_seismic/result_b104.vtp	239763	0fce1a95c0a2690872cd1d7a941a191cb51c7134dbc11c2e55f968ee3407b9cb
cases/train02_gravdam_seismic/result_b105.vtp	234002	6a9fc4f7a1102eb92a663e4a8aeafa9ec7c6c1d7499404d0b50509650b8e45bd
cases/train02_gravdam_seismic/result_b106.vtp	233656	86a4fa8065ac90fa94d672cc6cf2cce39652d1efc262c6880b85f0594dcec537
cases/train02_gravdam_seismic/result_b107.vtp	233754	f613fdab646cc2cb68871f892539a914dedb0bfa8bc41e92dc85bf131bad8e6a
cases/train02_gravdam_seismic/result_b108.vtp	238299	3267e794a3db6dcea23e1ab3a862088c0f9ed0d47e8aab24663c0149292b8aa6
cases/train02_gravdam_seismic/result_b109.vtp	233645	faaf2ef467ac0be281257bdfd41001f65e91a440a0614f3ce286ed5e06bc94be
cases/train02_gravdam_seismic/result_b11.vtp	238692	8d0ff9b60a98e0f2ec86481b6256b67dd0144f71d3050845b54e1c30f8dd6573
cases/train02_gravdam_seismic/result_b110.vtp	239868	be683d87aeb5cfc5cf1dbabc6dbd3e39a4ac0d640c70b5bc14f209d2f5d347dc
cases/train02_gravdam_seismic/result_b111.vtp	239638	1323206cb414aaed558db8e8ec1f66e6cac5b105dc171c991a2e37bb81b7ce35
cases/train02_gravdam_seismic/result_b112.vtp	233796	fb8a66ab1a53d8d60bda58e86044b8252ab90a86464539bd43f752a282b28137
cases/train02_gravdam_seismic/result_b113.vtp	233488	b30de296a8553fbfca6c14dca9eaaa94ebe835a4a76bf1c7ce1dcfa8175835f4
cases/train02_gravdam_seismic/result_b114.vtp	238926	821e5c1eeba8f4233c79a799ede22724ef83fbe5c81f3a7ae49c567ef22a6d88
cases/train02_gravdam_seismic/result_b115.vtp	237797	a00d81df7f344b5f8c7e8efd8d39c3a7a7f4516e22b100266fc4a279485ba732
cases/train02_gravdam_seismic/result_b116.vtp	234535	3485d12c9a6d8be23e7722e5a6b427b05a9caf0eb828579ac3bbfb8874fccd82
cases/train02_gravdam_seismic/result_b117.vtp	233932	1e1258eabae5c955fe8dc8ad835f3b38e5e096bcb060b59dd90ffeca7a4fa8bb
cases/train02_gravdam_seismic/result_b118.vtp	239709	0add8c38781de0d5bacc7bc1b3e8b0148adf53107755fccc288797646aab714b
cases/train02_gravdam_seismic/result_b119.vtp	239604	3675264d2673d1c0f624ea00c0bca5564ec38b884dfeb9fe5481187c27010312
cases/train02_gravdam_seismic/result_b12.vtp	239958	b736c52c686e99df2c46bbacdba8ad5fbeea07960fb354f4540c7a46fd2f4233
cases/train02_gravdam_seismic/result_b120.vtp	236522	bbf68ec77350f45b7739738061a14271231b0a7d33a44dbdc7f1c20211d2da3a
cases/train02_gravdam_seismic/result_b121.vtp	239574	f4849808f690b980f4395f566381c3d6c0f3721356dcd4a5eea84a7f1d6f9595
cases/train02_gravdam_seismic/result_b122.vtp	233947	9c2b0c792f3f033eb006a3f64e8bbdeef6bbb1a6adee642411ac67b110e18f30
cases/train02_gravdam_seismic/result_b123.vtp	233675	94c2cf8da43a69ac330f945b6473ea7bdf6177d7439bb8bfc300c8adee51a25b
cases/train02_gravdam_seismic/result_b124.vtp	240098	1885fa35d96b4d9621a3084a15523d7d5181bfa7b296cd3712df26f860135f82
cases/train02_gravdam_seismic/result_b125.vtp	237758	e71e7900a987458298debfb6bfe9d8dd2cbf864b45113c2ae4d7d5fa3b7b03cc
cases/train02_gravdam_seismic/result_b126.vtp	239662	15818d82c64e44b02d6b496c64a47a684baf95de11a9e4f3a120acc5fd1a152c
cases/train02_gravdam_seismic/result_b127.vtp	239899	68fd01904e6042a171e28eeb68a1a9e2e5a901038aa47283592eb1a90e8202a7
cases/train02_gravdam_seismic/result_b128.vtp	233463	1e19ce8d2950e694ab5d9ea06a66dfb9b0280795118619e46ddda2eeae92be98
cases/train02_gravdam_seismic/result_b129.vtp	239599	461cc70eb2552cd77aa43ef55dfa2b868e352e91baa6cf1f9c3fcc399f614350
cases/train02_gravdam_seismic/result_b13.vtp	233750	6b4b476486c3211cc90d4e778ae953da86bf40a9ae02d491234e532b4ad9b91c
cases/train02_gravdam_seismic/result_b130.vtp	239583	526c6ee81f7d1fc8c04ebe67f3f8d807da7b76e58be7e7b2e2a56d97e5c222ae
cases/train02_gravdam_seismic/result_b131.vtp	239594	86b4689d0c0426179bc4e0e174e2b7fee692ce17976fb554574c29aa80ae3b7c
cases/train02_gravdam_seismic/result_b132.vtp	233566	6ca3caec19fa25cbca6d841236d69256cb7f06822218d10112d3059c35edda35
cases/train02_gravdam_seismic/result_b133.vtp	233894	5ca0448b4940c70bc1d4e4a0496a387e9dedd279a71e8d9001aea38a4917f412
cases/train02_gravdam_seismic/result_b134.vtp	238310	a1423454575ee645b9c3417adaea23e2cb3754df7b299b68ee63dfeb7ad0ca3b
cases/train02_gravdam_seismic/result_b135.vtp	239617	033a2deae367a17c2179afabc22a335711fb792c4feb151f3bebb8d4ba1428f3
cases/train02_gravdam_seismic/result_b136.vtp	233870	14c83c61e64e61aa575fc426b5dd02e92cff7f9a817e1e286bbddc3b0235f118
cases/train02_gravdam_seismic/result_b137.vtp	239853	34e2af4e0694ff50c7faa1f0ce8d6eb47e08ab3d0eb603a1a741829574f975fa
cases/train02_gravdam_seismic/result_b138.vtp	239573	a982300cc90f70d30a46c22e8408cb1676a47bc5899e8775cbfd54e76ccb69c4
cases/train02_gravdam_seismic/result_b139.vtp	233986	69a26279a577e5a527486093e0db46b72b423fc8989f492c4ddd976a913965f5
cases/train02_gravdam_seismic/result_b14.vtp	237132	f4e70e6c68f4f6a1b0f8d310030c8099c74ba458b2687ff0eef7841cc8c291bb
cases/train02_gravdam_seismic/result_b140.vtp	239574	0ce1f7f0df8290142a51dd455930d8fab88ccde5a4abf7248d747821c86f712a
cases/train02_gravdam_seismic/result_b141.vtp	239535	9b6631f038c46bc5e04062afe429c0ea1c284d39546c503deee29d26d22bd701
cases/train02_gravdam_seismic/result_b142.vtp	239468	48968a331f805f4caf530ff9ebbc81cd4e21b2190c218d3e45e6248d6ad6b1ad
cases/train02_gravdam_seismic/result_b143.vtp	239820	8b7cce4dcc8abd270047d49c42486210c1525da0053b6ea97a41084e88442c57
cases/train02_gravdam_seismic/result_b144.vtp	235707	23e9cf8e3f5e121890dda94fc0a3f1f5182abd3534f300db030d3c3e8e44a2f1
cases/train02_gravdam_seismic/result_b145.vtp	233697	6cf1ff6cedcb74d191da239b2c0e47eb34f58a1936b57ce0b0795c7e5d15e38c
cases/train02_gravdam_seismic/result_b146.vtp	233720	eb8589a1dc3b6ee78b9f812abf5fe1baea7725b220b591a87736dd04d01eb879
cases/train02_gravdam_seismic/result_b147.vtp	239854	2abf9e51f1bb76a1952e1cb1c1ee25c086d1d56e855df0bd59835a959d5853af
cases/train02_gravdam_seismic/result_b148.vtp	239887	b2799ea9e47789c6a7c592011fd3c071a11303d37c40bcdc263da4c2d2bdf8a3
cases/train02_gravdam_seismic/result_b149.vtp	233651	da0bffd6f8cc3206c11578c4a9f631ccd09b6f2b25d7acfdd9c8359c2ca904c1
cases/train02_gravdam_seismic/result_b15.vtp	233879	f05fa8a9d35868a868fc98e4bea4a4335447ff555f4d35ae51c6aa71f35c8ea6
cases/train02_gravdam_seismic/result_b150.vtp	233879	1626fd61d653c4f7b29b4318eef41663a551c6bd52fba31b68a5016d81cdc9cf
cases/train02_gravdam_seismic/result_b151.vtp	235757	9e2397a069f91c5cd08d3f14b9bc3ee1a18fdf25d98ae2255cfe14a2b345c1a2
cases/train02_gravdam_seismic/result_b152.vtp	239885	fb1cf17f4ef601c66229dc9454559d21f617b015e04af720967a47f675997203
cases/train02_gravdam_seismic/result_b153.vtp	239586	7ec4524c53b764fa1ee46ba9b86f8d3ee8427aacdd74b791c6506fba58014dce
cases/train02_gravdam_seismic/result_b154.vtp	233899	4e235ba15724d11e74107c8f9fc6af2ee6462823fe8b127cd3a1610c4d31c478
cases/train02_gravdam_seismic/result_b155.vtp	233829	f6db76fbf8ef7d4208e034952fcd558774b3415ddb5949c44e25f07a72258395
cases/train02_gravdam_seismic/result_b156.vtp	233889	39b611ebdf44d66af477bdc14289def16ec996ba3e7c6c2548660e6ab25ef537
cases/train02_gravdam_seismic/result_b157.vtp	239850	fc1af91e71ed0096065031201aa80f561e1ea8dfa2a286e704cb66216d2a7bcb
cases/train02_gravdam_seismic/result_b158.vtp	233481	632585f1ca2e05e9fcbf4d7c84df93584a75613bc8d93e7d2182b0468ee6ef43
cases/train02_gravdam_seismic/result_b159.vtp	233714	13ddf7bd1d4089192cb128d970aa86eae98ef3af89c9d9645b407148c58efec3
cases/train02_gravdam_seismic/result_b16.vtp	240250	3b584781953b0405282a5c6d8a74d1f10d857ff983c296474cee51bc44751f9c
cases/train02_gravdam_seismic/result_b160.vtp	239638	29b54ed04c849e56ad1add9a5417b6e7cb1530306f0b4f48b4ae92c06bc364dc
cases/train02_gravdam_seismic/result_b161.vtp	240061	83f0f711f9210d1ec81161ecfcd34a9cc8f48a7987150b9573c81a97dbba9f0c
cases/train02_gravdam_seismic/result_b162.vtp	239901	13e5ddf2d07b6acad6a6ddb84d4da23860f5db7fa81375003e76ff68e8806794
cases/train02_gravdam_seismic/result_b163.vtp	233938	c01a1d37e65cafec1f998396ba8459afe26dab28e098427d292abba7100a3509
cases/train02_gravdam_seismic/result_b164.vtp	237938	7c176c32b3f733159d6287c69fed0c8f0da6103d538cf1a943eecc23d5ebddd6
cases/train02_gravdam_seismic/result_b165.vtp	234056	b5f9f85d78b7df265dc471923e1def44068cdd6e031b84c14dbbf360fa3358c2
cases/train02_gravdam_seismic/result_b166.vtp	233640	662c204bba23c1239044de88e9c2b450e1e79b0e0b1505fdedc270b116989e2a
cases/train02_gravdam_seismic/result_b167.vtp	233539	e8624676b38f58d59a15041f19e60a0acb0334b695f5514e4626883e94170603
cases/train02_gravdam_seismic/result_b168.vtp	239444	1bee6e3063417783927bfd0efddf057025b8eedfdab0daeb867764d4033d3107
cases/train02_gravdam_seismic/result_b169.vtp	239819	95308dfb4b8c2fcd5530fa396b4b7486950caeb5dfc7c574daa031b7a76b9aa7
cases/train02_gravdam_seismic/result_b17.vtp	233790	f7179c0661973895de719535c960d31ce7257d32e78e5d49c87056e537de3185
cases/train02_gravdam_seismic/result_b170.vtp	233836	16b896a561b101a89ebd1710c2d9dd616d628b6407eaf8fa72c60dc1517fd4dc
cases/train02_gravdam_seismic/result_b171.vtp	233518	1a1d730648dcf037a3e32a66bb73bf7f08e01c0c85e9a04b9ad82cd22d2e0afc
cases/train02_gravdam_seismic/result_b172.vtp	240000	3346624998ff604d8488bac6afe5e111f9375a9b71b1ab3300870642f5670467
cases/train02_gravdam_seismic/result_b173.vtp	233909	b2992c5da4e9403e49a13c55c2b4e7525795858c4179b74c6db92019d796b0b1
cases/train02_gravdam_seismic/result_b174.vtp	233737	18c64f955ecd850506e8fc9f9551b92a007bdbc654d0a78fcbcdeddefa786186
cases/train02_gravdam_seismic/result_b175.vtp	239663	f82ded28a906dd1466ba0a025d0bcfc2f79811a69c705b5b3c8798d50b79e196
cases/train02_gravdam_seismic/result_b176.vtp	239867	c55f27b48df4a0680642d889baf4153d6cd59740fb160ecb637a0f0fc3a45818
cases/train02_gravdam_seismic/result_b177.vtp	233852	9137779940bb55adc7ad330447fab810f64cbbdfa3b2c9639b5d878a17fef422
cases/train02_gravdam_seismic/result_b178.vtp	233909	82fb209136e978ca3f7187f573ed300451a4961d6d7db57bbd2b279d639b81a7
cases/train02_gravdam_seismic/result_b179.vtp	239861	1902c7e5919df9f3785a61899643968e135c85e1cbe270fbeddf679a3a59eeb8
cases/train02_gravdam_seismic/result_b18.vtp	234025	cd0d152359a14c29b00a17f36f44bd1faeb28dced0c4d028db1d6addcad54400
cases/train02_gravdam_seismic/result_b180.vtp	239788	9f5351838d11d7a0c8e6c854d028640e472f140b39546a449e413b1213a413ab
cases/train02_gravdam_seismic/result_b181.vtp	233829	7ed3d872cfab0f2bf1d7d0cbefb625cca5bc057c6ec8153c612673dcbd15031e
cases/train02_gravdam_seismic/result_b182.vtp	233974	788b0164794e6cc4b816c4d3e6a029a48ace7552addce5d23d5aed283d334fac
cases/train02_gravdam_seismic/result_b183.vtp	233758	ea033435d809158a091f75032932fb23ead310ddd22bcaee715a2762573b662d
cases/train02_gravdam_seismic/result_b184.vtp	233854	1bc21ac33acee51f7bf6f0387ab0e9bdce1fd4129defe76e0ed0c77d8ea6f6a1
cases/train02_gravdam_seismic/result_b185.vtp	239903	bca2bbd1645edf4c068699935a73219a7bbec3572aaf4cb275f56522537716a0
cases/train02_gravdam_seismic/result_b186.vtp	239891	70fc1e049bcfd87bbcf9015a63be34f50bda9e5f25b58aca7a49d8cfe9941bee
cases/train02_gravdam_seismic/result_b187.vtp	236004	97d007c2f81054f6b02cd714757b491859cc23ed576989925d70ecafcd74cd7b
cases/train02_gravdam_seismic/result_b188.vtp	233890	ff440cfdfcd7cb2bc74f3518a271e562345fc042270f6cd90bcbc7451bf938f3
cases/train02_gravdam_seismic/result_b189.vtp	233870	f4e1abd3237a56a95481bc7b952e22118358af5dd2818e31689816c16a09cba4
cases/train02_gravdam_seismic/result_b19.vtp	233945	f6a67ecedd743a2d8425e95385b9e346023e0664d0f4ac6492089261fa6aaad9
cases/train02_gravdam_seismic/result_b190.vtp	233954	ced3722fc1cbff73f08bd33048884c9db6e20a699d4dc648f1bc8601e89ac6cf
cases/train02_gravdam_seismic/result_b191.vtp	239762	144cb0e8121526a38e9d00a7a757abfeaafd65ca9a328ae9aa909315ff1b8644
cases/train02_gravdam_seismic/result_b192.vtp	239954	6007c8f4d63b2708e0cee3dd49656f976a8c0e1cfdfbd9b9e8f109a0ff973ff1
cases/train02_gravdam_seismic/result_b193.vtp	239733	c7b6edc4068610948ad1ee9958987f7b31e898489e4970c021f012a5ad2a1d7f
cases/train02_gravdam_seismic/result_b194.vtp	239900	1251bcdac07ca5dc0cd5ebf008cfb560416c2e6f54345e74a73333566d4cdaf4
cases/train02_gravdam_seismic/result_b195.vtp	240262	bb92023ebac647f17a11655c90ca8ae005958614fd65486e4130d517f8c9cff0
cases/train02_gravdam_seismic/result_b196.vtp	239886	1b44a04be819e206b8abd26376de30b67da04c210fc13fc3e390897125522bdb
cases/train02_gravdam_seismic/result_b197.vtp	239996	b93a57cf9fa22f7e04318117e19fc8f580db42dbee5900bbe94d80ea485c4645
cases/train02_gravdam_seismic/result_b198.vtp	234080	4cbf6da994de804d1ea255a2c5da9c5caad7da7c5293072ae298f7eebadb41e4
cases/train02_gravdam_seismic/result_b199.vtp	234333	5b1df9138ced023dbca29dca6a1411b5e5909e721544f9fe6e5a5f4f832a8961
cases/train02_gravdam_seismic/result_b2.vtp	247254	14716c26079b501f3be2ddbab17cb79c1122fca87840251f3036d23a270d4cd8
cases/train02_gravdam_seismic/result_b20.vtp	233555	1d7fd767f0e58eab8faf0702ac11eb2000a9addcf90b362a63e537fd62fba232
cases/train02_gravdam_seismic/result_b200.vtp	233964	1f682dcc361591d44e03977c5d2e65193c3ec3d41a2c83c98b0e7413e57421aa
cases/train02_gravdam_seismic/result_b201.vtp	238098	c2867f93d73a28ab76535af4dea81cd865d6ab659232b60c9d6c15a7b918a124
cases/train02_gravdam_seismic/result_b202.vtp	239736	40bc26557c4f4e98ac0805746b6e63a7c4ffbacc564b589c551f41b7620fce70
cases/train02_gravdam_seismic/result_b203.vtp	239931	41a375f18240703c78379514a91ee3e37349e43803a6f94531b2b13bbf7bc10a
cases/train02_gravdam_seismic/result_b204.vtp	239882	c25f637d686a43bfb4299ca4781b900157903a9efd002f216eff0aefb04f954e
cases/train02_gravdam_seismic/result_b205.vtp	239778	1d2cdd8d817e2951eed8a80895894a1c194558806df5a4a4b1f7a4a102392116
cases/train02_gravdam_seismic/result_b206.vtp	236033	9159aaebb915d22a59c6eda847c01e40af236528e07184312f9fa8e207660280
cases/train02_gravdam_seismic/result_b207.vtp	235679	386e157be79d974d67403963b3f5fb1f46c037975b65ad4ca0d1687450f3f95a
cases/train02_gravdam_seismic/result_b208.vtp	240069	c6428a79023b0e49646b6e2c9c9ca5ce4dc3171c74b2d5404825dc0137a15daa
cases/train02_gravdam_seismic/result_b209.vtp	237855	97ab2bdb76ec1c315d8183555e8aa3b12f645c10667de802dae20175574bdf55
cases/train02_gravdam_seismic/result_b21.vtp	233532	07bf1f1b5dc651eb66fea60ba2f41d4f86b35786ee5a11cc75746b95adbdc424
cases/train02_gravdam_seismic/result_b210.vtp	234032	da45d0208b601ac2ce4c0be4e4eb63fa50156e009db1f15cd1e8bdbfb8682d63
cases/train02_gravdam_seismic/result_b211.vtp	240106	51066401ccb41ae99a0a502624234476184038eda3c42c21bf40813256c97e2b
cases/train02_gravdam_seismic/result_b212.vtp	239828	415bb0042372fca60bba96278a7f4a3894e30563a1c44ab25eafa3802816bb50
cases/train02_gravdam_seismic/result_b213.vtp	240184	6482c5c2b035e166d4d3f7fa0bedd47a2ee98de5d4b87e52f59ce21bfdacd9a8
cases/train02_gravdam_seismic/result_b214.vtp	234451	311215c3d41b8916f5da561fd7792b0f01da04e6b517b8b525fc3765760e13ec
cases/train02_gravdam_seismic/result_b215.vtp	239941	49905be3e87e73c9866725bad04072f40fcdf66ee0bea1ceea6bc1b894c1fb15
cases/train02_gravdam_seismic/result_b216.vtp	240756	6328823615d9eaf5cd355b56c1623d3705868ab6bd74788e379b9e6e467577c4
cases/train02_gravdam_seismic/result_b217.vtp	233974	5b701ebcda3c3cf53266d28b1e6d6558696aaf9fc3d70b6ec183242ddd1cbae6
cases/train02_gravdam_seismic/result_b218.vtp	239852	095304aa7db721facc6f89b6ac527e789ba2e7d31f97aedf7cf8c7b493053370
cases/train02_gravdam_seismic/result_b219.vtp	239815	5f26dbb1838f6b3bdaaff54a76ec423c4e3bee32e617eb3339044fa69e7f53d2
cases/train02_gravdam_seismic/result_b22.vtp	233870	af9aacc9b0e2114258ca090d0a9243aa55e6135d671a770d95c4af79a53f5ec5
cases/train02_gravdam_seismic/result_b220.vtp	236376	e8e4b7a40befc38a93bc20de77bd0e84e6c5b2e1142e2a193331e4086f5b944f
cases/train02_gravdam_seismic/result_b221.vtp	240378	089cbf999e981eef3c43c185b1404bc05d3abf9b91f1ad76c7db54644a6fb1a9
cases/train02_gravdam_seismic/result_b222.vtp	241941	2af7b9e635a670e39300c7921e96cf0e0c614f3f6c8dc16079629a1b5b6a6511
cases/train02_gravdam_seismic/result_b223.vtp	234722	43d3ac99b2a9581ff29f4913490b7816ab089a2d85bdd78a98721d6f02cb025b
cases/train02_gravdam_seismic/result_b224.vtp	236283	80f4989c0d571645e10375f9a59180756299060f1f898ea2d297dd89d08966ff
cases/train02_gravdam_seismic/result_b225.vtp	233677	6f09207d9b249839d24d6590ab88c71d0f726266718e25636bd8448e7d42dbf2
cases/train02_gravdam_seismic/result_b226.vtp	233863	3757cce8ff906336fd9b48d01a1582d156587b58e1a7d25b8f128462bd139078
cases/train02_gravdam_seismic/result_b227.vtp	238577	89d162291e72e59a85e6468784b61d3fe0aba4a7b311f9e8bd521cd64c531a8d
cases/train02_gravdam_seismic/result_b228.vtp	238752	258b3cc863891b8449cec7a10b2edf2bdf178da3a0b1a1f3c4fb6ab2fd9e2f80
cases/train02_gravdam_seismic/result_b229.vtp	241085	7fc2f97cf21cfa4bd48d9b269a6581c74860ff019cc7cd7db44c6cf612a582cd
cases/train02_gravdam_seismic/result_b23.vtp	239947	43df0afadcf14e35a5878ab2f159b3eb80e71338555ebff9dcbdc2f4d1947d36
cases/train02_gravdam_seismic/result_b230.vtp	233757	916a34e855151a9e301cedfd9fcfdb696a730d20a3e2376523fc71a5b12f185d
cases/train02_gravdam_seismic/result_b231.vtp	234554	40daf0f3373985101609987b3d0e118940f26f3a05f805d87e952f001d5454fe
cases/train02_gravdam_seismic/result_b232.vtp	239903	9d040656c2afeb35b6ced5729f037594abe377ac404a31bd4ba462ba7d154ab9
cases/train02_gravdam_seismic/result_b233.vtp	241138	61bad75200e39e603f7bcd1ab65f5a35a2b69bccb74a349991bc2d572d2fab34
cases/train02_gravdam_seismic/result_b234.vtp	236868	8dfe602c94f353aacce2ac3d9a545210fd3328a24d275cf8ebd6ec98abf50c40
cases/train02_gravdam_seismic/result_b235.vtp	233776	8c7b312d52d7baa35ab56f77378cca199df872691166b4f159dc70d294ba4e74
cases/train02_gravdam_seismic/result_b236.vtp	234599	16fedec3ea7a5b083b6c2c2599d3bffe3666d843ed6b19a27977e02fe2f2d02b
cases/train02_gravdam_seismic/result_b237.vtp	234816	b9dbd69e10b6d9a12a372617fb4d382fcdb91726bc28540491a2649be80d07d7
cases/train02_gravdam_seismic/result_b238.vtp	240412	fa4fedcaa0fc91eabec43d9690d9fc5db40f59881696b0373bc16917026f1840
cases/train02_gravdam_seismic/result_b239.vtp	240806	44a630dad070afc4c52e204619da8f6a0da8ada650e95cdbdd5d77affb8d29ee
cases/train02_gravdam_seismic/result_b24.vtp	239969	aa420469707ca0472914c10a2469098e1b9316d3594f2f7c2cb3c125be107d37
cases/train02_gravdam_seismic/result_b240.vtp	235556	7a8603f4a05d15b85190faf063ccef88c03b1b3316dff0915f7605a1edf73c85
cases/train02_gravdam_seismic/result_b241.vtp	234728	344b3296d5eda685d34b0a1a3bad8186abb9624364edee3cf5efbda480edf352
cases/train02_gravdam_seismic/result_b242.vtp	240567	48d092c8a62e4888db7a9a3adcdd228f379d0c78fb104a0eb0c3b7da44df510a
cases/train02_gravdam_seismic/result_b243.vtp	242208	f1f972676286d5a00e12292de2910192b3b67a91e731300c9b96892b5bfc1653
cases/train02_gravdam_seismic/result_b244.vtp	235001	2dac6a31262922c7eadd916ed37eced26cf1cd66c1e1c026fb18e6d80022b9da
cases/train02_gravdam_seismic/result_b245.vtp	242248	2f9dd646b14bfd30c27041eb363668d245ca797ad24b5b8b8400ac5d457809e8
cases/train02_gravdam_seismic/result_b246.vtp	240573	522943836096c77cd81fa549ddf4a8de2323722990a8aa07bb66586fe83ae4bf
cases/train02_gravdam_seismic/result_b247.vtp	237454	395b0776c6cd07d48300c257139b89eed8432a336eeb56f341063522654eb2a3
cases/train02_gravdam_seismic/result_b248.vtp	234908	1719239e243ae8d72b1fb82215308938f3e7f3d004c2088cfa4ce2c51f3ddcda
cases/train02_gravdam_seismic/result_b249.vtp	243011	3d560712184bee80370f893f65ea9948577e075c160eacf91c4c7f18f723e34b
cases/train02_gravdam_seismic/result_b25.vtp	233992	88954afc87ee9a295dd7f0669ec5ef036a2785aee50cb9dcaf49997df3350c83
cases/train02_gravdam_seismic/result_b250.vtp	240207	eb71ca01ea0332de32e26415875f76349bc31da771977d9aaaf64946c484757a
cases/train02_gravdam_seismic/result_b26.vtp	237734	f09d51d7ab962f37d091912f8de5b8806e8799944bfab444e1b5f9876d96b69a
cases/train02_gravdam_seismic/result_b27.vtp	235466	eb366eadf85c84e26dd063746835fd740f421213fad518523ab9efcbb2a398ab
cases/train02_gravdam_seismic/result_b28.vtp	233959	0f884a56cce501d6600e44bcea902c288441b06cd81e2881f3afbd703ee29fb5
cases/train02_gravdam_seismic/result_b29.vtp	233598	e15964337cba3e895ad5e4b968e9748764f79fccee165f55aaa1cb44307bb9fa
cases/train02_gravdam_seismic/result_b3.vtp	234934	eb831fb86808528ae9fd85b30d97aba439eb4b9cc80b89852ae9c70514b8379d
cases/train02_gravdam_seismic/result_b30.vtp	239883	e8563ef6508031900ca312cffa431134ba7c71808b99053e42b67aee3666d60e
cases/train02_gravdam_seismic/result_b31.vtp	233636	eefefe2b60002c9ba1b6e59837063cfc452d3b187484466a079939d46462c133
cases/train02_gravdam_seismic/result_b32.vtp	239632	4cd2ee00f9f2d4e01b0e004769ebcee3b76cd1fa3964b4a27ebb2c1b31e5e6a6
cases/train02_gravdam_seismic/result_b33.vtp	239724	5e0dfc7dbb970c19aea847d347167cc0aaea20c9a4d8d7489d7384ea7656849e
cases/train02_gravdam_seismic/result_b34.vtp	239629	43958270093b2918a2529df8cbf336be517dd633d3805972158ee316a83459ea
cases/train02_gravdam_seismic/result_b35.vtp	237443	3bb1ba68eca63e00e64c17765b2b96e6db3f90c4e12447a3397fbeef7c2c78d9
cases/train02_gravdam_seismic/result_b36.vtp	239460	990919bb297c2de14532243780dc56068a2ef5c23cde7810e0841685cea626ab
cases/train02_gravdam_seismic/result_b37.vtp	239927	2506a6ca62422bad1fe0fda2324950dfa3c0b5ff09de0ee8daec7b5dbfd6c8c6
cases/train02_gravdam_seismic/result_b38.vtp	233556	dd87fe607f05471e08abe84e9839558bec7fc62ba7b099df20e098edadee213b
cases/train02_gravdam_seismic/result_b39.vtp	233978	e55b9aec898a5aae019d05c6b5293285206fb453d4c78f7ff563aada105d2b0a
cases/train02_gravdam_seismic/result_b4.vtp	234628	f9b860513c271ca06031ad32781a199af524046fd96f1809cf5e861e07bc3525
cases/train02_gravdam_seismic/result_b40.vtp	239935	f9eadef6aa6ed05d199c5a6a14e3e7c7690cf452ec7726372b08a1b4484022fc
cases/train02_gravdam_seismic/result_b41.vtp	240050	d6c5fad47c44d6f17d8f9625f31c0e466bf8938a3c0593996ae10a1d0f3f3a16
cases/train02_gravdam_seismic/result_b42.vtp	233534	7b8ab3854a92f0f45a7f06e6dc1e08739a1c9f15802343143fe890f0772708b9
cases/train02_gravdam_seismic/result_b43.vtp	233853	4b77ca8474838bfbb6d7c57c1bfe9b5a28a2e10a3e74191125057c323de74d9c
cases/train02_gravdam_seismic/result_b44.vtp	239452	6daf8804c1acbf6f566a1ee1f5c063b581556bf7bec50d5f7bcb5df70ddf1c25
cases/train02_gravdam_seismic/result_b45.vtp	239577	5880e89f02b95ffe22e8a14908d8ba87c650b843834e7d7f6c5964efd84f6225
cases/train02_gravdam_seismic/result_b46.vtp	233961	0418bbfdb415614a17a7692d10593f3572362a1d2c3fa101898cd4518b4be1ae
cases/train02_gravdam_seismic/result_b47.vtp	233515	eef82dd36e90060535f951802cc802f2a3867dca4245f008380604bd037f11de
cases/train02_gravdam_seismic/result_b48.vtp	233748	aa43982da6a93c7b5bce6af04273f5a5f98a741d22d0cbd67f8c510a901a4e5e
cases/train02_gravdam_seismic/result_b49.vtp	239564	302819a9ac9ead8a68dd37594d40084f156dd0f3e4e87d8d11ba0a3ee061ff14
cases/train02_gravdam_seismic/result_b5.vtp	240013	d70ff76ca0b9fdf71c526f021c4a09a1fc8621ca6d197d15697f4196a1153e74
cases/train02_gravdam_seismic/result_b50.vtp	239320	53886ad8e193f5f8c30abb7f1b8d11b2668ca3df4c1f5d68b128caa68fd39f8a
cases/train02_gravdam_seismic/result_b51.vtp	233927	fd1a21087cc2713592b55d9bc7f9f960140787a45a19bb7c0d7997a884e88b9d
cases/train02_gravdam_seismic/result_b52.vtp	239814	39f403ac9357cae7080c0d6c0957da026a4660781bcd605d31a9788d436450d7
cases/train02_gravdam_seismic/result_b53.vtp	233716	86ea65776038e1ca700f0bb52723c29221b8baeb40f51751107c2496bf0e363d
cases/train02_gravdam_seismic/result_b54.vtp	233669	2f5a48da95e6a65e3371b2f425388c5474dc238ce6e9316d42fa6dd55ca194c4
cases/train02_gravdam_seismic/result_b55.vtp	236314	de6a8abbae4eebd8280067798469b95bfc59c006d58a44ef9632bd470aa0be4b
cases/train02_gravdam_seismic/result_b56.vtp	239497	517534f89887e916d1ecb00055297ba3b3b9e6e7310ccc64704bec9aad9ee694
cases/train02_gravdam_seismic/result_b57.vtp	236239	8d16b57ed2cad9c416878f26aab14b7115d723e063c03b1247a1f4f6db30c069
cases/train02_gravdam_seismic/result_b58.vtp	233954	1587f38ed9e43eed0aad1838564544d70fb9333acd1583edf25c9de88d81c8c0
cases/train02_gravdam_seismic/result_b59.vtp	239945	e9289af92f3b6800dfc180315065aae021f0151b5db09392e8a49d0c5c5c1cbb
cases/train02_gravdam_seismic/result_b6.vtp	241660	cc04e6174b11a9232ec0959a487c4cb00368efd73115f22658b72d6bd260a6d8
cases/train02_gravdam_seismic/result_b60.vtp	233611	36537b59a19067aa5af742bc7f647f36f0973a975c1ce3ffbeb952bc1ddeaf9c
cases/train02_gravdam_seismic/result_b61.vtp	233963	cc5610b3e037b582ef27b02d1c7ff702470741787a8f612cb7b31899f676289f
cases/train02_gravdam_seismic/result_b62.vtp	239541	30886d00ce3d1dfbe8c35dcdd8df138ec80b9b664573387a9cf83301659d14ab
cases/train02_gravdam_seismic/result_b63.vtp	239614	a32618c8a983849a7b524c7e2806065a697a635f92b3c8fd13d0279734177cdd
cases/train02_gravdam_seismic/result_b64.vtp	233729	e03e9e9ea53c638ccf4b9c4aff567e4fba26ef81996a455b50493d1ca86f97dc
cases/train02_gravdam_seismic/result_b65.vtp	233951	361577d8abfdaac79652c2108d3cea4e8414e290875402a9adc33f3b009d649d
cases/train02_gravdam_seismic/result_b66.vtp	239804	25f308a720b4ddb2196ee99568edadfa8a51102dd6dd005a656eb4a600844a68
cases/train02_gravdam_seismic/result_b67.vtp	239720	d2512421f0edac0bdaa9528cf8c1d26d9dcd73283e790b6a89e4e2d0321d2830
cases/train02_gravdam_seismic/result_b68.vtp	235632	1239e89cda83567f1b0f8e665b66defb2cbe51b48e4fdbe501b61925dbca85ea
cases/train02_gravdam_seismic/result_b69.vtp	237488	3dff1862ecfe4b6f2973f6d4ed2191375573c678ac006eb3b388fc2965f383d4
cases/train02_gravdam_seismic/result_b7.vtp	240636	c7592eb25cf6c311c9fdf7975a6324ccd18b87881c52bc7167b86b176b8bc1bd
cases/train02_gravdam_seismic/result_b70.vtp	239903	b690891b2c76c90011e47242058975a17c0487ff555149991f69eb89ecdb5988
cases/train02_gravdam_seismic/result_b71.vtp	233830	cfb320070c6c57d738e0d2c30a284a7b51c0c6201fdb95ccae53fc177d0d5f54
cases/train02_gravdam_seismic/result_b72.vtp	234014	eb03325d816b00ac24976679af0845e98b939603f3db8f9f28d9cffdc0d98de5
cases/train02_gravdam_seismic/result_b73.vtp	239687	09ad54221133962a17fd297f8bd57c505cce61432aea6c48c6c0824909386496
cases/train02_gravdam_seismic/result_b74.vtp	233652	749f0b0604d1ddde6fb1e6bc1ee6cb28544a94a390d0a5b5c06886d904ed0a59
cases/train02_gravdam_seismic/result_b75.vtp	237442	e28085409334e26c5dca21a78f38efcf6f760f0bac9eda5a0596efec208ff8a7
cases/train02_gravdam_seismic/result_b76.vtp	233902	25992830d99cc9069da16445ca2f344fdaf3faf8cd325ba1e9ef5d7ba818b7f1
cases/train02_gravdam_seismic/result_b77.vtp	236178	99fa095669f17df2936e651c6ee83a583601b575d0d7d204f61f00d9fcde97b6
cases/train02_gravdam_seismic/result_b78.vtp	239993	2b285a7711be02a08815cdb574b7c19551043d3656359830f361325030a94294
cases/train02_gravdam_seismic/result_b79.vtp	239767	425a07fa07d1f8b24be119245d2d5c2e2618a19e5bd19a1b13317e5673e28913
cases/train02_gravdam_seismic/result_b8.vtp	239788	75f789e889c309955ae3f418602daeef6a7327679d4ada99ec0bdaccb7e01012
cases/train02_gravdam_seismic/result_b80.vtp	239834	a55c280a03d50ae9e22f1cd55b8df8a1af0586b5e5b1f4d2ffe869c5d5be8ae9
cases/train02_gravdam_seismic/result_b81.vtp	233785	74d95a03e8242b455ecfddf94f6e6505959e9a28ec91094b86a663ba649834fa
cases/train02_gravdam_seismic/result_b82.vtp	239648	53875775b85a17ec920e215b0658365146f42f7883743a2053169cb42f5a105c
cases/train02_gravdam_seismic/result_b83.vtp	239507	d8af483671ac586ef8fa61237b1882b6adf9fb3e4abac3e7efc95ee12e24f343
cases/train02_gravdam_seismic/result_b84.vtp	235090	747abcd019d758cfb1218d9f5485d323f0dd72aa754f0ca4056cc7ed60198df5
cases/train02_gravdam_seismic/result_b85.vtp	233752	82a95c69cd88e3c9712507ba8ee8e197bb99772e94a52a35b15df8234c1981f2
cases/train02_gravdam_seismic/result_b86.vtp	239631	02fc99ec8de733af0a4f138de8221c82bb4e04bba53175b70249ec6602548fb2
cases/train02_gravdam_seismic/result_b87.vtp	238859	0dc77631ce972f73df25fcffa2c62f82cb22fd1bbd53385accdb37e6d39cce04
cases/train02_gravdam_seismic/result_b88.vtp	233637	c4ab3d292b424d99ed9c2320681d0584b86658ce14a1ceffe7d8ce357a46514e
cases/train02_gravdam_seismic/result_b89.vtp	233660	353d719ca07051e53c5f9a9f83c9883d996f0962555d59a66e3558fd8ae73fd4
cases/train02_gravdam_seismic/result_b9.vtp	237165	0fcb77f7f605fd60cb4626d6a4456111548eaa5866c02b3975e97090965b2893
cases/train02_gravdam_seismic/result_b90.vtp	239777	ca7b168dad0cf70326a85b69013f97d1a459f8ed50ec2809b9c1156276417114
cases/train02_gravdam_seismic/result_b91.vtp	239863	7704b406f545f2f755d5342dad80673a25d0c4e97b518cf3e12b341fe9f97db1
cases/train02_gravdam_seismic/result_b92.vtp	233532	23bffe13ab22fc0b037eafd4e75f0d882a3cb58eb7c86e3816d5e32ca180e7dd
cases/train02_gravdam_seismic/result_b93.vtp	233586	bf83542d23a6908f673666ca92eb802be5df3e51c58136253469c9695fbec7dc
cases/train02_gravdam_seismic/result_b94.vtp	239932	0cb06bdf6c01f3318ad610681d3c84018b5bd52df46f05cbe0c3100fe2f42824
cases/train02_gravdam_seismic/result_b95.vtp	235604	9a91c895d54d78b668248f60a0b74c8c8359184d06e010936c249e53305d62b3
cases/train02_gravdam_seismic/result_b96.vtp	233860	303d16a25f44ae100dd9be4c4bb63be475071d3ae7f66498ecd11c27a56f1430
cases/train02_gravdam_seismic/result_b97.vtp	239904	f3b46c7e07b39dee7a460fa52aceb7fa0bd39e7322518f2a6982756030889aac
cases/train02_gravdam_seismic/result_b98.vtp	235612	8f8a0fc61db66e6e01a25da061478432906bd993a2c11fa99f6ddab71848036e
cases/train02_gravdam_seismic/result_b99.vtp	233419	030f1eeeee871f51f03c99969f842f04c267a79f39d03e16ddbfbfc615a115b6
cases/train02c_seismic_wave_compare/1.ctt	0	e3b0c44298fc1c149afbf4c8996fb92427ae41e4649b934ca495991b7852b855
cases/train02c_seismic_wave_compare/1.fai	0	e3b0c44298fc1c149afbf4c8996fb92427ae41e4649b934ca495991b7852b855
cases/train02c_seismic_wave_compare/1.flavia.msh	32564	f01e790c5172c1106cb96d2becf12d869c9cec56e23a993fde61ec7902caba35
cases/train02c_seismic_wave_compare/1.flavia.res	95952000	c3a0c48fb0b4f2c76f9f4d62a9514dd0e888a3896a84e54c3601e88ae6fb298f
cases/train02c_seismic_wave_compare/1.ftf	0	e3b0c44298fc1c149afbf4c8996fb92427ae41e4649b934ca495991b7852b855
cases/train02c_seismic_wave_compare/1.gpv	141632000	179d4d63164e97ac2d3acafba7daf2da532e36a5844ab5375881d200747ff2bd
cases/train02c_seismic_wave_compare/1.ini	0	e3b0c44298fc1c149afbf4c8996fb92427ae41e4649b934ca495991b7852b855
cases/train02c_seismic_wave_compare/1.inw	0	e3b0c44298fc1c149afbf4c8996fb92427ae41e4649b934ca495991b7852b855
cases/train02c_seismic_wave_compare/1.res	0	e3b0c44298fc1c149afbf4c8996fb92427ae41e4649b934ca495991b7852b855
cases/train02c_seismic_wave_compare/1.resb	0	e3b0c44298fc1c149afbf4c8996fb92427ae41e4649b934ca495991b7852b855
cases/train02c_seismic_wave_compare/1.rtt	141772	c07aa54ae9ce37b56ae1efaf706669946e7ecf294fe4845fdef58296927466aa
cases/train02c_seismic_wave_compare/bc_overlay.vtp	2533	94b379b49cfe87359865ba3e4d87de65e9a06f821c6c5301c1c90e981d946e62
cases/train02c_seismic_wave_compare/elcentro/1.ctt	0	e3b0c44298fc1c149afbf4c8996fb92427ae41e4649b934ca495991b7852b855
cases/train02c_seismic_wave_compare/elcentro/1.fai	0	e3b0c44298fc1c149afbf4c8996fb92427ae41e4649b934ca495991b7852b855
cases/train02c_seismic_wave_compare/elcentro/1.flavia.msh	32564	f01e790c5172c1106cb96d2becf12d869c9cec56e23a993fde61ec7902caba35
cases/train02c_seismic_wave_compare/elcentro/1.flavia.res	27563000	695d9d2edf8c274b75a16ca6588a11c43e5be20cdf0498baf1f599a1b529445d
cases/train02c_seismic_wave_compare/elcentro/1.ftf	0	e3b0c44298fc1c149afbf4c8996fb92427ae41e4649b934ca495991b7852b855
cases/train02c_seismic_wave_compare/elcentro/1.gpv	70183500	55314562aa346f7d0e9708f5f465c95b8504c62688a4d3901ad0b1362245befd
cases/train02c_seismic_wave_compare/elcentro/1.ini	0	e3b0c44298fc1c149afbf4c8996fb92427ae41e4649b934ca495991b7852b855
cases/train02c_seismic_wave_compare/elcentro/1.inw	0	e3b0c44298fc1c149afbf4c8996fb92427ae41e4649b934ca495991b7852b855
cases/train02c_seismic_wave_compare/elcentro/1.res	0	e3b0c44298fc1c149afbf4c8996fb92427ae41e4649b934ca495991b7852b855
cases/train02c_seismic_wave_compare/elcentro/1.resb	0	e3b0c44298fc1c149afbf4c8996fb92427ae41e4649b934ca495991b7852b855
cases/train02c_seismic_wave_compare/elcentro/1.rtt	141772	e5b2fa408567754afe37b4964195beb2df03dc35bab0fea3b4382030353b0ae0
cases/train02c_seismic_wave_compare/elcentro/bc_overlay.vtp	2533	94b379b49cfe87359865ba3e4d87de65e9a06f821c6c5301c1c90e981d946e62
cases/train02c_seismic_wave_compare/elcentro/result_b1.vtp	56107	d6921aa5219ce01d8a43c731a95cf4ad1e450f3dd61223fbe86ead7c9c0e1f64
cases/train02c_seismic_wave_compare/elcentro/result_b10.vtp	56179	226f6cf03a09f6463f55a0be381e1b7bc2feb5886eb4ab27b3e34d547f242357
cases/train02c_seismic_wave_compare/elcentro/result_b100.vtp	55307	b6ecad2bad8a379cf46329d67df6a276dde114958ddc2119efe602dacebb4ac1
cases/train02c_seismic_wave_compare/elcentro/result_b101.vtp	55034	2c9562aa07962c797ad1769a45cacf1fa018c5dca17abc1ea1ba606a1645575c
cases/train02c_seismic_wave_compare/elcentro/result_b102.vtp	55417	bbb09866e09ce7488641dfabcfa48dd70d17958db8c141b4eb988db029f98d19
cases/train02c_seismic_wave_compare/elcentro/result_b103.vtp	56186	d51b9cdc5b443f4d52cab7fd08d620187cfb38492b52aabc0f32103113b7d2d2
cases/train02c_seismic_wave_compare/elcentro/result_b104.vtp	56104	ca576e5848e4bc75dc0e4b5c5ea31005aa6e1e22ad9d104382cd47d41c85b077
cases/train02c_seismic_wave_compare/elcentro/result_b105.vtp	54800	65a86e9b9a75d1ffad8ee9ddc883e1412f6d9f92fe2934aad8ffe1dbe2b9a6b4
cases/train02c_seismic_wave_compare/elcentro/result_b106.vtp	54982	0d4af9f2c19b22a6cf06fcff3807d3e16d93e259fa775a14a387fe05bd73f3e4
cases/train02c_seismic_wave_compare/elcentro/result_b107.vtp	54895	cc1f1fea68fc91cd89d8b498b2751eb6f13d6022afd2735c71de6948b241f671
cases/train02c_seismic_wave_compare/elcentro/result_b108.vtp	55439	dfaeaf646190dc290f13a7b68511b1c1b5f13df8631d6d65f11829e0fe828c04
cases/train02c_seismic_wave_compare/elcentro/result_b109.vtp	55865	0a7e7b03784125afb00d359dcafdede2e66c4a63d6bb20d247f264779b4a7056
cases/train02c_seismic_wave_compare/elcentro/result_b11.vtp	55591	fd753ec4fadfb3109eca4be79a5dc42e4112f813695451a7303e0834686be06a
cases/train02c_seismic_wave_compare/elcentro/result_b110.vtp	55437	7031aed1f16a98cb4276239941cfd37ca3982591efe5bdaad63a2aad1eb65e3e
cases/train02c_seismic_wave_compare/elcentro/result_b111.vtp	55347	4f7ad52584fdb5d16d9109c43867be8f10779184c9518c2a82419b4ab4c951a6
cases/train02c_seismic_wave_compare/elcentro/result_b112.vtp	56194	5ffbfdf466a553d185c74caa000d8ecfa185c1a2e475ca70c1f41b258e03d97a
cases/train02c_seismic_wave_compare/elcentro/result_b113.vtp	54825	0d0df960f5b90870cf0f08fa6ca9d857b534a48aa47dd6afccb6ae12cdd94a99
cases/train02c_seismic_wave_compare/elcentro/result_b114.vtp	55685	1077fcafba69209fff3b33220f8b16f35ce6db6ca5e6309446866505c9bc1442
cases/train02c_seismic_wave_compare/elcentro/result_b115.vtp	55002	f7e37b1e9e8193651626264a37dedf28cdd6d8a012e868b10dc7202e90b9ed42
cases/train02c_seismic_wave_compare/elcentro/result_b116.vtp	56096	0955acf2b78255c44bef0ad6e5c4e6699b80a51350f77f753ad90b5618680f1f
cases/train02c_seismic_wave_compare/elcentro/result_b117.vtp	55658	4c63a0e5280cad460b13e557a17232f9d526cf4dacb9884973c79bf835f2e948
cases/train02c_seismic_wave_compare/elcentro/result_b118.vtp	56103	a34575fae7ed954ff545f92cc9eb276497181bd97efe0554727df7489ee04ebc
cases/train02c_seismic_wave_compare/elcentro/result_b119.vtp	55914	8aa7dee7863a951618579ba1d923f3c00cd444466cedc5caa453204a6851648a
cases/train02c_seismic_wave_compare/elcentro/result_b12.vtp	56136	db15178476f785510d29d69e9f89571817064646e362b0f942539939a754291c
cases/train02c_seismic_wave_compare/elcentro/result_b120.vtp	55511	b44257d937ddd2c4e86578c67349a75e72871781a4cda1c2635c199c2327e4c8
cases/train02c_seismic_wave_compare/elcentro/result_b121.vtp	55827	ddf004f1d04ec3024d5d8be692c9e408c4a42b4e6011e08c610afdd5764b7492
cases/train02c_seismic_wave_compare/elcentro/result_b122.vtp	55275	1ba6b0b59aec9bb52b5dca429e38ef6730d116400726726dfe464389eee51bad
cases/train02c_seismic_wave_compare/elcentro/result_b123.vtp	55538	ce0845d9b138fab9ec7cb1c4234d3196984d52894185727801b8df023d6f4890
cases/train02c_seismic_wave_compare/elcentro/result_b124.vtp	55803	0d65e7d67831ac74be33ff45f48fc6a2a5435ec07374e44b901c34a0ade2905f
cases/train02c_seismic_wave_compare/elcentro/result_b125.vtp	55745	091d49dc9e133cb30d33f5c010c3a52c8e56c0cbcb3ebfe81cb0d422f7e9b24b
cases/train02c_seismic_wave_compare/elcentro/result_b126.vtp	54944	bfd17af233ed978b934539e14c10f45bb4f5b6d0d8114d460e6c0c7500c54698
cases/train02c_seismic_wave_compare/elcentro/result_b127.vtp	55557	85aa6f7797958bbf48283b3593dd0cfb9d67cb8aad61a6728b0a3256ef4ee775
cases/train02c_seismic_wave_compare/elcentro/result_b128.vtp	54718	0a51784866a573459af6ac184d3eded158e4a55fd1a171af550b331fc91e1b12
cases/train02c_seismic_wave_compare/elcentro/result_b129.vtp	55103	c34eff1561bb506583ecd1fe37fb374e20a3b81c487228bb02ac02e3c58fb0ee
cases/train02c_seismic_wave_compare/elcentro/result_b13.vtp	56109	c1257e1b56a6774bc5043611db16df6b460a69d4399f310a62a7421c72fe736e
cases/train02c_seismic_wave_compare/elcentro/result_b130.vtp	54828	d4f7e336815f6a5922df7475e68073597d05a18603345414391c55bb278a3814
cases/train02c_seismic_wave_compare/elcentro/result_b131.vtp	55450	78dd1af1e0c81fe04976d6cacd3d07b4a035a28880c1419f42043bdf3cb7abfb
cases/train02c_seismic_wave_compare/elcentro/result_b132.vtp	55417	f0b8c02776f74c4ba4cc5277031f2651e6305e800c00fcefe58002f787aca60d
cases/train02c_seismic_wave_compare/elcentro/result_b133.vtp	54938	323e80e30f0a020b4466ba37fdcb803bcdc2d654e40097c4cff711ec784bdccd
cases/train02c_seismic_wave_compare/elcentro/result_b134.vtp	55420	fccfe0280c354a320f92bc404b17ebf4fc1b392eb40a119e2a63e13b2b93a6a8
cases/train02c_seismic_wave_compare/elcentro/result_b135.vtp	55148	9042c12ccc7a31357b84b42e8cef80c4aa421bc0be6f5d139ec61465bdeeffc8
cases/train02c_seismic_wave_compare/elcentro/result_b136.vtp	54861	dee977bd870327dfa240f8563b88d1185da7b801129fa99fb1d2e550cea17ee8
cases/train02c_seismic_wave_compare/elcentro/result_b137.vtp	55907	84a6dec69f7475b70b02633fe76cc9785fd1a3f5002c911a7ea0c5de8ee70e30
cases/train02c_seismic_wave_compare/elcentro/result_b138.vtp	55047	f5f608f2a8cbe2998e5a895ed217d66df4b0b473e5007ede855281c1658362e6
cases/train02c_seismic_wave_compare/elcentro/result_b139.vtp	54970	ab9f03df3d9ee96fb91288850ad0881e2f03205b655e203b7b4b7079a926cfb8
cases/train02c_seismic_wave_compare/elcentro/result_b14.vtp	55590	9b2e73c3f9761bc4a9e1e20065bf5f44170ed5b2ebba31516da3b4d414da6c36
cases/train02c_seismic_wave_compare/elcentro/result_b140.vtp	54967	d92f3239c84f0646d34b86fc1b2e96c358486ae3e9d2c65e87506479d25af086
cases/train02c_seismic_wave_compare/elcentro/result_b141.vtp	55418	e7476eb932e1e1ab7a4da487a2262f409944f86750f9050bf2639913f611043b
cases/train02c_seismic_wave_compare/elcentro/result_b142.vtp	55384	b2543c9240405e300032d9420aaa8f4b7e4a36f1bdfc2d41e4af6f5beba3f7f7
cases/train02c_seismic_wave_compare/elcentro/result_b143.vtp	56039	b1e84ea90dd78e2d4e8e90eea7d250fe6155bac107d1499ad5440bc08962ee47
cases/train02c_seismic_wave_compare/elcentro/result_b144.vtp	55645	b3c07494350ac047834e7c6d6fd4b1edda5218552a94ab987ebda65e022fad17
cases/train02c_seismic_wave_compare/elcentro/result_b145.vtp	55349	bfff34e841b8c9fc0d461cd65077e3f25c7536ff4082d683e09eff7dcba39bd6
cases/train02c_seismic_wave_compare/elcentro/result_b146.vtp	55329	78b10b153e5bb2bb26f33c88e11bd3441d71e9fb6481f9ac9e8c5bd4b7812b86
cases/train02c_seismic_wave_compare/elcentro/result_b147.vtp	55516	e8dfcc460f424b91bf401ead37ff48ae80998f89692b9dd600768f08cf6dd016
cases/train02c_seismic_wave_compare/elcentro/result_b148.vtp	55699	01bc5fb66c2234502250784c738db3689d413772b7575f136de6d96440b3003c
cases/train02c_seismic_wave_compare/elcentro/result_b149.vtp	55527	9927738bebf1c0d16461dc11340cb489d471915e8f44d14b2a43078441fddd8c
cases/train02c_seismic_wave_compare/elcentro/result_b15.vtp	55683	53385add8dfb23d51a1d1485bd1153321adb33023339c86c267af73abfee513a
cases/train02c_seismic_wave_compare/elcentro/result_b150.vtp	55384	08ec2da91ad0148132d9a73690b8c7a8353b272baaeafabcd1a7532eb71f2c84
cases/train02c_seismic_wave_compare/elcentro/result_b151.vtp	54700	8e23d6014c660c13568138f6774636525bc6c729ebf0ac15c2f8c2e6f4c1bf80
cases/train02c_seismic_wave_compare/elcentro/result_b152.vtp	55328	159f499157f80baa7993f488edfa84b9933f5f48dc0ccbada178921a80b978b1
cases/train02c_seismic_wave_compare/elcentro/result_b153.vtp	55495	299d1533223a020183829e9b24786387f1340efdcacfe6ba72cbed23c97efd94
cases/train02c_seismic_wave_compare/elcentro/result_b154.vtp	55145	86ed1c7930d44a6137f5a8b63228e53dcfd6be144feda42f27b1adb5cc2e7afe
cases/train02c_seismic_wave_compare/elcentro/result_b155.vtp	55618	ad48218aed556ead41c0489c0d1d93d1964c81bf50c27612568cbaa61b270b20
cases/train02c_seismic_wave_compare/elcentro/result_b156.vtp	56100	33800619bc9a82fa4904394a9f0eda12aa52cf641e1fbef324cd80b2aa8ac907
cases/train02c_seismic_wave_compare/elcentro/result_b157.vtp	55153	3785171de6767c353bc1b7e085bc3066c07a43a1d713db20e7afab09ece2826c
cases/train02c_seismic_wave_compare/elcentro/result_b158.vtp	55443	de8fe5187a0f916aebd09a077785aaaaa3d9bc580c613909eabe94fe51235034
cases/train02c_seismic_wave_compare/elcentro/result_b159.vtp	54754	23a64309e589441aea5071055e42522f34c068d8bdd6b2556fbbfaf821cde2bc
cases/train02c_seismic_wave_compare/elcentro/result_b16.vtp	55527	5ad4a0f893a9a0511df756249e676a997c3cbebd142d6e9614651183425ce3c4
cases/train02c_seismic_wave_compare/elcentro/result_b160.vtp	55484	42429c6dae9af0fad233ee4a647f97ee1f00262bdcf5c1013e7a03b99c6d8401
cases/train02c_seismic_wave_compare/elcentro/result_b161.vtp	54848	47353f32613cbe3c5108ddbb2ce432df2a64250d400d1e8fa25ffb3ac6f3018d
cases/train02c_seismic_wave_compare/elcentro/result_b162.vtp	55488	05105c81f405e9f736c1530ae14f379858dfa689d31391af2c2ea95985162075
cases/train02c_seismic_wave_compare/elcentro/result_b163.vtp	55937	396f1159727764be9c4f985708f69cbfc4c6e1bae80cc7da251698f755ef1bc9
cases/train02c_seismic_wave_compare/elcentro/result_b164.vtp	55420	870c88eb2158e2d69dafc4b0be73442b7100d5690d9b1167f1c107792e5fdb98
cases/train02c_seismic_wave_compare/elcentro/result_b165.vtp	54836	8dd729ceb3838deed00a27b25e2d7dc0c30c71928509334caf6347fbf1cc7dc5
cases/train02c_seismic_wave_compare/elcentro/result_b166.vtp	55716	3ec652c4d1e666ce5177ede58d578b8ba450fd41bb527c74405bbff2b044a079
cases/train02c_seismic_wave_compare/elcentro/result_b167.vtp	54786	b5620a551c3a7e2f870d51adede3b6ced4ead939ad1f679a0d50d6cb368f1e0d
cases/train02c_seismic_wave_compare/elcentro/result_b168.vtp	56103	852ec56e2996e4d4ff053cf3e6ca46806441028d0cda7b3afda80201179ad121
cases/train02c_seismic_wave_compare/elcentro/result_b169.vtp	54796	a813e8ad62c1067c9e971bbe0f835868fc70f2c9983a6b76e24645f09a8aa576
cases/train02c_seismic_wave_compare/elcentro/result_b17.vtp	55506	9db9aa60b773419a9e0f1df59ed10d06731353f7320da618be968b71b08100d6
cases/train02c_seismic_wave_compare/elcentro/result_b170.vtp	55780	41bea415bb876a0debd6eb27237f069a2611c0841032c8f1e978d14decb396ad
cases/train02c_seismic_wave_compare/elcentro/result_b171.vtp	54852	093ed392d5abbb5b019f9cb2ef31279ec2c688731957b29357489f9c511a3300
cases/train02c_seismic_wave_compare/elcentro/result_b172.vtp	56079	9badab6ac29f7a5e21f472fc210e50530ced0ec5732203ceb3513ecb7e543fb3
cases/train02c_seismic_wave_compare/elcentro/result_b173.vtp	55502	dbb9c1e11393b1b94feaabae4615f8f8892e98e077e355d670dd906adea36af7
cases/train02c_seismic_wave_compare/elcentro/result_b174.vtp	54931	70ee76d1461575921225bed036afb9d50ec9dc3c563fbbccc1ec47dc668c7225
cases/train02c_seismic_wave_compare/elcentro/result_b175.vtp	56018	48bffd39ac0096d7b84c689b02f426ef53eeb7ecff901f67139c77b5cd738f9e
cases/train02c_seismic_wave_compare/elcentro/result_b176.vtp	55512	e4abd8bc49ef65b8e7ad223fd1d1f380994a1a81a1d1a00c0ee31c5e9ae7a558
cases/train02c_seismic_wave_compare/elcentro/result_b177.vtp	55473	404ba67f43a1d117d9e4f9ee015c1826e84cf24a267e975a0cb73821a5796782
cases/train02c_seismic_wave_compare/elcentro/result_b178.vtp	55331	56d17e2e3d4654166188a0ff5e3e1ccd3f63ee2e76d59fe1553f9d1f8c91e6b3
cases/train02c_seismic_wave_compare/elcentro/result_b179.vtp	55517	d9da7583213f78f4c7bea773dad6abb6a19ee09252cadd6768b4ade3c56589d6
cases/train02c_seismic_wave_compare/elcentro/result_b18.vtp	56014	005894d15dd9670b3d31bc9b0d098a1f62156d3fbaed0ff2785f1deeafba7b2c
cases/train02c_seismic_wave_compare/elcentro/result_b180.vtp	54943	89d6468fddfc686e4ba3fad3f8f04bf54cd4f738957c43de1d2e367390cf01c4
cases/train02c_seismic_wave_compare/elcentro/result_b181.vtp	55182	afb2c41aff7e70e0ee92fcb5791ba01e5541724098dc5af58114c98a0df0fde3
cases/train02c_seismic_wave_compare/elcentro/result_b182.vtp	55651	2736eb1c46ca10dbfdb141142b4ae587c68c6b364dee8602dde8bf063dc6de14
cases/train02c_seismic_wave_compare/elcentro/result_b183.vtp	54877	3e1dd3e9a3763972b049f6a2b239b23003a2b266d2fcff8d39d8cffdc20cb121
cases/train02c_seismic_wave_compare/elcentro/result_b184.vtp	55389	226be49f0cf2306675f129231954a2db826236abfd229299f6142f6d530f60ec
cases/train02c_seismic_wave_compare/elcentro/result_b185.vtp	56112	202719113ddc28f97433325478d88b7dbe68e10ee9371c10a237ce7524d7a25e
cases/train02c_seismic_wave_compare/elcentro/result_b186.vtp	54834	64a7a0bf8a0d3da83077df69203be0031e25d680f86b47c9853850f58495943e
cases/train02c_seismic_wave_compare/elcentro/result_b187.vtp	55313	1f8427542300f3e639b37e33e7bb7c5f9d0fcc38c2e5a7147dde62fdcec5811b
cases/train02c_seismic_wave_compare/elcentro/result_b188.vtp	55317	7251adbd7e4ea7635abd94815e548543b0833b68d3e051ab826b25f0b3f1c9c1
cases/train02c_seismic_wave_compare/elcentro/result_b189.vtp	55806	fe5b0d7b85e84b99ddb6873d68eb708b5a0ae5791d1ce47e1e738d5fccdfa98b
cases/train02c_seismic_wave_compare/elcentro/result_b19.vtp	56130	7bf8845f6550f66f4154dec14e411c5b2f305f21198729233480b453446afec6
cases/train02c_seismic_wave_compare/elcentro/result_b190.vtp	55797	a8c4cb1572d0509036ea6761271847a7755afdbe715556da8bb9ca5ebd2894de
cases/train02c_seismic_wave_compare/elcentro/result_b191.vtp	55472	39d93152ef6a3d3aa5d63ec533ed1b45a65cdd46b55f5e45dce30ff77e91f805
cases/train02c_seismic_wave_compare/elcentro/result_b192.vtp	56090	b84933b5127da050fc1eef339449f104b9018da229440ddcd4f04d183c0279b9
cases/train02c_seismic_wave_compare/elcentro/result_b193.vtp	54937	6cd1972eab1ff45ffdf595890d8f7e2137081301986ef1442c1838d8f76af1cd
cases/train02c_seismic_wave_compare/elcentro/result_b194.vtp	55688	6ad91efb961978ba98177e7f38920dfb95bf657464449fbdc2ea6cd54c96d905
cases/train02c_seismic_wave_compare/elcentro/result_b195.vtp	55683	805c5862d289eb0d4b28dc8cd271ef81ea27fd8cd9263607d66ea7fb3ad2695a
cases/train02c_seismic_wave_compare/elcentro/result_b196.vtp	54976	cd140c1ddd7304bd0301e91b66700e2c0c7ea36937c4bb051701c8fdc1bbea98
cases/train02c_seismic_wave_compare/elcentro/result_b197.vtp	55089	b491d489ea79a4ace83579baaa25d033410449315928f69619044b0739064732
cases/train02c_seismic_wave_compare/elcentro/result_b198.vtp	55558	a23cdeb59e972901a35e90b2a1e9f59762570dc746e26889227046daa8045fb5
cases/train02c_seismic_wave_compare/elcentro/result_b199.vtp	56094	6b2c13b73e0110f2cbeffc8908298163bb451b3bd1cb3c52611471f26773ed30
cases/train02c_seismic_wave_compare/elcentro/result_b2.vtp	56111	24ef7d2d03b2cb25447eb00c96ff603c8fdc3700ed73a4f43d657d80466eeddc
cases/train02c_seismic_wave_compare/elcentro/result_b20.vtp	56114	cec123260e9ea21be2c8efe7fba5c935ec186e53f821fac3346a09a2e8b1f40e
cases/train02c_seismic_wave_compare/elcentro/result_b200.vtp	55616	ebca3680557dd96320b0e64fec9c8d4cbed21f36ba4a416785cb7af1713abb70
cases/train02c_seismic_wave_compare/elcentro/result_b201.vtp	55549	3c11ae8ef6ebf1e1fc2f6eb54cfe2211c625c9cac3704fc984b84c0da9e0b577
cases/train02c_seismic_wave_compare/elcentro/result_b202.vtp	55130	c59079d15d695a08997bea8ecacfc4d1dffddee1b5bd8343d76fd6ef40a642f1
cases/train02c_seismic_wave_compare/elcentro/result_b203.vtp	56089	7e639c39f3bd74fb0b2adbb3579a767bee934adeaedbc7df9a9561540f1d01b9
cases/train02c_seismic_wave_compare/elcentro/result_b204.vtp	55568	e7243181dbb57587619476b9b621c6b0fc5866e9c2a61738d2dc046f7e39db43
cases/train02c_seismic_wave_compare/elcentro/result_b205.vtp	55554	019f25c2484e45ba2013e5fc6fb38353149ef98d5c2fc849c39e7c33e6b5982d
cases/train02c_seismic_wave_compare/elcentro/result_b206.vtp	55003	081d0939ad07ad715e06add41fa8acc25d2f024374799f27168845dec8bd9cd6
cases/train02c_seismic_wave_compare/elcentro/result_b207.vtp	54991	37d575dbf31fa5b0bffc70b00758659f83e43f880a992a3ec883d8a30fa626fd
cases/train02c_seismic_wave_compare/elcentro/result_b208.vtp	55172	1aa2c4318da99250a8b6bbcb7928a781d4ebd63582b4f74ab46a578d88b51390
cases/train02c_seismic_wave_compare/elcentro/result_b209.vtp	55536	ca1a89e072d94f7c10ed2b76bf01c3dda80ca463c15bac1fc8ef26b59591f710
cases/train02c_seismic_wave_compare/elcentro/result_b21.vtp	55567	6f5af2c6b07ec61446b7a3dc42cf7bac6f0542e40410ca347ec7edd62459dd12
cases/train02c_seismic_wave_compare/elcentro/result_b210.vtp	55501	f9a051aad6e72b246ad59e4c32d493f36f8d0dcf89f1c65c6bcd43689c40ba77
cases/train02c_seismic_wave_compare/elcentro/result_b211.vtp	55802	b4b18bc6d84b3578bbe5f0fc0ea6769c8e384b65e44baf1fbcaa9e23c732b557
cases/train02c_seismic_wave_compare/elcentro/result_b212.vtp	55446	3d584d223cbd4b488bf76be77fcebaa11f4f521c77d48e55b1d2f5669224141a
cases/train02c_seismic_wave_compare/elcentro/result_b213.vtp	55557	05e13f3fa5806e34435ee96596f4d41e8df8bc15498ce808d413d41849cb921c
cases/train02c_seismic_wave_compare/elcentro/result_b214.vtp	54995	5a3cfbdee53f6a11e92d60227cbf4e7b97b6f86fa7615eab50f66aedc8213ff7
cases/train02c_seismic_wave_compare/elcentro/result_b215.vtp	55385	c2e6a5cd3048a25fa8024475751c32e44e41eaf98ca664a9702866a78c6d6446
cases/train02c_seismic_wave_compare/elcentro/result_b216.vtp	56076	d16fb01189c21a20f25c1d7101a9848661e1e455db14bf95fadaff1325ff936f
cases/train02c_seismic_wave_compare/elcentro/result_b217.vtp	54861	eec1314e75a70c686302e48067e93e94e676c6dc0202a5a783ef10cd01b5fcdf
cases/train02c_seismic_wave_compare/elcentro/result_b218.vtp	54917	2ef6d4d8237eabee38241793a5856c776d5ca442520ed061e82bde0fcfe0ff5c
cases/train02c_seismic_wave_compare/elcentro/result_b219.vtp	55448	be05f1a0e75a7d306cbccc7c9bbfb7987a9bb05670811e3101fe4ba7028d8a88
cases/train02c_seismic_wave_compare/elcentro/result_b22.vtp	55855	53850b0f7f38bfab0b0e8a1d187d9c002a6788f5aa756ad3ad59034d4bab0d6c
cases/train02c_seismic_wave_compare/elcentro/result_b220.vtp	56090	b7c08efd5bff75c7508cbad4eaa44220cffa6db08d6852fb81910eb5bfb04683
cases/train02c_seismic_wave_compare/elcentro/result_b221.vtp	55451	6014d63ace00641386eade03cadb71e736114f809abcbed1da35290eba6b30fe
cases/train02c_seismic_wave_compare/elcentro/result_b222.vtp	54849	6683e5582fc176f43b6473a3253a8197fc625c36e5555d3b006d5143f41296ea
cases/train02c_seismic_wave_compare/elcentro/result_b223.vtp	55444	935b22faa60ecae8fc9c93371fee3420b40123927aa7272939f710c2d5c7a719
cases/train02c_seismic_wave_compare/elcentro/result_b224.vtp	55370	2fc6f94131284d89ccfb002ac1b7252bf5db3826e5dfcd515eb9f091a833db80
cases/train02c_seismic_wave_compare/elcentro/result_b225.vtp	55628	2c39419af76ecf6def29ed93a073e0fc8874fa753cdf1fe36601d1ea6eb02391
cases/train02c_seismic_wave_compare/elcentro/result_b226.vtp	56073	803fa521ca0611d6ef45043222ed9aab0d649c470893f317f13b5e143799f41c
cases/train02c_seismic_wave_compare/elcentro/result_b227.vtp	55475	dfa45dcf3c0c30b2b790204fb4ceb75b9aed3402a141d68b73541d54e4eced3d
cases/train02c_seismic_wave_compare/elcentro/result_b228.vtp	55470	96c7937d8bf2a60c880000b669fcb526b7829b068898c64688af42ef38660d4f
cases/train02c_seismic_wave_compare/elcentro/result_b229.vtp	54884	9c3b677f94d397b98be88b8181209510d9a4afe95161b466bce8a4674e7c7a82
cases/train02c_seismic_wave_compare/elcentro/result_b23.vtp	56132	207af54aa2c5a667f620fd69de77d44d9506a83cd516f84a84d49785f9b99579
cases/train02c_seismic_wave_compare/elcentro/result_b230.vtp	55370	35762ce4a57958e0c5cd6a3445c251ef067554fb5455962791450b735d194df1
cases/train02c_seismic_wave_compare/elcentro/result_b231.vtp	55136	13adfaa70976a982a0f082c39e50dc210e2a9bbc16024e68a52c8524537ec939
cases/train02c_seismic_wave_compare/elcentro/result_b232.vtp	55577	1515f9c254096bc78e3b0c11803005f5a45705e6affd2edf0dca83633faddc73
cases/train02c_seismic_wave_compare/elcentro/result_b233.vtp	55541	4edbd11b82ac568fb79254bde289bf0cc5020809ea325ff6b6588c805f29571e
cases/train02c_seismic_wave_compare/elcentro/result_b234.vtp	55571	3c553111ea9aa76f1f1018a41640429ccd5aca15e01be974d913852faa6b96ce
cases/train02c_seismic_wave_compare/elcentro/result_b235.vtp	56074	73ed2fd43683f1dc78ec61e1c3754ef5cf7a2d075fb59bdc236aa17a66a382c8
cases/train02c_seismic_wave_compare/elcentro/result_b236.vtp	55419	ae1357a0472d1b1bff893f46a4de6e5fcfbb4705bce8051c49d45a9d01eb904b
cases/train02c_seismic_wave_compare/elcentro/result_b237.vtp	55130	c4cafbb46058c4b8378b3d4d2ad8e08edc92295944c5d945c1f71be3736f0866
cases/train02c_seismic_wave_compare/elcentro/result_b238.vtp	55511	45fcb78d4177893ddbbd07fe9a53a1c964c76b3b32628dc45ed88caab2ffbcf7
cases/train02c_seismic_wave_compare/elcentro/result_b239.vtp	55792	5349a106f9429e546f1931a5854b69a19c82b7b1e985f0ae48f21b111bfbb587
cases/train02c_seismic_wave_compare/elcentro/result_b24.vtp	55936	9e0d3008b7a72bafe79023024b7ecfd9ca865eefc9933426f7815f9ad96886e1
cases/train02c_seismic_wave_compare/elcentro/result_b240.vtp	56184	ec0211e97287080255b2864cecccbf5a45cef5706efc5df78c4059b949def339
cases/train02c_seismic_wave_compare/elcentro/result_b241.vtp	55487	416532ae64bbd6d8064c3e7eef2513212783d61b6a6c7c703aae335e855b7d92
cases/train02c_seismic_wave_compare/elcentro/result_b242.vtp	55293	76dacf61f13205090c1102f50e54fdff8fa0e57d2387a5f8867d56c203bcc7d1
cases/train02c_seismic_wave_compare/elcentro/result_b243.vtp	55267	bc2028f4b0c928f9ef1eb169ccaef9bc530b30a5e309b887e6d4cab5684073e5
cases/train02c_seismic_wave_compare/elcentro/result_b244.vtp	55264	6750b2c2084a6a00c2f05728e098bce65faaab0a81cf179029943d33772f0a4a
cases/train02c_seismic_wave_compare/elcentro/result_b245.vtp	55728	7bfc4fe7df8f9da97f62467f0ca40e176def055af2fa121579314d79d266ac40
cases/train02c_seismic_wave_compare/elcentro/result_b246.vtp	55787	cc6ed11b4ff686fc5c847b795cddef33d4fafcb153409dcc8d3c3060a83e767e
cases/train02c_seismic_wave_compare/elcentro/result_b247.vtp	55549	e763514c6b7a8a5201fea4cbf5e636650ed8ad3886329c1df9c69f71224d1f9f
cases/train02c_seismic_wave_compare/elcentro/result_b248.vtp	55614	f30d56ce27919bd85d9a66d59c53c2e5f443068a07d75bfedd912fd9d29edd18
cases/train02c_seismic_wave_compare/elcentro/result_b249.vtp	55572	f96fd5ea08915802cc3191da3616c6d1bdb2f61709267c550df79be8f227a237
cases/train02c_seismic_wave_compare/elcentro/result_b25.vtp	55565	8c1e344f96ded918ac00f133e725d9be4c24ead6a3daef860945036d481a70d7
cases/train02c_seismic_wave_compare/elcentro/result_b250.vtp	55262	bc23e34514df978bd60f859b15d423fa9d581d4bd608b9881a1653052a29d35a
cases/train02c_seismic_wave_compare/elcentro/result_b251.vtp	55772	09b53b27d64daf0a2b049e1bf993072e0bdd2e23f4ceac691dc5c03a2a7070d7
cases/train02c_seismic_wave_compare/elcentro/result_b252.vtp	55256	954d716b50e3fc8a261a51f8377c232e6555096b4c1076286f1cf227c77a16ca
cases/train02c_seismic_wave_compare/elcentro/result_b253.vtp	55137	f7a9563be0816caf40b55da20cc9012fc962aa6cc45c26bc83698b210b6dca5c
cases/train02c_seismic_wave_compare/elcentro/result_b254.vtp	56102	0e877410988d2de3f56d5e0b8df210e2c77e3f3677d889f0f7647a3e7fe2246c
cases/train02c_seismic_wave_compare/elcentro/result_b255.vtp	55362	abc5b8e0fd2760cc78b54ed13ea49530131b7d657ade6b0d407671c824a67f3e
cases/train02c_seismic_wave_compare/elcentro/result_b256.vtp	55499	9aa50c483417c42fa9550ae99697052fb36e0ed5047f6d038a2dc6255d6f4ddd
cases/train02c_seismic_wave_compare/elcentro/result_b257.vtp	55743	fdb0b6c79087ccc5109151bf90c2428903389ea15abce98f78f8402baaebcdb8
cases/train02c_seismic_wave_compare/elcentro/result_b258.vtp	55462	683da11f7996ae6685f41c4f752d340d24c89f78c09638d4426fb08a0cf79907
cases/train02c_seismic_wave_compare/elcentro/result_b259.vtp	55881	9aa3508377953c61773854a3e60e6e193a34f40a6ddb2ccf83574985c5a7c4da
cases/train02c_seismic_wave_compare/elcentro/result_b26.vtp	56106	f60ba72ea35ccc421f650e89fa82cb41c8836f3085b852b1f51332b8df09236c
cases/train02c_seismic_wave_compare/elcentro/result_b260.vtp	55209	90037e90524cd245143b06f675e16e918a98cc94d23fa26cf8da2e5a4ca779f4
cases/train02c_seismic_wave_compare/elcentro/result_b261.vtp	55119	e30e0b36a475505f0fc09fa94d23a59d5a7ef99d07094e7dd3c052c706450d4f
cases/train02c_seismic_wave_compare/elcentro/result_b262.vtp	54934	b7b8862d4a28740bf08772dbf642fa28df7d7dad3ed08060f317bd3bcf65f9d5
cases/train02c_seismic_wave_compare/elcentro/result_b263.vtp	55585	c62afba58368c04c047cfa37dc7e311eb160601c326b98f17227cba61425ca84
cases/train02c_seismic_wave_compare/elcentro/result_b264.vtp	55400	5697c2fa137563aab9b8263310dae344edaf6e3c78bb38cfa4ebc482920e3982
cases/train02c_seismic_wave_compare/elcentro/result_b265.vtp	55573	9e8fff1b667429aab982406491bc316104cdf29e41b3445199e7422a11814fa1
cases/train02c_seismic_wave_compare/elcentro/result_b266.vtp	56199	688cea28c6ea058669f5b1a6ead9e0033abb0415ba1efe541fcf480631003f8c
cases/train02c_seismic_wave_compare/elcentro/result_b267.vtp	56107	07f71f288f8128090c34cf14709766284b2041bf7f73b5d360f4b1db692fd70b
cases/train02c_seismic_wave_compare/elcentro/result_b268.vtp	56033	835b3dbd46d987a753d3099cbbb08efdd18a7aef250a1eb39f45fc36973c8508
cases/train02c_seismic_wave_compare/elcentro/result_b269.vtp	55514	b07d6f07dc249fd9501e77743a93475d9e58deb48ebb74ced9d89615da274e17
cases/train02c_seismic_wave_compare/elcentro/result_b27.vtp	55970	a8daa1a29a2bd26ca23d24918b272e3f4fcf476e79a3cd7ff6acff165ca56e65
cases/train02c_seismic_wave_compare/elcentro/result_b270.vtp	54918	eb557848d40b426461bcae1cd67d46802b24d9b9ed342feda383db11f7e3db1f
cases/train02c_seismic_wave_compare/elcentro/result_b271.vtp	55221	46d93e4d03c915e68ed52b35859f85203852cb803c40cc223bf610cc6ce7c36d
cases/train02c_seismic_wave_compare/elcentro/result_b272.vtp	55531	cda17ea3d117b34181734c2b89a2bdd3be948b675ba77e8df1e6adafc192839a
cases/train02c_seismic_wave_compare/elcentro/result_b273.vtp	55515	cf4ff0857f70bcbf7f9af41855e9e42eddce85790c2e5abe6d7a8525b6cd3b75
cases/train02c_seismic_wave_compare/elcentro/result_b274.vtp	55706	e85b5dba4814062ebf454c30403edf53e29d179a61c8cfdda8f47c518f2771cf
cases/train02c_seismic_wave_compare/elcentro/result_b275.vtp	55810	84a5dbe1877126771a477b3783767bf66d8cbb5674a9c42ca97841996809d4e9
cases/train02c_seismic_wave_compare/elcentro/result_b276.vtp	55109	b786dbbf2f1d19644b17e8c3f2df3a68ae7ee3030a5e829604a641e5c31c7715
cases/train02c_seismic_wave_compare/elcentro/result_b277.vtp	55683	ca47d9b805b0d8c956eb84d6440d43f6db348f5303239c28f30151088af32579
cases/train02c_seismic_wave_compare/elcentro/result_b278.vtp	55854	eeceda086bd1383274a31b87d0880ce409e0778b894f70706ee0fbde94e661e8
cases/train02c_seismic_wave_compare/elcentro/result_b279.vtp	56072	e87a48a4a2ff732aef8af737871d6283746f62c6b1466ca9e7a887a456499448
cases/train02c_seismic_wave_compare/elcentro/result_b28.vtp	55939	253fe70acd6952bbec8c7554a4d4cb42aea5702ac473bb35de34f9d1c6565028
cases/train02c_seismic_wave_compare/elcentro/result_b280.vtp	55861	63f64fd589fc11550530f32690d037c28462a818c3f11abab07d9ce973144151
cases/train02c_seismic_wave_compare/elcentro/result_b281.vtp	55260	1a6b900e66fe175fd8b92e669a615999fd81b1f850e8b016b9e6d4b9d2bc1f5c
cases/train02c_seismic_wave_compare/elcentro/result_b282.vtp	56065	78d9cae45cad0f3e8c1cf9d7d654f179ff278daa689cfd48b6c89537d41c5512
cases/train02c_seismic_wave_compare/elcentro/result_b283.vtp	55833	b6fbd7c542802b102c2b47ccdd7d1caf9c5ae088d300ec46f105505f15527890
cases/train02c_seismic_wave_compare/elcentro/result_b284.vtp	56065	e67685f75e8e00d7b9d1bf099e364c1e3cd2f4dbe182c999bd59b01a20911379
cases/train02c_seismic_wave_compare/elcentro/result_b285.vtp	55896	c40a7e8493af3b2f74ab8709f2fb912e34196d2ea8a9a7b334e5b5d580bb09d0
cases/train02c_seismic_wave_compare/elcentro/result_b286.vtp	55841	9911697bb96463f577c7fc8cfd633024d2b70da8dcc114e75b05b10975712867
cases/train02c_seismic_wave_compare/elcentro/result_b287.vtp	55561	b47354a39b4c9163f8b48e31c50043101f3c6d73f9577648992678bd3becc100
cases/train02c_seismic_wave_compare/elcentro/result_b288.vtp	55924	6326062642797d6d22ceae2cd9eadae22ed3d1010646f675c22c184f2b924192
cases/train02c_seismic_wave_compare/elcentro/result_b289.vtp	55033	212f5df3d5c79013e50977fde9ce11d81b26fb92666604dcad084e1e1ac33f89
cases/train02c_seismic_wave_compare/elcentro/result_b29.vtp	55520	1db03b9818f8acd17625176370bfd02c6164ad1176995aacfe228a4a99404d43
cases/train02c_seismic_wave_compare/elcentro/result_b290.vtp	55448	cb75cde24b4abfb69a82409f8ba5bfde92f2392105fa1f358f14af9b3f398897
cases/train02c_seismic_wave_compare/elcentro/result_b291.vtp	55515	b1b3a8b84919c9305b632dfd38411f1bc815c5b4ca955cb4dd1c4b17cbd1dc48
cases/train02c_seismic_wave_compare/elcentro/result_b292.vtp	56116	14395475b07854a7fa3b4e7f417c0e9a1202be42e078dd1bfb0c3ac10c44b9b3
cases/train02c_seismic_wave_compare/elcentro/result_b293.vtp	55135	8fd4c9805f095beabf4db9fcb30402a21538b009f35d70057c1bc34a73e6ce63
cases/train02c_seismic_wave_compare/elcentro/result_b294.vtp	56081	e1812871dec29f3b81936938db2c6ac677048497749ec0b1e846d633c8ae4855
cases/train02c_seismic_wave_compare/elcentro/result_b295.vtp	55789	2409b1890110351463f134a37af0fa2e920f0389a928d120d5574e473d3df96e
cases/train02c_seismic_wave_compare/elcentro/result_b296.vtp	56118	3d5820767cc15090d34093e2aaffcaada7472eaac2e41e5de6611d440c003fff
cases/train02c_seismic_wave_compare/elcentro/result_b297.vtp	55373	fbd905d10d7974a459db9874a277d45cb163ff3858b8e79addc1f585523ce8fe
cases/train02c_seismic_wave_compare/elcentro/result_b298.vtp	55590	d747ce8bdb1793ab723cd78592f2d05d9c315c654e6c5604e8b588e1acaf6e8f
cases/train02c_seismic_wave_compare/elcentro/result_b299.vtp	55566	c81d6bfedfaf8ef2b39b468dd1a8d76af4ef1b0fdaf3ed3827b2f270b4846e33
cases/train02c_seismic_wave_compare/elcentro/result_b3.vtp	56115	7f38ffd7a298c43f48de0303cbf5652ece35f4beaadd4c1ffa8bdb2c7f3afb64
cases/train02c_seismic_wave_compare/elcentro/result_b30.vtp	56086	27405a6a5905c8d0fec2a097d40a19ad446a3fea23c5c7d2356d0e1ed9f81224
cases/train02c_seismic_wave_compare/elcentro/result_b300.vtp	56129	41ffdbaad7d64563faaf524312326cabc4416cf53771aba04d004528dd981d6a
cases/train02c_seismic_wave_compare/elcentro/result_b301.vtp	55487	1b9f814eda564f84b069d285784d194a36cabd0aaf84723b25716d7cb6c7a56e
cases/train02c_seismic_wave_compare/elcentro/result_b302.vtp	55574	1b7c539ebbfee36a1b73c84b8513eab1b115d170d5f1773c51c6dfdcd74f7e53
cases/train02c_seismic_wave_compare/elcentro/result_b303.vtp	56007	e63a70273b9d3faae01de0473336ecaf312e943743b52478e5fa47709f422a5f
cases/train02c_seismic_wave_compare/elcentro/result_b304.vtp	55360	f6335ac95be0a855497a473088eece8451a4244c1fe45cae950629d08c3a1ee3
cases/train02c_seismic_wave_compare/elcentro/result_b305.vtp	56139	9f24d5152e15c7cb88687ca5359ca7a215093ab2ff94b473c573bd5959093d9d
cases/train02c_seismic_wave_compare/elcentro/result_b306.vtp	55442	f4d4f6c564fa7001d87acba0ab36174848fa3a7ae1a590b7bad20a2330b167df
cases/train02c_seismic_wave_compare/elcentro/result_b307.vtp	55932	3924409d45988a09ca0790906381efee1b0435d9ee479fbeb2b90d7d94908592
cases/train02c_seismic_wave_compare/elcentro/result_b308.vtp	56079	1d26789eea0d4cf240d0ab6d285205cea4e2fdf5e2c96d379676423865839a69
cases/train02c_seismic_wave_compare/elcentro/result_b309.vtp	56122	795132b1817699de0969f4422381480a328cae9e2bc56cf23a1efd18dc1bb855
cases/train02c_seismic_wave_compare/elcentro/result_b31.vtp	56079	a7c34b98fab79e367d1a861440c22a7a70c3bc0f132acecb449a8303b1e1e0fa
cases/train02c_seismic_wave_compare/elcentro/result_b310.vtp	55885	0bb860f924de59c2b23bc65ac33ae2c505d669b87fbd8f444e4dc0e748d15c6e
cases/train02c_seismic_wave_compare/elcentro/result_b311.vtp	55584	d8383f1499e3d48bc4e5efb3a835672c7a9fbbf6dc386c9297a96e341bf0f38b
cases/train02c_seismic_wave_compare/elcentro/result_b312.vtp	56102	b07970d9c848e85fc5f9c7b03346b8f384a52175495ae9f72a7f73184cc822e5
cases/train02c_seismic_wave_compare/elcentro/result_b313.vtp	56132	6b5470f29d339d85ce8bee65958adfb18792f841b858405f2712fb7b9b8904c6
cases/train02c_seismic_wave_compare/elcentro/result_b314.vtp	55531	77873c8b0100141b3540503cd97ab704e74bedfe7c9043f41389d83f5381c3e9
cases/train02c_seismic_wave_compare/elcentro/result_b315.vtp	56073	2fca88b8ef03ca7ca20a5699ff0a09ca0d0d6931a15467f79c8fd6959086614c
cases/train02c_seismic_wave_compare/elcentro/result_b316.vtp	56168	8e1b8e738abe67fb8ae6a312c837ba2907e7a406144c6c89a71a9cb6a356e883
cases/train02c_seismic_wave_compare/elcentro/result_b317.vtp	55565	2f560fc4da5c39c796ad340862a2190ae05dcfd88cdb07105a5c1612883c1f49
cases/train02c_seismic_wave_compare/elcentro/result_b318.vtp	55501	08570d3c00c4accd8eb5b9f769f62821d7e2b9649a75360929e22f54f5e9f45e
cases/train02c_seismic_wave_compare/elcentro/result_b319.vtp	55588	ddaeaf1f8cf81f95c44b6f870fe3f390961a5a7056dad749167677ad774ad7a2
cases/train02c_seismic_wave_compare/elcentro/result_b32.vtp	55821	334b9500753ecfcec23c0271fbb4fbba28d409e9ee3cf906226130e4a1eb6f3d
cases/train02c_seismic_wave_compare/elcentro/result_b320.vtp	55782	2b9c44331ad201135f7d57ac162dd3e46e155e7afbac8975ac7ca5bba48b9e39
cases/train02c_seismic_wave_compare/elcentro/result_b321.vtp	55443	f61633c69cc8dfb65eb139905d1b9b07e8210dcff39ca0e25399751243efc5de
cases/train02c_seismic_wave_compare/elcentro/result_b322.vtp	55567	82f45da14825ced46039277f928fc45babdbe64c73fa7488f1389f296e89c9d4
cases/train02c_seismic_wave_compare/elcentro/result_b323.vtp	55466	9635ce313b6df5c9fbbbaf1dc84f0b8a38e39754d1d488194c6fcfb4e6348d8e
cases/train02c_seismic_wave_compare/elcentro/result_b324.vtp	55892	3dbfd22b2dd3eb4e7825475a41243bec97069e4c54688f0d515d86283c459176
cases/train02c_seismic_wave_compare/elcentro/result_b325.vtp	55529	622b1e6004dfd360c3cc09b49d26ee35ed0b5c8780dec8288e4bb573962b30c8
cases/train02c_seismic_wave_compare/elcentro/result_b326.vtp	56119	551b95a4a4b7b706839d5a298a2e9a4cd6dcb3718c30bb31aa2ab1c0fcf6dacc
cases/train02c_seismic_wave_compare/elcentro/result_b327.vtp	56133	d7c5e98c9d15e3ca9f68986817ca8224d20935e01e6e1c0019dd7357729281ec
cases/train02c_seismic_wave_compare/elcentro/result_b328.vtp	56069	1abbea3607f01a0036721272b18caa1260b7977965ac541d64d81f395e2148b7
cases/train02c_seismic_wave_compare/elcentro/result_b329.vtp	56139	b28845fd2b24761506e0655f58462e1acce2e3cdeb17022b24958ccbfc8fb1d6
cases/train02c_seismic_wave_compare/elcentro/result_b33.vtp	55480	9c22028b01fbc4fc1781583f2d1fffe23f2743edcf1334a1beed02e2bac79f6f
cases/train02c_seismic_wave_compare/elcentro/result_b330.vtp	55589	d663e67009d276e056ea6aea751c4315296782db1e8bf4322aa8ff2eff4e3335
cases/train02c_seismic_wave_compare/elcentro/result_b331.vtp	55626	16728ed5c8a8ce9ebb5efa07ff8c87e9e127fafee46bcbc41be2255ccb47818c
cases/train02c_seismic_wave_compare/elcentro/result_b332.vtp	55650	1b9a1d06d596237b33c833b4d90cda3e64722c9342e4fc9516bbe253f71bb37b
cases/train02c_seismic_wave_compare/elcentro/result_b333.vtp	55892	4a8b16040b4b8aa42deb0398b84352cffd4def961baceea9f2e86d69be17b1e7
cases/train02c_seismic_wave_compare/elcentro/result_b334.vtp	55569	7116f93f6c014c70e668a20553e536c5009530f190b0b74e7120ee0b6111488a
cases/train02c_seismic_wave_compare/elcentro/result_b335.vtp	56070	8cdd77574cda1a9b282101c6d22fbae0737d332e67cae526f7b47e6112e4e6e3
cases/train02c_seismic_wave_compare/elcentro/result_b336.vtp	55918	7a5888c9c340ea8a00705504cfa8e3bea5b199d39ade6221652d03e0b1dc540a
cases/train02c_seismic_wave_compare/elcentro/result_b337.vtp	55535	ea63aed86c8a52b350abca17403eef566addb6a9eba8bb2506865489be6f6239
cases/train02c_seismic_wave_compare/elcentro/result_b338.vtp	55534	0f61daf1bfd05bc8e80d744611a2ee7de73f3ff650f2c699ee897625a253f467
cases/train02c_seismic_wave_compare/elcentro/result_b339.vtp	56089	a16ddaf338863861e0bf40c452f1eac53a1c4915659b27477c69e7d971d267b1
cases/train02c_seismic_wave_compare/elcentro/result_b34.vtp	54921	2fa386c202783656a981b667bf5941c25d5b2b75f90b8b92cde34a53034a5c4c
cases/train02c_seismic_wave_compare/elcentro/result_b340.vtp	55571	ce619bd00913228e4e272550eb26a09a2ee504cdff17ebf6c314848c6e829bf6
cases/train02c_seismic_wave_compare/elcentro/result_b341.vtp	55608	656523d70007496f033a178fe8fd8b8ee9334b4414f67264620224dfac125591
cases/train02c_seismic_wave_compare/elcentro/result_b342.vtp	56154	9b55685b5b22c539a7081a94d914a41b27d8d717dd229421324bc59bb258067d
cases/train02c_seismic_wave_compare/elcentro/result_b343.vtp	55557	19d6ccb3b91f345149ddad261429fec3fa2785d99b34162564fdfc8e58c19287
cases/train02c_seismic_wave_compare/elcentro/result_b344.vtp	55566	c3b43c219464ce7a6d959f1868d21cde1e0291a68985da862f929f1611cf76ad
cases/train02c_seismic_wave_compare/elcentro/result_b345.vtp	55379	b30946f214865e74ce3adf50f1d351ce574828841bbc12a288e7d605a353decf
cases/train02c_seismic_wave_compare/elcentro/result_b346.vtp	55496	6aac6f99e3228f51923d3241df5e98967d78008216c4672f5cc23424c4666a81
cases/train02c_seismic_wave_compare/elcentro/result_b347.vtp	56104	517f34cb76841c156d3094fcb50edc7892316666a6609336a6cf02fdb86e5413
cases/train02c_seismic_wave_compare/elcentro/result_b348.vtp	55559	356eb8936e76adaf60fa1ff28a00c246974bf626a84a94ee682afe845a6c69c4
cases/train02c_seismic_wave_compare/elcentro/result_b349.vtp	55595	3d0e2acbf8f64a7495e4a92c02e36c8cf42e9b31de9b59c8a51bf930d4b367f1
cases/train02c_seismic_wave_compare/elcentro/result_b35.vtp	55404	12f89224e96e3afd77d176f3c99c473c84ec8f0f0c26f4efa0a187b356496ff5
cases/train02c_seismic_wave_compare/elcentro/result_b350.vtp	55634	1b0c3a9acc128b6f57aada28044d4559503bbede342243504b5768ec78017d30
cases/train02c_seismic_wave_compare/elcentro/result_b351.vtp	56112	875ff48665a654b6740c6a1a92f062ad2ac64faa54b226fbb0833c310656ce37
cases/train02c_seismic_wave_compare/elcentro/result_b352.vtp	55878	488b952476b2654162c41df23b49d2d54435eff459cad836e6a9026246756230
cases/train02c_seismic_wave_compare/elcentro/result_b353.vtp	55598	7d6ffd6a4bfc5a851d2bc7d3aa648de84de39259e3d913ffe88cb77e3dbf8bca
cases/train02c_seismic_wave_compare/elcentro/result_b354.vtp	55563	765ed0fd4b76256c759fc9e6a9538e2a5b8828d3b1739a33af9c71083202d0ef
cases/train02c_seismic_wave_compare/elcentro/result_b355.vtp	56124	62b248ed07b4d8ae9deba26de416f11ad5cbc6e65254337234c25924d0807a7e
cases/train02c_seismic_wave_compare/elcentro/result_b356.vtp	56190	30460a788f69c5c237d9130152c1fb13fd84fa49a15293a8acac0ca184a9cada
cases/train02c_seismic_wave_compare/elcentro/result_b357.vtp	56112	11a5df6581c7ad56153958c333d9be4d8ddf882f9d0c1e0324ef50b73a3574f1
cases/train02c_seismic_wave_compare/elcentro/result_b358.vtp	56155	860b08f34a406ac5ee24524c43f38330e5d2da0120a074ec38bf097f7b103e78
cases/train02c_seismic_wave_compare/elcentro/result_b359.vtp	56140	8d2f7a4c6974429bce82223634b82a4066b7a1692707018981ec7424fd6ee94d
cases/train02c_seismic_wave_compare/elcentro/result_b36.vtp	55039	d1a1dae5030e5c59d5519b1c7e1e568357c17850d05d19bb7e157822d00f95ad
cases/train02c_seismic_wave_compare/elcentro/result_b360.vtp	55253	943be5844b70063932aba949f5acc75d8f75cd77fd592d024053740882791ce1
cases/train02c_seismic_wave_compare/elcentro/result_b361.vtp	56101	e1888d9d2948b672d98fd737fe907cf2b154b1a6ce9923aedc1c6d5197cfdf64
cases/train02c_seismic_wave_compare/elcentro/result_b362.vtp	56123	a931e3d14665f4da1190ed3c2ab40e4996863b48bc662291bc34abecf9f9e786
cases/train02c_seismic_wave_compare/elcentro/result_b363.vtp	55565	426cdb4df805705d56189cabca74c031307b56b4b1b7f3a0e93d8907f516ac20
cases/train02c_seismic_wave_compare/elcentro/result_b364.vtp	56178	b6e75a1bbf25ebdc0a7a5934eb95225d9e9a0170bc2f12ae035dc2b361f509f9
cases/train02c_seismic_wave_compare/elcentro/result_b365.vtp	55911	f47c740bc71382dadcd820407045575cdcad7d87dfc985fdcb4b79ca91c1e307
cases/train02c_seismic_wave_compare/elcentro/result_b366.vtp	56183	b5e0e423d8f84fdceef559e0f52631c90258b0ad221dd855853aeac8f7835a41
cases/train02c_seismic_wave_compare/elcentro/result_b367.vtp	55590	40e730dad5dfdc79fd7a8e3a760d5713943e662e6088956f0049027e0387680f
cases/train02c_seismic_wave_compare/elcentro/result_b368.vtp	55567	64dad820149fb963abd6e0229e88631d06fb33471c49ab351f5f6933efe61774
cases/train02c_seismic_wave_compare/elcentro/result_b369.vtp	56104	e3b4b7686bafd0ec9efc103265f280ac7154f0b5defce209780b3a2154999000
cases/train02c_seismic_wave_compare/elcentro/result_b37.vtp	55077	b756628fb48b653c58e5b42dfde37bfa8de2da40bba629557d8e43237ac46493
cases/train02c_seismic_wave_compare/elcentro/result_b370.vtp	55645	271788f94258c343d2576ac26c45c0d16517320d8c2bac87b4f345031c564c3d
cases/train02c_seismic_wave_compare/elcentro/result_b371.vtp	55590	f9214d90a9e4ed9707c41ba11c4469644e721fe37b713729fe3c66c04cabb240
cases/train02c_seismic_wave_compare/elcentro/result_b372.vtp	56119	34c35032367854decb1daa81e97d8dd1b6b4f81a7820c31cf4f52442569a2480
cases/train02c_seismic_wave_compare/elcentro/result_b373.vtp	56119	e206cf9547e13b2c8bbfddbaee3fcf74de6bfb2336ce437a50afc2d0b8ed5f8f
cases/train02c_seismic_wave_compare/elcentro/result_b374.vtp	56167	f76cb79d7d237ecfb1a800c0547d705602dae95d72736e65572000ce7ea23eff
cases/train02c_seismic_wave_compare/elcentro/result_b375.vtp	56135	097029c1d54ab5a7f3e87d0346485eae759efa8906929d548d088be56ea594ab
cases/train02c_seismic_wave_compare/elcentro/result_b376.vtp	55589	87fbc2af45aca898a76cb15771a5879e4367deeff9a8f756090d274353fbdef0
cases/train02c_seismic_wave_compare/elcentro/result_b377.vtp	55558	d5b213f2b1e3f9e9ed9694ada6042f28298487cb6a79089ccda1f28d4c942d1c
cases/train02c_seismic_wave_compare/elcentro/result_b378.vtp	55536	f1c3e12c713fd778b66c46fb46c15351157cd20649bd227a43dccd829bd67c3b
cases/train02c_seismic_wave_compare/elcentro/result_b379.vtp	55562	bba433a1dff2e4a3af3b94c77ffb096d74c904d6f9a7f281165f580d11e19c48
cases/train02c_seismic_wave_compare/elcentro/result_b38.vtp	55303	c4ec19156a387d58bfa5026a0f9c8a4820d453be67e06961066906e1766b17cd
cases/train02c_seismic_wave_compare/elcentro/result_b380.vtp	55584	d9b7d8bb71044822a5236087b18479919d91a0cb44470870bc628caa5a394d33
cases/train02c_seismic_wave_compare/elcentro/result_b381.vtp	55633	4f39ff78cf39297e13ff63b178366d84179da3a5950f5b1e17e54dd9e57b24e6
cases/train02c_seismic_wave_compare/elcentro/result_b382.vtp	56116	48670b672edf268d555e944047f40f31f68ea15b2a778190b67e4ca11b92f184
cases/train02c_seismic_wave_compare/elcentro/result_b383.vtp	55556	f2a789686327b160993e6796148148588d2d597f4742ec6ded677ceada96530c
cases/train02c_seismic_wave_compare/elcentro/result_b384.vtp	56089	14f77e94ca2f0e61e2ef7b27e3cd8c78b0788e746b3c300b6526461266711e15
cases/train02c_seismic_wave_compare/elcentro/result_b385.vtp	55538	98ea9703696453ec60708c3ae3dbf7fecb7d302deb12131523b121d0087accf1
cases/train02c_seismic_wave_compare/elcentro/result_b386.vtp	56163	95c68addb6e64850a389f0aabdda7046df5f412b9ce82d4ad5745fc094b093b4
cases/train02c_seismic_wave_compare/elcentro/result_b387.vtp	56215	f0228f49b30d8acc1014f496875ac354e3ba5a8b3926e9904e2b4493d966261a
cases/train02c_seismic_wave_compare/elcentro/result_b388.vtp	56054	80aa31184d92f043cfd8b3580cbba045ce2ec5e0d13f435abff47dff8317e5f5
cases/train02c_seismic_wave_compare/elcentro/result_b389.vtp	55578	01fa7c788cfe639f5f88a2796803b498269a82e25c2ee0ec31d0adb332f16450
cases/train02c_seismic_wave_compare/elcentro/result_b39.vtp	55423	853f56944b135dacdd8d423107cfe70d0bcdaebb778fd95fa0c08a0f928d24ef
cases/train02c_seismic_wave_compare/elcentro/result_b390.vtp	55551	fd57f1743b1bef6c9beb0f4c6567f0e5b60c38282069993c7a9f348f30dd4903
cases/train02c_seismic_wave_compare/elcentro/result_b391.vtp	56136	e5130040ff4d126f311d50196e7d08d54b17adb82e3dda944dd81e850e5898b1
cases/train02c_seismic_wave_compare/elcentro/result_b392.vtp	56167	1d1aadcd633c29745786d11c78db9de56497945f4e46be995b363fdbf97ee308
cases/train02c_seismic_wave_compare/elcentro/result_b393.vtp	56097	98bb2832e27cf33abdc5ec97508ff15e7f366ab221f1065ac4e883e21c9622f2
cases/train02c_seismic_wave_compare/elcentro/result_b394.vtp	56171	5aff21bf763494bcf045211fc0bf7dae6fd4a2ed85774f9180564bb35ff84bdd
cases/train02c_seismic_wave_compare/elcentro/result_b395.vtp	55558	2fa488ef03106706b8c94041d424a06ad730b20f80bc653ef4e83557f9d32098
cases/train02c_seismic_wave_compare/elcentro/result_b396.vtp	56085	ec8a4f93859f6a01893c68fd6385663ccda9651a30534caedb83aa0b2d3debf4
cases/train02c_seismic_wave_compare/elcentro/result_b397.vtp	56140	fe27918db4aa1abe1a2adc58138960c22544089d2e7580486fa729e6fdb9d8ab
cases/train02c_seismic_wave_compare/elcentro/result_b398.vtp	56074	790128fd1fd3d7c54a7f40478104970436bfa582a090af2a9acbc8c39b2da935
cases/train02c_seismic_wave_compare/elcentro/result_b399.vtp	55565	f62fdf1864abc1613d2ba735da277058b46cc8e3170f17d2ea727d0facfc70ee
cases/train02c_seismic_wave_compare/elcentro/result_b4.vtp	56765	a56bc57e5c576334d3241fe86aa888863fe6f28e46043dd513f81f414972828a
cases/train02c_seismic_wave_compare/elcentro/result_b40.vtp	55785	e996173a300854be59e376cce1fe68ea9f7cb56d084af8af89f19bd3131d50f9
cases/train02c_seismic_wave_compare/elcentro/result_b400.vtp	56099	d61794b0bc5da22387237654be5f98d4feee2b2bde1c69c72d43ce76411f10ba
cases/train02c_seismic_wave_compare/elcentro/result_b401.vtp	56102	51c9d5e65304814887b8f97fc66a3c67dada018e5a025138106727972cb6b539
cases/train02c_seismic_wave_compare/elcentro/result_b402.vtp	56098	622791a956685f1d6474b123c69adb03785d8e4cced7aea2ff151aaee2393ecd
cases/train02c_seismic_wave_compare/elcentro/result_b403.vtp	55541	16990782669d362aec479c5faccc0906d4e663cc3b7e982e6bc407b4866336c3
cases/train02c_seismic_wave_compare/elcentro/result_b404.vtp	55531	810ffd60d50ccb16637d6e2fac2773e1bd0f1bfc1f56cf2d6294b2642e2d9089
cases/train02c_seismic_wave_compare/elcentro/result_b405.vtp	56199	a05d4a87eaa4e1988846cb76e1ef18e9025394e09fa68ee83f552c0431d6a4b6
cases/train02c_seismic_wave_compare/elcentro/result_b406.vtp	55559	0ffeb998d0eb8dc142311afd1de28779349107cbbb2f7194b075b8bd28e3f3f0
cases/train02c_seismic_wave_compare/elcentro/result_b407.vtp	56096	6409c9ad996823784bf2dcb27eb0b718f6c346f271fd0af1cee7b5de69fba5e7
cases/train02c_seismic_wave_compare/elcentro/result_b408.vtp	56114	47617142837f992e67d67d77cc72416a819b0db66a21afa404cce02b6e0fd18e
cases/train02c_seismic_wave_compare/elcentro/result_b409.vtp	55546	77a642eb784b7f90f1d8ca677ca75c6b3a57f2b6e78d585eed3809a2d8d82350
cases/train02c_seismic_wave_compare/elcentro/result_b41.vtp	55718	36d233fbd033dcdaa3e85305ffee6adfc89feb5b9fb59efd4d23687b08f7a714
cases/train02c_seismic_wave_compare/elcentro/result_b410.vtp	56096	4fe2b1c8c6f5f557f0e43eea97e47af07549268f6ad557e964f73f99a8762609
cases/train02c_seismic_wave_compare/elcentro/result_b411.vtp	55558	996ef74a1dd54349d56845d162af9052e94d956b09e3a04fff63e1774a046fa3
cases/train02c_seismic_wave_compare/elcentro/result_b412.vtp	55673	1072603300aaea1961ff04af913a40c3aa0bd60ec86dd028c9b0e1a2bc27e4ee
cases/train02c_seismic_wave_compare/elcentro/result_b413.vtp	56070	84639550d1479ad6fa9f55ace51aede19d0a2874fd9ff49d4a98f158819ad7ac
cases/train02c_seismic_wave_compare/elcentro/result_b414.vtp	55596	62f778dfa192433e370b1e85755d10aeb1267f2dff2dbc9fb0324a5c68d8a989
cases/train02c_seismic_wave_compare/elcentro/result_b415.vtp	56095	642e2af8c87638f7f3ccbaf0014af086be24eb332af3830e4a9ded23fcd72558
cases/train02c_seismic_wave_compare/elcentro/result_b416.vtp	55593	865183a7c998681a90d185e83ff36c27f8dd9bc8ae72d4e7a151a4c26dafdbbf
cases/train02c_seismic_wave_compare/elcentro/result_b417.vtp	56124	db26eae7451b7e096e6e558e45ef127ec2c92ed2843f88981e40a2cd7b03351b
cases/train02c_seismic_wave_compare/elcentro/result_b418.vtp	55546	561de5f015ea2df12dac30731918524e5196e078d66f47bfb4697dfe3cd0a4d9
cases/train02c_seismic_wave_compare/elcentro/result_b419.vtp	56063	981624b1aa53ce8f8de859c48ab73c55b19f1915bbdd693dc4d4fbb9c4537df7
cases/train02c_seismic_wave_compare/elcentro/result_b42.vtp	55190	89c1073950f7e242d8218b3bad6d90944fa13666b8c4010527f9851ff8caa298
cases/train02c_seismic_wave_compare/elcentro/result_b420.vtp	56108	729a8041eea735c4d99964c92fe6950d275959972ff7e0ecddc898a2e5b1d701
cases/train02c_seismic_wave_compare/elcentro/result_b421.vtp	56159	94f2e601406a18ca91ad9be0d88f5f8b6ee6a9c1656430947c6ad2893e5e7391
cases/train02c_seismic_wave_compare/elcentro/result_b422.vtp	55747	9bc549ee0c7b3a03ecae406295e50472f7f23faa5f4622b4d7a67a3686fd3dab
cases/train02c_seismic_wave_compare/elcentro/result_b423.vtp	56214	e80406c26c2be9e301e04ab335ea0b87d93d3f64bdc5b151a5e08327c9058882
cases/train02c_seismic_wave_compare/elcentro/result_b424.vtp	56130	8e5980a825d8d84a551bcebef956dea530c999279ab2fe6a67fce946ac00e5ae
cases/train02c_seismic_wave_compare/elcentro/result_b425.vtp	56100	1f7c309cb8f4a3eb45ffbfd879c04250bf39de6444ac4dc48b4ba7db9f1891c3
cases/train02c_seismic_wave_compare/elcentro/result_b426.vtp	55685	50475d8cfe35e41490c9823d2256df14c648a7c72e6c8dbeaab6ece9c83acb28
cases/train02c_seismic_wave_compare/elcentro/result_b427.vtp	56120	c22430c9047c2a53066ed72c4a1521f4c7e34d69f92c58bba9c6e23e78c2cc9e
cases/train02c_seismic_wave_compare/elcentro/result_b428.vtp	55548	1e61e91d58dc4749515b8b5b14c12bb63eecbd01fd82073fd4809c1cb0e396f1
cases/train02c_seismic_wave_compare/elcentro/result_b429.vtp	55581	611242617402e6777d785282a072df12d3558f0ade910cbf4709934b2bc3fa76
cases/train02c_seismic_wave_compare/elcentro/result_b43.vtp	55450	7174eb7d6321b015e020f637fcc343518d33b4fe6a5c716fca7e848dc43d13ca
cases/train02c_seismic_wave_compare/elcentro/result_b430.vtp	55575	bbf643ef03b4f66a73ce0c3e9b30e8b8076ddedd7ac228bc473997bbfd989e94
cases/train02c_seismic_wave_compare/elcentro/result_b431.vtp	55620	87df9404f029be80c475ad001baa03134728a7b4494140686578ece53f6ae974
cases/train02c_seismic_wave_compare/elcentro/result_b432.vtp	56130	4aa8ee9d4bae671e4dd5bfc1724be41444b7e606abe9e8b54610c1dbf53992b0
cases/train02c_seismic_wave_compare/elcentro/result_b433.vtp	56143	6f3b4e46cb02ececf3ad9858e86ef2a691f7ae7fc2dc76da8b3f9672c8a7408d
cases/train02c_seismic_wave_compare/elcentro/result_b434.vtp	55617	d05ed0ee2b2bd9861c53d2cb10b0e3bd223ccdc21521569483e9ea9ce4281358
cases/train02c_seismic_wave_compare/elcentro/result_b435.vtp	56110	805229d5c09f4bc59b8bd680210b0cfa07407cfa8b6d584d7bfcf4b35a959a36
cases/train02c_seismic_wave_compare/elcentro/result_b436.vtp	56115	ae690346a399613c14470a664bb072a8c58ef79cf1aa84d0fa640c782d24fb67
cases/train02c_seismic_wave_compare/elcentro/result_b437.vtp	55508	8f02a55c48ba3ebaebbae35ae5614d827412c6721bf021cc1736fba0227dd03f
cases/train02c_seismic_wave_compare/elcentro/result_b438.vtp	55529	f471cb226c03936bb25bb58ad4f3b785ab4a24ea6cc4cef859ae121e49cf26a3
cases/train02c_seismic_wave_compare/elcentro/result_b439.vtp	55578	87326052149f3d9153daacab1d5610c21238341feb6cdbba5607a3633726523a
cases/train02c_seismic_wave_compare/elcentro/result_b44.vtp	55835	ef23bdf1ce27067e56b4ac897386874a8d5a651288e4cfc9c5c8443f4799b8a2
cases/train02c_seismic_wave_compare/elcentro/result_b440.vtp	56138	a428cd0bad618a9c82fb5cbc5d40218d0059d640215a8682a514ef7d1da0ba41
cases/train02c_seismic_wave_compare/elcentro/result_b441.vtp	55561	1eae24a111e11444ab87b44db6e55937841ffd663a24cacf9c5f011bf0638a21
cases/train02c_seismic_wave_compare/elcentro/result_b442.vtp	56081	9552f1d25006b53846b0b70cfb68001f84f8ff8a43ee8f56cf53fe2e7c502a79
cases/train02c_seismic_wave_compare/elcentro/result_b443.vtp	56152	fc1a595906824edd16986f011c21da611ee84faf3ec35fa75e7b60d41cd449ce
cases/train02c_seismic_wave_compare/elcentro/result_b444.vtp	55571	8b3762b3fff8c2c56f6b5bcfefd16923054fbd2fbcd614078ba8928b515d0fdc
cases/train02c_seismic_wave_compare/elcentro/result_b445.vtp	56100	9298b1ffc567a9c68119f04492b513e223807bef3c9ab8026076e19fc107c406
cases/train02c_seismic_wave_compare/elcentro/result_b446.vtp	56106	2b4efefc1ac82e1c2db4d094b4aa7eeb8f41e352f4460fa688e669c0f58e0157
cases/train02c_seismic_wave_compare/elcentro/result_b447.vtp	56105	2347c17dc6af74f2580c2f5d5021ae6fe51b83d9c3369a38d5650ffc80c1b212
cases/train02c_seismic_wave_compare/elcentro/result_b448.vtp	56141	d672e49242fe9fcf4a328b117b310d318af6a7f91f896feb39d88434e5b20a34
cases/train02c_seismic_wave_compare/elcentro/result_b449.vtp	55577	fed4db19d8cd26dbd7e1e2c63f6c47700f656390ecc16c5e6e294150da2733af
cases/train02c_seismic_wave_compare/elcentro/result_b45.vtp	55974	53403940862e381b39a73f047c8bfbe247c5ec69ac283cc156b69a51434d78c2
cases/train02c_seismic_wave_compare/elcentro/result_b450.vtp	56096	c231b86b02d0d9048aaab27dc2400fbdf8ca5d19b914639519068265cb2ff6c4
cases/train02c_seismic_wave_compare/elcentro/result_b451.vtp	55533	abda2d305845deb24b470df35e2e71feefed0511dc77cfbadd85f843dd92c538
cases/train02c_seismic_wave_compare/elcentro/result_b452.vtp	56144	aee51bbcc03ca6429af6e90691452ac3d3037550a09577e1245a2ad12e4bff28
cases/train02c_seismic_wave_compare/elcentro/result_b453.vtp	56116	0536efd86c5864ee3fabae3f86ebc9ef4e2d45c39c069c383bf7d393b918b1ee
cases/train02c_seismic_wave_compare/elcentro/result_b454.vtp	55592	82901f23f83339bfa4cf6f9f9d66e286e5512ea6791df9bd76a40f1d04361f7e
cases/train02c_seismic_wave_compare/elcentro/result_b455.vtp	55552	01effe9de13fd0dfc54a7d9d1bc0645428a282369f840a3805e8bb84f1c768b7
cases/train02c_seismic_wave_compare/elcentro/result_b456.vtp	56132	6daca67160e75a7ff5c1d20eca8786f489b42668d57b20689a1e986603a1ee0a
cases/train02c_seismic_wave_compare/elcentro/result_b457.vtp	55552	5b3242db13d1f8468513a86051bcabf869d30ff9a641c4a1fc4d264116a83f74
cases/train02c_seismic_wave_compare/elcentro/result_b458.vtp	55558	6abc7b52e006ccbb4ff5e9789d0a7f2a0715b7641b51484fe371b13584cbe995
cases/train02c_seismic_wave_compare/elcentro/result_b459.vtp	56108	822b968e421c9e0ab439abd6abc152def8a01f2c90e95aef7beebc35cc2e68b0
cases/train02c_seismic_wave_compare/elcentro/result_b46.vtp	56117	0b1770dbe546264cd07dbb78839bcb8d2660047f924c571b4640c3c4f836b5a1
cases/train02c_seismic_wave_compare/elcentro/result_b460.vtp	55600	de3f0b42b8089faedc3a0f110b8945d00ad95309d2dd4fba16838d4269e41f17
cases/train02c_seismic_wave_compare/elcentro/result_b461.vtp	56099	1dcc56cc4bbfd5d3194e0203735c3e205bc44867c5ee5a5e55a09942b592e675
cases/train02c_seismic_wave_compare/elcentro/result_b462.vtp	56086	d93e99ff55853a414a4da43f514fe286542c7063a7705040b184b492d0457d24
cases/train02c_seismic_wave_compare/elcentro/result_b463.vtp	56118	537e61f36235e7f0714b88463e07f454233e83a233ac27119b6770f8ea6b0e72
cases/train02c_seismic_wave_compare/elcentro/result_b464.vtp	55560	c92a828f544e6420cdd57c0d20c1e97ed0bee593475b7b9cf7c16fb1bf93bcfb
cases/train02c_seismic_wave_compare/elcentro/result_b465.vtp	56091	93a58d2c94953f73823113f896b8eaecb252a204958a0637e81ea03a4fc5dc93
cases/train02c_seismic_wave_compare/elcentro/result_b466.vtp	56067	ae28256989a2d9e35ef85a79cfe8a622b10d4791407c0bce76bad78c9c8841a9
cases/train02c_seismic_wave_compare/elcentro/result_b467.vtp	56115	51ff94cf94453da411c443da0a701d696575f7dae950401183f2900eaf91b556
cases/train02c_seismic_wave_compare/elcentro/result_b468.vtp	56146	c1a7e94095298daee7e50cdbdf55c21415a851315bac538a77299b835a89132b
cases/train02c_seismic_wave_compare/elcentro/result_b469.vtp	55585	3123789e63704d47c14d43709d472a1e524cd087866c8bfaba7cb5408869377a
cases/train02c_seismic_wave_compare/elcentro/result_b47.vtp	55436	397bc8f5e72576b36fd2e6f530c43087d3c709a2cfbb5c99b7837e3d2cbc06f7
cases/train02c_seismic_wave_compare/elcentro/result_b470.vtp	56107	544983edb603fdd62ce12e0018008260291b38ac5470f3be7723a8901e69a8fa
cases/train02c_seismic_wave_compare/elcentro/result_b471.vtp	56085	604e3a8401b94c57186f74ade9c3826a57799b110a5a68a159262b874b01f6d2
cases/train02c_seismic_wave_compare/elcentro/result_b472.vtp	55556	f84c8ce12712231a76b5dadd3afc403e2015baa3d4ed1bbb4b2b01fb3e0559aa
cases/train02c_seismic_wave_compare/elcentro/result_b473.vtp	56105	da46f1a16f3d32a101a90d3bd55e7394ce5c6b13f7744f663c6d99975d4e2c35
cases/train02c_seismic_wave_compare/elcentro/result_b474.vtp	55502	fa2c612cf276a463f3c6af6fb4c14d5638d70a01af1ad97e74d17a2f5cb5dc03
cases/train02c_seismic_wave_compare/elcentro/result_b475.vtp	56076	d6114456335d7c1401bb1291731806257f68691bab285b441c8cb667d660f48c
cases/train02c_seismic_wave_compare/elcentro/result_b476.vtp	55528	c5d75678785851d10ae23227870fb910b1edfd965a1fd3d815d294b7e94ae4b1
cases/train02c_seismic_wave_compare/elcentro/result_b477.vtp	55566	82a5616c08100970a93c6d1e5238a7df3cda53067405147cec8154b0674bd48e
cases/train02c_seismic_wave_compare/elcentro/result_b478.vtp	56106	025738066c97a14273f74e9eda9b181ced11b3efbdf16a6643e4921d107f1595
cases/train02c_seismic_wave_compare/elcentro/result_b479.vtp	56050	649402b08f0cfe69131bff1ff3464fcf95b7afeeba27d9c62da5d0ce89f4b1c8
cases/train02c_seismic_wave_compare/elcentro/result_b48.vtp	55935	ab20ff8a1ecf968adcf55baa6e1a6461deae86a928c616fcbdc8527e2f52f3de
cases/train02c_seismic_wave_compare/elcentro/result_b480.vtp	56192	17420a82eccb1115b37700a7cf864f9b3c1c01ad9601be2be5c6dc2a2fd1db61
cases/train02c_seismic_wave_compare/elcentro/result_b481.vtp	55567	14bf3005c90728efbe30a3f2b937583d8ccac6312892da2994594efde299bea9
cases/train02c_seismic_wave_compare/elcentro/result_b482.vtp	56101	e8ebc839e83b49bd5b319d68d4c16b591d064a6bbb2c206e0aac9bb4c7651eb3
cases/train02c_seismic_wave_compare/elcentro/result_b483.vtp	55608	f10157c4932cc54751cae548a6b840e120a37a7d58fed57a9fe5376a563bb006
cases/train02c_seismic_wave_compare/elcentro/result_b484.vtp	55578	ef0aa9487afc44e0a1ee57aa37193f98b59c112532fbf5430b4abc4ddcf00383
cases/train02c_seismic_wave_compare/elcentro/result_b485.vtp	56103	a04161bef6c1ccbcbe73bd8b4fdaaad1f1b59a076f0b1c71e74abdbf7f6c6c2b
cases/train02c_seismic_wave_compare/elcentro/result_b486.vtp	55577	66cc9835438786eda170c781b6712d1ad3b92adc6ef7339e8fc6ef818024aa39
cases/train02c_seismic_wave_compare/elcentro/result_b487.vtp	56114	3689db4b6a0df1b6748b8e5379fbaaa2bcc8c94e1f6f600a6ddb9befed41fcbb
cases/train02c_seismic_wave_compare/elcentro/result_b488.vtp	55565	f9b107f5d79769da594e4f07d4c8d97168a4a55bd7159202703665052d4f7115
cases/train02c_seismic_wave_compare/elcentro/result_b489.vtp	56158	989caf5d9f8d6649e01a31099c1a13cbd26cb41f4ff6f337c3ace05b34a45dc8
cases/train02c_seismic_wave_compare/elcentro/result_b49.vtp	55327	56fb7a542f8a3558ab835b0b3ea5f4ab3e602ee69969601ac3347df0b18e136e
cases/train02c_seismic_wave_compare/elcentro/result_b490.vtp	56092	f27267c181f3a4ae9f8456d50fe7cda99a47c699ad35bf033c7a322192922d5d
cases/train02c_seismic_wave_compare/elcentro/result_b491.vtp	56114	f2280b24ec36c0e48d67113dbc36eec21f8f6f72d359d9e72577c62ec6ad067c
cases/train02c_seismic_wave_compare/elcentro/result_b492.vtp	55783	dbccffc6bd6d50f50cc4a3a989a33290f3c61a3c7e1292695178a411cac152b7
cases/train02c_seismic_wave_compare/elcentro/result_b493.vtp	56108	c99eee21c6a55c8ec8fda018836fe69e0b548b279e5fc61940ceb0ed5bd11764
cases/train02c_seismic_wave_compare/elcentro/result_b494.vtp	56214	856ec9ed0ffa7626a5e8fd230e8daa816c8dace124382aaae8c828d0fb990ec3
cases/train02c_seismic_wave_compare/elcentro/result_b495.vtp	55560	6d51bfc6a8f129a4becc72a601ea85c865836242870410a5ccfbf272a070b0bf
cases/train02c_seismic_wave_compare/elcentro/result_b496.vtp	57072	abd5ffe4818f0df0c5e57dc916b80d69c92885392c9724d56cacd1a70b244792
cases/train02c_seismic_wave_compare/elcentro/result_b497.vtp	56078	2c91fddfa3e2c94cec6599a05ec227bc8dd7076dcc7054eda8ebf750214a1ab5
cases/train02c_seismic_wave_compare/elcentro/result_b498.vtp	55590	738945c2ede01f12f8fab7f34b8982e0572e0ffd6dc6b1bf20d9be3495cf4437
cases/train02c_seismic_wave_compare/elcentro/result_b499.vtp	56114	89554db8cde79bc63755c74f7f491583dcb310f0a264347b2b5215696163830f
cases/train02c_seismic_wave_compare/elcentro/result_b5.vtp	56143	8e6f1eb5b899ef141f08879d79a553119a3b26aa130345988b464233f478cd0e
cases/train02c_seismic_wave_compare/elcentro/result_b50.vtp	55371	d4e27f4729912ad4a12a1e8b4e9edacb1b7a27d6ffccc46c197abc5f1db98ab1
cases/train02c_seismic_wave_compare/elcentro/result_b500.vtp	56088	7cdf046a061c2448c1da685eae96c69fbb2ca521ca6946f8239bcfae1253527d
cases/train02c_seismic_wave_compare/elcentro/result_b51.vtp	55136	c871cd93f91f6749dc049289f3c62cb5cdfc98b5d91257599d6d711dc67788a5
cases/train02c_seismic_wave_compare/elcentro/result_b52.vtp	56100	a01d0538027af179348ba9d26357d64dd6f45580138ae76b07a2cc271960a43e
cases/train02c_seismic_wave_compare/elcentro/result_b53.vtp	55500	920348578a8609439e4c282f9a9c26314637f111ac977846d42ecc33d6629eb8
cases/train02c_seismic_wave_compare/elcentro/result_b54.vtp	55121	a31452248b16fe773c340a434d3480f321367929e5e855df1f630d710dbb128a
cases/train02c_seismic_wave_compare/elcentro/result_b55.vtp	55361	e3791d14b34f888cd1734cb16638231c69ca3b145b8e202144147b8a7894180f
cases/train02c_seismic_wave_compare/elcentro/result_b56.vtp	55137	427aadde54afe14ea7690b3f8efb1f5eb3df93791ffd5d3a77c0cf1b5171c8ec
cases/train02c_seismic_wave_compare/elcentro/result_b57.vtp	55895	9cbd29da1b30fd804791637b123a958e66efed7f86076124a15a7567690df39f
cases/train02c_seismic_wave_compare/elcentro/result_b58.vtp	55958	ec6f9feeeafe7250dead2869fe93ab49dfe40b5cb18ee7d43ecebb1724927d7a
cases/train02c_seismic_wave_compare/elcentro/result_b59.vtp	55342	4e40853a9d353a1bff9df7f0b2e99997ab8894a45cddaa72dc7dee559034054c
cases/train02c_seismic_wave_compare/elcentro/result_b6.vtp	56139	970418b4dd5ad23cd042024b00b411c1c5bae1d1e6f78227fa3e0416c62d7d92
cases/train02c_seismic_wave_compare/elcentro/result_b60.vtp	54881	9b136d1c4fbe1027479fc5ed0c676db76eed6aa9cd865620ab848caed5718184
cases/train02c_seismic_wave_compare/elcentro/result_b61.vtp	55534	7ae1d76f94699d205e18f9f8c58404a29124bb1dda0f097278a0db07df880258
cases/train02c_seismic_wave_compare/elcentro/result_b62.vtp	54883	6914f1fd6acb08d08309d306b4dc4f2851c215dfe3680d5d038b1c945bb7742c
cases/train02c_seismic_wave_compare/elcentro/result_b63.vtp	55515	7ebaeb5ef77383e322d3b7c5d8ec13c462bee6c69a14f24868504e08c20ee521
cases/train02c_seismic_wave_compare/elcentro/result_b64.vtp	56183	901ae358b11a9952201b89966294c4ddfdf92ef5edc81446b276483bee5c9aba
cases/train02c_seismic_wave_compare/elcentro/result_b65.vtp	55724	e1ce9dfcd55fd1e59c702cba496715724070dfd41f67df64af6831c7e5c97c1b
cases/train02c_seismic_wave_compare/elcentro/result_b66.vtp	55749	6c38701c47ede95b93a30ab9a8ed2ba5097bc7f9e9bc6df79a6a11df0fb32892
cases/train02c_seismic_wave_compare/elcentro/result_b67.vtp	56056	fc5cfcff950443f4c9c67ce3e104f6fe770a23c492fbe4d12abc82b02d54ec78
cases/train02c_seismic_wave_compare/elcentro/result_b68.vtp	55485	07b3b48d4539161117873c17ed9cf6230aa1307494af4b570bc33af32ad8cc5f
cases/train02c_seismic_wave_compare/elcentro/result_b69.vtp	56212	a0ab6353d819adcd850c5f43f99384eebf3ef321ad45057f04f7dd4862bccaae
cases/train02c_seismic_wave_compare/elcentro/result_b7.vtp	55542	8324a950973f2ca082c50eea233bf6a64a644aad9cfbabf15f27845dfe197973
cases/train02c_seismic_wave_compare/elcentro/result_b70.vtp	54665	53ffa04bb44cffe4a29d1b4eeb525b3a0b7c732081e9bcbc292dc27cf442b0fc
cases/train02c_seismic_wave_compare/elcentro/result_b71.vtp	55256	af551e2f865862c78e5c012cafe3d0d7061a0832a48da956dcb068a48b2f5b18
cases/train02c_seismic_wave_compare/elcentro/result_b72.vtp	55198	8fa4e5d7f6aa456274746fee333ca95a15dd5cae2e2f53cb054aed4abe4b226c
cases/train02c_seismic_wave_compare/elcentro/result_b73.vtp	55656	a1137853803886967b3fbae3ff7509c273a357af2e0f558e45ffd5dd5e504cb3
cases/train02c_seismic_wave_compare/elcentro/result_b74.vtp	55370	a63ca0cc52c9c3d8fd6ee7584e6a72a34f71daf4d1414aed3de5e336aca3529d
cases/train02c_seismic_wave_compare/elcentro/result_b75.vtp	55968	f6ae349b29142bacda848afcc69fe3dd47d9e19b705b8cc0b8bf97548f7ae4c7
cases/train02c_seismic_wave_compare/elcentro/result_b76.vtp	55926	b1b713feacf21136bf225dfce795dda260d6e4b2f29266a6bf47f75476bbd771
cases/train02c_seismic_wave_compare/elcentro/result_b77.vtp	54967	8b6bbcef49fa290bcb2fdbf64ba82848d2407299a10a000c7d77c532b8f65dba
cases/train02c_seismic_wave_compare/elcentro/result_b78.vtp	55361	c98f0e65bc1426815c463b9bc2e3db30bc0c5a17f08d6e252b268e4d82b411f7
cases/train02c_seismic_wave_compare/elcentro/result_b79.vtp	55733	3b75d546f71d02f19f42e9ed355183c5fc36c96b80f1979b0d23cd7cd82dc929
cases/train02c_seismic_wave_compare/elcentro/result_b8.vtp	55643	5536826739d1762ad792f06c67f128c60aafe799b4e648e7813d5e2f6278d55d
cases/train02c_seismic_wave_compare/elcentro/result_b80.vtp	55694	123d65d48b76e7fae83d3c4325589758e707c057cbc6f98e7756ac7593226d22
cases/train02c_seismic_wave_compare/elcentro/result_b81.vtp	54913	d926fb759aac9858569313dba7b5ad212f5a2d5199e0edf9e6771199c5f301f3
cases/train02c_seismic_wave_compare/elcentro/result_b82.vtp	55554	6e76a9893f4c90c2b14cc1b72e881d2d195efc2ac3a1bc3ef9eb505c91ee3065
cases/train02c_seismic_wave_compare/elcentro/result_b83.vtp	55185	7f667725dd0a0165a572ba925b78f28b716b2ff1b4533d9d519d0d253c24f174
cases/train02c_seismic_wave_compare/elcentro/result_b84.vtp	54844	9bb93fbe4fbfe969f28e7647c1b6ddb06ab0530289b86690b9d0c41aae482d73
cases/train02c_seismic_wave_compare/elcentro/result_b85.vtp	55745	4218a16e863fb353dce16814628efebb17b0644c4fa8e038ccb37e40ad5c22cf
cases/train02c_seismic_wave_compare/elcentro/result_b86.vtp	54727	b2cd36123b66b8ab30d1fdbba36b01c469feb9b94304c95166729dfdf79a0300
cases/train02c_seismic_wave_compare/elcentro/result_b87.vtp	55180	45ef51b7a1aa260ea323cc31359d7571925a90e372285043d3a328cc39e12b25
cases/train02c_seismic_wave_compare/elcentro/result_b88.vtp	55385	23d5c0305095d590743fb19e8364e759d660c532492bc790219d2ca3ad58126f
cases/train02c_seismic_wave_compare/elcentro/result_b89.vtp	54693	7655c0d79a981a14acf1da2a3a0217bf7628c968e213b348eb9506fae3756e04
cases/train02c_seismic_wave_compare/elcentro/result_b9.vtp	55545	699b0fd111180a34c9f83d5d6ae5d8fc98c9978bbfdce42e4a6e41a40fca965d
cases/train02c_seismic_wave_compare/elcentro/result_b90.vtp	55494	a9a85733b404acec2064eff32e92c5195ef890f6d6ee016500acbb0bd39e4e42
cases/train02c_seismic_wave_compare/elcentro/result_b91.vtp	55606	410cae7b1fb6ba632fb66b33f97ad301954a6c643f20c9a31d411bd41c11e207
cases/train02c_seismic_wave_compare/elcentro/result_b92.vtp	54952	d7ab02809cb30c92e3b81d05d6499a5ca4d1c7e0bbe710858179d549516daff0
cases/train02c_seismic_wave_compare/elcentro/result_b93.vtp	56088	962f1880004612e28b0d7c264dde095d4208f34b77e9592ec562229b2985c5f2
cases/train02c_seismic_wave_compare/elcentro/result_b94.vtp	55168	6b118a905a5e5f96a45d94781b956c7571e990e8a146b8d6b2db080db3d77728
cases/train02c_seismic_wave_compare/elcentro/result_b95.vtp	55276	2fcf755ef6fd626fea234536d90317722c80e68456c9cd133bd434120a3bcf49
cases/train02c_seismic_wave_compare/elcentro/result_b96.vtp	54551	0097f9919b93dc35ff8969367085ee5bf09ad1504775c336e86780eeb27dca4c
cases/train02c_seismic_wave_compare/elcentro/result_b97.vtp	55478	5002bb4b7f217167807c7406dc4ad9418593594e71b99b43bab4891204b4aed8
cases/train02c_seismic_wave_compare/elcentro/result_b98.vtp	55121	f27af64f6bd0106c40a7ad78e256c5deceb8719ba21b18e9184c62880958e5e5
cases/train02c_seismic_wave_compare/elcentro/result_b99.vtp	55471	644a5c1aa98eff792f2e6a390c3d7a35e3fb9711341f9d247c7b61c0349df4f9
cases/train02c_seismic_wave_compare/modal/1.ctt	0	e3b0c44298fc1c149afbf4c8996fb92427ae41e4649b934ca495991b7852b855
cases/train02c_seismic_wave_compare/modal/1.fai	11424000	cfd77434575fd35b1d5a38fc438951574e559ab45717c47f3a564135b2337308
cases/train02c_seismic_wave_compare/modal/1.flavia.msh	32564	f01e790c5172c1106cb96d2becf12d869c9cec56e23a993fde61ec7902caba35
cases/train02c_seismic_wave_compare/modal/1.flavia.res	55126000	374697e8d85fbeeed22351afa4f6f4dfb3ae96f77ccfb778764ffae2595110af
cases/train02c_seismic_wave_compare/modal/1.ftf	0	e3b0c44298fc1c149afbf4c8996fb92427ae41e4649b934ca495991b7852b855
cases/train02c_seismic_wave_compare/modal/1.gpv	140367000	9abff4b9930d043a6626239399a5f64627400118d4d989f37f1e396f7cf43e72
cases/train02c_seismic_wave_compare/modal/1.ini	0	e3b0c44298fc1c149afbf4c8996fb92427ae41e4649b934ca495991b7852b855
cases/train02c_seismic_wave_compare/modal/1.inw	0	e3b0c44298fc1c149afbf4c8996fb92427ae41e4649b934ca495991b7852b855
cases/train02c_seismic_wave_compare/modal/1.res	0	e3b0c44298fc1c149afbf4c8996fb92427ae41e4649b934ca495991b7852b855
cases/train02c_seismic_wave_compare/modal/1.resb	0	e3b0c44298fc1c149afbf4c8996fb92427ae41e4649b934ca495991b7852b855
cases/train02c_seismic_wave_compare/modal/1.rtt	130332	f9733889783eecbef42735e93aea20219b6a28967242e996b99c29c40ed8a908
cases/train02c_seismic_wave_compare/modal/bc_overlay.vtp	2533	94b379b49cfe87359865ba3e4d87de65e9a06f821c6c5301c1c90e981d946e62
cases/train02c_seismic_wave_compare/modal/result_b1.vtp	53099	db56988b3fd2593a0d310f16cc58a402f3e0c895bf5a02fc66ee190f90659103
cases/train02c_seismic_wave_compare/modal/result_b10.vtp	53930	71b942fa2ad931b918bf5412dd98ac79990f102434732c9fab1a0cfe3594e787
cases/train02c_seismic_wave_compare/modal/result_b100.vtp	53930	71b942fa2ad931b918bf5412dd98ac79990f102434732c9fab1a0cfe3594e787
cases/train02c_seismic_wave_compare/modal/result_b1000.vtp	53930	71b942fa2ad931b918bf5412dd98ac79990f102434732c9fab1a0cfe3594e787
cases/train02c_seismic_wave_compare/modal/result_b101.vtp	53930	71b942fa2ad931b918bf5412dd98ac79990f102434732c9fab1a0cfe3594e787
cases/train02c_seismic_wave_compare/modal/result_b102.vtp	53930	71b942fa2ad931b918bf5412dd98ac79990f102434732c9fab1a0cfe3594e787
cases/train02c_seismic_wave_compare/modal/result_b103.vtp	53930	71b942fa2ad931b918bf5412dd98ac79990f102434732c9fab1a0cfe3594e787
cases/train02c_seismic_wave_compare/modal/result_b104.vtp	53930	71b942fa2ad931b918bf5412dd98ac79990f102434732c9fab1a0cfe3594e787
cases/train02c_seismic_wave_compare/modal/result_b105.vtp	53930	71b942fa2ad931b918bf5412dd98ac79990f102434732c9fab1a0cfe3594e787
cases/train02c_seismic_wave_compare/modal/result_b106.vtp	53930	71b942fa2ad931b918bf5412dd98ac79990f102434732c9fab1a0cfe3594e787
cases/train02c_seismic_wave_compare/modal/result_b107.vtp	53930	71b942fa2ad931b918bf5412dd98ac79990f102434732c9fab1a0cfe3594e787
cases/train02c_seismic_wave_compare/modal/result_b108.vtp	53930	71b942fa2ad931b918bf5412dd98ac79990f102434732c9fab1a0cfe3594e787
cases/train02c_seismic_wave_compare/modal/result_b109.vtp	53930	71b942fa2ad931b918bf5412dd98ac79990f102434732c9fab1a0cfe3594e787
cases/train02c_seismic_wave_compare/modal/result_b11.vtp	53930	71b942fa2ad931b918bf5412dd98ac79990f102434732c9fab1a0cfe3594e787
cases/train02c_seismic_wave_compare/modal/result_b110.vtp	53930	71b942fa2ad931b918bf5412dd98ac79990f102434732c9fab1a0cfe3594e787
cases/train02c_seismic_wave_compare/modal/result_b111.vtp	53930	71b942fa2ad931b918bf5412dd98ac79990f102434732c9fab1a0cfe3594e787
cases/train02c_seismic_wave_compare/modal/result_b112.vtp	53930	71b942fa2ad931b918bf5412dd98ac79990f102434732c9fab1a0cfe3594e787
cases/train02c_seismic_wave_compare/modal/result_b113.vtp	53930	71b942fa2ad931b918bf5412dd98ac79990f102434732c9fab1a0cfe3594e787
cases/train02c_seismic_wave_compare/modal/result_b114.vtp	53930	71b942fa2ad931b918bf5412dd98ac79990f102434732c9fab1a0cfe3594e787
cases/train02c_seismic_wave_compare/modal/result_b115.vtp	53930	71b942fa2ad931b918bf5412dd98ac79990f102434732c9fab1a0cfe3594e787
cases/train02c_seismic_wave_compare/modal/result_b116.vtp	53930	71b942fa2ad931b918bf5412dd98ac79990f102434732c9fab1a0cfe3594e787
cases/train02c_seismic_wave_compare/modal/result_b117.vtp	53930	71b942fa2ad931b918bf5412dd98ac79990f102434732c9fab1a0cfe3594e787
cases/train02c_seismic_wave_compare/modal/result_b118.vtp	53930	71b942fa2ad931b918bf5412dd98ac79990f102434732c9fab1a0cfe3594e787
cases/train02c_seismic_wave_compare/modal/result_b119.vtp	53930	71b942fa2ad931b918bf5412dd98ac79990f102434732c9fab1a0cfe3594e787
cases/train02c_seismic_wave_compare/modal/result_b12.vtp	53930	71b942fa2ad931b918bf5412dd98ac79990f102434732c9fab1a0cfe3594e787
cases/train02c_seismic_wave_compare/modal/result_b120.vtp	53930	71b942fa2ad931b918bf5412dd98ac79990f102434732c9fab1a0cfe3594e787
cases/train02c_seismic_wave_compare/modal/result_b121.vtp	53930	71b942fa2ad931b918bf5412dd98ac79990f102434732c9fab1a0cfe3594e787
cases/train02c_seismic_wave_compare/modal/result_b122.vtp	53930	71b942fa2ad931b918bf5412dd98ac79990f102434732c9fab1a0cfe3594e787
cases/train02c_seismic_wave_compare/modal/result_b123.vtp	53930	71b942fa2ad931b918bf5412dd98ac79990f102434732c9fab1a0cfe3594e787
cases/train02c_seismic_wave_compare/modal/result_b124.vtp	53930	71b942fa2ad931b918bf5412dd98ac79990f102434732c9fab1a0cfe3594e787
cases/train02c_seismic_wave_compare/modal/result_b125.vtp	53930	71b942fa2ad931b918bf5412dd98ac79990f102434732c9fab1a0cfe3594e787
cases/train02c_seismic_wave_compare/modal/result_b126.vtp	53930	71b942fa2ad931b918bf5412dd98ac79990f102434732c9fab1a0cfe3594e787
cases/train02c_seismic_wave_compare/modal/result_b127.vtp	53930	71b942fa2ad931b918bf5412dd98ac79990f102434732c9fab1a0cfe3594e787
cases/train02c_seismic_wave_compare/modal/result_b128.vtp	53930	71b942fa2ad931b918bf5412dd98ac79990f102434732c9fab1a0cfe3594e787
cases/train02c_seismic_wave_compare/modal/result_b129.vtp	53930	71b942fa2ad931b918bf5412dd98ac79990f102434732c9fab1a0cfe3594e787
cases/train02c_seismic_wave_compare/modal/result_b13.vtp	53930	71b942fa2ad931b918bf5412dd98ac79990f102434732c9fab1a0cfe3594e787
cases/train02c_seismic_wave_compare/modal/result_b130.vtp	53930	71b942fa2ad931b918bf5412dd98ac79990f102434732c9fab1a0cfe3594e787
cases/train02c_seismic_wave_compare/modal/result_b131.vtp	53930	71b942fa2ad931b918bf5412dd98ac79990f102434732c9fab1a0cfe3594e787
cases/train02c_seismic_wave_compare/modal/result_b132.vtp	53930	71b942fa2ad931b918bf5412dd98ac79990f102434732c9fab1a0cfe3594e787
cases/train02c_seismic_wave_compare/modal/result_b133.vtp	53930	71b942fa2ad931b918bf5412dd98ac79990f102434732c9fab1a0cfe3594e787
cases/train02c_seismic_wave_compare/modal/result_b134.vtp	53930	71b942fa2ad931b918bf5412dd98ac79990f102434732c9fab1a0cfe3594e787
cases/train02c_seismic_wave_compare/modal/result_b135.vtp	53930	71b942fa2ad931b918bf5412dd98ac79990f102434732c9fab1a0cfe3594e787
cases/train02c_seismic_wave_compare/modal/result_b136.vtp	53930	71b942fa2ad931b918bf5412dd98ac79990f102434732c9fab1a0cfe3594e787
cases/train02c_seismic_wave_compare/modal/result_b137.vtp	53930	71b942fa2ad931b918bf5412dd98ac79990f102434732c9fab1a0cfe3594e787
cases/train02c_seismic_wave_compare/modal/result_b138.vtp	53930	71b942fa2ad931b918bf5412dd98ac79990f102434732c9fab1a0cfe3594e787
cases/train02c_seismic_wave_compare/modal/result_b139.vtp	53930	71b942fa2ad931b918bf5412dd98ac79990f102434732c9fab1a0cfe3594e787
cases/train02c_seismic_wave_compare/modal/result_b14.vtp	53930	71b942fa2ad931b918bf5412dd98ac79990f102434732c9fab1a0cfe3594e787
cases/train02c_seismic_wave_compare/modal/result_b140.vtp	53930	71b942fa2ad931b918bf5412dd98ac79990f102434732c9fab1a0cfe3594e787
cases/train02c_seismic_wave_compare/modal/result_b141.vtp	53930	71b942fa2ad931b918bf5412dd98ac79990f102434732c9fab1a0cfe3594e787
cases/train02c_seismic_wave_compare/modal/result_b142.vtp	53930	71b942fa2ad931b918bf5412dd98ac79990f102434732c9fab1a0cfe3594e787
cases/train02c_seismic_wave_compare/modal/result_b143.vtp	53930	71b942fa2ad931b918bf5412dd98ac79990f102434732c9fab1a0cfe3594e787
cases/train02c_seismic_wave_compare/modal/result_b144.vtp	53930	71b942fa2ad931b918bf5412dd98ac79990f102434732c9fab1a0cfe3594e787
cases/train02c_seismic_wave_compare/modal/result_b145.vtp	53930	71b942fa2ad931b918bf5412dd98ac79990f102434732c9fab1a0cfe3594e787
cases/train02c_seismic_wave_compare/modal/result_b146.vtp	53930	71b942fa2ad931b918bf5412dd98ac79990f102434732c9fab1a0cfe3594e787
cases/train02c_seismic_wave_compare/modal/result_b147.vtp	53930	71b942fa2ad931b918bf5412dd98ac79990f102434732c9fab1a0cfe3594e787
cases/train02c_seismic_wave_compare/modal/result_b148.vtp	53930	71b942fa2ad931b918bf5412dd98ac79990f102434732c9fab1a0cfe3594e787
cases/train02c_seismic_wave_compare/modal/result_b149.vtp	53930	71b942fa2ad931b918bf5412dd98ac79990f102434732c9fab1a0cfe3594e787
cases/train02c_seismic_wave_compare/modal/result_b15.vtp	53930	71b942fa2ad931b918bf5412dd98ac79990f102434732c9fab1a0cfe3594e787
cases/train02c_seismic_wave_compare/modal/result_b150.vtp	53930	71b942fa2ad931b918bf5412dd98ac79990f102434732c9fab1a0cfe3594e787
cases/train02c_seismic_wave_compare/modal/result_b151.vtp	53930	71b942fa2ad931b918bf5412dd98ac79990f102434732c9fab1a0cfe3594e787
cases/train02c_seismic_wave_compare/modal/result_b152.vtp	53930	71b942fa2ad931b918bf5412dd98ac79990f102434732c9fab1a0cfe3594e787
cases/train02c_seismic_wave_compare/modal/result_b153.vtp	53930	71b942fa2ad931b918bf5412dd98ac79990f102434732c9fab1a0cfe3594e787
cases/train02c_seismic_wave_compare/modal/result_b154.vtp	53930	71b942fa2ad931b918bf5412dd98ac79990f102434732c9fab1a0cfe3594e787
cases/train02c_seismic_wave_compare/modal/result_b155.vtp	53930	71b942fa2ad931b918bf5412dd98ac79990f102434732c9fab1a0cfe3594e787
cases/train02c_seismic_wave_compare/modal/result_b156.vtp	53930	71b942fa2ad931b918bf5412dd98ac79990f102434732c9fab1a0cfe3594e787
cases/train02c_seismic_wave_compare/modal/result_b157.vtp	53930	71b942fa2ad931b918bf5412dd98ac79990f102434732c9fab1a0cfe3594e787
cases/train02c_seismic_wave_compare/modal/result_b158.vtp	53930	71b942fa2ad931b918bf5412dd98ac79990f102434732c9fab1a0cfe3594e787
cases/train02c_seismic_wave_compare/modal/result_b159.vtp	53930	71b942fa2ad931b918bf5412dd98ac79990f102434732c9fab1a0cfe3594e787
cases/train02c_seismic_wave_compare/modal/result_b16.vtp	53930	71b942fa2ad931b918bf5412dd98ac79990f102434732c9fab1a0cfe3594e787
cases/train02c_seismic_wave_compare/modal/result_b160.vtp	53930	71b942fa2ad931b918bf5412dd98ac79990f102434732c9fab1a0cfe3594e787
cases/train02c_seismic_wave_compare/modal/result_b161.vtp	53930	71b942fa2ad931b918bf5412dd98ac79990f102434732c9fab1a0cfe3594e787
cases/train02c_seismic_wave_compare/modal/result_b162.vtp	53930	71b942fa2ad931b918bf5412dd98ac79990f102434732c9fab1a0cfe3594e787
cases/train02c_seismic_wave_compare/modal/result_b163.vtp	53930	71b942fa2ad931b918bf5412dd98ac79990f102434732c9fab1a0cfe3594e787
cases/train02c_seismic_wave_compare/modal/result_b164.vtp	53930	71b942fa2ad931b918bf5412dd98ac79990f102434732c9fab1a0cfe3594e787
cases/train02c_seismic_wave_compare/modal/result_b165.vtp	53930	71b942fa2ad931b918bf5412dd98ac79990f102434732c9fab1a0cfe3594e787
cases/train02c_seismic_wave_compare/modal/result_b166.vtp	53930	71b942fa2ad931b918bf5412dd98ac79990f102434732c9fab1a0cfe3594e787
cases/train02c_seismic_wave_compare/modal/result_b167.vtp	53930	71b942fa2ad931b918bf5412dd98ac79990f102434732c9fab1a0cfe3594e787
cases/train02c_seismic_wave_compare/modal/result_b168.vtp	53930	71b942fa2ad931b918bf5412dd98ac79990f102434732c9fab1a0cfe3594e787
cases/train02c_seismic_wave_compare/modal/result_b169.vtp	53930	71b942fa2ad931b918bf5412dd98ac79990f102434732c9fab1a0cfe3594e787
cases/train02c_seismic_wave_compare/modal/result_b17.vtp	53930	71b942fa2ad931b918bf5412dd98ac79990f102434732c9fab1a0cfe3594e787
cases/train02c_seismic_wave_compare/modal/result_b170.vtp	53930	71b942fa2ad931b918bf5412dd98ac79990f102434732c9fab1a0cfe3594e787
cases/train02c_seismic_wave_compare/modal/result_b171.vtp	53930	71b942fa2ad931b918bf5412dd98ac79990f102434732c9fab1a0cfe3594e787
cases/train02c_seismic_wave_compare/modal/result_b172.vtp	53930	71b942fa2ad931b918bf5412dd98ac79990f102434732c9fab1a0cfe3594e787
cases/train02c_seismic_wave_compare/modal/result_b173.vtp	53930	71b942fa2ad931b918bf5412dd98ac79990f102434732c9fab1a0cfe3594e787
cases/train02c_seismic_wave_compare/modal/result_b174.vtp	53930	71b942fa2ad931b918bf5412dd98ac79990f102434732c9fab1a0cfe3594e787
cases/train02c_seismic_wave_compare/modal/result_b175.vtp	53930	71b942fa2ad931b918bf5412dd98ac79990f102434732c9fab1a0cfe3594e787
cases/train02c_seismic_wave_compare/modal/result_b176.vtp	53930	71b942fa2ad931b918bf5412dd98ac79990f102434732c9fab1a0cfe3594e787
cases/train02c_seismic_wave_compare/modal/result_b177.vtp	53930	71b942fa2ad931b918bf5412dd98ac79990f102434732c9fab1a0cfe3594e787
cases/train02c_seismic_wave_compare/modal/result_b178.vtp	53930	71b942fa2ad931b918bf5412dd98ac79990f102434732c9fab1a0cfe3594e787
cases/train02c_seismic_wave_compare/modal/result_b179.vtp	53930	71b942fa2ad931b918bf5412dd98ac79990f102434732c9fab1a0cfe3594e787
cases/train02c_seismic_wave_compare/modal/result_b18.vtp	53930	71b942fa2ad931b918bf5412dd98ac79990f102434732c9fab1a0cfe3594e787
cases/train02c_seismic_wave_compare/modal/result_b180.vtp	53930	71b942fa2ad931b918bf5412dd98ac79990f102434732c9fab1a0cfe3594e787
cases/train02c_seismic_wave_compare/modal/result_b181.vtp	53930	71b942fa2ad931b918bf5412dd98ac79990f102434732c9fab1a0cfe3594e787
cases/train02c_seismic_wave_compare/modal/result_b182.vtp	53930	71b942fa2ad931b918bf5412dd98ac79990f102434732c9fab1a0cfe3594e787
cases/train02c_seismic_wave_compare/modal/result_b183.vtp	53930	71b942fa2ad931b918bf5412dd98ac79990f102434732c9fab1a0cfe3594e787
cases/train02c_seismic_wave_compare/modal/result_b184.vtp	53930	71b942fa2ad931b918bf5412dd98ac79990f102434732c9fab1a0cfe3594e787
cases/train02c_seismic_wave_compare/modal/result_b185.vtp	53930	71b942fa2ad931b918bf5412dd98ac79990f102434732c9fab1a0cfe3594e787
cases/train02c_seismic_wave_compare/modal/result_b186.vtp	53930	71b942fa2ad931b918bf5412dd98ac79990f102434732c9fab1a0cfe3594e787
cases/train02c_seismic_wave_compare/modal/result_b187.vtp	53930	71b942fa2ad931b918bf5412dd98ac79990f102434732c9fab1a0cfe3594e787
cases/train02c_seismic_wave_compare/modal/result_b188.vtp	53930	71b942fa2ad931b918bf5412dd98ac79990f102434732c9fab1a0cfe3594e787
cases/train02c_seismic_wave_compare/modal/result_b189.vtp	53930	71b942fa2ad931b918bf5412dd98ac79990f102434732c9fab1a0cfe3594e787
cases/train02c_seismic_wave_compare/modal/result_b19.vtp	53930	71b942fa2ad931b918bf5412dd98ac79990f102434732c9fab1a0cfe3594e787
cases/train02c_seismic_wave_compare/modal/result_b190.vtp	53930	71b942fa2ad931b918bf5412dd98ac79990f102434732c9fab1a0cfe3594e787
cases/train02c_seismic_wave_compare/modal/result_b191.vtp	53930	71b942fa2ad931b918bf5412dd98ac79990f102434732c9fab1a0cfe3594e787
cases/train02c_seismic_wave_compare/modal/result_b192.vtp	53930	71b942fa2ad931b918bf5412dd98ac79990f102434732c9fab1a0cfe3594e787
cases/train02c_seismic_wave_compare/modal/result_b193.vtp	53930	71b942fa2ad931b918bf5412dd98ac79990f102434732c9fab1a0cfe3594e787
cases/train02c_seismic_wave_compare/modal/result_b194.vtp	53930	71b942fa2ad931b918bf5412dd98ac79990f102434732c9fab1a0cfe3594e787
cases/train02c_seismic_wave_compare/modal/result_b195.vtp	53930	71b942fa2ad931b918bf5412dd98ac79990f102434732c9fab1a0cfe3594e787
cases/train02c_seismic_wave_compare/modal/result_b196.vtp	53930	71b942fa2ad931b918bf5412dd98ac79990f102434732c9fab1a0cfe3594e787
cases/train02c_seismic_wave_compare/modal/result_b197.vtp	53930	71b942fa2ad931b918bf5412dd98ac79990f102434732c9fab1a0cfe3594e787
cases/train02c_seismic_wave_compare/modal/result_b198.vtp	53930	71b942fa2ad931b918bf5412dd98ac79990f102434732c9fab1a0cfe3594e787
cases/train02c_seismic_wave_compare/modal/result_b199.vtp	53930	71b942fa2ad931b918bf5412dd98ac79990f102434732c9fab1a0cfe3594e787
cases/train02c_seismic_wave_compare/modal/result_b2.vtp	53836	fbc8821d6eeb69f4d8e20ddfe0e25d0f2ee8acca1a5e45891ff61b469be98225
cases/train02c_seismic_wave_compare/modal/result_b20.vtp	53930	71b942fa2ad931b918bf5412dd98ac79990f102434732c9fab1a0cfe3594e787
cases/train02c_seismic_wave_compare/modal/result_b200.vtp	53930	71b942fa2ad931b918bf5412dd98ac79990f102434732c9fab1a0cfe3594e787
cases/train02c_seismic_wave_compare/modal/result_b201.vtp	53930	71b942fa2ad931b918bf5412dd98ac79990f102434732c9fab1a0cfe3594e787
cases/train02c_seismic_wave_compare/modal/result_b202.vtp	53930	71b942fa2ad931b918bf5412dd98ac79990f102434732c9fab1a0cfe3594e787
cases/train02c_seismic_wave_compare/modal/result_b203.vtp	53930	71b942fa2ad931b918bf5412dd98ac79990f102434732c9fab1a0cfe3594e787
cases/train02c_seismic_wave_compare/modal/result_b204.vtp	53930	71b942fa2ad931b918bf5412dd98ac79990f102434732c9fab1a0cfe3594e787
cases/train02c_seismic_wave_compare/modal/result_b205.vtp	53930	71b942fa2ad931b918bf5412dd98ac79990f102434732c9fab1a0cfe3594e787
cases/train02c_seismic_wave_compare/modal/result_b206.vtp	53930	71b942fa2ad931b918bf5412dd98ac79990f102434732c9fab1a0cfe3594e787
cases/train02c_seismic_wave_compare/modal/result_b207.vtp	53930	71b942fa2ad931b918bf5412dd98ac79990f102434732c9fab1a0cfe3594e787
cases/train02c_seismic_wave_compare/modal/result_b208.vtp	53930	71b942fa2ad931b918bf5412dd98ac79990f102434732c9fab1a0cfe3594e787
cases/train02c_seismic_wave_compare/modal/result_b209.vtp	53930	71b942fa2ad931b918bf5412dd98ac79990f102434732c9fab1a0cfe3594e787
cases/train02c_seismic_wave_compare/modal/result_b21.vtp	53930	71b942fa2ad931b918bf5412dd98ac79990f102434732c9fab1a0cfe3594e787
cases/train02c_seismic_wave_compare/modal/result_b210.vtp	53930	71b942fa2ad931b918bf5412dd98ac79990f102434732c9fab1a0cfe3594e787
cases/train02c_seismic_wave_compare/modal/result_b211.vtp	53930	71b942fa2ad931b918bf5412dd98ac79990f102434732c9fab1a0cfe3594e787
cases/train02c_seismic_wave_compare/modal/result_b212.vtp	53930	71b942fa2ad931b918bf5412dd98ac79990f102434732c9fab1a0cfe3594e787
cases/train02c_seismic_wave_compare/modal/result_b213.vtp	53930	71b942fa2ad931b918bf5412dd98ac79990f102434732c9fab1a0cfe3594e787
cases/train02c_seismic_wave_compare/modal/result_b214.vtp	53930	71b942fa2ad931b918bf5412dd98ac79990f102434732c9fab1a0cfe3594e787
cases/train02c_seismic_wave_compare/modal/result_b215.vtp	53930	71b942fa2ad931b918bf5412dd98ac79990f102434732c9fab1a0cfe3594e787
cases/train02c_seismic_wave_compare/modal/result_b216.vtp	53930	71b942fa2ad931b918bf5412dd98ac79990f102434732c9fab1a0cfe3594e787
cases/train02c_seismic_wave_compare/modal/result_b217.vtp	53930	71b942fa2ad931b918bf5412dd98ac79990f102434732c9fab1a0cfe3594e787
cases/train02c_seismic_wave_compare/modal/result_b218.vtp	53930	71b942fa2ad931b918bf5412dd98ac79990f102434732c9fab1a0cfe3594e787
cases/train02c_seismic_wave_compare/modal/result_b219.vtp	53930	71b942fa2ad931b918bf5412dd98ac79990f102434732c9fab1a0cfe3594e787
cases/train02c_seismic_wave_compare/modal/result_b22.vtp	53930	71b942fa2ad931b918bf5412dd98ac79990f102434732c9fab1a0cfe3594e787
cases/train02c_seismic_wave_compare/modal/result_b220.vtp	53930	71b942fa2ad931b918bf5412dd98ac79990f102434732c9fab1a0cfe3594e787
cases/train02c_seismic_wave_compare/modal/result_b221.vtp	53930	71b942fa2ad931b918bf5412dd98ac79990f102434732c9fab1a0cfe3594e787
cases/train02c_seismic_wave_compare/modal/result_b222.vtp	53930	71b942fa2ad931b918bf5412dd98ac79990f102434732c9fab1a0cfe3594e787
cases/train02c_seismic_wave_compare/modal/result_b223.vtp	53930	71b942fa2ad931b918bf5412dd98ac79990f102434732c9fab1a0cfe3594e787
cases/train02c_seismic_wave_compare/modal/result_b224.vtp	53930	71b942fa2ad931b918bf5412dd98ac79990f102434732c9fab1a0cfe3594e787
cases/train02c_seismic_wave_compare/modal/result_b225.vtp	53930	71b942fa2ad931b918bf5412dd98ac79990f102434732c9fab1a0cfe3594e787
cases/train02c_seismic_wave_compare/modal/result_b226.vtp	53930	71b942fa2ad931b918bf5412dd98ac79990f102434732c9fab1a0cfe3594e787
cases/train02c_seismic_wave_compare/modal/result_b227.vtp	53930	71b942fa2ad931b918bf5412dd98ac79990f102434732c9fab1a0cfe3594e787
cases/train02c_seismic_wave_compare/modal/result_b228.vtp	53930	71b942fa2ad931b918bf5412dd98ac79990f102434732c9fab1a0cfe3594e787
cases/train02c_seismic_wave_compare/modal/result_b229.vtp	53930	71b942fa2ad931b918bf5412dd98ac79990f102434732c9fab1a0cfe3594e787
cases/train02c_seismic_wave_compare/modal/result_b23.vtp	53930	71b942fa2ad931b918bf5412dd98ac79990f102434732c9fab1a0cfe3594e787
cases/train02c_seismic_wave_compare/modal/result_b230.vtp	53930	71b942fa2ad931b918bf5412dd98ac79990f102434732c9fab1a0cfe3594e787
cases/train02c_seismic_wave_compare/modal/result_b231.vtp	53930	71b942fa2ad931b918bf5412dd98ac79990f102434732c9fab1a0cfe3594e787
cases/train02c_seismic_wave_compare/modal/result_b232.vtp	53930	71b942fa2ad931b918bf5412dd98ac79990f102434732c9fab1a0cfe3594e787
cases/train02c_seismic_wave_compare/modal/result_b233.vtp	53930	71b942fa2ad931b918bf5412dd98ac79990f102434732c9fab1a0cfe3594e787
cases/train02c_seismic_wave_compare/modal/result_b234.vtp	53930	71b942fa2ad931b918bf5412dd98ac79990f102434732c9fab1a0cfe3594e787
cases/train02c_seismic_wave_compare/modal/result_b235.vtp	53930	71b942fa2ad931b918bf5412dd98ac79990f102434732c9fab1a0cfe3594e787
cases/train02c_seismic_wave_compare/modal/result_b236.vtp	53930	71b942fa2ad931b918bf5412dd98ac79990f102434732c9fab1a0cfe3594e787
cases/train02c_seismic_wave_compare/modal/result_b237.vtp	53930	71b942fa2ad931b918bf5412dd98ac79990f102434732c9fab1a0cfe3594e787
cases/train02c_seismic_wave_compare/modal/result_b238.vtp	53930	71b942fa2ad931b918bf5412dd98ac79990f102434732c9fab1a0cfe3594e787
cases/train02c_seismic_wave_compare/modal/result_b239.vtp	53930	71b942fa2ad931b918bf5412dd98ac79990f102434732c9fab1a0cfe3594e787
cases/train02c_seismic_wave_compare/modal/result_b24.vtp	53930	71b942fa2ad931b918bf5412dd98ac79990f102434732c9fab1a0cfe3594e787
cases/train02c_seismic_wave_compare/modal/result_b240.vtp	53930	71b942fa2ad931b918bf5412dd98ac79990f102434732c9fab1a0cfe3594e787
cases/train02c_seismic_wave_compare/modal/result_b241.vtp	53930	71b942fa2ad931b918bf5412dd98ac79990f102434732c9fab1a0cfe3594e787
cases/train02c_seismic_wave_compare/modal/result_b242.vtp	53930	71b942fa2ad931b918bf5412dd98ac79990f102434732c9fab1a0cfe3594e787
cases/train02c_seismic_wave_compare/modal/result_b243.vtp	53930	71b942fa2ad931b918bf5412dd98ac79990f102434732c9fab1a0cfe3594e787
cases/train02c_seismic_wave_compare/modal/result_b244.vtp	53930	71b942fa2ad931b918bf5412dd98ac79990f102434732c9fab1a0cfe3594e787
cases/train02c_seismic_wave_compare/modal/result_b245.vtp	53930	71b942fa2ad931b918bf5412dd98ac79990f102434732c9fab1a0cfe3594e787
cases/train02c_seismic_wave_compare/modal/result_b246.vtp	53930	71b942fa2ad931b918bf5412dd98ac79990f102434732c9fab1a0cfe3594e787
cases/train02c_seismic_wave_compare/modal/result_b247.vtp	53930	71b942fa2ad931b918bf5412dd98ac79990f102434732c9fab1a0cfe3594e787
cases/train02c_seismic_wave_compare/modal/result_b248.vtp	53930	71b942fa2ad931b918bf5412dd98ac79990f102434732c9fab1a0cfe3594e787
cases/train02c_seismic_wave_compare/modal/result_b249.vtp	53930	71b942fa2ad931b918bf5412dd98ac79990f102434732c9fab1a0cfe3594e787
cases/train02c_seismic_wave_compare/modal/result_b25.vtp	53930	71b942fa2ad931b918bf5412dd98ac79990f102434732c9fab1a0cfe3594e787
cases/train02c_seismic_wave_compare/modal/result_b250.vtp	53930	71b942fa2ad931b918bf5412dd98ac79990f102434732c9fab1a0cfe3594e787
cases/train02c_seismic_wave_compare/modal/result_b251.vtp	53930	71b942fa2ad931b918bf5412dd98ac79990f102434732c9fab1a0cfe3594e787
cases/train02c_seismic_wave_compare/modal/result_b252.vtp	53930	71b942fa2ad931b918bf5412dd98ac79990f102434732c9fab1a0cfe3594e787
cases/train02c_seismic_wave_compare/modal/result_b253.vtp	53930	71b942fa2ad931b918bf5412dd98ac79990f102434732c9fab1a0cfe3594e787
cases/train02c_seismic_wave_compare/modal/result_b254.vtp	53930	71b942fa2ad931b918bf5412dd98ac79990f102434732c9fab1a0cfe3594e787
cases/train02c_seismic_wave_compare/modal/result_b255.vtp	53930	71b942fa2ad931b918bf5412dd98ac79990f102434732c9fab1a0cfe3594e787
cases/train02c_seismic_wave_compare/modal/result_b256.vtp	53930	71b942fa2ad931b918bf5412dd98ac79990f102434732c9fab1a0cfe3594e787
cases/train02c_seismic_wave_compare/modal/result_b257.vtp	53930	71b942fa2ad931b918bf5412dd98ac79990f102434732c9fab1a0cfe3594e787
cases/train02c_seismic_wave_compare/modal/result_b258.vtp	53930	71b942fa2ad931b918bf5412dd98ac79990f102434732c9fab1a0cfe3594e787
cases/train02c_seismic_wave_compare/modal/result_b259.vtp	53930	71b942fa2ad931b918bf5412dd98ac79990f102434732c9fab1a0cfe3594e787
cases/train02c_seismic_wave_compare/modal/result_b26.vtp	53930	71b942fa2ad931b918bf5412dd98ac79990f102434732c9fab1a0cfe3594e787
cases/train02c_seismic_wave_compare/modal/result_b260.vtp	53930	71b942fa2ad931b918bf5412dd98ac79990f102434732c9fab1a0cfe3594e787
cases/train02c_seismic_wave_compare/modal/result_b261.vtp	53930	71b942fa2ad931b918bf5412dd98ac79990f102434732c9fab1a0cfe3594e787
cases/train02c_seismic_wave_compare/modal/result_b262.vtp	53930	71b942fa2ad931b918bf5412dd98ac79990f102434732c9fab1a0cfe3594e787
cases/train02c_seismic_wave_compare/modal/result_b263.vtp	53930	71b942fa2ad931b918bf5412dd98ac79990f102434732c9fab1a0cfe3594e787
cases/train02c_seismic_wave_compare/modal/result_b264.vtp	53930	71b942fa2ad931b918bf5412dd98ac79990f102434732c9fab1a0cfe3594e787
cases/train02c_seismic_wave_compare/modal/result_b265.vtp	53930	71b942fa2ad931b918bf5412dd98ac79990f102434732c9fab1a0cfe3594e787
cases/train02c_seismic_wave_compare/modal/result_b266.vtp	53930	71b942fa2ad931b918bf5412dd98ac79990f102434732c9fab1a0cfe3594e787
cases/train02c_seismic_wave_compare/modal/result_b267.vtp	53930	71b942fa2ad931b918bf5412dd98ac79990f102434732c9fab1a0cfe3594e787
cases/train02c_seismic_wave_compare/modal/result_b268.vtp	53930	71b942fa2ad931b918bf5412dd98ac79990f102434732c9fab1a0cfe3594e787
cases/train02c_seismic_wave_compare/modal/result_b269.vtp	53930	71b942fa2ad931b918bf5412dd98ac79990f102434732c9fab1a0cfe3594e787
cases/train02c_seismic_wave_compare/modal/result_b27.vtp	53930	71b942fa2ad931b918bf5412dd98ac79990f102434732c9fab1a0cfe3594e787
cases/train02c_seismic_wave_compare/modal/result_b270.vtp	53930	71b942fa2ad931b918bf5412dd98ac79990f102434732c9fab1a0cfe3594e787
cases/train02c_seismic_wave_compare/modal/result_b271.vtp	53930	71b942fa2ad931b918bf5412dd98ac79990f102434732c9fab1a0cfe3594e787
cases/train02c_seismic_wave_compare/modal/result_b272.vtp	53930	71b942fa2ad931b918bf5412dd98ac79990f102434732c9fab1a0cfe3594e787
cases/train02c_seismic_wave_compare/modal/result_b273.vtp	53930	71b942fa2ad931b918bf5412dd98ac79990f102434732c9fab1a0cfe3594e787
cases/train02c_seismic_wave_compare/modal/result_b274.vtp	53930	71b942fa2ad931b918bf5412dd98ac79990f102434732c9fab1a0cfe3594e787
cases/train02c_seismic_wave_compare/modal/result_b275.vtp	53930	71b942fa2ad931b918bf5412dd98ac79990f102434732c9fab1a0cfe3594e787
cases/train02c_seismic_wave_compare/modal/result_b276.vtp	53930	71b942fa2ad931b918bf5412dd98ac79990f102434732c9fab1a0cfe3594e787
cases/train02c_seismic_wave_compare/modal/result_b277.vtp	53930	71b942fa2ad931b918bf5412dd98ac79990f102434732c9fab1a0cfe3594e787
cases/train02c_seismic_wave_compare/modal/result_b278.vtp	53930	71b942fa2ad931b918bf5412dd98ac79990f102434732c9fab1a0cfe3594e787
cases/train02c_seismic_wave_compare/modal/result_b279.vtp	53930	71b942fa2ad931b918bf5412dd98ac79990f102434732c9fab1a0cfe3594e787
cases/train02c_seismic_wave_compare/modal/result_b28.vtp	53930	71b942fa2ad931b918bf5412dd98ac79990f102434732c9fab1a0cfe3594e787
cases/train02c_seismic_wave_compare/modal/result_b280.vtp	53930	71b942fa2ad931b918bf5412dd98ac79990f102434732c9fab1a0cfe3594e787
cases/train02c_seismic_wave_compare/modal/result_b281.vtp	53930	71b942fa2ad931b918bf5412dd98ac79990f102434732c9fab1a0cfe3594e787
cases/train02c_seismic_wave_compare/modal/result_b282.vtp	53930	71b942fa2ad931b918bf5412dd98ac79990f102434732c9fab1a0cfe3594e787
cases/train02c_seismic_wave_compare/modal/result_b283.vtp	53930	71b942fa2ad931b918bf5412dd98ac79990f102434732c9fab1a0cfe3594e787
cases/train02c_seismic_wave_compare/modal/result_b284.vtp	53930	71b942fa2ad931b918bf5412dd98ac79990f102434732c9fab1a0cfe3594e787
cases/train02c_seismic_wave_compare/modal/result_b285.vtp	53930	71b942fa2ad931b918bf5412dd98ac79990f102434732c9fab1a0cfe3594e787
cases/train02c_seismic_wave_compare/modal/result_b286.vtp	53930	71b942fa2ad931b918bf5412dd98ac79990f102434732c9fab1a0cfe3594e787
cases/train02c_seismic_wave_compare/modal/result_b287.vtp	53930	71b942fa2ad931b918bf5412dd98ac79990f102434732c9fab1a0cfe3594e787
cases/train02c_seismic_wave_compare/modal/result_b288.vtp	53930	71b942fa2ad931b918bf5412dd98ac79990f102434732c9fab1a0cfe3594e787
cases/train02c_seismic_wave_compare/modal/result_b289.vtp	53930	71b942fa2ad931b918bf5412dd98ac79990f102434732c9fab1a0cfe3594e787
cases/train02c_seismic_wave_compare/modal/result_b29.vtp	53930	71b942fa2ad931b918bf5412dd98ac79990f102434732c9fab1a0cfe3594e787
cases/train02c_seismic_wave_compare/modal/result_b290.vtp	53930	71b942fa2ad931b918bf5412dd98ac79990f102434732c9fab1a0cfe3594e787
cases/train02c_seismic_wave_compare/modal/result_b291.vtp	53930	71b942fa2ad931b918bf5412dd98ac79990f102434732c9fab1a0cfe3594e787
cases/train02c_seismic_wave_compare/modal/result_b292.vtp	53930	71b942fa2ad931b918bf5412dd98ac79990f102434732c9fab1a0cfe3594e787
cases/train02c_seismic_wave_compare/modal/result_b293.vtp	53930	71b942fa2ad931b918bf5412dd98ac79990f102434732c9fab1a0cfe3594e787
cases/train02c_seismic_wave_compare/modal/result_b294.vtp	53930	71b942fa2ad931b918bf5412dd98ac79990f102434732c9fab1a0cfe3594e787
cases/train02c_seismic_wave_compare/modal/result_b295.vtp	53930	71b942fa2ad931b918bf5412dd98ac79990f102434732c9fab1a0cfe3594e787
cases/train02c_seismic_wave_compare/modal/result_b296.vtp	53930	71b942fa2ad931b918bf5412dd98ac79990f102434732c9fab1a0cfe3594e787
cases/train02c_seismic_wave_compare/modal/result_b297.vtp	53930	71b942fa2ad931b918bf5412dd98ac79990f102434732c9fab1a0cfe3594e787
cases/train02c_seismic_wave_compare/modal/result_b298.vtp	53930	71b942fa2ad931b918bf5412dd98ac79990f102434732c9fab1a0cfe3594e787
cases/train02c_seismic_wave_compare/modal/result_b299.vtp	53930	71b942fa2ad931b918bf5412dd98ac79990f102434732c9fab1a0cfe3594e787
cases/train02c_seismic_wave_compare/modal/result_b3.vtp	53537	2c179916ceb42765763d14b5c39f10c344c5b9fa1a58e8f905877672e410e88b
cases/train02c_seismic_wave_compare/modal/result_b30.vtp	53930	71b942fa2ad931b918bf5412dd98ac79990f102434732c9fab1a0cfe3594e787
cases/train02c_seismic_wave_compare/modal/result_b300.vtp	53930	71b942fa2ad931b918bf5412dd98ac79990f102434732c9fab1a0cfe3594e787
cases/train02c_seismic_wave_compare/modal/result_b301.vtp	53930	71b942fa2ad931b918bf5412dd98ac79990f102434732c9fab1a0cfe3594e787
cases/train02c_seismic_wave_compare/modal/result_b302.vtp	53930	71b942fa2ad931b918bf5412dd98ac79990f102434732c9fab1a0cfe3594e787
cases/train02c_seismic_wave_compare/modal/result_b303.vtp	53930	71b942fa2ad931b918bf5412dd98ac79990f102434732c9fab1a0cfe3594e787
cases/train02c_seismic_wave_compare/modal/result_b304.vtp	53930	71b942fa2ad931b918bf5412dd98ac79990f102434732c9fab1a0cfe3594e787
cases/train02c_seismic_wave_compare/modal/result_b305.vtp	53930	71b942fa2ad931b918bf5412dd98ac79990f102434732c9fab1a0cfe3594e787
cases/train02c_seismic_wave_compare/modal/result_b306.vtp	53930	71b942fa2ad931b918bf5412dd98ac79990f102434732c9fab1a0cfe3594e787
cases/train02c_seismic_wave_compare/modal/result_b307.vtp	53930	71b942fa2ad931b918bf5412dd98ac79990f102434732c9fab1a0cfe3594e787
cases/train02c_seismic_wave_compare/modal/result_b308.vtp	53930	71b942fa2ad931b918bf5412dd98ac79990f102434732c9fab1a0cfe3594e787
cases/train02c_seismic_wave_compare/modal/result_b309.vtp	53930	71b942fa2ad931b918bf5412dd98ac79990f102434732c9fab1a0cfe3594e787
cases/train02c_seismic_wave_compare/modal/result_b31.vtp	53930	71b942fa2ad931b918bf5412dd98ac79990f102434732c9fab1a0cfe3594e787
cases/train02c_seismic_wave_compare/modal/result_b310.vtp	53930	71b942fa2ad931b918bf5412dd98ac79990f102434732c9fab1a0cfe3594e787
cases/train02c_seismic_wave_compare/modal/result_b311.vtp	53930	71b942fa2ad931b918bf5412dd98ac79990f102434732c9fab1a0cfe3594e787
cases/train02c_seismic_wave_compare/modal/result_b312.vtp	53930	71b942fa2ad931b918bf5412dd98ac79990f102434732c9fab1a0cfe3594e787
cases/train02c_seismic_wave_compare/modal/result_b313.vtp	53930	71b942fa2ad931b918bf5412dd98ac79990f102434732c9fab1a0cfe3594e787
cases/train02c_seismic_wave_compare/modal/result_b314.vtp	53930	71b942fa2ad931b918bf5412dd98ac79990f102434732c9fab1a0cfe3594e787
cases/train02c_seismic_wave_compare/modal/result_b315.vtp	53930	71b942fa2ad931b918bf5412dd98ac79990f102434732c9fab1a0cfe3594e787
cases/train02c_seismic_wave_compare/modal/result_b316.vtp	53930	71b942fa2ad931b918bf5412dd98ac79990f102434732c9fab1a0cfe3594e787
cases/train02c_seismic_wave_compare/modal/result_b317.vtp	53930	71b942fa2ad931b918bf5412dd98ac79990f102434732c9fab1a0cfe3594e787
cases/train02c_seismic_wave_compare/modal/result_b318.vtp	53930	71b942fa2ad931b918bf5412dd98ac79990f102434732c9fab1a0cfe3594e787
cases/train02c_seismic_wave_compare/modal/result_b319.vtp	53930	71b942fa2ad931b918bf5412dd98ac79990f102434732c9fab1a0cfe3594e787
cases/train02c_seismic_wave_compare/modal/result_b32.vtp	53930	71b942fa2ad931b918bf5412dd98ac79990f102434732c9fab1a0cfe3594e787
cases/train02c_seismic_wave_compare/modal/result_b320.vtp	53930	71b942fa2ad931b918bf5412dd98ac79990f102434732c9fab1a0cfe3594e787
cases/train02c_seismic_wave_compare/modal/result_b321.vtp	53930	71b942fa2ad931b918bf5412dd98ac79990f102434732c9fab1a0cfe3594e787
cases/train02c_seismic_wave_compare/modal/result_b322.vtp	53930	71b942fa2ad931b918bf5412dd98ac79990f102434732c9fab1a0cfe3594e787
cases/train02c_seismic_wave_compare/modal/result_b323.vtp	53930	71b942fa2ad931b918bf5412dd98ac79990f102434732c9fab1a0cfe3594e787
cases/train02c_seismic_wave_compare/modal/result_b324.vtp	53930	71b942fa2ad931b918bf5412dd98ac79990f102434732c9fab1a0cfe3594e787
cases/train02c_seismic_wave_compare/modal/result_b325.vtp	53930	71b942fa2ad931b918bf5412dd98ac79990f102434732c9fab1a0cfe3594e787
cases/train02c_seismic_wave_compare/modal/result_b326.vtp	53930	71b942fa2ad931b918bf5412dd98ac79990f102434732c9fab1a0cfe3594e787
cases/train02c_seismic_wave_compare/modal/result_b327.vtp	53930	71b942fa2ad931b918bf5412dd98ac79990f102434732c9fab1a0cfe3594e787
cases/train02c_seismic_wave_compare/modal/result_b328.vtp	53930	71b942fa2ad931b918bf5412dd98ac79990f102434732c9fab1a0cfe3594e787
cases/train02c_seismic_wave_compare/modal/result_b329.vtp	53930	71b942fa2ad931b918bf5412dd98ac79990f102434732c9fab1a0cfe3594e787
cases/train02c_seismic_wave_compare/modal/result_b33.vtp	53930	71b942fa2ad931b918bf5412dd98ac79990f102434732c9fab1a0cfe3594e787
cases/train02c_seismic_wave_compare/modal/result_b330.vtp	53930	71b942fa2ad931b918bf5412dd98ac79990f102434732c9fab1a0cfe3594e787
cases/train02c_seismic_wave_compare/modal/result_b331.vtp	53930	71b942fa2ad931b918bf5412dd98ac79990f102434732c9fab1a0cfe3594e787
cases/train02c_seismic_wave_compare/modal/result_b332.vtp	53930	71b942fa2ad931b918bf5412dd98ac79990f102434732c9fab1a0cfe3594e787
cases/train02c_seismic_wave_compare/modal/result_b333.vtp	53930	71b942fa2ad931b918bf5412dd98ac79990f102434732c9fab1a0cfe3594e787
cases/train02c_seismic_wave_compare/modal/result_b334.vtp	53930	71b942fa2ad931b918bf5412dd98ac79990f102434732c9fab1a0cfe3594e787
cases/train02c_seismic_wave_compare/modal/result_b335.vtp	53930	71b942fa2ad931b918bf5412dd98ac79990f102434732c9fab1a0cfe3594e787
cases/train02c_seismic_wave_compare/modal/result_b336.vtp	53930	71b942fa2ad931b918bf5412dd98ac79990f102434732c9fab1a0cfe3594e787
cases/train02c_seismic_wave_compare/modal/result_b337.vtp	53930	71b942fa2ad931b918bf5412dd98ac79990f102434732c9fab1a0cfe3594e787
cases/train02c_seismic_wave_compare/modal/result_b338.vtp	53930	71b942fa2ad931b918bf5412dd98ac79990f102434732c9fab1a0cfe3594e787
cases/train02c_seismic_wave_compare/modal/result_b339.vtp	53930	71b942fa2ad931b918bf5412dd98ac79990f102434732c9fab1a0cfe3594e787
cases/train02c_seismic_wave_compare/modal/result_b34.vtp	53930	71b942fa2ad931b918bf5412dd98ac79990f102434732c9fab1a0cfe3594e787
cases/train02c_seismic_wave_compare/modal/result_b340.vtp	53930	71b942fa2ad931b918bf5412dd98ac79990f102434732c9fab1a0cfe3594e787
cases/train02c_seismic_wave_compare/modal/result_b341.vtp	53930	71b942fa2ad931b918bf5412dd98ac79990f102434732c9fab1a0cfe3594e787
cases/train02c_seismic_wave_compare/modal/result_b342.vtp	53930	71b942fa2ad931b918bf5412dd98ac79990f102434732c9fab1a0cfe3594e787
cases/train02c_seismic_wave_compare/modal/result_b343.vtp	53930	71b942fa2ad931b918bf5412dd98ac79990f102434732c9fab1a0cfe3594e787
cases/train02c_seismic_wave_compare/modal/result_b344.vtp	53930	71b942fa2ad931b918bf5412dd98ac79990f102434732c9fab1a0cfe3594e787
cases/train02c_seismic_wave_compare/modal/result_b345.vtp	53930	71b942fa2ad931b918bf5412dd98ac79990f102434732c9fab1a0cfe3594e787
cases/train02c_seismic_wave_compare/modal/result_b346.vtp	53930	71b942fa2ad931b918bf5412dd98ac79990f102434732c9fab1a0cfe3594e787
cases/train02c_seismic_wave_compare/modal/result_b347.vtp	53930	71b942fa2ad931b918bf5412dd98ac79990f102434732c9fab1a0cfe3594e787
cases/train02c_seismic_wave_compare/modal/result_b348.vtp	53930	71b942fa2ad931b918bf5412dd98ac79990f102434732c9fab1a0cfe3594e787
cases/train02c_seismic_wave_compare/modal/result_b349.vtp	53930	71b942fa2ad931b918bf5412dd98ac79990f102434732c9fab1a0cfe3594e787
cases/train02c_seismic_wave_compare/modal/result_b35.vtp	53930	71b942fa2ad931b918bf5412dd98ac79990f102434732c9fab1a0cfe3594e787
cases/train02c_seismic_wave_compare/modal/result_b350.vtp	53930	71b942fa2ad931b918bf5412dd98ac79990f102434732c9fab1a0cfe3594e787
cases/train02c_seismic_wave_compare/modal/result_b351.vtp	53930	71b942fa2ad931b918bf5412dd98ac79990f102434732c9fab1a0cfe3594e787
cases/train02c_seismic_wave_compare/modal/result_b352.vtp	53930	71b942fa2ad931b918bf5412dd98ac79990f102434732c9fab1a0cfe3594e787
cases/train02c_seismic_wave_compare/modal/result_b353.vtp	53930	71b942fa2ad931b918bf5412dd98ac79990f102434732c9fab1a0cfe3594e787
cases/train02c_seismic_wave_compare/modal/result_b354.vtp	53930	71b942fa2ad931b918bf5412dd98ac79990f102434732c9fab1a0cfe3594e787
cases/train02c_seismic_wave_compare/modal/result_b355.vtp	53930	71b942fa2ad931b918bf5412dd98ac79990f102434732c9fab1a0cfe3594e787
cases/train02c_seismic_wave_compare/modal/result_b356.vtp	53930	71b942fa2ad931b918bf5412dd98ac79990f102434732c9fab1a0cfe3594e787
cases/train02c_seismic_wave_compare/modal/result_b357.vtp	53930	71b942fa2ad931b918bf5412dd98ac79990f102434732c9fab1a0cfe3594e787
cases/train02c_seismic_wave_compare/modal/result_b358.vtp	53930	71b942fa2ad931b918bf5412dd98ac79990f102434732c9fab1a0cfe3594e787
cases/train02c_seismic_wave_compare/modal/result_b359.vtp	53930	71b942fa2ad931b918bf5412dd98ac79990f102434732c9fab1a0cfe3594e787
cases/train02c_seismic_wave_compare/modal/result_b36.vtp	53930	71b942fa2ad931b918bf5412dd98ac79990f102434732c9fab1a0cfe3594e787
cases/train02c_seismic_wave_compare/modal/result_b360.vtp	53930	71b942fa2ad931b918bf5412dd98ac79990f102434732c9fab1a0cfe3594e787
cases/train02c_seismic_wave_compare/modal/result_b361.vtp	53930	71b942fa2ad931b918bf5412dd98ac79990f102434732c9fab1a0cfe3594e787
cases/train02c_seismic_wave_compare/modal/result_b362.vtp	53930	71b942fa2ad931b918bf5412dd98ac79990f102434732c9fab1a0cfe3594e787
cases/train02c_seismic_wave_compare/modal/result_b363.vtp	53930	71b942fa2ad931b918bf5412dd98ac79990f102434732c9fab1a0cfe3594e787
cases/train02c_seismic_wave_compare/modal/result_b364.vtp	53930	71b942fa2ad931b918bf5412dd98ac79990f102434732c9fab1a0cfe3594e787
cases/train02c_seismic_wave_compare/modal/result_b365.vtp	53930	71b942fa2ad931b918bf5412dd98ac79990f102434732c9fab1a0cfe3594e787
cases/train02c_seismic_wave_compare/modal/result_b366.vtp	53930	71b942fa2ad931b918bf5412dd98ac79990f102434732c9fab1a0cfe3594e787
cases/train02c_seismic_wave_compare/modal/result_b367.vtp	53930	71b942fa2ad931b918bf5412dd98ac79990f102434732c9fab1a0cfe3594e787
cases/train02c_seismic_wave_compare/modal/result_b368.vtp	53930	71b942fa2ad931b918bf5412dd98ac79990f102434732c9fab1a0cfe3594e787
cases/train02c_seismic_wave_compare/modal/result_b369.vtp	53930	71b942fa2ad931b918bf5412dd98ac79990f102434732c9fab1a0cfe3594e787
cases/train02c_seismic_wave_compare/modal/result_b37.vtp	53930	71b942fa2ad931b918bf5412dd98ac79990f102434732c9fab1a0cfe3594e787
cases/train02c_seismic_wave_compare/modal/result_b370.vtp	53930	71b942fa2ad931b918bf5412dd98ac79990f102434732c9fab1a0cfe3594e787
cases/train02c_seismic_wave_compare/modal/result_b371.vtp	53930	71b942fa2ad931b918bf5412dd98ac79990f102434732c9fab1a0cfe3594e787
cases/train02c_seismic_wave_compare/modal/result_b372.vtp	53930	71b942fa2ad931b918bf5412dd98ac79990f102434732c9fab1a0cfe3594e787
cases/train02c_seismic_wave_compare/modal/result_b373.vtp	53930	71b942fa2ad931b918bf5412dd98ac79990f102434732c9fab1a0cfe3594e787
cases/train02c_seismic_wave_compare/modal/result_b374.vtp	53930	71b942fa2ad931b918bf5412dd98ac79990f102434732c9fab1a0cfe3594e787
cases/train02c_seismic_wave_compare/modal/result_b375.vtp	53930	71b942fa2ad931b918bf5412dd98ac79990f102434732c9fab1a0cfe3594e787
cases/train02c_seismic_wave_compare/modal/result_b376.vtp	53930	71b942fa2ad931b918bf5412dd98ac79990f102434732c9fab1a0cfe3594e787
cases/train02c_seismic_wave_compare/modal/result_b377.vtp	53930	71b942fa2ad931b918bf5412dd98ac79990f102434732c9fab1a0cfe3594e787
cases/train02c_seismic_wave_compare/modal/result_b378.vtp	53930	71b942fa2ad931b918bf5412dd98ac79990f102434732c9fab1a0cfe3594e787
cases/train02c_seismic_wave_compare/modal/result_b379.vtp	53930	71b942fa2ad931b918bf5412dd98ac79990f102434732c9fab1a0cfe3594e787
cases/train02c_seismic_wave_compare/modal/result_b38.vtp	53930	71b942fa2ad931b918bf5412dd98ac79990f102434732c9fab1a0cfe3594e787
cases/train02c_seismic_wave_compare/modal/result_b380.vtp	53930	71b942fa2ad931b918bf5412dd98ac79990f102434732c9fab1a0cfe3594e787
cases/train02c_seismic_wave_compare/modal/result_b381.vtp	53930	71b942fa2ad931b918bf5412dd98ac79990f102434732c9fab1a0cfe3594e787
cases/train02c_seismic_wave_compare/modal/result_b382.vtp	53930	71b942fa2ad931b918bf5412dd98ac79990f102434732c9fab1a0cfe3594e787
cases/train02c_seismic_wave_compare/modal/result_b383.vtp	53930	71b942fa2ad931b918bf5412dd98ac79990f102434732c9fab1a0cfe3594e787
cases/train02c_seismic_wave_compare/modal/result_b384.vtp	53930	71b942fa2ad931b918bf5412dd98ac79990f102434732c9fab1a0cfe3594e787
cases/train02c_seismic_wave_compare/modal/result_b385.vtp	53930	71b942fa2ad931b918bf5412dd98ac79990f102434732c9fab1a0cfe3594e787
cases/train02c_seismic_wave_compare/modal/result_b386.vtp	53930	71b942fa2ad931b918bf5412dd98ac79990f102434732c9fab1a0cfe3594e787
cases/train02c_seismic_wave_compare/modal/result_b387.vtp	53930	71b942fa2ad931b918bf5412dd98ac79990f102434732c9fab1a0cfe3594e787
cases/train02c_seismic_wave_compare/modal/result_b388.vtp	53930	71b942fa2ad931b918bf5412dd98ac79990f102434732c9fab1a0cfe3594e787
cases/train02c_seismic_wave_compare/modal/result_b389.vtp	53930	71b942fa2ad931b918bf5412dd98ac79990f102434732c9fab1a0cfe3594e787
cases/train02c_seismic_wave_compare/modal/result_b39.vtp	53930	71b942fa2ad931b918bf5412dd98ac79990f102434732c9fab1a0cfe3594e787
cases/train02c_seismic_wave_compare/modal/result_b390.vtp	53930	71b942fa2ad931b918bf5412dd98ac79990f102434732c9fab1a0cfe3594e787
cases/train02c_seismic_wave_compare/modal/result_b391.vtp	53930	71b942fa2ad931b918bf5412dd98ac79990f102434732c9fab1a0cfe3594e787
cases/train02c_seismic_wave_compare/modal/result_b392.vtp	53930	71b942fa2ad931b918bf5412dd98ac79990f102434732c9fab1a0cfe3594e787
cases/train02c_seismic_wave_compare/modal/result_b393.vtp	53930	71b942fa2ad931b918bf5412dd98ac79990f102434732c9fab1a0cfe3594e787
cases/train02c_seismic_wave_compare/modal/result_b394.vtp	53930	71b942fa2ad931b918bf5412dd98ac79990f102434732c9fab1a0cfe3594e787
cases/train02c_seismic_wave_compare/modal/result_b395.vtp	53930	71b942fa2ad931b918bf5412dd98ac79990f102434732c9fab1a0cfe3594e787
cases/train02c_seismic_wave_compare/modal/result_b396.vtp	53930	71b942fa2ad931b918bf5412dd98ac79990f102434732c9fab1a0cfe3594e787
cases/train02c_seismic_wave_compare/modal/result_b397.vtp	53930	71b942fa2ad931b918bf5412dd98ac79990f102434732c9fab1a0cfe3594e787
cases/train02c_seismic_wave_compare/modal/result_b398.vtp	53930	71b942fa2ad931b918bf5412dd98ac79990f102434732c9fab1a0cfe3594e787
cases/train02c_seismic_wave_compare/modal/result_b399.vtp	53930	71b942fa2ad931b918bf5412dd98ac79990f102434732c9fab1a0cfe3594e787
cases/train02c_seismic_wave_compare/modal/result_b4.vtp	53649	0e007bb9b42c93550fe575707b260aad3cf54bff4991c70300742acc4190d121
cases/train02c_seismic_wave_compare/modal/result_b40.vtp	53930	71b942fa2ad931b918bf5412dd98ac79990f102434732c9fab1a0cfe3594e787
cases/train02c_seismic_wave_compare/modal/result_b400.vtp	53930	71b942fa2ad931b918bf5412dd98ac79990f102434732c9fab1a0cfe3594e787
cases/train02c_seismic_wave_compare/modal/result_b401.vtp	53930	71b942fa2ad931b918bf5412dd98ac79990f102434732c9fab1a0cfe3594e787
cases/train02c_seismic_wave_compare/modal/result_b402.vtp	53930	71b942fa2ad931b918bf5412dd98ac79990f102434732c9fab1a0cfe3594e787
cases/train02c_seismic_wave_compare/modal/result_b403.vtp	53930	71b942fa2ad931b918bf5412dd98ac79990f102434732c9fab1a0cfe3594e787
cases/train02c_seismic_wave_compare/modal/result_b404.vtp	53930	71b942fa2ad931b918bf5412dd98ac79990f102434732c9fab1a0cfe3594e787
cases/train02c_seismic_wave_compare/modal/result_b405.vtp	53930	71b942fa2ad931b918bf5412dd98ac79990f102434732c9fab1a0cfe3594e787
cases/train02c_seismic_wave_compare/modal/result_b406.vtp	53930	71b942fa2ad931b918bf5412dd98ac79990f102434732c9fab1a0cfe3594e787
cases/train02c_seismic_wave_compare/modal/result_b407.vtp	53930	71b942fa2ad931b918bf5412dd98ac79990f102434732c9fab1a0cfe3594e787
cases/train02c_seismic_wave_compare/modal/result_b408.vtp	53930	71b942fa2ad931b918bf5412dd98ac79990f102434732c9fab1a0cfe3594e787
cases/train02c_seismic_wave_compare/modal/result_b409.vtp	53930	71b942fa2ad931b918bf5412dd98ac79990f102434732c9fab1a0cfe3594e787
cases/train02c_seismic_wave_compare/modal/result_b41.vtp	53930	71b942fa2ad931b918bf5412dd98ac79990f102434732c9fab1a0cfe3594e787
cases/train02c_seismic_wave_compare/modal/result_b410.vtp	53930	71b942fa2ad931b918bf5412dd98ac79990f102434732c9fab1a0cfe3594e787
cases/train02c_seismic_wave_compare/modal/result_b411.vtp	53930	71b942fa2ad931b918bf5412dd98ac79990f102434732c9fab1a0cfe3594e787
cases/train02c_seismic_wave_compare/modal/result_b412.vtp	53930	71b942fa2ad931b918bf5412dd98ac79990f102434732c9fab1a0cfe3594e787
cases/train02c_seismic_wave_compare/modal/result_b413.vtp	53930	71b942fa2ad931b918bf5412dd98ac79990f102434732c9fab1a0cfe3594e787
cases/train02c_seismic_wave_compare/modal/result_b414.vtp	53930	71b942fa2ad931b918bf5412dd98ac79990f102434732c9fab1a0cfe3594e787
cases/train02c_seismic_wave_compare/modal/result_b415.vtp	53930	71b942fa2ad931b918bf5412dd98ac79990f102434732c9fab1a0cfe3594e787
cases/train02c_seismic_wave_compare/modal/result_b416.vtp	53930	71b942fa2ad931b918bf5412dd98ac79990f102434732c9fab1a0cfe3594e787
cases/train02c_seismic_wave_compare/modal/result_b417.vtp	53930	71b942fa2ad931b918bf5412dd98ac79990f102434732c9fab1a0cfe3594e787
cases/train02c_seismic_wave_compare/modal/result_b418.vtp	53930	71b942fa2ad931b918bf5412dd98ac79990f102434732c9fab1a0cfe3594e787
cases/train02c_seismic_wave_compare/modal/result_b419.vtp	53930	71b942fa2ad931b918bf5412dd98ac79990f102434732c9fab1a0cfe3594e787
cases/train02c_seismic_wave_compare/modal/result_b42.vtp	53930	71b942fa2ad931b918bf5412dd98ac79990f102434732c9fab1a0cfe3594e787
cases/train02c_seismic_wave_compare/modal/result_b420.vtp	53930	71b942fa2ad931b918bf5412dd98ac79990f102434732c9fab1a0cfe3594e787
cases/train02c_seismic_wave_compare/modal/result_b421.vtp	53930	71b942fa2ad931b918bf5412dd98ac79990f102434732c9fab1a0cfe3594e787
cases/train02c_seismic_wave_compare/modal/result_b422.vtp	53930	71b942fa2ad931b918bf5412dd98ac79990f102434732c9fab1a0cfe3594e787
cases/train02c_seismic_wave_compare/modal/result_b423.vtp	53930	71b942fa2ad931b918bf5412dd98ac79990f102434732c9fab1a0cfe3594e787
cases/train02c_seismic_wave_compare/modal/result_b424.vtp	53930	71b942fa2ad931b918bf5412dd98ac79990f102434732c9fab1a0cfe3594e787
cases/train02c_seismic_wave_compare/modal/result_b425.vtp	53930	71b942fa2ad931b918bf5412dd98ac79990f102434732c9fab1a0cfe3594e787
cases/train02c_seismic_wave_compare/modal/result_b426.vtp	53930	71b942fa2ad931b918bf5412dd98ac79990f102434732c9fab1a0cfe3594e787
cases/train02c_seismic_wave_compare/modal/result_b427.vtp	53930	71b942fa2ad931b918bf5412dd98ac79990f102434732c9fab1a0cfe3594e787
cases/train02c_seismic_wave_compare/modal/result_b428.vtp	53930	71b942fa2ad931b918bf5412dd98ac79990f102434732c9fab1a0cfe3594e787
cases/train02c_seismic_wave_compare/modal/result_b429.vtp	53930	71b942fa2ad931b918bf5412dd98ac79990f102434732c9fab1a0cfe3594e787
cases/train02c_seismic_wave_compare/modal/result_b43.vtp	53930	71b942fa2ad931b918bf5412dd98ac79990f102434732c9fab1a0cfe3594e787
cases/train02c_seismic_wave_compare/modal/result_b430.vtp	53930	71b942fa2ad931b918bf5412dd98ac79990f102434732c9fab1a0cfe3594e787
cases/train02c_seismic_wave_compare/modal/result_b431.vtp	53930	71b942fa2ad931b918bf5412dd98ac79990f102434732c9fab1a0cfe3594e787
cases/train02c_seismic_wave_compare/modal/result_b432.vtp	53930	71b942fa2ad931b918bf5412dd98ac79990f102434732c9fab1a0cfe3594e787
cases/train02c_seismic_wave_compare/modal/result_b433.vtp	53930	71b942fa2ad931b918bf5412dd98ac79990f102434732c9fab1a0cfe3594e787
cases/train02c_seismic_wave_compare/modal/result_b434.vtp	53930	71b942fa2ad931b918bf5412dd98ac79990f102434732c9fab1a0cfe3594e787
cases/train02c_seismic_wave_compare/modal/result_b435.vtp	53930	71b942fa2ad931b918bf5412dd98ac79990f102434732c9fab1a0cfe3594e787
cases/train02c_seismic_wave_compare/modal/result_b436.vtp	53930	71b942fa2ad931b918bf5412dd98ac79990f102434732c9fab1a0cfe3594e787
cases/train02c_seismic_wave_compare/modal/result_b437.vtp	53930	71b942fa2ad931b918bf5412dd98ac79990f102434732c9fab1a0cfe3594e787
cases/train02c_seismic_wave_compare/modal/result_b438.vtp	53930	71b942fa2ad931b918bf5412dd98ac79990f102434732c9fab1a0cfe3594e787
cases/train02c_seismic_wave_compare/modal/result_b439.vtp	53930	71b942fa2ad931b918bf5412dd98ac79990f102434732c9fab1a0cfe3594e787
cases/train02c_seismic_wave_compare/modal/result_b44.vtp	53930	71b942fa2ad931b918bf5412dd98ac79990f102434732c9fab1a0cfe3594e787
cases/train02c_seismic_wave_compare/modal/result_b440.vtp	53930	71b942fa2ad931b918bf5412dd98ac79990f102434732c9fab1a0cfe3594e787
cases/train02c_seismic_wave_compare/modal/result_b441.vtp	53930	71b942fa2ad931b918bf5412dd98ac79990f102434732c9fab1a0cfe3594e787
cases/train02c_seismic_wave_compare/modal/result_b442.vtp	53930	71b942fa2ad931b918bf5412dd98ac79990f102434732c9fab1a0cfe3594e787
cases/train02c_seismic_wave_compare/modal/result_b443.vtp	53930	71b942fa2ad931b918bf5412dd98ac79990f102434732c9fab1a0cfe3594e787
cases/train02c_seismic_wave_compare/modal/result_b444.vtp	53930	71b942fa2ad931b918bf5412dd98ac79990f102434732c9fab1a0cfe3594e787
cases/train02c_seismic_wave_compare/modal/result_b445.vtp	53930	71b942fa2ad931b918bf5412dd98ac79990f102434732c9fab1a0cfe3594e787
cases/train02c_seismic_wave_compare/modal/result_b446.vtp	53930	71b942fa2ad931b918bf5412dd98ac79990f102434732c9fab1a0cfe3594e787
cases/train02c_seismic_wave_compare/modal/result_b447.vtp	53930	71b942fa2ad931b918bf5412dd98ac79990f102434732c9fab1a0cfe3594e787
cases/train02c_seismic_wave_compare/modal/result_b448.vtp	53930	71b942fa2ad931b918bf5412dd98ac79990f102434732c9fab1a0cfe3594e787
cases/train02c_seismic_wave_compare/modal/result_b449.vtp	53930	71b942fa2ad931b918bf5412dd98ac79990f102434732c9fab1a0cfe3594e787
cases/train02c_seismic_wave_compare/modal/result_b45.vtp	53930	71b942fa2ad931b918bf5412dd98ac79990f102434732c9fab1a0cfe3594e787
cases/train02c_seismic_wave_compare/modal/result_b450.vtp	53930	71b942fa2ad931b918bf5412dd98ac79990f102434732c9fab1a0cfe3594e787
cases/train02c_seismic_wave_compare/modal/result_b451.vtp	53930	71b942fa2ad931b918bf5412dd98ac79990f102434732c9fab1a0cfe3594e787
cases/train02c_seismic_wave_compare/modal/result_b452.vtp	53930	71b942fa2ad931b918bf5412dd98ac79990f102434732c9fab1a0cfe3594e787
cases/train02c_seismic_wave_compare/modal/result_b453.vtp	53930	71b942fa2ad931b918bf5412dd98ac79990f102434732c9fab1a0cfe3594e787
cases/train02c_seismic_wave_compare/modal/result_b454.vtp	53930	71b942fa2ad931b918bf5412dd98ac79990f102434732c9fab1a0cfe3594e787
cases/train02c_seismic_wave_compare/modal/result_b455.vtp	53930	71b942fa2ad931b918bf5412dd98ac79990f102434732c9fab1a0cfe3594e787
cases/train02c_seismic_wave_compare/modal/result_b456.vtp	53930	71b942fa2ad931b918bf5412dd98ac79990f102434732c9fab1a0cfe3594e787
cases/train02c_seismic_wave_compare/modal/result_b457.vtp	53930	71b942fa2ad931b918bf5412dd98ac79990f102434732c9fab1a0cfe3594e787
cases/train02c_seismic_wave_compare/modal/result_b458.vtp	53930	71b942fa2ad931b918bf5412dd98ac79990f102434732c9fab1a0cfe3594e787
cases/train02c_seismic_wave_compare/modal/result_b459.vtp	53930	71b942fa2ad931b918bf5412dd98ac79990f102434732c9fab1a0cfe3594e787
cases/train02c_seismic_wave_compare/modal/result_b46.vtp	53930	71b942fa2ad931b918bf5412dd98ac79990f102434732c9fab1a0cfe3594e787
cases/train02c_seismic_wave_compare/modal/result_b460.vtp	53930	71b942fa2ad931b918bf5412dd98ac79990f102434732c9fab1a0cfe3594e787
cases/train02c_seismic_wave_compare/modal/result_b461.vtp	53930	71b942fa2ad931b918bf5412dd98ac79990f102434732c9fab1a0cfe3594e787
cases/train02c_seismic_wave_compare/modal/result_b462.vtp	53930	71b942fa2ad931b918bf5412dd98ac79990f102434732c9fab1a0cfe3594e787
cases/train02c_seismic_wave_compare/modal/result_b463.vtp	53930	71b942fa2ad931b918bf5412dd98ac79990f102434732c9fab1a0cfe3594e787
cases/train02c_seismic_wave_compare/modal/result_b464.vtp	53930	71b942fa2ad931b918bf5412dd98ac79990f102434732c9fab1a0cfe3594e787
cases/train02c_seismic_wave_compare/modal/result_b465.vtp	53930	71b942fa2ad931b918bf5412dd98ac79990f102434732c9fab1a0cfe3594e787
cases/train02c_seismic_wave_compare/modal/result_b466.vtp	53930	71b942fa2ad931b918bf5412dd98ac79990f102434732c9fab1a0cfe3594e787
cases/train02c_seismic_wave_compare/modal/result_b467.vtp	53930	71b942fa2ad931b918bf5412dd98ac79990f102434732c9fab1a0cfe3594e787
cases/train02c_seismic_wave_compare/modal/result_b468.vtp	53930	71b942fa2ad931b918bf5412dd98ac79990f102434732c9fab1a0cfe3594e787
cases/train02c_seismic_wave_compare/modal/result_b469.vtp	53930	71b942fa2ad931b918bf5412dd98ac79990f102434732c9fab1a0cfe3594e787
cases/train02c_seismic_wave_compare/modal/result_b47.vtp	53930	71b942fa2ad931b918bf5412dd98ac79990f102434732c9fab1a0cfe3594e787
cases/train02c_seismic_wave_compare/modal/result_b470.vtp	53930	71b942fa2ad931b918bf5412dd98ac79990f102434732c9fab1a0cfe3594e787
cases/train02c_seismic_wave_compare/modal/result_b471.vtp	53930	71b942fa2ad931b918bf5412dd98ac79990f102434732c9fab1a0cfe3594e787
cases/train02c_seismic_wave_compare/modal/result_b472.vtp	53930	71b942fa2ad931b918bf5412dd98ac79990f102434732c9fab1a0cfe3594e787
cases/train02c_seismic_wave_compare/modal/result_b473.vtp	53930	71b942fa2ad931b918bf5412dd98ac79990f102434732c9fab1a0cfe3594e787
cases/train02c_seismic_wave_compare/modal/result_b474.vtp	53930	71b942fa2ad931b918bf5412dd98ac79990f102434732c9fab1a0cfe3594e787
cases/train02c_seismic_wave_compare/modal/result_b475.vtp	53930	71b942fa2ad931b918bf5412dd98ac79990f102434732c9fab1a0cfe3594e787
cases/train02c_seismic_wave_compare/modal/result_b476.vtp	53930	71b942fa2ad931b918bf5412dd98ac79990f102434732c9fab1a0cfe3594e787
cases/train02c_seismic_wave_compare/modal/result_b477.vtp	53930	71b942fa2ad931b918bf5412dd98ac79990f102434732c9fab1a0cfe3594e787
cases/train02c_seismic_wave_compare/modal/result_b478.vtp	53930	71b942fa2ad931b918bf5412dd98ac79990f102434732c9fab1a0cfe3594e787
cases/train02c_seismic_wave_compare/modal/result_b479.vtp	53930	71b942fa2ad931b918bf5412dd98ac79990f102434732c9fab1a0cfe3594e787
cases/train02c_seismic_wave_compare/modal/result_b48.vtp	53930	71b942fa2ad931b918bf5412dd98ac79990f102434732c9fab1a0cfe3594e787
cases/train02c_seismic_wave_compare/modal/result_b480.vtp	53930	71b942fa2ad931b918bf5412dd98ac79990f102434732c9fab1a0cfe3594e787
cases/train02c_seismic_wave_compare/modal/result_b481.vtp	53930	71b942fa2ad931b918bf5412dd98ac79990f102434732c9fab1a0cfe3594e787
cases/train02c_seismic_wave_compare/modal/result_b482.vtp	53930	71b942fa2ad931b918bf5412dd98ac79990f102434732c9fab1a0cfe3594e787
cases/train02c_seismic_wave_compare/modal/result_b483.vtp	53930	71b942fa2ad931b918bf5412dd98ac79990f102434732c9fab1a0cfe3594e787
cases/train02c_seismic_wave_compare/modal/result_b484.vtp	53930	71b942fa2ad931b918bf5412dd98ac79990f102434732c9fab1a0cfe3594e787
cases/train02c_seismic_wave_compare/modal/result_b485.vtp	53930	71b942fa2ad931b918bf5412dd98ac79990f102434732c9fab1a0cfe3594e787
cases/train02c_seismic_wave_compare/modal/result_b486.vtp	53930	71b942fa2ad931b918bf5412dd98ac79990f102434732c9fab1a0cfe3594e787
cases/train02c_seismic_wave_compare/modal/result_b487.vtp	53930	71b942fa2ad931b918bf5412dd98ac79990f102434732c9fab1a0cfe3594e787
cases/train02c_seismic_wave_compare/modal/result_b488.vtp	53930	71b942fa2ad931b918bf5412dd98ac79990f102434732c9fab1a0cfe3594e787
cases/train02c_seismic_wave_compare/modal/result_b489.vtp	53930	71b942fa2ad931b918bf5412dd98ac79990f102434732c9fab1a0cfe3594e787
cases/train02c_seismic_wave_compare/modal/result_b49.vtp	53930	71b942fa2ad931b918bf5412dd98ac79990f102434732c9fab1a0cfe3594e787
cases/train02c_seismic_wave_compare/modal/result_b490.vtp	53930	71b942fa2ad931b918bf5412dd98ac79990f102434732c9fab1a0cfe3594e787
cases/train02c_seismic_wave_compare/modal/result_b491.vtp	53930	71b942fa2ad931b918bf5412dd98ac79990f102434732c9fab1a0cfe3594e787
cases/train02c_seismic_wave_compare/modal/result_b492.vtp	53930	71b942fa2ad931b918bf5412dd98ac79990f102434732c9fab1a0cfe3594e787
cases/train02c_seismic_wave_compare/modal/result_b493.vtp	53930	71b942fa2ad931b918bf5412dd98ac79990f102434732c9fab1a0cfe3594e787
cases/train02c_seismic_wave_compare/modal/result_b494.vtp	53930	71b942fa2ad931b918bf5412dd98ac79990f102434732c9fab1a0cfe3594e787
cases/train02c_seismic_wave_compare/modal/result_b495.vtp	53930	71b942fa2ad931b918bf5412dd98ac79990f102434732c9fab1a0cfe3594e787
cases/train02c_seismic_wave_compare/modal/result_b496.vtp	53930	71b942fa2ad931b918bf5412dd98ac79990f102434732c9fab1a0cfe3594e787
cases/train02c_seismic_wave_compare/modal/result_b497.vtp	53930	71b942fa2ad931b918bf5412dd98ac79990f102434732c9fab1a0cfe3594e787
cases/train02c_seismic_wave_compare/modal/result_b498.vtp	53930	71b942fa2ad931b918bf5412dd98ac79990f102434732c9fab1a0cfe3594e787
cases/train02c_seismic_wave_compare/modal/result_b499.vtp	53930	71b942fa2ad931b918bf5412dd98ac79990f102434732c9fab1a0cfe3594e787
cases/train02c_seismic_wave_compare/modal/result_b5.vtp	54030	bb21f915128c019305f941193514e93e11d2368ef9fde1513db3bc75ea43ef8e
cases/train02c_seismic_wave_compare/modal/result_b50.vtp	53930	71b942fa2ad931b918bf5412dd98ac79990f102434732c9fab1a0cfe3594e787
cases/train02c_seismic_wave_compare/modal/result_b500.vtp	53930	71b942fa2ad931b918bf5412dd98ac79990f102434732c9fab1a0cfe3594e787
cases/train02c_seismic_wave_compare/modal/result_b501.vtp	53930	71b942fa2ad931b918bf5412dd98ac79990f102434732c9fab1a0cfe3594e787
cases/train02c_seismic_wave_compare/modal/result_b502.vtp	53930	71b942fa2ad931b918bf5412dd98ac79990f102434732c9fab1a0cfe3594e787
cases/train02c_seismic_wave_compare/modal/result_b503.vtp	53930	71b942fa2ad931b918bf5412dd98ac79990f102434732c9fab1a0cfe3594e787
cases/train02c_seismic_wave_compare/modal/result_b504.vtp	53930	71b942fa2ad931b918bf5412dd98ac79990f102434732c9fab1a0cfe3594e787
cases/train02c_seismic_wave_compare/modal/result_b505.vtp	53930	71b942fa2ad931b918bf5412dd98ac79990f102434732c9fab1a0cfe3594e787
cases/train02c_seismic_wave_compare/modal/result_b506.vtp	53930	71b942fa2ad931b918bf5412dd98ac79990f102434732c9fab1a0cfe3594e787
cases/train02c_seismic_wave_compare/modal/result_b507.vtp	53930	71b942fa2ad931b918bf5412dd98ac79990f102434732c9fab1a0cfe3594e787
cases/train02c_seismic_wave_compare/modal/result_b508.vtp	53930	71b942fa2ad931b918bf5412dd98ac79990f102434732c9fab1a0cfe3594e787
cases/train02c_seismic_wave_compare/modal/result_b509.vtp	53930	71b942fa2ad931b918bf5412dd98ac79990f102434732c9fab1a0cfe3594e787
cases/train02c_seismic_wave_compare/modal/result_b51.vtp	53930	71b942fa2ad931b918bf5412dd98ac79990f102434732c9fab1a0cfe3594e787
cases/train02c_seismic_wave_compare/modal/result_b510.vtp	53930	71b942fa2ad931b918bf5412dd98ac79990f102434732c9fab1a0cfe3594e787
cases/train02c_seismic_wave_compare/modal/result_b511.vtp	53930	71b942fa2ad931b918bf5412dd98ac79990f102434732c9fab1a0cfe3594e787
cases/train02c_seismic_wave_compare/modal/result_b512.vtp	53930	71b942fa2ad931b918bf5412dd98ac79990f102434732c9fab1a0cfe3594e787
cases/train02c_seismic_wave_compare/modal/result_b513.vtp	53930	71b942fa2ad931b918bf5412dd98ac79990f102434732c9fab1a0cfe3594e787
cases/train02c_seismic_wave_compare/modal/result_b514.vtp	53930	71b942fa2ad931b918bf5412dd98ac79990f102434732c9fab1a0cfe3594e787
cases/train02c_seismic_wave_compare/modal/result_b515.vtp	53930	71b942fa2ad931b918bf5412dd98ac79990f102434732c9fab1a0cfe3594e787
cases/train02c_seismic_wave_compare/modal/result_b516.vtp	53930	71b942fa2ad931b918bf5412dd98ac79990f102434732c9fab1a0cfe3594e787
cases/train02c_seismic_wave_compare/modal/result_b517.vtp	53930	71b942fa2ad931b918bf5412dd98ac79990f102434732c9fab1a0cfe3594e787
cases/train02c_seismic_wave_compare/modal/result_b518.vtp	53930	71b942fa2ad931b918bf5412dd98ac79990f102434732c9fab1a0cfe3594e787
cases/train02c_seismic_wave_compare/modal/result_b519.vtp	53930	71b942fa2ad931b918bf5412dd98ac79990f102434732c9fab1a0cfe3594e787
cases/train02c_seismic_wave_compare/modal/result_b52.vtp	53930	71b942fa2ad931b918bf5412dd98ac79990f102434732c9fab1a0cfe3594e787
cases/train02c_seismic_wave_compare/modal/result_b520.vtp	53930	71b942fa2ad931b918bf5412dd98ac79990f102434732c9fab1a0cfe3594e787
cases/train02c_seismic_wave_compare/modal/result_b521.vtp	53930	71b942fa2ad931b918bf5412dd98ac79990f102434732c9fab1a0cfe3594e787
cases/train02c_seismic_wave_compare/modal/result_b522.vtp	53930	71b942fa2ad931b918bf5412dd98ac79990f102434732c9fab1a0cfe3594e787
cases/train02c_seismic_wave_compare/modal/result_b523.vtp	53930	71b942fa2ad931b918bf5412dd98ac79990f102434732c9fab1a0cfe3594e787
cases/train02c_seismic_wave_compare/modal/result_b524.vtp	53930	71b942fa2ad931b918bf5412dd98ac79990f102434732c9fab1a0cfe3594e787
cases/train02c_seismic_wave_compare/modal/result_b525.vtp	53930	71b942fa2ad931b918bf5412dd98ac79990f102434732c9fab1a0cfe3594e787
cases/train02c_seismic_wave_compare/modal/result_b526.vtp	53930	71b942fa2ad931b918bf5412dd98ac79990f102434732c9fab1a0cfe3594e787
cases/train02c_seismic_wave_compare/modal/result_b527.vtp	53930	71b942fa2ad931b918bf5412dd98ac79990f102434732c9fab1a0cfe3594e787
cases/train02c_seismic_wave_compare/modal/result_b528.vtp	53930	71b942fa2ad931b918bf5412dd98ac79990f102434732c9fab1a0cfe3594e787
cases/train02c_seismic_wave_compare/modal/result_b529.vtp	53930	71b942fa2ad931b918bf5412dd98ac79990f102434732c9fab1a0cfe3594e787
cases/train02c_seismic_wave_compare/modal/result_b53.vtp	53930	71b942fa2ad931b918bf5412dd98ac79990f102434732c9fab1a0cfe3594e787
cases/train02c_seismic_wave_compare/modal/result_b530.vtp	53930	71b942fa2ad931b918bf5412dd98ac79990f102434732c9fab1a0cfe3594e787
cases/train02c_seismic_wave_compare/modal/result_b531.vtp	53930	71b942fa2ad931b918bf5412dd98ac79990f102434732c9fab1a0cfe3594e787
cases/train02c_seismic_wave_compare/modal/result_b532.vtp	53930	71b942fa2ad931b918bf5412dd98ac79990f102434732c9fab1a0cfe3594e787
cases/train02c_seismic_wave_compare/modal/result_b533.vtp	53930	71b942fa2ad931b918bf5412dd98ac79990f102434732c9fab1a0cfe3594e787
cases/train02c_seismic_wave_compare/modal/result_b534.vtp	53930	71b942fa2ad931b918bf5412dd98ac79990f102434732c9fab1a0cfe3594e787
cases/train02c_seismic_wave_compare/modal/result_b535.vtp	53930	71b942fa2ad931b918bf5412dd98ac79990f102434732c9fab1a0cfe3594e787
cases/train02c_seismic_wave_compare/modal/result_b536.vtp	53930	71b942fa2ad931b918bf5412dd98ac79990f102434732c9fab1a0cfe3594e787
cases/train02c_seismic_wave_compare/modal/result_b537.vtp	53930	71b942fa2ad931b918bf5412dd98ac79990f102434732c9fab1a0cfe3594e787
cases/train02c_seismic_wave_compare/modal/result_b538.vtp	53930	71b942fa2ad931b918bf5412dd98ac79990f102434732c9fab1a0cfe3594e787
cases/train02c_seismic_wave_compare/modal/result_b539.vtp	53930	71b942fa2ad931b918bf5412dd98ac79990f102434732c9fab1a0cfe3594e787
cases/train02c_seismic_wave_compare/modal/result_b54.vtp	53930	71b942fa2ad931b918bf5412dd98ac79990f102434732c9fab1a0cfe3594e787
cases/train02c_seismic_wave_compare/modal/result_b540.vtp	53930	71b942fa2ad931b918bf5412dd98ac79990f102434732c9fab1a0cfe3594e787
cases/train02c_seismic_wave_compare/modal/result_b541.vtp	53930	71b942fa2ad931b918bf5412dd98ac79990f102434732c9fab1a0cfe3594e787
cases/train02c_seismic_wave_compare/modal/result_b542.vtp	53930	71b942fa2ad931b918bf5412dd98ac79990f102434732c9fab1a0cfe3594e787
cases/train02c_seismic_wave_compare/modal/result_b543.vtp	53930	71b942fa2ad931b918bf5412dd98ac79990f102434732c9fab1a0cfe3594e787
cases/train02c_seismic_wave_compare/modal/result_b544.vtp	53930	71b942fa2ad931b918bf5412dd98ac79990f102434732c9fab1a0cfe3594e787
cases/train02c_seismic_wave_compare/modal/result_b545.vtp	53930	71b942fa2ad931b918bf5412dd98ac79990f102434732c9fab1a0cfe3594e787
cases/train02c_seismic_wave_compare/modal/result_b546.vtp	53930	71b942fa2ad931b918bf5412dd98ac79990f102434732c9fab1a0cfe3594e787
cases/train02c_seismic_wave_compare/modal/result_b547.vtp	53930	71b942fa2ad931b918bf5412dd98ac79990f102434732c9fab1a0cfe3594e787
cases/train02c_seismic_wave_compare/modal/result_b548.vtp	53930	71b942fa2ad931b918bf5412dd98ac79990f102434732c9fab1a0cfe3594e787
cases/train02c_seismic_wave_compare/modal/result_b549.vtp	53930	71b942fa2ad931b918bf5412dd98ac79990f102434732c9fab1a0cfe3594e787
cases/train02c_seismic_wave_compare/modal/result_b55.vtp	53930	71b942fa2ad931b918bf5412dd98ac79990f102434732c9fab1a0cfe3594e787
cases/train02c_seismic_wave_compare/modal/result_b550.vtp	53930	71b942fa2ad931b918bf5412dd98ac79990f102434732c9fab1a0cfe3594e787
cases/train02c_seismic_wave_compare/modal/result_b551.vtp	53930	71b942fa2ad931b918bf5412dd98ac79990f102434732c9fab1a0cfe3594e787
cases/train02c_seismic_wave_compare/modal/result_b552.vtp	53930	71b942fa2ad931b918bf5412dd98ac79990f102434732c9fab1a0cfe3594e787
cases/train02c_seismic_wave_compare/modal/result_b553.vtp	53930	71b942fa2ad931b918bf5412dd98ac79990f102434732c9fab1a0cfe3594e787
cases/train02c_seismic_wave_compare/modal/result_b554.vtp	53930	71b942fa2ad931b918bf5412dd98ac79990f102434732c9fab1a0cfe3594e787
cases/train02c_seismic_wave_compare/modal/result_b555.vtp	53930	71b942fa2ad931b918bf5412dd98ac79990f102434732c9fab1a0cfe3594e787
cases/train02c_seismic_wave_compare/modal/result_b556.vtp	53930	71b942fa2ad931b918bf5412dd98ac79990f102434732c9fab1a0cfe3594e787
cases/train02c_seismic_wave_compare/modal/result_b557.vtp	53930	71b942fa2ad931b918bf5412dd98ac79990f102434732c9fab1a0cfe3594e787
cases/train02c_seismic_wave_compare/modal/result_b558.vtp	53930	71b942fa2ad931b918bf5412dd98ac79990f102434732c9fab1a0cfe3594e787
cases/train02c_seismic_wave_compare/modal/result_b559.vtp	53930	71b942fa2ad931b918bf5412dd98ac79990f102434732c9fab1a0cfe3594e787
cases/train02c_seismic_wave_compare/modal/result_b56.vtp	53930	71b942fa2ad931b918bf5412dd98ac79990f102434732c9fab1a0cfe3594e787
cases/train02c_seismic_wave_compare/modal/result_b560.vtp	53930	71b942fa2ad931b918bf5412dd98ac79990f102434732c9fab1a0cfe3594e787
cases/train02c_seismic_wave_compare/modal/result_b561.vtp	53930	71b942fa2ad931b918bf5412dd98ac79990f102434732c9fab1a0cfe3594e787
cases/train02c_seismic_wave_compare/modal/result_b562.vtp	53930	71b942fa2ad931b918bf5412dd98ac79990f102434732c9fab1a0cfe3594e787
cases/train02c_seismic_wave_compare/modal/result_b563.vtp	53930	71b942fa2ad931b918bf5412dd98ac79990f102434732c9fab1a0cfe3594e787
cases/train02c_seismic_wave_compare/modal/result_b564.vtp	53930	71b942fa2ad931b918bf5412dd98ac79990f102434732c9fab1a0cfe3594e787
cases/train02c_seismic_wave_compare/modal/result_b565.vtp	53930	71b942fa2ad931b918bf5412dd98ac79990f102434732c9fab1a0cfe3594e787
cases/train02c_seismic_wave_compare/modal/result_b566.vtp	53930	71b942fa2ad931b918bf5412dd98ac79990f102434732c9fab1a0cfe3594e787
cases/train02c_seismic_wave_compare/modal/result_b567.vtp	53930	71b942fa2ad931b918bf5412dd98ac79990f102434732c9fab1a0cfe3594e787
cases/train02c_seismic_wave_compare/modal/result_b568.vtp	53930	71b942fa2ad931b918bf5412dd98ac79990f102434732c9fab1a0cfe3594e787
cases/train02c_seismic_wave_compare/modal/result_b569.vtp	53930	71b942fa2ad931b918bf5412dd98ac79990f102434732c9fab1a0cfe3594e787
cases/train02c_seismic_wave_compare/modal/result_b57.vtp	53930	71b942fa2ad931b918bf5412dd98ac79990f102434732c9fab1a0cfe3594e787
cases/train02c_seismic_wave_compare/modal/result_b570.vtp	53930	71b942fa2ad931b918bf5412dd98ac79990f102434732c9fab1a0cfe3594e787
cases/train02c_seismic_wave_compare/modal/result_b571.vtp	53930	71b942fa2ad931b918bf5412dd98ac79990f102434732c9fab1a0cfe3594e787
cases/train02c_seismic_wave_compare/modal/result_b572.vtp	53930	71b942fa2ad931b918bf5412dd98ac79990f102434732c9fab1a0cfe3594e787
cases/train02c_seismic_wave_compare/modal/result_b573.vtp	53930	71b942fa2ad931b918bf5412dd98ac79990f102434732c9fab1a0cfe3594e787
cases/train02c_seismic_wave_compare/modal/result_b574.vtp	53930	71b942fa2ad931b918bf5412dd98ac79990f102434732c9fab1a0cfe3594e787
cases/train02c_seismic_wave_compare/modal/result_b575.vtp	53930	71b942fa2ad931b918bf5412dd98ac79990f102434732c9fab1a0cfe3594e787
cases/train02c_seismic_wave_compare/modal/result_b576.vtp	53930	71b942fa2ad931b918bf5412dd98ac79990f102434732c9fab1a0cfe3594e787
cases/train02c_seismic_wave_compare/modal/result_b577.vtp	53930	71b942fa2ad931b918bf5412dd98ac79990f102434732c9fab1a0cfe3594e787
cases/train02c_seismic_wave_compare/modal/result_b578.vtp	53930	71b942fa2ad931b918bf5412dd98ac79990f102434732c9fab1a0cfe3594e787
cases/train02c_seismic_wave_compare/modal/result_b579.vtp	53930	71b942fa2ad931b918bf5412dd98ac79990f102434732c9fab1a0cfe3594e787
cases/train02c_seismic_wave_compare/modal/result_b58.vtp	53930	71b942fa2ad931b918bf5412dd98ac79990f102434732c9fab1a0cfe3594e787
cases/train02c_seismic_wave_compare/modal/result_b580.vtp	53930	71b942fa2ad931b918bf5412dd98ac79990f102434732c9fab1a0cfe3594e787
cases/train02c_seismic_wave_compare/modal/result_b581.vtp	53930	71b942fa2ad931b918bf5412dd98ac79990f102434732c9fab1a0cfe3594e787
cases/train02c_seismic_wave_compare/modal/result_b582.vtp	53930	71b942fa2ad931b918bf5412dd98ac79990f102434732c9fab1a0cfe3594e787
cases/train02c_seismic_wave_compare/modal/result_b583.vtp	53930	71b942fa2ad931b918bf5412dd98ac79990f102434732c9fab1a0cfe3594e787
cases/train02c_seismic_wave_compare/modal/result_b584.vtp	53930	71b942fa2ad931b918bf5412dd98ac79990f102434732c9fab1a0cfe3594e787
cases/train02c_seismic_wave_compare/modal/result_b585.vtp	53930	71b942fa2ad931b918bf5412dd98ac79990f102434732c9fab1a0cfe3594e787
cases/train02c_seismic_wave_compare/modal/result_b586.vtp	53930	71b942fa2ad931b918bf5412dd98ac79990f102434732c9fab1a0cfe3594e787
cases/train02c_seismic_wave_compare/modal/result_b587.vtp	53930	71b942fa2ad931b918bf5412dd98ac79990f102434732c9fab1a0cfe3594e787
cases/train02c_seismic_wave_compare/modal/result_b588.vtp	53930	71b942fa2ad931b918bf5412dd98ac79990f102434732c9fab1a0cfe3594e787
cases/train02c_seismic_wave_compare/modal/result_b589.vtp	53930	71b942fa2ad931b918bf5412dd98ac79990f102434732c9fab1a0cfe3594e787
cases/train02c_seismic_wave_compare/modal/result_b59.vtp	53930	71b942fa2ad931b918bf5412dd98ac79990f102434732c9fab1a0cfe3594e787
cases/train02c_seismic_wave_compare/modal/result_b590.vtp	53930	71b942fa2ad931b918bf5412dd98ac79990f102434732c9fab1a0cfe3594e787
cases/train02c_seismic_wave_compare/modal/result_b591.vtp	53930	71b942fa2ad931b918bf5412dd98ac79990f102434732c9fab1a0cfe3594e787
cases/train02c_seismic_wave_compare/modal/result_b592.vtp	53930	71b942fa2ad931b918bf5412dd98ac79990f102434732c9fab1a0cfe3594e787
cases/train02c_seismic_wave_compare/modal/result_b593.vtp	53930	71b942fa2ad931b918bf5412dd98ac79990f102434732c9fab1a0cfe3594e787
cases/train02c_seismic_wave_compare/modal/result_b594.vtp	53930	71b942fa2ad931b918bf5412dd98ac79990f102434732c9fab1a0cfe3594e787
cases/train02c_seismic_wave_compare/modal/result_b595.vtp	53930	71b942fa2ad931b918bf5412dd98ac79990f102434732c9fab1a0cfe3594e787
cases/train02c_seismic_wave_compare/modal/result_b596.vtp	53930	71b942fa2ad931b918bf5412dd98ac79990f102434732c9fab1a0cfe3594e787
cases/train02c_seismic_wave_compare/modal/result_b597.vtp	53930	71b942fa2ad931b918bf5412dd98ac79990f102434732c9fab1a0cfe3594e787
cases/train02c_seismic_wave_compare/modal/result_b598.vtp	53930	71b942fa2ad931b918bf5412dd98ac79990f102434732c9fab1a0cfe3594e787
cases/train02c_seismic_wave_compare/modal/result_b599.vtp	53930	71b942fa2ad931b918bf5412dd98ac79990f102434732c9fab1a0cfe3594e787
cases/train02c_seismic_wave_compare/modal/result_b6.vtp	53831	9db20b7d45330bc149f9e467ff73a5be43e8573567c6f1b9ace0d2eaa12acc61
cases/train02c_seismic_wave_compare/modal/result_b60.vtp	53930	71b942fa2ad931b918bf5412dd98ac79990f102434732c9fab1a0cfe3594e787
cases/train02c_seismic_wave_compare/modal/result_b600.vtp	53930	71b942fa2ad931b918bf5412dd98ac79990f102434732c9fab1a0cfe3594e787
cases/train02c_seismic_wave_compare/modal/result_b601.vtp	53930	71b942fa2ad931b918bf5412dd98ac79990f102434732c9fab1a0cfe3594e787
cases/train02c_seismic_wave_compare/modal/result_b602.vtp	53930	71b942fa2ad931b918bf5412dd98ac79990f102434732c9fab1a0cfe3594e787
cases/train02c_seismic_wave_compare/modal/result_b603.vtp	53930	71b942fa2ad931b918bf5412dd98ac79990f102434732c9fab1a0cfe3594e787
cases/train02c_seismic_wave_compare/modal/result_b604.vtp	53930	71b942fa2ad931b918bf5412dd98ac79990f102434732c9fab1a0cfe3594e787
cases/train02c_seismic_wave_compare/modal/result_b605.vtp	53930	71b942fa2ad931b918bf5412dd98ac79990f102434732c9fab1a0cfe3594e787
cases/train02c_seismic_wave_compare/modal/result_b606.vtp	53930	71b942fa2ad931b918bf5412dd98ac79990f102434732c9fab1a0cfe3594e787
cases/train02c_seismic_wave_compare/modal/result_b607.vtp	53930	71b942fa2ad931b918bf5412dd98ac79990f102434732c9fab1a0cfe3594e787
cases/train02c_seismic_wave_compare/modal/result_b608.vtp	53930	71b942fa2ad931b918bf5412dd98ac79990f102434732c9fab1a0cfe3594e787
cases/train02c_seismic_wave_compare/modal/result_b609.vtp	53930	71b942fa2ad931b918bf5412dd98ac79990f102434732c9fab1a0cfe3594e787
cases/train02c_seismic_wave_compare/modal/result_b61.vtp	53930	71b942fa2ad931b918bf5412dd98ac79990f102434732c9fab1a0cfe3594e787
cases/train02c_seismic_wave_compare/modal/result_b610.vtp	53930	71b942fa2ad931b918bf5412dd98ac79990f102434732c9fab1a0cfe3594e787
cases/train02c_seismic_wave_compare/modal/result_b611.vtp	53930	71b942fa2ad931b918bf5412dd98ac79990f102434732c9fab1a0cfe3594e787
cases/train02c_seismic_wave_compare/modal/result_b612.vtp	53930	71b942fa2ad931b918bf5412dd98ac79990f102434732c9fab1a0cfe3594e787
cases/train02c_seismic_wave_compare/modal/result_b613.vtp	53930	71b942fa2ad931b918bf5412dd98ac79990f102434732c9fab1a0cfe3594e787
cases/train02c_seismic_wave_compare/modal/result_b614.vtp	53930	71b942fa2ad931b918bf5412dd98ac79990f102434732c9fab1a0cfe3594e787
cases/train02c_seismic_wave_compare/modal/result_b615.vtp	53930	71b942fa2ad931b918bf5412dd98ac79990f102434732c9fab1a0cfe3594e787
cases/train02c_seismic_wave_compare/modal/result_b616.vtp	53930	71b942fa2ad931b918bf5412dd98ac79990f102434732c9fab1a0cfe3594e787
cases/train02c_seismic_wave_compare/modal/result_b617.vtp	53930	71b942fa2ad931b918bf5412dd98ac79990f102434732c9fab1a0cfe3594e787
cases/train02c_seismic_wave_compare/modal/result_b618.vtp	53930	71b942fa2ad931b918bf5412dd98ac79990f102434732c9fab1a0cfe3594e787
cases/train02c_seismic_wave_compare/modal/result_b619.vtp	53930	71b942fa2ad931b918bf5412dd98ac79990f102434732c9fab1a0cfe3594e787
cases/train02c_seismic_wave_compare/modal/result_b62.vtp	53930	71b942fa2ad931b918bf5412dd98ac79990f102434732c9fab1a0cfe3594e787
cases/train02c_seismic_wave_compare/modal/result_b620.vtp	53930	71b942fa2ad931b918bf5412dd98ac79990f102434732c9fab1a0cfe3594e787
cases/train02c_seismic_wave_compare/modal/result_b621.vtp	53930	71b942fa2ad931b918bf5412dd98ac79990f102434732c9fab1a0cfe3594e787
cases/train02c_seismic_wave_compare/modal/result_b622.vtp	53930	71b942fa2ad931b918bf5412dd98ac79990f102434732c9fab1a0cfe3594e787
cases/train02c_seismic_wave_compare/modal/result_b623.vtp	53930	71b942fa2ad931b918bf5412dd98ac79990f102434732c9fab1a0cfe3594e787
cases/train02c_seismic_wave_compare/modal/result_b624.vtp	53930	71b942fa2ad931b918bf5412dd98ac79990f102434732c9fab1a0cfe3594e787
cases/train02c_seismic_wave_compare/modal/result_b625.vtp	53930	71b942fa2ad931b918bf5412dd98ac79990f102434732c9fab1a0cfe3594e787
cases/train02c_seismic_wave_compare/modal/result_b626.vtp	53930	71b942fa2ad931b918bf5412dd98ac79990f102434732c9fab1a0cfe3594e787
cases/train02c_seismic_wave_compare/modal/result_b627.vtp	53930	71b942fa2ad931b918bf5412dd98ac79990f102434732c9fab1a0cfe3594e787
cases/train02c_seismic_wave_compare/modal/result_b628.vtp	53930	71b942fa2ad931b918bf5412dd98ac79990f102434732c9fab1a0cfe3594e787
cases/train02c_seismic_wave_compare/modal/result_b629.vtp	53930	71b942fa2ad931b918bf5412dd98ac79990f102434732c9fab1a0cfe3594e787
cases/train02c_seismic_wave_compare/modal/result_b63.vtp	53930	71b942fa2ad931b918bf5412dd98ac79990f102434732c9fab1a0cfe3594e787
cases/train02c_seismic_wave_compare/modal/result_b630.vtp	53930	71b942fa2ad931b918bf5412dd98ac79990f102434732c9fab1a0cfe3594e787
cases/train02c_seismic_wave_compare/modal/result_b631.vtp	53930	71b942fa2ad931b918bf5412dd98ac79990f102434732c9fab1a0cfe3594e787
cases/train02c_seismic_wave_compare/modal/result_b632.vtp	53930	71b942fa2ad931b918bf5412dd98ac79990f102434732c9fab1a0cfe3594e787
cases/train02c_seismic_wave_compare/modal/result_b633.vtp	53930	71b942fa2ad931b918bf5412dd98ac79990f102434732c9fab1a0cfe3594e787
cases/train02c_seismic_wave_compare/modal/result_b634.vtp	53930	71b942fa2ad931b918bf5412dd98ac79990f102434732c9fab1a0cfe3594e787
cases/train02c_seismic_wave_compare/modal/result_b635.vtp	53930	71b942fa2ad931b918bf5412dd98ac79990f102434732c9fab1a0cfe3594e787
cases/train02c_seismic_wave_compare/modal/result_b636.vtp	53930	71b942fa2ad931b918bf5412dd98ac79990f102434732c9fab1a0cfe3594e787
cases/train02c_seismic_wave_compare/modal/result_b637.vtp	53930	71b942fa2ad931b918bf5412dd98ac79990f102434732c9fab1a0cfe3594e787
cases/train02c_seismic_wave_compare/modal/result_b638.vtp	53930	71b942fa2ad931b918bf5412dd98ac79990f102434732c9fab1a0cfe3594e787
cases/train02c_seismic_wave_compare/modal/result_b639.vtp	53930	71b942fa2ad931b918bf5412dd98ac79990f102434732c9fab1a0cfe3594e787
cases/train02c_seismic_wave_compare/modal/result_b64.vtp	53930	71b942fa2ad931b918bf5412dd98ac79990f102434732c9fab1a0cfe3594e787
cases/train02c_seismic_wave_compare/modal/result_b640.vtp	53930	71b942fa2ad931b918bf5412dd98ac79990f102434732c9fab1a0cfe3594e787
cases/train02c_seismic_wave_compare/modal/result_b641.vtp	53930	71b942fa2ad931b918bf5412dd98ac79990f102434732c9fab1a0cfe3594e787
cases/train02c_seismic_wave_compare/modal/result_b642.vtp	53930	71b942fa2ad931b918bf5412dd98ac79990f102434732c9fab1a0cfe3594e787
cases/train02c_seismic_wave_compare/modal/result_b643.vtp	53930	71b942fa2ad931b918bf5412dd98ac79990f102434732c9fab1a0cfe3594e787
cases/train02c_seismic_wave_compare/modal/result_b644.vtp	53930	71b942fa2ad931b918bf5412dd98ac79990f102434732c9fab1a0cfe3594e787
cases/train02c_seismic_wave_compare/modal/result_b645.vtp	53930	71b942fa2ad931b918bf5412dd98ac79990f102434732c9fab1a0cfe3594e787
cases/train02c_seismic_wave_compare/modal/result_b646.vtp	53930	71b942fa2ad931b918bf5412dd98ac79990f102434732c9fab1a0cfe3594e787
cases/train02c_seismic_wave_compare/modal/result_b647.vtp	53930	71b942fa2ad931b918bf5412dd98ac79990f102434732c9fab1a0cfe3594e787
cases/train02c_seismic_wave_compare/modal/result_b648.vtp	53930	71b942fa2ad931b918bf5412dd98ac79990f102434732c9fab1a0cfe3594e787
cases/train02c_seismic_wave_compare/modal/result_b649.vtp	53930	71b942fa2ad931b918bf5412dd98ac79990f102434732c9fab1a0cfe3594e787
cases/train02c_seismic_wave_compare/modal/result_b65.vtp	53930	71b942fa2ad931b918bf5412dd98ac79990f102434732c9fab1a0cfe3594e787
cases/train02c_seismic_wave_compare/modal/result_b650.vtp	53930	71b942fa2ad931b918bf5412dd98ac79990f102434732c9fab1a0cfe3594e787
cases/train02c_seismic_wave_compare/modal/result_b651.vtp	53930	71b942fa2ad931b918bf5412dd98ac79990f102434732c9fab1a0cfe3594e787
cases/train02c_seismic_wave_compare/modal/result_b652.vtp	53930	71b942fa2ad931b918bf5412dd98ac79990f102434732c9fab1a0cfe3594e787
cases/train02c_seismic_wave_compare/modal/result_b653.vtp	53930	71b942fa2ad931b918bf5412dd98ac79990f102434732c9fab1a0cfe3594e787
cases/train02c_seismic_wave_compare/modal/result_b654.vtp	53930	71b942fa2ad931b918bf5412dd98ac79990f102434732c9fab1a0cfe3594e787
cases/train02c_seismic_wave_compare/modal/result_b655.vtp	53930	71b942fa2ad931b918bf5412dd98ac79990f102434732c9fab1a0cfe3594e787
cases/train02c_seismic_wave_compare/modal/result_b656.vtp	53930	71b942fa2ad931b918bf5412dd98ac79990f102434732c9fab1a0cfe3594e787
cases/train02c_seismic_wave_compare/modal/result_b657.vtp	53930	71b942fa2ad931b918bf5412dd98ac79990f102434732c9fab1a0cfe3594e787
cases/train02c_seismic_wave_compare/modal/result_b658.vtp	53930	71b942fa2ad931b918bf5412dd98ac79990f102434732c9fab1a0cfe3594e787
cases/train02c_seismic_wave_compare/modal/result_b659.vtp	53930	71b942fa2ad931b918bf5412dd98ac79990f102434732c9fab1a0cfe3594e787
cases/train02c_seismic_wave_compare/modal/result_b66.vtp	53930	71b942fa2ad931b918bf5412dd98ac79990f102434732c9fab1a0cfe3594e787
cases/train02c_seismic_wave_compare/modal/result_b660.vtp	53930	71b942fa2ad931b918bf5412dd98ac79990f102434732c9fab1a0cfe3594e787
cases/train02c_seismic_wave_compare/modal/result_b661.vtp	53930	71b942fa2ad931b918bf5412dd98ac79990f102434732c9fab1a0cfe3594e787
cases/train02c_seismic_wave_compare/modal/result_b662.vtp	53930	71b942fa2ad931b918bf5412dd98ac79990f102434732c9fab1a0cfe3594e787
cases/train02c_seismic_wave_compare/modal/result_b663.vtp	53930	71b942fa2ad931b918bf5412dd98ac79990f102434732c9fab1a0cfe3594e787
cases/train02c_seismic_wave_compare/modal/result_b664.vtp	53930	71b942fa2ad931b918bf5412dd98ac79990f102434732c9fab1a0cfe3594e787
cases/train02c_seismic_wave_compare/modal/result_b665.vtp	53930	71b942fa2ad931b918bf5412dd98ac79990f102434732c9fab1a0cfe3594e787
cases/train02c_seismic_wave_compare/modal/result_b666.vtp	53930	71b942fa2ad931b918bf5412dd98ac79990f102434732c9fab1a0cfe3594e787
cases/train02c_seismic_wave_compare/modal/result_b667.vtp	53930	71b942fa2ad931b918bf5412dd98ac79990f102434732c9fab1a0cfe3594e787
cases/train02c_seismic_wave_compare/modal/result_b668.vtp	53930	71b942fa2ad931b918bf5412dd98ac79990f102434732c9fab1a0cfe3594e787
cases/train02c_seismic_wave_compare/modal/result_b669.vtp	53930	71b942fa2ad931b918bf5412dd98ac79990f102434732c9fab1a0cfe3594e787
cases/train02c_seismic_wave_compare/modal/result_b67.vtp	53930	71b942fa2ad931b918bf5412dd98ac79990f102434732c9fab1a0cfe3594e787
cases/train02c_seismic_wave_compare/modal/result_b670.vtp	53930	71b942fa2ad931b918bf5412dd98ac79990f102434732c9fab1a0cfe3594e787
cases/train02c_seismic_wave_compare/modal/result_b671.vtp	53930	71b942fa2ad931b918bf5412dd98ac79990f102434732c9fab1a0cfe3594e787
cases/train02c_seismic_wave_compare/modal/result_b672.vtp	53930	71b942fa2ad931b918bf5412dd98ac79990f102434732c9fab1a0cfe3594e787
cases/train02c_seismic_wave_compare/modal/result_b673.vtp	53930	71b942fa2ad931b918bf5412dd98ac79990f102434732c9fab1a0cfe3594e787
cases/train02c_seismic_wave_compare/modal/result_b674.vtp	53930	71b942fa2ad931b918bf5412dd98ac79990f102434732c9fab1a0cfe3594e787
cases/train02c_seismic_wave_compare/modal/result_b675.vtp	53930	71b942fa2ad931b918bf5412dd98ac79990f102434732c9fab1a0cfe3594e787
cases/train02c_seismic_wave_compare/modal/result_b676.vtp	53930	71b942fa2ad931b918bf5412dd98ac79990f102434732c9fab1a0cfe3594e787
cases/train02c_seismic_wave_compare/modal/result_b677.vtp	53930	71b942fa2ad931b918bf5412dd98ac79990f102434732c9fab1a0cfe3594e787
cases/train02c_seismic_wave_compare/modal/result_b678.vtp	53930	71b942fa2ad931b918bf5412dd98ac79990f102434732c9fab1a0cfe3594e787
cases/train02c_seismic_wave_compare/modal/result_b679.vtp	53930	71b942fa2ad931b918bf5412dd98ac79990f102434732c9fab1a0cfe3594e787
cases/train02c_seismic_wave_compare/modal/result_b68.vtp	53930	71b942fa2ad931b918bf5412dd98ac79990f102434732c9fab1a0cfe3594e787
cases/train02c_seismic_wave_compare/modal/result_b680.vtp	53930	71b942fa2ad931b918bf5412dd98ac79990f102434732c9fab1a0cfe3594e787
cases/train02c_seismic_wave_compare/modal/result_b681.vtp	53930	71b942fa2ad931b918bf5412dd98ac79990f102434732c9fab1a0cfe3594e787
cases/train02c_seismic_wave_compare/modal/result_b682.vtp	53930	71b942fa2ad931b918bf5412dd98ac79990f102434732c9fab1a0cfe3594e787
cases/train02c_seismic_wave_compare/modal/result_b683.vtp	53930	71b942fa2ad931b918bf5412dd98ac79990f102434732c9fab1a0cfe3594e787
cases/train02c_seismic_wave_compare/modal/result_b684.vtp	53930	71b942fa2ad931b918bf5412dd98ac79990f102434732c9fab1a0cfe3594e787
cases/train02c_seismic_wave_compare/modal/result_b685.vtp	53930	71b942fa2ad931b918bf5412dd98ac79990f102434732c9fab1a0cfe3594e787
cases/train02c_seismic_wave_compare/modal/result_b686.vtp	53930	71b942fa2ad931b918bf5412dd98ac79990f102434732c9fab1a0cfe3594e787
cases/train02c_seismic_wave_compare/modal/result_b687.vtp	53930	71b942fa2ad931b918bf5412dd98ac79990f102434732c9fab1a0cfe3594e787
cases/train02c_seismic_wave_compare/modal/result_b688.vtp	53930	71b942fa2ad931b918bf5412dd98ac79990f102434732c9fab1a0cfe3594e787
cases/train02c_seismic_wave_compare/modal/result_b689.vtp	53930	71b942fa2ad931b918bf5412dd98ac79990f102434732c9fab1a0cfe3594e787
cases/train02c_seismic_wave_compare/modal/result_b69.vtp	53930	71b942fa2ad931b918bf5412dd98ac79990f102434732c9fab1a0cfe3594e787
cases/train02c_seismic_wave_compare/modal/result_b690.vtp	53930	71b942fa2ad931b918bf5412dd98ac79990f102434732c9fab1a0cfe3594e787
cases/train02c_seismic_wave_compare/modal/result_b691.vtp	53930	71b942fa2ad931b918bf5412dd98ac79990f102434732c9fab1a0cfe3594e787
cases/train02c_seismic_wave_compare/modal/result_b692.vtp	53930	71b942fa2ad931b918bf5412dd98ac79990f102434732c9fab1a0cfe3594e787
cases/train02c_seismic_wave_compare/modal/result_b693.vtp	53930	71b942fa2ad931b918bf5412dd98ac79990f102434732c9fab1a0cfe3594e787
cases/train02c_seismic_wave_compare/modal/result_b694.vtp	53930	71b942fa2ad931b918bf5412dd98ac79990f102434732c9fab1a0cfe3594e787
cases/train02c_seismic_wave_compare/modal/result_b695.vtp	53930	71b942fa2ad931b918bf5412dd98ac79990f102434732c9fab1a0cfe3594e787
cases/train02c_seismic_wave_compare/modal/result_b696.vtp	53930	71b942fa2ad931b918bf5412dd98ac79990f102434732c9fab1a0cfe3594e787
cases/train02c_seismic_wave_compare/modal/result_b697.vtp	53930	71b942fa2ad931b918bf5412dd98ac79990f102434732c9fab1a0cfe3594e787
cases/train02c_seismic_wave_compare/modal/result_b698.vtp	53930	71b942fa2ad931b918bf5412dd98ac79990f102434732c9fab1a0cfe3594e787
cases/train02c_seismic_wave_compare/modal/result_b699.vtp	53930	71b942fa2ad931b918bf5412dd98ac79990f102434732c9fab1a0cfe3594e787
cases/train02c_seismic_wave_compare/modal/result_b7.vtp	53439	705155d7688e758b798b9f29d649726394ebc8402a75de8348d9dccbed3ada62
cases/train02c_seismic_wave_compare/modal/result_b70.vtp	53930	71b942fa2ad931b918bf5412dd98ac79990f102434732c9fab1a0cfe3594e787
cases/train02c_seismic_wave_compare/modal/result_b700.vtp	53930	71b942fa2ad931b918bf5412dd98ac79990f102434732c9fab1a0cfe3594e787
cases/train02c_seismic_wave_compare/modal/result_b701.vtp	53930	71b942fa2ad931b918bf5412dd98ac79990f102434732c9fab1a0cfe3594e787
cases/train02c_seismic_wave_compare/modal/result_b702.vtp	53930	71b942fa2ad931b918bf5412dd98ac79990f102434732c9fab1a0cfe3594e787
cases/train02c_seismic_wave_compare/modal/result_b703.vtp	53930	71b942fa2ad931b918bf5412dd98ac79990f102434732c9fab1a0cfe3594e787
cases/train02c_seismic_wave_compare/modal/result_b704.vtp	53930	71b942fa2ad931b918bf5412dd98ac79990f102434732c9fab1a0cfe3594e787
cases/train02c_seismic_wave_compare/modal/result_b705.vtp	53930	71b942fa2ad931b918bf5412dd98ac79990f102434732c9fab1a0cfe3594e787
cases/train02c_seismic_wave_compare/modal/result_b706.vtp	53930	71b942fa2ad931b918bf5412dd98ac79990f102434732c9fab1a0cfe3594e787
cases/train02c_seismic_wave_compare/modal/result_b707.vtp	53930	71b942fa2ad931b918bf5412dd98ac79990f102434732c9fab1a0cfe3594e787
cases/train02c_seismic_wave_compare/modal/result_b708.vtp	53930	71b942fa2ad931b918bf5412dd98ac79990f102434732c9fab1a0cfe3594e787
cases/train02c_seismic_wave_compare/modal/result_b709.vtp	53930	71b942fa2ad931b918bf5412dd98ac79990f102434732c9fab1a0cfe3594e787
cases/train02c_seismic_wave_compare/modal/result_b71.vtp	53930	71b942fa2ad931b918bf5412dd98ac79990f102434732c9fab1a0cfe3594e787
cases/train02c_seismic_wave_compare/modal/result_b710.vtp	53930	71b942fa2ad931b918bf5412dd98ac79990f102434732c9fab1a0cfe3594e787
cases/train02c_seismic_wave_compare/modal/result_b711.vtp	53930	71b942fa2ad931b918bf5412dd98ac79990f102434732c9fab1a0cfe3594e787
cases/train02c_seismic_wave_compare/modal/result_b712.vtp	53930	71b942fa2ad931b918bf5412dd98ac79990f102434732c9fab1a0cfe3594e787
cases/train02c_seismic_wave_compare/modal/result_b713.vtp	53930	71b942fa2ad931b918bf5412dd98ac79990f102434732c9fab1a0cfe3594e787
cases/train02c_seismic_wave_compare/modal/result_b714.vtp	53930	71b942fa2ad931b918bf5412dd98ac79990f102434732c9fab1a0cfe3594e787
cases/train02c_seismic_wave_compare/modal/result_b715.vtp	53930	71b942fa2ad931b918bf5412dd98ac79990f102434732c9fab1a0cfe3594e787
cases/train02c_seismic_wave_compare/modal/result_b716.vtp	53930	71b942fa2ad931b918bf5412dd98ac79990f102434732c9fab1a0cfe3594e787
cases/train02c_seismic_wave_compare/modal/result_b717.vtp	53930	71b942fa2ad931b918bf5412dd98ac79990f102434732c9fab1a0cfe3594e787
cases/train02c_seismic_wave_compare/modal/result_b718.vtp	53930	71b942fa2ad931b918bf5412dd98ac79990f102434732c9fab1a0cfe3594e787
cases/train02c_seismic_wave_compare/modal/result_b719.vtp	53930	71b942fa2ad931b918bf5412dd98ac79990f102434732c9fab1a0cfe3594e787
cases/train02c_seismic_wave_compare/modal/result_b72.vtp	53930	71b942fa2ad931b918bf5412dd98ac79990f102434732c9fab1a0cfe3594e787
cases/train02c_seismic_wave_compare/modal/result_b720.vtp	53930	71b942fa2ad931b918bf5412dd98ac79990f102434732c9fab1a0cfe3594e787
cases/train02c_seismic_wave_compare/modal/result_b721.vtp	53930	71b942fa2ad931b918bf5412dd98ac79990f102434732c9fab1a0cfe3594e787
cases/train02c_seismic_wave_compare/modal/result_b722.vtp	53930	71b942fa2ad931b918bf5412dd98ac79990f102434732c9fab1a0cfe3594e787
cases/train02c_seismic_wave_compare/modal/result_b723.vtp	53930	71b942fa2ad931b918bf5412dd98ac79990f102434732c9fab1a0cfe3594e787
cases/train02c_seismic_wave_compare/modal/result_b724.vtp	53930	71b942fa2ad931b918bf5412dd98ac79990f102434732c9fab1a0cfe3594e787
cases/train02c_seismic_wave_compare/modal/result_b725.vtp	53930	71b942fa2ad931b918bf5412dd98ac79990f102434732c9fab1a0cfe3594e787
cases/train02c_seismic_wave_compare/modal/result_b726.vtp	53930	71b942fa2ad931b918bf5412dd98ac79990f102434732c9fab1a0cfe3594e787
cases/train02c_seismic_wave_compare/modal/result_b727.vtp	53930	71b942fa2ad931b918bf5412dd98ac79990f102434732c9fab1a0cfe3594e787
cases/train02c_seismic_wave_compare/modal/result_b728.vtp	53930	71b942fa2ad931b918bf5412dd98ac79990f102434732c9fab1a0cfe3594e787
cases/train02c_seismic_wave_compare/modal/result_b729.vtp	53930	71b942fa2ad931b918bf5412dd98ac79990f102434732c9fab1a0cfe3594e787
cases/train02c_seismic_wave_compare/modal/result_b73.vtp	53930	71b942fa2ad931b918bf5412dd98ac79990f102434732c9fab1a0cfe3594e787
cases/train02c_seismic_wave_compare/modal/result_b730.vtp	53930	71b942fa2ad931b918bf5412dd98ac79990f102434732c9fab1a0cfe3594e787
cases/train02c_seismic_wave_compare/modal/result_b731.vtp	53930	71b942fa2ad931b918bf5412dd98ac79990f102434732c9fab1a0cfe3594e787
cases/train02c_seismic_wave_compare/modal/result_b732.vtp	53930	71b942fa2ad931b918bf5412dd98ac79990f102434732c9fab1a0cfe3594e787
cases/train02c_seismic_wave_compare/modal/result_b733.vtp	53930	71b942fa2ad931b918bf5412dd98ac79990f102434732c9fab1a0cfe3594e787
cases/train02c_seismic_wave_compare/modal/result_b734.vtp	53930	71b942fa2ad931b918bf5412dd98ac79990f102434732c9fab1a0cfe3594e787
cases/train02c_seismic_wave_compare/modal/result_b735.vtp	53930	71b942fa2ad931b918bf5412dd98ac79990f102434732c9fab1a0cfe3594e787
cases/train02c_seismic_wave_compare/modal/result_b736.vtp	53930	71b942fa2ad931b918bf5412dd98ac79990f102434732c9fab1a0cfe3594e787
cases/train02c_seismic_wave_compare/modal/result_b737.vtp	53930	71b942fa2ad931b918bf5412dd98ac79990f102434732c9fab1a0cfe3594e787
cases/train02c_seismic_wave_compare/modal/result_b738.vtp	53930	71b942fa2ad931b918bf5412dd98ac79990f102434732c9fab1a0cfe3594e787
cases/train02c_seismic_wave_compare/modal/result_b739.vtp	53930	71b942fa2ad931b918bf5412dd98ac79990f102434732c9fab1a0cfe3594e787
cases/train02c_seismic_wave_compare/modal/result_b74.vtp	53930	71b942fa2ad931b918bf5412dd98ac79990f102434732c9fab1a0cfe3594e787
cases/train02c_seismic_wave_compare/modal/result_b740.vtp	53930	71b942fa2ad931b918bf5412dd98ac79990f102434732c9fab1a0cfe3594e787
cases/train02c_seismic_wave_compare/modal/result_b741.vtp	53930	71b942fa2ad931b918bf5412dd98ac79990f102434732c9fab1a0cfe3594e787
cases/train02c_seismic_wave_compare/modal/result_b742.vtp	53930	71b942fa2ad931b918bf5412dd98ac79990f102434732c9fab1a0cfe3594e787
cases/train02c_seismic_wave_compare/modal/result_b743.vtp	53930	71b942fa2ad931b918bf5412dd98ac79990f102434732c9fab1a0cfe3594e787
cases/train02c_seismic_wave_compare/modal/result_b744.vtp	53930	71b942fa2ad931b918bf5412dd98ac79990f102434732c9fab1a0cfe3594e787
cases/train02c_seismic_wave_compare/modal/result_b745.vtp	53930	71b942fa2ad931b918bf5412dd98ac79990f102434732c9fab1a0cfe3594e787
cases/train02c_seismic_wave_compare/modal/result_b746.vtp	53930	71b942fa2ad931b918bf5412dd98ac79990f102434732c9fab1a0cfe3594e787
cases/train02c_seismic_wave_compare/modal/result_b747.vtp	53930	71b942fa2ad931b918bf5412dd98ac79990f102434732c9fab1a0cfe3594e787
cases/train02c_seismic_wave_compare/modal/result_b748.vtp	53930	71b942fa2ad931b918bf5412dd98ac79990f102434732c9fab1a0cfe3594e787
cases/train02c_seismic_wave_compare/modal/result_b749.vtp	53930	71b942fa2ad931b918bf5412dd98ac79990f102434732c9fab1a0cfe3594e787
cases/train02c_seismic_wave_compare/modal/result_b75.vtp	53930	71b942fa2ad931b918bf5412dd98ac79990f102434732c9fab1a0cfe3594e787
cases/train02c_seismic_wave_compare/modal/result_b750.vtp	53930	71b942fa2ad931b918bf5412dd98ac79990f102434732c9fab1a0cfe3594e787
cases/train02c_seismic_wave_compare/modal/result_b751.vtp	53930	71b942fa2ad931b918bf5412dd98ac79990f102434732c9fab1a0cfe3594e787
cases/train02c_seismic_wave_compare/modal/result_b752.vtp	53930	71b942fa2ad931b918bf5412dd98ac79990f102434732c9fab1a0cfe3594e787
cases/train02c_seismic_wave_compare/modal/result_b753.vtp	53930	71b942fa2ad931b918bf5412dd98ac79990f102434732c9fab1a0cfe3594e787
cases/train02c_seismic_wave_compare/modal/result_b754.vtp	53930	71b942fa2ad931b918bf5412dd98ac79990f102434732c9fab1a0cfe3594e787
cases/train02c_seismic_wave_compare/modal/result_b755.vtp	53930	71b942fa2ad931b918bf5412dd98ac79990f102434732c9fab1a0cfe3594e787
cases/train02c_seismic_wave_compare/modal/result_b756.vtp	53930	71b942fa2ad931b918bf5412dd98ac79990f102434732c9fab1a0cfe3594e787
cases/train02c_seismic_wave_compare/modal/result_b757.vtp	53930	71b942fa2ad931b918bf5412dd98ac79990f102434732c9fab1a0cfe3594e787
cases/train02c_seismic_wave_compare/modal/result_b758.vtp	53930	71b942fa2ad931b918bf5412dd98ac79990f102434732c9fab1a0cfe3594e787
cases/train02c_seismic_wave_compare/modal/result_b759.vtp	53930	71b942fa2ad931b918bf5412dd98ac79990f102434732c9fab1a0cfe3594e787
cases/train02c_seismic_wave_compare/modal/result_b76.vtp	53930	71b942fa2ad931b918bf5412dd98ac79990f102434732c9fab1a0cfe3594e787
cases/train02c_seismic_wave_compare/modal/result_b760.vtp	53930	71b942fa2ad931b918bf5412dd98ac79990f102434732c9fab1a0cfe3594e787
cases/train02c_seismic_wave_compare/modal/result_b761.vtp	53930	71b942fa2ad931b918bf5412dd98ac79990f102434732c9fab1a0cfe3594e787
cases/train02c_seismic_wave_compare/modal/result_b762.vtp	53930	71b942fa2ad931b918bf5412dd98ac79990f102434732c9fab1a0cfe3594e787
cases/train02c_seismic_wave_compare/modal/result_b763.vtp	53930	71b942fa2ad931b918bf5412dd98ac79990f102434732c9fab1a0cfe3594e787
cases/train02c_seismic_wave_compare/modal/result_b764.vtp	53930	71b942fa2ad931b918bf5412dd98ac79990f102434732c9fab1a0cfe3594e787
cases/train02c_seismic_wave_compare/modal/result_b765.vtp	53930	71b942fa2ad931b918bf5412dd98ac79990f102434732c9fab1a0cfe3594e787
cases/train02c_seismic_wave_compare/modal/result_b766.vtp	53930	71b942fa2ad931b918bf5412dd98ac79990f102434732c9fab1a0cfe3594e787
cases/train02c_seismic_wave_compare/modal/result_b767.vtp	53930	71b942fa2ad931b918bf5412dd98ac79990f102434732c9fab1a0cfe3594e787
cases/train02c_seismic_wave_compare/modal/result_b768.vtp	53930	71b942fa2ad931b918bf5412dd98ac79990f102434732c9fab1a0cfe3594e787
cases/train02c_seismic_wave_compare/modal/result_b769.vtp	53930	71b942fa2ad931b918bf5412dd98ac79990f102434732c9fab1a0cfe3594e787
cases/train02c_seismic_wave_compare/modal/result_b77.vtp	53930	71b942fa2ad931b918bf5412dd98ac79990f102434732c9fab1a0cfe3594e787
cases/train02c_seismic_wave_compare/modal/result_b770.vtp	53930	71b942fa2ad931b918bf5412dd98ac79990f102434732c9fab1a0cfe3594e787
cases/train02c_seismic_wave_compare/modal/result_b771.vtp	53930	71b942fa2ad931b918bf5412dd98ac79990f102434732c9fab1a0cfe3594e787
cases/train02c_seismic_wave_compare/modal/result_b772.vtp	53930	71b942fa2ad931b918bf5412dd98ac79990f102434732c9fab1a0cfe3594e787
cases/train02c_seismic_wave_compare/modal/result_b773.vtp	53930	71b942fa2ad931b918bf5412dd98ac79990f102434732c9fab1a0cfe3594e787
cases/train02c_seismic_wave_compare/modal/result_b774.vtp	53930	71b942fa2ad931b918bf5412dd98ac79990f102434732c9fab1a0cfe3594e787
cases/train02c_seismic_wave_compare/modal/result_b775.vtp	53930	71b942fa2ad931b918bf5412dd98ac79990f102434732c9fab1a0cfe3594e787
cases/train02c_seismic_wave_compare/modal/result_b776.vtp	53930	71b942fa2ad931b918bf5412dd98ac79990f102434732c9fab1a0cfe3594e787
cases/train02c_seismic_wave_compare/modal/result_b777.vtp	53930	71b942fa2ad931b918bf5412dd98ac79990f102434732c9fab1a0cfe3594e787
cases/train02c_seismic_wave_compare/modal/result_b778.vtp	53930	71b942fa2ad931b918bf5412dd98ac79990f102434732c9fab1a0cfe3594e787
cases/train02c_seismic_wave_compare/modal/result_b779.vtp	53930	71b942fa2ad931b918bf5412dd98ac79990f102434732c9fab1a0cfe3594e787
cases/train02c_seismic_wave_compare/modal/result_b78.vtp	53930	71b942fa2ad931b918bf5412dd98ac79990f102434732c9fab1a0cfe3594e787
cases/train02c_seismic_wave_compare/modal/result_b780.vtp	53930	71b942fa2ad931b918bf5412dd98ac79990f102434732c9fab1a0cfe3594e787
cases/train02c_seismic_wave_compare/modal/result_b781.vtp	53930	71b942fa2ad931b918bf5412dd98ac79990f102434732c9fab1a0cfe3594e787
cases/train02c_seismic_wave_compare/modal/result_b782.vtp	53930	71b942fa2ad931b918bf5412dd98ac79990f102434732c9fab1a0cfe3594e787
cases/train02c_seismic_wave_compare/modal/result_b783.vtp	53930	71b942fa2ad931b918bf5412dd98ac79990f102434732c9fab1a0cfe3594e787
cases/train02c_seismic_wave_compare/modal/result_b784.vtp	53930	71b942fa2ad931b918bf5412dd98ac79990f102434732c9fab1a0cfe3594e787
cases/train02c_seismic_wave_compare/modal/result_b785.vtp	53930	71b942fa2ad931b918bf5412dd98ac79990f102434732c9fab1a0cfe3594e787
cases/train02c_seismic_wave_compare/modal/result_b786.vtp	53930	71b942fa2ad931b918bf5412dd98ac79990f102434732c9fab1a0cfe3594e787
cases/train02c_seismic_wave_compare/modal/result_b787.vtp	53930	71b942fa2ad931b918bf5412dd98ac79990f102434732c9fab1a0cfe3594e787
cases/train02c_seismic_wave_compare/modal/result_b788.vtp	53930	71b942fa2ad931b918bf5412dd98ac79990f102434732c9fab1a0cfe3594e787
cases/train02c_seismic_wave_compare/modal/result_b789.vtp	53930	71b942fa2ad931b918bf5412dd98ac79990f102434732c9fab1a0cfe3594e787
cases/train02c_seismic_wave_compare/modal/result_b79.vtp	53930	71b942fa2ad931b918bf5412dd98ac79990f102434732c9fab1a0cfe3594e787
cases/train02c_seismic_wave_compare/modal/result_b790.vtp	53930	71b942fa2ad931b918bf5412dd98ac79990f102434732c9fab1a0cfe3594e787
cases/train02c_seismic_wave_compare/modal/result_b791.vtp	53930	71b942fa2ad931b918bf5412dd98ac79990f102434732c9fab1a0cfe3594e787
cases/train02c_seismic_wave_compare/modal/result_b792.vtp	53930	71b942fa2ad931b918bf5412dd98ac79990f102434732c9fab1a0cfe3594e787
cases/train02c_seismic_wave_compare/modal/result_b793.vtp	53930	71b942fa2ad931b918bf5412dd98ac79990f102434732c9fab1a0cfe3594e787
cases/train02c_seismic_wave_compare/modal/result_b794.vtp	53930	71b942fa2ad931b918bf5412dd98ac79990f102434732c9fab1a0cfe3594e787
cases/train02c_seismic_wave_compare/modal/result_b795.vtp	53930	71b942fa2ad931b918bf5412dd98ac79990f102434732c9fab1a0cfe3594e787
cases/train02c_seismic_wave_compare/modal/result_b796.vtp	53930	71b942fa2ad931b918bf5412dd98ac79990f102434732c9fab1a0cfe3594e787
cases/train02c_seismic_wave_compare/modal/result_b797.vtp	53930	71b942fa2ad931b918bf5412dd98ac79990f102434732c9fab1a0cfe3594e787
cases/train02c_seismic_wave_compare/modal/result_b798.vtp	53930	71b942fa2ad931b918bf5412dd98ac79990f102434732c9fab1a0cfe3594e787
cases/train02c_seismic_wave_compare/modal/result_b799.vtp	53930	71b942fa2ad931b918bf5412dd98ac79990f102434732c9fab1a0cfe3594e787
cases/train02c_seismic_wave_compare/modal/result_b8.vtp	53935	69cd1af5bd708abcddc157e087576b36bdb6ad47c0c1b56236ab6cf008ea0d98
cases/train02c_seismic_wave_compare/modal/result_b80.vtp	53930	71b942fa2ad931b918bf5412dd98ac79990f102434732c9fab1a0cfe3594e787
cases/train02c_seismic_wave_compare/modal/result_b800.vtp	53930	71b942fa2ad931b918bf5412dd98ac79990f102434732c9fab1a0cfe3594e787
cases/train02c_seismic_wave_compare/modal/result_b801.vtp	53930	71b942fa2ad931b918bf5412dd98ac79990f102434732c9fab1a0cfe3594e787
cases/train02c_seismic_wave_compare/modal/result_b802.vtp	53930	71b942fa2ad931b918bf5412dd98ac79990f102434732c9fab1a0cfe3594e787
cases/train02c_seismic_wave_compare/modal/result_b803.vtp	53930	71b942fa2ad931b918bf5412dd98ac79990f102434732c9fab1a0cfe3594e787
cases/train02c_seismic_wave_compare/modal/result_b804.vtp	53930	71b942fa2ad931b918bf5412dd98ac79990f102434732c9fab1a0cfe3594e787
cases/train02c_seismic_wave_compare/modal/result_b805.vtp	53930	71b942fa2ad931b918bf5412dd98ac79990f102434732c9fab1a0cfe3594e787
cases/train02c_seismic_wave_compare/modal/result_b806.vtp	53930	71b942fa2ad931b918bf5412dd98ac79990f102434732c9fab1a0cfe3594e787
cases/train02c_seismic_wave_compare/modal/result_b807.vtp	53930	71b942fa2ad931b918bf5412dd98ac79990f102434732c9fab1a0cfe3594e787
cases/train02c_seismic_wave_compare/modal/result_b808.vtp	53930	71b942fa2ad931b918bf5412dd98ac79990f102434732c9fab1a0cfe3594e787
cases/train02c_seismic_wave_compare/modal/result_b809.vtp	53930	71b942fa2ad931b918bf5412dd98ac79990f102434732c9fab1a0cfe3594e787
cases/train02c_seismic_wave_compare/modal/result_b81.vtp	53930	71b942fa2ad931b918bf5412dd98ac79990f102434732c9fab1a0cfe3594e787
cases/train02c_seismic_wave_compare/modal/result_b810.vtp	53930	71b942fa2ad931b918bf5412dd98ac79990f102434732c9fab1a0cfe3594e787
cases/train02c_seismic_wave_compare/modal/result_b811.vtp	53930	71b942fa2ad931b918bf5412dd98ac79990f102434732c9fab1a0cfe3594e787
cases/train02c_seismic_wave_compare/modal/result_b812.vtp	53930	71b942fa2ad931b918bf5412dd98ac79990f102434732c9fab1a0cfe3594e787
cases/train02c_seismic_wave_compare/modal/result_b813.vtp	53930	71b942fa2ad931b918bf5412dd98ac79990f102434732c9fab1a0cfe3594e787
cases/train02c_seismic_wave_compare/modal/result_b814.vtp	53930	71b942fa2ad931b918bf5412dd98ac79990f102434732c9fab1a0cfe3594e787
cases/train02c_seismic_wave_compare/modal/result_b815.vtp	53930	71b942fa2ad931b918bf5412dd98ac79990f102434732c9fab1a0cfe3594e787
cases/train02c_seismic_wave_compare/modal/result_b816.vtp	53930	71b942fa2ad931b918bf5412dd98ac79990f102434732c9fab1a0cfe3594e787
cases/train02c_seismic_wave_compare/modal/result_b817.vtp	53930	71b942fa2ad931b918bf5412dd98ac79990f102434732c9fab1a0cfe3594e787
cases/train02c_seismic_wave_compare/modal/result_b818.vtp	53930	71b942fa2ad931b918bf5412dd98ac79990f102434732c9fab1a0cfe3594e787
cases/train02c_seismic_wave_compare/modal/result_b819.vtp	53930	71b942fa2ad931b918bf5412dd98ac79990f102434732c9fab1a0cfe3594e787
cases/train02c_seismic_wave_compare/modal/result_b82.vtp	53930	71b942fa2ad931b918bf5412dd98ac79990f102434732c9fab1a0cfe3594e787
cases/train02c_seismic_wave_compare/modal/result_b820.vtp	53930	71b942fa2ad931b918bf5412dd98ac79990f102434732c9fab1a0cfe3594e787
cases/train02c_seismic_wave_compare/modal/result_b821.vtp	53930	71b942fa2ad931b918bf5412dd98ac79990f102434732c9fab1a0cfe3594e787
cases/train02c_seismic_wave_compare/modal/result_b822.vtp	53930	71b942fa2ad931b918bf5412dd98ac79990f102434732c9fab1a0cfe3594e787
cases/train02c_seismic_wave_compare/modal/result_b823.vtp	53930	71b942fa2ad931b918bf5412dd98ac79990f102434732c9fab1a0cfe3594e787
cases/train02c_seismic_wave_compare/modal/result_b824.vtp	53930	71b942fa2ad931b918bf5412dd98ac79990f102434732c9fab1a0cfe3594e787
cases/train02c_seismic_wave_compare/modal/result_b825.vtp	53930	71b942fa2ad931b918bf5412dd98ac79990f102434732c9fab1a0cfe3594e787
cases/train02c_seismic_wave_compare/modal/result_b826.vtp	53930	71b942fa2ad931b918bf5412dd98ac79990f102434732c9fab1a0cfe3594e787
cases/train02c_seismic_wave_compare/modal/result_b827.vtp	53930	71b942fa2ad931b918bf5412dd98ac79990f102434732c9fab1a0cfe3594e787
cases/train02c_seismic_wave_compare/modal/result_b828.vtp	53930	71b942fa2ad931b918bf5412dd98ac79990f102434732c9fab1a0cfe3594e787
cases/train02c_seismic_wave_compare/modal/result_b829.vtp	53930	71b942fa2ad931b918bf5412dd98ac79990f102434732c9fab1a0cfe3594e787
cases/train02c_seismic_wave_compare/modal/result_b83.vtp	53930	71b942fa2ad931b918bf5412dd98ac79990f102434732c9fab1a0cfe3594e787
cases/train02c_seismic_wave_compare/modal/result_b830.vtp	53930	71b942fa2ad931b918bf5412dd98ac79990f102434732c9fab1a0cfe3594e787
cases/train02c_seismic_wave_compare/modal/result_b831.vtp	53930	71b942fa2ad931b918bf5412dd98ac79990f102434732c9fab1a0cfe3594e787
cases/train02c_seismic_wave_compare/modal/result_b832.vtp	53930	71b942fa2ad931b918bf5412dd98ac79990f102434732c9fab1a0cfe3594e787
cases/train02c_seismic_wave_compare/modal/result_b833.vtp	53930	71b942fa2ad931b918bf5412dd98ac79990f102434732c9fab1a0cfe3594e787
cases/train02c_seismic_wave_compare/modal/result_b834.vtp	53930	71b942fa2ad931b918bf5412dd98ac79990f102434732c9fab1a0cfe3594e787
cases/train02c_seismic_wave_compare/modal/result_b835.vtp	53930	71b942fa2ad931b918bf5412dd98ac79990f102434732c9fab1a0cfe3594e787
cases/train02c_seismic_wave_compare/modal/result_b836.vtp	53930	71b942fa2ad931b918bf5412dd98ac79990f102434732c9fab1a0cfe3594e787
cases/train02c_seismic_wave_compare/modal/result_b837.vtp	53930	71b942fa2ad931b918bf5412dd98ac79990f102434732c9fab1a0cfe3594e787
cases/train02c_seismic_wave_compare/modal/result_b838.vtp	53930	71b942fa2ad931b918bf5412dd98ac79990f102434732c9fab1a0cfe3594e787
cases/train02c_seismic_wave_compare/modal/result_b839.vtp	53930	71b942fa2ad931b918bf5412dd98ac79990f102434732c9fab1a0cfe3594e787
cases/train02c_seismic_wave_compare/modal/result_b84.vtp	53930	71b942fa2ad931b918bf5412dd98ac79990f102434732c9fab1a0cfe3594e787
cases/train02c_seismic_wave_compare/modal/result_b840.vtp	53930	71b942fa2ad931b918bf5412dd98ac79990f102434732c9fab1a0cfe3594e787
cases/train02c_seismic_wave_compare/modal/result_b841.vtp	53930	71b942fa2ad931b918bf5412dd98ac79990f102434732c9fab1a0cfe3594e787
cases/train02c_seismic_wave_compare/modal/result_b842.vtp	53930	71b942fa2ad931b918bf5412dd98ac79990f102434732c9fab1a0cfe3594e787
cases/train02c_seismic_wave_compare/modal/result_b843.vtp	53930	71b942fa2ad931b918bf5412dd98ac79990f102434732c9fab1a0cfe3594e787
cases/train02c_seismic_wave_compare/modal/result_b844.vtp	53930	71b942fa2ad931b918bf5412dd98ac79990f102434732c9fab1a0cfe3594e787
cases/train02c_seismic_wave_compare/modal/result_b845.vtp	53930	71b942fa2ad931b918bf5412dd98ac79990f102434732c9fab1a0cfe3594e787
cases/train02c_seismic_wave_compare/modal/result_b846.vtp	53930	71b942fa2ad931b918bf5412dd98ac79990f102434732c9fab1a0cfe3594e787
cases/train02c_seismic_wave_compare/modal/result_b847.vtp	53930	71b942fa2ad931b918bf5412dd98ac79990f102434732c9fab1a0cfe3594e787
cases/train02c_seismic_wave_compare/modal/result_b848.vtp	53930	71b942fa2ad931b918bf5412dd98ac79990f102434732c9fab1a0cfe3594e787
cases/train02c_seismic_wave_compare/modal/result_b849.vtp	53930	71b942fa2ad931b918bf5412dd98ac79990f102434732c9fab1a0cfe3594e787
cases/train02c_seismic_wave_compare/modal/result_b85.vtp	53930	71b942fa2ad931b918bf5412dd98ac79990f102434732c9fab1a0cfe3594e787
cases/train02c_seismic_wave_compare/modal/result_b850.vtp	53930	71b942fa2ad931b918bf5412dd98ac79990f102434732c9fab1a0cfe3594e787
cases/train02c_seismic_wave_compare/modal/result_b851.vtp	53930	71b942fa2ad931b918bf5412dd98ac79990f102434732c9fab1a0cfe3594e787
cases/train02c_seismic_wave_compare/modal/result_b852.vtp	53930	71b942fa2ad931b918bf5412dd98ac79990f102434732c9fab1a0cfe3594e787
cases/train02c_seismic_wave_compare/modal/result_b853.vtp	53930	71b942fa2ad931b918bf5412dd98ac79990f102434732c9fab1a0cfe3594e787
cases/train02c_seismic_wave_compare/modal/result_b854.vtp	53930	71b942fa2ad931b918bf5412dd98ac79990f102434732c9fab1a0cfe3594e787
cases/train02c_seismic_wave_compare/modal/result_b855.vtp	53930	71b942fa2ad931b918bf5412dd98ac79990f102434732c9fab1a0cfe3594e787
cases/train02c_seismic_wave_compare/modal/result_b856.vtp	53930	71b942fa2ad931b918bf5412dd98ac79990f102434732c9fab1a0cfe3594e787
cases/train02c_seismic_wave_compare/modal/result_b857.vtp	53930	71b942fa2ad931b918bf5412dd98ac79990f102434732c9fab1a0cfe3594e787
cases/train02c_seismic_wave_compare/modal/result_b858.vtp	53930	71b942fa2ad931b918bf5412dd98ac79990f102434732c9fab1a0cfe3594e787
cases/train02c_seismic_wave_compare/modal/result_b859.vtp	53930	71b942fa2ad931b918bf5412dd98ac79990f102434732c9fab1a0cfe3594e787
cases/train02c_seismic_wave_compare/modal/result_b86.vtp	53930	71b942fa2ad931b918bf5412dd98ac79990f102434732c9fab1a0cfe3594e787
cases/train02c_seismic_wave_compare/modal/result_b860.vtp	53930	71b942fa2ad931b918bf5412dd98ac79990f102434732c9fab1a0cfe3594e787
cases/train02c_seismic_wave_compare/modal/result_b861.vtp	53930	71b942fa2ad931b918bf5412dd98ac79990f102434732c9fab1a0cfe3594e787
cases/train02c_seismic_wave_compare/modal/result_b862.vtp	53930	71b942fa2ad931b918bf5412dd98ac79990f102434732c9fab1a0cfe3594e787
cases/train02c_seismic_wave_compare/modal/result_b863.vtp	53930	71b942fa2ad931b918bf5412dd98ac79990f102434732c9fab1a0cfe3594e787
cases/train02c_seismic_wave_compare/modal/result_b864.vtp	53930	71b942fa2ad931b918bf5412dd98ac79990f102434732c9fab1a0cfe3594e787
cases/train02c_seismic_wave_compare/modal/result_b865.vtp	53930	71b942fa2ad931b918bf5412dd98ac79990f102434732c9fab1a0cfe3594e787
cases/train02c_seismic_wave_compare/modal/result_b866.vtp	53930	71b942fa2ad931b918bf5412dd98ac79990f102434732c9fab1a0cfe3594e787
cases/train02c_seismic_wave_compare/modal/result_b867.vtp	53930	71b942fa2ad931b918bf5412dd98ac79990f102434732c9fab1a0cfe3594e787
cases/train02c_seismic_wave_compare/modal/result_b868.vtp	53930	71b942fa2ad931b918bf5412dd98ac79990f102434732c9fab1a0cfe3594e787
cases/train02c_seismic_wave_compare/modal/result_b869.vtp	53930	71b942fa2ad931b918bf5412dd98ac79990f102434732c9fab1a0cfe3594e787
cases/train02c_seismic_wave_compare/modal/result_b87.vtp	53930	71b942fa2ad931b918bf5412dd98ac79990f102434732c9fab1a0cfe3594e787
cases/train02c_seismic_wave_compare/modal/result_b870.vtp	53930	71b942fa2ad931b918bf5412dd98ac79990f102434732c9fab1a0cfe3594e787
cases/train02c_seismic_wave_compare/modal/result_b871.vtp	53930	71b942fa2ad931b918bf5412dd98ac79990f102434732c9fab1a0cfe3594e787
cases/train02c_seismic_wave_compare/modal/result_b872.vtp	53930	71b942fa2ad931b918bf5412dd98ac79990f102434732c9fab1a0cfe3594e787
cases/train02c_seismic_wave_compare/modal/result_b873.vtp	53930	71b942fa2ad931b918bf5412dd98ac79990f102434732c9fab1a0cfe3594e787
cases/train02c_seismic_wave_compare/modal/result_b874.vtp	53930	71b942fa2ad931b918bf5412dd98ac79990f102434732c9fab1a0cfe3594e787
cases/train02c_seismic_wave_compare/modal/result_b875.vtp	53930	71b942fa2ad931b918bf5412dd98ac79990f102434732c9fab1a0cfe3594e787
cases/train02c_seismic_wave_compare/modal/result_b876.vtp	53930	71b942fa2ad931b918bf5412dd98ac79990f102434732c9fab1a0cfe3594e787
cases/train02c_seismic_wave_compare/modal/result_b877.vtp	53930	71b942fa2ad931b918bf5412dd98ac79990f102434732c9fab1a0cfe3594e787
cases/train02c_seismic_wave_compare/modal/result_b878.vtp	53930	71b942fa2ad931b918bf5412dd98ac79990f102434732c9fab1a0cfe3594e787
cases/train02c_seismic_wave_compare/modal/result_b879.vtp	53930	71b942fa2ad931b918bf5412dd98ac79990f102434732c9fab1a0cfe3594e787
cases/train02c_seismic_wave_compare/modal/result_b88.vtp	53930	71b942fa2ad931b918bf5412dd98ac79990f102434732c9fab1a0cfe3594e787
cases/train02c_seismic_wave_compare/modal/result_b880.vtp	53930	71b942fa2ad931b918bf5412dd98ac79990f102434732c9fab1a0cfe3594e787
cases/train02c_seismic_wave_compare/modal/result_b881.vtp	53930	71b942fa2ad931b918bf5412dd98ac79990f102434732c9fab1a0cfe3594e787
cases/train02c_seismic_wave_compare/modal/result_b882.vtp	53930	71b942fa2ad931b918bf5412dd98ac79990f102434732c9fab1a0cfe3594e787
cases/train02c_seismic_wave_compare/modal/result_b883.vtp	53930	71b942fa2ad931b918bf5412dd98ac79990f102434732c9fab1a0cfe3594e787
cases/train02c_seismic_wave_compare/modal/result_b884.vtp	53930	71b942fa2ad931b918bf5412dd98ac79990f102434732c9fab1a0cfe3594e787
cases/train02c_seismic_wave_compare/modal/result_b885.vtp	53930	71b942fa2ad931b918bf5412dd98ac79990f102434732c9fab1a0cfe3594e787
cases/train02c_seismic_wave_compare/modal/result_b886.vtp	53930	71b942fa2ad931b918bf5412dd98ac79990f102434732c9fab1a0cfe3594e787
cases/train02c_seismic_wave_compare/modal/result_b887.vtp	53930	71b942fa2ad931b918bf5412dd98ac79990f102434732c9fab1a0cfe3594e787
cases/train02c_seismic_wave_compare/modal/result_b888.vtp	53930	71b942fa2ad931b918bf5412dd98ac79990f102434732c9fab1a0cfe3594e787
cases/train02c_seismic_wave_compare/modal/result_b889.vtp	53930	71b942fa2ad931b918bf5412dd98ac79990f102434732c9fab1a0cfe3594e787
cases/train02c_seismic_wave_compare/modal/result_b89.vtp	53930	71b942fa2ad931b918bf5412dd98ac79990f102434732c9fab1a0cfe3594e787
cases/train02c_seismic_wave_compare/modal/result_b890.vtp	53930	71b942fa2ad931b918bf5412dd98ac79990f102434732c9fab1a0cfe3594e787
cases/train02c_seismic_wave_compare/modal/result_b891.vtp	53930	71b942fa2ad931b918bf5412dd98ac79990f102434732c9fab1a0cfe3594e787
cases/train02c_seismic_wave_compare/modal/result_b892.vtp	53930	71b942fa2ad931b918bf5412dd98ac79990f102434732c9fab1a0cfe3594e787
cases/train02c_seismic_wave_compare/modal/result_b893.vtp	53930	71b942fa2ad931b918bf5412dd98ac79990f102434732c9fab1a0cfe3594e787
cases/train02c_seismic_wave_compare/modal/result_b894.vtp	53930	71b942fa2ad931b918bf5412dd98ac79990f102434732c9fab1a0cfe3594e787
cases/train02c_seismic_wave_compare/modal/result_b895.vtp	53930	71b942fa2ad931b918bf5412dd98ac79990f102434732c9fab1a0cfe3594e787
cases/train02c_seismic_wave_compare/modal/result_b896.vtp	53930	71b942fa2ad931b918bf5412dd98ac79990f102434732c9fab1a0cfe3594e787
cases/train02c_seismic_wave_compare/modal/result_b897.vtp	53930	71b942fa2ad931b918bf5412dd98ac79990f102434732c9fab1a0cfe3594e787
cases/train02c_seismic_wave_compare/modal/result_b898.vtp	53930	71b942fa2ad931b918bf5412dd98ac79990f102434732c9fab1a0cfe3594e787
cases/train02c_seismic_wave_compare/modal/result_b899.vtp	53930	71b942fa2ad931b918bf5412dd98ac79990f102434732c9fab1a0cfe3594e787
cases/train02c_seismic_wave_compare/modal/result_b9.vtp	53443	44e6d8e40c284ab0048e7194418a2d763ce2bbb42fd1c0e5f33b35094a84e178
cases/train02c_seismic_wave_compare/modal/result_b90.vtp	53930	71b942fa2ad931b918bf5412dd98ac79990f102434732c9fab1a0cfe3594e787
cases/train02c_seismic_wave_compare/modal/result_b900.vtp	53930	71b942fa2ad931b918bf5412dd98ac79990f102434732c9fab1a0cfe3594e787
cases/train02c_seismic_wave_compare/modal/result_b901.vtp	53930	71b942fa2ad931b918bf5412dd98ac79990f102434732c9fab1a0cfe3594e787
cases/train02c_seismic_wave_compare/modal/result_b902.vtp	53930	71b942fa2ad931b918bf5412dd98ac79990f102434732c9fab1a0cfe3594e787
cases/train02c_seismic_wave_compare/modal/result_b903.vtp	53930	71b942fa2ad931b918bf5412dd98ac79990f102434732c9fab1a0cfe3594e787
cases/train02c_seismic_wave_compare/modal/result_b904.vtp	53930	71b942fa2ad931b918bf5412dd98ac79990f102434732c9fab1a0cfe3594e787
cases/train02c_seismic_wave_compare/modal/result_b905.vtp	53930	71b942fa2ad931b918bf5412dd98ac79990f102434732c9fab1a0cfe3594e787
cases/train02c_seismic_wave_compare/modal/result_b906.vtp	53930	71b942fa2ad931b918bf5412dd98ac79990f102434732c9fab1a0cfe3594e787
cases/train02c_seismic_wave_compare/modal/result_b907.vtp	53930	71b942fa2ad931b918bf5412dd98ac79990f102434732c9fab1a0cfe3594e787
cases/train02c_seismic_wave_compare/modal/result_b908.vtp	53930	71b942fa2ad931b918bf5412dd98ac79990f102434732c9fab1a0cfe3594e787
cases/train02c_seismic_wave_compare/modal/result_b909.vtp	53930	71b942fa2ad931b918bf5412dd98ac79990f102434732c9fab1a0cfe3594e787
cases/train02c_seismic_wave_compare/modal/result_b91.vtp	53930	71b942fa2ad931b918bf5412dd98ac79990f102434732c9fab1a0cfe3594e787
cases/train02c_seismic_wave_compare/modal/result_b910.vtp	53930	71b942fa2ad931b918bf5412dd98ac79990f102434732c9fab1a0cfe3594e787
cases/train02c_seismic_wave_compare/modal/result_b911.vtp	53930	71b942fa2ad931b918bf5412dd98ac79990f102434732c9fab1a0cfe3594e787
cases/train02c_seismic_wave_compare/modal/result_b912.vtp	53930	71b942fa2ad931b918bf5412dd98ac79990f102434732c9fab1a0cfe3594e787
cases/train02c_seismic_wave_compare/modal/result_b913.vtp	53930	71b942fa2ad931b918bf5412dd98ac79990f102434732c9fab1a0cfe3594e787
cases/train02c_seismic_wave_compare/modal/result_b914.vtp	53930	71b942fa2ad931b918bf5412dd98ac79990f102434732c9fab1a0cfe3594e787
cases/train02c_seismic_wave_compare/modal/result_b915.vtp	53930	71b942fa2ad931b918bf5412dd98ac79990f102434732c9fab1a0cfe3594e787
cases/train02c_seismic_wave_compare/modal/result_b916.vtp	53930	71b942fa2ad931b918bf5412dd98ac79990f102434732c9fab1a0cfe3594e787
cases/train02c_seismic_wave_compare/modal/result_b917.vtp	53930	71b942fa2ad931b918bf5412dd98ac79990f102434732c9fab1a0cfe3594e787
cases/train02c_seismic_wave_compare/modal/result_b918.vtp	53930	71b942fa2ad931b918bf5412dd98ac79990f102434732c9fab1a0cfe3594e787
cases/train02c_seismic_wave_compare/modal/result_b919.vtp	53930	71b942fa2ad931b918bf5412dd98ac79990f102434732c9fab1a0cfe3594e787
cases/train02c_seismic_wave_compare/modal/result_b92.vtp	53930	71b942fa2ad931b918bf5412dd98ac79990f102434732c9fab1a0cfe3594e787
cases/train02c_seismic_wave_compare/modal/result_b920.vtp	53930	71b942fa2ad931b918bf5412dd98ac79990f102434732c9fab1a0cfe3594e787
cases/train02c_seismic_wave_compare/modal/result_b921.vtp	53930	71b942fa2ad931b918bf5412dd98ac79990f102434732c9fab1a0cfe3594e787
cases/train02c_seismic_wave_compare/modal/result_b922.vtp	53930	71b942fa2ad931b918bf5412dd98ac79990f102434732c9fab1a0cfe3594e787
cases/train02c_seismic_wave_compare/modal/result_b923.vtp	53930	71b942fa2ad931b918bf5412dd98ac79990f102434732c9fab1a0cfe3594e787
cases/train02c_seismic_wave_compare/modal/result_b924.vtp	53930	71b942fa2ad931b918bf5412dd98ac79990f102434732c9fab1a0cfe3594e787
cases/train02c_seismic_wave_compare/modal/result_b925.vtp	53930	71b942fa2ad931b918bf5412dd98ac79990f102434732c9fab1a0cfe3594e787
cases/train02c_seismic_wave_compare/modal/result_b926.vtp	53930	71b942fa2ad931b918bf5412dd98ac79990f102434732c9fab1a0cfe3594e787
cases/train02c_seismic_wave_compare/modal/result_b927.vtp	53930	71b942fa2ad931b918bf5412dd98ac79990f102434732c9fab1a0cfe3594e787
cases/train02c_seismic_wave_compare/modal/result_b928.vtp	53930	71b942fa2ad931b918bf5412dd98ac79990f102434732c9fab1a0cfe3594e787
cases/train02c_seismic_wave_compare/modal/result_b929.vtp	53930	71b942fa2ad931b918bf5412dd98ac79990f102434732c9fab1a0cfe3594e787
cases/train02c_seismic_wave_compare/modal/result_b93.vtp	53930	71b942fa2ad931b918bf5412dd98ac79990f102434732c9fab1a0cfe3594e787
cases/train02c_seismic_wave_compare/modal/result_b930.vtp	53930	71b942fa2ad931b918bf5412dd98ac79990f102434732c9fab1a0cfe3594e787
cases/train02c_seismic_wave_compare/modal/result_b931.vtp	53930	71b942fa2ad931b918bf5412dd98ac79990f102434732c9fab1a0cfe3594e787
cases/train02c_seismic_wave_compare/modal/result_b932.vtp	53930	71b942fa2ad931b918bf5412dd98ac79990f102434732c9fab1a0cfe3594e787
cases/train02c_seismic_wave_compare/modal/result_b933.vtp	53930	71b942fa2ad931b918bf5412dd98ac79990f102434732c9fab1a0cfe3594e787
cases/train02c_seismic_wave_compare/modal/result_b934.vtp	53930	71b942fa2ad931b918bf5412dd98ac79990f102434732c9fab1a0cfe3594e787
cases/train02c_seismic_wave_compare/modal/result_b935.vtp	53930	71b942fa2ad931b918bf5412dd98ac79990f102434732c9fab1a0cfe3594e787
cases/train02c_seismic_wave_compare/modal/result_b936.vtp	53930	71b942fa2ad931b918bf5412dd98ac79990f102434732c9fab1a0cfe3594e787
cases/train02c_seismic_wave_compare/modal/result_b937.vtp	53930	71b942fa2ad931b918bf5412dd98ac79990f102434732c9fab1a0cfe3594e787
cases/train02c_seismic_wave_compare/modal/result_b938.vtp	53930	71b942fa2ad931b918bf5412dd98ac79990f102434732c9fab1a0cfe3594e787
cases/train02c_seismic_wave_compare/modal/result_b939.vtp	53930	71b942fa2ad931b918bf5412dd98ac79990f102434732c9fab1a0cfe3594e787
cases/train02c_seismic_wave_compare/modal/result_b94.vtp	53930	71b942fa2ad931b918bf5412dd98ac79990f102434732c9fab1a0cfe3594e787
cases/train02c_seismic_wave_compare/modal/result_b940.vtp	53930	71b942fa2ad931b918bf5412dd98ac79990f102434732c9fab1a0cfe3594e787
cases/train02c_seismic_wave_compare/modal/result_b941.vtp	53930	71b942fa2ad931b918bf5412dd98ac79990f102434732c9fab1a0cfe3594e787
cases/train02c_seismic_wave_compare/modal/result_b942.vtp	53930	71b942fa2ad931b918bf5412dd98ac79990f102434732c9fab1a0cfe3594e787
cases/train02c_seismic_wave_compare/modal/result_b943.vtp	53930	71b942fa2ad931b918bf5412dd98ac79990f102434732c9fab1a0cfe3594e787
cases/train02c_seismic_wave_compare/modal/result_b944.vtp	53930	71b942fa2ad931b918bf5412dd98ac79990f102434732c9fab1a0cfe3594e787
cases/train02c_seismic_wave_compare/modal/result_b945.vtp	53930	71b942fa2ad931b918bf5412dd98ac79990f102434732c9fab1a0cfe3594e787
cases/train02c_seismic_wave_compare/modal/result_b946.vtp	53930	71b942fa2ad931b918bf5412dd98ac79990f102434732c9fab1a0cfe3594e787
cases/train02c_seismic_wave_compare/modal/result_b947.vtp	53930	71b942fa2ad931b918bf5412dd98ac79990f102434732c9fab1a0cfe3594e787
cases/train02c_seismic_wave_compare/modal/result_b948.vtp	53930	71b942fa2ad931b918bf5412dd98ac79990f102434732c9fab1a0cfe3594e787
cases/train02c_seismic_wave_compare/modal/result_b949.vtp	53930	71b942fa2ad931b918bf5412dd98ac79990f102434732c9fab1a0cfe3594e787
cases/train02c_seismic_wave_compare/modal/result_b95.vtp	53930	71b942fa2ad931b918bf5412dd98ac79990f102434732c9fab1a0cfe3594e787
cases/train02c_seismic_wave_compare/modal/result_b950.vtp	53930	71b942fa2ad931b918bf5412dd98ac79990f102434732c9fab1a0cfe3594e787
cases/train02c_seismic_wave_compare/modal/result_b951.vtp	53930	71b942fa2ad931b918bf5412dd98ac79990f102434732c9fab1a0cfe3594e787
cases/train02c_seismic_wave_compare/modal/result_b952.vtp	53930	71b942fa2ad931b918bf5412dd98ac79990f102434732c9fab1a0cfe3594e787
cases/train02c_seismic_wave_compare/modal/result_b953.vtp	53930	71b942fa2ad931b918bf5412dd98ac79990f102434732c9fab1a0cfe3594e787
cases/train02c_seismic_wave_compare/modal/result_b954.vtp	53930	71b942fa2ad931b918bf5412dd98ac79990f102434732c9fab1a0cfe3594e787
cases/train02c_seismic_wave_compare/modal/result_b955.vtp	53930	71b942fa2ad931b918bf5412dd98ac79990f102434732c9fab1a0cfe3594e787
cases/train02c_seismic_wave_compare/modal/result_b956.vtp	53930	71b942fa2ad931b918bf5412dd98ac79990f102434732c9fab1a0cfe3594e787
cases/train02c_seismic_wave_compare/modal/result_b957.vtp	53930	71b942fa2ad931b918bf5412dd98ac79990f102434732c9fab1a0cfe3594e787
cases/train02c_seismic_wave_compare/modal/result_b958.vtp	53930	71b942fa2ad931b918bf5412dd98ac79990f102434732c9fab1a0cfe3594e787
cases/train02c_seismic_wave_compare/modal/result_b959.vtp	53930	71b942fa2ad931b918bf5412dd98ac79990f102434732c9fab1a0cfe3594e787
cases/train02c_seismic_wave_compare/modal/result_b96.vtp	53930	71b942fa2ad931b918bf5412dd98ac79990f102434732c9fab1a0cfe3594e787
cases/train02c_seismic_wave_compare/modal/result_b960.vtp	53930	71b942fa2ad931b918bf5412dd98ac79990f102434732c9fab1a0cfe3594e787
cases/train02c_seismic_wave_compare/modal/result_b961.vtp	53930	71b942fa2ad931b918bf5412dd98ac79990f102434732c9fab1a0cfe3594e787
cases/train02c_seismic_wave_compare/modal/result_b962.vtp	53930	71b942fa2ad931b918bf5412dd98ac79990f102434732c9fab1a0cfe3594e787
cases/train02c_seismic_wave_compare/modal/result_b963.vtp	53930	71b942fa2ad931b918bf5412dd98ac79990f102434732c9fab1a0cfe3594e787
cases/train02c_seismic_wave_compare/modal/result_b964.vtp	53930	71b942fa2ad931b918bf5412dd98ac79990f102434732c9fab1a0cfe3594e787
cases/train02c_seismic_wave_compare/modal/result_b965.vtp	53930	71b942fa2ad931b918bf5412dd98ac79990f102434732c9fab1a0cfe3594e787
cases/train02c_seismic_wave_compare/modal/result_b966.vtp	53930	71b942fa2ad931b918bf5412dd98ac79990f102434732c9fab1a0cfe3594e787
cases/train02c_seismic_wave_compare/modal/result_b967.vtp	53930	71b942fa2ad931b918bf5412dd98ac79990f102434732c9fab1a0cfe3594e787
cases/train02c_seismic_wave_compare/modal/result_b968.vtp	53930	71b942fa2ad931b918bf5412dd98ac79990f102434732c9fab1a0cfe3594e787
cases/train02c_seismic_wave_compare/modal/result_b969.vtp	53930	71b942fa2ad931b918bf5412dd98ac79990f102434732c9fab1a0cfe3594e787
cases/train02c_seismic_wave_compare/modal/result_b97.vtp	53930	71b942fa2ad931b918bf5412dd98ac79990f102434732c9fab1a0cfe3594e787
cases/train02c_seismic_wave_compare/modal/result_b970.vtp	53930	71b942fa2ad931b918bf5412dd98ac79990f102434732c9fab1a0cfe3594e787
cases/train02c_seismic_wave_compare/modal/result_b971.vtp	53930	71b942fa2ad931b918bf5412dd98ac79990f102434732c9fab1a0cfe3594e787
cases/train02c_seismic_wave_compare/modal/result_b972.vtp	53930	71b942fa2ad931b918bf5412dd98ac79990f102434732c9fab1a0cfe3594e787
cases/train02c_seismic_wave_compare/modal/result_b973.vtp	53930	71b942fa2ad931b918bf5412dd98ac79990f102434732c9fab1a0cfe3594e787
cases/train02c_seismic_wave_compare/modal/result_b974.vtp	53930	71b942fa2ad931b918bf5412dd98ac79990f102434732c9fab1a0cfe3594e787
cases/train02c_seismic_wave_compare/modal/result_b975.vtp	53930	71b942fa2ad931b918bf5412dd98ac79990f102434732c9fab1a0cfe3594e787
cases/train02c_seismic_wave_compare/modal/result_b976.vtp	53930	71b942fa2ad931b918bf5412dd98ac79990f102434732c9fab1a0cfe3594e787
cases/train02c_seismic_wave_compare/modal/result_b977.vtp	53930	71b942fa2ad931b918bf5412dd98ac79990f102434732c9fab1a0cfe3594e787
cases/train02c_seismic_wave_compare/modal/result_b978.vtp	53930	71b942fa2ad931b918bf5412dd98ac79990f102434732c9fab1a0cfe3594e787
cases/train02c_seismic_wave_compare/modal/result_b979.vtp	53930	71b942fa2ad931b918bf5412dd98ac79990f102434732c9fab1a0cfe3594e787
cases/train02c_seismic_wave_compare/modal/result_b98.vtp	53930	71b942fa2ad931b918bf5412dd98ac79990f102434732c9fab1a0cfe3594e787
cases/train02c_seismic_wave_compare/modal/result_b980.vtp	53930	71b942fa2ad931b918bf5412dd98ac79990f102434732c9fab1a0cfe3594e787
cases/train02c_seismic_wave_compare/modal/result_b981.vtp	53930	71b942fa2ad931b918bf5412dd98ac79990f102434732c9fab1a0cfe3594e787
cases/train02c_seismic_wave_compare/modal/result_b982.vtp	53930	71b942fa2ad931b918bf5412dd98ac79990f102434732c9fab1a0cfe3594e787
cases/train02c_seismic_wave_compare/modal/result_b983.vtp	53930	71b942fa2ad931b918bf5412dd98ac79990f102434732c9fab1a0cfe3594e787
cases/train02c_seismic_wave_compare/modal/result_b984.vtp	53930	71b942fa2ad931b918bf5412dd98ac79990f102434732c9fab1a0cfe3594e787
cases/train02c_seismic_wave_compare/modal/result_b985.vtp	53930	71b942fa2ad931b918bf5412dd98ac79990f102434732c9fab1a0cfe3594e787
cases/train02c_seismic_wave_compare/modal/result_b986.vtp	53930	71b942fa2ad931b918bf5412dd98ac79990f102434732c9fab1a0cfe3594e787
cases/train02c_seismic_wave_compare/modal/result_b987.vtp	53930	71b942fa2ad931b918bf5412dd98ac79990f102434732c9fab1a0cfe3594e787
cases/train02c_seismic_wave_compare/modal/result_b988.vtp	53930	71b942fa2ad931b918bf5412dd98ac79990f102434732c9fab1a0cfe3594e787
cases/train02c_seismic_wave_compare/modal/result_b989.vtp	53930	71b942fa2ad931b918bf5412dd98ac79990f102434732c9fab1a0cfe3594e787
cases/train02c_seismic_wave_compare/modal/result_b99.vtp	53930	71b942fa2ad931b918bf5412dd98ac79990f102434732c9fab1a0cfe3594e787
cases/train02c_seismic_wave_compare/modal/result_b990.vtp	53930	71b942fa2ad931b918bf5412dd98ac79990f102434732c9fab1a0cfe3594e787
cases/train02c_seismic_wave_compare/modal/result_b991.vtp	53930	71b942fa2ad931b918bf5412dd98ac79990f102434732c9fab1a0cfe3594e787
cases/train02c_seismic_wave_compare/modal/result_b992.vtp	53930	71b942fa2ad931b918bf5412dd98ac79990f102434732c9fab1a0cfe3594e787
cases/train02c_seismic_wave_compare/modal/result_b993.vtp	53930	71b942fa2ad931b918bf5412dd98ac79990f102434732c9fab1a0cfe3594e787
cases/train02c_seismic_wave_compare/modal/result_b994.vtp	53930	71b942fa2ad931b918bf5412dd98ac79990f102434732c9fab1a0cfe3594e787
cases/train02c_seismic_wave_compare/modal/result_b995.vtp	53930	71b942fa2ad931b918bf5412dd98ac79990f102434732c9fab1a0cfe3594e787
cases/train02c_seismic_wave_compare/modal/result_b996.vtp	53930	71b942fa2ad931b918bf5412dd98ac79990f102434732c9fab1a0cfe3594e787
cases/train02c_seismic_wave_compare/modal/result_b997.vtp	53930	71b942fa2ad931b918bf5412dd98ac79990f102434732c9fab1a0cfe3594e787
cases/train02c_seismic_wave_compare/modal/result_b998.vtp	53930	71b942fa2ad931b918bf5412dd98ac79990f102434732c9fab1a0cfe3594e787
cases/train02c_seismic_wave_compare/modal/result_b999.vtp	53930	71b942fa2ad931b918bf5412dd98ac79990f102434732c9fab1a0cfe3594e787
cases/train02c_seismic_wave_compare/result_b1.vtp	55567	bd8fe376ad265554c67f962f08df3166523bdf8eafa6dba2c65ae19beccd375b
cases/train02c_seismic_wave_compare/result_b10.vtp	55655	5574e0baa1f9a81c9a3b976501469ff880d1bfdc3418a8c706449a48f6e41f30
cases/train02c_seismic_wave_compare/result_b100.vtp	55408	9b3fb21ec1872753d21c79319cb0862cc3f65312404627e1cb38d042ba95b8a2
cases/train02c_seismic_wave_compare/result_b101.vtp	55684	3fa809191500dc44044297a4eec55682596c7441047dda990176ca8922251c90
cases/train02c_seismic_wave_compare/result_b102.vtp	55244	48c9661624c3f13f01e74117b5f84f7347d0b34795ca7b38f34c9b522993082b
cases/train02c_seismic_wave_compare/result_b103.vtp	56102	6560a7686b76225b6aaade68eb29718816fafc08ac608d95bcd26fd2e586a374
cases/train02c_seismic_wave_compare/result_b104.vtp	56025	99caf0c4e9fc247074b47dbdeb90abaa6fda395773f0e039d0ec24fde23be838
cases/train02c_seismic_wave_compare/result_b105.vtp	55100	6d5061d0ce9999ec43a567f7fa635ef0c378381bf231ae170ae6fee3b4a43efa
cases/train02c_seismic_wave_compare/result_b106.vtp	54796	fdb2b6db9516d9eed431f2064f914126864abe6cabd840458a46692edf4688b0
cases/train02c_seismic_wave_compare/result_b107.vtp	55652	92fe9beabd2fccd511b6034ec70174d843b350de5bc91bfcbaaf1ee39dfd0375
cases/train02c_seismic_wave_compare/result_b108.vtp	55561	5918b0f03d220d5d411d23133bf5a2098dfaff7388366004019fdfa75b472a10
cases/train02c_seismic_wave_compare/result_b109.vtp	55427	c4bf68f19358c343c3d8d07f403864d7f8fe081394c7ef8cc5713e3dc7d77c08
cases/train02c_seismic_wave_compare/result_b11.vtp	55566	a1beedf58f3e0db2731e3ee28e56bb6540341001a4763edd6ba9d1c4c2fdd1bc
cases/train02c_seismic_wave_compare/result_b110.vtp	55099	1bd89fdfcd926b94e74da0326f2204ad5a5b8609e9a6d7b060872cfed68e17c0
cases/train02c_seismic_wave_compare/result_b111.vtp	55618	4043f65e22eaec784c356fc80279970ecd742d29cce776431f8a014045840109
cases/train02c_seismic_wave_compare/result_b112.vtp	55562	b2932304c0967910e12720f26b001274b6825e5d09f22b0e8d3aa537701b9be9
cases/train02c_seismic_wave_compare/result_b113.vtp	55427	77553d3cade6096878951b333d1d937dc15cc6a07d2f8438f4a114907e9f4fe3
cases/train02c_seismic_wave_compare/result_b114.vtp	55694	cd93334e66f3f7316b970c9d48a8517b1073274ce72b02fb00f82ff15ff77094
cases/train02c_seismic_wave_compare/result_b115.vtp	55818	f00afbc8c896c11884d56867c93e4833d099acec17e36cfdb2a25fe1ac96c8f9
cases/train02c_seismic_wave_compare/result_b116.vtp	54870	c05686c94f58d2b252849a7b1a4ef63c1c6964a13985586d1d1dc449be0b2a19
cases/train02c_seismic_wave_compare/result_b117.vtp	55203	9154bbd50323a6e051ff74e82803bab6016ebc08aea705e2bbba165c629aa7a4
cases/train02c_seismic_wave_compare/result_b118.vtp	55367	5bcf75f807ca2382f9e61cbe6670965e7eb3a39acf56059a9c5c37ec4347debe
cases/train02c_seismic_wave_compare/result_b119.vtp	55811	0d5cea153db167c2139f04867d8dc81724c266543af9124eda657cf75477eaad
cases/train02c_seismic_wave_compare/result_b12.vtp	56146	90d095867cf39b75e9a1e54b05ac45c5c7a19e72d650cb7376be8b44f6ac2a31
cases/train02c_seismic_wave_compare/result_b120.vtp	55569	bde827989b97def739d1fc7fdf07d6fb21cf5ac32d5605dff71a457b72859a75
cases/train02c_seismic_wave_compare/result_b121.vtp	55749	c19d13117cefc5eaa4e20bd56a90a6d223458e08d9bcb138795decd1c78481bb
cases/train02c_seismic_wave_compare/result_b122.vtp	55406	62ab743532e9a3e46de3ad1ac62ffa7da0ac92bbfaa374cd477768f2b0385035
cases/train02c_seismic_wave_compare/result_b123.vtp	54896	de8628059d74b9f2b99ecb3d9295a37760ac7f4c44fd05f467569d6d2ec022b3
cases/train02c_seismic_wave_compare/result_b124.vtp	55890	d94b318e96a5b644ac89cbb27e771b05c9e77eb87f8592cff7d83d022f4d5f60
cases/train02c_seismic_wave_compare/result_b125.vtp	55055	f4707ba00b681fef8e0701127c3bbdcf8569d74ce2f35e13f928a7ea5acd204e
cases/train02c_seismic_wave_compare/result_b126.vtp	55584	f8bbf382eb4eb78efe2d0093593a4c9ba749e51f8747e5119192e0dcb1c36ae4
cases/train02c_seismic_wave_compare/result_b127.vtp	54935	ebc33b5f934660df5b47f9cfac64b71dcf2b7af4125c9d8edd013fc47e26f863
cases/train02c_seismic_wave_compare/result_b128.vtp	55712	4cd41e2553f89fe6459c49f481bb32ffe7898a9fcfbc40f5da13bba7b14fb790
cases/train02c_seismic_wave_compare/result_b129.vtp	55180	aaedb0e6c921302f6c6c9536b31db11e91c3f4524c9841e5b17d4983a9d68d30
cases/train02c_seismic_wave_compare/result_b13.vtp	55526	bcd960a4af8e0dcab7d34d2f19d71c5c9b58995b0e567babf9dbd43d2ecb545b
cases/train02c_seismic_wave_compare/result_b130.vtp	54791	6ed9f3f7dad942f944ff8fb99053382abaf58c365ee41c8c08551ffe27fdace5
cases/train02c_seismic_wave_compare/result_b131.vtp	55068	2c3e11854f7d85a5b92351e1e81bab66a4db07cfe0415551feee6469d46c63c9
cases/train02c_seismic_wave_compare/result_b132.vtp	54920	0a3b56e564312d0121de4e508114aca8a1d7f02ff896dd1a8c9ecbf86b2fc7fc
cases/train02c_seismic_wave_compare/result_b133.vtp	55589	bed63b8e77e86045063b19ce17d33cb1b2c4adc59e3ac2f62e0d9e3137dbfa32
cases/train02c_seismic_wave_compare/result_b134.vtp	55161	8d64a7f870e2c372ed779f0040eee447b981856bc9261298ab4631d738bea00e
cases/train02c_seismic_wave_compare/result_b135.vtp	55468	73037c3bd9306d6ef8483249b4880c8bbafc13575a5020d2afc8b563fae71e25
cases/train02c_seismic_wave_compare/result_b136.vtp	55524	ea0318d686ae6a3a4f504f1e4964e8b4f2f0c360b02e065b89dfc7e06aef6308
cases/train02c_seismic_wave_compare/result_b137.vtp	56028	9c657fb24ab14bd5d507e21325cef03e867406cc83e1d39d466a6e745f71de74
cases/train02c_seismic_wave_compare/result_b138.vtp	55355	8234f258b2a1c41274af3c7a88dc9f970557d42b9be47c126ba9e97e24ddc38c
cases/train02c_seismic_wave_compare/result_b139.vtp	54853	0707443c24b1ea2f0faab841b33e7c5928008e3041238e67d9dd72d9f8ddf14e
cases/train02c_seismic_wave_compare/result_b14.vtp	56114	5c371adbb0a3f979f6d926d289aed772f84814e2f152f64c3beb181cce1e1e74
cases/train02c_seismic_wave_compare/result_b140.vtp	54893	ed67e6132ede2e8246e943e3bd84b4f6154d45e7d083920c88053f4de4ed330f
cases/train02c_seismic_wave_compare/result_b141.vtp	54701	b424912129a53ac09f972b6dfa43198f4f584d636a0f69409164ec70d05af17a
cases/train02c_seismic_wave_compare/result_b142.vtp	55546	e2632b4ab9223b7d467d10c09d5edc49bdda53c65b17a34b751dab1b09164cde
cases/train02c_seismic_wave_compare/result_b143.vtp	55423	0300c6c432210975e6e80b1dee4a097cb7f223d01c63d6055933ce7ae03ab6c0
cases/train02c_seismic_wave_compare/result_b144.vtp	55212	65f1d3dd3138ae6d86eb5e5f5094dc8e0e50390546446254c222d40f0a5b58a9
cases/train02c_seismic_wave_compare/result_b145.vtp	55386	f58bab34224f72e009095b43ff4482bc0fe0ab5603c50d1fdac634cb2df20e92
cases/train02c_seismic_wave_compare/result_b146.vtp	54859	4fc82db68dec93073282295103ee6a768cb4663c682775be01c1efb7135b8e95
cases/train02c_seismic_wave_compare/result_b147.vtp	54811	b4a46e54e62e2ba033586e93f8ad8448f3a7965b0a50f4013e219036b163c395
cases/train02c_seismic_wave_compare/result_b148.vtp	55310	2a5b94ce7f75348958e94236c6c924d615bb211137233e0e4dc36a82eb5f40e3
cases/train02c_seismic_wave_compare/result_b149.vtp	55366	f34ed652ed355f5d0ec0a0f7543daf099176ce099acca311971e47c1b008dd07
cases/train02c_seismic_wave_compare/result_b15.vtp	55440	6ff2ecd4bbe8a0885b769340e95f57709b62546e5e35ed6ad6cd7032a7ca5800
cases/train02c_seismic_wave_compare/result_b150.vtp	55009	3875a338855cf7c518a9a3895f5a3693eabcf922f24e3f31af4d0321996bee58
cases/train02c_seismic_wave_compare/result_b151.vtp	56128	62041cc82b410cd14059c3bb02edd7afb1b956951a0f7529926fa36413318608
cases/train02c_seismic_wave_compare/result_b152.vtp	55610	fb24e1df653a2f4864ecb6c4f6fe13cc8c41d8f5573d21ac67ece4e43866d703
cases/train02c_seismic_wave_compare/result_b153.vtp	55507	17bd19326ec5fb3282e3069e74b7ff950b1994f1a8a3517b886f2dc02befa01f
cases/train02c_seismic_wave_compare/result_b154.vtp	55416	7cfa25503943a12a95c91758506807daabdda0ddcc4f7582065991791a99ca20
cases/train02c_seismic_wave_compare/result_b155.vtp	55104	a4ea49248b1dacdf85eab658a90854b18013732384e900bf639279384651b8d3
cases/train02c_seismic_wave_compare/result_b156.vtp	55692	9d2ad4b5dca3bc2c444157ec08caf6965ec958e3b85dc306d410ea5df3a8c791
cases/train02c_seismic_wave_compare/result_b157.vtp	54785	977571a304e00c61c2a23d5cef976e8087afea6f2e49eef2a3bde38568f9c132
cases/train02c_seismic_wave_compare/result_b158.vtp	55158	59bc2786713b888a365d6a8d7ca67a5e8c71f19cc33dff73aea4375eb0293d94
cases/train02c_seismic_wave_compare/result_b159.vtp	55483	e0f01adc8b80a38d24db6d0ede7ca4ac1623dfffe32bab259005998bfcb2e302
cases/train02c_seismic_wave_compare/result_b16.vtp	56084	6b607dc19d2e90331e30704ea87b56eb021ff86404700a1e5d935423547891fe
cases/train02c_seismic_wave_compare/result_b160.vtp	54735	e700031d6fe91f2700855e015cfc65aa84c0bab98e01c7aecb2df31d10697453
cases/train02c_seismic_wave_compare/result_b161.vtp	54839	459db794fe1768b055744531468ee39ce531778723ad7c320985699966d3e90a
cases/train02c_seismic_wave_compare/result_b162.vtp	55651	54ae07e7872d53374a037b1157fa0363374619da38664d8569b682fb9363f0b2
cases/train02c_seismic_wave_compare/result_b163.vtp	56137	02e82417ea64644f5469af7dd11a26502fc1dcbfe2e6a82bdeea9617df7dd509
cases/train02c_seismic_wave_compare/result_b164.vtp	55823	9eaddded9389aea83d34c754891bc857e32db8dd6634c31a661d5d2f4c5233dd
cases/train02c_seismic_wave_compare/result_b165.vtp	55494	89b05ef119e034fe535127aa3888b4c1bcd005a8cd34aabb00be7d0a290aecd2
cases/train02c_seismic_wave_compare/result_b166.vtp	54714	aaea6ae161eebbdca50d34158dfb15bfb87ca047b9539f52c4ac10274b3c7b74
cases/train02c_seismic_wave_compare/result_b167.vtp	55393	87097189141dd1f066be06534d2347dc4c5068f4c71f5a5be6634eaf5080c6ce
cases/train02c_seismic_wave_compare/result_b168.vtp	55365	4d66dceb378cd73a7334b193cea6588003fe22d3155fb53903dd383b63ecf71f
cases/train02c_seismic_wave_compare/result_b169.vtp	55258	a5a73e8330475f8b17875ccaa2c53a7753980761628fa40fda3132f88a99ce0f
cases/train02c_seismic_wave_compare/result_b17.vtp	55642	2caa27f99e66a5c020beb7be57402a48876efcd40fc7346312cce01e405c5d83
cases/train02c_seismic_wave_compare/result_b170.vtp	55541	a042f966811ec9a02459c8413866de73324016cfc51797ef7720695908ca06b4
cases/train02c_seismic_wave_compare/result_b171.vtp	55931	43f6276287146d101f34020c82f9d669b0d774f3e47c8f8a3a20328c1eab5474
cases/train02c_seismic_wave_compare/result_b172.vtp	54735	7cc8b0cdc306fc0f116fa0d3197368c8358194280dc7a8eecb7c6837b8187c60
cases/train02c_seismic_wave_compare/result_b173.vtp	54769	b29657de19191bd8493e0a8a4e02abcc0cc93ecf0874e8d6aa0ddc65b4d6f282
cases/train02c_seismic_wave_compare/result_b174.vtp	55139	9f921838611def29747eb1d3b907ede0e25b0e635fe5cc663ee33a23756a651a
cases/train02c_seismic_wave_compare/result_b175.vtp	55459	e1a58058cea78d6d6db3a72b1dd63dcd6cda5f97cd7caaa5aeceadc714aad7f5
cases/train02c_seismic_wave_compare/result_b176.vtp	55495	8913098d90e1396dddef294ba8f0208ed2bec8866695fd4b8bf719783c7efe0d
cases/train02c_seismic_wave_compare/result_b177.vtp	55724	9db9f9bb36e38df920e2c2095db1ffe8cdf6728f1fe5908a72759275c5f89ee3
cases/train02c_seismic_wave_compare/result_b178.vtp	54974	6473e99ba595fce4e69b770a514040adbdd41cb7d76d2095111fa6c7305018cd
cases/train02c_seismic_wave_compare/result_b179.vtp	55691	b31d12c9ef871fd4156bbceaaeb86d5b9e118c064812f4320cdf59dff3c244c4
cases/train02c_seismic_wave_compare/result_b18.vtp	55606	2a3043d78e2d4c893ed770a7c1833c3660c314c091e3520badf2ebde545772e2
cases/train02c_seismic_wave_compare/result_b180.vtp	54735	f8e930a7786fad43e5734d63391890f73119cd8b71d820d90da458326515202c
cases/train02c_seismic_wave_compare/result_b181.vtp	56040	f5b2a527ca9dcdecedbbc624754df88593aa1189bf76958e30dc4b94dab4943e
cases/train02c_seismic_wave_compare/result_b182.vtp	55459	19b83e4d9af4be6db2409864676b23ee8fa2bdbfdbd2c992313ffde1173cdb41
cases/train02c_seismic_wave_compare/result_b183.vtp	55308	3688a2a766e2b543edcfcfbf3e96f1803a513c4a4632a935582478ae1e6f014b
cases/train02c_seismic_wave_compare/result_b184.vtp	56016	067cb8113b53dfe84b4bb28f4286efc88454dc3af8da930bc48f0a1fe7ac016c
cases/train02c_seismic_wave_compare/result_b185.vtp	54979	1955b322d15b6b0c09edfda5f1f28c7a0a01c6a6b0963adc449eac432fd87be5
cases/train02c_seismic_wave_compare/result_b186.vtp	55387	58c2eb7bf156ea209e70625851de79ab752c5ae077123ac2cc39df1e18c33320
cases/train02c_seismic_wave_compare/result_b187.vtp	55446	22be6703852a1ce61acbdbeef6ec5d4bb2c934c52d4996f2d38c4401291849a2
cases/train02c_seismic_wave_compare/result_b188.vtp	54890	6a2b2552d2fc1b9eb5013d61cb3df35ec8eeeb919e17896ec3ebefe2f258b268
cases/train02c_seismic_wave_compare/result_b189.vtp	55948	24c5b33604bd05c495da68f8a2493cc32794af44c14dda91bd708113b4ab6bdb
cases/train02c_seismic_wave_compare/result_b19.vtp	56087	fa6c4307a3f6ba95560246c2dc8e8abd358104357f28aeae3f9a3df00216b29f
cases/train02c_seismic_wave_compare/result_b190.vtp	55141	bd134ece3a0d0b9a531acdc2e45020212fb4ab74952e64519dfa705c9b9f2b0d
cases/train02c_seismic_wave_compare/result_b191.vtp	55291	899ff45579660f890569fc155708ecb7f93115fdcd035e4ca91d8245099ec286
cases/train02c_seismic_wave_compare/result_b192.vtp	55512	4012ac3dc5fb736622dc2dc155f0a6071dd6cdf9c8958b225f322e1f499f3deb
cases/train02c_seismic_wave_compare/result_b193.vtp	54819	b29eab49382dfde7b3c8c6ae20eb1d85c2f29f834fa7d10af0586d3b795ecd0a
cases/train02c_seismic_wave_compare/result_b194.vtp	55368	b2b0216c992a3a354b9d6a7a90192c9376688ae7cf75939af2c91bec5b8a359c
cases/train02c_seismic_wave_compare/result_b195.vtp	55582	50fa9226b3b70bf25b15d58c976d0843ff127c2eb7ef5984147d2ec10e475545
cases/train02c_seismic_wave_compare/result_b196.vtp	56124	098963e207831ab86917a8f178b9b80aa5e396f204e147cced91b24b5e07ac6d
cases/train02c_seismic_wave_compare/result_b197.vtp	55392	70105e9d7ad08e51c38bad84fe57656ee2b85b53305fe8a6e7e3ae534a8302f3
cases/train02c_seismic_wave_compare/result_b198.vtp	54924	511ec3929f5b0b9267348b11905bc82c50951ba7ab2efad91f9f931b23c84b7f
cases/train02c_seismic_wave_compare/result_b199.vtp	55357	3d45d9d70d9d447ae5f0c5e603cd55fc9f2ab2b36700810835fd89e607b2e97d
cases/train02c_seismic_wave_compare/result_b2.vtp	55531	36be8fba20dce8631d7f0c8eb50dd5c0a185b60dcc62ca8719819064feb9c3b3
cases/train02c_seismic_wave_compare/result_b20.vtp	55784	1bee35b3229e0aba8506e3386dad28f40c1fcfe46c6cf375b0b161b157b37a85
cases/train02c_seismic_wave_compare/result_b200.vtp	55881	0816a1e4d75156e35b0e446cfa0af87ae273b7edf486380f163da13805cf884f
cases/train02c_seismic_wave_compare/result_b201.vtp	56145	9e7b8a49e1c3d7986175e6803fc4d9357ba71f2eaccf599d090149b928a9f299
cases/train02c_seismic_wave_compare/result_b202.vtp	55525	4c799b6ce6aef08d10fc8c88c4840db6028ddebba1d0258aa2fd87721b482fd0
cases/train02c_seismic_wave_compare/result_b203.vtp	55370	96169a3a506009c43ed0c33fc1e424be37468aa8fd22f8660dfa33359ad38186
cases/train02c_seismic_wave_compare/result_b204.vtp	55859	08c84ae20578ccad2357af15e3f519cbe5e535009a32ef4b4ed29105552ade78
cases/train02c_seismic_wave_compare/result_b205.vtp	55458	c1e419fdadb096716821c7c85b3d00cbbfff6f2a54acf7dfac7b60f289bf997e
cases/train02c_seismic_wave_compare/result_b206.vtp	54645	fbf17ff7e11312739c1020bf1b181e2a2dbb1e97e9c89e3ac6edf734715d73de
cases/train02c_seismic_wave_compare/result_b207.vtp	54979	5ab6b868794b458cd6d61983dae55b20af59b16cf91bfb0d37ce45cbd298d259
cases/train02c_seismic_wave_compare/result_b208.vtp	55340	d6a119956e3ec5442d38c4924d82b153bba7c276d9eb0209ac2a180bcdee4c89
cases/train02c_seismic_wave_compare/result_b209.vtp	55284	618a628a807d72d5c6a1fd4fd8a21b2869bddd1b6afac928a14e51763cd59649
cases/train02c_seismic_wave_compare/result_b21.vtp	55931	11e71ce5a77bdeebc6968cb5f9983f6b9cd22d78e79ab24b8fd86cc8c0f1f1a8
cases/train02c_seismic_wave_compare/result_b210.vtp	54848	773ac6b6bfb2a7803ccd234f1eff27355dc3e6844c9f8b631efb0115419c3ea9
cases/train02c_seismic_wave_compare/result_b211.vtp	55645	30fa09baa928c38ee32dcf1c679fd0be258a7270d8df00ec485b7161d8e244ce
cases/train02c_seismic_wave_compare/result_b212.vtp	55352	2ab2486051b8c34591a3792a7b68d64bf90f30e0f5e0616693850edb8402a096
cases/train02c_seismic_wave_compare/result_b213.vtp	55588	df85b6558934c4c97302d134ca1f2e29be0dc59aac76a17f99d2eb0cab66e417
cases/train02c_seismic_wave_compare/result_b214.vtp	54878	0ad8fbd8a53acef140141550c72998fbe4f1a259a9eb065885f900e70978d5cd
cases/train02c_seismic_wave_compare/result_b215.vtp	55439	5169d4421d327d51b05bab9d3a16146fd88efe76e7d318050e4a93a34995d193
cases/train02c_seismic_wave_compare/result_b216.vtp	55875	5b54b2473540848ffc6e0112365313d8ca889f1cbf13d60e5b6607b70aed8bca
cases/train02c_seismic_wave_compare/result_b217.vtp	55548	210327d334ab4b37c949b5f6f992ff08b26e5e452e6449736e8c6297b3de41cc
cases/train02c_seismic_wave_compare/result_b218.vtp	55559	64989849757c292c072f6d10acd699978d2478464373befc9635623b964a3b33
cases/train02c_seismic_wave_compare/result_b219.vtp	55402	8dfa19fd17077e324bb9b7a3d9d7ab3dbd6702bfd96246483a6c280358fa48fb
cases/train02c_seismic_wave_compare/result_b22.vtp	55408	ae3b2c23cdd6b3cbe1919ec9936c506183ee49496f868cb1c6836c9f09ccf2e5
cases/train02c_seismic_wave_compare/result_b220.vtp	55243	a576dbec14e2ff637cdaacc8242b77489da3ba4f6cc6f227add0a17e32e2dc56
cases/train02c_seismic_wave_compare/result_b221.vtp	54678	1bd843cc6b0fb590c7543c146ac72c911e236b2c2dc500bf28b6a08e643ea016
cases/train02c_seismic_wave_compare/result_b222.vtp	55727	5a21093f9bca90fd199214f48df4c5e5e95960a4afa1651952a4c7bd5536ce79
cases/train02c_seismic_wave_compare/result_b223.vtp	55954	02124102a71fd7f60042a141a913c47553fc45e190d31e88d816e9c91d2bb655
cases/train02c_seismic_wave_compare/result_b224.vtp	54983	f56f12a051ce6ae475eab945d027fd56c5cd3840e911ac2592d4ce1571e14642
cases/train02c_seismic_wave_compare/result_b225.vtp	55407	d84e29d285b19e3118fae8174a61a3b8bf1916fa5cb732d033ec312839a25b0e
cases/train02c_seismic_wave_compare/result_b226.vtp	55026	13aca5b0e19673f04641ad89fb1365939a16821b3b8297f580919bc7fc4ec5ae
cases/train02c_seismic_wave_compare/result_b227.vtp	55232	542cb6c62208e5e7dd7d83272e385e0ad836521b23fd5b655d02f29261143075
cases/train02c_seismic_wave_compare/result_b228.vtp	55817	4d6ffb7b76db197641105ab1290fad96052e093c4803a298a7b616d1f3b97e5d
cases/train02c_seismic_wave_compare/result_b229.vtp	54930	ba6eed2c8c6b40249beabff1a4cc0d93e499fda827dee6a9c18ddd8df19aa836
cases/train02c_seismic_wave_compare/result_b23.vtp	55309	e03cad7f3ded78826a5b173964ddee67bca7debfd641b8b7efd54cc5727ec0c3
cases/train02c_seismic_wave_compare/result_b230.vtp	55188	105328abdb161ebebb3af732b28c073aa4e6ba940ee7c90bd4243cf8d90a3cdd
cases/train02c_seismic_wave_compare/result_b231.vtp	55332	939c3fc029293df7ca0ecda2da882672150e83739f188b180c0abd5019469003
cases/train02c_seismic_wave_compare/result_b232.vtp	54728	4bf80898828cf02726b9e25dc3e0bb0f9360fe004b6f8abf79a0460c48147999
cases/train02c_seismic_wave_compare/result_b233.vtp	55739	5c1d8ae97a9e69976d19c910577b85b1e264810cd8b12221d4f16e0e5bd67b16
cases/train02c_seismic_wave_compare/result_b234.vtp	55782	3f0ef6d0a2e35e32714c513aa3e50c97da11093ce0f52ee675c957d26a6837d9
cases/train02c_seismic_wave_compare/result_b235.vtp	54585	276ff3d11df71b12792e91347d02ad5141abceb7cdc815a25a0ca4d8cb764b17
cases/train02c_seismic_wave_compare/result_b236.vtp	55560	5b56f42b2e5a7ddda9be8edd9d7e3efaf664cd27cecdec68e73c39fdba36c681
cases/train02c_seismic_wave_compare/result_b237.vtp	55364	165fed03fbde4f41feb35b901585facb96ac9adfd437e0c677ad8f667e2da7bd
cases/train02c_seismic_wave_compare/result_b238.vtp	55585	d18473725cd10270e92e526cddb9663b616ed1875f7ec0ed3a4b74b259e2b798
cases/train02c_seismic_wave_compare/result_b239.vtp	54896	7a473030ba26b928f45c44a6e6635658a67507dce0268f7a70caed748ce779a1
cases/train02c_seismic_wave_compare/result_b24.vtp	56223	175c894f91696a8ada4305773adbc5883fdaf404f53d14e8f0a4b91ce6ad98dd
cases/train02c_seismic_wave_compare/result_b240.vtp	55958	2245d8cf648bbe2993efe1cfd6ad5cc58c8fbb6c1d817baf71e193227909aee3
cases/train02c_seismic_wave_compare/result_b241.vtp	54919	cf6279df8bacf37770575ab86ee0fefc7fa4b9c5bf3c6dc01802f08997863392
cases/train02c_seismic_wave_compare/result_b242.vtp	55397	af3350b58690957a593d87d3d5fd5e58bb3979d467af6f48268a108fb4c4f6fd
cases/train02c_seismic_wave_compare/result_b243.vtp	54979	318bdb4636ff098b07dc6c165e3ba8c5b65ab100d6c621f15c0d45546e3bc093
cases/train02c_seismic_wave_compare/result_b244.vtp	55410	f14ccdee83e39d87955bd05937bf2d16520f9b43afa3e0dd4f6a8e1b469e9148
cases/train02c_seismic_wave_compare/result_b245.vtp	54852	f98b19ad47e97ec53be2249041a8bb8be6d8171f1df3737e230cd27cc913b2d7
cases/train02c_seismic_wave_compare/result_b246.vtp	55317	f063cec1123685301e102d0af589a95bc02b0e9aac1b89db5e8c6351893b0dfa
cases/train02c_seismic_wave_compare/result_b247.vtp	55903	a9f1507d887af1027de36c6d4299d74cafa9706d170db45fa4ed3418e5d89748
cases/train02c_seismic_wave_compare/result_b248.vtp	55962	97373307f2e11e686f533efea46c11d42c172e73d01fc302d69fb00619c1a5ab
cases/train02c_seismic_wave_compare/result_b249.vtp	54870	8c7cb3611cfd1b0c85136d85831e2737f117d9ee145215b9656a6a3ede093232
cases/train02c_seismic_wave_compare/result_b25.vtp	55540	3201440e5dd9ae294d466d40329455f335e1592cb23a47290c453cc686d7f91f
cases/train02c_seismic_wave_compare/result_b250.vtp	55140	3b0dae80486a173e95e4a61b1f6bf6f5c7d1c2f0ca8f4c57a7c8ad0034dae45f
cases/train02c_seismic_wave_compare/result_b251.vtp	55471	ff266693e796f0bc81a17adf1aef904aa7f97a02d67a575724bfc540642bea31
cases/train02c_seismic_wave_compare/result_b252.vtp	54785	b8254a1652a4720c7c1cafd901e6f69996455b88f33ddd43c35989ae3d310a7e
cases/train02c_seismic_wave_compare/result_b253.vtp	55317	9c4bab713ada3c7e6baadf7b49b829498fdf39e8817f03e842f35dc17329e84c
cases/train02c_seismic_wave_compare/result_b254.vtp	55021	c38cd84559f7bfbd4a0d17e54ed6812b28355644c038d57609200d351912158b
cases/train02c_seismic_wave_compare/result_b255.vtp	55421	fb7d72f3c17b1c4f25769309cd9d0dc3e6e840b089f4da734ebee6e62a32663c
cases/train02c_seismic_wave_compare/result_b256.vtp	54563	365b978c4e7146588ec32459d55d4b4d2386926f3b687c11fe6b7a63860518af
cases/train02c_seismic_wave_compare/result_b257.vtp	55371	25456322e45d620ff87dab30f7a991925d1a4ecac50320488b07b90e37e71a98
cases/train02c_seismic_wave_compare/result_b258.vtp	55236	3a373bf4c0ce5342a75638be80137131e775603f097496f9aa978b773b56a43f
cases/train02c_seismic_wave_compare/result_b259.vtp	54722	dd2edbebe03b9296f24819f6e6bd3752da924978c7c9afc3c94b6bd5a68657ab
cases/train02c_seismic_wave_compare/result_b26.vtp	56104	6fbb4e491d0b6d89b00a7a935abd6f3170ae961d74202efee5c8f71e8a54fdb1
cases/train02c_seismic_wave_compare/result_b260.vtp	55903	b9a9ec3566362d17c27a2390351ac074ccb251e9de68eea41cc27ae1da51b2ca
cases/train02c_seismic_wave_compare/result_b261.vtp	55158	6e6c9991b000cac163d5c9e56a6f6942571311a7e0dbd8faed2903fae7c94088
cases/train02c_seismic_wave_compare/result_b262.vtp	55126	83ff7ec1040d069d027df5ba37fc916c4046349fccd8175d05481d4bb2382777
cases/train02c_seismic_wave_compare/result_b263.vtp	55453	2933f66953e21a560945767c9bfb81563c76485ebde3571d07d71b2c73e8693c
cases/train02c_seismic_wave_compare/result_b264.vtp	54835	ffa48a5055efe249c70af5debe43cba2159d6a4a87b2d998e52ee5294ffba44e
cases/train02c_seismic_wave_compare/result_b265.vtp	55276	570f2be0948d4bb6d5d6dc4c87d04889b6ff6c44f5dad371c64a718a38bebe7f
cases/train02c_seismic_wave_compare/result_b266.vtp	54939	f17293102e172feba0a9a1257ba3ab941f74766d04ea140b63b6423806cd9c64
cases/train02c_seismic_wave_compare/result_b267.vtp	55878	04eaac3246955215804c5449456103d21a040a6636ccceb54467c4d0380c2e4d
cases/train02c_seismic_wave_compare/result_b268.vtp	54900	fd281df472ef290fd60608fe57240afee68d914c0a1dfa588b09c9ca9f1b5bef
cases/train02c_seismic_wave_compare/result_b269.vtp	55762	dc3e09d5cc58837392b54730dbedbb2b572555e9a96978b5d2017f1826bc6bbf
cases/train02c_seismic_wave_compare/result_b27.vtp	55185	1e37798ec9fbcb16f233e04323bd4a26bdb8220b5576efe278728cd0a6b377fe
cases/train02c_seismic_wave_compare/result_b270.vtp	55013	f89f4e938f272856c430d1c530674b3ba746ab10e1ff93242d427ef5301842ba
cases/train02c_seismic_wave_compare/result_b271.vtp	55220	1911adea66e56c4b71f9a38c3aae567457927be807889359ca6cb935b2dcb3f0
cases/train02c_seismic_wave_compare/result_b272.vtp	54862	79334206467dd08cda8212f9bbbec0d73a6ebf05ce8ce0d28fb830f47cf35279
cases/train02c_seismic_wave_compare/result_b273.vtp	55351	defa83bb4880d2c89f8648e01f9675d6f04fde871bbe2d7c24ffb8d65c0e0633
cases/train02c_seismic_wave_compare/result_b274.vtp	54882	0741a5f6d098025a7e5ae570190269151d2611ab46be49c1b52c68773695e035
cases/train02c_seismic_wave_compare/result_b275.vtp	54961	c6187dcc8ef01835d474f335a1b333effb914847b86c6c9651ce2b18cc91419f
cases/train02c_seismic_wave_compare/result_b276.vtp	55542	cf9759bcd3b19a5e627b5b3c8ba44031f8a492cebb83d2492d1d24fa2ae9a8d3
cases/train02c_seismic_wave_compare/result_b277.vtp	54925	e50b29b5793c57e0521322b760f6b93d6e719a144a3473170b715b51ea4e2314
cases/train02c_seismic_wave_compare/result_b278.vtp	55308	5e54af149c2b2967a532562a301bd43d52f4da0c7803612632a57653253a6a06
cases/train02c_seismic_wave_compare/result_b279.vtp	55969	4ba48838bda9365ec06ec8e153dd0d8432ca1d7ecd855bae3718e52f65fbfd5a
cases/train02c_seismic_wave_compare/result_b28.vtp	56040	8a218cef0a471bcb8142de48d0692788a04f99144ca4514b3bd1345bf64a52f7
cases/train02c_seismic_wave_compare/result_b280.vtp	55439	f86b20ddde89b21373eb0ff56fcf3455051dd2a9a49608b488e286e3397e8fae
cases/train02c_seismic_wave_compare/result_b281.vtp	55356	0f9b47c5fbf81e65cea033b56368c5f9a58e1bbca6a62f1a7449277940c753b4
cases/train02c_seismic_wave_compare/result_b282.vtp	54793	fb53cbfd947d0a12723752bb4a2f13a68db382a948e04058150321fcae623c0b
cases/train02c_seismic_wave_compare/result_b283.vtp	55180	18b53373aea051e6da82d9d56b90314f287c2bfa8eaf6ea746e96cf375315e8d
cases/train02c_seismic_wave_compare/result_b284.vtp	55883	c7c151836e13d84a2b89c131b72ae7f1cf373ed7adf31d53b82b8eee6305cce3
cases/train02c_seismic_wave_compare/result_b285.vtp	54796	90eedf108e6fa9eb52efd2f9f05398183523a708f17872709400ed7621b066ef
cases/train02c_seismic_wave_compare/result_b286.vtp	55371	576088ac54ae98bb34aae077d0eeb3edd402da19df051cb4499c05367a956263
cases/train02c_seismic_wave_compare/result_b287.vtp	55503	2dca7feaed039861331d2adcbd84470260870699d362eb04fc208fef1ab5307f
cases/train02c_seismic_wave_compare/result_b288.vtp	54753	38aba9fd9a89092522db9504846714336ab4b75610a6d9c6002bb8a890415aff
cases/train02c_seismic_wave_compare/result_b289.vtp	55162	ee9da76fdbbb797bc9a5b6c3769996323f2e0b7c0f90aaf59e33f0ac019761f0
cases/train02c_seismic_wave_compare/result_b29.vtp	55524	cc6605256b3eb2c5fd7dda55913fa42979b5f5eca456baa2a3733f3244041df5
cases/train02c_seismic_wave_compare/result_b290.vtp	55539	76223320c3234aeea4b01cde24d8d8809a1ca4e11d81eb711fb3f6a96c3cac9c
cases/train02c_seismic_wave_compare/result_b291.vtp	55959	9b4f8dcf3a15b8629c0b9b0f1c5d706cb967ddd05b24d7c4286be2dcfc9b5998
cases/train02c_seismic_wave_compare/result_b292.vtp	55441	40109a36c58915d0b624d37ee29e41e6108424bda64581aecb64c968f0c62724
cases/train02c_seismic_wave_compare/result_b293.vtp	55431	1e7e863161056c683c2c1988030d5670af168c7219959698b957adb7d66fc41e
cases/train02c_seismic_wave_compare/result_b294.vtp	55136	8d3d4d11bed44ce003a9badf050cd8f918023feef09fc94132e1b8d7f3aebfa6
cases/train02c_seismic_wave_compare/result_b295.vtp	56045	5deccc0de6d6b59174507ab6286ee8b4f647fd9243dffcb7e8a8ee6589b0586a
cases/train02c_seismic_wave_compare/result_b296.vtp	54665	8ff696e5365ba2b2a72e36c5862c1525fde23655883be30b2c54957b8a9231d4
cases/train02c_seismic_wave_compare/result_b297.vtp	54782	8ce1e438671dbbbe77e48441a2523d18417711354a12b33ad77858e3930c165e
cases/train02c_seismic_wave_compare/result_b298.vtp	55607	982ad768a609219866d6c01b06773c6e53e006ed10a2551782a2a07d2cad8555
cases/train02c_seismic_wave_compare/result_b299.vtp	55354	6db7aa49098665393361d5872e2c7969635d0e24e4735b9e9620eb83b36e03a3
cases/train02c_seismic_wave_compare/result_b3.vtp	55801	7d30c53ebe921a6987fa662cb9514f1224e0e46006571aa6c74f2d0556ee9b67
cases/train02c_seismic_wave_compare/result_b30.vtp	55533	6f826c4321a4c2478b8227094977c5ae28bdcf105d0d6447423178fe3709a07c
cases/train02c_seismic_wave_compare/result_b300.vtp	55658	6789b06830533a6d7ae1d28b078e30847cce28a736610d94f25ce772742ba348
cases/train02c_seismic_wave_compare/result_b301.vtp	56125	93b9e61f4784ef14c719298ef20b780fbb7f7e9752c5d4804632be8897db9a40
cases/train02c_seismic_wave_compare/result_b302.vtp	55257	939338aa57705d8e45a597d84b779668e1db296f5a228756cf4c59c1a6ea097e
cases/train02c_seismic_wave_compare/result_b303.vtp	54878	e30b2f8d87f6ec73981e3e0e84748d9ad4850bb33a4824e3583b23826ad6a808
cases/train02c_seismic_wave_compare/result_b304.vtp	55610	7ab4d97a743f31308b74925a7f0bcbba777de87e40d93bd4063e8437fe59fa8a
cases/train02c_seismic_wave_compare/result_b305.vtp	55410	6a8daae1201326dcb16a1fbe406e6ae8e4895bbfb0c69e48e12924aa8e279eca
cases/train02c_seismic_wave_compare/result_b306.vtp	54993	024f291adacdbbb12f967fbbca294a552bbff9df4bbdd49bb17e556746a778c9
cases/train02c_seismic_wave_compare/result_b307.vtp	54893	70b9177e46aec982b6790e0119eda23c4d22ceeb0f34ff71ca7b732152df1e02
cases/train02c_seismic_wave_compare/result_b308.vtp	55482	d895b22411f78f4978d5c273f99149ec415bd22ba553583936b05e73567528cf
cases/train02c_seismic_wave_compare/result_b309.vtp	55839	564796cfae5b0220b990009c12aa504fb232ed4274831331750b28685b73c0ba
cases/train02c_seismic_wave_compare/result_b31.vtp	55138	b2fa4e1fbb0450d822fd7a138ded9e0de9a67ffa6c12694a6616bc47738c5014
cases/train02c_seismic_wave_compare/result_b310.vtp	55531	e08f1218a0d9e6ff3ceab4d76b0fd95962c926af158997d547c4ab5dc78eb35b
cases/train02c_seismic_wave_compare/result_b311.vtp	54930	ce085f997a7093a16f2fd06f3932465b843db9f53364250b12090c0b536bacbe
cases/train02c_seismic_wave_compare/result_b312.vtp	55566	712a200d39abe00209b183a7fcb52e96bddba2cfabe636bd75b8bc1f27b181a3
cases/train02c_seismic_wave_compare/result_b313.vtp	54869	b935d00e94d48ec0d0c7e9b327c70dba952192a38e8abe82450b6fb07ec63d69
cases/train02c_seismic_wave_compare/result_b314.vtp	55396	6d2f361b3b975c2f1188a8fe743de572ed39c1784921e2de09d66df9387486fd
cases/train02c_seismic_wave_compare/result_b315.vtp	55718	5444bb52e0fb1ead02f0e18576e4c0f60e5b8b7cdb4d5c6a4b1685292a28307b
cases/train02c_seismic_wave_compare/result_b316.vtp	55118	35a1a03178c52eef8ea15030b26dd9bf2244bc87f6b333d279e14dd2e10a9f77
cases/train02c_seismic_wave_compare/result_b317.vtp	55011	c5363f009831dc3610b564835a050132420a1e2f3dde7c619bee1b29a67ed871
cases/train02c_seismic_wave_compare/result_b318.vtp	55416	2c85e95382f7e416c218c1bd3505bea4013b05425de5da81722615f8c962b007
cases/train02c_seismic_wave_compare/result_b319.vtp	56147	d97e307c5baa9eb071f5595fdc62534064c7d67699aed4a952f4dc98a703f551
cases/train02c_seismic_wave_compare/result_b32.vtp	55666	546b32c992629fe79cfbfde029466237a30e7311f746b1b64e0cebd5db4c3259
cases/train02c_seismic_wave_compare/result_b320.vtp	55551	7fcf9ec5ddb1b50374f5c666721dca35e5fc3fe760926f6483fea36571eb57e3
cases/train02c_seismic_wave_compare/result_b321.vtp	54772	e377655d90f09442882de08f083b0b4b15f42fef7ad7caf16e5ad6723e8d5e93
cases/train02c_seismic_wave_compare/result_b322.vtp	55422	042434c278cfe5683589cb7d0493dcece850de0b4ec1e37ff227f55a9a187d9e
cases/train02c_seismic_wave_compare/result_b323.vtp	54865	8c9beb301d6dedba8ca0d37abfc6766bed34c05acdd4b0bbaeec34dae258fb7c
cases/train02c_seismic_wave_compare/result_b324.vtp	55148	d2b272b882b7c3c3824d82417884ece2a4f3df8234ced4034e9894fea20dd6c5
cases/train02c_seismic_wave_compare/result_b325.vtp	54927	4d62224ac49fb6d9847c6ca03d6c337d3f4682bdf9531068b16fded9e30fb888
cases/train02c_seismic_wave_compare/result_b326.vtp	55215	eb40911ce4be80607adc4d82fa271cabcb01d9fcab5137d05b36ce69599f7fc8
cases/train02c_seismic_wave_compare/result_b327.vtp	55092	0d9569e8ce1873a26c303f90d17bb6b5b76150b09581781cfc47dccddda9490d
cases/train02c_seismic_wave_compare/result_b328.vtp	55339	cdf187479152334883b3c67b25f78445cd661e5f0a0e6dd47ba6ff8c40fba25a
cases/train02c_seismic_wave_compare/result_b329.vtp	54854	9cc77a66ad113984467eafd698f894c8604a5deaa5e683e5ecd0398ad7bbcbc4
cases/train02c_seismic_wave_compare/result_b33.vtp	55118	f82e8c34c0e7d1302a52476a9c04c54d6f00ddb1642fdbcf9653b1d9e65e8efd
cases/train02c_seismic_wave_compare/result_b330.vtp	55459	9f039a98c4196417594d3a1a6bf95297eb39937b783f55d78bd2db5dab6b018a
cases/train02c_seismic_wave_compare/result_b331.vtp	55477	14bb72e652a6ff3eac92bd1f6a17f7db90dc70d436e08aacf8f989c96704c6e6
cases/train02c_seismic_wave_compare/result_b332.vtp	55581	027c533f2de755ad94ffdf96df7be7e27a03fc23fbc5d25fed38895c6342167b
cases/train02c_seismic_wave_compare/result_b333.vtp	55595	f7496e1b8d9d6a59a9391dbd266d991fc05efb17bb7f4d7bb1eb321f477b12e4
cases/train02c_seismic_wave_compare/result_b334.vtp	55481	48cf4b6ff20b06333db4b0de70cbc7d151b756678e4aac38484caf290e5e612c
cases/train02c_seismic_wave_compare/result_b335.vtp	55327	6221b549eb124bf6ea6fe661d886eda9a4e6a06f6e60f9f47b366f104d671046
cases/train02c_seismic_wave_compare/result_b336.vtp	54539	bfa91e97bc866fffdb602a32d13a7f7c1609e15d83e51dbdb94b586131a12506
cases/train02c_seismic_wave_compare/result_b337.vtp	55712	22f593407e63c5f7b75dfa19dcacab872859ca9e0b02d1a117cd72db8fbb0001
cases/train02c_seismic_wave_compare/result_b338.vtp	55207	c9e310888108c2fdab78a6a10433ebc4268474c79fd61c7bccffb4b7191349c5
cases/train02c_seismic_wave_compare/result_b339.vtp	54862	453858c2009e4653eed1e3872d037bc410fdf7b3d94cf18c2fd2c35e4496e39b
cases/train02c_seismic_wave_compare/result_b34.vtp	55588	1fc6c4eef393b2b04a52e18315f29f05bcdd525df84f11898eddf0dda36cec48
cases/train02c_seismic_wave_compare/result_b340.vtp	55498	1bb47dee729972863f27cfcf08b86d7d1f31e702a346ca8fe7d2efadbbd526b3
cases/train02c_seismic_wave_compare/result_b341.vtp	55800	05af243f0ab74b75d30c37da3657f58bb7b57e483b2d7ec94ffb95a05e1103e9
cases/train02c_seismic_wave_compare/result_b342.vtp	55413	7efa1979ee798178f2f7d45d903f09867f13937f53350093e104ed0c06402059
cases/train02c_seismic_wave_compare/result_b343.vtp	55510	64c402e5bd1911ac08fe83b0506c60ce4a55fc8cb276b0d61883a04590ff5788
cases/train02c_seismic_wave_compare/result_b344.vtp	56109	17c6aa24ced7a3f83928e435718b9de81cc0e6e0f3f11df5ce9bd0b56a28f10a
cases/train02c_seismic_wave_compare/result_b345.vtp	55507	5f1c4f050fccb76827cc2e7fcbf95492d2eeb097d3e9cb2dbb40167044e5eb73
cases/train02c_seismic_wave_compare/result_b346.vtp	55021	b4d97bc376f05d573649f8fae97ccb3e779c901203d90c46d368a9db58a22fa3
cases/train02c_seismic_wave_compare/result_b347.vtp	54886	f244dd21294e6e187a22e82020b83640cbb129950f062a45b15cca63596569a5
cases/train02c_seismic_wave_compare/result_b348.vtp	55602	5e9ba02e8d44b614c2beee228d5bb57192884a62bc4d8eb7ec227060c940e5e5
cases/train02c_seismic_wave_compare/result_b349.vtp	55121	87f0d0d228147638b526eb4d652db30ba1d192ded149584b0ed62acba5862646
cases/train02c_seismic_wave_compare/result_b35.vtp	55574	bf81db260ce23cd6e2457b0d774a18b350a2bc7e9b5f2acc48c4a63dc95b2217
cases/train02c_seismic_wave_compare/result_b350.vtp	55419	c721b40d153b677d1d90fdf0667d0d80f593588ec804cd7a9cde3fa1692f112c
cases/train02c_seismic_wave_compare/result_b351.vtp	55474	9ea89e6773a6e4908747899269b1efc8da06c9e1177ff2594b6b0bf3d5bf232b
cases/train02c_seismic_wave_compare/result_b352.vtp	54940	5f2a8a513f4f41efea0ad1fffcd05947f89ab86f92ae573eb565429113080f50
cases/train02c_seismic_wave_compare/result_b353.vtp	56102	2ba5e6f8bd5fb38675a2609e565ab5cb9f4e554dee61601122c43ca0a2c9936c
cases/train02c_seismic_wave_compare/result_b354.vtp	55486	d0f32e8bd0432be915e111bdead5716d67e08aba61387e1c4630626675c6fc29
cases/train02c_seismic_wave_compare/result_b355.vtp	55540	1a7f0d22cc06cf5b56beb775e151607d31e474ad0875e24b0a1ee4ac4115883b
cases/train02c_seismic_wave_compare/result_b356.vtp	55390	9afafb55f127edcb81c230b07c25650f26f8c2411904cbc79717e01bc38f4ca8
cases/train02c_seismic_wave_compare/result_b357.vtp	55020	50999e2631a685e306a696096e860f9d345bbbb0dc7757ac10adb5b6dd149e71
cases/train02c_seismic_wave_compare/result_b358.vtp	54892	50798911de137afda649ee94427c0838daef2718fa71d857571533fb2c245d55
cases/train02c_seismic_wave_compare/result_b359.vtp	55480	d20688e67ea7d84f1f3b216a11fa826550646fe536fcb26a9454636e3cc04be6
cases/train02c_seismic_wave_compare/result_b36.vtp	55638	b6e6ccfdaf287ae482ba9a6bd9417f38f118313dfc25887774ee18d024419625
cases/train02c_seismic_wave_compare/result_b360.vtp	55511	6439be4e9ed083822542611be81f5a6242b4b23174632ae779fc84296d8e8802
cases/train02c_seismic_wave_compare/result_b361.vtp	55504	7a1c0453f6d0da1e1584d1f0f952a010e54c708f7beed9404fbb33934e55e8de
cases/train02c_seismic_wave_compare/result_b362.vtp	55402	85f27f8e3aeb1e30be8d48cc668a5b1e68befc4b7d1eb80dae4b7820d3c61749
cases/train02c_seismic_wave_compare/result_b363.vtp	55375	84131218d440e34c5ca430ff604a63a400f7185ee89eccc832490e1798af7480
cases/train02c_seismic_wave_compare/result_b364.vtp	54982	d9f736886e5ff66f37fcfde85ac5edb5d8e56c47c2881441c2c6b5669df29e9d
cases/train02c_seismic_wave_compare/result_b365.vtp	55487	665ea9c779276e0ab8de281c8441c9d51f737d89a0a8554b1794fbdfdc4e3e33
cases/train02c_seismic_wave_compare/result_b366.vtp	55562	3c020efe3c309fbe24cd9e2c98b936bfc6957588887c23dcfbf37dff563192f8
cases/train02c_seismic_wave_compare/result_b367.vtp	55691	1480d4a499b636fe55caa642061b422b9834ee5da31ce2113a6d4a6014c0a3c3
cases/train02c_seismic_wave_compare/result_b368.vtp	54876	cb59762c4192af989f76f7f41fa211794c35fc510856a70570f4d3513befda1b
cases/train02c_seismic_wave_compare/result_b369.vtp	56114	c080d6f4e92927af42ca65cd5847ca891615d42c61ca73fd31ece7ff253f2ba9
cases/train02c_seismic_wave_compare/result_b37.vtp	55451	74d0b287ccdaeebb003cd43deb6465d0379ba419ee576e0c10fb01bbdba00c5d
cases/train02c_seismic_wave_compare/result_b370.vtp	55273	521d02cd02d321d5825d5f7d5d1b73c9a8ad215b472f4545c650aec48024dd27
cases/train02c_seismic_wave_compare/result_b371.vtp	54791	c5b093d6e0cf00e57ec4b5b3ba99316c6ed3039c9a780b02c698f3d369ade047
cases/train02c_seismic_wave_compare/result_b372.vtp	55150	717974b5af685bb376e719bd15f3ac559fb9a18ff896dc38c16834a560bb25cc
cases/train02c_seismic_wave_compare/result_b373.vtp	55539	3a1ad96b845268cdcd26e243699a0c158ab9b07b76ade09a0a2344df548f872e
cases/train02c_seismic_wave_compare/result_b374.vtp	55081	934b86e75132d5a8e005fcdb9abe08f3accd7d01de46e7ffef9ae8cc29c3877a
cases/train02c_seismic_wave_compare/result_b375.vtp	55224	7cb858816a02c1b8af9d608a97d46c639a2ab24868740b26e314093133c2b7a0
cases/train02c_seismic_wave_compare/result_b376.vtp	56167	681e28dbe4253b44f08ffd6b376b9678f134cebeec4e1cd2c93cac75f12d8c44
cases/train02c_seismic_wave_compare/result_b377.vtp	55551	c71603e3ab8c31b829df112e31d443c661970ffcf6d393f83c90c9bbd2c93989
cases/train02c_seismic_wave_compare/result_b378.vtp	55588	30d1c5f8bc4ba93d495f4c4c112b00247ff2b087e804523ea4e37b7d92b68906
cases/train02c_seismic_wave_compare/result_b379.vtp	55354	70636ae4d4baa99dee39f23a541b36e61350e6d68e621bb4facc58238237dc92
cases/train02c_seismic_wave_compare/result_b38.vtp	55570	77219fd9781d7ee9c29570a292ad4571685a78df1b2ec7995b86bc3feaab67f6
cases/train02c_seismic_wave_compare/result_b380.vtp	55573	9d18a887fb6521bfee6f5eb94492221e0f72a276bc0b3491a4c5724a5d3f7129
cases/train02c_seismic_wave_compare/result_b381.vtp	55513	79df0fcccd633fa9709359d20952d84ddb9cda4969094fa90598764111894d24
cases/train02c_seismic_wave_compare/result_b382.vtp	54718	653be3b9ab335c24574ecbbc12dbfd94ae781279f3e536921ba08f029342bfac
cases/train02c_seismic_wave_compare/result_b383.vtp	54857	5cf424800dfb7a6271bb2344d243fc5e3febd4c090652e9f0a47d0e58031a5c5
cases/train02c_seismic_wave_compare/result_b384.vtp	55951	dcca72a744acb630e5d64ff5353d897a4d9b97359208797b3aebfc9395ea25d7
cases/train02c_seismic_wave_compare/result_b385.vtp	55288	5097f4c25561b28ddb2b517b4ea2fd1d4a16097c8d1d8dd19b64c279d54dd612
cases/train02c_seismic_wave_compare/result_b386.vtp	55625	3dcd1223c747329e0c1c9defdb2466ccc3fb2ba9cd0e0254fb5e7707f1dc6dcf
cases/train02c_seismic_wave_compare/result_b387.vtp	55108	949587e851c29bf7230b85b8f35306ca8d0d89f55bdb609dca37bcecf2dceb09
cases/train02c_seismic_wave_compare/result_b388.vtp	54764	8b38322836706dfd6f9105511a2005491fc7ec12a65d37b886558ecfa8eeec83
cases/train02c_seismic_wave_compare/result_b389.vtp	55451	6a74c7aa1b342c90ec46ec48820193aab8bf5328a5c93ee39c4596809027db44
cases/train02c_seismic_wave_compare/result_b39.vtp	55982	afe0f61e8bef1cbf9cf3473420d58ba09b9448eb4e1aff8f5a9215151a41f925
cases/train02c_seismic_wave_compare/result_b390.vtp	55478	ef2d67d5a3a806da285e58c0cc4e76751fafbdba4369f6d62a994a2769a49265
cases/train02c_seismic_wave_compare/result_b391.vtp	56117	cfe4028fa8f6adf5289560010d07bf2b6612e7474f3284c23a38b75e55b768c6
cases/train02c_seismic_wave_compare/result_b392.vtp	55182	57d149d71ad74f35ae374a3e38b7f2add0e63b45010e6f34a1cb7893b7442a16
cases/train02c_seismic_wave_compare/result_b393.vtp	55856	8c49c1f0b4f2d199dacfda5675e44f6b6e9fc84d7ed7f1ef8a7541f4abe76e31
cases/train02c_seismic_wave_compare/result_b394.vtp	55054	01e7bacaed768fb0af81cd7088a24de3bc2b4f791a6013d12df5578761ea0bb6
cases/train02c_seismic_wave_compare/result_b395.vtp	55426	c55a8b9c9bb61f4e2b575f146a3e7454d55664b7b0dd1af51f5a3825d97a22f6
cases/train02c_seismic_wave_compare/result_b396.vtp	55465	37070812468f26164952c2b944c3754afed6f51a19727474fa23f7e2b4b826be
cases/train02c_seismic_wave_compare/result_b397.vtp	55733	8f705c6b1e2ca4f2ed98af0ab71da0bebb000ddf6499b04a233999948dd0e635
cases/train02c_seismic_wave_compare/result_b398.vtp	55169	5b1aca3463cec96da6634b2c1d8b66b849e5e285bac42e8915e05e841168cb02
cases/train02c_seismic_wave_compare/result_b399.vtp	54998	7f2e9bf729992e6944f6ff1b31f77364df3ad5341a721c99bc03ef452a1f1ca9
cases/train02c_seismic_wave_compare/result_b4.vtp	55614	7a10aad98485dff278217f6847125cb26e1d90bf4be8569904bf9e601d482fb7
cases/train02c_seismic_wave_compare/result_b40.vtp	55530	454de3cd2623c6f00c76c3b1e83bf39d39f0b6ba3fc62b938b3de7d2ea281370
cases/train02c_seismic_wave_compare/result_b400.vtp	55515	3fe647fe416a728861dfa9197d1cc87e14c678758b4f05c70f1e7c1f024a2b86
cases/train02c_seismic_wave_compare/result_b401.vtp	54879	0e865b817f8a6df929545d1400f467ca376bccacf47fe74d188da46fdaa6ee6c
cases/train02c_seismic_wave_compare/result_b402.vtp	54811	db38595b6a495f985b5049c806a3dac69be3f7e7bfed621c9940bafd1e78e71a
cases/train02c_seismic_wave_compare/result_b403.vtp	55570	f3435a8e691c3b9a875a66d5060d584eca3d8ac092af2231bbef03dc412b30ae
cases/train02c_seismic_wave_compare/result_b404.vtp	55292	9db80c5547f83fc2be03c9d636b031bdd2032dd0625ad3d3822b3aa46abb0fd8
cases/train02c_seismic_wave_compare/result_b405.vtp	55431	ad225920caf555ea4a6bcf2f615723ac1989bdf68e6e3bae044e6360f9a9d4d0
cases/train02c_seismic_wave_compare/result_b406.vtp	55433	c1b99e9839ca7f07be1df3ac3feee0e0a5148291cf2174829c5bdc5b08f8817e
cases/train02c_seismic_wave_compare/result_b407.vtp	54810	4f93d0be91156f6876bb77538f8c4238737bf048c64a8efa3ade4e2c2f7d0614
cases/train02c_seismic_wave_compare/result_b408.vtp	56144	8ab5c44a697ee839d9048721bfda9bb2e48797dc6b9c283be3feeb03cfa7a9d3
cases/train02c_seismic_wave_compare/result_b409.vtp	55401	0d6825d00d2c99a4b9d338910cfefe8f09065292ad0f9e2840422cbe42d08bab
cases/train02c_seismic_wave_compare/result_b41.vtp	54819	b5174139dbfea9b67ab3e957c3a5227821a1fa471bb1d298c4ec5b9806792938
cases/train02c_seismic_wave_compare/result_b410.vtp	55596	3d91d3e592bc8f999a185118294abe9bd8abf5d380edd656c0d5a6677768c269
cases/train02c_seismic_wave_compare/result_b411.vtp	56091	3cb8bd93cd05de625c87634664e9a115bdd34bc143747e5af379f01e5b17b346
cases/train02c_seismic_wave_compare/result_b412.vtp	55723	143fdf9de64d2e89f8cad070f29cc80978017fac080f362de21136d990d27ab6
cases/train02c_seismic_wave_compare/result_b413.vtp	54861	aeb31288898dcdf7183414f3cd67196e785c410d5ad4a5e7109d90aae35432ab
cases/train02c_seismic_wave_compare/result_b414.vtp	54829	6c6fff422974442a109c179e8edc2c46cbdb38fb664ce2d240daf121dd3eb7b8
cases/train02c_seismic_wave_compare/result_b415.vtp	55429	b3defab29a6841a5b96cc1f8fc27a8f7c6c0d9152767aeea510c6a1668daba24
cases/train02c_seismic_wave_compare/result_b416.vtp	56059	0a606c10017742e2aa19a044e518eef715e7588b6e8218abd394f1391371a683
cases/train02c_seismic_wave_compare/result_b417.vtp	55636	025b367de9731fe3d9c4879cb68c74d9e5687d7dfdb74e52479d5c97d1bebaf1
cases/train02c_seismic_wave_compare/result_b418.vtp	55564	a92e6e8f23bd43b0842a35f66cde28ce197159668dd9f0e9bb604ff3c0ebeb56
cases/train02c_seismic_wave_compare/result_b419.vtp	55578	280137a6ca11d953825361c7c79f7f37979ea0392cdd494de473558fb8dc411e
cases/train02c_seismic_wave_compare/result_b42.vtp	55360	ea4ad16e00986c174afe15487161ce15328af510b6bf381d2da0fb931588165d
cases/train02c_seismic_wave_compare/result_b420.vtp	55810	e36635b7a560940fae16c665124efae095c9ad9f50b7d83c36e66a60bcaa5a54
cases/train02c_seismic_wave_compare/result_b421.vtp	54865	501c9341d211bf05ddcc4fdff7543079c5941230515651419cf684137ba7f9c3
cases/train02c_seismic_wave_compare/result_b422.vtp	55535	e299ebba246801245ba60be522a65deb379d35c44fe401c0db1b8b8921fe3594
cases/train02c_seismic_wave_compare/result_b423.vtp	55815	5e385c6af9b8f1efeb285dae62426783eafb35be138e1799a957f240a7effe9a
cases/train02c_seismic_wave_compare/result_b424.vtp	55547	6b37af1506bc1dc49725b5dd0ff49b71dca43e84b3c6ac366fd89dea7778e964
cases/train02c_seismic_wave_compare/result_b425.vtp	55895	49504b5c836f16808dad4c335b57b117c3f492e5672ce78825772b47e77a522d
cases/train02c_seismic_wave_compare/result_b426.vtp	54997	0f7c68bf2a659ba0d1501a1575174632b4163129a1621fcd76b963a972cf4399
cases/train02c_seismic_wave_compare/result_b427.vtp	55668	aecfc8d1d8728d80463b3f531660ce0dc94125277dbf898b52490a6da9cb3e3d
cases/train02c_seismic_wave_compare/result_b428.vtp	56002	3717deca4a80eda88b2753e7daabb1d70b442f779b1bbb1026e305f7c324da98
cases/train02c_seismic_wave_compare/result_b429.vtp	55155	317b15144b79abcc9695c292da3a999abc9c04d67367d7dc7b83a3bc129af38a
cases/train02c_seismic_wave_compare/result_b43.vtp	55511	72c0e41d538e4b6b54c0d3cc4eb0216d556121d07b095a9edb38ed880cac98ea
cases/train02c_seismic_wave_compare/result_b430.vtp	56151	5100ecf5fb1b5a9825947386f6aba0dc1105ee177c4c299ff5bfb79f0dafaafb
cases/train02c_seismic_wave_compare/result_b431.vtp	55086	a3795b02037fe306f007c0593235de4e0d4cb891c64851c9a7492f2526182426
cases/train02c_seismic_wave_compare/result_b432.vtp	55508	2051783e2ead50d92e2eaed1c2b548d91deb4e8e050fc60e515e96f6570cf634
cases/train02c_seismic_wave_compare/result_b433.vtp	55779	42081f6e74ca8851f89acb94c40b8001c908b593ad2d2e873d291e62ea527cc8
cases/train02c_seismic_wave_compare/result_b434.vtp	55297	7a43f56a7ae8eba89dbebf6039c76dc9d0fa6c4a7bd4ad0f21dcb23c1285b759
cases/train02c_seismic_wave_compare/result_b435.vtp	55449	239b4f085f1107700775a56ee693c3b94bc91cd68d1a1f791bd057e41d70fe19
cases/train02c_seismic_wave_compare/result_b436.vtp	56039	7063bd04bb570e64c6f72bf71d9aee5e1e4415f3b60dd73e5c9c0ec4d6d83404
cases/train02c_seismic_wave_compare/result_b437.vtp	56060	4665b0feb79ec14e235f56aebc28b651c607959c1933d28b1215f76cb29486ef
cases/train02c_seismic_wave_compare/result_b438.vtp	56089	dccc91dc6ae29ac5425cd8690518a9d207dd9519e4a9b87a645868ac0b3cfaf0
cases/train02c_seismic_wave_compare/result_b439.vtp	55167	bc3c2eb3e8d8ad1873138d3424ed8702e12941491abc7bc14b86ecba759c3c9d
cases/train02c_seismic_wave_compare/result_b44.vtp	54836	f7e43b1e5d3a47573f4260ccdf39d509c31c0e8eb63fb69d4f9f552bf4d853d4
cases/train02c_seismic_wave_compare/result_b440.vtp	55476	10e38f8b7a63075f8a98d84ffe0ea131a8b34a1ec5eb52caa44e02dccf67fc05
cases/train02c_seismic_wave_compare/result_b441.vtp	55535	e6dd97c7b75c4a23c5d5f7424a4064d626c7ca24dbbf8f9b606f9d05f8a4da1c
cases/train02c_seismic_wave_compare/result_b442.vtp	56099	fce5bda132575faa06123bbaf5e9644fcfeb43ccb0d23fc174c80307d1666edc
cases/train02c_seismic_wave_compare/result_b443.vtp	55259	d11410b120a6a98e1df59d1e4265f6b7782eeb5a55a7178d45347c342f44c25d
cases/train02c_seismic_wave_compare/result_b444.vtp	55644	37340c973081efb6fdc8b47d96a47a54c32039c9e76143321cc255ad7880315d
cases/train02c_seismic_wave_compare/result_b445.vtp	56016	37c778edbf66cff2407c82b4c3c18797891d0d7b8c35be329115c3a3aab577db
cases/train02c_seismic_wave_compare/result_b446.vtp	55541	1bcacb56223f7afbacef146561520966572265d5e9474aa41159fbd6cae4fc8a
cases/train02c_seismic_wave_compare/result_b447.vtp	55163	911890b986591085179f5099217e3e4d877073c33e6b6f3915179a597539c05c
cases/train02c_seismic_wave_compare/result_b448.vtp	55022	9a01ca249bb6f7c91f005b622df9b9e9ec0b426902809ef6feb756033989dfcf
cases/train02c_seismic_wave_compare/result_b449.vtp	55741	9bb8ba3df6177b94d76924237767560d5b1c641c11dfaa530fb956f0c3eb210c
cases/train02c_seismic_wave_compare/result_b45.vtp	55342	6f8faddb260d8ddcec582c7d83063a9aa0b7e6329b0221f1dd2b2345b5edc6d5
cases/train02c_seismic_wave_compare/result_b450.vtp	56092	fb98239d4743c49655fed540719d11bee77c7cd4cca0b0570a4dda55f9a33f98
cases/train02c_seismic_wave_compare/result_b451.vtp	55271	dd15b633908881a8e15ff6369640c1a6b0b75f32af2d987c0ddd4d9aa0c46dcc
cases/train02c_seismic_wave_compare/result_b452.vtp	55543	14dcc63aa72a3fbe7727aed592732a0fbb3c7281b440e8600641b7125aa67fef
cases/train02c_seismic_wave_compare/result_b453.vtp	55476	82e1c82ace3102098a0ccc702e9471f32a8be6c0bf790797c4e0446988565d2e
cases/train02c_seismic_wave_compare/result_b454.vtp	55780	ec4376b8b8ba8600373313a9b96673d6b84aca2bb1acfe6bfcf9189a8a55064d
cases/train02c_seismic_wave_compare/result_b455.vtp	55089	dd5f6015b55afa30d5f16d04dd54d30e4bd7b85738ed0ddc639be0979b99a243
cases/train02c_seismic_wave_compare/result_b456.vtp	55558	6cf879169950e270b56c2a7fc7f0b2cd4f793e6f13ec03bc2b0eea3b5bf15601
cases/train02c_seismic_wave_compare/result_b457.vtp	55912	8983fd7651853687ac066f3307a82bf99fda411271e37d17a8dc103dac96fbe0
cases/train02c_seismic_wave_compare/result_b458.vtp	56022	49edb13569028ca5297c71b5b58df8df00a864820bcb60b68924798b9cced1d6
cases/train02c_seismic_wave_compare/result_b459.vtp	55552	fe98ec7ca30948ab0de9108f1b8791196cd6d317f0fae776cc7f094edf8a3cad
cases/train02c_seismic_wave_compare/result_b46.vtp	55484	0ebce9413023ed8296b296b3f365ddb4d812bf5f799a1770f0725ee0c3601857
cases/train02c_seismic_wave_compare/result_b460.vtp	55637	1b1629eb716cd7d7045e9825f1f2ba43cb5d7c9699e9786a4a96bf900592c0e7
cases/train02c_seismic_wave_compare/result_b461.vtp	56130	f34a0357b5df354b1de0928df55688bd07ffb329161a5626b76aa80e1c2a276b
cases/train02c_seismic_wave_compare/result_b462.vtp	55005	1aa4aeef4c9c198ddc9c8c7d56139086ac290a69e194a77316b06cffa0199291
cases/train02c_seismic_wave_compare/result_b463.vtp	55662	978b2412c86570533e4b0c88e48dd4a63beddab45606034608e1cc850735005b
cases/train02c_seismic_wave_compare/result_b464.vtp	56073	c08f3e1876c3ad8a3477ffc7ab0280d962bc8ddc0155154d65f1e7cf2b3f722c
cases/train02c_seismic_wave_compare/result_b465.vtp	55409	1e790606e779b3faac17f2c55299986183723bcc01e5084d4d3274c253e60b42
cases/train02c_seismic_wave_compare/result_b466.vtp	56029	1c8767fe82d1a71d416be0d091d89866e0715630a734d59ec93c756a4b8c7c0f
cases/train02c_seismic_wave_compare/result_b467.vtp	55280	261631715192d15ce8b53dbdf11a4c0cf32e7e5dd3092494fdc652c3a06fc5f4
cases/train02c_seismic_wave_compare/result_b468.vtp	55542	a278443461758f7fd05fe29d3cf3ad74b89edb1e869760d338c2c41ea0eeac4f
cases/train02c_seismic_wave_compare/result_b469.vtp	56023	1d90ada8ce9f602c96dc02f678d1fc653f88a63efde20af8f043495944f94e5b
cases/train02c_seismic_wave_compare/result_b47.vtp	54711	701edc029ecdc8cfc9d4c924fa3b93a684fd02e7a5e0b2b8cef23590f560ec34
cases/train02c_seismic_wave_compare/result_b470.vtp	55613	9384c7fbc2814dbbf21dc4cbc0b7b34303895dc46b3963ebaf8bfe0df75f3f79
cases/train02c_seismic_wave_compare/result_b471.vtp	55397	dfc23e93742fabf55ce43719867fa5f90dd25c803fa73917184aae2e6b07ada2
cases/train02c_seismic_wave_compare/result_b472.vtp	55684	e646ef92374873c8ebb5b49ef34acce8d5b7626e181831b065ccb1b28be89ec7
cases/train02c_seismic_wave_compare/result_b473.vtp	55223	f83a4de200a8350fd4e6e692a56c2e72b13b7d825f6112c8a9c8e92f71b1ed80
cases/train02c_seismic_wave_compare/result_b474.vtp	56032	6cdd8a491f1331e3fb3650837294ef7d3f17f67001062709d3ed20b501715bd5
cases/train02c_seismic_wave_compare/result_b475.vtp	56084	a12890660e25b9ad8b4bc215185549c9612b1cff65502e277ab4a1ff8dc6c5fd
cases/train02c_seismic_wave_compare/result_b476.vtp	54971	416c43920b90916264059b0a00b851d6d05949fe3c192de4dcc3bdf4b0cf39bf
cases/train02c_seismic_wave_compare/result_b477.vtp	55364	633d7762a86782b3ff3c57b7cfba1641692702e520fb0186be1e48a64453a14f
cases/train02c_seismic_wave_compare/result_b478.vtp	55836	a6e1a1e7d281235e48959fc254bd21d35e355e9b2f170f21ae19c2a33ba692a5
cases/train02c_seismic_wave_compare/result_b479.vtp	56082	f3817edf6c3d6a876ee2639d12081c143089585209c090848cab6ef4286fd782
cases/train02c_seismic_wave_compare/result_b48.vtp	56154	59933f2f731a1862c54bea9259c98a011c5592da673b3f12ba1a3950fbd57390
cases/train02c_seismic_wave_compare/result_b480.vtp	55341	c7f1b548ba0027150098081471c36b426c224c66b43d1f304a5113d4c0757418
cases/train02c_seismic_wave_compare/result_b481.vtp	56098	450242d9aacb32628e332aea19aefdf91125e133e472e43d3d1c2ada0cd710fa
cases/train02c_seismic_wave_compare/result_b482.vtp	55371	40daaa36cc330b9820e844e8dddc3a56b32b3e7b289d3e9e768968cd0128cdc5
cases/train02c_seismic_wave_compare/result_b483.vtp	56065	8303fca3b885f76ce03d3a437d3211704d7e2bc75951037e36b487ea31e90864
cases/train02c_seismic_wave_compare/result_b484.vtp	55382	6e0a45172f4ed3f1d65efb29fdd7fcdbf4f39ac09eb9aa321b00697c1b708cc8
cases/train02c_seismic_wave_compare/result_b485.vtp	55822	30a76e07edb32035c1f60027bf859c54eaa94542bded1adad306f72a3ae2e0c6
cases/train02c_seismic_wave_compare/result_b486.vtp	55240	06774d0cffff4716bf27897293a587fa116f300e54e8b1de33515bb922a74b58
cases/train02c_seismic_wave_compare/result_b487.vtp	55758	e2b14a6a56ea14f61cf238e902d6f16d25ddc674713279fe1933ae734f4442a1
cases/train02c_seismic_wave_compare/result_b488.vtp	56107	880022194bc3f60b4f1b5409bc41b6e8127da339e0120a059b106fb1eaa4c7b5
cases/train02c_seismic_wave_compare/result_b489.vtp	56073	f3255d2f0c6108b97a298a56bb97356b9e97d9a53444ec6ded93898d880d2515
cases/train02c_seismic_wave_compare/result_b49.vtp	56090	b8dbbc959f3f7402eae10cd0aa18118fd8e72a60011feaf2168c6d6f54a7e824
cases/train02c_seismic_wave_compare/result_b490.vtp	55358	f3ee9d9221f4f2cfe1890dcb4bae4c8b42342ed9e0d670659af679bb06ea62f3
cases/train02c_seismic_wave_compare/result_b491.vtp	55481	1ec6885421b1802734e67503cd5cdb6186e01ce81e75e33ad075b95fef550775
cases/train02c_seismic_wave_compare/result_b492.vtp	55711	7dfc8de8a947a5a9f4e21b618adb6199af8ef22f7a6155dc18b688c0359a1ebb
cases/train02c_seismic_wave_compare/result_b493.vtp	55148	22f25ee2ab46be42cc81507bc0ec3ef4f8685aa35cf0d8f4a28c44d8ae99f5de
cases/train02c_seismic_wave_compare/result_b494.vtp	55825	75ea3215cb99d92de793fef30d3a02d150fc3a0b5f94260671eeb792863a8efc
cases/train02c_seismic_wave_compare/result_b495.vtp	55550	dc37ada806e4ec2e97e8cc11d3c1e893bed90ed128c2c1643fa0776079e11df2
cases/train02c_seismic_wave_compare/result_b496.vtp	55779	7eaa10efbfd289b6027735078765eea95d429e435237f7789d7ddfac4737d541
cases/train02c_seismic_wave_compare/result_b497.vtp	55108	a9e1b8939a16c38002a83393c24beb6546fe2bfefbd9b7a6338b20aeb16af9c1
cases/train02c_seismic_wave_compare/result_b498.vtp	55939	9b479064520a7a2cb82addbb9096865c190d263f8b2b167a3b3b5cb8321d6b50
cases/train02c_seismic_wave_compare/result_b499.vtp	56121	001b8bdb1791014814d57b98fb0b6e221f83860564d23dc680fa3557ff340aaf
cases/train02c_seismic_wave_compare/result_b5.vtp	56144	c6ea2bd42f2435cd45b6da4f94b98d6b2835abf34bfa2235da80ee4f0fd5b0a6
cases/train02c_seismic_wave_compare/result_b50.vtp	55758	8095d2f843509787f18500811d61a41a64beb7bc3e272ccea4fbee5c30f08ec6
cases/train02c_seismic_wave_compare/result_b500.vtp	55135	38f8666f0a154aa047ada35aa0b2f323457f1b2350964d846798e686afcb12b3
cases/train02c_seismic_wave_compare/result_b51.vtp	55353	0cde6078f21bdaea565f4ff419ba9d84004d70a3f26435ea2b82b7a32ae64324
cases/train02c_seismic_wave_compare/result_b52.vtp	55715	a9e60556fee885aecbca9a081f597d9addd86a10fc06275d4729d261bcba1476
cases/train02c_seismic_wave_compare/result_b53.vtp	54788	7464833b9c247b005ad25629925fea1512263f2a630f0f8d9c15df82eb05d951
cases/train02c_seismic_wave_compare/result_b54.vtp	56124	450163c6dd1dd17b5df6b93017b17bd2ceee18777490e33d9a608cfba48783d4
cases/train02c_seismic_wave_compare/result_b55.vtp	54696	06340d6dcad7083ff23f8d90386d8b3d6535db0c12d0c7f853bfb7e9e5dda236
cases/train02c_seismic_wave_compare/result_b56.vtp	54929	041f10e6db31a46147cfd07d2bf947d75cc7a242c8ae6f770826068bd72ea736
cases/train02c_seismic_wave_compare/result_b57.vtp	55505	3f061cea38879bfefd6ce16552282e32740fb9c1d6a08b51c0bc93e5eb680e77
cases/train02c_seismic_wave_compare/result_b58.vtp	55324	ac09dced7177ff8d15c415b306efd8f46747720c8080583471e95c8b924d483e
cases/train02c_seismic_wave_compare/result_b59.vtp	55498	dcce7c2b2c2c9149743e0ff0ec02b189f4b6e63204949774c930787101bb3829
cases/train02c_seismic_wave_compare/result_b6.vtp	56112	ea0b1c41d4414221212932d9e94666818f9d75af42815b7d4c9e7aa804ede6a6
cases/train02c_seismic_wave_compare/result_b60.vtp	55183	24ee0b5de6342a366ef7ac6a61a971f8acfb3d6a75f36f6cd7a136b7e7b97583
cases/train02c_seismic_wave_compare/result_b61.vtp	54982	934522edb9c19651772ed23430bc107588f688f303a1b3ef506a8fc0a11bc1ec
cases/train02c_seismic_wave_compare/result_b62.vtp	55003	4b5eed9ad398a92d9e1032d9ce57c5b3d9bfd8e25426ac61a0ed8230319845d8
cases/train02c_seismic_wave_compare/result_b63.vtp	56070	a9e203b1b8c870d9a077d69fe1788a1f0e0eeb9c87a45946c0c9ebe893a91990
cases/train02c_seismic_wave_compare/result_b64.vtp	55393	97176a094cdec133d8bc4ce6d975fc73aeffe448c48ebb22a5df77a820968ba2
cases/train02c_seismic_wave_compare/result_b65.vtp	54847	1d8f37f2f5323724440a6039bbbb8a49c4f4380e239c43c54787d726ed4069c6
cases/train02c_seismic_wave_compare/result_b66.vtp	55148	68cb128a5658a729430f0d765810e7579dcfa2ce34daeb86ac92039e24c5e496
cases/train02c_seismic_wave_compare/result_b67.vtp	55415	5bcbfdaab7ee1ddf216a2cd4e76aa1d79bd5f1d18673290fb931102b9afb478d
cases/train02c_seismic_wave_compare/result_b68.vtp	56139	07baee2ead80e8725aab80df3536dfafbd23de1f7ae54bff0546aaae44083e66
cases/train02c_seismic_wave_compare/result_b69.vtp	55706	5df8f7cd98fb99e0337c96a33074d95ff5514cccc94e0ba69a7df737a201a527
cases/train02c_seismic_wave_compare/result_b7.vtp	55655	20b4536aee430a1ca3ba1b3d516dc519755c482cfb26a14322fe8ff1662127dc
cases/train02c_seismic_wave_compare/result_b70.vtp	54824	fdf76202a6a514f6d6338f26cd4f4ab55f3c702a7234af4ae2f0acfbe2c1bf8f
cases/train02c_seismic_wave_compare/result_b71.vtp	55925	fc6ba4535e42a6c59970e18d08c1eeec14e2d72560d6d9f40309422394f883de
cases/train02c_seismic_wave_compare/result_b72.vtp	55339	f983c95e1ba9835884cca3a352e2c25cb134b6ab84bcd077f871bf762bec2028
cases/train02c_seismic_wave_compare/result_b73.vtp	55392	49c56f51179a4724910a7e1fbb8024af0dcb1f0f7dcb71981a2001e231cc2d2c
cases/train02c_seismic_wave_compare/result_b74.vtp	56050	42989ecb2def53c8173eeb7db99b76c86aae323b581c2824f9e26c7d0b0f88b6
cases/train02c_seismic_wave_compare/result_b75.vtp	55198	54de59bc5edf646de99416deebb53011bbf0f1369ad793eb054b8cfc5dab4600
cases/train02c_seismic_wave_compare/result_b76.vtp	55215	307fbe81f6f4d8425b0cfbf6b80f8290139fa3312fd35b0b5cb4d062858f3082
cases/train02c_seismic_wave_compare/result_b77.vtp	55380	8f5765d820b8ce7ce23950764947344b8652936b2452d5e496862920b49db894
cases/train02c_seismic_wave_compare/result_b78.vtp	55440	3c163510fc41a1fe1cd7c816fa21c8fbe74eb2769795e81330bb9113f1ac74f1
cases/train02c_seismic_wave_compare/result_b79.vtp	55867	856a5001b192f2a5715e9b6c98e5e927c9084705cbf8b2852ebbc39310d3bb44
cases/train02c_seismic_wave_compare/result_b8.vtp	55547	cb5ab268152356db8e454ac0edea9afb3b2d67bd29f1f1a86f2a5569b4f7943d
cases/train02c_seismic_wave_compare/result_b80.vtp	54792	872a127fa30b330b2e282235f9fe26570c5a0f290db2719241c37edb955dc694
cases/train02c_seismic_wave_compare/result_b81.vtp	55432	bcad8493b71373401b8872637ed789a99a42c20df79d2e775ba2b941dc58fb53
cases/train02c_seismic_wave_compare/result_b82.vtp	54793	c639b83254710606110252ea08f012fc276da10907f6e212dd13ecddc23fbf67
cases/train02c_seismic_wave_compare/result_b83.vtp	55562	5c3c60274e39ec53b7368798af10ad9bd4636a8d0be0b06dbca0edc4f694843b
cases/train02c_seismic_wave_compare/result_b84.vtp	55147	96c7f0edb9e9df4870845ad18858852e25867a6bfd75b0da697fc0eb387cf65c
cases/train02c_seismic_wave_compare/result_b85.vtp	55494	ab0561d4cdff07dce488b7a51f15391b5dc3d8bd56992c58a505a61a9854b603
cases/train02c_seismic_wave_compare/result_b86.vtp	55146	782396f533ddcd00e8c114780b0a8488b4352e854f533d50e5f6f46fa1873c8e
cases/train02c_seismic_wave_compare/result_b87.vtp	54850	c004a7add8bea3e762874b575780feafa9c987a02d466a9f350f6baa0f12fa81
cases/train02c_seismic_wave_compare/result_b88.vtp	54975	a637d3dc165af66245c6641fe98cdd4eeca6503fab687ab9473bdef3f2b96c9a
cases/train02c_seismic_wave_compare/result_b89.vtp	55376	4a9e074dc09a723bdf2224c6ceba409fb063b886a462dc3051e8783e0a595440
cases/train02c_seismic_wave_compare/result_b9.vtp	55537	77badde00a8d9fcd190e0e0527efa601bd4cbbbae3214f01d480d44b266f5c39
cases/train02c_seismic_wave_compare/result_b90.vtp	55727	bdc1bdeb65b45b1cb66d7591467b3cf9533f30a7dd5cd163ce19f560ea2f9297
cases/train02c_seismic_wave_compare/result_b91.vtp	55299	a8458067c62f5d3e2e710d6240980607f358f409e48339db0ae3f7a984004f62
cases/train02c_seismic_wave_compare/result_b92.vtp	55279	7a232382232b27a1cf78b46693ce904fc8858702d6d5e7bd4b94e1dece65ee8c
cases/train02c_seismic_wave_compare/result_b93.vtp	55437	62a8eaabe7300f955c50781201e67121079ac6e46e8f86a31e1cc9b4aa33ec2c
cases/train02c_seismic_wave_compare/result_b94.vtp	55756	a274db81356151365d18d8533f3e8dd2adfbc14809f4c744c9bde5d0419a1341
cases/train02c_seismic_wave_compare/result_b95.vtp	54524	7105f7877e6208923259b03d64db62b04e65d927927427258b6dedab38eb210e
cases/train02c_seismic_wave_compare/result_b96.vtp	55682	b626999e017c4f5449033795b9dc24ece163fa2ff90698d176a7854cdb9c2437
cases/train02c_seismic_wave_compare/result_b97.vtp	55325	9c6e9eb7aa3b5ea428cc510e8fa585f610bfabfc7b33d2423057fff48412c799
cases/train02c_seismic_wave_compare/result_b98.vtp	54862	bd4f36f2c4d50552b3a502cb729fa5c14f19ad8ad0febe5484c7539c04aeeb0e
cases/train02c_seismic_wave_compare/result_b99.vtp	55641	90be1c1200be8ba59cdff65b530bec3140d1f714e57a47b38d5dc528e5afa91b
cases/train03a_modal_dry/1.ctt	0	e3b0c44298fc1c149afbf4c8996fb92427ae41e4649b934ca495991b7852b855
cases/train03a_modal_dry/1.fai	349600	a4ab1505e403d3377f98235db9e8692db275514a021f60de80f1562e4f8da676
cases/train03a_modal_dry/1.flavia.msh	208283	3049c844db222d1ef0d6f9a6cdc234dc6840d0916709c814d8bbc67c3e83bd61
cases/train03a_modal_dry/1.flavia.res	1683190	700cdb8276b4d91014bf087c00af2b630ced80b53c74e32d46ae3ce0b24d914f
cases/train03a_modal_dry/1.ftf	3560	e11340dcd38afffa5d9d771d5ff628b19a7c33edcf179e412b01da620f941ce3
cases/train03a_modal_dry/1.gpv	3552315	deea258bb45342ab40266719ca7f43259f153854d39dae554fbe2bfeda1d5991
cases/train03a_modal_dry/1.ini	0	e3b0c44298fc1c149afbf4c8996fb92427ae41e4649b934ca495991b7852b855
cases/train03a_modal_dry/1.inw	0	e3b0c44298fc1c149afbf4c8996fb92427ae41e4649b934ca495991b7852b855
cases/train03a_modal_dry/1.res	0	e3b0c44298fc1c149afbf4c8996fb92427ae41e4649b934ca495991b7852b855
cases/train03a_modal_dry/1.resb	0	e3b0c44298fc1c149afbf4c8996fb92427ae41e4649b934ca495991b7852b855
cases/train03a_modal_dry/1.rtt	852108	53110f43b8cd8a118b2034b113575942d07908929c53d86f0a2a94108a71028d
cases/train03a_modal_dry/bc_overlay.vtp	5041	7919398900253e0762fbd881293c53925a0400d59b13b5aa7ec64573a29220ad
cases/train03a_modal_dry/result_b1.vtp	264022	b2478ea659df3dd379185e84c20f849fe6acbb36fa5f15b5392dae1b64736175
cases/train03a_modal_dry/result_b2.vtp	266705	579c21c12a9cd446e907c5ebbe4fb0e533dcf58643db3622fe00ef0d1483c999
cases/train03a_modal_dry/result_b3.vtp	264021	4b25dc93b816e03e7682204e05a499cc624deec69d74062c10290440ee74af27
cases/train03a_modal_dry/result_b4.vtp	264666	1f778de3b929cc5a757765913a35c9aab83663aef21db3f31d80dee013c8b68d
cases/train03a_modal_dry/result_b5.vtp	268391	f6cf8907196495e9b6ba4e3c009b96b58b8c01d6c9712aec92454644cad8c8f1
cases/train03b_modal_ifs/1.ctt	0	e3b0c44298fc1c149afbf4c8996fb92427ae41e4649b934ca495991b7852b855
cases/train03b_modal_ifs/1.fai	315440	3064a912217e8dc8bee978dde5489e4addac385b2da8a43038f642b0b52cecb3
cases/train03b_modal_ifs/1.flavia.msh	208283	3049c844db222d1ef0d6f9a6cdc234dc6840d0916709c814d8bbc67c3e83bd61
cases/train03b_modal_ifs/1.flavia.res	1551190	5eb33f742add8b6a1e0cf1725caf1391db62754abf8cdf83b143185e1e22b215
cases/train03b_modal_ifs/1.ftf	3560	a6e934aca3d88c6cd14d643532758a78ac0044a5a39cdee8103743e33009eb38
cases/train03b_modal_ifs/1.gpv	3552315	92058e46519253d98f7112fb813d424d8b914a0ca4d569d440631d7ae0d4f672
cases/train03b_modal_ifs/1.ini	0	e3b0c44298fc1c149afbf4c8996fb92427ae41e4649b934ca495991b7852b855
cases/train03b_modal_ifs/1.inw	0	e3b0c44298fc1c149afbf4c8996fb92427ae41e4649b934ca495991b7852b855
cases/train03b_modal_ifs/1.res	0	e3b0c44298fc1c149afbf4c8996fb92427ae41e4649b934ca495991b7852b855
cases/train03b_modal_ifs/1.resb	0	e3b0c44298fc1c149afbf4c8996fb92427ae41e4649b934ca495991b7852b855
cases/train03b_modal_ifs/1.rtt	682284	cc3478b2599f8f49eb00cb364d11b54827c891ac0197bf2431fbc1fc2dce4d5c
cases/train03b_modal_ifs/bc_overlay.vtp	5041	7919398900253e0762fbd881293c53925a0400d59b13b5aa7ec64573a29220ad
cases/train03b_modal_ifs/result_b1.vtp	262205	68577bf7597be99f8f12f0c1efc8ef2188021ab2593019b4e86c3f4be2e4874a
cases/train03b_modal_ifs/result_b2.vtp	264562	0d387bfc3a7aaad1542b7380a2ccf70761c31455c1b1f8c0070e750bb32ac283
cases/train03b_modal_ifs/result_b3.vtp	262088	c015bc8b903a63ac82c4ac45e37588e14e65b841a16072b4c2209fb21b836bf5
cases/train03b_modal_ifs/result_b4.vtp	262864	8e2c900371d6b1204f2ba6c21fbc92da76f53821ded26c918ab8aa4587dcdeb4
cases/train03b_modal_ifs/result_b5.vtp	263911	d9a10f520b134885e2b15ddfcf10f13089d6ab18f2db5632e22a39fa52bf666b
cases/train04_beam_faceload/1.ctt	0	e3b0c44298fc1c149afbf4c8996fb92427ae41e4649b934ca495991b7852b855
cases/train04_beam_faceload/1.fai	0	e3b0c44298fc1c149afbf4c8996fb92427ae41e4649b934ca495991b7852b855
cases/train04_beam_faceload/1.flavia.msh	28801	633f922c3749993b5cb8a5f6962a3186baad2d6f96958265bc05e1f8b4dc62c8
cases/train04_beam_faceload/1.flavia.res	93777	682ad3175d62c60dfbb69afddd86ab3a224b6c5f41c2b62995cbb94ae3fdd6fe
cases/train04_beam_faceload/1.ftf	26309	8ecfa113531308374369560c6b63b3de025fe93ab4095327bb4da75143853584
cases/train04_beam_faceload/1.gpv	177983	630bb497093598e9f2016bde7f040498125b92215e8292e806ebb9f734848cb5
cases/train04_beam_faceload/1.ini	14	7d0a50d501b3d7290d89f33d7ff1af8c51b5cd68297fe19c61ebe214aa3e0774
cases/train04_beam_faceload/1.inw	0	e3b0c44298fc1c149afbf4c8996fb92427ae41e4649b934ca495991b7852b855
cases/train04_beam_faceload/1.res	0	e3b0c44298fc1c149afbf4c8996fb92427ae41e4649b934ca495991b7852b855
cases/train04_beam_faceload/1.resb	0	e3b0c44298fc1c149afbf4c8996fb92427ae41e4649b934ca495991b7852b855
cases/train04_beam_faceload/1.rtt	172636	41c69b0e6b6e83e28a10541db69d8463020f86febb8b4970103e8b7d2a5ef3ba
cases/train04_beam_faceload/bc_overlay.vtp	3365	035468e766d906fe7f8d1f270887f37ee8e21df15927307f689deadf4fba4542
cases/train04_beam_faceload/result_b1.vtp	64819	9cf85b13513ebe571df8067cb7e22ec332babbfa8fc6214f019101824a209ce2
cases/train04_beam_faceload/sections_axis.vtp	2104	12e14c08f41f7e3d50317fc5cd0e2a16f3e5e517ddf704cedbaee46f63ff2577
cases/train04_beam_faceload/sections_diagram.vtp	5570	367fd54e5c0eeabe1766226eae82f4a3538b77970a4d5c5d115d280007769c7c
cases/train04_beam_faceload/sections_force.vtp	27949	8813c9bafdb4257e39edd3e7a71d8fc225a19e11c53d94d547c54453089726c0
cases/train05_slope_stability/1.ctt	0	e3b0c44298fc1c149afbf4c8996fb92427ae41e4649b934ca495991b7852b855
cases/train05_slope_stability/1.fai	239680	2a8d3ec6eb613a97f12290fc4ee455d761fd25f8c68c279184ea72c2f92bfdbd
cases/train05_slope_stability/1.flavia.msh	40690	37b53234440dad6b701549c419a46a65e22e4722a5d8f95f4e3476cfda9e4f74
cases/train05_slope_stability/1.flavia.res	1086100	c891672c8871cfd947ff87b1b0c5f0bd6af9481c10b9744b89ef5534ffae0029
cases/train05_slope_stability/1.ftf	8380	188fbe68ac3f66790dc0bd6d08cd7d3cc633f4c52d2ee8f716630dc8ea861344
cases/train05_slope_stability/1.gpv	640	ce6f0a0ac4357d2b0bc66e18c6d1acc3e7dec06b7cc9756f03460e8c7cba1aa2
cases/train05_slope_stability/1.ini	0	e3b0c44298fc1c149afbf4c8996fb92427ae41e4649b934ca495991b7852b855
cases/train05_slope_stability/1.inw	0	e3b0c44298fc1c149afbf4c8996fb92427ae41e4649b934ca495991b7852b855
cases/train05_slope_stability/1.res	334880	7f630ff5e676c9b2c5391a908a4481c4f015de028474a1a4f635dfefeced2940
cases/train05_slope_stability/1.resb	0	e3b0c44298fc1c149afbf4c8996fb92427ae41e4649b934ca495991b7852b855
cases/train05_slope_stability/1.rtt	117588	6001bae1a2bf8c32ba5d373d9af924a7323067f746fb66fefea193ffb81ce3f1
cases/train05_slope_stability/result_b1.vtp	31802	5c5dbf5ec9e8a1b43efe6cea941b269bd11a7a9c55757d26e76306905a2d3ef1
cases/train05_slope_stability/result_b10.vtp	31802	5c5dbf5ec9e8a1b43efe6cea941b269bd11a7a9c55757d26e76306905a2d3ef1
cases/train05_slope_stability/result_b11.vtp	31802	5c5dbf5ec9e8a1b43efe6cea941b269bd11a7a9c55757d26e76306905a2d3ef1
cases/train05_slope_stability/result_b12.vtp	31802	5c5dbf5ec9e8a1b43efe6cea941b269bd11a7a9c55757d26e76306905a2d3ef1
cases/train05_slope_stability/result_b13.vtp	31802	5c5dbf5ec9e8a1b43efe6cea941b269bd11a7a9c55757d26e76306905a2d3ef1
cases/train05_slope_stability/result_b14.vtp	31802	5c5dbf5ec9e8a1b43efe6cea941b269bd11a7a9c55757d26e76306905a2d3ef1
cases/train05_slope_stability/result_b15.vtp	31802	5c5dbf5ec9e8a1b43efe6cea941b269bd11a7a9c55757d26e76306905a2d3ef1
cases/train05_slope_stability/result_b16.vtp	31802	5c5dbf5ec9e8a1b43efe6cea941b269bd11a7a9c55757d26e76306905a2d3ef1
cases/train05_slope_stability/result_b17.vtp	31802	5c5dbf5ec9e8a1b43efe6cea941b269bd11a7a9c55757d26e76306905a2d3ef1
cases/train05_slope_stability/result_b18.vtp	31802	5c5dbf5ec9e8a1b43efe6cea941b269bd11a7a9c55757d26e76306905a2d3ef1
cases/train05_slope_stability/result_b19.vtp	31802	5c5dbf5ec9e8a1b43efe6cea941b269bd11a7a9c55757d26e76306905a2d3ef1
cases/train05_slope_stability/result_b2.vtp	31802	5c5dbf5ec9e8a1b43efe6cea941b269bd11a7a9c55757d26e76306905a2d3ef1
cases/train05_slope_stability/result_b20.vtp	31802	5c5dbf5ec9e8a1b43efe6cea941b269bd11a7a9c55757d26e76306905a2d3ef1
cases/train05_slope_stability/result_b3.vtp	31802	5c5dbf5ec9e8a1b43efe6cea941b269bd11a7a9c55757d26e76306905a2d3ef1
cases/train05_slope_stability/result_b4.vtp	31802	5c5dbf5ec9e8a1b43efe6cea941b269bd11a7a9c55757d26e76306905a2d3ef1
cases/train05_slope_stability/result_b5.vtp	31802	5c5dbf5ec9e8a1b43efe6cea941b269bd11a7a9c55757d26e76306905a2d3ef1
cases/train05_slope_stability/result_b6.vtp	31802	5c5dbf5ec9e8a1b43efe6cea941b269bd11a7a9c55757d26e76306905a2d3ef1
cases/train05_slope_stability/result_b7.vtp	31802	5c5dbf5ec9e8a1b43efe6cea941b269bd11a7a9c55757d26e76306905a2d3ef1
cases/train05_slope_stability/result_b8.vtp	31802	5c5dbf5ec9e8a1b43efe6cea941b269bd11a7a9c55757d26e76306905a2d3ef1
cases/train05_slope_stability/result_b9.vtp	31802	5c5dbf5ec9e8a1b43efe6cea941b269bd11a7a9c55757d26e76306905a2d3ef1
cases/train05b_slope_srm/1.ctt	0	e3b0c44298fc1c149afbf4c8996fb92427ae41e4649b934ca495991b7852b855
cases/train05b_slope_srm/1.fai	239680	2a8d3ec6eb613a97f12290fc4ee455d761fd25f8c68c279184ea72c2f92bfdbd
cases/train05b_slope_srm/1.flavia.msh	39945	2de457dccebf46000fc5551cbddab9e970876d6a0c55ee2b2889c4417cff051c
cases/train05b_slope_srm/1.flavia.res	14923600	8d13da36e1387f4400aace61013a4773b1e6d5f52c09684539b2f0ab0729c269
cases/train05b_slope_srm/1.ftf	0	e3b0c44298fc1c149afbf4c8996fb92427ae41e4649b934ca495991b7852b855
cases/train05b_slope_srm/1.gpv	6300	944a97db0486ff6d86e46b32259d8286adaa87f4fbc3f5825b089f9be41696bd
cases/train05b_slope_srm/1.ini	0	e3b0c44298fc1c149afbf4c8996fb92427ae41e4649b934ca495991b7852b855
cases/train05b_slope_srm/1.inw	0	e3b0c44298fc1c149afbf4c8996fb92427ae41e4649b934ca495991b7852b855
cases/train05b_slope_srm/1.res	4690400	bf27d0b473133561c2c95f0347771189108a0fd92b048af48ca7874aa0118496
cases/train05b_slope_srm/1.resb	0	e3b0c44298fc1c149afbf4c8996fb92427ae41e4649b934ca495991b7852b855
cases/train05b_slope_srm/1.rtt	164908	b199d085c0232ea03b6b3fb4be46cd02c4a2415b08fabaa4de62c94744f13165
cases/train05b_slope_srm/_stale_unstable_at_F1_20260830/1.flavia.res	14923600	33366e06d2fa661d64c61481bb938cbc60c3895bbe966abc1efa1f655ffe9df1
cases/train05b_slope_srm/bc_overlay.vtp	1166	821e8857c57704f9bb6e3a08f5253e3c4a74bdebf9235c5ffe725d197c8604a7
cases/train05b_slope_srm/result_b1.vtp	93547	babbb97fa87f5a490ffe4550e4e1aab7bdaacfc771a7ccd0630464d1f9036ee5
cases/train05b_slope_srm/result_b10.vtp	93462	f0eaf57ff5fa07f158c9fd7041df2f3e70a501fa5c62a999815c47f7400de5fc
cases/train05b_slope_srm/result_b100.vtp	98536	0c0398fe520348ee7fe658f82f573b8465e8734c04a5f9611019f0a7a69bc3b3
cases/train05b_slope_srm/result_b11.vtp	93678	3bf5e4b9e21d1c217e9a8b7cd0882f61a350cdbb4278896cb4ed557dbbe6e7a1
cases/train05b_slope_srm/result_b12.vtp	93608	ff6b69d5ee21e7270d8049d3122079488a674425485d27593c4ac3d4efdfe032
cases/train05b_slope_srm/result_b13.vtp	93672	131d43964a3819af443a2fa9e132debd76f229c74ed6f841b73974c3867a4e12
cases/train05b_slope_srm/result_b14.vtp	93597	f67f705b8f0bb9f46f4aec76696989a2cdfc90eb9ae57467d8ea10e4038602fd
cases/train05b_slope_srm/result_b15.vtp	93638	2e378773a5840941fac5d694cdd24ee01c13f344ca86468a3068f1182366ea6d
cases/train05b_slope_srm/result_b16.vtp	93545	d67765ba3977e96e6f30453801cc45ad9c2762ffd40a3dff99c55f258d72c948
cases/train05b_slope_srm/result_b17.vtp	93668	13aa092e1c60c1720c74a58c9beb4da11125be297e578781954b576f7a557204
cases/train05b_slope_srm/result_b18.vtp	93663	40c805459c26ade34bebab410588e15577984085894e6445c26ddfd741cd118d
cases/train05b_slope_srm/result_b19.vtp	93690	ec3b93923fbdca2bd3ee69e545d3164d1f80a04a30643d3fa289bfa117f81a72
cases/train05b_slope_srm/result_b2.vtp	93543	482e9402ea13c61cfb7c628df1431a62f4755a23ed7163d6134c9cc13e931f42
cases/train05b_slope_srm/result_b20.vtp	93541	b73cd619d4f658ca9cf271e0680401263c0158ddb12910b855342878450d00b5
cases/train05b_slope_srm/result_b21.vtp	93699	e70e27528e960ee4236660d3580ab439b2e94dc376570029fa44cd1c58442c40
cases/train05b_slope_srm/result_b22.vtp	93545	8c7b124cd8899df13617629670261efa3ce87dd483f10415c564e3b3a2f54cee
cases/train05b_slope_srm/result_b23.vtp	93686	e88fafe0596ac0c27e07872e461d73dbf113b202c4afa25b0a1f658aad4f8fa4
cases/train05b_slope_srm/result_b24.vtp	93674	90a9e562712e2e08aa6bfdc85086e4849047979fcf407ac43b0f54fc83267ac9
cases/train05b_slope_srm/result_b25.vtp	93847	f97dfba2293261b67c2a479340d4dcfb50926ed876695787c5827d3e45cfaf58
cases/train05b_slope_srm/result_b26.vtp	93864	e109f9ebbfc7d9536c3f31a9378e81b487de352ce6ba5b2b29e47cd6417d5d89
cases/train05b_slope_srm/result_b27.vtp	94113	6a3ed87b7b7ffb4bd53351f2a98eed5720ed5fbc0f40fddd1dd6742319e87699
cases/train05b_slope_srm/result_b28.vtp	94016	c9df15c11456d59dc2e1ae686157528e243f51f5249540fcf3c8ceac2619700f
cases/train05b_slope_srm/result_b29.vtp	94415	84191a319cbfc55030ac7622a06e08f2eb2ec2a8149313b21698330a227d8d9e
cases/train05b_slope_srm/result_b3.vtp	93557	3c8b68c252a5492629d03ec169ca3f82784a81f3a0ffd0190447610a9d7856b0
cases/train05b_slope_srm/result_b30.vtp	94396	d6d2127c6883697d0557c44173060675606bf20189041f286b939b0545457a24
cases/train05b_slope_srm/result_b31.vtp	94619	46e59e6505d03302bb2584592b7be68b90a659cbb59727e532bd38e8be38fde5
cases/train05b_slope_srm/result_b32.vtp	94844	22c979e7dc738f2dd452e82e36f84def5675c93208cce96d30ca6cbf51398724
cases/train05b_slope_srm/result_b33.vtp	95143	42e648f1f571d60a006112adbc46f59414752678a9e621da9f888e3feafcbd2e
cases/train05b_slope_srm/result_b34.vtp	95227	a901c3c6aa8d0e54dfe2209f649b5a7ed5578e6d8e443cd974219a5d7b405c7b
cases/train05b_slope_srm/result_b35.vtp	95564	06df6d4a14efb36c2129c56548b55d7e214d2662492784d2f2719a7c925ecc0e
cases/train05b_slope_srm/result_b36.vtp	95441	62c9e815df5f79a145b0f11e68e5e3bb252124d85bc98dfdd9727876a05518bf
cases/train05b_slope_srm/result_b37.vtp	95817	e7d282b3e5b78a1848c4dc61dbc29f66e414d901b04345a98a9628667ee875ca
cases/train05b_slope_srm/result_b38.vtp	95586	73d4ed3b5a139e6dabc7f5864054d89f4f1e4b20b1fa005f7a41ea87d84c84bd
cases/train05b_slope_srm/result_b39.vtp	96053	89a1469894195a8bb8aed9d95716f321d3b587f78ff26c9ee9926a1801be94c0
cases/train05b_slope_srm/result_b4.vtp	93548	32e503937bb59a93b1f402dbb6fa00f048ecb2add16ef00a631037a9e6f0cc29
cases/train05b_slope_srm/result_b40.vtp	95972	21a14bef6f099e2fa9ea50e40bba282c509abc4c027f4a8851b778ef35da0696
cases/train05b_slope_srm/result_b41.vtp	96206	9763bf294d12ec286e84d3fa7b2f37ffdd0f6978d9dc1db2d7ae16a4cd6a5ac5
cases/train05b_slope_srm/result_b42.vtp	96190	4ec4f7d5544d48cb88f627cc2cf129d8965534dc0e79520fa9b550b5f052ef75
cases/train05b_slope_srm/result_b43.vtp	96258	a385a15ce0dbaa1c67ee912a1b1587a283f2007c5d7bd97678384525b85b87ce
cases/train05b_slope_srm/result_b44.vtp	96479	ae18cce6ba1df00014b2f3f577b4a25f483e65cd2ad890f84684afce175e43da
cases/train05b_slope_srm/result_b45.vtp	96389	96aebb18769f7af0aa5e4d28b8492601ed12f39ad9228b4be8b9acf5e5f12a99
cases/train05b_slope_srm/result_b46.vtp	96622	024161f7b65dcb6988d5336a8ff78ba0d8764d9a7a33a5fea0700aab595a0b77
cases/train05b_slope_srm/result_b47.vtp	96743	5585ef87840579ad28487a09b345dc34737ff0e9ea4ceeaab2e0d6edd84292e8
cases/train05b_slope_srm/result_b48.vtp	96760	b67bdf546c5df58e581c0095c2ebbc7269a1ed013a5c1b5d3c4553bd308906ea
cases/train05b_slope_srm/result_b49.vtp	96863	60987ff7cbb57cabc3756db4a49c24e8345488ae0113c40489753b14e3a95f29
cases/train05b_slope_srm/result_b5.vtp	93572	34231d196e8f95cc131636635f383c02174dd9a299a670d1be48d3f1ae517091
cases/train05b_slope_srm/result_b50.vtp	96985	e1860a49fd8e53ea87d4611b8b976f9073409875d5fdfbf60bfefd5a525685a9
cases/train05b_slope_srm/result_b51.vtp	96910	219b16dfc4e7ac9b3f426c53f2210d22160cb5bc2e9d8ec406263e24da5659e1
cases/train05b_slope_srm/result_b52.vtp	97140	24515234672d3b447699a63821477fd03d66c3eaa0ca21c5639ad34735fd035d
cases/train05b_slope_srm/result_b53.vtp	97098	d60362f1a7a51736331072ac5b5cda29b5c7b75239ad709a26928abd8c5871fd
cases/train05b_slope_srm/result_b54.vtp	96859	a8940e460547d3f6d149ea6718108498b50f48a8c839dec34ece3e9377b88249
cases/train05b_slope_srm/result_b55.vtp	97315	9f815a8ba19cc93a88fb0af881788439bd9cc25b132e93a858decc4f0a95f57b
cases/train05b_slope_srm/result_b56.vtp	97492	b7afb6f8f9f26c57aed9c3d93ae9f53edf0e1c94d0a8e9ff15c2057c12a8eae4
cases/train05b_slope_srm/result_b57.vtp	97531	cad7563a1e09b4137296b37f1ce796d25e883933b39c4840f17559e0b9bbeb53
cases/train05b_slope_srm/result_b58.vtp	97742	25c15708837cc50b08dde1d2d8fa8bfb31559162d829942c3f8a7bf3128fd492
cases/train05b_slope_srm/result_b59.vtp	97609	6f3ca2361d2b796850423bf9ac109968c1b48aa40bf64435a5c2f5e8312b23e3
cases/train05b_slope_srm/result_b6.vtp	93653	3d3480a5d9ed98c4765f92bd232ac50ab23c277033e0fde2edf07f0ed14b7997
cases/train05b_slope_srm/result_b60.vtp	98163	a9f273c20ba7eef02bb0a45350aa977dd4311f4d28ba5051e56b4381af48bb39
cases/train05b_slope_srm/result_b61.vtp	98060	9bc8147cc6619d0f73493f558bfa653a6dbd401f959157c82a21f0c6797bd7c1
cases/train05b_slope_srm/result_b62.vtp	98281	68cb696e3b9c73d8f90cf89c7b56bedd717e1519b628f9913a3dfe2780ad1dd8
cases/train05b_slope_srm/result_b63.vtp	98065	82668cfb0bb815bd887f8c301e9b53ddb25198c56d7b8e3fc846329f199031af
cases/train05b_slope_srm/result_b64.vtp	98276	0672216a5a6bc62ebc776895a63698df8f3fffec7dc0790789dbc6428d797301
cases/train05b_slope_srm/result_b65.vtp	98127	754ed2abef276911630f357ded97967923019abdf927564404753543a6e66b32
cases/train05b_slope_srm/result_b66.vtp	98573	e03659b662df4896320bf28785383c423ac0229f97600f38ff9b26b9f72df8cc
cases/train05b_slope_srm/result_b67.vtp	98312	473bfbc440c3a379c0b79258395bab5628f915544afa5dd3379ec4429ee08407
cases/train05b_slope_srm/result_b68.vtp	98604	281a72cbe8c16a70b6c298dc4354e1675e9014c06eafc80aa334146d47dd0a61
cases/train05b_slope_srm/result_b69.vtp	98342	d84346deaf88914680296fecaec9cf270fc79ae5bfa811482362fe14282295e6
cases/train05b_slope_srm/result_b7.vtp	93599	f982cbb6f95db278adf700532a4af07b6508eacdf9b50960479715e69f088c09
cases/train05b_slope_srm/result_b70.vtp	98634	78d20ab42d8cfe5293f317a53f25a75808299b4afae04604532bb28114d76042
cases/train05b_slope_srm/result_b71.vtp	98301	ec7e4dfb4219680c73f701f16eff09d8f62b8491db087705f3ac60b937920826
cases/train05b_slope_srm/result_b72.vtp	98679	7cf9dc5fe6d4023a564615456ca773d6eea1433750a510d5d9d17bf904fc2416
cases/train05b_slope_srm/result_b73.vtp	98549	adca3e11ebeafcc9ddf6575fbeba3f5309909d9ab8bd73655abd4cb782e80c17
cases/train05b_slope_srm/result_b74.vtp	98549	99f373aa09690cad1b4620b97f4b5ffdc848471f8e14424a1105ae663e475a53
cases/train05b_slope_srm/result_b75.vtp	98722	2275f02b4c9bc968e23b157c57192b8db3bf53cbb203ced23ebba8b10fa1a91a
cases/train05b_slope_srm/result_b76.vtp	98585	685af4fe1f05f6e0adead3d5675d624ed8e236a142349d15d50d09b8bbe3bc39
cases/train05b_slope_srm/result_b77.vtp	98619	6fb43962ca8e8c0996ad3d83f5647fae19155556cbe1eb8275549b3c07da6fec
cases/train05b_slope_srm/result_b78.vtp	98676	462a68e8616b0635b51d2151a6d0014eec06a8494fb1ab06e5b49703cf31b428
cases/train05b_slope_srm/result_b79.vtp	98635	93eac51ebbc59a18569db106b2cdf5f40b0bf6c1faecc90e08bdddac936be349
cases/train05b_slope_srm/result_b8.vtp	93382	24e10ecde1e1a0a8f8121faa21a3a34f5e349a6a3f4926e8650e5eaecad54c7a
cases/train05b_slope_srm/result_b80.vtp	98789	5259090e76b674204c68aa2c8fc41bbaa7acfbf718b793312dfe77884eda0a7b
cases/train05b_slope_srm/result_b81.vtp	98501	ec64ecb245859abe6d9479da4d691e763233b12d3bac1d4eb7eaeb6704ef9168
cases/train05b_slope_srm/result_b82.vtp	98683	919d6893ed59881e9893d5748a83ec69692ba2b558f35022eff734521161a8b4
cases/train05b_slope_srm/result_b83.vtp	98679	48f3bd8b794ff7bbd0414e2097a1860685e32089bd32aca291f5ee51749496dc
cases/train05b_slope_srm/result_b84.vtp	98647	4c56e186ad030a9720f3523aaa0429408241cc816fdc3426eb12d4e0b663349f
cases/train05b_slope_srm/result_b85.vtp	98629	8f4b2dc7b90a0dc35d53f70cb465f9338ef91aab4c3a1c2231a7e4913ff92b64
cases/train05b_slope_srm/result_b86.vtp	98624	cd20ac48d4adfbcfc9a6846f25230bbd3a928e8e3e11804fcbdd97235e1a254e
cases/train05b_slope_srm/result_b87.vtp	98709	2d824d0dc5e33b66b60d5c9eb18ad0280ee72bd4cc71bcd751d3f9a5b1f49212
cases/train05b_slope_srm/result_b88.vtp	98580	1c2dbb0f71c47c613565f744db2e6a1724c7ec46593400b983640f80782a590a
cases/train05b_slope_srm/result_b89.vtp	98711	ea8e95e4f783ba95c4b5c0fb5c777551690deca8031a02d8f33319eacf67886e
cases/train05b_slope_srm/result_b9.vtp	93674	b03dbcc5d783a39fa30a634005c1adf8ec923a1001c0ee0dd7c37447fb100081
cases/train05b_slope_srm/result_b90.vtp	98533	b86f68326a5f5e67651b11a7c16b9331d33868e1d521e90fac1c49a4c2e45905
cases/train05b_slope_srm/result_b91.vtp	98428	ad84c5c14a0ef9b63830d8aafc8f373c8712e5cf66301dbdd3705ca685129d4b
cases/train05b_slope_srm/result_b92.vtp	98325	78b32c1d41a6332f3f819573ef063aa39cd19b4ad9cbd8bf3b5c22204fb7ab38
cases/train05b_slope_srm/result_b93.vtp	98407	e6a688a076b169803f219c64251cd4ef8819046f9acc9ef4ccfdca199bcddb8f
cases/train05b_slope_srm/result_b94.vtp	98470	5ea56982edcbd6a01eb62d8ad532ec50973287c1b694909fdd3c95a090a57037
cases/train05b_slope_srm/result_b95.vtp	98405	3f7bf8ef093fe8f8eae387662c4e270acd8acf3978bac1602bfa2f4e1e4a2a6f
cases/train05b_slope_srm/result_b96.vtp	98280	0948ae3b35632742ba117b472d553f542794012eedee1e51cd5940373ef7b925
cases/train05b_slope_srm/result_b97.vtp	98178	97f80e2e6ae67a40cf28ae51abc7c8d4ccf1a723ef0135edbe79da7ae6a6f9d1
cases/train05b_slope_srm/result_b98.vtp	98208	aee0b651bdc0206abdba99fd9ceb6cd247ddc581b92dcd17241753a0e1e5dc10
cases/train05b_slope_srm/result_b99.vtp	98356	e44531052362b354439cb64e4e22425f58dd178d3f7551c1c272204b24c64ccb
cases/train06_concrete_damage/1.ctt	0	e3b0c44298fc1c149afbf4c8996fb92427ae41e4649b934ca495991b7852b855
cases/train06_concrete_damage/1.fai	0	e3b0c44298fc1c149afbf4c8996fb92427ae41e4649b934ca495991b7852b855
cases/train06_concrete_damage/1.flavia.msh	43583	699d0b96103bf396f2cea10d81147cc4dfe065d2695c6d66b3c8c32672ddc7b7
cases/train06_concrete_damage/1.flavia.res	219036	a5c5cc2d0048ab04ec36ca6dfedaeb11b7fee7aae9a516fadb7340666a9e9125
cases/train06_concrete_damage/1.ftf	0	e3b0c44298fc1c149afbf4c8996fb92427ae41e4649b934ca495991b7852b855
cases/train06_concrete_damage/1.gpv	422686	dfa2bc0a19afb49dcd2b77ab412937d098914cb19b023911987088e869a373d4
cases/train06_concrete_damage/1.ini	0	e3b0c44298fc1c149afbf4c8996fb92427ae41e4649b934ca495991b7852b855
cases/train06_concrete_damage/1.inw	0	e3b0c44298fc1c149afbf4c8996fb92427ae41e4649b934ca495991b7852b855
cases/train06_concrete_damage/1.res	110592	407eda260286acb30cb4ccf323f97d4c3691f28dd44faa47d0d65c9695ce66ab
cases/train06_concrete_damage/1.resb	0	e3b0c44298fc1c149afbf4c8996fb92427ae41e4649b934ca495991b7852b855
cases/train06_concrete_damage/1.rtt	247172	8b7477cf77de7e06a423e63aeba0fbba3dbca69e34a10ed67959cfe32360fade
cases/train06_concrete_damage/_stale_pre_waterload_20260804/1.flavia.res	657108	17f667869c2b1e3892cf5c34a5341b60740bc9e311dcd6cd173b87354173490a
cases/train06_concrete_damage/result_b1.vtp	32396	3949e1ab339a4acc5fc3f3a9e5b7bef0cf2591beffa0adb091862aad96bbff5f
cases/train06_concrete_damage/result_b2.vtp	38717	d9be2c40285f8e001f405fc123961f194b7b1bd0a33792208c2885d71d9de5d2
cases/train07_thermal_transient/1.ctt	0	e3b0c44298fc1c149afbf4c8996fb92427ae41e4649b934ca495991b7852b855
cases/train07_thermal_transient/1.fai	0	e3b0c44298fc1c149afbf4c8996fb92427ae41e4649b934ca495991b7852b855
cases/train07_thermal_transient/1.flavia.msh	0	e3b0c44298fc1c149afbf4c8996fb92427ae41e4649b934ca495991b7852b855
cases/train07_thermal_transient/1.flavia.res	8546064	219fcdffcc8b3a74d203d0123cd62550f37dc1992d7725c7a7d164ef194ba3a4
cases/train07_thermal_transient/1.ftf	0	e3b0c44298fc1c149afbf4c8996fb92427ae41e4649b934ca495991b7852b855
cases/train07_thermal_transient/1.gpv	2898	88f469a3356b28bd419726317064001ab21c9a0fa47dcedcf842d5e3a91e3566
cases/train07_thermal_transient/1.ini	0	e3b0c44298fc1c149afbf4c8996fb92427ae41e4649b934ca495991b7852b855
cases/train07_thermal_transient/1.inw	0	e3b0c44298fc1c149afbf4c8996fb92427ae41e4649b934ca495991b7852b855
cases/train07_thermal_transient/1.lqu	0	e3b0c44298fc1c149afbf4c8996fb92427ae41e4649b934ca495991b7852b855
cases/train07_thermal_transient/1.res	0	e3b0c44298fc1c149afbf4c8996fb92427ae41e4649b934ca495991b7852b855
cases/train07_thermal_transient/1.resb	0	e3b0c44298fc1c149afbf4c8996fb92427ae41e4649b934ca495991b7852b855
cases/train07_thermal_transient/1.rtt	135156	de906ebbfb329489dea19b875101fb63e73b84b8d7c44cefe3c7e905ea73195e
cases/train07_thermal_transient/fort.40	8804998	b626cc58efc70c0f0330895b9d0b655b49a3c4ebd41cc5fce5a7c62cec6983ea
cases/train07b_thermal_steady/1.flavia.msh	652084	869e0f66e070a66d7e2867da1688ecbca0bdaaff7fcba2f6cd34d0058d924fa7
cases/train07b_thermal_steady/mesh.vtp	122451	04611a411ce6ae6784265cf9afd69417fd22bdc05de0046a3fdf758945bc248c
cases/train09_rc_bond/1.ctt	0	e3b0c44298fc1c149afbf4c8996fb92427ae41e4649b934ca495991b7852b855
cases/train09_rc_bond/1.fai	0	e3b0c44298fc1c149afbf4c8996fb92427ae41e4649b934ca495991b7852b855
cases/train09_rc_bond/1.flavia.msh	0	e3b0c44298fc1c149afbf4c8996fb92427ae41e4649b934ca495991b7852b855
cases/train09_rc_bond/1.flavia.res	808002	d60d67a97d2da2750a06d53124e2ea00dc2401924c892a8c66a62f3172ef09d3
cases/train09_rc_bond/1.ftf	937	6b784267eacc07a4c41978a9887877ee52b58759fbd251efb7687fcb57a38a82
cases/train09_rc_bond/1.gpv	2800763	545bdbde16df1863e8211b7515e622f3025dd13e1daf7cd88ef63401234bf2a5
cases/train09_rc_bond/1.ini	0	e3b0c44298fc1c149afbf4c8996fb92427ae41e4649b934ca495991b7852b855
cases/train09_rc_bond/1.inw	0	e3b0c44298fc1c149afbf4c8996fb92427ae41e4649b934ca495991b7852b855
cases/train09_rc_bond/1.res	0	e3b0c44298fc1c149afbf4c8996fb92427ae41e4649b934ca495991b7852b855
cases/train09_rc_bond/1.resb	0	e3b0c44298fc1c149afbf4c8996fb92427ae41e4649b934ca495991b7852b855
cases/train09_rc_bond/1.rtt	2753980	43b5b1b61bcc3da9d27a313660d36d87080f445a6660b5dbae8af74bca62b0ce
cases/train09_rc_bond/_stale_pre_bondfix_20260804/1.flavia.res	808002	46a9b7ad08ae56da7680933fb21f10c3f8e8322a1eec5dff15d75b2d5ff49958
cases/train09_rc_bond/fort.7	5075800	bf945b2bcf8dda083068cf6dac0ca97af7df9c4b64bc692f0c60c98934fdf978
cases/train09_rc_bond/result_b1.vtp	815	8b4442bd2d414e798e7878c43bd83dfa14bec30ddde86a314e7b41c74249f09b
cases/train10_dynamic_vie/1.ctt	0	e3b0c44298fc1c149afbf4c8996fb92427ae41e4649b934ca495991b7852b855
cases/train10_dynamic_vie/1.fai	0	e3b0c44298fc1c149afbf4c8996fb92427ae41e4649b934ca495991b7852b855
cases/train10_dynamic_vie/1.flavia.msh	324322	20ab026de61221c0cccde4ae91c9f15acc43864a638814bfd7061e5cadad97bd
cases/train10_dynamic_vie/1.flavia.res	170450000	eff34ae49020e55c7429c4f930215467053c6d7bea7f55e947bf984bebb408fc
cases/train10_dynamic_vie/1.ftf	356000	9be3a7c0d3c759921350f84de95171a3dbda03f8c4f8225635b11795d6de7bdd
cases/train10_dynamic_vie/1.gpv	272176000	931b9160ec29a1b818579d43adfdec79416f7c6f885ccd52fdf5e8d8bdafc4cc
cases/train10_dynamic_vie/1.ini	0	e3b0c44298fc1c149afbf4c8996fb92427ae41e4649b934ca495991b7852b855
cases/train10_dynamic_vie/1.inw	0	e3b0c44298fc1c149afbf4c8996fb92427ae41e4649b934ca495991b7852b855
cases/train10_dynamic_vie/1.res	0	e3b0c44298fc1c149afbf4c8996fb92427ae41e4649b934ca495991b7852b855
cases/train10_dynamic_vie/1.resb	0	e3b0c44298fc1c149afbf4c8996fb92427ae41e4649b934ca495991b7852b855
cases/train10_dynamic_vie/1.rtt	1076588	98b8fa39df577bcde4eb784f152e41c329e24f44403387bf425f00d047b911b4
cases/train10_dynamic_vie/_stale_freefall_20260805/1.flavia.res	24681510	1a39188f9f5be5e7c46a5fd911bc74409b6052c7f689ac50288c17d12f17693e
cases/train10_dynamic_vie/result_b1.vtp	254709	158007136789340ce6e0785c2e5aac94aa2847e43e1bd5109903c3aa48eaa658
cases/train10_dynamic_vie/result_b10.vtp	244645	d79bd331b5a0c6221430d00dc96d83e0bc99120961dd37d2b01587b94be1c7a1
cases/train10_dynamic_vie/result_b100.vtp	242499	6c5b1c683aa4a3350b88ae3533faf9b8de495f976e563ba0c5b797c0e4da463d
cases/train10_dynamic_vie/result_b101.vtp	242813	7adfa11a903963f03197e5bdf31fd769f51540d1e066b0f46d0adabb3c9830ce
cases/train10_dynamic_vie/result_b102.vtp	243002	db6965a74340520a666c1ee827d74d76910a463c023c335a4d9c2308005dc3ad
cases/train10_dynamic_vie/result_b103.vtp	243465	7d7f1f887b86a6ebe97d9b6c1bdade70710d581bc07c22a956f94474b08983f5
cases/train10_dynamic_vie/result_b104.vtp	243600	39b67b73328c727af0a0dd75e29a1e5c8a8be910491424d8dde48d117d49200f
cases/train10_dynamic_vie/result_b105.vtp	243748	adf10a0e423b9ce92e8b6dac5eea925ecc60d90db1f4c51483fac4469594693c
cases/train10_dynamic_vie/result_b106.vtp	243972	79b5688a922041b3095099edbd7918a68601de8bac6705f1060c3a8861fb9fc7
cases/train10_dynamic_vie/result_b107.vtp	243944	e5ff7f81165edc672b8e72e7019ccf8e885687313b3a1e526a367236431cb847
cases/train10_dynamic_vie/result_b108.vtp	243961	61eb2eebdbef94917f0b1f9abd4c7c4a1a952bf48cfbd658d77a7d13d07a8d56
cases/train10_dynamic_vie/result_b109.vtp	244069	36499ad25daa6c5d44662a8d856dbbd17e6ae77490eb949e4a6f36337aac9bc7
cases/train10_dynamic_vie/result_b11.vtp	243942	4268ce33b0c25fb576563a86f3df219fa100712e3adc89a21f72163e675de265
cases/train10_dynamic_vie/result_b110.vtp	244506	eb27455e2e6b5517b2cced2a244b74f77168769ecdf0f715849b9d3b2c589b16
cases/train10_dynamic_vie/result_b111.vtp	243242	d6692d7d4c8ae05722ec8c1b355dec217923288e7be33901f53d7472c9682d5c
cases/train10_dynamic_vie/result_b112.vtp	241811	9af66c83ec638c78a4e7fcec30d897849752394465b942688f8afaedd239d6e9
cases/train10_dynamic_vie/result_b113.vtp	240327	19f04d590d288455dee155d8beb4c75e115549d29a2eab3966b68b9bd22f9659
cases/train10_dynamic_vie/result_b114.vtp	240306	e7ae2225e514f6c3e08795e4e30d0d7347e3d91ebe4fc723127a0830791c566c
cases/train10_dynamic_vie/result_b115.vtp	240229	b6d9bc81d385c134abf06f2e92deea9717b0143a4a40c4505ab620e33ccdf2cb
cases/train10_dynamic_vie/result_b116.vtp	240418	b3b88e3b32f10da0e396a69cd240f7853dae8a1e3871464519c5597f0840c39e
cases/train10_dynamic_vie/result_b117.vtp	240665	ccb2ac076760883ec72bdce9d6748352526eb2a634c5852f100d8f60b2b8e0d7
cases/train10_dynamic_vie/result_b118.vtp	240666	91dedfcd5ecdc1ea6838119c750a879fcd46d0d8e178eda7373db36d9c15e2a3
cases/train10_dynamic_vie/result_b119.vtp	240755	2a35ac6cb6b680131808e41b880646ccc414f9970522b8e4e37f0bec10cc0334
cases/train10_dynamic_vie/result_b12.vtp	243779	7c171dc997d5ed3e9c3f3c7c091aba5ff0ec58be707c9a935548bb01578a51fa
cases/train10_dynamic_vie/result_b120.vtp	241174	5db768c6c5d503e551c51ab6960483e69217b08f827eee4584eb70dea09cc16b
cases/train10_dynamic_vie/result_b121.vtp	241906	52ac9bbf6f67403ac513f7a110d7709e9fe78cf5a26216332c993c237631ca07
cases/train10_dynamic_vie/result_b122.vtp	241070	a16987f08a1f7c6e6dea33171ccf0502b5a62c25c8732dee334603a39e3e3ca7
cases/train10_dynamic_vie/result_b123.vtp	240697	a84a079ce485d397a16930758f3a71445c60a0425d64ecbeab0f012e2c93f276
cases/train10_dynamic_vie/result_b124.vtp	240448	1c5d1d02ece887255a5c368f79e3e134898d9aaec4801a642b92865dc56d2b2b
cases/train10_dynamic_vie/result_b125.vtp	239687	7b621d8781c4750ca88c9f5331bedc44f6506a05c3627989377aef25e34e3ba5
cases/train10_dynamic_vie/result_b126.vtp	239167	8b992e1ed227d2945c6eebd11c83db89d33eae0388d256ede277d0581b299db5
cases/train10_dynamic_vie/result_b127.vtp	238891	b6937803ce26fca80b34be80ff3800c50ee134a09e3aa407fd6aeb28825e8277
cases/train10_dynamic_vie/result_b128.vtp	238843	4ef476d2e385832fbd18cdcb1600a5875ee261f5faf875ef4e3d281f14922c24
cases/train10_dynamic_vie/result_b129.vtp	238648	5f1f4aed499e6abf14c5671c489f227abc0eafa276c0456a41213b1bc4f5928e
cases/train10_dynamic_vie/result_b13.vtp	243533	345b353fff5f894be8eb5a14ac285d71c77343c4b9244eff709f5911288e70b9
cases/train10_dynamic_vie/result_b130.vtp	238440	fe7b1a2b4ba42340562f0f0b32531b8f156bf6f860acb5f80d6d72dfe0b84ca3
cases/train10_dynamic_vie/result_b131.vtp	238280	828bedd99803208c801aa3d0f1d14ae8b88974dca1312801d9906d6fde53732a
cases/train10_dynamic_vie/result_b132.vtp	238192	a93e429d008ac7c0727d9b8139d30fdcbfed80928a043c4e6030c74b611449bc
cases/train10_dynamic_vie/result_b133.vtp	238144	a502bb413c4643e627b8417ec75715072743db5367dbab34aecaafdd1845c85a
cases/train10_dynamic_vie/result_b134.vtp	237917	be9b11a7426e4aec4fe1831514a9e17ccd1e0cdae85560a69f7d32ab401ffc26
cases/train10_dynamic_vie/result_b135.vtp	237864	12d2ab3e79141acaef7123def02923cc34b5588eee3276309f94a68f5f57509d
cases/train10_dynamic_vie/result_b136.vtp	237811	c2de3c23e3b9b3b764d5cc7714e74143b80260f8ecce07245451c287c5d80b25
cases/train10_dynamic_vie/result_b137.vtp	237824	025cb5bfbdd398127ae971a8e9e275caa247e780f883531a0f71adb3919ceabe
cases/train10_dynamic_vie/result_b138.vtp	237827	ce1d39c70dd5155efdcfff86f77879338eacb3703be25e9f2ed8bb27fa2b9000
cases/train10_dynamic_vie/result_b139.vtp	237852	ba9a88e2ca718c8b9b543720804f32e33e6839c0c5f0e0560bbacee76ff6ec9c
cases/train10_dynamic_vie/result_b14.vtp	243760	763b7d6f2a100bb70b7786a7e111f43233b38c6fcb4720bba424a948fc3a7fbd
cases/train10_dynamic_vie/result_b140.vtp	237933	ea31e0db6bf054e288f5ce0f2e2e64ec9d2aad32366d34739e80546c28e0f3af
cases/train10_dynamic_vie/result_b141.vtp	237932	1a471ff1b3d8f966abfd5e0eee043b6fa4d45556b0eab560786de8ca98b2a962
cases/train10_dynamic_vie/result_b142.vtp	237932	26a30f4cf80a591b01958fc9266e45bcc75344041872305f09022efe61dc1b93
cases/train10_dynamic_vie/result_b143.vtp	237855	18cb6f67847478c71c3b2ec7e1cf3d75e16a643acb304f7598991c8fbfbda0fa
cases/train10_dynamic_vie/result_b144.vtp	237875	7bca7c05bf8edc1cdeee826d9036127bdc0d968e2cc6e6aa51aaa878cc5d4e6f
cases/train10_dynamic_vie/result_b145.vtp	237782	14b47cb44268e635427c1ce027d21472714b08557821791c1deedb95dd6ede5a
cases/train10_dynamic_vie/result_b146.vtp	237752	12514e460bb1c0bdd4158f10c4d49c7afdebada0fc9d98ab49c1143bf6fa75f7
cases/train10_dynamic_vie/result_b147.vtp	237798	6e8f47001d273850d32411acd01bc1468849f5c4e009cf9b56d46f3589d71c72
cases/train10_dynamic_vie/result_b148.vtp	237915	822b774b8c400cac71518a919cadd4839363f6579be784e64bf8e9f69866221f
cases/train10_dynamic_vie/result_b149.vtp	238087	4158c5b02a2d65f2749acce55e0abdd4bbd99ef7c9301496b5f43a8a600ec089
cases/train10_dynamic_vie/result_b15.vtp	243892	7f000a431db2015c7f17cdaa58ae2498c06d7bb7ad8df8e29caf0d9fd12966e8
cases/train10_dynamic_vie/result_b150.vtp	238315	f94757b5b867fa533b6391082def5e2bd129805910a800f35de545a0921b6198
cases/train10_dynamic_vie/result_b151.vtp	238421	5a9cdd0996581fea0d6ff745a9b98d4b4552e33d1e6697738fc2d3f0cd4c3c9c
cases/train10_dynamic_vie/result_b152.vtp	238658	8fa7bc0411852ec75918e930d78426b4dbe6960017a4330fb7ee23268b785066
cases/train10_dynamic_vie/result_b153.vtp	238889	efd88cf5b34815519d2ff83de79a3d61193ce5004567dbf17eb471c51d3fb297
cases/train10_dynamic_vie/result_b154.vtp	239356	e4073e037ce9073b56d8915b400d3f59609fede2a561e39622e0cbd379ac9b30
cases/train10_dynamic_vie/result_b155.vtp	239855	101d06982d674986b8d5dfae659350d2d4f14ac43a301eeb48e3d4c9d0daeaa9
cases/train10_dynamic_vie/result_b156.vtp	240444	8b595082ca9e8405c7a9debe5b4b2deff1e2ffe402960d956479d943362e651d
cases/train10_dynamic_vie/result_b157.vtp	241201	f8d0cb04fd3c66628967b9c439376209cf1db8452bb2d8b7630cb5fb90b856d7
cases/train10_dynamic_vie/result_b158.vtp	241999	09f7d183ee5a3af7a93c65b109d5d1a3b76d7257e008d72215a03d92e91cd3e6
cases/train10_dynamic_vie/result_b159.vtp	242500	ba289af7166b81e97b8d3cb1ebfe6d8a97c38cc22346e71112fc839daf86fde6
cases/train10_dynamic_vie/result_b16.vtp	244422	80a2ca27c6da5d75c2e164dcf09ac460122565d62628445542fed3e6e62c6564
cases/train10_dynamic_vie/result_b160.vtp	243242	9ba9b0b01fc88d641522137bc8c302602778751541f9be946f83d414eafe1b72
cases/train10_dynamic_vie/result_b161.vtp	243761	532631256867976d792f85b347b2e630095ca435cef500aa2acbe5ef3e8b9876
cases/train10_dynamic_vie/result_b162.vtp	244024	5c0f74ec3f3d4dff1bb9cd310f7a70a6934ada27fe8982f2c3d4f42f3284ad32
cases/train10_dynamic_vie/result_b163.vtp	244117	b1fa6a82569bb9ec06b562dde9ba039fa4cbc219a21a20f225ad39578cfde6fd
cases/train10_dynamic_vie/result_b164.vtp	242928	2e773447c86b311645d2ad44ef12802d29a7d1591944182d10262fb11fd824f4
cases/train10_dynamic_vie/result_b165.vtp	241149	267c24b471e33dc76cfef565a47f9ef5bda9360d7e60f3435d64ab240c92bd4c
cases/train10_dynamic_vie/result_b166.vtp	240888	8cbd1a44a52f22927767d47b6875532db8d053befbe7ea4762b9190c86341ccc
cases/train10_dynamic_vie/result_b167.vtp	240967	fc99c1137b00de1325a8796470c9a45fb63abb8e0a7138116dc24e55d3f4e5cb
cases/train10_dynamic_vie/result_b168.vtp	240963	a4f59e08bd9f7d9047a888b7c4f960bea230019f458671a13557ee8de4a388ac
cases/train10_dynamic_vie/result_b169.vtp	240539	5d69224100f35dc1467bb0e89aaad0aaa8f0f43f42812cb30a03de6815866b7e
cases/train10_dynamic_vie/result_b17.vtp	244026	78ba4f2b2f33c8d3685bf69dcce39a767614286149d17d4501bcd18b6ef2edbe
cases/train10_dynamic_vie/result_b170.vtp	239849	79cb76500353fbdae823e5a6cc287daf17c08176fae42b68468ea1ca40bcc149
cases/train10_dynamic_vie/result_b171.vtp	239767	a59fd1101008fc60885eb796e6cf524eb9a0479355d3f0afd410cb99baeeca7b
cases/train10_dynamic_vie/result_b172.vtp	239894	15eefe1d812dfcadafe91e5e075f185d99acbc39e8bac6d7b00cd8be661b08d2
cases/train10_dynamic_vie/result_b173.vtp	239782	7edb5cfba015ce2d470b3472c5ff778f5ddab76c4a647544a8455972a25c9985
cases/train10_dynamic_vie/result_b174.vtp	239138	7ddbde1a32da25807dbf8e65839bbf28bd03db2ea000ed5811d487f5b2232b02
cases/train10_dynamic_vie/result_b175.vtp	238480	7a3aa72aba85fce149a2a946dd59404ff331c3bc003dba6c0692c0573458fd69
cases/train10_dynamic_vie/result_b176.vtp	238282	afc0310d5dd9880a7ca78b357b3971b310e95cb2c34b6a2b42590142a8575c86
cases/train10_dynamic_vie/result_b177.vtp	238223	b01a1480467c4d53971e25eaff5512d7948e67a0dd92967832c06989c22995b0
cases/train10_dynamic_vie/result_b178.vtp	238330	ed5f6d9599e704d181785fb9536fd814af9935e0904f39781188314dc7c461a3
cases/train10_dynamic_vie/result_b179.vtp	238617	019be516625442381527e82e70928007044fe61d430c75d501e8afc67b8c6f61
cases/train10_dynamic_vie/result_b18.vtp	243898	4a5f26cba844956733e393230e4d0c6a13140e3d1af1524ce0de2fc800668dac
cases/train10_dynamic_vie/result_b180.vtp	238995	135a4f08508afc5acfe5f4de8724d858999dcb13735f0dc9e5a4e960a2f23dd3
cases/train10_dynamic_vie/result_b181.vtp	239090	126f01e169e38632dc028584fbb94d036153edd90ab32fb2c98de0b1cac3a6c4
cases/train10_dynamic_vie/result_b182.vtp	239152	0d6d960bf59a37949be2357afdff20577ed40df05e8a56c881496a110dc305e4
cases/train10_dynamic_vie/result_b183.vtp	239244	82b353104373f9299857bb81cc5c633ee32a5649d9a43f12b0519f473432d534
cases/train10_dynamic_vie/result_b184.vtp	239510	b0ae5eb52cf09258cd19be941c737cd62d3f8884cc8ee5ff7eb05dcb46cb839c
cases/train10_dynamic_vie/result_b185.vtp	239663	99a31564af79bc0f1e8ea351177e23680d1089e745f62d01840ef20152a2dd93
cases/train10_dynamic_vie/result_b186.vtp	239727	c89ac25d4fe211cb04a07bc5783bf408bac2c391ea5d3ca82bb8b8a6fc0b3b16
cases/train10_dynamic_vie/result_b187.vtp	239855	0382fd202045037632fde7c4f84f02ab629e0c553c0511daf142f63a38250e13
cases/train10_dynamic_vie/result_b188.vtp	240066	cfd158bc76760ce2d5757ed53959553b4001f7a5514482d4d140f32b68c675e2
cases/train10_dynamic_vie/result_b189.vtp	240161	c70eb837cba60496f2ec00bc753d1c8ef03f13bf4a010ab09524a73c7aac53cb
cases/train10_dynamic_vie/result_b19.vtp	242685	9fb7cc9b9cf65a0c3879e4bf2c9ddd895ada0f14edd89e99ab070754dd3261c5
cases/train10_dynamic_vie/result_b190.vtp	240567	3fe3a6a4a8d45c4ceee8c45ab98a7f3524256b7de5f176a277f841ac59153019
cases/train10_dynamic_vie/result_b191.vtp	241397	b2a58de5749849b8007d4d83272d188c54180b5de9b3495ad8d48c535613ea1c
cases/train10_dynamic_vie/result_b192.vtp	242487	599d41f63612e978d6504c91863dc9fbef84adac22182dd87a6c97524d65aa7c
cases/train10_dynamic_vie/result_b193.vtp	243371	83cf9970b80fc6df962db80cafd352ddf74761c0dd13e9adad074cf3ffec03f9
cases/train10_dynamic_vie/result_b194.vtp	244367	51dd2f33c1c64b52b7d70d95822e51f1a63f6e95ce9eb08af18113fa767cd33c
cases/train10_dynamic_vie/result_b195.vtp	245830	28f6430a85c172a7956b5b6ffaf5014a741c9f25b46eed282941fcd632fdfa78
cases/train10_dynamic_vie/result_b196.vtp	246800	7e6ea4aee123cc8b55f88801582ea22e0a6bf5704a7693c953668155d8e1b87b
cases/train10_dynamic_vie/result_b197.vtp	245499	9aa66210b6b65dc0a1160cb9ca8ba7e2c64489445aed5e1004ef3528ff554ff3
cases/train10_dynamic_vie/result_b198.vtp	245131	722540474e09bdc10ef407839690a28b81f017b101c56e0f869d9649ed3687a5
cases/train10_dynamic_vie/result_b199.vtp	245475	95854046f418cab24d2712a6322c0f3a17ec4d7b35892a8f13792b84b99eda12
cases/train10_dynamic_vie/result_b2.vtp	253459	6ffedb8f690dcbbd2dc37376cb2020901d5c078a2dcdd5d100c6083643f106da
cases/train10_dynamic_vie/result_b20.vtp	242028	a04ae75be0f70796f654e7a2ed47a758ef93292a29c9ba4b286da39bc4d56fbe
cases/train10_dynamic_vie/result_b200.vtp	245503	64c63d6146b0499859739a2cfb39db731316ead05442572c58b62862c376fa3d
cases/train10_dynamic_vie/result_b201.vtp	246486	56ec901f20708de46118bf6a4cd9367c36cf778df7807d64b074c7963f14ca99
cases/train10_dynamic_vie/result_b202.vtp	247542	50319b34a69dfd3d10b5bfa788183b4bbb6a9d8b958731c740f66a39ad0a1311
cases/train10_dynamic_vie/result_b203.vtp	247177	c247f136f209591c087b731c51d7e99d4f34821a66c738b78233cf365f5e155d
cases/train10_dynamic_vie/result_b204.vtp	246919	ae507525e211f386e65efbba11f5bb5672af04c7837f7399bbe338165da457ce
cases/train10_dynamic_vie/result_b205.vtp	246434	decf822cc65be099cb752934bc3e72f9f59781e953e1eb9536de4b9affc27c48
cases/train10_dynamic_vie/result_b206.vtp	245530	be4cb528924cf0038e10eb4ff067fb7ae75482fc887d787d67e4acab65fffae4
cases/train10_dynamic_vie/result_b207.vtp	244969	40111889cc35f3697feed5e02f0a1ecebdfc76a2824476b06e6f9c7d06229aa8
cases/train10_dynamic_vie/result_b208.vtp	244747	fa9cda5d10e3f5a9a2c78b8fa1f8cbed3b60191dbe3347d44683340bec87a9e1
cases/train10_dynamic_vie/result_b209.vtp	244664	49bcba3fbc2ff01f774a5bcaffbe43013142bbe093998e7deeaf6edc160d2c71
cases/train10_dynamic_vie/result_b21.vtp	241776	a84834cffa11edee622324c6f88e54731e3024e8eb3a055af43289c0f2dff952
cases/train10_dynamic_vie/result_b210.vtp	244544	b6913c2de2922c41400ad002fc30eecb9c98c9f72cd91d64ff55c11c47750e82
cases/train10_dynamic_vie/result_b211.vtp	244467	0b92089dfaf1cd0feb0ed473fa62e954fe9503fd928c3899cd610e1c1f7b5329
cases/train10_dynamic_vie/result_b212.vtp	244570	a1494f2ccb58ff867e405fd51e408e5b6a67eee5f7dc371306c8c908303bfd21
cases/train10_dynamic_vie/result_b213.vtp	244465	3badd6359969cf72b9ba362a5a667317677c5e5f64015bd3f16468f6aa201440
cases/train10_dynamic_vie/result_b214.vtp	244556	a417a6405c68c5db978770d0e07ba8aec6897d49ce1b0734c0659e6ef1021861
cases/train10_dynamic_vie/result_b215.vtp	244517	874f17bd2f41242286f72b1ecbb553574aa5850a6f1874d2c71830ede6b1ca9f
cases/train10_dynamic_vie/result_b216.vtp	244502	fef441f6162480f87151e4123f38be3e0e3003a128f6ed16d33ebf3feeae3860
cases/train10_dynamic_vie/result_b217.vtp	244503	9d7e8e6de5b4d51b4f762bc831fd8df09c70b5ae25fec0449b0e1e65263a5a43
cases/train10_dynamic_vie/result_b218.vtp	244526	73924dc9a618d7401b624769b7c8555ba16531a4e760bf8fe3ab96bd8a2b6eeb
cases/train10_dynamic_vie/result_b219.vtp	244463	9bc4f7328623fe699d989893a6b8b50d24bc4da98647ce7f02bcbca0c0f3d356
cases/train10_dynamic_vie/result_b22.vtp	241882	b06cdd8f85cf2cfc2398aab40c0f3e81bc187a38c1ed5da02e89f177447df795
cases/train10_dynamic_vie/result_b220.vtp	244445	613115e1b5d4ae702c45a84e7b75c24752781f65fe10557f7011b5d672c8d173
cases/train10_dynamic_vie/result_b221.vtp	244522	e45109c370d4169c546c6592205e25700e4cd7e31de92b64cc952cd5ff5c9089
cases/train10_dynamic_vie/result_b222.vtp	244629	8df55a22f2b5f9d3fd67060d888266203c6e0bb52c33531055eb6ff1fdebbdc5
cases/train10_dynamic_vie/result_b223.vtp	244596	51096f3075e0bb6f3783c93e81a80b8d3bb8dca1e17447d5b5f0612b3ed75cf2
cases/train10_dynamic_vie/result_b224.vtp	244720	6e4835331fa724ae7a6b790f2fa01cbc90f391689bc574ca0035cac92d70ceff
cases/train10_dynamic_vie/result_b225.vtp	244685	13974c3323a7c627826167226155d6bf4e34497df889c0d800e6229aa37ffcaf
cases/train10_dynamic_vie/result_b226.vtp	244813	c8e1b73a50d5e619ffa7ec98a6f9eeb201384cbdf43694f0a54fb243725fde06
cases/train10_dynamic_vie/result_b227.vtp	244844	6175877d7631c819a715b3cf53725f352e03cbd649e57a07ba07b5c5c4cf0d5e
cases/train10_dynamic_vie/result_b228.vtp	244971	ea5ddcd41053860434a5a9e16a20246da1c6b4b2e9dd59579032d973e0556cf9
cases/train10_dynamic_vie/result_b229.vtp	245160	e9881e407329346f18bdfcf1b3bd0c253b681555299fe9454353c3f9d0d86740
cases/train10_dynamic_vie/result_b23.vtp	242429	eba5e99b12a11aa2230d3682e44fd9a3f585ee9999ce83caba104dd5b2ca5269
cases/train10_dynamic_vie/result_b230.vtp	245436	3bd4c866410511d392270a3fad42c2d0b3a5e354356cdee30cbd28420366f6ba
cases/train10_dynamic_vie/result_b231.vtp	245577	7fc094c3c603fa099641fffc17c3a1be98de07b92504c208dca04d67deaa58e4
cases/train10_dynamic_vie/result_b232.vtp	245724	6363a4e22b615f89d860ebab2da1ad0489881c06c7904a300723fe6450f7aea0
cases/train10_dynamic_vie/result_b233.vtp	245726	87a183d519779f406d3f299ee3c4aad96c4486d2a0e1afe304b36f3fbb7e4cb1
cases/train10_dynamic_vie/result_b234.vtp	245858	1e0e22132935fc9b0ba7cf9b392243727f4dc0cffcf30bb2602cdac5f6e8b0ca
cases/train10_dynamic_vie/result_b235.vtp	245801	97ade4864fbaa2c4ed3843f087bf6faf7cdef1a45bc5789a07e6e764af6eaa6c
cases/train10_dynamic_vie/result_b236.vtp	245943	b6e780fea077c2587459e71888824021a9b3739f94fb5e37de28f057c044e896
cases/train10_dynamic_vie/result_b237.vtp	245969	e59952779617ab1a6726114d0c0908cac7fb4e5a1cddbe04bef3a6912f68e8c6
cases/train10_dynamic_vie/result_b238.vtp	246105	859d93f6ff1aa2b2d1b185a5d5780c3ff7fd0634c64e79d168c1728c359abc5f
cases/train10_dynamic_vie/result_b239.vtp	246074	5a23ed150146c9bdfc461a6c36f4ee3a64528379f1e4d5d44f51f933c00cf7cf
cases/train10_dynamic_vie/result_b24.vtp	242259	e47c4b21968dfe6710ac9b66f144d069d4ea6b81e8fa76f5b3c3b2329206d19b
cases/train10_dynamic_vie/result_b240.vtp	246263	b86a33f967bc786716ff052e7dfe7ea1f0042500789bc9d665852004cbccbe6a
cases/train10_dynamic_vie/result_b241.vtp	246390	338c714ab2555ab11037d367a8dc2a887cb844b2625e5fe55a7d83f24020c7f4
cases/train10_dynamic_vie/result_b242.vtp	246660	98bb59e455fa086a505cf7eee0f9e7d13c653c54f1091bee1a7c1fb924039b4d
cases/train10_dynamic_vie/result_b243.vtp	246948	28f33cdd5bb50dbd3eb304cd1bc129a72d0a6c2e94bd679a5843117bc02fdb65
cases/train10_dynamic_vie/result_b244.vtp	247230	bd7dc7580b83db992e0a76af937bb317f1a79392c541b461f9dc2d23fa7fcd8b
cases/train10_dynamic_vie/result_b245.vtp	247411	bc9fde5c50067e11b5ac68a086b3d1a8dc4a6244f6ebcc66542fd3fe999b0aea
cases/train10_dynamic_vie/result_b246.vtp	247911	062bc6a82a1aa3764449428d04d34d66828788e951367dd4ade2d0fc001365a5
cases/train10_dynamic_vie/result_b247.vtp	248360	a4582e58d61618e672d3bd349acd2789ceffe1045dd5cec54c43a8e7887eb3ac
cases/train10_dynamic_vie/result_b248.vtp	249014	279c83f8a8c0982730f80311bf672ccea5c65edd3df731df6b690db6a272c856
cases/train10_dynamic_vie/result_b249.vtp	249671	6b10fc1745d030e0fee22cde4247544d21894cb99e89f452125c568010ba180d
cases/train10_dynamic_vie/result_b25.vtp	242311	a7f293e2af42b0bff1739fcac8d931cfac5ad7091b74f124e649ae19e7a53f97
cases/train10_dynamic_vie/result_b250.vtp	250129	caff004085358b3e8b54e1d61da39c691f31e51f959a2b538902a646704ef90b
cases/train10_dynamic_vie/result_b26.vtp	242645	d03e16fc8b3bb3ebd8d8fed9b0898b20d61f2d23033486530a1716b36e696b63
cases/train10_dynamic_vie/result_b27.vtp	243403	44ad6d736011fd7faf6efe299219b3645a90d0a43f1ffcb7838abf812c7ed155
cases/train10_dynamic_vie/result_b28.vtp	243943	591c22609bee6f80cf98db05f255bc24a620c17a29f2cb212f7d9a562e838b36
cases/train10_dynamic_vie/result_b29.vtp	243138	4fe35c644178c7c3900b2b96becd08210db7ea69759ad7742ae59b54b856d370
cases/train10_dynamic_vie/result_b3.vtp	252116	3ecf0f24f1d49397e34637dc0cde0a4815bd6c21abf78a149ddc4e2b7f6ac382
cases/train10_dynamic_vie/result_b30.vtp	242379	781f2a34d81453226984bc3c9434af28b3ac981a8b772c2fa3c900e63f3aa873
cases/train10_dynamic_vie/result_b31.vtp	241958	fbd3390b43d883f9601d4b1b499f8a5ffcc4918111b985140a1dba0dd5570326
cases/train10_dynamic_vie/result_b32.vtp	241515	53faf1b546d9ffdefa0fb800f13a2a1b5b582d1d3f8fb9a8063b06f11ca079c5
cases/train10_dynamic_vie/result_b33.vtp	240740	56f3cf2676364090c40aa119487172c22da2df8890ca78f28ad10af1e1630704
cases/train10_dynamic_vie/result_b34.vtp	240113	f2f09e166161825cbc28e764108a297f7c6cc6f7e6479348fe0eede21a42cf5e
cases/train10_dynamic_vie/result_b35.vtp	238856	4b2139571d257bb3296366b3644508efa11a5eabeaa7d41d49678e61984dcd99
cases/train10_dynamic_vie/result_b36.vtp	239184	4b6936458276a920f43828420504f93b2f976789973b8dabd43d6ec916c348a6
cases/train10_dynamic_vie/result_b37.vtp	240291	e054aed0d9dedbc5d7a384657ab9f9909d2682cacf42f75be26eaa52c0ae9414
cases/train10_dynamic_vie/result_b38.vtp	241399	315a7de36a450609a6a003033e05064549246e4ea0561c9e48025029c3251f13
cases/train10_dynamic_vie/result_b39.vtp	240683	8afc4e136a4617bc5368904e38a6090ae2c5655c4af30008d058ee5ac037a210
cases/train10_dynamic_vie/result_b4.vtp	250289	d3b3636fef084320ad43a434c5c88e35c2b7525d19da9922f8ad8c4169aa5660
cases/train10_dynamic_vie/result_b40.vtp	239798	db73375261bdc5392987ff0ba89938861a0482a15e790e31e75d00bb35cf06fd
cases/train10_dynamic_vie/result_b41.vtp	239376	da3898b72ccd9e5440b8a08414f1c351de8f4545d367518d5d7e86576b1fdfd1
cases/train10_dynamic_vie/result_b42.vtp	239158	cc98dc8421ceca25e209221e1a44911d27baa5c35ffc6a0d1ffcc1c3605df3a3
cases/train10_dynamic_vie/result_b43.vtp	239266	33bc0833b720974f4dbd2d454ed9a7e6f15c4dd4521730d67b7461e9157d688b
cases/train10_dynamic_vie/result_b44.vtp	239356	24ead6e9c541da0503a9ad085b953df8ce11a9bf406cee8159eaf9cc96265402
cases/train10_dynamic_vie/result_b45.vtp	239300	38ec1544059d0e9df5f8dcfd71710aeb405d1d6a59c7a9560113f623ae0e8a24
cases/train10_dynamic_vie/result_b46.vtp	239400	baead0e07b6e08bedd852d1a80714361361d68c5aa3f3db1d14aeff140f7b64f
cases/train10_dynamic_vie/result_b47.vtp	239460	c3389e0de292f56063297c4efb6b7a963a9e02934a11912f013b6de5586216c5
cases/train10_dynamic_vie/result_b48.vtp	239442	b058d5e11b9cd46c29157f9893f75d94b8ec7c71765d56b8388bd050990af853
cases/train10_dynamic_vie/result_b49.vtp	239288	871188fcc05926862ce402796ce86d032d304a03adcd61a2902066420b04f1bf
cases/train10_dynamic_vie/result_b5.vtp	248914	6d5b1f14a31525c9ade7ff6ae978a53fbcb7c996f5128fc0144961437cf93684
cases/train10_dynamic_vie/result_b50.vtp	239130	9649d5a99a377e920aa849b722aa9900a8636fb66c17d5eec5e7b3fb9f2d5930
cases/train10_dynamic_vie/result_b51.vtp	239165	36564c74b589c1d6274badf63079efcf401c67cd628e8c6b23f26f59d7d3476b
cases/train10_dynamic_vie/result_b52.vtp	239211	b4c4aba16d45c2f03d97d3d1abc6db8db6f47fc6d67174aa13afa8a15ee4fa3b
cases/train10_dynamic_vie/result_b53.vtp	239146	4742f58d85d1a848cb126c752e30c9eb4349b52b8a50cf7aa01f282eda697a80
cases/train10_dynamic_vie/result_b54.vtp	239081	0031a37bbc0fd906ffe859cb57e2e3b7fc60866b321a4f7eaaea3c14553494d3
cases/train10_dynamic_vie/result_b55.vtp	239024	22450df94ab5d03d514c9989f25534c784d9a7fb0a61b87b103f8d0fdefb275d
cases/train10_dynamic_vie/result_b56.vtp	239017	492f781517c0d870ea31c77bfe7ed7b816cc285a0033b82cfc7f0b1b27b8557e
cases/train10_dynamic_vie/result_b57.vtp	239019	2b7ede209d7851d711ebb3f704c55f028b69711986a2ec01db92e5f6481e3074
cases/train10_dynamic_vie/result_b58.vtp	239100	c44ae0ba44e72fb6f28a0ebaf53f9d06071e103321bbed8a6b7c56c710b3b143
cases/train10_dynamic_vie/result_b59.vtp	239135	017b5a9ee267152b8f43898e8f767deaa812d202ce419c9066e033a01a94c7a7
cases/train10_dynamic_vie/result_b6.vtp	247820	744b435a9232d62ec037e3f18d15cde18af793098bc0010fcd2b90944861b478
cases/train10_dynamic_vie/result_b60.vtp	239009	540002177f30eb967f561c057c2184b1badf26de26765e2635a158ff68eec236
cases/train10_dynamic_vie/result_b61.vtp	238835	2a04162adf2224e939a740d992c1af64fa30a40d4500bbed5e388e8186718ca1
cases/train10_dynamic_vie/result_b62.vtp	238626	47cfce1dca26ab74f18aec5db23f4f5c09bd56666e27549e8073c3c512028316
cases/train10_dynamic_vie/result_b63.vtp	238560	dd3eff6849787f9d30291b9e295fac143835d38daa29276b0d951f9e41312dc0
cases/train10_dynamic_vie/result_b64.vtp	238477	5fe4993f76dfa0dffd423f166cd2508e94f70b5e9f7bf5de62052a9d5ee507e7
cases/train10_dynamic_vie/result_b65.vtp	238366	b192916bffcfad471ce1bc0bedba9239672e96ce5ee9775ce30ede4730a96b27
cases/train10_dynamic_vie/result_b66.vtp	238201	f62311d7b918d87a24de0ed824d454c4bd0cf38e4e8df31e18c37ac34c83fc9f
cases/train10_dynamic_vie/result_b67.vtp	238090	1142d25ce86d7d88f1e65ea94074a1be9c2aec147a3590a5b35ed1d41a33af63
cases/train10_dynamic_vie/result_b68.vtp	237982	92a9041763fd287a78ec5856d3846cabb6d5cd0ece823c0bd015b95907354d15
cases/train10_dynamic_vie/result_b69.vtp	237878	d51825c86f620f25df71e9279725a0e3c6115369ad90610b937a84b10184336e
cases/train10_dynamic_vie/result_b7.vtp	247284	407e9920bda89644b58d9d760d15f8b09824be007d2f84a92178ebe9f2a8468c
cases/train10_dynamic_vie/result_b70.vtp	237866	065d0362471355dc51a2778dab3453e69db8a312c4e601df68dc7785d7f43bc5
cases/train10_dynamic_vie/result_b71.vtp	237872	b3b5ab8194c5407d90ed85e21857c3932a971a327d79bdbe2a00711326754fbb
cases/train10_dynamic_vie/result_b72.vtp	237768	61783f36e2c3b3a989042b7fcd484958fe21c782a864a0b5e794e38332f49b2b
cases/train10_dynamic_vie/result_b73.vtp	237667	878601f7c7636d6454dac6c2a1e4e80fd920fa7e5fa68cb84a5136f44a14a021
cases/train10_dynamic_vie/result_b74.vtp	237764	2814162f100386bd4014fa74e4b48f49ce315bd475fdd6f1420a850a83acff1b
cases/train10_dynamic_vie/result_b75.vtp	237757	588560f9fe0cd46a2c8a47a91ace150d1b412b3a97d4da61cf1aedb38a0e7892
cases/train10_dynamic_vie/result_b76.vtp	237849	01ab74d7522b3467cf077bb1acd79bf3d13638ec7a4820544b082643d6a899e3
cases/train10_dynamic_vie/result_b77.vtp	237795	1a2496c3c9bed93d2e9285a76826a0e26fb90cf0e2ac3d13bf0b4a6d67dfb99e
cases/train10_dynamic_vie/result_b78.vtp	237833	3930a53c5bc0389c81201683a4d96c3b2bd57eb271e5599cc09b63f4fcd17dd7
cases/train10_dynamic_vie/result_b79.vtp	237818	5ed027e7d2ac6f13c9b3c9fe3a0a3f4ebce52e36b57ba42c9c19444aa59373ab
cases/train10_dynamic_vie/result_b8.vtp	246620	f2800ab97671d4208c28e0d32c8c5205cb5919ccf3420bdd0d9d8f22e821b0cc
cases/train10_dynamic_vie/result_b80.vtp	237917	d197e3167f2b804952da2650f83c1aceca9964bf4f79c42653bbb3004640e848
cases/train10_dynamic_vie/result_b81.vtp	237929	becf9d4ecb8fcfee62c53e17c3a49fd2ae621afa72eaee8b0cd8c705865c1585
cases/train10_dynamic_vie/result_b82.vtp	237950	1b5bc238a99bedc3fd4b5ef4c84de61b8ecf117fe88d839d53d96d60f2195a49
cases/train10_dynamic_vie/result_b83.vtp	237887	66e08602ea07d7502f425678478c7f3262930164e7eb46dfb185960606733b87
cases/train10_dynamic_vie/result_b84.vtp	237895	3af79cbd7ebf408364287052e96dbdd0b229a2af003e9d85704a8598e6681719
cases/train10_dynamic_vie/result_b85.vtp	237956	0bdfaf602a9db939cf3713f7c82bfb1e6d32fbcf7d90b8522fc5e77ffaf4da6c
cases/train10_dynamic_vie/result_b86.vtp	237968	3b03b9c6defc6e61c8c95dbff051cedca74e863e8326f09f6648186fbcde62d8
cases/train10_dynamic_vie/result_b87.vtp	238070	f1c899786faf68a703f59088acb079b9b9563ac224f9f292af166241c72b3525
cases/train10_dynamic_vie/result_b88.vtp	238121	667e150db8ccac6e477bff0a3ea8c6c9fa88035b23e79e338beb9e47a13766f6
cases/train10_dynamic_vie/result_b89.vtp	238349	fc34d9ad03a347db2039aabac16b1cb91b7f03a778537423fa471deeb48070ee
cases/train10_dynamic_vie/result_b9.vtp	245836	4e5c5e2d0e169b14359cc566a1932fec73701be222330451ea396d57a4f25533
cases/train10_dynamic_vie/result_b90.vtp	238418	458ecac962e42313426d266ca59cccce267a128b82081685ab8a0144bc4bc170
cases/train10_dynamic_vie/result_b91.vtp	238562	64f9ec9caed3b12ad090a3f212070a8f74e25a2dcac272d0cd1d989d060f43dc
cases/train10_dynamic_vie/result_b92.vtp	238626	2c410f56c6e73ab1b6cf7f7df4a922c4eb109ceacec5e8310804a3cf05c7fe38
cases/train10_dynamic_vie/result_b93.vtp	238885	829073065b2a165dd1a2b84fc6a196f7c7506e7b957164711e19e7762d660725
cases/train10_dynamic_vie/result_b94.vtp	239057	c8fb9233f33ecf2f1b8e65415a0bb7266e8cf79dd4f473856123987b81c722d3
cases/train10_dynamic_vie/result_b95.vtp	239423	46b6a870832c553a7e85bef7e2e3333c542c7804c451e4852d632946e1d056e4
cases/train10_dynamic_vie/result_b96.vtp	239776	d1b3c1d6bd653224f2ac8a1ea2daed6cd1fa9f6f96c50e223174d5a20ea50cf9
cases/train10_dynamic_vie/result_b97.vtp	240484	142cf73cbeb30c7bce125f531f9193f411a370d6cdf8b320d1fdb1fc0c551a4a
cases/train10_dynamic_vie/result_b98.vtp	240981	e16cbf4d4dfa8f7f01f6186b0bf18e76003909f334454567648ba0b4d4470843
cases/train10_dynamic_vie/result_b99.vtp	241759	e931583e7bb89b2bb294b30e2b00d351014fd9a06beca9fcb4a5cba886867211
cases/train11_staged_foundation/1.ctt	0	e3b0c44298fc1c149afbf4c8996fb92427ae41e4649b934ca495991b7852b855
cases/train11_staged_foundation/1.fai	0	e3b0c44298fc1c149afbf4c8996fb92427ae41e4649b934ca495991b7852b855
cases/train11_staged_foundation/1.flavia.msh	329200	f6cc72aeb69d80898b35aeebc0c3b0ccdb19935ec471b335213b76a86eb63a4c
cases/train11_staged_foundation/1.flavia.res	783232	def22297fa0f3993f24e065545e373810fd56b352fce50d701ad9afcf26d33b6
cases/train11_staged_foundation/1.ftf	1676	86ec22a65f559900dc3e3fbe3f776b4211680fe5986bc9019a2629b4695a2c0e
cases/train11_staged_foundation/1.gpv	0	e3b0c44298fc1c149afbf4c8996fb92427ae41e4649b934ca495991b7852b855
cases/train11_staged_foundation/1.ini	0	e3b0c44298fc1c149afbf4c8996fb92427ae41e4649b934ca495991b7852b855
cases/train11_staged_foundation/1.inw	0	e3b0c44298fc1c149afbf4c8996fb92427ae41e4649b934ca495991b7852b855
cases/train11_staged_foundation/1.res	366048	10a6994647071647b0b30c0285d2a3043d426742ef356e6671084172d8b175c2
cases/train11_staged_foundation/1.resb	0	e3b0c44298fc1c149afbf4c8996fb92427ae41e4649b934ca495991b7852b855
cases/train11_staged_foundation/1.rtt	995172	10bea3a74671d7f41cab6755a670c282b803d71e04f4faa22014878221e652ab
cases/train11_staged_foundation/result_b1.vtp	216156	5a6d54df19172ff1bac9b36437509e3a300a979287fdbca5ef6a041e780894e2
cases/train11_staged_foundation/result_b2.vtp	223236	a65ffc026dce64f2e8f8332187d16436a1bc271c8f25b23ad09b021c7b586943
cases/train12_seepage_steady/1.ctt	0	e3b0c44298fc1c149afbf4c8996fb92427ae41e4649b934ca495991b7852b855
cases/train12_seepage_steady/1.fai	0	e3b0c44298fc1c149afbf4c8996fb92427ae41e4649b934ca495991b7852b855
cases/train12_seepage_steady/1.flavia.msh	238292	92bf5c6144d5c8d1c2c59bddd6f20b7be371f18ba4c1e1024c6bec92f1a0aa0c
cases/train12_seepage_steady/1.flavia.res	167958	e0bef281697b24c3ebd6af78ae9ef1a83a7a2121aa4f17d77d89b96dc123dbff
cases/train12_seepage_steady/1.ftf	1424	f32340f7b8fe33287264d9ad8ec9c188ed12fe4316db4114fca8a796295d31c6
cases/train12_seepage_steady/1.gpv	64	92a35edfb25e39153ac11118f144afe06d38c7fff117a97e753f221a9ccff229
cases/train12_seepage_steady/1.ini	0	e3b0c44298fc1c149afbf4c8996fb92427ae41e4649b934ca495991b7852b855
cases/train12_seepage_steady/1.inw	0	e3b0c44298fc1c149afbf4c8996fb92427ae41e4649b934ca495991b7852b855
cases/train12_seepage_steady/1.res	20344	650ccbb046c07746ea43afb0e4126350d24f1f6fbcd2e11298081f7f8b7b19e4
cases/train12_seepage_steady/1.resb	0	e3b0c44298fc1c149afbf4c8996fb92427ae41e4649b934ca495991b7852b855
cases/train12_seepage_steady/1.rtt	40764	60ab763bf6373d8b535028fbe4e4a77f60a82c97318720f4e43c2387687d3aba
cases/train12_seepage_steady/_stale_jfixvar0_20260830/1.flavia.res	167958	65913f5ede05ed79cf6eb479635c253221ff67e2a715d24423ff5e3ac683ede3
cases/train12_seepage_steady/_stale_wrongBC_20260807/1.flavia.res	86523	4c1101a5075802b3f0a0ee4cef2f126cf6a1c9ce8153b8ff87050126f1bed5db
cases/train12_seepage_steady/result_b1.vtp	165776	e18adfcb070bcddf8b5f45e52dc3c4231a7b88208efb25ebc18b1a3addf503eb
cases/train_contact_nonlinear/1.ctt	0	e3b0c44298fc1c149afbf4c8996fb92427ae41e4649b934ca495991b7852b855
cases/train_contact_nonlinear/1.fai	0	e3b0c44298fc1c149afbf4c8996fb92427ae41e4649b934ca495991b7852b855
cases/train_contact_nonlinear/1.flavia.msh	329200	f6cc72aeb69d80898b35aeebc0c3b0ccdb19935ec471b335213b76a86eb63a4c
cases/train_contact_nonlinear/1.flavia.res	640892	e94b87a3d0b793cafda255de4fa7792fee193a1a59a757cf25b4ce835166157b
cases/train_contact_nonlinear/1.ftf	1676	86ec22a65f559900dc3e3fbe3f776b4211680fe5986bc9019a2629b4695a2c0e
cases/train_contact_nonlinear/1.gpv	0	e3b0c44298fc1c149afbf4c8996fb92427ae41e4649b934ca495991b7852b855
cases/train_contact_nonlinear/1.ini	0	e3b0c44298fc1c149afbf4c8996fb92427ae41e4649b934ca495991b7852b855
cases/train_contact_nonlinear/1.inw	0	e3b0c44298fc1c149afbf4c8996fb92427ae41e4649b934ca495991b7852b855
cases/train_contact_nonlinear/1.res	366080	bd4cd0b17ab6a2136eac964dacc54e2949cf828dc6f108f543f92717588055a9
cases/train_contact_nonlinear/1.resb	0	e3b0c44298fc1c149afbf4c8996fb92427ae41e4649b934ca495991b7852b855
cases/train_contact_nonlinear/1.rtt	993876	c1bc72badb7543831f1b0649c4aaa6a3be4548495e0f5d2e07f1ab46b52ba485
cases/train_seepage/1.ctt	0	e3b0c44298fc1c149afbf4c8996fb92427ae41e4649b934ca495991b7852b855
cases/train_seepage/1.fai	0	e3b0c44298fc1c149afbf4c8996fb92427ae41e4649b934ca495991b7852b855
cases/train_seepage/1.flavia.msh	329320	8df81c8e67fa1e522a4899a54982ec771c511e97e77649f5fb3932d4a82573f6
cases/train_seepage/1.flavia.res	73808	e579b9e68ccf45483690d68bf5ffcbe25a2ee645aff6b05951a8b8efc5abf8fa
cases/train_seepage/1.ftf	1424	f32340f7b8fe33287264d9ad8ec9c188ed12fe4316db4114fca8a796295d31c6
cases/train_seepage/1.gpv	0	e3b0c44298fc1c149afbf4c8996fb92427ae41e4649b934ca495991b7852b855
cases/train_seepage/1.ini	0	e3b0c44298fc1c149afbf4c8996fb92427ae41e4649b934ca495991b7852b855
cases/train_seepage/1.inw	0	e3b0c44298fc1c149afbf4c8996fb92427ae41e4649b934ca495991b7852b855
cases/train_seepage/1.res	0	e3b0c44298fc1c149afbf4c8996fb92427ae41e4649b934ca495991b7852b855
cases/train_seepage/1.resb	0	e3b0c44298fc1c149afbf4c8996fb92427ae41e4649b934ca495991b7852b855
cases/train_seepage/1.rtt	40828	283f2f5b20fea669d09040212ce274e4574bc12a33b1db3e7d6d2c309c67b60a
cases/train_seepage_stress/1.ctt	0	e3b0c44298fc1c149afbf4c8996fb92427ae41e4649b934ca495991b7852b855
cases/train_seepage_stress/1.fai	0	e3b0c44298fc1c149afbf4c8996fb92427ae41e4649b934ca495991b7852b855
cases/train_seepage_stress/1.flavia.msh	329320	8df81c8e67fa1e522a4899a54982ec771c511e97e77649f5fb3932d4a82573f6
cases/train_seepage_stress/1.flavia.res	1256956	5bebe5b3fcafa85c5154a7e36173472ce7a4d35e75715ca09d83ecc429500473
cases/train_seepage_stress/1.ftf	1424	f32340f7b8fe33287264d9ad8ec9c188ed12fe4316db4114fca8a796295d31c6
cases/train_seepage_stress/1.gpv	0	e3b0c44298fc1c149afbf4c8996fb92427ae41e4649b934ca495991b7852b855
cases/train_seepage_stress/1.ini	0	e3b0c44298fc1c149afbf4c8996fb92427ae41e4649b934ca495991b7852b855
cases/train_seepage_stress/1.inw	0	e3b0c44298fc1c149afbf4c8996fb92427ae41e4649b934ca495991b7852b855
cases/train_seepage_stress/1.res	0	e3b0c44298fc1c149afbf4c8996fb92427ae41e4649b934ca495991b7852b855
cases/train_seepage_stress/1.resb	0	e3b0c44298fc1c149afbf4c8996fb92427ae41e4649b934ca495991b7852b855
cases/train_seepage_stress/1.rtt	1020500	2faf1c4d70c9c70e28a97d14638b2070d3a71f1ecc83f7e628aacd046444edb0
cases/train_temp_creep/1.ctt	0	e3b0c44298fc1c149afbf4c8996fb92427ae41e4649b934ca495991b7852b855
cases/train_temp_creep/1.fai	0	e3b0c44298fc1c149afbf4c8996fb92427ae41e4649b934ca495991b7852b855
cases/train_temp_creep/1.flavia.res	974147	07cab272ffa8e84036ee0fbe2f78dacf09191a8b36e04d16fe03ede3f1f0f7ee
cases/train_temp_creep/1.ftf	0	e3b0c44298fc1c149afbf4c8996fb92427ae41e4649b934ca495991b7852b855
cases/train_temp_creep/1.gpv	0	e3b0c44298fc1c149afbf4c8996fb92427ae41e4649b934ca495991b7852b855
cases/train_temp_creep/1.ini	0	e3b0c44298fc1c149afbf4c8996fb92427ae41e4649b934ca495991b7852b855
cases/train_temp_creep/1.inw	0	e3b0c44298fc1c149afbf4c8996fb92427ae41e4649b934ca495991b7852b855
cases/train_temp_creep/1.res	0	e3b0c44298fc1c149afbf4c8996fb92427ae41e4649b934ca495991b7852b855
cases/train_temp_creep/1.resb	0	e3b0c44298fc1c149afbf4c8996fb92427ae41e4649b934ca495991b7852b855
cases/train_temp_creep/1.rtt	90120	d86e5a3995c36f97174161fd96fb84e92f2d62c055e7a1151301c347de99eaef
cases/train_vie_boundary/1.ctt	0	e3b0c44298fc1c149afbf4c8996fb92427ae41e4649b934ca495991b7852b855
cases/train_vie_boundary/1.fai	85120	af0e2a2b1bf274438a106e04fe17a92c2831eb1675ce62035d387fe74d7a1835
cases/train_vie_boundary/1.flavia.msh	329320	8df81c8e67fa1e522a4899a54982ec771c511e97e77649f5fb3932d4a82573f6
cases/train_vie_boundary/1.flavia.res	138667500	3ea010c32e62a9de506c338cd202c8a851cdf36f81c4ba86dcd62af7cd430dea
cases/train_vie_boundary/1.ftf	356000	9be3a7c0d3c759921350f84de95171a3dbda03f8c4f8225635b11795d6de7bdd
cases/train_vie_boundary/1.gpv	0	e3b0c44298fc1c149afbf4c8996fb92427ae41e4649b934ca495991b7852b855
cases/train_vie_boundary/1.ini	0	e3b0c44298fc1c149afbf4c8996fb92427ae41e4649b934ca495991b7852b855
cases/train_vie_boundary/1.inw	0	e3b0c44298fc1c149afbf4c8996fb92427ae41e4649b934ca495991b7852b855
cases/train_vie_boundary/1.res	55952000	ee88f49b8a189a2682dc7e926697c631cf1990ecd1cfa104cb736a7d21dc83a5
cases/train_vie_boundary/1.resb	0	e3b0c44298fc1c149afbf4c8996fb92427ae41e4649b934ca495991b7852b855
cases/train_vie_boundary/1.rtt	1076588	245b90c53fd839cd655a4cf1506fb56c6dfd4221910c7c7cada5222741e4e683
cases/tunnel/1.ctt	0	e3b0c44298fc1c149afbf4c8996fb92427ae41e4649b934ca495991b7852b855
cases/tunnel/1.fai	0	e3b0c44298fc1c149afbf4c8996fb92427ae41e4649b934ca495991b7852b855
cases/tunnel/1.flavia.msh	83216	76c6c29f72544eb0c27a82abf7158e5888bc61f486cf72f20cc4b464774bf696
cases/tunnel/1.flavia.res	2472420	a5ace4e6ab7c1f1283465c15eb8796c16be3cc92a92f941ac8060b490754e6f0
cases/tunnel/1.ftf	0	e3b0c44298fc1c149afbf4c8996fb92427ae41e4649b934ca495991b7852b855
cases/tunnel/1.gpv	3321945	34425c6891cccf8833913f7bb96256538673790ef9e7e61cfd723fe82bac0ce5
cases/tunnel/1.ini	0	e3b0c44298fc1c149afbf4c8996fb92427ae41e4649b934ca495991b7852b855
cases/tunnel/1.inw	0	e3b0c44298fc1c149afbf4c8996fb92427ae41e4649b934ca495991b7852b855
cases/tunnel/1.res	0	e3b0c44298fc1c149afbf4c8996fb92427ae41e4649b934ca495991b7852b855
cases/tunnel/1.resb	0	e3b0c44298fc1c149afbf4c8996fb92427ae41e4649b934ca495991b7852b855
cases/tunnel/1.rtt	221132	b5405b6f8d0c64cb4ab2f0fe2e341231cbf86210a85883047bc2e16e500eda3a
cases/tunnel/bc_overlay.vtp	1914	382b6a0bd7ef9fb6ca8e31a883f0656ae67cd2708b44e0b63576693bdfcf3525
cases/tunnel_lining/1.ctt	0	e3b0c44298fc1c149afbf4c8996fb92427ae41e4649b934ca495991b7852b855
cases/tunnel_lining/1.fai	0	e3b0c44298fc1c149afbf4c8996fb92427ae41e4649b934ca495991b7852b855
cases/tunnel_lining/1.flavia.msh	81192	fc593aec2bacb46793da2755653baefe874d6f883f2d976558b1f9915c48aab2
cases/tunnel_lining/1.flavia.res	157084	96fb1a152c41611d5254eb0d68943bf1d771de735a358152645a37fbdda66249
cases/tunnel_lining/1.ftf	39671	56523a33ab2ba16dd7a0dd333d8d40973788fad417c2780ccd4eb436cc78fd6a
cases/tunnel_lining/1.gpv	255807	ea457d99734002fb458461261351cbfe8a6a89bcf0c3609ced98c7d573bad9ff
cases/tunnel_lining/1.ini	0	e3b0c44298fc1c149afbf4c8996fb92427ae41e4649b934ca495991b7852b855
cases/tunnel_lining/1.inw	0	e3b0c44298fc1c149afbf4c8996fb92427ae41e4649b934ca495991b7852b855
cases/tunnel_lining/1.res	0	e3b0c44298fc1c149afbf4c8996fb92427ae41e4649b934ca495991b7852b855
cases/tunnel_lining/1.resb	72372	764719ee4e5462eb84127c3293dab9c8b2660fa6dc63223d0979f8563a95ab09
cases/tunnel_lining/1.rtt	237388	f22ff02d86748425cc08325bda15027a57ba7f05d1222d6e2da2927ffa51ccc9
cases/tunnel_sl/1.ctt	0	e3b0c44298fc1c149afbf4c8996fb92427ae41e4649b934ca495991b7852b855
cases/tunnel_sl/1.fai	0	e3b0c44298fc1c149afbf4c8996fb92427ae41e4649b934ca495991b7852b855
cases/tunnel_sl/1.flavia.msh	465560	1fb2a416bc4cce87762222ca6dcfc47e6c54dc7243e029f04b04ef58161ac595
cases/tunnel_sl/1.flavia.res	43742800	86c8a90a977a74b80cf57c7bc980e423c066cdabd44502f6af465560705340cf
cases/tunnel_sl/1.ftf	0	e3b0c44298fc1c149afbf4c8996fb92427ae41e4649b934ca495991b7852b855
cases/tunnel_sl/1.gpv	74733150	e624677c9e47c394391615c70eb7323356c7d14d6da2a78c8e0b9116e2ad1091
cases/tunnel_sl/1.ini	0	e3b0c44298fc1c149afbf4c8996fb92427ae41e4649b934ca495991b7852b855
cases/tunnel_sl/1.inw	0	e3b0c44298fc1c149afbf4c8996fb92427ae41e4649b934ca495991b7852b855
cases/tunnel_sl/1.res	0	e3b0c44298fc1c149afbf4c8996fb92427ae41e4649b934ca495991b7852b855
cases/tunnel_sl/1.resb	0	e3b0c44298fc1c149afbf4c8996fb92427ae41e4649b934ca495991b7852b855
cases/tunnel_sl/1.rtt	1385964	120264b52ca177cfd120e500ed3f61bcab4c08db8051585defc325a727d7c6c9
cases/vie/1.ctt	0	e3b0c44298fc1c149afbf4c8996fb92427ae41e4649b934ca495991b7852b855
cases/vie/1.fai	295680	12ed9ee019899b8188d6855887c6a7405a109d135c6116025920164f4eee632c
cases/vie/1.flavia.msh	58120	7f23b2e235c2e223c952d631860492bf9cbbd82cb5b2692e3e43166b64dd51c8
cases/vie/1.flavia.res	248691000	b45acfa6600a6463d4b5b17df8da11165bc6857d5dbb664ae68d59b8e964a0a5
cases/vie/1.ftf	2107500	c0b8fbae03519256fb462ccb8c1fe908c2c519a36d653a2586fde15ac5392601
cases/vie/1.gpv	96000	cee4443763f28a810f6f0b6c51e9c532fcae762158133f594fba7964c05a68db
cases/vie/1.ini	262603	e5171dadf8a0202f58e03155c141bf5e59c389455d208730cded65503053e365
cases/vie/1.inw	0	e3b0c44298fc1c149afbf4c8996fb92427ae41e4649b934ca495991b7852b855
cases/vie/1.lqu	0	e3b0c44298fc1c149afbf4c8996fb92427ae41e4649b934ca495991b7852b855
cases/vie/1.res	0	e3b0c44298fc1c149afbf4c8996fb92427ae41e4649b934ca495991b7852b855
cases/vie/1.resb	72372	764719ee4e5462eb84127c3293dab9c8b2660fa6dc63223d0979f8563a95ab09
cases/vie/1.rtt	250716	c615aca405f8f7eb10c15bebe7764275571d6fe77ca2eb788d09b751bbaf294b
cases/xfj_a1_convergence_debug/1.ctt	0	e3b0c44298fc1c149afbf4c8996fb92427ae41e4649b934ca495991b7852b855
cases/xfj_a1_convergence_debug/1.fai	0	e3b0c44298fc1c149afbf4c8996fb92427ae41e4649b934ca495991b7852b855
cases/xfj_a1_convergence_debug/1.flavia.msh	0	e3b0c44298fc1c149afbf4c8996fb92427ae41e4649b934ca495991b7852b855
cases/xfj_a1_convergence_debug/1.ftf	0	e3b0c44298fc1c149afbf4c8996fb92427ae41e4649b934ca495991b7852b855
cases/xfj_a1_convergence_debug/1.gpv	0	e3b0c44298fc1c149afbf4c8996fb92427ae41e4649b934ca495991b7852b855
cases/xfj_a1_convergence_debug/1.ini	0	e3b0c44298fc1c149afbf4c8996fb92427ae41e4649b934ca495991b7852b855
cases/xfj_a3_robustness_init1/1.ctt	0	e3b0c44298fc1c149afbf4c8996fb92427ae41e4649b934ca495991b7852b855
cases/xfj_a3_robustness_init1/1.fai	0	e3b0c44298fc1c149afbf4c8996fb92427ae41e4649b934ca495991b7852b855
cases/xfj_a3_robustness_init1/1.flavia.msh	0	e3b0c44298fc1c149afbf4c8996fb92427ae41e4649b934ca495991b7852b855
cases/xfj_a3_robustness_init1/1.ftf	0	e3b0c44298fc1c149afbf4c8996fb92427ae41e4649b934ca495991b7852b855
cases/xfj_a3_robustness_init1/1.gpv	0	e3b0c44298fc1c149afbf4c8996fb92427ae41e4649b934ca495991b7852b855
cases/xfj_a3_robustness_init1/1.ini	0	e3b0c44298fc1c149afbf4c8996fb92427ae41e4649b934ca495991b7852b855
cases/xfj_inverse_e_dam_t/1.ctt	0	e3b0c44298fc1c149afbf4c8996fb92427ae41e4649b934ca495991b7852b855
cases/xfj_inverse_e_dam_t/1.fai	0	e3b0c44298fc1c149afbf4c8996fb92427ae41e4649b934ca495991b7852b855
cases/xfj_inverse_e_dam_t/1.flavia.msh	5396745	3468b0060e20648c923c04a23d1a9714baf67c3d9ae31e88f9e6462fda2b9040
cases/xfj_inverse_e_dam_t/1.ftf	0	e3b0c44298fc1c149afbf4c8996fb92427ae41e4649b934ca495991b7852b855
cases/xfj_inverse_e_dam_t/1.gpv	0	e3b0c44298fc1c149afbf4c8996fb92427ae41e4649b934ca495991b7852b855
cases/xfj_inverse_e_dam_t/1.ini	0	e3b0c44298fc1c149afbf4c8996fb92427ae41e4649b934ca495991b7852b855
cases/xfj_inverse_e_dam_w/1.ctt	0	e3b0c44298fc1c149afbf4c8996fb92427ae41e4649b934ca495991b7852b855
cases/xfj_inverse_e_dam_w/1.fai	0	e3b0c44298fc1c149afbf4c8996fb92427ae41e4649b934ca495991b7852b855
cases/xfj_inverse_e_dam_w/1.flavia.msh	5396745	3468b0060e20648c923c04a23d1a9714baf67c3d9ae31e88f9e6462fda2b9040
cases/xfj_inverse_e_dam_w/1.ftf	0	e3b0c44298fc1c149afbf4c8996fb92427ae41e4649b934ca495991b7852b855
cases/xfj_inverse_e_dam_w/1.gpv	0	e3b0c44298fc1c149afbf4c8996fb92427ae41e4649b934ca495991b7852b855
cases/xfj_inverse_e_dam_w/1.ini	0	e3b0c44298fc1c149afbf4c8996fb92427ae41e4649b934ca495991b7852b855
cases/xfj_inverse_e_dam_w_fd/1.ctt	0	e3b0c44298fc1c149afbf4c8996fb92427ae41e4649b934ca495991b7852b855
cases/xfj_inverse_e_dam_w_fd/1.fai	0	e3b0c44298fc1c149afbf4c8996fb92427ae41e4649b934ca495991b7852b855
cases/xfj_inverse_e_dam_w_fd/1.flavia.msh	5396745	3468b0060e20648c923c04a23d1a9714baf67c3d9ae31e88f9e6462fda2b9040
cases/xfj_inverse_e_dam_w_fd/1.ftf	0	e3b0c44298fc1c149afbf4c8996fb92427ae41e4649b934ca495991b7852b855
cases/xfj_inverse_e_dam_w_fd/1.gpv	0	e3b0c44298fc1c149afbf4c8996fb92427ae41e4649b934ca495991b7852b855
cases/xfj_inverse_e_dam_w_fd/1.ini	0	e3b0c44298fc1c149afbf4c8996fb92427ae41e4649b934ca495991b7852b855
cases/xfj_inverse_e_dam_wt/1.ctt	0	e3b0c44298fc1c149afbf4c8996fb92427ae41e4649b934ca495991b7852b855
cases/xfj_inverse_e_dam_wt/1.fai	0	e3b0c44298fc1c149afbf4c8996fb92427ae41e4649b934ca495991b7852b855
cases/xfj_inverse_e_dam_wt/1.flavia.msh	5396745	3468b0060e20648c923c04a23d1a9714baf67c3d9ae31e88f9e6462fda2b9040
cases/xfj_inverse_e_dam_wt/1.ftf	0	e3b0c44298fc1c149afbf4c8996fb92427ae41e4649b934ca495991b7852b855
cases/xfj_inverse_e_dam_wt/1.gpv	0	e3b0c44298fc1c149afbf4c8996fb92427ae41e4649b934ca495991b7852b855
cases/xfj_inverse_e_dam_wt/1.ini	0	e3b0c44298fc1c149afbf4c8996fb92427ae41e4649b934ca495991b7852b855
cases/xfj_inverse_e_dam_wt/1.inw	25220432	1c4ea23e3646cd8bef08b63e82b86b0235541485affef265943e286667f0d5c6
cases/xfj_inverse_e_dam_wt/1.res	0	e3b0c44298fc1c149afbf4c8996fb92427ae41e4649b934ca495991b7852b855
cases/xfj_inverse_e_dam_wt/1.resb	72372	764719ee4e5462eb84127c3293dab9c8b2660fa6dc63223d0979f8563a95ab09
cases/xfj_inverse_e_dam_wt/1.rtt	30427324	41336221d9b68765664bb4125c8e1bac6587032db71cbf4683d4905f8897839d
cases/xfj_inverse_hc_gf/1.ctt	0	e3b0c44298fc1c149afbf4c8996fb92427ae41e4649b934ca495991b7852b855
cases/xfj_inverse_hc_gf/1.fai	0	e3b0c44298fc1c149afbf4c8996fb92427ae41e4649b934ca495991b7852b855
cases/xfj_inverse_hc_gf/1.flavia.msh	5396745	3468b0060e20648c923c04a23d1a9714baf67c3d9ae31e88f9e6462fda2b9040
cases/xfj_inverse_hc_gf/1.ftf	0	e3b0c44298fc1c149afbf4c8996fb92427ae41e4649b934ca495991b7852b855
cases/xfj_inverse_hc_gf/1.gpv	0	e3b0c44298fc1c149afbf4c8996fb92427ae41e4649b934ca495991b7852b855
cases/xfj_inverse_hc_gf/1.ini	0	e3b0c44298fc1c149afbf4c8996fb92427ae41e4649b934ca495991b7852b855
cases/xfj_inverse_mat/1.ctt	0	e3b0c44298fc1c149afbf4c8996fb92427ae41e4649b934ca495991b7852b855
cases/xfj_inverse_mat/1.fai	0	e3b0c44298fc1c149afbf4c8996fb92427ae41e4649b934ca495991b7852b855
cases/xfj_inverse_mat/1.flavia.msh	5396745	3468b0060e20648c923c04a23d1a9714baf67c3d9ae31e88f9e6462fda2b9040
cases/xfj_inverse_mat/1.ftf	0	e3b0c44298fc1c149afbf4c8996fb92427ae41e4649b934ca495991b7852b855
cases/xfj_inverse_mat/1.gpv	0	e3b0c44298fc1c149afbf4c8996fb92427ae41e4649b934ca495991b7852b855
cases/xfj_inverse_mat/1.ini	0	e3b0c44298fc1c149afbf4c8996fb92427ae41e4649b934ca495991b7852b855
cases/xfj_inverse_mat/1.inw	25220432	1c4ea23e3646cd8bef08b63e82b86b0235541485affef265943e286667f0d5c6
cases/xfj_inverse_mat/1.res	5087664	c7f9f012469a98ec5a09bc23bbed368d4ace1a600cbc0ec6227bd2537cbf2ab8
cases/xfj_inverse_mat/1.resb	72372	764719ee4e5462eb84127c3293dab9c8b2660fa6dc63223d0979f8563a95ab09
cases/xfj_inverse_mat/1.rtt	30427324	c494efd9b898814a53a237e34d352be68f518738f6e401b0bf3de0fcda8351ac
cases/xfj_inverse_mat1/1.ctt	0	e3b0c44298fc1c149afbf4c8996fb92427ae41e4649b934ca495991b7852b855
cases/xfj_inverse_mat1/1.fai	0	e3b0c44298fc1c149afbf4c8996fb92427ae41e4649b934ca495991b7852b855
cases/xfj_inverse_mat1/1.flavia.msh	5396745	3468b0060e20648c923c04a23d1a9714baf67c3d9ae31e88f9e6462fda2b9040
cases/xfj_inverse_mat1/1.ftf	0	e3b0c44298fc1c149afbf4c8996fb92427ae41e4649b934ca495991b7852b855
cases/xfj_inverse_mat1/1.gpv	0	e3b0c44298fc1c149afbf4c8996fb92427ae41e4649b934ca495991b7852b855
cases/xfj_inverse_mat1/1.ini	0	e3b0c44298fc1c149afbf4c8996fb92427ae41e4649b934ca495991b7852b855
cases/xfj_inverse_mat2/1.ctt	0	e3b0c44298fc1c149afbf4c8996fb92427ae41e4649b934ca495991b7852b855
cases/xfj_inverse_mat2/1.fai	0	e3b0c44298fc1c149afbf4c8996fb92427ae41e4649b934ca495991b7852b855
cases/xfj_inverse_mat2/1.flavia.msh	5396745	3468b0060e20648c923c04a23d1a9714baf67c3d9ae31e88f9e6462fda2b9040
cases/xfj_inverse_mat2/1.ftf	0	e3b0c44298fc1c149afbf4c8996fb92427ae41e4649b934ca495991b7852b855
cases/xfj_inverse_mat2/1.gpv	0	e3b0c44298fc1c149afbf4c8996fb92427ae41e4649b934ca495991b7852b855
cases/xfj_inverse_mat2/1.ini	0	e3b0c44298fc1c149afbf4c8996fb92427ae41e4649b934ca495991b7852b855
cases/xfj_inverse_mat3/1.ctt	0	e3b0c44298fc1c149afbf4c8996fb92427ae41e4649b934ca495991b7852b855
cases/xfj_inverse_mat3/1.fai	0	e3b0c44298fc1c149afbf4c8996fb92427ae41e4649b934ca495991b7852b855
cases/xfj_inverse_mat3/1.flavia.msh	5396745	3468b0060e20648c923c04a23d1a9714baf67c3d9ae31e88f9e6462fda2b9040
cases/xfj_inverse_mat3/1.ftf	0	e3b0c44298fc1c149afbf4c8996fb92427ae41e4649b934ca495991b7852b855
cases/xfj_inverse_mat3/1.gpv	0	e3b0c44298fc1c149afbf4c8996fb92427ae41e4649b934ca495991b7852b855
cases/xfj_inverse_mat3/1.ini	0	e3b0c44298fc1c149afbf4c8996fb92427ae41e4649b934ca495991b7852b855
cases/xfj_r2a_water/1.ctt	0	e3b0c44298fc1c149afbf4c8996fb92427ae41e4649b934ca495991b7852b855
cases/xfj_r2a_water/1.fai	0	e3b0c44298fc1c149afbf4c8996fb92427ae41e4649b934ca495991b7852b855
cases/xfj_r2a_water/1.flavia.msh	5396745	3468b0060e20648c923c04a23d1a9714baf67c3d9ae31e88f9e6462fda2b9040
cases/xfj_r2a_water/1.ftf	0	e3b0c44298fc1c149afbf4c8996fb92427ae41e4649b934ca495991b7852b855
cases/xfj_r2a_water/1.gpv	0	e3b0c44298fc1c149afbf4c8996fb92427ae41e4649b934ca495991b7852b855
cases/xfj_r2a_water/1.ini	0	e3b0c44298fc1c149afbf4c8996fb92427ae41e4649b934ca495991b7852b855
cases/xfj_r2a_water/1.res	0	e3b0c44298fc1c149afbf4c8996fb92427ae41e4649b934ca495991b7852b855
cases/xfj_r2b_temp/1.ctt	0	e3b0c44298fc1c149afbf4c8996fb92427ae41e4649b934ca495991b7852b855
cases/xfj_r2b_temp/1.fai	0	e3b0c44298fc1c149afbf4c8996fb92427ae41e4649b934ca495991b7852b855
cases/xfj_r2b_temp/1.flavia.msh	5396745	3468b0060e20648c923c04a23d1a9714baf67c3d9ae31e88f9e6462fda2b9040
cases/xfj_r2b_temp/1.ftf	0	e3b0c44298fc1c149afbf4c8996fb92427ae41e4649b934ca495991b7852b855
cases/xfj_r2b_temp/1.gpv	0	e3b0c44298fc1c149afbf4c8996fb92427ae41e4649b934ca495991b7852b855
cases/xfj_r2b_temp/1.ini	0	e3b0c44298fc1c149afbf4c8996fb92427ae41e4649b934ca495991b7852b855
cases/xfj_r2b_temp/1.res	0	e3b0c44298fc1c149afbf4c8996fb92427ae41e4649b934ca495991b7852b855
cases/xfj_seepage_transient/1.ctt	0	e3b0c44298fc1c149afbf4c8996fb92427ae41e4649b934ca495991b7852b855
cases/xfj_seepage_transient/1.fai	0	e3b0c44298fc1c149afbf4c8996fb92427ae41e4649b934ca495991b7852b855
cases/xfj_seepage_transient/1.flavia.msh	5396745	b474cd0a34a7a28b9f01d1480869a683f78b86e4c79397e7a8019a3182efb1a9
cases/xfj_seepage_transient/1.ftf	0	e3b0c44298fc1c149afbf4c8996fb92427ae41e4649b934ca495991b7852b855
cases/xfj_seepage_transient/1.ini	0	e3b0c44298fc1c149afbf4c8996fb92427ae41e4649b934ca495991b7852b855
cases/xfj_static/1.ctt	0	e3b0c44298fc1c149afbf4c8996fb92427ae41e4649b934ca495991b7852b855
cases/xfj_static/1.fai	0	e3b0c44298fc1c149afbf4c8996fb92427ae41e4649b934ca495991b7852b855
cases/xfj_static/1.flavia.msh	5396745	3468b0060e20648c923c04a23d1a9714baf67c3d9ae31e88f9e6462fda2b9040
cases/xfj_static/1.ftf	0	e3b0c44298fc1c149afbf4c8996fb92427ae41e4649b934ca495991b7852b855
cases/xfj_static/1.gpv	49097568	a35d59380fa1194ff039669324dcb9661f29fa2bd18fbb5456bf6bd34bbf30f2
cases/xfj_static/1.ini	0	e3b0c44298fc1c149afbf4c8996fb92427ae41e4649b934ca495991b7852b855
cases/xfj_static/1.inw	25220432	eab939a086ecc2bd55be0f580cd8ad1526abb8d655bb4e810a4dea4815370d80
cases/xfj_static/1.res	5087664	c7f9f012469a98ec5a09bc23bbed368d4ace1a600cbc0ec6227bd2537cbf2ab8
cases/xfj_static/1.resb	72372	764719ee4e5462eb84127c3293dab9c8b2660fa6dc63223d0979f8563a95ab09
cases/xfj_static/1.rtt	29862036	e655111fd67efe508021859f49cde238a86af46dd85c2d30383bc3a55da0b852
cases/xfj_thermal_transient/1.ctt	0	e3b0c44298fc1c149afbf4c8996fb92427ae41e4649b934ca495991b7852b855
cases/xfj_thermal_transient/1.fai	0	e3b0c44298fc1c149afbf4c8996fb92427ae41e4649b934ca495991b7852b855
cases/xfj_thermal_transient/1.flavia.msh	5396745	b474cd0a34a7a28b9f01d1480869a683f78b86e4c79397e7a8019a3182efb1a9
cases/xfj_thermal_transient/1.flavia.res	0	e3b0c44298fc1c149afbf4c8996fb92427ae41e4649b934ca495991b7852b855
cases/xfj_thermal_transient/1.ftf	0	e3b0c44298fc1c149afbf4c8996fb92427ae41e4649b934ca495991b7852b855
cases/xfj_thermal_transient/1.gpv	18496	8fab5e28b4f9082441e27524cab7d52fda430159925a0ed5cf75c7c1c94e0c99
cases/xfj_thermal_transient/1.ini	0	e3b0c44298fc1c149afbf4c8996fb92427ae41e4649b934ca495991b7852b855
cases/xfj_thermal_transient/1.inw	0	e3b0c44298fc1c149afbf4c8996fb92427ae41e4649b934ca495991b7852b855
cases/xfj_thermal_transient/1.lqu	0	e3b0c44298fc1c149afbf4c8996fb92427ae41e4649b934ca495991b7852b855
cases/xfj_thermal_transient/1.res	0	e3b0c44298fc1c149afbf4c8996fb92427ae41e4649b934ca495991b7852b855
cases/xfj_thermal_transient/1.resb	72372	764719ee4e5462eb84127c3293dab9c8b2660fa6dc63223d0979f8563a95ab09
cases/xfj_thermal_transient/1.rtt	848412	2f544ad4a00b070a07c7436b66afda452e8eb42fb8352b58013e8e2fed908bf7
