         1               1621      1639      1687      1666         1
         2               1575      1595      1639      1621         1
         3               1531      1555      1595      1575         1
         4               1495      1516      1555      1531         1
         5               1463      1480      1516      1495         1
         6               1425      1448      1480      1463         1
         7               1397      1416      1448      1425         1
         8               1367      1383      1416      1397         1
         9               1338      1359      1383      1367         1
        10               1313      1332      1359      1338         1
        11               1639      1657      1704      1687         1
        12               1595      1615      1657      1639         1
        13               1555      1571      1615      1595         1
        14               1516      1533      1571      1555         1
        15               1480      1502      1533      1516         1
        16               1448      1468      1502      1480         1
        17               1416      1434      1468      1448         1
        18               1383      1407      1434      1416         1
        19               1359      1377      1407      1383         1
        20               1332      1350      1377      1359         1
        21               1657      1677      1723      1704         1
        22               1615      1633      1677      1657         1
        23               1571      1591      1633      1615         1
        24               1533      1558      1591      1571         1
        25               1502      1521      1558      1533         1
        26               1468      1487      1521      1502         1
        27               1434      1455      1487      1468         1
        28               1407      1428      1455      1434         1
        29               1377      1401      1428      1407         1
        30               1350      1373      1401      1377         1
        31               1677      1696      1744      1723         1
        32               1633      1652      1696      1677         1
        33               1591      1614      1652      1633         1
        34               1558      1576      1614      1591         1
        35               1521      1540      1576      1558         1
        36               1487      1511      1540      1521         1
        37               1455      1479      1511      1487         1
        38               1428      1450      1479      1455         1
        39               1401      1420      1450      1428         1
        40               1373      1391      1420      1401         1
        41               1696      1714      1760      1744         1
        42               1652      1672      1714      1696         1
        43               1614      1636      1672      1652         1
        44               1576      1597      1636      1614         1
        45               1540      1565      1597      1576         1
        46               1511      1530      1565      1540         1
        47               1479      1503      1530      1511         1
        48               1450      1473      1503      1479         1
        49               1420      1443      1473      1450         1
        50               1391      1415      1443      1420         1
        51               1714      1739      1780      1760         1
        52               1672      1695      1739      1714         1
        53               1636      1656      1695      1672         1
        54               1597      1622      1656      1636         1
        55               1565      1585      1622      1597         1
        56               1530      1557      1585      1565         1
        57               1503      1525      1557      1530         1
        58               1473      1492      1525      1503         1
        59               1443      1466      1492      1473         1
        60               1415      1436      1466      1443         1
        61               1739      1757      1801      1780         1
        62               1695      1717      1757      1739         1
        63               1656      1680      1717      1695         1
        64               1622      1641      1680      1656         1
        65               1585      1609      1641      1622         1
        66               1557      1579      1609      1585         1
        67               1525      1548      1579      1557         1
        68               1492      1517      1548      1525         1
        69               1466      1488      1517      1492         1
        70               1436      1462      1488      1466         1
        71               1757      1777      1820      1801         1
        72               1717      1740      1777      1757         1
        73               1680      1701      1740      1717         1
        74               1641      1665      1701      1680         1
        75               1609      1635      1665      1641         1
        76               1579      1602      1635      1609         1
        77               1548      1570      1602      1579         1
        78               1517      1541      1570      1548         1
        79               1488      1514      1541      1517         1
        80               1462      1481      1514      1488         1
        81               1777      1799      1837      1820         1
        82               1740      1761      1799      1777         1
        83               1701      1724      1761      1740         1
        84               1665      1693      1724      1701         1
        85               1635      1658      1693      1665         1
        86               1602      1628      1658      1635         1
        87               1570      1596      1628      1602         1
        88               1541      1568      1596      1570         1
        89               1514      1538      1568      1541         1
        90               1481      1510      1538      1514         1
        91               1799      1821      1853      1837         1
        92               1761      1783      1821      1799         1
        93               1724      1751      1783      1761         1
        94               1693      1715      1751      1724         1
        95               1658      1686      1715      1693         1
        96               1628      1651      1686      1658         1
        97               1596      1623      1651      1628         1
        98               1568      1593      1623      1596         1
        99               1538      1564      1593      1568         1
       100               1510      1532      1564      1538         1
       101               1821      1840      1878      1853         1
       102               1783      1806      1840      1821         1
       103               1751      1770      1806      1783         1
       104               1715      1742      1770      1751         1
       105               1686      1708      1742      1715         1
       106               1651      1679      1708      1686         1
       107               1623      1648      1679      1651         1
       108               1593      1619      1648      1623         1
       109               1564      1587      1619      1593         1
       110               1532      1562      1587      1564         1
       111               1840      1857      1897      1878         1
       112               1806      1830      1857      1840         1
       113               1770      1796      1830      1806         1
       114               1742      1766      1796      1770         1
       115               1708      1736      1766      1742         1
       116               1679      1705      1736      1708         1
       117               1648      1676      1705      1679         1
       118               1619      1645      1676      1648         1
       119               1587      1617      1645      1619         1
       120               1562      1586      1617      1587         1
       121               1857      1883      1910      1897         1
       122               1830      1851      1883      1857         1
       123               1796      1824      1851      1830         1
       124               1766      1789      1824      1796         1
       125               1736      1762      1789      1766         1
       126               1705      1731      1762      1736         1
       127               1676      1703      1731      1705         1
       128               1645      1674      1703      1676         1
       129               1617      1644      1674      1645         1
       130               1586      1618      1644      1617         1
       131               1883      1906      1935      1910         1
       132               1851      1875      1906      1883         1
       133               1824      1846      1875      1851         1
       134               1789      1817      1846      1824         1
       135               1762      1787      1817      1789         1
       136               1731      1758      1787      1762         1
       137               1703      1728      1758      1731         1
       138               1674      1702      1728      1703         1
       139               1644      1675      1702      1674         1
       140               1618      1646      1675      1644         1
       141               1906      1923      1956      1935         1
       142               1875      1898      1923      1906         1
       143               1846      1871      1898      1875         1
       144               1817      1842      1871      1846         1
       145               1787      1814      1842      1817         1
       146               1758      1785      1814      1787         1
       147               1728      1759      1785      1758         1
       148               1702      1732      1759      1728         1
       149               1675      1706      1732      1702         1
       150               1646      1678      1706      1675         1
       151               1923      1948      1974      1956         1
       152               1898      1918      1948      1923         1
       153               1871      1892      1918      1898         1
       154               1842      1865      1892      1871         1
       155               1814      1839      1865      1842         1
       156               1785      1813      1839      1814         1
       157               1759      1786      1813      1785         1
       158               1732      1763      1786      1759         1
       159               1706      1737      1763      1732         1
       160               1678      1709      1737      1706         1
       161               1948      1968      1996      1974         1
       162               1918      1944      1968      1948         1
       163               1892      1913      1944      1918         1
       164               1865      1890      1913      1892         1
       165               1839      1864      1890      1865         1
       166               1813      1841      1864      1839         1
       167               1786      1815      1841      1813         1
       168               1763      1788      1815      1786         1
       169               1737      1767      1788      1763         1
       170               1709      1743      1767      1737         1
       171               1968      1988      2016      1996         1
       172               1944      1965      1988      1968         1
       173               1913      1939      1965      1944         1
       174               1890      1912      1939      1913         1
       175               1864      1891      1912      1890         1
       176               1841      1868      1891      1864         1
       177               1815      1845      1868      1841         1
       178               1788      1822      1845      1815         1
       179               1767      1794      1822      1788         1
       180               1743      1772      1794      1767         1
       181               1988      2012      2034      2016         1
       182               1965      1984      2012      1988         1
       183               1939      1964      1984      1965         1
       184               1912      1940      1964      1939         1
       185               1891      1914      1940      1912         1
       186               1868      1896      1914      1891         1
       187               1845      1873      1896      1868         1
       188               1822      1848      1873      1845         1
       189               1794      1827      1848      1822         1
       190               1772      1805      1827      1794         1
       191               2012      2032      2054      2034         1
       192               1984      2011      2032      2012         1
       193               1964      1985      2011      1984         1
       194               1940      1966      1985      1964         1
       195               1914      1946      1966      1940         1
       196               1896      1920      1946      1914         1
       197               1873      1901      1920      1896         1
       198               1848      1879      1901      1873         1
       199               1827      1852      1879      1848         1
       200               1805      1834      1852      1827         1
       201               2032      2053      2076      2054         1
       202               2011      2033      2053      2032         1
       203               1985      2013      2033      2011         1
       204               1966      1989      2013      1985         1
       205               1946      1971      1989      1966         1
       206               1920      1949      1971      1946         1
       207               1901      1926      1949      1920         1
       208               1879      1908      1926      1901         1
       209               1852      1886      1908      1879         1
       210               1834      1867      1886      1852         1
       211               2053      2077      2095      2076         1
       212               2033      2055      2077      2053         1
       213               2013      2036      2055      2033         1
       214               1989      2017      2036      2013         1
       215               1971      1998      2017      1989         1
       216               1949      1973      1998      1971         1
       217               1926      1955      1973      1949         1
       218               1908      1934      1955      1926         1
       219               1886      1911      1934      1908         1
       220               1867      1900      1911      1886         1
       221               2077      2098      2113      2095         1
       222               2055      2080      2098      2077         1
       223               2036      2059      2080      2055         1
       224               2017      2041      2059      2036         1
       225               1998      2022      2041      2017         1
       226               1973      2000      2022      1998         1
       227               1955      1981      2000      1973         1
       228               1934      1962      1981      1955         1
       229               1911      1947      1962      1934         1
       230               1900      1931      1947      1911         1
       231               2098      2116      2136      2113         1
       232               2080      2102      2116      2098         1
       233               2059      2085      2102      2080         1
       234               2041      2065      2085      2059         1
       235               2022      2044      2065      2041         1
       236               2000      2027      2044      2022         1
       237               1981      2009      2027      2000         1
       238               1962      1991      2009      1981         1
       239               1947      1975      1991      1962         1
       240               1931      1960      1975      1947         1
       241               2116      2142      2157      2136         1
       242               2102      2126      2142      2116         1
       243               2085      2107      2126      2102         1
       244               2065      2090      2107      2085         1
       245               2044      2074      2090      2065         1
       246               2027      2052      2074      2044         1
       247               2009      2038      2052      2027         1
       248               1991      2021      2038      2009         1
       249               1975      2005      2021      1991         1
       250               1960      1990      2005      1975         1
       251               2142      2163      2176      2157         1
       252               2126      2148      2163      2142         1
       253               2107      2133      2148      2126         1
       254               2090      2112      2133      2107         1
       255               2074      2099      2112      2090         1
       256               2052      2082      2099      2074         1
       257               2038      2064      2082      2052         1
       258               2021      2049      2064      2038         1
       259               2005      2035      2049      2021         1
       260               1990      2023      2035      2005         1
       261               2163      2182      2199      2176         1
       262               2148      2169      2182      2163         1
       263               2133      2156      2169      2148         1
       264               2112      2141      2156      2133         1
       265               2099      2121      2141      2112         1
       266               2082      2108      2121      2099         1
       267               2064      2091      2108      2082         1
       268               2049      2078      2091      2064         1
       269               2035      2063      2078      2049         1
       270               2023      2050      2063      2035         1
       271               2182      2205      2220      2199         1
       272               2169      2195      2205      2182         1
       273               2156      2177      2195      2169         1
       274               2141      2164      2177      2156         1
       275               2121      2150      2164      2141         1
       276               2108      2135      2150      2121         1
       277               2091      2117      2135      2108         1
       278               2078      2106      2117      2091         1
       279               2063      2092      2106      2078         1
       280               2050      2084      2092      2063         1
       281               2205      2228      2235      2220         1
       282               2195      2217      2228      2205         1
       283               2177      2202      2217      2195         1
       284               2164      2189      2202      2177         1
       285               2150      2172      2189      2164         1
       286               2135      2162      2172      2150         1
       287               2117      2149      2162      2135         1
       288               2106      2137      2149      2117         1
       289               2092      2124      2137      2106         1
       290               2084      2111      2124      2092         1
       291               2228      2247      2258      2235         1
       292               2217      2236      2247      2228         1
       293               2202      2225      2236      2217         1
       294               2189      2213      2225      2202         1
       295               2172      2201      2213      2189         1
       296               2162      2188      2201      2172         1
       297               2149      2175      2188      2162         1
       298               2137      2165      2175      2149         1
       299               2124      2155      2165      2137         1
       300               2111      2145      2155      2124         1
       301               2247      2273      2280      2258         1
       302               2236      2261      2273      2247         1
       303               2225      2249      2261      2236         1
       304               2213      2237      2249      2225         1
       305               2201      2226      2237      2213         1
       306               2188      2216      2226      2201         1
       307               2175      2203      2216      2188         1
       308               2165      2197      2203      2175         1
       309               2155      2180      2197      2165         1
       310               2145      2174      2180      2155         1
       311               2273      2291      2300      2280         1
       312               2261      2285      2291      2273         1
       313               2249      2275      2285      2261         1
       314               2237      2263      2275      2249         1
       315               2226      2255      2263      2237         1
       316               2216      2240      2255      2226         1
       317               2203      2232      2240      2216         1
       318               2197      2223      2232      2203         1
       319               2180      2215      2223      2197         1
       320               2174      2206      2215      2180         1
       321               2291      2313      2323      2300         1
       322               2285      2305      2313      2291         1
       323               2275      2294      2305      2285         1
       324               2263      2288      2294      2275         1
       325               2255      2279      2288      2263         1
       326               2240      2270      2279      2255         1
       327               2232      2260      2270      2240         1
       328               2223      2252      2260      2232         1
       329               2215      2244      2252      2223         1
       330               2206      2234      2244      2215         1
       331               2313      2342      2351      2323         1
       332               2305      2329      2342      2313         1
       333               2294      2322      2329      2305         1
       334               2288      2311      2322      2294         1
       335               2279      2303      2311      2288         1
       336               2270      2293      2303      2279         1
       337               2260      2289      2293      2270         1
       338               2252      2282      2289      2260         1
       339               2244      2276      2282      2252         1
       340               2234      2266      2276      2244         1
       341               2342      2370      2380      2351         1
       342               2329      2362      2370      2342         1
       343               2322      2353      2362      2329         1
       344               2311      2346      2353      2322         1
       345               2303      2336      2346      2311         1
       346               2293      2327      2336      2303         1
       347               2289      2319      2327      2293         1
       348               2282      2309      2319      2289         1
       349               2276      2304      2309      2282         1
       350               2266      2299      2304      2276         1
       351               2525      2518      2529      2532         1
       352               2515      2507      2518      2525         1
       353               2501      2490      2507      2515         1
       354               2483      2475      2490      2501         1
       355               2469      2460      2475      2483         1
       356               2451      2440      2460      2469         1
       357               2435      2426      2440      2451         1
       358               2417      2404      2426      2435         1
       359               2395      2386      2404      2417         1
       360               2380      2370      2386      2395         1
       361               2518      2513      2523      2529         1
       362               2507      2499      2513      2518         1
       363               2490      2482      2499      2507         1
       364               2475      2468      2482      2490         1
       365               2460      2449      2468      2475         1
       366               2440      2434      2449      2460         1
       367               2426      2413      2434      2440         1
       368               2404      2394      2413      2426         1
       369               2386      2379      2394      2404         1
       370               2370      2362      2379      2386         1
       371               2513      2506      2517      2523         1
       372               2499      2488      2506      2513         1
       373               2482      2474      2488      2499         1
       374               2468      2458      2474      2482         1
       375               2449      2439      2458      2468         1
       376               2434      2422      2439      2449         1
       377               2413      2402      2422      2434         1
       378               2394      2384      2402      2413         1
       379               2379      2369      2384      2394         1
       380               2362      2353      2369      2379         1
       381               2506      2498      2512      2517         1
       382               2488      2481      2498      2506         1
       383               2474      2466      2481      2488         1
       384               2458      2447      2466      2474         1
       385               2439      2432      2447      2458         1
       386               2422      2412      2432      2439         1
       387               2402      2393      2412      2422         1
       388               2384      2378      2393      2402         1
       389               2369      2358      2378      2384         1
       390               2353      2346      2358      2369         1
       391               2498      2486      2505      2512         1
       392               2481      2473      2486      2498         1
       393               2466      2457      2473      2481         1
       394               2447      2438      2457      2466         1
       395               2432      2421      2438      2447         1
       396               2412      2401      2421      2432         1
       397               2393      2383      2401      2412         1
       398               2378      2366      2383      2393         1
       399               2358      2352      2366      2378         1
       400               2346      2336      2352      2358         1
       401               2486      2480      2497      2505         1
       402               2473      2464      2480      2486         1
       403               2457      2446      2464      2473         1
       404               2438      2431      2446      2457         1
       405               2421      2410      2431      2438         1
       406               2401      2392      2410      2421         1
       407               2383      2376      2392      2401         1
       408               2366      2357      2376      2383         1
       409               2352      2344      2357      2366         1
       410               2336      2327      2344      2352         1
       411               2480      2472      2485      2497         1
       412               2464      2456      2472      2480         1
       413               2446      2437      2456      2464         1
       414               2431      2420      2437      2446         1
       415               2410      2399      2420      2431         1
       416               2392      2382      2399      2410         1
       417               2376      2365      2382      2392         1
       418               2357      2350      2365      2376         1
       419               2344      2335      2350      2357         1
       420               2327      2319      2335      2344         1
       421               2472      2463      2479      2485         1
       422               2456      2445      2463      2472         1
       423               2437      2430      2445      2456         1
       424               2420      2409      2430      2437         1
       425               2399      2390      2409      2420         1
       426               2382      2374      2390      2399         1
       427               2365      2356      2374      2382         1
       428               2350      2343      2356      2365         1
       429               2335      2326      2343      2350         1
       430               2319      2309      2326      2335         1
       431               2463      2455      2471      2479         1
       432               2445      2436      2455      2463         1
       433               2430      2419      2436      2445         1
       434               2409      2397      2419      2430         1
       435               2390      2381      2397      2409         1
       436               2374      2364      2381      2390         1
       437               2356      2348      2364      2374         1
       438               2343      2334      2348      2356         1
       439               2326      2318      2334      2343         1
       440               2309      2304      2318      2326         1
       441               2455      2444      2462      2471         1
       442               2436      2429      2444      2455         1
       443               2419      2408      2429      2436         1
       444               2397      2389      2408      2419         1
       445               2381      2372      2389      2397         1
       446               2364      2355      2372      2381         1
       447               2348      2341      2355      2364         1
       448               2334      2324      2341      2348         1
       449               2318      2308      2324      2334         1
       450               2304      2299      2308      2318         1
       451               2704      2701      2703      2705         2
       452               2702      2697      2701      2704         2
       453               2700      2694      2697      2702         2
       454               2698      2690      2694      2700         2
       455               2696      2687      2690      2698         2
       456               2692      2683      2687      2696         2
       457               2689      2679      2683      2692         2
       458               2685      2674      2679      2689         2
       459               2680      2668      2674      2685         2
       460               2675      2662      2668      2680         2
       461               2670      2655      2662      2675         2
       462               2667      2650      2655      2670         2
       463               2661      2644      2650      2667         2
       464               2654      2636      2644      2661         2
       465               2652      2632      2636      2654         2
       466               2646      2623      2632      2652         2
       467               2640      2616      2623      2646         2
       468               2635      2611      2616      2640         2
       469               2628      2602      2611      2635         2
       470               2624      2596      2602      2628         2
       471               2619      2588      2596      2624         2
       472               2614      2579      2588      2619         2
       473               2609      2574      2579      2614         2
       474               2603      2569      2574      2609         2
       475               2601      2566      2569      2603         2
       476               2598      2561      2566      2601         2
       477               2593      2556      2561      2598         2
       478               2589      2555      2556      2593         2
       479               2587      2551      2555      2589         2
       480               2585      2549      2551      2587         2
       481               2583      2547      2549      2585         2
       482               2581      2545      2547      2583         2
       483               2580      2544      2545      2581         2
       484               2701      2695      2699      2703         2
       485               2697      2691      2695      2701         2
       486               2694      2686      2691      2697         2
       487               2690      2681      2686      2694         2
       488               2687      2677      2681      2690         2
       489               2683      2672      2677      2687         2
       490               2679      2665      2672      2683         2
       491               2674      2659      2665      2679         2
       492               2668      2653      2659      2674         2
       493               2662      2645      2653      2668         2
       494               2655      2637      2645      2662         2
       495               2650      2630      2637      2655         2
       496               2644      2622      2630      2650         2
       497               2636      2613      2622      2644         2
       498               2632      2605      2613      2636         2
       499               2623      2597      2605      2632         2
       500               2616      2586      2597      2623         2
       501               2611      2576      2586      2616         2
       502               2602      2567      2576      2611         2
       503               2596      2562      2567      2602         2
       504               2588      2554      2562      2596         2
       505               2579      2546      2554      2588         2
       506               2574      2538      2546      2579         2
       507               2569      2534      2538      2574         2
       508               2566      2528      2534      2569         2
       509               2561      2519      2528      2566         2
       510               2556      2516      2519      2561         2
       511               2555      2510      2516      2556         2
       512               2551      2504      2510      2555         2
       513               2549      2500      2504      2551         2
       514               2547      2495      2500      2549         2
       515               2545      2493      2495      2547         2
       516               2544      2492      2493      2545         2
       517               2695      2688      2693      2699         2
       518               2691      2682      2688      2695         2
       519               2686      2676      2682      2691         2
       520               2681      2669      2676      2686         2
       521               2677      2663      2669      2681         2
       522               2672      2657      2663      2677         2
       523               2665      2649      2657      2672         2
       524               2659      2642      2649      2665         2
       525               2653      2634      2642      2659         2
       526               2645      2626      2634      2653         2
       527               2637      2615      2626      2645         2
       528               2630      2604      2615      2637         2
       529               2622      2594      2604      2630         2
       530               2613      2582      2594      2622         2
       531               2605      2570      2582      2613         2
       532               2597      2563      2570      2605         2
       533               2586      2553      2563      2597         2
       534               2576      2541      2553      2586         2
       535               2567      2533      2541      2576         2
       536               2562      2521      2533      2567         2
       537               2554      2511      2521      2562         2
       538               2546      2494      2511      2554         2
       539               2538      2478      2494      2546         2
       540               2534      2467      2478      2538         2
       541               2528      2453      2467      2534         2
       542               2519      2441      2453      2528         2
       543               2516      2433      2441      2519         2
       544               2510      2423      2433      2516         2
       545               2504      2416      2423      2510         2
       546               2500      2406      2416      2504         2
       547               2495      2403      2406      2500         2
       548               2493      2400      2403      2495         2
       549               2492      2398      2400      2493         2
       550               2688      2678      2684      2693         2
       551               2682      2671      2678      2688         2
       552               2676      2664      2671      2682         2
       553               2669      2656      2664      2676         2
       554               2663      2647      2656      2669         2
       555               2657      2639      2647      2663         2
       556               2649      2631      2639      2657         2
       557               2642      2621      2631      2649         2
       558               2634      2610      2621      2642         2
       559               2626      2599      2610      2634         2
       560               2615      2584      2599      2626         2
       561               2604      2571      2584      2615         2
       562               2594      2560      2571      2604         2
       563               2582      2548      2560      2594         2
       564               2570      2535      2548      2582         2
       565               2563      2526      2535      2570         2
       566               2553      2508      2526      2563         2
       567               2541      2484      2508      2553         2
       568               2533      2465      2484      2541         2
       569               2521      2443      2465      2533         2
       570               2511      2427      2443      2521         2
       571               2494      2405      2427      2511         2
       572               2478      2387      2405      2494         2
       573               2467      2371      2387      2478         2
       574               2453      2361      2371      2467         2
       575               2441      2349      2361      2453         2
       576               2433      2340      2349      2441         2
       577               2423      2331      2340      2433         2
       578               2416      2325      2331      2423         2
       579               2406      2321      2325      2416         2
       580               2403      2317      2321      2406         2
       581               2400      2315      2317      2403         2
       582               2398      2314      2315      2400         2
       583               2678      2666      2673      2684         2
       584               2671      2658      2666      2678         2
       585               2664      2648      2658      2671         2
       586               2656      2638      2648      2664         2
       587               2647      2627      2638      2656         2
       588               2639      2618      2627      2647         2
       589               2631      2607      2618      2639         2
       590               2621      2592      2607      2631         2
       591               2610      2577      2592      2621         2
       592               2599      2565      2577      2610         2
       593               2584      2552      2565      2599         2
       594               2571      2536      2552      2584         2
       595               2560      2522      2536      2571         2
       596               2548      2503      2522      2560         2
       597               2535      2476      2503      2548         2
       598               2526      2450      2476      2535         2
       599               2508      2424      2450      2526         2
       600               2484      2396      2424      2508         2
       601               2465      2373      2396      2484         2
       602               2443      2354      2373      2465         2
       603               2427      2338      2354      2443         2
       604               2405      2320      2338      2427         2
       605               2387      2306      2320      2405         2
       606               2371      2292      2306      2387         2
       607               2361      2286      2292      2371         2
       608               2349      2278      2286      2361         2
       609               2340      2272      2278      2349         2
       610               2331      2264      2272      2340         2
       611               2325      2259      2264      2331         2
       612               2321      2257      2259      2325         2
       613               2317      2253      2257      2321         2
       614               2315      2250      2253      2317         2
       615               2314      2248      2250      2315         2
       616               2666      2651      2660      2673         2
       617               2658      2641      2651      2666         2
       618               2648      2629      2641      2658         2
       619               2638      2617      2629      2648         2
       620               2627      2606      2617      2638         2
       621               2618      2590      2606      2627         2
       622               2607      2573      2590      2618         2
       623               2592      2559      2573      2607         2
       624               2577      2543      2559      2592         2
       625               2565      2530      2543      2577         2
       626               2552      2509      2530      2565         2
       627               2536      2477      2509      2552         2
       628               2522      2448      2477      2536         2
       629               2503      2418      2448      2522         2
       630               2476      2385      2418      2503         2
       631               2450      2359      2385      2476         2
       632               2424      2337      2359      2450         2
       633               2396      2312      2337      2424         2
       634               2373      2296      2312      2396         2
       635               2354      2284      2296      2373         2
       636               2338      2267      2284      2354         2
       637               2320      2256      2267      2338         2
       638               2306      2242      2256      2320         2
       639               2292      2231      2242      2306         2
       640               2286      2222      2231      2292         2
       641               2278      2214      2222      2286         2
       642               2272      2207      2214      2278         2
       643               2264      2200      2207      2272         2
       644               2259      2198      2200      2264         2
       645               2257      2192      2198      2259         2
       646               2253      2187      2192      2257         2
       647               2250      2186      2187      2253         2
       648               2248      2185      2186      2250         2
       649               2651      2633      2643      2660         2
       650               2641      2620      2633      2651         2
       651               2629      2608      2620      2641         2
       652               2617      2591      2608      2629         2
       653               2606      2572      2591      2617         2
       654               2590      2557      2572      2606         2
       655               2573      2540      2557      2590         2
       656               2559      2524      2540      2573         2
       657               2543      2496      2524      2559         2
       658               2530      2461      2496      2543         2
       659               2509      2428      2461      2530         2
       660               2477      2391      2428      2509         2
       661               2448      2360      2391      2477         2
       662               2418      2330      2360      2448         2
       663               2385      2307      2330      2418         2
       664               2359      2287      2307      2385         2
       665               2337      2269      2287      2359         2
       666               2312      2251      2269      2337         2
       667               2296      2233      2251      2312         2
       668               2284      2221      2233      2296         2
       669               2267      2204      2221      2284         2
       670               2256      2193      2204      2267         2
       671               2242      2178      2193      2256         2
       672               2231      2168      2178      2242         2
       673               2222      2160      2168      2231         2
       674               2214      2151      2160      2222         2
       675               2207      2144      2151      2214         2
       676               2200      2138      2144      2207         2
       677               2198      2132      2138      2200         2
       678               2192      2128      2132      2198         2
       679               2187      2122      2128      2192         2
       680               2186      2119      2122      2187         2
       681               2185      2118      2119      2186         2
       682               2633      2612      2625      2643         2
       683               2620      2595      2612      2633         2
       684               2608      2575      2595      2620         2
       685               2591      2558      2575      2608         2
       686               2572      2539      2558      2591         2
       687               2557      2520      2539      2572         2
       688               2540      2489      2520      2557         2
       689               2524      2454      2489      2540         2
       690               2496      2414      2454      2524         2
       691               2461      2377      2414      2496         2
       692               2428      2345      2377      2461         2
       693               2391      2310      2345      2428         2
       694               2360      2290      2310      2391         2
       695               2330      2265      2290      2360         2
       696               2307      2245      2265      2330         2
       697               2287      2224      2245      2307         2
       698               2269      2209      2224      2287         2
       699               2251      2190      2209      2269         2
       700               2233      2171      2190      2251         2
       701               2221      2158      2171      2233         2
       702               2204      2143      2158      2221         2
       703               2193      2131      2143      2204         2
       704               2178      2114      2131      2193         2
       705               2168      2105      2114      2178         2
       706               2160      2096      2105      2168         2
       707               2151      2089      2096      2160         2
       708               2144      2079      2089      2151         2
       709               2138      2073      2079      2144         2
       710               2132      2069      2073      2138         2
       711               2128      2060      2069      2132         2
       712               2122      2058      2060      2128         2
       713               2119      2057      2058      2122         2
       714               2118      2056      2057      2119         2
       715               2612      2578      2600      2625         2
       716               2595      2564      2578      2612         2
       717               2575      2542      2564      2595         2
       718               2558      2527      2542      2575         2
       719               2539      2491      2527      2558         2
       720               2520      2452      2491      2539         2
       721               2489      2407      2452      2520         2
       722               2454      2368      2407      2489         2
       723               2414      2332      2368      2454         2
       724               2377      2301      2332      2414         2
       725               2345      2277      2301      2377         2
       726               2310      2254      2277      2345         2
       727               2290      2230      2254      2310         2
       728               2265      2208      2230      2290         2
       729               2245      2184      2208      2265         2
       730               2224      2166      2184      2245         2
       731               2209      2146      2166      2224         2
       732               2190      2129      2146      2209         2
       733               2171      2110      2129      2190         2
       734               2158      2093      2110      2171         2
       735               2143      2081      2093      2158         2
       736               2131      2067      2081      2143         2
       737               2114      2051      2067      2131         2
       738               2105      2042      2051      2114         2
       739               2096      2029      2042      2105         2
       740               2089      2024      2029      2096         2
       741               2079      2015      2024      2089         2
       742               2073      2006      2015      2079         2
       743               2069      2001      2006      2073         2
       744               2060      1999      2001      2069         2
       745               2058      1997      1999      2060         2
       746               2057      1993      1997      2058         2
       747               2056      1992      1993      2057         2
       748               2578      2550      2568      2600         2
       749               2564      2531      2550      2578         2
       750               2542      2502      2531      2564         2
       751               2527      2459      2502      2542         2
       752               2491      2411      2459      2527         2
       753               2452      2367      2411      2491         2
       754               2407      2328      2367      2452         2
       755               2368      2295      2328      2407         2
       756               2332      2271      2295      2368         2
       757               2301      2241      2271      2332         2
       758               2277      2219      2241      2301         2
       759               2254      2194      2219      2277         2
       760               2230      2167      2194      2254         2
       761               2208      2147      2167      2230         2
       762               2184      2125      2147      2208         2
       763               2166      2103      2125      2184         2
       764               2146      2086      2103      2166         2
       765               2129      2066      2086      2146         2
       766               2110      2046      2066      2129         2
       767               2093      2030      2046      2110         2
       768               2081      2019      2030      2093         2
       769               2067      2003      2019      2081         2
       770               2051      1987      2003      2067         2
       771               2042      1976      1987      2051         2
       772               2029      1967      1976      2042         2
       773               2024      1958      1967      2029         2
       774               2015      1951      1958      2024         2
       775               2006      1945      1951      2015         2
       776               2001      1936      1945      2006         2
       777               1999      1933      1936      2001         2
       778               1997      1932      1933      1999         2
       779               1993      1928      1932      1997         2
       780               1992      1927      1928      1993         2
       781               2550      2514      2537      2568         2
       782               2531      2470      2514      2550         2
       783               2502      2425      2470      2531         2
       784               2459      2375      2425      2502         2
       785               2411      2333      2375      2459         2
       786               2367      2298      2333      2411         2
       787               2328      2268      2298      2367         2
       788               2295      2238      2268      2328         2
       789               2271      2212      2238      2295         2
       790               2241      2181      2212      2271         2
       791               2219      2159      2181      2241         2
       792               2194      2134      2159      2219         2
       793               2167      2109      2134      2194         2
       794               2147      2088      2109      2167         2
       795               2125      2061      2088      2147         2
       796               2103      2043      2061      2125         2
       797               2086      2025      2043      2103         2
       798               2066      2004      2025      2086         2
       799               2046      1983      2004      2066         2
       800               2030      1970      1983      2046         2
       801               2019      1953      1970      2030         2
       802               2003      1938      1953      2019         2
       803               1987      1924      1938      2003         2
       804               1976      1909      1924      1987         2
       805               1967      1903      1909      1976         2
       806               1958      1893      1903      1967         2
       807               1951      1885      1893      1958         2
       808               1945      1880      1885      1951         2
       809               1936      1874      1880      1945         2
       810               1933      1870      1874      1936         2
       811               1932      1862      1870      1933         2
       812               1928      1861      1862      1932         2
       813               1927      1859      1861      1928         2
       814               2514      2442      2487      2537         2
       815               2470      2388      2442      2514         2
       816               2425      2347      2388      2470         2
       817               2375      2302      2347      2425         2
       818               2333      2274      2302      2375         2
       819               2298      2239      2274      2333         2
       820               2268      2211      2239      2298         2
       821               2238      2179      2211      2268         2
       822               2212      2152      2179      2238         2
       823               2181      2127      2152      2212         2
       824               2159      2100      2127      2181         2
       825               2134      2075      2100      2159         2
       826               2109      2047      2075      2134         2
       827               2088      2026      2047      2109         2
       828               2061      2002      2026      2088         2
       829               2043      1980      2002      2061         2
       830               2025      1961      1980      2043         2
       831               2004      1942      1961      2025         2
       832               1983      1922      1942      2004         2
       833               1970      1907      1922      1983         2
       834               1953      1888      1907      1970         2
       835               1938      1876      1888      1953         2
       836               1924      1856      1876      1938         2
       837               1909      1850      1856      1924         2
       838               1903      1838      1850      1909         2
       839               1893      1829      1838      1903         2
       840               1885      1823      1829      1893         2
       841               1880      1811      1823      1885         2
       842               1874      1807      1811      1880         2
       843               1870      1802      1807      1874         2
       844               1862      1800      1802      1870         2
       845               1861      1797      1800      1862         2
       846               1859      1793      1797      1861         2
       847               2442      2363      2415      2487         2
       848               2388      2316      2363      2442         2
       849               2347      2283      2316      2388         2
       850               2302      2246      2283      2347         2
       851               2274      2218      2246      2302         2
       852               2239      2183      2218      2274         2
       853               2211      2153      2183      2239         2
       854               2179      2123      2153      2211         2
       855               2152      2094      2123      2179         2
       856               2127      2070      2094      2152         2
       857               2100      2039      2070      2127         2
       858               2075      2014      2039      2100         2
       859               2047      1986      2014      2075         2
       860               2026      1963      1986      2047         2
       861               2002      1943      1963      2026         2
       862               1980      1917      1943      2002         2
       863               1961      1899      1917      1980         2
       864               1942      1881      1899      1961         2
       865               1922      1855      1881      1942         2
       866               1907      1843      1855      1922         2
       867               1888      1826      1843      1907         2
       868               1876      1810      1826      1888         2
       869               1856      1798      1810      1876         2
       870               1850      1784      1798      1856         2
       871               1838      1771      1784      1850         2
       872               1829      1765      1771      1838         2
       873               1823      1753      1765      1829         2
       874               1811      1750      1753      1823         2
       875               1807      1741      1750      1811         2
       876               1802      1738      1741      1807         2
       877               1800      1730      1738      1802         2
       878               1797      1726      1730      1800         2
       879               1793      1725      1726      1797         2
       880               2363      2297      2339      2415         2
       881               2316      2262      2297      2363         2
       882               2283      2227      2262      2316         2
       883               2246      2196      2227      2283         2
       884               2218      2161      2196      2246         2
       885               2183      2130      2161      2218         2
       886               2153      2097      2130      2183         2
       887               2123      2068      2097      2153         2
       888               2094      2037      2068      2123         2
       889               2070      2007      2037      2094         2
       890               2039      1979      2007      2070         2
       891               2014      1954      1979      2039         2
       892               1986      1930      1954      2014         2
       893               1963      1905      1930      1986         2
       894               1943      1882      1905      1963         2
       895               1917      1854      1882      1943         2
       896               1899      1835      1854      1917         2
       897               1881      1816      1835      1899         2
       898               1855      1795      1816      1881         2
       899               1843      1778      1795      1855         2
       900               1826      1764      1778      1843         2
       901               1810      1748      1764      1826         2
       902               1798      1729      1748      1810         2
       903               1784      1719      1729      1798         2
       904               1771      1707      1719      1784         2
       905               1765      1697      1707      1771         2
       906               1753      1690      1697      1765         2
       907               1750      1683      1690      1753         2
       908               1741      1673      1683      1750         2
       909               1738      1669      1673      1741         2
       910               1730      1664      1669      1738         2
       911               1726      1663      1664      1730         2
       912               1725      1661      1663      1726         2
       913               2297      2243      2281      2339         2
       914               2262      2210      2243      2297         2
       915               2227      2170      2210      2262         2
       916               2196      2140      2170      2227         2
       917               2161      2104      2140      2196         2
       918               2130      2072      2104      2161         2
       919               2097      2040      2072      2130         2
       920               2068      2008      2040      2097         2
       921               2037      1977      2008      2068         2
       922               2007      1950      1977      2037         2
       923               1979      1921      1950      2007         2
       924               1954      1895      1921      1979         2
       925               1930      1869      1895      1954         2
       926               1905      1844      1869      1930         2
       927               1882      1819      1844      1905         2
       928               1854      1791      1819      1882         2
       929               1835      1774      1791      1854         2
       930               1816      1752      1774      1835         2
       931               1795      1733      1752      1816         2
       932               1778      1713      1733      1795         2
       933               1764      1698      1713      1778         2
       934               1748      1684      1698      1764         2
       935               1729      1667      1684      1748         2
       936               1719      1654      1667      1729         2
       937               1707      1642      1654      1719         2
       938               1697      1634      1642      1707         2
       939               1690      1625      1634      1697         2
       940               1683      1616      1625      1690         2
       941               1673      1612      1616      1683         2
       942               1669      1607      1612      1673         2
       943               1664      1605      1607      1669         2
       944               1663      1604      1605      1664         2
       945               1661      1601      1604      1663         2
       946               2243      2191      2229      2281         2
       947               2210      2154      2191      2243         2
       948               2170      2115      2154      2210         2
       949               2140      2083      2115      2170         2
       950               2104      2048      2083      2140         2
       951               2072      2018      2048      2104         2
       952               2040      1982      2018      2072         2
       953               2008      1952      1982      2040         2
       954               1977      1919      1952      2008         2
       955               1950      1889      1919      1977         2
       956               1921      1858      1889      1950         2
       957               1895      1832      1858      1921         2
       958               1869      1808      1832      1895         2
       959               1844      1781      1808      1869         2
       960               1819      1756      1781      1844         2
       961               1791      1734      1756      1819         2
       962               1774      1710      1734      1791         2
       963               1752      1691      1710      1774         2
       964               1733      1668      1691      1752         2
       965               1713      1650      1668      1733         2
       966               1698      1638      1650      1713         2
       967               1684      1620      1638      1698         2
       968               1667      1606      1620      1684         2
       969               1654      1594      1606      1667         2
       970               1642      1583      1594      1654         2
       971               1634      1574      1583      1642         2
       972               1625      1567      1574      1634         2
       973               1616      1560      1567      1625         2
       974               1612      1554      1560      1616         2
       975               1607      1551      1554      1612         2
       976               1605      1546      1551      1607         2
       977               1604      1543      1546      1605         2
       978               1601      1542      1543      1604         2
       979               2191      2139      2173      2229         2
       980               2154      2101      2139      2191         2
       981               2115      2062      2101      2154         2
       982               2083      2028      2062      2115         2
       983               2048      1994      2028      2083         2
       984               2018      1959      1994      2048         2
       985               1982      1925      1959      2018         2
       986               1952      1894      1925      1982         2
       987               1919      1860      1894      1952         2
       988               1889      1831      1860      1919         2
       989               1858      1803      1831      1889         2
       990               1832      1776      1803      1858         2
       991               1808      1749      1776      1832         2
       992               1781      1720      1749      1808         2
       993               1756      1694      1720      1781         2
       994               1734      1670      1694      1756         2
       995               1710      1647      1670      1734         2
       996               1691      1630      1647      1710         2
       997               1668      1608      1630      1691         2
       998               1650      1590      1608      1668         2
       999               1638      1577      1590      1650         2
      1000               1620      1563      1577      1638         2
      1001               1606      1550      1563      1620         2
      1002               1594      1537      1550      1606         2
      1003               1583      1527      1537      1594         2
      1004               1574      1519      1527      1583         2
      1005               1567      1513      1519      1574         2
      1006               1560      1507      1513      1567         2
      1007               1554      1500      1507      1560         2
      1008               1551      1493      1500      1554         2
      1009               1546      1491      1493      1551         2
      1010               1543      1490      1491      1546         2
      1011               1542      1489      1490      1543         2
      1012               2139      2087      2120      2173         2
      1013               2101      2045      2087      2139         2
      1014               2062      2010      2045      2101         2
      1015               2028      1972      2010      2062         2
      1016               1994      1937      1972      2028         2
      1017               1959      1904      1937      1994         2
      1018               1925      1872      1904      1959         2
      1019               1894      1836      1872      1925         2
      1020               1860      1804      1836      1894         2
      1021               1831      1773      1804      1860         2
      1022               1803      1746      1773      1831         2
      1023               1776      1711      1746      1803         2
      1024               1749      1688      1711      1776         2
      1025               1720      1659      1688      1749         2
      1026               1694      1637      1659      1720         2
      1027               1670      1611      1637      1694         2
      1028               1647      1589      1611      1670         2
      1029               1630      1569      1589      1647         2
      1030               1608      1553      1569      1630         2
      1031               1590      1536      1553      1608         2
      1032               1577      1522      1536      1590         2
      1033               1563      1509      1522      1577         2
      1034               1550      1494      1509      1563         2
      1035               1537      1482      1494      1550         2
      1036               1527      1475      1482      1537         2
      1037               1519      1467      1475      1527         2
      1038               1513      1461      1467      1519         2
      1039               1507      1454      1461      1513         2
      1040               1500      1449      1454      1507         2
      1041               1493      1445      1449      1500         2
      1042               1491      1442      1445      1493         2
      1043               1490      1441      1442      1491         2
      1044               1489      1439      1441      1490         2
      1045               2087      2031      2071      2120         2
      1046               2045      1995      2031      2087         2
      1047               2010      1957      1995      2045         2
      1048               1972      1916      1957      2010         2
      1049               1937      1884      1916      1972         2
      1050               1904      1847      1884      1937         2
      1051               1872      1812      1847      1904         2
      1052               1836      1779      1812      1872         2
      1053               1804      1747      1779      1836         2
      1054               1773      1712      1747      1804         2
      1055               1746      1685      1712      1773         2
      1056               1711      1653      1685      1746         2
      1057               1688      1629      1653      1711         2
      1058               1659      1603      1629      1688         2
      1059               1637      1580      1603      1659         2
      1060               1611      1559      1580      1637         2
      1061               1589      1535      1559      1611         2
      1062               1569      1518      1535      1589         2
      1063               1553      1504      1518      1569         2
      1064               1536      1484      1504      1553         2
      1065               1522      1472      1484      1536         2
      1066               1509      1458      1472      1522         2
      1067               1494      1447      1458      1509         2
      1068               1482      1435      1447      1494         2
      1069               1475      1426      1435      1482         2
      1070               1467      1419      1426      1475         2
      1071               1461      1413      1419      1467         2
      1072               1454      1406      1413      1461         2
      1073               1449      1404      1406      1454         2
      1074               1445      1400      1404      1449         2
      1075               1442      1396      1400      1445         2
      1076               1441      1395      1396      1442         2
      1077               1439      1392      1395      1441         2
      1078               2031      1978      2020      2071         2
      1079               1995      1941      1978      2031         2
      1080               1957      1902      1941      1995         2
      1081               1916      1863      1902      1957         2
      1082               1884      1828      1863      1916         2
      1083               1847      1790      1828      1884         2
      1084               1812      1754      1790      1847         2
      1085               1779      1721      1754      1812         2
      1086               1747      1689      1721      1779         2
      1087               1712      1655      1689      1747         2
      1088               1685      1626      1655      1712         2
      1089               1653      1598      1626      1685         2
      1090               1629      1572      1598      1653         2
      1091               1603      1549      1572      1629         2
      1092               1580      1526      1549      1603         2
      1093               1559      1508      1526      1580         2
      1094               1535      1485      1508      1559         2
      1095               1518      1469      1485      1535         2
      1096               1504      1451      1469      1518         2
      1097               1484      1437      1451      1504         2
      1098               1472      1422      1437      1484         2
      1099               1458      1412      1422      1472         2
      1100               1447      1402      1412      1458         2
      1101               1435      1386      1402      1447         2
      1102               1426      1382      1386      1435         2
      1103               1419      1376      1382      1426         2
      1104               1413      1369      1376      1419         2
      1105               1406      1362      1369      1413         2
      1106               1404      1357      1362      1406         2
      1107               1400      1353      1357      1404         2
      1108               1396      1351      1353      1400         2
      1109               1395      1347      1351      1396         2
      1110               1392      1346      1347      1395         2
      1111               1978      1929      1969      2020         2
      1112               1941      1887      1929      1978         2
      1113               1902      1849      1887      1941         2
      1114               1863      1809      1849      1902         2
      1115               1828      1769      1809      1863         2
      1116               1790      1735      1769      1828         2
      1117               1754      1699      1735      1790         2
      1118               1721      1662      1699      1754         2
      1119               1689      1632      1662      1721         2
      1120               1655      1600      1632      1689         2
      1121               1626      1573      1600      1655         2
      1122               1598      1547      1573      1626         2
      1123               1572      1523      1547      1598         2
      1124               1549      1499      1523      1572         2
      1125               1526      1478      1499      1549         2
      1126               1508      1457      1478      1526         2
      1127               1485      1440      1457      1508         2
      1128               1469      1421      1440      1485         2
      1129               1451      1408      1421      1469         2
      1130               1437      1393      1408      1451         2
      1131               1422      1380      1393      1437         2
      1132               1412      1370      1380      1422         2
      1133               1402      1358      1370      1412         2
      1134               1386      1345      1358      1402         2
      1135               1382      1342      1345      1386         2
      1136               1376      1333      1342      1382         2
      1137               1369      1325      1333      1376         2
      1138               1362      1323      1325      1369         2
      1139               1357      1318      1323      1362         2
      1140               1353      1315      1318      1357         2
      1141               1351      1311      1315      1353         2
      1142               1347      1310      1311      1351         2
      1143               1346      1309      1310      1347         2
      1144               1929      1877      1915      1969         2
      1145               1887      1833      1877      1929         2
      1146               1849      1792      1833      1887         2
      1147               1809      1755      1792      1849         2
      1148               1769      1718      1755      1809         2
      1149               1735      1682      1718      1769         2
      1150               1699      1643      1682      1735         2
      1151               1662      1610      1643      1699         2
      1152               1632      1582      1610      1662         2
      1153               1600      1552      1582      1632         2
      1154               1573      1524      1552      1600         2
      1155               1547      1497      1524      1573         2
      1156               1523      1474      1497      1547         2
      1157               1499      1452      1474      1523         2
      1158               1478      1432      1452      1499         2
      1159               1457      1414      1432      1478         2
      1160               1440      1399      1414      1457         2
      1161               1421      1379      1399      1440         2
      1162               1408      1365      1379      1421         2
      1163               1393      1352      1365      1408         2
      1164               1380      1340      1352      1393         2
      1165               1370      1326      1340      1380         2
      1166               1358      1320      1326      1370         2
      1167               1345      1308      1320      1358         2
      1168               1342      1298      1308      1345         2
      1169               1333      1293      1298      1342         2
      1170               1325      1288      1293      1333         2
      1171               1323      1285      1288      1325         2
      1172               1318      1279      1285      1323         2
      1173               1315      1273      1279      1318         2
      1174               1311      1270      1273      1315         2
      1175               1310      1268      1270      1311         2
      1176               1309      1267      1268      1310         2
      1177               1877      1825      1866      1915         2
      1178               1833      1782      1825      1877         2
      1179               1792      1745      1782      1833         2
      1180               1755      1700      1745      1792         2
      1181               1718      1660      1700      1755         2
      1182               1682      1627      1660      1718         2
      1183               1643      1592      1627      1682         2
      1184               1610      1561      1592      1643         2
      1185               1582      1529      1561      1610         2
      1186               1552      1505      1529      1582         2
      1187               1524      1476      1505      1552         2
      1188               1497      1453      1476      1524         2
      1189               1474      1430      1453      1497         2
      1190               1452      1410      1430      1474         2
      1191               1432      1385      1410      1452         2
      1192               1414      1374      1385      1432         2
      1193               1399      1355      1374      1414         2
      1194               1379      1341      1355      1399         2
      1195               1365      1324      1341      1379         2
      1196               1352      1312      1324      1365         2
      1197               1340      1299      1312      1352         2
      1198               1326      1292      1299      1340         2
      1199               1320      1281      1292      1326         2
      1200               1308      1269      1281      1320         2
      1201               1298      1261      1269      1308         2
      1202               1293      1256      1261      1298         2
      1203               1288      1250      1256      1293         2
      1204               1285      1243      1250      1288         2
      1205               1279      1238      1243      1285         2
      1206               1273      1236      1238      1279         2
      1207               1270      1233      1236      1273         2
      1208               1268      1230      1233      1270         2
      1209               1267      1229      1230      1268         2
      1210               1825      1775      1818      1866         2
      1211               1782      1727      1775      1825         2
      1212               1745      1692      1727      1782         2
      1213               1700      1649      1692      1745         2
      1214               1660      1613      1649      1700         2
      1215               1627      1578      1613      1660         2
      1216               1592      1544      1578      1627         2
      1217               1561      1515      1544      1592         2
      1218               1529      1483      1515      1561         2
      1219               1505      1459      1483      1529         2
      1220               1476      1433      1459      1505         2
      1221               1453      1411      1433      1476         2
      1222               1430      1384      1411      1453         2
      1223               1410      1371      1384      1430         2
      1224               1385      1348      1371      1410         2
      1225               1374      1334      1348      1385         2
      1226               1355      1319      1334      1374         2
      1227               1341      1302      1319      1355         2
      1228               1324      1289      1302      1341         2
      1229               1312      1276      1289      1324         2
      1230               1299      1262      1276      1312         2
      1231               1292      1254      1262      1299         2
      1232               1281      1239      1254      1292         2
      1233               1269      1232      1239      1281         2
      1234               1261      1222      1232      1269         2
      1235               1256      1214      1222      1261         2
      1236               1250      1210      1214      1256         2
      1237               1243      1205      1210      1250         2
      1238               1238      1200      1205      1243         2
      1239               1236      1197      1200      1238         2
      1240               1233      1193      1197      1236         2
      1241               1230      1191      1193      1233         2
      1242               1229      1190      1191      1230         2
      1243               1775      1722      1768      1818         2
      1244               1727      1681      1722      1775         2
      1245               1692      1640      1681      1727         2
      1246               1649      1599      1640      1692         2
      1247               1613      1566      1599      1649         2
      1248               1578      1528      1566      1613         2
      1249               1544      1501      1528      1578         2
      1250               1515      1471      1501      1544         2
      1251               1483      1444      1471      1515         2
      1252               1459      1417      1444      1483         2
      1253               1433      1394      1417      1459         2
      1254               1411      1372      1394      1433         2
      1255               1384      1349      1372      1411         2
      1256               1371      1331      1349      1384         2
      1257               1348      1316      1331      1371         2
      1258               1334      1295      1316      1348         2
      1259               1319      1283      1295      1334         2
      1260               1302      1266      1283      1319         2
      1261               1289      1253      1266      1302         2
      1262               1276      1237      1253      1289         2
      1263               1262      1225      1237      1276         2
      1264               1254      1212      1225      1262         2
      1265               1239      1204      1212      1254         2
      1266               1232      1194      1204      1239         2
      1267               1222      1180      1194      1232         2
      1268               1214      1178      1180      1222         2
      1269               1210      1170      1178      1214         2
      1270               1205      1166      1170      1210         2
      1271               1200      1158      1166      1205         2
      1272               1197      1156      1158      1200         2
      1273               1193      1151      1156      1197         2
      1274               1191      1147      1151      1193         2
      1275               1190      1146      1147      1191         2
      1276               1722      1671      1716      1768         2
      1277               1681      1631      1671      1722         2
      1278               1640      1588      1631      1681         2
      1279               1599      1556      1588      1640         2
      1280               1566      1520      1556      1599         2
      1281               1528      1486      1520      1566         2
      1282               1501      1456      1486      1528         2
      1283               1471      1429      1456      1501         2
      1284               1444      1405      1429      1471         2
      1285               1417      1378      1405      1444         2
      1286               1394      1356      1378      1417         2
      1287               1372      1337      1356      1394         2
      1288               1349      1317      1337      1372         2
      1289               1331      1294      1317      1349         2
      1290               1316      1280      1294      1331         2
      1291               1295      1259      1280      1316         2
      1292               1283      1244      1259      1295         2
      1293               1266      1228      1244      1283         2
      1294               1253      1213      1228      1266         2
      1295               1237      1202      1213      1253         2
      1296               1225      1183      1202      1237         2
      1297               1212      1174      1183      1225         2
      1298               1204      1167      1174      1212         2
      1299               1194      1152      1167      1204         2
      1300               1180      1144      1152      1194         2
      1301               1178      1137      1144      1180         2
      1302               1170      1127      1137      1178         2
      1303               1166      1122      1127      1170         2
      1304               1158      1117      1122      1166         2
      1305               1156      1112      1117      1158         2
      1306               1151      1111      1112      1156         2
      1307               1147      1107      1111      1151         2
      1308               1146      1106      1107      1147         2
      1309               1671      1624      1666      1716         2
      1310               1631      1584      1624      1671         2
      1311               1588      1545      1584      1631         2
      1312               1556      1512      1545      1588         2
      1313               1520      1477      1512      1556         2
      1314               1486      1446      1477      1520         2
      1315               1456      1418      1446      1486         2
      1316               1429      1387      1418      1456         2
      1317               1405      1366      1387      1429         2
      1318               1378      1343      1366      1405         2
      1319               1356      1321      1343      1378         2
      1320               1337      1297      1321      1356         2
      1321               1317      1282      1297      1337         2
      1322               1294      1260      1282      1317         2
      1323               1280      1242      1260      1294         2
      1324               1259      1223      1242      1280         2
      1325               1244      1207      1223      1259         2
      1326               1228      1192      1207      1244         2
      1327               1213      1179      1192      1228         2
      1328               1202      1161      1179      1213         2
      1329               1183      1145      1161      1202         2
      1330               1174      1138      1145      1183         2
      1331               1167      1124      1138      1174         2
      1332               1152      1113      1124      1167         2
      1333               1144      1103      1113      1152         2
      1334               1137      1092      1103      1144         2
      1335               1127      1088      1092      1137         2
      1336               1122      1081      1088      1127         2
      1337               1117      1074      1081      1122         2
      1338               1112      1072      1074      1117         2
      1339               1111      1065      1072      1112         2
      1340               1107      1063      1065      1111         2
      1341               1106      1062      1063      1107         2
      1342               1624      1581      1621      1666         2
      1343               1584      1539      1581      1624         2
      1344               1545      1506      1539      1584         2
      1345               1512      1470      1506      1545         2
      1346               1477      1438      1470      1512         2
      1347               1446      1409      1438      1477         2
      1348               1418      1381      1409      1446         2
      1349               1387      1354      1381      1418         2
      1350               1366      1328      1354      1387         2
      1351               1343      1307      1328      1366         2
      1352               1321      1287      1307      1343         2
      1353               1297      1265      1287      1321         2
      1354               1282      1247      1265      1297         2
      1355               1260      1226      1247      1282         2
      1356               1242      1206      1226      1260         2
      1357               1223      1186      1206      1242         2
      1358               1207      1172      1186      1223         2
      1359               1192      1154      1172      1207         2
      1360               1179      1139      1154      1192         2
      1361               1161      1123      1139      1179         2
      1362               1145      1108      1123      1161         2
      1363               1138      1094      1108      1145         2
      1364               1124      1086      1094      1138         2
      1365               1113      1073      1086      1124         2
      1366               1103      1061      1073      1113         2
      1367               1092      1051      1061      1103         2
      1368               1088      1048      1051      1092         2
      1369               1081      1037      1048      1088         2
      1370               1074      1032      1037      1081         2
      1371               1072      1028      1032      1074         2
      1372               1065      1026      1028      1072         2
      1373               1063      1024      1026      1065         2
      1374               1062      1023      1024      1063         2
      1375               1581      1534      1575      1621         2
      1376               1539      1498      1534      1581         2
      1377               1506      1465      1498      1539         2
      1378               1470      1431      1465      1506         2
      1379               1438      1403      1431      1470         2
      1380               1409      1375      1403      1438         2
      1381               1381      1344      1375      1409         2
      1382               1354      1322      1344      1381         2
      1383               1328      1296      1322      1354         2
      1384               1307      1275      1296      1328         2
      1385               1287      1255      1275      1307         2
      1386               1265      1231      1255      1287         2
      1387               1247      1211      1231      1265         2
      1388               1226      1189      1211      1247         2
      1389               1206      1171      1189      1226         2
      1390               1186      1150      1171      1206         2
      1391               1172      1132      1150      1186         2
      1392               1154      1116      1132      1172         2
      1393               1139      1098      1116      1154         2
      1394               1123      1087      1098      1139         2
      1395               1108      1067      1087      1123         2
      1396               1094      1052      1067      1108         2
      1397               1086      1042      1052      1094         2
      1398               1073      1029      1042      1086         2
      1399               1061      1017      1029      1073         2
      1400               1051      1010      1017      1061         2
      1401               1048      1001      1010      1051         2
      1402               1037       991      1001      1048         2
      1403               1032       990       991      1037         2
      1404               1028       985       990      1032         2
      1405               1026       980       985      1028         2
      1406               1024       977       980      1026         2
      1407               1023       975       977      1024         2
      1408               1534      1496      1531      1575         2
      1409               1498      1464      1496      1534         2
      1410               1465      1427      1464      1498         2
      1411               1431      1398      1427      1465         2
      1412               1403      1368      1398      1431         2
      1413               1375      1339      1368      1403         2
      1414               1344      1314      1339      1375         2
      1415               1322      1291      1314      1344         2
      1416               1296      1264      1291      1322         2
      1417               1275      1241      1264      1296         2
      1418               1255      1219      1241      1275         2
      1419               1231      1199      1219      1255         2
      1420               1211      1175      1199      1231         2
      1421               1189      1155      1175      1211         2
      1422               1171      1134      1155      1189         2
      1423               1150      1115      1134      1171         2
      1424               1132      1093      1115      1150         2
      1425               1116      1080      1093      1132         2
      1426               1098      1060      1080      1116         2
      1427               1087      1045      1060      1098         2
      1428               1067      1027      1045      1087         2
      1429               1052      1011      1027      1067         2
      1430               1042       999      1011      1052         2
      1431               1029       989       999      1042         2
      1432               1017       969       989      1029         2
      1433               1010       962       969      1017         2
      1434               1001       954       962      1010         2
      1435                991       947       954      1001         2
      1436                990       941       947       991         2
      1437                985       934       941       990         2
      1438                980       928       934       985         2
      1439                977       926       928       980         2
      1440                975       923       926       977         2
      1441               1496      1460      1495      1531         2
      1442               1464      1424      1460      1496         2
      1443               1427      1390      1424      1464         2
      1444               1398      1364      1390      1427         2
      1445               1368      1336      1364      1398         2
      1446               1339      1306      1336      1368         2
      1447               1314      1286      1306      1339         2
      1448               1291      1258      1286      1314         2
      1449               1264      1235      1258      1291         2
      1450               1241      1209      1235      1264         2
      1451               1219      1182      1209      1241         2
      1452               1199      1163      1182      1219         2
      1453               1175      1141      1163      1199         2
      1454               1155      1121      1141      1175         2
      1455               1134      1096      1121      1155         2
      1456               1115      1079      1096      1134         2
      1457               1093      1054      1079      1115         2
      1458               1080      1035      1054      1093         2
      1459               1060      1018      1035      1080         2
      1460               1045      1002      1018      1060         2
      1461               1027       986      1002      1045         2
      1462               1011       967       986      1027         2
      1463                999       952       967      1011         2
      1464                989       940       952       999         2
      1465                969       922       940       989         2
      1466                962       914       922       969         2
      1467                954       900       914       962         2
      1468                947       893       900       954         2
      1469                941       889       893       947         2
      1470                934       879       889       941         2
      1471                928       878       879       934         2
      1472                926       876       878       928         2
      1473                923       872       876       926         2
      1474               1460      1423      1463      1495         2
      1475               1424      1388      1423      1460         2
      1476               1390      1361      1388      1424         2
      1477               1364      1330      1361      1390         2
      1478               1336      1304      1330      1364         2
      1479               1306      1278      1304      1336         2
      1480               1286      1252      1278      1306         2
      1481               1258      1227      1252      1286         2
      1482               1235      1203      1227      1258         2
      1483               1209      1177      1203      1235         2
      1484               1182      1149      1177      1209         2
      1485               1163      1126      1149      1182         2
      1486               1141      1105      1126      1163         2
      1487               1121      1083      1105      1141         2
      1488               1096      1059      1083      1121         2
      1489               1079      1038      1059      1096         2
      1490               1054      1015      1038      1079         2
      1491               1035       996      1015      1054         2
      1492               1018       976       996      1035         2
      1493               1002       961       976      1018         2
      1494                986       939       961      1002         2
      1495                967       920       939       986         2
      1496                952       901       920       967         2
      1497                940       890       901       952         2
      1498                922       875       890       940         2
      1499                914       860       875       922         2
      1500                900       848       860       914         2
      1501                893       845       848       900         2
      1502                889       835       845       893         2
      1503                879       830       835       889         2
      1504                878       826       830       879         2
      1505                876       821       826       878         2
      1506                872       819       821       876         2
      1507               1423      1389      1425      1463         2
      1508               1388      1360      1389      1423         2
      1509               1361      1327      1360      1388         2
      1510               1330      1301      1327      1361         2
      1511               1304      1274      1301      1330         2
      1512               1278      1249      1274      1304         2
      1513               1252      1221      1249      1278         2
      1514               1227      1196      1221      1252         2
      1515               1203      1169      1196      1227         2
      1516               1177      1143      1169      1203         2
      1517               1149      1118      1143      1177         2
      1518               1126      1090      1118      1149         2
      1519               1105      1066      1090      1126         2
      1520               1083      1047      1066      1105         2
      1521               1059      1020      1047      1083         2
      1522               1038       998      1020      1059         2
      1523               1015       974       998      1038         2
      1524                996       953       974      1015         2
      1525                976       931       953       996         2
      1526                961       910       931       976         2
      1527                939       891       910       961         2
      1528                920       871       891       939         2
      1529                901       851       871       920         2
      1530                890       839       851       901         2
      1531                875       823       839       890         2
      1532                860       811       823       875         2
      1533                848       800       811       860         2
      1534                845       791       800       848         2
      1535                835       785       791       845         2
      1536                830       780       785       835         2
      1537                826       777       780       830         2
      1538                821       775       777       826         2
      1539                819       773       775       821         2
      1540               1389      1363      1397      1425         2
      1541               1360      1329      1363      1389         2
      1542               1327      1300      1329      1360         2
      1543               1301      1271      1300      1327         2
      1544               1274      1246      1271      1301         2
      1545               1249      1217      1246      1274         2
      1546               1221      1188      1217      1249         2
      1547               1196      1165      1188      1221         2
      1548               1169      1136      1165      1196         2
      1549               1143      1109      1136      1169         2
      1550               1118      1084      1109      1143         2
      1551               1090      1055      1084      1118         2
      1552               1066      1030      1055      1090         2
      1553               1047      1006      1030      1066         2
      1554               1020       984      1006      1047         2
      1555                998       960       984      1020         2
      1556                974       932       960       998         2
      1557                953       906       932       974         2
      1558                931       885       906       953         2
      1559                910       859       885       931         2
      1560                891       842       859       910         2
      1561                871       820       842       891         2
      1562                851       806       820       871         2
      1563                839       786       806       851         2
      1564                823       779       786       839         2
      1565                811       763       779       823         2
      1566                800       749       763       811         2
      1567                791       743       749       800         2
      1568                785       738       743       791         2
      1569                780       734       738       785         2
      1570                777       727       734       780         2
      1571                775       723       727       777         2
      1572                773       719       723       775         2
      1573               1363      1335      1367      1397         2
      1574               1329      1303      1335      1363         2
      1575               1300      1272      1303      1329         2
      1576               1271      1245      1272      1300         2
      1577               1246      1215      1245      1271         2
      1578               1217      1185      1215      1246         2
      1579               1188      1160      1185      1217         2
      1580               1165      1131      1160      1188         2
      1581               1136      1101      1131      1165         2
      1582               1109      1077      1101      1136         2
      1583               1084      1049      1077      1109         2
      1584               1055      1021      1049      1084         2
      1585               1030       993      1021      1055         2
      1586               1006       965       993      1030         2
      1587                984       943       965      1006         2
      1588                960       913       943       984         2
      1589                932       887       913       960         2
      1590                906       858       887       932         2
      1591                885       837       858       906         2
      1592                859       814       837       885         2
      1593                842       794       814       859         2
      1594                820       778       794       842         2
      1595                806       758       778       820         2
      1596                786       741       758       806         2
      1597                779       730       741       786         2
      1598                763       716       730       779         2
      1599                749       706       716       763         2
      1600                743       697       706       749         2
      1601                738       689       697       743         2
      1602                734       684       689       738         2
      1603                727       680       684       734         2
      1604                723       676       680       727         2
      1605                719       675       676       723         2
      1606               1335      1305      1338      1367         2
      1607               1303      1277      1305      1335         2
      1608               1272      1248      1277      1303         2
      1609               1245      1216      1248      1272         2
      1610               1215      1184      1216      1245         2
      1611               1185      1157      1184      1215         2
      1612               1160      1129      1157      1185         2
      1613               1131      1099      1129      1160         2
      1614               1101      1070      1099      1131         2
      1615               1077      1043      1070      1101         2
      1616               1049      1012      1043      1077         2
      1617               1021       987      1012      1049         2
      1618                993       957       987      1021         2
      1619                965       924       957       993         2
      1620                943       895       924       965         2
      1621                913       869       895       943         2
      1622                887       841       869       913         2
      1623                858       815       841       887         2
      1624                837       789       815       858         2
      1625                814       768       789       837         2
      1626                794       748       768       814         2
      1627                778       732       748       794         2
      1628                758       713       732       778         2
      1629                741       699       713       758         2
      1630                730       683       699       741         2
      1631                716       672       683       730         2
      1632                706       659       672       716         2
      1633                697       650       659       706         2
      1634                689       645       650       697         2
      1635                684       638       645       689         2
      1636                680       637       638       684         2
      1637                676       633       637       680         2
      1638                675       631       633       676         2
      1639               1305      1284      1313      1338         2
      1640               1277      1251      1284      1305         2
      1641               1248      1220      1251      1277         2
      1642               1216      1187      1220      1248         2
      1643               1184      1159      1187      1216         2
      1644               1157      1128      1159      1184         2
      1645               1129      1097      1128      1157         2
      1646               1099      1068      1097      1129         2
      1647               1070      1039      1068      1099         2
      1648               1043      1007      1039      1070         2
      1649               1012       978      1007      1043         2
      1650                987       948       978      1012         2
      1651                957       915       948       987         2
      1652                924       882       915       957         2
      1653                895       849       882       924         2
      1654                869       825       849       895         2
      1655                841       798       825       869         2
      1656                815       774       798       841         2
      1657                789       747       774       815         2
      1658                768       725       747       789         2
      1659                748       704       725       768         2
      1660                732       686       704       748         2
      1661                713       671       686       732         2
      1662                699       653       671       713         2
      1663                683       640       653       699         2
      1664                672       628       640       683         2
      1665                659       617       628       672         2
      1666                650       609       617       659         2
      1667                645       601       609       650         2
      1668                638       594       601       645         2
      1669                637       591       594       638         2
      1670                633       588       591       637         2
      1671                631       586       588       633         2
      1672               1284      1257      1290      1313         2
      1673               1251      1224      1257      1284         2
      1674               1220      1195      1224      1251         2
      1675               1187      1164      1195      1220         2
      1676               1159      1130      1164      1187         2
      1677               1128      1100      1130      1159         2
      1678               1097      1069      1100      1128         2
      1679               1068      1036      1069      1097         2
      1680               1039      1003      1036      1068         2
      1681               1007       970      1003      1039         2
      1682                978       944       970      1007         2
      1683                948       904       944       978         2
      1684                915       873       904       948         2
      1685                882       843       873       915         2
      1686                849       810       843       882         2
      1687                825       783       810       849         2
      1688                798       755       783       825         2
      1689                774       733       755       798         2
      1690                747       708       733       774         2
      1691                725       685       708       747         2
      1692                704       664       685       725         2
      1693                686       647       664       704         2
      1694                671       629       647       686         2
      1695                653       611       629       671         2
      1696                640       598       611       653         2
      1697                628       585       598       640         2
      1698                617       576       585       628         2
      1699                609       563       576       617         2
      1700                601       559       563       609         2
      1701                594       554       559       601         2
      1702                591       551       554       594         2
      1703                588       548       551       591         2
      1704                586       545       548       588         2
      1705               1257      1234      1263      1290         2
      1706               1224      1201      1234      1257         2
      1707               1195      1168      1201      1224         2
      1708               1164      1135      1168      1195         2
      1709               1130      1102      1135      1164         2
      1710               1100      1071      1102      1130         2
      1711               1069      1040      1071      1100         2
      1712               1036      1004      1040      1069         2
      1713               1003       968      1004      1036         2
      1714                970       937       968      1003         2
      1715                944       898       937       970         2
      1716                904       866       898       944         2
      1717                873       833       866       904         2
      1718                843       802       833       873         2
      1719                810       771       802       843         2
      1720                783       742       771       810         2
      1721                755       715       742       783         2
      1722                733       691       715       755         2
      1723                708       668       691       733         2
      1724                685       646       668       708         2
      1725                664       622       646       685         2
      1726                647       605       622       664         2
      1727                629       587       605       647         2
      1728                611       574       587       629         2
      1729                598       558       574       611         2
      1730                585       546       558       598         2
      1731                576       534       546       585         2
      1732                563       524       534       576         2
      1733                559       519       524       563         2
      1734                554       515       519       559         2
      1735                551       510       515       554         2
      1736                548       503       510       551         2
      1737                545       502       503       548         2
      1738               1234      1208      1240      1263         2
      1739               1201      1176      1208      1234         2
      1740               1168      1142      1176      1201         2
      1741               1135      1110      1142      1168         2
      1742               1102      1078      1110      1135         2
      1743               1071      1044      1078      1102         2
      1744               1040      1009      1044      1071         2
      1745               1004       971      1009      1040         2
      1746                968       938       971      1004         2
      1747                937       897       938       968         2
      1748                898       862       897       937         2
      1749                866       828       862       898         2
      1750                833       796       828       866         2
      1751                802       764       796       833         2
      1752                771       736       764       802         2
      1753                742       702       736       771         2
      1754                715       678       702       742         2
      1755                691       651       678       715         2
      1756                668       630       651       691         2
      1757                646       607       630       668         2
      1758                622       584       607       646         2
      1759                605       567       584       622         2
      1760                587       552       567       605         2
      1761                574       532       552       587         2
      1762                558       520       532       574         2
      1763                546       506       520       558         2
      1764                534       496       506       546         2
      1765                524       485       496       534         2
      1766                519       481       485       524         2
      1767                515       473       481       519         2
      1768                510       470       473       515         2
      1769                503       468       470       510         2
      1770                502       466       468       503         2
      1771               1208      1181      1218      1240         2
      1772               1176      1148      1181      1208         2
      1773               1142      1119      1148      1176         2
      1774               1110      1085      1119      1142         2
      1775               1078      1050      1085      1110         2
      1776               1044      1013      1050      1078         2
      1777               1009       979      1013      1044         2
      1778                971       945       979      1009         2
      1779                938       899       945       971         2
      1780                897       863       899       938         2
      1781                862       827       863       897         2
      1782                828       792       827       862         2
      1783                796       760       792       828         2
      1784                764       729       760       796         2
      1785                736       696       729       764         2
      1786                702       670       696       736         2
      1787                678       641       670       702         2
      1788                651       615       641       678         2
      1789                630       592       615       651         2
      1790                607       569       592       630         2
      1791                584       550       569       607         2
      1792                567       529       550       584         2
      1793                552       513       529       567         2
      1794                532       497       513       552         2
      1795                520       483       497       532         2
      1796                506       471       483       520         2
      1797                496       460       471       506         2
      1798                485       449       460       496         2
      1799                481       443       449       485         2
      1800                473       438       443       481         2
      1801                470       434       438       473         2
      1802                468       432       434       470         2
      1803                466       430       432       468         2
      1804               1181      1162      1198      1218         2
      1805               1148      1125      1162      1181         2
      1806               1119      1089      1125      1148         2
      1807               1085      1056      1089      1119         2
      1808               1050      1022      1056      1085         2
      1809               1013       988      1022      1050         2
      1810                979       949       988      1013         2
      1811                945       907       949       979         2
      1812                899       867       907       945         2
      1813                863       829       867       899         2
      1814                827       790       829       863         2
      1815                792       756       790       827         2
      1816                760       721       756       792         2
      1817                729       693       721       760         2
      1818                696       661       693       729         2
      1819                670       634       661       696         2
      1820                641       606       634       670         2
      1821                615       580       606       641         2
      1822                592       556       580       615         2
      1823                569       533       556       592         2
      1824                550       516       533       569         2
      1825                529       494       516       550         2
      1826                513       476       494       529         2
      1827                497       462       476       513         2
      1828                483       446       462       497         2
      1829                471       436       446       483         2
      1830                460       422       436       471         2
      1831                449       415       422       460         2
      1832                443       408       415       449         2
      1833                438       402       408       443         2
      1834                434       398       402       438         2
      1835                432       395       398       434         2
      1836                430       393       395       432         2
      1837               1162      1140      1173      1198         2
      1838               1125      1104      1140      1162         2
      1839               1089      1064      1104      1125         2
      1840               1056      1031      1064      1089         2
      1841               1022       994      1031      1056         2
      1842                988       958       994      1022         2
      1843                949       917       958       988         2
      1844                907       874       917       949         2
      1845                867       834       874       907         2
      1846                829       795       834       867         2
      1847                790       759       795       829         2
      1848                756       720       759       790         2
      1849                721       690       720       756         2
      1850                693       655       690       721         2
      1851                661       627       655       693         2
      1852                634       600       627       661         2
      1853                606       573       600       634         2
      1854                580       547       573       606         2
      1855                556       522       547       580         2
      1856                533       500       522       556         2
      1857                516       479       500       533         2
      1858                494       461       479       516         2
      1859                476       442       461       494         2
      1860                462       427       442       476         2
      1861                446       414       427       462         2
      1862                436       400       414       446         2
      1863                422       390       400       436         2
      1864                415       383       390       422         2
      1865                408       371       383       415         2
      1866                402       367       371       408         2
      1867                398       364       367       402         2
      1868                395       362       364       398         2
      1869                393       360       362       395         2
      1870               1140      1120      1153      1173         2
      1871               1104      1082      1120      1140         2
      1872               1064      1046      1082      1104         2
      1873               1031      1005      1046      1064         2
      1874                994       964      1005      1031         2
      1875                958       925       964       994         2
      1876                917       884       925       958         2
      1877                874       844       884       917         2
      1878                834       801       844       874         2
      1879                795       762       801       834         2
      1880                759       726       762       795         2
      1881                720       692       726       759         2
      1882                690       654       692       720         2
      1883                655       623       654       690         2
      1884                627       596       623       655         2
      1885                600       565       596       627         2
      1886                573       540       565       600         2
      1887                547       517       540       573         2
      1888                522       490       517       547         2
      1889                500       467       490       522         2
      1890                479       445       467       500         2
      1891                461       428       445       479         2
      1892                442       410       428       461         2
      1893                427       394       410       442         2
      1894                414       382       394       427         2
      1895                400       369       382       414         2
      1896                390       357       369       400         2
      1897                383       347       357       390         2
      1898                371       341       347       383         2
      1899                367       336       341       371         2
      1900                364       332       336       367         2
      1901                362       327       332       364         2
      1902                360       325       327       362         2
      1903               1120      1095      1133      1153         2
      1904               1082      1058      1095      1120         2
      1905               1046      1019      1058      1082         2
      1906               1005       983      1019      1046         2
      1907                964       942       983      1005         2
      1908                925       894       942       964         2
      1909                884       850       894       925         2
      1910                844       809       850       884         2
      1911                801       770       809       844         2
      1912                762       735       770       801         2
      1913                726       695       735       762         2
      1914                692       658       695       726         2
      1915                654       626       658       692         2
      1916                623       595       626       654         2
      1917                596       561       595       623         2
      1918                565       537       561       596         2
      1919                540       509       537       565         2
      1920                517       484       509       540         2
      1921                490       459       484       517         2
      1922                467       437       459       490         2
      1923                445       418       437       467         2
      1924                428       397       418       445         2
      1925                410       380       397       428         2
      1926                394       365       380       410         2
      1927                382       350       365       394         2
      1928                369       338       350       382         2
      1929                357       324       338       369         2
      1930                347       318       324       357         2
      1931                341       311       318       347         2
      1932                336       303       311       341         2
      1933                332       300       303       336         2
      1934                327       298       300       332         2
      1935                325       296       298       327         2
      1936               1095      1076      1114      1133         2
      1937               1058      1034      1076      1095         2
      1938               1019       997      1034      1058         2
      1939                983       959       997      1019         2
      1940                942       912       959       983         2
      1941                894       868       912       942         2
      1942                850       824       868       894         2
      1943                809       782       824       850         2
      1944                770       740       782       809         2
      1945                735       701       740       770         2
      1946                695       669       701       735         2
      1947                658       632       669       695         2
      1948                626       597       632       658         2
      1949                595       562       597       626         2
      1950                561       536       562       595         2
      1951                537       504       536       561         2
      1952                509       480       504       537         2
      1953                484       454       480       509         2
      1954                459       431       454       484         2
      1955                437       409       431       459         2
      1956                418       387       409       437         2
      1957                397       368       387       418         2
      1958                380       351       368       397         2
      1959                365       335       351       380         2
      1960                350       321       335       365         2
      1961                338       308       321       350         2
      1962                324       297       308       338         2
      1963                318       289       297       324         2
      1964                311       282       289       318         2
      1965                303       275       282       311         2
      1966                300       272       275       303         2
      1967                298       268       272       300         2
      1968                296       267       268       298         2
      1969               1076      1053      1091      1114         2
      1970               1034      1014      1053      1076         2
      1971                997       973      1014      1034         2
      1972                959       930       973       997         2
      1973                912       886       930       959         2
      1974                868       840       886       912         2
      1975                824       797       840       868         2
      1976                782       753       797       824         2
      1977                740       714       753       782         2
      1978                701       674       714       740         2
      1979                669       639       674       701         2
      1980                632       604       639       669         2
      1981                597       571       604       632         2
      1982                562       539       571       597         2
      1983                536       508       539       562         2
      1984                504       478       508       536         2
      1985                480       451       478       504         2
      1986                454       425       451       480         2
      1987                431       403       425       454         2
      1988                409       381       403       431         2
      1989                387       359       381       409         2
      1990                368       340       359       387         2
      1991                351       323       340       368         2
      1992                335       305       323       351         2
      1993                321       293       305       335         2
      1994                308       280       293       321         2
      1995                297       270       280       308         2
      1996                289       259       270       297         2
      1997                282       254       259       289         2
      1998                275       247       254       282         2
      1999                272       242       247       275         2
      2000                268       239       242       272         2
      2001                267       238       239       268         2
      2002               1053      1033      1075      1091         2
      2003               1014       995      1033      1053         2
      2004                973       951       995      1014         2
      2005                930       903       951       973         2
      2006                886       857       903       930         2
      2007                840       813       857       886         2
      2008                797       769       813       840         2
      2009                753       731       769       797         2
      2010                714       688       731       753         2
      2011                674       649       688       714         2
      2012                639       612       649       674         2
      2013                604       578       612       639         2
      2014                571       543       578       604         2
      2015                539       512       543       571         2
      2016                508       482       512       539         2
      2017                478       453       482       508         2
      2018                451       424       453       478         2
      2019                425       399       424       451         2
      2020                403       375       399       425         2
      2021                381       354       375       403         2
      2022                359       334       354       381         2
      2023                340       315       334       359         2
      2024                323       295       315       340         2
      2025                305       281       295       323         2
      2026                293       266       281       305         2
      2027                280       256       266       293         2
      2028                270       243       256       280         2
      2029                259       234       243       270         2
      2030                254       228       234       259         2
      2031                247       220       228       254         2
      2032                242       216       220       247         2
      2033                239       214       216       242         2
      2034                238       213       214       239         2
      2035               1033      1016      1057      1075         2
      2036                995       972      1016      1033         2
      2037                951       929       972       995         2
      2038                903       880       929       951         2
      2039                857       836       880       903         2
      2040                813       787       836       857         2
      2041                769       746       787       813         2
      2042                731       703       746       769         2
      2043                688       665       703       731         2
      2044                649       624       665       688         2
      2045                612       589       624       649         2
      2046                578       555       589       612         2
      2047                543       521       555       578         2
      2048                512       488       521       543         2
      2049                482       458       488       512         2
      2050                453       429       458       482         2
      2051                424       401       429       453         2
      2052                399       374       401       424         2
      2053                375       352       374       399         2
      2054                354       328       352       375         2
      2055                334       309       328       354         2
      2056                315       291       309       334         2
      2057                295       273       291       315         2
      2058                281       257       273       295         2
      2059                266       240       257       281         2
      2060                256       230       240       266         2
      2061                243       218       230       256         2
      2062                234       209       218       243         2
      2063                228       203       209       234         2
      2064                220       196       203       228         2
      2065                216       192       196       220         2
      2066                214       189       192       216         2
      2067                213       186       189       214         2
      2068               1016      1000      1041      1057         2
      2069                972       955      1000      1016         2
      2070                929       905       955       972         2
      2071                880       856       905       929         2
      2072                836       812       856       880         2
      2073                787       766       812       836         2
      2074                746       722       766       787         2
      2075                703       681       722       746         2
      2076                665       643       681       703         2
      2077                624       603       643       665         2
      2078                589       564       603       624         2
      2079                555       530       564       589         2
      2080                521       498       530       555         2
      2081                488       465       498       521         2
      2082                458       435       465       488         2
      2083                429       405       435       458         2
      2084                401       378       405       429         2
      2085                374       353       378       401         2
      2086                352       326       353       374         2
      2087                328       304       326       352         2
      2088                309       285       304       328         2
      2089                291       265       285       309         2
      2090                273       249       265       291         2
      2091                257       233       249       273         2
      2092                240       219       233       257         2
      2093                230       205       219       240         2
      2094                218       195       205       230         2
      2095                209       185       195       218         2
      2096                203       179       185       209         2
      2097                196       172       179       203         2
      2098                192       168       172       196         2
      2099                189       166       168       192         2
      2100                186       165       166       189         2
      2101               1000       982      1025      1041         2
      2102                955       935       982      1000         2
      2103                905       888       935       955         2
      2104                856       838       888       905         2
      2105                812       788       838       856         2
      2106                766       745       788       812         2
      2107                722       700       745       766         2
      2108                681       660       700       722         2
      2109                643       619       660       681         2
      2110                603       581       619       643         2
      2111                564       544       581       603         2
      2112                530       511       544       564         2
      2113                498       475       511       530         2
      2114                465       444       475       498         2
      2115                435       413       444       465         2
      2116                405       386       413       435         2
      2117                378       356       386       405         2
      2118                353       333       356       378         2
      2119                326       306       333       353         2
      2120                304       284       306       326         2
      2121                285       263       284       304         2
      2122                265       245       263       285         2
      2123                249       229       245       265         2
      2124                233       211       229       249         2
      2125                219       198       211       233         2
      2126                205       183       198       219         2
      2127                195       175       183       205         2
      2128                185       163       175       195         2
      2129                179       157       163       185         2
      2130                172       152       157       179         2
      2131                168       147       152       172         2
      2132                166       144       147       168         2
      2133                165       143       144       166         2
      2134                982       963      1008      1025         2
      2135                935       918       963       982         2
      2136                888       864       918       935         2
      2137                838       818       864       888         2
      2138                788       772       818       838         2
      2139                745       728       772       788         2
      2140                700       682       728       745         2
      2141                660       642       682       700         2
      2142                619       602       642       660         2
      2143                581       560       602       619         2
      2144                544       523       560       581         2
      2145                511       491       523       544         2
      2146                475       457       491       511         2
      2147                444       421       457       475         2
      2148                413       392       421       444         2
      2149                386       366       392       413         2
      2150                356       337       366       386         2
      2151                333       313       337       356         2
      2152                306       288       313       333         2
      2153                284       264       288       306         2
      2154                263       244       264       284         2
      2155                245       224       244       263         2
      2156                229       207       224       245         2
      2157                211       191       207       229         2
      2158                198       178       191       211         2
      2159                183       164       178       198         2
      2160                175       154       164       183         2
      2161                163       145       154       175         2
      2162                157       137       145       163         2
      2163                152       132       137       157         2
      2164                147       126       132       152         2
      2165                144       123       126       147         2
      2166                143       122       123       144         2
      2167                963       950       992      1008         2
      2168                918       896       950       963         2
      2169                864       847       896       918         2
      2170                818       799       847       864         2
      2171                772       750       799       818         2
      2172                728       709       750       772         2
      2173                682       666       709       728         2
      2174                642       621       666       682         2
      2175                602       583       621       642         2
      2176                560       542       583       602         2
      2177                523       505       542       560         2
      2178                491       472       505       523         2
      2179                457       439       472       491         2
      2180                421       406       439       457         2
      2181                392       373       406       421         2
      2182                366       346       373       392         2
      2183                337       320       346       366         2
      2184                313       294       320       337         2
      2185                288       269       294       313         2
      2186                264       246       269       288         2
      2187                244       226       246       264         2
      2188                224       206       226       244         2
      2189                207       187       206       224         2
      2190                191       173       187       207         2
      2191                178       160       173       191         2
      2192                164       146       160       178         2
      2193                154       135       146       164         2
      2194                145       124       135       154         2
      2195                137       119       124       145         2
      2196                132       112       119       137         2
      2197                126       107       112       132         2
      2198                123       106       107       126         2
      2199                122       105       106       123         2
      2200                950       933       981       992         2
      2201                896       881       933       950         2
      2202                847       832       881       896         2
      2203                799       784       832       847         2
      2204                750       739       784       799         2
      2205                709       694       739       750         2
      2206                666       648       694       709         2
      2207                621       608       648       666         2
      2208                583       566       608       621         2
      2209                542       526       566       583         2
      2210                505       492       526       542         2
      2211                472       455       492       505         2
      2212                439       420       455       472         2
      2213                406       389       420       439         2
      2214                373       358       389       406         2
      2215                346       329       358       373         2
      2216                320       302       329       346         2
      2217                294       276       302       320         2
      2218                269       253       276       294         2
      2219                246       232       253       269         2
      2220                226       208       232       246         2
      2221                206       190       208       226         2
      2222                187       170       190       206         2
      2223                173       155       170       187         2
      2224                160       141       155       173         2
      2225                146       129       141       160         2
      2226                135       118       129       146         2
      2227                124       108       118       135         2
      2228                119       101       108       124         2
      2229                112        96       101       119         2
      2230                107        91        96       112         2
      2231                106        88        91       107         2
      2232                105        85        88       106         2
      2233                933       919       966       981         2
      2234                881       865       919       933         2
      2235                832       817       865       881         2
      2236                784       767       817       832         2
      2237                739       718       767       784         2
      2238                694       677       718       739         2
      2239                648       636       677       694         2
      2240                608       593       636       648         2
      2241                566       553       593       608         2
      2242                526       514       553       566         2
      2243                492       474       514       526         2
      2244                455       441       474       492         2
      2245                420       407       441       455         2
      2246                389       372       407       420         2
      2247                358       344       372       389         2
      2248                329       316       344       358         2
      2249                302       287       316       329         2
      2250                276       260       287       302         2
      2251                253       237       260       276         2
      2252                232       215       237       253         2
      2253                208       194       215       232         2
      2254                190       176       194       208         2
      2255                170       156       176       190         2
      2256                155       139       156       170         2
      2257                141       125       139       155         2
      2258                129       115       125       141         2
      2259                118       102       115       129         2
      2260                108        94       102       118         2
      2261                101        84        94       108         2
      2262                 96        81        84       101         2
      2263                 91        75        81        96         2
      2264                 88        72        75        91         2
      2265                 85        71        72        88         2
      2266                919       902       956       966         2
      2267                865       852       902       919         2
      2268                817       804       852       865         2
      2269                767       754       804       817         2
      2270                718       711       754       767         2
      2271                677       663       711       718         2
      2272                636       618       663       677         2
      2273                593       579       618       636         2
      2274                553       538       579       593         2
      2275                514       499       538       553         2
      2276                474       464       499       514         2
      2277                441       426       464       474         2
      2278                407       391       426       441         2
      2279                372       361       391       407         2
      2280                344       331       361       372         2
      2281                316       301       331       344         2
      2282                287       274       301       316         2
      2283                260       248       274       287         2
      2284                237       223       248       260         2
      2285                215       201       223       237         2
      2286                194       182       201       215         2
      2287                176       161       182       194         2
      2288                156       142       161       176         2
      2289                139       127       142       156         2
      2290                125       114       127       139         2
      2291                115        99       114       125         2
      2292                102        89        99       115         2
      2293                 94        80        89       102         2
      2294                 84        70        80        94         2
      2295                 81        65        70        84         2
      2296                 75        63        65        81         2
      2297                 72        58        63        75         2
      2298                 71        57        58        72         2
      2299                902       892       946       956         2
      2300                852       846       892       902         2
      2301                804       793       846       852         2
      2302                754       744       793       804         2
      2303                711       698       744       754         2
      2304                663       652       698       711         2
      2305                618       610       652       663         2
      2306                579       568       610       618         2
      2307                538       525       568       579         2
      2308                499       486       525       538         2
      2309                464       450       486       499         2
      2310                426       417       450       464         2
      2311                391       384       417       426         2
      2312                361       348       384       391         2
      2313                331       319       348       361         2
      2314                301       290       319       331         2
      2315                274       261       290       301         2
      2316                248       236       261       274         2
      2317                223       212       236       248         2
      2318                201       188       212       223         2
      2319                182       167       188       201         2
      2320                161       148       167       182         2
      2321                142       133       148       161         2
      2322                127       116       133       142         2
      2323                114       100       116       127         2
      2324                 99        86       100       114         2
      2325                 89        77        86        99         2
      2326                 80        67        77        89         2
      2327                 70        59        67        80         2
      2328                 65        53        59        70         2
      2329                 63        50        53        65         2
      2330                 58        45        50        63         2
      2331                 57        44        45        58         2
      2332                892       883       936       946         2
      2333                846       831       883       892         2
      2334                793       781       831       846         2
      2335                744       737       781       793         2
      2336                698       687       737       744         2
      2337                652       644       687       698         2
      2338                610       599       644       652         2
      2339                568       557       599       610         2
      2340                525       518       557       568         2
      2341                486       477       518       525         2
      2342                450       440       477       486         2
      2343                417       404       440       450         2
      2344                384       370       404       417         2
      2345                348       339       370       384         2
      2346                319       307       339       348         2
      2347                290       277       307       319         2
      2348                261       252       277       290         2
      2349                236       225       252       261         2
      2350                212       202       225       236         2
      2351                188       180       202       212         2
      2352                167       159       180       188         2
      2353                148       138       159       167         2
      2354                133       120       138       148         2
      2355                116       104       120       133         2
      2356                100        90       104       116         2
      2357                 86        78        90       100         2
      2358                 77        66        78        86         2
      2359                 67        55        66        77         2
      2360                 59        49        55        67         2
      2361                 53        42        49        59         2
      2362                 50        38        42        53         2
      2363                 45        35        38        50         2
      2364                 44        34        35        45         2
      2365                883       877       927       936         2
      2366                831       822       877       883         2
      2367                781       776       822       831         2
      2368                737       724       776       781         2
      2369                687       679       724       737         2
      2370                644       635       679       687         2
      2371                599       590       635       644         2
      2372                557       549       590       599         2
      2373                518       507       549       557         2
      2374                477       469       507       518         2
      2375                440       433       469       477         2
      2376                404       396       433       440         2
      2377                370       363       396       404         2
      2378                339       330       363       370         2
      2379                307       299       330       339         2
      2380                277       271       299       307         2
      2381                252       241       271       277         2
      2382                225       217       241       252         2
      2383                202       193       217       225         2
      2384                180       169       193       202         2
      2385                159       149       169       180         2
      2386                138       130       149       159         2
      2387                120       111       130       138         2
      2388                104        97       111       120         2
      2389                 90        82        97       104         2
      2390                 78        69        82        90         2
      2391                 66        56        69        78         2
      2392                 55        46        56        66         2
      2393                 49        40        46        55         2
      2394                 42        32        40        49         2
      2395                 38        29        32        42         2
      2396                 35        26        29        38         2
      2397                 34        23        26        35         2
      2398                877       870       921       927         2
      2399                822       816       870       877         2
      2400                776       765       816       822         2
      2401                724       717       765       776         2
      2402                679       673       717       724         2
      2403                635       625       673       679         2
      2404                590       582       625       635         2
      2405                549       541       582       590         2
      2406                507       501       541       549         2
      2407                469       463       501       507         2
      2408                433       423       463       469         2
      2409                396       388       423       433         2
      2410                363       355       388       396         2
      2411                330       322       355       363         2
      2412                299       292       322       330         2
      2413                271       262       292       299         2
      2414                241       235       262       271         2
      2415                217       210       235       241         2
      2416                193       184       210       217         2
      2417                169       162       184       193         2
      2418                149       140       162       169         2
      2419                130       121       140       149         2
      2420                111       103       121       130         2
      2421                 97        87       103       111         2
      2422                 82        73        87        97         2
      2423                 69        61        73        82         2
      2424                 56        51        61        69         2
      2425                 46        41        51        56         2
      2426                 40        31        41        46         2
      2427                 32        24        31        40         2
      2428                 29        21        24        32         2
      2429                 26        18        21        29         2
      2430                 23        16        18        26         2
      2431                870       861       916       921         2
      2432                816       808       861       870         2
      2433                765       761       808       816         2
      2434                717       712       761       765         2
      2435                673       667       712       717         2
      2436                625       620       667       673         2
      2437                582       577       620       625         2
      2438                541       535       577       582         2
      2439                501       495       535       541         2
      2440                463       456       495       501         2
      2441                423       419       456       463         2
      2442                388       385       419       423         2
      2443                355       349       385       388         2
      2444                322       317       349       355         2
      2445                292       286       317       322         2
      2446                262       258       286       292         2
      2447                235       231       258       262         2
      2448                210       204       231       235         2
      2449                184       181       204       210         2
      2450                162       158       181       184         2
      2451                140       136       158       162         2
      2452                121       117       136       140         2
      2453                103        98       117       121         2
      2454                 87        83        98       103         2
      2455                 73        68        83        87         2
      2456                 61        54        68        73         2
      2457                 51        43        54        61         2
      2458                 41        33        43        51         2
      2459                 31        25        33        41         2
      2460                 24        20        25        31         2
      2461                 21        14        20        24         2
      2462                 18        12        14        21         2
      2463                 16        10        12        18         2
      2464                861       855       911       916         2
      2465                808       807       855       861         2
      2466                761       757       807       808         2
      2467                712       710       757       761         2
      2468                667       662       710       712         2
      2469                620       616       662       667         2
      2470                577       575       616       620         2
      2471                535       531       575       577         2
      2472                495       493       531       535         2
      2473                456       452       493       495         2
      2474                419       416       452       456         2
      2475                385       379       416       419         2
      2476                349       345       379       385         2
      2477                317       314       345       349         2
      2478                286       283       314       317         2
      2479                258       255       283       286         2
      2480                231       227       255       258         2
      2481                204       200       227       231         2
      2482                181       177       200       204         2
      2483                158       153       177       181         2
      2484                136       134       153       158         2
      2485                117       113       134       136         2
      2486                 98        95       113       117         2
      2487                 83        79        95        98         2
      2488                 68        64        79        83         2
      2489                 54        52        64        68         2
      2490                 43        39        52        54         2
      2491                 33        30        39        43         2
      2492                 25        22        30        33         2
      2493                 20        15        22        25         2
      2494                 14         9        15        20         2
      2495                 12         7         9        14         2
      2496                 10         5         7        12         2
      2497                855       854       909       911         2
      2498                807       805       854       855         2
      2499                757       752       805       807         2
      2500                710       707       752       757         2
      2501                662       657       707       710         2
      2502                616       614       657       662         2
      2503                575       572       614       616         2
      2504                531       528       572       575         2
      2505                493       489       528       531         2
      2506                452       448       489       493         2
      2507                416       412       448       452         2
      2508                379       377       412       416         2
      2509                345       343       377       379         2
      2510                314       312       343       345         2
      2511                283       279       312       314         2
      2512                255       251       279       283         2
      2513                227       222       251       255         2
      2514                200       199       222       227         2
      2515                177       174       199       200         2
      2516                153       151       174       177         2
      2517                134       131       151       153         2
      2518                113       110       131       134         2
      2519                 95        93       110       113         2
      2520                 79        76        93        95         2
      2521                 64        62        76        79         2
      2522                 52        48        62        64         2
      2523                 39        37        48        52         2
      2524                 30        28        37        39         2
      2525                 22        19        28        30         2
      2526                 15        13        19        22         2
      2527                  9         8        13        15         2
      2528                  7         4         8         9         2
      2529                  5         2         4         7         2
      2530                854       853       908       909         2
      2531                805       803       853       854         2
      2532                752       751       803       805         2
      2533                707       705       751       752         2
      2534                657       656       705       707         2
      2535                614       613       656       657         2
      2536                572       570       613       614         2
      2537                528       527       570       572         2
      2538                489       487       527       528         2
      2539                448       447       487       489         2
      2540                412       411       447       448         2
      2541                377       376       411       412         2
      2542                343       342       376       377         2
      2543                312       310       342       343         2
      2544                279       278       310       312         2
      2545                251       250       278       279         2
      2546                222       221       250       251         2
      2547                199       197       221       222         2
      2548                174       171       197       199         2
      2549                151       150       171       174         2
      2550                131       128       150       151         2
      2551                110       109       128       131         2
      2552                 93        92       109       110         2
      2553                 76        74        92        93         2
      2554                 62        60        74        76         2
      2555                 48        47        60        62         2
      2556                 37        36        47        48         2
      2557                 28        27        36        37         2
      2558                 19        17        27        28         2
      2559                 13        11        17        19         2
      2560                  8         6        11        13         2
      2561                  4         3         6         8         2
      2562                  2         1         3         4         2
