 mesh dimension            3  elemtype Hexahedra nnode 8
 coordinates
       1        120.00000000        -80.00000000        -80.00000000
       2        120.00000000        -66.66666412        -80.00000000
       3        120.00000000        -80.00000000        -66.66666412
       4        106.66666412        -80.00000000        -80.00000000
       5        120.00000000        -66.66666412        -66.66666412
       6        106.66666412        -66.66666412        -80.00000000
       7        106.66666412        -80.00000000        -66.66666412
       8        106.66666412        -66.66666412        -66.66666412
       9         93.33333588        -80.00000000        -80.00000000
      10        120.00000000        -80.00000000        -53.33333206
      11        120.00000000        -53.33333206        -80.00000000
      12         93.33333588        -80.00000000        -66.66666412
      13         93.33333588        -66.66666412        -80.00000000
      14        106.66666412        -80.00000000        -53.33333206
      15        120.00000000        -53.33333206        -66.66666412
      16        120.00000000        -66.66666412        -53.33333206
      17        106.66666412        -53.33333206        -80.00000000
      18         93.33333588        -66.66666412        -66.66666412
      19        106.66666412        -66.66666412        -53.33333206
      20        106.66666412        -53.33333206        -66.66666412
      21         93.33333588        -53.33333206        -80.00000000
      22         93.33333588        -80.00000000        -53.33333206
      23        120.00000000        -53.33333206        -53.33333206
      24         93.33333588        -53.33333206        -66.66666412
      25         93.33333588        -66.66666412        -53.33333206
      26        120.00000000        -40.00000000        -80.00000000
      27         80.00000000        -80.00000000        -80.00000000
      28        120.00000000        -80.00000000        -40.00000000
      29        106.66666412        -53.33333206        -53.33333206
      30         80.00000000        -66.66666412        -80.00000000
      31        106.66666412        -40.00000000        -80.00000000
      32        120.00000000        -66.66666412        -40.00000000
      33         80.00000000        -80.00000000        -66.66666412
      34        120.00000000        -40.00000000        -66.66666412
      35        106.66666412        -80.00000000        -40.00000000
      36         80.00000000        -66.66666412        -66.66666412
      37        106.66666412        -40.00000000        -66.66666412
      38        106.66666412        -66.66666412        -40.00000000
      39         93.33333588        -53.33333206        -53.33333206
      40         93.33333588        -40.00000000        -80.00000000
      41         93.33333588        -80.00000000        -40.00000000
      42        120.00000000        -53.33333206        -40.00000000
      43        120.00000000        -40.00000000        -53.33333206
      44         80.00000000        -80.00000000        -53.33333206
      45         80.00000000        -53.33333206        -80.00000000
      46         93.33333588        -66.66666412        -40.00000000
      47         93.33333588        -40.00000000        -66.66666412
      48         80.00000000        -66.66666412        -53.33333206
      49        106.66666412        -40.00000000        -53.33333206
      50         80.00000000        -53.33333206        -66.66666412
      51        106.66666412        -53.33333206        -40.00000000
      52         66.66666412        -80.00000000        -80.00000000
      53        120.00000000        -26.66666794        -80.00000000
      54        120.00000000        -80.00000000        -26.66666794
      55         93.33333588        -40.00000000        -53.33333206
      56         93.33333588        -53.33333206        -40.00000000
      57        120.00000000        -66.66666412        -26.66666794
      58         66.66666412        -66.66666412        -80.00000000
      59        120.00000000        -26.66666794        -66.66666412
      60         66.66666412        -80.00000000        -66.66666412
      61        106.66666412        -80.00000000        -26.66666794
      62        106.66666412        -26.66666794        -80.00000000
      63         80.00000000        -53.33333206        -53.33333206
      64         80.00000000        -40.00000000        -80.00000000
      65        120.00000000        -40.00000000        -40.00000000
      66         80.00000000        -80.00000000        -40.00000000
      67        106.66666412        -66.66666412        -26.66666794
      68         66.66666412        -66.66666412        -66.66666412
      69        106.66666412        -26.66666794        -66.66666412
      70         80.00000000        -66.66666412        -40.00000000
      71         80.00000000        -40.00000000        -66.66666412
      72        106.66666412        -40.00000000        -40.00000000
      73         93.33333588        -80.00000000        -26.66666794
      74         93.33333588        -26.66666794        -80.00000000
      75        120.00000000        -26.66666794        -53.33333206
      76         66.66666412        -53.33333206        -80.00000000
      77        120.00000000        -53.33333206        -26.66666794
      78         66.66666412        -80.00000000        -53.33333206
      79         93.33333588        -66.66666412        -26.66666794
      80         93.33333588        -26.66666794        -66.66666412
      81        106.66666412        -26.66666794        -53.33333206
      82        106.66666412        -53.33333206        -26.66666794
      83         66.66666412        -66.66666412        -53.33333206
      84         66.66666412        -53.33333206        -66.66666412
      85         93.33333588        -40.00000000        -40.00000000
      86         80.00000000        -40.00000000        -53.33333206
      87         80.00000000        -53.33333206        -40.00000000
      88         93.33333588        -26.66666794        -53.33333206
      89         93.33333588        -53.33333206        -26.66666794
      90         66.66666412        -53.33333206        -53.33333206
      91         66.66666412        -40.00000000        -80.00000000
      92         53.33333206        -80.00000000        -80.00000000
      93        120.00000000        -80.00000000        -13.33333302
      94        120.00000000        -40.00000000        -26.66666794
      95        120.00000000        -13.33333302        -80.00000000
      96        120.00000000        -26.66666794        -40.00000000
      97         80.00000000        -26.66666794        -80.00000000
      98         80.00000000        -80.00000000        -26.66666794
      99         66.66666412        -80.00000000        -40.00000000
     100         53.33333206        -66.66666412        -80.00000000
     101        106.66666412        -80.00000000        -13.33333302
     102         66.66666412        -40.00000000        -66.66666412
     103         80.00000000        -66.66666412        -26.66666794
     104        106.66666412        -40.00000000        -26.66666794
     105        120.00000000        -66.66666412        -13.33333302
     106        120.00000000        -13.33333302        -66.66666412
     107         80.00000000        -26.66666794        -66.66666412
     108        106.66666412        -13.33333302        -80.00000000
     109        106.66666412        -26.66666794        -40.00000000
     110         53.33333206        -80.00000000        -66.66666412
     111         66.66666412        -66.66666412        -40.00000000
     112        106.66666412        -66.66666412        -13.33333302
     113         53.33333206        -66.66666412        -66.66666412
     114         80.00000000        -40.00000000        -40.00000000
     115        106.66666412        -13.33333302        -66.66666412
     116         93.33333588        -40.00000000        -26.66666794
     117         93.33333588        -26.66666794        -40.00000000
     118         93.33333588        -80.00000000        -13.33333302
     119         66.66666412        -40.00000000        -53.33333206
     120        120.00000000        -13.33333302        -53.33333206
     121         80.00000000        -53.33333206        -26.66666794
     122         93.33333588        -13.33333302        -80.00000000
     123         80.00000000        -26.66666794        -53.33333206
     124        120.00000000        -53.33333206        -13.33333302
     125         53.33333206        -80.00000000        -53.33333206
     126         53.33333206        -53.33333206        -80.00000000
     127         66.66666412        -53.33333206        -40.00000000
     128         93.33333588        -66.66666412        -13.33333302
     129         53.33333206        -66.66666412        -53.33333206
     130         93.33333588        -13.33333302        -66.66666412
     131        106.66666412        -53.33333206        -13.33333302
     132        106.66666412        -13.33333302        -53.33333206
     133         53.33333206        -53.33333206        -66.66666412
     134         66.66666412        -80.00000000        -26.66666794
     135         66.66666412        -26.66666794        -80.00000000
     136        120.00000000        -26.66666794        -26.66666794
     137         66.66666412        -66.66666412        -26.66666794
     138         93.33333588        -13.33333302        -53.33333206
     139         93.33333588        -53.33333206        -13.33333302
     140         53.33333206        -53.33333206        -53.33333206
     141        106.66666412        -26.66666794        -26.66666794
     142         66.66666412        -26.66666794        -66.66666412
     143         66.66666412        -40.00000000        -40.00000000
     144         80.00000000        -40.00000000        -26.66666794
     145         53.33333206        -80.00000000        -40.00000000
     146        120.00000000        -40.00000000        -13.33333302
     147         53.33333206        -40.00000000        -80.00000000
     148         80.00000000        -26.66666794        -40.00000000
     149        120.00000000        -13.33333302        -40.00000000
     150         80.00000000        -80.00000000        -13.33333302
     151         80.00000000        -13.33333302        -80.00000000
     152        106.66666412        -40.00000000        -13.33333302
     153         53.33333206        -66.66666412        -40.00000000
     154         80.00000000        -66.66666412        -13.33333302
     155        106.66666412        -13.33333302        -40.00000000
     156         80.00000000        -13.33333302        -66.66666412
     157         53.33333206        -40.00000000        -66.66666412
     158         93.33333588        -26.66666794        -26.66666794
     159         40.00000000        -80.00000000        -80.00000000
     160        120.00000000          0.00000000        -80.00000000
     161        120.00000000        -80.00000000          0.00000000
     162         66.66666412        -26.66666794        -53.33333206
     163         66.66666412        -53.33333206        -26.66666794
     164         40.00000000        -66.66666412        -80.00000000
     165        106.66666412        -80.00000000          0.00000000
     166        120.00000000        -66.66666412          0.00000000
     167        120.00000000          0.00000000        -66.66666412
     168         40.00000000        -80.00000000        -66.66666412
     169        106.66666412          0.00000000        -80.00000000
     170         40.00000000        -66.66666412        -66.66666412
     171         93.33333588        -40.00000000        -13.33333302
     172        106.66666412          0.00000000        -66.66666412
     173         80.00000000        -53.33333206        -13.33333302
     174        106.66666412        -66.66666412          0.00000000
     175         93.33333588        -13.33333302        -40.00000000
     176         53.33333206        -40.00000000        -53.33333206
     177         80.00000000        -13.33333302        -53.33333206
     178         53.33333206        -53.33333206        -40.00000000
     179         93.33333588          0.00000000        -80.00000000
     180         93.33333588        -80.00000000          0.00000000
     181        120.00000000        -53.33333206          0.00000000
     182         40.00000000        -80.00000000        -53.33333206
     183         40.00000000        -53.33333206        -80.00000000
     184        120.00000000          0.00000000        -53.33333206
     185         35.00000000        -80.00000000        -80.00000000
     186        120.00000000          5.00000000        -80.00000000
     187         53.33333206        -80.00000000        -26.66666794
     188         93.33333588          0.00000000        -66.66666412
     189         66.66666412        -40.00000000        -26.66666794
     190         93.33333588        -66.66666412          0.00000000
     191         66.66666412        -80.00000000        -13.33333302
     192        120.00000000        -26.66666794        -13.33333302
     193         53.33333206        -26.66666794        -80.00000000
     194         40.00000000        -66.66666412        -53.33333206
     195        106.66666412          0.00000000        -53.33333206
     196         40.00000000        -53.33333206        -66.66666412
     197         66.66666412        -13.33333302        -80.00000000
     198        120.00000000        -13.33333302        -26.66666794
     199        106.66666412        -53.33333206          0.00000000
     200         80.00000000        -26.66666794        -26.66666794
     201         66.66666412        -26.66666794        -40.00000000
     202         35.00000000        -80.00000000        -66.66666412
     203         35.00000000        -66.66666412        -80.00000000
     204        106.66666412          5.00000000        -80.00000000
     205        120.00000000          5.00000000        -66.66666412
     206         53.33333206        -66.66666412        -26.66666794
     207        106.66666412        -26.66666794        -13.33333302
     208         66.66666412        -66.66666412        -13.33333302
     209        106.66666412        -13.33333302        -26.66666794
     210         53.33333206        -26.66666794        -66.66666412
     211         66.66666412        -13.33333302        -66.66666412
     212        106.66666412          5.00000000        -66.66666412
     213         35.00000000        -66.66666412        -66.66666412
     214         80.00000000        -40.00000000        -13.33333302
     215         53.33333206        -40.00000000        -40.00000000
     216         80.00000000        -13.33333302        -40.00000000
     217         93.33333588          0.00000000        -53.33333206
     218         93.33333588        -53.33333206          0.00000000
     219         40.00000000        -53.33333206        -53.33333206
     220         93.33333588          5.00000000        -80.00000000
     221         35.00000000        -53.33333206        -80.00000000
     222        120.00000000          5.00000000        -53.33333206
     223         35.00000000        -80.00000000        -53.33333206
     224         53.33333206        -26.66666794        -53.33333206
     225         80.00000000        -80.00000000          0.00000000
     226        120.00000000        -40.00000000          0.00000000
     227         80.00000000          0.00000000        -80.00000000
     228        120.00000000          0.00000000        -40.00000000
     229         93.33333588        -26.66666794        -13.33333302
     230         40.00000000        -40.00000000        -80.00000000
     231         53.33333206        -53.33333206        -26.66666794
     232         93.33333588        -13.33333302        -26.66666794
     233         40.00000000        -80.00000000        -40.00000000
     234         66.66666412        -53.33333206        -13.33333302
     235         66.66666412        -13.33333302        -53.33333206
     236        120.00000000         10.00000000        -80.00000000
     237         30.00000000        -80.00000000        -80.00000000
     238         93.33333588          5.00000000        -66.66666412
     239         35.00000000        -53.33333206        -66.66666412
     240        106.66666412          5.00000000        -53.33333206
     241         35.00000000        -66.66666412        -53.33333206
     242         80.00000000        -66.66666412          0.00000000
     243         40.00000000        -40.00000000        -66.66666412
     244        106.66666412        -40.00000000          0.00000000
     245         40.00000000        -66.66666412        -40.00000000
     246        106.66666412          0.00000000        -40.00000000
     247         80.00000000          0.00000000        -66.66666412
     248         30.00000000        -80.00000000        -66.66666412
     249         30.00000000        -66.66666412        -80.00000000
     250        120.00000000         10.00000000        -66.66666412
     251        106.66666412         10.00000000        -80.00000000
     252         30.00000000        -66.66666412        -66.66666412
     253        106.66666412         10.00000000        -66.66666412
     254         66.66666412        -26.66666794        -26.66666794
     255         93.33333588          5.00000000        -53.33333206
     256         35.00000000        -53.33333206        -53.33333206
     257         93.33333588        -40.00000000          0.00000000
     258         93.33333588          0.00000000        -40.00000000
     259         40.00000000        -40.00000000        -53.33333206
     260         40.00000000        -53.33333206        -40.00000000
     261         80.00000000          0.00000000        -53.33333206
     262         80.00000000        -53.33333206          0.00000000
     263         93.33333588         10.00000000        -80.00000000
     264         30.00000000        -80.00000000        -53.33333206
     265         30.00000000        -53.33333206        -80.00000000
     266        120.00000000         10.00000000        -53.33333206
     267        120.00000000          5.00000000        -40.00000000
     268         35.00000000        -80.00000000        -40.00000000
     269         80.00000000          5.00000000        -80.00000000
     270         35.00000000        -40.00000000        -80.00000000
     271         53.33333206        -40.00000000        -26.66666794
     272         66.66666412        -40.00000000        -13.33333302
     273         53.33333206        -13.33333302        -80.00000000
     274         53.33333206        -26.66666794        -40.00000000
     275         53.33333206        -80.00000000        -13.33333302
     276         80.00000000        -26.66666794        -13.33333302
     277        120.00000000        -13.33333302        -13.33333302
     278         80.00000000        -13.33333302        -26.66666794
     279         66.66666412        -13.33333302        -40.00000000
     280         93.33333588         10.00000000        -66.66666412
     281        106.66666412         10.00000000        -53.33333206
     282         30.00000000        -53.33333206        -66.66666412
     283         30.00000000        -66.66666412        -53.33333206
     284        106.66666412          5.00000000        -40.00000000
     285         80.00000000          5.00000000        -66.66666412
     286         35.00000000        -40.00000000        -66.66666412
     287         35.00000000        -66.66666412        -40.00000000
     288         25.00000000        -80.00000000        -80.00000000
     289        120.00000000         15.00000000        -80.00000000
     290         53.33333206        -66.66666412        -13.33333302
     291        106.66666412        -13.33333302        -13.33333302
     292         53.33333206        -13.33333302        -66.66666412
     293        106.66666412         15.00000000        -80.00000000
     294        120.00000000         15.00000000        -66.66666412
     295         25.00000000        -66.66666412        -80.00000000
     296         25.00000000        -80.00000000        -66.66666412
     297         66.66666412        -80.00000000          0.00000000
     298         66.66666412          0.00000000        -80.00000000
     299        120.00000000          0.00000000        -26.66666794
     300         40.00000000        -80.00000000        -26.66666794
     301        120.00000000        -26.66666794          0.00000000
     302         40.00000000        -26.66666794        -80.00000000
     303         25.00000000        -66.66666412        -66.66666412
     304        106.66666412         15.00000000        -66.66666412
     305         66.66666412        -66.66666412          0.00000000
     306         40.00000000        -66.66666412        -26.66666794
     307        106.66666412          0.00000000        -26.66666794
     308        106.66666412        -26.66666794          0.00000000
     309         66.66666412          0.00000000        -66.66666412
     310         40.00000000        -26.66666794        -66.66666412
     311         30.00000000        -53.33333206        -53.33333206
     312         93.33333588         10.00000000        -53.33333206
     313         93.33333588          5.00000000        -40.00000000
     314         80.00000000          5.00000000        -53.33333206
     315         35.00000000        -40.00000000        -53.33333206
     316         35.00000000        -53.33333206        -40.00000000
     317         80.00000000        -40.00000000          0.00000000
     318         40.00000000        -40.00000000        -40.00000000
     319         80.00000000          0.00000000        -40.00000000
     320         93.33333588        -13.33333302        -13.33333302
     321         53.33333206        -13.33333302        -53.33333206
     322         53.33333206        -53.33333206        -13.33333302
     323         80.00000000         10.00000000        -80.00000000
     324         30.00000000        -40.00000000        -80.00000000
     325         30.00000000        -80.00000000        -40.00000000
     326        120.00000000         10.00000000        -40.00000000
     327         93.33333588         15.00000000        -80.00000000
     328         25.00000000        -53.33333206        -80.00000000
     329         25.00000000        -80.00000000        -53.33333206
     330        120.00000000         15.00000000        -53.33333206
     331        106.66666412         10.00000000        -40.00000000
     332         30.00000000        -40.00000000        -66.66666412
     333         80.00000000         10.00000000        -66.66666412
     334         30.00000000        -66.66666412        -40.00000000
     335         93.33333588         15.00000000        -66.66666412
     336         25.00000000        -53.33333206        -66.66666412
     337         25.00000000        -66.66666412        -53.33333206
     338        106.66666412         15.00000000        -53.33333206
     339         93.33333588          0.00000000        -26.66666794
     340         93.33333588        -26.66666794          0.00000000
     341         40.00000000        -26.66666794        -53.33333206
     342         66.66666412        -53.33333206          0.00000000
     343         66.66666412          0.00000000        -53.33333206
     344         40.00000000        -53.33333206        -26.66666794
     345         20.00000000        -80.00000000        -80.00000000
     346        120.00000000         20.00000000        -80.00000000
     347         66.66666412          5.00000000        -80.00000000
     348        120.00000000          5.00000000        -26.66666794
     349         35.00000000        -80.00000000        -26.66666794
     350         35.00000000        -26.66666794        -80.00000000
     351         53.33333206        -26.66666794        -26.66666794
     352         66.66666412        -26.66666794        -13.33333302
     353         66.66666412        -13.33333302        -26.66666794
     354         20.00000000        -80.00000000        -66.66666412
     355         20.00000000        -66.66666412        -80.00000000
     356        120.00000000         20.00000000        -66.66666412
     357        106.66666412         20.00000000        -80.00000000
     358        106.66666412          5.00000000        -26.66666794
     359         66.66666412          5.00000000        -66.66666412
     360         35.00000000        -26.66666794        -66.66666412
     361         35.00000000        -66.66666412        -26.66666794
     362         20.00000000        -66.66666412        -66.66666412
     363        106.66666412         20.00000000        -66.66666412
     364         80.00000000         10.00000000        -53.33333206
     365         30.00000000        -40.00000000        -53.33333206
     366         30.00000000        -53.33333206        -40.00000000
     367         93.33333588         10.00000000        -40.00000000
     368         35.00000000        -40.00000000        -40.00000000
     369         80.00000000          5.00000000        -40.00000000
     370         25.00000000        -53.33333206        -53.33333206
     371         93.33333588         15.00000000        -53.33333206
     372         53.33333206        -40.00000000        -13.33333302
     373         53.33333206        -13.33333302        -40.00000000
     374         80.00000000        -13.33333302        -13.33333302
     375         25.00000000        -80.00000000        -40.00000000
     376         25.00000000        -40.00000000        -80.00000000
     377        120.00000000         15.00000000        -40.00000000
     378         80.00000000         15.00000000        -80.00000000
     379         20.00000000        -80.00000000        -53.33333206
     380        120.00000000         20.00000000        -53.33333206
     381         93.33333588         20.00000000        -80.00000000
     382         20.00000000        -53.33333206        -80.00000000
     383         93.33333588          5.00000000        -26.66666794
     384         66.66666412          5.00000000        -53.33333206
     385         35.00000000        -53.33333206        -26.66666794
     386         35.00000000        -26.66666794        -53.33333206
     387         25.00000000        -40.00000000        -66.66666412
     388         80.00000000         15.00000000        -66.66666412
     389        106.66666412         15.00000000        -40.00000000
     390         25.00000000        -66.66666412        -40.00000000
     391         66.66666412        -40.00000000          0.00000000
     392        120.00000000          0.00000000        -13.33333302
     393         80.00000000        -26.66666794          0.00000000
     394         53.33333206        -80.00000000          0.00000000
     395         80.00000000          0.00000000        -26.66666794
     396         66.66666412          0.00000000        -40.00000000
     397         40.00000000        -80.00000000        -13.33333302
     398         40.00000000        -26.66666794        -40.00000000
     399        120.00000000        -13.33333302          0.00000000
     400         53.33333206          0.00000000        -80.00000000
     401         40.00000000        -40.00000000        -26.66666794
     402         40.00000000        -13.33333302        -80.00000000
     403         93.33333588         20.00000000        -66.66666412
     404         20.00000000        -66.66666412        -53.33333206
     405         20.00000000        -53.33333206        -66.66666412
     406        106.66666412         20.00000000        -53.33333206
     407         66.66666412         10.00000000        -80.00000000
     408        120.00000000         10.00000000        -26.66666794
     409         30.00000000        -80.00000000        -26.66666794
     410         30.00000000        -26.66666794        -80.00000000
     411        106.66666412          0.00000000        -13.33333302
     412         53.33333206        -66.66666412          0.00000000
     413         40.00000000        -66.66666412        -13.33333302
     414         40.00000000        -13.33333302        -66.66666412
     415        106.66666412        -13.33333302          0.00000000
     416         53.33333206          0.00000000        -66.66666412
     417        120.00000000         25.00000000        -80.00000000
     418         15.00000000        -80.00000000        -80.00000000
     419        106.66666412         10.00000000        -26.66666794
     420         66.66666412         10.00000000        -66.66666412
     421         30.00000000        -26.66666794        -66.66666412
     422         30.00000000        -66.66666412        -26.66666794
     423         15.00000000        -80.00000000        -66.66666412
     424         15.00000000        -66.66666412        -80.00000000
     425        120.00000000         25.00000000        -66.66666412
     426        106.66666412         25.00000000        -80.00000000
     427         80.00000000         10.00000000        -40.00000000
     428         30.00000000        -40.00000000        -40.00000000
     429         80.00000000         15.00000000        -53.33333206
     430         25.00000000        -40.00000000        -53.33333206
     431         25.00000000        -53.33333206        -40.00000000
     432         93.33333588         15.00000000        -40.00000000
     433         15.00000000        -66.66666412        -66.66666412
     434        106.66666412         25.00000000        -66.66666412
     435         20.00000000        -53.33333206        -53.33333206
     436         93.33333588         20.00000000        -53.33333206
     437         93.33333588          0.00000000        -13.33333302
     438         53.33333206          0.00000000        -53.33333206
     439         40.00000000        -53.33333206        -13.33333302
     440         40.00000000        -13.33333302        -53.33333206
     441         93.33333588        -13.33333302          0.00000000
     442         53.33333206        -53.33333206          0.00000000
     443        120.00000000         20.00000000        -40.00000000
     444         20.00000000        -40.00000000        -80.00000000
     445         80.00000000         20.00000000        -80.00000000
     446         20.00000000        -80.00000000        -40.00000000
     447         93.33333588         10.00000000        -26.66666794
     448         66.66666412         10.00000000        -53.33333206
     449         30.00000000        -53.33333206        -26.66666794
     450         30.00000000        -26.66666794        -53.33333206
     451         66.66666412          5.00000000        -40.00000000
     452         80.00000000          5.00000000        -26.66666794
     453         35.00000000        -80.00000000        -13.33333302
     454         35.00000000        -13.33333302        -80.00000000
     455         35.00000000        -40.00000000        -26.66666794
     456         35.00000000        -26.66666794        -40.00000000
     457         53.33333206          5.00000000        -80.00000000
     458        120.00000000          5.00000000        -13.33333302
     459         53.33333206        -26.66666794        -13.33333302
     460         53.33333206        -13.33333302        -26.66666794
     461         66.66666412        -13.33333302        -13.33333302
     462         15.00000000        -80.00000000        -53.33333206
     463        120.00000000         25.00000000        -53.33333206
     464         15.00000000        -53.33333206        -80.00000000
     465         93.33333588         25.00000000        -80.00000000
     466        106.66666412         20.00000000        -40.00000000
     467         20.00000000        -40.00000000        -66.66666412
     468         80.00000000         20.00000000        -66.66666412
     469         20.00000000        -66.66666412        -40.00000000
     470        106.66666412          5.00000000        -13.33333302
     471         35.00000000        -66.66666412        -13.33333302
     472         53.33333206          5.00000000        -66.66666412
     473         35.00000000        -13.33333302        -66.66666412
     474         66.66666412         15.00000000        -80.00000000
     475        120.00000000         15.00000000        -26.66666794
     476         25.00000000        -80.00000000        -26.66666794
     477         25.00000000        -26.66666794        -80.00000000
     478         93.33333588         25.00000000        -66.66666412
     479         15.00000000        -66.66666412        -53.33333206
     480        106.66666412         25.00000000        -53.33333206
     481         15.00000000        -53.33333206        -66.66666412
     482        106.66666412         15.00000000        -26.66666794
     483         66.66666412         15.00000000        -66.66666412
     484         25.00000000        -26.66666794        -66.66666412
     485         25.00000000        -66.66666412        -26.66666794
     486         66.66666412          0.00000000        -26.66666794
     487         40.00000000        -26.66666794        -26.66666794
     488         66.66666412        -26.66666794          0.00000000
     489        120.00000000         30.00000000        -80.00000000
     490         10.00000000        -80.00000000        -80.00000000
     491         25.00000000        -40.00000000        -40.00000000
     492         80.00000000         15.00000000        -40.00000000
     493        120.00000000         30.00000000        -66.66666412
     494         10.00000000        -80.00000000        -66.66666412
     495        106.66666412         30.00000000        -80.00000000
     496         10.00000000        -66.66666412        -80.00000000
     497         80.00000000         20.00000000        -53.33333206
     498         20.00000000        -53.33333206        -40.00000000
     499         20.00000000        -40.00000000        -53.33333206
     500         93.33333588         20.00000000        -40.00000000
     501         93.33333588          5.00000000        -13.33333302
     502         35.00000000        -53.33333206        -13.33333302
     503         53.33333206          5.00000000        -53.33333206
     504         35.00000000        -13.33333302        -53.33333206
     505         53.33333206          0.00000000        -40.00000000
     506         80.00000000          0.00000000        -13.33333302
     507         40.00000000        -40.00000000        -13.33333302
     508         53.33333206        -40.00000000          0.00000000
     509         40.00000000        -13.33333302        -40.00000000
     510         80.00000000        -13.33333302          0.00000000
     511         15.00000000        -53.33333206        -53.33333206
     512         93.33333588         25.00000000        -53.33333206
     513         10.00000000        -66.66666412        -66.66666412
     514        106.66666412         30.00000000        -66.66666412
     515         66.66666412         10.00000000        -40.00000000
     516         80.00000000         10.00000000        -26.66666794
     517        120.00000000         10.00000000        -13.33333302
     518         30.00000000        -13.33333302        -80.00000000
     519         30.00000000        -80.00000000        -13.33333302
     520         30.00000000        -26.66666794        -40.00000000
     521         53.33333206         10.00000000        -80.00000000
     522         30.00000000        -40.00000000        -26.66666794
     523         93.33333588         15.00000000        -26.66666794
     524         66.66666412         15.00000000        -53.33333206
     525         25.00000000        -26.66666794        -53.33333206
     526         25.00000000        -53.33333206        -26.66666794
     527         15.00000000        -80.00000000        -40.00000000
     528         80.00000000         25.00000000        -80.00000000
     529        120.00000000         25.00000000        -40.00000000
     530         15.00000000        -40.00000000        -80.00000000
     531        106.66666412         10.00000000        -13.33333302
     532         30.00000000        -13.33333302        -66.66666412
     533         30.00000000        -66.66666412        -13.33333302
     534         53.33333206         10.00000000        -66.66666412
     535        120.00000000          0.00000000          0.00000000
     536         40.00000000        -80.00000000          0.00000000
     537         40.00000000          0.00000000        -80.00000000
     538         15.00000000        -66.66666412        -40.00000000
     539         80.00000000         25.00000000        -66.66666412
     540         15.00000000        -40.00000000        -66.66666412
     541        106.66666412         25.00000000        -40.00000000
     542         10.00000000        -53.33333206        -80.00000000
     543         10.00000000        -80.00000000        -53.33333206
     544         93.33333588         30.00000000        -80.00000000
     545        120.00000000         30.00000000        -53.33333206
     546        120.00000000         20.00000000        -26.66666794
     547         20.00000000        -26.66666794        -80.00000000
     548         20.00000000        -80.00000000        -26.66666794
     549         66.66666412         20.00000000        -80.00000000
     550         66.66666412          5.00000000        -26.66666794
     551         35.00000000        -26.66666794        -26.66666794
     552        106.66666412          0.00000000          0.00000000
     553         40.00000000        -66.66666412          0.00000000
     554         40.00000000          0.00000000        -66.66666412
     555         93.33333588         30.00000000        -66.66666412
     556         10.00000000        -53.33333206        -66.66666412
     557        106.66666412         30.00000000        -53.33333206
     558         10.00000000        -66.66666412        -53.33333206
     559         66.66666412         20.00000000        -66.66666412
     560         20.00000000        -66.66666412        -26.66666794
     561         20.00000000        -26.66666794        -66.66666412
     562        106.66666412         20.00000000        -26.66666794
     563         20.00000000        -40.00000000        -40.00000000
     564         80.00000000         20.00000000        -40.00000000
     565        120.00000000         35.00000000        -80.00000000
     566          5.00000000        -80.00000000        -80.00000000
     567         93.33333588         10.00000000        -13.33333302
     568         30.00000000        -53.33333206        -13.33333302
     569         30.00000000        -13.33333302        -53.33333206
     570         53.33333206         10.00000000        -53.33333206
     571         80.00000000          5.00000000        -13.33333302
     572         35.00000000        -13.33333302        -40.00000000
     573         53.33333206          5.00000000        -40.00000000
     574         35.00000000        -40.00000000        -13.33333302
     575         53.33333206        -13.33333302        -13.33333302
     576         80.00000000         25.00000000        -53.33333206
     577         15.00000000        -40.00000000        -53.33333206
     578         15.00000000        -53.33333206        -40.00000000
     579         93.33333588         25.00000000        -40.00000000
     580          5.00000000        -80.00000000        -66.66666412
     581        120.00000000         35.00000000        -66.66666412
     582          5.00000000        -66.66666412        -80.00000000
     583        106.66666412         35.00000000        -80.00000000
     584         66.66666412         15.00000000        -40.00000000
     585         80.00000000         15.00000000        -26.66666794
     586         25.00000000        -13.33333302        -80.00000000
     587        120.00000000         15.00000000        -13.33333302
     588         25.00000000        -80.00000000        -13.33333302
     589         25.00000000        -26.66666794        -40.00000000
     590         53.33333206         15.00000000        -80.00000000
     591         25.00000000        -40.00000000        -26.66666794
     592         93.33333588          0.00000000          0.00000000
     593         40.00000000        -53.33333206          0.00000000
     594         40.00000000          0.00000000        -53.33333206
     595         93.33333588         30.00000000        -53.33333206
     596         10.00000000        -53.33333206        -53.33333206
     597         93.33333588         20.00000000        -26.66666794
     598         66.66666412         20.00000000        -53.33333206
     599         20.00000000        -26.66666794        -53.33333206
     600         20.00000000        -53.33333206        -26.66666794
     601          5.00000000        -66.66666412        -66.66666412
     602        106.66666412         35.00000000        -66.66666412
     603         35.00000000        -80.00000000          0.00000000
     604         35.00000000          0.00000000        -80.00000000
     605        120.00000000          5.00000000          0.00000000
     606         40.00000000          5.00000000        -80.00000000
     607         25.00000000        -66.66666412        -13.33333302
     608         53.33333206         15.00000000        -66.66666412
     609        106.66666412         15.00000000        -13.33333302
     610         25.00000000        -13.33333302        -66.66666412
     611         53.33333206          0.00000000        -26.66666794
     612         66.66666412          0.00000000        -13.33333302
     613         40.00000000        -26.66666794        -13.33333302
     614         53.33333206        -26.66666794          0.00000000
     615         66.66666412        -13.33333302          0.00000000
     616         40.00000000        -13.33333302        -26.66666794
     617         80.00000000         30.00000000        -80.00000000
     618         10.00000000        -40.00000000        -80.00000000
     619         10.00000000        -80.00000000        -40.00000000
     620        120.00000000         30.00000000        -40.00000000
     621         66.66666412         10.00000000        -26.66666794
     622         30.00000000        -26.66666794        -26.66666794
     623        106.66666412          5.00000000          0.00000000
     624         35.00000000          0.00000000        -66.66666412
     625         35.00000000        -66.66666412          0.00000000
     626         40.00000000          5.00000000        -66.66666412
     627         15.00000000        -80.00000000        -26.66666794
     628         15.00000000        -26.66666794        -80.00000000
     629         66.66666412         25.00000000        -80.00000000
     630        120.00000000         25.00000000        -26.66666794
     631        106.66666412         30.00000000        -40.00000000
     632         10.00000000        -40.00000000        -66.66666412
     633         10.00000000        -66.66666412        -40.00000000
     634         80.00000000         30.00000000        -66.66666412
     635         93.33333588         35.00000000        -80.00000000
     636          5.00000000        -80.00000000        -53.33333206
     637          5.00000000        -53.33333206        -80.00000000
     638        120.00000000         35.00000000        -53.33333206
     639         15.00000000        -26.66666794        -66.66666412
     640         15.00000000        -66.66666412        -26.66666794
     641        106.66666412         25.00000000        -26.66666794
     642         66.66666412         25.00000000        -66.66666412
     643          5.00000000        -53.33333206        -66.66666412
     644          5.00000000        -66.66666412        -53.33333206
     645         93.33333588         35.00000000        -66.66666412
     646        106.66666412         35.00000000        -53.33333206
     647         30.00000000        -13.33333302        -40.00000000
     648         80.00000000         10.00000000        -13.33333302
     649         53.33333206         10.00000000        -40.00000000
     650         30.00000000        -40.00000000        -13.33333302
     651         93.33333588         15.00000000        -13.33333302
     652         53.33333206         15.00000000        -53.33333206
     653         25.00000000        -53.33333206        -13.33333302
     654         25.00000000        -13.33333302        -53.33333206
     655         80.00000000         25.00000000        -40.00000000
     656         15.00000000        -40.00000000        -40.00000000
     657         93.33333588          5.00000000          0.00000000
     658         35.00000000        -53.33333206          0.00000000
     659         40.00000000          5.00000000        -53.33333206
     660         35.00000000          0.00000000        -53.33333206
     661         80.00000000          0.00000000          0.00000000
     662          0.00000000        -80.00000000        -80.00000000
     663         40.00000000        -40.00000000          0.00000000
     664        120.00000000         40.00000000        -80.00000000
     665         40.00000000          0.00000000        -40.00000000
     666         80.00000000         30.00000000        -53.33333206
     667         10.00000000        -53.33333206        -40.00000000
     668         10.00000000        -40.00000000        -53.33333206
     669         93.33333588         30.00000000        -40.00000000
     670         20.00000000        -13.33333302        -80.00000000
     671         20.00000000        -80.00000000        -13.33333302
     672         66.66666412         20.00000000        -40.00000000
     673         80.00000000         20.00000000        -26.66666794
     674         20.00000000        -40.00000000        -26.66666794
     675        120.00000000         20.00000000        -13.33333302
     676         20.00000000        -26.66666794        -40.00000000
     677         53.33333206         20.00000000        -80.00000000
     678         35.00000000          5.00000000        -80.00000000
     679         30.00000000          0.00000000        -80.00000000
     680         40.00000000         10.00000000        -80.00000000
     681         30.00000000        -80.00000000          0.00000000
     682        120.00000000         10.00000000          0.00000000
     683         53.33333206          5.00000000        -26.66666794
     684         66.66666412          5.00000000        -13.33333302
     685         35.00000000        -26.66666794        -13.33333302
     686         35.00000000        -13.33333302        -26.66666794
     687          0.00000000        -66.66666412        -80.00000000
     688        120.00000000         40.00000000        -66.66666412
     689          0.00000000        -80.00000000        -66.66666412
     690        106.66666412         40.00000000        -80.00000000
     691         93.33333588         25.00000000        -26.66666794
     692         15.00000000        -53.33333206        -26.66666794
     693         15.00000000        -26.66666794        -53.33333206
     694         66.66666412         25.00000000        -53.33333206
     695         53.33333206         20.00000000        -66.66666412
     696         20.00000000        -13.33333302        -66.66666412
     697         20.00000000        -66.66666412        -13.33333302
     698        106.66666412         20.00000000        -13.33333302
     699         35.00000000          5.00000000        -66.66666412
     700          5.00000000        -53.33333206        -53.33333206
     701         93.33333588         35.00000000        -53.33333206
     702        106.66666412         10.00000000          0.00000000
     703         30.00000000          0.00000000        -66.66666412
     704         30.00000000        -66.66666412          0.00000000
     705         40.00000000         10.00000000        -66.66666412
     706         66.66666412         15.00000000        -26.66666794
     707         25.00000000        -26.66666794        -26.66666794
     708          0.00000000        -66.66666412        -66.66666412
     709        106.66666412         40.00000000        -66.66666412
     710         80.00000000         35.00000000        -80.00000000
     711          5.00000000        -80.00000000        -40.00000000
     712        120.00000000         35.00000000        -40.00000000
     713          5.00000000        -40.00000000        -80.00000000
     714         10.00000000        -26.66666794        -80.00000000
     715         10.00000000        -80.00000000        -26.66666794
     716        120.00000000         30.00000000        -26.66666794
     717         66.66666412         30.00000000        -80.00000000
     718          5.00000000        -40.00000000        -66.66666412
     719        106.66666412         35.00000000        -40.00000000
     720          5.00000000        -66.66666412        -40.00000000
     721         80.00000000         35.00000000        -66.66666412
     722         80.00000000         15.00000000        -13.33333302
     723         53.33333206         15.00000000        -40.00000000
     724         25.00000000        -13.33333302        -40.00000000
     725         25.00000000        -40.00000000        -13.33333302
     726          0.00000000        -53.33333206        -80.00000000
     727          0.00000000        -80.00000000        -53.33333206
     728         93.33333588         40.00000000        -80.00000000
     729        120.00000000         40.00000000        -53.33333206
     730         10.00000000        -26.66666794        -66.66666412
     731         10.00000000        -66.66666412        -26.66666794
     732         66.66666412         30.00000000        -66.66666412
     733        106.66666412         30.00000000        -26.66666794
     734         93.33333588         20.00000000        -13.33333302
     735         20.00000000        -13.33333302        -53.33333206
     736         53.33333206         20.00000000        -53.33333206
     737         20.00000000        -53.33333206        -13.33333302
     738         35.00000000          5.00000000        -53.33333206
     739         40.00000000         10.00000000        -53.33333206
     740         30.00000000          0.00000000        -53.33333206
     741         30.00000000        -53.33333206          0.00000000
     742         93.33333588         10.00000000          0.00000000
     743         40.00000000          5.00000000        -40.00000000
     744         80.00000000          5.00000000          0.00000000
     745         35.00000000        -40.00000000          0.00000000
     746         35.00000000          0.00000000        -40.00000000
     747         93.33333588         40.00000000        -66.66666412
     748          0.00000000        -53.33333206        -66.66666412
     749         53.33333206        -13.33333302          0.00000000
     750          0.00000000        -66.66666412        -53.33333206
     751         53.33333206          0.00000000        -13.33333302
     752        106.66666412         40.00000000        -53.33333206
     753         40.00000000        -13.33333302        -13.33333302
     754         10.00000000        -40.00000000        -40.00000000
     755         80.00000000         30.00000000        -40.00000000
     756         35.00000000         10.00000000        -80.00000000
     757         30.00000000          5.00000000        -80.00000000
     758         53.33333206         10.00000000        -26.66666794
     759         66.66666412         10.00000000        -13.33333302
     760         30.00000000        -26.66666794        -13.33333302
     761         30.00000000        -13.33333302        -26.66666794
     762         25.00000000        -80.00000000          0.00000000
     763         40.00000000         15.00000000        -80.00000000
     764         25.00000000          0.00000000        -80.00000000
     765        120.00000000         15.00000000          0.00000000
     766         15.00000000        -26.66666794        -40.00000000
     767         15.00000000        -40.00000000        -26.66666794
     768         15.00000000        -80.00000000        -13.33333302
     769         66.66666412         25.00000000        -40.00000000
     770         80.00000000         25.00000000        -26.66666794
     771         15.00000000        -13.33333302        -80.00000000
     772         53.33333206         25.00000000        -80.00000000
     773        120.00000000         25.00000000        -13.33333302
     774         30.00000000          5.00000000        -66.66666412
     775         35.00000000         10.00000000        -66.66666412
     776          5.00000000        -40.00000000        -53.33333206
     777          5.00000000        -53.33333206        -40.00000000
     778         93.33333588         35.00000000        -40.00000000
     779         80.00000000         35.00000000        -53.33333206
     780         25.00000000        -66.66666412          0.00000000
     781        106.66666412         15.00000000          0.00000000
     782         25.00000000          0.00000000        -66.66666412
     783         40.00000000         15.00000000        -66.66666412
     784         66.66666412          0.00000000          0.00000000
     785         40.00000000        -26.66666794          0.00000000
     786         40.00000000          0.00000000        -26.66666794
     787         15.00000000        -66.66666412        -13.33333302
     788         15.00000000        -13.33333302        -66.66666412
     789        106.66666412         25.00000000        -13.33333302
     790         53.33333206         25.00000000        -66.66666412
     791         10.00000000        -26.66666794        -53.33333206
     792         10.00000000        -53.33333206        -26.66666794
     793         93.33333588         30.00000000        -26.66666794
     794         66.66666412         30.00000000        -53.33333206
     795         66.66666412         20.00000000        -26.66666794
     796         20.00000000        -26.66666794        -26.66666794
     797          0.00000000        -53.33333206        -53.33333206
     798         93.33333588         40.00000000        -53.33333206
     799         80.00000000         40.00000000        -80.00000000
     800        120.00000000         40.00000000        -40.00000000
     801          0.00000000        -40.00000000        -80.00000000
     802          0.00000000        -80.00000000        -40.00000000
     803         35.00000000         10.00000000        -53.33333206
     804         30.00000000          5.00000000        -53.33333206
     805         53.33333206         20.00000000        -40.00000000
     806         20.00000000        -13.33333302        -40.00000000
     807         80.00000000         20.00000000        -13.33333302
     808         20.00000000        -40.00000000        -13.33333302
     809         35.00000000          5.00000000        -40.00000000
     810          5.00000000        -26.66666794        -80.00000000
     811          5.00000000        -80.00000000        -26.66666794
     812        120.00000000         35.00000000        -26.66666794
     813         66.66666412         35.00000000        -80.00000000
     814         40.00000000         10.00000000        -40.00000000
     815         30.00000000        -40.00000000          0.00000000
     816         80.00000000         10.00000000          0.00000000
     817         30.00000000          0.00000000        -40.00000000
     818         35.00000000        -13.33333302        -13.33333302
     819         53.33333206          5.00000000        -13.33333302
     820         93.33333588         15.00000000          0.00000000
     821         25.00000000          0.00000000        -53.33333206
     822         40.00000000         15.00000000        -53.33333206
     823         25.00000000        -53.33333206          0.00000000
     824          0.00000000        -40.00000000        -66.66666412
     825         80.00000000         40.00000000        -66.66666412
     826          0.00000000        -66.66666412        -40.00000000
     827        106.66666412         40.00000000        -40.00000000
     828         93.33333588         25.00000000        -13.33333302
     829         15.00000000        -53.33333206        -13.33333302
     830         53.33333206         25.00000000        -53.33333206
     831         15.00000000        -13.33333302        -53.33333206
     832         30.00000000         10.00000000        -80.00000000
     833          5.00000000        -26.66666794        -66.66666412
     834          5.00000000        -66.66666412        -26.66666794
     835        106.66666412         35.00000000        -26.66666794
     836         66.66666412         35.00000000        -66.66666412
     837         35.00000000         15.00000000        -80.00000000
     838         25.00000000          5.00000000        -80.00000000
     839         53.33333206         15.00000000        -26.66666794
     840         66.66666412         15.00000000        -13.33333302
     841         25.00000000        -26.66666794        -13.33333302
     842         25.00000000        -13.33333302        -26.66666794
     843         30.00000000         10.00000000        -66.66666412
     844         20.00000000        -80.00000000          0.00000000
     845         40.00000000         20.00000000        -80.00000000
     846        120.00000000         20.00000000          0.00000000
     847         20.00000000          0.00000000        -80.00000000
     848         80.00000000         35.00000000        -40.00000000
     849          5.00000000        -40.00000000        -40.00000000
     850         35.00000000         15.00000000        -66.66666412
     851         25.00000000          5.00000000        -66.66666412
     852         66.66666412          5.00000000          0.00000000
     853         35.00000000          0.00000000        -26.66666794
     854         40.00000000          5.00000000        -26.66666794
     855         35.00000000        -26.66666794          0.00000000
     856         10.00000000        -13.33333302        -80.00000000
     857         10.00000000        -80.00000000        -13.33333302
     858         80.00000000         30.00000000        -26.66666794
     859        120.00000000         30.00000000        -13.33333302
     860         10.00000000        -40.00000000        -26.66666794
     861         66.66666412         30.00000000        -40.00000000
     862         10.00000000        -26.66666794        -40.00000000
     863         53.33333206         30.00000000        -80.00000000
     864         40.00000000         20.00000000        -66.66666412
     865        106.66666412         20.00000000          0.00000000
     866         20.00000000          0.00000000        -66.66666412
     867         20.00000000        -66.66666412          0.00000000
     868         93.33333588         40.00000000        -40.00000000
     869          0.00000000        -53.33333206        -40.00000000
     870         80.00000000         40.00000000        -53.33333206
     871          0.00000000        -40.00000000        -53.33333206
     872         15.00000000        -26.66666794        -26.66666794
     873         66.66666412         25.00000000        -26.66666794
     874        106.66666412         30.00000000        -13.33333302
     875         10.00000000        -13.33333302        -66.66666412
     876         10.00000000        -66.66666412        -13.33333302
     877         53.33333206         30.00000000        -66.66666412
     878         93.33333588         35.00000000        -26.66666794
     879          5.00000000        -26.66666794        -53.33333206
     880          5.00000000        -53.33333206        -26.66666794
     881         66.66666412         35.00000000        -53.33333206
     882         30.00000000         10.00000000        -53.33333206
     883         30.00000000          5.00000000        -40.00000000
     884         35.00000000         10.00000000        -40.00000000
     885         25.00000000          5.00000000        -53.33333206
     886         35.00000000         15.00000000        -53.33333206
     887         53.33333206         10.00000000        -13.33333302
     888         30.00000000        -13.33333302        -13.33333302
     889         25.00000000        -40.00000000          0.00000000
     890         80.00000000         15.00000000          0.00000000
     891         25.00000000          0.00000000        -40.00000000
     892         40.00000000         15.00000000        -40.00000000
     893         15.00000000        -40.00000000        -13.33333302
     894         80.00000000         25.00000000        -13.33333302
     895         15.00000000        -13.33333302        -40.00000000
     896         53.33333206         25.00000000        -40.00000000
     897         93.33333588         20.00000000          0.00000000
     898         20.00000000        -53.33333206          0.00000000
     899         20.00000000          0.00000000        -53.33333206
     900         40.00000000         20.00000000        -53.33333206
     901         30.00000000         15.00000000        -80.00000000
     902         25.00000000         10.00000000        -80.00000000
     903         20.00000000          5.00000000        -80.00000000
     904         35.00000000         20.00000000        -80.00000000
     905          0.00000000        -26.66666794        -80.00000000
     906         53.33333206          0.00000000          0.00000000
     907          0.00000000        -80.00000000        -26.66666794
     908         66.66666412         40.00000000        -80.00000000
     909         40.00000000          0.00000000        -13.33333302
     910        120.00000000         40.00000000        -26.66666794
     911         40.00000000        -13.33333302          0.00000000
     912         93.33333588         30.00000000        -13.33333302
     913         53.33333206         30.00000000        -53.33333206
     914         10.00000000        -13.33333302        -53.33333206
     915         10.00000000        -53.33333206        -13.33333302
     916         66.66666412         20.00000000        -13.33333302
     917         53.33333206         20.00000000        -26.66666794
     918         20.00000000        -26.66666794        -13.33333302
     919         20.00000000        -13.33333302        -26.66666794
     920         35.00000000          5.00000000        -26.66666794
     921         30.00000000         15.00000000        -66.66666412
     922         25.00000000         10.00000000        -66.66666412
     923         30.00000000          0.00000000        -26.66666794
     924         40.00000000         10.00000000        -26.66666794
     925         66.66666412         10.00000000          0.00000000
     926         30.00000000        -26.66666794          0.00000000
     927         20.00000000          5.00000000        -66.66666412
     928         35.00000000         20.00000000        -66.66666412
     929         66.66666412         40.00000000        -66.66666412
     930          0.00000000        -66.66666412        -26.66666794
     931          0.00000000        -26.66666794        -66.66666412
     932        106.66666412         40.00000000        -26.66666794
     933         40.00000000         25.00000000        -80.00000000
     934         15.00000000        -80.00000000          0.00000000
     935        120.00000000         25.00000000          0.00000000
     936         15.00000000          0.00000000        -80.00000000
     937          0.00000000        -40.00000000        -40.00000000
     938         80.00000000         40.00000000        -40.00000000
     939         40.00000000         25.00000000        -66.66666412
     940        106.66666412         25.00000000          0.00000000
     941         15.00000000        -66.66666412          0.00000000
     942         15.00000000          0.00000000        -66.66666412
     943         53.33333206         35.00000000        -80.00000000
     944         80.00000000         35.00000000        -26.66666794
     945         66.66666412         35.00000000        -40.00000000
     946          5.00000000        -26.66666794        -40.00000000
     947          5.00000000        -13.33333302        -80.00000000
     948        120.00000000         35.00000000        -13.33333302
     949          5.00000000        -80.00000000        -13.33333302
     950          5.00000000        -40.00000000        -26.66666794
     951        120.00000000         53.33333206        -80.00000000
     952        -13.33333302        -80.00000000        -80.00000000
     953         10.00000000        -26.66666794        -26.66666794
     954         66.66666412         30.00000000        -26.66666794
     955         30.00000000         10.00000000        -40.00000000
     956         25.00000000         10.00000000        -53.33333206
     957         30.00000000         15.00000000        -53.33333206
     958         53.33333206         35.00000000        -66.66666412
     959          5.00000000        -66.66666412        -13.33333302
     960          5.00000000        -13.33333302        -66.66666412
     961        106.66666412         35.00000000        -13.33333302
     962         35.00000000         15.00000000        -40.00000000
     963         25.00000000          5.00000000        -40.00000000
     964         25.00000000        -13.33333302        -13.33333302
     965         53.33333206         15.00000000        -13.33333302
     966         20.00000000          5.00000000        -53.33333206
     967         35.00000000         20.00000000        -53.33333206
     968        106.66666412         53.33333206        -80.00000000
     969        -13.33333302        -66.66666412        -80.00000000
     970        120.00000000         53.33333206        -66.66666412
     971         66.66666412         40.00000000        -53.33333206
     972          0.00000000        -53.33333206        -26.66666794
     973         93.33333588         40.00000000        -26.66666794
     974        -13.33333302        -80.00000000        -66.66666412
     975          0.00000000        -26.66666794        -53.33333206
     976         20.00000000          0.00000000        -40.00000000
     977         20.00000000        -40.00000000          0.00000000
     978         80.00000000         20.00000000          0.00000000
     979         40.00000000         20.00000000        -40.00000000
     980         25.00000000         15.00000000        -80.00000000
     981         35.00000000          0.00000000        -13.33333302
     982         40.00000000          5.00000000        -13.33333302
     983         35.00000000        -13.33333302          0.00000000
     984         53.33333206          5.00000000          0.00000000
     985         30.00000000         20.00000000        -80.00000000
     986         20.00000000         10.00000000        -80.00000000
     987        -13.33333302        -66.66666412        -66.66666412
     988        106.66666412         53.33333206        -66.66666412
     989         93.33333588         25.00000000          0.00000000
     990         15.00000000        -53.33333206          0.00000000
     991         15.00000000          0.00000000        -53.33333206
     992         40.00000000         25.00000000        -53.33333206
     993         53.33333206         30.00000000        -40.00000000
     994         10.00000000        -13.33333302        -40.00000000
     995         10.00000000        -40.00000000        -13.33333302
     996         80.00000000         30.00000000        -13.33333302
     997         35.00000000         10.00000000        -26.66666794
     998         30.00000000          5.00000000        -26.66666794
     999         25.00000000         15.00000000        -66.66666412
    1000         35.00000000         25.00000000        -80.00000000
    1001         15.00000000          5.00000000        -80.00000000
    1002         40.00000000         15.00000000        -26.66666794
    1003         66.66666412         15.00000000          0.00000000
    1004         25.00000000        -26.66666794          0.00000000
    1005         25.00000000          0.00000000        -26.66666794
    1006         20.00000000         10.00000000        -66.66666412
    1007         30.00000000         20.00000000        -66.66666412
    1008         53.33333206         25.00000000        -26.66666794
    1009         66.66666412         25.00000000        -13.33333302
    1010         15.00000000        -13.33333302        -26.66666794
    1011         15.00000000        -26.66666794        -13.33333302
    1012         93.33333588         35.00000000        -13.33333302
    1013          5.00000000        -13.33333302        -53.33333206
    1014          5.00000000        -53.33333206        -13.33333302
    1015         53.33333206         35.00000000        -53.33333206
    1016         15.00000000          5.00000000        -66.66666412
    1017         35.00000000         25.00000000        -66.66666412
    1018         93.33333588         53.33333206        -80.00000000
    1019        -13.33333302        -53.33333206        -80.00000000
    1020        120.00000000         53.33333206        -53.33333206
    1021        -13.33333302        -80.00000000        -53.33333206
    1022        120.00000000         30.00000000          0.00000000
    1023         40.00000000         30.00000000        -80.00000000
    1024         10.00000000          0.00000000        -80.00000000
    1025         10.00000000        -80.00000000          0.00000000
    1026         93.33333588         53.33333206        -66.66666412
    1027        -13.33333302        -66.66666412        -53.33333206
    1028        -13.33333302        -53.33333206        -66.66666412
    1029        106.66666412         53.33333206        -53.33333206
    1030         40.00000000         30.00000000        -66.66666412
    1031         10.00000000          0.00000000        -66.66666412
    1032         10.00000000        -66.66666412          0.00000000
    1033        106.66666412         30.00000000          0.00000000
    1034         25.00000000         10.00000000        -40.00000000
    1035         30.00000000         15.00000000        -40.00000000
    1036         25.00000000         15.00000000        -53.33333206
    1037         20.00000000         10.00000000        -53.33333206
    1038         30.00000000         20.00000000        -53.33333206
    1039         35.00000000         20.00000000        -40.00000000
    1040         20.00000000          5.00000000        -40.00000000
    1041         80.00000000         40.00000000        -26.66666794
    1042          0.00000000        -26.66666794        -40.00000000
    1043         66.66666412         40.00000000        -40.00000000
    1044          0.00000000        -13.33333302        -80.00000000
    1045          0.00000000        -40.00000000        -26.66666794
    1046         53.33333206         40.00000000        -80.00000000
    1047          0.00000000        -80.00000000        -13.33333302
    1048        120.00000000         40.00000000        -13.33333302
    1049         20.00000000        -13.33333302        -13.33333302
    1050         53.33333206         20.00000000        -13.33333302
    1051         35.00000000          5.00000000        -13.33333302
    1052          5.00000000        -26.66666794        -26.66666794
    1053         66.66666412         35.00000000        -26.66666794
    1054         30.00000000        -13.33333302          0.00000000
    1055         30.00000000          0.00000000        -13.33333302
    1056         40.00000000         10.00000000        -13.33333302
    1057         53.33333206         10.00000000          0.00000000
    1058         15.00000000          5.00000000        -53.33333206
    1059         35.00000000         25.00000000        -53.33333206
    1060          0.00000000        -66.66666412        -13.33333302
    1061         53.33333206         40.00000000        -66.66666412
    1062        106.66666412         40.00000000        -13.33333302
    1063          0.00000000        -13.33333302        -66.66666412
    1064         15.00000000        -40.00000000          0.00000000
    1065         15.00000000          0.00000000        -40.00000000
    1066         20.00000000         15.00000000        -80.00000000
    1067         25.00000000         20.00000000        -80.00000000
    1068         40.00000000         25.00000000        -40.00000000
    1069         80.00000000         25.00000000          0.00000000
    1070         30.00000000         10.00000000        -26.66666794
    1071         35.00000000         15.00000000        -26.66666794
    1072         25.00000000          5.00000000        -26.66666794
    1073         15.00000000         10.00000000        -80.00000000
    1074         30.00000000         25.00000000        -80.00000000
    1075         93.33333588         53.33333206        -53.33333206
    1076         40.00000000          0.00000000          0.00000000
    1077        -13.33333302        -53.33333206        -53.33333206
    1078         20.00000000         15.00000000        -66.66666412
    1079         25.00000000         20.00000000        -66.66666412
    1080         40.00000000         30.00000000        -53.33333206
    1081         93.33333588         30.00000000          0.00000000
    1082         10.00000000        -53.33333206          0.00000000
    1083         10.00000000          0.00000000        -53.33333206
    1084         40.00000000         20.00000000        -26.66666794
    1085         20.00000000        -26.66666794          0.00000000
    1086         20.00000000          0.00000000        -26.66666794
    1087         66.66666412         20.00000000          0.00000000
    1088         80.00000000         35.00000000        -13.33333302
    1089         53.33333206         35.00000000        -40.00000000
    1090          5.00000000        -13.33333302        -40.00000000
    1091          5.00000000        -40.00000000        -13.33333302
    1092         30.00000000         25.00000000        -66.66666412
    1093         15.00000000         10.00000000        -66.66666412
    1094         10.00000000          5.00000000        -80.00000000
    1095         35.00000000         30.00000000        -80.00000000
    1096         40.00000000          0.00000000          1.00000000
    1097        -13.33333302        -40.00000000        -80.00000000
    1098         80.00000000         53.33333206        -80.00000000
    1099        120.00000000         53.33333206        -40.00000000
    1100        -13.33333302        -80.00000000        -40.00000000
    1101         10.00000000        -13.33333302        -26.66666794
    1102         66.66666412         30.00000000        -13.33333302
    1103         53.33333206         30.00000000        -26.66666794
    1104         10.00000000        -26.66666794        -13.33333302
    1105         35.00000000         30.00000000        -66.66666412
    1106         10.00000000          5.00000000        -66.66666412
    1107         40.00000000          0.00000000          2.00000000
    1108         80.00000000         53.33333206        -66.66666412
    1109        -13.33333302        -40.00000000        -66.66666412
    1110        -13.33333302        -66.66666412        -40.00000000
    1111        106.66666412         53.33333206        -40.00000000
    1112          0.00000000        -53.33333206        -13.33333302
    1113         53.33333206         40.00000000        -53.33333206
    1114         93.33333588         40.00000000        -13.33333302
    1115          0.00000000        -13.33333302        -53.33333206
    1116         40.00000000         35.00000000        -80.00000000
    1117          5.00000000        -80.00000000          0.00000000
    1118          5.00000000          0.00000000        -80.00000000
    1119        120.00000000         35.00000000          0.00000000
    1120         25.00000000         15.00000000        -40.00000000
    1121         30.00000000         20.00000000        -40.00000000
    1122         20.00000000         10.00000000        -40.00000000
    1123         25.00000000         20.00000000        -53.33333206
    1124         20.00000000         15.00000000        -53.33333206
    1125         35.00000000         10.00000000        -13.33333302
    1126         30.00000000          5.00000000        -13.33333302
    1127         40.00000000         35.00000000        -66.66666412
    1128          5.00000000          0.00000000        -66.66666412
    1129          5.00000000        -66.66666412          0.00000000
    1130        106.66666412         35.00000000          0.00000000
    1131         15.00000000         10.00000000        -53.33333206
    1132         30.00000000         25.00000000        -53.33333206
    1133         15.00000000          5.00000000        -40.00000000
    1134         35.00000000         25.00000000        -40.00000000
    1135         40.00000000         15.00000000        -13.33333302
    1136         25.00000000          0.00000000        -13.33333302
    1137         53.33333206         15.00000000          0.00000000
    1138         25.00000000        -13.33333302          0.00000000
    1139         15.00000000        -13.33333302        -13.33333302
    1140         53.33333206         25.00000000        -13.33333302
    1141         25.00000000         10.00000000        -26.66666794
    1142         30.00000000         15.00000000        -26.66666794
    1143         20.00000000         20.00000000        -80.00000000
    1144         35.00000000          0.00000000          0.00000000
    1145         40.00000000          5.00000000          0.00000000
    1146         35.00000000         30.00000000        -53.33333206
    1147         10.00000000          5.00000000        -53.33333206
    1148         25.00000000         25.00000000        -80.00000000
    1149         15.00000000         15.00000000        -80.00000000
    1150         35.00000000         20.00000000        -26.66666794
    1151         20.00000000          5.00000000        -26.66666794
    1152         80.00000000         53.33333206        -53.33333206
    1153         93.33333588         53.33333206        -40.00000000
    1154        -13.33333302        -53.33333206        -40.00000000
    1155        -13.33333302        -40.00000000        -53.33333206
    1156         66.66666412         40.00000000        -26.66666794
    1157          0.00000000        -26.66666794        -26.66666794
    1158         10.00000000        -40.00000000          0.00000000
    1159         40.00000000         30.00000000        -40.00000000
    1160         80.00000000         30.00000000          0.00000000
    1161         10.00000000          0.00000000        -40.00000000
    1162         20.00000000         20.00000000        -66.66666412
    1163         40.00000000          5.00000000          1.00000000
    1164         35.00000000          0.00000000          1.00000000
    1165         10.00000000         10.00000000        -80.00000000
    1166         30.00000000         30.00000000        -80.00000000
    1167         25.00000000         25.00000000        -66.66666412
    1168         15.00000000         15.00000000        -66.66666412
    1169         66.66666412         25.00000000          0.00000000
    1170         15.00000000          0.00000000        -26.66666794
    1171         15.00000000        -26.66666794          0.00000000
    1172         40.00000000         25.00000000        -26.66666794
    1173         93.33333588         35.00000000          0.00000000
    1174          5.00000000        -53.33333206          0.00000000
    1175          5.00000000          0.00000000        -53.33333206
    1176         40.00000000         35.00000000        -53.33333206
    1177         40.00000000          5.00000000          2.00000000
    1178         35.00000000          0.00000000          2.00000000
    1179         30.00000000         30.00000000        -66.66666412
    1180         10.00000000         10.00000000        -66.66666412
    1181          0.00000000        -13.33333302        -40.00000000
    1182          0.00000000        -40.00000000        -13.33333302
    1183         53.33333206         40.00000000        -40.00000000
    1184         80.00000000         40.00000000        -13.33333302
    1185         35.00000000         35.00000000        -80.00000000
    1186          5.00000000          5.00000000        -80.00000000
    1187          5.00000000        -13.33333302        -26.66666794
    1188          5.00000000        -26.66666794        -13.33333302
    1189         66.66666412         35.00000000        -13.33333302
    1190         53.33333206         35.00000000        -26.66666794
    1191        -13.33333302        -26.66666794        -80.00000000
    1192         66.66666412         53.33333206        -80.00000000
    1193        -13.33333302        -80.00000000        -26.66666794
    1194        120.00000000         53.33333206        -26.66666794
    1195         20.00000000         15.00000000        -40.00000000
    1196         25.00000000         20.00000000        -40.00000000
    1197          5.00000000          5.00000000        -66.66666412
    1198         35.00000000         35.00000000        -66.66666412
    1199         30.00000000         10.00000000        -13.33333302
    1200         25.00000000          5.00000000        -13.33333302
    1201         35.00000000         15.00000000        -13.33333302
    1202         20.00000000         20.00000000        -53.33333206
    1203         30.00000000         25.00000000        -40.00000000
    1204         15.00000000         10.00000000        -40.00000000
    1205         15.00000000         15.00000000        -53.33333206
    1206         25.00000000         25.00000000        -53.33333206
    1207         66.66666412         53.33333206        -66.66666412
    1208        -13.33333302        -66.66666412        -26.66666794
    1209        -13.33333302        -26.66666794        -66.66666412
    1210          0.00000000        -80.00000000          0.00000000
    1211          0.00000000          0.00000000        -80.00000000
    1212        120.00000000         40.00000000          0.00000000
    1213         40.00000000         40.00000000        -80.00000000
    1214        106.66666412         53.33333206        -26.66666794
    1215         53.33333206         20.00000000          0.00000000
    1216         20.00000000        -13.33333302          0.00000000
    1217         40.00000000         20.00000000        -13.33333302
    1218         20.00000000          0.00000000        -13.33333302
    1219         35.00000000          5.00000000          0.00000000
    1220         25.00000000         15.00000000        -26.66666794
    1221         30.00000000          0.00000000          0.00000000
    1222         40.00000000         10.00000000          0.00000000
    1223         10.00000000         10.00000000        -53.33333206
    1224         30.00000000         30.00000000        -53.33333206
    1225         10.00000000          5.00000000        -40.00000000
    1226         35.00000000         30.00000000        -40.00000000
    1227         30.00000000         20.00000000        -26.66666794
    1228         20.00000000         10.00000000        -26.66666794
    1229         80.00000000         53.33333206        -40.00000000
    1230        -13.33333302        -40.00000000        -40.00000000
    1231        106.66666412         40.00000000          0.00000000
    1232         40.00000000         40.00000000        -66.66666412
    1233          0.00000000        -66.66666412          0.00000000
    1234          0.00000000          0.00000000        -66.66666412
    1235         10.00000000        -13.33333302        -13.33333302
    1236         53.33333206         30.00000000        -13.33333302
    1237         35.00000000          5.00000000          1.00000000
    1238         15.00000000         20.00000000        -80.00000000
    1239         20.00000000         25.00000000        -80.00000000
    1240         40.00000000         10.00000000          1.00000000
    1241         30.00000000          0.00000000          1.00000000
    1242         35.00000000         25.00000000        -26.66666794
    1243         15.00000000          5.00000000        -26.66666794
    1244         25.00000000         30.00000000        -80.00000000
    1245         10.00000000         15.00000000        -80.00000000
    1246         35.00000000         35.00000000        -53.33333206
    1247          5.00000000          5.00000000        -53.33333206
    1248         35.00000000          5.00000000          2.00000000
    1249         20.00000000         25.00000000        -66.66666412
    1250         15.00000000         20.00000000        -66.66666412
    1251         40.00000000         10.00000000          2.00000000
    1252         30.00000000          0.00000000          2.00000000
    1253          5.00000000          0.00000000        -40.00000000
    1254          5.00000000        -40.00000000          0.00000000
    1255         40.00000000         35.00000000        -40.00000000
    1256         80.00000000         35.00000000          0.00000000
    1257         10.00000000         15.00000000        -66.66666412
    1258         25.00000000         30.00000000        -66.66666412
    1259          5.00000000         10.00000000        -80.00000000
    1260         30.00000000         35.00000000        -80.00000000
    1261         93.33333588         53.33333206        -26.66666794
    1262        -13.33333302        -26.66666794        -53.33333206
    1263        -13.33333302        -53.33333206        -26.66666794
    1264         66.66666412         53.33333206        -53.33333206
    1265         40.00000000         30.00000000        -26.66666794
    1266         10.00000000          0.00000000        -26.66666794
    1267         10.00000000        -26.66666794          0.00000000
    1268         66.66666412         30.00000000          0.00000000
    1269          5.00000000         10.00000000        -66.66666412
    1270         30.00000000         35.00000000        -66.66666412
    1271        -26.66666794        -80.00000000        -80.00000000
    1272         93.33333588         40.00000000          0.00000000
    1273         40.00000000         40.00000000        -53.33333206
    1274          0.00000000          0.00000000        -53.33333206
    1275          0.00000000        -53.33333206          0.00000000
    1276        120.00000000         66.66666412        -80.00000000
    1277         25.00000000         10.00000000        -13.33333302
    1278         30.00000000         15.00000000        -13.33333302
    1279         20.00000000         20.00000000        -40.00000000
    1280         35.00000000         40.00000000        -80.00000000
    1281          0.00000000          5.00000000        -80.00000000
    1282         25.00000000         25.00000000        -40.00000000
    1283         15.00000000         15.00000000        -40.00000000
    1284         35.00000000         20.00000000        -13.33333302
    1285         20.00000000          5.00000000        -13.33333302
    1286        106.66666412         66.66666412        -80.00000000
    1287        -26.66666794        -80.00000000        -66.66666412
    1288        120.00000000         66.66666412        -66.66666412
    1289         66.66666412         40.00000000        -13.33333302
    1290          0.00000000        -13.33333302        -26.66666794
    1291          0.00000000        -26.66666794        -13.33333302
    1292         53.33333206         40.00000000        -26.66666794
    1293        -26.66666794        -66.66666412        -80.00000000
    1294         35.00000000         10.00000000          0.00000000
    1295         30.00000000          5.00000000          0.00000000
    1296         15.00000000         20.00000000        -53.33333206
    1297         20.00000000         25.00000000        -53.33333206
    1298         10.00000000         10.00000000        -40.00000000
    1299         30.00000000         30.00000000        -40.00000000
    1300          0.00000000          5.00000000        -66.66666412
    1301         35.00000000         40.00000000        -66.66666412
    1302         25.00000000          0.00000000          0.00000000
    1303         40.00000000         15.00000000          0.00000000
    1304         25.00000000         30.00000000        -53.33333206
    1305         10.00000000         15.00000000        -53.33333206
    1306        106.66666412         66.66666412        -66.66666412
    1307        -26.66666794        -66.66666412        -66.66666412
    1308         25.00000000         20.00000000        -26.66666794
    1309         15.00000000          0.00000000        -13.33333302
    1310         53.33333206         25.00000000          0.00000000
    1311         20.00000000         15.00000000        -26.66666794
    1312         40.00000000         25.00000000        -13.33333302
    1313         15.00000000        -13.33333302          0.00000000
    1314         35.00000000         10.00000000          1.00000000
    1315         30.00000000          5.00000000          1.00000000
    1316         30.00000000         25.00000000        -26.66666794
    1317         15.00000000         10.00000000        -26.66666794
    1318         40.00000000         15.00000000          1.00000000
    1319         25.00000000          0.00000000          1.00000000
    1320          5.00000000         10.00000000        -53.33333206
    1321         30.00000000         35.00000000        -53.33333206
    1322         35.00000000         10.00000000          2.00000000
    1323         30.00000000          5.00000000          2.00000000
    1324         15.00000000         25.00000000        -80.00000000
    1325          5.00000000          5.00000000        -40.00000000
    1326         35.00000000         35.00000000        -40.00000000
    1327         10.00000000         20.00000000        -80.00000000
    1328         20.00000000         30.00000000        -80.00000000
    1329          5.00000000        -13.33333302        -13.33333302
    1330         53.33333206         35.00000000        -13.33333302
    1331         25.00000000          0.00000000          2.00000000
    1332         40.00000000         15.00000000          2.00000000
    1333         10.00000000          5.00000000        -26.66666794
    1334         35.00000000         30.00000000        -26.66666794
    1335        -13.33333302        -40.00000000        -26.66666794
    1336        -26.66666794        -53.33333206        -80.00000000
    1337        -13.33333302        -26.66666794        -40.00000000
    1338         93.33333588         66.66666412        -80.00000000
    1339         66.66666412         53.33333206        -40.00000000
    1340        -13.33333302        -13.33333302        -80.00000000
    1341        120.00000000         66.66666412        -53.33333206
    1342        -26.66666794        -80.00000000        -53.33333206
    1343         80.00000000         53.33333206        -26.66666794
    1344        -13.33333302        -80.00000000        -13.33333302
    1345        120.00000000         53.33333206        -13.33333302
    1346         53.33333206         53.33333206        -80.00000000
    1347         15.00000000         25.00000000        -66.66666412
    1348          5.00000000         15.00000000        -80.00000000
    1349         25.00000000         35.00000000        -80.00000000
    1350         10.00000000         20.00000000        -66.66666412
    1351         20.00000000         30.00000000        -66.66666412
    1352          0.00000000          5.00000000        -53.33333206
    1353         35.00000000         40.00000000        -53.33333206
    1354         93.33333588         66.66666412        -66.66666412
    1355        106.66666412         66.66666412        -53.33333206
    1356        -13.33333302        -66.66666412        -13.33333302
    1357        -13.33333302        -13.33333302        -66.66666412
    1358         53.33333206         53.33333206        -66.66666412
    1359        106.66666412         53.33333206        -13.33333302
    1360        -26.66666794        -53.33333206        -66.66666412
    1361         40.00000000         40.00000000        -40.00000000
    1362         80.00000000         40.00000000          0.00000000
    1363          0.00000000          0.00000000        -40.00000000
    1364          0.00000000        -40.00000000          0.00000000
    1365        -26.66666794        -66.66666412        -53.33333206
    1366          5.00000000         15.00000000        -66.66666412
    1367         25.00000000         35.00000000        -66.66666412
    1368          5.00000000          0.00000000        -26.66666794
    1369          5.00000000        -26.66666794          0.00000000
    1370         66.66666412         35.00000000          0.00000000
    1371         40.00000000         35.00000000        -26.66666794
    1372         25.00000000         15.00000000        -13.33333302
    1373          0.00000000         10.00000000        -80.00000000
    1374         30.00000000         40.00000000        -80.00000000
    1375         20.00000000         10.00000000        -13.33333302
    1376         30.00000000         20.00000000        -13.33333302
    1377         30.00000000         10.00000000          0.00000000
    1378         20.00000000         25.00000000        -40.00000000
    1379         15.00000000         20.00000000        -40.00000000
    1380         35.00000000         15.00000000          0.00000000
    1381         25.00000000          5.00000000          0.00000000
    1382         30.00000000         40.00000000        -66.66666412
    1383          0.00000000         10.00000000        -66.66666412
    1384         35.00000000         25.00000000        -13.33333302
    1385         15.00000000          5.00000000        -13.33333302
    1386         25.00000000         30.00000000        -40.00000000
    1387         10.00000000         15.00000000        -40.00000000
    1388         30.00000000         10.00000000          1.00000000
    1389         15.00000000         25.00000000        -53.33333206
    1390         40.00000000         20.00000000          0.00000000
    1391         20.00000000          0.00000000          0.00000000
    1392         35.00000000         15.00000000          1.00000000
    1393         25.00000000          5.00000000          1.00000000
    1394         20.00000000         30.00000000        -53.33333206
    1395         10.00000000         20.00000000        -53.33333206
    1396         20.00000000         20.00000000        -26.66666794
    1397         15.00000000         15.00000000        -26.66666794
    1398         25.00000000         25.00000000        -26.66666794
    1399         30.00000000         10.00000000          2.00000000
    1400         30.00000000         35.00000000        -40.00000000
    1401          5.00000000         10.00000000        -40.00000000
    1402         93.33333588         66.66666412        -53.33333206
    1403        -26.66666794        -53.33333206        -53.33333206
    1404         93.33333588         53.33333206        -13.33333302
    1405        -13.33333302        -13.33333302        -53.33333206
    1406        -13.33333302        -53.33333206        -13.33333302
    1407         53.33333206         53.33333206        -53.33333206
    1408         10.00000000          0.00000000        -13.33333302
    1409         53.33333206         30.00000000          0.00000000
    1410         40.00000000         30.00000000        -13.33333302
    1411         10.00000000        -13.33333302          0.00000000
    1412         20.00000000          0.00000000          1.00000000
    1413         40.00000000         20.00000000          1.00000000
    1414          5.00000000         15.00000000        -53.33333206
    1415         25.00000000         35.00000000        -53.33333206
    1416         35.00000000         15.00000000          2.00000000
    1417         25.00000000          5.00000000          2.00000000
    1418         30.00000000         30.00000000        -26.66666794
    1419         10.00000000         10.00000000        -26.66666794
    1420        120.00000000         66.66666412        -40.00000000
    1421        -26.66666794        -40.00000000        -80.00000000
    1422        -26.66666794        -80.00000000        -40.00000000
    1423         80.00000000         66.66666412        -80.00000000
    1424         20.00000000          0.00000000          2.00000000
    1425         40.00000000         20.00000000          2.00000000
    1426         15.00000000         30.00000000        -80.00000000
    1427         10.00000000         25.00000000        -80.00000000
    1428          0.00000000         10.00000000        -53.33333206
    1429         30.00000000         40.00000000        -53.33333206
    1430         20.00000000         35.00000000        -80.00000000
    1431         35.00000000         40.00000000        -40.00000000
    1432          5.00000000         20.00000000        -80.00000000
    1433          0.00000000          5.00000000        -40.00000000
    1434         80.00000000         66.66666412        -66.66666412
    1435        106.66666412         66.66666412        -40.00000000
    1436        -26.66666794        -40.00000000        -66.66666412
    1437          0.00000000        -13.33333302        -13.33333302
    1438         53.33333206         40.00000000        -13.33333302
    1439        -26.66666794        -66.66666412        -40.00000000
    1440          5.00000000          5.00000000        -26.66666794
    1441         35.00000000         35.00000000        -26.66666794
    1442         15.00000000         30.00000000        -66.66666412
    1443         10.00000000         25.00000000        -66.66666412
    1444         20.00000000         35.00000000        -66.66666412
    1445          5.00000000         20.00000000        -66.66666412
    1446         25.00000000         40.00000000        -80.00000000
    1447          0.00000000         15.00000000        -80.00000000
    1448        -13.33333302        -26.66666794        -26.66666794
    1449         66.66666412         53.33333206        -26.66666794
    1450         20.00000000         15.00000000        -13.33333302
    1451         25.00000000         20.00000000        -13.33333302
    1452         25.00000000         10.00000000          0.00000000
    1453         30.00000000         15.00000000          0.00000000
    1454         30.00000000         25.00000000        -13.33333302
    1455         15.00000000         10.00000000        -13.33333302
    1456         25.00000000         40.00000000        -66.66666412
    1457          0.00000000         15.00000000        -66.66666412
    1458         35.00000000         20.00000000          0.00000000
    1459         20.00000000          5.00000000          0.00000000
    1460          0.00000000          0.00000000        -26.66666794
    1461         66.66666412         40.00000000          0.00000000
    1462         40.00000000         40.00000000        -26.66666794
    1463          0.00000000        -26.66666794          0.00000000
    1464         15.00000000         25.00000000        -40.00000000
    1465         30.00000000         15.00000000          1.00000000
    1466         25.00000000         10.00000000          1.00000000
    1467         10.00000000         20.00000000        -40.00000000
    1468         20.00000000         30.00000000        -40.00000000
    1469         10.00000000          5.00000000        -13.33333302
    1470         35.00000000         30.00000000        -13.33333302
    1471         20.00000000          5.00000000          1.00000000
    1472         35.00000000         20.00000000          1.00000000
    1473         80.00000000         66.66666412        -53.33333206
    1474         93.33333588         66.66666412        -40.00000000
    1475         80.00000000         53.33333206        -13.33333302
    1476        -13.33333302        -13.33333302        -40.00000000
    1477        -13.33333302        -40.00000000        -13.33333302
    1478        -26.66666794        -40.00000000        -53.33333206
    1479        -26.66666794        -53.33333206        -40.00000000
    1480         53.33333206         53.33333206        -40.00000000
    1481         40.00000000         25.00000000          0.00000000
    1482         15.00000000          0.00000000          0.00000000
    1483         15.00000000         30.00000000        -53.33333206
    1484         10.00000000         25.00000000        -53.33333206
    1485         25.00000000         10.00000000          2.00000000
    1486         30.00000000         15.00000000          2.00000000
    1487         25.00000000         35.00000000        -40.00000000
    1488          5.00000000         15.00000000        -40.00000000
    1489         15.00000000         20.00000000        -26.66666794
    1490         20.00000000         25.00000000        -26.66666794
    1491          5.00000000         20.00000000        -53.33333206
    1492         20.00000000         35.00000000        -53.33333206
    1493         35.00000000         20.00000000          2.00000000
    1494         20.00000000          5.00000000          2.00000000
    1495         10.00000000         15.00000000        -26.66666794
    1496         25.00000000         30.00000000        -26.66666794
    1497         15.00000000          0.00000000          1.00000000
    1498         40.00000000         25.00000000          1.00000000
    1499          5.00000000          0.00000000        -13.33333302
    1500         40.00000000         35.00000000        -13.33333302
    1501         53.33333206         35.00000000          0.00000000
    1502          5.00000000        -13.33333302          0.00000000
    1503          0.00000000         10.00000000        -40.00000000
    1504         30.00000000         40.00000000        -40.00000000
    1505         25.00000000         40.00000000        -53.33333206
    1506          0.00000000         15.00000000        -53.33333206
    1507         40.00000000         25.00000000          2.00000000
    1508         15.00000000          0.00000000          2.00000000
    1509          5.00000000         10.00000000        -26.66666794
    1510         30.00000000         35.00000000        -26.66666794
    1511        120.00000000         53.33333206          0.00000000
    1512         40.00000000         53.33333206        -80.00000000
    1513        -13.33333302        -80.00000000          0.00000000
    1514        -13.33333302          0.00000000        -80.00000000
    1515         10.00000000         30.00000000        -80.00000000
    1516          5.00000000         25.00000000        -80.00000000
    1517         15.00000000         35.00000000        -80.00000000
    1518        106.66666412         53.33333206          0.00000000
    1519        -13.33333302        -66.66666412          0.00000000
    1520         40.00000000         53.33333206        -66.66666412
    1521        -26.66666794        -26.66666794        -80.00000000
    1522        -13.33333302          0.00000000        -66.66666412
    1523        -26.66666794        -80.00000000        -26.66666794
    1524        120.00000000         66.66666412        -26.66666794
    1525         66.66666412         66.66666412        -80.00000000
    1526         10.00000000         30.00000000        -66.66666412
    1527          0.00000000         20.00000000        -80.00000000
    1528         20.00000000         40.00000000        -80.00000000
    1529         15.00000000         35.00000000        -66.66666412
    1530          5.00000000         25.00000000        -66.66666412
    1531         20.00000000         20.00000000        -13.33333302
    1532         25.00000000         15.00000000          0.00000000
    1533         35.00000000         40.00000000        -26.66666794
    1534          0.00000000          5.00000000        -26.66666794
    1535         25.00000000         25.00000000        -13.33333302
    1536         15.00000000         15.00000000        -13.33333302
    1537         30.00000000         20.00000000          0.00000000
    1538         20.00000000         10.00000000          0.00000000
    1539        106.66666412         66.66666412        -26.66666794
    1540         66.66666412         66.66666412        -66.66666412
    1541        -26.66666794        -26.66666794        -66.66666412
    1542        -26.66666794        -66.66666412        -26.66666794
    1543          0.00000000         20.00000000        -66.66666412
    1544         20.00000000         40.00000000        -66.66666412
    1545         25.00000000         15.00000000          1.00000000
    1546         10.00000000         10.00000000        -13.33333302
    1547         30.00000000         30.00000000        -13.33333302
    1548         15.00000000          5.00000000          0.00000000
    1549         35.00000000         25.00000000          0.00000000
    1550         20.00000000         10.00000000          1.00000000
    1551         30.00000000         20.00000000          1.00000000
    1552         80.00000000         66.66666412        -40.00000000
    1553        -26.66666794        -40.00000000        -40.00000000
    1554         10.00000000         25.00000000        -40.00000000
    1555         15.00000000         30.00000000        -40.00000000
    1556         25.00000000         15.00000000          2.00000000
    1557         15.00000000          5.00000000          1.00000000
    1558         35.00000000         25.00000000          1.00000000
    1559         20.00000000         10.00000000          2.00000000
    1560         30.00000000         20.00000000          2.00000000
    1561         20.00000000         35.00000000        -40.00000000
    1562          5.00000000         20.00000000        -40.00000000
    1563         93.33333588         53.33333206          0.00000000
    1564        -13.33333302        -53.33333206          0.00000000
    1565         40.00000000         53.33333206        -53.33333206
    1566        -13.33333302          0.00000000        -53.33333206
    1567         15.00000000         25.00000000        -26.66666794
    1568          5.00000000          5.00000000        -13.33333302
    1569         35.00000000         35.00000000        -13.33333302
    1570         40.00000000         30.00000000          0.00000000
    1571         10.00000000          0.00000000          0.00000000
    1572         10.00000000         30.00000000        -53.33333206
    1573         20.00000000         30.00000000        -26.66666794
    1574         10.00000000         20.00000000        -26.66666794
    1575          5.00000000         25.00000000        -53.33333206
    1576         15.00000000         35.00000000        -53.33333206
    1577         15.00000000          5.00000000          2.00000000
    1578         35.00000000         25.00000000          2.00000000
    1579         35.00000000         53.33333206        -80.00000000
    1580        -13.33333302          5.00000000        -80.00000000
    1581          0.00000000         15.00000000        -40.00000000
    1582         25.00000000         40.00000000        -40.00000000
    1583         40.00000000         30.00000000          1.00000000
    1584         10.00000000          0.00000000          1.00000000
    1585         66.66666412         66.66666412        -53.33333206
    1586        -26.66666794        -53.33333206        -26.66666794
    1587        -13.33333302        -13.33333302        -26.66666794
    1588        -13.33333302        -26.66666794        -13.33333302
    1589        -26.66666794        -26.66666794        -53.33333206
    1590         93.33333588         66.66666412        -26.66666794
    1591         66.66666412         53.33333206        -13.33333302
    1592         53.33333206         53.33333206        -26.66666794
    1593         25.00000000         35.00000000        -26.66666794
    1594          5.00000000         15.00000000        -26.66666794
    1595         20.00000000         40.00000000        -53.33333206
    1596          0.00000000         20.00000000        -53.33333206
    1597         35.00000000         53.33333206        -66.66666412
    1598        -13.33333302          5.00000000        -66.66666412
    1599         10.00000000          0.00000000          2.00000000
    1600         40.00000000         30.00000000          2.00000000
    1601          0.00000000          0.00000000        -13.33333302
    1602          0.00000000        -13.33333302          0.00000000
    1603         40.00000000         40.00000000        -13.33333302
    1604         53.33333206         40.00000000          0.00000000
    1605          5.00000000         30.00000000        -80.00000000
    1606         10.00000000         35.00000000        -80.00000000
    1607         30.00000000         40.00000000        -26.66666794
    1608          0.00000000         10.00000000        -26.66666794
    1609          0.00000000         25.00000000        -80.00000000
    1610         25.00000000         20.00000000          0.00000000
    1611         15.00000000         40.00000000        -80.00000000
    1612         20.00000000         15.00000000          0.00000000
    1613         20.00000000         25.00000000        -13.33333302
    1614         15.00000000         20.00000000        -13.33333302
    1615         10.00000000         35.00000000        -66.66666412
    1616          5.00000000         30.00000000        -66.66666412
    1617         15.00000000         10.00000000          0.00000000
    1618         30.00000000         25.00000000          0.00000000
    1619         25.00000000         30.00000000        -13.33333302
    1620         10.00000000         15.00000000        -13.33333302
    1621         20.00000000         15.00000000          1.00000000
    1622         25.00000000         20.00000000          1.00000000
    1623        -40.00000000        -80.00000000        -80.00000000
    1624        120.00000000         80.00000000        -80.00000000
    1625         15.00000000         40.00000000        -66.66666412
    1626          0.00000000         25.00000000        -66.66666412
    1627         30.00000000         25.00000000          1.00000000
    1628         15.00000000         10.00000000          1.00000000
    1629         35.00000000         53.33333206        -53.33333206
    1630        -13.33333302          5.00000000        -53.33333206
    1631         10.00000000          5.00000000          0.00000000
    1632         35.00000000         30.00000000          0.00000000
    1633         20.00000000         15.00000000          2.00000000
    1634         25.00000000         20.00000000          2.00000000
    1635          5.00000000         10.00000000        -13.33333302
    1636         30.00000000         35.00000000        -13.33333302
    1637         40.00000000         53.33333206        -40.00000000
    1638        -13.33333302        -40.00000000          0.00000000
    1639         80.00000000         53.33333206          0.00000000
    1640        106.66666412         80.00000000        -80.00000000
    1641        -40.00000000        -80.00000000        -66.66666412
    1642        120.00000000         80.00000000        -66.66666412
    1643        -40.00000000        -66.66666412        -80.00000000
    1644        -13.33333302          0.00000000        -40.00000000
    1645         10.00000000         30.00000000        -40.00000000
    1646         15.00000000         10.00000000          2.00000000
    1647         30.00000000         25.00000000          2.00000000
    1648          5.00000000         25.00000000        -40.00000000
    1649         15.00000000         35.00000000        -40.00000000
    1650         30.00000000         53.33333206        -80.00000000
    1651        -13.33333302         10.00000000        -80.00000000
    1652         10.00000000          5.00000000          1.00000000
    1653         35.00000000         30.00000000          1.00000000
    1654         66.66666412         66.66666412        -40.00000000
    1655        -40.00000000        -66.66666412        -66.66666412
    1656        -26.66666794        -26.66666794        -40.00000000
    1657        106.66666412         80.00000000        -66.66666412
    1658        -26.66666794        -40.00000000        -26.66666794
    1659        -26.66666794        -13.33333302        -80.00000000
    1660         80.00000000         66.66666412        -26.66666794
    1661        -26.66666794        -80.00000000        -13.33333302
    1662         53.33333206         66.66666412        -80.00000000
    1663        120.00000000         66.66666412        -13.33333302
    1664         15.00000000         30.00000000        -26.66666794
    1665         10.00000000         25.00000000        -26.66666794
    1666          0.00000000         20.00000000        -40.00000000
    1667         20.00000000         40.00000000        -40.00000000
    1668         40.00000000         35.00000000          0.00000000
    1669          5.00000000          0.00000000          0.00000000
    1670         10.00000000         35.00000000        -53.33333206
    1671          5.00000000         30.00000000        -53.33333206
    1672         10.00000000          5.00000000          2.00000000
    1673         35.00000000         30.00000000          2.00000000
    1674         30.00000000         53.33333206        -66.66666412
    1675        -13.33333302         10.00000000        -66.66666412
    1676          5.00000000         20.00000000        -26.66666794
    1677          0.00000000          5.00000000        -13.33333302
    1678         20.00000000         35.00000000        -26.66666794
    1679         35.00000000         40.00000000        -13.33333302
    1680        106.66666412         66.66666412        -13.33333302
    1681        -26.66666794        -13.33333302        -66.66666412
    1682        -26.66666794        -66.66666412        -13.33333302
    1683         53.33333206         66.66666412        -66.66666412
    1684          0.00000000         25.00000000        -53.33333206
    1685         15.00000000         40.00000000        -53.33333206
    1686          5.00000000          0.00000000          1.00000000
    1687         40.00000000         35.00000000          1.00000000
    1688         25.00000000         40.00000000        -26.66666794
    1689          0.00000000         15.00000000        -26.66666794
    1690         93.33333588         80.00000000        -80.00000000
    1691        -40.00000000        -53.33333206        -80.00000000
    1692        -40.00000000        -80.00000000        -53.33333206
    1693        120.00000000         80.00000000        -53.33333206
    1694          5.00000000          0.00000000          2.00000000
    1695         40.00000000         35.00000000          2.00000000
    1696         20.00000000         20.00000000          0.00000000
    1697         15.00000000         15.00000000          0.00000000
    1698         25.00000000         25.00000000          0.00000000
    1699          5.00000000         35.00000000        -80.00000000
    1700         93.33333588         80.00000000        -66.66666412
    1701        -40.00000000        -53.33333206        -66.66666412
    1702        106.66666412         80.00000000        -53.33333206
    1703        -40.00000000        -66.66666412        -53.33333206
    1704         15.00000000         25.00000000        -13.33333302
    1705         10.00000000         40.00000000        -80.00000000
    1706          0.00000000         30.00000000        -80.00000000
    1707         20.00000000         30.00000000        -13.33333302
    1708         10.00000000         20.00000000        -13.33333302
    1709         20.00000000         20.00000000          1.00000000
    1710         30.00000000         53.33333206        -53.33333206
    1711        -13.33333302         10.00000000        -53.33333206
    1712         10.00000000         10.00000000          0.00000000
    1713         30.00000000         30.00000000          0.00000000
    1714         35.00000000         53.33333206        -40.00000000
    1715        -13.33333302          5.00000000        -40.00000000
    1716         25.00000000         25.00000000          1.00000000
    1717         15.00000000         15.00000000          1.00000000
    1718          5.00000000         35.00000000        -66.66666412
    1719        -13.33333302        -13.33333302        -13.33333302
    1720        -26.66666794        -53.33333206        -13.33333302
    1721         93.33333588         66.66666412        -13.33333302
    1722        -26.66666794        -13.33333302        -53.33333206
    1723         53.33333206         66.66666412        -53.33333206
    1724         53.33333206         53.33333206        -13.33333302
    1725         10.00000000         40.00000000        -66.66666412
    1726          0.00000000         30.00000000        -66.66666412
    1727          5.00000000         15.00000000        -13.33333302
    1728         25.00000000         35.00000000        -13.33333302
    1729         20.00000000         20.00000000          2.00000000
    1730         10.00000000         10.00000000          1.00000000
    1731         30.00000000         30.00000000          1.00000000
    1732         15.00000000         15.00000000          2.00000000
    1733         25.00000000         25.00000000          2.00000000
    1734         25.00000000         53.33333206        -80.00000000
    1735        -13.33333302         15.00000000        -80.00000000
    1736         35.00000000         35.00000000          0.00000000
    1737          5.00000000          5.00000000          0.00000000
    1738         10.00000000         10.00000000          2.00000000
    1739         30.00000000         30.00000000          2.00000000
    1740          5.00000000         30.00000000        -40.00000000
    1741         10.00000000         35.00000000        -40.00000000
    1742          0.00000000         10.00000000        -13.33333302
    1743         30.00000000         40.00000000        -13.33333302
    1744         25.00000000         53.33333206        -66.66666412
    1745        -13.33333302         15.00000000        -66.66666412
    1746         35.00000000         35.00000000          1.00000000
    1747          5.00000000          5.00000000          1.00000000
    1748        -13.33333302        -26.66666794          0.00000000
    1749        -40.00000000        -53.33333206        -53.33333206
    1750         93.33333588         80.00000000        -53.33333206
    1751        -13.33333302          0.00000000        -26.66666794
    1752         66.66666412         53.33333206          0.00000000
    1753         40.00000000         53.33333206        -26.66666794
    1754         15.00000000         40.00000000        -40.00000000
    1755          0.00000000         25.00000000        -40.00000000
    1756         10.00000000         30.00000000        -26.66666794
    1757          5.00000000         25.00000000        -26.66666794
    1758         15.00000000         35.00000000        -26.66666794
    1759          5.00000000         35.00000000        -53.33333206
    1760          5.00000000          5.00000000          2.00000000
    1761         35.00000000         35.00000000          2.00000000
    1762        -40.00000000        -40.00000000        -80.00000000
    1763        -26.66666794        -26.66666794        -26.66666794
    1764        120.00000000         80.00000000        -40.00000000
    1765        -40.00000000        -80.00000000        -40.00000000
    1766         80.00000000         80.00000000        -80.00000000
    1767         40.00000000         40.00000000          0.00000000
    1768          0.00000000          0.00000000          0.00000000
    1769         66.66666412         66.66666412        -26.66666794
    1770         10.00000000         40.00000000        -53.33333206
    1771          0.00000000         30.00000000        -53.33333206
    1772          0.00000000         20.00000000        -26.66666794
    1773         20.00000000         40.00000000        -26.66666794
    1774          0.00000000          0.00000000          1.00000000
    1775         40.00000000         40.00000000          1.00000000
    1776        106.66666412         80.00000000        -40.00000000
    1777        -40.00000000        -40.00000000        -66.66666412
    1778        -40.00000000        -66.66666412        -40.00000000
    1779         80.00000000         80.00000000        -66.66666412
    1780         20.00000000         25.00000000          0.00000000
    1781         15.00000000         20.00000000          0.00000000
    1782         30.00000000         53.33333206        -40.00000000
    1783        -13.33333302         10.00000000        -40.00000000
    1784         25.00000000         53.33333206        -53.33333206
    1785        -13.33333302         15.00000000        -53.33333206
    1786          0.00000000          0.00000000          2.00000000
    1787         40.00000000         40.00000000          2.00000000
    1788         25.00000000         30.00000000          0.00000000
    1789         10.00000000         15.00000000          0.00000000
    1790        -26.66666794        -40.00000000        -13.33333302
    1791        -26.66666794        -13.33333302        -40.00000000
    1792         80.00000000         66.66666412        -13.33333302
    1793         53.33333206         66.66666412        -40.00000000
    1794         15.00000000         30.00000000        -13.33333302
    1795         10.00000000         25.00000000        -13.33333302
    1796         15.00000000         20.00000000          1.00000000
    1797         20.00000000         25.00000000          1.00000000
    1798          0.00000000         35.00000000        -80.00000000
    1799          5.00000000         40.00000000        -80.00000000
    1800         20.00000000         35.00000000        -13.33333302
    1801          5.00000000         20.00000000        -13.33333302
    1802         10.00000000         15.00000000          1.00000000
    1803         25.00000000         30.00000000          1.00000000
    1804         30.00000000         35.00000000          0.00000000
    1805          5.00000000         10.00000000          0.00000000
    1806         20.00000000         25.00000000          2.00000000
    1807         15.00000000         20.00000000          2.00000000
    1808         20.00000000         53.33333206        -80.00000000
    1809        -13.33333302         20.00000000        -80.00000000
    1810          5.00000000         40.00000000        -66.66666412
    1811          0.00000000         35.00000000        -66.66666412
    1812         35.00000000         53.33333206        -26.66666794
    1813        -13.33333302          5.00000000        -26.66666794
    1814         10.00000000         15.00000000          2.00000000
    1815         25.00000000         30.00000000          2.00000000
    1816         25.00000000         40.00000000        -13.33333302
    1817          0.00000000         15.00000000        -13.33333302
    1818          5.00000000         10.00000000          1.00000000
    1819         30.00000000         35.00000000          1.00000000
    1820        -26.66666794          0.00000000        -80.00000000
    1821        -26.66666794        -80.00000000          0.00000000
    1822         93.33333588         80.00000000        -40.00000000
    1823        -40.00000000        -40.00000000        -53.33333206
    1824        -40.00000000        -53.33333206        -40.00000000
    1825        120.00000000         66.66666412          0.00000000
    1826         40.00000000         66.66666412        -80.00000000
    1827         80.00000000         80.00000000        -53.33333206
    1828        -13.33333302         20.00000000        -66.66666412
    1829         20.00000000         53.33333206        -66.66666412
    1830          0.00000000          5.00000000          0.00000000
    1831         35.00000000         40.00000000          0.00000000
    1832         30.00000000         35.00000000          2.00000000
    1833          5.00000000         10.00000000          2.00000000
    1834          5.00000000         35.00000000        -40.00000000
    1835        106.66666412         66.66666412          0.00000000
    1836        -26.66666794          0.00000000        -66.66666412
    1837         40.00000000         66.66666412        -66.66666412
    1838        -26.66666794        -66.66666412          0.00000000
    1839         10.00000000         40.00000000        -40.00000000
    1840          0.00000000         30.00000000        -40.00000000
    1841          5.00000000         30.00000000        -26.66666794
    1842         10.00000000         35.00000000        -26.66666794
    1843          0.00000000          5.00000000          1.00000000
    1844         35.00000000         40.00000000          1.00000000
    1845          0.00000000         25.00000000        -26.66666794
    1846         15.00000000         40.00000000        -26.66666794
    1847          0.00000000         35.00000000        -53.33333206
    1848          5.00000000         40.00000000        -53.33333206
    1849         35.00000000         40.00000000          2.00000000
    1850          0.00000000          5.00000000          2.00000000
    1851         25.00000000         53.33333206        -40.00000000
    1852        -13.33333302         15.00000000        -40.00000000
    1853        -40.00000000        -26.66666794        -80.00000000
    1854        120.00000000         80.00000000        -26.66666794
    1855        -40.00000000        -80.00000000        -26.66666794
    1856         66.66666412         80.00000000        -80.00000000
    1857         15.00000000         25.00000000          0.00000000
    1858         20.00000000         53.33333206        -53.33333206
    1859        -13.33333302         20.00000000        -53.33333206
    1860         10.00000000         20.00000000          0.00000000
    1861         20.00000000         30.00000000          0.00000000
    1862         15.00000000         25.00000000          1.00000000
    1863         66.66666412         80.00000000        -66.66666412
    1864         93.33333588         66.66666412          0.00000000
    1865        -26.66666794        -53.33333206          0.00000000
    1866        -13.33333302        -13.33333302          0.00000000
    1867         40.00000000         66.66666412        -53.33333206
    1868        -40.00000000        -66.66666412        -26.66666794
    1869        -26.66666794          0.00000000        -53.33333206
    1870        106.66666412         80.00000000        -26.66666794
    1871        -40.00000000        -26.66666794        -66.66666412
    1872         53.33333206         53.33333206          0.00000000
    1873         40.00000000         53.33333206        -13.33333302
    1874        -13.33333302          0.00000000        -13.33333302
    1875         10.00000000         30.00000000        -13.33333302
    1876          5.00000000         15.00000000          0.00000000
    1877         25.00000000         35.00000000          0.00000000
    1878         10.00000000         20.00000000          1.00000000
    1879         20.00000000         30.00000000          1.00000000
    1880          5.00000000         25.00000000        -13.33333302
    1881         15.00000000         35.00000000        -13.33333302
    1882         30.00000000         53.33333206        -26.66666794
    1883        -13.33333302         10.00000000        -26.66666794
    1884        -26.66666794          5.00000000        -80.00000000
    1885         35.00000000         66.66666412        -80.00000000
    1886         15.00000000         25.00000000          2.00000000
    1887        -40.00000000        -40.00000000        -40.00000000
    1888        -26.66666794        -26.66666794        -13.33333302
    1889          0.00000000         40.00000000        -80.00000000
    1890        -26.66666794        -13.33333302        -26.66666794
    1891         53.33333206         66.66666412        -26.66666794
    1892         66.66666412         66.66666412        -13.33333302
    1893         80.00000000         80.00000000        -40.00000000
    1894        -13.33333302         25.00000000        -80.00000000
    1895         15.00000000         53.33333206        -80.00000000
    1896         25.00000000         35.00000000          1.00000000
    1897          5.00000000         15.00000000          1.00000000
    1898         10.00000000         20.00000000          2.00000000
    1899         20.00000000         30.00000000          2.00000000
    1900          0.00000000         20.00000000        -13.33333302
    1901         20.00000000         40.00000000        -13.33333302
    1902          0.00000000         10.00000000          0.00000000
    1903         30.00000000         40.00000000          0.00000000
    1904        -26.66666794          5.00000000        -66.66666412
    1905         35.00000000         66.66666412        -66.66666412
    1906          5.00000000         15.00000000          2.00000000
    1907         25.00000000         35.00000000          2.00000000
    1908          0.00000000         40.00000000        -66.66666412
    1909        -13.33333302         25.00000000        -66.66666412
    1910         15.00000000         53.33333206        -66.66666412
    1911         30.00000000         40.00000000          1.00000000
    1912          0.00000000         10.00000000          1.00000000
    1913         66.66666412         80.00000000        -53.33333206
    1914        -40.00000000        -26.66666794        -53.33333206
    1915         93.33333588         80.00000000        -26.66666794
    1916        -40.00000000        -53.33333206        -26.66666794
    1917          0.00000000         10.00000000          2.00000000
    1918         30.00000000         40.00000000          2.00000000
    1919          5.00000000         40.00000000        -40.00000000
    1920          0.00000000         35.00000000        -40.00000000
    1921          5.00000000         35.00000000        -26.66666794
    1922         10.00000000         40.00000000        -26.66666794
    1923          0.00000000         30.00000000        -26.66666794
    1924         20.00000000         53.33333206        -40.00000000
    1925        -13.33333302         20.00000000        -40.00000000
    1926         35.00000000         53.33333206        -13.33333302
    1927        -26.66666794          5.00000000        -53.33333206
    1928        -13.33333302          5.00000000        -13.33333302
    1929         35.00000000         66.66666412        -53.33333206
    1930          0.00000000         40.00000000        -53.33333206
    1931        -26.66666794        -40.00000000          0.00000000
    1932         40.00000000         66.66666412        -40.00000000
    1933        -26.66666794          0.00000000        -40.00000000
    1934         80.00000000         66.66666412          0.00000000
    1935         15.00000000         53.33333206        -53.33333206
    1936        -13.33333302         25.00000000        -53.33333206
    1937         15.00000000         30.00000000          0.00000000
    1938         10.00000000         25.00000000          0.00000000
    1939        -26.66666794         10.00000000        -80.00000000
    1940         30.00000000         66.66666412        -80.00000000
    1941         20.00000000         35.00000000          0.00000000
    1942          5.00000000         20.00000000          0.00000000
    1943         25.00000000         53.33333206        -26.66666794
    1944        -13.33333302         15.00000000        -26.66666794
    1945         10.00000000         25.00000000          1.00000000
    1946         15.00000000         30.00000000          1.00000000
    1947          5.00000000         30.00000000        -13.33333302
    1948         10.00000000         35.00000000        -13.33333302
    1949          5.00000000         20.00000000          1.00000000
    1950         20.00000000         35.00000000          1.00000000
    1951        -26.66666794         10.00000000        -66.66666412
    1952         30.00000000         66.66666412        -66.66666412
    1953         25.00000000         40.00000000          0.00000000
    1954          0.00000000         15.00000000          0.00000000
    1955         10.00000000         25.00000000          2.00000000
    1956         15.00000000         30.00000000          2.00000000
    1957         15.00000000         40.00000000        -13.33333302
    1958          0.00000000         25.00000000        -13.33333302
    1959         10.00000000         53.33333206        -80.00000000
    1960        -13.33333302         30.00000000        -80.00000000
    1961         20.00000000         35.00000000          2.00000000
    1962          5.00000000         20.00000000          2.00000000
    1963         25.00000000         40.00000000          1.00000000
    1964          0.00000000         15.00000000          1.00000000
    1965        -53.33333206        -80.00000000        -80.00000000
    1966        -40.00000000        -40.00000000        -26.66666794
    1967        -40.00000000        -26.66666794        -40.00000000
    1968        -40.00000000        -80.00000000        -13.33333302
    1969        120.00000000         80.00000000        -13.33333302
    1970         66.66666412         80.00000000        -40.00000000
    1971         53.33333206         80.00000000        -80.00000000
    1972        -40.00000000        -13.33333302        -80.00000000
    1973        120.00000000         93.33333588        -80.00000000
    1974         80.00000000         80.00000000        -26.66666794
    1975         10.00000000         53.33333206        -66.66666412
    1976        -13.33333302         30.00000000        -66.66666412
    1977          0.00000000         15.00000000          2.00000000
    1978         25.00000000         40.00000000          2.00000000
    1979        -53.33333206        -80.00000000        -66.66666412
    1980        -53.33333206        -66.66666412        -80.00000000
    1981        -40.00000000        -66.66666412        -13.33333302
    1982         53.33333206         80.00000000        -66.66666412
    1983        -40.00000000        -13.33333302        -66.66666412
    1984        106.66666412         80.00000000        -13.33333302
    1985        106.66666412         93.33333588        -80.00000000
    1986        120.00000000         93.33333588        -66.66666412
    1987         30.00000000         53.33333206        -13.33333302
    1988        -26.66666794         10.00000000        -53.33333206
    1989        -13.33333302         10.00000000        -13.33333302
    1990         30.00000000         66.66666412        -53.33333206
    1991        -26.66666794          5.00000000        -40.00000000
    1992         35.00000000         66.66666412        -40.00000000
    1993        -53.33333206        -66.66666412        -66.66666412
    1994        -26.66666794        -13.33333302        -13.33333302
    1995          0.00000000         40.00000000        -40.00000000
    1996         53.33333206         66.66666412        -13.33333302
    1997        106.66666412         93.33333588        -66.66666412
    1998        -13.33333302         25.00000000        -40.00000000
    1999         15.00000000         53.33333206        -40.00000000
    2000          5.00000000         40.00000000        -26.66666794
    2001          0.00000000         35.00000000        -26.66666794
    2002        -26.66666794         15.00000000        -80.00000000
    2003         25.00000000         66.66666412        -80.00000000
    2004         40.00000000         53.33333206          0.00000000
    2005        -13.33333302          0.00000000          0.00000000
    2006        -13.33333302         30.00000000        -53.33333206
    2007         10.00000000         53.33333206        -53.33333206
    2008         10.00000000         30.00000000          0.00000000
    2009         20.00000000         53.33333206        -26.66666794
    2010        -13.33333302         20.00000000        -26.66666794
    2011          5.00000000         25.00000000          0.00000000
    2012         15.00000000         35.00000000          0.00000000
    2013        -26.66666794         15.00000000        -66.66666412
    2014         25.00000000         66.66666412        -66.66666412
    2015        -53.33333206        -80.00000000        -53.33333206
    2016        -53.33333206        -53.33333206        -80.00000000
    2017         93.33333588         80.00000000        -13.33333302
    2018         53.33333206         80.00000000        -53.33333206
    2019        -26.66666794        -26.66666794          0.00000000
    2020        -40.00000000        -53.33333206        -13.33333302
    2021        -40.00000000        -13.33333302        -53.33333206
    2022         66.66666412         66.66666412          0.00000000
    2023         40.00000000         66.66666412        -26.66666794
    2024        -26.66666794          0.00000000        -26.66666794
    2025         93.33333588         93.33333588        -80.00000000
    2026        120.00000000         93.33333588        -53.33333206
    2027         10.00000000         30.00000000          1.00000000
    2028          0.00000000         20.00000000          0.00000000
    2029         20.00000000         40.00000000          0.00000000
    2030          5.00000000         25.00000000          1.00000000
    2031         15.00000000         35.00000000          1.00000000
    2032          5.00000000         35.00000000        -13.33333302
    2033         10.00000000         30.00000000          2.00000000
    2034        -53.33333206        -53.33333206        -66.66666412
    2035        -53.33333206        -66.66666412        -53.33333206
    2036        106.66666412         93.33333588        -53.33333206
    2037         93.33333588         93.33333588        -66.66666412
    2038         10.00000000         40.00000000        -13.33333302
    2039          0.00000000         30.00000000        -13.33333302
    2040         20.00000000         40.00000000          1.00000000
    2041          0.00000000         20.00000000          1.00000000
    2042          5.00000000         25.00000000          2.00000000
    2043         15.00000000         35.00000000          2.00000000
    2044          5.00000000         53.33333206        -80.00000000
    2045        -13.33333302         35.00000000        -80.00000000
    2046          0.00000000         20.00000000          2.00000000
    2047         20.00000000         40.00000000          2.00000000
    2048        -13.33333302         35.00000000        -66.66666412
    2049          5.00000000         53.33333206        -66.66666412
    2050        -26.66666794         10.00000000        -40.00000000
    2051         30.00000000         66.66666412        -40.00000000
    2052         25.00000000         53.33333206        -13.33333302
    2053        -26.66666794         15.00000000        -53.33333206
    2054        -13.33333302         15.00000000        -13.33333302
    2055         25.00000000         66.66666412        -53.33333206
    2056         66.66666412         80.00000000        -26.66666794
    2057        -40.00000000        -26.66666794        -26.66666794
    2058         35.00000000         53.33333206          0.00000000
    2059        -13.33333302          5.00000000          0.00000000
    2060        -53.33333206        -53.33333206        -53.33333206
    2061         93.33333588         93.33333588        -53.33333206
    2062         10.00000000         53.33333206        -40.00000000
    2063        -13.33333302         30.00000000        -40.00000000
    2064         20.00000000         66.66666412        -80.00000000
    2065        -26.66666794         20.00000000        -80.00000000
    2066        -26.66666794          5.00000000        -26.66666794
    2067         35.00000000         66.66666412        -26.66666794
    2068        -53.33333206        -80.00000000        -40.00000000
    2069        -53.33333206        -40.00000000        -80.00000000
    2070          0.00000000         40.00000000        -26.66666794
    2071        -40.00000000        -40.00000000        -13.33333302
    2072        -40.00000000        -13.33333302        -40.00000000
    2073         53.33333206         80.00000000        -40.00000000
    2074        120.00000000         93.33333588        -40.00000000
    2075         80.00000000         80.00000000        -13.33333302
    2076         80.00000000         93.33333588        -80.00000000
    2077        -13.33333302         25.00000000        -26.66666794
    2078         15.00000000         53.33333206        -26.66666794
    2079         20.00000000         66.66666412        -66.66666412
    2080        -26.66666794         20.00000000        -66.66666412
    2081          5.00000000         53.33333206        -53.33333206
    2082        -13.33333302         35.00000000        -53.33333206
    2083          5.00000000         30.00000000          0.00000000
    2084         10.00000000         35.00000000          0.00000000
    2085        -53.33333206        -66.66666412        -40.00000000
    2086        -53.33333206        -40.00000000        -66.66666412
    2087        106.66666412         93.33333588        -40.00000000
    2088         80.00000000         93.33333588        -66.66666412
    2089         15.00000000         40.00000000          0.00000000
    2090          0.00000000         25.00000000          0.00000000
    2091          5.00000000         30.00000000          1.00000000
    2092         10.00000000         35.00000000          1.00000000
    2093         15.00000000         40.00000000          1.00000000
    2094          0.00000000         25.00000000          1.00000000
    2095        -40.00000000        -80.00000000          0.00000000
    2096        -40.00000000          0.00000000        -80.00000000
    2097        120.00000000         80.00000000          0.00000000
    2098         40.00000000         80.00000000        -80.00000000
    2099          5.00000000         30.00000000          2.00000000
    2100         10.00000000         35.00000000          2.00000000
    2101          5.00000000         40.00000000        -13.33333302
    2102          0.00000000         35.00000000        -13.33333302
    2103        -26.66666794         15.00000000        -40.00000000
    2104         25.00000000         66.66666412        -40.00000000
    2105         15.00000000         40.00000000          2.00000000
    2106          0.00000000         25.00000000          2.00000000
    2107          0.00000000         53.33333206        -80.00000000
    2108        -13.33333302         40.00000000        -80.00000000
    2109        -40.00000000        -66.66666412          0.00000000
    2110        -40.00000000          0.00000000        -66.66666412
    2111         40.00000000         80.00000000        -66.66666412
    2112        106.66666412         80.00000000          0.00000000
    2113         20.00000000         53.33333206        -13.33333302
    2114        -26.66666794         20.00000000        -53.33333206
    2115        -13.33333302         20.00000000        -13.33333302
    2116         20.00000000         66.66666412        -53.33333206
    2117         30.00000000         53.33333206          0.00000000
    2118        -13.33333302         10.00000000          0.00000000
    2119        -53.33333206        -53.33333206        -40.00000000
    2120        -13.33333302         40.00000000        -66.66666412
    2121          0.00000000         53.33333206        -66.66666412
    2122        -53.33333206        -40.00000000        -53.33333206
    2123        -26.66666794        -13.33333302          0.00000000
    2124         40.00000000         66.66666412        -13.33333302
    2125        -26.66666794          0.00000000        -13.33333302
    2126         53.33333206         66.66666412          0.00000000
    2127         93.33333588         93.33333588        -40.00000000
    2128         80.00000000         93.33333588        -53.33333206
    2129        -26.66666794         10.00000000        -26.66666794
    2130         30.00000000         66.66666412        -26.66666794
    2131         15.00000000         66.66666412        -80.00000000
    2132        -26.66666794         25.00000000        -80.00000000
    2133        -13.33333302         35.00000000        -40.00000000
    2134          5.00000000         53.33333206        -40.00000000
    2135         93.33333588         80.00000000          0.00000000
    2136        -40.00000000        -53.33333206          0.00000000
    2137        -40.00000000          0.00000000        -53.33333206
    2138         40.00000000         80.00000000        -53.33333206
    2139         15.00000000         66.66666412        -66.66666412
    2140        -26.66666794         25.00000000        -66.66666412
    2141        -13.33333302         30.00000000        -26.66666794
    2142         10.00000000         53.33333206        -26.66666794
    2143        -40.00000000          5.00000000        -80.00000000
    2144         35.00000000         80.00000000        -80.00000000
    2145          5.00000000         35.00000000          0.00000000
    2146        -53.33333206        -80.00000000        -26.66666794
    2147          0.00000000         53.33333206        -53.33333206
    2148        -13.33333302         40.00000000        -53.33333206
    2149        -53.33333206        -26.66666794        -80.00000000
    2150         53.33333206         80.00000000        -26.66666794
    2151        -40.00000000        -26.66666794        -13.33333302
    2152        -40.00000000        -13.33333302        -26.66666794
    2153         66.66666412         80.00000000        -13.33333302
    2154        120.00000000         93.33333588        -26.66666794
    2155         66.66666412         93.33333588        -80.00000000
    2156          0.00000000         30.00000000          0.00000000
    2157         10.00000000         40.00000000          0.00000000
    2158         35.00000000         80.00000000        -66.66666412
    2159        -40.00000000          5.00000000        -66.66666412
    2160          5.00000000         35.00000000          1.00000000
    2161          0.00000000         30.00000000          1.00000000
    2162         10.00000000         40.00000000          1.00000000
    2163        -53.33333206        -26.66666794        -66.66666412
    2164        -53.33333206        -66.66666412        -26.66666794
    2165        106.66666412         93.33333588        -26.66666794
    2166         66.66666412         93.33333588        -66.66666412
    2167        -26.66666794         20.00000000        -40.00000000
    2168         20.00000000         66.66666412        -40.00000000
    2169          5.00000000         35.00000000          2.00000000
    2170        -26.66666794          5.00000000        -13.33333302
    2171         35.00000000         66.66666412        -13.33333302
    2172         25.00000000         53.33333206          0.00000000
    2173        -13.33333302         15.00000000          0.00000000
    2174         10.00000000         40.00000000          2.00000000
    2175          0.00000000         30.00000000          2.00000000
    2176        -53.33333206        -40.00000000        -40.00000000
    2177          0.00000000         40.00000000        -13.33333302
    2178         80.00000000         93.33333588        -40.00000000
    2179         15.00000000         53.33333206        -13.33333302
    2180        -13.33333302         25.00000000        -13.33333302
    2181         15.00000000         66.66666412        -53.33333206
    2182        -26.66666794         25.00000000        -53.33333206
    2183        -26.66666794         15.00000000        -26.66666794
    2184         25.00000000         66.66666412        -26.66666794
    2185         35.00000000         80.00000000        -53.33333206
    2186        -40.00000000          5.00000000        -53.33333206
    2187        -40.00000000        -40.00000000          0.00000000
    2188         40.00000000         80.00000000        -40.00000000
    2189        -53.33333206        -26.66666794        -53.33333206
    2190        -53.33333206        -53.33333206        -26.66666794
    2191        -40.00000000          0.00000000        -40.00000000
    2192         80.00000000         80.00000000          0.00000000
    2193         66.66666412         93.33333588        -53.33333206
    2194         93.33333588         93.33333588        -26.66666794
    2195         10.00000000         66.66666412        -80.00000000
    2196        -26.66666794         30.00000000        -80.00000000
    2197        -40.00000000         10.00000000        -80.00000000
    2198         30.00000000         80.00000000        -80.00000000
    2199          0.00000000         53.33333206        -40.00000000
    2200        -13.33333302         40.00000000        -40.00000000
    2201         10.00000000         66.66666412        -66.66666412
    2202        -26.66666794         30.00000000        -66.66666412
    2203          5.00000000         53.33333206        -26.66666794
    2204        -13.33333302         35.00000000        -26.66666794
    2205         30.00000000         80.00000000        -66.66666412
    2206        -40.00000000         10.00000000        -66.66666412
    2207          5.00000000         40.00000000          0.00000000
    2208          0.00000000         35.00000000          0.00000000
    2209        -26.66666794         10.00000000        -13.33333302
    2210         30.00000000         66.66666412        -13.33333302
    2211         15.00000000         66.66666412        -40.00000000
    2212        -26.66666794         25.00000000        -40.00000000
    2213         20.00000000         53.33333206          0.00000000
    2214        -13.33333302         20.00000000          0.00000000
    2215          5.00000000         40.00000000          1.00000000
    2216          0.00000000         35.00000000          1.00000000
    2217        -26.66666794          0.00000000          0.00000000
    2218         40.00000000         66.66666412          0.00000000
    2219         10.00000000         66.66666412        -53.33333206
    2220         10.00000000         53.33333206        -13.33333302
    2221        -13.33333302         30.00000000        -13.33333302
    2222        -26.66666794         30.00000000        -53.33333206
    2223          0.00000000         35.00000000          2.00000000
    2224          5.00000000         40.00000000          2.00000000
    2225        -26.66666794         20.00000000        -26.66666794
    2226         20.00000000         66.66666412        -26.66666794
    2227         30.00000000         80.00000000        -53.33333206
    2228        -40.00000000         10.00000000        -53.33333206
    2229         35.00000000         80.00000000        -40.00000000
    2230        -40.00000000          5.00000000        -40.00000000
    2231        -53.33333206        -13.33333302        -80.00000000
    2232        -53.33333206        -80.00000000        -13.33333302
    2233        -53.33333206        -40.00000000        -26.66666794
    2234        -40.00000000        -13.33333302        -13.33333302
    2235        -53.33333206        -26.66666794        -40.00000000
    2236         53.33333206         80.00000000        -13.33333302
    2237         80.00000000         93.33333588        -26.66666794
    2238         66.66666412         93.33333588        -40.00000000
    2239         53.33333206         93.33333588        -80.00000000
    2240        120.00000000         93.33333588        -13.33333302
    2241        -40.00000000         15.00000000        -80.00000000
    2242         25.00000000         80.00000000        -80.00000000
    2243        -53.33333206        -13.33333302        -66.66666412
    2244        -53.33333206        -66.66666412        -13.33333302
    2245        106.66666412         93.33333588        -13.33333302
    2246         53.33333206         93.33333588        -66.66666412
    2247          5.00000000         66.66666412        -80.00000000
    2248        -26.66666794         35.00000000        -80.00000000
    2249         25.00000000         80.00000000        -66.66666412
    2250        -40.00000000         15.00000000        -66.66666412
    2251        -40.00000000        -26.66666794          0.00000000
    2252        -40.00000000          0.00000000        -26.66666794
    2253         40.00000000         80.00000000        -26.66666794
    2254         66.66666412         80.00000000          0.00000000
    2255        -66.66666412        -80.00000000        -80.00000000
    2256        120.00000000        106.66666412        -80.00000000
    2257          5.00000000         66.66666412        -66.66666412
    2258        -26.66666794         35.00000000        -66.66666412
    2259        -26.66666794         15.00000000        -13.33333302
    2260         25.00000000         66.66666412        -13.33333302
    2261        120.00000000        106.66666412        -66.66666412
    2262        -13.33333302         40.00000000        -26.66666794
    2263        106.66666412        106.66666412        -80.00000000
    2264          0.00000000         53.33333206        -26.66666794
    2265        -66.66666412        -80.00000000        -66.66666412
    2266        -66.66666412        -66.66666412        -80.00000000
    2267        -26.66666794          5.00000000          0.00000000
    2268         35.00000000         66.66666412          0.00000000
    2269        -53.33333206        -53.33333206        -13.33333302
    2270          0.00000000         40.00000000          0.00000000
    2271        106.66666412        106.66666412        -66.66666412
    2272        -66.66666412        -66.66666412        -66.66666412
    2273        -53.33333206        -13.33333302        -53.33333206
    2274         53.33333206         93.33333588        -53.33333206
    2275         93.33333588         93.33333588        -13.33333302
    2276         15.00000000         53.33333206          0.00000000
    2277        -13.33333302         25.00000000          0.00000000
    2278         10.00000000         66.66666412        -40.00000000
    2279        -26.66666794         30.00000000        -40.00000000
    2280         30.00000000         80.00000000        -40.00000000
    2281        -40.00000000         10.00000000        -40.00000000
    2282         25.00000000         80.00000000        -53.33333206
    2283        -40.00000000         15.00000000        -53.33333206
    2284          0.00000000         40.00000000          1.00000000
    2285         15.00000000         66.66666412        -26.66666794
    2286        -26.66666794         25.00000000        -26.66666794
    2287          5.00000000         66.66666412        -53.33333206
    2288          5.00000000         53.33333206        -13.33333302
    2289        -13.33333302         35.00000000        -13.33333302
    2290        -26.66666794         35.00000000        -53.33333206
    2291          0.00000000         40.00000000          2.00000000
    2292        120.00000000        106.66666412        -53.33333206
    2293        -13.33333302         53.33333206        -80.00000000
    2294         93.33333588        106.66666412        -80.00000000
    2295        -66.66666412        -53.33333206        -80.00000000
    2296        -66.66666412        -80.00000000        -53.33333206
    2297         20.00000000         80.00000000        -80.00000000
    2298        -40.00000000         20.00000000        -80.00000000
    2299         35.00000000         80.00000000        -26.66666794
    2300        -40.00000000          5.00000000        -26.66666794
    2301         93.33333588        106.66666412        -66.66666412
    2302        -13.33333302         53.33333206        -66.66666412
    2303        106.66666412        106.66666412        -53.33333206
    2304        -53.33333206        -26.66666794        -26.66666794
    2305        -66.66666412        -53.33333206        -66.66666412
    2306        -66.66666412        -66.66666412        -53.33333206
    2307         66.66666412         93.33333588        -26.66666794
    2308         20.00000000         80.00000000        -66.66666412
    2309        -40.00000000         20.00000000        -66.66666412
    2310          0.00000000         66.66666412        -80.00000000
    2311        -26.66666794         40.00000000        -80.00000000
    2312        -26.66666794         20.00000000        -13.33333302
    2313         20.00000000         66.66666412        -13.33333302
    2314        -26.66666794         10.00000000          0.00000000
    2315         30.00000000         66.66666412          0.00000000
    2316        -26.66666794         40.00000000        -66.66666412
    2317          0.00000000         66.66666412        -66.66666412
    2318        -53.33333206        -40.00000000        -13.33333302
    2319         53.33333206         93.33333588        -40.00000000
    2320        -53.33333206        -13.33333302        -40.00000000
    2321         80.00000000         93.33333588        -13.33333302
    2322         25.00000000         80.00000000        -40.00000000
    2323        -40.00000000         15.00000000        -40.00000000
    2324         93.33333588        106.66666412        -53.33333206
    2325        -13.33333302         53.33333206        -53.33333206
    2326        -66.66666412        -53.33333206        -53.33333206
    2327         10.00000000         53.33333206          0.00000000
    2328        -13.33333302         30.00000000          0.00000000
    2329         20.00000000         80.00000000        -53.33333206
    2330        -40.00000000         20.00000000        -53.33333206
    2331          5.00000000         66.66666412        -40.00000000
    2332        -26.66666794         35.00000000        -40.00000000
    2333        -53.33333206        -80.00000000          0.00000000
    2334        -53.33333206          0.00000000        -80.00000000
    2335         53.33333206         80.00000000          0.00000000
    2336        -40.00000000        -13.33333302          0.00000000
    2337        -40.00000000          0.00000000        -13.33333302
    2338         40.00000000         80.00000000        -13.33333302
    2339        120.00000000        106.66666412        -40.00000000
    2340         40.00000000         93.33333588        -80.00000000
    2341        120.00000000         93.33333588          0.00000000
    2342        -66.66666412        -40.00000000        -80.00000000
    2343        -66.66666412        -80.00000000        -40.00000000
    2344         80.00000000        106.66666412        -80.00000000
    2345         10.00000000         66.66666412        -26.66666794
    2346        -26.66666794         30.00000000        -26.66666794
    2347         30.00000000         80.00000000        -26.66666794
    2348        -40.00000000         10.00000000        -26.66666794
    2349         80.00000000        106.66666412        -66.66666412
    2350        -53.33333206          0.00000000        -66.66666412
    2351          0.00000000         53.33333206        -13.33333302
    2352        106.66666412        106.66666412        -40.00000000
    2353        -13.33333302         40.00000000        -13.33333302
    2354          0.00000000         66.66666412        -53.33333206
    2355        -26.66666794         40.00000000        -53.33333206
    2356        -53.33333206        -66.66666412          0.00000000
    2357         40.00000000         93.33333588        -66.66666412
    2358        -66.66666412        -40.00000000        -66.66666412
    2359        -66.66666412        -66.66666412        -40.00000000
    2360        106.66666412         93.33333588          0.00000000
    2361        -40.00000000         25.00000000        -80.00000000
    2362         15.00000000         80.00000000        -80.00000000
    2363         15.00000000         80.00000000        -66.66666412
    2364        -40.00000000         25.00000000        -66.66666412
    2365        -26.66666794         15.00000000          0.00000000
    2366         25.00000000         66.66666412          0.00000000
    2367        -26.66666794         25.00000000        -13.33333302
    2368         15.00000000         66.66666412        -13.33333302
    2369         93.33333588        106.66666412        -40.00000000
    2370        -53.33333206          0.00000000        -53.33333206
    2371        -13.33333302         53.33333206        -40.00000000
    2372         80.00000000        106.66666412        -53.33333206
    2373        -53.33333206        -53.33333206          0.00000000
    2374         93.33333588         93.33333588          0.00000000
    2375         40.00000000         93.33333588        -53.33333206
    2376        -66.66666412        -40.00000000        -53.33333206
    2377        -66.66666412        -53.33333206        -40.00000000
    2378         20.00000000         80.00000000        -40.00000000
    2379        -40.00000000         20.00000000        -40.00000000
    2380        -53.33333206          5.00000000        -80.00000000
    2381        -40.00000000          5.00000000        -13.33333302
    2382         35.00000000         80.00000000        -13.33333302
    2383         35.00000000         93.33333588        -80.00000000
    2384        -53.33333206        -26.66666794        -13.33333302
    2385         53.33333206         93.33333588        -26.66666794
    2386        -53.33333206        -13.33333302        -26.66666794
    2387         66.66666412         93.33333588        -13.33333302
    2388         15.00000000         80.00000000        -53.33333206
    2389        -40.00000000         25.00000000        -53.33333206
    2390          5.00000000         53.33333206          0.00000000
    2391        -13.33333302         35.00000000          0.00000000
    2392        -53.33333206          5.00000000        -66.66666412
    2393         35.00000000         93.33333588        -66.66666412
    2394         25.00000000         80.00000000        -26.66666794
    2395        -40.00000000         15.00000000        -26.66666794
    2396          0.00000000         66.66666412        -40.00000000
    2397        -26.66666794         40.00000000        -40.00000000
    2398          5.00000000         66.66666412        -26.66666794
    2399        -26.66666794         35.00000000        -26.66666794
    2400         66.66666412        106.66666412        -80.00000000
    2401        120.00000000        106.66666412        -26.66666794
    2402        -66.66666412        -80.00000000        -26.66666794
    2403        -66.66666412        -26.66666794        -80.00000000
    2404         10.00000000         80.00000000        -80.00000000
    2405        -40.00000000         30.00000000        -80.00000000
    2406         66.66666412        106.66666412        -66.66666412
    2407        106.66666412        106.66666412        -26.66666794
    2408        -66.66666412        -26.66666794        -66.66666412
    2409        -66.66666412        -66.66666412        -26.66666794
    2410         10.00000000         80.00000000        -66.66666412
    2411        -40.00000000         30.00000000        -66.66666412
    2412        -26.66666794         20.00000000          0.00000000
    2413         20.00000000         66.66666412          0.00000000
    2414        -53.33333206          5.00000000        -53.33333206
    2415         35.00000000         93.33333588        -53.33333206
    2416        -53.33333206          0.00000000        -40.00000000
    2417        -53.33333206        -40.00000000          0.00000000
    2418        -66.66666412        -40.00000000        -40.00000000
    2419         80.00000000        106.66666412        -40.00000000
    2420         40.00000000         93.33333588        -40.00000000
    2421         80.00000000         93.33333588          0.00000000
    2422         10.00000000         66.66666412        -13.33333302
    2423        -26.66666794         30.00000000        -13.33333302
    2424        -53.33333206         10.00000000        -80.00000000
    2425         30.00000000         80.00000000        -13.33333302
    2426        -40.00000000         10.00000000        -13.33333302
    2427         30.00000000         93.33333588        -80.00000000
    2428         15.00000000         80.00000000        -40.00000000
    2429        -40.00000000         25.00000000        -40.00000000
    2430        -53.33333206         10.00000000        -66.66666412
    2431         30.00000000         93.33333588        -66.66666412
    2432         93.33333588        106.66666412        -26.66666794
    2433         66.66666412        106.66666412        -53.33333206
    2434        -13.33333302         53.33333206        -26.66666794
    2435         40.00000000         80.00000000          0.00000000
    2436        -40.00000000          0.00000000          0.00000000
    2437        -66.66666412        -53.33333206        -26.66666794
    2438        -66.66666412        -26.66666794        -53.33333206
    2439         10.00000000         80.00000000        -53.33333206
    2440        -40.00000000         30.00000000        -53.33333206
    2441         20.00000000         80.00000000        -26.66666794
    2442        -40.00000000         20.00000000        -26.66666794
    2443          0.00000000         53.33333206          0.00000000
    2444        -13.33333302         40.00000000          0.00000000
    2445        -26.66666794         40.00000000        -26.66666794
    2446          0.00000000         66.66666412        -26.66666794
    2447        -40.00000000         35.00000000        -80.00000000
    2448          5.00000000         80.00000000        -80.00000000
    2449        -53.33333206         10.00000000        -53.33333206
    2450         30.00000000         93.33333588        -53.33333206
    2451        -53.33333206          5.00000000        -40.00000000
    2452         35.00000000         93.33333588        -40.00000000
    2453        -53.33333206        -13.33333302        -13.33333302
    2454         53.33333206         93.33333588        -13.33333302
    2455         15.00000000         66.66666412          0.00000000
    2456        -26.66666794         25.00000000          0.00000000
    2457          5.00000000         80.00000000        -66.66666412
    2458        -40.00000000         35.00000000        -66.66666412
    2459         25.00000000         80.00000000        -13.33333302
    2460        -40.00000000         15.00000000        -13.33333302
    2461         25.00000000         93.33333588        -80.00000000
    2462        -53.33333206         15.00000000        -80.00000000
    2463          5.00000000         66.66666412        -13.33333302
    2464        -26.66666794         35.00000000        -13.33333302
    2465        -40.00000000          5.00000000          0.00000000
    2466         35.00000000         80.00000000          0.00000000
    2467         25.00000000         93.33333588        -66.66666412
    2468        -53.33333206         15.00000000        -66.66666412
    2469         80.00000000        106.66666412        -26.66666794
    2470        -13.33333302         66.66666412        -80.00000000
    2471        -53.33333206        -26.66666794          0.00000000
    2472         66.66666412        106.66666412        -40.00000000
    2473        -53.33333206          0.00000000        -26.66666794
    2474        -26.66666794         53.33333206        -80.00000000
    2475        -66.66666412        -13.33333302        -80.00000000
    2476        120.00000000        106.66666412        -13.33333302
    2477        -66.66666412        -40.00000000        -26.66666794
    2478         40.00000000         93.33333588        -26.66666794
    2479        -66.66666412        -80.00000000        -13.33333302
    2480        -66.66666412        -26.66666794        -40.00000000
    2481         53.33333206        106.66666412        -80.00000000
    2482         66.66666412         93.33333588          0.00000000
    2483         10.00000000         80.00000000        -40.00000000
    2484        -40.00000000         30.00000000        -40.00000000
    2485        -13.33333302         66.66666412        -66.66666412
    2486         53.33333206        106.66666412        -66.66666412
    2487        -26.66666794         53.33333206        -66.66666412
    2488        -66.66666412        -13.33333302        -66.66666412
    2489        106.66666412        106.66666412        -13.33333302
    2490        -66.66666412        -66.66666412        -13.33333302
    2491         15.00000000         80.00000000        -26.66666794
    2492        -40.00000000         25.00000000        -26.66666794
    2493          5.00000000         80.00000000        -53.33333206
    2494        -40.00000000         35.00000000        -53.33333206
    2495        -53.33333206         10.00000000        -40.00000000
    2496         30.00000000         93.33333588        -40.00000000
    2497         25.00000000         93.33333588        -53.33333206
    2498        -53.33333206         15.00000000        -53.33333206
    2499        -13.33333302         66.66666412        -53.33333206
    2500         53.33333206        106.66666412        -53.33333206
    2501        -13.33333302         53.33333206        -13.33333302
    2502          0.00000000         80.00000000        -80.00000000
    2503        -80.00000000        -80.00000000        -80.00000000
    2504        -26.66666794         53.33333206        -53.33333206
    2505        120.00000000        120.00000000        -80.00000000
    2506        -40.00000000         40.00000000        -80.00000000
    2507        -66.66666412        -53.33333206        -13.33333302
    2508        -66.66666412        -13.33333302        -53.33333206
    2509         93.33333588        106.66666412        -13.33333302
    2510         10.00000000         66.66666412          0.00000000
    2511        -26.66666794         30.00000000          0.00000000
    2512        -40.00000000         20.00000000        -13.33333302
    2513         20.00000000         80.00000000        -13.33333302
    2514        -53.33333206         20.00000000        -80.00000000
    2515         20.00000000         93.33333588        -80.00000000
    2516         30.00000000         80.00000000          0.00000000
    2517        -40.00000000         10.00000000          0.00000000
    2518        -53.33333206          5.00000000        -26.66666794
    2519         35.00000000         93.33333588        -26.66666794
    2520          0.00000000         80.00000000        -66.66666412
    2521        -40.00000000         40.00000000        -66.66666412
    2522        -80.00000000        -66.66666412        -80.00000000
    2523        106.66666412        120.00000000        -80.00000000
    2524        120.00000000        120.00000000        -66.66666412
    2525        -80.00000000        -80.00000000        -66.66666412
    2526         20.00000000         93.33333588        -66.66666412
    2527        -53.33333206         20.00000000        -66.66666412
    2528        106.66666412        120.00000000        -66.66666412
    2529        -80.00000000        -66.66666412        -66.66666412
    2530          0.00000000         66.66666412        -13.33333302
    2531        -26.66666794         40.00000000        -13.33333302
    2532          5.00000000         80.00000000        -40.00000000
    2533        -40.00000000         35.00000000        -40.00000000
    2534         66.66666412        106.66666412        -26.66666794
    2535        -66.66666412        -26.66666794        -26.66666794
    2536         10.00000000         80.00000000        -26.66666794
    2537        -40.00000000         30.00000000        -26.66666794
    2538        -53.33333206         15.00000000        -40.00000000
    2539         25.00000000         93.33333588        -40.00000000
    2540         93.33333588        120.00000000        -80.00000000
    2541        -40.00000000         40.00000000        -53.33333206
    2542        -80.00000000        -53.33333206        -80.00000000
    2543          0.00000000         80.00000000        -53.33333206
    2544        -80.00000000        -80.00000000        -53.33333206
    2545        120.00000000        120.00000000        -53.33333206
    2546        -53.33333206         20.00000000        -53.33333206
    2547         20.00000000         93.33333588        -53.33333206
    2548        -13.33333302         66.66666412        -40.00000000
    2549        -80.00000000        -53.33333206        -66.66666412
    2550         93.33333588        120.00000000        -66.66666412
    2551        -53.33333206          0.00000000        -13.33333302
    2552        -53.33333206        -13.33333302          0.00000000
    2553        -26.66666794         53.33333206        -40.00000000
    2554        -80.00000000        -66.66666412        -53.33333206
    2555        106.66666412        120.00000000        -53.33333206
    2556         80.00000000        106.66666412        -13.33333302
    2557        -66.66666412        -13.33333302        -40.00000000
    2558        -66.66666412        -40.00000000        -13.33333302
    2559         40.00000000         93.33333588        -13.33333302
    2560         53.33333206        106.66666412        -40.00000000
    2561         53.33333206         93.33333588          0.00000000
    2562        -53.33333206         10.00000000        -26.66666794
    2563         30.00000000         93.33333588        -26.66666794
    2564        -40.00000000         15.00000000          0.00000000
    2565         25.00000000         80.00000000          0.00000000
    2566         15.00000000         80.00000000        -13.33333302
    2567        -40.00000000         25.00000000        -13.33333302
    2568         15.00000000         93.33333588        -80.00000000
    2569        -53.33333206         25.00000000        -80.00000000
    2570          5.00000000         66.66666412          0.00000000
    2571        -26.66666794         35.00000000          0.00000000
    2572        -66.66666412        -80.00000000          0.00000000
    2573        120.00000000        106.66666412          0.00000000
    2574        -66.66666412          0.00000000        -80.00000000
    2575         40.00000000        106.66666412        -80.00000000
    2576         15.00000000         93.33333588        -66.66666412
    2577        -53.33333206         25.00000000        -66.66666412
    2578         40.00000000        106.66666412        -66.66666412
    2579         93.33333588        120.00000000        -53.33333206
    2580        106.66666412        106.66666412          0.00000000
    2581        -80.00000000        -53.33333206        -53.33333206
    2582        -66.66666412          0.00000000        -66.66666412
    2583        -66.66666412        -66.66666412          0.00000000
    2584          0.00000000         80.00000000        -40.00000000
    2585         80.00000000        120.00000000        -80.00000000
    2586        -40.00000000         40.00000000        -40.00000000
    2587        120.00000000        120.00000000        -40.00000000
    2588        -80.00000000        -80.00000000        -40.00000000
    2589        -80.00000000        -40.00000000        -80.00000000
    2590         20.00000000         93.33333588        -40.00000000
    2591        -53.33333206         20.00000000        -40.00000000
    2592          5.00000000         80.00000000        -26.66666794
    2593        -40.00000000         35.00000000        -26.66666794
    2594        -53.33333206          5.00000000        -13.33333302
    2595         35.00000000         93.33333588        -13.33333302
    2596         80.00000000        120.00000000        -66.66666412
    2597        -80.00000000        -40.00000000        -66.66666412
    2598        106.66666412        120.00000000        -40.00000000
    2599        -80.00000000        -66.66666412        -40.00000000
    2600        -53.33333206         25.00000000        -53.33333206
    2601         15.00000000         93.33333588        -53.33333206
    2602         25.00000000         93.33333588        -26.66666794
    2603        -53.33333206         15.00000000        -26.66666794
    2604         40.00000000        106.66666412        -53.33333206
    2605        -13.33333302         53.33333206          0.00000000
    2606         93.33333588        106.66666412          0.00000000
    2607        -66.66666412          0.00000000        -53.33333206
    2608        -66.66666412        -53.33333206          0.00000000
    2609         20.00000000         80.00000000          0.00000000
    2610        -40.00000000         20.00000000          0.00000000
    2611        -66.66666412          5.00000000        -80.00000000
    2612         35.00000000        106.66666412        -80.00000000
    2613         53.33333206        106.66666412        -26.66666794
    2614        -13.33333302         66.66666412        -26.66666794
    2615        -26.66666794         53.33333206        -26.66666794
    2616         66.66666412        106.66666412        -13.33333302
    2617        -66.66666412        -26.66666794        -13.33333302
    2618        -66.66666412        -13.33333302        -26.66666794
    2619         10.00000000         80.00000000        -13.33333302
    2620        -40.00000000         30.00000000        -13.33333302
    2621         10.00000000         93.33333588        -80.00000000
    2622        -53.33333206         30.00000000        -80.00000000
    2623         35.00000000        106.66666412        -66.66666412
    2624        -66.66666412          5.00000000        -66.66666412
    2625         93.33333588        120.00000000        -40.00000000
    2626          0.00000000         66.66666412          0.00000000
    2627        -80.00000000        -40.00000000        -53.33333206
    2628         80.00000000        120.00000000        -53.33333206
    2629        -80.00000000        -53.33333206        -40.00000000
    2630        -26.66666794         40.00000000          0.00000000
    2631        -53.33333206         30.00000000        -66.66666412
    2632         10.00000000         93.33333588        -66.66666412
    2633        -53.33333206         10.00000000        -13.33333302
    2634         30.00000000         93.33333588        -13.33333302
    2635        -53.33333206         25.00000000        -40.00000000
    2636         15.00000000         93.33333588        -40.00000000
    2637        -66.66666412          5.00000000        -53.33333206
    2638         35.00000000        106.66666412        -53.33333206
    2639        -53.33333206          0.00000000          0.00000000
    2640        -40.00000000         40.00000000        -26.66666794
    2641         66.66666412        120.00000000        -80.00000000
    2642        -80.00000000        -26.66666794        -80.00000000
    2643        -80.00000000        -80.00000000        -26.66666794
    2644        120.00000000        120.00000000        -26.66666794
    2645          0.00000000         80.00000000        -26.66666794
    2646         40.00000000         93.33333588          0.00000000
    2647        -66.66666412        -40.00000000          0.00000000
    2648         40.00000000        106.66666412        -40.00000000
    2649         80.00000000        106.66666412          0.00000000
    2650        -66.66666412          0.00000000        -40.00000000
    2651        -53.33333206         30.00000000        -53.33333206
    2652         10.00000000         93.33333588        -53.33333206
    2653        -53.33333206         20.00000000        -26.66666794
    2654         20.00000000         93.33333588        -26.66666794
    2655         30.00000000        106.66666412        -80.00000000
    2656        -66.66666412         10.00000000        -80.00000000
    2657        -80.00000000        -66.66666412        -26.66666794
    2658         66.66666412        120.00000000        -66.66666412
    2659        -80.00000000        -26.66666794        -66.66666412
    2660        106.66666412        120.00000000        -26.66666794
    2661        -26.66666794         66.66666412        -80.00000000
    2662        -40.00000000         25.00000000          0.00000000
    2663         15.00000000         80.00000000          0.00000000
    2664         30.00000000        106.66666412        -66.66666412
    2665        -66.66666412         10.00000000        -66.66666412
    2666        -80.00000000        -40.00000000        -40.00000000
    2667        -26.66666794         66.66666412        -66.66666412
    2668         80.00000000        120.00000000        -40.00000000
    2669        -40.00000000         35.00000000        -13.33333302
    2670          5.00000000         80.00000000        -13.33333302
    2671        -53.33333206         35.00000000        -80.00000000
    2672          5.00000000         93.33333588        -80.00000000
    2673        -40.00000000         53.33333206        -80.00000000
    2674        -13.33333302         80.00000000        -80.00000000
    2675          5.00000000         93.33333588        -66.66666412
    2676        -53.33333206         35.00000000        -66.66666412
    2677        -53.33333206         15.00000000        -13.33333302
    2678         25.00000000         93.33333588        -13.33333302
    2679        -13.33333302         80.00000000        -66.66666412
    2680        -40.00000000         53.33333206        -66.66666412
    2681        -80.00000000        -53.33333206        -26.66666794
    2682         66.66666412        120.00000000        -53.33333206
    2683        -80.00000000        -26.66666794        -53.33333206
    2684         93.33333588        120.00000000        -26.66666794
    2685        -66.66666412         10.00000000        -53.33333206
    2686         30.00000000        106.66666412        -53.33333206
    2687         35.00000000        106.66666412        -40.00000000
    2688        -53.33333206          5.00000000          0.00000000
    2689         35.00000000         93.33333588          0.00000000
    2690        -66.66666412          5.00000000        -40.00000000
    2691        -13.33333302         66.66666412        -13.33333302
    2692         53.33333206        106.66666412        -13.33333302
    2693        -26.66666794         53.33333206        -13.33333302
    2694        -26.66666794         66.66666412        -53.33333206
    2695        -66.66666412        -13.33333302        -13.33333302
    2696        -53.33333206         30.00000000        -40.00000000
    2697         10.00000000         93.33333588        -40.00000000
    2698         25.00000000        106.66666412        -80.00000000
    2699        -66.66666412         15.00000000        -80.00000000
    2700         15.00000000         93.33333588        -26.66666794
    2701        -53.33333206         25.00000000        -26.66666794
    2702          5.00000000         93.33333588        -53.33333206
    2703        -53.33333206         35.00000000        -53.33333206
    2704         25.00000000        106.66666412        -66.66666412
    2705        -66.66666412         15.00000000        -66.66666412
    2706         40.00000000        106.66666412        -26.66666794
    2707        -40.00000000         53.33333206        -53.33333206
    2708         66.66666412        106.66666412          0.00000000
    2709        -13.33333302         80.00000000        -53.33333206
    2710        -66.66666412        -26.66666794          0.00000000
    2711        -66.66666412          0.00000000        -26.66666794
    2712         10.00000000         80.00000000          0.00000000
    2713        -40.00000000         30.00000000          0.00000000
    2714          0.00000000         93.33333588        -80.00000000
    2715        -80.00000000        -13.33333302        -80.00000000
    2716         53.33333206        120.00000000        -80.00000000
    2717        -40.00000000         40.00000000        -13.33333302
    2718        -80.00000000        -40.00000000        -26.66666794
    2719        -80.00000000        -80.00000000        -13.33333302
    2720          0.00000000         80.00000000        -13.33333302
    2721        120.00000000        120.00000000        -13.33333302
    2722         66.66666412        120.00000000        -40.00000000
    2723        -80.00000000        -26.66666794        -40.00000000
    2724         80.00000000        120.00000000        -26.66666794
    2725        -53.33333206         40.00000000        -80.00000000
    2726        -53.33333206         20.00000000        -13.33333302
    2727         20.00000000         93.33333588        -13.33333302
    2728        -53.33333206         10.00000000          0.00000000
    2729         30.00000000        106.66666412        -40.00000000
    2730        -66.66666412         10.00000000        -40.00000000
    2731         30.00000000         93.33333588          0.00000000
    2732         25.00000000        106.66666412        -53.33333206
    2733        -66.66666412         15.00000000        -53.33333206
    2734         53.33333206        120.00000000        -66.66666412
    2735        -80.00000000        -13.33333302        -66.66666412
    2736        106.66666412        120.00000000        -13.33333302
    2737        -26.66666794         66.66666412        -40.00000000
    2738          0.00000000         93.33333588        -66.66666412
    2739        -53.33333206         40.00000000        -66.66666412
    2740        -80.00000000        -66.66666412        -13.33333302
    2741         20.00000000        106.66666412        -80.00000000
    2742        -66.66666412         20.00000000        -80.00000000
    2743        -53.33333206         35.00000000        -40.00000000
    2744          5.00000000         93.33333588        -40.00000000
    2745         35.00000000        106.66666412        -26.66666794
    2746        -66.66666412          5.00000000        -26.66666794
    2747        -13.33333302         80.00000000        -40.00000000
    2748        -40.00000000         53.33333206        -40.00000000
    2749         10.00000000         93.33333588        -26.66666794
    2750        -53.33333206         30.00000000        -26.66666794
    2751         20.00000000        106.66666412        -66.66666412
    2752        -66.66666412         20.00000000        -66.66666412
    2753         53.33333206        120.00000000        -53.33333206
    2754        -80.00000000        -53.33333206        -13.33333302
    2755        -80.00000000        -13.33333302        -53.33333206
    2756         93.33333588        120.00000000        -13.33333302
    2757        -53.33333206         40.00000000        -53.33333206
    2758          0.00000000         93.33333588        -53.33333206
    2759        -40.00000000         35.00000000          0.00000000
    2760          5.00000000         80.00000000          0.00000000
    2761        -53.33333206         15.00000000          0.00000000
    2762         25.00000000        106.66666412        -40.00000000
    2763        -66.66666412         15.00000000        -40.00000000
    2764         25.00000000         93.33333588          0.00000000
    2765         15.00000000         93.33333588        -13.33333302
    2766        -53.33333206         25.00000000        -13.33333302
    2767        -66.66666412         20.00000000        -53.33333206
    2768         20.00000000        106.66666412        -53.33333206
    2769        -13.33333302         66.66666412          0.00000000
    2770        -80.00000000        -26.66666794        -26.66666794
    2771        -26.66666794         53.33333206          0.00000000
    2772         66.66666412        120.00000000        -26.66666794
    2773         53.33333206        106.66666412          0.00000000
    2774        -66.66666412          0.00000000        -13.33333302
    2775        -66.66666412        -13.33333302          0.00000000
    2776         40.00000000        106.66666412        -13.33333302
    2777        -66.66666412         10.00000000        -26.66666794
    2778         30.00000000        106.66666412        -26.66666794
    2779        -26.66666794         66.66666412        -26.66666794
    2780        -66.66666412         25.00000000        -80.00000000
    2781         15.00000000        106.66666412        -80.00000000
    2782        -53.33333206         40.00000000        -40.00000000
    2783          0.00000000         93.33333588        -40.00000000
    2784        -80.00000000        -13.33333302        -40.00000000
    2785         80.00000000        120.00000000        -13.33333302
    2786        -80.00000000        -40.00000000        -13.33333302
    2787         53.33333206        120.00000000        -40.00000000
    2788        -66.66666412         25.00000000        -66.66666412
    2789         15.00000000        106.66666412        -66.66666412
    2790          5.00000000         93.33333588        -26.66666794
    2791        -53.33333206         35.00000000        -26.66666794
    2792        -13.33333302         80.00000000        -26.66666794
    2793        -40.00000000         53.33333206        -26.66666794
    2794        -80.00000000          0.00000000        -80.00000000
    2795        -40.00000000         40.00000000          0.00000000
    2796          0.00000000         80.00000000          0.00000000
    2797        120.00000000        120.00000000          0.00000000
    2798        -80.00000000        -80.00000000          0.00000000
    2799         40.00000000        120.00000000        -80.00000000
    2800         20.00000000         93.33333588          0.00000000
    2801        -53.33333206         20.00000000          0.00000000
    2802        -66.66666412         20.00000000        -40.00000000
    2803         20.00000000        106.66666412        -40.00000000
    2804        -66.66666412          5.00000000        -13.33333302
    2805         35.00000000        106.66666412        -13.33333302
    2806        -80.00000000          0.00000000        -66.66666412
    2807        106.66666412        120.00000000          0.00000000
    2808        -80.00000000        -66.66666412          0.00000000
    2809         40.00000000        120.00000000        -66.66666412
    2810        -66.66666412         25.00000000        -53.33333206
    2811         15.00000000        106.66666412        -53.33333206
    2812         10.00000000         93.33333588        -13.33333302
    2813        -53.33333206         30.00000000        -13.33333302
    2814        -66.66666412         15.00000000        -26.66666794
    2815         25.00000000        106.66666412        -26.66666794
    2816        -66.66666412         30.00000000        -80.00000000
    2817         10.00000000        106.66666412        -80.00000000
    2818        -80.00000000          0.00000000        -53.33333206
    2819         93.33333588        120.00000000          0.00000000
    2820         40.00000000        120.00000000        -53.33333206
    2821        -80.00000000        -53.33333206          0.00000000
    2822        -40.00000000         66.66666412        -80.00000000
    2823        -26.66666794         80.00000000        -80.00000000
    2824        -66.66666412         30.00000000        -66.66666412
    2825         10.00000000        106.66666412        -66.66666412
    2826         35.00000000        120.00000000        -80.00000000
    2827        -80.00000000          5.00000000        -80.00000000
    2828        -53.33333206         40.00000000        -26.66666794
    2829          0.00000000         93.33333588        -26.66666794
    2830         66.66666412        120.00000000        -13.33333302
    2831        -40.00000000         66.66666412        -66.66666412
    2832        -80.00000000        -13.33333302        -26.66666794
    2833        -80.00000000        -26.66666794        -13.33333302
    2834         53.33333206        120.00000000        -26.66666794
    2835        -26.66666794         80.00000000        -66.66666412
    2836        -66.66666412         10.00000000        -13.33333302
    2837         30.00000000        106.66666412        -13.33333302
    2838        -80.00000000          5.00000000        -66.66666412
    2839         35.00000000        120.00000000        -66.66666412
    2840        -26.66666794         66.66666412        -13.33333302
    2841        -66.66666412         25.00000000        -40.00000000
    2842         15.00000000        106.66666412        -40.00000000
    2843        -53.33333206         25.00000000          0.00000000
    2844         15.00000000         93.33333588          0.00000000
    2845         40.00000000        106.66666412          0.00000000
    2846        -66.66666412          0.00000000          0.00000000
    2847         10.00000000        106.66666412        -53.33333206
    2848        -66.66666412         30.00000000        -53.33333206
    2849         20.00000000        106.66666412        -26.66666794
    2850        -66.66666412         20.00000000        -26.66666794
    2851        -53.33333206         35.00000000        -13.33333302
    2852          5.00000000         93.33333588        -13.33333302
    2853        -53.33333206         53.33333206        -80.00000000
    2854        -40.00000000         66.66666412        -53.33333206
    2855        -13.33333302         80.00000000        -13.33333302
    2856        -40.00000000         53.33333206        -13.33333302
    2857        -13.33333302         93.33333588        -80.00000000
    2858        -26.66666794         80.00000000        -53.33333206
    2859        -80.00000000          5.00000000        -53.33333206
    2860         35.00000000        120.00000000        -53.33333206
    2861        -53.33333206         53.33333206        -66.66666412
    2862        -80.00000000        -40.00000000          0.00000000
    2863         80.00000000        120.00000000          0.00000000
    2864        -80.00000000          0.00000000        -40.00000000
    2865         40.00000000        120.00000000        -40.00000000
    2866        -13.33333302         93.33333588        -66.66666412
    2867          5.00000000        106.66666412        -80.00000000
    2868        -66.66666412         35.00000000        -80.00000000
    2869        -80.00000000         10.00000000        -80.00000000
    2870         30.00000000        120.00000000        -80.00000000
    2871        -66.66666412         35.00000000        -66.66666412
    2872          5.00000000        106.66666412        -66.66666412
    2873        -80.00000000         10.00000000        -66.66666412
    2874         30.00000000        120.00000000        -66.66666412
    2875        -66.66666412         15.00000000        -13.33333302
    2876         25.00000000        106.66666412        -13.33333302
    2877         35.00000000        106.66666412          0.00000000
    2878        -66.66666412          5.00000000          0.00000000
    2879        -53.33333206         53.33333206        -53.33333206
    2880        -13.33333302         93.33333588        -53.33333206
    2881         10.00000000         93.33333588          0.00000000
    2882         10.00000000        106.66666412        -40.00000000
    2883        -66.66666412         30.00000000        -40.00000000
    2884        -53.33333206         30.00000000          0.00000000
    2885        -26.66666794         80.00000000        -40.00000000
    2886        -40.00000000         66.66666412        -40.00000000
    2887        -66.66666412         25.00000000        -26.66666794
    2888         15.00000000        106.66666412        -26.66666794
    2889        -66.66666412         35.00000000        -53.33333206
    2890          5.00000000        106.66666412        -53.33333206
    2891        -80.00000000         10.00000000        -53.33333206
    2892         30.00000000        120.00000000        -53.33333206
    2893         35.00000000        120.00000000        -40.00000000
    2894        -80.00000000          5.00000000        -40.00000000
    2895        -53.33333206         40.00000000        -13.33333302
    2896          0.00000000         93.33333588        -13.33333302
    2897         53.33333206        120.00000000        -13.33333302
    2898        -80.00000000        -13.33333302        -13.33333302
    2899        -80.00000000         15.00000000        -80.00000000
    2900         25.00000000        120.00000000        -80.00000000
    2901        -80.00000000         15.00000000        -66.66666412
    2902         25.00000000        120.00000000        -66.66666412
    2903        -80.00000000        -26.66666794          0.00000000
    2904         66.66666412        120.00000000          0.00000000
    2905        -80.00000000          0.00000000        -26.66666794
    2906         40.00000000        120.00000000        -26.66666794
    2907          0.00000000        106.66666412        -80.00000000
    2908        -66.66666412         40.00000000        -80.00000000
    2909         20.00000000        106.66666412        -13.33333302
    2910        -66.66666412         20.00000000        -13.33333302
    2911        -66.66666412         10.00000000          0.00000000
    2912         30.00000000        106.66666412          0.00000000
    2913        -53.33333206         53.33333206        -40.00000000
    2914        -26.66666794         66.66666412          0.00000000
    2915        -66.66666412         40.00000000        -66.66666412
    2916          0.00000000        106.66666412        -66.66666412
    2917        -13.33333302         93.33333588        -40.00000000
    2918        -53.33333206         35.00000000          0.00000000
    2919          5.00000000         93.33333588          0.00000000
    2920        -66.66666412         35.00000000        -40.00000000
    2921          5.00000000        106.66666412        -40.00000000
    2922         30.00000000        120.00000000        -40.00000000
    2923        -80.00000000         10.00000000        -40.00000000
    2924        -80.00000000         15.00000000        -53.33333206
    2925         25.00000000        120.00000000        -53.33333206
    2926        -13.33333302         80.00000000          0.00000000
    2927        -40.00000000         53.33333206          0.00000000
    2928         10.00000000        106.66666412        -26.66666794
    2929        -66.66666412         30.00000000        -26.66666794
    2930        -26.66666794         80.00000000        -26.66666794
    2931        -40.00000000         66.66666412        -26.66666794
    2932          0.00000000        106.66666412        -53.33333206
    2933        -66.66666412         40.00000000        -53.33333206
    2934         20.00000000        120.00000000        -80.00000000
    2935        -80.00000000         20.00000000        -80.00000000
    2936         35.00000000        120.00000000        -26.66666794
    2937        -80.00000000          5.00000000        -26.66666794
    2938         20.00000000        120.00000000        -66.66666412
    2939        -80.00000000         20.00000000        -66.66666412
    2940         25.00000000        106.66666412          0.00000000
    2941        -66.66666412         15.00000000          0.00000000
    2942        -66.66666412         25.00000000        -13.33333302
    2943         15.00000000        106.66666412        -13.33333302
    2944        -80.00000000         15.00000000        -40.00000000
    2945         25.00000000        120.00000000        -40.00000000
    2946        -53.33333206         53.33333206        -26.66666794
    2947        -13.33333302         93.33333588        -26.66666794
    2948        -80.00000000         20.00000000        -53.33333206
    2949         20.00000000        120.00000000        -53.33333206
    2950          0.00000000        106.66666412        -40.00000000
    2951          0.00000000         93.33333588          0.00000000
    2952         40.00000000        120.00000000        -13.33333302
    2953         53.33333206        120.00000000          0.00000000
    2954        -80.00000000        -13.33333302          0.00000000
    2955        -80.00000000          0.00000000        -13.33333302
    2956        -53.33333206         40.00000000          0.00000000
    2957        -66.66666412         40.00000000        -40.00000000
    2958          5.00000000        106.66666412        -26.66666794
    2959        -66.66666412         35.00000000        -26.66666794
    2960         30.00000000        120.00000000        -26.66666794
    2961        -80.00000000         10.00000000        -26.66666794
    2962        -80.00000000         25.00000000        -80.00000000
    2963         15.00000000        120.00000000        -80.00000000
    2964        -40.00000000         80.00000000        -80.00000000
    2965        -80.00000000         25.00000000        -66.66666412
    2966         15.00000000        120.00000000        -66.66666412
    2967         20.00000000        106.66666412          0.00000000
    2968        -66.66666412         20.00000000          0.00000000
    2969        -40.00000000         80.00000000        -66.66666412
    2970         10.00000000        106.66666412        -13.33333302
    2971        -66.66666412         30.00000000        -13.33333302
    2972        -26.66666794         80.00000000        -13.33333302
    2973        -40.00000000         66.66666412        -13.33333302
    2974        -26.66666794         93.33333588        -80.00000000
    2975        -53.33333206         66.66666412        -80.00000000
    2976        -80.00000000         20.00000000        -40.00000000
    2977         20.00000000        120.00000000        -40.00000000
    2978        -80.00000000          5.00000000        -13.33333302
    2979         35.00000000        120.00000000        -13.33333302
    2980        -53.33333206         66.66666412        -66.66666412
    2981        -26.66666794         93.33333588        -66.66666412
    2982         15.00000000        120.00000000        -53.33333206
    2983        -80.00000000         25.00000000        -53.33333206
    2984         25.00000000        120.00000000        -26.66666794
    2985        -80.00000000         15.00000000        -26.66666794
    2986        -40.00000000         80.00000000        -53.33333206
    2987          0.00000000        106.66666412        -26.66666794
    2988        -66.66666412         40.00000000        -26.66666794
    2989         10.00000000        120.00000000        -80.00000000
    2990        -80.00000000         30.00000000        -80.00000000
    2991        -53.33333206         66.66666412        -53.33333206
    2992        -53.33333206         53.33333206        -13.33333302
    2993        -26.66666794         93.33333588        -53.33333206
    2994        -13.33333302         93.33333588        -13.33333302
    2995        -66.66666412         25.00000000          0.00000000
    2996         15.00000000        106.66666412          0.00000000
    2997         10.00000000        120.00000000        -66.66666412
    2998        -80.00000000         30.00000000        -66.66666412
    2999        -66.66666412         35.00000000        -13.33333302
    3000          5.00000000        106.66666412        -13.33333302
    3001         30.00000000        120.00000000        -13.33333302
    3002        -80.00000000         10.00000000        -13.33333302
    3003        -13.33333302        106.66666412        -80.00000000
    3004        -66.66666412         53.33333206        -80.00000000
    3005        -80.00000000         25.00000000        -40.00000000
    3006         15.00000000        120.00000000        -40.00000000
    3007        -40.00000000         80.00000000        -40.00000000
    3008        -80.00000000          0.00000000          0.00000000
    3009        -13.33333302        106.66666412        -66.66666412
    3010         40.00000000        120.00000000          0.00000000
    3011        -66.66666412         53.33333206        -66.66666412
    3012        -80.00000000         30.00000000        -53.33333206
    3013         10.00000000        120.00000000        -53.33333206
    3014        -80.00000000         20.00000000        -26.66666794
    3015         20.00000000        120.00000000        -26.66666794
    3016        -53.33333206         66.66666412        -40.00000000
    3017        -26.66666794         93.33333588        -40.00000000
    3018          5.00000000        120.00000000        -80.00000000
    3019        -80.00000000         35.00000000        -80.00000000
    3020        -13.33333302        106.66666412        -53.33333206
    3021        -66.66666412         53.33333206        -53.33333206
    3022        -66.66666412         30.00000000          0.00000000
    3023         10.00000000        106.66666412          0.00000000
    3024        -80.00000000         35.00000000        -66.66666412
    3025          5.00000000        120.00000000        -66.66666412
    3026        -80.00000000         15.00000000        -13.33333302
    3027         25.00000000        120.00000000        -13.33333302
    3028        -40.00000000         66.66666412          0.00000000
    3029        -26.66666794         80.00000000          0.00000000
    3030        -80.00000000          5.00000000          0.00000000
    3031         35.00000000        120.00000000          0.00000000
    3032          0.00000000        106.66666412        -13.33333302
    3033        -66.66666412         40.00000000        -13.33333302
    3034         10.00000000        120.00000000        -40.00000000
    3035        -80.00000000         30.00000000        -40.00000000
    3036         15.00000000        120.00000000        -26.66666794
    3037        -80.00000000         25.00000000        -26.66666794
    3038          5.00000000        120.00000000        -53.33333206
    3039        -80.00000000         35.00000000        -53.33333206
    3040        -40.00000000         80.00000000        -26.66666794
    3041        -13.33333302        106.66666412        -40.00000000
    3042        -53.33333206         53.33333206          0.00000000
    3043        -13.33333302         93.33333588          0.00000000
    3044        -66.66666412         53.33333206        -40.00000000
    3045        -26.66666794         93.33333588        -26.66666794
    3046          0.00000000        120.00000000        -80.00000000
    3047        -80.00000000         40.00000000        -80.00000000
    3048        -53.33333206         66.66666412        -26.66666794
    3049         20.00000000        120.00000000        -13.33333302
    3050        -80.00000000         20.00000000        -13.33333302
    3051          5.00000000        106.66666412          0.00000000
    3052        -66.66666412         35.00000000          0.00000000
    3053        -80.00000000         10.00000000          0.00000000
    3054         30.00000000        120.00000000          0.00000000
    3055          0.00000000        120.00000000        -66.66666412
    3056        -80.00000000         40.00000000        -66.66666412
    3057        -80.00000000         35.00000000        -40.00000000
    3058          5.00000000        120.00000000        -40.00000000
    3059        -80.00000000         30.00000000        -26.66666794
    3060         10.00000000        120.00000000        -26.66666794
    3061          0.00000000        120.00000000        -53.33333206
    3062        -80.00000000         40.00000000        -53.33333206
    3063         25.00000000        120.00000000          0.00000000
    3064        -80.00000000         15.00000000          0.00000000
    3065        -13.33333302        106.66666412        -26.66666794
    3066        -66.66666412         53.33333206        -26.66666794
    3067        -80.00000000         25.00000000        -13.33333302
    3068         15.00000000        120.00000000        -13.33333302
    3069        -40.00000000         80.00000000        -13.33333302
    3070        -40.00000000         93.33333588        -80.00000000
    3071        -66.66666412         40.00000000          0.00000000
    3072        -53.33333206         80.00000000        -80.00000000
    3073          0.00000000        106.66666412          0.00000000
    3074        -53.33333206         80.00000000        -66.66666412
    3075        -40.00000000         93.33333588        -66.66666412
    3076        -80.00000000         40.00000000        -40.00000000
    3077          0.00000000        120.00000000        -40.00000000
    3078        -53.33333206         66.66666412        -13.33333302
    3079        -26.66666794         93.33333588        -13.33333302
    3080          5.00000000        120.00000000        -26.66666794
    3081        -80.00000000         35.00000000        -26.66666794
    3082        -53.33333206         80.00000000        -53.33333206
    3083        -26.66666794        106.66666412        -80.00000000
    3084        -40.00000000         93.33333588        -53.33333206
    3085        -66.66666412         66.66666412        -80.00000000
    3086         20.00000000        120.00000000          0.00000000
    3087        -80.00000000         20.00000000          0.00000000
    3088        -26.66666794        106.66666412        -66.66666412
    3089        -66.66666412         66.66666412        -66.66666412
    3090         10.00000000        120.00000000        -13.33333302
    3091        -80.00000000         30.00000000        -13.33333302
    3092        -13.33333302        106.66666412        -13.33333302
    3093        -26.66666794        106.66666412        -53.33333206
    3094        -66.66666412         66.66666412        -53.33333206
    3095        -66.66666412         53.33333206        -13.33333302
    3096        -53.33333206         80.00000000        -40.00000000
    3097          0.00000000        120.00000000        -26.66666794
    3098        -80.00000000         40.00000000        -26.66666794
    3099        -40.00000000         93.33333588        -40.00000000
    3100        -80.00000000         25.00000000          0.00000000
    3101         15.00000000        120.00000000          0.00000000
    3102        -40.00000000         80.00000000          0.00000000
    3103        -80.00000000         35.00000000        -13.33333302
    3104          5.00000000        120.00000000        -13.33333302
    3105        -80.00000000         53.33333206        -80.00000000
    3106        -13.33333302        120.00000000        -80.00000000
    3107        -13.33333302        120.00000000        -66.66666412
    3108        -26.66666794        106.66666412        -40.00000000
    3109        -80.00000000         53.33333206        -66.66666412
    3110        -26.66666794         93.33333588          0.00000000
    3111        -66.66666412         66.66666412        -40.00000000
    3112        -53.33333206         66.66666412          0.00000000
    3113        -80.00000000         53.33333206        -53.33333206
    3114        -53.33333206         80.00000000        -26.66666794
    3115        -13.33333302        120.00000000        -53.33333206
    3116        -40.00000000         93.33333588        -26.66666794
    3117        -80.00000000         30.00000000          0.00000000
    3118         10.00000000        120.00000000          0.00000000
    3119        -80.00000000         40.00000000        -13.33333302
    3120          0.00000000        120.00000000        -13.33333302
    3121        -13.33333302        106.66666412          0.00000000
    3122        -66.66666412         53.33333206          0.00000000
    3123        -26.66666794        106.66666412        -26.66666794
    3124        -66.66666412         66.66666412        -26.66666794
    3125        -80.00000000         53.33333206        -40.00000000
    3126        -13.33333302        120.00000000        -40.00000000
    3127        -80.00000000         35.00000000          0.00000000
    3128          5.00000000        120.00000000          0.00000000
    3129        -53.33333206         93.33333588        -80.00000000
    3130        -53.33333206         80.00000000        -13.33333302
    3131        -40.00000000         93.33333588        -13.33333302
    3132        -53.33333206         93.33333588        -66.66666412
    3133        -66.66666412         80.00000000        -80.00000000
    3134        -40.00000000        106.66666412        -80.00000000
    3135        -80.00000000         53.33333206        -26.66666794
    3136        -66.66666412         80.00000000        -66.66666412
    3137        -13.33333302        120.00000000        -26.66666794
    3138        -40.00000000        106.66666412        -66.66666412
    3139        -26.66666794        106.66666412        -13.33333302
    3140          0.00000000        120.00000000          0.00000000
    3141        -80.00000000         40.00000000          0.00000000
    3142        -53.33333206         93.33333588        -53.33333206
    3143        -66.66666412         66.66666412        -13.33333302
    3144        -66.66666412         80.00000000        -53.33333206
    3145        -40.00000000        106.66666412        -53.33333206
    3146        -80.00000000         66.66666412        -80.00000000
    3147        -26.66666794        120.00000000        -80.00000000
    3148        -80.00000000         66.66666412        -66.66666412
    3149        -26.66666794        120.00000000        -66.66666412
    3150        -53.33333206         93.33333588        -40.00000000
    3151        -40.00000000        106.66666412        -40.00000000
    3152        -66.66666412         80.00000000        -40.00000000
    3153        -53.33333206         80.00000000          0.00000000
    3154        -40.00000000         93.33333588          0.00000000
    3155        -13.33333302        120.00000000        -13.33333302
    3156        -80.00000000         66.66666412        -53.33333206
    3157        -26.66666794        120.00000000        -53.33333206
    3158        -80.00000000         53.33333206        -13.33333302
    3159        -26.66666794        106.66666412          0.00000000
    3160        -66.66666412         66.66666412          0.00000000
    3161        -53.33333206         93.33333588        -26.66666794
    3162        -80.00000000         66.66666412        -40.00000000
    3163        -26.66666794        120.00000000        -40.00000000
    3164        -66.66666412         80.00000000        -26.66666794
    3165        -40.00000000        106.66666412        -26.66666794
    3166        -80.00000000         53.33333206          0.00000000
    3167        -13.33333302        120.00000000          0.00000000
    3168        -80.00000000         66.66666412        -26.66666794
    3169        -26.66666794        120.00000000        -26.66666794
    3170        -53.33333206         93.33333588        -13.33333302
    3171        -66.66666412         93.33333588        -80.00000000
    3172        -66.66666412         80.00000000        -13.33333302
    3173        -40.00000000        106.66666412        -13.33333302
    3174        -53.33333206        106.66666412        -80.00000000
    3175        -66.66666412         93.33333588        -66.66666412
    3176        -53.33333206        106.66666412        -66.66666412
    3177        -66.66666412         93.33333588        -53.33333206
    3178        -80.00000000         80.00000000        -80.00000000
    3179        -40.00000000        120.00000000        -80.00000000
    3180        -53.33333206        106.66666412        -53.33333206
    3181        -40.00000000        120.00000000        -66.66666412
    3182        -80.00000000         80.00000000        -66.66666412
    3183        -80.00000000         66.66666412        -13.33333302
    3184        -26.66666794        120.00000000        -13.33333302
    3185        -40.00000000        120.00000000        -53.33333206
    3186        -80.00000000         80.00000000        -53.33333206
    3187        -66.66666412         93.33333588        -40.00000000
    3188        -53.33333206        106.66666412        -40.00000000
    3189        -53.33333206         93.33333588          0.00000000
    3190        -66.66666412         80.00000000          0.00000000
    3191        -40.00000000        106.66666412          0.00000000
    3192        -40.00000000        120.00000000        -40.00000000
    3193        -80.00000000         80.00000000        -40.00000000
    3194        -53.33333206        106.66666412        -26.66666794
    3195        -66.66666412         93.33333588        -26.66666794
    3196        -80.00000000         66.66666412          0.00000000
    3197        -26.66666794        120.00000000          0.00000000
    3198        -80.00000000         80.00000000        -26.66666794
    3199        -40.00000000        120.00000000        -26.66666794
    3200        -66.66666412         93.33333588        -13.33333302
    3201        -53.33333206        106.66666412        -13.33333302
    3202        -66.66666412        106.66666412        -80.00000000
    3203        -66.66666412        106.66666412        -66.66666412
    3204        -80.00000000         93.33333588        -80.00000000
    3205        -80.00000000         80.00000000        -13.33333302
    3206        -40.00000000        120.00000000        -13.33333302
    3207        -53.33333206        120.00000000        -80.00000000
    3208        -53.33333206        120.00000000        -66.66666412
    3209        -80.00000000         93.33333588        -66.66666412
    3210        -66.66666412        106.66666412        -53.33333206
    3211        -53.33333206        120.00000000        -53.33333206
    3212        -80.00000000         93.33333588        -53.33333206
    3213        -66.66666412         93.33333588          0.00000000
    3214        -66.66666412        106.66666412        -40.00000000
    3215        -53.33333206        106.66666412          0.00000000
    3216        -80.00000000         93.33333588        -40.00000000
    3217        -53.33333206        120.00000000        -40.00000000
    3218        -40.00000000        120.00000000          0.00000000
    3219        -80.00000000         80.00000000          0.00000000
    3220        -66.66666412        106.66666412        -26.66666794
    3221        -80.00000000         93.33333588        -26.66666794
    3222        -53.33333206        120.00000000        -26.66666794
    3223        -66.66666412        106.66666412        -13.33333302
    3224        -53.33333206        120.00000000        -13.33333302
    3225        -80.00000000         93.33333588        -13.33333302
    3226        -66.66666412        120.00000000        -80.00000000
    3227        -80.00000000        106.66666412        -80.00000000
    3228        -66.66666412        120.00000000        -66.66666412
    3229        -80.00000000        106.66666412        -66.66666412
    3230        -66.66666412        120.00000000        -53.33333206
    3231        -80.00000000        106.66666412        -53.33333206
    3232        -66.66666412        106.66666412          0.00000000
    3233        -80.00000000        106.66666412        -40.00000000
    3234        -80.00000000         93.33333588          0.00000000
    3235        -53.33333206        120.00000000          0.00000000
    3236        -66.66666412        120.00000000        -40.00000000
    3237        -80.00000000        106.66666412        -26.66666794
    3238        -66.66666412        120.00000000        -26.66666794
    3239        -80.00000000        106.66666412        -13.33333302
    3240        -66.66666412        120.00000000        -13.33333302
    3241        -80.00000000        120.00000000        -80.00000000
    3242        -80.00000000        120.00000000        -66.66666412
    3243        -80.00000000        120.00000000        -53.33333206
    3244        -80.00000000        106.66666412          0.00000000
    3245        -66.66666412        120.00000000          0.00000000
    3246        -80.00000000        120.00000000        -40.00000000
    3247        -80.00000000        120.00000000        -26.66666794
    3248        -80.00000000        120.00000000        -13.33333302
    3249        -80.00000000        120.00000000          0.00000000
    3250         25.00000000         25.00000000        -40.00000000
    3251         25.00000000         15.00000000        -40.00000000
    3252         15.00000000         25.00000000        -40.00000000
    3253         25.00000000         25.00000000        -30.00000000
    3254         15.00000000         15.00000000        -40.00000000
    3255         25.00000000         15.00000000        -30.00000000
    3256         15.00000000         25.00000000        -30.00000000
    3257         15.00000000         15.00000000        -30.00000000
    3258         25.00000000         25.00000000        -20.00000000
    3259         25.00000000         15.00000000        -20.00000000
    3260         15.00000000         25.00000000        -20.00000000
    3261         15.00000000         15.00000000        -20.00000000
    3262         25.00000000         25.00000000        -10.00000000
    3263         25.00000000         15.00000000        -10.00000000
    3264         15.00000000         25.00000000        -10.00000000
    3265         15.00000000         15.00000000        -10.00000000
    3266         25.00000000         25.00000000          0.00000000
    3267         15.00000000         25.00000000          0.00000000
    3268         25.00000000         15.00000000          0.00000000
    3269         15.00000000         15.00000000          0.00000000
 end coordinates
 elements
         1      3223      3239      3244      3232      3240      3248      3249      3245         1
         2      3201      3223      3232      3215      3224      3240      3245      3235         1
         3      3173      3201      3215      3191      3206      3224      3235      3218         1
         4      3139      3173      3191      3159      3184      3206      3218      3197         1
         5      3092      3139      3159      3121      3155      3184      3197      3167         1
         6      3032      3092      3121      3073      3120      3155      3167      3140         1
         7      3220      3237      3239      3223      3238      3247      3248      3240         1
         8      3194      3220      3223      3201      3222      3238      3240      3224         1
         9      3165      3194      3201      3173      3199      3222      3224      3206         1
        10      3123      3165      3173      3139      3169      3199      3206      3184         1
        11      3065      3123      3139      3092      3137      3169      3184      3155         1
        12      2987      3065      3092      3032      3097      3137      3155      3120         1
        13      3214      3233      3237      3220      3236      3246      3247      3238         1
        14      3188      3214      3220      3194      3217      3236      3238      3222         1
        15      3151      3188      3194      3165      3192      3217      3222      3199         1
        16      3108      3151      3165      3123      3163      3192      3199      3169         1
        17      3041      3108      3123      3065      3126      3163      3169      3137         1
        18      2950      3041      3065      2987      3077      3126      3137      3097         1
        19      3210      3231      3233      3214      3230      3243      3246      3236         1
        20      3180      3210      3214      3188      3211      3230      3236      3217         1
        21      3145      3180      3188      3151      3185      3211      3217      3192         1
        22      3093      3145      3151      3108      3157      3185      3192      3163         1
        23      3020      3093      3108      3041      3115      3157      3163      3126         1
        24      2932      3020      3041      2950      3061      3115      3126      3077         1
        25      3203      3229      3231      3210      3228      3242      3243      3230         1
        26      3176      3203      3210      3180      3208      3228      3230      3211         1
        27      3138      3176      3180      3145      3181      3208      3211      3185         1
        28      3088      3138      3145      3093      3149      3181      3185      3157         1
        29      3009      3088      3093      3020      3107      3149      3157      3115         1
        30      2916      3009      3020      2932      3055      3107      3115      3061         1
        31      3202      3227      3229      3203      3226      3241      3242      3228         1
        32      3174      3202      3203      3176      3207      3226      3228      3208         1
        33      3134      3174      3176      3138      3179      3207      3208      3181         1
        34      3083      3134      3138      3088      3147      3179      3181      3149         1
        35      3003      3083      3088      3009      3106      3147      3149      3107         1
        36      2907      3003      3009      2916      3046      3106      3107      3055         1
        37      3200      3225      3234      3213      3223      3239      3244      3232         1
        38      3170      3200      3213      3189      3201      3223      3232      3215         1
        39      3131      3170      3189      3154      3173      3201      3215      3191         1
        40      3079      3131      3154      3110      3139      3173      3191      3159         1
        41      2994      3079      3110      3043      3092      3139      3159      3121         1
        42      2896      2994      3043      2951      3032      3092      3121      3073         1
        43      3195      3221      3225      3200      3220      3237      3239      3223         1
        44      3161      3195      3200      3170      3194      3220      3223      3201         1
        45      3116      3161      3170      3131      3165      3194      3201      3173         1
        46      3045      3116      3131      3079      3123      3165      3173      3139         1
        47      2947      3045      3079      2994      3065      3123      3139      3092         1
        48      2829      2947      2994      2896      2987      3065      3092      3032         1
        49      3187      3216      3221      3195      3214      3233      3237      3220         1
        50      3150      3187      3195      3161      3188      3214      3220      3194         1
        51      3099      3150      3161      3116      3151      3188      3194      3165         1
        52      3017      3099      3116      3045      3108      3151      3165      3123         1
        53      2917      3017      3045      2947      3041      3108      3123      3065         1
        54      2783      2917      2947      2829      2950      3041      3065      2987         1
        55      3177      3212      3216      3187      3210      3231      3233      3214         1
        56      3142      3177      3187      3150      3180      3210      3214      3188         1
        57      3084      3142      3150      3099      3145      3180      3188      3151         1
        58      2993      3084      3099      3017      3093      3145      3151      3108         1
        59      2880      2993      3017      2917      3020      3093      3108      3041         1
        60      2758      2880      2917      2783      2932      3020      3041      2950         1
        61      3175      3209      3212      3177      3203      3229      3231      3210         1
        62      3132      3175      3177      3142      3176      3203      3210      3180         1
        63      3075      3132      3142      3084      3138      3176      3180      3145         1
        64      2981      3075      3084      2993      3088      3138      3145      3093         1
        65      2866      2981      2993      2880      3009      3088      3093      3020         1
        66      2738      2866      2880      2758      2916      3009      3020      2932         1
        67      3171      3204      3209      3175      3202      3227      3229      3203         1
        68      3129      3171      3175      3132      3174      3202      3203      3176         1
        69      3070      3129      3132      3075      3134      3174      3176      3138         1
        70      2974      3070      3075      2981      3083      3134      3138      3088         1
        71      2857      2974      2981      2866      3003      3083      3088      3009         1
        72      2714      2857      2866      2738      2907      3003      3009      2916         1
        73      3172      3205      3219      3190      3200      3225      3234      3213         1
        74      3130      3172      3190      3153      3170      3200      3213      3189         1
        75      3069      3130      3153      3102      3131      3170      3189      3154         1
        76      2972      3069      3102      3029      3079      3131      3154      3110         1
        77      2855      2972      3029      2926      2994      3079      3110      3043         1
        78      2720      2855      2926      2796      2896      2994      3043      2951         1
        79      3164      3198      3205      3172      3195      3221      3225      3200         1
        80      3114      3164      3172      3130      3161      3195      3200      3170         1
        81      3040      3114      3130      3069      3116      3161      3170      3131         1
        82      2930      3040      3069      2972      3045      3116      3131      3079         1
        83      2792      2930      2972      2855      2947      3045      3079      2994         1
        84      2645      2792      2855      2720      2829      2947      2994      2896         1
        85      3152      3193      3198      3164      3187      3216      3221      3195         1
        86      3096      3152      3164      3114      3150      3187      3195      3161         1
        87      3007      3096      3114      3040      3099      3150      3161      3116         1
        88      2885      3007      3040      2930      3017      3099      3116      3045         1
        89      2747      2885      2930      2792      2917      3017      3045      2947         1
        90      2584      2747      2792      2645      2783      2917      2947      2829         1
        91      3144      3186      3193      3152      3177      3212      3216      3187         1
        92      3082      3144      3152      3096      3142      3177      3187      3150         1
        93      2986      3082      3096      3007      3084      3142      3150      3099         1
        94      2858      2986      3007      2885      2993      3084      3099      3017         1
        95      2709      2858      2885      2747      2880      2993      3017      2917         1
        96      2543      2709      2747      2584      2758      2880      2917      2783         1
        97      3136      3182      3186      3144      3175      3209      3212      3177         1
        98      3074      3136      3144      3082      3132      3175      3177      3142         1
        99      2969      3074      3082      2986      3075      3132      3142      3084         1
       100      2835      2969      2986      2858      2981      3075      3084      2993         1
       101      2679      2835      2858      2709      2866      2981      2993      2880         1
       102      2520      2679      2709      2543      2738      2866      2880      2758         1
       103      3133      3178      3182      3136      3171      3204      3209      3175         1
       104      3072      3133      3136      3074      3129      3171      3175      3132         1
       105      2964      3072      3074      2969      3070      3129      3132      3075         1
       106      2823      2964      2969      2835      2974      3070      3075      2981         1
       107      2674      2823      2835      2679      2857      2974      2981      2866         1
       108      2502      2674      2679      2520      2714      2857      2866      2738         1
       109      3143      3183      3196      3160      3172      3205      3219      3190         1
       110      3078      3143      3160      3112      3130      3172      3190      3153         1
       111      2973      3078      3112      3028      3069      3130      3153      3102         1
       112      2840      2973      3028      2914      2972      3069      3102      3029         1
       113      2691      2840      2914      2769      2855      2972      3029      2926         1
       114      2530      2691      2769      2626      2720      2855      2926      2796         1
       115      3124      3168      3183      3143      3164      3198      3205      3172         1
       116      3048      3124      3143      3078      3114      3164      3172      3130         1
       117      2931      3048      3078      2973      3040      3114      3130      3069         1
       118      2779      2931      2973      2840      2930      3040      3069      2972         1
       119      2614      2779      2840      2691      2792      2930      2972      2855         1
       120      2446      2614      2691      2530      2645      2792      2855      2720         1
       121      3111      3162      3168      3124      3152      3193      3198      3164         1
       122      3016      3111      3124      3048      3096      3152      3164      3114         1
       123      2886      3016      3048      2931      3007      3096      3114      3040         1
       124      2737      2886      2931      2779      2885      3007      3040      2930         1
       125      2548      2737      2779      2614      2747      2885      2930      2792         1
       126      2396      2548      2614      2446      2584      2747      2792      2645         1
       127      3094      3156      3162      3111      3144      3186      3193      3152         1
       128      2991      3094      3111      3016      3082      3144      3152      3096         1
       129      2854      2991      3016      2886      2986      3082      3096      3007         1
       130      2694      2854      2886      2737      2858      2986      3007      2885         1
       131      2499      2694      2737      2548      2709      2858      2885      2747         1
       132      2354      2499      2548      2396      2543      2709      2747      2584         1
       133      3089      3148      3156      3094      3136      3182      3186      3144         1
       134      2980      3089      3094      2991      3074      3136      3144      3082         1
       135      2831      2980      2991      2854      2969      3074      3082      2986         1
       136      2667      2831      2854      2694      2835      2969      2986      2858         1
       137      2485      2667      2694      2499      2679      2835      2858      2709         1
       138      2317      2485      2499      2354      2520      2679      2709      2543         1
       139      3085      3146      3148      3089      3133      3178      3182      3136         1
       140      2975      3085      3089      2980      3072      3133      3136      3074         1
       141      2822      2975      2980      2831      2964      3072      3074      2969         1
       142      2661      2822      2831      2667      2823      2964      2969      2835         1
       143      2470      2661      2667      2485      2674      2823      2835      2679         1
       144      2310      2470      2485      2317      2502      2674      2679      2520         1
       145      3095      3158      3166      3122      3143      3183      3196      3160         1
       146      2992      3095      3122      3042      3078      3143      3160      3112         1
       147      2856      2992      3042      2927      2973      3078      3112      3028         1
       148      2693      2856      2927      2771      2840      2973      3028      2914         1
       149      2501      2693      2771      2605      2691      2840      2914      2769         1
       150      2351      2501      2605      2443      2530      2691      2769      2626         1
       151      3066      3135      3158      3095      3124      3168      3183      3143         1
       152      2946      3066      3095      2992      3048      3124      3143      3078         1
       153      2793      2946      2992      2856      2931      3048      3078      2973         1
       154      2615      2793      2856      2693      2779      2931      2973      2840         1
       155      2434      2615      2693      2501      2614      2779      2840      2691         1
       156      2264      2434      2501      2351      2446      2614      2691      2530         1
       157      3044      3125      3135      3066      3111      3162      3168      3124         1
       158      2913      3044      3066      2946      3016      3111      3124      3048         1
       159      2748      2913      2946      2793      2886      3016      3048      2931         1
       160      2553      2748      2793      2615      2737      2886      2931      2779         1
       161      2371      2553      2615      2434      2548      2737      2779      2614         1
       162      2199      2371      2434      2264      2396      2548      2614      2446         1
       163      3021      3113      3125      3044      3094      3156      3162      3111         1
       164      2879      3021      3044      2913      2991      3094      3111      3016         1
       165      2707      2879      2913      2748      2854      2991      3016      2886         1
       166      2504      2707      2748      2553      2694      2854      2886      2737         1
       167      2325      2504      2553      2371      2499      2694      2737      2548         1
       168      2147      2325      2371      2199      2354      2499      2548      2396         1
       169      3011      3109      3113      3021      3089      3148      3156      3094         1
       170      2861      3011      3021      2879      2980      3089      3094      2991         1
       171      2680      2861      2879      2707      2831      2980      2991      2854         1
       172      2487      2680      2707      2504      2667      2831      2854      2694         1
       173      2302      2487      2504      2325      2485      2667      2694      2499         1
       174      2121      2302      2325      2147      2317      2485      2499      2354         1
       175      3004      3105      3109      3011      3085      3146      3148      3089         1
       176      2853      3004      3011      2861      2975      3085      3089      2980         1
       177      2673      2853      2861      2680      2822      2975      2980      2831         1
       178      2474      2673      2680      2487      2661      2822      2831      2667         1
       179      2293      2474      2487      2302      2470      2661      2667      2485         1
       180      2107      2293      2302      2121      2310      2470      2485      2317         1
       181      3033      3119      3141      3071      3095      3158      3166      3122         1
       182      2895      3033      3071      2956      2992      3095      3122      3042         1
       183      2717      2895      2956      2795      2856      2992      3042      2927         1
       184      2531      2717      2795      2630      2693      2856      2927      2771         1
       185      2353      2531      2630      2444      2501      2693      2771      2605         1
       186      2177      2353      2444      2270      2351      2501      2605      2443         1
       187      2988      3098      3119      3033      3066      3135      3158      3095         1
       188      2828      2988      3033      2895      2946      3066      3095      2992         1
       189      2640      2828      2895      2717      2793      2946      2992      2856         1
       190      2445      2640      2717      2531      2615      2793      2856      2693         1
       191      2262      2445      2531      2353      2434      2615      2693      2501         1
       192      2070      2262      2353      2177      2264      2434      2501      2351         1
       193      2957      3076      3098      2988      3044      3125      3135      3066         1
       194      2782      2957      2988      2828      2913      3044      3066      2946         1
       195      2586      2782      2828      2640      2748      2913      2946      2793         1
       196      2397      2586      2640      2445      2553      2748      2793      2615         1
       197      2200      2397      2445      2262      2371      2553      2615      2434         1
       198      1995      2200      2262      2070      2199      2371      2434      2264         1
       199      2933      3062      3076      2957      3021      3113      3125      3044         1
       200      2757      2933      2957      2782      2879      3021      3044      2913         1
       201      2541      2757      2782      2586      2707      2879      2913      2748         1
       202      2355      2541      2586      2397      2504      2707      2748      2553         1
       203      2148      2355      2397      2200      2325      2504      2553      2371         1
       204      1930      2148      2200      1995      2147      2325      2371      2199         1
       205      2915      3056      3062      2933      3011      3109      3113      3021         1
       206      2739      2915      2933      2757      2861      3011      3021      2879         1
       207      2521      2739      2757      2541      2680      2861      2879      2707         1
       208      2316      2521      2541      2355      2487      2680      2707      2504         1
       209      2120      2316      2355      2148      2302      2487      2504      2325         1
       210      1908      2120      2148      1930      2121      2302      2325      2147         1
       211      2908      3047      3056      2915      3004      3105      3109      3011         1
       212      2725      2908      2915      2739      2853      3004      3011      2861         1
       213      2506      2725      2739      2521      2673      2853      2861      2680         1
       214      2311      2506      2521      2316      2474      2673      2680      2487         1
       215      2108      2311      2316      2120      2293      2474      2487      2302         1
       216      1889      2108      2120      1908      2107      2293      2302      2121         1
       217      2805      2979      3031      2877      2776      2952      3010      2845         1
       218      2595      2805      2877      2689      2559      2776      2845      2646         1
       219      2382      2595      2689      2466      2338      2559      2646      2435         1
       220      2171      2382      2466      2268      2124      2338      2435      2218         1
       221      1926      2171      2268      2058      1873      2124      2218      2004         1
       222      1679      1926      2058      1831      1603      1873      2004      1767         1
       223      2745      2936      2979      2805      2706      2906      2952      2776         1
       224      2519      2745      2805      2595      2478      2706      2776      2559         1
       225      2299      2519      2595      2382      2253      2478      2559      2338         1
       226      2067      2299      2382      2171      2023      2253      2338      2124         1
       227      1812      2067      2171      1926      1753      2023      2124      1873         1
       228      1533      1812      1926      1679      1462      1753      1873      1603         1
       229      2687      2893      2936      2745      2648      2865      2906      2706         1
       230      2452      2687      2745      2519      2420      2648      2706      2478         1
       231      2229      2452      2519      2299      2188      2420      2478      2253         1
       232      1992      2229      2299      2067      1932      2188      2253      2023         1
       233      1714      1992      2067      1812      1637      1932      2023      1753         1
       234      1431      1714      1812      1533      1361      1637      1753      1462         1
       235      2638      2860      2893      2687      2604      2820      2865      2648         1
       236      2415      2638      2687      2452      2375      2604      2648      2420         1
       237      2185      2415      2452      2229      2138      2375      2420      2188         1
       238      1929      2185      2229      1992      1867      2138      2188      1932         1
       239      1629      1929      1992      1714      1565      1867      1932      1637         1
       240      1353      1629      1714      1431      1273      1565      1637      1361         1
       241      2623      2839      2860      2638      2578      2809      2820      2604         1
       242      2393      2623      2638      2415      2357      2578      2604      2375         1
       243      2158      2393      2415      2185      2111      2357      2375      2138         1
       244      1905      2158      2185      1929      1837      2111      2138      1867         1
       245      1597      1905      1929      1629      1520      1837      1867      1565         1
       246      1301      1597      1629      1353      1232      1520      1565      1273         1
       247      2612      2826      2839      2623      2575      2799      2809      2578         1
       248      2383      2612      2623      2393      2340      2575      2578      2357         1
       249      2144      2383      2393      2158      2098      2340      2357      2111         1
       250      1885      2144      2158      1905      1826      2098      2111      1837         1
       251      1579      1885      1905      1597      1512      1826      1837      1520         1
       252      1280      1579      1597      1301      1213      1512      1520      1232         1
       253      2837      3001      3054      2912      2805      2979      3031      2877         1
       254      2634      2837      2912      2731      2595      2805      2877      2689         1
       255      2425      2634      2731      2516      2382      2595      2689      2466         1
       256      2210      2425      2516      2315      2171      2382      2466      2268         1
       257      1987      2210      2315      2117      1926      2171      2268      2058         1
       258      1743      1987      2117      1903      1679      1926      2058      1831         1
       259      2778      2960      3001      2837      2745      2936      2979      2805         1
       260      2563      2778      2837      2634      2519      2745      2805      2595         1
       261      2347      2563      2634      2425      2299      2519      2595      2382         1
       262      2130      2347      2425      2210      2067      2299      2382      2171         1
       263      1882      2130      2210      1987      1812      2067      2171      1926         1
       264      1607      1882      1987      1743      1533      1812      1926      1679         1
       265      2729      2922      2960      2778      2687      2893      2936      2745         1
       266      2496      2729      2778      2563      2452      2687      2745      2519         1
       267      2280      2496      2563      2347      2229      2452      2519      2299         1
       268      2051      2280      2347      2130      1992      2229      2299      2067         1
       269      1782      2051      2130      1882      1714      1992      2067      1812         1
       270      1504      1782      1882      1607      1431      1714      1812      1533         1
       271      2686      2892      2922      2729      2638      2860      2893      2687         1
       272      2450      2686      2729      2496      2415      2638      2687      2452         1
       273      2227      2450      2496      2280      2185      2415      2452      2229         1
       274      1990      2227      2280      2051      1929      2185      2229      1992         1
       275      1710      1990      2051      1782      1629      1929      1992      1714         1
       276      1429      1710      1782      1504      1353      1629      1714      1431         1
       277      2664      2874      2892      2686      2623      2839      2860      2638         1
       278      2431      2664      2686      2450      2393      2623      2638      2415         1
       279      2205      2431      2450      2227      2158      2393      2415      2185         1
       280      1952      2205      2227      1990      1905      2158      2185      1929         1
       281      1674      1952      1990      1710      1597      1905      1929      1629         1
       282      1382      1674      1710      1429      1301      1597      1629      1353         1
       283      2655      2870      2874      2664      2612      2826      2839      2623         1
       284      2427      2655      2664      2431      2383      2612      2623      2393         1
       285      2198      2427      2431      2205      2144      2383      2393      2158         1
       286      1940      2198      2205      1952      1885      2144      2158      1905         1
       287      1650      1940      1952      1674      1579      1885      1905      1597         1
       288      1374      1650      1674      1382      1280      1579      1597      1301         1
       289      2876      3027      3063      2940      2837      3001      3054      2912         1
       290      2678      2876      2940      2764      2634      2837      2912      2731         1
       291      2459      2678      2764      2565      2425      2634      2731      2516         1
       292      2260      2459      2565      2366      2210      2425      2516      2315         1
       293      2052      2260      2366      2172      1987      2210      2315      2117         1
       294      1816      2052      2172      1953      1743      1987      2117      1903         1
       295      2815      2984      3027      2876      2778      2960      3001      2837         1
       296      2602      2815      2876      2678      2563      2778      2837      2634         1
       297      2394      2602      2678      2459      2347      2563      2634      2425         1
       298      2184      2394      2459      2260      2130      2347      2425      2210         1
       299      1943      2184      2260      2052      1882      2130      2210      1987         1
       300      1688      1943      2052      1816      1607      1882      1987      1743         1
       301      2762      2945      2984      2815      2729      2922      2960      2778         1
       302      2539      2762      2815      2602      2496      2729      2778      2563         1
       303      2322      2539      2602      2394      2280      2496      2563      2347         1
       304      2104      2322      2394      2184      2051      2280      2347      2130         1
       305      1851      2104      2184      1943      1782      2051      2130      1882         1
       306      1582      1851      1943      1688      1504      1782      1882      1607         1
       307      2732      2925      2945      2762      2686      2892      2922      2729         1
       308      2497      2732      2762      2539      2450      2686      2729      2496         1
       309      2282      2497      2539      2322      2227      2450      2496      2280         1
       310      2055      2282      2322      2104      1990      2227      2280      2051         1
       311      1784      2055      2104      1851      1710      1990      2051      1782         1
       312      1505      1784      1851      1582      1429      1710      1782      1504         1
       313      2704      2902      2925      2732      2664      2874      2892      2686         1
       314      2467      2704      2732      2497      2431      2664      2686      2450         1
       315      2249      2467      2497      2282      2205      2431      2450      2227         1
       316      2014      2249      2282      2055      1952      2205      2227      1990         1
       317      1744      2014      2055      1784      1674      1952      1990      1710         1
       318      1456      1744      1784      1505      1382      1674      1710      1429         1
       319      2698      2900      2902      2704      2655      2870      2874      2664         1
       320      2461      2698      2704      2467      2427      2655      2664      2431         1
       321      2242      2461      2467      2249      2198      2427      2431      2205         1
       322      2003      2242      2249      2014      1940      2198      2205      1952         1
       323      1734      2003      2014      1744      1650      1940      1952      1674         1
       324      1446      1734      1744      1456      1374      1650      1674      1382         1
       325      2909      3049      3086      2967      2876      3027      3063      2940         1
       326      2727      2909      2967      2800      2678      2876      2940      2764         1
       327      2513      2727      2800      2609      2459      2678      2764      2565         1
       328      2313      2513      2609      2413      2260      2459      2565      2366         1
       329      2113      2313      2413      2213      2052      2260      2366      2172         1
       330      1901      2113      2213      2029      1816      2052      2172      1953         1
       331      2849      3015      3049      2909      2815      2984      3027      2876         1
       332      2654      2849      2909      2727      2602      2815      2876      2678         1
       333      2441      2654      2727      2513      2394      2602      2678      2459         1
       334      2226      2441      2513      2313      2184      2394      2459      2260         1
       335      2009      2226      2313      2113      1943      2184      2260      2052         1
       336      1773      2009      2113      1901      1688      1943      2052      1816         1
       337      2803      2977      3015      2849      2762      2945      2984      2815         1
       338      2590      2803      2849      2654      2539      2762      2815      2602         1
       339      2378      2590      2654      2441      2322      2539      2602      2394         1
       340      2168      2378      2441      2226      2104      2322      2394      2184         1
       341      1924      2168      2226      2009      1851      2104      2184      1943         1
       342      1667      1924      2009      1773      1582      1851      1943      1688         1
       343      2768      2949      2977      2803      2732      2925      2945      2762         1
       344      2547      2768      2803      2590      2497      2732      2762      2539         1
       345      2329      2547      2590      2378      2282      2497      2539      2322         1
       346      2116      2329      2378      2168      2055      2282      2322      2104         1
       347      1858      2116      2168      1924      1784      2055      2104      1851         1
       348      1595      1858      1924      1667      1505      1784      1851      1582         1
       349      2751      2938      2949      2768      2704      2902      2925      2732         1
       350      2526      2751      2768      2547      2467      2704      2732      2497         1
       351      2308      2526      2547      2329      2249      2467      2497      2282         1
       352      2079      2308      2329      2116      2014      2249      2282      2055         1
       353      1829      2079      2116      1858      1744      2014      2055      1784         1
       354      1544      1829      1858      1595      1456      1744      1784      1505         1
       355      2741      2934      2938      2751      2698      2900      2902      2704         1
       356      2515      2741      2751      2526      2461      2698      2704      2467         1
       357      2297      2515      2526      2308      2242      2461      2467      2249         1
       358      2064      2297      2308      2079      2003      2242      2249      2014         1
       359      1808      2064      2079      1829      1734      2003      2014      1744         1
       360      1528      1808      1829      1544      1446      1734      1744      1456         1
       361      2943      3068      3101      2996      2909      3049      3086      2967         1
       362      2765      2943      2996      2844      2727      2909      2967      2800         1
       363      2566      2765      2844      2663      2513      2727      2800      2609         1
       364      2368      2566      2663      2455      2313      2513      2609      2413         1
       365      2179      2368      2455      2276      2113      2313      2413      2213         1
       366      1957      2179      2276      2089      1901      2113      2213      2029         1
       367      2888      3036      3068      2943      2849      3015      3049      2909         1
       368      2700      2888      2943      2765      2654      2849      2909      2727         1
       369      2491      2700      2765      2566      2441      2654      2727      2513         1
       370      2285      2491      2566      2368      2226      2441      2513      2313         1
       371      2078      2285      2368      2179      2009      2226      2313      2113         1
       372      1846      2078      2179      1957      1773      2009      2113      1901         1
       373      2842      3006      3036      2888      2803      2977      3015      2849         1
       374      2636      2842      2888      2700      2590      2803      2849      2654         1
       375      2428      2636      2700      2491      2378      2590      2654      2441         1
       376      2211      2428      2491      2285      2168      2378      2441      2226         1
       377      1999      2211      2285      2078      1924      2168      2226      2009         1
       378      1754      1999      2078      1846      1667      1924      2009      1773         1
       379      2811      2982      3006      2842      2768      2949      2977      2803         1
       380      2601      2811      2842      2636      2547      2768      2803      2590         1
       381      2388      2601      2636      2428      2329      2547      2590      2378         1
       382      2181      2388      2428      2211      2116      2329      2378      2168         1
       383      1935      2181      2211      1999      1858      2116      2168      1924         1
       384      1685      1935      1999      1754      1595      1858      1924      1667         1
       385      2789      2966      2982      2811      2751      2938      2949      2768         1
       386      2576      2789      2811      2601      2526      2751      2768      2547         1
       387      2363      2576      2601      2388      2308      2526      2547      2329         1
       388      2139      2363      2388      2181      2079      2308      2329      2116         1
       389      1910      2139      2181      1935      1829      2079      2116      1858         1
       390      1625      1910      1935      1685      1544      1829      1858      1595         1
       391      2781      2963      2966      2789      2741      2934      2938      2751         1
       392      2568      2781      2789      2576      2515      2741      2751      2526         1
       393      2362      2568      2576      2363      2297      2515      2526      2308         1
       394      2131      2362      2363      2139      2064      2297      2308      2079         1
       395      1895      2131      2139      1910      1808      2064      2079      1829         1
       396      1611      1895      1910      1625      1528      1808      1829      1544         1
       397      2970      3090      3118      3023      2943      3068      3101      2996         1
       398      2812      2970      3023      2881      2765      2943      2996      2844         1
       399      2619      2812      2881      2712      2566      2765      2844      2663         1
       400      2422      2619      2712      2510      2368      2566      2663      2455         1
       401      2220      2422      2510      2327      2179      2368      2455      2276         1
       402      2038      2220      2327      2157      1957      2179      2276      2089         1
       403      2928      3060      3090      2970      2888      3036      3068      2943         1
       404      2749      2928      2970      2812      2700      2888      2943      2765         1
       405      2536      2749      2812      2619      2491      2700      2765      2566         1
       406      2345      2536      2619      2422      2285      2491      2566      2368         1
       407      2142      2345      2422      2220      2078      2285      2368      2179         1
       408      1922      2142      2220      2038      1846      2078      2179      1957         1
       409      2882      3034      3060      2928      2842      3006      3036      2888         1
       410      2697      2882      2928      2749      2636      2842      2888      2700         1
       411      2483      2697      2749      2536      2428      2636      2700      2491         1
       412      2278      2483      2536      2345      2211      2428      2491      2285         1
       413      2062      2278      2345      2142      1999      2211      2285      2078         1
       414      1839      2062      2142      1922      1754      1999      2078      1846         1
       415      2847      3013      3034      2882      2811      2982      3006      2842         1
       416      2652      2847      2882      2697      2601      2811      2842      2636         1
       417      2439      2652      2697      2483      2388      2601      2636      2428         1
       418      2219      2439      2483      2278      2181      2388      2428      2211         1
       419      2007      2219      2278      2062      1935      2181      2211      1999         1
       420      1770      2007      2062      1839      1685      1935      1999      1754         1
       421      2825      2997      3013      2847      2789      2966      2982      2811         1
       422      2632      2825      2847      2652      2576      2789      2811      2601         1
       423      2410      2632      2652      2439      2363      2576      2601      2388         1
       424      2201      2410      2439      2219      2139      2363      2388      2181         1
       425      1975      2201      2219      2007      1910      2139      2181      1935         1
       426      1725      1975      2007      1770      1625      1910      1935      1685         1
       427      2817      2989      2997      2825      2781      2963      2966      2789         1
       428      2621      2817      2825      2632      2568      2781      2789      2576         1
       429      2404      2621      2632      2410      2362      2568      2576      2363         1
       430      2195      2404      2410      2201      2131      2362      2363      2139         1
       431      1959      2195      2201      1975      1895      2131      2139      1910         1
       432      1705      1959      1975      1725      1611      1895      1910      1625         1
       433      3000      3104      3128      3051      2970      3090      3118      3023         1
       434      2852      3000      3051      2919      2812      2970      3023      2881         1
       435      2670      2852      2919      2760      2619      2812      2881      2712         1
       436      2463      2670      2760      2570      2422      2619      2712      2510         1
       437      2288      2463      2570      2390      2220      2422      2510      2327         1
       438      2101      2288      2390      2207      2038      2220      2327      2157         1
       439      2958      3080      3104      3000      2928      3060      3090      2970         1
       440      2790      2958      3000      2852      2749      2928      2970      2812         1
       441      2592      2790      2852      2670      2536      2749      2812      2619         1
       442      2398      2592      2670      2463      2345      2536      2619      2422         1
       443      2203      2398      2463      2288      2142      2345      2422      2220         1
       444      2000      2203      2288      2101      1922      2142      2220      2038         1
       445      2921      3058      3080      2958      2882      3034      3060      2928         1
       446      2744      2921      2958      2790      2697      2882      2928      2749         1
       447      2532      2744      2790      2592      2483      2697      2749      2536         1
       448      2331      2532      2592      2398      2278      2483      2536      2345         1
       449      2134      2331      2398      2203      2062      2278      2345      2142         1
       450      1919      2134      2203      2000      1839      2062      2142      1922         1
       451      2890      3038      3058      2921      2847      3013      3034      2882         1
       452      2702      2890      2921      2744      2652      2847      2882      2697         1
       453      2493      2702      2744      2532      2439      2652      2697      2483         1
       454      2287      2493      2532      2331      2219      2439      2483      2278         1
       455      2081      2287      2331      2134      2007      2219      2278      2062         1
       456      1848      2081      2134      1919      1770      2007      2062      1839         1
       457      2872      3025      3038      2890      2825      2997      3013      2847         1
       458      2675      2872      2890      2702      2632      2825      2847      2652         1
       459      2457      2675      2702      2493      2410      2632      2652      2439         1
       460      2257      2457      2493      2287      2201      2410      2439      2219         1
       461      2049      2257      2287      2081      1975      2201      2219      2007         1
       462      1810      2049      2081      1848      1725      1975      2007      1770         1
       463      2867      3018      3025      2872      2817      2989      2997      2825         1
       464      2672      2867      2872      2675      2621      2817      2825      2632         1
       465      2448      2672      2675      2457      2404      2621      2632      2410         1
       466      2247      2448      2457      2257      2195      2404      2410      2201         1
       467      2044      2247      2257      2049      1959      2195      2201      1975         1
       468      1799      2044      2049      1810      1705      1959      1975      1725         1
       469      3032      3120      3140      3073      3000      3104      3128      3051         1
       470      2896      3032      3073      2951      2852      3000      3051      2919         1
       471      2720      2896      2951      2796      2670      2852      2919      2760         1
       472      2530      2720      2796      2626      2463      2670      2760      2570         1
       473      2351      2530      2626      2443      2288      2463      2570      2390         1
       474      2177      2351      2443      2270      2101      2288      2390      2207         1
       475      2987      3097      3120      3032      2958      3080      3104      3000         1
       476      2829      2987      3032      2896      2790      2958      3000      2852         1
       477      2645      2829      2896      2720      2592      2790      2852      2670         1
       478      2446      2645      2720      2530      2398      2592      2670      2463         1
       479      2264      2446      2530      2351      2203      2398      2463      2288         1
       480      2070      2264      2351      2177      2000      2203      2288      2101         1
       481      2950      3077      3097      2987      2921      3058      3080      2958         1
       482      2783      2950      2987      2829      2744      2921      2958      2790         1
       483      2584      2783      2829      2645      2532      2744      2790      2592         1
       484      2396      2584      2645      2446      2331      2532      2592      2398         1
       485      2199      2396      2446      2264      2134      2331      2398      2203         1
       486      1995      2199      2264      2070      1919      2134      2203      2000         1
       487      2932      3061      3077      2950      2890      3038      3058      2921         1
       488      2758      2932      2950      2783      2702      2890      2921      2744         1
       489      2543      2758      2783      2584      2493      2702      2744      2532         1
       490      2354      2543      2584      2396      2287      2493      2532      2331         1
       491      2147      2354      2396      2199      2081      2287      2331      2134         1
       492      1930      2147      2199      1995      1848      2081      2134      1919         1
       493      2916      3055      3061      2932      2872      3025      3038      2890         1
       494      2738      2916      2932      2758      2675      2872      2890      2702         1
       495      2520      2738      2758      2543      2457      2675      2702      2493         1
       496      2317      2520      2543      2354      2257      2457      2493      2287         1
       497      2121      2317      2354      2147      2049      2257      2287      2081         1
       498      1908      2121      2147      1930      1810      2049      2081      1848         1
       499      2907      3046      3055      2916      2867      3018      3025      2872         1
       500      2714      2907      2916      2738      2672      2867      2872      2675         1
       501      2502      2714      2738      2520      2448      2672      2675      2457         1
       502      2310      2502      2520      2317      2247      2448      2457      2257         1
       503      2107      2310      2317      2121      2044      2247      2257      2049         1
       504      1889      2107      2121      1908      1799      2044      2049      1810         1
       505      2692      2776      2845      2773      2897      2952      3010      2953         1
       506      2616      2692      2773      2708      2830      2897      2953      2904         1
       507      2556      2616      2708      2649      2785      2830      2904      2863         1
       508      2509      2556      2649      2606      2756      2785      2863      2819         1
       509      2489      2509      2606      2580      2736      2756      2819      2807         1
       510      2476      2489      2580      2573      2721      2736      2807      2797         1
       511      2613      2706      2776      2692      2834      2906      2952      2897         1
       512      2534      2613      2692      2616      2772      2834      2897      2830         1
       513      2469      2534      2616      2556      2724      2772      2830      2785         1
       514      2432      2469      2556      2509      2684      2724      2785      2756         1
       515      2407      2432      2509      2489      2660      2684      2756      2736         1
       516      2401      2407      2489      2476      2644      2660      2736      2721         1
       517      2560      2648      2706      2613      2787      2865      2906      2834         1
       518      2472      2560      2613      2534      2722      2787      2834      2772         1
       519      2419      2472      2534      2469      2668      2722      2772      2724         1
       520      2369      2419      2469      2432      2625      2668      2724      2684         1
       521      2352      2369      2432      2407      2598      2625      2684      2660         1
       522      2339      2352      2407      2401      2587      2598      2660      2644         1
       523      2500      2604      2648      2560      2753      2820      2865      2787         1
       524      2433      2500      2560      2472      2682      2753      2787      2722         1
       525      2372      2433      2472      2419      2628      2682      2722      2668         1
       526      2324      2372      2419      2369      2579      2628      2668      2625         1
       527      2303      2324      2369      2352      2555      2579      2625      2598         1
       528      2292      2303      2352      2339      2545      2555      2598      2587         1
       529      2486      2578      2604      2500      2734      2809      2820      2753         1
       530      2406      2486      2500      2433      2658      2734      2753      2682         1
       531      2349      2406      2433      2372      2596      2658      2682      2628         1
       532      2301      2349      2372      2324      2550      2596      2628      2579         1
       533      2271      2301      2324      2303      2528      2550      2579      2555         1
       534      2261      2271      2303      2292      2524      2528      2555      2545         1
       535      2481      2575      2578      2486      2716      2799      2809      2734         1
       536      2400      2481      2486      2406      2641      2716      2734      2658         1
       537      2344      2400      2406      2349      2585      2641      2658      2596         1
       538      2294      2344      2349      2301      2540      2585      2596      2550         1
       539      2263      2294      2301      2271      2523      2540      2550      2528         1
       540      2256      2263      2271      2261      2505      2523      2528      2524         1
       541      2454      2559      2646      2561      2692      2776      2845      2773         1
       542      2387      2454      2561      2482      2616      2692      2773      2708         1
       543      2321      2387      2482      2421      2556      2616      2708      2649         1
       544      2275      2321      2421      2374      2509      2556      2649      2606         1
       545      2245      2275      2374      2360      2489      2509      2606      2580         1
       546      2240      2245      2360      2341      2476      2489      2580      2573         1
       547      2385      2478      2559      2454      2613      2706      2776      2692         1
       548      2307      2385      2454      2387      2534      2613      2692      2616         1
       549      2237      2307      2387      2321      2469      2534      2616      2556         1
       550      2194      2237      2321      2275      2432      2469      2556      2509         1
       551      2165      2194      2275      2245      2407      2432      2509      2489         1
       552      2154      2165      2245      2240      2401      2407      2489      2476         1
       553      2319      2420      2478      2385      2560      2648      2706      2613         1
       554      2238      2319      2385      2307      2472      2560      2613      2534         1
       555      2178      2238      2307      2237      2419      2472      2534      2469         1
       556      2127      2178      2237      2194      2369      2419      2469      2432         1
       557      2087      2127      2194      2165      2352      2369      2432      2407         1
       558      2074      2087      2165      2154      2339      2352      2407      2401         1
       559      2274      2375      2420      2319      2500      2604      2648      2560         1
       560      2193      2274      2319      2238      2433      2500      2560      2472         1
       561      2128      2193      2238      2178      2372      2433      2472      2419         1
       562      2061      2128      2178      2127      2324      2372      2419      2369         1
       563      2036      2061      2127      2087      2303      2324      2369      2352         1
       564      2026      2036      2087      2074      2292      2303      2352      2339         1
       565      2246      2357      2375      2274      2486      2578      2604      2500         1
       566      2166      2246      2274      2193      2406      2486      2500      2433         1
       567      2088      2166      2193      2128      2349      2406      2433      2372         1
       568      2037      2088      2128      2061      2301      2349      2372      2324         1
       569      1997      2037      2061      2036      2271      2301      2324      2303         1
       570      1986      1997      2036      2026      2261      2271      2303      2292         1
       571      2239      2340      2357      2246      2481      2575      2578      2486         1
       572      2155      2239      2246      2166      2400      2481      2486      2406         1
       573      2076      2155      2166      2088      2344      2400      2406      2349         1
       574      2025      2076      2088      2037      2294      2344      2349      2301         1
       575      1985      2025      2037      1997      2263      2294      2301      2271         1
       576      1973      1985      1997      1986      2256      2263      2271      2261         1
       577      2236      2338      2435      2335      2454      2559      2646      2561         1
       578      2153      2236      2335      2254      2387      2454      2561      2482         1
       579      2075      2153      2254      2192      2321      2387      2482      2421         1
       580      2017      2075      2192      2135      2275      2321      2421      2374         1
       581      1984      2017      2135      2112      2245      2275      2374      2360         1
       582      1969      1984      2112      2097      2240      2245      2360      2341         1
       583      2150      2253      2338      2236      2385      2478      2559      2454         1
       584      2056      2150      2236      2153      2307      2385      2454      2387         1
       585      1974      2056      2153      2075      2237      2307      2387      2321         1
       586      1915      1974      2075      2017      2194      2237      2321      2275         1
       587      1870      1915      2017      1984      2165      2194      2275      2245         1
       588      1854      1870      1984      1969      2154      2165      2245      2240         1
       589      2073      2188      2253      2150      2319      2420      2478      2385         1
       590      1970      2073      2150      2056      2238      2319      2385      2307         1
       591      1893      1970      2056      1974      2178      2238      2307      2237         1
       592      1822      1893      1974      1915      2127      2178      2237      2194         1
       593      1776      1822      1915      1870      2087      2127      2194      2165         1
       594      1764      1776      1870      1854      2074      2087      2165      2154         1
       595      2018      2138      2188      2073      2274      2375      2420      2319         1
       596      1913      2018      2073      1970      2193      2274      2319      2238         1
       597      1827      1913      1970      1893      2128      2193      2238      2178         1
       598      1750      1827      1893      1822      2061      2128      2178      2127         1
       599      1702      1750      1822      1776      2036      2061      2127      2087         1
       600      1693      1702      1776      1764      2026      2036      2087      2074         1
       601      1982      2111      2138      2018      2246      2357      2375      2274         1
       602      1863      1982      2018      1913      2166      2246      2274      2193         1
       603      1779      1863      1913      1827      2088      2166      2193      2128         1
       604      1700      1779      1827      1750      2037      2088      2128      2061         1
       605      1657      1700      1750      1702      1997      2037      2061      2036         1
       606      1642      1657      1702      1693      1986      1997      2036      2026         1
       607      1971      2098      2111      1982      2239      2340      2357      2246         1
       608      1856      1971      1982      1863      2155      2239      2246      2166         1
       609      1766      1856      1863      1779      2076      2155      2166      2088         1
       610      1690      1766      1779      1700      2025      2076      2088      2037         1
       611      1640      1690      1700      1657      1985      2025      2037      1997         1
       612      1624      1640      1657      1642      1973      1985      1997      1986         1
       613      1996      2124      2218      2126      2236      2338      2435      2335         1
       614      1892      1996      2126      2022      2153      2236      2335      2254         1
       615      1792      1892      2022      1934      2075      2153      2254      2192         1
       616      1721      1792      1934      1864      2017      2075      2192      2135         1
       617      1680      1721      1864      1835      1984      2017      2135      2112         1
       618      1663      1680      1835      1825      1969      1984      2112      2097         1
       619      1891      2023      2124      1996      2150      2253      2338      2236         1
       620      1769      1891      1996      1892      2056      2150      2236      2153         1
       621      1660      1769      1892      1792      1974      2056      2153      2075         1
       622      1590      1660      1792      1721      1915      1974      2075      2017         1
       623      1539      1590      1721      1680      1870      1915      2017      1984         1
       624      1524      1539      1680      1663      1854      1870      1984      1969         1
       625      1793      1932      2023      1891      2073      2188      2253      2150         1
       626      1654      1793      1891      1769      1970      2073      2150      2056         1
       627      1552      1654      1769      1660      1893      1970      2056      1974         1
       628      1474      1552      1660      1590      1822      1893      1974      1915         1
       629      1435      1474      1590      1539      1776      1822      1915      1870         1
       630      1420      1435      1539      1524      1764      1776      1870      1854         1
       631      1723      1867      1932      1793      2018      2138      2188      2073         1
       632      1585      1723      1793      1654      1913      2018      2073      1970         1
       633      1473      1585      1654      1552      1827      1913      1970      1893         1
       634      1402      1473      1552      1474      1750      1827      1893      1822         1
       635      1355      1402      1474      1435      1702      1750      1822      1776         1
       636      1341      1355      1435      1420      1693      1702      1776      1764         1
       637      1683      1837      1867      1723      1982      2111      2138      2018         1
       638      1540      1683      1723      1585      1863      1982      2018      1913         1
       639      1434      1540      1585      1473      1779      1863      1913      1827         1
       640      1354      1434      1473      1402      1700      1779      1827      1750         1
       641      1306      1354      1402      1355      1657      1700      1750      1702         1
       642      1288      1306      1355      1341      1642      1657      1702      1693         1
       643      1662      1826      1837      1683      1971      2098      2111      1982         1
       644      1525      1662      1683      1540      1856      1971      1982      1863         1
       645      1423      1525      1540      1434      1766      1856      1863      1779         1
       646      1338      1423      1434      1354      1690      1766      1779      1700         1
       647      1286      1338      1354      1306      1640      1690      1700      1657         1
       648      1276      1286      1306      1288      1624      1640      1657      1642         1
       649      1724      1873      2004      1872      1996      2124      2218      2126         1
       650      1591      1724      1872      1752      1892      1996      2126      2022         1
       651      1475      1591      1752      1639      1792      1892      2022      1934         1
       652      1404      1475      1639      1563      1721      1792      1934      1864         1
       653      1359      1404      1563      1518      1680      1721      1864      1835         1
       654      1345      1359      1518      1511      1663      1680      1835      1825         1
       655      1592      1753      1873      1724      1891      2023      2124      1996         1
       656      1449      1592      1724      1591      1769      1891      1996      1892         1
       657      1343      1449      1591      1475      1660      1769      1892      1792         1
       658      1261      1343      1475      1404      1590      1660      1792      1721         1
       659      1214      1261      1404      1359      1539      1590      1721      1680         1
       660      1194      1214      1359      1345      1524      1539      1680      1663         1
       661      1480      1637      1753      1592      1793      1932      2023      1891         1
       662      1339      1480      1592      1449      1654      1793      1891      1769         1
       663      1229      1339      1449      1343      1552      1654      1769      1660         1
       664      1153      1229      1343      1261      1474      1552      1660      1590         1
       665      1111      1153      1261      1214      1435      1474      1590      1539         1
       666      1099      1111      1214      1194      1420      1435      1539      1524         1
       667      1407      1565      1637      1480      1723      1867      1932      1793         1
       668      1264      1407      1480      1339      1585      1723      1793      1654         1
       669      1152      1264      1339      1229      1473      1585      1654      1552         1
       670      1075      1152      1229      1153      1402      1473      1552      1474         1
       671      1029      1075      1153      1111      1355      1402      1474      1435         1
       672      1020      1029      1111      1099      1341      1355      1435      1420         1
       673      1358      1520      1565      1407      1683      1837      1867      1723         1
       674      1207      1358      1407      1264      1540      1683      1723      1585         1
       675      1108      1207      1264      1152      1434      1540      1585      1473         1
       676      1026      1108      1152      1075      1354      1434      1473      1402         1
       677       988      1026      1075      1029      1306      1354      1402      1355         1
       678       970       988      1029      1020      1288      1306      1355      1341         1
       679      1346      1512      1520      1358      1662      1826      1837      1683         1
       680      1192      1346      1358      1207      1525      1662      1683      1540         1
       681      1098      1192      1207      1108      1423      1525      1540      1434         1
       682      1018      1098      1108      1026      1338      1423      1434      1354         1
       683       968      1018      1026       988      1286      1338      1354      1306         1
       684       951       968       988       970      1276      1286      1306      1288         1
       685      1438      1603      1767      1604      1724      1873      2004      1872         1
       686      1289      1438      1604      1461      1591      1724      1872      1752         1
       687      1184      1289      1461      1362      1475      1591      1752      1639         1
       688      1114      1184      1362      1272      1404      1475      1639      1563         1
       689      1062      1114      1272      1231      1359      1404      1563      1518         1
       690      1048      1062      1231      1212      1345      1359      1518      1511         1
       691      1292      1462      1603      1438      1592      1753      1873      1724         1
       692      1156      1292      1438      1289      1449      1592      1724      1591         1
       693      1041      1156      1289      1184      1343      1449      1591      1475         1
       694       973      1041      1184      1114      1261      1343      1475      1404         1
       695       932       973      1114      1062      1214      1261      1404      1359         1
       696       910       932      1062      1048      1194      1214      1359      1345         1
       697      1183      1361      1462      1292      1480      1637      1753      1592         1
       698      1043      1183      1292      1156      1339      1480      1592      1449         1
       699       938      1043      1156      1041      1229      1339      1449      1343         1
       700       868       938      1041       973      1153      1229      1343      1261         1
       701       827       868       973       932      1111      1153      1261      1214         1
       702       800       827       932       910      1099      1111      1214      1194         1
       703      1113      1273      1361      1183      1407      1565      1637      1480         1
       704       971      1113      1183      1043      1264      1407      1480      1339         1
       705       870       971      1043       938      1152      1264      1339      1229         1
       706       798       870       938       868      1075      1152      1229      1153         1
       707       752       798       868       827      1029      1075      1153      1111         1
       708       729       752       827       800      1020      1029      1111      1099         1
       709      1061      1232      1273      1113      1358      1520      1565      1407         1
       710       929      1061      1113       971      1207      1358      1407      1264         1
       711       825       929       971       870      1108      1207      1264      1152         1
       712       747       825       870       798      1026      1108      1152      1075         1
       713       709       747       798       752       988      1026      1075      1029         1
       714       688       709       752       729       970       988      1029      1020         1
       715      1046      1213      1232      1061      1346      1512      1520      1358         1
       716       908      1046      1061       929      1192      1346      1358      1207         1
       717       799       908       929       825      1098      1192      1207      1108         1
       718       728       799       825       747      1018      1098      1108      1026         1
       719       690       728       747       709       968      1018      1026       988         1
       720       664       690       709       688       951       968       988       970         1
       721       470       458       605       623       411       392       535       552         1
       722       501       470       623       657       437       411       552       592         1
       723       571       501       657       744       506       437       592       661         1
       724       684       571       744       852       612       506       661       784         1
       725       819       684       852       984       751       612       784       906         1
       726       982       819       984      1145       909       751       906      1076         1
       727       358       348       458       470       307       299       392       411         1
       728       383       358       470       501       339       307       411       437         1
       729       452       383       501       571       395       339       437       506         1
       730       550       452       571       684       486       395       506       612         1
       731       683       550       684       819       611       486       612       751         1
       732       854       683       819       982       786       611       751       909         1
       733       284       267       348       358       246       228       299       307         1
       734       313       284       358       383       258       246       307       339         1
       735       369       313       383       452       319       258       339       395         1
       736       451       369       452       550       396       319       395       486         1
       737       573       451       550       683       505       396       486       611         1
       738       743       573       683       854       665       505       611       786         1
       739       240       222       267       284       195       184       228       246         1
       740       255       240       284       313       217       195       246       258         1
       741       314       255       313       369       261       217       258       319         1
       742       384       314       369       451       343       261       319       396         1
       743       503       384       451       573       438       343       396       505         1
       744       659       503       573       743       594       438       505       665         1
       745       212       205       222       240       172       167       184       195         1
       746       238       212       240       255       188       172       195       217         1
       747       285       238       255       314       247       188       217       261         1
       748       359       285       314       384       309       247       261       343         1
       749       472       359       384       503       416       309       343       438         1
       750       626       472       503       659       554       416       438       594         1
       751       204       186       205       212       169       160       167       172         1
       752       220       204       212       238       179       169       172       188         1
       753       269       220       238       285       227       179       188       247         1
       754       347       269       285       359       298       227       247       309         1
       755       457       347       359       472       400       298       309       416         1
       756       606       457       472       626       537       400       416       554         1
       757       531       517       682       702       470       458       605       623         1
       758       567       531       702       742       501       470       623       657         1
       759       648       567       742       816       571       501       657       744         1
       760       759       648       816       925       684       571       744       852         1
       761       887       759       925      1057       819       684       852       984         1
       762      1056       887      1057      1222       982       819       984      1145         1
       763       419       408       517       531       358       348       458       470         1
       764       447       419       531       567       383       358       470       501         1
       765       516       447       567       648       452       383       501       571         1
       766       621       516       648       759       550       452       571       684         1
       767       758       621       759       887       683       550       684       819         1
       768       924       758       887      1056       854       683       819       982         1
       769       331       326       408       419       284       267       348       358         1
       770       367       331       419       447       313       284       358       383         1
       771       427       367       447       516       369       313       383       452         1
       772       515       427       516       621       451       369       452       550         1
       773       649       515       621       758       573       451       550       683         1
       774       814       649       758       924       743       573       683       854         1
       775       281       266       326       331       240       222       267       284         1
       776       312       281       331       367       255       240       284       313         1
       777       364       312       367       427       314       255       313       369         1
       778       448       364       427       515       384       314       369       451         1
       779       570       448       515       649       503       384       451       573         1
       780       739       570       649       814       659       503       573       743         1
       781       253       250       266       281       212       205       222       240         1
       782       280       253       281       312       238       212       240       255         1
       783       333       280       312       364       285       238       255       314         1
       784       420       333       364       448       359       285       314       384         1
       785       534       420       448       570       472       359       384       503         1
       786       705       534       570       739       626       472       503       659         1
       787       251       236       250       253       204       186       205       212         1
       788       263       251       253       280       220       204       212       238         1
       789       323       263       280       333       269       220       238       285         1
       790       407       323       333       420       347       269       285       359         1
       791       521       407       420       534       457       347       359       472         1
       792       680       521       534       705       606       457       472       626         1
       793       609       587       765       781       531       517       682       702         1
       794       651       609       781       820       567       531       702       742         1
       795       722       651       820       890       648       567       742       816         1
       796       840       722       890      1003       759       648       816       925         1
       797       965       840      1003      1137       887       759       925      1057         1
       798      1135       965      1137      1303      1056       887      1057      1222         1
       799       482       475       587       609       419       408       517       531         1
       800       523       482       609       651       447       419       531       567         1
       801       585       523       651       722       516       447       567       648         1
       802       706       585       722       840       621       516       648       759         1
       803       839       706       840       965       758       621       759       887         1
       804      1002       839       965      1135       924       758       887      1056         1
       805       389       377       475       482       331       326       408       419         1
       806       432       389       482       523       367       331       419       447         1
       807       492       432       523       585       427       367       447       516         1
       808       584       492       585       706       515       427       516       621         1
       809       723       584       706       839       649       515       621       758         1
       810       892       723       839      1002       814       649       758       924         1
       811       338       330       377       389       281       266       326       331         1
       812       371       338       389       432       312       281       331       367         1
       813       429       371       432       492       364       312       367       427         1
       814       524       429       492       584       448       364       427       515         1
       815       652       524       584       723       570       448       515       649         1
       816       822       652       723       892       739       570       649       814         1
       817       304       294       330       338       253       250       266       281         1
       818       335       304       338       371       280       253       281       312         1
       819       388       335       371       429       333       280       312       364         1
       820       483       388       429       524       420       333       364       448         1
       821       608       483       524       652       534       420       448       570         1
       822       783       608       652       822       705       534       570       739         1
       823       293       289       294       304       251       236       250       253         1
       824       327       293       304       335       263       251       253       280         1
       825       378       327       335       388       323       263       280       333         1
       826       474       378       388       483       407       323       333       420         1
       827       590       474       483       608       521       407       420       534         1
       828       763       590       608       783       680       521       534       705         1
       829       698       675       846       865       609       587       765       781         1
       830       734       698       865       897       651       609       781       820         1
       831       807       734       897       978       722       651       820       890         1
       832       916       807       978      1087       840       722       890      1003         1
       833      1050       916      1087      1215       965       840      1003      1137         1
       834      1217      1050      1215      1390      1135       965      1137      1303         1
       835       562       546       675       698       482       475       587       609         1
       836       597       562       698       734       523       482       609       651         1
       837       673       597       734       807       585       523       651       722         1
       838       795       673       807       916       706       585       722       840         1
       839       917       795       916      1050       839       706       840       965         1
       840      1084       917      1050      1217      1002       839       965      1135         1
       841       466       443       546       562       389       377       475       482         1
       842       500       466       562       597       432       389       482       523         1
       843       564       500       597       673       492       432       523       585         1
       844       672       564       673       795       584       492       585       706         1
       845       805       672       795       917       723       584       706       839         1
       846       979       805       917      1084       892       723       839      1002         1
       847       406       380       443       466       338       330       377       389         1
       848       436       406       466       500       371       338       389       432         1
       849       497       436       500       564       429       371       432       492         1
       850       598       497       564       672       524       429       492       584         1
       851       736       598       672       805       652       524       584       723         1
       852       900       736       805       979       822       652       723       892         1
       853       363       356       380       406       304       294       330       338         1
       854       403       363       406       436       335       304       338       371         1
       855       468       403       436       497       388       335       371       429         1
       856       559       468       497       598       483       388       429       524         1
       857       695       559       598       736       608       483       524       652         1
       858       864       695       736       900       783       608       652       822         1
       859       357       346       356       363       293       289       294       304         1
       860       381       357       363       403       327       293       304       335         1
       861       445       381       403       468       378       327       335       388         1
       862       549       445       468       559       474       378       388       483         1
       863       677       549       559       695       590       474       483       608         1
       864       845       677       695       864       763       590       608       783         1
       865       789       773       935       940       698       675       846       865         1
       866       828       789       940       989       734       698       865       897         1
       867       894       828       989      1069       807       734       897       978         1
       868      1009       894      1069      1169       916       807       978      1087         1
       869      1140      1009      1169      1310      1050       916      1087      1215         1
       870      1312      1140      1310      1481      1217      1050      1215      1390         1
       871       641       630       773       789       562       546       675       698         1
       872       691       641       789       828       597       562       698       734         1
       873       770       691       828       894       673       597       734       807         1
       874       873       770       894      1009       795       673       807       916         1
       875      1008       873      1009      1140       917       795       916      1050         1
       876      1172      1008      1140      1312      1084       917      1050      1217         1
       877       541       529       630       641       466       443       546       562         1
       878       579       541       641       691       500       466       562       597         1
       879       655       579       691       770       564       500       597       673         1
       880       769       655       770       873       672       564       673       795         1
       881       896       769       873      1008       805       672       795       917         1
       882      1068       896      1008      1172       979       805       917      1084         1
       883       480       463       529       541       406       380       443       466         1
       884       512       480       541       579       436       406       466       500         1
       885       576       512       579       655       497       436       500       564         1
       886       694       576       655       769       598       497       564       672         1
       887       830       694       769       896       736       598       672       805         1
       888       992       830       896      1068       900       736       805       979         1
       889       434       425       463       480       363       356       380       406         1
       890       478       434       480       512       403       363       406       436         1
       891       539       478       512       576       468       403       436       497         1
       892       642       539       576       694       559       468       497       598         1
       893       790       642       694       830       695       559       598       736         1
       894       939       790       830       992       864       695       736       900         1
       895       426       417       425       434       357       346       356       363         1
       896       465       426       434       478       381       357       363       403         1
       897       528       465       478       539       445       381       403       468         1
       898       629       528       539       642       549       445       468       559         1
       899       772       629       642       790       677       549       559       695         1
       900       933       772       790       939       845       677       695       864         1
       901       874       859      1022      1033       789       773       935       940         1
       902       912       874      1033      1081       828       789       940       989         1
       903       996       912      1081      1160       894       828       989      1069         1
       904      1102       996      1160      1268      1009       894      1069      1169         1
       905      1236      1102      1268      1409      1140      1009      1169      1310         1
       906      1410      1236      1409      1570      1312      1140      1310      1481         1
       907       733       716       859       874       641       630       773       789         1
       908       793       733       874       912       691       641       789       828         1
       909       858       793       912       996       770       691       828       894         1
       910       954       858       996      1102       873       770       894      1009         1
       911      1103       954      1102      1236      1008       873      1009      1140         1
       912      1265      1103      1236      1410      1172      1008      1140      1312         1
       913       631       620       716       733       541       529       630       641         1
       914       669       631       733       793       579       541       641       691         1
       915       755       669       793       858       655       579       691       770         1
       916       861       755       858       954       769       655       770       873         1
       917       993       861       954      1103       896       769       873      1008         1
       918      1159       993      1103      1265      1068       896      1008      1172         1
       919       557       545       620       631       480       463       529       541         1
       920       595       557       631       669       512       480       541       579         1
       921       666       595       669       755       576       512       579       655         1
       922       794       666       755       861       694       576       655       769         1
       923       913       794       861       993       830       694       769       896         1
       924      1080       913       993      1159       992       830       896      1068         1
       925       514       493       545       557       434       425       463       480         1
       926       555       514       557       595       478       434       480       512         1
       927       634       555       595       666       539       478       512       576         1
       928       732       634       666       794       642       539       576       694         1
       929       877       732       794       913       790       642       694       830         1
       930      1030       877       913      1080       939       790       830       992         1
       931       495       489       493       514       426       417       425       434         1
       932       544       495       514       555       465       426       434       478         1
       933       617       544       555       634       528       465       478       539         1
       934       717       617       634       732       629       528       539       642         1
       935       863       717       732       877       772       629       642       790         1
       936      1023       863       877      1030       933       772       790       939         1
       937       961       948      1119      1130       874       859      1022      1033         1
       938      1012       961      1130      1173       912       874      1033      1081         1
       939      1088      1012      1173      1256       996       912      1081      1160         1
       940      1189      1088      1256      1370      1102       996      1160      1268         1
       941      1330      1189      1370      1501      1236      1102      1268      1409         1
       942      1500      1330      1501      1668      1410      1236      1409      1570         1
       943       835       812       948       961       733       716       859       874         1
       944       878       835       961      1012       793       733       874       912         1
       945       944       878      1012      1088       858       793       912       996         1
       946      1053       944      1088      1189       954       858       996      1102         1
       947      1190      1053      1189      1330      1103       954      1102      1236         1
       948      1371      1190      1330      1500      1265      1103      1236      1410         1
       949       719       712       812       835       631       620       716       733         1
       950       778       719       835       878       669       631       733       793         1
       951       848       778       878       944       755       669       793       858         1
       952       945       848       944      1053       861       755       858       954         1
       953      1089       945      1053      1190       993       861       954      1103         1
       954      1255      1089      1190      1371      1159       993      1103      1265         1
       955       646       638       712       719       557       545       620       631         1
       956       701       646       719       778       595       557       631       669         1
       957       779       701       778       848       666       595       669       755         1
       958       881       779       848       945       794       666       755       861         1
       959      1015       881       945      1089       913       794       861       993         1
       960      1176      1015      1089      1255      1080       913       993      1159         1
       961       602       581       638       646       514       493       545       557         1
       962       645       602       646       701       555       514       557       595         1
       963       721       645       701       779       634       555       595       666         1
       964       836       721       779       881       732       634       666       794         1
       965       958       836       881      1015       877       732       794       913         1
       966      1127       958      1015      1176      1030       877       913      1080         1
       967       583       565       581       602       495       489       493       514         1
       968       635       583       602       645       544       495       514       555         1
       969       710       635       645       721       617       544       555       634         1
       970       813       710       721       836       717       617       634       732         1
       971       943       813       836       958       863       717       732       877         1
       972      1116       943       958      1127      1023       863       877      1030         1
       973      1062      1048      1212      1231       961       948      1119      1130         1
       974      1114      1062      1231      1272      1012       961      1130      1173         1
       975      1184      1114      1272      1362      1088      1012      1173      1256         1
       976      1289      1184      1362      1461      1189      1088      1256      1370         1
       977      1438      1289      1461      1604      1330      1189      1370      1501         1
       978      1603      1438      1604      1767      1500      1330      1501      1668         1
       979       932       910      1048      1062       835       812       948       961         1
       980       973       932      1062      1114       878       835       961      1012         1
       981      1041       973      1114      1184       944       878      1012      1088         1
       982      1156      1041      1184      1289      1053       944      1088      1189         1
       983      1292      1156      1289      1438      1190      1053      1189      1330         1
       984      1462      1292      1438      1603      1371      1190      1330      1500         1
       985       827       800       910       932       719       712       812       835         1
       986       868       827       932       973       778       719       835       878         1
       987       938       868       973      1041       848       778       878       944         1
       988      1043       938      1041      1156       945       848       944      1053         1
       989      1183      1043      1156      1292      1089       945      1053      1190         1
       990      1361      1183      1292      1462      1255      1089      1190      1371         1
       991       752       729       800       827       646       638       712       719         1
       992       798       752       827       868       701       646       719       778         1
       993       870       798       868       938       779       701       778       848         1
       994       971       870       938      1043       881       779       848       945         1
       995      1113       971      1043      1183      1015       881       945      1089         1
       996      1273      1113      1183      1361      1176      1015      1089      1255         1
       997       709       688       729       752       602       581       638       646         1
       998       747       709       752       798       645       602       646       701         1
       999       825       747       798       870       721       645       701       779         1
      1000       929       825       870       971       836       721       779       881         1
      1001      1061       929       971      1113       958       836       881      1015         1
      1002      1232      1061      1113      1273      1127       958      1015      1176         1
      1003       690       664       688       709       583       565       581       602         1
      1004       728       690       709       747       635       583       602       645         1
      1005       799       728       747       825       710       635       645       721         1
      1006       908       799       825       929       813       710       721       836         1
      1007      1046       908       929      1061       943       813       836       958         1
      1008      1213      1046      1061      1232      1116       943       958      1127         1
      1009       291       411       552       415       277       392       535       399         1
      1010       207       291       415       308       192       277       399       301         1
      1011       152       207       308       244       146       192       301       226         1
      1012       131       152       244       199       124       146       226       181         1
      1013       112       131       199       174       105       124       181       166         1
      1014       101       112       174       165        93       105       166       161         1
      1015       209       307       411       291       198       299       392       277         1
      1016       141       209       291       207       136       198       277       192         1
      1017       104       141       207       152        94       136       192       146         1
      1018        82       104       152       131        77        94       146       124         1
      1019        67        82       131       112        57        77       124       105         1
      1020        61        67       112       101        54        57       105        93         1
      1021       155       246       307       209       149       228       299       198         1
      1022       109       155       209       141        96       149       198       136         1
      1023        72       109       141       104        65        96       136        94         1
      1024        51        72       104        82        42        65        94        77         1
      1025        38        51        82        67        32        42        77        57         1
      1026        35        38        67        61        28        32        57        54         1
      1027       132       195       246       155       120       184       228       149         1
      1028        81       132       155       109        75       120       149        96         1
      1029        49        81       109        72        43        75        96        65         1
      1030        29        49        72        51        23        43        65        42         1
      1031        19        29        51        38        16        23        42        32         1
      1032        14        19        38        35        10        16        32        28         1
      1033       115       172       195       132       106       167       184       120         1
      1034        69       115       132        81        59       106       120        75         1
      1035        37        69        81        49        34        59        75        43         1
      1036        20        37        49        29        15        34        43        23         1
      1037         8        20        29        19         5        15        23        16         1
      1038         7         8        19        14         3         5        16        10         1
      1039       108       169       172       115        95       160       167       106         1
      1040        62       108       115        69        53        95       106        59         1
      1041        31        62        69        37        26        53        59        34         1
      1042        17        31        37        20        11        26        34        15         1
      1043         6        17        20         8         2        11        15         5         1
      1044         4         6         8         7         1         2         5         3         1
      1045       320       437       592       441       291       411       552       415         1
      1046       229       320       441       340       207       291       415       308         1
      1047       171       229       340       257       152       207       308       244         1
      1048       139       171       257       218       131       152       244       199         1
      1049       128       139       218       190       112       131       199       174         1
      1050       118       128       190       180       101       112       174       165         1
      1051       232       339       437       320       209       307       411       291         1
      1052       158       232       320       229       141       209       291       207         1
      1053       116       158       229       171       104       141       207       152         1
      1054        89       116       171       139        82       104       152       131         1
      1055        79        89       139       128        67        82       131       112         1
      1056        73        79       128       118        61        67       112       101         1
      1057       175       258       339       232       155       246       307       209         1
      1058       117       175       232       158       109       155       209       141         1
      1059        85       117       158       116        72       109       141       104         1
      1060        56        85       116        89        51        72       104        82         1
      1061        46        56        89        79        38        51        82        67         1
      1062        41        46        79        73        35        38        67        61         1
      1063       138       217       258       175       132       195       246       155         1
      1064        88       138       175       117        81       132       155       109         1
      1065        55        88       117        85        49        81       109        72         1
      1066        39        55        85        56        29        49        72        51         1
      1067        25        39        56        46        19        29        51        38         1
      1068        22        25        46        41        14        19        38        35         1
      1069       130       188       217       138       115       172       195       132         1
      1070        80       130       138        88        69       115       132        81         1
      1071        47        80        88        55        37        69        81        49         1
      1072        24        47        55        39        20        37        49        29         1
      1073        18        24        39        25         8        20        29        19         1
      1074        12        18        25        22         7         8        19        14         1
      1075       122       179       188       130       108       169       172       115         1
      1076        74       122       130        80        62       108       115        69         1
      1077        40        74        80        47        31        62        69        37         1
      1078        21        40        47        24        17        31        37        20         1
      1079        13        21        24        18         6        17        20         8         1
      1080         9        13        18        12         4         6         8         7         1
      1081       374       506       661       510       320       437       592       441         1
      1082       276       374       510       393       229       320       441       340         1
      1083       214       276       393       317       171       229       340       257         1
      1084       173       214       317       262       139       171       257       218         1
      1085       154       173       262       242       128       139       218       190         1
      1086       150       154       242       225       118       128       190       180         1
      1087       278       395       506       374       232       339       437       320         1
      1088       200       278       374       276       158       232       320       229         1
      1089       144       200       276       214       116       158       229       171         1
      1090       121       144       214       173        89       116       171       139         1
      1091       103       121       173       154        79        89       139       128         1
      1092        98       103       154       150        73        79       128       118         1
      1093       216       319       395       278       175       258       339       232         1
      1094       148       216       278       200       117       175       232       158         1
      1095       114       148       200       144        85       117       158       116         1
      1096        87       114       144       121        56        85       116        89         1
      1097        70        87       121       103        46        56        89        79         1
      1098        66        70       103        98        41        46        79        73         1
      1099       177       261       319       216       138       217       258       175         1
      1100       123       177       216       148        88       138       175       117         1
      1101        86       123       148       114        55        88       117        85         1
      1102        63        86       114        87        39        55        85        56         1
      1103        48        63        87        70        25        39        56        46         1
      1104        44        48        70        66        22        25        46        41         1
      1105       156       247       261       177       130       188       217       138         1
      1106       107       156       177       123        80       130       138        88         1
      1107        71       107       123        86        47        80        88        55         1
      1108        50        71        86        63        24        47        55        39         1
      1109        36        50        63        48        18        24        39        25         1
      1110        33        36        48        44        12        18        25        22         1
      1111       151       227       247       156       122       179       188       130         1
      1112        97       151       156       107        74       122       130        80         1
      1113        64        97       107        71        40        74        80        47         1
      1114        45        64        71        50        21        40        47        24         1
      1115        30        45        50        36        13        21        24        18         1
      1116        27        30        36        33         9        13        18        12         1
      1117       461       612       784       615       374       506       661       510         1
      1118       352       461       615       488       276       374       510       393         1
      1119       272       352       488       391       214       276       393       317         1
      1120       234       272       391       342       173       214       317       262         1
      1121       208       234       342       305       154       173       262       242         1
      1122       191       208       305       297       150       154       242       225         1
      1123       353       486       612       461       278       395       506       374         1
      1124       254       353       461       352       200       278       374       276         1
      1125       189       254       352       272       144       200       276       214         1
      1126       163       189       272       234       121       144       214       173         1
      1127       137       163       234       208       103       121       173       154         1
      1128       134       137       208       191        98       103       154       150         1
      1129       279       396       486       353       216       319       395       278         1
      1130       201       279       353       254       148       216       278       200         1
      1131       143       201       254       189       114       148       200       144         1
      1132       127       143       189       163        87       114       144       121         1
      1133       111       127       163       137        70        87       121       103         1
      1134        99       111       137       134        66        70       103        98         1
      1135       235       343       396       279       177       261       319       216         1
      1136       162       235       279       201       123       177       216       148         1
      1137       119       162       201       143        86       123       148       114         1
      1138        90       119       143       127        63        86       114        87         1
      1139        83        90       127       111        48        63        87        70         1
      1140        78        83       111        99        44        48        70        66         1
      1141       211       309       343       235       156       247       261       177         1
      1142       142       211       235       162       107       156       177       123         1
      1143       102       142       162       119        71       107       123        86         1
      1144        84       102       119        90        50        71        86        63         1
      1145        68        84        90        83        36        50        63        48         1
      1146        60        68        83        78        33        36        48        44         1
      1147       197       298       309       211       151       227       247       156         1
      1148       135       197       211       142        97       151       156       107         1
      1149        91       135       142       102        64        97       107        71         1
      1150        76        91       102        84        45        64        71        50         1
      1151        58        76        84        68        30        45        50        36         1
      1152        52        58        68        60        27        30        36        33         1
      1153       575       751       906       749       461       612       784       615         1
      1154       459       575       749       614       352       461       615       488         1
      1155       372       459       614       508       272       352       488       391         1
      1156       322       372       508       442       234       272       391       342         1
      1157       290       322       442       412       208       234       342       305         1
      1158       275       290       412       394       191       208       305       297         1
      1159       460       611       751       575       353       486       612       461         1
      1160       351       460       575       459       254       353       461       352         1
      1161       271       351       459       372       189       254       352       272         1
      1162       231       271       372       322       163       189       272       234         1
      1163       206       231       322       290       137       163       234       208         1
      1164       187       206       290       275       134       137       208       191         1
      1165       373       505       611       460       279       396       486       353         1
      1166       274       373       460       351       201       279       353       254         1
      1167       215       274       351       271       143       201       254       189         1
      1168       178       215       271       231       127       143       189       163         1
      1169       153       178       231       206       111       127       163       137         1
      1170       145       153       206       187        99       111       137       134         1
      1171       321       438       505       373       235       343       396       279         1
      1172       224       321       373       274       162       235       279       201         1
      1173       176       224       274       215       119       162       201       143         1
      1174       140       176       215       178        90       119       143       127         1
      1175       129       140       178       153        83        90       127       111         1
      1176       125       129       153       145        78        83       111        99         1
      1177       292       416       438       321       211       309       343       235         1
      1178       210       292       321       224       142       211       235       162         1
      1179       157       210       224       176       102       142       162       119         1
      1180       133       157       176       140        84       102       119        90         1
      1181       113       133       140       129        68        84        90        83         1
      1182       110       113       129       125        60        68        83        78         1
      1183       273       400       416       292       197       298       309       211         1
      1184       193       273       292       210       135       197       211       142         1
      1185       147       193       210       157        91       135       142       102         1
      1186       126       147       157       133        76        91       102        84         1
      1187       100       126       133       113        58        76        84        68         1
      1188        92       100       113       110        52        58        68        60         1
      1189       753       909      1076       911       575       751       906       749         1
      1190       613       753       911       785       459       575       749       614         1
      1191       507       613       785       663       372       459       614       508         1
      1192       439       507       663       593       322       372       508       442         1
      1193       413       439       593       553       290       322       442       412         1
      1194       397       413       553       536       275       290       412       394         1
      1195       616       786       909       753       460       611       751       575         1
      1196       487       616       753       613       351       460       575       459         1
      1197       401       487       613       507       271       351       459       372         1
      1198       344       401       507       439       231       271       372       322         1
      1199       306       344       439       413       206       231       322       290         1
      1200       300       306       413       397       187       206       290       275         1
      1201       509       665       786       616       373       505       611       460         1
      1202       398       509       616       487       274       373       460       351         1
      1203       318       398       487       401       215       274       351       271         1
      1204       260       318       401       344       178       215       271       231         1
      1205       245       260       344       306       153       178       231       206         1
      1206       233       245       306       300       145       153       206       187         1
      1207       440       594       665       509       321       438       505       373         1
      1208       341       440       509       398       224       321       373       274         1
      1209       259       341       398       318       176       224       274       215         1
      1210       219       259       318       260       140       176       215       178         1
      1211       194       219       260       245       129       140       178       153         1
      1212       182       194       245       233       125       129       153       145         1
      1213       414       554       594       440       292       416       438       321         1
      1214       310       414       440       341       210       292       321       224         1
      1215       243       310       341       259       157       210       224       176         1
      1216       196       243       259       219       133       157       176       140         1
      1217       170       196       219       194       113       133       140       129         1
      1218       168       170       194       182       110       113       129       125         1
      1219       402       537       554       414       273       400       416       292         1
      1220       302       402       414       310       193       273       292       210         1
      1221       230       302       310       243       147       193       210       157         1
      1222       183       230       243       196       126       147       157       133         1
      1223       164       183       196       170       100       126       133       113         1
      1224       159       164       170       168        92       100       113       110         1
      1225       959       949      1117      1129      1060      1047      1210      1233         1
      1226      1014       959      1129      1174      1112      1060      1233      1275         1
      1227      1091      1014      1174      1254      1182      1112      1275      1364         1
      1228      1188      1091      1254      1369      1291      1182      1364      1463         1
      1229      1329      1188      1369      1502      1437      1291      1463      1602         1
      1230      1499      1329      1502      1669      1601      1437      1602      1768         1
      1231       834       811       949       959       930       907      1047      1060         1
      1232       880       834       959      1014       972       930      1060      1112         1
      1233       950       880      1014      1091      1045       972      1112      1182         1
      1234      1052       950      1091      1188      1157      1045      1182      1291         1
      1235      1187      1052      1188      1329      1290      1157      1291      1437         1
      1236      1368      1187      1329      1499      1460      1290      1437      1601         1
      1237       720       711       811       834       826       802       907       930         1
      1238       777       720       834       880       869       826       930       972         1
      1239       849       777       880       950       937       869       972      1045         1
      1240       946       849       950      1052      1042       937      1045      1157         1
      1241      1090       946      1052      1187      1181      1042      1157      1290         1
      1242      1253      1090      1187      1368      1363      1181      1290      1460         1
      1243       644       636       711       720       750       727       802       826         1
      1244       700       644       720       777       797       750       826       869         1
      1245       776       700       777       849       871       797       869       937         1
      1246       879       776       849       946       975       871       937      1042         1
      1247      1013       879       946      1090      1115       975      1042      1181         1
      1248      1175      1013      1090      1253      1274      1115      1181      1363         1
      1249       601       580       636       644       708       689       727       750         1
      1250       643       601       644       700       748       708       750       797         1
      1251       718       643       700       776       824       748       797       871         1
      1252       833       718       776       879       931       824       871       975         1
      1253       960       833       879      1013      1063       931       975      1115         1
      1254      1128       960      1013      1175      1234      1063      1115      1274         1
      1255       582       566       580       601       687       662       689       708         1
      1256       637       582       601       643       726       687       708       748         1
      1257       713       637       643       718       801       726       748       824         1
      1258       810       713       718       833       905       801       824       931         1
      1259       947       810       833       960      1044       905       931      1063         1
      1260      1118       947       960      1128      1211      1044      1063      1234         1
      1261       876       857      1025      1032       959       949      1117      1129         1
      1262       915       876      1032      1082      1014       959      1129      1174         1
      1263       995       915      1082      1158      1091      1014      1174      1254         1
      1264      1104       995      1158      1267      1188      1091      1254      1369         1
      1265      1235      1104      1267      1411      1329      1188      1369      1502         1
      1266      1408      1235      1411      1571      1499      1329      1502      1669         1
      1267       731       715       857       876       834       811       949       959         1
      1268       792       731       876       915       880       834       959      1014         1
      1269       860       792       915       995       950       880      1014      1091         1
      1270       953       860       995      1104      1052       950      1091      1188         1
      1271      1101       953      1104      1235      1187      1052      1188      1329         1
      1272      1266      1101      1235      1408      1368      1187      1329      1499         1
      1273       633       619       715       731       720       711       811       834         1
      1274       667       633       731       792       777       720       834       880         1
      1275       754       667       792       860       849       777       880       950         1
      1276       862       754       860       953       946       849       950      1052         1
      1277       994       862       953      1101      1090       946      1052      1187         1
      1278      1161       994      1101      1266      1253      1090      1187      1368         1
      1279       558       543       619       633       644       636       711       720         1
      1280       596       558       633       667       700       644       720       777         1
      1281       668       596       667       754       776       700       777       849         1
      1282       791       668       754       862       879       776       849       946         1
      1283       914       791       862       994      1013       879       946      1090         1
      1284      1083       914       994      1161      1175      1013      1090      1253         1
      1285       513       494       543       558       601       580       636       644         1
      1286       556       513       558       596       643       601       644       700         1
      1287       632       556       596       668       718       643       700       776         1
      1288       730       632       668       791       833       718       776       879         1
      1289       875       730       791       914       960       833       879      1013         1
      1290      1031       875       914      1083      1128       960      1013      1175         1
      1291       496       490       494       513       582       566       580       601         1
      1292       542       496       513       556       637       582       601       643         1
      1293       618       542       556       632       713       637       643       718         1
      1294       714       618       632       730       810       713       718       833         1
      1295       856       714       730       875       947       810       833       960         1
      1296      1024       856       875      1031      1118       947       960      1128         1
      1297       787       768       934       941       876       857      1025      1032         1
      1298       829       787       941       990       915       876      1032      1082         1
      1299       893       829       990      1064       995       915      1082      1158         1
      1300      1011       893      1064      1171      1104       995      1158      1267         1
      1301      1139      1011      1171      1313      1235      1104      1267      1411         1
      1302      1309      1139      1313      1482      1408      1235      1411      1571         1
      1303       640       627       768       787       731       715       857       876         1
      1304       692       640       787       829       792       731       876       915         1
      1305       767       692       829       893       860       792       915       995         1
      1306       872       767       893      1011       953       860       995      1104         1
      1307      1010       872      1011      1139      1101       953      1104      1235         1
      1308      1170      1010      1139      1309      1266      1101      1235      1408         1
      1309       538       527       627       640       633       619       715       731         1
      1310       578       538       640       692       667       633       731       792         1
      1311       656       578       692       767       754       667       792       860         1
      1312       766       656       767       872       862       754       860       953         1
      1313       895       766       872      1010       994       862       953      1101         1
      1314      1065       895      1010      1170      1161       994      1101      1266         1
      1315       479       462       527       538       558       543       619       633         1
      1316       511       479       538       578       596       558       633       667         1
      1317       577       511       578       656       668       596       667       754         1
      1318       693       577       656       766       791       668       754       862         1
      1319       831       693       766       895       914       791       862       994         1
      1320       991       831       895      1065      1083       914       994      1161         1
      1321       433       423       462       479       513       494       543       558         1
      1322       481       433       479       511       556       513       558       596         1
      1323       540       481       511       577       632       556       596       668         1
      1324       639       540       577       693       730       632       668       791         1
      1325       788       639       693       831       875       730       791       914         1
      1326       942       788       831       991      1031       875       914      1083         1
      1327       424       418       423       433       496       490       494       513         1
      1328       464       424       433       481       542       496       513       556         1
      1329       530       464       481       540       618       542       556       632         1
      1330       628       530       540       639       714       618       632       730         1
      1331       771       628       639       788       856       714       730       875         1
      1332       936       771       788       942      1024       856       875      1031         1
      1333       697       671       844       867       787       768       934       941         1
      1334       737       697       867       898       829       787       941       990         1
      1335       808       737       898       977       893       829       990      1064         1
      1336       918       808       977      1085      1011       893      1064      1171         1
      1337      1049       918      1085      1216      1139      1011      1171      1313         1
      1338      1218      1049      1216      1391      1309      1139      1313      1482         1
      1339       560       548       671       697       640       627       768       787         1
      1340       600       560       697       737       692       640       787       829         1
      1341       674       600       737       808       767       692       829       893         1
      1342       796       674       808       918       872       767       893      1011         1
      1343       919       796       918      1049      1010       872      1011      1139         1
      1344      1086       919      1049      1218      1170      1010      1139      1309         1
      1345       469       446       548       560       538       527       627       640         1
      1346       498       469       560       600       578       538       640       692         1
      1347       563       498       600       674       656       578       692       767         1
      1348       676       563       674       796       766       656       767       872         1
      1349       806       676       796       919       895       766       872      1010         1
      1350       976       806       919      1086      1065       895      1010      1170         1
      1351       404       379       446       469       479       462       527       538         1
      1352       435       404       469       498       511       479       538       578         1
      1353       499       435       498       563       577       511       578       656         1
      1354       599       499       563       676       693       577       656       766         1
      1355       735       599       676       806       831       693       766       895         1
      1356       899       735       806       976       991       831       895      1065         1
      1357       362       354       379       404       433       423       462       479         1
      1358       405       362       404       435       481       433       479       511         1
      1359       467       405       435       499       540       481       511       577         1
      1360       561       467       499       599       639       540       577       693         1
      1361       696       561       599       735       788       639       693       831         1
      1362       866       696       735       899       942       788       831       991         1
      1363       355       345       354       362       424       418       423       433         1
      1364       382       355       362       405       464       424       433       481         1
      1365       444       382       405       467       530       464       481       540         1
      1366       547       444       467       561       628       530       540       639         1
      1367       670       547       561       696       771       628       639       788         1
      1368       847       670       696       866       936       771       788       942         1
      1369       607       588       762       780       697       671       844       867         1
      1370       653       607       780       823       737       697       867       898         1
      1371       725       653       823       889       808       737       898       977         1
      1372       841       725       889      1004       918       808       977      1085         1
      1373       964       841      1004      1138      1049       918      1085      1216         1
      1374      1136       964      1138      1302      1218      1049      1216      1391         1
      1375       485       476       588       607       560       548       671       697         1
      1376       526       485       607       653       600       560       697       737         1
      1377       591       526       653       725       674       600       737       808         1
      1378       707       591       725       841       796       674       808       918         1
      1379       842       707       841       964       919       796       918      1049         1
      1380      1005       842       964      1136      1086       919      1049      1218         1
      1381       390       375       476       485       469       446       548       560         1
      1382       431       390       485       526       498       469       560       600         1
      1383       491       431       526       591       563       498       600       674         1
      1384       589       491       591       707       676       563       674       796         1
      1385       724       589       707       842       806       676       796       919         1
      1386       891       724       842      1005       976       806       919      1086         1
      1387       337       329       375       390       404       379       446       469         1
      1388       370       337       390       431       435       404       469       498         1
      1389       430       370       431       491       499       435       498       563         1
      1390       525       430       491       589       599       499       563       676         1
      1391       654       525       589       724       735       599       676       806         1
      1392       821       654       724       891       899       735       806       976         1
      1393       303       296       329       337       362       354       379       404         1
      1394       336       303       337       370       405       362       404       435         1
      1395       387       336       370       430       467       405       435       499         1
      1396       484       387       430       525       561       467       499       599         1
      1397       610       484       525       654       696       561       599       735         1
      1398       782       610       654       821       866       696       735       899         1
      1399       295       288       296       303       355       345       354       362         1
      1400       328       295       303       336       382       355       362       405         1
      1401       376       328       336       387       444       382       405       467         1
      1402       477       376       387       484       547       444       467       561         1
      1403       586       477       484       610       670       547       561       696         1
      1404       764       586       610       782       847       670       696       866         1
      1405       533       519       681       704       607       588       762       780         1
      1406       568       533       704       741       653       607       780       823         1
      1407       650       568       741       815       725       653       823       889         1
      1408       760       650       815       926       841       725       889      1004         1
      1409       888       760       926      1054       964       841      1004      1138         1
      1410      1055       888      1054      1221      1136       964      1138      1302         1
      1411       422       409       519       533       485       476       588       607         1
      1412       449       422       533       568       526       485       607       653         1
      1413       522       449       568       650       591       526       653       725         1
      1414       622       522       650       760       707       591       725       841         1
      1415       761       622       760       888       842       707       841       964         1
      1416       923       761       888      1055      1005       842       964      1136         1
      1417       334       325       409       422       390       375       476       485         1
      1418       366       334       422       449       431       390       485       526         1
      1419       428       366       449       522       491       431       526       591         1
      1420       520       428       522       622       589       491       591       707         1
      1421       647       520       622       761       724       589       707       842         1
      1422       817       647       761       923       891       724       842      1005         1
      1423       283       264       325       334       337       329       375       390         1
      1424       311       283       334       366       370       337       390       431         1
      1425       365       311       366       428       430       370       431       491         1
      1426       450       365       428       520       525       430       491       589         1
      1427       569       450       520       647       654       525       589       724         1
      1428       740       569       647       817       821       654       724       891         1
      1429       252       248       264       283       303       296       329       337         1
      1430       282       252       283       311       336       303       337       370         1
      1431       332       282       311       365       387       336       370       430         1
      1432       421       332       365       450       484       387       430       525         1
      1433       532       421       450       569       610       484       525       654         1
      1434       703       532       569       740       782       610       654       821         1
      1435       249       237       248       252       295       288       296       303         1
      1436       265       249       252       282       328       295       303       336         1
      1437       324       265       282       332       376       328       336       387         1
      1438       410       324       332       421       477       376       387       484         1
      1439       518       410       421       532       586       477       484       610         1
      1440       679       518       532       703       764       586       610       782         1
      1441       471       453       603       625       533       519       681       704         1
      1442       502       471       625       658       568       533       704       741         1
      1443       574       502       658       745       650       568       741       815         1
      1444       685       574       745       855       760       650       815       926         1
      1445       818       685       855       983       888       760       926      1054         1
      1446       981       818       983      1144      1055       888      1054      1221         1
      1447       361       349       453       471       422       409       519       533         1
      1448       385       361       471       502       449       422       533       568         1
      1449       455       385       502       574       522       449       568       650         1
      1450       551       455       574       685       622       522       650       760         1
      1451       686       551       685       818       761       622       760       888         1
      1452       853       686       818       981       923       761       888      1055         1
      1453       287       268       349       361       334       325       409       422         1
      1454       316       287       361       385       366       334       422       449         1
      1455       368       316       385       455       428       366       449       522         1
      1456       456       368       455       551       520       428       522       622         1
      1457       572       456       551       686       647       520       622       761         1
      1458       746       572       686       853       817       647       761       923         1
      1459       241       223       268       287       283       264       325       334         1
      1460       256       241       287       316       311       283       334       366         1
      1461       315       256       316       368       365       311       366       428         1
      1462       386       315       368       456       450       365       428       520         1
      1463       504       386       456       572       569       450       520       647         1
      1464       660       504       572       746       740       569       647       817         1
      1465       213       202       223       241       252       248       264       283         1
      1466       239       213       241       256       282       252       283       311         1
      1467       286       239       256       315       332       282       311       365         1
      1468       360       286       315       386       421       332       365       450         1
      1469       473       360       386       504       532       421       450       569         1
      1470       624       473       504       660       703       532       569       740         1
      1471       203       185       202       213       249       237       248       252         1
      1472       221       203       213       239       265       249       252       282         1
      1473       270       221       239       286       324       265       282       332         1
      1474       350       270       286       360       410       324       332       421         1
      1475       454       350       360       473       518       410       421       532         1
      1476       604       454       473       624       679       518       532       703         1
      1477       413       397       536       553       471       453       603       625         1
      1478       439       413       553       593       502       471       625       658         1
      1479       507       439       593       663       574       502       658       745         1
      1480       613       507       663       785       685       574       745       855         1
      1481       753       613       785       911       818       685       855       983         1
      1482       909       753       911      1076       981       818       983      1144         1
      1483       306       300       397       413       361       349       453       471         1
      1484       344       306       413       439       385       361       471       502         1
      1485       401       344       439       507       455       385       502       574         1
      1486       487       401       507       613       551       455       574       685         1
      1487       616       487       613       753       686       551       685       818         1
      1488       786       616       753       909       853       686       818       981         1
      1489       245       233       300       306       287       268       349       361         1
      1490       260       245       306       344       316       287       361       385         1
      1491       318       260       344       401       368       316       385       455         1
      1492       398       318       401       487       456       368       455       551         1
      1493       509       398       487       616       572       456       551       686         1
      1494       665       509       616       786       746       572       686       853         1
      1495       194       182       233       245       241       223       268       287         1
      1496       219       194       245       260       256       241       287       316         1
      1497       259       219       260       318       315       256       316       368         1
      1498       341       259       318       398       386       315       368       456         1
      1499       440       341       398       509       504       386       456       572         1
      1500       594       440       509       665       660       504       572       746         1
      1501       170       168       182       194       213       202       223       241         1
      1502       196       170       194       219       239       213       241       256         1
      1503       243       196       219       259       286       239       256       315         1
      1504       310       243       259       341       360       286       315       386         1
      1505       414       310       341       440       473       360       386       504         1
      1506       554       414       440       594       624       473       504       660         1
      1507       164       159       168       170       203       185       202       213         1
      1508       183       164       170       196       221       203       213       239         1
      1509       230       183       196       243       270       221       239       286         1
      1510       302       230       243       310       350       270       286       360         1
      1511       402       302       310       414       454       350       360       473         1
      1512       537       402       414       554       604       454       473       624         1
      1513      1356      1060      1233      1519      1344      1047      1210      1513         1
      1514      1682      1356      1519      1838      1661      1344      1513      1821         1
      1515      1981      1682      1838      2109      1968      1661      1821      2095         1
      1516      2244      1981      2109      2356      2232      1968      2095      2333         1
      1517      2490      2244      2356      2583      2479      2232      2333      2572         1
      1518      2740      2490      2583      2808      2719      2479      2572      2798         1
      1519      1208       930      1060      1356      1193       907      1047      1344         1
      1520      1542      1208      1356      1682      1523      1193      1344      1661         1
      1521      1868      1542      1682      1981      1855      1523      1661      1968         1
      1522      2164      1868      1981      2244      2146      1855      1968      2232         1
      1523      2409      2164      2244      2490      2402      2146      2232      2479         1
      1524      2657      2409      2490      2740      2643      2402      2479      2719         1
      1525      1110       826       930      1208      1100       802       907      1193         1
      1526      1439      1110      1208      1542      1422      1100      1193      1523         1
      1527      1778      1439      1542      1868      1765      1422      1523      1855         1
      1528      2085      1778      1868      2164      2068      1765      1855      2146         1
      1529      2359      2085      2164      2409      2343      2068      2146      2402         1
      1530      2599      2359      2409      2657      2588      2343      2402      2643         1
      1531      1027       750       826      1110      1021       727       802      1100         1
      1532      1365      1027      1110      1439      1342      1021      1100      1422         1
      1533      1703      1365      1439      1778      1692      1342      1422      1765         1
      1534      2035      1703      1778      2085      2015      1692      1765      2068         1
      1535      2306      2035      2085      2359      2296      2015      2068      2343         1
      1536      2554      2306      2359      2599      2544      2296      2343      2588         1
      1537       987       708       750      1027       974       689       727      1021         1
      1538      1307       987      1027      1365      1287       974      1021      1342         1
      1539      1655      1307      1365      1703      1641      1287      1342      1692         1
      1540      1993      1655      1703      2035      1979      1641      1692      2015         1
      1541      2272      1993      2035      2306      2265      1979      2015      2296         1
      1542      2529      2272      2306      2554      2525      2265      2296      2544         1
      1543       969       687       708       987       952       662       689       974         1
      1544      1293       969       987      1307      1271       952       974      1287         1
      1545      1643      1293      1307      1655      1623      1271      1287      1641         1
      1546      1980      1643      1655      1993      1965      1623      1641      1979         1
      1547      2266      1980      1993      2272      2255      1965      1979      2265         1
      1548      2522      2266      2272      2529      2503      2255      2265      2525         1
      1549      1406      1112      1275      1564      1356      1060      1233      1519         1
      1550      1720      1406      1564      1865      1682      1356      1519      1838         1
      1551      2020      1720      1865      2136      1981      1682      1838      2109         1
      1552      2269      2020      2136      2373      2244      1981      2109      2356         1
      1553      2507      2269      2373      2608      2490      2244      2356      2583         1
      1554      2754      2507      2608      2821      2740      2490      2583      2808         1
      1555      1263       972      1112      1406      1208       930      1060      1356         1
      1556      1586      1263      1406      1720      1542      1208      1356      1682         1
      1557      1916      1586      1720      2020      1868      1542      1682      1981         1
      1558      2190      1916      2020      2269      2164      1868      1981      2244         1
      1559      2437      2190      2269      2507      2409      2164      2244      2490         1
      1560      2681      2437      2507      2754      2657      2409      2490      2740         1
      1561      1154       869       972      1263      1110       826       930      1208         1
      1562      1479      1154      1263      1586      1439      1110      1208      1542         1
      1563      1824      1479      1586      1916      1778      1439      1542      1868         1
      1564      2119      1824      1916      2190      2085      1778      1868      2164         1
      1565      2377      2119      2190      2437      2359      2085      2164      2409         1
      1566      2629      2377      2437      2681      2599      2359      2409      2657         1
      1567      1077       797       869      1154      1027       750       826      1110         1
      1568      1403      1077      1154      1479      1365      1027      1110      1439         1
      1569      1749      1403      1479      1824      1703      1365      1439      1778         1
      1570      2060      1749      1824      2119      2035      1703      1778      2085         1
      1571      2326      2060      2119      2377      2306      2035      2085      2359         1
      1572      2581      2326      2377      2629      2554      2306      2359      2599         1
      1573      1028       748       797      1077       987       708       750      1027         1
      1574      1360      1028      1077      1403      1307       987      1027      1365         1
      1575      1701      1360      1403      1749      1655      1307      1365      1703         1
      1576      2034      1701      1749      2060      1993      1655      1703      2035         1
      1577      2305      2034      2060      2326      2272      1993      2035      2306         1
      1578      2549      2305      2326      2581      2529      2272      2306      2554         1
      1579      1019       726       748      1028       969       687       708       987         1
      1580      1336      1019      1028      1360      1293       969       987      1307         1
      1581      1691      1336      1360      1701      1643      1293      1307      1655         1
      1582      2016      1691      1701      2034      1980      1643      1655      1993         1
      1583      2295      2016      2034      2305      2266      1980      1993      2272         1
      1584      2542      2295      2305      2549      2522      2266      2272      2529         1
      1585      1477      1182      1364      1638      1406      1112      1275      1564         1
      1586      1790      1477      1638      1931      1720      1406      1564      1865         1
      1587      2071      1790      1931      2187      2020      1720      1865      2136         1
      1588      2318      2071      2187      2417      2269      2020      2136      2373         1
      1589      2558      2318      2417      2647      2507      2269      2373      2608         1
      1590      2786      2558      2647      2862      2754      2507      2608      2821         1
      1591      1335      1045      1182      1477      1263       972      1112      1406         1
      1592      1658      1335      1477      1790      1586      1263      1406      1720         1
      1593      1966      1658      1790      2071      1916      1586      1720      2020         1
      1594      2233      1966      2071      2318      2190      1916      2020      2269         1
      1595      2477      2233      2318      2558      2437      2190      2269      2507         1
      1596      2718      2477      2558      2786      2681      2437      2507      2754         1
      1597      1230       937      1045      1335      1154       869       972      1263         1
      1598      1553      1230      1335      1658      1479      1154      1263      1586         1
      1599      1887      1553      1658      1966      1824      1479      1586      1916         1
      1600      2176      1887      1966      2233      2119      1824      1916      2190         1
      1601      2418      2176      2233      2477      2377      2119      2190      2437         1
      1602      2666      2418      2477      2718      2629      2377      2437      2681         1
      1603      1155       871       937      1230      1077       797       869      1154         1
      1604      1478      1155      1230      1553      1403      1077      1154      1479         1
      1605      1823      1478      1553      1887      1749      1403      1479      1824         1
      1606      2122      1823      1887      2176      2060      1749      1824      2119         1
      1607      2376      2122      2176      2418      2326      2060      2119      2377         1
      1608      2627      2376      2418      2666      2581      2326      2377      2629         1
      1609      1109       824       871      1155      1028       748       797      1077         1
      1610      1436      1109      1155      1478      1360      1028      1077      1403         1
      1611      1777      1436      1478      1823      1701      1360      1403      1749         1
      1612      2086      1777      1823      2122      2034      1701      1749      2060         1
      1613      2358      2086      2122      2376      2305      2034      2060      2326         1
      1614      2597      2358      2376      2627      2549      2305      2326      2581         1
      1615      1097       801       824      1109      1019       726       748      1028         1
      1616      1421      1097      1109      1436      1336      1019      1028      1360         1
      1617      1762      1421      1436      1777      1691      1336      1360      1701         1
      1618      2069      1762      1777      2086      2016      1691      1701      2034         1
      1619      2342      2069      2086      2358      2295      2016      2034      2305         1
      1620      2589      2342      2358      2597      2542      2295      2305      2549         1
      1621      1588      1291      1463      1748      1477      1182      1364      1638         1
      1622      1888      1588      1748      2019      1790      1477      1638      1931         1
      1623      2151      1888      2019      2251      2071      1790      1931      2187         1
      1624      2384      2151      2251      2471      2318      2071      2187      2417         1
      1625      2617      2384      2471      2710      2558      2318      2417      2647         1
      1626      2833      2617      2710      2903      2786      2558      2647      2862         1
      1627      1448      1157      1291      1588      1335      1045      1182      1477         1
      1628      1763      1448      1588      1888      1658      1335      1477      1790         1
      1629      2057      1763      1888      2151      1966      1658      1790      2071         1
      1630      2304      2057      2151      2384      2233      1966      2071      2318         1
      1631      2535      2304      2384      2617      2477      2233      2318      2558         1
      1632      2770      2535      2617      2833      2718      2477      2558      2786         1
      1633      1337      1042      1157      1448      1230       937      1045      1335         1
      1634      1656      1337      1448      1763      1553      1230      1335      1658         1
      1635      1967      1656      1763      2057      1887      1553      1658      1966         1
      1636      2235      1967      2057      2304      2176      1887      1966      2233         1
      1637      2480      2235      2304      2535      2418      2176      2233      2477         1
      1638      2723      2480      2535      2770      2666      2418      2477      2718         1
      1639      1262       975      1042      1337      1155       871       937      1230         1
      1640      1589      1262      1337      1656      1478      1155      1230      1553         1
      1641      1914      1589      1656      1967      1823      1478      1553      1887         1
      1642      2189      1914      1967      2235      2122      1823      1887      2176         1
      1643      2438      2189      2235      2480      2376      2122      2176      2418         1
      1644      2683      2438      2480      2723      2627      2376      2418      2666         1
      1645      1209       931       975      1262      1109       824       871      1155         1
      1646      1541      1209      1262      1589      1436      1109      1155      1478         1
      1647      1871      1541      1589      1914      1777      1436      1478      1823         1
      1648      2163      1871      1914      2189      2086      1777      1823      2122         1
      1649      2408      2163      2189      2438      2358      2086      2122      2376         1
      1650      2659      2408      2438      2683      2597      2358      2376      2627         1
      1651      1191       905       931      1209      1097       801       824      1109         1
      1652      1521      1191      1209      1541      1421      1097      1109      1436         1
      1653      1853      1521      1541      1871      1762      1421      1436      1777         1
      1654      2149      1853      1871      2163      2069      1762      1777      2086         1
      1655      2403      2149      2163      2408      2342      2069      2086      2358         1
      1656      2642      2403      2408      2659      2589      2342      2358      2597         1
      1657      1719      1437      1602      1866      1588      1291      1463      1748         1
      1658      1994      1719      1866      2123      1888      1588      1748      2019         1
      1659      2234      1994      2123      2336      2151      1888      2019      2251         1
      1660      2453      2234      2336      2552      2384      2151      2251      2471         1
      1661      2695      2453      2552      2775      2617      2384      2471      2710         1
      1662      2898      2695      2775      2954      2833      2617      2710      2903         1
      1663      1587      1290      1437      1719      1448      1157      1291      1588         1
      1664      1890      1587      1719      1994      1763      1448      1588      1888         1
      1665      2152      1890      1994      2234      2057      1763      1888      2151         1
      1666      2386      2152      2234      2453      2304      2057      2151      2384         1
      1667      2618      2386      2453      2695      2535      2304      2384      2617         1
      1668      2832      2618      2695      2898      2770      2535      2617      2833         1
      1669      1476      1181      1290      1587      1337      1042      1157      1448         1
      1670      1791      1476      1587      1890      1656      1337      1448      1763         1
      1671      2072      1791      1890      2152      1967      1656      1763      2057         1
      1672      2320      2072      2152      2386      2235      1967      2057      2304         1
      1673      2557      2320      2386      2618      2480      2235      2304      2535         1
      1674      2784      2557      2618      2832      2723      2480      2535      2770         1
      1675      1405      1115      1181      1476      1262       975      1042      1337         1
      1676      1722      1405      1476      1791      1589      1262      1337      1656         1
      1677      2021      1722      1791      2072      1914      1589      1656      1967         1
      1678      2273      2021      2072      2320      2189      1914      1967      2235         1
      1679      2508      2273      2320      2557      2438      2189      2235      2480         1
      1680      2755      2508      2557      2784      2683      2438      2480      2723         1
      1681      1357      1063      1115      1405      1209       931       975      1262         1
      1682      1681      1357      1405      1722      1541      1209      1262      1589         1
      1683      1983      1681      1722      2021      1871      1541      1589      1914         1
      1684      2243      1983      2021      2273      2163      1871      1914      2189         1
      1685      2488      2243      2273      2508      2408      2163      2189      2438         1
      1686      2735      2488      2508      2755      2659      2408      2438      2683         1
      1687      1340      1044      1063      1357      1191       905       931      1209         1
      1688      1659      1340      1357      1681      1521      1191      1209      1541         1
      1689      1972      1659      1681      1983      1853      1521      1541      1871         1
      1690      2231      1972      1983      2243      2149      1853      1871      2163         1
      1691      2475      2231      2243      2488      2403      2149      2163      2408         1
      1692      2715      2475      2488      2735      2642      2403      2408      2659         1
      1693      1874      1601      1768      2005      1719      1437      1602      1866         1
      1694      2125      1874      2005      2217      1994      1719      1866      2123         1
      1695      2337      2125      2217      2436      2234      1994      2123      2336         1
      1696      2551      2337      2436      2639      2453      2234      2336      2552         1
      1697      2774      2551      2639      2846      2695      2453      2552      2775         1
      1698      2955      2774      2846      3008      2898      2695      2775      2954         1
      1699      1751      1460      1601      1874      1587      1290      1437      1719         1
      1700      2024      1751      1874      2125      1890      1587      1719      1994         1
      1701      2252      2024      2125      2337      2152      1890      1994      2234         1
      1702      2473      2252      2337      2551      2386      2152      2234      2453         1
      1703      2711      2473      2551      2774      2618      2386      2453      2695         1
      1704      2905      2711      2774      2955      2832      2618      2695      2898         1
      1705      1644      1363      1460      1751      1476      1181      1290      1587         1
      1706      1933      1644      1751      2024      1791      1476      1587      1890         1
      1707      2191      1933      2024      2252      2072      1791      1890      2152         1
      1708      2416      2191      2252      2473      2320      2072      2152      2386         1
      1709      2650      2416      2473      2711      2557      2320      2386      2618         1
      1710      2864      2650      2711      2905      2784      2557      2618      2832         1
      1711      1566      1274      1363      1644      1405      1115      1181      1476         1
      1712      1869      1566      1644      1933      1722      1405      1476      1791         1
      1713      2137      1869      1933      2191      2021      1722      1791      2072         1
      1714      2370      2137      2191      2416      2273      2021      2072      2320         1
      1715      2607      2370      2416      2650      2508      2273      2320      2557         1
      1716      2818      2607      2650      2864      2755      2508      2557      2784         1
      1717      1522      1234      1274      1566      1357      1063      1115      1405         1
      1718      1836      1522      1566      1869      1681      1357      1405      1722         1
      1719      2110      1836      1869      2137      1983      1681      1722      2021         1
      1720      2350      2110      2137      2370      2243      1983      2021      2273         1
      1721      2582      2350      2370      2607      2488      2243      2273      2508         1
      1722      2806      2582      2607      2818      2735      2488      2508      2755         1
      1723      1514      1211      1234      1522      1340      1044      1063      1357         1
      1724      1820      1514      1522      1836      1659      1340      1357      1681         1
      1725      2096      1820      1836      2110      1972      1659      1681      1983         1
      1726      2334      2096      2110      2350      2231      1972      1983      2243         1
      1727      2574      2334      2350      2582      2475      2231      2243      2488         1
      1728      2794      2574      2582      2806      2715      2475      2488      2735         1
      1729      2999      3103      3127      3052      3033      3119      3141      3071         1
      1730      2851      2999      3052      2918      2895      3033      3071      2956         1
      1731      2669      2851      2918      2759      2717      2895      2956      2795         1
      1732      2464      2669      2759      2571      2531      2717      2795      2630         1
      1733      2289      2464      2571      2391      2353      2531      2630      2444         1
      1734      2102      2289      2391      2208      2177      2353      2444      2270         1
      1735      2959      3081      3103      2999      2988      3098      3119      3033         1
      1736      2791      2959      2999      2851      2828      2988      3033      2895         1
      1737      2593      2791      2851      2669      2640      2828      2895      2717         1
      1738      2399      2593      2669      2464      2445      2640      2717      2531         1
      1739      2204      2399      2464      2289      2262      2445      2531      2353         1
      1740      2001      2204      2289      2102      2070      2262      2353      2177         1
      1741      2920      3057      3081      2959      2957      3076      3098      2988         1
      1742      2743      2920      2959      2791      2782      2957      2988      2828         1
      1743      2533      2743      2791      2593      2586      2782      2828      2640         1
      1744      2332      2533      2593      2399      2397      2586      2640      2445         1
      1745      2133      2332      2399      2204      2200      2397      2445      2262         1
      1746      1920      2133      2204      2001      1995      2200      2262      2070         1
      1747      2889      3039      3057      2920      2933      3062      3076      2957         1
      1748      2703      2889      2920      2743      2757      2933      2957      2782         1
      1749      2494      2703      2743      2533      2541      2757      2782      2586         1
      1750      2290      2494      2533      2332      2355      2541      2586      2397         1
      1751      2082      2290      2332      2133      2148      2355      2397      2200         1
      1752      1847      2082      2133      1920      1930      2148      2200      1995         1
      1753      2871      3024      3039      2889      2915      3056      3062      2933         1
      1754      2676      2871      2889      2703      2739      2915      2933      2757         1
      1755      2458      2676      2703      2494      2521      2739      2757      2541         1
      1756      2258      2458      2494      2290      2316      2521      2541      2355         1
      1757      2048      2258      2290      2082      2120      2316      2355      2148         1
      1758      1811      2048      2082      1847      1908      2120      2148      1930         1
      1759      2868      3019      3024      2871      2908      3047      3056      2915         1
      1760      2671      2868      2871      2676      2725      2908      2915      2739         1
      1761      2447      2671      2676      2458      2506      2725      2739      2521         1
      1762      2248      2447      2458      2258      2311      2506      2521      2316         1
      1763      2045      2248      2258      2048      2108      2311      2316      2120         1
      1764      1798      2045      2048      1811      1889      2108      2120      1908         1
      1765      2971      3091      3117      3022      2999      3103      3127      3052         1
      1766      2813      2971      3022      2884      2851      2999      3052      2918         1
      1767      2620      2813      2884      2713      2669      2851      2918      2759         1
      1768      2423      2620      2713      2511      2464      2669      2759      2571         1
      1769      2221      2423      2511      2328      2289      2464      2571      2391         1
      1770      2039      2221      2328      2156      2102      2289      2391      2208         1
      1771      2929      3059      3091      2971      2959      3081      3103      2999         1
      1772      2750      2929      2971      2813      2791      2959      2999      2851         1
      1773      2537      2750      2813      2620      2593      2791      2851      2669         1
      1774      2346      2537      2620      2423      2399      2593      2669      2464         1
      1775      2141      2346      2423      2221      2204      2399      2464      2289         1
      1776      1923      2141      2221      2039      2001      2204      2289      2102         1
      1777      2883      3035      3059      2929      2920      3057      3081      2959         1
      1778      2696      2883      2929      2750      2743      2920      2959      2791         1
      1779      2484      2696      2750      2537      2533      2743      2791      2593         1
      1780      2279      2484      2537      2346      2332      2533      2593      2399         1
      1781      2063      2279      2346      2141      2133      2332      2399      2204         1
      1782      1840      2063      2141      1923      1920      2133      2204      2001         1
      1783      2848      3012      3035      2883      2889      3039      3057      2920         1
      1784      2651      2848      2883      2696      2703      2889      2920      2743         1
      1785      2440      2651      2696      2484      2494      2703      2743      2533         1
      1786      2222      2440      2484      2279      2290      2494      2533      2332         1
      1787      2006      2222      2279      2063      2082      2290      2332      2133         1
      1788      1771      2006      2063      1840      1847      2082      2133      1920         1
      1789      2824      2998      3012      2848      2871      3024      3039      2889         1
      1790      2631      2824      2848      2651      2676      2871      2889      2703         1
      1791      2411      2631      2651      2440      2458      2676      2703      2494         1
      1792      2202      2411      2440      2222      2258      2458      2494      2290         1
      1793      1976      2202      2222      2006      2048      2258      2290      2082         1
      1794      1726      1976      2006      1771      1811      2048      2082      1847         1
      1795      2816      2990      2998      2824      2868      3019      3024      2871         1
      1796      2622      2816      2824      2631      2671      2868      2871      2676         1
      1797      2405      2622      2631      2411      2447      2671      2676      2458         1
      1798      2196      2405      2411      2202      2248      2447      2458      2258         1
      1799      1960      2196      2202      1976      2045      2248      2258      2048         1
      1800      1706      1960      1976      1726      1798      2045      2048      1811         1
      1801      2942      3067      3100      2995      2971      3091      3117      3022         1
      1802      2766      2942      2995      2843      2813      2971      3022      2884         1
      1803      2567      2766      2843      2662      2620      2813      2884      2713         1
      1804      2367      2567      2662      2456      2423      2620      2713      2511         1
      1805      2180      2367      2456      2277      2221      2423      2511      2328         1
      1806      1958      2180      2277      2090      2039      2221      2328      2156         1
      1807      2887      3037      3067      2942      2929      3059      3091      2971         1
      1808      2701      2887      2942      2766      2750      2929      2971      2813         1
      1809      2492      2701      2766      2567      2537      2750      2813      2620         1
      1810      2286      2492      2567      2367      2346      2537      2620      2423         1
      1811      2077      2286      2367      2180      2141      2346      2423      2221         1
      1812      1845      2077      2180      1958      1923      2141      2221      2039         1
      1813      2841      3005      3037      2887      2883      3035      3059      2929         1
      1814      2635      2841      2887      2701      2696      2883      2929      2750         1
      1815      2429      2635      2701      2492      2484      2696      2750      2537         1
      1816      2212      2429      2492      2286      2279      2484      2537      2346         1
      1817      1998      2212      2286      2077      2063      2279      2346      2141         1
      1818      1755      1998      2077      1845      1840      2063      2141      1923         1
      1819      2810      2983      3005      2841      2848      3012      3035      2883         1
      1820      2600      2810      2841      2635      2651      2848      2883      2696         1
      1821      2389      2600      2635      2429      2440      2651      2696      2484         1
      1822      2182      2389      2429      2212      2222      2440      2484      2279         1
      1823      1936      2182      2212      1998      2006      2222      2279      2063         1
      1824      1684      1936      1998      1755      1771      2006      2063      1840         1
      1825      2788      2965      2983      2810      2824      2998      3012      2848         1
      1826      2577      2788      2810      2600      2631      2824      2848      2651         1
      1827      2364      2577      2600      2389      2411      2631      2651      2440         1
      1828      2140      2364      2389      2182      2202      2411      2440      2222         1
      1829      1909      2140      2182      1936      1976      2202      2222      2006         1
      1830      1626      1909      1936      1684      1726      1976      2006      1771         1
      1831      2780      2962      2965      2788      2816      2990      2998      2824         1
      1832      2569      2780      2788      2577      2622      2816      2824      2631         1
      1833      2361      2569      2577      2364      2405      2622      2631      2411         1
      1834      2132      2361      2364      2140      2196      2405      2411      2202         1
      1835      1894      2132      2140      1909      1960      2196      2202      1976         1
      1836      1609      1894      1909      1626      1706      1960      1976      1726         1
      1837      2910      3050      3087      2968      2942      3067      3100      2995         1
      1838      2726      2910      2968      2801      2766      2942      2995      2843         1
      1839      2512      2726      2801      2610      2567      2766      2843      2662         1
      1840      2312      2512      2610      2412      2367      2567      2662      2456         1
      1841      2115      2312      2412      2214      2180      2367      2456      2277         1
      1842      1900      2115      2214      2028      1958      2180      2277      2090         1
      1843      2850      3014      3050      2910      2887      3037      3067      2942         1
      1844      2653      2850      2910      2726      2701      2887      2942      2766         1
      1845      2442      2653      2726      2512      2492      2701      2766      2567         1
      1846      2225      2442      2512      2312      2286      2492      2567      2367         1
      1847      2010      2225      2312      2115      2077      2286      2367      2180         1
      1848      1772      2010      2115      1900      1845      2077      2180      1958         1
      1849      2802      2976      3014      2850      2841      3005      3037      2887         1
      1850      2591      2802      2850      2653      2635      2841      2887      2701         1
      1851      2379      2591      2653      2442      2429      2635      2701      2492         1
      1852      2167      2379      2442      2225      2212      2429      2492      2286         1
      1853      1925      2167      2225      2010      1998      2212      2286      2077         1
      1854      1666      1925      2010      1772      1755      1998      2077      1845         1
      1855      2767      2948      2976      2802      2810      2983      3005      2841         1
      1856      2546      2767      2802      2591      2600      2810      2841      2635         1
      1857      2330      2546      2591      2379      2389      2600      2635      2429         1
      1858      2114      2330      2379      2167      2182      2389      2429      2212         1
      1859      1859      2114      2167      1925      1936      2182      2212      1998         1
      1860      1596      1859      1925      1666      1684      1936      1998      1755         1
      1861      2752      2939      2948      2767      2788      2965      2983      2810         1
      1862      2527      2752      2767      2546      2577      2788      2810      2600         1
      1863      2309      2527      2546      2330      2364      2577      2600      2389         1
      1864      2080      2309      2330      2114      2140      2364      2389      2182         1
      1865      1828      2080      2114      1859      1909      2140      2182      1936         1
      1866      1543      1828      1859      1596      1626      1909      1936      1684         1
      1867      2742      2935      2939      2752      2780      2962      2965      2788         1
      1868      2514      2742      2752      2527      2569      2780      2788      2577         1
      1869      2298      2514      2527      2309      2361      2569      2577      2364         1
      1870      2065      2298      2309      2080      2132      2361      2364      2140         1
      1871      1809      2065      2080      1828      1894      2132      2140      1909         1
      1872      1527      1809      1828      1543      1609      1894      1909      1626         1
      1873      2875      3026      3064      2941      2910      3050      3087      2968         1
      1874      2677      2875      2941      2761      2726      2910      2968      2801         1
      1875      2460      2677      2761      2564      2512      2726      2801      2610         1
      1876      2259      2460      2564      2365      2312      2512      2610      2412         1
      1877      2054      2259      2365      2173      2115      2312      2412      2214         1
      1878      1817      2054      2173      1954      1900      2115      2214      2028         1
      1879      2814      2985      3026      2875      2850      3014      3050      2910         1
      1880      2603      2814      2875      2677      2653      2850      2910      2726         1
      1881      2395      2603      2677      2460      2442      2653      2726      2512         1
      1882      2183      2395      2460      2259      2225      2442      2512      2312         1
      1883      1944      2183      2259      2054      2010      2225      2312      2115         1
      1884      1689      1944      2054      1817      1772      2010      2115      1900         1
      1885      2763      2944      2985      2814      2802      2976      3014      2850         1
      1886      2538      2763      2814      2603      2591      2802      2850      2653         1
      1887      2323      2538      2603      2395      2379      2591      2653      2442         1
      1888      2103      2323      2395      2183      2167      2379      2442      2225         1
      1889      1852      2103      2183      1944      1925      2167      2225      2010         1
      1890      1581      1852      1944      1689      1666      1925      2010      1772         1
      1891      2733      2924      2944      2763      2767      2948      2976      2802         1
      1892      2498      2733      2763      2538      2546      2767      2802      2591         1
      1893      2283      2498      2538      2323      2330      2546      2591      2379         1
      1894      2053      2283      2323      2103      2114      2330      2379      2167         1
      1895      1785      2053      2103      1852      1859      2114      2167      1925         1
      1896      1506      1785      1852      1581      1596      1859      1925      1666         1
      1897      2705      2901      2924      2733      2752      2939      2948      2767         1
      1898      2468      2705      2733      2498      2527      2752      2767      2546         1
      1899      2250      2468      2498      2283      2309      2527      2546      2330         1
      1900      2013      2250      2283      2053      2080      2309      2330      2114         1
      1901      1745      2013      2053      1785      1828      2080      2114      1859         1
      1902      1457      1745      1785      1506      1543      1828      1859      1596         1
      1903      2699      2899      2901      2705      2742      2935      2939      2752         1
      1904      2462      2699      2705      2468      2514      2742      2752      2527         1
      1905      2241      2462      2468      2250      2298      2514      2527      2309         1
      1906      2002      2241      2250      2013      2065      2298      2309      2080         1
      1907      1735      2002      2013      1745      1809      2065      2080      1828         1
      1908      1447      1735      1745      1457      1527      1809      1828      1543         1
      1909      2836      3002      3053      2911      2875      3026      3064      2941         1
      1910      2633      2836      2911      2728      2677      2875      2941      2761         1
      1911      2426      2633      2728      2517      2460      2677      2761      2564         1
      1912      2209      2426      2517      2314      2259      2460      2564      2365         1
      1913      1989      2209      2314      2118      2054      2259      2365      2173         1
      1914      1742      1989      2118      1902      1817      2054      2173      1954         1
      1915      2777      2961      3002      2836      2814      2985      3026      2875         1
      1916      2562      2777      2836      2633      2603      2814      2875      2677         1
      1917      2348      2562      2633      2426      2395      2603      2677      2460         1
      1918      2129      2348      2426      2209      2183      2395      2460      2259         1
      1919      1883      2129      2209      1989      1944      2183      2259      2054         1
      1920      1608      1883      1989      1742      1689      1944      2054      1817         1
      1921      2730      2923      2961      2777      2763      2944      2985      2814         1
      1922      2495      2730      2777      2562      2538      2763      2814      2603         1
      1923      2281      2495      2562      2348      2323      2538      2603      2395         1
      1924      2050      2281      2348      2129      2103      2323      2395      2183         1
      1925      1783      2050      2129      1883      1852      2103      2183      1944         1
      1926      1503      1783      1883      1608      1581      1852      1944      1689         1
      1927      2685      2891      2923      2730      2733      2924      2944      2763         1
      1928      2449      2685      2730      2495      2498      2733      2763      2538         1
      1929      2228      2449      2495      2281      2283      2498      2538      2323         1
      1930      1988      2228      2281      2050      2053      2283      2323      2103         1
      1931      1711      1988      2050      1783      1785      2053      2103      1852         1
      1932      1428      1711      1783      1503      1506      1785      1852      1581         1
      1933      2665      2873      2891      2685      2705      2901      2924      2733         1
      1934      2430      2665      2685      2449      2468      2705      2733      2498         1
      1935      2206      2430      2449      2228      2250      2468      2498      2283         1
      1936      1951      2206      2228      1988      2013      2250      2283      2053         1
      1937      1675      1951      1988      1711      1745      2013      2053      1785         1
      1938      1383      1675      1711      1428      1457      1745      1785      1506         1
      1939      2656      2869      2873      2665      2699      2899      2901      2705         1
      1940      2424      2656      2665      2430      2462      2699      2705      2468         1
      1941      2197      2424      2430      2206      2241      2462      2468      2250         1
      1942      1939      2197      2206      1951      2002      2241      2250      2013         1
      1943      1651      1939      1951      1675      1735      2002      2013      1745         1
      1944      1373      1651      1675      1383      1447      1735      1745      1457         1
      1945      2804      2978      3030      2878      2836      3002      3053      2911         1
      1946      2594      2804      2878      2688      2633      2836      2911      2728         1
      1947      2381      2594      2688      2465      2426      2633      2728      2517         1
      1948      2170      2381      2465      2267      2209      2426      2517      2314         1
      1949      1928      2170      2267      2059      1989      2209      2314      2118         1
      1950      1677      1928      2059      1830      1742      1989      2118      1902         1
      1951      2746      2937      2978      2804      2777      2961      3002      2836         1
      1952      2518      2746      2804      2594      2562      2777      2836      2633         1
      1953      2300      2518      2594      2381      2348      2562      2633      2426         1
      1954      2066      2300      2381      2170      2129      2348      2426      2209         1
      1955      1813      2066      2170      1928      1883      2129      2209      1989         1
      1956      1534      1813      1928      1677      1608      1883      1989      1742         1
      1957      2690      2894      2937      2746      2730      2923      2961      2777         1
      1958      2451      2690      2746      2518      2495      2730      2777      2562         1
      1959      2230      2451      2518      2300      2281      2495      2562      2348         1
      1960      1991      2230      2300      2066      2050      2281      2348      2129         1
      1961      1715      1991      2066      1813      1783      2050      2129      1883         1
      1962      1433      1715      1813      1534      1503      1783      1883      1608         1
      1963      2637      2859      2894      2690      2685      2891      2923      2730         1
      1964      2414      2637      2690      2451      2449      2685      2730      2495         1
      1965      2186      2414      2451      2230      2228      2449      2495      2281         1
      1966      1927      2186      2230      1991      1988      2228      2281      2050         1
      1967      1630      1927      1991      1715      1711      1988      2050      1783         1
      1968      1352      1630      1715      1433      1428      1711      1783      1503         1
      1969      2624      2838      2859      2637      2665      2873      2891      2685         1
      1970      2392      2624      2637      2414      2430      2665      2685      2449         1
      1971      2159      2392      2414      2186      2206      2430      2449      2228         1
      1972      1904      2159      2186      1927      1951      2206      2228      1988         1
      1973      1598      1904      1927      1630      1675      1951      1988      1711         1
      1974      1300      1598      1630      1352      1383      1675      1711      1428         1
      1975      2611      2827      2838      2624      2656      2869      2873      2665         1
      1976      2380      2611      2624      2392      2424      2656      2665      2430         1
      1977      2143      2380      2392      2159      2197      2424      2430      2206         1
      1978      1884      2143      2159      1904      1939      2197      2206      1951         1
      1979      1580      1884      1904      1598      1651      1939      1951      1675         1
      1980      1281      1580      1598      1300      1373      1651      1675      1383         1
      1981      2774      2955      3008      2846      2804      2978      3030      2878         1
      1982      2551      2774      2846      2639      2594      2804      2878      2688         1
      1983      2337      2551      2639      2436      2381      2594      2688      2465         1
      1984      2125      2337      2436      2217      2170      2381      2465      2267         1
      1985      1874      2125      2217      2005      1928      2170      2267      2059         1
      1986      1601      1874      2005      1768      1677      1928      2059      1830         1
      1987      2711      2905      2955      2774      2746      2937      2978      2804         1
      1988      2473      2711      2774      2551      2518      2746      2804      2594         1
      1989      2252      2473      2551      2337      2300      2518      2594      2381         1
      1990      2024      2252      2337      2125      2066      2300      2381      2170         1
      1991      1751      2024      2125      1874      1813      2066      2170      1928         1
      1992      1460      1751      1874      1601      1534      1813      1928      1677         1
      1993      2650      2864      2905      2711      2690      2894      2937      2746         1
      1994      2416      2650      2711      2473      2451      2690      2746      2518         1
      1995      2191      2416      2473      2252      2230      2451      2518      2300         1
      1996      1933      2191      2252      2024      1991      2230      2300      2066         1
      1997      1644      1933      2024      1751      1715      1991      2066      1813         1
      1998      1363      1644      1751      1460      1433      1715      1813      1534         1
      1999      2607      2818      2864      2650      2637      2859      2894      2690         1
      2000      2370      2607      2650      2416      2414      2637      2690      2451         1
      2001      2137      2370      2416      2191      2186      2414      2451      2230         1
      2002      1869      2137      2191      1933      1927      2186      2230      1991         1
      2003      1566      1869      1933      1644      1630      1927      1991      1715         1
      2004      1274      1566      1644      1363      1352      1630      1715      1433         1
      2005      2582      2806      2818      2607      2624      2838      2859      2637         1
      2006      2350      2582      2607      2370      2392      2624      2637      2414         1
      2007      2110      2350      2370      2137      2159      2392      2414      2186         1
      2008      1836      2110      2137      1869      1904      2159      2186      1927         1
      2009      1522      1836      1869      1566      1598      1904      1927      1630         1
      2010      1234      1522      1566      1274      1300      1598      1630      1352         1
      2011      2574      2794      2806      2582      2611      2827      2838      2624         1
      2012      2334      2574      2582      2350      2380      2611      2624      2392         1
      2013      2096      2334      2350      2110      2143      2380      2392      2159         1
      2014      1820      2096      2110      1836      1884      2143      2159      1904         1
      2015      1514      1820      1836      1522      1580      1884      1904      1598         1
      2016      1211      1514      1522      1234      1281      1580      1598      1300         1
      2017      2032      2102      2208      2145      2101      2177      2270      2207         1
      2018      1948      2032      2145      2084      2038      2101      2207      2157         1
      2019      1881      1948      2084      2012      1957      2038      2157      2089         1
      2020      1800      1881      2012      1941      1901      1957      2089      2029         1
      2021      1728      1800      1941      1877      1816      1901      2029      1953         1
      2022      1636      1728      1877      1804      1743      1816      1953      1903         1
      2023      1569      1636      1804      1736      1679      1743      1903      1831         1
      2024      1500      1569      1736      1668      1603      1679      1831      1767         1
      2025      1921      2001      2102      2032      2000      2070      2177      2101         1
      2026      1842      1921      2032      1948      1922      2000      2101      2038         1
      2027      1758      1842      1948      1881      1846      1922      2038      1957         1
      2028      1678      1758      1881      1800      1773      1846      1957      1901         1
      2029      1593      1678      1800      1728      1688      1773      1901      1816         1
      2030      1510      1593      1728      1636      1607      1688      1816      1743         1
      2031      1441      1510      1636      1569      1533      1607      1743      1679         1
      2032      1371      1441      1569      1500      1462      1533      1679      1603         1
      2033      1834      1920      2001      1921      1919      1995      2070      2000         1
      2034      1741      1834      1921      1842      1839      1919      2000      1922         1
      2035      1649      1741      1842      1758      1754      1839      1922      1846         1
      2036      1561      1649      1758      1678      1667      1754      1846      1773         1
      2037      1487      1561      1678      1593      1582      1667      1773      1688         1
      2038      1400      1487      1593      1510      1504      1582      1688      1607         1
      2039      1326      1400      1510      1441      1431      1504      1607      1533         1
      2040      1255      1326      1441      1371      1361      1431      1533      1462         1
      2041      1759      1847      1920      1834      1848      1930      1995      1919         1
      2042      1670      1759      1834      1741      1770      1848      1919      1839         1
      2043      1576      1670      1741      1649      1685      1770      1839      1754         1
      2044      1492      1576      1649      1561      1595      1685      1754      1667         1
      2045      1415      1492      1561      1487      1505      1595      1667      1582         1
      2046      1321      1415      1487      1400      1429      1505      1582      1504         1
      2047      1246      1321      1400      1326      1353      1429      1504      1431         1
      2048      1176      1246      1326      1255      1273      1353      1431      1361         1
      2049      1718      1811      1847      1759      1810      1908      1930      1848         1
      2050      1615      1718      1759      1670      1725      1810      1848      1770         1
      2051      1529      1615      1670      1576      1625      1725      1770      1685         1
      2052      1444      1529      1576      1492      1544      1625      1685      1595         1
      2053      1367      1444      1492      1415      1456      1544      1595      1505         1
      2054      1270      1367      1415      1321      1382      1456      1505      1429         1
      2055      1198      1270      1321      1246      1301      1382      1429      1353         1
      2056      1127      1198      1246      1176      1232      1301      1353      1273         1
      2057      1699      1798      1811      1718      1799      1889      1908      1810         1
      2058      1606      1699      1718      1615      1705      1799      1810      1725         1
      2059      1517      1606      1615      1529      1611      1705      1725      1625         1
      2060      1430      1517      1529      1444      1528      1611      1625      1544         1
      2061      1349      1430      1444      1367      1446      1528      1544      1456         1
      2062      1260      1349      1367      1270      1374      1446      1456      1382         1
      2063      1185      1260      1270      1198      1280      1374      1382      1301         1
      2064      1116      1185      1198      1127      1213      1280      1301      1232         1
      2065      1947      2039      2156      2083      2032      2102      2208      2145         1
      2066      1875      1947      2083      2008      1948      2032      2145      2084         1
      2067      1794      1875      2008      1937      1881      1948      2084      2012         1
      2068      1707      1794      1937      1861      1800      1881      2012      1941         1
      2069      1619      1707      1861      1788      1728      1800      1941      1877         1
      2070      1547      1619      1788      1713      1636      1728      1877      1804         1
      2071      1470      1547      1713      1632      1569      1636      1804      1736         1
      2072      1410      1470      1632      1570      1500      1569      1736      1668         1
      2073      1841      1923      2039      1947      1921      2001      2102      2032         1
      2074      1756      1841      1947      1875      1842      1921      2032      1948         1
      2075      1664      1756      1875      1794      1758      1842      1948      1881         1
      2076      1573      1664      1794      1707      1678      1758      1881      1800         1
      2077      1496      1573      1707      1619      1593      1678      1800      1728         1
      2078      1418      1496      1619      1547      1510      1593      1728      1636         1
      2079      1334      1418      1547      1470      1441      1510      1636      1569         1
      2080      1265      1334      1470      1410      1371      1441      1569      1500         1
      2081      1740      1840      1923      1841      1834      1920      2001      1921         1
      2082      1645      1740      1841      1756      1741      1834      1921      1842         1
      2083      1555      1645      1756      1664      1649      1741      1842      1758         1
      2084      1468      1555      1664      1573      1561      1649      1758      1678         1
      2085      1386      1468      1573      1496      1487      1561      1678      1593         1
      2086      1299      1386      1496      1418      1400      1487      1593      1510         1
      2087      1226      1299      1418      1334      1326      1400      1510      1441         1
      2088      1159      1226      1334      1265      1255      1326      1441      1371         1
      2089      1671      1771      1840      1740      1759      1847      1920      1834         1
      2090      1572      1671      1740      1645      1670      1759      1834      1741         1
      2091      1483      1572      1645      1555      1576      1670      1741      1649         1
      2092      1394      1483      1555      1468      1492      1576      1649      1561         1
      2093      1304      1394      1468      1386      1415      1492      1561      1487         1
      2094      1224      1304      1386      1299      1321      1415      1487      1400         1
      2095      1146      1224      1299      1226      1246      1321      1400      1326         1
      2096      1080      1146      1226      1159      1176      1246      1326      1255         1
      2097      1616      1726      1771      1671      1718      1811      1847      1759         1
      2098      1526      1616      1671      1572      1615      1718      1759      1670         1
      2099      1442      1526      1572      1483      1529      1615      1670      1576         1
      2100      1351      1442      1483      1394      1444      1529      1576      1492         1
      2101      1258      1351      1394      1304      1367      1444      1492      1415         1
      2102      1179      1258      1304      1224      1270      1367      1415      1321         1
      2103      1105      1179      1224      1146      1198      1270      1321      1246         1
      2104      1030      1105      1146      1080      1127      1198      1246      1176         1
      2105      1605      1706      1726      1616      1699      1798      1811      1718         1
      2106      1515      1605      1616      1526      1606      1699      1718      1615         1
      2107      1426      1515      1526      1442      1517      1606      1615      1529         1
      2108      1328      1426      1442      1351      1430      1517      1529      1444         1
      2109      1244      1328      1351      1258      1349      1430      1444      1367         1
      2110      1166      1244      1258      1179      1260      1349      1367      1270         1
      2111      1095      1166      1179      1105      1185      1260      1270      1198         1
      2112      1023      1095      1105      1030      1116      1185      1198      1127         1
      2113      1880      1958      2090      2011      1947      2039      2156      2083         1
      2114      1795      1880      2011      1938      1875      1947      2083      2008         1
      2115      1704      1795      1938      1857      1794      1875      2008      1937         1
      2116      1613      1704      1857      1780      1707      1794      1937      1861         1
      2117      1535      1613      1780      1698      1619      1707      1861      1788         1
      2118      1454      1535      1698      1618      1547      1619      1788      1713         1
      2119      1384      1454      1618      1549      1470      1547      1713      1632         1
      2120      1312      1384      1549      1481      1410      1470      1632      1570         1
      2121      1757      1845      1958      1880      1841      1923      2039      1947         1
      2122      1665      1757      1880      1795      1756      1841      1947      1875         1
      2123      1567      1665      1795      1704      1664      1756      1875      1794         1
      2124      1490      1567      1704      1613      1573      1664      1794      1707         1
      2125      1398      1490      1613      1535      1496      1573      1707      1619         1
      2126      1316      1398      1535      1454      1418      1496      1619      1547         1
      2127      1242      1316      1454      1384      1334      1418      1547      1470         1
      2128      1172      1242      1384      1312      1265      1334      1470      1410         1
      2129      1648      1755      1845      1757      1740      1840      1923      1841         1
      2130      1554      1648      1757      1665      1645      1740      1841      1756         1
      2131      1464      1554      1665      1567      1555      1645      1756      1664         1
      2132      1378      1464      1567      1490      1468      1555      1664      1573         1
      2133      1282      1378      1490      1398      1386      1468      1573      1496         1
      2134      1203      1282      1398      1316      1299      1386      1496      1418         1
      2135      1134      1203      1316      1242      1226      1299      1418      1334         1
      2136      1068      1134      1242      1172      1159      1226      1334      1265         1
      2137      1575      1684      1755      1648      1671      1771      1840      1740         1
      2138      1484      1575      1648      1554      1572      1671      1740      1645         1
      2139      1389      1484      1554      1464      1483      1572      1645      1555         1
      2140      1297      1389      1464      1378      1394      1483      1555      1468         1
      2141      1206      1297      1378      1282      1304      1394      1468      1386         1
      2142      1132      1206      1282      1203      1224      1304      1386      1299         1
      2143      1059      1132      1203      1134      1146      1224      1299      1226         1
      2144       992      1059      1134      1068      1080      1146      1226      1159         1
      2145      1530      1626      1684      1575      1616      1726      1771      1671         1
      2146      1443      1530      1575      1484      1526      1616      1671      1572         1
      2147      1347      1443      1484      1389      1442      1526      1572      1483         1
      2148      1249      1347      1389      1297      1351      1442      1483      1394         1
      2149      1167      1249      1297      1206      1258      1351      1394      1304         1
      2150      1092      1167      1206      1132      1179      1258      1304      1224         1
      2151      1017      1092      1132      1059      1105      1179      1224      1146         1
      2152       939      1017      1059       992      1030      1105      1146      1080         1
      2153      1516      1609      1626      1530      1605      1706      1726      1616         1
      2154      1427      1516      1530      1443      1515      1605      1616      1526         1
      2155      1324      1427      1443      1347      1426      1515      1526      1442         1
      2156      1239      1324      1347      1249      1328      1426      1442      1351         1
      2157      1148      1239      1249      1167      1244      1328      1351      1258         1
      2158      1074      1148      1167      1092      1166      1244      1258      1179         1
      2159      1000      1074      1092      1017      1095      1166      1179      1105         1
      2160       933      1000      1017       939      1023      1095      1105      1030         1
      2161      1801      1900      2028      1942      1880      1958      2090      2011         1
      2162      1708      1801      1942      1860      1795      1880      2011      1938         1
      2163      1614      1708      1860      1781      1704      1795      1938      1857         1
      2164      1531      1614      1781      1696      1613      1704      1857      1780         1
      2165      1451      1531      1696      1610      1535      1613      1780      1698         1
      2166      1376      1451      1610      1537      1454      1535      1698      1618         1
      2167      1284      1376      1537      1458      1384      1454      1618      1549         1
      2168      1217      1284      1458      1390      1312      1384      1549      1481         1
      2169      1676      1772      1900      1801      1757      1845      1958      1880         1
      2170      1574      1676      1801      1708      1665      1757      1880      1795         1
      2171      1489      1574      1708      1614      1567      1665      1795      1704         1
      2172      1396      1489      1614      1531      1490      1567      1704      1613         1
      2173      1308      1396      1531      1451      1398      1490      1613      1535         1
      2174      1227      1308      1451      1376      1316      1398      1535      1454         1
      2175      1150      1227      1376      1284      1242      1316      1454      1384         1
      2176      1084      1150      1284      1217      1172      1242      1384      1312         1
      2177      1562      1666      1772      1676      1648      1755      1845      1757         1
      2178      1467      1562      1676      1574      1554      1648      1757      1665         1
      2179      1379      1467      1574      1489      1464      1554      1665      1567         1
      2180      1279      1379      1489      1396      1378      1464      1567      1490         1
      2181      1196      1279      1396      1308      1282      1378      1490      1398         1
      2182      1121      1196      1308      1227      1203      1282      1398      1316         1
      2183      1039      1121      1227      1150      1134      1203      1316      1242         1
      2184       979      1039      1150      1084      1068      1134      1242      1172         1
      2185      1491      1596      1666      1562      1575      1684      1755      1648         1
      2186      1395      1491      1562      1467      1484      1575      1648      1554         1
      2187      1296      1395      1467      1379      1389      1484      1554      1464         1
      2188      1202      1296      1379      1279      1297      1389      1464      1378         1
      2189      1123      1202      1279      1196      1206      1297      1378      1282         1
      2190      1038      1123      1196      1121      1132      1206      1282      1203         1
      2191       967      1038      1121      1039      1059      1132      1203      1134         1
      2192       900       967      1039       979       992      1059      1134      1068         1
      2193      1445      1543      1596      1491      1530      1626      1684      1575         1
      2194      1350      1445      1491      1395      1443      1530      1575      1484         1
      2195      1250      1350      1395      1296      1347      1443      1484      1389         1
      2196      1162      1250      1296      1202      1249      1347      1389      1297         1
      2197      1079      1162      1202      1123      1167      1249      1297      1206         1
      2198      1007      1079      1123      1038      1092      1167      1206      1132         1
      2199       928      1007      1038       967      1017      1092      1132      1059         1
      2200       864       928       967       900       939      1017      1059       992         1
      2201      1432      1527      1543      1445      1516      1609      1626      1530         1
      2202      1327      1432      1445      1350      1427      1516      1530      1443         1
      2203      1238      1327      1350      1250      1324      1427      1443      1347         1
      2204      1143      1238      1250      1162      1239      1324      1347      1249         1
      2205      1067      1143      1162      1079      1148      1239      1249      1167         1
      2206       985      1067      1079      1007      1074      1148      1167      1092         1
      2207       904       985      1007       928      1000      1074      1092      1017         1
      2208       845       904       928       864       933      1000      1017       939         1
      2209      1727      1817      1954      1876      1801      1900      2028      1942         1
      2210      1620      1727      1876      1789      1708      1801      1942      1860         1
      2211      1536      1620      1789      1697      1614      1708      1860      1781         1
      2212      1450      1536      1697      1612      1531      1614      1781      1696         1
      2213      1372      1450      1612      1532      1451      1531      1696      1610         1
      2214      1278      1372      1532      1453      1376      1451      1610      1537         1
      2215      1201      1278      1453      1380      1284      1376      1537      1458         1
      2216      1135      1201      1380      1303      1217      1284      1458      1390         1
      2217      1594      1689      1817      1727      1676      1772      1900      1801         1
      2218      1495      1594      1727      1620      1574      1676      1801      1708         1
      2219      1397      1495      1620      1536      1489      1574      1708      1614         1
      2220      1311      1397      1536      1450      1396      1489      1614      1531         1
      2221      1220      1311      1450      1372      1308      1396      1531      1451         1
      2222      1142      1220      1372      1278      1227      1308      1451      1376         1
      2223      1071      1142      1278      1201      1150      1227      1376      1284         1
      2224      1002      1071      1201      1135      1084      1150      1284      1217         1
      2225      1488      1581      1689      1594      1562      1666      1772      1676         1
      2226      1387      1488      1594      1495      1467      1562      1676      1574         1
      2227      1283      1387      1495      1397      1379      1467      1574      1489         1
      2228      1195      1283      1397      1311      1279      1379      1489      1396         1
      2229      1120      1195      1311      1220      1196      1279      1396      1308         1
      2230      1035      1120      1220      1142      1121      1196      1308      1227         1
      2231       962      1035      1142      1071      1039      1121      1227      1150         1
      2232       892       962      1071      1002       979      1039      1150      1084         1
      2233      1414      1506      1581      1488      1491      1596      1666      1562         1
      2234      1305      1414      1488      1387      1395      1491      1562      1467         1
      2235      1205      1305      1387      1283      1296      1395      1467      1379         1
      2236      1124      1205      1283      1195      1202      1296      1379      1279         1
      2237      1036      1124      1195      1120      1123      1202      1279      1196         1
      2238       957      1036      1120      1035      1038      1123      1196      1121         1
      2239       886       957      1035       962       967      1038      1121      1039         1
      2240       822       886       962       892       900       967      1039       979         1
      2241      1366      1457      1506      1414      1445      1543      1596      1491         1
      2242      1257      1366      1414      1305      1350      1445      1491      1395         1
      2243      1168      1257      1305      1205      1250      1350      1395      1296         1
      2244      1078      1168      1205      1124      1162      1250      1296      1202         1
      2245       999      1078      1124      1036      1079      1162      1202      1123         1
      2246       921       999      1036       957      1007      1079      1123      1038         1
      2247       850       921       957       886       928      1007      1038       967         1
      2248       783       850       886       822       864       928       967       900         1
      2249      1348      1447      1457      1366      1432      1527      1543      1445         1
      2250      1245      1348      1366      1257      1327      1432      1445      1350         1
      2251      1149      1245      1257      1168      1238      1327      1350      1250         1
      2252      1066      1149      1168      1078      1143      1238      1250      1162         1
      2253       980      1066      1078       999      1067      1143      1162      1079         1
      2254       901       980       999       921       985      1067      1079      1007         1
      2255       837       901       921       850       904       985      1007       928         1
      2256       763       837       850       783       845       904       928       864         1
      2257      1635      1742      1902      1805      1727      1817      1954      1876         1
      2258      1546      1635      1805      1712      1620      1727      1876      1789         1
      2259      1455      1546      1712      1617      1536      1620      1789      1697         1
      2260      1375      1455      1617      1538      1450      1536      1697      1612         1
      2261      1277      1375      1538      1452      1372      1450      1612      1532         1
      2262      1199      1277      1452      1377      1278      1372      1532      1453         1
      2263      1125      1199      1377      1294      1201      1278      1453      1380         1
      2264      1056      1125      1294      1222      1135      1201      1380      1303         1
      2265      1509      1608      1742      1635      1594      1689      1817      1727         1
      2266      1419      1509      1635      1546      1495      1594      1727      1620         1
      2267      1317      1419      1546      1455      1397      1495      1620      1536         1
      2268      1228      1317      1455      1375      1311      1397      1536      1450         1
      2269      1141      1228      1375      1277      1220      1311      1450      1372         1
      2270      1070      1141      1277      1199      1142      1220      1372      1278         1
      2271       997      1070      1199      1125      1071      1142      1278      1201         1
      2272       924       997      1125      1056      1002      1071      1201      1135         1
      2273      1401      1503      1608      1509      1488      1581      1689      1594         1
      2274      1298      1401      1509      1419      1387      1488      1594      1495         1
      2275      1204      1298      1419      1317      1283      1387      1495      1397         1
      2276      1122      1204      1317      1228      1195      1283      1397      1311         1
      2277      1034      1122      1228      1141      1120      1195      1311      1220         1
      2278       955      1034      1141      1070      1035      1120      1220      1142         1
      2279       884       955      1070       997       962      1035      1142      1071         1
      2280       814       884       997       924       892       962      1071      1002         1
      2281      1320      1428      1503      1401      1414      1506      1581      1488         1
      2282      1223      1320      1401      1298      1305      1414      1488      1387         1
      2283      1131      1223      1298      1204      1205      1305      1387      1283         1
      2284      1037      1131      1204      1122      1124      1205      1283      1195         1
      2285       956      1037      1122      1034      1036      1124      1195      1120         1
      2286       882       956      1034       955       957      1036      1120      1035         1
      2287       803       882       955       884       886       957      1035       962         1
      2288       739       803       884       814       822       886       962       892         1
      2289      1269      1383      1428      1320      1366      1457      1506      1414         1
      2290      1180      1269      1320      1223      1257      1366      1414      1305         1
      2291      1093      1180      1223      1131      1168      1257      1305      1205         1
      2292      1006      1093      1131      1037      1078      1168      1205      1124         1
      2293       922      1006      1037       956       999      1078      1124      1036         1
      2294       843       922       956       882       921       999      1036       957         1
      2295       775       843       882       803       850       921       957       886         1
      2296       705       775       803       739       783       850       886       822         1
      2297      1259      1373      1383      1269      1348      1447      1457      1366         1
      2298      1165      1259      1269      1180      1245      1348      1366      1257         1
      2299      1073      1165      1180      1093      1149      1245      1257      1168         1
      2300       986      1073      1093      1006      1066      1149      1168      1078         1
      2301       902       986      1006       922       980      1066      1078       999         1
      2302       832       902       922       843       901       980       999       921         1
      2303       756       832       843       775       837       901       921       850         1
      2304       680       756       775       705       763       837       850       783         1
      2305      1568      1677      1830      1737      1635      1742      1902      1805         1
      2306      1469      1568      1737      1631      1546      1635      1805      1712         1
      2307      1385      1469      1631      1548      1455      1546      1712      1617         1
      2308      1285      1385      1548      1459      1375      1455      1617      1538         1
      2309      1200      1285      1459      1381      1277      1375      1538      1452         1
      2310      1126      1200      1381      1295      1199      1277      1452      1377         1
      2311      1051      1126      1295      1219      1125      1199      1377      1294         1
      2312       982      1051      1219      1145      1056      1125      1294      1222         1
      2313      1440      1534      1677      1568      1509      1608      1742      1635         1
      2314      1333      1440      1568      1469      1419      1509      1635      1546         1
      2315      1243      1333      1469      1385      1317      1419      1546      1455         1
      2316      1151      1243      1385      1285      1228      1317      1455      1375         1
      2317      1072      1151      1285      1200      1141      1228      1375      1277         1
      2318       998      1072      1200      1126      1070      1141      1277      1199         1
      2319       920       998      1126      1051       997      1070      1199      1125         1
      2320       854       920      1051       982       924       997      1125      1056         1
      2321      1325      1433      1534      1440      1401      1503      1608      1509         1
      2322      1225      1325      1440      1333      1298      1401      1509      1419         1
      2323      1133      1225      1333      1243      1204      1298      1419      1317         1
      2324      1040      1133      1243      1151      1122      1204      1317      1228         1
      2325       963      1040      1151      1072      1034      1122      1228      1141         1
      2326       883       963      1072       998       955      1034      1141      1070         1
      2327       809       883       998       920       884       955      1070       997         1
      2328       743       809       920       854       814       884       997       924         1
      2329      1247      1352      1433      1325      1320      1428      1503      1401         1
      2330      1147      1247      1325      1225      1223      1320      1401      1298         1
      2331      1058      1147      1225      1133      1131      1223      1298      1204         1
      2332       966      1058      1133      1040      1037      1131      1204      1122         1
      2333       885       966      1040       963       956      1037      1122      1034         1
      2334       804       885       963       883       882       956      1034       955         1
      2335       738       804       883       809       803       882       955       884         1
      2336       659       738       809       743       739       803       884       814         1
      2337      1197      1300      1352      1247      1269      1383      1428      1320         1
      2338      1106      1197      1247      1147      1180      1269      1320      1223         1
      2339      1016      1106      1147      1058      1093      1180      1223      1131         1
      2340       927      1016      1058       966      1006      1093      1131      1037         1
      2341       851       927       966       885       922      1006      1037       956         1
      2342       774       851       885       804       843       922       956       882         1
      2343       699       774       804       738       775       843       882       803         1
      2344       626       699       738       659       705       775       803       739         1
      2345      1186      1281      1300      1197      1259      1373      1383      1269         1
      2346      1094      1186      1197      1106      1165      1259      1269      1180         1
      2347      1001      1094      1106      1016      1073      1165      1180      1093         1
      2348       903      1001      1016       927       986      1073      1093      1006         1
      2349       838       903       927       851       902       986      1006       922         1
      2350       757       838       851       774       832       902       922       843         1
      2351       678       757       774       699       756       832       843       775         1
      2352       606       678       699       626       680       756       775       705         1
      2353      1499      1601      1768      1669      1568      1677      1830      1737         1
      2354      1408      1499      1669      1571      1469      1568      1737      1631         1
      2355      1309      1408      1571      1482      1385      1469      1631      1548         1
      2356      1218      1309      1482      1391      1285      1385      1548      1459         1
      2357      1136      1218      1391      1302      1200      1285      1459      1381         1
      2358      1055      1136      1302      1221      1126      1200      1381      1295         1
      2359       981      1055      1221      1144      1051      1126      1295      1219         1
      2360       909       981      1144      1076       982      1051      1219      1145         1
      2361      1368      1460      1601      1499      1440      1534      1677      1568         1
      2362      1266      1368      1499      1408      1333      1440      1568      1469         1
      2363      1170      1266      1408      1309      1243      1333      1469      1385         1
      2364      1086      1170      1309      1218      1151      1243      1385      1285         1
      2365      1005      1086      1218      1136      1072      1151      1285      1200         1
      2366       923      1005      1136      1055       998      1072      1200      1126         1
      2367       853       923      1055       981       920       998      1126      1051         1
      2368       786       853       981       909       854       920      1051       982         1
      2369      1253      1363      1460      1368      1325      1433      1534      1440         1
      2370      1161      1253      1368      1266      1225      1325      1440      1333         1
      2371      1065      1161      1266      1170      1133      1225      1333      1243         1
      2372       976      1065      1170      1086      1040      1133      1243      1151         1
      2373       891       976      1086      1005       963      1040      1151      1072         1
      2374       817       891      1005       923       883       963      1072       998         1
      2375       746       817       923       853       809       883       998       920         1
      2376       665       746       853       786       743       809       920       854         1
      2377      1175      1274      1363      1253      1247      1352      1433      1325         1
      2378      1083      1175      1253      1161      1147      1247      1325      1225         1
      2379       991      1083      1161      1065      1058      1147      1225      1133         1
      2380       899       991      1065       976       966      1058      1133      1040         1
      2381       821       899       976       891       885       966      1040       963         1
      2382       740       821       891       817       804       885       963       883         1
      2383       660       740       817       746       738       804       883       809         1
      2384       594       660       746       665       659       738       809       743         1
      2385      1128      1234      1274      1175      1197      1300      1352      1247         1
      2386      1031      1128      1175      1083      1106      1197      1247      1147         1
      2387       942      1031      1083       991      1016      1106      1147      1058         1
      2388       866       942       991       899       927      1016      1058       966         1
      2389       782       866       899       821       851       927       966       885         1
      2390       703       782       821       740       774       851       885       804         1
      2391       624       703       740       660       699       774       804       738         1
      2392       554       624       660       594       626       699       738       659         1
      2393      1118      1211      1234      1128      1186      1281      1300      1197         1
      2394      1024      1118      1128      1031      1094      1186      1197      1106         1
      2395       936      1024      1031       942      1001      1094      1106      1016         1
      2396       847       936       942       866       903      1001      1016       927         1
      2397       764       847       866       782       838       903       927       851         1
      2398       679       764       782       703       757       838       851       774         1
      2399       604       679       703       624       678       757       774       699         1
      2400       537       604       624       554       606       678       699       626         1
 end elements
 mesh dimension            3  elemtype Hexahedra nnode 8
 coordinates
 end coordinates
 elements
      2401      1746      1687      1668      1736      1844      1775      1767      1831         2
      2402      1819      1746      1736      1804      1911      1844      1831      1903         2
      2403      1896      1819      1804      1877      1963      1911      1903      1953         2
      2404      1950      1896      1877      1941      2040      1963      1953      2029         2
      2405      2031      1950      1941      2012      2093      2040      2029      2089         2
      2406      2092      2031      2012      2084      2162      2093      2089      2157         2
      2407      2160      2092      2084      2145      2215      2162      2157      2207         2
      2408      2216      2160      2145      2208      2284      2215      2207      2270         2
      2409      1761      1695      1687      1746      1849      1787      1775      1844         2
      2410      1832      1761      1746      1819      1918      1849      1844      1911         2
      2411      1907      1832      1819      1896      1978      1918      1911      1963         2
      2412      1961      1907      1896      1950      2047      1978      1963      2040         2
      2413      2043      1961      1950      2031      2105      2047      2040      2093         2
      2414      2100      2043      2031      2092      2174      2105      2093      2162         2
      2415      2169      2100      2092      2160      2224      2174      2162      2215         2
      2416      2223      2169      2160      2216      2291      2224      2215      2284         2
      2417      1653      1583      1570      1632      1746      1687      1668      1736         2
      2418      1731      1653      1632      1713      1819      1746      1736      1804         2
      2419      1803      1731      1713      1788      1896      1819      1804      1877         2
      2420      1879      1803      1788      1861      1950      1896      1877      1941         2
      2421      1946      1879      1861      1937      2031      1950      1941      2012         2
      2422      2027      1946      1937      2008      2092      2031      2012      2084         2
      2423      2091      2027      2008      2083      2160      2092      2084      2145         2
      2424      2161      2091      2083      2156      2216      2160      2145      2208         2
      2425      1673      1600      1583      1653      1761      1695      1687      1746         2
      2426      1739      1673      1653      1731      1832      1761      1746      1819         2
      2427      1815      1739      1731      1803      1907      1832      1819      1896         2
      2428      1899      1815      1803      1879      1961      1907      1896      1950         2
      2429      1956      1899      1879      1946      2043      1961      1950      2031         2
      2430      2033      1956      1946      2027      2100      2043      2031      2092         2
      2431      2099      2033      2027      2091      2169      2100      2092      2160         2
      2432      2175      2099      2091      2161      2223      2169      2160      2216         2
      2433      1558      1498      1481      1549      1653      1583      1570      1632         2
      2434      1627      1558      1549      1618      1731      1653      1632      1713         2
      2435      1716      1627      1618      1698      1803      1731      1713      1788         2
      2436      1797      1716      1698      1780      1879      1803      1788      1861         2
      2437      1862      1797      1780      1857      1946      1879      1861      1937         2
      2438      1945      1862      1857      1938      2027      1946      1937      2008         2
      2439      2030      1945      1938      2011      2091      2027      2008      2083         2
      2440      2094      2030      2011      2090      2161      2091      2083      2156         2
      2441      1578      1507      1498      1558      1673      1600      1583      1653         2
      2442      1647      1578      1558      1627      1739      1673      1653      1731         2
      2443      1733      1647      1627      1716      1815      1739      1731      1803         2
      2444      1806      1733      1716      1797      1899      1815      1803      1879         2
      2445      1886      1806      1797      1862      1956      1899      1879      1946         2
      2446      1955      1886      1862      1945      2033      1956      1946      2027         2
      2447      2042      1955      1945      2030      2099      2033      2027      2091         2
      2448      2106      2042      2030      2094      2175      2099      2091      2161         2
      2449      1472      1413      1390      1458      1558      1498      1481      1549         2
      2450      1551      1472      1458      1537      1627      1558      1549      1618         2
      2451      1622      1551      1537      1610      1716      1627      1618      1698         2
      2452      1709      1622      1610      1696      1797      1716      1698      1780         2
      2453      1796      1709      1696      1781      1862      1797      1780      1857         2
      2454      1878      1796      1781      1860      1945      1862      1857      1938         2
      2455      1949      1878      1860      1942      2030      1945      1938      2011         2
      2456      2041      1949      1942      2028      2094      2030      2011      2090         2
      2457      1493      1425      1413      1472      1578      1507      1498      1558         2
      2458      1560      1493      1472      1551      1647      1578      1558      1627         2
      2459      1634      1560      1551      1622      1733      1647      1627      1716         2
      2460      1729      1634      1622      1709      1806      1733      1716      1797         2
      2461      1807      1729      1709      1796      1886      1806      1797      1862         2
      2462      1898      1807      1796      1878      1955      1886      1862      1945         2
      2463      1962      1898      1878      1949      2042      1955      1945      2030         2
      2464      2046      1962      1949      2041      2106      2042      2030      2094         2
      2465      1392      1318      1303      1380      1472      1413      1390      1458         2
      2466      1465      1392      1380      1453      1551      1472      1458      1537         2
      2467      1545      1465      1453      1532      1622      1551      1537      1610         2
      2468      1621      1545      1532      1612      1709      1622      1610      1696         2
      2469      1717      1621      1612      1697      1796      1709      1696      1781         2
      2470      1802      1717      1697      1789      1878      1796      1781      1860         2
      2471      1897      1802      1789      1876      1949      1878      1860      1942         2
      2472      1964      1897      1876      1954      2041      1949      1942      2028         2
      2473      1416      1332      1318      1392      1493      1425      1413      1472         2
      2474      1486      1416      1392      1465      1560      1493      1472      1551         2
      2475      1556      1486      1465      1545      1634      1560      1551      1622         2
      2476      1633      1556      1545      1621      1729      1634      1622      1709         2
      2477      1732      1633      1621      1717      1807      1729      1709      1796         2
      2478      1814      1732      1717      1802      1898      1807      1796      1878         2
      2479      1906      1814      1802      1897      1962      1898      1878      1949         2
      2480      1977      1906      1897      1964      2046      1962      1949      2041         2
      2481      1314      1240      1222      1294      1392      1318      1303      1380         2
      2482      1388      1314      1294      1377      1465      1392      1380      1453         2
      2483      1466      1388      1377      1452      1545      1465      1453      1532         2
      2484      1550      1466      1452      1538      1621      1545      1532      1612         2
      2485      1628      1550      1538      1617      1717      1621      1612      1697         2
      2486      1730      1628      1617      1712      1802      1717      1697      1789         2
      2487      1818      1730      1712      1805      1897      1802      1789      1876         2
      2488      1912      1818      1805      1902      1964      1897      1876      1954         2
      2489      1322      1251      1240      1314      1416      1332      1318      1392         2
      2490      1399      1322      1314      1388      1486      1416      1392      1465         2
      2491      1485      1399      1388      1466      1556      1486      1465      1545         2
      2492      1559      1485      1466      1550      1633      1556      1545      1621         2
      2493      1646      1559      1550      1628      1732      1633      1621      1717         2
      2494      1738      1646      1628      1730      1814      1732      1717      1802         2
      2495      1833      1738      1730      1818      1906      1814      1802      1897         2
      2496      1917      1833      1818      1912      1977      1906      1897      1964         2
      2497      1237      1163      1145      1219      1314      1240      1222      1294         2
      2498      1315      1237      1219      1295      1388      1314      1294      1377         2
      2499      1393      1315      1295      1381      1466      1388      1377      1452         2
      2500      1471      1393      1381      1459      1550      1466      1452      1538         2
      2501      1557      1471      1459      1548      1628      1550      1538      1617         2
      2502      1652      1557      1548      1631      1730      1628      1617      1712         2
      2503      1747      1652      1631      1737      1818      1730      1712      1805         2
      2504      1843      1747      1737      1830      1912      1818      1805      1902         2
      2505      1248      1177      1163      1237      1322      1251      1240      1314         2
      2506      1323      1248      1237      1315      1399      1322      1314      1388         2
      2507      1417      1323      1315      1393      1485      1399      1388      1466         2
      2508      1494      1417      1393      1471      1559      1485      1466      1550         2
      2509      1577      1494      1471      1557      1646      1559      1550      1628         2
      2510      1672      1577      1557      1652      1738      1646      1628      1730         2
      2511      1760      1672      1652      1747      1833      1738      1730      1818         2
      2512      1850      1760      1747      1843      1917      1833      1818      1912         2
      2513      1164      1096      1076      1144      1237      1163      1145      1219         2
      2514      1241      1164      1144      1221      1315      1237      1219      1295         2
      2515      1319      1241      1221      1302      1393      1315      1295      1381         2
      2516      1412      1319      1302      1391      1471      1393      1381      1459         2
      2517      1497      1412      1391      1482      1557      1471      1459      1548         2
      2518      1584      1497      1482      1571      1652      1557      1548      1631         2
      2519      1686      1584      1571      1669      1747      1652      1631      1737         2
      2520      1774      1686      1669      1768      1843      1747      1737      1830         2
      2521      1178      1107      1096      1164      1248      1177      1163      1237         2
      2522      1252      1178      1164      1241      1323      1248      1237      1315         2
      2523      1331      1252      1241      1319      1417      1323      1315      1393         2
      2524      1424      1331      1319      1412      1494      1417      1393      1471         2
      2525      1508      1424      1412      1497      1577      1494      1471      1557         2
      2526      1599      1508      1497      1584      1672      1577      1557      1652         2
      2527      1694      1599      1584      1686      1760      1672      1652      1747         2
      2528      1786      1694      1686      1774      1850      1760      1747      1843         2
 end elements
 mesh dimension            3  elemtype Linear  nnode 2
 coordinates
 end coordinates
 elements
      2529      3269      3265         3
      2530      3265      3261         3
      2531      3261      3257         3
      2532      3257      3254         3
      2533      3268      3263         3
      2534      3263      3259         3
      2535      3259      3255         3
      2536      3255      3251         3
      2537      3267      3264         3
      2538      3264      3260         3
      2539      3260      3256         3
      2540      3256      3252         3
      2541      3266      3262         3
      2542      3262      3258         3
      2543      3258      3253         3
      2544      3253      3250         3
 end elements
