 mesh dimension = 3 elemtype quadrilateral nnode = 4
 coordinates
       1        120.00974700         -5.99981053        144.99987036
       2       -230.00024700        -23.15937250        122.12186200
       3         36.00041800          3.89944550        122.99918100
       4         39.00042097         -0.00021394        118.99922014
       5         39.00042097          1.29705952         41.00999973
       6       -209.99958000        -23.15937250        122.12186200
       7       -209.99958035        -39.62997173        100.00990967
       8       -229.99679692        -39.62997173        100.00929557
       9       -209.99958000        -14.85594156        133.19210266
      10       -230.00024700        -14.85594156        133.19210266
      11       -209.99958000         -6.00000121        144.99987036
      12       -230.00024700         -6.00000121        144.99987036
      13       -207.49959200        -23.15937250        122.12186200
      14       -207.49730184        -39.62997170        100.00964383
      15       -207.49730179         -1.60000000        100.00964382
      16       -209.99958035         -1.60000000        100.00990967
      17       -229.99679692         -1.60000000        100.00929557
      18       -230.00024700         -6.00000121        152.50000320
      19       -230.00024700         -6.00000121        153.00000059
      20       -207.49959200         -6.00000121        152.49877537
      21       -207.49959200         -6.00000121        153.00000059
      22       -207.49959200         -6.00000121        144.99987036
      23       -207.49959200        -14.85594156        133.19210266
      24       -209.99958035         -6.00000121        152.50000320
      25       -209.99958035         -6.00000121        153.00000059
      26       -239.98958200        -14.85594156        133.19210266
      27       -239.98441121        -33.65064368        108.50890730
      28       -239.98958200        -23.15937250        122.12186390
      29       -239.98441121         -1.60000000        108.50890730
      30       -239.98958174         -6.00000121        144.99987036
      31       -239.98958174         -6.00000121        153.00000059
      32       -239.98958174         -6.00000121        152.50000320
      33       -179.98957896         -6.00000121        152.49877537
      34       -179.98957896         -6.00000121        144.99987036
      35         39.00042097        -94.18093873         41.00977649
      36         39.00042097        -94.18093851         44.95003000
      37       -177.49136759         -1.50620582         84.69559292
      38          0.01000000        -28.07340750        122.87186700
      39       -141.65003100         -6.00000121        144.99987036
      40        120.00974700        -23.13927500        122.12186138
      41       -149.99957800        -14.85594156        133.19210266
      42       -149.99957800        -23.15937250        122.12186200
      43       -141.65003100        -51.70205950         84.99950500
      44       -149.99957800        -51.70205950         84.99950500
      45       -179.98957896         -6.00000121        153.00000059
      46       -179.98957900        -14.85594156        133.19210266
      47       -179.98957900        -23.15937255        122.12186253
      48       -179.98616120        -50.77538108         86.30941027
      49       -149.99477541         -1.59968306         69.27125663
      50        120.00619329         -1.59981397         94.00924954
      51        120.00619329        -44.12978087         94.00924972
      52        120.00974700        -14.70109130        133.38478091
      53       -179.98504243         -1.60000008         86.30841805
      54       -135.00024600         -6.00000121        152.50000320
      55       -135.00024600         -6.00000121        153.00000059
      56       -135.00024600         -6.00000121        144.99987036
      57       -135.00024600        -23.15937250        122.12186200
      58       -135.00024600        -14.85594156        133.19210266
      59       -177.49124717        -51.75042356         84.69580761
      60       -135.00024600        -51.70205950         84.99950500
      61       -134.99540490        -77.17597284         54.20865794
      62       -141.65003100         -6.00000121        153.00000059
      63       -119.98783035        -77.18167954         54.20981199
      64       -119.98958082         -6.00000121        153.00000059
      65       -119.98958082         -6.00000121        152.50000320
      66       -141.64321113         -1.60053506         64.80955817
      67       -119.98958082         -6.00000121        144.99987036
      68       -119.98958100        -14.85594156        133.19210266
      69       -119.98958100        -23.15937250        122.12186200
      70       -119.98958100        -51.70205950         84.99950528
      71       -177.49102751         -1.59999997         85.00468889
      72       -134.99540430         -1.77091061         54.20865755
      73       -141.65003100        -14.85594156        133.19210266
      74       -141.65003100         -6.00000121        152.50000320
      75       -141.64321099        -68.91897038         64.80955805
      76       -141.65003100        -23.15937250        122.12186200
      77       -149.99957756         -6.00000121        152.49877537
      78       -149.99957756         -6.00000121        144.99987036
      79       -149.99477504        -65.03128720         69.27125643
      80       -119.98782949         -1.60022624         54.20981182
      81       -177.50000000        -14.85594156        133.19210266
      82       -177.50000000         -6.00000121        153.00000059
      83       -177.50000000         -6.00000121        144.99987036
      84       -177.50000000         -6.00000121        152.49877537
      85       -177.43199418        -50.90536689         85.83296346
      86       -177.50000000        -23.15937250        122.12186200
      87       -149.99957756         -6.00000121        153.00000059
      88        109.87508100        -23.13927496        122.12186200
      89        109.87508100        -14.70109130        133.38478091
      90       -114.00024400         -6.00000121        153.00000059
      91       -114.00024400         -6.00000121        152.50000320
      92       -114.00024400        -14.85594156        133.19210266
      93       -114.00024400        -23.15937250        122.12186200
      94       -114.00024400        -51.70205950         84.99950500
      95        -89.99957943         -6.00000121        153.00000059
      96        -59.98997906         -6.00000121        153.00000059
      97        -59.98997906         -6.00000121        152.50000320
      98        -89.99957943         -6.00000121        152.50000320
      99        -59.98997906         -6.00000121        144.99987036
     100         90.05042400        -14.70109130        133.38478091
     101         90.05042427         -5.99981053        144.99987036
     102         90.05042400        -23.13927496        122.12186200
     103        -89.99957943         -6.00000121        144.99987036
     104        -59.98997900        -14.85594156        133.19210266
     105        -89.99957900        -14.85594156        133.19210266
     106        -59.98997900        -23.15937250        122.12186200
     107        -89.99957900        -23.15937250        122.12186200
     108        -59.98997900        -51.70205950         84.99950500
     109        -89.99957900        -51.70205950         84.99950500
     110        -59.98997900        -80.54518939         48.95003088
     111        -89.99957900        -80.54518939         49.45003027
     112        -59.98949677        -83.99915160         45.00998932
     113        -89.99824730        -83.99915159         45.50991060
     114        -90.61557961        -83.87997078         45.66775191
     115        -94.99611896        -80.87997063         49.50901748
     116        -95.00024600        -51.70205950         84.99950500
     117        -95.00024600        -23.15937250        122.12186200
     118        -95.00024600        -14.85594156        133.19210266
     119        -95.00024600         -6.00000121        144.99987036
     120       -113.99785581        -79.07997064         52.00961930
     121        -95.00024600         -6.00000121        152.50000320
     122        -95.00024600         -6.00000121        153.00000059
     123         86.01997300        -23.13927496        122.12186200
     124         86.01997300        -14.70109130        133.38478091
     125       -113.99785581         -1.59986406         52.00961930
     126        -59.98949673          1.29687357         45.00998932
     127        -89.99824752          1.29687341         45.50991063
     128        -94.99611898         -1.59986422         49.50901749
     129        -90.61557982          1.29720177         45.66775203
     130       -114.00024400         -6.00000121        144.99987036
     131          0.01000000          1.29705952         41.00999973
     132          0.01000000        -83.99915169         41.00999973
     133          0.01000000        -94.18093873         41.00977600
     134          0.01000000        -80.54518939         44.95003027
     135          0.01000000        -94.18093851         84.88756809
     136          0.01000000        -94.18093851         44.95003000
     137          0.01000000        -14.44494156        133.19210266
     138         -5.99958100        -28.07340750        151.49999900
     139         -5.99958100        -28.07340750        122.87186700
     140         -5.99958112        -12.08697851        151.49999912
     141         -5.99958112        -14.44494156        133.19210266
     142        -20.99957900        -28.07340750        151.49999900
     143        -20.99957900        -28.07340750        122.87186700
     144        -20.99957949        -12.08697851        151.49998982
     145        -20.99957949        -14.44494156        133.19210266
     146        -23.99958009        -28.07340750        151.49999900
     147        -23.99958000        -28.07340750        122.87186700
     148        -23.99958009        -12.08697851        151.49998982
     149        -23.99958009        -14.44494156        133.19210266
     150         -8.99957939        -28.07340750        151.49999900
     151         -8.99957900        -28.07340750        122.87186700
     152         -8.99957939        -12.08697851        151.49999912
     153         -8.99957939        -14.44494156        133.19210266
     154         -5.99958112          0.00018650        151.49999900
     155         -5.99958100          3.99974650        151.49999900
     156        -20.99957949          0.00018650        151.49999900
     157        -20.99957900          3.99974650        151.49999900
     158        -23.99958009          0.00018650        151.49999900
     159        -23.99958000          3.99974650        151.49999900
     160         -8.99957939          0.00018650        151.49999900
     161         -8.99957900          3.99974650        151.49999900
     162         -8.99957900          3.99974650        131.50099658
     163         -8.99957939         -2.48008583        134.64146536
     164         -8.99957900         -0.00021394        118.99922014
     165         -8.99957900          3.89944550        122.99918100
     166        -23.99958000          3.99974650        131.50099658
     167        -23.99958000         -0.00021394        118.99922014
     168        -23.99958000          3.89944550        122.99918100
     169        -20.99957900          3.99974650        131.50099658
     170        -20.99957949         -2.48008583        134.64146536
     171        -20.99957900         -0.00021394        118.99922014
     172        -20.99957900          3.89944550        122.99918100
     173         -5.99958100          3.99974650        131.50099658
     174         -5.99958112         -2.48008583        134.64146536
     175         -5.99958100         -0.00021394        118.99922014
     176         -5.99958100          3.89944550        122.99918100
     177          0.01000000        -51.70205950         84.99950500
     178        -38.99957846         -6.00000121        153.00000059
     179        -38.99957846          0.00000000        153.00000059
     180        -38.99957846         -6.00000121        152.50000320
     181          0.01000000         -2.48008583        134.64146536
     182          0.01000000         -0.00021394        118.99922014
     183        -38.99957846          3.99974655        152.50000300
     184        -38.99957846        -94.18093873         43.32977649
     185        -38.99931244        -83.99915165         43.32999619
     186        -38.99957846          3.99974655        144.99987000
     187        -38.99957800        -47.85937250        122.12186200
     188        -38.99957800        -22.82337250        122.12186200
     189        -38.99957846        -27.99993743        147.76326907
     190        -38.99957846          0.00000000        144.99987000
     191        -35.99958000        -22.82337250        122.12186200
     192        -35.99958000        -47.85937250        122.12186200
     193        -35.99958000        -30.14105950        144.99887036
     194         60.01042300        -23.13927496        122.12186200
     195         60.01042300        -14.70109130        133.38478091
     196        -35.99958018        -14.44494156        133.19210266
     197        -35.99958000         -6.00000121        144.99987036
     198        -35.99958018        -27.99993743        147.76326907
     199        -35.99958018         -2.48008583        134.64146536
     200        -38.99957800        -28.07340750        152.50000300
     201        -35.99958000          0.00000000        144.99987000
     202        -35.99958000          3.99974650        131.50099658
     203        -35.99958000          3.99974650        144.99987000
     204        -35.99958000          3.99974650        152.50000300
     205        -35.99958000          0.00000000        152.50000320
     206        -35.99958000         -6.00000121        152.50000320
     207        -35.99958018        -28.07340750        152.50000300
     208        -35.99958000         -6.00000121        153.00000059
     209        -35.99958018        -28.07340750        153.00000000
     210        -38.99957800        -28.07340750        153.00000000
     211        -35.99958000          3.99974650        153.00000000
     212        -35.99958018          0.00018650        153.00000000
     213         60.01042288         -5.99981053        144.99987036
     214        -38.99957846          3.99974655        153.00000000
     215        -38.99917981          1.29578037         43.32976854
     216        -20.99957880          1.29705944         41.00999973
     217         -8.99957900          1.29705952         41.00999973
     218         -5.99958100          1.29705952         41.00999973
     219         -5.99958100        -51.70205950         84.99950500
     220         -8.99957900        -51.70205950         84.99950500
     221        -20.99957900        -51.70205950         84.99950500
     222        -23.99958000        -51.70205950         84.99950500
     223        -35.99862673         -1.59994097         43.32995419
     224        -38.99957800        -51.70205950         84.99950500
     225        -35.99958000        -51.70205950         84.99950500
     226        -35.99958000         -0.00021394        118.99922014
     227        -35.99958018        -94.18093851         84.88756809
     228        -35.99958018        -94.18093851         97.59850781
     229        -38.99957846        -94.18093851         84.88756809
     230        -38.99957846        -94.18093851         97.59850781
     231         -5.99958100        -94.18093851         84.88756809
     232         -8.99957900        -94.18093851         84.88756809
     233        -20.99957900        -94.18093851         84.88756809
     234        -23.99958000        -94.18093851         84.88756809
     235        -23.99958009         -2.48008583        134.64146536
     236        -38.99957846         -6.00000121        144.99987036
     237        -35.99958000          3.89944550        122.99918100
     238        -38.99957846          3.99974655        122.99918064
     239        -35.99958018        -66.84896031         97.59850781
     240        -38.99957846        -66.84896031         97.59850781
     241        -23.99862657        -83.99915169         41.00995418
     242        -20.99957900        -80.54518939         44.95003027
     243        -20.99957900        -94.18093851         44.95003000
     244        -20.99957900        -94.18093873         41.00977600
     245        -20.99957900        -83.99915169         41.00999973
     246         -8.99957900        -80.54518939         44.95003027
     247         -8.99957900        -94.18093851         44.95003000
     248         -8.99957900        -94.18093873         41.00977600
     249         -8.99957900        -83.99915169         41.00999973
     250         -5.99958100        -80.54518939         44.95003027
     251         -5.99958100        -94.18093851         44.95003000
     252         -5.99958100        -94.18093873         41.00977600
     253         -5.99958100        -83.99915169         41.00999973
     254        -38.99957846        -94.18093851         47.27003000
     255        -38.99957800        -80.54518939         47.27003027
     256        -35.99958018        -94.18093851         47.27003000
     257        -35.99958000        -80.54518939         47.27003027
     258        -35.99862656        -83.99915168         43.32995417
     259        -35.99862674        -94.18093873         43.32973044
     260        -23.99958000        -80.54518939         44.95003027
     261        -23.99958000        -94.18093851         44.95003000
     262        -23.99862656        -94.18093873         41.00973044
     263        -38.99957846         -0.00021394        118.99922014
     264        -38.99957800          0.01991417        133.14146536
     265        -38.99957846          3.99974655        131.50099658
     266        -38.99957846          0.00000000        152.50000320
     267        -38.99957800        -14.44494156        133.19210266
     268        -38.99957800        -30.14105950        144.99887036
     269         54.99671908        -83.99896265         41.00944619
     270         54.99671910          1.29705933         41.00944619
     271         24.00042493        -28.07340750        151.49999900
     272         24.00042493        -28.07340750        122.87186700
     273         24.00042493        -12.08697851        151.49999912
     274         24.00042493        -14.44494156        133.19210266
     275          9.00041958        -28.07340750        151.49999900
     276       -299.98502432        -16.36779163        131.34107102
     277       -282.17508402        -23.15837250        122.13079733
     278       -282.17957400        -14.85594156        133.19210266
     279       -299.98958501        -14.85594156        133.19211498
     280       -299.98958452         -6.00000121        144.99987036
     281       -299.98958452         -6.00000121        152.50000320
     282       -299.98958452         -6.00000121        153.00000059
     283       -269.99957383         -6.00000121        153.00000059
     284       -282.17957400         -6.00000121        153.00000059
     285       -282.17957400         -6.00000121        144.99987036
     286       -282.17957400         -6.00000121        152.49877537
     287       -299.98502432         -1.60000000        131.34107102
     288       -282.17508402         -1.60000000        122.13079733
     289       -274.24800150         -1.60000000        118.25965517
     290       -269.99957400         -1.60000000        118.25991199
     291          9.00042000        -28.07340750        122.87186700
     292          9.00041958        -12.08697851        151.49999912
     293          9.00041958        -14.44494156        133.19210266
     294       -329.37957661         -8.12996887        142.00990417
     295        149.99402606         -1.59981397        107.03271303
     296        180.01041914         -5.99981053        152.50000320
     297        150.00042705         -5.99981053        153.00000059
     298        134.99976200         -5.99981053        153.00000059
     299        180.01041914         -5.99981053        144.99987036
     300        150.00042705         -5.99981053        152.50000320
     301     -61285.24526367       3347.08901138      50658.90783691
     302        202.49975342         -8.13639206        142.63543142
     303        180.00711149         -1.59981397        131.00926517
     304         90.05042427        -67.50478197         65.50990853
     305        180.00711149        -15.94784069        131.00926569
     306        150.00042705         -5.99981053        144.99987036
     307          6.00042100        -28.07340750        151.49999900
     308        120.00974700         -5.99981053        152.50000320
     309        134.99976200        -23.13927496        122.12186200
     310        134.99976200         -5.99981053        144.99987036
     311        134.99626246        -44.12978079         94.00927151
     312        134.99626246         -1.59981397         94.00927151
     313       -269.99957383         -6.00000121        152.50000320
     314       -329.37957661         -6.00000121        144.99987036
     315        134.99976200        -14.70109130        133.38478091
     316        120.00974700         -5.99981053        153.00000059
     317        134.99976200         -5.99981053        152.50000320
     318       -264.25025000         -6.00000121        153.00000059
     319       -264.25025000         -6.00000121        152.50000320
     320       -269.99957383        -25.94247232        118.25991199
     321       -274.24800150        -25.94247232        118.25965517
     322       -264.25025000        -23.15937250        122.12186200
     323       -269.99957400        -23.15937250        122.12186200
     324       -264.25025000         -6.00000121        144.99987036
     325       -264.25025000        -14.85594156        133.19210266
     326       -269.99957400        -14.85594156        133.19210266
     327       -264.24835004         -1.60000000        118.25972989
     328       -269.99957383         -6.00000121        144.99987036
     329       -264.24835004        -25.94247232        118.25972989
     330        149.99402606        -34.48019304        107.03271303
     331          6.00042100        -28.07340750        122.87186700
     332          6.00042130        -12.08697851        151.49999912
     333          6.00042130        -14.44494156        133.19210266
     334         21.00042200        -28.07340750        151.49999900
     335         21.00042200        -28.07340750        122.87186700
     336         21.00042200        -12.08697851        151.49999912
     337         21.00042200        -14.44494156        133.19210266
     338         24.00042493          0.00018650        151.49999900
     339         24.00042500          3.99974650        151.49999900
     340          9.00041958          0.00018650        151.49999900
     341          9.00042000          3.99974650        151.49999900
     342          6.00042100          0.00018650        151.49999900
     343          6.00042100          3.99974650        151.49999900
     344         21.00042200          0.00018650        151.49999900
     345         21.00042200          3.99974650        151.49999900
     346         21.00042200          3.99974650        131.50099658
     347         21.00042200         -2.48008583        134.64146536
     348         21.00042200         -0.00021394        118.99922014
     349         90.05042427         -0.36496300         65.50990853
     350         21.00042200          3.89944550        122.99918100
     351          6.00042100          3.99974650        131.50099658
     352          6.00042130         -2.48008583        134.64146536
     353          6.00042100         -0.00021394        118.99922014
     354          6.00042100          3.89944550        122.99918100
     355          9.00042000          3.99974650        131.50099658
     356          9.00041958         -2.48008583        134.64146536
     357          9.00042000         -0.00021394        118.99922014
     358          9.00042000          3.89944550        122.99918100
     359        187.60000000         -5.99981053        153.00000059
     360         60.01042300        -51.70205950         84.99950423
     361        187.60000000         -5.99981053        152.50000320
     362         24.00042500          3.99974650        131.50099658
     363         24.00042493         -2.48008583        134.64146536
     364         24.00042500         -0.00021394        118.99922014
     365         24.00042500          3.89944550        122.99918100
     366         36.00041800         -5.99981053        153.00000059
     367         36.00041800          0.00018603        153.00000059
     368         36.00041800          3.89944550        153.00000000
     369         39.00042100          3.89944550        153.00000000
     370         39.00042100          3.89944550        152.49877537
     371         36.00041800          3.89944550        152.49877537
     372         36.00041800         -5.99981053        152.49877537
     373         36.00041800          3.89944550        144.99987000
     374         39.00042100          3.91151008        144.99987000
     375         36.00041800          0.00018603        152.49877537
     376         36.00041804        -66.84896031         97.59850781
     377         60.01042288         -5.99981053        153.00000059
     378         39.00042097        -83.99896272         41.00999973
     379         39.00042097          0.00018603        152.50000320
     380         39.00042097         -5.99981053        152.50000320
     381         60.00422460          0.83848770         44.95787610
     382        187.60000000         -5.99981053        144.99987036
     383         60.01042288         -5.99981053        152.50000320
     384         39.00042100          0.00018603        144.99987000
     385         39.00042097          0.00018603        153.00000059
     386         39.00042097         -5.99981053        153.00000059
     387         39.00042100        -51.70205950         84.99950500
     388         39.00042100        -80.54518939         44.95003027
     389         60.00422459        -84.04518940         44.95787609
     390         36.00041800         -5.99981053        144.99987036
     391         36.00041800          0.00018603        144.99987000
     392         39.00042100        -28.07340750        152.49877537
     393         39.00042100        -28.07340750        153.00000000
     394         36.00041800        -28.07340750        152.49877537
     395         36.00041800        -28.07340750        153.00000000
     396         39.00042097        -27.99993743        147.76326907
     397          6.00042100          1.29705952         41.00999973
     398          9.00042000          1.29705952         41.00999973
     399         21.00042200          1.29705952         41.00999973
     400         24.00042500          1.29705952         41.00999973
     401         24.00042500        -51.70205950         84.99950500
     402         21.00042200        -51.70205950         84.99950500
     403          9.00042000        -51.70205950         84.99950500
     404          6.00042100        -51.70205950         84.99950500
     405         24.00042500        -94.18093851         84.88756809
     406         21.00042200        -94.18093851         84.88756809
     407          9.00042000        -94.18093851         84.88756809
     408          6.00042100        -94.18093851         84.88756809
     409         36.00041804        -14.44494156        133.19210266
     410         39.00042100        -14.44494156        133.19210266
     411         39.00042097        -30.14105950        144.99887036
     412         39.00042097        -66.84896031         97.59850781
     413         36.00041800        -30.14105950        144.99887036
     414         36.00041800        -51.70205950         84.99950500
     415         36.00041804        -94.18093851         84.88756809
     416         36.00041804        -94.18093851         97.59850781
     417         39.00042097        -94.18093851         84.88756809
     418         39.00042097        -94.18093851         97.59850781
     419         39.00042100        -22.82337250        122.12186200
     420         39.00042100        -47.85937250        122.12186200
     421         36.00041800        -47.85937250        122.12186200
     422         36.00041800        -22.82337250        122.12186200
     423         39.00042097         -5.99981053        144.99987036
     424         36.00041800        -27.99993741        147.76326906
     425         39.00042097          3.99974655        131.50099658
     426         39.00042100          0.00018603        131.50099700
     427         36.00041804         -2.48008583        134.64146536
     428         36.00041800          3.89944550        131.50099700
     429         39.00042097          3.99974655        122.99918064
     430          6.00042100        -80.54518939         44.95003027
     431          6.00042100        -94.18093851         44.95003000
     432          6.00042100        -94.18093873         41.00977600
     433          6.00042100        -83.99915169         41.00999973
     434        187.60000000         -7.87284052        142.63483347
     435         86.01669258         -0.36496328         65.50935512
     436          9.00042000        -80.54518939         44.95003027
     437          9.00042000        -94.18093851         44.95003000
     438          9.00042000        -94.18093873         41.00977600
     439          9.00042000        -83.99915169         41.00999973
     440         21.00042200        -80.54518939         44.95003027
     441         21.00042200        -94.18093851         44.95003000
     442         21.00042200        -94.18093873         41.00977600
     443         21.00042200        -83.99915169         41.00999973
     444         24.00042500        -80.54518939         44.95003027
     445         24.00042500        -94.18093851         44.95003000
     446         86.01669259        -67.50478194         65.50935512
     447         24.00042500        -94.18093873         41.00977600
     448         24.00042500        -83.99915169         41.00999973
     449         36.00041800        -80.54518939         44.95003027
     450         36.00041804        -94.18093851         44.95003000
     451         36.00041804        -94.18093873         41.00977600
     452         36.00041800        -83.99915169         41.00999973
     453         36.00041800          1.29705952         41.00999973
     454         36.00041800         -0.00021394        118.99922014
     455        109.86815654         -1.59981384         85.00672042
     456         86.01997300         -5.99981053        153.00000059
     457        202.49975300         -5.99981050        152.50000000
     458         86.01997300         -5.99981053        152.49877537
     459        181.69645945         -1.59981397        131.00901611
     460         86.01997300         -5.99981053        144.99987036
     461         86.01997300        -51.70205950         84.99950500
     462         91.04585131        -67.50478195         65.50911331
     463         91.04585132         -0.36496320         65.50911332
     464        226.99041543         -1.59981397        153.00000059
     465        226.99041543         -5.99981053        153.00000059
     466        212.15065403         -1.59981350        145.00771405
     467         90.05042427         -5.99981053        152.50000320
     468         90.05042427         -5.99981053        153.00000059
     469        109.87508100         -5.99981053        153.00000059
     470        226.99334422         -5.99980782        152.50707412
     471        226.99334349         -1.59981397        152.50707340
     472        210.62042983         -5.99981053        153.00000000
     473        180.01041914         -5.99981053        153.00000059
     474        202.49975300         -5.99981050        153.00000000
     475        210.62042983         -5.99981053        144.99987036
     476        212.15065658         -5.99980790        145.00771606
     477         90.05042400        -51.70205950         84.99950500
     478        109.87508100         -5.99981053        152.50000320
     479        109.87508100         -5.99981053        144.99987036
     480        109.86815683        -51.70205951         85.00671997
     481        202.49975300         -5.99981053        144.99987036
     482        150.00042700        -14.70109130        133.38478091
     483        221.99680047         -5.99980687        152.50947468
     484        221.99999897         -5.99981050        153.00000000
     485        181.69628699        -15.89774106        131.00893926
     486        180.01041914         -8.27284052        142.63483347
     487        180.01041914        -12.04784061        137.73483101
     488        202.49642338         -1.59981397        137.25986067
     489        202.49655360        -12.28622361        137.25990416
     490        210.61140771         -1.59981397        143.80748882
     491        210.61335893         -1.59981397        144.45594107
     492        210.61335876         -6.56358269        144.45624697
     493        210.61140771         -6.89658369        143.80748882
     494       -329.37957661         -6.00000121        152.50000320
     495       -329.37957661         -6.00000121        153.00000059
     496       -333.22365302         -6.95997442        143.72696062
     497       -330.99701492         -8.12996887        142.00936967
     498        187.59599414        -11.94756576        137.74399194
     499        187.59604018         -1.59981397        137.25918258
     500        211.48106441         -6.56358176        144.45859258
     501        211.48206121         -1.59981397        144.45828548
     502        210.62042983         -5.99981053        152.49877537
     503        150.00042700        -23.13927496        122.12186200
     504        221.99679981         -1.59981397        152.50824983
     505       -329.37957700         -6.95996888        143.71890417
     506       -320.99790845         -8.12996887        142.00962931
     507       -321.00023691         -6.95996888        143.71890417
     508       -321.00023700         -6.00000121        144.99987036
     509       -321.00023700         -6.00000121        152.49877537
     510       -321.00023700         -6.00000121        153.00000059
     511       -350.98957852         -1.60000000        153.00000059
     512       -350.99250658         -1.60000000        152.50707340
     513       -345.99752916         -1.60000000        152.50832770
     514       -335.04429745         -1.60000000        145.00808468
     515       -333.22364468         -1.60000000        143.72695460
     516       -330.99701492         -1.60000000        142.00936967
     517       -329.37957661         -1.60000000        142.00990417
     518       -320.99790845         -1.60000000        142.00962931
     519       -350.99250658         -6.00000121        152.50707340
     520       -350.98957852         -6.00000121        153.00000059
     521       -346.00048770         -6.00000121        153.00000000
     522       -345.99752792         -6.00000799        152.50832732
     523       -335.05163686         -6.00001323        145.00808991
     524        -89.99957943         -1.60012693       -128.00000027
     525       -351.00000000         -1.60000000        144.99887000
     526        -59.99997906         -1.60012693       -128.00000027
     527       -239.99958174         -1.60000000       -128.00000000
     528        150.00042705        -34.48019304       -128.00000000
     529       -239.99958174        -33.65064368       -128.00000000
     530        150.00042705        -34.48019304        -28.00000000
     531          0.00000000        -94.18093851        -69.00022400
     532          0.00000000        -83.99915157        -28.00000027
     533        -23.99958000         -1.59994090        -28.00000027
     534         60.00042288         -1.60051238        -28.00000000
     535         60.00042288        -84.04518939        -28.00000000
     536         55.00000000        -83.99896263        -28.00000027
     537         55.00000000         -1.59994090        -28.00000027
     538          9.00042000        -94.18093851        -69.00022400
     539          6.00042100        -94.18093851        -69.00022400
     540         24.00042500        -94.18093851        -69.00022400
     541         21.00042200        -94.18093851        -69.00022400
     542         86.01997312        -65.50478190        -28.00000000
     543         86.01997312         -1.60005950        -28.00000000
     544         39.00042097         -1.59994090        -28.00000027
     545         36.00041800         -1.59994090        -28.00000027
     546        -35.99958018        -94.18093851        -69.00022400
     547        -38.99957846        -94.18093851        -69.00022351
     548          9.00042000         -1.59994090        -28.00000027
     549          9.00042000        -83.99915157        -28.00000027
     550          6.00042100        -83.99915157        -28.00000027
     551          6.00042100         -1.59994090        -28.00000027
     552        -23.99958000        -94.18093851        -69.00022400
     553        -23.99958000        -83.99915157        -28.00000027
     554        134.99976191         -1.59981397        -28.00000000
     555        134.99976191        -44.12978079        -28.00000000
     556        119.99974727        -44.12978079        -28.00000000
     557        120.19974727         -1.59981397        -28.00000000
     558         24.00042500         -1.59994090        -28.00000027
     559         24.00042500        -83.99915157        -28.00000027
     560         21.00042200        -83.99915157        -28.00000027
     561         21.00042200         -1.59994090        -28.00000027
     562        -20.99957900         -1.59994090        -28.00000027
     563         -8.99957900         -1.59994090        -28.00000027
     564          0.00000000         -1.59994090        -28.00000027
     565         -5.99958100         -1.59994090        -28.00000027
     566         90.05042427        -65.50478190        -28.00000000
     567         90.05042427         -1.59996375        -28.00000000
     568        -35.99958000         -1.59994090        -28.00000027
     569        -35.99958000        -83.99915157        -28.00000027
     570        -38.99957846        -83.99915157        -28.00000027
     571        -38.99957846         -1.60021995        -28.00022351
     572        -89.99957943        -83.99915157        -28.00000027
     573        -89.99957943         -1.60012693        -28.00000027
     574        -59.99997906         -1.60012693        -28.00000027
     575        -59.99997906        -83.99915157        -28.00000027
     576        -20.99957900        -94.18093851        -69.00022400
     577        -20.99957900        -83.99915157        -28.00000027
     578        109.87508071         -1.59981397        -28.00000000
     579        109.87508100        -51.70205950        -28.00000000
     580         91.04975925        -65.50478190        -28.00000000
     581         91.04975925         -1.59996375        -28.00000000
     582         39.00042097        -83.99896263        -28.00000027
     583         39.00042097        -94.18093851        -69.00022351
     584         36.00041804        -94.18093851        -69.00022400
     585         36.00041800        -83.99915157        -28.00000027
     586       -179.99957896        -50.77542535        -28.00000000
     587       -179.99957896         -1.60000000        -28.00000000
     588       -135.00024596         -1.77094075       -128.00000000
     589       -119.99958082         -1.60024419       -128.00000000
     590       -119.99958082        -77.18167816       -128.00000000
     591          0.00000000         -1.59994090       -128.00000027
     592        180.00041914         -1.59981397       -128.00000000
     593        180.00041914        -15.94784052       -128.00000000
     594         -5.99958100        -83.99915157        -28.00000027
     595         -5.99958100        -94.18093851        -69.00022400
     596         -8.99957900        -94.18093851        -69.00022400
     597         -8.99957900        -83.99915157        -28.00000027
     598       -351.00000000         -1.60000000        -27.84109583
     599       -350.99957852         -6.00000121        -27.84100000
     600       -239.99958174         -1.60000000        -27.84100000
     601       -239.99958174        -33.65064368        -27.84100000
     602       -119.79958082        -77.18167816        -28.00000000
     603       -119.99958082         -1.60024419        -28.00000000
     604       -550.99957852         -6.00000121        -69.00000000
     605       -551.00000000         -1.60000000        -69.00009583
     606        -90.62024387        -83.87997076        -28.00009369
     607       -114.00024406        -80.87997059        -28.00000000
     608       -114.00024406         -1.59986472        -28.00000000
     609        -90.62024387         -1.64779844        -28.00009369
     610       -177.50000000         -1.50620000        -28.00000000
     611       -149.99957756         -1.59967764        -28.00000000
     612        134.99976191        -44.12978079       -128.00000000
     613        227.00041543         -1.59981397       -128.00000000
     614        227.00041543         -5.99981053       -128.00000000
     615        109.87508071         -1.59981397       -128.00000000
     616       -351.00000000         -1.60000000        143.71890400
     617       -351.00000000         -1.60000000        141.99990417
     618       -331.00024048         -1.60000000         83.69100000
     619       -329.37957661         -1.60000000         83.69100000
     620       -321.00023691         -1.60000000         83.69100000
     621       -299.99958452         -1.60000000         83.69100000
     622       -282.17957400         -1.60000000         83.69100000
     623       -274.25025327         -1.60000000         83.69100000
     624       -269.99957400         -1.60000000         83.69100000
     625       -264.25024971         -1.60000000         83.69100000
     626       -239.99958174         -1.60000000         83.69100000
     627       -230.00024727         -1.60000000         83.69100000
     628       -209.99958035         -1.60000000         83.69100000
     629       -207.49959229         -1.60000000         83.69100000
     630       -179.99957896         -1.60000000         83.69100000
     631       -177.50000000         -1.50620000         45.65900000
     632       -149.99957756         -1.59967764         45.65900000
     633       -141.65003064         -1.60054397         45.65900000
     634       -135.00024596         -1.77094075         45.65900000
     635       -119.99958082         -1.60024419         45.65900000
     636       -114.00024406         -1.59986472         45.65900000
     637        -90.62024387         -1.64779844        -25.00009369
     638        -89.99957943         -1.60012693        -25.00000027
     639        -59.99997906         -1.60012693        -25.00000027
     640        -38.99957846         -1.60021995        -25.00022351
     641        -35.99958000         -1.59994090        -25.00000027
     642        -20.99957900         -1.59994090        -25.00000027
     643         -8.99957900         -1.59994090        -25.00000027
     644         -5.99958100         -1.59994090        -25.00000027
     645          0.00000000         -1.59994090        -25.00000027
     646          6.00042100         -1.59994090        -25.00000027
     647          9.00042000         -1.59994090        -25.00000027
     648         21.00042200         -1.59994090        -25.00000027
     649         24.00042500         -1.59994090        -25.00000027
     650         36.00041800         -1.59994090        -25.00000027
     651         39.00042097         -1.59994090        -25.00000027
     652         55.00000000         -1.59994090        -25.00000027
     653         60.00042288         -1.60051238        -24.00000000
     654         86.01997312         -1.60005950         -5.00000000
     655         90.05042427         -1.59996375         -2.00000000
     656         91.04975925         -1.59996375         -1.00000000
     657        109.87508071         -1.59981397         12.80000000
     658        119.99974727         -1.59981397         20.50000000
     659        134.99976191         -1.59981397         31.00000000
     660        150.00042705         -1.59981397         41.00000000
     661        180.00041914         -1.59981397         57.00000000
     662        202.49975342         -1.59981397        131.00000000
     663        211.48543000         -1.59981397        143.80300000
     664        227.00041543         -1.59981397        144.44900000
     665        227.00041543         -1.59981397        143.80300000
     666        227.00041543         -1.59981397        144.99900000
     667        211.48543000         -1.59981397        137.25000000
     668        227.00041543         -1.59981397        137.25000000
     669        227.00041543         -1.59981397        131.00000000
     670        211.48543000         -1.59981397        131.00000000
     671       -149.99957756        -62.93128782        -28.00000000
     672       -177.50000000        -51.75042535        -28.00000000
     673        327.00041543         -5.99981053        -69.00000000
     674        327.00041543         -1.59981397        -69.00000000
     675       -500.99957852         -6.00000121        -69.00000000
     676       -501.00000000         -1.60000000        -69.00009583
     677        377.00041543         -5.99981053        -69.00000000
     678        377.00041543         -1.59981397        -69.00000000
     679        427.00041543         -1.59981397        -69.00000000
     680        427.00041543         -5.99981053        -69.00000000
     681       -230.00024727        -39.62997173        -27.84100000
     682       -230.00024727         -1.60000000        -27.84100000
     683       -282.17957400         -1.60000000        -27.84100000
     684       -282.17957400        -23.15837250        -27.84100000
     685       -299.99958452        -16.36779163        -27.84100000
     686       -299.99958452         -1.60000000        -27.84100000
     687        211.48543000         -1.59981397        -28.00000000
     688        134.99976191         -1.59981397       -128.00000000
     689        150.00042705         -1.59981397       -128.00000000
     690        -23.99958000         -1.59994090       -128.00000027
     691        -20.99957900         -1.59994090       -128.00000027
     692        -20.99957900        -83.99915157       -128.00000027
     693        -23.99958000        -83.99915157       -128.00000027
     694        211.48442983         -6.56358369        -28.00000000
     695        202.49975342         -1.59981397        -28.00000000
     696        202.49975342        -12.28639206        -28.00000000
     697        227.00041543         -5.99981053        -28.00000000
     698        227.00041543         -1.59981397        -28.00000000
     699        277.00041543         -1.59981397        -28.00000000
     700        277.00041543         -5.99981053        -28.00000000
     701       -141.65003064         -1.60054397        -28.00000000
     702       -135.00024596         -1.77094075        -28.00000000
     703       -135.00024596        -77.17597049        -28.00000000
     704       -141.65003064        -66.31896967        -28.00000000
     705       -450.99957852         -6.00000121        -69.00000000
     706       -451.00000000         -1.60000000        -69.00009583
     707         -8.99957900         -1.59994090       -128.00000027
     708         -5.99958100         -1.59994090       -128.00000027
     709         -8.99957900        -83.99915157       -128.00000027
     710        -59.99997906        -83.99915157       -128.00000027
     711        119.99974727         -1.59981397       -128.00000000
     712        119.99974727        -44.12978079       -128.00000000
     713        109.87508100        -51.70205950       -128.00000000
     714        327.00041543         -5.99981053       -128.00000000
     715        277.00041543         -5.99981053       -128.00000000
     716        -89.99957943        -83.99915157       -128.00000027
     717        -35.99958000        -83.99915157        -25.00000027
     718        -38.99957846        -83.99915157        -25.00000027
     719        -23.99958000        -83.99915157        -25.00000027
     720        -20.99957900        -83.99915157        -25.00000027
     721         -8.99957900        -83.99915157        -25.00000027
     722         -5.99958100        -83.99915157        -25.00000027
     723          0.00000000        -83.99915157        -25.00000027
     724          6.00042100        -83.99915157        -25.00000027
     725          9.00042000        -83.99915157        -25.00000027
     726         21.00042200        -83.99915157        -25.00000027
     727         24.00042500        -83.99915157        -25.00000027
     728         36.00041800        -83.99915157        -25.00000027
     729         39.00042097        -83.99896263        -25.00000027
     730         39.00042097        -94.18093851         30.99977649
     731         36.00041804        -94.18093851         30.99977600
     732         24.00042500        -94.18093851         30.99977600
     733         21.00042200        -94.18093851         30.99977600
     734          9.00042000        -94.18093851         30.99977600
     735          6.00042100        -94.18093851         30.99977600
     736          0.00000000        -94.18093851         30.99977600
     737         -5.99958100        -94.18093851         30.99977600
     738         -8.99957900        -94.18093851         30.99977600
     739        -20.99957900        -94.18093851         30.99977600
     740        -23.99958000        -94.18093851         30.99977600
     741        -35.99958018        -94.18093851         30.99977600
     742        -38.99957846        -94.18093851         30.99977649
     743        -59.99997906        -83.99915157        -25.00000027
     744        -89.99957943        -83.99915157        -25.00000027
     745        -90.62024387        -83.87997076        -25.00009369
     746        134.99976191        -44.12978079         31.00000000
     747       -209.99958035        -39.62997173       -128.00000000
     748       -230.00024727        -39.62997173       -128.00000000
     749       -119.99958082        -77.18167816         45.65900000
     750       -135.00024596        -77.17597049         45.65900000
     751       -141.65003064        -66.31896967         45.65900000
     752       -149.99957756        -62.93128782         45.65900000
     753       -177.50000000        -51.75042535         45.65900000
     754       -179.99957896        -50.77542535         83.69100000
     755       -207.49959229        -39.62997173         83.69100000
     756       -209.99958035        -39.62997173         83.69100000
     757       -230.00024727        -39.62997173         83.69100000
     758       -239.99958174        -33.65064368         83.69100000
     759       -264.25024971        -25.94247232         83.69100000
     760       -269.99957383        -25.94247232         83.69100000
     761       -274.25025327        -25.94247232         83.69100000
     762       -282.17957400        -23.15837250         83.69100000
     763       -299.99958452        -16.36779163         83.69100000
     764       -321.00023691         -8.12996887         83.69100000
     765       -329.37957661         -8.12996887         83.69100000
     766       -331.00024048         -8.12996887         83.69100000
     767         55.00000000        -83.99896263        -25.00000027
     768         60.00042288        -84.04518939        -24.00000000
     769         86.01997312        -65.50478190         -5.00000000
     770         90.05042427        -65.50478190         -2.00000000
     771         91.04975925        -65.50478190         -1.00000000
     772        109.87508100        -51.70205950         12.80000000
     773        119.99974727        -44.12978079         20.50000000
     774       -114.00024406        -80.87997059         45.65900000
     775        150.00042705        -34.48019304         41.00000000
     776        180.00041914        -15.94784052         57.00000000
     777        202.49975342        -12.28639206        131.00000000
     778        211.48442983         -6.56358369        131.00000000
     779        211.48442983         -6.56358369        137.25000000
     780        227.00041543         -5.99981053        131.00000000
     781        227.00041543         -5.99981053        137.25000000
     782        227.00041543         -5.99981053        143.80300000
     783        211.48442983         -6.56358369        143.80300000
     784        227.00041543         -5.99981053        144.44900000
     785        227.00041543         -5.99981053        144.99900000
     786       -350.99957852         -6.00000121        143.71900000
     787       -350.99957852         -6.00000121        142.00000000
     788       -350.99957852         -6.00000121        144.99900000
     789        427.00041543         -5.99981053       -128.00000000
     790        377.00041543         -5.99981053       -128.00000000
     791        377.00041543         -1.59981397       -128.00000000
     792        427.00041543         -1.59981397       -128.00000000
     793        -38.99957846        -83.99915157       -128.00000027
     794        -35.99958000        -83.99915157       -128.00000027
     795        -35.99958018        -94.18093851       -128.00022400
     796        -38.99957846        -94.18093851       -128.00022351
     797         36.00041800         -1.59994090       -128.00000027
     798         39.00042097         -1.59994090       -128.00000027
     799         39.00042097        -83.99896263       -128.00000027
     800         36.00041800        -83.99915157       -128.00000027
     801        180.00041914         -1.59981397        -28.00000000
     802        180.00041914        -15.94784052        -28.00000000
     803        150.00042705         -1.59981397        -28.00000000
     804         -5.99958100        -83.99915157       -128.00000027
     805          0.00000000        -83.99915157       -128.00000027
     806          0.00000000        -94.18093851       -128.00022400
     807         -5.99958100        -94.18093851       -128.00022400
     808        -90.62024387         -1.64779844       -128.00009369
     809        -90.62024387        -83.87997076       -128.00009369
     810       -114.00024406        -80.87997059       -128.00000000
     811       -114.00024406         -1.59986472       -128.00000000
     812        181.70041914        -15.89784052       -128.00016653
     813        181.70041914         -1.59981397       -128.00016653
     814         60.20042288         -1.60051238       -128.00000000
     815         86.01997312         -1.60005950       -128.00000000
     816         86.01997312        -65.50478190       -128.00000000
     817         60.00042288        -84.04518939       -128.00000000
     818          6.00042100        -83.99915157       -128.00000027
     819          9.00042000        -83.99915157       -128.00000027
     820          9.00042000        -94.18093851       -128.00022400
     821          6.00042100        -94.18093851       -128.00022400
     822        202.49975342        -12.28639206       -128.00000000
     823        202.49975342         -1.59981397       -128.00000000
     824        211.48543000         -1.59981397       -128.00000000
     825        211.48442983         -6.56358369       -128.00000000
     826       -230.00024727         -1.60000000       -128.00000000
     827       -209.99958035         -1.60000000       -128.00000000
     828       -401.00000000         -1.60000000        -27.84109583
     829       -400.99957852         -6.00000121        -27.84100000
     830       -264.25024971         -1.60000000        -27.84100000
     831       -264.25024971        -25.94247232        -27.84100000
     832       -269.99957400         -1.60000000        -27.84100000
     833       -269.99957383        -25.94247232        -27.84100000
     834       -274.25025327        -25.94247232        -27.84100000
     835       -274.25025327         -1.60000000        -27.84100000
     836       -321.00023691         -8.12996887        -27.84100000
     837       -321.00023691         -1.60000000        -27.84100000
     838        181.70041914        -15.89784052        -28.00016653
     839        181.70041914         -1.59981397        -28.00016653
     840       -207.49959229         -1.60000000        -27.84100000
     841       -207.49959229        -39.62997173        -27.84100000
     842       -209.99958035        -39.62997173        -27.84100000
     843       -209.99958035         -1.60000000        -27.84100000
     844       -329.37957661         -1.60000000        -27.84100000
     845       -329.37957661         -8.12996887        -27.84100000
     846       -331.00024048         -8.12996887        -27.84100000
     847       -331.00024048         -1.60000000        -27.84100000
     848       -179.99957896         -1.60000000         -3.50000000
     849       -179.99957896        -50.77542535         -3.50000000
     850        277.00041543         -1.59981397       -128.00000000
     851        327.00041543         -1.59981397       -128.00000000
     852         21.00042200        -83.99915157       -128.00000027
     853         24.00042500        -83.99915157       -128.00000027
     854         24.00042500        -94.18093851       -128.00022400
     855         21.00042200        -94.18093851       -128.00022400
     856       -400.99957852         -6.00000121       -128.00000000
     857       -450.99957852         -6.00000121       -128.00000000
     858       -451.00000000         -1.60000000       -128.00009583
     859       -401.00000000         -1.60000000       -128.00009583
     860       -264.25024971         -1.60000000       -128.00000000
     861       -264.25024971        -25.94247232       -128.00000000
     862        277.00041543         -5.99981053        152.50000320
     863        277.00041543         -5.99981053        153.00000059
     864        277.00041543         -1.59981397        153.00000059
     865        277.00041543         -1.59981397        152.50000320
     866        277.00041543         -1.59981397        137.25000000
     867        277.00041543         -5.99981053        137.25000000
     868        277.00041543         -5.99981053        143.80300000
     869        277.00041543         -1.59981397        143.80300000
     870        277.00041543         -1.59981397        144.99900000
     871        277.00041543         -5.99981053        144.99900000
     872        277.00041543         -5.99981053        144.44900000
     873        277.00041543         -1.59981397        144.44900000
     874        277.00041543         -1.59981397        131.00000000
     875        277.00041543         -5.99981053        131.00000000
     876        327.00041543         -5.99981053        143.80300000
     877        327.00041543         -5.99981053        144.44900000
     878        327.00041543         -1.59981397        144.44900000
     879        327.00041543         -1.59981397        143.80300000
     880        327.00041543         -5.99981053        144.99900000
     881        327.00041543         -1.59981397        144.99900000
     882        327.00041543         -5.99981053        137.25000000
     883        327.00041543         -1.59981397        137.25000000
     884        327.00041543         -5.99981053        152.50000320
     885        327.00041543         -1.59981397        152.50000320
     886        327.00041543         -5.99981053        131.00000000
     887        327.00041543         -1.59981397        131.00000000
     888        327.00041543         -5.99981053        153.00000059
     889        327.00041543         -1.59981397        153.00000059
     890        377.00041543         -5.99981053        143.80300000
     891        377.00041543         -5.99981053        144.44900000
     892        377.00041543         -1.59981397        144.44900000
     893        377.00041543         -1.59981397        143.80300000
     894        377.00041543         -5.99981053        144.99900000
     895        377.00041543         -1.59981397        144.99900000
     896        377.00041543         -5.99981053        137.25000000
     897        377.00041543         -1.59981397        137.25000000
     898        377.00041543         -5.99981053        152.50000320
     899        377.00041543         -1.59981397        152.50000320
     900        377.00041543         -5.99981053        131.00000000
     901        377.00041543         -1.59981397        131.00000000
     902        377.00041543         -5.99981053        153.00000059
     903        377.00041543         -1.59981397        153.00000059
     904        427.00041543         -5.99981053        143.80300000
     905        427.00041543         -5.99981053        144.44900000
     906        427.00041543         -1.59981397        144.44900000
     907        427.00041543         -1.59981397        143.80300000
     908        427.00041543         -5.99981053        144.99900000
     909        427.00041543         -1.59981397        144.99900000
     910        427.00041543         -5.99981053        137.25000000
     911        427.00041543         -1.59981397        137.25000000
     912        427.00041543         -5.99981053        152.50000320
     913        427.00041543         -1.59981397        152.50000320
     914        427.00041543         -5.99981053        131.00000000
     915        427.00041543         -1.59981397        131.00000000
     916        427.00041543         -5.99981053        153.00000059
     917        427.00041543         -1.59981397        153.00000059
     918       -400.99957852         -1.60000000        153.00000059
     919       -400.99957852         -6.00000121        153.00000059
     920       -400.99957852         -6.00000121        152.50000320
     921       -400.99957852         -1.60000000        152.50000320
     922       -400.99957852         -6.00000121        142.00000000
     923       -401.00000000         -1.60000000        141.99990417
     924       -401.00000000         -1.60000000        143.71890400
     925       -400.99957852         -6.00000121        143.71900000
     926       -401.00000000         -1.60000000        144.99887000
     927       -400.99957852         -6.00000121        144.99900000
     928       -450.99957852         -6.00000121        153.00000059
     929       -450.99957852         -6.00000121        152.50000320
     930       -450.99957852         -1.60000000        152.50000320
     931       -450.99957852         -1.60000000        153.00000059
     932       -451.00000000         -1.60000000        144.99887000
     933       -450.99957852         -6.00000121        144.99900000
     934       -451.00000000         -1.60000000        141.99990417
     935       -451.00000000         -1.60000000        143.71890400
     936       -450.99957852         -6.00000121        143.71900000
     937       -450.99957852         -6.00000121        142.00000000
     938       -500.99957852         -6.00000121        153.00000059
     939       -500.99957852         -6.00000121        152.50000320
     940       -500.99957852         -1.60000000        152.50000320
     941       -500.99957852         -1.60000000        153.00000059
     942       -501.00000000         -1.60000000        144.99887000
     943       -500.99957852         -6.00000121        144.99900000
     944       -501.00000000         -1.60000000        141.99990417
     945       -501.00000000         -1.60000000        143.71890400
     946       -500.99957852         -6.00000121        143.71900000
     947       -500.99957852         -6.00000121        142.00000000
     948       -550.99957852         -6.00000121        153.00000059
     949       -550.99957852         -6.00000121        152.50000320
     950       -550.99957852         -1.60000000        152.50000320
     951       -550.99957852         -1.60000000        153.00000059
     952       -551.00000000         -1.60000000        144.99887000
     953       -550.99957852         -6.00000121        144.99900000
     954       -551.00000000         -1.60000000        141.99990417
     955       -551.00000000         -1.60000000        143.71890400
     956       -550.99957852         -6.00000121        143.71900000
     957       -550.99957852         -6.00000121        142.00000000
     958        181.70041914        -15.89784052         57.99983347
     959        181.70041914         -1.59981397         57.99983347
     960        327.00041543         -5.99981053         31.00000000
     961        377.00041543         -5.99981053         31.00000000
     962        377.00041543         -1.59981397         31.00000000
     963        327.00041543         -1.59981397         31.00000000
     964        227.00041543         -5.99981053         82.00000000
     965        277.00041543         -5.99981053        106.00000000
     966        277.00041543         -1.59981397        106.00000000
     967        227.00041543         -1.59981397         82.00000000
     968        427.00041543         -5.99981053         31.00000000
     969        427.00041543         -1.59981397         31.00000000
     970        202.49975342         -1.59981397         69.00000000
     971        202.49975342        -12.28639206         69.00000000
     972        211.48442983         -6.56358369         74.00000000
     973        211.48543000         -1.59981397         74.00000000
     974       -177.50000000         -1.50620000         -4.00000000
     975       -177.50000000        -51.75042535         -4.00000000
     976       -149.99957756        -62.93128782        -12.00000000
     977       -149.99957756         -1.59967764        -12.00000000
     978       -141.65003064         -1.60054397        -14.50000000
     979       -141.65003064        -66.31896967        -14.50000000
     980       -135.00024596        -77.17597049        -16.50000000
     981       -135.00024596         -1.77094075        -16.50000000
     982       -114.00024406         -1.59986472        -22.40000000
     983       -114.00024406        -80.87997059        -22.40000000
     984       -119.99958082        -77.18167816        -20.80000000
     985       -119.99958082         -1.60024419        -20.80000000
     986       -401.00000000         -1.60000000        119.69090417
     987       -451.00000000         -1.60000000         83.69090417
     988       -450.99957852         -6.00000121         83.69100000
     989       -400.99957852         -6.00000121        119.69100000
     990       -501.00000000         -1.60000000         83.69090417
     991       -500.99957852         -6.00000121         83.69100000
     992       -351.00000000         -1.60000000         83.69090417
     993       -350.99957852         -6.00000121         83.69100000
     994       -551.00000000         -1.60000000         83.69090417
     995       -550.99957852         -6.00000121         83.69100000
     996       -501.00000000         -1.60000000         45.65890417
     997       -500.99957852         -6.00000121         45.65900000
     998       -450.99957852         -6.00000121         45.65900000
     999       -451.00000000         -1.60000000         45.65890417
    1000       -331.00024048         -1.60000000         63.95890417
    1001       -351.00000000         -1.60000000         80.35890417
    1002       -350.99957852         -6.00000121         80.35900000
    1003       -331.00024048         -8.12996887         63.95890417
    1004       -401.00000000         -1.60000000         80.35890417
    1005       -400.99957852         -6.00000121         80.35900000
    1006       -551.00000000         -1.60000000         45.65890417
    1007       -550.99957852         -6.00000121         45.65900000
    1008       -321.00023691         -8.12996887         56.15900000
    1009       -321.00023691         -1.60000000         56.15900000
    1010       -329.37957661         -1.60000000         62.55900000
    1011       -329.37957661         -8.12996887         62.55900000
    1012       -239.99958174        -33.65064368         45.65900000
    1013       -239.99958174         -1.60000000         45.65900000
    1014       -264.25024971         -1.60000000         45.65900000
    1015       -264.25024971        -25.94247232         45.65900000
    1016       -282.17957400        -23.15837250         45.65900000
    1017       -282.17957400         -1.60000000         45.65900000
    1018       -299.99958452         -1.60000000         45.65900000
    1019       -299.99958452        -16.36779163         45.65900000
    1020       -274.25025327        -25.94247232         45.65900000
    1021       -274.25025327         -1.60000000         45.65900000
    1022       -207.49959229        -39.62997173         45.65900000
    1023       -207.49959229         -1.60000000         45.65900000
    1024       -209.99958035         -1.60000000         45.65900000
    1025       -209.99958035        -39.62997173         45.65900000
    1026       -269.99957400         -1.60000000         45.65900000
    1027       -269.99957383        -25.94247232         45.65900000
    1028       -230.00024727         -1.60000000         45.65900000
    1029       -230.00024727        -39.62997173         45.65900000
    1030       -179.99957896        -50.77542535         45.65900000
    1031       -179.99957896         -1.60000000         45.65900000
    1032       -282.17957400         -1.60000000         25.60000000
    1033       -299.99958452         -1.60000000         42.65900000
    1034       -299.99958452        -16.36779163         42.65900000
    1035       -282.17957400        -23.15837250         25.60000000
    1036       -239.99958174         -1.60000000         13.50000000
    1037       -264.25024971         -1.60000000         20.50000000
    1038       -264.25024971        -25.94247232         20.50000000
    1039       -239.99958174        -33.65064368         13.50000000
    1040       -400.99957852         -6.00000121         31.00000000
    1041       -350.99957852         -6.00000121         31.00000000
    1042       -351.00000000         -1.60000000         30.99990417
    1043       -401.00000000         -1.60000000         30.99990417
    1044       -207.49959229         -1.60000000          4.15900000
    1045       -209.99958035         -1.60000000          4.95900000
    1046       -209.99958035        -39.62997173          4.95900000
    1047       -207.49959229        -39.62997173          4.15900000
    1048       -329.37957661         -1.60000000         31.00000000
    1049       -331.00024048         -1.60000000         31.00000000
    1050       -331.00024048         -8.12996887         31.00000000
    1051       -329.37957661         -8.12996887         31.00000000
    1052       -450.99957852         -6.00000121         31.00000000
    1053       -451.00000000         -1.60000000         30.99990417
    1054       -274.25025327         -1.60000000         23.20000000
    1055       -274.25025327        -25.94247232         23.20000000
    1056       -500.99957852         -6.00000121         31.00000000
    1057       -501.00000000         -1.60000000         30.99990417
    1058       -550.99957852         -6.00000121         31.00000000
    1059       -551.00000000         -1.60000000         30.99990417
    1060       -230.00024727         -1.60000000         10.60000000
    1061       -230.00024727        -39.62997173         10.60000000
    1062       -269.99957400         -1.60000000         22.10000000
    1063       -269.99957383        -25.94247232         22.10000000
    1064       -321.00023691         -1.60000000         31.00000000
    1065       -321.00023691         -8.12996887         31.00000000
    1066       -135.00024596        -77.17597049       -128.00000000
    1067        -35.99958000         -1.59994090       -128.00000027
    1068         24.00042500         -1.59994090       -128.00000027
    1069        -38.99957846         -1.60021995       -128.00022351
    1070       -321.00023691         -8.12996887       -128.00000000
    1071       -299.99958452        -16.36779163       -128.00000000
    1072       -299.99958452         -1.60000000       -128.00000000
    1073       -321.00023691         -1.60000000       -128.00000000
    1074         21.00042200         -1.59994090       -128.00000027
    1075          9.00042000         -1.59994090       -128.00000027
    1076        -23.99958000        -94.18093851       -128.00022400
    1077        -20.99957900        -94.18093851       -128.00022400
    1078       -329.37957661         -8.12996887       -128.00000000
    1079       -329.37957661         -1.60000000       -128.00000000
    1080         36.00041804        -94.18093851       -128.00022400
    1081         39.00042097        -94.18093851       -128.00022351
    1082       -351.00000000         -1.60000000       -128.00009583
    1083       -350.99957852         -6.00000121       -128.00000000
    1084       -501.00000000         -1.60000000       -128.00009583
    1085       -500.99957852         -6.00000121       -128.00000000
    1086       -331.00024048         -8.12996887       -128.00009583
    1087       -331.00024048         -1.60000000       -128.00009583
    1088         91.04975925        -65.50478190       -128.00000000
    1089         91.04975925         -1.59996375       -128.00000000
    1090         90.05042427        -65.50478190       -128.00000000
    1091         90.05042427         -1.59996375       -128.00000000
    1092       -141.65003064        -66.31896967       -128.00000000
    1093       -141.65003064         -1.60054397       -128.00000000
    1094       -149.99957756         -1.59967764       -128.00000000
    1095       -149.99957756        -62.93128782       -128.00000000
    1096       -207.49959229        -39.62997173       -128.00000000
    1097       -207.49959229         -1.60000000       -128.00000000
    1098       -179.99957896         -1.60000000       -128.00000000
    1099       -179.99957896        -50.77542535       -128.00000000
    1100       -177.50000000        -51.75042535       -128.00000000
    1101       -177.50000000         -1.50620000       -128.00000000
    1102         55.00000000        -83.99896263       -128.00000027
    1103         55.00000000         -1.59994090       -128.00000027
    1104       -282.17957400        -23.15837250       -128.00000000
    1105       -282.17957400         -1.60000000       -128.00000000
    1106       -274.25025327        -25.94247232       -128.00000000
    1107       -274.25025327         -1.60000000       -128.00000000
    1108       -551.00000000         -1.60000000       -128.00009583
    1109       -550.99957852         -6.00000121       -128.00000000
    1110       -269.99957383        -25.94247232       -128.00000000
    1111       -269.99957400         -1.60000000       -128.00000000
    1112         -8.99957900        -94.18093851       -128.00022400
    1113          6.00042100         -1.59994090       -128.00000027
    1114       -331.00024048        -18.31196888        -69.00009583
    1115       -331.00024048        -18.31196888       -128.00009583
    1116       -350.99957852        -16.18200121       -128.00000000
    1117       -350.99957852        -16.18200121        -69.00000000
    1118        377.00041543        -16.18181053        152.50000320
    1119        427.00041543        -16.18181053        152.50000320
    1120        427.00041543        -16.18181053        144.99900000
    1121        377.00041543        -16.18181053        144.99900000
    1122       -400.99957852        -16.18200121        142.00000000
    1123       -450.99957852        -16.18200121        142.00000000
    1124       -450.99957852        -16.18200121        143.71900000
    1125       -400.99957852        -16.18200121        143.71900000
    1126       -230.00024727        -49.81197173         83.69100000
    1127       -230.00024727        -49.81197173         99.99990967
    1128       -209.99958035        -49.81197173         99.99990967
    1129       -209.99958035        -49.81197173         83.69100000
    1130        202.49975342        -22.46839206        131.00000000
    1131        202.49975342        -22.46839206         31.00000000
    1132        181.70041914        -26.07984052         30.99983347
    1133        181.70041914        -26.07984052        130.99983347
    1134       -400.99957852        -16.18200121         45.65900000
    1135       -400.99957852        -16.18200121         31.00000000
    1136       -450.99957852        -16.18200121         31.00000000
    1137       -450.99957852        -16.18200121         45.65900000
    1138        377.00041543        -16.18181053        143.80300000
    1139        427.00041543        -16.18181053        143.80300000
    1140        427.00041543        -16.18181053        137.25000000
    1141        377.00041543        -16.18181053        137.25000000
    1142       -450.99957852        -16.18200121        144.99900000
    1143       -500.99957852        -16.18200121        144.99900000
    1144       -500.99957852        -16.18200121        152.50000320
    1145       -450.99957852        -16.18200121        152.50000320
    1146       -149.99957756        -73.11328782        -69.00000000
    1147       -149.99957756        -73.11328782       -128.00000000
    1148       -177.50000000        -61.93242535       -128.00000000
    1149       -177.50000000        -61.93242535        -69.00000000
    1150        211.48442983        -16.74558369        -69.00000000
    1151        211.48442983        -16.74558369       -128.00000000
    1152        202.49975342        -22.46839206       -128.00000000
    1153        202.49975342        -22.46839206        -69.00000000
    1154       -299.99958452        -26.54979163         31.00000000
    1155       -299.99958452        -26.54979163        -69.00000000
    1156       -321.00023691        -18.31196888        -69.00000000
    1157       -321.00023691        -18.31196888         31.00000000
    1158       -209.99958035        -49.81197173         45.65900000
    1159       -230.00024727        -49.81197173         45.65900000
    1160       -209.99958035        -49.81197173         31.00000000
    1161       -230.00024727        -49.81197173         31.00000000
    1162       -450.99957852        -16.18200121        -69.00000000
    1163       -450.99957852        -16.18200121       -128.00000000
    1164       -500.99957852        -16.18200121       -128.00000000
    1165       -500.99957852        -16.18200121        -69.00000000
    1166       -550.99957852        -16.18200121        144.99900000
    1167       -550.99957852        -16.18200121        152.50000320
    1168       -500.99957852        -16.18200121        142.00000000
    1169       -500.99957852        -16.18200121         83.69100000
    1170       -550.99957852        -16.18200121         83.69100000
    1171       -550.99957852        -16.18200121        142.00000000
    1172        181.70041914        -26.07984052       -128.00016653
    1173        181.70041914        -26.07984052        -69.00016653
    1174       -331.00024048        -18.31196888         30.99990417
    1175       -350.99957852        -16.18200121         31.00000000
    1176       -114.00024406        -91.06197059        -69.00000000
    1177       -114.00024406        -91.06197059       -128.00000000
    1178       -119.79958082        -87.36367816       -128.00000000
    1179       -119.79958082        -87.36367816        -69.00000000
    1180       -114.00024406        -91.06197059         45.65900000
    1181       -114.00024406        -91.06197059         31.00000000
    1182       -119.79958082        -87.36367816         31.00000000
    1183       -119.79958082        -87.36367816         45.65900000
    1184       -114.00024406        -91.06197059         51.99990867
    1185       -119.99958082        -87.36367816         54.19996582
    1186         60.00042288        -94.22718939         31.00000000
    1187         60.00042288        -94.22718939        -69.00000000
    1188         55.00000000        -94.18096263        -69.00000027
    1189         55.00000000        -94.18096263         30.99999973
    1190       -400.99957852        -16.18200121        152.50000320
    1191       -450.99957852        -16.18200121        153.00000059
    1192       -400.99957852        -16.18200121        153.00000059
    1193       -179.99957896        -60.95742535         83.69100000
    1194       -179.99957896        -60.95742535         45.65900000
    1195       -207.49959229        -49.81197173         45.65900000
    1196       -207.49959229        -49.81197173         83.69100000
    1197       -179.99957896        -60.95742535         85.30001151
    1198       -207.49959229        -49.81197173         99.99990967
    1199       -550.99957852        -16.18200121        153.00000059
    1200       -500.99957852        -16.18200121        153.00000059
    1201       -269.99957383        -36.12447232         31.00000000
    1202       -269.99957383        -36.12447232        -69.00000000
    1203       -274.25025327        -36.12447232        -69.00000000
    1204       -274.25025327        -36.12447232         31.00000000
    1205       -321.00023691        -18.31196888         45.65900000
    1206       -329.37957661        -18.31196888         31.00000000
    1207       -329.37957661        -18.31196888         45.65900000
    1208       -299.99958452        -26.54979163         83.69100000
    1209       -299.99958452        -26.54979163         45.65900000
    1210       -321.00023691        -18.31196888         83.69100000
    1211       -350.99957852        -16.18200121         83.69100000
    1212       -350.99957852        -16.18200121         45.65900000
    1213       -400.99957852        -16.18200121         83.69100000
    1214       -239.99958174        -43.83264368         83.69100000
    1215       -239.99958174        -43.83264368         45.65900000
    1216       -264.25024971        -36.12447232         45.65900000
    1217       -264.25024971        -36.12447232         83.69100000
    1218         91.04975925        -75.68678190        -69.00000000
    1219         91.04975925        -75.68678190       -128.00000000
    1220         90.05042427        -75.68678190       -128.00000000
    1221         90.05042427        -75.68678190        -69.00000000
    1222        221.99999897        -16.18181050        152.50000000
    1223        227.00041543        -16.18181053        152.50000320
    1224        227.00041543        -16.18181053        144.99900000
    1225        212.15685698        -16.18181053        144.99887036
    1226       -239.99958174        -43.83264368        -69.00000000
    1227       -239.99958174        -43.83264368       -128.00000000
    1228       -264.25024971        -36.12447232       -128.00000000
    1229       -264.25024971        -36.12447232        -69.00000000
    1230       -500.99957852        -16.18200121         31.00000000
    1231       -550.99957852        -16.18200121        -69.00000000
    1232       -550.99957852        -16.18200121         31.00000000
    1233       -299.99958452        -26.54979163        131.33214670
    1234       -282.17957400        -33.34037250        122.12186200
    1235       -282.17957400        -33.34037250         83.69100000
    1236       -450.99957852        -16.18200121         83.69100000
    1237       -207.49959229        -49.81197173        -69.00000000
    1238       -207.49959229        -49.81197173       -128.00000000
    1239       -209.99958035        -49.81197173       -128.00000000
    1240       -209.99958035        -49.81197173        -69.00000000
    1241        -59.99997906        -94.18115157         44.99999973
    1242        -59.99997906        -94.18115157         30.99999973
    1243        -89.99957943        -94.18115157        -69.00000027
    1244        -89.99957943        -94.18115157       -128.00000027
    1245        -90.62024387        -94.06197076       -128.00009369
    1246        -90.62024387        -94.06197076        -69.00009369
    1247       -177.50000000        -61.93242535         83.69097151
    1248       -149.99957756        -73.11328782         69.26248512
    1249       -149.99957756        -73.11328782         45.65900000
    1250       -177.50000000        -61.93242535         45.65900000
    1251       -179.99957896        -60.95742535         31.00000000
    1252       -207.49959229        -49.81197173         31.00000000
    1253       -135.00024596        -87.35797049       -128.00000000
    1254       -135.00024596        -87.35797049        -69.00000000
    1255        327.00041543        -16.18181053        137.25000000
    1256        377.00041543        -16.18181053        131.00000000
    1257        327.00041543        -16.18181053        131.00000000
    1258       -135.00024596        -87.35797049         31.00000000
    1259        109.87508100        -61.88405950         31.00000000
    1260        109.87508100        -61.88405950        -69.00000000
    1261         91.04975925        -75.68678190         31.00000000
    1262       -350.99957852        -16.18200121        152.50000320
    1263       -350.99957852        -16.18200121        153.00000059
    1264       -179.99957896        -60.95742535       -128.00000000
    1265       -179.99957896        -60.95742535        -69.00000000
    1266       -141.65003064        -76.50096967        -69.00000000
    1267       -141.65003064        -76.50096967       -128.00000000
    1268       -331.00024048        -18.31196888         45.65900000
    1269        180.00041914        -26.12984052         30.99983347
    1270        180.00041914        -26.12984052        130.99983347
    1271        109.87508100        -61.88405950       -128.00000000
    1272       -350.99957852        -16.18200121        144.99900000
    1273       -400.99957852        -16.18200121        144.99900000
    1274        227.00041543        -16.18181053        153.00000059
    1275        277.00041543        -16.18181053        153.00000059
    1276        277.00041543        -16.18181053        152.50000320
    1277       -350.99957852        -16.18200121        142.00000000
    1278       -350.99957852        -16.18200121        143.71900000
    1279       -274.25025327        -36.12447232        118.24991199
    1280       -274.25025327        -36.12447232         83.69100000
    1281        150.00042705        -44.66219304         31.00000000
    1282        150.00042705        -44.66219304        107.02503010
    1283       -177.50000000        -61.93242535         31.00000000
    1284        427.00041543        -16.18181053        144.44900000
    1285        377.00041543        -16.18181053        144.44900000
    1286       -329.37957661        -18.31196888        -69.00000000
    1287       -500.99957852        -16.18200121        143.71900000
    1288       -550.99957852        -16.18200121        143.71900000
    1289        119.99974727        -54.31178079         93.99990381
    1290        119.99974727        -54.31178079         31.00000000
    1291        109.87508100        -61.88405950         83.99950500
    1292       -331.00024048        -18.31196888        141.99990417
    1293       -331.00024048        -18.31196888         83.69090417
    1294         55.00000000        -94.18096263         40.99999973
    1295        211.48442983        -16.74558369         31.00000000
    1296       -333.22957700        -17.14196887        143.71890417
    1297         86.01997312        -75.68678190         31.00000000
    1298         86.01997312        -75.68678190        -69.00000000
    1299        377.00041543        -16.18181053         31.00000000
    1300        377.00041543        -16.18181053        -69.00000000
    1301        327.00041543        -16.18181053        -69.00000000
    1302        327.00041543        -16.18181053         31.00000000
    1303        -90.62024387        -94.06197076         30.99990631
    1304        -90.62024387        -94.06197076         45.65890631
    1305        -89.99957943        -94.18115157         45.49999973
    1306        -89.99957943        -94.18115157         30.99999973
    1307       -400.99957852        -16.18200121        -69.00000000
    1308       -400.99957852        -16.18200121       -128.00000000
    1309        -59.99997906        -94.18115157        -69.00000027
    1310        -59.99997906        -94.18115157       -128.00000027
    1311        180.00041914        -26.12984052       -128.00016653
    1312        180.00041914        -26.12984052        -69.00016653
    1313        211.48442983        -16.74558369        143.80300000
    1314        210.62042983        -17.07858369        143.80317590
    1315        210.62042983        -16.74558369        144.44917590
    1316        211.48442983        -16.74558369        144.44917590
    1317       -239.99958174        -43.83264368         31.00000000
    1318        134.99976191        -54.31178079        -69.00000000
    1319        134.99976191        -54.31178079       -128.00000000
    1320        119.99974727        -54.31178079       -128.00000000
    1321        119.99974727        -54.31178079        -69.00000000
    1322        227.00041543        -16.18181053        143.80300000
    1323        277.00041543        -16.18181053        143.80300000
    1324        277.00041543        -16.18181053        137.25000000
    1325        227.00041543        -16.18181053        137.25000000
    1326         86.01997312        -75.68678190       -128.00000000
    1327        134.99976191        -54.31178079         93.99990381
    1328        134.99976191        -54.31178079         31.00000000
    1329        327.00041543        -16.18181053        152.50000320
    1330        327.00041543        -16.18181053        144.99900000
    1331       -135.00024596        -87.35797049         45.65900000
    1332       -264.25024971        -36.12447232         31.00000000
    1333       -269.99957383        -36.12447232         45.65900000
    1334       -141.65003064        -76.50096967         31.00000000
    1335       -149.99957756        -73.11328782         31.00000000
    1336       -321.00023691        -18.31196888       -128.00000000
    1337       -329.37957661        -18.31196888       -128.00000000
    1338        277.00041543        -16.18181053        144.99900000
    1339        327.00041543        -16.18181053        144.44900000
    1340        277.00041543        -16.18181053        144.44900000
    1341         60.00042288        -94.22718939       -128.00000000
    1342         55.00000000        -94.18096263       -128.00000027
    1343       -177.44000000        -61.08742535         84.82697151
    1344       -335.05733237        -16.18200121        144.99887036
    1345        277.00041543        -16.18181053        131.00000000
    1346       -329.37957661        -18.31196888         83.69100000
    1347       -274.25025327        -36.12447232         45.65900000
    1348       -282.17957400        -33.34037250         45.65900000
    1349        427.00041543        -16.18181053        -69.00000000
    1350        427.00041543        -16.18181053       -128.00000000
    1351        377.00041543        -16.18181053       -128.00000000
    1352       -269.99957383        -36.12447232         83.69100000
    1353        -95.00024565        -91.06197059         49.49990867
    1354        227.00041543        -16.18181053        144.44900000
    1355        150.00042705        -44.66219304        -69.00000000
    1356        150.00042705        -44.66219304       -128.00000000
    1357       -299.99958452        -26.54979163       -128.00000000
    1358        427.00041543        -16.18181053         31.00000000
    1359       -141.65003064        -76.50096967         64.80224420
    1360       -141.65003064        -76.50096967         45.65900000
    1361       -269.99957383        -36.12447232        118.24991199
    1362       -264.25024971        -36.12447232        118.24991199
    1363        327.00041543        -16.18181053        143.80300000
    1364        227.00041543        -16.18181053        131.00000000
    1365        227.00041543        -16.18181053         31.00000000
    1366        211.48442983        -16.74558369        131.00000000
    1367        211.48442983        -16.74558369        137.25000000
    1368        202.49975342        -22.46839206        137.25043142
    1369       -230.00024727        -49.81197173        -69.00000000
    1370       -230.00024727        -49.81197173       -128.00000000
    1371       -282.17957400        -33.34037250         31.00000000
    1372       -282.17957400        -33.34037250        -69.00000000
    1373         86.01997312        -75.68678190         65.49990853
    1374         60.00042288        -94.22718939         44.95003027
    1375         91.04975925        -75.68678190         65.49990853
    1376         90.05042427        -75.68678190         31.00000000
    1377         90.05042427        -75.68678190         65.49990853
    1378        427.00041543        -16.18181053        131.00000000
    1379       -269.99957383        -36.12447232       -128.00000000
    1380       -500.99957852        -16.18200121         45.65900000
    1381       -550.99957852        -16.18200121         45.65900000
    1382        227.00041543        -16.18181053        -69.00000000
    1383        227.00041543        -16.18181053       -128.00000000
    1384        327.00041543        -16.18181053       -128.00000000
    1385        327.00041543        -16.18181053        153.00000059
    1386        277.00041543        -16.18181053        -69.00000000
    1387        277.00041543        -16.18181053       -128.00000000
    1388       -329.37957661        -18.31196888        141.99990417
    1389       -321.00023691        -18.31196888        141.99990417
    1390        187.60000000        -22.12984052        137.73483347
    1391        277.00041543        -16.18181053         31.00000000
    1392       -135.00024596        -87.35797049         54.19990784
    1393       -274.25025327        -36.12447232       -128.00000000
    1394       -282.17957400        -33.34037250       -128.00000000
    1395       -239.99958174        -43.83264368        108.50034397
    1396        377.00041543        -16.18181053        153.00000059
    1397       -550.99957852        -16.18200121       -128.00000000
    1398       -346.00048770        -16.18200121        152.49877537
    1399        427.00041543        -16.18181053        153.00000059
    1400         91.04975925       -175.68678190       -128.00000000
    1401         90.05042427       -175.68678190       -128.00000000
    1402         90.05042427       -175.68678190        -69.00000000
    1403         91.04975925       -175.68678190        -69.00000000
    1404        -20.99957900       -194.18093851         30.99977600
    1405        -23.99958000       -194.18093851         30.99977600
    1406        -23.99958000       -194.18093851         40.99977600
    1407        -20.99957900       -194.18093851         40.99977600
    1408       -179.99957896       -160.95742535        -69.00000000
    1409       -207.49959229       -149.81197173        -69.00000000
    1410       -207.49959229       -149.81197173         31.00000000
    1411       -179.99957896       -160.95742535         31.00000000
    1412       -209.99958035       -149.81197173         99.99990967
    1413       -207.49959229       -149.81197173         99.99990967
    1414       -207.49959229       -149.81197173         83.69100000
    1415       -209.99958035       -149.81197173         83.69100000
    1416        227.00041543       -116.18181053         31.00000000
    1417        211.48442983       -116.74558369         31.00000000
    1418        211.48442983       -116.74558369        131.00000000
    1419        227.00041543       -116.18181053        131.00000000
    1420       -135.00024596       -187.35797049         31.00000000
    1421       -141.65003064       -176.50096967         31.00000000
    1422       -141.65003064       -176.50096967         45.65900000
    1423       -135.00024596       -187.35797049         45.65900000
    1424        -35.99958018       -194.18093851         43.31977600
    1425        -35.99958018       -194.18093851         30.99977600
    1426        -38.99957846       -194.18093851         30.99977649
    1427        -38.99957846       -194.18093851         43.31977649
    1428        427.00041543       -116.18181053        -69.00000000
    1429        377.00041543       -116.18181053        -69.00000000
    1430        377.00041543       -116.18181053         31.00000000
    1431        427.00041543       -116.18181053         31.00000000
    1432        327.00041543       -116.18181053        143.80300000
    1433        327.00041543       -116.18181053        137.25000000
    1434        277.00041543       -116.18181053        137.25000000
    1435        277.00041543       -116.18181053        143.80300000
    1436         90.05042427       -175.68678190         31.00000000
    1437         91.04975925       -175.68678190         31.00000000
    1438       -331.00024048       -118.31196888         45.65890417
    1439       -350.99957852       -116.18200121         45.65900000
    1440       -350.99957852       -116.18200121         83.69100000
    1441       -331.00024048       -118.31196888         83.69090417
    1442        377.00041543       -116.18181053        152.50000320
    1443        377.00041543       -116.18181053        144.99900000
    1444        327.00041543       -116.18181053        144.99900000
    1445        327.00041543       -116.18181053        152.50000320
    1446       -450.99957852       -116.18200121        152.50000320
    1447       -450.99957852       -116.18200121        153.00000059
    1448       -400.99957852       -116.18200121        153.00000059
    1449       -400.99957852       -116.18200121        152.50000320
    1450        202.49975342       -122.46839206        131.00000000
    1451        202.49975342       -122.46839206        137.25043142
    1452        211.48442983       -116.74558369        137.25000000
    1453       -400.99957852       -116.18200121       -128.00000000
    1454       -450.99957852       -116.18200121       -128.00000000
    1455       -450.99957852       -116.18200121        -69.00000000
    1456       -400.99957852       -116.18200121        -69.00000000
    1457       -550.99957852       -116.18200121        152.50000320
    1458       -550.99957852       -116.18200121        153.00000059
    1459       -500.99957852       -116.18200121        153.00000059
    1460       -500.99957852       -116.18200121        152.50000320
    1461       -550.99957852       -116.18200121        143.71900000
    1462       -550.99957852       -116.18200121        144.99900000
    1463       -500.99957852       -116.18200121        144.99900000
    1464       -500.99957852       -116.18200121        143.71900000
    1465        210.62042983       -117.07858369        143.80317590
    1466        210.62042983       -116.74558369        144.44917590
    1467        211.48442983       -116.74558369        144.44917590
    1468        211.48442983       -116.74558369        143.80300000
    1469       -282.17957400       -133.34037250       -128.00000000
    1470       -299.99958452       -126.54979163       -128.00000000
    1471       -299.99958452       -126.54979163        -69.00000000
    1472       -282.17957400       -133.34037250        -69.00000000
    1473        109.87508100       -161.88405950        -69.00000000
    1474        109.87508100       -161.88405950         31.00000000
    1475        227.00041543       -116.18181053        137.25000000
    1476        181.70041914       -126.07984052        -69.00016653
    1477        180.00041914       -126.12984052        -69.00016653
    1478        180.00041914       -126.12984052         30.99983347
    1479        181.70041914       -126.07984052         30.99983347
    1480       -282.17957400       -133.34037250         45.65900000
    1481       -299.99958452       -126.54979163         45.65900000
    1482       -299.99958452       -126.54979163         83.69100000
    1483       -282.17957400       -133.34037250         83.69100000
    1484       -550.99957852       -116.18200121        142.00000000
    1485       -500.99957852       -116.18200121        142.00000000
    1486       -333.22957700       -117.14196888        143.71890417
    1487       -331.00024048       -118.31196888        141.99990417
    1488       -350.99957852       -116.18200121        142.00000000
    1489       -350.99957852       -116.18200121        143.71900000
    1490       -500.99957852       -116.18200121       -128.00000000
    1491       -500.99957852       -116.18200121        -69.00000000
    1492        277.00041543       -116.18181053        144.99900000
    1493        277.00041543       -116.18181053        144.44900000
    1494        227.00041543       -116.18181053        144.44900000
    1495        227.00041543       -116.18181053        144.99900000
    1496       -239.99958174       -143.83264368        -69.00000000
    1497       -264.25024971       -136.12447232        -69.00000000
    1498       -264.25024971       -136.12447232         31.00000000
    1499       -239.99958174       -143.83264368         31.00000000
    1500       -177.50000000       -161.93242535         45.65897151
    1501       -179.99957896       -160.95742535         45.65900000
    1502       -179.99957896       -160.95742535         83.69100000
    1503       -177.50000000       -161.93242535         83.69097151
    1504         90.05042427       -175.68678190         65.49990853
    1505         91.04975925       -175.68678190         65.49990853
    1506       -141.65003064       -176.50096967       -128.00000000
    1507       -149.99957756       -173.11328782       -128.00000000
    1508       -149.99957756       -173.11328782        -69.00000000
    1509       -141.65003064       -176.50096967        -69.00000000
    1510        -38.99957846       -194.18115157       -128.00000027
    1511        -59.99997906       -194.18115157       -128.00000027
    1512        -59.99997906       -194.18115157        -69.00000027
    1513        -38.99957846       -194.18115157        -69.00000027
    1514       -299.99958452       -126.54979163        131.33214670
    1515       -282.17957400       -133.34037250        122.12186200
    1516       -335.05733237       -116.18200121        144.99887036
    1517       -350.99957852       -116.18200121        144.99900000
    1518       -400.99957852       -116.18200121         45.65900000
    1519       -400.99957852       -116.18200121         83.69100000
    1520       -177.44000000       -161.08742535         84.82697151
    1521       -179.99957896       -160.95742535         85.30001151
    1522       -321.00023691       -118.31196888        -69.00000000
    1523       -329.37957661       -118.31196888        -69.00000000
    1524       -329.37957661       -118.31196888         31.00000000
    1525       -321.00023691       -118.31196888         31.00000000
    1526        -20.99957900       -194.18093851        -69.00022400
    1527        -20.99957900       -194.18093851       -128.00022400
    1528        -23.99958000       -194.18093851       -128.00022400
    1529        -23.99958000       -194.18093851        -69.00022400
    1530         -5.99958100       -194.18093851         30.99977600
    1531         -8.99957900       -194.18093851         30.99977600
    1532         -8.99957900       -194.18093851         40.99977600
    1533         -5.99958100       -194.18093851         40.99977600
    1534       -269.99957383       -136.12447232        -69.00000000
    1535       -269.99957383       -136.12447232         31.00000000
    1536        227.00041543       -116.18181053        143.80300000
    1537        -35.99958018       -194.18093851        -69.00022400
    1538       -119.99958082       -187.36367816         31.00000000
    1539       -119.99958082       -187.36367816         45.65900000
    1540       -209.99958035       -149.81197173        -69.00000000
    1541       -209.99958035       -149.81197173         31.00000000
    1542        119.99974727       -154.31178079        -69.00000000
    1543        119.99974727       -154.31178079         31.00000000
    1544        134.99976191       -154.31178079        -69.00000000
    1545        134.99976191       -154.31178079         31.00000000
    1546       -331.00024048       -118.31196888        -69.00009583
    1547       -350.99957852       -116.18200121        -69.00000000
    1548       -350.99957852       -116.18200121         31.00000000
    1549       -331.00024048       -118.31196888         30.99990417
    1550        119.99974727       -154.31178079       -128.00000000
    1551        109.87508100       -161.88405950       -128.00000000
    1552       -450.99957852       -116.18200121        143.71900000
    1553       -450.99957852       -116.18200121        142.00000000
    1554        150.00042705       -144.66219304         31.00000000
    1555        134.99976191       -154.31178079         93.99990381
    1556        150.00042705       -144.66219304        107.02503010
    1557       -450.99957852       -116.18200121         83.69100000
    1558       -500.99957852       -116.18200121         83.69100000
    1559        -89.99957943       -194.18115157       -128.00000027
    1560        -90.62024387       -194.06197076       -128.00009369
    1561        -90.62024387       -194.06197076        -69.00009369
    1562        -89.99957943       -194.18115157        -69.00000027
    1563        377.00041543       -116.18181053        143.80300000
    1564        377.00041543       -116.18181053        137.25000000
    1565         21.00042200       -194.18093851        -69.00022400
    1566         21.00042200       -194.18093851       -128.00022400
    1567          9.00042000       -194.18093851       -128.00022400
    1568          9.00042000       -194.18093851        -69.00022400
    1569         86.01997312       -175.68678190         31.00000000
    1570         60.00042288       -194.22718939         31.00000000
    1571         60.00042288       -194.22718939         44.95003027
    1572         86.01997312       -175.68678190         65.49990853
    1573        202.49975342       -122.46839206        -69.00000000
    1574        202.49975342       -122.46839206         31.00000000
    1575       -149.99957756       -173.11328782         31.00000000
    1576       -177.50000000       -161.93242535         31.00000000
    1577       -149.99957756       -173.11328782         45.65900000
    1578       -400.99957852       -116.18200121        143.71900000
    1579       -400.99957852       -116.18200121        142.00000000
    1580         86.01997312       -175.68678190       -128.00000000
    1581         86.01997312       -175.68678190        -69.00000000
    1582       -299.99958452       -126.54979163         31.00000000
    1583       -282.17957400       -133.34037250         31.00000000
    1584        377.00041543       -116.18181053        153.00000059
    1585        327.00041543       -116.18181053        153.00000059
    1586        181.70041914       -126.07984052       -128.00016653
    1587        180.00041914       -126.12984052       -128.00016653
    1588        211.48442983       -116.74558369       -128.00000000
    1589        202.49975342       -122.46839206       -128.00000000
    1590        211.48442983       -116.74558369        -69.00000000
    1591       -400.99957852       -116.18200121        144.99900000
    1592        -35.99958018       -194.18093851       -128.00022400
    1593       -239.99958174       -143.83264368        108.50034397
    1594       -230.00024727       -149.81197173         99.99990967
    1595       -230.00024727       -149.81197173         83.69100000
    1596       -239.99958174       -143.83264368         83.69100000
    1597         -8.99957900       -194.18093851        -69.00022400
    1598       -269.99957383       -136.12447232       -128.00000000
    1599       -274.25025327       -136.12447232       -128.00000000
    1600       -274.25025327       -136.12447232        -69.00000000
    1601         24.00042500       -194.18093851        -69.00022400
    1602         24.00042500       -194.18093851       -128.00022400
    1603         24.00042500       -194.18093851         30.99977600
    1604         21.00042200       -194.18093851         30.99977600
    1605         21.00042200       -194.18093851         40.99977600
    1606         24.00042500       -194.18093851         40.99977600
    1607       -264.25024971       -136.12447232         45.65900000
    1608       -269.99957383       -136.12447232         45.65900000
    1609       -269.99957383       -136.12447232         83.69100000
    1610       -264.25024971       -136.12447232         83.69100000
    1611       -230.00024727       -149.81197173        -69.00000000
    1612       -230.00024727       -149.81197173         31.00000000
    1613       -450.99957852       -116.18200121        144.99900000
    1614        227.00041543       -116.18181053        -69.00000000
    1615         55.00000000       -194.18096263       -128.00000027
    1616         39.00042097       -194.18096263       -128.00000027
    1617         39.00042097       -194.18096263        -69.00000027
    1618         55.00000000       -194.18096263        -69.00000027
    1619        327.00041543       -116.18181053        144.44900000
    1620        427.00041543       -116.18181053        137.25000000
    1621        427.00041543       -116.18181053        131.00000000
    1622        377.00041543       -116.18181053        131.00000000
    1623       -329.37957661       -118.31196888        141.99990417
    1624       -321.00023691       -118.31196888        141.99990417
    1625       -321.00023691       -118.31196888         83.69100000
    1626       -329.37957661       -118.31196888         83.69100000
    1627         55.00000000       -194.18096263         30.99999973
    1628         39.00042097       -194.18096263         30.99999973
    1629         39.00042097       -194.18096263         40.99999973
    1630         55.00000000       -194.18096263         40.99999973
    1631       -209.99958035       -149.81197173         45.65900000
    1632       -230.00024727       -149.81197173         45.65900000
    1633       -500.99957852       -116.18200121         31.00000000
    1634       -450.99957852       -116.18200121         31.00000000
    1635        327.00041543       -116.18181053        131.00000000
    1636       -179.99957896       -160.95742535       -128.00000000
    1637       -207.49959229       -149.81197173       -128.00000000
    1638        109.87508100       -161.88405950         83.99950500
    1639       -177.50000000       -161.93242535        -69.00000000
    1640       -274.25025327       -136.12447232        118.24991199
    1641       -269.99957383       -136.12447232        118.24991199
    1642       -274.25025327       -136.12447232         83.69100000
    1643       -239.99958174       -143.83264368         45.65900000
    1644       -550.99957852       -116.18200121         83.69100000
    1645       -550.99957852       -116.18200121         31.00000000
    1646       -550.99957852       -116.18200121         45.65900000
    1647       -500.99957852       -116.18200121         45.65900000
    1648         36.00041804       -194.18093851         30.99977600
    1649         36.00041804       -194.18093851         40.99977600
    1650       -274.25025327       -136.12447232         45.65900000
    1651        277.00041543       -116.18181053        152.50000320
    1652        277.00041543       -116.18181053        153.00000059
    1653       -400.99957852       -116.18200121         31.00000000
    1654        427.00041543       -116.18181053        143.80300000
    1655       -321.00023691       -118.31196888         45.65900000
    1656        -90.62024387       -194.06197076         30.99990631
    1657        -89.99957943       -194.18115157         30.99999973
    1658        181.70041914       -126.07984052        130.99983347
    1659       -329.37957661       -118.31196888         45.65900000
    1660       -321.00023691       -118.31196888       -128.00000000
    1661       -114.00024406       -191.06197059         31.00000000
    1662       -114.00024406       -191.06197059         45.65900000
    1663        -90.62024387       -194.06197076         45.65890631
    1664       -346.00048770       -116.18200121        152.49877537
    1665       -350.99957852       -116.18200121        152.50000320
    1666          9.00042000       -194.18093851         30.99977600
    1667        -89.99957943       -194.18115157         45.49999973
    1668          0.00000000       -194.18093851        -69.00022400
    1669          0.00000000       -194.18093851       -128.00022400
    1670         -5.99958100       -194.18093851       -128.00022400
    1671         -5.99958100       -194.18093851        -69.00022400
    1672       -264.25024971       -136.12447232        118.24991199
    1673        377.00041543       -116.18181053       -128.00000000
    1674        327.00041543       -116.18181053       -128.00000000
    1675        327.00041543       -116.18181053        -69.00000000
    1676       -119.99958082       -187.36367816        -69.00000000
    1677       -135.00024596       -187.35797049        -69.00000000
    1678       -450.99957852       -116.18200121         45.65900000
    1679          6.00042100       -194.18093851         30.99977600
    1680          0.00000000       -194.18093851         30.99977600
    1681          0.00000000       -194.18093851         40.99977600
    1682          6.00042100       -194.18093851         40.99977600
    1683        227.00041543       -116.18181053        152.50000320
    1684        227.00041543       -116.18181053        153.00000059
    1685          6.00042100       -194.18093851        -69.00022400
    1686       -550.99957852       -116.18200121       -128.00000000
    1687       -550.99957852       -116.18200121        -69.00000000
    1688       -331.00024048       -118.31196888       -128.00009583
    1689       -350.99957852       -116.18200121       -128.00000000
    1690       -329.37957661       -118.31196888       -128.00000000
    1691        150.00042705       -144.66219304        -69.00000000
    1692        427.00041543       -116.18181053        152.50000320
    1693        427.00041543       -116.18181053        144.99900000
    1694         36.00041804       -194.18093851        -69.00022400
    1695         36.00041804       -194.18093851       -128.00022400
    1696        212.15685698       -116.18181053        144.99887036
    1697        221.99999897       -116.18181050        152.50000000
    1698        427.00041543       -116.18181053        153.00000059
    1699         -8.99957900       -194.18093851       -128.00022400
    1700       -207.49959229       -149.81197173         45.65900000
    1701          9.00042000       -194.18093851         40.99977600
    1702       -135.00024596       -187.35797049       -128.00000000
    1703       -119.99958082       -187.36367816       -128.00000000
    1704        -59.99997906       -194.18115157         30.99999973
    1705        277.00041543       -116.18181053        131.00000000
    1706        377.00041543       -116.18181053        144.44900000
    1707         60.00042288       -194.22718939       -128.00000000
    1708         60.00042288       -194.22718939        -69.00000000
    1709       -209.99958035       -149.81197173       -128.00000000
    1710       -114.00024406       -191.06197059        -69.00000000
    1711        277.00041543       -116.18181053       -128.00000000
    1712        227.00041543       -116.18181053       -128.00000000
    1713        277.00041543       -116.18181053        -69.00000000
    1714        327.00041543       -116.18181053         31.00000000
    1715       -177.50000000       -161.93242535       -128.00000000
    1716          6.00042100       -194.18093851       -128.00022400
    1717       -230.00024727       -149.81197173       -128.00000000
    1718        150.00042705       -144.66219304       -128.00000000
    1719        134.99976191       -154.31178079       -128.00000000
    1720       -135.00024596       -187.35797049         54.19990784
    1721       -119.99958082       -187.36367816         54.19996582
    1722        180.00041914       -126.12984052        130.99983347
    1723        277.00041543       -116.18181053         31.00000000
    1724        427.00041543       -116.18181053       -128.00000000
    1725       -114.00024406       -191.06197059         51.99990867
    1726       -141.65003064       -176.50096967         64.80224420
    1727        -59.99997906       -194.18115157         44.99999973
    1728       -264.25024971       -136.12447232       -128.00000000
    1729       -274.25025327       -136.12447232         31.00000000
    1730       -114.00024406       -191.06197059       -128.00000000
    1731        119.99974727       -154.31178079         93.99990381
    1732       -350.99957852       -116.18200121        153.00000059
    1733        187.60000000       -122.12984052        137.73483347
    1734        -95.00024565       -191.06197059         49.49990867
    1735        427.00041543       -116.18181053        144.44900000
    1736       -149.99957756       -173.11328782         69.26248512
    1737       -239.99958174       -143.83264368       -128.00000000
    1738       -550.99957852       -216.18200121        143.71900000
    1739       -500.99957852       -216.18200121        143.71900000
    1740       -500.99957852       -216.18200121        142.00000000
    1741       -550.99957852       -216.18200121        142.00000000
    1742       -209.99958035       -249.81197173         45.65900000
    1743       -209.99958035       -249.81197173         83.69100000
    1744       -207.49959229       -249.81197173         83.69100000
    1745       -207.49959229       -249.81197173         45.65900000
    1746        -38.99957846       -294.18115157         30.99999973
    1747        -59.99997906       -294.18115157         30.99999973
    1748        -59.99997906       -294.18115157         44.99999973
    1749        -38.99957846       -294.18115157         43.31999973
    1750         90.05042427       -275.68678190        -69.00000000
    1751         90.05042427       -275.68678190         31.00000000
    1752         91.04975925       -275.68678190         31.00000000
    1753         91.04975925       -275.68678190        -69.00000000
    1754       -274.25025327       -236.12447232       -128.00000000
    1755       -274.25025327       -236.12447232        -69.00000000
    1756       -269.99957383       -236.12447232        -69.00000000
    1757       -269.99957383       -236.12447232       -128.00000000
    1758         91.04975925       -275.68678190         65.49990853
    1759        109.87508100       -261.88405950         83.99950500
    1760        109.87508100       -261.88405950         31.00000000
    1761        -89.99957943       -294.18115157       -128.00000027
    1762        -89.99957943       -294.18115157        -69.00000027
    1763        -59.99997906       -294.18115157        -69.00000027
    1764        -59.99997906       -294.18115157       -128.00000027
    1765          9.00042000       -294.18093851       -128.00022400
    1766          6.00042100       -294.18093851       -128.00022400
    1767          6.00042100       -294.18093851        -69.00022400
    1768          9.00042000       -294.18093851        -69.00022400
    1769       -331.00024048       -218.31196887        141.99990417
    1770       -350.99957852       -216.18200121        142.00000000
    1771       -350.99957852       -216.18200121        143.71900000
    1772       -333.22957700       -217.14196888        143.71890417
    1773        327.00041543       -216.18181053        131.00000000
    1774        277.00041543       -216.18181053        131.00000000
    1775        277.00041543       -216.18181053        137.25000000
    1776        327.00041543       -216.18181053        137.25000000
    1777        327.00041543       -216.18181053         31.00000000
    1778        377.00041543       -216.18181053        131.00000000
    1779        377.00041543       -216.18181053         31.00000000
    1780       -282.17957400       -233.34037250        -69.00000000
    1781       -282.17957400       -233.34037250         31.00000000
    1782       -274.25025327       -236.12447232         31.00000000
    1783        134.99976191       -254.31178079         31.00000000
    1784        134.99976191       -254.31178079         93.99990381
    1785        150.00042705       -244.66219304        107.02503010
    1786        150.00042705       -244.66219304         31.00000000
    1787        227.00041543       -216.18181053         31.00000000
    1788        227.00041543       -216.18181053        131.00000000
    1789        277.00041543       -216.18181053         31.00000000
    1790       -135.00024596       -287.35797049        -69.00000000
    1791       -135.00024596       -287.35797049         31.00000000
    1792       -119.99958082       -287.36367816         31.00000000
    1793       -119.99958082       -287.36367816        -69.00000000
    1794       -321.00023691       -218.31196887        -69.00000000
    1795       -321.00023691       -218.31196887         31.00000000
    1796       -299.99958452       -226.54979163         31.00000000
    1797       -299.99958452       -226.54979163        -69.00000000
    1798        327.00041543       -216.18181053        -69.00000000
    1799        377.00041543       -216.18181053        -69.00000000
    1800         -8.99957900       -294.18093851         30.99977600
    1801         -8.99957900       -294.18093851         40.99977600
    1802         -5.99958100       -294.18093851         40.99977600
    1803         -5.99958100       -294.18093851         30.99977600
    1804        227.00041543       -216.18181053        144.99900000
    1805        212.15685698       -216.18181053        144.99887036
    1806        221.99999897       -216.18181050        152.50000000
    1807        227.00041543       -216.18181053        152.50000320
    1808       -149.99957756       -273.11328782       -128.00000000
    1809       -149.99957756       -273.11328782        -69.00000000
    1810       -141.65003064       -276.50096967        -69.00000000
    1811       -141.65003064       -276.50096967       -128.00000000
    1812       -209.99958035       -249.81197173        -69.00000000
    1813       -209.99958035       -249.81197173         31.00000000
    1814       -207.49959229       -249.81197173         31.00000000
    1815       -207.49959229       -249.81197173        -69.00000000
    1816        -20.99957900       -294.18093851         30.99977600
    1817        -20.99957900       -294.18093851         40.99977600
    1818        377.00041543       -216.18181053        144.44900000
    1819        327.00041543       -216.18181053        144.44900000
    1820        327.00041543       -216.18181053        144.99900000
    1821        377.00041543       -216.18181053        144.99900000
    1822         60.00042288       -294.22718939        -69.00000000
    1823         60.00042288       -294.22718939         31.00000000
    1824         86.01997312       -275.68678190         31.00000000
    1825         86.01997312       -275.68678190        -69.00000000
    1826         36.00041804       -294.18093851        -69.00022400
    1827         24.00042500       -294.18093851        -69.00022400
    1828         24.00042500       -294.18093851         30.99977600
    1829         36.00041804       -294.18093851         30.99977600
    1830       -400.99957852       -216.18200121        143.71900000
    1831       -400.99957852       -216.18200121        142.00000000
    1832        277.00041543       -216.18181053        -69.00000000
    1833         24.00042500       -294.18093851         40.99977600
    1834         36.00041804       -294.18093851         40.99977600
    1835       -230.00024727       -249.81197173        -69.00000000
    1836       -230.00024727       -249.81197173         31.00000000
    1837        227.00041543       -216.18181053        144.44900000
    1838        211.48442983       -216.74558369        144.44917590
    1839        180.00041914       -226.12984052         30.99983347
    1840        180.00041914       -226.12984052        130.99983347
    1841        181.70041914       -226.07984052        130.99983347
    1842        181.70041914       -226.07984052         30.99983347
    1843       -119.99958082       -287.36367816         45.65900000
    1844       -119.99958082       -287.36367816         54.19996582
    1845       -114.00024406       -291.06197059         51.99990867
    1846       -114.00024406       -291.06197059         45.65900000
    1847       -230.00024727       -249.81197173       -128.00000000
    1848       -209.99958035       -249.81197173       -128.00000000
    1849        109.87508100       -261.88405950        -69.00000000
    1850        119.99974727       -254.31178079         31.00000000
    1851        119.99974727       -254.31178079        -69.00000000
    1852        202.49975342       -222.46839206       -128.00000000
    1853        202.49975342       -222.46839206        -69.00000000
    1854        211.48442983       -216.74558369        -69.00000000
    1855        211.48442983       -216.74558369       -128.00000000
    1856       -329.37957661       -218.31196887        141.99990417
    1857       -329.37957661       -218.31196887         83.69100000
    1858       -331.00024048       -218.31196887         83.69100000
    1859          0.00000000       -294.18093851       -128.00022400
    1860          0.00000000       -294.18093851        -69.00022400
    1861         39.00042097       -294.18096263        -69.00000027
    1862         39.00042097       -294.18096263         30.99999973
    1863         55.00000000       -294.18096263         30.99999973
    1864         55.00000000       -294.18096263        -69.00000027
    1865        277.00041543       -216.18181053       -128.00000000
    1866        327.00041543       -216.18181053       -128.00000000
    1867       -500.99957852       -216.18200121        153.00000059
    1868       -450.99957852       -216.18200121        153.00000059
    1869       -450.99957852       -216.18200121        152.50000320
    1870       -500.99957852       -216.18200121        152.50000320
    1871       -400.99957852       -216.18200121        153.00000059
    1872       -400.99957852       -216.18200121        152.50000320
    1873       -274.25025327       -236.12447232         45.65900000
    1874       -269.99957383       -236.12447232         45.65900000
    1875       -269.99957383       -236.12447232         31.00000000
    1876       -450.99957852       -216.18200121        143.71900000
    1877       -450.99957852       -216.18200121        142.00000000
    1878         21.00042200       -294.18093851        -69.00022400
    1879         21.00042200       -294.18093851         30.99977600
    1880       -500.99957852       -216.18200121        -69.00000000
    1881       -500.99957852       -216.18200121         31.00000000
    1882       -450.99957852       -216.18200121         31.00000000
    1883       -450.99957852       -216.18200121        -69.00000000
    1884         55.00000000       -294.18096263       -128.00000027
    1885         60.00042288       -294.22718939       -128.00000000
    1886       -269.99957383       -236.12447232         83.69100000
    1887       -264.25024971       -236.12447232         83.69100000
    1888       -264.25024971       -236.12447232         45.65900000
    1889         -5.99958100       -294.18093851       -128.00022400
    1890         -8.99957900       -294.18093851       -128.00022400
    1891         -8.99957900       -294.18093851        -69.00022400
    1892         -5.99958100       -294.18093851        -69.00022400
    1893       -500.99957852       -216.18200121        144.99900000
    1894       -450.99957852       -216.18200121        144.99900000
    1895       -400.99957852       -216.18200121       -128.00000000
    1896       -400.99957852       -216.18200121        -69.00000000
    1897       -350.99957852       -216.18200121        -69.00000000
    1898       -350.99957852       -216.18200121       -128.00000000
    1899       -350.99957852       -216.18200121        152.50000320
    1900       -350.99957852       -216.18200121        144.99900000
    1901       -400.99957852       -216.18200121        144.99900000
    1902          9.00042000       -294.18093851         30.99977600
    1903        -90.62024387       -294.06197076        -69.00009369
    1904        -90.62024387       -294.06197076         30.99990631
    1905        -89.99957943       -294.18115157         30.99999973
    1906       -177.50000000       -261.93242535        -69.00000000
    1907       -177.50000000       -261.93242535         31.00000000
    1908       -149.99957756       -273.11328782         31.00000000
    1909       -114.00024406       -291.06197059        -69.00000000
    1910       -114.00024406       -291.06197059         31.00000000
    1911       -400.99957852       -216.18200121         31.00000000
    1912       -350.99957852       -216.18200121         31.00000000
    1913         39.00042097       -294.18096263       -128.00000027
    1914          0.00000000       -294.18093851         30.99977600
    1915          6.00042100       -294.18093851         30.99977600
    1916         24.00042500       -294.18093851       -128.00022400
    1917         21.00042200       -294.18093851       -128.00022400
    1918       -269.99957383       -236.12447232        118.24991199
    1919       -274.25025327       -236.12447232         83.69100000
    1920       -274.25025327       -236.12447232        118.24991199
    1921       -141.65003064       -276.50096967         31.00000000
    1922       -141.65003064       -276.50096967         45.65900000
    1923       -135.00024596       -287.35797049         45.65900000
    1924       -450.99957852       -216.18200121       -128.00000000
    1925       -321.00023691       -218.31196887       -128.00000000
    1926       -299.99958452       -226.54979163       -128.00000000
    1927        277.00041543       -216.18181053        143.80300000
    1928        327.00041543       -216.18181053        143.80300000
    1929       -264.25024971       -236.12447232         31.00000000
    1930       -350.99957852       -216.18200121        153.00000059
    1931       -230.00024727       -249.81197173         45.65900000
    1932       -230.00024727       -249.81197173         83.69100000
    1933       -179.99957896       -260.95742535         45.65900000
    1934       -179.99957896       -260.95742535         83.69100000
    1935       -177.50000000       -261.93242535         83.69097151
    1936       -177.50000000       -261.93242535         45.65897151
    1937        427.00041543       -216.18181053        143.80300000
    1938        377.00041543       -216.18181053        143.80300000
    1939        427.00041543       -216.18181053        144.44900000
    1940       -207.49959229       -249.81197173         99.99990967
    1941       -179.99957896       -260.95742535         85.30001151
    1942       -500.99957852       -216.18200121       -128.00000000
    1943          6.00042100       -294.18093851         40.99977600
    1944          9.00042000       -294.18093851         40.99977600
    1945        277.00041543       -216.18181053        152.50000320
    1946        227.00041543       -216.18181053        153.00000059
    1947        277.00041543       -216.18181053        153.00000059
    1948        -89.99957943       -294.18115157         45.49999973
    1949       -119.99958082       -287.36367816       -128.00000000
    1950       -114.00024406       -291.06197059       -128.00000000
    1951         36.00041804       -294.18093851       -128.00022400
    1952       -321.00023691       -218.31196887         45.65900000
    1953       -321.00023691       -218.31196887         83.69100000
    1954       -299.99958452       -226.54979163         83.69100000
    1955       -299.99958452       -226.54979163         45.65900000
    1956       -135.00024596       -287.35797049         54.19990784
    1957       -450.99957852       -216.18200121         45.65900000
    1958       -450.99957852       -216.18200121         83.69100000
    1959       -400.99957852       -216.18200121         83.69100000
    1960       -400.99957852       -216.18200121         45.65900000
    1961       -350.99957852       -216.18200121         45.65900000
    1962       -350.99957852       -216.18200121         83.69100000
    1963       -331.00024048       -218.31196887         45.65890417
    1964       -329.37957661       -218.31196887         31.00000000
    1965       -329.37957661       -218.31196887         45.65900000
    1966        -20.99957900       -294.18093851       -128.00022400
    1967        -20.99957900       -294.18093851        -69.00022400
    1968       -141.65003064       -276.50096967         64.80224420
    1969       -550.99957852       -216.18200121         31.00000000
    1970       -550.99957852       -216.18200121         45.65900000
    1971       -500.99957852       -216.18200121         45.65900000
    1972       -149.99957756       -273.11328782         45.65900000
    1973       -149.99957756       -273.11328782         69.26248512
    1974       -264.25024971       -236.12447232        118.24991199
    1975       -239.99958174       -243.83264368        108.50034397
    1976       -239.99958174       -243.83264368         83.69100000
    1977       -550.99957852       -216.18200121        153.00000059
    1978       -550.99957852       -216.18200121        152.50000320
    1979        327.00041543       -216.18181053        152.50000320
    1980        327.00041543       -216.18181053        153.00000059
    1981       -264.25024971       -236.12447232        -69.00000000
    1982       -239.99958174       -243.83264368         31.00000000
    1983       -239.99958174       -243.83264368        -69.00000000
    1984        210.62042983       -217.07858369        143.80317590
    1985        211.48442983       -216.74558369        143.80300000
    1986        211.48442983       -216.74558369        137.25000000
    1987        202.49975342       -222.46839206        137.25043142
    1988       -335.05733237       -216.18200121        144.99887036
    1989       -346.00048770       -216.18200121        152.49877537
    1990         39.00042097       -294.18096263         40.99999973
    1991         55.00000000       -294.18096263         40.99999973
    1992        277.00041543       -216.18181053        144.99900000
    1993        109.87508100       -261.88405950       -128.00000000
    1994        119.99974727       -254.31178079       -128.00000000
    1995        -35.99958018       -294.18093851       -128.00022400
    1996        -38.99957846       -294.18093851       -128.00022351
    1997        -38.99957846       -294.18093851        -69.00022351
    1998        -35.99958018       -294.18093851        -69.00022400
    1999        227.00041543       -216.18181053        137.25000000
    2000        211.48442983       -216.74558369        131.00000000
    2001        427.00041543       -216.18181053        144.99900000
    2002       -179.99957896       -260.95742535         31.00000000
    2003       -207.49959229       -249.81197173       -128.00000000
    2004        227.00041543       -216.18181053        143.80300000
    2005        -90.62024387       -294.06197076         45.65890631
    2006        277.00041543       -216.18181053        144.44900000
    2007       -239.99958174       -243.83264368         45.65900000
    2008        119.99974727       -254.31178079         93.99990381
    2009        180.00041914       -226.12984052       -128.00016653
    2010        180.00041914       -226.12984052        -69.00016653
    2011        181.70041914       -226.07984052        -69.00016653
    2012        181.70041914       -226.07984052       -128.00016653
    2013        187.60000000       -222.12984052        137.73483347
    2014        202.49975342       -222.46839206        131.00000000
    2015       -209.99958035       -249.81197173         99.99990967
    2016       -230.00024727       -249.81197173         99.99990967
    2017        -95.00024565       -291.06197059         49.49990867
    2018        377.00041543       -216.18181053       -128.00000000
    2019       -282.17957400       -233.34037250        122.12186200
    2020       -282.17957400       -233.34037250         83.69100000
    2021       -299.99958452       -226.54979163        131.33214670
    2022        377.00041543       -216.18181053        137.25000000
    2023        -23.99958000       -294.18093851         30.99977600
    2024        -23.99958000       -294.18093851         40.99977600
    2025        427.00041543       -216.18181053         31.00000000
    2026        427.00041543       -216.18181053        -69.00000000
    2027       -282.17957400       -233.34037250         45.65900000
    2028       -550.99957852       -216.18200121        144.99900000
    2029        134.99976191       -254.31178079       -128.00000000
    2030        134.99976191       -254.31178079        -69.00000000
    2031        150.00042705       -244.66219304        -69.00000000
    2032        150.00042705       -244.66219304       -128.00000000
    2033       -550.99957852       -216.18200121         83.69100000
    2034       -500.99957852       -216.18200121         83.69100000
    2035        -23.99958000       -294.18093851        -69.00022400
    2036        -35.99958018       -294.18093851         30.99977600
    2037       -331.00024048       -218.31196887         30.99990417
    2038       -331.00024048       -218.31196887        -69.00009583
    2039       -179.99957896       -260.95742535        -69.00000000
    2040       -179.99957896       -260.95742535       -128.00000000
    2041       -177.50000000       -261.93242535       -128.00000000
    2042       -264.25024971       -236.12447232       -128.00000000
    2043        427.00041543       -216.18181053        131.00000000
    2044        211.48442983       -216.74558369         31.00000000
    2045       -550.99957852       -216.18200121        -69.00000000
    2046        -23.99958000       -294.18093851       -128.00022400
    2047       -177.44000000       -261.08742535         84.82697151
    2048       -282.17957400       -233.34037250       -128.00000000
    2049        427.00041543       -216.18181053        137.25000000
    2050        227.00041543       -216.18181053        -69.00000000
    2051         90.05042427       -275.68678190         65.49990853
    2052       -239.99958174       -243.83264368       -128.00000000
    2053         86.01997312       -275.68678190       -128.00000000
    2054         90.05042427       -275.68678190       -128.00000000
    2055        202.49975342       -222.46839206         31.00000000
    2056        377.00041543       -216.18181053        152.50000320
    2057        377.00041543       -216.18181053        153.00000059
    2058         86.01997312       -275.68678190         65.49990853
    2059         60.00042288       -294.22718939         44.95003027
    2060         21.00042200       -294.18093851         40.99977600
    2061        227.00041543       -216.18181053       -128.00000000
    2062       -331.00024048       -218.31196887       -128.00009583
    2063         91.04975925       -275.68678190       -128.00000000
    2064       -135.00024596       -287.35797049       -128.00000000
    2065          0.00000000       -294.18093851         40.99977600
    2066        427.00041543       -216.18181053       -128.00000000
    2067        -35.99958018       -294.18093851         43.31977600
    2068       -550.99957852       -216.18200121       -128.00000000
    2069       -329.37957661       -218.31196887       -128.00000000
    2070       -329.37957661       -218.31196887        -69.00000000
    2071       -321.00023691       -218.31196887        141.99990417
    2072        -90.62024387       -294.06197076       -128.00009369
    2073        210.62042983       -216.74558369        144.44917590
    2074        427.00041543       -216.18181053        152.50000320
    2075        427.00041543       -216.18181053        153.00000059
    2076       -209.99958000         -4.40000000        122.12186200
    2077       -209.99958035         -4.40000000        100.00990967
    2078       -230.00024700         -4.40000050        152.50000320
    2079       -207.49959200         -4.40000000        153.00000059
    2080       -207.49959200         -4.40000000        152.50000320
    2081       -207.49959200         -4.40000000        144.99987000
    2082       -207.49959200         -4.40000050        133.19210300
    2083       -209.99958035         -4.40000000        152.49877537
    2084       -230.00024700         -4.40000000        122.12186200
    2085       -239.98958174         -4.40000000        153.00000059
    2086       -239.98958174         -4.40000000        144.99987000
    2087       -239.98958200         -4.40000050        133.19210300
    2088       -230.00024700         -4.40000050        133.19210300
    2089       -209.99958035         -4.40000000        153.00000059
    2090       -207.49959200         -4.40000000        122.12186200
    2091       -207.49730179         -4.39999999        100.00964382
    2092         39.00042097         -1.50334755         41.01023423
    2093       -177.50000000         -0.00000050        133.19210300
    2094         39.00042100         -1.96094632         44.94981171
    2095       -299.98958452         -4.40000000        152.49877537
    2096       -299.98958452         -4.40000000        153.00000059
    2097       -299.98958452         -4.40000000        144.99987000
    2098       -299.98958453         -4.40000000        133.19211532
    2099       -299.98502432         -4.40000000        131.34107102
    2100       -320.99790845         -4.40000000        142.00962931
    2101       -321.00023691         -4.40000000        143.71890400
    2102       -329.37957661         -4.40000000        142.00990417
    2103       -329.37957661         -4.40000000        143.71890400
    2104       -330.99701492         -4.40000000        142.00936967
    2105       -333.22364548         -4.40000278        143.72695519
    2106       -335.04429815         -4.40000602        145.00808516
    2107       -329.37957661         -4.40000000        144.99987000
    2108       -321.00023691         -4.40000000        144.99987000
    2109       -321.00023700         -4.40000000        152.50000320
    2110       -321.00023700         -4.40000000        153.00000059
    2111       -329.37957661         -4.40000000        152.49877537
    2112       -329.37957661         -4.40000000        153.00000059
    2113       -345.99752904         -4.40000339        152.50832766
    2114       -346.00048800         -4.40000000        153.00000059
    2115       -350.99250658         -4.40000000        152.50707340
    2116       -350.98957852         -4.40000000        153.00000059
    2117       -177.50000000          0.00000000        122.12186200
    2118       -179.98957900         -4.40000008        122.12186262
    2119       -179.98957900         -4.40000050        133.19210300
    2120       -179.98957896         -4.40000000        144.99987000
    2121        210.62042983         -4.39981397        152.49877537
    2122        221.99679988         -4.39981216        152.50824985
    2123        150.00042705         -4.39981397        153.00000059
    2124        180.01041900         -4.39981397        142.09887000
    2125        150.00042700         -4.39981397        118.99962012
    2126        180.01041900         -4.39981402        137.09886731
    2127        180.01041900         -4.39981397        144.99987000
    2128        150.00042705         -4.39981397        152.50000320
    2129       -179.98957896         -4.40000000        153.00000059
    2130       -179.98957896         -4.40000000        152.50000320
    2131        211.48206155         -4.39981301        144.45828560
    2132        187.59603493         -4.39967657        137.25917929
    2133        210.61335893         -4.39981347        144.45594107
    2134        210.61140771         -4.39981397        143.80748882
    2135        202.49643599         -4.39973010        137.25986474
    2136        180.00711149         -4.39981407        131.00926523
    2137        221.99999897         -4.39981397        153.00000000
    2138        150.00042700         -4.39981397        131.50099700
    2139        120.00974700         -4.39981397        144.99987000
    2140        120.00974700         -4.39981397        152.49877537
    2141        120.00974700         -4.39981397        153.00000059
    2142        109.87508100         -4.39981397        144.99987000
    2143        202.49975300         -4.39981397        144.99987000
    2144        202.49975342         -4.39981397        152.50000000
    2145        180.01041914         -4.39981397        152.50000320
    2146        180.01041914         -4.39981397        153.00000059
    2147        210.62042983         -4.39981397        153.00000000
    2148        226.99334357         -4.39981262        152.50707347
    2149        109.87508100         -4.39981397        152.49877537
    2150         90.05042427         -4.39981397        153.00000059
    2151         90.05042427         -4.39981397        152.50000320
    2152         60.01042288         -4.39981397        153.00000059
    2153         60.01042288         -4.39981397        152.50000320
    2154        210.62043000         -4.39981397        144.99987000
    2155        212.15065429         -4.39981219        145.00771425
    2156       -239.98958174         -0.00000000        153.00000059
    2157         60.01042300         -4.39981397        144.99987000
    2158       -239.98958174         -0.00000050        152.50000320
    2159        226.99041543         -4.39981397        153.00000059
    2160       -239.98958174         -0.00000000        144.99987000
    2161       -239.98958200         -0.00000050        133.19210300
    2162         91.04585134         -3.16471190         65.50953463
    2163        202.49975342         -4.39981397        153.00000000
    2164         86.01997300         -4.39981397         84.99950544
    2165         86.01997300         -4.39981397        144.99987000
    2166         86.01997300         -4.39981397        152.49877537
    2167       -239.98958200          0.00000000        122.12186390
    2168       -239.98441121         -0.00000000        108.50890730
    2169       -209.99958035          0.00000000        152.49877537
    2170       -229.99679692         -0.00000000        100.00929557
    2171       -230.00024700          0.00000000        122.12186200
    2172         86.01997300         -4.39981397        153.00000059
    2173        181.69644184         -4.39976281        131.00900835
    2174        109.86815656         -4.39981385         85.00672043
    2175         36.00041800         -4.40021394        118.99922014
    2176         36.00041800         -4.39981397         84.99950544
    2177         36.00041800         -1.96094632         44.94981171
    2178         36.00041800         -1.50334755         41.01023423
    2179       -230.00024700         -0.00000050        133.19210300
    2180        109.87508100         -4.39981397        153.00000059
    2181         86.01669255         -3.16471198         65.50977642
    2182         39.00042100         -4.39981397        131.50099700
    2183         60.01042288         -4.39981397         84.99950467
    2184        187.60000000         -4.39981397        142.09887000
    2185          6.00042100         -4.40020379         84.99959499
    2186          9.00042000         -4.40020379         84.99959499
    2187         21.00042200         -4.40020379         84.99959499
    2188         24.00042500         -4.40020379         84.99959499
    2189         24.00042500         -1.50334755         41.01023423
    2190         24.00042500         -1.96094632         44.94981171
    2191         21.00042200         -1.50334755         41.01023423
    2192         21.00042200         -1.96094632         44.94981171
    2193          9.00042000         -1.50334755         41.01023423
    2194          9.00042000         -1.96094632         44.94981171
    2195          6.00042100         -1.50334755         41.01023423
    2196       -230.00024700          0.00000000        144.99987000
    2197       -230.00024700          0.00000000        153.00000059
    2198          6.00042100         -1.96094632         44.94981171
    2199         36.00041800         -4.39981397        144.99987000
    2200         60.01042300         -4.39981397        131.50099700
    2201         60.01042300         -4.39981397        118.99962012
    2202          0.01000000         -4.40021394        118.99922014
    2203         60.00422467         -1.96094625         44.95765759
    2204         39.00042097         -4.39981397        153.00000059
    2205         39.00042100         -4.39981397        144.99987000
    2206         39.00042097         -4.39981397         84.99950544
    2207         39.00042097         -4.39981397        152.50000320
    2208        187.60000000         -4.39981397        144.99987000
    2209         36.00041800         -4.39981397        152.49877537
    2210         36.00041800         -4.39981397        153.00000059
    2211         24.00042500         -4.40021394        118.99922014
    2212        187.60000000         -4.39981397        153.00000059
    2213         90.05042427         -4.39981397         84.99950544
    2214          9.00042000         -4.40021394        118.99922014
    2215          6.00042100         -4.40021394        118.99922014
    2216         90.05042427         -3.16471171         65.51032984
    2217         21.00042200         -4.40021394        118.99922014
    2218        120.00974700         -4.39981399        118.99961942
    2219       -239.98441121         -4.40000000        108.50890730
    2220       -264.25025000         -4.40000000        144.99987000
    2221       -264.25025000         -4.40000050        133.19210300
    2222       -264.25025000         -4.40000000        122.12186200
    2223       -264.24835004         -4.40000000        118.25972989
    2224       -239.98958200         -4.40000000        122.12186390
    2225       -239.98958174         -4.40000050        152.50000320
    2226        134.99976200         -4.39981397        153.00000059
    2227        134.99976200         -4.39981397        152.50000320
    2228        120.00974700         -4.39981397        131.50099700
    2229        134.99976200         -4.39981397        144.99987000
    2230        134.99976200         -4.39981397        131.50099700
    2231       -179.98514543         -4.39997925         86.30846968
    2232        134.99626246         -4.39981397         94.00927151
    2233        120.00619329         -4.39981401         94.00924956
    2234        134.99976200         -4.39981397        118.99962012
    2235        187.60000000         -4.39981397        152.50000320
    2236       -264.25025000         -4.40000000        153.00000059
    2237       -264.25025000         -4.40000000        152.50000320
    2238        149.99402606         -4.39981397        107.03271303
    2239       -269.99957400         -4.40000000        122.12186200
    2240       -269.99957400         -4.40000000        118.25991199
    2241       -274.24800150         -4.40000000        118.25965517
    2242       -282.17508402         -4.40000000        122.13079733
    2243       -282.17957400         -4.40000050        133.19210300
    2244       -269.99957400         -4.40000050        133.19210300
    2245       -282.17957400         -4.40000000        144.99987000
    2246       -269.99957383         -4.40000000        144.99987000
    2247       -282.17957400         -4.40000000        152.49877537
    2248       -269.99957383         -4.40000000        152.49877537
    2249       -282.17957400         -4.40000000        153.00000059
    2250       -269.99957383         -4.40000000        153.00000059
    2251         54.99671921         -1.50334773         41.00968073
    2252          0.01000000         -4.40020379         84.99959499
    2253          0.01000000         -1.50334755         41.01023423
    2254          0.01000000         -1.96094632         44.94981171
    2255        -38.99957846         -4.40000000        152.50000320
    2256        -38.99957800         -4.38008583        133.14146536
    2257        -38.99957846         -4.40021394        118.99922014
    2258        -35.99958000         -4.40021394        118.99922014
    2259        -35.99958000         -1.96094632         47.26981171
    2260        -23.99958000         -4.40020379         84.99959499
    2261        -20.99957900         -4.40020379         84.99959499
    2262         -8.99957900         -4.40020379         84.99959499
    2263         -5.99958100         -4.40020379         84.99959499
    2264         -5.99958100         -1.50334755         41.01023423
    2265         -5.99958100         -1.96094632         44.94981171
    2266         -8.99957900         -1.50334755         41.01023423
    2267         -8.99957900         -1.96094632         44.94981171
    2268        -20.99957890         -1.50334765         41.01023423
    2269        -20.99957900         -1.96094632         44.94981171
    2270        -23.99958000         -1.96094632         44.94981171
    2271        -23.99862653         -1.50334796         41.01018867
    2272        -38.99917948         -1.50366979         43.33007152
    2273        -38.99957846         -4.39973917         85.00160748
    2274        202.49975300         -4.39981397        142.09887000
    2275        150.00042700         -4.39981397        144.99987000
    2276        -35.99958018         -4.39981350        153.00000000
    2277        -35.99958000         -4.40000000        152.50000320
    2278        -35.99958000         -4.40000000        144.99987000
    2279        -35.99958000         -4.40020379         84.99959499
    2280        -38.99957846         -4.40000000        144.99987000
    2281        -38.99957800         -1.96094632         47.26981171
    2282         24.00042500          0.83905368         44.94981171
    2283         21.00042200          0.83905368         44.94981171
    2284          9.00042000          0.83905368         44.94981171
    2285          6.00042100          0.83905368         44.94981171
    2286         36.00041800         -1.59981397        144.99987000
    2287         60.01042300         -1.59981397        131.50099700
    2288         60.01042300         -1.59981397        118.99962012
    2289          0.01000000         -1.60021394        118.99922014
    2290         60.01042300         -1.59981397        144.99987000
    2291         39.00042097         -1.59981397        153.00000059
    2292         39.00042100         -1.59981397        144.99987000
    2293         39.00042097         -1.59981397         84.99950544
    2294         60.01042288         -1.59981397        152.50000320
    2295         39.00042097         -1.59981397        152.50000320
    2296        187.60000000         -1.59981397        144.99987000
    2297         60.01042288         -1.59981397        153.00000059
    2298         36.00041800         -1.59981397        152.49877537
    2299         36.00041800         -1.59981397        153.00000059
    2300         24.00042500         -1.60021394        118.99922014
    2301        187.60000000         -1.59981397        153.00000059
    2302         90.05042427         -1.59981397         84.99950544
    2303          9.00042000         -1.60021394        118.99922014
    2304          6.00042100         -1.60021394        118.99922014
    2305         21.00042200         -1.60021394        118.99922014
    2306        120.00974700         -1.59981397        118.99961941
    2307       -264.25025000         -1.60000000        144.99987000
    2308       -264.25025000         -1.60000050        133.19210300
    2309       -264.25025000         -1.60000000        122.12186200
    2310       -239.98958200         -1.60000000        122.12186390
    2311       -239.98958200         -1.60000050        133.19210300
    2312       -239.98958174         -1.60000000        144.99987000
    2313       -239.98958174         -1.60000050        152.50000320
    2314       -239.98958174         -1.60000000        153.00000059
    2315        134.99976200         -1.59981397        153.00000059
    2316        134.99976200         -1.59981397        152.50000320
    2317        120.00974700         -1.59981397        131.50099700
    2318        134.99976200         -1.59981397        144.99987000
    2319        134.99976200         -1.59981397        131.50099700
    2320        134.99976200         -1.59981397        118.99962012
    2321        180.01041914         -1.59981397        153.00000059
    2322        187.60000000         -1.59981397        152.50000320
    2323       -264.25025000         -1.60000000        153.00000059
    2324       -264.25025000         -1.60000000        152.50000320
    2325        180.01041914         -1.59981397        152.50000320
    2326       -269.99957400         -1.60000000        122.12186200
    2327       -282.17957400         -1.60000050        133.19210300
    2328       -269.99957400         -1.60000050        133.19210300
    2329       -282.17957400         -1.60000000        144.99987000
    2330       -269.99957383         -1.60000000        144.99987000
    2331       -282.17957400         -1.60000000        152.49877537
    2332       -269.99957383         -1.60000000        152.49877537
    2333       -282.17957400         -1.60000000        153.00000059
    2334       -269.99957383         -1.60000000        153.00000059
    2335       -299.98958452         -1.60000000        152.49877537
    2336       -299.98958452         -1.60000000        153.00000059
    2337       -299.98958452         -1.60000000        144.99987000
    2338       -299.98958453         -1.60000000        133.19211532
    2339          0.01000000         -1.60020379         84.99959499
    2340          0.01000000          0.83905368         44.94981171
    2341        -59.98949673         -1.50352873         45.01026567
    2342        -59.98997900         -1.96094632         48.94981232
    2343        -59.98997906         -4.40000000        153.00000059
    2344         86.01997300         -4.39981397        131.50099700
    2345        -59.98997906         -4.40000000        152.50000320
    2346        -38.99957846         -4.40000000        153.00000059
    2347        -59.98997906         -4.40000000        144.99987000
    2348        -59.98997906         -4.40000000        133.19210300
    2349        -59.98997906         -4.39999523         84.99954729
    2350        -59.98997906         -4.40000000        122.12186200
    2351         -5.99958100         -4.40021394        118.99922014
    2352        -20.99957900         -4.40021394        118.99922014
    2353        -23.99958000         -4.40021394        118.99922014
    2354         -8.99957900         -4.40021394        118.99922014
    2355        -90.61558067         -1.50323251         45.66767981
    2356        -94.99611885         -4.75350336         49.50945630
    2357        -95.00024600         -4.39999523         84.99954729
    2358        -95.00024600         -4.40000000        122.12186200
    2359        -95.00024600         -4.40000000        133.19210300
    2360        -95.00024600         -4.40000000        144.99987000
    2361        -95.00024600         -4.40000000        152.49877537
    2362        -95.00024600         -4.40000000        153.00000059
    2363        -89.99824861         -1.50352889         45.51018713
    2364       -119.98782429         -4.39970600         54.21007163
    2365       -113.99785587         -4.40050320         52.01005818
    2366         86.01997300         -4.39981397        118.99962012
    2367         90.05042400         -4.39981397        118.99962012
    2368        -89.99957900         -1.96094632         49.65981171
    2369        -89.99957943         -4.39999523         84.99954729
    2370        -89.99957900         -4.40000000        122.12186200
    2371        -89.99957900         -4.40000000        133.19210300
    2372        -89.99957943         -4.40000000        144.99987000
    2373        -89.99957943         -4.40000000        152.50000320
    2374        -89.99957943         -4.40000000        153.00000059
    2375         90.05042400         -4.39981397        144.99987000
    2376         90.05042400         -4.39981397        131.50099700
    2377       -209.99958035         -4.40000000        144.99987000
    2378       -119.98958082         -4.39999523         84.99954758
    2379       -114.00024400         -4.39999523         84.99954729
    2380       -119.98958100         -4.40000000        122.12186200
    2381       -229.99679692         -4.40000000        100.00929557
    2382       -230.00024700         -4.40000000        144.99987000
    2383       -230.00024700         -4.40000000        153.00000059
    2384       -209.99958000         -4.40000050        133.19210300
    2385       -114.00024400         -4.40000000        122.12186200
    2386         39.00042097         -4.40021394        118.99922014
    2387       -119.98958100         -4.40000000        133.19210300
    2388        109.87508100         -4.39981397        131.50099700
    2389        109.87508100         -4.39981397        118.99962012
    2390       -114.00024400         -4.40000000        133.19210300
    2391       -119.98958082         -4.40000000        144.99987000
    2392       -114.00024400         -4.40000000        144.99987000
    2393       -114.00024400         -4.40000000        153.00000059
    2394       -119.98958082         -4.40000000        153.00000059
    2395       -119.98958082         -4.40000000        152.50000320
    2396       -177.50000000         -4.40000050        133.19210300
    2397       -114.00024400         -4.40000000        152.49877537
    2398       -141.65003100         -4.40000000        144.99987000
    2399       -134.99540272         -4.57102896         54.24731727
    2400       -135.00024600         -4.39999523         84.99954729
    2401       -135.00024600         -4.40000000        153.00000059
    2402       -177.49106112         -4.39996929         85.00478572
    2403       -149.99957756         -4.40000000        152.50000320
    2404       -135.00024600         -4.40000000        122.12186200
    2405       -141.65003100         -4.40000000        122.12186200
    2406       -141.64321365         -4.40035905         64.80882888
    2407       -141.65003100         -4.39999523         84.99954729
    2408       -141.65003100         -4.40000000        153.00000059
    2409       -135.00024600         -4.40000000        152.50000320
    2410       -141.65003100         -4.40000000        152.50000320
    2411       -135.00024600         -4.40000000        144.99987000
    2412       -149.99957800         -4.40000000        122.12186200
    2413       -149.99957800         -4.40000050        133.19210300
    2414       -177.50000000         -4.40000000        122.12186200
    2415       -149.99957756         -4.40000000        144.99987000
    2416       -149.99957756         -4.40000000        153.00000059
    2417       -135.00024600         -4.40000000        133.19210300
    2418       -141.65003100         -4.40000000        133.19210300
    2419       -149.99957756         -4.39999523         84.99954729
    2420       -149.99477597         -4.60441157         69.27095402
    2421       -177.49134315         -4.37810450         84.68241097
    2422       -177.50000000         -4.40000000        153.00000059
    2423       -177.50000000         -4.40000000        152.50000320
    2424       -177.50000000         -4.40000000        144.99987000
    2425       -230.00024700         -0.00000050        152.50000320
    2426       -209.99958035          0.00000000        153.00000059
    2427       -209.99958035          0.00000000        144.99987000
    2428       -209.99958000         -0.00000050        133.19210300
    2429       -209.99958000          0.00000000        122.12186200
    2430       -209.99958035          0.00000000        100.00990967
    2431       -207.49959200          0.00000000        153.00000059
    2432       -207.49959200          0.00000000        152.50000320
    2433       -207.49959200          0.00000000        144.99987000
    2434       -207.49959200         -0.00000050        133.19210300
    2435       -207.49959200          0.00000000        122.12186200
    2436       -207.49730179         -0.00000000        100.00964382
    2437         39.00042097         12.90005910         41.00999973
    2438         39.00042100         11.51848762         44.95003027
    2439        -38.99957846         -1.60000000        152.50000320
    2440        -38.99957800         -1.58008583        133.14146536
    2441        -38.99957846         -1.60021394        118.99922014
    2442        -35.99958000         -1.60021394        118.99922014
    2443        -35.99862703          1.29665206         43.33018872
    2444        -35.99958000          0.83905368         47.26981171
    2445       -321.00023691         -1.60000000        143.71890400
    2446        -23.99958000         -1.60020379         84.99959499
    2447        -20.99957900         -1.60020379         84.99959499
    2448         -8.99957900         -1.60020379         84.99959499
    2449         -5.99958100         -1.60020379         84.99959499
    2450         -5.99958100          0.83905368         44.94981171
    2451         -8.99957900          0.83905368         44.94981171
    2452       -329.37957661         -1.60000000        143.71890400
    2453        -20.99957900          0.83905368         44.94981171
    2454        -23.99958000          0.83905368         44.94981171
    2455        -23.99862639          1.29665213         41.01018866
    2456        -38.99957846         -1.59973917         85.00160748
    2457        202.49975300         -1.59981397        142.09887000
    2458        120.00974700         -1.59981397        144.99987000
    2459        150.00042700         -1.59981397        144.99987000
    2460        -35.99958018         -1.59981350        153.00000000
    2461         60.01042288         -1.59981397         84.99950467
    2462        -35.99958000         -1.60000000        152.50000320
    2463        -35.99958000         -1.60000000        144.99987000
    2464        -35.99958000         -1.60020379         84.99959499
    2465        -38.99957846         -1.60000000        144.99987000
    2466        -38.99957800          0.83905368         47.26981171
    2467       -329.37957661         -1.60000000        144.99987000
    2468        -59.98997900          0.83905368         48.94981232
    2469        -59.98997906         -1.60000000        153.00000059
    2470         86.01997300         -1.59981397        131.50099700
    2471        -59.98997906         -1.60000000        152.50000320
    2472        -38.99957846         -1.60000000        153.00000059
    2473        -59.98997906         -1.60000000        144.99987000
    2474        -59.98997906         -1.60000000        133.19210300
    2475       -321.00023691         -1.60000000        144.99987000
    2476        -59.98997906         -1.59999523         84.99954729
    2477        -59.98997906         -1.60000000        122.12186200
    2478         -5.99958100         -1.60021394        118.99922014
    2479        -20.99957900         -1.60021394        118.99922014
    2480        -23.99958000         -1.60021394        118.99922014
    2481       -321.00023700         -1.60000000        152.50000320
    2482         -8.99957900         -1.60021394        118.99922014
    2483        -95.00024600         -1.59999523         84.99954729
    2484        -95.00024600         -1.60000000        122.12186200
    2485        -95.00024600         -1.60000000        133.19210300
    2486        -95.00024600         -1.60000000        144.99987000
    2487       -321.00023700         -1.60000000        153.00000059
    2488        -95.00024600         -1.60000000        152.49877537
    2489        -95.00024600         -1.60000000        153.00000059
    2490       -329.37957661         -1.60000000        152.49877537
    2491       -329.37957661         -1.60000000        153.00000059
    2492         86.01997300         -1.59981397        118.99962012
    2493         90.05042400         -1.59981397        118.99962012
    2494        -89.99957900          0.83905368         49.65981171
    2495        -89.99957943         -1.59999523         84.99954729
    2496        -89.99957900         -1.60000000        122.12186200
    2497        -89.99957900         -1.60000000        133.19210300
    2498        -89.99957943         -1.60000000        144.99987000
    2499        -89.99957943         -1.60000000        152.50000320
    2500        -89.99957943         -1.60000000        153.00000059
    2501       -346.00048800         -1.60000000        153.00000059
    2502         90.05042400         -1.59981397        144.99987000
    2503         90.05042400         -1.59981397        131.50099700
    2504       -119.98958082         -1.59999523         84.99954757
    2505       -114.00024400         -1.59999523         84.99954729
    2506       -119.98958100         -1.60000000        122.12186200
    2507       -114.00024400         -1.60000000        122.12186200
    2508       -119.98958100         -1.60000000        133.19210300
    2509        109.87508100         -1.59981397        131.50099700
    2510        109.87508100         -1.59981397        118.99962012
    2511       -114.00024400         -1.60000000        133.19210300
    2512       -119.98958082         -1.60000000        144.99987000
    2513       -114.00024400         -1.60000000        144.99987000
    2514       -114.00024400         -1.60000000        153.00000059
    2515       -119.98958082         -1.60000000        153.00000059
    2516       -119.98958082         -1.60000000        152.50000320
    2517       -114.00024400         -1.60000000        152.49877537
    2518       -179.98957900         -1.60000005        122.12186263
    2519       -141.65003100         -1.60000000        144.99987000
    2520       -135.00024600         -1.59999523         84.99954729
    2521       -135.00024600         -1.60000000        153.00000059
    2522       -179.98957900         -1.60000050        133.19210300
    2523       -149.99957756         -1.60000000        152.50000320
    2524       -135.00024600         -1.60000000        122.12186200
    2525       -141.65003100         -1.60000000        122.12186200
    2526       -179.98957896         -1.60000000        144.99987000
    2527        210.62042983         -1.59981397        152.49877537
    2528       -141.65003100         -1.59999523         84.99954729
    2529       -141.65003100         -1.60000000        153.00000059
    2530       -135.00024600         -1.60000000        152.50000320
    2531       -141.65003100         -1.60000000        152.50000320
    2532       -135.00024600         -1.60000000        144.99987000
    2533       -149.99957800         -1.60000000        122.12186200
    2534       -149.99957800         -1.60000050        133.19210300
    2535        150.00042705         -1.59981397        153.00000059
    2536        180.01041900         -1.59981397        142.09887000
    2537       -149.99957756         -1.60000000        144.99987000
    2538       -149.99957756         -1.60000000        153.00000059
    2539       -179.98957896         -1.60000000        153.00000059
    2540       -179.98957896         -1.60000000        152.50000320
    2541       -135.00024600         -1.60000000        133.19210300
    2542       -141.65003100         -1.60000000        133.19210300
    2543       -149.99957756         -1.59999523         84.99954729
    2544       -177.50000000         -1.60000000        153.00000059
    2545       -177.50000000         -1.60000000        152.50000320
    2546       -177.50000000         -1.60000000        144.99987000
    2547       -177.50000000         -1.60000050        133.19210300
    2548       -177.50000000         -1.60000000        122.12186200
    2549        150.00042700         -1.59981397        118.99962012
    2550       -209.99958035         -1.60000000        152.49877537
    2551        180.01041900         -1.59981397        137.09886728
    2552       -230.00024700         -1.60000000        122.12186200
    2553       -230.00024700         -1.60000050        133.19210300
    2554       -230.00024700         -1.60000000        144.99987000
    2555       -230.00024700         -1.60000000        153.00000059
    2556        180.01041900         -1.59981397        144.99987000
    2557       -230.00024700         -1.60000050        152.50000320
    2558       -209.99958035         -1.60000000        153.00000059
    2559       -209.99958035         -1.60000000        144.99987000
    2560       -209.99958000         -1.60000050        133.19210300
    2561       -209.99958000         -1.60000000        122.12186200
    2562       -207.49959200         -1.60000000        153.00000059
    2563       -207.49959200         -1.60000000        152.50000320
    2564       -207.49959200         -1.60000000        144.99987000
    2565        150.00042705         -1.59981397        152.50000320
    2566       -207.49959200         -1.60000050        133.19210300
    2567       -207.49959200         -1.60000000        122.12186200
    2568         39.00042100          0.83905368         44.94981171
    2569         39.00042097         -1.60021394        118.99922014
    2570        120.00974700         -1.59981397        153.00000059
    2571        120.00974700         -1.59981397        152.49877537
    2572       -299.98958452         -0.00000000        152.49877537
    2573       -299.98958452         -0.00000000        153.00000059
    2574       -299.98958452          0.00000000        144.99987000
    2575       -299.98958453          0.00000000        133.19211532
    2576       -299.98502432          0.00000000        131.34107102
    2577       -320.99790845          0.00000000        142.00962931
    2578       -321.00023691          0.00000000        143.71890400
    2579       -329.37957661          0.00000000        142.00990417
    2580       -329.37957661          0.00000000        143.71890400
    2581       -330.99701492          0.00000000        142.00936967
    2582       -333.22364468          0.00000000        143.72695460
    2583       -335.04429745          0.00000000        145.00808468
    2584       -329.37957661          0.00000000        144.99987000
    2585       -321.00023691          0.00000000        144.99987000
    2586       -321.00023700          0.00000000        152.50000320
    2587       -321.00023700          0.00000000        153.00000059
    2588       -329.37957661          0.00000000        152.49877537
    2589       -329.37957661          0.00000000        153.00000059
    2590       -345.99752916          0.00000000        152.50832770
    2591       -346.00048800          0.00000000        153.00000059
    2592       -350.99250658          0.00000000        152.50707340
    2593       -350.98957852          0.00000000        153.00000059
    2594       -179.98957900         -0.00000000        122.12186263
    2595       -179.98957900         -0.00000050        133.19210300
    2596       -179.98957896          0.00000000        144.99987000
    2597        210.62042983          0.00018603        152.49877537
    2598        221.99679981          0.00018603        152.50824983
    2599        150.00042705          0.00018603        153.00000059
    2600        180.01041900          0.00018603        142.09887000
    2601        150.00042700          0.00018603        118.99962012
    2602        180.01041900          0.00018603        137.09886728
    2603        180.01041900          0.00018603        144.99987000
    2604        150.00042705          0.00018603        152.50000320
    2605       -179.98957896          0.00000000        153.00000059
    2606       -179.98957896          0.00000000        152.50000320
    2607        211.48206121          0.00018603        144.45828548
    2608        187.59604018          0.00018603        137.25918258
    2609        210.61335893          0.00018603        144.45594107
    2610        210.61140771          0.00018603        143.80748882
    2611        202.49642338          0.00018603        137.25986067
    2612        180.00711149          0.00018603        131.00926517
    2613        221.99999897          0.00018603        153.00000000
    2614        150.00042700          0.00018603        131.50099700
    2615        120.00974700          0.00018603        144.99987000
    2616        120.00974700          0.00018603        152.49877537
    2617        120.00974700          0.00018603        153.00000059
    2618        109.87508100          0.00018603        144.99987000
    2619        202.49975300          0.00018603        144.99987000
    2620        202.49975342          0.00018603        152.50000000
    2621        180.01041914          0.00018603        152.50000320
    2622        180.01041914          0.00018603        153.00000059
    2623        210.62042983          0.00018603        153.00000000
    2624        226.99334349          0.00018603        152.50707340
    2625        109.87508100          0.00018603        152.49877537
    2626        221.99999897         -1.59981397        153.00000000
    2627        150.00042700         -1.59981397        131.50099700
    2628         90.05042427          0.00018603        153.00000059
    2629         90.05042427          0.00018603        152.50000320
    2630         60.01042288          0.00018603        153.00000059
    2631         60.01042288          0.00018603        152.50000320
    2632        210.62043000          0.00018603        144.99987000
    2633        212.15065403          0.00018650        145.00771405
    2634         60.01042300          0.00018603        144.99987000
    2635        226.99041543          0.00018603        153.00000059
    2636         91.04585130          5.50203625         65.50911331
    2637        202.49975342          0.00018603        153.00000000
    2638         86.01997300          0.00018603         84.99950544
    2639         86.01997300          0.00018603        144.99987000
    2640         86.01997300          0.00018603        152.49877537
    2641         86.01997300          0.00018603        153.00000059
    2642        181.69645945          0.00018603        131.00901611
    2643        109.86815653          0.00018603         85.00672040
    2644         36.00041800          0.00018603         84.99950544
    2645         36.00041800         11.51848762         44.95003027
    2646         36.00041800         12.90005910         41.00999973
    2647        109.87508100          0.00018603        153.00000059
    2648         86.01669260          5.50203625         65.50935513
    2649         60.01042288          0.00018603         84.99950467
    2650        109.87508100         -1.59981397        144.99987000
    2651        187.60000000          0.00018603        142.09887000
    2652          6.00042100         -0.00021394         84.99950500
    2653          9.00042000         -0.00021394         84.99950500
    2654         21.00042200         -0.00021394         84.99950500
    2655         24.00042500         -0.00021394         84.99950500
    2656         24.00042500         12.90005910         41.00999973
    2657         24.00042500         11.51848762         44.95003027
    2658         21.00042200         12.90005910         41.00999973
    2659         21.00042200         11.51848762         44.95003027
    2660          9.00042000         12.90005910         41.00999973
    2661          9.00042000         11.51848762         44.95003027
    2662        202.49975300         -1.59981397        144.99987000
    2663          6.00042100         12.90005910         41.00999973
    2664          6.00042100         11.51848762         44.95003027
    2665         60.01042300          0.00018603        131.50099700
    2666         60.01042300          0.00018603        118.99962012
    2667         60.00422456         11.51848762         44.95787606
    2668        202.49975342         -1.59981397        152.50000000
    2669         39.00042097          0.00018603         84.99950544
    2670        187.60000000          0.00018603        144.99987000
    2671        187.60000000          0.00018603        153.00000059
    2672         90.05042427          0.00018603         84.99950544
    2673        210.62042983         -1.59981397        153.00000000
    2674         90.05042427          5.50203625         65.50990853
    2675        120.00974700          0.00018603        118.99961941
    2676       -264.25025000          0.00000000        144.99987000
    2677       -264.25025000         -0.00000050        133.19210300
    2678       -264.25025000          0.00000000        122.12186200
    2679       -264.24835004         -0.00000000        118.25972989
    2680        109.87508100         -1.59981397        152.49877537
    2681         90.05042427         -1.59981397        153.00000059
    2682        134.99976200          0.00018603        153.00000059
    2683        134.99976200          0.00018603        152.50000320
    2684        120.00974700          0.00018603        131.50099700
    2685        134.99976200          0.00018603        144.99987000
    2686        134.99976200          0.00018603        131.50099700
    2687       -179.98504242         -0.00000000         86.30841804
    2688        134.99626246          0.00018603         94.00927151
    2689        120.00619329          0.00018603         94.00924954
    2690        134.99976200          0.00018603        118.99962012
    2691         90.05042427         -1.59981397        152.50000320
    2692        187.60000000          0.00018603        152.50000320
    2693       -264.25025000          0.00000000        153.00000059
    2694       -264.25025000          0.00000000        152.50000320
    2695        149.99402606          0.00018603        107.03271303
    2696       -269.99957400          0.00000000        122.12186200
    2697       -269.99957400          0.00000000        118.25991199
    2698       -274.24800150          0.00000000        118.25965517
    2699       -282.17508402          0.00000000        122.13079733
    2700       -282.17957400         -0.00000050        133.19210300
    2701       -269.99957400         -0.00000050        133.19210300
    2702        210.62043000         -1.59981397        144.99987000
    2703       -282.17957400          0.00000000        144.99987000
    2704       -269.99957383          0.00000000        144.99987000
    2705       -282.17957400          0.00000000        152.49877537
    2706       -269.99957383          0.00000000        152.49877537
    2707       -282.17957400          0.00000000        153.00000059
    2708       -269.99957383          0.00000000        153.00000059
    2709         54.99671903         12.90005910         41.00944617
    2710          0.01000000         -0.00021394         84.99950500
    2711          0.01000000         12.90005910         41.00999973
    2712          0.01000000         11.51848762         44.95003027
    2713        -35.99862713         12.10005926         43.32995423
    2714        -35.99958000         11.01848762         47.27003027
    2715        -23.99958000         -0.00021394         84.99950500
    2716        -20.99957900         -0.00021394         84.99950500
    2717         -8.99957900         -0.00021394         84.99950500
    2718         -5.99958100         -0.00021394         84.99950500
    2719         -5.99958100         12.90005910         41.00999973
    2720         -5.99958100         11.51848762         44.95003027
    2721         -8.99957900         12.90005910         41.00999973
    2722         -8.99957900         11.51848762         44.95003027
    2723        -20.99957880         12.90005915         41.00999973
    2724        -20.99957900         11.51848762         44.95003027
    2725        -23.99958000         11.51848762         44.95003027
    2726        -23.99862637         12.90005925         41.00995416
    2727        202.49975342         -1.59981397        153.00000000
    2728        -38.99917994         12.09978010         43.32976855
    2729        -38.99957846         -0.00021394         85.00157043
    2730        202.49975300          0.00018603        142.09887000
    2731        150.00042700          0.00018603        144.99987000
    2732         86.01997300         -1.59981397         84.99950544
    2733         86.01997300         -1.59981397        144.99987000
    2734        -35.99958000         -0.00021394         84.99950500
    2735        -38.99957800         11.01848762         47.27003027
    2736        -59.98949673         11.59987307         45.00998931
    2737        -59.98997900         10.51848762         48.95003088
    2738        -59.98997906          0.00000000        153.00000059
    2739         86.01997300          0.00018603        131.50099700
    2740        -59.98997906          0.00000000        152.50000320
    2741        -59.98997906         -0.00000000        144.99987000
    2742        -59.98997906          0.00000000        133.19210300
    2743        -59.98997906         -0.00000000         84.99950544
    2744         86.01997300         -1.59981397        152.49877537
    2745        -59.98997906          0.00000000        122.12186200
    2746         86.01997300         -1.59981397        153.00000059
    2747        -90.61557926         11.45220156         45.66775173
    2748        -94.99611900         10.35213528         49.50901750
    2749        -95.00024600          0.00000000         84.99950544
    2750        -95.00024600          0.00000000        122.12186200
    2751        -95.00024600          0.00000000        133.19210300
    2752        -95.00024600          0.00000000        144.99987000
    2753        -95.00024600          0.00000000        152.49877537
    2754        -95.00024600          0.00000000        153.00000059
    2755        -89.99824687         11.49987307         45.50991055
    2756       -119.98783243          8.97275581         54.20981236
    2757       -113.99785579          9.65213528         52.00961929
    2758         86.01997300          0.00018603        118.99962012
    2759         90.05042400          0.00018603        118.99962012
    2760         36.00041800         -1.60021394        118.99922014
    2761         36.00041800         -1.59981397         84.99950544
    2762        -89.99957900         10.31848762         49.45003027
    2763        -89.99957943          0.00000000         84.99950544
    2764        -89.99957900          0.00000000        122.12186200
    2765        -89.99957900          0.00000000        133.19210300
    2766        -89.99957943          0.00000000        144.99987000
    2767        -89.99957943          0.00000000        152.50000320
    2768        -89.99957943          0.00000000        153.00000059
    2769         90.05042400          0.00018603        144.99987000
    2770         90.05042400          0.00018603        131.50099700
    2771       -119.98958082          0.00000000         84.99950572
    2772       -114.00024400          0.00000000         84.99950544
    2773         36.00041800          0.83905368         44.94981171
    2774       -119.98958100          0.00000000        122.12186200
    2775       -114.00024400          0.00000000        122.12186200
    2776       -119.98958100         -0.00000000        133.19210300
    2777        109.87508100          0.00018603        131.50099700
    2778        109.87508100          0.00018603        118.99962012
    2779       -114.00024400          0.00000000        133.19210300
    2780       -119.98958082         -0.00000000        144.99987000
    2781       -114.00024400          0.00000000        144.99987000
    2782       -114.00024400          0.00000000        153.00000059
    2783       -119.98958082          0.00000000        153.00000059
    2784       -119.98958082          0.00000000        152.50000320
    2785       -114.00024400          0.00000000        152.49877537
    2786       -141.65003100          0.00000000        144.99987000
    2787        109.87508100         -1.59981397        153.00000059
    2788       -134.99540520          8.80205925         54.20865810
    2789       -135.00024600          0.00000000         84.99950544
    2790         39.00042100         -1.59981397        131.50099700
    2791       -135.00024600          0.00000000        153.00000059
    2792       -177.49102746         -0.00000000         85.00468881
    2793       -149.99957756          0.00000000        152.50000320
    2794       -135.00024600          0.00000000        122.12186200
    2795       -141.65003100          0.00000000        122.12186200
    2796       -141.64320972          5.71145603         64.80955686
    2797       -141.65003100          0.00000000         84.99950544
    2798       -141.65003100          0.00000000        153.00000059
    2799       -135.00024600          0.00000000        152.50000320
    2800       -141.65003100          0.00000000        152.50000320
    2801       -135.00024600          0.00000000        144.99987000
    2802        187.60000000         -1.59981397        142.09887000
    2803       -149.99957800          0.00000000        122.12186200
    2804       -149.99957800         -0.00000050        133.19210300
    2805       -149.99957756          0.00000000        144.99987000
    2806       -149.99957756          0.00000000        153.00000059
    2807          6.00042100         -1.60020379         84.99959499
    2808          9.00042000         -1.60020379         84.99959499
    2809         21.00042200         -1.60020379         84.99959499
    2810       -135.00024600          0.00000000        133.19210300
    2811       -141.65003100          0.00000000        133.19210300
    2812       -149.99957756          0.00000000         84.99950544
    2813       -149.99477505          4.47232236         69.27125643
    2814       -177.49136732          0.09380000         84.69559246
    2815       -177.50000000          0.00000000        153.00000059
    2816         24.00042500         -1.60020379         84.99959499
    2817       -177.50000000          0.00000000        152.50000320
    2818       -177.50000000          0.00000000        144.99987000
    2819         36.00041804         -4.08008583        134.64146536
    2820         36.00041804         -6.88008583        134.64146536
    2821         24.00042493         -1.59981350        151.49999900
    2822          9.00041958         -1.59981350        151.49999900
    2823          6.00042100         -1.59981350        151.49999900
    2824         21.00042200         -1.59981350        151.49999900
    2825         21.00042200         -4.08008583        134.64146536
    2826          6.00042130         -4.08008583        134.64146536
    2827          9.00041958         -4.08008583        134.64146536
    2828         24.00042493         -4.08008583        134.64146536
    2829          0.01000000         -4.08008583        134.64146536
    2830         24.00042493         -4.39981350        151.49999900
    2831          9.00041958         -4.39981350        151.49999900
    2832          6.00042100         -4.39981350        151.49999900
    2833         21.00042200         -4.39981350        151.49999900
    2834         21.00042200         -6.88008583        134.64146536
    2835          6.00042130         -6.88008583        134.64146536
    2836          9.00041958         -6.88008583        134.64146536
    2837         24.00042493         -6.88008583        134.64146536
    2838          0.01000000         -6.88008583        134.64146536
    2839         -5.99958112         -1.59981350        151.49999900
    2840        -20.99957949         -1.59981350        151.49999900
    2841        -23.99958009         -1.59981350        151.49999900
    2842         -8.99957939         -1.59981350        151.49999900
    2843         -8.99957939         -4.08008583        134.64146536
    2844        -23.99958009         -4.08008583        134.64146536
    2845        -20.99957949         -4.08008583        134.64146536
    2846         -5.99958112         -4.08008583        134.64146536
    2847        -35.99958018         -4.08008583        134.64146536
    2848         -5.99958112         -4.39981350        151.49999900
    2849        -20.99957949         -4.39981350        151.49999900
    2850        -23.99958009         -4.39981350        151.49999900
    2851         -8.99957939         -4.39981350        151.49999900
    2852         -8.99957939         -6.88008583        134.64146536
    2853        -23.99958009         -6.88008583        134.64146536
    2854        -20.99957949         -6.88008583        134.64146536
    2855         -5.99958112         -6.88008583        134.64146536
    2856        -35.99958018         -6.88008583        134.64146536
    2857        -89.99957943         12.89987307       -128.00000027
    2858       -351.00000000          0.00000000        144.99887000
    2859        -59.99997906         12.89987307       -128.00000027
    2860       -239.99958174          0.00000000       -128.00000000
    2861        -23.99958000         12.90005910        -28.00000027
    2862         60.00042288         11.51848762        -28.00000000
    2863         55.00000000         12.90005910        -28.00000027
    2864         86.01997312          5.50194050        -28.00000000
    2865         39.00042097         12.90005910        -28.00000027
    2866         36.00041800         12.90005910        -28.00000027
    2867          9.00042000         12.90005910        -28.00000027
    2868          6.00042100         12.90005910        -28.00000027
    2869        134.99976191          0.00018603        -28.00000000
    2870        120.19974727          0.00018603        -28.00000000
    2871         24.00042500         12.90005910        -28.00000027
    2872         21.00042200         12.90005910        -28.00000027
    2873        -20.99957900         12.90005910        -28.00000027
    2874         -8.99957900         12.90005910        -28.00000027
    2875          0.00000000         12.90005910        -28.00000027
    2876         -5.99958100         12.90005910        -28.00000027
    2877         90.05042427          5.50203625        -28.00000000
    2878        -35.99958000         12.90005910        -28.00000027
    2879        -38.99957846         12.89978005        -28.00022351
    2880        -89.99957943         12.89987307        -28.00000027
    2881        -59.99997906         12.89987307        -28.00000027
    2882        109.87508071          0.00018603        -28.00000000
    2883         91.04975925          5.50203625        -28.00000000
    2884       -179.99957896          0.00000000        -28.00000000
    2885       -177.50000000          0.09380000        -28.00000000
    2886       -135.00024596         10.00205925       -128.00000000
    2887       -119.99958082         10.17275581       -128.00000000
    2888          0.00000000         12.90005910       -128.00000027
    2889        180.00041914          0.00018603       -128.00000000
    2890       -331.00024048          0.00000000        -27.84109583
    2891       -351.00000000          0.00000000        -27.84109583
    2892       -239.99958174          0.00000000        -27.84100000
    2893       -119.99958082         10.17275581        -28.00000000
    2894       -551.00000000          0.00000000        -69.00009583
    2895       -114.00024406         11.65213528        -28.00000000
    2896        -90.62024387         12.85220156        -28.00009369
    2897       -149.99957756          4.47232236        -28.00000000
    2898        227.20041543          0.00018603       -128.00000000
    2899        109.87508071          0.00018603       -128.00000000
    2900       -351.00000000          0.00000000        143.71890400
    2901       -351.00000000          0.00000000        141.99990417
    2902       -331.00024048          0.00000000         83.69100000
    2903       -329.37957661          0.00000000         83.69100000
    2904       -321.00023691          0.00000000         83.69100000
    2905       -299.99958452          0.00000000         83.69100000
    2906       -282.17957400          0.00000000         83.69100000
    2907       -274.25025327          0.00000000         83.69100000
    2908       -269.99957400          0.00000000         83.69100000
    2909       -264.25024971          0.00000000         83.69100000
    2910       -239.99958174          0.00000000         83.69100000
    2911       -230.00024727          0.00000000         83.69100000
    2912       -209.99958035          0.00000000         83.69100000
    2913       -207.49959229          0.00000000         83.69100000
    2914       -179.99957896          0.00000000         83.69100000
    2915       -177.50000000          0.09380000         45.65900000
    2916       -149.99957756          4.47232236         45.65900000
    2917       -141.65003064          5.71145603         45.65900000
    2918       -135.00024596         10.00205925         45.65900000
    2919       -119.99958082         10.17275581         45.65900000
    2920       -114.00024406         11.65213528         45.65900000
    2921        -90.62024387         12.85220156        -25.00009369
    2922        -89.99957943         12.89987307        -25.00000027
    2923        -59.99997906         12.89987307        -25.00000027
    2924        -38.99957846         12.89978005        -25.00022351
    2925        -35.99958000         12.90005910        -25.00000027
    2926        -23.99958000         12.90005910        -25.00000027
    2927        -20.99957900         12.90005910        -25.00000027
    2928         -8.99957900         12.90005910        -25.00000027
    2929         -5.99958100         12.90005910        -25.00000027
    2930          0.00000000         12.90005910        -25.00000027
    2931          6.00042100         12.90005910        -25.00000027
    2932          9.00042000         12.90005910        -25.00000027
    2933         21.00042200         12.90005910        -25.00000027
    2934         24.00042500         12.90005910        -25.00000027
    2935         36.00041800         12.90005910        -25.00000027
    2936         39.00042097         12.90005910        -25.00000027
    2937         55.00000000         12.90005910        -25.00000027
    2938         60.00042288         11.51848762        -24.00000000
    2939         86.01997312          5.50194050         -5.00000000
    2940         90.05042427          5.50203625         -2.00000000
    2941         91.04975925          5.50203625         -1.00000000
    2942        109.87508071          0.00018603         12.80000000
    2943        119.99974727          0.00018603         20.50000000
    2944        134.99976191          0.00018603         31.00000000
    2945        150.00042705          0.00018603         41.00000000
    2946        180.00041914          0.00018603         57.00000000
    2947        202.69975342          0.00018603        131.00000000
    2948        211.48543000          0.00018603        143.80300000
    2949        227.00041543          0.00018603        144.44900000
    2950        227.00041543          0.00018603        143.80300000
    2951        227.00041543          0.00018603        144.99900000
    2952        211.48543000          0.00018603        137.25000000
    2953        227.00041543          0.00018603        137.25000000
    2954        227.20041543          0.00018603        131.00000000
    2955        211.68543000          0.00018603        131.00000000
    2956        327.20041543          0.00018603        -69.00000000
    2957       -501.00000000          0.00000000        -69.00009583
    2958        377.20041543          0.00018603        -69.00000000
    2959        427.20041543          0.00018603        -69.00000000
    2960       -230.00024727          0.00000000        -27.84100000
    2961       -282.17957400          0.00000000        -27.84100000
    2962       -299.99958452          0.00000000        -27.84100000
    2963        211.68543000          0.00018603        -28.00000000
    2964        227.20041543          0.00018603        -28.00000000
    2965        134.99976191          0.00018603       -128.00000000
    2966        150.00042705          0.00018603       -128.00000000
    2967        -23.99958000         12.90005910       -128.00000027
    2968        -20.99957900         12.90005910       -128.00000027
    2969        181.90041914          0.00018603        -28.00016653
    2970        202.69975342          0.00018603        -28.00000000
    2971        277.20041543          0.00018603        -28.00000000
    2972       -141.65003064          5.71145603        -28.00000000
    2973       -135.00024596         10.00205925        -28.00000000
    2974       -451.00000000          0.00000000        -69.00009583
    2975         -8.99957900         12.90005910       -128.00000027
    2976         -5.99958100         12.90005910       -128.00000027
    2977        119.99974727          0.00018603       -128.00000000
    2978        377.20041543          0.00018603       -128.00000000
    2979        427.20041543          0.00018603       -128.00000000
    2980         36.00041800         12.90005910       -128.00000027
    2981         39.00042097         12.90005910       -128.00000027
    2982        180.00041914          0.00018603        -28.00000000
    2983        150.00042705          0.00018603        -28.00000000
    2984        -90.62024387         12.85220156       -128.00009369
    2985       -114.00024406         11.65213528       -128.00000000
    2986        181.90041914          0.00018603       -128.00016653
    2987         60.20042288         11.51848762       -128.00000000
    2988         86.01997312          5.50194050       -128.00000000
    2989        202.69975342          0.00018603       -128.00000000
    2990        211.68543000          0.00018603       -128.00000000
    2991       -230.00024727          0.00000000       -128.00000000
    2992       -209.99958035          0.00000000       -128.00000000
    2993       -401.00000000          0.00000000        -27.84109583
    2994       -264.25024971          0.00000000        -27.84100000
    2995       -269.99957400          0.00000000        -27.84100000
    2996       -274.25025327          0.00000000        -27.84100000
    2997       -321.00023691          0.00000000        -27.84100000
    2998       -207.49959229          0.00000000        -27.84100000
    2999       -209.99958035          0.00000000        -27.84100000
    3000       -329.37957661          0.00000000        -27.84100000
    3001       -179.99957896          0.00000000         -3.50000000
    3002       -177.50000000          0.09380000         -4.00000000
    3003        277.20041543          0.00018603       -128.00000000
    3004        327.20041543          0.00018603       -128.00000000
    3005       -451.00000000          0.00000000       -128.00009583
    3006       -401.00000000          0.00000000       -128.00009583
    3007       -264.25024971          0.00000000       -128.00000000
    3008        277.00041543          0.00018603        153.00000059
    3009        277.00041543          0.00018603        152.50000320
    3010        277.00041543          0.00018603        137.25000000
    3011        277.00041543          0.00018603        143.80300000
    3012        277.00041543          0.00018603        144.99900000
    3013        277.00041543          0.00018603        144.44900000
    3014        277.20041543          0.00018603        131.00000000
    3015        327.00041543          0.00018603        144.44900000
    3016        327.00041543          0.00018603        143.80300000
    3017        327.00041543          0.00018603        144.99900000
    3018        327.00041543          0.00018603        137.25000000
    3019        327.00041543          0.00018603        152.50000320
    3020        327.20041543          0.00018603        131.00000000
    3021        327.00041543          0.00018603        153.00000059
    3022        377.00041543          0.00018603        144.44900000
    3023        377.00041543          0.00018603        143.80300000
    3024        377.00041543          0.00018603        144.99900000
    3025        377.00041543          0.00018603        137.25000000
    3026        377.00041543          0.00018603        152.50000320
    3027        377.20041543          0.00018603        131.00000000
    3028        377.00041543          0.00018603        153.00000059
    3029        427.00041543          0.00018603        144.44900000
    3030        427.00041543          0.00018603        143.80300000
    3031        427.00041543          0.00018603        144.99900000
    3032        427.00041543          0.00018603        137.25000000
    3033        427.00041543          0.00018603        152.50000320
    3034        427.20041543          0.00018603        131.00000000
    3035        427.00041543          0.00018603        153.00000059
    3036       -400.99957852          0.00000000        153.00000059
    3037       -400.99957852          0.00000000        152.50000320
    3038       -401.00000000          0.00000000        141.99990417
    3039       -401.00000000          0.00000000        143.71890400
    3040       -401.00000000          0.00000000        144.99887000
    3041       -450.99957852          0.00000000        152.50000320
    3042       -450.99957852          0.00000000        153.00000059
    3043       -451.00000000          0.00000000        144.99887000
    3044       -451.00000000          0.00000000        141.99990417
    3045       -451.00000000          0.00000000        143.71890400
    3046       -500.99957852          0.00000000        152.50000320
    3047       -500.99957852          0.00000000        153.00000059
    3048       -501.00000000          0.00000000        144.99887000
    3049       -501.00000000          0.00000000        141.99990417
    3050       -501.00000000          0.00000000        143.71890400
    3051       -550.99957852          0.00000000        152.50000320
    3052       -550.99957852          0.00000000        153.00000059
    3053       -551.00000000          0.00000000        144.99887000
    3054       -551.00000000          0.00000000        141.99990417
    3055       -551.00000000          0.00000000        143.71890400
    3056        181.90041914          0.00018603         57.99983347
    3057        377.20041543          0.00018603         31.00000000
    3058        327.20041543          0.00018603         31.00000000
    3059        277.20041543          0.00018603        106.00000000
    3060        227.20041543          0.00018603         82.00000000
    3061        427.20041543          0.00018603         31.00000000
    3062        202.69975342          0.00018603         69.00000000
    3063        211.68543000          0.00018603         74.00000000
    3064       -149.99957756          4.47232236        -12.00000000
    3065       -141.65003064          5.71145603        -14.50000000
    3066       -135.00024596         10.00205925        -16.50000000
    3067       -114.00024406         11.65213528        -22.40000000
    3068       -119.99958082         10.17275581        -20.80000000
    3069       -401.00000000          0.00000000        119.69090417
    3070       -451.00000000          0.00000000         83.69090417
    3071       -501.00000000          0.00000000         83.69090417
    3072       -351.00000000          0.00000000         83.69090417
    3073       -551.00000000          0.00000000         83.69090417
    3074       -501.00000000          0.00000000         45.65890417
    3075       -451.00000000          0.00000000         45.65890417
    3076       -331.00024048          0.00000000         63.95890417
    3077       -351.00000000          0.00000000         80.35890417
    3078       -401.00000000          0.00000000         80.35890417
    3079       -551.00000000          0.00000000         45.65890417
    3080       -321.00023691          0.00000000         56.15900000
    3081       -329.37957661          0.00000000         62.55900000
    3082       -239.99958174          0.00000000         45.65900000
    3083       -264.25024971          0.00000000         45.65900000
    3084       -282.17957400          0.00000000         45.65900000
    3085       -299.99958452          0.00000000         45.65900000
    3086       -274.25025327          0.00000000         45.65900000
    3087       -207.49959229          0.00000000         45.65900000
    3088       -209.99958035          0.00000000         45.65900000
    3089       -269.99957400          0.00000000         45.65900000
    3090       -230.00024727          0.00000000         45.65900000
    3091       -179.99957896          0.00000000         45.65900000
    3092       -282.17957400          0.00000000         25.60000000
    3093       -299.99958452          0.00000000         42.65900000
    3094       -239.99958174          0.00000000         13.50000000
    3095       -264.25024971          0.00000000         20.50000000
    3096       -351.00000000          0.00000000         30.99990417
    3097       -401.00000000          0.00000000         30.99990417
    3098       -207.49959229          0.00000000          4.15900000
    3099       -209.99958035          0.00000000          4.95900000
    3100       -329.37957661          0.00000000         31.00000000
    3101       -331.00024048          0.00000000         31.00000000
    3102       -451.00000000          0.00000000         30.99990417
    3103       -274.25025327          0.00000000         23.20000000
    3104       -501.00000000          0.00000000         30.99990417
    3105       -551.00000000          0.00000000         30.99990417
    3106       -230.00024727          0.00000000         10.60000000
    3107       -269.99957400          0.00000000         22.10000000
    3108       -321.00023691          0.00000000         31.00000000
    3109        -35.99958000         12.90005910       -128.00000027
    3110         24.00042500         12.90005910       -128.00000027
    3111        -38.99957846         12.89978005       -128.00022351
    3112       -299.99958452          0.00000000       -128.00000000
    3113       -321.00023691          0.00000000       -128.00000000
    3114         21.00042200         12.90005910       -128.00000027
    3115          9.00042000         12.90005910       -128.00000027
    3116       -329.37957661          0.00000000       -128.00000000
    3117       -351.00000000          0.00000000       -128.00009583
    3118       -501.00000000          0.00000000       -128.00009583
    3119       -331.00024048          0.00000000       -128.00009583
    3120         91.04975925          5.50203625       -128.00000000
    3121         90.05042427          5.50203625       -128.00000000
    3122       -141.65003064          5.71145603       -128.00000000
    3123       -149.99957756          4.47232236       -128.00000000
    3124       -207.49959229          0.00000000       -128.00000000
    3125       -179.99957896          0.00000000       -128.00000000
    3126       -177.50000000          0.09380000       -128.00000000
    3127         55.00000000         12.90005910       -128.00000027
    3128       -282.17957400          0.00000000       -128.00000000
    3129       -274.25025327          0.00000000       -128.00000000
    3130       -551.00000000          0.00000000       -128.00009583
    3131       -269.99957400          0.00000000       -128.00000000
    3132          6.00042100         12.90005910       -128.00000027
    3133        377.00041543         -4.39981053        153.00000059
    3134        -89.99957943         -4.40012693       -128.00000027
    3135       -351.00000000         -4.40000000        144.99887000
    3136        -59.99997906         -4.40012693       -128.00000027
    3137       -239.99958174         -4.40000000       -128.00000000
    3138        -23.99958000         -4.39994090        -28.00000027
    3139         60.00042288         -4.40051238        -28.00000000
    3140         55.00000000         -4.39994090        -28.00000027
    3141         86.01997312         -4.40005950        -28.00000000
    3142         39.00042097         -4.39994090        -28.00000027
    3143         36.00041800         -4.39994090        -28.00000027
    3144          9.00042000         -4.39994090        -28.00000027
    3145          6.00042100         -4.39994090        -28.00000027
    3146        134.99976191         -4.39981397        -28.00000000
    3147        120.19974727         -4.39981397        -28.00000000
    3148         24.00042500         -4.39994090        -28.00000027
    3149         21.00042200         -4.39994090        -28.00000027
    3150        -20.99957900         -4.39994090        -28.00000027
    3151         -8.99957900         -4.39994090        -28.00000027
    3152          0.00000000         -4.39994090        -28.00000027
    3153         -5.99958100         -4.39994090        -28.00000027
    3154         90.05042427         -4.39996375        -28.00000000
    3155        -35.99958000         -4.39994090        -28.00000027
    3156        -38.99957846         -4.40021995        -28.00022351
    3157        -89.99957943         -4.40012693        -28.00000027
    3158        -59.99997906         -4.40012693        -28.00000027
    3159        109.87508071         -4.39981397        -28.00000000
    3160         91.04975925         -4.39996375        -28.00000000
    3161       -179.99957896         -4.40000000        -28.00000000
    3162       -177.50000000         -4.30620000        -28.00000000
    3163       -135.00024596         -4.57094075       -128.00000000
    3164       -119.99958082         -4.40024419       -128.00000000
    3165          0.00000000         -4.39994090       -128.00000027
    3166        180.00041914         -4.39981397       -128.00000000
    3167       -331.00024048         -4.40000000        -27.84109583
    3168       -351.00000000         -4.40000000        -27.84109583
    3169       -239.99958174         -4.40000000        -27.84100000
    3170       -119.99958082         -4.40024419        -28.00000000
    3171       -551.00000000         -4.40000000        -69.00009583
    3172       -114.00024406         -4.39986472        -28.00000000
    3173        -90.62024387         -4.44779844        -28.00009369
    3174       -149.99957756         -4.39967764        -28.00000000
    3175        227.20041543         -4.39981397       -128.00000000
    3176        109.87508071         -4.39981397       -128.00000000
    3177       -351.00000000         -4.40000000        143.71890400
    3178       -351.00000000         -4.40000000        141.99990417
    3179       -331.00024048         -4.40000000         83.69100000
    3180       -329.37957661         -4.40000000         83.69100000
    3181       -321.00023691         -4.40000000         83.69100000
    3182       -299.99958452         -4.40000000         83.69100000
    3183       -282.17957400         -4.40000000         83.69100000
    3184       -274.25025327         -4.40000000         83.69100000
    3185       -269.99957400         -4.40000000         83.69100000
    3186       -264.25024971         -4.40000000         83.69100000
    3187       -239.99958174         -4.40000000         83.69100000
    3188       -230.00024727         -4.40000000         83.69100000
    3189       -209.99958035         -4.40000000         83.69100000
    3190       -207.49959229         -4.40000000         83.69100000
    3191       -179.99957896         -4.40000000         83.69100000
    3192       -177.50000000         -4.30620000         45.65900000
    3193       -149.99957756         -4.39967764         45.65900000
    3194       -141.65003064         -4.40054397         45.65900000
    3195       -135.00024596         -4.57094075         45.65900000
    3196       -119.99958082         -4.40024419         45.65900000
    3197       -114.00024406         -4.39986472         45.65900000
    3198        -90.62024387         -4.44779844        -25.00009369
    3199        -89.99957943         -4.40012693        -25.00000027
    3200        -59.99997906         -4.40012693        -25.00000027
    3201        -38.99957846         -4.40021995        -25.00022351
    3202        -35.99958000         -4.39994090        -25.00000027
    3203        -23.99958000         -4.39994090        -25.00000027
    3204        -20.99957900         -4.39994090        -25.00000027
    3205         -8.99957900         -4.39994090        -25.00000027
    3206         -5.99958100         -4.39994090        -25.00000027
    3207          0.00000000         -4.39994090        -25.00000027
    3208          6.00042100         -4.39994090        -25.00000027
    3209          9.00042000         -4.39994090        -25.00000027
    3210         21.00042200         -4.39994090        -25.00000027
    3211         24.00042500         -4.39994090        -25.00000027
    3212         36.00041800         -4.39994090        -25.00000027
    3213         39.00042097         -4.39994090        -25.00000027
    3214         55.00000000         -4.39994090        -25.00000027
    3215         60.00042288         -4.40051238        -24.00000000
    3216         86.01997312         -4.40005950         -5.00000000
    3217         90.05042427         -4.39996375         -2.00000000
    3218         91.04975925         -4.39996375         -1.00000000
    3219        109.87508071         -4.39981397         12.80000000
    3220        119.99974727         -4.39981397         20.50000000
    3221        134.99976191         -4.39981397         31.00000000
    3222        150.00042705         -4.39981397         41.00000000
    3223        180.00041914         -4.39981397         57.00000000
    3224        202.69975342         -4.39981397        131.00000000
    3225        211.48543000         -4.39981397        143.80300000
    3226        227.00041543         -4.39981397        144.44900000
    3227        227.00041543         -4.39981397        143.80300000
    3228        227.00041543         -4.39981397        144.99900000
    3229        211.48543000         -4.39981397        137.25000000
    3230        227.00041543         -4.39981397        137.25000000
    3231        227.20041543         -4.39981397        131.00000000
    3232        211.68543000         -4.39981397        131.00000000
    3233        327.20041543         -4.39981397        -69.00000000
    3234       -501.00000000         -4.40000000        -69.00009583
    3235        377.20041543         -4.39981397        -69.00000000
    3236        427.20041543         -4.39981397        -69.00000000
    3237       -230.00024727         -4.40000000        -27.84100000
    3238       -282.17957400         -4.40000000        -27.84100000
    3239       -299.99958452         -4.40000000        -27.84100000
    3240        211.68543000         -4.39981397        -28.00000000
    3241        227.20041543         -4.39981397        -28.00000000
    3242        134.99976191         -4.39981397       -128.00000000
    3243        150.00042705         -4.39981397       -128.00000000
    3244        -23.99958000         -4.39994090       -128.00000027
    3245        -20.99957900         -4.39994090       -128.00000027
    3246        181.90041914         -4.39981397        -28.00016653
    3247        202.69975342         -4.39981397        -28.00000000
    3248        277.20041543         -4.39981397        -28.00000000
    3249       -141.65003064         -4.40054397        -28.00000000
    3250       -135.00024596         -4.57094075        -28.00000000
    3251       -451.00000000         -4.40000000        -69.00009583
    3252         -8.99957900         -4.39994090       -128.00000027
    3253         -5.99958100         -4.39994090       -128.00000027
    3254        119.99974727         -4.39981397       -128.00000000
    3255        377.20041543         -4.39981397       -128.00000000
    3256        427.20041543         -4.39981397       -128.00000000
    3257         36.00041800         -4.39994090       -128.00000027
    3258         39.00042097         -4.39994090       -128.00000027
    3259        180.00041914         -4.39981397        -28.00000000
    3260        150.00042705         -4.39981397        -28.00000000
    3261        -90.62024387         -4.44779844       -128.00009369
    3262       -114.00024406         -4.39986472       -128.00000000
    3263        181.90041914         -4.39981397       -128.00016653
    3264         60.20042288         -4.40051238       -128.00000000
    3265         86.01997312         -4.40005950       -128.00000000
    3266        202.69975342         -4.39981397       -128.00000000
    3267        211.68543000         -4.39981397       -128.00000000
    3268       -230.00024727         -4.40000000       -128.00000000
    3269       -209.99958035         -4.40000000       -128.00000000
    3270       -401.00000000         -4.40000000        -27.84109583
    3271       -264.25024971         -4.40000000        -27.84100000
    3272       -269.99957400         -4.40000000        -27.84100000
    3273       -274.25025327         -4.40000000        -27.84100000
    3274       -321.00023691         -4.40000000        -27.84100000
    3275       -207.49959229         -4.40000000        -27.84100000
    3276       -209.99958035         -4.40000000        -27.84100000
    3277       -329.37957661         -4.40000000        -27.84100000
    3278       -179.99957896         -4.40000000         -3.50000000
    3279       -177.50000000         -4.30620000         -4.00000000
    3280        277.20041543         -4.39981397       -128.00000000
    3281        327.20041543         -4.39981397       -128.00000000
    3282       -451.00000000         -4.40000000       -128.00009583
    3283       -401.00000000         -4.40000000       -128.00009583
    3284       -264.25024971         -4.40000000       -128.00000000
    3285        327.00041543         -4.39981053        153.00000059
    3286        277.00041543         -4.39981397        152.50000320
    3287        277.00041543         -4.39981397        137.25000000
    3288        277.00041543         -4.39981397        143.80300000
    3289        277.00041543         -4.39981397        144.99900000
    3290        277.00041543         -4.39981397        144.44900000
    3291        277.20041543         -4.39981397        131.00000000
    3292        327.00041543         -4.39981397        144.44900000
    3293        327.00041543         -4.39981397        143.80300000
    3294        327.00041543         -4.39981397        144.99900000
    3295        327.00041543         -4.39981397        137.25000000
    3296        327.00041543         -4.39981397        152.50000320
    3297        327.20041543         -4.39981397        131.00000000
    3298        377.00041543         -4.39981397        144.44900000
    3299        377.00041543         -4.39981397        143.80300000
    3300        377.00041543         -4.39981397        144.99900000
    3301        377.00041543         -4.39981397        137.25000000
    3302        377.00041543         -4.39981397        152.50000320
    3303        377.20041543         -4.39981397        131.00000000
    3304        277.00041543         -4.39981053        153.00000059
    3305        427.00041543         -4.39981397        144.44900000
    3306        427.00041543         -4.39981397        143.80300000
    3307        427.00041543         -4.39981397        144.99900000
    3308        427.00041543         -4.39981397        137.25000000
    3309        427.00041543         -4.39981397        152.50000320
    3310        427.20041543         -4.39981397        131.00000000
    3311       -400.99957852         -4.40000000        152.50000320
    3312       -401.00000000         -4.40000000        141.99990417
    3313       -401.00000000         -4.40000000        143.71890400
    3314       -401.00000000         -4.40000000        144.99887000
    3315       -450.99957852         -4.40000000        152.50000320
    3316       -451.00000000         -4.40000000        144.99887000
    3317       -451.00000000         -4.40000000        141.99990417
    3318       -451.00000000         -4.40000000        143.71890400
    3319       -500.99957852         -4.40000000        152.50000320
    3320       -501.00000000         -4.40000000        144.99887000
    3321       -501.00000000         -4.40000000        141.99990417
    3322       -501.00000000         -4.40000000        143.71890400
    3323       -550.99957852         -4.40000000        152.50000320
    3324       -551.00000000         -4.40000000        144.99887000
    3325       -551.00000000         -4.40000000        141.99990417
    3326       -551.00000000         -4.40000000        143.71890400
    3327        181.90041914         -4.39981397         57.99983347
    3328        377.20041543         -4.39981397         31.00000000
    3329        327.20041543         -4.39981397         31.00000000
    3330        277.20041543         -4.39981397        106.00000000
    3331        227.20041543         -4.39981397         82.00000000
    3332        427.20041543         -4.39981397         31.00000000
    3333        202.69975342         -4.39981397         69.00000000
    3334        211.68543000         -4.39981397         74.00000000
    3335       -149.99957756         -4.39967764        -12.00000000
    3336       -141.65003064         -4.40054397        -14.50000000
    3337       -135.00024596         -4.57094075        -16.50000000
    3338       -114.00024406         -4.39986472        -22.40000000
    3339       -119.99958082         -4.40024419        -20.80000000
    3340       -401.00000000         -4.40000000        119.69090417
    3341       -451.00000000         -4.40000000         83.69090417
    3342       -501.00000000         -4.40000000         83.69090417
    3343       -351.00000000         -4.40000000         83.69090417
    3344       -551.00000000         -4.40000000         83.69090417
    3345       -501.00000000         -4.40000000         45.65890417
    3346       -451.00000000         -4.40000000         45.65890417
    3347       -331.00024048         -4.40000000         63.95890417
    3348       -351.00000000         -4.40000000         80.35890417
    3349       -401.00000000         -4.40000000         80.35890417
    3350       -551.00000000         -4.40000000         45.65890417
    3351       -321.00023691         -4.40000000         56.15900000
    3352       -329.37957661         -4.40000000         62.55900000
    3353       -239.99958174         -4.40000000         45.65900000
    3354       -264.25024971         -4.40000000         45.65900000
    3355       -282.17957400         -4.40000000         45.65900000
    3356       -299.99958452         -4.40000000         45.65900000
    3357       -274.25025327         -4.40000000         45.65900000
    3358       -207.49959229         -4.40000000         45.65900000
    3359       -209.99958035         -4.40000000         45.65900000
    3360       -269.99957400         -4.40000000         45.65900000
    3361       -230.00024727         -4.40000000         45.65900000
    3362       -179.99957896         -4.40000000         45.65900000
    3363       -282.17957400         -4.40000000         25.60000000
    3364       -299.99958452         -4.40000000         42.65900000
    3365       -239.99958174         -4.40000000         13.50000000
    3366       -264.25024971         -4.40000000         20.50000000
    3367       -351.00000000         -4.40000000         30.99990417
    3368       -401.00000000         -4.40000000         30.99990417
    3369       -207.49959229         -4.40000000          4.15900000
    3370       -209.99958035         -4.40000000          4.95900000
    3371       -329.37957661         -4.40000000         31.00000000
    3372       -331.00024048         -4.40000000         31.00000000
    3373       -451.00000000         -4.40000000         30.99990417
    3374       -274.25025327         -4.40000000         23.20000000
    3375       -501.00000000         -4.40000000         30.99990417
    3376       -551.00000000         -4.40000000         30.99990417
    3377       -230.00024727         -4.40000000         10.60000000
    3378       -269.99957400         -4.40000000         22.10000000
    3379       -321.00023691         -4.40000000         31.00000000
    3380        -35.99958000         -4.39994090       -128.00000027
    3381         24.00042500         -4.39994090       -128.00000027
    3382        -38.99957846         -4.40021995       -128.00022351
    3383       -299.99958452         -4.40000000       -128.00000000
    3384       -321.00023691         -4.40000000       -128.00000000
    3385         21.00042200         -4.39994090       -128.00000027
    3386          9.00042000         -4.39994090       -128.00000027
    3387       -329.37957661         -4.40000000       -128.00000000
    3388       -351.00000000         -4.40000000       -128.00009583
    3389       -501.00000000         -4.40000000       -128.00009583
    3390       -331.00024048         -4.40000000       -128.00009583
    3391         91.04975925         -4.39996375       -128.00000000
    3392         90.05042427         -4.39996375       -128.00000000
    3393       -141.65003064         -4.40054397       -128.00000000
    3394       -149.99957756         -4.39967764       -128.00000000
    3395       -207.49959229         -4.40000000       -128.00000000
    3396       -179.99957896         -4.40000000       -128.00000000
    3397       -177.50000000         -4.30620000       -128.00000000
    3398         55.00000000         -4.39994090       -128.00000027
    3399       -282.17957400         -4.40000000       -128.00000000
    3400       -274.25025327         -4.40000000       -128.00000000
    3401       -551.00000000         -4.40000000       -128.00009583
    3402       -269.99957400         -4.40000000       -128.00000000
    3403          6.00042100         -4.39994090       -128.00000027
    3404        427.00041543         -4.39981053        153.00000059
    3405       -400.99957852         -4.40000121        153.00000059
    3406       -450.99957852         -4.40000121        153.00000059
    3407       -500.99957852         -4.40000121        153.00000059
    3408       -550.99957852         -4.40000121        153.00000059
    3409         -8.99957900        112.90005910       -128.00000027
    3410         -5.99958100        112.90005910       -128.00000027
    3411         -5.99958100        112.90005910        -69.00000027
    3412         -8.99957900        112.90005910        -69.00000027
    3413       -351.00000000        100.00000000        141.99990417
    3414       -351.00000000        100.00000000         83.69090417
    3415       -331.00024048        100.00000000         83.69090417
    3416       -331.00024048        100.00000000        141.99990417
    3417       -114.00024406        111.65213528         45.65900000
    3418       -114.00024406        111.65213528         31.00000000
    3419        -90.62024387        112.85220156         30.99990631
    3420        -90.62024387        112.85220156         45.65890631
    3421        377.20041543        100.00018603        -69.00000000
    3422        377.20041543        100.00018603       -128.00000000
    3423        427.20041543        100.00018603       -128.00000000
    3424        427.20041543        100.00018603        -69.00000000
    3425        134.99976191        100.00018603         31.00000000
    3426        150.00042705        100.00018603         31.00000000
    3427        150.00042705        100.00018603        107.02503010
    3428        134.99976191        100.00018603         93.99990381
    3429        277.00041543        100.00018603        143.80300000
    3430        327.00041543        100.00018603        143.80300000
    3431        327.00041543        100.00018603        144.44900000
    3432        277.00041543        100.00018603        144.44900000
    3433       -264.25024971        100.00000000       -128.00000000
    3434       -239.99958174        100.00000000       -128.00000000
    3435       -239.99958174        100.00000000        -69.00000000
    3436       -264.25024971        100.00000000        -69.00000000
    3437       -351.00000000        100.00000000        143.71890400
    3438       -401.00000000        100.00000000        143.71890400
    3439       -401.00000000        100.00000000        141.99990417
    3440        109.87508071        100.00018603        -69.00000000
    3441        119.99974727        100.00018603        -69.00000000
    3442        119.99974727        100.00018603         31.00000000
    3443        109.87508071        100.00018603         31.00000000
    3444       -282.17957400        100.00000000         83.69100000
    3445       -282.17957400        100.00000000        122.12186200
    3446       -299.99958452        100.00000000        131.33214670
    3447       -299.99958452        100.00000000         83.69100000
    3448       -264.25024971        100.00000000         31.00000000
    3449       -239.99958174        100.00000000         31.00000000
    3450       -114.00024406        111.65213528       -128.00000000
    3451        -90.62024387        112.85220156       -128.00009369
    3452        -90.62024387        112.85220156        -69.00009369
    3453       -114.00024406        111.65213528        -69.00000000
    3454       -209.99958035        100.00000000         31.00000000
    3455       -209.99958035        100.00000000        -69.00000000
    3456       -207.49959229        100.00000000        -69.00000000
    3457       -207.49959229        100.00000000         31.00000000
    3458       -331.00024048        100.00000000         45.65900000
    3459       -331.00024048        100.00000000         31.00000000
    3460       -329.37957661        100.00000000         31.00000000
    3461       -329.37957661        100.00000000         45.65900000
    3462         60.20042288        111.51848762        -69.00000000
    3463         86.01997312        105.50194050        -69.00000000
    3464         86.01997312        105.50194050         31.00000000
    3465         60.20042288        111.51848762         31.00000000
    3466        377.00041543        100.00018603        152.50000320
    3467        427.00041543        100.00018603        152.50000320
    3468        427.00041543        100.00018603        153.00000059
    3469        377.00041543        100.00018603        153.00000059
    3470          6.00042100        112.90005910         40.99999973
    3471          6.00042100        112.90005910         30.99999973
    3472          9.00042000        112.90005910         30.99999973
    3473          9.00042000        112.90005910         40.99999973
    3474       -207.49959229        100.00000000         45.65900000
    3475       -179.99957896        100.00000000         45.65900000
    3476       -179.99957896        100.00000000         83.69100000
    3477       -207.49959229        100.00000000         83.69100000
    3478         36.00041800        112.90005910       -128.00000027
    3479         39.00042097        112.90005910       -128.00000027
    3480         39.00042097        112.90005910        -69.00000027
    3481         36.00041800        112.90005910        -69.00000027
    3482       -141.65003064        105.71145603         45.65900000
    3483       -141.65003064        105.71145603         64.80224420
    3484       -149.99957756        104.47232236         69.26248512
    3485       -149.99957756        104.47232236         45.65900000
    3486        -20.99957900        112.90005910       -128.00000027
    3487        -20.99957900        112.90005910        -69.00000027
    3488       -239.99958174        100.00000000         45.65900000
    3489       -230.00024727        100.00000000         31.00000000
    3490       -230.00024727        100.00000000         45.65900000
    3491        227.20041543        100.00018603        131.00000000
    3492        227.00041543        100.00018603        137.25000000
    3493        211.48543000        100.00018603        137.25000000
    3494        211.68543000        100.00018603        131.00000000
    3495       -501.00000000        100.00000000         83.69090417
    3496       -501.00000000        100.00000000         45.65890417
    3497       -451.00000000        100.00000000         45.65890417
    3498       -451.00000000        100.00000000         83.69090417
    3499         90.05042427        105.50203625        -69.00000000
    3500         91.04975925        105.50203625        -69.00000000
    3501         91.04975925        105.50203625         31.00000000
    3502         90.05042427        105.50203625         31.00000000
    3503       -501.00000000        100.00000000         30.99990417
    3504       -451.00000000        100.00000000         30.99990417
    3505        109.87508071        100.00018603         83.99950544
    3506         91.04975925        105.50203625         65.49990853
    3507        -38.99957846        112.89978005         30.99977649
    3508        -38.99957846        112.89978005        -69.00022351
    3509        -35.99958000        112.90005910        -69.00000027
    3510        -35.99958000        112.90005910         30.99999973
    3511        327.00041543        100.00018603        137.25000000
    3512        377.00041543        100.00018603        137.25000000
    3513        377.00041543        100.00018603        143.80300000
    3514        150.00042705        100.00018603        -69.00000000
    3515        180.00041914        100.00018603        -69.00000000
    3516        180.00041914        100.00018603         31.00000000
    3517        -89.99957943        112.89987307         30.99999973
    3518        -59.99997906        112.89987307         30.99999973
    3519        -59.99997906        112.89987307         44.99999973
    3520        -89.99957943        112.89987307         45.49999973
    3521         60.20042288        111.51848762       -128.00000000
    3522         86.01997312        105.50194050       -128.00000000
    3523         39.00042097        112.90005910         30.99999973
    3524         55.00000000        112.90005910        -69.00000027
    3525         55.00000000        112.90005910         30.99999973
    3526        -89.99957943        112.89987307        -69.00000027
    3527       -333.22957661        100.00000000        143.71890400
    3528       -335.05000000        100.00000000        144.99887000
    3529       -351.00000000        100.00000000        144.99887000
    3530         39.00042097        112.90005910         40.99999973
    3531         55.00000000        112.90005910         40.99999973
    3532        -59.99997906        112.89987307       -128.00000027
    3533        -38.99957846        112.89978005       -128.00022351
    3534        -59.99997906        112.89987307        -69.00000027
    3535       -551.00000000        100.00000000         83.69090417
    3536       -551.00000000        100.00000000         45.65890417
    3537       -500.99957852        100.00000000        153.00000059
    3538       -550.99957852        100.00000000        153.00000059
    3539       -550.99957852        100.00000000        152.50000320
    3540       -500.99957852        100.00000000        152.50000320
    3541       -135.00024596        110.00205925         31.00000000
    3542       -135.00024596        110.00205925        -69.00000000
    3543       -119.99958082        110.17275581        -69.00000000
    3544       -119.99958082        110.17275581         31.00000000
    3545       -282.17957400        100.00000000         45.65900000
    3546       -282.17957400        100.00000000         31.00000000
    3547       -274.25025327        100.00000000         31.00000000
    3548       -274.25025327        100.00000000         45.65900000
    3549        -20.99957900        112.90005910         30.99999973
    3550         -8.99957900        112.90005910         30.99999973
    3551          6.00042100        112.90005910        -69.00000027
    3552          9.00042000        112.90005910        -69.00000027
    3553        277.00041543        100.00018603        152.50000320
    3554        327.00041543        100.00018603        152.50000320
    3555        327.00041543        100.00018603        153.00000059
    3556        277.00041543        100.00018603        153.00000059
    3557        -38.99957846        112.89978005         43.31977649
    3558       -451.00000000        100.00000000        -69.00009583
    3559       -401.00000000        100.00000000        -69.00009583
    3560       -401.00000000        100.00000000         30.99990417
    3561       -321.00023691        100.00000000         45.65900000
    3562       -299.99958452        100.00000000         45.65900000
    3563       -321.00023691        100.00000000         83.69100000
    3564       -551.00000000        100.00000000         30.99990417
    3565        277.20041543        100.00018603        -69.00000000
    3566        277.20041543        100.00018603       -128.00000000
    3567        327.20041543        100.00018603       -128.00000000
    3568        327.20041543        100.00018603        -69.00000000
    3569        -23.99958000        112.90005910         30.99999973
    3570        -23.99958000        112.90005910        -69.00000027
    3571        -89.99957943        112.89987307       -128.00000027
    3572       -451.00000000        100.00000000       -128.00009583
    3573       -401.00000000        100.00000000       -128.00009583
    3574        277.00041543        100.00018603        144.99900000
    3575        327.00041543        100.00018603        144.99900000
    3576        180.00041914        100.00018603       -128.00016653
    3577        181.90041914        100.00018603       -128.00016653
    3578        181.90041914        100.00018603        -69.00016653
    3579       -321.00023691        100.00000000         31.00000000
    3580       -321.00023691        100.00000000        -69.00000000
    3581       -299.99958452        100.00000000        -69.00000000
    3582       -299.99958452        100.00000000         31.00000000
    3583          6.00042100        112.90005910       -128.00000027
    3584          9.00042000        112.90005910       -128.00000027
    3585       -274.25025327        100.00000000        -69.00000000
    3586       -269.99957400        100.00000000        -69.00000000
    3587       -269.99957400        100.00000000         31.00000000
    3588         91.04975925        105.50203625       -128.00000000
    3589        109.87508071        100.00018603       -128.00000000
    3590        120.19974727        100.00018603       -128.00000000
    3591        134.99976191        100.00018603       -128.00000000
    3592        134.99976191        100.00018603        -69.00000000
    3593       -329.37957661        100.00000000         83.69100000
    3594        377.00041543        100.00018603        144.99900000
    3595        150.00042705        100.00018603       -128.00000000
    3596        227.00041543        100.00018603        144.44900000
    3597        211.48543000        100.00018603        144.44887000
    3598        211.48543000        100.00018603        143.80300000
    3599        227.00041543        100.00018603        143.80300000
    3600       -551.00000000        100.00000000        144.99887000
    3601       -501.00000000        100.00000000        144.99887000
    3602       -264.25024971        100.00000000         45.65900000
    3603       -239.99958174        100.00000000         83.69100000
    3604       -264.25024971        100.00000000         83.69100000
    3605       -329.37957661        100.00000000        141.99990417
    3606       -269.99957400        100.00000000       -128.00000000
    3607       -119.99958082        110.17275581         45.65900000
    3608       -114.00024406        111.65213528         51.99990867
    3609       -119.99958082        110.17275581         54.19996582
    3610       -351.00000000        100.00000000         45.65890417
    3611       -351.00000000        100.00000000         30.99990417
    3612        119.99974727        100.00018603         93.99990381
    3613       -501.00000000        100.00000000        -69.00009583
    3614       -135.00024596        110.00205925         45.65900000
    3615       -135.00024596        110.00205925         54.19990784
    3616       -401.00000000        100.00000000        144.99887000
    3617        211.68543000        100.00018603        -69.00000000
    3618        211.68543000        100.00018603       -128.00000000
    3619        227.20041543        100.00018603       -128.00000000
    3620        227.20041543        100.00018603        -69.00000000
    3621        327.20041543        100.00018603        131.00000000
    3622        377.20041543        100.00018603        131.00000000
    3623       -119.99958082        110.17275581       -128.00000000
    3624         36.00041800        112.90005910         40.99999973
    3625         36.00041800        112.90005910         30.99999973
    3626       -401.00000000        100.00000000         45.65890417
    3627       -177.50000000        100.09380000         31.00000000
    3628       -177.50000000        100.09380000        -69.00000000
    3629       -149.99957756        104.47232236        -69.00000000
    3630       -149.99957756        104.47232236         31.00000000
    3631       -209.99958035        100.00000000         45.65900000
    3632        427.00041543        100.00018603        143.80300000
    3633        427.00041543        100.00018603        144.44900000
    3634        377.00041543        100.00018603        144.44900000
    3635        210.62043000        100.00018603        144.44887000
    3636        210.62042983        100.00018603        143.80317590
    3637       -350.99957852        100.00000000        152.50000320
    3638       -400.99957852        100.00000000        152.50000320
    3639          0.00000000        112.90005910         30.99999973
    3640          0.00000000        112.90005910        -69.00000027
    3641       -149.99957756        104.47232236       -128.00000000
    3642       -141.65003064        105.71145603       -128.00000000
    3643       -141.65003064        105.71145603        -69.00000000
    3644        202.49975342        100.00018603        137.25043142
    3645        -35.99958000        112.90005910         43.31999973
    3646       -230.00024727        100.00000000       -128.00000000
    3647       -209.99958035        100.00000000       -128.00000000
    3648       -230.00024727        100.00000000        -69.00000000
    3649       -179.99957896        100.00000000         31.00000000
    3650        377.20041543        100.00018603         31.00000000
    3651        427.20041543        100.00018603         31.00000000
    3652        427.20041543        100.00018603        131.00000000
    3653        -23.99958000        112.90005910         40.99999973
    3654        -20.99957900        112.90005910         40.99999973
    3655       -230.00024727        100.00000000         83.69100000
    3656       -230.00024727        100.00000000         99.99990967
    3657       -239.99958174        100.00000000        108.50034397
    3658       -282.17957400        100.00000000        -69.00000000
    3659        -95.00024565        111.65213528         49.49990867
    3660         24.00042500        112.90005910         40.99999973
    3661         24.00042500        112.90005910         30.99999973
    3662       -321.00023691        100.00000000        141.99990417
    3663        -35.99958000        112.90005910       -128.00000027
    3664       -135.00024596        110.00205925       -128.00000000
    3665       -209.99958035        100.00000000         83.69100000
    3666         -8.99957900        112.90005910         40.99999973
    3667         -5.99958100        112.90005910         30.99999973
    3668         -5.99958100        112.90005910         40.99999973
    3669       -551.00000000        100.00000000        141.99990417
    3670       -501.00000000        100.00000000        141.99990417
    3671         55.00000000        112.90005910       -128.00000027
    3672         21.00042200        112.90005910       -128.00000027
    3673         21.00042200        112.90005910        -69.00000027
    3674        227.20041543        100.00018603         31.00000000
    3675        277.20041543        100.00018603         31.00000000
    3676        277.20041543        100.00018603        131.00000000
    3677         90.05042427        105.50203625         65.49990853
    3678       -401.00000000        100.00000000         83.69090417
    3679       -282.17957400        100.00000000       -128.00000000
    3680       -274.25025327        100.00000000       -128.00000000
    3681       -141.65003064        105.71145603         31.00000000
    3682       -450.99957852        100.00000000        152.50000320
    3683       -451.00000000        100.00000000        144.99887000
    3684       -177.50000000        100.09380000         83.69054500
    3685       -177.49957896        100.00000000         83.99950500
    3686       -179.99957896        100.00000000         85.29950500
    3687        327.20041543        100.00018603         31.00000000
    3688       -451.00000000        100.00000000        141.99990417
    3689       -329.37957661        100.00000000        -69.00000000
    3690       -329.37957661        100.00000000       -128.00000000
    3691       -321.00023691        100.00000000       -128.00000000
    3692       -177.50000000        100.09380000         45.65900000
    3693         24.00042500        112.90005910       -128.00000027
    3694         24.00042500        112.90005910        -69.00000027
    3695       -177.50000000        100.09380000       -128.00000000
    3696       -274.25025327        100.00000000         83.69100000
    3697       -274.25025327        100.00000000        118.24991199
    3698       -269.99957400        100.00000000         45.65900000
    3699       -207.49959229        100.00000000       -128.00000000
    3700       -179.99957896        100.00000000       -128.00000000
    3701       -179.99957896        100.00000000        -69.00000000
    3702       -299.99958452        100.00000000       -128.00000000
    3703       -207.49959229        100.00000000         99.99990967
    3704       -209.99958035        100.00000000         99.99990967
    3705       -269.99957400        100.00000000         83.69100000
    3706       -269.99957400        100.00000000        118.24991199
    3707        202.69975342        100.00018603        131.00000000
    3708        212.15685698        100.00018650        144.99887036
    3709        227.00041543        100.00018603        144.99900000
    3710        227.00041543        100.00018603        152.50000320
    3711        221.99999897        100.00018603        152.49877537
    3712        180.00041914        100.00018603        130.99983347
    3713        181.90041914        100.00018603         30.99983347
    3714        181.90041914        100.00018603        130.99983347
    3715        427.00041543        100.00018603        144.99900000
    3716         60.00042288        111.51848762         44.95003027
    3717       -551.00000000        100.00000000        -69.00009583
    3718        211.68543000        100.00018603         31.00000000
    3719       -331.00024048        100.00000000        -69.00000000
    3720       -331.00024048        100.00000000       -128.00000000
    3721       -551.00000000        100.00000000        143.71890400
    3722       -501.00000000        100.00000000        143.71890400
    3723        202.69975342        100.00018603       -128.00000000
    3724        202.69975342        100.00018603        -69.00000000
    3725          0.00000000        112.90005910         40.99999973
    3726       -350.99957852        100.00000000        153.00000059
    3727       -400.99957852        100.00000000        153.00000059
    3728        -23.99958000        112.90005910       -128.00000027
    3729        202.69975342        100.00018603         31.00000000
    3730       -264.25024971        100.00000000        118.24991199
    3731         90.05042427        105.50203625       -128.00000000
    3732       -451.00000000        100.00000000        143.71890400
    3733       -351.00000000        100.00000000        -69.00009583
    3734         21.00042200        112.90005910         30.99999973
    3735         21.00042200        112.90005910         40.99999973
    3736         86.01997312        105.50203625         65.49990853
    3737       -351.00000000        100.00000000       -128.00009583
    3738        427.00041543        100.00018603        137.25000000
    3739          0.00000000        112.90005910       -128.00000027
    3740        187.80000000        100.00018603        137.25000000
    3741       -346.00048770        100.00000000        152.49877537
    3742       -450.99957852        100.00000000        153.00000059
    3743       -501.00000000        100.00000000       -128.00009583
    3744       -551.00000000        100.00000000       -128.00009583
    3745        277.00041543        100.00018603        137.25000000
    3746        227.00041543        100.00018603        153.00000059
    3747        327.00041543        200.00018603        143.80300000
    3748        327.00041543        200.00018603        144.44900000
    3749        277.00041543        200.00018603        144.44900000
    3750        277.00041543        200.00018603        143.80300000
    3751        202.69975342        200.00018603       -128.00000000
    3752        211.68543000        200.00018603       -128.00000000
    3753        211.68543000        200.00018603        -69.00000000
    3754        202.69975342        200.00018603        -69.00000000
    3755        227.00041543        200.00018603        144.44900000
    3756        227.00041543        200.00018603        144.99900000
    3757        212.15685698        200.00018650        144.99887036
    3758        211.48543000        200.00018603        144.44887000
    3759        180.00041914        200.00018603        -69.00016653
    3760        181.90041914        200.00018603        -69.00016653
    3761        181.90041914        200.00018603         30.99983347
    3762        180.00041914        200.00018603         30.99983347
    3763       -264.25024971        200.00000000        -69.00000000
    3764       -239.99958174        200.00000000        -69.00000000
    3765       -239.99958174        200.00000000         31.00000000
    3766       -264.25024971        200.00000000         31.00000000
    3767       -230.00024727        200.00000000         99.99990967
    3768       -239.99958174        200.00000000        108.50034397
    3769       -239.99958174        200.00000000         83.69100000
    3770       -230.00024727        200.00000000         83.69100000
    3771         21.00042200        212.90005910        -69.00000027
    3772         24.00042500        212.90005910        -69.00000027
    3773         24.00042500        212.90005910         30.99999973
    3774         21.00042200        212.90005910         30.99999973
    3775       -451.00000000        200.00000000        144.99887000
    3776       -451.00000000        200.00000000        143.71890400
    3777       -401.00000000        200.00000000        143.71890400
    3778       -401.00000000        200.00000000        144.99887000
    3779       -351.00000000        200.00000000       -128.00009583
    3780       -331.00024048        200.00000000       -128.00009583
    3781       -331.00024048        200.00000000        -69.00009583
    3782       -351.00000000        200.00000000        -69.00009583
    3783        134.99976191        200.00018603        -69.00000000
    3784        134.99976191        200.00018603         31.00000000
    3785        120.19974727        200.00018603         31.00000000
    3786        120.19974727        200.00018603        -69.00000000
    3787       -269.99957400        200.00000000         31.00000000
    3788       -264.25024971        200.00000000         45.65900000
    3789       -269.99957400        200.00000000         45.65900000
    3790        377.00041543        200.00018603        152.50000320
    3791        377.00041543        200.00018603        153.00000059
    3792        327.00041543        200.00018603        153.00000059
    3793        327.00041543        200.00018603        152.50000320
    3794       -207.49959229        200.00000000       -128.00000000
    3795       -207.49959229        200.00000000        -69.00000000
    3796       -209.99958035        200.00000000        -69.00000000
    3797       -209.99958035        200.00000000       -128.00000000
    3798       -114.00024406        211.65213528       -128.00000000
    3799       -114.00024406        211.65213528        -69.00000000
    3800       -119.99958082        210.17275581        -69.00000000
    3801       -119.99958082        210.17275581       -128.00000000
    3802       -282.17957400        200.00000000       -128.00000000
    3803       -282.17957400        200.00000000        -69.00000000
    3804       -299.99958452        200.00000000        -69.00000000
    3805       -299.99958452        200.00000000       -128.00000000
    3806         36.00041800        212.90005910         30.99999973
    3807         39.00042097        212.90005910         30.99999973
    3808         39.00042097        212.90005910         40.99999973
    3809         36.00041800        212.90005910         40.99999973
    3810         -8.99957900        212.90005910         30.99999973
    3811         -5.99958100        212.90005910         30.99999973
    3812         -5.99958100        212.90005910         40.99999973
    3813         -8.99957900        212.90005910         40.99999973
    3814       -264.25024971        200.00000000       -128.00000000
    3815       -269.99957400        200.00000000        -69.00000000
    3816       -269.99957400        200.00000000       -128.00000000
    3817        377.00041543        200.00018603        137.25000000
    3818        377.00041543        200.00018603        143.80300000
    3819        327.00041543        200.00018603        137.25000000
    3820       -282.17957400        200.00000000        122.12186200
    3821       -299.99958452        200.00000000        131.33214670
    3822       -299.99958452        200.00000000         83.69100000
    3823       -282.17957400        200.00000000         83.69100000
    3824       -329.37957661        200.00000000         45.65900000
    3825       -329.37957661        200.00000000         83.69100000
    3826       -331.00024048        200.00000000         83.69100000
    3827       -331.00024048        200.00000000         45.65900000
    3828       -321.00023691        200.00000000        -69.00000000
    3829       -299.99958452        200.00000000         31.00000000
    3830       -321.00023691        200.00000000         31.00000000
    3831        -38.99957846        212.89978005       -128.00022351
    3832        -38.99957846        212.89978005        -69.00022351
    3833        -59.99997906        212.89987307        -69.00000027
    3834        -59.99997906        212.89987307       -128.00000027
    3835       -335.05000000        200.00000000        144.99887000
    3836       -346.00048770        200.00000000        152.49877537
    3837       -350.99957852        200.00000000        152.50000320
    3838       -351.00000000        200.00000000        144.99887000
    3839          0.00000000        212.90005910        -69.00000027
    3840          6.00042100        212.90005910        -69.00000027
    3841          6.00042100        212.90005910         30.99999973
    3842          0.00000000        212.90005910         30.99999973
    3843       -282.17957400        200.00000000         45.65900000
    3844       -299.99958452        200.00000000         45.65900000
    3845        -90.62024387        212.85220156        -69.00009369
    3846        -89.99957943        212.89987307        -69.00000027
    3847        -89.99957943        212.89987307         30.99999973
    3848        -90.62024387        212.85220156         30.99990631
    3849         91.04975925        205.50203625       -128.00000000
    3850         91.04975925        205.50203625        -69.00000000
    3851         90.05042427        205.50203625        -69.00000000
    3852         90.05042427        205.50203625       -128.00000000
    3853        -20.99957900        212.90005910        -69.00000027
    3854         -8.99957900        212.90005910        -69.00000027
    3855        -20.99957900        212.90005910         30.99999973
    3856       -230.00024727        200.00000000        -69.00000000
    3857       -230.00024727        200.00000000         31.00000000
    3858       -209.99958035        200.00000000         45.65900000
    3859       -209.99958035        200.00000000         83.69100000
    3860       -230.00024727        200.00000000         45.65900000
    3861        227.00041543        200.00018603        152.50000320
    3862        221.99999897        200.00018603        152.49877537
    3863       -329.37957661        200.00000000       -128.00000000
    3864       -329.37957661        200.00000000        -69.00000000
    3865       -400.99957852        200.00000000        152.50000320
    3866       -114.00024406        211.65213528         45.65900000
    3867       -114.00024406        211.65213528         51.99990867
    3868       -119.99958082        210.17275581         54.19996582
    3869       -119.99958082        210.17275581         45.65900000
    3870       -551.00000000        200.00000000         30.99990417
    3871       -501.00000000        200.00000000         30.99990417
    3872       -501.00000000        200.00000000         45.65890417
    3873       -551.00000000        200.00000000         45.65890417
    3874       -135.00024596        210.00205925         54.19990784
    3875       -135.00024596        210.00205925         45.65900000
    3876        -90.62024387        212.85220156       -128.00009369
    3877       -177.50000000        200.09380000        -69.00000000
    3878       -149.99957756        204.47232236        -69.00000000
    3879       -149.99957756        204.47232236         31.00000000
    3880       -177.50000000        200.09380000         31.00000000
    3881       -207.49959229        200.00000000         31.00000000
    3882       -209.99958035        200.00000000         31.00000000
    3883          9.00042000        212.90005910         30.99999973
    3884          9.00042000        212.90005910         40.99999973
    3885          6.00042100        212.90005910         40.99999973
    3886        134.99976191        200.00018603         93.99990381
    3887        119.99974727        200.00018603         93.99990381
    3888       -321.00023691        200.00000000       -128.00000000
    3889        202.69975342        200.00018603         31.00000000
    3890        202.69975342        200.00018603        131.00000000
    3891        181.90041914        200.00018603        130.99983347
    3892       -451.00000000        200.00000000         30.99990417
    3893       -451.00000000        200.00000000         45.65890417
    3894       -274.25025327        200.00000000        -69.00000000
    3895       -274.25025327        200.00000000       -128.00000000
    3896          0.00000000        212.90005910       -128.00000027
    3897         -5.99958100        212.90005910        -69.00000027
    3898         -5.99958100        212.90005910       -128.00000027
    3899        327.20041543        200.00018603        -69.00000000
    3900        377.20041543        200.00018603        -69.00000000
    3901        377.20041543        200.00018603         31.00000000
    3902        327.20041543        200.00018603         31.00000000
    3903       -209.99958035        200.00000000         99.99990967
    3904       -239.99958174        200.00000000         45.65900000
    3905       -179.99957896        200.00000000         45.65900000
    3906       -179.99957896        200.00000000         83.69100000
    3907       -207.49959229        200.00000000         83.69100000
    3908       -207.49959229        200.00000000         45.65900000
    3909        -59.99997906        212.89987307         30.99999973
    3910        -59.99997906        212.89987307         44.99999973
    3911        -89.99957943        212.89987307         45.49999973
    3912        277.00041543        200.00018603        144.99900000
    3913        277.00041543        200.00018603        152.50000320
    3914         86.01997312        205.50194050       -128.00000000
    3915         86.01997312        205.50194050        -69.00000000
    3916         60.20042288        211.51848762        -69.00000000
    3917         60.20042288        211.51848762       -128.00000000
    3918         21.00042200        212.90005910         40.99999973
    3919        227.20041543        200.00018603       -128.00000000
    3920        277.20041543        200.00018603       -128.00000000
    3921        277.20041543        200.00018603        -69.00000000
    3922        227.20041543        200.00018603        -69.00000000
    3923        150.00042705        200.00018603        -69.00000000
    3924        150.00042705        200.00018603         31.00000000
    3925         24.00042500        212.90005910         40.99999973
    3926       -239.99958174        200.00000000       -128.00000000
    3927       -264.25024971        200.00000000         83.69100000
    3928       -269.99957400        200.00000000         83.69100000
    3929       -451.00000000        200.00000000       -128.00009583
    3930       -401.00000000        200.00000000       -128.00009583
    3931       -401.00000000        200.00000000        -69.00009583
    3932       -451.00000000        200.00000000        -69.00009583
    3933       -501.00000000        200.00000000        144.99887000
    3934       -501.00000000        200.00000000        143.71890400
    3935        150.00042705        200.00018603       -128.00000000
    3936        134.99976191        200.00018603       -128.00000000
    3937        211.48543000        200.00018603        143.80300000
    3938        211.48543000        200.00018603        137.25000000
    3939        227.00041543        200.00018603        137.25000000
    3940        227.00041543        200.00018603        143.80300000
    3941       -333.22957661        200.00000000        143.71890400
    3942       -351.00000000        200.00000000        143.71890400
    3943       -274.25025327        200.00000000         31.00000000
    3944        -35.99958000        212.90005910        -69.00000027
    3945        -35.99958000        212.90005910         30.99999973
    3946        -38.99957846        212.89978005         30.99977649
    3947        -90.62024387        212.85220156         45.65890631
    3948         91.04975925        205.50203625         31.00000000
    3949         90.05042427        205.50203625         31.00000000
    3950       -179.99957896        200.00000000        -69.00000000
    3951       -179.99957896        200.00000000         31.00000000
    3952       -500.99957852        200.00000000        153.00000059
    3953       -500.99957852        200.00000000        152.50000320
    3954       -450.99957852        200.00000000        152.50000320
    3955       -450.99957852        200.00000000        153.00000059
    3956        427.00041543        200.00018603        144.99900000
    3957        427.00041543        200.00018603        152.50000320
    3958        377.00041543        200.00018603        144.99900000
    3959       -401.00000000        200.00000000         30.99990417
    3960       -401.00000000        200.00000000         45.65890417
    3961       -321.00023691        200.00000000         83.69100000
    3962       -321.00023691        200.00000000         45.65900000
    3963        150.00042705        200.00018603        107.02503010
    3964       -119.99958082        210.17275581         31.00000000
    3965       -114.00024406        211.65213528         31.00000000
    3966        211.68543000        200.00018603         31.00000000
    3967       -141.65003064        205.71145603        -69.00000000
    3968       -135.00024596        210.00205925        -69.00000000
    3969       -135.00024596        210.00205925         31.00000000
    3970       -141.65003064        205.71145603         31.00000000
    3971        109.87508071        200.00018603         31.00000000
    3972        109.87508071        200.00018603         83.99950544
    3973         91.04975925        205.50203625         65.49990853
    3974        427.00041543        200.00018603        144.44900000
    3975        377.00041543        200.00018603        144.44900000
    3976       -321.00023691        200.00000000        141.99990417
    3977       -550.99957852        200.00000000        152.50000320
    3978       -551.00000000        200.00000000        144.99887000
    3979       -551.00000000        200.00000000        143.71890400
    3980       -264.25024971        200.00000000        118.24991199
    3981       -269.99957400        200.00000000        118.24991199
    3982        -89.99957943        212.89987307       -128.00000027
    3983        327.20041543        200.00018603       -128.00000000
    3984         86.01997312        205.50194050         31.00000000
    3985         86.01997312        205.50203625         65.49990853
    3986         60.00042288        211.51848762         44.95003027
    3987         60.20042288        211.51848762         31.00000000
    3988       -135.00024596        210.00205925       -128.00000000
    3989       -141.65003064        205.71145603       -128.00000000
    3990       -550.99957852        200.00000000        153.00000059
    3991       -149.99957756        204.47232236       -128.00000000
    3992       -177.50000000        200.09380000       -128.00000000
    3993       -331.00024048        200.00000000        141.99990417
    3994       -351.00000000        200.00000000        141.99990417
    3995        427.20041543        200.00018603        131.00000000
    3996        427.00041543        200.00018603        137.25000000
    3997        377.20041543        200.00018603        131.00000000
    3998        277.00041543        200.00018603        153.00000059
    3999        227.00041543        200.00018603        153.00000059
    4000         24.00042500        212.90005910       -128.00000027
    4001         21.00042200        212.90005910       -128.00000027
    4002         39.00042097        212.90005910       -128.00000027
    4003         39.00042097        212.90005910        -69.00000027
    4004         36.00041800        212.90005910        -69.00000027
    4005         36.00041800        212.90005910       -128.00000027
    4006        120.19974727        200.00018603       -128.00000000
    4007       -179.99957896        200.00000000       -128.00000000
    4008       -230.00024727        200.00000000       -128.00000000
    4009         55.00000000        212.90005910         30.99999973
    4010         55.00000000        212.90005910         40.99999973
    4011        227.20041543        200.00018603         31.00000000
    4012        427.20041543        200.00018603        -69.00000000
    4013        427.20041543        200.00018603         31.00000000
    4014        -23.99958000        212.90005910       -128.00000027
    4015        -23.99958000        212.90005910        -69.00000027
    4016        -35.99958000        212.90005910       -128.00000027
    4017        277.20041543        200.00018603         31.00000000
    4018        327.20041543        200.00018603        131.00000000
    4019        277.20041543        200.00018603        131.00000000
    4020       -401.00000000        200.00000000        141.99990417
    4021       -282.17957400        200.00000000         31.00000000
    4022        109.87508071        200.00018603       -128.00000000
    4023        109.87508071        200.00018603        -69.00000000
    4024        277.00041543        200.00018603        137.25000000
    4025       -207.49959229        200.00000000         99.99990967
    4026       -551.00000000        200.00000000         83.69090417
    4027       -501.00000000        200.00000000         83.69090417
    4028       -501.00000000        200.00000000        141.99990417
    4029       -551.00000000        200.00000000        141.99990417
    4030       -274.25025327        200.00000000        118.24991199
    4031       -274.25025327        200.00000000         83.69100000
    4032       -329.37957661        200.00000000         31.00000000
    4033       -331.00024048        200.00000000         31.00000000
    4034       -274.25025327        200.00000000         45.65900000
    4035         55.00000000        212.90005910        -69.00000027
    4036         55.00000000        212.90005910       -128.00000027
    4037       -400.99957852        200.00000000        153.00000059
    4038       -350.99957852        200.00000000        153.00000059
    4039        327.00041543        200.00018603        144.99900000
    4040       -141.65003064        205.71145603         45.65900000
    4041         -8.99957900        212.90005910       -128.00000027
    4042        -20.99957900        212.90005910       -128.00000027
    4043       -141.65003064        205.71145603         64.80224420
    4044       -149.99957756        204.47232236         69.26248512
    4045       -149.99957756        204.47232236         45.65900000
    4046        210.62042983        200.00018603        143.80317590
    4047        202.49975342        200.00018603        137.25043142
    4048       -177.50000000        200.09380000         45.65854500
    4049       -177.50000000        200.09380000         83.69054500
    4050       -351.00000000        200.00000000         30.99990417
    4051        227.20041543        200.00018603        131.00000000
    4052        211.68543000        200.00018603        131.00000000
    4053       -551.00000000        200.00000000       -128.00009583
    4054       -501.00000000        200.00000000       -128.00009583
    4055       -501.00000000        200.00000000        -69.00009583
    4056       -551.00000000        200.00000000        -69.00009583
    4057       -401.00000000        200.00000000         83.69090417
    4058       -451.00000000        200.00000000         83.69090417
    4059        -20.99957900        212.90005910         40.99999973
    4060        -23.99958000        212.90005910         30.99999973
    4061        -23.99958000        212.90005910         40.99999973
    4062        -35.99958000        212.90005910         43.31999973
    4063          9.00042000        212.90005910        -69.00000027
    4064         90.05042427        205.50203625         65.49990853
    4065        377.20041543        200.00018603       -128.00000000
    4066        427.00041543        200.00018603        143.80300000
    4067          9.00042000        212.90005910       -128.00000027
    4068          6.00042100        212.90005910       -128.00000027
    4069        210.62043000        200.00018603        144.44887000
    4070       -351.00000000        200.00000000         45.65890417
    4071       -329.37957661        200.00000000        141.99990417
    4072       -451.00000000        200.00000000        141.99990417
    4073        181.90041914        200.00018603       -128.00016653
    4074       -351.00000000        200.00000000         83.69090417
    4075        180.00041914        200.00018603        130.99983347
    4076        180.00041914        200.00018603       -128.00000000
    4077        427.00041543        200.00018603        153.00000059
    4078        -38.99957846        212.89978005         43.31977649
    4079        -95.00024565        211.65213528         49.49990867
    4080          0.00000000        212.90005910         40.99999973
    4081        427.20041543        200.00018603       -128.00000000
    4082       -177.49957896        200.00000000         83.99950500
    4083       -179.99957896        200.00000000         85.29950500
    4084        187.80000000        200.00018603        137.25000000
    4085       -501.00000000          0.00000000       -178.00009583
    4086       -501.00000000         -1.60000000       -178.00009583
    4087       -451.00000000         -1.60000000       -178.00009583
    4088       -451.00000000          0.00000000       -178.00009583
    4089        -90.62024387        -83.87997076       -178.00009369
    4090        -90.62024387        -94.06197076       -178.00009369
    4091        -89.99957943        -94.18115157       -178.00000027
    4092        -89.99957943        -83.99915157       -178.00000027
    4093         91.04975925        -75.68678190       -178.00000000
    4094         91.04975925       -175.68678190       -178.00000000
    4095        109.87508100       -161.88405950       -178.00000000
    4096        109.87508100        -61.88405950       -178.00000000
    4097       -331.00024048       -118.31196888       -178.00000000
    4098       -331.00024048       -218.31196887       -178.00000000
    4099       -329.37957661       -218.31196887       -178.00000000
    4100       -329.37957661       -118.31196888       -178.00000000
    4101          0.00000000        112.90005910       -178.00000027
    4102          0.00000000        212.90005910       -178.00000027
    4103         -5.99958100        212.90005910       -178.00000027
    4104         -5.99958100        112.90005910       -178.00000027
    4105       -209.99958035          0.00000000       -178.00000000
    4106       -209.99958035        100.00000000       -178.00000000
    4107       -230.00024727        100.00000000       -178.00000000
    4108       -230.00024727          0.00000000       -178.00000000
    4109         86.01997312        105.50194050       -178.00000000
    4110         86.01997312        205.50194050       -178.00000000
    4111         60.20042288        211.51848762       -178.00000000
    4112         60.20042288        111.51848762       -178.00000000
    4113        277.20041543          0.00018603       -178.00000000
    4114        277.20041543        100.00018603       -178.00000000
    4115        227.20041543        100.00018603       -178.00000000
    4116        227.20041543          0.00018603       -178.00000000
    4117          0.00000000       -194.18093851       -178.00022400
    4118          0.00000000       -294.18093851       -178.00022400
    4119          6.00042100       -294.18093851       -178.00022400
    4120          6.00042100       -194.18093851       -178.00022400
    4121         91.04975925          5.50203625       -178.00000000
    4122         91.04975925        105.50203625       -178.00000000
    4123         90.05042427        105.50203625       -178.00000000
    4124         90.05042427          5.50203625       -178.00000000
    4125       -209.99958035        -39.62997173       -178.00000000
    4126       -209.99958035        -49.81197173       -178.00000000
    4127       -207.49959229        -49.81197173       -178.00000000
    4128       -207.49959229        -39.62997173       -178.00000000
    4129        -23.99958000         12.90005910       -178.00000027
    4130        -23.99958000        112.90005910       -178.00000027
    4131        -35.99958000        112.90005910       -178.00000027
    4132        -35.99958000         12.90005910       -178.00000027
    4133         86.01997312       -175.68678190       -178.00000000
    4134         86.01997312       -275.68678190       -178.00000000
    4135         90.05042427       -275.68678190       -178.00000000
    4136         90.05042427       -175.68678190       -178.00000000
    4137        -35.99958018        -94.18093851       -178.00022400
    4138        -35.99958000        -83.99915157       -178.00000027
    4139        -38.99957846        -83.99915157       -178.00000027
    4140        -38.99957846        -94.18093851       -178.00022351
    4141         21.00042200        -94.18093851       -178.00022400
    4142         21.00042200       -194.18093851       -178.00022400
    4143         24.00042500       -194.18093851       -178.00022400
    4144         24.00042500        -94.18093851       -178.00022400
    4145         21.00042200       -294.18093851       -178.00022400
    4146         24.00042500       -294.18093851       -178.00022400
    4147       -501.00000000         -4.40000000       -178.00009583
    4148       -500.99957852         -6.00000121       -178.00000000
    4149       -450.99957852         -6.00000121       -178.00000000
    4150       -451.00000000         -4.40000000       -178.00009583
    4151       -114.00024406        111.65213528       -178.00000000
    4152       -114.00024406        211.65213528       -178.00000000
    4153       -119.99958082        210.17275581       -178.00000000
    4154       -119.99958082        110.17275581       -178.00000000
    4155        -38.99957846       -194.18093851       -178.00022351
    4156        -38.99957846       -294.18093851       -178.00022351
    4157        -35.99958018       -294.18093851       -178.00022400
    4158        -35.99958018       -194.18093851       -178.00022400
    4159       -551.00000000         -1.60000000       -178.00009583
    4160       -551.00000000         -4.40000000       -178.00009583
    4161        109.87508100       -261.88405950       -178.00000000
    4162        119.99974727       -254.31178079       -178.00000000
    4163        119.99974727       -154.31178079       -178.00000000
    4164        -89.99957943       -194.18115157       -178.00000027
    4165        -89.99957943       -294.18115157       -178.00000027
    4166        -59.99997906       -294.18115157       -178.00000027
    4167        -59.99997906       -194.18115157       -178.00000027
    4168       -282.17957400        -23.15837250       -178.00000000
    4169       -282.17957400        -33.34037250       -178.00000000
    4170       -274.25025327        -36.12447232       -178.00000000
    4171       -274.25025327        -25.94247232       -178.00000000
    4172         -8.99957900         12.90005910       -178.00000027
    4173         -8.99957900        112.90005910       -178.00000027
    4174        -20.99957900        112.90005910       -178.00000027
    4175        -20.99957900         12.90005910       -178.00000027
    4176        211.48442983       -116.74558369       -178.00000000
    4177        211.48442983       -216.74558369       -178.00000000
    4178        227.00041543       -216.18181053       -178.00000000
    4179        227.00041543       -116.18181053       -178.00000000
    4180       -282.17957400        100.00000000       -178.00000000
    4181       -282.17957400        200.00000000       -178.00000000
    4182       -299.99958452        200.00000000       -178.00000000
    4183       -299.99958452        100.00000000       -178.00000000
    4184         90.05042427        205.50203625       -178.00000000
    4185        181.70041914       -126.07984052       -178.00016653
    4186        181.70041914       -226.07984052       -178.00016653
    4187        202.49975342       -222.46839206       -178.00000000
    4188        202.49975342       -122.46839206       -178.00000000
    4189        134.99976191       -154.31178079       -178.00000000
    4190        134.99976191       -254.31178079       -178.00000000
    4191        150.00042705       -244.66219304       -178.00000000
    4192        150.00042705       -144.66219304       -178.00000000
    4193        150.00042705          0.00018603       -178.00000000
    4194        150.00042705        100.00018603       -178.00000000
    4195        134.99976191        100.00018603       -178.00000000
    4196        134.99976191          0.00018603       -178.00000000
    4197         39.00042097        -83.99896263       -178.00000027
    4198         39.00042097        -94.18096263       -178.00000027
    4199         55.00000000        -94.18096263       -178.00000027
    4200         55.00000000        -83.99896263       -178.00000027
    4201         -5.99958100        -94.18093851       -178.00022400
    4202         -5.99958100        -83.99915157       -178.00000027
    4203         -8.99957900        -83.99915157       -178.00000027
    4204         -8.99957900        -94.18093851       -178.00022400
    4205       -135.00024596       -187.35797049       -178.00000000
    4206       -135.00024596       -287.35797049       -178.00000000
    4207       -119.99958082       -287.36367816       -178.00000000
    4208       -119.99958082       -187.36367816       -178.00000000
    4209        -59.99997906        112.89987307       -178.00000027
    4210        -59.99997906        212.89987307       -178.00000027
    4211        -89.99957943        212.89987307       -178.00000027
    4212        -89.99957943        112.89987307       -178.00000027
    4213       -264.25024971        -36.12447232       -178.00000000
    4214       -264.25024971       -136.12447232       -178.00000000
    4215       -239.99958174       -143.83264368       -178.00000000
    4216       -239.99958174        -43.83264368       -178.00000000
    4217        120.19974727        100.00018603       -178.00000000
    4218        120.19974727          0.00018603       -178.00000000
    4219        181.70041914        -15.89784052       -178.00016653
    4220        181.70041914        -26.07984052       -178.00016653
    4221        202.49975342        -22.46839206       -178.00000000
    4222        202.49975342        -12.28639206       -178.00000000
    4223        227.20041543        200.00018603       -178.00000000
    4224        211.68543000        200.00018603       -178.00000000
    4225        211.68543000        100.00018603       -178.00000000
    4226       -500.99957852       -116.18200121       -178.00000000
    4227       -500.99957852       -216.18200121       -178.00000000
    4228       -450.99957852       -216.18200121       -178.00000000
    4229       -450.99957852       -116.18200121       -178.00000000
    4230       -551.00000000          0.00000000       -178.00009583
    4231         36.00041804        -94.18093851       -178.00022400
    4232         36.00041800        -83.99915157       -178.00000027
    4233         24.00042500        -83.99915157       -178.00000027
    4234       -149.99957756        104.47232236       -178.00000000
    4235       -149.99957756        204.47232236       -178.00000000
    4236       -177.50000000        200.09380000       -178.00000000
    4237       -177.50000000        100.09380000       -178.00000000
    4238        -90.62024387        112.85220156       -178.00009369
    4239        -90.62024387        212.85220156       -178.00009369
    4240       -114.00024406       -191.06197059       -178.00000000
    4241       -114.00024406       -291.06197059       -178.00000000
    4242        -90.62024387       -294.06197076       -178.00009369
    4243        -90.62024387       -194.06197076       -178.00009369
    4244        -23.99958000        -94.18093851       -178.00022400
    4245        -23.99958000       -194.18093851       -178.00022400
    4246        -20.99957900       -194.18093851       -178.00022400
    4247        -20.99957900        -94.18093851       -178.00022400
    4248       -239.99958174        100.00000000       -178.00000000
    4249       -239.99958174        200.00000000       -178.00000000
    4250       -264.25024971        200.00000000       -178.00000000
    4251       -264.25024971        100.00000000       -178.00000000
    4252        -59.99997906        -94.18115157       -178.00000027
    4253        180.00041914        -15.94784052       -178.00016653
    4254        180.00041914        -26.12984052       -178.00016653
    4255        377.00041543       -116.18181053       -178.00000000
    4256        377.00041543       -216.18181053       -178.00000000
    4257        427.00041543       -216.18181053       -178.00000000
    4258        427.00041543       -116.18181053       -178.00000000
    4259        109.87508100        -51.70205950       -178.00000000
    4260        119.99974727        -54.31178079       -178.00000000
    4261        119.99974727        -44.12978079       -178.00000000
    4262       -141.65003064        105.71145603       -178.00000000
    4263       -141.65003064        205.71145603       -178.00000000
    4264       -149.99957756        -62.93128782       -178.00000000
    4265       -149.99957756        -73.11328782       -178.00000000
    4266       -141.65003064        -76.50096967       -178.00000000
    4267       -141.65003064        -66.31896967       -178.00000000
    4268       -351.00000000          0.00000000       -178.00009583
    4269       -351.00000000        100.00000000       -178.00009583
    4270       -401.00000000        100.00000000       -178.00009583
    4271       -401.00000000          0.00000000       -178.00009583
    4272        -23.99958000       -294.18093851       -178.00022400
    4273        277.20041543         -4.39981397       -178.00000000
    4274        277.00041543         -5.99981053       -178.00000000
    4275        327.00041543         -5.99981053       -178.00000000
    4276        327.20041543         -4.39981397       -178.00000000
    4277       -401.00000000         -1.60000000       -178.00009583
    4278         39.00042097       -194.18096263       -178.00000027
    4279         55.00000000       -194.18096263       -178.00000027
    4280       -451.00000000        100.00000000       -178.00009583
    4281       -451.00000000        200.00000000       -178.00009583
    4282       -501.00000000        200.00000000       -178.00009583
    4283       -501.00000000        100.00000000       -178.00009583
    4284        277.00041543         -1.59981397       -178.00000000
    4285        327.00041543         -1.59981397       -178.00000000
    4286       -400.99957852         -6.00000121       -178.00000000
    4287       -401.00000000         -4.40000000       -178.00009583
    4288          9.00042000        -94.18093851       -178.00022400
    4289          9.00042000       -194.18093851       -178.00022400
    4290       -329.37957661        -18.31196888       -178.00000000
    4291       -321.00023691       -118.31196888       -178.00000000
    4292       -321.00023691        -18.31196888       -178.00000000
    4293          9.00042000       -294.18093851       -178.00022400
    4294          6.00042100        -94.18093851       -178.00022400
    4295         91.04975925        205.50203625       -178.00000000
    4296       -282.17957400       -133.34037250       -178.00000000
    4297       -274.25025327       -136.12447232       -178.00000000
    4298       -230.00024727        200.00000000       -178.00000000
    4299        180.00041914       -226.12984052       -178.00000000
    4300        180.00041914       -126.12984052       -178.00000000
    4301       -207.49959229          0.00000000       -178.00000000
    4302       -207.49959229        100.00000000       -178.00000000
    4303       -269.99957383        -25.94247232       -178.00000000
    4304       -269.99957383        -36.12447232       -178.00000000
    4305       -264.25024971        -25.94247232       -178.00000000
    4306       -321.00023691          0.00000000       -178.00000000
    4307       -321.00023691        100.00000000       -178.00000000
    4308       -329.37957661        100.00000000       -178.00000000
    4309       -329.37957661          0.00000000       -178.00000000
    4310       -264.25024971       -236.12447232       -178.00000000
    4311       -239.99958174       -243.83264368       -178.00000000
    4312       -239.99958174          0.00000000       -178.00000000
    4313        377.00041543        -16.18181053       -178.00000000
    4314        427.00041543        -16.18181053       -178.00000000
    4315        377.20041543         -4.39981397       -178.00000000
    4316        377.00041543         -5.99981053       -178.00000000
    4317        427.00041543         -5.99981053       -178.00000000
    4318        427.20041543         -4.39981397       -178.00000000
    4319       -500.99957852        -16.18200121       -178.00000000
    4320       -450.99957852        -16.18200121       -178.00000000
    4321         21.00042200        -83.99915157       -178.00000027
    4322          9.00042000        -83.99915157       -178.00000027
    4323         91.04975925       -275.68678190       -178.00000000
    4324         21.00042200         12.90005910       -178.00000027
    4325         21.00042200        112.90005910       -178.00000027
    4326          9.00042000        112.90005910       -178.00000027
    4327          9.00042000         12.90005910       -178.00000027
    4328       -269.99957383       -136.12447232       -178.00000000
    4329         36.00041804       -194.18093851       -178.00022400
    4330       -264.25024971          0.00000000       -178.00000000
    4331       -269.99957400        100.00000000       -178.00000000
    4332       -269.99957400          0.00000000       -178.00000000
    4333        150.00042705        200.00018603       -178.00000000
    4334        134.99976191        200.00018603       -178.00000000
    4335       -179.99957896       -160.95742535       -178.00000000
    4336       -179.99957896       -260.95742535       -178.00000000
    4337       -177.50000000       -261.93242535       -178.00000000
    4338       -177.50000000       -161.93242535       -178.00000000
    4339        202.69975342        200.00018603       -178.00000000
    4340        202.69975342        100.00018603       -178.00000000
    4341       -400.99957852        -16.18200121       -178.00000000
    4342       -350.99957852        -16.18200121       -178.00000000
    4343       -350.99957852         -6.00000121       -178.00000000
    4344        377.00041543         -1.59981397       -178.00000000
    4345        180.00041914          0.00018603       -178.00000000
    4346        180.00041914        100.00018603       -178.00000000
    4347        109.87508071        100.00018603       -178.00000000
    4348        109.87508071          0.00018603       -178.00000000
    4349        -20.99957900        -83.99915157       -178.00000027
    4350       -400.99957852       -116.18200121       -178.00000000
    4351       -350.99957852       -116.18200121       -178.00000000
    4352        427.00041543         -1.59981397       -178.00000000
    4353         55.00000000       -294.18096263       -178.00000027
    4354         60.00042288       -294.22718939       -178.00000000
    4355         60.00042288       -194.22718939       -178.00000000
    4356       -321.00023691       -218.31196887       -178.00000000
    4357        181.90041914        100.00018603       -178.00016653
    4358        181.90041914        200.00018603       -178.00016653
    4359        180.00041914        200.00018603       -178.00016653
    4360        377.20041543          0.00018603       -178.00000000
    4361        427.20041543          0.00018603       -178.00000000
    4362        -38.99957846         12.89978005       -178.00022351
    4363        -38.99957846        112.89978005       -178.00022351
    4364        -59.99997906         12.89987307       -178.00000027
    4365       -269.99957383       -236.12447232       -178.00000000
    4366          6.00042100        112.90005910       -178.00000027
    4367          6.00042100         12.90005910       -178.00000027
    4368          6.00042100        -83.99915157       -178.00000027
    4369          0.00000000        -83.99915157       -178.00000027
    4370          0.00000000        -94.18093851       -178.00022400
    4371        119.99974727        200.00018603       -178.00000000
    4372        109.87508071        200.00018603       -178.00000000
    4373         36.00041800        112.90005910       -178.00000027
    4374         36.00041800        212.90005910       -178.00000027
    4375         24.00042500        212.90005910       -178.00000027
    4376         24.00042500        112.90005910       -178.00000027
    4377       -400.99957852       -216.18200121       -178.00000000
    4378       -550.99957852       -116.18200121       -178.00000000
    4379       -550.99957852       -216.18200121       -178.00000000
    4380        -35.99958000        212.90005910       -178.00000027
    4381        -38.99957846        212.89978005       -178.00022351
    4382         60.00042288        -94.22718939       -178.00000000
    4383         60.00042288        -84.04518939       -178.00000000
    4384        211.48442983        -16.74558369       -178.00000000
    4385        227.00041543        -16.18181053       -178.00000000
    4386        211.48442983         -6.56358369       -178.00000000
    4387        134.99976191        -54.31178079       -178.00000000
    4388         60.00042288         11.51848762       -178.00000000
    4389         55.00000000        112.90005910       -178.00000027
    4390         55.00000000         12.90005910       -178.00000027
    4391       -177.50000000          0.09380000       -178.00000000
    4392       -179.99957896        100.00000000       -178.00000000
    4393       -179.99957896          0.00000000       -178.00000000
    4394        -89.99957943         12.89987307       -178.00000027
    4395       -135.00024596        -87.35797049       -178.00000000
    4396       -135.00024596        -77.17597049       -178.00000000
    4397         91.04975925        -65.50478190       -178.00000000
    4398        277.00041543        -16.18181053       -178.00000000
    4399        327.00041543        -16.18181053       -178.00000000
    4400         55.00000000        212.90005910       -178.00000027
    4401          0.00000000         12.90005910       -178.00000027
    4402         -5.99958100         12.90005910       -178.00000027
    4403       -299.99958452       -226.54979163       -178.00000000
    4404       -299.99958452       -126.54979163       -178.00000000
    4405         -5.99958100       -194.18093851       -178.00022400
    4406         -5.99958100       -294.18093851       -178.00022400
    4407         36.00041800         12.90005910       -178.00000027
    4408         24.00042500         12.90005910       -178.00000027
    4409        377.20041543        100.00018603       -178.00000000
    4410        327.20041543        100.00018603       -178.00000000
    4411        327.20041543          0.00018603       -178.00000000
    4412       -179.99957896        200.00000000       -178.00000000
    4413       -207.49959229        200.00000000       -178.00000000
    4414        277.00041543       -116.18181053       -178.00000000
    4415       -177.50000000        -61.93242535       -178.00000000
    4416       -149.99957756       -173.11328782       -178.00000000
    4417         86.01997312        -75.68678190       -178.00000000
    4418         90.05042427        -75.68678190       -178.00000000
    4419          9.00042000        212.90005910       -178.00000027
    4420          6.00042100        212.90005910       -178.00000027
    4421       -274.25025327       -236.12447232       -178.00000000
    4422        227.00041543         -5.99981053       -178.00000000
    4423         90.05042427        -65.50478190       -178.00000000
    4424       -179.99957896        -60.95742535       -178.00000000
    4425       -179.99957896        -50.77542535       -178.00000000
    4426       -351.00000000        200.00000000       -178.00009583
    4427       -401.00000000        200.00000000       -178.00009583
    4428         39.00042097        112.90005910       -178.00000027
    4429         39.00042097         12.90005910       -178.00000027
    4430       -282.17957400          0.00000000       -178.00000000
    4431       -299.99958452          0.00000000       -178.00000000
    4432       -350.99957852       -216.18200121       -178.00000000
    4433       -209.99958035       -149.81197173       -178.00000000
    4434       -207.49959229       -149.81197173       -178.00000000
    4435       -331.00024048        -18.31196888       -178.00009583
    4436        -23.99958000        -83.99915157       -178.00000027
    4437       -177.50000000        -51.75042535       -178.00000000
    4438         -8.99957900        212.90005910       -178.00000027
    4439        -20.99957900        212.90005910       -178.00000027
    4440       -114.00024406        -91.06197059       -178.00000000
    4441       -331.00024048         -8.12996887       -178.00009583
    4442       -331.00024048          0.00000000       -178.00009583
    4443       -331.00024048        100.00000000       -178.00009583
    4444         86.01997312        -65.50478190       -178.00000000
    4445         36.00041804       -294.18093851       -178.00022400
    4446         39.00042097       -294.18093851       -178.00022351
    4447       -230.00024727       -149.81197173       -178.00000000
    4448       -230.00024727        -49.81197173       -178.00000000
    4449       -141.65003064          5.71145603       -178.00000000
    4450       -149.99957756          4.47232236       -178.00000000
    4451         -8.99957900       -194.18093851       -178.00022400
    4452       -550.99957852        -16.18200121       -178.00000000
    4453       -119.79958082        -87.36367816       -178.00000000
    4454        277.00041543       -216.18181053       -178.00000000
    4455         86.01997312          5.50194050       -178.00000000
    4456       -135.00024596         10.00205925       -178.00000000
    4457       -135.00024596        110.00205925       -178.00000000
    4458       -230.00024727       -249.81197173       -178.00000000
    4459       -119.79958082        -77.18167816       -178.00000000
    4460       -114.00024406        -80.87997059       -178.00000000
    4461       -209.99958035        200.00000000       -178.00000000
    4462        150.00042705        -44.66219304       -178.00000000
    4463         21.00042200        212.90005910       -178.00000027
    4464       -149.99957756       -273.11328782       -178.00000000
    4465       -141.65003064       -276.50096967       -178.00000000
    4466       -141.65003064       -176.50096967       -178.00000000
    4467        -90.62024387         12.85220156       -178.00009369
    4468       -114.00024406         11.65213528       -178.00000000
    4469       -230.00024727        -39.62997173       -178.00000000
    4470        202.69975342          0.00018603       -178.00000000
    4471        181.90041914          0.00018603       -178.00016653
    4472        427.20041543        100.00018603       -178.00000000
    4473        427.20041543        200.00018603       -178.00000000
    4474        377.20041543        200.00018603       -178.00000000
    4475       -274.25025327        100.00000000       -178.00000000
    4476       -274.25025327        200.00000000       -178.00000000
    4477       -239.99958174        -33.65064368       -178.00000000
    4478        134.99976191        -44.12978079       -178.00000000
    4479        150.00042705        -34.48019304       -178.00000000
    4480       -274.25025327          0.00000000       -178.00000000
    4481       -282.17957400       -233.34037250       -178.00000000
    4482       -119.99958082         10.17275581       -178.00000000
    4483        211.68543000          0.00018603       -178.00000000
    4484        327.00041543       -116.18181053       -178.00000000
    4485       -135.00024596        210.00205925       -178.00000000
    4486        327.00041543       -216.18181053       -178.00000000
    4487       -299.99958452        -26.54979163       -178.00000000
    4488       -551.00000000        100.00000000       -178.00009583
    4489       -550.99957852         -6.00000121       -178.00000000
    4490       -329.37957661        200.00000000       -178.00000000
    4491       -331.00024048        200.00000000       -178.00000000
    4492       -207.49959229       -249.81197173       -178.00000000
    4493        -59.99997906        -83.99915157       -178.00000027
    4494        -23.99958000        212.90005910       -178.00000027
    4495         -8.99957900       -294.18093851       -178.00022400
    4496        327.20041543        200.00018603       -178.00000000
    4497        277.20041543        200.00018603       -178.00000000
    4498       -329.37957661         -8.12996887       -178.00000000
    4499       -321.00023691         -8.12996887       -178.00000000
    4500       -299.99958452        -16.36779163       -178.00000000
    4501         39.00042097        212.90005910       -178.00000027
    4502       -209.99958035       -249.81197173       -178.00000000
    4503        -20.99957900       -294.18093851       -178.00022400
    4504       -269.99957400        200.00000000       -178.00000000
    4505       -321.00023691        200.00000000       -178.00000000
    4506       -551.00000000        200.00000000       -178.00009583
    4507        119.99974727         -1.59981397       -178.00000000
    4508        109.87508071         -1.59981397       -178.00000000
    4509          0.00000000         -4.39994090       -178.00000027
    4510          6.00042100         -4.39994090       -178.00000027
    4511       -269.99957400         -4.40000000       -178.00000000
    4512       -264.25024971         -4.40000000       -178.00000000
    4513       -135.00024596         -1.77094075       -178.00000000
    4514       -141.65003064         -1.60054397       -178.00000000
    4515       -264.25024971         -1.60000000       -178.00000000
    4516       -269.99957400         -1.60000000       -178.00000000
    4517       -282.17957400         -1.60000000       -178.00000000
    4518       -299.99958452         -1.60000000       -178.00000000
    4519        227.00041543         -1.59981397       -178.00000000
    4520        -35.99958000         -4.39994090       -178.00000027
    4521        -23.99958000         -4.39994090       -178.00000027
    4522        -90.62024387         -4.44779844       -178.00009369
    4523        -89.99957943         -4.40012693       -178.00000027
    4524       -299.99958452         -4.40000000       -178.00000000
    4525       -282.17957400         -4.40000000       -178.00000000
    4526       -177.50000000         -4.30620000       -178.00000000
    4527       -177.50000000         -1.50620000       -178.00000000
    4528       -179.99957896         -1.60000000       -178.00000000
    4529       -179.99957896         -4.40000000       -178.00000000
    4530         21.00042200         -4.39994090       -178.00000027
    4531         21.00042200         -1.59994090       -178.00000027
    4532          9.00042000         -1.59994090       -178.00000027
    4533          9.00042000         -4.39994090       -178.00000027
    4534       -119.99958082         -4.40024419       -178.00000000
    4535       -114.00024406         -4.39986472       -178.00000000
    4536         55.00000000         -1.59994090       -178.00000027
    4537         39.00042097         -1.59994090       -178.00000027
    4538       -149.99957756         -1.59967764       -178.00000000
    4539         -8.99957900         -1.59994090       -178.00000027
    4540        -20.99957900         -1.59994090       -178.00000027
    4541       -331.00024048         -1.60000000       -178.00000000
    4542       -329.37957661         -1.60000000       -178.00000000
    4543        -59.99997906         -1.60012693       -178.00000027
    4544        -89.99957943         -1.60012693       -178.00000027
    4545       -114.00024406         -1.59986472       -178.00000000
    4546       -119.99958082         -1.60024419       -178.00000000
    4547        -38.99957846         -4.40021995       -178.00022351
    4548          6.00042100         -1.59994090       -178.00000027
    4549          0.00000000         -1.59994090       -178.00000027
    4550         -5.99958100         -1.59994090       -178.00000027
    4551       -135.00024596         -4.57094075       -178.00000000
    4552         -8.99957900         -4.39994090       -178.00000027
    4553        -20.99957900         -4.39994090       -178.00000027
    4554       -207.49959229         -1.60000000       -178.00000000
    4555       -141.65003064         -4.40054397       -178.00000000
    4556        180.00041914         -4.39981397       -178.00000000
    4557        150.00042705         -4.39981397       -178.00000000
    4558       -331.00024048         -4.40000000       -178.00000000
    4559       -329.37957661         -4.40000000       -178.00000000
    4560        150.00042705         -1.59981397       -178.00000000
    4561        134.99976191         -1.59981397       -178.00000000
    4562        -59.99997906         -4.40012693       -178.00000027
    4563         -5.99958100         -4.39994090       -178.00000027
    4564       -230.00024727         -4.40000000       -178.00000000
    4565       -230.00024727         -1.60000000       -178.00000000
    4566       -239.99958174         -1.60000000       -178.00000000
    4567       -239.99958174         -4.40000000       -178.00000000
    4568        -23.99958000         -1.59994090       -178.00000027
    4569        -90.62024387         -1.64779844       -178.00009369
    4570         24.00042500         -4.39994090       -178.00000027
    4571         24.00042500         -1.59994090       -178.00000027
    4572        109.87508071         -4.39981397       -178.00000000
    4573         91.04975925         -1.59996375       -178.00000000
    4574         91.04975925         -4.39996375       -178.00000000
    4575       -207.49959229         -4.40000000       -178.00000000
    4576       -209.99958035         -1.60000000       -178.00000000
    4577       -209.99958035         -4.40000000       -178.00000000
    4578         55.00000000         -4.39994090       -178.00000027
    4579         60.00042288         -4.40051238       -178.00000000
    4580       -351.00000000         -1.60000000       -178.00009583
    4581       -351.00000000         -4.40000000       -178.00009583
    4582        -38.99957846         -1.60021995       -178.00022351
    4583        227.20041543         -4.39981397       -178.00000000
    4584         86.01997312         -4.40005950       -178.00000000
    4585         36.00041800         -4.39994090       -178.00000027
    4586         39.00042097         -4.39994090       -178.00000027
    4587       -274.25025327         -4.40000000       -178.00000000
    4588         36.00041800         -1.59994090       -178.00000027
    4589       -149.99957756         -4.39967764       -178.00000000
    4590        181.70041914         -1.59981397       -178.00016653
    4591        202.49975342         -1.59981397       -178.00000000
    4592         90.05042427         -1.59996375       -178.00000000
    4593         86.01997312         -1.60005950       -178.00000000
    4594        180.00041914         -1.59981397       -178.00000000
    4595        211.68543000         -4.39981397       -178.00000000
    4596        211.48543000         -1.59981397       -178.00000000
    4597       -321.00023691         -1.60000000       -178.00000000
    4598        134.99976191         -4.39981397       -178.00000000
    4599        181.90041914         -4.39981397       -178.00016653
    4600        202.69975342         -4.39981397       -178.00000000
    4601         90.05042427         -4.39996375       -178.00000000
    4602       -321.00023691         -4.40000000       -178.00000000
    4603       -274.25025327         -1.60000000       -178.00000000
    4604        -35.99958000         -1.59994090       -178.00000027
    4605         60.00042288         -1.60051238       -178.00000000
    4606        120.19974727         -4.39981397       -178.00000000
    4607        -24.00000000         -1.59994090        -25.00000027
    4608        221.99999897         -5.46647832        153.00000000
    4609        221.99999897         -4.93314615        153.00000000
    4610        226.99041543         -5.46647834        153.00000059
    4611        226.99041543         -4.93314615        153.00000059
    4612        226.99334407         -5.46647563        152.50707398
    4613        226.99334378         -4.93314344        152.50707369
    4614        221.99680033         -5.46647469        152.50906643
    4615        221.99680007         -4.93314252        152.50865813
    4616        212.15065607         -5.46647555        145.00771566
    4617        212.15065505         -4.93314321        145.00771485
    4618        210.62042989         -5.46647834        144.99987024
    4619        210.62042994         -4.93314615        144.99987012
    4620        210.62042983         -5.46647834        152.49877537
    4621        210.62042983         -4.93314615        152.49877537
    4622        211.48139712         -5.84232519        144.45849038
    4623        211.48172917         -5.12106861        144.45838793
    4624        210.61335882         -5.84232612        144.45614501
    4625        210.61335887         -5.12106954        144.45604304
    4626        210.62042983         -5.46647834        153.00000000
    4627        210.62042983         -4.93314615        153.00000000
    4628        202.49975328         -4.93314615        152.50000000
    4629        202.49975314         -5.46647832        152.50000000
    4630        202.49975328         -4.93314615        153.00000000
    4631        202.49975314         -5.46647832        153.00000000
    4632        202.49647498         -7.02850534        137.25987724
    4633        202.49652735         -9.65736439        137.25989525
    4634        210.61140771         -5.23207054        143.80748882
    4635        210.61140771         -6.06432712        143.80748882
    4636        202.49975314         -5.64534000        142.27772381
    4637        202.49975328         -6.89086603        142.45657761
    4638        202.49975300         -4.93314615        144.99987012
    4639        202.49975300         -5.46647834        144.99987024
    4640        187.60000000         -6.71516500        142.45617898
    4641        187.60000000         -5.55748948        142.27752449
    4642        187.59600265         -9.43155681        137.58238449
    4643        187.59602079         -6.91554774        137.42078123
    4644        187.60000000         -5.46647834        144.99987024
    4645        187.60000000         -4.93314615        144.99987012
    4646        187.60000000         -5.46647834        152.50000320
    4647        187.60000000         -4.93314615        152.50000320
    4648        187.60000000         -5.46647834        153.00000059
    4649        187.60000000         -4.93314615        153.00000059
    4650        180.01041905         -6.94915624        137.31085521
    4651        180.01041909         -9.49849842        137.52284315
    4652        180.00711149         -8.24915634        131.00926539
    4653        180.00711149        -12.09849851        131.00926559
    4654        181.69638938         -8.23238781        131.00898501
    4655        181.69632071        -12.06506480        131.00895448
    4656        180.01041914         -4.93314615        153.00000059
    4657        180.01041914         -5.46647834        153.00000059
    4658        180.01041914         -4.93314615        152.50000320
    4659        180.01041914         -5.46647834        152.50000320
    4660        180.01041905         -4.93314615        144.99987012
    4661        180.01041909         -5.46647834        144.99987024
    4662        180.01041905         -5.69082282        142.27752449
    4663        180.01041909         -6.98183167        142.45617898
    4664        150.00042705         -4.93314615        153.00000059
    4665        150.00042705         -5.46647834        153.00000059
    4666        150.00042705         -4.93314615        152.50000320
    4667        150.00042705         -5.46647834        152.50000320
    4668        150.00042702         -4.93314615        144.99987012
    4669        150.00042703         -5.46647834        144.99987024
    4670        134.99976200         -4.93314615        152.50000320
    4671        134.99976200         -5.46647834        152.50000320
    4672        134.99976200         -4.93314615        153.00000059
    4673        134.99976200         -5.46647834        153.00000059
    4674        134.99976200         -4.93314615        144.99987012
    4675        134.99976200         -5.46647834        144.99987024
    4676        120.00974700         -4.93314615        153.00000059
    4677        120.00974700         -5.46647834        153.00000059
    4678        120.00974700         -4.93314615        152.49918464
    4679        120.00974700         -5.46647834        152.49959392
    4680        120.00974700         -4.93314615        144.99987012
    4681        120.00974700         -5.46647834        144.99987024
    4682        150.00042700        -16.89278796        121.08111471
    4683        150.00042700        -10.64630096        120.04036741
    4684        149.99402606        -24.45340002        107.03271303
    4685        149.99402606        -14.42660699        107.03271303
    4686        150.00042700        -11.26733219        132.75685294
    4687        150.00042700         -7.83357308        132.12892497
    4688        134.99626246        -17.64313624         94.00927151
    4689        134.99626246        -30.88645852         94.00927151
    4690        134.99976200        -10.64630096        120.04036741
    4691        134.99976200        -16.89278796        121.08111471
    4692        134.99976200         -7.83357308        132.12892497
    4693        134.99976200        -11.26733219        132.75685294
    4694        120.00974700        -11.26733219        132.75685294
    4695        120.00974700         -7.83357308        132.12892497
    4696        120.00974700        -16.89278800        121.08111407
    4697        120.00974700        -10.64630100        120.04036674
    4698        120.00619329        -30.88645860         94.00924969
    4699        120.00619329        -17.64313632         94.00924961
    4700        109.87508100         -7.83357308        132.12892497
    4701        109.87508100        -11.26733219        132.75685294
    4702        109.87508100         -4.93314615        144.99987012
    4703        109.87508100         -5.46647834        144.99987024
    4704        109.87508100         -4.93314615        153.00000059
    4705        109.87508100         -5.46647834        153.00000059
    4706        109.87508100         -4.93314615        152.49918464
    4707        109.87508100         -5.46647834        152.49959392
    4708        109.86815666        -20.16722916         85.00672029
    4709        109.86815673        -35.93464433         85.00672013
    4710        109.87508100        -10.64630096        120.04036741
    4711        109.87508100        -16.89278796        121.08111471
    4712         90.05042409         -4.93314615        144.99987012
    4713         90.05042418         -5.46647834        144.99987024
    4714         90.05042427         -4.93314615        152.50000320
    4715         90.05042427         -5.46647834        152.50000320
    4716         90.05042400         -7.83357308        132.12892497
    4717         90.05042400        -11.26733219        132.75685294
    4718         90.05042427        -24.61140232         65.51018940
    4719         90.05042427        -46.05809214         65.51004897
    4720         91.04585134        -24.61140230         65.50939419
    4721         91.04585132        -46.05809212         65.50925376
    4722         90.05042418        -20.16722915         84.99950530
    4723         90.05042409        -35.93464432         84.99950515
    4724         90.05042400        -10.64630096        120.04036741
    4725         90.05042400        -16.89278796        121.08111471
    4726         90.05042427         -4.93314615        153.00000059
    4727         90.05042427         -5.46647834        153.00000059
    4728         86.01997300         -4.93314615        144.99987012
    4729         86.01997300         -5.46647834        144.99987024
    4730         86.01997300         -4.93314615        152.49877537
    4731         86.01997300         -5.46647834        152.49877537
    4732         86.01997300         -7.83357308        132.12892497
    4733         86.01997300        -11.26733219        132.75685294
    4734         86.01669255        -24.61140229         65.50963598
    4735         86.01669258        -46.05809211         65.50949556
    4736         86.01997300        -20.16722915         84.99950530
    4737         86.01997300        -35.93464432         84.99950515
    4738         86.01997300         -4.93314615        153.00000059
    4739         86.01997300         -5.46647834        153.00000059
    4740         86.01997300        -10.64630096        120.04036741
    4741         86.01997300        -16.89278796        121.08111471
    4742         60.01042296         -4.93314615        144.99987012
    4743         60.01042292         -5.46647834        144.99987024
    4744         60.01042288         -4.93314615        152.50000320
    4745         60.01042288         -5.46647834        152.50000320
    4746         60.01042292        -20.16722915         84.99950453
    4747         60.01042296        -35.93464432         84.99950438
    4748         60.00422466        -29.32236068         44.95773044
    4749         60.00422461        -56.68377504         44.95780326
    4750         60.01042300        -10.64630096        120.04036741
    4751         60.01042300        -16.89278796        121.08111471
    4752         60.01042288         -4.93314615        153.00000059
    4753         60.01042288         -5.46647834        153.00000059
    4754         60.01042300         -7.83357308        132.12892497
    4755         60.01042300        -11.26733219        132.75685294
    4756         39.00042097         -4.93314615        152.50000320
    4757         39.00042097         -5.46647834        152.50000320
    4758         39.00042099         -4.93314615        144.99987012
    4759         39.00042098         -5.46647834        144.99987024
    4760          6.00042100        -54.35044170         44.94995742
    4761          6.00042100        -28.15569401         44.94988456
    4762          0.01000000        -54.35044170         44.94995742
    4763          0.01000000        -28.15569401         44.94988456
    4764          0.01000000        -35.93477426         84.99953500
    4765          0.01000000        -20.16748903         84.99956499
    4766          6.00042100        -35.93477426         84.99953500
    4767          6.00042100        -20.16748903         84.99956499
    4768          0.01000000        -20.18234298        121.58098471
    4769          0.01000000        -12.29127846        120.29010243
    4770          6.00042100        -20.18234298        121.58098471
    4771          6.00042100        -12.29127846        120.29010243
    4772          6.00042130         -9.40170441        134.15834446
    4773          6.00042130        -11.92332298        133.67522356
    4774          0.01000000         -9.40170441        134.15834446
    4775          0.01000000        -11.92332298        133.67522356
    4776          6.00042100        -56.50055039         41.01007790
    4777          6.00042100        -29.00194919         41.01015606
    4778          0.01000000        -56.50055039         41.01007790
    4779          0.01000000        -29.00194919         41.01015606
    4780         39.00042098        -10.54126680        120.04010076
    4781         39.00042099        -16.68231965        121.08098138
    4782         39.00042100         -7.74818983        132.06469889
    4783         39.00042100        -11.09656569        132.62840077
    4784         39.00042097         -4.93314615        153.00000059
    4785         39.00042097         -5.46647834        153.00000059
    4786         39.00042098        -20.16722915         84.99950530
    4787         39.00042099        -35.93464432         84.99950515
    4788         39.00042100        -28.15569401         44.94988456
    4789         39.00042100        -54.35044170         44.94995742
    4790         36.00041800         -4.93314615        152.49877537
    4791         36.00041800         -5.46647834        152.49877537
    4792         36.00041800         -4.93314615        144.99987012
    4793         36.00041800         -5.46647834        144.99987024
    4794         36.00041800         -4.93314615        153.00000059
    4795         36.00041800         -5.46647834        153.00000059
    4796         36.00041804         -9.40170441        134.15834446
    4797         36.00041804        -11.92332298        133.67522356
    4798         39.00042097        -29.00188621         41.01015606
    4799         39.00042097        -56.50042443         41.01007790
    4800         54.99671921        -29.00188620         41.00960256
    4801         54.99671912        -56.50042442         41.00952437
    4802         36.00041800        -10.54126680        120.04010076
    4803         36.00041800        -16.68231965        121.08098138
    4804         36.00041800        -20.16722915         84.99950530
    4805         36.00041800        -35.93464432         84.99950515
    4806         36.00041800        -28.15569401         44.94988456
    4807         36.00041800        -54.35044170         44.94995742
    4808         36.00041800        -29.00194919         41.01015606
    4809         36.00041800        -56.50055039         41.01007790
    4810         24.00042500        -20.16748903         84.99956499
    4811         24.00042500        -35.93477426         84.99953500
    4812         24.00042498        -12.29127846        120.29010243
    4813         24.00042495        -20.18234298        121.58098471
    4814         24.00042500        -28.15569401         44.94988456
    4815         24.00042500        -54.35044170         44.94995742
    4816         24.00042500        -29.00194919         41.01015606
    4817         24.00042500        -56.50055039         41.01007790
    4818         21.00042200        -20.16748903         84.99956499
    4819         21.00042200        -35.93477426         84.99953500
    4820         21.00042200        -12.29127846        120.29010243
    4821         21.00042200        -20.18234298        121.58098471
    4822         21.00042200        -28.15569401         44.94988456
    4823         21.00042200        -54.35044170         44.94995742
    4824         21.00042200        -29.00194919         41.01015606
    4825         21.00042200        -56.50055039         41.01007790
    4826          9.00042000        -20.16748903         84.99956499
    4827          9.00042000        -35.93477426         84.99953500
    4828          9.00042000        -12.29127846        120.29010243
    4829          9.00042000        -20.18234298        121.58098471
    4830          9.00042000        -28.15569401         44.94988456
    4831          9.00042000        -54.35044170         44.94995742
    4832          9.00042000        -29.00194919         41.01015606
    4833          9.00042000        -56.50055039         41.01007790
    4834         21.00042200         -9.40170441        134.15834446
    4835         21.00042200        -11.92332298        133.67522356
    4836         24.00042493         -9.40170441        134.15834446
    4837         24.00042493        -11.92332298        133.67522356
    4838          9.00041958         -9.40170441        134.15834446
    4839          9.00041958        -11.92332298        133.67522356
    4840          6.00042110         -6.96220184        151.49999904
    4841          6.00042120         -9.52459017        151.49999908
    4842          9.00041958         -6.96220184        151.49999904
    4843          9.00041958         -9.52459017        151.49999908
    4844         21.00042200         -9.52459017        151.49999908
    4845         21.00042200         -6.96220184        151.49999904
    4846         24.00042493         -9.52459017        151.49999908
    4847         24.00042493         -6.96220184        151.49999904
    4848        -38.99957831        -10.54126680        120.04010076
    4849        -38.99957815        -16.68231965        121.08098138
    4850        -59.98997904        -10.65312417        122.12186200
    4851        -59.98997902        -16.90624833        122.12186200
    4852        -59.98997904        -20.16734999         84.99953320
    4853        -59.98997902        -35.93470474         84.99951910
    4854        -38.99957831        -20.16717928         85.00090666
    4855        -38.99957815        -35.93461939         85.00020583
    4856        -59.98997900        -28.15569401         48.94988517
    4857        -59.98997900        -54.35044170         48.94995803
    4858        -38.99957800        -28.15569401         47.26988456
    4859        -38.99957800        -54.35044170         47.26995742
    4860        -59.98949675        -29.00207003         45.01017355
    4861        -59.98949676        -56.50061082         45.01008144
    4862        -38.99917930        -29.00216391         43.33004493
    4863        -38.99917936        -56.50065775         43.33001834
    4864        -38.99957846         -4.93333374        152.50000320
    4865        -38.99957846         -5.46666748        152.50000320
    4866        -38.99957846         -4.93333374        153.00000059
    4867        -38.99957846         -5.46666748        153.00000059
    4868        -59.98997906         -4.93333374        153.00000059
    4869        -59.98997906         -5.46666748        153.00000059
    4870        -59.98997906         -4.93333374        152.50000320
    4871        -59.98997906         -5.46666748        152.50000320
    4872        -38.99957846         -4.93333374        144.99987012
    4873        -38.99957846         -5.46666748        144.99987024
    4874        -59.98997906         -4.93333374        144.99987012
    4875        -59.98997906         -5.46666748        144.99987024
    4876        -59.98997904         -7.88531385        133.19210289
    4877        -59.98997902        -11.37062770        133.19210277
    4878        -38.99957800         -7.73503774        133.15834446
    4879        -38.99957800        -11.08998965        133.17522356
    4880        -35.99958000         -5.46666748        152.50000320
    4881        -35.99958000         -4.93333374        152.50000320
    4882        -35.99958006         -5.46660531        153.00000039
    4883        -35.99958012         -4.93320940        153.00000020
    4884        -35.99958018         -9.40170441        134.15834446
    4885        -35.99958018        -11.92332298        133.67522356
    4886        -35.99958000        -10.54126680        120.04010076
    4887        -35.99958000        -16.68231965        121.08098138
    4888        -35.99958000         -5.46666748        144.99987024
    4889        -35.99958000         -4.93333374        144.99987012
    4890        -23.99958000        -20.18234298        121.58098471
    4891        -23.99958000        -12.29127846        120.29010243
    4892        -23.99958009        -11.92332298        133.67522356
    4893        -23.99958009         -9.40170441        134.15834446
    4894        -23.99958009         -9.52459017        151.49999288
    4895        -23.99958009         -6.96220184        151.49999594
    4896        -20.99957949         -9.52459017        151.49999288
    4897        -20.99957949         -6.96220184        151.49999594
    4898        -20.99957949        -11.92332298        133.67522356
    4899        -20.99957949         -9.40170441        134.15834446
    4900        -20.99957900        -20.18234298        121.58098471
    4901        -20.99957900        -12.29127846        120.29010243
    4902         -8.99957939        -11.92332298        133.67522356
    4903         -8.99957939         -9.40170441        134.15834446
    4904         -8.99957900        -20.18234298        121.58098471
    4905         -8.99957900        -12.29127846        120.29010243
    4906         -5.99958100        -12.29127846        120.29010243
    4907         -5.99958100        -20.18234298        121.58098471
    4908         -5.99958112         -9.40170441        134.15834446
    4909         -5.99958112        -11.92332298        133.67522356
    4910         -8.99957939         -9.52459017        151.49999908
    4911         -8.99957939         -6.96220184        151.49999904
    4912         -5.99958112         -9.52459017        151.49999908
    4913         -5.99958112         -6.96220184        151.49999904
    4914         -5.99958100        -20.16748903         84.99956499
    4915         -5.99958100        -35.93477426         84.99953500
    4916         -5.99958100        -28.15569401         44.94988456
    4917         -5.99958100        -54.35044170         44.94995742
    4918         -5.99958100        -29.00194919         41.01015606
    4919         -5.99958100        -56.50055039         41.01007790
    4920         -8.99957900        -20.16748903         84.99956499
    4921         -8.99957900        -35.93477426         84.99953500
    4922         -8.99957900        -28.15569401         44.94988456
    4923         -8.99957900        -54.35044170         44.94995742
    4924         -8.99957900        -29.00194919         41.01015606
    4925         -8.99957900        -56.50055039         41.01007790
    4926        -20.99957900        -35.93477426         84.99953500
    4927        -20.99957900        -20.16748903         84.99956499
    4928        -20.99957900        -54.35044170         44.94995742
    4929        -20.99957900        -28.15569401         44.94988456
    4930        -20.99957900        -56.50055039         41.01007790
    4931        -20.99957900        -29.00194919         41.01015606
    4932        -23.99958000        -28.15569401         44.94988456
    4933        -23.99958000        -54.35044170         44.94995742
    4934        -23.99958000        -20.16748903         84.99956499
    4935        -23.99958000        -35.93477426         84.99953500
    4936        -23.99862663        -29.00194918         41.01011051
    4937        -23.99862660        -56.50055038         41.01003235
    4938        -35.99862655        -56.53274802         43.32995417
    4939        -35.99862654        -29.06634446         43.32995417
    4940        -35.99958000        -54.35044170         47.26995742
    4941        -35.99958000        -28.15569401         47.26988456
    4942        -35.99958000        -35.93477426         84.99953500
    4943        -35.99958000        -20.16748903         84.99956499
    4944        -89.99957943         -4.93333374        153.00000059
    4945        -89.99957943         -5.46666748        153.00000059
    4946        -89.99957943         -4.93333374        152.50000320
    4947        -89.99957943         -5.46666748        152.50000320
    4948        -89.99957943         -4.93333374        144.99987012
    4949        -89.99957943         -5.46666748        144.99987024
    4950        -89.99957900         -7.88531385        133.19210289
    4951        -89.99957900        -11.37062770        133.19210277
    4952        -89.99957900        -10.65312417        122.12186200
    4953        -89.99957900        -16.90624833        122.12186200
    4954        -89.99957929        -20.16734999         84.99953320
    4955        -89.99957914        -35.93470474         84.99951910
    4956        -89.99957900        -28.15569401         49.58988456
    4957        -89.99957900        -54.35044170         49.51995742
    4958        -89.99824861        -29.00207002         45.51009501
    4959        -89.99824774        -56.50061081         45.51000278
    4960        -95.00024600         -4.93333374        153.00000059
    4961        -95.00024600         -5.46666748        153.00000059
    4962        -95.00024600         -4.93333374        152.49918464
    4963        -95.00024600         -5.46666748        152.49959392
    4964        -95.00024600         -4.93333374        144.99987012
    4965        -95.00024600         -5.46666748        144.99987024
    4966        -95.00024600         -7.88531385        133.19210289
    4967        -95.00024600        -11.37062770        133.19210277
    4968        -95.00024600        -10.65312417        122.12186200
    4969        -95.00024600        -16.90624833        122.12186200
    4970        -95.00024600        -20.16734999         84.99953320
    4971        -95.00024600        -35.93470474         84.99951910
    4972        -94.99611880        -30.12899280         49.50930999
    4973        -94.99611890        -55.50448172         49.50916374
    4974        -90.61558062        -28.96214541         45.66770401
    4975        -90.61557994        -56.42105810         45.66772787
    4976       -114.00024400         -4.93333374        152.49918464
    4977       -114.00024400         -5.46666748        152.49959392
    4978       -114.00024400         -4.93333374        153.00000059
    4979       -114.00024400         -5.46666748        153.00000059
    4980       -114.00024400         -4.93333374        144.99987012
    4981       -114.00024400         -5.46666748        144.99987024
    4982       -114.00024400         -7.88531385        133.19210289
    4983       -114.00024400        -11.37062770        133.19210277
    4984       -114.00024400        -10.65312417        122.12186200
    4985       -114.00024400        -16.90624833        122.12186200
    4986       -114.00024400        -20.16734999         84.99953320
    4987       -114.00024400        -35.93470474         84.99951910
    4988       -113.99785587        -29.29365948         52.00991189
    4989       -113.99785583        -54.18681506         52.00976559
    4990       -119.98958082         -4.93333374        152.50000320
    4991       -119.98958082         -5.46666748        152.50000320
    4992       -119.98958082         -4.93333374        144.99987012
    4993       -119.98958082         -5.46666748        144.99987024
    4994       -119.98958100         -7.88531385        133.19210289
    4995       -119.98958100        -11.37062770        133.19210277
    4996       -119.98958100        -10.65312417        122.12186200
    4997       -119.98958100        -16.90624833        122.12186200
    4998       -119.98958088        -20.16734999         84.99953349
    4999       -119.98958094        -35.93470474         84.99951938
    5000       -119.98782410        -28.66037627         54.20998470
    5001       -119.98782827        -52.92102791         54.20989853
    5002       -119.98958082         -4.93333374        153.00000059
    5003       -119.98958082         -5.46666748        153.00000059
    5004       -135.00024600         -4.93333374        144.99987012
    5005       -135.00024600         -5.46666748        144.99987024
    5006       -135.00024600         -4.93333374        152.50000320
    5007       -135.00024600         -5.46666748        152.50000320
    5008       -135.00024600        -10.65312417        122.12186200
    5009       -135.00024600        -16.90624833        122.12186200
    5010       -135.00024600        -20.16734999         84.99953320
    5011       -135.00024600        -35.93470474         84.99951910
    5012       -135.00024600         -4.93333374        153.00000059
    5013       -135.00024600         -5.46666748        153.00000059
    5014       -135.00024600         -7.88531385        133.19210289
    5015       -135.00024600        -11.37062770        133.19210277
    5016       -134.99540276        -28.77269779         54.23443047
    5017       -134.99540419        -52.97433531         54.22154440
    5018       -141.65003100         -7.88531385        133.19210289
    5019       -141.65003100        -11.37062770        133.19210277
    5020       -141.65003100        -10.65312417        122.12186200
    5021       -141.65003100        -16.90624833        122.12186200
    5022       -141.65003100        -20.16734999         84.99953320
    5023       -141.65003100        -35.93470474         84.99951910
    5024       -141.65003100         -4.93333374        153.00000059
    5025       -141.65003100         -5.46666748        153.00000059
    5026       -141.65003100         -4.93333374        152.50000320
    5027       -141.65003100         -5.46666748        152.50000320
    5028       -141.65003100         -4.93333374        144.99987012
    5029       -141.65003100         -5.46666748        144.99987024
    5030       -141.64321382        -25.90656901         64.80907293
    5031       -141.64321194        -47.41276969         64.80931505
    5032       -149.99957756         -4.93333374        153.00000059
    5033       -149.99957756         -5.46666748        153.00000059
    5034       -149.99957756         -4.93333374        152.49959392
    5035       -149.99957756         -5.46666748        152.49918464
    5036       -149.99957756         -4.93333374        144.99987012
    5037       -149.99957756         -5.46666748        144.99987024
    5038       -149.99957800         -7.88531419        133.19210289
    5039       -149.99957800        -11.37062787        133.19210277
    5040       -149.99957800        -10.65312417        122.12186200
    5041       -149.99957800        -16.90624833        122.12186200
    5042       -149.99957771        -20.16734999         84.99953320
    5043       -149.99957785        -35.93470474         84.99951910
    5044       -149.99477587        -24.74669963         69.27105494
    5045       -149.99477532        -44.88899341         69.27115561
    5046       -177.49129366        -20.16887255         84.68684654
    5047       -177.49125802        -35.95964831         84.69130506
    5048       -177.47133655        -19.90175143         85.28080728
    5049       -177.45171408        -35.40355850         85.55696385
    5050       -177.50000000        -10.65312417        122.12186200
    5051       -177.50000000        -16.90624833        122.12186200
    5052       -177.50000000         -4.93333374        153.00000059
    5053       -177.50000000         -5.46666748        153.00000059
    5054       -177.50000000         -4.93333374        152.49959392
    5055       -177.50000000         -5.46666748        152.49918464
    5056       -177.50000000         -4.93333374        144.99987012
    5057       -177.50000000         -5.46666748        144.99987024
    5058       -177.50000000         -7.88531419        133.19210289
    5059       -177.50000000        -11.37062787        133.19210277
    5060       -179.98546723        -19.85843277         86.30879050
    5061       -179.98592299        -35.31690658         86.30915140
    5062       -179.98957900        -10.65312425        122.12186259
    5063       -179.98957900        -16.90624840        122.12186255
    5064       -179.98957900         -7.88531419        133.19210289
    5065       -179.98957900        -11.37062787        133.19210277
    5066       -179.98957896         -4.93333374        144.99987012
    5067       -179.98957896         -5.46666748        144.99987024
    5068       -179.98957896         -4.93333374        152.49959392
    5069       -179.98957896         -5.46666748        152.49918464
    5070       -179.98957896         -4.93333374        153.00000059
    5071       -179.98957896         -5.46666748        153.00000059
    5072       -207.49959200         -7.88531419        133.19210289
    5073       -207.49959200        -11.37062787        133.19210277
    5074       -207.49959200         -4.93333374        144.99987012
    5075       -207.49959200         -5.46666748        144.99987024
    5076       -207.49959200        -10.65312417        122.12186200
    5077       -207.49959200        -16.90624833        122.12186200
    5078       -207.49730181        -16.14332388        100.00964382
    5079       -207.49730183        -27.88664779        100.00964383
    5080       -207.49959200         -4.93333374        153.00000059
    5081       -207.49959200         -5.46666748        153.00000059
    5082       -207.49959200         -4.93333374        152.49959392
    5083       -207.49959200         -5.46666748        152.49918464
    5084       -209.99958035         -4.93333374        152.49918464
    5085       -209.99958035         -5.46666748        152.49959392
    5086       -209.99958023         -4.93333374        144.99987012
    5087       -209.99958012         -5.46666748        144.99987024
    5088       -209.99958035         -4.93333374        153.00000059
    5089       -209.99958035         -5.46666748        153.00000059
    5090       -209.99958000         -7.88531419        133.19210289
    5091       -209.99958000        -11.37062787        133.19210277
    5092       -209.99958035        -16.14332391        100.00990967
    5093       -209.99958035        -27.88664782        100.00990967
    5094       -209.99958000        -10.65312417        122.12186200
    5095       -209.99958000        -16.90624833        122.12186200
    5096       -230.00024700         -4.93333374        153.00000059
    5097       -230.00024700         -5.46666748        153.00000059
    5098       -230.00024700         -4.93333407        152.50000320
    5099       -230.00024700         -5.46666764        152.50000320
    5100       -230.00024700         -7.88531419        133.19210289
    5101       -230.00024700        -11.37062787        133.19210277
    5102       -230.00024700         -4.93333374        144.99987012
    5103       -230.00024700         -5.46666748        144.99987024
    5104       -229.99679692        -16.14332391        100.00929557
    5105       -229.99679692        -27.88664782        100.00929557
    5106       -230.00024700        -10.65312417        122.12186200
    5107       -230.00024700        -16.90624833        122.12186200
    5108       -239.98958174         -4.93333374        153.00000059
    5109       -239.98958174         -5.46666748        153.00000059
    5110       -239.98958174         -4.93333407        152.50000320
    5111       -239.98958174         -5.46666764        152.50000320
    5112       -239.98958200         -7.88531419        133.19210289
    5113       -239.98958200        -11.37062787        133.19210277
    5114       -239.98958174         -4.93333374        144.99987012
    5115       -239.98958174         -5.46666748        144.99987024
    5116       -239.98958200        -10.65312417        122.12186390
    5117       -239.98958200        -16.90624833        122.12186390
    5118       -239.98441121        -14.15021456        108.50890730
    5119       -239.98441121        -23.90042912        108.50890730
    5120       -264.25025000        -10.65312417        122.12186200
    5121       -264.25025000        -16.90624833        122.12186200
    5122       -264.24835004        -11.58082411        118.25972989
    5123       -264.24835004        -18.76164821        118.25972989
    5124       -264.25025000         -4.93333374        153.00000059
    5125       -264.25025000         -5.46666748        153.00000059
    5126       -264.25025000         -4.93333374        152.50000320
    5127       -264.25025000         -5.46666748        152.50000320
    5128       -264.25025000         -4.93333374        144.99987012
    5129       -264.25025000         -5.46666748        144.99987024
    5130       -264.25025000         -7.88531419        133.19210289
    5131       -264.25025000        -11.37062787        133.19210277
    5132       -269.99957400         -7.88531419        133.19210289
    5133       -269.99957400        -11.37062787        133.19210277
    5134       -269.99957383         -4.93333374        144.99987012
    5135       -269.99957383         -5.46666748        144.99987024
    5136       -269.99957400        -10.65312417        122.12186200
    5137       -269.99957400        -16.90624833        122.12186200
    5138       -269.99957394        -11.58082411        118.25991199
    5139       -269.99957389        -18.76164821        118.25991199
    5140       -269.99957383         -4.93333374        152.49918464
    5141       -269.99957383         -5.46666748        152.49959392
    5142       -269.99957383         -4.93333374        153.00000059
    5143       -269.99957383         -5.46666748        153.00000059
    5144       -282.17957400         -5.46666748        152.49877537
    5145       -282.17957400         -4.93333374        152.49877537
    5146       -282.17957400         -5.46666748        153.00000059
    5147       -282.17957400         -4.93333374        153.00000059
    5148       -282.17957400         -5.46666748        144.99987024
    5149       -282.17957400         -4.93333374        144.99987012
    5150       -282.17957400        -11.37062787        133.19210277
    5151       -282.17957400         -7.88531419        133.19210289
    5152       -282.17508402        -16.90558167        122.13079733
    5153       -282.17508402        -10.65279084        122.13079733
    5154       -274.24800150        -18.76164821        118.25965517
    5155       -274.24800150        -11.58082411        118.25965517
    5156       -299.98958452         -5.46666748        152.49959392
    5157       -299.98958452         -4.93333374        152.49918464
    5158       -299.98958452         -5.46666748        144.99987024
    5159       -299.98958452         -4.93333374        144.99987012
    5160       -299.98958452         -5.46666748        153.00000059
    5161       -299.98958452         -4.93333374        153.00000059
    5162       -299.98958485        -11.37062770        133.19211509
    5163       -299.98958469         -7.88531385        133.19211521
    5164       -299.98502432        -12.37852775        131.34107102
    5165       -299.98502432         -8.38926388        131.34107102
    5166       -321.00023691         -6.10664592        143.71890412
    5167       -321.00023691         -5.25332296        143.71890406
    5168       -320.99790845         -6.88664592        142.00962931
    5169       -320.99790845         -5.64332296        142.00962931
    5170       -321.00023697         -5.46666748        144.99987024
    5171       -321.00023694         -4.93333374        144.99987012
    5172       -321.00023700         -5.46666748        153.00000059
    5173       -321.00023700         -4.93333374        153.00000059
    5174       -321.00023700         -5.46666748        152.49918464
    5175       -321.00023700         -4.93333374        152.49959392
    5176       -329.37957661         -5.46666748        153.00000059
    5177       -329.37957661         -4.93333374        153.00000059
    5178       -329.37957661         -5.46666748        152.49959392
    5179       -329.37957661         -4.93333374        152.49918464
    5180       -329.37957661         -5.46666748        144.99987024
    5181       -329.37957661         -4.93333374        144.99987012
    5182       -329.37957687         -6.10664592        143.71890412
    5183       -329.37957674         -5.25332296        143.71890406
    5184       -329.37957661         -6.88664592        142.00990417
    5185       -329.37957661         -5.64332296        142.00990417
    5186       -333.22365130         -6.10665147        143.72695941
    5187       -333.22364800         -5.25332851        143.72695701
    5188       -335.04919134         -5.46667950        145.00808882
    5189       -335.04674439         -4.93334577        145.00808675
    5190       -330.99701492         -6.88664592        142.00936967
    5191       -330.99701492         -5.64332296        142.00936967
    5192       -350.98957852         -5.46666748        153.00000059
    5193       -350.98957852         -4.93333374        153.00000059
    5194       -346.00048780         -5.46666748        153.00000020
    5195       -346.00048790         -4.93333374        153.00000039
    5196       -345.99752817         -5.46667426        152.50832739
    5197       -345.99752867         -4.93334052        152.50832755
    5198       -350.99250658         -5.46666748        152.50707340
    5199       -350.99250658         -4.93333374        152.50707340
    5200        -89.99957943        -30.93313514        -28.00000027
    5201        -89.99957943        -57.46614336        -28.00000027
    5202        -89.99957943        -30.93313514       -128.00000027
    5203        -89.99957943        -57.46614336       -128.00000027
    5204        -59.99997906        -30.93313514       -128.00000027
    5205        -59.99997906        -57.46614336       -128.00000027
    5206        -59.99997906        -30.93313514        -28.00000027
    5207        -59.99997906        -57.46614336        -28.00000027
    5208        -38.99957846        -30.93319716       -128.00014910
    5209        -38.99957846        -57.46617436       -128.00007468
    5210        -38.99957846        -30.93319716        -28.00014910
    5211        -38.99957846        -57.46617436        -28.00007468
    5212        -35.99958000        -30.93301112       -128.00000027
    5213        -35.99958000        -57.46608134       -128.00000027
    5214        -35.99958000        -30.93301112        -28.00000027
    5215        -35.99958000        -57.46608134        -28.00000027
    5216        -23.99958000        -30.93301112       -128.00000027
    5217        -23.99958000        -57.46608134       -128.00000027
    5218        -23.99958000        -30.93301112        -28.00000027
    5219        -23.99958000        -57.46608134        -28.00000027
    5220        -20.99957900        -30.93301112        -28.00000027
    5221        -20.99957900        -57.46608134        -28.00000027
    5222        -20.99957900        -30.93301112       -128.00000027
    5223        -20.99957900        -57.46608134       -128.00000027
    5224         -8.99957900        -30.93301112       -128.00000027
    5225         -8.99957900        -57.46608134       -128.00000027
    5226         -8.99957900        -30.93301112        -28.00000027
    5227         -8.99957900        -57.46608134        -28.00000027
    5228         -5.99958100        -30.93301112        -28.00000027
    5229         -5.99958100        -57.46608134        -28.00000027
    5230         -5.99958100        -30.93301112       -128.00000027
    5231         -5.99958100        -57.46608134       -128.00000027
    5232          0.00000000        -30.93301112       -128.00000027
    5233          0.00000000        -57.46608134       -128.00000027
    5234          0.00000000        -30.93301112        -28.00000027
    5235          0.00000000        -57.46608134        -28.00000027
    5236          6.00042100        -30.93301112       -128.00000027
    5237          6.00042100        -57.46608134       -128.00000027
    5238          6.00042100        -30.93301112        -28.00000027
    5239          6.00042100        -57.46608134        -28.00000027
    5240          9.00042000        -30.93301112       -128.00000027
    5241          9.00042000        -57.46608134       -128.00000027
    5242          9.00042000        -30.93301112        -28.00000027
    5243          9.00042000        -57.46608134        -28.00000027
    5244         21.00042200        -30.93301112        -28.00000027
    5245         21.00042200        -57.46608134        -28.00000027
    5246         21.00042200        -30.93301112       -128.00000027
    5247         21.00042200        -57.46608134       -128.00000027
    5248         24.00042500        -30.93301112       -128.00000027
    5249         24.00042500        -57.46608134       -128.00000027
    5250         24.00042500        -30.93301112        -28.00000027
    5251         24.00042500        -57.46608134        -28.00000027
    5252         36.00041800        -30.93301112       -128.00000027
    5253         36.00041800        -57.46608134       -128.00000027
    5254         36.00041800        -30.93301112        -28.00000027
    5255         36.00041800        -57.46608134        -28.00000027
    5256         39.00042097        -30.93294814        -28.00000027
    5257         39.00042097        -57.46595538        -28.00000027
    5258         39.00042097        -30.93294814       -128.00000027
    5259         39.00042097        -57.46595538       -128.00000027
    5260         55.00000000        -30.93294814       -128.00000027
    5261         55.00000000        -57.46595538       -128.00000027
    5262         55.00000000        -30.93294814        -28.00000027
    5263         55.00000000        -57.46595538        -28.00000027
    5264          6.00042100        -30.93301112       -178.00000027
    5265          6.00042100        -57.46608134       -178.00000027
    5266          0.00000000        -57.46608134       -178.00000027
    5267          0.00000000        -30.93301112       -178.00000027
    5268        -23.99958000        -30.93301112       -178.00000027
    5269        -23.99958000        -57.46608134       -178.00000027
    5270        -35.99958000        -57.46608134       -178.00000027
    5271        -35.99958000        -30.93301112       -178.00000027
    5272        -38.99957846        -57.46617436       -178.00007468
    5273        -38.99957846        -30.93319716       -178.00014910
    5274         -8.99957900        -30.93301112       -178.00000027
    5275         -8.99957900        -57.46608134       -178.00000027
    5276        -20.99957900        -57.46608134       -178.00000027
    5277        -20.99957900        -30.93301112       -178.00000027
    5278        -59.99997906        -30.93313514       -178.00000027
    5279        -59.99997906        -57.46614336       -178.00000027
    5280        -89.99957943        -57.46614336       -178.00000027
    5281        -89.99957943        -30.93313514       -178.00000027
    5282         -5.99958100        -57.46608134       -178.00000027
    5283         -5.99958100        -30.93301112       -178.00000027
    5284         24.00042500        -30.93301112       -178.00000027
    5285         24.00042500        -57.46608134       -178.00000027
    5286         21.00042200        -57.46608134       -178.00000027
    5287         21.00042200        -30.93301112       -178.00000027
    5288         39.00042097        -30.93294814       -178.00000027
    5289         39.00042097        -57.46595538       -178.00000027
    5290         36.00041800        -57.46608134       -178.00000027
    5291         36.00041800        -30.93301112       -178.00000027
    5292         55.00000000        -30.93294814       -178.00000027
    5293         55.00000000        -57.46595538       -178.00000027
    5294          9.00042000        -57.46608134       -178.00000027
    5295          9.00042000        -30.93301112       -178.00000027
    5296        -89.99957943        -30.93313514        -25.00000027
    5297        -89.99957943        -57.46614336        -25.00000027
    5298        -59.99997906        -30.93313514        -25.00000027
    5299        -59.99997906        -57.46614336        -25.00000027
    5300        -38.99957846        -30.93319716        -25.00014910
    5301        -38.99957846        -57.46617436        -25.00007468
    5302        -35.99958000        -30.93301112        -25.00000027
    5303        -35.99958000        -57.46608134        -25.00000027
    5304        -23.99958000        -30.93301112        -25.00000027
    5305        -23.99958000        -57.46608134        -25.00000027
    5306        -20.99957900        -30.93301112        -25.00000027
    5307        -20.99957900        -57.46608134        -25.00000027
    5308         -8.99957900        -30.93301112        -25.00000027
    5309         -8.99957900        -57.46608134        -25.00000027
    5310         -5.99958100        -30.93301112        -25.00000027
    5311         -5.99958100        -57.46608134        -25.00000027
    5312          0.00000000        -30.93301112        -25.00000027
    5313          0.00000000        -57.46608134        -25.00000027
    5314          6.00042100        -30.93301112        -25.00000027
    5315          6.00042100        -57.46608134        -25.00000027
    5316          9.00042000        -30.93301112        -25.00000027
    5317          9.00042000        -57.46608134        -25.00000027
    5318         21.00042200        -30.93301112        -25.00000027
    5319         21.00042200        -57.46608134        -25.00000027
    5320         24.00042500        -30.93301112        -25.00000027
    5321         24.00042500        -57.46608134        -25.00000027
    5322         36.00041800        -30.93301112        -25.00000027
    5323         36.00041800        -57.46608134        -25.00000027
    5324         39.00042097        -30.93294814        -25.00000027
    5325         39.00042097        -57.46595538        -25.00000027
    5326         55.00000000        -30.93294814        -25.00000027
    5327         55.00000000        -57.46595538        -25.00000027
    5328        277.00041543         -4.93314386        153.00000059
    5329        277.00041543         -5.46647719        153.00000059
    5330        277.00041543         -4.93314615        152.50000320
    5331        277.00041543         -5.46647834        152.50000320
    5332        327.00041543         -4.93314615        152.50000320
    5333        327.00041543         -5.46647834        152.50000320
    5334        327.00041543         -4.93314386        153.00000059
    5335        327.00041543         -5.46647719        153.00000059
    5336        377.00041543         -4.93314386        153.00000059
    5337        377.00041543         -5.46647719        153.00000059
    5338        377.00041543         -4.93314615        152.50000320
    5339        377.00041543         -5.46647834        152.50000320
    5340        427.00041543         -4.93314615        152.50000320
    5341        427.00041543         -5.46647834        152.50000320
    5342        427.00041543         -4.93314386        153.00000059
    5343        427.00041543         -5.46647719        153.00000059
    5344        277.00041543         -4.93314615        144.99900000
    5345        277.00041543         -5.46647834        144.99900000
    5346        327.00041543         -4.93314615        144.99900000
    5347        327.00041543         -5.46647834        144.99900000
    5348        377.00041543         -4.93314615        144.99900000
    5349        377.00041543         -5.46647834        144.99900000
    5350        427.00041543         -4.93314615        144.99900000
    5351        427.00041543         -5.46647834        144.99900000
    5352        327.00041543         -4.93314615        143.80300000
    5353        327.00041543         -5.46647834        143.80300000
    5354        377.00041543         -4.93314615        143.80300000
    5355        377.00041543         -5.46647834        143.80300000
    5356        377.00041543         -4.93314615        144.44900000
    5357        377.00041543         -5.46647834        144.44900000
    5358        327.00041543         -4.93314615        144.44900000
    5359        327.00041543         -5.46647834        144.44900000
    5360        427.00041543         -4.93314615        143.80300000
    5361        427.00041543         -5.46647834        143.80300000
    5362        427.00041543         -4.93314615        144.44900000
    5363        427.00041543         -5.46647834        144.44900000
    5364        277.00041543         -4.93314615        143.80300000
    5365        277.00041543         -5.46647834        143.80300000
    5366        277.00041543         -4.93314615        144.44900000
    5367        277.00041543         -5.46647834        144.44900000
    5368        277.00041543         -4.93314615        137.25000000
    5369        277.00041543         -5.46647834        137.25000000
    5370        327.00041543         -4.93314615        137.25000000
    5371        327.00041543         -5.46647834        137.25000000
    5372        377.00041543         -4.93314615        137.25000000
    5373        377.00041543         -5.46647834        137.25000000
    5374        427.00041543         -4.93314615        137.25000000
    5375        427.00041543         -5.46647834        137.25000000
    5376        277.13374876         -4.93314615        131.00000000
    5377        277.06708210         -5.46647834        131.00000000
    5378        327.13374876         -4.93314615        131.00000000
    5379        327.06708210         -5.46647834        131.00000000
    5380        377.13374876         -4.93314615        131.00000000
    5381        377.06708210         -5.46647834        131.00000000
    5382        427.13374876         -4.93314615        131.00000000
    5383        427.06708210         -5.46647834        131.00000000
    5384        277.13374876         -4.93314615        106.00000000
    5385        277.06708210         -5.46647834        106.00000000
    5386        327.13374876         -4.93314615         31.00000000
    5387        327.06708210         -5.46647834         31.00000000
    5388        377.13374876         -4.93314615         31.00000000
    5389        377.06708210         -5.46647834         31.00000000
    5390        427.13374876         -4.93314615         31.00000000
    5391        427.06708210         -5.46647834         31.00000000
    5392        277.13374876         -4.93314615        -28.00000000
    5393        277.06708210         -5.46647834        -28.00000000
    5394        327.13374876         -4.93314615        -69.00000000
    5395        327.06708210         -5.46647834        -69.00000000
    5396        377.13374876         -4.93314615        -69.00000000
    5397        377.06708210         -5.46647834        -69.00000000
    5398        427.13374876         -4.93314615        -69.00000000
    5399        427.06708210         -5.46647834        -69.00000000
    5400        277.13374876         -4.93314615       -128.00000000
    5401        277.06708210         -5.46647834       -128.00000000
    5402        327.13374876         -4.93314615       -128.00000000
    5403        327.06708210         -5.46647834       -128.00000000
    5404        377.13374876         -4.93314615       -128.00000000
    5405        377.06708210         -5.46647834       -128.00000000
    5406        427.13374876         -4.93314615       -128.00000000
    5407        427.06708210         -5.46647834       -128.00000000
    5408        181.76708581        -12.06516500        -28.00016653
    5409        181.83375247         -8.23248948        -28.00016653
    5410        181.76708581        -12.06516500       -128.00016653
    5411        181.83375247         -8.23248948       -128.00016653
    5412        180.00041914        -12.09849833       -128.00000000
    5413        180.00041914         -8.24915615       -128.00000000
    5414        180.00041914        -12.09849833        -28.00000000
    5415        180.00041914         -8.24915615        -28.00000000
    5416        227.13374876         -4.93314615        -28.00000000
    5417        227.06708210         -5.46647834        -28.00000000
    5418        227.13374876         -4.93314615       -128.00000000
    5419        227.06708210         -5.46647834       -128.00000000
    5420        211.61842994         -5.12107054        -28.00000000
    5421        211.55142989         -5.84232712        -28.00000000
    5422        211.61842994         -5.12107054       -128.00000000
    5423        211.55142989         -5.84232712       -128.00000000
    5424        202.63308675         -7.02867333       -128.00000000
    5425        202.56642008         -9.65753269       -128.00000000
    5426        202.63308675         -7.02867333        -28.00000000
    5427        202.56642008         -9.65753269        -28.00000000
    5428        227.13374876         -4.93314615         82.00000000
    5429        227.06708210         -5.46647834         82.00000000
    5430        211.61842994         -5.12107054         74.00000000
    5431        211.55142989         -5.84232712         74.00000000
    5432        181.83375247         -8.23248948         57.99983347
    5433        181.76708581        -12.06516500         57.99983347
    5434        202.63308675         -7.02867333         69.00000000
    5435        202.56642008         -9.65753269         69.00000000
    5436        180.00041914         -8.24915615         57.00000000
    5437        180.00041914        -12.09849833         57.00000000
    5438        150.00042705        -24.45340002       -128.00000000
    5439        150.00042705        -14.42660699       -128.00000000
    5440        150.00042705        -24.45340002        -28.00000000
    5441        150.00042705        -14.42660699        -28.00000000
    5442        134.99976191        -30.88645852       -128.00000000
    5443        134.99976191        -17.64313624       -128.00000000
    5444        134.99976191        -30.88645852        -28.00000000
    5445        134.99976191        -17.64313624        -28.00000000
    5446        119.99974727        -30.88645852       -128.00000000
    5447        119.99974727        -17.64313624       -128.00000000
    5448        120.06641393        -30.88645852        -28.00000000
    5449        120.13308060        -17.64313624        -28.00000000
    5450        134.99976191        -30.88645852         31.00000000
    5451        134.99976191        -17.64313624         31.00000000
    5452        119.99974727        -30.88645852         20.50000000
    5453        119.99974727        -17.64313624         20.50000000
    5454        150.00042705        -24.45340002         41.00000000
    5455        150.00042705        -14.42660699         41.00000000
    5456        109.87508081        -20.16722915        -28.00000000
    5457        109.87508090        -35.93464432        -28.00000000
    5458        109.87508081        -20.16722915       -128.00000000
    5459        109.87508090        -35.93464432       -128.00000000
    5460        109.87508081        -20.16722915         12.80000000
    5461        109.87508090        -35.93464432         12.80000000
    5462         90.05042427        -24.76823646        -28.00000000
    5463         90.05042427        -45.13650918        -28.00000000
    5464         90.05042427        -24.76823646       -128.00000000
    5465         90.05042427        -45.13650918       -128.00000000
    5466         91.04975925        -24.76823646       -128.00000000
    5467         91.04975925        -45.13650918       -128.00000000
    5468         91.04975925        -24.76823646        -28.00000000
    5469         91.04975925        -45.13650918        -28.00000000
    5470         90.05042427        -24.76823646         -2.00000000
    5471         90.05042427        -45.13650918         -2.00000000
    5472         91.04975925        -24.76823646         -1.00000000
    5473         91.04975925        -45.13650918         -1.00000000
    5474         86.01997312        -45.13654110       -128.00000000
    5475         86.01997312        -24.76830030       -128.00000000
    5476         86.01997312        -45.13654110        -28.00000000
    5477         86.01997312        -24.76830030        -28.00000000
    5478         60.06708954        -57.49696372       -128.00000000
    5479         60.13375621        -30.94873805       -128.00000000
    5480         60.00042288        -57.49696372        -28.00000000
    5481         60.00042288        -30.94873805        -28.00000000
    5482         86.01997312        -45.13654110         -5.00000000
    5483         86.01997312        -24.76830030         -5.00000000
    5484         60.00042288        -57.49696372        -24.00000000
    5485         60.00042288        -30.94873805        -24.00000000
    5486        327.13374876         -4.93314615       -178.00000000
    5487        327.06708210         -5.46647834       -178.00000000
    5488        277.06708210         -5.46647834       -178.00000000
    5489        277.13374876         -4.93314615       -178.00000000
    5490        427.13374876         -4.93314615       -178.00000000
    5491        427.06708210         -5.46647834       -178.00000000
    5492        377.06708210         -5.46647834       -178.00000000
    5493        377.13374876         -4.93314615       -178.00000000
    5494        150.00042705        -24.45340002       -178.00000000
    5495        150.00042705        -14.42660699       -178.00000000
    5496        180.00041914         -8.24915615       -178.00005551
    5497        180.00041914        -12.09849833       -178.00011102
    5498         60.00042288        -30.94873805       -178.00000000
    5499         60.00042288        -57.49696372       -178.00000000
    5500         86.01997312        -24.76830030       -178.00000000
    5501         86.01997312        -45.13654110       -178.00000000
    5502        227.13374876         -4.93314615       -178.00000000
    5503        227.06708210         -5.46647834       -178.00000000
    5504        211.55142989         -5.84232712       -178.00000000
    5505        211.61842994         -5.12107054       -178.00000000
    5506        181.83375247         -8.23248948       -178.00016653
    5507        181.76708581        -12.06516500       -178.00016653
    5508        109.87508081        -20.16722915       -178.00000000
    5509        109.87508090        -35.93464432       -178.00000000
    5510         91.04975925        -45.13650918       -178.00000000
    5511         91.04975925        -24.76823646       -178.00000000
    5512         90.05042427        -45.13650918       -178.00000000
    5513         90.05042427        -24.76823646       -178.00000000
    5514        134.99976191        -30.88645852       -178.00000000
    5515        134.99976191        -17.64313624       -178.00000000
    5516        202.63308675         -7.02867333       -178.00000000
    5517        202.56642008         -9.65753269       -178.00000000
    5518        120.06641393        -30.88645852       -178.00000000
    5519        120.13308060        -17.64313624       -178.00000000
    5520        227.00041543         -4.93314615        144.99900000
    5521        227.00041543         -5.46647834        144.99900000
    5522        211.48509661         -5.12107054        143.80300000
    5523        211.48476322         -5.84232712        143.80300000
    5524        227.00041543         -4.93314615        144.44900000
    5525        227.00041543         -5.46647834        144.44900000
    5526        227.00041543         -4.93314615        143.80300000
    5527        227.00041543         -5.46647834        143.80300000
    5528        211.48509661         -5.12107054        137.25000000
    5529        211.48476322         -5.84232712        137.25000000
    5530        227.00041543         -4.93314615        137.25000000
    5531        227.00041543         -5.46647834        137.25000000
    5532        202.63308675         -7.02867333        131.00000000
    5533        202.56642008         -9.65753269        131.00000000
    5534        211.61842994         -5.12107054        131.00000000
    5535        211.55142989         -5.84232712        131.00000000
    5536        227.13374876         -4.93314615        131.00000000
    5537        227.06708210         -5.46647834        131.00000000
    5538       -500.99957852         -4.93333374        152.50000320
    5539       -500.99957852         -5.46666748        152.50000320
    5540       -500.99957852         -4.93333454        153.00000059
    5541       -500.99957852         -5.46666788        153.00000059
    5542       -550.99957852         -4.93333454        153.00000059
    5543       -550.99957852         -5.46666788        153.00000059
    5544       -550.99957852         -4.93333374        152.50000320
    5545       -550.99957852         -5.46666748        152.50000320
    5546       -450.99957852         -4.93333374        152.50000320
    5547       -450.99957852         -5.46666748        152.50000320
    5548       -450.99957852         -4.93333454        153.00000059
    5549       -450.99957852         -5.46666788        153.00000059
    5550       -400.99957852         -4.93333374        152.50000320
    5551       -400.99957852         -5.46666748        152.50000320
    5552       -400.99957852         -4.93333454        153.00000059
    5553       -400.99957852         -5.46666788        153.00000059
    5554       -450.99985951         -4.93333374        144.99891333
    5555       -450.99971901         -5.46666748        144.99895667
    5556       -400.99985951         -4.93333374        144.99891333
    5557       -400.99971901         -5.46666748        144.99895667
    5558       -500.99985951         -4.93333374        144.99891333
    5559       -500.99971901         -5.46666748        144.99895667
    5560       -550.99985951         -4.93333374        144.99891333
    5561       -550.99971901         -5.46666748        144.99895667
    5562       -550.99985951         -4.93333374        143.71893600
    5563       -550.99971901         -5.46666748        143.71896800
    5564       -500.99985951         -4.93333374        143.71893600
    5565       -500.99971901         -5.46666748        143.71896800
    5566       -550.99985951         -4.93333374        141.99993612
    5567       -550.99971901         -5.46666748        141.99996806
    5568       -500.99985951         -4.93333374        141.99993612
    5569       -500.99971901         -5.46666748        141.99996806
    5570       -450.99985951         -4.93333374        143.71893600
    5571       -450.99971901         -5.46666748        143.71896800
    5572       -450.99985951         -4.93333374        141.99993612
    5573       -450.99971901         -5.46666748        141.99996806
    5574       -400.99985951         -4.93333374        143.71893600
    5575       -400.99971901         -5.46666748        143.71896800
    5576       -400.99985951         -4.93333374        141.99993612
    5577       -400.99971901         -5.46666748        141.99996806
    5578       -450.99985951         -4.93333374         83.69093612
    5579       -450.99971901         -5.46666748         83.69096806
    5580       -400.99985951         -4.93333374        119.69093612
    5581       -400.99971901         -5.46666748        119.69096806
    5582       -500.99985951         -4.93333374         83.69093612
    5583       -500.99971901         -5.46666748         83.69096806
    5584       -550.99985951         -4.93333374         83.69093612
    5585       -550.99971901         -5.46666748         83.69096806
    5586       -500.99985951         -4.93333374         45.65893612
    5587       -500.99971901         -5.46666748         45.65896806
    5588       -450.99985951         -4.93333374         45.65893612
    5589       -450.99971901         -5.46666748         45.65896806
    5590       -400.99985951         -4.93333374         80.35893612
    5591       -400.99971901         -5.46666748         80.35896806
    5592       -550.99985951         -4.93333374         45.65893612
    5593       -550.99971901         -5.46666748         45.65896806
    5594       -550.99985951         -4.93333374        -69.00006388
    5595       -550.99971901         -5.46666748        -69.00003194
    5596       -550.99985951         -4.93333374       -128.00006388
    5597       -550.99971901         -5.46666748       -128.00003194
    5598       -500.99985951         -4.93333374       -128.00006388
    5599       -500.99971901         -5.46666748       -128.00003194
    5600       -500.99985951         -4.93333374        -69.00006388
    5601       -500.99971901         -5.46666748        -69.00003194
    5602       -550.99985951         -4.93333374         30.99993612
    5603       -550.99971901         -5.46666748         30.99996806
    5604       -500.99985951         -4.93333374         30.99993612
    5605       -500.99971901         -5.46666748         30.99996806
    5606       -450.99985951         -4.93333374       -128.00006388
    5607       -450.99971901         -5.46666748       -128.00003194
    5608       -450.99985951         -4.93333374        -69.00006388
    5609       -450.99971901         -5.46666748        -69.00003194
    5610       -450.99985951         -4.93333374         30.99993612
    5611       -450.99971901         -5.46666748         30.99996806
    5612       -400.99985951         -4.93333374       -128.00006388
    5613       -400.99971901         -5.46666748       -128.00003194
    5614       -400.99985951         -4.93333374        -27.84106388
    5615       -400.99971901         -5.46666748        -27.84103194
    5616       -400.99985951         -4.93333374         30.99993612
    5617       -400.99971901         -5.46666748         30.99996806
    5618        -90.62024387        -30.92518921        -28.00009369
    5619        -90.62024387        -57.40257999        -28.00009369
    5620        -90.62024387        -30.92518921       -128.00009369
    5621        -90.62024387        -57.40257999       -128.00009369
    5622       -329.37957661         -5.64332296        -27.84100000
    5623       -329.37957661         -6.88664592        -27.84100000
    5624       -329.37957661         -5.64332296       -128.00000000
    5625       -329.37957661         -6.88664592       -128.00000000
    5626       -321.00023691         -5.64332296       -128.00000000
    5627       -321.00023691         -6.88664592       -128.00000000
    5628       -321.00023691         -5.64332296        -27.84100000
    5629       -321.00023691         -6.88664592        -27.84100000
    5630       -299.99958452         -8.38926388       -128.00000000
    5631       -299.99958452        -12.37852775       -128.00000000
    5632       -299.99958452         -8.38926388        -27.84100000
    5633       -299.99958452        -12.37852775        -27.84100000
    5634       -269.99957394        -11.58082411        -27.84100000
    5635       -269.99957389        -18.76164821        -27.84100000
    5636       -269.99957394        -11.58082411       -128.00000000
    5637       -269.99957389        -18.76164821       -128.00000000
    5638       -264.25024971        -11.58082411       -128.00000000
    5639       -264.25024971        -18.76164821       -128.00000000
    5640       -264.25024971        -11.58082411        -27.84100000
    5641       -264.25024971        -18.76164821        -27.84100000
    5642       -274.25025327        -11.58082411        -27.84100000
    5643       -274.25025327        -18.76164821        -27.84100000
    5644       -274.25025327        -11.58082411       -128.00000000
    5645       -274.25025327        -18.76164821       -128.00000000
    5646       -282.17957400        -10.65279084        -27.84100000
    5647       -282.17957400        -16.90558167        -27.84100000
    5648       -282.17957400        -10.65279084       -128.00000000
    5649       -282.17957400        -16.90558167       -128.00000000
    5650       -239.99958174        -14.15021456       -128.00000000
    5651       -239.99958174        -23.90042912       -128.00000000
    5652       -239.99958174        -14.15021456        -27.84100000
    5653       -239.99958174        -23.90042912        -27.84100000
    5654       -274.25025327        -11.58082411         23.20000000
    5655       -274.25025327        -18.76164821         23.20000000
    5656       -269.99957394        -11.58082411         22.10000000
    5657       -269.99957389        -18.76164821         22.10000000
    5658       -264.25024971        -11.58082411         20.50000000
    5659       -264.25024971        -18.76164821         20.50000000
    5660       -299.99958452         -8.38926388         42.65900000
    5661       -299.99958452        -12.37852775         42.65900000
    5662       -282.17957400        -10.65279084         25.60000000
    5663       -282.17957400        -16.90558167         25.60000000
    5664       -239.99958174        -14.15021456         13.50000000
    5665       -239.99958174        -23.90042912         13.50000000
    5666       -207.49959229        -16.14332391        -27.84100000
    5667       -207.49959229        -27.88664782        -27.84100000
    5668       -207.49959229        -16.14332391       -128.00000000
    5669       -207.49959229        -27.88664782       -128.00000000
    5670       -179.99957896        -19.85847512       -128.00000000
    5671       -179.99957896        -35.31695023       -128.00000000
    5672       -179.99957896        -19.85847512        -28.00000000
    5673       -179.99957896        -35.31695023        -28.00000000
    5674       -230.00024727        -16.14332391       -128.00000000
    5675       -230.00024727        -27.88664782       -128.00000000
    5676       -230.00024727        -16.14332391        -27.84100000
    5677       -230.00024727        -27.88664782        -27.84100000
    5678       -209.99958035        -16.14332391        -27.84100000
    5679       -209.99958035        -27.88664782        -27.84100000
    5680       -209.99958035        -16.14332391       -128.00000000
    5681       -209.99958035        -27.88664782       -128.00000000
    5682       -209.99958035        -16.14332391          4.95900000
    5683       -209.99958035        -27.88664782          4.95900000
    5684       -207.49959229        -16.14332391          4.15900000
    5685       -207.49959229        -27.88664782          4.15900000
    5686       -230.00024727        -16.14332391         10.60000000
    5687       -230.00024727        -27.88664782         10.60000000
    5688       -179.99957896        -19.85847512         -3.50000000
    5689       -179.99957896        -35.31695023         -3.50000000
    5690       -119.93291416        -28.66072218        -28.00000000
    5691       -119.86624749        -52.92120017        -28.00000000
    5692       -119.99958082        -28.66072218       -128.00000000
    5693       -119.99958082        -52.92120017       -128.00000000
    5694       -114.00024406        -29.89323335       -128.00000000
    5695       -114.00024406        -55.38660197       -128.00000000
    5696       -114.00024406        -29.89323335        -28.00000000
    5697       -114.00024406        -55.38660197        -28.00000000
    5698       -119.99958082        -28.66072218        -20.80000000
    5699       -119.99958082        -52.92120017        -20.80000000
    5700       -114.00024406        -29.89323335        -22.40000000
    5701       -114.00024406        -55.38660197        -22.40000000
    5702       -177.50000000        -20.12094179        -28.00000000
    5703       -177.50000000        -35.93568357        -28.00000000
    5704       -177.50000000        -20.12094179       -128.00000000
    5705       -177.50000000        -35.93568357       -128.00000000
    5706       -149.99957756        -23.91021437       -128.00000000
    5707       -149.99957756        -43.42075109       -128.00000000
    5708       -149.99957756        -23.91021437        -28.00000000
    5709       -149.99957756        -43.42075109        -28.00000000
    5710       -141.65003064        -25.04001920        -28.00000000
    5711       -141.65003064        -45.67949444        -28.00000000
    5712       -141.65003064        -25.04001920       -128.00000000
    5713       -141.65003064        -45.67949444       -128.00000000
    5714       -135.00024596        -28.77261733       -128.00000000
    5715       -135.00024596        -52.97429391       -128.00000000
    5716       -135.00024596        -28.77261733        -28.00000000
    5717       -135.00024596        -52.97429391        -28.00000000
    5718       -141.65003064        -25.04001920        -14.50000000
    5719       -141.65003064        -45.67949444        -14.50000000
    5720       -135.00024596        -28.77261733        -16.50000000
    5721       -135.00024596        -52.97429391        -16.50000000
    5722       -177.50000000        -20.12094179         -4.00000000
    5723       -177.50000000        -35.93568357         -4.00000000
    5724       -149.99957756        -23.91021437        -12.00000000
    5725       -149.99957756        -43.42075109        -12.00000000
    5726       -321.00023691         -5.64332296         31.00000000
    5727       -321.00023691         -6.88664592         31.00000000
    5728       -329.37957661         -5.64332296         31.00000000
    5729       -329.37957661         -6.88664592         31.00000000
    5730       -331.00024048         -5.64332296        -27.84106388
    5731       -331.00024048         -6.88664592        -27.84103194
    5732       -331.00024048         -5.64332296       -128.00009583
    5733       -331.00024048         -6.88664592       -128.00009583
    5734       -331.00024048         -5.64332296         31.00000000
    5735       -331.00024048         -6.88664592         31.00000000
    5736       -321.00023691         -5.64332296         56.15900000
    5737       -321.00023691         -6.88664592         56.15900000
    5738       -299.99958452         -8.38926388         45.65900000
    5739       -299.99958452        -12.37852775         45.65900000
    5740       -331.00024048         -5.64332296         63.95890417
    5741       -331.00024048         -6.88664592         63.95890417
    5742       -329.37957661         -5.64332296         62.55900000
    5743       -329.37957661         -6.88664592         62.55900000
    5744       -350.99985951         -4.93333374         80.35893612
    5745       -350.99971901         -5.46666748         80.35896806
    5746       -350.99985951         -4.93333374         30.99993612
    5747       -350.99971901         -5.46666748         30.99996806
    5748       -350.99985951         -4.93333374        -27.84106388
    5749       -350.99971901         -5.46666748        -27.84103194
    5750       -350.99985951         -4.93333374       -128.00006388
    5751       -350.99971901         -5.46666748       -128.00003194
    5752       -350.99971901         -5.46666748         83.69096806
    5753       -350.99985951         -4.93333374         83.69093612
    5754       -450.99985951         -4.93333374       -178.00006388
    5755       -450.99971901         -5.46666748       -178.00003194
    5756       -500.99971901         -5.46666748       -178.00003194
    5757       -500.99985951         -4.93333374       -178.00006388
    5758       -400.99985951         -4.93333374       -178.00006388
    5759       -400.99971901         -5.46666748       -178.00003194
    5760       -550.99971901         -5.46666748       -178.00003194
    5761       -550.99985951         -4.93333374       -178.00006388
    5762       -264.25024971        -11.58082411       -178.00000000
    5763       -264.25024971        -18.76164821       -178.00000000
    5764       -269.99957389        -18.76164821       -178.00000000
    5765       -269.99957394        -11.58082411       -178.00000000
    5766        -90.62024387        -57.40257999       -178.00009369
    5767        -90.62024387        -30.92518921       -178.00009369
    5768       -282.17957400        -10.65279084       -178.00000000
    5769       -282.17957400        -16.90558167       -178.00000000
    5770       -299.99958452        -12.37852775       -178.00000000
    5771       -299.99958452         -8.38926388       -178.00000000
    5772       -114.00024406        -29.89323335       -178.00000000
    5773       -114.00024406        -55.38660197       -178.00000000
    5774       -119.86624749        -52.92120017       -178.00000000
    5775       -119.93291416        -28.66072218       -178.00000000
    5776       -177.50000000        -20.12094179       -178.00000000
    5777       -177.50000000        -35.93568357       -178.00000000
    5778       -179.99957896        -35.31695023       -178.00000000
    5779       -179.99957896        -19.85847512       -178.00000000
    5780       -135.00024596        -28.77261733       -178.00000000
    5781       -135.00024596        -52.97429391       -178.00000000
    5782       -141.65003064        -45.67949444       -178.00000000
    5783       -141.65003064        -25.04001920       -178.00000000
    5784       -329.37957661         -5.64332296       -178.00000000
    5785       -329.37957661         -6.88664592       -178.00000000
    5786       -331.00024048         -6.88664592       -178.00006388
    5787       -331.00024048         -5.64332296       -178.00003194
    5788       -350.99971901         -5.46666748       -178.00003194
    5789       -350.99985951         -4.93333374       -178.00006388
    5790       -274.25025327        -11.58082411       -178.00000000
    5791       -274.25025327        -18.76164821       -178.00000000
    5792       -207.49959229        -27.88664782       -178.00000000
    5793       -207.49959229        -16.14332391       -178.00000000
    5794       -321.00023691         -6.88664592       -178.00000000
    5795       -321.00023691         -5.64332296       -178.00000000
    5796       -149.99957756        -23.91021437       -178.00000000
    5797       -149.99957756        -43.42075109       -178.00000000
    5798       -239.99958174        -14.15021456       -178.00000000
    5799       -239.99958174        -23.90042912       -178.00000000
    5800       -209.99958035        -16.14332391       -178.00000000
    5801       -209.99958035        -27.88664782       -178.00000000
    5802       -230.00024727        -27.88664782       -178.00000000
    5803       -230.00024727        -16.14332391       -178.00000000
    5804       -350.99985951         -4.93333374        144.99891333
    5805       -350.99971901         -5.46666748        144.99895667
    5806       -350.99985951         -4.93333374        141.99993612
    5807       -350.99971901         -5.46666748        141.99996806
    5808       -350.99985951         -4.93333374        143.71893600
    5809       -350.99971901         -5.46666748        143.71896800
    5810       -331.00024048         -5.64332296         83.69100000
    5811       -331.00024048         -6.88664592         83.69100000
    5812       -321.00023691         -5.64332296         83.69100000
    5813       -321.00023691         -6.88664592         83.69100000
    5814       -299.99958452         -8.38926388         83.69100000
    5815       -299.99958452        -12.37852775         83.69100000
    5816       -329.37957661         -5.64332296         83.69100000
    5817       -329.37957661         -6.88664592         83.69100000
    5818       -264.25024971        -11.58082411         83.69100000
    5819       -264.25024971        -18.76164821         83.69100000
    5820       -239.99958174        -14.15021456         83.69100000
    5821       -239.99958174        -23.90042912         83.69100000
    5822       -269.99957394        -11.58082411         83.69100000
    5823       -269.99957389        -18.76164821         83.69100000
    5824       -274.25025327        -11.58082411         83.69100000
    5825       -274.25025327        -18.76164821         83.69100000
    5826       -282.17957400        -10.65279084         83.69100000
    5827       -282.17957400        -16.90558167         83.69100000
    5828       -207.49959229        -16.14332391         83.69100000
    5829       -207.49959229        -27.88664782         83.69100000
    5830       -209.99958035        -16.14332391         83.69100000
    5831       -209.99958035        -27.88664782         83.69100000
    5832       -230.00024727        -16.14332391         83.69100000
    5833       -230.00024727        -27.88664782         83.69100000
    5834       -179.99957896        -19.85847512         83.69100000
    5835       -179.99957896        -35.31695023         83.69100000
    5836       -239.99958174        -23.90042912         45.65900000
    5837       -239.99958174        -14.15021456         45.65900000
    5838       -264.25024971        -18.76164821         45.65900000
    5839       -264.25024971        -11.58082411         45.65900000
    5840       -282.17957400        -16.90558167         45.65900000
    5841       -282.17957400        -10.65279084         45.65900000
    5842       -274.25025327        -18.76164821         45.65900000
    5843       -274.25025327        -11.58082411         45.65900000
    5844       -269.99957389        -18.76164821         45.65900000
    5845       -269.99957394        -11.58082411         45.65900000
    5846       -207.49959229        -27.88664782         45.65900000
    5847       -207.49959229        -16.14332391         45.65900000
    5848       -209.99958035        -27.88664782         45.65900000
    5849       -209.99958035        -16.14332391         45.65900000
    5850       -230.00024727        -27.88664782         45.65900000
    5851       -230.00024727        -16.14332391         45.65900000
    5852       -179.99957896        -35.31695023         45.65900000
    5853       -179.99957896        -19.85847512         45.65900000
    5854       -177.50000000        -35.93568357         45.65900000
    5855       -177.50000000        -20.12094179         45.65900000
    5856       -149.99957756        -43.42075109         45.65900000
    5857       -149.99957756        -23.91021437         45.65900000
    5858       -141.65003064        -45.67949444         45.65900000
    5859       -141.65003064        -25.04001920         45.65900000
    5860       -135.00024596        -52.97429391         45.65900000
    5861       -135.00024596        -28.77261733         45.65900000
    5862       -119.99958082        -52.92120017         45.65900000
    5863       -119.99958082        -28.66072218         45.65900000
    5864       -114.00024406        -55.38660197         45.65900000
    5865       -114.00024406        -29.89323335         45.65900000
    5866        -90.62024387        -57.40257999        -25.00009369
    5867        -90.62024387        -30.92518921        -25.00009369
    5868         39.00042097          1.29705910         40.99999973
    5869       -209.99958035        -39.62997173         99.99990967
    5870       -230.00024727        -39.62997173         99.99990967
    5871       -207.49959229        -39.62997173         99.99990967
    5872       -207.49959229         -1.60000000         99.99990967
    5873       -209.99958035         -1.60000000         99.99990967
    5874       -230.00024727         -1.60000000         99.99990967
    5875       -239.99958174        -33.65064368        108.50034397
    5876       -239.99958174         -1.60000000        108.50034397
    5877         39.00042097        -94.18093851         40.99977649
    5878       -177.50000000         -1.50620000         84.69054500
    5879       -179.99957896        -50.77542535         86.30001151
    5880       -149.99957756         -1.59967764         69.26248512
    5881        119.99974727         -1.59981397         93.99990381
    5882        119.99974727        -44.12978079         93.99990381
    5883       -179.99957896         -1.60000000         86.29950500
    5884       -177.50000000        -51.75042535         84.69097151
    5885       -135.00024596        -77.17597049         54.19990784
    5886       -119.99958082        -77.18167816         54.19996582
    5887       -141.65003064         -1.60054397         64.80224420
    5888       -177.49957896         -1.60000000         84.99950500
    5889       -135.00024596         -1.77094075         54.19990784
    5890       -141.65003064        -68.91896967         64.80224420
    5891       -149.99957756        -65.03128782         69.26248512
    5892       -119.99958082         -1.60024419         54.19996582
    5893       -177.44000000        -50.90542535         85.82697151
    5894        -59.99997906        -83.99915157         44.99999973
    5895        -89.99957943        -83.99915157         45.49999973
    5896        -90.62024387        -83.87997076         45.65890631
    5897        -95.00024565        -80.87997059         49.49990867
    5898       -114.00024406        -79.07997059         51.99990867
    5899       -114.00024406         -1.59986472         51.99990867
    5900        -59.99997906          1.29687307         44.99999973
    5901        -89.99957943          1.29687307         45.49999973
    5902        -95.00024565         -1.59986472         49.49990867
    5903        -90.62024387          1.29720156         45.65890631
    5904          0.00000000          1.29705910         40.99999973
    5905          0.00000000        -83.99915157         40.99999973
    5906          0.00000000        -94.18093851         40.99977600
    5907        -38.99957846        -94.18093851         43.31977649
    5908        -38.99957846        -83.99915157         43.31999973
    5909        -38.99957846          1.29578005         43.31977649
    5910        -20.99957900          1.29705910         40.99999973
    5911         -8.99957900          1.29705910         40.99999973
    5912         -5.99958100          1.29705910         40.99999973
    5913        -35.99958000         -1.59994090         43.31999973
    5914        -23.99958000        -83.99915157         40.99999973
    5915        -20.99957900        -94.18093851         40.99977600
    5916        -20.99957900        -83.99915157         40.99999973
    5917         -8.99957900        -94.18093851         40.99977600
    5918         -8.99957900        -83.99915157         40.99999973
    5919         -5.99958100        -94.18093851         40.99977600
    5920         -5.99958100        -83.99915157         40.99999973
    5921        -35.99958000        -83.99915157         43.31999973
    5922        -35.99958018        -94.18093851         43.31977600
    5923        -23.99958000        -94.18093851         40.99977600
    5924         55.00000000        -83.99896263         40.99999973
    5925         55.00000000          1.29705910         40.99999973
    5926       -299.99958452        -16.36779163        131.33214670
    5927       -282.17957400        -23.15837250        122.12186200
    5928       -299.99958452         -1.60000000        131.33214670
    5929       -282.17957400         -1.60000000        122.12186200
    5930       -274.25025327         -1.60000000        118.24991199
    5931       -269.99957400         -1.60000000        118.24991199
    5932       -329.37957661         -8.12996887        141.99990417
    5933        150.00042705         -1.59981397        107.02503010
    5934        180.00041914         -1.59981397        130.99983347
    5935         90.05042427        -67.50478190         65.49990853
    5936        180.00041914        -15.94784052        130.99983347
    5937        134.99976191        -44.12978079         93.99990381
    5938        134.99976191         -1.59981397         93.99990381
    5939       -269.99957383        -25.94247232        118.24991199
    5940       -274.25025327        -25.94247232        118.24991199
    5941       -264.25024971         -1.60000000        118.24991199
    5942       -264.25024971        -25.94247232        118.24991199
    5943        150.00042705        -34.48019304        107.02503010
    5944         90.05042427         -0.36496375         65.49990853
    5945         39.00042097        -83.99896263         40.99999973
    5946         60.00042288          0.83848762         44.95003027
    5947         60.00042288        -84.04518939         44.95003027
    5948          6.00042100          1.29705910         40.99999973
    5949          9.00042000          1.29705910         40.99999973
    5950         21.00042200          1.29705910         40.99999973
    5951         24.00042500          1.29705910         40.99999973
    5952          6.00042100        -94.18093851         40.99977600
    5953          6.00042100        -83.99915157         40.99999973
    5954         86.01997312         -0.36496375         65.49990853
    5955          9.00042000        -94.18093851         40.99977600
    5956          9.00042000        -83.99915157         40.99999973
    5957         21.00042200        -94.18093851         40.99977600
    5958         21.00042200        -83.99915157         40.99999973
    5959         86.01997312        -67.50478190         65.49990853
    5960         24.00042500        -94.18093851         40.99977600
    5961         24.00042500        -83.99915157         40.99999973
    5962         36.00041804        -94.18093851         40.99977600
    5963         36.00041800        -83.99915157         40.99999973
    5964         36.00041800          1.29705910         40.99999973
    5965        109.87508071         -1.59981397         84.99950544
    5966        181.70041914         -1.59981397        130.99983347
    5967         91.04975925        -67.50478190         65.49990853
    5968         91.04975925         -0.36496375         65.49990853
    5969        227.00041543         -1.59981397        153.00000059
    5970        227.00041543         -5.99981053        153.00000059
    5971        212.15685698         -1.59981350        144.99987036
    5972        227.00041543         -5.99981053        152.50000320
    5973        227.00041543         -1.59981397        152.50000320
    5974        212.15685698         -5.99981053        144.99987036
    5975        109.87508100        -51.70205950         84.99950500
    5976        221.99999897         -5.99981050        152.50000000
    5977        181.70041914        -15.89784052        130.99983347
    5978        202.49975342         -1.59981397        137.25043142
    5979        202.49975342        -12.28639206        137.25043142
    5980        210.62042983         -1.59981397        143.80317590
    5981        210.62043000         -1.59981397        144.44887000
    5982        210.62042983         -6.56358369        144.44917590
    5983        210.62042983         -6.89658369        143.80317590
    5984       -333.22957700         -6.95996888        143.71890417
    5985       -331.00024048         -8.12996887        141.99990417
    5986        187.60000000        -11.94784052        137.73483347
    5987        187.60000000         -1.59981397        137.25000000
    5988        211.48442983         -6.56358369        144.44917590
    5989        211.48543000         -1.59981397        144.44887000
    5990        221.99999897         -1.59981397        152.49877537
    5991       -321.00023691         -8.12996887        141.99990417
    5992       -350.99957852         -1.60000000        153.00000059
    5993       -350.99957852         -1.60000000        152.50000320
    5994       -346.00048770         -1.60000000        152.49877537
    5995       -335.05000000         -1.60000000        144.99987000
    5996       -333.22957661         -1.60000000        143.71890400
    5997       -331.00024048         -1.60000000        141.99990417
    5998       -329.37957661         -1.60000000        141.99990417
    5999       -321.00023691         -1.60000000        141.99990417
    6000       -350.99957852         -6.00000121        152.50000320
    6001       -350.99957852         -6.00000121        153.00000059
    6002       -346.00048770         -6.00000121        152.49877537
    6003       -335.05733237         -6.00000121        144.99987036
    6004       -209.99958035         -4.40000000         99.99990967
    6005       -207.49959229         -4.40000000         99.99990967
    6006         39.00042097         -1.50334795         41.00023423
    6007       -299.99958452         -4.40000000        131.33214670
    6008       -321.00023691         -4.40000000        141.99990417
    6009       -329.37957661         -4.40000000        141.99990417
    6010       -331.00024048         -4.40000000        141.99990417
    6011       -333.22957661         -4.40000000        143.71890400
    6012       -335.05000000         -4.40000000        144.99987000
    6013       -346.00048770         -4.40000000        152.49877537
    6014       -350.99957852         -4.40000000        152.50000320
    6015       -350.99957852         -4.40000000        153.00000059
    6016        221.99999897         -4.39981397        152.49877537
    6017        211.48543000         -4.39981397        144.44887000
    6018        187.60000000         -4.39981397        137.25000000
    6019        210.62043000         -4.39981397        144.44887000
    6020        210.62042983         -4.39981397        143.80317590
    6021        202.49975342         -4.39981397        137.25043142
    6022        180.00041914         -4.39981397        130.99983347
    6023        227.00041543         -4.39981397        152.50000320
    6024        212.15685698         -4.39981350        144.99987036
    6025        227.00041543         -4.39981397        153.00000059
    6026         91.04975925         -3.16471243         65.50032984
    6027       -239.99958174          0.00000000        108.50034397
    6028       -230.00024727          0.00000000         99.99990967
    6029        181.70041914         -4.39981397        130.99983347
    6030        109.87508071         -4.39981397         84.99950544
    6031         36.00041800         -1.50334795         41.00023423
    6032         86.01997312         -3.16471243         65.50032984
    6033         24.00042500         -1.50334795         41.00023423
    6034         21.00042200         -1.50334795         41.00023423
    6035          9.00042000         -1.50334795         41.00023423
    6036          6.00042100         -1.50334795         41.00023423
    6037         60.00042288         -1.96094632         44.94981171
    6038         90.05042427         -3.16471243         65.50032984
    6039       -239.99958174         -4.40000000        108.50034397
    6040       -264.25024971         -4.40000000        118.24991199
    6041       -179.99957896         -4.40000000         86.29950500
    6042        134.99976191         -4.39981397         93.99990381
    6043        119.99974727         -4.39981397         93.99990381
    6044        150.00042705         -4.39981397        107.02503010
    6045       -269.99957400         -4.40000000        118.24991199
    6046       -274.25025327         -4.40000000        118.24991199
    6047       -282.17957400         -4.40000000        122.12186200
    6048         55.00000000         -1.50334795         41.00023423
    6049          0.00000000         -1.50334795         41.00023423
    6050         -5.99958100         -1.50334795         41.00023423
    6051         -8.99957900         -1.50334795         41.00023423
    6052        -20.99957900         -1.50334795         41.00023423
    6053        -23.99958000         -1.50334795         41.00023423
    6054        -38.99957846         -1.50367007         43.32007948
    6055        -59.99997906         -1.50352922         45.00027608
    6056        -90.62024387         -1.50323271         45.65883365
    6057        -95.00024565         -4.75350384         49.50034754
    6058        -89.99957943         -1.50352922         45.50027608
    6059       -119.99958082         -4.39972326         54.20022655
    6060       -114.00024406         -4.40050384         52.00034754
    6061       -230.00024727         -4.40000000         99.99990967
    6062       -135.00024596         -4.57105791         54.23856843
    6063       -177.49957896         -4.39999533         84.99954686
    6064       -141.65003064         -4.40036761         64.80151256
    6065       -149.99957756         -4.60440646         69.26218221
    6066       -177.50000000         -4.37810030         84.67740508
    6067       -209.99958035          0.00000000         99.99990967
    6068       -207.49959229          0.00000000         99.99990967
    6069         39.00042097         12.90005910         40.99999973
    6070        -35.99958000          1.29665205         43.32023423
    6071        -23.99958000          1.29665205         41.00023423
    6072       -299.99958452          0.00000000        131.33214670
    6073       -321.00023691          0.00000000        141.99990417
    6074       -329.37957661          0.00000000        141.99990417
    6075       -331.00024048          0.00000000        141.99990417
    6076       -333.22957661          0.00000000        143.71890400
    6077       -335.05000000          0.00000000        144.99987000
    6078       -346.00048770          0.00000000        152.49877537
    6079       -350.99957852          0.00000000        152.50000320
    6080       -350.99957852          0.00000000        153.00000059
    6081        221.99999897          0.00018603        152.49877537
    6082        211.48543000          0.00018603        144.44887000
    6083        187.60000000          0.00018603        137.25000000
    6084        210.62043000          0.00018603        144.44887000
    6085        210.62042983          0.00018603        143.80317590
    6086        202.49975342          0.00018603        137.25043142
    6087        180.00041914          0.00018603        130.99983347
    6088        227.00041543          0.00018603        152.50000320
    6089        212.15685698          0.00018650        144.99987036
    6090        227.00041543          0.00018603        153.00000059
    6091         91.04975925          5.50203625         65.49990853
    6092        181.70041914          0.00018603        130.99983347
    6093        109.87508071          0.00018603         84.99950544
    6094         36.00041800         12.90005910         40.99999973
    6095         86.01997312          5.50203625         65.49990853
    6096         24.00042500         12.90005910         40.99999973
    6097         21.00042200         12.90005910         40.99999973
    6098          9.00042000         12.90005910         40.99999973
    6099          6.00042100         12.90005910         40.99999973
    6100         60.00042288         11.51848762         44.95003027
    6101         90.05042427          5.50203625         65.49990853
    6102       -264.25024971          0.00000000        118.24991199
    6103       -179.99957896          0.00000000         86.29950500
    6104        134.99976191          0.00018603         93.99990381
    6105        119.99974727          0.00018603         93.99990381
    6106        150.00042705          0.00018603        107.02503010
    6107       -269.99957400          0.00000000        118.24991199
    6108       -274.25025327          0.00000000        118.24991199
    6109       -282.17957400          0.00000000        122.12186200
    6110         55.00000000         12.90005910         40.99999973
    6111          0.00000000         12.90005910         40.99999973
    6112        -35.99958000         12.10005910         43.31999973
    6113         -5.99958100         12.90005910         40.99999973
    6114         -8.99957900         12.90005910         40.99999973
    6115        -20.99957900         12.90005910         40.99999973
    6116        -23.99958000         12.90005910         40.99999973
    6117        -38.99957846         12.09978005         43.31977649
    6118        -59.99997906         11.59987307         44.99999973
    6119        -90.62024387         11.45220156         45.65890631
    6120        -95.00024565         10.35213528         49.49990867
    6121        -89.99957943         11.49987307         45.49999973
    6122       -119.99958082          8.97275581         54.19996582
    6123       -114.00024406          9.65213528         51.99990867
    6124       -135.00024596          8.80205925         54.19990784
    6125       -177.49957896          0.00000000         84.99950500
    6126       -141.65003064          5.71145603         64.80224420
    6127       -149.99957756          4.47232236         69.26248512
    6128       -177.50000000          0.09380000         84.69054500
    6129        227.00041543         -5.46647834        153.00000059
    6130        227.00041543         -4.93314615        153.00000059
    6131        227.00041543         -5.46647834        152.50000320
    6132        227.00041543         -4.93314615        152.50000320
    6133        221.99999897         -5.46647832        152.49959179
    6134        221.99999897         -4.93314615        152.49918358
    6135        212.15685698         -5.46647818        144.99987036
    6136        212.15685698         -4.93314584        144.99987036
    6137        211.48476322         -5.84232712        144.44907394
    6138        211.48509661         -5.12107054        144.44897197
    6139        210.62042989         -5.84232712        144.44907394
    6140        210.62042994         -5.12107054        144.44897197
    6141        202.49975342         -7.02867333        137.25043142
    6142        202.49975342         -9.65753269        137.25043142
    6143        210.62042983         -5.23207054        143.80317590
    6144        210.62042983         -6.06432712        143.80317590
    6145        187.60000000         -9.43183167        137.57322231
    6146        187.60000000         -6.91582282        137.41161116
    6147        180.00041914         -8.24915615        130.99983347
    6148        180.00041914        -12.09849833        130.99983347
    6149        181.70041914         -8.23248948        130.99983347
    6150        181.70041914        -12.06516500        130.99983347
    6151        150.00042705        -24.45340002        107.02503010
    6152        150.00042705        -14.42660699        107.02503010
    6153        134.99976191        -17.64313624         93.99990381
    6154        134.99976191        -30.88645852         93.99990381
    6155        119.99974727        -30.88645852         93.99990381
    6156        119.99974727        -17.64313624         93.99990381
    6157        109.87508081        -20.16722915         84.99950530
    6158        109.87508090        -35.93464432         84.99950515
    6159         90.05042427        -24.61140225         65.50018940
    6160         90.05042427        -46.05809207         65.50004897
    6161         91.04975925        -24.61140225         65.50018940
    6162         91.04975925        -46.05809207         65.50004897
    6163         86.01997312        -24.61140225         65.50018940
    6164         86.01997312        -46.05809207         65.50004897
    6165         60.00042288        -29.32236067         44.94988456
    6166         60.00042288        -56.68377503         44.94995742
    6167          6.00042100        -56.50055036         41.00007790
    6168          6.00042100        -29.00194916         41.00015606
    6169          0.00000000        -56.50055036         41.00007790
    6170          0.00000000        -29.00194916         41.00015606
    6171         39.00042097        -29.00188618         41.00015606
    6172         39.00042097        -56.50042440         41.00007790
    6173         55.00000000        -29.00188618         41.00015606
    6174         55.00000000        -56.50042440         41.00007790
    6175         36.00041800        -29.00194916         41.00015606
    6176         36.00041800        -56.50055036         41.00007790
    6177         24.00042500        -29.00194916         41.00015606
    6178         24.00042500        -56.50055036         41.00007790
    6179         21.00042200        -29.00194916         41.00015606
    6180         21.00042200        -56.50055036         41.00007790
    6181          9.00042000        -29.00194916         41.00015606
    6182          9.00042000        -56.50055036         41.00007790
    6183        -59.99997906        -29.00207000         45.00018396
    6184        -59.99997906        -56.50061079         45.00009185
    6185        -38.99957846        -29.00216390         43.32005290
    6186        -38.99957846        -56.50065774         43.32002631
    6187         -5.99958100        -29.00194916         41.00015606
    6188         -5.99958100        -56.50055036         41.00007790
    6189         -8.99957900        -29.00194916         41.00015606
    6190         -8.99957900        -56.50055036         41.00007790
    6191        -20.99957900        -56.50055036         41.00007790
    6192        -20.99957900        -29.00194916         41.00015606
    6193        -23.99958000        -29.00194916         41.00015606
    6194        -23.99958000        -56.50055036         41.00007790
    6195        -35.99958000        -56.53274801         43.31999973
    6196        -35.99958000        -29.06634445         43.31999973
    6197        -89.99957943        -29.00207000         45.50018396
    6198        -89.99957943        -56.50061079         45.50009185
    6199        -95.00024565        -30.12899276         49.50020125
    6200        -95.00024565        -55.50448168         49.50005496
    6201        -90.62024387        -28.96214539         45.65885787
    6202        -90.62024387        -56.42105808         45.65888209
    6203       -114.00024406        -29.29365943         52.00020125
    6204       -114.00024406        -54.18681501         52.00005496
    6205       -119.99958082        -28.66037489         54.20013964
    6206       -119.99958082        -52.92102653         54.20005273
    6207       -135.00024596        -28.77269544         54.22568156
    6208       -135.00024596        -52.97433296         54.21279470
    6209       -141.65003064        -25.90656830         64.80175644
    6210       -141.65003064        -47.41276898         64.80200032
    6211       -149.99957756        -24.74670025         69.26228318
    6212       -149.99957756        -44.88899403         69.26238415
    6213       -177.50000000        -20.16887532         84.68192722
    6214       -177.50000000        -35.95965033         84.68644936
    6215       -177.47971930        -19.90180534         85.27535508
    6216       -177.45985965        -35.40361535         85.55116329
    6217       -179.99957896        -19.85847512         86.29967384
    6218       -179.99957896        -35.31695023         86.29984267
    6219       -207.49959229        -16.14332391         99.99990967
    6220       -207.49959229        -27.88664782         99.99990967
    6221       -209.99958035        -16.14332391         99.99990967
    6222       -209.99958035        -27.88664782         99.99990967
    6223       -230.00024727        -16.14332391         99.99990967
    6224       -230.00024727        -27.88664782         99.99990967
    6225       -239.99958174        -14.15021456        108.50034397
    6226       -239.99958174        -23.90042912        108.50034397
    6227       -264.25024971        -11.58082411        118.24991199
    6228       -264.25024971        -18.76164821        118.24991199
    6229       -269.99957394        -11.58082411        118.24991199
    6230       -269.99957389        -18.76164821        118.24991199
    6231       -282.17957400        -16.90558167        122.12186200
    6232       -282.17957400        -10.65279084        122.12186200
    6233       -274.25025327        -18.76164821        118.24991199
    6234       -274.25025327        -11.58082411        118.24991199
    6235       -299.99958452        -12.37852775        131.33214670
    6236       -299.99958452         -8.38926388        131.33214670
    6237       -321.00023691         -6.88664592        141.99990417
    6238       -321.00023691         -5.64332296        141.99990417
    6239       -329.37957661         -6.88664592        141.99990417
    6240       -329.37957661         -5.64332296        141.99990417
    6241       -333.22957687         -6.10664592        143.71890412
    6242       -333.22957674         -5.25332296        143.71890406
    6243       -335.05488825         -5.46666748        144.99987024
    6244       -335.05244412         -4.93333374        144.99987012
    6245       -331.00024048         -6.88664592        141.99990417
    6246       -331.00024048         -5.64332296        141.99990417
    6247       -350.99957852         -5.46666748        153.00000059
    6248       -350.99957852         -4.93333374        153.00000059
    6249       -346.00048770         -5.46666748        152.49877537
    6250       -346.00048770         -4.93333374        152.49877537
    6251       -350.99957852         -5.46666748        152.50000320
    6252       -350.99957852         -4.93333374        152.50000320
    6253       -179.99957896         -6.00000121        152.49877537
    6254       -179.99957896         -6.00000121        144.99987036
    6255       -179.99957896         -6.00000121        153.00000059
    6256       -179.99957900        -14.85594156        133.19210266
    6257       -179.99957900        -23.15937250        122.12186200
    6258       -179.99616120        -50.77538098         86.30940922
    6259       -179.99504243         -1.59999998         86.30841679
    6260        -59.99997906         -6.00000121        153.00000059
    6261        -59.99997906         -6.00000121        152.50000320
    6262        -59.99997906         -6.00000121        144.99987036
    6263        -59.99997900        -14.85594156        133.19210266
    6264        -59.99997900        -23.15937250        122.12186200
    6265        -59.99997900        -51.70205950         84.99950500
    6266        -59.99997900        -80.54518939         48.95003027
    6267        -59.99949677        -83.99915160         45.00998809
    6268        -59.99949673          1.29687357         45.00998809
    6269         60.00042300        -23.13927496        122.12186200
    6270         60.00042300        -14.70109130        133.38478091
    6271         60.00042288         -5.99981053        144.99987036
    6272       -299.99502429        -16.36779163        131.34104638
    6273       -299.99958500        -14.85594156        133.19210266
    6274       -299.99958452         -6.00000121        144.99987036
    6275       -299.99958452         -6.00000121        152.50000320
    6276       -299.99958452         -6.00000121        153.00000059
    6277       -299.99502429         -1.60000000        131.34104638
    6278        180.00041914         -5.99981053        152.50000320
    6279        180.00041914         -5.99981053        144.99987036
    6280        179.99711149         -1.59981397        131.00927060
    6281        179.99711149        -15.94784052        131.00927060
    6282         60.00042300        -51.70205950         84.99950500
    6283         60.00042288         -5.99981053        153.00000059
    6284         59.99422460          0.83848770         44.95787765
    6285         60.00042288         -5.99981053        152.50000320
    6286         59.99422459        -84.04518940         44.95787764
    6287        180.00041914         -5.99981053        153.00000059
    6288        180.00041914         -8.27284052        142.63483347
    6289        180.00041914        -12.04784052        137.73483347
    6290       -299.99958452         -4.40000000        152.49877537
    6291       -299.99958452         -4.40000000        153.00000059
    6292       -299.99958452         -4.40000000        144.99987000
    6293       -299.99958452         -4.40000000        133.19210300
    6294       -299.99502429         -4.40000000        131.34104638
    6295       -179.99957900         -4.40000000        122.12186200
    6296       -179.99957900         -4.40000050        133.19210300
    6297       -179.99957896         -4.40000000        144.99987000
    6298        180.00041900         -4.39981397        142.09887000
    6299        180.00041900         -4.39981397        137.09887000
    6300        180.00041900         -4.39981397        144.99987000
    6301       -179.99957896         -4.40000000        153.00000059
    6302       -179.99957896         -4.40000000        152.50000320
    6303        179.99711149         -4.39981397        131.00927060
    6304        180.00041914         -4.39981397        152.50000320
    6305        180.00041914         -4.39981397        153.00000059
    6306         60.00042288         -4.39981397        153.00000059
    6307         60.00042288         -4.39981397        152.50000320
    6308         60.00042300         -4.39981397        144.99987000
    6309         60.00042288         -4.39981397         84.99950544
    6310         60.00042300         -4.39981397        131.50099700
    6311         60.00042300         -4.39981397        118.99962012
    6312         59.99422467         -1.96094625         44.95765914
    6313       -179.99514543         -4.39997909         86.30846845
    6314         60.00042300         -1.59981397        131.50099700
    6315         60.00042300         -1.59981397        118.99962012
    6316         60.00042300         -1.59981397        144.99987000
    6317         60.00042288         -1.59981397        152.50000320
    6318         60.00042288         -1.59981397        153.00000059
    6319        180.00041914         -1.59981397        153.00000059
    6320        180.00041914         -1.59981397        152.50000320
    6321       -299.99958452         -1.60000000        152.49877537
    6322       -299.99958452         -1.60000000        153.00000059
    6323       -299.99958452         -1.60000000        144.99987000
    6324       -299.99958452         -1.60000000        133.19210300
    6325        -59.99949673         -1.50352873         45.01026444
    6326        -59.99997900         -1.96094632         48.94981171
    6327        -59.99997906         -4.40000000        153.00000059
    6328        -59.99997906         -4.40000000        152.50000320
    6329        -59.99997906         -4.40000000        144.99987000
    6330        -59.99997906         -4.40000000        133.19210300
    6331        -59.99997906         -4.39999523         84.99954729
    6332        -59.99997906         -4.40000000        122.12186200
    6333         60.00042288         -1.59981397         84.99950544
    6334        -59.99997900          0.83905368         48.94981171
    6335        -59.99997906         -1.60000000        153.00000059
    6336        -59.99997906         -1.60000000        152.50000320
    6337        -59.99997906         -1.60000000        144.99987000
    6338        -59.99997906         -1.60000000        133.19210300
    6339        -59.99997906         -1.59999523         84.99954729
    6340        -59.99997906         -1.60000000        122.12186200
    6341       -179.99957900         -1.60000000        122.12186200
    6342       -179.99957900         -1.60000050        133.19210300
    6343       -179.99957896         -1.60000000        144.99987000
    6344        180.00041900         -1.59981397        142.09887000
    6345       -179.99957896         -1.60000000        153.00000059
    6346       -179.99957896         -1.60000000        152.50000320
    6347        180.00041900         -1.59981397        137.09887000
    6348        180.00041900         -1.59981397        144.99987000
    6349       -299.99958452          0.00000000        152.49877537
    6350       -299.99958452          0.00000000        153.00000059
    6351       -299.99958452          0.00000000        144.99987000
    6352       -299.99958452          0.00000000        133.19210300
    6353       -299.99502429          0.00000000        131.34104638
    6354       -179.99957900          0.00000000        122.12186200
    6355       -179.99957900         -0.00000050        133.19210300
    6356       -179.99957896          0.00000000        144.99987000
    6357        180.00041900          0.00018603        142.09887000
    6358        180.00041900          0.00018603        137.09887000
    6359        180.00041900          0.00018603        144.99987000
    6360       -179.99957896          0.00000000        153.00000059
    6361       -179.99957896          0.00000000        152.50000320
    6362        179.99711149          0.00018603        131.00927060
    6363        180.00041914          0.00018603        152.50000320
    6364        180.00041914          0.00018603        153.00000059
    6365         60.00042288          0.00018603        153.00000059
    6366         60.00042288          0.00018603        152.50000320
    6367         60.00042300          0.00018603        144.99987000
    6368         60.00042288          0.00018603         84.99950544
    6369         60.00042300          0.00018603        131.50099700
    6370         60.00042300          0.00018603        118.99962012
    6371         59.99422456         11.51848762         44.95787761
    6372       -179.99504242         -0.00000000         86.30841678
    6373        -59.99949673         11.59987307         45.00998809
    6374        -59.99997900         10.51848762         48.95003027
    6375        -59.99997906          0.00000000        153.00000059
    6376        -59.99997906          0.00000000        152.50000320
    6377        -59.99997906          0.00000000        144.99987000
    6378        -59.99997906          0.00000000        133.19210300
    6379        -59.99997906          0.00000000         84.99950544
    6380        -59.99997906          0.00000000        122.12186200
    6381        180.00041905         -6.94915615        137.31085782
    6382        180.00041909         -9.49849833        137.52284565
    6383        179.99711149         -8.24915615        131.00927060
    6384        179.99711149        -12.09849833        131.00927060
    6385        180.00041914         -4.93314615        153.00000059
    6386        180.00041914         -5.46647834        153.00000059
    6387        180.00041914         -4.93314615        152.50000320
    6388        180.00041914         -5.46647834        152.50000320
    6389        180.00041905         -4.93314615        144.99987012
    6390        180.00041909         -5.46647834        144.99987024
    6391        180.00041905         -5.69082282        142.27752449
    6392        180.00041909         -6.98183167        142.45617898
    6393         60.00042296         -4.93314615        144.99987012
    6394         60.00042292         -5.46647834        144.99987024
    6395         60.00042288         -4.93314615        152.50000320
    6396         60.00042288         -5.46647834        152.50000320
    6397         60.00042292        -20.16722915         84.99950530
    6398         60.00042296        -35.93464432         84.99950515
    6399         59.99422466        -29.32236068         44.95773199
    6400         59.99422461        -56.68377504         44.95780481
    6401         60.00042300        -10.64630096        120.04036741
    6402         60.00042300        -16.89278796        121.08111471
    6403         60.00042288         -4.93314615        153.00000059
    6404         60.00042288         -5.46647834        153.00000059
    6405         60.00042300         -7.83357308        132.12892497
    6406         60.00042300        -11.26733219        132.75685294
    6407        -59.99997904        -10.65312417        122.12186200
    6408        -59.99997902        -16.90624833        122.12186200
    6409        -59.99997904        -20.16734999         84.99953320
    6410        -59.99997902        -35.93470474         84.99951910
    6411        -59.99997900        -28.15569401         48.94988456
    6412        -59.99997900        -54.35044170         48.94995742
    6413        -59.99949675        -29.00207003         45.01017232
    6414        -59.99949676        -56.50061082         45.01008021
    6415        -59.99997906         -4.93333374        153.00000059
    6416        -59.99997906         -5.46666748        153.00000059
    6417        -59.99997906         -4.93333374        152.50000320
    6418        -59.99997906         -5.46666748        152.50000320
    6419        -59.99997906         -4.93333374        144.99987012
    6420        -59.99997906         -5.46666748        144.99987024
    6421        -59.99997904         -7.88531385        133.19210289
    6422        -59.99997902        -11.37062770        133.19210277
    6423       -179.99546723        -19.85843261         86.30878931
    6424       -179.99592299        -35.31690643         86.30915030
    6425       -179.99957900        -10.65312417        122.12186200
    6426       -179.99957900        -16.90624833        122.12186200
    6427       -179.99957900         -7.88531419        133.19210289
    6428       -179.99957900        -11.37062787        133.19210277
    6429       -179.99957896         -4.93333374        144.99987012
    6430       -179.99957896         -5.46666748        144.99987024
    6431       -179.99957896         -4.93333374        152.49959392
    6432       -179.99957896         -5.46666748        152.49918464
    6433       -179.99957896         -4.93333374        153.00000059
    6434       -179.99957896         -5.46666748        153.00000059
    6435       -299.99958452         -5.46666748        152.49959392
    6436       -299.99958452         -4.93333374        152.49918464
    6437       -299.99958452         -5.46666748        144.99987024
    6438       -299.99958452         -4.93333374        144.99987012
    6439       -299.99958452         -5.46666748        153.00000059
    6440       -299.99958452         -4.93333374        153.00000059
    6441       -299.99958484        -11.37062770        133.19210277
    6442       -299.99958468         -7.88531385        133.19210289
    6443       -299.99502429        -12.37852775        131.34104638
    6444       -299.99502429         -8.38926388        131.34104638
    6445        119.99974700         -5.99981053        144.99987036
    6446       -239.99958200        -14.85594156        133.19210266
    6447       -239.99441121        -33.65064368        108.50890350
    6448       -239.99958200        -23.15937250        122.12186200
    6449       -239.99441121         -1.60000000        108.50890350
    6450       -239.99958174         -6.00000121        144.99987036
    6451       -239.99958174         -6.00000121        153.00000059
    6452       -239.99958174         -6.00000121        152.50000320
    6453          0.00000000        -28.07340750        122.87186700
    6454        119.99974700        -23.13927496        122.12186200
    6455        119.99619329         -1.59981397         94.00925096
    6456        119.99619329        -44.12978079         94.00925096
    6457        119.99974700        -14.70109130        133.38478091
    6458       -119.99783035        -77.18167954         54.20981142
    6459       -119.99958082         -6.00000121        153.00000059
    6460       -119.99958082         -6.00000121        152.50000320
    6461       -119.99958082         -6.00000121        144.99987036
    6462       -119.99958100        -14.85594156        133.19210266
    6463       -119.99958100        -23.15937250        122.12186200
    6464       -119.99958100        -51.70205950         84.99950500
    6465       -119.99782949         -1.60022625         54.20981125
    6466          0.00000000          1.29705952         41.00999973
    6467          0.00000000        -83.99915169         41.00999973
    6468          0.00000000        -94.18093873         41.00977600
    6469          0.00000000        -80.54518939         44.95003027
    6470          0.00000000        -94.18093851         84.88756809
    6471          0.00000000        -94.18093851         44.95003000
    6472          0.00000000        -14.44494156        133.19210266
    6473          0.00000000        -51.70205950         84.99950500
    6474          0.00000000         -2.48008583        134.64146536
    6475          0.00000000         -0.00021394        118.99922014
    6476        119.99974700         -5.99981053        152.50000320
    6477        119.99974700         -5.99981053        153.00000059
    6478       -239.99958174         -4.40000000        153.00000059
    6479       -239.99958174         -4.40000000        144.99987000
    6480       -239.99958200         -4.40000050        133.19210300
    6481        119.99974700         -4.39981397        144.99987000
    6482        119.99974700         -4.39981397        152.49877537
    6483        119.99974700         -4.39981397        153.00000059
    6484       -239.99958174          0.00000000        153.00000059
    6485       -239.99958174         -0.00000050        152.50000320
    6486       -239.99958174          0.00000000        144.99987000
    6487       -239.99958200         -0.00000050        133.19210300
    6488       -239.99958200          0.00000000        122.12186200
    6489       -239.99441121         -0.00000000        108.50890350
    6490          0.00000000         -4.40021394        118.99922014
    6491        119.99974700         -4.39981397        118.99962012
    6492       -239.99441121         -4.40000000        108.50890350
    6493       -239.99958200         -4.40000000        122.12186200
    6494       -239.99958174         -4.40000050        152.50000320
    6495        119.99974700         -4.39981397        131.50099700
    6496        119.99619329         -4.39981397         94.00925096
    6497          0.00000000         -4.40020379         84.99959499
    6498          0.00000000         -1.50334755         41.01023423
    6499          0.00000000         -1.96094632         44.94981171
    6500          0.00000000         -1.60021394        118.99922014
    6501        119.99974700         -1.59981397        118.99962012
    6502       -239.99958200         -1.60000000        122.12186200
    6503       -239.99958200         -1.60000050        133.19210300
    6504       -239.99958174         -1.60000000        144.99987000
    6505       -239.99958174         -1.60000050        152.50000320
    6506       -239.99958174         -1.60000000        153.00000059
    6507        119.99974700         -1.59981397        131.50099700
    6508          0.00000000         -1.60020379         84.99959499
    6509          0.00000000          0.83905368         44.94981171
    6510       -119.99782429         -4.39970601         54.21007106
    6511       -119.99958082         -4.39999523         84.99954729
    6512       -119.99958100         -4.40000000        122.12186200
    6513       -119.99958100         -4.40000000        133.19210300
    6514       -119.99958082         -4.40000000        144.99987000
    6515       -119.99958082         -4.40000000        153.00000059
    6516       -119.99958082         -4.40000000        152.50000320
    6517        119.99974700         -1.59981397        144.99987000
    6518       -119.99958082         -1.59999523         84.99954729
    6519       -119.99958100         -1.60000000        122.12186200
    6520       -119.99958100         -1.60000000        133.19210300
    6521       -119.99958082         -1.60000000        144.99987000
    6522       -119.99958082         -1.60000000        153.00000059
    6523       -119.99958082         -1.60000000        152.50000320
    6524        119.99974700         -1.59981397        153.00000059
    6525        119.99974700         -1.59981397        152.49877537
    6526        119.99974700          0.00018603        144.99987000
    6527        119.99974700          0.00018603        152.49877537
    6528        119.99974700          0.00018603        153.00000059
    6529        119.99974700          0.00018603        118.99962012
    6530        119.99974700          0.00018603        131.50099700
    6531        119.99619329          0.00018603         94.00925096
    6532          0.00000000         -0.00021394         84.99950500
    6533          0.00000000         12.90005910         41.00999973
    6534          0.00000000         11.51848762         44.95003027
    6535       -119.99783243          8.97275581         54.20981179
    6536       -119.99958082          0.00000000         84.99950544
    6537       -119.99958100          0.00000000        122.12186200
    6538       -119.99958100          0.00000000        133.19210300
    6539       -119.99958082          0.00000000        144.99987000
    6540       -119.99958082          0.00000000        153.00000059
    6541       -119.99958082          0.00000000        152.50000320
    6542          0.00000000         -4.08008583        134.64146536
    6543          0.00000000         -6.88008583        134.64146536
    6544        119.99974700         -4.93314615        153.00000059
    6545        119.99974700         -5.46647834        153.00000059
    6546        119.99974700         -4.93314615        152.49918464
    6547        119.99974700         -5.46647834        152.49959392
    6548        119.99974700         -4.93314615        144.99987012
    6549        119.99974700         -5.46647834        144.99987024
    6550        119.99974700        -11.26733219        132.75685294
    6551        119.99974700         -7.83357308        132.12892497
    6552        119.99974700        -16.89278796        121.08111471
    6553        119.99974700        -10.64630096        120.04036741
    6554        119.99619329        -30.88645852         94.00925096
    6555        119.99619329        -17.64313624         94.00925096
    6556          0.00000000        -54.35044170         44.94995742
    6557          0.00000000        -28.15569401         44.94988456
    6558          0.00000000        -35.93477426         84.99953500
    6559          0.00000000        -20.16748903         84.99956499
    6560          0.00000000        -20.18234298        121.58098471
    6561          0.00000000        -12.29127846        120.29010243
    6562          0.00000000         -9.40170441        134.15834446
    6563          0.00000000        -11.92332298        133.67522356
    6564          0.00000000        -56.50055039         41.01007790
    6565          0.00000000        -29.00194919         41.01015606
    6566       -119.99958082         -4.93333374        152.50000320
    6567       -119.99958082         -5.46666748        152.50000320
    6568       -119.99958082         -4.93333374        144.99987012
    6569       -119.99958082         -5.46666748        144.99987024
    6570       -119.99958100         -7.88531385        133.19210289
    6571       -119.99958100        -11.37062770        133.19210277
    6572       -119.99958100        -10.65312417        122.12186200
    6573       -119.99958100        -16.90624833        122.12186200
    6574       -119.99958088        -20.16734999         84.99953320
    6575       -119.99958094        -35.93470474         84.99951910
    6576       -119.99782410        -28.66037627         54.20998413
    6577       -119.99782827        -52.92102791         54.20989796
    6578       -119.99958082         -4.93333374        153.00000059
    6579       -119.99958082         -5.46666748        153.00000059
    6580       -239.99958174         -4.93333374        153.00000059
    6581       -239.99958174         -5.46666748        153.00000059
    6582       -239.99958174         -4.93333407        152.50000320
    6583       -239.99958174         -5.46666764        152.50000320
    6584       -239.99958200         -7.88531419        133.19210289
    6585       -239.99958200        -11.37062787        133.19210277
    6586       -239.99958174         -4.93333374        144.99987012
    6587       -239.99958174         -5.46666748        144.99987024
    6588       -239.99958200        -10.65312417        122.12186200
    6589       -239.99958200        -16.90624833        122.12186200
    6590       -239.99441121        -14.15021456        108.50890350
    6591       -239.99441121        -23.90042912        108.50890350
 end coordinates
 elements
         1      2632      2633      2607      2609         1
         2      2613      2635      2624      2598         1
         3      2597      2623      2613      2598         1
         4      2598      2633      2632      2597         1
         5      2608      2642      2612      2602         1
         6      2621      2622      2671      2692         1
         7      2651      2730      2611      2608         1
         8      2651      2670      2619      2730         1
         9      2620      2692      2671      2637         1
        10      2637      2623      2597      2620         1
        11      2670      2692      2620      2619         1
        12      2600      2603      2670      2651         1
        13      2730      2609      2610      2611         1
        14      2603      2621      2692      2670         1
        15      2602      2600      2651      2608         1
        16      2620      2597      2632      2619         1
        17      2609      2730      2619      2632         1
        18      6363      2604      2599      6364         1
        19      2731      2604      6363      6359         1
        20      2682      2599      2604      2683         1
        21      2683      2604      2731      2685         1
        22      2682      2683      2616      2617         1
        23      2616      2683      2685      2615         1
        24      2731      6359      6357      2614         1
        25      2614      6357      6358      2601         1
        26      6358      6362      2695      2601         1
        27      2690      2601      2695      2688         1
        28      2686      2614      2601      2690         1
        29      2685      2731      2614      2686         1
        30      2684      2615      2685      2686         1
        31      2684      2686      2690      2675         1
        32      2675      2690      2688      2689         1
        33      2618      6526      6530      2777         1
        34      6528      6527      2625      2647         1
        35      2778      6529      6531      2643         1
        36      2777      6530      6529      2778         1
        37      6527      6526      2618      2625         1
        38      2629      2625      2618      2769         1
        39      2769      2618      2777      2770         1
        40      2672      2643      2636      2674         1
        41      2759      2778      2643      2672         1
        42      2770      2777      2778      2759         1
        43      2628      2647      2625      2629         1
        44      2640      2629      2769      2639         1
        45      2639      2769      2770      2739         1
        46      2638      2672      2674      2648         1
        47      2641      2628      2629      2640         1
        48      2758      2759      2672      2638         1
        49      2739      2770      2759      2758         1
        50      2631      2640      2639      2634         1
        51      2648      2667      2649      2638         1
        52      2666      2758      2638      2649         1
        53      2630      2641      2640      2631         1
        54      2665      2739      2758      2666         1
        55      2634      2639      2739      2665         1
        56      6367       384       379      6366         1
        57         4      6370      6368      2669         1
        58       362       346       345       339         1
        59       364       348       350       365         1
        60       350       346       362       365         1
        61      6365      6366       379       385         1
        62       384      6367      6369       426         1
        63       426      6369      6370         4         1
        64       353       182       181       352         1
        65      2652      2710       182       353         1
        66      6371      2438      2669      6368         1
        67       370       371       368       369         1
        68       373       371       370       374         1
        69       355       351       343       341         1
        70       357       353       354       358         1
        71       354       351       355       358         1
        72       425       428       373       374         1
        73      2663      2711      2712      2664         1
        74      2664      2712      2710      2652         1
        75      2438      6371      2709      2437         1
        76         4       454         3       429         1
        77         3       428       425       429         1
        78      2669      2644       454         4         1
        79      2438      2645      2644      2669         1
        80      2437      2646      2645      2438         1
        81       454      2644      2655       364         1
        82      2656      2657      2645      2646         1
        83      2644      2645      2657      2655         1
        84       348       364      2655      2654         1
        85      2656      2658      2659      2657         1
        86      2654      2655      2657      2659         1
        87       357       348      2654      2653         1
        88      2658      2660      2661      2659         1
        89      2653      2654      2659      2661         1
        90       353       357      2653      2652         1
        91      2652      2653      2661      2664         1
        92      2660      2663      2664      2661         1
        93       427       454       364       363         1
        94       348       357       356       347         1
        95       169       166       159       157         1
        96       204       203       186       183         1
        97       171       167       168       172         1
        98       168       166       169       172         1
        99       211       204       183       214         1
       100       175       164       165       176         1
       101       165       162       173       176         1
       102       226       263       238       237         1
       103       202       237       238       265         1
       104       202       265       186       203         1
       105      2743      2729      2735      2737         1
       106      2729      2743      2745       263         1
       107       263      2745      2742       264         1
       108       266       190      2741      2740         1
       109       173       162       161       155         1
       110       264      2742      2741       190         1
       111      2740      2738       179       266         1
       112      2728      2736      2737      2735         1
       113      6534      2720      2718      6532         1
       114      6533      2719      2720      6534         1
       115      6532      2718       175      6475         1
       116       164       175      2718      2717         1
       117      2717      2718      2720      2722         1
       118      2719      2721      2722      2720         1
       119       171       164      2717      2716         1
       120      2721      2723      2724      2722         1
       121      2716      2717      2722      2724         1
       122      2715      2716      2724      2725         1
       123       167       171      2716      2715         1
       124      2723      2726      2725      2724         1
       125      2715      2734       226       167         1
       126      2726      2713      2714      2725         1
       127      2725      2714      2734      2715         1
       128       263       226      2734      2729         1
       129      2729      2734      2714      2735         1
       130      2735      2714      2713      2728         1
       131       167       226       199       235         1
       132       163       164       171       170         1
       133      6475       175       174      6474         1
       134      6375      6376      2767      2768         1
       135      2767      6376      6377      2766         1
       136      6377      6378      2765      2766         1
       137      6380      2764      2765      6378         1
       138      6380      6379      2763      2764         1
       139      2763      6379      6374      2762         1
       140      6373      2755      2762      6374         1
       141      2768      2767      2753      2754         1
       142      2766      2765      2751      2752         1
       143      2752      2753      2767      2766         1
       144      2750      2751      2765      2764         1
       145      2764      2763      2749      2750         1
       146      2763      2762      2748      2749         1
       147      2747      2748      2762      2755         1
       148      2782      2754      2753      2785         1
       149      2779      2781      2752      2751         1
       150      2785      2753      2752      2781         1
       151      2772      2775      2750      2749         1
       152      2779      2751      2750      2775         1
       153      2757      2772      2749      2748         1
       154      2781      2780      2784      2785         1
       155      2776      2780      2781      2779         1
       156      2771      2774      2775      2772         1
       157      2775      2774      2776      2779         1
       158      2771      2772      2757      2756         1
       159      2784      2783      2782      2785         1
       160      2799      6541      6539      2801         1
       161      6536      2789      2794      6537         1
       162      2791      6540      6541      2799         1
       163      2801      6539      6538      2810         1
       164      2810      6538      6537      2794         1
       165      2788      2789      6536      6535         1
       166      2810      2794      2795      2811         1
       167      2789      2797      2795      2794         1
       168      2791      2799      2800      2798         1
       169      2801      2810      2811      2786         1
       170      2799      2801      2786      2800         1
       171      2796      2797      2789      2788         1
       172      2800      2793      2806      2798         1
       173      2800      2786      2805      2793         1
       174      2811      2795      2803      2804         1
       175      2786      2811      2804      2805         1
       176      2797      2812      2803      2795         1
       177      2812      2797      2796      2813         1
       178      2792      2812      2813      2814         1
       179      2812      2792      2117      2803         1
       180      2793      2817      2815      2806         1
       181      2804      2093      2818      2805         1
       182      2805      2818      2817      2793         1
       183      2803      2117      2093      2804         1
       184      2594      2117      2792      2687         1
       185      2093      2117      2594      2595         1
       186      2818      2093      2595      2596         1
       187      2817      2818      2596      2606         1
       188      2815      2817      2606      2605         1
       189      2433      6356      6355      2434         1
       190      2434      6355      6354      2435         1
       191      2435      6354      6372      2436         1
       192      2432      2431      6360      6361         1
       193      2432      6361      6356      2433         1
       194      2433      2427      2169      2432         1
       195      2426      2431      2432      2169         1
       196      2427      2433      2434      2428         1
       197      2429      2435      2436      2430         1
       198      2428      2434      2435      2429         1
       199      2169      2425      2197      2426         1
       200      2196      2427      2428      2179         1
       201      2169      2427      2196      2425         1
       202      2171      2429      2430      2170         1
       203      2179      2428      2429      2171         1
       204      2197      2425      2158      2156         1
       205      2160      2196      2179      2161         1
       206      2425      2196      2160      2158         1
       207      2161      2179      2171      2167         1
       208      2167      2171      2170      2168         1
       209      6489      2679      2678      6488         1
       210      6484      6485      2694      2693         1
       211      6486      2676      2694      6485         1
       212      6486      6487      2677      2676         1
       213      6487      6488      2678      2677         1
       214      2704      2676      2677      2701         1
       215      2701      2677      2678      2696         1
       216      2696      2678      2679      2697         1
       217      2708      2693      2694      2706         1
       218      2706      2694      2676      2704         1
       219      2708      2706      2705      2707         1
       220      2697      2698      2699      2696         1
       221      2706      2704      2703      2705         1
       222      2701      2696      2699      2700         1
       223      2704      2701      2700      2703         1
       224      2572      2705      2703      2574         1
       225      2572      2573      2707      2705         1
       226      2574      2703      2700      2575         1
       227      2575      2700      2699      2576         1
       228      2587      2586      2588      2589         1
       229      6349      6351      2585      2586         1
       230      6350      6349      2586      2587         1
       231      6351      6352      2578      2585         1
       232      6352      6353      2577      2578         1
       233      2578      2577      2579      2580         1
       234      2578      2580      2584      2585         1
       235      2585      2584      2588      2586         1
       236      2580      2579      2581      2582         1
       237      2580      2582      2583      2584         1
       238      2589      2588      2590      2591         1
       239      2583      2590      2588      2584         1
       240      2591      2590      2592      2593         1
       241      6099      6098      3473      3470         2
       242      6118      3519      3520      6121         2
       243      6069      6110      3531      3530         2
       244      6117      3557      3519      6118         2
       245      6094      6069      3530      3624         2
       246      6117      6112      3645      3557         2
       247      6116      6115      3654      3653         2
       248      6096      6094      3624      3660         2
       249      6114      6113      3668      3666         2
       250      6112      6116      3653      3645         2
       251      6113      6111      3725      3668         2
       252      6115      6114      3666      3654         2
       253      6111      6099      3470      3725         2
       254      6097      6096      3660      3735         2
       255      6098      6097      3735      3473         2
       256      3530      3808      3809      3624         2
       257      3668      3812      3813      3666         2
       258      3473      3884      3885      3470         2
       259      3910      3911      3520      3519         2
       260      3735      3918      3884      3473         2
       261      3624      3809      3925      3660         2
       262      3531      4010      3808      3530         2
       263      3666      3813      4059      3654         2
       264      3653      4061      4062      3645         2
       265      3654      4059      4061      3653         2
       266      4078      3910      3519      3557         2
       267      3645      4062      4078      3557         2
       268      3725      4080      3812      3668         2
       269      3660      3925      3918      3735         2
       270      3470      3885      4080      3725         2
       271      6106      3427      3428      6104         2
       272      3035      3468      3469      3028         2
       273      6093      3505      3506      6091         2
       274      3021      3555      3556      3008         2
       275      6104      3428      3612      6105         2
       276      3635      6084      6082      3597         2
       277      3636      3644      6086      6085         2
       278      6105      3612      3505      6093         2
       279      6091      3506      3677      6101         2
       280      6088      3710      3711      6081         2
       281      6089      6081      3711      3708         2
       282      6087      6092      3714      3712         2
       283      6110      6100      3716      3531         2
       284      6082      6089      3708      3597         2
       285      3028      3469      3555      3021         2
       286      6101      3677      3736      6095         2
       287      3714      6092      6083      3740         2
       288      6083      6086      3644      3740         2
       289      6095      3736      3716      6100         2
       290      3008      3556      3746      6090         2
       291      6087      3712      3427      6106         2
       292      3708      3757      3758      3597         2
       293      3791      3792      3555      3469         2
       294      3711      3862      3757      3708         2
       295      3861      3862      3711      3710         2
       296      3886      3887      3612      3428         2
       297      3963      3886      3428      3427         2
       298      3972      3973      3506      3505         2
       299      3985      3986      3716      3736         2
       300      3998      3999      3746      3556         2
       301      3716      3986      4010      3531         2
       302      4047      3644      3636      4046         2
       303      3887      3972      3505      3612         2
       304      3973      4064      3677      3506         2
       305      3635      3597      3758      4069         2
       306      4064      3985      3736      3677         2
       307      3714      3891      4075      3712         2
       308      4077      3791      3469      3468         2
       309      4075      3963      3427      3712         2
       310      3792      3998      3556      3555         2
       311      3644      4047      4084      3740         2
       312      3714      3740      4084      3891         2
       313      3445      3446      6072      6109         2
       314      3483      3484      6127      6126         2
       315      3527      3528      6077      6076         2
       316      3538      3052      3047      3537         2
       317      3605      3416      6075      6074         2
       318      6123      3608      3609      6122         2
       319      6122      3609      3615      6124         2
       320      3656      3657      6027      6028         2
       321      3659      6120      6119      3420         2
       322      3659      3608      6123      6120         2
       323      3662      3605      6074      6073         2
       324      6073      6072      3446      3662         2
       325      6125      3685      3686      6103         2
       326      3484      3684      6128      6127         2
       327      3697      3445      6109      6108         2
       328      3703      3704      6067      6068         2
       329      3520      3420      6119      6121         2
       330      3706      3697      6108      6107         2
       331      3727      3036      6080      3726         2
       332      3730      3706      6107      6102         2
       333      3704      3656      6028      6067         2
       334      6078      3741      3637      6079         2
       335      3528      3741      6078      6077         2
       336      3742      3042      3036      3727         2
       337      3615      3483      6126      6124         2
       338      6068      6103      3686      3703         2
       339      6102      6027      3657      3730         2
       340      3416      3527      6076      6075         2
       341      3537      3047      3042      3742         2
       342      3768      3657      3656      3767         2
       343      3821      3446      3445      3820         2
       344      3836      3741      3528      3835         2
       345      3836      3837      3637      3741         2
       346      3867      3868      3609      3608         2
       347      3868      3874      3615      3609         2
       348      3767      3656      3704      3903         2
       349      3835      3528      3527      3941         2
       350      3947      3420      3520      3911         2
       351      3537      3742      3955      3952         2
       352      3446      3821      3976      3662         2
       353      3981      3706      3730      3980         2
       354      3538      3537      3952      3990         2
       355      3941      3527      3416      3993         2
       356      3903      3704      3703      4025         2
       357      4030      3697      3706      3981         2
       358      3727      3726      4038      4037         2
       359      4044      3484      3483      4043         2
       360      3820      3445      3697      4030         2
       361      3657      3768      3980      3730         2
       362      3993      3416      3605      4071         2
       363      4049      3684      3484      4044         2
       364      4071      3605      3662      3976         2
       365      3867      3608      3659      4079         2
       366      3659      3420      3947      4079         2
       367      3742      3727      4037      3955         2
       368      4082      4083      3686      3685         2
       369      3686      4083      4025      3703         2
       370      4043      3483      3615      3874         2
       371       492       302       489       493         3
       372       498       489       302       434         3
       373       485       498       487       305         3
       374       486       487       498       434         3
       375       330      6281      6289       503         3
       376       503      6289      6288       482         3
       377       503       309       311       330         3
       378       482       315       309       503         3
       379        40       309       315        52         3
       380        51       311       309        40         3
       381      6454        88       480      6456         3
       382      6457        89        88      6454         3
       383       480       477       304       462         3
       384        88       102       477       480         3
       385        89       100       102        88         3
       386       477       461       446       304         3
       387       102       123       461       477         3
       388       100       124       123       102         3
       389       389       446       461       360         3
       390       123       194       360       461         3
       391       124       195       194       123         3
       392       424       413       411       396         3
       393       331        38       177       404         3
       394       334       271       273       336         3
       395       272       271       334       335         3
       396       335       334       336       337         3
       397       271       272       274       273         3
       398       394       392       393       395         3
       399       447       451       450       445         3
       400       442       447       445       441         3
       401       394       424       396       392         3
       402      2835      2838      4774      4772         3
       403      4772      4774      4775      4773         3
       404      4773      4775       137       333         3
       405        38       331       333       137         3
       406      6270       410       419      6269         3
       407       414       401       405       415         3
       408       405       445       450       415         3
       409       401       402       406       405         3
       410       406       441       445       405         3
       411       133       432       431       136         3
       412       136       431       408       135         3
       413       408       404       177       135         3
       414       432       438       437       431         3
       415       438       442       441       437         3
       416       307       275       292       332         3
       417       291       275       307       331         3
       418       331       307       332       333         3
       419       275       291       293       292         3
       420       407       408       431       437         3
       421       407       403       404       408         3
       422       406       407       437       441         3
       423       406       402       403       407         3
       424       388      6286      6282       387         3
       425      6269       419       387      6282         3
       426       451        35        36       450         3
       427        35       378       388        36         3
       428       415       450        36       417         3
       429       388       387       417        36         3
       430       412       376       416       418         3
       431       416       415       417       418         3
       432       376       414       415       416         3
       433       387       412       418       417         3
       434       421       420       411       413         3
       435       422       421       413       409         3
       436       420       419       410       411         3
       437       421       376       412       420         3
       438       422       414       376       421         3
       439       387       419       420       412         3
       440      6286       388       378       269         3
       441       422       272       401       414         3
       442       272       335       402       401         3
       443       335       291       403       402         3
       444       291       331       404       403         3
       445       274       409      4797      4837         3
       446      4837      4797      4796      4836         3
       447      4836      4796      2820      2837         3
       448       409       274       272       422         3
       449      2834      2836      4838      4834         3
       450      4834      4838      4839      4835         3
       451      4835      4839       293       337         3
       452       291       335       337       293         3
       453       292      4843      4841       332         3
       454      4843      4842      4840      4841         3
       455      4840      4772      4773      4841         3
       456      4841      4773       333       332         3
       457       292       293      4839      4843         3
       458      4843      4839      4838      4842         3
       459       273      4846      4844       336         3
       460      4846      4847      4845      4844         3
       461       337       336      4844      4835         3
       462      4835      4844      4845      4834         3
       463      4836      4847      4846      4837         3
       464      4837      4846       273       274         3
       465       208       178       210       209         3
       466       210       200       207       209         3
       467       178       180       200       210         3
       468       206       208       209       207         3
       469      6473       219       231      6470         3
       470      6471      6470       231       251         3
       471       259       256       254       184         3
       472       255       185       184       254         3
       473       207       200       189       198         3
       474       200       180       236       189         3
       475       206       207       198       197         3
       476       239       192       187       240         3
       477       240       187       188       224         3
       478       192       239       225       191         3
       479      6468      6471       251       252         3
       480       193       198       189       268         3
       481       268       189       236       267         3
       482       198       193       196       197         3
       483       219       220       232       231         3
       484       232       247       251       231         3
       485       187       192       193       268         3
       486       192       191       196       193         3
       487       188       187       268       267         3
       488       244       248       247       243         3
       489       248       252       251       247         3
       490       150       138       140       152         3
       491       139       138       150       151         3
       492       151       150       152       153         3
       493       138       139       141       140         3
       494       228       230       229       227         3
       495       228       239       240       230         3
       496       230       240       224       229         3
       497       239       228       227       225         3
       498       232       233       243       247         3
       499       232       220       221       233         3
       500       221       222       234       233         3
       501       234       261       243       233         3
       502       234       227       256       261         3
       503       234       222       225       227         3
       504       227       229       254       256         3
       505       229       224       255       254         3
       506       256       259       262       261         3
       507       262       244       243       261         3
       508       146       142       144       148         3
       509       143       142       146       147         3
       510       147       146       148       149         3
       511       142       143       145       144         3
       512       108       224       188       106         3
       513       224       108       110       255         3
       514       112       185       255       110         3
       515        96        97       180       178         3
       516       104       267       236        99         3
       517       236       180        97        99         3
       518       106       188       267       104         3
       519      2853      2856      4884      4893         3
       520      4893      4884      4885      4892         3
       521      4892      4885       196       149         3
       522       149       196       191       147         3
       523       144      4896      4894       148         3
       524      4896      4897      4895      4894         3
       525       149       148      4894      4892         3
       526      4892      4894      4895      4893         3
       527      4899      4897      4896      4898         3
       528      4898      4896       144       145         3
       529       145       153      4902      4898         3
       530      4898      4902      4903      4899         3
       531      4899      4903      2852      2854         3
       532       143       151       153       145         3
       533       140      4912      4910       152         3
       534      4912      4913      4911      4910         3
       535       153       152      4910      4902         3
       536      4902      4910      4911      4903         3
       537      4908      4913      4912      4909         3
       538      4909      4912       140       141         3
       539      6543      2855      4908      6562         3
       540      6562      4908      4909      6563         3
       541      6563      4909       141      6472         3
       542      6472       141       139      6453         3
       543       219      6473      6453       139         3
       544       139       151       220       219         3
       545       221       220       151       143         3
       546       143       147       222       221         3
       547       147       191       225       222         3
       548      6261      6260        95        98         3
       549      6261        98       103      6262         3
       550      6263      6262       103       105         3
       551       107      6264      6263       105         3
       552      6265      6264       107       109         3
       553      6265       109       111      6266         3
       554       113      6267      6266       111         3
       555        98        95       122       121         3
       556       105       103       119       118         3
       557       121       119       103        98         3
       558       118       117       107       105         3
       559       109       107       117       116         3
       560       111       109       116       115         3
       561       115       114       113       111         3
       562       122        90        91       121         3
       563       130        92       118       119         3
       564       121        91       130       119         3
       565        93        94       116       117         3
       566       118        92        93       117         3
       567        94       120       115       116         3
       568        67       130        91        65         3
       569        67        68        92       130         3
       570        69        70        94        93         3
       571        69        93        92        68         3
       572        94        70        63       120         3
       573        64        65        91        90         3
       574      6460        54        56      6461         3
       575        60      6464      6463        57         3
       576      6459        55        54      6460         3
       577      6461        56        58      6462         3
       578      6462        58        57      6463         3
       579        60        61      6458      6464         3
       580        57        58        73        76         3
       581        43        60        57        76         3
       582        54        55        62        74         3
       583        58        56        39        73         3
       584        56        54        74        39         3
       585        43        75        61        60         3
       586        77        74        62        87         3
       587        39        74        77        78         3
       588        76        73        41        42         3
       589        73        39        78        41         3
       590        44        43        76        42         3
       591        43        44        79        75         3
       592        44        85        59        79         3
       593        85        44        42        86         3
       594        84        77        87        82         3
       595        81        41        78        83         3
       596        83        78        77        84         3
       597        86        42        41        81         3
       598        86        47        48        85         3
       599        86        81        46        47         3
       600        81        83        34        46         3
       601        83        84        33        34         3
       602        84        82        45        33         3
       603      6254        22        23      6256         3
       604      6256        23        13      6257         3
       605      6257        13        14      6258         3
       606        21        20      6253      6255         3
       607      6253        20        22      6254         3
       608        11        22        20        24         3
       609        21        25        24        20         3
       610        22        11         9        23         3
       611        13         6         7        14         3
       612        23         9         6        13         3
       613        18        24        25        19         3
       614        11        12        10         9         3
       615        11        24        18        12         3
       616         6         2         8         7         3
       617         9        10         2         6         3
       618        18        19        31        32         3
       619        12        30        26        10         3
       620        12        18        32        30         3
       621        10        26        28         2         3
       622         2        28        27         8         3
       623       329      6447      6448       322         3
       624      6452      6451       318       319         3
       625       324      6450      6452       319         3
       626      6446      6450       324       325         3
       627      6448      6446       325       322         3
       628       324       328       326       325         3
       629       325       326       323       322         3
       630       322       323       320       329         3
       631       318       283       313       319         3
       632       319       313       328       324         3
       633       284       286       313       283         3
       634       286       285       328       313         3
       635       285       278       326       328         3
       636       278       277       323       326         3
       637       323       277       321       320         3
       638       280       285       286       281         3
       639       286       284       282       281         3
       640       279       278       285       280         3
       641       276       277       278       279         3
       642       506      6272      6273       507         3
       643       507      6273      6274       508         3
       644       509      6275      6276       510         3
       645       508      6274      6275       509         3
       646       494       509       510       495         3
       647       494       314       508       509         3
       648       314       505       507       508         3
       649       294       506       507       505         3
       650       523       496       505       314         3
       651       497       294       505       496         3
       652       519       522       521       520         3
       653       494       522       523       314         3
       654       522       494       495       521         3
       655      5923      1406      1407      5915         4
       656      5922      5907      1427      1424         4
       657      5917      1532      1533      5919         4
       658      5957      1605      1606      5960         4
       659      5877      1629      1630      1294         4
       660      5922      1424      1406      5923         4
       661      5962      1649      1629      5877         4
       662      5915      1407      1532      5917         4
       663      5906      1681      1682      5952         4
       664      5955      1701      1605      5957         4
       665      5960      1606      1649      5962         4
       666      5952      1682      1701      5955         4
       667      5907      1241      1727      1427         4
       668      1241      1305      1667      1727         4
       669      5919      1533      1681      5906         4
       670      1727      1748      1749      1427         4
       671      1801      1802      1533      1532         4
       672      1817      1801      1532      1407         4
       673      1833      1834      1649      1606         4
       674      1943      1944      1701      1682         4
       675      1667      1948      1748      1727         4
       676      1990      1991      1630      1629         4
       677      2024      1817      1407      1406         4
       678      1834      1990      1629      1649         4
       679      2060      1833      1606      1605         4
       680      1802      2065      1681      1533         4
       681      2067      2024      1406      1424         4
       682      2065      1943      1682      1681         4
       683      1427      1749      2067      1424         4
       684      1944      2060      1605      1701         4
       685      5907      5908      5894      1241         4
       686      5924      5945      5877      1294         4
       687      1241      5894      5895      1305         4
       688      1466      1467      1316      1315         4
       689      1377      1504      1505      1375         4
       690      1327      1555      1556      1282         4
       691      1374      1571      1572      1373         4
       692      1396      1385      1585      1584         4
       693      1375      1505      1638      1291         4
       694      1385      1275      1652      1585         4
       695      1294      1630      1571      1374         4
       696      1275      1274      1684      1652         4
       697      1225      1696      1697      1222         4
       698      1223      1222      1697      1683         4
       699      1399      1396      1584      1698         4
       700      1465      1314      1368      1451         4
       701      1316      1467      1696      1225         4
       702      1282      1556      1722      1270         4
       703      1373      1572      1504      1377         4
       704      1270      1722      1658      1133         4
       705      1289      1731      1555      1327         4
       706      1390      1733      1451      1368         4
       707      1658      1733      1390      1133         4
       708      1291      1638      1731      1289         4
       709      1758      1759      1638      1505         4
       710      1784      1785      1556      1555         4
       711      1697      1806      1807      1683         4
       712      1805      1806      1697      1696         4
       713      1838      1805      1696      1467         4
       714      1805      1838      1837      1804         4
       715      1840      1841      1658      1722         4
       716      1684      1946      1947      1652         4
       717      1652      1947      1980      1585         4
       718      1465      1451      1987      1984         4
       719      2008      1784      1555      1731         4
       720      2013      1733      1658      1841         4
       721      2013      1987      1451      1733         4
       722      2051      1758      1505      1504         4
       723      1759      2008      1731      1638         4
       724      1585      1980      2057      1584         4
       725      2058      2051      1504      1572         4
       726      1991      2059      1571      1630         4
       727      2059      2058      1572      1571         4
       728      1838      1467      1466      2073         4
       729      1785      1840      1722      1556         4
       730      1584      2057      2075      1698         4
       731      5977      5936      1270      1133         4
       732      5936      5943      1282      1270         4
       733      5882      5975      1291      1289         4
       734      5982      1315      1316      5988         4
       735      5937      5882      1289      1327         4
       736      1368      1314      5983      5979         4
       737      5959      5947      1374      1373         4
       738      5967      5935      1377      1375         4
       739      5977      1133      1390      5986         4
       740      5979      5986      1390      1368         4
       741      5947      5924      1294      1374         4
       742      5935      5959      1373      1377         4
       743      5975      5967      1375      1291         4
       744      5943      5937      1327      1282         4
       745      1413      1198      1128      1412         4
       746      1447      1448      1192      1191         4
       747      1458      1459      1200      1199         4
       748      1487      1292      1296      1486         4
       749      1515      1234      1233      1514         4
       750      1486      1296      1344      1516         4
       751      1343      1197      1521      1520         4
       752      1594      1127      1395      1593         4
       753      1624      1389      1388      1623         4
       754      1641      1361      1279      1640         4
       755      1198      1413      1521      1197         4
       756      1640      1279      1234      1515         4
       757      1516      1344      1398      1664         4
       758      1398      1262      1665      1664         4
       759      1667      1305      1304      1663         4
       760      1362      1672      1593      1395         4
       761      1672      1362      1361      1641         4
       762      1389      1624      1514      1233         4
       763      1392      1720      1721      1185         4
       764      1185      1721      1725      1184         4
       765      1412      1128      1127      1594         4
       766      1392      1359      1726      1720         4
       767      1448      1732      1263      1192         4
       768      1663      1304      1353      1734         4
       769      1353      1184      1725      1734         4
       770      1459      1447      1191      1200         4
       771      1359      1248      1736      1726         4
       772      1248      1247      1503      1736         4
       773      1623      1388      1292      1487         4
       774      1487      1486      1772      1769         4
       775      1844      1845      1725      1721         4
       776      1623      1487      1769      1856         4
       777      1868      1447      1459      1867         4
       778      1871      1448      1447      1868         4
       779      1641      1640      1920      1918         4
       780      1930      1732      1448      1871         4
       781      1940      1941      1521      1413         4
       782      1956      1844      1721      1720         4
       783      1726      1968      1956      1720         4
       784      1736      1973      1968      1726         4
       785      1974      1975      1593      1672         4
       786      1867      1459      1458      1977         4
       787      1503      1935      1973      1736         4
       788      1665      1899      1989      1664         4
       789      1516      1664      1989      1988         4
       790      1486      1516      1988      1772         4
       791      1900      1771      1772      1988         4
       792      1667      1663      2005      1948         4
       793      1412      1594      2016      2015         4
       794      1725      1845      2017      1734         4
       795      1663      1734      2017      2005         4
       796      1515      1514      2021      2019         4
       797      1413      1412      2015      1940         4
       798      1594      1593      1975      2016         4
       799      1521      1941      2047      1520         4
       800      1640      1515      2019      1920         4
       801      1672      1641      1918      1974         4
       802      2071      2021      1514      1624         4
       803      1624      1623      1856      2071         4
       804      1127      1128      5869      5870         4
       805      5898      5886      1185      1184         4
       806       928      1191      1192       919         4
       807      5879      5871      1198      1197         4
       808       948      1199      1200       938         4
       809      1233      1234      5927      5926         4
       810      1248      5891      5884      1247         4
       811       919      1192      1263      6001         4
       812       938      1200      1191       928         4
       813      1234      1279      5940      5927         4
       814      1296      1292      5985      5984         4
       815      1304      1305      5895      5896         4
       816      1343      5893      5879      1197         4
       817      1344      1296      5984      6003         4
       818      1353      5897      5898      1184         4
       819      1353      1304      5896      5897         4
       820      1359      5890      5891      1248         4
       821      1361      1362      5942      5939         4
       822      1388      1389      5991      5932         4
       823      1279      1361      5939      5940         4
       824      1392      5885      5890      1359         4
       825      5875      5942      1362      1395         4
       826      1128      1198      5871      5869         4
       827      5886      5885      1392      1185         4
       828      1292      1388      5932      5985         4
       829      1395      1127      5870      5875         4
       830      1398      6002      6000      1262         4
       831      1398      1344      6003      6002         4
       832      5926      5991      1389      1233         4
 end elements
