         1                75        76        70        71         1
         2                76        77        69        70         1
         3                77        65        66        69         1
         4                54        55        76        75         1
         5                55        56        77        76         1
         6                56        57        65        77         1
         7                20        78        74        19         1
         8                78        79        73        74         1
         9                79        80        72        73         1
        10                80        75        71        72         1
        11                21        51        78        20         1
        12                51        52        79        78         1
        13                52        53        80        79         1
        14                53        54        75        80         1
        15                67        81        69        66         1
        16                81        82        70        69         1
        17                82        83        71        70         1
        18                83        84        72        71         1
        19                84        85        73        72         1
        20                85        86        74        73         1
        21                86        18        19        74         1
        22                87        88        11        12         1
        23                88        89        10        11         1
        24                89        68         9        10         1
        25                83        82        88        87         1
        26                82        81        89        88         1
        27                81        67        68        89         1
        28                17        90        15        16         1
        29                90        91        14        15         1
        30                91        92        13        14         1
        31                92        87        12        13         1
        32                18        86        90        17         1
        33                86        85        91        90         1
        34                85        84        92        91         1
        35                84        83        87        92         1
        36               100       101        95        96         1
        37               101       102        94        95         1
        38               102       103        93        94         1
        39               103        47        48        93         1
        40                61        62       101       100         1
        41                62        63       102       101         1
        42                63        64       103       102         1
        43                64        46        47       103         1
        44                65       104        99        66         1
        45               104       105        98        99         1
        46               105       106        97        98         1
        47               106       100        96        97         1
        48                57        58       104        65         1
        49                58        59       105       104         1
        50                59        60       106       105         1
        51                60        61       100       106         1
        52               107       109         4         5         1
        53               109       110         3         4         1
        54               110       111         1         3         1
        55               111        50         2         1         1
        56               108       112       109       107         1
        57               112       113       110       109         1
        58               113       114       111       110         1
        59               114        49        50       111         1
        60                96        95       112       108         1
        61                95        94       113       112         1
        62                94        93       114       113         1
        63                93        48        49       114         1
        64                68       115         8         9         1
        65               115       116         7         8         1
        66               116       117         6         7         1
        67               117       107         5         6         1
        68                67       118       115        68         1
        69               118       119       116       115         1
        70               119       120       117       116         1
        71               120       108       107       117         1
        72                66        99       118        67         1
        73                99        98       119       118         1
        74                98        97       120       119         1
        75                97        96       108       120         1
        76               131       132       126       127         1
        77               132       133       125       126         1
        78               133       121       122       125         1
        79                30        31       132       131         1
        80                31        32       133       132         1
        81                32        33       121       133         1
        82                25       134       130        24         1
        83               134       135       129       130         1
        84               135       136       128       129         1
        85               136       131       127       128         1
        86                26        27       134        25         1
        87                27        28       135       134         1
        88                28        29       136       135         1
        89                29        30       131       136         1
        90               123       137       125       122         1
        91               137       138       126       125         1
        92               138       139       127       126         1
        93               139       140       128       127         1
        94               140       141       129       128         1
        95               141       142       130       129         1
        96               142        23        24       130         1
        97               143       144        55        54         1
        98               144       145        56        55         1
        99               145       124        57        56         1
       100               139       138       144       143         1
       101               138       137       145       144         1
       102               137       123       124       145         1
       103                22       146        51        21         1
       104               146       147        52        51         1
       105               147       148        53        52         1
       106               148       143        54        53         1
       107                23       142       146        22         1
       108               142       141       147       146         1
       109               141       140       148       147         1
       110               140       139       143       148         1
       111               156       157       151       152         1
       112               157       158       150       151         1
       113               158       159       149       150         1
       114               159        42        43       149         1
       115                37        38       157       156         1
       116                38        39       158       157         1
       117                39        40       159       158         1
       118                40        41        42       159         1
       119               121       160       155       122         1
       120               160       161       154       155         1
       121               161       162       153       154         1
       122               162       156       152       153         1
       123                33        34       160       121         1
       124                34        35       161       160         1
       125                35        36       162       161         1
       126                36        37       156       162         1
       127               163       165        62        61         1
       128               165       166        63        62         1
       129               166       167        64        63         1
       130               167        45        46        64         1
       131               164       168       165       163         1
       132               168       169       166       165         1
       133               169       170       167       166         1
       134               170        44        45       167         1
       135               152       151       168       164         1
       136               151       150       169       168         1
       137               150       149       170       169         1
       138               149        43        44       170         1
       139               124       171        58        57         1
       140               171       172        59        58         1
       141               172       173        60        59         1
       142               173       163        61        60         1
       143               123       174       171       124         1
       144               174       175       172       171         1
       145               175       176       173       172         1
       146               176       164       163       173         1
       147               122       155       174       123         1
       148               155       154       175       174         1
       149               154       153       176       175         1
       150               153       152       164       176         1
       151               274       275       260       261         1
       152               275       276       259       260         1
       153               276       177       178       259         1
       154                29        28       275       274         1
       155                28        27       276       275         1
       156                27        26       177       276         1
       157               273       277       264       265         1
       158               277       278       263       264         1
       159               278       279       262       263         1
       160               279       274       261       262         1
       161                33        32       277       273         1
       162                32        31       278       277         1
       163                31        30       279       278         1
       164                30        29       274       279         1
       165               280       281       268       269         1
       166               281       282       267       268         1
       167               282       283       266       267         1
       168               283       273       265       266         1
       169                37        36       281       280         1
       170                36        35       282       281         1
       171                35        34       283       282         1
       172                34        33       273       283         1
       173               230       284       272       229         1
       174               284       285       271       272         1
       175               285       286       270       271         1
       176               286       280       269       270         1
       177                41        40       284       230         1
       178                40        39       285       284         1
       179                39        38       286       285         1
       180                38        37       280       286         1
       181               287       289       250       251         1
       182               289       290       249       250         1
       183               290       291       248       249         1
       184               291       292       247       248         1
       185               292       293       246       247         1
       186               293       294       245       246         1
       187               294       180       181       245         1
       188               295       296       263       262         1
       189               296       297       264       263         1
       190               297       288       265       264         1
       191               291       290       296       295         1
       192               290       289       297       296         1
       193               289       287       288       297         1
       194               179       298       259       178         1
       195               298       299       260       259         1
       196               299       300       261       260         1
       197               300       295       262       261         1
       198               180       294       298       179         1
       199               294       293       299       298         1
       200               293       292       300       299         1
       201               292       291       295       300         1
       202               227       301       258       226         1
       203               301       302       257       258         1
       204               302       303       256       257         1
       205               303       304       255       256         1
       206               304       305       254       255         1
       207               305       306       253       254         1
       208               306       307       252       253         1
       209               307       287       251       252         1
       210               308       309       270       269         1
       211               309       310       271       270         1
       212               310       311       272       271         1
       213               311       228       229       272         1
       214               304       303       309       308         1
       215               303       302       310       309         1
       216               302       301       311       310         1
       217               301       227       228       311         1
       218               288       312       266       265         1
       219               312       313       267       266         1
       220               313       314       268       267         1
       221               314       308       269       268         1
       222               287       307       312       288         1
       223               307       306       313       312         1
       224               306       305       314       313         1
       225               305       304       308       314         1
       226               330       331       316       317         1
       227               331       332       315       316         1
       228               332       182       183       315         1
       229               247       246       331       330         1
       230               246       245       332       331         1
       231               245       181       182       332         1
       232               329       333       320       321         1
       233               333       334       319       320         1
       234               334       335       318       319         1
       235               335       330       317       318         1
       236               251       250       333       329         1
       237               250       249       334       333         1
       238               249       248       335       334         1
       239               248       247       330       335         1
       240               336       337       324       325         1
       241               337       338       323       324         1
       242               338       339       322       323         1
       243               339       329       321       322         1
       244               255       254       337       336         1
       245               254       253       338       337         1
       246               253       252       339       338         1
       247               252       251       329       339         1
       248               225       340       328       224         1
       249               340       341       327       328         1
       250               341       342       326       327         1
       251               342       336       325       326         1
       252               226       258       340       225         1
       253               258       257       341       340         1
       254               257       256       342       341         1
       255               256       255       336       342         1
       256               343       345       236       237         1
       257               345       346       235       236         1
       258               346       347       234       235         1
       259               347       348       233       234         1
       260               348       349       232       233         1
       261               349       350       231       232         1
       262               350       185       186       231         1
       263               351       352       319       318         1
       264               352       353       320       319         1
       265               353       344       321       320         1
       266               347       346       352       351         1
       267               346       345       353       352         1
       268               345       343       344       353         1
       269               184       354       315       183         1
       270               354       355       316       315         1
       271               355       356       317       316         1
       272               356       351       318       317         1
       273               185       350       354       184         1
       274               350       349       355       354         1
       275               349       348       356       355         1
       276               348       347       351       356         1
       277               222       357       244       221         1
       278               357       358       243       244         1
       279               358       359       242       243         1
       280               359       360       241       242         1
       281               360       361       240       241         1
       282               361       362       239       240         1
       283               362       363       238       239         1
       284               363       343       237       238         1
       285               364       365       326       325         1
       286               365       366       327       326         1
       287               366       367       328       327         1
       288               367       223       224       328         1
       289               360       359       365       364         1
       290               359       358       366       365         1
       291               358       357       367       366         1
       292               357       222       223       367         1
       293               344       368       322       321         1
       294               368       369       323       322         1
       295               369       370       324       323         1
       296               370       364       325       324         1
       297               343       363       368       344         1
       298               363       362       369       368         1
       299               362       361       370       369         1
       300               361       360       364       370         1
       301               395       396       390       391         1
       302               396       397       389       390         1
       303               397       385       386       389         1
       304               374       375       396       395         1
       305               375       376       397       396         1
       306               376       377       385       397         1
       307               190       398       394       189         1
       308               398       399       393       394         1
       309               399       400       392       393         1
       310               400       395       391       392         1
       311               191       371       398       190         1
       312               371       372       399       398         1
       313               372       373       400       399         1
       314               373       374       395       400         1
       315               387       401       389       386         1
       316               401       402       390       389         1
       317               402       403       391       390         1
       318               403       404       392       391         1
       319               404       405       393       392         1
       320               405       406       394       393         1
       321               406       188       189       394         1
       322               407       408       235       234         1
       323               408       409       236       235         1
       324               409       388       237       236         1
       325               403       402       408       407         1
       326               402       401       409       408         1
       327               401       387       388       409         1
       328               187       410       231       186         1
       329               410       411       232       231         1
       330               411       412       233       232         1
       331               412       407       234       233         1
       332               188       406       410       187         1
       333               406       405       411       410         1
       334               405       404       412       411         1
       335               404       403       407       412         1
       336               420       421       415       416         1
       337               421       422       414       415         1
       338               422       423       413       414         1
       339               423       217       218       413         1
       340               381       382       421       420         1
       341               382       383       422       421         1
       342               383       384       423       422         1
       343               384       216       217       423         1
       344               385       424       419       386         1
       345               424       425       418       419         1
       346               425       426       417       418         1
       347               426       420       416       417         1
       348               377       378       424       385         1
       349               378       379       425       424         1
       350               379       380       426       425         1
       351               380       381       420       426         1
       352               427       429       242       241         1
       353               429       430       243       242         1
       354               430       431       244       243         1
       355               431       220       221       244         1
       356               428       432       429       427         1
       357               432       433       430       429         1
       358               433       434       431       430         1
       359               434       219       220       431         1
       360               416       415       432       428         1
       361               415       414       433       432         1
       362               414       413       434       433         1
       363               413       218       219       434         1
       364               388       435       238       237         1
       365               435       436       239       238         1
       366               436       437       240       239         1
       367               437       427       241       240         1
       368               387       438       435       388         1
       369               438       439       436       435         1
       370               439       440       437       436         1
       371               440       428       427       437         1
       372               386       419       438       387         1
       373               419       418       439       438         1
       374               418       417       440       439         1
       375               417       416       428       440         1
       376               451       452       446       447         1
       377               452       453       445       446         1
       378               453       441       442       445         1
       379               200       201       452       451         1
       380               201       202       453       452         1
       381               202       203       441       453         1
       382               454       455       448       449         1
       383               455       451       447       448         1
       384               198       199       455       454         1
       385               199       200       451       455         1
       386               195       456       450       194         1
       387               456       454       449       450         1
       388               196       197       456       195         1
       389               197       198       454       456         1
       390               457       459       375       374         1
       391               459       460       376       375         1
       392               460       444       377       376         1
       393               458       461       459       457         1
       394               461       462       460       459         1
       395               462       443       444       460         1
       396               447       446       461       458         1
       397               446       445       462       461         1
       398               445       442       443       462         1
       399               192       463       371       191         1
       400               463       464       372       371         1
       401               464       465       373       372         1
       402               465       457       374       373         1
       403               466       467       450       449         1
       404               467       193       194       450         1
       405               464       463       467       466         1
       406               463       192       193       467         1
       407               458       468       448       447         1
       408               468       466       449       448         1
       409               457       465       468       458         1
       410               465       464       466       468         1
       411               477       478       469       470         1
       412               478       212       213       469         1
       413               209       210       478       477         1
       414               210       211       212       478         1
       415               476       479       471       472         1
       416               479       477       470       471         1
       417               207       208       479       476         1
       418               208       209       477       479         1
       419               480       481       473       474         1
       420               481       476       472       473         1
       421               205       206       481       480         1
       422               206       207       476       481         1
       423               441       482       475       442         1
       424               482       480       474       475         1
       425               203       204       482       441         1
       426               204       205       480       482         1
       427               483       485       382       381         1
       428               485       486       383       382         1
       429               486       487       384       383         1
       430               487       215       216       384         1
       431               484       488       485       483         1
       432               488       489       486       485         1
       433               489       490       487       486         1
       434               490       214       215       487         1
       435               472       471       488       484         1
       436               471       470       489       488         1
       437               470       469       490       489         1
       438               469       213       214       490         1
       439               444       491       378       377         1
       440               491       492       379       378         1
       441               492       493       380       379         1
       442               493       483       381       380         1
       443               494       495       475       474         1
       444               495       443       442       475         1
       445               492       491       495       494         1
       446               491       444       443       495         1
       447               484       496       473       472         1
       448               496       494       474       473         1
       449               483       493       496       484         1
       450               493       492       494       496         1
       451               618       621       622       617         2
       452               617       622       613       614         2
       453               621       606       607       622         2
       454               622       607       608       613         2
       455               619       623       621       618         2
       456               623       605       606       621         2
       457               597       598       624       620         2
       458               620       624       623       619         2
       459               598       599       604       624         2
       460               624       604       605       623         2
       461               582       625       627       581         2
       462               581       627       616       580         2
       463               625       626       628       627         2
       464               627       628       615       616         2
       465               626       618       617       628         2
       466               628       617       614       615         2
       467               585       595       629       584         2
       468               584       629       630       583         2
       469               583       630       625       582         2
       470               620       631       596       597         2
       471               631       629       595       596         2
       472               618       626       632       619         2
       473               619       632       631       620         2
       474               626       625       630       632         2
       475               632       630       629       631         2
       476               634       637       638       633         2
       477               633       638       543       544         2
       478               637       611       612       638         2
       479               638       612       542       543         2
       480               614       613       639       636         2
       481               636       639       640       635         2
       482               635       640       637       634         2
       483               613       608       609       639         2
       484               639       609       610       640         2
       485               640       610       611       637         2
       486               544       545       641       633         2
       487               633       641       642       634         2
       488               634       642       643       635         2
       489               635       643       644       636         2
       490               636       644       615       614         2
       491               577       645       646       576         2
       492               576       646       546       547         2
       493               645       642       641       646         2
       494               646       641       545       546         2
       495               580       616       647       579         2
       496               579       647       648       578         2
       497               578       648       645       577         2
       498               616       615       644       647         2
       499               647       644       643       648         2
       500               648       643       642       645         2
       501               654       657       658       653         2
       502               653       658       649       650         2
       503               657       530       531       658         2
       504               658       531       532       649         2
       505               655       659       657       654         2
       506               659       529       530       657         2
       507               602       603       660       656         2
       508               656       660       659       655         2
       509               603       527       528       660         2
       510               660       528       529       659         2
       511               606       661       663       607         2
       512               607       663       652       608         2
       513               661       662       664       663         2
       514               663       664       651       652         2
       515               662       654       653       664         2
       516               664       653       650       651         2
       517               599       600       665       604         2
       518               604       665       666       605         2
       519               605       666       661       606         2
       520               656       667       601       602         2
       521               667       665       600       601         2
       522               654       662       668       655         2
       523               655       668       667       656         2
       524               662       661       666       668         2
       525               668       666       665       667         2
       526               670       673       674       669         2
       527               669       674       538       539         2
       528               673       535       536       674         2
       529               674       536       537       538         2
       530               650       649       675       672         2
       531               672       675       676       671         2
       532               671       676       673       670         2
       533               649       532       533       675         2
       534               675       533       534       676         2
       535               676       534       535       673         2
       536               539       540       677       669         2
       537               669       677       678       670         2
       538               670       678       679       671         2
       539               671       679       680       672         2
       540               672       680       651       650         2
       541               611       681       682       612         2
       542               612       682       541       542         2
       543               681       678       677       682         2
       544               682       677       540       541         2
       545               608       652       683       609         2
       546               609       683       684       610         2
       547               610       684       681       611         2
       548               652       651       680       683         2
       549               683       680       679       684         2
       550               684       679       678       681         2
       551               702       703       698       699         2
       552               703       685       686       698         2
       553               510       511       703       702         2
       554               511       512       685       703         2
       555               699       700       704       702         2
       556               702       704       509       510         2
       557               594       705       701       593         2
       558               705       704       700       701         2
       559               507       508       705       594         2
       560               508       509       704       705         2
       561               706       708       694       695         2
       562               708       688       689       694         2
       563               707       709       708       706         2
       564               709       687       688       708         2
       565               699       698       709       707         2
       566               698       686       687       709         2
       567               591       710       697       590         2
       568               710       711       696       697         2
       569               711       706       695       696         2
       570               593       701       712       592         2
       571               592       712       710       591         2
       572               707       713       700       699         2
       573               713       712       701       700         2
       574               706       711       713       707         2
       575               711       710       712       713         2
       576               715       718       719       714         2
       577               714       719       598       597         2
       578               718       692       693       719         2
       579               719       693       599       598         2
       580               716       720       718       715         2
       581               720       691       692       718         2
       582               695       694       721       717         2
       583               717       721       720       716         2
       584               694       689       690       721         2
       585               721       690       691       720         2
       586               587       722       724       586         2
       587               586       724       595       585         2
       588               722       723       725       724         2
       589               724       725       596       595         2
       590               723       715       714       725         2
       591               725       714       597       596         2
       592               590       697       726       589         2
       593               589       726       727       588         2
       594               588       727       722       587         2
       595               717       728       696       695         2
       596               728       726       697       696         2
       597               715       723       729       716         2
       598               716       729       728       717         2
       599               723       722       727       729         2
       600               729       727       726       728         2
       601               738       739       734       735         2
       602               739       518       519       734         2
       603               515       516       739       738         2
       604               516       517       518       739         2
       605               735       736       740       738         2
       606               738       740       514       515         2
       607               685       741       737       686         2
       608               741       740       736       737         2
       609               512       513       741       685         2
       610               513       514       740       741         2
       611               742       744       730       731         2
       612               744       521       522       730         2
       613               743       745       744       742         2
       614               745       520       521       744         2
       615               735       734       745       743         2
       616               734       519       520       745         2
       617               688       746       733       689         2
       618               746       747       732       733         2
       619               747       742       731       732         2
       620               686       737       748       687         2
       621               687       748       746       688         2
       622               743       749       736       735         2
       623               749       748       737       736         2
       624               742       747       749       743         2
       625               747       746       748       749         2
       626               751       754       755       750         2
       627               750       755       603       602         2
       628               754       525       526       755         2
       629               755       526       527       603         2
       630               752       756       754       751         2
       631               756       524       525       754         2
       632               731       730       757       753         2
       633               753       757       756       752         2
       634               730       522       523       757         2
       635               757       523       524       756         2
       636               692       758       760       693         2
       637               693       760       600       599         2
       638               758       759       761       760         2
       639               760       761       601       600         2
       640               759       751       750       761         2
       641               761       750       602       601         2
       642               689       733       762       690         2
       643               690       762       763       691         2
       644               691       763       758       692         2
       645               753       764       732       731         2
       646               764       762       733       732         2
       647               751       759       765       752         2
       648               752       765       764       753         2
       649               759       758       763       765         2
       650               765       763       762       764         2
       651               789       792       793       788         2
       652               788       793       784       785         2
       653               792       777       778       793         2
       654               793       778       779       784         2
       655               790       794       792       789         2
       656               794       776       777       792         2
       657               768       769       795       791         2
       658               791       795       794       790         2
       659               769       770       775       795         2
       660               795       775       776       794         2
       661               563       796       798       562         2
       662               562       798       787       561         2
       663               796       797       799       798         2
       664               798       799       786       787         2
       665               797       789       788       799         2
       666               799       788       785       786         2
       667               566       766       800       565         2
       668               565       800       801       564         2
       669               564       801       796       563         2
       670               791       802       767       768         2
       671               802       800       766       767         2
       672               789       797       803       790         2
       673               790       803       802       791         2
       674               797       796       801       803         2
       675               803       801       800       802         2
       676               805       808       809       804         2
       677               804       809       553       554         2
       678               808       782       783       809         2
       679               809       783       552       553         2
       680               785       784       810       807         2
       681               807       810       811       806         2
       682               806       811       808       805         2
       683               784       779       780       810         2
       684               810       780       781       811         2
       685               811       781       782       808         2
       686               554       555       812       804         2
       687               804       812       813       805         2
       688               805       813       814       806         2
       689               806       814       815       807         2
       690               807       815       786       785         2
       691               558       816       817       557         2
       692               557       817       556       196         2
       693               816       813       812       817         2
       694               817       812       555       556         2
       695               561       787       818       560         2
       696               560       818       819       559         2
       697               559       819       816       558         2
       698               787       786       815       818         2
       699               818       815       814       819         2
       700               819       814       813       816         2
       701               825       828       829       824         2
       702               824       829       820       821         2
       703               828       582       581       829         2
       704               829       581       580       820         2
       705               826       830       828       825         2
       706               830       583       582       828         2
       707               773       774       831       827         2
       708               827       831       830       826         2
       709               774       585       584       831         2
       710               831       584       583       830         2
       711               777       832       834       778         2
       712               778       834       823       779         2
       713               832       833       835       834         2
       714               834       835       822       823         2
       715               833       825       824       835         2
       716               835       824       821       822         2
       717               770       771       836       775         2
       718               775       836       837       776         2
       719               776       837       832       777         2
       720               827       838       772       773         2
       721               838       836       771       772         2
       722               825       833       839       826         2
       723               826       839       838       827         2
       724               833       832       837       839         2
       725               839       837       836       838         2
       726               841       844       845       840         2
       727               840       845       548       549         2
       728               844       577       576       845         2
       729               845       576       547       548         2
       730               821       820       846       843         2
       731               843       846       847       842         2
       732               842       847       844       841         2
       733               820       580       579       846         2
       734               846       579       578       847         2
       735               847       578       577       844         2
       736               549       550       848       840         2
       737               840       848       849       841         2
       738               841       849       850       842         2
       739               842       850       851       843         2
       740               843       851       822       821         2
       741               782       852       853       783         2
       742               783       853       551       552         2
       743               852       849       848       853         2
       744               853       848       550       551         2
       745               779       823       854       780         2
       746               780       854       855       781         2
       747               781       855       852       782         2
       748               823       822       851       854         2
       749               854       851       850       855         2
       750               855       850       849       852         2
       751               873       874       869       870         2
       752               874       856       857       869         2
       753               500       501       874       873         2
       754               501       502       856       874         2
       755               870       871       875       873         2
       756               873       875       499       500         2
       757               575       876       872       574         2
       758               876       875       871       872         2
       759               497       498       876       575         2
       760               498       499       875       876         2
       761               877       879       865       866         2
       762               879       859       860       865         2
       763               878       880       879       877         2
       764               880       858       859       879         2
       765               870       869       880       878         2
       766               869       857       858       880         2
       767               572       881       868       571         2
       768               881       882       867       868         2
       769               882       877       866       867         2
       770               574       872       883       573         2
       771               573       883       881       572         2
       772               878       884       871       870         2
       773               884       883       872       871         2
       774               877       882       884       878         2
       775               882       881       883       884         2
       776               886       889       890       885         2
       777               885       890       769       768         2
       778               889       863       864       890         2
       779               890       864       770       769         2
       780               887       891       889       886         2
       781               891       862       863       889         2
       782               866       865       892       888         2
       783               888       892       891       887         2
       784               865       860       861       892         2
       785               892       861       862       891         2
       786               568       893       895       567         2
       787               567       895       766       566         2
       788               893       894       896       895         2
       789               895       896       767       766         2
       790               894       886       885       896         2
       791               896       885       768       767         2
       792               571       868       897       570         2
       793               570       897       898       569         2
       794               569       898       893       568         2
       795               888       899       867       866         2
       796               899       897       868       867         2
       797               886       894       900       887         2
       798               887       900       899       888         2
       799               894       893       898       900         2
       800               900       898       897       899         2
       801               909       910       905       906         2
       802               910       594       593       905         2
       803               505       506       910       909         2
       804               506       507       594       910         2
       805               906       907       911       909         2
       806               909       911       504       505         2
       807               856       912       908       857         2
       808               912       911       907       908         2
       809               502       503       912       856         2
       810               503       504       911       912         2
       811               913       915       901       902         2
       812               915       591       590       901         2
       813               914       916       915       913         2
       814               916       592       591       915         2
       815               906       905       916       914         2
       816               905       593       592       916         2
       817               859       917       904       860         2
       818               917       918       903       904         2
       819               918       913       902       903         2
       820               857       908       919       858         2
       821               858       919       917       859         2
       822               914       920       907       906         2
       823               920       919       908       907         2
       824               913       918       920       914         2
       825               918       917       919       920         2
       826               922       925       926       921         2
       827               921       926       774       773         2
       828               925       587       586       926         2
       829               926       586       585       774         2
       830               923       927       925       922         2
       831               927       588       587       925         2
       832               902       901       928       924         2
       833               924       928       927       923         2
       834               901       590       589       928         2
       835               928       589       588       927         2
       836               863       929       931       864         2
       837               864       931       771       770         2
       838               929       930       932       931         2
       839               931       932       772       771         2
       840               930       922       921       932         2
       841               932       921       773       772         2
       842               860       904       933       861         2
       843               861       933       934       862         2
       844               862       934       929       863         2
       845               924       935       903       902         2
       846               935       933       904       903         2
       847               922       930       936       923         2
       848               923       936       935       924         2
       849               930       929       934       936         2
       850               936       934       933       935         2
       851              1005      1009      1010      1004         2
       852              1004      1010      1011      1003         2
       853              1003      1011       999      1000         2
       854              1009       988       989      1010         2
       855              1010       989       990      1011         2
       856              1011       990       991       999         2
       857               954       955      1012      1008         2
       858              1008      1012      1013      1007         2
       859              1007      1013      1014      1006         2
       860              1006      1014      1009      1005         2
       861               955       956       985      1012         2
       862              1012       985       986      1013         2
       863              1013       986       987      1014         2
       864              1014       987       988      1009         2
       865              1000      1001      1015      1003         2
       866              1003      1015      1016      1004         2
       867              1004      1016      1017      1005         2
       868              1005      1017      1018      1006         2
       869              1006      1018      1019      1007         2
       870              1007      1019      1020      1008         2
       871              1008      1020       953       954         2
       872               947      1021      1022       946         2
       873               946      1022      1023       945         2
       874               945      1023      1002       944         2
       875              1021      1017      1016      1022         2
       876              1022      1016      1015      1023         2
       877              1023      1015      1001      1002         2
       878               951       952      1024       950         2
       879               950      1024      1025       949         2
       880               949      1025      1026       948         2
       881               948      1026      1021       947         2
       882               952       953      1020      1024         2
       883              1024      1020      1019      1025         2
       884              1025      1019      1018      1026         2
       885              1026      1018      1017      1021         2
       886              1030      1034      1035      1029         2
       887              1029      1035      1036      1028         2
       888              1028      1036      1037      1027         2
       889              1027      1037       541       540         2
       890              1034       995       996      1035         2
       891              1035       996       997      1036         2
       892              1036       997       998      1037         2
       893              1037       998       542       541         2
       894              1000       999      1038      1033         2
       895              1033      1038      1039      1032         2
       896              1032      1039      1040      1031         2
       897              1031      1040      1034      1030         2
       898               999       991       992      1038         2
       899              1038       992       993      1039         2
       900              1039       993       994      1040         2
       901              1040       994       995      1034         2
       902               940      1041      1043       939         2
       903               939      1043      1044       938         2
       904               938      1044      1045       937         2
       905               937      1045       538       537         2
       906              1041      1042      1046      1043         2
       907              1043      1046      1047      1044         2
       908              1044      1047      1048      1045         2
       909              1045      1048       539       538         2
       910              1042      1030      1029      1046         2
       911              1046      1029      1028      1047         2
       912              1047      1028      1027      1048         2
       913              1048      1027       540       539         2
       914               944      1002      1049       943         2
       915               943      1049      1050       942         2
       916               942      1050      1051       941         2
       917               941      1051      1041       940         2
       918              1002      1001      1052      1049         2
       919              1049      1052      1053      1050         2
       920              1050      1053      1054      1051         2
       921              1051      1054      1042      1041         2
       922              1001      1000      1033      1052         2
       923              1052      1033      1032      1053         2
       924              1053      1032      1031      1054         2
       925              1054      1031      1030      1042         2
       926              1061      1065      1066      1060         2
       927              1060      1066      1067      1059         2
       928              1059      1067      1055      1056         2
       929              1065       974       975      1066         2
       930              1066       975       976      1067         2
       931              1067       976       977      1055         2
       932               959       960      1068      1064         2
       933              1064      1068      1069      1063         2
       934              1063      1069      1070      1062         2
       935              1062      1070      1065      1061         2
       936               960       961       971      1068         2
       937              1068       971       972      1069         2
       938              1069       972       973      1070         2
       939              1070       973       974      1065         2
       940              1056      1057      1071      1059         2
       941              1059      1071      1072      1060         2
       942              1060      1072      1073      1061         2
       943              1061      1073      1074      1062         2
       944              1062      1074      1075      1063         2
       945              1063      1075      1076      1064         2
       946              1064      1076       958       959         2
       947               988      1077      1078       989         2
       948               989      1078      1079       990         2
       949               990      1079      1058       991         2
       950              1077      1073      1072      1078         2
       951              1078      1072      1071      1079         2
       952              1079      1071      1057      1058         2
       953               956       957      1080       985         2
       954               985      1080      1081       986         2
       955               986      1081      1082       987         2
       956               987      1082      1077       988         2
       957               957       958      1076      1080         2
       958              1080      1076      1075      1081         2
       959              1081      1075      1074      1082         2
       960              1082      1074      1073      1077         2
       961              1086      1090      1091      1085         2
       962              1085      1091      1092      1084         2
       963              1084      1092      1093      1083         2
       964              1083      1093       546       545         2
       965              1090       981       982      1091         2
       966              1091       982       983      1092         2
       967              1092       983       984      1093         2
       968              1093       984       547       546         2
       969              1056      1055      1094      1089         2
       970              1089      1094      1095      1088         2
       971              1088      1095      1096      1087         2
       972              1087      1096      1090      1086         2
       973              1055       977       978      1094         2
       974              1094       978       979      1095         2
       975              1095       979       980      1096         2
       976              1096       980       981      1090         2
       977               995      1097      1099       996         2
       978               996      1099      1100       997         2
       979               997      1100      1101       998         2
       980               998      1101       543       542         2
       981              1097      1098      1102      1099         2
       982              1099      1102      1103      1100         2
       983              1100      1103      1104      1101         2
       984              1101      1104       544       543         2
       985              1098      1086      1085      1102         2
       986              1102      1085      1084      1103         2
       987              1103      1084      1083      1104         2
       988              1104      1083       545       544         2
       989               991      1058      1105       992         2
       990               992      1105      1106       993         2
       991               993      1106      1107       994         2
       992               994      1107      1097       995         2
       993              1058      1057      1108      1105         2
       994              1105      1108      1109      1106         2
       995              1106      1109      1110      1107         2
       996              1107      1110      1098      1097         2
       997              1057      1056      1089      1108         2
       998              1108      1089      1088      1109         2
       999              1109      1088      1087      1110         2
      1000              1110      1087      1086      1098         2
      1001              1131      1135      1136      1130         2
      1002              1130      1136      1137      1129         2
      1003              1129      1137      1125      1126         2
      1004              1135      1114      1115      1136         2
      1005              1136      1115      1116      1137         2
      1006              1137      1116      1117      1125         2
      1007               964       965      1138      1134         2
      1008              1134      1138      1139      1133         2
      1009              1133      1139      1140      1132         2
      1010              1132      1140      1135      1131         2
      1011               965       966      1111      1138         2
      1012              1138      1111      1112      1139         2
      1013              1139      1112      1113      1140         2
      1014              1140      1113      1114      1135         2
      1015              1126      1127      1141      1129         2
      1016              1129      1141      1142      1130         2
      1017              1130      1142      1143      1131         2
      1018              1131      1143      1144      1132         2
      1019              1132      1144      1145      1133         2
      1020              1133      1145      1146      1134         2
      1021              1134      1146       963       964         2
      1022               974      1147      1148       975         2
      1023               975      1148      1149       976         2
      1024               976      1149      1128       977         2
      1025              1147      1143      1142      1148         2
      1026              1148      1142      1141      1149         2
      1027              1149      1141      1127      1128         2
      1028               961       962      1150       971         2
      1029               971      1150      1151       972         2
      1030               972      1151      1152       973         2
      1031               973      1152      1147       974         2
      1032               962       963      1146      1150         2
      1033              1150      1146      1145      1151         2
      1034              1151      1145      1144      1152         2
      1035              1152      1144      1143      1147         2
      1036              1156      1160      1161      1155         2
      1037              1155      1161      1162      1154         2
      1038              1154      1162      1163      1153         2
      1039              1153      1163       551       550         2
      1040              1160      1121      1122      1161         2
      1041              1161      1122      1123      1162         2
      1042              1162      1123      1124      1163         2
      1043              1163      1124       552       551         2
      1044              1126      1125      1164      1159         2
      1045              1159      1164      1165      1158         2
      1046              1158      1165      1166      1157         2
      1047              1157      1166      1160      1156         2
      1048              1125      1117      1118      1164         2
      1049              1164      1118      1119      1165         2
      1050              1165      1119      1120      1166         2
      1051              1166      1120      1121      1160         2
      1052               981      1167      1169       982         2
      1053               982      1169      1170       983         2
      1054               983      1170      1171       984         2
      1055               984      1171       548       547         2
      1056              1167      1168      1172      1169         2
      1057              1169      1172      1173      1170         2
      1058              1170      1173      1174      1171         2
      1059              1171      1174       549       548         2
      1060              1168      1156      1155      1172         2
      1061              1172      1155      1154      1173         2
      1062              1173      1154      1153      1174         2
      1063              1174      1153       550       549         2
      1064               977      1128      1175       978         2
      1065               978      1175      1176       979         2
      1066               979      1176      1177       980         2
      1067               980      1177      1167       981         2
      1068              1128      1127      1178      1175         2
      1069              1175      1178      1179      1176         2
      1070              1176      1179      1180      1177         2
      1071              1177      1180      1168      1167         2
      1072              1127      1126      1159      1178         2
      1073              1178      1159      1158      1179         2
      1074              1179      1158      1157      1180         2
      1075              1180      1157      1156      1168         2
      1076              1187      1191      1192      1186         2
      1077              1186      1192      1193      1185         2
      1078              1185      1193      1181      1182         2
      1079              1191       207       206      1192         2
      1080              1192       206       205      1193         2
      1081              1193       205       204      1181         2
      1082               969       970      1194      1190         2
      1083              1190      1194      1195      1189         2
      1084              1189      1195      1196      1188         2
      1085              1188      1196      1191      1187         2
      1086               970       211       210      1194         2
      1087              1194       210       209      1195         2
      1088              1195       209       208      1196         2
      1089              1196       208       207      1191         2
      1090              1182      1183      1197      1185         2
      1091              1185      1197      1198      1186         2
      1092              1186      1198      1199      1187         2
      1093              1187      1199      1200      1188         2
      1094              1188      1200      1201      1189         2
      1095              1189      1201      1202      1190         2
      1096              1190      1202       968       969         2
      1097              1114      1203      1204      1115         2
      1098              1115      1204      1205      1116         2
      1099              1116      1205      1184      1117         2
      1100              1203      1199      1198      1204         2
      1101              1204      1198      1197      1205         2
      1102              1205      1197      1183      1184         2
      1103               966       967      1206      1111         2
      1104              1111      1206      1207      1112         2
      1105              1112      1207      1208      1113         2
      1106              1113      1208      1203      1114         2
      1107               967       968      1202      1206         2
      1108              1206      1202      1201      1207         2
      1109              1207      1201      1200      1208         2
      1110              1208      1200      1199      1203         2
      1111              1212      1216      1217      1211         2
      1112              1211      1217      1218      1210         2
      1113              1210      1218      1219      1209         2
      1114              1209      1219       556       555         2
      1115              1216       200       199      1217         2
      1116              1217       199       198      1218         2
      1117              1218       198       197      1219         2
      1118              1219       197       196       556         2
      1119              1182      1181      1220      1215         2
      1120              1215      1220      1221      1214         2
      1121              1214      1221      1222      1213         2
      1122              1213      1222      1216      1212         2
      1123              1181       204       203      1220         2
      1124              1220       203       202      1221         2
      1125              1221       202       201      1222         2
      1126              1222       201       200      1216         2
      1127              1121      1223      1225      1122         2
      1128              1122      1225      1226      1123         2
      1129              1123      1226      1227      1124         2
      1130              1124      1227       553       552         2
      1131              1223      1224      1228      1225         2
      1132              1225      1228      1229      1226         2
      1133              1226      1229      1230      1227         2
      1134              1227      1230       554       553         2
      1135              1224      1212      1211      1228         2
      1136              1228      1211      1210      1229         2
      1137              1229      1210      1209      1230         2
      1138              1230      1209       555       554         2
      1139              1117      1184      1231      1118         2
      1140              1118      1231      1232      1119         2
      1141              1119      1232      1233      1120         2
      1142              1120      1233      1223      1121         2
      1143              1184      1183      1234      1231         2
      1144              1231      1234      1235      1232         2
      1145              1232      1235      1236      1233         2
      1146              1233      1236      1224      1223         2
      1147              1183      1182      1215      1234         2
      1148              1234      1215      1214      1235         2
      1149              1235      1214      1213      1236         2
      1150              1236      1213      1212      1224         2
      1151              1338      1341      1342      1337         2
      1152              1337      1342      1333      1334         2
      1153              1341      1326      1327      1342         2
      1154              1342      1327      1328      1333         2
      1155              1339      1343      1341      1338         2
      1156              1343      1325      1326      1341         2
      1157              1317      1318      1344      1340         2
      1158              1340      1344      1343      1339         2
      1159              1318      1319      1324      1344         2
      1160              1344      1324      1325      1343         2
      1161              1302      1345      1347      1301         2
      1162              1301      1347      1336      1300         2
      1163              1345      1346      1348      1347         2
      1164              1347      1348      1335      1336         2
      1165              1346      1338      1337      1348         2
      1166              1348      1337      1334      1335         2
      1167              1305      1315      1349      1304         2
      1168              1304      1349      1350      1303         2
      1169              1303      1350      1345      1302         2
      1170              1340      1351      1316      1317         2
      1171              1351      1349      1315      1316         2
      1172              1338      1346      1352      1339         2
      1173              1339      1352      1351      1340         2
      1174              1346      1345      1350      1352         2
      1175              1352      1350      1349      1351         2
      1176              1357      1358      1353      1354         2
      1177              1358      1329      1330      1353         2
      1178              1334      1333      1358      1357         2
      1179              1333      1328      1329      1358         2
      1180              1354      1355      1359      1357         2
      1181              1357      1359      1335      1334         2
      1182              1299      1360      1356      1298         2
      1183              1360      1359      1355      1356         2
      1184              1300      1336      1360      1299         2
      1185              1336      1335      1359      1360         2
      1186              1361      1363      1262      1263         2
      1187              1363      1332      1261      1262         2
      1188              1362      1364      1363      1361         2
      1189              1364      1331      1332      1363         2
      1190              1354      1353      1364      1362         2
      1191              1353      1330      1331      1364         2
      1192              1296      1365      1265      1266         2
      1193              1365      1366      1264      1265         2
      1194              1366      1361      1263      1264         2
      1195              1298      1356      1367      1297         2
      1196              1297      1367      1365      1296         2
      1197              1362      1368      1355      1354         2
      1198              1368      1367      1356      1355         2
      1199              1361      1366      1368      1362         2
      1200              1366      1365      1367      1368         2
      1201              1374      1377      1378      1373         2
      1202              1373      1378      1369      1370         2
      1203              1377      1249      1250      1378         2
      1204              1378      1250      1251      1369         2
      1205              1375      1379      1377      1374         2
      1206              1379      1248      1249      1377         2
      1207              1322      1323      1380      1376         2
      1208              1376      1380      1379      1375         2
      1209              1323      1246      1247      1380         2
      1210              1380      1247      1248      1379         2
      1211              1326      1381      1383      1327         2
      1212              1327      1383      1372      1328         2
      1213              1381      1382      1384      1383         2
      1214              1383      1384      1371      1372         2
      1215              1382      1374      1373      1384         2
      1216              1384      1373      1370      1371         2
      1217              1319      1320      1385      1324         2
      1218              1324      1385      1386      1325         2
      1219              1325      1386      1381      1326         2
      1220              1376      1387      1321      1322         2
      1221              1387      1385      1320      1321         2
      1222              1374      1382      1388      1375         2
      1223              1375      1388      1387      1376         2
      1224              1382      1381      1386      1388         2
      1225              1388      1386      1385      1387         2
      1226              1393      1394      1389      1390         2
      1227              1394      1252      1253      1389         2
      1228              1370      1369      1394      1393         2
      1229              1369      1251      1252      1394         2
      1230              1390      1391      1395      1393         2
      1231              1393      1395      1371      1370         2
      1232              1329      1396      1392      1330         2
      1233              1396      1395      1391      1392         2
      1234              1328      1372      1396      1329         2
      1235              1372      1371      1395      1396         2
      1236              1397      1399      1257      1258         2
      1237              1399      1255      1256      1257         2
      1238              1398      1400      1399      1397         2
      1239              1400      1254      1255      1399         2
      1240              1390      1389      1400      1398         2
      1241              1389      1253      1254      1400         2
      1242              1332      1401      1260      1261         2
      1243              1401      1402      1259      1260         2
      1244              1402      1397      1258      1259         2
      1245              1330      1392      1403      1331         2
      1246              1331      1403      1401      1332         2
      1247              1398      1404      1391      1390         2
      1248              1404      1403      1392      1391         2
      1249              1397      1402      1404      1398         2
      1250              1402      1401      1403      1404         2
      1251              1419      1422      1423      1418         2
      1252              1418      1423      1414      1415         2
      1253              1422      1407      1408      1423         2
      1254              1423      1408      1409      1414         2
      1255               958       957      1424      1421         2
      1256              1421      1424      1425      1420         2
      1257              1420      1425      1422      1419         2
      1258               957       956      1405      1424         2
      1259              1424      1405      1406      1425         2
      1260              1425      1406      1407      1422         2
      1261              1415      1416      1426      1418         2
      1262              1418      1426      1427      1419         2
      1263              1419      1427      1428      1420         2
      1264              1420      1428      1429      1421         2
      1265              1421      1429       959       958         2
      1266              1312      1430      1431      1311         2
      1267              1311      1431      1417      1310         2
      1268              1430      1427      1426      1431         2
      1269              1431      1426      1416      1417         2
      1270               961       960      1432      1314         2
      1271              1314      1432      1433      1313         2
      1272              1313      1433      1430      1312         2
      1273               960       959      1429      1432         2
      1274              1432      1429      1428      1433         2
      1275              1433      1428      1427      1430         2
      1276              1435      1438      1439      1434         2
      1277              1434      1439      1318      1317         2
      1278              1438      1412      1413      1439         2
      1279              1439      1413      1319      1318         2
      1280              1415      1414      1440      1437         2
      1281              1437      1440      1441      1436         2
      1282              1436      1441      1438      1435         2
      1283              1414      1409      1410      1440         2
      1284              1440      1410      1411      1441         2
      1285              1441      1411      1412      1438         2
      1286              1307      1442      1444      1306         2
      1287              1306      1444      1315      1305         2
      1288              1442      1443      1445      1444         2
      1289              1444      1445      1316      1315         2
      1290              1443      1435      1434      1445         2
      1291              1445      1434      1317      1316         2
      1292              1310      1417      1446      1309         2
      1293              1309      1446      1447      1308         2
      1294              1308      1447      1442      1307         2
      1295              1417      1416      1448      1446         2
      1296              1446      1448      1449      1447         2
      1297              1447      1449      1443      1442         2
      1298              1416      1415      1437      1448         2
      1299              1448      1437      1436      1449         2
      1300              1449      1436      1435      1443         2
      1301              1455      1458      1459      1454         2
      1302              1454      1459      1450      1451         2
      1303              1458      1239      1240      1459         2
      1304              1459      1240      1241      1450         2
      1305               953       952      1460      1457         2
      1306              1457      1460      1461      1456         2
      1307              1456      1461      1458      1455         2
      1308               952       951      1237      1460         2
      1309              1460      1237      1238      1461         2
      1310              1461      1238      1239      1458         2
      1311              1451      1452      1462      1454         2
      1312              1454      1462      1463      1455         2
      1313              1455      1463      1464      1456         2
      1314              1456      1464      1465      1457         2
      1315              1457      1465       954       953         2
      1316              1407      1466      1467      1408         2
      1317              1408      1467      1453      1409         2
      1318              1466      1463      1462      1467         2
      1319              1467      1462      1452      1453         2
      1320               956       955      1468      1405         2
      1321              1405      1468      1469      1406         2
      1322              1406      1469      1466      1407         2
      1323               955       954      1465      1468         2
      1324              1468      1465      1464      1469         2
      1325              1469      1464      1463      1466         2
      1326              1471      1474      1475      1470         2
      1327              1470      1475      1323      1322         2
      1328              1474      1244      1245      1475         2
      1329              1475      1245      1246      1323         2
      1330              1451      1450      1476      1473         2
      1331              1473      1476      1477      1472         2
      1332              1472      1477      1474      1471         2
      1333              1450      1241      1242      1476         2
      1334              1476      1242      1243      1477         2
      1335              1477      1243      1244      1474         2
      1336              1412      1478      1480      1413         2
      1337              1413      1480      1320      1319         2
      1338              1478      1479      1481      1480         2
      1339              1480      1481      1321      1320         2
      1340              1479      1471      1470      1481         2
      1341              1481      1470      1322      1321         2
      1342              1409      1453      1482      1410         2
      1343              1410      1482      1483      1411         2
      1344              1411      1483      1478      1412         2
      1345              1453      1452      1484      1482         2
      1346              1482      1484      1485      1483         2
      1347              1483      1485      1479      1478         2
      1348              1452      1451      1473      1484         2
      1349              1484      1473      1472      1485         2
      1350              1485      1472      1471      1479         2
      1351              1509      1512      1513      1508         2
      1352              1508      1513      1504      1505         2
      1353              1512      1497      1498      1513         2
      1354              1513      1498      1499      1504         2
      1355              1510      1514      1512      1509         2
      1356              1514      1496      1497      1512         2
      1357              1488      1489      1515      1511         2
      1358              1511      1515      1514      1510         2
      1359              1489      1490      1495      1515         2
      1360              1515      1495      1496      1514         2
      1361              1283      1516      1518      1282         2
      1362              1282      1518      1507      1281         2
      1363              1516      1517      1519      1518         2
      1364              1518      1519      1506      1507         2
      1365              1517      1509      1508      1519         2
      1366              1519      1508      1505      1506         2
      1367              1286      1486      1520      1285         2
      1368              1285      1520      1521      1284         2
      1369              1284      1521      1516      1283         2
      1370              1511      1522      1487      1488         2
      1371              1522      1520      1486      1487         2
      1372              1509      1517      1523      1510         2
      1373              1510      1523      1522      1511         2
      1374              1517      1516      1521      1523         2
      1375              1523      1521      1520      1522         2
      1376              1528      1529      1524      1525         2
      1377              1529      1500      1501      1524         2
      1378              1505      1504      1529      1528         2
      1379              1504      1499      1500      1529         2
      1380              1525      1526      1530      1528         2
      1381              1528      1530      1506      1505         2
      1382              1280      1531      1527      1279         2
      1383              1531      1530      1526      1527         2
      1384              1281      1507      1531      1280         2
      1385              1507      1506      1530      1531         2
      1386              1532      1534      1272      1273         2
      1387              1534      1503      1271      1272         2
      1388              1533      1535      1534      1532         2
      1389              1535      1502      1503      1534         2
      1390              1525      1524      1535      1533         2
      1391              1524      1501      1502      1535         2
      1392              1277      1536      1275      1276         2
      1393              1536      1537      1274      1275         2
      1394              1537      1532      1273      1274         2
      1395              1279      1527      1538      1278         2
      1396              1278      1538      1536      1277         2
      1397              1533      1539      1526      1525         2
      1398              1539      1538      1527      1526         2
      1399              1532      1537      1539      1533         2
      1400              1537      1536      1538      1539         2
      1401              1545      1548      1549      1544         2
      1402              1544      1549      1540      1541         2
      1403              1548      1302      1301      1549         2
      1404              1549      1301      1300      1540         2
      1405              1546      1550      1548      1545         2
      1406              1550      1303      1302      1548         2
      1407              1493      1494      1551      1547         2
      1408              1547      1551      1550      1546         2
      1409              1494      1305      1304      1551         2
      1410              1551      1304      1303      1550         2
      1411              1497      1552      1554      1498         2
      1412              1498      1554      1543      1499         2
      1413              1552      1553      1555      1554         2
      1414              1554      1555      1542      1543         2
      1415              1553      1545      1544      1555         2
      1416              1555      1544      1541      1542         2
      1417              1490      1491      1556      1495         2
      1418              1495      1556      1557      1496         2
      1419              1496      1557      1552      1497         2
      1420              1547      1558      1492      1493         2
      1421              1558      1556      1491      1492         2
      1422              1545      1553      1559      1546         2
      1423              1546      1559      1558      1547         2
      1424              1553      1552      1557      1559         2
      1425              1559      1557      1556      1558         2
      1426              1564      1565      1560      1561         2
      1427              1565      1299      1298      1560         2
      1428              1541      1540      1565      1564         2
      1429              1540      1300      1299      1565         2
      1430              1561      1562      1566      1564         2
      1431              1564      1566      1542      1541         2
      1432              1500      1567      1563      1501         2
      1433              1567      1566      1562      1563         2
      1434              1499      1543      1567      1500         2
      1435              1543      1542      1566      1567         2
      1436              1568      1570      1267      1268         2
      1437              1570      1296      1266      1267         2
      1438              1569      1571      1570      1568         2
      1439              1571      1297      1296      1570         2
      1440              1561      1560      1571      1569         2
      1441              1560      1298      1297      1571         2
      1442              1503      1572      1270      1271         2
      1443              1572      1573      1269      1270         2
      1444              1573      1568      1268      1269         2
      1445              1501      1563      1574      1502         2
      1446              1502      1574      1572      1503         2
      1447              1569      1575      1562      1561         2
      1448              1575      1574      1563      1562         2
      1449              1568      1573      1575      1569         2
      1450              1573      1572      1574      1575         2
      1451              1590      1593      1594      1589         2
      1452              1589      1594      1585      1586         2
      1453              1593      1578      1579      1594         2
      1454              1594      1579      1580      1585         2
      1455               968       967      1595      1592         2
      1456              1592      1595      1596      1591         2
      1457              1591      1596      1593      1590         2
      1458               967       966      1576      1595         2
      1459              1595      1576      1577      1596         2
      1460              1596      1577      1578      1593         2
      1461              1586      1587      1597      1589         2
      1462              1589      1597      1598      1590         2
      1463              1590      1598      1599      1591         2
      1464              1591      1599      1600      1592         2
      1465              1592      1600       969       968         2
      1466              1293      1601      1602      1292         2
      1467              1292      1602      1588      1291         2
      1468              1601      1598      1597      1602         2
      1469              1602      1597      1587      1588         2
      1470               211       970      1603      1295         2
      1471              1295      1603      1604      1294         2
      1472              1294      1604      1601      1293         2
      1473               970       969      1600      1603         2
      1474              1603      1600      1599      1604         2
      1475              1604      1599      1598      1601         2
      1476              1606      1609      1610      1605         2
      1477              1605      1610      1489      1488         2
      1478              1609      1583      1584      1610         2
      1479              1610      1584      1490      1489         2
      1480              1586      1585      1611      1608         2
      1481              1608      1611      1612      1607         2
      1482              1607      1612      1609      1606         2
      1483              1585      1580      1581      1611         2
      1484              1611      1581      1582      1612         2
      1485              1612      1582      1583      1609         2
      1486              1288      1613      1615      1287         2
      1487              1287      1615      1486      1286         2
      1488              1613      1614      1616      1615         2
      1489              1615      1616      1487      1486         2
      1490              1614      1606      1605      1616         2
      1491              1616      1605      1488      1487         2
      1492              1291      1588      1617      1290         2
      1493              1290      1617      1618      1289         2
      1494              1289      1618      1613      1288         2
      1495              1588      1587      1619      1617         2
      1496              1617      1619      1620      1618         2
      1497              1618      1620      1614      1613         2
      1498              1587      1586      1608      1619         2
      1499              1619      1608      1607      1620         2
      1500              1620      1607      1606      1614         2
      1501              1626      1629      1630      1625         2
      1502              1625      1630      1621      1622         2
      1503              1629      1312      1311      1630         2
      1504              1630      1311      1310      1621         2
      1505               963       962      1631      1628         2
      1506              1628      1631      1632      1627         2
      1507              1627      1632      1629      1626         2
      1508               962       961      1314      1631         2
      1509              1631      1314      1313      1632         2
      1510              1632      1313      1312      1629         2
      1511              1622      1623      1633      1625         2
      1512              1625      1633      1634      1626         2
      1513              1626      1634      1635      1627         2
      1514              1627      1635      1636      1628         2
      1515              1628      1636       964       963         2
      1516              1578      1637      1638      1579         2
      1517              1579      1638      1624      1580         2
      1518              1637      1634      1633      1638         2
      1519              1638      1633      1623      1624         2
      1520               966       965      1639      1576         2
      1521              1576      1639      1640      1577         2
      1522              1577      1640      1637      1578         2
      1523               965       964      1636      1639         2
      1524              1639      1636      1635      1640         2
      1525              1640      1635      1634      1637         2
      1526              1642      1645      1646      1641         2
      1527              1641      1646      1494      1493         2
      1528              1645      1307      1306      1646         2
      1529              1646      1306      1305      1494         2
      1530              1622      1621      1647      1644         2
      1531              1644      1647      1648      1643         2
      1532              1643      1648      1645      1642         2
      1533              1621      1310      1309      1647         2
      1534              1647      1309      1308      1648         2
      1535              1648      1308      1307      1645         2
      1536              1583      1649      1651      1584         2
      1537              1584      1651      1491      1490         2
      1538              1649      1650      1652      1651         2
      1539              1651      1652      1492      1491         2
      1540              1650      1642      1641      1652         2
      1541              1652      1641      1493      1492         2
      1542              1580      1624      1653      1581         2
      1543              1581      1653      1654      1582         2
      1544              1582      1654      1649      1583         2
      1545              1624      1623      1655      1653         2
      1546              1653      1655      1656      1654         2
      1547              1654      1656      1650      1649         2
      1548              1623      1622      1644      1655         2
      1549              1655      1644      1643      1656         2
      1550              1656      1643      1642      1650         2
      1551              1748      1749      1738      1739         3
      1552              1749      1734      1735      1738         3
      1553              1722      1723      1749      1748         3
      1554              1723      1724      1734      1749         3
      1555              1747      1750      1741      1742         3
      1556              1750      1751      1740      1741         3
      1557              1751      1748      1739      1740         3
      1558              1719      1720      1750      1747         3
      1559              1720      1721      1751      1750         3
      1560              1721      1722      1748      1751         3
      1561              1752      1753      1743      1744         3
      1562              1753      1747      1742      1743         3
      1563              1717      1718      1753      1752         3
      1564              1718      1719      1747      1753         3
      1565               572      1754      1746       573         3
      1566              1754      1755      1745      1746         3
      1567              1755      1752      1744      1745         3
      1568               571      1715      1754       572         3
      1569              1715      1716      1755      1754         3
      1570              1716      1717      1752      1755         3
      1571              1756      1758      1671      1672         3
      1572              1758      1759      1670      1671         3
      1573              1759      1760      1669      1670         3
      1574              1760      1761      1668      1669         3
      1575              1761      1737      1667      1668         3
      1576              1762      1763      1741      1740         3
      1577              1763      1757      1742      1741         3
      1578              1759      1758      1763      1762         3
      1579              1758      1756      1757      1763         3
      1580              1736      1764      1738      1735         3
      1581              1764      1765      1739      1738         3
      1582              1765      1762      1740      1739         3
      1583              1737      1761      1764      1736         3
      1584              1761      1760      1765      1764         3
      1585              1760      1759      1762      1765         3
      1586               575      1766      1676       497         3
      1587              1766      1767      1675      1676         3
      1588              1767      1768      1674      1675         3
      1589              1768      1769      1673      1674         3
      1590              1769      1756      1672      1673         3
      1591              1770      1771      1746      1745         3
      1592              1771       574       573      1746         3
      1593              1767      1766      1771      1770         3
      1594              1766       575       574      1771         3
      1595              1757      1772      1743      1742         3
      1596              1772      1773      1744      1743         3
      1597              1773      1770      1745      1744         3
      1598              1756      1769      1772      1757         3
      1599              1769      1768      1773      1772         3
      1600              1768      1767      1770      1773         3
      1601              1783      1784      1777      1778         3
      1602              1784      1785      1776      1777         3
      1603              1785      1786      1775      1776         3
      1604              1786      1787      1774      1775         3
      1605              1787      1692      1693      1774         3
      1606              1729      1730      1784      1783         3
      1607              1730      1731      1785      1784         3
      1608              1731      1732      1786      1785         3
      1609              1732      1733      1787      1786         3
      1610              1733      1691      1692      1787         3
      1611              1734      1788      1782      1735         3
      1612              1788      1789      1781      1782         3
      1613              1789      1790      1780      1781         3
      1614              1790      1791      1779      1780         3
      1615              1791      1783      1778      1779         3
      1616              1724      1725      1788      1734         3
      1617              1725      1726      1789      1788         3
      1618              1726      1727      1790      1789         3
      1619              1727      1728      1791      1790         3
      1620              1728      1729      1783      1791         3
      1621              1694      1792      1774      1693         3
      1622              1792      1793      1775      1774         3
      1623              1793      1794      1776      1775         3
      1624              1794      1795      1777      1776         3
      1625              1795      1796      1778      1777         3
      1626              1796      1797      1779      1778         3
      1627              1797      1798      1780      1779         3
      1628              1798      1799      1781      1780         3
      1629              1799      1800      1782      1781         3
      1630              1800      1736      1735      1782         3
      1631              1801      1802      1661      1662         3
      1632              1802      1803      1660      1661         3
      1633              1803      1804      1659      1660         3
      1634              1804      1805      1658      1659         3
      1635              1805      1695      1657      1658         3
      1636              1796      1795      1802      1801         3
      1637              1795      1794      1803      1802         3
      1638              1794      1793      1804      1803         3
      1639              1793      1792      1805      1804         3
      1640              1792      1694      1695      1805         3
      1641              1737      1806      1666      1667         3
      1642              1806      1807      1665      1666         3
      1643              1807      1808      1664      1665         3
      1644              1808      1809      1663      1664         3
      1645              1809      1801      1662      1663         3
      1646              1736      1800      1806      1737         3
      1647              1800      1799      1807      1806         3
      1648              1799      1798      1808      1807         3
      1649              1798      1797      1809      1808         3
      1650              1797      1796      1801      1809         3
      1651              1822      1823      1818      1819         3
      1652              1823      1814      1815      1818         3
      1653              1698      1699      1823      1822         3
      1654              1699      1700      1814      1823         3
      1655              1819      1820      1824      1822         3
      1656              1822      1824      1697      1698         3
      1657               567      1825      1821       568         3
      1658              1825      1824      1820      1821         3
      1659               566      1696      1825       567         3
      1660              1696      1697      1824      1825         3
      1661              1826      1828      1718      1717         3
      1662              1828      1817      1719      1718         3
      1663              1827      1829      1828      1826         3
      1664              1829      1816      1817      1828         3
      1665              1819      1818      1829      1827         3
      1666              1818      1815      1816      1829         3
      1667               570      1830      1715       571         3
      1668              1830      1831      1716      1715         3
      1669              1831      1826      1717      1716         3
      1670               569      1832      1830       570         3
      1671              1832      1833      1831      1830         3
      1672              1833      1827      1826      1831         3
      1673               568      1821      1832       569         3
      1674              1821      1820      1833      1832         3
      1675              1820      1819      1827      1833         3
      1676              1838      1839      1834      1835         3
      1677              1839      1810      1811      1834         3
      1678              1703      1704      1839      1838         3
      1679              1704      1705      1810      1839         3
      1680              1814      1840      1837      1815         3
      1681              1840      1841      1836      1837         3
      1682              1841      1838      1835      1836         3
      1683              1700      1701      1840      1814         3
      1684              1701      1702      1841      1840         3
      1685              1702      1703      1838      1841         3
      1686              1812      1842      1834      1811         3
      1687              1842      1843      1835      1834         3
      1688              1843      1844      1836      1835         3
      1689              1844      1845      1837      1836         3
      1690              1845      1816      1815      1837         3
      1691              1846      1847      1723      1722         3
      1692              1847      1813      1724      1723         3
      1693              1843      1842      1847      1846         3
      1694              1842      1812      1813      1847         3
      1695              1817      1848      1720      1719         3
      1696              1848      1849      1721      1720         3
      1697              1849      1846      1722      1721         3
      1698              1816      1845      1848      1817         3
      1699              1845      1844      1849      1848         3
      1700              1844      1843      1846      1849         3
      1701              1859      1860      1853      1854         3
      1702              1860      1861      1852      1853         3
      1703              1861      1862      1851      1852         3
      1704              1862      1863      1850      1851         3
      1705              1863      1687      1688      1850         3
      1706              1710      1711      1860      1859         3
      1707              1711      1712      1861      1860         3
      1708              1712      1713      1862      1861         3
      1709              1713      1714      1863      1862         3
      1710              1714      1686      1687      1863         3
      1711              1864      1865      1855      1856         3
      1712              1865      1859      1854      1855         3
      1713              1708      1709      1865      1864         3
      1714              1709      1710      1859      1865         3
      1715              1810      1866      1858      1811         3
      1716              1866      1867      1857      1858         3
      1717              1867      1864      1856      1857         3
      1718              1705      1706      1866      1810         3
      1719              1706      1707      1867      1866         3
      1720              1707      1708      1864      1867         3
      1721              1868      1870      1730      1729         3
      1722              1870      1871      1731      1730         3
      1723              1871      1872      1732      1731         3
      1724              1872      1873      1733      1732         3
      1725              1873      1690      1691      1733         3
      1726              1869      1874      1870      1868         3
      1727              1874      1875      1871      1870         3
      1728              1875      1876      1872      1871         3
      1729              1876      1877      1873      1872         3
      1730              1877      1689      1690      1873         3
      1731              1854      1853      1874      1869         3
      1732              1853      1852      1875      1874         3
      1733              1852      1851      1876      1875         3
      1734              1851      1850      1877      1876         3
      1735              1850      1688      1689      1877         3
      1736              1813      1878      1725      1724         3
      1737              1878      1879      1726      1725         3
      1738              1879      1880      1727      1726         3
      1739              1880      1881      1728      1727         3
      1740              1881      1868      1729      1728         3
      1741              1812      1882      1878      1813         3
      1742              1882      1883      1879      1878         3
      1743              1883      1884      1880      1879         3
      1744              1884      1885      1881      1880         3
      1745              1885      1869      1868      1881         3
      1746              1811      1858      1882      1812         3
      1747              1858      1857      1883      1882         3
      1748              1857      1856      1884      1883         3
      1749              1856      1855      1885      1884         3
      1750              1855      1854      1869      1885         3
      1751              1912      1913      1908      1909         3
      1752              1913      1904      1905      1908         3
      1753              1897      1898      1913      1912         3
      1754              1898      1899      1904      1913         3
      1755              1909      1910      1914      1912         3
      1756              1912      1914      1896      1897         3
      1757              1889      1915      1911      1888         3
      1758              1915      1914      1910      1911         3
      1759              1890      1895      1915      1889         3
      1760              1895      1896      1914      1915         3
      1761              1916      1918       190       189         3
      1762              1918      1907       191       190         3
      1763              1909      1908      1919      1917         3
      1764              1917      1919      1918      1916         3
      1765              1908      1905      1906      1919         3
      1766              1919      1906      1907      1918         3
      1767              1886      1920       187       186         3
      1768              1920      1921       188       187         3
      1769              1921      1916       189       188         3
      1770              1888      1911      1922      1887         3
      1771              1887      1922      1920      1886         3
      1772              1917      1923      1910      1909         3
      1773              1923      1922      1911      1910         3
      1774              1916      1921      1923      1917         3
      1775              1921      1920      1922      1923         3
      1776              1924      1929      1900      1901         3
      1777              1929      1904      1899      1900         3
      1778              1925      1928      1929      1924         3
      1779              1928      1905      1904      1929         3
      1780              1926      1930      1928      1925         3
      1781              1930      1906      1905      1928         3
      1782               193       192      1931      1927         3
      1783              1927      1931      1930      1926         3
      1784               192       191      1907      1931         3
      1785              1931      1907      1906      1930         3
      1786               559      1932      1934       560         3
      1787               560      1934      1903       561         3
      1788              1932      1933      1935      1934         3
      1789              1934      1935      1902      1903         3
      1790              1933      1925      1924      1935         3
      1791              1935      1924      1901      1902         3
      1792               196       195      1936       557         3
      1793               557      1936      1937       558         3
      1794               558      1937      1932       559         3
      1795              1927      1938       194       193         3
      1796              1938      1936       195       194         3
      1797              1925      1933      1939      1926         3
      1798              1926      1939      1938      1927         3
      1799              1933      1932      1937      1939         3
      1800              1939      1937      1936      1938         3
      1801              1948      1949      1944      1945         3
      1802              1949      1940      1941      1944         3
      1803              1702      1701      1949      1948         3
      1804              1701      1700      1940      1949         3
      1805              1894      1950      1947      1893         3
      1806              1950      1951      1946      1947         3
      1807              1951      1948      1945      1946         3
      1808              1705      1704      1950      1894         3
      1809              1704      1703      1951      1950         3
      1810              1703      1702      1948      1951         3
      1811              1952      1954      1898      1897         3
      1812              1954      1943      1899      1898         3
      1813              1953      1955      1954      1952         3
      1814              1955      1942      1943      1954         3
      1815              1945      1944      1955      1953         3
      1816              1944      1941      1942      1955         3
      1817              1891      1956      1895      1890         3
      1818              1956      1957      1896      1895         3
      1819              1957      1952      1897      1896         3
      1820              1892      1958      1956      1891         3
      1821              1958      1959      1957      1956         3
      1822              1959      1953      1952      1957         3
      1823              1893      1947      1958      1892         3
      1824              1947      1946      1959      1958         3
      1825              1946      1945      1953      1959         3
      1826              1964      1965      1960      1961         3
      1827              1965       565       564      1960         3
      1828              1697      1696      1965      1964         3
      1829              1696       566       565      1965         3
      1830              1961      1962      1966      1964         3
      1831              1964      1966      1698      1697         3
      1832              1940      1967      1963      1941         3
      1833              1967      1966      1962      1963         3
      1834              1700      1699      1967      1940         3
      1835              1699      1698      1966      1967         3
      1836              1968      1970      1903      1902         3
      1837              1970       562       561      1903         3
      1838              1969      1971      1970      1968         3
      1839              1971       563       562      1970         3
      1840              1961      1960      1971      1969         3
      1841              1960       564       563      1971         3
      1842              1943      1972      1900      1899         3
      1843              1972      1973      1901      1900         3
      1844              1973      1968      1902      1901         3
      1845              1941      1963      1974      1942         3
      1846              1942      1974      1972      1943         3
      1847              1969      1975      1962      1961         3
      1848              1975      1974      1963      1962         3
      1849              1968      1973      1975      1969         3
      1850              1973      1972      1974      1975         3
      1851              1993      1994      1989      1990         3
      1852              1994      1985      1986      1989         3
      1853              1978      1979      1994      1993         3
      1854              1979      1980      1985      1994         3
      1855              1680      1995      1992      1679         3
      1856              1995      1996      1991      1992         3
      1857              1996      1993      1990      1991         3
      1858              1681      1976      1995      1680         3
      1859              1976      1977      1996      1995         3
      1860              1977      1978      1993      1996         3
      1861              1987      1997      1989      1986         3
      1862              1997      1998      1990      1989         3
      1863              1998      1999      1991      1990         3
      1864              1999      2000      1992      1991         3
      1865              2000      1678      1679      1992         3
      1866              2001      2002       180       179         3
      1867              2002      1988       181       180         3
      1868              1998      1997      2002      2001         3
      1869              1997      1987      1988      2002         3
      1870              1677      2003       177        26         3
      1871              2003      2004       178       177         3
      1872              2004      2001       179       178         3
      1873              1678      2000      2003      1677         3
      1874              2000      1999      2004      2003         3
      1875              1999      1998      2001      2004         3
      1876              2009      2010      2005      2006         3
      1877              2010      1889      1888      2005         3
      1878              1983      1984      2010      2009         3
      1879              1984      1890      1889      2010         3
      1880              1985      2011      2008      1986         3
      1881              2011      2012      2007      2008         3
      1882              2012      2009      2006      2007         3
      1883              1980      1981      2011      1985         3
      1884              1981      1982      2012      2011         3
      1885              1982      1983      2009      2012         3
      1886              2013      2015       185       184         3
      1887              2015      1886       186       185         3
      1888              2014      2016      2015      2013         3
      1889              2016      1887      1886      2015         3
      1890              2006      2005      2016      2014         3
      1891              2005      1888      1887      2016         3
      1892              1988      2017       182       181         3
      1893              2017      2018       183       182         3
      1894              2018      2013       184       183         3
      1895              1986      2008      2019      1987         3
      1896              1987      2019      2017      1988         3
      1897              2014      2020      2007      2006         3
      1898              2020      2019      2008      2007         3
      1899              2013      2018      2020      2014         3
      1900              2018      2017      2019      2020         3
      1901              2031      2032      2021      2022         3
      1902              2032      1682      1683      2021         3
      1903              1977      1976      2032      2031         3
      1904              1976      1681      1682      2032         3
      1905              2030      2033      2024      2025         3
      1906              2033      2034      2023      2024         3
      1907              2034      2031      2022      2023         3
      1908              1980      1979      2033      2030         3
      1909              1979      1978      2034      2033         3
      1910              1978      1977      2031      2034         3
      1911              2035      2036      2026      2027         3
      1912              2036      2030      2025      2026         3
      1913              1982      1981      2036      2035         3
      1914              1981      1980      2030      2036         3
      1915              1891      2037      2029      1892         3
      1916              2037      2038      2028      2029         3
      1917              2038      2035      2027      2028         3
      1918              1890      1984      2037      1891         3
      1919              1984      1983      2038      2037         3
      1920              1983      1982      2035      2038         3
      1921              2039      2041      1711      1710         3
      1922              2041      2042      1712      1711         3
      1923              2042      2043      1713      1712         3
      1924              2043      2044      1714      1713         3
      1925              2044      1685      1686      1714         3
      1926              2040      2045      2041      2039         3
      1927              2045      2046      2042      2041         3
      1928              2046      2047      2043      2042         3
      1929              2047      2048      2044      2043         3
      1930              2048      1684      1685      2044         3
      1931              2025      2024      2045      2040         3
      1932              2024      2023      2046      2045         3
      1933              2023      2022      2047      2046         3
      1934              2022      2021      2048      2047         3
      1935              2021      1683      1684      2048         3
      1936              1894      2049      1706      1705         3
      1937              2049      2050      1707      1706         3
      1938              2050      2051      1708      1707         3
      1939              2051      2052      1709      1708         3
      1940              2052      2039      1710      1709         3
      1941              2053      2054      2029      2028         3
      1942              2054      1893      1892      2029         3
      1943              2050      2049      2054      2053         3
      1944              2049      1894      1893      2054         3
      1945              2040      2055      2026      2025         3
      1946              2055      2056      2027      2026         3
      1947              2056      2053      2028      2027         3
      1948              2039      2052      2055      2040         3
      1949              2052      2051      2056      2055         3
      1950              2051      2050      2053      2056         3
      1951              1657      1695      2113      2085         3
      1952              2085      2113      2114      2084         3
      1953              2084      2114      2115      2083         3
      1954              2083      2115      2116      2082         3
      1955              2082      2116      2117      2081         3
      1956              2081      2117      2118      2080         3
      1957              2080      2118      2119      2079         3
      1958              2079      2119      2120      2078         3
      1959              2078      2120      2121      2077         3
      1960              2077      2121      2075      2076         3
      1961              1695      1694      2104      2113         3
      1962              2113      2104      2105      2114         3
      1963              2114      2105      2106      2115         3
      1964              2115      2106      2107      2116         3
      1965              2116      2107      2108      2117         3
      1966              2117      2108      2109      2118         3
      1967              2118      2109      2110      2119         3
      1968              2119      2110      2111      2120         3
      1969              2120      2111      2112      2121         3
      1970              2121      2112      2074      2075         3
      1971              1694      1693      2122      2104         3
      1972              2104      2122      2123      2105         3
      1973              2105      2123      2124      2106         3
      1974              2106      2124      2125      2107         3
      1975              2107      2125      2126      2108         3
      1976              2108      2126      2127      2109         3
      1977              2109      2127      2128      2110         3
      1978              2110      2128      2129      2111         3
      1979              2111      2129      2130      2112         3
      1980              2112      2130      2073      2074         3
      1981              1693      1692      2131      2122         3
      1982              2122      2131      2132      2123         3
      1983              2123      2132      2133      2124         3
      1984              2124      2133      2134      2125         3
      1985              2125      2134      2135      2126         3
      1986              2126      2135      2136      2127         3
      1987              2127      2136      2137      2128         3
      1988              2128      2137      2138      2129         3
      1989              2129      2138      2139      2130         3
      1990              2130      2139      2072      2073         3
      1991              1692      1691      2095      2131         3
      1992              2131      2095      2096      2132         3
      1993              2132      2096      2097      2133         3
      1994              2133      2097      2098      2134         3
      1995              2134      2098      2099      2135         3
      1996              2135      2099      2100      2136         3
      1997              2136      2100      2101      2137         3
      1998              2137      2101      2102      2138         3
      1999              2138      2102      2103      2139         3
      2000              2139      2103      2071      2072         3
      2001              1691      1690      2149      2095         3
      2002              2095      2149      2150      2096         3
      2003              2096      2150      2151      2097         3
      2004              2097      2151      2152      2098         3
      2005              2098      2152      2153      2099         3
      2006              2099      2153      2154      2100         3
      2007              2100      2154      2155      2101         3
      2008              2101      2155      2156      2102         3
      2009              2102      2156      2157      2103         3
      2010              2103      2157      2070      2071         3
      2011              1690      1689      2140      2149         3
      2012              2149      2140      2141      2150         3
      2013              2150      2141      2142      2151         3
      2014              2151      2142      2143      2152         3
      2015              2152      2143      2144      2153         3
      2016              2153      2144      2145      2154         3
      2017              2154      2145      2146      2155         3
      2018              2155      2146      2147      2156         3
      2019              2156      2147      2148      2157         3
      2020              2157      2148      2069      2070         3
      2021              1689      1688      2158      2140         3
      2022              2140      2158      2159      2141         3
      2023              2141      2159      2160      2142         3
      2024              2142      2160      2161      2143         3
      2025              2143      2161      2162      2144         3
      2026              2144      2162      2163      2145         3
      2027              2145      2163      2164      2146         3
      2028              2146      2164      2165      2147         3
      2029              2147      2165      2166      2148         3
      2030              2148      2166      2068      2069         3
      2031              1688      1687      2167      2158         3
      2032              2158      2167      2168      2159         3
      2033              2159      2168      2169      2160         3
      2034              2160      2169      2170      2161         3
      2035              2161      2170      2171      2162         3
      2036              2162      2171      2172      2163         3
      2037              2163      2172      2173      2164         3
      2038              2164      2173      2174      2165         3
      2039              2165      2174      2175      2166         3
      2040              2166      2175      2067      2068         3
      2041              1687      1686      2086      2167         3
      2042              2167      2086      2087      2168         3
      2043              2168      2087      2088      2169         3
      2044              2169      2088      2089      2170         3
      2045              2170      2089      2090      2171         3
      2046              2171      2090      2091      2172         3
      2047              2172      2091      2092      2173         3
      2048              2173      2092      2093      2174         3
      2049              2174      2093      2094      2175         3
      2050              2175      2094      2066      2067         3
      2051              2189      2194      2195      2188         3
      2052              2188      2195      2196      2187         3
      2053              2187      2196      2197      2186         3
      2054              2186      2197      2198      2185         3
      2055              2185      2198      1685      1684         3
      2056              2194      2090      2089      2195         3
      2057              2195      2089      2088      2196         3
      2058              2196      2088      2087      2197         3
      2059              2197      2087      2086      2198         3
      2060              2198      2086      1686      1685         3
      2061              2064      2065      2199      2193         3
      2062              2193      2199      2200      2192         3
      2063              2192      2200      2201      2191         3
      2064              2191      2201      2202      2190         3
      2065              2190      2202      2194      2189         3
      2066              2065      2066      2094      2199         3
      2067              2199      2094      2093      2200         3
      2068              2200      2093      2092      2201         3
      2069              2201      2092      2091      2202         3
      2070              2202      2091      2090      2194         3
      2071              1684      1683      2203      2185         3
      2072              2185      2203      2204      2186         3
      2073              2186      2204      2205      2187         3
      2074              2187      2205      2206      2188         3
      2075              2188      2206      2207      2189         3
      2076              2189      2207      2208      2190         3
      2077              2190      2208      2209      2191         3
      2078              2191      2209      2210      2192         3
      2079              2192      2210      2211      2193         3
      2080              2193      2211      2063      2064         3
      2081              2180      2212      2213      2179         3
      2082              2179      2213      2214      2178         3
      2083              2178      2214      2215      2177         3
      2084              2177      2215      2216      2176         3
      2085              2176      2216      1682      1681         3
      2086              2212      2207      2206      2213         3
      2087              2213      2206      2205      2214         3
      2088              2214      2205      2204      2215         3
      2089              2215      2204      2203      2216         3
      2090              2216      2203      1683      1682         3
      2091              2061      2062      2217      2184         3
      2092              2184      2217      2218      2183         3
      2093              2183      2218      2219      2182         3
      2094              2182      2219      2220      2181         3
      2095              2181      2220      2212      2180         3
      2096              2062      2063      2211      2217         3
      2097              2217      2211      2210      2218         3
      2098              2218      2210      2209      2219         3
      2099              2219      2209      2208      2220         3
      2100              2220      2208      2207      2212         3
      2101              2225      2230      2231      2224         3
      2102              2224      2231      2232      2223         3
      2103              2223      2232      2233      2222         3
      2104              2222      2233      2234      2221         3
      2105              2221      2234      1680      1679         3
      2106              2230      2180      2179      2231         3
      2107              2231      2179      2178      2232         3
      2108              2232      2178      2177      2233         3
      2109              2233      2177      2176      2234         3
      2110              2234      2176      1681      1680         3
      2111              2059      2060      2235      2229         3
      2112              2229      2235      2236      2228         3
      2113              2228      2236      2237      2227         3
      2114              2227      2237      2238      2226         3
      2115              2226      2238      2230      2225         3
      2116              2060      2061      2184      2235         3
      2117              2235      2184      2183      2236         3
      2118              2236      2183      2182      2237         3
      2119              2237      2182      2181      2238         3
      2120              2238      2181      2180      2230         3
      2121                21      2239      2241        22         3
      2122                22      2241      2242        23         3
      2123                23      2242      2243        24         3
      2124                24      2243      2244        25         3
      2125                25      2244      1677        26         3
      2126              2239      2240      2245      2241         3
      2127              2241      2245      2246      2242         3
      2128              2242      2246      2247      2243         3
      2129              2243      2247      2248      2244         3
      2130              2244      2248      1678      1677         3
      2131              2240      2225      2224      2245         3
      2132              2245      2224      2223      2246         3
      2133              2246      2223      2222      2247         3
      2134              2247      2222      2221      2248         3
      2135              2248      2221      1679      1678         3
      2136                16      2057      2249        17         3
      2137                17      2249      2250        18         3
      2138                18      2250      2251        19         3
      2139                19      2251      2252        20         3
      2140                20      2252      2239        21         3
      2141              2057      2058      2253      2249         3
      2142              2249      2253      2254      2250         3
      2143              2250      2254      2255      2251         3
      2144              2251      2255      2256      2252         3
      2145              2252      2256      2240      2239         3
      2146              2058      2059      2229      2253         3
      2147              2253      2229      2228      2254         3
      2148              2254      2228      2227      2255         3
      2149              2255      2227      2226      2256         3
      2150              2256      2226      2225      2240         3
