         1      3070      2879      2426      2621         1
         2      3418      3295      2879      3070         1
         3      3647      3576      3295      3418         1
         4      3774      3739      3576      3647         1
         5      3874      3832      3739      3774         1
         6      3885      3882      3832      3874         1
         7      3896      3893      3882      3885         1
         8      3906      3903      3893      3896         1
         9      3917      3914      3903      3906         1
        10      3922      3921      3914      3917         1
        11      2879      2703      2260      2426         1
        12      3295      3163      2703      2879         1
        13      3576      3496      3163      3295         1
        14      3739      3699      3496      3576         1
        15      3832      3813      3699      3739         1
        16      3882      3879      3813      3832         1
        17      3893      3889      3879      3882         1
        18      3903      3898      3889      3893         1
        19      3914      3909      3898      3903         1
        20      3921      3920      3909      3914         1
        21      2703      2545      2115      2260         1
        22      3163      3026      2545      2703         1
        23      3496      3408      3026      3163         1
        24      3699      3651      3408      3496         1
        25      3813      3781      3651      3699         1
        26      3879      3875      3781      3813         1
        27      3889      3886      3875      3879         1
        28      3898      3897      3886      3889         1
        29      3909      3908      3897      3898         1
        30      3920      3919      3908      3909         1
        31      2545      2416      1993      2115         1
        32      3026      2897      2416      2545         1
        33      3408      3324      2897      3026         1
        34      3651      3602      3324      3408         1
        35      3781      3755      3602      3651         1
        36      3875      3851      3755      3781         1
        37      3886      3884      3851      3875         1
        38      3897      3895      3884      3886         1
        39      3908      3907      3895      3897         1
        40      3919      3918      3907      3908         1
        41      2416      2306      1890      1993         1
        42      2897      2779      2306      2416         1
        43      3324      3241      2779      2897         1
        44      3602      3557      3241      3324         1
        45      3755      3736      3557      3602         1
        46      3851      3834      3736      3755         1
        47      3884      3883      3834      3851         1
        48      3895      3894      3883      3884         1
        49      3907      3905      3894      3895         1
        50      3918      3916      3905      3907         1
        51      2306      2220      1810      1890         1
        52      2779      2687      2220      2306         1
        53      3241      3174      2687      2779         1
        54      3557      3515      3174      3241         1
        55      3736      3714      3515      3557         1
        56      3834      3822      3714      3736         1
        57      3883      3881      3822      3834         1
        58      3894      3892      3881      3883         1
        59      3905      3904      3892      3894         1
        60      3916      3915      3904      3905         1
        61      2220      2151      1745      1810         1
        62      2687      2613      2151      2220         1
        63      3174      3113      2613      2687         1
        64      3515      3478      3113      3174         1
        65      3714      3697      3478      3515         1
        66      3822      3816      3697      3714         1
        67      3881      3880      3816      3822         1
        68      3892      3891      3880      3881         1
        69      3904      3902      3891      3892         1
        70      3915      3913      3902      3904         1
        71      2151      2104      1696      1745         1
        72      2613      2562      2104      2151         1
        73      3113      3066      2562      2613         1
        74      3478      3449      3066      3113         1
        75      3697      3682      3449      3478         1
        76      3816      3810      3682      3697         1
        77      3880      3878      3810      3816         1
        78      3891      3890      3878      3880         1
        79      3902      3901      3890      3891         1
        80      3913      3912      3901      3902         1
        81      2104      2074      1664      1696         1
        82      2562      2530      2074      2104         1
        83      3066      3039      2530      2562         1
        84      3449      3433      3039      3066         1
        85      3682      3672      3433      3449         1
        86      3810      3803      3672      3682         1
        87      3878      3877      3803      3810         1
        88      3890      3888      3877      3878         1
        89      3901      3900      3888      3890         1
        90      3912      3911      3900      3901         1
        91      2074      2065      1655      1664         1
        92      2530      2517      2065      2074         1
        93      3039      3029      2517      2530         1
        94      3433      3425      3029      3039         1
        95      3672      3667      3425      3433         1
        96      3803      3799      3667      3672         1
        97      3877      3876      3799      3803         1
        98      3888      3887      3876      3877         1
        99      3900      3899      3887      3888         1
       100      3911      3910      3899      3900         1
       101      2426      2407      2599      2621         1
       102      2260      2242      2407      2426         1
       103      2115      2096      2242      2260         1
       104      1993      1975      2096      2115         1
       105      1890      1872      1975      1993         1
       106      1810      1792      1872      1890         1
       107      1745      1726      1792      1810         1
       108      1696      1677      1726      1745         1
       109      1664      1644      1677      1696         1
       110      1655      1636      1644      1664         1
       111      2407      2389      2583      2599         1
       112      2242      2224      2389      2407         1
       113      2096      2079      2224      2242         1
       114      1975      1957      2079      2096         1
       115      1872      1855      1957      1975         1
       116      1792      1773      1855      1872         1
       117      1726      1707      1773      1792         1
       118      1677      1659      1707      1726         1
       119      1644      1624      1659      1677         1
       120      1636      1615      1624      1644         1
       121      2389      2370      2563      2583         1
       122      2224      2203      2370      2389         1
       123      2079      2060      2203      2224         1
       124      1957      1941      2060      2079         1
       125      1855      1838      1941      1957         1
       126      1773      1755      1838      1855         1
       127      1707      1690      1755      1773         1
       128      1659      1639      1690      1707         1
       129      1624      1605      1639      1659         1
       130      1615      1595      1605      1624         1
       131      2370      2351      2541      2563         1
       132      2203      2186      2351      2370         1
       133      2060      2042      2186      2203         1
       134      1941      1921      2042      2060         1
       135      1838      1823      1921      1941         1
       136      1755      1737      1823      1838         1
       137      1690      1673      1737      1755         1
       138      1639      1619      1673      1690         1
       139      1605      1586      1619      1639         1
       140      1595      1576      1586      1605         1
       141      2351      2334      2521      2541         1
       142      2186      2168      2334      2351         1
       143      2042      2026      2168      2186         1
       144      1921      1904      2026      2042         1
       145      1823      1806      1904      1921         1
       146      1737      1719      1806      1823         1
       147      1673      1652      1719      1737         1
       148      1619      1598      1652      1673         1
       149      1586      1569      1598      1619         1
       150      1576      1559      1569      1586         1
       151      2334      2314      2503      2521         1
       152      2168      2150      2314      2334         1
       153      2026      2010      2150      2168         1
       154      1904      1887      2010      2026         1
       155      1806      1790      1887      1904         1
       156      1719      1704      1790      1806         1
       157      1652      1633      1704      1719         1
       158      1598      1581      1633      1652         1
       159      1569      1549      1581      1598         1
       160      1559      1539      1549      1569         1
       161      2314      2295      2485      2503         1
       162      2150      2135      2295      2314         1
       163      2010      1992      2135      2150         1
       164      1887      1871      1992      2010         1
       165      1790      1770      1871      1887         1
       166      1704      1686      1770      1790         1
       167      1633      1613      1686      1704         1
       168      1581      1561      1613      1633         1
       169      1549      1530      1561      1581         1
       170      1539      1522      1530      1549         1
       171      2295      2281      2465      2485         1
       172      2135      2116      2281      2295         1
       173      1992      1974      2116      2135         1
       174      1871      1854      1974      1992         1
       175      1770      1753      1854      1871         1
       176      1686      1667      1753      1770         1
       177      1613      1593      1667      1686         1
       178      1561      1543      1593      1613         1
       179      1530      1512      1543      1561         1
       180      1522      1504      1512      1530         1
       181      2281      2262      2446      2465         1
       182      2116      2097      2262      2281         1
       183      1974      1958      2097      2116         1
       184      1854      1837      1958      1974         1
       185      1753      1735      1837      1854         1
       186      1667      1648      1735      1753         1
       187      1593      1574      1648      1667         1
       188      1543      1526      1574      1593         1
       189      1512      1492      1526      1543         1
       190      1504      1484      1492      1512         1
       191      2262      2243      2429      2446         1
       192      2097      2081      2243      2262         1
       193      1958      1942      2081      2097         1
       194      1837      1821      1942      1958         1
       195      1735      1716      1821      1837         1
       196      1648      1627      1716      1735         1
       197      1574      1557      1627      1648         1
       198      1526      1508      1557      1574         1
       199      1492      1475      1508      1526         1
       200      1484      1467      1475      1492         1
       201      2243      2226      2411      2429         1
       202      2081      2062      2226      2243         1
       203      1942      1926      2062      2081         1
       204      1821      1805      1926      1942         1
       205      1716      1698      1805      1821         1
       206      1627      1608      1698      1716         1
       207      1557      1538      1608      1627         1
       208      1508      1491      1538      1557         1
       209      1475      1457      1491      1508         1
       210      1467      1449      1457      1475         1
       211      2226      2208      2393      2411         1
       212      2062      2045      2208      2226         1
       213      1926      1908      2045      2062         1
       214      1805      1789      1908      1926         1
       215      1698      1682      1789      1805         1
       216      1608      1589      1682      1698         1
       217      1538      1521      1589      1608         1
       218      1491      1470      1521      1538         1
       219      1457      1440      1470      1491         1
       220      1449      1431      1440      1457         1
       221      2208      2190      2376      2393         1
       222      2045      2030      2190      2208         1
       223      1908      1889      2030      2045         1
       224      1789      1771      1889      1908         1
       225      1682      1665      1771      1789         1
       226      1589      1572      1665      1682         1
       227      1521      1502      1572      1589         1
       228      1470      1453      1502      1521         1
       229      1440      1425      1453      1470         1
       230      1431      1414      1425      1440         1
       231      2190      2173      2356      2376         1
       232      2030      2012      2173      2190         1
       233      1889      1873      2012      2030         1
       234      1771      1754      1873      1889         1
       235      1665      1647      1754      1771         1
       236      1572      1553      1647      1665         1
       237      1502      1483      1553      1572         1
       238      1453      1437      1483      1502         1
       239      1425      1409      1437      1453         1
       240      1414      1396      1409      1425         1
       241      2173      2157      2338      2356         1
       242      2012      1994      2157      2173         1
       243      1873      1856      1994      2012         1
       244      1754      1736      1856      1873         1
       245      1647      1626      1736      1754         1
       246      1553      1536      1626      1647         1
       247      1483      1466      1536      1553         1
       248      1437      1421      1466      1483         1
       249      1409      1392      1421      1437         1
       250      1396      1380      1392      1409         1
       251      2157      2139      2321      2338         1
       252      1994      1977      2139      2157         1
       253      1856      1841      1977      1994         1
       254      1736      1717      1841      1856         1
       255      1626      1607      1717      1736         1
       256      1536      1517      1607      1626         1
       257      1466      1447      1517      1536         1
       258      1421      1403      1447      1466         1
       259      1392      1375      1403      1421         1
       260      1380      1362      1375      1392         1
       261      2139      2123      2302      2321         1
       262      1977      1962      2123      2139         1
       263      1841      1825      1962      1977         1
       264      1717      1702      1825      1841         1
       265      1607      1588      1702      1717         1
       266      1517      1499      1588      1607         1
       267      1447      1429      1499      1517         1
       268      1403      1386      1429      1447         1
       269      1375      1358      1386      1403         1
       270      1362      1346      1358      1375         1
       271      2123      2105      2286      2302         1
       272      1962      1946      2105      2123         1
       273      1825      1809      1946      1962         1
       274      1702      1687      1809      1825         1
       275      1588      1571      1687      1702         1
       276      1499      1480      1571      1588         1
       277      1429      1415      1480      1499         1
       278      1386      1369      1415      1429         1
       279      1358      1341      1369      1386         1
       280      1346      1333      1341      1358         1
       281      2105      2089      2270      2286         1
       282      1946      1930      2089      2105         1
       283      1809      1793      1930      1946         1
       284      1687      1668      1793      1809         1
       285      1571      1554      1668      1687         1
       286      1480      1462      1554      1571         1
       287      1415      1397      1462      1480         1
       288      1369      1353      1397      1415         1
       289      1341      1327      1353      1369         1
       290      1333      1317      1327      1341         1
       291      2089      2071      2252      2270         1
       292      1930      1913      2071      2089         1
       293      1793      1777      1913      1930         1
       294      1668      1650      1777      1793         1
       295      1554      1537      1650      1668         1
       296      1462      1444      1537      1554         1
       297      1397      1382      1444      1462         1
       298      1353      1336      1382      1397         1
       299      1327      1311      1336      1353         1
       300      1317      1303      1311      1327         1
       301      2071      2053      2235      2252         1
       302      1913      1897      2053      2071         1
       303      1777      1760      1897      1913         1
       304      1650      1631      1760      1777         1
       305      1537      1519      1631      1650         1
       306      1444      1428      1519      1537         1
       307      1382      1365      1428      1444         1
       308      1336      1322      1365      1382         1
       309      1311      1297      1322      1336         1
       310      1303      1286      1297      1311         1
       311      2053      2036      2218      2235         1
       312      1897      1878      2036      2053         1
       313      1760      1744      1878      1897         1
       314      1631      1611      1744      1760         1
       315      1519      1500      1611      1631         1
       316      1428      1413      1500      1519         1
       317      1365      1350      1413      1428         1
       318      1322      1306      1350      1365         1
       319      1297      1280      1306      1322         1
       320      1286      1271      1280      1297         1
       321      2036      2020      2200      2218         1
       322      1878      1863      2020      2036         1
       323      1744      1725      1863      1878         1
       324      1611      1592      1725      1744         1
       325      1500      1482      1592      1611         1
       326      1413      1395      1482      1500         1
       327      1350      1335      1395      1413         1
       328      1306      1292      1335      1350         1
       329      1280      1264      1292      1306         1
       330      1271      1253      1264      1280         1
       331      2020      2002      2183      2200         1
       332      1863      1847      2002      2020         1
       333      1725      1708      1847      1863         1
       334      1592      1575      1708      1725         1
       335      1482      1463      1575      1592         1
       336      1395      1379      1463      1482         1
       337      1335      1318      1379      1395         1
       338      1292      1277      1318      1335         1
       339      1264      1250      1277      1292         1
       340      1253      1238      1250      1264         1
       341      2002      1986      2166      2183         1
       342      1847      1831      1986      2002         1
       343      1708      1691      1831      1847         1
       344      1575      1558      1691      1708         1
       345      1463      1448      1558      1575         1
       346      1379      1363      1448      1463         1
       347      1318      1304      1363      1379         1
       348      1277      1262      1304      1318         1
       349      1250      1236      1262      1277         1
       350      1238      1223      1236      1250         1
       351      1986      1971      2149      2166         1
       352      1831      1816      1971      1986         1
       353      1691      1675      1816      1831         1
       354      1558      1540      1675      1691         1
       355      1448      1433      1540      1558         1
       356      1363      1349      1433      1448         1
       357      1304      1290      1349      1363         1
       358      1262      1244      1290      1304         1
       359      1236      1218      1244      1262         1
       360      1223      1208      1218      1236         1
       361      1971      1954      2133      2149         1
       362      1816      1800      1954      1971         1
       363      1675      1657      1800      1816         1
       364      1540      1524      1657      1675         1
       365      1433      1417      1524      1540         1
       366      1349      1334      1417      1433         1
       367      1290      1274      1334      1349         1
       368      1244      1229      1274      1290         1
       369      1218      1202      1229      1244         1
       370      1208      1191      1202      1218         1
       371      1954      1938      2117      2133         1
       372      1800      1783      1938      1954         1
       373      1657      1638      1783      1800         1
       374      1524      1506      1638      1657         1
       375      1417      1399      1506      1524         1
       376      1334      1319      1399      1417         1
       377      1274      1257      1319      1334         1
       378      1229      1215      1257      1274         1
       379      1202      1186      1215      1229         1
       380      1191      1176      1186      1202         1
       381      1938      1920      2099      2117         1
       382      1783      1767      1920      1938         1
       383      1638      1620      1767      1783         1
       384      1506      1490      1620      1638         1
       385      1399      1383      1490      1506         1
       386      1319      1305      1383      1399         1
       387      1257      1241      1305      1319         1
       388      1215      1200      1241      1257         1
       389      1186      1170      1200      1215         1
       390      1176      1159      1170      1186         1
       391      1920      1905      2083      2099         1
       392      1767      1752      1905      1920         1
       393      1620      1600      1752      1767         1
       394      1490      1472      1600      1620         1
       395      1383      1368      1472      1490         1
       396      1305      1291      1368      1383         1
       397      1241      1227      1291      1305         1
       398      1200      1181      1227      1241         1
       399      1170      1154      1181      1200         1
       400      1159      1144      1154      1170         1
       401      1905      1891      2066      2083         1
       402      1752      1734      1891      1905         1
       403      1600      1584      1734      1752         1
       404      1472      1454      1584      1600         1
       405      1368      1351      1454      1472         1
       406      1291      1276      1351      1368         1
       407      1227      1211      1276      1291         1
       408      1181      1165      1211      1227         1
       409      1154      1137      1165      1181         1
       410      1144      1126      1137      1154         1
       411      1891      1874      2050      2066         1
       412      1734      1715      1874      1891         1
       413      1584      1565      1715      1734         1
       414      1454      1438      1565      1584         1
       415      1351      1337      1438      1454         1
       416      1276      1259      1337      1351         1
       417      1211      1195      1259      1276         1
       418      1165      1148      1195      1211         1
       419      1137      1121      1148      1165         1
       420      1126      1112      1121      1137         1
       421      1874      1859      2033      2050         1
       422      1715      1699      1859      1874         1
       423      1565      1547      1699      1715         1
       424      1438      1422      1547      1565         1
       425      1337      1323      1422      1438         1
       426      1259      1242      1323      1337         1
       427      1195      1178      1242      1259         1
       428      1148      1132      1178      1195         1
       429      1121      1105      1132      1148         1
       430      1112      1097      1105      1121         1
       431      1859      1844      2017      2033         1
       432      1699      1685      1844      1859         1
       433      1547      1531      1685      1699         1
       434      1422      1407      1531      1547         1
       435      1323      1308      1407      1422         1
       436      1242      1228      1308      1323         1
       437      1178      1162      1228      1242         1
       438      1132      1115      1162      1178         1
       439      1105      1090      1115      1132         1
       440      1097      1084      1090      1105         1
       441      1844      1829      2001      2017         1
       442      1685      1669      1829      1844         1
       443      1531      1513      1669      1685         1
       444      1407      1390      1513      1531         1
       445      1308      1293      1390      1407         1
       446      1228      1214      1293      1308         1
       447      1162      1146      1214      1228         1
       448      1115      1101      1146      1162         1
       449      1090      1078      1101      1115         1
       450      1084      1070      1078      1090         1
       451      1829      1812      1985      2001         1
       452      1669      1651      1812      1829         1
       453      1513      1497      1651      1669         1
       454      1390      1376      1497      1513         1
       455      1293      1278      1376      1390         1
       456      1214      1198      1278      1293         1
       457      1146      1131      1198      1214         1
       458      1101      1088      1131      1146         1
       459      1078      1065      1088      1101         1
       460      1070      1056      1065      1078         1
       461      1812      1798      1969      1985         1
       462      1651      1634      1798      1812         1
       463      1497      1479      1634      1651         1
       464      1376      1359      1479      1497         1
       465      1278      1263      1359      1376         1
       466      1198      1183      1263      1278         1
       467      1131      1114      1183      1198         1
       468      1088      1074      1114      1131         1
       469      1065      1051      1074      1088         1
       470      1056      1042      1051      1065         1
       471      1798      1781      1955      1969         1
       472      1634      1614      1781      1798         1
       473      1479      1461      1614      1634         1
       474      1359      1343      1461      1479         1
       475      1263      1249      1343      1359         1
       476      1183      1166      1249      1263         1
       477      1114      1100      1166      1183         1
       478      1074      1062      1100      1114         1
       479      1051      1037      1062      1074         1
       480      1042      1028      1037      1051         1
       481      1781      1764      1940      1955         1
       482      1614      1597      1764      1781         1
       483      1461      1446      1597      1614         1
       484      1343      1329      1446      1461         1
       485      1249      1234      1329      1343         1
       486      1166      1149      1234      1249         1
       487      1100      1087      1149      1166         1
       488      1062      1048      1087      1100         1
       489      1037      1023      1048      1062         1
       490      1028      1013      1023      1037         1
       491      1764      1751      1923      1940         1
       492      1597      1579      1751      1764         1
       493      1446      1430      1579      1597         1
       494      1329      1314      1430      1446         1
       495      1234      1217      1314      1329         1
       496      1149      1134      1217      1234         1
       497      1087      1073      1134      1149         1
       498      1048      1035      1073      1087         1
       499      1023      1010      1035      1048         1
       500      1013       999      1010      1023         1
       501      1751      1733      1909      1923         1
       502      1579      1563      1733      1751         1
       503      1430      1418      1563      1579         1
       504      1314      1300      1418      1430         1
       505      1217      1203      1300      1314         1
       506      1134      1117      1203      1217         1
       507      1073      1061      1117      1134         1
       508      1035      1022      1061      1073         1
       509      1010       995      1022      1035         1
       510       999       985       995      1010         1
       511      1733      1714      1894      1909         1
       512      1563      1545      1714      1733         1
       513      1418      1401      1545      1563         1
       514      1300      1285      1401      1418         1
       515      1203      1187      1285      1300         1
       516      1117      1103      1187      1203         1
       517      1061      1047      1103      1117         1
       518      1022      1006      1047      1061         1
       519       995       978      1006      1022         1
       520       985       972       978       995         1
       521      1714      1700      1877      1894         1
       522      1545      1527      1700      1714         1
       523      1401      1385      1527      1545         1
       524      1285      1270      1385      1401         1
       525      1187      1172      1270      1285         1
       526      1103      1089      1172      1187         1
       527      1047      1034      1089      1103         1
       528      1006       989      1034      1047         1
       529       978       965       989      1006         1
       530       972       956       965       978         1
       531      1700      1688      1860      1877         1
       532      1527      1510      1688      1700         1
       533      1385      1370      1510      1527         1
       534      1270      1254      1370      1385         1
       535      1172      1157      1254      1270         1
       536      1089      1077      1157      1172         1
       537      1034      1021      1077      1089         1
       538       989       976      1021      1034         1
       539       965       950       976       989         1
       540       956       940       950       965         1
       541      1688      1671      1846      1860         1
       542      1510      1494      1671      1688         1
       543      1370      1354      1494      1510         1
       544      1254      1240      1354      1370         1
       545      1157      1140      1240      1254         1
       546      1077      1064      1140      1157         1
       547      1021      1007      1064      1077         1
       548       976       962      1007      1021         1
       549       950       934       962       976         1
       550       940       922       934       950         1
       551      1671      1653      1833      1846         1
       552      1494      1478      1653      1671         1
       553      1354      1339      1478      1494         1
       554      1240      1226      1339      1354         1
       555      1140      1125      1226      1240         1
       556      1064      1050      1125      1140         1
       557      1007       990      1050      1064         1
       558       962       948       990      1007         1
       559       934       917       948       962         1
       560       922       899       917       934         1
       561      1653      1635      1819      1833         1
       562      1478      1460      1635      1653         1
       563      1339      1326      1460      1478         1
       564      1226      1212      1326      1339         1
       565      1125      1110      1212      1226         1
       566      1050      1036      1110      1125         1
       567       990       977      1036      1050         1
       568       948       929       977       990         1
       569       917       896       929       948         1
       570       899       888       896       917         1
       571      1635      1618      1803      1819         1
       572      1460      1445      1618      1635         1
       573      1326      1312      1445      1460         1
       574      1212      1196      1312      1326         1
       575      1110      1096      1196      1212         1
       576      1036      1024      1096      1110         1
       577       977       963      1024      1036         1
       578       929       911       963       977         1
       579       896       883       911       929         1
       580       888       876       883       896         1
       581      1618      1599      1786      1803         1
       582      1445      1432      1599      1618         1
       583      1312      1298      1432      1445         1
       584      1196      1182      1298      1312         1
       585      1096      1083      1182      1196         1
       586      1024      1011      1083      1096         1
       587       963       949      1011      1024         1
       588       911       891       949       963         1
       589       883       870       891       911         1
       590       876       865       870       883         1
       591      1599      1583      1772      1786         1
       592      1432      1419      1583      1599         1
       593      1298      1283      1419      1432         1
       594      1182      1167      1283      1298         1
       595      1083      1069      1167      1182         1
       596      1011       997      1069      1083         1
       597       949       932       997      1011         1
       598       891       880       932       949         1
       599       870       859       880       891         1
       600       865       852       859       870         1
       601      1583      1567      1756      1772         1
       602      1419      1402      1567      1583         1
       603      1283      1266      1402      1419         1
       604      1167      1151      1266      1283         1
       605      1069      1057      1151      1167         1
       606       997       982      1057      1069         1
       607       932       913       982       997         1
       608       880       868       913       932         1
       609       859       847       868       880         1
       610       852       841       847       859         1
       611      1567      1550      1743      1756         1
       612      1402      1388      1550      1567         1
       613      1266      1252      1388      1402         1
       614      1151      1135      1252      1266         1
       615      1057      1043      1135      1151         1
       616       982       966      1043      1057         1
       617       913       892       966       982         1
       618       868       856       892       913         1
       619       847       835       856       868         1
       620       841       828       835       847         1
       621      1550      1534      1727      1743         1
       622      1388      1371      1534      1550         1
       623      1252      1239      1371      1388         1
       624      1135      1120      1239      1252         1
       625      1043      1030      1120      1135         1
       626       966       952      1030      1043         1
       627       892       881       952       966         1
       628       856       844       881       892         1
       629       835       823       844       856         1
       630       828       815       823       835         1
       631      1534      1518      1710      1727         1
       632      1371      1355      1518      1534         1
       633      1239      1225      1355      1371         1
       634      1120      1106      1225      1239         1
       635      1030      1016      1106      1120         1
       636       952       937      1016      1030         1
       637       881       869       937       952         1
       638       844       832       869       881         1
       639       823       810       832       844         1
       640       815       803       810       823         1
       641      1518      1503      1694      1710         1
       642      1355      1342      1503      1518         1
       643      1225      1210      1342      1355         1
       644      1106      1094      1210      1225         1
       645      1016      1001      1094      1106         1
       646       937       920      1001      1016         1
       647       869       858       920       937         1
       648       832       820       858       869         1
       649       810       799       820       832         1
       650       803       792       799       810         1
       651      1503      1487      1679      1694         1
       652      1342      1328      1487      1503         1
       653      1210      1197      1328      1342         1
       654      1094      1080      1197      1210         1
       655      1001       988      1080      1094         1
       656       920       898       988      1001         1
       657       858       845       898       920         1
       658       820       809       845       858         1
       659       799       786       809       820         1
       660       792       779       786       799         1
       661      1487      1471      1661      1679         1
       662      1328      1315      1471      1487         1
       663      1197      1184      1315      1328         1
       664      1080      1066      1184      1197         1
       665       988       975      1066      1080         1
       666       898       887       975       988         1
       667       845       834       887       898         1
       668       809       798       834       845         1
       669       786       775       798       809         1
       670       779       766       775       786         1
       671      1471      1455      1645      1661         1
       672      1315      1301      1455      1471         1
       673      1184      1168      1301      1315         1
       674      1066      1054      1168      1184         1
       675       975       961      1054      1066         1
       676       887       875       961       975         1
       677       834       822       875       887         1
       678       798       785       822       834         1
       679       775       764       785       798         1
       680       766       755       764       775         1
       681      1455      1439      1628      1645         1
       682      1301      1289      1439      1455         1
       683      1168      1153      1289      1301         1
       684      1054      1041      1153      1168         1
       685       961       947      1041      1054         1
       686       875       863       947       961         1
       687       822       811       863       875         1
       688       785       774       811       822         1
       689       764       752       774       785         1
       690       755       744       752       764         1
       691      1439      1426      1612      1628         1
       692      1289      1275      1426      1439         1
       693      1153      1138      1275      1289         1
       694      1041      1027      1138      1153         1
       695       947       930      1027      1041         1
       696       863       851       930       947         1
       697       811       800       851       863         1
       698       774       763       800       811         1
       699       752       738       763       774         1
       700       744       732       738       752         1
       701      1426      1410      1594      1612         1
       702      1275      1261      1410      1426         1
       703      1138      1122      1261      1275         1
       704      1027      1014      1122      1138         1
       705       930       912      1014      1027         1
       706       851       840       912       930         1
       707       800       787       840       851         1
       708       763       749       787       800         1
       709       738       726       749       763         1
       710       732       721       726       738         1
       711      1410      1394      1580      1594         1
       712      1261      1248      1394      1410         1
       713      1122      1107      1248      1261         1
       714      1014      1000      1107      1122         1
       715       912       893      1000      1014         1
       716       840       829       893       912         1
       717       787       776       829       840         1
       718       749       736       776       787         1
       719       726       714       736       749         1
       720       721       707       714       726         1
       721      1394      1378      1564      1580         1
       722      1248      1231      1378      1394         1
       723      1107      1095      1231      1248         1
       724      1000       987      1095      1107         1
       725       893       882       987      1000         1
       726       829       817       882       893         1
       727       776       765       817       829         1
       728       736       725       765       776         1
       729       714       703       725       736         1
       730       707       695       703       714         1
       731      1378      1367      1546      1564         1
       732      1231      1216      1367      1378         1
       733      1095      1082      1216      1231         1
       734       987       973      1082      1095         1
       735       882       871       973       987         1
       736       817       805       871       882         1
       737       765       754       805       817         1
       738       725       713       754       765         1
       739       703       692       713       725         1
       740       695       683       692       703         1
       741      1367      1352      1532      1546         1
       742      1216      1204      1352      1367         1
       743      1082      1071      1204      1216         1
       744       973       960      1071      1082         1
       745       871       860       960       973         1
       746       805       793       860       871         1
       747       754       742       793       805         1
       748       713       702       742       754         1
       749       692       679       702       713         1
       750       683       672       679       692         1
       751      1352      1338      1516      1532         1
       752      1204      1189      1338      1352         1
       753      1071      1058      1189      1204         1
       754       960       946      1058      1071         1
       755       860       849       946       960         1
       756       793       782       849       860         1
       757       742       728       782       793         1
       758       702       690       728       742         1
       759       679       667       690       702         1
       760       672       659       667       679         1
       761      1338      1325      1501      1516         1
       762      1189      1174      1325      1338         1
       763      1058      1045      1174      1189         1
       764       946       931      1045      1058         1
       765       849       838       931       946         1
       766       782       769       838       849         1
       767       728       716       769       782         1
       768       690       678       716       728         1
       769       667       656       678       690         1
       770       659       649       656       667         1
       771      1325      1313      1488      1501         1
       772      1174      1160      1313      1325         1
       773      1045      1033      1160      1174         1
       774       931       914      1033      1045         1
       775       838       825       914       931         1
       776       769       757       825       838         1
       777       716       704       757       769         1
       778       678       666       704       716         1
       779       656       644       666       678         1
       780       649       638       644       656         1
       781      1313      1299      1473      1488         1
       782      1160      1145      1299      1313         1
       783      1033      1020      1145      1160         1
       784       914       895      1020      1033         1
       785       825       813       895       914         1
       786       757       746       813       825         1
       787       704       693       746       757         1
       788       666       653       693       704         1
       789       644       633       653       666         1
       790       638       628       633       644         1
       791      1299      1284      1456      1473         1
       792      1145      1130      1284      1299         1
       793      1020      1008      1130      1145         1
       794       895       884      1008      1020         1
       795       813       802       884       895         1
       796       746       735       802       813         1
       797       693       682       735       746         1
       798       653       643       682       693         1
       799       633       623       643       653         1
       800       628       616       623       633         1
       801        80        64        62        77         1
       802        82        70        64        80         1
       803        88        73        70        82         1
       804        93        81        73        88         1
       805        99        90        81        93         1
       806       144        95        90        99         1
       807       223       138        95       144         1
       808       335       230       138       223         1
       809       483       359       230       335         1
       810       660       524       359       483         1
       811        64        53        51        62         1
       812        70        57        53        64         1
       813        73        61        57        70         1
       814        81        68        61        73         1
       815        90        76        68        81         1
       816        95        87        76        90         1
       817       138        96        87        95         1
       818       230       150        96       138         1
       819       359       259       150       230         1
       820       524       409       259       359         1
       821        53        43        41        51         1
       822        57        45        43        53         1
       823        61        49        45        57         1
       824        68        58        49        61         1
       825        76        65        58        68         1
       826        87        75        65        76         1
       827        96        89        75        87         1
       828       150       102        89        96         1
       829       259       181       102       150         1
       830       409       313       181       259         1
       831        43        34        30        41         1
       832        45        35        34        43         1
       833        49        39        35        45         1
       834        58        47        39        49         1
       835        65        56        47        58         1
       836        75        66        56        65         1
       837        89        79        66        75         1
       838       102        92        79        89         1
       839       181       127        92       102         1
       840       313       243       127       181         1
       841        34        24        22        30         1
       842        35        27        24        34         1
       843        39        31        27        35         1
       844        47        37        31        39         1
       845        56        48        37        47         1
       846        66        59        48        56         1
       847        79        72        59        66         1
       848        92        85        72        79         1
       849       127        97        85        92         1
       850       243       186        97       127         1
       851        24        17        16        22         1
       852        27        20        17        24         1
       853        31        25        20        27         1
       854        37        33        25        31         1
       855        48        42        33        37         1
       856        59        50        42        48         1
       857        72        63        50        59         1
       858        85        78        63        72         1
       859        97        94        78        85         1
       860       186       147        94        97         1
       861        17        11         9        16         1
       862        20        14        11        17         1
       863        25        18        14        20         1
       864        33        26        18        25         1
       865        42        36        26        33         1
       866        50        46        36        42         1
       867        63        60        46        50         1
       868        78        74        60        63         1
       869        94        91        74        78         1
       870       147       120        91        94         1
       871        11         7         5         9         1
       872        14        10         7        11         1
       873        18        15        10        14         1
       874        26        23        15        18         1
       875        36        32        23        26         1
       876        46        44        32        36         1
       877        60        55        44        46         1
       878        74        71        55        60         1
       879        91        86        71        74         1
       880       120       107        86        91         1
       881         7         4         2         5         1
       882        10         8         4         7         1
       883        15        13         8        10         1
       884        23        21        13        15         1
       885        32        29        21        23         1
       886        44        40        29        32         1
       887        55        54        40        44         1
       888        71        69        54        55         1
       889        86        84        69        71         1
       890       107       100        84        86         1
       891         4         3         1         2         1
       892         8         6         3         4         1
       893        13        12         6         8         1
       894        21        19        12        13         1
       895        29        28        19        21         1
       896        40        38        28        29         1
       897        54        52        38        40         1
       898        69        67        52        54         1
       899        84        83        67        69         1
       900       100        98        83        84         1
       901       100       103       101        98         1
       902       107       110       103       100         1
       903       120       124       110       107         1
       904       147       153       124       120         1
       905       186       192       153       147         1
       906       243       250       192       186         1
       907       313       321       250       243         1
       908       409       416       321       313         1
       909       524       532       416       409         1
       910       660       670       532       524         1
       911       103       105       104       101         1
       912       110       113       105       103         1
       913       124       129       113       110         1
       914       153       158       129       124         1
       915       192       198       158       153         1
       916       250       255       198       192         1
       917       321       327       255       250         1
       918       416       424       327       321         1
       919       532       542       424       416         1
       920       670       680       542       532         1
       921       105       108       106       104         1
       922       113       116       108       105         1
       923       129       133       116       113         1
       924       158       162       133       129         1
       925       198       204       162       158         1
       926       255       262       204       198         1
       927       327       336       262       255         1
       928       424       432       336       327         1
       929       542       548       432       424         1
       930       680       687       548       542         1
       931       108       111       109       106         1
       932       116       119       111       108         1
       933       133       137       119       116         1
       934       162       167       137       133         1
       935       204       210       167       162         1
       936       262       268       210       204         1
       937       336       344       268       262         1
       938       432       441       344       336         1
       939       548       556       441       432         1
       940       687       696       556       548         1
       941       111       114       112       109         1
       942       119       123       114       111         1
       943       137       142       123       119         1
       944       167       172       142       137         1
       945       210       216       172       167         1
       946       268       275       216       210         1
       947       344       352       275       268         1
       948       441       448       352       344         1
       949       556       566       448       441         1
       950       696       706       566       556         1
       951       114       117       115       112         1
       952       123       128       117       114         1
       953       142       148       128       123         1
       954       172       177       148       142         1
       955       216       222       177       172         1
       956       275       282       222       216         1
       957       352       361       282       275         1
       958       448       455       361       352         1
       959       566       575       455       448         1
       960       706       715       575       566         1
       961       117       121       118       115         1
       962       128       132       121       117         1
       963       148       154       132       128         1
       964       177       183       154       148         1
       965       222       228       183       177         1
       966       282       289       228       222         1
       967       361       368       289       282         1
       968       455       464       368       361         1
       969       575       584       464       455         1
       970       715       724       584       575         1
       971       121       125       122       118         1
       972       132       136       125       121         1
       973       154       159       136       132         1
       974       183       188       159       154         1
       975       228       233       188       183         1
       976       289       296       233       228         1
       977       368       375       296       289         1
       978       464       473       375       368         1
       979       584       591       473       464         1
       980       724       733       591       584         1
       981       125       130       126       122         1
       982       136       141       130       125         1
       983       159       164       141       136         1
       984       188       194       164       159         1
       985       233       239       194       188         1
       986       296       302       239       233         1
       987       375       381       302       296         1
       988       473       480       381       375         1
       989       591       598       480       473         1
       990       733       743       598       591         1
       991       130       134       131       126         1
       992       141       146       134       130         1
       993       164       169       146       141         1
       994       194       200       169       164         1
       995       239       246       200       194         1
       996       302       308       246       239         1
       997       381       389       308       302         1
       998       480       489       389       381         1
       999       598       608       489       480         1
      1000       743       753       608       598         1
      1001       134       139       135       131         1
      1002       146       152       139       134         1
      1003       169       174       152       146         1
      1004       200       206       174       169         1
      1005       246       252       206       200         1
      1006       308       314       252       246         1
      1007       389       396       314       308         1
      1008       489       498       396       389         1
      1009       608       618       498       489         1
      1010       753       760       618       608         1
      1011       139       143       140       135         1
      1012       152       157       143       139         1
      1013       174       179       157       152         1
      1014       206       211       179       174         1
      1015       252       260       211       206         1
      1016       314       322       260       252         1
      1017       396       403       322       314         1
      1018       498       504       403       396         1
      1019       618       626       504       498         1
      1020       760       770       626       618         1
      1021       143       149       145       140         1
      1022       157       163       149       143         1
      1023       179       185       163       157         1
      1024       211       217       185       179         1
      1025       260       267       217       211         1
      1026       322       329       267       260         1
      1027       403       412       329       322         1
      1028       504       511       412       403         1
      1029       626       635       511       504         1
      1030       770       778       635       626         1
      1031       149       155       151       145         1
      1032       163       168       155       149         1
      1033       185       191       168       163         1
      1034       217       224       191       185         1
      1035       267       274       224       217         1
      1036       329       338       274       267         1
      1037       412       420       338       329         1
      1038       511       520       420       412         1
      1039       635       642       520       511         1
      1040       778       789       642       635         1
      1041       155       160       156       151         1
      1042       168       173       160       155         1
      1043       191       197       173       168         1
      1044       224       231       197       191         1
      1045       274       281       231       224         1
      1046       338       345       281       274         1
      1047       420       428       345       338         1
      1048       520       529       428       420         1
      1049       642       651       529       520         1
      1050       789       797       651       642         1
      1051       160       165       161       156         1
      1052       173       178       165       160         1
      1053       197       202       178       173         1
      1054       231       237       202       197         1
      1055       281       288       237       231         1
      1056       345       353       288       281         1
      1057       428       436       353       345         1
      1058       529       537       436       428         1
      1059       651       661       537       529         1
      1060       797       807       661       651         1
      1061       165       170       166       161         1
      1062       178       184       170       165         1
      1063       202       208       184       178         1
      1064       237       244       208       202         1
      1065       288       295       244       237         1
      1066       353       362       295       288         1
      1067       436       445       362       353         1
      1068       537       547       445       436         1
      1069       661       671       547       537         1
      1070       807       816       671       661         1
      1071       170       175       171       166         1
      1072       184       190       175       170         1
      1073       208       214       190       184         1
      1074       244       251       214       208         1
      1075       295       303       251       244         1
      1076       362       370       303       295         1
      1077       445       454       370       362         1
      1078       547       555       454       445         1
      1079       671       681       555       547         1
      1080       816       824       681       671         1
      1081       175       180       176       171         1
      1082       190       196       180       175         1
      1083       214       220       196       190         1
      1084       251       258       220       214         1
      1085       303       310       258       251         1
      1086       370       378       310       303         1
      1087       454       461       378       370         1
      1088       555       565       461       454         1
      1089       681       691       565       555         1
      1090       824       833       691       681         1
      1091       180       187       182       176         1
      1092       196       203       187       180         1
      1093       220       227       203       196         1
      1094       258       266       227       220         1
      1095       310       318       266       258         1
      1096       378       385       318       310         1
      1097       461       470       385       378         1
      1098       565       576       470       461         1
      1099       691       700       576       565         1
      1100       833       843       700       691         1
      1101       187       193       189       182         1
      1102       203       209       193       187         1
      1103       227       234       209       203         1
      1104       266       273       234       227         1
      1105       318       324       273       266         1
      1106       385       393       324       318         1
      1107       470       478       393       385         1
      1108       576       586       478       470         1
      1109       700       710       586       576         1
      1110       843       854       710       700         1
      1111       193       199       195       189         1
      1112       209       215       199       193         1
      1113       234       240       215       209         1
      1114       273       280       240       234         1
      1115       324       331       280       273         1
      1116       393       400       331       324         1
      1117       478       488       400       393         1
      1118       586       593       488       478         1
      1119       710       720       593       586         1
      1120       854       862       720       710         1
      1121       199       205       201       195         1
      1122       215       221       205       199         1
      1123       240       247       221       215         1
      1124       280       287       247       240         1
      1125       331       340       287       280         1
      1126       400       407       340       331         1
      1127       488       495       407       400         1
      1128       593       603       495       488         1
      1129       720       730       603       593         1
      1130       862       872       730       720         1
      1131       205       212       207       201         1
      1132       221       229       212       205         1
      1133       247       254       229       221         1
      1134       287       294       254       247         1
      1135       340       348       294       287         1
      1136       407       417       348       340         1
      1137       495       503       417       407         1
      1138       603       609       503       495         1
      1139       730       737       609       603         1
      1140       872       879       737       730         1
      1141       212       218       213       207         1
      1142       229       236       218       212         1
      1143       254       263       236       229         1
      1144       294       301       263       254         1
      1145       348       355       301       294         1
      1146       417       426       355       348         1
      1147       503       512       426       417         1
      1148       609       619       512       503         1
      1149       737       747       619       609         1
      1150       879       889       747       737         1
      1151       218       225       219       213         1
      1152       236       242       225       218         1
      1153       263       270       242       236         1
      1154       301       309       270       263         1
      1155       355       364       309       301         1
      1156       426       435       364       355         1
      1157       512       521       435       426         1
      1158       619       629       521       512         1
      1159       747       758       629       619         1
      1160       889       900       758       747         1
      1161       225       232       226       219         1
      1162       242       249       232       225         1
      1163       270       277       249       242         1
      1164       309       317       277       270         1
      1165       364       372       317       309         1
      1166       435       442       372       364         1
      1167       521       531       442       435         1
      1168       629       639       531       521         1
      1169       758       767       639       629         1
      1170       900       919       767       758         1
      1171       232       238       235       226         1
      1172       249       257       238       232         1
      1173       277       284       257       249         1
      1174       317       325       284       277         1
      1175       372       379       325       317         1
      1176       442       451       379       372         1
      1177       531       540       451       442         1
      1178       639       648       540       531         1
      1179       767       777       648       639         1
      1180       919       933       777       767         1
      1181       238       245       241       235         1
      1182       257       265       245       238         1
      1183       284       291       265       257         1
      1184       325       332       291       284         1
      1185       379       387       332       325         1
      1186       451       460       387       379         1
      1187       540       550       460       451         1
      1188       648       657       550       540         1
      1189       777       788       657       648         1
      1190       933       944       788       777         1
      1191       245       253       248       241         1
      1192       265       272       253       245         1
      1193       291       298       272       265         1
      1194       332       341       298       291         1
      1195       387       395       341       332         1
      1196       460       469       395       387         1
      1197       550       559       469       460         1
      1198       657       668       559       550         1
      1199       788       796       668       657         1
      1200       944       958       796       788         1
      1201       253       261       256       248         1
      1202       272       279       261       253         1
      1203       298       304       279       272         1
      1204       341       349       304       298         1
      1205       395       404       349       341         1
      1206       469       477       404       395         1
      1207       559       569       477       469         1
      1208       668       677       569       559         1
      1209       796       808       677       668         1
      1210       958       970       808       796         1
      1211       261       269       264       256         1
      1212       279       285       269       261         1
      1213       304       311       285       279         1
      1214       349       357       311       304         1
      1215       404       413       357       349         1
      1216       477       487       413       404         1
      1217       569       577       487       477         1
      1218       677       686       577       569         1
      1219       808       819       686       677         1
      1220       970       983       819       808         1
      1221       269       276       271       264         1
      1222       285       292       276       269         1
      1223       311       319       292       285         1
      1224       357       366       319       311         1
      1225       413       422       366       357         1
      1226       487       496       422       413         1
      1227       577       587       496       487         1
      1228       686       698       587       577         1
      1229       819       827       698       686         1
      1230       983       992       827       819         1
      1231       276       283       278       271         1
      1232       292       299       283       276         1
      1233       319       328       299       292         1
      1234       366       373       328       319         1
      1235       422       431       373       366         1
      1236       496       505       431       422         1
      1237       587       597       505       496         1
      1238       698       709       597       587         1
      1239       827       836       709       698         1
      1240       992      1002       836       827         1
      1241       283       290       286       278         1
      1242       299       306       290       283         1
      1243       328       337       306       299         1
      1244       373       382       337       328         1
      1245       431       439       382       373         1
      1246       505       514       439       431         1
      1247       597       607       514       505         1
      1248       709       718       607       597         1
      1249       836       846       718       709         1
      1250      1002      1015       846       836         1
      1251       290       297       293       286         1
      1252       306       315       297       290         1
      1253       337       346       315       306         1
      1254       382       390       346       337         1
      1255       439       449       390       382         1
      1256       514       523       449       439         1
      1257       607       617       523       514         1
      1258       718       729       617       607         1
      1259       846       855       729       718         1
      1260      1015      1026       855       846         1
      1261       297       305       300       293         1
      1262       315       323       305       297         1
      1263       346       354       323       315         1
      1264       390       398       354       346         1
      1265       449       458       398       390         1
      1266       523       534       458       449         1
      1267       617       627       534       523         1
      1268       729       739       627       617         1
      1269       855       866       739       729         1
      1270      1026      1038       866       855         1
      1271       305       312       307       300         1
      1272       323       333       312       305         1
      1273       354       363       333       323         1
      1274       398       406       363       354         1
      1275       458       467       406       398         1
      1276       534       543       467       458         1
      1277       627       636       543       534         1
      1278       739       748       636       627         1
      1279       866       877       748       739         1
      1280      1038      1049       877       866         1
      1281       312       320       316       307         1
      1282       333       342       320       312         1
      1283       363       371       342       333         1
      1284       406       415       371       363         1
      1285       467       475       415       406         1
      1286       543       553       475       467         1
      1287       636       646       553       543         1
      1288       748       759       646       636         1
      1289       877       886       759       748         1
      1290      1049      1059       886       877         1
      1291       320       330       326       316         1
      1292       342       350       330       320         1
      1293       371       380       350       342         1
      1294       415       425       380       371         1
      1295       475       484       425       415         1
      1296       553       563       484       475         1
      1297       646       655       563       553         1
      1298       759       771       655       646         1
      1299       886       897       771       759         1
      1300      1059      1072       897       886         1
      1301       330       339       334       326         1
      1302       350       358       339       330         1
      1303       380       388       358       350         1
      1304       425       434       388       380         1
      1305       484       493       434       425         1
      1306       563       571       493       484         1
      1307       655       664       571       563         1
      1308       771       781       664       655         1
      1309       897       915       781       771         1
      1310      1072      1081       915       897         1
      1311       339       347       343       334         1
      1312       358       367       347       339         1
      1313       388       397       367       358         1
      1314       434       444       397       388         1
      1315       493       502       444       434         1
      1316       571       581       502       493         1
      1317       664       674       581       571         1
      1318       781       790       674       664         1
      1319       915       927       790       781         1
      1320      1081      1093       927       915         1
      1321       347       356       351       343         1
      1322       367       376       356       347         1
      1323       397       405       376       367         1
      1324       444       453       405       397         1
      1325       502       513       453       444         1
      1326       581       592       513       502         1
      1327       674       685       592       581         1
      1328       790       801       685       674         1
      1329       927       943       801       790         1
      1330      1093      1102       943       927         1
      1331       356       365       360       351         1
      1332       376       384       365       356         1
      1333       405       414       384       376         1
      1334       453       462       414       405         1
      1335       513       522       462       453         1
      1336       592       602       522       513         1
      1337       685       697       602       592         1
      1338       801       812       697       685         1
      1339       943       957       812       801         1
      1340      1102      1113       957       943         1
      1341       365       374       369       360         1
      1342       384       392       374       365         1
      1343       414       423       392       384         1
      1344       462       471       423       414         1
      1345       522       533       471       462         1
      1346       602       611       533       522         1
      1347       697       708       611       602         1
      1348       812       821       708       697         1
      1349       957       968       821       812         1
      1350      1113      1127       968       957         1
      1351       374       383       377       369         1
      1352       392       401       383       374         1
      1353       423       433       401       392         1
      1354       471       481       433       423         1
      1355       533       544       481       471         1
      1356       611       620       544       533         1
      1357       708       719       620       611         1
      1358       821       831       719       708         1
      1359       968       981       831       821         1
      1360      1127      1142       981       968         1
      1361       383       391       386       377         1
      1362       401       410       391       383         1
      1363       433       443       410       401         1
      1364       481       491       443       433         1
      1365       544       554       491       481         1
      1366       620       630       554       544         1
      1367       719       731       630       620         1
      1368       831       842       731       719         1
      1369       981       993       842       831         1
      1370      1142      1156       993       981         1
      1371       391       399       394       386         1
      1372       410       419       399       391         1
      1373       443       452       419       410         1
      1374       491       500       452       443         1
      1375       554       564       500       491         1
      1376       630       640       564       554         1
      1377       731       741       640       630         1
      1378       842       853       741       731         1
      1379       993      1005       853       842         1
      1380      1156      1169      1005       993         1
      1381       399       408       402       394         1
      1382       419       429       408       399         1
      1383       452       463       429       419         1
      1384       500       509       463       452         1
      1385       564       574       509       500         1
      1386       640       650       574       564         1
      1387       741       751       650       640         1
      1388       853       864       751       741         1
      1389      1005      1017       864       853         1
      1390      1169      1179      1017      1005         1
      1391       408       418       411       402         1
      1392       429       438       418       408         1
      1393       463       472       438       429         1
      1394       509       518       472       463         1
      1395       574       585       518       509         1
      1396       650       662       585       574         1
      1397       751       762       662       650         1
      1398       864       874       762       751         1
      1399      1017      1029       874       864         1
      1400      1179      1194      1029      1017         1
      1401       418       427       421       411         1
      1402       438       447       427       418         1
      1403       472       482       447       438         1
      1404       518       527       482       472         1
      1405       585       594       527       518         1
      1406       662       673       594       585         1
      1407       762       772       673       662         1
      1408       874       885       772       762         1
      1409      1029      1040       885       874         1
      1410      1194      1207      1040      1029         1
      1411       427       437       430       421         1
      1412       447       457       437       427         1
      1413       482       492       457       447         1
      1414       527       538       492       482         1
      1415       594       604       538       527         1
      1416       673       684       604       594         1
      1417       772       783       684       673         1
      1418       885       894       783       772         1
      1419      1040      1052       894       885         1
      1420      1207      1221      1052      1040         1
      1421       437       446       440       430         1
      1422       457       466       446       437         1
      1423       492       501       466       457         1
      1424       538       549       501       492         1
      1425       604       614       549       538         1
      1426       684       694       614       604         1
      1427       783       794       694       684         1
      1428       894       909       794       783         1
      1429      1052      1063       909       894         1
      1430      1221      1232      1063      1052         1
      1431       446       456       450       440         1
      1432       466       476       456       446         1
      1433       501       510       476       466         1
      1434       549       560       510       501         1
      1435       614       624       560       549         1
      1436       694       705       624       614         1
      1437       794       804       705       694         1
      1438       909       926       804       794         1
      1439      1063      1075       926       909         1
      1440      1232      1245      1075      1063         1
      1441       456       465       459       450         1
      1442       476       486       465       456         1
      1443       510       519       486       476         1
      1444       560       570       519       510         1
      1445       624       634       570       560         1
      1446       705       717       634       624         1
      1447       804       814       717       705         1
      1448       926       942       814       804         1
      1449      1075      1086       942       926         1
      1450      1245      1256      1086      1075         1
      1451       465       474       468       459         1
      1452       486       497       474       465         1
      1453       519       530       497       486         1
      1454       570       580       530       519         1
      1455       634       645       580       570         1
      1456       717       727       645       634         1
      1457       814       826       727       717         1
      1458       942       955       826       814         1
      1459      1086      1098       955       942         1
      1460      1256      1269      1098      1086         1
      1461       474       485       479       468         1
      1462       497       507       485       474         1
      1463       530       541       507       497         1
      1464       580       590       541       530         1
      1465       645       654       590       580         1
      1466       727       740       654       645         1
      1467       826       837       740       727         1
      1468       955       969       837       826         1
      1469      1098      1111       969       955         1
      1470      1269      1282      1111      1098         1
      1471       485       494       490       479         1
      1472       507       516       494       485         1
      1473       541       552       516       507         1
      1474       590       601       552       541         1
      1475       654       665       601       590         1
      1476       740       750       665       654         1
      1477       837       848       750       740         1
      1478       969       984       848       837         1
      1479      1111      1123       984       969         1
      1480      1282      1296      1123      1111         1
      1481       494       506       499       490         1
      1482       516       526       506       494         1
      1483       552       562       526       516         1
      1484       601       613       562       552         1
      1485       665       676       613       601         1
      1486       750       761       676       665         1
      1487       848       857       761       750         1
      1488       984       996       857       848         1
      1489      1123      1136       996       984         1
      1490      1296      1309      1136      1123         1
      1491       506       515       508       499         1
      1492       526       536       515       506         1
      1493       562       573       536       526         1
      1494       613       622       573       562         1
      1495       676       689       622       613         1
      1496       761       773       689       676         1
      1497       857       867       773       761         1
      1498       996      1009       867       857         1
      1499      1136      1150      1009       996         1
      1500      1309      1321      1150      1136         1
      1501       515       525       517       508         1
      1502       536       546       525       515         1
      1503       573       583       546       536         1
      1504       622       631       583       573         1
      1505       689       701       631       622         1
      1506       773       784       701       689         1
      1507       867       878       784       773         1
      1508      1009      1019       878       867         1
      1509      1150      1164      1019      1009         1
      1510      1321      1332      1164      1150         1
      1511       525       535       528       517         1
      1512       546       558       535       525         1
      1513       583       595       558       546         1
      1514       631       641       595       583         1
      1515       701       711       641       631         1
      1516       784       795       711       701         1
      1517       878       890       795       784         1
      1518      1019      1032       890       878         1
      1519      1164      1177      1032      1019         1
      1520      1332      1344      1177      1164         1
      1521       535       545       539       528         1
      1522       558       568       545       535         1
      1523       595       605       568       558         1
      1524       641       652       605       595         1
      1525       711       722       652       641         1
      1526       795       806       722       711         1
      1527       890       905       806       795         1
      1528      1032      1044       905       890         1
      1529      1177      1190      1044      1032         1
      1530      1344      1360      1190      1177         1
      1531       545       557       551       539         1
      1532       568       578       557       545         1
      1533       605       615       578       568         1
      1534       652       663       615       605         1
      1535       722       734       663       652         1
      1536       806       818       734       722         1
      1537       905       924       818       806         1
      1538      1044      1055       924       905         1
      1539      1190      1205      1055      1044         1
      1540      1360      1372      1205      1190         1
      1541       557       567       561       551         1
      1542       578       588       567       557         1
      1543       615       625       588       578         1
      1544       663       675       625       615         1
      1545       734       745       675       663         1
      1546       818       830       745       734         1
      1547       924       939       830       818         1
      1548      1055      1068       939       924         1
      1549      1205      1220      1068      1055         1
      1550      1372      1387      1220      1205         1
      1551       567       579       572       561         1
      1552       588       599       579       567         1
      1553       625       637       599       588         1
      1554       675       688       637       625         1
      1555       745       756       688       675         1
      1556       830       839       756       745         1
      1557       939       953       839       830         1
      1558      1068      1079       953       939         1
      1559      1220      1233      1079      1068         1
      1560      1387      1400      1233      1220         1
      1561       579       589       582       572         1
      1562       599       610       589       579         1
      1563       637       647       610       599         1
      1564       688       699       647       637         1
      1565       756       768       699       688         1
      1566       839       850       768       756         1
      1567       953       967       850       839         1
      1568      1079      1091       967       953         1
      1569      1233      1247      1091      1079         1
      1570      1400      1412      1247      1233         1
      1571       589       600       596       582         1
      1572       610       621       600       589         1
      1573       647       658       621       610         1
      1574       699       712       658       647         1
      1575       768       780       712       699         1
      1576       850       861       780       768         1
      1577       967       979       861       850         1
      1578      1091      1104       979       967         1
      1579      1247      1260      1104      1091         1
      1580      1412      1427      1260      1247         1
      1581       600       612       606       596         1
      1582       621       632       612       600         1
      1583       658       669       632       621         1
      1584       712       723       669       658         1
      1585       780       791       723       712         1
      1586       861       873       791       780         1
      1587       979       994       873       861         1
      1588      1104      1116       994       979         1
      1589      1260      1272      1116      1104         1
      1590      1427      1442      1272      1260         1
      1591       612       623       616       606         1
      1592       632       643       623       612         1
      1593       669       682       643       632         1
      1594       723       735       682       669         1
      1595       791       802       735       723         1
      1596       873       884       802       791         1
      1597       994      1008       884       873         1
      1598      1116      1130      1008       994         1
      1599      1272      1284      1130      1116         1
      1600      1442      1456      1284      1272         1
      1601      3702      3540      3627      3756         2
      1602      3606      3426      3540      3702         2
      1603      3461      3282      3426      3606         2
      1604      3247      3101      3282      3461         2
      1605      2952      2878      3101      3247         2
      1606      3540      3310      3403      3627         2
      1607      3426      3201      3310      3540         2
      1608      3282      3082      3201      3426         2
      1609      3101      2955      3082      3282         2
      1610      2878      2819      2955      3101         2
      1611       935      1193      1119       901         2
      1612      1003      1288      1193       935         2
      1613      1108      1404      1288      1003         2
      1614      1267      1556      1404      1108         2
      1615      1465      1732      1556      1267         2
      1616      1193      1468      1347      1119         2
      1617      1288      1601      1468      1193         2
      1618      1404      1742      1601      1288         2
      1619      1556      1870      1742      1404         2
      1620      1732      2007      1870      1556         2
      1621      1723      1925      1732      1465         2
      1622      1984      2132      1925      1723         2
      1623      2279      2363      2132      1984         2
      1624      2604      2612      2363      2279         2
      1625      2951      2877      2612      2604         2
      1626      1925      2153      2007      1732         2
      1627      2132      2303      2153      1925         2
      1628      2363      2464      2303      2132         2
      1629      2612      2640      2464      2363         2
      1630      2877      2818      2640      2612         2
      1631      3859      3783      3808      3873         2
      1632      3843      3758      3783      3859         2
      1633      3826      3729      3758      3843         2
      1634      3802      3687      3729      3826         2
      1635      3756      3627      3687      3802         2
      1636      3783      3689      3733      3808         2
      1637      3758      3634      3689      3783         2
      1638      3729      3569      3634      3758         2
      1639      3687      3494      3569      3729         2
      1640      3627      3403      3494      3687         2
      1641      2927      2861      2878      2952         2
      1642      2901      2841      2861      2927         2
      1643      2875      2821      2841      2901         2
      1644      2852      2803      2821      2875         2
      1645      2826      2785      2803      2852         2
      1646      2800      2765      2785      2826         2
      1647      2776      2745      2765      2800         2
      1648      2751      2727      2745      2776         2
      1649      2728      2709      2727      2751         2
      1650      2702      2689      2709      2728         2
      1651      2677      2669      2689      2702         2
      1652      2654      2652      2669      2677         2
      1653      2630      2632      2652      2654         2
      1654      2603      2611      2632      2630         2
      1655      2580      2593      2611      2603         2
      1656      2553      2573      2593      2580         2
      1657      2528      2559      2573      2553         2
      1658      2505      2539      2559      2528         2
      1659      2480      2518      2539      2505         2
      1660      2456      2500      2518      2480         2
      1661      2437      2484      2500      2456         2
      1662      2414      2466      2484      2437         2
      1663      2390      2448      2466      2414         2
      1664      2368      2434      2448      2390         2
      1665      2344      2415      2434      2368         2
      1666      2322      2399      2415      2344         2
      1667      2299      2380      2399      2322         2
      1668      2278      2362      2380      2299         2
      1669      2254      2345      2362      2278         2
      1670      2234      2328      2345      2254         2
      1671      2212      2310      2328      2234         2
      1672      2191      2293      2310      2212         2
      1673      2169      2280      2293      2191         2
      1674      2146      2263      2280      2169         2
      1675      2126      2245      2263      2146         2
      1676      2108      2231      2245      2126         2
      1677      2086      2213      2231      2108         2
      1678      2063      2197      2213      2086         2
      1679      2044      2180      2197      2063         2
      1680      2021      2164      2180      2044         2
      1681      2003      2147      2164      2021         2
      1682      1983      2131      2147      2003         2
      1683      1965      2118      2131      1983         2
      1684      1947      2102      2118      1965         2
      1685      1928      2087      2102      1947         2
      1686      1906      2072      2087      1928         2
      1687      1885      2054      2072      1906         2
      1688      1867      2039      2054      1885         2
      1689      1850      2024      2039      1867         2
      1690      1832      2011      2024      1850         2
      1691      1814      1995      2011      1832         2
      1692      1796      1982      1995      1814         2
      1693      1779      1966      1982      1796         2
      1694      1761      1951      1966      1779         2
      1695      1740      1936      1951      1761         2
      1696      1722      1924      1936      1740         2
      1697      1705      1911      1924      1722         2
      1698      1684      1896      1911      1705         2
      1699      1666      1882      1896      1684         2
      1700      1646      1866      1882      1666         2
      1701      1625      1853      1866      1646         2
      1702      1606      1840      1853      1625         2
      1703      1587      1828      1840      1606         2
      1704      1570      1815      1828      1587         2
      1705      1551      1801      1815      1570         2
      1706      1535      1787      1801      1551         2
      1707      1515      1774      1787      1535         2
      1708      1498      1763      1774      1515         2
      1709      1481      1746      1763      1498         2
      1710      1464      1731      1746      1481         2
      1711      2861      2807      2819      2878         2
      1712      2841      2793      2807      2861         2
      1713      2821      2780      2793      2841         2
      1714      2803      2767      2780      2821         2
      1715      2785      2755      2767      2803         2
      1716      2765      2742      2755      2785         2
      1717      2745      2730      2742      2765         2
      1718      2727      2718      2730      2745         2
      1719      2709      2704      2718      2727         2
      1720      2689      2692      2704      2709         2
      1721      2669      2678      2692      2689         2
      1722      2652      2664      2678      2669         2
      1723      2632      2653      2664      2652         2
      1724      2611      2641      2653      2632         2
      1725      2593      2626      2641      2611         2
      1726      2573      2615      2626      2593         2
      1727      2559      2600      2615      2573         2
      1728      2539      2588      2600      2559         2
      1729      2518      2574      2588      2539         2
      1730      2500      2564      2574      2518         2
      1731      2484      2551      2564      2500         2
      1732      2466      2538      2551      2484         2
      1733      2448      2527      2538      2466         2
      1734      2434      2513      2527      2448         2
      1735      2415      2498      2513      2434         2
      1736      2399      2489      2498      2415         2
      1737      2380      2477      2489      2399         2
      1738      2362      2463      2477      2380         2
      1739      2345      2453      2463      2362         2
      1740      2328      2443      2453      2345         2
      1741      2310      2430      2443      2328         2
      1742      2293      2420      2430      2310         2
      1743      2280      2408      2420      2293         2
      1744      2263      2396      2408      2280         2
      1745      2245      2384      2396      2263         2
      1746      2231      2373      2384      2245         2
      1747      2213      2360      2373      2231         2
      1748      2197      2350      2360      2213         2
      1749      2180      2337      2350      2197         2
      1750      2164      2326      2337      2180         2
      1751      2147      2316      2326      2164         2
      1752      2131      2304      2316      2147         2
      1753      2118      2290      2304      2131         2
      1754      2102      2282      2290      2118         2
      1755      2087      2271      2282      2102         2
      1756      2072      2261      2271      2087         2
      1757      2054      2251      2261      2072         2
      1758      2039      2240      2251      2054         2
      1759      2024      2229      2240      2039         2
      1760      2011      2217      2229      2024         2
      1761      1995      2206      2217      2011         2
      1762      1982      2195      2206      1995         2
      1763      1966      2185      2195      1982         2
      1764      1951      2175      2185      1966         2
      1765      1936      2162      2175      1951         2
      1766      1924      2154      2162      1936         2
      1767      1911      2141      2154      1924         2
      1768      1896      2130      2141      1911         2
      1769      1882      2122      2130      1896         2
      1770      1866      2111      2122      1882         2
      1771      1853      2100      2111      1866         2
      1772      1840      2091      2100      1853         2
      1773      1828      2080      2091      1840         2
      1774      1815      2070      2080      1828         2
      1775      1801      2057      2070      1815         2
      1776      1787      2048      2057      1801         2
      1777      1774      2038      2048      1787         2
      1778      1763      2028      2038      1774         2
      1779      1746      2018      2028      1763         2
      1780      1731      2006      2018      1746         2
      1781      1450      1718      1731      1464         2
      1782      1436      1709      1718      1450         2
      1783      1420      1697      1709      1436         2
      1784      1406      1680      1697      1420         2
      1785      1389      1672      1680      1406         2
      1786      1374      1658      1672      1389         2
      1787      1361      1642      1658      1374         2
      1788      1345      1629      1642      1361         2
      1789      1330      1617      1629      1345         2
      1790      1320      1603      1617      1330         2
      1791      1307      1590      1603      1320         2
      1792      1294      1578      1590      1307         2
      1793      1281      1566      1578      1294         2
      1794      1268      1555      1566      1281         2
      1795      1255      1542      1555      1268         2
      1796      1246      1528      1542      1255         2
      1797      1235      1520      1528      1246         2
      1798      1222      1509      1520      1235         2
      1799      1209      1496      1509      1222         2
      1800      1199      1485      1496      1209         2
      1801      1185      1474      1485      1199         2
      1802      1173      1459      1474      1185         2
      1803      1161      1452      1459      1173         2
      1804      1152      1443      1452      1161         2
      1805      1141      1434      1443      1152         2
      1806      1129      1423      1434      1141         2
      1807      1118      1411      1423      1129         2
      1808      1109      1405      1411      1118         2
      1809      1099      1393      1405      1109         2
      1810      1092      1384      1393      1099         2
      1811      1085      1377      1384      1092         2
      1812      1076      1366      1377      1085         2
      1813      1067      1357      1366      1076         2
      1814      1060      1348      1357      1067         2
      1815      1053      1340      1348      1060         2
      1816      1046      1331      1340      1053         2
      1817      1039      1324      1331      1046         2
      1818      1031      1316      1324      1039         2
      1819      1025      1310      1316      1031         2
      1820      1018      1302      1310      1025         2
      1821      1012      1295      1302      1018         2
      1822      1004      1287      1295      1012         2
      1823       998      1279      1287      1004         2
      1824       991      1273      1279       998         2
      1825       986      1265      1273       991         2
      1826       980      1258      1265       986         2
      1827       974      1251      1258       980         2
      1828       971      1243      1251       974         2
      1829       964      1237      1243       971         2
      1830       959      1230      1237       964         2
      1831       954      1224      1230       959         2
      1832       951      1219      1224       954         2
      1833       945      1213      1219       951         2
      1834       941      1206      1213       945         2
      1835       938      1201      1206       941         2
      1836       936      1192      1201       938         2
      1837       928      1188      1192       936         2
      1838       925      1180      1188       928         2
      1839       923      1175      1180       925         2
      1840       921      1171      1175       923         2
      1841       918      1163      1171       921         2
      1842       916      1158      1163       918         2
      1843       910      1155      1158       916         2
      1844       908      1147      1155       910         2
      1845       907      1143      1147       908         2
      1846       906      1139      1143       907         2
      1847       904      1133      1139       906         2
      1848       903      1128      1133       904         2
      1849       902      1124      1128       903         2
      1850       901      1119      1124       902         2
      1851      1718      1996      2006      1731         2
      1852      1709      1987      1996      1718         2
      1853      1697      1976      1987      1709         2
      1854      1680      1967      1976      1697         2
      1855      1672      1959      1967      1680         2
      1856      1658      1949      1959      1672         2
      1857      1642      1939      1949      1658         2
      1858      1629      1931      1939      1642         2
      1859      1617      1918      1931      1629         2
      1860      1603      1912      1918      1617         2
      1861      1590      1900      1912      1603         2
      1862      1578      1892      1900      1590         2
      1863      1566      1881      1892      1578         2
      1864      1555      1869      1881      1566         2
      1865      1542      1862      1869      1555         2
      1866      1528      1851      1862      1542         2
      1867      1520      1843      1851      1528         2
      1868      1509      1835      1843      1520         2
      1869      1496      1826      1835      1509         2
      1870      1485      1817      1826      1496         2
      1871      1474      1807      1817      1485         2
      1872      1459      1797      1807      1474         2
      1873      1452      1788      1797      1459         2
      1874      1443      1780      1788      1452         2
      1875      1434      1769      1780      1443         2
      1876      1423      1762      1769      1434         2
      1877      1411      1750      1762      1423         2
      1878      1405      1741      1750      1411         2
      1879      1393      1730      1741      1405         2
      1880      1384      1720      1730      1393         2
      1881      1377      1711      1720      1384         2
      1882      1366      1701      1711      1377         2
      1883      1357      1692      1701      1366         2
      1884      1348      1681      1692      1357         2
      1885      1340      1674      1681      1348         2
      1886      1331      1662      1674      1340         2
      1887      1324      1654      1662      1331         2
      1888      1316      1641      1654      1324         2
      1889      1310      1632      1641      1316         2
      1890      1302      1622      1632      1310         2
      1891      1295      1610      1622      1302         2
      1892      1287      1602      1610      1295         2
      1893      1279      1591      1602      1287         2
      1894      1273      1582      1591      1279         2
      1895      1265      1573      1582      1273         2
      1896      1258      1562      1573      1265         2
      1897      1251      1552      1562      1258         2
      1898      1243      1544      1552      1251         2
      1899      1237      1533      1544      1243         2
      1900      1230      1525      1533      1237         2
      1901      1224      1514      1525      1230         2
      1902      1219      1507      1514      1224         2
      1903      1213      1495      1507      1219         2
      1904      1206      1489      1495      1213         2
      1905      1201      1477      1489      1206         2
      1906      1192      1469      1477      1201         2
      1907      1188      1458      1469      1192         2
      1908      1180      1451      1458      1188         2
      1909      1175      1441      1451      1180         2
      1910      1171      1435      1441      1175         2
      1911      1163      1424      1435      1171         2
      1912      1158      1416      1424      1163         2
      1913      1155      1408      1416      1158         2
      1914      1147      1398      1408      1155         2
      1915      1143      1391      1398      1147         2
      1916      1139      1381      1391      1143         2
      1917      1133      1373      1381      1139         2
      1918      1128      1364      1373      1133         2
      1919      1124      1356      1364      1128         2
      1920      1119      1347      1356      1124         2
      1921      2976      2899      2877      2951         2
      1922      2996      2914      2899      2976         2
      1923      3019      2931      2914      2996         2
      1924      3044      2948      2931      3019         2
      1925      3067      2965      2948      3044         2
      1926      3090      2981      2965      3067         2
      1927      3110      2995      2981      3090         2
      1928      3131      3010      2995      3110         2
      1929      3153      3025      3010      3131         2
      1930      3173      3042      3025      3153         2
      1931      3192      3056      3042      3173         2
      1932      3212      3074      3056      3192         2
      1933      3228      3088      3074      3212         2
      1934      3248      3102      3088      3228         2
      1935      3265      3117      3102      3248         2
      1936      3281      3129      3117      3265         2
      1937      3300      3144      3129      3281         2
      1938      3316      3155      3144      3300         2
      1939      3332      3172      3155      3316         2
      1940      3346      3183      3172      3332         2
      1941      3361      3197      3183      3346         2
      1942      3375      3210      3197      3361         2
      1943      3390      3221      3210      3375         2
      1944      3404      3233      3221      3390         2
      1945      3420      3246      3233      3404         2
      1946      3435      3259      3246      3420         2
      1947      3448      3269      3259      3435         2
      1948      3462      3283      3269      3448         2
      1949      3475      3294      3283      3462         2
      1950      3487      3306      3294      3475         2
      1951      3500      3317      3306      3487         2
      1952      3509      3328      3317      3500         2
      1953      3521      3338      3328      3509         2
      1954      3530      3347      3338      3521         2
      1955      3542      3359      3347      3530         2
      1956      3551      3367      3359      3542         2
      1957      3562      3378      3367      3551         2
      1958      3573      3387      3378      3562         2
      1959      3581      3396      3387      3573         2
      1960      3589      3409      3396      3581         2
      1961      3597      3416      3409      3589         2
      1962      3607      3427      3416      3597         2
      1963      3614      3437      3427      3607         2
      1964      3622      3446      3437      3614         2
      1965      3631      3455      3446      3622         2
      1966      3639      3463      3455      3631         2
      1967      3644      3471      3463      3639         2
      1968      3652      3482      3471      3644         2
      1969      3659      3490      3482      3652         2
      1970      3664      3498      3490      3659         2
      1971      3671      3505      3498      3664         2
      1972      3678      3513      3505      3671         2
      1973      3684      3519      3513      3678         2
      1974      3692      3527      3519      3684         2
      1975      3696      3534      3527      3692         2
      1976      3703      3541      3534      3696         2
      1977      3707      3547      3541      3703         2
      1978      3711      3556      3547      3707         2
      1979      3717      3563      3556      3711         2
      1980      3720      3568      3563      3717         2
      1981      3725      3575      3568      3720         2
      1982      3730      3583      3575      3725         2
      1983      3734      3587      3583      3730         2
      1984      3738      3592      3587      3734         2
      1985      3742      3598      3592      3738         2
      1986      3744      3604      3598      3742         2
      1987      3747      3610      3604      3744         2
      1988      3750      3616      3610      3747         2
      1989      3752      3621      3616      3750         2
      1990      3757      3626      3621      3752         2
      1991      2899      2830      2818      2877         2
      1992      2914      2840      2830      2899         2
      1993      2931      2845      2840      2914         2
      1994      2948      2855      2845      2931         2
      1995      2965      2865      2855      2948         2
      1996      2981      2876      2865      2965         2
      1997      2995      2887      2876      2981         2
      1998      3010      2898      2887      2995         2
      1999      3025      2908      2898      3010         2
      2000      3042      2917      2908      3025         2
      2001      3056      2925      2917      3042         2
      2002      3074      2936      2925      3056         2
      2003      3088      2946      2936      3074         2
      2004      3102      2954      2946      3088         2
      2005      3117      2964      2954      3102         2
      2006      3129      2972      2964      3117         2
      2007      3144      2982      2972      3129         2
      2008      3155      2991      2982      3144         2
      2009      3172      2999      2991      3155         2
      2010      3183      3006      2999      3172         2
      2011      3197      3016      3006      3183         2
      2012      3210      3028      3016      3197         2
      2013      3221      3036      3028      3210         2
      2014      3233      3046      3036      3221         2
      2015      3246      3055      3046      3233         2
      2016      3259      3063      3055      3246         2
      2017      3269      3076      3063      3259         2
      2018      3283      3083      3076      3269         2
      2019      3294      3092      3083      3283         2
      2020      3306      3099      3092      3294         2
      2021      3317      3109      3099      3306         2
      2022      3328      3119      3109      3317         2
      2023      3338      3126      3119      3328         2
      2024      3347      3135      3126      3338         2
      2025      3359      3143      3135      3347         2
      2026      3367      3152      3143      3359         2
      2027      3378      3160      3152      3367         2
      2028      3387      3166      3160      3378         2
      2029      3396      3177      3166      3387         2
      2030      3409      3184      3177      3396         2
      2031      3416      3193      3184      3409         2
      2032      3427      3202      3193      3416         2
      2033      3437      3209      3202      3427         2
      2034      3446      3216      3209      3437         2
      2035      3455      3223      3216      3446         2
      2036      3463      3230      3223      3455         2
      2037      3471      3238      3230      3463         2
      2038      3482      3249      3238      3471         2
      2039      3490      3256      3249      3482         2
      2040      3498      3263      3256      3490         2
      2041      3505      3270      3263      3498         2
      2042      3513      3276      3270      3505         2
      2043      3519      3286      3276      3513         2
      2044      3527      3293      3286      3519         2
      2045      3534      3303      3293      3527         2
      2046      3541      3309      3303      3534         2
      2047      3547      3315      3309      3541         2
      2048      3556      3323      3315      3547         2
      2049      3563      3331      3323      3556         2
      2050      3568      3337      3331      3563         2
      2051      3575      3344      3337      3568         2
      2052      3583      3352      3344      3575         2
      2053      3587      3358      3352      3583         2
      2054      3592      3365      3358      3587         2
      2055      3598      3370      3365      3592         2
      2056      3604      3376      3370      3598         2
      2057      3610      3383      3376      3604         2
      2058      3616      3389      3383      3610         2
      2059      3621      3397      3389      3616         2
      2060      3626      3402      3397      3621         2
      2061      3761      3632      3626      3757         2
      2062      3763      3636      3632      3761         2
      2063      3766      3641      3636      3763         2
      2064      3769      3645      3641      3766         2
      2065      3771      3649      3645      3769         2
      2066      3775      3654      3649      3771         2
      2067      3778      3658      3654      3775         2
      2068      3782      3662      3658      3778         2
      2069      3786      3666      3662      3782         2
      2070      3788      3670      3666      3786         2
      2071      3791      3675      3670      3788         2
      2072      3794      3679      3675      3791         2
      2073      3797      3683      3679      3794         2
      2074      3801      3688      3683      3797         2
      2075      3806      3691      3688      3801         2
      2076      3809      3694      3691      3806         2
      2077      3811      3698      3694      3809         2
      2078      3812      3701      3698      3811         2
      2079      3814      3705      3701      3812         2
      2080      3815      3708      3705      3814         2
      2081      3817      3710      3708      3815         2
      2082      3818      3713      3710      3817         2
      2083      3819      3716      3713      3818         2
      2084      3820      3719      3716      3819         2
      2085      3821      3721      3719      3820         2
      2086      3823      3723      3721      3821         2
      2087      3824      3726      3723      3823         2
      2088      3825      3728      3726      3824         2
      2089      3827      3732      3728      3825         2
      2090      3828      3735      3732      3827         2
      2091      3829      3737      3735      3828         2
      2092      3830      3740      3737      3829         2
      2093      3831      3741      3740      3830         2
      2094      3833      3743      3741      3831         2
      2095      3835      3745      3743      3833         2
      2096      3836      3746      3745      3835         2
      2097      3837      3748      3746      3836         2
      2098      3838      3749      3748      3837         2
      2099      3839      3751      3749      3838         2
      2100      3840      3753      3751      3839         2
      2101      3841      3754      3753      3840         2
      2102      3842      3759      3754      3841         2
      2103      3844      3760      3759      3842         2
      2104      3845      3762      3760      3844         2
      2105      3846      3764      3762      3845         2
      2106      3847      3765      3764      3846         2
      2107      3848      3767      3765      3847         2
      2108      3849      3768      3767      3848         2
      2109      3850      3770      3768      3849         2
      2110      3852      3772      3770      3850         2
      2111      3853      3773      3772      3852         2
      2112      3854      3776      3773      3853         2
      2113      3855      3777      3776      3854         2
      2114      3856      3779      3777      3855         2
      2115      3857      3780      3779      3856         2
      2116      3858      3784      3780      3857         2
      2117      3860      3785      3784      3858         2
      2118      3861      3787      3785      3860         2
      2119      3862      3789      3787      3861         2
      2120      3863      3790      3789      3862         2
      2121      3864      3792      3790      3863         2
      2122      3865      3793      3792      3864         2
      2123      3866      3795      3793      3865         2
      2124      3867      3796      3795      3866         2
      2125      3868      3798      3796      3867         2
      2126      3869      3800      3798      3868         2
      2127      3870      3804      3800      3869         2
      2128      3871      3805      3804      3870         2
      2129      3872      3807      3805      3871         2
      2130      3873      3808      3807      3872         2
      2131      3632      3411      3402      3626         2
      2132      3636      3417      3411      3632         2
      2133      3641      3424      3417      3636         2
      2134      3645      3432      3424      3641         2
      2135      3649      3440      3432      3645         2
      2136      3654      3443      3440      3649         2
      2137      3658      3451      3443      3654         2
      2138      3662      3457      3451      3658         2
      2139      3666      3465      3457      3662         2
      2140      3670      3469      3465      3666         2
      2141      3675      3476      3469      3670         2
      2142      3679      3483      3476      3675         2
      2143      3683      3489      3483      3679         2
      2144      3688      3495      3489      3683         2
      2145      3691      3502      3495      3688         2
      2146      3694      3507      3502      3691         2
      2147      3698      3511      3507      3694         2
      2148      3701      3517      3511      3698         2
      2149      3705      3523      3517      3701         2
      2150      3708      3528      3523      3705         2
      2151      3710      3533      3528      3708         2
      2152      3713      3538      3533      3710         2
      2153      3716      3545      3538      3713         2
      2154      3719      3549      3545      3716         2
      2155      3721      3554      3549      3719         2
      2156      3723      3559      3554      3721         2
      2157      3726      3565      3559      3723         2
      2158      3728      3570      3565      3726         2
      2159      3732      3574      3570      3728         2
      2160      3735      3579      3574      3732         2
      2161      3737      3584      3579      3735         2
      2162      3740      3588      3584      3737         2
      2163      3741      3593      3588      3740         2
      2164      3743      3596      3593      3741         2
      2165      3745      3601      3596      3743         2
      2166      3746      3608      3601      3745         2
      2167      3748      3612      3608      3746         2
      2168      3749      3617      3612      3748         2
      2169      3751      3620      3617      3749         2
      2170      3753      3625      3620      3751         2
      2171      3754      3630      3625      3753         2
      2172      3759      3635      3630      3754         2
      2173      3760      3638      3635      3759         2
      2174      3762      3642      3638      3760         2
      2175      3764      3646      3642      3762         2
      2176      3765      3650      3646      3764         2
      2177      3767      3655      3650      3765         2
      2178      3768      3657      3655      3767         2
      2179      3770      3661      3657      3768         2
      2180      3772      3665      3661      3770         2
      2181      3773      3669      3665      3772         2
      2182      3776      3674      3669      3773         2
      2183      3777      3677      3674      3776         2
      2184      3779      3681      3677      3777         2
      2185      3780      3686      3681      3779         2
      2186      3784      3690      3686      3780         2
      2187      3785      3693      3690      3784         2
      2188      3787      3695      3693      3785         2
      2189      3789      3700      3695      3787         2
      2190      3790      3704      3700      3789         2
      2191      3792      3706      3704      3790         2
      2192      3793      3709      3706      3792         2
      2193      3795      3712      3709      3793         2
      2194      3796      3715      3712      3795         2
      2195      3798      3718      3715      3796         2
      2196      3800      3722      3718      3798         2
      2197      3804      3724      3722      3800         2
      2198      3805      3727      3724      3804         2
      2199      3807      3731      3727      3805         2
      2200      3808      3733      3731      3807         2
      2201      2679      2837      2849      2690         2
      2202      2666      2827      2837      2679         2
      2203      2655      2814      2827      2666         2
      2204      2643      2804      2814      2655         2
      2205      2633      2792      2804      2643         2
      2206      2623      2781      2792      2633         2
      2207      2610      2770      2781      2623         2
      2208      2598      2759      2770      2610         2
      2209      2589      2750      2759      2598         2
      2210      2579      2739      2750      2589         2
      2211      2568      2729      2739      2579         2
      2212      2556      2717      2729      2568         2
      2213      2546      2705      2717      2556         2
      2214      2533      2693      2705      2546         2
      2215      2523      2682      2693      2533         2
      2216      2512      2672      2682      2523         2
      2217      2502      2661      2672      2512         2
      2218      2491      2651      2661      2502         2
      2219      2479      2642      2651      2491         2
      2220      2470      2631      2642      2479         2
      2221      2459      2620      2631      2470         2
      2222      2451      2608      2620      2459         2
      2223      2441      2597      2608      2451         2
      2224      2433      2586      2597      2441         2
      2225      2422      2576      2586      2433         2
      2226      2410      2567      2576      2422         2
      2227      2401      2554      2567      2410         2
      2228      2391      2543      2554      2401         2
      2229      2382      2535      2543      2391         2
      2230      2372      2525      2535      2382         2
      2231      2361      2514      2525      2372         2
      2232      2353      2504      2514      2361         2
      2233      2343      2493      2504      2353         2
      2234      2333      2482      2493      2343         2
      2235      2324      2472      2482      2333         2
      2236      2312      2461      2472      2324         2
      2237      2301      2454      2461      2312         2
      2238      2292      2444      2454      2301         2
      2239      2283      2436      2444      2292         2
      2240      2272      2425      2436      2283         2
      2241      2265      2417      2425      2272         2
      2242      2256      2405      2417      2265         2
      2243      2249      2398      2405      2256         2
      2244      2239      2388      2398      2249         2
      2245      2230      2379      2388      2239         2
      2246      2221      2369      2379      2230         2
      2247      2210      2358      2369      2221         2
      2248      2201      2349      2358      2210         2
      2249      2193      2339      2349      2201         2
      2250      2182      2331      2339      2193         2
      2251      2174      2320      2331      2182         2
      2252      2165      2311      2320      2174         2
      2253      2156      2300      2311      2165         2
      2254      2144      2291      2300      2156         2
      2255      2137      2284      2291      2144         2
      2256      2127      2273      2284      2137         2
      2257      2121      2268      2273      2127         2
      2258      2112      2259      2268      2121         2
      2259      2103      2250      2259      2112         2
      2260      2093      2241      2250      2103         2
      2261      2084      2232      2241      2093         2
      2262      2076      2222      2232      2084         2
      2263      2067      2214      2222      2076         2
      2264      2058      2204      2214      2067         2
      2265      2049      2196      2204      2058         2
      2266      2040      2188      2196      2049         2
      2267      2032      2178      2188      2040         2
      2268      2023      2170      2178      2032         2
      2269      2015      2161      2170      2023         2
      2270      2007      2153      2161      2015         2
      2271      2837      3000      3008      2849         2
      2272      2827      2988      3000      2837         2
      2273      2814      2979      2988      2827         2
      2274      2804      2970      2979      2814         2
      2275      2792      2960      2970      2804         2
      2276      2781      2947      2960      2792         2
      2277      2770      2937      2947      2781         2
      2278      2759      2926      2937      2770         2
      2279      2750      2915      2926      2759         2
      2280      2739      2905      2915      2750         2
      2281      2729      2892      2905      2739         2
      2282      2717      2882      2892      2729         2
      2283      2705      2868      2882      2717         2
      2284      2693      2857      2868      2705         2
      2285      2682      2847      2857      2693         2
      2286      2672      2838      2847      2682         2
      2287      2661      2828      2838      2672         2
      2288      2651      2815      2828      2661         2
      2289      2642      2805      2815      2651         2
      2290      2631      2795      2805      2642         2
      2291      2620      2784      2795      2631         2
      2292      2608      2773      2784      2620         2
      2293      2597      2762      2773      2608         2
      2294      2586      2752      2762      2597         2
      2295      2576      2741      2752      2586         2
      2296      2567      2732      2741      2576         2
      2297      2554      2720      2732      2567         2
      2298      2543      2711      2720      2554         2
      2299      2535      2700      2711      2543         2
      2300      2525      2691      2700      2535         2
      2301      2514      2680      2691      2525         2
      2302      2504      2668      2680      2514         2
      2303      2493      2657      2668      2504         2
      2304      2482      2646      2657      2493         2
      2305      2472      2637      2646      2482         2
      2306      2461      2629      2637      2472         2
      2307      2454      2618      2629      2461         2
      2308      2444      2606      2618      2454         2
      2309      2436      2594      2606      2444         2
      2310      2425      2585      2594      2436         2
      2311      2417      2575      2585      2425         2
      2312      2405      2566      2575      2417         2
      2313      2398      2555      2566      2405         2
      2314      2388      2548      2555      2398         2
      2315      2379      2536      2548      2388         2
      2316      2369      2526      2536      2379         2
      2317      2358      2515      2526      2369         2
      2318      2349      2506      2515      2358         2
      2319      2339      2495      2506      2349         2
      2320      2331      2486      2495      2339         2
      2321      2320      2476      2486      2331         2
      2322      2311      2468      2476      2320         2
      2323      2300      2457      2468      2311         2
      2324      2291      2449      2457      2300         2
      2325      2284      2440      2449      2291         2
      2326      2273      2432      2440      2284         2
      2327      2268      2423      2432      2273         2
      2328      2259      2412      2423      2268         2
      2329      2250      2403      2412      2259         2
      2330      2241      2394      2403      2250         2
      2331      2232      2385      2394      2241         2
      2332      2222      2378      2385      2232         2
      2333      2214      2367      2378      2222         2
      2334      2204      2357      2367      2214         2
      2335      2196      2348      2357      2204         2
      2336      2188      2340      2348      2196         2
      2337      2178      2332      2340      2188         2
      2338      2170      2323      2332      2178         2
      2339      2161      2313      2323      2170         2
      2340      2153      2303      2313      2161         2
      2341      3000      3149      3158      3008         2
      2342      2988      3140      3149      3000         2
      2343      2979      3133      3140      2988         2
      2344      2970      3123      3133      2979         2
      2345      2960      3114      3123      2970         2
      2346      2947      3105      3114      2960         2
      2347      2937      3095      3105      2947         2
      2348      2926      3086      3095      2937         2
      2349      2915      3077      3086      2926         2
      2350      2905      3064      3077      2915         2
      2351      2892      3054      3064      2905         2
      2352      2882      3045      3054      2892         2
      2353      2868      3034      3045      2882         2
      2354      2857      3022      3034      2868         2
      2355      2847      3014      3022      2857         2
      2356      2838      3004      3014      2847         2
      2357      2828      2994      3004      2838         2
      2358      2815      2985      2994      2828         2
      2359      2805      2975      2985      2815         2
      2360      2795      2966      2975      2805         2
      2361      2784      2956      2966      2795         2
      2362      2773      2944      2956      2784         2
      2363      2762      2935      2944      2773         2
      2364      2752      2923      2935      2762         2
      2365      2741      2913      2923      2752         2
      2366      2732      2902      2913      2741         2
      2367      2720      2890      2902      2732         2
      2368      2711      2881      2890      2720         2
      2369      2700      2867      2881      2711         2
      2370      2691      2858      2867      2700         2
      2371      2680      2850      2858      2691         2
      2372      2668      2839      2850      2680         2
      2373      2657      2829      2839      2668         2
      2374      2646      2816      2829      2657         2
      2375      2637      2808      2816      2646         2
      2376      2629      2796      2808      2637         2
      2377      2618      2788      2796      2629         2
      2378      2606      2777      2788      2618         2
      2379      2594      2766      2777      2606         2
      2380      2585      2756      2766      2594         2
      2381      2575      2747      2756      2585         2
      2382      2566      2737      2747      2575         2
      2383      2555      2726      2737      2566         2
      2384      2548      2716      2726      2555         2
      2385      2536      2708      2716      2548         2
      2386      2526      2696      2708      2536         2
      2387      2515      2684      2696      2526         2
      2388      2506      2675      2684      2515         2
      2389      2495      2665      2675      2506         2
      2390      2486      2656      2665      2495         2
      2391      2476      2644      2656      2486         2
      2392      2468      2635      2644      2476         2
      2393      2457      2627      2635      2468         2
      2394      2449      2619      2627      2457         2
      2395      2440      2607      2619      2449         2
      2396      2432      2596      2607      2440         2
      2397      2423      2587      2596      2432         2
      2398      2412      2578      2587      2423         2
      2399      2403      2571      2578      2412         2
      2400      2394      2560      2571      2403         2
      2401      2385      2550      2560      2394         2
      2402      2378      2540      2550      2385         2
      2403      2367      2529      2540      2378         2
      2404      2357      2519      2529      2367         2
      2405      2348      2509      2519      2357         2
      2406      2340      2501      2509      2348         2
      2407      2332      2492      2501      2340         2
      2408      2323      2481      2492      2332         2
      2409      2313      2473      2481      2323         2
      2410      2303      2464      2473      2313         2
      2411      3149      3284      3290      3158         2
      2412      3140      3274      3284      3149         2
      2413      3133      3266      3274      3140         2
      2414      3123      3258      3266      3133         2
      2415      3114      3251      3258      3123         2
      2416      3105      3240      3251      3114         2
      2417      3095      3232      3240      3105         2
      2418      3086      3226      3232      3095         2
      2419      3077      3219      3226      3086         2
      2420      3064      3211      3219      3077         2
      2421      3054      3203      3211      3064         2
      2422      3045      3194      3203      3054         2
      2423      3034      3185      3194      3045         2
      2424      3022      3176      3185      3034         2
      2425      3014      3165      3176      3022         2
      2426      3004      3156      3165      3014         2
      2427      2994      3148      3156      3004         2
      2428      2985      3141      3148      2994         2
      2429      2975      3134      3141      2985         2
      2430      2966      3124      3134      2975         2
      2431      2956      3116      3124      2966         2
      2432      2944      3106      3116      2956         2
      2433      2935      3097      3106      2944         2
      2434      2923      3087      3097      2935         2
      2435      2913      3079      3087      2923         2
      2436      2902      3068      3079      2913         2
      2437      2890      3057      3068      2902         2
      2438      2881      3051      3057      2890         2
      2439      2867      3040      3051      2881         2
      2440      2858      3030      3040      2867         2
      2441      2850      3017      3030      2858         2
      2442      2839      3009      3017      2850         2
      2443      2829      3001      3009      2839         2
      2444      2816      2992      3001      2829         2
      2445      2808      2983      2992      2816         2
      2446      2796      2971      2983      2808         2
      2447      2788      2962      2971      2796         2
      2448      2777      2953      2962      2788         2
      2449      2766      2941      2953      2777         2
      2450      2756      2934      2941      2766         2
      2451      2747      2922      2934      2756         2
      2452      2737      2912      2922      2747         2
      2453      2726      2904      2912      2737         2
      2454      2716      2891      2904      2726         2
      2455      2708      2883      2891      2716         2
      2456      2696      2871      2883      2708         2
      2457      2684      2863      2871      2696         2
      2458      2675      2853      2863      2684         2
      2459      2665      2842      2853      2675         2
      2460      2656      2832      2842      2665         2
      2461      2644      2820      2832      2656         2
      2462      2635      2812      2820      2644         2
      2463      2627      2801      2812      2635         2
      2464      2619      2791      2801      2627         2
      2465      2607      2783      2791      2619         2
      2466      2596      2771      2783      2607         2
      2467      2587      2763      2771      2596         2
      2468      2578      2754      2763      2587         2
      2469      2571      2743      2754      2578         2
      2470      2560      2734      2743      2571         2
      2471      2550      2725      2734      2560         2
      2472      2540      2715      2725      2550         2
      2473      2529      2706      2715      2540         2
      2474      2519      2695      2706      2529         2
      2475      2509      2686      2695      2519         2
      2476      2501      2676      2686      2509         2
      2477      2492      2667      2676      2501         2
      2478      2481      2658      2667      2492         2
      2479      2473      2648      2658      2481         2
      2480      2464      2640      2648      2473         2
      2481      3284      3397      3402      3290         2
      2482      3274      3389      3397      3284         2
      2483      3266      3383      3389      3274         2
      2484      3258      3376      3383      3266         2
      2485      3251      3370      3376      3258         2
      2486      3240      3365      3370      3251         2
      2487      3232      3358      3365      3240         2
      2488      3226      3352      3358      3232         2
      2489      3219      3344      3352      3226         2
      2490      3211      3337      3344      3219         2
      2491      3203      3331      3337      3211         2
      2492      3194      3323      3331      3203         2
      2493      3185      3315      3323      3194         2
      2494      3176      3309      3315      3185         2
      2495      3165      3303      3309      3176         2
      2496      3156      3293      3303      3165         2
      2497      3148      3286      3293      3156         2
      2498      3141      3276      3286      3148         2
      2499      3134      3270      3276      3141         2
      2500      3124      3263      3270      3134         2
      2501      3116      3256      3263      3124         2
      2502      3106      3249      3256      3116         2
      2503      3097      3238      3249      3106         2
      2504      3087      3230      3238      3097         2
      2505      3079      3223      3230      3087         2
      2506      3068      3216      3223      3079         2
      2507      3057      3209      3216      3068         2
      2508      3051      3202      3209      3057         2
      2509      3040      3193      3202      3051         2
      2510      3030      3184      3193      3040         2
      2511      3017      3177      3184      3030         2
      2512      3009      3166      3177      3017         2
      2513      3001      3160      3166      3009         2
      2514      2992      3152      3160      3001         2
      2515      2983      3143      3152      2992         2
      2516      2971      3135      3143      2983         2
      2517      2962      3126      3135      2971         2
      2518      2953      3119      3126      2962         2
      2519      2941      3109      3119      2953         2
      2520      2934      3099      3109      2941         2
      2521      2922      3092      3099      2934         2
      2522      2912      3083      3092      2922         2
      2523      2904      3076      3083      2912         2
      2524      2891      3063      3076      2904         2
      2525      2883      3055      3063      2891         2
      2526      2871      3046      3055      2883         2
      2527      2863      3036      3046      2871         2
      2528      2853      3028      3036      2863         2
      2529      2842      3016      3028      2853         2
      2530      2832      3006      3016      2842         2
      2531      2820      2999      3006      2832         2
      2532      2812      2991      2999      2820         2
      2533      2801      2982      2991      2812         2
      2534      2791      2972      2982      2801         2
      2535      2783      2964      2972      2791         2
      2536      2771      2954      2964      2783         2
      2537      2763      2946      2954      2771         2
      2538      2754      2936      2946      2763         2
      2539      2743      2925      2936      2754         2
      2540      2734      2917      2925      2743         2
      2541      2725      2908      2917      2734         2
      2542      2715      2898      2908      2725         2
      2543      2706      2887      2898      2715         2
      2544      2695      2876      2887      2706         2
      2545      2686      2865      2876      2695         2
      2546      2676      2855      2865      2686         2
      2547      2667      2845      2855      2676         2
      2548      2658      2840      2845      2667         2
      2549      2648      2830      2840      2658         2
      2550      2640      2818      2830      2648         2
      2551      3411      3298      3290      3402         2
      2552      3417      3307      3298      3411         2
      2553      3424      3313      3307      3417         2
      2554      3432      3321      3313      3424         2
      2555      3440      3329      3321      3432         2
      2556      3443      3336      3329      3440         2
      2557      3451      3343      3336      3443         2
      2558      3457      3351      3343      3451         2
      2559      3465      3356      3351      3457         2
      2560      3469      3364      3356      3465         2
      2561      3476      3371      3364      3469         2
      2562      3483      3377      3371      3476         2
      2563      3489      3384      3377      3483         2
      2564      3495      3391      3384      3489         2
      2565      3502      3398      3391      3495         2
      2566      3507      3405      3398      3502         2
      2567      3511      3412      3405      3507         2
      2568      3517      3419      3412      3511         2
      2569      3523      3428      3419      3517         2
      2570      3528      3434      3428      3523         2
      2571      3533      3441      3434      3528         2
      2572      3538      3447      3441      3533         2
      2573      3545      3454      3447      3538         2
      2574      3549      3460      3454      3545         2
      2575      3554      3468      3460      3549         2
      2576      3559      3473      3468      3554         2
      2577      3565      3480      3473      3559         2
      2578      3570      3486      3480      3565         2
      2579      3574      3492      3486      3570         2
      2580      3579      3499      3492      3574         2
      2581      3584      3504      3499      3579         2
      2582      3588      3510      3504      3584         2
      2583      3593      3516      3510      3588         2
      2584      3596      3522      3516      3593         2
      2585      3601      3526      3522      3596         2
      2586      3608      3532      3526      3601         2
      2587      3612      3537      3532      3608         2
      2588      3617      3544      3537      3612         2
      2589      3620      3550      3544      3617         2
      2590      3625      3555      3550      3620         2
      2591      3630      3561      3555      3625         2
      2592      3635      3567      3561      3630         2
      2593      3638      3571      3567      3635         2
      2594      3642      3577      3571      3638         2
      2595      3646      3580      3577      3642         2
      2596      3650      3585      3580      3646         2
      2597      3655      3590      3585      3650         2
      2598      3657      3594      3590      3655         2
      2599      3661      3599      3594      3657         2
      2600      3665      3603      3599      3661         2
      2601      3669      3609      3603      3665         2
      2602      3674      3613      3609      3669         2
      2603      3677      3618      3613      3674         2
      2604      3681      3623      3618      3677         2
      2605      3686      3628      3623      3681         2
      2606      3690      3633      3628      3686         2
      2607      3693      3637      3633      3690         2
      2608      3695      3640      3637      3693         2
      2609      3700      3643      3640      3695         2
      2610      3704      3648      3643      3700         2
      2611      3706      3653      3648      3704         2
      2612      3709      3656      3653      3706         2
      2613      3712      3660      3656      3709         2
      2614      3715      3663      3660      3712         2
      2615      3718      3668      3663      3715         2
      2616      3722      3673      3668      3718         2
      2617      3724      3676      3673      3722         2
      2618      3727      3680      3676      3724         2
      2619      3731      3685      3680      3727         2
      2620      3733      3689      3685      3731         2
      2621      3298      3167      3158      3290         2
      2622      3307      3178      3167      3298         2
      2623      3313      3187      3178      3307         2
      2624      3321      3195      3187      3313         2
      2625      3329      3204      3195      3321         2
      2626      3336      3213      3204      3329         2
      2627      3343      3220      3213      3336         2
      2628      3351      3229      3220      3343         2
      2629      3356      3237      3229      3351         2
      2630      3364      3245      3237      3356         2
      2631      3371      3255      3245      3364         2
      2632      3377      3262      3255      3371         2
      2633      3384      3271      3262      3377         2
      2634      3391      3277      3271      3384         2
      2635      3398      3287      3277      3391         2
      2636      3405      3296      3287      3398         2
      2637      3412      3304      3296      3405         2
      2638      3419      3312      3304      3412         2
      2639      3428      3320      3312      3419         2
      2640      3434      3327      3320      3428         2
      2641      3441      3335      3327      3434         2
      2642      3447      3342      3335      3441         2
      2643      3454      3350      3342      3447         2
      2644      3460      3355      3350      3454         2
      2645      3468      3363      3355      3460         2
      2646      3473      3372      3363      3468         2
      2647      3480      3380      3372      3473         2
      2648      3486      3386      3380      3480         2
      2649      3492      3393      3386      3486         2
      2650      3499      3400      3393      3492         2
      2651      3504      3407      3400      3499         2
      2652      3510      3413      3407      3504         2
      2653      3516      3421      3413      3510         2
      2654      3522      3429      3421      3516         2
      2655      3526      3436      3429      3522         2
      2656      3532      3442      3436      3526         2
      2657      3537      3450      3442      3532         2
      2658      3544      3456      3450      3537         2
      2659      3550      3464      3456      3544         2
      2660      3555      3470      3464      3550         2
      2661      3561      3477      3470      3555         2
      2662      3567      3484      3477      3561         2
      2663      3571      3491      3484      3567         2
      2664      3577      3497      3491      3571         2
      2665      3580      3503      3497      3577         2
      2666      3585      3508      3503      3580         2
      2667      3590      3514      3508      3585         2
      2668      3594      3520      3514      3590         2
      2669      3599      3525      3520      3594         2
      2670      3603      3531      3525      3599         2
      2671      3609      3536      3531      3603         2
      2672      3613      3543      3536      3609         2
      2673      3618      3548      3543      3613         2
      2674      3623      3553      3548      3618         2
      2675      3628      3560      3553      3623         2
      2676      3633      3566      3560      3628         2
      2677      3637      3572      3566      3633         2
      2678      3640      3578      3572      3637         2
      2679      3643      3582      3578      3640         2
      2680      3648      3586      3582      3643         2
      2681      3653      3591      3586      3648         2
      2682      3656      3595      3591      3653         2
      2683      3660      3600      3595      3656         2
      2684      3663      3605      3600      3660         2
      2685      3668      3611      3605      3663         2
      2686      3673      3615      3611      3668         2
      2687      3676      3619      3615      3673         2
      2688      3680      3624      3619      3676         2
      2689      3685      3629      3624      3680         2
      2690      3689      3634      3629      3685         2
      2691      3167      3018      3008      3158         2
      2692      3178      3031      3018      3167         2
      2693      3187      3041      3031      3178         2
      2694      3195      3052      3041      3187         2
      2695      3204      3062      3052      3195         2
      2696      3213      3075      3062      3204         2
      2697      3220      3084      3075      3213         2
      2698      3229      3094      3084      3220         2
      2699      3237      3103      3094      3229         2
      2700      3245      3112      3103      3237         2
      2701      3255      3122      3112      3245         2
      2702      3262      3132      3122      3255         2
      2703      3271      3142      3132      3262         2
      2704      3277      3151      3142      3271         2
      2705      3287      3161      3151      3277         2
      2706      3296      3169      3161      3287         2
      2707      3304      3179      3169      3296         2
      2708      3312      3188      3179      3304         2
      2709      3320      3198      3188      3312         2
      2710      3327      3206      3198      3320         2
      2711      3335      3214      3206      3327         2
      2712      3342      3222      3214      3335         2
      2713      3350      3231      3222      3342         2
      2714      3355      3239      3231      3350         2
      2715      3363      3250      3239      3355         2
      2716      3372      3257      3250      3363         2
      2717      3380      3267      3257      3372         2
      2718      3386      3275      3267      3380         2
      2719      3393      3285      3275      3386         2
      2720      3400      3292      3285      3393         2
      2721      3407      3302      3292      3400         2
      2722      3413      3311      3302      3407         2
      2723      3421      3319      3311      3413         2
      2724      3429      3326      3319      3421         2
      2725      3436      3333      3326      3429         2
      2726      3442      3340      3333      3436         2
      2727      3450      3348      3340      3442         2
      2728      3456      3354      3348      3450         2
      2729      3464      3362      3354      3456         2
      2730      3470      3369      3362      3464         2
      2731      3477      3379      3369      3470         2
      2732      3484      3385      3379      3477         2
      2733      3491      3394      3385      3484         2
      2734      3497      3401      3394      3491         2
      2735      3503      3410      3401      3497         2
      2736      3508      3415      3410      3503         2
      2737      3514      3423      3415      3508         2
      2738      3520      3431      3423      3514         2
      2739      3525      3438      3431      3520         2
      2740      3531      3444      3438      3525         2
      2741      3536      3452      3444      3531         2
      2742      3543      3458      3452      3536         2
      2743      3548      3466      3458      3543         2
      2744      3553      3472      3466      3548         2
      2745      3560      3479      3472      3553         2
      2746      3566      3485      3479      3560         2
      2747      3572      3493      3485      3566         2
      2748      3578      3501      3493      3572         2
      2749      3582      3506      3501      3578         2
      2750      3586      3512      3506      3582         2
      2751      3591      3518      3512      3586         2
      2752      3595      3524      3518      3591         2
      2753      3600      3529      3524      3595         2
      2754      3605      3535      3529      3600         2
      2755      3611      3539      3535      3605         2
      2756      3615      3546      3539      3611         2
      2757      3619      3552      3546      3615         2
      2758      3624      3558      3552      3619         2
      2759      3629      3564      3558      3624         2
      2760      3634      3569      3564      3629         2
      2761      3018      2859      2849      3008         2
      2762      3031      2870      2859      3018         2
      2763      3041      2884      2870      3031         2
      2764      3052      2894      2884      3041         2
      2765      3062      2907      2894      3052         2
      2766      3075      2918      2907      3062         2
      2767      3084      2929      2918      3075         2
      2768      3094      2939      2929      3084         2
      2769      3103      2950      2939      3094         2
      2770      3112      2961      2950      3103         2
      2771      3122      2973      2961      3112         2
      2772      3132      2984      2973      3122         2
      2773      3142      2993      2984      3132         2
      2774      3151      3005      2993      3142         2
      2775      3161      3015      3005      3151         2
      2776      3169      3027      3015      3161         2
      2777      3179      3038      3027      3169         2
      2778      3188      3049      3038      3179         2
      2779      3198      3060      3049      3188         2
      2780      3206      3069      3060      3198         2
      2781      3214      3080      3069      3206         2
      2782      3222      3091      3080      3214         2
      2783      3231      3100      3091      3222         2
      2784      3239      3111      3100      3231         2
      2785      3250      3121      3111      3239         2
      2786      3257      3130      3121      3250         2
      2787      3267      3139      3130      3257         2
      2788      3275      3150      3139      3267         2
      2789      3285      3162      3150      3275         2
      2790      3292      3171      3162      3285         2
      2791      3302      3181      3171      3292         2
      2792      3311      3190      3181      3302         2
      2793      3319      3200      3190      3311         2
      2794      3326      3207      3200      3319         2
      2795      3333      3217      3207      3326         2
      2796      3340      3225      3217      3333         2
      2797      3348      3235      3225      3340         2
      2798      3354      3242      3235      3348         2
      2799      3362      3252      3242      3354         2
      2800      3369      3260      3252      3362         2
      2801      3379      3268      3260      3369         2
      2802      3385      3278      3268      3379         2
      2803      3394      3288      3278      3385         2
      2804      3401      3297      3288      3394         2
      2805      3410      3305      3297      3401         2
      2806      3415      3314      3305      3410         2
      2807      3423      3322      3314      3415         2
      2808      3431      3330      3322      3423         2
      2809      3438      3339      3330      3431         2
      2810      3444      3345      3339      3438         2
      2811      3452      3353      3345      3444         2
      2812      3458      3360      3353      3452         2
      2813      3466      3368      3360      3458         2
      2814      3472      3374      3368      3466         2
      2815      3479      3382      3374      3472         2
      2816      3485      3392      3382      3479         2
      2817      3493      3399      3392      3485         2
      2818      3501      3406      3399      3493         2
      2819      3506      3414      3406      3501         2
      2820      3512      3422      3414      3506         2
      2821      3518      3430      3422      3512         2
      2822      3524      3439      3430      3518         2
      2823      3529      3445      3439      3524         2
      2824      3535      3453      3445      3529         2
      2825      3539      3459      3453      3535         2
      2826      3546      3467      3459      3539         2
      2827      3552      3474      3467      3546         2
      2828      3558      3481      3474      3552         2
      2829      3564      3488      3481      3558         2
      2830      3569      3494      3488      3564         2
      2831      2859      2701      2690      2849         2
      2832      2870      2714      2701      2859         2
      2833      2884      2723      2714      2870         2
      2834      2894      2735      2723      2884         2
      2835      2907      2744      2735      2894         2
      2836      2918      2757      2744      2907         2
      2837      2929      2768      2757      2918         2
      2838      2939      2778      2768      2929         2
      2839      2950      2790      2778      2939         2
      2840      2961      2802      2790      2950         2
      2841      2973      2813      2802      2961         2
      2842      2984      2825      2813      2973         2
      2843      2993      2836      2825      2984         2
      2844      3005      2848      2836      2993         2
      2845      3015      2860      2848      3005         2
      2846      3027      2872      2860      3015         2
      2847      3038      2886      2872      3027         2
      2848      3049      2896      2886      3038         2
      2849      3060      2909      2896      3049         2
      2850      3069      2920      2909      3060         2
      2851      3080      2932      2920      3069         2
      2852      3091      2943      2932      3080         2
      2853      3100      2957      2943      3091         2
      2854      3111      2967      2957      3100         2
      2855      3121      2977      2967      3111         2
      2856      3130      2987      2977      3121         2
      2857      3139      2998      2987      3130         2
      2858      3150      3007      2998      3139         2
      2859      3162      3020      3007      3150         2
      2860      3171      3032      3020      3162         2
      2861      3181      3043      3032      3171         2
      2862      3190      3053      3043      3181         2
      2863      3200      3065      3053      3190         2
      2864      3207      3078      3065      3200         2
      2865      3217      3089      3078      3207         2
      2866      3225      3098      3089      3217         2
      2867      3235      3108      3098      3225         2
      2868      3242      3120      3108      3235         2
      2869      3252      3128      3120      3242         2
      2870      3260      3138      3128      3252         2
      2871      3268      3147      3138      3260         2
      2872      3278      3157      3147      3268         2
      2873      3288      3168      3157      3278         2
      2874      3297      3180      3168      3288         2
      2875      3305      3189      3180      3297         2
      2876      3314      3199      3189      3305         2
      2877      3322      3208      3199      3314         2
      2878      3330      3218      3208      3322         2
      2879      3339      3227      3218      3330         2
      2880      3345      3236      3227      3339         2
      2881      3353      3244      3236      3345         2
      2882      3360      3254      3244      3353         2
      2883      3368      3264      3254      3360         2
      2884      3374      3273      3264      3368         2
      2885      3382      3280      3273      3374         2
      2886      3392      3289      3280      3382         2
      2887      3399      3299      3289      3392         2
      2888      3406      3308      3299      3399         2
      2889      3414      3318      3308      3406         2
      2890      3422      3325      3318      3414         2
      2891      3430      3334      3325      3422         2
      2892      3439      3341      3334      3430         2
      2893      3445      3349      3341      3439         2
      2894      3453      3357      3349      3445         2
      2895      3459      3366      3357      3453         2
      2896      3467      3373      3366      3459         2
      2897      3474      3381      3373      3467         2
      2898      3481      3388      3381      3474         2
      2899      3488      3395      3388      3481         2
      2900      3494      3403      3395      3488         2
      2901      2128      2140      2018      2006         2
      2902      2255      2267      2140      2128         2
      2903      2392      2402      2267      2255         2
      2904      2534      2547      2402      2392         2
      2905      2690      2701      2547      2534         2
      2906      2140      2148      2028      2018         2
      2907      2267      2277      2148      2140         2
      2908      2402      2413      2277      2267         2
      2909      2547      2558      2413      2402         2
      2910      2701      2714      2558      2547         2
      2911      2148      2159      2038      2028         2
      2912      2277      2289      2159      2148         2
      2913      2413      2424      2289      2277         2
      2914      2558      2570      2424      2413         2
      2915      2714      2723      2570      2558         2
      2916      2159      2171      2048      2038         2
      2917      2289      2298      2171      2159         2
      2918      2424      2435      2298      2289         2
      2919      2570      2581      2435      2424         2
      2920      2723      2735      2581      2570         2
      2921      2171      2181      2057      2048         2
      2922      2298      2309      2181      2171         2
      2923      2435      2445      2309      2298         2
      2924      2581      2591      2445      2435         2
      2925      2735      2744      2591      2581         2
      2926      2181      2192      2070      2057         2
      2927      2309      2319      2192      2181         2
      2928      2445      2455      2319      2309         2
      2929      2591      2602      2455      2445         2
      2930      2744      2757      2602      2591         2
      2931      2192      2202      2080      2070         2
      2932      2319      2329      2202      2192         2
      2933      2455      2467      2329      2319         2
      2934      2602      2614      2467      2455         2
      2935      2757      2768      2614      2602         2
      2936      2202      2211      2091      2080         2
      2937      2329      2341      2211      2202         2
      2938      2467      2475      2341      2329         2
      2939      2614      2624      2475      2467         2
      2940      2768      2778      2624      2614         2
      2941      2211      2223      2100      2091         2
      2942      2341      2352      2223      2211         2
      2943      2475      2488      2352      2341         2
      2944      2624      2636      2488      2475         2
      2945      2778      2790      2636      2624         2
      2946      2223      2233      2111      2100         2
      2947      2352      2364      2233      2223         2
      2948      2488      2496      2364      2352         2
      2949      2636      2647      2496      2488         2
      2950      2790      2802      2647      2636         2
      2951      2233      2244      2122      2111         2
      2952      2364      2374      2244      2233         2
      2953      2496      2508      2374      2364         2
      2954      2647      2660      2508      2496         2
      2955      2802      2813      2660      2647         2
      2956      2244      2253      2130      2122         2
      2957      2374      2383      2253      2244         2
      2958      2508      2520      2383      2374         2
      2959      2660      2670      2520      2508         2
      2960      2813      2825      2670      2660         2
      2961      2253      2264      2141      2130         2
      2962      2383      2395      2264      2253         2
      2963      2520      2532      2395      2383         2
      2964      2670      2681      2532      2520         2
      2965      2825      2836      2681      2670         2
      2966      2264      2274      2154      2141         2
      2967      2395      2404      2274      2264         2
      2968      2532      2544      2404      2395         2
      2969      2681      2694      2544      2532         2
      2970      2836      2848      2694      2681         2
      2971      2274      2287      2162      2154         2
      2972      2404      2418      2287      2274         2
      2973      2544      2557      2418      2404         2
      2974      2694      2707      2557      2544         2
      2975      2848      2860      2707      2694         2
      2976      2287      2297      2175      2162         2
      2977      2418      2428      2297      2287         2
      2978      2557      2569      2428      2418         2
      2979      2707      2719      2569      2557         2
      2980      2860      2872      2719      2707         2
      2981      2297      2308      2185      2175         2
      2982      2428      2439      2308      2297         2
      2983      2569      2582      2439      2428         2
      2984      2719      2731      2582      2569         2
      2985      2872      2886      2731      2719         2
      2986      2308      2318      2195      2185         2
      2987      2439      2450      2318      2308         2
      2988      2582      2592      2450      2439         2
      2989      2731      2740      2592      2582         2
      2990      2886      2896      2740      2731         2
      2991      2318      2330      2206      2195         2
      2992      2450      2460      2330      2318         2
      2993      2592      2605      2460      2450         2
      2994      2740      2753      2605      2592         2
      2995      2896      2909      2753      2740         2
      2996      2330      2342      2217      2206         2
      2997      2460      2471      2342      2330         2
      2998      2605      2617      2471      2460         2
      2999      2753      2764      2617      2605         2
      3000      2909      2920      2764      2753         2
      3001      2342      2354      2229      2217         2
      3002      2471      2483      2354      2342         2
      3003      2617      2628      2483      2471         2
      3004      2764      2775      2628      2617         2
      3005      2920      2932      2775      2764         2
      3006      2354      2365      2240      2229         2
      3007      2483      2494      2365      2354         2
      3008      2628      2639      2494      2483         2
      3009      2775      2789      2639      2628         2
      3010      2932      2943      2789      2775         2
      3011      2365      2375      2251      2240         2
      3012      2494      2507      2375      2365         2
      3013      2639      2650      2507      2494         2
      3014      2789      2799      2650      2639         2
      3015      2943      2957      2799      2789         2
      3016      2375      2386      2261      2251         2
      3017      2507      2516      2386      2375         2
      3018      2650      2662      2516      2507         2
      3019      2799      2811      2662      2650         2
      3020      2957      2967      2811      2799         2
      3021      2386      2400      2271      2261         2
      3022      2516      2531      2400      2386         2
      3023      2662      2673      2531      2516         2
      3024      2811      2823      2673      2662         2
      3025      2967      2977      2823      2811         2
      3026      2400      2409      2282      2271         2
      3027      2531      2542      2409      2400         2
      3028      2673      2685      2542      2531         2
      3029      2823      2833      2685      2673         2
      3030      2977      2987      2833      2823         2
      3031      2409      2421      2290      2282         2
      3032      2542      2552      2421      2409         2
      3033      2685      2698      2552      2542         2
      3034      2833      2844      2698      2685         2
      3035      2987      2998      2844      2833         2
      3036      2421      2431      2304      2290         2
      3037      2552      2565      2431      2421         2
      3038      2698      2712      2565      2552         2
      3039      2844      2856      2712      2698         2
      3040      2998      3007      2856      2844         2
      3041      2431      2442      2316      2304         2
      3042      2565      2577      2442      2431         2
      3043      2712      2721      2577      2565         2
      3044      2856      2869      2721      2712         2
      3045      3007      3020      2869      2856         2
      3046      2442      2452      2326      2316         2
      3047      2577      2590      2452      2442         2
      3048      2721      2733      2590      2577         2
      3049      2869      2885      2733      2721         2
      3050      3020      3032      2885      2869         2
      3051      2452      2462      2337      2326         2
      3052      2590      2601      2462      2452         2
      3053      2733      2746      2601      2590         2
      3054      2885      2895      2746      2733         2
      3055      3032      3043      2895      2885         2
      3056      2462      2474      2350      2337         2
      3057      2601      2616      2474      2462         2
      3058      2746      2758      2616      2601         2
      3059      2895      2910      2758      2746         2
      3060      3043      3053      2910      2895         2
      3061      2474      2487      2360      2350         2
      3062      2616      2625      2487      2474         2
      3063      2758      2769      2625      2616         2
      3064      2910      2921      2769      2758         2
      3065      3053      3065      2921      2910         2
      3066      2487      2497      2373      2360         2
      3067      2625      2638      2497      2487         2
      3068      2769      2782      2638      2625         2
      3069      2921      2933      2782      2769         2
      3070      3065      3078      2933      2921         2
      3071      2497      2510      2384      2373         2
      3072      2638      2649      2510      2497         2
      3073      2782      2794      2649      2638         2
      3074      2933      2945      2794      2782         2
      3075      3078      3089      2945      2933         2
      3076      2510      2524      2396      2384         2
      3077      2649      2663      2524      2510         2
      3078      2794      2806      2663      2649         2
      3079      2945      2959      2806      2794         2
      3080      3089      3098      2959      2945         2
      3081      2524      2537      2408      2396         2
      3082      2663      2674      2537      2524         2
      3083      2806      2817      2674      2663         2
      3084      2959      2969      2817      2806         2
      3085      3098      3108      2969      2959         2
      3086      2537      2549      2420      2408         2
      3087      2674      2688      2549      2537         2
      3088      2817      2831      2688      2674         2
      3089      2969      2980      2831      2817         2
      3090      3108      3120      2980      2969         2
      3091      2549      2561      2430      2420         2
      3092      2688      2699      2561      2549         2
      3093      2831      2843      2699      2688         2
      3094      2980      2990      2843      2831         2
      3095      3120      3128      2990      2980         2
      3096      2561      2572      2443      2430         2
      3097      2699      2713      2572      2561         2
      3098      2843      2854      2713      2699         2
      3099      2990      3002      2854      2843         2
      3100      3128      3138      3002      2990         2
      3101      2572      2584      2453      2443         2
      3102      2713      2724      2584      2572         2
      3103      2854      2866      2724      2713         2
      3104      3002      3012      2866      2854         2
      3105      3138      3147      3012      3002         2
      3106      2584      2595      2463      2453         2
      3107      2724      2738      2595      2584         2
      3108      2866      2880      2738      2724         2
      3109      3012      3023      2880      2866         2
      3110      3147      3157      3023      3012         2
      3111      2595      2609      2477      2463         2
      3112      2738      2749      2609      2595         2
      3113      2880      2893      2749      2738         2
      3114      3023      3035      2893      2880         2
      3115      3157      3168      3035      3023         2
      3116      2609      2622      2489      2477         2
      3117      2749      2761      2622      2609         2
      3118      2893      2906      2761      2749         2
      3119      3035      3048      2906      2893         2
      3120      3168      3180      3048      3035         2
      3121      2622      2634      2498      2489         2
      3122      2761      2774      2634      2622         2
      3123      2906      2919      2774      2761         2
      3124      3048      3059      2919      2906         2
      3125      3180      3189      3059      3048         2
      3126      2634      2645      2513      2498         2
      3127      2774      2787      2645      2634         2
      3128      2919      2930      2787      2774         2
      3129      3059      3071      2930      2919         2
      3130      3189      3199      3071      3059         2
      3131      2645      2659      2527      2513         2
      3132      2787      2797      2659      2645         2
      3133      2930      2942      2797      2787         2
      3134      3071      3081      2942      2930         2
      3135      3199      3208      3081      3071         2
      3136      2659      2671      2538      2527         2
      3137      2797      2809      2671      2659         2
      3138      2942      2958      2809      2797         2
      3139      3081      3093      2958      2942         2
      3140      3208      3218      3093      3081         2
      3141      2671      2683      2551      2538         2
      3142      2809      2822      2683      2671         2
      3143      2958      2968      2822      2809         2
      3144      3093      3104      2968      2958         2
      3145      3218      3227      3104      3093         2
      3146      2683      2697      2564      2551         2
      3147      2822      2834      2697      2683         2
      3148      2968      2978      2834      2822         2
      3149      3104      3115      2978      2968         2
      3150      3227      3236      3115      3104         2
      3151      2697      2710      2574      2564         2
      3152      2834      2846      2710      2697         2
      3153      2978      2989      2846      2834         2
      3154      3115      3125      2989      2978         2
      3155      3236      3244      3125      3115         2
      3156      2710      2722      2588      2574         2
      3157      2846      2862      2722      2710         2
      3158      2989      3003      2862      2846         2
      3159      3125      3136      3003      2989         2
      3160      3244      3254      3136      3125         2
      3161      2722      2736      2600      2588         2
      3162      2862      2873      2736      2722         2
      3163      3003      3013      2873      2862         2
      3164      3136      3145      3013      3003         2
      3165      3254      3264      3145      3136         2
      3166      2736      2748      2615      2600         2
      3167      2873      2888      2748      2736         2
      3168      3013      3024      2888      2873         2
      3169      3145      3154      3024      3013         2
      3170      3264      3273      3154      3145         2
      3171      2748      2760      2626      2615         2
      3172      2888      2900      2760      2748         2
      3173      3024      3037      2900      2888         2
      3174      3154      3164      3037      3024         2
      3175      3273      3280      3164      3154         2
      3176      2760      2772      2641      2626         2
      3177      2900      2911      2772      2760         2
      3178      3037      3050      2911      2900         2
      3179      3164      3175      3050      3037         2
      3180      3280      3289      3175      3164         2
      3181      2772      2786      2653      2641         2
      3182      2911      2924      2786      2772         2
      3183      3050      3061      2924      2911         2
      3184      3175      3186      3061      3050         2
      3185      3289      3299      3186      3175         2
      3186      2786      2798      2664      2653         2
      3187      2924      2938      2798      2786         2
      3188      3061      3073      2938      2924         2
      3189      3186      3196      3073      3061         2
      3190      3299      3308      3196      3186         2
      3191      2798      2810      2678      2664         2
      3192      2938      2949      2810      2798         2
      3193      3073      3085      2949      2938         2
      3194      3196      3205      3085      3073         2
      3195      3308      3318      3205      3196         2
      3196      2810      2824      2692      2678         2
      3197      2949      2963      2824      2810         2
      3198      3085      3096      2963      2949         2
      3199      3205      3215      3096      3085         2
      3200      3318      3325      3215      3205         2
      3201      2824      2835      2704      2692         2
      3202      2963      2974      2835      2824         2
      3203      3096      3107      2974      2963         2
      3204      3215      3224      3107      3096         2
      3205      3325      3334      3224      3215         2
      3206      2835      2851      2718      2704         2
      3207      2974      2986      2851      2835         2
      3208      3107      3118      2986      2974         2
      3209      3224      3234      3118      3107         2
      3210      3334      3341      3234      3224         2
      3211      2851      2864      2730      2718         2
      3212      2986      2997      2864      2851         2
      3213      3118      3127      2997      2986         2
      3214      3234      3243      3127      3118         2
      3215      3341      3349      3243      3234         2
      3216      2864      2874      2742      2730         2
      3217      2997      3011      2874      2864         2
      3218      3127      3137      3011      2997         2
      3219      3243      3253      3137      3127         2
      3220      3349      3357      3253      3243         2
      3221      2874      2889      2755      2742         2
      3222      3011      3021      2889      2874         2
      3223      3137      3146      3021      3011         2
      3224      3253      3261      3146      3137         2
      3225      3357      3366      3261      3253         2
      3226      2889      2903      2767      2755         2
      3227      3021      3033      2903      2889         2
      3228      3146      3159      3033      3021         2
      3229      3261      3272      3159      3146         2
      3230      3366      3373      3272      3261         2
      3231      2903      2916      2780      2767         2
      3232      3033      3047      2916      2903         2
      3233      3159      3170      3047      3033         2
      3234      3272      3279      3170      3159         2
      3235      3373      3381      3279      3272         2
      3236      2916      2928      2793      2780         2
      3237      3047      3058      2928      2916         2
      3238      3170      3182      3058      3047         2
      3239      3279      3291      3182      3170         2
      3240      3381      3388      3291      3279         2
      3241      2928      2940      2807      2793         2
      3242      3058      3072      2940      2928         2
      3243      3182      3191      3072      3058         2
      3244      3291      3301      3191      3182         2
      3245      3388      3395      3301      3291         2
      3246      2940      2955      2819      2807         2
      3247      3072      3082      2955      2940         2
      3248      3191      3201      3082      3072         2
      3249      3301      3310      3201      3191         2
      3250      3395      3403      3310      3301         2
      3251      2015      1879      1870      2007         2
      3252      2023      1886      1879      2015         2
      3253      2032      1898      1886      2023         2
      3254      2040      1903      1898      2032         2
      3255      2049      1914      1903      2040         2
      3256      2058      1919      1914      2049         2
      3257      2067      1932      1919      2058         2
      3258      2076      1937      1932      2067         2
      3259      2084      1948      1937      2076         2
      3260      2093      1956      1948      2084         2
      3261      2103      1964      1956      2093         2
      3262      2112      1973      1964      2103         2
      3263      2121      1981      1973      2112         2
      3264      2127      1989      1981      2121         2
      3265      2137      1997      1989      2127         2
      3266      2144      2004      1997      2137         2
      3267      2156      2013      2004      2144         2
      3268      2165      2022      2013      2156         2
      3269      2174      2031      2022      2165         2
      3270      2182      2041      2031      2174         2
      3271      2193      2051      2041      2182         2
      3272      2201      2059      2051      2193         2
      3273      2210      2069      2059      2201         2
      3274      2221      2077      2069      2210         2
      3275      2230      2088      2077      2221         2
      3276      2239      2095      2088      2230         2
      3277      2249      2107      2095      2239         2
      3278      2256      2114      2107      2249         2
      3279      2265      2124      2114      2256         2
      3280      2272      2134      2124      2265         2
      3281      2283      2142      2134      2272         2
      3282      2292      2152      2142      2283         2
      3283      2301      2160      2152      2292         2
      3284      2312      2172      2160      2301         2
      3285      2324      2179      2172      2312         2
      3286      2333      2189      2179      2324         2
      3287      2343      2199      2189      2333         2
      3288      2353      2209      2199      2343         2
      3289      2361      2219      2209      2353         2
      3290      2372      2228      2219      2361         2
      3291      2382      2238      2228      2372         2
      3292      2391      2248      2238      2382         2
      3293      2401      2257      2248      2391         2
      3294      2410      2266      2257      2401         2
      3295      2422      2275      2266      2410         2
      3296      2433      2285      2275      2422         2
      3297      2441      2294      2285      2433         2
      3298      2451      2305      2294      2441         2
      3299      2459      2315      2305      2451         2
      3300      2470      2325      2315      2459         2
      3301      2479      2335      2325      2470         2
      3302      2491      2346      2335      2479         2
      3303      2502      2355      2346      2491         2
      3304      2512      2366      2355      2502         2
      3305      2523      2377      2366      2512         2
      3306      2533      2387      2377      2523         2
      3307      2546      2397      2387      2533         2
      3308      2556      2406      2397      2546         2
      3309      2568      2419      2406      2556         2
      3310      2579      2427      2419      2568         2
      3311      2589      2438      2427      2579         2
      3312      2598      2447      2438      2589         2
      3313      2610      2458      2447      2598         2
      3314      2623      2469      2458      2610         2
      3315      2633      2478      2469      2623         2
      3316      2643      2490      2478      2633         2
      3317      2655      2499      2490      2643         2
      3318      2666      2511      2499      2655         2
      3319      2679      2522      2511      2666         2
      3320      2690      2534      2522      2679         2
      3321      1879      1748      1742      1870         2
      3322      1886      1757      1748      1879         2
      3323      1898      1765      1757      1886         2
      3324      1903      1775      1765      1898         2
      3325      1914      1782      1775      1903         2
      3326      1919      1791      1782      1914         2
      3327      1932      1799      1791      1919         2
      3328      1937      1808      1799      1932         2
      3329      1948      1818      1808      1937         2
      3330      1956      1824      1818      1948         2
      3331      1964      1834      1824      1956         2
      3332      1973      1842      1834      1964         2
      3333      1981      1849      1842      1973         2
      3334      1989      1857      1849      1981         2
      3335      1997      1864      1857      1989         2
      3336      2004      1875      1864      1997         2
      3337      2013      1883      1875      2004         2
      3338      2022      1893      1883      2013         2
      3339      2031      1901      1893      2022         2
      3340      2041      1910      1901      2031         2
      3341      2051      1917      1910      2041         2
      3342      2059      1929      1917      2051         2
      3343      2069      1935      1929      2059         2
      3344      2077      1945      1935      2069         2
      3345      2088      1953      1945      2077         2
      3346      2095      1963      1953      2088         2
      3347      2107      1972      1963      2095         2
      3348      2114      1980      1972      2107         2
      3349      2124      1988      1980      2114         2
      3350      2134      1998      1988      2124         2
      3351      2142      2005      1998      2134         2
      3352      2152      2014      2005      2142         2
      3353      2160      2025      2014      2152         2
      3354      2172      2034      2025      2160         2
      3355      2179      2043      2034      2172         2
      3356      2189      2052      2043      2179         2
      3357      2199      2061      2052      2189         2
      3358      2209      2073      2061      2199         2
      3359      2219      2082      2073      2209         2
      3360      2228      2092      2082      2219         2
      3361      2238      2101      2092      2228         2
      3362      2248      2110      2101      2238         2
      3363      2257      2120      2110      2248         2
      3364      2266      2129      2120      2257         2
      3365      2275      2138      2129      2266         2
      3366      2285      2145      2138      2275         2
      3367      2294      2158      2145      2285         2
      3368      2305      2167      2158      2294         2
      3369      2315      2177      2167      2305         2
      3370      2325      2187      2177      2315         2
      3371      2335      2198      2187      2325         2
      3372      2346      2207      2198      2335         2
      3373      2355      2216      2207      2346         2
      3374      2366      2227      2216      2355         2
      3375      2377      2237      2227      2366         2
      3376      2387      2247      2237      2377         2
      3377      2397      2258      2247      2387         2
      3378      2406      2269      2258      2397         2
      3379      2419      2276      2269      2406         2
      3380      2427      2288      2276      2419         2
      3381      2438      2296      2288      2427         2
      3382      2447      2307      2296      2438         2
      3383      2458      2317      2307      2447         2
      3384      2469      2327      2317      2458         2
      3385      2478      2336      2327      2469         2
      3386      2490      2347      2336      2478         2
      3387      2499      2359      2347      2490         2
      3388      2511      2371      2359      2499         2
      3389      2522      2381      2371      2511         2
      3390      2534      2392      2381      2522         2
      3391      1748      1609      1601      1742         2
      3392      1757      1621      1609      1748         2
      3393      1765      1630      1621      1757         2
      3394      1775      1640      1630      1765         2
      3395      1782      1649      1640      1775         2
      3396      1791      1660      1649      1782         2
      3397      1799      1670      1660      1791         2
      3398      1808      1678      1670      1799         2
      3399      1818      1689      1678      1808         2
      3400      1824      1695      1689      1818         2
      3401      1834      1706      1695      1824         2
      3402      1842      1713      1706      1834         2
      3403      1849      1724      1713      1842         2
      3404      1857      1728      1724      1849         2
      3405      1864      1738      1728      1857         2
      3406      1875      1747      1738      1864         2
      3407      1883      1758      1747      1875         2
      3408      1893      1766      1758      1883         2
      3409      1901      1776      1766      1893         2
      3410      1910      1784      1776      1901         2
      3411      1917      1794      1784      1910         2
      3412      1929      1802      1794      1917         2
      3413      1935      1811      1802      1929         2
      3414      1945      1820      1811      1935         2
      3415      1953      1827      1820      1945         2
      3416      1963      1836      1827      1953         2
      3417      1972      1845      1836      1963         2
      3418      1980      1852      1845      1972         2
      3419      1988      1861      1852      1980         2
      3420      1998      1868      1861      1988         2
      3421      2005      1880      1868      1998         2
      3422      2014      1888      1880      2005         2
      3423      2025      1899      1888      2014         2
      3424      2034      1907      1899      2025         2
      3425      2043      1916      1907      2034         2
      3426      2052      1927      1916      2043         2
      3427      2061      1934      1927      2052         2
      3428      2073      1944      1934      2061         2
      3429      2082      1952      1944      2073         2
      3430      2092      1961      1952      2082         2
      3431      2101      1970      1961      2092         2
      3432      2110      1979      1970      2101         2
      3433      2120      1991      1979      2110         2
      3434      2129      1999      1991      2120         2
      3435      2138      2008      1999      2129         2
      3436      2145      2016      2008      2138         2
      3437      2158      2027      2016      2145         2
      3438      2167      2035      2027      2158         2
      3439      2177      2046      2035      2167         2
      3440      2187      2055      2046      2177         2
      3441      2198      2064      2055      2187         2
      3442      2207      2075      2064      2198         2
      3443      2216      2085      2075      2207         2
      3444      2227      2094      2085      2216         2
      3445      2237      2106      2094      2227         2
      3446      2247      2113      2106      2237         2
      3447      2258      2125      2113      2247         2
      3448      2269      2136      2125      2258         2
      3449      2276      2143      2136      2269         2
      3450      2288      2155      2143      2276         2
      3451      2296      2163      2155      2288         2
      3452      2307      2176      2163      2296         2
      3453      2317      2184      2176      2307         2
      3454      2327      2194      2184      2317         2
      3455      2336      2205      2194      2327         2
      3456      2347      2215      2205      2336         2
      3457      2359      2225      2215      2347         2
      3458      2371      2236      2225      2359         2
      3459      2381      2246      2236      2371         2
      3460      2392      2255      2246      2381         2
      3461      1609      1476      1468      1601         2
      3462      1621      1486      1476      1609         2
      3463      1630      1493      1486      1621         2
      3464      1640      1505      1493      1630         2
      3465      1649      1511      1505      1640         2
      3466      1660      1523      1511      1649         2
      3467      1670      1529      1523      1660         2
      3468      1678      1541      1529      1670         2
      3469      1689      1548      1541      1678         2
      3470      1695      1560      1548      1689         2
      3471      1706      1568      1560      1695         2
      3472      1713      1577      1568      1706         2
      3473      1724      1585      1577      1713         2
      3474      1728      1596      1585      1724         2
      3475      1738      1604      1596      1728         2
      3476      1747      1616      1604      1738         2
      3477      1758      1623      1616      1747         2
      3478      1766      1637      1623      1758         2
      3479      1776      1643      1637      1766         2
      3480      1784      1656      1643      1776         2
      3481      1794      1663      1656      1784         2
      3482      1802      1676      1663      1794         2
      3483      1811      1683      1676      1802         2
      3484      1820      1693      1683      1811         2
      3485      1827      1703      1693      1820         2
      3486      1836      1712      1703      1827         2
      3487      1845      1721      1712      1836         2
      3488      1852      1729      1721      1845         2
      3489      1861      1739      1729      1852         2
      3490      1868      1749      1739      1861         2
      3491      1880      1759      1749      1868         2
      3492      1888      1768      1759      1880         2
      3493      1899      1778      1768      1888         2
      3494      1907      1785      1778      1899         2
      3495      1916      1795      1785      1907         2
      3496      1927      1804      1795      1916         2
      3497      1934      1813      1804      1927         2
      3498      1944      1822      1813      1934         2
      3499      1952      1830      1822      1944         2
      3500      1961      1839      1830      1952         2
      3501      1970      1848      1839      1961         2
      3502      1979      1858      1848      1970         2
      3503      1991      1865      1858      1979         2
      3504      1999      1876      1865      1991         2
      3505      2008      1884      1876      1999         2
      3506      2016      1895      1884      2008         2
      3507      2027      1902      1895      2016         2
      3508      2035      1915      1902      2027         2
      3509      2046      1922      1915      2035         2
      3510      2055      1933      1922      2046         2
      3511      2064      1943      1933      2055         2
      3512      2075      1950      1943      2064         2
      3513      2085      1960      1950      2075         2
      3514      2094      1968      1960      2085         2
      3515      2106      1978      1968      2094         2
      3516      2113      1990      1978      2106         2
      3517      2125      2000      1990      2113         2
      3518      2136      2009      2000      2125         2
      3519      2143      2019      2009      2136         2
      3520      2155      2029      2019      2143         2
      3521      2163      2037      2029      2155         2
      3522      2176      2047      2037      2163         2
      3523      2184      2056      2047      2176         2
      3524      2194      2068      2056      2184         2
      3525      2205      2078      2068      2194         2
      3526      2215      2090      2078      2205         2
      3527      2225      2098      2090      2215         2
      3528      2236      2109      2098      2225         2
      3529      2246      2119      2109      2236         2
      3530      2255      2128      2119      2246         2
      3531      1476      1356      1347      1468         2
      3532      1486      1364      1356      1476         2
      3533      1493      1373      1364      1486         2
      3534      1505      1381      1373      1493         2
      3535      1511      1391      1381      1505         2
      3536      1523      1398      1391      1511         2
      3537      1529      1408      1398      1523         2
      3538      1541      1416      1408      1529         2
      3539      1548      1424      1416      1541         2
      3540      1560      1435      1424      1548         2
      3541      1568      1441      1435      1560         2
      3542      1577      1451      1441      1568         2
      3543      1585      1458      1451      1577         2
      3544      1596      1469      1458      1585         2
      3545      1604      1477      1469      1596         2
      3546      1616      1489      1477      1604         2
      3547      1623      1495      1489      1616         2
      3548      1637      1507      1495      1623         2
      3549      1643      1514      1507      1637         2
      3550      1656      1525      1514      1643         2
      3551      1663      1533      1525      1656         2
      3552      1676      1544      1533      1663         2
      3553      1683      1552      1544      1676         2
      3554      1693      1562      1552      1683         2
      3555      1703      1573      1562      1693         2
      3556      1712      1582      1573      1703         2
      3557      1721      1591      1582      1712         2
      3558      1729      1602      1591      1721         2
      3559      1739      1610      1602      1729         2
      3560      1749      1622      1610      1739         2
      3561      1759      1632      1622      1749         2
      3562      1768      1641      1632      1759         2
      3563      1778      1654      1641      1768         2
      3564      1785      1662      1654      1778         2
      3565      1795      1674      1662      1785         2
      3566      1804      1681      1674      1795         2
      3567      1813      1692      1681      1804         2
      3568      1822      1701      1692      1813         2
      3569      1830      1711      1701      1822         2
      3570      1839      1720      1711      1830         2
      3571      1848      1730      1720      1839         2
      3572      1858      1741      1730      1848         2
      3573      1865      1750      1741      1858         2
      3574      1876      1762      1750      1865         2
      3575      1884      1769      1762      1876         2
      3576      1895      1780      1769      1884         2
      3577      1902      1788      1780      1895         2
      3578      1915      1797      1788      1902         2
      3579      1922      1807      1797      1915         2
      3580      1933      1817      1807      1922         2
      3581      1943      1826      1817      1933         2
      3582      1950      1835      1826      1943         2
      3583      1960      1843      1835      1950         2
      3584      1968      1851      1843      1960         2
      3585      1978      1862      1851      1968         2
      3586      1990      1869      1862      1978         2
      3587      2000      1881      1869      1990         2
      3588      2009      1892      1881      2000         2
      3589      2019      1900      1892      2009         2
      3590      2029      1912      1900      2019         2
      3591      2037      1918      1912      2029         2
      3592      2047      1931      1918      2037         2
      3593      2056      1939      1931      2047         2
      3594      2068      1949      1939      2056         2
      3595      2078      1959      1949      2068         2
      3596      2090      1967      1959      2078         2
      3597      2098      1976      1967      2090         2
      3598      2109      1987      1976      2098         2
      3599      2119      1996      1987      2109         2
      3600      2128      2006      1996      2119         2
      3601      1473      1456      1464      1481         3
      3602      1488      1473      1481      1498         3
      3603      1501      1488      1498      1515         3
      3604      1516      1501      1515      1535         3
      3605      1532      1516      1535      1551         3
      3606      1546      1532      1551      1570         3
      3607      1564      1546      1570      1587         3
      3608      1580      1564      1587      1606         3
      3609      1594      1580      1606      1625         3
      3610      1612      1594      1625      1646         3
      3611      1628      1612      1646      1666         3
      3612      1645      1628      1666      1684         3
      3613      1661      1645      1684      1705         3
      3614      1679      1661      1705      1722         3
      3615      1694      1679      1722      1740         3
      3616      1710      1694      1740      1761         3
      3617      1727      1710      1761      1779         3
      3618      1743      1727      1779      1796         3
      3619      1756      1743      1796      1814         3
      3620      1772      1756      1814      1832         3
      3621      1786      1772      1832      1850         3
      3622      1803      1786      1850      1867         3
      3623      1819      1803      1867      1885         3
      3624      1833      1819      1885      1906         3
      3625      1846      1833      1906      1928         3
      3626      1860      1846      1928      1947         3
      3627      1877      1860      1947      1965         3
      3628      1894      1877      1965      1983         3
      3629      1909      1894      1983      2003         3
      3630      1923      1909      2003      2021         3
      3631      1940      1923      2021      2044         3
      3632      1955      1940      2044      2063         3
      3633      1969      1955      2063      2086         3
      3634      1985      1969      2086      2108         3
      3635      2001      1985      2108      2126         3
      3636      2017      2001      2126      2146         3
      3637      2033      2017      2146      2169         3
      3638      2050      2033      2169      2191         3
      3639      2066      2050      2191      2212         3
      3640      2083      2066      2212      2234         3
      3641      2099      2083      2234      2254         3
      3642      2117      2099      2254      2278         3
      3643      2133      2117      2278      2299         3
      3644      2149      2133      2299      2322         3
      3645      2166      2149      2322      2344         3
      3646      2183      2166      2344      2368         3
      3647      2200      2183      2368      2390         3
      3648      2218      2200      2390      2414         3
      3649      2235      2218      2414      2437         3
      3650      2252      2235      2437      2456         3
      3651      2270      2252      2456      2480         3
      3652      2286      2270      2480      2505         3
      3653      2302      2286      2505      2528         3
      3654      2321      2302      2528      2553         3
      3655      2338      2321      2553      2580         3
      3656      2356      2338      2580      2603         3
      3657      2376      2356      2603      2630         3
      3658      2393      2376      2630      2654         3
      3659      2411      2393      2654      2677         3
      3660      2429      2411      2677      2702         3
      3661      2446      2429      2702      2728         3
      3662      2465      2446      2728      2751         3
      3663      2485      2465      2751      2776         3
      3664      2503      2485      2776      2800         3
      3665      2521      2503      2800      2826         3
      3666      2541      2521      2826      2852         3
      3667      2563      2541      2852      2875         3
      3668      2583      2563      2875      2901         3
      3669      2599      2583      2901      2927         3
      3670      2621      2599      2927      2952         3
      3671       670       660       901       902         3
      3672       680       670       902       903         3
      3673       687       680       903       904         3
      3674       696       687       904       906         3
      3675       706       696       906       907         3
      3676       715       706       907       908         3
      3677       724       715       908       910         3
      3678       733       724       910       916         3
      3679       743       733       916       918         3
      3680       753       743       918       921         3
      3681       760       753       921       923         3
      3682       770       760       923       925         3
      3683       778       770       925       928         3
      3684       789       778       928       936         3
      3685       797       789       936       938         3
      3686       807       797       938       941         3
      3687       816       807       941       945         3
      3688       824       816       945       951         3
      3689       833       824       951       954         3
      3690       843       833       954       959         3
      3691       854       843       959       964         3
      3692       862       854       964       971         3
      3693       872       862       971       974         3
      3694       879       872       974       980         3
      3695       889       879       980       986         3
      3696       900       889       986       991         3
      3697       919       900       991       998         3
      3698       933       919       998      1004         3
      3699       944       933      1004      1012         3
      3700       958       944      1012      1018         3
      3701       970       958      1018      1025         3
      3702       983       970      1025      1031         3
      3703       992       983      1031      1039         3
      3704      1002       992      1039      1046         3
      3705      1015      1002      1046      1053         3
      3706      1026      1015      1053      1060         3
      3707      1038      1026      1060      1067         3
      3708      1049      1038      1067      1076         3
      3709      1059      1049      1076      1085         3
      3710      1072      1059      1085      1092         3
      3711      1081      1072      1092      1099         3
      3712      1093      1081      1099      1109         3
      3713      1102      1093      1109      1118         3
      3714      1113      1102      1118      1129         3
      3715      1127      1113      1129      1141         3
      3716      1142      1127      1141      1152         3
      3717      1156      1142      1152      1161         3
      3718      1169      1156      1161      1173         3
      3719      1179      1169      1173      1185         3
      3720      1194      1179      1185      1199         3
      3721      1207      1194      1199      1209         3
      3722      1221      1207      1209      1222         3
      3723      1232      1221      1222      1235         3
      3724      1245      1232      1235      1246         3
      3725      1256      1245      1246      1255         3
      3726      1269      1256      1255      1268         3
      3727      1282      1269      1268      1281         3
      3728      1296      1282      1281      1294         3
      3729      1309      1296      1294      1307         3
      3730      1321      1309      1307      1320         3
      3731      1332      1321      1320      1330         3
      3732      1344      1332      1330      1345         3
      3733      1360      1344      1345      1361         3
      3734      1372      1360      1361      1374         3
      3735      1387      1372      1374      1389         3
      3736      1400      1387      1389      1406         3
      3737      1412      1400      1406      1420         3
      3738      1427      1412      1420      1436         3
      3739      1442      1427      1436      1450         3
      3740      1456      1442      1450      1464         3
