NODES INFORMATION
       1  0.0              106.66666412     0.0            
       2  0.5              106.66666412     0.0            
       3  1.0              106.66666412     0.0            
       4  1.5              106.66666412     0.0            
       5  2.0              106.66666412     0.0            
       6  2.5              106.66666412     0.0            
       7  3.0              106.66666412     0.0            
       8  3.5              106.66666412     0.0            
       9  4.0              106.66666412     0.0            
      10  4.5              106.66666412     0.0            
      11  5.0              106.66666412     0.0            
      12  5.5              106.66666412     0.0            
      13  6.0              106.66666412     0.0            
      14  6.5              106.66666412     0.0            
      15  7.0              106.66666412     0.0            
      16  7.5              106.66666412     0.0            
      17  8.0              106.66666412     0.0            
      18  8.5              106.66666412     0.0            
      19  9.0              106.66666412     0.0            
      20  9.5              106.66666412     0.0            
      21  10.0             106.66666412     0.0            
      22  10.0             111.1111145      0.0            
      23  10.0             115.55555725     0.0            
      24  10.0             120.0            0.0            
      25  9.5              120.0            0.0            
      26  9.0              120.0            0.0            
      27  8.5              120.0            0.0            
      28  8.0              120.0            0.0            
      29  7.5              120.0            0.0            
      30  7.0              120.0            0.0            
      31  6.5              120.0            0.0            
      32  6.0              120.0            0.0            
      33  5.5              120.0            0.0            
      34  5.0              120.0            0.0            
      35  4.5              120.0            0.0            
      36  4.0              120.0            0.0            
      37  3.5              120.0            0.0            
      38  3.0              120.0            0.0            
      39  2.5              120.0            0.0            
      40  2.0              120.0            0.0            
      41  1.5              120.0            0.0            
      42  1.0              120.0            0.0            
      43  0.5              120.0            0.0            
      44  0.0              120.0            0.0            
      45  0.0              115.55555725     0.0            
      46  0.0              111.1111145      0.0            
      47  9.5              111.1111145      0.0            
      48  9.0              111.1111145      0.0            
      49  8.5              111.1111145      0.0            
      50  8.0              111.1111145      0.0            
      51  7.5              111.1111145      0.0            
      52  7.0              111.1111145      0.0            
      53  6.5              111.1111145      0.0            
      54  6.0              111.1111145      0.0            
      55  5.5              111.1111145      0.0            
      56  5.0              111.1111145      0.0            
      57  4.5              111.1111145      0.0            
      58  4.0              111.1111145      0.0            
      59  3.5              111.1111145      0.0            
      60  3.0              111.1111145      0.0            
      61  2.5              111.1111145      0.0            
      62  2.0              111.1111145      0.0            
      63  1.5              111.1111145      0.0            
      64  1.0              111.1111145      0.0            
      65  0.5              111.1111145      0.0            
      66  5.0              115.55555725     0.0            
      67  5.5              115.55555725     0.0            
      68  6.0              115.55555725     0.0            
      69  6.5              115.55555725     0.0            
      70  7.0              115.55555725     0.0            
      71  7.5              115.55555725     0.0            
      72  8.0              115.55555725     0.0            
      73  8.5              115.55555725     0.0            
      74  9.0              115.55555725     0.0            
      75  9.5              115.55555725     0.0            
      76  0.5              115.55555725     0.0            
      77  1.0              115.55555725     0.0            
      78  1.5              115.55555725     0.0            
      79  2.0              115.55555725     0.0            
      80  2.5              115.55555725     0.0            
      81  3.0              115.55555725     0.0            
      82  3.5              115.55555725     0.0            
      83  4.0              115.55555725     0.0            
      84  4.5              115.55555725     0.0            
      85  0.0              101.33333588     0.0            
      86  0.0              96.0             0.0            
      87  0.0              90.66666412      0.0            
      88  0.0              85.33333588      0.0            
      89  0.0              80.0             0.0            
      90  0.0              74.66666412      0.0            
      91  0.0              69.33333588      0.0            
      92  0.0              64.0             0.0            
      93  0.0              58.66666794      0.0            
      94  0.0              53.33333206      0.0            
      95  0.0              48.0             0.0            
      96  0.0              42.66666794      0.0            
      97  0.0              37.33333206      0.0            
      98  0.0              32.0             0.0            
      99  0.0              26.66666603      0.0            
     100  0.0              21.33333397      0.0            
     101  0.0              16.0             0.0            
     102  0.0              10.66666698      0.0            
     103  0.0              5.33333349       0.0            
     104  0.0              0.0              0.0            
     105  4.03600979       0.0              0.0            
     106  8.07201958       0.0              0.0            
     107  7.7184186        5.33333349       0.0            
     108  7.36481762       10.66666698      0.0            
     109  7.01121664       16.0             0.0            
     110  6.65761566       21.33333397      0.0            
     111  6.30401468       26.66666603      0.0            
     112  5.9504137        32.0             0.0            
     113  5.59681273       37.33333206      0.0            
     114  5.24321175       42.66666794      0.0            
     115  4.88961077       48.0             0.0            
     116  4.53600979       53.33333206      0.0            
     117  4.18240881       58.66666794      0.0            
     118  3.82880783       64.0             0.0            
     119  3.47520685       69.33333588      0.0            
     120  3.12160587       74.66666412      0.0            
     121  2.76800489       80.0             0.0            
     122  2.41440392       85.33333588      0.0            
     123  2.06080294       90.66666412      0.0            
     124  1.70720196       96.0             0.0            
     125  1.35360098       101.33333588     0.0            
     126  2.26800489       53.33333206      0.0            
     127  3.15200734       26.66666603      0.0            
     128  3.68240881       10.66666698      0.0            
     129  3.8592093        5.33333349       0.0            
     130  3.50560832       16.0             0.0            
     131  3.32880783       21.33333397      0.0            
     132  2.79840636       37.33333206      0.0            
     133  2.97520685       32.0             0.0            
     134  2.62160587       42.66666794      0.0            
     135  2.44480538       48.0             0.0            
     136  1.38400245       80.0             0.0            
     137  1.91440392       64.0             0.0            
     138  2.0912044        58.66666794      0.0            
     139  1.73760343       69.33333588      0.0            
     140  1.56080294       74.66666412      0.0            
     141  1.03040147       90.66666412      0.0            
     142  1.20720196       85.33333588      0.0            
     143  0.85360098       96.0             0.0            
     144  0.67680049       101.33333588     0.0            
     145  12.09602642      0.0              0.0            
     146  11.56622505      5.33333349       0.0            
     147  11.03642368      10.66666698      0.0            
     148  10.50662231      16.0             0.0            
     149  9.97682095       21.33333397      0.0            
     150  9.44701958       26.66666603      0.0            
     151  8.91721821       32.0             0.0            
     152  8.38741684       37.33333206      0.0            
     153  7.85761595       42.66666794      0.0            
     154  7.32781458       48.0             0.0            
     155  6.79801321       53.33333206      0.0            
     156  6.26821184       58.66666794      0.0            
     157  5.73841047       64.0             0.0            
     158  5.2086091        69.33333588      0.0            
     159  4.67880774       74.66666412      0.0            
     160  4.14900637       80.0             0.0            
     161  3.61920524       85.33333588      0.0            
     162  3.08940387       90.66666412      0.0            
     163  2.55960274       96.0             0.0            
     164  2.02980137       101.33333588     0.0            
     165  16.67861366      0.0              0.0            
     166  21.26119995      0.0              0.0            
     167  25.84378624      0.0              0.0            
     168  30.42637253      0.0              0.0            
     169  35.00896072      0.0              0.0            
     170  39.5915451       0.0              0.0            
     171  44.1741333       0.0              0.0            
     172  48.7567215       0.0              0.0            
     173  53.33930588      0.0              0.0            
     174  57.92189407      0.0              0.0            
     175  62.50447845      0.0              0.0            
     176  67.08706665      0.0              0.0            
     177  71.66965485      0.0              0.0            
     178  76.25224304      0.0              0.0            
     179  80.83482361      0.0              0.0            
     180  85.4174118       0.0              0.0            
     181  90.0             0.0              0.0            
     182  86.0             5.33333349       0.0            
     183  82.0             10.66666698      0.0            
     184  78.0             16.0             0.0            
     185  74.0             21.33333397      0.0            
     186  70.0             26.66666603      0.0            
     187  66.0             32.0             0.0            
     188  62.0             37.33333206      0.0            
     189  58.0             42.66666794      0.0            
     190  54.0             48.0             0.0            
     191  50.0             53.33333206      0.0            
     192  46.0             58.66666794      0.0            
     193  42.0             64.0             0.0            
     194  38.0             69.33333588      0.0            
     195  34.0             74.66666412      0.0            
     196  30.0             80.0             0.0            
     197  26.0             85.33333588      0.0            
     198  22.0             90.66666412      0.0            
     199  18.0             96.0             0.0            
     200  14.0             101.33333588     0.0            
     201  47.4587059       53.33333206      0.0            
     202  44.9174118       53.33333206      0.0            
     203  42.37612152      53.33333206      0.0            
     204  39.83482742      53.33333206      0.0            
     205  37.29353333      53.33333206      0.0            
     206  34.75223923      53.33333206      0.0            
     207  32.21094513      53.33333206      0.0            
     208  29.66965294      53.33333206      0.0            
     209  27.12836075      53.33333206      0.0            
     210  24.58706665      53.33333206      0.0            
     211  22.04577255      53.33333206      0.0            
     212  19.50448036      53.33333206      0.0            
     213  16.96318626      53.33333206      0.0            
     214  14.42189312      53.33333206      0.0            
     215  11.88059998      53.33333206      0.0            
     216  9.33930683       53.33333206      0.0            
     217  66.43805695      26.66666603      0.0            
     218  62.87612152      26.66666603      0.0            
     219  59.31417847      26.66666603      0.0            
     220  55.75223923      26.66666603      0.0            
     221  52.19029999      26.66666603      0.0            
     222  48.62836075      26.66666603      0.0            
     223  45.06642151      26.66666603      0.0            
     224  41.50447845      26.66666603      0.0            
     225  37.94253922      26.66666603      0.0            
     226  34.38059998      26.66666603      0.0            
     227  30.81866074      26.66666603      0.0            
     228  27.25671959      26.66666603      0.0            
     229  23.69478035      26.66666603      0.0            
     230  20.1328392       26.66666603      0.0            
     231  16.57089996      26.66666603      0.0            
     232  13.00895977      26.66666603      0.0            
     233  43.8714447       21.33333397      0.0            
     234  46.23841095      16.0             0.0            
     235  48.6053772       10.66666698      0.0            
     236  50.97233963      5.33333349       0.0            
     237  50.20861053      16.0             0.0            
     238  54.1788063       16.0             0.0            
     239  58.14900589      16.0             0.0            
     240  62.11920547      16.0             0.0            
     241  66.08940125      16.0             0.0            
     242  70.05960083      16.0             0.0            
     243  74.02980042      16.0             0.0            
     244  58.93572235      21.33333397      0.0            
     245  51.40358353      21.33333397      0.0            
     246  47.63751602      21.33333397      0.0            
     247  55.16965485      21.33333397      0.0            
     248  66.46786499      21.33333397      0.0            
     249  62.70179367      21.33333397      0.0            
     250  70.2339325       21.33333397      0.0            
     251  68.48616791      5.33333349       0.0            
     252  65.3026886       10.66666698      0.0            
     253  64.10771179      5.33333349       0.0            
     254  59.72925568      5.33333349       0.0            
     255  55.35079956      5.33333349       0.0            
     256  56.9540329       10.66666698      0.0            
     257  61.12836075      10.66666698      0.0            
     258  52.77970505      10.66666698      0.0            
     259  81.62154388      5.33333349       0.0            
     260  77.24308777      5.33333349       0.0            
     261  72.86463165      5.33333349       0.0            
     262  73.6513443       10.66666698      0.0            
     263  77.82566833      10.66666698      0.0            
     264  69.47701263      10.66666698      0.0            
     265  28.80716705      21.33333397      0.0            
     266  30.35761642      16.0             0.0            
     267  31.90806389      10.66666698      0.0            
     268  33.45851135      5.33333349       0.0            
     269  34.32781601      16.0             0.0            
     270  38.29801178      16.0             0.0            
     271  42.26821136      16.0             0.0            
     272  36.33930588      21.33333397      0.0            
     273  32.57323837      21.33333397      0.0            
     274  40.1053772       21.33333397      0.0            
     275  36.08239365      10.66666698      0.0            
     276  40.2567215       10.66666698      0.0            
     277  44.43104935      10.66666698      0.0            
     278  42.2154274       5.33333349       0.0            
     279  37.83696747      5.33333349       0.0            
     280  46.59388351      5.33333349       0.0            
     281  14.47682095      16.0             0.0            
     282  18.44701958      16.0             0.0            
     283  22.41721916      16.0             0.0            
     284  26.38741684      16.0             0.0            
     285  17.50895882      21.33333397      0.0            
     286  13.74289036      21.33333397      0.0            
     287  25.04109764      21.33333397      0.0            
     288  21.27502823      21.33333397      0.0            
     289  20.32313919      5.33333349       0.0            
     290  19.38508034      10.66666698      0.0            
     291  15.94468212      5.33333349       0.0            
     292  15.21075153      10.66666698      0.0            
     293  29.08005524      5.33333349       0.0            
     294  24.70159721      5.33333349       0.0            
     295  27.73373604      10.66666698      0.0            
     296  23.55940819      10.66666698      0.0            
     297  32.03661728      48.0             0.0            
     298  34.40358353      42.66666794      0.0            
     299  36.77054977      37.33333206      0.0            
     300  39.13751602      32.0             0.0            
     301  37.35313416      42.66666794      0.0            
     302  40.3026886       42.66666794      0.0            
     303  43.25223923      42.66666794      0.0            
     304  46.20179367      42.66666794      0.0            
     305  49.1513443       42.66666794      0.0            
     306  52.10089493      42.66666794      0.0            
     307  55.05044937      42.66666794      0.0            
     308  43.01831055      48.0             0.0            
     309  40.27288818      48.0             0.0            
     310  37.52746582      48.0             0.0            
     311  34.78203964      48.0             0.0            
     312  51.25457764      48.0             0.0            
     313  48.50915527      48.0             0.0            
     314  45.76373291      48.0             0.0            
     315  52.5687561       32.0             0.0            
     316  49.38527298      37.33333206      0.0            
     317  49.21094513      32.0             0.0            
     318  45.85313416      32.0             0.0            
     319  42.495327        32.0             0.0            
     320  43.07791138      37.33333206      0.0            
     321  46.23159409      37.33333206      0.0            
     322  39.92422867      37.33333206      0.0            
     323  62.64218903      32.0             0.0            
     324  59.28437805      32.0             0.0            
     325  55.92656708      32.0             0.0            
     326  58.84631729      37.33333206      0.0            
     327  55.6926384       37.33333206      0.0            
     328  52.53895569      37.33333206      0.0            
     329  10.80716801      42.66666794      0.0            
     330  13.75671959      42.66666794      0.0            
     331  16.70627213      42.66666794      0.0            
     332  19.65582466      42.66666794      0.0            
     333  22.60537529      42.66666794      0.0            
     334  25.55492783      42.66666794      0.0            
     335  28.50448036      42.66666794      0.0            
     336  31.45403099      42.66666794      0.0            
     337  18.30950546      48.0             0.0            
     338  15.56408215      48.0             0.0            
     339  12.81865978      48.0             0.0            
     340  10.07323742      48.0             0.0            
     341  23.80035019      48.0             0.0            
     342  21.05492783      48.0             0.0            
     343  29.29119682      48.0             0.0            
     344  26.54577255      48.0             0.0            
     345  22.34846115      32.0             0.0            
     346  21.00214195      37.33333206      0.0            
     347  18.99065018      32.0             0.0            
     348  15.63284016      32.0             0.0            
     349  12.27502918      32.0             0.0            
     350  14.6947794       37.33333206      0.0            
     351  17.84846115      37.33333206      0.0            
     352  11.54109859      37.33333206      0.0            
     353  35.77970505      32.0             0.0            
     354  32.42189407      32.0             0.0            
     355  29.0640831       32.0             0.0            
     356  25.70627213      32.0             0.0            
     357  30.46318626      37.33333206      0.0            
     358  33.61686707      37.33333206      0.0            
     359  24.15582466      37.33333206      0.0            
     360  27.30950546      37.33333206      0.0            
     361  28.47935295      80.0             0.0            
     362  26.9587059       80.0             0.0            
     363  25.43806076      80.0             0.0            
     364  23.91741371      80.0             0.0            
     365  22.39676666      80.0             0.0            
     366  20.87611961      80.0             0.0            
     367  19.35547256      80.0             0.0            
     368  17.83482742      80.0             0.0            
     369  16.31418037      80.0             0.0            
     370  14.79353333      80.0             0.0            
     371  13.27288628      80.0             0.0            
     372  11.75224018      80.0             0.0            
     373  10.23159313      80.0             0.0            
     374  8.71094704       80.0             0.0            
     375  7.19029999       80.0             0.0            
     376  5.66965342       80.0             0.0            
     377  39.86696625      64.0             0.0            
     378  37.7339325       64.0             0.0            
     379  35.60089493      64.0             0.0            
     380  33.46786118      64.0             0.0            
     381  31.33482742      64.0             0.0            
     382  29.20179176      64.0             0.0            
     383  27.06875801      64.0             0.0            
     384  24.93572235      64.0             0.0            
     385  22.8026886       64.0             0.0            
     386  20.66965294      64.0             0.0            
     387  18.53661919      64.0             0.0            
     388  16.40358353      64.0             0.0            
     389  14.27054882      64.0             0.0            
     390  12.13751411      64.0             0.0            
     391  10.00447941      64.0             0.0            
     392  7.87144518       64.0             0.0            
     393  27.3026886       58.66666794      0.0            
     394  36.6513443       58.66666794      0.0            
     395  38.98850632      58.66666794      0.0            
     396  41.32567215      58.66666794      0.0            
     397  43.66283417      58.66666794      0.0            
     398  29.63985252      58.66666794      0.0            
     399  31.97701645      58.66666794      0.0            
     400  34.31417847      58.66666794      0.0            
     401  17.95403099      58.66666794      0.0            
     402  20.29119682      58.66666794      0.0            
     403  22.62836075      58.66666794      0.0            
     404  24.96552467      58.66666794      0.0            
     405  8.60537624       58.66666794      0.0            
     406  10.94254017      58.66666794      0.0            
     407  13.27970409      58.66666794      0.0            
     408  15.61686802      58.66666794      0.0            
     409  20.20179176      74.66666412      0.0            
     410  22.56875801      69.33333588      0.0            
     411  21.92656708      74.66666412      0.0            
     412  23.6513443       74.66666412      0.0            
     413  25.37611961      74.66666412      0.0            
     414  27.10089684      74.66666412      0.0            
     415  28.82567215      74.66666412      0.0            
     416  30.55044746      74.66666412      0.0            
     417  32.27522278      74.66666412      0.0            
     418  30.28437805      69.33333588      0.0            
     419  28.35547256      69.33333588      0.0            
     420  26.42656708      69.33333588      0.0            
     421  24.4976635       69.33333588      0.0            
     422  36.07109451      69.33333588      0.0            
     423  34.14218903      69.33333588      0.0            
     424  32.21328354      69.33333588      0.0            
     425  6.403584         74.66666412      0.0            
     426  8.12835979       74.66666412      0.0            
     427  9.85313606       74.66666412      0.0            
     428  11.57791233      74.66666412      0.0            
     429  13.30268764      74.66666412      0.0            
     430  15.02746391      74.66666412      0.0            
     431  16.75223923      74.66666412      0.0            
     432  18.47701645      74.66666412      0.0            
     433  12.92423058      69.33333588      0.0            
     434  10.99532509      69.33333588      0.0            
     435  9.0664196        69.33333588      0.0            
     436  7.13751459       69.33333588      0.0            
     437  20.63985252      69.33333588      0.0            
     438  18.71094704      69.33333588      0.0            
     439  16.78204155      69.33333588      0.0            
     440  14.85313606      69.33333588      0.0            
     441  20.88761139      90.66666412      0.0            
     442  19.77522469      90.66666412      0.0            
     443  18.66283607      90.66666412      0.0            
     444  17.55044746      90.66666412      0.0            
     445  16.43806076      90.66666412      0.0            
     446  15.32567215      90.66666412      0.0            
     447  14.21328354      90.66666412      0.0            
     448  13.10089588      90.66666412      0.0            
     449  11.98850822      90.66666412      0.0            
     450  10.87611961      90.66666412      0.0            
     451  9.76373196       90.66666412      0.0            
     452  8.6513443        90.66666412      0.0            
     453  7.53895617       90.66666412      0.0            
     454  6.42656803       90.66666412      0.0            
     455  5.3141799        90.66666412      0.0            
     456  4.20179176       90.66666412      0.0            
     457  15.46786118      85.33333588      0.0            
     458  16.78437805      85.33333588      0.0            
     459  18.10089684      85.33333588      0.0            
     460  19.41741371      85.33333588      0.0            
     461  20.73393059      85.33333588      0.0            
     462  22.05044746      85.33333588      0.0            
     463  23.36696625      85.33333588      0.0            
     464  24.68348312      85.33333588      0.0            
     465  4.93572283       85.33333588      0.0            
     466  6.2522397        85.33333588      0.0            
     467  7.56875706       85.33333588      0.0            
     468  8.88527489       85.33333588      0.0            
     469  10.20179176      85.33333588      0.0            
     470  11.51830959      85.33333588      0.0            
     471  12.83482647      85.33333588      0.0            
     472  14.1513443       85.33333588      0.0            
     473  17.09174156      96.0             0.0            
     474  16.18348312      96.0             0.0            
     475  15.27522373      96.0             0.0            
     476  14.36696529      96.0             0.0            
     477  13.45870686      96.0             0.0            
     478  12.55044842      96.0             0.0            
     479  11.64218903      96.0             0.0            
     480  10.73393059      96.0             0.0            
     481  9.82567215       96.0             0.0            
     482  8.91741371       96.0             0.0            
     483  8.00915432       96.0             0.0            
     484  7.10089588       96.0             0.0            
     485  6.19263744       96.0             0.0            
     486  5.28437853       96.0             0.0            
     487  4.37612009       96.0             0.0            
     488  3.46786141       96.0             0.0            
     489  13.29587078      101.33333588     0.0            
     490  12.59174156      101.33333588     0.0            
     491  11.88761234      101.33333588     0.0            
     492  11.18348312      101.33333588     0.0            
     493  10.47935295      101.33333588     0.0            
     494  9.77522373       101.33333588     0.0            
     495  9.07109451       101.33333588     0.0            
     496  8.36696529       101.33333588     0.0            
     497  7.66283607       101.33333588     0.0            
     498  6.95870686       101.33333588     0.0            
     499  6.25457716       101.33333588     0.0            
     500  5.55044794       101.33333588     0.0            
     501  4.84631872       101.33333588     0.0            
     502  4.1421895        101.33333588     0.0            
     503  3.43806005       101.33333588     0.0            
     504  2.73393059       101.33333588     0.0            
     505  4.03600979       -1.88202226      0.0            
     506  8.07201958       -3.76404452      0.0            
     507  8.07201958       -1.88202226      0.0            
     508  5.34690571       -1.24665153      0.0            
     509  12.09602642      -5.64046955      0.0            
     510  8.07201958       -19.01123619     0.0            
     511  8.07201958       -34.25842667     0.0            
     512  8.07201958       -49.50561905     0.0            
     513  8.07201958       -64.75280762     0.0            
     514  8.07201958       -80.0            0.0            
     515  12.09602642      -80.0            0.0            
     516  12.09602642      -65.12809753     0.0            
     517  12.09602642      -50.25618744     0.0            
     518  12.09602642      -35.38428116     0.0            
     519  12.09602642      -20.51237488     0.0            
     520  90.0             -41.96768951     0.0            
     521  90.0             -80.0            0.0            
     522  90.0             -72.39353943     0.0            
     523  90.0             -64.78707886     0.0            
     524  90.0             -57.18061447     0.0            
     525  90.0             -49.57415009     0.0            
     526  94.27056885      -80.0            0.0            
     527  98.54113007      -80.0            0.0            
     528  102.81169891     -80.0            0.0            
     529  107.08226013     -80.0            0.0            
     530  111.35282898     -80.0            0.0            
     531  115.62339783     -80.0            0.0            
     532  119.89395905     -80.0            0.0            
     533  124.16452789     -80.0            0.0            
     534  128.43508911     -80.0            0.0            
     535  132.70565796     -80.0            0.0            
     536  136.97622681     -80.0            0.0            
     537  141.24679565     -80.0            0.0            
     538  145.51734924     -80.0            0.0            
     539  149.78791809     -80.0            0.0            
     540  154.05848694     -80.0            0.0            
     541  158.32905579     -80.0            0.0            
     542  162.59962463     -80.0            0.0            
     543  166.87017822     -80.0            0.0            
     544  171.14074707     -80.0            0.0            
     545  175.41131592     -80.0            0.0            
     546  179.68188477     -80.0            0.0            
     547  183.95245361     -80.0            0.0            
     548  188.22302246     -80.0            0.0            
     549  192.49357605     -80.0            0.0            
     550  196.7641449      -80.0            0.0            
     551  201.03471375     -80.0            0.0            
     552  205.30528259     -80.0            0.0            
     553  205.30528259     -64.0            0.0            
     554  205.30528259     -48.0            0.0            
     555  205.30528259     -32.0            0.0            
     556  205.30528259     -16.0            0.0            
     557  205.30528259     0.0              0.0            
     558  201.03471375     -1.55435884      0.0            
     559  196.7641449      -3.10871768      0.0            
     560  192.49357605     -4.6630764       0.0            
     561  188.22302246     -6.21743536      0.0            
     562  183.95245361     -7.77179432      0.0            
     563  179.68188477     -9.3261528       0.0            
     564  175.41131592     -10.88051224     0.0            
     565  171.14074707     -12.43487072     0.0            
     566  166.87017822     -13.98923016     0.0            
     567  162.59962463     -15.54358864     0.0            
     568  158.32905579     -17.09794807     0.0            
     569  154.05848694     -18.6523056      0.0            
     570  149.78791809     -20.20666504     0.0            
     571  145.51734924     -21.76102448     0.0            
     572  141.24679565     -23.315382       0.0            
     573  136.97622681     -24.86974144     0.0            
     574  132.70565796     -26.42410088     0.0            
     575  128.43508911     -27.97846031     0.0            
     576  124.16452789     -29.53281784     0.0            
     577  119.89395905     -31.08717728     0.0            
     578  115.62339783     -32.64153671     0.0            
     579  111.35282898     -34.19589615     0.0            
     580  107.08226013     -35.75025558     0.0            
     581  102.81169891     -37.30461121     0.0            
     582  98.54113007      -38.85897064     0.0            
     583  94.27056885      -40.41333008     0.0            
     584  145.51734924     -68.35220337     0.0            
     585  145.51734924     -56.70441055     0.0            
     586  145.51734924     -45.05661392     0.0            
     587  145.51734924     -33.40882111     0.0            
     588  115.62339783     -70.52830505     0.0            
     589  115.62339783     -61.05661392     0.0            
     590  115.62339783     -51.58492279     0.0            
     591  115.62339783     -42.11322784     0.0            
     592  111.35282898     -61.67835617     0.0            
     593  107.08226013     -62.30010223     0.0            
     594  102.81169891     -62.92184448     0.0            
     595  98.54113007      -63.54358673     0.0            
     596  94.27056885      -64.16532898     0.0            
     597  102.81169891     -71.46092224     0.0            
     598  107.08226013     -71.1500473      0.0            
     599  111.35282898     -70.83917999     0.0            
     600  94.27056885      -72.08266449     0.0            
     601  98.54113007      -71.77179718     0.0            
     602  102.81169891     -45.84368896     0.0            
     603  102.81169891     -54.38276672     0.0            
     604  107.08226013     -44.60020447     0.0            
     605  111.35282898     -43.35671616     0.0            
     606  107.08226013     -53.45015335     0.0            
     607  111.35282898     -52.51753616     0.0            
     608  94.27056885      -48.33066559     0.0            
     609  98.54113007      -47.08717728     0.0            
     610  94.27056885      -56.24799728     0.0            
     611  98.54113007      -55.31538391     0.0            
     612  141.24679565     -57.3261528      0.0            
     613  136.97622681     -57.94789505     0.0            
     614  132.70565796     -58.56964111     0.0            
     615  128.43508911     -59.19138336     0.0            
     616  124.16452789     -59.81312561     0.0            
     617  119.89395905     -60.43487167     0.0            
     618  132.70565796     -69.28482056     0.0            
     619  136.97622681     -68.97394562     0.0            
     620  141.24679565     -68.66307831     0.0            
     621  119.89395905     -70.21743774     0.0            
     622  124.16452789     -69.90656281     0.0            
     623  128.43508911     -69.5956955      0.0            
     624  132.70565796     -37.13928223     0.0            
     625  132.70565796     -47.85446167     0.0            
     626  136.97622681     -35.89579391     0.0            
     627  141.24679565     -34.6523056      0.0            
     628  136.97622681     -46.92184448     0.0            
     629  141.24679565     -45.98923111     0.0            
     630  119.89395905     -40.86974335     0.0            
     631  124.16452789     -39.62625504     0.0            
     632  128.43508911     -38.38276672     0.0            
     633  119.89395905     -50.6523056      0.0            
     634  124.16452789     -49.71969223     0.0            
     635  128.43508911     -48.78707504     0.0            
     636  175.41131592     -66.17610168     0.0            
     637  175.41131592     -52.35220337     0.0            
     638  175.41131592     -38.52830887     0.0            
     639  175.41131592     -24.70441055     0.0            
     640  171.14074707     -52.97394943     0.0            
     641  166.87017822     -53.59569168     0.0            
     642  162.59962463     -54.21743393     0.0            
     643  158.32905579     -54.83917999     0.0            
     644  154.05848694     -55.46092224     0.0            
     645  149.78791809     -56.08266449     0.0            
     646  162.59962463     -67.10871887     0.0            
     647  166.87017822     -66.79784393     0.0            
     648  171.14074707     -66.48697662     0.0            
     649  149.78791809     -68.04133606     0.0            
     650  154.05848694     -67.73046112     0.0            
     651  158.32905579     -67.41958618     0.0            
     652  171.14074707     -39.46092224     0.0            
     653  166.87017822     -40.39353943     0.0            
     654  162.59962463     -41.3261528      0.0            
     655  158.32905579     -42.25876999     0.0            
     656  154.05848694     -43.19138336     0.0            
     657  149.78791809     -44.12400055     0.0            
     658  162.59962463     -28.43487167     0.0            
     659  166.87017822     -27.19138336     0.0            
     660  171.14074707     -25.94789696     0.0            
     661  149.78791809     -32.16533279     0.0            
     662  154.05848694     -30.92184448     0.0            
     663  158.32905579     -29.67835808     0.0            
     664  201.03471375     -48.62174225     0.0            
     665  196.7641449      -49.24348831     0.0            
     666  192.49357605     -49.86523056     0.0            
     667  188.22302246     -50.48697281     0.0            
     668  183.95245361     -51.10871887     0.0            
     669  179.68188477     -51.73046112     0.0            
     670  192.49357605     -64.93261719     0.0            
     671  196.7641449      -64.62174225     0.0            
     672  201.03471375     -64.31087494     0.0            
     673  179.68188477     -65.86523438     0.0            
     674  183.95245361     -65.55435944     0.0            
     675  188.22302246     -65.2434845      0.0            
     676  201.03471375     -32.93261719     0.0            
     677  196.7641449      -33.86523056     0.0            
     678  192.49357605     -34.79784775     0.0            
     679  188.22302246     -35.73046112     0.0            
     680  183.95245361     -36.66307831     0.0            
     681  179.68188477     -37.59569168     0.0            
     682  192.49357605     -19.73046112     0.0            
     683  196.7641449      -18.48697472     0.0            
     684  201.03471375     -17.2434864      0.0            
     685  179.68188477     -23.46092224     0.0            
     686  183.95245361     -22.21743584     0.0            
     687  188.22302246     -20.97394753     0.0            
     688  12.09602642      -112.0           0.0            
     689  12.09602642      -144.0           0.0            
     690  12.09602642      -176.0           0.0            
     691  12.09602642      -208.0           0.0            
     692  12.09602642      -240.0           0.0            
     693  90.0             -240.0           0.0            
     694  90.0             -208.0           0.0            
     695  90.0             -176.0           0.0            
     696  90.0             -144.0           0.0            
     697  90.0             -112.0           0.0            
     698  205.30528259     -240.0           0.0            
     699  205.30528259     -208.0           0.0            
     700  205.30528259     -176.0           0.0            
     701  205.30528259     -144.0           0.0            
     702  205.30528259     -112.0           0.0            
     703  94.27056885      -240.0           0.0            
     704  98.54113007      -240.0           0.0            
     705  102.81169891     -240.0           0.0            
     706  107.08226013     -240.0           0.0            
     707  111.35282898     -240.0           0.0            
     708  115.62339783     -240.0           0.0            
     709  119.89395905     -240.0           0.0            
     710  124.16452789     -240.0           0.0            
     711  128.43508911     -240.0           0.0            
     712  132.70565796     -240.0           0.0            
     713  136.97622681     -240.0           0.0            
     714  141.24679565     -240.0           0.0            
     715  145.51734924     -240.0           0.0            
     716  149.78791809     -240.0           0.0            
     717  154.05848694     -240.0           0.0            
     718  158.32905579     -240.0           0.0            
     719  162.59962463     -240.0           0.0            
     720  166.87017822     -240.0           0.0            
     721  171.14074707     -240.0           0.0            
     722  175.41131592     -240.0           0.0            
     723  179.68188477     -240.0           0.0            
     724  183.95245361     -240.0           0.0            
     725  188.22302246     -240.0           0.0            
     726  192.49357605     -240.0           0.0            
     727  196.7641449      -240.0           0.0            
     728  201.03471375     -240.0           0.0            
     729  94.27056885      -144.0           0.0            
     730  98.54113007      -144.0           0.0            
     731  102.81169891     -144.0           0.0            
     732  107.08226013     -144.0           0.0            
     733  111.35282898     -144.0           0.0            
     734  115.62339783     -144.0           0.0            
     735  119.89395905     -144.0           0.0            
     736  124.16452789     -144.0           0.0            
     737  128.43508911     -144.0           0.0            
     738  132.70565796     -144.0           0.0            
     739  136.97622681     -144.0           0.0            
     740  141.24679565     -144.0           0.0            
     741  145.51734924     -144.0           0.0            
     742  149.78791809     -144.0           0.0            
     743  154.05848694     -144.0           0.0            
     744  158.32905579     -144.0           0.0            
     745  162.59962463     -144.0           0.0            
     746  166.87017822     -144.0           0.0            
     747  171.14074707     -144.0           0.0            
     748  175.41131592     -144.0           0.0            
     749  179.68188477     -144.0           0.0            
     750  183.95245361     -144.0           0.0            
     751  188.22302246     -144.0           0.0            
     752  192.49357605     -144.0           0.0            
     753  196.7641449      -144.0           0.0            
     754  201.03471375     -144.0           0.0            
     755  145.51734924     -112.0           0.0            
     756  141.24679565     -112.0           0.0            
     757  136.97622681     -112.0           0.0            
     758  132.70565796     -112.0           0.0            
     759  128.43508911     -112.0           0.0            
     760  124.16452789     -112.0           0.0            
     761  119.89395905     -112.0           0.0            
     762  115.62339783     -112.0           0.0            
     763  111.35282898     -112.0           0.0            
     764  107.08226013     -112.0           0.0            
     765  102.81169891     -112.0           0.0            
     766  98.54113007      -112.0           0.0            
     767  94.27056885      -112.0           0.0            
     768  201.03471375     -112.0           0.0            
     769  196.7641449      -112.0           0.0            
     770  192.49357605     -112.0           0.0            
     771  188.22302246     -112.0           0.0            
     772  183.95245361     -112.0           0.0            
     773  179.68188477     -112.0           0.0            
     774  175.41131592     -112.0           0.0            
     775  171.14074707     -112.0           0.0            
     776  166.87017822     -112.0           0.0            
     777  162.59962463     -112.0           0.0            
     778  158.32905579     -112.0           0.0            
     779  154.05848694     -112.0           0.0            
     780  149.78791809     -112.0           0.0            
     781  145.51734924     -208.0           0.0            
     782  145.51734924     -176.0           0.0            
     783  141.24679565     -208.0           0.0            
     784  136.97622681     -208.0           0.0            
     785  132.70565796     -208.0           0.0            
     786  128.43508911     -208.0           0.0            
     787  124.16452789     -208.0           0.0            
     788  119.89395905     -208.0           0.0            
     789  115.62339783     -208.0           0.0            
     790  111.35282898     -208.0           0.0            
     791  107.08226013     -208.0           0.0            
     792  102.81169891     -208.0           0.0            
     793  98.54113007      -208.0           0.0            
     794  94.27056885      -208.0           0.0            
     795  141.24679565     -176.0           0.0            
     796  136.97622681     -176.0           0.0            
     797  132.70565796     -176.0           0.0            
     798  128.43508911     -176.0           0.0            
     799  124.16452789     -176.0           0.0            
     800  119.89395905     -176.0           0.0            
     801  115.62339783     -176.0           0.0            
     802  111.35282898     -176.0           0.0            
     803  107.08226013     -176.0           0.0            
     804  102.81169891     -176.0           0.0            
     805  98.54113007      -176.0           0.0            
     806  94.27056885      -176.0           0.0            
     807  201.03471375     -208.0           0.0            
     808  196.7641449      -208.0           0.0            
     809  192.49357605     -208.0           0.0            
     810  188.22302246     -208.0           0.0            
     811  183.95245361     -208.0           0.0            
     812  179.68188477     -208.0           0.0            
     813  175.41131592     -208.0           0.0            
     814  171.14074707     -208.0           0.0            
     815  166.87017822     -208.0           0.0            
     816  162.59962463     -208.0           0.0            
     817  158.32905579     -208.0           0.0            
     818  154.05848694     -208.0           0.0            
     819  149.78791809     -208.0           0.0            
     820  201.03471375     -176.0           0.0            
     821  196.7641449      -176.0           0.0            
     822  192.49357605     -176.0           0.0            
     823  188.22302246     -176.0           0.0            
     824  183.95245361     -176.0           0.0            
     825  179.68188477     -176.0           0.0            
     826  175.41131592     -176.0           0.0            
     827  171.14074707     -176.0           0.0            
     828  166.87017822     -176.0           0.0            
     829  162.59962463     -176.0           0.0            
     830  158.32905579     -176.0           0.0            
     831  154.05848694     -176.0           0.0            
     832  149.78791809     -176.0           0.0            
     833  8.07201958       -112.0           0.0            
     834  8.07201958       -144.0           0.0            
     835  8.07201958       -176.0           0.0            
     836  8.07201958       -208.0           0.0            
     837  8.07201958       -240.0           0.0            
     838  0.0              -16.0            0.0            
     839  0.0              -32.0            0.0            
     840  0.0              -48.0            0.0            
     841  0.0              -64.0            0.0            
     842  0.0              -80.0            0.0            
     843  4.03600979       -80.0            0.0            
     844  4.03600979       -33.12921524     0.0            
     845  4.03600979       -17.50561714     0.0            
     846  4.03600979       -48.75280762     0.0            
     847  4.03600979       -64.37640381     0.0            
     848  0.0              -112.0           0.0            
     849  0.0              -144.0           0.0            
     850  0.0              -176.0           0.0            
     851  0.0              -208.0           0.0            
     852  0.0              -240.0           0.0            
     853  4.03600979       -240.0           0.0            
     854  4.03600979       -144.0           0.0            
     855  4.03600979       -112.0           0.0            
     856  4.03600979       -176.0           0.0            
     857  4.03600979       -208.0           0.0            
     858  -16.0            0.0              0.0            
     859  -32.0            0.0              0.0            
     860  -48.0            0.0              0.0            
     861  -64.0            0.0              0.0            
     862  -80.0            0.0              0.0            
     863  -80.0            -16.0            0.0            
     864  -80.0            -32.0            0.0            
     865  -80.0            -48.0            0.0            
     866  -80.0            -64.0            0.0            
     867  -80.0            -80.0            0.0            
     868  -64.0            -80.0            0.0            
     869  -48.0            -80.0            0.0            
     870  -32.0            -80.0            0.0            
     871  -16.0            -80.0            0.0            
     872  -64.0            -32.0            0.0            
     873  -48.0            -32.0            0.0            
     874  -32.0            -32.0            0.0            
     875  -16.0            -32.0            0.0            
     876  -48.0            -16.0            0.0            
     877  -64.0            -16.0            0.0            
     878  -32.0            -16.0            0.0            
     879  -16.0            -16.0            0.0            
     880  -48.0            -64.0            0.0            
     881  -48.0            -48.0            0.0            
     882  -64.0            -64.0            0.0            
     883  -64.0            -48.0            0.0            
     884  -16.0            -64.0            0.0            
     885  -32.0            -64.0            0.0            
     886  -16.0            -48.0            0.0            
     887  -32.0            -48.0            0.0            
     888  -80.0            -112.0           0.0            
     889  -80.0            -144.0           0.0            
     890  -80.0            -176.0           0.0            
     891  -80.0            -208.0           0.0            
     892  -80.0            -240.0           0.0            
     893  -64.0            -240.0           0.0            
     894  -48.0            -240.0           0.0            
     895  -32.0            -240.0           0.0            
     896  -16.0            -240.0           0.0            
     897  -64.0            -144.0           0.0            
     898  -48.0            -144.0           0.0            
     899  -32.0            -144.0           0.0            
     900  -16.0            -144.0           0.0            
     901  -48.0            -112.0           0.0            
     902  -64.0            -112.0           0.0            
     903  -16.0            -112.0           0.0            
     904  -32.0            -112.0           0.0            
     905  -64.0            -176.0           0.0            
     906  -48.0            -176.0           0.0            
     907  -32.0            -176.0           0.0            
     908  -16.0            -176.0           0.0            
     909  -48.0            -208.0           0.0            
     910  -64.0            -208.0           0.0            
     911  -16.0            -208.0           0.0            
     912  -32.0            -208.0           0.0            
     913  286.87017822     0.0              0.0            
     914  270.55718994     0.0              0.0            
     915  254.24421692     0.0              0.0            
     916  237.9312439      0.0              0.0            
     917  221.61825562     0.0              0.0            
     918  221.61825562     -80.0            0.0            
     919  237.9312439      -80.0            0.0            
     920  254.24421692     -80.0            0.0            
     921  270.55718994     -80.0            0.0            
     922  286.87017822     -80.0            0.0            
     923  286.87017822     -64.0            0.0            
     924  286.87017822     -48.0            0.0            
     925  286.87017822     -32.0            0.0            
     926  286.87017822     -16.0            0.0            
     927  237.9312439      -64.0            0.0            
     928  237.9312439      -48.0            0.0            
     929  237.9312439      -32.0            0.0            
     930  237.9312439      -16.0            0.0            
     931  221.61825562     -48.0            0.0            
     932  221.61825562     -64.0            0.0            
     933  221.61825562     -32.0            0.0            
     934  221.61825562     -16.0            0.0            
     935  270.55718994     -48.0            0.0            
     936  254.24421692     -48.0            0.0            
     937  270.55718994     -64.0            0.0            
     938  254.24421692     -64.0            0.0            
     939  270.55718994     -16.0            0.0            
     940  270.55718994     -32.0            0.0            
     941  254.24421692     -16.0            0.0            
     942  254.24421692     -32.0            0.0            
     943  286.87017822     -240.0           0.0            
     944  286.87017822     -208.0           0.0            
     945  286.87017822     -176.0           0.0            
     946  286.87017822     -144.0           0.0            
     947  286.87017822     -112.0           0.0            
     948  221.61825562     -240.0           0.0            
     949  237.9312439      -240.0           0.0            
     950  254.24421692     -240.0           0.0            
     951  270.55718994     -240.0           0.0            
     952  221.61825562     -144.0           0.0            
     953  237.9312439      -144.0           0.0            
     954  254.24421692     -144.0           0.0            
     955  270.55718994     -144.0           0.0            
     956  237.9312439      -112.0           0.0            
     957  221.61825562     -112.0           0.0            
     958  270.55718994     -112.0           0.0            
     959  254.24421692     -112.0           0.0            
     960  221.61825562     -176.0           0.0            
     961  237.9312439      -176.0           0.0            
     962  254.24421692     -176.0           0.0            
     963  270.55718994     -176.0           0.0            
     964  237.9312439      -208.0           0.0            
     965  221.61825562     -208.0           0.0            
     966  270.55718994     -208.0           0.0            
     967  254.24421692     -208.0           0.0            
     968  450.0            -80.0            0.0            
     969  450.0            -64.0            0.0            
     970  450.0            -48.0            0.0            
     971  450.0            -32.0            0.0            
     972  450.0            -16.0            0.0            
     973  450.0            0.0              0.0            
     974  426.69573975     0.0              0.0            
     975  403.39147949     0.0              0.0            
     976  380.08721924     0.0              0.0            
     977  356.78295898     0.0              0.0            
     978  333.47869873     0.0              0.0            
     979  310.17443848     0.0              0.0            
     980  310.17443848     -80.0            0.0            
     981  333.47869873     -80.0            0.0            
     982  356.78295898     -80.0            0.0            
     983  380.08721924     -80.0            0.0            
     984  403.39147949     -80.0            0.0            
     985  426.69573975     -80.0            0.0            
     986  380.08721924     -16.0            0.0            
     987  380.08721924     -32.0            0.0            
     988  380.08721924     -48.0            0.0            
     989  380.08721924     -64.0            0.0            
     990  403.39147949     -32.0            0.0            
     991  426.69573975     -32.0            0.0            
     992  403.39147949     -16.0            0.0            
     993  426.69573975     -16.0            0.0            
     994  403.39147949     -64.0            0.0            
     995  403.39147949     -48.0            0.0            
     996  426.69573975     -64.0            0.0            
     997  426.69573975     -48.0            0.0            
     998  333.47869873     -16.0            0.0            
     999  333.47869873     -32.0            0.0            
    1000  333.47869873     -48.0            0.0            
    1001  333.47869873     -64.0            0.0            
    1002  356.78295898     -32.0            0.0            
    1003  356.78295898     -16.0            0.0            
    1004  356.78295898     -48.0            0.0            
    1005  356.78295898     -64.0            0.0            
    1006  310.17443848     -32.0            0.0            
    1007  310.17443848     -16.0            0.0            
    1008  310.17443848     -48.0            0.0            
    1009  310.17443848     -64.0            0.0            
    1010  450.0            -240.0           0.0            
    1011  450.0            -208.0           0.0            
    1012  450.0            -176.0           0.0            
    1013  450.0            -144.0           0.0            
    1014  450.0            -112.0           0.0            
    1015  310.17443848     -240.0           0.0            
    1016  333.47869873     -240.0           0.0            
    1017  356.78295898     -240.0           0.0            
    1018  380.08721924     -240.0           0.0            
    1019  403.39147949     -240.0           0.0            
    1020  426.69573975     -240.0           0.0            
    1021  380.08721924     -112.0           0.0            
    1022  380.08721924     -144.0           0.0            
    1023  380.08721924     -176.0           0.0            
    1024  380.08721924     -208.0           0.0            
    1025  403.39147949     -144.0           0.0            
    1026  426.69573975     -144.0           0.0            
    1027  403.39147949     -112.0           0.0            
    1028  426.69573975     -112.0           0.0            
    1029  403.39147949     -176.0           0.0            
    1030  426.69573975     -176.0           0.0            
    1031  403.39147949     -208.0           0.0            
    1032  426.69573975     -208.0           0.0            
    1033  310.17443848     -144.0           0.0            
    1034  333.47869873     -144.0           0.0            
    1035  356.78295898     -144.0           0.0            
    1036  333.47869873     -112.0           0.0            
    1037  310.17443848     -112.0           0.0            
    1038  356.78295898     -112.0           0.0            
    1039  310.17443848     -176.0           0.0            
    1040  333.47869873     -176.0           0.0            
    1041  356.78295898     -176.0           0.0            
    1042  333.47869873     -208.0           0.0            
    1043  310.17443848     -208.0           0.0            
    1044  356.78295898     -208.0           0.0            
    1045  -102.85713959    0.0              0.0            
    1046  -125.7142868     0.0              0.0            
    1047  -148.57142639    0.0              0.0            
    1048  -171.42857361    0.0              0.0            
    1049  -194.28572083    0.0              0.0            
    1050  -217.14285278    0.0              0.0            
    1051  -240.0           0.0              0.0            
    1052  -240.0           -16.0            0.0            
    1053  -240.0           -32.0            0.0            
    1054  -240.0           -48.0            0.0            
    1055  -240.0           -64.0            0.0            
    1056  -240.0           -80.0            0.0            
    1057  -217.14285278    -80.0            0.0            
    1058  -194.28572083    -80.0            0.0            
    1059  -171.42857361    -80.0            0.0            
    1060  -148.57142639    -80.0            0.0            
    1061  -125.7142868     -80.0            0.0            
    1062  -102.85713959    -80.0            0.0            
    1063  -171.42857361    -64.0            0.0            
    1064  -171.42857361    -48.0            0.0            
    1065  -171.42857361    -32.0            0.0            
    1066  -171.42857361    -16.0            0.0            
    1067  -194.28572083    -48.0            0.0            
    1068  -217.14285278    -48.0            0.0            
    1069  -194.28572083    -64.0            0.0            
    1070  -217.14285278    -64.0            0.0            
    1071  -194.28572083    -16.0            0.0            
    1072  -194.28572083    -32.0            0.0            
    1073  -217.14285278    -16.0            0.0            
    1074  -217.14285278    -32.0            0.0            
    1075  -125.7142868     -64.0            0.0            
    1076  -125.7142868     -48.0            0.0            
    1077  -125.7142868     -32.0            0.0            
    1078  -125.7142868     -16.0            0.0            
    1079  -148.57142639    -48.0            0.0            
    1080  -148.57142639    -64.0            0.0            
    1081  -148.57142639    -32.0            0.0            
    1082  -148.57142639    -16.0            0.0            
    1083  -102.85713959    -48.0            0.0            
    1084  -102.85713959    -64.0            0.0            
    1085  -102.85713959    -32.0            0.0            
    1086  -102.85713959    -16.0            0.0            
    1087  -240.0           -112.0           0.0            
    1088  -240.0           -144.0           0.0            
    1089  -240.0           -176.0           0.0            
    1090  -240.0           -208.0           0.0            
    1091  -240.0           -240.0           0.0            
    1092  -217.14285278    -240.0           0.0            
    1093  -194.28572083    -240.0           0.0            
    1094  -171.42857361    -240.0           0.0            
    1095  -148.57142639    -240.0           0.0            
    1096  -125.7142868     -240.0           0.0            
    1097  -102.85713959    -240.0           0.0            
    1098  -217.14285278    -144.0           0.0            
    1099  -194.28572083    -144.0           0.0            
    1100  -171.42857361    -144.0           0.0            
    1101  -148.57142639    -144.0           0.0            
    1102  -125.7142868     -144.0           0.0            
    1103  -102.85713959    -144.0           0.0            
    1104  -171.42857361    -112.0           0.0            
    1105  -217.14285278    -112.0           0.0            
    1106  -194.28572083    -112.0           0.0            
    1107  -125.7142868     -112.0           0.0            
    1108  -148.57142639    -112.0           0.0            
    1109  -102.85713959    -112.0           0.0            
    1110  -171.42857361    -208.0           0.0            
    1111  -171.42857361    -176.0           0.0            
    1112  -194.28572083    -208.0           0.0            
    1113  -217.14285278    -208.0           0.0            
    1114  -194.28572083    -176.0           0.0            
    1115  -217.14285278    -176.0           0.0            
    1116  -102.85713959    -208.0           0.0            
    1117  -125.7142868     -208.0           0.0            
    1118  -148.57142639    -208.0           0.0            
    1119  -125.7142868     -176.0           0.0            
    1120  -102.85713959    -176.0           0.0            
    1121  -148.57142639    -176.0           0.0            
    1122  12.09602642      -2.82023478      0.0            
    1123  86.10480499      -40.15132904     0.0            
    1124  82.20960236      -38.33496857     0.0            
    1125  78.31440735      -36.51860809     0.0            
    1126  74.41920471      -34.7022438      0.0            
    1127  70.5240097       -32.88588333     0.0            
    1128  66.62880707      -31.06952286     0.0            
    1129  62.73360825      -29.25316238     0.0            
    1130  58.83840942      -27.43680191     0.0            
    1131  54.9432106       -25.62043953     0.0            
    1132  51.04801178      -23.80407906     0.0            
    1133  47.15281296      -21.98771858     0.0            
    1134  43.25761414      -20.17135811     0.0            
    1135  39.36241531      -18.35499573     0.0            
    1136  35.46722031      -16.53863525     0.0            
    1137  31.57201958      -14.72227478     0.0            
    1138  27.67682076      -12.90591335     0.0            
    1139  23.78162193      -11.08955288     0.0            
    1140  19.88642311      -9.27319145      0.0            
    1141  15.99122524      -7.4568305       0.0            
    1142  15.99122524      -80.0            0.0            
    1143  19.88642311      -80.0            0.0            
    1144  23.78162193      -80.0            0.0            
    1145  27.67682076      -80.0            0.0            
    1146  31.57201958      -80.0            0.0            
    1147  35.46722031      -80.0            0.0            
    1148  39.36241531      -80.0            0.0            
    1149  43.25761414      -80.0            0.0            
    1150  47.15281296      -80.0            0.0            
    1151  51.04801178      -80.0            0.0            
    1152  54.9432106       -80.0            0.0            
    1153  58.83840942      -80.0            0.0            
    1154  62.73360825      -80.0            0.0            
    1155  66.62880707      -80.0            0.0            
    1156  70.5240097       -80.0            0.0            
    1157  74.41920471      -80.0            0.0            
    1158  78.31440735      -80.0            0.0            
    1159  82.20960236      -80.0            0.0            
    1160  86.10480499      -80.0            0.0            
    1161  51.04801178      -68.76081848     0.0            
    1162  51.04801178      -57.52163315     0.0            
    1163  51.04801178      -46.28244781     0.0            
    1164  51.04801178      -35.04326248     0.0            
    1165  47.15281296      -56.79508591     0.0            
    1166  43.25761414      -56.06854248     0.0            
    1167  39.36241531      -55.34199905     0.0            
    1168  35.46722031      -54.61545563     0.0            
    1169  31.57201958      -53.88890839     0.0            
    1170  27.67682076      -53.16236496     0.0            
    1171  23.78162193      -52.43582153     0.0            
    1172  19.88642311      -51.70927811     0.0            
    1173  15.99122524      -50.98273087     0.0            
    1174  31.57201958      -66.94445801     0.0            
    1175  35.46722031      -67.307724       0.0            
    1176  39.36241531      -67.67099762     0.0            
    1177  43.25761414      -68.03427124     0.0            
    1178  47.15281296      -68.39754486     0.0            
    1179  15.99122524      -65.49136353     0.0            
    1180  19.88642311      -65.85463715     0.0            
    1181  23.78162193      -66.21791077     0.0            
    1182  27.67682076      -66.58118439     0.0            
    1183  31.57201958      -27.77782059     0.0            
    1184  31.57201958      -40.83336639     0.0            
    1185  35.46722031      -29.23090935     0.0            
    1186  39.36241531      -30.68399811     0.0            
    1187  43.25761414      -32.13708496     0.0            
    1188  47.15281296      -33.59017563     0.0            
    1189  35.46722031      -41.92317963     0.0            
    1190  39.36241531      -43.01299667     0.0            
    1191  43.25761414      -44.10281372     0.0            
    1192  47.15281296      -45.19263077     0.0            
    1193  15.99122524      -21.96546364     0.0            
    1194  19.88642311      -23.4185524      0.0            
    1195  23.78162193      -24.87164116     0.0            
    1196  27.67682076      -26.32473183     0.0            
    1197  15.99122524      -36.47409821     0.0            
    1198  19.88642311      -37.56391525     0.0            
    1199  23.78162193      -38.6537323      0.0            
    1200  27.67682076      -39.74354935     0.0            
    1201  70.5240097       -70.57717896     0.0            
    1202  70.5240097       -61.1543541      0.0            
    1203  70.5240097       -51.73152924     0.0            
    1204  70.5240097       -42.30870819     0.0            
    1205  66.62880707      -60.42781067     0.0            
    1206  62.73360825      -59.70126343     0.0            
    1207  58.83840942      -58.97472        0.0            
    1208  54.9432106       -58.24817657     0.0            
    1209  62.73360825      -69.85063171     0.0            
    1210  66.62880707      -70.21390533     0.0            
    1211  54.9432106       -69.12408447     0.0            
    1212  58.83840942      -69.48735809     0.0            
    1213  66.62880707      -50.64171219     0.0            
    1214  62.73360825      -49.55189896     0.0            
    1215  58.83840942      -48.46208191     0.0            
    1216  54.9432106       -47.37226486     0.0            
    1217  62.73360825      -39.40253067     0.0            
    1218  66.62880707      -40.85561752     0.0            
    1219  54.9432106       -36.49635315     0.0            
    1220  58.83840942      -37.94944        0.0            
    1221  86.10480499      -64.06053162     0.0            
    1222  82.20960236      -63.33398819     0.0            
    1223  78.31440735      -62.60744095     0.0            
    1224  74.41920471      -61.88089752     0.0            
    1225  82.20960236      -71.66699219     0.0            
    1226  86.10480499      -72.03026581     0.0            
    1227  74.41920471      -70.94045258     0.0            
    1228  78.31440735      -71.30371857     0.0            
    1229  86.10480499      -56.09079742     0.0            
    1230  82.20960236      -55.00098038     0.0            
    1231  78.31440735      -53.91116333     0.0            
    1232  74.41920471      -52.82134628     0.0            
    1233  82.20960236      -46.66797256     0.0            
    1234  86.10480499      -48.12106323     0.0            
    1235  74.41920471      -43.76179504     0.0            
    1236  78.31440735      -45.21488571     0.0            
    1237  15.99122524      -240.0           0.0            
    1238  19.88642311      -240.0           0.0            
    1239  23.78162193      -240.0           0.0            
    1240  27.67682076      -240.0           0.0            
    1241  31.57201958      -240.0           0.0            
    1242  35.46722031      -240.0           0.0            
    1243  39.36241531      -240.0           0.0            
    1244  43.25761414      -240.0           0.0            
    1245  47.15281296      -240.0           0.0            
    1246  51.04801178      -240.0           0.0            
    1247  54.9432106       -240.0           0.0            
    1248  58.83840942      -240.0           0.0            
    1249  62.73360825      -240.0           0.0            
    1250  66.62880707      -240.0           0.0            
    1251  70.5240097       -240.0           0.0            
    1252  74.41920471      -240.0           0.0            
    1253  78.31440735      -240.0           0.0            
    1254  82.20960236      -240.0           0.0            
    1255  86.10480499      -240.0           0.0            
    1256  15.99122524      -144.0           0.0            
    1257  19.88642311      -144.0           0.0            
    1258  23.78162193      -144.0           0.0            
    1259  27.67682076      -144.0           0.0            
    1260  31.57201958      -144.0           0.0            
    1261  35.46722031      -144.0           0.0            
    1262  39.36241531      -144.0           0.0            
    1263  43.25761414      -144.0           0.0            
    1264  47.15281296      -144.0           0.0            
    1265  51.04801178      -144.0           0.0            
    1266  54.9432106       -144.0           0.0            
    1267  58.83840942      -144.0           0.0            
    1268  62.73360825      -144.0           0.0            
    1269  66.62880707      -144.0           0.0            
    1270  70.5240097       -144.0           0.0            
    1271  74.41920471      -144.0           0.0            
    1272  78.31440735      -144.0           0.0            
    1273  82.20960236      -144.0           0.0            
    1274  86.10480499      -144.0           0.0            
    1275  51.04801178      -112.0           0.0            
    1276  47.15281296      -112.0           0.0            
    1277  43.25761414      -112.0           0.0            
    1278  39.36241531      -112.0           0.0            
    1279  35.46722031      -112.0           0.0            
    1280  31.57201958      -112.0           0.0            
    1281  27.67682076      -112.0           0.0            
    1282  23.78162193      -112.0           0.0            
    1283  19.88642311      -112.0           0.0            
    1284  15.99122524      -112.0           0.0            
    1285  86.10480499      -112.0           0.0            
    1286  82.20960236      -112.0           0.0            
    1287  78.31440735      -112.0           0.0            
    1288  74.41920471      -112.0           0.0            
    1289  70.5240097       -112.0           0.0            
    1290  66.62880707      -112.0           0.0            
    1291  62.73360825      -112.0           0.0            
    1292  58.83840942      -112.0           0.0            
    1293  54.9432106       -112.0           0.0            
    1294  15.99122524      -176.0           0.0            
    1295  19.88642311      -176.0           0.0            
    1296  23.78162193      -176.0           0.0            
    1297  27.67682076      -176.0           0.0            
    1298  31.57201958      -176.0           0.0            
    1299  35.46722031      -176.0           0.0            
    1300  39.36241531      -176.0           0.0            
    1301  43.25761414      -176.0           0.0            
    1302  47.15281296      -176.0           0.0            
    1303  51.04801178      -176.0           0.0            
    1304  54.9432106       -176.0           0.0            
    1305  58.83840942      -176.0           0.0            
    1306  62.73360825      -176.0           0.0            
    1307  66.62880707      -176.0           0.0            
    1308  70.5240097       -176.0           0.0            
    1309  74.41920471      -176.0           0.0            
    1310  78.31440735      -176.0           0.0            
    1311  82.20960236      -176.0           0.0            
    1312  86.10480499      -176.0           0.0            
    1313  51.04801178      -208.0           0.0            
    1314  47.15281296      -208.0           0.0            
    1315  43.25761414      -208.0           0.0            
    1316  39.36241531      -208.0           0.0            
    1317  35.46722031      -208.0           0.0            
    1318  31.57201958      -208.0           0.0            
    1319  27.67682076      -208.0           0.0            
    1320  23.78162193      -208.0           0.0            
    1321  19.88642311      -208.0           0.0            
    1322  15.99122524      -208.0           0.0            
    1323  86.10480499      -208.0           0.0            
    1324  82.20960236      -208.0           0.0            
    1325  78.31440735      -208.0           0.0            
    1326  74.41920471      -208.0           0.0            
    1327  70.5240097       -208.0           0.0            
    1328  66.62880707      -208.0           0.0            
    1329  62.73360825      -208.0           0.0            
    1330  58.83840942      -208.0           0.0            
    1331  54.9432106       -208.0           0.0            
    1332  200.50088501     0.0              0.0            
    1333  195.69650269     0.0              0.0            
    1334  190.89212036     0.0              0.0            
    1335  186.08773804     0.0              0.0            
    1336  181.28334045     0.0              0.0            
    1337  176.47895813     0.0              0.0            
    1338  171.67457581     0.0              0.0            
    1339  166.87017822     0.0              0.0            
    1340  162.0657959      0.0              0.0            
    1341  157.26141357     0.0              0.0            
    1342  152.45703125     0.0              0.0            
    1343  147.65263367     0.0              0.0            
    1344  142.84825134     0.0              0.0            
    1345  138.04386902     0.0              0.0            
    1346  133.23948669     0.0              0.0            
    1347  128.43508911     0.0              0.0            
    1348  123.63070679     0.0              0.0            
    1349  118.82631683     0.0              0.0            
    1350  114.02193451     0.0              0.0            
    1351  109.21754456     0.0              0.0            
    1352  104.41316223     0.0              0.0            
    1353  99.60877228      0.0              0.0            
    1354  94.80438995      0.0              0.0            
    1355  18.90381241      -6.2935853       0.0            
    1356  15.49021435      -3.5142343       0.0            
    1357  21.93031693      -7.42765903      0.0            
    1358  18.94925308      -4.25819874      0.0            
    1359  22.71928215      -5.05684662      0.0            
    1360  25.54073524      -8.63546371      0.0            
    1361  19.39765739      -2.31877398      0.0            
    1362  22.7143383       -2.53528523      0.0            
    1363  29.40067863      -9.9106226       0.0            
    1364  26.51955795      -5.85992622      0.0            
    1365  33.36035156      -11.22613621     0.0            
    1366  26.68062401      -2.93697691      0.0            
    1367  30.60594177      -6.72300291      0.0            
    1368  37.08443069      -12.79889011     0.0            
    1369  35.00733566      -7.70332289      0.0            
    1370  40.56636047      -15.18732262     0.0            
    1371  30.99253273      -3.39508796      0.0            
    1372  44.51157761      -16.90480614     0.0            
    1373  41.88892746      -12.54497051     0.0            
    1374  48.45564651      -18.38815308     0.0            
    1375  35.60951614      -3.94941092      0.0            
    1376  39.75681305      -8.9828434       0.0            
    1377  45.38885498      -13.40345097     0.0            
    1378  52.44884109      -19.91967583     0.0            
    1379  49.39690781      -14.64170837     0.0            
    1380  56.48696899      -21.45663643     0.0            
    1381  40.57255936      -4.68529892      0.0            
    1382  45.11842728      -9.67363358      0.0            
    1383  53.58298111      -15.93509102     0.0            
    1384  60.59923172      -22.99920654     0.0            
    1385  49.96728897      -10.86911869     0.0            
    1386  64.80852509      -24.53673935     0.0            
    1387  57.80229187      -17.20993996     0.0            
    1388  45.89836121      -6.42401934      0.0            
    1389  44.21225357      -2.61525536      0.0            
    1390  69.23550415      -26.03890228     0.0            
    1391  54.55602646      -11.93669415     0.0            
    1392  62.09311676      -18.47675133     0.0            
    1393  76.18040466      -31.36434174     0.0            
    1394  50.93665314      -7.26394415      0.0            
    1395  47.95844269      -3.29642034      0.0            
    1396  74.12919617      -27.27466965     0.0            
    1397  59.00339127      -12.93447971     0.0            
    1398  66.46790314      -19.71785355     0.0            
    1399  80.13542175      -32.06583405     0.0            
    1400  55.66305161      -7.9853425       0.0            
    1401  52.35321808      -3.68359089      0.0            
    1402  71.03762054      -20.86938858     0.0            
    1403  63.44798279      -13.90738297     0.0            
    1404  84.80523682      -33.65233231     0.0            
    1405  80.08512115      -27.07854462     0.0            
    1406  60.22459793      -8.65239716      0.0            
    1407  75.83704376      -21.67887115     0.0            
    1408  67.92337799      -14.84510136     0.0            
    1409  56.90144348      -4.02127743      0.0            
    1410  64.75900269      -9.30393696      0.0            
    1411  72.55192566      -15.6823082      0.0            
    1412  85.36206055      -28.48300362     0.0            
    1413  61.4495697       -4.34608126      0.0            
    1414  90.36503601      -35.60874557     0.0            
    1415  80.92294312      -22.01472855     0.0            
    1416  69.29695892      -9.93162346      0.0            
    1417  77.35852051      -16.27343559     0.0            
    1418  66.00775146      -4.66995382      0.0            
    1419  90.54415894      -29.96026993     0.0            
    1420  73.94824219      -10.48758125     0.0            
    1421  96.23829651      -34.3846283      0.0            
    1422  85.81078339      -23.09025002     0.0            
    1423  82.41998291      -16.65240669     0.0            
    1424  70.56816101      -4.98721457      0.0            
    1425  78.72546387      -10.89508724     0.0            
    1426  90.63816833      -25.13056946     0.0            
    1427  95.94716644      -29.80469894     0.0            
    1428  101.25924683     -33.20977783     0.0            
    1429  75.18341827      -5.27156353      0.0            
    1430  90.9566803       -21.25751686     0.0            
    1431  95.79266357      -25.4004364      0.0            
    1432  87.48306274      -17.40141678     0.0            
    1433  101.6819458      -28.81897736     0.0            
    1434  79.83981323      -5.48659945      0.0            
    1435  94.82884216      -21.09937668     0.0            
    1436  83.69771576      -11.18087769     0.0            
    1437  105.48625946     -32.58554077     0.0            
    1438  101.09803772     -24.79082489     0.0            
    1439  93.01344299      -17.08103561     0.0            
    1440  99.0380249       -20.77683449     0.0            
    1441  84.53376007      -5.62039757      0.0            
    1442  92.72444153      -13.73932934     0.0            
    1443  88.84941101      -11.22380161     0.0            
    1444  107.94813538     -28.63737488     0.0            
    1445  97.72488403      -16.69349098     0.0            
    1446  102.6019516      -19.96809959     0.0            
    1447  96.52262115      -12.71767998     0.0            
    1448  89.15046692      -5.49546766      0.0            
    1449  106.55947876     -22.95414543     0.0            
    1450  102.16527557     -16.26649094     0.0            
    1451  113.03864288     -27.39569664     0.0            
    1452  94.27268982      -8.98710442      0.0            
    1453  100.90271759     -12.02762318     0.0            
    1454  106.71157837     -16.86431885     0.0            
    1455  111.60796356     -21.92238045     0.0            
    1456  93.62210083      -4.73309565      0.0            
    1457  117.68392944     -26.07494736     0.0            
    1458  99.11598969      -7.89539957      0.0            
    1459  105.27964783     -11.41114044     0.0            
    1460  111.15538025     -16.28035927     0.0            
    1461  97.5606842       -4.3087697       0.0            
    1462  116.15657806     -20.72708702     0.0            
    1463  102.96025848     -6.03429842      0.0            
    1464  122.07857513     -24.40705109     0.0            
    1465  109.7424469      -10.79639816     0.0            
    1466  116.088974       -15.07892799     0.0            
    1467  120.04051971     -20.06367683     0.0            
    1468  107.13320923     -5.41326523      0.0            
    1469  114.64614105     -9.99768639      0.0            
    1470  125.7217865      -21.54724693     0.0            
    1471  111.46202087     -5.05564308      0.0            
    1472  121.86759186     -14.84537506     0.0            
    1473  129.792099       -19.92765999     0.0            
    1474  115.04389191     -4.14356327      0.0            
    1475  119.7183609      -7.65976048      0.0            
    1476  126.88582611     -13.50648022     0.0            
    1477  134.2686615      -18.72299767     0.0            
    1478  124.83291626     -6.88609838      0.0            
    1479  131.79516602     -12.57261848     0.0            
    1480  138.79089355     -17.54600716     0.0            
    1481  129.83683777     -6.3528676       0.0            
    1482  136.59776306     -11.75356102     0.0            
    1483  143.33483887     -16.36113167     0.0            
    1484  134.73118591     -5.91642094      0.0            
    1485  141.37516785     -10.94427776     0.0            
    1486  147.87355042     -15.1676445      0.0            
    1487  139.58454895     -5.50266838      0.0            
    1488  146.14846802     -10.13080978     0.0            
    1489  152.43748474     -13.95600986     0.0            
    1490  144.40885925     -5.09762144      0.0            
    1491  151.06193542     -9.29050159      0.0            
    1492  156.92694092     -12.73186684     0.0            
    1493  149.25682068     -4.69876957      0.0            
    1494  156.37916565     -8.38003254      0.0            
    1495  160.92295837     -11.95660686     0.0            
    1496  154.04270935     -4.33457041      0.0            
    1497  158.09794617     -3.73087573      0.0            
    1498  163.10540771     -7.22799778      0.0            
    1499  168.3054657      -6.33733082      0.0            
    1500  173.06904602     -5.5214262       0.0            
    1501  177.65037537     -4.73673582      0.0            
    1502  182.14204407     -3.96740031      0.0            
    1503  186.55918884     -3.21083117      0.0            
    1504  190.87937927     -2.47086835      0.0            
    1505  195.03164673     -1.75966978      0.0            
    1506  198.87846375     -1.10078549      0.0            
    1507  0.0084523651851  0.0181261557639  0.0            
    1508  4.0444621551851  -1.863896104236  0.0            
    1509  8.0804719448844  -3.745918364096  0.0            
    1510  12.104478784738  -5.622343394027  0.0            
    1511  90.000872391353  -41.94770854572  0.0            
    1512  205.29844219141  0.0187938539732  0.0            
    1513  201.02787335142  -1.535564986024  0.0            
    1514  196.75730450166  -3.089923825937  0.0            
    1515  192.48673564064  -4.64428254995   0.0            
    1516  188.21618205017  -6.198641510119  0.0            
    1517  183.94561321189  -7.753000465854  0.0            
    1518  179.67504437095  -9.307358946194  0.0            
    1519  175.40447552096  -10.86171838619  0.0            
    1520  171.13390667096  -12.41607686619  0.0            
    1521  166.86333781017  -13.97043631012  0.0            
    1522  162.59278422018  -15.52479479011  0.0            
    1523  158.32221539282  -17.07915421552  0.0            
    1524  154.05164654281  -18.63351174552  0.0            
    1525  149.7810776891   -20.18787118687  0.0            
    1526  145.51050883203  -21.74223062944  0.0            
    1527  141.23995524203  -23.29658814944  0.0            
    1528  136.96938640909  -24.85094758687  0.0            
    1529  132.69881755912  -26.40530702686  0.0            
    1530  128.42824870743  -27.95966645748  0.0            
    1531  124.1576874874   -29.51402398749  0.0            
    1532  119.88711864371  -31.06838342883  0.0            
    1533  115.61655742372  -32.62274285883  0.0            
    1534  111.34598857912  -34.17710229686  0.0            
    1535  107.07541973112  -35.73146172613  0.0            
    1536  102.80485851111  -37.28581735614  0.0            
    1537  98.534289663712  -38.84017678883  0.0            
    1538  94.263728443719  -40.39453622883  0.0            
    1539  86.113257353057  -40.13320288324  0.0            
    1540  82.218054723076  -38.31684241325  0.0            
    1541  78.322859720368  -36.50048193665  0.0            
    1542  74.427657080349  -34.68411764664  0.0            
    1543  70.532462063057  -32.86775717324  0.0            
    1544  66.63725942968   -31.05139670167  0.0            
    1545  62.742060613067  -29.23503622325  0.0            
    1546  58.846861786698  -27.41867575494  0.0            
    1547  54.951662966707  -25.60231337494  0.0            
    1548  51.056464143076  -23.78595290325  0.0            
    1549  47.161265323076  -21.96959242325  0.0            
    1550  43.266066506698  -20.15323195494  0.0            
    1551  39.370867680122  -18.33686957654  0.0            
    1552  35.475672674778  -16.52050909405  0.0            
    1553  31.580471943189  -14.7041486233   0.0            
    1554  27.685273124883  -12.8877871941   0.0            
    1555  23.790074294883  -11.0714267241   0.0            
    1556  19.894875476656  -9.255065294922  0.0            
    1557  15.999677605738  -7.438704344494  0.0            
ELEMENTS INFORMATION
      1416   4       1546      1547      1131      1130   20
      1417   4       1545      1546      1130      1129   21
      1418   4       1544      1545      1129      1128   22
      1419   4       1543      1544      1128      1127   23
      1420   4       1542      1543      1127      1126   24
      1421   4       1541      1542      1126      1125   25
      1422   4       1540      1541      1125      1124   26
      1423   4       1539      1540      1124      1123   27
      1424   4       1511      1539      1123       520   28
      1425   4       1538      1511       520       583   29
      1426   4       1537      1538       583       582   30
      1427   4       1536      1537       582       581   31
      1428   4       1535      1536       581       580   32
      1429   4       1534      1535       580       579   33
      1430   4       1533      1534       579       578   34
      1431   4       1532      1533       578       577   35
      1432   4       1531      1532       577       576   36
      1433   4       1530      1531       576       575   37
      1434   4       1529      1530       575       574   38
      1435   4       1528      1529       574       573   39
         1   4         22        47        20        21    1
         2   4         47        48        19        20    1
         3   4         48        49        18        19    1
         4   4         49        50        17        18    1
         5   4         50        51        16        17    1
         6   4         51        52        15        16    1
         7   4         52        53        14        15    1
         8   4         53        54        13        14    1
         9   4         54        55        12        13    1
        10   4         55        56        11        12    1
        11   4         56        57        10        11    1
        12   4         57        58         9        10    1
        13   4         58        59         8         9    1
        14   4         59        60         7         8    1
        15   4         60        61         6         7    1
        16   4         61        62         5         6    1
        17   4         62        63         4         5    1
        18   4         63        64         3         4    1
        19   4         64        65         2         3    1
        20   4         65        46         1         2    1
        21   4         66        67        33        34    1
        22   4         67        68        32        33    1
        23   4         68        69        31        32    1
        24   4         69        70        30        31    1
        25   4         70        71        29        30    1
        26   4         71        72        28        29    1
        27   4         72        73        27        28    1
        28   4         73        74        26        27    1
        29   4         74        75        25        26    1
        30   4         75        23        24        25    1
        31   4         56        55        67        66    1
        32   4         55        54        68        67    1
        33   4         54        53        69        68    1
        34   4         53        52        70        69    1
        35   4         52        51        71        70    1
        36   4         51        50        72        71    1
        37   4         50        49        73        72    1
        38   4         49        48        74        73    1
        39   4         48        47        75        74    1
        40   4         47        22        23        75    1
        41   4         45        76        43        44    1
        42   4         76        77        42        43    1
        43   4         77        78        41        42    1
        44   4         78        79        40        41    1
        45   4         79        80        39        40    1
        46   4         80        81        38        39    1
        47   4         81        82        37        38    1
        48   4         82        83        36        37    1
        49   4         83        84        35        36    1
        50   4         84        66        34        35    1
        51   4         46        65        76        45    1
        52   4         65        64        77        76    1
        53   4         64        63        78        77    1
        54   4         63        62        79        78    1
        55   4         62        61        80        79    1
        56   4         61        60        81        80    1
        57   4         60        59        82        81    1
        58   4         59        58        83        82    1
        59   4         58        57        84        83    1
        60   4         57        56        66        84    1
        61   4        106       107       129       105    1
        62   4        105       129       103      1507    1
        63   4        107       108       128       129    1
        64   4        129       128       102       103    1
        65   4        108       109       130       128    1
        66   4        128       130       101       102    1
        67   4        109       110       131       130    1
        68   4        130       131       100       101    1
        69   4        110       111       127       131    1
        70   4        131       127        99       100    1
        71   4        111       112       133       127    1
        72   4        127       133        98        99    1
        73   4        112       113       132       133    1
        74   4        133       132        97        98    1
        75   4        113       114       134       132    1
        76   4        132       134        96        97    1
        77   4        114       115       135       134    1
        78   4        134       135        95        96    1
        79   4        115       116       126       135    1
        80   4        135       126        94        95    1
        81   4        116       117       138       126    1
        82   4        126       138        93        94    1
        83   4        117       118       137       138    1
        84   4        138       137        92        93    1
        85   4        118       119       139       137    1
        86   4        137       139        91        92    1
        87   4        119       120       140       139    1
        88   4        139       140        90        91    1
        89   4        120       121       136       140    1
        90   4        140       136        89        90    1
        91   4        121       122       142       136    1
        92   4        136       142        88        89    1
        93   4        122       123       141       142    1
        94   4        142       141        87        88    1
        95   4        123       124       143       141    1
        96   4        141       143        86        87    1
        97   4        124       125       144       143    1
        98   4        143       144        85        86    1
        99   4        125         3         2       144    1
       100   4        144         2         1        85    1
       101   4        145       146       107       106    1
       102   4        146       147       108       107    1
       103   4        147       148       109       108    1
       104   4        148       149       110       109    1
       105   4        149       150       111       110    1
       106   4        150       151       112       111    1
       107   4        151       152       113       112    1
       108   4        152       153       114       113    1
       109   4        153       154       115       114    1
       110   4        154       155       116       115    1
       111   4        155       156       117       116    1
       112   4        156       157       118       117    1
       113   4        157       158       119       118    1
       114   4        158       159       120       119    1
       115   4        159       160       121       120    1
       116   4        160       161       122       121    1
       117   4        161       162       123       122    1
       118   4        162       163       124       123    1
       119   4        163       164       125       124    1
       120   4        164         4         3       125    1
       121   4        238       245       246       237    1
       122   4        237       246       233       234    1
       123   4        245       222       223       246    1
       124   4        246       223       224       233    1
       125   4        240       244       247       239    1
       126   4        239       247       245       238    1
       127   4        244       220       221       247    1
       128   4        247       221       222       245    1
       129   4        242       248       249       241    1
       130   4        241       249       244       240    1
       131   4        248       218       219       249    1
       132   4        249       219       220       244    1
       133   4        184       185       250       243    1
       134   4        243       250       248       242    1
       135   4        185       186       217       250    1
       136   4        250       217       218       248    1
       137   4        177       251       253       176    1
       138   4        176       253       254       175    1
       139   4        175       254       255       174    1
       140   4        174       255       236       173    1
       141   4        238       256       257       239    1
       142   4        239       257       252       240    1
       143   4        256       254       253       257    1
       144   4        257       253       251       252    1
       145   4        234       235       258       237    1
       146   4        237       258       256       238    1
       147   4        235       236       255       258    1
       148   4        258       255       254       256    1
       149   4        181       182       259       180    1
       150   4        180       259       260       179    1
       151   4        179       260       261       178    1
       152   4        178       261       251       177    1
       153   4        242       262       263       243    1
       154   4        243       263       183       184    1
       155   4        262       260       259       263    1
       156   4        263       259       182       183    1
       157   4        240       252       264       241    1
       158   4        241       264       262       242    1
       159   4        252       251       261       264    1
       160   4        264       261       260       262    1
       161   4        270       272       273       269    1
       162   4        269       273       265       266    1
       163   4        272       226       227       273    1
       164   4        273       227       228       265    1
       165   4        234       233       274       271    1
       166   4        271       274       272       270    1
       167   4        233       224       225       274    1
       168   4        274       225       226       272    1
       169   4        266       267       275       269    1
       170   4        269       275       276       270    1
       171   4        270       276       277       271    1
       172   4        271       277       235       234    1
       173   4        171       278       279       170    1
       174   4        170       279       268       169    1
       175   4        278       276       275       279    1
       176   4        279       275       267       268    1
       177   4        173       236       280       172    1
       178   4        172       280       278       171    1
       179   4        236       235       277       280    1
       180   4        280       277       276       278    1
       181   4        282       285       286       281    1
       182   4        281       286       149       148    1
       183   4        285       231       232       286    1
       184   4        286       232       150       149    1
       185   4        266       265       287       284    1
       186   4        284       287       288       283    1
       187   4        283       288       285       282    1
       188   4        265       228       229       287    1
       189   4        287       229       230       288    1
       190   4        288       230       231       285    1
       191   4        166       289       291       165    1
       192   4        165       291       146       145    1
       193   4        289       290       292       291    1
       194   4        291       292       147       146    1
       195   4        290       282       281       292    1
       196   4        292       281       148       147    1
       197   4        169       268       293       168    1
       198   4        168       293       294       167    1
       199   4        167       294       289       166    1
       200   4        284       295       267       266    1
       201   4        295       293       268       267    1
       202   4        282       290       296       283    1
       203   4        283       296       295       284    1
       204   4        290       289       294       296    1
       205   4        296       294       293       295    1
       206   4        304       308       309       303    1
       207   4        303       309       310       302    1
       208   4        302       310       311       301    1
       209   4        301       311       297       298    1
       210   4        308       204       205       309    1
       211   4        309       205       206       310    1
       212   4        310       206       207       311    1
       213   4        311       207       208       297    1
       214   4        189       190       312       307    1
       215   4        307       312       313       306    1
       216   4        306       313       314       305    1
       217   4        305       314       308       304    1
       218   4        190       191       201       312    1
       219   4        312       201       202       313    1
       220   4        313       202       203       314    1
       221   4        314       203       204       308    1
       222   4        220       315       317       221    1
       223   4        221       317       318       222    1
       224   4        222       318       319       223    1
       225   4        223       319       300       224    1
       226   4        302       320       321       303    1
       227   4        303       321       316       304    1
       228   4        320       318       317       321    1
       229   4        321       317       315       316    1
       230   4        298       299       322       301    1
       231   4        301       322       320       302    1
       232   4        299       300       319       322    1
       233   4        322       319       318       320    1
       234   4        186       187       323       217    1
       235   4        217       323       324       218    1
       236   4        218       324       325       219    1
       237   4        219       325       315       220    1
       238   4        187       188       326       323    1
       239   4        323       326       327       324    1
       240   4        324       327       328       325    1
       241   4        325       328       316       315    1
       242   4        188       189       307       326    1
       243   4        326       307       306       327    1
       244   4        327       306       305       328    1
       245   4        328       305       304       316    1
       246   4        332       337       338       331    1
       247   4        331       338       339       330    1
       248   4        330       339       340       329    1
       249   4        329       340       154       153    1
       250   4        337       213       214       338    1
       251   4        338       214       215       339    1
       252   4        339       215       216       340    1
       253   4        340       216       155       154    1
       254   4        334       341       342       333    1
       255   4        333       342       337       332    1
       256   4        341       211       212       342    1
       257   4        342       212       213       337    1
       258   4        298       297       343       336    1
       259   4        336       343       344       335    1
       260   4        335       344       341       334    1
       261   4        297       208       209       343    1
       262   4        343       209       210       344    1
       263   4        344       210       211       341    1
       264   4        229       345       347       230    1
       265   4        230       347       348       231    1
       266   4        231       348       349       232    1
       267   4        232       349       151       150    1
       268   4        330       350       351       331    1
       269   4        331       351       346       332    1
       270   4        350       348       347       351    1
       271   4        351       347       345       346    1
       272   4        153       152       352       329    1
       273   4        329       352       350       330    1
       274   4        152       151       349       352    1
       275   4        352       349       348       350    1
       276   4        224       300       353       225    1
       277   4        225       353       354       226    1
       278   4        226       354       355       227    1
       279   4        227       355       356       228    1
       280   4        228       356       345       229    1
       281   4        335       357       358       336    1
       282   4        336       358       299       298    1
       283   4        357       354       353       358    1
       284   4        358       353       300       299    1
       285   4        332       346       359       333    1
       286   4        333       359       360       334    1
       287   4        334       360       357       335    1
       288   4        346       345       356       359    1
       289   4        359       356       355       360    1
       290   4        360       355       354       357    1
       291   4        380       394       395       379    1
       292   4        379       395       396       378    1
       293   4        378       396       397       377    1
       294   4        377       397       192       193    1
       295   4        394       204       203       395    1
       296   4        395       203       202       396    1
       297   4        396       202       201       397    1
       298   4        397       201       191       192    1
       299   4        384       393       398       383    1
       300   4        383       398       399       382    1
       301   4        382       399       400       381    1
       302   4        381       400       394       380    1
       303   4        393       208       207       398    1
       304   4        398       207       206       399    1
       305   4        399       206       205       400    1
       306   4        400       205       204       394    1
       307   4        388       401       402       387    1
       308   4        387       402       403       386    1
       309   4        386       403       404       385    1
       310   4        385       404       393       384    1
       311   4        401       212       211       402    1
       312   4        402       211       210       403    1
       313   4        403       210       209       404    1
       314   4        404       209       208       393    1
       315   4        157       156       405       392    1
       316   4        392       405       406       391    1
       317   4        391       406       407       390    1
       318   4        390       407       408       389    1
       319   4        389       408       401       388    1
       320   4        156       155       216       405    1
       321   4        405       216       215       406    1
       322   4        406       215       214       407    1
       323   4        407       214       213       408    1
       324   4        408       213       212       401    1
       325   4        368       409       411       367    1
       326   4        367       411       412       366    1
       327   4        366       412       413       365    1
       328   4        365       413       414       364    1
       329   4        364       414       415       363    1
       330   4        363       415       416       362    1
       331   4        362       416       417       361    1
       332   4        361       417       195       196    1
       333   4        380       418       419       381    1
       334   4        381       419       420       382    1
       335   4        382       420       421       383    1
       336   4        383       421       410       384    1
       337   4        418       414       413       419    1
       338   4        419       413       412       420    1
       339   4        420       412       411       421    1
       340   4        421       411       409       410    1
       341   4        193       194       422       377    1
       342   4        377       422       423       378    1
       343   4        378       423       424       379    1
       344   4        379       424       418       380    1
       345   4        194       195       417       422    1
       346   4        422       417       416       423    1
       347   4        423       416       415       424    1
       348   4        424       415       414       418    1
       349   4        160       159       425       376    1
       350   4        376       425       426       375    1
       351   4        375       426       427       374    1
       352   4        374       427       428       373    1
       353   4        373       428       429       372    1
       354   4        372       429       430       371    1
       355   4        371       430       431       370    1
       356   4        370       431       432       369    1
       357   4        369       432       409       368    1
       358   4        389       433       434       390    1
       359   4        390       434       435       391    1
       360   4        391       435       436       392    1
       361   4        392       436       158       157    1
       362   4        433       428       427       434    1
       363   4        434       427       426       435    1
       364   4        435       426       425       436    1
       365   4        436       425       159       158    1
       366   4        384       410       437       385    1
       367   4        385       437       438       386    1
       368   4        386       438       439       387    1
       369   4        387       439       440       388    1
       370   4        388       440       433       389    1
       371   4        410       409       432       437    1
       372   4        437       432       431       438    1
       373   4        438       431       430       439    1
       374   4        439       430       429       440    1
       375   4        440       429       428       433    1
       376   4        448       457       458       447    1
       377   4        447       458       459       446    1
       378   4        446       459       460       445    1
       379   4        445       460       461       444    1
       380   4        444       461       462       443    1
       381   4        443       462       463       442    1
       382   4        442       463       464       441    1
       383   4        441       464       197       198    1
       384   4        457       368       367       458    1
       385   4        458       367       366       459    1
       386   4        459       366       365       460    1
       387   4        460       365       364       461    1
       388   4        461       364       363       462    1
       389   4        462       363       362       463    1
       390   4        463       362       361       464    1
       391   4        464       361       196       197    1
       392   4        162       161       465       456    1
       393   4        456       465       466       455    1
       394   4        455       466       467       454    1
       395   4        454       467       468       453    1
       396   4        453       468       469       452    1
       397   4        452       469       470       451    1
       398   4        451       470       471       450    1
       399   4        450       471       472       449    1
       400   4        449       472       457       448    1
       401   4        161       160       376       465    1
       402   4        465       376       375       466    1
       403   4        466       375       374       467    1
       404   4        467       374       373       468    1
       405   4        468       373       372       469    1
       406   4        469       372       371       470    1
       407   4        470       371       370       471    1
       408   4        471       370       369       472    1
       409   4        472       369       368       457    1
       410   4        198       199       473       441    1
       411   4        441       473       474       442    1
       412   4        442       474       475       443    1
       413   4        443       475       476       444    1
       414   4        444       476       477       445    1
       415   4        445       477       478       446    1
       416   4        446       478       479       447    1
       417   4        447       479       480       448    1
       418   4        448       480       481       449    1
       419   4        449       481       482       450    1
       420   4        450       482       483       451    1
       421   4        451       483       484       452    1
       422   4        452       484       485       453    1
       423   4        453       485       486       454    1
       424   4        454       486       487       455    1
       425   4        455       487       488       456    1
       426   4        456       488       163       162    1
       427   4        199       200       489       473    1
       428   4        473       489       490       474    1
       429   4        474       490       491       475    1
       430   4        475       491       492       476    1
       431   4        476       492       493       477    1
       432   4        477       493       494       478    1
       433   4        478       494       495       479    1
       434   4        479       495       496       480    1
       435   4        480       496       497       481    1
       436   4        481       497       498       482    1
       437   4        482       498       499       483    1
       438   4        483       499       500       484    1
       439   4        484       500       501       485    1
       440   4        485       501       502       486    1
       441   4        486       502       503       487    1
       442   4        487       503       504       488    1
       443   4        488       504       164       163    1
       444   4        200        21        20       489    1
       445   4        489        20        19       490    1
       446   4        490        19        18       491    1
       447   4        491        18        17       492    1
       448   4        492        17        16       493    1
       449   4        493        16        15       494    1
       450   4        494        15        14       495    1
       451   4        495        14        13       496    1
       452   4        496        13        12       497    1
       453   4        497        12        11       498    1
       454   4        498        11        10       499    1
       455   4        499        10         9       500    1
       456   4        500         9         8       501    1
       457   4        501         8         7       502    1
       458   4        502         7         6       503    1
       459   4        503         6         5       504    1
       460   4        504         5         4       164    1
       461   4       1507      1508       508       105    2
       462   4       1509       507       508      1508    2
       463   4        507       106       105       508    2
       464   4       1356      1122      1510      1557    2
       465   4       1556      1357      1355      1557    2
       466   4       1356      1557      1355      1358    2
       467   4        165       145      1122      1356    2
       468   4       1360      1357      1556      1555    2
       469   4       1357      1359      1358      1355    2
       470   4       1356      1358      1361       165    2
       471   4       1555      1554      1363      1360    2
       472   4       1364      1359      1357      1360    2
       473   4       1359      1362      1361      1358    2
       474   4       1554      1553      1365      1363    2
       475   4        166       165      1361      1362    2
       476   4       1366      1362      1359      1364    2
       477   4       1360      1363      1367      1364    2
       478   4       1553      1552      1368      1365    2
       479   4        167       166      1362      1366    2
       480   4       1363      1365      1369      1367    2
       481   4       1370      1368      1552      1551    2
       482   4       1364      1367      1371      1366    2
       483   4       1372      1370      1551      1550    2
       484   4       1365      1368      1376      1369    2
       485   4       1366      1371       168       167    2
       486   4       1550      1549      1374      1372    2
       487   4       1367      1369      1375      1371    2
       488   4       1368      1370      1373      1376    2
       489   4       1549      1548      1378      1374    2
       490   4       1372      1377      1373      1370    2
       491   4       1371      1375       169       168    2
       492   4       1369      1376      1381      1375    2
       493   4       1372      1374      1379      1377    2
       494   4       1548      1547      1380      1378    2
       495   4       1382      1376      1373      1377    2
       496   4       1547      1546      1384      1380    2
       497   4       1374      1378      1383      1379    2
       498   4       1375      1381       170       169    2
       499   4       1377      1379      1385      1382    2
       500   4       1386      1384      1546      1545    2
       501   4       1376      1382      1388      1381    2
       502   4       1378      1380      1387      1383    2
       503   4       1545      1544      1390      1386    2
       504   4       1379      1383      1391      1385    2
       505   4       1380      1384      1392      1387    2
       506   4       1382      1385      1394      1388    2
       507   4       1544      1543      1396      1390    2
       508   4        170      1381      1389       171    2
       509   4       1388      1395      1389      1381    2
       510   4       1383      1387      1397      1391    2
       511   4       1543      1542      1393      1396    2
       512   4       1398      1392      1384      1386    2
       513   4       1541      1399      1393      1542    2
       514   4       1385      1391      1400      1394    2
       515   4       1386      1390      1402      1398    2
       516   4       1388      1394      1401      1395    2
       517   4       1387      1392      1403      1397    2
       518   4       1395       172       171      1389    2
       519   4       1404      1399      1541      1540    2
       520   4       1405      1396      1393      1399    2
       521   4       1391      1397      1406      1400    2
       522   4       1390      1396      1407      1402    2
       523   4       1408      1403      1392      1398    2
       524   4       1394      1400      1409      1401    2
       525   4       1395      1401       173       172    2
       526   4       1404      1540      1539      1414    2
       527   4       1397      1403      1410      1406    2
       528   4       1398      1402      1411      1408    2
       529   4       1412      1405      1399      1404    2
       530   4       1415      1407      1396      1405    2
       531   4       1414      1539      1511      1538    2
       532   4       1400      1406      1413      1409    2
       533   4       1401      1409       174       173    2
       534   4       1402      1407      1417      1411    2
       535   4       1416      1410      1403      1408    2
       536   4       1406      1410      1418      1413    2
       537   4       1414      1419      1412      1404    2
       538   4       1422      1415      1405      1412    2
       539   4       1408      1411      1420      1416    2
       540   4       1409      1413       175       174    2
       541   4       1423      1417      1407      1415    2
       542   4       1538      1537      1421      1414    2
       543   4       1424      1418      1410      1416    2
       544   4       1411      1417      1425      1420    2
       545   4       1413      1418       176       175    2
       546   4       1419      1426      1422      1412    2
       547   4       1414      1421      1427      1419    2
       548   4       1416      1420      1429      1424    2
       549   4       1432      1423      1415      1422    2
       550   4       1537      1536      1428      1421    2
       551   4       1423      1436      1425      1417    2
       552   4        177       176      1418      1424    2
       553   4       1427      1431      1426      1419    2
       554   4       1420      1425      1434      1429    2
       555   4       1421      1428      1433      1427    2
       556   4       1422      1426      1430      1432    2
       557   4       1428      1536      1535      1437    2
       558   4       1426      1431      1435      1430    2
       559   4       1424      1429       178       177    2
       560   4       1433      1438      1431      1427    2
       561   4       1432      1443      1436      1423    2
       562   4       1439      1432      1430      1435    2
       563   4       1434      1425      1436      1441    2
       564   4       1433      1428      1437      1444    2
       565   4       1435      1431      1438      1440    2
       566   4       1429      1434       179       178    2
       567   4       1534      1444      1437      1535    2
       568   4       1432      1439      1442      1443    2
       569   4       1439      1435      1440      1445    2
       570   4       1433      1444      1449      1438    2
       571   4        179      1434      1441       180    2
       572   4       1441      1436      1443      1448    2
       573   4       1438      1449      1446      1440    2
       574   4       1439      1445      1447      1442    2
       575   4       1451      1444      1534      1533    2
       576   4       1445      1440      1446      1450    2
       577   4       1452      1443      1442      1447    2
       578   4        180      1441      1448       181    2
       579   4       1453      1447      1445      1450    2
       580   4       1455      1449      1444      1451    2
       581   4       1454      1450      1446      1449    2
       582   4       1448      1443      1452      1456    2
       583   4       1457      1451      1533      1532    2
       584   4       1458      1452      1447      1453    2
       585   4       1459      1453      1450      1454    2
       586   4       1460      1454      1449      1455    2
       587   4        181      1448      1456      1354    2
       588   4       1462      1455      1451      1457    2
       589   4       1456      1452      1458      1461    2
       590   4       1463      1458      1453      1459    2
       591   4       1531      1464      1457      1532    2
       592   4       1465      1459      1454      1460    2
       593   4       1466      1460      1455      1462    2
       594   4       1354      1456      1461      1353    2
       595   4       1463      1353      1461      1458    2
       596   4       1457      1464      1467      1462    2
       597   4       1468      1463      1459      1465    2
       598   4       1469      1465      1460      1466    2
       599   4       1530      1470      1464      1531    2
       600   4       1466      1462      1467      1472    2
       601   4       1463      1468      1352      1353    2
       602   4       1470      1472      1467      1464    2
       603   4       1471      1468      1465      1469    2
       604   4       1472      1475      1469      1466    2
       605   4       1529      1473      1470      1530    2
       606   4       1468      1471      1351      1352    2
       607   4       1469      1475      1474      1471    2
       608   4       1473      1476      1472      1470    2
       609   4       1350      1351      1471      1474    2
       610   4       1528      1477      1473      1529    2
       611   4       1476      1478      1475      1472    2
       612   4       1349      1350      1474      1475    2
       613   4       1477      1479      1476      1473    2
       614   4       1527      1480      1477      1528    2
       615   4       1478      1348      1349      1475    2
       616   4       1479      1481      1478      1476    2
       617   4       1480      1482      1479      1477    2
       618   4       1526      1483      1480      1527    2
       619   4       1481      1347      1348      1478    2
       620   4       1482      1484      1481      1479    2
       621   4       1483      1485      1482      1480    2
       622   4       1525      1486      1483      1526    2
       623   4       1484      1346      1347      1481    2
       624   4       1485      1487      1484      1482    2
       625   4       1486      1488      1485      1483    2
       626   4       1487      1345      1346      1484    2
       627   4       1524      1489      1486      1525    2
       628   4       1488      1490      1487      1485    2
       629   4       1489      1491      1488      1486    2
       630   4       1490      1344      1345      1487    2
       631   4       1523      1492      1489      1524    2
       632   4       1491      1493      1490      1488    2
       633   4       1492      1494      1491      1489    2
       634   4       1493      1343      1344      1490    2
       635   4       1523      1522      1495      1492    2
       636   4       1494      1496      1493      1491    2
       637   4       1496      1342      1343      1493    2
       638   4       1494      1492      1495      1498    2
       639   4       1521      1498      1495      1522    2
       640   4       1494      1498      1497      1496    2
       641   4       1341      1342      1496      1497    2
       642   4       1340      1341      1497      1498    2
       643   4       1498      1521      1520      1499    2
       644   4       1340      1498      1499      1339    2
       645   4       1499      1520      1519      1500    2
       646   4       1339      1499      1500      1338    2
       647   4       1500      1519      1518      1501    2
       648   4       1338      1500      1501      1337    2
       649   4       1502      1501      1518      1517    2
       650   4       1336      1337      1501      1502    2
       651   4       1503      1502      1517      1516    2
       652   4       1335      1336      1502      1503    2
       653   4       1504      1503      1516      1515    2
       654   4       1334      1335      1503      1504    2
       655   4       1505      1504      1515      1514    2
       656   4       1333      1334      1504      1505    2
       657   4       1506      1505      1514      1513    2
       658   4       1332      1333      1505      1506    2
       659   4       1512      1332      1506      1513    2
       660   4        594       597       598       593    3
       661   4        593       598       599       592    3
       662   4        592       599       588       589    3
       663   4        597       528       529       598    3
       664   4        598       529       530       599    3
       665   4        599       530       531       588    3
       666   4        523       522       600       596    3
       667   4        596       600       601       595    3
       668   4        595       601       597       594    3
       669   4        522       521       526       600    3
       670   4        600       526       527       601    3
       671   4        601       527       528       597    3
       672   4        581       602       604       580    3
       673   4        580       604       605       579    3
       674   4        579       605       591       578    3
       675   4        602       603       606       604    3
       676   4        604       606       607       605    3
       677   4        605       607       590       591    3
       678   4        603       594       593       606    3
       679   4        606       593       592       607    3
       680   4        607       592       589       590    3
       681   4        520       525       608       583    3
       682   4        583       608       609       582    3
       683   4        582       609       602       581    3
       684   4        525       524       610       608    3
       685   4        608       610       611       609    3
       686   4        609       611       603       602    3
       687   4        524       523       596       610    3
       688   4        610       596       595       611    3
       689   4        611       595       594       603    3
       690   4        614       618       619       613    3
       691   4        613       619       620       612    3
       692   4        612       620       584       585    3
       693   4        618       535       536       619    3
       694   4        619       536       537       620    3
       695   4        620       537       538       584    3
       696   4        589       588       621       617    3
       697   4        617       621       622       616    3
       698   4        616       622       623       615    3
       699   4        615       623       618       614    3
       700   4        588       531       532       621    3
       701   4        621       532       533       622    3
       702   4        622       533       534       623    3
       703   4        623       534       535       618    3
       704   4        574       624       626       573    3
       705   4        573       626       627       572    3
       706   4        572       627       587       571    3
       707   4        624       625       628       626    3
       708   4        626       628       629       627    3
       709   4        627       629       586       587    3
       710   4        625       614       613       628    3
       711   4        628       613       612       629    3
       712   4        629       612       585       586    3
       713   4        578       591       630       577    3
       714   4        577       630       631       576    3
       715   4        576       631       632       575    3
       716   4        575       632       624       574    3
       717   4        591       590       633       630    3
       718   4        630       633       634       631    3
       719   4        631       634       635       632    3
       720   4        632       635       625       624    3
       721   4        590       589       617       633    3
       722   4        633       617       616       634    3
       723   4        634       616       615       635    3
       724   4        635       615       614       625    3
       725   4        642       646       647       641    3
       726   4        641       647       648       640    3
       727   4        640       648       636       637    3
       728   4        646       542       543       647    3
       729   4        647       543       544       648    3
       730   4        648       544       545       636    3
       731   4        585       584       649       645    3
       732   4        645       649       650       644    3
       733   4        644       650       651       643    3
       734   4        643       651       646       642    3
       735   4        584       538       539       649    3
       736   4        649       539       540       650    3
       737   4        650       540       541       651    3
       738   4        651       541       542       646    3
       739   4        637       638       652       640    3
       740   4        640       652       653       641    3
       741   4        641       653       654       642    3
       742   4        642       654       655       643    3
       743   4        643       655       656       644    3
       744   4        644       656       657       645    3
       745   4        645       657       586       585    3
       746   4        567       658       659       566    3
       747   4        566       659       660       565    3
       748   4        565       660       639       564    3
       749   4        658       654       653       659    3
       750   4        659       653       652       660    3
       751   4        660       652       638       639    3
       752   4        571       587       661       570    3
       753   4        570       661       662       569    3
       754   4        569       662       663       568    3
       755   4        568       663       658       567    3
       756   4        587       586       657       661    3
       757   4        661       657       656       662    3
       758   4        662       656       655       663    3
       759   4        663       655       654       658    3
       760   4        666       670       671       665    3
       761   4        665       671       672       664    3
       762   4        664       672       553       554    3
       763   4        670       549       550       671    3
       764   4        671       550       551       672    3
       765   4        672       551       552       553    3
       766   4        637       636       673       669    3
       767   4        669       673       674       668    3
       768   4        668       674       675       667    3
       769   4        667       675       670       666    3
       770   4        636       545       546       673    3
       771   4        673       546       547       674    3
       772   4        674       547       548       675    3
       773   4        675       548       549       670    3
       774   4        554       555       676       664    3
       775   4        664       676       677       665    3
       776   4        665       677       678       666    3
       777   4        666       678       679       667    3
       778   4        667       679       680       668    3
       779   4        668       680       681       669    3
       780   4        669       681       638       637    3
       781   4        560       682       683       559    3
       782   4        559       683       684       558    3
       783   4        558       684       556       557    3
       784   4        682       678       677       683    3
       785   4        683       677       676       684    3
       786   4        684       676       555       556    3
       787   4        564       639       685       563    3
       788   4        563       685       686       562    3
       789   4        562       686       687       561    3
       790   4        561       687       682       560    3
       791   4        639       638       681       685    3
       792   4        685       681       680       686    3
       793   4        686       680       679       687    3
       794   4        687       679       678       682    3
       795   4        741       755       756       740    3
       796   4        740       756       757       739    3
       797   4        739       757       758       738    3
       798   4        738       758       759       737    3
       799   4        737       759       760       736    3
       800   4        736       760       761       735    3
       801   4        735       761       762       734    3
       802   4        734       762       763       733    3
       803   4        733       763       764       732    3
       804   4        732       764       765       731    3
       805   4        731       765       766       730    3
       806   4        730       766       767       729    3
       807   4        729       767       697       696    3
       808   4        755       538       537       756    3
       809   4        756       537       536       757    3
       810   4        757       536       535       758    3
       811   4        758       535       534       759    3
       812   4        759       534       533       760    3
       813   4        760       533       532       761    3
       814   4        761       532       531       762    3
       815   4        762       531       530       763    3
       816   4        763       530       529       764    3
       817   4        764       529       528       765    3
       818   4        765       528       527       766    3
       819   4        766       527       526       767    3
       820   4        767       526       521       697    3
       821   4        701       702       768       754    3
       822   4        754       768       769       753    3
       823   4        753       769       770       752    3
       824   4        752       770       771       751    3
       825   4        751       771       772       750    3
       826   4        750       772       773       749    3
       827   4        749       773       774       748    3
       828   4        748       774       775       747    3
       829   4        747       775       776       746    3
       830   4        746       776       777       745    3
       831   4        745       777       778       744    3
       832   4        744       778       779       743    3
       833   4        743       779       780       742    3
       834   4        742       780       755       741    3
       835   4        702       552       551       768    3
       836   4        768       551       550       769    3
       837   4        769       550       549       770    3
       838   4        770       549       548       771    3
       839   4        771       548       547       772    3
       840   4        772       547       546       773    3
       841   4        773       546       545       774    3
       842   4        774       545       544       775    3
       843   4        775       544       543       776    3
       844   4        776       543       542       777    3
       845   4        777       542       541       778    3
       846   4        778       541       540       779    3
       847   4        779       540       539       780    3
       848   4        780       539       538       755    3
       849   4        715       781       783       714    3
       850   4        714       783       784       713    3
       851   4        713       784       785       712    3
       852   4        712       785       786       711    3
       853   4        711       786       787       710    3
       854   4        710       787       788       709    3
       855   4        709       788       789       708    3
       856   4        708       789       790       707    3
       857   4        707       790       791       706    3
       858   4        706       791       792       705    3
       859   4        705       792       793       704    3
       860   4        704       793       794       703    3
       861   4        703       794       694       693    3
       862   4        781       782       795       783    3
       863   4        783       795       796       784    3
       864   4        784       796       797       785    3
       865   4        785       797       798       786    3
       866   4        786       798       799       787    3
       867   4        787       799       800       788    3
       868   4        788       800       801       789    3
       869   4        789       801       802       790    3
       870   4        790       802       803       791    3
       871   4        791       803       804       792    3
       872   4        792       804       805       793    3
       873   4        793       805       806       794    3
       874   4        794       806       695       694    3
       875   4        782       741       740       795    3
       876   4        795       740       739       796    3
       877   4        796       739       738       797    3
       878   4        797       738       737       798    3
       879   4        798       737       736       799    3
       880   4        799       736       735       800    3
       881   4        800       735       734       801    3
       882   4        801       734       733       802    3
       883   4        802       733       732       803    3
       884   4        803       732       731       804    3
       885   4        804       731       730       805    3
       886   4        805       730       729       806    3
       887   4        806       729       696       695    3
       888   4        698       699       807       728    3
       889   4        728       807       808       727    3
       890   4        727       808       809       726    3
       891   4        726       809       810       725    3
       892   4        725       810       811       724    3
       893   4        724       811       812       723    3
       894   4        723       812       813       722    3
       895   4        722       813       814       721    3
       896   4        721       814       815       720    3
       897   4        720       815       816       719    3
       898   4        719       816       817       718    3
       899   4        718       817       818       717    3
       900   4        717       818       819       716    3
       901   4        716       819       781       715    3
       902   4        699       700       820       807    3
       903   4        807       820       821       808    3
       904   4        808       821       822       809    3
       905   4        809       822       823       810    3
       906   4        810       823       824       811    3
       907   4        811       824       825       812    3
       908   4        812       825       826       813    3
       909   4        813       826       827       814    3
       910   4        814       827       828       815    3
       911   4        815       828       829       816    3
       912   4        816       829       830       817    3
       913   4        817       830       831       818    3
       914   4        818       831       832       819    3
       915   4        819       832       782       781    3
       916   4        700       701       754       820    3
       917   4        820       754       753       821    3
       918   4        821       753       752       822    3
       919   4        822       752       751       823    3
       920   4        823       751       750       824    3
       921   4        824       750       749       825    3
       922   4        825       749       748       826    3
       923   4        826       748       747       827    3
       924   4        827       747       746       828    3
       925   4        828       746       745       829    3
       926   4        829       745       744       830    3
       927   4        830       744       743       831    3
       928   4        831       743       742       832    3
       929   4        832       742       741       782    3
       930   4        692       691       836       837    3
       931   4        691       690       835       836    3
       932   4        690       689       834       835    3
       933   4        689       688       833       834    3
       934   4        688       515       514       833    3
       935   4        838       845       505       104    3
       936   4        845       510       506       505    3
       937   4        839       844       845       838    3
       938   4        844       511       510       845    3
       939   4        840       846       844       839    3
       940   4        846       512       511       844    3
       941   4        841       847       846       840    3
       942   4        847       513       512       846    3
       943   4        842       843       847       841    3
       944   4        843       514       513       847    3
       945   4        842       848       855       843    3
       946   4        843       855       833       514    3
       947   4        848       849       854       855    3
       948   4        855       854       834       833    3
       949   4        849       850       856       854    3
       950   4        854       856       835       834    3
       951   4        850       851       857       856    3
       952   4        856       857       836       835    3
       953   4        851       852       853       857    3
       954   4        857       853       837       836    3
       955   4        873       876       877       872    3
       956   4        872       877       863       864    3
       957   4        876       860       861       877    3
       958   4        877       861       862       863    3
       959   4        874       878       876       873    3
       960   4        878       859       860       876    3
       961   4        839       838       879       875    3
       962   4        875       879       878       874    3
       963   4        838       104       858       879    3
       964   4        879       858       859       878    3
       965   4        869       880       882       868    3
       966   4        868       882       866       867    3
       967   4        880       881       883       882    3
       968   4        882       883       865       866    3
       969   4        881       873       872       883    3
       970   4        883       872       864       865    3
       971   4        842       841       884       871    3
       972   4        871       884       885       870    3
       973   4        870       885       880       869    3
       974   4        875       886       840       839    3
       975   4        886       884       841       840    3
       976   4        873       881       887       874    3
       977   4        874       887       886       875    3
       978   4        881       880       885       887    3
       979   4        887       885       884       886    3
       980   4        898       901       902       897    3
       981   4        897       902       888       889    3
       982   4        901       869       868       902    3
       983   4        902       868       867       888    3
       984   4        849       848       903       900    3
       985   4        900       903       904       899    3
       986   4        899       904       901       898    3
       987   4        848       842       871       903    3
       988   4        903       871       870       904    3
       989   4        904       870       869       901    3
       990   4        889       890       905       897    3
       991   4        897       905       906       898    3
       992   4        898       906       907       899    3
       993   4        899       907       908       900    3
       994   4        900       908       850       849    3
       995   4        894       909       910       893    3
       996   4        893       910       891       892    3
       997   4        909       906       905       910    3
       998   4        910       905       890       891    3
       999   4        852       851       911       896    3
      1000   4        896       911       912       895    3
      1001   4        895       912       909       894    3
      1002   4        851       850       908       911    3
      1003   4        911       908       907       912    3
      1004   4        912       907       906       909    3
      1005   4        928       931       932       927    3
      1006   4        927       932       918       919    3
      1007   4        931       554       553       932    3
      1008   4        932       553       552       918    3
      1009   4        929       933       931       928    3
      1010   4        933       555       554       931    3
      1011   4        916       917       934       930    3
      1012   4        930       934       933       929    3
      1013   4        917       557       556       934    3
      1014   4        934       556       555       933    3
      1015   4        924       935       937       923    3
      1016   4        923       937       921       922    3
      1017   4        935       936       938       937    3
      1018   4        937       938       920       921    3
      1019   4        936       928       927       938    3
      1020   4        938       927       919       920    3
      1021   4        913       914       939       926    3
      1022   4        926       939       940       925    3
      1023   4        925       940       935       924    3
      1024   4        930       941       915       916    3
      1025   4        941       939       914       915    3
      1026   4        928       936       942       929    3
      1027   4        929       942       941       930    3
      1028   4        936       935       940       942    3
      1029   4        942       940       939       941    3
      1030   4        953       956       957       952    3
      1031   4        952       957       702       701    3
      1032   4        956       919       918       957    3
      1033   4        957       918       552       702    3
      1034   4        946       947       958       955    3
      1035   4        955       958       959       954    3
      1036   4        954       959       956       953    3
      1037   4        947       922       921       958    3
      1038   4        958       921       920       959    3
      1039   4        959       920       919       956    3
      1040   4        701       700       960       952    3
      1041   4        952       960       961       953    3
      1042   4        953       961       962       954    3
      1043   4        954       962       963       955    3
      1044   4        955       963       945       946    3
      1045   4        949       964       965       948    3
      1046   4        948       965       699       698    3
      1047   4        964       961       960       965    3
      1048   4        965       960       700       699    3
      1049   4        943       944       966       951    3
      1050   4        951       966       967       950    3
      1051   4        950       967       964       949    3
      1052   4        944       945       963       966    3
      1053   4        966       963       962       967    3
      1054   4        967       962       961       964    3
      1055   4        990       992       986       987    3
      1056   4        992       975       976       986    3
      1057   4        991       993       992       990    3
      1058   4        993       974       975       992    3
      1059   4        971       972       993       991    3
      1060   4        972       973       974       993    3
      1061   4        984       994       989       983    3
      1062   4        994       995       988       989    3
      1063   4        995       990       987       988    3
      1064   4        968       969       996       985    3
      1065   4        985       996       994       984    3
      1066   4        991       997       970       971    3
      1067   4        997       996       969       970    3
      1068   4        990       995       997       991    3
      1069   4        995       994       996       997    3
      1070   4       1002      1003       998       999    3
      1071   4       1003       977       978       998    3
      1072   4        987       986      1003      1002    3
      1073   4        986       976       977      1003    3
      1074   4        999      1000      1004      1002    3
      1075   4       1002      1004       988       987    3
      1076   4        982      1005      1001       981    3
      1077   4       1005      1004      1000      1001    3
      1078   4        983       989      1005       982    3
      1079   4        989       988      1004      1005    3
      1080   4       1006      1007       926       925    3
      1081   4       1007       979       913       926    3
      1082   4        999       998      1007      1006    3
      1083   4        998       978       979      1007    3
      1084   4        925       924      1008      1006    3
      1085   4       1006      1008      1000       999    3
      1086   4        980      1009       923       922    3
      1087   4       1009      1008       924       923    3
      1088   4        981      1001      1009       980    3
      1089   4       1001      1000      1008      1009    3
      1090   4       1025      1027      1021      1022    3
      1091   4       1027       984       983      1021    3
      1092   4       1013      1014      1028      1026    3
      1093   4       1026      1028      1027      1025    3
      1094   4       1014       968       985      1028    3
      1095   4       1028       985       984      1027    3
      1096   4       1022      1023      1029      1025    3
      1097   4       1025      1029      1030      1026    3
      1098   4       1026      1030      1012      1013    3
      1099   4       1019      1031      1024      1018    3
      1100   4       1031      1029      1023      1024    3
      1101   4       1010      1011      1032      1020    3
      1102   4       1020      1032      1031      1019    3
      1103   4       1011      1012      1030      1032    3
      1104   4       1032      1030      1029      1031    3
      1105   4       1034      1036      1037      1033    3
      1106   4       1033      1037       947       946    3
      1107   4       1036       981       980      1037    3
      1108   4       1037       980       922       947    3
      1109   4       1022      1021      1038      1035    3
      1110   4       1035      1038      1036      1034    3
      1111   4       1021       983       982      1038    3
      1112   4       1038       982       981      1036    3
      1113   4        946       945      1039      1033    3
      1114   4       1033      1039      1040      1034    3
      1115   4       1034      1040      1041      1035    3
      1116   4       1035      1041      1023      1022    3
      1117   4       1016      1042      1043      1015    3
      1118   4       1015      1043       944       943    3
      1119   4       1042      1040      1039      1043    3
      1120   4       1043      1039       945       944    3
      1121   4       1018      1024      1044      1017    3
      1122   4       1017      1044      1042      1016    3
      1123   4       1024      1023      1041      1044    3
      1124   4       1044      1041      1040      1042    3
      1125   4       1064      1067      1069      1063    3
      1126   4       1063      1069      1058      1059    3
      1127   4       1067      1068      1070      1069    3
      1128   4       1069      1070      1057      1058    3
      1129   4       1068      1054      1055      1070    3
      1130   4       1070      1055      1056      1057    3
      1131   4       1048      1049      1071      1066    3
      1132   4       1066      1071      1072      1065    3
      1133   4       1065      1072      1067      1064    3
      1134   4       1052      1073      1050      1051    3
      1135   4       1073      1071      1049      1050    3
      1136   4       1054      1068      1074      1053    3
      1137   4       1053      1074      1073      1052    3
      1138   4       1068      1067      1072      1074    3
      1139   4       1074      1072      1071      1073    3
      1140   4       1076      1079      1080      1075    3
      1141   4       1075      1080      1060      1061    3
      1142   4       1079      1064      1063      1080    3
      1143   4       1080      1063      1059      1060    3
      1144   4       1077      1081      1079      1076    3
      1145   4       1081      1065      1064      1079    3
      1146   4       1046      1047      1082      1078    3
      1147   4       1078      1082      1081      1077    3
      1148   4       1047      1048      1066      1082    3
      1149   4       1082      1066      1065      1081    3
      1150   4        865      1083      1084       866    3
      1151   4        866      1084      1062       867    3
      1152   4       1083      1076      1075      1084    3
      1153   4       1084      1075      1061      1062    3
      1154   4        864      1085      1083       865    3
      1155   4       1085      1077      1076      1083    3
      1156   4        862      1045      1086       863    3
      1157   4        863      1086      1085       864    3
      1158   4       1045      1046      1078      1086    3
      1159   4       1086      1078      1077      1085    3
      1160   4       1098      1105      1087      1088    3
      1161   4       1105      1057      1056      1087    3
      1162   4       1100      1104      1106      1099    3
      1163   4       1099      1106      1105      1098    3
      1164   4       1104      1059      1058      1106    3
      1165   4       1106      1058      1057      1105    3
      1166   4       1102      1107      1108      1101    3
      1167   4       1101      1108      1104      1100    3
      1168   4       1107      1061      1060      1108    3
      1169   4       1108      1060      1059      1104    3
      1170   4        889       888      1109      1103    3
      1171   4       1103      1109      1107      1102    3
      1172   4        888       867      1062      1109    3
      1173   4       1109      1062      1061      1107    3
      1174   4       1094      1110      1112      1093    3
      1175   4       1093      1112      1113      1092    3
      1176   4       1092      1113      1090      1091    3
      1177   4       1099      1114      1111      1100    3
      1178   4       1114      1112      1110      1111    3
      1179   4       1088      1089      1115      1098    3
      1180   4       1098      1115      1114      1099    3
      1181   4       1089      1090      1113      1115    3
      1182   4       1115      1113      1112      1114    3
      1183   4        892       891      1116      1097    3
      1184   4       1097      1116      1117      1096    3
      1185   4       1096      1117      1118      1095    3
      1186   4       1095      1118      1110      1094    3
      1187   4       1102      1119      1120      1103    3
      1188   4       1103      1120       890       889    3
      1189   4       1119      1117      1116      1120    3
      1190   4       1120      1116       891       890    3
      1191   4       1100      1111      1121      1101    3
      1192   4       1101      1121      1119      1102    3
      1193   4       1111      1110      1118      1121    3
      1194   4       1121      1118      1117      1119    3
      1195   4       1174      1175      1168      1169    3
      1196   4       1175      1176      1167      1168    3
      1197   4       1176      1177      1166      1167    3
      1198   4       1177      1178      1165      1166    3
      1199   4       1178      1161      1162      1165    3
      1200   4       1146      1147      1175      1174    3
      1201   4       1147      1148      1176      1175    3
      1202   4       1148      1149      1177      1176    3
      1203   4       1149      1150      1178      1177    3
      1204   4       1150      1151      1161      1178    3
      1205   4        516      1179      1173       517    3
      1206   4       1179      1180      1172      1173    3
      1207   4       1180      1181      1171      1172    3
      1208   4       1181      1182      1170      1171    3
      1209   4       1182      1174      1169      1170    3
      1210   4        515      1142      1179       516    3
      1211   4       1142      1143      1180      1179    3
      1212   4       1143      1144      1181      1180    3
      1213   4       1144      1145      1182      1181    3
      1214   4       1145      1146      1174      1182    3
      1215   4       1183      1185      1136      1137    3
      1216   4       1185      1186      1135      1136    3
      1217   4       1186      1187      1134      1135    3
      1218   4       1187      1188      1133      1134    3
      1219   4       1188      1164      1132      1133    3
      1220   4       1184      1189      1185      1183    3
      1221   4       1189      1190      1186      1185    3
      1222   4       1190      1191      1187      1186    3
      1223   4       1191      1192      1188      1187    3
      1224   4       1192      1163      1164      1188    3
      1225   4       1169      1168      1189      1184    3
      1226   4       1168      1167      1190      1189    3
      1227   4       1167      1166      1191      1190    3
      1228   4       1166      1165      1192      1191    3
      1229   4       1165      1162      1163      1192    3
      1230   4        519      1193      1141       509    3
      1231   4       1193      1194      1140      1141    3
      1232   4       1194      1195      1139      1140    3
      1233   4       1195      1196      1138      1139    3
      1234   4       1196      1183      1137      1138    3
      1235   4        518      1197      1193       519    3
      1236   4       1197      1198      1194      1193    3
      1237   4       1198      1199      1195      1194    3
      1238   4       1199      1200      1196      1195    3
      1239   4       1200      1184      1183      1196    3
      1240   4        517      1173      1197       518    3
      1241   4       1173      1172      1198      1197    3
      1242   4       1172      1171      1199      1198    3
      1243   4       1171      1170      1200      1199    3
      1244   4       1170      1169      1184      1200    3
      1245   4       1209      1210      1205      1206    3
      1246   4       1210      1201      1202      1205    3
      1247   4       1154      1155      1210      1209    3
      1248   4       1155      1156      1201      1210    3
      1249   4       1161      1211      1208      1162    3
      1250   4       1211      1212      1207      1208    3
      1251   4       1212      1209      1206      1207    3
      1252   4       1151      1152      1211      1161    3
      1253   4       1152      1153      1212      1211    3
      1254   4       1153      1154      1209      1212    3
      1255   4       1203      1213      1205      1202    3
      1256   4       1213      1214      1206      1205    3
      1257   4       1214      1215      1207      1206    3
      1258   4       1215      1216      1208      1207    3
      1259   4       1216      1163      1162      1208    3
      1260   4       1217      1218      1128      1129    3
      1261   4       1218      1204      1127      1128    3
      1262   4       1214      1213      1218      1217    3
      1263   4       1213      1203      1204      1218    3
      1264   4       1164      1219      1131      1132    3
      1265   4       1219      1220      1130      1131    3
      1266   4       1220      1217      1129      1130    3
      1267   4       1163      1216      1219      1164    3
      1268   4       1216      1215      1220      1219    3
      1269   4       1215      1214      1217      1220    3
      1270   4       1225      1226      1221      1222    3
      1271   4       1226       522       523      1221    3
      1272   4       1159      1160      1226      1225    3
      1273   4       1160       521       522      1226    3
      1274   4       1201      1227      1224      1202    3
      1275   4       1227      1228      1223      1224    3
      1276   4       1228      1225      1222      1223    3
      1277   4       1156      1157      1227      1201    3
      1278   4       1157      1158      1228      1227    3
      1279   4       1158      1159      1225      1228    3
      1280   4        524      1229      1221       523    3
      1281   4       1229      1230      1222      1221    3
      1282   4       1230      1231      1223      1222    3
      1283   4       1231      1232      1224      1223    3
      1284   4       1232      1203      1202      1224    3
      1285   4       1233      1234      1123      1124    3
      1286   4       1234       525       520      1123    3
      1287   4       1230      1229      1234      1233    3
      1288   4       1229       524       525      1234    3
      1289   4       1204      1235      1126      1127    3
      1290   4       1235      1236      1125      1126    3
      1291   4       1236      1233      1124      1125    3
      1292   4       1203      1232      1235      1204    3
      1293   4       1232      1231      1236      1235    3
      1294   4       1231      1230      1233      1236    3
      1295   4       1275      1276      1264      1265    3
      1296   4       1276      1277      1263      1264    3
      1297   4       1277      1278      1262      1263    3
      1298   4       1278      1279      1261      1262    3
      1299   4       1279      1280      1260      1261    3
      1300   4       1280      1281      1259      1260    3
      1301   4       1281      1282      1258      1259    3
      1302   4       1282      1283      1257      1258    3
      1303   4       1283      1284      1256      1257    3
      1304   4       1284       688       689      1256    3
      1305   4       1151      1150      1276      1275    3
      1306   4       1150      1149      1277      1276    3
      1307   4       1149      1148      1278      1277    3
      1308   4       1148      1147      1279      1278    3
      1309   4       1147      1146      1280      1279    3
      1310   4       1146      1145      1281      1280    3
      1311   4       1145      1144      1282      1281    3
      1312   4       1144      1143      1283      1282    3
      1313   4       1143      1142      1284      1283    3
      1314   4       1142       515       688      1284    3
      1315   4        697      1285      1274       696    3
      1316   4       1285      1286      1273      1274    3
      1317   4       1286      1287      1272      1273    3
      1318   4       1287      1288      1271      1272    3
      1319   4       1288      1289      1270      1271    3
      1320   4       1289      1290      1269      1270    3
      1321   4       1290      1291      1268      1269    3
      1322   4       1291      1292      1267      1268    3
      1323   4       1292      1293      1266      1267    3
      1324   4       1293      1275      1265      1266    3
      1325   4        521      1160      1285       697    3
      1326   4       1160      1159      1286      1285    3
      1327   4       1159      1158      1287      1286    3
      1328   4       1158      1157      1288      1287    3
      1329   4       1157      1156      1289      1288    3
      1330   4       1156      1155      1290      1289    3
      1331   4       1155      1154      1291      1290    3
      1332   4       1154      1153      1292      1291    3
      1333   4       1153      1152      1293      1292    3
      1334   4       1152      1151      1275      1293    3
      1335   4        690      1294      1256       689    3
      1336   4       1294      1295      1257      1256    3
      1337   4       1295      1296      1258      1257    3
      1338   4       1296      1297      1259      1258    3
      1339   4       1297      1298      1260      1259    3
      1340   4       1298      1299      1261      1260    3
      1341   4       1299      1300      1262      1261    3
      1342   4       1300      1301      1263      1262    3
      1343   4       1301      1302      1264      1263    3
      1344   4       1302      1303      1265      1264    3
      1345   4       1303      1304      1266      1265    3
      1346   4       1304      1305      1267      1266    3
      1347   4       1305      1306      1268      1267    3
      1348   4       1306      1307      1269      1268    3
      1349   4       1307      1308      1270      1269    3
      1350   4       1308      1309      1271      1270    3
      1351   4       1309      1310      1272      1271    3
      1352   4       1310      1311      1273      1272    3
      1353   4       1311      1312      1274      1273    3
      1354   4       1312       695       696      1274    3
      1355   4       1313      1314      1245      1246    3
      1356   4       1314      1315      1244      1245    3
      1357   4       1315      1316      1243      1244    3
      1358   4       1316      1317      1242      1243    3
      1359   4       1317      1318      1241      1242    3
      1360   4       1318      1319      1240      1241    3
      1361   4       1319      1320      1239      1240    3
      1362   4       1320      1321      1238      1239    3
      1363   4       1321      1322      1237      1238    3
      1364   4       1322       691       692      1237    3
      1365   4       1303      1302      1314      1313    3
      1366   4       1302      1301      1315      1314    3
      1367   4       1301      1300      1316      1315    3
      1368   4       1300      1299      1317      1316    3
      1369   4       1299      1298      1318      1317    3
      1370   4       1298      1297      1319      1318    3
      1371   4       1297      1296      1320      1319    3
      1372   4       1296      1295      1321      1320    3
      1373   4       1295      1294      1322      1321    3
      1374   4       1294       690       691      1322    3
      1375   4        694      1323      1255       693    3
      1376   4       1323      1324      1254      1255    3
      1377   4       1324      1325      1253      1254    3
      1378   4       1325      1326      1252      1253    3
      1379   4       1326      1327      1251      1252    3
      1380   4       1327      1328      1250      1251    3
      1381   4       1328      1329      1249      1250    3
      1382   4       1329      1330      1248      1249    3
      1383   4       1330      1331      1247      1248    3
      1384   4       1331      1313      1246      1247    3
      1385   4        695      1312      1323       694    3
      1386   4       1312      1311      1324      1323    3
      1387   4       1311      1310      1325      1324    3
      1388   4       1310      1309      1326      1325    3
      1389   4       1309      1308      1327      1326    3
      1390   4       1308      1307      1328      1327    3
      1391   4       1307      1306      1329      1328    3
      1392   4       1306      1305      1330      1329    3
      1393   4       1305      1304      1331      1330    3
      1394   4       1304      1303      1313      1331    3
      1395   4        106       507      1122       145    4
      1396   4        507      1509      1510      1122    4
      1397   4        509       506       510       519    5
      1398   4        519       510       511       518    5
      1399   4        518       511       512       517    5
      1400   4        517       512       513       516    5
      1401   4        516       513       514       515    5
      1402   4       1508      1507       104       505    6
      1403   4       1509      1508       505       506    7
      1404   4       1510      1509       506       509    8
      1405   4       1557      1510       509      1141    9
      1406   4       1556      1557      1141      1140   10
      1407   4       1555      1556      1140      1139   11
      1408   4       1554      1555      1139      1138   12
      1409   4       1553      1554      1138      1137   13
      1410   4       1552      1553      1137      1136   14
      1411   4       1551      1552      1136      1135   15
      1412   4       1550      1551      1135      1134   16
      1413   4       1549      1550      1134      1133   17
      1414   4       1548      1549      1133      1132   18
      1415   4       1547      1548      1132      1131   19
      1436   4       1527      1528       573       572   40
      1437   4       1526      1527       572       571   41
      1438   4       1525      1526       571       570   42
      1439   4       1524      1525       570       569   43
      1440   4       1523      1524       569       568   44
      1441   4       1522      1523       568       567   45
      1442   4       1521      1522       567       566   46
      1443   4       1520      1521       566       565   47
      1444   4       1519      1520       565       564   48
      1445   4       1518      1519       564       563   49
      1446   4       1517      1518       563       562   50
      1447   4       1516      1517       562       561   51
      1448   4       1515      1516       561       560   52
      1449   4       1514      1515       560       559   53
      1450   4       1513      1514       559       558   54
      1451   4       1512      1513       558       557   55
