         1      2609      2607      2633      2632       491       501       466      2702         1
         2      2598      2624      2635      2613       504       471       464      2626         1
         3      2598      2613      2623      2597       504      2626      2673      2527         1
         4      2597      2632      2633      2598      2527      2702       466       504         1
         5      2527      2702       466       504      2121      2154      2155      2122         1
         6       504      2626      2673      2527      2122      2137      2147      2121         1
         7       504       471       464      2626      2122      2148      2159      2137         1
         8       491       501       466      2702      2133      2131      2155      2154         1
         9       484       465       470       483      4608      4610      4612      4614         1
        10      4608      4610      4612      4614      4609      4611      4613      4615         1
        11      4609      4611      4613      4615      2137      2159      2148      2122         1
        12       483       476       475       502      4614      4616      4618      4620         1
        13      4614      4616      4618      4620      4615      4617      4619      4621         1
        14      4615      4617      4619      4621      2122      2155      2154      2121         1
        15       475       476       500       492      4618      4616      4622      4624         1
        16      4618      4616      4622      4624      4619      4617      4623      4625         1
        17      4619      4617      4623      4625      2154      2155      2131      2133         1
        18       502       472       484       483      4620      4626      4608      4614         1
        19      4620      4626      4608      4614      4621      4627      4609      4615         1
        20      4621      4627      4609      4615      2121      2147      2137      2122         1
        21      2602      2612      2642      2608      2551       303       459       499         1
        22      2692      2671      2622      2621      2322      2301      2321      2325         1
        23      2608      2611      2730      2651       499       488      2457      2802         1
        24      2730      2619      2670      2651      2457      2662      2296      2802         1
        25      2637      2671      2692      2620      2727      2301      2322      2668         1
        26      2620      2597      2623      2637      2668      2527      2673      2727         1
        27      2619      2620      2692      2670      2662      2668      2322      2296         1
        28      2651      2670      2603      2600      2802      2296      2556      2536         1
        29      2611      2610      2609      2730       488       490       491      2457         1
        30      2670      2692      2621      2603      2296      2322      2325      2556         1
        31      2608      2651      2600      2602       499      2802      2536      2551         1
        32      2619      2632      2597      2620      2662      2702      2527      2668         1
        33      2632      2619      2730      2609      2702      2662      2457       491         1
        34      2144      2163      2147      2121      2668      2727      2673      2527         1
        35      2135      2274      2133      2134       488      2457       491       490         1
        36      2143      2144      2121      2154      2662      2668      2527      2702         1
        37      2154      2133      2274      2143      2702       491      2457      2662         1
        38      2144      2121      2147      2163      4628      4621      4627      4630         1
        39      4628      4621      4627      4630      4629      4620      4626      4631         1
        40      4629      4620      4626      4631       457       502       472       474         1
        41      2135      2134      2133      2274      4632      4634      4625      4636         1
        42      4632      4634      4625      4636      4633      4635      4624      4637         1
        43      4633      4635      4624      4637       489       493       492       302         1
        44      2143      2154      2121      2144      4638      4619      4621      4628         1
        45      4638      4619      4621      4628      4639      4618      4620      4629         1
        46      4639      4618      4620      4629       481       475       502       457         1
        47      2154      2143      2274      2133      4619      4638      4636      4625         1
        48      4619      4638      4636      4625      4618      4639      4637      4624         1
        49      4618      4639      4637      4624       475       481       302       492         1
        50      2662      2668      2322      2296      2143      2144      2235      2208         1
        51      2727      2301      2322      2668      2163      2212      2235      2144         1
        52      2457      2662      2296      2802      2274      2143      2208      2184         1
        53       499       488      2457      2802      2132      2135      2274      2184         1
        54       434       302       489       498      4640      4637      4633      4642         1
        55      4640      4637      4633      4642      4641      4636      4632      4643         1
        56      4641      4636      4632      4643      2184      2274      2135      2132         1
        57       434       382       481       302      4640      4644      4639      4637         1
        58      4640      4644      4639      4637      4641      4645      4638      4636         1
        59      4641      4645      4638      4636      2184      2208      2143      2274         1
        60       457       361       359       474      4629      4646      4648      4631         1
        61      4629      4646      4648      4631      4628      4647      4649      4630         1
        62      4628      4647      4649      4630      2144      2235      2212      2163         1
        63       382       361       457       481      4644      4646      4629      4639         1
        64      4644      4646      4629      4639      4645      4647      4628      4638         1
        65      4645      4647      4628      4638      2208      2235      2144      2143         1
        66       499      2802      2536      2551      2132      2184      2124      2126         1
        67      2296      2322      2325      2556      2208      2235      2145      2127         1
        68      2802      2296      2556      2536      2184      2208      2127      2124         1
        69      2322      2301      2321      2325      2235      2212      2146      2145         1
        70      2551       303       459       499      2126      2136      2173      2132         1
        71      2126      2136      2173      2132      4650      4652      4654      4643         1
        72      4650      4652      4654      4643      4651      4653      4655      4642         1
        73      4651      4653      4655      4642       487       305       485       498         1
        74      2235      2212      2146      2145      4647      4649      4656      4658         1
        75      4647      4649      4656      4658      4646      4648      4657      4659         1
        76      4646      4648      4657      4659       361       359       473       296         1
        77      2184      2208      2127      2124      4641      4645      4660      4662         1
        78      4641      4645      4660      4662      4640      4644      4661      4663         1
        79      4640      4644      4661      4663       434       382       299       486         1
        80      2208      2235      2145      2127      4645      4647      4658      4660         1
        81      4645      4647      4658      4660      4644      4646      4659      4661         1
        82      4644      4646      4659      4661       382       361       296       299         1
        83      2132      2184      2124      2126      4643      4641      4662      4650         1
        84      4643      4641      4662      4650      4642      4640      4663      4651         1
        85      4642      4640      4663      4651       498       434       486       487         1
        86      6364      2599      2604      6363      6319      2535      2565      6320         2
        87      6359      6363      2604      2731      6348      6320      2565      2459         2
        88      2683      2604      2599      2682      2316      2565      2535      2315         2
        89      2685      2731      2604      2683      2318      2459      2565      2316         2
        90      2617      2616      2683      2682      2570      2571      2316      2315         2
        91      2615      2685      2683      2616      2458      2318      2316      2571         2
        92      2458      2318      2316      2571      2139      2229      2227      2140         2
        93      2570      2571      2316      2315      2141      2140      2227      2226         2
        94      2318      2459      2565      2316      2229      2275      2128      2227         2
        95      2316      2565      2535      2315      2227      2128      2123      2226         2
        96      6348      6320      2565      2459      6300      6304      2128      2275         2
        97      6319      2535      2565      6320      6305      2123      2128      6304         2
        98      6305      2123      2128      6304      6385      4664      4666      6387         2
        99      6385      4664      4666      6387      6386      4665      4667      6388         2
       100      6386      4665      4667      6388      6287       297       300      6278         2
       101      6300      6304      2128      2275      6389      6387      4666      4668         2
       102      6389      6387      4666      4668      6390      6388      4667      4669         2
       103      6390      6388      4667      4669      6279      6278       300       306         2
       104      2227      2128      2123      2226      4670      4666      4664      4672         2
       105      4670      4666      4664      4672      4671      4667      4665      4673         2
       106      4671      4667      4665      4673       317       300       297       298         2
       107      2229      2275      2128      2227      4674      4668      4666      4670         2
       108      4674      4668      4666      4670      4675      4669      4667      4671         2
       109      4675      4669      4667      4671       310       306       300       317         2
       110      2141      2140      2227      2226      4676      4678      4670      4672         2
       111      4676      4678      4670      4672      4677      4679      4671      4673         2
       112      4677      4679      4671      4673       316       308       317       298         2
       113      2139      2229      2227      2140      4680      4674      4670      4678         2
       114      4680      4674      4670      4678      4681      4675      4671      4679         2
       115      4681      4675      4671      4679         1       310       317       308         2
       116      2614      6357      6359      2731      2627      6344      6348      2459         2
       117      2601      6358      6357      2614      2549      6347      6344      2627         2
       118       295      2549      6347      6280      2695      2601      6358      6362         2
       119      2627      6344      6348      2459      2138      6298      6300      2275         2
       120      2238      2125      6299      6303       295      2549      6347      6280         2
       121      2125      2138      6298      6299      2549      2627      6344      6347         2
       122       503      6289      6281       330      4682      6382      6384      4684         2
       123      4682      6382      6384      4684      4683      6381      6383      4685         2
       124      4683      6381      6383      4685      2125      6299      6303      2238         2
       125       482      6288      6289       503      4686      6392      6382      4682         2
       126      4686      6392      6382      4682      4687      6391      6381      4683         2
       127      4687      6391      6381      4683      2138      6298      6299      2125         2
       128       306      6279      6288       482      4669      6390      6392      4686         2
       129      4669      6390      6392      4686      4668      6389      6391      4687         2
       130      4668      6389      6391      4687      2275      6300      6298      2138         2
       131      2688      2695      2601      2690       312       295      2549      2320         2
       132      2690      2601      2614      2686      2320      2549      2627      2319         2
       133      2686      2614      2731      2685      2319      2627      2459      2318         2
       134      2319      2627      2459      2318      2230      2138      2275      2229         2
       135      2320      2549      2627      2319      2234      2125      2138      2230         2
       136       312       295      2549      2320      2232      2238      2125      2234         2
       137      2232      2238      2125      2234      4688      4685      4683      4690         2
       138      4688      4685      4683      4690      4689      4684      4682      4691         2
       139      4689      4684      4682      4691       311       330       503       309         2
       140      2234      2125      2138      2230      4690      4683      4687      4692         2
       141      4690      4683      4687      4692      4691      4682      4686      4693         2
       142      4691      4682      4686      4693       309       503       482       315         2
       143      2230      2138      2275      2229      4692      4687      4668      4674         2
       144      4692      4687      4668      4674      4693      4686      4669      4675         2
       145      4693      4686      4669      4675       315       482       306       310         2
       146      2686      2685      2615      2684      2319      2318      2458      2317         2
       147      2675      2690      2686      2684      2306      2320      2319      2317         2
       148      2689      2688      2690      2675        50       312      2320      2306         2
       149        50       312      2320      2306      2233      2232      2234      2218         2
       150      2306      2320      2319      2317      2218      2234      2230      2228         2
       151      2319      2318      2458      2317      2230      2229      2139      2228         2
       152        52         1       310       315      4694      4681      4675      4693         2
       153      4694      4681      4675      4693      4695      4680      4674      4692         2
       154      4695      4680      4674      4692      2228      2139      2229      2230         2
       155        52       315       309        40      4694      4693      4691      4696         2
       156      4694      4693      4691      4696      4695      4692      4690      4697         2
       157      4695      4692      4690      4697      2228      2230      2234      2218         2
       158        40       309       311        51      4696      4691      4689      4698         2
       159      4696      4691      4689      4698      4697      4690      4688      4699         2
       160      4697      4690      4688      4699      2218      2234      2232      2233         2
       161      2777      6530      6526      2618      2509      6507      6517      2650         3
       162      2647      2625      6527      6528      2787      2680      6525      6524         3
       163      2643      6531      6529      2778       455      6455      6501      2510         3
       164      2778      6529      6530      2777      2510      6501      6507      2509         3
       165      2625      2618      6526      6527      2680      2650      6517      6525         3
       166      2680      2650      6517      6525      2149      2142      6481      6482         3
       167      2510      6501      6507      2509      2389      6491      6495      2388         3
       168       455      6455      6501      2510      2174      6496      6491      2389         3
       169      2787      2680      6525      6524      2180      2149      6482      6483         3
       170      2509      6507      6517      2650      2388      6495      6481      2142         3
       171      2388      6495      6481      2142      4700      6551      6548      4702         3
       172      4700      6551      6548      4702      4701      6550      6549      4703         3
       173      4701      6550      6549      4703        89      6457      6445       479         3
       174      2180      2149      6482      6483      4704      4706      6546      6544         3
       175      4704      4706      6546      6544      4705      4707      6547      6545         3
       176      4705      4707      6547      6545       469       478      6476      6477         3
       177      2149      2142      6481      6482      4706      4702      6548      6546         3
       178      4706      4702      6548      6546      4707      4703      6549      6547         3
       179      4707      4703      6549      6547       478       479      6445      6476         3
       180      2174      6496      6491      2389      4708      6555      6553      4710         3
       181      4708      6555      6553      4710      4709      6554      6552      4711         3
       182      4709      6554      6552      4711       480      6456      6454        88         3
       183      2389      6491      6495      2388      4710      6553      6551      4700         3
       184      4710      6553      6551      4700      4711      6552      6550      4701         3
       185      4711      6552      6550      4701        88      6454      6457        89         3
       186      2769      2618      2625      2629      2502      2650      2680      2691         3
       187      2770      2777      2618      2769      2503      2509      2650      2502         3
       188      2674      2636      2643      2672       349       463       455      2302         3
       189      2672      2643      2778      2759      2302       455      2510      2493         3
       190      2759      2778      2777      2770      2493      2510      2509      2503         3
       191      2629      2625      2647      2628      2691      2680      2787      2681         3
       192      2691      2680      2787      2681      2151      2149      2180      2150         3
       193      2493      2510      2509      2503      2367      2389      2388      2376         3
       194      2302       455      2510      2493      2213      2174      2389      2367         3
       195       349       463       455      2302      2216      2162      2174      2213         3
       196      2503      2509      2650      2502      2376      2388      2142      2375         3
       197      2502      2650      2680      2691      2375      2142      2149      2151         3
       198      2375      2142      2149      2151      4712      4702      4706      4714         3
       199      4712      4702      4706      4714      4713      4703      4707      4715         3
       200      4713      4703      4707      4715       101       479       478       467         3
       201      2376      2388      2142      2375      4716      4700      4702      4712         3
       202      4716      4700      4702      4712      4717      4701      4703      4713         3
       203      4717      4701      4703      4713       100        89       479       101         3
       204      2216      2162      2174      2213      4718      4720      4708      4722         3
       205      4718      4720      4708      4722      4719      4721      4709      4723         3
       206      4719      4721      4709      4723       304       462       480       477         3
       207      2213      2174      2389      2367      4722      4708      4710      4724         3
       208      4722      4708      4710      4724      4723      4709      4711      4725         3
       209      4723      4709      4711      4725       477       480        88       102         3
       210      2367      2389      2388      2376      4724      4710      4700      4716         3
       211      4724      4710      4700      4716      4725      4711      4701      4717         3
       212      4725      4711      4701      4717       102        88        89       100         3
       213      2151      2149      2180      2150      4714      4706      4704      4726         3
       214      4714      4706      4704      4726      4715      4707      4705      4727         3
       215      4715      4707      4705      4727       467       478       469       468         3
       216      2639      2769      2629      2640      2733      2502      2691      2744         3
       217      2739      2770      2769      2639      2470      2503      2502      2733         3
       218      2648      2674      2672      2638       435       349      2302      2732         3
       219      2640      2629      2628      2641      2744      2691      2681      2746         3
       220      2638      2672      2759      2758      2732      2302      2493      2492         3
       221      2758      2759      2770      2739      2492      2493      2503      2470         3
       222      2165      2166      2151      2375      2733      2744      2691      2502         3
       223      2344      2165      2375      2376      2470      2733      2502      2503         3
       224      2181      2164      2213      2216       435      2732      2302       349         3
       225      2166      2172      2150      2151      2744      2746      2681      2691         3
       226      2164      2366      2367      2213      2732      2492      2493      2302         3
       227      2366      2344      2376      2367      2492      2470      2503      2493         3
       228      2165      2375      2151      2166      4728      4712      4714      4730         3
       229      4728      4712      4714      4730      4729      4713      4715      4731         3
       230      4729      4713      4715      4731       460       101       467       458         3
       231      2344      2376      2375      2165      4732      4716      4712      4728         3
       232      4732      4716      4712      4728      4733      4717      4713      4729         3
       233      4733      4717      4713      4729       124       100       101       460         3
       234      2181      2216      2213      2164      4734      4718      4722      4736         3
       235      4734      4718      4722      4736      4735      4719      4723      4737         3
       236      4735      4719      4723      4737       446       304       477       461         3
       237      2166      2151      2150      2172      4730      4714      4726      4738         3
       238      4730      4714      4726      4738      4731      4715      4727      4739         3
       239      4731      4715      4727      4739       458       467       468       456         3
       240      2164      2213      2367      2366      4736      4722      4724      4740         3
       241      4736      4722      4724      4740      4737      4723      4725      4741         3
       242      4737      4723      4725      4741       461       477       102       123         3
       243      2366      2367      2376      2344      4740      4724      4716      4732         3
       244      4740      4724      4716      4732      4741      4725      4717      4733         3
       245      4741      4725      4717      4733       123       102       100       124         3
       246      2634      2639      2640      2631      2290      2733      2744      2294         3
       247      2638      2649      2667      2648      2732      2461       381       435         3
       248      2649      2638      2758      2666      2461      2732      2492      2288         3
       249      2631      2640      2641      2630      2294      2744      2746      2297         3
       250      2666      2758      2739      2665      2288      2492      2470      2287         3
       251      2665      2739      2639      2634      2287      2470      2733      2290         3
       252      2287      2470      2733      2290      2200      2344      2165      2157         3
       253      2288      2492      2470      2287      2201      2366      2344      2200         3
       254      2294      2744      2746      2297      2153      2166      2172      2152         3
       255      2461      2732      2492      2288      2183      2164      2366      2201         3
       256      2732      2461       381       435      2164      2183      2203      2181         3
       257      2290      2733      2744      2294      2157      2165      2166      2153         3
       258      2157      2165      2166      2153      4742      4728      4730      4744         3
       259      4742      4728      4730      4744      4743      4729      4731      4745         3
       260      4743      4729      4731      4745       213       460       458       383         3
       261      2164      2183      2203      2181      4736      4746      4748      4734         3
       262      4736      4746      4748      4734      4737      4747      4749      4735         3
       263      4737      4747      4749      4735       461       360       389       446         3
       264      2183      2164      2366      2201      4746      4736      4740      4750         3
       265      4746      4736      4740      4750      4747      4737      4741      4751         3
       266      4747      4737      4741      4751       360       461       123       194         3
       267      2153      2166      2172      2152      4744      4730      4738      4752         3
       268      4744      4730      4738      4752      4745      4731      4739      4753         3
       269      4745      4731      4739      4753       383       458       456       377         3
       270      2201      2366      2344      2200      4750      4740      4732      4754         3
       271      4750      4740      4732      4754      4751      4741      4733      4755         3
       272      4751      4741      4733      4755       194       123       124       195         3
       273      2200      2344      2165      2157      4754      4732      4728      4742         3
       274      4754      4732      4728      4742      4755      4733      4729      4743         3
       275      4755      4733      4729      4743       195       124       460       213         3
       276      2304      2289      2339      2807      2215      2202      2252      2185         4
       277      6307      2207      2205      6308      6395      4756      4758      6393         4
       278      6395      4756      4758      6393      6396      4757      4759      6394         4
       279      6396      4757      4759      6394      6285       380       423      6271         4
       280       424       413       409       390       396       411       410       423         4
       281      6366       379       384      6367      6317      2295      2292      6316         4
       282      2669      6368      6370         4      2293      6333      6315      2569         4
       283       430       134       177       404      4760      4762      4764      4766         4
       284      4760      4762      4764      4766      4761      4763      4765      4767         4
       285      4761      4763      4765      4767      2198      2254      2252      2185         4
       286       404       177        38       331      4766      4764      4768      4770         4
       287      4766      4764      4768      4770      4767      4765      4769      4771         4
       288      4767      4765      4769      4771      2185      2252      2202      2215         4
       289      2293      6333      6315      2569      2206      6309      6311      2386         4
       290       337       336       334       335       274       273       271       272         4
       291      2826      2829      2289      2304      2835      2838      2202      2215         4
       292       366       395       394       372       386       393       392       380         4
       293       345       344       347       346       339       338       363       362         4
       294       350       346       347       348       365       362       363       364         4
       295       385       379      6366      6365      2291      2295      6317      6318         4
       296       444       445       447       448       449       450       451       452         4
       297       440       441       442       443       444       445       447       448         4
       298       380       423       396       392       372       390       424       394         4
       299      2835      2838      2202      2215      4772      4774      4769      4771         4
       300      4772      4774      4769      4771      4773      4775      4768      4770         4
       301      4773      4775      4768      4770       333       137        38       331         4
       302       426      6369      6367       384      2790      6314      6316      2292         4
       303         4      6370      6369       426      2569      6315      6314      2790         4
       304      6333      2293      2568      6284      6309      2206      2094      6312         4
       305       433       132       134       430      4776      4778      4762      4760         4
       306      4776      4778      4762      4760      4777      4779      4763      4761         4
       307      4777      4779      4763      4761      2195      2253      2254      2198         4
       308       352       181       182       353      2826      2829      2289      2304         4
       309       353       182      2710      2652      2304      2289      2339      2807         4
       310      2386      6311      6310      2182      4780      6401      6405      4782         4
       311      4780      6401      6405      4782      4781      6402      6406      4783         4
       312      4781      6402      6406      4783       419      6269      6270       410         4
       313      2182      6310      6308      2205      4782      6405      6393      4758         4
       314      4782      6405      6393      4758      4783      6406      6394      4759         4
       315      4783      6406      6394      4759       410      6270      6271       423         4
       316       405       445       444       401       415       450       449       414         4
       317       406       441       440       402       405       445       444       401         4
       318      6368      2669      2438      6371      6333      2293      2568      6284         4
       319      2790      6314      6316      2292      2182      6310      6308      2205         4
       320       431       430       433       432       136       134       132       133         4
       321       385       367       368       369       379       375       371       370         4
       322      2569      6315      6314      2790      2386      6311      6310      2182         4
       323       408       404       430       431       135       177       134       136         4
       324       384       379       370       374       391       375       371       373         4
       325       430       431       432       433       436       437       438       439         4
       326       436       437       438       439       440       441       442       443         4
       327       343       342       352       351       341       340       356       355         4
       328       354       351       352       353       358       355       356       357         4
       329      2807      2339      2340      2285      2185      2252      2254      2198         4
       330       333       332       307       331       293       292       275       291         4
       331       384       374       425       426       391       373       428       427         4
       332       431       430       404       408       437       436       403       407         4
       333       437       436       403       407       441       440       402       406         4
       334      6317      2295      2292      6316      6307      2207      2205      6308         4
       335      2291      2295      6317      6318      2204      2207      6307      6306         4
       336      2204      2207      6307      6306      4784      4756      6395      6403         4
       337      4784      4756      6395      6403      4785      4757      6396      6404         4
       338      4785      4757      6396      6404       386       380      6285      6283         4
       339      2285      2340       131       397      2198      2254      2253      2195         4
       340      2664      2712      2711      2663      2285      2340       131       397         4
       341      6309      2206      2094      6312      6397      4786      4788      6399         4
       342      6397      4786      4788      6399      6398      4787      4789      6400         4
       343      6398      4787      4789      6400      6282       387       388      6286         4
       344      2206      6309      6311      2386      4786      6397      6401      4780         4
       345      4786      6397      6401      4780      4787      6398      6402      4781         4
       346      4787      6398      6402      4781       387      6282      6269       419         4
       347      2652      2710      2712      2664      2807      2339      2340      2285         4
       348       379       375       391       384      2295      2298      2286      2292         4
       349       367       375       379       385      2299      2298      2295      2291         4
       350      2299      2298      2295      2291      2210      2209      2207      2204         4
       351      2295      2298      2286      2292      2207      2209      2199      2205         4
       352      2207      2209      2199      2205      4756      4790      4792      4758         4
       353      4756      4790      4792      4758      4757      4791      4793      4759         4
       354      4757      4791      4793      4759       380       372       390       423         4
       355      2210      2209      2207      2204      4794      4790      4756      4784         4
       356      4794      4790      4756      4784      4795      4791      4757      4785         4
       357      4795      4791      4757      4785       366       372       380       386         4
       358       426       384       391       427      2790      2292      2286      2819         4
       359      2790      2292      2286      2819      2182      2205      2199      2820         4
       360      2182      2205      2199      2820      4782      4758      4792      4796         4
       361      4782      4758      4792      4796      4783      4759      4793      4797         4
       362      4783      4759      4793      4797       410       423       390       409         4
       363       449       450       451       452       388        36        35       378         4
       364         5       270      6284      2568      2092      2251      6312      2094         4
       365      2437      2709      6371      2438         5       270      6284      2568         4
       366       415       450       449       414       417        36       388       387         4
       367       416       415       414       376       418       417       387       412         4
       368       409       413       421       422       410       411       420       419         4
       369       421       376       414       422       420       412       387       419         4
       370         3       428       427       454       429       425       426         4         4
       371      2092      2251      6312      2094      4798      4800      6399      4788         4
       372      4798      4800      6399      4788      4799      4801      6400      4789         4
       373      4799      4801      6400      4789       378       269      6286       388         4
       374       454         4       426       427      2760      2569      2790      2819         4
       375      2760      2569      2790      2819      2175      2386      2182      2820         4
       376      2820      2175      2386      2182      4796      4802      4780      4782         4
       377      4796      4802      4780      4782      4797      4803      4781      4783         4
       378      4797      4803      4781      4783       409       422       419       410         4
       379         4       454      2644      2669      2569      2760      2761      2293         4
       380      2669      2644      2645      2438      2293      2761      2773      2568         4
       381      2438      2645      2646      2437      2568      2773       453         5         4
       382      2568      2773       453         5      2094      2177      2178      2092         4
       383      2293      2761      2773      2568      2206      2176      2177      2094         4
       384      2569      2760      2761      2293      2386      2175      2176      2206         4
       385      2386      2175      2176      2206      4780      4802      4804      4786         4
       386      4780      4802      4804      4786      4781      4803      4805      4787         4
       387      4781      4803      4805      4787       419       422       414       387         4
       388      2206      2176      2177      2094      4786      4804      4806      4788         4
       389      4786      4804      4806      4788      4787      4805      4807      4789         4
       390      4787      4805      4807      4789       387       414       449       388         4
       391      2094      2177      2178      2092      4788      4806      4808      4798         4
       392      4788      4806      4808      4798      4789      4807      4809      4799         4
       393      4789      4807      4809      4799       388       449       452       378         4
       394      2190      2188      2176      2177      2282      2816      2761      2773         4
       395      2177      2178      2189      2190      2773       453       400      2282         4
       396      2188      2211      2175      2176      2816      2300      2760      2761         4
       397      2816      2300      2760      2761      2655       364       454      2644         4
       398      2773       453       400      2282      2645      2646      2656      2657         4
       399      2282      2816      2761      2773      2657      2655      2644      2645         4
       400      2188      2176      2175      2211      4810      4804      4802      4812         4
       401      4810      4804      4802      4812      4811      4805      4803      4813         4
       402      4811      4805      4803      4813       401       414       422       272         4
       403      2177      2190      2189      2178      4806      4814      4816      4808         4
       404      4806      4814      4816      4808      4807      4815      4817      4809         4
       405      4807      4815      4817      4809       449       444       448       452         4
       406      2190      2177      2176      2188      4814      4806      4804      4810         4
       407      4814      4806      4804      4810      4815      4807      4805      4811         4
       408      4815      4807      4805      4811       444       449       414       401         4
       409      2654      2655       364       348      2809      2816      2300      2305         4
       410      2657      2659      2658      2656      2282      2283       399       400         4
       411      2659      2657      2655      2654      2283      2282      2816      2809         4
       412      2283      2282      2816      2809      2192      2190      2188      2187         4
       413      2282      2283       399       400      2190      2192      2191      2189         4
       414      2809      2816      2300      2305      2187      2188      2211      2217         4
       415      2187      2188      2211      2217      4818      4810      4812      4820         4
       416      4818      4810      4812      4820      4819      4811      4813      4821         4
       417      4819      4811      4813      4821       402       401       272       335         4
       418      2190      2192      2191      2189      4814      4822      4824      4816         4
       419      4814      4822      4824      4816      4815      4823      4825      4817         4
       420      4815      4823      4825      4817       444       440       443       448         4
       421      2192      2190      2188      2187      4822      4814      4810      4818         4
       422      4822      4814      4810      4818      4823      4815      4811      4819         4
       423      4823      4815      4811      4819       440       444       401       402         4
       424      2653      2654       348       357      2808      2809      2305      2303         4
       425      2659      2661      2660      2658      2283      2284       398       399         4
       426      2661      2659      2654      2653      2284      2283      2809      2808         4
       427      2186      2214      2217      2187      2808      2303      2305      2809         4
       428      2192      2191      2193      2194      2283       399       398      2284         4
       429      2194      2186      2187      2192      2284      2808      2809      2283         4
       430      2186      2187      2217      2214      4826      4818      4820      4828         4
       431      4826      4818      4820      4828      4827      4819      4821      4829         4
       432      4827      4819      4821      4829       403       402       335       291         4
       433      2192      2194      2193      2191      4822      4830      4832      4824         4
       434      4822      4830      4832      4824      4823      4831      4833      4825         4
       435      4823      4831      4833      4825       440       436       439       443         4
       436      2194      2192      2187      2186      4830      4822      4818      4826         4
       437      4830      4822      4818      4826      4831      4823      4819      4827         4
       438      4831      4823      4819      4827       436       440       402       403         4
       439      2652      2653       357       353      2807      2808      2303      2304         4
       440      2664      2661      2653      2652      2285      2284      2808      2807         4
       441      2661      2664      2663      2660      2284      2285       397       398         4
       442      2284      2285       397       398      2194      2198      2195      2193         4
       443      2285      2284      2808      2807      2198      2194      2186      2185         4
       444      2807      2808      2303      2304      2185      2186      2214      2215         4
       445      2185      2186      2214      2215      4767      4826      4828      4771         4
       446      4767      4826      4828      4771      4766      4827      4829      4770         4
       447      4766      4827      4829      4770       404       403       291       331         4
       448      2198      2194      2186      2185      4761      4830      4826      4767         4
       449      4761      4830      4826      4767      4760      4831      4827      4766         4
       450      4760      4831      4827      4766       430       436       403       404         4
       451      2194      2198      2195      2193      4830      4761      4777      4832         4
       452      4830      4761      4777      4832      4831      4760      4776      4833         4
       453      4831      4760      4776      4833       436       430       433       439         4
       454      2834      2217      2211      2837      4834      4820      4812      4836         4
       455      4834      4820      4812      4836      4835      4821      4813      4837         4
       456      4835      4821      4813      4837       337       335       272       274         4
       457      2300      2828      2819      2760       364       363       427       454         4
       458      2211      2837      2820      2175      2300      2828      2819      2760         4
       459      2825      2827      2303      2305      2834      2836      2214      2217         4
       460       347       356       357       348      2825      2827      2303      2305         4
       461       353       357       356       352      2304      2303      2827      2826         4
       462      2304      2303      2827      2826      2215      2214      2836      2835         4
       463       344       347       363       338      2824      2825      2828      2821         4
       464       348       364       363       347      2305      2300      2828      2825         4
       465      2824      2825      2828      2821      2833      2834      2837      2830         4
       466      2305      2300      2828      2825      2217      2211      2837      2834         4
       467       342       352       356       340      2823      2826      2827      2822         4
       468      2823      2826      2827      2822      2832      2835      2836      2831         4
       469      2211      2175      2820      2837      4812      4802      4796      4836         4
       470      4812      4802      4796      4836      4813      4803      4797      4837         4
       471      4813      4803      4797      4837       272       422       409       274         4
       472      2834      2836      2214      2217      4834      4838      4828      4820         4
       473      4834      4838      4828      4820      4835      4839      4829      4821         4
       474      4835      4839      4829      4821       337       293       291       335         4
       475      2835      2215      2214      2836      4772      4771      4828      4838         4
       476      4772      4771      4828      4838      4773      4770      4829      4839         4
       477      4773      4770      4829      4839       333       331       291       293         4
       478      2832      2835      2836      2831      4840      4772      4838      4842         4
       479      4840      4772      4838      4842      4841      4773      4839      4843         4
       480      4841      4773      4839      4843       332       333       293       292         4
       481       337       336       273       274      4835      4844      4846      4837         4
       482      4835      4844      4846      4837      4834      4845      4847      4836         4
       483      4834      4845      4847      4836      2834      2833      2830      2837         4
       484       210       200       180       178       209       207       206       208         5
       485      6471      6470      6473      6469       251       231       219       250         5
       486       259       256       257       258       184       254       255       185         5
       487       159       158       235       166       157       156       170       169         5
       488       204       203       201       205       183       186       190       266         5
       489       189       236       180       200       198       197       206       207         5
       490       168       166       235       167       172       169       170       171         5
       491       224       188       187       240       225       191       192       239         5
       492      6468      6471      6469      6467       252       251       250       253         5
       493       211       204       205       212       214       183       266       179         5
       494       267       236       189       268       196       197       198       193         5
       495       232       247       246       220       231       251       250       219         5
       496       193       196       191       192       268       267       188       187         5
       497       242       243       244       245       246       247       248       249         5
       498       246       247       248       249       250       251       252       253         5
       499       165       162       163       164       176       173       174       175         5
       500       153       152       150       151       141       140       138       139         5
       501       229       224       240       230       227       225       239       228         5
       502       202       237       226       199       265       238       263       264         5
       503       201       203       202       199       190       186       265       264         5
       504      2737      2735      2729      2743      2468      2466      2456      2476         5
       505       263      2745      2743      2729      2441      2477      2476      2456         5
       506       243       242       221       233       247       246       220       232         5
       507       264      2742      2745       263      2440      2474      2477      2441         5
       508      2740      2741       190       266      2471      2473      2465      2439         5
       509       161       160       163       162       155       154       174       173         5
       510      2440      2474      2477      2441      2256      2348      2350      2257         5
       511      2471      2473      2465      2439      2345      2347      2280      2255         5
       512       234       261       260       222       233       243       242       221         5
       513       190      2741      2742       264      2465      2473      2474      2440         5
       514       266       179      2738      2740      2439      2472      2469      2471         5
       515      2735      2737      2736      2728      2466      2468       126       215         5
       516       256       257       225       227       261       260       222       234         5
       517       254       255       224       229       256       257       225       227         5
       518       256       259       258       257       261       262       241       260         5
       519       260       261       262       241       242       243       244       245         5
       520       149       148       146       147       145       144       142       143         5
       521      2465      2473      2474      2440      2280      2347      2348      2256         5
       522      2439      2472      2469      2471      2255      2346      2343      2345         5
       523      2466      2468       126       215      2281      2342      2341      2272         5
       524      2468      2466      2456      2476      2342      2281      2273      2349         5
       525      2441      2477      2476      2456      2257      2350      2349      2273         5
       526      2257      2350      2349      2273      4848      4850      4852      4854         5
       527      4848      4850      4852      4854      4849      4851      4853      4855         5
       528      4849      4851      4853      4855       188       106       108       224         5
       529      2342      2281      2273      2349      4856      4858      4854      4852         5
       530      4856      4858      4854      4852      4857      4859      4855      4853         5
       531      4857      4859      4855      4853       110       255       224       108         5
       532      2281      2342      2341      2272      4858      4856      4860      4862         5
       533      4858      4856      4860      4862      4859      4857      4861      4863         5
       534      4859      4857      4861      4863       255       110       112       185         5
       535      2255      2346      2343      2345      4864      4866      4868      4870         5
       536      4864      4866      4868      4870      4865      4867      4869      4871         5
       537      4865      4867      4869      4871       180       178        96        97         5
       538      2280      2347      2348      2256      4872      4874      4876      4878         5
       539      4872      4874      4876      4878      4873      4875      4877      4879         5
       540      4873      4875      4877      4879       236        99       104       267         5
       541      2345      2347      2280      2255      4870      4874      4872      4864         5
       542      4870      4874      4872      4864      4871      4875      4873      4865         5
       543      4871      4875      4873      4865        97        99       236       180         5
       544      2256      2348      2350      2257      4878      4876      4850      4848         5
       545      4878      4876      4850      4848      4879      4877      4851      4849         5
       546      4879      4877      4851      4849       267       104       106       188         5
       547       212       179       266       205      2460      2472      2439      2462         5
       548      2460      2472      2439      2462      2276      2346      2255      2277         5
       549       206       180       178       208      4880      4865      4867      4882         5
       550      4880      4865      4867      4882      4881      4864      4866      4883         5
       551      4881      4864      4866      4883      2277      2255      2346      2276         5
       552      2856      2256      2257      2258      4884      4878      4848      4886         5
       553      4884      4878      4848      4886      4885      4879      4849      4887         5
       554      4885      4879      4849      4887       196       267       188       191         5
       555       267       236       197       196      4879      4873      4888      4885         5
       556      4879      4873      4888      4885      4878      4872      4889      4884         5
       557      4878      4872      4889      4884      2256      2280      2278      2856         5
       558       147       191       196       149      4890      4887      4885      4892         5
       559      4890      4887      4885      4892      4891      4886      4884      4893         5
       560      4891      4886      4884      4893      2353      2258      2856      2853         5
       561       149       148       144       145      4892      4894      4896      4898         5
       562      4892      4894      4896      4898      4893      4895      4897      4899         5
       563      4893      4895      4897      4899      2853      2850      2849      2854         5
       564       147       149       145       143      4890      4892      4898      4900         5
       565      4890      4892      4898      4900      4891      4893      4899      4901         5
       566      4891      4893      4899      4901      2353      2853      2854      2352         5
       567       145       153       151       143      4898      4902      4904      4900         5
       568      4898      4902      4904      4900      4899      4903      4905      4901         5
       569      4899      4903      4905      4901      2854      2852      2354      2352         5
       570      2852      2354      2351      2855      4903      4905      4906      4908         5
       571      4903      4905      4906      4908      4902      4904      4907      4909         5
       572      4902      4904      4907      4909       153       151       139       141         5
       573       153       152       140       141      4902      4910      4912      4909         5
       574      4902      4910      4912      4909      4903      4911      4913      4908         5
       575      4903      4911      4913      4908      2852      2851      2848      2855         5
       576      6453       139       141      6472      6560      4907      4909      6563         5
       577      6560      4907      4909      6563      6561      4906      4908      6562         5
       578      6561      4906      4908      6562      6490      2351      2855      6543         5
       579      2482      2478      2846      2843      2354      2351      2855      2852         5
       580      2842      2843      2846      2839      2851      2852      2855      2848         5
       581      6542      2846      2478      6500      6543      2855      2351      6490         5
       582      6532      2718      2720      6534      6508      2449      2450      6509         5
       583      6534      2720      2719      6533      6509      2450       218      6466         5
       584      6475       175      2718      6532      6500      2478      2449      6508         5
       585      6500      2478      2449      6508      6490      2351      2263      6497         5
       586      6509      2450       218      6466      6499      2265      2264      6498         5
       587      6508      2449      2450      6509      6497      2263      2265      6499         5
       588      6497      2263      2265      6499      6559      4914      4916      6557         5
       589      6559      4914      4916      6557      6558      4915      4917      6556         5
       590      6558      4915      4917      6556      6473       219       250      6469         5
       591      6499      2265      2264      6498      6557      4916      4918      6565         5
       592      6557      4916      4918      6565      6556      4917      4919      6564         5
       593      6556      4917      4919      6564      6469       250       253      6467         5
       594      6490      2351      2263      6497      6561      4906      4914      6559         5
       595      6561      4906      4914      6559      6560      4907      4915      6558         5
       596      6560      4907      4915      6558      6453       139       219      6473         5
       597      2717      2718       175       164      2448      2449      2478      2482         5
       598      2722      2720      2718      2717      2451      2450      2449      2448         5
       599      2720      2722      2721      2719      2450      2451       217       218         5
       600      2450      2451       217       218      2265      2267      2266      2264         5
       601      2451      2450      2449      2448      2267      2265      2263      2262         5
       602      2448      2449      2478      2482      2262      2263      2351      2354         5
       603      2262      2263      2351      2354      4920      4914      4906      4905         5
       604      4920      4914      4906      4905      4921      4915      4907      4904         5
       605      4921      4915      4907      4904       220       219       139       151         5
       606      2267      2265      2263      2262      4922      4916      4914      4920         5
       607      4922      4916      4914      4920      4923      4917      4915      4921         5
       608      4923      4917      4915      4921       246       250       219       220         5
       609      2265      2267      2266      2264      4916      4922      4924      4918         5
       610      4916      4922      4924      4918      4917      4923      4925      4919         5
       611      4917      4923      4925      4919       250       246       249       253         5
       612      2716      2717       164       171      2447      2448      2482      2479         5
       613      2722      2724      2723      2721      2451      2453       216       217         5
       614      2724      2722      2717      2716      2453      2451      2448      2447         5
       615      2453      2451      2448      2447      2269      2267      2262      2261         5
       616      2451      2453       216       217      2267      2269      2268      2266         5
       617      2447      2448      2482      2479      2261      2262      2354      2352         5
       618       143       151       220       221      4900      4904      4921      4926         5
       619      4900      4904      4921      4926      4901      4905      4920      4927         5
       620      4901      4905      4920      4927      2352      2354      2262      2261         5
       621       221       220       246       242      4926      4921      4923      4928         5
       622      4926      4921      4923      4928      4927      4920      4922      4929         5
       623      4927      4920      4922      4929      2261      2262      2267      2269         5
       624       249       245       242       246      4925      4930      4928      4923         5
       625      4925      4930      4928      4923      4924      4931      4929      4922         5
       626      4924      4931      4929      4922      2266      2268      2269      2267         5
       627      2725      2724      2716      2715      2454      2453      2447      2446         5
       628      2715      2716       171       167      2446      2447      2479      2480         5
       629      2724      2725      2726      2723      2453      2454      2455       216         5
       630      2453      2454      2455       216      2269      2270      2271      2268         5
       631      2446      2447      2479      2480      2260      2261      2352      2353         5
       632      2454      2453      2447      2446      2270      2269      2261      2260         5
       633      2270      2269      2261      2260      4932      4929      4927      4934         5
       634      4932      4929      4927      4934      4933      4928      4926      4935         5
       635      4933      4928      4926      4935       260       242       221       222         5
       636      2260      2261      2352      2353      4934      4927      4901      4891         5
       637      4934      4927      4901      4891      4935      4926      4900      4890         5
       638      4935      4926      4900      4890       222       221       143       147         5
       639      2269      2270      2271      2268      4929      4932      4936      4931         5
       640      4929      4932      4936      4931      4928      4933      4937      4930         5
       641      4928      4933      4937      4930       242       260       241       245         5
       642       167       226      2734      2715      2480      2442      2464      2446         5
       643      2725      2714      2713      2726      2454      2444      2443      2455         5
       644      2715      2734      2714      2725      2446      2464      2444      2454         5
       645      2353      2260      2279      2258      2480      2446      2464      2442         5
       646      2270      2271       223      2259      2454      2455      2443      2444         5
       647      2260      2270      2259      2279      2446      2454      2444      2464         5
       648       241       258       257       260      4937      4938      4940      4933         5
       649      4937      4938      4940      4933      4936      4939      4941      4932         5
       650      4936      4939      4941      4932      2271       223      2259      2270         5
       651       260       257       225       222      4933      4940      4942      4935         5
       652      4933      4940      4942      4935      4932      4941      4943      4934         5
       653      4932      4941      4943      4934      2270      2259      2279      2260         5
       654       222       225       191       147      4935      4942      4887      4890         5
       655      4935      4942      4887      4890      4934      4943      4886      4891         5
       656      4934      4943      4886      4891      2260      2279      2258      2353         5
       657       205       266       190       201      2462      2439      2465      2463         5
       658      2462      2439      2465      2463      2277      2255      2280      2278         5
       659       197       236       180       206      4888      4873      4865      4880         5
       660      4888      4873      4865      4880      4889      4872      4864      4881         5
       661      4889      4872      4864      4881      2278      2280      2255      2277         5
       662      2729      2734       226       263      2456      2464      2442      2441         5
       663      2735      2714      2734      2729      2466      2444      2464      2456         5
       664      2728      2713      2714      2735       215      2443      2444      2466         5
       665       215      2443      2444      2466      2272       223      2259      2281         5
       666      2466      2444      2464      2456      2281      2259      2279      2273         5
       667      2456      2464      2442      2441      2273      2279      2258      2257         5
       668      2273      2279      2258      2257      4854      4943      4886      4848         5
       669      4854      4943      4886      4848      4855      4942      4887      4849         5
       670      4855      4942      4887      4849       224       225       191       188         5
       671      2281      2259      2279      2273      4858      4941      4943      4854         5
       672      4858      4941      4943      4854      4859      4940      4942      4855         5
       673      4859      4940      4942      4855       255       257       225       224         5
       674      2272       223      2259      2281      4862      4939      4941      4858         5
       675      4862      4939      4941      4858      4863      4938      4940      4859         5
       676      4863      4938      4940      4859       185       258       257       255         5
       677      2856      2258      2257      2256      2847      2442      2441      2440         5
       678      2856      2256      2280      2278      2847      2440      2465      2463         5
       679      2853      2353      2258      2856      2844      2480      2442      2847         5
       680       199       264       263       226      2847      2440      2441      2442         5
       681       199       201       190       264      2847      2463      2465      2440         5
       682       235       199       226       167      2844      2847      2442      2480         5
       683      2480      2844      2845      2479       167       235       170       171         5
       684      2841      2840      2845      2844       158       156       170       235         5
       685      2479      2845      2843      2482       171       170       163       164         5
       686      2353      2853      2854      2352      2480      2844      2845      2479         5
       687      2352      2854      2852      2354      2479      2845      2843      2482         5
       688      2850      2849      2854      2853      2841      2840      2845      2844         5
       689       164       175       174       163      2482      2478      2846      2843         5
       690      6474       174       175      6475      6542      2846      2478      6500         5
       691       160       163       174       154      2842      2843      2846      2839         5
       692      2768      2767      6376      6375      2500      2499      6336      6335         6
       693      2766      6377      6376      2767      2498      6337      6336      2499         6
       694      2766      2765      6378      6377      2498      2497      6338      6337         6
       695      6378      2765      2764      6380      6338      2497      2496      6340         6
       696      2764      2763      6379      6380      2496      2495      6339      6340         6
       697      2762      6374      6379      2763      2494      6334      6339      2495         6
       698      6374      2762      2755      6373      6334      2494       127      6268         6
       699      6334      2494       127      6268      6326      2368      2363      6325         6
       700      2494      6334      6339      2495      2368      6326      6331      2369         6
       701      2496      2495      6339      6340      2370      2369      6331      6332         6
       702      6338      2497      2496      6340      6330      2371      2370      6332         6
       703      2498      2497      6338      6337      2372      2371      6330      6329         6
       704      2498      6337      6336      2499      2372      6329      6328      2373         6
       705      2500      2499      6336      6335      2374      2373      6328      6327         6
       706      2374      2373      6328      6327      4944      4946      6417      6415         6
       707      4944      4946      6417      6415      4945      4947      6418      6416         6
       708      4945      4947      6418      6416        95        98      6261      6260         6
       709      2372      6329      6328      2373      4948      6419      6417      4946         6
       710      4948      6419      6417      4946      4949      6420      6418      4947         6
       711      4949      6420      6418      4947       103      6262      6261        98         6
       712      2372      2371      6330      6329      4948      4950      6421      6419         6
       713      4948      4950      6421      6419      4949      4951      6422      6420         6
       714      4949      4951      6422      6420       103       105      6263      6262         6
       715      6330      2371      2370      6332      6421      4950      4952      6407         6
       716      6421      4950      4952      6407      6422      4951      4953      6408         6
       717      6422      4951      4953      6408      6263       105       107      6264         6
       718      2370      2369      6331      6332      4952      4954      6409      6407         6
       719      4952      4954      6409      6407      4953      4955      6410      6408         6
       720      4953      4955      6410      6408       107       109      6265      6264         6
       721      2368      6326      6331      2369      4956      6411      6409      4954         6
       722      4956      6411      6409      4954      4957      6412      6410      4955         6
       723      4957      6412      6410      4955       111      6266      6265       109         6
       724      6326      2368      2363      6325      6411      4956      4958      6413         6
       725      6411      4956      4958      6413      6412      4957      4959      6414         6
       726      6412      4957      4959      6414      6266       111       113      6267         6
       727      2754      2753      2767      2768      2489      2488      2499      2500         6
       728      2752      2751      2765      2766      2486      2485      2497      2498         6
       729      2766      2767      2753      2752      2498      2499      2488      2486         6
       730      2764      2765      2751      2750      2496      2497      2485      2484         6
       731      2750      2749      2763      2764      2484      2483      2495      2496         6
       732      2749      2748      2762      2763      2483       128      2494      2495         6
       733      2755      2762      2748      2747       127      2494       128       129         6
       734       127      2494       128       129      2363      2368      2356      2355         6
       735      2483       128      2494      2495      2357      2356      2368      2369         6
       736      2484      2483      2495      2496      2358      2357      2369      2370         6
       737      2496      2497      2485      2484      2370      2371      2359      2358         6
       738      2498      2499      2488      2486      2372      2373      2361      2360         6
       739      2486      2485      2497      2498      2360      2359      2371      2372         6
       740      2489      2488      2499      2500      2362      2361      2373      2374         6
       741      2362      2361      2373      2374      4960      4962      4946      4944         6
       742      4960      4962      4946      4944      4961      4963      4947      4945         6
       743      4961      4963      4947      4945       122       121        98        95         6
       744      2360      2359      2371      2372      4964      4966      4950      4948         6
       745      4964      4966      4950      4948      4965      4967      4951      4949         6
       746      4965      4967      4951      4949       119       118       105       103         6
       747      2372      2373      2361      2360      4948      4946      4962      4964         6
       748      4948      4946      4962      4964      4949      4947      4963      4965         6
       749      4949      4947      4963      4965       103        98       121       119         6
       750      2370      2371      2359      2358      4952      4950      4966      4968         6
       751      4952      4950      4966      4968      4953      4951      4967      4969         6
       752      4953      4951      4967      4969       107       105       118       117         6
       753      2358      2357      2369      2370      4968      4970      4954      4952         6
       754      4968      4970      4954      4952      4969      4971      4955      4953         6
       755      4969      4971      4955      4953       117       116       109       107         6
       756      2357      2356      2368      2369      4970      4972      4956      4954         6
       757      4970      4972      4956      4954      4971      4973      4957      4955         6
       758      4971      4973      4957      4955       116       115       111       109         6
       759      2363      2368      2356      2355      4958      4956      4972      4974         6
       760      4958      4956      4972      4974      4959      4957      4973      4975         6
       761      4959      4957      4973      4975       113       111       115       114         6
       762      2785      2753      2754      2782      2517      2488      2489      2514         6
       763      2751      2752      2781      2779      2485      2486      2513      2511         6
       764      2781      2752      2753      2785      2513      2486      2488      2517         6
       765      2749      2750      2775      2772      2483      2484      2507      2505         6
       766      2775      2750      2751      2779      2507      2484      2485      2511         6
       767      2748      2749      2772      2757       128      2483      2505       125         6
       768       128      2483      2505       125      2356      2357      2379      2365         6
       769      2507      2484      2485      2511      2385      2358      2359      2390         6
       770      2483      2484      2507      2505      2357      2358      2385      2379         6
       771      2513      2486      2488      2517      2392      2360      2361      2397         6
       772      2485      2486      2513      2511      2359      2360      2392      2390         6
       773      2517      2488      2489      2514      2397      2361      2362      2393         6
       774      2397      2361      2362      2393      4976      4962      4960      4978         6
       775      4976      4962      4960      4978      4977      4963      4961      4979         6
       776      4977      4963      4961      4979        91       121       122        90         6
       777      2359      2360      2392      2390      4966      4964      4980      4982         6
       778      4966      4964      4980      4982      4967      4965      4981      4983         6
       779      4967      4965      4981      4983       118       119       130        92         6
       780      2392      2360      2361      2397      4980      4964      4962      4976         6
       781      4980      4964      4962      4976      4981      4965      4963      4977         6
       782      4981      4965      4963      4977       130       119       121        91         6
       783      2357      2358      2385      2379      4970      4968      4984      4986         6
       784      4970      4968      4984      4986      4971      4969      4985      4987         6
       785      4971      4969      4985      4987       116       117        93        94         6
       786      2385      2358      2359      2390      4984      4968      4966      4982         6
       787      4984      4968      4966      4982      4985      4969      4967      4983         6
       788      4985      4969      4967      4983        93       117       118        92         6
       789      2356      2357      2379      2365      4972      4970      4986      4988         6
       790      4972      4970      4986      4988      4973      4971      4987      4989         6
       791      4973      4971      4987      4989       115       116        94       120         6
       792      2785      2784      2780      2781      2517      2516      2512      2513         6
       793      2779      2781      2780      2776      2511      2513      2512      2508         6
       794      2772      2775      2774      2771      2505      2507      2506      2504         6
       795      2779      2776      2774      2775      2511      2508      2506      2507         6
       796      2756      2757      2772      2771        80       125      2505      2504         6
       797      2785      2782      2783      2784      2517      2514      2515      2516         6
       798      2517      2514      2515      2516      2397      2393      2394      2395         6
       799        80       125      2505      2504      2364      2365      2379      2378         6
       800      2511      2508      2506      2507      2390      2387      2380      2385         6
       801      2505      2507      2506      2504      2379      2385      2380      2378         6
       802      2511      2513      2512      2508      2390      2392      2391      2387         6
       803      2517      2516      2512      2513      2397      2395      2391      2392         6
       804      2397      2395      2391      2392      4976      4990      4992      4980         6
       805      4976      4990      4992      4980      4977      4991      4993      4981         6
       806      4977      4991      4993      4981        91        65        67       130         6
       807      2390      2392      2391      2387      4982      4980      4992      4994         6
       808      4982      4980      4992      4994      4983      4981      4993      4995         6
       809      4983      4981      4993      4995        92       130        67        68         6
       810      2379      2385      2380      2378      4986      4984      4996      4998         6
       811      4986      4984      4996      4998      4987      4985      4997      4999         6
       812      4987      4985      4997      4999        94        93        69        70         6
       813      2390      2387      2380      2385      4982      4994      4996      4984         6
       814      4982      4994      4996      4984      4983      4995      4997      4985         6
       815      4983      4995      4997      4985        92        68        69        93         6
       816      2364      2365      2379      2378      5000      4988      4986      4998         6
       817      5000      4988      4986      4998      5001      4989      4987      4999         6
       818      5001      4989      4987      4999        63       120        94        70         6
       819      2397      2393      2394      2395      4976      4978      5002      4990         6
       820      4976      4978      5002      4990      4977      4979      5003      4991         6
       821      4977      4979      5003      4991        91        90        64        65         6
       822      2801      6539      6541      2799      2532      6521      6523      2530         7
       823      6537      2794      2789      6536      6519      2524      2520      6518         7
       824      2799      6541      6540      2791      2530      6523      6522      2521         7
       825      2810      6538      6539      2801      2541      6520      6521      2532         7
       826      2794      6537      6538      2810      2524      6519      6520      2541         7
       827      6535      6536      2789      2788      6465      6518      2520        72         7
       828      6465      6518      2520        72      6510      6511      2400      2399         7
       829      2524      6519      6520      2541      2404      6512      6513      2417         7
       830      2541      6520      6521      2532      2417      6513      6514      2411         7
       831      2530      6523      6522      2521      2409      6516      6515      2401         7
       832      6519      2524      2520      6518      6512      2404      2400      6511         7
       833      2532      6521      6523      2530      2411      6514      6516      2409         7
       834      2411      6514      6516      2409      5004      6568      6566      5006         7
       835      5004      6568      6566      5006      5005      6569      6567      5007         7
       836      5005      6569      6567      5007        56      6461      6460        54         7
       837      6512      2404      2400      6511      6572      5008      5010      6574         7
       838      6572      5008      5010      6574      6573      5009      5011      6575         7
       839      6573      5009      5011      6575      6463        57        60      6464         7
       840      2409      6516      6515      2401      5006      6566      6578      5012         7
       841      5006      6566      6578      5012      5007      6567      6579      5013         7
       842      5007      6567      6579      5013        54      6460      6459        55         7
       843      2417      6513      6514      2411      5014      6570      6568      5004         7
       844      5014      6570      6568      5004      5015      6571      6569      5005         7
       845      5015      6571      6569      5005        58      6462      6461        56         7
       846      2404      6512      6513      2417      5008      6572      6570      5014         7
       847      5008      6572      6570      5014      5009      6573      6571      5015         7
       848      5009      6573      6571      5015        57      6463      6462        58         7
       849      6510      6511      2400      2399      6576      6574      5010      5016         7
       850      6576      6574      5010      5016      6577      6575      5011      5017         7
       851      6577      6575      5011      5017      6458      6464        60        61         7
       852      2811      2795      2794      2810      2542      2525      2524      2541         7
       853      2794      2795      2797      2789      2524      2525      2528      2520         7
       854      2798      2800      2799      2791      2529      2531      2530      2521         7
       855      2786      2811      2810      2801      2519      2542      2541      2532         7
       856      2800      2786      2801      2799      2531      2519      2532      2530         7
       857      2788      2789      2797      2796        72      2520      2528        66         7
       858        72      2520      2528        66      2399      2400      2407      2406         7
       859      2531      2519      2532      2530      2410      2398      2411      2409         7
       860      2519      2542      2541      2532      2398      2418      2417      2411         7
       861      2529      2531      2530      2521      2408      2410      2409      2401         7
       862      2524      2525      2528      2520      2404      2405      2407      2400         7
       863      2542      2525      2524      2541      2418      2405      2404      2417         7
       864      2418      2405      2404      2417      5018      5020      5008      5014         7
       865      5018      5020      5008      5014      5019      5021      5009      5015         7
       866      5019      5021      5009      5015        73        76        57        58         7
       867      2404      2405      2407      2400      5008      5020      5022      5010         7
       868      5008      5020      5022      5010      5009      5021      5023      5011         7
       869      5009      5021      5023      5011        57        76        43        60         7
       870      2408      2410      2409      2401      5024      5026      5006      5012         7
       871      5024      5026      5006      5012      5025      5027      5007      5013         7
       872      5025      5027      5007      5013        62        74        54        55         7
       873      2398      2418      2417      2411      5028      5018      5014      5004         7
       874      5028      5018      5014      5004      5029      5019      5015      5005         7
       875      5029      5019      5015      5005        39        73        58        56         7
       876      2410      2398      2411      2409      5026      5028      5004      5006         7
       877      5026      5028      5004      5006      5027      5029      5005      5007         7
       878      5027      5029      5005      5007        74        39        56        54         7
       879      2399      2400      2407      2406      5016      5010      5022      5030         7
       880      5016      5010      5022      5030      5017      5011      5023      5031         7
       881      5017      5011      5023      5031        61        60        43        75         7
       882      2798      2806      2793      2800      2529      2538      2523      2531         7
       883      2793      2805      2786      2800      2523      2537      2519      2531         7
       884      2804      2803      2795      2811      2534      2533      2525      2542         7
       885      2805      2804      2811      2786      2537      2534      2542      2519         7
       886      2795      2803      2812      2797      2525      2533      2543      2528         7
       887      2813      2796      2797      2812        49        66      2528      2543         7
       888        49        66      2528      2543      2420      2406      2407      2419         7
       889      2525      2533      2543      2528      2405      2412      2419      2407         7
       890      2537      2534      2542      2519      2415      2413      2418      2398         7
       891      2534      2533      2525      2542      2413      2412      2405      2418         7
       892      2523      2537      2519      2531      2403      2415      2398      2410         7
       893      2529      2538      2523      2531      2408      2416      2403      2410         7
       894      2408      2416      2403      2410      5024      5032      5034      5026         7
       895      5024      5032      5034      5026      5025      5033      5035      5027         7
       896      5025      5033      5035      5027        62        87        77        74         7
       897      2403      2415      2398      2410      5034      5036      5028      5026         7
       898      5034      5036      5028      5026      5035      5037      5029      5027         7
       899      5035      5037      5029      5027        77        78        39        74         7
       900      2413      2412      2405      2418      5038      5040      5020      5018         7
       901      5038      5040      5020      5018      5039      5041      5021      5019         7
       902      5039      5041      5021      5019        41        42        76        73         7
       903      2415      2413      2418      2398      5036      5038      5018      5028         7
       904      5036      5038      5018      5028      5037      5039      5019      5029         7
       905      5037      5039      5019      5029        78        41        73        39         7
       906      2405      2412      2419      2407      5020      5040      5042      5022         7
       907      5020      5040      5042      5022      5021      5041      5043      5023         7
       908      5021      5041      5043      5023        76        42        44        43         7
       909      2420      2406      2407      2419      5044      5030      5022      5042         7
       910      5044      5030      5022      5042      5045      5031      5023      5043         7
       911      5045      5031      5023      5043        79        75        43        44         7
       912      2814      2813      2812      2792        37        49      2543        71         7
       913      2803      2117      2792      2812      2533      2548        71      2543         7
       914      2806      2815      2817      2793      2538      2544      2545      2523         7
       915      2805      2818      2093      2804      2537      2546      2547      2534         7
       916      2793      2817      2818      2805      2523      2545      2546      2537         7
       917      2804      2093      2117      2803      2534      2547      2548      2533         7
       918      2534      2547      2548      2533      2413      2396      2414      2412         7
       919      2523      2545      2546      2537      2403      2423      2424      2415         7
       920      2537      2546      2547      2534      2415      2424      2396      2413         7
       921      2538      2544      2545      2523      2416      2422      2423      2403         7
       922      2533      2548        71      2543      2412      2414      2402      2419         7
       923        37        49      2543        71      2421      2420      2419      2402         7
       924      2421      2420      2419      2402      5046      5044      5042      5048         7
       925      5046      5044      5042      5048      5047      5045      5043      5049         7
       926      5047      5045      5043      5049        59        79        44        85         7
       927      2412      2414      2402      2419      5040      5050      5048      5042         7
       928      5040      5050      5048      5042      5041      5051      5049      5043         7
       929      5041      5051      5049      5043        42        86        85        44         7
       930      2416      2422      2423      2403      5032      5052      5054      5034         7
       931      5032      5052      5054      5034      5033      5053      5055      5035         7
       932      5033      5053      5055      5035        87        82        84        77         7
       933      2415      2424      2396      2413      5036      5056      5058      5038         7
       934      5036      5056      5058      5038      5037      5057      5059      5039         7
       935      5037      5057      5059      5039        78        83        81        41         7
       936      2403      2423      2424      2415      5034      5054      5056      5036         7
       937      5034      5054      5056      5036      5035      5055      5057      5037         7
       938      5035      5055      5057      5037        77        84        83        78         7
       939      2413      2396      2414      2412      5038      5058      5050      5040         7
       940      5038      5058      5050      5040      5039      5059      5051      5041         7
       941      5039      5059      5051      5041        41        81        86        42         7
       942      2687      2792      2117      2594        53        71      2548      2518         7
       943      2595      2594      2117      2093      2522      2518      2548      2547         7
       944      2596      2595      2093      2818      2526      2522      2547      2546         7
       945      2606      2596      2818      2817      2540      2526      2546      2545         7
       946      2605      2606      2817      2815      2539      2540      2545      2544         7
       947      2539      2540      2545      2544      2129      2130      2423      2422         7
       948      2540      2526      2546      2545      2130      2120      2424      2423         7
       949      2526      2522      2547      2546      2120      2119      2396      2424         7
       950      2522      2518      2548      2547      2119      2118      2414      2396         7
       951        53        71      2548      2518      2231      2402      2414      2118         7
       952      2231      2402      2414      2118      5060      5048      5050      5062         7
       953      5060      5048      5050      5062      5061      5049      5051      5063         7
       954      5061      5049      5051      5063        48        85        86        47         7
       955      2119      2118      2414      2396      5064      5062      5050      5058         7
       956      5064      5062      5050      5058      5065      5063      5051      5059         7
       957      5065      5063      5051      5059        46        47        86        81         7
       958      2120      2119      2396      2424      5066      5064      5058      5056         7
       959      5066      5064      5058      5056      5067      5065      5059      5057         7
       960      5067      5065      5059      5057        34        46        81        83         7
       961      2130      2120      2424      2423      5068      5066      5056      5054         7
       962      5068      5066      5056      5054      5069      5067      5057      5055         7
       963      5069      5067      5057      5055        33        34        83        84         7
       964      2129      2130      2423      2422      5070      5068      5054      5052         7
       965      5070      5068      5054      5052      5071      5069      5055      5053         7
       966      5071      5069      5055      5053        45        33        84        82         7
       967      2434      6355      6356      2433      2566      6342      6343      2564         8
       968      2435      6354      6355      2434      2567      6341      6342      2566         8
       969      2436      6372      6354      2435        15      6259      6341      2567         8
       970      6361      6360      2431      2432      6346      6345      2562      2563         8
       971      2433      6356      6361      2432      2564      6343      6346      2563         8
       972      2564      6343      6346      2563      2081      6297      6302      2080         8
       973      6346      6345      2562      2563      6302      6301      2079      2080         8
       974        15      6259      6341      2567      2091      6313      6295      2090         8
       975      2567      6341      6342      2566      2090      6295      6296      2082         8
       976      2566      6342      6343      2564      2082      6296      6297      2081         8
       977      2082      6296      6297      2081      5072      6427      6429      5074         8
       978      5072      6427      6429      5074      5073      6428      6430      5075         8
       979      5073      6428      6430      5075        23      6256      6254        22         8
       980      2090      6295      6296      2082      5076      6425      6427      5072         8
       981      5076      6425      6427      5072      5077      6426      6428      5073         8
       982      5077      6426      6428      5073        13      6257      6256        23         8
       983      2091      6313      6295      2090      5078      6423      6425      5076         8
       984      5078      6423      6425      5076      5079      6424      6426      5077         8
       985      5079      6424      6426      5077        14      6258      6257        13         8
       986      6302      6301      2079      2080      6431      6433      5080      5082         8
       987      6431      6433      5080      5082      6432      6434      5081      5083         8
       988      6432      6434      5081      5083      6253      6255        21        20         8
       989      2081      6297      6302      2080      5074      6429      6431      5082         8
       990      5074      6429      6431      5082      5075      6430      6432      5083         8
       991      5075      6430      6432      5083        22      6254      6253        20         8
       992      2432      2169      2427      2433      2563      2550      2559      2564         8
       993      2169      2432      2431      2426      2550      2563      2562      2558         8
       994      2428      2434      2433      2427      2560      2566      2564      2559         8
       995      2430      2436      2435      2429        16        15      2567      2561         8
       996      2429      2435      2434      2428      2561      2567      2566      2560         8
       997      2561      2567      2566      2560      2076      2090      2082      2384         8
       998        16        15      2567      2561      2077      2091      2090      2076         8
       999      2560      2566      2564      2559      2384      2082      2081      2377         8
      1000      2550      2563      2562      2558      2083      2080      2079      2089         8
      1001      2563      2550      2559      2564      2080      2083      2377      2081         8
      1002      2080      2083      2377      2081      5082      5084      5086      5074         8
      1003      5082      5084      5086      5074      5083      5085      5087      5075         8
      1004      5083      5085      5087      5075        20        24        11        22         8
      1005      2083      2080      2079      2089      5084      5082      5080      5088         8
      1006      5084      5082      5080      5088      5085      5083      5081      5089         8
      1007      5085      5083      5081      5089        24        20        21        25         8
      1008      2384      2082      2081      2377      5090      5072      5074      5086         8
      1009      5090      5072      5074      5086      5091      5073      5075      5087         8
      1010      5091      5073      5075      5087         9        23        22        11         8
      1011      2077      2091      2090      2076      5092      5078      5076      5094         8
      1012      5092      5078      5076      5094      5093      5079      5077      5095         8
      1013      5093      5079      5077      5095         7        14        13         6         8
      1014      2076      2090      2082      2384      5094      5076      5072      5090         8
      1015      5094      5076      5072      5090      5095      5077      5073      5091         8
      1016      5095      5077      5073      5091         6        13        23         9         8
      1017      2426      2197      2425      2169      2558      2555      2557      2550         8
      1018      2179      2428      2427      2196      2553      2560      2559      2554         8
      1019      2425      2196      2427      2169      2557      2554      2559      2550         8
      1020      2170      2430      2429      2171        17        16      2561      2552         8
      1021      2171      2429      2428      2179      2552      2561      2560      2553         8
      1022      2552      2561      2560      2553      2084      2076      2384      2088         8
      1023        17        16      2561      2552      2381      2077      2076      2084         8
      1024      2557      2554      2559      2550      2078      2382      2377      2083         8
      1025      2553      2560      2559      2554      2088      2384      2377      2382         8
      1026      2558      2555      2557      2550      2089      2383      2078      2083         8
      1027      2089      2383      2078      2083      5088      5096      5098      5084         8
      1028      5088      5096      5098      5084      5089      5097      5099      5085         8
      1029      5089      5097      5099      5085        25        19        18        24         8
      1030      2088      2384      2377      2382      5100      5090      5086      5102         8
      1031      5100      5090      5086      5102      5101      5091      5087      5103         8
      1032      5101      5091      5087      5103        10         9        11        12         8
      1033      2078      2382      2377      2083      5098      5102      5086      5084         8
      1034      5098      5102      5086      5084      5099      5103      5087      5085         8
      1035      5099      5103      5087      5085        18        12        11        24         8
      1036      2381      2077      2076      2084      5104      5092      5094      5106         8
      1037      5104      5092      5094      5106      5105      5093      5095      5107         8
      1038      5105      5093      5095      5107         8         7         6         2         8
      1039      2084      2076      2384      2088      5106      5094      5090      5100         8
      1040      5106      5094      5090      5100      5107      5095      5091      5101         8
      1041      5107      5095      5091      5101         2         6         9        10         8
      1042      2156      2158      2425      2197      2314      2313      2557      2555         8
      1043      2161      2179      2196      2160      2311      2553      2554      2312         8
      1044      2158      2160      2196      2425      2313      2312      2554      2557         8
      1045      2167      2171      2179      2161      2310      2552      2553      2311         8
      1046      2168      2170      2171      2167        29        17      2552      2310         8
      1047        29        17      2552      2310      2219      2381      2084      2224         8
      1048      2310      2552      2553      2311      2224      2084      2088      2087         8
      1049      2313      2312      2554      2557      2225      2086      2382      2078         8
      1050      2311      2553      2554      2312      2087      2088      2382      2086         8
      1051      2314      2313      2557      2555      2085      2225      2078      2383         8
      1052      2085      2225      2078      2383      5108      5110      5098      5096         8
      1053      5108      5110      5098      5096      5109      5111      5099      5097         8
      1054      5109      5111      5099      5097        31        32        18        19         8
      1055      2087      2088      2382      2086      5112      5100      5102      5114         8
      1056      5112      5100      5102      5114      5113      5101      5103      5115         8
      1057      5113      5101      5103      5115        26        10        12        30         8
      1058      2225      2086      2382      2078      5110      5114      5102      5098         8
      1059      5110      5114      5102      5098      5111      5115      5103      5099         8
      1060      5111      5115      5103      5099        32        30        12        18         8
      1061      2224      2084      2088      2087      5116      5106      5100      5112         8
      1062      5116      5106      5100      5112      5117      5107      5101      5113         8
      1063      5117      5107      5101      5113        28         2        10        26         8
      1064      2219      2381      2084      2224      5118      5104      5106      5116         8
      1065      5118      5104      5106      5116      5119      5105      5107      5117         8
      1066      5119      5105      5107      5117        27         8         2        28         8
      1067      6488      2678      2679      6489      6502      2309       327      6449         9
      1068      2693      2694      6485      6484      2323      2324      6505      6506         9
      1069      6485      2694      2676      6486      6505      2324      2307      6504         9
      1070      2676      2677      6487      6486      2307      2308      6503      6504         9
      1071      2677      2678      6488      6487      2308      2309      6502      6503         9
      1072      2308      2309      6502      6503      2221      2222      6493      6480         9
      1073      2307      2308      6503      6504      2220      2221      6480      6479         9
      1074      6505      2324      2307      6504      6494      2237      2220      6479         9
      1075      2323      2324      6505      6506      2236      2237      6494      6478         9
      1076      6502      2309       327      6449      6493      2222      2223      6492         9
      1077      6493      2222      2223      6492      6588      5120      5122      6590         9
      1078      6588      5120      5122      6590      6589      5121      5123      6591         9
      1079      6589      5121      5123      6591      6448       322       329      6447         9
      1080      2236      2237      6494      6478      5124      5126      6582      6580         9
      1081      5124      5126      6582      6580      5125      5127      6583      6581         9
      1082      5125      5127      6583      6581       318       319      6452      6451         9
      1083      6494      2237      2220      6479      6582      5126      5128      6586         9
      1084      6582      5126      5128      6586      6583      5127      5129      6587         9
      1085      6583      5127      5129      6587      6452       319       324      6450         9
      1086      2220      2221      6480      6479      5128      5130      6584      6586         9
      1087      5128      5130      6584      6586      5129      5131      6585      6587         9
      1088      5129      5131      6585      6587       324       325      6446      6450         9
      1089      2221      2222      6493      6480      5130      5120      6588      6584         9
      1090      5130      5120      6588      6584      5131      5121      6589      6585         9
      1091      5131      5121      6589      6585       325       322      6448      6446         9
      1092      2701      2677      2676      2704      2328      2308      2307      2330         9
      1093      2696      2678      2677      2701      2326      2309      2308      2328         9
      1094      2697      2679      2678      2696       290       327      2309      2326         9
      1095      2706      2694      2693      2708      2332      2324      2323      2334         9
      1096      2704      2676      2694      2706      2330      2307      2324      2332         9
      1097      2330      2307      2324      2332      2246      2220      2237      2248         9
      1098      2332      2324      2323      2334      2248      2237      2236      2250         9
      1099       290       327      2309      2326      2240      2223      2222      2239         9
      1100      2326      2309      2308      2328      2239      2222      2221      2244         9
      1101      2328      2308      2307      2330      2244      2221      2220      2246         9
      1102      2244      2221      2220      2246      5132      5130      5128      5134         9
      1103      5132      5130      5128      5134      5133      5131      5129      5135         9
      1104      5133      5131      5129      5135       326       325       324       328         9
      1105      2239      2222      2221      2244      5136      5120      5130      5132         9
      1106      5136      5120      5130      5132      5137      5121      5131      5133         9
      1107      5137      5121      5131      5133       323       322       325       326         9
      1108      2240      2223      2222      2239      5138      5122      5120      5136         9
      1109      5138      5122      5120      5136      5139      5123      5121      5137         9
      1110      5139      5123      5121      5137       320       329       322       323         9
      1111      2248      2237      2236      2250      5140      5126      5124      5142         9
      1112      5140      5126      5124      5142      5141      5127      5125      5143         9
      1113      5141      5127      5125      5143       313       319       318       283         9
      1114      2246      2220      2237      2248      5134      5128      5126      5140         9
      1115      5134      5128      5126      5140      5135      5129      5127      5141         9
      1116      5135      5129      5127      5141       328       324       319       313         9
      1117      2707      2705      2706      2708      2333      2331      2332      2334         9
      1118      2696      2699      2698      2697      2326       288       289       290         9
      1119      2705      2703      2704      2706      2331      2329      2330      2332         9
      1120      2700      2699      2696      2701      2327       288      2326      2328         9
      1121      2703      2700      2701      2704      2329      2327      2328      2330         9
      1122      2329      2327      2328      2330      2245      2243      2244      2246         9
      1123      2327       288      2326      2328      2243      2242      2239      2244         9
      1124      2331      2329      2330      2332      2247      2245      2246      2248         9
      1125      2326       288       289       290      2239      2242      2241      2240         9
      1126      2333      2331      2332      2334      2249      2247      2248      2250         9
      1127       283       313       286       284      5143      5141      5144      5146         9
      1128      5143      5141      5144      5146      5142      5140      5145      5147         9
      1129      5142      5140      5145      5147      2250      2248      2247      2249         9
      1130       313       328       285       286      5141      5135      5148      5144         9
      1131      5141      5135      5148      5144      5140      5134      5149      5145         9
      1132      5140      5134      5149      5145      2248      2246      2245      2247         9
      1133       328       326       278       285      5135      5133      5150      5148         9
      1134      5135      5133      5150      5148      5134      5132      5151      5149         9
      1135      5134      5132      5151      5149      2246      2244      2243      2245         9
      1136       326       323       277       278      5133      5137      5152      5150         9
      1137      5133      5137      5152      5150      5132      5136      5153      5151         9
      1138      5132      5136      5153      5151      2244      2239      2242      2243         9
      1139       320       321       277       323      5139      5154      5152      5137         9
      1140      5139      5154      5152      5137      5138      5155      5153      5136         9
      1141      5138      5155      5153      5136      2240      2241      2242      2239         9
      1142      2574      2703      2705      2572      2337      2329      2331      2335         9
      1143      2705      2707      2573      2572      2331      2333      2336      2335         9
      1144      2575      2700      2703      2574      2338      2327      2329      2337         9
      1145      2576      2699      2700      2575       287       288      2327      2338         9
      1146       287       288      2327      2338      2099      2242      2243      2098         9
      1147      2338      2327      2329      2337      2098      2243      2245      2097         9
      1148      2331      2333      2336      2335      2247      2249      2096      2095         9
      1149      2337      2329      2331      2335      2097      2245      2247      2095         9
      1150       281       286       285       280      5156      5144      5148      5158         9
      1151      5156      5144      5148      5158      5157      5145      5149      5159         9
      1152      5157      5145      5149      5159      2095      2247      2245      2097         9
      1153       281       282       284       286      5156      5160      5146      5144         9
      1154      5156      5160      5146      5144      5157      5161      5147      5145         9
      1155      5157      5161      5147      5145      2095      2096      2249      2247         9
      1156       280       285       278       279      5158      5148      5150      5162         9
      1157      5158      5148      5150      5162      5159      5149      5151      5163         9
      1158      5159      5149      5151      5163      2097      2245      2243      2098         9
      1159       279       278       277       276      5162      5150      5152      5164         9
      1160      5162      5150      5152      5164      5163      5151      5153      5165         9
      1161      5163      5151      5153      5165      2098      2243      2242      2099         9
      1162      2108      2109      6290      6292      2475      2481      6321      6323        10
      1163      2490      2491      2487      2481      2588      2589      2587      2586        10
      1164       507      6273      6272       506      5166      6441      6443      5168        10
      1165      5166      6441      6443      5168      5167      6442      6444      5169        10
      1166      5167      6442      6444      5169      2101      6293      6294      2100        10
      1167       508      6274      6273       507      5170      6437      6441      5166        10
      1168      5170      6437      6441      5166      5171      6438      6442      5167        10
      1169      5171      6438      6442      5167      2108      6292      6293      2101        10
      1170       510      6276      6275       509      5172      6439      6435      5174        10
      1171      5172      6439      6435      5174      5173      6440      6436      5175        10
      1172      5173      6440      6436      5175      2110      6291      6290      2109        10
      1173       509      6275      6274       508      5174      6435      6437      5170        10
      1174      5174      6435      6437      5170      5175      6436      6438      5171        10
      1175      5175      6436      6438      5171      2109      6290      6292      2108        10
      1176      2100      2101      6293      6294       518      2445      6324      6277        10
      1177      2109      2110      6291      6290      2481      2487      6322      6321        10
      1178      2101      2108      6292      6293      2445      2475      6323      6324        10
      1179      2475      2481      6321      6323      2585      2586      6349      6351        10
      1180      2481      2487      6322      6321      2586      2587      6350      6349        10
      1181      2445      2475      6323      6324      2578      2585      6351      6352        10
      1182       518      2445      6324      6277      2577      2578      6352      6353        10
      1183       517      2452      2445       518      2579      2580      2578      2577        10
      1184      2467      2475      2445      2452      2584      2585      2578      2580        10
      1185      2490      2481      2475      2467      2588      2586      2585      2584        10
      1186      2111      2109      2108      2107      2490      2481      2475      2467        10
      1187      2107      2108      2101      2103      2467      2475      2445      2452        10
      1188      2102      2103      2101      2100       517      2452      2445       518        10
      1189      2111      2112      2110      2109      2490      2491      2487      2481        10
      1190       495       510       509       494      5176      5172      5174      5178        10
      1191      5176      5172      5174      5178      5177      5173      5175      5179        10
      1192      5177      5173      5175      5179      2112      2110      2109      2111        10
      1193       509       508       314       494      5174      5170      5180      5178        10
      1194      5174      5170      5180      5178      5175      5171      5181      5179        10
      1195      5175      5171      5181      5179      2109      2108      2107      2111        10
      1196       508       507       505       314      5170      5166      5182      5180        10
      1197      5170      5166      5182      5180      5171      5167      5183      5181        10
      1198      5171      5167      5183      5181      2108      2101      2103      2107        10
      1199       505       507       506       294      5182      5166      5168      5184        10
      1200      5182      5166      5168      5184      5183      5167      5169      5185        10
      1201      5183      5167      5169      5185      2103      2101      2100      2102        10
      1202       516       515      2452       517      2581      2582      2580      2579        10
      1203       514      2467      2452       515      2583      2584      2580      2582        10
      1204      2106      2107      2103      2105       514      2467      2452       515        10
      1205      2104      2105      2103      2102       516       515      2452       517        10
      1206       314       505       496       523      5180      5182      5186      5188        10
      1207      5180      5182      5186      5188      5181      5183      5187      5189        10
      1208      5181      5183      5187      5189      2107      2103      2105      2106        10
      1209       496       505       294       497      5186      5182      5184      5190        10
      1210      5186      5182      5184      5190      5187      5183      5185      5191        10
      1211      5187      5183      5185      5191      2105      2103      2102      2104        10
      1212       513      2501      2491      2490      2590      2591      2589      2588        10
      1213      2490      2467       514       513      2588      2584      2583      2590        10
      1214       512       511      2501       513      2592      2593      2591      2590        10
      1215      2115      2116      2114      2113       512       511      2501       513        10
      1216      2111      2107      2106      2113      2490      2467       514       513        10
      1217      2113      2114      2112      2111       513      2501      2491      2490        10
      1218       520       521       522       519      5192      5194      5196      5198        10
      1219      5192      5194      5196      5198      5193      5195      5197      5199        10
      1220      5193      5195      5197      5199      2116      2114      2113      2115        10
      1221       314       523       522       494      5180      5188      5196      5178        10
      1222      5180      5188      5196      5178      5181      5189      5197      5179        10
      1223      5181      5189      5197      5179      2107      2106      2113      2111        10
      1224       521       495       494       522      5194      5176      5178      5196        10
      1225      5194      5176      5178      5196      5195      5177      5179      5197        10
      1226      5195      5177      5179      5197      2114      2112      2111      2113        10
      1227       739      5915      5923       740      1404      1407      1406      1405        11
      1228      5922      5907       742       741      1424      1427      1426      1425        11
      1229       796       547      1309      1310      1510      1513      1512      1511        11
      1230       576       552      1076      1077      1526      1529      1528      1527        11
      1231       737      5919      5917       738      1530      1533      1532      1531        11
      1232       741       742       547       546      1425      1426      1513      1537        11
      1233       541       538       820       855      1565      1568      1567      1566        11
      1234       546       547       796       795      1537      1513      1510      1592        11
      1235       738       739       576       596      1531      1404      1526      1597        11
      1236       540       541       855       854      1601      1565      1566      1602        11
      1237       732      5960      5957       733      1603      1606      1605      1604        11
      1238      1342      1188       583      1081      1615      1618      1617      1616        11
      1239      1189      1294      5877       730      1627      1630      1629      1628        11
      1240       740      5923      5922       741      1405      1406      1424      1425        11
      1241       730      5877      5962       731      1628      1629      1649      1648        11
      1242       733       734       538       541      1604      1666      1568      1565        11
      1243       531       595       807       806      1668      1671      1670      1669        11
      1244       738      5917      5915       739      1531      1532      1407      1404        11
      1245       735      5952      5906       736      1679      1682      1681      1680        11
      1246       735       736       531       539      1679      1680      1668      1685        11
      1247       740       741       546       552      1405      1425      1537      1529        11
      1248       584       540       854      1080      1694      1601      1602      1695        11
      1249       596       576      1077      1112      1597      1526      1527      1699        11
      1250       731       732       540       584      1648      1603      1601      1694        11
      1251       733      5957      5955       734      1604      1605      1701      1666        11
      1252       583       584      1080      1081      1617      1694      1695      1616        11
      1253      1309      1242      1306      1243      1512      1704      1657      1562        11
      1254       552       546       795      1076      1529      1537      1592      1528        11
      1255       731      5962      5960       732      1648      1649      1606      1603        11
      1256       547       742      1242      1309      1513      1426      1704      1512        11
      1257       538       539       821       820      1568      1685      1716      1567        11
      1258       736       737       595       531      1680      1530      1671      1668        11
      1259       734      5955      5952       735      1666      1701      1682      1679        11
      1260       730       731       584       583      1628      1648      1694      1617        11
      1261       739       740       552       576      1404      1405      1529      1526        11
      1262      5907      1241      1242       742      1427      1727      1704      1426        11
      1263      1188      1189       730       583      1618      1627      1628      1617        11
      1264      1241      1305      1306      1242      1727      1667      1657      1704        11
      1265       595       596      1112       807      1671      1597      1699      1670        11
      1266       736      5906      5919       737      1680      1681      1533      1530        11
      1267       732       733       541       540      1603      1604      1565      1601        11
      1268      1310      1309      1243      1244      1511      1512      1562      1559        11
      1269       737       738       596       595      1530      1531      1597      1671        11
      1270       734       735       539       538      1666      1679      1685      1568        11
      1271       539       531       806       821      1685      1668      1669      1716        11
      1272      1426      1427      1727      1704      1746      1749      1748      1747        11
      1273      1559      1511      1512      1562      1761      1764      1763      1762        11
      1274      1567      1568      1685      1716      1765      1768      1767      1766        11
      1275      1531      1530      1533      1532      1800      1803      1802      1801        11
      1276      1404      1531      1532      1407      1816      1800      1801      1817        11
      1277      1694      1648      1603      1601      1826      1829      1828      1827        11
      1278      1603      1648      1649      1606      1828      1829      1834      1833        11
      1279      1716      1685      1668      1669      1766      1767      1860      1859        11
      1280      1617      1618      1627      1628      1861      1864      1863      1862        11
      1281      1601      1603      1604      1565      1827      1828      1879      1878        11
      1282      1670      1671      1597      1699      1889      1892      1891      1890        11
      1283      1565      1604      1666      1568      1878      1879      1902      1768        11
      1284      1616      1615      1618      1617      1913      1884      1864      1861        11
      1285      1685      1679      1680      1668      1767      1915      1914      1860        11
      1286      1602      1601      1565      1566      1916      1827      1878      1917        11
      1287      1679      1666      1701      1682      1915      1902      1944      1943        11
      1288      1568      1666      1679      1685      1768      1902      1915      1767        11
      1289      1704      1727      1667      1657      1747      1748      1948      1905        11
      1290      1616      1617      1694      1695      1913      1861      1826      1951        11
      1291      1562      1512      1704      1657      1762      1763      1747      1905        11
      1292      1699      1597      1526      1527      1890      1891      1967      1966        11
      1293      1566      1565      1568      1567      1917      1878      1768      1765        11
      1294      1628      1627      1630      1629      1862      1863      1991      1990        11
      1295      1592      1537      1513      1510      1995      1998      1997      1996        11
      1296      1405      1404      1407      1406      2023      1816      1817      2024        11
      1297      1617      1628      1648      1694      1861      1862      1829      1826        11
      1298      1526      1404      1405      1529      1967      1816      2023      2035        11
      1299      1529      1405      1425      1537      2035      2023      2036      1998        11
      1300      1527      1526      1529      1528      1966      1967      2035      2046        11
      1301      1597      1531      1404      1526      1891      1800      1816      1967        11
      1302      1512      1513      1426      1704      1763      1997      1746      1747        11
      1303      1648      1628      1629      1649      1829      1862      1990      1834        11
      1304      1695      1694      1601      1602      1951      1826      1827      1916        11
      1305      1604      1603      1606      1605      1879      1828      1833      2060        11
      1306      1530      1680      1681      1533      1803      1914      2065      1802        11
      1307      1425      1405      1406      1424      2036      2023      2024      2067        11
      1308      1680      1679      1682      1681      1914      1915      1943      2065        11
      1309      1671      1530      1531      1597      1892      1803      1800      1891        11
      1310      1668      1680      1530      1671      1860      1914      1803      1892        11
      1311      1425      1424      1427      1426      2036      2067      1749      1746        11
      1312      1528      1529      1537      1592      2046      2035      1998      1995        11
      1313      1511      1510      1513      1512      1764      1996      1997      1763        11
      1314      1669      1668      1671      1670      1859      1860      1892      1889        11
      1315      1666      1604      1605      1701      1902      1879      2060      1944        11
      1316      1537      1425      1426      1513      1998      2036      1746      1997        11
      1317      5894       743       718      5908      1241      1242       742      5907        11
      1318      5924      5945       729       767      1294      5877       730      1189        11
      1319       575       572       716       710      1309      1243      1244      1310        11
      1320       718       743       575       570       742      1242      1309       547        11
      1321       767       729       582       536      1189       730       583      1188        11
      1322       743       744       572       575      1242      1306      1243      1309        11
      1323       536       582       799      1102      1188       583      1081      1342        11
      1324      5895       744       743      5894      1305      1306      1242      1241        11
      1325       570       575       710       793       547      1309      1310       796        11
      1326      5908       718       717      5921      5907       742       741      5922        11
      1327      5914      5921       717       719      5923      5922       741       740        11
      1328      5916      5914       719       720      5915      5923       740       739        11
      1329      5918      5916       720       721      5917      5915       739       738        11
      1330      5920      5918       721       722      5919      5917       738       737        11
      1331      5905      5920       722       723      5906      5919       737       736        11
      1332      5953      5905       723       724      5952      5906       736       735        11
      1333      5956      5953       724       725      5955      5952       735       734        11
      1334      5958      5956       725       726      5957      5955       734       733        11
      1335      5961      5958       726       727      5960      5957       733       732        11
      1336      5963      5961       727       728      5962      5960       732       731        11
      1337      5945      5963       728       729      5877      5962       731       730        11
      1338       723       724       735       736       532       550       539       531        11
      1339       717       719       740       741       569       553       552       546        11
      1340       725       726       733       734       549       560       541       538        11
      1341       724       725       734       735       550       549       538       539        11
      1342       727       728       731       732       559       585       584       540        11
      1343       726       727       732       733       560       559       540       541        11
      1344       718       717       741       742       570       569       546       547        11
      1345       722       723       736       737       594       532       531       595        11
      1346       719       720       739       740       553       577       576       552        11
      1347       720       721       738       739       577       597       596       576        11
      1348       728       729       730       731       585       582       583       584        11
      1349       721       722       737       738       597       594       595       596        11
      1350       547       570       569       546       796       793       794       795        11
      1351       539       550       549       538       821       818       819       820        11
      1352       595       594       532       531       807       804       805       806        11
      1353       531       532       550       539       806       805       818       821        11
      1354       541       560       559       540       855       852       853       854        11
      1355       538       549       560       541       820       819       852       855        11
      1356       552       553       577       576      1076       693       692      1077        11
      1357       546       569       553       552       795       794       693      1076        11
      1358       584       585       582       583      1080       800       799      1081        11
      1359       540       559       585       584       854       853       800      1080        11
      1360       596       597       594       595      1112       709       804       807        11
      1361       576       577       597       596      1077       692       709      1112        11
      1362      2975      2874      2876      2976      3409      3412      3411      3410        11
      1363      6099      6098      2932      2931      3470      3473      3472      3471        11
      1364      2980      2866      2865      2981      3478      3481      3480      3479        11
      1365      2968      2873      2874      2975      3486      3487      3412      3409        11
      1366      2924      2925      2878      2879      3507      3510      3509      3508        11
      1367      2922      6121      6118      2923      3517      3520      3519      3518        11
      1368      2936      2937      2863      2865      3523      3525      3524      3480        11
      1369      6069      6110      2937      2936      3530      3531      3525      3523        11
      1370      2859      2881      2879      3111      3532      3534      3508      3533        11
      1371      2927      2928      2874      2873      3549      3550      3412      3487        11
      1372      2931      2932      2867      2868      3471      3472      3552      3551        11
      1373      2923      6118      6117      2924      3518      3519      3557      3507        11
      1374      2926      2927      2873      2861      3569      3549      3487      3570        11
      1375      3132      2868      2867      3115      3583      3551      3552      3584        11
      1376      2857      2880      2881      2859      3571      3526      3534      3532        11
      1377      6094      6069      2936      2935      3624      3530      3523      3625        11
      1378      2930      2931      2868      2875      3639      3471      3551      3640        11
      1379      6117      6112      2925      2924      3557      3645      3510      3507        11
      1380      6116      6115      2927      2926      3653      3654      3549      3569        11
      1381      6096      6094      2935      2934      3660      3624      3625      3661        11
      1382      3111      2879      2878      3109      3533      3508      3509      3663        11
      1383      6114      6113      2929      2928      3666      3668      3667      3550        11
      1384      2981      2865      2863      3127      3479      3480      3524      3671        11
      1385      2935      2936      2865      2866      3625      3523      3480      3481        11
      1386      3115      2867      2872      3114      3584      3552      3673      3672        11
      1387      3110      2871      2866      2980      3693      3694      3481      3478        11
      1388      2934      2935      2866      2871      3661      3625      3481      3694        11
      1389      6112      6116      2926      2925      3645      3653      3569      3510        11
      1390      6113      6111      2930      2929      3668      3725      3639      3667        11
      1391      2967      2861      2873      2968      3728      3570      3487      3486        11
      1392      6115      6114      2928      2927      3654      3666      3550      3549        11
      1393      2929      2930      2875      2876      3667      3639      3640      3411        11
      1394      3109      2878      2861      2967      3663      3509      3570      3728        11
      1395      2928      2929      2876      2874      3550      3667      3411      3412        11
      1396      2932      2933      2872      2867      3472      3734      3673      3552        11
      1397      6111      6099      2931      2930      3725      3470      3471      3639        11
      1398      6097      6096      2934      2933      3735      3660      3661      3734        11
      1399      2976      2876      2875      2888      3410      3411      3640      3739        11
      1400      2888      2875      2868      3132      3739      3640      3551      3583        11
      1401      3114      2872      2871      3110      3672      3673      3694      3693        11
      1402      6098      6097      2933      2932      3473      3735      3734      3472        11
      1403      2923      2924      2879      2881      3518      3507      3508      3534        11
      1404      2922      2923      2881      2880      3517      3518      3534      3526        11
      1405      2933      2934      2871      2872      3734      3661      3694      3673        11
      1406      2925      2926      2861      2878      3510      3569      3570      3509        11
      1407      3673      3734      3661      3694      3771      3774      3773      3772        11
      1408      3625      3624      3530      3523      3806      3809      3808      3807        11
      1409      3550      3666      3668      3667      3810      3813      3812      3811        11
      1410      3533      3532      3534      3508      3831      3834      3833      3832        11
      1411      3640      3639      3471      3551      3839      3842      3841      3840        11
      1412      3487      3549      3550      3412      3853      3855      3810      3854        11
      1413      3471      3470      3473      3472      3841      3885      3884      3883        11
      1414      3739      3410      3411      3640      3896      3898      3897      3839        11
      1415      3518      3517      3520      3519      3909      3847      3911      3910        11
      1416      3472      3473      3735      3734      3883      3884      3918      3774        11
      1417      3661      3660      3624      3625      3773      3925      3809      3806        11
      1418      3508      3507      3510      3509      3832      3946      3945      3944        11
      1419      3693      3672      3673      3694      4000      4001      3771      3772        11
      1420      3479      3478      3481      3480      4002      4005      4004      4003        11
      1421      3523      3530      3531      3525      3807      3808      4010      4009        11
      1422      3412      3550      3667      3411      3854      3810      3811      3897        11
      1423      3728      3663      3509      3570      4014      4016      3944      4015        11
      1424      3478      3693      3694      3481      4005      4000      3772      4004        11
      1425      3409      3486      3487      3412      4041      4042      3853      3854        11
      1426      3526      3517      3518      3534      3846      3847      3909      3833        11
      1427      3549      3654      3666      3550      3855      4059      3813      3810        11
      1428      3510      3645      3653      3569      3945      4062      4061      4060        11
      1429      3552      3472      3734      3673      4063      3883      3774      3771        11
      1430      3486      3728      3570      3487      4042      4014      4015      3853        11
      1431      3584      3583      3551      3552      4067      4068      3840      4063        11
      1432      3532      3571      3526      3534      3834      3982      3846      3833        11
      1433      3534      3518      3507      3508      3833      3909      3946      3832        11
      1434      3672      3584      3552      3673      4001      4067      4063      3771        11
      1435      3411      3667      3639      3640      3897      3811      3842      3839        11
      1436      3480      3523      3525      3524      4003      3807      4009      4035        11
      1437      3481      3625      3523      3480      4004      3806      3807      4003        11
      1438      3663      3533      3508      3509      4016      3831      3832      3944        11
      1439      3569      3653      3654      3549      4060      4061      4059      3855        11
      1440      3410      3409      3412      3411      3898      4041      3854      3897        11
      1441      3570      3569      3549      3487      4015      4060      3855      3853        11
      1442      3694      3661      3625      3481      3772      3773      3806      4004        11
      1443      3507      3518      3519      3557      3946      3909      3910      4078        11
      1444      3583      3739      3640      3551      4068      3896      3839      3840        11
      1445      3509      3510      3569      3570      3944      3945      4060      4015        11
      1446      3507      3557      3645      3510      3946      4078      4062      3945        11
      1447      3551      3471      3472      3552      3840      3841      3883      4063        11
      1448      3667      3668      3725      3639      3811      3812      4080      3842        11
      1449      3734      3735      3660      3661      3774      3918      3925      3773        11
      1450      3639      3725      3470      3471      3842      4080      3885      3841        11
      1451      3671      3479      3480      3524      4036      4002      4003      4035        11
      1452       564       551      1113       591      2875      2868      3132      2888        11
      1453       551       548      1075      1113      2868      2867      3115      3132        11
      1454       561       558      1068      1074      2872      2871      3110      3114        11
      1455       548       561      1074      1075      2867      2872      3114      3115        11
      1456       558       545       797      1068      2871      2866      2980      3110        11
      1457       544       537      1103       798      2865      2863      3127      2981        11
      1458       545       544       798       797      2866      2865      2981      2980        11
      1459      3152      3145      3403      3165       564       551      1113       591        11
      1460      3145      3144      3386      3403       551       548      1075      1113        11
      1461      3149      3148      3381      3385       561       558      1068      1074        11
      1462      3144      3149      3385      3386       548       561      1074      1075        11
      1463      3148      3143      3257      3381       558       545       797      1068        11
      1464      3142      3140      3398      3258       544       537      1103       798        11
      1465      3143      3142      3258      3257       545       544       798       797        11
      1466       574       571      1069       526      2881      2879      3111      2859        11
      1467       571       568      1067      1069      2879      2878      3109      3111        11
      1468       568       533       690      1067      2878      2861      2967      3109        11
      1469       562       563       707       691      2873      2874      2975      2968        11
      1470       533       562       691       690      2861      2873      2968      2967        11
      1471       565       564       591       708      2876      2875      2888      2976        11
      1472       563       565       708       707      2874      2876      2976      2975        11
      1473      3158      3156      3382      3136       574       571      1069       526        11
      1474      3156      3155      3380      3382       571       568      1067      1069        11
      1475      3155      3138      3244      3380       568       533       690      1067        11
      1476      3150      3151      3252      3245       562       563       707       691        11
      1477      3138      3150      3245      3244       533       562       691       690        11
      1478      3153      3152      3165      3253       565       564       591       708        11
      1479      3151      3153      3253      3252       563       565       708       707        11
      1480       573       574       526       524      2880      2881      2859      2857        11
      1481      3157      3158      3136      3134       573       574       526       524        11
      1482      3157      3134      3136      3158      5200      5202      5204      5206        11
      1483      5200      5202      5204      5206      5201      5203      5205      5207        11
      1484      5201      5203      5205      5207       572       716       710       575        11
      1485      3158      3136      3382      3156      5206      5204      5208      5210        11
      1486      5206      5204      5208      5210      5207      5205      5209      5211        11
      1487      5207      5205      5209      5211       575       710       793       570        11
      1488      3156      3382      3380      3155      5210      5208      5212      5214        11
      1489      5210      5208      5212      5214      5211      5209      5213      5215        11
      1490      5211      5209      5213      5215       570       793       794       569        11
      1491      3155      3380      3244      3138      5214      5212      5216      5218        11
      1492      5214      5212      5216      5218      5215      5213      5217      5219        11
      1493      5215      5213      5217      5219       569       794       693       553        11
      1494      3150      3245      3252      3151      5220      5222      5224      5226        11
      1495      5220      5222      5224      5226      5221      5223      5225      5227        11
      1496      5221      5223      5225      5227       577       692       709       597        11
      1497      3138      3244      3245      3150      5218      5216      5222      5220        11
      1498      5218      5216      5222      5220      5219      5217      5223      5221        11
      1499      5219      5217      5223      5221       553       693       692       577        11
      1500      3153      3253      3165      3152      5228      5230      5232      5234        11
      1501      5228      5230      5232      5234      5229      5231      5233      5235        11
      1502      5229      5231      5233      5235       594       804       805       532        11
      1503      3151      3252      3253      3153      5226      5224      5230      5228        11
      1504      5226      5224      5230      5228      5227      5225      5231      5229        11
      1505      5227      5225      5231      5229       597       709       804       594        11
      1506      3152      3165      3403      3145      5234      5232      5236      5238        11
      1507      5234      5232      5236      5238      5235      5233      5237      5239        11
      1508      5235      5233      5237      5239       532       805       818       550        11
      1509      3145      3403      3386      3144      5238      5236      5240      5242        11
      1510      5238      5236      5240      5242      5239      5237      5241      5243        11
      1511      5239      5237      5241      5243       550       818       819       549        11
      1512      3149      3385      3381      3148      5244      5246      5248      5250        11
      1513      5244      5246      5248      5250      5245      5247      5249      5251        11
      1514      5245      5247      5249      5251       560       852       853       559        11
      1515      3144      3386      3385      3149      5242      5240      5246      5244        11
      1516      5242      5240      5246      5244      5243      5241      5247      5245        11
      1517      5243      5241      5247      5245       549       819       852       560        11
      1518      3148      3381      3257      3143      5250      5248      5252      5254        11
      1519      5250      5248      5252      5254      5251      5249      5253      5255        11
      1520      5251      5249      5253      5255       559       853       800       585        11
      1521      3142      3258      3398      3140      5256      5258      5260      5262        11
      1522      5256      5258      5260      5262      5257      5259      5261      5263        11
      1523      5257      5259      5261      5263       582       799      1102       536        11
      1524      3143      3257      3258      3142      5254      5252      5258      5256        11
      1525      5254      5252      5258      5256      5255      5253      5259      5257        11
      1526      5255      5253      5259      5257       585       800       799       582        11
      1527      3739      3410      3898      3896      4101      4104      4103      4102        11
      1528      1669      1716      1766      1859      4117      4120      4119      4118        11
      1529      2967      3109      3663      3728      4129      4132      4131      4130        11
      1530       795       796       793       794      4137      4140      4139      4138        11
      1531       855       854      1602      1566      4141      4144      4143      4142        11
      1532      1566      1602      1916      1917      4142      4143      4146      4145        11
      1533      1510      1592      1995      1996      4155      4158      4157      4156        11
      1534      1559      1511      1764      1761      4164      4167      4166      4165        11
      1535      2975      2968      3486      3409      4172      4175      4174      4173        11
      1536       799      1102      1342      1081      4197      4200      4199      4198        11
      1537       807      1112       709       804      4201      4204      4203      4202        11
      1538      3532      3571      3982      3834      4209      4212      4211      4210        11
      1539      1080       854       853       800      4231      4144      4233      4232        11
      1540      1076      1077      1527      1528      4244      4247      4246      4245        11
      1541      1244      1310      1511      1559      4091      4252      4167      4164        11
      1542      1592      1528      2046      1995      4158      4245      4272      4157        11
      1543      1081      1342      1615      1616      4198      4199      4279      4278        11
      1544       820       855      1566      1567      4288      4141      4142      4289        11
      1545      1567      1566      1917      1765      4289      4142      4145      4293        11
      1546       821       820      1567      1716      4294      4288      4289      4120        11
      1547       855       820       819       852      4141      4288      4322      4321        11
      1548      3114      3115      3584      3672      4324      4327      4326      4325        11
      1549       854      1080      1695      1602      4144      4231      4329      4143        11
      1550      1112      1077       692       709      4204      4247      4349      4203        11
      1551      1081      1080       800       799      4198      4231      4232      4197        11
      1552      3111      2859      3532      3533      4362      4364      4209      4363        11
      1553      3115      3132      3583      3584      4327      4367      4366      4326        11
      1554       821       806       805       818      4294      4370      4369      4368        11
      1555      3478      3693      4000      4005      4373      4376      4375      4374        11
      1556      3663      3533      3831      4016      4131      4363      4381      4380        11
      1557      2859      2857      3571      3532      4364      4394      4212      4209        11
      1558      2888      2976      3410      3739      4401      4402      4104      4101        11
      1559      1670      1669      1859      1889      4405      4117      4118      4406        11
      1560       807       806      1669      1670      4201      4370      4117      4405        11
      1561      2980      3110      3693      3478      4407      4408      4376      4373        11
      1562      3584      3583      4068      4067      4326      4366      4420      4419        11
      1563      3127      2981      3479      3671      4390      4429      4428      4389        11
      1564      2981      2980      3478      3479      4429      4407      4373      4428        11
      1565      1077      1076       693       692      4247      4244      4436      4349        11
      1566      3409      3486      4042      4041      4173      4174      4439      4438        11
      1567       796       795      1592      1510      4140      4137      4158      4155        11
      1568      1695      1616      1913      1951      4329      4278      4446      4445        11
      1569      2976      2975      3409      3410      4402      4172      4173      4104        11
      1570      3583      3739      3896      4068      4366      4101      4102      4420        11
      1571      1112       807      1670      1699      4204      4201      4405      4451        11
      1572      1310       796      1510      1511      4252      4140      4155      4167        11
      1573      1716      1567      1765      1766      4120      4289      4293      4119        11
      1574      3132      2888      3739      3583      4367      4401      4101      4366        11
      1575      3672      3584      4067      4001      4325      4326      4419      4463        11
      1576      3110      3114      3672      3693      4408      4324      4325      4376        11
      1577      1076       795       794       693      4244      4137      4138      4436        11
      1578      1616      1615      1884      1913      4278      4279      4353      4446        11
      1579       795      1076      1528      1592      4137      4244      4245      4158        11
      1580      3533      3532      3834      3831      4363      4209      4210      4381        11
      1581      1511      1510      1996      1764      4167      4155      4156      4166        11
      1582      2968      2967      3728      3486      4175      4129      4130      4174        11
      1583      3109      3111      3533      3663      4132      4362      4363      4131        11
      1584       710       793       796      1310      4493      4139      4140      4252        11
      1585      3728      3663      4016      4014      4130      4131      4380      4494        11
      1586      3410      3409      4041      3898      4104      4173      4438      4103        11
      1587      1080      1081      1616      1695      4231      4198      4278      4329        11
      1588      1699      1670      1889      1890      4451      4405      4406      4495        11
      1589      3486      3728      4014      4042      4174      4130      4494      4439        11
      1590       806       821      1716      1669      4370      4294      4120      4117        11
      1591      3671      3479      4002      4036      4389      4428      4501      4400        11
      1592       716       710      1310      1244      4092      4493      4252      4091        11
      1593       806       807       804       805      4370      4201      4202      4369        11
      1594      3479      3478      4005      4002      4428      4373      4374      4501        11
      1595       820       821       818       819      4288      4294      4368      4322        11
      1596      1077      1112      1699      1527      4247      4204      4451      4246        11
      1597      1527      1699      1890      1966      4246      4451      4495      4503        11
      1598       854       855       852       853      4144      4141      4321      4233        11
      1599      1602      1695      1951      1916      4143      4329      4445      4146        11
      1600      1528      1527      1966      2046      4245      4246      4503      4272        11
      1601      3693      3672      4001      4000      4376      4325      4463      4375        11
      1602      3165      3403      5236      5232      4509      4510      5264      5267        11
      1603      5232      5236      5237      5233      5267      5264      5265      5266        11
      1604      5233      5237       818       805      5266      5265      4368      4369        11
      1605      3380      3244      5216      5212      4520      4521      5268      5271        11
      1606      5212      5216      5217      5213      5271      5268      5269      5270        11
      1607      5213      5217       693       794      5270      5269      4436      4138        11
      1608      3385      3386      1075      1074      4530      4533      4532      4531        11
      1609      1103       798      2981      3127      4536      4537      4429      4390        11
      1610       707       691      2968      2975      4539      4540      4175      4172        11
      1611       526       524      2857      2859      4543      4544      4394      4364        11
      1612      3382      3380      5212      5208      4547      4520      5271      5273        11
      1613      5208      5212      5213      5209      5273      5271      5270      5272        11
      1614      5209      5213       794       793      5272      5270      4138      4139        11
      1615      3386      3403      1113      1075      4533      4510      4548      4532        11
      1616       591       708      2976      2888      4549      4550      4402      4401        11
      1617      3403      3165       591      1113      4510      4509      4549      4548        11
      1618      3252      3245       691       707      4552      4553      4540      4539        11
      1619      3245      3252      5224      5222      4553      4552      5274      5277        11
      1620      5222      5224      5225      5223      5277      5274      5275      5276        11
      1621      5223      5225       709       692      5276      5275      4203      4349        11
      1622      3134      3136      5204      5202      4523      4562      5278      5281        11
      1623      5202      5204      5205      5203      5281      5278      5279      5280        11
      1624      5203      5205       710       716      5280      5279      4493      4092        11
      1625      3253      3165      5232      5230      4563      4509      5267      5283        11
      1626      5230      5232      5233      5231      5283      5267      5266      5282        11
      1627      5231      5233       805       804      5282      5266      4369      4202        11
      1628      3136      3382      5208      5204      4562      4547      5273      5278        11
      1629      5204      5208      5209      5205      5278      5273      5272      5279        11
      1630      5205      5209       793       710      5279      5272      4139      4493        11
      1631       691       690      2967      2968      4540      4568      4129      4175        11
      1632      3252      3253      5230      5224      4552      4563      5283      5274        11
      1633      5224      5230      5231      5225      5274      5283      5282      5275        11
      1634      5225      5231       804       709      5275      5282      4202      4203        11
      1635      3165      3253       708       591      4509      4563      4550      4549        11
      1636      3381      3385      1074      1068      4570      4530      4531      4571        11
      1637      3385      3381      5248      5246      4530      4570      5284      5287        11
      1638      5246      5248      5249      5247      5287      5284      5285      5286        11
      1639      5247      5249       853       852      5286      5285      4233      4321        11
      1640      1069       526      2859      3111      4582      4543      4364      4362        11
      1641      3257      3258      5258      5252      4585      4586      5288      5291        11
      1642      5252      5258      5259      5253      5291      5288      5289      5290        11
      1643      5253      5259       799       800      5290      5289      4197      4232        11
      1644      3257      3381      1068       797      4585      4570      4571      4588        11
      1645      3258      3257       797       798      4586      4585      4588      4537        11
      1646      1113       591      2888      3132      4548      4549      4401      4367        11
      1647      3381      3257      5252      5248      4570      4585      5291      5284        11
      1648      5248      5252      5253      5249      5284      5291      5290      5285        11
      1649      5249      5253       800       853      5285      5290      4232      4233        11
      1650      3245      3244       690       691      4553      4521      4568      4540        11
      1651      3258      3398      5260      5258      4586      4578      5292      5288        11
      1652      5258      5260      5261      5259      5288      5292      5293      5289        11
      1653      5259      5261      1102       799      5289      5293      4200      4197        11
      1654       708       707      2975      2976      4550      4539      4172      4402        11
      1655       798       797      2980      2981      4537      4588      4407      4429        11
      1656      3244      3245      5222      5216      4521      4553      5277      5268        11
      1657      5216      5222      5223      5217      5268      5277      5276      5269        11
      1658      5217      5223       692       693      5269      5276      4349      4436        11
      1659      3244      3380      1067       690      4521      4520      4604      4568        11
      1660      3380      3382      1069      1067      4520      4547      4582      4604        11
      1661      3398      3258       798      1103      4578      4586      4537      4536        11
      1662      1067      1069      3111      3109      4604      4582      4362      4132        11
      1663      3253      3252       707       708      4563      4552      4539      4550        11
      1664       690      1067      3109      2967      4568      4604      4132      4129        11
      1665      3136      3134       524       526      4562      4523      4544      4543        11
      1666      1075      1113      3132      3115      4532      4548      4367      4327        11
      1667      3386      3385      5246      5240      4533      4530      5287      5295        11
      1668      5240      5246      5247      5241      5295      5287      5286      5294        11
      1669      5241      5247       852       819      5294      5286      4321      4322        11
      1670      3403      3386      5240      5236      4510      4533      5295      5264        11
      1671      5236      5240      5241      5237      5264      5295      5294      5265        11
      1672      5237      5241       819       818      5265      5294      4322      4368        11
      1673      3382      3136       526      1069      4547      4562      4543      4582        11
      1674       797      1068      3110      2980      4588      4571      4408      4407        11
      1675      1068      1074      3114      3110      4571      4531      4324      4408        11
      1676      1074      1075      3115      3114      4531      4532      4327      4324        11
      1677      2922      2923      6118      6121       638       639      5900      5901        11
      1678      3199      3200      6055      6058      5296      5298      6183      6197        11
      1679      5296      5298      6183      6197      5297      5299      6184      6198        11
      1680      5297      5299      6184      6198       744       743      5894      5895        11
      1681      2923      2924      6117      6118       639       640      5909      5900        11
      1682      6115      2927      2928      6114      5910       642       643      5911        11
      1683      6114      2928      2929      6113      5911       643       644      5912        11
      1684      6113      2929      2930      6111      5912       644       645      5904        11
      1685      2927      2873       562       642      2926      2861       533      4607        11
      1686      3200      3201      6054      6055      5298      5300      6185      6183        11
      1687      5298      5300      6185      6183      5299      5301      6186      6184        11
      1688      5299      5301      6186      6184       743       718      5908      5894        11
      1689      6054      3201      3202      5913      6185      5300      5302      6196        11
      1690      6185      5300      5302      6196      6186      5301      5303      6195        11
      1691      6186      5301      5303      6195      5908       718       717      5921        11
      1692      5913      3202      3203      6053      6196      5302      5304      6193        11
      1693      6196      5302      5304      6193      6195      5303      5305      6194        11
      1694      6195      5303      5305      6194      5921       717       719      5914        11
      1695      6053      3203      3204      6052      6193      5304      5306      6192        11
      1696      6193      5304      5306      6192      6194      5305      5307      6191        11
      1697      6194      5305      5307      6191      5914       719       720      5916        11
      1698      6052      3204      3205      6051      6192      5306      5308      6189        11
      1699      6192      5306      5308      6189      6191      5307      5309      6190        11
      1700      6191      5307      5309      6190      5916       720       721      5918        11
      1701      6051      3205      3206      6050      6189      5308      5310      6187        11
      1702      6189      5308      5310      6187      6190      5309      5311      6188        11
      1703      6190      5309      5311      6188      5918       721       722      5920        11
      1704      6050      3206      3207      6049      6187      5310      5312      6170        11
      1705      6187      5310      5312      6170      6188      5311      5313      6169        11
      1706      6188      5311      5313      6169      5920       722       723      5905        11
      1707      6111      2930      2931      6099      5904       645       646      5948        11
      1708      6099      2931      2932      6098      5948       646       647      5949        11
      1709      6098      2932      2933      6097      5949       647       648      5950        11
      1710      6097      2933      2934      6096      5950       648       649      5951        11
      1711      6096      2934      2935      6094      5951       649       650      5964        11
      1712      6094      2935      2936      6069      5964       650       651      5868        11
      1713      6069      2936      2937      6110      5868       651       652      5925        11
      1714      6049      3207      3208      6036      6170      5312      5314      6168        11
      1715      6170      5312      5314      6168      6169      5313      5315      6167        11
      1716      6169      5313      5315      6167      5905       723       724      5953        11
      1717      6036      3208      3209      6035      6168      5314      5316      6181        11
      1718      6168      5314      5316      6181      6167      5315      5317      6182        11
      1719      6167      5315      5317      6182      5953       724       725      5956        11
      1720      6035      3209      3210      6034      6181      5316      5318      6179        11
      1721      6181      5316      5318      6179      6182      5317      5319      6180        11
      1722      6182      5317      5319      6180      5956       725       726      5958        11
      1723      6034      3210      3211      6033      6179      5318      5320      6177        11
      1724      6179      5318      5320      6177      6180      5319      5321      6178        11
      1725      6180      5319      5321      6178      5958       726       727      5961        11
      1726      6033      3211      3212      6031      6177      5320      5322      6175        11
      1727      6177      5320      5322      6175      6178      5321      5323      6176        11
      1728      6178      5321      5323      6176      5961       727       728      5963        11
      1729      6031      3212      3213      6006      6175      5322      5324      6171        11
      1730      6175      5322      5324      6171      6176      5323      5325      6172        11
      1731      6176      5323      5325      6172      5963       728       729      5945        11
      1732      6006      3213      3214      6048      6171      5324      5326      6173        11
      1733      6171      5324      5326      6173      6172      5325      5327      6174        11
      1734      6172      5325      5327      6174      5945       729       767      5924        11
      1735      3211      3148      3143      3212      5320      5250      5254      5322        11
      1736      5320      5250      5254      5322      5321      5251      5255      5323        11
      1737      5321      5251      5255      5323       727       559       585       728        11
      1738      3207      3152      3145      3208      5312      5234      5238      5314        11
      1739      5312      5234      5238      5314      5313      5235      5239      5315        11
      1740      5313      5235      5239      5315       723       532       550       724        11
      1741      3213      3142      3140      3214      5324      5256      5262      5326        11
      1742      5324      5256      5262      5326      5325      5257      5263      5327        11
      1743      5325      5257      5263      5327       729       582       536       767        11
      1744      3209      3144      3149      3210      5316      5242      5244      5318        11
      1745      5316      5242      5244      5318      5317      5243      5245      5319        11
      1746      5317      5243      5245      5319       725       549       560       726        11
      1747      3212      3143      3142      3213      5322      5254      5256      5324        11
      1748      5322      5254      5256      5324      5323      5255      5257      5325        11
      1749      5323      5255      5257      5325       728       585       582       729        11
      1750      3208      3145      3144      3209      5314      5238      5242      5316        11
      1751      5314      5238      5242      5316      5315      5239      5243      5317        11
      1752      5315      5239      5243      5317       724       550       549       725        11
      1753      3210      3149      3148      3211      5318      5244      5250      5320        11
      1754      5318      5244      5250      5320      5319      5245      5251      5321        11
      1755      5319      5245      5251      5321       726       560       559       727        11
      1756      2922      2880      2881      2923       638       573       574       639        11
      1757       743       575       572       744      5299      5207      5201      5297        11
      1758      5299      5207      5201      5297      5298      5206      5200      5296        11
      1759      5298      5206      5200      5296      3200      3158      3157      3199        11
      1760      2923      2881      2879      2924       639       574       571       640        11
      1761      2927      2873      2874      2928       642       562       563       643        11
      1762      2928      2874      2876      2929       643       563       565       644        11
      1763      2929      2876      2875      2930       644       565       564       645        11
      1764      2924      2879      2878      2925       640       571       568       641        11
      1765      3203      3138      3150      3204      5304      5218      5220      5306        11
      1766      5304      5218      5220      5306      5305      5219      5221      5307        11
      1767      5305      5219      5221      5307       719       553       577       720        11
      1768      3200      3158      3156      3201      5298      5206      5210      5300        11
      1769      5298      5206      5210      5300      5299      5207      5211      5301        11
      1770      5299      5207      5211      5301       743       575       570       718        11
      1771      3202      3155      3138      3203      5302      5214      5218      5304        11
      1772      5302      5214      5218      5304      5303      5215      5219      5305        11
      1773      5303      5215      5219      5305       717       569       553       719        11
      1774      3204      3150      3151      3205      5306      5220      5226      5308        11
      1775      5306      5220      5226      5308      5307      5221      5227      5309        11
      1776      5307      5221      5227      5309       720       577       597       721        11
      1777      3205      3151      3153      3206      5308      5226      5228      5310        11
      1778      5308      5226      5228      5310      5309      5227      5229      5311        11
      1779      5309      5227      5229      5311       721       597       594       722        11
      1780      3206      3153      3152      3207      5310      5228      5234      5312        11
      1781      5310      5228      5234      5312      5311      5229      5235      5313        11
      1782      5311      5229      5235      5313       722       594       532       723        11
      1783      3201      3156      3155      3202      5300      5210      5214      5302        11
      1784      5300      5210      5214      5302      5301      5211      5215      5303        11
      1785      5301      5211      5215      5303       718       570       569       717        11
      1786      2934      2871      2866      2935       649       558       545       650        11
      1787      2930      2875      2868      2931       645       564       551       646        11
      1788      2936      2865      2863      2937       651       544       537       652        11
      1789      2932      2867      2872      2933       647       548       561       648        11
      1790      2935      2866      2865      2936       650       545       544       651        11
      1791      2931      2868      2867      2932       646       551       548       647        11
      1792      2933      2872      2871      2934       648       561       558       649        11
      1793      6116      6115      5910      6071      2926      2927       642      4607        11
      1794      2878      2925       641       568      2861      2926      4607       533        11
      1795      6112      6116      6071      6070      2925      2926      4607       641        11
      1796      6117      6112      6070      5909      2924      2925       641       640        11
      1797      5992       918       921      5993      6015      3405      3311      6014        12
      1798       525      5995      5994      5993      3135      6012      6013      6014        12
      1799      5993       921       926       525      6014      3311      3314      3135        12
      1800       617      5997      5996       616      3178      6010      6011      3177        12
      1801       616      5996      5995       525      3177      6011      6012      3135        12
      1802       616       924       923       617      3177      3313      3312      3178        12
      1803       525       926       924       616      3135      3314      3313      3177        12
      1804       923       986       992       617      3312      3340      3343      3178        12
      1805       617       992       618      5997      3178      3343      3179      6010        12
      1806      5999       620       621      5928      6008      3181      3182      6007        12
      1807       620      5999      5998       619      3181      6008      6009      3180        12
      1808       619      5998      5997       618      3180      6009      6010      3179        12
      1809      5941       625       626      5876      6040      3186      3187      6039        12
      1810       625      5941      5931       624      3186      6040      6045      3185        12
      1811       624      5931      5930       623      3185      6045      6046      3184        12
      1812       623      5930      5929       622      3184      6046      6047      3183        12
      1813       622      5929      5928       621      3183      6047      6007      3182        12
      1814       629      5872      5873       628      3190      6005      6004      3189        12
      1815       628      5873      5874       627      3189      6004      6061      3188        12
      1816      5872       629       630      5883      6005      3190      3191      6041        12
      1817       627      5874      5876       626      3188      6061      6039      3187        12
      1818       630      5878      5888      5883      3191      6066      6063      6041        12
      1819      3343      3179      3347      3348       992       618      1000      1001        12
      1820      3180      3181      3351      3352       619       620      1009      1010        12
      1821      3181      3182      3356      3351       620       621      1018      1009        12
      1822      3179      3180      3352      3347       618       619      1010      1000        12
      1823      3186      3187      3353      3354       625       626      1013      1014        12
      1824      3182      3183      3355      3356       621       622      1017      1018        12
      1825      3183      3184      3357      3355       622       623      1021      1017        12
      1826      3184      3185      3360      3357       623       624      1026      1021        12
      1827      3185      3186      3354      3360       624       625      1014      1026        12
      1828      3189      3190      3358      3359       628       629      1023      1024        12
      1829      3188      3189      3359      3361       627       628      1024      1028        12
      1830      3190      3191      3362      3358       629       630      1031      1023        12
      1831      3187      3188      3361      3353       626       627      1028      1013        12
      1832      3191      6066      3192      3362       630      5878       631      1031        12
      1833      3192      6066      6065      3193       631      5878      5880       632        12
      1834      3194      6064      6062      3195       633      5887      5889       634        12
      1835      3193      6065      6064      3194       632      5880      5887       633        12
      1836      6062      6059      3196      3195      5889      5892       635       634        12
      1837      5892       635       636      5899      6059      3196      3197      6060        12
      1838       636      5903      5902      5899      3197      6056      6057      6060        12
      1839      1017      1032      1054      1021      3355      3363      3374      3357        12
      1840      1021      1054      1062      1026      3357      3374      3378      3360        12
      1841      1018      1033      1032      1017      3356      3364      3363      3355        12
      1842      1014      1037      1036      1013      3354      3366      3365      3353        12
      1843      1026      1062      1037      1014      3360      3378      3366      3354        12
      1844      1023      1044       848      1031      3358      3369      3278      3362        12
      1845      1024      1045      1044      1023      3359      3370      3369      3358        12
      1846      1028      1060      1045      1024      3361      3377      3370      3359        12
      1847      1013      1036      1060      1028      3353      3365      3377      3361        12
      1848      1031       848       974       631      3362      3278      3279      3192        12
      1849       631       974       977       632      3192      3279      3335      3193        12
      1850       632       977       978       633      3193      3335      3336      3194        12
      1851       633       978       981       634      3194      3336      3337      3195        12
      1852      3195      3196      3339      3337       634       635       985       981        12
      1853       636       982       637      5903      3197      3338      3198      6056        12
      1854       635       985       982       636      3196      3339      3338      3197        12
      1855       638      5901      5903       637      3199      6058      6056      3198        12
      1856       638       639      5900      5901      3199      3200      6055      6058        12
      1857       642       562      3150      3204      4607       533      3138      3203        12
      1858       639       640      5909      5900      3200      3201      6054      6055        12
      1859      5910       642       643      5911      6052      3204      3205      6051        12
      1860      5911       643       644      5912      6051      3205      3206      6050        12
      1861      5912       644       645      5904      6050      3206      3207      6049        12
      1862      5904       645       646      5948      6049      3207      3208      6036        12
      1863      5948       646       647      5949      6036      3208      3209      6035        12
      1864      5949       647       648      5950      6035      3209      3210      6034        12
      1865      5950       648       649      5951      6034      3210      3211      6033        12
      1866      5951       649       650      5964      6033      3211      3212      6031        12
      1867      5964       650       651      5868      6031      3212      3213      6006        12
      1868      5868       651       652      5925      6006      3213      3214      6048        12
      1869      5925       652       653      5946      6048      3214      3215      6037        12
      1870       982       608       609       637      3338      3172      3173      3198        12
      1871       637       609       573       638      3198      3173      3157      3199        12
      1872       638       573       574       639      3199      3157      3158      3200        12
      1873       639       574       571       640      3200      3158      3156      3201        12
      1874       642       562       563       643      3204      3150      3151      3205        12
      1875       643       563       565       644      3205      3151      3153      3206        12
      1876       644       565       564       645      3206      3153      3152      3207        12
      1877       640       571       568       641      3201      3156      3155      3202        12
      1878       649       558       545       650      3211      3148      3143      3212        12
      1879       645       564       551       646      3207      3152      3145      3208        12
      1880       651       544       537       652      3213      3142      3140      3214        12
      1881       652       537       534       653      3214      3140      3139      3215        12
      1882       647       548       561       648      3209      3144      3149      3210        12
      1883       650       545       544       651      3212      3143      3142      3213        12
      1884       646       551       548       647      3208      3145      3144      3209        12
      1885       648       561       558       649      3210      3149      3148      3211        12
      1886      6037      6032      3216      3215      5946      5954       654       653        12
      1887      6032      6038      3217      3216      5954      5944       655       654        12
      1888      6038      6026      3218      3217      5944      5968       656       655        12
      1889      6026      6030      3219      3218      5968      5965       657       656        12
      1890      6030      6043      3220      3219      5965      5881       658       657        12
      1891      5973       865       864      5969      6023      3286      3304      6025        12
      1892      5971       666      5973      5990      6024      3228      6023      6016        12
      1893       666       870       865      5973      3228      3289      3286      6023        12
      1894      5989      5981      5980       663      6017      6019      6020      3225        12
      1895       664      5989       663       665      3226      6017      3225      3227        12
      1896      5989       664       666      5971      6017      3226      3228      6024        12
      1897       664       873       870       666      3226      3290      3289      3228        12
      1898       665       869       873       664      3227      3288      3290      3226        12
      1899       663      5980      5978       667      3225      6020      6021      3229        12
      1900       665       663       667       668      3227      3225      3229      3230        12
      1901       668       866       869       665      3230      3287      3288      3227        12
      1902      5987      5966       662      5978      6018      6029      3224      6021        12
      1903       667      5978       662       670      3229      6021      3224      3232        12
      1904       669       668       667       670      3231      3230      3229      3232        12
      1905       669       874       866       668      3231      3291      3287      3230        12
      1906      6043      6042      3221      3220      5881      5938       659       658        12
      1907      6042      6044      3222      3221      5938      5933       660       659        12
      1908      6044      6022      3223      3222      5933      5934       661       660        12
      1909      6022      6029      3327      3223      5934      5966       959       661        12
      1910       669       967       966       874      3231      3331      3330      3291        12
      1911       670       973       967       669      3232      3334      3331      3231        12
      1912      6029      3224      3333      3327      5966       662       970       959        12
      1913      3224      3232      3334      3333       662       670       973       970        12
      1914      6053      5913      6070      6071      3203      3202       641      4607        12
      1915       568       641      3202      3155       533      4607      3203      3138        12
      1916      6071      5910      6052      6053      4607       642      3204      3203        12
      1917      5909      6070      5913      6054       640       641      3202      3201        12
      1918      1219      1218      1221      1220      1400      1403      1402      1401        13
      1919      1365      1364      1366      1295      1416      1419      1418      1417        13
      1920      1349      1358      1299      1300      1428      1431      1430      1429        13
      1921      1363      1323      1324      1255      1432      1435      1434      1433        13
      1922      1218      1261      1376      1221      1403      1437      1436      1402        13
      1923      1118      1329      1330      1121      1442      1445      1444      1443        13
      1924      1130      1366      1367      1368      1450      1418      1452      1451        13
      1925      1314      1313      1316      1315      1465      1468      1467      1466        13
      1926      1260      1259      1261      1218      1473      1474      1437      1403        13
      1927      1367      1366      1364      1325      1452      1418      1419      1475        13
      1928      1173      1132      1269      1312      1476      1479      1478      1477        13
      1929      1338      1224      1354      1340      1492      1495      1494      1493        13
      1930      1261      1375      1377      1376      1437      1505      1504      1436        13
      1931      1340      1354      1322      1323      1493      1494      1536      1435        13
      1932      1321      1290      1259      1260      1542      1543      1474      1473        13
      1933      1318      1328      1290      1321      1544      1545      1543      1542        13
      1934      1320      1321      1260      1271      1550      1542      1473      1551        13
      1935      1281      1282      1327      1328      1554      1556      1555      1545        13
      1936      1138      1363      1255      1141      1563      1432      1433      1564        13
      1937      1297      1373      1374      1186      1569      1572      1571      1570        13
      1938      1153      1131      1132      1173      1573      1574      1479      1476        13
      1939      1220      1221      1298      1326      1401      1402      1581      1580        13
      1940      1396      1385      1329      1118      1584      1585      1445      1442        13
      1941      1367      1325      1322      1313      1452      1475      1536      1468        13
      1942      1172      1173      1312      1311      1586      1476      1477      1587        13
      1943      1151      1150      1153      1152      1588      1590      1573      1589        13
      1944      1382      1365      1295      1150      1614      1416      1417      1590        13
      1945      1339      1340      1323      1363      1619      1493      1435      1432        13
      1946      1140      1141      1256      1378      1620      1564      1622      1621        13
      1947      1313      1322      1354      1316      1468      1536      1494      1467        13
      1948      1141      1255      1257      1256      1564      1433      1635      1622        13
      1949      1295      1366      1130      1131      1417      1418      1450      1574        13
      1950      1259      1291      1375      1261      1474      1638      1505      1437        13
      1951      1329      1276      1338      1330      1445      1651      1492      1444        13
      1952      1385      1275      1276      1329      1585      1652      1651      1445        13
      1953      1139      1138      1141      1140      1654      1563      1564      1620        13
      1954      1131      1130      1133      1132      1574      1450      1658      1479        13
      1955      1323      1322      1325      1324      1435      1536      1475      1434        13
      1956      1186      1374      1294      1189      1570      1571      1630      1627        13
      1957      1351      1300      1301      1384      1673      1429      1675      1674        13
      1958      1275      1274      1223      1276      1652      1684      1683      1651        13
      1959      1312      1269      1281      1355      1477      1478      1554      1691        13
      1960      1119      1118      1121      1120      1692      1442      1443      1693        13
      1961      1223      1222      1225      1224      1683      1697      1696      1495        13
      1962      1399      1396      1118      1119      1698      1584      1442      1692        13
      1963      1330      1338      1340      1339      1444      1492      1493      1619        13
      1964      1271      1260      1218      1219      1551      1473      1403      1400        13
      1965      1255      1324      1345      1257      1433      1434      1705      1635        13
      1966      1121      1330      1339      1285      1443      1444      1619      1706        13
      1967      1326      1298      1187      1341      1580      1581      1708      1707        13
      1968      1387      1386      1382      1383      1711      1713      1614      1712        13
      1969      1368      1367      1313      1314      1451      1452      1468      1465        13
      1970      1300      1299      1302      1301      1429      1430      1714      1675        13
      1971      1224      1225      1316      1354      1495      1696      1467      1494        13
      1972      1356      1355      1318      1319      1718      1691      1544      1719        13
      1973      1269      1270      1282      1281      1478      1722      1556      1554        13
      1974      1301      1302      1391      1386      1675      1714      1723      1713        13
      1975      1319      1318      1321      1320      1719      1544      1542      1550        13
      1976      1376      1377      1373      1297      1436      1504      1572      1569        13
      1977      1350      1349      1300      1351      1724      1428      1429      1673        13
      1978      1132      1133      1270      1269      1479      1658      1722      1478        13
      1979      1383      1382      1150      1151      1712      1614      1590      1588        13
      1980      1355      1281      1328      1318      1691      1554      1545      1544        13
      1981      1298      1297      1186      1187      1581      1569      1570      1708        13
      1982      1221      1376      1297      1298      1402      1436      1569      1581        13
      1983      1311      1312      1355      1356      1587      1477      1691      1718        13
      1984      1152      1153      1173      1172      1589      1573      1476      1586        13
      1985      1328      1327      1289      1290      1545      1555      1731      1543        13
      1986      1187      1186      1189      1188      1708      1570      1627      1618        13
      1987      1358      1378      1256      1299      1431      1621      1622      1430        13
      1988      1384      1301      1386      1387      1674      1675      1713      1711        13
      1989      1130      1368      1390      1133      1450      1451      1733      1658        13
      1990      1386      1391      1365      1382      1713      1723      1416      1614        13
      1991      1284      1285      1138      1139      1735      1706      1563      1654        13
      1992      1276      1223      1224      1338      1651      1683      1495      1492        13
      1993      1341      1187      1188      1342      1707      1708      1618      1615        13
      1994      1290      1289      1291      1259      1543      1731      1638      1474        13
      1995      1285      1339      1363      1138      1706      1619      1432      1563        13
      1996      1324      1325      1364      1345      1434      1475      1419      1705        13
      1997      1302      1257      1345      1391      1714      1635      1705      1723        13
      1998      1391      1345      1364      1365      1723      1705      1419      1416        13
      1999      1120      1121      1285      1284      1693      1443      1706      1735        13
      2000      1299      1256      1257      1302      1430      1622      1635      1714        13
      2001      1150      1295      1131      1153      1590      1417      1574      1573        13
      2002      1402      1403      1437      1436      1750      1753      1752      1751        13
      2003      1437      1474      1638      1505      1752      1760      1759      1758        13
      2004      1635      1433      1434      1705      1773      1776      1775      1774        13
      2005      1714      1430      1622      1635      1777      1779      1778      1773        13
      2006      1545      1554      1556      1555      1783      1786      1785      1784        13
      2007      1416      1723      1705      1419      1787      1789      1774      1788        13
      2008      1675      1429      1430      1714      1798      1799      1779      1777        13
      2009      1495      1683      1697      1696      1804      1807      1806      1805        13
      2010      1706      1443      1444      1619      1818      1821      1820      1819        13
      2011      1708      1581      1569      1570      1822      1825      1824      1823        13
      2012      1713      1675      1714      1723      1832      1798      1777      1789        13
      2013      1494      1495      1696      1467      1837      1804      1805      1838        13
      2014      1478      1479      1658      1722      1839      1842      1841      1840        13
      2015      1473      1542      1543      1474      1849      1851      1850      1760        13
      2016      1589      1588      1590      1573      1852      1855      1854      1853        13
      2017      1711      1674      1675      1713      1865      1866      1798      1832        13
      2018      1615      1707      1708      1618      1884      1885      1822      1864        13
      2019      1433      1432      1435      1434      1776      1928      1927      1775        13
      2020      1654      1735      1706      1563      1937      1939      1818      1938        13
      2021      1651      1652      1684      1683      1945      1947      1946      1807        13
      2022      1445      1585      1652      1651      1979      1980      1947      1945        13
      2023      1465      1451      1452      1468      1984      1987      1986      1985        13
      2024      1492      1651      1683      1495      1992      1945      1807      1804        13
      2025      1563      1706      1619      1432      1938      1818      1819      1928        13
      2026      1551      1550      1542      1473      1993      1994      1851      1849        13
      2027      1475      1452      1418      1419      1999      1986      2000      1788        13
      2028      1735      1693      1443      1706      1939      2001      1821      1818        13
      2029      1468      1452      1475      1536      1985      1986      1999      2004        13
      2030      1435      1493      1494      1536      1927      2006      1837      2004        13
      2031      1543      1545      1555      1731      1850      1783      1784      2008        13
      2032      1587      1586      1476      1477      2009      2012      2011      2010        13
      2033      1658      1450      1451      1733      1841      2014      1987      2013        13
      2034      1432      1619      1493      1435      1928      1819      2006      1927        13
      2035      1674      1673      1429      1675      1866      2018      1799      1798        13
      2036      1622      1564      1433      1635      1778      2022      1776      1773        13
      2037      1705      1434      1475      1419      1774      1775      1999      1788        13
      2038      1429      1428      1431      1430      1799      2026      2025      1779        13
      2039      1719      1718      1691      1544      2029      2032      2031      2030        13
      2040      1434      1435      1536      1475      1775      1927      2004      1999        13
      2041      1586      1589      1573      1476      2012      1852      1853      2011        13
      2042      1467      1468      1536      1494      1838      1985      2004      1837        13
      2043      1581      1402      1436      1569      1825      1750      1751      1824        13
      2044      1451      1450      1418      1452      1987      2014      2000      1986        13
      2045      1430      1431      1621      1622      1779      2025      2043      1778        13
      2046      1417      1416      1419      1418      2044      1787      1788      2000        13
      2047      1620      1654      1563      1564      2049      1937      1938      2022        13
      2048      1403      1473      1474      1437      1753      1849      1760      1752        13
      2049      1590      1614      1416      1417      1854      2050      1787      2044        13
      2050      1436      1437      1505      1504      1751      1752      1758      2051        13
      2051      1474      1543      1731      1638      1760      1850      2008      1759        13
      2052      1580      1401      1402      1581      2053      2054      1750      1825        13
      2053      1614      1713      1723      1416      2050      1832      1789      1787        13
      2054      1476      1573      1574      1479      2011      1853      2055      1842        13
      2055      1442      1584      1585      1445      2056      2057      1980      1979        13
      2056      1723      1714      1635      1705      1789      1777      1773      1774        13
      2057      1569      1436      1504      1572      1824      1751      2051      2058        13
      2058      1627      1570      1571      1630      1863      1823      2059      1991        13
      2059      1573      1590      1417      1574      1853      1854      2044      2055        13
      2060      1712      1711      1713      1614      2061      1865      1832      2050        13
      2061      1400      1551      1473      1403      2063      1993      1849      1753        13
      2062      1544      1691      1554      1545      2030      2031      1786      1783        13
      2063      1673      1724      1428      1429      2018      2066      2026      1799        13
      2064      1707      1580      1581      1708      1885      2053      1825      1822        13
      2065      1444      1445      1651      1492      1820      1979      1945      1992        13
      2066      1570      1569      1572      1571      1823      1824      2058      2059        13
      2067      1621      1620      1564      1622      2043      2049      2022      1778        13
      2068      1477      1476      1479      1478      2010      2011      1842      1839        13
      2069      1466      1465      1468      1467      2073      1984      1985      1838        13
      2070      1554      1478      1722      1556      1786      1839      1840      1785        13
      2071      1542      1544      1545      1543      1851      2030      1783      1850        13
      2072      1443      1442      1445      1444      1821      2056      1979      1820        13
      2073      1574      1417      1418      1450      2055      2044      2000      2014        13
      2074      1588      1712      1614      1590      1855      2061      2050      1854        13
      2075      1479      1574      1450      1658      1842      2055      2014      1841        13
      2076      1693      1692      1442      1443      2001      2074      2056      1821        13
      2077      1493      1492      1495      1494      2006      1992      1804      1837        13
      2078      1718      1587      1477      1691      2032      2009      2010      2031        13
      2079      1401      1400      1403      1402      2054      2063      1753      1750        13
      2080      1564      1563      1432      1433      2022      1938      1928      1776        13
      2081      1550      1719      1544      1542      1994      2029      2030      1851        13
      2082      1619      1444      1492      1493      1819      1820      1992      2006        13
      2083      1618      1708      1570      1627      1864      1822      1823      1863        13
      2084      1692      1698      1584      1442      2074      2075      2057      2056        13
      2085      1691      1477      1478      1554      2031      2010      1839      1786        13
      2086       898       894       908       912      1118      1121      1120      1119        13
      2087       777      5977       958       971      1130      1133      1132      1131        13
      2088       890       896       910       904      1138      1141      1140      1139        13
      2089       694       696       822       825      1150      1153      1152      1151        13
      2090       696       838       812       822      1153      1173      1172      1152        13
      2091       768       767       536       535      1186      1189      1188      1187        13
      2092       580       566      1090      1088      1218      1221      1220      1219        13
      2093      5976      5974       785      5972      1222      1225      1224      1223        13
      2094       882       886       900       896      1255      1257      1256      1141        13
      2095       772       771       580       579      1259      1261      1218      1260        13
      2096      5977      5936       776       958      1133      1270      1269      1132        13
      2097       579       580      1088       713      1260      1218      1219      1271        13
      2098      5970      5972       862       863      1274      1223      1276      1275        13
      2099      5936      5943       775       776      1270      1282      1281      1269        13
      2100       894       891       905       908      1121      1285      1284      1120        13
      2101      5882      5975       772       773      1289      1291      1259      1290        13
      2102       972       971       696       694      1295      1131      1153      1150        13
      2103       769       768       535       542      1297      1186      1187      1298        13
      2104       961       960       673       677      1299      1302      1301      1300        13
      2105       838       802       593       812      1173      1312      1311      1172        13
      2106       783      5988      5982      5983      1313      1316      1315      1314        13
      2107       555       556       712       612      1318      1321      1320      1319        13
      2108       782       781       867       868      1322      1325      1324      1323        13
      2109       566       542       816      1090      1221      1298      1326      1220        13
      2110      5937      5882       773       746      1327      1289      1290      1328        13
      2111       884       880       894       898      1329      1330      1121      1118        13
      2112       871       872       877       880      1338      1340      1339      1330        13
      2113       556       579       713       712      1321      1260      1271      1320        13
      2114       535       536      1102       817      1187      1188      1342      1341        13
      2115       891       890       904       905      1285      1138      1139      1284        13
      2116       542       535       817       816      1298      1187      1341      1326        13
      2117       867       875       886       882      1324      1345      1257      1255        13
      2118       680       677       790       789      1349      1300      1351      1350        13
      2119       784       782       868       872      1354      1322      1323      1340        13
      2120       530       555       612       528      1355      1318      1319      1356        13
      2121       773       772       579       556      1290      1259      1260      1321        13
      2122       968       961       677       680      1358      1299      1300      1349        13
      2123       958       776       802       838      1132      1269      1312      1173        13
      2124       868       867       882       876      1323      1324      1255      1363        13
      2125       775       746       555       530      1281      1328      1318      1355        13
      2126       780       778       972       964      1364      1366      1295      1365        13
      2127       779       783      5983      5979      1367      1313      1314      1368        13
      2128       746       773       556       555      1328      1290      1321      1318        13
      2129      5959      5947       768       769      1373      1374      1186      1297        13
      2130      5967      5935       770       771      1375      1377      1376      1261        13
      2131      5974      5988       784       785      1225      1316      1354      1224        13
      2132       914       900       961       968      1378      1256      1299      1358        13
      2133       697       694       825       614      1382      1150      1151      1383        13
      2134       802       530       528       593      1312      1355      1356      1311        13
      2135       677       673       714       790      1300      1301      1384      1351        13
      2136       776       775       530       802      1269      1281      1355      1312        13
      2137       971       958       838       696      1131      1132      1173      1153        13
      2138       862       871       880       884      1276      1338      1330      1329        13
      2139       863       862       884       888      1275      1276      1329      1385        13
      2140       900       886       960       961      1256      1257      1302      1299        13
      2141       700       697       614       715      1386      1382      1383      1387        13
      2142       896       900       914       910      1141      1256      1378      1140        13
      2143       880       877       891       894      1330      1339      1285      1121        13
      2144      5979      5986      5977       777      1368      1390      1133      1130        13
      2145       886       875       965       960      1257      1345      1391      1302        13
      2146      5947      5924       767       768      1374      1294      1189      1186        13
      2147       964       972       694       697      1365      1295      1150      1382        13
      2148       673       700       715       714      1301      1386      1387      1384        13
      2149       778       779      5979       777      1366      1367      1368      1130        13
      2150       785       784       872       871      1224      1354      1340      1338        13
      2151       877       876       890       891      1339      1363      1138      1285        13
      2152       782       784      5988       783      1322      1354      1316      1313        13
      2153      5972       785       871       862      1223      1224      1338      1276        13
      2154       770       769       542       566      1376      1297      1298      1221        13
      2155       778       777       971       972      1366      1130      1131      1295        13
      2156       875       780       964       965      1345      1364      1365      1391        13
      2157       888       884       898       902      1385      1329      1118      1396        13
      2158       781       782       783       779      1325      1322      1313      1367        13
      2159       876       882       896       890      1363      1255      1141      1138        13
      2160       965       964       697       700      1391      1365      1382      1386        13
      2161      5935      5959       769       770      1377      1373      1297      1376        13
      2162       771       770       566       580      1261      1376      1221      1218        13
      2163      5975      5967       771       772      1291      1375      1261      1259        13
      2164       960       965       700       673      1302      1391      1386      1301        13
      2165       778       780       781       779      1366      1364      1325      1367        13
      2166      5943      5937       746       775      1282      1327      1328      1281        13
      2167       872       868       876       877      1340      1323      1363      1339        13
      2168       781       780       875       867      1325      1364      1345      1324        13
      2169       902       898       912       916      1396      1118      1119      1399        13
      2170      2958      2959      2979      2978      3421      3424      3423      3422        13
      2171      2944      6104      6106      2945      3425      3428      3427      3426        13
      2172      3011      3013      3015      3016      3429      3432      3431      3430        13
      2173      2882      2942      2943      2870      3440      3443      3442      3441        13
      2174      2862      2938      2939      2864      3462      3465      3464      3463        13
      2175      3026      3028      3035      3033      3466      3469      3468      3467        13
      2176      2954      2955      2952      2953      3491      3494      3493      3492        13
      2177      2877      2940      2941      2883      3499      3502      3501      3500        13
      2178      2941      6091      6093      2942      3501      3506      3505      3443        13
      2179      3018      3016      3023      3025      3511      3430      3513      3512        13
      2180      2983      2945      2946      2982      3514      3426      3516      3515        13
      2181      2987      2862      2864      2988      3521      3462      3463      3522        13
      2182      3009      3008      3021      3019      3553      3556      3555      3554        13
      2183      2971      2956      3004      3003      3565      3568      3567      3566        13
      2184      3012      3009      3019      3017      3574      3553      3554      3575        13
      2185      2889      2982      2969      2986      3576      3515      3578      3577        13
      2186      3120      2883      2882      2899      3588      3500      3440      3589        13
      2187      2977      2870      2869      2965      3590      3441      3592      3591        13
      2188      3017      3019      3026      3024      3575      3554      3466      3594        13
      2189      2966      2983      2982      2889      3595      3514      3515      3576        13
      2190      2949      2950      2948      6082      3596      3599      3598      3597        13
      2191      2950      2953      2952      2948      3599      3492      3493      3598        13
      2192      2943      6105      6104      2944      3442      3612      3428      3425        13
      2193      2963      2964      2898      2990      3617      3620      3619      3618        13
      2194      3020      3018      3025      3027      3621      3511      3512      3622        13
      2195      2870      2943      2944      2869      3441      3442      3425      3592        13
      2196      3023      3022      3029      3030      3513      3634      3633      3632        13
      2197      6082      2948      6085      6084      3597      3598      3636      3635        13
      2198      2948      2952      6086      6085      3598      3493      3644      3636        13
      2199      3027      3034      3061      3057      3622      3652      3651      3650        13
      2200      2869      2944      2945      2983      3592      3425      3426      3514        13
      2201      2942      6093      6105      2943      3443      3505      3612      3442        13
      2202      3016      3015      3022      3023      3430      3431      3634      3513        13
      2203      2954      3014      3059      3060      3491      3676      3675      3674        13
      2204      2940      6101      6091      2941      3502      3677      3506      3501        13
      2205      3058      3057      2958      2956      3687      3650      3421      3568        13
      2206      3013      3012      3017      3015      3432      3574      3575      3431        13
      2207      2952      2955      2947      6086      3493      3494      3707      3644        13
      2208      6089      6081      6088      2951      3708      3711      3710      3709        13
      2209      6087      6092      3056      2946      3712      3714      3713      3516        13
      2210      3022      3024      3031      3029      3634      3594      3715      3633        13
      2211      6110      6100      2938      2937      3531      3716      3465      3525        13
      2212      3063      3060      2964      2963      3718      3674      3620      3617        13
      2213      6082      6089      2951      2949      3597      3708      3709      3596        13
      2214      2969      2970      2989      2986      3578      3724      3723      3577        13
      2215      3057      3061      2959      2958      3650      3651      3424      3421        13
      2216      3059      3058      2956      2971      3675      3687      3568      3565        13
      2217      3015      3017      3024      3022      3431      3575      3594      3634        13
      2218      2955      2954      3060      3063      3494      3491      3674      3718        13
      2219      3056      6092      2947      3062      3713      3714      3707      3729        13
      2220      2988      2864      2877      3121      3522      3463      3499      3731        13
      2221      3121      2877      2883      3120      3731      3499      3500      3588        13
      2222      2949      2951      3012      3013      3596      3709      3574      3432        13
      2223      2937      2938      2862      2863      3525      3465      3462      3524        13
      2224      2883      2941      2942      2882      3500      3501      3443      3440        13
      2225      3019      3021      3028      3026      3554      3555      3469      3466        13
      2226      2939      6095      6101      2940      3464      3736      3677      3502        13
      2227      3025      3023      3030      3032      3512      3513      3632      3738        13
      2228      3127      2863      2862      2987      3671      3524      3462      3521        13
      2229      6083      6086      2947      6092      3740      3644      3707      3714        13
      2230      2899      2882      2870      2977      3589      3440      3441      3590        13
      2231      2946      3056      2969      2982      3516      3713      3578      3515        13
      2232      2956      2958      2978      3004      3568      3421      3422      3567        13
      2233      3027      3025      3032      3034      3622      3512      3738      3652        13
      2234      2954      2953      3010      3014      3491      3492      3745      3676        13
      2235      3024      3026      3033      3031      3594      3466      3467      3715        13
      2236      3010      3011      3016      3018      3745      3429      3430      3511        13
      2237      3014      3020      3058      3059      3676      3621      3687      3675        13
      2238      3060      3059      2971      2964      3674      3675      3565      3620        13
      2239      2864      2939      2940      2877      3463      3464      3502      3499        13
      2240      2938      6100      6095      2939      3465      3716      3736      3464        13
      2241      2953      2950      3011      3010      3492      3599      3429      3745        13
      2242      2950      2949      3013      3011      3599      3596      3432      3429        13
      2243      2970      2963      2990      2989      3724      3617      3618      3723        13
      2244      3020      3027      3057      3058      3621      3622      3650      3687        13
      2245      6088      6090      3008      3009      3710      3746      3556      3553        13
      2246      3014      3010      3018      3020      3676      3745      3511      3621        13
      2247      3056      3062      2970      2969      3713      3729      3724      3578        13
      2248      2965      2869      2983      2966      3591      3592      3514      3595        13
      2249      3062      3063      2963      2970      3729      3718      3617      3724        13
      2250      3062      2947      2955      3063      3729      3707      3494      3718        13
      2251      2945      6106      6087      2946      3426      3427      3712      3516        13
      2252      2964      2971      3003      2898      3620      3565      3566      3619        13
      2253      2951      6088      3009      3012      3709      3710      3553      3574        13
      2254      3430      3429      3432      3431      3747      3750      3749      3748        13
      2255      3723      3724      3617      3618      3751      3754      3753      3752        13
      2256      3596      3597      3708      3709      3755      3758      3757      3756        13
      2257      3515      3516      3713      3578      3759      3762      3761      3760        13
      2258      3592      3441      3442      3425      3783      3786      3785      3784        13
      2259      3466      3554      3555      3469      3790      3793      3792      3791        13
      2260      3512      3511      3430      3513      3817      3819      3747      3818        13
      2261      3588      3731      3499      3500      3849      3852      3851      3850        13
      2262      3709      3708      3711      3710      3756      3757      3862      3861        13
      2263      3425      3442      3612      3428      3784      3785      3887      3886        13
      2264      3729      3713      3714      3707      3889      3761      3891      3890        13
      2265      3568      3687      3650      3421      3899      3902      3901      3900        13
      2266      3574      3709      3710      3553      3912      3756      3861      3913        13
      2267      3522      3521      3462      3463      3914      3917      3916      3915        13
      2268      3619      3620      3565      3566      3919      3922      3921      3920        13
      2269      3514      3592      3425      3426      3923      3783      3784      3924        13
      2270      3595      3591      3592      3514      3935      3936      3783      3923        13
      2271      3598      3599      3492      3493      3937      3940      3939      3938        13
      2272      3515      3514      3426      3516      3759      3923      3924      3762        13
      2273      3500      3499      3502      3501      3850      3851      3949      3948        13
      2274      3715      3594      3466      3467      3956      3958      3790      3957        13
      2275      3426      3425      3428      3427      3924      3784      3886      3963        13
      2276      3724      3729      3718      3617      3754      3889      3966      3753        13
      2277      3443      3501      3506      3505      3971      3948      3973      3972        13
      2278      3633      3634      3594      3715      3974      3975      3958      3956        13
      2279      3566      3565      3568      3567      3920      3921      3899      3983        13
      2280      3464      3465      3716      3736      3984      3987      3986      3985        13
      2281      3652      3622      3512      3738      3995      3997      3817      3996        13
      2282      3553      3710      3746      3556      3913      3861      3999      3998        13
      2283      3591      3590      3441      3592      3936      4006      3786      3783        13
      2284      3617      3718      3674      3620      3753      3966      4011      3922        13
      2285      3421      3650      3651      3424      3900      3901      4013      4012        13
      2286      3675      3676      3621      3687      4017      4019      4018      3902        13
      2287      3499      3463      3464      3502      3851      3915      3984      3949        13
      2288      3463      3462      3465      3464      3915      3916      3987      3984        13
      2289      3589      3588      3500      3440      4022      3849      3850      4023        13
      2290      3511      3745      3429      3430      3819      4024      3750      3747        13
      2291      3650      3622      3652      3651      3901      3997      3995      4013        13
      2292      3525      3531      3716      3465      4009      4010      3986      3987        13
      2293      3521      3671      3524      3462      3917      4036      4035      3916        13
      2294      3634      3431      3575      3594      3975      3748      4039      3958        13
      2295      3636      3598      3493      3644      4046      3937      3938      4047        13
      2296      3622      3621      3511      3512      3997      4018      3819      3817        13
      2297      3718      3494      3491      3674      3966      4052      4051      4011        13
      2298      3442      3443      3505      3612      3785      3971      3972      3887        13
      2299      3644      3493      3494      3707      4047      3938      4052      3890        13
      2300      3432      3596      3709      3574      3749      3755      3756      3912        13
      2301      3618      3617      3620      3619      3752      3753      3922      3919        13
      2302      3597      3596      3599      3598      3758      3755      3940      3937        13
      2303      3501      3502      3677      3506      3948      3949      4064      3973        13
      2304      3567      3568      3421      3422      3983      3899      3900      4065        13
      2305      3738      3512      3513      3632      3996      3817      3818      4066        13
      2306      3575      3574      3553      3554      4039      3912      3913      3793        13
      2307      3632      3513      3634      3633      4066      3818      3975      3974        13
      2308      3635      3597      3598      3636      4069      3758      3937      4046        13
      2309      3621      3676      3745      3511      4018      4019      4024      3819        13
      2310      3565      3675      3687      3568      3921      4017      3902      3899        13
      2311      3502      3464      3736      3677      3949      3984      3985      4064        13
      2312      3429      3599      3596      3432      3750      3940      3755      3749        13
      2313      3731      3522      3463      3499      3852      3914      3915      3851        13
      2314      3513      3430      3431      3634      3818      3747      3748      3975        13
      2315      3577      3578      3724      3723      4073      3760      3754      3751        13
      2316      3431      3432      3574      3575      3748      3749      3912      4039        13
      2317      3441      3440      3443      3442      3786      4023      3971      3785        13
      2318      3516      3712      3714      3713      3762      4075      3891      3761        13
      2319      3576      3595      3514      3515      4076      3935      3923      3759        13
      2320      3467      3466      3469      3468      3957      3790      3791      4077        13
      2321      3577      3576      3515      3578      4073      4076      3759      3760        13
      2322      3440      3500      3501      3443      4023      3850      3948      3971        13
      2323      3745      3492      3599      3429      4024      3939      3940      3750        13
      2324      3718      3729      3707      3494      3966      3889      3890      4052        13
      2325      3676      3491      3492      3745      4019      4051      3939      4024        13
      2326      3590      3589      3440      3441      4006      4022      4023      3786        13
      2327      3524      3525      3465      3462      4035      4009      3987      3916        13
      2328      3492      3491      3494      3493      3939      4051      4052      3938        13
      2329      3516      3426      3427      3712      3762      3924      3963      4075        13
      2330      3554      3553      3556      3555      3793      3913      3998      3792        13
      2331      3687      3621      3622      3650      3902      4018      3997      3901        13
      2332      3422      3421      3424      3423      4065      3900      4012      4081        13
      2333      3674      3491      3676      3675      4011      4051      4019      4017        13
      2334      3714      3740      3644      3707      3891      4084      4047      3890        13
      2335      3620      3674      3675      3565      3922      4011      4017      3921        13
      2336      3594      3575      3554      3466      3958      4039      3793      3790        13
      2337      3578      3713      3729      3724      3760      3761      3889      3754        13
      2338      3009      3019      3021      3008       865       885       889       864        13
      2339      3019      3026      3028      3021       885       899       903       889        13
      2340      3026      3033      3035      3028       899       913       917       903        13
      2341       865       885       889       864      3286      3296      3285      3304        13
      2342       885       899       903       889      3296      3302      3133      3285        13
      2343       899       913       917       903      3302      3309      3404      3133        13
      2344      3304      3286      3296      3285      5328      5330      5332      5334        13
      2345      5328      5330      5332      5334      5329      5331      5333      5335        13
      2346      5329      5331      5333      5335       863       862       884       888        13
      2347      3133      3302      3309      3404      5336      5338      5340      5342        13
      2348      5336      5338      5340      5342      5337      5339      5341      5343        13
      2349      5337      5339      5341      5343       902       898       912       916        13
      2350      3285      3296      3302      3133      5334      5332      5338      5336        13
      2351      5334      5332      5338      5336      5335      5333      5339      5337        13
      2352      5335      5333      5339      5337       888       884       898       902        13
      2353      3012      3017      3019      3009       870       881       885       865        13
      2354      3017      3024      3026      3019       881       895       899       885        13
      2355      3024      3031      3033      3026       895       909       913       899        13
      2356       870       881       885       865      3289      3294      3296      3286        13
      2357       881       895       899       885      3294      3300      3302      3296        13
      2358       895       909       913       899      3300      3307      3309      3302        13
      2359      3289      3294      3296      3286      5344      5346      5332      5330        13
      2360      5344      5346      5332      5330      5345      5347      5333      5331        13
      2361      5345      5347      5333      5331       871       880       884       862        13
      2362      3294      3300      3302      3296      5346      5348      5338      5332        13
      2363      5346      5348      5338      5332      5347      5349      5339      5333        13
      2364      5347      5349      5339      5333       880       894       898       884        13
      2365      3300      3307      3309      3302      5348      5350      5340      5338        13
      2366      5348      5350      5340      5338      5349      5351      5341      5339        13
      2367      5349      5351      5341      5339       894       908       912       898        13
      2368      3022      3029      3031      3024       892       906       909       895        13
      2369      3023      3030      3029      3022       893       907       906       892        13
      2370      3015      3022      3024      3017       878       892       895       881        13
      2371      3016      3023      3022      3015       879       893       892       878        13
      2372      3013      3015      3017      3012       873       878       881       870        13
      2373      3011      3016      3015      3013       869       879       878       873        13
      2374       879       893       892       878      3293      3299      3298      3292        13
      2375       878       892       895       881      3292      3298      3300      3294        13
      2376       893       907       906       892      3299      3306      3305      3298        13
      2377       892       906       909       895      3298      3305      3307      3300        13
      2378      3293      3299      3298      3292      5352      5354      5356      5358        13
      2379      5352      5354      5356      5358      5353      5355      5357      5359        13
      2380      5353      5355      5357      5359       876       890       891       877        13
      2381      3292      3298      3300      3294      5358      5356      5348      5346        13
      2382      5358      5356      5348      5346      5359      5357      5349      5347        13
      2383      5359      5357      5349      5347       877       891       894       880        13
      2384      3299      3306      3305      3298      5354      5360      5362      5356        13
      2385      5354      5360      5362      5356      5355      5361      5363      5357        13
      2386      5355      5361      5363      5357       890       904       905       891        13
      2387      3298      3305      3307      3300      5356      5362      5350      5348        13
      2388      5356      5362      5350      5348      5357      5363      5351      5349        13
      2389      5357      5363      5351      5349       891       905       908       894        13
      2390       869       879       878       873      3288      3293      3292      3290        13
      2391       873       878       881       870      3290      3292      3294      3289        13
      2392      3288      3293      3292      3290      5364      5352      5358      5366        13
      2393      5364      5352      5358      5366      5365      5353      5359      5367        13
      2394      5365      5353      5359      5367       868       876       877       872        13
      2395      3290      3292      3294      3289      5366      5358      5346      5344        13
      2396      5366      5358      5346      5344      5367      5359      5347      5345        13
      2397      5367      5359      5347      5345       872       877       880       871        13
      2398      3010      3018      3016      3011       866       883       879       869        13
      2399      3018      3025      3023      3016       883       897       893       879        13
      2400      3025      3032      3030      3023       897       911       907       893        13
      2401       866       883       879       869      3287      3295      3293      3288        13
      2402       883       897       893       879      3295      3301      3299      3293        13
      2403       897       911       907       893      3301      3308      3306      3299        13
      2404      3287      3295      3293      3288      5368      5370      5352      5364        13
      2405      5368      5370      5352      5364      5369      5371      5353      5365        13
      2406      5369      5371      5353      5365       867       882       876       868        13
      2407      3295      3301      3299      3293      5370      5372      5354      5352        13
      2408      5370      5372      5354      5352      5371      5373      5355      5353        13
      2409      5371      5373      5355      5353       882       896       890       876        13
      2410      3301      3308      3306      3299      5372      5374      5360      5354        13
      2411      5372      5374      5360      5354      5373      5375      5361      5355        13
      2412      5373      5375      5361      5355       896       910       904       890        13
      2413      3014      3020      3018      3010       874       887       883       866        13
      2414      3020      3027      3025      3018       887       901       897       883        13
      2415      3027      3034      3032      3025       901       915       911       897        13
      2416       874       887       883       866      3291      3297      3295      3287        13
      2417       887       901       897       883      3297      3303      3301      3295        13
      2418       901       915       911       897      3303      3310      3308      3301        13
      2419      3291      3297      3295      3287      5376      5378      5370      5368        13
      2420      5376      5378      5370      5368      5377      5379      5371      5369        13
      2421      5377      5379      5371      5369       875       886       882       867        13
      2422      3297      3303      3301      3295      5378      5380      5372      5370        13
      2423      5378      5380      5372      5370      5379      5381      5373      5371        13
      2424      5379      5381      5373      5371       886       900       896       882        13
      2425      3303      3310      3308      3301      5380      5382      5374      5372        13
      2426      5380      5382      5374      5372      5381      5383      5375      5373        13
      2427      5381      5383      5375      5373       900       914       910       896        13
      2428      3014      3059      3058      3020       874       966       963       887        13
      2429       874       966       963       887      3291      3330      3329      3297        13
      2430      3291      3330      3329      3297      5376      5384      5386      5378        13
      2431      5376      5384      5386      5378      5377      5385      5387      5379        13
      2432      5377      5385      5387      5379       875       965       960       886        13
      2433      3020      3058      3057      3027       887       963       962       901        13
      2434      3027      3057      3061      3034       901       962       969       915        13
      2435       887       963       962       901      3297      3329      3328      3303        13
      2436       901       962       969       915      3303      3328      3332      3310        13
      2437      3297      3329      3328      3303      5378      5386      5388      5380        13
      2438      5378      5386      5388      5380      5379      5387      5389      5381        13
      2439      5379      5387      5389      5381       886       960       961       900        13
      2440      3303      3328      3332      3310      5380      5388      5390      5382        13
      2441      5380      5388      5390      5382      5381      5389      5391      5383        13
      2442      5381      5389      5391      5383       900       961       968       914        13
      2443      3059      2971      2956      3058       966       699       674       963        13
      2444       966       699       674       963      3330      3248      3233      3329        13
      2445      3330      3248      3233      3329      5384      5392      5394      5386        13
      2446      5384      5392      5394      5386      5385      5393      5395      5387        13
      2447      5385      5393      5395      5387       965       700       673       960        13
      2448      3058      2956      2958      3057       963       674       678       962        13
      2449      3057      2958      2959      3061       962       678       679       969        13
      2450       963       674       678       962      3329      3233      3235      3328        13
      2451       962       678       679       969      3328      3235      3236      3332        13
      2452      3329      3233      3235      3328      5386      5394      5396      5388        13
      2453      5386      5394      5396      5388      5387      5395      5397      5389        13
      2454      5387      5395      5397      5389       960       673       677       961        13
      2455      3328      3235      3236      3332      5388      5396      5398      5390        13
      2456      5388      5396      5398      5390      5389      5397      5399      5391        13
      2457      5389      5397      5399      5391       961       677       680       968        13
      2458      2971      3003      3004      2956       699       850       851       674        13
      2459       699       850       851       674      3248      3280      3281      3233        13
      2460      3248      3280      3281      3233      5392      5400      5402      5394        13
      2461      5392      5400      5402      5394      5393      5401      5403      5395        13
      2462      5393      5401      5403      5395       700       715       714       673        13
      2463      2958      2978      2979      2959       678       791       792       679        13
      2464      2956      3004      2978      2958       674       851       791       678        13
      2465       678       791       792       679      3235      3255      3256      3236        13
      2466       674       851       791       678      3233      3281      3255      3235        13
      2467      3235      3255      3256      3236      5396      5404      5406      5398        13
      2468      5396      5404      5406      5398      5397      5405      5407      5399        13
      2469      5397      5405      5407      5399       677       790       789       680        13
      2470      3233      3281      3255      3235      5394      5402      5404      5396        13
      2471      5394      5402      5404      5396      5395      5403      5405      5397        13
      2472      5395      5403      5405      5397       673       714       790       677        13
      2473       578       557       711       615      2882      2870      2977      2899        13
      2474       657       658       557       578      2942      2943      2870      2882        13
      2475      3159      3147      3254      3176       578       557       711       615        13
      2476      3219      3220      3147      3159       657       658       557       578        13
      2477       557       554       688       711      2870      2869      2965      2977        13
      2478       658       659       554       557      2943      2944      2869      2870        13
      2479      3147      3146      3242      3254       557       554       688       711        13
      2480      3220      3221      3146      3147       658       659       554       557        13
      2481       554       803       689       688      2869      2983      2966      2965        13
      2482       659       660       803       554      2944      2945      2983      2869        13
      2483      3146      3260      3243      3242       554       803       689       688        13
      2484      3221      3222      3260      3146       659       660       803       554        13
      2485       803       801       592       689      2983      2982      2889      2966        13
      2486       660       661       801       803      2945      2946      2982      2983        13
      2487      3260      3259      3166      3243       803       801       592       689        13
      2488      3222      3223      3259      3260       660       661       801       803        13
      2489       801       839       813       592      2982      2969      2986      2889        13
      2490      3259      3246      3263      3166       801       839       813       592        13
      2491       838       812       593       802      5408      5410      5412      5414        13
      2492      5408      5410      5412      5414      5409      5411      5413      5415        13
      2493      5409      5411      5413      5415      3246      3263      3166      3259        13
      2494      3241      3175      3280      3248      5416      5418      5400      5392        13
      2495      5416      5418      5400      5392      5417      5419      5401      5393        13
      2496      5417      5419      5401      5393       697       614       715       700        13
      2497       698       613       850       699      3241      3175      3280      3248        13
      2498      2964      2898      3003      2971       698       613       850       699        13
      2499      3240      3267      3175      3241      5420      5422      5418      5416        13
      2500      5420      5422      5418      5416      5421      5423      5419      5417        13
      2501      5421      5423      5419      5417       694       825       614       697        13
      2502       687       824       613       698      3240      3267      3175      3241        13
      2503      2963      2990      2898      2964       687       824       613       698        13
      2504      3246      3263      3266      3247      5409      5411      5424      5426        13
      2505      5409      5411      5424      5426      5408      5410      5425      5427        13
      2506      5408      5410      5425      5427       838       812       822       696        13
      2507      3247      3266      3267      3240      5426      5424      5422      5420        13
      2508      5426      5424      5422      5420      5427      5425      5423      5421        13
      2509      5427      5425      5423      5421       696       822       825       694        13
      2510       839       813       823       695      3246      3263      3266      3247        13
      2511       695       823       824       687      3247      3266      3267      3240        13
      2512      2969      2986      2989      2970       839       813       823       695        13
      2513      2970      2989      2990      2963       695       823       824       687        13
      2514      3331      3241      3248      3330      5428      5416      5392      5384        13
      2515      5428      5416      5392      5384      5429      5417      5393      5385        13
      2516      5429      5417      5393      5385       964       697       700       965        13
      2517       967       698       699       966      3331      3241      3248      3330        13
      2518      3060      2964      2971      3059       967       698       699       966        13
      2519      3334      3240      3241      3331      5430      5420      5416      5428        13
      2520      5430      5420      5416      5428      5431      5421      5417      5429        13
      2521      5431      5421      5417      5429       972       694       697       964        13
      2522       973       687       698       967      3334      3240      3241      3331        13
      2523      3063      2963      2964      3060       973       687       698       967        13
      2524      3327      3246      3247      3333      5432      5409      5426      5434        13
      2525      5432      5409      5426      5434      5433      5408      5427      5435        13
      2526      5433      5408      5427      5435       958       838       696       971        13
      2527      3333      3247      3240      3334      5434      5426      5420      5430        13
      2528      5434      5426      5420      5430      5435      5427      5421      5431        13
      2529      5435      5427      5421      5431       971       696       694       972        13
      2530       959       839       695       970      3327      3246      3247      3333        13
      2531       970       695       687       973      3333      3247      3240      3334        13
      2532      3056      2969      2970      3062       959       839       695       970        13
      2533      3062      2970      2963      3063       970       695       687       973        13
      2534      3223      3259      3246      3327      5436      5415      5409      5432        13
      2535      5436      5415      5409      5432      5437      5414      5408      5433        13
      2536      5437      5414      5408      5433       776       802       838       958        13
      2537       661       801       839       959      3223      3259      3246      3327        13
      2538      2946      2982      2969      3056       661       801       839       959        13
      2539       802       593       528       530      5414      5412      5438      5440        13
      2540      5414      5412      5438      5440      5415      5413      5439      5441        13
      2541      5415      5413      5439      5441      3259      3166      3243      3260        13
      2542       530       528       612       555      5440      5438      5442      5444        13
      2543      5440      5438      5442      5444      5441      5439      5443      5445        13
      2544      5441      5439      5443      5445      3260      3243      3242      3146        13
      2545       555       612       712       556      5444      5442      5446      5448        13
      2546      5444      5442      5446      5448      5445      5443      5447      5449        13
      2547      5445      5443      5447      5449      3146      3242      3254      3147        13
      2548       746       555       556       773      5450      5444      5448      5452        13
      2549      5450      5444      5448      5452      5451      5445      5449      5453        13
      2550      5451      5445      5449      5453      3221      3146      3147      3220        13
      2551       775       530       555       746      5454      5440      5444      5450        13
      2552      5454      5440      5444      5450      5455      5441      5445      5451        13
      2553      5455      5441      5445      5451      3222      3260      3146      3221        13
      2554       776       802       530       775      5437      5414      5440      5454        13
      2555      5437      5414      5440      5454      5436      5415      5441      5455        13
      2556      5436      5415      5441      5455      3223      3259      3260      3222        13
      2557      3159      3176      3254      3147      5456      5458      5447      5449        13
      2558      5456      5458      5447      5449      5457      5459      5446      5448        13
      2559      5457      5459      5446      5448       579       713       712       556        13
      2560      3219      3159      3147      3220      5460      5456      5449      5453        13
      2561      5460      5456      5449      5453      5461      5457      5448      5452        13
      2562      5461      5457      5448      5452       772       579       556       773        13
      2563      3154      3392      3391      3160      5462      5464      5466      5468        13
      2564      5462      5464      5466      5468      5463      5465      5467      5469        13
      2565      5463      5465      5467      5469       566      1090      1088       580        13
      2566      3217      3154      3160      3218      5470      5462      5468      5472        13
      2567      5470      5462      5468      5472      5471      5463      5469      5473        13
      2568      5471      5463      5469      5473       770       566       580       771        13
      2569      3160      3391      3176      3159      5468      5466      5458      5456        13
      2570      5468      5466      5458      5456      5469      5467      5459      5457        13
      2571      5469      5467      5459      5457       580      1088       713       579        13
      2572      3218      3160      3159      3219      5472      5468      5456      5460        13
      2573      5472      5468      5456      5460      5473      5469      5457      5461        13
      2574      5473      5469      5457      5461       771       580       579       772        13
      2575       567       581      1089      1091      2877      2883      3120      3121        13
      2576       581       578       615      1089      2883      2882      2899      3120        13
      2577       543       567      1091       815      2864      2877      3121      2988        13
      2578      3154      3160      3391      3392       567       581      1089      1091        13
      2579      3160      3159      3176      3391       581       578       615      1089        13
      2580      3141      3154      3392      3265       543       567      1091       815        13
      2581       656       657       578       581      2941      2942      2882      2883        13
      2582       655       656       581       567      2940      2941      2883      2877        13
      2583       654       655       567       543      2939      2940      2877      2864        13
      2584      3218      3219      3159      3160       656       657       578       581        13
      2585      3217      3218      3160      3154       655       656       581       567        13
      2586      3216      3217      3154      3141       654       655       567       543        13
      2587       534       543       815       814      2862      2864      2988      2987        13
      2588       653       654       543       534      2938      2939      2864      2862        13
      2589      3139      3141      3265      3264       534       543       815       814        13
      2590      3215      3216      3141      3139       653       654       543       534        13
      2591       566      1090       816       542      5463      5465      5474      5476        13
      2592      5463      5465      5474      5476      5462      5464      5475      5477        13
      2593      5462      5464      5475      5477      3154      3392      3265      3141        13
      2594       542       816       817       535      5476      5474      5478      5480        13
      2595      5476      5474      5478      5480      5477      5475      5479      5481        13
      2596      5477      5475      5479      5481      3141      3265      3264      3139        13
      2597       770       566       542       769      5471      5463      5476      5482        13
      2598      5471      5463      5476      5482      5470      5462      5477      5483        13
      2599      5470      5462      5477      5483      3217      3154      3141      3216        13
      2600       769       542       535       768      5482      5476      5480      5484        13
      2601      5482      5476      5480      5484      5483      5477      5481      5485        13
      2602      5483      5477      5481      5485      3216      3141      3139      3215        13
      2603       537       534       814      1103      2863      2862      2987      3127        13
      2604      3140      3139      3264      3398       537       534       814      1103        13
      2605      3140      3398      3264      3139      5262      5260      5479      5481        13
      2606      5262      5260      5479      5481      5263      5261      5478      5480        13
      2607      5263      5261      5478      5480       536      1102       817       535        13
      2608      1219      1271      1551      1400      4093      4096      4095      4094        13
      2609      3522      3521      3917      3914      4109      4112      4111      4110        13
      2610      3003      2898      3619      3566      4113      4116      4115      4114        13
      2611      3120      3121      3731      3588      4121      4124      4123      4122        13
      2612      1580      1401      2054      2053      4133      4136      4135      4134        13
      2613      1551      1550      1994      1993      4095      4163      4162      4161        13
      2614      1588      1712      2061      1855      4176      4179      4178      4177        13
      2615      3731      3522      3914      3852      4123      4109      4110      4184        13
      2616      1586      1589      1852      2012      4185      4188      4187      4186        13
      2617      1719      1718      2032      2029      4189      4192      4191      4190        13
      2618      2966      2965      3591      3595      4193      4196      4195      4194        13
      2619      2965      2977      3590      3591      4196      4218      4217      4195        13
      2620       812       822      1152      1172      4219      4222      4221      4220        13
      2621      3619      3618      3752      3919      4115      4225      4224      4223        13
      2622       593       812      1172      1311      4253      4219      4220      4254        13
      2623      1673      1724      2066      2018      4255      4258      4257      4256        13
      2624       713       712      1320      1271      4259      4261      4260      4096        13
      2625      3280      3281      5402      5400      4273      4276      5486      5489        13
      2626      5400      5402      5403      5401      5489      5486      5487      5488        13
      2627      5401      5403       714       715      5488      5487      4275      4274        13
      2628       850       851      3281      3280      4284      4285      4276      4273        13
      2629      3588      3731      3852      3849      4122      4123      4184      4295        13
      2630      1718      1587      2009      2032      4192      4300      4299      4191        13
      2631      1351      1350      1724      1673      4313      4314      4258      4255        13
      2632      3255      3256      5406      5404      4315      4318      5490      5493        13
      2633      5404      5406      5407      5405      5493      5490      5491      5492        13
      2634      5405      5407       789       790      5492      5491      4317      4316        13
      2635      1400      1551      1993      2063      4094      4095      4161      4323        13
      2636      3595      3591      3936      3935      4194      4195      4334      4333        13
      2637      3618      3723      3751      3752      4225      4340      4339      4224        13
      2638       851       791      3255      3281      4285      4344      4315      4276        13
      2639      2889      2966      3595      3576      4345      4193      4194      4346        13
      2640      2977      2899      3589      3590      4218      4348      4347      4217        13
      2641      1172      1152      1589      1586      4220      4221      4188      4185        13
      2642       791       792      3256      3255      4344      4352      4318      4315        13
      2643      1615      1707      1885      1884      4279      4355      4354      4353        13
      2644      3577      3576      4076      4073      4357      4346      4359      4358        13
      2645      2978      2979       792       791      4360      4361      4352      4344        13
      2646      3590      3589      4022      4006      4217      4347      4372      4371        13
      2647      1311      1172      1586      1587      4254      4220      4185      4300        13
      2648      1102       817      1341      1342      4200      4383      4382      4199        13
      2649      1151      1383      1712      1588      4384      4385      4179      4176        13
      2650       822       825      1151      1152      4222      4386      4384      4221        13
      2651      1320      1319      1719      1550      4260      4387      4189      4163        13
      2652      2987      3127      3671      3521      4388      4390      4389      4112        13
      2653      1088       713      1271      1219      4397      4259      4096      4093        13
      2654       715       714      1384      1387      4274      4275      4399      4398        13
      2655      3521      3671      4036      3917      4112      4389      4400      4111        13
      2656      2978      3004      3567      3422      4360      4411      4410      4409        13
      2657      3723      3577      4073      3751      4340      4357      4358      4339        13
      2658      1383      1387      1711      1712      4385      4398      4414      4179        13
      2659      1326      1220      1401      1580      4417      4418      4136      4133        13
      2660      1550      1719      2029      1994      4163      4189      4190      4162        13
      2661       825       614      1383      1151      4386      4422      4385      4384        13
      2662      1090      1088      1219      1220      4423      4397      4093      4418        13
      2663      3004      2978       791       851      4411      4360      4344      4285        13
      2664      1342      1341      1707      1615      4199      4382      4355      4279        13
      2665       817       816      1326      1341      4383      4444      4417      4382        13
      2666      1152      1151      1588      1589      4221      4384      4176      4188        13
      2667      3589      3588      3849      4022      4347      4122      4295      4372        13
      2668      1707      1580      2053      1885      4355      4133      4134      4354        13
      2669      1271      1320      1550      1551      4096      4260      4163      4095        13
      2670      1712      1711      1865      2061      4179      4414      4454      4178        13
      2671      3121      2988      3522      3731      4124      4455      4109      4123        13
      2672      1587      1586      2012      2009      4300      4185      4186      4299        13
      2673       714       790      1351      1384      4275      4316      4313      4399        13
      2674      1319      1356      1718      1719      4387      4462      4192      4189        13
      2675      1356      1311      1587      1718      4462      4254      4300      4192        13
      2676      2989      2986      3577      3723      4470      4471      4357      4340        13
      2677      3423      3422      4065      4081      4472      4409      4474      4473        13
      2678       790       789      1350      1351      4316      4317      4314      4313        13
      2679      3003      3004       851       850      4113      4411      4285      4284        13
      2680       612       528      1356      1319      4478      4479      4462      4387        13
      2681      1589      1588      1855      1852      4188      4176      4177      4187        13
      2682      2898      2990      3618      3619      4116      4483      4225      4115        13
      2683      1384      1351      1673      1674      4399      4313      4255      4484        13
      2684      2988      2987      3521      3522      4455      4388      4112      4109        13
      2685      3004      3003      3566      3567      4411      4113      4114      4410        13
      2686      2979      2978      3422      3423      4361      4360      4409      4472        13
      2687      1711      1674      1866      1865      4414      4484      4486      4454        13
      2688      1674      1673      2018      1866      4484      4255      4256      4486        13
      2689      3591      3590      4006      3936      4195      4217      4371      4334        13
      2690      2899      3120      3588      3589      4348      4121      4122      4347        13
      2691      2986      2889      3576      3577      4471      4345      4346      4357        13
      2692       614       715      1387      1383      4422      4274      4398      4385        13
      2693      3281      3255      5404      5402      4276      4315      5493      5486        13
      2694      5402      5404      5405      5403      5486      5493      5492      5487        13
      2695      5403      5405       790       714      5487      5492      4316      4275        13
      2696      1220      1219      1400      1401      4418      4093      4094      4136        13
      2697      3567      3566      3920      3983      4410      4114      4497      4496        13
      2698      1401      1400      2063      2054      4136      4094      4323      4135        13
      2699      1341      1326      1580      1707      4382      4417      4133      4355        13
      2700      3422      3567      3983      4065      4409      4410      4496      4474        13
      2701       528       593      1311      1356      4479      4253      4254      4462        13
      2702      2990      2989      3723      3618      4483      4470      4340      4225        13
      2703       712       612      1319      1320      4261      4478      4387      4260        13
      2704       816      1090      1220      1326      4444      4423      4418      4417        13
      2705      3576      3595      3935      4076      4346      4194      4333      4359        13
      2706      3566      3619      3919      3920      4114      4115      4223      4497        13
      2707      1387      1384      1674      1711      4398      4399      4484      4414        13
      2708       711       615      2899      2977      4507      4508      4348      4218        13
      2709      2898      3003       850       613      4116      4113      4284      4519        13
      2710       593       528      5438      5412      4253      4479      5494      5497        13
      2711      5412      5438      5439      5413      5497      5494      5495      5496        13
      2712      5413      5439      3243      3166      5496      5495      4557      4556        13
      2713       689       688      2965      2966      4560      4561      4196      4193        13
      2714      3176      3391      1089       615      4572      4574      4573      4508        13
      2715       615      1089      3120      2899      4508      4573      4121      4348        13
      2716      3398      3264      5479      5260      4578      4579      5498      5292        13
      2717      5260      5479      5478      5261      5292      5498      5499      5293        13
      2718      5261      5478       817      1102      5293      5499      4383      4200        13
      2719       613       850      3280      3175      4519      4284      4273      4583        13
      2720       816       817      5478      5474      4444      4383      5499      5501        13
      2721      5474      5478      5479      5475      5501      5499      5498      5500        13
      2722      5475      5479      3264      3265      5500      5498      4579      4584        13
      2723      2986      2989       823       813      4471      4470      4591      4590        13
      2724      1091       815      2988      3121      4592      4593      4455      4124        13
      2725       592       689      2966      2889      4594      4560      4193      4345        13
      2726       813       592      2889      2986      4590      4594      4345      4471        13
      2727      3267      3175      5418      5422      4595      4583      5502      5505        13
      2728      5422      5418      5419      5423      5505      5502      5503      5504        13
      2729      5423      5419       614       825      5504      5503      4422      4386        13
      2730       824       613      3175      3267      4596      4519      4583      4595        13
      2731      3243      3242       688       689      4557      4598      4561      4560        13
      2732       812       593      5412      5410      4219      4253      5497      5507        13
      2733      5410      5412      5413      5411      5507      5497      5496      5506        13
      2734      5411      5413      3166      3263      5506      5496      4556      4599        13
      2735       823       824      3267      3266      4591      4596      4595      4600        13
      2736      3391      3176      5458      5466      4574      4572      5508      5511        13
      2737      5466      5458      5459      5467      5511      5508      5509      5510        13
      2738      5467      5459       713      1088      5510      5509      4259      4397        13
      2739      2989      2990       824       823      4470      4483      4596      4591        13
      2740      3391      3392      1091      1089      4574      4601      4592      4573        13
      2741      3392      3391      5466      5464      4601      4574      5511      5513        13
      2742      5464      5466      5467      5465      5513      5511      5510      5512        13
      2743      5465      5467      1088      1090      5512      5510      4397      4423        13
      2744       528       612      5442      5438      4479      4478      5514      5494        13
      2745      5438      5442      5443      5439      5494      5514      5515      5495        13
      2746      5439      5443      3242      3243      5495      5515      4598      4557        13
      2747      3264      3398      1103       814      4579      4578      4536      4605        13
      2748      2990      2898       613       824      4483      4116      4519      4596        13
      2749      3392      3265       815      1091      4601      4584      4593      4592        13
      2750      3263      3266      5424      5411      4599      4600      5516      5506        13
      2751      5411      5424      5425      5410      5506      5516      5517      5507        13
      2752      5410      5425       822       812      5507      5517      4222      4219        13
      2753      3265      3264       814       815      4584      4579      4605      4593        13
      2754      1089      1091      3121      3120      4573      4592      4124      4121        13
      2755       688       711      2977      2965      4561      4507      4218      4196        13
      2756      1090       816      5474      5465      4423      4444      5501      5512        13
      2757      5465      5474      5475      5464      5512      5501      5500      5513        13
      2758      5464      5475      3265      3392      5513      5500      4584      4601        13
      2759       813       823      3266      3263      4590      4591      4600      4599        13
      2760       612       712      5446      5442      4478      4261      5518      5514        13
      2761      5442      5446      5447      5443      5514      5518      5519      5515        13
      2762      5443      5447      3254      3242      5515      5519      4606      4598        13
      2763      3266      3267      5422      5424      4600      4595      5505      5516        13
      2764      5424      5422      5423      5425      5516      5505      5504      5517        13
      2765      5425      5423       825       822      5517      5504      4386      4222        13
      2766      3166      3243       689       592      4556      4557      4560      4594        13
      2767      3263      3166       592       813      4599      4556      4594      4590        13
      2768      3254      3176       615       711      4606      4572      4508      4507        13
      2769       815       814      2987      2988      4593      4605      4388      4455        13
      2770      3176      3254      5447      5458      4572      4606      5519      5508        13
      2771      5458      5447      5446      5459      5508      5519      5518      5509        13
      2772      5459      5446       712       713      5509      5518      4261      4259        13
      2773       814      1103      3127      2987      4605      4536      4390      4388        13
      2774      3242      3254       711       688      4598      4606      4507      4561        13
      2775      3175      3280      5400      5418      4583      4273      5489      5502        13
      2776      5418      5400      5401      5419      5502      5489      5488      5503        13
      2777      5419      5401       715       614      5503      5488      4274      4422        13
      2778      6110      2937      2938      6100      5925       652       653      5946        13
      2779      6048      3214      3215      6037      6173      5326      5485      6165        13
      2780      6173      5326      5485      6165      6174      5327      5484      6166        13
      2781      6174      5327      5484      6166      5924       767       768      5947        13
      2782      3214      3140      3139      3215      5326      5262      5481      5485        13
      2783      5326      5262      5481      5485      5327      5263      5480      5484        13
      2784      5327      5263      5480      5484       767       536       535       768        13
      2785      2937      2863      2862      2938       652       537       534       653        13
      2786      5959       769       768      5947      6164      5482      5484      6166        13
      2787      6164      5482      5484      6166      6163      5483      5485      6165        13
      2788      6163      5483      5485      6165      6032      3216      3215      6037        13
      2789      5935       770       769      5959      6160      5471      5482      6164        13
      2790      6160      5471      5482      6164      6159      5470      5483      6163        13
      2791      6159      5470      5483      6163      6038      3217      3216      6032        13
      2792      5946      5954       654       653      6100      6095      2939      2938        13
      2793      5954      5944       655       654      6095      6101      2940      2939        13
      2794      5944      5968       656       655      6101      6091      2941      2940        13
      2795      5968      5965       657       656      6091      6093      2942      2941        13
      2796      6026      3218      3219      6030      6161      5472      5460      6157        13
      2797      6161      5472      5460      6157      6162      5473      5461      6158        13
      2798      6162      5473      5461      6158      5967       771       772      5975        13
      2799      6038      3217      3218      6026      6159      5470      5472      6161        13
      2800      6159      5470      5472      6161      6160      5471      5473      6162        13
      2801      6160      5471      5473      6162      5935       770       771      5967        13
      2802      6030      3219      3220      6043      6157      5460      5453      6156        13
      2803      6157      5460      5453      6156      6158      5461      5452      6155        13
      2804      6158      5461      5452      6155      5975       772       773      5882        13
      2805      5965      5881       658       657      6093      6105      2943      2942        13
      2806      6088      3009      3008      6090      5973       865       864      5969        13
      2807      6025      6023      3286      3304      6130      6132      5330      5328        13
      2808      6130      6132      5330      5328      6129      6131      5331      5329        13
      2809      6129      6131      5331      5329      5970      5972       862       863        13
      2810      6089      2951      6088      6081      5971       666      5973      5990        13
      2811      2951      3012      3009      6088       666       870       865      5973        13
      2812      6024      3228      6023      6016      6136      5520      6132      6134        13
      2813      6136      5520      6132      6134      6135      5521      6131      6133        13
      2814      6135      5521      6131      6133      5974       785      5972      5976        13
      2815      3228      3289      3286      6023      5520      5344      5330      6132        13
      2816      5520      5344      5330      6132      5521      5345      5331      6131        13
      2817      5521      5345      5331      6131       785       871       862      5972        13
      2818      6082      6084      6085      2948      5989      5981      5980       663        13
      2819      2949      6082      2948      2950       664      5989       663       665        13
      2820      6082      2949      2951      6089      5989       664       666      5971        13
      2821      6017      6019      6020      3225      6138      6140      6143      5522        13
      2822      6138      6140      6143      5522      6137      6139      6144      5523        13
      2823      6137      6139      6144      5523      5988      5982      5983       783        13
      2824      3226      6017      3225      3227      5524      6138      5522      5526        13
      2825      5524      6138      5522      5526      5525      6137      5523      5527        13
      2826      5525      6137      5523      5527       784      5988       783       782        13
      2827      6017      3226      3228      6024      6138      5524      5520      6136        13
      2828      6138      5524      5520      6136      6137      5525      5521      6135        13
      2829      6137      5525      5521      6135      5988       784       785      5974        13
      2830      2950      3011      3013      2949       665       869       873       664        13
      2831      2949      3013      3012      2951       664       873       870       666        13
      2832      3226      3290      3289      3228      5524      5366      5344      5520        13
      2833      5524      5366      5344      5520      5525      5367      5345      5521        13
      2834      5525      5367      5345      5521       784       872       871       785        13
      2835      3227      3288      3290      3226      5526      5364      5366      5524        13
      2836      5526      5364      5366      5524      5527      5365      5367      5525        13
      2837      5527      5365      5367      5525       782       868       872       784        13
      2838      2948      6085      6086      2952       663      5980      5978       667        13
      2839      2950      2948      2952      2953       665       663       667       668        13
      2840      2953      3010      3011      2950       668       866       869       665        13
      2841      3225      6020      6021      3229      5522      6143      6141      5528        13
      2842      5522      6143      6141      5528      5523      6144      6142      5529        13
      2843      5523      6144      6142      5529       783      5983      5979       779        13
      2844      3227      3225      3229      3230      5526      5522      5528      5530        13
      2845      5526      5522      5528      5530      5527      5523      5529      5531        13
      2846      5527      5523      5529      5531       782       783       779       781        13
      2847      3230      3287      3288      3227      5530      5368      5364      5526        13
      2848      5530      5368      5364      5526      5531      5369      5365      5527        13
      2849      5531      5369      5365      5527       781       867       868       782        13
      2850      6083      6092      2947      6086      5987      5966       662      5978        13
      2851      2952      6086      2947      2955       667      5978       662       670        13
      2852      2954      2953      2952      2955       669       668       667       670        13
      2853      2954      3014      3010      2953       669       874       866       668        13
      2854      6018      6029      3224      6021      6146      6149      5532      6141        13
      2855      6146      6149      5532      6141      6145      6150      5533      6142        13
      2856      6145      6150      5533      6142      5986      5977       777      5979        13
      2857      3229      6021      3224      3232      5528      6141      5532      5534        13
      2858      5528      6141      5532      5534      5529      6142      5533      5535        13
      2859      5529      6142      5533      5535       779      5979       777       778        13
      2860      3231      3230      3229      3232      5536      5530      5528      5534        13
      2861      5536      5530      5528      5534      5537      5531      5529      5535        13
      2862      5537      5531      5529      5535       780       781       779       778        13
      2863      3231      3291      3287      3230      5536      5376      5368      5530        13
      2864      5536      5376      5368      5530      5537      5377      5369      5531        13
      2865      5537      5377      5369      5531       780       875       867       781        13
      2866      5937       746       773      5882      6154      5450      5452      6155        13
      2867      6154      5450      5452      6155      6153      5451      5453      6156        13
      2868      6153      5451      5453      6156      6042      3221      3220      6043        13
      2869      5943       775       746      5937      6151      5454      5450      6154        13
      2870      6151      5454      5450      6154      6152      5455      5451      6153        13
      2871      6152      5455      5451      6153      6044      3222      3221      6042        13
      2872      5936       776       775      5943      6148      5437      5454      6151        13
      2873      6148      5437      5454      6151      6147      5436      5455      6152        13
      2874      6147      5436      5455      6152      6022      3223      3222      6044        13
      2875      5881      5938       659       658      6105      6104      2944      2943        13
      2876      5938      5933       660       659      6104      6106      2945      2944        13
      2877      5933      5934       661       660      6106      6087      2946      2945        13
      2878      5977       958       776      5936      6150      5433      5437      6148        13
      2879      6150      5433      5437      6148      6149      5432      5436      6147        13
      2880      6149      5432      5436      6147      6029      3327      3223      6022        13
      2881      6087      2946      3056      6092      5934       661       959      5966        13
      2882      2954      3060      3059      3014       669       967       966       874        13
      2883      2955      3063      3060      2954       670       973       967       669        13
      2884      3231      3331      3330      3291      5536      5428      5384      5376        13
      2885      5536      5428      5384      5376      5537      5429      5385      5377        13
      2886      5537      5429      5385      5377       780       964       965       875        13
      2887      3232      3334      3331      3231      5534      5430      5428      5536        13
      2888      5534      5430      5428      5536      5535      5431      5429      5537        13
      2889      5535      5431      5429      5537       778       972       964       780        13
      2890       777       971       958      5977      5533      5435      5433      6150        13
      2891      5533      5435      5433      6150      5532      5434      5432      6149        13
      2892      5532      5434      5432      6149      3224      3333      3327      6029        13
      2893      5966       662       970       959      6092      2947      3062      3056        13
      2894       778       972       971       777      5535      5431      5435      5533        13
      2895      5535      5431      5435      5533      5534      5430      5434      5532        13
      2896      5534      5430      5434      5532      3232      3334      3333      3224        13
      2897       662       670       973       970      2947      2955      3063      3062        13
      2898      1265      1251      1252      1237      1408      1411      1410      1409        14
      2899      1128      1129      1196      1198      1412      1415      1414      1413        14
      2900      1258      1331      1360      1334      1420      1423      1422      1421        14
      2901      1268      1293      1211      1212      1438      1441      1440      1439        14
      2902      1145      1190      1192      1191      1446      1449      1448      1447        14
      2903      1308      1307      1162      1163      1453      1456      1455      1454        14
      2904      1167      1144      1200      1199      1457      1460      1459      1458        14
      2905      1288      1287      1143      1166      1461      1464      1463      1462        14
      2906      1394      1372      1155      1357      1469      1472      1471      1470        14
      2907      1348      1235      1208      1209      1480      1483      1482      1481        14
      2908      1171      1168      1287      1288      1484      1485      1464      1461        14
      2909      1296      1278      1277      1292      1486      1489      1488      1487        14
      2910      1163      1162      1165      1164      1454      1455      1491      1490        14
      2911      1226      1317      1332      1229      1496      1499      1498      1497        14
      2912      1250      1247      1193      1194      1500      1503      1502      1501        14
      2913      1267      1266      1146      1147      1506      1509      1508      1507        14
      2914      1233      1208      1235      1234      1514      1482      1483      1515        14
      2915      1344      1272      1278      1296      1516      1517      1489      1486        14
      2916      1212      1211      1213      1134      1439      1440      1519      1518        14
      2917      1343      1197      1193      1247      1520      1521      1502      1503        14
      2918      1156      1157      1206      1286      1522      1525      1524      1523        14
      2919      1229      1332      1201      1202      1497      1498      1535      1534        14
      2920      1182      1183      1331      1258      1538      1539      1423      1420        14
      2921      1237      1252      1160      1240      1409      1410      1541      1540        14
      2922      1114      1174      1175      1117      1546      1549      1548      1547        14
      2923      1168      1123      1124      1287      1485      1553      1552      1464        14
      2924      1236      1123      1168      1169      1557      1553      1485      1558        14
      2925      1244      1243      1246      1245      1559      1562      1561      1560        14
      2926      1335      1249      1250      1283      1575      1577      1500      1576        14
      2927      1123      1122      1125      1124      1553      1579      1578      1552        14
      2928      1174      1268      1212      1175      1549      1438      1439      1548        14
      2929      1372      1371      1154      1155      1472      1583      1582      1471        14
      2930      1125      1278      1272      1273      1578      1489      1517      1591        14
      2931      1395      1214      1126      1127      1593      1596      1595      1594        14
      2932      1379      1202      1203      1393      1598      1534      1600      1599        14
      2933      1216      1217      1352      1333      1607      1610      1609      1608        14
      2934      1369      1161      1317      1226      1611      1612      1499      1496        14
      2935      1143      1142      1145      1144      1463      1613      1446      1460        14
      2936      1388      1346      1210      1389      1623      1626      1625      1624        14
      2937      1158      1129      1126      1159      1631      1415      1595      1632        14
      2938      1162      1136      1230      1165      1455      1634      1633      1491        14
      2939      1264      1265      1237      1238      1636      1408      1409      1637        14
      2940      1149      1283      1251      1265      1639      1576      1411      1408        14
      2941      1279      1280      1352      1361      1640      1642      1609      1641        14
      2942      1317      1215      1216      1332      1499      1643      1607      1498        14
      2943      1169      1168      1171      1170      1558      1485      1484      1644        14
      2944      1230      1380      1381      1232      1633      1647      1646      1645        14
      2945      1347      1280      1235      1348      1650      1642      1483      1480        14
      2946      1175      1212      1134      1135      1548      1439      1518      1653        14
      2947      1209      1208      1210      1205      1481      1482      1625      1655        14
      2948      1243      1306      1303      1246      1562      1657      1656      1561        14
      2949      1154      1209      1205      1157      1582      1481      1655      1525        14
      2950      1193      1197      1198      1196      1502      1521      1413      1414        14
      2951      1234      1235      1280      1279      1515      1483      1642      1640        14
      2952      1206      1207      1268      1174      1524      1659      1438      1549        14
      2953      1357      1155      1156      1336      1470      1471      1522      1660        14
      2954      1303      1304      1180      1181      1656      1663      1662      1661        14
      2955      1287      1124      1142      1143      1464      1552      1613      1463        14
      2956      1124      1125      1273      1142      1552      1578      1591      1613        14
      2957      1146      1335      1283      1149      1508      1575      1576      1639        14
      2958      1398      1262      1272      1344      1664      1665      1517      1516        14
      2959      1304      1303      1306      1305      1663      1656      1657      1667        14
      2960      1214      1395      1362      1217      1596      1593      1672      1610        14
      2961      1283      1250      1194      1251      1576      1500      1501      1411        14
      2962      1179      1182      1258      1254      1676      1538      1420      1677        14
      2963      1332      1216      1333      1201      1498      1607      1608      1535        14
      2964      1134      1213      1236      1137      1518      1519      1557      1678        14
      2965      1333      1352      1280      1347      1608      1609      1642      1650        14
      2966      1135      1134      1137      1136      1653      1518      1678      1634        14
      2967      1334      1360      1249      1335      1421      1422      1577      1575        14
      2968      1164      1165      1231      1397      1490      1491      1687      1686        14
      2969      1115      1114      1117      1116      1688      1546      1547      1689        14
      2970      1336      1156      1286      1337      1660      1522      1523      1690        14
      2971      1361      1352      1217      1362      1641      1609      1610      1672        14
      2972      1252      1195      1158      1160      1410      1700      1631      1541        14
      2973      1240      1160      1161      1369      1540      1541      1612      1611        14
      2974      1253      1254      1266      1267      1702      1677      1509      1506        14
      2975      1178      1179      1254      1253      1703      1676      1677      1702        14
      2976      1165      1230      1232      1231      1491      1633      1645      1687        14
      2977      1137      1236      1169      1380      1678      1557      1558      1647        14
      2978      1238      1237      1240      1239      1637      1409      1540      1709        14
      2979      1215      1214      1217      1216      1643      1596      1610      1607        14
      2980      1246      1303      1181      1176      1561      1656      1661      1710        14
      2981      1208      1233      1389      1210      1482      1514      1624      1625        14
      2982      1380      1169      1170      1381      1647      1558      1644      1646        14
      2983      1157      1205      1207      1206      1525      1655      1659      1524        14
      2984      1148      1149      1265      1264      1715      1639      1408      1636        14
      2985      1239      1240      1369      1370      1709      1540      1611      1717        14
      2986      1183      1185      1392      1331      1539      1721      1720      1423        14
      2987      1195      1196      1129      1158      1700      1414      1415      1631        14
      2988      1136      1137      1380      1230      1634      1678      1647      1633        14
      2989      1371      1348      1209      1154      1583      1480      1481      1582        14
      2990      1122      1277      1278      1125      1579      1488      1489      1578        14
      2991      1273      1272      1262      1190      1591      1517      1665      1449        14
      2992      1207      1346      1293      1268      1659      1626      1441      1438        14
      2993      1180      1184      1185      1183      1662      1725      1721      1539        14
      2994      1266      1334      1335      1146      1509      1421      1575      1508        14
      2995      1127      1126      1129      1128      1594      1595      1415      1412        14
      2996      1147      1146      1149      1148      1507      1508      1639      1715        14
      2997      1392      1359      1360      1331      1720      1726      1422      1423        14
      2998      1286      1206      1174      1114      1523      1524      1549      1546        14
      2999      1254      1258      1334      1266      1677      1420      1421      1509        14
      3000      1176      1181      1182      1179      1710      1661      1538      1676        14
      3001      1228      1229      1202      1379      1728      1497      1534      1598        14
      3002      1213      1122      1123      1236      1519      1579      1553      1557        14
      3003      1203      1204      1371      1372      1600      1729      1583      1472        14
      3004      1177      1176      1179      1178      1730      1710      1676      1703        14
      3005      1337      1286      1114      1115      1690      1523      1546      1688        14
      3006      1393      1203      1372      1394      1599      1600      1472      1469        14
      3007      1293      1292      1277      1211      1441      1487      1488      1440        14
      3008      1159      1126      1214      1215      1632      1595      1596      1643        14
      3009      1166      1143      1144      1167      1462      1463      1460      1457        14
      3010      1190      1262      1263      1192      1449      1665      1732      1448        14
      3011      1353      1184      1180      1304      1734      1725      1662      1663        14
      3012      1202      1201      1204      1203      1534      1535      1729      1600        14
      3013      1307      1135      1136      1162      1456      1653      1634      1455        14
      3014      1161      1159      1215      1317      1612      1632      1643      1499        14
      3015      1245      1246      1176      1177      1560      1561      1710      1730        14
      3016      1144      1145      1191      1200      1460      1446      1447      1459        14
      3017      1359      1248      1249      1360      1726      1736      1577      1422        14
      3018      1205      1210      1346      1207      1655      1625      1626      1659        14
      3019      1227      1226      1229      1228      1737      1496      1497      1728        14
      3020      1181      1180      1183      1182      1661      1662      1539      1538        14
      3021      1116      1117      1307      1308      1689      1547      1456      1453        14
      3022      1370      1369      1226      1227      1717      1611      1496      1737        14
      3023      1248      1247      1250      1249      1736      1503      1500      1577        14
      3024      1160      1158      1159      1161      1541      1631      1632      1612        14
      3025      1194      1193      1196      1195      1501      1502      1414      1700        14
      3026      1211      1277      1122      1213      1440      1488      1579      1519        14
      3027      1155      1154      1157      1156      1471      1582      1525      1522        14
      3028      1251      1194      1195      1252      1411      1501      1700      1410        14
      3029      1201      1333      1347      1204      1535      1608      1650      1729        14
      3030      1117      1175      1135      1307      1547      1548      1653      1456        14
      3031      1204      1347      1348      1371      1729      1650      1480      1583        14
      3032      1292      1293      1346      1388      1487      1441      1626      1623        14
      3033      1142      1273      1190      1145      1613      1591      1449      1446        14
      3034      1461      1484      1485      1464      1738      1741      1740      1739        14
      3035      1631      1700      1414      1415      1742      1745      1744      1743        14
      3036      1599      1598      1534      1600      1754      1757      1756      1755        14
      3037      1487      1486      1489      1488      1769      1772      1771      1770        14
      3038      1472      1600      1729      1583      1780      1755      1782      1781        14
      3039      1677      1676      1538      1420      1790      1793      1792      1791        14
      3040      1522      1471      1582      1525      1794      1797      1796      1795        14
      3041      1507      1506      1509      1508      1808      1811      1810      1809        14
      3042      1540      1409      1410      1541      1812      1815      1814      1813        14
      3043      1578      1579      1488      1489      1830      1831      1770      1771        14
      3044      1611      1540      1541      1612      1835      1812      1813      1836        14
      3045      1539      1662      1725      1721      1843      1846      1845      1844        14
      3046      1717      1709      1540      1611      1847      1848      1812      1835        14
      3047      1623      1487      1441      1626      1856      1769      1858      1857        14
      3048      1459      1460      1446      1447      1867      1870      1869      1868        14
      3049      1447      1446      1449      1448      1868      1869      1872      1871        14
      3050      1729      1535      1608      1650      1782      1875      1874      1873        14
      3051      1552      1553      1579      1578      1876      1877      1831      1830        14
      3052      1491      1455      1634      1633      1880      1883      1882      1881        14
      3053      1608      1607      1610      1609      1874      1888      1887      1886        14
      3054      1463      1464      1552      1613      1893      1739      1876      1894        14
      3055      1453      1689      1547      1456      1895      1898      1897      1896        14
      3056      1449      1591      1517      1665      1872      1901      1900      1899        14
      3057      1561      1562      1657      1656      1903      1762      1905      1904        14
      3058      1639      1508      1575      1576      1906      1809      1908      1907        14
      3059      1710      1561      1656      1661      1909      1903      1904      1910        14
      3060      1446      1613      1591      1449      1869      1894      1901      1872        14
      3061      1613      1552      1578      1591      1894      1876      1830      1901        14
      3062      1456      1547      1548      1653      1896      1897      1912      1911        14
      3063      1641      1640      1642      1609      1918      1920      1919      1886        14
      3064      1421      1420      1423      1422      1921      1791      1923      1922        14
      3065      1454      1453      1456      1455      1924      1895      1896      1883        14
      3066      1660      1470      1471      1522      1925      1926      1797      1794        14
      3067      1455      1456      1653      1634      1883      1896      1911      1882        14
      3068      1535      1498      1607      1608      1875      1929      1888      1874        14
      3069      1448      1449      1665      1732      1871      1872      1899      1930        14
      3070      1632      1631      1415      1595      1931      1742      1743      1932        14
      3071      1501      1500      1503      1502      1933      1936      1935      1934        14
      3072      1414      1502      1521      1413      1744      1934      1941      1940        14
      3073      1490      1454      1455      1491      1942      1924      1883      1880        14
      3074      1703      1730      1710      1676      1949      1950      1909      1793        14
      3075      1655      1481      1482      1625      1952      1955      1954      1953        14
      3076      1423      1539      1721      1720      1923      1843      1844      1956        14
      3077      1508      1509      1421      1575      1809      1810      1921      1908        14
      3078      1464      1485      1553      1552      1739      1740      1877      1876        14
      3079      1678      1518      1519      1557      1957      1960      1959      1958        14
      3080      1439      1438      1441      1440      1961      1963      1858      1962        14
      3081      1524      1525      1655      1659      1964      1795      1952      1965        14
      3082      1423      1720      1726      1422      1923      1956      1968      1922        14
      3083      1645      1633      1647      1646      1969      1881      1971      1970        14
      3084      1422      1726      1736      1577      1922      1968      1973      1972        14
      3085      1610      1596      1593      1672      1887      1976      1975      1974        14
      3086      1458      1457      1460      1459      1977      1978      1870      1867        14
      3087      1577      1736      1503      1500      1972      1973      1935      1936        14
      3088      1497      1496      1499      1498      1981      1983      1982      1929        14
      3089      1516      1664      1665      1517      1988      1989      1899      1900        14
      3090      1633      1634      1678      1647      1881      1882      1957      1971        14
      3091      1410      1411      1501      1700      1814      2002      1933      1745        14
      3092      1709      1637      1409      1540      1848      2003      1815      1812        14
      3093      1411      1576      1500      1501      2002      1907      1936      1933        14
      3094      1661      1656      1663      1662      1910      1904      2005      1846        14
      3095      1499      1612      1632      1643      1982      1836      1931      2007        14
      3096      1486      1516      1517      1489      1772      1988      1900      1771        14
      3097      1667      1663      1656      1657      1948      2005      1904      1905        14
      3098      1575      1421      1422      1577      1908      1921      1922      1972        14
      3099      1676      1710      1661      1538      1793      1909      1910      1792        14
      3100      1541      1410      1700      1631      1813      1814      1745      1742        14
      3101      1412      1594      1595      1415      2015      2016      1932      1743        14
      3102      1663      1734      1725      1662      2005      2017      1845      1846        14
      3103      1471      1472      1583      1582      1797      1780      1781      1796        14
      3104      1515      1514      1482      1483      2019      2021      1954      2020        14
      3105      1643      1632      1595      1596      2007      1931      1932      1976        14
      3106      1653      1548      1439      1518      1911      1912      1961      1960        14
      3107      1481      1480      1483      1482      1955      2027      2020      1954        14
      3108      1462      1461      1464      1463      2028      1738      1739      1893        14
      3109      1518      1439      1440      1519      1960      1961      1962      1959        14
      3110      1413      1412      1415      1414      1940      2015      1743      1744        14
      3111      1519      1440      1488      1579      1959      1962      1770      1831        14
      3112      1644      1558      1485      1484      2033      2034      1740      1741        14
      3113      1438      1659      1626      1441      1963      1965      1857      1858        14
      3114      1547      1546      1549      1548      1897      2038      2037      1912        14
      3115      1460      1463      1613      1446      1870      1893      1894      1869        14
      3116      1637      1636      1408      1409      2003      2040      2039      1815        14
      3117      1715      1507      1508      1639      2041      1808      1809      1906        14
      3118      1549      1524      1659      1438      2037      1964      1965      1963        14
      3119      1594      1593      1596      1595      2016      1975      1976      1932        14
      3120      1598      1728      1497      1534      1757      2042      1981      1756        14
      3121      1420      1538      1539      1423      1791      1792      1843      1923        14
      3122      1650      1608      1609      1642      1873      1874      1886      1919        14
      3123      1687      1491      1633      1645      2045      1880      1881      1969        14
      3124      1408      1639      1576      1411      2039      1906      1907      2002        14
      3125      1503      1520      1521      1502      1935      2047      1941      1934        14
      3126      1470      1469      1472      1471      1926      2048      1780      1797        14
      3127      1640      1515      1483      1642      1920      2019      2020      1919        14
      3128      1496      1611      1612      1499      1983      1835      1836      1982        14
      3129      1728      1737      1496      1497      2042      2052      1983      1981        14
      3130      1469      1599      1600      1472      2048      1754      1755      1780        14
      3131      1591      1578      1489      1517      1901      1830      1771      1900        14
      3132      1607      1643      1596      1610      1888      2007      1976      1887        14
      3133      1689      1688      1546      1547      1898      2062      2038      1897        14
      3134      1457      1462      1463      1460      1978      2028      1893      1870        14
      3135      1702      1703      1676      1677      2064      1949      1793      1790        14
      3136      1672      1641      1609      1610      1974      1918      1886      1887        14
      3137      1525      1582      1481      1655      1795      1796      1955      1952        14
      3138      1636      1715      1639      1408      2040      2041      1906      2039        14
      3139      1409      1408      1411      1410      1815      2039      2002      1814        14
      3140      1686      1490      1491      1687      2068      1942      1880      2045        14
      3141      1600      1534      1535      1729      1755      1756      1875      1782        14
      3142      1612      1541      1631      1632      1836      1813      1742      1931        14
      3143      1534      1497      1498      1535      1756      1981      1929      1875        14
      3144      1690      1660      1522      1523      2069      1925      1794      2070        14
      3145      1625      1482      1514      1624      1953      1954      2021      2071        14
      3146      1509      1677      1420      1421      1810      1790      1791      1921        14
      3147      1737      1717      1611      1496      2052      1847      1835      1983        14
      3148      1730      1560      1561      1710      1950      2072      1903      1909        14
      3149      1646      1647      1558      1644      1970      1971      2034      2033        14
      3150      1506      1702      1677      1509      1811      2064      1790      1810        14
      3151      1558      1557      1553      1485      2034      1958      1877      1740        14
      3152      1647      1678      1557      1558      1971      1957      1958      2034        14
      3153      1523      1522      1525      1524      2070      1794      1795      1964        14
      3154      1659      1655      1625      1626      1965      1952      1953      1857        14
      3155      1546      1523      1524      1549      2038      2070      1964      2037        14
      3156      1624      1623      1626      1625      2071      1856      1857      1953        14
      3157      1560      1559      1562      1561      2072      1761      1762      1903        14
      3158      1582      1583      1480      1481      1796      1781      2027      1955        14
      3159      1548      1549      1438      1439      1912      2037      1963      1961        14
      3160      1700      1501      1502      1414      1745      1933      1934      1744        14
      3161      1440      1441      1487      1488      1962      1858      1769      1770        14
      3162      1480      1650      1642      1483      2027      1873      1919      2020        14
      3163      1498      1499      1643      1607      1929      1982      2007      1888        14
      3164      1576      1575      1577      1500      1907      1908      1972      1936        14
      3165      1557      1519      1579      1553      1958      1959      1831      1877        14
      3166      1688      1690      1523      1546      2062      2069      2070      2038        14
      3167      1634      1653      1518      1678      1882      1911      1960      1957        14
      3168      1583      1729      1650      1480      1781      1782      1873      2027        14
      3169      1538      1661      1662      1539      1792      1910      1846      1843        14
      3170       846       599      1083      1086      1114      1117      1116      1115        14
      3171       922       925       936       937      1122      1125      1124      1123        14
      3172       757       756      5869      5870      1126      1129      1128      1127        14
      3173      1005       998      1052      1040      1134      1137      1136      1135        14
      3174       933       929       939       943      1142      1145      1144      1143        14
      3175       671       672      1100      1095      1146      1149      1148      1147        14
      3176      1034      1065       836       685      1154      1157      1156      1155        14
      3177       756       757      1029      1025      1129      1126      1159      1158        14
      3178      1025      1029      1061      1046      1158      1159      1161      1160        14
      3179       705       675      1085       857      1162      1165      1164      1163        14
      3180       943       939       949       953      1143      1144      1167      1166        14
      3181       947       957       995       991      1168      1171      1170      1169        14
      3182      1050      1041       599       846      1174      1175      1117      1114        14
      3183       607       602       590       810      1176      1179      1178      1177        14
      3184       774       749       984       983      1180      1183      1182      1181        14
      3185      5898      5886       749       774      1184      1185      1183      1180        14
      3186       920       919       928       929      1190      1192      1191      1145        14
      3187       754       755      1022      1030      1193      1196      1195      1194        14
      3188      5879      5871       755       754      1197      1198      1196      1193        14
      3189       939       938       948       949      1144      1200      1199      1167        14
      3190      1063      1055       834       833      1201      1204      1203      1202        14
      3191      1008      1011      1051      1065      1205      1207      1206      1157        14
      3192       763       764      1008      1019      1208      1210      1205      1209        14
      3193       993       989      1005      1002      1211      1213      1134      1212        14
      3194       758       759      1015      1012      1214      1217      1216      1215        14
      3195       601       831       861       529      1226      1229      1228      1227        14
      3196      1056      1058       604       675      1230      1232      1231      1165        14
      3197       763       762      5927      5926      1208      1235      1234      1233        14
      3198       922       937       988       989      1122      1123      1236      1213        14
      3199       841       842       747      1096      1237      1240      1239      1238        14
      3200       572       606       809       716      1243      1246      1245      1244        14
      3201      5884       753       752      5891      1247      1250      1249      1248        14
      3202      1030      1022      1047       849      1194      1195      1252      1251        14
      3203       602       703      1066       590      1179      1254      1253      1178        14
      3204       984       980       703       602      1182      1258      1254      1179        14
      3205      6000      6001       919       920      1262      1263      1192      1190        14
      3206       672       586      1099      1100      1149      1265      1264      1148        14
      3207       929       928       938       939      1145      1191      1200      1144        14
      3208       704       671      1095      1092      1266      1146      1147      1267        14
      3209      1011      1003      1050      1051      1207      1268      1174      1206        14
      3210       788      6000       920       927      1272      1262      1190      1273        14
      3211       787       786       925       922      1277      1278      1125      1122        14
      3212       762       761      5940      5927      1235      1280      1279      1234        14
      3213       989       988       998      1005      1213      1236      1137      1134        14
      3214       753      1030       849       975      1250      1194      1251      1283        14
      3215       703       704      1092      1066      1254      1266      1267      1253        14
      3216      1051      1050       846       845      1206      1174      1114      1286        14
      3217       946       943       953       956      1287      1143      1166      1288        14
      3218       975       849       586       672      1283      1251      1265      1149        14
      3219      1065      1051       845       836      1157      1206      1286      1156        14
      3220       937       947       991       988      1123      1168      1169      1236        14
      3221      5985       787       993       766      1292      1277      1211      1293        14
      3222       786       787      5985      5984      1278      1277      1292      1296        14
      3223       745       744      5895      5896      1303      1306      1305      1304        14
      3224       829       705       857       856      1307      1162      1163      1308        14
      3225      1029      1012      1039      1061      1159      1215      1317      1161        14
      3226       749       750       980       984      1183      1331      1258      1182        14
      3227      1015      1027      1063      1038      1216      1333      1201      1332        14
      3228       979       976       671       704      1334      1335      1146      1266        14
      3229       836       845      1078      1070      1156      1286      1337      1336        14
      3230       787       922       989       993      1277      1122      1213      1211        14
      3231      5879       754      5884      5893      1197      1193      1247      1343        14
      3232       980       979       704       703      1258      1334      1266      1254        14
      3233      1040      1052       705       829      1135      1136      1162      1307        14
      3234       976       975       672       671      1335      1283      1149      1146        14
      3235       788       786      5984      6003      1272      1278      1296      1344        14
      3236       765       766      1003      1011      1346      1293      1268      1207        14
      3237       761       762      1016      1020      1280      1235      1348      1347        14
      3238       752       753       975       976      1249      1250      1283      1335        14
      3239       760       761      1020      1027      1352      1280      1347      1333        14
      3240      5898       774      5896      5897      1184      1180      1304      1353        14
      3241       685       836      1070      1071      1155      1156      1336      1357        14
      3242      1039      1038       831       601      1317      1332      1229      1226        14
      3243      1027      1020      1055      1063      1333      1347      1204      1201        14
      3244       744       745       606       572      1306      1303      1246      1243        14
      3245      5891       752       751      5890      1248      1249      1360      1359        14
      3246      1041      1040       829       599      1175      1135      1307      1117        14
      3247       750       751       979       980      1331      1360      1334      1258        14
      3248       760       759      5942      5939      1352      1217      1362      1361        14
      3249       757       758      1012      1029      1126      1214      1215      1159        14
      3250       681       601       529       748      1369      1226      1227      1370        14
      3251      1035      1034       685       684      1371      1154      1155      1372        14
      3252      1061      1039       601       681      1161      1317      1226      1369        14
      3253      1002      1005      1040      1041      1212      1134      1135      1175        14
      3254       745       983       607       606      1303      1181      1176      1246        14
      3255      1055      1035       684       834      1204      1371      1372      1203        14
      3256       764       765      1011      1008      1210      1346      1207      1205        14
      3257       842       681       748       747      1240      1369      1370      1239        14
      3258      1052      1056       675       705      1136      1230      1165      1162        14
      3259      1047      1046       842       841      1252      1160      1240      1237        14
      3260       925       927       933       936      1125      1273      1142      1124        14
      3261       831       833      1110       861      1229      1202      1379      1228        14
      3262       997      1007      1058      1056      1380      1381      1232      1230        14
      3263       751       752       976       979      1360      1249      1335      1334        14
      3264       606       607       810       809      1246      1176      1177      1245        14
      3265       983       984       602       607      1181      1182      1179      1176        14
      3266      1020      1016      1035      1055      1347      1348      1371      1204        14
      3267       765       764      5991      5932      1346      1210      1389      1388        14
      3268      1003      1002      1041      1050      1268      1212      1175      1174        14
      3269       755       756      1025      1022      1196      1129      1158      1195        14
      3270       762       763      1019      1016      1235      1208      1209      1348        14
      3271       849      1047       841       586      1251      1252      1237      1265        14
      3272      5896       774       983       745      1304      1180      1181      1303        14
      3273       761       760      5939      5940      1280      1352      1361      1279        14
      3274      5890       751       750      5885      1359      1360      1331      1392        14
      3275       833       834      1106      1110      1202      1203      1393      1379        14
      3276       936       933       943       946      1124      1142      1143      1287        14
      3277       927       920       929       933      1273      1190      1145      1142        14
      3278       988       991       997       998      1236      1169      1380      1137        14
      3279       937       936       946       947      1123      1124      1287      1168        14
      3280       998       997      1056      1052      1137      1380      1230      1136        14
      3281      1016      1019      1034      1035      1348      1209      1154      1371        14
      3282       834       684      1104      1106      1203      1372      1394      1393        14
      3283      5875      5942       759       758      1395      1362      1217      1214        14
      3284       586       841      1096      1099      1265      1237      1238      1264        14
      3285      1012      1015      1038      1039      1215      1216      1332      1317        14
      3286       599       829       856      1083      1117      1307      1308      1116        14
      3287      1022      1025      1046      1047      1195      1158      1160      1252        14
      3288       759       760      1027      1015      1217      1352      1333      1216        14
      3289       845       846      1086      1078      1286      1114      1115      1337        14
      3290       675       604      1109      1085      1165      1231      1397      1164        14
      3291       756       755      5871      5869      1129      1196      1198      1128        14
      3292      5886      5885       750       749      1185      1392      1331      1183        14
      3293       947       946       956       957      1168      1287      1288      1171        14
      3294      1019      1008      1065      1034      1209      1205      1157      1154        14
      3295       766       765      5932      5985      1293      1346      1388      1292        14
      3296       991       995      1007       997      1169      1170      1381      1380        14
      3297       758       757      5870      5875      1214      1126      1127      1395        14
      3298       684       685      1071      1104      1372      1155      1357      1394        14
      3299      1046      1061       681       842      1160      1161      1369      1240        14
      3300      6000       788      6003      6002      1262      1272      1344      1398        14
      3301      1038      1063       833       831      1332      1201      1202      1229        14
      3302       786       788       927       925      1278      1272      1273      1125        14
      3303      5884       754      1030       753      1247      1193      1194      1250        14
      3304       766       993      1002      1003      1293      1211      1212      1268        14
      3305      5926      5991       764       763      1233      1389      1210      1208        14
      3306      2901      6075      2902      3072      3413      3416      3415      3414        14
      3307      2920      6119      2921      3067      3417      3420      3419      3418        14
      3308      3007      2994      2892      2860      3433      3436      3435      3434        14
      3309      2900      2901      3038      3039      3437      3413      3439      3438        14
      3310      2906      2905      6072      6109      3444      3447      3446      3445        14
      3311      3095      3094      2892      2994      3448      3449      3435      3436        14
      3312      2985      2895      2896      2984      3450      3453      3452      3451        14
      3313      3099      3098      2998      2999      3454      3457      3456      3455        14
      3314      3076      3081      3100      3101      3458      3461      3460      3459        14
      3315      3087      2913      2914      3091      3474      3477      3476      3475        14
      3316      2917      2916      6127      6126      3482      3485      3484      3483        14
      3317      3082      3090      3106      3094      3488      3490      3489      3449        14
      3318      3071      3070      3075      3074      3495      3498      3497      3496        14
      3319      3074      3075      3102      3104      3496      3497      3504      3503        14
      3320      2921      2922      2880      2896      3419      3517      3526      3452        14
      3321      2900      2858      6077      6076      3437      3529      3528      3527        14
      3322      3073      3071      3074      3079      3535      3495      3496      3536        14
      3323      3047      3046      3051      3052      3537      3540      3539      3538        14
      3324      3066      3068      2893      2973      3541      3544      3543      3542        14
      3325      3084      3086      3103      3092      3545      3548      3547      3546        14
      3326      3102      3097      2993      2974      3504      3560      3559      3558        14
      3327      3080      2904      2905      3085      3561      3563      3447      3562        14
      3328      3079      3074      3104      3105      3536      3496      3503      3564        14
      3329      2984      2896      2880      2857      3451      3452      3526      3571        14
      3330      2974      2993      3006      3005      3558      3559      3573      3572        14
      3331      3108      3093      2962      2997      3579      3582      3581      3580        14
      3332      3103      3107      2995      2996      3547      3587      3586      3585        14
      3333      3076      2902      2903      3081      3458      3415      3593      3461        14
      3334      3046      3048      3053      3051      3540      3601      3600      3539        14
      3335      3083      2909      2910      3082      3602      3604      3603      3488        14
      3336      2903      2902      6075      6074      3593      3415      3416      3605        14
      3337      3131      2995      2994      3007      3606      3586      3436      3433        14
      3338      2919      6122      6123      2920      3607      3609      3608      3417        14
      3339      3077      3076      3101      3096      3610      3458      3459      3611        14
      3340      3104      3102      2974      2957      3503      3504      3558      3613        14
      3341      2918      6124      6122      2919      3614      3615      3609      3607        14
      3342      2858      2900      3039      3040      3529      3437      3438      3616        14
      3343      2887      2893      2895      2985      3623      3543      3453      3450        14
      3344      3075      3078      3097      3102      3497      3626      3560      3504        14
      3345      3002      3064      2897      2885      3627      3630      3629      3628        14
      3346      3088      3087      3098      3099      3631      3474      3457      3454        14
      3347      2919      2920      3067      3068      3607      3417      3418      3544        14
      3348      6079      2858      3040      3037      3637      3529      3616      3638        14
      3349      3123      2897      2972      3122      3641      3629      3643      3642        14
      3350      2991      2960      2999      2992      3646      3648      3455      3647        14
      3351      3087      3091      3001      3098      3474      3475      3649      3457        14
      3352      2911      2910      6027      6028      3655      3603      3657      3656        14
      3353      3092      3103      2996      2961      3546      3547      3585      3658        14
      3354      3106      3099      2999      2960      3489      3454      3455      3648        14
      3355      6119      2920      6123      6120      3420      3417      3608      3659        14
      3356      2904      2903      6074      6073      3563      3593      3605      3662        14
      3357      3067      2921      2896      2895      3418      3419      3452      3453        14
      3358      2886      2973      2893      2887      3664      3542      3543      3623        14
      3359      3090      2911      2912      3088      3490      3655      3665      3631        14
      3360      3054      3049      3071      3073      3669      3670      3495      3535        14
      3361      3085      3084      3092      3093      3562      3545      3546      3582        14
      3362      3082      2910      2911      3090      3488      3603      3655      3490        14
      3363      2860      2892      2960      2991      3434      3435      3648      3646        14
      3364      3122      2972      2973      2886      3642      3643      3542      3664        14
      3365      3038      2901      3072      3069      3439      3413      3414      3678        14
      3366      3128      2961      2996      3129      3679      3658      3585      3680        14
      3367      2917      2918      3066      3065      3482      3614      3541      3681        14
      3368      6073      6072      2905      2904      3662      3446      3447      3563        14
      3369      3085      2905      2906      3084      3562      3447      3444      3545        14
      3370      3041      3043      3048      3046      3682      3683      3601      3540        14
      3371      2914      6103      6125      6128      3476      3686      3685      3684        14
      3372      3044      3038      3069      3070      3688      3439      3678      3498        14
      3373      3000      2997      3113      3116      3689      3580      3691      3690        14
      3374      2916      2915      6128      6127      3485      3692      3684      3484        14
      3375      3126      2885      2897      3123      3695      3628      3629      3641        14
      3376      2907      2906      6109      6108      3696      3444      3445      3697        14
      3377      3089      3083      3095      3107      3698      3602      3448      3587        14
      3378      3094      3106      2960      2892      3449      3489      3648      3435        14
      3379      3124      2998      2884      3125      3699      3456      3701      3700        14
      3380      2997      2962      3112      3113      3580      3581      3702      3691        14
      3381      2913      2912      6067      6068      3477      3665      3704      3703        14
      3382      2922      2921      6119      6121      3517      3419      3420      3520        14
      3383      2908      2907      6108      6107      3705      3696      3697      3706        14
      3384      3090      3088      3099      3106      3490      3631      3454      3489        14
      3385      3105      3104      2957      2894      3564      3503      3613      3717        14
      3386      3081      3080      3108      3100      3461      3561      3579      3460        14
      3387      3091      2915      3002      3001      3475      3692      3627      3649        14
      3388      3070      3069      3078      3075      3498      3678      3626      3497        14
      3389      2890      3000      3116      3119      3719      3689      3690      3720        14
      3390      3037      3040      3043      3041      3638      3616      3683      3682        14
      3391      3048      3050      3055      3053      3601      3722      3721      3600        14
      3392      3049      3044      3070      3071      3670      3688      3498      3495        14
      3393      3068      3067      2895      2893      3544      3418      3453      3543        14
      3394      6080      6079      3037      3036      3726      3637      3638      3727        14
      3395      3077      3072      2902      3076      3610      3414      3415      3458        14
      3396      3112      2962      2961      3128      3702      3581      3658      3679        14
      3397      2909      2908      6107      6102      3604      3705      3706      3730        14
      3398      3039      3038      3044      3045      3438      3439      3688      3732        14
      3399      3080      3085      3093      3108      3561      3562      3582      3579        14
      3400      3083      3082      3094      3095      3602      3488      3449      3448        14
      3401      3097      3096      2891      2993      3560      3611      3733      3559        14
      3402      3081      2903      2904      3080      3461      3593      3563      3561        14
      3403      3084      2906      2907      3086      3545      3444      3696      3548        14
      3404      3107      3095      2994      2995      3587      3448      3436      3586        14
      3405      3064      3065      2972      2897      3630      3681      3643      3629        14
      3406      3091      2914      6128      2915      3475      3476      3684      3692        14
      3407      2918      2919      3068      3066      3614      3607      3544      3541        14
      3408      2993      2891      3117      3006      3559      3733      3737      3573        14
      3409      2915      2916      3064      3002      3692      3485      3630      3627        14
      3410      2912      2911      6028      6067      3665      3655      3656      3704        14
      3411      2858      6079      6078      6077      3529      3637      3741      3528        14
      3412      3129      2996      2995      3131      3680      3585      3586      3606        14
      3413      2891      2890      3119      3117      3733      3719      3720      3737        14
      3414      3040      3039      3045      3043      3616      3438      3732      3683        14
      3415      3036      3037      3041      3042      3727      3638      3682      3742        14
      3416      2957      2974      3005      3118      3613      3558      3572      3743        14
      3417      3045      3044      3049      3050      3732      3688      3670      3722        14
      3418      2894      2957      3118      3130      3717      3613      3743      3744        14
      3419      3043      3045      3050      3048      3683      3732      3722      3601        14
      3420      3088      2912      2913      3087      3631      3665      3477      3474        14
      3421      3098      3001      2884      2998      3457      3649      3701      3456        14
      3422      3100      3108      2997      3000      3460      3579      3580      3689        14
      3423      2918      2917      6126      6124      3614      3482      3483      3615        14
      3424      3089      2908      2909      3083      3698      3705      3604      3602        14
      3425      3065      3066      2973      2972      3681      3541      3542      3643        14
      3426      3101      3100      3000      2890      3459      3460      3689      3719        14
      3427      6068      6103      2914      2913      3703      3686      3476      3477        14
      3428      3096      3101      2890      2891      3611      3459      3719      3733        14
      3429      6102      6027      2910      2909      3730      3657      3603      3604        14
      3430      3050      3049      3054      3055      3722      3670      3669      3721        14
      3431      2992      2999      2998      3124      3647      3455      3456      3699        14
      3432      3125      2884      2885      3126      3700      3701      3628      3695        14
      3433      3086      2907      2908      3089      3548      3696      3705      3698        14
      3434      3086      3089      3107      3103      3548      3698      3587      3547        14
      3435      3078      3069      3072      3077      3626      3678      3414      3610        14
      3436      2916      2917      3065      3064      3485      3482      3681      3630        14
      3437      3001      3002      2885      2884      3649      3627      3628      3701        14
      3438      2901      2900      6076      6075      3413      3437      3527      3416        14
      3439      3042      3041      3046      3047      3742      3682      3540      3537        14
      3440      3093      3092      2961      2962      3582      3546      3658      3581        14
      3441      3078      3077      3096      3097      3626      3610      3611      3560        14
      3442      3436      3448      3449      3435      3763      3766      3765      3764        14
      3443      3656      3655      3603      3657      3767      3770      3769      3768        14
      3444      3683      3616      3438      3732      3775      3778      3777      3776        14
      3445      3737      3733      3719      3720      3779      3782      3781      3780        14
      3446      3587      3698      3602      3448      3787      3789      3788      3766        14
      3447      3699      3647      3455      3456      3794      3797      3796      3795        14
      3448      3450      3623      3543      3453      3798      3801      3800      3799        14
      3449      3679      3702      3581      3658      3802      3805      3804      3803        14
      3450      3433      3606      3586      3436      3814      3816      3815      3763        14
      3451      3445      3444      3447      3446      3820      3823      3822      3821        14
      3452      3461      3458      3415      3593      3824      3827      3826      3825        14
      3453      3580      3579      3582      3581      3828      3830      3829      3804        14
      3454      3528      3529      3637      3741      3835      3838      3837      3836        14
      3455      3545      3562      3447      3444      3843      3844      3822      3823        14
      3456      3452      3419      3517      3526      3845      3848      3847      3846        14
      3457      3435      3449      3489      3648      3764      3765      3857      3856        14
      3458      3631      3490      3655      3665      3858      3860      3770      3859        14
      3459      3720      3719      3689      3690      3780      3781      3864      3863        14
      3460      3638      3637      3529      3616      3865      3837      3838      3778        14
      3461      3417      3607      3609      3608      3866      3869      3868      3867        14
      3462      3564      3536      3496      3503      3870      3873      3872      3871        14
      3463      3607      3614      3615      3609      3869      3875      3874      3868        14
      3464      3451      3450      3453      3452      3876      3798      3799      3845        14
      3465      3628      3627      3630      3629      3877      3880      3879      3878        14
      3466      3455      3454      3457      3456      3796      3882      3881      3795        14
      3467      3690      3689      3580      3691      3863      3864      3828      3888        14
      3468      3503      3496      3497      3504      3871      3872      3893      3892        14
      3469      3606      3680      3585      3586      3816      3895      3894      3815        14
      3470      3704      3665      3655      3656      3903      3859      3770      3767        14
      3471      3448      3602      3488      3449      3766      3788      3904      3765        14
      3472      3475      3474      3477      3476      3905      3908      3907      3906        14
      3473      3434      3433      3436      3435      3926      3814      3763      3764        14
      3474      3602      3698      3705      3604      3788      3789      3928      3927        14
      3475      3572      3558      3559      3573      3929      3932      3931      3930        14
      3476      3601      3683      3732      3722      3933      3775      3776      3934        14
      3477      3527      3437      3529      3528      3941      3942      3838      3835        14
      3478      3585      3547      3587      3586      3894      3943      3787      3815        14
      3479      3490      3488      3603      3655      3860      3904      3769      3770        14
      3480      3520      3517      3419      3420      3911      3847      3848      3947        14
      3481      3456      3457      3649      3701      3795      3881      3951      3950        14
      3482      3537      3742      3682      3540      3952      3955      3954      3953        14
      3483      3504      3497      3626      3560      3892      3893      3960      3959        14
      3484      3562      3561      3563      3447      3844      3962      3961      3822        14
      3485      3544      3607      3417      3418      3964      3869      3866      3965        14
      3486      3488      3602      3604      3603      3904      3788      3927      3769        14
      3487      3643      3681      3541      3542      3967      3970      3969      3968        14
      3488      3563      3662      3446      3447      3961      3976      3821      3822        14
      3489      3542      3541      3544      3543      3968      3969      3964      3800        14
      3490      3539      3540      3601      3600      3977      3953      3933      3978        14
      3491      3600      3601      3722      3721      3978      3933      3934      3979        14
      3492      3730      3604      3705      3706      3980      3927      3928      3981        14
      3493      3571      3451      3452      3526      3982      3876      3845      3846        14
      3494      3664      3642      3643      3542      3988      3989      3967      3968        14
      3495      3538      3537      3540      3539      3990      3952      3953      3977        14
      3496      3641      3695      3628      3629      3991      3992      3877      3878        14
      3497      3416      3413      3437      3527      3993      3994      3942      3941        14
      3498      3623      3664      3542      3543      3801      3988      3968      3800        14
      3499      3543      3544      3418      3453      3800      3964      3965      3799        14
      3500      3695      3700      3701      3628      3992      4007      3950      3877        14
      3501      3646      3434      3435      3648      4008      3926      3764      3856        14
      3502      3438      3437      3413      3439      3777      3942      3994      4020        14
      3503      3658      3546      3547      3585      3803      4021      3943      3894        14
      3504      3453      3418      3419      3452      3799      3965      3848      3845        14
      3505      3582      3562      3545      3546      3829      3844      3843      4021        14
      3506      3629      3630      3681      3643      3878      3879      3970      3967        14
      3507      3703      3477      3665      3704      4025      3907      3859      3903        14
      3508      3474      3631      3665      3477      3908      3858      3859      3907        14
      3509      3535      3669      3670      3495      4026      4029      4028      4027        14
      3510      3706      3705      3696      3697      3981      3928      4031      4030        14
      3511      3719      3459      3460      3689      3781      4033      4032      3864        14
      3512      3548      3545      3444      3696      4034      3843      3823      4031        14
      3513      3727      3726      3637      3638      4037      4038      3837      3865        14
      3514      3681      3482      3614      3541      3970      4040      3875      3969        14
      3515      3483      3482      3485      3484      4043      4040      4045      4044        14
      3516      3697      3696      3444      3445      4030      4031      3823      3820        14
      3517      3692      3475      3476      3684      4048      3905      3906      4049        14
      3518      3559      3560      3611      3733      3931      3959      4050      3782        14
      3519      3627      3692      3485      3630      3880      4048      4045      3879        14
      3520      3691      3580      3581      3702      3888      3828      3804      3805        14
      3521      3454      3631      3474      3457      3882      3858      3908      3881        14
      3522      3744      3717      3613      3743      4053      4056      4055      4054        14
      3523      3648      3489      3454      3455      3856      3857      3882      3796        14
      3524      3497      3498      3678      3626      3893      4058      4057      3960        14
      3525      3642      3641      3629      3643      3989      3991      3878      3967        14
      3526      3546      3545      3548      3547      4021      3843      4034      3943        14
      3527      3558      3504      3560      3559      3932      3892      3959      3931        14
      3528      3561      3461      3593      3563      3962      3824      3825      3961        14
      3529      3496      3495      3498      3497      3872      4027      4058      3893        14
      3530      3536      3535      3495      3496      3873      4026      4027      3872        14
      3531      3701      3649      3627      3628      3950      3951      3880      3877        14
      3532      3457      3474      3475      3649      3881      3908      3905      3951        14
      3533      3649      3475      3692      3627      3951      3905      4048      3880        14
      3534      3604      3730      3657      3603      3927      3980      3768      3769        14
      3535      3489      3490      3631      3454      3857      3860      3858      3882        14
      3536      3611      3610      3458      3459      4050      4070      3827      4033        14
      3537      3605      3593      3415      3416      4071      3825      3826      3993        14
      3538      3722      3732      3688      3670      3934      3776      4072      4028        14
      3539      3579      3561      3562      3582      3830      3962      3844      3829        14
      3540      3498      3688      3439      3678      4058      4072      4020      4057        14
      3541      3700      3699      3456      3701      4007      3794      3795      3950        14
      3542      3717      3564      3503      3613      4056      3870      3871      4055        14
      3543      3630      3485      3482      3681      3879      4045      4040      3970        14
      3544      3613      3503      3504      3558      4055      3871      3892      3932        14
      3545      3459      3458      3461      3460      4033      3827      3824      4032        14
      3546      3680      3679      3658      3585      3895      3802      3803      3894        14
      3547      3647      3646      3648      3455      3797      4008      3856      3796        14
      3548      3721      3722      3670      3669      3979      3934      4028      4029        14
      3549      3484      3485      3692      3684      4044      4045      4048      4049        14
      3550      3541      3614      3607      3544      3969      3875      3869      3964        14
      3551      3414      3413      3416      3415      4074      3994      3993      3826        14
      3552      3418      3417      3420      3419      3965      3866      3947      3848        14
      3553      3460      3461      3561      3579      4032      3824      3962      3830        14
      3554      3689      3460      3579      3580      3864      4032      3830      3828        14
      3555      3616      3529      3437      3438      3778      3838      3942      3777        14
      3556      3581      3582      3546      3658      3804      3829      4021      3803        14
      3557      3682      3638      3616      3683      3954      3865      3778      3775        14
      3558      3662      3563      3593      3605      3976      3961      3825      4071        14
      3559      3678      3439      3413      3414      4057      4020      3994      4074        14
      3560      3495      3670      3688      3498      4027      4028      4072      4058        14
      3561      3659      3420      3417      3608      4079      3947      3866      3867        14
      3562      3547      3548      3698      3587      3943      4034      3789      3787        14
      3563      3732      3438      3439      3688      3776      3777      4020      4072        14
      3564      3540      3682      3683      3601      3953      3954      3775      3933        14
      3565      3743      3613      3558      3572      4054      4055      3932      3929        14
      3566      3560      3626      3610      3611      3959      3960      4070      4050        14
      3567      3742      3727      3638      3682      3955      4037      3865      3954        14
      3568      3586      3587      3448      3436      3815      3787      3766      3763        14
      3569      3733      3611      3459      3719      3782      4050      4033      3781        14
      3570      3458      3610      3414      3415      3827      4070      4074      3826        14
      3571      3449      3488      3490      3489      3765      3904      3860      3857        14
      3572      3684      3476      3686      3685      4049      3906      4083      4082        14
      3573      3477      3703      3686      3476      3907      4025      4083      3906        14
      3574      3615      3614      3482      3483      3874      3875      4040      4043        14
      3575      3698      3548      3696      3705      3789      4034      4031      3928        14
      3576      3573      3559      3733      3737      3930      3931      3782      3779        14
      3577      3610      3626      3678      3414      4070      3960      4057      4074        14
      3578      3036      3042      3041      3037       918       931       930       921        14
      3579      3037      3041      3043      3040       921       930       932       926        14
      3580      3042      3047      3046      3041       931       941       940       930        14
      3581      3041      3046      3048      3043       930       940       942       932        14
      3582      3047      3052      3051      3046       941       951       950       940        14
      3583      3046      3051      3053      3048       940       950       952       942        14
      3584       941       951       950       940      3407      3408      3323      3319        14
      3585      3319      3407      3408      3323      5538      5540      5542      5544        14
      3586      5538      5540      5542      5544      5539      5541      5543      5545        14
      3587      5539      5541      5543      5545       939       938       948       949        14
      3588       918       931       930       921      3405      3406      3315      3311        14
      3589       931       941       940       930      3406      3407      3319      3315        14
      3590      3315      3406      3407      3319      5546      5548      5540      5538        14
      3591      5546      5548      5540      5538      5547      5549      5541      5539        14
      3592      5547      5549      5541      5539       929       928       938       939        14
      3593      3311      3405      3406      3315      5550      5552      5548      5546        14
      3594      5550      5552      5548      5546      5551      5553      5549      5547        14
      3595      5551      5553      5549      5547       920       919       928       929        14
      3596       921       930       932       926      3311      3315      3316      3314        14
      3597       930       940       942       932      3315      3319      3320      3316        14
      3598       940       950       952       942      3319      3323      3324      3320        14
      3599      3311      3315      3316      3314      5550      5546      5554      5556        14
      3600      5550      5546      5554      5556      5551      5547      5555      5557        14
      3601      5551      5547      5555      5557       920       929       933       927        14
      3602      3315      3319      3320      3316      5546      5538      5558      5554        14
      3603      5546      5538      5558      5554      5547      5539      5559      5555        14
      3604      5547      5539      5559      5555       929       939       943       933        14
      3605      3319      3323      3324      3320      5538      5544      5560      5558        14
      3606      5538      5544      5560      5558      5539      5545      5561      5559        14
      3607      5539      5545      5561      5559       939       949       953       943        14
      3608      3048      3053      3055      3050       942       952       955       945        14
      3609      3050      3055      3054      3049       945       955       954       944        14
      3610       942       952       955       945      3320      3324      3326      3322        14
      3611       945       955       954       944      3322      3326      3325      3321        14
      3612      3320      3324      3326      3322      5558      5560      5562      5564        14
      3613      5558      5560      5562      5564      5559      5561      5563      5565        14
      3614      5559      5561      5563      5565       943       953       956       946        14
      3615      3322      3326      3325      3321      5564      5562      5566      5568        14
      3616      5564      5562      5566      5568      5565      5563      5567      5569        14
      3617      5565      5563      5567      5569       946       956       957       947        14
      3618      3043      3048      3050      3045       932       942       945       935        14
      3619      3045      3050      3049      3044       935       945       944       934        14
      3620       932       942       945       935      3316      3320      3322      3318        14
      3621       935       945       944       934      3318      3322      3321      3317        14
      3622      3316      3320      3322      3318      5554      5558      5564      5570        14
      3623      5554      5558      5564      5570      5555      5559      5565      5571        14
      3624      5555      5559      5565      5571       933       943       946       936        14
      3625      3318      3322      3321      3317      5570      5564      5568      5572        14
      3626      5570      5564      5568      5572      5571      5565      5569      5573        14
      3627      5571      5565      5569      5573       936       946       947       937        14
      3628      3039      3045      3044      3038       924       935       934       923        14
      3629      3040      3043      3045      3039       926       932       935       924        14
      3630       924       935       934       923      3313      3318      3317      3312        14
      3631       926       932       935       924      3314      3316      3318      3313        14
      3632      3313      3318      3317      3312      5574      5570      5572      5576        14
      3633      5574      5570      5572      5576      5575      5571      5573      5577        14
      3634      5575      5571      5573      5577       925       936       937       922        14
      3635      3314      3316      3318      3313      5556      5554      5570      5574        14
      3636      5556      5554      5570      5574      5557      5555      5571      5575        14
      3637      5557      5555      5571      5575       927       933       936       925        14
      3638      3044      3070      3069      3038       934       987       986       923        14
      3639      3049      3071      3070      3044       944       990       987       934        14
      3640      3054      3073      3071      3049       954       994       990       944        14
      3641       934       987       986       923      3317      3341      3340      3312        14
      3642       944       990       987       934      3321      3342      3341      3317        14
      3643       954       994       990       944      3325      3344      3342      3321        14
      3644      3317      3341      3340      3312      5572      5578      5580      5576        14
      3645      5572      5578      5580      5576      5573      5579      5581      5577        14
      3646      5573      5579      5581      5577       937       988       989       922        14
      3647      3321      3342      3341      3317      5568      5582      5578      5572        14
      3648      5568      5582      5578      5572      5569      5583      5579      5573        14
      3649      5569      5583      5579      5573       947       991       988       937        14
      3650      3325      3344      3342      3321      5566      5584      5582      5568        14
      3651      5566      5584      5582      5568      5567      5585      5583      5569        14
      3652      5567      5585      5583      5569       957       995       991       947        14
      3653      3071      3074      3075      3070       990       996       999       987        14
      3654      3070      3075      3078      3069       987       999      1004       986        14
      3655      3073      3079      3074      3071       994      1006       996       990        14
      3656       990       996       999       987      3342      3345      3346      3341        14
      3657       987       999      1004       986      3341      3346      3349      3340        14
      3658       994      1006       996       990      3344      3350      3345      3342        14
      3659      3342      3345      3346      3341      5582      5586      5588      5578        14
      3660      5582      5586      5588      5578      5583      5587      5589      5579        14
      3661      5583      5587      5589      5579       991       997       998       988        14
      3662      3341      3346      3349      3340      5578      5588      5590      5580        14
      3663      5578      5588      5590      5580      5579      5589      5591      5581        14
      3664      5579      5589      5591      5581       988       998      1005       989        14
      3665      3344      3350      3345      3342      5584      5592      5586      5582        14
      3666      5584      5592      5586      5582      5585      5593      5587      5583        14
      3667      5585      5593      5587      5583       995      1007       997       991        14
      3668      2894      3130      3118      2957       605      1108      1084       676        14
      3669      3079      3105      3104      3074      1006      1059      1057       996        14
      3670      3105      2894      2957      3104      1059       605       676      1057        14
      3671       605      1108      1084       676      3171      3401      3389      3234        14
      3672      1006      1059      1057       996      3350      3376      3375      3345        14
      3673      1059       605       676      1057      3376      3171      3234      3375        14
      3674      3171      3401      3389      3234      5594      5596      5598      5600        14
      3675      5594      5596      5598      5600      5595      5597      5599      5601        14
      3676      5595      5597      5599      5601       604      1109      1085       675        14
      3677      3350      3376      3375      3345      5592      5602      5604      5586        14
      3678      5592      5602      5604      5586      5593      5603      5605      5587        14
      3679      5593      5603      5605      5587      1007      1058      1056       997        14
      3680      3376      3171      3234      3375      5602      5594      5600      5604        14
      3681      5602      5594      5600      5604      5603      5595      5601      5605        14
      3682      5603      5595      5601      5605      1058       604       675      1056        14
      3683      2957      3118      3005      2974       676      1084       858       706        14
      3684      3074      3104      3102      3075       996      1057      1053       999        14
      3685      3104      2957      2974      3102      1057       676       706      1053        14
      3686       676      1084       858       706      3234      3389      3282      3251        14
      3687       996      1057      1053       999      3345      3375      3373      3346        14
      3688      1057       676       706      1053      3375      3234      3251      3373        14
      3689      3234      3389      3282      3251      5600      5598      5606      5608        14
      3690      5600      5598      5606      5608      5601      5599      5607      5609        14
      3691      5601      5599      5607      5609       675      1085       857       705        14
      3692      3345      3375      3373      3346      5586      5604      5610      5588        14
      3693      5586      5604      5610      5588      5587      5605      5611      5589        14
      3694      5587      5605      5611      5589       997      1056      1052       998        14
      3695      3375      3234      3251      3373      5604      5600      5608      5610        14
      3696      5604      5600      5608      5610      5605      5601      5609      5611        14
      3697      5605      5601      5609      5611      1056       675       705      1052        14
      3698      2974      3005      3006      2993       706       858       859       828        14
      3699      3075      3102      3097      3078       999      1053      1043      1004        14
      3700      3102      2974      2993      3097      1053       706       828      1043        14
      3701       706       858       859       828      3251      3282      3283      3270        14
      3702       999      1053      1043      1004      3346      3373      3368      3349        14
      3703      1053       706       828      1043      3373      3251      3270      3368        14
      3704      3251      3282      3283      3270      5608      5606      5612      5614        14
      3705      5608      5606      5612      5614      5609      5607      5613      5615        14
      3706      5609      5607      5613      5615       705       857       856       829        14
      3707      3346      3373      3368      3349      5588      5610      5616      5590        14
      3708      5588      5610      5616      5590      5589      5611      5617      5591        14
      3709      5589      5611      5617      5591       998      1052      1040      1005        14
      3710      3373      3251      3270      3368      5610      5608      5614      5616        14
      3711      5610      5608      5614      5616      5611      5609      5615      5617        14
      3712      5611      5609      5615      5617      1052       705       829      1040        14
      3713       609       573       524       808      2896      2880      2857      2984        14
      3714       608       609       808       811      2895      2896      2984      2985        14
      3715      3173      3157      3134      3261       609       573       524       808        14
      3716      3172      3173      3261      3262       608       609       808       811        14
      3717       603       608       811       589      2893      2895      2985      2887        14
      3718      3170      3172      3262      3164       603       608       811       589        14
      3719      3173      3261      3134      3157      5618      5620      5202      5200        14
      3720      5618      5620      5202      5200      5619      5621      5203      5201        14
      3721      5619      5621      5203      5201       606       809       716       572        14
      3722       610       611      1094      1101      2885      2897      3123      3126        14
      3723       701       702       588      1093      2972      2973      2886      3122        14
      3724       611       701      1093      1094      2897      2972      3122      3123        14
      3725       702       603       589       588      2973      2893      2887      2886        14
      3726       587       610      1101      1098      2884      2885      3126      3125        14
      3727      3161      3162      3397      3396       587       610      1101      1098        14
      3728      3162      3174      3394      3397       610       611      1094      1101        14
      3729      3249      3250      3163      3393       701       702       588      1093        14
      3730      3174      3249      3393      3394       611       701      1093      1094        14
      3731      3250      3170      3164      3163       702       603       589       588        14
      3732       840       587      1098      1097      2998      2884      3125      3124        14
      3733       600       682       826       527      2892      2960      2991      2860        14
      3734       843       840      1097       827      2999      2998      3124      2992        14
      3735       682       843       827       826      2960      2999      2992      2991        14
      3736      3275      3161      3396      3395       840       587      1098      1097        14
      3737      3169      3237      3268      3137       600       682       826       527        14
      3738      3276      3275      3395      3269       843       840      1097       827        14
      3739      3237      3276      3269      3268       682       843       827       826        14
      3740       832       830       860      1111      2995      2994      3007      3131        14
      3741       835       832      1111      1107      2996      2995      3131      3129        14
      3742       683       835      1107      1105      2961      2996      3129      3128        14
      3743       686       683      1105      1072      2962      2961      3128      3112        14
      3744       830       600       527       860      2994      2892      2860      3007        14
      3745      3272      3271      3284      3402       832       830       860      1111        14
      3746      3273      3272      3402      3400       835       832      1111      1107        14
      3747      3238      3273      3400      3399       683       835      1107      1105        14
      3748      3239      3238      3399      3383       686       683      1105      1072        14
      3749      3271      3169      3137      3284       830       600       527       860        14
      3750      3277      3387      3384      3274      5622      5624      5626      5628        14
      3751      5622      5624      5626      5628      5623      5625      5627      5629        14
      3752      5623      5625      5627      5629       845      1078      1070       836        14
      3753      3274      3384      3383      3239      5628      5626      5630      5632        14
      3754      5628      5626      5630      5632      5629      5627      5631      5633        14
      3755      5629      5627      5631      5633       836      1070      1071       685        14
      3756       844      1079      1073       837      3277      3387      3384      3274        14
      3757       837      1073      1072       686      3274      3384      3383      3239        14
      3758      3000      3116      3113      2997       844      1079      1073       837        14
      3759      2997      3113      3112      2962       837      1073      1072       686        14
      3760      3272      3402      3284      3271      5634      5636      5638      5640        14
      3761      5634      5636      5638      5640      5635      5637      5639      5641        14
      3762      5635      5637      5639      5641       833      1110       861       831        14
      3763      3273      3400      3402      3272      5642      5644      5636      5634        14
      3764      5642      5644      5636      5634      5643      5645      5637      5635        14
      3765      5643      5645      5637      5635       834      1106      1110       833        14
      3766      3238      3399      3400      3273      5646      5648      5644      5642        14
      3767      5646      5648      5644      5642      5647      5649      5645      5643        14
      3768      5647      5649      5645      5643       684      1104      1106       834        14
      3769      3239      3383      3399      3238      5632      5630      5648      5646        14
      3770      5632      5630      5648      5646      5633      5631      5649      5647        14
      3771      5633      5631      5649      5647       685      1071      1104       684        14
      3772      3271      3284      3137      3169      5640      5638      5650      5652        14
      3773      5640      5638      5650      5652      5641      5639      5651      5653        14
      3774      5641      5639      5651      5653       831       861       529       601        14
      3775      3374      3273      3272      3378      5654      5642      5634      5656        14
      3776      5654      5642      5634      5656      5655      5643      5635      5657        14
      3777      5655      5643      5635      5657      1055       834       833      1063        14
      3778      3378      3272      3271      3366      5656      5634      5640      5658        14
      3779      5656      5634      5640      5658      5657      5635      5641      5659        14
      3780      5657      5635      5641      5659      1063       833       831      1038        14
      3781      3364      3239      3238      3363      5660      5632      5646      5662        14
      3782      5660      5632      5646      5662      5661      5633      5647      5663        14
      3783      5661      5633      5647      5663      1034       685       684      1035        14
      3784      3366      3271      3169      3365      5658      5640      5652      5664        14
      3785      5658      5640      5652      5664      5659      5641      5653      5665        14
      3786      5659      5641      5653      5665      1038       831       601      1039        14
      3787      3363      3238      3273      3374      5662      5646      5642      5654        14
      3788      5662      5646      5642      5654      5663      5647      5643      5655        14
      3789      5663      5647      5643      5655      1035       684       834      1055        14
      3790      3275      3395      3396      3161      5666      5668      5670      5672        14
      3791      5666      5668      5670      5672      5667      5669      5671      5673        14
      3792      5667      5669      5671      5673       841      1096      1099       586        14
      3793      3169      3137      3268      3237      5652      5650      5674      5676        14
      3794      5652      5650      5674      5676      5653      5651      5675      5677        14
      3795      5653      5651      5675      5677       601       529       748       681        14
      3796      3276      3269      3395      3275      5678      5680      5668      5666        14
      3797      5678      5680      5668      5666      5679      5681      5669      5667        14
      3798      5679      5681      5669      5667       842       747      1096       841        14
      3799      3237      3268      3269      3276      5676      5674      5680      5678        14
      3800      5676      5674      5680      5678      5677      5675      5681      5679        14
      3801      5677      5675      5681      5679       681       748       747       842        14
      3802      3370      3276      3275      3369      5682      5678      5666      5684        14
      3803      5682      5678      5666      5684      5683      5679      5667      5685        14
      3804      5683      5679      5667      5685      1046       842       841      1047        14
      3805      3377      3237      3276      3370      5686      5676      5678      5682        14
      3806      5686      5676      5678      5682      5687      5677      5679      5683        14
      3807      5687      5677      5679      5683      1061       681       842      1046        14
      3808      3365      3169      3237      3377      5664      5652      5676      5686        14
      3809      5664      5652      5676      5686      5665      5653      5677      5687        14
      3810      5665      5653      5677      5687      1039       601       681      1061        14
      3811      3369      3275      3161      3278      5684      5666      5672      5688        14
      3812      5684      5666      5672      5688      5685      5667      5673      5689        14
      3813      5685      5667      5673      5689      1047       841       586       849        14
      3814      3170      3164      3262      3172      5690      5692      5694      5696        14
      3815      5690      5692      5694      5696      5691      5693      5695      5697        14
      3816      5691      5693      5695      5697       602       590       810       607        14
      3817      3172      3262      3261      3173      5696      5694      5620      5618        14
      3818      5696      5694      5620      5618      5697      5695      5621      5619        14
      3819      5697      5695      5621      5619       607       810       809       606        14
      3820      3339      3170      3172      3338      5698      5690      5696      5700        14
      3821      5698      5690      5696      5700      5699      5691      5697      5701        14
      3822      5699      5691      5697      5701       984       602       607       983        14
      3823       985       603       608       982      3339      3170      3172      3338        14
      3824      3068      2893      2895      3067       985       603       608       982        14
      3825      3162      3397      3394      3174      5702      5704      5706      5708        14
      3826      5702      5704      5706      5708      5703      5705      5707      5709        14
      3827      5703      5705      5707      5709       672      1100      1095       671        14
      3828      3249      3393      3163      3250      5710      5712      5714      5716        14
      3829      5710      5712      5714      5716      5711      5713      5715      5717        14
      3830      5711      5713      5715      5717       704      1092      1066       703        14
      3831      3174      3394      3393      3249      5708      5706      5712      5710        14
      3832      5708      5706      5712      5710      5709      5707      5713      5711        14
      3833      5709      5707      5713      5711       671      1095      1092       704        14
      3834      3250      3163      3164      3170      5716      5714      5692      5690        14
      3835      5716      5714      5692      5690      5717      5715      5693      5691        14
      3836      5717      5715      5693      5691       703      1066       590       602        14
      3837      3336      3249      3250      3337      5718      5710      5716      5720        14
      3838      5718      5710      5716      5720      5719      5711      5717      5721        14
      3839      5719      5711      5717      5721       979       704       703       980        14
      3840      3279      3162      3174      3335      5722      5702      5708      5724        14
      3841      5722      5702      5708      5724      5723      5703      5709      5725        14
      3842      5723      5703      5709      5725       975       672       671       976        14
      3843      3337      3250      3170      3339      5720      5716      5690      5698        14
      3844      5720      5716      5690      5698      5721      5717      5691      5699        14
      3845      5721      5717      5691      5699       980       703       602       984        14
      3846      3335      3174      3249      3336      5724      5708      5710      5718        14
      3847      5724      5708      5710      5718      5725      5709      5711      5719        14
      3848      5725      5709      5711      5719       976       671       704       979        14
      3849       978       701       702       981      3336      3249      3250      3337        14
      3850       974       610       611       977      3279      3162      3174      3335        14
      3851       981       702       603       985      3337      3250      3170      3339        14
      3852       977       611       701       978      3335      3174      3249      3336        14
      3853      3065      2972      2973      3066       978       701       702       981        14
      3854      3002      2885      2897      3064       974       610       611       977        14
      3855      3066      2973      2893      3068       981       702       603       985        14
      3856      3064      2897      2972      3065       977       611       701       978        14
      3857      3161      3396      3397      3162      5672      5670      5704      5702        14
      3858      5672      5670      5704      5702      5673      5671      5705      5703        14
      3859      5673      5671      5705      5703       586      1099      1100       672        14
      3860      3278      3161      3162      3279      5688      5672      5702      5722        14
      3861      5688      5672      5702      5722      5689      5673      5703      5723        14
      3862      5689      5673      5703      5723       849       586       672       975        14
      3863       848       587       610       974      3278      3161      3162      3279        14
      3864      3001      2884      2885      3002       848       587       610       974        14
      3865      1045       843       840      1044      3370      3276      3275      3369        14
      3866      1060       682       843      1045      3377      3237      3276      3370        14
      3867      1036       600       682      1060      3365      3169      3237      3377        14
      3868      1044       840       587       848      3369      3275      3161      3278        14
      3869      3099      2999      2998      3098      1045       843       840      1044        14
      3870      3106      2960      2999      3099      1060       682       843      1045        14
      3871      3094      2892      2960      3106      1036       600       682      1060        14
      3872      3098      2998      2884      3001      1044       840       587       848        14
      3873      1054       835       832      1062      3374      3273      3272      3378        14
      3874      1062       832       830      1037      3378      3272      3271      3366        14
      3875      1033       686       683      1032      3364      3239      3238      3363        14
      3876      1037       830       600      1036      3366      3271      3169      3365        14
      3877      1032       683       835      1054      3363      3238      3273      3374        14
      3878      3103      2996      2995      3107      1054       835       832      1062        14
      3879      3107      2995      2994      3095      1062       832       830      1037        14
      3880      3093      2962      2961      3092      1033       686       683      1032        14
      3881      3095      2994      2892      3094      1037       830       600      1036        14
      3882      3092      2961      2996      3103      1032       683       835      1054        14
      3883      3379      3274      3239      3364      5726      5628      5632      5660        14
      3884      5726      5628      5632      5660      5727      5629      5633      5661        14
      3885      5727      5629      5633      5661      1065       836       685      1034        14
      3886      3371      3277      3274      3379      5728      5622      5628      5726        14
      3887      5728      5622      5628      5726      5729      5623      5629      5727        14
      3888      5729      5623      5629      5727      1051       845       836      1065        14
      3889      1064       837       686      1033      3379      3274      3239      3364        14
      3890      1048       844       837      1064      3371      3277      3274      3379        14
      3891      3108      2997      2962      3093      1064       837       686      1033        14
      3892      3100      3000      2997      3108      1048       844       837      1064        14
      3893      3167      3390      3387      3277      5730      5732      5624      5622        14
      3894      5730      5732      5624      5622      5731      5733      5625      5623        14
      3895      5731      5733      5625      5623       846      1086      1078       845        14
      3896      3372      3167      3277      3371      5734      5730      5622      5728        14
      3897      5734      5730      5622      5728      5735      5731      5623      5729        14
      3898      5735      5731      5623      5729      1050       846       845      1051        14
      3899       847      1087      1079       844      3167      3390      3387      3277        14
      3900      1049       847       844      1048      3372      3167      3277      3371        14
      3901      2890      3119      3116      3000       847      1087      1079       844        14
      3902      3101      2890      3000      3100      1049       847       844      1048        14
      3903      3351      3379      3364      3356      5736      5726      5660      5738        14
      3904      5736      5726      5660      5738      5737      5727      5661      5739        14
      3905      5737      5727      5661      5739      1008      1065      1034      1019        14
      3906      3347      3372      3371      3352      5740      5734      5728      5742        14
      3907      5740      5734      5728      5742      5741      5735      5729      5743        14
      3908      5741      5735      5729      5743      1003      1050      1051      1011        14
      3909      3352      3371      3379      3351      5742      5728      5726      5736        14
      3910      5742      5728      5726      5736      5743      5729      5727      5737        14
      3911      5743      5729      5727      5737      1011      1051      1065      1008        14
      3912      1009      1064      1033      1018      3351      3379      3364      3356        14
      3913      1000      1049      1048      1010      3347      3372      3371      3352        14
      3914      1010      1048      1064      1009      3352      3371      3379      3351        14
      3915      3080      3108      3093      3085      1009      1064      1033      1018        14
      3916      3076      3101      3100      3081      1000      1049      1048      1010        14
      3917      3081      3100      3108      3080      1010      1048      1064      1009        14
      3918      3348      3367      3372      3347      5744      5746      5734      5740        14
      3919      5744      5746      5734      5740      5745      5747      5735      5741        14
      3920      5745      5747      5735      5741      1002      1041      1050      1003        14
      3921      3168      3388      3390      3167      5748      5750      5732      5730        14
      3922      5748      5750      5732      5730      5749      5751      5733      5731        14
      3923      5749      5751      5733      5731       599      1083      1086       846        14
      3924      3367      3168      3167      3372      5746      5748      5730      5734        14
      3925      5746      5748      5730      5734      5747      5749      5731      5735        14
      3926      5747      5749      5731      5735      1041       599       846      1050        14
      3927      1001      1042      1049      1000      3348      3367      3372      3347        14
      3928       598      1082      1087       847      3168      3388      3390      3167        14
      3929      1042       598       847      1049      3367      3168      3167      3372        14
      3930      3077      3096      3101      3076      1001      1042      1049      1000        14
      3931      2891      3117      3119      2890       598      1082      1087       847        14
      3932      3096      2891      2890      3101      1042       598       847      1049        14
      3933      3368      3270      3168      3367      5616      5614      5748      5746        14
      3934      5616      5614      5748      5746      5617      5615      5749      5747        14
      3935      5617      5615      5749      5747      1040       829       599      1041        14
      3936      3349      3368      3367      3348      5590      5616      5746      5744        14
      3937      5590      5616      5746      5744      5591      5617      5747      5745        14
      3938      5591      5617      5747      5745      1005      1040      1041      1002        14
      3939      3270      3283      3388      3168      5614      5612      5750      5748        14
      3940      5614      5612      5750      5748      5615      5613      5751      5749        14
      3941      5615      5613      5751      5749       829       856      1083       599        14
      3942      1043       828       598      1042      3368      3270      3168      3367        14
      3943      1004      1043      1042      1001      3349      3368      3367      3348        14
      3944       828       859      1082       598      3270      3283      3388      3168        14
      3945      3097      2993      2891      3096      1043       828       598      1042        14
      3946      3078      3097      3096      3077      1004      1043      1042      1001        14
      3947      2993      3006      3117      2891       828       859      1082       598        14
      3948       986       992      1001      1004      3069      3072      3077      3078        14
      3949      3340      3343      3348      3349       986       992      1001      1004        14
      3950       993      1002      1005       989      5752      5745      5591      5581        14
      3951      5752      5745      5591      5581      5753      5744      5590      5580        14
      3952      5753      5744      5590      5580      3343      3348      3349      3340        14
      3953      3118      3005       858      1084      4085      4088      4087      4086        14
      3954       809       716      1244      1245      4089      4092      4091      4090        14
      3955      1688      1690      2069      2062      4097      4100      4099      4098        14
      3956      2992      2991      3646      3647      4105      4108      4107      4106        14
      3957       747      1096      1238      1239      4125      4128      4127      4126        14
      3958      3389      3282      5606      5598      4147      4150      5754      5757        14
      3959      5598      5606      5607      5599      5757      5754      5755      5756        14
      3960      5599      5607       857      1085      5756      5755      4149      4148        14
      3961      3450      3623      3801      3798      4151      4154      4153      4152        14
      3962      1108      1084      3389      3401      4159      4086      4147      4160        14
      3963      1104      1106      1393      1394      4168      4171      4170      4169        14
      3964      3679      3702      3805      3802      4180      4183      4182      4181        14
      3965      1702      1703      1949      2064      4205      4208      4207      4206        14
      3966      1228      1227      1737      1728      4213      4216      4215      4214        14
      3967      1490      1454      1924      1942      4226      4229      4228      4227        14
      3968      3130      3118      1084      1108      4230      4085      4086      4159        14
      3969      3641      3695      3992      3991      4234      4237      4236      4235        14
      3970      3451      3450      3798      3876      4238      4151      4152      4239        14
      3971      1730      1560      2072      1950      4240      4243      4242      4241        14
      3972      3434      3433      3814      3926      4248      4251      4250      4249        14
      3973      3642      3641      3991      3989      4262      4234      4235      4263        14
      3974      3571      3451      3876      3982      4212      4238      4239      4211        14
      3975      1095      1092      1267      1147      4264      4267      4266      4265        14
      3976      3117      3006      3573      3737      4268      4271      4270      4269        14
      3977      3005      3006       859       858      4088      4271      4277      4087        14
      3978      3572      3743      4054      3929      4280      4283      4282      4281        14
      3979      3282      3283      5612      5606      4150      4287      5758      5754        14
      3980      5606      5612      5613      5607      5754      5758      5759      5755        14
      3981      5607      5613       856       857      5755      5759      4286      4149        14
      3982      1337      1336      1660      1690      4290      4292      4291      4100        14
      3983      1394      1393      1599      1469      4169      4170      4297      4296        14
      3984      3646      3434      3926      4008      4107      4248      4249      4298        14
      3985      3124      2992      3647      3699      4301      4105      4106      4302        14
      3986      1110       861      1228      1379      4303      4305      4213      4304        14
      3987      3113      3116      3690      3691      4306      4309      4308      4307        14
      3988      1728      1737      2052      2042      4214      4215      4311      4310        14
      3989      2991      2860      3434      3646      4108      4312      4248      4107        14
      3990      1085       857      1163      1164      4148      4149      4320      4319        14
      3991      1379      1228      1728      1598      4304      4213      4214      4328        14
      3992      3007      3131      3606      3433      4330      4332      4331      4251        14
      3993      1636      1715      2041      2040      4335      4338      4337      4336        14
      3994      1245      1244      1559      1560      4090      4091      4164      4243        14
      3995       856      1083      1116      1308      4286      4343      4342      4341        14
      3996       857       856      1308      1163      4149      4286      4341      4320        14
      3997      1308      1116      1689      1453      4341      4342      4351      4350        14
      3998      2860      3007      3433      3434      4312      4330      4251      4248        14
      3999      1690      1660      1925      2069      4100      4291      4356      4099        14
      4000      1598      1728      2042      1757      4328      4214      4310      4365        14
      4001      1454      1453      1895      1924      4229      4350      4377      4228        14
      4002      1686      1490      1942      2068      4378      4226      4227      4379        14
      4003      3126      3125      3700      3695      4391      4393      4392      4237        14
      4004      1092      1066      1253      1267      4267      4396      4395      4266        14
      4005      1660      1470      1926      1925      4291      4404      4403      4356        14
      4006      3125      3124      3699      3700      4393      4301      4302      4392        14
      4007      3700      3699      3794      4007      4392      4302      4413      4412        14
      4008      1148      1147      1507      1715      4415      4265      4416      4338        14
      4009      1599      1598      1757      1754      4297      4328      4365      4421        14
      4010      1096      1099      1264      1238      4128      4425      4424      4127        14
      4011      3737      3573      3930      3779      4269      4270      4427      4426        14
      4012      3128      3112      3702      3679      4430      4431      4183      4180        14
      4013      1164      1163      1454      1490      4319      4320      4229      4226        14
      4014      1689      1688      2062      1898      4351      4097      4098      4432        14
      4015      1239      1238      1637      1709      4126      4127      4434      4433        14
      4016      1116      1115      1688      1689      4342      4435      4097      4351        14
      4017      1100      1095      1147      1148      4437      4264      4265      4415        14
      4018      1177      1245      1560      1730      4440      4090      4243      4240        14
      4019      1083      1086      1115      1116      4343      4441      4435      4342        14
      4020      3119      3117      3737      3720      4442      4268      4269      4443        14
      4021      1227      1370      1717      1737      4216      4448      4447      4215        14
      4022      1560      1559      1761      2072      4243      4164      4165      4242        14
      4023      3695      3700      4007      3992      4237      4392      4412      4236        14
      4024      3122      3123      3641      3642      4449      4450      4234      4262        14
      4025      1397      1164      1490      1686      4452      4319      4226      4378        14
      4026      1178      1177      1730      1703      4453      4440      4240      4208        14
      4027      2886      3122      3642      3664      4456      4449      4262      4457        14
      4028      1737      1717      1847      2052      4215      4447      4458      4311        14
      4029       590       810      1177      1178      4459      4460      4440      4453        14
      4030      3647      3646      4008      3797      4106      4107      4298      4461        14
      4031       858       859      3283      3282      4087      4277      4287      4150        14
      4032      3573      3572      3929      3930      4270      4280      4281      4427        14
      4033      1507      1506      1811      1808      4416      4466      4465      4464        14
      4034      1715      1507      1808      2041      4338      4416      4464      4337        14
      4035      2984      2985      3450      3451      4467      4468      4151      4238        14
      4036       748       747      1239      1370      4469      4125      4126      4448        14
      4037      1066       590      1178      1253      4396      4459      4453      4395        14
      4038      3680      3679      3802      3895      4475      4180      4181      4476        14
      4039       529       748      1370      1227      4477      4469      4448      4216        14
      4040      3131      3129      3680      3606      4332      4480      4475      4331        14
      4041      1470      1469      2048      1926      4404      4296      4481      4403        14
      4042      3129      3128      3679      3680      4480      4430      4180      4475        14
      4043      2985      2887      3623      3450      4468      4482      4154      4151        14
      4044      1163      1308      1453      1454      4320      4341      4350      4229        14
      4045      1469      1599      1754      2048      4296      4297      4421      4481        14
      4046      3664      3642      3989      3988      4457      4262      4263      4485        14
      4047      3005      3118      3743      3572      4088      4085      4283      4280        14
      4048      1370      1239      1709      1717      4448      4126      4433      4447        14
      4049      1106      1110      1379      1393      4171      4303      4304      4170        14
      4050      1506      1702      2064      1811      4466      4205      4206      4465        14
      4051      1357      1394      1469      1470      4487      4169      4296      4404        14
      4052      3118      3130      3744      3743      4085      4230      4488      4283        14
      4053      1109      1085      1164      1397      4489      4148      4319      4452        14
      4054      3690      3720      3780      3863      4308      4443      4491      4490        14
      4055      3116      3119      3720      3690      4309      4442      4443      4308        14
      4056      1115      1337      1690      1688      4435      4290      4100      4097        14
      4057      3720      3737      3779      3780      4443      4269      4426      4491        14
      4058      1637      1636      2040      2003      4434      4335      4336      4492        14
      4059      1264      1148      1715      1636      4424      4415      4338      4335        14
      4060      1267      1253      1702      1506      4266      4395      4205      4466        14
      4061       861       529      1227      1228      4305      4477      4216      4213        14
      4062      1086      1078      1337      1115      4441      4498      4290      4435        14
      4063      1703      1730      1950      1949      4208      4240      4241      4207        14
      4064      1070      1071      1357      1336      4499      4500      4487      4292        14
      4065      1238      1264      1636      1637      4127      4424      4335      4434        14
      4066      1099      1100      1148      1264      4425      4437      4415      4424        14
      4067      1393      1379      1598      1599      4170      4304      4328      4297        14
      4068      2887      2886      3664      3623      4482      4456      4457      4154        14
      4069      3401      3389      5598      5596      4160      4147      5757      5761        14
      4070      5596      5598      5599      5597      5761      5757      5756      5760        14
      4071      5597      5599      1085      1109      5760      5756      4148      4489        14
      4072      1253      1178      1703      1702      4395      4453      4208      4205        14
      4073      1078      1070      1336      1337      4498      4499      4292      4290        14
      4074      3623      3664      3988      3801      4154      4457      4485      4153        14
      4075      3123      3126      3695      3641      4450      4391      4237      4234        14
      4076      1071      1104      1394      1357      4500      4168      4169      4487        14
      4077      1709      1637      2003      1848      4433      4434      4492      4502        14
      4078      3699      3647      3797      3794      4302      4106      4461      4413        14
      4079      3112      3113      3691      3702      4431      4306      4307      4183        14
      4080      2857      2984      3451      3571      4394      4467      4238      4212        14
      4081      1084       858      3282      3389      4086      4087      4150      4147        14
      4082       810       809      1245      1177      4460      4089      4090      4440        14
      4083      3006      3005      3572      3573      4271      4088      4280      4270        14
      4084      1336      1357      1470      1660      4292      4487      4404      4291        14
      4085      1453      1689      1898      1895      4350      4351      4432      4377        14
      4086      3606      3680      3895      3816      4331      4475      4476      4504        14
      4087      1147      1267      1506      1507      4265      4266      4466      4416        14
      4088      3433      3606      3816      3814      4251      4331      4504      4250        14
      4089      3702      3691      3888      3805      4183      4307      4505      4182        14
      4090      1717      1709      1848      1847      4447      4433      4502      4458        14
      4091      3743      3744      4053      4054      4283      4488      4506      4282        14
      4092      3691      3690      3863      3888      4307      4308      4490      4505        14
      4093      3402      3284      5638      5636      4511      4512      5762      5765        14
      4094      5636      5638      5639      5637      5765      5762      5763      5764        14
      4095      5637      5639       861      1110      5764      5763      4305      4303        14
      4096       588      1093      3122      2886      4513      4514      4449      4456        14
      4097       860      1111      3131      3007      4515      4516      4332      4330        14
      4098      1105      1072      3112      3128      4517      4518      4431      4430        14
      4099      3284      3402      1111       860      4512      4511      4516      4515        14
      4100      3261      3134      5202      5620      4522      4523      5281      5767        14
      4101      5620      5202      5203      5621      5767      5281      5280      5766        14
      4102      5621      5203       716       809      5766      5280      4092      4089        14
      4103      3383      3399      5648      5630      4524      4525      5768      5771        14
      4104      5630      5648      5649      5631      5771      5768      5769      5770        14
      4105      5631      5649      1104      1071      5770      5769      4168      4500        14
      4106      3397      3396      1098      1101      4526      4529      4528      4527        14
      4107      3164      3262      5694      5692      4534      4535      5772      5775        14
      4108      5692      5694      5695      5693      5775      5772      5773      5774        14
      4109      5693      5695       810       590      5774      5773      4460      4459        14
      4110      1094      1101      3126      3123      4538      4527      4391      4450        14
      4111      3119      3116      1079      1087      4442      4309      4542      4541        14
      4112      3396      3397      5704      5670      4529      4526      5776      5779        14
      4113      5670      5704      5705      5671      5779      5776      5777      5778        14
      4114      5671      5705      1100      1099      5778      5777      4437      4425        14
      4115       811       589      2887      2985      4545      4546      4482      4468        14
      4116       589       588      2886      2887      4546      4513      4456      4482        14
      4117      3164      3163       588       589      4534      4551      4513      4546        14
      4118      1098      1097      3124      3125      4528      4554      4301      4393        14
      4119      3393      3163      5714      5712      4555      4551      5780      5783        14
      4120      5712      5714      5715      5713      5783      5780      5781      5782        14
      4121      5713      5715      1066      1092      5782      5781      4396      4267        14
      4122      3390      3387      5624      5732      4558      4559      5784      5787        14
      4123      5732      5624      5625      5733      5787      5784      5785      5786        14
      4124      5733      5625      1078      1086      5786      5785      4498      4441        14
      4125      3268      3137       527       826      4564      4567      4566      4565        14
      4126      1101      1098      3125      3126      4527      4528      4393      4391        14
      4127      3163      3393      1093       588      4551      4555      4514      4513        14
      4128       524       808      2984      2857      4544      4569      4467      4394        14
      4129      3396      3395      1097      1098      4529      4575      4554      4528        14
      4130      3395      3269       827      1097      4575      4577      4576      4554        14
      4131      1087      1079      3387      3390      4541      4542      4559      4558        14
      4132      3261      3262       811       808      4522      4535      4545      4569        14
      4133      3269      3268       826       827      4577      4564      4565      4576        14
      4134      1082      1087      3390      3388      4580      4541      4558      4581        14
      4135      3388      3390      5732      5750      4581      4558      5787      5789        14
      4136      5750      5732      5733      5751      5789      5787      5786      5788        14
      4137      5751      5733      1086      1083      5788      5786      4441      4343        14
      4138      3399      3400      5644      5648      4525      4587      5790      5768        14
      4139      5648      5644      5645      5649      5768      5790      5791      5769        14
      4140      5649      5645      1106      1104      5769      5791      4171      4168        14
      4141       827       826      2991      2992      4576      4565      4108      4105        14
      4142      3137      3284       860       527      4567      4512      4515      4566        14
      4143      3394      3397      1101      1094      4589      4526      4527      4538        14
      4144      3393      3394      1094      1093      4555      4589      4538      4514        14
      4145      3113      3112      1072      1073      4306      4431      4518      4597        14
      4146      3262      3164       589       811      4535      4534      4546      4545        14
      4147      3400      3402      5636      5644      4587      4511      5765      5790        14
      4148      5644      5636      5637      5645      5790      5765      5764      5791        14
      4149      5645      5637      1110      1106      5791      5764      4303      4171        14
      4150      3395      3396      5670      5668      4575      4529      5779      5793        14
      4151      5668      5670      5671      5669      5793      5779      5778      5792        14
      4152      5669      5671      1099      1096      5792      5778      4425      4128        14
      4153      3006      3117      1082       859      4271      4268      4580      4277        14
      4154      3399      3383      1072      1105      4525      4524      4518      4517        14
      4155      3262      3261      5620      5694      4535      4522      5767      5772        14
      4156      5694      5620      5621      5695      5772      5767      5766      5773        14
      4157      5695      5621       809       810      5773      5766      4089      4460        14
      4158      3384      3383      5630      5626      4602      4524      5771      5795        14
      4159      5626      5630      5631      5627      5795      5771      5770      5794        14
      4160      5627      5631      1071      1070      5794      5770      4500      4499        14
      4161      3400      3399      1105      1107      4587      4525      4517      4603        14
      4162      3397      3394      5706      5704      4526      4589      5796      5776        14
      4163      5704      5706      5707      5705      5776      5796      5797      5777        14
      4164      5705      5707      1095      1100      5777      5797      4264      4437        14
      4165      3284      3137      5650      5638      4512      4567      5798      5762        14
      4166      5638      5650      5651      5639      5762      5798      5799      5763        14
      4167      5639      5651       529       861      5763      5799      4477      4305        14
      4168      1093      1094      3123      3122      4514      4538      4450      4449        14
      4169      3163      3164      5692      5714      4551      4534      5775      5780        14
      4170      5714      5692      5693      5715      5780      5775      5774      5781        14
      4171      5715      5693       590      1066      5781      5774      4459      4396        14
      4172      3117      3119      1087      1082      4268      4442      4541      4580        14
      4173      3283      3388      5750      5612      4287      4581      5789      5758        14
      4174      5612      5750      5751      5613      5758      5789      5788      5759        14
      4175      5613      5751      1083       856      5759      5788      4343      4286        14
      4176      3387      3384      5626      5624      4559      4602      5795      5784        14
      4177      5624      5626      5627      5625      5784      5795      5794      5785        14
      4178      5625      5627      1070      1078      5785      5794      4499      4498        14
      4179      1073      1072      3383      3384      4597      4518      4524      4602        14
      4180      3268      3269      5680      5674      4564      4577      5800      5803        14
      4181      5674      5680      5681      5675      5803      5800      5801      5802        14
      4182      5675      5681       747       748      5802      5801      4125      4469        14
      4183       808       811      2985      2984      4569      4545      4468      4467        14
      4184      1111      1107      3129      3131      4516      4603      4480      4332        14
      4185      3394      3393      5712      5706      4589      4555      5783      5796        14
      4186      5706      5712      5713      5707      5796      5783      5782      5797        14
      4187      5707      5713      1092      1095      5797      5782      4267      4264        14
      4188      3134      3261       808       524      4523      4522      4569      4544        14
      4189      1097       827      2992      3124      4554      4576      4105      4301        14
      4190      3402      3400      1107      1111      4511      4587      4603      4516        14
      4191      1107      1105      3128      3129      4603      4517      4430      4480        14
      4192      3116      3113      1073      1079      4309      4306      4597      4542        14
      4193       826       527      2860      2991      4565      4566      4312      4108        14
      4194      3269      3395      5668      5680      4577      4575      5793      5800        14
      4195      5680      5668      5669      5681      5800      5793      5792      5801        14
      4196      5681      5669      1096       747      5801      5792      4128      4125        14
      4197       527       860      3007      2860      4566      4515      4330      4312        14
      4198       859      1082      3388      3283      4277      4580      4581      4287        14
      4199      3137      3268      5674      5650      4567      4564      5803      5798        14
      4200      5650      5674      5675      5651      5798      5803      5802      5799        14
      4201      5651      5675       748       529      5799      5802      4469      4477        14
      4202      1079      1073      3384      3387      4542      4597      4602      4559        14
      4203      6080      3036      3037      6079      5992       918       921      5993        14
      4204      6079      3037      3040      2858      5993       921       926       525        14
      4205      2858      6077      6078      6079       525      5995      5994      5993        14
      4206      6014      6015      3405      3311      6252      6248      5552      5550        14
      4207      6252      6248      5552      5550      6251      6247      5553      5551        14
      4208      6251      6247      5553      5551      6000      6001       919       920        14
      4209      3135      6012      6013      6014      5804      6244      6250      6252        14
      4210      5804      6244      6250      6252      5805      6243      6249      6251        14
      4211      5805      6243      6249      6251       788      6003      6002      6000        14
      4212      6014      3311      3314      3135      6252      5550      5556      5804        14
      4213      6252      5550      5556      5804      6251      5551      5557      5805        14
      4214      6251      5551      5557      5805      6000       920       927       788        14
      4215      2901      6075      6076      2900       617      5997      5996       616        14
      4216      2900      6076      6077      2858       616      5996      5995       525        14
      4217      2900      3039      3038      2901       616       924       923       617        14
      4218      2858      3040      3039      2900       525       926       924       616        14
      4219      3178      6010      6011      3177      5806      6246      6242      5808        14
      4220      5806      6246      6242      5808      5807      6245      6241      5809        14
      4221      5807      6245      6241      5809       787      5985      5984       786        14
      4222      3177      6011      6012      3135      5808      6242      6244      5804        14
      4223      5808      6242      6244      5804      5809      6241      6243      5805        14
      4224      5809      6241      6243      5805       786      5984      6003       788        14
      4225      3177      3313      3312      3178      5808      5574      5576      5806        14
      4226      5808      5574      5576      5806      5809      5575      5577      5807        14
      4227      5809      5575      5577      5807       786       925       922       787        14
      4228      3135      3314      3313      3177      5804      5556      5574      5808        14
      4229      5804      5556      5574      5808      5805      5557      5575      5809        14
      4230      5805      5557      5575      5809       788       927       925       786        14
      4231      3038      3069      3072      2901       923       986       992       617        14
      4232      2901      3072      2902      6075       617       992       618      5997        14
      4233      3312      3340      3343      3178      5576      5580      5753      5806        14
      4234      5576      5580      5753      5806      5577      5581      5752      5807        14
      4235      5577      5581      5752      5807       922       989       993       787        14
      4236      3178      3343      3179      6010      5806      5753      5810      6246        14
      4237      5806      5753      5810      6246      5807      5752      5811      6245        14
      4238      5807      5752      5811      6245       787       993       766      5985        14
      4239      6073      2904      2905      6072      5999       620       621      5928        14
      4240      2904      6073      6074      2903       620      5999      5998       619        14
      4241      2903      6074      6075      2902       619      5998      5997       618        14
      4242      6008      3181      3182      6007      6238      5812      5814      6236        14
      4243      6238      5812      5814      6236      6237      5813      5815      6235        14
      4244      6237      5813      5815      6235      5991       764       763      5926        14
      4245      3181      6008      6009      3180      5812      6238      6240      5816        14
      4246      5812      6238      6240      5816      5813      6237      6239      5817        14
      4247      5813      6237      6239      5817       764      5991      5932       765        14
      4248      3180      6009      6010      3179      5816      6240      6246      5810        14
      4249      5816      6240      6246      5810      5817      6239      6245      5811        14
      4250      5817      6239      6245      5811       765      5932      5985       766        14
      4251      6102      2909      2910      6027      5941       625       626      5876        14
      4252      2909      6102      6107      2908       625      5941      5931       624        14
      4253      2908      6107      6108      2907       624      5931      5930       623        14
      4254      2907      6108      6109      2906       623      5930      5929       622        14
      4255      2906      6109      6072      2905       622      5929      5928       621        14
      4256      6040      3186      3187      6039      6227      5818      5820      6225        14
      4257      6227      5818      5820      6225      6228      5819      5821      6226        14
      4258      6228      5819      5821      6226      5942       759       758      5875        14
      4259      3186      6040      6045      3185      5818      6227      6229      5822        14
      4260      5818      6227      6229      5822      5819      6228      6230      5823        14
      4261      5819      6228      6230      5823       759      5942      5939       760        14
      4262      3185      6045      6046      3184      5822      6229      6234      5824        14
      4263      5822      6229      6234      5824      5823      6230      6233      5825        14
      4264      5823      6230      6233      5825       760      5939      5940       761        14
      4265      3184      6046      6047      3183      5824      6234      6232      5826        14
      4266      5824      6234      6232      5826      5825      6233      6231      5827        14
      4267      5825      6233      6231      5827       761      5940      5927       762        14
      4268      3183      6047      6007      3182      5826      6232      6236      5814        14
      4269      5826      6232      6236      5814      5827      6231      6235      5815        14
      4270      5827      6231      6235      5815       762      5927      5926       763        14
      4271      2913      6068      6067      2912       629      5872      5873       628        14
      4272      2912      6067      6028      2911       628      5873      5874       627        14
      4273      6068      2913      2914      6103      5872       629       630      5883        14
      4274      2911      6028      6027      2910       627      5874      5876       626        14
      4275      3190      6005      6004      3189      5828      6219      6221      5830        14
      4276      5828      6219      6221      5830      5829      6220      6222      5831        14
      4277      5829      6220      6222      5831       755      5871      5869       756        14
      4278      3189      6004      6061      3188      5830      6221      6223      5832        14
      4279      5830      6221      6223      5832      5831      6222      6224      5833        14
      4280      5831      6222      6224      5833       756      5869      5870       757        14
      4281      6005      3190      3191      6041      6219      5828      5834      6217        14
      4282      6219      5828      5834      6217      6220      5829      5835      6218        14
      4283      6220      5829      5835      6218      5871       755       754      5879        14
      4284      3188      6061      6039      3187      5832      6223      6225      5820        14
      4285      5832      6223      6225      5820      5833      6224      6226      5821        14
      4286      5833      6224      6226      5821       757      5870      5875       758        14
      4287      2914      6128      6125      6103       630      5878      5888      5883        14
      4288      5879      5893      5884       754      6218      6216      6214      5835        14
      4289      6218      6216      6214      5835      6217      6215      6213      5834        14
      4290      6217      6215      6213      5834      6041      6063      6066      3191        14
      4291       766      1003      1002       993      5811      5741      5745      5752        14
      4292      5811      5741      5745      5752      5810      5740      5744      5753        14
      4293      5810      5740      5744      5753      3179      3347      3348      3343        14
      4294       992       618      1000      1001      3072      2902      3076      3077        14
      4295       764      1008      1011       765      5813      5737      5743      5817        14
      4296      5813      5737      5743      5817      5812      5736      5742      5816        14
      4297      5812      5736      5742      5816      3181      3351      3352      3180        14
      4298       763      1019      1008       764      5815      5739      5737      5813        14
      4299      5815      5739      5737      5813      5814      5738      5736      5812        14
      4300      5814      5738      5736      5812      3182      3356      3351      3181        14
      4301       765      1011      1003       766      5817      5743      5741      5811        14
      4302      5817      5743      5741      5811      5816      5742      5740      5810        14
      4303      5816      5742      5740      5810      3180      3352      3347      3179        14
      4304       619       620      1009      1010      2903      2904      3080      3081        14
      4305       620       621      1018      1009      2904      2905      3085      3080        14
      4306       618       619      1010      1000      2902      2903      3081      3076        14
      4307       758      1012      1015       759      5821      5836      5838      5819        14
      4308      5821      5836      5838      5819      5820      5837      5839      5818        14
      4309      5820      5837      5839      5818      3187      3353      3354      3186        14
      4310       762      1016      1019       763      5827      5840      5739      5815        14
      4311      5827      5840      5739      5815      5826      5841      5738      5814        14
      4312      5826      5841      5738      5814      3183      3355      3356      3182        14
      4313       761      1020      1016       762      5825      5842      5840      5827        14
      4314      5825      5842      5840      5827      5824      5843      5841      5826        14
      4315      5824      5843      5841      5826      3184      3357      3355      3183        14
      4316       759      1015      1027       760      5819      5838      5844      5823        14
      4317      5819      5838      5844      5823      5818      5839      5845      5822        14
      4318      5818      5839      5845      5822      3186      3354      3360      3185        14
      4319       760      1027      1020       761      5823      5844      5842      5825        14
      4320      5823      5844      5842      5825      5822      5845      5843      5824        14
      4321      5822      5845      5843      5824      3185      3360      3357      3184        14
      4322       625       626      1013      1014      2909      2910      3082      3083        14
      4323       621       622      1017      1018      2905      2906      3084      3085        14
      4324       622       623      1021      1017      2906      2907      3086      3084        14
      4325       623       624      1026      1021      2907      2908      3089      3086        14
      4326       624       625      1014      1026      2908      2909      3083      3089        14
      4327       755      1022      1025       756      5829      5846      5848      5831        14
      4328      5829      5846      5848      5831      5828      5847      5849      5830        14
      4329      5828      5847      5849      5830      3190      3358      3359      3189        14
      4330       756      1025      1029       757      5831      5848      5850      5833        14
      4331      5831      5848      5850      5833      5830      5849      5851      5832        14
      4332      5830      5849      5851      5832      3189      3359      3361      3188        14
      4333       754      1030      1022       755      5835      5852      5846      5829        14
      4334      5835      5852      5846      5829      5834      5853      5847      5828        14
      4335      5834      5853      5847      5828      3191      3362      3358      3190        14
      4336       757      1029      1012       758      5833      5850      5836      5821        14
      4337      5833      5850      5836      5821      5832      5851      5837      5820        14
      4338      5832      5851      5837      5820      3188      3361      3353      3187        14
      4339       628       629      1023      1024      2912      2913      3087      3088        14
      4340       627       628      1024      1028      2911      2912      3088      3090        14
      4341       629       630      1031      1023      2913      2914      3091      3087        14
      4342       626       627      1028      1013      2910      2911      3090      3082        14
      4343      5884       753      1030       754      6214      5854      5852      5835        14
      4344      6214      5854      5852      5835      6213      5855      5853      5834        14
      4345      6213      5855      5853      5834      6066      3192      3362      3191        14
      4346      5884      5891       752       753      6214      6212      5856      5854        14
      4347      6214      6212      5856      5854      6213      6211      5857      5855        14
      4348      6213      6211      5857      5855      6066      6065      3193      3192        14
      4349      5891      5890       751       752      6212      6210      5858      5856        14
      4350      6212      6210      5858      5856      6211      6209      5859      5857        14
      4351      6211      6209      5859      5857      6065      6064      3194      3193        14
      4352      5890      5885       750       751      6210      6208      5860      5858        14
      4353      6210      6208      5860      5858      6209      6207      5861      5859        14
      4354      6209      6207      5861      5859      6064      6062      3195      3194        14
      4355      5886       749       750      5885      6206      5862      5860      6208        14
      4356      6206      5862      5860      6208      6205      5863      5861      6207        14
      4357      6205      5863      5861      6207      6059      3196      3195      6062        14
      4358       630      5878       631      1031      2914      6128      2915      3091        14
      4359       631      5878      5880       632      2915      6128      6127      2916        14
      4360       633      5887      5889       634      2917      6126      6124      2918        14
      4361       632      5880      5887       633      2916      6127      6126      2917        14
      4362      5889      5892       635       634      6124      6122      2919      2918        14
      4363      5898       774       749      5886      6204      5864      5862      6206        14
      4364      6204      5864      5862      6206      6203      5865      5863      6205        14
      4365      6203      5865      5863      6205      6060      3197      3196      6059        14
      4366      5898      5897      5896       774      6204      6200      6202      5864        14
      4367      6204      6200      6202      5864      6203      6199      6201      5865        14
      4368      6203      6199      6201      5865      6060      6057      6056      3197        14
      4369      5892      5899       636       635      6122      6123      2920      2919        14
      4370       636      5899      5902      5903      2920      6123      6120      6119        14
      4371      3084      3092      3103      3086      1017      1032      1054      1021        14
      4372      3086      3103      3107      3089      1021      1054      1062      1026        14
      4373      3085      3093      3092      3084      1018      1033      1032      1017        14
      4374      3083      3095      3094      3082      1014      1037      1036      1013        14
      4375      3089      3107      3095      3083      1026      1062      1037      1014        14
      4376      3355      3363      3374      3357      5841      5662      5654      5843        14
      4377      5841      5662      5654      5843      5840      5663      5655      5842        14
      4378      5840      5663      5655      5842      1016      1035      1055      1020        14
      4379      3357      3374      3378      3360      5843      5654      5656      5845        14
      4380      5843      5654      5656      5845      5842      5655      5657      5844        14
      4381      5842      5655      5657      5844      1020      1055      1063      1027        14
      4382      3356      3364      3363      3355      5738      5660      5662      5841        14
      4383      5738      5660      5662      5841      5739      5661      5663      5840        14
      4384      5739      5661      5663      5840      1019      1034      1035      1016        14
      4385      3354      3366      3365      3353      5839      5658      5664      5837        14
      4386      5839      5658      5664      5837      5838      5659      5665      5836        14
      4387      5838      5659      5665      5836      1015      1038      1039      1012        14
      4388      3360      3378      3366      3354      5845      5656      5658      5839        14
      4389      5845      5656      5658      5839      5844      5657      5659      5838        14
      4390      5844      5657      5659      5838      1027      1063      1038      1015        14
      4391      3087      3098      3001      3091      1023      1044       848      1031        14
      4392      3088      3099      3098      3087      1024      1045      1044      1023        14
      4393      3090      3106      3099      3088      1028      1060      1045      1024        14
      4394      3082      3094      3106      3090      1013      1036      1060      1028        14
      4395      3358      3369      3278      3362      5847      5684      5688      5853        14
      4396      5847      5684      5688      5853      5846      5685      5689      5852        14
      4397      5846      5685      5689      5852      1022      1047       849      1030        14
      4398      3359      3370      3369      3358      5849      5682      5684      5847        14
      4399      5849      5682      5684      5847      5848      5683      5685      5846        14
      4400      5848      5683      5685      5846      1025      1046      1047      1022        14
      4401      3361      3377      3370      3359      5851      5686      5682      5849        14
      4402      5851      5686      5682      5849      5850      5687      5683      5848        14
      4403      5850      5687      5683      5848      1029      1061      1046      1025        14
      4404      3353      3365      3377      3361      5837      5664      5686      5851        14
      4405      5837      5664      5686      5851      5836      5665      5687      5850        14
      4406      5836      5665      5687      5850      1012      1039      1061      1029        14
      4407      3091      3001      3002      2915      1031       848       974       631        14
      4408      2915      3002      3064      2916       631       974       977       632        14
      4409      2916      3064      3065      2917       632       977       978       633        14
      4410      2917      3065      3066      2918       633       978       981       634        14
      4411      2918      3066      3068      2919       634       981       985       635        14
      4412      3362      3278      3279      3192      5853      5688      5722      5855        14
      4413      5853      5688      5722      5855      5852      5689      5723      5854        14
      4414      5852      5689      5723      5854      1030       849       975       753        14
      4415      3192      3279      3335      3193      5855      5722      5724      5857        14
      4416      5855      5722      5724      5857      5854      5723      5725      5856        14
      4417      5854      5723      5725      5856       753       975       976       752        14
      4418      3193      3335      3336      3194      5857      5724      5718      5859        14
      4419      5857      5724      5718      5859      5856      5725      5719      5858        14
      4420      5856      5725      5719      5858       752       976       979       751        14
      4421      3194      3336      3337      3195      5859      5718      5720      5861        14
      4422      5859      5718      5720      5861      5858      5719      5721      5860        14
      4423      5858      5719      5721      5860       751       979       980       750        14
      4424       749       984       980       750      5862      5699      5721      5860        14
      4425      5862      5699      5721      5860      5863      5698      5720      5861        14
      4426      5863      5698      5720      5861      3196      3339      3337      3195        14
      4427      2920      3067      2921      6119       636       982       637      5903        14
      4428      2919      3068      3067      2920       635       985       982       636        14
      4429      5896       745       983       774      6202      5866      5701      5864        14
      4430      6202      5866      5701      5864      6201      5867      5700      5865        14
      4431      6201      5867      5700      5865      6056      3198      3338      3197        14
      4432       774       983       984       749      5864      5701      5699      5862        14
      4433      5864      5701      5699      5862      5865      5700      5698      5863        14
      4434      5865      5700      5698      5863      3197      3338      3339      3196        14
      4435      2922      6121      6119      2921       638      5901      5903       637        14
      4436      3199      6058      6056      3198      5296      6197      6201      5867        14
      4437      5296      6197      6201      5867      5297      6198      6202      5866        14
      4438      5297      6198      6202      5866       744      5895      5896       745        14
      4439      3067      2895      2896      2921       982       608       609       637        14
      4440      3338      3172      3173      3198      5700      5696      5618      5867        14
      4441      5700      5696      5618      5867      5701      5697      5619      5866        14
      4442      5701      5697      5619      5866       983       607       606       745        14
      4443      2921      2896      2880      2922       637       609       573       638        14
      4444       744       572       606       745      5297      5201      5619      5866        14
      4445      5297      5201      5619      5866      5296      5200      5618      5867        14
      4446      5296      5200      5618      5867      3199      3157      3173      3198        14
      4447      2122      2155       466       504      6016      6024      5971      5990        15
      4448       464      2159      2148       471      5969      6025      6023      5973        15
      4449       504       471      2148      2122      5990      5973      6023      6016        15
      4450       466      2155      2131       501      5971      6024      6017      5989        15
      4451       491       501      2131      2133      5981      5989      6017      6019        15
      4452       490      2134      2135       488      5980      6020      6021      5978        15
      4453       490       491      2133      2134      5980      5981      6019      6020        15
      4454       499       488      2135      2132      5987      5978      6021      6018        15
      4455       459      2173      2136       303      5966      6029      6022      5934        15
      4456      2132      2173       459       499      6018      6029      5966      5987        15
      4457      2633       466       501      2607      6089      5971      5989      6082        15
      4458      2609      2607       501       491      6084      6082      5989      5981        15
      4459      2635       464       471      2624      6090      5969      5973      6088        15
      4460      2598      2624       471       504      6081      6088      5973      5990        15
      4461       504       466      2633      2598      5990      5971      6089      6081        15
      4462       470      4612      4610       465      5972      6131      6129      5970        15
      4463      4612      4613      4611      4610      6131      6132      6130      6129        15
      4464      4613      2148      2159      4611      6132      6023      6025      6130        15
      4465      2122      2148      4613      4615      6016      6023      6132      6134        15
      4466      4615      4613      4612      4614      6134      6132      6131      6133        15
      4467      4614      4612       470       483      6133      6131      5972      5976        15
      4468       483       476      4616      4614      5976      5974      6135      6133        15
      4469      4614      4616      4617      4615      6133      6135      6136      6134        15
      4470      4615      4617      2155      2122      6134      6136      6024      6016        15
      4471       500      4622      4616       476      5988      6137      6135      5974        15
      4472      4622      4623      4617      4616      6137      6138      6136      6135        15
      4473      4623      2131      2155      4617      6138      6017      6024      6136        15
      4474      2133      2131      4623      4625      6019      6017      6138      6140        15
      4475      4625      4623      4622      4624      6140      6138      6137      6139        15
      4476      4624      4622       500       492      6139      6137      5988      5982        15
      4477      2642       459       303      2612      6092      5966      5934      6087        15
      4478       499       459      2642      2608      5987      5966      6092      6083        15
      4479      2608      2611       488       499      6083      6086      5978      5987        15
      4480      2609       491       490      2610      6084      5981      5980      6085        15
      4481      2611      2610       490       488      6086      6085      5980      5978        15
      4482      2133      4625      4634      2134      6019      6140      6143      6020        15
      4483      4625      4624      4635      4634      6140      6139      6144      6143        15
      4484      4624       492       493      4635      6139      5982      5983      6144        15
      4485      2135      2134      4634      4632      6021      6020      6143      6141        15
      4486      4632      4634      4635      4633      6141      6143      6144      6142        15
      4487      4633      4635       493       489      6142      6144      5983      5979        15
      4488      2132      2135      4632      4643      6018      6021      6141      6146        15
      4489      4643      4632      4633      4642      6146      6141      6142      6145        15
      4490      4642      4633       489       498      6145      6142      5979      5986        15
      4491      2173      4654      4652      2136      6029      6149      6147      6022        15
      4492      4654      4655      4653      4652      6149      6150      6148      6147        15
      4493      4655       485       305      4653      6150      5977      5936      6148        15
      4494       498       485      4655      4642      5986      5977      6150      6145        15
      4495      4642      4655      4654      4643      6145      6150      6149      6146        15
      4496      4643      4654      2173      2132      6146      6149      6029      6018        15
      4497      6280      6303      2238       295      5934      6022      6044      5933        15
      4498       312       295      2238      2232      5938      5933      6044      6042        15
      4499        50       312      2232      2233      5881      5938      6042      6043        15
      4500      6362      6280       295      2695      6087      5934      5933      6106        15
      4501      2238      6303      6383      4685      6044      6022      6147      6152        15
      4502      4685      6383      6384      4684      6152      6147      6148      6151        15
      4503      4684      6384      6281       330      6151      6148      5936      5943        15
      4504      2688      2695       295       312      6104      6106      5933      5938        15
      4505      2232      2238      4685      4688      6042      6044      6152      6153        15
      4506      4688      4685      4684      4689      6153      6152      6151      6154        15
      4507      4689      4684       330       311      6154      6151      5943      5937        15
      4508      2689      2688       312        50      6105      6104      5938      5881        15
      4509      2233      2232      4688      4699      6043      6042      6153      6156        15
      4510      4699      4688      4689      4698      6156      6153      6154      6155        15
      4511      4698      4689       311        51      6155      6154      5937      5882        15
      4512       455      6455      6496      2174      5965      5881      6043      6030        15
      4513       455      2174      2162       463      5965      6030      6026      5968        15
      4514       349       463      2162      2216      5944      5968      6026      6038        15
      4515       349      2216      2181       435      5944      6038      6032      5954        15
      4516      2181      2203       381       435      6032      6037      5946      5954        15
      4517      2643      6531      6455       455      6093      6105      5881      5965        15
      4518      2174      6496      6555      4708      6030      6043      6156      6157        15
      4519      4708      6555      6554      4709      6157      6156      6155      6158        15
      4520      4709      6554      6456       480      6158      6155      5882      5975        15
      4521      2643       455       463      2636      6093      5965      5968      6091        15
      4522      2674      2636       463       349      6101      6091      5968      5944        15
      4523      2174      4708      4720      2162      6030      6157      6161      6026        15
      4524      4708      4709      4721      4720      6157      6158      6162      6161        15
      4525      4709       480       462      4721      6158      5975      5967      6162        15
      4526      2216      2162      4720      4718      6038      6026      6161      6159        15
      4527      4718      4720      4721      4719      6159      6161      6162      6160        15
      4528      4719      4721       462       304      6160      6162      5967      5935        15
      4529      2648      2674       349       435      6095      6101      5944      5954        15
      4530      2181      2216      4718      4734      6032      6038      6159      6163        15
      4531      4734      4718      4719      4735      6163      6159      6160      6164        15
      4532      4735      4719       304       446      6164      6160      5935      5959        15
      4533       435       381      2667      2648      5954      5946      6100      6095        15
      4534       446       389      4749      4735      5959      5947      6166      6164        15
      4535      4735      4749      4748      4734      6164      6166      6165      6163        15
      4536      4734      4748      2203      2181      6163      6165      6037      6032        15
      4537       452       451       447       448      5963      5962      5960      5961        15
      4538       448       447       442       443      5961      5960      5957      5958        15
      4539       433       132      4778      4776      5953      5905      6169      6167        15
      4540      4776      4778      4779      4777      6167      6169      6170      6168        15
      4541      4777      4779      2253      2195      6168      6170      6049      6036        15
      4542       133       132       433       432      5906      5905      5953      5952        15
      4543       439       438       432       433      5956      5955      5952      5953        15
      4544       443       442       438       439      5958      5957      5955      5956        15
      4545       397       131      2711      2663      5948      5904      6111      6099        15
      4546       378        35       451       452      5945      5877      5962      5963        15
      4547      2437      2709       270         5      6069      6110      5925      5868        15
      4548      2092      2251      4800      4798      6006      6048      6173      6171        15
      4549      4798      4800      4801      4799      6171      6173      6174      6172        15
      4550      4799      4801       269       378      6172      6174      5924      5945        15
      4551         5       453      2646      2437      5868      5964      6094      6069        15
      4552       378       452      4809      4799      5945      5963      6176      6172        15
      4553      4799      4809      4808      4798      6172      6176      6175      6171        15
      4554      4798      4808      2178      2092      6171      6175      6031      6006        15
      4555       400      2656      2646       453      5951      6096      6094      5964        15
      4556       452       448      4817      4809      5963      5961      6178      6176        15
      4557      4809      4817      4816      4808      6176      6178      6177      6175        15
      4558      4808      4816      2189      2178      6175      6177      6033      6031        15
      4559       400       399      2658      2656      5951      5950      6097      6096        15
      4560       448       443      4825      4817      5961      5958      6180      6178        15
      4561      4817      4825      4824      4816      6178      6180      6179      6177        15
      4562      4816      4824      2191      2189      6177      6179      6034      6033        15
      4563       399       398      2660      2658      5950      5949      6098      6097        15
      4564       443       439      4833      4825      5958      5956      6182      6180        15
      4565      4825      4833      4832      4824      6180      6182      6181      6179        15
      4566      4824      4832      2193      2191      6179      6181      6035      6034        15
      4567       398       397      2663      2660      5949      5948      6099      6098        15
      4568       439       433      4776      4833      5956      5953      6167      6182        15
      4569      4833      4776      4777      4832      6182      6167      6168      6181        15
      4570      4832      4777      2195      2193      6181      6168      6036      6035        15
      4571      2195      2253       131       397      6036      6049      5904      5948        15
      4572      6284      6312      2251       270      5946      6037      6048      5925        15
      4573         5       270      2251      2092      5868      5925      6048      6006        15
      4574      2092      2178       453         5      6006      6031      5964      5868        15
      4575      2189       400       453      2178      6033      5951      5964      6031        15
      4576      2189      2191       399       400      6033      6034      5950      5951        15
      4577      2193       398       399      2191      6035      5949      5950      6034        15
      4578      2193      2195       397       398      6035      6036      5948      5949        15
      4579      6371      6284       270      2709      6100      5946      5925      6110        15
      4580      6312      6399      4800      2251      6037      6165      6173      6048        15
      4581      6399      6400      4801      4800      6165      6166      6174      6173        15
      4582      6400      6286       269      4801      6166      5947      5924      6174        15
      4583       185       258       259       184      5908      5921      5922      5907        15
      4584       253      6467      6468       252      5920      5905      5906      5919        15
      4585       249       248       244       245      5918      5917      5915      5916        15
      4586       253       252       248       249      5920      5919      5917      5918        15
      4587       215       126      2736      2728      5909      5900      6118      6117        15
      4588       258       241       262       259      5921      5914      5923      5922        15
      4589       245       244       262       241      5916      5915      5923      5914        15
      4590       185       112      4861      4863      5908      5894      6184      6186        15
      4591      4863      4861      4860      4862      6186      6184      6183      6185        15
      4592      4862      4860      2341      2272      6185      6183      6055      6054        15
      4593      6466       218      2719      6533      5904      5912      6113      6111        15
      4594      6467       253      4919      6564      5905      5920      6188      6169        15
      4595      6564      4919      4918      6565      6169      6188      6187      6170        15
      4596      6565      4918      2264      6498      6170      6187      6050      6049        15
      4597       218       217      2721      2719      5912      5911      6114      6113        15
      4598       253       249      4925      4919      5920      5918      6190      6188        15
      4599      4919      4925      4924      4918      6188      6190      6189      6187        15
      4600      4918      4924      2266      2264      6187      6189      6051      6050        15
      4601       217       216      2723      2721      5911      5910      6115      6114        15
      4602       249       245      4930      4925      5918      5916      6191      6190        15
      4603      4925      4930      4931      4924      6190      6191      6192      6189        15
      4604      4924      4931      2268      2266      6189      6192      6052      6051        15
      4605       216      2455      2726      2723      5910      6071      6116      6115        15
      4606       245       241      4937      4930      5916      5914      6194      6191        15
      4607      4930      4937      4936      4931      6191      6194      6193      6192        15
      4608      4931      4936      2271      2268      6192      6193      6053      6052        15
      4609      2455      2443      2713      2726      6071      6070      6112      6116        15
      4610       241       258      4938      4937      5914      5921      6195      6194        15
      4611      4937      4938      4939      4936      6194      6195      6196      6193        15
      4612      4936      4939       223      2271      6193      6196      5913      6053        15
      4613      2728      2713      2443       215      6117      6112      6070      5909        15
      4614      2272       223      4939      4862      6054      5913      6196      6185        15
      4615      4862      4939      4938      4863      6185      6196      6195      6186        15
      4616      4863      4938       258       185      6186      6195      5921      5908        15
      4617      2272      2341       126       215      6054      6055      5900      5909        15
      4618      6498      2264       218      6466      6049      6050      5912      5904        15
      4619      2264      2266       217       218      6050      6051      5911      5912        15
      4620      2266      2268       216       217      6051      6052      5910      5911        15
      4621      2268      2271      2455       216      6052      6053      6071      5910        15
      4622       223      2443      2455      2271      5913      6070      6071      6053        15
      4623       215      2443       223      2272      5909      6070      5913      6054        15
      4624      6268       127      2755      6373      5900      5901      6121      6118        15
      4625      6267       113      4959      6414      5894      5895      6198      6184        15
      4626      6414      4959      4958      6413      6184      6198      6197      6183        15
      4627      6413      4958      2363      6325      6183      6197      6058      6055        15
      4628      6325      2363       127      6268      6055      6058      5901      5900        15
      4629      2355       129       127      2363      6056      5903      5901      6058        15
      4630      2355      2356       128       129      6056      6057      5902      5903        15
      4631      2365       125       128      2356      6060      5899      5902      6057        15
      4632        80       125      2365      2364      5892      5899      6060      6059        15
      4633       129      2747      2755       127      5903      6119      6121      5901        15
      4634       129       128      2748      2747      5903      5902      6120      6119        15
      4635       114      4975      4959       113      5896      6202      6198      5895        15
      4636      4975      4974      4958      4959      6202      6201      6197      6198        15
      4637      4974      2355      2363      4958      6201      6056      6058      6197        15
      4638       114       115      4973      4975      5896      5897      6200      6202        15
      4639      4975      4973      4972      4974      6202      6200      6199      6201        15
      4640      4974      4972      2356      2355      6201      6199      6057      6056        15
      4641       125      2757      2748       128      5899      6123      6120      5902        15
      4642       120      4989      4973       115      5898      6204      6200      5897        15
      4643      4989      4988      4972      4973      6204      6203      6199      6200        15
      4644      4988      2365      2356      4972      6203      6060      6057      6199        15
      4645      2756      2757       125        80      6122      6123      5899      5892        15
      4646      2364      2365      4988      5000      6059      6060      6203      6205        15
      4647      5000      4988      4989      5001      6205      6203      6204      6206        15
      4648      5001      4989       120        63      6206      6204      5898      5886        15
      4649      2399        72      6465      6510      6062      5889      5892      6059        15
      4650      2406        66        72      2399      6064      5887      5889      6062        15
      4651        49        66      2406      2420      5880      5887      6064      6065        15
      4652      2402        71        37      2421      6063      5888      5878      6066        15
      4653        37        49      2420      2421      5878      5880      6065      6066        15
      4654        53        71      2402      2231      5883      5888      6063      6041        15
      4655        72      2788      6535      6465      5889      6124      6122      5892        15
      4656        61      5017      6577      6458      5885      6208      6206      5886        15
      4657      5017      5016      6576      6577      6208      6207      6205      6206        15
      4658      5016      2399      6510      6576      6207      6062      6059      6205        15
      4659        66      2796      2788        72      5887      6126      6124      5889        15
      4660        75      5031      5017        61      5890      6210      6208      5885        15
      4661      5031      5030      5016      5017      6210      6209      6207      6208        15
      4662      5030      2406      2399      5016      6209      6064      6062      6207        15
      4663      2813      2796        66        49      6127      6126      5887      5880        15
      4664      2420      2406      5030      5044      6065      6064      6209      6211        15
      4665      5044      5030      5031      5045      6211      6209      6210      6212        15
      4666      5045      5031        75        79      6212      6210      5890      5891        15
      4667        71      2792      2814        37      5888      6125      6128      5878        15
      4668      2814      2813        49        37      6128      6127      5880      5878        15
      4669        85      5049      5047        59      5893      6216      6214      5884        15
      4670      5049      5048      5046      5047      6216      6215      6213      6214        15
      4671      5048      2402      2421      5046      6215      6063      6066      6213        15
      4672      2421      2420      5044      5046      6066      6065      6211      6213        15
      4673      5046      5044      5045      5047      6213      6211      6212      6214        15
      4674      5047      5045        79        59      6214      6212      5891      5884        15
      4675      2687      2792        71        53      6103      6125      5888      5883        15
      4676      2231      2402      5048      5060      6041      6063      6215      6217        15
      4677      5060      5048      5049      5061      6217      6215      6216      6218        15
      4678      5061      5049        85        48      6218      6216      5893      5879        15
      4679        15      6259      6313      2091      5872      5883      6041      6005        15
      4680        16        15      2091      2077      5873      5872      6005      6004        15
      4681        17        16      2077      2381      5874      5873      6004      6061        15
      4682        29        17      2381      2219      5876      5874      6061      6039        15
      4683      2436      6372      6259        15      6068      6103      5883      5872        15
      4684      2091      6313      6423      5078      6005      6041      6217      6219        15
      4685      5078      6423      6424      5079      6219      6217      6218      6220        15
      4686      5079      6424      6258        14      6220      6218      5879      5871        15
      4687      2430      2436        15        16      6067      6068      5872      5873        15
      4688      2077      2091      5078      5092      6004      6005      6219      6221        15
      4689      5092      5078      5079      5093      6221      6219      6220      6222        15
      4690      5093      5079        14         7      6222      6220      5871      5869        15
      4691      2170      2430        16        17      6028      6067      5873      5874        15
      4692      2381      2077      5092      5104      6061      6004      6221      6223        15
      4693      5104      5092      5093      5105      6223      6221      6222      6224        15
      4694      5105      5093         7         8      6224      6222      5869      5870        15
      4695      2168      2170        17        29      6027      6028      5874      5876        15
      4696      2219      2381      5104      5118      6039      6061      6223      6225        15
      4697      5118      5104      5105      5119      6225      6223      6224      6226        15
      4698      5119      5105         8        27      6226      6224      5870      5875        15
      4699      6492      2223       327      6449      6039      6040      5941      5876        15
      4700       290       327      2223      2240      5931      5941      6040      6045        15
      4701       289      2241      2242       288      5930      6046      6047      5929        15
      4702      2240      2241       289       290      6045      6046      5930      5931        15
      4703       287       288      2242      2099      5928      5929      6047      6007        15
      4704      6449       327      2679      6489      5876      5941      6102      6027        15
      4705      6447       329      5123      6591      5875      5942      6228      6226        15
      4706      6591      5123      5122      6590      6226      6228      6227      6225        15
      4707      6590      5122      2223      6492      6225      6227      6040      6039        15
      4708      2697      2679       327       290      6107      6102      5941      5931        15
      4709      2240      2223      5122      5138      6045      6040      6227      6229        15
      4710      5138      5122      5123      5139      6229      6227      6228      6230        15
      4711      5139      5123       329       320      6230      6228      5942      5939        15
      4712      2698       289       288      2699      6108      5930      5929      6109        15
      4713       290       289      2698      2697      5931      5930      6108      6107        15
      4714       277      5152      5154       321      5927      6231      6233      5940        15
      4715      5152      5153      5155      5154      6231      6232      6234      6233        15
      4716      5153      2242      2241      5155      6232      6047      6046      6234        15
      4717       320       321      5154      5139      5939      5940      6233      6230        15
      4718      5139      5154      5155      5138      6230      6233      6234      6229        15
      4719      5138      5155      2241      2240      6229      6234      6046      6045        15
      4720      2576      2699       288       287      6072      6109      5929      5928        15
      4721      2099      2242      5153      5165      6007      6047      6232      6236        15
      4722      5165      5153      5152      5164      6236      6232      6231      6235        15
      4723      5164      5152       277       276      6235      6231      5927      5926        15
      4724      6277      6294      2100       518      5928      6007      6008      5999        15
      4725       518      2100      2102       517      5999      6008      6009      5998        15
      4726       515      2105      2106       514      5996      6011      6012      5995        15
      4727       517      2102      2104       516      5998      6009      6010      5997        15
      4728      2104      2105       515       516      6010      6011      5996      5997        15
      4729       513      2113      2115       512      5994      6013      6014      5993        15
      4730      2115      2116       511       512      6014      6015      5992      5993        15
      4731       513       514      2106      2113      5994      5995      6012      6013        15
      4732      2100      6294      6444      5169      6008      6007      6236      6238        15
      4733      5169      6444      6443      5168      6238      6236      6235      6237        15
      4734      5168      6443      6272       506      6237      6235      5926      5991        15
      4735      6353      6277       518      2577      6072      5928      5999      6073        15
      4736      2577       518       517      2579      6073      5999      5998      6074        15
      4737      2102      2100      5169      5185      6009      6008      6238      6240        15
      4738      5185      5169      5168      5184      6240      6238      6237      6239        15
      4739      5184      5168       506       294      6239      6237      5991      5932        15
      4740      2579       517       516      2581      6074      5998      5997      6075        15
      4741       516       515      2582      2581      5997      5996      6076      6075        15
      4742      2582       515       514      2583      6076      5996      5995      6077        15
      4743      2106      2105      5187      5189      6012      6011      6242      6244        15
      4744      5189      5187      5186      5188      6244      6242      6241      6243        15
      4745      5188      5186       496       523      6243      6241      5984      6003        15
      4746      2104      5191      5187      2105      6010      6246      6242      6011        15
      4747      5191      5190      5186      5187      6246      6245      6241      6242        15
      4748      5190       497       496      5186      6245      5985      5984      6241        15
      4749      2104      2102      5185      5191      6010      6009      6240      6246        15
      4750      5191      5185      5184      5190      6246      6240      6239      6245        15
      4751      5190      5184       294       497      6245      6239      5932      5985        15
      4752      2590      2583       514       513      6078      6077      5995      5994        15
      4753      2590       513       512      2592      6078      5994      5993      6079        15
      4754       512       511      2593      2592      5993      5992      6080      6079        15
      4755      2115      5199      5193      2116      6014      6252      6248      6015        15
      4756      5199      5198      5192      5193      6252      6251      6247      6248        15
      4757      5198       519       520      5192      6251      6000      6001      6247        15
      4758      2115      2113      5197      5199      6014      6013      6250      6252        15
      4759      5199      5197      5196      5198      6252      6250      6249      6251        15
      4760      5198      5196       522       519      6251      6249      6002      6000        15
      4761       522      5196      5188       523      6002      6249      6243      6003        15
      4762      5196      5197      5189      5188      6249      6250      6244      6243        15
      4763      5197      2113      2106      5189      6250      6013      6012      6244        15
      4764      2602      2612       303      2551      6358      6362      6280      6347        16
      4765      2325      2321      2622      2621      6320      6319      6364      6363        16
      4766      2536      2556      2603      2600      6344      6348      6359      6357        16
      4767      2556      2325      2621      2603      6348      6320      6363      6359        16
      4768      2551      2536      2600      2602      6347      6344      6357      6358        16
      4769      2126      2124      2536      2551      6299      6298      6344      6347        16
      4770      2127      2145      2325      2556      6300      6304      6320      6348        16
      4771      2124      2127      2556      2536      6298      6300      6348      6344        16
      4772      2145      2146      2321      2325      6304      6305      6319      6320        16
      4773      2551       303      2136      2126      6347      6280      6303      6299        16
      4774      2126      2136      4652      4650      6299      6303      6383      6381        16
      4775      4650      4652      4653      4651      6381      6383      6384      6382        16
      4776      4651      4653       305       487      6382      6384      6281      6289        16
      4777       296       473      4657      4659      6278      6287      6386      6388        16
      4778      4659      4657      4656      4658      6388      6386      6385      6387        16
      4779      4658      4656      2146      2145      6387      6385      6305      6304        16
      4780       486       299      4661      4663      6288      6279      6390      6392        16
      4781      4663      4661      4660      4662      6392      6390      6389      6391        16
      4782      4662      4660      2127      2124      6391      6389      6300      6298        16
      4783       299       296      4659      4661      6279      6278      6388      6390        16
      4784      4661      4659      4658      4660      6390      6388      6387      6389        16
      4785      4660      4658      2145      2127      6389      6387      6304      6300        16
      4786       487       486      4663      4651      6289      6288      6392      6382        16
      4787      4651      4663      4662      4650      6382      6392      6391      6381        16
      4788      4650      4662      2124      2126      6381      6391      6298      6299        16
      4789      2294      2631      2634      2290      6317      6366      6367      6316        16
      4790      2667       381      2461      2649      6371      6284      6333      6368        16
      4791      2288      2666      2649      2461      6315      6370      6368      6333        16
      4792      2297      2630      2631      2294      6318      6365      6366      6317        16
      4793      2287      2665      2666      2288      6314      6369      6370      6315        16
      4794      2290      2634      2665      2287      6316      6367      6369      6314        16
      4795      2157      2290      2287      2200      6308      6316      6314      6310        16
      4796      2200      2287      2288      2201      6310      6314      6315      6311        16
      4797      2152      2297      2294      2153      6306      6318      6317      6307        16
      4798      2201      2288      2461      2183      6311      6315      6333      6309        16
      4799       381      2203      2183      2461      6284      6312      6309      6333        16
      4800      2153      2294      2290      2157      6307      6317      6316      6308        16
      4801       383      4745      4743       213      6285      6396      6394      6271        16
      4802      4745      4744      4742      4743      6396      6395      6393      6394        16
      4803      4744      2153      2157      4742      6395      6307      6308      6393        16
      4804      2203      4748      4746      2183      6312      6399      6397      6309        16
      4805      4748      4749      4747      4746      6399      6400      6398      6397        16
      4806      4749       389       360      4747      6400      6286      6282      6398        16
      4807       194      4751      4747       360      6269      6402      6398      6282        16
      4808      4751      4750      4746      4747      6402      6401      6397      6398        16
      4809      4750      2201      2183      4746      6401      6311      6309      6397        16
      4810       377      4753      4745       383      6283      6404      6396      6285        16
      4811      4753      4752      4744      4745      6404      6403      6395      6396        16
      4812      4752      2152      2153      4744      6403      6306      6307      6395        16
      4813       195      4755      4751       194      6270      6406      6402      6269        16
      4814      4755      4754      4750      4751      6406      6405      6401      6402        16
      4815      4754      2200      2201      4750      6405      6310      6311      6401        16
      4816       213      4743      4755       195      6271      6394      6406      6270        16
      4817      4743      4742      4754      4755      6394      6393      6405      6406        16
      4818      4742      2157      2200      4754      6393      6308      6310      6405        16
      4819      2476      2743      2737      2468      6339      6379      6374      6334        16
      4820      2743      2476      2477      2745      6379      6339      6340      6380        16
      4821      2745      2477      2474      2742      6380      6340      6338      6378        16
      4822      2740      2741      2473      2471      6376      6377      6337      6336        16
      4823      2477      2350      2348      2474      6340      6332      6330      6338        16
      4824      2471      2473      2347      2345      6336      6337      6329      6328        16
      4825      2742      2474      2473      2741      6378      6338      6337      6377        16
      4826      2471      2469      2738      2740      6336      6335      6375      6376        16
      4827      2736       126      2468      2737      6373      6268      6334      6374        16
      4828      2474      2348      2347      2473      6338      6330      6329      6337        16
      4829      2345      2343      2469      2471      6328      6327      6335      6336        16
      4830       126      2341      2342      2468      6268      6325      6326      6334        16
      4831      2349      2476      2468      2342      6331      6339      6334      6326        16
      4832      2476      2349      2350      2477      6339      6331      6332      6340        16
      4833      2349      4852      4850      2350      6331      6409      6407      6332        16
      4834      4852      4853      4851      4850      6409      6410      6408      6407        16
      4835      4853       108       106      4851      6410      6265      6264      6408        16
      4836       108      4853      4857       110      6265      6410      6412      6266        16
      4837      4853      4852      4856      4857      6410      6409      6411      6412        16
      4838      4852      2349      2342      4856      6409      6331      6326      6411        16
      4839      2341      4860      4856      2342      6325      6413      6411      6326        16
      4840      4860      4861      4857      4856      6413      6414      6412      6411        16
      4841      4861       112       110      4857      6414      6267      6266      6412        16
      4842        97        96      4869      4871      6261      6260      6416      6418        16
      4843      4871      4869      4868      4870      6418      6416      6415      6417        16
      4844      4870      4868      2343      2345      6417      6415      6327      6328        16
      4845      2348      4876      4874      2347      6330      6421      6419      6329        16
      4846      4876      4877      4875      4874      6421      6422      6420      6419        16
      4847      4877       104        99      4875      6422      6263      6262      6420        16
      4848      2345      2347      4874      4870      6328      6329      6419      6417        16
      4849      4870      4874      4875      4871      6417      6419      6420      6418        16
      4850      4871      4875        99        97      6418      6420      6262      6261        16
      4851      2350      4850      4876      2348      6332      6407      6421      6330        16
      4852      4850      4851      4877      4876      6407      6408      6422      6421        16
      4853      4851       106       104      4877      6408      6264      6263      6422        16
      4854      2518      2594      2687        53      6341      6354      6372      6259        16
      4855      2595      2594      2518      2522      6355      6354      6341      6342        16
      4856      2596      2595      2522      2526      6356      6355      6342      6343        16
      4857      2606      2596      2526      2540      6361      6356      6343      6346        16
      4858      2605      2606      2540      2539      6360      6361      6346      6345        16
      4859      2539      2540      2130      2129      6345      6346      6302      6301        16
      4860      2540      2526      2120      2130      6346      6343      6297      6302        16
      4861      2526      2522      2119      2120      6343      6342      6296      6297        16
      4862      2522      2518      2118      2119      6342      6341      6295      6296        16
      4863      2118      2518        53      2231      6295      6341      6259      6313        16
      4864        47      5063      5061        48      6257      6426      6424      6258        16
      4865      5063      5062      5060      5061      6426      6425      6423      6424        16
      4866      5062      2118      2231      5060      6425      6295      6313      6423        16
      4867      2119      2118      5062      5064      6296      6295      6425      6427        16
      4868      5064      5062      5063      5065      6427      6425      6426      6428        16
      4869      5065      5063        47        46      6428      6426      6257      6256        16
      4870      2120      2119      5064      5066      6297      6296      6427      6429        16
      4871      5066      5064      5065      5067      6429      6427      6428      6430        16
      4872      5067      5065        46        34      6430      6428      6256      6254        16
      4873      2130      2120      5066      5068      6302      6297      6429      6431        16
      4874      5068      5066      5067      5069      6431      6429      6430      6432        16
      4875      5069      5067        34        33      6432      6430      6254      6253        16
      4876      2129      2130      5068      5070      6301      6302      6431      6433        16
      4877      5070      5068      5069      5071      6433      6431      6432      6434        16
      4878      5071      5069        33        45      6434      6432      6253      6255        16
      4879      2335      2572      2574      2337      6321      6349      6351      6323        16
      4880      2335      2336      2573      2572      6321      6322      6350      6349        16
      4881      2337      2574      2575      2338      6323      6351      6352      6324        16
      4882      2338      2575      2576       287      6324      6352      6353      6277        16
      4883      2098      2338       287      2099      6293      6324      6277      6294        16
      4884      2097      2337      2338      2098      6292      6323      6324      6293        16
      4885      2095      2096      2336      2335      6290      6291      6322      6321        16
      4886      2095      2335      2337      2097      6290      6321      6323      6292        16
      4887      2097      5159      5157      2095      6292      6438      6436      6290        16
      4888      5159      5158      5156      5157      6438      6437      6435      6436        16
      4889      5158       280       281      5156      6437      6274      6275      6435        16
      4890       281       282      5160      5156      6275      6276      6439      6435        16
      4891      5156      5160      5161      5157      6435      6439      6440      6436        16
      4892      5157      5161      2096      2095      6436      6440      6291      6290        16
      4893      2098      5163      5159      2097      6293      6442      6438      6292        16
      4894      5163      5162      5158      5159      6442      6441      6437      6438        16
      4895      5162       279       280      5158      6441      6273      6274      6437        16
      4896      2099      5165      5163      2098      6294      6444      6442      6293        16
      4897      5165      5164      5162      5163      6444      6443      6441      6442        16
      4898      5164       276       279      5162      6443      6272      6273      6441        16
      4899      2617      2616      2571      2570      6528      6527      6525      6524        17
      4900      2571      2616      2615      2458      6525      6527      6526      6517        17
      4901      2140      2571      2458      2139      6482      6525      6517      6481        17
      4902      2570      2571      2140      2141      6524      6525      6482      6483        17
      4903      2141      2140      4678      4676      6483      6482      6546      6544        17
      4904      4676      4678      4679      4677      6544      6546      6547      6545        17
      4905      4677      4679       308       316      6545      6547      6476      6477        17
      4906       308      4679      4681         1      6476      6547      6549      6445        17
      4907      4679      4678      4680      4681      6547      6546      6548      6549        17
      4908      4678      2140      2139      4680      6546      6482      6481      6548        17
      4909      2317      2458      2615      2684      6507      6517      6526      6530        17
      4910      2317      2684      2675      2306      6507      6530      6529      6501        17
      4911      2306      2675      2689        50      6501      6529      6531      6455        17
      4912      2218      2306        50      2233      6491      6501      6455      6496        17
      4913      2228      2317      2306      2218      6495      6507      6501      6491        17
      4914      2228      2139      2458      2317      6495      6481      6517      6507        17
      4915        52         1      4681      4694      6457      6445      6549      6550        17
      4916      4694      4681      4680      4695      6550      6549      6548      6551        17
      4917      4695      4680      2139      2228      6551      6548      6481      6495        17
      4918      2218      4697      4695      2228      6491      6553      6551      6495        17
      4919      4697      4696      4694      4695      6553      6552      6550      6551        17
      4920      4696        40        52      4694      6552      6454      6457      6550        17
      4921      2233      4699      4697      2218      6496      6555      6553      6491        17
      4922      4699      4698      4696      4697      6555      6554      6552      6553        17
      4923      4698        51        40      4696      6554      6456      6454      6552        17
      4924      2339      2252      2202      2289      6508      6497      6490      6500        17
      4925       177      4764      4762       134      6473      6558      6556      6469        17
      4926      4764      4765      4763      4762      6558      6559      6557      6556        17
      4927      4765      2252      2254      4763      6559      6497      6499      6557        17
      4928        38      4768      4764       177      6453      6560      6558      6473        17
      4929      4768      4769      4765      4764      6560      6561      6559      6558        17
      4930      4769      2202      2252      4765      6561      6490      6497      6559        17
      4931      2289      2202      2838      2829      6500      6490      6543      6542        17
      4932      2202      4769      4774      2838      6490      6561      6562      6543        17
      4933      4769      4768      4775      4774      6561      6560      6563      6562        17
      4934      4768        38       137      4775      6560      6453      6472      6563        17
      4935       134      4762      4778       132      6469      6556      6564      6467        17
      4936      4762      4763      4779      4778      6556      6557      6565      6564        17
      4937      4763      2254      2253      4779      6557      6499      6498      6565        17
      4938       182      2289      2829       181      6475      6500      6542      6474        17
      4939      2710      2339      2289       182      6532      6508      6500      6475        17
      4940       132       133       136       134      6467      6468      6471      6469        17
      4941       134       136       135       177      6469      6471      6470      6473        17
      4942      2340      2254      2252      2339      6509      6499      6497      6508        17
      4943       131      2253      2254      2340      6466      6498      6499      6509        17
      4944      2711       131      2340      2712      6533      6466      6509      6534        17
      4945      2712      2340      2339      2710      6534      6509      6508      6532        17
      4946      2780      2512      2516      2784      6539      6521      6523      6541        17
      4947      2508      2512      2780      2776      6520      6521      6539      6538        17
      4948      2504      2506      2774      2771      6518      6519      6537      6536        17
      4949      2774      2506      2508      2776      6537      6519      6520      6538        17
      4950      2504      2771      2756        80      6518      6536      6535      6465        17
      4951      2516      2515      2783      2784      6523      6522      6540      6541        17
      4952      2395      2394      2515      2516      6516      6515      6522      6523        17
      4953      2378      2504        80      2364      6511      6518      6465      6510        17
      4954      2506      2380      2387      2508      6519      6512      6513      6520        17
      4955      2378      2380      2506      2504      6511      6512      6519      6518        17
      4956      2387      2391      2512      2508      6513      6514      6521      6520        17
      4957      2512      2391      2395      2516      6521      6514      6516      6523        17
      4958      2391      4992      4990      2395      6514      6568      6566      6516        17
      4959      4992      4993      4991      4990      6568      6569      6567      6566        17
      4960      4993        67        65      4991      6569      6461      6460      6567        17
      4961        68        67      4993      4995      6462      6461      6569      6571        17
      4962      4995      4993      4992      4994      6571      6569      6568      6570        17
      4963      4994      4992      2391      2387      6570      6568      6514      6513        17
      4964        70        69      4997      4999      6464      6463      6573      6575        17
      4965      4999      4997      4996      4998      6575      6573      6572      6574        17
      4966      4998      4996      2380      2378      6574      6572      6512      6511        17
      4967      2380      4996      4994      2387      6512      6572      6570      6513        17
      4968      4996      4997      4995      4994      6572      6573      6571      6570        17
      4969      4997        69        68      4995      6573      6463      6462      6571        17
      4970        70      4999      5001        63      6464      6575      6577      6458        17
      4971      4999      4998      5000      5001      6575      6574      6576      6577        17
      4972      4998      2378      2364      5000      6574      6511      6510      6576        17
      4973        65        64      5003      4991      6460      6459      6579      6567        17
      4974      4991      5003      5002      4990      6567      6579      6578      6566        17
      4975      4990      5002      2394      2395      6566      6578      6515      6516        17
      4976      2156      2158      2313      2314      6484      6485      6505      6506        17
      4977      2312      2160      2161      2311      6504      6486      6487      6503        17
      4978      2158      2160      2312      2313      6485      6486      6504      6505        17
      4979      2311      2161      2167      2310      6503      6487      6488      6502        17
      4980      2310      2167      2168        29      6502      6488      6489      6449        17
      4981      2224      2310        29      2219      6493      6502      6449      6492        17
      4982      2087      2311      2310      2224      6480      6503      6502      6493        17
      4983      2313      2312      2086      2225      6505      6504      6479      6494        17
      4984      2086      2312      2311      2087      6479      6504      6503      6480        17
      4985      2314      2313      2225      2085      6506      6505      6494      6478        17
      4986      2085      2225      5110      5108      6478      6494      6582      6580        17
      4987      5108      5110      5111      5109      6580      6582      6583      6581        17
      4988      5109      5111        32        31      6581      6583      6452      6451        17
      4989        30      5115      5113        26      6450      6587      6585      6446        17
      4990      5115      5114      5112      5113      6587      6586      6584      6585        17
      4991      5114      2086      2087      5112      6586      6479      6480      6584        17
      4992      2225      2086      5114      5110      6494      6479      6586      6582        17
      4993      5110      5114      5115      5111      6582      6586      6587      6583        17
      4994      5111      5115        30        32      6583      6587      6450      6452        17
      4995        26      5113      5117        28      6446      6585      6589      6448        17
      4996      5113      5112      5116      5117      6585      6584      6588      6589        17
      4997      5112      2087      2224      5116      6584      6480      6493      6588        17
      4998        28      5117      5119        27      6448      6589      6591      6447        17
      4999      5117      5116      5118      5119      6589      6588      6590      6591        17
      5000      5116      2224      2219      5118      6588      6493      6492      6590        17
