         1      1597      1541      1559      1615      1433      1379      1395      1457         1
         2      1775      1719      1737      1787      1597      1541      1559      1615         1
         3      2276      2087      2100      2292      2334      2152      2161      2347         1
         4      2468      2276      2292      2476      2521      2334      2347      2531         1
         5      1898      1962      1971      1913      2087      2152      2161      2100         1
         6      1719      1775      1787      1737      1898      1962      1971      1913         1
         7      6011      5844      5853      6022      6314      6144      6148      6324         1
         8      6191      6011      6022      6200      6477      6314      6324      6482         1
         9      5725      5547      5554      5734      6011      5844      5853      6022         1
        10      5891      5725      5734      5901      6191      6011      6022      6200         1
        11      5418      5224      5235      5427      5725      5547      5554      5734         1
        12      5607      5418      5427      5615      5891      5725      5734      5901         1
        13      5115      4981      4990      5129      5418      5224      5235      5427         1
        14      5296      5115      5129      5310      5607      5418      5427      5615         1
        15      4902      4783      4790      4907      5115      4981      4990      5129         1
        16      5044      4902      4907      5049      5296      5115      5129      5310         1
        17      4704      4584      4590      4711      4902      4783      4790      4907         1
        18      4839      4704      4711      4845      5044      4902      4907      5049         1
        19      4508      4385      4391      4519      4704      4584      4590      4711         1
        20      4648      4508      4519      4655      4839      4704      4711      4845         1
        21      4316      4179      4185      4324      4508      4385      4391      4519         1
        22      4460      4316      4324      4465      4648      4508      4519      4655         1
        23      4119      3969      3976      4123      4316      4179      4185      4324         1
        24      4257      4119      4123      4261      4460      4316      4324      4465         1
        25      3907      3759      3772      3917      4119      3969      3976      4123         1
        26      4060      3907      3917      4068      4257      4119      4123      4261         1
        27      3705      3560      3566      3715      3907      3759      3772      3917         1
        28      3866      3705      3715      3873      4060      3907      3917      4068         1
        29      3511      3357      3368      3519      3705      3560      3566      3715         1
        30      3673      3511      3519      3682      3866      3705      3715      3873         1
        31      3322      3163      3172      3335      3511      3357      3368      3519         1
        32      3473      3322      3335      3481      3673      3511      3519      3682         1
        33      3126      2966      2976      3134      3322      3163      3172      3335         1
        34      3295      3126      3134      3308      3473      3322      3335      3481         1
        35      2938      2769      2782      2952      3126      2966      2976      3134         1
        36      3108      2938      2952      3117      3295      3126      3134      3308         1
        37      2751      2584      2593      2760      2938      2769      2782      2952         1
        38      2934      2751      2760      2942      3108      2938      2952      3117         1
        39      2580      2411      2421      2589      2751      2584      2593      2760         1
        40      2754      2580      2589      2767      2934      2751      2760      2942         1
        41      2418      2238      2250      2428      2580      2411      2421      2589         1
        42      2590      2418      2428      2605      2754      2580      2589      2767         1
        43      2254      2084      2095      2269      2418      2238      2250      2428         1
        44      2443      2254      2269      2454      2590      2418      2428      2605         1
        45      6365      6191      6200      6376      6653      6477      6482      6660         1
        46      6535      6365      6376      6544      6822      6653      6660      6829         1
        47      6077      5891      5901      6086      6365      6191      6200      6376         1
        48      6252      6077      6086      6262      6535      6365      6376      6544         1
        49      5793      5607      5615      5803      6077      5891      5901      6086         1
        50      5969      5793      5803      5978      6252      6077      6086      6262         1
        51      5490      5296      5310      5503      5793      5607      5615      5803         1
        52      5696      5490      5503      5708      5969      5793      5803      5978         1
        53      5199      5044      5049      5211      5490      5296      5310      5503         1
        54      5401      5199      5211      5414      5696      5490      5503      5708         1
        55      4974      4839      4845      4978      5199      5044      5049      5211         1
        56      5117      4974      4978      5131      5401      5199      5211      5414         1
        57      4782      4648      4655      4788      4974      4839      4845      4978         1
        58      4916      4782      4788      4924      5117      4974      4978      5131         1
        59      4592      4460      4465      4602      4782      4648      4655      4788         1
        60      4725      4592      4602      4741      4916      4782      4788      4924         1
        61      4405      4257      4261      4415      4592      4460      4465      4602         1
        62      4552      4405      4415      4561      4725      4592      4602      4741         1
        63      4213      4060      4068      4225      4405      4257      4261      4415         1
        64      4366      4213      4225      4377      4552      4405      4415      4561         1
        65      4023      3866      3873      4033      4213      4060      4068      4225         1
        66      4181      4023      4033      4197      4366      4213      4225      4377         1
        67      3832      3673      3682      3846      4023      3866      3873      4033         1
        68      3996      3832      3846      4005      4181      4023      4033      4197         1
        69      3644      3473      3481      3654      3832      3673      3682      3846         1
        70      3813      3644      3654      3819      3996      3832      3846      4005         1
        71      3454      3295      3308      3464      3644      3473      3481      3654         1
        72      3625      3454      3464      3634      3813      3644      3654      3819         1
        73      3283      3108      3117      3294      3454      3295      3308      3464         1
        74      3447      3283      3294      3459      3625      3454      3464      3634         1
        75      3105      2934      2942      3115      3283      3108      3117      3294         1
        76      3287      3105      3115      3296      3447      3283      3294      3459         1
        77      2936      2754      2767      2951      3105      2934      2942      3115         1
        78      3119      2936      2951      3128      3287      3105      3115      3296         1
        79      2777      2590      2605      2788      2936      2754      2767      2951         1
        80      2962      2777      2788      2973      3119      2936      2951      3128         1
        81      2620      2443      2454      2632      2777      2590      2605      2788         1
        82      2816      2620      2632      2825      2962      2777      2788      2973         1
        83      6991      6866      6882      7002      6864      6722      6740      6879         1
        84      7136      7005      7013      7142      6991      6866      6882      7002         1
        85      7147      7005      7013      7156      7261      7136      7142      7271         1
        86      7286      7147      7156      7287      7384      7261      7271      7389         1
        87      7405      7286      7287      7408      7492      7384      7389      7498         1
        88      7517      7405      7408      7521      7602      7492      7498      7608         1
        89      5681      5501      5525      5693      5972      5821      5836      5987         1
        90      5844      5681      5693      5853      6144      5972      5987      6148         1
        91      5354      5184      5205      5375      5681      5501      5525      5693         1
        92      5547      5354      5375      5554      5844      5681      5693      5853         1
        93      5074      4941      4958      5085      5354      5184      5205      5375         1
        94      5224      5074      5085      5235      5547      5354      5375      5554         1
        95      4857      4740      4754      4869      5074      4941      4958      5085         1
        96      4981      4857      4869      4990      5224      5074      5085      5235         1
        97      4657      4533      4548      4663      4857      4740      4754      4869         1
        98      4783      4657      4663      4790      4981      4857      4869      4990         1
        99      4455      4325      4340      4467      4657      4533      4548      4663         1
       100      4584      4455      4467      4590      4783      4657      4663      4790         1
       101      4246      4111      4127      4252      4455      4325      4340      4467         1
       102      4385      4246      4252      4391      4584      4455      4467      4590         1
       103      4039      3894      3904      4051      4246      4111      4127      4252         1
       104      4179      4039      4051      4185      4385      4246      4252      4391         1
       105      3823      3679      3690      3836      4039      3894      3904      4051         1
       106      3969      3823      3836      3976      4179      4039      4051      4185         1
       107      3605      3458      3471      3617      3823      3679      3690      3836         1
       108      3759      3605      3617      3772      3969      3823      3836      3976         1
       109      3398      3245      3266      3411      3605      3458      3471      3617         1
       110      3560      3398      3411      3566      3759      3605      3617      3772         1
       111      3201      3047      3065      3213      3398      3245      3266      3411         1
       112      3357      3201      3213      3368      3560      3398      3411      3566         1
       113      2996      2846      2858      3007      3201      3047      3065      3213         1
       114      3163      2996      3007      3172      3357      3201      3213      3368         1
       115      2800      2634      2658      2818      2996      2846      2858      3007         1
       116      2966      2800      2818      2976      3163      2996      3007      3172         1
       117      2599      2439      2458      2612      2800      2634      2658      2818         1
       118      2769      2599      2612      2782      2966      2800      2818      2976         1
       119      2417      2243      2268      2432      2599      2439      2458      2612         1
       120      2584      2417      2432      2593      2769      2599      2612      2782         1
       121      2232      2062      2089      2249      2417      2243      2268      2432         1
       122      2411      2232      2249      2421      2584      2417      2432      2593         1
       123      2061      1891      1919      2082      2232      2062      2089      2249         1
       124      2238      2061      2082      2250      2411      2232      2249      2421         1
       125      1903      1735      1758      1927      2061      1891      1919      2082         1
       126      2084      1903      1927      2095      2238      2061      2082      2250         1
       127       805       764       769       810       719       673       683       727         1
       128       907       862       868       912       805       764       769       810         1
       129      1227      1088      1099      1235      1272      1130      1151      1281         1
       130      1379      1227      1235      1382      1433      1272      1281      1438         1
       131       965      1014      1023       976      1088      1130      1151      1099         1
       132       862       907       912       868       965      1014      1023       976         1
       133      5054      4940      4946      5058      5337      5194      5209      5347         1
       134      5165      5054      5058      5176      5491      5337      5347      5504         1
       135      4825      4722      4731      4834      5054      4940      4946      5058         1
       136      4927      4825      4834      4934      5165      5054      5058      5176         1
       137      4613      4503      4513      4624      4825      4722      4731      4834         1
       138      4713      4613      4624      4721      4927      4825      4834      4934         1
       139      4399      4297      4302      4403      4613      4503      4513      4624         1
       140      4500      4399      4403      4507      4713      4613      4624      4721         1
       141      4174      4059      4066      4182      4399      4297      4302      4403         1
       142      4299      4174      4182      4303      4500      4399      4403      4507         1
       143      3944      3831      3844      3952      4174      4059      4066      4182         1
       144      4063      3944      3952      4075      4299      4174      4182      4303         1
       145      3718      3591      3603      3727      3944      3831      3844      3952         1
       146      3849      3718      3727      3855      4063      3944      3952      4075         1
       147      3491      3371      3374      3499      3718      3591      3603      3727         1
       148      3614      3491      3499      3623      3849      3718      3727      3855         1
       149      3263      3139      3150      3277      3491      3371      3374      3499         1
       150      3393      3263      3277      3403      3614      3491      3499      3623         1
       151      3048      2917      2924      3060      3263      3139      3150      3277         1
       152      3179      3048      3060      3188      3393      3263      3277      3403         1
       153      2826      2692      2702      2836      3048      2917      2924      3060         1
       154      2957      2826      2836      2968      3179      3048      3060      3188         1
       155      2595      2472      2478      2606      2826      2692      2702      2836         1
       156      2735      2595      2606      2742      2957      2826      2836      2968         1
       157      2388      2241      2253      2396      2595      2472      2478      2606         1
       158      2526      2388      2396      2539      2735      2595      2606      2742         1
       159      2171      2036      2048      2183      2388      2241      2253      2396         1
       160      2324      2171      2183      2333      2526      2388      2396      2539         1
       161      1973      1832      1842      1986      2171      2036      2048      2183         1
       162      2118      1973      1986      2135      2324      2171      2183      2333         1
       163      1773      1644      1657      1784      1973      1832      1842      1986         1
       164      1931      1773      1784      1946      2118      1973      1986      2135         1
       165      1590      1459      1475      1599      1773      1644      1657      1784         1
       166      1745      1590      1599      1760      1931      1773      1784      1946         1
       167      1424      1291      1307      1434      1590      1459      1475      1599         1
       168      1572      1424      1434      1584      1745      1590      1599      1760         1
       169      1267      1144      1158      1278      1424      1291      1307      1434         1
       170      1404      1267      1278      1421      1572      1424      1434      1584         1
       171      5329      5165      5176      5331      5657      5491      5504      5663         1
       172      5501      5329      5331      5498      5821      5657      5663      5819         1
       173      5051      4927      4934      5056      5329      5165      5176      5331         1
       174      5184      5051      5056      5181      5501      5329      5331      5498         1
       175      4830      4713      4721      4833      5051      4927      4934      5056         1
       176      4941      4830      4833      4939      5184      5051      5056      5181         1
       177      4626      4500      4507      4627      4830      4713      4721      4833         1
       178      4740      4626      4627      4736      4941      4830      4833      4939         1
       179      4412      4299      4303      4419      4626      4500      4507      4627         1
       180      4533      4412      4419      4532      4740      4626      4627      4736         1
       181      4201      4063      4075      4203      4412      4299      4303      4419         1
       182      4325      4201      4203      4323      4533      4412      4419      4532         1
       183      3973      3849      3855      3978      4201      4063      4075      4203         1
       184      4111      3973      3978      4110      4325      4201      4203      4323         1
       185      3751      3614      3623      3755      3973      3849      3855      3978         1
       186      3894      3751      3755      3892      4111      3973      3978      4110         1
       187      3531      3393      3403      3538      3751      3614      3623      3755         1
       188      3679      3531      3538      3678      3894      3751      3755      3892         1
       189      3321      3179      3188      3326      3531      3393      3403      3538         1
       190      3458      3321      3326      3455      3679      3531      3538      3678         1
       191      3097      2957      2968      3103      3321      3179      3188      3326         1
       192      3245      3097      3103      3242      3458      3321      3326      3455         1
       193      2885      2735      2742      2892      3097      2957      2968      3103         1
       194      3047      2885      2892      3046      3245      3097      3103      3242         1
       195      2684      2526      2539      2689      2885      2735      2742      2892         1
       196      2846      2684      2689      2845      3047      2885      2892      3046         1
       197      2477      2324      2333      2483      2684      2526      2539      2689         1
       198      2634      2477      2483      2633      2846      2684      2689      2845         1
       199      2279      2118      2135      2290      2477      2324      2333      2483         1
       200      2439      2279      2290      2440      2634      2477      2483      2633         1
       201      2088      1931      1946      2091      2279      2118      2135      2290         1
       202      2243      2088      2091      2244      2439      2279      2290      2440         1
       203      1899      1745      1760      1910      2088      1931      1946      2091         1
       204      2062      1899      1910      2064      2243      2088      2091      2244         1
       205      1730      1572      1584      1740      1899      1745      1760      1910         1
       206      1891      1730      1740      1893      2062      1899      1910      2064         1
       207      1567      1404      1421      1575      1730      1572      1584      1740         1
       208      1735      1567      1575      1738      1891      1730      1740      1893         1
       209      6183      6029      6040      6193      6060      5905      5911      6065         1
       210      6310      6151      6160      6317      6183      6029      6040      6193         1
       211      6296      6151      6160      6302      6443      6310      6317      6449         1
       212      6428      6296      6302      6440      6574      6443      6449      6583         1
       213      6570      6428      6440      6576      6717      6574      6583      6721         1
       214      6722      6570      6576      6719      6864      6717      6721      6862         1
       215      4847      4759      4766      4854      5079      4980      4989      5087         1
       216      4940      4847      4854      4946      5194      5079      5087      5209         1
       217      4634      4540      4547      4637      4847      4759      4766      4854         1
       218      4722      4634      4637      4731      4940      4847      4854      4946         1
       219      4414      4315      4322      4425      4634      4540      4547      4637         1
       220      4503      4414      4425      4513      4722      4634      4637      4731         1
       221      4187      4087      4091      4198      4414      4315      4322      4425         1
       222      4297      4187      4198      4302      4503      4414      4425      4513         1
       223      3948      3851      3857      3958      4187      4087      4091      4198         1
       224      4059      3948      3958      4066      4297      4187      4198      4302         1
       225      3713      3604      3611      3724      3948      3851      3857      3958         1
       226      3831      3713      3724      3844      4059      3948      3958      4066         1
       227      3477      3373      3378      3490      3713      3604      3611      3724         1
       228      3591      3477      3490      3603      3831      3713      3724      3844         1
       229      3246      3136      3144      3255      3477      3373      3378      3490         1
       230      3371      3246      3255      3374      3591      3477      3490      3603         1
       231      3017      2899      2913      3032      3246      3136      3144      3255         1
       232      3139      3017      3032      3150      3371      3246      3255      3374         1
       233      2789      2671      2680      2801      3017      2899      2913      3032         1
       234      2917      2789      2801      2924      3139      3017      3032      3150         1
       235      2558      2436      2450      2566      2789      2671      2680      2801         1
       236      2692      2558      2566      2702      2917      2789      2801      2924         1
       237      2339      2212      2224      2348      2558      2436      2450      2566         1
       238      2472      2339      2348      2478      2692      2558      2566      2702         1
       239      2112      1992      2002      2129      2339      2212      2224      2348         1
       240      2241      2112      2129      2253      2472      2339      2348      2478         1
       241      1904      1772      1782      1917      2112      1992      2002      2129         1
       242      2036      1904      1917      2048      2241      2112      2129      2253         1
       243      1694      1580      1587      1707      1904      1772      1782      1917         1
       244      1832      1694      1707      1842      2036      1904      1917      2048         1
       245      1503      1386      1393      1512      1694      1580      1587      1707         1
       246      1644      1503      1512      1657      1832      1694      1707      1842         1
       247      1327      1218      1231      1334      1503      1386      1393      1512         1
       248      1459      1327      1334      1475      1644      1503      1512      1657         1
       249      1172      1063      1076      1182      1327      1218      1231      1334         1
       250      1291      1172      1182      1307      1459      1327      1334      1475         1
       251      1035       934       942      1046      1172      1063      1076      1182         1
       252      1144      1035      1046      1158      1291      1172      1182      1307         1
       253      6885      7034      7038      6896      6653      6822      6829      6660         1
       254      6718      6885      6896      6726      6477      6653      6660      6482         1
       255      7100      7235      7239      7109      6885      7034      7038      6896         1
       256      6950      7100      7109      6956      6718      6885      6896      6726         1
       257      6551      6718      6726      6556      6314      6477      6482      6324         1
       258      6395      6551      6556      6404      6144      6314      6324      6148         1
       259      6786      6950      6956      6795      6551      6718      6726      6556         1
       260      6638      6786      6795      6645      6395      6551      6556      6404         1
       261      6222      6395      6404      6232      5972      6144      6148      5987         1
       262      6066      6222      6232      6091      5821      5972      5987      5836         1
       263      6476      6638      6645      6483      6222      6395      6404      6232         1
       264      6323      6476      6483      6342      6066      6222      6232      6091         1
       265      5906      6066      6064      5910      5657      5821      5819      5663         1
       266      5763      5906      5910      5775      5491      5657      5663      5504         1
       267      6159      6323      6319      6163      5906      6066      6064      5910         1
       268      6012      6159      6163      6023      5763      5906      5910      5775         1
       269      5620      5763      5775      5631      5337      5491      5504      5347         1
       270      5466      5620      5631      5473      5194      5337      5347      5209         1
       271      5876      6012      6023      5881      5620      5763      5775      5631         1
       272      5743      5876      5881      5750      5466      5620      5631      5473         1
       273      5327      5466      5473      5332      5079      5194      5209      5087         1
       274      5193      5327      5332      5208      4980      5079      5087      4989         1
       275      5613      5743      5750      5619      5327      5466      5473      5332         1
       276      5469      5613      5619      5481      5193      5327      5332      5208         1
       277      7397      7274      7281      7404      7405      7286      7287      7408         1
       278      7509      7397      7404      7516      7517      7405      7408      7521         1
       279      7216      7352      7357      7224      7100      7235      7239      7109         1
       280      7080      7216      7224      7087      6950      7100      7109      6956         1
       281      7374      7397      7404      7377      7487      7509      7516      7491         1
       282      7244      7274      7281      7250      7374      7397      7404      7377         1
       283      7345      7374      7377      7351      7463      7487      7491      7468         1
       284      7209      7244      7250      7220      7345      7374      7377      7351         1
       285      7273      7345      7351      7280      7401      7463      7468      7407         1
       286      7137      7209      7220      7143      7273      7345      7351      7280         1
       287      7216      7273      7280      7224      7352      7401      7407      7357         1
       288      7080      7137      7143      7087      7216      7273      7280      7224         1
       289      7140      6994      7003      7145      7147      7005      7013      7156         1
       290      7274      7140      7145      7281      7286      7147      7156      7287         1
       291      6933      7080      7087      6941      6786      6950      6956      6795         1
       292      6776      6933      6941      6781      6638      6786      6795      6645         1
       293      7119      7140      7145      7123      7244      7274      7281      7250         1
       294      6980      6994      7003      6984      7119      7140      7145      7123         1
       295      7082      7119      7123      7090      7209      7244      7250      7220         1
       296      6939      6980      6984      6946      7082      7119      7123      7090         1
       297      6990      7082      7090      6992      7137      7209      7220      7143         1
       298      6855      6939      6946      6860      6990      7082      7090      6992         1
       299      6933      6990      6992      6941      7080      7137      7143      7087         1
       300      6776      6855      6860      6781      6933      6990      6992      6941         1
       301      6865      6708      6729      6875      6866      6722      6740      6882         1
       302      6994      6865      6875      7003      7005      6866      6882      7013         1
       303      6628      6776      6781      6637      6476      6638      6645      6483         1
       304      6468      6628      6637      6479      6323      6476      6483      6342         1
       305      6834      6865      6875      6849      6980      6994      7003      6984         1
       306      6679      6708      6729      6693      6834      6865      6875      6849         1
       307      6780      6834      6849      6794      6939      6980      6984      6946         1
       308      6636      6679      6693      6656      6780      6834      6849      6794         1
       309      6690      6780      6794      6703      6855      6939      6946      6860         1
       310      6538      6636      6656      6554      6690      6780      6794      6703         1
       311      6628      6690      6703      6637      6776      6855      6860      6781         1
       312      6468      6538      6554      6479      6628      6690      6703      6637         1
       313      6562      6415      6425      6563      6570      6428      6440      6576         1
       314      6708      6562      6563      6707      6722      6570      6576      6719         1
       315      6318      6468      6466      6327      6159      6323      6319      6163         1
       316      6166      6318      6327      6177      6012      6159      6163      6023         1
       317      6480      6526      6531      6485      6636      6679      6678      6635         1
       318      6347      6392      6400      6357      6480      6526      6531      6485         1
       319      6526      6562      6563      6531      6679      6708      6707      6678         1
       320      6392      6415      6425      6400      6526      6562      6563      6531         1
       321      6394      6480      6485      6398      6538      6636      6635      6534         1
       322      6238      6347      6357      6248      6394      6480      6485      6398         1
       323      6318      6394      6398      6327      6468      6538      6534      6466         1
       324      6166      6238      6248      6177      6318      6394      6398      6327         1
       325      6285      6146      6150      6295      6296      6151      6160      6302         1
       326      6415      6285      6295      6425      6428      6296      6302      6440         1
       327      6030      6166      6177      6041      5876      6012      6023      5881         1
       328      5889      6030      6041      5900      5743      5876      5881      5750         1
       329      6247      6285      6295      6257      6392      6415      6425      6400         1
       330      6116      6146      6150      6125      6247      6285      6295      6257         1
       331      6204      6247      6257      6212      6347      6392      6400      6357         1
       332      6069      6116      6125      6078      6204      6247      6257      6212         1
       333      6107      6204      6212      6112      6238      6347      6357      6248         1
       334      5968      6069      6078      5973      6107      6204      6212      6112         1
       335      6030      6107      6112      6041      6166      6238      6248      6177         1
       336      5889      5968      5973      5900      6030      6107      6112      6041         1
       337      6021      5893      5902      6028      6029      5905      5911      6040         1
       338      6146      6021      6028      6150      6151      6029      6040      6160         1
       339      5771      5889      5900      5779      5613      5743      5750      5619         1
       340      5646      5771      5779      5653      5469      5613      5619      5481         1
       341      5985      6021      6028      5995      6116      6146      6150      6125         1
       342      5867      5893      5902      5873      5985      6021      6028      5995         1
       343      5932      5985      5995      5942      6069      6116      6125      6078         1
       344      5822      5867      5873      5827      5932      5985      5995      5942         1
       345      5840      5932      5942      5846      5968      6069      6078      5973         1
       346      5723      5822      5827      5731      5840      5932      5942      5846         1
       347      5771      5840      5846      5779      5889      5968      5973      5900         1
       348      5646      5723      5731      5653      5771      5840      5846      5779         1
       349       811       913       922       820       805       907       912       810         1
       350       728       811       820       739       719       805       810       727         1
       351       949       859       867       962      1035       934       942      1046         1
       352      1059       949       962      1074      1144      1035      1046      1158         1
       353       811       874       880       820       913       982       988       922         1
       354       728       779       790       739       811       874       880       820         1
       355       874       949       962       880       982      1059      1074       988         1
       356       779       859       867       790       874       949       962       880         1
       357      1025      1152      1160      1037      1014      1130      1151      1023         1
       358       913      1025      1037       922       907      1014      1023       912         1
       359      1179      1059      1074      1192      1267      1144      1158      1278         1
       360      1318      1179      1192      1322      1404      1267      1278      1421         1
       361      1025      1097      1105      1037      1152      1224      1240      1160         1
       362       913       982       988       922      1025      1097      1105      1037         1
       363      1097      1179      1192      1105      1224      1318      1322      1240         1
       364       982      1059      1074       988      1097      1179      1192      1105         1
       365      1287      1449      1450      1301      1272      1433      1438      1281         1
       366      1152      1287      1301      1160      1130      1272      1281      1151         1
       367      1470      1318      1322      1480      1567      1404      1421      1575         1
       368      1630      1470      1480      1633      1735      1567      1575      1738         1
       369      1287      1370      1377      1301      1449      1522      1523      1450         1
       370      1152      1224      1240      1160      1287      1370      1377      1301         1
       371      1370      1470      1480      1377      1522      1630      1633      1523         1
       372      1224      1318      1322      1240      1370      1470      1480      1377         1
       373      1610      1791      1803      1639      1597      1775      1787      1615         1
       374      1449      1610      1639      1478      1433      1597      1615      1457         1
       375      1798      1630      1656      1814      1903      1735      1758      1927         1
       376      1981      1798      1814      1993      2084      1903      1927      2095         1
       377      1610      1697      1712      1639      1791      1874      1889      1803         1
       378      1449      1522      1549      1478      1610      1697      1712      1639         1
       379      1697      1874      1981      1798      1712      1889      1993      1814         1
       380      1522      1697      1798      1630      1549      1712      1814      1656         1
       381      1976      2164      2168      1987      1962      2152      2161      1971         1
       382      1791      1976      1987      1803      1775      1962      1971      1787         1
       383      2163      1981      1993      2167      2254      2084      2095      2269         1
       384      2343      2163      2167      2355      2443      2254      2269      2454         1
       385      1976      2055      2066      1987      2164      2237      2248      2168         1
       386      1791      1874      1889      1803      1976      2055      2066      1987         1
       387      2055      2163      2167      2066      2237      2343      2355      2248         1
       388      1874      1981      1993      1889      2055      2163      2167      2066         1
       389      2349      2536      2547      2358      2334      2521      2531      2347         1
       390      2164      2349      2358      2168      2152      2334      2347      2161         1
       391      2522      2343      2355      2533      2620      2443      2454      2632         1
       392      2715      2522      2533      2719      2816      2620      2632      2825         1
       393      2349      2426      2438      2358      2536      2611      2623      2547         1
       394      2164      2237      2248      2168      2349      2426      2438      2358         1
       395      2426      2522      2533      2438      2611      2715      2719      2623         1
       396      2237      2343      2355      2248      2426      2522      2533      2438         1
       397      1447      1388      1541      1597      1276      1229      1379      1433         1
       398      1325      1262      1388      1447      1167      1111      1229      1276         1
       399      1246      1184      1262      1325      1087      1030      1111      1167         1
       400      1195      1129      1184      1246      1041       984      1030      1087         1
       401      1176      1117      1129      1195      1022       972       984      1041         1
       402      1624      1562      1719      1775      1447      1388      1541      1597         1
       403      1499      1440      1562      1624      1325      1262      1388      1447         1
       404      1409      1352      1440      1499      1246      1184      1262      1325         1
       405      1361      1306      1352      1409      1195      1129      1184      1246         1
       406      1342      1282      1306      1361      1176      1117      1129      1195         1
       407      2125      1936      2087      2276      2180      1997      2152      2334         1
       408      2320      2125      2276      2468      2378      2180      2334      2521         1
       409      2006      1808      1936      2125      2065      1869      1997      2180         1
       410      2205      2006      2125      2320      2261      2065      2180      2378         1
       411      1926      1723      1808      2006      1985      1781      1869      2065         1
       412      2117      1926      2006      2205      2179      1985      2065      2261         1
       413      1863      1673      1723      1926      1939      1741      1781      1985         1
       414      2068      1863      1926      2117      2140      1939      1985      2179         1
       415      1848      1662      1673      1863      1920      1714      1741      1939         1
       416      2049      1848      1863      2068      2113      1920      1939      2140         1
       417      1747      1804      1962      1898      1936      1997      2152      2087         1
       418      1616      1682      1804      1747      1808      1869      1997      1936         1
       419      1526      1591      1682      1616      1723      1781      1869      1808         1
       420      1485      1542      1591      1526      1673      1741      1781      1723         1
       421      1464      1520      1542      1485      1662      1714      1741      1673         1
       422      1562      1624      1775      1719      1747      1804      1962      1898         1
       423      1440      1499      1624      1562      1616      1682      1804      1747         1
       424      1352      1409      1499      1440      1526      1591      1682      1616         1
       425      1306      1361      1409      1352      1485      1542      1591      1526         1
       426      1282      1342      1361      1306      1464      1520      1542      1485         1
       427      5896      5735      5844      6011      6202      6031      6144      6314         1
       428      6076      5896      6011      6191      6375      6202      6314      6477         1
       429      5814      5643      5735      5896      6111      5936      6031      6202         1
       430      5981      5814      5896      6076      6289      6111      6202      6375         1
       431      5746      5572      5643      5814      6048      5879      5936      6111         1
       432      5921      5746      5814      5981      6219      6048      6111      6289         1
       433      5712      5527      5572      5746      6010      5839      5879      6048         1
       434      5882      5712      5746      5921      6186      6010      6048      6219         1
       435      5697      5512      5527      5712      5996      5829      5839      6010         1
       436      5869      5697      5712      5882      6175      5996      6010      6186         1
       437      5606      5419      5547      5725      5896      5735      5844      6011         1
       438      5783      5606      5725      5891      6076      5896      6011      6191         1
       439      5499      5316      5419      5606      5814      5643      5735      5896         1
       440      5689      5499      5606      5783      5981      5814      5896      6076         1
       441      5435      5241      5316      5499      5746      5572      5643      5814         1
       442      5628      5435      5499      5689      5921      5746      5814      5981         1
       443      5389      5204      5241      5435      5712      5527      5572      5746         1
       444      5585      5389      5435      5628      5882      5712      5746      5921         1
       445      5374      5188      5204      5389      5697      5512      5527      5712         1
       446      5567      5374      5389      5585      5869      5697      5712      5882         1
       447      5285      5112      5224      5418      5606      5419      5547      5725         1
       448      5471      5285      5418      5607      5783      5606      5725      5891         1
       449      5187      5042      5112      5285      5499      5316      5419      5606         1
       450      5377      5187      5285      5471      5689      5499      5606      5783         1
       451      5122      4988      5042      5187      5435      5241      5316      5499         1
       452      5306      5122      5187      5377      5628      5435      5499      5689         1
       453      5098      4954      4988      5122      5389      5204      5241      5435         1
       454      5263      5098      5122      5306      5585      5389      5435      5628         1
       455      5083      4943      4954      5098      5374      5188      5204      5389         1
       456      5249      5083      5098      5263      5567      5374      5389      5585         1
       457      5019      4895      4981      5115      5285      5112      5224      5418         1
       458      5168      5019      5115      5296      5471      5285      5418      5607         1
       459      4947      4822      4895      5019      5187      5042      5112      5285         1
       460      5095      4947      5019      5168      5377      5187      5285      5471         1
       461      4898      4777      4822      4947      5122      4988      5042      5187         1
       462      5034      4898      4947      5095      5306      5122      5187      5377         1
       463      4876      4748      4777      4898      5098      4954      4988      5122         1
       464      5006      4876      4898      5034      5263      5098      5122      5306         1
       465      4861      4732      4748      4876      5083      4943      4954      5098         1
       466      4994      4861      4876      5006      5249      5083      5098      5263         1
       467      4814      4687      4783      4902      5019      4895      4981      5115         1
       468      4944      4814      4902      5044      5168      5019      5115      5296         1
       469      4749      4623      4687      4814      4947      4822      4895      5019         1
       470      4882      4749      4814      4944      5095      4947      5019      5168         1
       471      4697      4570      4623      4749      4898      4777      4822      4947         1
       472      4826      4697      4749      4882      5034      4898      4947      5095         1
       473      4664      4537      4570      4697      4876      4748      4777      4898         1
       474      4798      4664      4697      4826      5006      4876      4898      5034         1
       475      4658      4525      4537      4664      4861      4732      4748      4876         1
       476      4792      4658      4664      4798      4994      4861      4876      5006         1
       477      4620      4486      4584      4704      4814      4687      4783      4902         1
       478      4750      4620      4704      4839      4944      4814      4902      5044         1
       479      4544      4417      4486      4620      4749      4623      4687      4814         1
       480      4677      4544      4620      4750      4882      4749      4814      4944         1
       481      4491      4359      4417      4544      4697      4570      4623      4749         1
       482      4630      4491      4544      4677      4826      4697      4749      4882         1
       483      4464      4327      4359      4491      4664      4537      4570      4697         1
       484      4595      4464      4491      4630      4798      4664      4697      4826         1
       485      4451      4314      4327      4464      4658      4525      4537      4664         1
       486      4586      4451      4464      4595      4792      4658      4664      4798         1
       487      4423      4286      4385      4508      4620      4486      4584      4704         1
       488      4557      4423      4508      4648      4750      4620      4704      4839         1
       489      4344      4204      4286      4423      4544      4417      4486      4620         1
       490      4480      4344      4423      4557      4677      4544      4620      4750         1
       491      4293      4151      4204      4344      4491      4359      4417      4544         1
       492      4432      4293      4344      4480      4630      4491      4544      4677         1
       493      4250      4109      4151      4293      4464      4327      4359      4491         1
       494      4397      4250      4293      4432      4595      4464      4491      4630         1
       495      4240      4099      4109      4250      4451      4314      4327      4464         1
       496      4388      4240      4250      4397      4586      4451      4464      4595         1
       497      4212      4067      4179      4316      4423      4286      4385      4508         1
       498      4358      4212      4316      4460      4557      4423      4508      4648         1
       499      4138      3989      4067      4212      4344      4204      4286      4423         1
       500      4282      4138      4212      4358      4480      4344      4423      4557         1
       501      4071      3926      3989      4138      4293      4151      4204      4344         1
       502      4224      4071      4138      4282      4432      4293      4344      4480         1
       503      4043      3887      3926      4071      4250      4109      4151      4293         1
       504      4192      4043      4071      4224      4397      4250      4293      4432         1
       505      4024      3875      3887      4043      4240      4099      4109      4250         1
       506      4176      4024      4043      4192      4388      4240      4250      4397         1
       507      4008      3860      3969      4119      4212      4067      4179      4316         1
       508      4158      4008      4119      4257      4358      4212      4316      4460         1
       509      3921      3770      3860      4008      4138      3989      4067      4212         1
       510      4072      3921      4008      4158      4282      4138      4212      4358         1
       511      3861      3698      3770      3921      4071      3926      3989      4138         1
       512      4014      3861      3921      4072      4224      4071      4138      4282         1
       513      3822      3669      3698      3861      4043      3887      3926      4071         1
       514      3977      3822      3861      4014      4192      4043      4071      4224         1
       515      3810      3655      3669      3822      4024      3875      3887      4043         1
       516      3962      3810      3822      3977      4176      4024      4043      4192         1
       517      3803      3648      3759      3907      4008      3860      3969      4119         1
       518      3950      3803      3907      4060      4158      4008      4119      4257         1
       519      3702      3558      3648      3803      3921      3770      3860      4008         1
       520      3869      3702      3803      3950      4072      3921      4008      4158         1
       521      3646      3483      3558      3702      3861      3698      3770      3921         1
       522      3808      3646      3702      3869      4014      3861      3921      4072         1
       523      3601      3444      3483      3646      3822      3669      3698      3861         1
       524      3767      3601      3646      3808      3977      3822      3861      4014         1
       525      3587      3431      3444      3601      3810      3655      3669      3822         1
       526      3750      3587      3601      3767      3962      3810      3822      3977         1
       527      3588      3435      3560      3705      3803      3648      3759      3907         1
       528      3747      3588      3705      3866      3950      3803      3907      4060         1
       529      3503      3350      3435      3588      3702      3558      3648      3803         1
       530      3666      3503      3588      3747      3869      3702      3803      3950         1
       531      3428      3274      3350      3503      3646      3483      3558      3702         1
       532      3589      3428      3503      3666      3808      3646      3702      3869         1
       533      3390      3225      3274      3428      3601      3444      3483      3646         1
       534      3561      3390      3428      3589      3767      3601      3646      3808         1
       535      3377      3219      3225      3390      3587      3431      3444      3601         1
       536      3544      3377      3390      3561      3750      3587      3601      3767         1
       537      3386      3224      3357      3511      3588      3435      3560      3705         1
       538      3556      3386      3511      3673      3747      3588      3705      3866         1
       539      3300      3132      3224      3386      3503      3350      3435      3588         1
       540      3453      3300      3386      3556      3666      3503      3588      3747         1
       541      3222      3073      3132      3300      3428      3274      3350      3503         1
       542      3389      3222      3300      3453      3589      3428      3503      3666         1
       543      3189      3019      3073      3222      3390      3225      3274      3428         1
       544      3356      3189      3222      3389      3561      3390      3428      3589         1
       545      3175      3002      3019      3189      3377      3219      3225      3390         1
       546      3347      3175      3189      3356      3544      3377      3390      3561         1
       547      3196      3034      3163      3322      3386      3224      3357      3511         1
       548      3360      3196      3322      3473      3556      3386      3511      3673         1
       549      3094      2927      3034      3196      3300      3132      3224      3386         1
       550      3259      3094      3196      3360      3453      3300      3386      3556         1
       551      3026      2857      2927      3094      3222      3073      3132      3300         1
       552      3197      3026      3094      3259      3389      3222      3300      3453         1
       553      2984      2815      2857      3026      3189      3019      3073      3222         1
       554      3154      2984      3026      3197      3356      3189      3222      3389         1
       555      2967      2795      2815      2984      3175      3002      3019      3189         1
       556      3137      2967      2984      3154      3347      3175      3189      3356         1
       557      2998      2838      2966      3126      3196      3034      3163      3322         1
       558      3174      2998      3126      3295      3360      3196      3322      3473         1
       559      2896      2721      2838      2998      3094      2927      3034      3196         1
       560      3078      2896      2998      3174      3259      3094      3196      3360         1
       561      2827      2649      2721      2896      3026      2857      2927      3094         1
       562      2997      2827      2896      3078      3197      3026      3094      3259         1
       563      2772      2597      2649      2827      2984      2815      2857      3026         1
       564      2956      2772      2827      2997      3154      2984      3026      3197         1
       565      2752      2579      2597      2772      2967      2795      2815      2984         1
       566      2935      2752      2772      2956      3137      2967      2984      3154         1
       567      2814      2638      2769      2938      2998      2838      2966      3126         1
       568      2988      2814      2938      3108      3174      2998      3126      3295         1
       569      2709      2523      2638      2814      2896      2721      2838      2998         1
       570      2876      2709      2814      2988      3078      2896      2998      3174         1
       571      2621      2449      2523      2709      2827      2649      2721      2896         1
       572      2807      2621      2709      2876      2997      2827      2896      3078         1
       573      2571      2403      2449      2621      2772      2597      2649      2827         1
       574      2748      2571      2621      2807      2956      2772      2827      2997         1
       575      2560      2382      2403      2571      2752      2579      2597      2772         1
       576      2738      2560      2571      2748      2935      2752      2772      2956         1
       577      2616      2451      2584      2751      2814      2638      2769      2938         1
       578      2803      2616      2751      2934      2988      2814      2938      3108         1
       579      2507      2338      2451      2616      2709      2523      2638      2814         1
       580      2694      2507      2616      2803      2876      2709      2814      2988         1
       581      2433      2251      2338      2507      2621      2449      2523      2709         1
       582      2610      2433      2507      2694      2807      2621      2709      2876         1
       583      2387      2206      2251      2433      2571      2403      2449      2621         1
       584      2564      2387      2433      2610      2748      2571      2621      2807         1
       585      2367      2185      2206      2387      2560      2382      2403      2571         1
       586      2554      2367      2387      2564      2738      2560      2571      2748         1
       587      2445      2262      2411      2580      2616      2451      2584      2751         1
       588      2619      2445      2580      2754      2803      2616      2751      2934         1
       589      2332      2155      2262      2445      2507      2338      2451      2616         1
       590      2509      2332      2445      2619      2694      2507      2616      2803         1
       591      2245      2063      2155      2332      2433      2251      2338      2507         1
       592      2434      2245      2332      2509      2610      2433      2507      2694         1
       593      2200      2018      2063      2245      2387      2206      2251      2433         1
       594      2389      2200      2245      2434      2564      2387      2433      2610         1
       595      2178      2000      2018      2200      2367      2185      2206      2387         1
       596      2368      2178      2200      2389      2554      2367      2387      2564         1
       597      2277      2096      2238      2418      2445      2262      2411      2580         1
       598      2456      2277      2418      2590      2619      2445      2580      2754         1
       599      2162      1974      2096      2277      2332      2155      2262      2445         1
       600      2346      2162      2277      2456      2509      2332      2445      2619         1
       601      2075      1885      1974      2162      2245      2063      2155      2332         1
       602      2255      2075      2162      2346      2434      2245      2332      2509         1
       603      2023      1836      1885      2075      2200      2018      2063      2245         1
       604      2213      2023      2075      2255      2389      2200      2245      2434         1
       605      2007      1819      1836      2023      2178      2000      2018      2200         1
       606      2192      2007      2023      2213      2368      2178      2200      2389         1
       607      2107      1934      2084      2254      2277      2096      2238      2418         1
       608      2304      2107      2254      2443      2456      2277      2418      2590         1
       609      1995      1807      1934      2107      2162      1974      2096      2277         1
       610      2177      1995      2107      2304      2346      2162      2277      2456         1
       611      1908      1720      1807      1995      2075      1885      1974      2162         1
       612      2101      1908      1995      2177      2255      2075      2162      2346         1
       613      1851      1671      1720      1908      2023      1836      1885      2075         1
       614      2046      1851      1908      2101      2213      2023      2075      2255         1
       615      1837      1659      1671      1851      2007      1819      1836      2023         1
       616      2031      1837      1851      2046      2192      2007      2023      2213         1
       617      6250      6076      6191      6365      6542      6375      6477      6653         1
       618      6435      6250      6365      6535      6720      6542      6653      6822         1
       619      6158      5981      6076      6250      6456      6289      6375      6542         1
       620      6350      6158      6250      6435      6639      6456      6542      6720         1
       621      6105      5921      5981      6158      6403      6219      6289      6456         1
       622      6290      6105      6158      6350      6579      6403      6456      6639         1
       623      6063      5882      5921      6105      6364      6186      6219      6403         1
       624      6243      6063      6105      6290      6537      6364      6403      6579         1
       625      6052      5869      5882      6063      6358      6175      6186      6364         1
       626      6230      6052      6063      6243      6522      6358      6364      6537         1
       627      5956      5783      5891      6077      6250      6076      6191      6365         1
       628      6142      5956      6077      6252      6435      6250      6365      6535         1
       629      5871      5689      5783      5956      6158      5981      6076      6250         1
       630      6056      5871      5956      6142      6350      6158      6250      6435         1
       631      5812      5628      5689      5871      6105      5921      5981      6158         1
       632      5988      5812      5871      6056      6290      6105      6158      6350         1
       633      5773      5585      5628      5812      6063      5882      5921      6105         1
       634      5949      5773      5812      5988      6243      6063      6105      6290         1
       635      5759      5567      5585      5773      6052      5869      5882      6063         1
       636      5935      5759      5773      5949      6230      6052      6063      6243         1
       637      5676      5471      5607      5793      5956      5783      5891      6077         1
       638      5857      5676      5793      5969      6142      5956      6077      6252         1
       639      5574      5377      5471      5676      5871      5689      5783      5956         1
       640      5774      5574      5676      5857      6056      5871      5956      6142         1
       641      5505      5306      5377      5574      5812      5628      5689      5871         1
       642      5709      5505      5574      5774      5988      5812      5871      6056         1
       643      5457      5263      5306      5505      5773      5585      5628      5812         1
       644      5666      5457      5505      5709      5949      5773      5812      5988         1
       645      5447      5249      5263      5457      5759      5567      5585      5773         1
       646      5654      5447      5457      5666      5935      5759      5773      5949         1
       647      5366      5168      5296      5490      5676      5471      5607      5793         1
       648      5573      5366      5490      5696      5857      5676      5793      5969         1
       649      5267      5095      5168      5366      5574      5377      5471      5676         1
       650      5468      5267      5366      5573      5774      5574      5676      5857         1
       651      5195      5034      5095      5267      5505      5306      5377      5574         1
       652      5402      5195      5267      5468      5709      5505      5574      5774         1
       653      5154      5006      5034      5195      5457      5263      5306      5505         1
       654      5352      5154      5195      5402      5666      5457      5505      5709         1
       655      5146      4994      5006      5154      5447      5249      5263      5457         1
       656      5338      5146      5154      5352      5654      5447      5457      5666         1
       657      5091      4944      5044      5199      5366      5168      5296      5490         1
       658      5272      5091      5199      5401      5573      5366      5490      5696         1
       659      5014      4882      4944      5091      5267      5095      5168      5366         1
       660      5169      5014      5091      5272      5468      5267      5366      5573         1
       661      4965      4826      4882      5014      5195      5034      5095      5267         1
       662      5110      4965      5014      5169      5402      5195      5267      5468         1
       663      4932      4798      4826      4965      5154      5006      5034      5195         1
       664      5080      4932      4965      5110      5352      5154      5195      5402         1
       665      4923      4792      4798      4932      5146      4994      5006      5154         1
       666      5069      4923      4932      5080      5338      5146      5154      5352         1
       667      4884      4750      4839      4974      5091      4944      5044      5199         1
       668      5021      4884      4974      5117      5272      5091      5199      5401         1
       669      4812      4677      4750      4884      5014      4882      4944      5091         1
       670      4949      4812      4884      5021      5169      5014      5091      5272         1
       671      4763      4630      4677      4812      4965      4826      4882      5014         1
       672      4900      4763      4812      4949      5110      4965      5014      5169         1
       673      4730      4595      4630      4763      4932      4798      4826      4965         1
       674      4878      4730      4763      4900      5080      4932      4965      5110         1
       675      4720      4586      4595      4730      4923      4792      4798      4932         1
       676      4863      4720      4730      4878      5069      4923      4932      5080         1
       677      4686      4557      4648      4782      4884      4750      4839      4974         1
       678      4827      4686      4782      4916      5021      4884      4974      5117         1
       679      4622      4480      4557      4686      4812      4677      4750      4884         1
       680      4758      4622      4686      4827      4949      4812      4884      5021         1
       681      4569      4432      4480      4622      4763      4630      4677      4812         1
       682      4705      4569      4622      4758      4900      4763      4812      4949         1
       683      4536      4397      4432      4569      4730      4595      4630      4763         1
       684      4678      4536      4569      4705      4878      4730      4763      4900         1
       685      4524      4388      4397      4536      4720      4586      4595      4730         1
       686      4666      4524      4536      4678      4863      4720      4730      4878         1
       687      4493      4358      4460      4592      4686      4557      4648      4782         1
       688      4639      4493      4592      4725      4827      4686      4782      4916         1
       689      4430      4282      4358      4493      4622      4480      4557      4686         1
       690      4572      4430      4493      4639      4758      4622      4686      4827         1
       691      4374      4224      4282      4430      4569      4432      4480      4622         1
       692      4512      4374      4430      4572      4705      4569      4622      4758         1
       693      4338      4192      4224      4374      4536      4397      4432      4569         1
       694      4483      4338      4374      4512      4678      4536      4569      4705         1
       695      4328      4176      4192      4338      4524      4388      4397      4536         1
       696      4474      4328      4338      4483      4666      4524      4536      4678         1
       697      4307      4158      4257      4405      4493      4358      4460      4592         1
       698      4459      4307      4405      4552      4639      4493      4592      4725         1
       699      4228      4072      4158      4307      4430      4282      4358      4493         1
       700      4384      4228      4307      4459      4572      4430      4493      4639         1
       701      4167      4014      4072      4228      4374      4224      4282      4430         1
       702      4326      4167      4228      4384      4512      4374      4430      4572         1
       703      4140      3977      4014      4167      4338      4192      4224      4374         1
       704      4298      4140      4167      4326      4483      4338      4374      4512         1
       705      4124      3962      3977      4140      4328      4176      4192      4338         1
       706      4281      4124      4140      4298      4474      4328      4338      4483         1
       707      4112      3950      4060      4213      4307      4158      4257      4405         1
       708      4260      4112      4213      4366      4459      4307      4405      4552         1
       709      4027      3869      3950      4112      4228      4072      4158      4307         1
       710      4189      4027      4112      4260      4384      4228      4307      4459         1
       711      3965      3808      3869      4027      4167      4014      4072      4228         1
       712      4129      3965      4027      4189      4326      4167      4228      4384         1
       713      3931      3767      3808      3965      4140      3977      4014      4167         1
       714      4095      3931      3965      4129      4298      4140      4167      4326         1
       715      3914      3750      3767      3931      4124      3962      3977      4140         1
       716      4082      3914      3931      4095      4281      4124      4140      4298         1
       717      3910      3747      3866      4023      4112      3950      4060      4213         1
       718      4074      3910      4023      4181      4260      4112      4213      4366         1
       719      3828      3666      3747      3910      4027      3869      3950      4112         1
       720      3991      3828      3910      4074      4189      4027      4112      4260         1
       721      3762      3589      3666      3828      3965      3808      3869      4027         1
       722      3932      3762      3828      3991      4129      3965      4027      4189         1
       723      3723      3561      3589      3762      3931      3767      3808      3965         1
       724      3893      3723      3762      3932      4095      3931      3965      4129         1
       725      3707      3544      3561      3723      3914      3750      3767      3931         1
       726      3879      3707      3723      3893      4082      3914      3931      4095         1
       727      3714      3556      3673      3832      3910      3747      3866      4023         1
       728      3882      3714      3832      3996      4074      3910      4023      4181         1
       729      3624      3453      3556      3714      3828      3666      3747      3910         1
       730      3799      3624      3714      3882      3991      3828      3910      4074         1
       731      3565      3389      3453      3624      3762      3589      3666      3828         1
       732      3735      3565      3624      3799      3932      3762      3828      3991         1
       733      3523      3356      3389      3565      3723      3561      3589      3762         1
       734      3693      3523      3565      3735      3893      3723      3762      3932         1
       735      3508      3347      3356      3523      3707      3544      3561      3723         1
       736      3683      3508      3523      3693      3879      3707      3723      3893         1
       737      3528      3360      3473      3644      3714      3556      3673      3832         1
       738      3694      3528      3644      3813      3882      3714      3832      3996         1
       739      3427      3259      3360      3528      3624      3453      3556      3714         1
       740      3600      3427      3528      3694      3799      3624      3714      3882         1
       741      3369      3197      3259      3427      3565      3389      3453      3624         1
       742      3539      3369      3427      3600      3735      3565      3624      3799         1
       743      3334      3154      3197      3369      3523      3356      3389      3565         1
       744      3498      3334      3369      3539      3693      3523      3565      3735         1
       745      3317      3137      3154      3334      3508      3347      3356      3523         1
       746      3480      3317      3334      3498      3683      3508      3523      3693         1
       747      3348      3174      3295      3454      3528      3360      3473      3644         1
       748      3512      3348      3454      3625      3694      3528      3644      3813         1
       749      3236      3078      3174      3348      3427      3259      3360      3528         1
       750      3416      3236      3348      3512      3600      3427      3528      3694         1
       751      3177      2997      3078      3236      3369      3197      3259      3427         1
       752      3355      3177      3236      3416      3539      3369      3427      3600         1
       753      3130      2956      2997      3177      3334      3154      3197      3369         1
       754      3315      3130      3177      3355      3498      3334      3369      3539         1
       755      3112      2935      2956      3130      3317      3137      3154      3334         1
       756      3302      3112      3130      3315      3480      3317      3334      3498         1
       757      3161      2988      3108      3283      3348      3174      3295      3454         1
       758      3341      3161      3283      3447      3512      3348      3454      3625         1
       759      3064      2876      2988      3161      3236      3078      3174      3348         1
       760      3228      3064      3161      3341      3416      3236      3348      3512         1
       761      2989      2807      2876      3064      3177      2997      3078      3236         1
       762      3173      2989      3064      3228      3355      3177      3236      3416         1
       763      2937      2748      2807      2989      3130      2956      2997      3177         1
       764      3123      2937      2989      3173      3315      3130      3177      3355         1
       765      2926      2738      2748      2937      3112      2935      2956      3130         1
       766      3107      2926      2937      3123      3302      3112      3130      3315         1
       767      2985      2803      2934      3105      3161      2988      3108      3283         1
       768      3164      2985      3105      3287      3341      3161      3283      3447         1
       769      2874      2694      2803      2985      3064      2876      2988      3161         1
       770      3066      2874      2985      3164      3228      3064      3161      3341         1
       771      2806      2610      2694      2874      2989      2807      2876      3064         1
       772      2990      2806      2874      3066      3173      2989      3064      3228         1
       773      2746      2564      2610      2806      2937      2748      2807      2989         1
       774      2943      2746      2806      2990      3123      2937      2989      3173         1
       775      2736      2554      2564      2746      2926      2738      2748      2937         1
       776      2928      2736      2746      2943      3107      2926      2937      3123         1
       777      2812      2619      2754      2936      2985      2803      2934      3105         1
       778      2995      2812      2936      3119      3164      2985      3105      3287         1
       779      2707      2509      2619      2812      2874      2694      2803      2985         1
       780      2884      2707      2812      2995      3066      2874      2985      3164         1
       781      2618      2434      2509      2707      2806      2610      2694      2874         1
       782      2821      2618      2707      2884      2990      2806      2874      3066         1
       783      2570      2389      2434      2618      2746      2564      2610      2806         1
       784      2758      2570      2618      2821      2943      2746      2806      2990         1
       785      2559      2368      2389      2570      2736      2554      2564      2746         1
       786      2744      2559      2570      2758      2928      2736      2746      2943         1
       787      2641      2456      2590      2777      2812      2619      2754      2936         1
       788      2835      2641      2777      2962      2995      2812      2936      3119         1
       789      2530      2346      2456      2641      2707      2509      2619      2812         1
       790      2720      2530      2641      2835      2884      2707      2812      2995         1
       791      2455      2255      2346      2530      2618      2434      2509      2707         1
       792      2646      2455      2530      2720      2821      2618      2707      2884         1
       793      2405      2213      2255      2455      2570      2389      2434      2618         1
       794      2592      2405      2455      2646      2758      2570      2618      2821         1
       795      2391      2192      2213      2405      2559      2368      2389      2570         1
       796      2578      2391      2405      2592      2744      2559      2570      2758         1
       797      2485      2304      2443      2620      2641      2456      2590      2777         1
       798      2678      2485      2620      2816      2835      2641      2777      2962         1
       799      2369      2177      2304      2485      2530      2346      2456      2641         1
       800      2561      2369      2485      2678      2720      2530      2641      2835         1
       801      2298      2101      2177      2369      2455      2255      2346      2530         1
       802      2488      2298      2369      2561      2646      2455      2530      2720         1
       803      2236      2046      2101      2298      2405      2213      2255      2455         1
       804      2437      2236      2298      2488      2592      2405      2455      2646         1
       805      2226      2031      2046      2236      2391      2192      2213      2405         1
       806      2419      2226      2236      2437      2578      2391      2405      2592         1
       807      6915      6761      6866      6991      6757      6620      6722      6864         1
       808      6830      6682      6761      6915      6674      6523      6620      6757         1
       809      6770      6630      6682      6830      6622      6471      6523      6674         1
       810      6742      6597      6630      6770      6585      6439      6471      6622         1
       811      6727      6581      6597      6742      6567      6421      6439      6585         1
       812      7042      6923      7005      7136      6915      6761      6866      6991         1
       813      6976      6848      6923      7042      6830      6682      6761      6915         1
       814      6928      6778      6848      6976      6770      6630      6682      6830         1
       815      6901      6753      6778      6928      6742      6597      6630      6770         1
       816      6883      6746      6753      6901      6727      6581      6597      6742         1
       817      7059      6923      7005      7147      7185      7042      7136      7261         1
       818      7203      7059      7147      7286      7313      7185      7261      7384         1
       819      6986      6848      6923      7059      7117      6976      7042      7185         1
       820      7134      6986      7059      7203      7243      7117      7185      7313         1
       821      6940      6778      6848      6986      7068      6928      6976      7117         1
       822      7089      6940      6986      7134      7205      7068      7117      7243         1
       823      6913      6753      6778      6940      7030      6901      6928      7068         1
       824      7050      6913      6940      7089      7178      7030      7068      7205         1
       825      6903      6746      6753      6913      7021      6883      6901      7030         1
       826      7037      6903      6913      7050      7167      7021      7030      7178         1
       827      7331      7203      7286      7405      7429      7313      7384      7492         1
       828      7448      7331      7405      7517      7547      7429      7492      7602         1
       829      7268      7134      7203      7331      7375      7243      7313      7429         1
       830      7398      7268      7331      7448      7488      7375      7429      7547         1
       831      7226      7089      7134      7268      7336      7205      7243      7375         1
       832      7361      7226      7268      7398      7455      7336      7375      7488         1
       833      7201      7050      7089      7226      7311      7178      7205      7336         1
       834      7333      7201      7226      7361      7430      7311      7336      7455         1
       835      7190      7037      7050      7201      7305      7167      7178      7311         1
       836      7323      7190      7201      7333      7423      7305      7311      7430         1
       837      5556      5376      5501      5681      5862      5701      5821      5972         1
       838      5735      5556      5681      5844      6031      5862      5972      6144         1
       839      5454      5274      5376      5556      5778      5608      5701      5862         1
       840      5643      5454      5556      5735      5936      5778      5862      6031         1
       841      5382      5207      5274      5454      5715      5538      5608      5778         1
       842      5572      5382      5454      5643      5879      5715      5778      5936         1
       843      5333      5162      5207      5382      5674      5487      5538      5715         1
       844      5527      5333      5382      5572      5839      5674      5715      5879         1
       845      5325      5152      5162      5333      5656      5472      5487      5674         1
       846      5512      5325      5333      5527      5829      5656      5674      5839         1
       847      5225      5076      5184      5354      5556      5376      5501      5681         1
       848      5419      5225      5354      5547      5735      5556      5681      5844         1
       849      5141      5004      5076      5225      5454      5274      5376      5556         1
       850      5316      5141      5225      5419      5643      5454      5556      5735         1
       851      5084      4950      5004      5141      5382      5207      5274      5454         1
       852      5241      5084      5141      5316      5572      5382      5454      5643         1
       853      5055      4922      4950      5084      5333      5162      5207      5382         1
       854      5204      5055      5084      5241      5527      5333      5382      5572         1
       855      5043      4909      4922      5055      5325      5152      5162      5333         1
       856      5188      5043      5055      5204      5512      5325      5333      5527         1
       857      4977      4855      4941      5074      5225      5076      5184      5354         1
       858      5112      4977      5074      5224      5419      5225      5354      5547         1
       859      4906      4789      4855      4977      5141      5004      5076      5225         1
       860      5042      4906      4977      5112      5316      5141      5225      5419         1
       861      4858      4738      4789      4906      5084      4950      5004      5141         1
       862      4988      4858      4906      5042      5241      5084      5141      5316         1
       863      4829      4703      4738      4858      5055      4922      4950      5084         1
       864      4954      4829      4858      4988      5204      5055      5084      5241         1
       865      4816      4696      4703      4829      5043      4909      4922      5055         1
       866      4943      4816      4829      4954      5188      5043      5055      5204         1
       867      4769      4650      4740      4857      4977      4855      4941      5074         1
       868      4895      4769      4857      4981      5112      4977      5074      5224         1
       869      4699      4578      4650      4769      4906      4789      4855      4977         1
       870      4822      4699      4769      4895      5042      4906      4977      5112         1
       871      4651      4522      4578      4699      4858      4738      4789      4906         1
       872      4777      4651      4699      4822      4988      4858      4906      5042         1
       873      4619      4490      4522      4651      4829      4703      4738      4858         1
       874      4748      4619      4651      4777      4954      4829      4858      4988         1
       875      4608      4482      4490      4619      4816      4696      4703      4829         1
       876      4732      4608      4619      4748      4943      4816      4829      4954         1
       877      4566      4439      4533      4657      4769      4650      4740      4857         1
       878      4687      4566      4657      4783      4895      4769      4857      4981         1
       879      4487      4362      4439      4566      4699      4578      4650      4769         1
       880      4623      4487      4566      4687      4822      4699      4769      4895         1
       881      4438      4306      4362      4487      4651      4522      4578      4699         1
       882      4570      4438      4487      4623      4777      4651      4699      4822         1
       883      4402      4269      4306      4438      4619      4490      4522      4651         1
       884      4537      4402      4438      4570      4748      4619      4651      4777         1
       885      4396      4256      4269      4402      4608      4482      4490      4619         1
       886      4525      4396      4402      4537      4732      4608      4619      4748         1
       887      4355      4221      4325      4455      4566      4439      4533      4657         1
       888      4486      4355      4455      4584      4687      4566      4657      4783         1
       889      4278      4147      4221      4355      4487      4362      4439      4566         1
       890      4417      4278      4355      4486      4623      4487      4566      4687         1
       891      4217      4083      4147      4278      4438      4306      4362      4487         1
       892      4359      4217      4278      4417      4570      4438      4487      4623         1
       893      4186      4049      4083      4217      4402      4269      4306      4438         1
       894      4327      4186      4217      4359      4537      4402      4438      4570         1
       895      4170      4036      4049      4186      4396      4256      4269      4402         1
       896      4314      4170      4186      4327      4525      4396      4402      4537         1
       897      4149      4004      4111      4246      4355      4221      4325      4455         1
       898      4286      4149      4246      4385      4486      4355      4455      4584         1
       899      4057      3912      4004      4149      4278      4147      4221      4355         1
       900      4204      4057      4149      4286      4417      4278      4355      4486         1
       901      4001      3856      3912      4057      4217      4083      4147      4278         1
       902      4151      4001      4057      4204      4359      4217      4278      4417         1
       903      3959      3816      3856      4001      4186      4049      4083      4217         1
       904      4109      3959      4001      4151      4327      4186      4217      4359         1
       905      3945      3805      3816      3959      4170      4036      4049      4186         1
       906      4099      3945      3959      4109      4314      4170      4186      4327         1
       907      3925      3784      3894      4039      4149      4004      4111      4246         1
       908      4067      3925      4039      4179      4286      4149      4246      4385         1
       909      3839      3688      3784      3925      4057      3912      4004      4149         1
       910      3989      3839      3925      4067      4204      4057      4149      4286         1
       911      3775      3618      3688      3839      4001      3856      3912      4057         1
       912      3926      3775      3839      3989      4151      4001      4057      4204         1
       913      3737      3579      3618      3775      3959      3816      3856      4001         1
       914      3887      3737      3775      3926      4109      3959      4001      4151         1
       915      3719      3570      3579      3737      3945      3805      3816      3959         1
       916      3875      3719      3737      3887      4099      3945      3959      4109         1
       917      3700      3562      3679      3823      3925      3784      3894      4039         1
       918      3860      3700      3823      3969      4067      3925      4039      4179         1
       919      3610      3461      3562      3700      3839      3688      3784      3925         1
       920      3770      3610      3700      3860      3989      3839      3925      4067         1
       921      3551      3396      3461      3610      3775      3618      3688      3839         1
       922      3698      3551      3610      3770      3926      3775      3839      3989         1
       923      3509      3359      3396      3551      3737      3579      3618      3775         1
       924      3669      3509      3551      3698      3887      3737      3775      3926         1
       925      3494      3351      3359      3509      3719      3570      3579      3737         1
       926      3655      3494      3509      3669      3875      3719      3737      3887         1
       927      3488      3349      3458      3605      3700      3562      3679      3823         1
       928      3648      3488      3605      3759      3860      3700      3823      3969         1
       929      3395      3237      3349      3488      3610      3461      3562      3700         1
       930      3558      3395      3488      3648      3770      3610      3700      3860         1
       931      3340      3178      3237      3395      3551      3396      3461      3610         1
       932      3483      3340      3395      3558      3698      3551      3610      3770         1
       933      3293      3131      3178      3340      3509      3359      3396      3551         1
       934      3444      3293      3340      3483      3669      3509      3551      3698         1
       935      3276      3114      3131      3293      3494      3351      3359      3509         1
       936      3431      3276      3293      3444      3655      3494      3509      3669         1
       937      3280      3121      3245      3398      3488      3349      3458      3605         1
       938      3435      3280      3398      3560      3648      3488      3605      3759         1
       939      3186      3027      3121      3280      3395      3237      3349      3488         1
       940      3350      3186      3280      3435      3558      3395      3488      3648         1
       941      3109      2953      3027      3186      3340      3178      3237      3395         1
       942      3274      3109      3186      3350      3483      3340      3395      3558         1
       943      3077      2904      2953      3109      3293      3131      3178      3340         1
       944      3225      3077      3109      3274      3444      3293      3340      3483         1
       945      3062      2889      2904      3077      3276      3114      3131      3293         1
       946      3219      3062      3077      3225      3431      3276      3293      3444         1
       947      3079      2911      3047      3201      3280      3121      3245      3398         1
       948      3224      3079      3201      3357      3435      3280      3398      3560         1
       949      2970      2810      2911      3079      3186      3027      3121      3280         1
       950      3132      2970      3079      3224      3350      3186      3280      3435         1
       951      2894      2726      2810      2970      3109      2953      3027      3186         1
       952      3073      2894      2970      3132      3274      3109      3186      3350         1
       953      2856      2688      2726      2894      3077      2904      2953      3109         1
       954      3019      2856      2894      3073      3225      3077      3109      3274         1
       955      2844      2672      2688      2856      3062      2889      2904      3077         1
       956      3002      2844      2856      3019      3219      3062      3077      3225         1
       957      2860      2706      2846      2996      3079      2911      3047      3201         1
       958      3034      2860      2996      3163      3224      3079      3201      3357         1
       959      2747      2585      2706      2860      2970      2810      2911      3079         1
       960      2927      2747      2860      3034      3132      2970      3079      3224         1
       961      2685      2506      2585      2747      2894      2726      2810      2970         1
       962      2857      2685      2747      2927      3073      2894      2970      3132         1
       963      2636      2471      2506      2685      2856      2688      2726      2894         1
       964      2815      2636      2685      2857      3019      2856      2894      3073         1
       965      2613      2453      2471      2636      2844      2672      2688      2856         1
       966      2795      2613      2636      2815      3002      2844      2856      3019         1
       967      2663      2494      2634      2800      2860      2706      2846      2996         1
       968      2838      2663      2800      2966      3034      2860      2996      3163         1
       969      2550      2379      2494      2663      2747      2585      2706      2860         1
       970      2721      2550      2663      2838      2927      2747      2860      3034         1
       971      2475      2309      2379      2550      2685      2506      2585      2747         1
       972      2649      2475      2550      2721      2857      2685      2747      2927         1
       973      2422      2247      2309      2475      2636      2471      2506      2685         1
       974      2597      2422      2475      2649      2815      2636      2685      2857         1
       975      2407      2231      2247      2422      2613      2453      2471      2636         1
       976      2579      2407      2422      2597      2795      2613      2636      2815         1
       977      2466      2302      2439      2599      2663      2494      2634      2800         1
       978      2638      2466      2599      2769      2838      2663      2800      2966         1
       979      2354      2174      2302      2466      2550      2379      2494      2663         1
       980      2523      2354      2466      2638      2721      2550      2663      2838         1
       981      2266      2099      2174      2354      2475      2309      2379      2550         1
       982      2449      2266      2354      2523      2649      2475      2550      2721         1
       983      2222      2042      2099      2266      2422      2247      2309      2475         1
       984      2403      2222      2266      2449      2597      2422      2475      2649         1
       985      2203      2030      2042      2222      2407      2231      2247      2422         1
       986      2382      2203      2222      2403      2579      2407      2422      2597         1
       987      2275      2104      2243      2417      2466      2302      2439      2599         1
       988      2451      2275      2417      2584      2638      2466      2599      2769         1
       989      2160      1982      2104      2275      2354      2174      2302      2466         1
       990      2338      2160      2275      2451      2523      2354      2466      2638         1
       991      2073      1895      1982      2160      2266      2099      2174      2354         1
       992      2251      2073      2160      2338      2449      2266      2354      2523         1
       993      2022      1840      1895      2073      2222      2042      2099      2266         1
       994      2206      2022      2073      2251      2403      2222      2266      2449         1
       995      2005      1827      1840      2022      2203      2030      2042      2222         1
       996      2185      2005      2022      2206      2382      2203      2222      2403         1
       997      2090      1916      2062      2232      2275      2104      2243      2417         1
       998      2262      2090      2232      2411      2451      2275      2417      2584         1
       999      1968      1786      1916      2090      2160      1982      2104      2275         1
      1000      2155      1968      2090      2262      2338      2160      2275      2451         1
      1001      1877      1703      1786      1968      2073      1895      1982      2160         1
      1002      2063      1877      1968      2155      2251      2073      2160      2338         1
      1003      1830      1661      1703      1877      2022      1840      1895      2073         1
      1004      2018      1830      1877      2063      2206      2022      2073      2251         1
      1005      1811      1641      1661      1830      2005      1827      1840      2022         1
      1006      2000      1811      1830      2018      2185      2005      2022      2206         1
      1007      1914      1743      1891      2061      2090      1916      2062      2232         1
      1008      2096      1914      2061      2238      2262      2090      2232      2411         1
      1009      1785      1607      1743      1914      1968      1786      1916      2090         1
      1010      1974      1785      1914      2096      2155      1968      2090      2262         1
      1011      1699      1521      1607      1785      1877      1703      1786      1968         1
      1012      1885      1699      1785      1974      2063      1877      1968      2155         1
      1013      1660      1484      1521      1699      1830      1661      1703      1877         1
      1014      1836      1660      1699      1885      2018      1830      1877      2063         1
      1015      1640      1458      1484      1660      1811      1641      1661      1830         1
      1016      1819      1640      1660      1836      2000      1811      1830      2018         1
      1017      1751      1577      1735      1903      1914      1743      1891      2061         1
      1018      1934      1751      1903      2084      2096      1914      2061      2238         1
      1019      1622      1452      1577      1751      1785      1607      1743      1914         1
      1020      1807      1622      1751      1934      1974      1785      1914      2096         1
      1021      1529      1363      1452      1622      1699      1521      1607      1785         1
      1022      1720      1529      1622      1807      1885      1699      1785      1974         1
      1023      1489      1317      1363      1529      1660      1484      1521      1699         1
      1024      1671      1489      1529      1720      1836      1660      1699      1885         1
      1025      1472      1296      1317      1489      1640      1458      1484      1660         1
      1026      1659      1472      1489      1671      1819      1640      1660      1836         1
      1027       681       647       764       805       596       554       673       719         1
      1028       588       549       647       681       504       464       554       596         1
      1029       528       483       549       588       440       399       464       504         1
      1030       484       442       483       528       402       363       399       440         1
      1031       468       429       442       484       382       345       363       402         1
      1032       775       734       862       907       681       647       764       805         1
      1033       680       637       734       775       588       549       647       681         1
      1034       616       571       637       680       528       483       549       588         1
      1035       573       534       571       616       484       442       483       528         1
      1036       559       520       534       573       468       429       442       484         1
      1037      1085       945      1088      1227      1125       997      1130      1272         1
      1038      1229      1085      1227      1379      1276      1125      1272      1433         1
      1039       970       847       945      1085      1019       889       997      1125         1
      1040      1111       970      1085      1229      1167      1019      1125      1276         1
      1041       893       772       847       970       944       815       889      1019         1
      1042      1030       893       970      1111      1087       944      1019      1167         1
      1043       855       735       772       893       900       776       815       944         1
      1044       984       855       893      1030      1041       900       944      1087         1
      1045       840       718       735       855       882       766       776       900         1
      1046       972       840       855       984      1022       882       900      1041         1
      1047       836       878      1014       965       945       997      1130      1088         1
      1048       738       777       878       836       847       889       997       945         1
      1049       667       710       777       738       772       815       889       847         1
      1050       629       669       710       667       735       776       815       772         1
      1051       617       658       669       629       718       766       776       735         1
      1052       734       775       907       862       836       878      1014       965         1
      1053       637       680       775       734       738       777       878       836         1
      1054       571       616       680       637       667       710       777       738         1
      1055       534       573       616       571       629       669       710       667         1
      1056       520       559       573       534       617       658       669       629         1
      1057      4955      4853      4940      5054      5216      5090      5194      5337         1
      1058      5066      4955      5054      5165      5367      5216      5337      5491         1
      1059      4890      4787      4853      4955      5119      5012      5090      5216         1
      1060      4993      4890      4955      5066      5268      5119      5216      5367         1
      1061      4838      4735      4787      4890      5068      4964      5012      5119         1
      1062      4937      4838      4890      4993      5196      5068      5119      5268         1
      1063      4809      4702      4735      4838      5035      4930      4964      5068         1
      1064      4908      4809      4838      4937      5155      5035      5068      5196         1
      1065      4797      4695      4702      4809      5022      4921      4930      5035         1
      1066      4901      4797      4809      4908      5147      5022      5035      5155         1
      1067      4739      4636      4722      4825      4955      4853      4940      5054         1
      1068      4840      4739      4825      4927      5066      4955      5054      5165         1
      1069      4665      4568      4636      4739      4890      4787      4853      4955         1
      1070      4771      4665      4739      4840      4993      4890      4955      5066         1
      1071      4616      4506      4568      4665      4838      4735      4787      4890         1
      1072      4717      4616      4665      4771      4937      4838      4890      4993         1
      1073      4585      4481      4506      4616      4809      4702      4735      4838         1
      1074      4689      4585      4616      4717      4908      4809      4838      4937         1
      1075      4577      4472      4481      4585      4797      4695      4702      4809         1
      1076      4679      4577      4585      4689      4901      4797      4809      4908         1
      1077      4517      4420      4503      4613      4739      4636      4722      4825         1
      1078      4629      4517      4613      4713      4840      4739      4825      4927         1
      1079      4449      4342      4420      4517      4665      4568      4636      4739         1
      1080      4560      4449      4517      4629      4771      4665      4739      4840         1
      1081      4394      4287      4342      4449      4616      4506      4568      4665         1
      1082      4494      4394      4449      4560      4717      4616      4665      4771         1
      1083      4360      4248      4287      4394      4585      4481      4506      4616         1
      1084      4473      4360      4394      4494      4689      4585      4616      4717         1
      1085      4352      4238      4248      4360      4577      4472      4481      4585         1
      1086      4463      4352      4360      4473      4679      4577      4585      4689         1
      1087      4304      4190      4297      4399      4517      4420      4503      4613         1
      1088      4410      4304      4399      4500      4629      4517      4613      4713         1
      1089      4216      4106      4190      4304      4449      4342      4420      4517         1
      1090      4335      4216      4304      4410      4560      4449      4517      4629         1
      1091      4161      4050      4106      4216      4394      4287      4342      4449         1
      1092      4280      4161      4216      4335      4494      4394      4449      4560         1
      1093      4128      4009      4050      4161      4360      4248      4287      4394         1
      1094      4245      4128      4161      4280      4473      4360      4394      4494         1
      1095      4118      3998      4009      4128      4352      4238      4248      4360         1
      1096      4233      4118      4128      4245      4463      4352      4360      4473         1
      1097      4064      3949      4059      4174      4304      4190      4297      4399         1
      1098      4193      4064      4174      4299      4410      4304      4399      4500         1
      1099      3986      3867      3949      4064      4216      4106      4190      4304         1
      1100      4107      3986      4064      4193      4335      4216      4304      4410         1
      1101      3923      3806      3867      3986      4161      4050      4106      4216         1
      1102      4052      3923      3986      4107      4280      4161      4216      4335         1
      1103      3883      3766      3806      3923      4128      4009      4050      4161         1
      1104      4010      3883      3923      4052      4245      4128      4161      4280         1
      1105      3872      3748      3766      3883      4118      3998      4009      4128         1
      1106      3999      3872      3883      4010      4233      4118      4128      4245         1
      1107      3838      3712      3831      3944      4064      3949      4059      4174         1
      1108      3957      3838      3944      4063      4193      4064      4174      4299         1
      1109      3743      3620      3712      3838      3986      3867      3949      4064         1
      1110      3871      3743      3838      3957      4107      3986      4064      4193         1
      1111      3684      3564      3620      3743      3923      3806      3867      3986         1
      1112      3811      3684      3743      3871      4052      3923      3986      4107         1
      1113      3645      3521      3564      3684      3883      3766      3806      3923         1
      1114      3774      3645      3684      3811      4010      3883      3923      4052         1
      1115      3627      3506      3521      3645      3872      3748      3766      3883         1
      1116      3756      3627      3645      3774      3999      3872      3883      4010         1
      1117      3598      3475      3591      3718      3838      3712      3831      3944         1
      1118      3729      3598      3718      3849      3957      3838      3944      4063         1
      1119      3510      3381      3475      3598      3743      3620      3712      3838         1
      1120      3636      3510      3598      3729      3871      3743      3838      3957         1
      1121      3441      3324      3381      3510      3684      3564      3620      3743         1
      1122      3572      3441      3510      3636      3811      3684      3743      3871         1
      1123      3401      3279      3324      3441      3645      3521      3564      3684         1
      1124      3532      3401      3441      3572      3774      3645      3684      3811         1
      1125      3385      3260      3279      3401      3627      3506      3521      3645         1
      1126      3522      3385      3401      3532      3756      3627      3645      3774         1
      1127      3372      3239      3371      3491      3598      3475      3591      3718         1
      1128      3500      3372      3491      3614      3729      3598      3718      3849         1
      1129      3278      3149      3239      3372      3510      3381      3475      3598         1
      1130      3407      3278      3372      3500      3636      3510      3598      3729         1
      1131      3210      3081      3149      3278      3441      3324      3381      3510         1
      1132      3345      3210      3278      3407      3572      3441      3510      3636         1
      1133      3170      3039      3081      3210      3401      3279      3324      3441         1
      1134      3305      3170      3210      3345      3532      3401      3441      3572         1
      1135      3151      3018      3039      3170      3385      3260      3279      3401         1
      1136      3286      3151      3170      3305      3522      3385      3401      3532         1
      1137      3140      3009      3139      3263      3372      3239      3371      3491         1
      1138      3273      3140      3263      3393      3500      3372      3491      3614         1
      1139      3045      2909      3009      3140      3278      3149      3239      3372         1
      1140      3181      3045      3140      3273      3407      3278      3372      3500         1
      1141      2969      2843      2909      3045      3210      3081      3149      3278         1
      1142      3102      2969      3045      3181      3345      3210      3278      3407         1
      1143      2925      2791      2843      2969      3170      3039      3081      3210         1
      1144      3072      2925      2969      3102      3305      3170      3210      3345         1
      1145      2910      2770      2791      2925      3151      3018      3039      3170         1
      1146      3056      2910      2925      3072      3286      3151      3170      3305         1
      1147      2912      2776      2917      3048      3140      3009      3139      3263         1
      1148      3053      2912      3048      3179      3273      3140      3263      3393         1
      1149      2811      2676      2776      2912      3045      2909      3009      3140         1
      1150      2945      2811      2912      3053      3181      3045      3140      3273         1
      1151      2728      2588      2676      2811      2969      2843      2909      3045         1
      1152      2866      2728      2811      2945      3102      2969      3045      3181         1
      1153      2690      2548      2588      2728      2925      2791      2843      2969         1
      1154      2832      2690      2728      2866      3072      2925      2969      3102         1
      1155      2674      2529      2548      2690      2910      2770      2791      2925         1
      1156      2819      2674      2690      2832      3056      2910      2925      3072         1
      1157      2687      2549      2692      2826      2912      2776      2917      3048         1
      1158      2829      2687      2826      2957      3053      2912      3048      3179         1
      1159      2569      2435      2549      2687      2811      2676      2776      2912         1
      1160      2717      2569      2687      2829      2945      2811      2912      3053         1
      1161      2496      2359      2435      2569      2728      2588      2676      2811         1
      1162      2640      2496      2569      2717      2866      2728      2811      2945         1
      1163      2452      2317      2359      2496      2690      2548      2588      2728         1
      1164      2587      2452      2496      2640      2832      2690      2728      2866         1
      1165      2431      2299      2317      2452      2674      2529      2548      2690         1
      1166      2572      2431      2452      2587      2819      2674      2690      2832         1
      1167      2459      2323      2472      2595      2687      2549      2692      2826         1
      1168      2598      2459      2595      2735      2829      2687      2826      2957         1
      1169      2351      2207      2323      2459      2569      2435      2549      2687         1
      1170      2493      2351      2459      2598      2717      2569      2687      2829         1
      1171      2260      2122      2207      2351      2496      2359      2435      2569         1
      1172      2410      2260      2351      2493      2640      2496      2569      2717         1
      1173      2216      2074      2122      2260      2452      2317      2359      2496         1
      1174      2364      2216      2260      2410      2587      2452      2496      2640         1
      1175      2199      2051      2074      2216      2431      2299      2317      2452         1
      1176      2352      2199      2216      2364      2572      2431      2452      2587         1
      1177      2234      2103      2241      2388      2459      2323      2472      2595         1
      1178      2386      2234      2388      2526      2598      2459      2595      2735         1
      1179      2124      1980      2103      2234      2351      2207      2323      2459         1
      1180      2274      2124      2234      2386      2493      2351      2459      2598         1
      1181      2038      1894      1980      2124      2260      2122      2207      2351         1
      1182      2189      2038      2124      2274      2410      2260      2351      2493         1
      1183      1991      1839      1894      2038      2216      2074      2122      2260         1
      1184      2147      1991      2038      2189      2364      2216      2260      2410         1
      1185      1969      1825      1839      1991      2199      2051      2074      2216         1
      1186      2121      1969      1991      2147      2352      2199      2216      2364         1
      1187      2024      1876      2036      2171      2234      2103      2241      2388         1
      1188      2170      2024      2171      2324      2386      2234      2388      2526         1
      1189      1906      1763      1876      2024      2124      1980      2103      2234         1
      1190      2052      1906      2024      2170      2274      2124      2234      2386         1
      1191      1818      1676      1763      1906      2038      1894      1980      2124         1
      1192      1970      1818      1906      2052      2189      2038      2124      2274         1
      1193      1766      1617      1676      1818      1991      1839      1894      2038         1
      1194      1925      1766      1818      1970      2147      1991      2038      2189         1
      1195      1755      1595      1617      1766      1969      1825      1839      1991         1
      1196      1901      1755      1766      1925      2121      1969      1991      2147         1
      1197      1816      1677      1832      1973      2024      1876      2036      2171         1
      1198      1967      1816      1973      2118      2170      2024      2171      2324         1
      1199      1688      1552      1677      1816      1906      1763      1876      2024         1
      1200      1845      1688      1816      1967      2052      1906      2024      2170         1
      1201      1600      1471      1552      1688      1818      1676      1763      1906         1
      1202      1762      1600      1688      1845      1970      1818      1906      2052         1
      1203      1553      1408      1471      1600      1766      1617      1676      1818         1
      1204      1705      1553      1600      1762      1925      1766      1818      1970         1
      1205      1532      1394      1408      1553      1755      1595      1617      1766         1
      1206      1685      1532      1553      1705      1901      1755      1766      1925         1
      1207      1618      1486      1644      1773      1816      1677      1832      1973         1
      1208      1769      1618      1773      1931      1967      1816      1973      2118         1
      1209      1497      1358      1486      1618      1688      1552      1677      1816         1
      1210      1654      1497      1618      1769      1845      1688      1816      1967         1
      1211      1405      1270      1358      1497      1600      1471      1552      1688         1
      1212      1561      1405      1497      1654      1762      1600      1688      1845         1
      1213      1359      1230      1270      1405      1553      1408      1471      1600         1
      1214      1505      1359      1405      1561      1705      1553      1600      1762         1
      1215      1340      1209      1230      1359      1532      1394      1408      1553         1
      1216      1493      1340      1359      1505      1685      1532      1553      1705         1
      1217      1439      1304      1459      1590      1618      1486      1644      1773         1
      1218      1585      1439      1590      1745      1769      1618      1773      1931         1
      1219      1319      1185      1304      1439      1497      1358      1486      1618         1
      1220      1463      1319      1439      1585      1654      1497      1618      1769         1
      1221      1241      1106      1185      1319      1405      1270      1358      1497         1
      1222      1378      1241      1319      1463      1561      1405      1497      1654         1
      1223      1183      1056      1106      1241      1359      1230      1270      1405         1
      1224      1321      1183      1241      1378      1505      1359      1405      1561         1
      1225      1169      1045      1056      1183      1340      1209      1230      1359         1
      1226      1311      1169      1183      1321      1493      1340      1359      1505         1
      1227      1264      1142      1291      1424      1439      1304      1459      1590         1
      1228      1406      1264      1424      1572      1585      1439      1590      1745         1
      1229      1155      1033      1142      1264      1319      1185      1304      1439         1
      1230      1289      1155      1264      1406      1463      1319      1439      1585         1
      1231      1079       955      1033      1155      1241      1106      1185      1319         1
      1232      1211      1079      1155      1289      1378      1241      1319      1463         1
      1233      1027       911       955      1079      1183      1056      1106      1241         1
      1234      1161      1027      1079      1211      1321      1183      1241      1378         1
      1235      1011       896       911      1027      1169      1045      1056      1183         1
      1236      1140      1011      1027      1161      1311      1169      1183      1321         1
      1237      1121      1006      1144      1267      1264      1142      1291      1424         1
      1238      1254      1121      1267      1404      1406      1264      1424      1572         1
      1239      1013       899      1006      1121      1155      1033      1142      1264         1
      1240      1138      1013      1121      1254      1289      1155      1264      1406         1
      1241       938       825       899      1013      1079       955      1033      1155         1
      1242      1062       938      1013      1138      1211      1079      1155      1289         1
      1243       891       781       825       938      1027       911       955      1079         1
      1244      1018       891       938      1062      1161      1027      1079      1211         1
      1245       877       768       781       891      1011       896       911      1027         1
      1246      1002       877       891      1018      1140      1011      1027      1161         1
      1247      5206      5066      5165      5329      5530      5367      5491      5657         1
      1248      5376      5206      5329      5501      5701      5530      5657      5821         1
      1249      5113      4993      5066      5206      5436      5268      5367      5530         1
      1250      5274      5113      5206      5376      5608      5436      5530      5701         1
      1251      5065      4937      4993      5113      5356      5196      5268      5436         1
      1252      5207      5065      5113      5274      5538      5356      5436      5608         1
      1253      5028      4908      4937      5065      5318      5155      5196      5356         1
      1254      5162      5028      5065      5207      5487      5318      5356      5538         1
      1255      5016      4901      4908      5028      5302      5147      5155      5318         1
      1256      5152      5016      5028      5162      5472      5302      5318      5487         1
      1257      4951      4840      4927      5051      5206      5066      5165      5329         1
      1258      5076      4951      5051      5184      5376      5206      5329      5501         1
      1259      4887      4771      4840      4951      5113      4993      5066      5206         1
      1260      5004      4887      4951      5076      5274      5113      5206      5376         1
      1261      4836      4717      4771      4887      5065      4937      4993      5113         1
      1262      4950      4836      4887      5004      5207      5065      5113      5274         1
      1263      4805      4689      4717      4836      5028      4908      4937      5065         1
      1264      4922      4805      4836      4950      5162      5028      5065      5207         1
      1265      4796      4679      4689      4805      5016      4901      4908      5028         1
      1266      4909      4796      4805      4922      5152      5016      5028      5162         1
      1267      4743      4629      4713      4830      4951      4840      4927      5051         1
      1268      4855      4743      4830      4941      5076      4951      5051      5184         1
      1269      4669      4560      4629      4743      4887      4771      4840      4951         1
      1270      4789      4669      4743      4855      5004      4887      4951      5076         1
      1271      4621      4494      4560      4669      4836      4717      4771      4887         1
      1272      4738      4621      4669      4789      4950      4836      4887      5004         1
      1273      4589      4473      4494      4621      4805      4689      4717      4836         1
      1274      4703      4589      4621      4738      4922      4805      4836      4950         1
      1275      4580      4463      4473      4589      4796      4679      4689      4805         1
      1276      4696      4580      4589      4703      4909      4796      4805      4922         1
      1277      4528      4410      4500      4626      4743      4629      4713      4830         1
      1278      4650      4528      4626      4740      4855      4743      4830      4941         1
      1279      4458      4335      4410      4528      4669      4560      4629      4743         1
      1280      4578      4458      4528      4650      4789      4669      4743      4855         1
      1281      4401      4280      4335      4458      4621      4494      4560      4669         1
      1282      4522      4401      4458      4578      4738      4621      4669      4789         1
      1283      4368      4245      4280      4401      4589      4473      4494      4621         1
      1284      4490      4368      4401      4522      4703      4589      4621      4738         1
      1285      4357      4233      4245      4368      4580      4463      4473      4589         1
      1286      4482      4357      4368      4490      4696      4580      4589      4703         1
      1287      4309      4193      4299      4412      4528      4410      4500      4626         1
      1288      4439      4309      4412      4533      4650      4528      4626      4740         1
      1289      4234      4107      4193      4309      4458      4335      4410      4528         1
      1290      4362      4234      4309      4439      4578      4458      4528      4650         1
      1291      4173      4052      4107      4234      4401      4280      4335      4458         1
      1292      4306      4173      4234      4362      4522      4401      4458      4578         1
      1293      4146      4010      4052      4173      4368      4245      4280      4401         1
      1294      4269      4146      4173      4306      4490      4368      4401      4522         1
      1295      4130      3999      4010      4146      4357      4233      4245      4368         1
      1296      4256      4130      4146      4269      4482      4357      4368      4490         1
      1297      4090      3957      4063      4201      4309      4193      4299      4412         1
      1298      4221      4090      4201      4325      4439      4309      4412      4533         1
      1299      4007      3871      3957      4090      4234      4107      4193      4309         1
      1300      4147      4007      4090      4221      4362      4234      4309      4439         1
      1301      3943      3811      3871      4007      4173      4052      4107      4234         1
      1302      4083      3943      4007      4147      4306      4173      4234      4362         1
      1303      3902      3774      3811      3943      4146      4010      4052      4173         1
      1304      4049      3902      3943      4083      4269      4146      4173      4306         1
      1305      3895      3756      3774      3902      4130      3999      4010      4146         1
      1306      4036      3895      3902      4049      4256      4130      4146      4269         1
      1307      3864      3729      3849      3973      4090      3957      4063      4201         1
      1308      4004      3864      3973      4111      4221      4090      4201      4325         1
      1309      3783      3636      3729      3864      4007      3871      3957      4090         1
      1310      3912      3783      3864      4004      4147      4007      4090      4221         1
      1311      3708      3572      3636      3783      3943      3811      3871      4007         1
      1312      3856      3708      3783      3912      4083      3943      4007      4147         1
      1313      3676      3532      3572      3708      3902      3774      3811      3943         1
      1314      3816      3676      3708      3856      4049      3902      3943      4083         1
      1315      3664      3522      3532      3676      3895      3756      3774      3902         1
      1316      3805      3664      3676      3816      4036      3895      3902      4049         1
      1317      3633      3500      3614      3751      3864      3729      3849      3973         1
      1318      3784      3633      3751      3894      4004      3864      3973      4111         1
      1319      3548      3407      3500      3633      3783      3636      3729      3864         1
      1320      3688      3548      3633      3784      3912      3783      3864      4004         1
      1321      3474      3345      3407      3548      3708      3572      3636      3783         1
      1322      3618      3474      3548      3688      3856      3708      3783      3912         1
      1323      3437      3305      3345      3474      3676      3532      3572      3708         1
      1324      3579      3437      3474      3618      3816      3676      3708      3856         1
      1325      3423      3286      3305      3437      3664      3522      3532      3676         1
      1326      3570      3423      3437      3579      3805      3664      3676      3816         1
      1327      3409      3273      3393      3531      3633      3500      3614      3751         1
      1328      3562      3409      3531      3679      3784      3633      3751      3894         1
      1329      3325      3181      3273      3409      3548      3407      3500      3633         1
      1330      3461      3325      3409      3562      3688      3548      3633      3784         1
      1331      3244      3102      3181      3325      3474      3345      3407      3548         1
      1332      3396      3244      3325      3461      3618      3474      3548      3688         1
      1333      3212      3072      3102      3244      3437      3305      3345      3474         1
      1334      3359      3212      3244      3396      3579      3437      3474      3618         1
      1335      3198      3056      3072      3212      3423      3286      3305      3437         1
      1336      3351      3198      3212      3359      3570      3423      3437      3579         1
      1337      3194      3053      3179      3321      3409      3273      3393      3531         1
      1338      3349      3194      3321      3458      3562      3409      3531      3679         1
      1339      3093      2945      3053      3194      3325      3181      3273      3409         1
      1340      3237      3093      3194      3349      3461      3325      3409      3562         1
      1341      3021      2866      2945      3093      3244      3102      3181      3325         1
      1342      3178      3021      3093      3237      3396      3244      3325      3461         1
      1343      2983      2832      2866      3021      3212      3072      3102      3244         1
      1344      3131      2983      3021      3178      3359      3212      3244      3396         1
      1345      2964      2819      2832      2983      3198      3056      3072      3212         1
      1346      3114      2964      2983      3131      3351      3198      3212      3359         1
      1347      2974      2829      2957      3097      3194      3053      3179      3321         1
      1348      3121      2974      3097      3245      3349      3194      3321      3458         1
      1349      2863      2717      2829      2974      3093      2945      3053      3194         1
      1350      3027      2863      2974      3121      3237      3093      3194      3349         1
      1351      2797      2640      2717      2863      3021      2866      2945      3093         1
      1352      2953      2797      2863      3027      3178      3021      3093      3237         1
      1353      2739      2587      2640      2797      2983      2832      2866      3021         1
      1354      2904      2739      2797      2953      3131      2983      3021      3178         1
      1355      2729      2572      2587      2739      2964      2819      2832      2983         1
      1356      2889      2729      2739      2904      3114      2964      2983      3131         1
      1357      2745      2598      2735      2885      2974      2829      2957      3097         1
      1358      2911      2745      2885      3047      3121      2974      3097      3245         1
      1359      2647      2493      2598      2745      2863      2717      2829      2974         1
      1360      2810      2647      2745      2911      3027      2863      2974      3121         1
      1361      2563      2410      2493      2647      2797      2640      2717      2863         1
      1362      2726      2563      2647      2810      2953      2797      2863      3027         1
      1363      2517      2364      2410      2563      2739      2587      2640      2797         1
      1364      2688      2517      2563      2726      2904      2739      2797      2953         1
      1365      2503      2352      2364      2517      2729      2572      2587      2739         1
      1366      2672      2503      2517      2688      2889      2729      2739      2904         1
      1367      2543      2386      2526      2684      2745      2598      2735      2885         1
      1368      2706      2543      2684      2846      2911      2745      2885      3047         1
      1369      2429      2274      2386      2543      2647      2493      2598      2745         1
      1370      2585      2429      2543      2706      2810      2647      2745      2911         1
      1371      2353      2189      2274      2429      2563      2410      2493      2647         1
      1372      2506      2353      2429      2585      2726      2563      2647      2810         1
      1373      2308      2147      2189      2353      2517      2364      2410      2563         1
      1374      2471      2308      2353      2506      2688      2517      2563      2726         1
      1375      2293      2121      2147      2308      2503      2352      2364      2517         1
      1376      2453      2293      2308      2471      2672      2503      2517      2688         1
      1377      2331      2170      2324      2477      2543      2386      2526      2684         1
      1378      2494      2331      2477      2634      2706      2543      2684      2846         1
      1379      2217      2052      2170      2331      2429      2274      2386      2543         1
      1380      2379      2217      2331      2494      2585      2429      2543      2706         1
      1381      2137      1970      2052      2217      2353      2189      2274      2429         1
      1382      2309      2137      2217      2379      2506      2353      2429      2585         1
      1383      2085      1925      1970      2137      2308      2147      2189      2353         1
      1384      2247      2085      2137      2309      2471      2308      2353      2506         1
      1385      2060      1901      1925      2085      2293      2121      2147      2308         1
      1386      2231      2060      2085      2247      2453      2293      2308      2471         1
      1387      2130      1967      2118      2279      2331      2170      2324      2477         1
      1388      2302      2130      2279      2439      2494      2331      2477      2634         1
      1389      2012      1845      1967      2130      2217      2052      2170      2331         1
      1390      2174      2012      2130      2302      2379      2217      2331      2494         1
      1391      1930      1762      1845      2012      2137      1970      2052      2217         1
      1392      2099      1930      2012      2174      2309      2137      2217      2379         1
      1393      1868      1705      1762      1930      2085      1925      1970      2137         1
      1394      2042      1868      1930      2099      2247      2085      2137      2309         1
      1395      1852      1685      1705      1868      2060      1901      1925      2085         1
      1396      2030      1852      1868      2042      2231      2060      2085      2247         1
      1397      1938      1769      1931      2088      2130      1967      2118      2279         1
      1398      2104      1938      2088      2243      2302      2130      2279      2439         1
      1399      1810      1654      1769      1938      2012      1845      1967      2130         1
      1400      1982      1810      1938      2104      2174      2012      2130      2302         1
      1401      1724      1561      1654      1810      1930      1762      1845      2012         1
      1402      1895      1724      1810      1982      2099      1930      2012      2174         1
      1403      1674      1505      1561      1724      1868      1705      1762      1930         1
      1404      1840      1674      1724      1895      2042      1868      1930      2099         1
      1405      1663      1493      1505      1674      1852      1685      1705      1868         1
      1406      1827      1663      1674      1840      2030      1852      1868      2042         1
      1407      1749      1585      1745      1899      1938      1769      1931      2088         1
      1408      1916      1749      1899      2062      2104      1938      2088      2243         1
      1409      1620      1463      1585      1749      1810      1654      1769      1938         1
      1410      1786      1620      1749      1916      1982      1810      1938      2104         1
      1411      1527      1378      1463      1620      1724      1561      1654      1810         1
      1412      1703      1527      1620      1786      1895      1724      1810      1982         1
      1413      1487      1321      1378      1527      1674      1505      1561      1724         1
      1414      1661      1487      1527      1703      1840      1674      1724      1895         1
      1415      1468      1311      1321      1487      1663      1493      1505      1674         1
      1416      1641      1468      1487      1661      1827      1663      1674      1840         1
      1417      1573      1406      1572      1730      1749      1585      1745      1899         1
      1418      1743      1573      1730      1891      1916      1749      1899      2062         1
      1419      1448      1289      1406      1573      1620      1463      1585      1749         1
      1420      1607      1448      1573      1743      1786      1620      1749      1916         1
      1421      1360      1211      1289      1448      1527      1378      1463      1620         1
      1422      1521      1360      1448      1607      1703      1527      1620      1786         1
      1423      1314      1161      1211      1360      1487      1321      1378      1527         1
      1424      1484      1314      1360      1521      1661      1487      1527      1703         1
      1425      1292      1140      1161      1314      1468      1311      1321      1487         1
      1426      1458      1292      1314      1484      1641      1468      1487      1661         1
      1427      1401      1254      1404      1567      1573      1406      1572      1730         1
      1428      1577      1401      1567      1735      1743      1573      1730      1891         1
      1429      1285      1138      1254      1401      1448      1289      1406      1573         1
      1430      1452      1285      1401      1577      1607      1448      1573      1743         1
      1431      1205      1062      1138      1285      1360      1211      1289      1448         1
      1432      1363      1205      1285      1452      1521      1360      1448      1607         1
      1433      1157      1018      1062      1205      1314      1161      1211      1360         1
      1434      1317      1157      1205      1363      1484      1314      1360      1521         1
      1435      1133      1002      1018      1157      1292      1140      1161      1314         1
      1436      1296      1133      1157      1317      1458      1292      1314      1484         1
      1437      6067      5912      6029      6183      5937      5799      5905      6060         1
      1438      5974      5825      5912      6067      5851      5704      5799      5937         1
      1439      5915      5765      5825      5974      5796      5640      5704      5851         1
      1440      5877      5726      5765      5915      5755      5595      5640      5796         1
      1441      5863      5716      5726      5877      5739      5581      5595      5755         1
      1442      6201      6045      6151      6310      6067      5912      6029      6183         1
      1443      6108      5952      6045      6201      5974      5825      5912      6067         1
      1444      6046      5888      5952      6108      5915      5765      5825      5974         1
      1445      6006      5850      5888      6046      5877      5726      5765      5915         1
      1446      5990      5838      5850      6006      5863      5716      5726      5877         1
      1447      6178      6045      6151      6296      6335      6201      6310      6443         1
      1448      6320      6178      6296      6428      6463      6335      6443      6574         1
      1449      6097      5952      6045      6178      6235      6108      6201      6335         1
      1450      6228      6097      6178      6320      6383      6235      6335      6463         1
      1451      6026      5888      5952      6097      6182      6046      6108      6235         1
      1452      6164      6026      6097      6228      6326      6182      6235      6383         1
      1453      5984      5850      5888      6026      6140      6006      6046      6182         1
      1454      6131      5984      6026      6164      6286      6140      6182      6326         1
      1455      5971      5838      5850      5984      6130      5990      6006      6140         1
      1456      6117      5971      5984      6131      6267      6130      6140      6286         1
      1457      6459      6320      6428      6570      6617      6463      6574      6717         1
      1458      6620      6459      6570      6722      6757      6617      6717      6864         1
      1459      6381      6228      6320      6459      6518      6383      6463      6617         1
      1460      6523      6381      6459      6620      6674      6518      6617      6757         1
      1461      6322      6164      6228      6381      6467      6326      6383      6518         1
      1462      6471      6322      6381      6523      6622      6467      6518      6674         1
      1463      6283      6131      6164      6322      6433      6286      6326      6467         1
      1464      6439      6283      6322      6471      6585      6433      6467      6622         1
      1465      6264      6117      6131      6283      6417      6267      6286      6433         1
      1466      6421      6264      6283      6439      6567      6417      6433      6585         1
      1467      4760      4668      4759      4847      4983      4893      4980      5079         1
      1468      4853      4760      4847      4940      5090      4983      5079      5194         1
      1469      4685      4597      4668      4760      4910      4821      4893      4983         1
      1470      4787      4685      4760      4853      5012      4910      4983      5090         1
      1471      4638      4546      4597      4685      4865      4775      4821      4910         1
      1472      4735      4638      4685      4787      4964      4865      4910      5012         1
      1473      4610      4510      4546      4638      4837      4746      4775      4865         1
      1474      4702      4610      4638      4735      4930      4837      4865      4964         1
      1475      4600      4497      4510      4610      4823      4729      4746      4837         1
      1476      4695      4600      4610      4702      4921      4823      4837      4930         1
      1477      4539      4447      4540      4634      4760      4668      4759      4847         1
      1478      4636      4539      4634      4722      4853      4760      4847      4940         1
      1479      4471      4372      4447      4539      4685      4597      4668      4760         1
      1480      4568      4471      4539      4636      4787      4685      4760      4853         1
      1481      4413      4313      4372      4471      4638      4546      4597      4685         1
      1482      4506      4413      4471      4568      4735      4638      4685      4787         1
      1483      4383      4284      4313      4413      4610      4510      4546      4638         1
      1484      4481      4383      4413      4506      4702      4610      4638      4735         1
      1485      4370      4264      4284      4383      4600      4497      4510      4610         1
      1486      4472      4370      4383      4481      4695      4600      4610      4702         1
      1487      4311      4211      4315      4414      4539      4447      4540      4634         1
      1488      4420      4311      4414      4503      4636      4539      4634      4722         1
      1489      4235      4136      4211      4311      4471      4372      4447      4539         1
      1490      4342      4235      4311      4420      4568      4471      4539      4636         1
      1491      4175      4070      4136      4235      4413      4313      4372      4471         1
      1492      4287      4175      4235      4342      4506      4413      4471      4568         1
      1493      4148      4042      4070      4175      4383      4284      4313      4413         1
      1494      4248      4148      4175      4287      4481      4383      4413      4506         1
      1495      4131      4021      4042      4148      4370      4264      4284      4383         1
      1496      4238      4131      4148      4248      4472      4370      4383      4481         1
      1497      4080      3972      4087      4187      4311      4211      4315      4414         1
      1498      4190      4080      4187      4297      4420      4311      4414      4503         1
      1499      3995      3886      3972      4080      4235      4136      4211      4311         1
      1500      4106      3995      4080      4190      4342      4235      4311      4420         1
      1501      3937      3825      3886      3995      4175      4070      4136      4235         1
      1502      4050      3937      3995      4106      4287      4175      4235      4342         1
      1503      3898      3792      3825      3937      4148      4042      4070      4175         1
      1504      4009      3898      3937      4050      4248      4148      4175      4287         1
      1505      3881      3780      3792      3898      4131      4021      4042      4148         1
      1506      3998      3881      3898      4009      4238      4131      4148      4248         1
      1507      3847      3733      3851      3948      4080      3972      4087      4187         1
      1508      3949      3847      3948      4059      4190      4080      4187      4297         1
      1509      3746      3640      3733      3847      3995      3886      3972      4080         1
      1510      3867      3746      3847      3949      4106      3995      4080      4190         1
      1511      3686      3575      3640      3746      3937      3825      3886      3995         1
      1512      3806      3686      3746      3867      4050      3937      3995      4106         1
      1513      3651      3536      3575      3686      3898      3792      3825      3937         1
      1514      3766      3651      3686      3806      4009      3898      3937      4050         1
      1515      3630      3527      3536      3651      3881      3780      3792      3898         1
      1516      3748      3630      3651      3766      3998      3881      3898      4009         1
      1517      3594      3487      3604      3713      3847      3733      3851      3948         1
      1518      3712      3594      3713      3831      3949      3847      3948      4059         1
      1519      3507      3392      3487      3594      3746      3640      3733      3847         1
      1520      3620      3507      3594      3712      3867      3746      3847      3949         1
      1521      3438      3338      3392      3507      3686      3575      3640      3746         1
      1522      3564      3438      3507      3620      3806      3686      3746      3867         1
      1523      3397      3291      3338      3438      3651      3536      3575      3686         1
      1524      3521      3397      3438      3564      3766      3651      3686      3806         1
      1525      3383      3272      3291      3397      3630      3527      3536      3651         1
      1526      3506      3383      3397      3521      3748      3630      3651      3766         1
      1527      3364      3241      3373      3477      3594      3487      3604      3713         1
      1528      3475      3364      3477      3591      3712      3594      3713      3831         1
      1529      3264      3153      3241      3364      3507      3392      3487      3594         1
      1530      3381      3264      3364      3475      3620      3507      3594      3712         1
      1531      3200      3084      3153      3264      3438      3338      3392      3507         1
      1532      3324      3200      3264      3381      3564      3438      3507      3620         1
      1533      3159      3044      3084      3200      3397      3291      3338      3438         1
      1534      3279      3159      3200      3324      3521      3397      3438      3564         1
      1535      3141      3025      3044      3159      3383      3272      3291      3397         1
      1536      3260      3141      3159      3279      3506      3383      3397      3521         1
      1537      3122      3004      3136      3246      3364      3241      3373      3477         1
      1538      3239      3122      3246      3371      3475      3364      3477      3591         1
      1539      3029      2901      3004      3122      3264      3153      3241      3364         1
      1540      3149      3029      3122      3239      3381      3264      3364      3475         1
      1541      2954      2841      2901      3029      3200      3084      3153      3264         1
      1542      3081      2954      3029      3149      3324      3200      3264      3381         1
      1543      2905      2784      2841      2954      3159      3044      3084      3200         1
      1544      3039      2905      2954      3081      3279      3159      3200      3324         1
      1545      2890      2764      2784      2905      3141      3025      3044      3159         1
      1546      3018      2890      2905      3039      3260      3141      3159      3279         1
      1547      2883      2757      2899      3017      3122      3004      3136      3246         1
      1548      3009      2883      3017      3139      3239      3122      3246      3371         1
      1549      2780      2661      2757      2883      3029      2901      3004      3122         1
      1550      2909      2780      2883      3009      3149      3029      3122      3239         1
      1551      2712      2576      2661      2780      2954      2841      2901      3029         1
      1552      2843      2712      2780      2909      3081      2954      3029      3149         1
      1553      2662      2535      2576      2712      2905      2784      2841      2954         1
      1554      2791      2662      2712      2843      3039      2905      2954      3081         1
      1555      2644      2515      2535      2662      2890      2764      2784      2905         1
      1556      2770      2644      2662      2791      3018      2890      2905      3039         1
      1557      2656      2525      2671      2789      2883      2757      2899      3017         1
      1558      2776      2656      2789      2917      3009      2883      3017      3139         1
      1559      2544      2415      2525      2656      2780      2661      2757      2883         1
      1560      2676      2544      2656      2776      2909      2780      2883      3009         1
      1561      2465      2341      2415      2544      2712      2576      2661      2780         1
      1562      2588      2465      2544      2676      2843      2712      2780      2909         1
      1563      2412      2296      2341      2465      2662      2535      2576      2712         1
      1564      2548      2412      2465      2588      2791      2662      2712      2843         1
      1565      2402      2273      2296      2412      2644      2515      2535      2662         1
      1566      2529      2402      2412      2548      2770      2644      2662      2791         1
      1567      2416      2300      2436      2558      2656      2525      2671      2789         1
      1568      2549      2416      2558      2692      2776      2656      2789      2917         1
      1569      2314      2173      2300      2416      2544      2415      2525      2656         1
      1570      2435      2314      2416      2549      2676      2544      2656      2776         1
      1571      2225      2098      2173      2314      2465      2341      2415      2544         1
      1572      2359      2225      2314      2435      2588      2465      2544      2676         1
      1573      2169      2041      2098      2225      2412      2296      2341      2465         1
      1574      2317      2169      2225      2359      2548      2412      2465      2588         1
      1575      2159      2029      2041      2169      2402      2273      2296      2412         1
      1576      2299      2159      2169      2317      2529      2402      2412      2548         1
      1577      2186      2057      2212      2339      2416      2300      2436      2558         1
      1578      2323      2186      2339      2472      2549      2416      2558      2692         1
      1579      2069      1951      2057      2186      2314      2173      2300      2416         1
      1580      2207      2069      2186      2323      2435      2314      2416      2549         1
      1581      1988      1854      1951      2069      2225      2098      2173      2314         1
      1582      2122      1988      2069      2207      2359      2225      2314      2435         1
      1583      1942      1801      1854      1988      2169      2041      2098      2225         1
      1584      2074      1942      1988      2122      2317      2169      2225      2359         1
      1585      1921      1780      1801      1942      2159      2029      2041      2169         1
      1586      2051      1921      1942      2074      2299      2159      2169      2317         1
      1587      1965      1834      1992      2112      2186      2057      2212      2339         1
      1588      2103      1965      2112      2241      2323      2186      2339      2472         1
      1589      1841      1710      1834      1965      2069      1951      2057      2186         1
      1590      1980      1841      1965      2103      2207      2069      2186      2323         1
      1591      1761      1627      1710      1841      1988      1854      1951      2069         1
      1592      1894      1761      1841      1980      2122      1988      2069      2207         1
      1593      1700      1579      1627      1761      1942      1801      1854      1988         1
      1594      1839      1700      1761      1894      2074      1942      1988      2122         1
      1595      1683      1557      1579      1700      1921      1780      1801      1942         1
      1596      1825      1683      1700      1839      2051      1921      1942      2074         1
      1597      1752      1612      1772      1904      1965      1834      1992      2112         1
      1598      1876      1752      1904      2036      2103      1965      2112      2241         1
      1599      1623      1495      1612      1752      1841      1710      1834      1965         1
      1600      1763      1623      1752      1876      1980      1841      1965      2103         1
      1601      1530      1403      1495      1623      1761      1627      1710      1841         1
      1602      1676      1530      1623      1763      1894      1761      1841      1980         1
      1603      1490      1355      1403      1530      1700      1579      1627      1761         1
      1604      1617      1490      1530      1676      1839      1700      1761      1894         1
      1605      1473      1338      1355      1490      1683      1557      1579      1700         1
      1606      1595      1473      1490      1617      1825      1683      1700      1839         1
      1607      1538      1413      1580      1694      1752      1612      1772      1904         1
      1608      1677      1538      1694      1832      1876      1752      1904      2036         1
      1609      1418      1299      1413      1538      1623      1495      1612      1752         1
      1610      1552      1418      1538      1677      1763      1623      1752      1876         1
      1611      1328      1216      1299      1418      1530      1403      1495      1623         1
      1612      1471      1328      1418      1552      1676      1530      1623      1763         1
      1613      1277      1164      1216      1328      1490      1355      1403      1530         1
      1614      1408      1277      1328      1471      1617      1490      1530      1676         1
      1615      1260      1150      1164      1277      1473      1338      1355      1490         1
      1616      1394      1260      1277      1408      1595      1473      1490      1617         1
      1617      1348      1237      1386      1503      1538      1413      1580      1694         1
      1618      1486      1348      1503      1644      1677      1538      1694      1832         1
      1619      1239      1115      1237      1348      1418      1299      1413      1538         1
      1620      1358      1239      1348      1486      1552      1418      1538      1677         1
      1621      1153      1044      1115      1239      1328      1216      1299      1418         1
      1622      1270      1153      1239      1358      1471      1328      1418      1552         1
      1623      1103       993      1044      1153      1277      1164      1216      1328         1
      1624      1230      1103      1153      1270      1408      1277      1328      1471         1
      1625      1091       981       993      1103      1260      1150      1164      1277         1
      1626      1209      1091      1103      1230      1394      1260      1277      1408         1
      1627      1178      1072      1218      1327      1348      1237      1386      1503         1
      1628      1304      1178      1327      1459      1486      1348      1503      1644         1
      1629      1067       960      1072      1178      1239      1115      1237      1348         1
      1630      1185      1067      1178      1304      1358      1239      1348      1486         1
      1631       991       886       960      1067      1153      1044      1115      1239         1
      1632      1106       991      1067      1185      1270      1153      1239      1358         1
      1633       943       846       886       991      1103       993      1044      1153         1
      1634      1056       943       991      1106      1230      1103      1153      1270         1
      1635       928       832       846       943      1091       981       993      1103         1
      1636      1045       928       943      1056      1209      1091      1103      1230         1
      1637      1028       924      1063      1172      1178      1072      1218      1327         1
      1638      1142      1028      1172      1291      1304      1178      1327      1459         1
      1639       920       821       924      1028      1067       960      1072      1178         1
      1640      1033       920      1028      1142      1185      1067      1178      1304         1
      1641       852       754       821       920       991       886       960      1067         1
      1642       955       852       920      1033      1106       991      1067      1185         1
      1643       806       712       754       852       943       846       886       991         1
      1644       911       806       852       955      1056       943       991      1106         1
      1645       789       699       712       806       928       832       846       943         1
      1646       896       789       806       911      1045       928       943      1056         1
      1647       897       802       934      1035      1028       924      1063      1172         1
      1648      1006       897      1035      1144      1142      1028      1172      1291         1
      1649       793       704       802       897       920       821       924      1028         1
      1650       899       793       897      1006      1033       920      1028      1142         1
      1651       729       643       704       793       852       754       821       920         1
      1652       825       729       793       899       955       852       920      1033         1
      1653       684       599       643       729       806       712       754       852         1
      1654       781       684       729       825       911       806       852       955         1
      1655       671       582       599       684       789       699       712       806         1
      1656       768       671       684       781       896       789       806       911         1
      1657      6775      6948      7034      6885      6542      6720      6822      6653         1
      1658      6619      6775      6885      6718      6375      6542      6653      6477         1
      1659      6695      6871      6948      6775      6456      6639      6720      6542         1
      1660      6520      6695      6775      6619      6289      6456      6542      6375         1
      1661      6643      6814      6871      6695      6403      6579      6639      6456         1
      1662      6469      6643      6695      6520      6219      6403      6456      6289         1
      1663      6610      6773      6814      6643      6364      6537      6579      6403         1
      1664      6437      6610      6643      6469      6186      6364      6403      6219         1
      1665      6599      6764      6773      6610      6358      6522      6537      6364         1
      1666      6418      6599      6610      6437      6175      6358      6364      6186         1
      1667      6995      7154      7235      7100      6775      6948      7034      6885         1
      1668      6856      6995      7100      6950      6619      6775      6885      6718         1
      1669      6936      7094      7154      6995      6695      6871      6948      6775         1
      1670      6768      6936      6995      6856      6520      6695      6775      6619         1
      1671      6881      7031      7094      6936      6643      6814      6871      6695         1
      1672      6713      6881      6936      6768      6469      6643      6695      6520         1
      1673      6851      6996      7031      6881      6610      6773      6814      6643         1
      1674      6677      6851      6881      6713      6437      6610      6643      6469         1
      1675      6838      6988      6996      6851      6599      6764      6773      6610         1
      1676      6666      6838      6851      6677      6418      6599      6610      6437         1
      1677      6447      6619      6718      6551      6202      6375      6477      6314         1
      1678      6284      6447      6551      6395      6031      6202      6314      6144         1
      1679      6363      6520      6619      6447      6111      6289      6375      6202         1
      1680      6199      6363      6447      6284      5936      6111      6202      6031         1
      1681      6304      6469      6520      6363      6048      6219      6289      6111         1
      1682      6134      6304      6363      6199      5879      6048      6111      5936         1
      1683      6260      6437      6469      6304      6010      6186      6219      6048         1
      1684      6101      6260      6304      6134      5839      6010      6048      5879         1
      1685      6245      6418      6437      6260      5996      6175      6186      6010         1
      1686      6084      6245      6260      6101      5829      5996      6010      5839         1
      1687      6684      6856      6950      6786      6447      6619      6718      6551         1
      1688      6521      6684      6786      6638      6284      6447      6551      6395         1
      1689      6611      6768      6856      6684      6363      6520      6619      6447         1
      1690      6446      6611      6684      6521      6199      6363      6447      6284         1
      1691      6545      6713      6768      6611      6304      6469      6520      6363         1
      1692      6388      6545      6611      6446      6134      6304      6363      6199         1
      1693      6504      6677      6713      6545      6260      6437      6469      6304         1
      1694      6354      6504      6545      6388      6101      6260      6304      6134         1
      1695      6493      6666      6677      6504      6245      6418      6437      6260         1
      1696      6341      6493      6504      6354      6084      6245      6260      6101         1
      1697      6113      6284      6395      6222      5862      6031      6144      5972         1
      1698      5946      6113      6222      6066      5701      5862      5972      5821         1
      1699      6025      6199      6284      6113      5778      5936      6031      5862         1
      1700      5861      6025      6113      5946      5608      5778      5862      5701         1
      1701      5962      6134      6199      6025      5715      5879      5936      5778         1
      1702      5805      5962      6025      5861      5538      5715      5778      5608         1
      1703      5922      6101      6134      5962      5674      5839      5879      5715         1
      1704      5764      5922      5962      5805      5487      5674      5715      5538         1
      1705      5908      6084      6101      5922      5656      5829      5839      5674         1
      1706      5749      5908      5922      5764      5472      5656      5674      5487         1
      1707      6370      6521      6638      6476      6113      6284      6395      6222         1
      1708      6209      6370      6476      6323      5946      6113      6222      6066         1
      1709      6282      6446      6521      6370      6025      6199      6284      6113         1
      1710      6119      6282      6370      6209      5861      6025      6113      5946         1
      1711      6217      6388      6446      6282      5962      6134      6199      6025         1
      1712      6057      6217      6282      6119      5805      5962      6025      5861         1
      1713      6184      6354      6388      6217      5922      6101      6134      5962         1
      1714      6017      6184      6217      6057      5764      5922      5962      5805         1
      1715      6165      6341      6354      6184      5908      6084      6101      5922         1
      1716      6003      6165      6184      6017      5749      5908      5922      5764         1
      1717      5801      5946      6066      5906      5530      5701      5821      5657         1
      1718      5647      5801      5906      5763      5367      5530      5657      5491         1
      1719      5710      5861      5946      5801      5436      5608      5701      5530         1
      1720      5548      5710      5801      5647      5268      5436      5530      5367         1
      1721      5644      5805      5861      5710      5356      5538      5608      5436         1
      1722      5470      5644      5710      5548      5196      5356      5436      5268         1
      1723      5599      5764      5805      5644      5318      5487      5538      5356         1
      1724      5434      5599      5644      5470      5155      5318      5356      5196         1
      1725      5588      5749      5764      5599      5302      5472      5487      5318         1
      1726      5420      5588      5599      5434      5147      5302      5318      5155         1
      1727      6053      6209      6323      6159      5801      5946      6066      5906         1
      1728      5897      6053      6159      6012      5647      5801      5906      5763         1
      1729      5961      6119      6209      6053      5710      5861      5946      5801         1
      1730      5815      5961      6053      5897      5548      5710      5801      5647         1
      1731      5894      6057      6119      5961      5644      5805      5861      5710         1
      1732      5747      5894      5961      5815      5470      5644      5710      5548         1
      1733      5859      6017      6057      5894      5599      5764      5805      5644         1
      1734      5713      5859      5894      5747      5434      5599      5644      5470         1
      1735      5845      6003      6017      5859      5588      5749      5764      5599         1
      1736      5698      5845      5859      5713      5420      5588      5599      5434         1
      1737      5484      5647      5763      5620      5216      5367      5491      5337         1
      1738      5336      5484      5620      5466      5090      5216      5337      5194         1
      1739      5393      5548      5647      5484      5119      5268      5367      5216         1
      1740      5238      5393      5484      5336      5012      5119      5216      5090         1
      1741      5317      5470      5548      5393      5068      5196      5268      5119         1
      1742      5166      5317      5393      5238      4964      5068      5119      5012         1
      1743      5275      5434      5470      5317      5035      5155      5196      5068         1
      1744      5135      5275      5317      5166      4930      5035      5068      4964         1
      1745      5260      5420      5434      5275      5022      5147      5155      5035         1
      1746      5118      5260      5275      5135      4921      5022      5035      4930         1
      1747      5761      5897      6012      5876      5484      5647      5763      5620         1
      1748      5624      5761      5876      5743      5336      5484      5620      5466         1
      1749      5673      5815      5897      5761      5393      5548      5647      5484         1
      1750      5523      5673      5761      5624      5238      5393      5484      5336         1
      1751      5604      5747      5815      5673      5317      5470      5548      5393         1
      1752      5453      5604      5673      5523      5166      5317      5393      5238         1
      1753      5559      5713      5747      5604      5275      5434      5470      5317         1
      1754      5413      5559      5604      5453      5135      5275      5317      5166         1
      1755      5546      5698      5713      5559      5260      5420      5434      5275         1
      1756      5397      5546      5559      5413      5118      5260      5275      5135         1
      1757      5202      5336      5466      5327      4983      5090      5194      5079         1
      1758      5089      5202      5327      5193      4893      4983      5079      4980         1
      1759      5111      5238      5336      5202      4910      5012      5090      4983         1
      1760      5011      5111      5202      5089      4821      4910      4983      4893         1
      1761      5062      5166      5238      5111      4865      4964      5012      4910         1
      1762      4963      5062      5111      5011      4775      4865      4910      4821         1
      1763      5023      5135      5166      5062      4837      4930      4964      4865         1
      1764      4929      5023      5062      4963      4746      4837      4865      4775         1
      1765      5015      5118      5135      5023      4823      4921      4930      4837         1
      1766      4920      5015      5023      4929      4729      4823      4837      4746         1
      1767      5480      5624      5743      5613      5202      5336      5466      5327         1
      1768      5342      5480      5613      5469      5089      5202      5327      5193         1
      1769      5380      5523      5624      5480      5111      5238      5336      5202         1
      1770      5243      5380      5480      5342      5011      5111      5202      5089         1
      1771      5311      5453      5523      5380      5062      5166      5238      5111         1
      1772      5173      5311      5380      5243      4963      5062      5111      5011         1
      1773      5266      5413      5453      5311      5023      5135      5166      5062         1
      1774      5139      5266      5311      5173      4929      5023      5062      4963         1
      1775      5254      5397      5413      5266      5015      5118      5135      5023         1
      1776      5126      5254      5266      5139      4920      5015      5023      4929         1
      1777      7322      7195      7274      7397      7331      7203      7286      7405         1
      1778      7442      7322      7397      7509      7448      7331      7405      7517         1
      1779      7258      7126      7195      7322      7268      7134      7203      7331         1
      1780      7388      7258      7322      7442      7398      7268      7331      7448         1
      1781      7217      7078      7126      7258      7226      7089      7134      7268         1
      1782      7354      7217      7258      7388      7361      7226      7268      7398         1
      1783      7193      7040      7078      7217      7201      7050      7089      7226         1
      1784      7325      7193      7217      7354      7333      7201      7226      7361         1
      1785      7182      7029      7040      7193      7190      7037      7050      7201         1
      1786      7315      7182      7193      7325      7323      7190      7201      7333         1
      1787      7133      7272      7352      7216      6995      7154      7235      7100         1
      1788      6983      7133      7216      7080      6856      6995      7100      6950         1
      1789      7065      7208      7272      7133      6936      7094      7154      6995         1
      1790      6919      7065      7133      6983      6768      6936      6995      6856         1
      1791      7004      7162      7208      7065      6881      7031      7094      6936         1
      1792      6859      7004      7065      6919      6713      6881      6936      6768         1
      1793      6981      7135      7162      7004      6851      6996      7031      6881         1
      1794      6823      6981      7004      6859      6677      6851      6881      6713         1
      1795      6974      7122      7135      6981      6838      6988      6996      6851         1
      1796      6811      6974      6981      6823      6666      6838      6851      6677         1
      1797      7304      7322      7397      7374      7422      7442      7509      7487         1
      1798      7236      7258      7322      7304      7371      7388      7442      7422         1
      1799      7199      7217      7258      7236      7330      7354      7388      7371         1
      1800      7164      7193      7217      7199      7307      7325      7354      7330         1
      1801      7158      7182      7193      7164      7294      7315      7325      7307         1
      1802      7169      7195      7274      7244      7304      7322      7397      7374         1
      1803      7105      7126      7195      7169      7236      7258      7322      7304         1
      1804      7046      7078      7126      7105      7199      7217      7258      7236         1
      1805      7015      7040      7078      7046      7164      7193      7217      7199         1
      1806      7000      7029      7040      7015      7158      7182      7193      7164         1
      1807      7262      7304      7374      7345      7391      7422      7487      7463         1
      1808      7204      7236      7304      7262      7338      7371      7422      7391         1
      1809      7155      7199      7236      7204      7293      7330      7371      7338         1
      1810      7128      7164      7199      7155      7267      7307      7330      7293         1
      1811      7118      7158      7164      7128      7251      7294      7307      7267         1
      1812      7131      7169      7244      7209      7262      7304      7374      7345         1
      1813      7057      7105      7169      7131      7204      7236      7304      7262         1
      1814      6999      7046      7105      7057      7155      7199      7236      7204         1
      1815      6978      7015      7046      6999      7128      7164      7199      7155         1
      1816      6967      7000      7015      6978      7118      7158      7164      7128         1
      1817      7194      7262      7345      7273      7327      7391      7463      7401         1
      1818      7125      7204      7262      7194      7263      7338      7391      7327         1
      1819      7077      7155      7204      7125      7222      7293      7338      7263         1
      1820      7039      7128      7155      7077      7196      7267      7293      7222         1
      1821      7028      7118      7128      7039      7186      7251      7267      7196         1
      1822      7045      7131      7209      7137      7194      7262      7345      7273         1
      1823      6977      7057      7131      7045      7125      7204      7262      7194         1
      1824      6929      6999      7057      6977      7077      7155      7204      7125         1
      1825      6902      6978      6999      6929      7039      7128      7155      7077         1
      1826      6886      6967      6978      6902      7028      7118      7128      7039         1
      1827      7133      7194      7273      7216      7272      7327      7401      7352         1
      1828      7065      7125      7194      7133      7208      7263      7327      7272         1
      1829      7004      7077      7125      7065      7162      7222      7263      7208         1
      1830      6981      7039      7077      7004      7135      7196      7222      7162         1
      1831      6974      7028      7039      6981      7122      7186      7196      7135         1
      1832      6983      7045      7137      7080      7133      7194      7273      7216         1
      1833      6919      6977      7045      6983      7065      7125      7194      7133         1
      1834      6859      6929      6977      6919      7004      7077      7125      7065         1
      1835      6823      6902      6929      6859      6981      7039      7077      7004         1
      1836      6811      6886      6902      6823      6974      7028      7039      6981         1
      1837      7051      6918      6994      7140      7059      6923      7005      7147         1
      1838      7195      7051      7140      7274      7203      7059      7147      7286         1
      1839      6982      6837      6918      7051      6986      6848      6923      7059         1
      1840      7126      6982      7051      7195      7134      6986      7059      7203         1
      1841      6931      6772      6837      6982      6940      6778      6848      6986         1
      1842      7078      6931      6982      7126      7089      6940      6986      7134         1
      1843      6908      6748      6772      6931      6913      6753      6778      6940         1
      1844      7040      6908      6931      7078      7050      6913      6940      7089         1
      1845      6893      6733      6748      6908      6903      6746      6753      6913         1
      1846      7029      6893      6908      7040      7037      6903      6913      7050         1
      1847      6835      6983      7080      6933      6684      6856      6950      6786         1
      1848      6673      6835      6933      6776      6521      6684      6786      6638         1
      1849      6754      6919      6983      6835      6611      6768      6856      6684         1
      1850      6600      6754      6835      6673      6446      6611      6684      6521         1
      1851      6691      6859      6919      6754      6545      6713      6768      6611         1
      1852      6528      6691      6754      6600      6388      6545      6611      6446         1
      1853      6662      6823      6859      6691      6504      6677      6713      6545         1
      1854      6491      6662      6691      6528      6354      6504      6545      6388         1
      1855      6649      6811      6823      6662      6493      6666      6677      6504         1
      1856      6481      6649      6662      6491      6341      6493      6504      6354         1
      1857      7023      7051      7140      7119      7169      7195      7274      7244         1
      1858      6957      6982      7051      7023      7105      7126      7195      7169         1
      1859      6910      6931      6982      6957      7046      7078      7126      7105         1
      1860      6870      6908      6931      6910      7015      7040      7078      7046         1
      1861      6863      6893      6908      6870      7000      7029      7040      7015         1
      1862      6888      6918      6994      6980      7023      7051      7140      7119         1
      1863      6802      6837      6918      6888      6957      6982      7051      7023         1
      1864      6751      6772      6837      6802      6910      6931      6982      6957         1
      1865      6714      6748      6772      6751      6870      6908      6931      6910         1
      1866      6697      6733      6748      6714      6863      6893      6908      6870         1
      1867      6985      7023      7119      7082      7131      7169      7244      7209         1
      1868      6920      6957      7023      6985      7057      7105      7169      7131         1
      1869      6861      6910      6957      6920      6999      7046      7105      7057         1
      1870      6826      6870      6910      6861      6978      7015      7046      6999         1
      1871      6812      6863      6870      6826      6967      7000      7015      6978         1
      1872      6842      6888      6980      6939      6985      7023      7119      7082         1
      1873      6760      6802      6888      6842      6920      6957      7023      6985         1
      1874      6698      6751      6802      6760      6861      6910      6957      6920         1
      1875      6667      6714      6751      6698      6826      6870      6910      6861         1
      1876      6657      6697      6714      6667      6812      6863      6870      6826         1
      1877      6909      6985      7082      6990      7045      7131      7209      7137         1
      1878      6825      6920      6985      6909      6977      7057      7131      7045         1
      1879      6762      6861      6920      6825      6929      6999      7057      6977         1
      1880      6736      6826      6861      6762      6902      6978      6999      6929         1
      1881      6725      6812      6826      6736      6886      6967      6978      6902         1
      1882      6750      6842      6939      6855      6909      6985      7082      6990         1
      1883      6665      6760      6842      6750      6825      6920      6985      6909         1
      1884      6613      6698      6760      6665      6762      6861      6920      6825         1
      1885      6571      6667      6698      6613      6736      6826      6861      6762         1
      1886      6555      6657      6667      6571      6725      6812      6826      6736         1
      1887      6835      6909      6990      6933      6983      7045      7137      7080         1
      1888      6754      6825      6909      6835      6919      6977      7045      6983         1
      1889      6691      6762      6825      6754      6859      6929      6977      6919         1
      1890      6662      6736      6762      6691      6823      6902      6929      6859         1
      1891      6649      6725      6736      6662      6811      6886      6902      6823         1
      1892      6673      6750      6855      6776      6835      6909      6990      6933         1
      1893      6600      6665      6750      6673      6754      6825      6909      6835         1
      1894      6528      6613      6665      6600      6691      6762      6825      6754         1
      1895      6491      6571      6613      6528      6662      6736      6762      6691         1
      1896      6481      6555      6571      6491      6649      6725      6736      6662         1
      1897      6758      6609      6708      6865      6761      6620      6722      6866         1
      1898      6918      6758      6865      6994      6923      6761      6866      7005         1
      1899      6675      6512      6609      6758      6682      6523      6620      6761         1
      1900      6837      6675      6758      6918      6848      6682      6761      6923         1
      1901      6623      6458      6512      6675      6630      6471      6523      6682         1
      1902      6772      6623      6675      6837      6778      6630      6682      6848         1
      1903      6586      6424      6458      6623      6597      6439      6471      6630         1
      1904      6748      6586      6623      6772      6753      6597      6630      6778         1
      1905      6568      6411      6424      6586      6581      6421      6439      6597         1
      1906      6733      6568      6586      6748      6746      6581      6597      6753         1
      1907      6509      6673      6776      6628      6370      6521      6638      6476         1
      1908      6362      6509      6628      6468      6209      6370      6476      6323         1
      1909      6436      6600      6673      6509      6282      6446      6521      6370         1
      1910      6274      6436      6509      6362      6119      6282      6370      6209         1
      1911      6377      6528      6600      6436      6217      6388      6446      6282         1
      1912      6213      6377      6436      6274      6057      6217      6282      6119         1
      1913      6339      6491      6528      6377      6184      6354      6388      6217         1
      1914      6176      6339      6377      6213      6017      6184      6217      6057         1
      1915      6331      6481      6491      6339      6165      6341      6354      6184         1
      1916      6156      6331      6339      6176      6003      6165      6184      6017         1
      1917      6730      6758      6865      6834      6888      6918      6994      6980         1
      1918      6648      6675      6758      6730      6802      6837      6918      6888         1
      1919      6591      6623      6675      6648      6751      6772      6837      6802         1
      1920      6549      6586      6623      6591      6714      6748      6772      6751         1
      1921      6536      6568      6586      6549      6697      6733      6748      6714         1
      1922      6578      6609      6708      6679      6730      6758      6865      6834         1
      1923      6488      6512      6609      6578      6648      6675      6758      6730         1
      1924      6434      6458      6512      6488      6591      6623      6675      6648         1
      1925      6399      6424      6458      6434      6549      6586      6623      6591         1
      1926      6386      6411      6424      6399      6536      6568      6586      6549         1
      1927      6680      6730      6834      6780      6842      6888      6980      6939         1
      1928      6607      6648      6730      6680      6760      6802      6888      6842         1
      1929      6539      6591      6648      6607      6698      6751      6802      6760         1
      1930      6499      6549      6591      6539      6667      6714      6751      6698         1
      1931      6490      6536      6549      6499      6657      6697      6714      6667         1
      1932      6519      6578      6679      6636      6680      6730      6834      6780         1
      1933      6445      6488      6578      6519      6607      6648      6730      6680         1
      1934      6387      6434      6488      6445      6539      6591      6648      6607         1
      1935      6351      6399      6434      6387      6499      6549      6591      6539         1
      1936      6340      6386      6399      6351      6490      6536      6549      6499         1
      1937      6593      6680      6780      6690      6750      6842      6939      6855         1
      1938      6500      6607      6680      6593      6665      6760      6842      6750         1
      1939      6448      6539      6607      6500      6613      6698      6760      6665         1
      1940      6409      6499      6539      6448      6571      6667      6698      6613         1
      1941      6401      6490      6499      6409      6555      6657      6667      6571         1
      1942      6438      6519      6636      6538      6593      6680      6780      6690         1
      1943      6355      6445      6519      6438      6500      6607      6680      6593         1
      1944      6292      6387      6445      6355      6448      6539      6607      6500         1
      1945      6244      6351      6387      6292      6409      6499      6539      6448         1
      1946      6231      6340      6351      6244      6401      6490      6499      6409         1
      1947      6509      6593      6690      6628      6673      6750      6855      6776         1
      1948      6436      6500      6593      6509      6600      6665      6750      6673         1
      1949      6377      6448      6500      6436      6528      6613      6665      6600         1
      1950      6339      6409      6448      6377      6491      6571      6613      6528         1
      1951      6331      6401      6409      6339      6481      6555      6571      6491         1
      1952      6362      6438      6538      6468      6509      6593      6690      6628         1
      1953      6274      6355      6438      6362      6436      6500      6593      6509         1
      1954      6213      6292      6355      6274      6377      6448      6500      6436         1
      1955      6176      6244      6292      6213      6339      6409      6448      6377         1
      1956      6156      6231      6244      6176      6331      6401      6409      6339         1
      1957      6453      6311      6415      6562      6459      6320      6428      6570         1
      1958      6609      6453      6562      6708      6620      6459      6570      6722         1
      1959      6374      6218      6311      6453      6381      6228      6320      6459         1
      1960      6512      6374      6453      6609      6523      6381      6459      6620         1
      1961      6312      6154      6218      6374      6322      6164      6228      6381         1
      1962      6458      6312      6374      6512      6471      6322      6381      6523         1
      1963      6273      6122      6154      6312      6283      6131      6164      6322         1
      1964      6424      6273      6312      6458      6439      6283      6322      6471         1
      1965      6258      6110      6122      6273      6264      6117      6131      6283         1
      1966      6411      6258      6273      6424      6421      6264      6283      6439         1
      1967      6206      6362      6468      6318      6053      6209      6323      6159         1
      1968      6055      6206      6318      6166      5897      6053      6159      6012         1
      1969      6115      6274      6362      6206      5961      6119      6209      6053         1
      1970      5963      6115      6206      6055      5815      5961      6053      5897         1
      1971      6054      6213      6274      6115      5894      6057      6119      5961         1
      1972      5899      6054      6115      5963      5747      5894      5961      5815         1
      1973      6014      6176      6213      6054      5859      6017      6057      5894         1
      1974      5864      6014      6054      5899      5713      5859      5894      5747         1
      1975      6000      6156      6176      6014      5845      6003      6017      5859         1
      1976      5849      6000      6014      5864      5698      5845      5859      5713         1
      1977      6380      6423      6526      6480      6519      6578      6679      6636         1
      1978      6298      6346      6423      6380      6445      6488      6578      6519         1
      1979      6225      6277      6346      6298      6387      6434      6488      6445         1
      1980      6197      6233      6277      6225      6351      6399      6434      6387         1
      1981      6180      6223      6233      6197      6340      6386      6399      6351         1
      1982      6224      6276      6392      6347      6380      6423      6526      6480         1
      1983      6139      6196      6276      6224      6298      6346      6423      6380         1
      1984      6081      6128      6196      6139      6225      6277      6346      6298         1
      1985      6042      6096      6128      6081      6197      6233      6277      6225         1
      1986      6027      6079      6096      6042      6180      6223      6233      6197         1
      1987      6423      6453      6562      6526      6578      6609      6708      6679         1
      1988      6346      6374      6453      6423      6488      6512      6609      6578         1
      1989      6277      6312      6374      6346      6434      6458      6512      6488         1
      1990      6233      6273      6312      6277      6399      6424      6458      6434         1
      1991      6223      6258      6273      6233      6386      6411      6424      6399         1
      1992      6276      6311      6415      6392      6423      6453      6562      6526         1
      1993      6196      6218      6311      6276      6346      6374      6453      6423         1
      1994      6128      6154      6218      6196      6277      6312      6374      6346         1
      1995      6096      6122      6154      6128      6233      6273      6312      6277         1
      1996      6079      6110      6122      6096      6223      6258      6273      6233         1
      1997      6281      6380      6480      6394      6438      6519      6636      6538         1
      1998      6198      6298      6380      6281      6355      6445      6519      6438         1
      1999      6132      6225      6298      6198      6292      6387      6445      6355         1
      2000      6099      6197      6225      6132      6244      6351      6387      6292         1
      2001      6083      6180      6197      6099      6231      6340      6351      6244         1
      2002      6133      6224      6347      6238      6281      6380      6480      6394         1
      2003      6043      6139      6224      6133      6198      6298      6380      6281         1
      2004      5975      6081      6139      6043      6132      6225      6298      6198         1
      2005      5933      6042      6081      5975      6099      6197      6225      6132         1
      2006      5923      6027      6042      5933      6083      6180      6197      6099         1
      2007      6206      6281      6394      6318      6362      6438      6538      6468         1
      2008      6115      6198      6281      6206      6274      6355      6438      6362         1
      2009      6054      6132      6198      6115      6213      6292      6355      6274         1
      2010      6014      6099      6132      6054      6176      6244      6292      6213         1
      2011      6000      6083      6099      6014      6156      6231      6244      6176         1
      2012      6055      6133      6238      6166      6206      6281      6394      6318         1
      2013      5963      6043      6133      6055      6115      6198      6281      6206         1
      2014      5899      5975      6043      5963      6054      6132      6198      6115         1
      2015      5864      5933      5975      5899      6014      6099      6132      6054         1
      2016      5849      5923      5933      5864      6000      6083      6099      6014         1
      2017      6168      6037      6146      6285      6178      6045      6151      6296         1
      2018      6311      6168      6285      6415      6320      6178      6296      6428         1
      2019      6085      5941      6037      6168      6097      5952      6045      6178         1
      2020      6218      6085      6168      6311      6228      6097      6178      6320         1
      2021      6016      5880      5941      6085      6026      5888      5952      6097         1
      2022      6154      6016      6085      6218      6164      6026      6097      6228         1
      2023      5977      5841      5880      6016      5984      5850      5888      6026         1
      2024      6122      5977      6016      6154      6131      5984      6026      6164         1
      2025      5964      5835      5841      5977      5971      5838      5850      5984         1
      2026      6110      5964      5977      6122      6117      5971      5984      6131         1
      2027      5913      6055      6166      6030      5761      5897      6012      5876         1
      2028      5782      5913      6030      5889      5624      5761      5876      5743         1
      2029      5826      5963      6055      5913      5673      5815      5897      5761         1
      2030      5688      5826      5913      5782      5523      5673      5761      5624         1
      2031      5766      5899      5963      5826      5604      5747      5815      5673         1
      2032      5626      5766      5826      5688      5453      5604      5673      5523         1
      2033      5727      5864      5899      5766      5559      5713      5747      5604         1
      2034      5584      5727      5766      5626      5413      5559      5604      5453         1
      2035      5717      5849      5864      5727      5546      5698      5713      5559         1
      2036      5566      5717      5727      5584      5397      5546      5559      5413         1
      2037      6137      6168      6285      6247      6276      6311      6415      6392         1
      2038      6051      6085      6168      6137      6196      6218      6311      6276         1
      2039      5983      6016      6085      6051      6128      6154      6218      6196         1
      2040      5943      5977      6016      5983      6096      6122      6154      6128         1
      2041      5927      5964      5977      5943      6079      6110      6122      6096         1
      2042      6001      6037      6146      6116      6137      6168      6285      6247         1
      2043      5914      5941      6037      6001      6051      6085      6168      6137         1
      2044      5847      5880      5941      5914      5983      6016      6085      6051         1
      2045      5817      5841      5880      5847      5943      5977      6016      5983         1
      2046      5808      5835      5841      5817      5927      5964      5977      5943         1
      2047      6095      6137      6247      6204      6224      6276      6392      6347         1
      2048      5999      6051      6137      6095      6139      6196      6276      6224         1
      2049      5928      5983      6051      5999      6081      6128      6196      6139         1
      2050      5895      5943      5983      5928      6042      6096      6128      6081         1
      2051      5885      5927      5943      5895      6027      6079      6096      6042         1
      2052      5950      6001      6116      6069      6095      6137      6247      6204         1
      2053      5865      5914      6001      5950      5999      6051      6137      6095         1
      2054      5811      5847      5914      5865      5928      5983      6051      5999         1
      2055      5767      5817      5847      5811      5895      5943      5983      5928         1
      2056      5751      5808      5817      5767      5885      5927      5943      5895         1
      2057      5986      6095      6204      6107      6133      6224      6347      6238         1
      2058      5898      5999      6095      5986      6043      6139      6224      6133         1
      2059      5837      5928      5999      5898      5975      6081      6139      6043         1
      2060      5807      5895      5928      5837      5933      6042      6081      5975         1
      2061      5792      5885      5895      5807      5923      6027      6042      5933         1
      2062      5855      5950      6069      5968      5986      6095      6204      6107         1
      2063      5770      5865      5950      5855      5898      5999      6095      5986         1
      2064      5707      5811      5865      5770      5837      5928      5999      5898         1
      2065      5662      5767      5811      5707      5807      5895      5928      5837         1
      2066      5650      5751      5767      5662      5792      5885      5895      5807         1
      2067      5913      5986      6107      6030      6055      6133      6238      6166         1
      2068      5826      5898      5986      5913      5963      6043      6133      6055         1
      2069      5766      5837      5898      5826      5899      5975      6043      5963         1
      2070      5727      5807      5837      5766      5864      5933      5975      5899         1
      2071      5717      5792      5807      5727      5849      5923      5933      5864         1
      2072      5782      5855      5968      5889      5913      5986      6107      6030         1
      2073      5688      5770      5855      5782      5826      5898      5986      5913         1
      2074      5626      5707      5770      5688      5766      5837      5898      5826         1
      2075      5584      5662      5707      5626      5727      5807      5837      5766         1
      2076      5566      5650      5662      5584      5717      5792      5807      5727         1
      2077      5903      5785      5893      6021      5912      5799      5905      6029         1
      2078      6037      5903      6021      6146      6045      5912      6029      6151         1
      2079      5820      5691      5785      5903      5825      5704      5799      5912         1
      2080      5941      5820      5903      6037      5952      5825      5912      6045         1
      2081      5754      5630      5691      5820      5765      5640      5704      5825         1
      2082      5880      5754      5820      5941      5888      5765      5825      5952         1
      2083      5719      5587      5630      5754      5726      5595      5640      5765         1
      2084      5841      5719      5754      5880      5850      5726      5765      5888         1
      2085      5700      5571      5587      5719      5716      5581      5595      5726         1
      2086      5835      5700      5719      5841      5838      5716      5726      5850         1
      2087      5651      5782      5889      5771      5480      5624      5743      5613         1
      2088      5515      5651      5771      5646      5342      5480      5613      5469         1
      2089      5553      5688      5782      5651      5380      5523      5624      5480         1
      2090      5417      5553      5651      5515      5243      5380      5480      5342         1
      2091      5479      5626      5688      5553      5311      5453      5523      5380         1
      2092      5340      5479      5553      5417      5173      5311      5380      5243         1
      2093      5441      5584      5626      5479      5266      5413      5453      5311         1
      2094      5299      5441      5479      5340      5139      5266      5311      5173         1
      2095      5424      5566      5584      5441      5254      5397      5413      5266         1
      2096      5284      5424      5441      5299      5126      5254      5266      5139         1
      2097      5874      5903      6021      5985      6001      6037      6146      6116         1
      2098      5790      5820      5903      5874      5914      5941      6037      6001         1
      2099      5724      5754      5820      5790      5847      5880      5941      5914         1
      2100      5685      5719      5754      5724      5817      5841      5880      5847         1
      2101      5670      5700      5719      5685      5808      5835      5841      5817         1
      2102      5753      5785      5893      5867      5874      5903      6021      5985         1
      2103      5659      5691      5785      5753      5790      5820      5903      5874         1
      2104      5591      5630      5691      5659      5724      5754      5820      5790         1
      2105      5551      5587      5630      5591      5685      5719      5754      5724         1
      2106      5534      5571      5587      5551      5670      5700      5719      5685         1
      2107      5828      5874      5985      5932      5950      6001      6116      6069         1
      2108      5737      5790      5874      5828      5865      5914      6001      5950         1
      2109      5675      5724      5790      5737      5811      5847      5914      5865         1
      2110      5633      5685      5724      5675      5767      5817      5847      5811         1
      2111      5617      5670      5685      5633      5751      5808      5817      5767         1
      2112      5706      5753      5867      5822      5828      5874      5985      5932         1
      2113      5612      5659      5753      5706      5737      5790      5874      5828         1
      2114      5541      5591      5659      5612      5675      5724      5790      5737         1
      2115      5489      5551      5591      5541      5633      5685      5724      5675         1
      2116      5478      5534      5551      5489      5617      5670      5685      5633         1
      2117      5730      5828      5932      5840      5855      5950      6069      5968         1
      2118      5638      5737      5828      5730      5770      5865      5950      5855         1
      2119      5565      5675      5737      5638      5707      5811      5865      5770         1
      2120      5520      5633      5675      5565      5662      5767      5811      5707         1
      2121      5508      5617      5633      5520      5650      5751      5767      5662         1
      2122      5601      5706      5822      5723      5730      5828      5932      5840         1
      2123      5496      5612      5706      5601      5638      5737      5828      5730         1
      2124      5432      5541      5612      5496      5565      5675      5737      5638         1
      2125      5385      5489      5541      5432      5520      5633      5675      5565         1
      2126      5372      5478      5489      5385      5508      5617      5633      5520         1
      2127      5651      5730      5840      5771      5782      5855      5968      5889         1
      2128      5553      5638      5730      5651      5688      5770      5855      5782         1
      2129      5479      5565      5638      5553      5626      5707      5770      5688         1
      2130      5441      5520      5565      5479      5584      5662      5707      5626         1
      2131      5424      5508      5520      5441      5566      5650      5662      5584         1
      2132      5515      5601      5723      5646      5651      5730      5840      5771         1
      2133      5417      5496      5601      5515      5553      5638      5730      5651         1
      2134      5340      5432      5496      5417      5479      5565      5638      5553         1
      2135      5299      5385      5432      5340      5441      5520      5565      5479         1
      2136      5284      5372      5385      5299      5424      5508      5520      5441         1
      2137       687       780       913       811       681       775       907       805         1
      2138       608       687       811       728       596       681       805       719         1
      2139       595       686       780       687       588       680       775       681         1
      2140       512       595       687       608       504       588       681       596         1
      2141       533       622       686       595       528       616       680       588         1
      2142       447       533       595       512       440       528       588       504         1
      2143       491       580       622       533       484       573       616       528         1
      2144       411       491       533       447       402       484       528       440         1
      2145       477       566       580       491       468       559       573       484         1
      2146       391       477       491       411       382       468       484       402         1
      2147       817       732       859       949       897       802       934      1035         1
      2148       919       817       949      1059      1006       897      1035      1144         1
      2149       723       636       732       817       793       704       802       897         1
      2150       818       723       817       919       899       793       897      1006         1
      2151       657       568       636       723       729       643       704       793         1
      2152       753       657       723       818       825       729       793       899         1
      2153       620       532       568       657       684       599       643       729         1
      2154       709       620       657       753       781       684       729       825         1
      2155       604       517       532       620       671       582       599       684         1
      2156       694       604       620       709       768       671       684       781         1
      2157       687       750       874       811       780       851       982       913         1
      2158       595       656       750       687       686       749       851       780         1
      2159       533       586       656       595       622       677       749       686         1
      2160       491       548       586       533       580       642       677       622         1
      2161       477       536       548       491       566       628       642       580         1
      2162       608       661       779       728       687       750       874       811         1
      2163       512       565       661       608       595       656       750       687         1
      2164       447       499       565       512       533       586       656       595         1
      2165       411       461       499       447       491       548       586       533         1
      2166       391       450       461       411       477       536       548       491         1
      2167       750       817       949       874       851       919      1059       982         1
      2168       656       723       817       750       749       818       919       851         1
      2169       586       657       723       656       677       753       818       749         1
      2170       548       620       657       586       642       709       753       677         1
      2171       536       604       620       548       628       694       709       642         1
      2172       661       732       859       779       750       817       949       874         1
      2173       565       636       732       661       656       723       817       750         1
      2174       499       568       636       565       586       657       723       656         1
      2175       461       532       568       499       548       620       657       586         1
      2176       450       517       532       461       536       604       620       548         1
      2177       888      1009      1152      1025       878       997      1130      1014         1
      2178       780       888      1025       913       775       878      1014       907         1
      2179       786       903      1009       888       777       889       997       878         1
      2180       686       786       888       780       680       777       878       775         1
      2181       721       833       903       786       710       815       889       777         1
      2182       622       721       786       686       616       710       777       680         1
      2183       679       784       833       721       669       776       815       710         1
      2184       580       679       721       622       573       669       710       616         1
      2185       666       771       784       679       658       766       776       669         1
      2186       566       666       679       580       559       658       669       573         1
      2187      1039       919      1059      1179      1121      1006      1144      1267         1
      2188      1166      1039      1179      1318      1254      1121      1267      1404         1
      2189       930       818       919      1039      1013       899      1006      1121         1
      2190      1051       930      1039      1166      1138      1013      1121      1254         1
      2191       860       753       818       930       938       825       899      1013         1
      2192       977       860       930      1051      1062       938      1013      1138         1
      2193       808       709       753       860       891       781       825       938         1
      2194       929       808       860       977      1018       891       938      1062         1
      2195       796       694       709       808       877       768       781       891         1
      2196       916       796       808       929      1002       877       891      1018         1
      2197       888       952      1097      1025      1009      1082      1224      1152         1
      2198       786       856       952       888       903       967      1082      1009         1
      2199       721       778       856       786       833       892       967       903         1
      2200       679       744       778       721       784       853       892       833         1
      2201       666       725       744       679       771       838       853       784         1
      2202       780       851       982       913       888       952      1097      1025         1
      2203       686       749       851       780       786       856       952       888         1
      2204       622       677       749       686       721       778       856       786         1
      2205       580       642       677       622       679       744       778       721         1
      2206       566       628       642       580       666       725       744       679         1
      2207       952      1039      1179      1097      1082      1166      1318      1224         1
      2208       856       930      1039       952       967      1051      1166      1082         1
      2209       778       860       930       856       892       977      1051       967         1
      2210       744       808       860       778       853       929       977       892         1
      2211       725       796       808       744       838       916       929       853         1
      2212       851       919      1059       982       952      1039      1179      1097         1
      2213       749       818       919       851       856       930      1039       952         1
      2214       677       753       818       749       778       860       930       856         1
      2215       642       709       753       677       744       808       860       778         1
      2216       628       694       709       642       725       796       808       744         1
      2217      1139      1293      1449      1287      1125      1276      1433      1272         1
      2218      1009      1139      1287      1152       997      1125      1272      1130         1
      2219      1031      1177      1293      1139      1019      1167      1276      1125         1
      2220       903      1031      1139      1009       889      1019      1125       997         1
      2221       954      1100      1177      1031       944      1087      1167      1019         1
      2222       833       954      1031       903       815       944      1019       889         1
      2223       910      1050      1100       954       900      1041      1087       944         1
      2224       784       910       954       833       776       900       944       815         1
      2225       894      1034      1050       910       882      1022      1041       900         1
      2226       771       894       910       784       766       882       900       776         1
      2227      1315      1166      1318      1470      1401      1254      1404      1567         1
      2228      1479      1315      1470      1630      1577      1401      1567      1735         1
      2229      1196      1051      1166      1315      1285      1138      1254      1401         1
      2230      1346      1196      1315      1479      1452      1285      1401      1577         1
      2231      1113       977      1051      1196      1205      1062      1138      1285         1
      2232      1259      1113      1196      1346      1363      1205      1285      1452         1
      2233      1064       929       977      1113      1157      1018      1062      1205         1
      2234      1220      1064      1113      1259      1317      1157      1205      1363         1
      2235      1049       916       929      1064      1133      1002      1018      1157         1
      2236      1199      1049      1064      1220      1296      1133      1157      1317         1
      2237      1139      1221      1370      1287      1293      1374      1522      1449         1
      2238      1031      1104      1221      1139      1177      1249      1374      1293         1
      2239       954      1024      1104      1031      1100      1171      1249      1177         1
      2240       910       983      1024       954      1050      1119      1171      1100         1
      2241       894       963       983       910      1034      1109      1119      1050         1
      2242      1009      1082      1224      1152      1139      1221      1370      1287         1
      2243       903       967      1082      1009      1031      1104      1221      1139         1
      2244       833       892       967       903       954      1024      1104      1031         1
      2245       784       853       892       833       910       983      1024       954         1
      2246       771       838       853       784       894       963       983       910         1
      2247      1221      1315      1470      1370      1374      1479      1630      1522         1
      2248      1104      1196      1315      1221      1249      1346      1479      1374         1
      2249      1024      1113      1196      1104      1171      1259      1346      1249         1
      2250       983      1064      1113      1024      1119      1220      1259      1171         1
      2251       963      1049      1064       983      1109      1199      1220      1119         1
      2252      1082      1166      1318      1224      1221      1315      1470      1370         1
      2253       967      1051      1166      1082      1104      1196      1315      1221         1
      2254       892       977      1051       967      1024      1113      1196      1104         1
      2255       853       929       977       892       983      1064      1113      1024         1
      2256       838       916       929       853       963      1049      1064       983         1
      2257      1460      1643      1791      1610      1447      1624      1775      1597         1
      2258      1293      1460      1610      1449      1276      1447      1597      1433         1
      2259      1333      1510      1643      1460      1325      1499      1624      1447         1
      2260      1177      1333      1460      1293      1167      1325      1447      1276         1
      2261      1250      1429      1510      1333      1246      1409      1499      1325         1
      2262      1100      1250      1333      1177      1087      1246      1325      1167         1
      2263      1204      1380      1429      1250      1195      1361      1409      1246         1
      2264      1050      1204      1250      1100      1041      1195      1246      1087         1
      2265      1187      1357      1380      1204      1176      1342      1361      1195         1
      2266      1034      1187      1204      1050      1022      1176      1195      1041         1
      2267      1648      1479      1630      1798      1751      1577      1735      1903         1
      2268      1826      1648      1798      1981      1934      1751      1903      2084         1
      2269      1513      1346      1479      1648      1622      1452      1577      1751         1
      2270      1698      1513      1648      1826      1807      1622      1751      1934         1
      2271      1431      1259      1346      1513      1529      1363      1452      1622         1
      2272      1608      1431      1513      1698      1720      1529      1622      1807         1
      2273      1383      1220      1259      1431      1489      1317      1363      1529         1
      2274      1563      1383      1431      1608      1671      1489      1529      1720         1
      2275      1365      1199      1220      1383      1472      1296      1317      1489         1
      2276      1544      1365      1383      1563      1659      1472      1489      1671         1
      2277      1460      1540      1697      1610      1643      1722      1874      1791         1
      2278      1333      1419      1540      1460      1510      1592      1722      1643         1
      2279      1250      1329      1419      1333      1429      1509      1592      1510         1
      2280      1204      1279      1329      1250      1380      1461      1509      1429         1
      2281      1187      1261      1279      1204      1357      1441      1461      1380         1
      2282      1293      1374      1522      1449      1460      1540      1697      1610         1
      2283      1177      1249      1374      1293      1333      1419      1540      1460         1
      2284      1100      1171      1249      1177      1250      1329      1419      1333         1
      2285      1050      1119      1171      1100      1204      1279      1329      1250         1
      2286      1034      1109      1119      1050      1187      1261      1279      1204         1
      2287      1540      1648      1798      1697      1722      1826      1981      1874         1
      2288      1419      1513      1648      1540      1592      1698      1826      1722         1
      2289      1329      1431      1513      1419      1509      1608      1698      1592         1
      2290      1279      1383      1431      1329      1461      1563      1608      1509         1
      2291      1261      1365      1383      1279      1441      1544      1563      1461         1
      2292      1374      1479      1630      1522      1540      1648      1798      1697         1
      2293      1249      1346      1479      1374      1419      1513      1648      1540         1
      2294      1171      1259      1346      1249      1329      1431      1513      1419         1
      2295      1119      1220      1259      1171      1279      1383      1431      1329         1
      2296      1109      1199      1220      1119      1261      1365      1383      1279         1
      2297      1822      2011      2164      1976      1804      1997      2152      1962         1
      2298      1643      1822      1976      1791      1624      1804      1962      1775         1
      2299      1691      1883      2011      1822      1682      1869      1997      1804         1
      2300      1510      1691      1822      1643      1499      1682      1804      1624         1
      2301      1603      1797      1883      1691      1591      1781      1869      1682         1
      2302      1429      1603      1691      1510      1409      1591      1682      1499         1
      2303      1558      1754      1797      1603      1542      1741      1781      1591         1
      2304      1380      1558      1603      1429      1361      1542      1591      1409         1
      2305      1536      1736      1754      1558      1520      1714      1741      1542         1
      2306      1357      1536      1558      1380      1342      1520      1542      1361         1
      2307      2010      1826      1981      2163      2107      1934      2084      2254         1
      2308      2191      2010      2163      2343      2304      2107      2254      2443         1
      2309      1881      1698      1826      2010      1995      1807      1934      2107         1
      2310      2077      1881      2010      2191      2177      1995      2107      2304         1
      2311      1796      1608      1698      1881      1908      1720      1807      1995         1
      2312      1994      1796      1881      2077      2101      1908      1995      2177         1
      2313      1753      1563      1608      1796      1851      1671      1720      1908         1
      2314      1947      1753      1796      1994      2046      1851      1908      2101         1
      2315      1733      1544      1563      1753      1837      1659      1671      1851         1
      2316      1929      1733      1753      1947      2031      1837      1851      2046         1
      2317      1822      1905      2055      1976      2011      2093      2237      2164         1
      2318      1691      1776      1905      1822      1883      1972      2093      2011         1
      2319      1603      1689      1776      1691      1797      1882      1972      1883         1
      2320      1558      1649      1689      1603      1754      1833      1882      1797         1
      2321      1536      1625      1649      1558      1736      1815      1833      1754         1
      2322      1643      1722      1874      1791      1822      1905      2055      1976         1
      2323      1510      1592      1722      1643      1691      1776      1905      1822         1
      2324      1429      1509      1592      1510      1603      1689      1776      1691         1
      2325      1380      1461      1509      1429      1558      1649      1689      1603         1
      2326      1357      1441      1461      1380      1536      1625      1649      1558         1
      2327      1905      2010      2163      2055      2093      2191      2343      2237         1
      2328      1776      1881      2010      1905      1972      2077      2191      2093         1
      2329      1689      1796      1881      1776      1882      1994      2077      1972         1
      2330      1649      1753      1796      1689      1833      1947      1994      1882         1
      2331      1625      1733      1753      1649      1815      1929      1947      1833         1
      2332      1722      1826      1981      1874      1905      2010      2163      2055         1
      2333      1592      1698      1826      1722      1776      1881      2010      1905         1
      2334      1509      1608      1698      1592      1689      1796      1881      1776         1
      2335      1461      1563      1608      1509      1649      1753      1796      1689         1
      2336      1441      1544      1563      1461      1625      1733      1753      1649         1
      2337      2198      2394      2536      2349      2180      2378      2521      2334         1
      2338      2011      2198      2349      2164      1997      2180      2334      2152         1
      2339      2083      2284      2394      2198      2065      2261      2378      2180         1
      2340      1883      2083      2198      2011      1869      2065      2180      1997         1
      2341      1998      2195      2284      2083      1985      2179      2261      2065         1
      2342      1797      1998      2083      1883      1781      1985      2065      1869         1
      2343      1953      2154      2195      1998      1939      2140      2179      1985         1
      2344      1754      1953      1998      1797      1741      1939      1985      1781         1
      2345      1933      2134      2154      1953      1920      2113      2140      1939         1
      2346      1736      1933      1953      1754      1714      1920      1939      1741         1
      2347      2380      2191      2343      2522      2485      2304      2443      2620         1
      2348      2568      2380      2522      2715      2678      2485      2620      2816         1
      2349      2265      2077      2191      2380      2369      2177      2304      2485         1
      2350      2469      2265      2380      2568      2561      2369      2485      2678         1
      2351      2181      1994      2077      2265      2298      2101      2177      2369         1
      2352      2381      2181      2265      2469      2488      2298      2369      2561         1
      2353      2142      1947      1994      2181      2236      2046      2101      2298         1
      2354      2337      2142      2181      2381      2437      2236      2298      2488         1
      2355      2116      1929      1947      2142      2226      2031      2046      2236         1
      2356      2321      2116      2142      2337      2419      2226      2236      2437         1
      2357      2198      2291      2426      2349      2394      2479      2611      2536         1
      2358      2083      2166      2291      2198      2284      2363      2479      2394         1
      2359      1998      2086      2166      2083      2195      2289      2363      2284         1
      2360      1953      2032      2086      1998      2154      2230      2289      2195         1
      2361      1933      2017      2032      1953      2134      2218      2230      2154         1
      2362      2011      2093      2237      2164      2198      2291      2426      2349         1
      2363      1883      1972      2093      2011      2083      2166      2291      2198         1
      2364      1797      1882      1972      1883      1998      2086      2166      2083         1
      2365      1754      1833      1882      1797      1953      2032      2086      1998         1
      2366      1736      1815      1833      1754      1933      2017      2032      1953         1
      2367      2291      2380      2522      2426      2479      2568      2715      2611         1
      2368      2166      2265      2380      2291      2363      2469      2568      2479         1
      2369      2086      2181      2265      2166      2289      2381      2469      2363         1
      2370      2032      2142      2181      2086      2230      2337      2381      2289         1
      2371      2017      2116      2142      2032      2218      2321      2337      2230         1
      2372      2093      2191      2343      2237      2291      2380      2522      2426         1
      2373      1972      2077      2191      2093      2166      2265      2380      2291         1
      2374      1882      1994      2077      1972      2086      2181      2265      2166         1
      2375      1833      1947      1994      1882      2032      2142      2181      2086         1
      2376      1815      1929      1947      1833      2017      2116      2142      2032         1
      2377      2822      2869      2521      2468      2830      2880      2531      2476         1
      2378      3183      3223      2869      2822      3190      3229      2880      2830         1
      2379      3542      3586      3223      3183      3549      3593      3229      3190         1
      2380      3905      3954      3586      3542      3916      3963      3593      3549         1
      2381      4277      4318      3954      3905      4291      4329      3963      3916         1
      2382      7676      7747      7602      7517      7681      7748      7608      7521         1
      2383      7805      7878      7747      7676      7810      7881      7748      7681         1
      2384      7945      8005      7878      7805      7952      8008      7881      7810         1
      2385      8071      8120      8005      7945      8073      8122      8008      7952         1
      2386      8174      8199      8120      8071      8176      8201      8122      8073         1
      2387      6806      7064      6822      6535      6816      7070      6829      6544         1
      2388      6527      6806      6535      6252      6540      6816      6544      6262         1
      2389      6259      6527      6252      5969      6263      6540      6262      5978         1
      2390      5982      6259      5969      5696      5989      6263      5978      5708         1
      2391      5721      5982      5696      5401      5729      5989      5708      5414         1
      2392      5440      5721      5401      5117      5445      5729      5414      5131         1
      2393      5161      5440      5117      4916      5164      5445      5131      4924         1
      2394      4957      5161      4916      4725      4968      5164      4924      4741         1
      2395      4784      4957      4725      4552      4791      4968      4741      4561         1
      2396      4609      4784      4552      4366      4615      4791      4561      4377         1
      2397      4437      4609      4366      4181      4445      4615      4377      4197         1
      2398      4259      4437      4181      3996      4267      4445      4197      4005         1
      2399      4094      4259      3996      3813      4101      4267      4005      3819         1
      2400      3920      4094      3813      3625      3929      4101      3819      3634         1
      2401      3749      3920      3625      3447      3758      3929      3634      3459         1
      2402      3584      3749      3447      3287      3592      3758      3459      3296         1
      2403      3432      3584      3287      3119      3440      3592      3296      3128         1
      2404      3288      3432      3119      2962      3297      3440      3128      2973         1
      2405      3142      3288      2962      2816      3156      3297      2973      2825         1
      2406      7071      7295      7064      6806      7079      7303      7070      6816         1
      2407      6824      7071      6806      6527      6831      7079      6816      6540         1
      2408      6558      6824      6527      6259      6566      6831      6540      6263         1
      2409      6301      6558      6259      5982      6306      6566      6263      5989         1
      2410      6035      6301      5982      5721      6044      6306      5989      5729         1
      2411      5780      6035      5721      5440      5789      6044      5729      5445         1
      2412      5513      5780      5440      5161      5522      5789      5445      5164         1
      2413      5245      5513      5161      4957      5256      5522      5164      4968         1
      2414      5030      5245      4957      4784      5033      5256      4968      4791         1
      2415      4856      5030      4784      4609      4864      5033      4791      4615         1
      2416      4692      4856      4609      4437      4700      4864      4615      4445         1
      2417      4535      4692      4437      4259      4541      4700      4445      4267         1
      2418      4380      4535      4259      4094      4386      4541      4267      4101         1
      2419      4214      4380      4094      3920      4226      4386      4101      3929         1
      2420      4058      4214      3920      3749      4062      4226      3929      3758         1
      2421      3903      4058      3749      3584      3913      4062      3758      3592         1
      2422      3757      3903      3584      3432      3769      3913      3592      3440         1
      2423      3613      3757      3432      3288      3622      3769      3440      3297         1
      2424      3476      3613      3288      3142      3489      3622      3297      3156         1
      2425      7318      7505      7295      7071      7324      7510      7303      7079         1
      2426      7110      7318      7071      6824      7116      7324      7079      6831         1
      2427      6874      7110      6824      6558      6880      7116      6831      6566         1
      2428      6627      6874      6558      6301      6631      6880      6566      6306         1
      2429      6372      6627      6301      6035      6379      6631      6306      6044         1
      2430      6118      6372      6035      5780      6126      6379      6044      5789         1
      2431      5870      6118      5780      5513      5878      6126      5789      5522         1
      2432      5632      5870      5513      5245      5642      5878      5522      5256         1
      2433      5373      5632      5245      5030      5381      5642      5256      5033         1
      2434      5137      5373      5030      4856      5145      5381      5033      4864         1
      2435      4960      5137      4856      4692      4971      5145      4864      4700         1
      2436      4807      4960      4692      4535      4811      4971      4700      4541         1
      2437      4659      4807      4535      4380      4661      4811      4541      4386         1
      2438      4505      4659      4380      4214      4514      4661      4386      4226         1
      2439      4373      4505      4214      4058      4382      4514      4226      4062         1
      2440      4230      4373      4058      3903      4237      4382      4062      3913         1
      2441      4093      4230      3903      3757      4100      4237      3913      3769         1
      2442      3955      4093      3757      3613      3964      4100      3769      3622         1
      2443      3830      3955      3613      3476      3843      3964      3622      3489         1
      2444      7542      7703      7505      7318      7551      7708      7510      7324         1
      2445      7370      7542      7318      7110      7372      7551      7324      7116         1
      2446      7165      7370      7110      6874      7174      7372      7116      6880         1
      2447      6949      7165      6874      6627      6955      7174      6880      6631         1
      2448      6711      6949      6627      6372      6723      6955      6631      6379         1
      2449      6472      6711      6372      6118      6478      6723      6379      6126         1
      2450      6229      6472      6118      5870      6236      6478      6126      5878         1
      2451      5998      6229      5870      5632      6007      6236      5878      5642         1
      2452      5777      5998      5632      5373      5781      6007      5642      5381         1
      2453      5544      5777      5373      5137      5552      5781      5381      5145         1
      2454      5305      5544      5137      4960      5315      5552      5145      4971         1
      2455      5105      5305      4960      4807      5108      5315      4971      4811         1
      2456      4938      5105      4807      4659      4945      5108      4811      4661         1
      2457      4804      4938      4659      4505      4810      4945      4661      4514         1
      2458      4670      4804      4505      4373      4674      4810      4514      4382         1
      2459      4543      4670      4373      4230      4551      4674      4382      4237         1
      2460      4424      4543      4230      4093      4431      4551      4237      4100         1
      2461      4301      4424      4093      3955      4305      4431      4100      3964         1
      2462      4180      4301      3955      3830      4191      4305      3964      3843         1
      2463      7735      7867      7703      7542      7740      7872      7708      7551         1
      2464      7592      7735      7542      7370      7597      7740      7551      7372         1
      2465      7426      7592      7370      7165      7432      7597      7372      7174         1
      2466      7241      7426      7165      6949      7246      7432      7174      6955         1
      2467      7043      7241      6949      6711      7052      7246      6955      6723         1
      2468      6839      7043      6711      6472      6846      7052      6723      6478         1
      2469      6614      6839      6472      6229      6621      6846      6478      6236         1
      2470      6389      6614      6229      5998      6396      6621      6236      6007         1
      2471      6157      6389      5998      5777      6170      6396      6007      5781         1
      2472      5940      6157      5777      5544      5948      6170      5781      5552         1
      2473      5738      5940      5544      5305      5745      5948      5552      5315         1
      2474      5524      5738      5305      5105      5529      5745      5315      5108         1
      2475      5313      5524      5105      4938      5321      5529      5108      4945         1
      2476      5116      5313      4938      4804      5130      5321      4945      4810         1
      2477      4979      5116      4804      4670      4985      5130      4810      4674         1
      2478      4851      4979      4670      4543      4859      4985      4674      4551         1
      2479      4737      4851      4543      4424      4747      4859      4551      4431         1
      2480      4628      4737      4424      4301      4635      4747      4431      4305         1
      2481      4518      4628      4301      4180      4527      4635      4305      4191         1
      2482      7248      7425      7235      7034      7257      7431      7239      7038         1
      2483      7064      7248      7034      6822      7070      7257      7038      6829         1
      2484      7460      7604      7425      7248      7464      7610      7431      7257         1
      2485      7295      7460      7248      7064      7303      7464      7257      7070         1
      2486      7649      7765      7604      7460      7657      7767      7610      7464         1
      2487      7505      7649      7460      7295      7510      7657      7464      7303         1
      2488      7808      7921      7765      7649      7811      7922      7767      7657         1
      2489      7703      7808      7649      7505      7708      7811      7657      7510         1
      2490      7969      8050      7921      7808      7973      8055      7922      7811         1
      2491      7867      7969      7808      7703      7872      7973      7811      7708         1
      2492      2869      2881      2536      2521      2880      2893      2547      2531         1
      2493      3223      3233      2881      2869      3229      3243      2893      2880         1
      2494      3586      3597      3233      3223      3593      3606      3243      3229         1
      2495      3954      3967      3597      3586      3963      3974      3606      3593         1
      2496      4318      4330      3967      3954      4329      4337      3974      3963         1
      2497      2881      2961      2611      2536      2893      2972      2623      2547         1
      2498      3233      3318      2961      2881      3243      3327      2972      2893         1
      2499      3597      3672      3318      3233      3606      3680      3327      3243         1
      2500      3967      4030      3672      3597      3974      4044      3680      3606         1
      2501      4330      4389      4030      3967      4337      4395      4044      3974         1
      2502      2961      3061      2715      2611      2972      3067      2719      2623         1
      2503      3318      3394      3061      2961      3327      3404      3067      2972         1
      2504      3672      3744      3394      3318      3680      3753      3404      3327         1
      2505      4030      4105      3744      3672      4044      4116      3753      3680         1
      2506      4389      4456      4105      4030      4395      4461      4116      4044         1
      2507      3061      3142      2816      2715      3067      3156      2825      2719         1
      2508      3394      3476      3142      3061      3404      3489      3156      3067         1
      2509      3744      3830      3476      3394      3753      3843      3489      3404         1
      2510      4105      4180      3830      3744      4116      4191      3843      3753         1
      2511      4456      4518      4180      4105      4461      4527      4191      4116         1
      2512      7671      7676      7517      7509      7673      7681      7521      7516         1
      2513      7802      7805      7676      7671      7804      7810      7681      7673         1
      2514      7940      7945      7805      7802      7943      7952      7810      7804         1
      2515      8065      8071      7945      7940      8069      8073      7952      7943         1
      2516      8172      8174      8071      8065      8173      8176      8073      8069         1
      2517      7654      7671      7509      7487      7661      7673      7516      7491         1
      2518      7790      7802      7671      7654      7796      7804      7673      7661         1
      2519      7930      7940      7802      7790      7934      7943      7804      7796         1
      2520      8053      8065      7940      7930      8057      8069      7943      7934         1
      2521      8162      8172      8065      8053      8165      8173      8069      8057         1
      2522      7621      7654      7487      7463      7628      7661      7491      7468         1
      2523      7766      7790      7654      7621      7770      7796      7661      7628         1
      2524      7915      7930      7790      7766      7918      7934      7796      7770         1
      2525      8039      8053      7930      7915      8043      8057      7934      7918         1
      2526      8149      8162      8053      8039      8153      8165      8057      8043         1
      2527      7573      7621      7463      7401      7577      7628      7468      7407         1
      2528      7726      7766      7621      7573      7729      7770      7628      7577         1
      2529      7871      7915      7766      7726      7875      7918      7770      7729         1
      2530      8007      8039      7915      7871      8013      8043      7918      7875         1
      2531      8130      8149      8039      8007      8131      8153      8043      8013         1
      2532      7425      7525      7352      7235      7431      7527      7357      7239         1
      2533      7604      7692      7525      7425      7610      7697      7527      7431         1
      2534      7765      7837      7692      7604      7767      7840      7697      7610         1
      2535      7921      7983      7837      7765      7922      7988      7840      7767         1
      2536      8050      8103      7983      7921      8055      8108      7988      7922         1
      2537      7525      7573      7401      7352      7527      7577      7407      7357         1
      2538      7692      7726      7573      7525      7697      7729      7577      7527         1
      2539      7837      7871      7726      7692      7840      7875      7729      7697         1
      2540      7983      8007      7871      7837      7988      8013      7875      7840         1
      2541      8103      8130      8007      7983      8108      8131      8013      7988         1
      2542      2682      2733      2378      2320      2822      2869      2521      2468         1
      2543      3057      3098      2733      2682      3183      3223      2869      2822         1
      2544      3418      3466      3098      3057      3542      3586      3223      3183         1
      2545      3800      3850      3466      3418      3905      3954      3586      3542         1
      2546      4169      4215      3850      3800      4277      4318      3954      3905         1
      2547      2567      2627      2261      2205      2682      2733      2378      2320         1
      2548      2948      3001      2627      2567      3057      3098      2733      2682         1
      2549      3336      3376      3001      2948      3418      3466      3098      3057         1
      2550      3701      3752      3376      3336      3800      3850      3466      3418         1
      2551      4092      4141      3752      3701      4169      4215      3850      3800         1
      2552      2492      2552      2179      2117      2567      2627      2261      2205         1
      2553      2868      2929      2552      2492      2948      3001      2627      2567         1
      2554      3254      3316      2929      2868      3336      3376      3001      2948         1
      2555      3642      3691      3316      3254      3701      3752      3376      3336         1
      2556      4031      4077      3691      3642      4092      4141      3752      3701         1
      2557      2448      2502      2140      2068      2492      2552      2179      2117         1
      2558      2834      2882      2502      2448      2868      2929      2552      2492         1
      2559      3217      3268      2882      2834      3254      3316      2929      2868         1
      2560      3599      3657      3268      3217      3642      3691      3316      3254         1
      2561      3994      4047      3657      3599      4031      4077      3691      3642         1
      2562      2427      2490      2113      2049      2448      2502      2140      2068         1
      2563      2820      2864      2490      2427      2834      2882      2502      2448         1
      2564      3206      3252      2864      2820      3217      3268      2882      2834         1
      2565      3585      3638      3252      3206      3599      3657      3268      3217         1
      2566      3983      4029      3638      3585      3994      4047      3657      3599         1
      2567      7612      7699      7547      7448      7676      7747      7602      7517         1
      2568      7760      7832      7699      7612      7805      7878      7747      7676         1
      2569      7904      7963      7832      7760      7945      8005      7878      7805         1
      2570      8035      8088      7963      7904      8071      8120      8005      7945         1
      2571      8143      8185      8088      8035      8174      8199      8120      8071         1
      2572      7570      7656      7488      7398      7612      7699      7547      7448         1
      2573      7721      7791      7656      7570      7760      7832      7699      7612         1
      2574      7869      7931      7791      7721      7904      7963      7832      7760         1
      2575      8006      8054      7931      7869      8035      8088      7963      7904         1
      2576      8129      8164      8054      8006      8143      8185      8088      8035         1
      2577      7530      7617      7455      7361      7570      7656      7488      7398         1
      2578      7700      7763      7617      7530      7721      7791      7656      7570         1
      2579      7842      7909      7763      7700      7869      7931      7791      7721         1
      2580      7989      8037      7909      7842      8006      8054      7931      7869         1
      2581      8112      8147      8037      7989      8129      8164      8054      8006         1
      2582      7507      7598      7430      7333      7530      7617      7455      7361         1
      2583      7682      7749      7598      7507      7700      7763      7617      7530         1
      2584      7827      7890      7749      7682      7842      7909      7763      7700         1
      2585      7974      8030      7890      7827      7989      8037      7909      7842         1
      2586      8097      8139      8030      7974      8112      8147      8037      7989         1
      2587      7493      7589      7423      7323      7507      7598      7430      7333         1
      2588      7672      7745      7589      7493      7682      7749      7598      7507         1
      2589      7819      7885      7745      7672      7827      7890      7749      7682         1
      2590      7964      8024      7885      7819      7974      8030      7890      7827         1
      2591      8093      8137      8024      7964      8097      8139      8030      7974         1
      2592      6701      6973      6720      6435      6806      7064      6822      6535         1
      2593      6426      6701      6435      6142      6527      6806      6535      6252         1
      2594      6145      6426      6142      5857      6259      6527      6252      5969         1
      2595      5872      6145      5857      5573      5982      6259      5969      5696         1
      2596      5597      5872      5573      5272      5721      5982      5696      5401         1
      2597      5309      5597      5272      5021      5440      5721      5401      5117         1
      2598      5063      5309      5021      4827      5161      5440      5117      4916         1
      2599      4872      5063      4827      4639      4957      5161      4916      4725         1
      2600      4688      4872      4639      4459      4784      4957      4725      4552         1
      2601      4511      4688      4459      4260      4609      4784      4552      4366         1
      2602      4339      4511      4260      4074      4437      4609      4366      4181         1
      2603      4160      4339      4074      3882      4259      4437      4181      3996         1
      2604      3985      4160      3882      3694      4094      4259      3996      3813         1
      2605      3809      3985      3694      3512      3920      4094      3813      3625         1
      2606      3631      3809      3512      3341      3749      3920      3625      3447         1
      2607      3465      3631      3341      3164      3584      3749      3447      3287         1
      2608      3319      3465      3164      2995      3432      3584      3287      3119         1
      2609      3167      3319      2995      2835      3288      3432      3119      2962         1
      2610      3010      3167      2835      2678      3142      3288      2962      2816         1
      2611      6979      7210      6973      6701      7071      7295      7064      6806         1
      2612      6724      6979      6701      6426      6824      7071      6806      6527         1
      2613      6452      6724      6426      6145      6558      6824      6527      6259         1
      2614      6189      6452      6145      5872      6301      6558      6259      5982         1
      2615      5918      6189      5872      5597      6035      6301      5982      5721         1
      2616      5660      5918      5597      5309      5780      6035      5721      5440         1
      2617      5386      5660      5309      5063      5513      5780      5440      5161         1
      2618      5128      5386      5063      4872      5245      5513      5161      4957         1
      2619      4936      5128      4872      4688      5030      5245      4957      4784         1
      2620      4767      4936      4688      4511      4856      5030      4784      4609         1
      2621      4603      4767      4511      4339      4692      4856      4609      4437         1
      2622      4441      4603      4339      4160      4535      4692      4437      4259         1
      2623      4275      4441      4160      3985      4380      4535      4259      4094         1
      2624      4115      4275      3985      3809      4214      4380      4094      3920         1
      2625      3947      4115      3809      3631      4058      4214      3920      3749         1
      2626      3796      3947      3631      3465      3903      4058      3749      3584         1
      2627      3643      3796      3465      3319      3757      3903      3584      3432         1
      2628      3496      3643      3319      3167      3613      3757      3432      3288         1
      2629      3362      3496      3167      3010      3476      3613      3288      3142         1
      2630      7237      7437      7210      6979      7318      7505      7295      7071         1
      2631      7007      7237      6979      6724      7110      7318      7071      6824         1
      2632      6765      7007      6724      6452      6874      7110      6824      6558         1
      2633      6508      6765      6452      6189      6627      6874      6558      6301         1
      2634      6256      6508      6189      5918      6372      6627      6301      6035         1
      2635      6002      6256      5918      5660      6118      6372      6035      5780         1
      2636      5758      6002      5660      5386      5870      6118      5780      5513         1
      2637      5497      5758      5386      5128      5632      5870      5513      5245         1
      2638      5244      5497      5128      4936      5373      5632      5245      5030         1
      2639      5037      5244      4936      4767      5137      5373      5030      4856         1
      2640      4873      5037      4767      4603      4960      5137      4856      4692         1
      2641      4712      4873      4603      4441      4807      4960      4692      4535         1
      2642      4567      4712      4441      4275      4659      4807      4535      4380         1
      2643      4421      4567      4275      4115      4505      4659      4380      4214         1
      2644      4266      4421      4115      3947      4373      4505      4214      4058         1
      2645      4125      4266      3947      3796      4230      4373      4058      3903         1
      2646      3984      4125      3796      3643      4093      4230      3903      3757         1
      2647      3852      3984      3643      3496      3955      4093      3757      3613         1
      2648      3711      3852      3496      3362      3830      3955      3613      3476         1
      2649      7475      7647      7437      7237      7542      7703      7505      7318         1
      2650      7291      7475      7237      7007      7370      7542      7318      7110         1
      2651      7083      7291      7007      6765      7165      7370      7110      6874         1
      2652      6854      7083      6765      6508      6949      7165      6874      6627         1
      2653      6612      6854      6508      6256      6711      6949      6627      6372         1
      2654      6366      6612      6256      6002      6472      6711      6372      6118         1
      2655      6123      6366      6002      5758      6229      6472      6118      5870         1
      2656      5883      6123      5758      5497      5998      6229      5870      5632         1
      2657      5655      5883      5497      5244      5777      5998      5632      5373         1
      2658      5415      5655      5244      5037      5544      5777      5373      5137         1
      2659      5177      5415      5037      4873      5305      5544      5137      4960         1
      2660      5005      5177      4873      4712      5105      5305      4960      4807         1
      2661      4852      5005      4712      4567      4938      5105      4807      4659         1
      2662      4710      4852      4567      4421      4804      4938      4659      4505         1
      2663      4581      4710      4421      4266      4670      4804      4505      4373         1
      2664      4450      4581      4266      4125      4543      4670      4373      4230         1
      2665      4319      4450      4125      3984      4424      4543      4230      4093         1
      2666      4199      4319      3984      3852      4301      4424      4093      3955         1
      2667      4073      4199      3852      3711      4180      4301      3955      3830         1
      2668      7688      7817      7647      7475      7735      7867      7703      7542         1
      2669      7531      7688      7475      7291      7592      7735      7542      7370         1
      2670      7365      7531      7291      7083      7426      7592      7370      7165         1
      2671      7166      7365      7083      6854      7241      7426      7165      6949         1
      2672      6959      7166      6854      6612      7043      7241      6949      6711         1
      2673      6734      6959      6612      6366      6839      7043      6711      6472         1
      2674      6494      6734      6366      6123      6614      6839      6472      6229         1
      2675      6275      6494      6123      5883      6389      6614      6229      5998         1
      2676      6050      6275      5883      5655      6157      6389      5998      5777         1
      2677      5833      6050      5655      5415      5940      6157      5777      5544         1
      2678      5618      5833      5415      5177      5738      5940      5544      5305         1
      2679      5398      5618      5177      5005      5524      5738      5305      5105         1
      2680      5183      5398      5005      4852      5313      5524      5105      4938         1
      2681      5020      5183      4852      4710      5116      5313      4938      4804         1
      2682      4891      5020      4710      4581      4979      5116      4804      4670         1
      2683      4765      4891      4581      4450      4851      4979      4670      4543         1
      2684      4647      4765      4450      4319      4737      4851      4543      4424         1
      2685      4534      4647      4319      4199      4628      4737      4424      4301         1
      2686      4429      4534      4199      4073      4518      4628      4301      4180         1
      2687      6626      6906      6639      6350      6701      6973      6720      6435         1
      2688      6348      6626      6350      6056      6426      6701      6435      6142         1
      2689      6061      6348      6056      5774      6145      6426      6142      5857         1
      2690      5786      6061      5774      5468      5872      6145      5857      5573         1
      2691      5494      5786      5468      5169      5597      5872      5573      5272         1
      2692      5212      5494      5169      4949      5309      5597      5272      5021         1
      2693      4987      5212      4949      4758      5063      5309      5021      4827         1
      2694      4799      4987      4758      4572      4872      5063      4827      4639         1
      2695      4625      4799      4572      4384      4688      4872      4639      4459         1
      2696      4444      4625      4384      4189      4511      4688      4459      4260         1
      2697      4255      4444      4189      3991      4339      4511      4260      4074         1
      2698      4079      4255      3991      3799      4160      4339      4074      3882         1
      2699      3899      4079      3799      3600      3985      4160      3882      3694         1
      2700      3717      3899      3600      3416      3809      3985      3694      3512         1
      2701      3547      3717      3416      3228      3631      3809      3512      3341         1
      2702      3375      3547      3228      3066      3465      3631      3341      3164         1
      2703      3218      3375      3066      2884      3319      3465      3164      2995         1
      2704      3068      3218      2884      2720      3167      3319      2995      2835         1
      2705      2914      3068      2720      2561      3010      3167      2835      2678         1
      2706      6912      7148      6906      6626      6979      7210      6973      6701         1
      2707      6641      6912      6626      6348      6724      6979      6701      6426         1
      2708      6371      6641      6348      6061      6452      6724      6426      6145         1
      2709      6103      6371      6061      5786      6189      6452      6145      5872         1
      2710      5834      6103      5786      5494      5918      6189      5872      5597         1
      2711      5564      5834      5494      5212      5660      5918      5597      5309         1
      2712      5280      5564      5212      4987      5386      5660      5309      5063         1
      2713      5057      5280      4987      4799      5128      5386      5063      4872         1
      2714      4870      5057      4799      4625      4936      5128      4872      4688         1
      2715      4698      4870      4625      4444      4767      4936      4688      4511         1
      2716      4531      4698      4444      4255      4603      4767      4511      4339         1
      2717      4364      4531      4255      4079      4441      4603      4339      4160         1
      2718      4200      4364      4079      3899      4275      4441      4160      3985         1
      2719      4028      4200      3899      3717      4115      4275      3985      3809         1
      2720      3865      4028      3717      3547      3947      4115      3809      3631         1
      2721      3697      3865      3547      3375      3796      3947      3631      3465         1
      2722      3554      3697      3375      3218      3643      3796      3465      3319         1
      2723      3405      3554      3218      3068      3496      3643      3319      3167         1
      2724      3262      3405      3068      2914      3362      3496      3167      3010         1
      2725      7177      7383      7148      6912      7237      7437      7210      6979         1
      2726      6945      7177      6912      6641      7007      7237      6979      6724         1
      2727      6683      6945      6641      6371      6765      7007      6724      6452         1
      2728      6432      6683      6371      6103      6508      6765      6452      6189         1
      2729      6173      6432      6103      5834      6256      6508      6189      5918         1
      2730      5916      6173      5834      5564      6002      6256      5918      5660         1
      2731      5665      5916      5564      5280      5758      6002      5660      5386         1
      2732      5403      5665      5280      5057      5497      5758      5386      5128         1
      2733      5151      5403      5057      4870      5244      5497      5128      4936         1
      2734      4967      5151      4870      4698      5037      5244      4936      4767         1
      2735      4800      4967      4698      4531      4873      5037      4767      4603         1
      2736      4645      4800      4531      4364      4712      4873      4603      4441         1
      2737      4489      4645      4364      4200      4567      4712      4441      4275         1
      2738      4343      4489      4200      4028      4421      4567      4275      4115         1
      2739      4196      4343      4028      3865      4266      4421      4115      3947         1
      2740      4046      4196      3865      3697      4125      4266      3947      3796         1
      2741      3897      4046      3697      3554      3984      4125      3796      3643         1
      2742      3754      3897      3554      3405      3852      3984      3643      3496         1
      2743      3619      3754      3405      3262      3711      3852      3496      3362         1
      2744      7417      7596      7383      7177      7475      7647      7437      7237         1
      2745      7229      7417      7177      6945      7291      7475      7237      7007         1
      2746      6997      7229      6945      6683      7083      7291      7007      6765         1
      2747      6766      6997      6683      6432      6854      7083      6765      6508         1
      2748      6514      6766      6432      6173      6612      6854      6508      6256         1
      2749      6278      6514      6173      5916      6366      6612      6256      6002         1
      2750      6034      6278      5916      5665      6123      6366      6002      5758         1
      2751      5802      6034      5665      5403      5883      6123      5758      5497         1
      2752      5557      5802      5403      5151      5655      5883      5497      5244         1
      2753      5314      5557      5151      4967      5415      5655      5244      5037         1
      2754      5102      5314      4967      4800      5177      5415      5037      4873         1
      2755      4931      5102      4800      4645      5005      5177      4873      4712         1
      2756      4786      4931      4645      4489      4852      5005      4712      4567         1
      2757      4644      4786      4489      4343      4710      4852      4567      4421         1
      2758      4501      4644      4343      4196      4581      4710      4421      4266         1
      2759      4375      4501      4196      4046      4450      4581      4266      4125         1
      2760      4241      4375      4046      3897      4319      4450      4125      3984         1
      2761      4117      4241      3897      3754      4199      4319      3984      3852         1
      2762      3990      4117      3754      3619      4073      4199      3852      3711         1
      2763      7645      7779      7596      7417      7688      7817      7647      7475         1
      2764      7480      7645      7417      7229      7531      7688      7475      7291         1
      2765      7300      7480      7229      6997      7365      7531      7291      7083         1
      2766      7104      7300      6997      6766      7166      7365      7083      6854         1
      2767      6884      7104      6766      6514      6959      7166      6854      6612         1
      2768      6652      6884      6514      6278      6734      6959      6612      6366         1
      2769      6414      6652      6278      6034      6494      6734      6366      6123         1
      2770      6190      6414      6034      5802      6275      6494      6123      5883         1
      2771      5957      6190      5802      5557      6050      6275      5883      5655         1
      2772      5744      5957      5557      5314      5833      6050      5655      5415         1
      2773      5516      5744      5314      5102      5618      5833      5415      5177         1
      2774      5290      5516      5102      4931      5398      5618      5177      5005         1
      2775      5104      5290      4931      4786      5183      5398      5005      4852         1
      2776      4948      5104      4786      4644      5020      5183      4852      4710         1
      2777      4818      4948      4644      4501      4891      5020      4710      4581         1
      2778      4693      4818      4501      4375      4765      4891      4581      4450         1
      2779      4576      4693      4375      4241      4647      4765      4450      4319         1
      2780      4462      4576      4241      4117      4534      4647      4319      4199         1
      2781      4353      4462      4117      3990      4429      4534      4199      4073         1
      2782      6561      6847      6579      6290      6626      6906      6639      6350         1
      2783      6280      6561      6290      5988      6348      6626      6350      6056         1
      2784      5993      6280      5988      5709      6061      6348      6056      5774         1
      2785      5722      5993      5709      5402      5786      6061      5774      5468         1
      2786      5428      5722      5402      5110      5494      5786      5468      5169         1
      2787      5144      5428      5110      4900      5212      5494      5169      4949         1
      2788      4933      5144      4900      4705      4987      5212      4949      4758         1
      2789      4753      4933      4705      4512      4799      4987      4758      4572         1
      2790      4571      4753      4512      4326      4625      4799      4572      4384         1
      2791      4390      4571      4326      4129      4444      4625      4384      4189         1
      2792      4205      4390      4129      3932      4255      4444      4189      3991         1
      2793      4016      4205      3932      3735      4079      4255      3991      3799         1
      2794      3837      4016      3735      3539      3899      4079      3799      3600         1
      2795      3656      3837      3539      3355      3717      3899      3600      3416         1
      2796      3472      3656      3355      3173      3547      3717      3416      3228         1
      2797      3314      3472      3173      2990      3375      3547      3228      3066         1
      2798      3145      3314      2990      2821      3218      3375      3066      2884         1
      2799      2991      3145      2821      2646      3068      3218      2884      2720         1
      2800      2847      2991      2646      2488      2914      3068      2720      2561         1
      2801      6853      7106      6847      6561      6912      7148      6906      6626         1
      2802      6582      6853      6561      6280      6641      6912      6626      6348         1
      2803      6309      6582      6280      5993      6371      6641      6348      6061         1
      2804      6036      6309      5993      5722      6103      6371      6061      5786         1
      2805      5772      6036      5722      5428      5834      6103      5786      5494         1
      2806      5485      5772      5428      5144      5564      5834      5494      5212         1
      2807      5215      5485      5144      4933      5280      5564      5212      4987         1
      2808      5000      5215      4933      4753      5057      5280      4987      4799         1
      2809      4815      5000      4753      4571      4870      5057      4799      4625         1
      2810      4649      4815      4571      4390      4698      4870      4625      4444         1
      2811      4476      4649      4390      4205      4531      4698      4444      4255         1
      2812      4308      4476      4205      4016      4364      4531      4255      4079         1
      2813      4143      4308      4016      3837      4200      4364      4079      3899         1
      2814      3966      4143      3837      3656      4028      4200      3899      3717         1
      2815      3804      3966      3656      3472      3865      4028      3717      3547         1
      2816      3637      3804      3472      3314      3697      3865      3547      3375         1
      2817      3479      3637      3314      3145      3554      3697      3375      3218         1
      2818      3344      3479      3145      2991      3405      3554      3218      3068         1
      2819      3199      3344      2991      2847      3262      3405      3068      2914         1
      2820      7130      7349      7106      6853      7177      7383      7148      6912         1
      2821      6897      7130      6853      6582      6945      7177      6912      6641         1
      2822      6633      6897      6582      6309      6683      6945      6641      6371         1
      2823      6373      6633      6309      6036      6432      6683      6371      6103         1
      2824      6109      6373      6036      5772      6173      6432      6103      5834         1
      2825      5848      6109      5772      5485      5916      6173      5834      5564         1
      2826      5596      5848      5485      5215      5665      5916      5564      5280         1
      2827      5328      5596      5215      5000      5403      5665      5280      5057         1
      2828      5099      5328      5000      4815      5151      5403      5057      4870         1
      2829      4912      5099      4815      4649      4967      5151      4870      4698         1
      2830      4755      4912      4649      4476      4800      4967      4698      4531         1
      2831      4593      4755      4476      4308      4645      4800      4531      4364         1
      2832      4440      4593      4308      4143      4489      4645      4364      4200         1
      2833      4289      4440      4143      3966      4343      4489      4200      4028         1
      2834      4134      4289      3966      3804      4196      4343      4028      3865         1
      2835      3980      4134      3804      3637      4046      4196      3865      3697         1
      2836      3835      3980      3637      3479      3897      4046      3697      3554         1
      2837      3692      3835      3479      3344      3754      3897      3554      3405         1
      2838      3563      3692      3344      3199      3619      3754      3405      3262         1
      2839      7382      7567      7349      7130      7417      7596      7383      7177         1
      2840      7183      7382      7130      6897      7229      7417      7177      6945         1
      2841      6958      7183      6897      6633      6997      7229      6945      6683         1
      2842      6712      6958      6633      6373      6766      6997      6683      6432         1
      2843      6460      6712      6373      6109      6514      6766      6432      6173         1
      2844      6216      6460      6109      5848      6278      6514      6173      5916         1
      2845      5967      6216      5848      5596      6034      6278      5916      5665         1
      2846      5736      5967      5596      5328      5802      6034      5665      5403         1
      2847      5482      5736      5328      5099      5557      5802      5403      5151         1
      2848      5236      5482      5099      4912      5314      5557      5151      4967         1
      2849      5045      5236      4912      4755      5102      5314      4967      4800         1
      2850      4885      5045      4755      4593      4931      5102      4800      4645         1
      2851      4733      4885      4593      4440      4786      4931      4645      4489         1
      2852      4591      4733      4440      4289      4644      4786      4489      4343         1
      2853      4457      4591      4289      4134      4501      4644      4343      4196         1
      2854      4317      4457      4134      3980      4375      4501      4196      4046         1
      2855      4183      4317      3980      3835      4241      4375      4046      3897         1
      2856      4056      4183      3835      3692      4117      4241      3897      3754         1
      2857      3930      4056      3692      3563      3990      4117      3754      3619         1
      2858      7606      7752      7567      7382      7645      7779      7596      7417         1
      2859      7439      7606      7382      7183      7480      7645      7417      7229         1
      2860      7249      7439      7183      6958      7300      7480      7229      6997         1
      2861      7044      7249      6958      6712      7104      7300      6997      6766         1
      2862      6827      7044      6712      6460      6884      7104      6766      6514         1
      2863      6595      6827      6460      6216      6652      6884      6514      6278         1
      2864      6360      6595      6216      5967      6414      6652      6278      6034         1
      2865      6124      6360      5967      5736      6190      6414      6034      5802         1
      2866      5892      6124      5736      5482      5957      6190      5802      5557         1
      2867      5680      5892      5482      5236      5744      5957      5557      5314         1
      2868      5446      5680      5236      5045      5516      5744      5314      5102         1
      2869      5221      5446      5045      4885      5290      5516      5102      4931         1
      2870      5048      5221      4885      4733      5104      5290      4931      4786         1
      2871      4899      5048      4733      4591      4948      5104      4786      4644         1
      2872      4770      4899      4591      4457      4818      4948      4644      4501         1
      2873      4643      4770      4457      4317      4693      4818      4501      4375         1
      2874      4521      4643      4317      4183      4576      4693      4375      4241         1
      2875      4404      4521      4183      4056      4462      4576      4241      4117         1
      2876      4300      4404      4056      3930      4353      4462      4117      3990         1
      2877      6516      6808      6537      6243      6561      6847      6579      6290         1
      2878      6234      6516      6243      5949      6280      6561      6290      5988         1
      2879      5955      6234      5949      5666      5993      6280      5988      5709         1
      2880      5682      5955      5666      5352      5722      5993      5709      5402         1
      2881      5383      5682      5352      5080      5428      5722      5402      5110         1
      2882      5109      5383      5080      4878      5144      5428      5110      4900         1
      2883      4903      5109      4878      4678      4933      5144      4900      4705         1
      2884      4715      4903      4678      4483      4753      4933      4705      4512         1
      2885      4538      4715      4483      4298      4571      4753      4512      4326         1
      2886      4354      4538      4298      4095      4390      4571      4326      4129         1
      2887      4164      4354      4095      3893      4205      4390      4129      3932         1
      2888      3981      4164      3893      3693      4016      4205      3932      3735         1
      2889      3798      3981      3693      3498      3837      4016      3735      3539         1
      2890      3608      3798      3498      3315      3656      3837      3539      3355         1
      2891      3436      3608      3315      3123      3472      3656      3355      3173         1
      2892      3267      3436      3123      2943      3314      3472      3173      2990         1
      2893      3099      3267      2943      2758      3145      3314      2990      2821         1
      2894      2944      3099      2758      2592      2991      3145      2821      2646         1
      2895      2793      2944      2592      2437      2847      2991      2646      2488         1
      2896      6817      7072      6808      6516      6853      7106      6847      6561         1
      2897      6543      6817      6516      6234      6582      6853      6561      6280         1
      2898      6265      6543      6234      5955      6309      6582      6280      5993         1
      2899      5994      6265      5955      5682      6036      6309      5993      5722         1
      2900      5732      5994      5682      5383      5772      6036      5722      5428         1
      2901      5448      5732      5383      5109      5485      5772      5428      5144         1
      2902      5167      5448      5109      4903      5215      5485      5144      4933         1
      2903      4972      5167      4903      4715      5000      5215      4933      4753         1
      2904      4793      4972      4715      4538      4815      5000      4753      4571         1
      2905      4617      4793      4538      4354      4649      4815      4571      4390         1
      2906      4448      4617      4354      4164      4476      4649      4390      4205         1
      2907      4271      4448      4164      3981      4308      4476      4205      4016         1
      2908      4103      4271      3981      3798      4143      4308      4016      3837         1
      2909      3934      4103      3798      3608      3966      4143      3837      3656         1
      2910      3764      3934      3608      3436      3804      3966      3656      3472         1
      2911      3595      3764      3436      3267      3637      3804      3472      3314         1
      2912      3442      3595      3267      3099      3479      3637      3314      3145         1
      2913      3303      3442      3099      2944      3344      3479      3145      2991         1
      2914      3158      3303      2944      2793      3199      3344      2991      2847         1
      2915      7103      7319      7072      6817      7130      7349      7106      6853         1
      2916      6857      7103      6817      6543      6897      7130      6853      6582         1
      2917      6603      6857      6543      6265      6633      6897      6582      6309         1
      2918      6338      6603      6265      5994      6373      6633      6309      6036         1
      2919      6073      6338      5994      5732      6109      6373      6036      5772         1
      2920      5818      6073      5732      5448      5848      6109      5772      5485         1
      2921      5555      5818      5448      5167      5596      5848      5485      5215         1
      2922      5286      5555      5167      4972      5328      5596      5215      5000         1
      2923      5064      5286      4972      4793      5099      5328      5000      4815         1
      2924      4888      5064      4793      4617      4912      5099      4815      4649         1
      2925      4716      4888      4617      4448      4755      4912      4649      4476         1
      2926      4565      4716      4448      4271      4593      4755      4476      4308         1
      2927      4406      4565      4271      4103      4440      4593      4308      4143         1
      2928      4249      4406      4103      3934      4289      4440      4143      3966         1
      2929      4098      4249      3934      3764      4134      4289      3966      3804         1
      2930      3942      4098      3764      3595      3980      4134      3804      3637         1
      2931      3797      3942      3595      3442      3835      3980      3637      3479         1
      2932      3658      3797      3442      3303      3692      3835      3479      3344         1
      2933      3520      3658      3303      3158      3563      3692      3344      3199         1
      2934      7366      7544      7319      7103      7382      7567      7349      7130         1
      2935      7153      7366      7103      6857      7183      7382      7130      6897         1
      2936      6927      7153      6857      6603      6958      7183      6897      6633         1
      2937      6676      6927      6603      6338      6712      6958      6633      6373         1
      2938      6431      6676      6338      6073      6460      6712      6373      6109         1
      2939      6179      6431      6073      5818      6216      6460      6109      5848         1
      2940      5924      6179      5818      5555      5967      6216      5848      5596         1
      2941      5695      5924      5555      5286      5736      5967      5596      5328         1
      2942      5444      5695      5286      5064      5482      5736      5328      5099         1
      2943      5198      5444      5064      4888      5236      5482      5099      4912         1
      2944      5009      5198      4888      4716      5045      5236      4912      4755         1
      2945      4850      5009      4716      4565      4885      5045      4755      4593         1
      2946      4701      4850      4565      4406      4733      4885      4593      4440         1
      2947      4564      4701      4406      4249      4591      4733      4440      4289         1
      2948      4428      4564      4249      4098      4457      4591      4289      4134         1
      2949      4288      4428      4098      3942      4317      4457      4134      3980         1
      2950      4154      4288      3942      3797      4183      4317      3980      3835         1
      2951      4015      4154      3797      3658      4056      4183      3835      3692         1
      2952      3891      4015      3658      3520      3930      4056      3692      3563         1
      2953      7587      7736      7544      7366      7606      7752      7567      7382         1
      2954      7413      7587      7366      7153      7439      7606      7382      7183         1
      2955      7231      7413      7153      6927      7249      7439      7183      6958         1
      2956      7011      7231      6927      6676      7044      7249      6958      6712         1
      2957      6784      7011      6676      6431      6827      7044      6712      6460         1
      2958      6553      6784      6431      6179      6595      6827      6460      6216         1
      2959      6325      6553      6179      5924      6360      6595      6216      5967         1
      2960      6094      6325      5924      5695      6124      6360      5967      5736         1
      2961      5858      6094      5695      5444      5892      6124      5736      5482         1
      2962      5641      5858      5444      5198      5680      5892      5482      5236         1
      2963      5404      5641      5198      5009      5446      5680      5236      5045         1
      2964      5180      5404      5009      4850      5221      5446      5045      4885         1
      2965      5013      5180      4850      4701      5048      5221      4885      4733         1
      2966      4877      5013      4701      4564      4899      5048      4733      4591         1
      2967      4744      4877      4564      4428      4770      4899      4591      4457         1
      2968      4614      4744      4428      4288      4643      4770      4457      4317         1
      2969      4488      4614      4288      4154      4521      4643      4317      4183         1
      2970      4376      4488      4154      4015      4404      4521      4183      4056         1
      2971      4254      4376      4015      3891      4300      4404      4056      3930         1
      2972      6507      6793      6522      6230      6516      6808      6537      6243         1
      2973      6226      6507      6230      5935      6234      6516      6243      5949         1
      2974      5939      6226      5935      5654      5955      6234      5949      5666         1
      2975      5668      5939      5654      5338      5682      5955      5666      5352         1
      2976      5368      5668      5338      5069      5383      5682      5352      5080         1
      2977      5103      5368      5069      4863      5109      5383      5080      4878         1
      2978      4896      5103      4863      4666      4903      5109      4878      4678         1
      2979      4706      4896      4666      4474      4715      4903      4678      4483         1
      2980      4526      4706      4474      4281      4538      4715      4483      4298         1
      2981      4349      4526      4281      4082      4354      4538      4298      4095         1
      2982      4156      4349      4082      3879      4164      4354      4095      3893         1
      2983      3968      4156      3879      3683      3981      4164      3893      3693         1
      2984      3789      3968      3683      3480      3798      3981      3693      3498         1
      2985      3596      3789      3480      3302      3608      3798      3498      3315         1
      2986      3421      3596      3302      3107      3436      3608      3315      3123         1
      2987      3251      3421      3107      2928      3267      3436      3123      2943         1
      2988      3089      3251      2928      2744      3099      3267      2943      2758         1
      2989      2930      3089      2744      2578      2944      3099      2758      2592         1
      2990      2774      2930      2578      2419      2793      2944      2592      2437         1
      2991      6801      7060      6793      6507      6817      7072      6808      6516         1
      2992      6525      6801      6507      6226      6543      6817      6516      6234         1
      2993      6255      6525      6226      5939      6265      6543      6234      5955         1
      2994      5980      6255      5939      5668      5994      6265      5955      5682         1
      2995      5720      5980      5668      5368      5732      5994      5682      5383         1
      2996      5438      5720      5368      5103      5448      5732      5383      5109         1
      2997      5158      5438      5103      4896      5167      5448      5109      4903         1
      2998      4956      5158      4896      4706      4972      5167      4903      4715         1
      2999      4780      4956      4706      4526      4793      4972      4715      4538         1
      3000      4607      4780      4526      4349      4617      4793      4538      4354         1
      3001      4436      4607      4349      4156      4448      4617      4354      4164         1
      3002      4258      4436      4156      3968      4271      4448      4164      3981         1
      3003      4089      4258      3968      3789      4103      4271      3981      3798         1
      3004      3915      4089      3789      3596      3934      4103      3798      3608         1
      3005      3745      3915      3596      3421      3764      3934      3608      3436         1
      3006      3582      3745      3421      3251      3595      3764      3436      3267         1
      3007      3426      3582      3251      3089      3442      3595      3267      3099         1
      3008      3285      3426      3089      2930      3303      3442      3099      2944         1
      3009      3138      3285      2930      2774      3158      3303      2944      2793         1
      3010      7095      7312      7060      6801      7103      7319      7072      6817         1
      3011      6850      7095      6801      6525      6857      7103      6817      6543         1
      3012      6587      6850      6525      6255      6603      6857      6543      6265         1
      3013      6330      6587      6255      5980      6338      6603      6265      5994         1
      3014      6059      6330      5980      5720      6073      6338      5994      5732         1
      3015      5809      6059      5720      5438      5818      6073      5732      5448         1
      3016      5542      5809      5438      5158      5555      5818      5448      5167         1
      3017      5273      5542      5158      4956      5286      5555      5167      4972         1
      3018      5053      5273      4956      4780      5064      5286      4972      4793         1
      3019      4879      5053      4780      4607      4888      5064      4793      4617         1
      3020      4707      4879      4607      4436      4716      4888      4617      4448         1
      3021      4556      4707      4436      4258      4565      4716      4448      4271         1
      3022      4398      4556      4258      4089      4406      4565      4271      4103         1
      3023      4239      4398      4089      3915      4249      4406      4103      3934         1
      3024      4086      4239      3915      3745      4098      4249      3934      3764         1
      3025      3933      4086      3745      3582      3942      4098      3764      3595         1
      3026      3788      3933      3582      3426      3797      3942      3595      3442         1
      3027      3641      3788      3426      3285      3658      3797      3442      3303         1
      3028      3505      3641      3285      3138      3520      3658      3303      3158         1
      3029      7356      7536      7312      7095      7366      7544      7319      7103         1
      3030      7141      7356      7095      6850      7153      7366      7103      6857         1
      3031      6921      7141      6850      6587      6927      7153      6857      6603         1
      3032      6664      6921      6587      6330      6676      6927      6603      6338         1
      3033      6412      6664      6330      6059      6431      6676      6338      6073         1
      3034      6161      6412      6059      5809      6179      6431      6073      5818         1
      3035      5917      6161      5809      5542      5924      6179      5818      5555         1
      3036      5683      5917      5542      5273      5695      5924      5555      5286         1
      3037      5433      5683      5273      5053      5444      5695      5286      5064         1
      3038      5185      5433      5053      4879      5198      5444      5064      4888         1
      3039      5001      5185      4879      4707      5009      5198      4888      4716         1
      3040      4843      5001      4707      4556      4850      5009      4716      4565         1
      3041      4694      4843      4556      4398      4701      4850      4565      4406         1
      3042      4554      4694      4398      4239      4564      4701      4406      4249         1
      3043      4411      4554      4239      4086      4428      4564      4249      4098         1
      3044      4270      4411      4086      3933      4288      4428      4098      3942         1
      3045      4142      4270      3933      3788      4154      4288      3942      3797         1
      3046      4006      4142      3788      3641      4015      4154      3797      3658         1
      3047      3878      4006      3641      3505      3891      4015      3658      3520         1
      3048      7583      7731      7536      7356      7587      7736      7544      7366         1
      3049      7411      7583      7356      7141      7413      7587      7366      7153         1
      3050      7221      7411      7141      6921      7231      7413      7153      6927         1
      3051      6998      7221      6921      6664      7011      7231      6927      6676         1
      3052      6774      6998      6664      6412      6784      7011      6676      6431         1
      3053      6541      6774      6412      6161      6553      6784      6431      6179         1
      3054      6308      6541      6161      5917      6325      6553      6179      5924         1
      3055      6074      6308      5917      5683      6094      6325      5924      5695         1
      3056      5843      6074      5683      5433      5858      6094      5695      5444         1
      3057      5625      5843      5433      5185      5641      5858      5444      5198         1
      3058      5392      5625      5185      5001      5404      5641      5198      5009         1
      3059      5163      5392      5001      4843      5180      5404      5009      4850         1
      3060      5003      5163      4843      4694      5013      5180      4850      4701         1
      3061      4862      5003      4694      4554      4877      5013      4701      4564         1
      3062      4723      4862      4554      4411      4744      4877      4564      4428         1
      3063      4604      4723      4411      4270      4614      4744      4428      4288         1
      3064      4479      4604      4270      4142      4488      4614      4288      4154         1
      3065      4363      4479      4142      4006      4376      4488      4154      4015         1
      3066      4247      4363      4006      3878      4254      4376      4015      3891         1
      3067      7175      7362      7154      6948      7248      7425      7235      7034         1
      3068      6973      7175      6948      6720      7064      7248      7034      6822         1
      3069      7386      7552      7362      7175      7460      7604      7425      7248         1
      3070      7210      7386      7175      6973      7295      7460      7248      7064         1
      3071      7586      7716      7552      7386      7649      7765      7604      7460         1
      3072      7437      7586      7386      7210      7505      7649      7460      7295         1
      3073      7762      7876      7716      7586      7808      7921      7765      7649         1
      3074      7647      7762      7586      7437      7703      7808      7649      7505         1
      3075      7923      8021      7876      7762      7969      8050      7921      7808         1
      3076      7817      7923      7762      7647      7867      7969      7808      7703         1
      3077      7112      7299      7094      6871      7175      7362      7154      6948         1
      3078      6906      7112      6871      6639      6973      7175      6948      6720         1
      3079      7334      7489      7299      7112      7386      7552      7362      7175         1
      3080      7148      7334      7112      6906      7210      7386      7175      6973         1
      3081      7538      7684      7489      7334      7586      7716      7552      7386         1
      3082      7383      7538      7334      7148      7437      7586      7386      7210         1
      3083      7722      7838      7684      7538      7762      7876      7716      7586         1
      3084      7596      7722      7538      7383      7647      7762      7586      7437         1
      3085      7888      7995      7838      7722      7923      8021      7876      7762         1
      3086      7779      7888      7722      7596      7817      7923      7762      7647         1
      3087      7053      7247      7031      6814      7112      7299      7094      6871         1
      3088      6847      7053      6814      6579      6906      7112      6871      6639         1
      3089      7292      7459      7247      7053      7334      7489      7299      7112         1
      3090      7106      7292      7053      6847      7148      7334      7112      6906         1
      3091      7495      7648      7459      7292      7538      7684      7489      7334         1
      3092      7349      7495      7292      7106      7383      7538      7334      7148         1
      3093      7701      7807      7648      7495      7722      7838      7684      7538         1
      3094      7567      7701      7495      7349      7596      7722      7538      7383         1
      3095      7860      7966      7807      7701      7888      7995      7838      7722         1
      3096      7752      7860      7701      7567      7779      7888      7722      7596         1
      3097      7020      7230      6996      6773      7053      7247      7031      6814         1
      3098      6808      7020      6773      6537      6847      7053      6814      6579         1
      3099      7260      7433      7230      7020      7292      7459      7247      7053         1
      3100      7072      7260      7020      6808      7106      7292      7053      6847         1
      3101      7481      7626      7433      7260      7495      7648      7459      7292         1
      3102      7319      7481      7260      7072      7349      7495      7292      7106         1
      3103      7683      7792      7626      7481      7701      7807      7648      7495         1
      3104      7544      7683      7481      7319      7567      7701      7495      7349         1
      3105      7848      7955      7792      7683      7860      7966      7807      7701         1
      3106      7736      7848      7683      7544      7752      7860      7701      7567         1
      3107      7009      7218      6988      6764      7020      7230      6996      6773         1
      3108      6793      7009      6764      6522      6808      7020      6773      6537         1
      3109      7245      7424      7218      7009      7260      7433      7230      7020         1
      3110      7060      7245      7009      6793      7072      7260      7020      6808         1
      3111      7471      7619      7424      7245      7481      7626      7433      7260         1
      3112      7312      7471      7245      7060      7319      7481      7260      7072         1
      3113      7674      7788      7619      7471      7683      7792      7626      7481         1
      3114      7536      7674      7471      7312      7544      7683      7481      7319         1
      3115      7845      7946      7788      7674      7848      7955      7792      7683         1
      3116      7731      7845      7674      7536      7736      7848      7683      7544         1
      3117      2733      2740      2394      2378      2869      2881      2536      2521         1
      3118      3098      3110      2740      2733      3223      3233      2881      2869         1
      3119      3466      3478      3110      3098      3586      3597      3233      3223         1
      3120      3850      3858      3478      3466      3954      3967      3597      3586         1
      3121      4215      4227      3858      3850      4318      4330      3967      3954         1
      3122      2627      2643      2284      2261      2733      2740      2394      2378         1
      3123      3001      3011      2643      2627      3098      3110      2740      2733         1
      3124      3376      3384      3011      3001      3466      3478      3110      3098         1
      3125      3752      3768      3384      3376      3850      3858      3478      3466         1
      3126      4141      4152      3768      3752      4215      4227      3858      3850         1
      3127      2552      2562      2195      2179      2627      2643      2284      2261         1
      3128      2929      2939      2562      2552      3001      3011      2643      2627         1
      3129      3316      3328      2939      2929      3376      3384      3011      3001         1
      3130      3691      3696      3328      3316      3752      3768      3384      3376         1
      3131      4077      4088      3696      3691      4141      4152      3768      3752         1
      3132      2502      2510      2154      2140      2552      2562      2195      2179         1
      3133      2882      2898      2510      2502      2929      2939      2562      2552         1
      3134      3268      3281      2898      2882      3316      3328      2939      2929         1
      3135      3657      3667      3281      3268      3691      3696      3328      3316         1
      3136      4047      4054      3667      3657      4077      4088      3696      3691         1
      3137      2490      2499      2134      2113      2502      2510      2154      2140         1
      3138      2864      2879      2499      2490      2882      2898      2510      2502         1
      3139      3252      3265      2879      2864      3268      3281      2898      2882         1
      3140      3638      3653      3265      3252      3657      3667      3281      3268         1
      3141      4029      4045      3653      3638      4047      4054      3667      3657         1
      3142      2740      2833      2479      2394      2881      2961      2611      2536         1
      3143      3110      3192      2833      2740      3233      3318      2961      2881         1
      3144      3478      3553      3192      3110      3597      3672      3318      3233         1
      3145      3858      3919      3553      3478      3967      4030      3672      3597         1
      3146      4227      4292      3919      3858      4330      4389      4030      3967         1
      3147      2643      2718      2363      2284      2740      2833      2479      2394         1
      3148      3011      3087      2718      2643      3110      3192      2833      2740         1
      3149      3384      3451      3087      3011      3478      3553      3192      3110         1
      3150      3768      3834      3451      3384      3858      3919      3553      3478         1
      3151      4152      4206      3834      3768      4227      4292      3919      3858         1
      3152      2562      2645      2289      2195      2643      2718      2363      2284         1
      3153      2939      3014      2645      2562      3011      3087      2718      2643         1
      3154      3328      3387      3014      2939      3384      3451      3087      3011         1
      3155      3696      3771      3387      3328      3768      3834      3451      3384         1
      3156      4088      4153      3771      3696      4152      4206      3834      3768         1
      3157      2510      2591      2230      2154      2562      2645      2289      2195         1
      3158      2898      2977      2591      2510      2939      3014      2645      2562         1
      3159      3281      3354      2977      2898      3328      3387      3014      2939         1
      3160      3667      3731      3354      3281      3696      3771      3387      3328         1
      3161      4054      4114      3731      3667      4088      4153      3771      3696         1
      3162      2499      2577      2218      2134      2510      2591      2230      2154         1
      3163      2879      2959      2577      2499      2898      2977      2591      2510         1
      3164      3265      3343      2959      2879      3281      3354      2977      2898         1
      3165      3653      3716      3343      3265      3667      3731      3354      3281         1
      3166      4045      4102      3716      3653      4054      4114      3731      3667         1
      3167      2833      2923      2568      2479      2961      3061      2715      2611         1
      3168      3192      3275      2923      2833      3318      3394      3061      2961         1
      3169      3553      3629      3275      3192      3672      3744      3394      3318         1
      3170      3919      3997      3629      3553      4030      4105      3744      3672         1
      3171      4292      4356      3997      3919      4389      4456      4105      4030         1
      3172      2718      2824      2469      2363      2833      2923      2568      2479         1
      3173      3087      3184      2824      2718      3192      3275      2923      2833         1
      3174      3451      3543      3184      3087      3553      3629      3275      3192         1
      3175      3834      3906      3543      3451      3919      3997      3629      3553         1
      3176      4206      4279      3906      3834      4292      4356      3997      3919         1
      3177      2645      2737      2381      2289      2718      2824      2469      2363         1
      3178      3014      3104      2737      2645      3087      3184      2824      2718         1
      3179      3387      3468      3104      3014      3451      3543      3184      3087         1
      3180      3771      3853      3468      3387      3834      3906      3543      3451         1
      3181      4153      4218      3853      3771      4206      4279      3906      3834         1
      3182      2591      2699      2337      2230      2645      2737      2381      2289         1
      3183      2977      3075      2699      2591      3014      3104      2737      2645         1
      3184      3354      3433      3075      2977      3387      3468      3104      3014         1
      3185      3731      3812      3433      3354      3771      3853      3468      3387         1
      3186      4114      4188      3812      3731      4153      4218      3853      3771         1
      3187      2577      2683      2321      2218      2591      2699      2337      2230         1
      3188      2959      3058      2683      2577      2977      3075      2699      2591         1
      3189      3343      3419      3058      2959      3354      3433      3075      2977         1
      3190      3716      3801      3419      3343      3731      3812      3433      3354         1
      3191      4102      4171      3801      3716      4114      4188      3812      3731         1
      3192      2923      3010      2678      2568      3061      3142      2816      2715         1
      3193      3275      3362      3010      2923      3394      3476      3142      3061         1
      3194      3629      3711      3362      3275      3744      3830      3476      3394         1
      3195      3997      4073      3711      3629      4105      4180      3830      3744         1
      3196      4356      4429      4073      3997      4456      4518      4180      4105         1
      3197      2824      2914      2561      2469      2923      3010      2678      2568         1
      3198      3184      3262      2914      2824      3275      3362      3010      2923         1
      3199      3543      3619      3262      3184      3629      3711      3362      3275         1
      3200      3906      3990      3619      3543      3997      4073      3711      3629         1
      3201      4279      4353      3990      3906      4356      4429      4073      3997         1
      3202      2737      2847      2488      2381      2824      2914      2561      2469         1
      3203      3104      3199      2847      2737      3184      3262      2914      2824         1
      3204      3468      3563      3199      3104      3543      3619      3262      3184         1
      3205      3853      3930      3563      3468      3906      3990      3619      3543         1
      3206      4218      4300      3930      3853      4279      4353      3990      3906         1
      3207      2699      2793      2437      2337      2737      2847      2488      2381         1
      3208      3075      3158      2793      2699      3104      3199      2847      2737         1
      3209      3433      3520      3158      3075      3468      3563      3199      3104         1
      3210      3812      3891      3520      3433      3853      3930      3563      3468         1
      3211      4188      4254      3891      3812      4218      4300      3930      3853         1
      3212      2683      2774      2419      2321      2699      2793      2437      2337         1
      3213      3058      3138      2774      2683      3075      3158      2793      2699         1
      3214      3419      3505      3138      3058      3433      3520      3158      3075         1
      3215      3801      3878      3505      3419      3812      3891      3520      3433         1
      3216      4171      4247      3878      3801      4188      4254      3891      3812         1
      3217      7605      7612      7448      7442      7671      7676      7517      7509         1
      3218      7757      7760      7612      7605      7802      7805      7676      7671         1
      3219      7899      7904      7760      7757      7940      7945      7805      7802         1
      3220      8034      8035      7904      7899      8065      8071      7945      7940         1
      3221      8141      8143      8035      8034      8172      8174      8071      8065         1
      3222      7564      7570      7398      7388      7605      7612      7448      7442         1
      3223      7717      7721      7570      7564      7757      7760      7612      7605         1
      3224      7861      7869      7721      7717      7899      7904      7760      7757         1
      3225      8001      8006      7869      7861      8034      8035      7904      7899         1
      3226      8124      8129      8006      8001      8141      8143      8035      8034         1
      3227      7526      7530      7361      7354      7564      7570      7398      7388         1
      3228      7693      7700      7530      7526      7717      7721      7570      7564         1
      3229      7839      7842      7700      7693      7861      7869      7721      7717         1
      3230      7985      7989      7842      7839      8001      8006      7869      7861         1
      3231      8105      8112      7989      7985      8124      8129      8006      8001         1
      3232      7497      7507      7333      7325      7526      7530      7361      7354         1
      3233      7677      7682      7507      7497      7693      7700      7530      7526         1
      3234      7820      7827      7682      7677      7839      7842      7700      7693         1
      3235      7967      7974      7827      7820      7985      7989      7842      7839         1
      3236      8094      8097      7974      7967      8105      8112      7989      7985         1
      3237      7490      7493      7323      7315      7497      7507      7333      7325         1
      3238      7670      7672      7493      7490      7677      7682      7507      7497         1
      3239      7813      7819      7672      7670      7820      7827      7682      7677         1
      3240      7960      7964      7819      7813      7967      7974      7827      7820         1
      3241      8091      8093      7964      7960      8094      8097      7974      7967         1
      3242      7588      7605      7442      7422      7654      7671      7509      7487         1
      3243      7744      7757      7605      7588      7790      7802      7671      7654         1
      3244      7884      7899      7757      7744      7930      7940      7802      7790         1
      3245      8023      8034      7899      7884      8053      8065      7940      7930         1
      3246      8136      8141      8034      8023      8162      8172      8065      8053         1
      3247      7546      7564      7388      7371      7588      7605      7442      7422         1
      3248      7710      7717      7564      7546      7744      7757      7605      7588         1
      3249      7850      7861      7717      7710      7884      7899      7757      7744         1
      3250      7996      8001      7861      7850      8023      8034      7899      7884         1
      3251      8116      8124      8001      7996      8136      8141      8034      8023         1
      3252      7503      7526      7354      7330      7546      7564      7388      7371         1
      3253      7680      7693      7526      7503      7710      7717      7564      7546         1
      3254      7824      7839      7693      7680      7850      7861      7717      7710         1
      3255      7971      7985      7839      7824      7996      8001      7861      7850         1
      3256      8096      8105      7985      7971      8116      8124      8001      7996         1
      3257      7483      7497      7325      7307      7503      7526      7354      7330         1
      3258      7663      7677      7497      7483      7680      7693      7526      7503         1
      3259      7803      7820      7677      7663      7824      7839      7693      7680         1
      3260      7957      7967      7820      7803      7971      7985      7839      7824         1
      3261      8086      8094      7967      7957      8096      8105      7985      7971         1
      3262      7477      7490      7315      7294      7483      7497      7325      7307         1
      3263      7653      7670      7490      7477      7663      7677      7497      7483         1
      3264      7800      7813      7670      7653      7803      7820      7677      7663         1
      3265      7951      7960      7813      7800      7957      7967      7820      7803         1
      3266      8082      8091      7960      7951      8086      8094      7967      7957         1
      3267      7565      7588      7422      7391      7621      7654      7487      7463         1
      3268      7719      7744      7588      7565      7766      7790      7654      7621         1
      3269      7864      7884      7744      7719      7915      7930      7790      7766         1
      3270      8002      8023      7884      7864      8039      8053      7930      7915         1
      3271      8125      8136      8023      8002      8149      8162      8053      8039         1
      3272      7512      7546      7371      7338      7565      7588      7422      7391         1
      3273      7685      7710      7546      7512      7719      7744      7588      7565         1
      3274      7831      7850      7710      7685      7864      7884      7744      7719         1
      3275      7976      7996      7850      7831      8002      8023      7884      7864         1
      3276      8098      8116      7996      7976      8125      8136      8023      8002         1
      3277      7476      7503      7330      7293      7512      7546      7371      7338         1
      3278      7652      7680      7503      7476      7685      7710      7546      7512         1
      3279      7799      7824      7680      7652      7831      7850      7710      7685         1
      3280      7949      7971      7824      7799      7976      7996      7850      7831         1
      3281      8080      8096      7971      7949      8098      8116      7996      7976         1
      3282      7453      7483      7307      7267      7476      7503      7330      7293         1
      3283      7630      7663      7483      7453      7652      7680      7503      7476         1
      3284      7786      7803      7663      7630      7799      7824      7680      7652         1
      3285      7935      7957      7803      7786      7949      7971      7824      7799         1
      3286      8066      8086      7957      7935      8080      8096      7971      7949         1
      3287      7443      7477      7294      7251      7453      7483      7307      7267         1
      3288      7620      7653      7477      7443      7630      7663      7483      7453         1
      3289      7778      7800      7653      7620      7786      7803      7663      7630         1
      3290      7928      7951      7800      7778      7935      7957      7803      7786         1
      3291      8060      8082      7951      7928      8066      8086      7957      7935         1
      3292      7501      7565      7391      7327      7573      7621      7463      7401         1
      3293      7678      7719      7565      7501      7726      7766      7621      7573         1
      3294      7823      7864      7719      7678      7871      7915      7766      7726         1
      3295      7970      8002      7864      7823      8007      8039      7915      7871         1
      3296      8095      8125      8002      7970      8130      8149      8039      8007         1
      3297      7449      7512      7338      7263      7501      7565      7391      7327         1
      3298      7627      7685      7512      7449      7678      7719      7565      7501         1
      3299      7785      7831      7685      7627      7823      7864      7719      7678         1
      3300      7933      7976      7831      7785      7970      8002      7864      7823         1
      3301      8064      8098      7976      7933      8095      8125      8002      7970         1
      3302      7412      7476      7293      7222      7449      7512      7338      7263         1
      3303      7594      7652      7476      7412      7627      7685      7512      7449         1
      3304      7756      7799      7652      7594      7785      7831      7685      7627         1
      3305      7911      7949      7799      7756      7933      7976      7831      7785         1
      3306      8048      8080      7949      7911      8064      8098      7976      7933         1
      3307      7387      7453      7267      7196      7412      7476      7293      7222         1
      3308      7579      7630      7453      7387      7594      7652      7476      7412         1
      3309      7741      7786      7630      7579      7756      7799      7652      7594         1
      3310      7895      7935      7786      7741      7911      7949      7799      7756         1
      3311      8036      8066      7935      7895      8048      8080      7949      7911         1
      3312      7378      7443      7251      7186      7387      7453      7267      7196         1
      3313      7572      7620      7443      7378      7579      7630      7453      7387         1
      3314      7734      7778      7620      7572      7741      7786      7630      7579         1
      3315      7889      7928      7778      7734      7895      7935      7786      7741         1
      3316      8033      8060      7928      7889      8036      8066      7935      7895         1
      3317      7362      7458      7272      7154      7425      7525      7352      7235         1
      3318      7552      7636      7458      7362      7604      7692      7525      7425         1
      3319      7716      7787      7636      7552      7765      7837      7692      7604         1
      3320      7876      7936      7787      7716      7921      7983      7837      7765         1
      3321      8021      8070      7936      7876      8050      8103      7983      7921         1
      3322      7299      7406      7208      7094      7362      7458      7272      7154         1
      3323      7489      7585      7406      7299      7552      7636      7458      7362         1
      3324      7684      7751      7585      7489      7716      7787      7636      7552         1
      3325      7838      7903      7751      7684      7876      7936      7787      7716         1
      3326      7995      8041      7903      7838      8021      8070      7936      7876         1
      3327      7247      7369      7162      7031      7299      7406      7208      7094         1
      3328      7459      7556      7369      7247      7489      7585      7406      7299         1
      3329      7648      7720      7556      7459      7684      7751      7585      7489         1
      3330      7807      7877      7720      7648      7838      7903      7751      7684         1
      3331      7966      8025      7877      7807      7995      8041      7903      7838         1
      3332      7230      7341      7135      6996      7247      7369      7162      7031         1
      3333      7433      7529      7341      7230      7459      7556      7369      7247         1
      3334      7626      7712      7529      7433      7648      7720      7556      7459         1
      3335      7792      7858      7712      7626      7807      7877      7720      7648         1
      3336      7955      8012      7858      7792      7966      8025      7877      7807         1
      3337      7218      7332      7122      6988      7230      7341      7135      6996         1
      3338      7424      7522      7332      7218      7433      7529      7341      7230         1
      3339      7619      7706      7522      7424      7626      7712      7529      7433         1
      3340      7788      7853      7706      7619      7792      7858      7712      7626         1
      3341      7946      8004      7853      7788      7955      8012      7858      7792         1
      3342      7458      7501      7327      7272      7525      7573      7401      7352         1
      3343      7636      7678      7501      7458      7692      7726      7573      7525         1
      3344      7787      7823      7678      7636      7837      7871      7726      7692         1
      3345      7936      7970      7823      7787      7983      8007      7871      7837         1
      3346      8070      8095      7970      7936      8103      8130      8007      7983         1
      3347      7406      7449      7263      7208      7458      7501      7327      7272         1
      3348      7585      7627      7449      7406      7636      7678      7501      7458         1
      3349      7751      7785      7627      7585      7787      7823      7678      7636         1
      3350      7903      7933      7785      7751      7936      7970      7823      7787         1
      3351      8041      8064      7933      7903      8070      8095      7970      7936         1
      3352      7369      7412      7222      7162      7406      7449      7263      7208         1
      3353      7556      7594      7412      7369      7585      7627      7449      7406         1
      3354      7720      7756      7594      7556      7751      7785      7627      7585         1
      3355      7877      7911      7756      7720      7903      7933      7785      7751         1
      3356      8025      8048      7911      7877      8041      8064      7933      7903         1
      3357      7341      7387      7196      7135      7369      7412      7222      7162         1
      3358      7529      7579      7387      7341      7556      7594      7412      7369         1
      3359      7712      7741      7579      7529      7720      7756      7594      7556         1
      3360      7858      7895      7741      7712      7877      7911      7756      7720         1
      3361      8012      8036      7895      7858      8025      8048      7911      7877         1
      3362      7332      7378      7186      7122      7341      7387      7196      7135         1
      3363      7522      7572      7378      7332      7529      7579      7387      7341         1
      3364      7706      7734      7572      7522      7712      7741      7579      7529         1
      3365      7853      7889      7734      7706      7858      7895      7741      7712         1
      3366      8004      8033      7889      7853      8012      8036      7895      7858         1
      3367       597       555       673       719       607       562       683       727         1
      3368       505       465       555       597       511       474       562       607         1
      3369       441       401       465       505       446       409       474       511         1
      3370       403       364       401       441       410       370       409       446         1
      3371       385       347       364       403       390       356       370       410         1
      3372      5938      5798      5905      6060      5945      5806      5911      6065         1
      3373      5852      5703      5798      5938      5860      5714      5806      5945         1
      3374      5797      5639      5703      5852      5804      5648      5714      5860         1
      3375      5756      5594      5639      5797      5762      5605      5648      5804         1
      3376      5742      5578      5594      5756      5748      5589      5605      5762         1
      3377       925       803       934      1063       936       807       942      1076         1
      3378      1073       925      1063      1218      1086       936      1076      1231         1
      3379      1238      1073      1218      1386      1247      1086      1231      1393         1
      3380      1414      1238      1386      1580      1427      1247      1393      1587         1
      3381      1613      1414      1580      1772      1634      1427      1587      1782         1
      3382      1835      1613      1772      1992      1844      1634      1782      2002         1
      3383      2058      1835      1992      2212      2072      1844      2002      2224         1
      3384      2301      2058      2212      2436      2312      2072      2224      2450         1
      3385      2524      2301      2436      2671      2538      2312      2450      2680         1
      3386      2756      2524      2671      2899      2773      2538      2680      2913         1
      3387      3003      2756      2899      3136      3013      2773      2913      3144         1
      3388      3240      3003      3136      3373      3253      3013      3144      3378         1
      3389      3486      3240      3373      3604      3495      3253      3378      3611         1
      3390      3732      3486      3604      3851      3739      3495      3611      3857         1
      3391      3971      3732      3851      4087      3982      3739      3857      4091         1
      3392      4210      3971      4087      4315      4219      3982      4091      4322         1
      3393      4446      4210      4315      4540      4454      4219      4322      4547         1
      3394      4667      4446      4540      4759      4673      4454      4547      4766         1
      3395      4892      4667      4759      4980      4897      4673      4766      4989         1
      3396       822       705       803       925       837       713       807       936         1
      3397       961       822       925      1073       974       837       936      1086         1
      3398      1116       961      1073      1238      1123       974      1086      1247         1
      3399      1300      1116      1238      1414      1312      1123      1247      1427         1
      3400      1496      1300      1414      1613      1504      1312      1427      1634         1
      3401      1709      1496      1613      1835      1725      1504      1634      1844         1
      3402      1950      1709      1835      2058      1954      1725      1844      2072         1
      3403      2172      1950      2058      2301      2184      1954      2072      2312         1
      3404      2414      2172      2301      2524      2425      2184      2312      2538         1
      3405      2660      2414      2524      2756      2675      2425      2538      2773         1
      3406      2900      2660      2756      3003      2919      2675      2773      3013         1
      3407      3152      2900      3003      3240      3166      2919      3013      3253         1
      3408      3391      3152      3240      3486      3402      3166      3253      3495         1
      3409      3639      3391      3486      3732      3652      3402      3495      3739         1
      3410      3885      3639      3732      3971      3896      3652      3739      3982         1
      3411      4135      3885      3971      4210      4145      3896      3982      4219         1
      3412      4371      4135      4210      4446      4381      4145      4219      4454         1
      3413      4596      4371      4446      4667      4605      4381      4454      4673         1
      3414      4820      4596      4667      4892      4828      4605      4673      4897         1
      3415       755       644       705       822       767       652       713       837         1
      3416       885       755       822       961       895       767       837       974         1
      3417      1043       885       961      1116      1048       895       974      1123         1
      3418      1215      1043      1116      1300      1228      1048      1123      1312         1
      3419      1402      1215      1300      1496      1420      1228      1312      1504         1
      3420      1626      1402      1496      1709      1642      1420      1504      1725         1
      3421      1853      1626      1709      1950      1862      1642      1725      1954         1
      3422      2097      1853      1950      2172      2105      1862      1954      2184         1
      3423      2340      2097      2172      2414      2350      2105      2184      2425         1
      3424      2575      2340      2414      2660      2586      2350      2425      2675         1
      3425      2840      2575      2660      2900      2850      2586      2675      2919         1
      3426      3083      2840      2900      3152      3088      2850      2919      3166         1
      3427      3337      3083      3152      3391      3342      3088      3166      3402         1
      3428      3574      3337      3391      3639      3578      3342      3402      3652         1
      3429      3824      3574      3639      3885      3833      3578      3652      3896         1
      3430      4069      3824      3885      4135      4081      3833      3896      4145         1
      3431      4312      4069      4135      4371      4321      4081      4145      4381         1
      3432      4545      4312      4371      4596      4555      4321      4381      4605         1
      3433      4774      4545      4596      4820      4781      4555      4605      4828         1
      3434       711       600       644       755       722       611       652       767         1
      3435       845       711       755       885       857       722       767       895         1
      3436       992       845       885      1043      1003       857       895      1048         1
      3437      1163       992      1043      1215      1174      1003      1048      1228         1
      3438      1354      1163      1215      1402      1369      1174      1228      1420         1
      3439      1578      1354      1402      1626      1586      1369      1420      1642         1
      3440      1800      1578      1626      1853      1812      1586      1642      1862         1
      3441      2040      1800      1853      2097      2050      1812      1862      2105         1
      3442      2295      2040      2097      2340      2307      2050      2105      2350         1
      3443      2534      2295      2340      2575      2546      2307      2350      2586         1
      3444      2783      2534      2575      2840      2798      2546      2586      2850         1
      3445      3043      2783      2840      3083      3051      2798      2850      3088         1
      3446      3290      3043      3083      3337      3299      3051      3088      3342         1
      3447      3535      3290      3337      3574      3546      3299      3342      3578         1
      3448      3791      3535      3574      3824      3795      3546      3578      3833         1
      3449      4041      3791      3824      4069      4048      3795      3833      4081         1
      3450      4283      4041      4069      4312      4296      4048      4081      4321         1
      3451      4509      4283      4312      4545      4520      4296      4321      4555         1
      3452      4745      4509      4545      4774      4751      4520      4555      4781         1
      3453       698       583       600       711       707       592       611       722         1
      3454       830       698       711       845       841       707       722       857         1
      3455       979       830       845       992       987       841       857      1003         1
      3456      1148       979       992      1163      1159       987      1003      1174         1
      3457      1335      1148      1163      1354      1349      1159      1174      1369         1
      3458      1554      1335      1354      1578      1569      1349      1369      1586         1
      3459      1777      1554      1578      1800      1792      1569      1586      1812         1
      3460      2026      1777      1800      2040      2035      1792      1812      2050         1
      3461      2270      2026      2040      2295      2287      2035      2050      2307         1
      3462      2512      2270      2295      2534      2527      2287      2307      2546         1
      3463      2761      2512      2534      2783      2778      2527      2546      2798         1
      3464      3022      2761      2783      3043      3036      2778      2798      3051         1
      3465      3269      3022      3043      3290      3282      3036      3051      3299         1
      3466      3524      3269      3290      3535      3529      3282      3299      3546         1
      3467      3777      3524      3535      3791      3786      3529      3546      3795         1
      3468      4019      3777      3791      4041      4032      3786      3795      4048         1
      3469      4262      4019      4041      4283      4276      4032      4048      4296         1
      3470      4495      4262      4283      4509      4502      4276      4296      4520         1
      3471      4726      4495      4509      4745      4742      4502      4520      4751         1
      3472      5088      4892      4980      5193      5100      4897      4989      5208         1
      3473      5341      5088      5193      5469      5349      5100      5208      5481         1
      3474      5010      4820      4892      5088      5017      4828      4897      5100         1
      3475      5242      5010      5088      5341      5255      5017      5100      5349         1
      3476      4962      4774      4820      5010      4973      4781      4828      5017         1
      3477      5172      4962      5010      5242      5182      4973      5017      5255         1
      3478      4928      4745      4774      4962      4935      4751      4781      4973         1
      3479      5138      4928      4962      5172      5148      4935      4973      5182         1
      3480      4917      4726      4745      4928      4926      4742      4751      4935         1
      3481      5123      4917      4928      5138      5134      4926      4935      5148         1
      3482       609       597       719       728       618       607       727       739         1
      3483       513       505       597       609       526       511       607       618         1
      3484       448       441       505       513       457       446       511       526         1
      3485       412       403       441       448       417       410       446       457         1
      3486       394       385       403       412       404       390       410       417         1
      3487       660       609       728       779       668       618       739       790         1
      3488       564       513       609       660       574       526       618       668         1
      3489       498       448       513       564       509       457       526       574         1
      3490       460       412       448       498       470       417       457       509         1
      3491       449       394       412       460       459       404       417       470         1
      3492       731       660       779       859       743       668       790       867         1
      3493       635       564       660       731       649       574       668       743         1
      3494       567       498       564       635       575       509       574       649         1
      3495       531       460       498       567       537       470       509       575         1
      3496       515       449       460       531       529       459       470       537         1
      3497       803       731       859       934       807       743       867       942         1
      3498       705       635       731       803       713       649       743       807         1
      3499       644       567       635       705       652       575       649       713         1
      3500       600       531       567       644       611       537       575       652         1
      3501       583       515       531       600       592       529       537       611         1
      3502      5798      5784      5893      5905      5806      5795      5902      5911         1
      3503      5703      5690      5784      5798      5714      5699      5795      5806         1
      3504      5639      5629      5690      5703      5648      5635      5699      5714         1
      3505      5594      5586      5629      5639      5605      5592      5635      5648         1
      3506      5578      5568      5586      5594      5589      5575      5592      5605         1
      3507      5784      5752      5867      5893      5795      5760      5873      5902         1
      3508      5690      5658      5752      5784      5699      5669      5760      5795         1
      3509      5629      5590      5658      5690      5635      5602      5669      5699         1
      3510      5586      5550      5590      5629      5592      5558      5602      5635         1
      3511      5568      5531      5550      5586      5575      5545      5558      5592         1
      3512      5752      5705      5822      5867      5760      5718      5827      5873         1
      3513      5658      5611      5705      5752      5669      5616      5718      5760         1
      3514      5590      5540      5611      5658      5602      5549      5616      5669         1
      3515      5550      5488      5540      5590      5558      5500      5549      5602         1
      3516      5531      5475      5488      5550      5545      5483      5500      5558         1
      3517      5705      5600      5723      5822      5718      5609      5731      5827         1
      3518      5611      5495      5600      5705      5616      5511      5609      5718         1
      3519      5540      5431      5495      5611      5549      5439      5511      5616         1
      3520      5488      5384      5431      5540      5500      5396      5439      5549         1
      3521      5475      5369      5384      5488      5483      5378      5396      5500         1
      3522      5514      5341      5469      5646      5526      5349      5481      5653         1
      3523      5416      5242      5341      5514      5426      5255      5349      5526         1
      3524      5339      5172      5242      5416      5348      5182      5255      5426         1
      3525      5298      5138      5172      5339      5312      5148      5182      5348         1
      3526      5281      5123      5138      5298      5291      5134      5148      5312         1
      3527      5600      5514      5646      5723      5609      5526      5653      5731         1
      3528      5495      5416      5514      5600      5511      5426      5526      5609         1
      3529      5431      5339      5416      5495      5439      5348      5426      5511         1
      3530      5384      5298      5339      5431      5396      5312      5348      5439         1
      3531      5369      5281      5298      5384      5378      5291      5312      5396         1
      3532       478       437       554       596       597       555       673       719         1
      3533       384       350       437       478       505       465       555       597         1
      3534       327       295       350       384       441       401       465       505         1
      3535       299       263       295       327       403       364       401       441         1
      3536       284       242       263       299       385       347       364       403         1
      3537       383       342       464       504       478       437       554       596         1
      3538       309       276       342       383       384       350       437       478         1
      3539       250       217       276       309       327       295       350       384         1
      3540       223       193       217       250       299       263       295       327         1
      3541       209       182       193       223       284       242       263       299         1
      3542       326       292       399       440       383       342       464       504         1
      3543       249       216       292       326       309       276       342       383         1
      3544       203       162       216       249       250       217       276       309         1
      3545       169       143       162       203       223       193       217       250         1
      3546       157       129       143       169       209       182       193       223         1
      3547       298       266       363       402       326       292       399       440         1
      3548       222       189       266       298       249       216       292       326         1
      3549       168       141       189       222       203       162       216       249         1
      3550       146       118       141       168       169       143       162       203         1
      3551       135       105       118       146       157       129       143       169         1
      3552       283       241       345       382       298       266       363       402         1
      3553       208       178       241       283       222       189       266       298         1
      3554       156       128       178       208       168       141       189       222         1
      3555       134       104       128       156       146       118       141       168         1
      3556       120        97       104       134       135       105       118       146         1
      3557      5830      5679      5799      5937      5938      5798      5905      6060         1
      3558      5741      5579      5679      5830      5852      5703      5798      5938         1
      3559      5678      5509      5579      5741      5797      5639      5703      5852         1
      3560      5637      5462      5509      5678      5756      5594      5639      5797         1
      3561      5623      5451      5462      5637      5742      5578      5594      5756         1
      3562      5740      5580      5704      5851      5830      5679      5799      5937         1
      3563      5649      5474      5580      5740      5741      5579      5679      5830         1
      3564      5577      5409      5474      5649      5678      5509      5579      5741         1
      3565      5536      5359      5409      5577      5637      5462      5509      5678         1
      3566      5519      5343      5359      5536      5623      5451      5462      5637         1
      3567      5677      5510      5640      5796      5740      5580      5704      5851         1
      3568      5576      5410      5510      5677      5649      5474      5580      5740         1
      3569      5507      5330      5410      5576      5577      5409      5474      5649         1
      3570      5461      5288      5330      5507      5536      5359      5409      5577         1
      3571      5450      5276      5288      5461      5519      5343      5359      5536         1
      3572      5636      5463      5595      5755      5677      5510      5640      5796         1
      3573      5535      5360      5463      5636      5576      5410      5510      5677         1
      3574      5460      5289      5360      5535      5507      5330      5410      5576         1
      3575      5423      5251      5289      5460      5461      5288      5330      5507         1
      3576      5408      5230      5251      5423      5450      5276      5288      5461         1
      3577      5622      5452      5581      5739      5636      5463      5595      5755         1
      3578      5518      5344      5452      5622      5535      5360      5463      5636         1
      3579      5449      5277      5344      5518      5460      5289      5360      5535         1
      3580      5407      5231      5277      5449      5423      5251      5289      5460         1
      3581      5395      5220      5231      5407      5408      5230      5251      5423         1
      3582       791       678       802       924       925       803       934      1063         1
      3583       932       791       924      1072      1073       925      1063      1218         1
      3584      1090       932      1072      1237      1238      1073      1218      1386         1
      3585      1258      1090      1237      1413      1414      1238      1386      1580         1
      3586      1462      1258      1413      1612      1613      1414      1580      1772         1
      3587      1678      1462      1612      1834      1835      1613      1772      1992         1
      3588      1911      1678      1834      2057      2058      1835      1992      2212         1
      3589      2150      1911      2057      2300      2301      2058      2212      2436         1
      3590      2385      2150      2300      2525      2524      2301      2436      2671         1
      3591      2626      2385      2525      2757      2756      2524      2671      2899         1
      3592      2871      2626      2757      3004      3003      2756      2899      3136         1
      3593      3120      2871      3004      3241      3240      3003      3136      3373         1
      3594      3370      3120      3241      3487      3486      3240      3373      3604         1
      3595      3609      3370      3487      3733      3732      3486      3604      3851         1
      3596      3863      3609      3733      3972      3971      3732      3851      4087         1
      3597      4108      3863      3972      4211      4210      3971      4087      4315         1
      3598      4351      4108      4211      4447      4446      4210      4315      4540         1
      3599      4579      4351      4447      4668      4667      4446      4540      4759         1
      3600      4803      4579      4668      4893      4892      4667      4759      4980         1
      3601       696       585       678       791       822       705       803       925         1
      3602       829       696       791       932       961       822       925      1073         1
      3603       978       829       932      1090      1116       961      1073      1238         1
      3604      1147       978      1090      1258      1300      1116      1238      1414         1
      3605      1336      1147      1258      1462      1496      1300      1414      1613         1
      3606      1555      1336      1462      1678      1709      1496      1613      1835         1
      3607      1778      1555      1678      1911      1950      1709      1835      2058         1
      3608      2027      1778      1911      2150      2172      1950      2058      2301         1
      3609      2271      2027      2150      2385      2414      2172      2301      2524         1
      3610      2513      2271      2385      2626      2660      2414      2524      2756         1
      3611      2762      2513      2626      2871      2900      2660      2756      3003         1
      3612      3023      2762      2871      3120      3152      2900      3003      3240         1
      3613      3270      3023      3120      3370      3391      3152      3240      3486         1
      3614      3525      3270      3370      3609      3639      3391      3486      3732         1
      3615      3778      3525      3609      3863      3885      3639      3732      3971         1
      3616      4020      3778      3863      4108      4135      3885      3971      4210         1
      3617      4263      4020      4108      4351      4371      4135      4210      4446         1
      3618      4496      4263      4351      4579      4596      4371      4446      4667         1
      3619      4727      4496      4579      4803      4820      4596      4667      4892         1
      3620       631       524       585       696       755       644       705       822         1
      3621       758       631       696       829       885       755       822       961         1
      3622       904       758       829       978      1043       885       961      1116         1
      3623      1068       904       978      1147      1215      1043      1116      1300         1
      3624      1252      1068      1147      1336      1402      1215      1300      1496         1
      3625      1476      1252      1336      1555      1626      1402      1496      1709         1
      3626      1692      1476      1555      1778      1853      1626      1709      1950         1
      3627      1948      1692      1778      2027      2097      1853      1950      2172         1
      3628      2187      1948      2027      2271      2340      2097      2172      2414         1
      3629      2441      2187      2271      2513      2575      2340      2414      2660         1
      3630      2696      2441      2513      2762      2840      2575      2660      2900         1
      3631      2949      2696      2762      3023      3083      2840      2900      3152         1
      3632      3207      2949      3023      3270      3337      3083      3152      3391         1
      3633      3448      3207      3270      3525      3574      3337      3391      3639         1
      3634      3703      3448      3525      3778      3824      3574      3639      3885         1
      3635      3960      3703      3778      4020      4069      3824      3885      4135         1
      3636      4208      3960      4020      4263      4312      4069      4135      4371         1
      3637      4452      4208      4263      4496      4545      4312      4371      4596         1
      3638      4682      4452      4496      4727      4774      4545      4596      4820         1
      3639       590       480       524       631       711       600       644       755         1
      3640       716       590       631       758       845       711       755       885         1
      3641       863       716       758       904       992       845       885      1043         1
      3642      1020       863       904      1068      1163       992      1043      1215         1
      3643      1206      1020      1068      1252      1354      1163      1215      1402         1
      3644      1411      1206      1252      1476      1578      1354      1402      1626         1
      3645      1651      1411      1476      1692      1800      1578      1626      1853         1
      3646      1886      1651      1692      1948      2040      1800      1853      2097         1
      3647      2145      1886      1948      2187      2295      2040      2097      2340         1
      3648      2392      2145      2187      2441      2534      2295      2340      2575         1
      3649      2650      2392      2441      2696      2783      2534      2575      2840         1
      3650      2902      2650      2696      2949      3043      2783      2840      3083         1
      3651      3168      2902      2949      3207      3290      3043      3083      3337         1
      3652      3413      3168      3207      3448      3535      3290      3337      3574         1
      3653      3674      3413      3448      3703      3791      3535      3574      3824         1
      3654      3927      3674      3703      3960      4041      3791      3824      4069         1
      3655      4177      3927      3960      4208      4283      4041      4069      4312         1
      3656      4426      4177      4208      4452      4509      4283      4312      4545         1
      3657      4653      4426      4452      4682      4745      4509      4545      4774         1
      3658       577       467       480       590       698       583       600       711         1
      3659       701       577       590       716       830       698       711       845         1
      3660       848       701       716       863       979       830       845       992         1
      3661      1007       848       863      1020      1148       979       992      1163         1
      3662      1190      1007      1020      1206      1335      1148      1163      1354         1
      3663      1396      1190      1206      1411      1554      1335      1354      1578         1
      3664      1631      1396      1411      1651      1777      1554      1578      1800         1
      3665      1866      1631      1651      1886      2026      1777      1800      2040         1
      3666      2119      1866      1886      2145      2270      2026      2040      2295         1
      3667      2373      2119      2145      2392      2512      2270      2295      2534         1
      3668      2629      2373      2392      2650      2761      2512      2534      2783         1
      3669      2886      2629      2650      2902      3022      2761      2783      3043         1
      3670      3147      2886      2902      3168      3269      3022      3043      3290         1
      3671      3399      3147      3168      3413      3524      3269      3290      3535         1
      3672      3661      3399      3413      3674      3777      3524      3535      3791         1
      3673      3908      3661      3674      3927      4019      3777      3791      4041         1
      3674      4162      3908      3927      4177      4262      4019      4041      4283         1
      3675      4407      4162      4177      4426      4495      4262      4283      4509         1
      3676      4641      4407      4426      4653      4726      4495      4509      4745         1
      3677       697       584       704       821       791       678       802       924         1
      3678       831       697       821       960       932       791       924      1072         1
      3679       980       831       960      1115      1090       932      1072      1237         1
      3680      1149       980      1115      1299      1258      1090      1237      1413         1
      3681      1337      1149      1299      1495      1462      1258      1413      1612         1
      3682      1556      1337      1495      1710      1678      1462      1612      1834         1
      3683      1779      1556      1710      1951      1911      1678      1834      2057         1
      3684      2028      1779      1951      2173      2150      1911      2057      2300         1
      3685      2272      2028      2173      2415      2385      2150      2300      2525         1
      3686      2514      2272      2415      2661      2626      2385      2525      2757         1
      3687      2763      2514      2661      2901      2871      2626      2757      3004         1
      3688      3024      2763      2901      3153      3120      2871      3004      3241         1
      3689      3271      3024      3153      3392      3370      3120      3241      3487         1
      3690      3526      3271      3392      3640      3609      3370      3487      3733         1
      3691      3779      3526      3640      3886      3863      3609      3733      3972         1
      3692      4022      3779      3886      4136      4108      3863      3972      4211         1
      3693      4265      4022      4136      4372      4351      4108      4211      4447         1
      3694      4498      4265      4372      4597      4579      4351      4447      4668         1
      3695      4728      4498      4597      4821      4803      4579      4668      4893         1
      3696       610       492       584       697       696       585       678       791         1
      3697       733       610       697       831       829       696       791       932         1
      3698       872       733       831       980       978       829       932      1090         1
      3699      1038       872       980      1149      1147       978      1090      1258         1
      3700      1226      1038      1149      1337      1336      1147      1258      1462         1
      3701      1432      1226      1337      1556      1555      1336      1462      1678         1
      3702      1669      1432      1556      1779      1778      1555      1678      1911         1
      3703      1909      1669      1779      2028      2027      1778      1911      2150         1
      3704      2157      1909      2028      2272      2271      2027      2150      2385         1
      3705      2406      2157      2272      2514      2513      2271      2385      2626         1
      3706      2667      2406      2514      2763      2762      2513      2626      2871         1
      3707      2922      2667      2763      3024      3023      2762      2871      3120         1
      3708      3180      2922      3024      3271      3270      3023      3120      3370         1
      3709      3424      3180      3271      3526      3525      3270      3370      3609         1
      3710      3685      3424      3526      3779      3778      3525      3609      3863         1
      3711      3938      3685      3779      4022      4020      3778      3863      4108         1
      3712      4194      3938      4022      4265      4263      4020      4108      4351         1
      3713      4434      4194      4265      4498      4496      4263      4351      4579         1
      3714      4660      4434      4498      4728      4727      4496      4579      4803         1
      3715       540       427       492       610       631       524       585       696         1
      3716       662       540       610       733       758       631       696       829         1
      3717       798       662       733       872       904       758       829       978         1
      3718       956       798       872      1038      1068       904       978      1147         1
      3719      1135       956      1038      1226      1252      1068      1147      1336         1
      3720      1343      1135      1226      1432      1476      1252      1336      1555         1
      3721      1581      1343      1432      1669      1692      1476      1555      1778         1
      3722      1820      1581      1669      1909      1948      1692      1778      2027         1
      3723      2070      1820      1909      2157      2187      1948      2027      2271         1
      3724      2327      2070      2157      2406      2441      2187      2271      2513         1
      3725      2581      2327      2406      2667      2696      2441      2513      2762         1
      3726      2852      2581      2667      2922      2949      2696      2762      3023         1
      3727      3100      2852      2922      3180      3207      2949      3023      3270         1
      3728      3365      3100      3180      3424      3448      3207      3270      3525         1
      3729      3615      3365      3424      3685      3703      3448      3525      3778         1
      3730      3876      3615      3685      3938      3960      3703      3778      4020         1
      3731      4132      3876      3938      4194      4208      3960      4020      4263         1
      3732      4378      4132      4194      4434      4452      4208      4263      4496         1
      3733      4611      4378      4434      4660      4682      4452      4496      4727         1
      3734       496       387       427       540       590       480       524       631         1
      3735       623       496       540       662       716       590       631       758         1
      3736       760       623       662       798       863       716       758       904         1
      3737       914       760       798       956      1020       863       904      1068         1
      3738      1095       914       956      1135      1206      1020      1068      1252         1
      3739      1297      1095      1135      1343      1411      1206      1252      1476         1
      3740      1515      1297      1343      1581      1651      1411      1476      1692         1
      3741      1767      1515      1581      1820      1886      1651      1692      1948         1
      3742      2020      1767      1820      2070      2145      1886      1948      2187         1
      3743      2281      2020      2070      2327      2392      2145      2187      2441         1
      3744      2541      2281      2327      2581      2650      2392      2441      2696         1
      3745      2804      2541      2581      2852      2902      2650      2696      2949         1
      3746      3070      2804      2852      3100      3168      2902      2949      3207         1
      3747      3330      3070      3100      3365      3413      3168      3207      3448         1
      3748      3576      3330      3365      3615      3674      3413      3448      3703         1
      3749      3841      3576      3615      3876      3927      3674      3703      3960         1
      3750      4096      3841      3876      4132      4177      3927      3960      4208         1
      3751      4346      4096      4132      4378      4426      4177      4208      4452         1
      3752      4582      4346      4378      4611      4653      4426      4452      4682         1
      3753       487       374       387       496       577       467       480       590         1
      3754       613       487       496       623       701       577       590       716         1
      3755       747       613       623       760       848       701       716       863         1
      3756       901       747       760       914      1007       848       863      1020         1
      3757      1083       901       914      1095      1190      1007      1020      1206         1
      3758      1273      1083      1095      1297      1396      1190      1206      1411         1
      3759      1501      1273      1297      1515      1631      1396      1411      1651         1
      3760      1756      1501      1515      1767      1866      1631      1651      1886         1
      3761      2003      1756      1767      2020      2119      1866      1886      2145         1
      3762      2256      2003      2020      2281      2373      2119      2145      2392         1
      3763      2519      2256      2281      2541      2629      2373      2392      2650         1
      3764      2785      2519      2541      2804      2886      2629      2650      2902         1
      3765      3054      2785      2804      3070      3147      2886      2902      3168         1
      3766      3311      3054      3070      3330      3399      3147      3168      3413         1
      3767      3567      3311      3330      3576      3661      3399      3413      3674         1
      3768      3826      3567      3576      3841      3908      3661      3674      3927         1
      3769      4084      3826      3841      4096      4162      3908      3927      4177         1
      3770      4333      4084      4096      4346      4407      4162      4177      4426         1
      3771      4573      4333      4346      4582      4641      4407      4426      4653         1
      3772       632       523       643       754       697       584       704       821         1
      3773       759       632       754       886       831       697       821       960         1
      3774       905       759       886      1044       980       831       960      1115         1
      3775      1069       905      1044      1216      1149       980      1115      1299         1
      3776      1253      1069      1216      1403      1337      1149      1299      1495         1
      3777      1477      1253      1403      1627      1556      1337      1495      1710         1
      3778      1693      1477      1627      1854      1779      1556      1710      1951         1
      3779      1949      1693      1854      2098      2028      1779      1951      2173         1
      3780      2188      1949      2098      2341      2272      2028      2173      2415         1
      3781      2442      2188      2341      2576      2514      2272      2415      2661         1
      3782      2697      2442      2576      2841      2763      2514      2661      2901         1
      3783      2950      2697      2841      3084      3024      2763      2901      3153         1
      3784      3208      2950      3084      3338      3271      3024      3153      3392         1
      3785      3449      3208      3338      3575      3526      3271      3392      3640         1
      3786      3704      3449      3575      3825      3779      3526      3640      3886         1
      3787      3961      3704      3825      4070      4022      3779      3886      4136         1
      3788      4209      3961      4070      4313      4265      4022      4136      4372         1
      3789      4453      4209      4313      4546      4498      4265      4372      4597         1
      3790      4683      4453      4546      4775      4728      4498      4597      4821         1
      3791       541       426       523       632       610       492       584       697         1
      3792       663       541       632       759       733       610       697       831         1
      3793       799       663       759       905       872       733       831       980         1
      3794       957       799       905      1069      1038       872       980      1149         1
      3795      1136       957      1069      1253      1226      1038      1149      1337         1
      3796      1344      1136      1253      1477      1432      1226      1337      1556         1
      3797      1582      1344      1477      1693      1669      1432      1556      1779         1
      3798      1821      1582      1693      1949      1909      1669      1779      2028         1
      3799      2071      1821      1949      2188      2157      1909      2028      2272         1
      3800      2328      2071      2188      2442      2406      2157      2272      2514         1
      3801      2582      2328      2442      2697      2667      2406      2514      2763         1
      3802      2853      2582      2697      2950      2922      2667      2763      3024         1
      3803      3101      2853      2950      3208      3180      2922      3024      3271         1
      3804      3366      3101      3208      3449      3424      3180      3271      3526         1
      3805      3616      3366      3449      3704      3685      3424      3526      3779         1
      3806      3877      3616      3704      3961      3938      3685      3779      4022         1
      3807      4133      3877      3961      4209      4194      3938      4022      4265         1
      3808      4379      4133      4209      4453      4434      4194      4265      4498         1
      3809      4612      4379      4453      4683      4660      4434      4498      4728         1
      3810       475       366       426       541       540       427       492       610         1
      3811       594       475       541       663       662       540       610       733         1
      3812       736       594       663       799       798       662       733       872         1
      3813       883       736       799       957       956       798       872      1038         1
      3814      1060       883       957      1136      1135       956      1038      1226         1
      3815      1257      1060      1136      1344      1343      1135      1226      1432         1
      3816      1492      1257      1344      1582      1581      1343      1432      1669         1
      3817      1739      1492      1582      1821      1820      1581      1669      1909         1
      3818      1990      1739      1821      2071      2070      1820      1909      2157         1
      3819      2239      1990      2071      2328      2327      2070      2157      2406         1
      3820      2504      2239      2328      2582      2581      2327      2406      2667         1
      3821      2765      2504      2582      2853      2852      2581      2667      2922         1
      3822      3038      2765      2853      3101      3100      2852      2922      3180         1
      3823      3298      3038      3101      3366      3365      3100      3180      3424         1
      3824      3557      3298      3366      3616      3615      3365      3424      3685         1
      3825      3815      3557      3616      3877      3876      3615      3685      3938         1
      3826      4065      3815      3877      4133      4132      3876      3938      4194         1
      3827      4320      4065      4133      4379      4378      4132      4194      4434         1
      3828      4563      4320      4379      4612      4611      4378      4434      4660         1
      3829       432       330       366       475       496       387       427       540         1
      3830       552       432       475       594       623       496       540       662         1
      3831       689       552       594       736       760       623       662       798         1
      3832       842       689       736       883       914       760       798       956         1
      3833      1015       842       883      1060      1095       914       956      1135         1
      3834      1213      1015      1060      1257      1297      1095      1135      1343         1
      3835      1435      1213      1257      1492      1515      1297      1343      1581         1
      3836      1679      1435      1492      1739      1767      1515      1581      1820         1
      3837      1943      1679      1739      1990      2020      1767      1820      2070         1
      3838      2193      1943      1990      2239      2281      2020      2070      2327         1
      3839      2460      2193      2239      2504      2541      2281      2327      2581         1
      3840      2722      2460      2504      2765      2804      2541      2581      2852         1
      3841      2993      2722      2765      3038      3070      2804      2852      3100         1
      3842      3249      2993      3038      3298      3330      3070      3100      3365         1
      3843      3514      3249      3298      3557      3576      3330      3365      3615         1
      3844      3781      3514      3557      3815      3841      3576      3615      3876         1
      3845      4037      3781      3815      4065      4096      3841      3876      4132         1
      3846      4294      4037      4065      4320      4346      4096      4132      4378         1
      3847      4529      4294      4320      4563      4582      4346      4378      4611         1
      3848       419       319       330       432       487       374       387       496         1
      3849       546       419       432       552       613       487       496       623         1
      3850       674       546       552       689       747       613       623       760         1
      3851       826       674       689       842       901       747       760       914         1
      3852      1000       826       842      1015      1083       901       914      1095         1
      3853      1197      1000      1015      1213      1273      1083      1095      1297         1
      3854      1416      1197      1213      1435      1501      1273      1297      1515         1
      3855      1667      1416      1435      1679      1756      1501      1515      1767         1
      3856      1922      1667      1679      1943      2003      1756      1767      2020         1
      3857      2175      1922      1943      2193      2256      2003      2020      2281         1
      3858      2446      2175      2193      2460      2519      2256      2281      2541         1
      3859      2713      2446      2460      2722      2785      2519      2541      2804         1
      3860      2980      2713      2722      2993      3054      2785      2804      3070         1
      3861      3230      2980      2993      3249      3311      3054      3070      3330         1
      3862      3501      3230      3249      3514      3567      3311      3330      3576         1
      3863      3760      3501      3514      3781      3826      3567      3576      3841         1
      3864      4017      3760      3781      4037      4084      3826      3841      4096         1
      3865      4273      4017      4037      4294      4333      4084      4096      4346         1
      3866      4515      4273      4294      4529      4573      4333      4346      4582         1
      3867       591       479       599       712       632       523       643       754         1
      3868       717       591       712       846       759       632       754       886         1
      3869       864       717       846       993       905       759       886      1044         1
      3870      1021       864       993      1164      1069       905      1044      1216         1
      3871      1207      1021      1164      1355      1253      1069      1216      1403         1
      3872      1412      1207      1355      1579      1477      1253      1403      1627         1
      3873      1652      1412      1579      1801      1693      1477      1627      1854         1
      3874      1887      1652      1801      2041      1949      1693      1854      2098         1
      3875      2146      1887      2041      2296      2188      1949      2098      2341         1
      3876      2393      2146      2296      2535      2442      2188      2341      2576         1
      3877      2651      2393      2535      2784      2697      2442      2576      2841         1
      3878      2903      2651      2784      3044      2950      2697      2841      3084         1
      3879      3169      2903      3044      3291      3208      2950      3084      3338         1
      3880      3414      3169      3291      3536      3449      3208      3338      3575         1
      3881      3675      3414      3536      3792      3704      3449      3575      3825         1
      3882      3928      3675      3792      4042      3961      3704      3825      4070         1
      3883      4178      3928      4042      4284      4209      3961      4070      4313         1
      3884      4427      4178      4284      4510      4453      4209      4313      4546         1
      3885      4654      4427      4510      4746      4683      4453      4546      4775         1
      3886       497       386       479       591       541       426       523       632         1
      3887       624       497       591       717       663       541       632       759         1
      3888       761       624       717       864       799       663       759       905         1
      3889       915       761       864      1021       957       799       905      1069         1
      3890      1096       915      1021      1207      1136       957      1069      1253         1
      3891      1298      1096      1207      1412      1344      1136      1253      1477         1
      3892      1516      1298      1412      1652      1582      1344      1477      1693         1
      3893      1768      1516      1652      1887      1821      1582      1693      1949         1
      3894      2021      1768      1887      2146      2071      1821      1949      2188         1
      3895      2282      2021      2146      2393      2328      2071      2188      2442         1
      3896      2542      2282      2393      2651      2582      2328      2442      2697         1
      3897      2805      2542      2651      2903      2853      2582      2697      2950         1
      3898      3071      2805      2903      3169      3101      2853      2950      3208         1
      3899      3331      3071      3169      3414      3366      3101      3208      3449         1
      3900      3577      3331      3414      3675      3616      3366      3449      3704         1
      3901      3842      3577      3675      3928      3877      3616      3704      3961         1
      3902      4097      3842      3928      4178      4133      3877      3961      4209         1
      3903      4347      4097      4178      4427      4379      4133      4209      4453         1
      3904      4583      4347      4427      4654      4612      4379      4453      4683         1
      3905       433       329       386       497       475       366       426       541         1
      3906       553       433       497       624       594       475       541       663         1
      3907       690       553       624       761       736       594       663       799         1
      3908       843       690       761       915       883       736       799       957         1
      3909      1016       843       915      1096      1060       883       957      1136         1
      3910      1214      1016      1096      1298      1257      1060      1136      1344         1
      3911      1436      1214      1298      1516      1492      1257      1344      1582         1
      3912      1680      1436      1516      1768      1739      1492      1582      1821         1
      3913      1944      1680      1768      2021      1990      1739      1821      2071         1
      3914      2194      1944      2021      2282      2239      1990      2071      2328         1
      3915      2461      2194      2282      2542      2504      2239      2328      2582         1
      3916      2723      2461      2542      2805      2765      2504      2582      2853         1
      3917      2994      2723      2805      3071      3038      2765      2853      3101         1
      3918      3250      2994      3071      3331      3298      3038      3101      3366         1
      3919      3515      3250      3331      3577      3557      3298      3366      3616         1
      3920      3782      3515      3577      3842      3815      3557      3616      3877         1
      3921      4038      3782      3842      4097      4065      3815      3877      4133         1
      3922      4295      4038      4097      4347      4320      4065      4133      4379         1
      3923      4530      4295      4347      4583      4563      4320      4379      4612         1
      3924       395       300       329       433       432       330       366       475         1
      3925       519       395       433       553       552       432       475       594         1
      3926       654       519       553       690       689       552       594       736         1
      3927       795       654       690       843       842       689       736       883         1
      3928       969       795       843      1016      1015       842       883      1060         1
      3929      1162       969      1016      1214      1213      1015      1060      1257         1
      3930      1385      1162      1214      1436      1435      1213      1257      1492         1
      3931      1629      1385      1436      1680      1679      1435      1492      1739         1
      3932      1879      1629      1680      1944      1943      1679      1739      1990         1
      3933      2153      1879      1944      2194      2193      1943      1990      2239         1
      3934      2409      2153      2194      2461      2460      2193      2239      2504         1
      3935      2681      2409      2461      2723      2722      2460      2504      2765         1
      3936      2946      2681      2723      2994      2993      2722      2765      3038         1
      3937      3216      2946      2994      3250      3249      2993      3038      3298         1
      3938      3467      3216      3250      3515      3514      3249      3298      3557         1
      3939      3738      3467      3515      3782      3781      3514      3557      3815         1
      3940      4000      3738      3782      4038      4037      3781      3815      4065         1
      3941      4251      4000      4038      4295      4294      4037      4065      4320         1
      3942      4492      4251      4295      4530      4529      4294      4320      4563         1
      3943       377       286       300       395       419       319       330       432         1
      3944       501       377       395       519       546       419       432       552         1
      3945       639       501       519       654       674       546       552       689         1
      3946       782       639       654       795       826       674       689       842         1
      3947       950       782       795       969      1000       826       842      1015         1
      3948      1145       950       969      1162      1197      1000      1015      1213         1
      3949      1367      1145      1162      1385      1416      1197      1213      1435         1
      3950      1601      1367      1385      1629      1667      1416      1435      1679         1
      3951      1860      1601      1629      1879      1922      1667      1679      1943         1
      3952      2132      1860      1879      2153      2175      1922      1943      2193         1
      3953      2397      2132      2153      2409      2446      2175      2193      2460         1
      3954      2668      2397      2409      2681      2713      2446      2460      2722         1
      3955      2932      2668      2681      2946      2980      2713      2722      2993         1
      3956      3203      2932      2946      3216      3230      2980      2993      3249         1
      3957      3456      3203      3216      3467      3501      3230      3249      3514         1
      3958      3720      3456      3467      3738      3760      3501      3514      3781         1
      3959      3987      3720      3738      4000      4017      3760      3781      4037         1
      3960      4243      3987      4000      4251      4273      4017      4037      4294         1
      3961      4484      4243      4251      4492      4515      4273      4294      4529         1
      3962       578       466       582       699       591       479       599       712         1
      3963       702       578       699       832       717       591       712       846         1
      3964       849       702       832       981       864       717       846       993         1
      3965      1008       849       981      1150      1021       864       993      1164         1
      3966      1191      1008      1150      1338      1207      1021      1164      1355         1
      3967      1397      1191      1338      1557      1412      1207      1355      1579         1
      3968      1632      1397      1557      1780      1652      1412      1579      1801         1
      3969      1867      1632      1780      2029      1887      1652      1801      2041         1
      3970      2120      1867      2029      2273      2146      1887      2041      2296         1
      3971      2374      2120      2273      2515      2393      2146      2296      2535         1
      3972      2630      2374      2515      2764      2651      2393      2535      2784         1
      3973      2887      2630      2764      3025      2903      2651      2784      3044         1
      3974      3148      2887      3025      3272      3169      2903      3044      3291         1
      3975      3400      3148      3272      3527      3414      3169      3291      3536         1
      3976      3662      3400      3527      3780      3675      3414      3536      3792         1
      3977      3909      3662      3780      4021      3928      3675      3792      4042         1
      3978      4163      3909      4021      4264      4178      3928      4042      4284         1
      3979      4408      4163      4264      4497      4427      4178      4284      4510         1
      3980      4642      4408      4497      4729      4654      4427      4510      4746         1
      3981       488       373       466       578       497       386       479       591         1
      3982       614       488       578       702       624       497       591       717         1
      3983       748       614       702       849       761       624       717       864         1
      3984       902       748       849      1008       915       761       864      1021         1
      3985      1084       902      1008      1191      1096       915      1021      1207         1
      3986      1274      1084      1191      1397      1298      1096      1207      1412         1
      3987      1502      1274      1397      1632      1516      1298      1412      1652         1
      3988      1757      1502      1632      1867      1768      1516      1652      1887         1
      3989      2004      1757      1867      2120      2021      1768      1887      2146         1
      3990      2257      2004      2120      2374      2282      2021      2146      2393         1
      3991      2520      2257      2374      2630      2542      2282      2393      2651         1
      3992      2786      2520      2630      2887      2805      2542      2651      2903         1
      3993      3055      2786      2887      3148      3071      2805      2903      3169         1
      3994      3312      3055      3148      3400      3331      3071      3169      3414         1
      3995      3568      3312      3400      3662      3577      3331      3414      3675         1
      3996      3827      3568      3662      3909      3842      3577      3675      3928         1
      3997      4085      3827      3909      4163      4097      3842      3928      4178         1
      3998      4334      4085      4163      4408      4347      4097      4178      4427         1
      3999      4574      4334      4408      4642      4583      4347      4427      4654         1
      4000       420       318       373       488       433       329       386       497         1
      4001       547       420       488       614       553       433       497       624         1
      4002       675       547       614       748       690       553       624       761         1
      4003       827       675       748       902       843       690       761       915         1
      4004      1001       827       902      1084      1016       843       915      1096         1
      4005      1198      1001      1084      1274      1214      1016      1096      1298         1
      4006      1417      1198      1274      1502      1436      1214      1298      1516         1
      4007      1668      1417      1502      1757      1680      1436      1516      1768         1
      4008      1923      1668      1757      2004      1944      1680      1768      2021         1
      4009      2176      1923      2004      2257      2194      1944      2021      2282         1
      4010      2447      2176      2257      2520      2461      2194      2282      2542         1
      4011      2714      2447      2520      2786      2723      2461      2542      2805         1
      4012      2981      2714      2786      3055      2994      2723      2805      3071         1
      4013      3231      2981      3055      3312      3250      2994      3071      3331         1
      4014      3502      3231      3312      3568      3515      3250      3331      3577         1
      4015      3761      3502      3568      3827      3782      3515      3577      3842         1
      4016      4018      3761      3827      4085      4038      3782      3842      4097         1
      4017      4274      4018      4085      4334      4295      4038      4097      4347         1
      4018      4516      4274      4334      4574      4530      4295      4347      4583         1
      4019       378       285       318       420       395       300       329       433         1
      4020       502       378       420       547       519       395       433       553         1
      4021       640       502       547       675       654       519       553       690         1
      4022       783       640       675       827       795       654       690       843         1
      4023       951       783       827      1001       969       795       843      1016         1
      4024      1146       951      1001      1198      1162       969      1016      1214         1
      4025      1368      1146      1198      1417      1385      1162      1214      1436         1
      4026      1602      1368      1417      1668      1629      1385      1436      1680         1
      4027      1861      1602      1668      1923      1879      1629      1680      1944         1
      4028      2133      1861      1923      2176      2153      1879      1944      2194         1
      4029      2398      2133      2176      2447      2409      2153      2194      2461         1
      4030      2669      2398      2447      2714      2681      2409      2461      2723         1
      4031      2933      2669      2714      2981      2946      2681      2723      2994         1
      4032      3204      2933      2981      3231      3216      2946      2994      3250         1
      4033      3457      3204      3231      3502      3467      3216      3250      3515         1
      4034      3721      3457      3502      3761      3738      3467      3515      3782         1
      4035      3988      3721      3761      4018      4000      3738      3782      4038         1
      4036      4244      3988      4018      4274      4251      4000      4038      4295         1
      4037      4485      4244      4274      4516      4492      4251      4295      4530         1
      4038       371       278       285       378       377       286       300       395         1
      4039       490       371       378       502       501       377       395       519         1
      4040       625       490       502       640       639       501       519       654         1
      4041       770       625       640       783       782       639       654       795         1
      4042       939       770       783       951       950       782       795       969         1
      4043      1126       939       951      1146      1145       950       969      1162         1
      4044      1347      1126      1146      1368      1367      1145      1162      1385         1
      4045      1589      1347      1368      1602      1601      1367      1385      1629         1
      4046      1846      1589      1602      1861      1860      1601      1629      1879         1
      4047      2109      1846      1861      2133      2132      1860      1879      2153         1
      4048      2375      2109      2133      2398      2397      2132      2153      2409         1
      4049      2652      2375      2398      2669      2668      2397      2409      2681         1
      4050      2921      2652      2669      2933      2932      2668      2681      2946         1
      4051      3187      2921      2933      3204      3203      2932      2946      3216         1
      4052      3443      3187      3204      3457      3456      3203      3216      3467         1
      4053      3706      3443      3457      3721      3720      3456      3467      3738         1
      4054      3970      3706      3721      3988      3987      3720      3738      4000         1
      4055      4231      3970      3988      4244      4243      3987      4000      4251         1
      4056      4475      4231      4244      4485      4484      4243      4251      4492         1
      4057      4991      4803      4893      5089      5088      4892      4980      5193         1
      4058      5219      4991      5089      5342      5341      5088      5193      5469         1
      4059      4918      4727      4803      4991      5010      4820      4892      5088         1
      4060      5124      4918      4991      5219      5242      5010      5088      5341         1
      4061      4874      4682      4727      4918      4962      4774      4820      5010         1
      4062      5072      4874      4918      5124      5172      4962      5010      5242         1
      4063      4841      4653      4682      4874      4928      4745      4774      4962         1
      4064      5040      4841      4874      5072      5138      4928      4962      5172         1
      4065      4831      4641      4653      4841      4917      4726      4745      4928         1
      4066      5026      4831      4841      5040      5123      4917      4928      5138         1
      4067      4919      4728      4821      5011      4991      4803      4893      5089         1
      4068      5125      4919      5011      5243      5219      4991      5089      5342         1
      4069      4848      4660      4728      4919      4918      4727      4803      4991         1
      4070      5052      4848      4919      5125      5124      4918      4991      5219         1
      4071      4801      4611      4660      4848      4874      4682      4727      4918         1
      4072      4997      4801      4848      5052      5072      4874      4918      5124         1
      4073      4772      4582      4611      4801      4841      4653      4682      4874         1
      4074      4969      4772      4801      4997      5040      4841      4874      5072         1
      4075      4761      4573      4582      4772      4831      4641      4653      4841         1
      4076      4952      4761      4772      4969      5026      4831      4841      5040         1
      4077      4875      4683      4775      4963      4919      4728      4821      5011         1
      4078      5073      4875      4963      5173      5125      4919      5011      5243         1
      4079      4802      4612      4683      4875      4848      4660      4728      4919         1
      4080      4998      4802      4875      5073      5052      4848      4919      5125         1
      4081      4756      4563      4612      4802      4801      4611      4660      4848         1
      4082      4942      4756      4802      4998      4997      4801      4848      5052         1
      4083      4718      4529      4563      4756      4772      4582      4611      4801         1
      4084      4914      4718      4756      4942      4969      4772      4801      4997         1
      4085      4708      4515      4529      4718      4761      4573      4582      4772         1
      4086      4904      4708      4718      4914      4952      4761      4772      4969         1
      4087      4842      4654      4746      4929      4875      4683      4775      4963         1
      4088      5041      4842      4929      5139      5073      4875      4963      5173         1
      4089      4773      4583      4654      4842      4802      4612      4683      4875         1
      4090      4970      4773      4842      5041      4998      4802      4875      5073         1
      4091      4719      4530      4583      4773      4756      4563      4612      4802         1
      4092      4915      4719      4773      4970      4942      4756      4802      4998         1
      4093      4690      4492      4530      4719      4718      4529      4563      4756         1
      4094      4889      4690      4719      4915      4914      4718      4756      4942         1
      4095      4680      4484      4492      4690      4708      4515      4529      4718         1
      4096      4880      4680      4690      4889      4904      4708      4718      4914         1
      4097      4832      4642      4729      4920      4842      4654      4746      4929         1
      4098      5027      4832      4920      5126      5041      4842      4929      5139         1
      4099      4762      4574      4642      4832      4773      4583      4654      4842         1
      4100      4953      4762      4832      5027      4970      4773      4842      5041         1
      4101      4709      4516      4574      4762      4719      4530      4583      4773         1
      4102      4905      4709      4762      4953      4915      4719      4773      4970         1
      4103      4681      4485      4516      4709      4690      4492      4530      4719         1
      4104      4881      4681      4709      4905      4889      4690      4719      4915         1
      4105      4671      4475      4485      4681      4680      4484      4492      4690         1
      4106      4868      4671      4681      4881      4880      4680      4690      4889         1
      4107       486       478       596       608       609       597       719       728         1
      4108       393       384       478       486       513       505       597       609         1
      4109       334       327       384       393       448       441       505       513         1
      4110       304       299       327       334       412       403       441       448         1
      4111       290       284       299       304       394       385       403       412         1
      4112       392       383       504       512       486       478       596       608         1
      4113       313       309       383       392       393       384       478       486         1
      4114       256       250       309       313       334       327       384       393         1
      4115       229       223       250       256       304       299       327       334         1
      4116       212       209       223       229       290       284       299       304         1
      4117       333       326       440       447       392       383       504       512         1
      4118       255       249       326       333       313       309       383       392         1
      4119       204       203       249       255       256       250       309       313         1
      4120       172       169       203       204       229       223       250       256         1
      4121       160       157       169       172       212       209       223       229         1
      4122       303       298       402       411       333       326       440       447         1
      4123       228       222       298       303       255       249       326       333         1
      4124       171       168       222       228       204       203       249       255         1
      4125       150       146       168       171       172       169       203       204         1
      4126       139       135       146       150       160       157       169       172         1
      4127       289       283       382       391       303       298       402       411         1
      4128       211       208       283       289       228       222       298       303         1
      4129       159       156       208       211       171       168       222       228         1
      4130       138       134       156       159       150       146       168       171         1
      4131       121       120       134       138       139       135       146       150         1
      4132       544       486       608       661       660       609       728       779         1
      4133       451       393       486       544       564       513       609       660         1
      4134       379       334       393       451       498       448       513       564         1
      4135       340       304       334       379       460       412       448       498         1
      4136       336       290       304       340       449       394       412       460         1
      4137       452       392       512       565       544       486       608       661         1
      4138       358       313       392       452       451       393       486       544         1
      4139       305       256       313       358       379       334       393       451         1
      4140       270       229       256       305       340       304       334       379         1
      4141       257       212       229       270       336       290       304       340         1
      4142       380       333       447       499       452       392       512       565         1
      4143       306       255       333       380       358       313       392       452         1
      4144       239       204       255       306       305       256       313       358         1
      4145       213       172       204       239       270       229       256       305         1
      4146       206       160       172       213       257       212       229       270         1
      4147       341       303       411       461       380       333       447       499         1
      4148       271       228       303       341       306       255       333       380         1
      4149       214       171       228       271       239       204       255       306         1
      4150       188       150       171       214       213       172       204       239         1
      4151       173       139       150       188       206       160       172       213         1
      4152       337       289       391       450       341       303       411       461         1
      4153       258       211       289       337       271       228       303       341         1
      4154       207       159       211       258       214       171       228       271         1
      4155       174       138       159       207       188       150       171       214         1
      4156       161       121       138       174       173       139       150       188         1
      4157       612       544       661       732       731       660       779       859         1
      4158       516       451       544       612       635       564       660       731         1
      4159       453       379       451       516       567       498       564       635         1
      4160       413       340       379       453       531       460       498       567         1
      4161       396       336       340       413       515       449       460       531         1
      4162       518       452       565       636       612       544       661       732         1
      4163       424       358       452       518       516       451       544       612         1
      4164       359       305       358       424       453       379       451       516         1
      4165       323       270       305       359       413       340       379       453         1
      4166       314       257       270       323       396       336       340       413         1
      4167       454       380       499       568       518       452       565       636         1
      4168       360       306       380       454       424       358       452       518         1
      4169       307       239       306       360       359       305       358       424         1
      4170       272       213       239       307       323       270       305       359         1
      4171       259       206       213       272       314       257       270       323         1
      4172       414       341       461       532       454       380       499       568         1
      4173       324       271       341       414       360       306       380       454         1
      4174       273       214       271       324       307       239       306       360         1
      4175       235       188       214       273       272       213       239       307         1
      4176       230       173       188       235       259       206       213       272         1
      4177       397       337       450       517       414       341       461       532         1
      4178       315       258       337       397       324       271       341       414         1
      4179       260       207       258       315       273       214       271       324         1
      4180       231       174       207       260       235       188       214       273         1
      4181       215       161       174       231       230       173       188       235         1
      4182       678       612       732       802       803       731       859       934         1
      4183       585       516       612       678       705       635       731       803         1
      4184       524       453       516       585       644       567       635       705         1
      4185       480       413       453       524       600       531       567       644         1
      4186       467       396       413       480       583       515       531       600         1
      4187       584       518       636       704       678       612       732       802         1
      4188       492       424       518       584       585       516       612       678         1
      4189       427       359       424       492       524       453       516       585         1
      4190       387       323       359       427       480       413       453       524         1
      4191       374       314       323       387       467       396       413       480         1
      4192       523       454       568       643       584       518       636       704         1
      4193       426       360       454       523       492       424       518       584         1
      4194       366       307       360       426       427       359       424       492         1
      4195       330       272       307       366       387       323       359       427         1
      4196       319       259       272       330       374       314       323       387         1
      4197       479       414       532       599       523       454       568       643         1
      4198       386       324       414       479       426       360       454       523         1
      4199       329       273       324       386       366       307       360       426         1
      4200       300       235       273       329       330       272       307       366         1
      4201       286       230       235       300       319       259       272       330         1
      4202       466       397       517       582       479       414       532       599         1
      4203       373       315       397       466       386       324       414       479         1
      4204       318       260       315       373       329       273       324       386         1
      4205       285       231       260       318       300       235       273       329         1
      4206       278       215       231       285       286       230       235       300         1
      4207      5679      5667      5785      5799      5798      5784      5893      5905         1
      4208      5579      5569      5667      5679      5703      5690      5784      5798         1
      4209      5509      5492      5569      5579      5639      5629      5690      5703         1
      4210      5462      5455      5492      5509      5594      5586      5629      5639         1
      4211      5451      5442      5455      5462      5578      5568      5586      5594         1
      4212      5580      5570      5691      5704      5679      5667      5785      5799         1
      4213      5474      5465      5570      5580      5579      5569      5667      5679         1
      4214      5409      5399      5465      5474      5509      5492      5569      5579         1
      4215      5359      5350      5399      5409      5462      5455      5492      5509         1
      4216      5343      5334      5350      5359      5451      5442      5455      5462         1
      4217      5510      5493      5630      5640      5580      5570      5691      5704         1
      4218      5410      5400      5493      5510      5474      5465      5570      5580         1
      4219      5330      5326      5400      5410      5409      5399      5465      5474         1
      4220      5288      5278      5326      5330      5359      5350      5399      5409         1
      4221      5276      5269      5278      5288      5343      5334      5350      5359         1
      4222      5463      5456      5587      5595      5510      5493      5630      5640         1
      4223      5360      5351      5456      5463      5410      5400      5493      5510         1
      4224      5289      5279      5351      5360      5330      5326      5400      5410         1
      4225      5251      5237      5279      5289      5288      5278      5326      5330         1
      4226      5230      5222      5237      5251      5276      5269      5278      5288         1
      4227      5452      5443      5571      5581      5463      5456      5587      5595         1
      4228      5344      5335      5443      5452      5360      5351      5456      5463         1
      4229      5277      5270      5335      5344      5289      5279      5351      5360         1
      4230      5231      5223      5270      5277      5251      5237      5279      5289         1
      4231      5220      5214      5223      5231      5230      5222      5237      5251         1
      4232      5667      5634      5753      5785      5784      5752      5867      5893         1
      4233      5569      5532      5634      5667      5690      5658      5752      5784         1
      4234      5492      5458      5532      5569      5629      5590      5658      5690         1
      4235      5455      5421      5458      5492      5586      5550      5590      5629         1
      4236      5442      5405      5421      5455      5568      5531      5550      5586         1
      4237      5570      5533      5659      5691      5667      5634      5753      5785         1
      4238      5465      5437      5533      5570      5569      5532      5634      5667         1
      4239      5399      5357      5437      5465      5492      5458      5532      5569         1
      4240      5350      5319      5357      5399      5455      5421      5458      5492         1
      4241      5334      5303      5319      5350      5442      5405      5421      5455         1
      4242      5493      5459      5591      5630      5570      5533      5659      5691         1
      4243      5400      5358      5459      5493      5465      5437      5533      5570         1
      4244      5326      5287      5358      5400      5399      5357      5437      5465         1
      4245      5278      5247      5287      5326      5350      5319      5357      5399         1
      4246      5269      5227      5247      5278      5334      5303      5319      5350         1
      4247      5456      5422      5551      5587      5493      5459      5591      5630         1
      4248      5351      5320      5422      5456      5400      5358      5459      5493         1
      4249      5279      5248      5320      5351      5326      5287      5358      5400         1
      4250      5237      5210      5248      5279      5278      5247      5287      5326         1
      4251      5222      5189      5210      5237      5269      5227      5247      5278         1
      4252      5443      5406      5534      5571      5456      5422      5551      5587         1
      4253      5335      5304      5406      5443      5351      5320      5422      5456         1
      4254      5270      5228      5304      5335      5279      5248      5320      5351         1
      4255      5223      5190      5228      5270      5237      5210      5248      5279         1
      4256      5214      5175      5190      5223      5222      5189      5210      5237         1
      4257      5634      5582      5706      5753      5752      5705      5822      5867         1
      4258      5532      5476      5582      5634      5658      5611      5705      5752         1
      4259      5458      5411      5476      5532      5590      5540      5611      5658         1
      4260      5421      5361      5411      5458      5550      5488      5540      5590         1
      4261      5405      5345      5361      5421      5531      5475      5488      5550         1
      4262      5533      5477      5612      5659      5634      5582      5706      5753         1
      4263      5437      5379      5477      5533      5532      5476      5582      5634         1
      4264      5357      5307      5379      5437      5458      5411      5476      5532         1
      4265      5319      5264      5307      5357      5421      5361      5411      5458         1
      4266      5303      5252      5264      5319      5405      5345      5361      5421         1
      4267      5459      5412      5541      5591      5533      5477      5612      5659         1
      4268      5358      5308      5412      5459      5437      5379      5477      5533         1
      4269      5287      5232      5308      5358      5357      5307      5379      5437         1
      4270      5247      5191      5232      5287      5319      5264      5307      5357         1
      4271      5227      5178      5191      5247      5303      5252      5264      5319         1
      4272      5422      5362      5489      5551      5459      5412      5541      5591         1
      4273      5320      5265      5362      5422      5358      5308      5412      5459         1
      4274      5248      5192      5265      5320      5287      5232      5308      5358         1
      4275      5210      5153      5192      5248      5247      5191      5232      5287         1
      4276      5189      5142      5153      5210      5227      5178      5191      5247         1
      4277      5406      5346      5478      5534      5422      5362      5489      5551         1
      4278      5304      5253      5346      5406      5320      5265      5362      5422         1
      4279      5228      5179      5253      5304      5248      5192      5265      5320         1
      4280      5190      5143      5179      5228      5210      5153      5192      5248         1
      4281      5175      5133      5143      5190      5189      5142      5153      5210         1
      4282      5582      5467      5601      5706      5705      5600      5723      5822         1
      4283      5476      5370      5467      5582      5611      5495      5600      5705         1
      4284      5411      5294      5370      5476      5540      5431      5495      5611         1
      4285      5361      5257      5294      5411      5488      5384      5431      5540         1
      4286      5345      5239      5257      5361      5475      5369      5384      5488         1
      4287      5477      5371      5496      5612      5582      5467      5601      5706         1
      4288      5379      5271      5371      5477      5476      5370      5467      5582         1
      4289      5307      5200      5271      5379      5411      5294      5370      5476         1
      4290      5264      5156      5200      5307      5361      5257      5294      5411         1
      4291      5252      5149      5156      5264      5345      5239      5257      5361         1
      4292      5412      5295      5432      5541      5477      5371      5496      5612         1
      4293      5308      5201      5295      5412      5379      5271      5371      5477         1
      4294      5232      5136      5201      5308      5307      5200      5271      5379         1
      4295      5191      5106      5136      5232      5264      5156      5200      5307         1
      4296      5178      5093      5106      5191      5252      5149      5156      5264         1
      4297      5362      5258      5385      5489      5412      5295      5432      5541         1
      4298      5265      5157      5258      5362      5308      5201      5295      5412         1
      4299      5192      5107      5157      5265      5232      5136      5201      5308         1
      4300      5153      5067      5107      5192      5191      5106      5136      5232         1
      4301      5142      5060      5067      5153      5178      5093      5106      5191         1
      4302      5346      5240      5372      5478      5362      5258      5385      5489         1
      4303      5253      5150      5240      5346      5265      5157      5258      5362         1
      4304      5179      5094      5150      5253      5192      5107      5157      5265         1
      4305      5143      5061      5094      5179      5153      5067      5107      5192         1
      4306      5133      5050      5061      5143      5142      5060      5067      5153         1
      4307      5387      5219      5342      5515      5514      5341      5469      5646         1
      4308      5282      5124      5219      5387      5416      5242      5341      5514         1
      4309      5217      5072      5124      5282      5339      5172      5242      5416         1
      4310      5170      5040      5072      5217      5298      5138      5172      5339         1
      4311      5159      5026      5040      5170      5281      5123      5138      5298         1
      4312      5283      5125      5243      5417      5387      5219      5342      5515         1
      4313      5186      5052      5125      5283      5282      5124      5219      5387         1
      4314      5120      4997      5052      5186      5217      5072      5124      5282         1
      4315      5096      4969      4997      5120      5170      5040      5072      5217         1
      4316      5081      4952      4969      5096      5159      5026      5040      5170         1
      4317      5218      5073      5173      5340      5283      5125      5243      5417         1
      4318      5121      4998      5073      5218      5186      5052      5125      5283         1
      4319      5070      4942      4998      5121      5120      4997      5052      5186         1
      4320      5038      4914      4942      5070      5096      4969      4997      5120         1
      4321      5024      4904      4914      5038      5081      4952      4969      5096         1
      4322      5171      5041      5139      5299      5218      5073      5173      5340         1
      4323      5097      4970      5041      5171      5121      4998      5073      5218         1
      4324      5039      4915      4970      5097      5070      4942      4998      5121         1
      4325      5007      4889      4915      5039      5038      4914      4942      5070         1
      4326      4995      4880      4889      5007      5024      4904      4914      5038         1
      4327      5160      5027      5126      5284      5171      5041      5139      5299         1
      4328      5082      4953      5027      5160      5097      4970      5041      5171         1
      4329      5025      4905      4953      5082      5039      4915      4970      5097         1
      4330      4996      4881      4905      5025      5007      4889      4915      5039         1
      4331      4986      4868      4881      4996      4995      4880      4889      5007         1
      4332      5467      5387      5515      5601      5600      5514      5646      5723         1
      4333      5370      5282      5387      5467      5495      5416      5514      5600         1
      4334      5294      5217      5282      5370      5431      5339      5416      5495         1
      4335      5257      5170      5217      5294      5384      5298      5339      5431         1
      4336      5239      5159      5170      5257      5369      5281      5298      5384         1
      4337      5371      5283      5417      5496      5467      5387      5515      5601         1
      4338      5271      5186      5283      5371      5370      5282      5387      5467         1
      4339      5200      5120      5186      5271      5294      5217      5282      5370         1
      4340      5156      5096      5120      5200      5257      5170      5217      5294         1
      4341      5149      5081      5096      5156      5239      5159      5170      5257         1
      4342      5295      5218      5340      5432      5371      5283      5417      5496         1
      4343      5201      5121      5218      5295      5271      5186      5283      5371         1
      4344      5136      5070      5121      5201      5200      5120      5186      5271         1
      4345      5106      5038      5070      5136      5156      5096      5120      5200         1
      4346      5093      5024      5038      5106      5149      5081      5096      5156         1
      4347      5258      5171      5299      5385      5295      5218      5340      5432         1
      4348      5157      5097      5171      5258      5201      5121      5218      5295         1
      4349      5107      5039      5097      5157      5136      5070      5121      5201         1
      4350      5067      5007      5039      5107      5106      5038      5070      5136         1
      4351      5060      4995      5007      5067      5093      5024      5038      5106         1
      4352      5240      5160      5284      5372      5258      5171      5299      5385         1
      4353      5150      5082      5160      5240      5157      5097      5171      5258         1
      4354      5094      5025      5082      5150      5107      5039      5097      5157         1
      4355      5061      4996      5025      5094      5067      5007      5039      5107         1
      4356      5050      4986      4996      5061      5060      4995      5007      5067         1
      4357      7402      7290      6864      6991      7409      7302      6879      7002         1
      4358      7502      7402      6991      7136      7508      7409      7002      7142         1
      4359      7714      7631      7290      7402      7718      7642      7302      7409         1
      4360      7789      7714      7402      7502      7793      7718      7409      7508         1
      4361      7961      7894      7631      7714      7968      7900      7642      7718         1
      4362      8027      7961      7714      7789      8031      7968      7718      7793         1
      4363      8152      8110      7894      7961      8158      8115      7900      7968         1
      4364      8192      8152      7961      8027      8193      8158      7968      8031         1
      4365      8258      8234      8110      8152      8262      8235      8115      8158         1
      4366      8281      8258      8152      8192      8282      8262      8158      8193         1
      4367      7599      7502      7136      7261      7603      7508      7142      7271         1
      4368      7702      7599      7261      7384      7705      7603      7271      7389         1
      4369      7868      7789      7502      7599      7873      7793      7508      7603         1
      4370      7939      7868      7599      7702      7941      7873      7603      7705         1
      4371      8085      8027      7789      7868      8089      8031      7793      7873         1
      4372      8135      8085      7868      7939      8138      8089      7873      7941         1
      4373      8221      8192      8027      8085      8222      8193      8031      8089         1
      4374      8246      8221      8085      8135      8247      8222      8089      8138         1
      4375      8302      8281      8192      8221      8303      8282      8193      8222         1
      4376      8317      8302      8221      8246      8318      8303      8222      8247         1
      4377      7777      7702      7384      7492      7782      7705      7389      7498         1
      4378      7859      7777      7492      7602      7865      7782      7498      7608         1
      4379      8014      7939      7702      7777      8017      7941      7705      7782         1
      4380      8076      8014      7777      7859      8077      8017      7782      7865         1
      4381      8182      8135      7939      8014      8184      8138      7941      8017         1
      4382      8212      8182      8014      8076      8213      8184      8017      8077         1
      4383      8272      8246      8135      8182      8275      8247      8138      8184         1
      4384      8295      8272      8182      8212      8296      8275      8184      8213         1
      4385      8337      8317      8246      8272      8340      8318      8247      8275         1
      4386      8351      8337      8272      8295      8353      8340      8275      8296         1
      4387      6687      6575      6060      6183      6694      6584      6065      6193         1
      4388      6810      6687      6183      6310      6818      6694      6193      6317         1
      4389      7161      7063      6575      6687      7168      7069      6584      6694         1
      4390      7252      7161      6687      6810      7264      7168      6694      6818         1
      4391      7541      7466      7063      7161      7550      7469      7069      7168         1
      4392      7615      7541      7161      7252      7618      7550      7168      7264         1
      4393      7833      7769      7466      7541      7834      7772      7469      7550         1
      4394      7887      7833      7541      7615      7891      7834      7550      7618         1
      4395      8059      8022      7769      7833      8063      8026      7772      7834         1
      4396      8111      8059      7833      7887      8114      8063      7834      7891         1
      4397      6935      6810      6310      6443      6942      6818      6317      6449         1
      4398      7047      6935      6443      6574      7054      6942      6449      6583         1
      4399      7360      7252      6810      6935      7367      7264      6818      6942         1
      4400      7444      7360      6935      7047      7450      7367      6942      7054         1
      4401      7691      7615      7252      7360      7695      7618      7264      7367         1
      4402      7754      7691      7360      7444      7758      7695      7367      7450         1
      4403      7942      7887      7615      7691      7950      7891      7618      7695         1
      4404      8000      7942      7691      7754      8003      7950      7695      7758         1
      4405      8142      8111      7887      7942      8144      8114      7891      7950         1
      4406      8183      8142      7942      8000      8186      8144      7950      8003         1
      4407      7173      7047      6574      6717      7176      7054      6583      6721         1
      4408      7290      7173      6717      6864      7288      7176      6721      6862         1
      4409      7540      7444      7047      7173      7545      7450      7054      7176         1
      4410      7631      7540      7173      7290      7629      7545      7176      7288         1
      4411      7826      7754      7444      7540      7828      7758      7450      7545         1
      4412      7894      7826      7540      7631      7893      7828      7545      7629         1
      4413      8049      8000      7754      7826      8051      8003      7758      7828         1
      4414      8110      8049      7826      7894      8107      8051      7828      7893         1
      4415      8204      8183      8000      8049      8207      8186      8003      8051         1
      4416      8234      8204      8049      8110      8233      8207      8051      8107         1
      4417      7328      7207      6757      6915      7402      7290      6864      6991         1
      4418      7435      7328      6915      7042      7502      7402      6991      7136         1
      4419      7667      7574      7207      7328      7714      7631      7290      7402         1
      4420      7742      7667      7328      7435      7789      7714      7402      7502         1
      4421      7920      7849      7574      7667      7961      7894      7631      7714         1
      4422      7992      7920      7667      7742      8027      7961      7714      7789         1
      4423      8128      8074      7849      7920      8152      8110      7894      7961         1
      4424      8171      8128      7920      7992      8192      8152      7961      8027         1
      4425      8243      8219      8074      8128      8258      8234      8110      8152         1
      4426      8270      8243      8128      8171      8281      8258      8152      8192         1
      4427      7265      7139      6674      6830      7328      7207      6757      6915         1
      4428      7381      7265      6830      6976      7435      7328      6915      7042         1
      4429      7614      7518      7139      7265      7667      7574      7207      7328         1
      4430      7709      7614      7265      7381      7742      7667      7328      7435         1
      4431      7883      7806      7518      7614      7920      7849      7574      7667         1
      4432      7956      7883      7614      7709      7992      7920      7667      7742         1
      4433      8101      8044      7806      7883      8128      8074      7849      7920         1
      4434      8146      8101      7883      7956      8171      8128      7920      7992         1
      4435      8231      8203      8044      8101      8243      8219      8074      8128         1
      4436      8254      8231      8101      8146      8270      8243      8128      8171         1
      4437      7223      7098      6622      6770      7265      7139      6674      6830         1
      4438      7344      7223      6770      6928      7381      7265      6830      6976         1
      4439      7582      7482      7098      7223      7614      7518      7139      7265         1
      4440      7679      7582      7223      7344      7709      7614      7265      7381         1
      4441      7854      7783      7482      7582      7883      7806      7518      7614         1
      4442      7929      7854      7582      7679      7956      7883      7614      7709         1
      4443      8084      8028      7783      7854      8101      8044      7806      7883         1
      4444      8132      8084      7854      7929      8146      8101      7883      7956         1
      4445      8224      8195      8028      8084      8231      8203      8044      8101         1
      4446      8248      8224      8084      8132      8254      8231      8101      8146         1
      4447      7197      7066      6585      6742      7223      7098      6622      6770         1
      4448      7317      7197      6742      6901      7344      7223      6770      6928         1
      4449      7562      7461      7066      7197      7582      7482      7098      7223         1
      4450      7662      7562      7197      7317      7679      7582      7223      7344         1
      4451      7843      7764      7461      7562      7854      7783      7482      7582         1
      4452      7919      7843      7562      7662      7929      7854      7582      7679         1
      4453      8068      8015      7764      7843      8084      8028      7783      7854         1
      4454      8126      8068      7843      7919      8132      8084      7854      7929         1
      4455      8217      8189      8015      8068      8224      8195      8028      8084         1
      4456      8241      8217      8068      8126      8248      8224      8084      8132         1
      4457      7187      7049      6567      6727      7197      7066      6585      6742         1
      4458      7309      7187      6727      6883      7317      7197      6742      6901         1
      4459      7557      7451      7049      7187      7562      7461      7066      7197         1
      4460      7650      7557      7187      7309      7662      7562      7197      7317         1
      4461      7836      7761      7451      7557      7843      7764      7461      7562         1
      4462      7914      7836      7557      7650      7919      7843      7562      7662         1
      4463      8062      8009      7761      7836      8068      8015      7764      7843         1
      4464      8123      8062      7836      7914      8126      8068      7843      7919         1
      4465      8215      8187      8009      8062      8217      8189      8015      8068         1
      4466      8240      8215      8062      8123      8241      8217      8068      8126         1
      4467      7543      7435      7042      7185      7599      7502      7136      7261         1
      4468      7643      7543      7185      7313      7702      7599      7261      7384         1
      4469      7818      7742      7435      7543      7868      7789      7502      7599         1
      4470      7896      7818      7543      7643      7939      7868      7599      7702         1
      4471      8047      7992      7742      7818      8085      8027      7789      7868         1
      4472      8106      8047      7818      7896      8135      8085      7868      7939         1
      4473      8200      8171      7992      8047      8221      8192      8027      8085         1
      4474      8230      8200      8047      8106      8246      8221      8085      8135         1
      4475      8286      8270      8171      8200      8302      8281      8192      8221         1
      4476      8309      8286      8200      8230      8317      8302      8221      8246         1
      4477      7486      7381      6976      7117      7543      7435      7042      7185         1
      4478      7593      7486      7117      7243      7643      7543      7185      7313         1
      4479      7780      7709      7381      7486      7818      7742      7435      7543         1
      4480      7857      7780      7486      7593      7896      7818      7543      7643         1
      4481      8019      7956      7709      7780      8047      7992      7742      7818         1
      4482      8079      8019      7780      7857      8106      8047      7818      7896         1
      4483      8190      8146      7956      8019      8200      8171      7992      8047         1
      4484      8220      8190      8019      8079      8230      8200      8047      8106         1
      4485      8280      8254      8146      8190      8286      8270      8171      8200         1
      4486      8300      8280      8190      8220      8309      8286      8200      8230         1
      4487      7452      7344      6928      7068      7486      7381      6976      7117         1
      4488      7561      7452      7068      7205      7593      7486      7117      7243         1
      4489      7753      7679      7344      7452      7780      7709      7381      7486         1
      4490      7835      7753      7452      7561      7857      7780      7486      7593         1
      4491      7998      7929      7679      7753      8019      7956      7709      7780         1
      4492      8056      7998      7753      7835      8079      8019      7780      7857         1
      4493      8177      8132      7929      7998      8190      8146      7956      8019         1
      4494      8205      8177      7998      8056      8220      8190      8019      8079         1
      4495      8273      8248      8132      8177      8280      8254      8146      8190         1
      4496      8293      8273      8177      8205      8300      8280      8190      8220         1
      4497      7427      7317      6901      7030      7452      7344      6928      7068         1
      4498      7537      7427      7030      7178      7561      7452      7068      7205         1
      4499      7738      7662      7317      7427      7753      7679      7344      7452         1
      4500      7815      7738      7427      7537      7835      7753      7452      7561         1
      4501      7990      7919      7662      7738      7998      7929      7679      7753         1
      4502      8046      7990      7738      7815      8056      7998      7753      7835         1
      4503      8169      8126      7919      7990      8177      8132      7929      7998         1
      4504      8202      8169      7990      8046      8205      8177      7998      8056         1
      4505      8268      8241      8126      8169      8273      8248      8132      8177         1
      4506      8287      8268      8169      8202      8293      8273      8177      8205         1
      4507      7418      7309      6883      7021      7427      7317      6901      7030         1
      4508      7533      7418      7021      7167      7537      7427      7030      7178         1
      4509      7732      7650      7309      7418      7738      7662      7317      7427         1
      4510      7809      7732      7418      7533      7815      7738      7427      7537         1
      4511      7984      7914      7650      7732      7990      7919      7662      7738         1
      4512      8042      7984      7732      7809      8046      7990      7738      7815         1
      4513      8166      8123      7914      7984      8169      8126      7919      7990         1
      4514      8198      8166      7984      8042      8202      8169      7990      8046         1
      4515      8267      8240      8123      8166      8268      8241      8126      8169         1
      4516      8285      8267      8166      8198      8287      8268      8169      8202         1
      4517      7730      7643      7313      7429      7777      7702      7384      7492         1
      4518      7812      7730      7429      7547      7859      7777      7492      7602         1
      4519      7975      7896      7643      7730      8014      7939      7702      7777         1
      4520      8038      7975      7730      7812      8076      8014      7777      7859         1
      4521      8157      8106      7896      7975      8182      8135      7939      8014         1
      4522      8196      8157      7975      8038      8212      8182      8014      8076         1
      4523      8255      8230      8106      8157      8272      8246      8135      8182         1
      4524      8283      8255      8157      8196      8295      8272      8182      8212         1
      4525      8327      8309      8230      8255      8337      8317      8246      8272         1
      4526      8343      8327      8255      8283      8351      8337      8272      8295         1
      4527      7694      7593      7243      7375      7730      7643      7313      7429         1
      4528      7773      7694      7375      7488      7812      7730      7429      7547         1
      4529      7937      7857      7593      7694      7975      7896      7643      7730         1
      4530      8011      7937      7694      7773      8038      7975      7730      7812         1
      4531      8133      8079      7857      7937      8157      8106      7896      7975         1
      4532      8181      8133      7937      8011      8196      8157      7975      8038         1
      4533      8245      8220      8079      8133      8255      8230      8106      8157         1
      4534      8274      8245      8133      8181      8283      8255      8157      8196         1
      4535      8316      8300      8220      8245      8327      8309      8230      8255         1
      4536      8339      8316      8245      8274      8343      8327      8255      8283         1
      4537      7666      7561      7205      7336      7694      7593      7243      7375         1
      4538      7750      7666      7336      7455      7773      7694      7375      7488         1
      4539      7916      7835      7561      7666      7937      7857      7593      7694         1
      4540      7993      7916      7666      7750      8011      7937      7694      7773         1
      4541      8117      8056      7835      7916      8133      8079      7857      7937         1
      4542      8167      8117      7916      7993      8181      8133      7937      8011         1
      4543      8236      8205      8056      8117      8245      8220      8079      8133         1
      4544      8264      8236      8117      8167      8274      8245      8133      8181         1
      4545      8314      8293      8205      8236      8316      8300      8220      8245         1
      4546      8334      8314      8236      8264      8339      8316      8245      8274         1
      4547      7644      7537      7178      7311      7666      7561      7205      7336         1
      4548      7733      7644      7311      7430      7750      7666      7336      7455         1
      4549      7898      7815      7537      7644      7916      7835      7561      7666         1
      4550      7978      7898      7644      7733      7993      7916      7666      7750         1
      4551      8109      8046      7815      7898      8117      8056      7835      7916         1
      4552      8160      8109      7898      7978      8167      8117      7916      7993         1
      4553      8232      8202      8046      8109      8236      8205      8056      8117         1
      4554      8261      8232      8109      8160      8264      8236      8117      8167         1
      4555      8310      8287      8202      8232      8314      8293      8205      8236         1
      4556      8331      8310      8232      8261      8334      8314      8236      8264         1
      4557      7639      7533      7167      7305      7644      7537      7178      7311         1
      4558      7728      7639      7305      7423      7733      7644      7311      7430         1
      4559      7892      7809      7533      7639      7898      7815      7537      7644         1
      4560      7972      7892      7639      7728      7978      7898      7644      7733         1
      4561      8102      8042      7809      7892      8109      8046      7815      7898         1
      4562      8156      8102      7892      7972      8160      8109      7898      7978         1
      4563      8228      8198      8042      8102      8232      8202      8046      8109         1
      4564      8256      8228      8102      8156      8261      8232      8109      8160         1
      4565      8308      8285      8198      8228      8310      8287      8202      8232         1
      4566      8329      8308      8228      8256      8331      8310      8232      8261         1
      4567      6588      6464      5937      6067      6687      6575      6060      6183         1
      4568      6705      6588      6067      6201      6810      6687      6183      6310         1
      4569      7076      6971      6464      6588      7161      7063      6575      6687         1
      4570      7179      7076      6588      6705      7252      7161      6687      6810         1
      4571      7474      7393      6971      7076      7541      7466      7063      7161         1
      4572      7558      7474      7076      7179      7615      7541      7161      7252         1
      4573      7781      7724      7393      7474      7833      7769      7466      7541         1
      4574      7844      7781      7474      7558      7887      7833      7541      7615         1
      4575      8032      7986      7724      7781      8059      8022      7769      7833         1
      4576      8075      8032      7781      7844      8111      8059      7833      7887         1
      4577      6495      6384      5851      5974      6588      6464      5937      6067         1
      4578      6629      6495      5974      6108      6705      6588      6067      6201         1
      4579      6993      6904      6384      6495      7076      6971      6464      6588         1
      4580      7113      6993      6495      6629      7179      7076      6588      6705         1
      4581      7416      7339      6904      6993      7474      7393      6971      7076         1
      4582      7500      7416      6993      7113      7558      7474      7076      7179         1
      4583      7746      7686      7339      7416      7781      7724      7393      7474         1
      4584      7801      7746      7416      7500      7844      7781      7474      7558         1
      4585      7999      7947      7686      7746      8032      7986      7724      7781         1
      4586      8045      7999      7746      7801      8075      8032      7781      7844         1
      4587      6444      6328      5796      5915      6495      6384      5851      5974         1
      4588      6565      6444      5915      6046      6629      6495      5974      6108         1
      4589      6951      6844      6328      6444      6993      6904      6384      6495         1
      4590      7058      6951      6444      6565      7113      6993      6495      6629         1
      4591      7380      7296      6844      6951      7416      7339      6904      6993         1
      4592      7467      7380      6951      7058      7500      7416      6993      7113         1
      4593      7715      7658      7296      7380      7746      7686      7339      7416         1
      4594      7774      7715      7380      7467      7801      7746      7416      7500         1
      4595      7980      7924      7658      7715      7999      7947      7686      7746         1
      4596      8029      7980      7715      7774      8045      7999      7746      7801         1
      4597      6406      6287      5755      5877      6444      6328      5796      5915         1
      4598      6524      6406      5877      6006      6565      6444      5915      6046         1
      4599      6924      6804      6287      6406      6951      6844      6328      6444         1
      4600      7024      6924      6406      6524      7058      6951      6444      6565         1
      4601      7364      7269      6804      6924      7380      7296      6844      6951         1
      4602      7440      7364      6924      7024      7467      7380      6951      7058         1
      4603      7704      7637      7269      7364      7715      7658      7296      7380         1
      4604      7759      7704      7364      7440      7774      7715      7380      7467         1
      4605      7962      7912      7637      7704      7980      7924      7658      7715         1
      4606      8016      7962      7704      7759      8029      7980      7715      7774         1
      4607      6397      6268      5739      5863      6406      6287      5755      5877         1
      4608      6511      6397      5863      5990      6524      6406      5877      6006         1
      4609      6916      6788      6268      6397      6924      6804      6287      6406         1
      4610      7016      6916      6397      6511      7024      6924      6406      6524         1
      4611      7355      7253      6788      6916      7364      7269      6804      6924         1
      4612      7434      7355      6916      7016      7440      7364      6924      7024         1
      4613      7698      7622      7253      7355      7704      7637      7269      7364         1
      4614      7755      7698      7355      7434      7759      7704      7364      7440         1
      4615      7958      7905      7622      7698      7962      7912      7637      7704         1
      4616      8010      7958      7698      7755      8016      7962      7704      7759         1
      4617      6836      6705      6201      6335      6935      6810      6310      6443         1
      4618      6961      6836      6335      6463      7047      6935      6443      6574         1
      4619      7283      7179      6705      6836      7360      7252      6810      6935         1
      4620      7376      7283      6836      6961      7444      7360      6935      7047         1
      4621      7634      7558      7179      7283      7691      7615      7252      7360         1
      4622      7711      7634      7283      7376      7754      7691      7360      7444         1
      4623      7901      7844      7558      7634      7942      7887      7615      7691         1
      4624      7959      7901      7634      7711      8000      7942      7691      7754         1
      4625      8118      8075      7844      7901      8142      8111      7887      7942         1
      4626      8159      8118      7901      7959      8183      8142      7942      8000         1
      4627      6755      6629      6108      6235      6836      6705      6201      6335         1
      4628      6887      6755      6235      6383      6961      6836      6335      6463         1
      4629      7214      7113      6629      6755      7283      7179      6705      6836         1
      4630      7320      7214      6755      6887      7376      7283      6836      6961         1
      4631      7584      7500      7113      7214      7634      7558      7179      7283         1
      4632      7668      7584      7214      7320      7711      7634      7283      7376         1
      4633      7866      7801      7500      7584      7901      7844      7558      7634         1
      4634      7926      7866      7584      7668      7959      7901      7634      7711         1
      4635      8092      8045      7801      7866      8118      8075      7844      7901         1
      4636      8134      8092      7866      7926      8159      8118      7901      7959         1
      4637      6692      6565      6046      6182      6755      6629      6108      6235         1
      4638      6828      6692      6182      6326      6887      6755      6235      6383         1
      4639      7171      7058      6565      6692      7214      7113      6629      6755         1
      4640      7278      7171      6692      6828      7320      7214      6755      6887         1
      4641      7555      7467      7058      7171      7584      7500      7113      7214         1
      4642      7633      7555      7171      7278      7668      7584      7214      7320         1
      4643      7841      7774      7467      7555      7866      7801      7500      7584         1
      4644      7902      7841      7555      7633      7926      7866      7584      7668         1
      4645      8072      8029      7774      7841      8092      8045      7801      7866         1
      4646      8121      8072      7841      7902      8134      8092      7866      7926         1
      4647      6663      6524      6006      6140      6692      6565      6046      6182         1
      4648      6787      6663      6140      6286      6828      6692      6182      6326         1
      4649      7138      7024      6524      6663      7171      7058      6565      6692         1
      4650      7242      7138      6663      6787      7278      7171      6692      6828         1
      4651      7528      7440      7024      7138      7555      7467      7058      7171         1
      4652      7609      7528      7138      7242      7633      7555      7171      7278         1
      4653      7825      7759      7440      7528      7841      7774      7467      7555         1
      4654      7886      7825      7528      7609      7902      7841      7555      7633         1
      4655      8058      8016      7759      7825      8072      8029      7774      7841         1
      4656      8113      8058      7825      7886      8121      8072      7841      7902         1
      4657      6651      6511      5990      6130      6663      6524      6006      6140         1
      4658      6777      6651      6130      6267      6787      6663      6140      6286         1
      4659      7132      7016      6511      6651      7138      7024      6524      6663         1
      4660      7238      7132      6651      6777      7242      7138      6663      6787         1
      4661      7520      7434      7016      7132      7528      7440      7024      7138         1
      4662      7600      7520      7132      7238      7609      7528      7138      7242         1
      4663      7816      7755      7434      7520      7825      7759      7440      7528         1
      4664      7882      7816      7520      7600      7886      7825      7528      7609         1
      4665      8052      8010      7755      7816      8058      8016      7759      7825         1
      4666      8104      8052      7816      7882      8113      8058      7825      7886         1
      4667      7091      6961      6463      6617      7173      7047      6574      6717         1
      4668      7207      7091      6617      6757      7290      7173      6717      6864         1
      4669      7472      7376      6961      7091      7540      7444      7047      7173         1
      4670      7574      7472      7091      7207      7631      7540      7173      7290         1
      4671      7771      7711      7376      7472      7826      7754      7444      7540         1
      4672      7849      7771      7472      7574      7894      7826      7540      7631         1
      4673      8020      7959      7711      7771      8049      8000      7754      7826         1
      4674      8074      8020      7771      7849      8110      8049      7826      7894         1
      4675      8191      8159      7959      8020      8204      8183      8000      8049         1
      4676      8219      8191      8020      8074      8234      8204      8049      8110         1
      4677      7006      6887      6383      6518      7091      6961      6463      6617         1
      4678      7139      7006      6518      6674      7207      7091      6617      6757         1
      4679      7415      7320      6887      7006      7472      7376      6961      7091         1
      4680      7518      7415      7006      7139      7574      7472      7091      7207         1
      4681      7737      7668      7320      7415      7771      7711      7376      7472         1
      4682      7806      7737      7415      7518      7849      7771      7472      7574         1
      4683      7994      7926      7668      7737      8020      7959      7711      7771         1
      4684      8044      7994      7737      7806      8074      8020      7771      7849         1
      4685      8175      8134      7926      7994      8191      8159      7959      8020         1
      4686      8203      8175      7994      8044      8219      8191      8020      8074         1
      4687      6965      6828      6326      6467      7006      6887      6383      6518         1
      4688      7098      6965      6467      6622      7139      7006      6518      6674         1
      4689      7379      7278      6828      6965      7415      7320      6887      7006         1
      4690      7482      7379      6965      7098      7518      7415      7006      7139         1
      4691      7713      7633      7278      7379      7737      7668      7320      7415         1
      4692      7783      7713      7379      7482      7806      7737      7415      7518         1
      4693      7965      7902      7633      7713      7994      7926      7668      7737         1
      4694      8028      7965      7713      7783      8044      7994      7737      7806         1
      4695      8161      8121      7902      7965      8175      8134      7926      7994         1
      4696      8195      8161      7965      8028      8203      8175      7994      8044         1
      4697      6932      6787      6286      6433      6965      6828      6326      6467         1
      4698      7066      6932      6433      6585      7098      6965      6467      6622         1
      4699      7363      7242      6787      6932      7379      7278      6828      6965         1
      4700      7461      7363      6932      7066      7482      7379      6965      7098         1
      4701      7696      7609      7242      7363      7713      7633      7278      7379         1
      4702      7764      7696      7363      7461      7783      7713      7379      7482         1
      4703      7953      7886      7609      7696      7965      7902      7633      7713         1
      4704      8015      7953      7696      7764      8028      7965      7713      7783         1
      4705      8148      8113      7886      7953      8161      8121      7902      7965         1
      4706      8189      8148      7953      8015      8195      8161      7965      8028         1
      4707      6926      6777      6267      6417      6932      6787      6286      6433         1
      4708      7049      6926      6417      6567      7066      6932      6433      6585         1
      4709      7353      7238      6777      6926      7363      7242      6787      6932         1
      4710      7451      7353      6926      7049      7461      7363      6932      7066         1
      4711      7689      7600      7238      7353      7696      7609      7242      7363         1
      4712      7761      7689      7353      7451      7764      7696      7363      7461         1
      4713      7944      7882      7600      7689      7953      7886      7609      7696         1
      4714      8009      7944      7689      7761      8015      7953      7696      7764         1
      4715      8145      8104      7882      7944      8148      8113      7886      7953         1
      4716      8187      8145      7944      8009      8189      8148      7953      8015         1
      4717      7981      7979      7747      7748      7865      7859      7602      7608         1
      4718      8154      8151      7979      7981      8077      8076      7859      7865         1
      4719      8252      8251      8151      8154      8213      8212      8076      8077         1
      4720      8321      8320      8251      8252      8296      8295      8212      8213         1
      4721      8369      8368      8320      8321      8353      8351      8295      8296         1
      4722      8081      8078      7878      7881      7981      7979      7747      7748         1
      4723      8211      8210      8078      8081      8154      8151      7979      7981         1
      4724      8289      8288      8210      8211      8252      8251      8151      8154         1
      4725      8345      8344      8288      8289      8321      8320      8251      8252         1
      4726      8382      8381      8344      8345      8369      8368      8320      8321         1
      4727      8170      8168      8005      8008      8081      8078      7878      7881         1
      4728      8259      8257      8168      8170      8211      8210      8078      8081         1
      4729      8324      8323      8257      8259      8289      8288      8210      8211         1
      4730      8366      8365      8323      8324      8345      8344      8288      8289         1
      4731      8396      8395      8365      8366      8382      8381      8344      8345         1
      4732      8227      8226      8120      8122      8170      8168      8005      8008         1
      4733      8301      8299      8226      8227      8259      8257      8168      8170         1
      4734      8352      8350      8299      8301      8324      8323      8257      8259         1
      4735      8386      8385      8350      8352      8366      8365      8323      8324         1
      4736      8405      8404      8385      8386      8396      8395      8365      8366         1
      4737      8279      8278      8199      8201      8227      8226      8120      8122         1
      4738      8336      8335      8278      8279      8301      8299      8226      8227         1
      4739      8376      8375      8335      8336      8352      8350      8299      8301         1
      4740      8400      8399      8375      8376      8386      8385      8350      8352         1
      4741      8412      8411      8399      8400      8405      8404      8385      8386         1
      4742      7852      7851      7589      7598      7733      7728      7423      7430         1
      4743      7874      7852      7598      7617      7750      7733      7430      7455         1
      4744      7897      7874      7617      7656      7773      7750      7455      7488         1
      4745      7932      7897      7656      7699      7812      7773      7488      7547         1
      4746      7979      7932      7699      7747      7859      7812      7547      7602         1
      4747      8067      8061      7851      7852      7978      7972      7728      7733         1
      4748      8083      8067      7852      7874      7993      7978      7733      7750         1
      4749      8100      8083      7874      7897      8011      7993      7750      7773         1
      4750      8127      8100      7897      7932      8038      8011      7773      7812         1
      4751      8151      8127      7932      7979      8076      8038      7812      7859         1
      4752      8208      8206      8061      8067      8160      8156      7972      7978         1
      4753      8218      8208      8067      8083      8167      8160      7978      7993         1
      4754      8225      8218      8083      8100      8181      8167      7993      8011         1
      4755      8238      8225      8100      8127      8196      8181      8011      8038         1
      4756      8251      8238      8127      8151      8212      8196      8038      8076         1
      4757      8292      8290      8206      8208      8261      8256      8156      8160         1
      4758      8297      8292      8208      8218      8264      8261      8160      8167         1
      4759      8304      8297      8218      8225      8274      8264      8167      8181         1
      4760      8312      8304      8225      8238      8283      8274      8181      8196         1
      4761      8320      8312      8238      8251      8295      8283      8196      8212         1
      4762      8349      8348      8290      8292      8331      8329      8256      8261         1
      4763      8355      8349      8292      8297      8334      8331      8261      8264         1
      4764      8359      8355      8297      8304      8339      8334      8264      8274         1
      4765      8362      8359      8304      8312      8343      8339      8274      8283         1
      4766      8368      8362      8312      8320      8351      8343      8283      8295         1
      4767      7982      7977      7745      7749      7852      7851      7589      7598         1
      4768      7997      7982      7749      7763      7874      7852      7598      7617         1
      4769      8018      7997      7763      7791      7897      7874      7617      7656         1
      4770      8040      8018      7791      7832      7932      7897      7656      7699         1
      4771      8078      8040      7832      7878      7979      7932      7699      7747         1
      4772      8155      8150      7977      7982      8067      8061      7851      7852         1
      4773      8163      8155      7982      7997      8083      8067      7852      7874         1
      4774      8179      8163      7997      8018      8100      8083      7874      7897         1
      4775      8194      8179      8018      8040      8127      8100      7897      7932         1
      4776      8210      8194      8040      8078      8151      8127      7932      7979         1
      4777      8253      8249      8150      8155      8208      8206      8061      8067         1
      4778      8260      8253      8155      8163      8218      8208      8067      8083         1
      4779      8269      8260      8163      8179      8225      8218      8083      8100         1
      4780      8277      8269      8179      8194      8238      8225      8100      8127         1
      4781      8288      8277      8194      8210      8251      8238      8127      8151         1
      4782      8322      8319      8249      8253      8292      8290      8206      8208         1
      4783      8326      8322      8253      8260      8297      8292      8208      8218         1
      4784      8333      8326      8260      8269      8304      8297      8218      8225         1
      4785      8341      8333      8269      8277      8312      8304      8225      8238         1
      4786      8344      8341      8277      8288      8320      8312      8238      8251         1
      4787      8370      8367      8319      8322      8349      8348      8290      8292         1
      4788      8373      8370      8322      8326      8355      8349      8292      8297         1
      4789      8377      8373      8326      8333      8359      8355      8297      8304         1
      4790      8379      8377      8333      8341      8362      8359      8304      8312         1
      4791      8381      8379      8341      8344      8368      8362      8312      8320         1
      4792      8090      8087      7885      7890      7982      7977      7745      7749         1
      4793      8099      8090      7890      7909      7997      7982      7749      7763         1
      4794      8119      8099      7909      7931      8018      7997      7763      7791         1
      4795      8140      8119      7931      7963      8040      8018      7791      7832         1
      4796      8168      8140      7963      8005      8078      8040      7832      7878         1
      4797      8216      8214      8087      8090      8155      8150      7977      7982         1
      4798      8223      8216      8090      8099      8163      8155      7982      7997         1
      4799      8229      8223      8099      8119      8179      8163      7997      8018         1
      4800      8242      8229      8119      8140      8194      8179      8018      8040         1
      4801      8257      8242      8140      8168      8210      8194      8040      8078         1
      4802      8294      8291      8214      8216      8253      8249      8150      8155         1
      4803      8298      8294      8216      8223      8260      8253      8155      8163         1
      4804      8305      8298      8223      8229      8269      8260      8163      8179         1
      4805      8313      8305      8229      8242      8277      8269      8179      8194         1
      4806      8323      8313      8242      8257      8288      8277      8194      8210         1
      4807      8347      8346      8291      8294      8322      8319      8249      8253         1
      4808      8354      8347      8294      8298      8326      8322      8253      8260         1
      4809      8357      8354      8298      8305      8333      8326      8260      8269         1
      4810      8361      8357      8305      8313      8341      8333      8269      8277         1
      4811      8365      8361      8313      8323      8344      8341      8277      8288         1
      4812      8384      8383      8346      8347      8370      8367      8319      8322         1
      4813      8387      8384      8347      8354      8373      8370      8322      8326         1
      4814      8390      8387      8354      8357      8377      8373      8326      8333         1
      4815      8393      8390      8357      8361      8379      8377      8333      8341         1
      4816      8395      8393      8361      8365      8381      8379      8341      8344         1
      4817      8180      8178      8024      8030      8090      8087      7885      7890         1
      4818      8188      8180      8030      8037      8099      8090      7890      7909         1
      4819      8197      8188      8037      8054      8119      8099      7909      7931         1
      4820      8209      8197      8054      8088      8140      8119      7931      7963         1
      4821      8226      8209      8088      8120      8168      8140      7963      8005         1
      4822      8266      8263      8178      8180      8216      8214      8087      8090         1
      4823      8271      8266      8180      8188      8223      8216      8090      8099         1
      4824      8276      8271      8188      8197      8229      8223      8099      8119         1
      4825      8284      8276      8197      8209      8242      8229      8119      8140         1
      4826      8299      8284      8209      8226      8257      8242      8140      8168         1
      4827      8330      8328      8263      8266      8294      8291      8214      8216         1
      4828      8332      8330      8266      8271      8298      8294      8216      8223         1
      4829      8338      8332      8271      8276      8305      8298      8223      8229         1
      4830      8342      8338      8276      8284      8313      8305      8229      8242         1
      4831      8350      8342      8284      8299      8323      8313      8242      8257         1
      4832      8372      8371      8328      8330      8347      8346      8291      8294         1
      4833      8374      8372      8330      8332      8354      8347      8294      8298         1
      4834      8378      8374      8332      8338      8357      8354      8298      8305         1
      4835      8380      8378      8338      8342      8361      8357      8305      8313         1
      4836      8385      8380      8342      8350      8365      8361      8313      8323         1
      4837      8398      8397      8371      8372      8384      8383      8346      8347         1
      4838      8401      8398      8372      8374      8387      8384      8347      8354         1
      4839      8402      8401      8374      8378      8390      8387      8354      8357         1
      4840      8403      8402      8378      8380      8393      8390      8357      8361         1
      4841      8404      8403      8380      8385      8395      8393      8361      8365         1
      4842      8239      8237      8137      8139      8180      8178      8024      8030         1
      4843      8244      8239      8139      8147      8188      8180      8030      8037         1
      4844      8250      8244      8147      8164      8197      8188      8037      8054         1
      4845      8265      8250      8164      8185      8209      8197      8054      8088         1
      4846      8278      8265      8185      8199      8226      8209      8088      8120         1
      4847      8307      8306      8237      8239      8266      8263      8178      8180         1
      4848      8311      8307      8239      8244      8271      8266      8180      8188         1
      4849      8315      8311      8244      8250      8276      8271      8188      8197         1
      4850      8325      8315      8250      8265      8284      8276      8197      8209         1
      4851      8335      8325      8265      8278      8299      8284      8209      8226         1
      4852      8358      8356      8306      8307      8330      8328      8263      8266         1
      4853      8360      8358      8307      8311      8332      8330      8266      8271         1
      4854      8363      8360      8311      8315      8338      8332      8271      8276         1
      4855      8364      8363      8315      8325      8342      8338      8276      8284         1
      4856      8375      8364      8325      8335      8350      8342      8284      8299         1
      4857      8389      8388      8356      8358      8372      8371      8328      8330         1
      4858      8391      8389      8358      8360      8374      8372      8330      8332         1
      4859      8392      8391      8360      8363      8378      8374      8332      8338         1
      4860      8394      8392      8363      8364      8380      8378      8338      8342         1
      4861      8399      8394      8364      8375      8385      8380      8342      8350         1
      4862      8407      8406      8388      8389      8398      8397      8371      8372         1
      4863      8408      8407      8389      8391      8401      8398      8372      8374         1
      4864      8409      8408      8391      8392      8402      8401      8374      8378         1
      4865      8410      8409      8392      8394      8403      8402      8378      8380         1
      4866      8411      8410      8394      8399      8404      8403      8380      8385         1
      4867      6465      6474      5945      5938      6575      6584      6065      6060         1
      4868      6972      6975      6474      6465      7063      7069      6584      6575         1
      4869      7394      7403      6975      6972      7466      7469      7069      7063         1
      4870      7725      7727      7403      7394      7769      7772      7469      7466         1
      4871      7987      7991      7727      7725      8022      8026      7772      7769         1
      4872      6385      6393      5860      5852      6465      6474      5945      5938         1
      4873      6905      6911      6393      6385      6972      6975      6474      6465         1
      4874      7340      7348      6911      6905      7394      7403      6975      6972         1
      4875      7687      7690      7348      7340      7725      7727      7403      7394         1
      4876      7948      7954      7690      7687      7987      7991      7727      7725         1
      4877      6329      6333      5804      5797      6385      6393      5860      5852         1
      4878      6845      6852      6333      6329      6905      6911      6393      6385         1
      4879      7297      7306      6852      6845      7340      7348      6911      6905         1
      4880      7659      7664      7306      7297      7687      7690      7348      7340         1
      4881      7925      7927      7664      7659      7948      7954      7690      7687         1
      4882      6288      6297      5762      5756      6329      6333      5804      5797         1
      4883      6805      6815      6297      6288      6845      6852      6333      6329         1
      4884      7270      7276      6815      6805      7297      7306      6852      6845         1
      4885      7638      7640      7276      7270      7659      7664      7306      7297         1
      4886      7913      7917      7640      7638      7925      7927      7664      7659         1
      4887      6271      6279      5748      5742      6288      6297      5762      5756         1
      4888      6791      6798      6279      6271      6805      6815      6297      6288         1
      4889      7256      7266      6798      6791      7270      7276      6815      6805         1
      4890      7625      7632      7266      7256      7638      7640      7276      7270         1
      4891      7908      7910      7632      7625      7913      7917      7640      7638         1
      4892      6361      6465      5938      5830      6464      6575      6060      5937         1
      4893      6269      6361      5830      5740      6384      6464      5937      5851         1
      4894      6210      6269      5740      5677      6328      6384      5851      5796         1
      4895      6171      6210      5677      5636      6287      6328      5796      5755         1
      4896      6152      6171      5636      5622      6268      6287      5755      5739         1
      4897      6877      6972      6465      6361      6971      7063      6575      6464         1
      4898      6789      6877      6361      6269      6904      6971      6464      6384         1
      4899      6743      6789      6269      6210      6844      6904      6384      6328         1
      4900      6699      6743      6210      6171      6804      6844      6328      6287         1
      4901      6688      6699      6171      6152      6788      6804      6287      6268         1
      4902      7321      7394      6972      6877      7393      7466      7063      6971         1
      4903      7254      7321      6877      6789      7339      7393      6971      6904         1
      4904      7212      7254      6789      6743      7296      7339      6904      6844         1
      4905      7191      7212      6743      6699      7269      7296      6844      6804         1
      4906      7180      7191      6699      6688      7253      7269      6804      6788         1
      4907      7675      7725      7394      7321      7724      7769      7466      7393         1
      4908      7623      7675      7321      7254      7686      7724      7393      7339         1
      4909      7590      7623      7254      7212      7658      7686      7339      7296         1
      4910      7575      7590      7212      7191      7637      7658      7296      7269         1
      4911      7568      7575      7191      7180      7622      7637      7269      7253         1
      4912      7938      7987      7725      7675      7986      8022      7769      7724         1
      4913      7906      7938      7675      7623      7947      7986      7724      7686         1
      4914      7879      7906      7623      7590      7924      7947      7686      7658         1
      4915      7862      7879      7590      7575      7912      7924      7658      7637         1
      4916      7855      7862      7575      7568      7905      7912      7637      7622         1
      4917      6270      6385      5852      5741      6361      6465      5938      5830         1
      4918      6185      6270      5741      5649      6269      6361      5830      5740         1
      4919      6120      6185      5649      5576      6210      6269      5740      5677         1
      4920      6088      6120      5576      5535      6171      6210      5677      5636         1
      4921      6071      6088      5535      5518      6152      6171      5636      5622         1
      4922      6790      6905      6385      6270      6877      6972      6465      6361         1
      4923      6715      6790      6270      6185      6789      6877      6361      6269         1
      4924      6658      6715      6185      6120      6743      6789      6269      6210         1
      4925      6624      6658      6120      6088      6699      6743      6210      6171         1
      4926      6615      6624      6088      6071      6688      6699      6171      6152         1
      4927      7255      7340      6905      6790      7321      7394      6972      6877         1
      4928      7202      7255      6790      6715      7254      7321      6877      6789         1
      4929      7149      7202      6715      6658      7212      7254      6789      6743         1
      4930      7120      7149      6658      6624      7191      7212      6743      6699         1
      4931      7114      7120      6624      6615      7180      7191      6699      6688         1
      4932      7624      7687      7340      7255      7675      7725      7394      7321         1
      4933      7581      7624      7255      7202      7623      7675      7321      7254         1
      4934      7548      7581      7202      7149      7590      7623      7254      7212         1
      4935      7523      7548      7149      7120      7575      7590      7212      7191         1
      4936      7514      7523      7120      7114      7568      7575      7191      7180         1
      4937      7907      7948      7687      7624      7938      7987      7725      7675         1
      4938      7870      7907      7624      7581      7906      7938      7675      7623         1
      4939      7846      7870      7581      7548      7879      7906      7623      7590         1
      4940      7829      7846      7548      7523      7862      7879      7590      7575         1
      4941      7821      7829      7523      7514      7855      7862      7575      7568         1
      4942      6211      6329      5797      5678      6270      6385      5852      5741         1
      4943      6121      6211      5678      5577      6185      6270      5741      5649         1
      4944      6058      6121      5577      5507      6120      6185      5649      5576         1
      4945      6019      6058      5507      5460      6088      6120      5576      5535         1
      4946      6004      6019      5460      5449      6071      6088      5535      5518         1
      4947      6744      6845      6329      6211      6790      6905      6385      6270         1
      4948      6659      6744      6211      6121      6715      6790      6270      6185         1
      4949      6606      6659      6121      6058      6658      6715      6185      6120         1
      4950      6559      6606      6058      6019      6624      6658      6120      6088         1
      4951      6547      6559      6019      6004      6615      6624      6088      6071         1
      4952      7213      7297      6845      6744      7255      7340      6905      6790         1
      4953      7150      7213      6744      6659      7202      7255      6790      6715         1
      4954      7107      7150      6659      6606      7149      7202      6715      6658         1
      4955      7073      7107      6606      6559      7120      7149      6658      6624         1
      4956      7061      7073      6559      6547      7114      7120      6624      6615         1
      4957      7591      7659      7297      7213      7624      7687      7340      7255         1
      4958      7549      7591      7213      7150      7581      7624      7255      7202         1
      4959      7506      7549      7150      7107      7548      7581      7202      7149         1
      4960      7484      7506      7107      7073      7523      7548      7149      7120         1
      4961      7478      7484      7073      7061      7514      7523      7120      7114         1
      4962      7880      7925      7659      7591      7907      7948      7687      7624         1
      4963      7847      7880      7591      7549      7870      7907      7624      7581         1
      4964      7814      7847      7549      7506      7846      7870      7581      7548         1
      4965      7797      7814      7506      7484      7829      7846      7548      7523         1
      4966      7794      7797      7484      7478      7821      7829      7523      7514         1
      4967      6172      6288      5756      5637      6211      6329      5797      5678         1
      4968      6089      6172      5637      5536      6121      6211      5678      5577         1
      4969      6020      6089      5536      5461      6058      6121      5577      5507         1
      4970      5979      6020      5461      5423      6019      6058      5507      5460         1
      4971      5965      5979      5423      5407      6004      6019      5460      5449         1
      4972      6700      6805      6288      6172      6744      6845      6329      6211         1
      4973      6625      6700      6172      6089      6659      6744      6211      6121         1
      4974      6560      6625      6089      6020      6606      6659      6121      6058         1
      4975      6515      6560      6020      5979      6559      6606      6058      6019         1
      4976      6505      6515      5979      5965      6547      6559      6019      6004         1
      4977      7192      7270      6805      6700      7213      7297      6845      6744         1
      4978      7121      7192      6700      6625      7150      7213      6744      6659         1
      4979      7074      7121      6625      6560      7107      7150      6659      6606         1
      4980      7036      7074      6560      6515      7073      7107      6606      6559         1
      4981      7025      7036      6515      6505      7061      7073      6559      6547         1
      4982      7576      7638      7270      7192      7591      7659      7297      7213         1
      4983      7524      7576      7192      7121      7549      7591      7213      7150         1
      4984      7485      7524      7121      7074      7506      7549      7150      7107         1
      4985      7465      7485      7074      7036      7484      7506      7107      7073         1
      4986      7456      7465      7036      7025      7478      7484      7073      7061         1
      4987      7863      7913      7638      7576      7880      7925      7659      7591         1
      4988      7830      7863      7576      7524      7847      7880      7591      7549         1
      4989      7798      7830      7524      7485      7814      7847      7549      7506         1
      4990      7784      7798      7485      7465      7797      7814      7506      7484         1
      4991      7775      7784      7465      7456      7794      7797      7484      7478         1
      4992      6153      6271      5742      5623      6172      6288      5756      5637         1
      4993      6072      6153      5623      5519      6089      6172      5637      5536         1
      4994      6005      6072      5519      5450      6020      6089      5536      5461         1
      4995      5966      6005      5450      5408      5979      6020      5461      5423         1
      4996      5953      5966      5408      5395      5965      5979      5423      5407         1
      4997      6689      6791      6271      6153      6700      6805      6288      6172         1
      4998      6616      6689      6153      6072      6625      6700      6172      6089         1
      4999      6548      6616      6072      6005      6560      6625      6089      6020         1
      5000      6506      6548      6005      5966      6515      6560      6020      5979         1
      5001      6496      6506      5966      5953      6505      6515      5979      5965         1
      5002      7181      7256      6791      6689      7192      7270      6805      6700         1
      5003      7115      7181      6689      6616      7121      7192      6700      6625         1
      5004      7062      7115      6616      6548      7074      7121      6625      6560         1
      5005      7026      7062      6548      6506      7036      7074      6560      6515         1
      5006      7017      7026      6506      6496      7025      7036      6515      6505         1
      5007      7569      7625      7256      7181      7576      7638      7270      7192         1
      5008      7515      7569      7181      7115      7524      7576      7192      7121         1
      5009      7479      7515      7115      7062      7485      7524      7121      7074         1
      5010      7457      7479      7062      7026      7465      7485      7074      7036         1
      5011      7445      7457      7026      7017      7456      7465      7036      7025         1
      5012      7856      7908      7625      7569      7863      7913      7638      7576         1
      5013      7822      7856      7569      7515      7830      7863      7576      7524         1
      5014      7795      7822      7515      7479      7798      7830      7524      7485         1
      5015      7776      7795      7479      7457      7784      7798      7485      7465         1
      5016      7768      7776      7457      7445      7775      7784      7465      7456         1
      5017      2081      2278      2468      2276      2092      2294      2476      2292         1
      5018      1890      2081      2276      2087      1902      2092      2292      2100         1
      5019      1924      2108      2278      2081      1935      2123      2294      2092         1
      5020      1734      1924      2081      1890      1744      1935      2092      1902         1
      5021      1783      1983      2108      1924      1795      1996      2123      1935         1
      5022      1594      1783      1924      1734      1606      1795      1935      1744         1
      5023      1686      1878      1983      1783      1701      1892      1996      1795         1
      5024      1508      1686      1783      1594      1514      1701      1795      1606         1
      5025      1636      1817      1878      1686      1647      1829      1892      1701         1
      5026      1455      1636      1686      1508      1467      1647      1701      1514         1
      5027      1704      1890      2087      1898      1715      1902      2100      1913         1
      5028      1524      1704      1898      1719      1539      1715      1913      1737         1
      5029      1547      1734      1890      1704      1560      1744      1902      1715         1
      5030      1381      1547      1704      1524      1389      1560      1715      1539         1
      5031      1425      1594      1734      1547      1437      1606      1744      1560         1
      5032      1256      1425      1547      1381      1265      1437      1560      1389         1
      5033      1332      1508      1594      1425      1345      1514      1606      1437         1
      5034      1180      1332      1425      1256      1194      1345      1437      1265         1
      5035      1283      1455      1508      1332      1302      1467      1514      1345         1
      5036      1128      1283      1332      1180      1143      1302      1345      1194         1
      5037      1356      1524      1719      1541      1376      1539      1737      1559         1
      5038      1200      1356      1541      1379      1223      1376      1559      1395         1
      5039      1217      1381      1524      1356      1234      1389      1539      1376         1
      5040      1066      1217      1356      1200      1089      1234      1376      1223         1
      5041      1108      1256      1381      1217      1118      1265      1389      1234         1
      5042       968      1108      1217      1066       986      1118      1234      1089         1
      5043      1036      1180      1256      1108      1047      1194      1265      1118         1
      5044       906      1036      1108       968       917      1047      1118       986         1
      5045       995      1128      1180      1036      1010      1143      1194      1047         1
      5046       869       995      1036       906       881      1010      1047       917         1
      5047      1058      1200      1379      1227      1065      1202      1382      1235         1
      5048       933      1058      1227      1088       941      1065      1235      1099         1
      5049       935      1066      1200      1058       940      1070      1202      1065         1
      5050       813       935      1058       933       823       940      1065       941         1
      5051       850       968      1066       935       854       973      1070       940         1
      5052       740       850       935       813       746       854       940       823         1
      5053       785       906       968       850       788       908       973       854         1
      5054       682       785       850       740       688       788       854       746         1
      5055       757       869       906       785       765       871       908       788         1
      5056       659       757       785       682       665       765       788       688         1
      5057       819       933      1088       965       834       941      1099       976         1
      5058       726       819       965       862       737       834       976       868         1
      5059       715       813       933       819       724       823       941       834         1
      5060       626       715       819       726       633       724       834       737         1
      5061       646       740       813       715       653       746       823       724         1
      5062       551       646       715       626       560       653       724       633         1
      5063       589       682       740       646       601       688       746       653         1
      5064       508       589       646       551       514       601       653       560         1
      5065       569       659       682       589       576       665       688       601         1
      5066       489       569       589       508       494       576       601       514         1
      5067       638       726       862       764       650       737       868       769         1
      5068       556       638       764       673       563       650       769       683         1
      5069       543       626       726       638       550       633       737       650         1
      5070       463       543       638       556       473       550       650       563         1
      5071       472       551       626       543       481       560       633       550         1
      5072       400       472       543       463       408       481       550       473         1
      5073       430       508       551       472       436       514       560       481         1
      5074       362       430       472       400       369       436       481       408         1
      5075       416       489       508       430       421       494       514       436         1
      5076       348       416       430       362       355       421       436       369         1
      5077      1932      2127      2320      2125      2081      2278      2468      2276         1
      5078      1742      1932      2125      1936      1890      2081      2276      2087         1
      5079      1764      1960      2127      1932      1924      2108      2278      2081         1
      5080      1576      1764      1932      1742      1734      1924      2081      1890         1
      5081      1637      1828      1960      1764      1783      1983      2108      1924         1
      5082      1444      1637      1764      1576      1594      1783      1924      1734         1
      5083      1528      1728      1828      1637      1686      1878      1983      1783         1
      5084      1353      1528      1637      1444      1508      1686      1783      1594         1
      5085      1483      1665      1728      1528      1636      1817      1878      1686         1
      5086      1303      1483      1528      1353      1455      1636      1686      1508         1
      5087      1805      2009      2205      2006      1932      2127      2320      2125         1
      5088      1604      1805      2006      1808      1742      1932      2125      1936         1
      5089      1645      1838      2009      1805      1764      1960      2127      1932         1
      5090      1451      1645      1805      1604      1576      1764      1932      1742         1
      5091      1507      1702      1838      1645      1637      1828      1960      1764         1
      5092      1323      1507      1645      1451      1444      1637      1764      1576         1
      5093      1407      1596      1702      1507      1528      1728      1828      1637         1
      5094      1242      1407      1507      1323      1353      1528      1637      1444         1
      5095      1350      1533      1596      1407      1483      1665      1728      1528         1
      5096      1181      1350      1407      1242      1303      1483      1528      1353         1
      5097      1716      1928      2117      1926      1805      2009      2205      2006         1
      5098      1518      1716      1926      1723      1604      1805      2006      1808         1
      5099      1551      1759      1928      1716      1645      1838      2009      1805         1
      5100      1362      1551      1716      1518      1451      1645      1805      1604         1
      5101      1422      1609      1759      1551      1507      1702      1838      1645         1
      5102      1245      1422      1551      1362      1323      1507      1645      1451         1
      5103      1326      1511      1609      1422      1407      1596      1702      1507         1
      5104      1154      1326      1422      1245      1242      1407      1507      1323         1
      5105      1263      1453      1511      1326      1350      1533      1596      1407         1
      5106      1102      1263      1326      1154      1181      1350      1407      1242         1
      5107      1670      1865      2068      1863      1716      1928      2117      1926         1
      5108      1482      1670      1863      1673      1518      1716      1926      1723         1
      5109      1498      1696      1865      1670      1551      1759      1928      1716         1
      5110      1316      1498      1670      1482      1362      1551      1716      1518         1
      5111      1371      1564      1696      1498      1422      1609      1759      1551         1
      5112      1193      1371      1498      1316      1245      1422      1551      1362         1
      5113      1271      1466      1564      1371      1326      1511      1609      1422         1
      5114      1107      1271      1371      1193      1154      1326      1422      1245         1
      5115      1222      1398      1466      1271      1263      1453      1511      1326         1
      5116      1052      1222      1271      1107      1102      1263      1326      1154         1
      5117      1655      1849      2049      1848      1670      1865      2068      1863         1
      5118      1456      1655      1848      1662      1482      1670      1863      1673         1
      5119      1488      1681      1849      1655      1498      1696      1865      1670         1
      5120      1295      1488      1655      1456      1316      1498      1670      1482         1
      5121      1351      1545      1681      1488      1371      1564      1696      1498         1
      5122      1175      1351      1488      1295      1193      1371      1498      1316         1
      5123      1255      1446      1545      1351      1271      1466      1564      1371         1
      5124      1093      1255      1351      1175      1107      1271      1371      1193         1
      5125      1201      1384      1446      1255      1222      1398      1466      1271         1
      5126      1042      1201      1255      1093      1052      1222      1271      1107         1
      5127      1548      1742      1936      1747      1704      1890      2087      1898         1
      5128      1375      1548      1747      1562      1524      1704      1898      1719         1
      5129      1390      1576      1742      1548      1547      1734      1890      1704         1
      5130      1232      1390      1548      1375      1381      1547      1704      1524         1
      5131      1266      1444      1576      1390      1425      1594      1734      1547         1
      5132      1114      1266      1390      1232      1256      1425      1547      1381         1
      5133      1186      1353      1444      1266      1332      1508      1594      1425         1
      5134      1040      1186      1266      1114      1180      1332      1425      1256         1
      5135      1132      1303      1353      1186      1283      1455      1508      1332         1
      5136       994      1132      1186      1040      1128      1283      1332      1180         1
      5137      1428      1604      1808      1616      1548      1742      1936      1747         1
      5138      1251      1428      1616      1440      1375      1548      1747      1562         1
      5139      1268      1451      1604      1428      1390      1576      1742      1548         1
      5140      1112      1268      1428      1251      1232      1390      1548      1375         1
      5141      1156      1323      1451      1268      1266      1444      1576      1390         1
      5142      1005      1156      1268      1112      1114      1266      1390      1232         1
      5143      1078      1242      1323      1156      1186      1353      1444      1266         1
      5144       931      1078      1156      1005      1040      1186      1266      1114         1
      5145      1026      1181      1242      1078      1132      1303      1353      1186         1
      5146       887      1026      1078       931       994      1132      1186      1040         1
      5147      1339      1518      1723      1526      1428      1604      1808      1616         1
      5148      1173      1339      1526      1352      1251      1428      1616      1440         1
      5149      1188      1362      1518      1339      1268      1451      1604      1428         1
      5150      1032      1188      1339      1173      1112      1268      1428      1251         1
      5151      1080      1245      1362      1188      1156      1323      1451      1268         1
      5152       926      1080      1188      1032      1005      1156      1268      1112         1
      5153       998      1154      1245      1080      1078      1242      1323      1156         1
      5154       861       998      1080       926       931      1078      1156      1005         1
      5155       947      1102      1154       998      1026      1181      1242      1078         1
      5156       812       947       998       861       887      1026      1078       931         1
      5157      1286      1482      1673      1485      1339      1518      1723      1526         1
      5158      1120      1286      1485      1306      1173      1339      1526      1352         1
      5159      1134      1316      1482      1286      1188      1362      1518      1339         1
      5160       985      1134      1286      1120      1032      1188      1339      1173         1
      5161      1029      1193      1316      1134      1080      1245      1362      1188         1
      5162       879      1029      1134       985       926      1080      1188      1032         1
      5163       948      1107      1193      1029       998      1154      1245      1080         1
      5164       809       948      1029       879       861       998      1080       926         1
      5165       909      1052      1107       948       947      1102      1154       998         1
      5166       774       909       948       809       812       947       998       861         1
      5167      1269      1456      1662      1464      1286      1482      1673      1485         1
      5168      1110      1269      1464      1282      1120      1286      1485      1306         1
      5169      1122      1295      1456      1269      1134      1316      1482      1286         1
      5170       975      1122      1269      1110       985      1134      1286      1120         1
      5171      1012      1175      1295      1122      1029      1193      1316      1134         1
      5172       870      1012      1122       975       879      1029      1134       985         1
      5173       937      1093      1175      1012       948      1107      1193      1029         1
      5174       797       937      1012       870       809       948      1029       879         1
      5175       890      1042      1093       937       909      1052      1107       948         1
      5176       762       890       937       797       774       909       948       809         1
      5177      1208      1375      1562      1388      1356      1524      1719      1541         1
      5178      1054      1208      1388      1229      1200      1356      1541      1379         1
      5179      1071      1232      1375      1208      1217      1381      1524      1356         1
      5180       927      1071      1208      1054      1066      1217      1356      1200         1
      5181       966      1114      1232      1071      1108      1256      1381      1217         1
      5182       839       966      1071       927       968      1108      1217      1066         1
      5183       898      1040      1114       966      1036      1180      1256      1108         1
      5184       773       898       966       839       906      1036      1108       968         1
      5185       865       994      1040       898       995      1128      1180      1036         1
      5186       745       865       898       773       869       995      1036       906         1
      5187      1098      1251      1440      1262      1208      1375      1562      1388         1
      5188       946      1098      1262      1111      1054      1208      1388      1229         1
      5189       959      1112      1251      1098      1071      1232      1375      1208         1
      5190       824       959      1098       946       927      1071      1208      1054         1
      5191       866      1005      1112       959       966      1114      1232      1071         1
      5192       742       866       959       824       839       966      1071       927         1
      5193       794       931      1005       866       898      1040      1114       966         1
      5194       676       794       866       742       773       898       966       839         1
      5195       763       887       931       794       865       994      1040       898         1
      5196       651       763       794       676       745       865       898       773         1
      5197      1017      1173      1352      1184      1098      1251      1440      1262         1
      5198       873      1017      1184      1030       946      1098      1262      1111         1
      5199       884      1032      1173      1017       959      1112      1251      1098         1
      5200       756       884      1017       873       824       959      1098       946         1
      5201       787       926      1032       884       866      1005      1112       959         1
      5202       670       787       884       756       742       866       959       824         1
      5203       730       861       926       787       794       931      1005       866         1
      5204       615       730       787       670       676       794       866       742         1
      5205       691       812       861       730       763       887       931       794         1
      5206       579       691       730       615       651       763       794       676         1
      5207       971      1120      1306      1129      1017      1173      1352      1184         1
      5208       835       971      1129       984       873      1017      1184      1030         1
      5209       844       985      1120       971       884      1032      1173      1017         1
      5210       714       844       971       835       756       884      1017       873         1
      5211       751       879       985       844       787       926      1032       884         1
      5212       630       751       844       714       670       787       884       756         1
      5213       685       809       879       751       730       861       926       787         1
      5214       572       685       751       630       615       730       787       670         1
      5215       655       774       809       685       691       812       861       730         1
      5216       542       655       685       572       579       691       730       615         1
      5217       953      1110      1282      1117       971      1120      1306      1129         1
      5218       814       953      1117       972       835       971      1129       984         1
      5219       828       975      1110       953       844       985      1120       971         1
      5220       700       828       953       814       714       844       971       835         1
      5221       741       870       975       828       751       879       985       844         1
      5222       621       741       828       700       630       751       844       714         1
      5223       672       797       870       741       685       809       879       751         1
      5224       557       672       741       621       572       685       751       630         1
      5225       645       762       797       672       655       774       809       685         1
      5226       530       645       672       557       542       655       685       572         1
      5227       918      1054      1229      1085      1058      1200      1379      1227         1
      5228       801       918      1085       945       933      1058      1227      1088         1
      5229       804       927      1054       918       935      1066      1200      1058         1
      5230       692       804       918       801       813       935      1058       933         1
      5231       720       839       927       804       850       968      1066       935         1
      5232       619       720       804       692       740       850       935       813         1
      5233       664       773       839       720       785       906       968       850         1
      5234       561       664       720       619       682       785       850       740         1
      5235       634       745       773       664       757       869       906       785         1
      5236       538       634       664       561       659       757       785       682         1
      5237       816       946      1111       970       918      1054      1229      1085         1
      5238       703       816       970       847       801       918      1085       945         1
      5239       706       824       946       816       804       927      1054       918         1
      5240       602       706       816       703       692       804       918       801         1
      5241       627       742       824       706       720       839       927       804         1
      5242       527       627       706       602       619       720       804       692         1
      5243       570       676       742       627       664       773       839       720         1
      5244       469       570       627       527       561       664       720       619         1
      5245       545       651       676       570       634       745       773       664         1
      5246       443       545       570       469       538       634       664       561         1
      5247       752       873      1030       893       816       946      1111       970         1
      5248       641       752       893       772       703       816       970       847         1
      5249       648       756       873       752       706       824       946       816         1
      5250       535       648       752       641       602       706       816       703         1
      5251       558       670       756       648       627       742       824       706         1
      5252       458       558       648       535       527       627       706       602         1
      5253       503       615       670       558       570       676       742       627         1
      5254       406       503       558       458       469       570       627       527         1
      5255       476       579       615       503       545       651       676       570         1
      5256       375       476       503       406       443       545       570       469         1
      5257       708       835       984       855       752       873      1030       893         1
      5258       598       708       855       735       641       752       893       772         1
      5259       603       714       835       708       648       756       873       752         1
      5260       493       603       708       598       535       648       752       641         1
      5261       522       630       714       603       558       670       756       648         1
      5262       418       522       603       493       458       558       648       535         1
      5263       462       572       630       522       503       615       670       558         1
      5264       368       462       522       418       406       503       558       458         1
      5265       434       542       572       462       476       579       615       503         1
      5266       338       434       462       368       375       476       503       406         1
      5267       693       814       972       840       708       835       984       855         1
      5268       581       693       840       718       598       708       855       735         1
      5269       587       700       814       693       603       714       835       708         1
      5270       482       587       693       581       493       603       708       598         1
      5271       507       621       700       587       522       630       714       603         1
      5272       405       507       587       482       418       522       603       493         1
      5273       456       557       621       507       462       572       630       522         1
      5274       352       456       507       405       368       462       522       418         1
      5275       423       530       557       456       434       542       572       462         1
      5276       332       423       456       352       338       434       462       368         1
      5277       695       801       945       836       819       933      1088       965         1
      5278       605       695       836       734       726       819       965       862         1
      5279       593       692       801       695       715       813       933       819         1
      5280       506       593       695       605       626       715       819       726         1
      5281       525       619       692       593       646       740       813       715         1
      5282       431       525       593       506       551       646       715       626         1
      5283       471       561       619       525       589       682       740       646         1
      5284       388       471       525       431       508       589       646       551         1
      5285       455       538       561       471       569       659       682       589         1
      5286       372       455       471       388       489       569       589       508         1
      5287       606       703       847       738       695       801       945       836         1
      5288       510       606       738       637       605       695       836       734         1
      5289       500       602       703       606       593       692       801       695         1
      5290       415       500       606       510       506       593       695       605         1
      5291       428       527       602       500       525       619       692       593         1
      5292       339       428       500       415       431       525       593       506         1
      5293       376       469       527       428       471       561       619       525         1
      5294       312       376       428       339       388       471       525       431         1
      5295       361       443       469       376       455       538       561       471         1
      5296       291       361       376       312       372       455       471       388         1
      5297       539       641       772       667       606       703       847       738         1
      5298       444       539       667       571       510       606       738       637         1
      5299       435       535       641       539       500       602       703       606         1
      5300       351       435       539       444       415       500       606       510         1
      5301       367       458       535       435       428       527       602       500         1
      5302       288       367       435       351       339       428       500       415         1
      5303       322       406       458       367       376       469       527       428         1
      5304       251       322       367       288       312       376       428       339         1
      5305       308       375       406       322       361       443       469       376         1
      5306       233       308       322       251       291       361       376       312         1
      5307       495       598       735       629       539       641       772       667         1
      5308       407       495       629       534       444       539       667       571         1
      5309       398       493       598       495       435       535       641       539         1
      5310       317       398       495       407       351       435       539       444         1
      5311       331       418       493       398       367       458       535       435         1
      5312       254       331       398       317       288       367       435       351         1
      5313       287       368       418       331       322       406       458       367         1
      5314       224       287       331       254       251       322       367       288         1
      5315       274       338       368       287       308       375       406       322         1
      5316       205       274       287       224       233       308       322       251         1
      5317       485       581       718       617       495       598       735       629         1
      5318       389       485       617       520       407       495       629       534         1
      5319       381       482       581       485       398       493       598       495         1
      5320       310       381       485       389       317       398       495       407         1
      5321       320       405       482       381       331       418       493       398         1
      5322       237       320       381       310       254       331       398       317         1
      5323       279       352       405       320       287       368       418       331         1
      5324       210       279       320       237       224       287       331       254         1
      5325       261       332       352       279       274       338       368       287         1
      5326       199       261       279       210       205       274       287       224         1
      5327       521       605       734       647       638       726       862       764         1
      5328       439       521       647       554       556       638       764       673         1
      5329       422       506       605       521       543       626       726       638         1
      5330       349       422       521       439       463       543       638       556         1
      5331       353       431       506       422       472       551       626       543         1
      5332       296       353       422       349       400       472       543       463         1
      5333       321       388       431       353       430       508       551       472         1
      5334       264       321       353       296       362       430       472       400         1
      5335       311       372       388       321       416       489       508       430         1
      5336       243       311       321       264       348       416       430       362         1
      5337       425       510       637       549       521       605       734       647         1
      5338       346       425       549       464       439       521       647       554         1
      5339       335       415       510       425       422       506       605       521         1
      5340       275       335       425       346       349       422       521       439         1
      5341       280       339       415       335       353       431       506       422         1
      5342       221       280       335       275       296       353       422       349         1
      5343       236       312       339       280       321       388       431       353         1
      5344       192       236       280       221       264       321       353       296         1
      5345       232       291       312       236       311       372       388       321         1
      5346       179       232       236       192       243       311       321       264         1
      5347       365       444       571       483       425       510       637       549         1
      5348       297       365       483       399       346       425       549       464         1
      5349       282       351       444       365       335       415       510       425         1
      5350       219       282       365       297       275       335       425       346         1
      5351       225       288       351       282       280       339       415       335         1
      5352       164       225       282       219       221       280       335       275         1
      5353       195       251       288       225       236       312       339       280         1
      5354       144       195       225       164       192       236       280       221         1
      5355       184       233       251       195       232       291       312       236         1
      5356       130       184       195       144       179       232       236       192         1
      5357       328       407       534       442       365       444       571       483         1
      5358       267       328       442       363       297       365       483       399         1
      5359       238       317       407       328       282       351       444       365         1
      5360       191       238       328       267       219       282       365       297         1
      5361       196       254       317       238       225       288       351       282         1
      5362       142       196       238       191       164       225       282       219         1
      5363       158       224       254       196       195       251       288       225         1
      5364       116       158       196       142       144       195       225       164         1
      5365       151       205       224       158       184       233       251       195         1
      5366       103       151       158       116       130       184       195       144         1
      5367       316       389       520       429       328       407       534       442         1
      5368       244       316       429       345       267       328       442       363         1
      5369       234       310       389       316       238       317       407       328         1
      5370       177       234       316       244       191       238       328       267         1
      5371       185       237       310       234       196       254       317       238         1
      5372       127       185       234       177       142       196       238       191         1
      5373       152       210       237       185       158       224       254       196         1
      5374       108       152       185       127       116       158       196       142         1
      5375       147       199       210       152       151       205       224       158         1
      5376        96       147       152       108       103       151       158       116         1
      5377      2639      2648      2830      2822      2278      2294      2476      2468         1
      5378      2487      2495      2648      2639      2108      2123      2294      2278         1
      5379      2362      2370      2495      2487      1983      1996      2123      2108         1
      5380      2263      2280      2370      2362      1878      1892      1996      1983         1
      5381      2209      2219      2280      2263      1817      1829      1892      1878         1
      5382      3006      3016      3190      3183      2639      2648      2830      2822         1
      5383      2862      2872      3016      3006      2487      2495      2648      2639         1
      5384      2741      2750      2872      2862      2362      2370      2495      2487         1
      5385      2666      2677      2750      2741      2263      2280      2370      2362         1
      5386      2601      2609      2677      2666      2209      2219      2280      2263         1
      5387      3380      3388      3549      3542      3006      3016      3190      3183         1
      5388      3247      3256      3388      3380      2862      2872      3016      3006         1
      5389      3143      3157      3256      3247      2741      2750      2872      2862         1
      5390      3069      3080      3157      3143      2666      2677      2750      2741         1
      5391      3005      3015      3080      3069      2601      2609      2677      2666         1
      5392      3763      3773      3916      3905      3380      3388      3549      3542         1
      5393      3632      3647      3773      3763      3247      3256      3388      3380         1
      5394      3533      3545      3647      3632      3143      3157      3256      3247         1
      5395      3452      3463      3545      3533      3069      3080      3157      3143         1
      5396      3408      3417      3463      3452      3005      3015      3080      3069         1
      5397      4150      4155      4291      4277      3763      3773      3916      3905         1
      5398      4025      4035      4155      4150      3632      3647      3773      3763         1
      5399      3935      3939      4035      4025      3533      3545      3647      3632         1
      5400      3862      3868      3939      3935      3452      3463      3545      3533         1
      5401      3814      3820      3868      3862      3408      3417      3463      3452         1
      5402      2497      2639      2822      2682      2127      2278      2468      2320         1
      5403      2384      2497      2682      2567      2009      2127      2320      2205         1
      5404      2313      2384      2567      2492      1928      2009      2205      2117         1
      5405      2252      2313      2492      2448      1865      1928      2117      2068         1
      5406      2233      2252      2448      2427      1849      1865      2068      2049         1
      5407      2344      2487      2639      2497      1960      2108      2278      2127         1
      5408      2227      2344      2497      2384      1838      1960      2127      2009         1
      5409      2149      2227      2384      2313      1759      1838      2009      1928         1
      5410      2094      2149      2313      2252      1696      1759      1928      1865         1
      5411      2078      2094      2252      2233      1681      1696      1865      1849         1
      5412      2214      2362      2487      2344      1828      1983      2108      1960         1
      5413      2102      2214      2344      2227      1702      1828      1960      1838         1
      5414      2015      2102      2227      2149      1609      1702      1838      1759         1
      5415      1961      2015      2149      2094      1564      1609      1759      1696         1
      5416      1952      1961      2094      2078      1545      1564      1696      1681         1
      5417      2115      2263      2362      2214      1728      1878      1983      1828         1
      5418      2001      2115      2214      2102      1596      1728      1828      1702         1
      5419      1918      2001      2102      2015      1511      1596      1702      1609         1
      5420      1858      1918      2015      1961      1466      1511      1609      1564         1
      5421      1843      1858      1961      1952      1446      1466      1564      1545         1
      5422      2053      2209      2263      2115      1665      1817      1878      1728         1
      5423      1945      2053      2115      2001      1533      1665      1728      1596         1
      5424      1847      1945      2001      1918      1453      1533      1596      1511         1
      5425      1794      1847      1918      1858      1398      1453      1511      1466         1
      5426      1774      1794      1858      1843      1384      1398      1466      1446         1
      5427      2875      3006      3183      3057      2497      2639      2822      2682         1
      5428      2768      2875      3057      2948      2384      2497      2682      2567         1
      5429      2700      2768      2948      2868      2313      2384      2567      2492         1
      5430      2654      2700      2868      2834      2252      2313      2492      2448         1
      5431      2635      2654      2834      2820      2233      2252      2448      2427         1
      5432      2727      2862      3006      2875      2344      2487      2639      2497         1
      5433      2617      2727      2875      2768      2227      2344      2497      2384         1
      5434      2545      2617      2768      2700      2149      2227      2384      2313         1
      5435      2498      2545      2700      2654      2094      2149      2313      2252         1
      5436      2484      2498      2654      2635      2078      2094      2252      2233         1
      5437      2607      2741      2862      2727      2214      2362      2487      2344         1
      5438      2500      2607      2727      2617      2102      2214      2344      2227         1
      5439      2420      2500      2617      2545      2015      2102      2227      2149         1
      5440      2372      2420      2545      2498      1961      2015      2149      2094         1
      5441      2361      2372      2498      2484      1952      1961      2094      2078         1
      5442      2518      2666      2741      2607      2115      2263      2362      2214         1
      5443      2408      2518      2607      2500      2001      2115      2214      2102         1
      5444      2329      2408      2500      2420      1918      2001      2102      2015         1
      5445      2286      2329      2420      2372      1858      1918      2015      1961         1
      5446      2259      2286      2372      2361      1843      1858      1961      1952         1
      5447      2467      2601      2666      2518      2053      2209      2263      2115         1
      5448      2356      2467      2518      2408      1945      2053      2115      2001         1
      5449      2267      2356      2408      2329      1847      1945      2001      1918         1
      5450      2223      2267      2329      2286      1794      1847      1918      1858         1
      5451      2204      2223      2286      2259      1774      1794      1858      1843         1
      5452      3257      3380      3542      3418      2875      3006      3183      3057         1
      5453      3171      3257      3418      3336      2768      2875      3057      2948         1
      5454      3092      3171      3336      3254      2700      2768      2948      2868         1
      5455      3059      3092      3254      3217      2654      2700      2868      2834         1
      5456      3041      3059      3217      3206      2635      2654      2834      2820         1
      5457      3124      3247      3380      3257      2727      2862      3006      2875         1
      5458      3030      3124      3257      3171      2617      2727      2875      2768         1
      5459      2955      3030      3171      3092      2545      2617      2768      2700         1
      5460      2908      2955      3092      3059      2498      2545      2700      2654         1
      5461      2891      2908      3059      3041      2484      2498      2654      2635         1
      5462      3012      3143      3247      3124      2607      2741      2862      2727         1
      5463      2916      3012      3124      3030      2500      2607      2727      2617         1
      5464      2848      2916      3030      2955      2420      2500      2617      2545         1
      5465      2794      2848      2955      2908      2372      2420      2545      2498         1
      5466      2775      2794      2908      2891      2361      2372      2498      2484         1
      5467      2931      3069      3143      3012      2518      2666      2741      2607         1
      5468      2831      2931      3012      2916      2408      2518      2607      2500         1
      5469      2743      2831      2916      2848      2329      2408      2500      2420         1
      5470      2711      2743      2848      2794      2286      2329      2420      2372         1
      5471      2693      2711      2794      2775      2259      2286      2372      2361         1
      5472      2873      3005      3069      2931      2467      2601      2666      2518         1
      5473      2766      2873      2931      2831      2356      2467      2518      2408         1
      5474      2698      2766      2831      2743      2267      2356      2408      2329         1
      5475      2653      2698      2743      2711      2223      2267      2329      2286         1
      5476      2631      2653      2711      2693      2204      2223      2286      2259         1
      5477      3649      3763      3905      3800      3257      3380      3542      3418         1
      5478      3559      3649      3800      3701      3171      3257      3418      3336         1
      5479      3485      3559      3701      3642      3092      3171      3336      3254         1
      5480      3445      3485      3642      3599      3059      3092      3254      3217         1
      5481      3434      3445      3599      3585      3041      3059      3217      3206         1
      5482      3518      3632      3763      3649      3124      3247      3380      3257         1
      5483      3422      3518      3649      3559      3030      3124      3257      3171         1
      5484      3361      3422      3559      3485      2955      3030      3171      3092         1
      5485      3323      3361      3485      3445      2908      2955      3092      3059         1
      5486      3309      3323      3445      3434      2891      2908      3059      3041         1
      5487      3412      3533      3632      3518      3012      3143      3247      3124         1
      5488      3329      3412      3518      3422      2916      3012      3124      3030         1
      5489      3248      3329      3422      3361      2848      2916      3030      2955         1
      5490      3215      3248      3361      3323      2794      2848      2955      2908         1
      5491      3202      3215      3323      3309      2775      2794      2908      2891         1
      5492      3346      3452      3533      3412      2931      3069      3143      3012         1
      5493      3235      3346      3412      3329      2831      2931      3012      2916         1
      5494      3176      3235      3329      3248      2743      2831      2916      2848         1
      5495      3129      3176      3248      3215      2711      2743      2848      2794         1
      5496      3111      3129      3215      3202      2693      2711      2794      2775         1
      5497      3292      3408      3452      3346      2873      3005      3069      2931         1
      5498      3193      3292      3346      3235      2766      2873      2931      2831         1
      5499      3118      3193      3235      3176      2698      2766      2831      2743         1
      5500      3082      3118      3176      3129      2653      2698      2743      2711         1
      5501      3074      3082      3129      3111      2631      2653      2711      2693         1
      5502      4040      4150      4277      4169      3649      3763      3905      3800         1
      5503      3946      4040      4169      4092      3559      3649      3800      3701         1
      5504      3884      3946      4092      4031      3485      3559      3701      3642         1
      5505      3854      3884      4031      3994      3445      3485      3642      3599         1
      5506      3840      3854      3994      3983      3434      3445      3599      3585         1
      5507      3911      4025      4150      4040      3518      3632      3763      3649         1
      5508      3829      3911      4040      3946      3422      3518      3649      3559         1
      5509      3765      3829      3946      3884      3361      3422      3559      3485         1
      5510      3725      3765      3884      3854      3323      3361      3485      3445         1
      5511      3709      3725      3854      3840      3309      3323      3445      3434         1
      5512      3818      3935      4025      3911      3412      3533      3632      3518         1
      5513      3728      3818      3911      3829      3329      3412      3518      3422         1
      5514      3668      3728      3829      3765      3248      3329      3422      3361         1
      5515      3621      3668      3765      3725      3215      3248      3361      3323         1
      5516      3607      3621      3725      3709      3202      3215      3323      3309         1
      5517      3741      3862      3935      3818      3346      3452      3533      3412         1
      5518      3659      3741      3818      3728      3235      3346      3412      3329         1
      5519      3583      3659      3728      3668      3176      3235      3329      3248         1
      5520      3552      3583      3668      3621      3129      3176      3248      3215         1
      5521      3537      3552      3621      3607      3111      3129      3215      3202         1
      5522      3695      3814      3862      3741      3292      3408      3452      3346         1
      5523      3602      3695      3741      3659      3193      3292      3346      3235         1
      5524      3541      3602      3659      3583      3118      3193      3235      3176         1
      5525      3504      3541      3583      3552      3082      3118      3176      3129         1
      5526      3482      3504      3552      3537      3074      3082      3129      3111         1
      5527       445       438       555       562       563       556       673       683         1
      5528       357       344       438       445       473       463       556       563         1
      5529       301       294       344       357       408       400       463       473         1
      5530       268       262       294       301       369       362       400       408         1
      5531       253       240       262       268       355       348       362       369         1
      5532       354       343       465       474       445       438       555       562         1
      5533       281       277       343       354       357       344       438       445         1
      5534       227       220       277       281       301       294       344       357         1
      5535       198       194       220       227       268       262       294       301         1
      5536       186       180       194       198       253       240       262       268         1
      5537       302       293       401       409       354       343       465       474         1
      5538       226       218       293       302       281       277       343       354         1
      5539       170       163       218       226       227       220       277       281         1
      5540       148       140       163       170       198       194       220       227         1
      5541       137       126       140       148       186       180       194       198         1
      5542       269       265       364       370       302       293       401       409         1
      5543       197       190       265       269       226       218       293       302         1
      5544       149       145       190       197       170       163       218       226         1
      5545       119       117       145       149       148       140       163       170         1
      5546       113       106       117       119       137       126       140       148         1
      5547       252       245       347       356       269       265       364       370         1
      5548       187       181       245       252       197       190       265       269         1
      5549       136       131       181       187       149       145       190       197         1
      5550       114       107       131       136       119       117       145       149         1
      5551       100        95       107       114       113       106       117       119         1
      5552       167       154       241       266       267       244       345       363         1
      5553       200       167       266       292       297       267       363       399         1
      5554       247       200       292       342       346       297       399       464         1
      5555       325       247       342       437       439       346       464       554         1
      5556       438       325       437       555       556       439       554       673         1
      5557       112        94       154       167       191       177       244       267         1
      5558       125       112       167       200       219       191       267       297         1
      5559       183       125       200       247       275       219       297       346         1
      5560       246       183       247       325       349       275       346       439         1
      5561       344       246       325       438       463       349       439       556         1
      5562        84        77        94       112       142       127       177       191         1
      5563        88        84       112       125       164       142       191       219         1
      5564       132        88       125       183       221       164       219       275         1
      5565       202       132       183       246       296       221       275       349         1
      5566       294       202       246       344       400       296       349       463         1
      5567        69        59        77        84       116       108       127       142         1
      5568        79        69        84        88       144       116       142       164         1
      5569       109        79        88       132       192       144       164       221         1
      5570       166       109       132       202       264       192       221       296         1
      5571       262       166       202       294       362       264       296       400         1
      5572        63        53        59        69       103        96       108       116         1
      5573        73        63        69        79       130       103       116       144         1
      5574        91        73        79       109       179       130       144       192         1
      5575       155        91       109       166       243       179       192       264         1
      5576       240       155       166       262       348       243       264       362         1
      5577       101        92       178       189       167       154       241       266         1
      5578       122       101       189       216       200       167       266       292         1
      5579       175       122       216       276       247       200       292       342         1
      5580       248       175       276       350       325       247       342       437         1
      5581       343       248       350       465       438       325       437       555         1
      5582        71        66        92       101       112        94       154       167         1
      5583        87        71       101       122       125       112       167       200         1
      5584       115        87       122       175       183       125       200       247         1
      5585       176       115       175       248       246       183       247       325         1
      5586       277       176       248       343       344       246       325       438         1
      5587        49        45        66        71        84        77        94       112         1
      5588        55        49        71        87        88        84       112       125         1
      5589        86        55        87       115       132        88       125       183         1
      5590       133        86       115       176       202       132       183       246         1
      5591       220       133       176       277       294       202       246       344         1
      5592        38        35        45        49        69        59        77        84         1
      5593        48        38        49        55        79        69        84        88         1
      5594        72        48        55        86       109        79        88       132         1
      5595       110        72        86       133       166       109       132       202         1
      5596       194       110       133       220       262       166       202       294         1
      5597        30        26        35        38        63        53        59        69         1
      5598        40        30        38        48        73        63        69        79         1
      5599        67        40        48        72        91        73        79       109         1
      5600        99        67        72       110       155        91       109       166         1
      5601       180        99       110       194       240       155       166       262         1
      5602        80        76       128       141       101        92       178       189         1
      5603        89        80       141       162       122       101       189       216         1
      5604       124        89       162       217       175       122       216       276         1
      5605       201       124       217       295       248       175       276       350         1
      5606       293       201       295       401       343       248       350       465         1
      5607        47        42        76        80        71        66        92       101         1
      5608        57        47        80        89        87        71       101       122         1
      5609        85        57        89       124       115        87       122       175         1
      5610       123        85       124       201       176       115       175       248         1
      5611       218       123       201       293       277       176       248       343         1
      5612        25        22        42        47        49        45        66        71         1
      5613        39        25        47        57        55        49        71        87         1
      5614        56        39        57        85        86        55        87       115         1
      5615        90        56        85       123       133        86       115       176         1
      5616       163        90       123       218       220       133       176       277         1
      5617        19        13        22        25        38        35        45        49         1
      5618        24        19        25        39        48        38        49        55         1
      5619        46        24        39        56        72        48        55        86         1
      5620        82        46        56        90       110        72        86       133         1
      5621       140        82        90       163       194       110       133       220         1
      5622        12        10        13        19        30        26        35        38         1
      5623        21        12        19        24        40        30        38        48         1
      5624        41        21        24        46        67        40        48        72         1
      5625        78        41        46        82        99        67        72       110         1
      5626       126        78        82       140       180        99       110       194         1
      5627        64        62       104       118        80        76       128       141         1
      5628        81        64       118       143        89        80       141       162         1
      5629       111        81       143       193       124        89       162       217         1
      5630       165       111       193       263       201       124       217       295         1
      5631       265       165       263       364       293       201       295       401         1
      5632        37        31        62        64        47        42        76        80         1
      5633        50        37        64        81        57        47        80        89         1
      5634        70        50        81       111        85        57        89       124         1
      5635       102        70       111       165       123        85       124       201         1
      5636       190       102       165       265       218       123       201       293         1
      5637        20        16        31        37        25        22        42        47         1
      5638        29        20        37        50        39        25        47        57         1
      5639        51        29        50        70        56        39        57        85         1
      5640        83        51        70       102        90        56        85       123         1
      5641       145        83       102       190       163        90       123       218         1
      5642         8         6        16        20        19        13        22        25         1
      5643        18         8        20        29        24        19        25        39         1
      5644        36        18        29        51        46        24        39        56         1
      5645        65        36        51        83        82        46        56        90         1
      5646       117        65        83       145       140        82        90       163         1
      5647         5         3         6         8        12        10        13        19         1
      5648        14         5         8        18        21        12        19        24         1
      5649        33        14        18        36        41        21        24        46         1
      5650        58        33        36        65        78        41        46        82         1
      5651       106        58        65       117       126        78        82       140         1
      5652        61        52        97       105        64        62       104       118         1
      5653        75        61       105       129        81        64       118       143         1
      5654        93        75       129       182       111        81       143       193         1
      5655       153        93       182       242       165       111       193       263         1
      5656       245       153       242       347       265       165       263       364         1
      5657        34        28        52        61        37        31        62        64         1
      5658        44        34        61        75        50        37        64        81         1
      5659        68        44        75        93        70        50        81       111         1
      5660        98        68        93       153       102        70       111       165         1
      5661       181        98       153       245       190       102       165       265         1
      5662        17        11        28        34        20        16        31        37         1
      5663        23        17        34        44        29        20        37        50         1
      5664        43        23        44        68        51        29        50        70         1
      5665        74        43        68        98        83        51        70       102         1
      5666       131        74        98       181       145        83       102       190         1
      5667         7         2        11        17         8         6        16        20         1
      5668        15         7        17        23        18         8        20        29         1
      5669        32        15        23        43        36        18        29        51         1
      5670        60        32        43        74        65        36        51        83         1
      5671       107        60        74       131       117        65        83       145         1
      5672         4         1         2         7         5         3         6         8         1
      5673         9         4         7        15        14         5         8        18         1
      5674        27         9        15        32        33        14        18        36         1
      5675        54        27        32        60        58        33        36        65         1
      5676        95        54        60       107       106        58        65       117         1
      5677      7227      7347      7211      7093         2
      5678      7359      7462      7347      7227         2
      5679      6644      6792      6654      6489         2
      5680      6785      6943      6792      6644         2
      5681      6654      6792      6872      6728         2
      5682      6792      6943      7001      6872         2
      5683      6728      6872      6970      6832         2
      5684      6872      7001      7108      6970         2
      5685      6832      6970      7014      6890         2
      5686      6970      7108      7151      7014         2
      5687      6890      7014      7055      6930         2
      5688      7014      7151      7189      7055         2
      5689      6930      7055      7101      6969         2
      5690      7055      7189      7225      7101         2
      5691      1750      1912      1907      1746         2
      5692      1912      2079      2076      1907         2
      5693      1746      1907      1959      1790         2
      5694      1907      2076      2131      1959         2
      5695      1880      2045      2190      2033         2
      5696      1750      1912      2045      1880         2
      5697      2045      2211      2357      2190         2
      5698      1912      2079      2211      2045         2
      5699      6969      7101      7228      7111         2
      5700      7101      7225      7343      7228         2
      5701      6785      6944      7084      6943         2
      5702      6944      7093      7211      7084         2
      5703      6943      7084      7144      7001         2
      5704      7084      7211      7277      7144         2
      5705      7001      7144      7233      7108         2
      5706      7144      7277      7358      7233         2
      5707      7108      7233      7279      7151         2
      5708      7233      7358      7395      7279         2
      5709      7151      7279      7310      7189         2
      5710      7279      7395      7419      7310         2
      5711      7189      7310      7346      7225         2
      5712      7310      7419      7454      7346         2
      5713      2079      2246      2240      2076         2
      5714      2246      2424      2423      2240         2
      5715      2076      2240      2311      2131         2
      5716      2240      2423      2482      2311         2
      5717      2211      2377      2511      2357         2
      5718      2079      2246      2377      2211         2
      5719      2377      2553      2691      2511         2
      5720      2246      2424      2553      2377         2
      5721      2462      2624      2481      2316         2
      5722      2625      2792      2624      2462         2
      5723      2624      2802      2657      2481         2
      5724      2792      2958      2802      2624         2
      5725      7225      7346      7447      7343         2
      5726      7346      7454      7559      7447         2
      5727      7211      7347      7399      7277         2
      5728      7347      7462      7511      7399         2
      5729      7277      7399      7470      7358         2
      5730      7399      7511      7580      7470         2
      5731      7358      7470      7504      7395         2
      5732      7470      7580      7611      7504         2
      5733      7395      7504      7534      7419         2
      5734      7504      7611      7641      7534         2
      5735      7419      7534      7566      7454         2
      5736      7534      7641      7669      7566         2
      5737      2424      2603      2600      2423         2
      5738      2603      2790      2787      2600         2
      5739      2423      2600      2659      2482         2
      5740      2600      2787      2849      2659         2
      5741      2482      2659      2730      2556         2
      5742      2659      2849      2920      2730         2
      5743      2553      2725      2859      2691         2
      5744      2424      2603      2725      2553         2
      5745      2725      2907      3040      2859         2
      5746      2603      2790      2907      2725         2
      5747      2802      2975      2837      2657         2
      5748      2958      3125      2975      2802         2
      5749      2975      3146      3008      2837         2
      5750      3125      3301      3146      2975         2
      5751      7454      7566      7660      7559         2
      5752      7566      7669      7743      7660         2
      5753      7099      6954      6735      6895         2
      5754      7289      7160      6954      7099         2
      5755      6954      6807      6577      6735         2
      5756      7160      7019      6807      6954         2
      5757      7172      7018      6803      6968         2
      5758      7359      7227      7018      7172         2
      5759      7018      6873      6642      6803         2
      5760      7227      7093      6873      7018         2
      5761      6873      6710      6475      6642         2
      5762      7093      6944      6710      6873         2
      5763      6710      6552      6315      6475         2
      5764      6944      6785      6552      6710         2
      5765      6552      6402      6149      6315         2
      5766      6785      6644      6402      6552         2
      5767      6402      6242      5997      6149         2
      5768      6644      6489      6242      6402         2
      5769      6803      6517      6696      6968         2
      5770      6642      6359      6517      6803         2
      5771      6517      6239      6420      6696         2
      5772      6359      6068      6239      6517         2
      5773      6239      5959      6141      6420         2
      5774      6068      5788      5959      6239         2
      5775      5959      5686      5868      6141         2
      5776      5788      5486      5686      5959         2
      5777      5686      5394      5593      5868         2
      5778      5486      5197      5394      5686         2
      5779      5394      5114      5301      5593         2
      5780      5197      4975      5114      5394         2
      5781      5114      4911      5059      5301         2
      5782      4975      4785      4911      5114         2
      5783      4911      4724      4867      5059         2
      5784      4785      4594      4724      4911         2
      5785      4724      4550      4684      4867         2
      5786      4594      4409      4550      4724         2
      5787      4550      4369      4504      4684         2
      5788      4409      4223      4369      4550         2
      5789      4369      4184      4336      4504         2
      5790      4223      4034      4184      4369         2
      5791      4184      4003      4159      4336         2
      5792      4034      3848      4003      4184         2
      5793      4003      3817      3979      4159         2
      5794      3848      3660      3817      4003         2
      5795      3817      3635      3807      3979         2
      5796      3660      3470      3635      3817         2
      5797      3635      3460      3628      3807         2
      5798      3470      3307      3460      3635         2
      5799      3460      3304      3462      3628         2
      5800      3307      3127      3304      3460         2
      5801      3304      3133      3313      3462         2
      5802      3127      2965      3133      3304         2
      5803      3133      2986      3160      3313         2
      5804      2965      2809      2986      3133         2
      5805      2986      2837      3008      3160         2
      5806      2809      2657      2837      2986         2
      5807      6475      6187      6359      6642         2
      5808      6315      6018      6187      6475         2
      5809      6187      5890      6068      6359         2
      5810      6018      5733      5890      6187         2
      5811      5890      5610      5788      6068         2
      5812      5733      5425      5610      5890         2
      5813      5610      5300      5486      5788         2
      5814      5425      5132      5300      5610         2
      5815      5300      5046      5197      5486         2
      5816      5132      4913      5046      5300         2
      5817      5046      4844      4975      5197         2
      5818      4913      4714      4844      5046         2
      5819      4844      4656      4785      4975         2
      5820      4714      4523      4656      4844         2
      5821      4656      4470      4594      4785         2
      5822      4523      4332      4470      4656         2
      5823      4470      4268      4409      4594         2
      5824      4332      4137      4268      4470         2
      5825      4268      4076      4223      4409         2
      5826      4137      3936      4076      4268         2
      5827      4076      3880      4034      4223         2
      5828      3936      3734      3880      4076         2
      5829      3880      3687      3848      4034         2
      5830      3734      3534      3687      3880         2
      5831      3687      3497      3660      3848         2
      5832      3534      3352      3497      3687         2
      5833      3497      3320      3470      3660         2
      5834      3352      3162      3320      3497         2
      5835      3320      3135      3307      3470         2
      5836      3162      2979      3135      3320         2
      5837      3135      2963      3127      3307         2
      5838      2979      2799      2963      3135         2
      5839      2963      2796      2965      3127         2
      5840      2799      2622      2796      2963         2
      5841      2796      2628      2809      2965         2
      5842      2622      2464      2628      2796         2
      5843      2628      2481      2657      2809         2
      5844      2464      2316      2481      2628         2
      5845      6149      5856      6018      6315         2
      5846      5997      5702      5856      6149         2
      5847      5856      5560      5733      6018         2
      5848      5702      5388      5560      5856         2
      5849      5560      5246      5425      5733         2
      5850      5388      5101      5246      5560         2
      5851      5246      4999      5132      5425         2
      5852      5101      4883      4999      5246         2
      5853      4999      4795      4913      5132         2
      5854      4883      4676      4795      4999         2
      5855      4795      4599      4714      4913         2
      5856      4676      4478      4599      4795         2
      5857      4599      4400      4523      4714         2
      5858      4478      4272      4400      4599         2
      5859      4400      4202      4332      4523         2
      5860      4272      4061      4202      4400         2
      5861      4202      3992      4137      4332         2
      5862      4061      3859      3992      4202         2
      5863      3992      3793      3936      4137         2
      5864      3859      3650      3793      3992         2
      5865      3793      3580      3734      3936         2
      5866      3650      3439      3580      3793         2
      5867      3580      3382      3534      3734         2
      5868      3439      3234      3382      3580         2
      5869      3382      3195      3352      3534         2
      5870      3234      3050      3195      3382         2
      5871      3195      3000      3162      3352         2
      5872      3050      2855      3000      3195         2
      5873      3000      2823      2979      3162         2
      5874      2855      2664      2823      3000         2
      5875      2823      2637      2799      2979         2
      5876      2664      2480      2637      2823         2
      5877      2637      2463      2622      2799         2
      5878      2480      2310      2463      2637         2
      5879      2463      2305      2464      2622         2
      5880      2310      2139      2305      2463         2
      5881      2305      2144      2316      2464         2
      5882      2139      1975      2144      2305         2
      5883      2143      2306      2144      1975         2
      5884      2318      2474      2306      2143         2
      5885      2306      2462      2316      2144         2
      5886      2474      2625      2462      2306         2
      5887      2730      2837      3008      2920         2
      5888      2556      2657      2837      2730         2
      5889      2481      2376      2556      2657         2
      5890      2316      2210      2376      2481         2
      5891      2311      2376      2556      2482         2
      5892      2131      2210      2376      2311         2
      5893      2037      1959      2131      2210         2
      5894      1870      1790      1959      2037         2
      5895      2144      2037      2210      2316         2
      5896      1975      1870      2037      2144         2
      5897      7368      7234      7033      7184         2
      5898      7519      7410      7234      7368         2
      5899      7234      7099      6895      7033         2
      5900      7410      7289      7099      7234         2
      5901      1896      2054      2139      1975         2
      5902      1823      1984      2054      1896         2
      5903      8480      8493      1984      1823         2
      5904      2054      2228      2310      2139         2
      5905      1984      2156      2228      2054         2
      5906      8493      8505      2156      1984         2
      5907      2228      2404      2480      2310         2
      5908      2156      2336      2404      2228         2
      5909      8505      8521      2336      2156         2
      5910      2404      2583      2664      2480         2
      5911      2336      2516      2583      2404         2
      5912      8521      8538      2516      2336         2
      5913      2583      2779      2855      2664         2
      5914      2516      2716      2779      2583         2
      5915      8538      8555      2716      2516         2
      5916      2779      2982      3050      2855         2
      5917      2716      2918      2982      2779         2
      5918      8555      8570      2918      2716         2
      5919      2982      3185      3234      3050         2
      5920      2918      3113      3185      2982         2
      5921      8570      8584      3113      2918         2
      5922      3185      3379      3439      3234         2
      5923      3113      3332      3379      3185         2
      5924      8584      8597      3332      3113         2
      5925      3379      3581      3650      3439         2
      5926      3332      3530      3581      3379         2
      5927      8597      8612      3530      3332         2
      5928      3581      3802      3859      3650         2
      5929      3530      3740      3802      3581         2
      5930      8612      8627      3740      3530         2
      5931      3802      4012      4061      3859         2
      5932      3740      3956      4012      3802         2
      5933      8627      8641      3956      3740         2
      5934      4012      4222      4272      4061         2
      5935      3956      4168      4222      4012         2
      5936      8641      8656      4168      3956         2
      5937      4222      4433      4478      4272         2
      5938      4168      4387      4433      4222         2
      5939      8656      8670      4387      4168         2
      5940      4433      4633      4676      4478         2
      5941      4387      4588      4633      4433         2
      5942      8670      8684      4588      4387         2
      5943      4633      4835      4883      4676         2
      5944      4588      4794      4835      4633         2
      5945      8684      8698      4794      4588         2
      5946      4835      5047      5101      4883         2
      5947      4794      5002      5047      4835         2
      5948      8698      8712      5002      4794         2
      5949      5047      5322      5388      5101         2
      5950      5002      5259      5322      5047         2
      5951      8712      8725      5259      5002         2
      5952      5322      5645      5702      5388         2
      5953      5259      5583      5645      5322         2
      5954      8725      8742      5583      5259         2
      5955      5645      5931      5997      5702         2
      5956      5583      5884      5931      5645         2
      5957      8742      8759      5884      5583         2
      5958      2229      2390      2464      2316         2
      5959      2165      2322      2390      2229         2
      5960      8507      8519      2322      2165         2
      5961      2390      2555      2622      2464         2
      5962      2322      2489      2555      2390         2
      5963      8519      8531      2489      2322         2
      5964      2555      2724      2799      2622         2
      5965      2489      2665      2724      2555         2
      5966      8531      8548      2665      2489         2
      5967      2724      2906      2979      2799         2
      5968      2665      2851      2906      2724         2
      5969      8548      8563      2851      2665         2
      5970      2906      3091      3162      2979         2
      5971      2851      3035      3091      2906         2
      5972      8563      8579      3035      2851         2
      5973      3091      3284      3352      3162         2
      5974      3035      3220      3284      3091         2
      5975      8579      8592      3220      3035         2
      5976      3284      3469      3534      3352         2
      5977      3220      3415      3469      3284         2
      5978      8592      8604      3415      3220         2
      5979      3469      3677      3734      3534         2
      5980      3415      3612      3677      3469         2
      5981      8604      8618      3612      3415         2
      5982      3677      3874      3936      3734         2
      5983      3612      3821      3874      3677         2
      5984      8618      8632      3821      3612         2
      5985      3874      4078      4137      3936         2
      5986      3821      4026      4078      3874         2
      5987      8632      8645      4026      3821         2
      5988      4078      4285      4332      4137         2
      5989      4026      4232      4285      4078         2
      5990      8645      8658      4232      4026         2
      5991      4285      4477      4523      4332         2
      5992      4232      4435      4477      4285         2
      5993      8658      8672      4435      4232         2
      5994      4477      4672      4714      4523         2
      5995      4435      4631      4672      4477         2
      5996      8672      8686      4631      4435         2
      5997      4672      4871      4913      4714         2
      5998      4631      4824      4871      4672         2
      5999      8686      8701      4824      4631         2
      6000      4871      5077      5132      4913         2
      6001      4824      5032      5077      4871         2
      6002      8701      8715      5032      4824         2
      6003      5077      5353      5425      5132         2
      6004      5032      5293      5353      5077         2
      6005      8715      8729      5293      5032         2
      6006      5353      5671      5733      5425         2
      6007      5293      5614      5671      5353         2
      6008      8729      8743      5614      5293         2
      6009      5671      5958      6018      5733         2
      6010      5614      5904      5958      5671         2
      6011      8743      8761      5904      5614         2
      6012      5958      6253      6315      6018         2
      6013      5904      6205      6253      5958         2
      6014      8761      8786      6205      5904         2
      6015      2574      2731      2809      2657         2
      6016      2508      2673      2731      2574         2
      6017      8537      8549      2673      2508         2
      6018      2731      2897      2965      2809         2
      6019      2673      2842      2897      2731         2
      6020      8549      8562      2842      2673         2
      6021      2897      3076      3127      2965         2
      6022      2842      2999      3076      2897         2
      6023      8562      8574      2999      2842         2
      6024      3076      3227      3307      3127         2
      6025      2999      3182      3227      3076         2
      6026      8574      8587      3182      2999         2
      6027      3227      3410      3470      3307         2
      6028      3182      3358      3410      3227         2
      6029      8587      8601      3358      3182         2
      6030      3410      3590      3660      3470         2
      6031      3358      3540      3590      3410         2
      6032      8601      8613      3540      3358         2
      6033      3590      3790      3848      3660         2
      6034      3540      3730      3790      3590         2
      6035      8613      8626      3730      3540         2
      6036      3790      3975      4034      3848         2
      6037      3730      3924      3975      3790         2
      6038      8626      8639      3924      3730         2
      6039      3975      4166      4223      4034         2
      6040      3924      4122      4166      3975         2
      6041      8639      8651      4122      3924         2
      6042      4166      4361      4409      4223         2
      6043      4122      4310      4361      4166         2
      6044      8651      8664      4310      4122         2
      6045      4361      4549      4594      4409         2
      6046      4310      4499      4549      4361         2
      6047      8664      8677      4499      4310         2
      6048      4549      4734      4785      4594         2
      6049      4499      4691      4734      4549         2
      6050      8677      8691      4691      4499         2
      6051      4734      4925      4975      4785         2
      6052      4691      4886      4925      4734         2
      6053      8691      8704      4886      4691         2
      6054      4925      5140      5197      4975         2
      6055      4886      5092      5140      4925         2
      6056      8704      8716      5092      4886         2
      6057      5140      5430      5486      5197         2
      6058      5092      5364      5430      5140         2
      6059      8716      8730      5364      5092         2
      6060      5430      5728      5788      5486         2
      6061      5364      5672      5728      5430         2
      6062      8730      8744      5672      5364         2
      6063      5728      6009      6068      5788         2
      6064      5672      5951      6009      5728         2
      6065      8744      8765      5951      5672         2
      6066      6009      6303      6359      6068         2
      6067      5951      6241      6303      6009         2
      6068      8765      8792      6241      5951         2
      6069      6303      6589      6642      6359         2
      6070      6241      6529      6589      6303         2
      6071      8792      8815      6529      6241         2
      6072      2941      3090      3160      3008         2
      6073      2877      3033      3090      2941         2
      6074      8567      8578      3033      2877         2
      6075      3090      3238      3313      3160         2
      6076      3033      3191      3238      3090         2
      6077      8578      8588      3191      3033         2
      6078      3238      3406      3462      3313         2
      6079      3191      3353      3406      3238         2
      6080      8588      8600      3353      3191         2
      6081      3406      3571      3628      3462         2
      6082      3353      3517      3571      3406         2
      6083      8600      8610      3517      3353         2
      6084      3571      3742      3807      3628         2
      6085      3517      3689      3742      3571         2
      6086      8610      8623      3689      3517         2
      6087      3742      3922      3979      3807         2
      6088      3689      3870      3922      3742         2
      6089      8623      8633      3870      3689         2
      6090      3922      4104      4159      3979         2
      6091      3870      4055      4104      3922         2
      6092      8633      8647      4055      3870         2
      6093      4104      4290      4336      4159         2
      6094      4055      4236      4290      4104         2
      6095      8647      8659      4236      4055         2
      6096      4290      4468      4504      4336         2
      6097      4236      4422      4468      4290         2
      6098      8659      8671      4422      4236         2
      6099      4468      4640      4684      4504         2
      6100      4422      4598      4640      4468         2
      6101      8671      8685      4598      4422         2
      6102      4640      4819      4867      4684         2
      6103      4598      4779      4819      4640         2
      6104      8685      8697      4779      4598         2
      6105      4819      5008      5059      4867         2
      6106      4779      4966      5008      4819         2
      6107      8697      8708      4966      4779         2
      6108      5008      5233      5301      5059         2
      6109      4966      5174      5233      5008         2
      6110      8708      8722      5174      4966         2
      6111      5233      5528      5593      5301         2
      6112      5174      5464      5528      5233         2
      6113      8722      8735      5464      5174         2
      6114      5528      5813      5868      5593         2
      6115      5464      5757      5813      5528         2
      6116      8735      8750      5757      5464         2
      6117      5813      6093      6141      5868         2
      6118      5757      6032      6093      5813         2
      6119      8750      8771      6032      5757         2
      6120      6093      6369      6420      6141         2
      6121      6032      6316      6369      6093         2
      6122      8771      8797      6316      6032         2
      6123      6369      6646      6696      6420         2
      6124      6316      6604      6646      6369         2
      6125      8797      8820      6604      6316         2
      6126      6646      6925      6968      6696         2
      6127      6604      6876      6925      6646         2
      6128      8820      8843      6876      6604         2
      6129      6242      6194      6442      6489         2
      6130      5997      5931      6194      6242         2
      6131      6194      6135      6390      6442         2
      6132      5931      5884      6135      6194         2
      6133      6135      8783      8804      6390         2
      6134      5884      8759      8783      6135         2
      6135      6552      6492      6747      6785         2
      6136      6315      6253      6492      6552         2
      6137      6492      6450      6686      6747         2
      6138      6253      6205      6450      6492         2
      6139      6450      8809      8828      6686         2
      6140      6205      8786      8809      6450         2
      6141      7172      7129      7316      7359         2
      6142      6968      6925      7129      7172         2
      6143      7129      7092      7284      7316         2
      6144      6925      6876      7092      7129         2
      6145      7092      8859      8870      7284         2
      6146      6876      8843      8859      7092         2
      6147      6873      6821      7035      7093         2
      6148      6642      6589      6821      6873         2
      6149      6821      6767      6989      7035         2
      6150      6589      6529      6767      6821         2
      6151      6767      8837      8853      6989         2
      6152      6529      8815      8837      6767         2
      6153      6898      6661      6807      7019         2
      6154      6749      6502      6661      6898         2
      6155      6661      6419      6577      6807         2
      6156      6502      6266      6419      6661         2
      6157      7172      7240      7048      6968         2
      6158      7359      7414      7240      7172         2
      6159      7368      7240      7414      7519         2
      6160      7184      7048      7240      7368         2
      6161      7099      6963      7163      7289         2
      6162      6895      6739      6963      7099         2
      6163      6873      6963      6739      6642         2
      6164      7093      7163      6963      6873         2
      6165      6807      6655      6889      7019         2
      6166      6577      6410      6655      6807         2
      6167      6552      6655      6410      6315         2
      6168      6785      6889      6655      6552         2
      6169      6242      6349      6104      5997         2
      6170      6489      6594      6349      6242         2
      6171      6803      6907      7048      6968         2
      6172      6642      6739      6907      6803         2
      6173      7033      6907      6739      6895         2
      6174      7184      7048      6907      7033         2
      6175      6475      6572      6739      6642         2
      6176      6315      6410      6572      6475         2
      6177      6735      6572      6410      6577         2
      6178      6895      6739      6572      6735         2
      6179      6149      6251      6410      6315         2
      6180      5997      6104      6251      6149         2
      6181      6419      6251      6104      6266         2
      6182      6577      6410      6251      6419         2
      6183      7227      7298      7163      7093         2
      6184      7359      7414      7298      7227         2
      6185      7410      7298      7414      7519         2
      6186      7289      7163      7298      7410         2
      6187      6944      7022      6889      6785         2
      6188      7093      7163      7022      6944         2
      6189      7160      7022      7163      7289         2
      6190      7019      6889      7022      7160         2
      6191      6644      6741      6594      6489         2
      6192      6785      6889      6741      6644         2
      6193      6898      6741      6889      7019         2
      6194      6749      6594      6741      6898         2
      6195      2787      2915      2907      2790         2
      6196      2915      3052      3040      2907         2
      6197      2849      2978      2915      2787         2
      6198      2978      3116      3052      2915         2
      6199      2920      3063      2978      2849         2
      6200      3063      3211      3116      2978         2
      6201      3146      3063      2920      3008         2
      6202      3301      3211      3063      3146         2
      6203      2423      2557      2553      2424         2
      6204      2557      2705      2691      2553         2
      6205      2482      2615      2557      2423         2
      6206      2615      2771      2705      2557         2
      6207      2556      2710      2615      2482         2
      6208      2710      2861      2771      2615         2
      6209      2802      2710      2556      2657         2
      6210      2958      2861      2710      2802         2
      6211      2076      2215      2211      2079         2
      6212      2215      2365      2357      2211         2
      6213      2131      2283      2215      2076         2
      6214      2283      2444      2365      2215         2
      6215      2462      2366      2210      2316         2
      6216      2625      2532      2366      2462         2
      6217      2210      2366      2283      2131         2
      6218      2366      2532      2444      2283         2
      6219      1746      1884      1880      1750         2
      6220      1884      2044      2033      1880         2
      6221      1790      1956      1884      1746         2
      6222      1956      2126      2044      1884         2
      6223      1870      2039      1956      1790         2
      6224      2039      2220      2126      1956         2
      6225      2143      2039      1870      1975         2
      6226      2318      2220      2039      2143         2
      6227      2703      2708      2787      2790         2
      6228      2608      2614      2708      2703         2
      6229      8542      8545      2614      2608         2
      6230      2787      2708      2755      2849         2
      6231      2708      2614      2695      2755         2
      6232      2614      8545      8552      2695         2
      6233      2849      2755      2854      2920         2
      6234      2755      2695      2781      2854         2
      6235      2695      8552      8559      2781         2
      6236      2920      2854      2941      3008         2
      6237      2854      2781      2877      2941         2
      6238      2781      8559      8567      2877         2
      6239      2424      2330      2335      2423         2
      6240      2330      2235      2242      2335         2
      6241      2235      8511      8513      2242         2
      6242      2423      2335      2401      2482         2
      6243      2335      2242      2325      2401         2
      6244      2242      8513      8517      2325         2
      6245      2482      2401      2486      2556         2
      6246      2401      2325      2413      2486         2
      6247      2325      8517      8528      2413         2
      6248      2556      2486      2574      2657         2
      6249      2486      2413      2508      2574         2
      6250      2413      8528      8537      2508         2
      6251      2079      1978      1979      2076         2
      6252      1978      1875      1888      1979         2
      6253      1875      8484      8485      1888         2
      6254      2076      1979      2043      2131         2
      6255      1979      1888      1966      2043         2
      6256      1888      8485      8488      1966         2
      6257      2131      2043      2136      2210         2
      6258      2043      1966      2056      2136         2
      6259      1966      8488      8499      2056         2
      6260      2210      2136      2229      2316         2
      6261      2136      2056      2165      2229         2
      6262      2056      8499      8507      2165         2
      6263      1646      1650      1746      1750         2
      6264      1543      1550      1650      1646         2
      6265      8458      8460      1550      1543         2
      6266      1746      1650      1706      1790         2
      6267      1650      1550      1628      1706         2
      6268      1550      8460      8464      1628         2
      6269      1790      1706      1788      1870         2
      6270      1706      1628      1717      1788         2
      6271      1628      8464      8473      1717         2
      6272      1870      1788      1896      1975         2
      6273      1788      1717      1823      1896         2
      6274      1717      8473      8480      1823         2
      6275      7641      7665      7646      7611         2
      6276      7611      7646      7616      7580         2
      6277      7580      7616      7563      7511         2
      6278      7462      7513      7414      7359         2
      6279      7511      7563      7513      7462         2
      6280      7419      7446      7428      7395         2
      6281      7395      7428      7400      7358         2
      6282      7358      7400      7335      7277         2
      6283      7211      7285      7163      7093         2
      6284      7277      7335      7285      7211         2
      6285      7189      7215      7198      7151         2
      6286      7151      7198      7157      7108         2
      6287      7108      7157      7081      7001         2
      6288      6943      7008      6889      6785         2
      6289      7001      7081      7008      6943         2
      6290      6930      6964      6937      6890         2
      6291      6890      6937      6900      6832         2
      6292      6832      6900      6799      6728         2
      6293      6654      6738      6594      6489         2
      6294      6728      6799      6738      6654         2
      6295      7743      7739      7665      7669         2
      6296      7665      7739      7723      7646         2
      6297      7646      7723      7707      7616         2
      6298      7616      7707      7655      7563         2
      6299      7414      7513      7607      7519         2
      6300      7563      7655      7607      7513         2
      6301      7559      7554      7446      7454         2
      6302      7446      7554      7532      7428         2
      6303      7428      7532      7494      7400         2
      6304      7400      7494      7438      7335         2
      6305      7163      7285      7390      7289         2
      6306      7335      7438      7390      7285         2
      6307      7343      7337      7215      7225         2
      6308      7215      7337      7314      7198         2
      6309      7198      7314      7282      7157         2
      6310      7157      7282      7206      7081         2
      6311      6889      7008      7146      7019         2
      6312      7081      7206      7146      7008         2
      6313      7111      7102      6964      6969         2
      6314      6964      7102      7075      6937         2
      6315      6937      7075      7027      6900         2
      6316      6900      7027      6952      6799         2
      6317      6594      6738      6892      6749         2
      6318      6799      6952      6892      6738         2
      6319      7571      7560      8886      8887         2
      6320      7613      7595      7560      7571         2
      6321      7669      7641      7595      7613         2
      6322      7611      7578      7595      7641         2
      6323      7578      7535      7560      7595         2
      6324      7535      8884      8886      7560         2
      6325      7580      7539      7578      7611         2
      6326      7539      7496      7535      7578         2
      6327      7496      8883      8884      7535         2
      6328      7511      7473      7539      7580         2
      6329      7473      7436      7496      7539         2
      6330      7436      8881      8883      7496         2
      6331      7359      7316      7420      7462         2
      6332      7316      7284      7385      7420         2
      6333      7284      8870      8877      7385         2
      6334      7462      7420      7473      7511         2
      6335      7420      7385      7436      7473         2
      6336      7385      8877      8881      7436         2
      6337      7342      7326      8874      8875         2
      6338      7396      7373      7326      7342         2
      6339      7454      7419      7373      7396         2
      6340      7395      7350      7373      7419         2
      6341      7350      7301      7326      7373         2
      6342      7301      8871      8874      7326         2
      6343      7358      7308      7350      7395         2
      6344      7308      7259      7301      7350         2
      6345      7259      8868      8871      7301         2
      6346      7277      7232      7308      7358         2
      6347      7232      7188      7259      7308         2
      6348      7188      8865      8868      7259         2
      6349      7093      7035      7170      7211         2
      6350      7035      6989      7127      7170         2
      6351      6989      8853      8860      7127         2
      6352      7211      7170      7232      7277         2
      6353      7170      7127      7188      7232         2
      6354      7127      8860      8865      7188         2
      6355      7088      7067      8857      8858         2
      6356      7152      7124      7067      7088         2
      6357      7225      7189      7124      7152         2
      6358      7151      7097      7124      7189         2
      6359      7097      7032      7067      7124         2
      6360      7032      8854      8857      7067         2
      6361      7108      7041      7097      7151         2
      6362      7041      6987      7032      7097         2
      6363      6987      8852      8854      7032         2
      6364      7001      6960      7041      7108         2
      6365      6960      6914      6987      7041         2
      6366      6914      8845      8852      6987         2
      6367      6785      6747      6894      6943         2
      6368      6747      6686      6840      6894         2
      6369      6686      8828      8840      6840         2
      6370      6943      6894      6960      7001         2
      6371      6894      6840      6914      6960         2
      6372      6840      8840      8845      6914         2
      6373      6809      6782      8838      8839         2
      6374      6891      6858      6782      6809         2
      6375      6969      6930      6858      6891         2
      6376      6890      6820      6858      6930         2
      6377      6820      6756      6782      6858         2
      6378      6756      8832      8838      6782         2
      6379      6832      6763      6820      6890         2
      6380      6763      6704      6756      6820         2
      6381      6704      8829      8832      6756         2
      6382      6728      6668      6763      6832         2
      6383      6668      6618      6704      6763         2
      6384      6618      8821      8829      6704         2
      6385      6654      6596      6668      6728         2
      6386      6596      6532      6618      6668         2
      6387      6532      8814      8821      6618         2
      6388      6442      6596      6654      6489         2
      6389      6390      6532      6596      6442         2
      6390      8804      8814      6532      6390         2
      6391      7410      7499      7390      7289         2
      6392      7519      7607      7499      7410         2
      6393      7743      7660      7651      7739         2
      6394      7660      7559      7554      7651         2
      6395      7739      7651      7635      7723         2
      6396      7651      7554      7532      7635         2
      6397      7723      7635      7601      7707         2
      6398      7635      7532      7494      7601         2
      6399      7707      7601      7553      7655         2
      6400      7601      7494      7438      7553         2
      6401      7655      7553      7499      7607         2
      6402      7553      7438      7390      7499         2
      6403      7447      7441      7554      7559         2
      6404      7343      7337      7441      7447         2
      6405      7160      7275      7146      7019         2
      6406      7289      7390      7275      7160         2
      6407      7554      7441      7421      7532         2
      6408      7441      7337      7314      7421         2
      6409      7532      7421      7392      7494         2
      6410      7421      7314      7282      7392         2
      6411      7494      7392      7329      7438         2
      6412      7392      7282      7206      7329         2
      6413      7438      7329      7275      7390         2
      6414      7329      7206      7146      7275         2
      6415      7228      7219      7337      7343         2
      6416      7111      7102      7219      7228         2
      6417      6898      7012      6892      6749         2
      6418      7019      7146      7012      6898         2
      6419      7337      7219      7200      7314         2
      6420      7219      7102      7075      7200         2
      6421      7314      7200      7159      7282         2
      6422      7200      7075      7027      7159         2
      6423      7282      7159      7085      7206         2
      6424      7159      7027      6952      7085         2
      6425      7206      7085      7012      7146         2
      6426      7085      6952      6892      7012         2
      6427      3125      3042      3211      3301         2
      6428      2958      2861      3042      3125         2
      6429      2859      2865      2705      2691         2
      6430      3040      3052      2865      2859         2
      6431      3116      2947      2865      3052         2
      6432      2947      2771      2705      2865         2
      6433      3211      3042      2947      3116         2
      6434      3042      2861      2771      2947         2
      6435      2792      2704      2861      2958         2
      6436      2625      2532      2704      2792         2
      6437      2511      2528      2365      2357         2
      6438      2691      2705      2528      2511         2
      6439      2771      2604      2528      2705         2
      6440      2604      2444      2365      2528         2
      6441      2861      2704      2604      2771         2
      6442      2704      2532      2444      2604         2
      6443      2474      2371      2532      2625         2
      6444      2318      2220      2371      2474         2
      6445      2190      2202      2044      2033         2
      6446      2357      2365      2202      2190         2
      6447      2444      2285      2202      2365         2
      6448      2285      2126      2044      2202         2
      6449      2532      2371      2285      2444         2
      6450      2371      2220      2126      2285         2
      6451      6502      6349      6594      6749         2
      6452      6266      6104      6349      6502         2
      6453      8453      8465      8470      8458         2
      6454      8465      8477      8484      8470         2
      6455      8526      8524      8539      8542         2
      6456      8511      8508      8524      8526         2
      6457      8511      8496      8491      8508         2
      6458      8496      8484      8477      8491         2
      6459      8802      8774      8792      8815         2
      6460      8786      8761      8774      8802         2
      6461      8774      8752      8765      8792         2
      6462      8761      8743      8752      8774         2
      6463      8752      8736      8744      8765         2
      6464      8743      8729      8736      8752         2
      6465      8736      8721      8730      8744         2
      6466      8729      8715      8721      8736         2
      6467      8721      8707      8716      8730         2
      6468      8715      8701      8707      8721         2
      6469      8707      8693      8704      8716         2
      6470      8701      8686      8693      8707         2
      6471      8693      8681      8691      8704         2
      6472      8686      8672      8681      8693         2
      6473      8681      8669      8677      8691         2
      6474      8672      8658      8669      8681         2
      6475      8669      8655      8664      8677         2
      6476      8658      8645      8655      8669         2
      6477      8655      8642      8651      8664         2
      6478      8645      8632      8642      8655         2
      6479      8642      8628      8639      8651         2
      6480      8632      8618      8628      8642         2
      6481      8628      8616      8626      8639         2
      6482      8618      8604      8616      8628         2
      6483      8616      8603      8613      8626         2
      6484      8604      8592      8603      8616         2
      6485      8603      8589      8601      8613         2
      6486      8592      8579      8589      8603         2
      6487      8589      8576      8587      8601         2
      6488      8579      8563      8576      8589         2
      6489      8576      8561      8574      8587         2
      6490      8563      8548      8561      8576         2
      6491      8561      8547      8562      8574         2
      6492      8548      8531      8547      8561         2
      6493      8547      8532      8549      8562         2
      6494      8531      8519      8532      8547         2
      6495      8532      8522      8537      8549         2
      6496      8519      8507      8522      8532         2
      6497      8830      8806      8820      8843         2
      6498      8815      8792      8806      8830         2
      6499      8806      8782      8797      8820         2
      6500      8792      8765      8782      8806         2
      6501      8782      8756      8771      8797         2
      6502      8765      8744      8756      8782         2
      6503      8756      8740      8750      8771         2
      6504      8744      8730      8740      8756         2
      6505      8740      8728      8735      8750         2
      6506      8730      8716      8728      8740         2
      6507      8728      8713      8722      8735         2
      6508      8716      8704      8713      8728         2
      6509      8713      8700      8708      8722         2
      6510      8704      8691      8700      8713         2
      6511      8700      8687      8697      8708         2
      6512      8691      8677      8687      8700         2
      6513      8687      8674      8685      8697         2
      6514      8677      8664      8674      8687         2
      6515      8674      8662      8671      8685         2
      6516      8664      8651      8662      8674         2
      6517      8662      8648      8659      8671         2
      6518      8651      8639      8648      8662         2
      6519      8648      8636      8647      8659         2
      6520      8639      8626      8636      8648         2
      6521      8636      8624      8633      8647         2
      6522      8626      8613      8624      8636         2
      6523      8624      8611      8623      8633         2
      6524      8613      8601      8611      8624         2
      6525      8611      8599      8610      8623         2
      6526      8601      8587      8599      8611         2
      6527      8599      8586      8600      8610         2
      6528      8587      8574      8586      8599         2
      6529      8586      8575      8588      8600         2
      6530      8574      8562      8575      8586         2
      6531      8575      8564      8578      8588         2
      6532      8562      8549      8564      8575         2
      6533      8564      8553      8567      8578         2
      6534      8549      8537      8553      8564         2
      6535      8839      8849      8856      8848         2
      6536      8849      8858      8864      8856         2
      6537      8872      8867      8875      8879         2
      6538      8864      8858      8867      8872         2
      6539      8885      8882      8887      8888         2
      6540      8879      8875      8882      8885         2
      6541      8772      8749      8761      8786         2
      6542      8759      8742      8749      8772         2
      6543      8749      8734      8743      8761         2
      6544      8742      8725      8734      8749         2
      6545      8734      8719      8729      8743         2
      6546      8725      8712      8719      8734         2
      6547      8719      8706      8715      8729         2
      6548      8712      8698      8706      8719         2
      6549      8706      8692      8701      8715         2
      6550      8698      8684      8692      8706         2
      6551      8692      8678      8686      8701         2
      6552      8684      8670      8678      8692         2
      6553      8678      8663      8672      8686         2
      6554      8670      8656      8663      8678         2
      6555      8663      8649      8658      8672         2
      6556      8656      8641      8649      8663         2
      6557      8649      8634      8645      8658         2
      6558      8641      8627      8634      8649         2
      6559      8634      8621      8632      8645         2
      6560      8627      8612      8621      8634         2
      6561      8621      8608      8618      8632         2
      6562      8612      8597      8608      8621         2
      6563      8608      8594      8604      8618         2
      6564      8597      8584      8594      8608         2
      6565      8594      8580      8592      8604         2
      6566      8584      8570      8580      8594         2
      6567      8580      8566      8579      8592         2
      6568      8570      8555      8566      8580         2
      6569      8566      8551      8563      8579         2
      6570      8555      8538      8551      8566         2
      6571      8551      8533      8548      8563         2
      6572      8538      8521      8533      8551         2
      6573      8533      8518      8531      8548         2
      6574      8521      8505      8518      8533         2
      6575      8518      8504      8519      8531         2
      6576      8505      8493      8504      8518         2
      6577      8504      8494      8507      8519         2
      6578      8493      8480      8494      8504         2
      6579      8830      8850      8837      8815         2
      6580      8843      8859      8850      8830         2
      6581      8850      8862      8853      8837         2
      6582      8859      8870      8862      8850         2
      6583      8802      8822      8809      8786         2
      6584      8815      8837      8822      8802         2
      6585      8822      8842      8828      8809         2
      6586      8837      8853      8842      8822         2
      6587      8772      8794      8783      8759         2
      6588      8786      8809      8794      8772         2
      6589      8794      8816      8804      8783         2
      6590      8809      8828      8816      8794         2
      6591      8882      8880      8886      8887         2
      6592      8875      8874      8880      8882         2
      6593      8862      8869      8860      8853         2
      6594      8870      8877      8869      8862         2
      6595      8886      8880      8878      8884         2
      6596      8880      8874      8871      8878         2
      6597      8884      8878      8876      8883         2
      6598      8878      8871      8868      8876         2
      6599      8883      8876      8873      8881         2
      6600      8876      8868      8865      8873         2
      6601      8881      8873      8869      8877         2
      6602      8873      8865      8860      8869         2
      6603      8867      8866      8874      8875         2
      6604      8858      8857      8866      8867         2
      6605      8842      8851      8840      8828         2
      6606      8853      8860      8851      8842         2
      6607      8874      8866      8863      8871         2
      6608      8866      8857      8854      8863         2
      6609      8871      8863      8861      8868         2
      6610      8863      8854      8852      8861         2
      6611      8868      8861      8855      8865         2
      6612      8861      8852      8845      8855         2
      6613      8865      8855      8851      8860         2
      6614      8855      8845      8840      8851         2
      6615      8849      8847      8857      8858         2
      6616      8839      8838      8847      8849         2
      6617      8816      8827      8814      8804         2
      6618      8828      8840      8827      8816         2
      6619      8857      8847      8844      8854         2
      6620      8847      8838      8832      8844         2
      6621      8854      8844      8841      8852         2
      6622      8844      8832      8829      8841         2
      6623      8852      8841      8833      8845         2
      6624      8841      8829      8821      8833         2
      6625      8845      8833      8827      8840         2
      6626      8833      8821      8814      8827         2
      6627      8470      8472      8460      8458         2
      6628      8484      8485      8472      8470         2
      6629      8494      8486      8499      8507         2
      6630      8480      8473      8486      8494         2
      6631      8488      8476      8472      8485         2
      6632      8476      8464      8460      8472         2
      6633      8499      8486      8476      8488         2
      6634      8486      8473      8464      8476         2
      6635      8496      8498      8485      8484         2
      6636      8511      8513      8498      8496         2
      6637      8522      8512      8528      8537         2
      6638      8507      8499      8512      8522         2
      6639      8517      8503      8498      8513         2
      6640      8503      8488      8485      8498         2
      6641      8528      8512      8503      8517         2
      6642      8512      8499      8488      8503         2
      6643      8526      8529      8513      8511         2
      6644      8542      8545      8529      8526         2
      6645      8553      8543      8559      8567         2
      6646      8537      8528      8543      8553         2
      6647      8552      8534      8529      8545         2
      6648      8534      8517      8513      8529         2
      6649      8559      8543      8534      8552         2
      6650      8543      8528      8517      8534         2
      6651      6334      6484      6356      6188         3
      6652      6473      6634      6484      6334         3
      6653      5791      5944      5831      5664         3
      6654      5909      6082      5944      5791         3
      6655      5831      5944      6033      5907         3
      6656      5944      6082      6155      6033         3
      6657      5907      6033      6143      6024         3
      6658      6033      6155      6272      6143         3
      6659      6024      6143      6207      6092         3
      6660      6143      6272      6337      6207         3
      6661      6092      6207      6246      6129         3
      6662      6207      6337      6378      6246         3
      6663      6129      6246      6305      6181         3
      6664      6246      6378      6422      6305         3
      6665       964      1061      1055       958         3
      6666      1061      1170      1168      1055         3
      6667       958      1055      1101       999         3
      6668      1055      1168      1212      1101         3
      6669      1092      1189      1330      1233         3
      6670       964      1061      1189      1092         3
      6671      1189      1308      1454      1330         3
      6672      1061      1170      1308      1189         3
      6673      6181      6305      6461      6353         3
      6674      6305      6422      6590      6461         3
      6675      5909      6047      6214      6082         3
      6676      6047      6188      6356      6214         3
      6677      6082      6214      6299      6155         3
      6678      6214      6356      6430      6299         3
      6679      6155      6299      6405      6272         3
      6680      6299      6430      6530      6405         3
      6681      6272      6405      6457      6337         3
      6682      6405      6530      6601      6457         3
      6683      6337      6457      6498      6378         3
      6684      6457      6601      6640      6498         3
      6685      6378      6498      6550      6422         3
      6686      6498      6640      6681      6550         3
      6687      1170      1290      1284      1168         3
      6688      1290      1426      1423      1284         3
      6689      1168      1284      1331      1212         3
      6690      1284      1423      1481      1331         3
      6691      1308      1430      1583      1454         3
      6692      1170      1290      1430      1308         3
      6693      1430      1566      1713      1583         3
      6694      1290      1426      1566      1430         3
      6695      1535      1675      1500      1373         3
      6696      1729      1856      1675      1535         3
      6697      1675      1813      1653      1500         3
      6698      1856      1999      1813      1675         3
      6699      6422      6550      6709      6590         3
      6700      6550      6681      6843      6709         3
      6701      6356      6484      6564      6430         3
      6702      6484      6634      6706      6564         3
      6703      6430      6564      6670      6530         3
      6704      6564      6706      6813      6670         3
      6705      6530      6670      6732      6601         3
      6706      6670      6813      6867      6732         3
      6707      6601      6732      6771      6640         3
      6708      6732      6867      6917      6771         3
      6709      6640      6771      6819      6681         3
      6710      6771      6917      6953      6819         3
      6711      1426      1574      1570      1423         3
      6712      1574      1727      1721      1570         3
      6713      1423      1570      1611      1481         3
      6714      1570      1721      1771      1611         3
      6715      1481      1611      1690      1546         3
      6716      1611      1771      1850      1690         3
      6717      1566      1708      1857      1713         3
      6718      1426      1574      1708      1566         3
      6719      1708      1859      2016      1857         3
      6720      1574      1727      1859      1708         3
      6721      1813      1964      1793      1653         3
      6722      1999      2151      1964      1813         3
      6723      1964      2114      1957      1793         3
      6724      2151      2303      2114      1964         3
      6725      6681      6819      6966      6843         3
      6726      6819      6953      7096      6966         3
      6727      6208      6070      5824      5960         3
      6728      6451      6321      6070      6208         3
      6729      6070      5929      5694      5824         3
      6730      6321      6192      5929      6070         3
      6731      6221      6080      5832      5976         3
      6732      6473      6334      6080      6221         3
      6733      6080      5926      5687      5832         3
      6734      6334      6188      5926      6080         3
      6735      5926      5800      5537      5687         3
      6736      6188      6047      5800      5926         3
      6737      5800      5661      5391      5537         3
      6738      6047      5909      5661      5800         3
      6739      5661      5521      5250      5391         3
      6740      5909      5791      5521      5661         3
      6741      5521      5390      5127      5250         3
      6742      5791      5664      5390      5521         3
      6743      5832      5517      5684      5976         3
      6744      5687      5355      5517      5832         3
      6745      5517      5203      5363      5684         3
      6746      5355      5071      5203      5517         3
      6747      5203      4959      5078      5363         3
      6748      5071      4849      4959      5203         3
      6749      4959      4757      4866      5078         3
      6750      4849      4646      4757      4959         3
      6751      4757      4553      4662      4866         3
      6752      4646      4443      4553      4757         3
      6753      4553      4350      4469      4662         3
      6754      4443      4229      4350      4553         3
      6755      4350      4139      4253      4469         3
      6756      4229      4011      4139      4350         3
      6757      4139      3918      4053      4253         3
      6758      4011      3794      3918      4139         3
      6759      3918      3699      3845      4053         3
      6760      3794      3573      3699      3918         3
      6761      3699      3493      3626      3845         3
      6762      3573      3363      3493      3699         3
      6763      3493      3289      3420      3626         3
      6764      3363      3155      3289      3493         3
      6765      3289      3085      3221      3420         3
      6766      3155      2940      3085      3289         3
      6767      3085      2878      3031      3221         3
      6768      2940      2732      2878      3085         3
      6769      2878      2686      2839      3031         3
      6770      2732      2537      2686      2878         3
      6771      2686      2491      2642      2839         3
      6772      2537      2345      2491      2686         3
      6773      2491      2315      2457      2642         3
      6774      2345      2158      2315      2491         3
      6775      2315      2128      2288      2457         3
      6776      2158      1977      2128      2315         3
      6777      2128      1958      2110      2288         3
      6778      1977      1802      1958      2128         3
      6779      1958      1793      1957      2110         3
      6780      1802      1653      1793      1958         3
      6781      5537      5213      5355      5687         3
      6782      5391      5086      5213      5537         3
      6783      5213      4961      5071      5355         3
      6784      5086      4860      4961      5213         3
      6785      4961      4752      4849      5071         3
      6786      4860      4652      4752      4961         3
      6787      4752      4542      4646      4849         3
      6788      4652      4442      4542      4752         3
      6789      4542      4331      4443      4646         3
      6790      4442      4220      4331      4542         3
      6791      4331      4113      4229      4443         3
      6792      4220      4002      4113      4331         3
      6793      4113      3890      4011      4229         3
      6794      4002      3776      3890      4113         3
      6795      3890      3671      3794      4011         3
      6796      3776      3550      3671      3890         3
      6797      3671      3446      3573      3794         3
      6798      3550      3339      3446      3671         3
      6799      3446      3226      3363      3573         3
      6800      3339      3106      3226      3446         3
      6801      3226      3020      3155      3363         3
      6802      3106      2888      3020      3226         3
      6803      3020      2813      2940      3155         3
      6804      2888      2679      2813      3020         3
      6805      2813      2594      2732      2940         3
      6806      2679      2473      2594      2813         3
      6807      2594      2400      2537      2732         3
      6808      2473      2258      2400      2594         3
      6809      2400      2201      2345      2537         3
      6810      2258      2059      2201      2400         3
      6811      2201      2014      2158      2345         3
      6812      2059      1871      2014      2201         3
      6813      2014      1831      1977      2158         3
      6814      1871      1687      1831      2014         3
      6815      1831      1666      1802      1977         3
      6816      1687      1519      1666      1831         3
      6817      1666      1500      1653      1802         3
      6818      1519      1373      1500      1666         3
      6819      5250      4982      5086      5391         3
      6820      5127      4894      4982      5250         3
      6821      4982      4768      4860      5086         3
      6822      4894      4675      4768      4982         3
      6823      4768      4559      4652      4860         3
      6824      4675      4466      4559      4768         3
      6825      4559      4341      4442      4652         3
      6826      4466      4242      4341      4559         3
      6827      4341      4120      4220      4442         3
      6828      4242      4013      4120      4341         3
      6829      4120      3888      4002      4220         3
      6830      4013      3787      3888      4120         3
      6831      3888      3665      3776      4002         3
      6832      3787      3555      3665      3888         3
      6833      3665      3430      3550      3776         3
      6834      3555      3333      3430      3665         3
      6835      3430      3214      3339      3550         3
      6836      3333      3095      3214      3430         3
      6837      3214      2992      3106      3339         3
      6838      3095      2867      2992      3214         3
      6839      2992      2759      2888      3106         3
      6840      2867      2655      2759      2992         3
      6841      2759      2551      2679      2888         3
      6842      2655      2430      2551      2759         3
      6843      2551      2342      2473      2679         3
      6844      2430      2221      2342      2551         3
      6845      2342      2138      2258      2473         3
      6846      2221      2013      2138      2342         3
      6847      2138      1941      2059      2258         3
      6848      2013      1809      1941      2138         3
      6849      1941      1748      1871      2059         3
      6850      1809      1614      1748      1941         3
      6851      1748      1565      1687      1871         3
      6852      1614      1442      1565      1748         3
      6853      1565      1399      1519      1687         3
      6854      1442      1280      1399      1565         3
      6855      1399      1248      1373      1519         3
      6856      1280      1141      1248      1399         3
      6857      1305      1410      1248      1141         3
      6858      1491      1593      1410      1305         3
      6859      1410      1535      1373      1248         3
      6860      1593      1729      1535      1410         3
      6861      1690      1793      1957      1850         3
      6862      1546      1653      1793      1690         3
      6863      1500      1400      1546      1653         3
      6864      1373      1275      1400      1500         3
      6865      1331      1400      1546      1481         3
      6866      1212      1275      1400      1331         3
      6867      1165      1101      1212      1275         3
      6868      1057       999      1101      1165         3
      6869      1248      1165      1275      1373         3
      6870      1141      1057      1165      1248         3
      6871      6487      6352      6106      6249         3
      6872      6731      6592      6352      6487         3
      6873      6352      6208      5960      6106         3
      6874      6592      6451      6208      6352         3
      6875      1075      1210      1280      1141         3
      6876      1004      1131      1210      1075         3
      6877      8425      8433      1131      1004         3
      6878      1210      1366      1442      1280         3
      6879      1131      1288      1366      1210         3
      6880      8433      8441      1288      1131         3
      6881      1366      1537      1614      1442         3
      6882      1288      1469      1537      1366         3
      6883      8441      8452      1469      1288         3
      6884      1537      1732      1809      1614         3
      6885      1469      1664      1732      1537         3
      6886      8452      8468      1664      1469         3
      6887      1732      1937      2013      1809         3
      6888      1664      1855      1937      1732         3
      6889      8468      8482      1855      1664         3
      6890      1937      2148      2221      2013         3
      6891      1855      2067      2148      1937         3
      6892      8482      8500      2067      1855         3
      6893      2148      2360      2430      2221         3
      6894      2067      2297      2360      2148         3
      6895      8500      8515      2297      2067         3
      6896      2360      2573      2655      2430         3
      6897      2297      2505      2573      2360         3
      6898      8515      8536      2505      2297         3
      6899      2573      2808      2867      2655         3
      6900      2505      2734      2808      2573         3
      6901      8536      8556      2734      2505         3
      6902      2808      3037      3095      2867         3
      6903      2734      2971      3037      2808         3
      6904      8556      8572      2971      2734         3
      6905      3037      3258      3333      3095         3
      6906      2971      3205      3258      3037         3
      6907      8572      8590      3205      2971         3
      6908      3258      3492      3555      3333         3
      6909      3205      3429      3492      3258         3
      6910      8590      8606      3429      3205         3
      6911      3492      3722      3787      3555         3
      6912      3429      3670      3722      3492         3
      6913      8606      8620      3670      3429         3
      6914      3722      3953      4013      3787         3
      6915      3670      3901      3953      3722         3
      6916      8620      8638      3901      3670         3
      6917      3953      4195      4242      4013         3
      6918      3901      4144      4195      3953         3
      6919      8638      8653      4144      3901         3
      6920      4195      4416      4466      4242         3
      6921      4144      4365      4416      4195         3
      6922      8653      8667      4365      4144         3
      6923      4416      4632      4675      4466         3
      6924      4365      4587      4632      4416         3
      6925      8667      8683      4587      4365         3
      6926      4632      4846      4894      4675         3
      6927      4587      4806      4846      4632         3
      6928      8683      8699      4806      4587         3
      6929      4846      5075      5127      4894         3
      6930      4806      5031      5075      4846         3
      6931      8699      8714      5031      4806         3
      6932      1294      1445      1519      1373         3
      6933      1225      1372      1445      1294         3
      6934      8437      8447      1372      1225         3
      6935      1445      1605      1687      1519         3
      6936      1372      1531      1605      1445         3
      6937      8447      8459      1531      1372         3
      6938      1605      1789      1871      1687         3
      6939      1531      1718      1789      1605         3
      6940      8459      8474      1718      1531         3
      6941      1789      1989      2059      1871         3
      6942      1718      1915      1989      1789         3
      6943      8474      8487      1915      1718         3
      6944      1989      2182      2258      2059         3
      6945      1915      2111      2182      1989         3
      6946      8487      8501      2111      1915         3
      6947      2182      2395      2473      2258         3
      6948      2111      2326      2395      2182         3
      6949      8501      8520      2326      2111         3
      6950      2395      2602      2679      2473         3
      6951      2326      2540      2602      2395         3
      6952      8520      8540      2540      2326         3
      6953      2602      2828      2888      2679         3
      6954      2540      2749      2828      2602         3
      6955      8540      8558      2749      2540         3
      6956      2828      3049      3106      2888         3
      6957      2749      2987      3049      2828         3
      6958      8558      8573      2987      2749         3
      6959      3049      3261      3339      3106         3
      6960      2987      3209      3261      3049         3
      6961      8573      8591      3209      2987         3
      6962      3261      3484      3550      3339         3
      6963      3209      3425      3484      3261         3
      6964      8591      8605      3425      3209         3
      6965      3484      3710      3776      3550         3
      6966      3425      3663      3710      3484         3
      6967      8605      8619      3663      3425         3
      6968      3710      3941      4002      3776         3
      6969      3663      3889      3941      3710         3
      6970      8619      8635      3889      3663         3
      6971      3941      4165      4220      4002         3
      6972      3889      4121      4165      3941         3
      6973      8635      8650      4121      3889         3
      6974      4165      4392      4442      4220         3
      6975      4121      4345      4392      4165         3
      6976      8650      8665      4345      4121         3
      6977      4392      4606      4652      4442         3
      6978      4345      4562      4606      4392         3
      6979      8665      8680      4562      4345         3
      6980      4606      4813      4860      4652         3
      6981      4562      4776      4813      4606         3
      6982      8680      8695      4776      4562         3
      6983      4813      5036      5086      4860         3
      6984      4776      4992      5036      4813         3
      6985      8695      8711      4992      4776         3
      6986      5036      5324      5391      5086         3
      6987      4992      5262      5324      5036         3
      6988      8711      8727      5262      4992         3
      6989      1568      1726      1802      1653         3
      6990      1494      1658      1726      1568         3
      6991      8454      8467      1658      1494         3
      6992      1726      1897      1977      1802         3
      6993      1658      1824      1897      1726         3
      6994      8467      8481      1824      1658         3
      6995      1897      2080      2158      1977         3
      6996      1824      2008      2080      1897         3
      6997      8481      8495      2008      1824         3
      6998      2080      2264      2345      2158         3
      6999      2008      2196      2264      2080         3
      7000      8495      8510      2196      2008         3
      7001      2264      2470      2537      2345         3
      7002      2196      2399      2470      2264         3
      7003      8510      8525      2399      2196         3
      7004      2470      2670      2732      2537         3
      7005      2399      2596      2670      2470         3
      7006      8525      8544      2596      2399         3
      7007      2670      2870      2940      2732         3
      7008      2596      2817      2870      2670         3
      7009      8544      8560      2817      2596         3
      7010      2870      3086      3155      2940         3
      7011      2817      3028      3086      2870         3
      7012      8560      8577      3028      2817         3
      7013      3086      3306      3363      3155         3
      7014      3028      3232      3306      3086         3
      7015      8577      8593      3232      3028         3
      7016      3306      3516      3573      3363         3
      7017      3232      3450      3516      3306         3
      7018      8593      8607      3450      3232         3
      7019      3516      3736      3794      3573         3
      7020      3450      3681      3736      3516         3
      7021      8607      8622      3681      3450         3
      7022      3736      3951      4011      3794         3
      7023      3681      3900      3951      3736         3
      7024      8622      8637      3900      3681         3
      7025      3951      4172      4229      4011         3
      7026      3900      4126      4172      3951         3
      7027      8637      8652      4126      3900         3
      7028      4172      4393      4443      4229         3
      7029      4126      4348      4393      4172         3
      7030      8652      8666      4348      4126         3
      7031      4393      4601      4646      4443         3
      7032      4348      4558      4601      4393         3
      7033      8666      8679      4558      4348         3
      7034      4601      4808      4849      4646         3
      7035      4558      4764      4808      4601         3
      7036      8679      8694      4764      4558         3
      7037      4808      5018      5071      4849         3
      7038      4764      4976      5018      4808         3
      7039      8694      8709      4976      4764         3
      7040      5018      5292      5355      5071         3
      7041      4976      5229      5292      5018         3
      7042      8709      8723      5229      4976         3
      7043      5292      5627      5687      5355         3
      7044      5229      5563      5627      5292         3
      7045      8723      8741      5563      5229         3
      7046      1873      2034      2110      1957         3
      7047      1799      1963      2034      1873         3
      7048      8478      8489      1963      1799         3
      7049      2034      2208      2288      2110         3
      7050      1963      2141      2208      2034         3
      7051      8489      8502      2141      1963         3
      7052      2208      2383      2457      2288         3
      7053      2141      2319      2383      2208         3
      7054      8502      8516      2319      2141         3
      7055      2383      2565      2642      2457         3
      7056      2319      2501      2565      2383         3
      7057      8516      8535      2501      2319         3
      7058      2565      2753      2839      2642         3
      7059      2501      2701      2753      2565         3
      7060      8535      8554      2701      2501         3
      7061      2753      2960      3031      2839         3
      7062      2701      2895      2960      2753         3
      7063      8554      8569      2895      2701         3
      7064      2960      3165      3221      3031         3
      7065      2895      3096      3165      2960         3
      7066      8569      8582      3096      2895         3
      7067      3165      3367      3420      3221         3
      7068      3096      3310      3367      3165         3
      7069      8582      8595      3310      3096         3
      7070      3367      3569      3626      3420         3
      7071      3310      3513      3569      3367         3
      7072      8595      8609      3513      3310         3
      7073      3569      3785      3845      3626         3
      7074      3513      3726      3785      3569         3
      7075      8609      8625      3726      3513         3
      7076      3785      3993      4053      3845         3
      7077      3726      3940      3993      3785         3
      7078      8625      8640      3940      3726         3
      7079      3993      4207      4253      4053         3
      7080      3940      4157      4207      3993         3
      7081      8640      8654      4157      3940         3
      7082      4207      4418      4469      4253         3
      7083      4157      4367      4418      4207         3
      7084      8654      8668      4367      4157         3
      7085      4418      4618      4662      4469         3
      7086      4367      4575      4618      4418         3
      7087      8668      8682      4575      4367         3
      7088      4618      4817      4866      4662         3
      7089      4575      4778      4817      4618         3
      7090      8682      8696      4778      4575         3
      7091      4817      5029      5078      4866         3
      7092      4778      4984      5029      4817         3
      7093      8696      8710      4984      4778         3
      7094      5029      5297      5363      5078         3
      7095      4984      5234      5297      5029         3
      7096      8710      8724      5234      4984         3
      7097      5297      5621      5684      5363         3
      7098      5234      5562      5621      5297         3
      7099      8724      8739      5562      5234         3
      7100      5621      5919      5976      5684         3
      7101      5562      5866      5919      5621         3
      7102      8739      8757      5866      5562         3
      7103      5390      5323      5603      5664         3
      7104      5127      5075      5323      5390         3
      7105      5323      5261      5543      5603         3
      7106      5075      5031      5261      5323         3
      7107      5261      8726      8738      5543         3
      7108      5031      8714      8726      5261         3
      7109      5661      5598      5854      5909         3
      7110      5391      5324      5598      5661         3
      7111      5598      5539      5810      5854         3
      7112      5324      5262      5539      5598         3
      7113      5539      8737      8753      5810         3
      7114      5262      8727      8737      5539         3
      7115      5926      5875      6127      6188         3
      7116      5687      5627      5875      5926         3
      7117      5875      5823      6075      6127         3
      7118      5627      5563      5823      5875         3
      7119      5823      8754      8775      6075         3
      7120      5563      8741      8754      5823         3
      7121      6221      6169      6416      6473         3
      7122      5976      5919      6169      6221         3
      7123      6169      6114      6368      6416         3
      7124      5919      5866      6114      6169         3
      7125      6114      8779      8801      6368         3
      7126      5866      8757      8779      6114         3
      7127      6062      5816      5929      6192         3
      7128      5934      5692      5816      6062         3
      7129      5816      5561      5694      5929         3
      7130      5692      5429      5561      5816         3
      7131      6221      6332      6087      5976         3
      7132      6473      6569      6332      6221         3
      7133      6487      6332      6569      6731         3
      7134      6249      6087      6332      6487         3
      7135      6208      6039      6293      6451         3
      7136      5960      5794      6039      6208         3
      7137      5926      6039      5794      5687         3
      7138      6188      6293      6039      5926         3
      7139      5929      5768      6015      6192         3
      7140      5694      5506      5768      5929         3
      7141      5661      5768      5506      5391         3
      7142      5909      6015      5768      5661         3
      7143      5390      5502      5226      5127         3
      7144      5664      5776      5502      5390         3
      7145      5692      5502      5776      5934         3
      7146      5429      5226      5502      5692         3
      7147      5832      5925      6087      5976         3
      7148      5687      5794      5925      5832         3
      7149      6106      5925      5794      5960         3
      7150      6249      6087      5925      6106         3
      7151      5537      5652      5794      5687         3
      7152      5391      5506      5652      5537         3
      7153      5824      5652      5506      5694         3
      7154      5960      5794      5652      5824         3
      7155      5250      5365      5506      5391         3
      7156      5127      5226      5365      5250         3
      7157      5561      5365      5226      5429         3
      7158      5694      5506      5365      5561         3
      7159      6334      6429      6293      6188         3
      7160      6473      6569      6429      6334         3
      7161      6592      6429      6569      6731         3
      7162      6451      6293      6429      6592         3
      7163      6047      6147      6015      5909         3
      7164      6188      6293      6147      6047         3
      7165      6321      6147      6293      6451         3
      7166      6192      6015      6147      6321         3
      7167      5791      5887      5776      5664         3
      7168      5909      6015      5887      5791         3
      7169      6062      5887      6015      6192         3
      7170      5934      5776      5887      6062         3
      7171      1721      1864      1859      1727         3
      7172      1864      2025      2016      1859         3
      7173      1771      1940      1864      1721         3
      7174      1940      2106      2025      1864         3
      7175      1850      2019      1940      1771         3
      7176      2019      2197      2106      1940         3
      7177      2114      2019      1850      1957         3
      7178      2303      2197      2019      2114         3
      7179      1423      1571      1566      1426         3
      7180      1571      1731      1713      1566         3
      7181      1481      1635      1571      1423         3
      7182      1635      1806      1731      1571         3
      7183      1546      1711      1635      1481         3
      7184      1711      1900      1806      1635         3
      7185      1813      1711      1546      1653         3
      7186      1999      1900      1711      1813         3
      7187      1168      1310      1308      1170         3
      7188      1310      1465      1454      1308         3
      7189      1212      1364      1310      1168         3
      7190      1364      1534      1465      1310         3
      7191      1535      1443      1275      1373         3
      7192      1729      1638      1443      1535         3
      7193      1275      1443      1364      1212         3
      7194      1443      1638      1534      1364         3
      7195       958      1094      1092       964         3
      7196      1094      1244      1233      1092         3
      7197       999      1137      1094       958         3
      7198      1137      1313      1244      1094         3
      7199      1057      1219      1137       999         3
      7200      1219      1392      1313      1137         3
      7201      1305      1219      1057      1141         3
      7202      1491      1392      1219      1305         3
      7203      1619      1621      1721      1727         3
      7204      1517      1525      1621      1619         3
      7205      8456      8457      1525      1517         3
      7206      1721      1621      1684      1771         3
      7207      1621      1525      1598      1684         3
      7208      1525      8457      8463      1598         3
      7209      1771      1684      1770      1850         3
      7210      1684      1598      1695      1770         3
      7211      1598      8463      8471      1695         3
      7212      1850      1770      1873      1957         3
      7213      1770      1695      1799      1873         3
      7214      1695      8471      8478      1799         3
      7215      1426      1320      1324      1423         3
      7216      1320      1236      1243      1324         3
      7217      1236      8436      8438      1243         3
      7218      1423      1324      1387      1481         3
      7219      1324      1243      1309      1387         3
      7220      1243      8438      8443      1309         3
      7221      1481      1387      1474      1546         3
      7222      1387      1309      1391      1474         3
      7223      1309      8443      8448      1391         3
      7224      1546      1474      1568      1653         3
      7225      1474      1391      1494      1568         3
      7226      1391      8448      8454      1494         3
      7227      1170      1077      1081      1168         3
      7228      1077       990       996      1081         3
      7229       990      8423      8424       996         3
      7230      1168      1081      1124      1212         3
      7231      1081       996      1053      1124         3
      7232       996      8424      8428      1053         3
      7233      1212      1124      1203      1275         3
      7234      1124      1053      1127      1203         3
      7235      1053      8428      8432      1127         3
      7236      1275      1203      1294      1373         3
      7237      1203      1127      1225      1294         3
      7238      1127      8432      8437      1225         3
      7239       875       876       958       964         3
      7240       792       800       876       875         3
      7241      8414      8415       800       792         3
      7242       958       876       921       999         3
      7243       876       800       858       921         3
      7244       800      8415      8417       858         3
      7245       999       921       989      1057         3
      7246       921       858       923       989         3
      7247       858      8417      8420       923         3
      7248      1057       989      1075      1141         3
      7249       989       923      1004      1075         3
      7250       923      8420      8425      1004         3
      7251      6917      6947      6922      6867         3
      7252      6867      6922      6878      6813         3
      7253      6813      6878      6779      6706         3
      7254      6634      6716      6569      6473         3
      7255      6706      6779      6716      6634         3
      7256      6640      6672      6647      6601         3
      7257      6601      6647      6608      6530         3
      7258      6530      6608      6501      6430         3
      7259      6356      6441      6293      6188         3
      7260      6430      6501      6441      6356         3
      7261      6378      6413      6391      6337         3
      7262      6337      6391      6345      6272         3
      7263      6272      6345      6237      6155         3
      7264      6082      6167      6015      5909         3
      7265      6155      6237      6167      6082         3
      7266      6129      6174      6138      6092         3
      7267      6092      6138      6100      6024         3
      7268      6024      6100      5992      5907         3
      7269      5831      5920      5776      5664         3
      7270      5907      5992      5920      5831         3
      7271      6843      6833      6672      6681         3
      7272      6672      6833      6800      6647         3
      7273      6647      6800      6759      6608         3
      7274      6608      6759      6669      6501         3
      7275      6293      6441      6605      6451         3
      7276      6501      6669      6605      6441         3
      7277      6590      6580      6413      6422         3
      7278      6413      6580      6546      6391         3
      7279      6391      6546      6497      6345         3
      7280      6345      6497      6408      6237         3
      7281      6015      6167      6343      6192         3
      7282      6237      6408      6343      6167         3
      7283      6353      6344      6174      6181         3
      7284      6174      6344      6313      6138         3
      7285      6138      6313      6261      6100         3
      7286      6100      6261      6162      5992         3
      7287      5776      5920      6098      5934         3
      7288      5992      6162      6098      5920         3
      7289      7096      7086      6947      6953         3
      7290      6947      7086      7056      6922         3
      7291      6922      7056      7010      6878         3
      7292      6878      7010      6938      6779         3
      7293      6569      6716      6869      6731         3
      7294      6779      6938      6869      6716         3
      7295      6783      6769      8834      8835         3
      7296      6868      6841      6769      6783         3
      7297      6953      6917      6841      6868         3
      7298      6813      6752      6797      6867         3
      7299      6752      6685      6745      6797         3
      7300      6685      8826      8831      6745         3
      7301      6867      6797      6841      6917         3
      7302      6797      6745      6769      6841         3
      7303      6745      8831      8834      6769         3
      7304      6706      6650      6752      6813         3
      7305      6650      6598      6685      6752         3
      7306      6598      8819      8826      6685         3
      7307      6473      6416      6573      6634         3
      7308      6416      6368      6510      6573         3
      7309      6368      8801      8813      6510         3
      7310      6634      6573      6650      6706         3
      7311      6573      6510      6598      6650         3
      7312      6510      8813      8819      6598         3
      7313      6503      6486      8810      8811         3
      7314      6602      6557      6486      6503         3
      7315      6681      6640      6557      6602         3
      7316      6601      6513      6557      6640         3
      7317      6513      6455      6486      6557         3
      7318      6455      8808      8810      6486         3
      7319      6530      6470      6513      6601         3
      7320      6470      6407      6455      6513         3
      7321      6407      8805      8808      6455         3
      7322      6430      6367      6470      6530         3
      7323      6367      6307      6407      6470         3
      7324      6307      8795      8805      6407         3
      7325      6188      6127      6294      6356         3
      7326      6127      6075      6227      6294         3
      7327      6075      8775      8790      6227         3
      7328      6356      6294      6367      6430         3
      7329      6294      6227      6307      6367         3
      7330      6227      8790      8795      6307         3
      7331      6240      6220      8787      8788         3
      7332      6336      6300      6220      6240         3
      7333      6422      6378      6300      6336         3
      7334      6337      6254      6300      6378         3
      7335      6254      6195      6220      6300         3
      7336      6195      8785      8787      6220         3
      7337      6272      6203      6254      6337         3
      7338      6203      6136      6195      6254         3
      7339      6136      8781      8785      6195         3
      7340      6155      6102      6203      6272         3
      7341      6102      6038      6136      6203         3
      7342      6038      8770      8781      6136         3
      7343      5909      5854      6013      6082         3
      7344      5854      5810      5954      6013         3
      7345      5810      8753      8764      5954         3
      7346      6082      6013      6102      6155         3
      7347      6013      5954      6038      6102         3
      7348      5954      8764      8770      6038         3
      7349      5991      5970      8766      8768         3
      7350      6090      6049      5970      5991         3
      7351      6181      6129      6049      6090         3
      7352      6092      6008      6049      6129         3
      7353      6008      5930      5970      6049         3
      7354      5930      8762      8766      5970         3
      7355      6024      5947      6008      6092         3
      7356      5947      5886      5930      6008         3
      7357      5886      8758      8762      5930         3
      7358      5907      5842      5947      6024         3
      7359      5842      5787      5886      5947         3
      7360      5787      8751      8758      5886         3
      7361      5664      5603      5769      5831         3
      7362      5603      5543      5711      5769         3
      7363      5543      8738      8747      5711         3
      7364      5831      5769      5842      5907         3
      7365      5769      5711      5787      5842         3
      7366      5711      8747      8751      5787         3
      7367      6592      6737      6605      6451         3
      7368      6731      6869      6737      6592         3
      7369      6833      6962      6966      6843         3
      7370      6962      7086      7096      6966         3
      7371      6669      6796      6899      6759         3
      7372      6796      6938      7010      6899         3
      7373      6605      6737      6796      6669         3
      7374      6737      6869      6938      6796         3
      7375      6709      6702      6833      6843         3
      7376      6590      6580      6702      6709         3
      7377      6321      6462      6343      6192         3
      7378      6451      6605      6462      6321         3
      7379      6759      6632      6533      6669         3
      7380      6632      6497      6408      6533         3
      7381      6669      6533      6462      6605         3
      7382      6533      6408      6343      6462         3
      7383      6461      6454      6580      6590         3
      7384      6353      6344      6454      6461         3
      7385      6062      6215      6098      5934         3
      7386      6192      6343      6215      6062         3
      7387      6497      6382      6291      6408         3
      7388      6382      6261      6162      6291         3
      7389      6408      6291      6215      6343         3
      7390      6291      6162      6098      6215         3
      7391      2151      2047      2197      2303         3
      7392      1999      1900      2047      2151         3
      7393      1857      1872      1731      1713         3
      7394      2016      2025      1872      1857         3
      7395      2106      1955      1872      2025         3
      7396      1955      1806      1731      1872         3
      7397      2197      2047      1955      2106         3
      7398      2047      1900      1806      1955         3
      7399      1856      1765      1900      1999         3
      7400      1729      1638      1765      1856         3
      7401      1900      1765      1672      1806         3
      7402      1765      1638      1534      1672         3
      7403      1731      1588      1583      1713         3
      7404      1588      1465      1454      1583         3
      7405      1806      1672      1588      1731         3
      7406      1672      1534      1465      1588         3
      7407      1593      1506      1638      1729         3
      7408      1491      1392      1506      1593         3
      7409      1330      1341      1244      1233         3
      7410      1454      1465      1341      1330         3
      7411      1534      1415      1341      1465         3
      7412      1415      1313      1244      1341         3
      7413      1638      1506      1415      1534         3
      7414      1506      1392      1313      1415         3
      7415      6800      6934      6962      6833         3
      7416      6934      7056      7086      6962         3
      7417      6759      6899      6934      6800         3
      7418      6899      7010      7056      6934         3
      7419      6833      6702      6671      6800         3
      7420      6702      6580      6546      6671         3
      7421      6800      6671      6632      6759         3
      7422      6671      6546      6497      6632         3
      7423      6580      6454      6427      6546         3
      7424      6454      6344      6313      6427         3
      7425      6546      6427      6382      6497         3
      7426      6427      6313      6261      6382         3
      7427      8413      8416      8418      8414         3
      7428      8416      8421      8423      8418         3
      7429      8445      8442      8451      8456         3
      7430      8436      8434      8442      8445         3
      7431      8436      8429      8427      8434         3
      7432      8429      8423      8421      8427         3
      7433      8733      8718      8723      8741         3
      7434      8727      8711      8718      8733         3
      7435      8718      8703      8709      8723         3
      7436      8711      8695      8703      8718         3
      7437      8703      8688      8694      8709         3
      7438      8695      8680      8688      8703         3
      7439      8688      8673      8679      8694         3
      7440      8680      8665      8673      8688         3
      7441      8673      8657      8666      8679         3
      7442      8665      8650      8657      8673         3
      7443      8657      8643      8652      8666         3
      7444      8650      8635      8643      8657         3
      7445      8643      8630      8637      8652         3
      7446      8635      8619      8630      8643         3
      7447      8630      8615      8622      8637         3
      7448      8619      8605      8615      8630         3
      7449      8615      8598      8607      8622         3
      7450      8605      8591      8598      8615         3
      7451      8598      8583      8593      8607         3
      7452      8591      8573      8583      8598         3
      7453      8583      8568      8577      8593         3
      7454      8573      8558      8568      8583         3
      7455      8568      8550      8560      8577         3
      7456      8558      8540      8550      8568         3
      7457      8550      8530      8544      8560         3
      7458      8540      8520      8530      8550         3
      7459      8530      8514      8525      8544         3
      7460      8520      8501      8514      8530         3
      7461      8514      8497      8510      8525         3
      7462      8501      8487      8497      8514         3
      7463      8497      8483      8495      8510         3
      7464      8487      8474      8483      8497         3
      7465      8483      8469      8481      8495         3
      7466      8474      8459      8469      8483         3
      7467      8469      8455      8467      8481         3
      7468      8459      8447      8455      8469         3
      7469      8455      8444      8454      8467         3
      7470      8447      8437      8444      8455         3
      7471      8748      8731      8739      8757         3
      7472      8741      8723      8731      8748         3
      7473      8731      8717      8724      8739         3
      7474      8723      8709      8717      8731         3
      7475      8717      8702      8710      8724         3
      7476      8709      8694      8702      8717         3
      7477      8702      8689      8696      8710         3
      7478      8694      8679      8689      8702         3
      7479      8689      8675      8682      8696         3
      7480      8679      8666      8675      8689         3
      7481      8675      8661      8668      8682         3
      7482      8666      8652      8661      8675         3
      7483      8661      8646      8654      8668         3
      7484      8652      8637      8646      8661         3
      7485      8646      8631      8640      8654         3
      7486      8637      8622      8631      8646         3
      7487      8631      8617      8625      8640         3
      7488      8622      8607      8617      8631         3
      7489      8617      8602      8609      8625         3
      7490      8607      8593      8602      8617         3
      7491      8602      8585      8595      8609         3
      7492      8593      8577      8585      8602         3
      7493      8585      8571      8582      8595         3
      7494      8577      8560      8571      8585         3
      7495      8571      8557      8569      8582         3
      7496      8560      8544      8557      8571         3
      7497      8557      8541      8554      8569         3
      7498      8544      8525      8541      8557         3
      7499      8541      8523      8535      8554         3
      7500      8525      8510      8523      8541         3
      7501      8523      8506      8516      8535         3
      7502      8510      8495      8506      8523         3
      7503      8506      8490      8502      8516         3
      7504      8495      8481      8490      8506         3
      7505      8490      8479      8489      8502         3
      7506      8481      8467      8479      8490         3
      7507      8479      8466      8478      8489         3
      7508      8467      8454      8466      8479         3
      7509      8768      8777      8791      8780         3
      7510      8777      8788      8800      8791         3
      7511      8812      8799      8811      8825         3
      7512      8800      8788      8799      8812         3
      7513      8836      8824      8835      8846         3
      7514      8825      8811      8824      8836         3
      7515      8720      8705      8711      8727         3
      7516      8714      8699      8705      8720         3
      7517      8705      8690      8695      8711         3
      7518      8699      8683      8690      8705         3
      7519      8690      8676      8680      8695         3
      7520      8683      8667      8676      8690         3
      7521      8676      8660      8665      8680         3
      7522      8667      8653      8660      8676         3
      7523      8660      8644      8650      8665         3
      7524      8653      8638      8644      8660         3
      7525      8644      8629      8635      8650         3
      7526      8638      8620      8629      8644         3
      7527      8629      8614      8619      8635         3
      7528      8620      8606      8614      8629         3
      7529      8614      8596      8605      8619         3
      7530      8606      8590      8596      8614         3
      7531      8596      8581      8591      8605         3
      7532      8590      8572      8581      8596         3
      7533      8581      8565      8573      8591         3
      7534      8572      8556      8565      8581         3
      7535      8565      8546      8558      8573         3
      7536      8556      8536      8546      8565         3
      7537      8546      8527      8540      8558         3
      7538      8536      8515      8527      8546         3
      7539      8527      8509      8520      8540         3
      7540      8515      8500      8509      8527         3
      7541      8509      8492      8501      8520         3
      7542      8500      8482      8492      8509         3
      7543      8492      8475      8487      8501         3
      7544      8482      8468      8475      8492         3
      7545      8475      8462      8474      8487         3
      7546      8468      8452      8462      8475         3
      7547      8462      8449      8459      8474         3
      7548      8452      8441      8449      8462         3
      7549      8449      8439      8447      8459         3
      7550      8441      8433      8439      8449         3
      7551      8439      8431      8437      8447         3
      7552      8433      8425      8431      8439         3
      7553      8748      8767      8754      8741         3
      7554      8757      8779      8767      8748         3
      7555      8767      8789      8775      8754         3
      7556      8779      8801      8789      8767         3
      7557      8733      8746      8737      8727         3
      7558      8741      8754      8746      8733         3
      7559      8746      8763      8753      8737         3
      7560      8754      8775      8763      8746         3
      7561      8720      8732      8726      8714         3
      7562      8727      8737      8732      8720         3
      7563      8732      8745      8738      8726         3
      7564      8737      8753      8745      8732         3
      7565      8824      8823      8834      8835         3
      7566      8811      8810      8823      8824         3
      7567      8789      8803      8790      8775         3
      7568      8801      8813      8803      8789         3
      7569      8831      8818      8817      8826         3
      7570      8818      8808      8805      8817         3
      7571      8834      8823      8818      8831         3
      7572      8823      8810      8808      8818         3
      7573      8826      8817      8807      8819         3
      7574      8817      8805      8795      8807         3
      7575      8819      8807      8803      8813         3
      7576      8807      8795      8790      8803         3
      7577      8799      8798      8810      8811         3
      7578      8788      8787      8798      8799         3
      7579      8763      8778      8764      8753         3
      7580      8775      8790      8778      8763         3
      7581      8810      8798      8796      8808         3
      7582      8798      8787      8785      8796         3
      7583      8808      8796      8793      8805         3
      7584      8796      8785      8781      8793         3
      7585      8805      8793      8784      8795         3
      7586      8793      8781      8770      8784         3
      7587      8795      8784      8778      8790         3
      7588      8784      8770      8764      8778         3
      7589      8777      8776      8787      8788         3
      7590      8768      8766      8776      8777         3
      7591      8745      8755      8747      8738         3
      7592      8753      8764      8755      8745         3
      7593      8787      8776      8773      8785         3
      7594      8776      8766      8762      8773         3
      7595      8785      8773      8769      8781         3
      7596      8773      8762      8758      8769         3
      7597      8781      8769      8760      8770         3
      7598      8769      8758      8751      8760         3
      7599      8770      8760      8755      8764         3
      7600      8760      8751      8747      8755         3
      7601      8418      8419      8415      8414         3
      7602      8423      8424      8419      8418         3
      7603      8431      8426      8432      8437         3
      7604      8425      8420      8426      8431         3
      7605      8428      8422      8419      8424         3
      7606      8422      8417      8415      8419         3
      7607      8432      8426      8422      8428         3
      7608      8426      8420      8417      8422         3
      7609      8429      8430      8424      8423         3
      7610      8436      8438      8430      8429         3
      7611      8444      8440      8448      8454         3
      7612      8437      8432      8440      8444         3
      7613      8443      8435      8430      8438         3
      7614      8435      8428      8424      8430         3
      7615      8448      8440      8435      8443         3
      7616      8440      8432      8428      8435         3
      7617      8445      8446      8438      8436         3
      7618      8456      8457      8446      8445         3
      7619      8466      8461      8471      8478         3
      7620      8454      8448      8461      8466         3
      7621      8463      8450      8446      8457         3
      7622      8450      8443      8438      8446         3
      7623      8471      8461      8450      8463         3
      7624      8461      8448      8443      8450         3
      7625      7641      7669      7665      7665         4
      7626      7419      7454      7446      7446         4
      7627      7189      7225      7215      7215         4
      7628      6930      6969      6964      6964         4
      7629      6917      6953      6947      6947         5
      7630      6640      6681      6672      6672         5
      7631      6378      6422      6413      6413         5
      7632      6129      6181      6174      6174         5
