 time: 11:40:25
 time: 11:40:25
 Input the problem name?
 NPOIN                                                                          
  
        3614        3614        3402           2           5          21
           0 GIDR                  0.000000000000000E+000           0
           0           0           0           0        9999
 NINIT                                                                          
  
           0           0           0           1           0           0
           0           0           0           0           0 
 FIX                                                          0           0
           0           0           0           0           0
 outinpunit=          37 outindunit=          54
 TYPE_PROBLEM                                                                   
  
 Q                                                 
 PARDISO                                           
 LOAD                                                         5           0
           0           0
 type_layer1                                                                    
  
 NMASS                                                                          
  
         999         999         999         999         999           0
         999           0         999           0           0
 nfreeflownode                                                                  
  
 NTSMAT                                                                         
  
         999         999           0           0           0
 beeta1,beeta2,theta1=  0.500000000000000       0.250000000000000     
  0.500000000000000     
 equvs_process(1:ngroup)                                                        
  
 appear_level(1:ngroup)                                                         
  
 APPEAR_PROCESS(1-0nblks                                                        
  
 appear_process=           1           1           1           1           1
           1           1           1           1           1           1
           1           1           1           1           1           1
           1           1           1           1
 MATNO_PROCESS(1-nblks                                                          
  
 iblks=           0 ngroup=          21 matno=           1           2
           2           2           2           2           2           2
           2           4           5           4           5           3
           3           3           3           3           3           3
           3
 force_process=           0           0           0           0           0
           0           0           0           0           0           0
           0           0           0           0           0           0
           0           0           0           0
 uinitial=           0
 1-ILINKS(I0                                                                    
  
 1-tLINKS(I0                                                                    
  
 text1=
 1-NGROUP--GROUP                                                                
  
 (3)                                                                            
  
 igroup=           1
 name=Q4        
 igroup=           2
 name=Q4        
 igroup=           3
 name=Q4        
 igroup=           4
 name=Q4        
 igroup=           5
 name=Q4        
 igroup=           6
 name=Q4        
 igroup=           7
 name=Q4        
 igroup=           8
 name=Q4        
 igroup=           9
 name=Q4        
 igroup=          10
 name=L2        
 igroup=          11
 name=L2        
 igroup=          12
 name=L2        
 igroup=          13
 name=L2        
 igroup=          14
 name=Q4        
 igroup=          15
 name=Q4        
 igroup=          16
 name=Q4        
 igroup=          17
 name=Q4        
 igroup=          18
 name=Q4        
 igroup=          19
 name=Q4        
 igroup=          20
 name=Q4        
 igroup=          21
 name=Q4        
 tne=        3402
 ntransnode,translg=          22          99
 text_tension_joint=
 tension_joint                                                                  
  
 text_tension_contact=
 contact_joint                                                                  
  
 ground_inf=           0 /100=           0
 nblks=           1
 Input runblks, =?
 time: 11:40:25
 MATERIAL                                                                       
  
 NAME                                                                           
  
 FIRST:NAME---MECHANICAL                                                        
  
 FOR                                                                            
  
 NUMBER                                                                         
  
 FOR                                                                            
  
 FOR                                                                            
  
 FOR                                                                            
  
 CAMCLAY                                                                        
  
 FOR                                                                            
  
 jmat=           1
 MECHANICAL                    SOLID                                    1
 ELASTIC_ISOTROPIC               0.000000000000000E+000   1.00000000000000     
   1.00000000000000        8000000000.00000       0.300000000000000     
  1.000000000000000E-005           0           0           0
 jmat=           2
 MECHANICAL                    SOLID                                    2
 CONCRETE                         2400.00000000000        1.00000000000000     
   1.00000000000000        24000000000.0000       0.167000000000000     
  1.000000000000000E-005           0           0           0
 jmat=           3
 MECHANICAL                    SOLID                                    3
 ELASTIC_ISOTROPIC               0.000000000000000E+000   1.00000000000000     
   1.00000000000000        8000000000.00000       0.300000000000000     
  1.000000000000000E-005           0           0           0
 jmat=           4
 MECHANICAL                    SOLID                                    4
 ELASTIC_ISOTROPIC               0.000000000000000E+000   1.00000000000000     
   1.00000000000000        210000000000.000       0.167000000000000     
  1.000000000000000E-005           0           0           0
 jmat=           5
 MECHANICAL                    SOLID                                    5
 ELASTIC_ISOTROPIC               0.000000000000000E+000   1.00000000000000     
   1.00000000000000        210000000000.000       0.167000000000000     
  1.000000000000000E-005           0           0           0
 jmat=           6
 GEOMETRY                      ROD_or_BEAM                              4
 ngaps                                                                          
  
 ngaps=           0
 nrcsteel                                                                       
  
 nrcsteel=           0
 nwcpipe                                                                        
  
 nwcpipe=           0
 nifsgroup 
 nifsgroup=           0
 nabsgroup 
 nabsfgroup=           0
 nabssgroup
 nabssgroup=           0
 ifsnedge                                                                       
                      
 ifsnedge=           0
 lblks=           0  blks_new=           1
 lincs=           0  nincs=           0
 lblks=           0  blks_new=           1
 Bparameter=           0
 >>> State dumped to state_legacy.dat
 lblks=           0 lincs=           0 ttime=  0.000000000000000E+000
 ntime=           2 LINEAR                         0           2
 ntime=           2 LINEAR                         0           2
 ok waterlevel
 nplgroup=           0
 nedge=         210
 iblks=           1 lineload=         224
 iblks=           1
 time: 11:40:25
 a1
 ifixset=           1 type_abc=
 FIX                                               
 ifixset=           2 type_abc=
 FIX                                               
 ifixset=           3 type_abc=
 FIX                                               
 ifixset=           4 type_abc=
 FIX                                               
 outind=           0
 edge_load_group     
 edge_load_group=         210 delgroup=           1
 gray=   9.81000000000000       0.000000000000000E+000  -1.00000000000000     
  0.000000000000000E+000  -1.00000000000000     
 tcurv=           0           1           1           1           1           1
           1           1           1           0           0           0
           0           0           0           0           0           0
           0           0           0
 ecwpipe=           0 iblks=           1 lblks+1=           1
 ecwpipe=           0 iblks=           1 lblks+1=           1
 总的散热面
 ntedge=           0
 algo_pipe=
 npipe,algo_pipe=           0           3
 linet=           8
 time: 11:40:25
 >>> DEBUG: calling solve(SET), solveunit=           8
 mtype                           
          -2           2           0
 isdefault                       
           0
 >>> DEBUG: solve(SET) returned
 time: 11:40:25
 time: 11:40:25
  in static_U**
 iincs=           1 lincs=           0
 cwater,Qstatic=           0           0
 istep=           1
 outinp=           0
 tcurvegravity=           0           1           1           1           1
           1           1           1           1           0           0
           0           0           0           0           0           0
           0           0           0           0
 ntelgroup=           0
 Reordering completed ... 
 Factorization completed ... 
 time: 11:40:25
                     istep=           1 iiter=           1
                     conver_load check
 resid=   354.017401399791      retot=   37274046606.6129     
 ratio1=  9.745610116814084E-005 ratio2=  2.924772268274548E-004
 nchek0=           0 toler_force=  1.000000000000000E-005
 nchek=           1
 miter=         100 iiter=           1
 time: 11:40:25
                     istep=           1 iiter=           2
                     conver_load check
 resid=  9.262318956018832E-003 retot=   37274046879.8021     
 ratio1=  4.984901630263825E-007 ratio2=  1.544735430370588E-006
 nchek0=           0 toler_force=  1.000000000000000E-005
 nchek=           0
                    conver_nodal_value check
               Convergence check for displacement
 ratio1=  4.445618630965632E-007 ratio2=  5.698617036663841E-006
 nchek=           0
 ***********RESTART FILE IS UPDATED!*******
 istep=           2
 outinp=           0
 tcurvegravity=           0           1           1           1           1
           1           1           1           1           0           0
           0           0           0           0           0           0
           0           0           0           0
 ntelgroup=           0
 Factorization completed ... 
 time: 11:40:26
                     istep=           2 iiter=           1
                     conver_load check
 resid=   406.711690387873      retot=   61209386862.9982     
 ratio1=  8.151439570412250E-005 ratio2=  2.612382847888175E-004
 nchek0=           0 toler_force=  1.000000000000000E-005
 nchek=           1
 miter=         100 iiter=           1
 time: 11:40:26
                     istep=           2 iiter=           2
                     conver_load check
 resid=  1.126647781242581E-002 retot=   61209388576.8325     
 ratio1=  4.290274323612481E-007 ratio2=  1.414128951574948E-006
 nchek0=           0 toler_force=  1.000000000000000E-005
 nchek=           0
                    conver_nodal_value check
               Convergence check for displacement
 ratio1=  4.330165201265764E-007 ratio2=  4.833841284403043E-006
 nchek=           0
 ***********RESTART FILE IS UPDATED!*******
 istep=           3
 outinp=           0
 tcurvegravity=           0           1           1           1           1
           1           1           1           1           0           0
           0           0           0           0           0           0
           0           0           0           0
 ntelgroup=           0
 Factorization completed ... 
 time: 11:40:27
                     istep=           3 iiter=           1
                     conver_load check
 resid=   411.772506243150      retot=   100433178377.462     
 ratio1=  6.403096829657374E-005 ratio2=  2.298054775707200E-004
 nchek0=           0 toler_force=  1.000000000000000E-005
 nchek=           1
 miter=         100 iiter=           1
 time: 11:40:27
                     istep=           3 iiter=           2
                     conver_load check
 resid=  1.155799803103703E-002 retot=   100433181538.376     
 ratio1=  3.392365968378925E-007 ratio2=  1.252186549555517E-006
 nchek0=           0 toler_force=  1.000000000000000E-005
 nchek=           0
                    conver_nodal_value check
               Convergence check for displacement
 ratio1=  3.818977907381713E-007 ratio2=  4.096879654647710E-006
 nchek=           0
 ***********RESTART FILE IS UPDATED!*******
 istep=           4
 outinp=           0
 tcurvegravity=           0           1           1           1           1
           1           1           1           1           0           0
           0           0           0           0           0           0
           0           0           0           0
 ntelgroup=           0
 Factorization completed ... 
 time: 11:40:27
                     istep=           4 iiter=           1
                     conver_load check
 resid=   416.917831856731      retot=   154945429806.112     
 ratio1=  5.187234119409542E-005 ratio2=  2.053974436924604E-004
 nchek0=           0 toler_force=  1.000000000000000E-005
 nchek=           1
 miter=         100 iiter=           1
 time: 11:40:27
                     istep=           4 iiter=           2
                     conver_load check
 resid=  1.185846613345981E-002 retot=   154945434447.466     
 ratio1=  2.766463004244188E-007 ratio2=  1.126609161664049E-006
 nchek0=           0 toler_force=  1.000000000000000E-005
 nchek=           0
                    conver_nodal_value check
               Convergence check for displacement
 ratio1=  3.331755901271566E-007 ratio2=  3.566356235602992E-006
 nchek=           0
 ***********RESTART FILE IS UPDATED!*******
 istep=           5
 outinp=           0
 tcurvegravity=           0           1           1           1           1
           1           1           1           1           0           0
           0           0           0           0           0           0
           0           0           0           0
 ntelgroup=           0
 Factorization completed ... 
 time: 11:40:27
                     istep=           5 iiter=           1
                     conver_load check
 resid=   422.151263175312      retot=   224746149966.165     
 ratio1=  4.333990112444749E-005 ratio2=  1.858994120004898E-004
 nchek0=           0 toler_force=  1.000000000000000E-005
 nchek=           1
 miter=         100 iiter=           1
 time: 11:40:27
                     istep=           5 iiter=           2
                     conver_load check
 resid=  1.216827327994629E-002 retot=   224746156122.181     
 ratio1=  2.326849751224006E-007 ratio2=  1.026453689182096E-006
 nchek0=           0 toler_force=  1.000000000000000E-005
 nchek=           0
                    conver_nodal_value check
               Convergence check for displacement
 ratio1=  2.918295881892081E-007 ratio2=  3.166427364934761E-006
 nchek=           0
 ***********RESTART FILE IS UPDATED!*******
 istep=           6
 outinp=           0
 tcurvegravity=           0           1           1           1           1
           1           1           1           1           0           0
           0           0           0           0           0           0
           0           0           0           0
 ntelgroup=           0
 Factorization completed ... 
 time: 11:40:28
                     istep=           6 iiter=           1
                     conver_load check
 resid=   427.474587147578      retot=   309835347812.590     
 ratio1=  3.714408540529573E-005 ratio2=  1.699679149844953E-004
 nchek0=           0 toler_force=  1.000000000000000E-005
 nchek=           1
 miter=         100 iiter=           1
 time: 11:40:28
                     istep=           6 iiter=           2
                     conver_load check
 resid=  1.248775066479057E-002 retot=   309835355518.367     
 ratio1=  2.007597390384619E-007 ratio2=  9.447674987948221E-007
 nchek0=           0 toler_force=  1.000000000000000E-005
 nchek=           0
                    conver_nodal_value check
               Convergence check for displacement
 ratio1=  2.581000156018516E-007 ratio2=  2.854351204815218E-006
 nchek=           0
 ***********RESTART FILE IS UPDATED!*******
 istep=           7
 outinp=           0
 tcurvegravity=           0           1           1           1           1
           1           1           1           1           0           0
           0           0           0           0           0           0
           0           0           0           0
 ntelgroup=           0
 Factorization completed ... 
 time: 11:40:28
                     istep=           7 iiter=           1
                     conver_load check
 resid=   432.889627301844      retot=   410213032441.074     
 ratio1=  3.248507418679544E-005 ratio2=  1.567086690647917E-004
 nchek0=           0 toler_force=  1.000000000000000E-005
 nchek=           1
 miter=         100 iiter=           1
 time: 11:40:28
                     istep=           7 iiter=           2
                     conver_load check
 resid=  1.281724233210386E-002 retot=   410213041732.616     
 ratio1=  1.767634893091022E-007 ratio2=  8.769226056492712E-007
 nchek0=           0 toler_force=  1.000000000000000E-005
 nchek=           0
                    conver_nodal_value check
               Convergence check for displacement
 ratio1=  2.307965197804515E-007 ratio2=  2.604207485674092E-006
 nchek=           0
 ***********RESTART FILE IS UPDATED!*******
 istep=           8
 outinp=           0
 tcurvegravity=           0           1           1           1           1
           1           1           1           1           0           0
           0           0           0           0           0           0
           0           0           0           0
 ntelgroup=           0
 Factorization completed ... 
 time: 11:40:29
                     istep=           8 iiter=           1
                     conver_load check
 resid=   438.398244277898      retot=   525879213091.072     
 ratio1=  2.887296609674244E-005 ratio2=  1.455033259304060E-004
 nchek0=           0 toler_force=  1.000000000000000E-005
 nchek=           1
 miter=         100 iiter=           1
 time: 11:40:29
                     istep=           8 iiter=           2
                     conver_load check
 resid=  1.315710569744769E-002 retot=   525879224005.316     
 ratio1=  1.581747566943350E-007 ratio2=  8.197190656399711E-007
 nchek0=           0 toler_force=  1.000000000000000E-005
 nchek=           0
                    conver_nodal_value check
               Convergence check for displacement
 ratio1=  2.085804369172417E-007 ratio2=  2.399363459545827E-006
 nchek=           0
 ***********RESTART FILE IS UPDATED!*******
 istep=           9
 outinp=           0
 tcurvegravity=           0           1           1           1           1
           1           1           1           1           0           0
           0           0           0           0           0           0
           0           0           0           0
 ntelgroup=           0
 Factorization completed ... 
 time: 11:40:29
                     istep=           9 iiter=           1
                     conver_load check
 resid=   444.002336237756      retot=   656833899148.956     
 ratio1=  2.599949115583599E-005 ratio2=  1.359106669639712E-004
 nchek0=           0 toler_force=  1.000000000000000E-005
 nchek=           1
 miter=         100 iiter=           1
 time: 11:40:29
                     istep=           9 iiter=           2
                     conver_load check
 resid=  1.350771208395921E-002 retot=   656833911723.795     
 ratio1=  1.434046104490270E-007 ratio2=  7.708736280278099E-007
 nchek0=           0 toler_force=  1.000000000000000E-005
 nchek=           0
                    conver_nodal_value check
               Convergence check for displacement
 ratio1=  1.903213369080653E-007 ratio2=  2.228656246499030E-006
 nchek=           0
 ***********RESTART FILE IS UPDATED!*******
 istep=          10
 outinp=           0
 tcurvegravity=           0           1           1           1           1
           1           1           1           1           0           0
           0           0           0           0           0           0
           0           0           0           0
 ntelgroup=           0
 Factorization completed ... 
 time: 11:40:29
                     istep=          10 iiter=           1
                     conver_load check
 resid=   449.703839268806      retot=   803077100151.214     
 ratio1=  2.366381037776329E-005 ratio2=  1.276074160886962E-004
 nchek0=           0 toler_force=  1.000000000000000E-005
 nchek=           1
 miter=         100 iiter=           1
 time: 11:40:29
                     istep=          10 iiter=           2
                     conver_load check
 resid=  1.386944729089718E-002 retot=   803077114425.531     
 ratio1=  1.314168194814821E-007 ratio2=  7.287134278902379E-007
 nchek0=           0 toler_force=  1.000000000000000E-005
 nchek=           0
                    conver_nodal_value check
               Convergence check for displacement
 ratio1=  1.751416023586610E-007 ratio2=  2.084315155531021E-006
 nchek=           0
 ***********RESTART FILE IS UPDATED!*******
 istep=          11
 outinp=           0
 tcurvegravity=           0           1           1           1           1
           1           1           1           1           0           0
           0           0           0           0           0           0
           0           0           0           0
 ntelgroup=           0
 Factorization completed ... 
 time: 11:40:30
                     istep=          11 iiter=           1
                     conver_load check
 resid=   455.504727737249      retot=   964608825787.777     
 ratio1=  2.173055552409309E-005 ratio2=  1.203512984301729E-004
 nchek0=           0 toler_force=  1.000000000000000E-005
 nchek=           1
 miter=         100 iiter=           1
 time: 11:40:30
                     istep=          11 iiter=           2
                     conver_load check
 resid=  1.424271217709552E-002 retot=   964608841801.463     
 ratio1=  1.215124366623508E-007 ratio2=  6.919848025112466E-007
 nchek0=           0 toler_force=  1.000000000000000E-005
 nchek=           0
                    conver_nodal_value check
               Convergence check for displacement
 ratio1=  1.623776751001132E-007 ratio2=  1.960764233047885E-006
 nchek=           0
 ***********RESTART FILE IS UPDATED!*******
 istep=          12
 outinp=           0
 tcurvegravity=           0           1           1           1           1
           1           1           1           1           0           0
           0           0           0           0           0           0
           0           0           0           0
 ntelgroup=           0
 Factorization completed ... 
 time: 11:40:30
                     istep=          12 iiter=           1
                     conver_load check
 resid=   461.407014602372      retot=   1141429085905.38     
 ratio1=  2.010562734950262E-005 ratio2=  1.139571650787232E-004
 nchek0=           0 toler_force=  1.000000000000000E-005
 nchek=           1
 miter=         100 iiter=           1
 time: 11:40:30
                     istep=          12 iiter=           2
                     conver_load check
 resid=  1.462792321248385E-002 retot=   1141429103699.38     
 ratio1=  1.132053273922389E-007 ratio2=  6.597297303951094E-007
 nchek0=           0 toler_force=  1.000000000000000E-005
 nchek=           0
                    conver_nodal_value check
               Convergence check for displacement
 ratio1=  1.515299677301127E-007 ratio2=  1.853898580530754E-006
 nchek=           0
 ***********RESTART FILE IS UPDATED!*******
 istep=          13
 outinp=           0
 tcurvegravity=           0           1           1           1           1
           1           1           1           1           0           0
           0           0           0           0           0           0
           0           0           0           0
 ntelgroup=           0
 Factorization completed ... 
 time: 11:40:31
                     istep=          13 iiter=           1
                     conver_load check
 resid=   467.412751689699      retot=   1333537890511.07     
 ratio1=  1.872179985767663E-005 ratio2=  1.082810923897507E-004
 nchek0=           0 toler_force=  1.000000000000000E-005
 nchek=           1
 miter=         100 iiter=           1
 time: 11:40:31
                     istep=          13 iiter=           2
                     conver_load check
 resid=  1.502551320446403E-002 retot=   1333537910127.39     
 ratio1=  1.061480386817514E-007 ratio2=  6.312035423660119E-007
 nchek0=           0 toler_force=  1.000000000000000E-005
 nchek=           0
                    conver_nodal_value check
               Convergence check for displacement
 ratio1=  1.422203489468736E-007 ratio2=  1.760629291085140E-006
 nchek=           0
 ***********RESTART FILE IS UPDATED!*******
 istep=          14
 outinp=           0
 tcurvegravity=           0           1           1           1           1
           1           1           1           1           0           0
           0           0           0           0           0           0
           0           0           0           0
 ntelgroup=           0
 Factorization completed ... 
 time: 11:40:31
                     istep=          14 iiter=           1
                     conver_load check
 resid=   473.524029919276      retot=   1540935249775.77     
 ratio1=  1.752987488794243E-005 ratio2=  1.032095121877149E-004
 nchek0=           0 toler_force=  1.000000000000000E-005
 nchek=           1
 miter=         100 iiter=           1
 time: 11:40:31
                     istep=          14 iiter=           2
                     conver_load check
 resid=  1.543593187170765E-002 retot=   1540935271257.54     
 ratio1=  1.000862064360875E-007 ratio2=  6.058186646039423E-007
 nchek0=           0 toler_force=  1.000000000000000E-005
 nchek=           0
                    conver_nodal_value check
               Convergence check for displacement
 ratio1=  1.341599035255209E-007 ratio2=  1.678587500524591E-006
 nchek=           0
 ***********RESTART FILE IS UPDATED!*******
 istep=          15
 outinp=           0
 tcurvegravity=           0           1           1           1           1
           1           1           1           1           0           0
           0           0           0           0           0           0
           0           0           0           0
 ntelgroup=           0
 Factorization completed ... 
 time: 11:40:31
                     istep=          15 iiter=           1
                     conver_load check
 resid=   479.742979451809      retot=   1763621174037.94     
 ratio1=  1.649307606185033E-005 ratio2=  9.865160884790250E-005
 nchek0=           0 toler_force=  1.000000000000000E-005
 nchek=           1
 miter=         100 iiter=           1
 time: 11:40:31
                     istep=          15 iiter=           2
                     conver_load check
 resid=  1.585964648338391E-002 retot=   1763621197429.41     
 ratio1=  9.482963876886738E-008 ratio2=  5.831052730067446E-007
 nchek0=           0 toler_force=  1.000000000000000E-005
 nchek=           0
                    conver_nodal_value check
               Convergence check for displacement
 ratio1=  1.271254241977596E-007 ratio2=  1.605926177978350E-006
 nchek=           0
 ***********RESTART FILE IS UPDATED!*******
 istep=          16
 outinp=           0
 tcurvegravity=           0           1           1           1           1
           1           1           1           1           0           0
           0           0           0           0           0           0
           0           0           0           0
 ntelgroup=           0
 Factorization completed ... 
 time: 11:40:32
                     istep=          16 iiter=           1
                     conver_load check
 resid=   486.071769823139      retot=   2001595673807.33     
 ratio1=  1.558339297115076E-005 ratio2=  9.453389240027202E-005
 nchek0=           0 toler_force=  1.000000000000000E-005
 nchek=           1
 miter=         100 iiter=           1
 time: 11:40:32
                     istep=          16 iiter=           2
                     conver_load check
 resid=  1.629714267742000E-002 retot=   2001595699153.93     
 ratio1=  9.023344827427391E-008 ratio2=  5.626832065156187E-007
 nchek0=           0 toler_force=  1.000000000000000E-005
 nchek=           0
                    conver_nodal_value check
               Convergence check for displacement
 ratio1=  1.209424780244431E-007 ratio2=  1.541183969428603E-006
 nchek=           0
 ***********RESTART FILE IS UPDATED!*******
 istep=          17
 outinp=           0
 tcurvegravity=           0           1           1           1           1
           1           1           1           1           0           0
           0           0           0           0           0           0
           0           0           0           0
 ntelgroup=           0
 Factorization completed ... 
 time: 11:40:32
                     istep=          17 iiter=           1
                     conver_load check
 resid=   492.512609944313      retot=   2254858759768.90     
 ratio1=  1.477913463008462E-005 ratio2=  9.079625413470990E-005
 nchek0=           0 toler_force=  1.000000000000000E-005
 nchek=           1
 miter=         100 iiter=           1
 time: 11:40:32
                     istep=          17 iiter=           2
                     conver_load check
 resid=  1.674892505244846E-002 retot=   2254858787117.28     
 ratio1=  8.618541856428890E-008 ratio2=  5.442415527042696E-007
 nchek0=           0 toler_force=  1.000000000000000E-005
 nchek=           0
                    conver_nodal_value check
               Convergence check for displacement
 ratio1=  1.154732017986474E-007 ratio2=  1.483189566749858E-006
 nchek=           0
 ***********RESTART FILE IS UPDATED!*******
 istep=          18
 outinp=           0
 tcurvegravity=           0           1           1           1           1
           1           1           1           1           0           0
           0           0           0           0           0           0
           0           0           0           0
 ntelgroup=           0
 Factorization completed ... 
 time: 11:40:33
                     istep=          18 iiter=           1
                     conver_load check
 resid=   499.067748077959      retot=   2523410442786.71     
 ratio1=  1.406325347076291E-005 ratio2=  8.738905280139360E-005
 nchek0=           0 toler_force=  1.000000000000000E-005
 nchek=           1
 miter=         100 iiter=           1
 time: 11:40:33
                     istep=          18 iiter=           2
                     conver_load check
 resid=  1.721551795265130E-002 retot=   2523410472184.73     
 ratio1=  8.259734664238360E-008 ratio2=  5.275235687931243E-007
 nchek0=           0 toler_force=  1.000000000000000E-005
 nchek=           0
                    conver_nodal_value check
               Convergence check for displacement
 ratio1=  1.106074508913179E-007 ratio2=  1.430993192677126E-006
 nchek=           0
 ***********RESTART FILE IS UPDATED!*******
 istep=          19
 outinp=           0
 tcurvegravity=           0           1           1           1           1
           1           1           1           1           0           0
           0           0           0           0           0           0
           0           0           0           0
 ntelgroup=           0
 Factorization completed ... 
 time: 11:40:33
                     istep=          19 iiter=           1
                     conver_load check
 resid=   505.739471702770      retot=   2807250733908.07     
 ratio1=  1.342217272385520E-005 ratio2=  8.427093035031558E-005
 nchek0=           0 toler_force=  1.000000000000000E-005
 nchek=           1
 miter=         100 iiter=           1
 time: 11:40:33
                     istep=          19 iiter=           2
                     conver_load check
 resid=  1.769746629488381E-002 retot=   2807250765404.90     
 ratio1=  7.939898350801988E-008 ratio2=  5.123153759798578E-007
 nchek0=           0 toler_force=  1.000000000000000E-005
 nchek=           0
                    conver_nodal_value check
               Convergence check for displacement
 ratio1=  1.062563258211117E-007 ratio2=  1.383816615092003E-006
 nchek=           0
 ***********RESTART FILE IS UPDATED!*******
 istep=          20
 outinp=           0
 tcurvegravity=           0           1           1           1           1
           1           1           1           1           0           0
           0           0           0           0           0           0
           0           0           0           0
 ntelgroup=           0
 Factorization completed ... 
 time: 11:40:34
                     istep=          20 iiter=           1
                     conver_load check
 resid=   512.530107291873      retot=   3106379644367.68     
 ratio1=  1.284495020959808E-005 ratio2=  8.140715264532275E-005
 nchek0=           0 toler_force=  1.000000000000000E-005
 nchek=           1
 miter=         100 iiter=           1
 time: 11:40:34
                     istep=          20 iiter=           2
                     conver_load check
 resid=  1.819533626841564E-002 retot=   3106379678013.78     
 ratio1=  7.653371149481408E-008 ratio2=  4.984373721912939E-007
 nchek0=           0 toler_force=  1.000000000000000E-005
 nchek=           0
                    conver_nodal_value check
               Convergence check for displacement
 ratio1=  1.023473883789614E-007 ratio2=  1.341016132375180E-006
 nchek=           0
 ***********RESTART FILE IS UPDATED!*******
 istep=          21
 outinp=           0
 tcurvegravity=           0           1           1           1           1
           1           1           1           1           0           0
           0           0           0           0           0           0
           0           0           0           0
 ntelgroup=           0
 Factorization completed ... 
 time: 11:40:34
                     istep=          21 iiter=           1
                     conver_load check
 resid=   519.442019983511      retot=   3420797185591.95     
 ratio1=  1.232267164533412E-005 ratio2=  7.876833361257461E-005
 nchek0=           0 toler_force=  1.000000000000000E-005
 nchek=           1
 miter=         100 iiter=           1
 time: 11:40:34
                     istep=          21 iiter=           2
                     conver_load check
 resid=  1.870971620176398E-002 retot=   3420797221439.15     
 ratio1=  7.395540753192443E-008 ratio2=  4.857376290699892E-007
 nchek0=           0 toler_force=  1.000000000000000E-005
 nchek=           0
                    conver_nodal_value check
               Convergence check for displacement
 ratio1=  9.882108572445910E-008 ratio2=  1.302054713253467E-006
 nchek=           0
 ***********RESTART FILE IS UPDATED!*******
 istep=          22
 outinp=           0
 tcurvegravity=           0           1           1           1           1
           1           1           1           1           0           0
           0           0           0           0           0           0
           0           0           0           0
 ntelgroup=           0
 Factorization completed ... 
 time: 11:40:34
                     istep=          22 iiter=           1
                     conver_load check
 resid=   526.477613135335      retot=   3750503369203.41     
 ratio1=  1.184800351777009E-005 ratio2=  7.632944327836624E-005
 nchek0=           0 toler_force=  1.000000000000000E-005
 nchek=           1
 miter=         100 iiter=           1
 time: 11:40:34
                     istep=          22 iiter=           2
                     conver_load check
 resid=  1.924121739043801E-002 retot=   3750503407304.92     
 ratio1=  7.162613072267516E-008 ratio2=  4.740867557895803E-007
 nchek0=           0 toler_force=  1.000000000000000E-005
 nchek=           0
                    conver_nodal_value check
               Convergence check for displacement
 ratio1=  9.562805341333785E-008 ratio2=  1.266480838939536E-006
 nchek=           0
 ***********RESTART FILE IS UPDATED!*******
 istep=          23
 outinp=           0
 tcurvegravity=           0           1           1           1           1
           1           1           1           1           0           0
           0           0           0           0           0           0
           0           0           0           0
 ntelgroup=           0
 Factorization completed ... 
 time: 11:40:35
                     istep=          23 iiter=           1
                     conver_load check
 resid=   6327096.62568715      retot=   4095498207025.21     
 ratio1=  1.242936275987059E-003 ratio2=  9.810407136005797E-003
 nchek0=           0 toler_force=  1.000000000000000E-005
 nchek=           1
 miter=         100 iiter=           1
 time: 11:40:35
                     istep=          23 iiter=           2
                     conver_load check
 resid=   742262.877890427      retot=   4095503924872.25     
 ratio1=  4.257211212672527E-004 ratio2=  3.361987656832125E-003
 nchek0=           0 toler_force=  1.000000000000000E-005
 nchek=           1
 miter=         100 iiter=           2
 time: 11:40:35
                     istep=          23 iiter=           3
                     conver_load check
 resid=   88136.5158972907      retot=   4095505870180.51     
 ratio1=  1.466979898446198E-004 ratio2=  1.159369940343000E-003
 nchek0=           0 toler_force=  1.000000000000000E-005
 nchek=           1
 miter=         100 iiter=           3
 time: 11:40:35
                     istep=          23 iiter=           4
                     conver_load check
 resid=   10509.1469940427      retot=   4095506540288.00     
 ratio1=  5.065588665471269E-005 ratio2=  4.004360294460428E-004
 nchek0=           0 toler_force=  1.000000000000000E-005
 nchek=           1
 miter=         100 iiter=           4
 time: 11:40:35
                     istep=          23 iiter=           5
                     conver_load check
 resid=   1254.87289456231      retot=   4095506771664.30     
 ratio1=  1.750435228302840E-005 ratio2=  1.383838534183153E-004
 nchek0=           0 toler_force=  1.000000000000000E-005
 nchek=           1
 miter=         100 iiter=           5
 time: 11:40:35
                     istep=          23 iiter=           6
                     conver_load check
 resid=   149.915241647140      retot=   4095506851615.38     
 ratio1=  6.050190734359375E-006 ratio2=  4.783227399946817E-005
 nchek0=           0 toler_force=  1.000000000000000E-005
 nchek=           1
 miter=         100 iiter=           6
 time: 11:40:35
                     istep=          23 iiter=           7
                     conver_load check
 resid=   17.9128894105001      retot=   4095506879249.37     
 ratio1=  2.091360939775466E-006 ratio2=  1.653428554054963E-005
 nchek0=           0 toler_force=  1.000000000000000E-005
 nchek=           1
 miter=         100 iiter=           7
 time: 11:40:35
                     istep=          23 iiter=           8
                     conver_load check
 resid=   2.14047915150384      retot=   4095506888801.55     
 ratio1=  7.229390277068111E-007 ratio2=  5.715573215626957E-006
 nchek0=           0 toler_force=  1.000000000000000E-005
 nchek=           0
                    conver_nodal_value check
               Convergence check for displacement
 ratio1=  1.726588993516520E-008 ratio2=  1.739244705473897E-007
 nchek=           0
 ***********RESTART FILE IS UPDATED!*******
 istep=          24
 outinp=           0
 tcurvegravity=           0           1           1           1           1
           1           1           1           1           0           0
           0           0           0           0           0           0
           0           0           0           0
 ntelgroup=           0
 Factorization completed ... 
 time: 11:40:35
                     istep=          24 iiter=           1
                     conver_load check
 resid=   15614374.8835065      retot=   4455795683703.90     
 ratio1=  1.871973372041395E-003 ratio2=  1.458711448676875E-002
 nchek0=           0 toler_force=  1.000000000000000E-005
 nchek=           1
 miter=         100 iiter=           1
 time: 11:40:35
                     istep=          24 iiter=           2
                     conver_load check
 resid=   1988268.20083327      retot=   4455806703591.34     
 ratio1=  6.679966924477503E-004 ratio2=  5.511812493471171E-003
 nchek0=           0 toler_force=  1.000000000000000E-005
 nchek=           1
 miter=         100 iiter=           2
 time: 11:40:35
                     istep=          24 iiter=           3
                     conver_load check
 resid=   250637.724102383      retot=   4455809563628.84     
 ratio1=  2.371700846035185E-004 ratio2=  1.945145412424011E-003
 nchek0=           0 toler_force=  1.000000000000000E-005
 nchek=           1
 miter=         100 iiter=           3
 time: 11:40:35
                     istep=          24 iiter=           4
                     conver_load check
 resid=   30392.8750051115      retot=   4455810610127.65     
 ratio1=  8.258906136754365E-005 ratio2=  6.600522839256267E-004
 nchek0=           0 toler_force=  1.000000000000000E-005
 nchek=           1
 miter=         100 iiter=           4
 time: 11:40:35
                     istep=          24 iiter=           5
                     conver_load check
 resid=   3732.44206984247      retot=   4455811027877.69     
 ratio1=  2.894230766855651E-005 ratio2=  2.312134281004892E-004
 nchek0=           0 toler_force=  1.000000000000000E-005
 nchek=           1
 miter=         100 iiter=           5
 time: 11:40:35
                     istep=          24 iiter=           6
                     conver_load check
 resid=   458.478407609193      retot=   4455811174157.26     
 ratio1=  1.014369201032999E-005 ratio2=  8.103621628935165E-005
 nchek0=           0 toler_force=  1.000000000000000E-005
 nchek=           1
 miter=         100 iiter=           6
 time: 11:40:35
                     istep=          24 iiter=           7
                     conver_load check
 resid=   56.3318090599342      retot=   4455811225414.29     
 ratio1=  3.555604585692064E-006 ratio2=  2.840544703111641E-005
 nchek0=           0 toler_force=  1.000000000000000E-005
 nchek=           1
 miter=         100 iiter=           7
 time: 11:40:35
                     istep=          24 iiter=           8
                     conver_load check
 resid=   6.92195104631057      retot=   4455811243380.10     
 ratio1=  1.246381141553716E-006 ratio2=  9.957289587702376E-006
 nchek0=           0 toler_force=  1.000000000000000E-005
 nchek=           0
                    conver_nodal_value check
               Convergence check for displacement
 ratio1=  2.989073382318393E-008 ratio2=  3.030345887950765E-007
 nchek=           0
 ***********RESTART FILE IS UPDATED!*******
 istep=          25
 outinp=           0
 tcurvegravity=           0           1           1           1           1
           1           1           1           1           0           0
           0           0           0           0           0           0
           0           0           0           0
 ntelgroup=           0
 Factorization completed ... 
 time: 11:40:36
                     istep=          25 iiter=           1
                     conver_load check
 resid=   136416891.150035      retot=   4831396531372.01     
 ratio1=  5.313708576740966E-003 ratio2=  1.647627318726222E-002
 nchek0=           0 toler_force=  1.000000000000000E-005
 nchek=           1
 miter=         100 iiter=           1
 time: 11:40:36
                     istep=          25 iiter=           2
                     conver_load check
 resid=   6234607.62533074      retot=   4831640699643.52     
 ratio1=  1.135944852072798E-003 ratio2=  5.426350608141538E-003
 nchek0=           0 toler_force=  1.000000000000000E-005
 nchek=           1
 miter=         100 iiter=           2
 time: 11:40:36
                     istep=          25 iiter=           3
                     conver_load check
 resid=   629735.387535263      retot=   4831680604014.07     
 ratio1=  3.610189016242459E-004 ratio2=  2.318105492599093E-003
 nchek0=           0 toler_force=  1.000000000000000E-005
 nchek=           1
 miter=         100 iiter=           3
 time: 11:40:36
                     istep=          25 iiter=           4
                     conver_load check
 resid=   100280.833894651      retot=   4831687687502.52     
 ratio1=  1.440653508222167E-004 ratio2=  1.048207655979298E-003
 nchek0=           0 toler_force=  1.000000000000000E-005
 nchek=           1
 miter=         100 iiter=           4
 time: 11:40:36
                     istep=          25 iiter=           5
                     conver_load check
 resid=   18200.3036840868      retot=   4831689123611.79     
 ratio1=  6.137476263489332E-005 ratio2=  4.670583186744100E-004
 nchek0=           0 toler_force=  1.000000000000000E-005
 nchek=           1
 miter=         100 iiter=           5
 time: 11:40:36
                     istep=          25 iiter=           6
                     conver_load check
 resid=   3419.40025713779      retot=   4831689478545.15     
 ratio1=  2.660268440357974E-005 ratio2=  2.064879986785237E-004
 nchek0=           0 toler_force=  1.000000000000000E-005
 nchek=           1
 miter=         100 iiter=           6
 time: 11:40:36
                     istep=          25 iiter=           7
                     conver_load check
 resid=   649.914976146709      retot=   4831689587737.83     
 ratio1=  1.159788397347233E-005 ratio2=  9.090726696523451E-005
 nchek0=           0 toler_force=  1.000000000000000E-005
 nchek=           1
 miter=         100 iiter=           7
 time: 11:40:36
                     istep=          25 iiter=           8
                     conver_load check
 resid=   124.130561528926      retot=   4831689627513.33     
 ratio1=  5.068621315240512E-006 ratio2=  3.993211570927438E-005
 nchek0=           0 toler_force=  1.000000000000000E-005
 nchek=           1
 miter=         100 iiter=           8
 time: 11:40:36
                     istep=          25 iiter=           9
                     conver_load check
 resid=   23.7634546329305      retot=   4831689643483.70     
 ratio1=  2.217712647792354E-006 ratio2=  1.751925957487037E-005
 nchek0=           0 toler_force=  1.000000000000000E-005
 nchek=           1
 miter=         100 iiter=           9
 time: 11:40:36
                     istep=          25 iiter=          10
                     conver_load check
 resid=   4.55462141674317      retot=   4831689650206.72     
 ratio1=  9.709047516654588E-007 ratio2=  7.681062282512626E-006
 nchek0=           0 toler_force=  1.000000000000000E-005
 nchek=           0
                    conver_nodal_value check
               Convergence check for displacement
 ratio1=  1.273251591739416E-008 ratio2=  2.118861892598775E-007
 nchek=           0
 ***********RESTART FILE IS UPDATED!*******
 istep=          26
 outinp=           0
 tcurvegravity=           0           1           1           1           1
           1           1           1           1           0           0
           0           0           0           0           0           0
           0           0           0           0
 ntelgroup=           0
 Factorization completed ... 
 time: 11:40:36
                     istep=          26 iiter=           1
                     conver_load check
 resid=   476297301.125628      retot=   5222735806952.88     
 ratio1=  9.549706661558304E-003 ratio2=  1.749823808408267E-002
 nchek0=           0 toler_force=  1.000000000000000E-005
 nchek=           1
 miter=         100 iiter=           1
 time: 11:40:36
                     istep=          26 iiter=           2
                     conver_load check
 resid=   25031851.8948578      retot=   5223370216564.18     
 ratio1=  2.189127648379269E-003 ratio2=  8.922984084251019E-003
 nchek0=           0 toler_force=  1.000000000000000E-005
 nchek=           1
 miter=         100 iiter=           2
 time: 11:40:36
                     istep=          26 iiter=           3
                     conver_load check
 resid=   2855301.22753513      retot=   5223488235846.52     
 ratio1=  7.393424725321521E-004 ratio2=  4.615781675606470E-003
 nchek0=           0 toler_force=  1.000000000000000E-005
 nchek=           1
 miter=         100 iiter=           3
 time: 11:40:36
                     istep=          26 iiter=           4
                     conver_load check
 resid=   541473.440546008      retot=   5223511179679.09     
 ratio1=  3.219640007449477E-004 ratio2=  2.302436836886195E-003
 nchek0=           0 toler_force=  1.000000000000000E-005
 nchek=           1
 miter=         100 iiter=           4
 time: 11:40:36
                     istep=          26 iiter=           5
                     conver_load check
 resid=   122621.895140151      retot=   5223516070460.28     
 ratio1=  1.532154441132974E-004 ratio2=  1.129329627379707E-003
 nchek0=           0 toler_force=  1.000000000000000E-005
 nchek=           1
 miter=         100 iiter=           5
 time: 11:40:36
                     istep=          26 iiter=           6
                     conver_load check
 resid=   29042.5398716532      retot=   5223517234653.23     
 ratio1=  7.456513030597097E-005 ratio2=  5.489777665670609E-004
 nchek0=           0 toler_force=  1.000000000000000E-005
 nchek=           1
 miter=         100 iiter=           6
 time: 11:40:36
                     istep=          26 iiter=           7
                     conver_load check
 resid=   6962.53608408710      retot=   5223517548981.59     
 ratio1=  3.650919022831005E-005 ratio2=  2.658164322675880E-004
 nchek0=           0 toler_force=  1.000000000000000E-005
 nchek=           1
 miter=         100 iiter=           7
 time: 11:40:36
                     istep=          26 iiter=           8
                     conver_load check
 resid=   1675.77612788270      retot=   5223517645366.38     
 ratio1=  1.791127354803087E-005 ratio2=  1.285458672662418E-004
 nchek0=           0 toler_force=  1.000000000000000E-005
 nchek=           1
 miter=         100 iiter=           8
 time: 11:40:36
                     istep=          26 iiter=           9
                     conver_load check
 resid=   404.038086109456      retot=   5223517678494.38     
 ratio1=  8.794873924498116E-006 ratio2=  6.217373853399756E-005
 nchek0=           0 toler_force=  1.000000000000000E-005
 nchek=           1
 miter=         100 iiter=           9
 time: 11:40:36
                     istep=          26 iiter=          10
                     conver_load check
 resid=   97.5298100590126      retot=   5223517690993.47     
 ratio1=  4.321028733602476E-006 ratio2=  3.010018023247890E-005
 nchek0=           0 toler_force=  1.000000000000000E-005
 nchek=           1
 miter=         100 iiter=          10
 time: 11:40:36
                     istep=          26 iiter=          11
                     conver_load check
 resid=   23.5675246934441      retot=   5223517696060.05     
 ratio1=  2.124102402882578E-006 ratio2=  1.459239142888583E-005
 nchek0=           0 toler_force=  1.000000000000000E-005
 nchek=           1
 miter=         100 iiter=          11
 time: 11:40:37
                     istep=          26 iiter=          12
                     conver_load check
 resid=   5.70102290876988      retot=   5223517698226.45     
 ratio1=  1.044707849494425E-006 ratio2=  7.085444395197848E-006
 nchek0=           0 toler_force=  1.000000000000000E-005
 nchek=           0
                    conver_nodal_value check
               Convergence check for displacement
 ratio1=  6.271107092639719E-009 ratio2=  1.100004561717950E-007
 nchek=           0
 ***********RESTART FILE IS UPDATED!*******
 istep=          27
 outinp=           0
 tcurvegravity=           0           1           1           1           1
           1           1           1           1           0           0
           0           0           0           0           0           0
           0           0           0           0
 ntelgroup=           0
 Factorization completed ... 
 time: 11:40:37
                     istep=          27 iiter=           1
                     conver_load check
 resid=   1207720245.78783      retot=   5630256984133.18     
 ratio1=  1.464600116567668E-002 ratio2=  2.285082341114490E-002
 nchek0=           0 toler_force=  1.000000000000000E-005
 nchek=           1
 miter=         100 iiter=           1
 time: 11:40:37
                     istep=          27 iiter=           2
                     conver_load check
 resid=   75309039.9125487      retot=   5631459331020.28     
 ratio1=  3.656899957626541E-003 ratio2=  7.984968796189373E-003
 nchek0=           0 toler_force=  1.000000000000000E-005
 nchek=           1
 miter=         100 iiter=           2
 time: 11:40:37
                     istep=          27 iiter=           3
                     conver_load check
 resid=   6075720.42979178      retot=   5631749379832.91     
 ratio1=  1.038669146088814E-003 ratio2=  3.759688573138319E-003
 nchek0=           0 toler_force=  1.000000000000000E-005
 nchek=           1
 miter=         100 iiter=           3
 time: 11:40:37
                     istep=          27 iiter=           4
                     conver_load check
 resid=   732721.533140387      retot=   5631821077790.62     
 ratio1=  3.606990952138204E-004 ratio2=  1.950732094084916E-003
 nchek0=           0 toler_force=  1.000000000000000E-005
 nchek=           1
 miter=         100 iiter=           4
 time: 11:40:37
                     istep=          27 iiter=           5
                     conver_load check
 resid=   138170.519762746      retot=   5631839222893.86     
 ratio1=  1.566327495265974E-004 ratio2=  1.018663500063722E-003
 nchek0=           0 toler_force=  1.000000000000000E-005
 nchek=           1
 miter=         100 iiter=           5
 time: 11:40:37
                     istep=          27 iiter=           6
                     conver_load check
 resid=   33541.6373044462      retot=   5631843902985.73     
 ratio1=  7.717325615403406E-005 ratio2=  5.337058899196804E-004
 nchek0=           0 toler_force=  1.000000000000000E-005
 nchek=           1
 miter=         100 iiter=           6
 time: 11:40:37
                     istep=          27 iiter=           7
                     conver_load check
 resid=   8911.05391447479      retot=   5631845147259.01     
 ratio1=  3.977765559009746E-005 ratio2=  2.798723356492678E-004
 nchek0=           0 toler_force=  1.000000000000000E-005
 nchek=           1
 miter=         100 iiter=           7
 time: 11:40:37
                     istep=          27 iiter=           8
                     conver_load check
 resid=   2429.17815017220      retot=   5631845493540.34     
 ratio1=  2.076846109080972E-005 ratio2=  1.468676794668402E-004
 nchek0=           0 toler_force=  1.000000000000000E-005
 nchek=           1
 miter=         100 iiter=           8
 time: 11:40:37
                     istep=          27 iiter=           9
                     conver_load check
 resid=   664.032471599773      retot=   5631845594435.06     
 ratio1=  1.085848632771829E-005 ratio2=  7.703737366125477E-005
 nchek0=           0 toler_force=  1.000000000000000E-005
 nchek=           1
 miter=         100 iiter=           9
 time: 11:40:37
                     istep=          27 iiter=          10
                     conver_load check
 resid=   181.268672107800      retot=   5631845624964.56     
 ratio1=  5.673303349449683E-006 ratio2=  4.034700388925903E-005
 nchek0=           0 toler_force=  1.000000000000000E-005
 nchek=           1
 miter=         100 iiter=          10
 time: 11:40:37
                     istep=          27 iiter=          11
                     conver_load check
 resid=   49.3815160439284      retot=   5631845634761.40     
 ratio1=  2.961125662924990E-006 ratio2=  2.110015218062595E-005
 nchek0=           0 toler_force=  1.000000000000000E-005
 nchek=           1
 miter=         100 iiter=          11
 time: 11:40:37
                     istep=          27 iiter=          12
                     conver_load check
 resid=   13.4275380657292      retot=   5631845638140.21     
 ratio1=  1.544090762088672E-006 ratio2=  1.102155993122731E-005
 nchek0=           0 toler_force=  1.000000000000000E-005
 nchek=           1
 miter=         100 iiter=          12
 time: 11:40:37
                     istep=          27 iiter=          13
                     conver_load check
 resid=   3.64559821626318      retot=   5631845639400.71     
 ratio1=  8.045610984951279E-007 ratio2=  5.751578286129879E-006
 nchek0=           0 toler_force=  1.000000000000000E-005
 nchek=           0
                    conver_nodal_value check
               Convergence check for displacement
 ratio1=  3.832616580595359E-009 ratio2=  6.100991606629939E-008
 nchek=           0
 ***********RESTART FILE IS UPDATED!*******
 istep=          28
 outinp=           0
 tcurvegravity=           0           1           1           1           1
           1           1           1           1           0           0
           0           0           0           0           0           0
           0           0           0           0
 ntelgroup=           0
 Factorization completed ... 
 time: 11:40:38
                     istep=          28 iiter=           1
                     conver_load check
 resid=   2134831100.73292      retot=   6054625719744.58     
 ratio1=  1.877751466500215E-002 ratio2=  2.623796266275194E-002
 nchek0=           0 toler_force=  1.000000000000000E-005
 nchek=           1
 miter=         100 iiter=           1
 time: 11:40:38
                     istep=          28 iiter=           2
                     conver_load check
 resid=   190974818.369510      retot=   6056937059830.78     
 ratio1=  5.615152071258676E-003 ratio2=  9.500076273406431E-003
 nchek0=           0 toler_force=  1.000000000000000E-005
 nchek=           1
 miter=         100 iiter=           2
 time: 11:40:38
                     istep=          28 iiter=           3
                     conver_load check
 resid=   19592461.2459731      retot=   6057484434260.37     
 ratio1=  1.798449903112832E-003 ratio2=  4.131217620440707E-003
 nchek0=           0 toler_force=  1.000000000000000E-005
 nchek=           1
 miter=         100 iiter=           3
 time: 11:40:38
                     istep=          28 iiter=           4
                     conver_load check
 resid=   2290228.38356702      retot=   6057640448259.08     
 ratio1=  6.148761534625173E-004 ratio2=  2.193773864794696E-003
 nchek0=           0 toler_force=  1.000000000000000E-005
 nchek=           1
 miter=         100 iiter=           4
 time: 11:40:38
                     istep=          28 iiter=           5
                     conver_load check
 resid=   377632.233374012      retot=   6057687764707.98     
 ratio1=  2.496784653718752E-004 ratio2=  1.158681337448841E-003
 nchek0=           0 toler_force=  1.000000000000000E-005
 nchek=           1
 miter=         100 iiter=           5
 time: 11:40:38
                     istep=          28 iiter=           6
                     conver_load check
 resid=   81340.4414306875      retot=   6057701612766.30     
 ratio1=  1.158775552073439E-004 ratio2=  6.110610479250583E-004
 nchek0=           0 toler_force=  1.000000000000000E-005
 nchek=           1
 miter=         100 iiter=           6
 time: 11:40:38
                     istep=          28 iiter=           7
                     conver_load check
 resid=   20066.5166307433      retot=   6057705653451.53     
 ratio1=  5.755484798715218E-005 ratio2=  3.221449633130806E-004
 nchek0=           0 toler_force=  1.000000000000000E-005
 nchek=           1
 miter=         100 iiter=           7
 time: 11:40:38
                     istep=          28 iiter=           8
                     conver_load check
 resid=   5230.92437711492      retot=   6057706869543.36     
 ratio1=  2.938563593289625E-005 ratio2=  1.698649655211651E-004
 nchek0=           0 toler_force=  1.000000000000000E-005
 nchek=           1
 miter=         100 iiter=           8
 time: 11:40:38
                     istep=          28 iiter=           9
                     conver_load check
 resid=   1404.11019732630      retot=   6057707261972.89     
 ratio1=  1.522461978742471E-005 ratio2=  8.955626501217656E-005
 nchek0=           0 toler_force=  1.000000000000000E-005
 nchek=           1
 miter=         100 iiter=           9
 time: 11:40:38
                     istep=          28 iiter=          10
                     conver_load check
 resid=   381.924006863373      retot=   6057707394720.70     
 ratio1=  7.940252863598756E-006 ratio2=  4.742789169574193E-005
 nchek0=           0 toler_force=  1.000000000000000E-005
 nchek=           1
 miter=         100 iiter=          10
 time: 11:40:38
                     istep=          28 iiter=          11
                     conver_load check
 resid=   104.932137599022      retot=   6057707440925.86     
 ratio1=  4.161981184183253E-006 ratio2=  2.534927081178681E-005
 nchek0=           0 toler_force=  1.000000000000000E-005
 nchek=           1
 miter=         100 iiter=          11
 time: 11:40:38
                     istep=          28 iiter=          12
                     conver_load check
 resid=   29.0274220867011      retot=   6057707457852.03     
 ratio1=  2.189021796084340E-006 ratio2=  1.353184035497484E-005
 nchek0=           0 toler_force=  1.000000000000000E-005
 nchek=           1
 miter=         100 iiter=          12
 time: 11:40:38
                     istep=          28 iiter=          13
                     conver_load check
 resid=   8.06765019942913      retot=   6057707464418.94     
 ratio1=  1.154036065449787E-006 ratio2=  7.216239173524886E-006
 nchek0=           0 toler_force=  1.000000000000000E-005
 nchek=           0
                    conver_nodal_value check
               Convergence check for displacement
 ratio1=  1.027553930083243E-008 ratio2=  1.079798311426662E-007
 nchek=           0
 ***********RESTART FILE IS UPDATED!*******
 istep=          29
 outinp=           0
 tcurvegravity=           0           1           1           1           1
           1           1           1           1           0           0
           0           0           0           0           0           0
           0           0           0           0
 ntelgroup=           0
 Factorization completed ... 
 time: 11:40:38
                     istep=          29 iiter=           1
                     conver_load check
 resid=   2721769428.80673      retot=   6497176499174.19     
 ratio1=  2.046743093011304E-002 ratio2=  2.931376075462432E-002
 nchek0=           0 toler_force=  1.000000000000000E-005
 nchek=           1
 miter=         100 iiter=           1
 time: 11:40:38
                     istep=          29 iiter=           2
                     conver_load check
 resid=   315254739.414375      retot=   6501807655715.35     
 ratio1=  6.963278308042939E-003 ratio2=  9.370414693065269E-003
 nchek0=           0 toler_force=  1.000000000000000E-005
 nchek=           1
 miter=         100 iiter=           2
 time: 11:40:38
                     istep=          29 iiter=           3
                     conver_load check
 resid=   47316008.5700532      retot=   6502546526151.17     
 ratio1=  2.697505362735737E-003 ratio2=  4.621362099602584E-003
 nchek0=           0 toler_force=  1.000000000000000E-005
 nchek=           1
 miter=         100 iiter=           3
 time: 11:40:38
                     istep=          29 iiter=           4
                     conver_load check
 resid=   8466354.10548272      retot=   6502755344721.76     
 ratio1=  1.141036421284234E-003 ratio2=  2.523359251727981E-003
 nchek0=           0 toler_force=  1.000000000000000E-005
 nchek=           1
 miter=         100 iiter=           4
 time: 11:40:38
                     istep=          29 iiter=           5
                     conver_load check
 resid=   1698997.63686706      retot=   6502818684079.75     
 ratio1=  5.111467043047480E-004 ratio2=  1.364252415000984E-003
 nchek0=           0 toler_force=  1.000000000000000E-005
 nchek=           1
 miter=         100 iiter=           5
 time: 11:40:38
                     istep=          29 iiter=           6
                     conver_load check
 resid=   364159.683630419      retot=   6502838755529.09     
 ratio1=  2.366434230942270E-004 ratio2=  7.350373954737494E-004
 nchek0=           0 toler_force=  1.000000000000000E-005
 nchek=           1
 miter=         100 iiter=           6
 time: 11:40:38
                     istep=          29 iiter=           7
                     conver_load check
 resid=   81922.3545181594      retot=   6502845584963.85     
 ratio1=  1.122404740210296E-004 ratio2=  3.953311133225832E-004
 nchek0=           0 toler_force=  1.000000000000000E-005
 nchek=           1
 miter=         100 iiter=           7
 time: 11:40:38
                     istep=          29 iiter=           8
                     conver_load check
 resid=   19185.9781346357      retot=   6502848048983.16     
 ratio1=  5.431754959602080E-005 ratio2=  2.124243392119940E-004
 nchek0=           0 toler_force=  1.000000000000000E-005
 nchek=           1
 miter=         100 iiter=           8
 time: 11:40:38
                     istep=          29 iiter=           9
                     conver_load check
 resid=   4644.66691002850      retot=   6502848973655.45     
 ratio1=  2.672547625686285E-005 ratio2=  1.140458762044872E-004
 nchek0=           0 toler_force=  1.000000000000000E-005
 nchek=           1
 miter=         100 iiter=           9
 time: 11:40:38
                     istep=          29 iiter=          10
                     conver_load check
 resid=   1157.41162750340      retot=   6502849338030.31     
 ratio1=  1.334111336146774E-005 ratio2=  6.118153830324757E-005
 nchek0=           0 toler_force=  1.000000000000000E-005
 nchek=           1
 miter=         100 iiter=          10
 time: 11:40:38
                     istep=          29 iiter=          11
                     conver_load check
 resid=   295.730369457558      retot=   6502849485891.20     
 ratio1=  6.743666923788644E-006 ratio2=  3.280296825911529E-005
 nchek0=           0 toler_force=  1.000000000000000E-005
 nchek=           1
 miter=         100 iiter=          11
 time: 11:40:38
                     istep=          29 iiter=          12
                     conver_load check
 resid=   77.1935942129403      retot=   6502849547518.46     
 ratio1=  3.445393088964459E-006 ratio2=  1.758108548856471E-005
 nchek0=           0 toler_force=  1.000000000000000E-005
 nchek=           1
 miter=         100 iiter=          12
 time: 11:40:38
                     istep=          29 iiter=          13
                     conver_load check
 resid=   20.5186810903927      retot=   6502849573803.65     
 ratio1=  1.776326794478104E-006 ratio2=  9.420784168583608E-006
 nchek0=           0 toler_force=  1.000000000000000E-005
 nchek=           0
                    conver_nodal_value check
               Convergence check for displacement
 ratio1=  1.969620684945363E-008 ratio2=  1.516609303255845E-007
 nchek=           0
 ***********RESTART FILE IS UPDATED!*******
 istep=          30
 outinp=           0
 tcurvegravity=           0           1           1           1           1
           1           1           1           1           0           0
           0           0           0           0           0           0
           0           0           0           0
 ntelgroup=           0
 Factorization completed ... 
 time: 11:40:39
                     istep=          30 iiter=           1
                     conver_load check
 resid=   2988035446.34407      retot=   6960093670815.48     
 ratio1=  2.071978908797838E-002 ratio2=  2.912246763551702E-002
 nchek0=           0 toler_force=  1.000000000000000E-005
 nchek=           1
 miter=         100 iiter=           1
 time: 11:40:39
                     istep=          30 iiter=           2
                     conver_load check
 resid=   377674545.726286      retot=   6968796921820.40     
 ratio1=  7.361731155289291E-003 ratio2=  9.280367636473165E-003
 nchek0=           0 toler_force=  1.000000000000000E-005
 nchek=           1
 miter=         100 iiter=           2
 time: 11:40:39
                     istep=          30 iiter=           3
                     conver_load check
 resid=   71480995.0719936      retot=   6969784326671.88     
 ratio1=  3.202474092514890E-003 ratio2=  5.278524179039402E-003
 nchek0=           0 toler_force=  1.000000000000000E-005
 nchek=           1
 miter=         100 iiter=           3
 time: 11:40:39
                     istep=          30 iiter=           4
                     conver_load check
 resid=   15554670.4673985      retot=   6970012392676.75     
 ratio1=  1.493872842806357E-003 ratio2=  2.943036426240545E-003
 nchek0=           0 toler_force=  1.000000000000000E-005
 nchek=           1
 miter=         100 iiter=           4
 time: 11:40:39
                     istep=          30 iiter=           5
                     conver_load check
 resid=   3578231.54859173      retot=   6970076751562.66     
 ratio1=  7.164987549166899E-004 ratio2=  1.625064024973238E-003
 nchek0=           0 toler_force=  1.000000000000000E-005
 nchek=           1
 miter=         100 iiter=           5
 time: 11:40:39
                     istep=          30 iiter=           6
                     conver_load check
 resid=   846337.208109594      retot=   6970097149642.75     
 ratio1=  3.484594939314764E-004 ratio2=  8.925667662844096E-004
 nchek0=           0 toler_force=  1.000000000000000E-005
 nchek=           1
 miter=         100 iiter=           6
 time: 11:40:39
                     istep=          30 iiter=           7
                     conver_load check
 resid=   205438.394290106      retot=   6970104537532.00     
 ratio1=  1.716805753746195E-004 ratio2=  4.886220791999444E-004
 nchek0=           0 toler_force=  1.000000000000000E-005
 nchek=           1
 miter=         100 iiter=           7
 time: 11:40:39
                     istep=          30 iiter=           8
                     conver_load check
 resid=   51000.0668713233      retot=   6970107445025.90     
 ratio1=  8.553928905014636E-005 ratio2=  2.668826891054080E-004
 nchek0=           0 toler_force=  1.000000000000000E-005
 nchek=           1
 miter=         100 iiter=           8
 time: 11:40:39
                     istep=          30 iiter=           9
                     conver_load check
 resid=   12892.3459988237      retot=   6970108633559.04     
 ratio1=  4.300769852582523E-005 ratio2=  1.455329797070599E-004
 nchek0=           0 toler_force=  1.000000000000000E-005
 nchek=           1
 miter=         100 iiter=           9
 time: 11:40:39
                     istep=          30 iiter=          10
                     conver_load check
 resid=   3311.91203195520      retot=   6970109129206.06     
 ratio1=  2.179814853404377E-005 ratio2=  7.926732893525199E-005
 nchek0=           0 toler_force=  1.000000000000000E-005
 nchek=           1
 miter=         100 iiter=          10
 time: 11:40:39
                     istep=          30 iiter=          11
                     conver_load check
 resid=   863.282772803168      retot=   6970109341972.44     
 ratio1=  1.112901535716210E-005 ratio2=  4.313805419917926E-005
 nchek0=           0 toler_force=  1.000000000000000E-005
 nchek=           1
 miter=         100 iiter=          11
 time: 11:40:39
                     istep=          30 iiter=          12
                     conver_load check
 resid=   228.042396969682      retot=   6970109435515.90     
 ratio1=  5.719894257973062E-006 ratio2=  2.346207116468450E-005
 nchek0=           0 toler_force=  1.000000000000000E-005
 nchek=           1
 miter=         100 iiter=          12
 time: 11:40:39
                     istep=          30 iiter=          13
                     conver_load check
 resid=   60.9811610804384      retot=   6970109477428.00     
 ratio1=  2.957862931752389E-006 ratio2=  1.275528497293961E-005
 nchek0=           0 toler_force=  1.000000000000000E-005
 nchek=           1
 miter=         100 iiter=          13
 time: 11:40:39
                     istep=          30 iiter=          14
                     conver_load check
 resid=   16.4916685299873      retot=   6970109496497.40     
 ratio1=  1.538198906487427E-006 ratio2=  6.932508618905465E-006
 nchek0=           0 toler_force=  1.000000000000000E-005
 nchek=           0
                    conver_nodal_value check
               Convergence check for displacement
 ratio1=  1.846783047314123E-008 ratio2=  1.040867913616293E-007
 nchek=           0
 ***********RESTART FILE IS UPDATED!*******
 istep=          31
 outinp=           0
 tcurvegravity=           0           1           1           1           1
           1           1           1           1           0           0
           0           0           0           0           0           0
           0           0           0           0
 ntelgroup=           0
 Factorization completed ... 
 time: 11:40:39
                     istep=          31 iiter=           1
                     conver_load check
 resid=   3198549772.92701      retot=   7446883573090.19     
 ratio1=  2.072474876812877E-002 ratio2=  2.844523847159976E-002
 nchek0=           0 toler_force=  1.000000000000000E-005
 nchek=           1
 miter=         100 iiter=           1
 time: 11:40:39
                     istep=          31 iiter=           2
                     conver_load check
 resid=   438933142.416390      retot=   7460368728796.80     
 ratio1=  7.670418160979563E-003 ratio2=  1.061611804559087E-002
 nchek0=           0 toler_force=  1.000000000000000E-005
 nchek=           1
 miter=         100 iiter=           2
 time: 11:40:39
                     istep=          31 iiter=           3
                     conver_load check
 resid=   91830982.4286015      retot=   7461969660337.00     
 ratio1=  3.508066971844409E-003 ratio2=  6.160503718782994E-003
 nchek0=           0 toler_force=  1.000000000000000E-005
 nchek=           1
 miter=         100 iiter=           3
 time: 11:40:39
                     istep=          31 iiter=           4
                     conver_load check
 resid=   21321285.4284872      retot=   7462284778765.70     
 ratio1=  1.690327210447541E-003 ratio2=  3.504211860599904E-003
 nchek0=           0 toler_force=  1.000000000000000E-005
 nchek=           1
 miter=         100 iiter=           4
 time: 11:40:39
                     istep=          31 iiter=           5
                     conver_load check
 resid=   5207129.26438889      retot=   7462374059222.56     
 ratio1=  8.353349878332459E-004 ratio2=  1.972473178553818E-003
 nchek0=           0 toler_force=  1.000000000000000E-005
 nchek=           1
 miter=         100 iiter=           5
 time: 11:40:39
                     istep=          31 iiter=           6
                     conver_load check
 resid=   1307848.65858991      retot=   7462403010961.52     
 ratio1=  4.186387218850208E-004 ratio2=  1.104342764519042E-003
 nchek0=           0 toler_force=  1.000000000000000E-005
 nchek=           1
 miter=         100 iiter=           6
 time: 11:40:39
                     istep=          31 iiter=           7
                     conver_load check
 resid=   336618.271213230      retot=   7462413376534.86     
 ratio1=  2.123876165268905E-004 ratio2=  6.161247935670194E-004
 nchek0=           0 toler_force=  1.000000000000000E-005
 nchek=           1
 miter=         100 iiter=           7
 time: 11:40:39
                     istep=          31 iiter=           8
                     conver_load check
 resid=   88391.1209789152      retot=   7462417337275.33     
 ratio1=  1.088339907155384E-004 ratio2=  3.428920603895608E-004
 nchek0=           0 toler_force=  1.000000000000000E-005
 nchek=           1
 miter=         100 iiter=           8
 time: 11:40:39
                     istep=          31 iiter=           9
                     conver_load check
 resid=   23599.3185194168      retot=   7462418916071.25     
 ratio1=  5.623541679982418E-005 ratio2=  1.904889229517413E-004
 nchek0=           0 toler_force=  1.000000000000000E-005
 nchek=           1
 miter=         100 iiter=           9
 time: 11:40:39
                     istep=          31 iiter=          10
                     conver_load check
 resid=   6390.44420097340      retot=   7462419567804.96     
 ratio1=  2.926346119912985E-005 ratio2=  1.056847743710789E-004
 nchek0=           0 toler_force=  1.000000000000000E-005
 nchek=           1
 miter=         100 iiter=          10
 time: 11:40:39
                     istep=          31 iiter=          11
                     conver_load check
 resid=   1751.79533876687      retot=   7462419844736.44     
 ratio1=  1.532151968676200E-005 ratio2=  5.857704711838109E-005
 nchek0=           0 toler_force=  1.000000000000000E-005
 nchek=           1
 miter=         100 iiter=          11
 time: 11:40:39
                     istep=          31 iiter=          12
                     conver_load check
 resid=   485.430886271685      retot=   7462419965081.96     
 ratio1=  8.065361904652146E-006 ratio2=  3.244260354841337E-005
 nchek0=           0 toler_force=  1.000000000000000E-005
 nchek=           1
 miter=         100 iiter=          12
 time: 11:40:39
                     istep=          31 iiter=          13
                     conver_load check
 resid=   135.825446057256      retot=   7462420018346.84     
 ratio1=  4.266293458721251E-006 ratio2=  1.795776348278448E-005
 nchek0=           0 toler_force=  1.000000000000000E-005
 nchek=           1
 miter=         100 iiter=          13
 time: 11:40:39
                     istep=          31 iiter=          14
                     conver_load check
 resid=   38.3339137258045      retot=   7462420042341.16     
 ratio1=  2.266479186133630E-006 ratio2=  9.935633260255468E-006
 nchek0=           0 toler_force=  1.000000000000000E-005
 nchek=           0
                    conver_nodal_value check
               Convergence check for displacement
 ratio1=  2.952166609655780E-008 ratio2=  1.464874752548543E-007
 nchek=           0
 ***********RESTART FILE IS UPDATED!*******
 istep=          32
 outinp=           0
 tcurvegravity=           0           1           1           1           1
           1           1           1           1           0           0
           0           0           0           0           0           0
           0           0           0           0
 ntelgroup=           0
 Factorization completed ... 
 time: 11:40:40
                     istep=          32 iiter=           1
                     conver_load check
 resid=   3429915746.05367      retot=   7960599816108.87     
 ratio1=  2.075720286803754E-002 ratio2=  2.833371607011359E-002
 nchek0=           0 toler_force=  1.000000000000000E-005
 nchek=           1
 miter=         100 iiter=           1
 time: 11:40:40
                     istep=          32 iiter=           2
                     conver_load check
 resid=   533500665.526289      retot=   7979423298379.60     
 ratio1=  8.176769033171055E-003 ratio2=  1.249280115186604E-002
 nchek0=           0 toler_force=  1.000000000000000E-005
 nchek=           1
 miter=         100 iiter=           2
 time: 11:40:40
                     istep=          32 iiter=           3
                     conver_load check
 resid=   121644875.427447      retot=   7982067719446.10     
 ratio1=  3.903814789039670E-003 ratio2=  7.420477149012263E-003
 nchek0=           0 toler_force=  1.000000000000000E-005
 nchek=           1
 miter=         100 iiter=           3
 time: 11:40:40
                     istep=          32 iiter=           4
                     conver_load check
 resid=   30150816.4375581      retot=   7982592836952.44     
 ratio1=  1.943468694137069E-003 ratio2=  4.328890041206835E-003
 nchek0=           0 toler_force=  1.000000000000000E-005
 nchek=           1
 miter=         100 iiter=           4
 time: 11:40:40
                     istep=          32 iiter=           5
                     conver_load check
 resid=   7773428.89191800      retot=   7982735947261.30     
 ratio1=  9.868029363683775E-004 ratio2=  2.499898723614516E-003
 nchek0=           0 toler_force=  1.000000000000000E-005
 nchek=           1
 miter=         100 iiter=           5
 time: 11:40:40
                     istep=          32 iiter=           6
                     conver_load check
 resid=   2056828.96248114      retot=   7982782444487.78     
 ratio1=  5.076003848987459E-004 ratio2=  1.435216817661390E-003
 nchek0=           0 toler_force=  1.000000000000000E-005
 nchek=           1
 miter=         100 iiter=           6
 time: 11:40:40
                     istep=          32 iiter=           7
                     conver_load check
 resid=   555263.625407840      retot=   7982799299447.38     
 ratio1=  2.637375739424917E-004 ratio2=  8.206893045933679E-004
 nchek0=           0 toler_force=  1.000000000000000E-005
 nchek=           1
 miter=         100 iiter=           7
 time: 11:40:40
                     istep=          32 iiter=           8
                     conver_load check
 resid=   152426.898164258      retot=   7982805840747.94     
 ratio1=  1.381824927138500E-004 ratio2=  4.679418898010921E-004
 nchek0=           0 toler_force=  1.000000000000000E-005
 nchek=           1
 miter=         100 iiter=           8
 time: 11:40:40
                     istep=          32 iiter=           9
                     conver_load check
 resid=   42500.4121573476      retot=   7982808505960.11     
 ratio1=  7.296569360125250E-005 ratio2=  2.662437115235497E-004
 nchek0=           0 toler_force=  1.000000000000000E-005
 nchek=           1
 miter=         100 iiter=           9
 time: 11:40:40
                     istep=          32 iiter=          10
                     conver_load check
 resid=   12021.2253561199      retot=   7982809636470.01     
 ratio1=  3.880578586976013E-005 ratio2=  1.512397217101369E-004
 nchek0=           0 toler_force=  1.000000000000000E-005
 nchek=           1
 miter=         100 iiter=          10
 time: 11:40:40
                     istep=          32 iiter=          11
                     conver_load check
 resid=   3445.14683919696      retot=   7982810129743.85     
 ratio1=  2.077427941977028E-005 ratio2=  8.580545569859509E-005
 nchek0=           0 toler_force=  1.000000000000000E-005
 nchek=           1
 miter=         100 iiter=          11
 time: 11:40:40
                     istep=          32 iiter=          12
                     conver_load check
 resid=   999.267628449458      retot=   7982810349351.51     
 ratio1=  1.118827167518090E-005 ratio2=  4.863506756383377E-005
 nchek0=           0 toler_force=  1.000000000000000E-005
 nchek=           1
 miter=         100 iiter=          12
 time: 11:40:40
                     istep=          32 iiter=          13
                     conver_load check
 resid=   293.028466582642      retot=   7982810448582.14     
 ratio1=  6.058665806732761E-006 ratio2=  2.754640300649487E-005
 nchek0=           0 toler_force=  1.000000000000000E-005
 nchek=           1
 miter=         100 iiter=          13
 time: 11:40:40
                     istep=          32 iiter=          14
                     conver_load check
 resid=   86.7873108322932      retot=   7982810493932.58     
 ratio1=  3.297237314325261E-006 ratio2=  1.559322920729670E-005
 nchek0=           0 toler_force=  1.000000000000000E-005
 nchek=           1
 miter=         100 iiter=          14
 time: 11:40:40
                     istep=          32 iiter=          15
                     conver_load check
 resid=   25.9365285456976      retot=   7982810514849.94     
 ratio1=  1.802511372888631E-006 ratio2=  8.823137411023900E-006
 nchek0=           0 toler_force=  1.000000000000000E-005
 nchek=           0
                    conver_nodal_value check
               Convergence check for displacement
 ratio1=  2.400155636450507E-008 ratio2=  1.297889614607064E-007
 nchek=           0
 ***********RESTART FILE IS UPDATED!*******
 istep=          33
 outinp=           0
 tcurvegravity=           0           1           1           1           1
           1           1           1           1           0           0
           0           0           0           0           0           0
           0           0           0           0
 ntelgroup=           0
 Factorization completed ... 
 time: 11:40:41
                     istep=          33 iiter=           1
                     conver_load check
 resid=   3903699045.49237      retot=   8504401654140.24     
 ratio1=  2.142477563547485E-002 ratio2=  2.926419003169424E-002
 nchek0=           0 toler_force=  1.000000000000000E-005
 nchek=           1
 miter=         100 iiter=           1
 time: 11:40:41
                     istep=          33 iiter=           2
                     conver_load check
 resid=   646046816.948005      retot=   8528870434247.54     
 ratio1=  8.703345757811039E-003 ratio2=  1.520686705031239E-002
 nchek0=           0 toler_force=  1.000000000000000E-005
 nchek=           1
 miter=         100 iiter=           2
 time: 11:40:41
                     istep=          33 iiter=           3
                     conver_load check
 resid=   158200137.334137      retot=   8532583079374.00     
 ratio1=  4.305892323329420E-003 ratio2=  9.252429760396006E-003
 nchek0=           0 toler_force=  1.000000000000000E-005
 nchek=           1
 miter=         100 iiter=           3
 time: 11:40:41
                     istep=          33 iiter=           4
                     conver_load check
 resid=   42050847.1305164      retot=   8533267123444.45     
 ratio1=  2.219881051616093E-003 ratio2=  5.541389483674498E-003
 nchek0=           0 toler_force=  1.000000000000000E-005
 nchek=           1
 miter=         100 iiter=           4
 time: 11:40:41
                     istep=          33 iiter=           5
                     conver_load check
 resid=   11538357.2623857      retot=   8533430793202.04     
 ratio1=  1.162813742108730E-003 ratio2=  3.289102412442349E-003
 nchek0=           0 toler_force=  1.000000000000000E-005
 nchek=           1
 miter=         100 iiter=           5
 time: 11:40:41
                     istep=          33 iiter=           6
                     conver_load check
 resid=   3220983.04296518      retot=   8533479996511.14     
 ratio1=  6.143716001229182E-004 ratio2=  1.941392494400389E-003
 nchek0=           0 toler_force=  1.000000000000000E-005
 nchek=           1
 miter=         100 iiter=           6
 time: 11:40:41
                     istep=          33 iiter=           7
                     conver_load check
 resid=   918059.129255234      retot=   8533497714231.01     
 ratio1=  3.279984478576756E-004 ratio2=  1.141417130887264E-003
 nchek0=           0 toler_force=  1.000000000000000E-005
 nchek=           1
 miter=         100 iiter=           7
 time: 11:40:41
                     istep=          33 iiter=           8
                     conver_load check
 resid=   266554.601326448      retot=   8533504817796.10     
 ratio1=  1.767377707922408E-004 ratio2=  6.691350527549109E-004
 nchek0=           0 toler_force=  1.000000000000000E-005
 nchek=           1
 miter=         100 iiter=           8
 time: 11:40:41
                     istep=          33 iiter=           9
                     conver_load check
 resid=   78719.1695815866      retot=   8533507855831.71     
 ratio1=  9.604537481225211E-005 ratio2=  3.914073016720652E-004
 nchek0=           0 toler_force=  1.000000000000000E-005
 nchek=           1
 miter=         100 iiter=           9
 time: 11:40:41
                     istep=          33 iiter=          10
                     conver_load check
 resid=   23612.1618520972      retot=   8533509232657.15     
 ratio1=  5.260221649753225E-005 ratio2=  2.285835576423329E-004
 nchek0=           0 toler_force=  1.000000000000000E-005
 nchek=           1
 miter=         100 iiter=          10
 time: 11:40:41
                     istep=          33 iiter=          11
                     conver_load check
 resid=   7182.00883138029      retot=   8533509871609.50     
 ratio1=  2.901076090588178E-005 ratio2=  1.333281870851345E-004
 nchek0=           0 toler_force=  1.000000000000000E-005
 nchek=           1
 miter=         100 iiter=          11
 time: 11:40:41
                     istep=          33 iiter=          12
                     conver_load check
 resid=   2213.45311497297      retot=   8533510172459.25     
 ratio1=  1.610539231488523E-005 ratio2=  7.770185164803445E-005
 nchek0=           0 toler_force=  1.000000000000000E-005
 nchek=           1
 miter=         100 iiter=          12
 time: 11:40:41
                     istep=          33 iiter=          13
                     conver_load check
 resid=   690.584868427324      retot=   8533510316809.46     
 ratio1=  8.995901057613650E-006 ratio2=  4.525666260313003E-005
 nchek0=           0 toler_force=  1.000000000000000E-005
 nchek=           1
 miter=         100 iiter=          13
 time: 11:40:41
                     istep=          33 iiter=          14
                     conver_load check
 resid=   217.901062394465      retot=   8533510387319.93     
 ratio1=  5.053192153600789E-006 ratio2=  2.634865618904782E-005
 nchek0=           0 toler_force=  1.000000000000000E-005
 nchek=           1
 miter=         100 iiter=          14
 time: 11:40:41
                     istep=          33 iiter=          15
                     conver_load check
 resid=   69.4622024243593      retot=   8533510422323.70     
 ratio1=  2.853056768047552E-006 ratio2=  1.533634598656164E-005
 nchek0=           0 toler_force=  1.000000000000000E-005
 nchek=           1
 miter=         100 iiter=          15
 time: 11:40:41
                     istep=          33 iiter=          16
                     conver_load check
 resid=   22.3476104507411      retot=   8533510439959.12     
 ratio1=  1.618272612140329E-006 ratio2=  8.925265466775366E-006
 nchek0=           0 toler_force=  1.000000000000000E-005
 nchek=           0
                    conver_nodal_value check
               Convergence check for displacement
 ratio1=  2.047935275395961E-008 ratio2=  1.294808216112902E-007
 nchek=           0
 ***********RESTART FILE IS UPDATED!*******
 istep=          34
 outinp=           0
 tcurvegravity=           0           1           1           1           1
           1           1           1           1           0           0
           0           0           0           0           0           0
           0           0           0           0
 ntelgroup=           0
 Factorization completed ... 
 time: 11:40:41
                     istep=          34 iiter=           1
                     conver_load check
 resid=   4595776099.00602      retot=   9080102499482.64     
 ratio1=  2.249748938568165E-002 ratio2=  3.030588149005339E-002
 nchek0=           0 toler_force=  1.000000000000000E-005
 nchek=           1
 miter=         100 iiter=           1
 time: 11:40:41
                     istep=          34 iiter=           2
                     conver_load check
 resid=   771692502.460752      retot=   9108710389390.98     
 ratio1=  9.204362056107229E-003 ratio2=  1.931386801965951E-002
 nchek0=           0 toler_force=  1.000000000000000E-005
 nchek=           1
 miter=         100 iiter=           2
 time: 11:40:41
                     istep=          34 iiter=           3
                     conver_load check
 resid=   201221420.443904      retot=   9113060715581.97     
 ratio1=  4.698994896278848E-003 ratio2=  1.205820780375914E-002
 nchek0=           0 toler_force=  1.000000000000000E-005
 nchek=           1
 miter=         100 iiter=           3
 time: 11:40:41
                     istep=          34 iiter=           4
                     conver_load check
 resid=   56909480.8570535      retot=   9113819778116.03     
 ratio1=  2.498860969788468E-003 ratio2=  7.424743959457999E-003
 nchek0=           0 toler_force=  1.000000000000000E-005
 nchek=           1
 miter=         100 iiter=           4
 time: 11:40:41
                     istep=          34 iiter=           5
                     conver_load check
 resid=   16495575.0227523      retot=   9113988739454.80     
 ratio1=  1.345332041501023E-003 ratio2=  4.538233784616855E-003
 nchek0=           0 toler_force=  1.000000000000000E-005
 nchek=           1
 miter=         100 iiter=           5
 time: 11:40:41
                     istep=          34 iiter=           6
                     conver_load check
 resid=   4900428.40510656      retot=   9114039146913.78     
 ratio1=  7.332660528786669E-004 ratio2=  2.762063416228197E-003
 nchek0=           0 toler_force=  1.000000000000000E-005
 nchek=           1
 miter=         100 iiter=           6
 time: 11:40:41
                     istep=          34 iiter=           7
                     conver_load check
 resid=   1491962.57430058      retot=   9114057801163.79     
 ratio1=  4.045973884922642E-004 ratio2=  1.676332465006324E-003
 nchek0=           0 toler_force=  1.000000000000000E-005
 nchek=           1
 miter=         100 iiter=           7
 time: 11:40:41
                     istep=          34 iiter=           8
                     conver_load check
 resid=   465190.453566284      retot=   9114065835780.58     
 ratio1=  2.259224120775884E-004 ratio2=  1.015411238456636E-003
 nchek0=           0 toler_force=  1.000000000000000E-005
 nchek=           1
 miter=         100 iiter=           8
 time: 11:40:41
                     istep=          34 iiter=           9
                     conver_load check
 resid=   148437.400891433      retot=   9114069651768.20     
 ratio1=  1.276190475471700E-004 ratio2=  6.142411938715169E-004
 nchek0=           0 toler_force=  1.000000000000000E-005
 nchek=           1
 miter=         100 iiter=           9
 time: 11:40:41
                     istep=          34 iiter=          10
                     conver_load check
 resid=   48384.4295828716      retot=   9114071483592.66     
 ratio1=  7.286124660406150E-005 ratio2=  3.712271519672831E-004
 nchek0=           0 toler_force=  1.000000000000000E-005
 nchek=           1
 miter=         100 iiter=          10
 time: 11:40:41
                     istep=          34 iiter=          11
                     conver_load check
 resid=   16080.2259088048      retot=   9114072383322.39     
 ratio1=  4.200392130975590E-005 ratio2=  2.242257440076451E-004
 nchek0=           0 toler_force=  1.000000000000000E-005
 nchek=           1
 miter=         100 iiter=          11
 time: 11:40:41
                     istep=          34 iiter=          12
                     conver_load check
 resid=   5437.15333803551      retot=   9114072837168.42     
 ratio1=  2.442471714772057E-005 ratio2=  1.353887701182414E-004
 nchek0=           0 toler_force=  1.000000000000000E-005
 nchek=           1
 miter=         100 iiter=          12
 time: 11:40:41
                     istep=          34 iiter=          13
                     conver_load check
 resid=   1866.21386135389      retot=   9114073071343.35     
 ratio1=  1.430949978069069E-005 ratio2=  8.173566743325787E-005
 nchek0=           0 toler_force=  1.000000000000000E-005
 nchek=           1
 miter=         100 iiter=          13
 time: 11:40:41
                     istep=          34 iiter=          14
                     conver_load check
 resid=   648.773412018609      retot=   9114073194511.00     
 ratio1=  8.437043060638486E-006 ratio2=  4.934381947567959E-005
 nchek0=           0 toler_force=  1.000000000000000E-005
 nchek=           1
 miter=         100 iiter=          14
 time: 11:40:41
                     istep=          34 iiter=          15
                     conver_load check
 resid=   227.961409551921      retot=   9114073260389.42     
 ratio1=  5.001202150429449E-006 ratio2=  2.979140687646082E-005
 nchek0=           0 toler_force=  1.000000000000000E-005
 nchek=           1
 miter=         100 iiter=          15
 time: 11:40:41
                     istep=          34 iiter=          16
                     conver_load check
 resid=   80.8081779661064      retot=   9114073296161.68     
 ratio1=  2.977634576219174E-006 ratio2=  1.798950736232584E-005
 nchek0=           0 toler_force=  1.000000000000000E-005
 nchek=           1
 miter=         100 iiter=          16
 time: 11:40:41
                     istep=          34 iiter=          17
                     conver_load check
 resid=   28.8517482561289      retot=   9114073315855.29     
 ratio1=  1.779220640602660E-006 ratio2=  1.086528410577889E-005
 nchek0=           0 toler_force=  1.000000000000000E-005
 nchek=           1
 miter=         100 iiter=          17
 time: 11:40:41
                     istep=          34 iiter=          18
                     conver_load check
 resid=   10.3613965096739      retot=   9114073326834.40     
 ratio1=  1.066234884949772E-006 ratio2=  6.564062680302538E-006
 nchek0=           0 toler_force=  1.000000000000000E-005
 nchek=           0
                    conver_nodal_value check
               Convergence check for displacement
 ratio1=  1.269457473533697E-008 ratio2=  1.091124866864731E-007
 nchek=           0
 ***********RESTART FILE IS UPDATED!*******
 istep=          35
 outinp=           0
 tcurvegravity=           0           1           1           1           1
           1           1           1           1           0           0
           0           0           0           0           0           0
           0           0           0           0
 ntelgroup=           0
 Factorization completed ... 
 time: 11:40:42
                     istep=          35 iiter=           1
                     conver_load check
 resid=   5330248725.65067      retot=   9685703496248.65     
 ratio1=  2.345892746747436E-002 ratio2=  3.914325996716884E-002
 nchek0=           0 toler_force=  1.000000000000000E-005
 nchek=           1
 miter=         100 iiter=           1
 time: 11:40:42
                     istep=          35 iiter=           2
                     conver_load check
 resid=   959831071.145660      retot=   9717165243939.61     
 ratio1=  9.938654839843240E-003 ratio2=  2.575496234817407E-002
 nchek0=           0 toler_force=  1.000000000000000E-005
 nchek=           1
 miter=         100 iiter=           2
 time: 11:40:42
                     istep=          35 iiter=           3
                     conver_load check
 resid=   272053206.497263      retot=   9721894484766.85     
 ratio1=  5.289948851838832E-003 ratio2=  1.661085858742659E-002
 nchek0=           0 toler_force=  1.000000000000000E-005
 nchek=           1
 miter=         100 iiter=           3
 time: 11:40:42
                     istep=          35 iiter=           4
                     conver_load check
 resid=   83587384.2695782      retot=   9722701788797.39     
 ratio1=  2.932087218225162E-003 ratio2=  1.060125383020300E-002
 nchek0=           0 toler_force=  1.000000000000000E-005
 nchek=           1
 miter=         100 iiter=           4
 time: 11:40:42
                     istep=          35 iiter=           5
                     conver_load check
 resid=   26697848.1196110      retot=   9722891222112.58     
 ratio1=  1.657068324009923E-003 ratio2=  6.731989667678867E-003
 nchek0=           0 toler_force=  1.000000000000000E-005
 nchek=           1
 miter=         100 iiter=           5
 time: 11:40:42
                     istep=          35 iiter=           6
                     conver_load check
 resid=   8749686.14054354      retot=   9722959831547.29     
 ratio1=  9.486302985848432E-004 ratio2=  4.263145212765837E-003
 nchek0=           0 toler_force=  1.000000000000000E-005
 nchek=           1
 miter=         100 iiter=           6
 time: 11:40:42
                     istep=          35 iiter=           7
                     conver_load check
 resid=   2952856.81842622      retot=   9722988449206.82     
 ratio1=  5.510884507496796E-004 ratio2=  2.696183973452491E-003
 nchek0=           0 toler_force=  1.000000000000000E-005
 nchek=           1
 miter=         100 iiter=           7
 time: 11:40:42
                     istep=          35 iiter=           8
                     conver_load check
 resid=   1028306.47844122      retot=   9723000752921.15     
 ratio1=  3.252079294047815E-004 ratio2=  1.704097446590849E-003
 nchek0=           0 toler_force=  1.000000000000000E-005
 nchek=           1
 miter=         100 iiter=           8
 time: 11:40:42
                     istep=          35 iiter=           9
                     conver_load check
 resid=   369132.848172770      retot=   9723006561327.41     
 ratio1=  1.948458038682584E-004 ratio2=  1.076849153487908E-003
 nchek0=           0 toler_force=  1.000000000000000E-005
 nchek=           1
 miter=         100 iiter=           9
 time: 11:40:42
                     istep=          35 iiter=          10
                     conver_load check
 resid=   136081.283057443      retot=   9723009513236.18     
 ratio1=  1.183038402283908E-004 ratio2=  6.805439364403553E-004
 nchek0=           0 toler_force=  1.000000000000000E-005
 nchek=           1
 miter=         100 iiter=          10
 time: 11:40:42
                     istep=          35 iiter=          11
                     conver_load check
 resid=   51284.7241602653      retot=   9723011086585.88     
 ratio1=  7.262625020464120E-005 ratio2=  4.302091508966511E-004
 nchek0=           0 toler_force=  1.000000000000000E-005
 nchek=           1
 miter=         100 iiter=          11
 time: 11:40:42
                     istep=          35 iiter=          12
                     conver_load check
 resid=   19669.4386829358      retot=   9723011952787.47     
 ratio1=  4.497752704614289E-005 ratio2=  2.720670013676737E-004
 nchek0=           0 toler_force=  1.000000000000000E-005
 nchek=           1
 miter=         100 iiter=          12
 time: 11:40:42
                     istep=          35 iiter=          13
                     conver_load check
 resid=   7646.67208590062      retot=   9723012441381.05     
 ratio1=  2.804373228794951E-005 ratio2=  1.721368759873117E-004
 nchek0=           0 toler_force=  1.000000000000000E-005
 nchek=           1
 miter=         100 iiter=          13
 time: 11:40:42
                     istep=          35 iiter=          14
                     conver_load check
 resid=   3003.26455040689      retot=   9723012722412.78     
 ratio1=  1.757504185289366E-005 ratio2=  1.089652153928312E-004
 nchek0=           0 toler_force=  1.000000000000000E-005
 nchek=           1
 miter=         100 iiter=          14
 time: 11:40:42
                     istep=          35 iiter=          15
                     conver_load check
 resid=   1188.56998977060      retot=   9723012886723.61     
 ratio1=  1.105635436135155E-005 ratio2=  6.901150725692050E-005
 nchek0=           0 toler_force=  1.000000000000000E-005
 nchek=           1
 miter=         100 iiter=          15
 time: 11:40:42
                     istep=          35 iiter=          16
                     conver_load check
 resid=   473.047787110247      retot=   9723012984139.75     
 ratio1=  6.975126282032410E-006 ratio2=  4.372919708670367E-005
 nchek0=           0 toler_force=  1.000000000000000E-005
 nchek=           1
 miter=         100 iiter=          16
 time: 11:40:42
                     istep=          35 iiter=          17
                     conver_load check
 resid=   189.057292439312      retot=   9723013042588.58     
 ratio1=  4.409570422015262E-006 ratio2=  2.772233784656256E-005
 nchek0=           0 toler_force=  1.000000000000000E-005
 nchek=           1
 miter=         100 iiter=          17
 time: 11:40:42
                     istep=          35 iiter=          18
                     conver_load check
 resid=   75.7914099462120      retot=   9723013078016.17     
 ratio1=  2.791962354729469E-006 ratio2=  1.758946023413132E-005
 nchek0=           0 toler_force=  1.000000000000000E-005
 nchek=           1
 miter=         100 iiter=          18
 time: 11:40:42
                     istep=          35 iiter=          19
                     conver_load check
 resid=   30.4539131566494      retot=   9723013099676.15     
 ratio1=  1.769787474262154E-006 ratio2=  1.120162710012772E-005
 nchek0=           0 toler_force=  1.000000000000000E-005
 nchek=           1
 miter=         100 iiter=          19
 time: 11:40:42
                     istep=          35 iiter=          20
                     conver_load check
 resid=   12.2578900177280      retot=   9723013113015.52     
 ratio1=  1.122812979778251E-006 ratio2=  7.133182407134616E-006
 nchek0=           0 toler_force=  1.000000000000000E-005
 nchek=           0
                    conver_nodal_value check
               Convergence check for displacement
 ratio1=  1.450287154095079E-008 ratio2=  1.372740438975345E-007
 nchek=           0
 ***********RESTART FILE IS UPDATED!*******
 istep=          36
 outinp=           0
 tcurvegravity=           0           1           1           1           1
           1           1           1           1           0           0
           0           0           0           0           0           0
           0           0           0           0
 ntelgroup=           0
 Factorization completed ... 
 time: 11:40:43
                     istep=          36 iiter=           1
                     conver_load check
 resid=   6317274153.93172      retot=   10319086309386.7     
 ratio1=  2.474253765249043E-002 ratio2=  5.347105600648761E-002
 nchek0=           0 toler_force=  1.000000000000000E-005
 nchek=           1
 miter=         100 iiter=           1
 time: 11:40:43
                     istep=          36 iiter=           2
                     conver_load check
 resid=   1278963406.35844      retot=   10352508725274.9     
 ratio1=  1.111491783792866E-002 ratio2=  3.662063052689305E-002
 nchek0=           0 toler_force=  1.000000000000000E-005
 nchek=           1
 miter=         100 iiter=           2
 time: 11:40:43
                     istep=          36 iiter=           3
                     conver_load check
 resid=   407298992.329971      retot=   10357499035145.9     
 ratio1=  6.270890495785545E-003 ratio2=  2.447650023239568E-002
 nchek0=           0 toler_force=  1.000000000000000E-005
 nchek=           1
 miter=         100 iiter=           3
 time: 11:40:43
                     istep=          36 iiter=           4
                     conver_load check
 resid=   140195046.049394      retot=   10358463578041.1     
 ratio1=  3.678905753123122E-003 ratio2=  1.620707392119676E-002
 nchek0=           0 toler_force=  1.000000000000000E-005
 nchek=           1
 miter=         100 iiter=           4
 time: 11:40:43
                     istep=          36 iiter=           5
                     conver_load check
 resid=   49835277.3527042      retot=   10358702008183.8     
 ratio1=  2.193389549503991E-003 ratio2=  1.069377851605133E-002
 nchek0=           0 toler_force=  1.000000000000000E-005
 nchek=           1
 miter=         100 iiter=           5
 time: 11:40:43
                     istep=          36 iiter=           6
                     conver_load check
 resid=   18544616.0031147      retot=   10358786499581.8     
 ratio1=  1.337994972051302E-003 ratio2=  7.040071374084641E-003
 nchek0=           0 toler_force=  1.000000000000000E-005
 nchek=           1
 miter=         100 iiter=           6
 time: 11:40:43
                     istep=          36 iiter=           7
                     conver_load check
 resid=   7259407.68806239      retot=   10358825388628.3     
 ratio1=  8.371346866046073E-004 ratio2=  4.645865760608557E-003
 nchek0=           0 toler_force=  1.000000000000000E-005
 nchek=           1
 miter=         100 iiter=           7
 time: 11:40:43
                     istep=          36 iiter=           8
                     conver_load check
 resid=   2956500.89393941      retot=   10358845736799.5     
 ratio1=  5.342362146449468E-004 ratio2=  3.113065378133190E-003
 nchek0=           0 toler_force=  1.000000000000000E-005
 nchek=           1
 miter=         100 iiter=           8
 time: 11:40:43
                     istep=          36 iiter=           9
                     conver_load check
 resid=   1242107.78454450      retot=   10358857231094.0     
 ratio1=  3.462770571854871E-004 ratio2=  2.093744915334203E-003
 nchek0=           0 toler_force=  1.000000000000000E-005
 nchek=           1
 miter=         100 iiter=           9
 time: 11:40:43
                     istep=          36 iiter=          10
                     conver_load check
 resid=   533043.986836829      retot=   10358863944653.0     
 ratio1=  2.268430405137673E-004 ratio2=  1.408015653609583E-003
 nchek0=           0 toler_force=  1.000000000000000E-005
 nchek=           1
 miter=         100 iiter=          10
 time: 11:40:43
                     istep=          36 iiter=          11
                     conver_load check
 resid=   232165.411305057      retot=   10358867922873.4     
 ratio1=  1.497071735342353E-004 ratio2=  9.463612146066388E-004
 nchek0=           0 toler_force=  1.000000000000000E-005
 nchek=           1
 miter=         100 iiter=          11
 time: 11:40:43
                     istep=          36 iiter=          12
                     conver_load check
 resid=   102153.186207793      retot=   10358870344745.2     
 ratio1=  9.930468996609306E-005 ratio2=  6.358752962555403E-004
 nchek0=           0 toler_force=  1.000000000000000E-005
 nchek=           1
 miter=         100 iiter=          12
 time: 11:40:43
                     istep=          36 iiter=          13
                     conver_load check
 resid=   45263.7366048264      retot=   10358871854340.7     
 ratio1=  6.610266534416392E-005 ratio2=  4.272003443978537E-004
 nchek0=           0 toler_force=  1.000000000000000E-005
 nchek=           1
 miter=         100 iiter=          13
 time: 11:40:43
                     istep=          36 iiter=          14
                     conver_load check
 resid=   20151.5553081194      retot=   10358872809345.0     
 ratio1=  4.410603676100082E-005 ratio2=  2.869754412392180E-004
 nchek0=           0 toler_force=  1.000000000000000E-005
 nchek=           1
 miter=         100 iiter=          14
 time: 11:40:43
                     istep=          36 iiter=          15
                     conver_load check
 resid=   9000.95310310361      retot=   10358873422047.2     
 ratio1=  2.947731933658232E-005 ratio2=  1.927678909438214E-004
 nchek0=           0 toler_force=  1.000000000000000E-005
 nchek=           1
 miter=         100 iiter=          15
 time: 11:40:43
                     istep=          36 iiter=          16
                     conver_load check
 resid=   4029.60408912918      retot=   10358873819467.9     
 ratio1=  1.972308824211409E-005 ratio2=  1.294827295409599E-004
 nchek0=           0 toler_force=  1.000000000000000E-005
 nchek=           1
 miter=         100 iiter=          16
 time: 11:40:43
                     istep=          36 iiter=          17
                     conver_load check
 resid=   1806.93776504786      retot=   10358874079407.1     
 ratio1=  1.320733885309944E-005 ratio2=  8.697234773117642E-005
 nchek0=           0 toler_force=  1.000000000000000E-005
 nchek=           1
 miter=         100 iiter=          17
 time: 11:40:43
                     istep=          36 iiter=          18
                     conver_load check
 resid=   811.217719013539      retot=   10358874250504.0     
 ratio1=  8.849371626624474E-006 ratio2=  5.841782363180918E-005
 nchek0=           0 toler_force=  1.000000000000000E-005
 nchek=           1
 miter=         100 iiter=          18
 time: 11:40:43
                     istep=          36 iiter=          19
                     conver_load check
 resid=   364.513258050476      retot=   10358874363666.8     
 ratio1=  5.931989609267684E-006 ratio2=  3.923791200645199E-005
 nchek0=           0 toler_force=  1.000000000000000E-005
 nchek=           1
 miter=         100 iiter=          19
 time: 11:40:43
                     istep=          36 iiter=          20
                     conver_load check
 resid=   163.900365396918      retot=   10358874438786.9     
 ratio1=  3.977715122247866E-006 ratio2=  2.635503917909038E-005
 nchek0=           0 toler_force=  1.000000000000000E-005
 nchek=           1
 miter=         100 iiter=          20
 time: 11:40:43
                     istep=          36 iiter=          21
                     conver_load check
 resid=   73.7349224782002      retot=   10358874488792.8     
 ratio1=  2.667966231854031E-006 ratio2=  1.770187666478067E-005
 nchek0=           0 toler_force=  1.000000000000000E-005
 nchek=           1
 miter=         100 iiter=          21
 time: 11:40:43
                     istep=          36 iiter=          22
                     conver_load check
 resid=   33.1854160695485      retot=   10358874522151.5     
 ratio1=  1.789852931248717E-006 ratio2=  1.188976405261783E-005
 nchek0=           0 toler_force=  1.000000000000000E-005
 nchek=           1
 miter=         100 iiter=          22
 time: 11:40:43
                     istep=          36 iiter=          23
                     conver_load check
 resid=   14.9406050181365      retot=   10358874544441.2     
 ratio1=  1.200957961528561E-006 ratio2=  7.985934337067008E-006
 nchek0=           0 toler_force=  1.000000000000000E-005
 nchek=           0
                    conver_nodal_value check
               Convergence check for displacement
 ratio1=  2.050741983039183E-008 ratio2=  1.913069020806774E-007
 nchek=           0
 ***********RESTART FILE IS UPDATED!*******
 istep=          37
 outinp=           0
 tcurvegravity=           0           1           1           1           1
           1           1           1           1           0           0
           0           0           0           0           0           0
           0           0           0           0
 ntelgroup=           0
 Factorization completed ... 
 time: 11:40:43
                     istep=          37 iiter=           1
                     conver_load check
 resid=   7919178778.78020      retot=   10978784481249.2     
 ratio1=  2.685733670416597E-002 ratio2=  7.806782203246027E-002
 nchek0=           0 toler_force=  1.000000000000000E-005
 nchek=           1
 miter=         100 iiter=           1
 time: 11:40:43
                     istep=          37 iiter=           2
                     conver_load check
 resid=   1908651710.38451      retot=   11013647975619.5     
 ratio1=  1.316429928708217E-002 ratio2=  5.280887954608194E-002
 nchek0=           0 toler_force=  1.000000000000000E-005
 nchek=           1
 miter=         100 iiter=           2
 time: 11:40:43
                     istep=          37 iiter=           3
                     conver_load check
 resid=   706316117.437679      retot=   11019075738496.7     
 ratio1=  8.006209942574768E-003 ratio2=  3.720550986967238E-002
 nchek0=           0 toler_force=  1.000000000000000E-005
 nchek=           1
 miter=         100 iiter=           3
 time: 11:40:43
                     istep=          37 iiter=           4
                     conver_load check
 resid=   280189786.901138      retot=   11020182776478.0     
 ratio1=  5.042335649333894E-003 ratio2=  2.672627126779941E-002
 nchek0=           0 toler_force=  1.000000000000000E-005
 nchek=           1
 miter=         100 iiter=           4
 time: 11:40:43
                     istep=          37 iiter=           5
                     conver_load check
 resid=   119329044.569557      retot=   11020555122630.2     
 ratio1=  3.290571607549388E-003 ratio2=  1.910337406670919E-002
 nchek0=           0 toler_force=  1.000000000000000E-005
 nchek=           1
 miter=         100 iiter=           5
 time: 11:40:43
                     istep=          37 iiter=           6
                     conver_load check
 resid=   54110457.1184179      retot=   11020729656700.3     
 ratio1=  2.215824841232164E-003 ratio2=  1.363869127690813E-002
 nchek0=           0 toler_force=  1.000000000000000E-005
 nchek=           1
 miter=         100 iiter=           6
 time: 11:40:43
                     istep=          37 iiter=           7
                     conver_load check
 resid=   25862771.5694608      retot=   11020823871379.4     
 ratio1=  1.531900299529268E-003 ratio2=  9.725584485792636E-003
 nchek0=           0 toler_force=  1.000000000000000E-005
 nchek=           1
 miter=         100 iiter=           7
 time: 11:40:43
                     istep=          37 iiter=           8
                     conver_load check
 resid=   12738917.8384398      retot=   11020878542222.0     
 ratio1=  1.075123018357098E-003 ratio2=  6.939605768633390E-003
 nchek0=           0 toler_force=  1.000000000000000E-005
 nchek=           1
 miter=         100 iiter=           8
 time: 11:40:43
                     istep=          37 iiter=           9
                     conver_load check
 resid=   6382259.99459109      retot=   11020912342858.1     
 ratio1=  7.609891626642835E-004 ratio2=  4.956137903506929E-003
 nchek0=           0 toler_force=  1.000000000000000E-005
 nchek=           1
 miter=         100 iiter=           9
 time: 11:40:43
                     istep=          37 iiter=          10
                     conver_load check
 resid=   3230580.68394304      retot=   11020934058304.5     
 ratio1=  5.414160101321122E-004 ratio2=  3.543566790623509E-003
 nchek0=           0 toler_force=  1.000000000000000E-005
 nchek=           1
 miter=         100 iiter=          10
 time: 11:40:43
                     istep=          37 iiter=          11
                     conver_load check
 resid=   1643579.84831006      retot=   11020948516995.4     
 ratio1=  3.861765666514586E-004 ratio2=  2.535566938761212E-003
 nchek0=           0 toler_force=  1.000000000000000E-005
 nchek=           1
 miter=         100 iiter=          11
 time: 11:40:43
                     istep=          37 iiter=          12
                     conver_load check
 resid=   838775.035500372      retot=   11020958336636.0     
 ratio1=  2.758754583546439E-004 ratio2=  1.815164911274232E-003
 nchek0=           0 toler_force=  1.000000000000000E-005
 nchek=           1
 miter=         100 iiter=          12
 time: 11:40:43
                     istep=          37 iiter=          13
                     conver_load check
 resid=   428844.968318235      retot=   11020965122800.5     
 ratio1=  1.972605980184893E-004 ratio2=  1.299969356022532E-003
 nchek0=           0 toler_force=  1.000000000000000E-005
 nchek=           1
 miter=         100 iiter=          13
 time: 11:40:43
                     istep=          37 iiter=          14
                     conver_load check
 resid=   219543.288708024      retot=   11020969864934.1     
 ratio1=  1.411400202256511E-004 ratio2=  9.313173030087921E-004
 nchek0=           0 toler_force=  1.000000000000000E-005
 nchek=           1
 miter=         100 iiter=          14
 time: 11:40:43
                     istep=          37 iiter=          15
                     conver_load check
 resid=   112498.348723776      retot=   11020973207053.4     
 ratio1=  1.010329655267766E-004 ratio2=  6.673834773862617E-004
 nchek0=           0 toler_force=  1.000000000000000E-005
 nchek=           1
 miter=         100 iiter=          15
 time: 11:40:43
                     istep=          37 iiter=          16
                     conver_load check
 resid=   57685.9128200324      retot=   11020975576141.9     
 ratio1=  7.234772259214452E-005 ratio2=  4.783395479704104E-004
 nchek0=           0 toler_force=  1.000000000000000E-005
 nchek=           1
 miter=         100 iiter=          16
 time: 11:40:43
                     istep=          37 iiter=          17
                     conver_load check
 resid=   29594.9262378981      retot=   11020977261943.5     
 ratio1=  5.182013949755229E-005 ratio2=  3.428913985647793E-004
 nchek0=           0 toler_force=  1.000000000000000E-005
 nchek=           1
 miter=         100 iiter=          17
 time: 11:40:43
                     istep=          37 iiter=          18
                     conver_load check
 resid=   15189.2846810326      retot=   11020978464582.0     
 ratio1=  3.712432654232929E-005 ratio2=  2.458208993689486E-004
 nchek0=           0 toler_force=  1.000000000000000E-005
 nchek=           1
 miter=         100 iiter=          18
 time: 11:40:44
                     istep=          37 iiter=          19
                     conver_load check
 resid=   7798.17703645703      retot=   11020979323984.9     
 ratio1=  2.660029490068548E-005 ratio2=  1.762423094611456E-004
 nchek0=           0 toler_force=  1.000000000000000E-005
 nchek=           1
 miter=         100 iiter=          19
 time: 11:40:44
                     istep=          37 iiter=          20
                     conver_load check
 resid=   4004.58237295060      retot=   11020979938803.4     
 ratio1=  1.906200195557003E-005 ratio2=  1.263634765054248E-004
 nchek0=           0 toler_force=  1.000000000000000E-005
 nchek=           1
 miter=         100 iiter=          20
 time: 11:40:44
                     istep=          37 iiter=          21
                     conver_load check
 resid=   2056.87980525833      retot=   11020980378976.5     
 ratio1=  1.366137279123991E-005 ratio2=  9.060381397642156E-005
 nchek0=           0 toler_force=  1.000000000000000E-005
 nchek=           1
 miter=         100 iiter=          21
 time: 11:40:44
                     istep=          37 iiter=          22
                     conver_load check
 resid=   1056.65185748020      retot=   11020980694272.6     
 ratio1=  9.791649058933783E-006 ratio2=  6.496513378452923E-005
 nchek0=           0 toler_force=  1.000000000000000E-005
 nchek=           1
 miter=         100 iiter=          22
 time: 11:40:44
                     istep=          37 iiter=          23
                     conver_load check
 resid=   542.891964794475      retot=   11020980920195.6     
 ratio1=  7.018536804430293E-006 ratio2=  4.658219338083970E-005
 nchek0=           0 toler_force=  1.000000000000000E-005
 nchek=           1
 miter=         100 iiter=          23
 time: 11:40:44
                     istep=          37 iiter=          24
                     conver_load check
 resid=   278.960751619356      retot=   11020981082115.7     
 ratio1=  5.031082324261264E-006 ratio2=  3.340127539435553E-005
 nchek0=           0 toler_force=  1.000000000000000E-005
 nchek=           1
 miter=         100 iiter=          24
 time: 11:40:44
                     istep=          37 iiter=          25
                     conver_load check
 resid=   143.354941797481      retot=   11020981198182.3     
 ratio1=  3.606585261826357E-006 ratio2=  2.395014604797262E-005
 nchek0=           0 toler_force=  1.000000000000000E-005
 nchek=           1
 miter=         100 iiter=          25
 time: 11:40:44
                     istep=          37 iiter=          26
                     conver_load check
 resid=   73.6741820974841      retot=   11020981281388.9     
 ratio1=  2.585517783262094E-006 ratio2=  1.717331980737107E-005
 nchek0=           0 toler_force=  1.000000000000000E-005
 nchek=           1
 miter=         100 iiter=          26
 time: 11:40:44
                     istep=          37 iiter=          27
                     conver_load check
 resid=   37.8656580957853      retot=   11020981341042.8     
 ratio1=  1.853585489637128E-006 ratio2=  1.231404255114350E-005
 nchek0=           0 toler_force=  1.000000000000000E-005
 nchek=           1
 miter=         100 iiter=          27
 time: 11:40:44
                     istep=          37 iiter=          28
                     conver_load check
 resid=   19.4625011484582      retot=   11020981383812.8     
 ratio1=  1.328890483054374E-006 ratio2=  8.829719604888787E-006
 nchek0=           0 toler_force=  1.000000000000000E-005
 nchek=           0
                    conver_nodal_value check
               Convergence check for displacement
 ratio1=  3.144339312203814E-008 ratio2=  2.698746996268459E-007
 nchek=           0
 ***********RESTART FILE IS UPDATED!*******
 istep=          38
 outinp=           0
 tcurvegravity=           0           1           1           1           1
           1           1           1           1           0           0
           0           0           0           0           0           0
           0           0           0           0
 ntelgroup=           0
 Factorization completed ... 
 time: 11:40:44
                     istep=          38 iiter=           1
                     conver_load check
 resid=   11206219643.0737      retot=   11664593070602.8     
 ratio1=  3.099522325616282E-002 ratio2=  0.115393362346483     
 nchek0=           0 toler_force=  1.000000000000000E-005
 nchek=           1
 miter=         100 iiter=           1
 time: 11:40:44
                     istep=          38 iiter=           2
                     conver_load check
 resid=   3605558302.06217      retot=   11700965194203.1     
 ratio1=  1.755397265586277E-002 ratio2=  8.777655489153510E-002
 nchek0=           0 toler_force=  1.000000000000000E-005
 nchek=           1
 miter=         100 iiter=           2
 time: 11:40:44
                     istep=          38 iiter=           3
                     conver_load check
 resid=   1533970489.35651      retot=   11707109724196.4     
 ratio1=  1.144678848531437E-002 ratio2=  5.992346369187935E-002
 nchek0=           0 toler_force=  1.000000000000000E-005
 nchek=           1
 miter=         100 iiter=           3
 time: 11:40:44
                     istep=          38 iiter=           4
                     conver_load check
 resid=   714966240.705315      retot=   11708842578422.9     
 ratio1=  7.814222703088953E-003 ratio2=  4.131000105059231E-002
 nchek0=           0 toler_force=  1.000000000000000E-005
 nchek=           1
 miter=         100 iiter=           4
 time: 11:40:44
                     istep=          38 iiter=           5
                     conver_load check
 resid=   366122140.479441      retot=   11709643358763.8     
 ratio1=  5.591665228177298E-003 ratio2=  2.909706979191157E-002
 nchek0=           0 toler_force=  1.000000000000000E-005
 nchek=           1
 miter=         100 iiter=           5
 time: 11:40:44
                     istep=          38 iiter=           6
                     conver_load check
 resid=   197855334.005568      retot=   11710088937945.5     
 ratio1=  4.110491786141993E-003 ratio2=  2.162646634374222E-002
 nchek0=           0 toler_force=  1.000000000000000E-005
 nchek=           1
 miter=         100 iiter=           6
 time: 11:40:44
                     istep=          38 iiter=           7
                     conver_load check
 resid=   109197651.059708      retot=   11710359890005.5     
 ratio1=  3.053665953953778E-003 ratio2=  1.624300532492129E-002
 nchek0=           0 toler_force=  1.000000000000000E-005
 nchek=           1
 miter=         100 iiter=           7
 time: 11:40:44
                     istep=          38 iiter=           8
                     conver_load check
 resid=   60789737.0417984      retot=   11710536159439.4     
 ratio1=  2.278383058538485E-003 ratio2=  1.220122066279383E-002
 nchek0=           0 toler_force=  1.000000000000000E-005
 nchek=           1
 miter=         100 iiter=           8
 time: 11:40:44
                     istep=          38 iiter=           9
                     conver_load check
 resid=   33968165.3078021      retot=   11710657164399.3     
 ratio1=  1.703120638147490E-003 ratio2=  9.162994957698014E-003
 nchek0=           0 toler_force=  1.000000000000000E-005
 nchek=           1
 miter=         100 iiter=           9
 time: 11:40:44
                     istep=          38 iiter=          10
                     conver_load check
 resid=   19013784.1153180      retot=   11710742820240.9     
 ratio1=  1.274213076032857E-003 ratio2=  6.879311881991146E-003
 nchek0=           0 toler_force=  1.000000000000000E-005
 nchek=           1
 miter=         100 iiter=          10
 time: 11:40:44
                     istep=          38 iiter=          11
                     conver_load check
 resid=   10588067.0618407      retot=   11710804822919.1     
 ratio1=  9.508564793436984E-004 ratio2=  5.162570240753965E-003
 nchek0=           0 toler_force=  1.000000000000000E-005
 nchek=           1
 miter=         100 iiter=          11
 time: 11:40:44
                     istep=          38 iiter=          12
                     conver_load check
 resid=   5884250.14037346      retot=   11710850713551.1     
 ratio1=  7.088450987426082E-004 ratio2=  3.876375033481586E-003
 nchek0=           0 toler_force=  1.000000000000000E-005
 nchek=           1
 miter=         100 iiter=          12
 time: 11:40:44
                     istep=          38 iiter=          13
                     conver_load check
 resid=   3271560.85405925      retot=   11710884990694.7     
 ratio1=  5.285458211869124E-004 ratio2=  2.912917012086954E-003
 nchek0=           0 toler_force=  1.000000000000000E-005
 nchek=           1
 miter=         100 iiter=          13
 time: 11:40:44
                     istep=          38 iiter=          14
                     conver_load check
 resid=   1819087.76127103      retot=   11710910355803.4     
 ratio1=  3.941227438898408E-004 ratio2=  2.185436437961482E-003
 nchek0=           0 toler_force=  1.000000000000000E-005
 nchek=           1
 miter=         100 iiter=          14
 time: 11:40:44
                     istep=          38 iiter=          15
                     conver_load check
 resid=   1011199.47292487      retot=   11710929123922.8     
 ratio1=  2.938480012497772E-004 ratio2=  1.637337950543703E-003
 nchek0=           0 toler_force=  1.000000000000000E-005
 nchek=           1
 miter=         100 iiter=          15
 time: 11:40:44
                     istep=          38 iiter=          16
                     conver_load check
 resid=   561861.158569201      retot=   11710943023801.8     
 ratio1=  2.190375490221506E-004 ratio2=  1.225221751835232E-003
 nchek0=           0 toler_force=  1.000000000000000E-005
 nchek=           1
 miter=         100 iiter=          16
 time: 11:40:44
                     istep=          38 iiter=          17
                     conver_load check
 resid=   312035.239898782      retot=   11710953326997.4     
 ratio1=  1.632321485144530E-004 ratio2=  9.159001249462421E-004
 nchek0=           0 toler_force=  1.000000000000000E-005
 nchek=           1
 miter=         100 iiter=          17
 time: 11:40:44
                     istep=          38 iiter=          18
                     conver_load check
 resid=   173204.670535057      retot=   11710960969366.6     
 ratio1=  1.216139886704756E-004 ratio2=  6.840846336314208E-004
 nchek0=           0 toler_force=  1.000000000000000E-005
 nchek=           1
 miter=         100 iiter=          18
 time: 11:40:44
                     istep=          38 iiter=          19
                     conver_load check
 resid=   96096.7063341681      retot=   11710966641060.9     
 ratio1=  9.058533179782446E-005 ratio2=  5.105765042131088E-004
 nchek0=           0 toler_force=  1.000000000000000E-005
 nchek=           1
 miter=         100 iiter=          19
 time: 11:40:44
                     istep=          38 iiter=          20
                     conver_load check
 resid=   53292.7189931258      retot=   11710970851950.8     
 ratio1=  6.745862569150653E-005 ratio2=  3.808487127528524E-004
 nchek0=           0 toler_force=  1.000000000000000E-005
 nchek=           1
 miter=         100 iiter=          20
 time: 11:40:44
                     istep=          38 iiter=          21
                     conver_load check
 resid=   29543.1893134422      retot=   11710973979263.7     
 ratio1=  5.022641499954345E-005 ratio2=  2.839408181876591E-004
 nchek0=           0 toler_force=  1.000000000000000E-005
 nchek=           1
 miter=         100 iiter=          21
 time: 11:40:44
                     istep=          38 iiter=          22
                     conver_load check
 resid=   16371.8113936991      retot=   11710976302402.5     
 ratio1=  3.738968577558414E-005 ratio2=  2.116034107696837E-004
 nchek0=           0 toler_force=  1.000000000000000E-005
 nchek=           1
 miter=         100 iiter=          22
 time: 11:40:44
                     istep=          38 iiter=          23
                     conver_load check
 resid=   9069.94561644399      retot=   11710978028489.8     
 ratio1=  2.782952273515507E-005 ratio2=  1.576401364284777E-004
 nchek0=           0 toler_force=  1.000000000000000E-005
 nchek=           1
 miter=         100 iiter=          23
 time: 11:40:44
                     istep=          38 iiter=          24
                     conver_load check
 resid=   5023.40794660154      retot=   11710979311166.0     
 ratio1=  2.071107385088949E-005 ratio2=  1.174045797649905E-004
 nchek0=           0 toler_force=  1.000000000000000E-005
 nchek=           1
 miter=         100 iiter=          24
 time: 11:40:44
                     istep=          38 iiter=          25
                     conver_load check
 resid=   2781.59261721030      retot=   11710980264455.7     
 ratio1=  1.541168549950872E-005 ratio2=  8.741742421727140E-005
 nchek0=           0 toler_force=  1.000000000000000E-005
 nchek=           1
 miter=         100 iiter=          25
 time: 11:40:44
                     istep=          38 iiter=          26
                     conver_load check
 resid=   1539.93950381683      retot=   11710980973014.9     
 ratio1=  1.146714204799697E-005 ratio2=  6.507630540125879E-005
 nchek0=           0 toler_force=  1.000000000000000E-005
 nchek=           1
 miter=         100 iiter=          26
 time: 11:40:44
                     istep=          38 iiter=          27
                     conver_load check
 resid=   852.395059552491      retot=   11710981499714.2     
 ratio1=  8.531468949611550E-006 ratio2=  4.843664049508021E-005
 nchek0=           0 toler_force=  1.000000000000000E-005
 nchek=           1
 miter=         100 iiter=          27
 time: 11:40:44
                     istep=          38 iiter=          28
                     conver_load check
 resid=   471.754265139126      retot=   11710981891256.4     
 ratio1=  6.346894259552433E-006 ratio2=  3.604651934445493E-005
 nchek0=           0 toler_force=  1.000000000000000E-005
 nchek=           1
 miter=         100 iiter=          28
 time: 11:40:44
                     istep=          38 iiter=          29
                     conver_load check
 resid=   261.058301326550      retot=   11710982182340.2     
 ratio1=  4.721414112101157E-006 ratio2=  2.682259808539760E-005
 nchek0=           0 toler_force=  1.000000000000000E-005
 nchek=           1
 miter=         100 iiter=          29
 time: 11:40:44
                     istep=          38 iiter=          30
                     conver_load check
 resid=   144.448754620848      retot=   11710982398750.4     
 ratio1=  3.512046333618811E-006 ratio2=  1.995698281623932E-005
 nchek0=           0 toler_force=  1.000000000000000E-005
 nchek=           1
 miter=         100 iiter=          30
 time: 11:40:44
                     istep=          38 iiter=          31
                     conver_load check
 resid=   79.9192635618399      retot=   11710982559649.6     
 ratio1=  2.612336205556404E-006 ratio2=  1.484746969005118E-005
 nchek0=           0 toler_force=  1.000000000000000E-005
 nchek=           1
 miter=         100 iiter=          31
 time: 11:40:44
                     istep=          38 iiter=          32
                     conver_load check
 resid=   44.2136441460132      retot=   11710982679280.5     
 ratio1=  1.943038860095175E-006 ratio2=  1.104534757124242E-005
 nchek0=           0 toler_force=  1.000000000000000E-005
 nchek=           1
 miter=         100 iiter=          32
 time: 11:40:44
                     istep=          38 iiter=          33
                     conver_load check
 resid=   24.4586941375975      retot=   11710982768230.3     
 ratio1=  1.445173409243815E-006 ratio2=  8.216381696946020E-006
 nchek0=           0 toler_force=  1.000000000000000E-005
 nchek=           0
                    conver_nodal_value check
               Convergence check for displacement
 ratio1=  5.212584399217979E-008 ratio2=  2.807395559957681E-007
 nchek=           0
 ***********RESTART FILE IS UPDATED!*******
 istep=          39
 outinp=           0
 tcurvegravity=           0           1           1           1           1
           1           1           1           1           0           0
           0           0           0           0           0           0
           0           0           0           0
 ntelgroup=           0
 Factorization completed ... 
 time: 11:40:45
                     istep=          39 iiter=           1
                     conver_load check
 resid=   18740305115.3271      retot=   12379725732311.0     
 ratio1=  3.890745440141150E-002 ratio2=  0.160719880142828     
 nchek0=           0 toler_force=  1.000000000000000E-005
 nchek=           1
 miter=         100 iiter=           1
 time: 11:40:45
                     istep=          39 iiter=           2
                     conver_load check
 resid=   7684147205.24336      retot=   12418534744620.7     
 ratio1=  2.487497538514155E-002 ratio2=  0.129732686006770     
 nchek0=           0 toler_force=  1.000000000000000E-005
 nchek=           1
 miter=         100 iiter=           2
 time: 11:40:45
                     istep=          39 iiter=           3
                     conver_load check
 resid=   3967912682.89435      retot=   12426589638928.4     
 ratio1=  1.786919856594004E-002 ratio2=  0.101052348739165     
 nchek0=           0 toler_force=  1.000000000000000E-005
 nchek=           1
 miter=         100 iiter=           3
 time: 11:40:45
                     istep=          39 iiter=           4
                     conver_load check
 resid=   2183755505.46914      retot=   12429595213837.4     
 ratio1=  1.325481021187468E-002 ratio2=  7.941805409245081E-002
 nchek0=           0 toler_force=  1.000000000000000E-005
 nchek=           1
 miter=         100 iiter=           4
 time: 11:40:45
                     istep=          39 iiter=           5
                     conver_load check
 resid=   1198945036.41504      retot=   12431170553918.3     
 ratio1=  9.820726683769735E-003 ratio2=  5.818454653132380E-002
 nchek0=           0 toler_force=  1.000000000000000E-005
 nchek=           1
 miter=         100 iiter=           5
 time: 11:40:45
                     istep=          39 iiter=           6
                     conver_load check
 resid=   670614541.270593      retot=   12432125212404.3     
 ratio1=  7.344526384544575E-003 ratio2=  4.262668610131935E-002
 nchek0=           0 toler_force=  1.000000000000000E-005
 nchek=           1
 miter=         100 iiter=           6
 time: 11:40:45
                     istep=          39 iiter=           7
                     conver_load check
 resid=   379963793.309874      retot=   12432758862405.0     
 ratio1=  5.528245895520792E-003 ratio2=  3.153567787520736E-002
 nchek0=           0 toler_force=  1.000000000000000E-005
 nchek=           1
 miter=         100 iiter=           7
 time: 11:40:45
                     istep=          39 iiter=           8
                     conver_load check
 resid=   216289881.385192      retot=   12433201134583.9     
 ratio1=  4.170869690926081E-003 ratio2=  2.340839317477883E-002
 nchek0=           0 toler_force=  1.000000000000000E-005
 nchek=           1
 miter=         100 iiter=           8
 time: 11:40:45
                     istep=          39 iiter=           9
                     conver_load check
 resid=   123378405.998020      retot=   12433515786966.3     
 ratio1=  3.150087391886058E-003 ratio2=  1.740037085357852E-002
 nchek0=           0 toler_force=  1.000000000000000E-005
 nchek=           1
 miter=         100 iiter=           9
 time: 11:40:45
                     istep=          39 iiter=          10
                     conver_load check
 resid=   70435011.6256431      retot=   12433743565477.2     
 ratio1=  2.380089794834463E-003 ratio2=  1.294250904767163E-002
 nchek0=           0 toler_force=  1.000000000000000E-005
 nchek=           1
 miter=         100 iiter=          10
 time: 11:40:45
                     istep=          39 iiter=          11
                     conver_load check
 resid=   40209460.0400266      retot=   12433909825440.8     
 ratio1=  1.798292213716907E-003 ratio2=  9.629997157726724E-003
 nchek0=           0 toler_force=  1.000000000000000E-005
 nchek=           1
 miter=         100 iiter=          11
 time: 11:40:45
                     istep=          39 iiter=          12
                     conver_load check
 resid=   22941355.7730861      retot=   12434031483832.8     
 ratio1=  1.358324576741764E-003 ratio2=  7.168120784080613E-003
 nchek0=           0 toler_force=  1.000000000000000E-005
 nchek=           1
 miter=         100 iiter=          12
 time: 11:40:45
                     istep=          39 iiter=          13
                     conver_load check
 resid=   13077151.4838300      retot=   12434120664914.9     
 ratio1=  1.025531580017030E-003 ratio2=  5.404385626318240E-003
 nchek0=           0 toler_force=  1.000000000000000E-005
 nchek=           1
 miter=         100 iiter=          13
 time: 11:40:45
                     istep=          39 iiter=          14
                     conver_load check
 resid=   7446022.63984437      retot=   12434186237247.8     
 ratio1=  7.738441293761829E-004 ratio2=  4.130574896125799E-003
 nchek0=           0 toler_force=  1.000000000000000E-005
 nchek=           1
 miter=         100 iiter=          14
 time: 11:40:45
                     istep=          39 iiter=          15
                     conver_load check
 resid=   4234373.11312866      retot=   12434234570902.0     
 ratio1=  5.835593524001297E-004 ratio2=  3.147063031716125E-003
 nchek0=           0 toler_force=  1.000000000000000E-005
 nchek=           1
 miter=         100 iiter=          15
 time: 11:40:45
                     istep=          39 iiter=          16
                     conver_load check
 resid=   2404910.09227791      retot=   12434270247482.1     
 ratio1=  4.397838444077112E-004 ratio2=  2.394336127585139E-003
 nchek0=           0 toler_force=  1.000000000000000E-005
 nchek=           1
 miter=         100 iiter=          16
 time: 11:40:45
                     istep=          39 iiter=          17
                     conver_load check
 resid=   1364032.48753750      retot=   12434296670195.7     
 ratio1=  3.312087064956209E-004 ratio2=  1.830683755662727E-003
 nchek0=           0 toler_force=  1.000000000000000E-005
 nchek=           1
 miter=         100 iiter=          17
 time: 11:40:45
                     istep=          39 iiter=          18
                     conver_load check
 resid=   772397.783689962      retot=   12434316304175.4     
 ratio1=  2.492353007020454E-004 ratio2=  1.395674493221830E-003
 nchek0=           0 toler_force=  1.000000000000000E-005
 nchek=           1
 miter=         100 iiter=          18
 time: 11:40:45
                     istep=          39 iiter=          19
                     conver_load check
 resid=   436797.970060190      retot=   12434330858678.3     
 ratio1=  1.874256804141263E-004 ratio2=  1.061364402900532E-003
 nchek0=           0 toler_force=  1.000000000000000E-005
 nchek=           1
 miter=         100 iiter=          19
 time: 11:40:45
                     istep=          39 iiter=          20
                     conver_load check
 resid=   246711.931310002      retot=   12434341650554.9     
 ratio1=  1.408587008373245E-004 ratio2=  8.053750780566167E-004
 nchek0=           0 toler_force=  1.000000000000000E-005
 nchek=           1
 miter=         100 iiter=          20
 time: 11:40:45
                     istep=          39 iiter=          21
                     conver_load check
 resid=   139190.893571993      retot=   12434349658623.3     
 ratio1=  1.058019990850905E-004 ratio2=  6.099708552586095E-004
 nchek0=           0 toler_force=  1.000000000000000E-005
 nchek=           1
 miter=         100 iiter=          21
 time: 11:40:45
                     istep=          39 iiter=          22
                     conver_load check
 resid=   78448.1421944620      retot=   12434355605614.9     
 ratio1=  7.942910881238974E-005 ratio2=  4.612157232082274E-004
 nchek0=           0 toler_force=  1.000000000000000E-005
 nchek=           1
 miter=         100 iiter=          22
 time: 11:40:45
                     istep=          39 iiter=          23
                     conver_load check
 resid=   44171.6946760986      retot=   12434360025386.9     
 ratio1=  5.960192846370925E-005 ratio2=  3.482374455676923E-004
 nchek0=           0 toler_force=  1.000000000000000E-005
 nchek=           1
 miter=         100 iiter=          23
 time: 11:40:45
                     istep=          39 iiter=          24
                     conver_load check
 resid=   24850.3059709020      retot=   12434363312363.4     
 ratio1=  4.470479357736741E-005 ratio2=  2.626048977468752E-004
 nchek0=           0 toler_force=  1.000000000000000E-005
 nchek=           1
 miter=         100 iiter=          24
 time: 11:40:45
                     istep=          39 iiter=          25
                     conver_load check
 resid=   13969.4877378924      retot=   12434365758319.5     
 ratio1=  3.351802506360492E-005 ratio2=  1.978130941875826E-004
 nchek0=           0 toler_force=  1.000000000000000E-005
 nchek=           1
 miter=         100 iiter=          25
 time: 11:40:45
                     istep=          39 iiter=          26
                     conver_load check
 resid=   7847.34776104861      retot=   12434367579373.5     
 ratio1=  2.512173318659413E-005 ratio2=  1.488647116913867E-004
 nchek0=           0 toler_force=  1.000000000000000E-005
 nchek=           1
 miter=         100 iiter=          26
 time: 11:40:45
                     istep=          39 iiter=          27
                     conver_load check
 resid=   4405.44018864992      retot=   12434368935783.3     
 ratio1=  1.882273726171523E-005 ratio2=  1.119347000591298E-004
 nchek0=           0 toler_force=  1.000000000000000E-005
 nchek=           1
 miter=         100 iiter=          27
 time: 11:40:45
                     istep=          39 iiter=          28
                     conver_load check
 resid=   2471.76779934412      retot=   12434369946498.9     
 ratio1=  1.409911792365324E-005 ratio2=  8.410444251145316E-005
 nchek0=           0 toler_force=  1.000000000000000E-005
 nchek=           1
 miter=         100 iiter=          28
 time: 11:40:45
                     istep=          39 iiter=          29
                     conver_load check
 resid=   1386.12884744379      retot=   12434370699882.6     
 ratio1=  1.055820027312625E-005 ratio2=  6.315292676854653E-005
 nchek0=           0 toler_force=  1.000000000000000E-005
 nchek=           1
 miter=         100 iiter=          29
 time: 11:40:45
                     istep=          39 iiter=          30
                     conver_load check
 resid=   776.963209519931      retot=   12434371261621.7     
 ratio1=  7.904753148664947E-006 ratio2=  4.739390429470299E-005
 nchek0=           0 toler_force=  1.000000000000000E-005
 nchek=           1
 miter=         100 iiter=          30
 time: 11:40:45
                     istep=          39 iiter=          31
                     conver_load check
 resid=   435.330818925476      retot=   12434371680577.9     
 ratio1=  5.916948434346598E-006 ratio2=  3.554968240895966E-005
 nchek0=           0 toler_force=  1.000000000000000E-005
 nchek=           1
 miter=         100 iiter=          31
 time: 11:40:45
                     istep=          39 iiter=          32
                     conver_load check
 resid=   243.825782951384      retot=   12434371993117.0     
 ratio1=  4.428206711541645E-006 ratio2=  2.665380528933949E-005
 nchek0=           0 toler_force=  1.000000000000000E-005
 nchek=           1
 miter=         100 iiter=          32
 time: 11:40:45
                     istep=          39 iiter=          33
                     conver_load check
 resid=   136.520650231855      retot=   12434372226317.7     
 ratio1=  3.313502038255242E-006 ratio2=  1.997633206217889E-005
 nchek0=           0 toler_force=  1.000000000000000E-005
 nchek=           1
 miter=         100 iiter=          33
 time: 11:40:45
                     istep=          39 iiter=          34
                     conver_load check
 resid=   76.4171926114339      retot=   12434372400351.7     
 ratio1=  2.479040399808069E-006 ratio2=  1.496667270524860E-005
 nchek0=           0 toler_force=  1.000000000000000E-005
 nchek=           1
 miter=         100 iiter=          34
 time: 11:40:45
                     istep=          39 iiter=          35
                     conver_load check
 resid=   42.7633499224272      retot=   12434372530251.5     
 ratio1=  1.854487550426807E-006 ratio2=  1.120999085408548E-005
 nchek0=           0 toler_force=  1.000000000000000E-005
 nchek=           1
 miter=         100 iiter=          35
 time: 11:40:45
                     istep=          39 iiter=          36
                     conver_load check
 resid=   23.9250419167974      retot=   12434372627223.0     
 ratio1=  1.387121217217772E-006 ratio2=  8.394041254730300E-006
 nchek0=           0 toler_force=  1.000000000000000E-005
 nchek=           0
                    conver_nodal_value check
               Convergence check for displacement
 ratio1=  4.824126440333423E-008 ratio2=  2.231690493155457E-007
 nchek=           0
 ***********RESTART FILE IS UPDATED!*******
 istep=          40
 outinp=           0
 tcurvegravity=           0           1           1           1           1
           1           1           1           1           0           0
           0           0           0           0           0           0
           0           0           0           0
 ntelgroup=           0
 Factorization completed ... 
 time: 11:40:46
                     istep=          40 iiter=           1
                     conver_load check
 resid=   28970928984.4668      retot=   13132305399770.1     
 ratio1=  4.696893618316041E-002 ratio2=  0.225649559401779     
 nchek0=           0 toler_force=  1.000000000000000E-005
 nchek=           1
 miter=         100 iiter=           1
 time: 11:40:46
                     istep=          40 iiter=           2
                     conver_load check
 resid=   11929724143.6914      retot=   13175456342595.4     
 ratio1=  3.009070531477658E-002 ratio2=  0.159745924067686     
 nchek0=           0 toler_force=  1.000000000000000E-005
 nchek=           1
 miter=         100 iiter=           2
 time: 11:40:46
                     istep=          40 iiter=           3
                     conver_load check
 resid=   6024301512.55241      retot=   13186237972405.1     
 ratio1=  2.137434895503331E-002 ratio2=  0.133151883716528     
 nchek0=           0 toler_force=  1.000000000000000E-005
 nchek=           1
 miter=         100 iiter=           3
 time: 11:40:46
                     istep=          40 iiter=           4
                     conver_load check
 resid=   3345737540.34231      retot=   13190854259512.6     
 ratio1=  1.592610129483461E-002 ratio2=  0.105966901683671     
 nchek0=           0 toler_force=  1.000000000000000E-005
 nchek=           1
 miter=         100 iiter=           4
 time: 11:40:46
                     istep=          40 iiter=           5
                     conver_load check
 resid=   1941117242.82909      retot=   13193292130091.4     
 ratio1=  1.212967862159789E-002 ratio2=  8.195547313856472E-002
 nchek0=           0 toler_force=  1.000000000000000E-005
 nchek=           1
 miter=         100 iiter=           5
 time: 11:40:46
                     istep=          40 iiter=           6
                     conver_load check
 resid=   1143650791.93317      retot=   13194693444395.0     
 ratio1=  9.309943925948761E-003 ratio2=  6.358559585163065E-002
 nchek0=           0 toler_force=  1.000000000000000E-005
 nchek=           1
 miter=         100 iiter=           6
 time: 11:40:46
                     istep=          40 iiter=           7
                     conver_load check
 resid=   676629543.248094      retot=   13195554277492.2     
 ratio1=  7.160801900529833E-003 ratio2=  5.013001646296792E-002
 nchek0=           0 toler_force=  1.000000000000000E-005
 nchek=           1
 miter=         100 iiter=           7
 time: 11:40:46
                     istep=          40 iiter=           8
                     conver_load check
 resid=   400310716.192145      retot=   13196111144738.6     
 ratio1=  5.507767838206196E-003 ratio2=  3.904089561702848E-002
 nchek0=           0 toler_force=  1.000000000000000E-005
 nchek=           1
 miter=         100 iiter=           8
 time: 11:40:46
                     istep=          40 iiter=           9
                     conver_load check
 resid=   236335492.264194      retot=   13196485048063.0     
 ratio1=  4.231899436020141E-003 ratio2=  3.012873099728384E-002
 nchek0=           0 toler_force=  1.000000000000000E-005
 nchek=           1
 miter=         100 iiter=           9
 time: 11:40:46
                     istep=          40 iiter=          10
                     conver_load check
 resid=   139204899.547656      retot=   13196741701110.8     
 ratio1=  3.247834587282485E-003 ratio2=  2.309626957425863E-002
 nchek0=           0 toler_force=  1.000000000000000E-005
 nchek=           1
 miter=         100 iiter=          10
 time: 11:40:46
                     istep=          40 iiter=          11
                     conver_load check
 resid=   81826383.4734565      retot=   13196921238014.6     
 ratio1=  2.490063177279071E-003 ratio2=  1.762153919145363E-002
 nchek0=           0 toler_force=  1.000000000000000E-005
 nchek=           1
 miter=         100 iiter=          11
 time: 11:40:46
                     istep=          40 iiter=          12
                     conver_load check
 resid=   48020857.1619143      retot=   13197048830619.9     
 ratio1=  1.907552687045975E-003 ratio2=  1.340065810034771E-002
 nchek0=           0 toler_force=  1.000000000000000E-005
 nchek=           1
 miter=         100 iiter=          12
 time: 11:40:46
                     istep=          40 iiter=          13
                     conver_load check
 resid=   28146510.0030018      retot=   13197140644991.8     
 ratio1=  1.460401780519599E-003 ratio2=  1.016874234221764E-002
 nchek0=           0 toler_force=  1.000000000000000E-005
 nchek=           1
 miter=         100 iiter=          13
 time: 11:40:46
                     istep=          40 iiter=          14
                     conver_load check
 resid=   16481566.9850376      retot=   13197207355240.7     
 ratio1=  1.117527527594123E-003 ratio2=  7.705823201917688E-003
 nchek0=           0 toler_force=  1.000000000000000E-005
 nchek=           1
 miter=         100 iiter=          14
 time: 11:40:46
                     istep=          40 iiter=          15
                     conver_load check
 resid=   9643455.96507446      retot=   13197256187778.9     
 ratio1=  8.548197096191623E-004 ratio2=  5.834919923827711E-003
 nchek0=           0 toler_force=  1.000000000000000E-005
 nchek=           1
 miter=         100 iiter=          15
 time: 11:40:46
                     istep=          40 iiter=          16
                     conver_load check
 resid=   5638523.02182451      retot=   13197292153457.9     
 ratio1=  6.536424716103173E-004 ratio2=  4.416652844035533E-003
 nchek0=           0 toler_force=  1.000000000000000E-005
 nchek=           1
 miter=         100 iiter=          16
 time: 11:40:46
                     istep=          40 iiter=          17
                     conver_load check
 resid=   3294815.22563302      retot=   13197318757922.3     
 ratio1=  4.996578085844585E-004 ratio2=  3.342854736702219E-003
 nchek0=           0 toler_force=  1.000000000000000E-005
 nchek=           1
 miter=         100 iiter=          17
 time: 11:40:46
                     istep=          40 iiter=          18
                     conver_load check
 resid=   1924191.13180407      retot=   13197338513686.9     
 ratio1=  3.818395645539813E-004 ratio2=  2.530400812252937E-003
 nchek0=           0 toler_force=  1.000000000000000E-005
 nchek=           1
 miter=         100 iiter=          18
 time: 11:40:46
                     istep=          40 iiter=          19
                     conver_load check
 resid=   1123122.39696645      retot=   13197353230653.5     
 ratio1=  2.917226321951880E-004 ratio2=  1.915844452021892E-003
 nchek0=           0 toler_force=  1.000000000000000E-005
 nchek=           1
 miter=         100 iiter=          19
 time: 11:40:46
                     istep=          40 iiter=          20
                     conver_load check
 resid=   655200.494481184      retot=   13197364222995.1     
 ratio1=  2.228145293218411E-004 ratio2=  1.450976724253573E-003
 nchek0=           0 toler_force=  1.000000000000000E-005
 nchek=           1
 miter=         100 iiter=          20
 time: 11:40:46
                     istep=          40 iiter=          21
                     conver_load check
 resid=   382027.761738272      retot=   13197372451541.3     
 ratio1=  1.701389410080038E-004 ratio2=  1.099272000866840E-003
 nchek0=           0 toler_force=  1.000000000000000E-005
 nchek=           1
 miter=         100 iiter=          21
 time: 11:40:46
                     istep=          40 iiter=          22
                     conver_load check
 resid=   222635.680742254      retot=   13197378622747.6     
 ratio1=  1.298833691743885E-004 ratio2=  8.331045012629877E-004
 nchek0=           0 toler_force=  1.000000000000000E-005
 nchek=           1
 miter=         100 iiter=          22
 time: 11:40:46
                     istep=          40 iiter=          23
                     conver_load check
 resid=   129682.146956865      retot=   13197383258431.5     
 ratio1=  9.912796290168620E-005 ratio2=  6.315994202540191E-004
 nchek0=           0 toler_force=  1.000000000000000E-005
 nchek=           1
 miter=         100 iiter=          23
 time: 11:40:46
                     istep=          40 iiter=          24
                     conver_load check
 resid=   75502.0474003712      retot=   13197386745491.6     
 ratio1=  7.563719112324132E-005 ratio2=  4.789894443755884E-004
 nchek0=           0 toler_force=  1.000000000000000E-005
 nchek=           1
 miter=         100 iiter=          24
 time: 11:40:46
                     istep=          40 iiter=          25
                     conver_load check
 resid=   43937.8645146462      retot=   13197389371698.9     
 ratio1=  5.769995275923092E-005 ratio2=  3.633654633769420E-004
 nchek0=           0 toler_force=  1.000000000000000E-005
 nchek=           1
 miter=         100 iiter=          25
 time: 11:40:46
                     istep=          40 iiter=          26
                     conver_load check
 resid=   25558.1997922129      retot=   13197391351665.0     
 ratio1=  4.400693103692538E-005 ratio2=  2.757306209624670E-004
 nchek0=           0 toler_force=  1.000000000000000E-005
 nchek=           1
 miter=         100 iiter=          26
 time: 11:40:46
                     istep=          40 iiter=          27
                     conver_load check
 resid=   14860.8178414307      retot=   13197392845804.6     
 ratio1=  3.355654839042111E-005 ratio2=  2.092857420989667E-004
 nchek0=           0 toler_force=  1.000000000000000E-005
 nchek=           1
 miter=         100 iiter=          27
 time: 11:40:46
                     istep=          40 iiter=          28
                     conver_load check
 resid=   8637.47312754079      retot=   13197393974255.8     
 ratio1=  2.558286999043267E-005 ratio2=  1.588902474404713E-004
 nchek0=           0 toler_force=  1.000000000000000E-005
 nchek=           1
 miter=         100 iiter=          28
 time: 11:40:46
                     istep=          40 iiter=          29
                     conver_load check
 resid=   5018.48728288740      retot=   13197394827145.3     
 ratio1=  1.950034563598679E-005 ratio2=  1.206556951046550E-004
 nchek0=           0 toler_force=  1.000000000000000E-005
 nchek=           1
 miter=         100 iiter=          29
 time: 11:40:46
                     istep=          40 iiter=          30
                     conver_load check
 resid=   2914.81911040910      retot=   13197395472185.1     
 ratio1=  1.486146724571339E-005 ratio2=  9.163934985142094E-005
 nchek0=           0 toler_force=  1.000000000000000E-005
 nchek=           1
 miter=         100 iiter=          30
 time: 11:40:46
                     istep=          40 iiter=          31
                     conver_load check
 resid=   1692.44048914530      retot=   13197395960313.1     
 ratio1=  1.132433164949956E-005 ratio2=  6.961311197035776E-005
 nchek0=           0 toler_force=  1.000000000000000E-005
 nchek=           1
 miter=         100 iiter=          31
 time: 11:40:46
                     istep=          40 iiter=          32
                     conver_load check
 resid=   982.399822059105      retot=   13197396329892.6     
 ratio1=  8.627798783621489E-006 ratio2=  5.288919931844076E-005
 nchek0=           0 toler_force=  1.000000000000000E-005
 nchek=           1
 miter=         100 iiter=          32
 time: 11:40:47
                     istep=          40 iiter=          33
                     conver_load check
 resid=   570.093214116515      retot=   13197396609845.9     
 ratio1=  6.572472862659006E-006 ratio2=  4.018857270007311E-005
 nchek0=           0 toler_force=  1.000000000000000E-005
 nchek=           1
 miter=         100 iiter=          33
 time: 11:40:47
                     istep=          40 iiter=          34
                     conver_load check
 resid=   330.746606523915      retot=   13197396821997.3     
 ratio1=  5.006146571046116E-006 ratio2=  3.054156467265783E-005
 nchek0=           0 toler_force=  1.000000000000000E-005
 nchek=           1
 miter=         100 iiter=          34
 time: 11:40:47
                     istep=          40 iiter=          35
                     conver_load check
 resid=   191.842822346056      retot=   13197396982828.5     
 ratio1=  3.812664908311640E-006 ratio2=  2.321278384498216E-005
 nchek0=           0 toler_force=  1.000000000000000E-005
 nchek=           1
 miter=         100 iiter=          35
 time: 11:40:47
                     istep=          40 iiter=          36
                     conver_load check
 resid=   111.251155232807      retot=   13197397104795.5     
 ratio1=  2.903408355851769E-006 ratio2=  1.764433007501727E-005
 nchek0=           0 toler_force=  1.000000000000000E-005
 nchek=           1
 miter=         100 iiter=          36
 time: 11:40:47
                     istep=          40 iiter=          37
                     conver_load check
 resid=   64.5030091606511      retot=   13197397197317.9     
 ratio1=  2.210781613167919E-006 ratio2=  1.341283086472746E-005
 nchek0=           0 toler_force=  1.000000000000000E-005
 nchek=           1
 miter=         100 iiter=          37
 time: 11:40:47
                     istep=          40 iiter=          38
                     conver_load check
 resid=   37.3920283083197      retot=   13197397267523.5     
 ratio1=  1.683237379485646E-006 ratio2=  1.019691724302659E-005
 nchek0=           0 toler_force=  1.000000000000000E-005
 nchek=           1
 miter=         100 iiter=          38
 time: 11:40:47
                     istep=          40 iiter=          39
                     conver_load check
 resid=   21.6724639998904      retot=   13197397320808.3     
 ratio1=  1.281474590371198E-006 ratio2=  7.752590090602205E-006
 nchek0=           0 toler_force=  1.000000000000000E-005
 nchek=           0
                    conver_nodal_value check
               Convergence check for displacement
 ratio1=  2.229789951143806E-008 ratio2=  1.649147343033039E-007
 nchek=           0
 ***********RESTART FILE IS UPDATED!*******
 istep=          41
 outinp=           0
 tcurvegravity=           0           1           1           1           1
           1           1           1           1           0           0
           0           0           0           0           0           0
           0           0           0           0
 ntelgroup=           0
 Factorization completed ... 
 time: 11:40:47
                     istep=          41 iiter=           1
                     conver_load check
 resid=   34622226733.7145      retot=   13927466949531.1     
 ratio1=  4.985875500846795E-002 ratio2=  0.277917481848427     
 nchek0=           0 toler_force=  1.000000000000000E-005
 nchek=           1
 miter=         100 iiter=           1
 time: 11:40:47
                     istep=          41 iiter=           2
                     conver_load check
 resid=   14213978808.9758      retot=   13974291958956.3     
 ratio1=  3.189282027797068E-002 ratio2=  0.183161299350996     
 nchek0=           0 toler_force=  1.000000000000000E-005
 nchek=           1
 miter=         100 iiter=           2
 time: 11:40:47
                     istep=          41 iiter=           3
                     conver_load check
 resid=   6723631336.16181      retot=   13986826013573.3     
 ratio1=  2.192513923391790E-002 ratio2=  0.135075644261747     
 nchek0=           0 toler_force=  1.000000000000000E-005
 nchek=           1
 miter=         100 iiter=           3
 time: 11:40:47
                     istep=          41 iiter=           4
                     conver_load check
 resid=   3544944401.64829      retot=   13992185805654.9     
 ratio1=  1.591702624159836E-002 ratio2=  0.107866254500160     
 nchek0=           0 toler_force=  1.000000000000000E-005
 nchek=           1
 miter=         100 iiter=           4
 time: 11:40:47
                     istep=          41 iiter=           5
                     conver_load check
 resid=   1933659362.44453      retot=   13994894693675.7     
 ratio1=  1.175452726478734E-002 ratio2=  8.417789004044078E-002
 nchek0=           0 toler_force=  1.000000000000000E-005
 nchek=           1
 miter=         100 iiter=           5
 time: 11:40:47
                     istep=          41 iiter=           6
                     conver_load check
 resid=   1117746353.72619      retot=   13996412781513.7     
 ratio1=  8.936413578950097E-003 ratio2=  6.461894613681998E-002
 nchek0=           0 toler_force=  1.000000000000000E-005
 nchek=           1
 miter=         100 iiter=           6
 time: 11:40:47
                     istep=          41 iiter=           7
                     conver_load check
 resid=   669349666.803370      retot=   13997312758984.0     
 ratio1=  6.915191198253083E-003 ratio2=  4.907073294640124E-002
 nchek0=           0 toler_force=  1.000000000000000E-005
 nchek=           1
 miter=         100 iiter=           7
 time: 11:40:47
                     istep=          41 iiter=           8
                     conver_load check
 resid=   407077423.937028      retot=   13997865093211.5     
 ratio1=  5.392716715306077E-003 ratio2=  3.914971717401158E-002
 nchek0=           0 toler_force=  1.000000000000000E-005
 nchek=           1
 miter=         100 iiter=           8
 time: 11:40:47
                     istep=          41 iiter=           9
                     conver_load check
 resid=   249703367.732325      retot=   13998216722860.9     
 ratio1=  4.223532528200654E-003 ratio2=  3.145160224130780E-002
 nchek0=           0 toler_force=  1.000000000000000E-005
 nchek=           1
 miter=         100 iiter=           9
 time: 11:40:47
                     istep=          41 iiter=          10
                     conver_load check
 resid=   154002146.571966      retot=   13998448322340.5     
 ratio1=  3.316831719278167E-003 ratio2=  2.513595582544802E-002
 nchek0=           0 toler_force=  1.000000000000000E-005
 nchek=           1
 miter=         100 iiter=          10
 time: 11:40:47
                     istep=          41 iiter=          11
                     conver_load check
 resid=   95333753.4882631      retot=   13998605281723.8     
 ratio1=  2.609642173660730E-003 ratio2=  2.000812801128570E-002
 nchek0=           0 toler_force=  1.000000000000000E-005
 nchek=           1
 miter=         100 iiter=          11
 time: 11:40:47
                     istep=          41 iiter=          12
                     conver_load check
 resid=   59175165.0451199      retot=   13998714296423.1     
 ratio1=  2.056012089196474E-003 ratio2=  1.587810986865076E-002
 nchek0=           0 toler_force=  1.000000000000000E-005
 nchek=           1
 miter=         100 iiter=          12
 time: 11:40:47
                     istep=          41 iiter=          13
                     conver_load check
 resid=   36804647.4244511      retot=   13998791638693.3     
 ratio1=  1.621459315462242E-003 ratio2=  1.257204102465674E-002
 nchek0=           0 toler_force=  1.000000000000000E-005
 nchek=           1
 miter=         100 iiter=          13
 time: 11:40:47
                     istep=          41 iiter=          14
                     conver_load check
 resid=   22926034.2064853      retot=   13998847376498.5     
 ratio1=  1.279729934345167E-003 ratio2=  9.937731745061887E-003
 nchek0=           0 toler_force=  1.000000000000000E-005
 nchek=           1
 miter=         100 iiter=          14
 time: 11:40:47
                     istep=          41 iiter=          15
                     conver_load check
 resid=   14297578.4274710      retot=   13998888102960.4     
 ratio1=  1.010612051069758E-003 ratio2=  7.845904082192481E-003
 nchek0=           0 toler_force=  1.000000000000000E-005
 nchek=           1
 miter=         100 iiter=          15
 time: 11:40:47
                     istep=          41 iiter=          16
                     conver_load check
 resid=   8924433.36473431      retot=   13998918206627.8     
 ratio1=  7.984414737257443E-004 ratio2=  6.189069664908579E-003
 nchek0=           0 toler_force=  1.000000000000000E-005
 nchek=           1
 miter=         100 iiter=          16
 time: 11:40:47
                     istep=          41 iiter=          17
                     conver_load check
 resid=   5574219.75776660      retot=   13998940671990.0     
 ratio1=  6.310219358985643E-004 ratio2=  4.879211416791446E-003
 nchek0=           0 toler_force=  1.000000000000000E-005
 nchek=           1
 miter=         100 iiter=          17
 time: 11:40:47
                     istep=          41 iiter=          18
                     conver_load check
 resid=   3483303.13663506      retot=   13998957570242.5     
 ratio1=  4.988245125257487E-004 ratio2=  3.845051359493830E-003
 nchek0=           0 toler_force=  1.000000000000000E-005
 nchek=           1
 miter=         100 iiter=          18
 time: 11:40:47
                     istep=          41 iiter=          19
                     conver_load check
 resid=   2177384.56944120      retot=   13998970364608.2     
 ratio1=  3.943842142057954E-004 ratio2=  3.029332829973076E-003
 nchek0=           0 toler_force=  1.000000000000000E-005
 nchek=           1
 miter=         100 iiter=          19
 time: 11:40:47
                     istep=          41 iiter=          20
                     conver_load check
 resid=   1361321.82185490      retot=   13998980104817.3     
 ratio1=  3.118402751531577E-004 ratio2=  2.386334015779851E-003
 nchek0=           0 toler_force=  1.000000000000000E-005
 nchek=           1
 miter=         100 iiter=          20
 time: 11:40:47
                     istep=          41 iiter=          21
                     conver_load check
 resid=   851184.692238627      retot=   13998987553925.6     
 ratio1=  2.465832592372351E-004 ratio2=  1.879701826893355E-003
 nchek0=           0 toler_force=  1.000000000000000E-005
 nchek=           1
 miter=         100 iiter=          21
 time: 11:40:47
                     istep=          41 iiter=          22
                     conver_load check
 resid=   532216.871214943      retot=   13998993272839.0     
 ratio1=  1.949826265510261E-004 ratio2=  1.480622980172261E-003
 nchek0=           0 toler_force=  1.000000000000000E-005
 nchek=           1
 miter=         100 iiter=          22
 time: 11:40:47
                     istep=          41 iiter=          23
                     conver_load check
 resid=   332757.213216655      retot=   13998997677792.3     
 ratio1=  1.541754655509386E-004 ratio2=  1.166311976018040E-003
 nchek0=           0 toler_force=  1.000000000000000E-005
 nchek=           1
 miter=         100 iiter=          23
 time: 11:40:47
                     istep=          41 iiter=          24
                     conver_load check
 resid=   208026.667100846      retot=   13999001080148.8     
 ratio1=  1.219020423940174E-004 ratio2=  9.187791960401517E-004
 nchek0=           0 toler_force=  1.000000000000000E-005
 nchek=           1
 miter=         100 iiter=          24
 time: 11:40:47
                     istep=          41 iiter=          25
                     conver_load check
 resid=   130031.144055988      retot=   13999003714408.3     
 ratio1=  9.637738255502390E-005 ratio2=  7.238375475430225E-004
 nchek0=           0 toler_force=  1.000000000000000E-005
 nchek=           1
 miter=         100 iiter=          25
 time: 11:40:47
                     istep=          41 iiter=          26
                     conver_load check
 resid=   81264.5768745831      retot=   13999005758201.2     
 ratio1=  7.619071394157299E-005 ratio2=  5.703073600595089E-004
 nchek0=           0 toler_force=  1.000000000000000E-005
 nchek=           1
 miter=         100 iiter=          26
 time: 11:40:47
                     istep=          41 iiter=          27
                     conver_load check
 resid=   50777.7078910785      retot=   13999007346740.4     
 ratio1=  6.022654165674011E-005 ratio2=  4.493833363436530E-004
 nchek0=           0 toler_force=  1.000000000000000E-005
 nchek=           1
 miter=         100 iiter=          27
 time: 11:40:47
                     istep=          41 iiter=          28
                     conver_load check
 resid=   31721.8296823848      retot=   13999008583381.9     
 ratio1=  4.760257813984469E-005 ratio2=  3.541324459564413E-004
 nchek0=           0 toler_force=  1.000000000000000E-005
 nchek=           1
 miter=         100 iiter=          28
 time: 11:40:48
                     istep=          41 iiter=          29
                     conver_load check
 resid=   19813.1936696064      retot=   13999009547415.0     
 ratio1=  3.762084859406814E-005 ratio2=  2.790967597560159E-004
 nchek0=           0 toler_force=  1.000000000000000E-005
 nchek=           1
 miter=         100 iiter=          29
 time: 11:40:48
                     istep=          41 iiter=          30
                     conver_load check
 resid=   12372.6161211601      retot=   13999010299855.5     
 ratio1=  2.972912333375190E-005 ratio2=  2.199798971071218E-004
 nchek0=           0 toler_force=  1.000000000000000E-005
 nchek=           1
 miter=         100 iiter=          30
 time: 11:40:48
                     istep=          41 iiter=          31
                     conver_load check
 resid=   7724.68037514313      retot=   13999010887783.8     
 ratio1=  2.349046336755304E-005 ratio2=  1.733998149980649E-004
 nchek0=           0 toler_force=  1.000000000000000E-005
 nchek=           1
 miter=         100 iiter=          31
 time: 11:40:48
                     istep=          41 iiter=          32
                     conver_load check
 resid=   4821.84944108187      retot=   13999011347613.0     
 ratio1=  1.855915248724391E-005 ratio2=  1.366940795962881E-004
 nchek0=           0 toler_force=  1.000000000000000E-005
 nchek=           1
 miter=         100 iiter=          32
 time: 11:40:48
                     istep=          41 iiter=          33
                     conver_load check
 resid=   3009.28929474256      retot=   13999011707564.3     
 ratio1=  1.466166464541138E-005 ratio2=  1.077665692851480E-004
 nchek0=           0 toler_force=  1.000000000000000E-005
 nchek=           1
 miter=         100 iiter=          33
 time: 11:40:48
                     istep=          41 iiter=          34
                     conver_load check
 resid=   1877.73795416280      retot=   13999011989549.6     
 ratio1=  1.158160635159712E-005 ratio2=  8.496683764704075E-005
 nchek0=           0 toler_force=  1.000000000000000E-005
 nchek=           1
 miter=         100 iiter=          34
 time: 11:40:48
                     istep=          41 iiter=          35
                     conver_load check
 resid=   1171.46881785535      retot=   13999012210609.7     
 ratio1=  9.147800197286027E-006 ratio2=  6.699519657885694E-005
 nchek0=           0 toler_force=  1.000000000000000E-005
 nchek=           1
 miter=         100 iiter=          35
 time: 11:40:48
                     istep=          41 iiter=          36
                     conver_load check
 resid=   730.727344164070      retot=   13999012384015.8     
 ratio1=  7.224852426716809E-006 ratio2=  5.282804139038278E-005
 nchek0=           0 toler_force=  1.000000000000000E-005
 nchek=           1
 miter=         100 iiter=          36
 time: 11:40:48
                     istep=          41 iiter=          37
                     conver_load check
 resid=   455.735791480908      retot=   13999012520117.0     
 ratio1=  5.705686003222142E-006 ratio2=  4.165910034541746E-005
 nchek0=           0 toler_force=  1.000000000000000E-005
 nchek=           1
 miter=         100 iiter=          37
 time: 11:40:48
                     istep=          41 iiter=          38
                     conver_load check
 resid=   284.189711655950      retot=   13999012626992.6     
 ratio1=  4.505629463048418E-006 ratio2=  3.285320945503999E-005
 nchek0=           0 toler_force=  1.000000000000000E-005
 nchek=           1
 miter=         100 iiter=          38
 time: 11:40:48
                     istep=          41 iiter=          39
                     conver_load check
 resid=   177.192454025068      retot=   13999012710956.5     
 ratio1=  3.557737549870852E-006 ratio2=  2.590993816475045E-005
 nchek0=           0 toler_force=  1.000000000000000E-005
 nchek=           1
 miter=         100 iiter=          39
 time: 11:40:48
                     istep=          41 iiter=          40
                     conver_load check
 resid=   110.465804829732      retot=   13999012776947.7     
 ratio1=  2.809087230734735E-006 ratio2=  2.043496274988149E-005
 nchek0=           0 toler_force=  1.000000000000000E-005
 nchek=           1
 miter=         100 iiter=          40
 time: 11:40:48
                     istep=          41 iiter=          41
                     conver_load check
 resid=   68.8589227115273      retot=   13999012828832.4     
 ratio1=  2.217846098773928E-006 ratio2=  1.611753376192950E-005
 nchek0=           0 toler_force=  1.000000000000000E-005
 nchek=           1
 miter=         100 iiter=          41
 time: 11:40:48
                     istep=          41 iiter=          42
                     conver_load check
 resid=   42.9186539636005      retot=   13999012869639.8     
 ratio1=  1.750952400873131E-006 ratio2=  1.271273742530956E-005
 nchek0=           0 toler_force=  1.000000000000000E-005
 nchek=           1
 miter=         100 iiter=          42
 time: 11:40:48
                     istep=          41 iiter=          43
                     conver_load check
 resid=   26.7478608965649      retot=   13999012901744.7     
 ratio1=  1.382279353135362E-006 ratio2=  1.002752881533036E-005
 nchek0=           0 toler_force=  1.000000000000000E-005
 nchek=           1
 miter=         100 iiter=          43
 time: 11:40:48
                     istep=          41 iiter=          44
                     conver_load check
 resid=   16.6683456525028      retot=   13999012927009.8     
 ratio1=  1.091182875226863E-006 ratio2=  7.909733097194515E-006
 nchek0=           0 toler_force=  1.000000000000000E-005
 nchek=           0
                    conver_nodal_value check
               Convergence check for displacement
 ratio1=  1.118831551765483E-008 ratio2=  1.953120325824590E-007
 nchek=           0
 ***********RESTART FILE IS UPDATED!*******
 istep=          42
 outinp=           0
 tcurvegravity=           0           1           1           1           1
           1           1           1           1           0           0
           0           0           0           0           0           0
           0           0           0           0
 ntelgroup=           0
 Factorization completed ... 
 time: 11:40:48
                     istep=          42 iiter=           1
                     conver_load check
 resid=   33550781816.5869      retot=   14757644296127.5     
 ratio1=  4.768071982420975E-002 ratio2=  0.290215801615857     
 nchek0=           0 toler_force=  1.000000000000000E-005
 nchek=           1
 miter=         100 iiter=           1
 time: 11:40:48
                     istep=          42 iiter=           2
                     conver_load check
 resid=   14022201631.0910      retot=   14806609805650.8     
 ratio1=  3.077374055253593E-002 ratio2=  0.191740620613116     
 nchek0=           0 toler_force=  1.000000000000000E-005
 nchek=           1
 miter=         100 iiter=           2
 time: 11:40:48
                     istep=          42 iiter=           3
                     conver_load check
 resid=   7334762964.72855      retot=   14820254869128.4     
 ratio1=  2.224667987819322E-002 ratio2=  0.147204743800334     
 nchek0=           0 toler_force=  1.000000000000000E-005
 nchek=           1
 miter=         100 iiter=           3
 time: 11:40:48
                     istep=          42 iiter=           4
                     conver_load check
 resid=   3904542390.11637      retot=   14825898849132.6     
 ratio1=  1.622835706382723E-002 ratio2=  0.104597855722323     
 nchek0=           0 toler_force=  1.000000000000000E-005
 nchek=           1
 miter=         100 iiter=           4
 time: 11:40:48
                     istep=          42 iiter=           5
                     conver_load check
 resid=   1956747666.73920      retot=   14828659804985.5     
 ratio1=  1.148726027774267E-002 ratio2=  7.529707357552631E-002
 nchek0=           0 toler_force=  1.000000000000000E-005
 nchek=           1
 miter=         100 iiter=           5
 time: 11:40:48
                     istep=          42 iiter=           6
                     conver_load check
 resid=   1065685656.50962      retot=   14830220500577.6     
 ratio1=  8.476972144946374E-003 ratio2=  5.857962619823482E-002
 nchek0=           0 toler_force=  1.000000000000000E-005
 nchek=           1
 miter=         100 iiter=           6
 time: 11:40:48
                     istep=          42 iiter=           7
                     conver_load check
 resid=   616341394.140496      retot=   14831156289860.2     
 ratio1=  6.446487760646959E-003 ratio2=  4.541003496803762E-002
 nchek0=           0 toler_force=  1.000000000000000E-005
 nchek=           1
 miter=         100 iiter=           7
 time: 11:40:48
                     istep=          42 iiter=           8
                     conver_load check
 resid=   370600925.628379      retot=   14831736607774.9     
 ratio1=  4.998702009351342E-003 ratio2=  3.511611802541961E-002
 nchek0=           0 toler_force=  1.000000000000000E-005
 nchek=           1
 miter=         100 iiter=           8
 time: 11:40:48
                     istep=          42 iiter=           9
                     conver_load check
 resid=   229428139.706656      retot=   14832104342595.9     
 ratio1=  3.932981973253714E-003 ratio2=  2.767529269436197E-002
 nchek0=           0 toler_force=  1.000000000000000E-005
 nchek=           1
 miter=         100 iiter=           9
 time: 11:40:48
                     istep=          42 iiter=          10
                     conver_load check
 resid=   145813795.215925      retot=   14832346133351.2     
 ratio1=  3.135410302479856E-003 ratio2=  2.307718140704700E-002
 nchek0=           0 toler_force=  1.000000000000000E-005
 nchek=           1
 miter=         100 iiter=          10
 time: 11:40:48
                     istep=          42 iiter=          11
                     conver_load check
 resid=   94184106.6368023      retot=   14832507330715.4     
 ratio1=  2.519889666184290E-003 ratio2=  1.919372179243059E-002
 nchek0=           0 toler_force=  1.000000000000000E-005
 nchek=           1
 miter=         100 iiter=          11
 time: 11:40:48
                     istep=          42 iiter=          12
                     conver_load check
 resid=   61542077.6432255      retot=   14832614931377.7     
 ratio1=  2.036935212161823E-003 ratio2=  1.592312214867312E-002
 nchek0=           0 toler_force=  1.000000000000000E-005
 nchek=           1
 miter=         100 iiter=          12
 time: 11:40:48
                     istep=          42 iiter=          13
                     conver_load check
 resid=   40572973.2103578      retot=   14832687561329.2     
 ratio1=  1.653897126797073E-003 ratio2=  1.318128183540347E-002
 nchek0=           0 toler_force=  1.000000000000000E-005
 nchek=           1
 miter=         100 iiter=          13
 time: 11:40:48
                     istep=          42 iiter=          14
                     conver_load check
 resid=   26939195.5418842      retot=   14832737357994.4     
 ratio1=  1.347664095232238E-003 ratio2=  1.089339417463510E-002
 nchek0=           0 toler_force=  1.000000000000000E-005
 nchek=           1
 miter=         100 iiter=          14
 time: 11:40:48
                     istep=          42 iiter=          15
                     conver_load check
 resid=   17988721.0399693      retot=   14832772004589.3     
 ratio1=  1.101257763105802E-003 ratio2=  8.991586800594812E-003
 nchek0=           0 toler_force=  1.000000000000000E-005
 nchek=           1
 miter=         100 iiter=          15
 time: 11:40:48
                     istep=          42 iiter=          16
                     conver_load check
 resid=   12066520.5475165      retot=   14832796474568.7     
 ratio1=  9.019438664460528E-004 ratio2=  7.415280460691872E-003
 nchek0=           0 toler_force=  1.000000000000000E-005
 nchek=           1
 miter=         100 iiter=          16
 time: 11:40:48
                     istep=          42 iiter=          17
                     conver_load check
 resid=   8123009.96094049      retot=   14832814006403.8     
 ratio1=  7.400255551619537E-004 ratio2=  6.111528692537451E-003
 nchek0=           0 toler_force=  1.000000000000000E-005
 nchek=           1
 miter=         100 iiter=          17
 time: 11:40:48
                     istep=          42 iiter=          18
                     conver_load check
 resid=   5483600.76428125      retot=   14832826733110.5     
 ratio1=  6.080243222771918E-004 ratio2=  5.034844775680963E-003
 nchek0=           0 toler_force=  1.000000000000000E-005
 nchek=           1
 miter=         100 iiter=          18
 time: 11:40:48
                     istep=          42 iiter=          19
                     conver_load check
 resid=   3709811.66113876      retot=   14832836085285.1     
 ratio1=  5.001080350841637E-004 ratio2=  4.146642422147022E-003
 nchek0=           0 toler_force=  1.000000000000000E-005
 nchek=           1
 miter=         100 iiter=          19
 time: 11:40:48
                     istep=          42 iiter=          20
                     conver_load check
 resid=   2513918.77823972      retot=   14832843034915.1     
 ratio1=  4.116834615499122E-004 ratio2=  3.414483301533449E-003
 nchek0=           0 toler_force=  1.000000000000000E-005
 nchek=           1
 miter=         100 iiter=          20
 time: 11:40:48
                     istep=          42 iiter=          21
                     conver_load check
 resid=   1705628.84029817      retot=   14832848252025.5     
 ratio1=  3.391017168454774E-004 ratio2=  2.811271210125800E-003
 nchek0=           0 toler_force=  1.000000000000000E-005
 nchek=           1
 miter=         100 iiter=          21
 time: 11:40:48
                     istep=          42 iiter=          22
                     conver_load check
 resid=   1158268.43980116      retot=   14832852204900.9     
 ratio1=  2.794423833818371E-004 ratio2=  2.314474389007867E-003
 nchek0=           0 toler_force=  1.000000000000000E-005
 nchek=           1
 miter=         100 iiter=          22
 time: 11:40:48
                     istep=          42 iiter=          23
                     conver_load check
 resid=   787069.742945657      retot=   14832855225111.4     
 ratio1=  2.303531893878462E-004 ratio2=  1.905416551413273E-003
 nchek0=           0 toler_force=  1.000000000000000E-005
 nchek=           1
 miter=         100 iiter=          23
 time: 11:40:48
                     istep=          42 iiter=          24
                     conver_load check
 resid=   535068.272952610      retot=   14832857550305.3     
 ratio1=  1.899293959812247E-004 ratio2=  1.568652302555957E-003
 nchek0=           0 toler_force=  1.000000000000000E-005
 nchek=           1
 miter=         100 iiter=          24
 time: 11:40:48
                     istep=          42 iiter=          25
                     conver_load check
 resid=   363856.286132059      retot=   14832859352764.8     
 ratio1=  1.566219049372719E-004 ratio2=  1.291428772743487E-003
 nchek0=           0 toler_force=  1.000000000000000E-005
 nchek=           1
 miter=         100 iiter=          25
 time: 11:40:48
                     istep=          42 iiter=          26
                     conver_load check
 resid=   247470.830323130      retot=   14832860758716.8     
 ratio1=  1.291663977084045E-004 ratio2=  1.063228210248585E-003
 nchek0=           0 toler_force=  1.000000000000000E-005
 nchek=           1
 miter=         100 iiter=          26
 time: 11:40:48
                     istep=          42 iiter=          27
                     conver_load check
 resid=   168326.734298644      retot=   14832861861560.5     
 ratio1=  1.065280734225541E-004 ratio2=  8.753831512945411E-004
 nchek0=           0 toler_force=  1.000000000000000E-005
 nchek=           1
 miter=         100 iiter=          27
 time: 11:40:48
                     istep=          42 iiter=          28
                     conver_load check
 resid=   114495.569021156      retot=   14832862731040.1     
 ratio1=  8.785810890517996E-005 ratio2=  7.207548429008384E-004
 nchek0=           0 toler_force=  1.000000000000000E-005
 nchek=           1
 miter=         100 iiter=          28
 time: 11:40:48
                     istep=          42 iiter=          29
                     conver_load check
 resid=   77877.1732292442      retot=   14832863419679.1     
 ratio1=  7.245904248264175E-005 ratio2=  5.934657997722703E-004
 nchek0=           0 toler_force=  1.000000000000000E-005
 nchek=           1
 miter=         100 iiter=          29
 time: 11:40:48
                     istep=          42 iiter=          30
                     conver_load check
 resid=   52966.7251774153      retot=   14832863967344.3     
 ratio1=  5.975703685968994E-005 ratio2=  4.886781312846356E-004
 nchek0=           0 toler_force=  1.000000000000000E-005
 nchek=           1
 miter=         100 iiter=          30
 time: 11:40:49
                     istep=          42 iiter=          31
                     conver_load check
 resid=   36021.1636691429      retot=   14832864404516.3     
 ratio1=  4.927950718094983E-005 ratio2=  4.024102452656372E-004
 nchek0=           0 toler_force=  1.000000000000000E-005
 nchek=           1
 miter=         100 iiter=          31
 time: 11:40:49
                     istep=          42 iiter=          32
                     conver_load check
 resid=   24494.4586477560      retot=   14832864754656.4     
 ratio1=  4.063697804751462E-005 ratio2=  3.313855424880169E-004
 nchek0=           0 toler_force=  1.000000000000000E-005
 nchek=           1
 miter=         100 iiter=          32
 time: 11:40:49
                     istep=          42 iiter=          33
                     conver_load check
 resid=   16654.4373885255      retot=   14832865035935.3     
 ratio1=  3.350830505394440E-005 ratio2=  2.729076688151146E-004
 nchek0=           0 toler_force=  1.000000000000000E-005
 nchek=           1
 miter=         100 iiter=          33
 time: 11:40:49
                     istep=          42 iiter=          34
                     conver_load check
 resid=   11322.5080477330      retot=   14832865262506.8     
 ratio1=  2.762859454825638E-005 ratio2=  2.247577501834348E-004
 nchek0=           0 toler_force=  1.000000000000000E-005
 nchek=           1
 miter=         100 iiter=          34
 time: 11:40:49
                     istep=          42 iiter=          35
                     conver_load check
 resid=   7696.72328477732      retot=   14832865445454.2     
 ratio1=  2.277930176722656E-005 ratio2=  1.851097857264964E-004
 nchek0=           0 toler_force=  1.000000000000000E-005
 nchek=           1
 miter=         100 iiter=          35
 time: 11:40:49
                     istep=          42 iiter=          36
                     conver_load check
 resid=   5231.43384634996      retot=   14832865593498.3     
 ratio1=  1.878009730827635E-005 ratio2=  1.524610175865589E-004
 nchek0=           0 toler_force=  1.000000000000000E-005
 nchek=           1
 miter=         100 iiter=          36
 time: 11:40:49
                     istep=          42 iiter=          37
                     conver_load check
 resid=   3555.40461765873      retot=   14832865713531.5     
 ratio1=  1.548217540910696E-005 ratio2=  1.255746404753977E-004
 nchek0=           0 toler_force=  1.000000000000000E-005
 nchek=           1
 miter=         100 iiter=          37
 time: 11:40:49
                     istep=          42 iiter=          38
                     conver_load check
 resid=   2416.08962530567      retot=   14832865811023.3     
 ratio1=  1.276274189188578E-005 ratio2=  1.034326709797455E-004
 nchek0=           0 toler_force=  1.000000000000000E-005
 nchek=           1
 miter=         100 iiter=          38
 time: 11:40:49
                     istep=          42 iiter=          39
                     conver_load check
 resid=   1641.70585049675      retot=   14832865890330.4     
 ratio1=  1.052046989345230E-005 ratio2=  8.519717762636042E-005
 nchek0=           0 toler_force=  1.000000000000000E-005
 nchek=           1
 miter=         100 iiter=          39
 time: 11:40:49
                     istep=          42 iiter=          40
                     conver_load check
 resid=   1115.42067256017      retot=   14832865954934.5     
 ratio1=  8.671751190020153E-006 ratio2=  7.017838908098106E-005
 nchek0=           0 toler_force=  1.000000000000000E-005
 nchek=           1
 miter=         100 iiter=          40
 time: 11:40:49
                     istep=          42 iiter=          41
                     conver_load check
 resid=   757.784757770254      retot=   14832866007627.0     
 ratio1=  7.147602564716230E-006 ratio2=  5.780845966915455E-005
 nchek0=           0 toler_force=  1.000000000000000E-005
 nchek=           1
 miter=         100 iiter=          41
 time: 11:40:49
                     istep=          42 iiter=          42
                     conver_load check
 resid=   514.777609600335      retot=   14832866050651.9     
 ratio1=  5.891112102371081E-006 ratio2=  4.761988763533769E-005
 nchek0=           0 toler_force=  1.000000000000000E-005
 nchek=           1
 miter=         100 iiter=          42
 time: 11:40:49
                     istep=          42 iiter=          43
                     conver_load check
 resid=   349.673514525923      retot=   14832866085817.6     
 ratio1=  4.855330879131238E-006 ratio2=  3.922775979532263E-005
 nchek0=           0 toler_force=  1.000000000000000E-005
 nchek=           1
 miter=         100 iiter=          43
 time: 11:40:49
                     istep=          42 iiter=          44
                     conver_load check
 resid=   237.507715825701      retot=   14832866114585.1     
 ratio1=  4.001532265963922E-006 ratio2=  3.231514305240261E-005
 nchek0=           0 toler_force=  1.000000000000000E-005
 nchek=           1
 miter=         100 iiter=          44
 time: 11:40:49
                     istep=          42 iiter=          45
                     conver_load check
 resid=   161.312140958792      retot=   14832866138137.1     
 ratio1=  3.297774753879007E-006 ratio2=  2.662106403577189E-005
 nchek0=           0 toler_force=  1.000000000000000E-005
 nchek=           1
 miter=         100 iiter=          45
 time: 11:40:49
                     istep=          42 iiter=          46
                     conver_load check
 resid=   109.555211036915      retot=   14832866157432.6     
 ratio1=  2.717715435006285E-006 ratio2=  2.193061748610261E-005
 nchek0=           0 toler_force=  1.000000000000000E-005
 nchek=           1
 miter=         100 iiter=          46
 time: 11:40:49
                     istep=          42 iiter=          47
                     conver_load check
 resid=   74.4008376076638      retot=   14832866173250.8     
 ratio1=  2.239630500074870E-006 ratio2=  1.806682568542055E-005
 nchek0=           0 toler_force=  1.000000000000000E-005
 nchek=           1
 miter=         100 iiter=          47
 time: 11:40:49
                     istep=          42 iiter=          48
                     conver_load check
 resid=   50.5246601980322      retot=   14832866186225.5     
 ratio1=  1.845606713516126E-006 ratio2=  1.488393838708727E-005
 nchek0=           0 toler_force=  1.000000000000000E-005
 nchek=           1
 miter=         100 iiter=          48
 time: 11:40:49
                     istep=          42 iiter=          49
                     conver_load check
 resid=   34.3092800452009      retot=   14832866196873.1     
 ratio1=  1.520874095778171E-006 ratio2=  1.226191789009743E-005
 nchek0=           0 toler_force=  1.000000000000000E-005
 nchek=           1
 miter=         100 iiter=          49
 time: 11:40:49
                     istep=          42 iiter=          50
                     conver_load check
 resid=   23.2972210467934      retot=   14832866205614.8     
 ratio1=  1.253255215101045E-006 ratio2=  1.010189925607675E-005
 nchek0=           0 toler_force=  1.000000000000000E-005
 nchek=           1
 miter=         100 iiter=          50
 time: 11:40:49
                     istep=          42 iiter=          51
                     conver_load check
 resid=   15.8191261576470      retot=   14832866212794.7     
 ratio1=  1.032710767053027E-006 ratio2=  8.322452982060530E-006
 nchek0=           0 toler_force=  1.000000000000000E-005
 nchek=           0
                    conver_nodal_value check
               Convergence check for displacement
 ratio1=  8.732539828289435E-009 ratio2=  2.280073037364426E-007
 nchek=           0
 ***********RESTART FILE IS UPDATED!*******
 istep=          43
 outinp=           0
 tcurvegravity=           0           1           1           1           1
           1           1           1           1           0           0
           0           0           0           0           0           0
           0           0           0           0
 ntelgroup=           0
 Factorization completed ... 
 time: 11:40:49
                     istep=          43 iiter=           1
                     conver_load check
 resid=   29690572449.7907      retot=   15616657418593.7     
 ratio1=  4.360288685012763E-002 ratio2=  0.260017805225748     
 nchek0=           0 toler_force=  1.000000000000000E-005
 nchek=           1
 miter=         100 iiter=           1
 time: 11:40:49
                     istep=          43 iiter=           2
                     conver_load check
 resid=   11566403781.7574      retot=   15666557612993.6     
 ratio1=  2.717142306853115E-002 ratio2=  0.192874610627586     
 nchek0=           0 toler_force=  1.000000000000000E-005
 nchek=           1
 miter=         100 iiter=           2
 time: 11:40:49
                     istep=          43 iiter=           3
                     conver_load check
 resid=   5599165157.70358      retot=   15680859892354.4     
 ratio1=  1.889629680393941E-002 ratio2=  0.119269762444476     
 nchek0=           0 toler_force=  1.000000000000000E-005
 nchek=           1
 miter=         100 iiter=           3
 time: 11:40:49
                     istep=          43 iiter=           4
                     conver_load check
 resid=   3196068130.47593      retot=   15686848175797.2     
 ratio1=  1.427381841803062E-002 ratio2=  9.648517820582304E-002
 nchek0=           0 toler_force=  1.000000000000000E-005
 nchek=           1
 miter=         100 iiter=           4
 time: 11:40:49
                     istep=          43 iiter=           5
                     conver_load check
 resid=   1959130099.00516      retot=   15689647171252.7     
 ratio1=  1.117442152247219E-002 ratio2=  7.874040324322742E-002
 nchek0=           0 toler_force=  1.000000000000000E-005
 nchek=           1
 miter=         100 iiter=           5
 time: 11:40:49
                     istep=          43 iiter=           6
                     conver_load check
 resid=   1219283050.05290      retot=   15691039445153.4     
 ratio1=  8.815083107989036E-003 ratio2=  6.366158987913172E-002
 nchek0=           0 toler_force=  1.000000000000000E-005
 nchek=           1
 miter=         100 iiter=           6
 time: 11:40:49
                     istep=          43 iiter=           7
                     conver_load check
 resid=   778031608.524871      retot=   15691791060161.9     
 ratio1=  7.041454254203054E-003 ratio2=  5.102527002977920E-002
 nchek0=           0 toler_force=  1.000000000000000E-005
 nchek=           1
 miter=         100 iiter=           7
 time: 11:40:49
                     istep=          43 iiter=           8
                     conver_load check
 resid=   501092991.858804      retot=   15692216798414.1     
 ratio1=  5.650892097870052E-003 ratio2=  4.061915444437687E-002
 nchek0=           0 toler_force=  1.000000000000000E-005
 nchek=           1
 miter=         100 iiter=           8
 time: 11:40:49
                     istep=          43 iiter=           9
                     conver_load check
 resid=   325153246.727629      retot=   15692473499447.8     
 ratio1=  4.551959040085795E-003 ratio2=  3.216132382336310E-002
 nchek0=           0 toler_force=  1.000000000000000E-005
 nchek=           1
 miter=         100 iiter=           9
 time: 11:40:49
                     istep=          43 iiter=          10
                     conver_load check
 resid=   209820776.832012      retot=   15692638435895.3     
 ratio1=  3.656589947815017E-003 ratio2=  2.487960247206650E-002
 nchek0=           0 toler_force=  1.000000000000000E-005
 nchek=           1
 miter=         100 iiter=          10
 time: 11:40:49
                     istep=          43 iiter=          11
                     conver_load check
 resid=   125247839.031943      retot=   15692751999340.8     
 ratio1=  2.825111318092029E-003 ratio2=  1.733709837308002E-002
 nchek0=           0 toler_force=  1.000000000000000E-005
 nchek=           1
 miter=         100 iiter=          11
 time: 11:40:49
                     istep=          43 iiter=          12
                     conver_load check
 resid=   74405015.6952575      retot=   15692850521113.0     
 ratio1=  2.177460007880128E-003 ratio2=  1.514131906448589E-002
 nchek0=           0 toler_force=  1.000000000000000E-005
 nchek=           1
 miter=         100 iiter=          12
 time: 11:40:49
                     istep=          43 iiter=          13
                     conver_load check
 resid=   47279162.9170958      retot=   15692940388602.9     
 ratio1=  1.735732226347744E-003 ratio2=  1.297683228187691E-002
 nchek0=           0 toler_force=  1.000000000000000E-005
 nchek=           1
 miter=         100 iiter=          13
 time: 11:40:49
                     istep=          43 iiter=          14
                     conver_load check
 resid=   31100509.3800650      retot=   15693010897104.0     
 ratio1=  1.407766456747960E-003 ratio2=  1.099640790131374E-002
 nchek0=           0 toler_force=  1.000000000000000E-005
 nchek=           1
 miter=         100 iiter=          14
 time: 11:40:49
                     istep=          43 iiter=          15
                     conver_load check
 resid=   20861760.5670856      retot=   15693063245789.7     
 ratio1=  1.152979580197371E-003 ratio2=  9.259373419620477E-003
 nchek0=           0 toler_force=  1.000000000000000E-005
 nchek=           1
 miter=         100 iiter=          15
 time: 11:40:49
                     istep=          43 iiter=          16
                     conver_load check
 resid=   14159224.5329893      retot=   15693100629274.0     
 ratio1=  9.498725876663065E-004 ratio2=  7.767542049263932E-003
 nchek0=           0 toler_force=  1.000000000000000E-005
 nchek=           1
 miter=         100 iiter=          16
 time: 11:40:49
                     istep=          43 iiter=          17
                     conver_load check
 resid=   9686879.95297168      retot=   15693126803300.4     
 ratio1=  7.856646569083032E-004 ratio2=  6.500373714250797E-003
 nchek0=           0 toler_force=  1.000000000000000E-005
 nchek=           1
 miter=         100 iiter=          17
 time: 11:40:49
                     istep=          43 iiter=          18
                     conver_load check
 resid=   6664694.10810549      retot=   15693145032887.3     
 ratio1=  6.516810858905786E-004 ratio2=  5.431340379040971E-003
 nchek0=           0 toler_force=  1.000000000000000E-005
 nchek=           1
 miter=         100 iiter=          18
 time: 11:40:49
                     istep=          43 iiter=          19
                     conver_load check
 resid=   4604413.73260615      retot=   15693157762999.4     
 ratio1=  5.416665286057299E-004 ratio2=  4.533534573077817E-003
 nchek0=           0 toler_force=  1.000000000000000E-005
 nchek=           1
 miter=         100 iiter=          19
 time: 11:40:50
                     istep=          43 iiter=          20
                     conver_load check
 resid=   3190863.84318475      retot=   15693166713654.7     
 ratio1=  4.509193187833091E-004 ratio2=  3.781780104836239E-003
 nchek0=           0 toler_force=  1.000000000000000E-005
 nchek=           1
 miter=         100 iiter=          20
 time: 11:40:50
                     istep=          43 iiter=          21
                     conver_load check
 resid=   2216379.42111545      retot=   15693173063766.4     
 ratio1=  3.758085638404938E-004 ratio2=  3.153543323528725E-003
 nchek0=           0 toler_force=  1.000000000000000E-005
 nchek=           1
 miter=         100 iiter=          21
 time: 11:40:50
                     istep=          43 iiter=          22
                     conver_load check
 resid=   1542143.59162373      retot=   15693177613999.1     
 ratio1=  3.134779237891544E-004 ratio2=  2.629181930516757E-003
 nchek0=           0 toler_force=  1.000000000000000E-005
 nchek=           1
 miter=         100 iiter=          22
 time: 11:40:50
                     istep=          43 iiter=          23
                     conver_load check
 resid=   1074365.53743194      retot=   15693180908059.8     
 ratio1=  2.616498823881087E-004 ratio2=  2.191855644284283E-003
 nchek0=           0 toler_force=  1.000000000000000E-005
 nchek=           1
 miter=         100 iiter=          23
 time: 11:40:50
                     istep=          43 iiter=          24
                     conver_load check
 resid=   749156.083542696      retot=   15693183316970.2     
 ratio1=  2.184895304435657E-004 ratio2=  1.827279838608981E-003
 nchek0=           0 toler_force=  1.000000000000000E-005
 nchek=           1
 miter=         100 iiter=          24
 time: 11:40:50
                     istep=          43 iiter=          25
                     conver_load check
 resid=   522717.422646237      retot=   15693185095856.9     
 ratio1=  1.825063330723444E-004 ratio2=  1.523421670588171E-003
 nchek0=           0 toler_force=  1.000000000000000E-005
 nchek=           1
 miter=         100 iiter=          25
 time: 11:40:50
                     istep=          43 iiter=          26
                     conver_load check
 resid=   364875.895614705      retot=   15693186421759.3     
 ratio1=  1.524814524278035E-004 ratio2=  1.270190986378110E-003
 nchek0=           0 toler_force=  1.000000000000000E-005
 nchek=           1
 miter=         100 iiter=          26
 time: 11:40:50
                     istep=          43 iiter=          27
                     conver_load check
 resid=   254763.924395781      retot=   15693187418736.4     
 ratio1=  1.274128952248800E-004 ratio2=  1.059151479528498E-003
 nchek0=           0 toler_force=  1.000000000000000E-005
 nchek=           1
 miter=         100 iiter=          27
 time: 11:40:50
                     istep=          43 iiter=          28
                     conver_load check
 resid=   177907.218756429      retot=   15693188174592.2     
 ratio1=  1.064734175188805E-004 ratio2=  8.832627643162667E-004
 nchek0=           0 toler_force=  1.000000000000000E-005
 nchek=           1
 miter=         100 iiter=          28
 time: 11:40:50
                     istep=          43 iiter=          29
                     conver_load check
 resid=   124243.592201462      retot=   15693188752084.7     
 ratio1=  8.897774613316902E-005 ratio2=  7.366561389602732E-004
 nchek0=           0 toler_force=  1.000000000000000E-005
 nchek=           1
 miter=         100 iiter=          29
 time: 11:40:50
                     istep=          43 iiter=          30
                     conver_load check
 resid=   86766.4244471057      retot=   15693189196501.3     
 ratio1=  7.435672361786079E-005 ratio2=  6.144428468648186E-004
 nchek0=           0 toler_force=  1.000000000000000E-005
 nchek=           1
 miter=         100 iiter=          30
 time: 11:40:50
                     istep=          43 iiter=          31
                     conver_load check
 resid=   60590.8898156593      retot=   15693189540822.7     
 ratio1=  6.213668146211124E-005 ratio2=  5.125518496949849E-004
 nchek0=           0 toler_force=  1.000000000000000E-005
 nchek=           1
 miter=         100 iiter=          31
 time: 11:40:50
                     istep=          43 iiter=          32
                     conver_load check
 resid=   42395.3072830350      retot=   15693189809278.2     
 ratio1=  5.197605100179655E-005 ratio2=  4.275935008455773E-004
 nchek0=           0 toler_force=  1.000000000000000E-005
 nchek=           1
 miter=         100 iiter=          32
 time: 11:40:50
                     istep=          43 iiter=          33
                     conver_load check
 resid=   29716.8296364444      retot=   15693190030447.1     
 ratio1=  4.351566456644077E-005 ratio2=  3.567748846307151E-004
 nchek0=           0 toler_force=  1.000000000000000E-005
 nchek=           1
 miter=         100 iiter=          33
 time: 11:40:50
                     istep=          43 iiter=          34
                     conver_load check
 resid=   20841.9660024155      retot=   15693190218697.7     
 ratio1=  3.644296652502792E-005 ratio2=  2.978809602766724E-004
 nchek0=           0 toler_force=  1.000000000000000E-005
 nchek=           1
 miter=         100 iiter=          34
 time: 11:40:50
                     istep=          43 iiter=          35
                     conver_load check
 resid=   14606.6170362677      retot=   15693190377673.2     
 ratio1=  3.050838369729371E-005 ratio2=  2.487896640293670E-004
 nchek0=           0 toler_force=  1.000000000000000E-005
 nchek=           1
 miter=         100 iiter=          35
 time: 11:40:50
                     istep=          43 iiter=          36
                     conver_load check
 resid=   10231.8186695177      retot=   15693190507497.4     
 ratio1=  2.553411405774994E-005 ratio2=  2.078326146776728E-004
 nchek0=           0 toler_force=  1.000000000000000E-005
 nchek=           1
 miter=         100 iiter=          36
 time: 11:40:50
                     istep=          43 iiter=          37
                     conver_load check
 resid=   7164.77681533291      retot=   15693190611996.8     
 ratio1=  2.136710619078111E-005 ratio2=  1.736423262098779E-004
 nchek0=           0 toler_force=  1.000000000000000E-005
 nchek=           1
 miter=         100 iiter=          37
 time: 11:40:50
                     istep=          43 iiter=          38
                     conver_load check
 resid=   5015.73238541664      retot=   15693190695648.8     
 ratio1=  1.787769617265937E-005 ratio2=  1.450905172942236E-004
 nchek0=           0 toler_force=  1.000000000000000E-005
 nchek=           1
 miter=         100 iiter=          38
 time: 11:40:50
                     istep=          43 iiter=          39
                     conver_load check
 resid=   3510.52611455259      retot=   15693190762543.5     
 ratio1=  1.495651727940978E-005 ratio2=  1.212418088678143E-004
 nchek0=           0 toler_force=  1.000000000000000E-005
 nchek=           1
 miter=         100 iiter=          39
 time: 11:40:50
                     istep=          43 iiter=          40
                     conver_load check
 resid=   2456.59421774887      retot=   15693190816104.7     
 ratio1=  1.251154910966793E-005 ratio2=  1.013184432304588E-004
 nchek0=           0 toler_force=  1.000000000000000E-005
 nchek=           1
 miter=         100 iiter=          40
 time: 11:40:50
                     istep=          43 iiter=          41
                     conver_load check
 resid=   1718.82040295234      retot=   15693190859091.4     
 ratio1=  1.046549131954085E-005 ratio2=  8.467256176239610E-005
 nchek0=           0 toler_force=  1.000000000000000E-005
 nchek=           1
 miter=         100 iiter=          41
 time: 11:40:50
                     istep=          43 iiter=          42
                     conver_load check
 resid=   1202.46592460843      retot=   15693190893690.3     
 ratio1=  8.753480332801908E-006 ratio2=  7.076392077501643E-005
 nchek0=           0 toler_force=  1.000000000000000E-005
 nchek=           1
 miter=         100 iiter=          42
 time: 11:40:50
                     istep=          43 iiter=          43
                     conver_load check
 resid=   841.138442240982      retot=   15693190921622.5     
 ratio1=  7.321129884097764E-006 ratio2=  5.914171323858646E-005
 nchek0=           0 toler_force=  1.000000000000000E-005
 nchek=           1
 miter=         100 iiter=          43
 time: 11:40:50
                     istep=          43 iiter=          44
                     conver_load check
 resid=   588.329164129778      retot=   15693190944240.4     
 ratio1=  6.122863240515335E-006 ratio2=  4.942960381142998E-005
 nchek0=           0 toler_force=  1.000000000000000E-005
 nchek=           1
 miter=         100 iiter=          44
 time: 11:40:50
                     istep=          43 iiter=          45
                     conver_load check
 resid=   411.468134613008      retot=   15693190962607.9     
 ratio1=  5.120501221933420E-006 ratio2=  4.131334031356306E-005
 nchek0=           0 toler_force=  1.000000000000000E-005
 nchek=           1
 miter=         100 iiter=          45
 time: 11:40:50
                     istep=          43 iiter=          46
                     conver_load check
 resid=   287.752413452942      retot=   15693190977564.4     
 ratio1=  4.282070936141520E-006 ratio2=  3.453046337522508E-005
 nchek0=           0 toler_force=  1.000000000000000E-005
 nchek=           1
 miter=         100 iiter=          46
 time: 11:40:50
                     istep=          43 iiter=          47
                     conver_load check
 resid=   201.220454691185      retot=   15693190989774.1     
 ratio1=  3.580803034549826E-006 ratio2=  2.886174139725952E-005
 nchek0=           0 toler_force=  1.000000000000000E-005
 nchek=           1
 miter=         100 iiter=          47
 time: 11:40:50
                     istep=          43 iiter=          48
                     conver_load check
 resid=   140.701483959030      retot=   15693190999764.7     
 ratio1=  2.994288957462667E-006 ratio2=  2.412403265014853E-005
 nchek0=           0 toler_force=  1.000000000000000E-005
 nchek=           1
 miter=         100 iiter=          48
 time: 11:40:50
                     istep=          43 iiter=          49
                     conver_load check
 resid=   98.3787502479309      retot=   15693191007956.8     
 ratio1=  2.503773394467184E-006 ratio2=  2.016433212903652E-005
 nchek0=           0 toler_force=  1.000000000000000E-005
 nchek=           1
 miter=         100 iiter=          49
 time: 11:40:50
                     istep=          43 iiter=          50
                     conver_load check
 resid=   68.7832004939276      retot=   15693191014687.4     
 ratio1=  2.093560710654428E-006 ratio2=  1.685480408458595E-005
 nchek0=           0 toler_force=  1.000000000000000E-005
 nchek=           1
 miter=         100 iiter=          50
 time: 11:40:50
                     istep=          43 iiter=          51
                     conver_load check
 resid=   48.0888125289313      retot=   15693191020227.0     
 ratio1=  1.750517254916385E-006 ratio2=  1.408863569912579E-005
 nchek0=           0 toler_force=  1.000000000000000E-005
 nchek=           1
 miter=         100 iiter=          51
 time: 11:40:50
                     istep=          43 iiter=          52
                     conver_load check
 resid=   33.6192676097034      retot=   15693191024793.5     
 ratio1=  1.463654234307572E-006 ratio2=  1.177657539747567E-005
 nchek0=           0 toler_force=  1.000000000000000E-005
 nchek=           1
 miter=         100 iiter=          52
 time: 11:40:50
                     istep=          43 iiter=          53
                     conver_load check
 resid=   23.5026430401052      retot=   15693191028563.4     
 ratio1=  1.223778225542930E-006 ratio2=  9.844042283815071E-006
 nchek0=           0 toler_force=  1.000000000000000E-005
 nchek=           0
                    conver_nodal_value check
               Convergence check for displacement
 ratio1=  1.024480974928243E-008 ratio2=  2.757218121468760E-007
 nchek=           0
 ***********RESTART FILE IS UPDATED!*******
 istep=          44
 outinp=           0
 tcurvegravity=           0           1           1           1           1
           1           1           1           1           0           0
           0           0           0           0           0           0
           0           0           0           0
 ntelgroup=           0
 Factorization completed ... 
 time: 11:40:50
                     istep=          44 iiter=           1
                     conver_load check
 resid=   26521697351.9021      retot=   16499531648562.2     
 ratio1=  4.009265797665371E-002 ratio2=  0.216541677058216     
 nchek0=           0 toler_force=  1.000000000000000E-005
 nchek=           1
 miter=         100 iiter=           1
 time: 11:40:50
                     istep=          44 iiter=           2
                     conver_load check
 resid=   8969177402.20367      retot=   16549319603788.2     
 ratio1=  2.328017472004519E-002 ratio2=  0.169268720862722     
 nchek0=           0 toler_force=  1.000000000000000E-005
 nchek=           1
 miter=         100 iiter=           2
 time: 11:40:50
                     istep=          44 iiter=           3
                     conver_load check
 resid=   4172048593.67348      retot=   16563858285957.2     
 ratio1=  1.587062119924393E-002 ratio2=  0.116687774136126     
 nchek0=           0 toler_force=  1.000000000000000E-005
 nchek=           1
 miter=         100 iiter=           3
 time: 11:40:50
                     istep=          44 iiter=           4
                     conver_load check
 resid=   2153198120.55421      retot=   16569796487054.3     
 ratio1=  1.139943715983194E-002 ratio2=  7.246951650149337E-002
 nchek0=           0 toler_force=  1.000000000000000E-005
 nchek=           1
 miter=         100 iiter=           4
 time: 11:40:50
                     istep=          44 iiter=           5
                     conver_load check
 resid=   1262981187.90627      retot=   16572516638379.3     
 ratio1=  8.729798289827010E-003 ratio2=  5.800220361174558E-002
 nchek0=           0 toler_force=  1.000000000000000E-005
 nchek=           1
 miter=         100 iiter=           5
 time: 11:40:50
                     istep=          44 iiter=           6
                     conver_load check
 resid=   792282548.941367      retot=   16573848387510.1     
 ratio1=  6.913983904686620E-003 ratio2=  4.905569727727065E-002
 nchek0=           0 toler_force=  1.000000000000000E-005
 nchek=           1
 miter=         100 iiter=           6
 time: 11:40:51
                     istep=          44 iiter=           7
                     conver_load check
 resid=   517594307.563040      retot=   16574535981331.2     
 ratio1=  5.588227218278645E-003 ratio2=  4.147230661163143E-002
 nchek0=           0 toler_force=  1.000000000000000E-005
 nchek=           1
 miter=         100 iiter=           7
 time: 11:40:51
                     istep=          44 iiter=           8
                     conver_load check
 resid=   348136004.344110      retot=   16574907624285.4     
 ratio1=  4.582990024174663E-003 ratio2=  3.506226539603122E-002
 nchek0=           0 toler_force=  1.000000000000000E-005
 nchek=           1
 miter=         100 iiter=           8
 time: 11:40:51
                     istep=          44 iiter=           9
                     conver_load check
 resid=   239056019.231334      retot=   16575116847809.2     
 ratio1=  3.797707762904614E-003 ratio2=  2.964663224441865E-002
 nchek0=           0 toler_force=  1.000000000000000E-005
 nchek=           1
 miter=         100 iiter=           9
 time: 11:40:51
                     istep=          44 iiter=          10
                     conver_load check
 resid=   166906862.323268      retot=   16575239605347.2     
 ratio1=  3.173271190767058E-003 ratio2=  2.506970902894207E-002
 nchek0=           0 toler_force=  1.000000000000000E-005
 nchek=           1
 miter=         100 iiter=          10
 time: 11:40:51
                     istep=          44 iiter=          11
                     conver_load check
 resid=   119041055.666262      retot=   16575315274745.9     
 ratio1=  2.679893194979104E-003 ratio2=  2.120181102370704E-002
 nchek0=           0 toler_force=  1.000000000000000E-005
 nchek=           1
 miter=         100 iiter=          11
 time: 11:40:51
                     istep=          44 iiter=          12
                     conver_load check
 resid=   86203071.4623663      retot=   16575361246781.7     
 ratio1=  2.280498909918468E-003 ratio2=  1.793868734300791E-002
 nchek0=           0 toler_force=  1.000000000000000E-005
 nchek=           1
 miter=         100 iiter=          12
 time: 11:40:51
                     istep=          44 iiter=          13
                     conver_load check
 resid=   63162921.1633573      retot=   16575388987887.1     
 ratio1=  1.952087313352989E-003 ratio2=  1.518613163246468E-002
 nchek0=           0 toler_force=  1.000000000000000E-005
 nchek=           1
 miter=         100 iiter=          13
 time: 11:40:51
                     istep=          44 iiter=          14
                     conver_load check
 resid=   46702903.6746851      retot=   16575405489820.3     
 ratio1=  1.678571560462462E-003 ratio2=  1.286416657626843E-002
 nchek0=           0 toler_force=  1.000000000000000E-005
 nchek=           1
 miter=         100 iiter=          14
 time: 11:40:51
                     istep=          44 iiter=          15
                     conver_load check
 resid=   34769810.4262395      retot=   16575414988538.2     
 ratio1=  1.448334767843025E-003 ratio2=  1.090517653864522E-002
 nchek0=           0 toler_force=  1.000000000000000E-005
 nchek=           1
 miter=         100 iiter=          15
 time: 11:40:51
                     istep=          44 iiter=          16
                     conver_load check
 resid=   26016609.0265123      retot=   16575420088819.0     
 ratio1=  1.252832679587296E-003 ratio2=  9.251976835147712E-003
 nchek0=           0 toler_force=  1.000000000000000E-005
 nchek=           1
 miter=         100 iiter=          16
 time: 11:40:51
                     istep=          44 iiter=          17
                     conver_load check
 resid=   19537126.7958900      retot=   16575422422913.7     
 ratio1=  1.085670519206652E-003 ratio2=  7.856237044187942E-003
 nchek0=           0 toler_force=  1.000000000000000E-005
 nchek=           1
 miter=         100 iiter=          17
 time: 11:40:51
                     istep=          44 iiter=          18
                     conver_load check
 resid=   14707554.4105299      retot=   16575423031076.1     
 ratio1=  9.419718431398720E-004 ratio2=  6.677170711143814E-003
 nchek0=           0 toler_force=  1.000000000000000E-005
 nchek=           1
 miter=         100 iiter=          18
 time: 11:40:51
                     istep=          44 iiter=          19
                     conver_load check
 resid=   11089494.2079627      retot=   16575422584620.8     
 ratio1=  8.179439877703287E-004 ratio2=  5.680416924754215E-003
 nchek0=           0 toler_force=  1.000000000000000E-005
 nchek=           1
 miter=         100 iiter=          19
 time: 11:40:51
                     istep=          44 iiter=          20
                     conver_load check
 resid=   8369286.70918405      retot=   16575421519873.5     
 ratio1=  7.105782861432488E-004 ratio2=  4.837073832205705E-003
 nchek0=           0 toler_force=  1.000000000000000E-005
 nchek=           1
 miter=         100 iiter=          20
 time: 11:40:51
                     istep=          44 iiter=          21
                     conver_load check
 resid=   6319137.77112996      retot=   16575420120753.2     
 ratio1=  6.174426705004684E-004 ratio2=  4.122862071115310E-003
 nchek0=           0 toler_force=  1.000000000000000E-005
 nchek=           1
 miter=         100 iiter=          21
 time: 11:40:51
                     istep=          44 iiter=          22
                     conver_load check
 resid=   4771605.27776225      retot=   16575418570962.7     
 ratio1=  5.365374032464152E-004 ratio2=  3.523653680526819E-003
 nchek0=           0 toler_force=  1.000000000000000E-005
 nchek=           1
 miter=         100 iiter=          22
 time: 11:40:51
                     istep=          44 iiter=          23
                     conver_load check
 resid=   3602446.34504171      retot=   16575416987689.6     
 ratio1=  4.661938383558836E-004 ratio2=  3.098144504357544E-003
 nchek0=           0 toler_force=  1.000000000000000E-005
 nchek=           1
 miter=         100 iiter=          23
 time: 11:40:51
                     istep=          44 iiter=          24
                     conver_load check
 resid=   2718816.01568962      retot=   16575415443755.8     
 ratio1=  4.050024949507338E-004 ratio2=  2.718931772320547E-003
 nchek0=           0 toler_force=  1.000000000000000E-005
 nchek=           1
 miter=         100 iiter=          24
 time: 11:40:51
                     istep=          44 iiter=          25
                     conver_load check
 resid=   2050973.64684174      retot=   16575413982376.8     
 ratio1=  3.517611302459397E-004 ratio2=  2.382189538335520E-003
 nchek0=           0 toler_force=  1.000000000000000E-005
 nchek=           1
 miter=         100 iiter=          25
 time: 11:40:51
                     istep=          44 iiter=          26
                     conver_load check
 resid=   1546344.52659993      retot=   16575412627094.2     
 ratio1=  3.054365154630492E-004 ratio2=  2.084093879798494E-003
 nchek0=           0 toler_force=  1.000000000000000E-005
 nchek=           1
 miter=         100 iiter=          26
 time: 11:40:51
                     istep=          44 iiter=          27
                     conver_load check
 resid=   1165200.41754200      retot=   16575411388505.1     
 ratio1=  2.651356689849204E-004 ratio2=  1.820928123133900E-003
 nchek0=           0 toler_force=  1.000000000000000E-005
 nchek=           1
 miter=         100 iiter=          27
 time: 11:40:51
                     istep=          44 iiter=          28
                     conver_load check
 resid=   877477.407845232      retot=   16575410268836.6     
 ratio1=  2.300836871589570E-004 ratio2=  1.589153440403449E-003
 nchek0=           0 toler_force=  1.000000000000000E-005
 nchek=           1
 miter=         100 iiter=          28
 time: 11:40:51
                     istep=          44 iiter=          29
                     conver_load check
 resid=   660408.285480901      retot=   16575409265056.0     
 ratio1=  1.996062457688470E-004 ratio2=  1.385453019373543E-003
 nchek0=           0 toler_force=  1.000000000000000E-005
 nchek=           1
 miter=         100 iiter=          29
 time: 11:40:51
                     istep=          44 iiter=          30
                     conver_load check
 resid=   496747.851042485      retot=   16575408370978.2     
 ratio1=  1.731154703328585E-004 ratio2=  1.206756452984205E-003
 nchek0=           0 toler_force=  1.000000000000000E-005
 nchek=           1
 miter=         100 iiter=          30
 time: 11:40:51
                     istep=          44 iiter=          31
                     conver_load check
 resid=   373435.595748422      retot=   16575407578684.8     
 ratio1=  1.500982912160635E-004 ratio2=  1.050249638359841E-003
 nchek0=           0 toler_force=  1.000000000000000E-005
 nchek=           1
 miter=         100 iiter=          31
 time: 11:40:51
                     istep=          44 iiter=          32
                     conver_load check
 resid=   280584.306077745      retot=   16575406879467.1     
 ratio1=  1.301066782450774E-004 ratio2=  9.133743300246841E-004
 nchek0=           0 toler_force=  1.000000000000000E-005
 nchek=           1
 miter=         100 iiter=          32
 time: 11:40:51
                     istep=          44 iiter=          33
                     conver_load check
 resid=   210713.403375163      retot=   16575406264442.6     
 ratio1=  1.127493352340186E-004 ratio2=  7.938205467213227E-004
 nchek0=           0 toler_force=  1.000000000000000E-005
 nchek=           1
 miter=         100 iiter=          33
 time: 11:40:51
                     istep=          44 iiter=          34
                     conver_load check
 resid=   158167.046460356      retot=   16575405724945.1     
 ratio1=  9.768455864061899E-005 ratio2=  6.895142656352885E-004
 nchek0=           0 toler_force=  1.000000000000000E-005
 nchek=           1
 miter=         100 iiter=          34
 time: 11:40:51
                     istep=          44 iiter=          35
                     conver_load check
 resid=   118672.227213120      retot=   16575405252760.9     
 ratio1=  8.461404730282283E-005 ratio2=  5.986022273292883E-004
 nchek0=           0 toler_force=  1.000000000000000E-005
 nchek=           1
 miter=         100 iiter=          35
 time: 11:40:51
                     istep=          44 iiter=          36
                     conver_load check
 resid=   89003.1753472869      retot=   16575404840260.5     
 ratio1=  7.327750577005474E-005 ratio2=  5.194351943598840E-004
 nchek0=           0 toler_force=  1.000000000000000E-005
 nchek=           1
 miter=         100 iiter=          36
 time: 11:40:51
                     istep=          44 iiter=          37
                     conver_load check
 resid=   66726.5902113703      retot=   16575404480459.9     
 ratio1=  6.344792138561221E-005 ratio2=  4.505506332001010E-004
 nchek0=           0 toler_force=  1.000000000000000E-005
 nchek=           1
 miter=         100 iiter=          37
 time: 11:40:51
                     istep=          44 iiter=          38
                     conver_load check
 resid=   50008.3522569555      retot=   16575404167035.2     
 ratio1=  5.492742112396438E-005 ratio2=  3.906555022513488E-004
 nchek0=           0 toler_force=  1.000000000000000E-005
 nchek=           1
 miter=         100 iiter=          38
 time: 11:40:51
                     istep=          44 iiter=          39
                     conver_load check
 resid=   37466.9927454710      retot=   16575403894309.0     
 ratio1=  4.754363228001191E-005 ratio2=  3.386096108803644E-004
 nchek0=           0 toler_force=  1.000000000000000E-005
 nchek=           1
 miter=         100 iiter=          39
 time: 11:40:51
                     istep=          44 iiter=          40
                     conver_load check
 resid=   28062.7079226900      retot=   16575403657217.0     
 ratio1=  4.114648409526691E-005 ratio2=  2.934098509944709E-004
 nchek0=           0 toler_force=  1.000000000000000E-005
 nchek=           1
 miter=         100 iiter=          40
 time: 11:40:51
                     istep=          44 iiter=          41
                     conver_load check
 resid=   21013.3731986998      retot=   16575403451266.0     
 ratio1=  3.560539702311924E-005 ratio2=  2.541754817191141E-004
 nchek0=           0 toler_force=  1.000000000000000E-005
 nchek=           1
 miter=         100 iiter=          41
 time: 11:40:51
                     istep=          44 iiter=          42
                     conver_load check
 resid=   15731.0484315023      retot=   16575403272486.1     
 ratio1=  3.080681370814271E-005 ratio2=  2.201345596675030E-004
 nchek0=           0 toler_force=  1.000000000000000E-005
 nchek=           1
 miter=         100 iiter=          42
 time: 11:40:51
                     istep=          44 iiter=          43
                     conver_load check
 resid=   11774.0191712500      retot=   16575403117381.9     
 ratio1=  2.665203160759416E-005 ratio2=  1.906115443506002E-004
 nchek0=           0 toler_force=  1.000000000000000E-005
 nchek=           1
 miter=         100 iiter=          43
 time: 11:40:51
                     istep=          44 iiter=          44
                     conver_load check
 resid=   8810.60489995867      retot=   16575402982884.3     
 ratio1=  2.305530199244710E-005 ratio2=  1.650160645155064E-004
 nchek0=           0 toler_force=  1.000000000000000E-005
 nchek=           1
 miter=         100 iiter=          44
 time: 11:40:51
                     istep=          44 iiter=          45
                     conver_load check
 resid=   6591.87047370296      retot=   16575402866305.0     
 ratio1=  1.994216412466730E-005 ratio2=  1.428328017264032E-004
 nchek0=           0 toler_force=  1.000000000000000E-005
 nchek=           1
 miter=         100 iiter=          45
 time: 11:40:51
                     istep=          44 iiter=          46
                     conver_load check
 resid=   4931.06716728220      retot=   16575402765293.7     
 ratio1=  1.724798691540013E-005 ratio2=  1.236124287752186E-004
 nchek0=           0 toler_force=  1.000000000000000E-005
 nchek=           1
 miter=         100 iiter=          46
 time: 11:40:51
                     istep=          44 iiter=          47
                     conver_load check
 resid=   3688.15544726884      retot=   16575402677799.2     
 ratio1=  1.491669345027968E-005 ratio2=  1.069635295744802E-004
 nchek0=           0 toler_force=  1.000000000000000E-005
 nchek=           1
 miter=         100 iiter=          47
 time: 11:40:51
                     istep=          44 iiter=          48
                     conver_load check
 resid=   2758.16157616291      retot=   16575402602033.2     
 ratio1=  1.289964649937239E-005 ratio2=  9.254542191775209E-005
 nchek0=           0 toler_force=  1.000000000000000E-005
 nchek=           1
 miter=         100 iiter=          48
 time: 11:40:51
                     istep=          44 iiter=          49
                     conver_load check
 resid=   2062.42408350486      retot=   16575402536439.2     
 ratio1=  1.115467557397905E-005 ratio2=  8.006180323218982E-005
 nchek0=           0 toler_force=  1.000000000000000E-005
 nchek=           1
 miter=         100 iiter=          49
 time: 11:40:51
                     istep=          44 iiter=          50
                     conver_load check
 resid=   1542.01679713866      retot=   16575402479663.3     
 ratio1=  9.645228282128089E-006 ratio2=  6.925514095434040E-005
 nchek0=           0 toler_force=  1.000000000000000E-005
 nchek=           1
 miter=         100 iiter=          50
 time: 11:40:51
                     istep=          44 iiter=          51
                     conver_load check
 resid=   1152.80996000606      retot=   16575402430528.6     
 ratio1=  8.339630698798505E-006 ratio2=  5.990173246664738E-005
 nchek0=           0 toler_force=  1.000000000000000E-005
 nchek=           1
 miter=         100 iiter=          51
 time: 11:40:51
                     istep=          44 iiter=          52
                     conver_load check
 resid=   861.763318908724      retot=   16575402388013.6     
 ratio1=  7.210443233073822E-006 ratio2=  5.180736402382004E-005
 nchek0=           0 toler_force=  1.000000000000000E-005
 nchek=           1
 miter=         100 iiter=          52
 time: 11:40:51
                     istep=          44 iiter=          53
                     conver_load check
 resid=   644.145161960108      retot=   16575402351231.4     
 ratio1=  6.233900052396858E-006 ratio2=  4.480350318686689E-005
 nchek0=           0 toler_force=  1.000000000000000E-005
 nchek=           1
 miter=         100 iiter=          53
 time: 11:40:51
                     istep=          44 iiter=          54
                     conver_load check
 resid=   481.446890241540      retot=   16575402319412.8     
 ratio1=  5.389421539133716E-006 ratio2=  3.874396470082488E-005
 nchek0=           0 toler_force=  1.000000000000000E-005
 nchek=           1
 miter=         100 iiter=          54
 time: 11:40:51
                     istep=          44 iiter=          55
                     conver_load check
 resid=   359.819765461144      retot=   16575402291890.8     
 ratio1=  4.659190515378287E-006 ratio2=  3.350199516551762E-005
 nchek0=           0 toler_force=  1.000000000000000E-005
 nchek=           1
 miter=         100 iiter=          55
 time: 11:40:51
                     istep=          44 iiter=          56
                     conver_load check
 resid=   268.903492156347      retot=   16575402268087.5     
 ratio1=  4.027784094824399E-006 ratio2=  2.896772715109537E-005
 nchek0=           0 toler_force=  1.000000000000000E-005
 nchek=           1
 miter=         100 iiter=          56
 time: 11:40:51
                     istep=          44 iiter=          57
                     conver_load check
 resid=   200.948696748925      retot=   16575402247502.1     
 ratio1=  3.481854017823873E-006 ratio2=  2.504595844383144E-005
 nchek0=           0 toler_force=  1.000000000000000E-005
 nchek=           1
 miter=         100 iiter=          57
 time: 11:40:51
                     istep=          44 iiter=          58
                     conver_load check
 resid=   150.159755722809      retot=   16575402229700.8     
 ratio1=  3.009849210221714E-006 ratio2=  2.165421683383697E-005
 nchek0=           0 toler_force=  1.000000000000000E-005
 nchek=           1
 miter=         100 iiter=          58
 time: 11:40:51
                     istep=          44 iiter=          59
                     conver_load check
 resid=   112.202769692061      retot=   16575402214308.1     
 ratio1=  2.601775087396425E-006 ratio2=  1.872107522531658E-005
 nchek0=           0 toler_force=  1.000000000000000E-005
 nchek=           1
 miter=         100 iiter=          59
 time: 11:40:51
                     istep=          44 iiter=          60
                     conver_load check
 resid=   83.8372687228791      retot=   16575402200998.8     
 ratio1=  2.248984814279451E-006 ratio2=  1.618468583936989E-005
 nchek0=           0 toler_force=  1.000000000000000E-005
 nchek=           1
 miter=         100 iiter=          60
 time: 11:40:51
                     istep=          44 iiter=          61
                     conver_load check
 resid=   62.6405921850421      retot=   16575402189491.5     
 ratio1=  1.943998340545925E-006 ratio2=  1.399150591026890E-005
 nchek0=           0 toler_force=  1.000000000000000E-005
 nchek=           1
 miter=         100 iiter=          61
 time: 11:40:51
                     istep=          44 iiter=          62
                     conver_load check
 resid=   46.8016626346033      retot=   16575402179542.6     
 ratio1=  1.680345562679875E-006 ratio2=  1.209519055224465E-005
 nchek0=           0 toler_force=  1.000000000000000E-005
 nchek=           1
 miter=         100 iiter=          62
 time: 11:40:51
                     istep=          44 iiter=          63
                     conver_load check
 resid=   34.9667087063597      retot=   16575402170941.4     
 ratio1=  1.452430434207661E-006 ratio2=  1.045563139363412E-005
 nchek0=           0 toler_force=  1.000000000000000E-005
 nchek=           1
 miter=         100 iiter=          63
 time: 11:40:51
                     istep=          44 iiter=          64
                     conver_load check
 resid=   26.1238688171964      retot=   16575402163505.7     
 ratio1=  1.255413255616269E-006 ratio2=  9.038122204299200E-006
 nchek0=           0 toler_force=  1.000000000000000E-005
 nchek=           0
                    conver_nodal_value check
               Convergence check for displacement
 ratio1=  1.482860931650600E-008 ratio2=  3.486723918727884E-007
 nchek=           0
 ***********RESTART FILE IS UPDATED!*******
 istep=          45
 outinp=           0
 tcurvegravity=           0           1           1           1           1
           1           1           1           1           0           0
           0           0           0           0           0           0
           0           0           0           0
 ntelgroup=           0
 Factorization completed ... 
 time: 11:40:52
                     istep=          45 iiter=           1
                     conver_load check
 resid=   23799433892.0060      retot=   17402110159580.0     
 ratio1=  3.698131556844762E-002 ratio2=  0.168191626726628     
 nchek0=           0 toler_force=  1.000000000000000E-005
 nchek=           1
 miter=         100 iiter=           1
 time: 11:40:52
                     istep=          45 iiter=           2
                     conver_load check
 resid=   7399944351.46791      retot=   17450954115548.2     
 ratio1=  2.059228966066202E-002 ratio2=  0.134912005024599     
 nchek0=           0 toler_force=  1.000000000000000E-005
 nchek=           1
 miter=         100 iiter=           2
 time: 11:40:52
                     istep=          45 iiter=           3
                     conver_load check
 resid=   3139304122.56832      retot=   17465022022942.8     
 ratio1=  1.340701596005414E-002 ratio2=  0.102093039311643     
 nchek0=           0 toler_force=  1.000000000000000E-005
 nchek=           1
 miter=         100 iiter=           3
 time: 11:40:52
                     istep=          45 iiter=           4
                     conver_load check
 resid=   1621431894.07518      retot=   17470698325033.9     
 ratio1=  9.633724522049188E-003 ratio2=  7.257040332101952E-002
 nchek0=           0 toler_force=  1.000000000000000E-005
 nchek=           1
 miter=         100 iiter=           4
 time: 11:40:52
                     istep=          45 iiter=           5
                     conver_load check
 resid=   894756719.032784      retot=   17473215209313.3     
 ratio1=  7.155929795557740E-003 ratio2=  4.927184672072489E-002
 nchek0=           0 toler_force=  1.000000000000000E-005
 nchek=           1
 miter=         100 iiter=           5
 time: 11:40:52
                     istep=          45 iiter=           6
                     conver_load check
 resid=   521411084.983639      retot=   17474437713609.6     
 ratio1=  5.462463208774181E-003 ratio2=  3.904879579016805E-002
 nchek0=           0 toler_force=  1.000000000000000E-005
 nchek=           1
 miter=         100 iiter=           6
 time: 11:40:52
                     istep=          45 iiter=           7
                     conver_load check
 resid=   332153804.498267      retot=   17475085064472.4     
 ratio1=  4.359733737680752E-003 ratio2=  3.340016206095187E-002
 nchek0=           0 toler_force=  1.000000000000000E-005
 nchek=           1
 miter=         100 iiter=           7
 time: 11:40:52
                     istep=          45 iiter=           8
                     conver_load check
 resid=   223528977.047172      retot=   17475438024617.3     
 ratio1=  3.576455948775913E-003 ratio2=  2.856080845832154E-002
 nchek0=           0 toler_force=  1.000000000000000E-005
 nchek=           1
 miter=         100 iiter=           8
 time: 11:40:52
                     istep=          45 iiter=           9
                     conver_load check
 resid=   156350552.800164      retot=   17475635483992.5     
 ratio1=  2.991115765126702E-003 ratio2=  2.444227460186783E-002
 nchek0=           0 toler_force=  1.000000000000000E-005
 nchek=           1
 miter=         100 iiter=           9
 time: 11:40:52
                     istep=          45 iiter=          10
                     conver_load check
 resid=   112487825.266579      retot=   17475748376898.3     
 ratio1=  2.537084130756656E-003 ratio2=  2.093977580644095E-002
 nchek0=           0 toler_force=  1.000000000000000E-005
 nchek=           1
 miter=         100 iiter=          10
 time: 11:40:52
                     istep=          45 iiter=          11
                     conver_load check
 resid=   82586755.0666965      retot=   17475814143576.0     
 ratio1=  2.173884633130058E-003 ratio2=  1.795844591845879E-002
 nchek0=           0 toler_force=  1.000000000000000E-005
 nchek=           1
 miter=         100 iiter=          11
 time: 11:40:52
                     istep=          45 iiter=          12
                     conver_load check
 resid=   61490187.2133398      retot=   17475852997417.3     
 ratio1=  1.875787840184239E-003 ratio2=  1.541731059154673E-002
 nchek0=           0 toler_force=  1.000000000000000E-005
 nchek=           1
 miter=         100 iiter=          12
 time: 11:40:52
                     istep=          45 iiter=          13
                     conver_load check
 resid=   46208623.8902774      retot=   17475876107901.0     
 ratio1=  1.626080489736379E-003 ratio2=  1.324829852942234E-002
 nchek0=           0 toler_force=  1.000000000000000E-005
 nchek=           1
 miter=         100 iiter=          13
 time: 11:40:52
                     istep=          45 iiter=          14
                     conver_load check
 resid=   34926130.0499867      retot=   17475889829583.2     
 ratio1=  1.413694551854096E-003 ratio2=  1.139436439232450E-002
 nchek0=           0 toler_force=  1.000000000000000E-005
 nchek=           1
 miter=         100 iiter=          14
 time: 11:40:52
                     istep=          45 iiter=          15
                     conver_load check
 resid=   26486803.2379865      retot=   17475897863276.0     
 ratio1=  1.231104797555894E-003 ratio2=  9.807677563807437E-003
 nchek0=           0 toler_force=  1.000000000000000E-005
 nchek=           1
 miter=         100 iiter=          15
 time: 11:40:52
                     istep=          45 iiter=          16
                     conver_load check
 resid=   20120834.5740990      retot=   17475902412836.6     
 ratio1=  1.073008567882356E-003 ratio2=  8.448067187839815E-003
 nchek0=           0 toler_force=  1.000000000000000E-005
 nchek=           1
 miter=         100 iiter=          16
 time: 11:40:52
                     istep=          45 iiter=          17
                     conver_load check
 resid=   15294456.1688543      retot=   17475904817163.2     
 ratio1=  9.355073075848678E-004 ratio2=  7.281728284243093E-003
 nchek0=           0 toler_force=  1.000000000000000E-005
 nchek=           1
 miter=         100 iiter=          17
 time: 11:40:52
                     istep=          45 iiter=          18
                     conver_load check
 resid=   11625208.1055285      retot=   17475905903367.6     
 ratio1=  8.156062013108026E-004 ratio2=  6.280153956747228E-003
 nchek0=           0 toler_force=  1.000000000000000E-005
 nchek=           1
 miter=         100 iiter=          18
 time: 11:40:52
                     istep=          45 iiter=          19
                     conver_load check
 resid=   8832228.13869114      retot=   17475906188974.7     
 ratio1=  7.109110862634924E-004 ratio2=  5.419255383268432E-003
 nchek0=           0 toler_force=  1.000000000000000E-005
 nchek=           1
 miter=         100 iiter=          19
 time: 11:40:52
                     istep=          45 iiter=          20
                     conver_load check
 resid=   6705706.49009550      retot=   17475906005239.1     
 ratio1=  6.194445269061256E-004 ratio2=  4.678636129425528E-003
 nchek0=           0 toler_force=  1.000000000000000E-005
 nchek=           1
 miter=         100 iiter=          20
 time: 11:40:52
                     istep=          45 iiter=          21
                     conver_load check
 resid=   5087126.50381800      retot=   17475905568994.1     
 ratio1=  5.395310260675183E-004 ratio2=  4.040990384101906E-003
 nchek0=           0 toler_force=  1.000000000000000E-005
 nchek=           1
 miter=         100 iiter=          21
 time: 11:40:52
                     istep=          45 iiter=          22
                     conver_load check
 resid=   3856024.88808657      retot=   17475904994504.2     
 ratio1=  4.697319238394477E-004 ratio2=  3.491614259658043E-003
 nchek0=           0 toler_force=  1.000000000000000E-005
 nchek=           1
 miter=         100 iiter=          22
 time: 11:40:52
                     istep=          45 iiter=          23
                     conver_load check
 resid=   2920448.17946997      retot=   17475904362477.5     
 ratio1=  4.087943856283600E-004 ratio2=  3.017984861994985E-003
 nchek0=           0 toler_force=  1.000000000000000E-005
 nchek=           1
 miter=         100 iiter=          23
 time: 11:40:52
                     istep=          45 iiter=          24
                     conver_load check
 resid=   2210122.50202291      retot=   17475903723021.4     
 ratio1=  3.556217800078493E-004 ratio2=  2.609421533837161E-003
 nchek0=           0 toler_force=  1.000000000000000E-005
 nchek=           1
 miter=         100 iiter=          24
 time: 11:40:52
                     istep=          45 iiter=          25
                     conver_load check
 resid=   1671328.03726064      retot=   17475903105988.5     
 ratio1=  3.092509449212492E-004 ratio2=  2.256801621991222E-003
 nchek0=           0 toler_force=  1.000000000000000E-005
 nchek=           1
 miter=         100 iiter=          25
 time: 11:40:52
                     istep=          45 iiter=          26
                     conver_load check
 resid=   1263019.65952965      retot=   17475902528083.7     
 ratio1=  2.688346527109513E-004 ratio2=  1.952322211792330E-003
 nchek0=           0 toler_force=  1.000000000000000E-005
 nchek=           1
 miter=         100 iiter=          26
 time: 11:40:52
                     istep=          45 iiter=          27
                     conver_load check
 resid=   953865.620815712      retot=   17475901997566.0     
 ratio1=  2.336274118436498E-004 ratio2=  1.689300433245380E-003
 nchek0=           0 toler_force=  1.000000000000000E-005
 nchek=           1
 miter=         100 iiter=          27
 time: 11:40:52
                     istep=          45 iiter=          28
                     conver_load check
 resid=   719976.478908032      retot=   17475901517359.0     
 ratio1=  2.029735090539235E-004 ratio2=  1.462005792032193E-003
 nchek0=           0 toler_force=  1.000000000000000E-005
 nchek=           1
 miter=         100 iiter=          28
 time: 11:40:52
                     istep=          45 iiter=          29
                     conver_load check
 resid=   543159.958740651      retot=   17475901087104.4     
 ratio1=  1.762966599309871E-004 ratio2=  1.265519052704245E-003
 nchek0=           0 toler_force=  1.000000000000000E-005
 nchek=           1
 miter=         100 iiter=          29
 time: 11:40:52
                     istep=          45 iiter=          30
                     conver_load check
 resid=   409579.594228350      retot=   17475900704510.8     
 ratio1=  1.530908983307092E-004 ratio2=  1.095613179222737E-003
 nchek0=           0 toler_force=  1.000000000000000E-005
 nchek=           1
 miter=         100 iiter=          30
 time: 11:40:52
                     istep=          45 iiter=          31
                     conver_load check
 resid=   308724.493748577      retot=   17475900366232.4     
 ratio1=  1.329124806160916E-004 ratio2=  9.486526505663658E-004
 nchek0=           0 toler_force=  1.000000000000000E-005
 nchek=           1
 miter=         100 iiter=          31
 time: 11:40:52
                     istep=          45 iiter=          32
                     conver_load check
 resid=   232619.097725909      retot=   17475900068434.7     
 ratio1=  1.153726603708487E-004 ratio2=  8.215081290295609E-004
 nchek0=           0 toler_force=  1.000000000000000E-005
 nchek=           1
 miter=         100 iiter=          32
 time: 11:40:52
                     istep=          45 iiter=          33
                     conver_load check
 resid=   175217.979429792      retot=   17475899807150.9     
 ratio1=  1.001312322670099E-004 ratio2=  7.114839927285351E-004
 nchek0=           0 toler_force=  1.000000000000000E-005
 nchek=           1
 miter=         100 iiter=          33
 time: 11:40:52
                     istep=          45 iiter=          34
                     conver_load check
 resid=   131943.135839523      retot=   17475899578499.3     
 ratio1=  8.689076694382774E-005 ratio2=  6.162566766063082E-004
 nchek0=           0 toler_force=  1.000000000000000E-005
 nchek=           1
 miter=         100 iiter=          34
 time: 11:40:52
                     istep=          45 iiter=          35
                     conver_load check
 resid=   99330.8095346895      retot=   17475899378810.1     
 ratio1=  7.539147144948238E-005 ratio2=  5.338221181216503E-004
 nchek0=           0 toler_force=  1.000000000000000E-005
 nchek=           1
 miter=         100 iiter=          35
 time: 11:40:52
                     istep=          45 iiter=          36
                     conver_load check
 resid=   74762.3436742828      retot=   17475899204691.6     
 ratio1=  6.540661718069918E-005 ratio2=  4.624508910130505E-004
 nchek0=           0 toler_force=  1.000000000000000E-005
 nchek=           1
 miter=         100 iiter=          36
 time: 11:40:52
                     istep=          45 iiter=          37
                     conver_load check
 resid=   56259.3815304723      retot=   17475899053058.7     
 ratio1=  5.673848209504166E-005 ratio2=  4.006498457231627E-004
 nchek0=           0 toler_force=  1.000000000000000E-005
 nchek=           1
 miter=         100 iiter=          37
 time: 11:40:52
                     istep=          45 iiter=          38
                     conver_load check
 resid=   42328.2415310812      retot=   17475898921137.6     
 ratio1=  4.921475769983406E-005 ratio2=  3.471292683316759E-004
 nchek0=           0 toler_force=  1.000000000000000E-005
 nchek=           1
 miter=         100 iiter=          38
 time: 11:40:52
                     istep=          45 iiter=          39
                     conver_load check
 resid=   31841.8077721623      retot=   17475898806454.5     
 ratio1=  4.268537463813512E-005 ratio2=  3.007747292032561E-004
 nchek0=           0 toler_force=  1.000000000000000E-005
 nchek=           1
 miter=         100 iiter=          39
 time: 11:40:52
                     istep=          45 iiter=          40
                     conver_load check
 resid=   23949.9935200856      retot=   17475898706818.0     
 ratio1=  3.701970389757751E-005 ratio2=  2.606229243531857E-004
 nchek0=           0 toler_force=  1.000000000000000E-005
 nchek=           1
 miter=         100 iiter=          40
 time: 11:40:52
                     istep=          45 iiter=          41
                     conver_load check
 resid=   18011.9341124100      retot=   17475898620295.6     
 ratio1=  3.210409386439828E-005 ratio2=  2.258409219162438E-004
 nchek0=           0 toler_force=  1.000000000000000E-005
 nchek=           1
 miter=         100 iiter=          41
 time: 11:40:52
                     istep=          45 iiter=          42
                     conver_load check
 resid=   13544.6823332499      retot=   17475898545189.9     
 ratio1=  2.783970663648843E-005 ratio2=  1.957083171302718E-004
 nchek0=           0 toler_force=  1.000000000000000E-005
 nchek=           1
 miter=         100 iiter=          42
 time: 11:40:52
                     istep=          45 iiter=          43
                     conver_load check
 resid=   10184.4213500417      retot=   17475898480014.1     
 ratio1=  2.414062016223279E-005 ratio2=  1.696018752519508E-004
 nchek0=           0 toler_force=  1.000000000000000E-005
 nchek=           1
 miter=         100 iiter=          43
 time: 11:40:53
                     istep=          45 iiter=          44
                     conver_load check
 resid=   7657.16217659823      retot=   17475898423468.8     
 ratio1=  2.093216583773217E-005 ratio2=  1.469823054396855E-004
 nchek0=           0 toler_force=  1.000000000000000E-005
 nchek=           1
 miter=         100 iiter=          44
 time: 11:40:53
                     istep=          45 iiter=          45
                     conver_load check
 resid=   5756.62054186797      retot=   17475898374420.2     
 ratio1=  1.814947413571819E-005 ratio2=  1.273828620603271E-004
 nchek0=           0 toler_force=  1.000000000000000E-005
 nchek=           1
 miter=         100 iiter=          45
 time: 11:40:53
                     istep=          45 iiter=          46
                     conver_load check
 resid=   4327.52357516039      retot=   17475898331880.8     
 ratio1=  1.573620361831302E-005 ratio2=  1.103995148312106E-004
 nchek0=           0 toler_force=  1.000000000000000E-005
 nchek=           1
 miter=         100 iiter=          46
 time: 11:40:53
                     istep=          45 iiter=          47
                     conver_load check
 resid=   3253.01993105746      retot=   17475898294990.9     
 ratio1=  1.364343128179048E-005 ratio2=  9.568246714093625E-005
 nchek0=           0 toler_force=  1.000000000000000E-005
 nchek=           1
 miter=         100 iiter=          47
 time: 11:40:53
                     istep=          45 iiter=          48
                     conver_load check
 resid=   2445.18886973722      retot=   17475898263003.3     
 ratio1=  1.182868458148875E-005 ratio2=  8.292883397924111E-005
 nchek0=           0 toler_force=  1.000000000000000E-005
 nchek=           1
 miter=         100 iiter=          48
 time: 11:40:53
                     istep=          45 iiter=          49
                     conver_load check
 resid=   1837.88828786695      retot=   17475898235268.3     
 ratio1=  1.025509768385744E-005 ratio2=  7.187631808993583E-005
 nchek0=           0 toler_force=  1.000000000000000E-005
 nchek=           1
 miter=         100 iiter=          49
 time: 11:40:53
                     istep=          45 iiter=          50
                     conver_load check
 resid=   1381.36714380707      retot=   17475898211222.1     
 ratio1=  8.890676492648225E-006 ratio2=  6.229774606729974E-005
 nchek0=           0 toler_force=  1.000000000000000E-005
 nchek=           1
 miter=         100 iiter=          50
 time: 11:40:53
                     istep=          45 iiter=          51
                     conver_load check
 resid=   1038.20823311919      retot=   17475898190374.9     
 ratio1=  7.707658801576766E-006 ratio2=  5.399634574883998E-005
 nchek0=           0 toler_force=  1.000000000000000E-005
 nchek=           1
 miter=         100 iiter=          51
 time: 11:40:53
                     istep=          45 iiter=          52
                     conver_load check
 resid=   780.273630533764      retot=   17475898172301.7     
 ratio1=  6.681957550446546E-006 ratio2=  4.680166302268489E-005
 nchek0=           0 toler_force=  1.000000000000000E-005
 nchek=           1
 miter=         100 iiter=          52
 time: 11:40:53
                     istep=          45 iiter=          53
                     conver_load check
 resid=   586.405550965645      retot=   17475898156633.9     
 ratio1=  5.792676611950405E-006 ratio2=  4.056603046272471E-005
 nchek0=           0 toler_force=  1.000000000000000E-005
 nchek=           1
 miter=         100 iiter=          53
 time: 11:40:53
                     istep=          45 iiter=          54
                     conver_load check
 resid=   440.696167535780      retot=   17475898143051.6     
 ratio1=  5.021689829129902E-006 ratio2=  3.516151242905151E-005
 nchek0=           0 toler_force=  1.000000000000000E-005
 nchek=           1
 miter=         100 iiter=          54
 time: 11:40:53
                     istep=          45 iiter=          55
                     conver_load check
 resid=   331.185827936299      retot=   17475898131277.3     
 ratio1=  4.353275171402887E-006 ratio2=  3.047730333893609E-005
 nchek0=           0 toler_force=  1.000000000000000E-005
 nchek=           1
 miter=         100 iiter=          55
 time: 11:40:53
                     istep=          45 iiter=          56
                     conver_load check
 resid=   248.883754035762      retot=   17475898121070.6     
 ratio1=  3.773796890440334E-006 ratio2=  2.641745194298793E-005
 nchek0=           0 toler_force=  1.000000000000000E-005
 nchek=           1
 miter=         100 iiter=          56
 time: 11:40:53
                     istep=          45 iiter=          57
                     conver_load check
 resid=   187.031442409117      retot=   17475898112222.8     
 ratio1=  3.271429454743922E-006 ratio2=  2.289854740147783E-005
 nchek0=           0 toler_force=  1.000000000000000E-005
 nchek=           1
 miter=         100 iiter=          57
 time: 11:40:53
                     istep=          45 iiter=          58
                     conver_load check
 resid=   140.548685940401      retot=   17475898104553.0     
 ratio1=  2.835917828203800E-006 ratio2=  1.984847987183146E-005
 nchek0=           0 toler_force=  1.000000000000000E-005
 nchek=           1
 miter=         100 iiter=          58
 time: 11:40:53
                     istep=          45 iiter=          59
                     conver_load check
 resid=   105.616986079515      retot=   17475898097904.5     
 ratio1=  2.458369353279529E-006 ratio2=  1.720475958128655E-005
 nchek0=           0 toler_force=  1.000000000000000E-005
 nchek=           1
 miter=         100 iiter=          59
 time: 11:40:53
                     istep=          45 iiter=          60
                     conver_load check
 resid=   79.3663119350825      retot=   17475898092141.3     
 ratio1=  2.131073104446464E-006 ratio2=  1.491323164629798E-005
 nchek0=           0 toler_force=  1.000000000000000E-005
 nchek=           1
 miter=         100 iiter=          60
 time: 11:40:53
                     istep=          45 iiter=          61
                     conver_load check
 resid=   59.6395880671871      retot=   17475898087145.5     
 ratio1=  1.847343113008532E-006 ratio2=  1.292696300069938E-005
 nchek0=           0 toler_force=  1.000000000000000E-005
 nchek=           1
 miter=         100 iiter=          61
 time: 11:40:53
                     istep=          45 iiter=          62
                     conver_load check
 resid=   44.8156362036653      retot=   17475898082814.9     
 ratio1=  1.601382327353105E-006 ratio2=  1.120527828341144E-005
 nchek0=           0 toler_force=  1.000000000000000E-005
 nchek=           1
 miter=         100 iiter=          62
 time: 11:40:53
                     istep=          45 iiter=          63
                     conver_load check
 resid=   33.6760714404757      retot=   17475898079061.0     
 ratio1=  1.388164581925642E-006 ratio2=  9.712924684012938E-006
 nchek0=           0 toler_force=  1.000000000000000E-005
 nchek=           0
                    conver_nodal_value check
               Convergence check for displacement
 ratio1=  1.868861654479518E-008 ratio2=  5.087603496751523E-007
 nchek=           0
 ***********RESTART FILE IS UPDATED!*******
 istep=          46
 outinp=           0
 tcurvegravity=           0           1           1           1           1
           1           1           1           1           0           0
           0           0           0           0           0           0
           0           0           0           0
 ntelgroup=           0
 Factorization completed ... 
 time: 11:40:53
                     istep=          46 iiter=           1
                     conver_load check
 resid=   20767197813.7532      retot=   18321746466597.7     
 ratio1=  3.366708498587892E-002 ratio2=  0.146593383791545     
 nchek0=           0 toler_force=  1.000000000000000E-005
 nchek=           1
 miter=         100 iiter=           1
 time: 11:40:53
                     istep=          46 iiter=           2
                     conver_load check
 resid=   6239146723.40217      retot=   18369447794664.0     
 ratio1=  1.842954226899658E-002 ratio2=  0.105712937486558     
 nchek0=           0 toler_force=  1.000000000000000E-005
 nchek=           1
 miter=         100 iiter=           2
 time: 11:40:53
                     istep=          46 iiter=           3
                     conver_load check
 resid=   2664985856.36967      retot=   18382768220071.5     
 ratio1=  1.204043003800714E-002 ratio2=  7.527144605219767E-002
 nchek0=           0 toler_force=  1.000000000000000E-005
 nchek=           1
 miter=         100 iiter=           3
 time: 11:40:53
                     istep=          46 iiter=           4
                     conver_load check
 resid=   1275512972.65280      retot=   18387928472414.3     
 ratio1=  8.328677333436419E-003 ratio2=  5.826522684673972E-002
 nchek0=           0 toler_force=  1.000000000000000E-005
 nchek=           1
 miter=         100 iiter=           4
 time: 11:40:53
                     istep=          46 iiter=           5
                     conver_load check
 resid=   738321938.242934      retot=   18390257397753.3     
 ratio1=  6.336201538703705E-003 ratio2=  4.465188013089227E-002
 nchek0=           0 toler_force=  1.000000000000000E-005
 nchek=           1
 miter=         100 iiter=           5
 time: 11:40:53
                     istep=          46 iiter=           6
                     conver_load check
 resid=   469385783.668732      retot=   18391368839209.8     
 ratio1=  5.051937148637242E-003 ratio2=  3.812240875418654E-002
 nchek0=           0 toler_force=  1.000000000000000E-005
 nchek=           1
 miter=         100 iiter=           6
 time: 11:40:53
                     istep=          46 iiter=           7
                     conver_load check
 resid=   312311634.784766      retot=   18391921866186.0     
 ratio1=  4.120790400626725E-003 ratio2=  3.229341485621309E-002
 nchek0=           0 toler_force=  1.000000000000000E-005
 nchek=           1
 miter=         100 iiter=           7
 time: 11:40:53
                     istep=          46 iiter=           8
                     conver_load check
 resid=   212844620.288294      retot=   18392211858586.2     
 ratio1=  3.401843720624622E-003 ratio2=  2.723145225906171E-002
 nchek0=           0 toler_force=  1.000000000000000E-005
 nchek=           1
 miter=         100 iiter=           8
 time: 11:40:53
                     istep=          46 iiter=           9
                     conver_load check
 resid=   146918317.030522      retot=   18392372514294.2     
 ratio1=  2.826305444864700E-003 ratio2=  2.289320323852697E-002
 nchek0=           0 toler_force=  1.000000000000000E-005
 nchek=           1
 miter=         100 iiter=           9
 time: 11:40:53
                     istep=          46 iiter=          10
                     conver_load check
 resid=   102074946.477836      retot=   18392466645509.8     
 ratio1=  2.355806370609425E-003 ratio2=  1.920330930342229E-002
 nchek0=           0 toler_force=  1.000000000000000E-005
 nchek=           1
 miter=         100 iiter=          10
 time: 11:40:53
                     istep=          46 iiter=          11
                     conver_load check
 resid=   71129691.0463214      retot=   18392525024244.8     
 ratio1=  1.966549051078206E-003 ratio2=  1.608059792291520E-002
 nchek0=           0 toler_force=  1.000000000000000E-005
 nchek=           1
 miter=         100 iiter=          11
 time: 11:40:53
                     istep=          46 iiter=          12
                     conver_load check
 resid=   49614131.1791551      retot=   18392563258876.3     
 ratio1=  1.642409945017879E-003 ratio2=  1.344746790662537E-002
 nchek0=           0 toler_force=  1.000000000000000E-005
 nchek=           1
 miter=         100 iiter=          12
 time: 11:40:53
                     istep=          46 iiter=          13
                     conver_load check
 resid=   34603218.9092742      retot=   18392589601960.4     
 ratio1=  1.371629477450016E-003 ratio2=  1.123329706666944E-002
 nchek0=           0 toler_force=  1.000000000000000E-005
 nchek=           1
 miter=         100 iiter=          13
 time: 11:40:53
                     istep=          46 iiter=          14
                     conver_load check
 resid=   24118629.6595736      retot=   18392608574659.2     
 ratio1=  1.145129625214047E-003 ratio2=  9.375462642408605E-003
 nchek0=           0 toler_force=  1.000000000000000E-005
 nchek=           1
 miter=         100 iiter=          14
 time: 11:40:53
                     istep=          46 iiter=          15
                     conver_load check
 resid=   16796402.6055390      retot=   18392622751820.5     
 ratio1=  9.556223675615613E-004 ratio2=  7.819316370542827E-003
 nchek0=           0 toler_force=  1.000000000000000E-005
 nchek=           1
 miter=         100 iiter=          15
 time: 11:40:53
                     istep=          46 iiter=          16
                     conver_load check
 resid=   11686482.6888304      retot=   18392633660168.8     
 ratio1=  7.971131057694132E-004 ratio2=  6.517685695764969E-003
 nchek0=           0 toler_force=  1.000000000000000E-005
 nchek=           1
 miter=         100 iiter=          16
 time: 11:40:53
                     istep=          46 iiter=          17
                     conver_load check
 resid=   8124002.53492671      retot=   18392642243575.7     
 ratio1=  6.646040192786520E-004 ratio2=  5.430172262504179E-003
 nchek0=           0 toler_force=  1.000000000000000E-005
 nchek=           1
 miter=         100 iiter=          17
 time: 11:40:53
                     istep=          46 iiter=          18
                     conver_load check
 resid=   5624256.04059812      retot=   18392649111052.1     
 ratio1=  5.529812411359472E-004 ratio2=  4.522386035327670E-003
 nchek0=           0 toler_force=  1.000000000000000E-005
 nchek=           1
 miter=         100 iiter=          18
 time: 11:40:53
                     istep=          46 iiter=          19
                     conver_load check
 resid=   3874459.47963270      retot=   18392654974544.2     
 ratio1=  4.589689962946078E-004 ratio2=  3.764155964359889E-003
 nchek0=           0 toler_force=  1.000000000000000E-005
 nchek=           1
 miter=         100 iiter=          19
 time: 11:40:53
                     istep=          46 iiter=          20
                     conver_load check
 resid=   2673243.27783720      retot=   18392660223748.9     
 ratio1=  3.812386892465527E-004 ratio2=  3.130217287224110E-003
 nchek0=           0 toler_force=  1.000000000000000E-005
 nchek=           1
 miter=         100 iiter=          20
 time: 11:40:53
                     istep=          46 iiter=          21
                     conver_load check
 resid=   1844884.99645331      retot=   18392664583947.2     
 ratio1=  3.167103994376770E-004 ratio2=  2.601725674794057E-003
 nchek0=           0 toler_force=  1.000000000000000E-005
 nchek=           1
 miter=         100 iiter=          21
 time: 11:40:54
                     istep=          46 iiter=          22
                     conver_load check
 resid=   1273120.48180346      retot=   18392668156266.0     
 ratio1=  2.630948729578049E-004 ratio2=  2.161750731305410E-003
 nchek0=           0 toler_force=  1.000000000000000E-005
 nchek=           1
 miter=         100 iiter=          22
 time: 11:40:54
                     istep=          46 iiter=          23
                     conver_load check
 resid=   878404.559217849      retot=   18392671078067.3     
 ratio1=  2.185369554871094E-004 ratio2=  1.795754523634240E-003
 nchek0=           0 toler_force=  1.000000000000000E-005
 nchek=           1
 miter=         100 iiter=          23
 time: 11:40:54
                     istep=          46 iiter=          24
                     conver_load check
 resid=   605944.846496195      retot=   18392673472720.8     
 ratio1=  1.815073088461231E-004 ratio2=  1.491456640588855E-003
 nchek0=           0 toler_force=  1.000000000000000E-005
 nchek=           1
 miter=         100 iiter=          24
 time: 11:40:54
                     istep=          46 iiter=          25
                     conver_load check
 resid=   417914.162405477      retot=   18392675441050.9     
 ratio1=  1.507374245525922E-004 ratio2=  1.238551611019042E-003
 nchek0=           0 toler_force=  1.000000000000000E-005
 nchek=           1
 miter=         100 iiter=          25
 time: 11:40:54
                     istep=          46 iiter=          26
                     conver_load check
 resid=   288180.048627816      retot=   18392677063340.9     
 ratio1=  1.251726602812089E-004 ratio2=  1.028419670788675E-003
 nchek0=           0 toler_force=  1.000000000000000E-005
 nchek=           1
 miter=         100 iiter=          26
 time: 11:40:54
                     istep=          46 iiter=          27
                     conver_load check
 resid=   198688.438407588      retot=   18392678403351.5     
 ratio1=  1.039354760553325E-004 ratio2=  8.538652561552106E-004
 nchek0=           0 toler_force=  1.000000000000000E-005
 nchek=           1
 miter=         100 iiter=          27
 time: 11:40:54
                     istep=          46 iiter=          28
                     conver_load check
 resid=   136968.984852622      retot=   18392679512018.7     
 ratio1=  8.629559286740949E-005 ratio2=  7.088897545286328E-004
 nchek0=           0 toler_force=  1.000000000000000E-005
 nchek=           1
 miter=         100 iiter=          28
 time: 11:40:54
                     istep=          46 iiter=          29
                     conver_load check
 resid=   94410.7119840502      retot=   18392680430364.2     
 ratio1=  7.164536900827844E-005 ratio2=  5.884972858043049E-004
 nchek0=           0 toler_force=  1.000000000000000E-005
 nchek=           1
 miter=         100 iiter=          29
 time: 11:40:54
                     istep=          46 iiter=          30
                     conver_load check
 resid=   65069.4650494134      retot=   18392681191682.5     
 ratio1=  5.947933394521822E-005 ratio2=  4.885301532176541E-004
 nchek0=           0 toler_force=  1.000000000000000E-005
 nchek=           1
 miter=         100 iiter=          30
 time: 11:40:54
                     istep=          46 iiter=          31
                     conver_load check
 resid=   44843.2109607818      retot=   18392681823171.4     
 ratio1=  4.937712758929674E-005 ratio2=  4.055301781937353E-004
 nchek0=           0 toler_force=  1.000000000000000E-005
 nchek=           1
 miter=         100 iiter=          31
 time: 11:40:54
                     istep=          46 iiter=          32
                     conver_load check
 resid=   30901.9108347369      retot=   18392682347159.8     
 ratio1=  4.098926514330379E-005 ratio2=  3.366222753456105E-004
 nchek0=           0 toler_force=  1.000000000000000E-005
 nchek=           1
 miter=         100 iiter=          32
 time: 11:40:54
                     istep=          46 iiter=          33
                     conver_load check
 resid=   21293.5452356755      retot=   18392682782046.3     
 ratio1=  3.402525956895780E-005 ratio2=  2.794169592199719E-004
 nchek0=           0 toler_force=  1.000000000000000E-005
 nchek=           1
 miter=         100 iiter=          33
 time: 11:40:54
                     istep=          46 iiter=          34
                     conver_load check
 resid=   14671.9803014394      retot=   18392683143031.2     
 ratio1=  2.824371516539336E-005 ratio2=  2.319288653285115E-004
 nchek0=           0 toler_force=  1.000000000000000E-005
 nchek=           1
 miter=         100 iiter=          34
 time: 11:40:54
                     istep=          46 iiter=          35
                     conver_load check
 resid=   10109.0676218556      retot=   18392683442695.2     
 ratio1=  2.344406963609995E-005 ratio2=  1.925087568841823E-004
 nchek0=           0 toler_force=  1.000000000000000E-005
 nchek=           1
 miter=         100 iiter=          35
 time: 11:40:54
                     istep=          46 iiter=          36
                     conver_load check
 resid=   6964.95024314119      retot=   18392683691463.4     
 ratio1=  1.945971421987240E-005 ratio2=  1.597868504178070E-004
 nchek0=           0 toler_force=  1.000000000000000E-005
 nchek=           1
 miter=         100 iiter=          36
 time: 11:40:54
                     istep=          46 iiter=          37
                     conver_load check
 resid=   4798.57147710360      retot=   18392683897982.0     
 ratio1=  1.615226497846723E-005 ratio2=  1.326256180737730E-004
 nchek0=           0 toler_force=  1.000000000000000E-005
 nchek=           1
 miter=         100 iiter=          37
 time: 11:40:54
                     istep=          46 iiter=          38
                     conver_load check
 resid=   3305.94057795706      retot=   18392684069425.4     
 ratio1=  1.340679491706458E-005 ratio2=  1.100805092439622E-004
 nchek0=           0 toler_force=  1.000000000000000E-005
 nchek=           1
 miter=         100 iiter=          38
 time: 11:40:54
                     istep=          46 iiter=          39
                     conver_load check
 resid=   2277.55567763870      retot=   18392684211748.6     
 ratio1=  1.112786745546550E-005 ratio2=  9.136728054138038E-005
 nchek0=           0 toler_force=  1.000000000000000E-005
 nchek=           1
 miter=         100 iiter=          39
 time: 11:40:54
                     istep=          46 iiter=          40
                     conver_load check
 resid=   1569.04473417585      retot=   18392684329895.5     
 ratio1=  9.236237764575041E-006 ratio2=  7.583483395370186E-005
 nchek0=           0 toler_force=  1.000000000000000E-005
 nchek=           1
 miter=         100 iiter=          40
 time: 11:40:54
                     istep=          46 iiter=          41
                     conver_load check
 resid=   1080.92423616221      retot=   18392684427970.7     
 ratio1=  7.666110369497032E-006 ratio2=  6.294264215294159E-005
 nchek0=           0 toler_force=  1.000000000000000E-005
 nchek=           1
 miter=         100 iiter=          41
 time: 11:40:54
                     istep=          46 iiter=          42
                     conver_load check
 resid=   744.645950172208      retot=   18392684509382.5     
 ratio1=  6.362859817347743E-006 ratio2=  5.224199132743720E-005
 nchek0=           0 toler_force=  1.000000000000000E-005
 nchek=           1
 miter=         100 iiter=          42
 time: 11:40:54
                     istep=          46 iiter=          43
                     conver_load check
 resid=   512.979408217670      retot=   18392684576960.6     
 ratio1=  5.281136644389584E-006 ratio2=  4.336039931127106E-005
 nchek0=           0 toler_force=  1.000000000000000E-005
 nchek=           1
 miter=         100 iiter=          43
 time: 11:40:54
                     istep=          46 iiter=          44
                     conver_load check
 resid=   353.383516994728      retot=   18392684633054.8     
 ratio1=  4.383293809873745E-006 ratio2=  3.598867369943621E-005
 nchek0=           0 toler_force=  1.000000000000000E-005
 nchek=           1
 miter=         100 iiter=          44
 time: 11:40:54
                     istep=          46 iiter=          45
                     conver_load check
 resid=   243.438641374880      retot=   18392684679615.8     
 ratio1=  3.638079583274601E-006 ratio2=  2.987016413923288E-005
 nchek0=           0 toler_force=  1.000000000000000E-005
 nchek=           1
 miter=         100 iiter=          45
 time: 11:40:54
                     istep=          46 iiter=          46
                     conver_load check
 resid=   167.698866571495      retot=   18392684718263.1     
 ratio1=  3.019551912752866E-006 ratio2=  2.479183778101952E-005
 nchek0=           0 toler_force=  1.000000000000000E-005
 nchek=           1
 miter=         100 iiter=          46
 time: 11:40:54
                     istep=          46 iiter=          47
                     conver_load check
 resid=   115.523025568971      retot=   18392684750341.4     
 ratio1=  2.506176848486627E-006 ratio2=  2.057686927357677E-005
 nchek0=           0 toler_force=  1.000000000000000E-005
 nchek=           1
 miter=         100 iiter=          47
 time: 11:40:54
                     istep=          46 iiter=          48
                     conver_load check
 resid=   79.5802240883859      retot=   18392684776967.0     
 ratio1=  2.080079888469934E-006 ratio2=  1.707848871932067E-005
 nchek0=           0 toler_force=  1.000000000000000E-005
 nchek=           1
 miter=         100 iiter=          48
 time: 11:40:54
                     istep=          46 iiter=          49
                     conver_load check
 resid=   54.8201523351175      retot=   18392684799066.6     
 ratio1=  1.726424358255232E-006 ratio2=  1.417487432441784E-005
 nchek0=           0 toler_force=  1.000000000000000E-005
 nchek=           1
 miter=         100 iiter=          49
 time: 11:40:54
                     istep=          46 iiter=          50
                     conver_load check
 resid=   37.7636572671311      retot=   18392684817409.3     
 ratio1=  1.432895303967088E-006 ratio2=  1.176491253932914E-005
 nchek0=           0 toler_force=  1.000000000000000E-005
 nchek=           1
 miter=         100 iiter=          50
 time: 11:40:54
                     istep=          46 iiter=          51
                     conver_load check
 resid=   26.0139796727273      retot=   18392684832633.7     
 ratio1=  1.189271013318306E-006 ratio2=  9.764678477432307E-006
 nchek0=           0 toler_force=  1.000000000000000E-005
 nchek=           0
                    conver_nodal_value check
               Convergence check for displacement
 ratio1=  1.610082964505744E-008 ratio2=  4.468707648231283E-007
 nchek=           0
 ***********RESTART FILE IS UPDATED!*******
 istep=          47
 outinp=           0
 tcurvegravity=           0           1           1           1           1
           1           1           1           1           0           0
           0           0           0           0           0           0
           0           0           0           0
 ntelgroup=           0
 Factorization completed ... 
 time: 11:40:54
                     istep=          47 iiter=           1
                     conver_load check
 resid=   19790306337.3369      retot=   19257580017404.7     
 ratio1=  3.205718642804110E-002 ratio2=  0.152920274972673     
 nchek0=           0 toler_force=  1.000000000000000E-005
 nchek=           1
 miter=         100 iiter=           1
 time: 11:40:54
                     istep=          47 iiter=           2
                     conver_load check
 resid=   5683345330.39280      retot=   19304341612295.7     
 ratio1=  1.715831061444494E-002 ratio2=  0.104043106164490     
 nchek0=           0 toler_force=  1.000000000000000E-005
 nchek=           1
 miter=         100 iiter=           2
 time: 11:40:54
                     istep=          47 iiter=           3
                     conver_load check
 resid=   2123759257.97650      retot=   19317216529306.9     
 ratio1=  1.048528811658147E-002 ratio2=  6.257734783864781E-002
 nchek0=           0 toler_force=  1.000000000000000E-005
 nchek=           1
 miter=         100 iiter=           3
 time: 11:40:54
                     istep=          47 iiter=           4
                     conver_load check
 resid=   831025072.998320      retot=   19322216287506.3     
 ratio1=  6.558108446462877E-003 ratio2=  3.888497598536310E-002
 nchek0=           0 toler_force=  1.000000000000000E-005
 nchek=           1
 miter=         100 iiter=           4
 time: 11:40:54
                     istep=          47 iiter=           5
                     conver_load check
 resid=   373454296.533677      retot=   19324423139355.9     
 ratio1=  4.396078722271250E-003 ratio2=  2.887333776445170E-002
 nchek0=           0 toler_force=  1.000000000000000E-005
 nchek=           1
 miter=         100 iiter=           5
 time: 11:40:54
                     istep=          47 iiter=           6
                     conver_load check
 resid=   178007761.634959      retot=   19325446569665.6     
 ratio1=  3.034972081787558E-003 ratio2=  2.101347818090924E-002
 nchek0=           0 toler_force=  1.000000000000000E-005
 nchek=           1
 miter=         100 iiter=           6
 time: 11:40:54
                     istep=          47 iiter=           7
                     conver_load check
 resid=   87454491.7827419      retot=   19325952995491.2     
 ratio1=  2.127260131347226E-003 ratio2=  1.510642891444583E-002
 nchek0=           0 toler_force=  1.000000000000000E-005
 nchek=           1
 miter=         100 iiter=           7
 time: 11:40:54
                     istep=          47 iiter=           8
                     conver_load check
 resid=   43582612.6814108      retot=   19326218766383.7     
 ratio1=  1.501700015308407E-003 ratio2=  1.077197870378446E-002
 nchek0=           0 toler_force=  1.000000000000000E-005
 nchek=           1
 miter=         100 iiter=           8
 time: 11:40:54
                     istep=          47 iiter=           9
                     conver_load check
 resid=   21852443.9514406      retot=   19326365368875.7     
 ratio1=  1.063346766186162E-003 ratio2=  7.638696729302683E-003
 nchek0=           0 toler_force=  1.000000000000000E-005
 nchek=           1
 miter=         100 iiter=           9
 time: 11:40:54
                     istep=          47 iiter=          10
                     conver_load check
 resid=   10983934.0780948      retot=   19326449872002.1     
 ratio1=  7.538812058726115E-004 ratio2=  5.396141127943247E-003
 nchek0=           0 toler_force=  1.000000000000000E-005
 nchek=           1
 miter=         100 iiter=          10
 time: 11:40:54
                     istep=          47 iiter=          11
                     conver_load check
 resid=   5527155.72869257      retot=   19326500513596.6     
 ratio1=  5.347788700021576E-004 ratio2=  3.801937515869265E-003
 nchek0=           0 toler_force=  1.000000000000000E-005
 nchek=           1
 miter=         100 iiter=          11
 time: 11:40:54
                     istep=          47 iiter=          12
                     conver_load check
 resid=   2783674.31637198      retot=   19326531910247.3     
 ratio1=  3.795178850463906E-004 ratio2=  2.673891618375761E-003
 nchek0=           0 toler_force=  1.000000000000000E-005
 nchek=           1
 miter=         100 iiter=          12
 time: 11:40:54
                     istep=          47 iiter=          13
                     conver_load check
 resid=   1403460.03569160      retot=   19326551948515.7     
 ratio1=  2.694777024748565E-004 ratio2=  1.878231864019012E-003
 nchek0=           0 toler_force=  1.000000000000000E-005
 nchek=           1
 miter=         100 iiter=          13
 time: 11:40:54
                     istep=          47 iiter=          14
                     conver_load check
 resid=   708623.301790852      retot=   19326565051179.5     
 ratio1=  1.914830684020768E-004 ratio2=  1.318236822048773E-003
 nchek0=           0 toler_force=  1.000000000000000E-005
 nchek=           1
 miter=         100 iiter=          14
 time: 11:40:54
                     istep=          47 iiter=          15
                     conver_load check
 resid=   358469.793892368      retot=   19326573788199.7     
 ratio1=  1.361911378917565E-004 ratio2=  9.246870630779058E-004
 nchek0=           0 toler_force=  1.000000000000000E-005
 nchek=           1
 miter=         100 iiter=          15
 time: 11:40:54
                     istep=          47 iiter=          16
                     conver_load check
 resid=   181758.427396513      retot=   19326579705487.0     
 ratio1=  9.697723047324240E-005 ratio2=  6.483865071728049E-004
 nchek0=           0 toler_force=  1.000000000000000E-005
 nchek=           1
 miter=         100 iiter=          16
 time: 11:40:54
                     istep=          47 iiter=          17
                     conver_load check
 resid=   92408.2733379871      retot=   19326583761992.2     
 ratio1=  6.914772260042692E-005 ratio2=  4.545333721020674E-004
 nchek0=           0 toler_force=  1.000000000000000E-005
 nchek=           1
 miter=         100 iiter=          17
 time: 11:40:54
                     istep=          47 iiter=          18
                     conver_load check
 resid=   47125.3926253190      retot=   19326586568943.6     
 ratio1=  4.937986662606594E-005 ratio2=  3.185863240975162E-004
 nchek0=           0 toler_force=  1.000000000000000E-005
 nchek=           1
 miter=         100 iiter=          18
 time: 11:40:54
                     istep=          47 iiter=          19
                     conver_load check
 resid=   24113.7347552551      retot=   19326588525157.6     
 ratio1=  3.532276073512793E-005 ratio2=  2.232763684168177E-004
 nchek0=           0 toler_force=  1.000000000000000E-005
 nchek=           1
 miter=         100 iiter=          19
 time: 11:40:54
                     istep=          47 iiter=          20
                     conver_load check
 resid=   12384.0111172539      retot=   19326589895934.5     
 ratio1=  2.531354974707390E-005 ratio2=  1.564692865141784E-004
 nchek0=           0 toler_force=  1.000000000000000E-005
 nchek=           1
 miter=         100 iiter=          20
 time: 11:40:54
                     istep=          47 iiter=          21
                     conver_load check
 resid=   6384.87113835881      retot=   19326590860517.5     
 ratio1=  1.817600535097161E-005 ratio2=  1.096470583871431E-004
 nchek0=           0 toler_force=  1.000000000000000E-005
 nchek=           1
 miter=         100 iiter=          21
 time: 11:40:55
                     istep=          47 iiter=          22
                     conver_load check
 resid=   3305.42920434135      retot=   19326591541494.3     
 ratio1=  1.307784831595445E-005 ratio2=  7.683400454864993E-005
 nchek0=           0 toler_force=  1.000000000000000E-005
 nchek=           1
 miter=         100 iiter=          22
 time: 11:40:55
                     istep=          47 iiter=          23
                     conver_load check
 resid=   1718.55441772636      retot=   19326592023499.9     
 ratio1=  9.429833070173060E-006 ratio2=  5.383975818688830E-005
 nchek0=           0 toler_force=  1.000000000000000E-005
 nchek=           1
 miter=         100 iiter=          23
 time: 11:40:55
                     istep=          47 iiter=          24
                     conver_load check
 resid=   897.462491484302      retot=   19326592365391.8     
 ratio1=  6.814445304239272E-006 ratio2=  3.772669487565303E-005
 nchek0=           0 toler_force=  1.000000000000000E-005
 nchek=           1
 miter=         100 iiter=          24
 time: 11:40:55
                     istep=          47 iiter=          25
                     conver_load check
 resid=   470.789989115179      retot=   19326592608328.1     
 ratio1=  4.935554633705643E-006 ratio2=  2.643578619050983E-005
 nchek0=           0 toler_force=  1.000000000000000E-005
 nchek=           1
 miter=         100 iiter=          25
 time: 11:40:55
                     istep=          47 iiter=          26
                     conver_load check
 resid=   248.095160226192      retot=   19326592781213.5     
 ratio1=  3.582873691931782E-006 ratio2=  1.852399208446201E-005
 nchek0=           0 toler_force=  1.000000000000000E-005
 nchek=           1
 miter=         100 iiter=          26
 time: 11:40:55
                     istep=          47 iiter=          27
                     conver_load check
 resid=   131.338983310804      retot=   19326592904414.3     
 ratio1=  2.606868808270261E-006 ratio2=  1.298005232951800E-005
 nchek0=           0 toler_force=  1.000000000000000E-005
 nchek=           1
 miter=         100 iiter=          27
 time: 11:40:55
                     istep=          47 iiter=          28
                     conver_load check
 resid=   69.8456922356614      retot=   19326592992318.2     
 ratio1=  1.901043972903677E-006 ratio2=  9.095323004662756E-006
 nchek0=           0 toler_force=  1.000000000000000E-005
 nchek=           0
                    conver_nodal_value check
               Convergence check for displacement
 ratio1=  3.745774899247530E-008 ratio2=  3.672874789811256E-007
 nchek=           0
 ***********RESTART FILE IS UPDATED!*******
 istep=          48
 outinp=           0
 tcurvegravity=           0           1           1           1           1
           1           1           1           1           0           0
           0           0           0           0           0           0
           0           0           0           0
 ntelgroup=           0
 Factorization completed ... 
 time: 11:40:55
                     istep=          48 iiter=           1
                     conver_load check
 resid=   16753731574.5896      retot=   20211418360985.2     
 ratio1=  2.879104183776499E-002 ratio2=  9.293007336692020E-002
 nchek0=           0 toler_force=  1.000000000000000E-005
 nchek=           1
 miter=         100 iiter=           1
 time: 11:40:55
                     istep=          48 iiter=           2
                     conver_load check
 resid=   3910974199.33874      retot=   20257706511007.2     
 ratio1=  1.389464124822212E-002 ratio2=  6.008991261668845E-002
 nchek0=           0 toler_force=  1.000000000000000E-005
 nchek=           1
 miter=         100 iiter=           2
 time: 11:40:55
                     istep=          48 iiter=           3
                     conver_load check
 resid=   1393804598.16276      retot=   20270185872188.9     
 ratio1=  8.292244155833763E-003 ratio2=  3.871468030141704E-002
 nchek0=           0 toler_force=  1.000000000000000E-005
 nchek=           1
 miter=         100 iiter=           3
 time: 11:40:55
                     istep=          48 iiter=           4
                     conver_load check
 resid=   565255526.554893      retot=   20274744324479.0     
 ratio1=  5.280131218400970E-003 ratio2=  2.392145080617873E-002
 nchek0=           0 toler_force=  1.000000000000000E-005
 nchek=           1
 miter=         100 iiter=           4
 time: 11:40:55
                     istep=          48 iiter=           5
                     conver_load check
 resid=   241150819.470876      retot=   20276642550248.9     
 ratio1=  3.448627987614191E-003 ratio2=  1.390087684709184E-002
 nchek0=           0 toler_force=  1.000000000000000E-005
 nchek=           1
 miter=         100 iiter=           5
 time: 11:40:55
                     istep=          48 iiter=           6
                     conver_load check
 resid=   108153700.194928      retot=   20277548432859.1     
 ratio1=  2.309473415637186E-003 ratio2=  8.047629846869811E-003
 nchek0=           0 toler_force=  1.000000000000000E-005
 nchek=           1
 miter=         100 iiter=           6
 time: 11:40:55
                     istep=          48 iiter=           7
                     conver_load check
 resid=   50768319.3460376      retot=   20278036244468.4     
 ratio1=  1.582280390463628E-003 ratio2=  4.640148333102970E-003
 nchek0=           0 toler_force=  1.000000000000000E-005
 nchek=           1
 miter=         100 iiter=           7
 time: 11:40:55
                     istep=          48 iiter=           8
                     conver_load check
 resid=   24812875.2126070      retot=   20278317864640.2     
 ratio1=  1.106171799639260E-003 ratio2=  2.669392695428961E-003
 nchek0=           0 toler_force=  1.000000000000000E-005
 nchek=           1
 miter=         100 iiter=           8
 time: 11:40:55
                     istep=          48 iiter=           9
                     conver_load check
 resid=   12794845.5021254      retot=   20278489633972.8     
 ratio1=  7.943277235612396E-004 ratio2=  1.934153904016442E-003
 nchek0=           0 toler_force=  1.000000000000000E-005
 nchek=           1
 miter=         100 iiter=           9
 time: 11:40:55
                     istep=          48 iiter=          10
                     conver_load check
 resid=   6851160.94923404      retot=   20278594583581.6     
 ratio1=  5.812502580767006E-004 ratio2=  1.417852227501854E-003
 nchek0=           0 toler_force=  1.000000000000000E-005
 nchek=           1
 miter=         100 iiter=          10
 time: 11:40:55
                     istep=          48 iiter=          11
                     conver_load check
 resid=   3762479.09447555      retot=   20278659468813.9     
 ratio1=  4.307422046859740E-004 ratio2=  1.067269246671581E-003
 nchek0=           0 toler_force=  1.000000000000000E-005
 nchek=           1
 miter=         100 iiter=          11
 time: 11:40:55
                     istep=          48 iiter=          12
                     conver_load check
 resid=   2105346.92376764      retot=   20278700841969.1     
 ratio1=  3.222120446733056E-004 ratio2=  8.288250990478906E-004
 nchek0=           0 toler_force=  1.000000000000000E-005
 nchek=           1
 miter=         100 iiter=          12
 time: 11:40:55
                     istep=          48 iiter=          13
                     conver_load check
 resid=   1195337.62552855      retot=   20278727879397.5     
 ratio1=  2.427867274555986E-004 ratio2=  6.425857858908697E-004
 nchek0=           0 toler_force=  1.000000000000000E-005
 nchek=           1
 miter=         100 iiter=          13
 time: 11:40:55
                     istep=          48 iiter=          14
                     conver_load check
 resid=   685763.335179249      retot=   20278745824659.5     
 ratio1=  1.838935873044458E-004 ratio2=  4.975293932047672E-004
 nchek0=           0 toler_force=  1.000000000000000E-005
 nchek=           1
 miter=         100 iiter=          14
 time: 11:40:55
                     istep=          48 iiter=          15
                     conver_load check
 resid=   396472.923668615      retot=   20278757976068.9     
 ratio1=  1.398254065344040E-004 ratio2=  3.848008115704536E-004
 nchek0=           0 toler_force=  1.000000000000000E-005
 nchek=           1
 miter=         100 iiter=          15
 time: 11:40:55
                     istep=          48 iiter=          16
                     conver_load check
 resid=   230574.701446012      retot=   20278766359418.4     
 ratio1=  1.066313878384594E-004 ratio2=  2.973510714832670E-004
 nchek0=           0 toler_force=  1.000000000000000E-005
 nchek=           1
 miter=         100 iiter=          16
 time: 11:40:55
                     istep=          48 iiter=          17
                     conver_load check
 resid=   134677.654517045      retot=   20278772240091.7     
 ratio1=  8.149424552648554E-005 ratio2=  2.296075175471387E-004
 nchek0=           0 toler_force=  1.000000000000000E-005
 nchek=           1
 miter=         100 iiter=          17
 time: 11:40:55
                     istep=          48 iiter=          18
                     conver_load check
 resid=   78973.0748426410      retot=   20278776435622.7     
 ratio1=  6.240489405150189E-005 ratio2=  1.771836404432234E-004
 nchek0=           0 toler_force=  1.000000000000000E-005
 nchek=           1
 miter=         100 iiter=          18
 time: 11:40:55
                     istep=          48 iiter=          19
                     conver_load check
 resid=   46449.2397737917      retot=   20278779457162.4     
 ratio1=  4.785952667279596E-005 ratio2=  1.366582739535682E-004
 nchek0=           0 toler_force=  1.000000000000000E-005
 nchek=           1
 miter=         100 iiter=          19
 time: 11:40:55
                     istep=          48 iiter=          20
                     conver_load check
 resid=   27387.6028546437      retot=   20278781654298.4     
 ratio1=  3.674989319383370E-005 ratio2=  1.053561445560662E-004
 nchek0=           0 toler_force=  1.000000000000000E-005
 nchek=           1
 miter=         100 iiter=          20
 time: 11:40:55
                     istep=          48 iiter=          21
                     conver_load check
 resid=   16181.5724684110      retot=   20278783265561.6     
 ratio1=  2.824811121847153E-005 ratio2=  8.119385063022777E-005
 nchek0=           0 toler_force=  1.000000000000000E-005
 nchek=           1
 miter=         100 iiter=          21
 time: 11:40:55
                     istep=          48 iiter=          22
                     conver_load check
 resid=   9577.09013088223      retot=   20278784455684.7     
 ratio1=  2.173180641694326E-005 ratio2=  6.255286960476616E-005
 nchek0=           0 toler_force=  1.000000000000000E-005
 nchek=           1
 miter=         100 iiter=          22
 time: 11:40:55
                     istep=          48 iiter=          23
                     conver_load check
 resid=   5676.44589725690      retot=   20278785340060.3     
 ratio1=  1.673082214162671E-005 ratio2=  4.817802479380366E-005
 nchek0=           0 toler_force=  1.000000000000000E-005
 nchek=           1
 miter=         100 iiter=          23
 time: 11:40:55
                     istep=          48 iiter=          24
                     conver_load check
 resid=   3368.64712944005      retot=   20278786000576.4     
 ratio1=  1.288863082310637E-005 ratio2=  3.709723750930994E-005
 nchek0=           0 toler_force=  1.000000000000000E-005
 nchek=           1
 miter=         100 iiter=          24
 time: 11:40:55
                     istep=          48 iiter=          25
                     conver_load check
 resid=   2001.21522370872      retot=   20278786496010.4     
 ratio1=  9.934040302553019E-006 ratio2=  2.855849074397005E-005
 nchek0=           0 toler_force=  1.000000000000000E-005
 nchek=           1
 miter=         100 iiter=          25
 time: 11:40:55
                     istep=          48 iiter=          26
                     conver_load check
 resid=   1189.94819282229      retot=   20278786868968.3     
 ratio1=  7.660251728435247E-006 ratio2=  2.198052120019201E-005
 nchek0=           0 toler_force=  1.000000000000000E-005
 nchek=           1
 miter=         100 iiter=          26
 time: 11:40:55
                     istep=          48 iiter=          27
                     conver_load check
 resid=   708.118325544874      retot=   20278787150593.7     
 ratio1=  5.909244075521542E-006 ratio2=  1.691437064652632E-005
 nchek0=           0 toler_force=  1.000000000000000E-005
 nchek=           1
 miter=         100 iiter=          27
 time: 11:40:55
                     istep=          48 iiter=          28
                     conver_load check
 resid=   421.680404807949      retot=   20278787363814.8     
 ratio1=  4.560061704583875E-006 ratio2=  1.301347739079926E-005
 nchek0=           0 toler_force=  1.000000000000000E-005
 nchek=           1
 miter=         100 iiter=          28
 time: 11:40:55
                     istep=          48 iiter=          29
                     conver_load check
 resid=   251.260486803450      retot=   20278787525614.5     
 ratio1=  3.519987376551386E-006 ratio2=  1.001045515733300E-005
 nchek0=           0 toler_force=  1.000000000000000E-005
 nchek=           1
 miter=         100 iiter=          29
 time: 11:40:55
                     istep=          48 iiter=          30
                     conver_load check
 resid=   149.795013662102      retot=   20278787648636.6     
 ratio1=  2.717863772007666E-006 ratio2=  7.699091369153905E-006
 nchek0=           0 toler_force=  1.000000000000000E-005
 nchek=           0
                    conver_nodal_value check
               Convergence check for displacement
 ratio1=  1.054616866833428E-007 ratio2=  5.803093346331598E-007
 nchek=           0
 ***********RESTART FILE IS UPDATED!*******
 istep=          49
 outinp=           0
 tcurvegravity=           0           1           1           1           1
           1           1           1           1           0           0
           0           0           0           0           0           0
           0           0           0           0
 ntelgroup=           0
 Factorization completed ... 
 time: 11:40:56
                     istep=          49 iiter=           1
                     conver_load check
 resid=   18930234308.2391      retot=   21185085291658.0     
 ratio1=  2.989254462964711E-002 ratio2=  7.337666941668945E-002
 nchek0=           0 toler_force=  1.000000000000000E-005
 nchek=           1
 miter=         100 iiter=           1
 time: 11:40:56
                     istep=          49 iiter=           2
                     conver_load check
 resid=   5137472939.47552      retot=   21231990628808.1     
 ratio1=  1.555533672753161E-002 ratio2=  3.571344449896074E-002
 nchek0=           0 toler_force=  1.000000000000000E-005
 nchek=           1
 miter=         100 iiter=           2
 time: 11:40:56
                     istep=          49 iiter=           3
                     conver_load check
 resid=   1898233573.19153      retot=   21245572083679.4     
 ratio1=  9.452367759059280E-003 ratio2=  2.182216171999128E-002
 nchek0=           0 toler_force=  1.000000000000000E-005
 nchek=           1
 miter=         100 iiter=           3
 time: 11:40:56
                     istep=          49 iiter=           4
                     conver_load check
 resid=   774493764.297216      retot=   21251359534700.9     
 ratio1=  6.036922538258755E-003 ratio2=  1.546886699637365E-002
 nchek0=           0 toler_force=  1.000000000000000E-005
 nchek=           1
 miter=         100 iiter=           4
 time: 11:40:56
                     istep=          49 iiter=           5
                     conver_load check
 resid=   344988343.066571      retot=   21254284521718.3     
 ratio1=  4.028830213924704E-003 ratio2=  1.110249707773529E-002
 nchek0=           0 toler_force=  1.000000000000000E-005
 nchek=           1
 miter=         100 iiter=           5
 time: 11:40:56
                     istep=          49 iiter=           6
                     conver_load check
 resid=   168912113.021321      retot=   21255881322998.0     
 ratio1=  2.818972499208418E-003 ratio2=  8.107289580432341E-003
 nchek0=           0 toler_force=  1.000000000000000E-005
 nchek=           1
 miter=         100 iiter=           6
 time: 11:40:56
                     istep=          49 iiter=           7
                     conver_load check
 resid=   89806296.9348011      retot=   21256788340454.7     
 ratio1=  2.055438895245061E-003 ratio2=  6.012586475179464E-003
 nchek0=           0 toler_force=  1.000000000000000E-005
 nchek=           1
 miter=         100 iiter=           7
 time: 11:40:56
                     istep=          49 iiter=           8
                     conver_load check
 resid=   50800343.6566880      retot=   21257323304235.6     
 ratio1=  1.545891595996053E-003 ratio2=  4.774889837500556E-003
 nchek0=           0 toler_force=  1.000000000000000E-005
 nchek=           1
 miter=         100 iiter=           8
 time: 11:40:56
                     istep=          49 iiter=           9
                     conver_load check
 resid=   30082467.7664963      retot=   21257650058289.9     
 ratio1=  1.189594926468210E-003 ratio2=  3.829432409249971E-003
 nchek0=           0 toler_force=  1.000000000000000E-005
 nchek=           1
 miter=         100 iiter=           9
 time: 11:40:56
                     istep=          49 iiter=          10
                     conver_load check
 resid=   18424918.4705981      retot=   21257858077217.7     
 ratio1=  9.309857547191569E-004 ratio2=  3.040696979371712E-003
 nchek0=           0 toler_force=  1.000000000000000E-005
 nchek=           1
 miter=         100 iiter=          10
 time: 11:40:56
                     istep=          49 iiter=          11
                     conver_load check
 resid=   11572315.3228872      retot=   21257994742624.1     
 ratio1=  7.378175507604008E-004 ratio2=  2.402200160486358E-003
 nchek0=           0 toler_force=  1.000000000000000E-005
 nchek=           1
 miter=         100 iiter=          11
 time: 11:40:56
                     istep=          49 iiter=          12
                     conver_load check
 resid=   7402268.16960200      retot=   21258086972101.1     
 ratio1=  5.900928026301525E-004 ratio2=  1.893560139114389E-003
 nchek0=           0 toler_force=  1.000000000000000E-005
 nchek=           1
 miter=         100 iiter=          12
 time: 11:40:56
                     istep=          49 iiter=          13
                     conver_load check
 resid=   4798057.31437199      retot=   21258150847670.7     
 ratio1=  4.750835286320642E-004 ratio2=  1.491822210080288E-003
 nchek0=           0 toler_force=  1.000000000000000E-005
 nchek=           1
 miter=         100 iiter=          13
 time: 11:40:56
                     istep=          49 iiter=          14
                     conver_load check
 resid=   3140177.68626769      retot=   21258196180750.7     
 ratio1=  3.843385136886688E-004 ratio2=  1.175879063020954E-003
 nchek0=           0 toler_force=  1.000000000000000E-005
 nchek=           1
 miter=         100 iiter=          14
 time: 11:40:56
                     istep=          49 iiter=          15
                     conver_load check
 resid=   2069841.93324748      retot=   21258229080525.8     
 ratio1=  3.120362494389203E-004 ratio2=  9.278422533261194E-004
 nchek0=           0 toler_force=  1.000000000000000E-005
 nchek=           1
 miter=         100 iiter=          15
 time: 11:40:56
                     istep=          49 iiter=          16
                     conver_load check
 resid=   1371650.62252270      retot=   21258253425717.1     
 ratio1=  2.540141807112754E-004 ratio2=  7.331550878976412E-004
 nchek0=           0 toler_force=  1.000000000000000E-005
 nchek=           1
 miter=         100 iiter=          16
 time: 11:40:56
                     istep=          49 iiter=          17
                     conver_load check
 resid=   912691.499467658      retot=   21258271741542.4     
 ratio1=  2.072039478218876E-004 ratio2=  5.802298242790496E-004
 nchek0=           0 toler_force=  1.000000000000000E-005
 nchek=           1
 miter=         100 iiter=          17
 time: 11:40:56
                     istep=          49 iiter=          18
                     conver_load check
 resid=   609232.332545657      retot=   21258285714317.2     
 ratio1=  1.692884591069008E-004 ratio2=  4.663194390153249E-004
 nchek0=           0 toler_force=  1.000000000000000E-005
 nchek=           1
 miter=         100 iiter=          18
 time: 11:40:56
                     istep=          49 iiter=          19
                     conver_load check
 resid=   407691.800566263      retot=   21258296498028.3     
 ratio1=  1.384846885149144E-004 ratio2=  3.800393813200049E-004
 nchek0=           0 toler_force=  1.000000000000000E-005
 nchek=           1
 miter=         100 iiter=          19
 time: 11:40:56
                     istep=          49 iiter=          20
                     conver_load check
 resid=   273374.965037555      retot=   21258304900679.8     
 ratio1=  1.134005221868672E-004 ratio2=  3.101431732129575E-004
 nchek0=           0 toler_force=  1.000000000000000E-005
 nchek=           1
 miter=         100 iiter=          20
 time: 11:40:56
                     istep=          49 iiter=          21
                     conver_load check
 resid=   183613.736038389      retot=   21258311500025.2     
 ratio1=  9.293690393057185E-005 ratio2=  2.533792903714191E-004
 nchek0=           0 toler_force=  1.000000000000000E-005
 nchek=           1
 miter=         100 iiter=          21
 time: 11:40:56
                     istep=          49 iiter=          22
                     conver_load check
 resid=   123495.850601064      retot=   21258316717042.9     
 ratio1=  7.621873672111294E-005 ratio2=  2.071896781185334E-004
 nchek0=           0 toler_force=  1.000000000000000E-005
 nchek=           1
 miter=         100 iiter=          22
 time: 11:40:56
                     istep=          49 iiter=          23
                     conver_load check
 resid=   83159.1332134735      retot=   21258320863628.1     
 ratio1=  6.254469774219357E-005 ratio2=  1.695453747038377E-004
 nchek0=           0 toler_force=  1.000000000000000E-005
 nchek=           1
 miter=         100 iiter=          23
 time: 11:40:56
                     istep=          49 iiter=          24
                     conver_load check
 resid=   56054.2398165056      retot=   21258324174232.2     
 ratio1=  5.134991403628103E-005 ratio2=  1.388265250432514E-004
 nchek0=           0 toler_force=  1.000000000000000E-005
 nchek=           1
 miter=         100 iiter=          24
 time: 11:40:56
                     istep=          49 iiter=          25
                     conver_load check
 resid=   37817.5946524721      retot=   21258326827305.7     
 ratio1=  4.217765318892491E-005 ratio2=  1.137331339347318E-004
 nchek0=           0 toler_force=  1.000000000000000E-005
 nchek=           1
 miter=         100 iiter=          25
 time: 11:40:56
                     istep=          49 iiter=          26
                     conver_load check
 resid=   25534.2888431802      retot=   21258328960128.7     
 ratio1=  3.465750717260795E-005 ratio2=  9.321757048005717E-005
 nchek0=           0 toler_force=  1.000000000000000E-005
 nchek=           1
 miter=         100 iiter=          26
 time: 11:40:56
                     istep=          49 iiter=          27
                     conver_load check
 resid=   17252.9829417619      retot=   21258330679268.6     
 ratio1=  2.848836449500272E-005 ratio2=  7.643278561375103E-005
 nchek0=           0 toler_force=  1.000000000000000E-005
 nchek=           1
 miter=         100 iiter=          27
 time: 11:40:56
                     istep=          49 iiter=          28
                     conver_load check
 resid=   11665.0826546558      retot=   21258332068086.5     
 ratio1=  2.342498475075634E-005 ratio2=  6.269210119659750E-005
 nchek0=           0 toler_force=  1.000000000000000E-005
 nchek=           1
 miter=         100 iiter=          28
 time: 11:40:56
                     istep=          49 iiter=          29
                     conver_load check
 resid=   7891.73016454713      retot=   21258333192213.5     
 ratio1=  1.926732880407396E-005 ratio2=  5.143766976199084E-005
 nchek0=           0 toler_force=  1.000000000000000E-005
 nchek=           1
 miter=         100 iiter=          29
 time: 11:40:56
                     istep=          49 iiter=          30
                     conver_load check
 resid=   5341.93702398370      retot=   21258334103604.9     
 ratio1=  1.585202570010938E-005 ratio2=  4.221553086746861E-005
 nchek0=           0 toler_force=  1.000000000000000E-005
 nchek=           1
 miter=         100 iiter=          30
 time: 11:40:56
                     istep=          49 iiter=          31
                     conver_load check
 resid=   3617.85934624649      retot=   21258334843580.7     
 ratio1=  1.304551467136264E-005 ratio2=  3.465575211692957E-005
 nchek0=           0 toler_force=  1.000000000000000E-005
 nchek=           1
 miter=         100 iiter=          31
 time: 11:40:56
                     istep=          49 iiter=          32
                     conver_load check
 resid=   2451.41851624823      retot=   21258335445132.8     
 ratio1=  1.073851191153020E-005 ratio2=  2.845653278526867E-005
 nchek0=           0 toler_force=  1.000000000000000E-005
 nchek=           1
 miter=         100 iiter=          32
 time: 11:40:56
                     istep=          49 iiter=          33
                     conver_load check
 resid=   1661.82141442390      retot=   21258335934691.4     
 ratio1=  8.841532398302564E-006 ratio2=  2.337142392921783E-005
 nchek0=           0 toler_force=  1.000000000000000E-005
 nchek=           1
 miter=         100 iiter=          33
 time: 11:40:56
                     istep=          49 iiter=          34
                     conver_load check
 resid=   1127.04680169302      retot=   21258336333492.0     
 ratio1=  7.281256636262246E-006 ratio2=  1.919901796633224E-005
 nchek0=           0 toler_force=  1.000000000000000E-005
 nchek=           1
 miter=         100 iiter=          34
 time: 11:40:56
                     istep=          49 iiter=          35
                     conver_load check
 resid=   764.682145490310      retot=   21258336658638.2     
 ratio1=  5.997577032823269E-006 ratio2=  1.577460702447666E-005
 nchek0=           0 toler_force=  1.000000000000000E-005
 nchek=           1
 miter=         100 iiter=          35
 time: 11:40:56
                     istep=          49 iiter=          36
                     conver_load check
 resid=   519.030525199021      retot=   21258336923935.3     
 ratio1=  4.941192882761522E-006 ratio2=  1.296341868680035E-005
 nchek0=           0 toler_force=  1.000000000000000E-005
 nchek=           1
 miter=         100 iiter=          36
 time: 11:40:56
                     istep=          49 iiter=          37
                     conver_load check
 resid=   352.427711760248      retot=   21258337140547.3     
 ratio1=  4.071649446944142E-006 ratio2=  1.065512063545890E-005
 nchek0=           0 toler_force=  1.000000000000000E-005
 nchek=           1
 miter=         100 iiter=          37
 time: 11:40:56
                     istep=          49 iiter=          38
                     conver_load check
 resid=   239.389564937154      retot=   21258337317517.0     
 ratio1=  3.355737342513873E-006 ratio2=  8.759349357810480E-006
 nchek0=           0 toler_force=  1.000000000000000E-005
 nchek=           0
                    conver_nodal_value check
               Convergence check for displacement
 ratio1=  1.738520170651753E-007 ratio2=  8.494787110047905E-007
 nchek=           0
 ***********RESTART FILE IS UPDATED!*******
 istep=          50
 outinp=           0
 tcurvegravity=           0           1           1           1           1
           1           1           1           1           0           0
           0           0           0           0           0           0
           0           0           0           0
 ntelgroup=           0
 Factorization completed ... 
 time: 11:40:57
                     istep=          50 iiter=           1
                     conver_load check
 resid=   26315197780.6311      retot=   22192335647774.1     
 ratio1=  3.443513683597811E-002 ratio2=  7.000665260433889E-002
 nchek0=           0 toler_force=  1.000000000000000E-005
 nchek=           1
 miter=         100 iiter=           1
 time: 11:40:57
                     istep=          50 iiter=           2
                     conver_load check
 resid=   8738870953.40376      retot=   22243773482607.3     
 ratio1=  1.982090277199013E-002 ratio2=  4.914255069565709E-002
 nchek0=           0 toler_force=  1.000000000000000E-005
 nchek=           1
 miter=         100 iiter=           2
 time: 11:40:57
                     istep=          50 iiter=           3
                     conver_load check
 resid=   3785128734.80454      retot=   22261369905366.0     
 ratio1=  1.303960345348878E-002 ratio2=  3.684809939173266E-002
 nchek0=           0 toler_force=  1.000000000000000E-005
 nchek=           1
 miter=         100 iiter=           3
 time: 11:40:57
                     istep=          50 iiter=           4
                     conver_load check
 resid=   1900009379.61221      retot=   22270061431362.1     
 ratio1=  9.236706946106392E-003 ratio2=  2.854428385623488E-002
 nchek0=           0 toler_force=  1.000000000000000E-005
 nchek=           1
 miter=         100 iiter=           4
 time: 11:40:57
                     istep=          50 iiter=           5
                     conver_load check
 resid=   1058531148.99538      retot=   22274782094171.3     
 ratio1=  6.893584272139364E-003 ratio2=  2.189126320843563E-002
 nchek0=           0 toler_force=  1.000000000000000E-005
 nchek=           1
 miter=         100 iiter=           5
 time: 11:40:57
                     istep=          50 iiter=           6
                     conver_load check
 resid=   642216803.561450      retot=   22277527379294.6     
 ratio1=  5.369172279310174E-003 ratio2=  1.721761748957611E-002
 nchek0=           0 toler_force=  1.000000000000000E-005
 nchek=           1
 miter=         100 iiter=           6
 time: 11:40:57
                     istep=          50 iiter=           7
                     conver_load check
 resid=   411525757.187569      retot=   22279188339219.8     
 ratio1=  4.297826000598768E-003 ratio2=  1.374463464463490E-002
 nchek0=           0 toler_force=  1.000000000000000E-005
 nchek=           1
 miter=         100 iiter=           7
 time: 11:40:57
                     istep=          50 iiter=           8
                     conver_load check
 resid=   272812257.974487      retot=   22280235530164.3     
 ratio1=  3.499226472647091E-003 ratio2=  1.108553299364421E-002
 nchek0=           0 toler_force=  1.000000000000000E-005
 nchek=           1
 miter=         100 iiter=           8
 time: 11:40:57
                     istep=          50 iiter=           9
                     conver_load check
 resid=   184607378.581266      retot=   22280923421093.5     
 ratio1=  2.878444994202927E-003 ratio2=  9.008324217044783E-003
 nchek0=           0 toler_force=  1.000000000000000E-005
 nchek=           1
 miter=         100 iiter=           9
 time: 11:40:57
                     istep=          50 iiter=          10
                     conver_load check
 resid=   125154436.143716      retot=   22281389683435.0     
 ratio1=  2.370019868826712E-003 ratio2=  7.361912117693664E-003
 nchek0=           0 toler_force=  1.000000000000000E-005
 nchek=           1
 miter=         100 iiter=          10
 time: 11:40:57
                     istep=          50 iiter=          11
                     conver_load check
 resid=   81469886.7203382      retot=   22281724257672.4     
 ratio1=  1.912159689424630E-003 ratio2=  6.037226055874746E-003
 nchek0=           0 toler_force=  1.000000000000000E-005
 nchek=           1
 miter=         100 iiter=          11
 time: 11:40:57
                     istep=          50 iiter=          12
                     conver_load check
 resid=   53661606.7809277      retot=   22281989982074.0     
 ratio1=  1.551868253770256E-003 ratio2=  4.948734048399966E-003
 nchek0=           0 toler_force=  1.000000000000000E-005
 nchek=           1
 miter=         100 iiter=          12
 time: 11:40:57
                     istep=          50 iiter=          13
                     conver_load check
 resid=   35333380.4497995      retot=   22282194743075.1     
 ratio1=  1.259254791527022E-003 ratio2=  4.053724589853806E-003
 nchek0=           0 toler_force=  1.000000000000000E-005
 nchek=           1
 miter=         100 iiter=          13
 time: 11:40:57
                     istep=          50 iiter=          14
                     conver_load check
 resid=   23032198.1221588      retot=   22282353806089.9     
 ratio1=  1.016686743661479E-003 ratio2=  3.316938996321396E-003
 nchek0=           0 toler_force=  1.000000000000000E-005
 nchek=           1
 miter=         100 iiter=          14
 time: 11:40:57
                     istep=          50 iiter=          15
                     conver_load check
 resid=   14994435.7492321      retot=   22282484125201.7     
 ratio1=  8.203199259810879E-004 ratio2=  2.706844427612845E-003
 nchek0=           0 toler_force=  1.000000000000000E-005
 nchek=           1
 miter=         100 iiter=          15
 time: 11:40:57
                     istep=          50 iiter=          16
                     conver_load check
 resid=   9759504.87897003      retot=   22282587995002.7     
 ratio1=  6.618065751597732E-004 ratio2=  2.203444650715431E-003
 nchek0=           0 toler_force=  1.000000000000000E-005
 nchek=           1
 miter=         100 iiter=          16
 time: 11:40:57
                     istep=          50 iiter=          17
                     conver_load check
 resid=   6381717.14995906      retot=   22282668589624.6     
 ratio1=  5.351618855470266E-004 ratio2=  1.790707026102271E-003
 nchek0=           0 toler_force=  1.000000000000000E-005
 nchek=           1
 miter=         100 iiter=          17
 time: 11:40:57
                     istep=          50 iiter=          18
                     conver_load check
 resid=   4188148.93439862      retot=   22282730816822.1     
 ratio1=  4.335376824218342E-004 ratio2=  1.453895494070048E-003
 nchek0=           0 toler_force=  1.000000000000000E-005
 nchek=           1
 miter=         100 iiter=          18
 time: 11:40:57
                     istep=          50 iiter=          19
                     conver_load check
 resid=   2756409.95791215      retot=   22282778866479.5     
 ratio1=  3.517120354082705E-004 ratio2=  1.179951633537451E-003
 nchek0=           0 toler_force=  1.000000000000000E-005
 nchek=           1
 miter=         100 iiter=          19
 time: 11:40:57
                     istep=          50 iiter=          20
                     conver_load check
 resid=   1818315.90740045      retot=   22282816014684.9     
 ratio1=  2.856601315590365E-004 ratio2=  9.576031446155465E-004
 nchek0=           0 toler_force=  1.000000000000000E-005
 nchek=           1
 miter=         100 iiter=          20
 time: 11:40:57
                     istep=          50 iiter=          21
                     conver_load check
 resid=   1201759.15321283      retot=   22282844821541.2     
 ratio1=  2.322327160190207E-004 ratio2=  7.773319484999923E-004
 nchek0=           0 toler_force=  1.000000000000000E-005
 nchek=           1
 miter=         100 iiter=          21
 time: 11:40:57
                     istep=          50 iiter=          22
                     conver_load check
 resid=   795511.306241975      retot=   22282867234891.7     
 ratio1=  1.889459737134379E-004 ratio2=  6.312396556051155E-004
 nchek0=           0 toler_force=  1.000000000000000E-005
 nchek=           1
 miter=         100 iiter=          22
 time: 11:40:57
                     istep=          50 iiter=          23
                     conver_load check
 resid=   527289.160189807      retot=   22282884739387.7     
 ratio1=  1.538291763705124E-004 ratio2=  5.128439239842534E-004
 nchek0=           0 toler_force=  1.000000000000000E-005
 nchek=           1
 miter=         100 iiter=          23
 time: 11:40:57
                     istep=          50 iiter=          24
                     conver_load check
 resid=   349896.892753178      retot=   22282898456048.6     
 ratio1=  1.253095592038394E-004 ratio2=  4.168675594002835E-004
 nchek0=           0 toler_force=  1.000000000000000E-005
 nchek=           1
 miter=         100 iiter=          24
 time: 11:40:57
                     istep=          50 iiter=          25
                     conver_load check
 resid=   232410.678316338      retot=   22282909235406.5     
 ratio1=  1.021273571701749E-004 ratio2=  3.390326281817270E-004
 nchek0=           0 toler_force=  1.000000000000000E-005
 nchek=           1
 miter=         100 iiter=          25
 time: 11:40:57
                     istep=          50 iiter=          26
                     conver_load check
 resid=   154505.864404892      retot=   22282917733432.5     
 ratio1=  8.326959561761021E-005 ratio2=  2.758760297354931E-004
 nchek0=           0 toler_force=  1.000000000000000E-005
 nchek=           1
 miter=         100 iiter=          26
 time: 11:40:57
                     istep=          50 iiter=          27
                     conver_load check
 resid=   102795.359335932      retot=   22282924453030.2     
 ratio1=  6.792046657034920E-005 ratio2=  2.245994273362038E-004
 nchek0=           0 toler_force=  1.000000000000000E-005
 nchek=           1
 miter=         100 iiter=          27
 time: 11:40:57
                     istep=          50 iiter=          28
                     conver_load check
 resid=   68437.5395762161      retot=   22282929784596.2     
 ratio1=  5.541930153452676E-005 ratio2=  1.829429362811251E-004
 nchek0=           0 toler_force=  1.000000000000000E-005
 nchek=           1
 miter=         100 iiter=          28
 time: 11:40:57
                     istep=          50 iiter=          29
                     conver_load check
 resid=   45592.2102422418      retot=   22282934022177.1     
 ratio1=  4.523338991001832E-005 ratio2=  1.490814778815968E-004
 nchek0=           0 toler_force=  1.000000000000000E-005
 nchek=           1
 miter=         100 iiter=          29
 time: 11:40:57
                     istep=          50 iiter=          30
                     conver_load check
 resid=   30390.9612868322      retot=   22282937398249.6     
 ratio1=  3.693056896381217E-005 ratio2=  1.215404831611010E-004
 nchek0=           0 toler_force=  1.000000000000000E-005
 nchek=           1
 miter=         100 iiter=          30
 time: 11:40:57
                     istep=          50 iiter=          31
                     conver_load check
 resid=   20269.4548750601      retot=   22282940093779.1     
 ratio1=  3.016023965445107E-005 ratio2=  9.912785240958156E-005
 nchek0=           0 toler_force=  1.000000000000000E-005
 nchek=           1
 miter=         100 iiter=          31
 time: 11:40:57
                     istep=          50 iiter=          32
                     conver_load check
 resid=   13526.1234217010      retot=   22282942250177.1     
 ratio1=  2.463771377635795E-005 ratio2=  8.087914936708360E-005
 nchek0=           0 toler_force=  1.000000000000000E-005
 nchek=           1
 miter=         100 iiter=          32
 time: 11:40:57
                     istep=          50 iiter=          33
                     conver_load check
 resid=   9030.89674738458      retot=   22282943978357.9     
 ratio1=  2.013163993657518E-005 ratio2=  6.601351959809322E-005
 nchek0=           0 toler_force=  1.000000000000000E-005
 nchek=           1
 miter=         100 iiter=          33
 time: 11:40:57
                     istep=          50 iiter=          34
                     conver_load check
 resid=   6032.66915173305      retot=   22282945365605.3     
 ratio1=  1.645388495094523E-005 ratio2=  5.389825089407283E-005
 nchek0=           0 toler_force=  1.000000000000000E-005
 nchek=           1
 miter=         100 iiter=          34
 time: 11:40:57
                     istep=          50 iiter=          35
                     conver_load check
 resid=   4031.86393046288      retot=   22282946480818.0     
 ratio1=  1.345137328533426E-005 ratio2=  4.402027439011144E-005
 nchek0=           0 toler_force=  1.000000000000000E-005
 nchek=           1
 miter=         100 iiter=          35
 time: 11:40:57
                     istep=          50 iiter=          36
                     conver_load check
 resid=   2695.98826297338      retot=   22282947378536.5     
 ratio1=  1.099949334360862E-005 ratio2=  3.596323285345072E-005
 nchek0=           0 toler_force=  1.000000000000000E-005
 nchek=           1
 miter=         100 iiter=          36
 time: 11:40:57
                     istep=          50 iiter=          37
                     conver_load check
 resid=   1803.62010046478      retot=   22282948102048.1     
 ratio1=  8.996761525917673E-006 ratio2=  2.938901333869137E-005
 nchek0=           0 toler_force=  1.000000000000000E-005
 nchek=           1
 miter=         100 iiter=          37
 time: 11:40:57
                     istep=          50 iiter=          38
                     conver_load check
 resid=   1207.22197549477      retot=   22282948685792.9     
 ratio1=  7.360498629052266E-006 ratio2=  2.402286113567887E-005
 nchek0=           0 toler_force=  1.000000000000000E-005
 nchek=           1
 miter=         100 iiter=          38
 time: 11:40:57
                     istep=          50 iiter=          39
                     conver_load check
 resid=   808.434710539771      retot=   22282949157232.3     
 ratio1=  6.023322840244849E-006 ratio2=  1.964136867241362E-005
 nchek0=           0 toler_force=  1.000000000000000E-005
 nchek=           1
 miter=         100 iiter=          39
 time: 11:40:57
                     istep=          50 iiter=          40
                     conver_load check
 resid=   541.651349346813      retot=   22282949538308.4     
 ratio1=  4.930302613027174E-006 ratio2=  1.606277448456837E-005
 nchek0=           0 toler_force=  1.000000000000000E-005
 nchek=           1
 miter=         100 iiter=          40
 time: 11:40:57
                     istep=          50 iiter=          41
                     conver_load check
 resid=   363.089334125366      retot=   22282949846586.1     
 ratio1=  4.036643578125582E-006 ratio2=  1.313912030822662E-005
 nchek0=           0 toler_force=  1.000000000000000E-005
 nchek=           1
 miter=         100 iiter=          41
 time: 11:40:57
                     istep=          50 iiter=          42
                     conver_load check
 resid=   243.516270882789      retot=   22282950096150.2     
 ratio1=  3.305808168323925E-006 ratio2=  1.074990441332198E-005
 nchek0=           0 toler_force=  1.000000000000000E-005
 nchek=           1
 miter=         100 iiter=          42
 time: 11:40:57
                     istep=          50 iiter=          43
                     conver_load check
 resid=   163.405093146376      retot=   22282950298312.3     
 ratio1=  2.707986211196704E-006 ratio2=  8.796941125370877E-006
 nchek0=           0 toler_force=  1.000000000000000E-005
 nchek=           0
                    conver_nodal_value check
               Convergence check for displacement
 ratio1=  1.820990477833620E-007 ratio2=  8.148183311304910E-007
 nchek=           0
 ***********RESTART FILE IS UPDATED!*******
 time: 11:40:57
