 time: 11:09:49
 Input the problem name?
 NPOIN                                                                          
  
        3614        3614        3402           2           5          21
           0 GIDR                  0.000000000000000E+000           0
           0           0           0           0        9999
 NINIT                                                                          
  
           0           0           0           1           0           0
           0           0           0           0           0 
 FIX                                                          0           0
           0           0           0           0           0
 outinpunit=          37 outindunit=          54
 TYPE_PROBLEM                                                                   
  
 Q                                                 
 PARDISO                                           
 LOAD                                                         5           0
           0           0
 type_layer1                                                                    
  
 NMASS                                                                          
  
         999         999         999         999         999           0
         999           0         999           0           0
 nfreeflownode                                                                  
  
 NTSMAT                                                                         
  
         999         999           0           0           0
 beeta1,beeta2,theta1=  0.500000000000000       0.250000000000000     
  0.500000000000000     
 equvs_process(1:ngroup)                                                        
  
 appear_level(1:ngroup)                                                         
  
 APPEAR_PROCESS(1-0nblks                                                        
  
 appear_process=           1           1           1           1           1
           1           1           1           1           1           1
           1           1           1           1           1           1
           1           1           1           1
 MATNO_PROCESS(1-nblks                                                          
  
 iblks=           0 ngroup=          21 matno=           1           2
           2           2           2           2           2           2
           2           4           5           4           5           3
           3           3           3           3           3           3
           3
 force_process=           0           0           0           0           0
           0           0           0           0           0           0
           0           0           0           0           0           0
           0           0           0           0
 uinitial=           0
 1-ILINKS(I0                                                                    
  
 1-tLINKS(I0                                                                    
  
 text1=
 1-NGROUP--GROUP                                                                
  
 (3)                                                                            
  
 igroup=           1
 name=Q4        
 igroup=           2
 name=Q4        
 igroup=           3
 name=Q4        
 igroup=           4
 name=Q4        
 igroup=           5
 name=Q4        
 igroup=           6
 name=Q4        
 igroup=           7
 name=Q4        
 igroup=           8
 name=Q4        
 igroup=           9
 name=Q4        
 igroup=          10
 name=L2        
 igroup=          11
 name=L2        
 igroup=          12
 name=L2        
 igroup=          13
 name=L2        
 igroup=          14
 name=Q4        
 igroup=          15
 name=Q4        
 igroup=          16
 name=Q4        
 igroup=          17
 name=Q4        
 igroup=          18
 name=Q4        
 igroup=          19
 name=Q4        
 igroup=          20
 name=Q4        
 igroup=          21
 name=Q4        
 tne=        3402
 ntransnode,translg=          22          99
 text_tension_joint=
 tension_joint                                                                  
  
 text_tension_contact=
 contact_joint                                                                  
  
 ground_inf=           0 /100=           0
 nblks=           1
 Input runblks, =?
 time: 11:09:50
 MATERIAL                                                                       
  
 NAME                                                                           
  
 FIRST:NAME---MECHANICAL                                                        
  
 FOR                                                                            
  
 NUMBER                                                                         
  
 FOR                                                                            
  
 FOR                                                                            
  
 FOR                                                                            
  
 CAMCLAY                                                                        
  
 FOR                                                                            
  
 jmat=           1
 MECHANICAL                    SOLID                                    1
 ELASTIC_ISOTROPIC               0.000000000000000E+000   1.00000000000000     
   1.00000000000000        8000000000.00000       0.300000000000000     
  1.000000000000000E-005           0           0           0
 jmat=           2
 MECHANICAL                    SOLID                                    2
 CONCRETE                         2400.00000000000        1.00000000000000     
   1.00000000000000        24000000000.0000       0.167000000000000     
  1.000000000000000E-005           0           0           0
 jmat=           3
 MECHANICAL                    SOLID                                    3
 ELASTIC_ISOTROPIC               0.000000000000000E+000   1.00000000000000     
   1.00000000000000        8000000000.00000       0.300000000000000     
  1.000000000000000E-005           0           0           0
 jmat=           4
 MECHANICAL                    SOLID                                    4
 ELASTIC_ISOTROPIC               0.000000000000000E+000   1.00000000000000     
   1.00000000000000        210000000000.000       0.167000000000000     
  1.000000000000000E-005           0           0           0
 jmat=           5
 MECHANICAL                    SOLID                                    5
 ELASTIC_ISOTROPIC               0.000000000000000E+000   1.00000000000000     
   1.00000000000000        210000000000.000       0.167000000000000     
  1.000000000000000E-005           0           0           0
 jmat=           6
 GEOMETRY                      ROD_or_BEAM                              4
 ngaps                                                                          
  
 ngaps=           0
 nrcsteel                                                                       
  
 nrcsteel=           0
 nwcpipe                                                                        
  
 nwcpipe=           0
 nifsgroup 
 nifsgroup=           0
 nabsgroup 
 nabsfgroup=           0
 nabssgroup
 nabssgroup=           0
 ifsnedge                                                                       
                      
 ifsnedge=           0
 lblks=           0  blks_new=           1
 lincs=           0  nincs=           0
 lblks=           0  blks_new=           1
 Bparameter=           0
 >>> State dumped to state_legacy.dat
 lblks=           0 lincs=           0 ttime=  0.000000000000000E+000
 ntime=           2 LINEAR                         0           2
 ntime=           2 LINEAR                         0           2
 ok waterlevel
 nplgroup=           0
 nedge=         210
 iblks=           1 lineload=         224
 iblks=           1
 time: 11:09:50
 a1
 ifixset=           1 type_abc=
 FIX                                               
 ifixset=           2 type_abc=
 FIX                                               
 ifixset=           3 type_abc=
 FIX                                               
 ifixset=           4 type_abc=
 FIX                                               
 outind=           0
 edge_load_group     
 edge_load_group=         210 delgroup=           1
 gray=   9.81000000000000       0.000000000000000E+000  -1.00000000000000     
  0.000000000000000E+000  -1.00000000000000     
 tcurv=           0           1           1           1           1           1
           1           1           1           0           0           0
           0           0           0           0           0           0
           0           0           0
 ecwpipe=           0 iblks=           1 lblks+1=           1
 ecwpipe=           0 iblks=           1 lblks+1=           1
 总的散热面
 ntedge=           0
 algo_pipe=
 npipe,algo_pipe=           0           3
 linet=           8
 time: 11:09:50
 >>> DEBUG: calling solve(SET), solveunit=           8
 mtype                           
          -2           2           0
 isdefault                       
           0
 >>> DEBUG: solve(SET) returned
 time: 11:09:50
 time: 11:09:50
  in static_U**
 iincs=           1 lincs=           0
 cwater,Qstatic=           0           0
 istep=           1
 outinp=           0
 tcurvegravity=           0           1           1           1           1
           1           1           1           1           0           0
           0           0           0           0           0           0
           0           0           0           0
 ntelgroup=           0
 Reordering completed ... 
 Factorization completed ... 
 time: 11:09:50
                     istep=           1 iiter=           1
                     conver_load check
 resid=   354.017401398827      retot=   37274046606.6126     
 ratio1=  9.745610116800846E-005 ratio2=  2.924772268269134E-004
 nchek0=           0 toler_force=  1.000000000000000E-005
 nchek=           1
 miter=         100 iiter=           1
 time: 11:09:50
                     istep=           1 iiter=           2
                     conver_load check
 resid=  9.262318965676784E-003 retot=   37274046879.8021     
 ratio1=  4.984901632862739E-007 ratio2=  1.544735430412971E-006
 nchek0=           0 toler_force=  1.000000000000000E-005
 nchek=           0
                    conver_nodal_value check
               Convergence check for displacement
 ratio1=  4.445618615160847E-007 ratio2=  5.698617037405609E-006
 nchek=           0
 ***********RESTART FILE IS UPDATED!*******
 istep=           2
 outinp=           0
 tcurvegravity=           0           1           1           1           1
           1           1           1           1           0           0
           0           0           0           0           0           0
           0           0           0           0
 ntelgroup=           0
 Factorization completed ... 
 time: 11:09:50
                     istep=           2 iiter=           1
                     conver_load check
 resid=   406.711690387444      retot=   61209386862.9980     
 ratio1=  8.151439570407964E-005 ratio2=  2.612382847886589E-004
 nchek0=           0 toler_force=  1.000000000000000E-005
 nchek=           1
 miter=         100 iiter=           1
 time: 11:09:50
                     istep=           2 iiter=           2
                     conver_load check
 resid=  1.126647781461884E-002 retot=   61209388576.8325     
 ratio1=  4.290274324030034E-007 ratio2=  1.414128951574948E-006
 nchek0=           0 toler_force=  1.000000000000000E-005
 nchek=           0
                    conver_nodal_value check
               Convergence check for displacement
 ratio1=  4.330165183930254E-007 ratio2=  4.833841285068157E-006
 nchek=           0
 ***********RESTART FILE IS UPDATED!*******
 istep=           3
 outinp=           0
 tcurvegravity=           0           1           1           1           1
           1           1           1           1           0           0
           0           0           0           0           0           0
           0           0           0           0
 ntelgroup=           0
 Factorization completed ... 
 time: 11:09:51
                     istep=           3 iiter=           1
                     conver_load check
 resid=   411.772506243431      retot=   100433178377.462     
 ratio1=  6.403096829659566E-005 ratio2=  2.298054775707958E-004
 nchek0=           0 toler_force=  1.000000000000000E-005
 nchek=           1
 miter=         100 iiter=           1
 time: 11:09:51
                     istep=           3 iiter=           2
                     conver_load check
 resid=  1.155799802883978E-002 retot=   100433181538.376     
 ratio1=  3.392365968056470E-007 ratio2=  1.252186549580908E-006
 nchek0=           0 toler_force=  1.000000000000000E-005
 nchek=           0
                    conver_nodal_value check
               Convergence check for displacement
 ratio1=  3.818977909894496E-007 ratio2=  4.096879656450126E-006
 nchek=           0
 ***********RESTART FILE IS UPDATED!*******
 istep=           4
 outinp=           0
 tcurvegravity=           0           1           1           1           1
           1           1           1           1           0           0
           0           0           0           0           0           0
           0           0           0           0
 ntelgroup=           0
 Factorization completed ... 
 time: 11:09:51
                     istep=           4 iiter=           1
                     conver_load check
 resid=   416.917831856657      retot=   154945429806.111     
 ratio1=  5.187234119409086E-005 ratio2=  2.053974436924156E-004
 nchek0=           0 toler_force=  1.000000000000000E-005
 nchek=           1
 miter=         100 iiter=           1
 time: 11:09:51
                     istep=           4 iiter=           2
                     conver_load check
 resid=  1.185846613194191E-002 retot=   154945434447.466     
 ratio1=  2.766463004067133E-007 ratio2=  1.126609161618932E-006
 nchek0=           0 toler_force=  1.000000000000000E-005
 nchek=           0
                    conver_nodal_value check
               Convergence check for displacement
 ratio1=  3.331755910624794E-007 ratio2=  3.566356230752382E-006
 nchek=           0
 ***********RESTART FILE IS UPDATED!*******
 istep=           5
 outinp=           0
 tcurvegravity=           0           1           1           1           1
           1           1           1           1           0           0
           0           0           0           0           0           0
           0           0           0           0
 ntelgroup=           0
 Factorization completed ... 
 time: 11:09:52
                     istep=           5 iiter=           1
                     conver_load check
 resid=   422.151263175762      retot=   224746149966.165     
 ratio1=  4.333990112447057E-005 ratio2=  1.858994120004700E-004
 nchek0=           0 toler_force=  1.000000000000000E-005
 nchek=           1
 miter=         100 iiter=           1
 time: 11:09:52
                     istep=           5 iiter=           2
                     conver_load check
 resid=  1.216827327848889E-002 retot=   224746156122.181     
 ratio1=  2.326849751084662E-007 ratio2=  1.026453689080623E-006
 nchek0=           0 toler_force=  1.000000000000000E-005
 nchek=           0
                    conver_nodal_value check
               Convergence check for displacement
 ratio1=  2.918295882089597E-007 ratio2=  3.166427367026662E-006
 nchek=           0
 ***********RESTART FILE IS UPDATED!*******
 istep=           6
 outinp=           0
 tcurvegravity=           0           1           1           1           1
           1           1           1           1           0           0
           0           0           0           0           0           0
           0           0           0           0
 ntelgroup=           0
 Factorization completed ... 
 time: 11:09:52
                     istep=           6 iiter=           1
                     conver_load check
 resid=   427.474587147094      retot=   309835347812.591     
 ratio1=  3.714408540527468E-005 ratio2=  1.699679149845322E-004
 nchek0=           0 toler_force=  1.000000000000000E-005
 nchek=           1
 miter=         100 iiter=           1
 time: 11:09:52
                     istep=           6 iiter=           2
                     conver_load check
 resid=  1.248775066513568E-002 retot=   309835355518.367     
 ratio1=  2.007597390412359E-007 ratio2=  9.447674985366135E-007
 nchek0=           0 toler_force=  1.000000000000000E-005
 nchek=           0
                    conver_nodal_value check
               Convergence check for displacement
 ratio1=  2.581000147716488E-007 ratio2=  2.854351205793057E-006
 nchek=           0
 ***********RESTART FILE IS UPDATED!*******
 istep=           7
 outinp=           0
 tcurvegravity=           0           1           1           1           1
           1           1           1           1           0           0
           0           0           0           0           0           0
           0           0           0           0
 ntelgroup=           0
 Factorization completed ... 
 time: 11:09:52
                     istep=           7 iiter=           1
                     conver_load check
 resid=   432.889627302287      retot=   410213032441.074     
 ratio1=  3.248507418681207E-005 ratio2=  1.567086690648927E-004
 nchek0=           0 toler_force=  1.000000000000000E-005
 nchek=           1
 miter=         100 iiter=           1
 time: 11:09:52
                     istep=           7 iiter=           2
                     conver_load check
 resid=  1.281724232774610E-002 retot=   410213041732.616     
 ratio1=  1.767634892790531E-007 ratio2=  8.769226054464491E-007
 nchek0=           0 toler_force=  1.000000000000000E-005
 nchek=           0
                    conver_nodal_value check
               Convergence check for displacement
 ratio1=  2.307965207001452E-007 ratio2=  2.604207482959454E-006
 nchek=           0
 ***********RESTART FILE IS UPDATED!*******
 istep=           8
 outinp=           0
 tcurvegravity=           0           1           1           1           1
           1           1           1           1           0           0
           0           0           0           0           0           0
           0           0           0           0
 ntelgroup=           0
 Factorization completed ... 
 time: 11:09:53
                     istep=           8 iiter=           1
                     conver_load check
 resid=   438.398244277840      retot=   525879213091.072     
 ratio1=  2.887296609674052E-005 ratio2=  1.455033259306870E-004
 nchek0=           0 toler_force=  1.000000000000000E-005
 nchek=           1
 miter=         100 iiter=           1
 time: 11:09:53
                     istep=           8 iiter=           2
                     conver_load check
 resid=  1.315710569809783E-002 retot=   525879224005.316     
 ratio1=  1.581747566982430E-007 ratio2=  8.197190654839907E-007
 nchek0=           0 toler_force=  1.000000000000000E-005
 nchek=           0
                    conver_nodal_value check
               Convergence check for displacement
 ratio1=  2.085804368967129E-007 ratio2=  2.399363458727355E-006
 nchek=           0
 ***********RESTART FILE IS UPDATED!*******
 istep=           9
 outinp=           0
 tcurvegravity=           0           1           1           1           1
           1           1           1           1           0           0
           0           0           0           0           0           0
           0           0           0           0
 ntelgroup=           0
 Factorization completed ... 
 time: 11:09:53
                     istep=           9 iiter=           1
                     conver_load check
 resid=   444.002336238369      retot=   656833899148.957     
 ratio1=  2.599949115585394E-005 ratio2=  1.359106669639996E-004
 nchek0=           0 toler_force=  1.000000000000000E-005
 nchek=           1
 miter=         100 iiter=           1
 time: 11:09:53
                     istep=           9 iiter=           2
                     conver_load check
 resid=  1.350771208465471E-002 retot=   656833911723.795     
 ratio1=  1.434046104527190E-007 ratio2=  7.708736281726199E-007
 nchek0=           0 toler_force=  1.000000000000000E-005
 nchek=           0
                    conver_nodal_value check
               Convergence check for displacement
 ratio1=  1.903213370686461E-007 ratio2=  2.228656245798220E-006
 nchek=           0
 ***********RESTART FILE IS UPDATED!*******
 istep=          10
 outinp=           0
 tcurvegravity=           0           1           1           1           1
           1           1           1           1           0           0
           0           0           0           0           0           0
           0           0           0           0
 ntelgroup=           0
 Factorization completed ... 
 time: 11:09:53
                     istep=          10 iiter=           1
                     conver_load check
 resid=   449.703839267126      retot=   803077100151.216     
 ratio1=  2.366381037771907E-005 ratio2=  1.276074160885064E-004
 nchek0=           0 toler_force=  1.000000000000000E-005
 nchek=           1
 miter=         100 iiter=           1
 time: 11:09:53
                     istep=          10 iiter=           2
                     conver_load check
 resid=  1.386944729371505E-002 retot=   803077114425.531     
 ratio1=  1.314168194948321E-007 ratio2=  7.287134279442909E-007
 nchek0=           0 toler_force=  1.000000000000000E-005
 nchek=           0
                    conver_nodal_value check
               Convergence check for displacement
 ratio1=  1.751416024398414E-007 ratio2=  2.084315155218519E-006
 nchek=           0
 ***********RESTART FILE IS UPDATED!*******
 istep=          11
 outinp=           0
 tcurvegravity=           0           1           1           1           1
           1           1           1           1           0           0
           0           0           0           0           0           0
           0           0           0           0
 ntelgroup=           0
 Factorization completed ... 
 time: 11:09:54
                     istep=          11 iiter=           1
                     conver_load check
 resid=   455.504727736841      retot=   964608825787.776     
 ratio1=  2.173055552408338E-005 ratio2=  1.203512984301228E-004
 nchek0=           0 toler_force=  1.000000000000000E-005
 nchek=           1
 miter=         100 iiter=           1
 time: 11:09:54
                     istep=          11 iiter=           2
                     conver_load check
 resid=  1.424271216973711E-002 retot=   964608841801.463     
 ratio1=  1.215124366309615E-007 ratio2=  6.919848025619135E-007
 nchek0=           0 toler_force=  1.000000000000000E-005
 nchek=           0
                    conver_nodal_value check
               Convergence check for displacement
 ratio1=  1.623776750683641E-007 ratio2=  1.960764234482760E-006
 nchek=           0
 ***********RESTART FILE IS UPDATED!*******
 istep=          12
 outinp=           0
 tcurvegravity=           0           1           1           1           1
           1           1           1           1           0           0
           0           0           0           0           0           0
           0           0           0           0
 ntelgroup=           0
 Factorization completed ... 
 time: 11:09:54
                     istep=          12 iiter=           1
                     conver_load check
 resid=   461.407014601380      retot=   1141429085905.38     
 ratio1=  2.010562734948099E-005 ratio2=  1.139571650785805E-004
 nchek0=           0 toler_force=  1.000000000000000E-005
 nchek=           1
 miter=         100 iiter=           1
 time: 11:09:54
                     istep=          12 iiter=           2
                     conver_load check
 resid=  1.462792321066634E-002 retot=   1141429103699.38     
 ratio1=  1.132053273852060E-007 ratio2=  6.597297304904696E-007
 nchek0=           0 toler_force=  1.000000000000000E-005
 nchek=           0
                    conver_nodal_value check
               Convergence check for displacement
 ratio1=  1.515299670015279E-007 ratio2=  1.853898580869767E-006
 nchek=           0
 ***********RESTART FILE IS UPDATED!*******
 istep=          13
 outinp=           0
 tcurvegravity=           0           1           1           1           1
           1           1           1           1           0           0
           0           0           0           0           0           0
           0           0           0           0
 ntelgroup=           0
 Factorization completed ... 
 time: 11:09:54
                     istep=          13 iiter=           1
                     conver_load check
 resid=   467.412751690400      retot=   1333537890511.07     
 ratio1=  1.872179985769067E-005 ratio2=  1.082810923896608E-004
 nchek0=           0 toler_force=  1.000000000000000E-005
 nchek=           1
 miter=         100 iiter=           1
 time: 11:09:54
                     istep=          13 iiter=           2
                     conver_load check
 resid=  1.502551321744985E-002 retot=   1333537910127.39     
 ratio1=  1.061480387276207E-007 ratio2=  6.312035423660119E-007
 nchek0=           0 toler_force=  1.000000000000000E-005
 nchek=           0
                    conver_nodal_value check
               Convergence check for displacement
 ratio1=  1.422203487184117E-007 ratio2=  1.760629292127874E-006
 nchek=           0
 ***********RESTART FILE IS UPDATED!*******
 istep=          14
 outinp=           0
 tcurvegravity=           0           1           1           1           1
           1           1           1           1           0           0
           0           0           0           0           0           0
           0           0           0           0
 ntelgroup=           0
 Factorization completed ... 
 time: 11:09:55
                     istep=          14 iiter=           1
                     conver_load check
 resid=   473.524029916964      retot=   1540935249775.77     
 ratio1=  1.752987488789962E-005 ratio2=  1.032095121875444E-004
 nchek0=           0 toler_force=  1.000000000000000E-005
 nchek=           1
 miter=         100 iiter=           1
 time: 11:09:55
                     istep=          14 iiter=           2
                     conver_load check
 resid=  1.543593186639663E-002 retot=   1540935271257.54     
 ratio1=  1.000862064188692E-007 ratio2=  6.058186644333361E-007
 nchek0=           0 toler_force=  1.000000000000000E-005
 nchek=           0
                    conver_nodal_value check
               Convergence check for displacement
 ratio1=  1.341599032553658E-007 ratio2=  1.678587502695682E-006
 nchek=           0
 ***********RESTART FILE IS UPDATED!*******
 istep=          15
 outinp=           0
 tcurvegravity=           0           1           1           1           1
           1           1           1           1           0           0
           0           0           0           0           0           0
           0           0           0           0
 ntelgroup=           0
 Factorization completed ... 
 time: 11:09:55
                     istep=          15 iiter=           1
                     conver_load check
 resid=   479.742979453149      retot=   1763621174037.94     
 ratio1=  1.649307606187338E-005 ratio2=  9.865160884794308E-005
 nchek0=           0 toler_force=  1.000000000000000E-005
 nchek=           1
 miter=         100 iiter=           1
 time: 11:09:55
                     istep=          15 iiter=           2
                     conver_load check
 resid=  1.585964647925652E-002 retot=   1763621197429.41     
 ratio1=  9.482963875652793E-008 ratio2=  5.831052729257145E-007
 nchek0=           0 toler_force=  1.000000000000000E-005
 nchek=           0
                    conver_nodal_value check
               Convergence check for displacement
 ratio1=  1.271254240894603E-007 ratio2=  1.605926178598581E-006
 nchek=           0
 ***********RESTART FILE IS UPDATED!*******
 istep=          16
 outinp=           0
 tcurvegravity=           0           1           1           1           1
           1           1           1           1           0           0
           0           0           0           0           0           0
           0           0           0           0
 ntelgroup=           0
 Factorization completed ... 
 time: 11:09:55
                     istep=          16 iiter=           1
                     conver_load check
 resid=   486.071769823528      retot=   2001595673807.33     
 ratio1=  1.558339297115698E-005 ratio2=  9.453389240011778E-005
 nchek0=           0 toler_force=  1.000000000000000E-005
 nchek=           1
 miter=         100 iiter=           1
 time: 11:09:55
                     istep=          16 iiter=           2
                     conver_load check
 resid=  1.629714267599158E-002 retot=   2001595699153.93     
 ratio1=  9.023344827031948E-008 ratio2=  5.626832065542013E-007
 nchek0=           0 toler_force=  1.000000000000000E-005
 nchek=           0
                    conver_nodal_value check
               Convergence check for displacement
 ratio1=  1.209424781898447E-007 ratio2=  1.541183966710049E-006
 nchek=           0
 ***********RESTART FILE IS UPDATED!*******
 istep=          17
 outinp=           0
 tcurvegravity=           0           1           1           1           1
           1           1           1           1           0           0
           0           0           0           0           0           0
           0           0           0           0
 ntelgroup=           0
 Factorization completed ... 
 time: 11:09:56
                     istep=          17 iiter=           1
                     conver_load check
 resid=   492.512609943072      retot=   2254858759768.90     
 ratio1=  1.477913463006600E-005 ratio2=  9.079625413463637E-005
 nchek0=           0 toler_force=  1.000000000000000E-005
 nchek=           1
 miter=         100 iiter=           1
 time: 11:09:56
                     istep=          17 iiter=           2
                     conver_load check
 resid=  1.674892504760545E-002 retot=   2254858787117.28     
 ratio1=  8.618541855182849E-008 ratio2=  5.442415525937923E-007
 nchek0=           0 toler_force=  1.000000000000000E-005
 nchek=           0
                    conver_nodal_value check
               Convergence check for displacement
 ratio1=  1.154732017598020E-007 ratio2=  1.483189564732159E-006
 nchek=           0
 ***********RESTART FILE IS UPDATED!*******
 istep=          18
 outinp=           0
 tcurvegravity=           0           1           1           1           1
           1           1           1           1           0           0
           0           0           0           0           0           0
           0           0           0           0
 ntelgroup=           0
 Factorization completed ... 
 time: 11:09:56
                     istep=          18 iiter=           1
                     conver_load check
 resid=   499.067748076805      retot=   2523410442786.71     
 ratio1=  1.406325347074665E-005 ratio2=  8.738905280139376E-005
 nchek0=           0 toler_force=  1.000000000000000E-005
 nchek=           1
 miter=         100 iiter=           1
 time: 11:09:56
                     istep=          18 iiter=           2
                     conver_load check
 resid=  1.721551795725130E-002 retot=   2523410472184.73     
 ratio1=  8.259734665341865E-008 ratio2=  5.275235686522358E-007
 nchek0=           0 toler_force=  1.000000000000000E-005
 nchek=           0
                    conver_nodal_value check
               Convergence check for displacement
 ratio1=  1.106074509034058E-007 ratio2=  1.430993190356602E-006
 nchek=           0
 ***********RESTART FILE IS UPDATED!*******
 istep=          19
 outinp=           0
 tcurvegravity=           0           1           1           1           1
           1           1           1           1           0           0
           0           0           0           0           0           0
           0           0           0           0
 ntelgroup=           0
 Factorization completed ... 
 time: 11:09:56
                     istep=          19 iiter=           1
                     conver_load check
 resid=   505.739471702641      retot=   2807250733908.07     
 ratio1=  1.342217272385348E-005 ratio2=  8.427093035021405E-005
 nchek0=           0 toler_force=  1.000000000000000E-005
 nchek=           1
 miter=         100 iiter=           1
 time: 11:09:57
                     istep=          19 iiter=           2
                     conver_load check
 resid=  1.769746629980867E-002 retot=   2807250765404.90     
 ratio1=  7.939898351906748E-008 ratio2=  5.123153758448486E-007
 nchek0=           0 toler_force=  1.000000000000000E-005
 nchek=           0
                    conver_nodal_value check
               Convergence check for displacement
 ratio1=  1.062563259979462E-007 ratio2=  1.383816617852843E-006
 nchek=           0
 ***********RESTART FILE IS UPDATED!*******
 istep=          20
 outinp=           0
 tcurvegravity=           0           1           1           1           1
           1           1           1           1           0           0
           0           0           0           0           0           0
           0           0           0           0
 ntelgroup=           0
 Factorization completed ... 
 time: 11:09:57
                     istep=          20 iiter=           1
                     conver_load check
 resid=   512.530107290922      retot=   3106379644367.68     
 ratio1=  1.284495020958617E-005 ratio2=  8.140715264529061E-005
 nchek0=           0 toler_force=  1.000000000000000E-005
 nchek=           1
 miter=         100 iiter=           1
 time: 11:09:57
                     istep=          20 iiter=           2
                     conver_load check
 resid=  1.819533626056925E-002 retot=   3106379678013.78     
 ratio1=  7.653371147831223E-008 ratio2=  4.984373723208948E-007
 nchek0=           0 toler_force=  1.000000000000000E-005
 nchek=           0
                    conver_nodal_value check
               Convergence check for displacement
 ratio1=  1.023473882477025E-007 ratio2=  1.341016128007345E-006
 nchek=           0
 ***********RESTART FILE IS UPDATED!*******
 istep=          21
 outinp=           0
 tcurvegravity=           0           1           1           1           1
           1           1           1           1           0           0
           0           0           0           0           0           0
           0           0           0           0
 ntelgroup=           0
 Factorization completed ... 
 time: 11:09:57
                     istep=          21 iiter=           1
                     conver_load check
 resid=   519.442019981650      retot=   3420797185591.95     
 ratio1=  1.232267164531205E-005 ratio2=  7.876833361235651E-005
 nchek0=           0 toler_force=  1.000000000000000E-005
 nchek=           1
 miter=         100 iiter=           1
 time: 11:09:57
                     istep=          21 iiter=           2
                     conver_load check
 resid=  1.870971619872671E-002 retot=   3420797221439.15     
 ratio1=  7.395540752592160E-008 ratio2=  4.857376287584659E-007
 nchek0=           0 toler_force=  1.000000000000000E-005
 nchek=           0
                    conver_nodal_value check
               Convergence check for displacement
 ratio1=  9.882108563383704E-008 ratio2=  1.302054715722577E-006
 nchek=           0
 ***********RESTART FILE IS UPDATED!*******
 istep=          22
 outinp=           0
 tcurvegravity=           0           1           1           1           1
           1           1           1           1           0           0
           0           0           0           0           0           0
           0           0           0           0
 ntelgroup=           0
 Factorization completed ... 
 time: 11:09:58
                     istep=          22 iiter=           1
                     conver_load check
 resid=   526.477613137510      retot=   3750503369203.40     
 ratio1=  1.184800351779457E-005 ratio2=  7.632944327824643E-005
 nchek0=           0 toler_force=  1.000000000000000E-005
 nchek=           1
 miter=         100 iiter=           1
 time: 11:09:58
                     istep=          22 iiter=           2
                     conver_load check
 resid=  1.924121738373531E-002 retot=   3750503407304.92     
 ratio1=  7.162613071019965E-008 ratio2=  4.740867557895803E-007
 nchek0=           0 toler_force=  1.000000000000000E-005
 nchek=           0
                    conver_nodal_value check
               Convergence check for displacement
 ratio1=  9.562805320193118E-008 ratio2=  1.266480840047148E-006
 nchek=           0
 ***********RESTART FILE IS UPDATED!*******
 istep=          23
 outinp=           0
 tcurvegravity=           0           1           1           1           1
           1           1           1           1           0           0
           0           0           0           0           0           0
           0           0           0           0
 ntelgroup=           0
 Factorization completed ... 
 time: 11:09:58
                     istep=          23 iiter=           1
                     conver_load check
 resid=   6327096.62568689      retot=   4095498207025.21     
 ratio1=  1.242936275987033E-003 ratio2=  9.810407136005910E-003
 nchek0=           0 toler_force=  1.000000000000000E-005
 nchek=           1
 miter=         100 iiter=           1
 time: 11:09:58
                     istep=          23 iiter=           2
                     conver_load check
 resid=   742262.877890405      retot=   4095503924872.25     
 ratio1=  4.257211212672464E-004 ratio2=  3.361987656831777E-003
 nchek0=           0 toler_force=  1.000000000000000E-005
 nchek=           1
 miter=         100 iiter=           2
 time: 11:09:58
                     istep=          23 iiter=           3
                     conver_load check
 resid=   88136.5158972925      retot=   4095505870180.51     
 ratio1=  1.466979898446212E-004 ratio2=  1.159369940342884E-003
 nchek0=           0 toler_force=  1.000000000000000E-005
 nchek=           1
 miter=         100 iiter=           3
 time: 11:09:58
                     istep=          23 iiter=           4
                     conver_load check
 resid=   10509.1469940525      retot=   4095506540288.00     
 ratio1=  5.065588665473628E-005 ratio2=  4.004360294462742E-004
 nchek0=           0 toler_force=  1.000000000000000E-005
 nchek=           1
 miter=         100 iiter=           4
 time: 11:09:58
                     istep=          23 iiter=           5
                     conver_load check
 resid=   1254.87289455758      retot=   4095506771664.30     
 ratio1=  1.750435228299540E-005 ratio2=  1.383838534181996E-004
 nchek0=           0 toler_force=  1.000000000000000E-005
 nchek=           1
 miter=         100 iiter=           5
 time: 11:09:58
                     istep=          23 iiter=           6
                     conver_load check
 resid=   149.915241647244      retot=   4095506851615.38     
 ratio1=  6.050190734361473E-006 ratio2=  4.783227399958386E-005
 nchek0=           0 toler_force=  1.000000000000000E-005
 nchek=           1
 miter=         100 iiter=           6
 time: 11:09:58
                     istep=          23 iiter=           7
                     conver_load check
 resid=   17.9128894106465      retot=   4095506879249.37     
 ratio1=  2.091360939784007E-006 ratio2=  1.653428554078103E-005
 nchek0=           0 toler_force=  1.000000000000000E-005
 nchek=           1
 miter=         100 iiter=           7
 time: 11:09:58
                     istep=          23 iiter=           8
                     conver_load check
 resid=   2.14047915160607      retot=   4095506888801.55     
 ratio1=  7.229390277240754E-007 ratio2=  5.715573215511260E-006
 nchek0=           0 toler_force=  1.000000000000000E-005
 nchek=           0
                    conver_nodal_value check
               Convergence check for displacement
 ratio1=  1.726588992906886E-008 ratio2=  1.739244701750299E-007
 nchek=           0
 ***********RESTART FILE IS UPDATED!*******
 istep=          24
 outinp=           0
 tcurvegravity=           0           1           1           1           1
           1           1           1           1           0           0
           0           0           0           0           0           0
           0           0           0           0
 ntelgroup=           0
 Factorization completed ... 
 time: 11:09:58
                     istep=          24 iiter=           1
                     conver_load check
 resid=   15614374.8835062      retot=   4455795683703.90     
 ratio1=  1.871973372041377E-003 ratio2=  1.458711448676862E-002
 nchek0=           0 toler_force=  1.000000000000000E-005
 nchek=           1
 miter=         100 iiter=           1
 time: 11:09:58
                     istep=          24 iiter=           2
                     conver_load check
 resid=   1988268.20083322      retot=   4455806703591.34     
 ratio1=  6.679966924477414E-004 ratio2=  5.511812493471283E-003
 nchek0=           0 toler_force=  1.000000000000000E-005
 nchek=           1
 miter=         100 iiter=           2
 time: 11:09:58
                     istep=          24 iiter=           3
                     conver_load check
 resid=   250637.724102362      retot=   4455809563628.84     
 ratio1=  2.371700846035085E-004 ratio2=  1.945145412424012E-003
 nchek0=           0 toler_force=  1.000000000000000E-005
 nchek=           1
 miter=         100 iiter=           3
 time: 11:09:58
                     istep=          24 iiter=           4
                     conver_load check
 resid=   30392.8750051294      retot=   4455810610127.65     
 ratio1=  8.258906136756799E-005 ratio2=  6.600522839255148E-004
 nchek0=           0 toler_force=  1.000000000000000E-005
 nchek=           1
 miter=         100 iiter=           4
 time: 11:09:58
                     istep=          24 iiter=           5
                     conver_load check
 resid=   3732.44206983852      retot=   4455811027877.69     
 ratio1=  2.894230766854120E-005 ratio2=  2.312134281008242E-004
 nchek0=           0 toler_force=  1.000000000000000E-005
 nchek=           1
 miter=         100 iiter=           5
 time: 11:09:58
                     istep=          24 iiter=           6
                     conver_load check
 resid=   458.478407607997      retot=   4455811174157.26     
 ratio1=  1.014369201031676E-005 ratio2=  8.103621628912822E-005
 nchek0=           0 toler_force=  1.000000000000000E-005
 nchek=           1
 miter=         100 iiter=           6
 time: 11:09:58
                     istep=          24 iiter=           7
                     conver_load check
 resid=   56.3318090607237      retot=   4455811225414.29     
 ratio1=  3.555604585716978E-006 ratio2=  2.840544703133982E-005
 nchek0=           0 toler_force=  1.000000000000000E-005
 nchek=           1
 miter=         100 iiter=           7
 time: 11:09:59
                     istep=          24 iiter=           8
                     conver_load check
 resid=   6.92195104664537      retot=   4455811243380.10     
 ratio1=  1.246381141583858E-006 ratio2=  9.957289587925779E-006
 nchek0=           0 toler_force=  1.000000000000000E-005
 nchek=           0
                    conver_nodal_value check
               Convergence check for displacement
 ratio1=  2.989073385432665E-008 ratio2=  3.030345886118982E-007
 nchek=           0
 ***********RESTART FILE IS UPDATED!*******
 istep=          25
 outinp=           0
 tcurvegravity=           0           1           1           1           1
           1           1           1           1           0           0
           0           0           0           0           0           0
           0           0           0           0
 ntelgroup=           0
 Factorization completed ... 
 time: 11:09:59
                     istep=          25 iiter=           1
                     conver_load check
 resid=   136416891.150033      retot=   4831396531372.01     
 ratio1=  5.313708576740923E-003 ratio2=  1.647627318726203E-002
 nchek0=           0 toler_force=  1.000000000000000E-005
 nchek=           1
 miter=         100 iiter=           1
 time: 11:09:59
                     istep=          25 iiter=           2
                     conver_load check
 resid=   6234607.62533073      retot=   4831640699643.52     
 ratio1=  1.135944852072797E-003 ratio2=  5.426350608141647E-003
 nchek0=           0 toler_force=  1.000000000000000E-005
 nchek=           1
 miter=         100 iiter=           2
 time: 11:09:59
                     istep=          25 iiter=           3
                     conver_load check
 resid=   629735.387535267      retot=   4831680604014.07     
 ratio1=  3.610189016242470E-004 ratio2=  2.318105492598769E-003
 nchek0=           0 toler_force=  1.000000000000000E-005
 nchek=           1
 miter=         100 iiter=           3
 time: 11:09:59
                     istep=          25 iiter=           4
                     conver_load check
 resid=   100280.833894655      retot=   4831687687502.52     
 ratio1=  1.440653508222198E-004 ratio2=  1.048207655979083E-003
 nchek0=           0 toler_force=  1.000000000000000E-005
 nchek=           1
 miter=         100 iiter=           4
 time: 11:09:59
                     istep=          25 iiter=           5
                     conver_load check
 resid=   18200.3036840901      retot=   4831689123611.79     
 ratio1=  6.137476263489881E-005 ratio2=  4.670583186745180E-004
 nchek0=           0 toler_force=  1.000000000000000E-005
 nchek=           1
 miter=         100 iiter=           5
 time: 11:09:59
                     istep=          25 iiter=           6
                     conver_load check
 resid=   3419.40025713128      retot=   4831689478545.15     
 ratio1=  2.660268440355441E-005 ratio2=  2.064879986784158E-004
 nchek0=           0 toler_force=  1.000000000000000E-005
 nchek=           1
 miter=         100 iiter=           6
 time: 11:09:59
                     istep=          25 iiter=           7
                     conver_load check
 resid=   649.914976146964      retot=   4831689587737.83     
 ratio1=  1.159788397347461E-005 ratio2=  9.090726696501856E-005
 nchek0=           0 toler_force=  1.000000000000000E-005
 nchek=           1
 miter=         100 iiter=           7
 time: 11:09:59
                     istep=          25 iiter=           8
                     conver_load check
 resid=   124.130561529327      retot=   4831689627513.33     
 ratio1=  5.068621315248694E-006 ratio2=  3.993211570959828E-005
 nchek0=           0 toler_force=  1.000000000000000E-005
 nchek=           1
 miter=         100 iiter=           8
 time: 11:09:59
                     istep=          25 iiter=           9
                     conver_load check
 resid=   23.7634546329171      retot=   4831689643483.70     
 ratio1=  2.217712647791730E-006 ratio2=  1.751925957454646E-005
 nchek0=           0 toler_force=  1.000000000000000E-005
 nchek=           1
 miter=         100 iiter=           9
 time: 11:09:59
                     istep=          25 iiter=          10
                     conver_load check
 resid=   4.55462141692399      retot=   4831689650206.72     
 ratio1=  9.709047516847313E-007 ratio2=  7.681062282944505E-006
 nchek0=           0 toler_force=  1.000000000000000E-005
 nchek=           0
                    conver_nodal_value check
               Convergence check for displacement
 ratio1=  1.273251590553754E-008 ratio2=  2.118861887207245E-007
 nchek=           0
 ***********RESTART FILE IS UPDATED!*******
 istep=          26
 outinp=           0
 tcurvegravity=           0           1           1           1           1
           1           1           1           1           0           0
           0           0           0           0           0           0
           0           0           0           0
 ntelgroup=           0
 Factorization completed ... 
 time: 11:09:59
                     istep=          26 iiter=           1
                     conver_load check
 resid=   476297301.125625      retot=   5222735806952.88     
 ratio1=  9.549706661558275E-003 ratio2=  1.749823808408285E-002
 nchek0=           0 toler_force=  1.000000000000000E-005
 nchek=           1
 miter=         100 iiter=           1
 time: 11:09:59
                     istep=          26 iiter=           2
                     conver_load check
 resid=   25031851.8948583      retot=   5223370216564.18     
 ratio1=  2.189127648379290E-003 ratio2=  8.922984084251228E-003
 nchek0=           0 toler_force=  1.000000000000000E-005
 nchek=           1
 miter=         100 iiter=           2
 time: 11:09:59
                     istep=          26 iiter=           3
                     conver_load check
 resid=   2855301.22753541      retot=   5223488235846.52     
 ratio1=  7.393424725321881E-004 ratio2=  4.615781675606679E-003
 nchek0=           0 toler_force=  1.000000000000000E-005
 nchek=           1
 miter=         100 iiter=           3
 time: 11:09:59
                     istep=          26 iiter=           4
                     conver_load check
 resid=   541473.440545909      retot=   5223511179679.09     
 ratio1=  3.219640007449182E-004 ratio2=  2.302436836885986E-003
 nchek0=           0 toler_force=  1.000000000000000E-005
 nchek=           1
 miter=         100 iiter=           4
 time: 11:09:59
                     istep=          26 iiter=           5
                     conver_load check
 resid=   122621.895140169      retot=   5223516070460.28     
 ratio1=  1.532154441133086E-004 ratio2=  1.129329627379498E-003
 nchek0=           0 toler_force=  1.000000000000000E-005
 nchek=           1
 miter=         100 iiter=           5
 time: 11:09:59
                     istep=          26 iiter=           6
                     conver_load check
 resid=   29042.5398716444      retot=   5223517234653.23     
 ratio1=  7.456513030595960E-005 ratio2=  5.489777665669562E-004
 nchek0=           0 toler_force=  1.000000000000000E-005
 nchek=           1
 miter=         100 iiter=           6
 time: 11:09:59
                     istep=          26 iiter=           7
                     conver_load check
 resid=   6962.53608408520      retot=   5223517548981.59     
 ratio1=  3.650919022830504E-005 ratio2=  2.658164322676924E-004
 nchek0=           0 toler_force=  1.000000000000000E-005
 nchek=           1
 miter=         100 iiter=           7
 time: 11:09:59
                     istep=          26 iiter=           8
                     conver_load check
 resid=   1675.77612788485      retot=   5223517645366.37     
 ratio1=  1.791127354804235E-005 ratio2=  1.285458672665552E-004
 nchek0=           0 toler_force=  1.000000000000000E-005
 nchek=           1
 miter=         100 iiter=           8
 time: 11:09:59
                     istep=          26 iiter=           9
                     conver_load check
 resid=   404.038086109910      retot=   5223517678494.38     
 ratio1=  8.794873924503054E-006 ratio2=  6.217373853389309E-005
 nchek0=           0 toler_force=  1.000000000000000E-005
 nchek=           1
 miter=         100 iiter=           9
 time: 11:09:59
                     istep=          26 iiter=          10
                     conver_load check
 resid=   97.5298100575566      retot=   5223517690993.47     
 ratio1=  4.321028733570221E-006 ratio2=  3.010018023247889E-005
 nchek0=           0 toler_force=  1.000000000000000E-005
 nchek=           1
 miter=         100 iiter=          10
 time: 11:09:59
                     istep=          26 iiter=          11
                     conver_load check
 resid=   23.5675246933549      retot=   5223517696060.05     
 ratio1=  2.124102402878557E-006 ratio2=  1.459239142836353E-005
 nchek0=           0 toler_force=  1.000000000000000E-005
 nchek=           1
 miter=         100 iiter=          11
 time: 11:09:59
                     istep=          26 iiter=          12
                     conver_load check
 resid=   5.70102290839978      retot=   5223517698226.45     
 ratio1=  1.044707849460515E-006 ratio2=  7.085444395511232E-006
 nchek0=           0 toler_force=  1.000000000000000E-005
 nchek=           0
                    conver_nodal_value check
               Convergence check for displacement
 ratio1=  6.271107075456585E-009 ratio2=  1.100004559785535E-007
 nchek=           0
 ***********RESTART FILE IS UPDATED!*******
 istep=          27
 outinp=           0
 tcurvegravity=           0           1           1           1           1
           1           1           1           1           0           0
           0           0           0           0           0           0
           0           0           0           0
 ntelgroup=           0
 Factorization completed ... 
 time: 11:10:00
                     istep=          27 iiter=           1
                     conver_load check
 resid=   1207720245.78784      retot=   5630256984133.18     
 ratio1=  1.464600116567670E-002 ratio2=  2.285082341114462E-002
 nchek0=           0 toler_force=  1.000000000000000E-005
 nchek=           1
 miter=         100 iiter=           1
 time: 11:10:00
                     istep=          27 iiter=           2
                     conver_load check
 resid=   75309039.9125504      retot=   5631459331020.28     
 ratio1=  3.656899957626583E-003 ratio2=  7.984968796189472E-003
 nchek0=           0 toler_force=  1.000000000000000E-005
 nchek=           1
 miter=         100 iiter=           2
 time: 11:10:00
                     istep=          27 iiter=           3
                     conver_load check
 resid=   6075720.42979139      retot=   5631749379832.91     
 ratio1=  1.038669146088780E-003 ratio2=  3.759688573138420E-003
 nchek0=           0 toler_force=  1.000000000000000E-005
 nchek=           1
 miter=         100 iiter=           3
 time: 11:10:00
                     istep=          27 iiter=           4
                     conver_load check
 resid=   732721.533140437      retot=   5631821077790.62     
 ratio1=  3.606990952138328E-004 ratio2=  1.950732094085017E-003
 nchek0=           0 toler_force=  1.000000000000000E-005
 nchek=           1
 miter=         100 iiter=           4
 time: 11:10:00
                     istep=          27 iiter=           5
                     conver_load check
 resid=   138170.519762725      retot=   5631839222893.86     
 ratio1=  1.566327495265855E-004 ratio2=  1.018663500063722E-003
 nchek0=           0 toler_force=  1.000000000000000E-005
 nchek=           1
 miter=         100 iiter=           5
 time: 11:10:00
                     istep=          27 iiter=           6
                     conver_load check
 resid=   33541.6373044504      retot=   5631843902985.73     
 ratio1=  7.717325615403891E-005 ratio2=  5.337058899197814E-004
 nchek0=           0 toler_force=  1.000000000000000E-005
 nchek=           1
 miter=         100 iiter=           6
 time: 11:10:00
                     istep=          27 iiter=           7
                     conver_load check
 resid=   8911.05391447798      retot=   5631845147259.01     
 ratio1=  3.977765559010456E-005 ratio2=  2.798723356492678E-004
 nchek0=           0 toler_force=  1.000000000000000E-005
 nchek=           1
 miter=         100 iiter=           7
 time: 11:10:00
                     istep=          27 iiter=           8
                     conver_load check
 resid=   2429.17815016936      retot=   5631845493540.34     
 ratio1=  2.076846109079757E-005 ratio2=  1.468676794669414E-004
 nchek0=           0 toler_force=  1.000000000000000E-005
 nchek=           1
 miter=         100 iiter=           8
 time: 11:10:00
                     istep=          27 iiter=           9
                     conver_load check
 resid=   664.032471600873      retot=   5631845594435.06     
 ratio1=  1.085848632772729E-005 ratio2=  7.703737366095130E-005
 nchek0=           0 toler_force=  1.000000000000000E-005
 nchek=           1
 miter=         100 iiter=           9
 time: 11:10:00
                     istep=          27 iiter=          10
                     conver_load check
 resid=   181.268672106855      retot=   5631845624964.56     
 ratio1=  5.673303349434898E-006 ratio2=  4.034700388905672E-005
 nchek0=           0 toler_force=  1.000000000000000E-005
 nchek=           1
 miter=         100 iiter=          10
 time: 11:10:00
                     istep=          27 iiter=          11
                     conver_load check
 resid=   49.3815160434129      retot=   5631845634761.40     
 ratio1=  2.961125662909533E-006 ratio2=  2.110015218062595E-005
 nchek0=           0 toler_force=  1.000000000000000E-005
 nchek=           1
 miter=         100 iiter=          11
 time: 11:10:00
                     istep=          27 iiter=          12
                     conver_load check
 resid=   13.4275380662949      retot=   5631845638140.21     
 ratio1=  1.544090762121195E-006 ratio2=  1.102155993142961E-005
 nchek0=           0 toler_force=  1.000000000000000E-005
 nchek=           1
 miter=         100 iiter=          12
 time: 11:10:00
                     istep=          27 iiter=          13
                     conver_load check
 resid=   3.64559821609843      retot=   5631845639400.71     
 ratio1=  8.045610984769483E-007 ratio2=  5.751578285927577E-006
 nchek0=           0 toler_force=  1.000000000000000E-005
 nchek=           0
                    conver_nodal_value check
               Convergence check for displacement
 ratio1=  3.832616584275668E-009 ratio2=  6.100991618381522E-008
 nchek=           0
 ***********RESTART FILE IS UPDATED!*******
 istep=          28
 outinp=           0
 tcurvegravity=           0           1           1           1           1
           1           1           1           1           0           0
           0           0           0           0           0           0
           0           0           0           0
 ntelgroup=           0
 Factorization completed ... 
 time: 11:10:00
                     istep=          28 iiter=           1
                     conver_load check
 resid=   2134831100.73296      retot=   6054625719744.58     
 ratio1=  1.877751466500232E-002 ratio2=  2.623796266275047E-002
 nchek0=           0 toler_force=  1.000000000000000E-005
 nchek=           1
 miter=         100 iiter=           1
 time: 11:10:00
                     istep=          28 iiter=           2
                     conver_load check
 resid=   190974818.369502      retot=   6056937059830.78     
 ratio1=  5.615152071258557E-003 ratio2=  9.500076273406431E-003
 nchek0=           0 toler_force=  1.000000000000000E-005
 nchek=           1
 miter=         100 iiter=           2
 time: 11:10:00
                     istep=          28 iiter=           3
                     conver_load check
 resid=   19592461.2459718      retot=   6057484434260.37     
 ratio1=  1.798449903112771E-003 ratio2=  4.131217620440608E-003
 nchek0=           0 toler_force=  1.000000000000000E-005
 nchek=           1
 miter=         100 iiter=           3
 time: 11:10:00
                     istep=          28 iiter=           4
                     conver_load check
 resid=   2290228.38356679      retot=   6057640448259.08     
 ratio1=  6.148761534624854E-004 ratio2=  2.193773864794599E-003
 nchek0=           0 toler_force=  1.000000000000000E-005
 nchek=           1
 miter=         100 iiter=           4
 time: 11:10:00
                     istep=          28 iiter=           5
                     conver_load check
 resid=   377632.233374106      retot=   6057687764707.98     
 ratio1=  2.496784653719060E-004 ratio2=  1.158681337448939E-003
 nchek0=           0 toler_force=  1.000000000000000E-005
 nchek=           1
 miter=         100 iiter=           5
 time: 11:10:00
                     istep=          28 iiter=           6
                     conver_load check
 resid=   81340.4414306699      retot=   6057701612766.30     
 ratio1=  1.158775552073314E-004 ratio2=  6.110610479250582E-004
 nchek0=           0 toler_force=  1.000000000000000E-005
 nchek=           1
 miter=         100 iiter=           6
 time: 11:10:00
                     istep=          28 iiter=           7
                     conver_load check
 resid=   20066.5166307158      retot=   6057705653451.53     
 ratio1=  5.755484798711276E-005 ratio2=  3.221449633127866E-004
 nchek0=           0 toler_force=  1.000000000000000E-005
 nchek=           1
 miter=         100 iiter=           7
 time: 11:10:00
                     istep=          28 iiter=           8
                     conver_load check
 resid=   5230.92437711942      retot=   6057706869543.36     
 ratio1=  2.938563593290892E-005 ratio2=  1.698649655210671E-004
 nchek0=           0 toler_force=  1.000000000000000E-005
 nchek=           1
 miter=         100 iiter=           8
 time: 11:10:00
                     istep=          28 iiter=           9
                     conver_load check
 resid=   1404.11019733064      retot=   6057707261972.89     
 ratio1=  1.522461978744826E-005 ratio2=  8.955626501237257E-005
 nchek0=           0 toler_force=  1.000000000000000E-005
 nchek=           1
 miter=         100 iiter=           9
 time: 11:10:00
                     istep=          28 iiter=          10
                     conver_load check
 resid=   381.924006865049      retot=   6057707394720.70     
 ratio1=  7.940252863616175E-006 ratio2=  4.742789169534993E-005
 nchek0=           0 toler_force=  1.000000000000000E-005
 nchek=           1
 miter=         100 iiter=          10
 time: 11:10:01
                     istep=          28 iiter=          11
                     conver_load check
 resid=   104.932137598654      retot=   6057707440925.86     
 ratio1=  4.161981184175956E-006 ratio2=  2.534927081266880E-005
 nchek0=           0 toler_force=  1.000000000000000E-005
 nchek=           1
 miter=         100 iiter=          11
 time: 11:10:01
                     istep=          28 iiter=          12
                     conver_load check
 resid=   29.0274220869140      retot=   6057707457852.04     
 ratio1=  2.189021796092368E-006 ratio2=  1.353184035468084E-005
 nchek0=           0 toler_force=  1.000000000000000E-005
 nchek=           1
 miter=         100 iiter=          12
 time: 11:10:01
                     istep=          28 iiter=          13
                     conver_load check
 resid=   8.06765019935962      retot=   6057707464418.94     
 ratio1=  1.154036065444815E-006 ratio2=  7.216239173132886E-006
 nchek0=           0 toler_force=  1.000000000000000E-005
 nchek=           0
                    conver_nodal_value check
               Convergence check for displacement
 ratio1=  1.027553929962832E-008 ratio2=  1.079798311592200E-007
 nchek=           0
 ***********RESTART FILE IS UPDATED!*******
 istep=          29
 outinp=           0
 tcurvegravity=           0           1           1           1           1
           1           1           1           1           0           0
           0           0           0           0           0           0
           0           0           0           0
 ntelgroup=           0
 Factorization completed ... 
 time: 11:10:01
                     istep=          29 iiter=           1
                     conver_load check
 resid=   2721769428.80675      retot=   6497176499174.20     
 ratio1=  2.046743093011312E-002 ratio2=  2.931376075462455E-002
 nchek0=           0 toler_force=  1.000000000000000E-005
 nchek=           1
 miter=         100 iiter=           1
 time: 11:10:01
                     istep=          29 iiter=           2
                     conver_load check
 resid=   315254739.414371      retot=   6501807655715.35     
 ratio1=  6.963278308042904E-003 ratio2=  9.370414693065269E-003
 nchek0=           0 toler_force=  1.000000000000000E-005
 nchek=           1
 miter=         100 iiter=           2
 time: 11:10:01
                     istep=          29 iiter=           3
                     conver_load check
 resid=   47316008.5700524      retot=   6502546526151.17     
 ratio1=  2.697505362735714E-003 ratio2=  4.621362099602678E-003
 nchek0=           0 toler_force=  1.000000000000000E-005
 nchek=           1
 miter=         100 iiter=           3
 time: 11:10:01
                     istep=          29 iiter=           4
                     conver_load check
 resid=   8466354.10548297      retot=   6502755344721.76     
 ratio1=  1.141036421284251E-003 ratio2=  2.523359251727981E-003
 nchek0=           0 toler_force=  1.000000000000000E-005
 nchek=           1
 miter=         100 iiter=           4
 time: 11:10:01
                     istep=          29 iiter=           5
                     conver_load check
 resid=   1698997.63686697      retot=   6502818684079.75     
 ratio1=  5.111467043047330E-004 ratio2=  1.364252415000700E-003
 nchek0=           0 toler_force=  1.000000000000000E-005
 nchek=           1
 miter=         100 iiter=           5
 time: 11:10:01
                     istep=          29 iiter=           6
                     conver_load check
 resid=   364159.683630496      retot=   6502838755529.09     
 ratio1=  2.366434230942519E-004 ratio2=  7.350373954736543E-004
 nchek0=           0 toler_force=  1.000000000000000E-005
 nchek=           1
 miter=         100 iiter=           6
 time: 11:10:01
                     istep=          29 iiter=           7
                     conver_load check
 resid=   81922.3545181257      retot=   6502845584963.85     
 ratio1=  1.122404740210065E-004 ratio2=  3.953311133223930E-004
 nchek0=           0 toler_force=  1.000000000000000E-005
 nchek=           1
 miter=         100 iiter=           7
 time: 11:10:01
                     istep=          29 iiter=           8
                     conver_load check
 resid=   19185.9781346341      retot=   6502848048983.16     
 ratio1=  5.431754959601849E-005 ratio2=  2.124243392122789E-004
 nchek0=           0 toler_force=  1.000000000000000E-005
 nchek=           1
 miter=         100 iiter=           8
 time: 11:10:01
                     istep=          29 iiter=           9
                     conver_load check
 resid=   4644.66691003383      retot=   6502848973655.45     
 ratio1=  2.672547625687817E-005 ratio2=  1.140458762042972E-004
 nchek0=           0 toler_force=  1.000000000000000E-005
 nchek=           1
 miter=         100 iiter=           9
 time: 11:10:01
                     istep=          29 iiter=          10
                     conver_load check
 resid=   1157.41162749912      retot=   6502849338030.31     
 ratio1=  1.334111336144309E-005 ratio2=  6.118153830343749E-005
 nchek0=           0 toler_force=  1.000000000000000E-005
 nchek=           1
 miter=         100 iiter=          10
 time: 11:10:01
                     istep=          29 iiter=          11
                     conver_load check
 resid=   295.730369457926      retot=   6502849485891.20     
 ratio1=  6.743666923792844E-006 ratio2=  3.280296825892534E-005
 nchek0=           0 toler_force=  1.000000000000000E-005
 nchek=           1
 miter=         100 iiter=          11
 time: 11:10:01
                     istep=          29 iiter=          12
                     conver_load check
 resid=   77.1935942135092      retot=   6502849547518.46     
 ratio1=  3.445393088977154E-006 ratio2=  1.758108548875466E-005
 nchek0=           0 toler_force=  1.000000000000000E-005
 nchek=           1
 miter=         100 iiter=          12
 time: 11:10:01
                     istep=          29 iiter=          13
                     conver_load check
 resid=   20.5186810903163      retot=   6502849573803.65     
 ratio1=  1.776326794474796E-006 ratio2=  9.420784168488634E-006
 nchek0=           0 toler_force=  1.000000000000000E-005
 nchek=           0
                    conver_nodal_value check
               Convergence check for displacement
 ratio1=  1.969620687015101E-008 ratio2=  1.516609304490512E-007
 nchek=           0
 ***********RESTART FILE IS UPDATED!*******
 istep=          30
 outinp=           0
 tcurvegravity=           0           1           1           1           1
           1           1           1           1           0           0
           0           0           0           0           0           0
           0           0           0           0
 ntelgroup=           0
 Factorization completed ... 
 time: 11:10:01
                     istep=          30 iiter=           1
                     conver_load check
 resid=   2988035446.34406      retot=   6960093670815.48     
 ratio1=  2.071978908797835E-002 ratio2=  2.912246763551780E-002
 nchek0=           0 toler_force=  1.000000000000000E-005
 nchek=           1
 miter=         100 iiter=           1
 time: 11:10:01
                     istep=          30 iiter=           2
                     conver_load check
 resid=   377674545.726280      retot=   6968796921820.40     
 ratio1=  7.361731155289234E-003 ratio2=  9.280367636473628E-003
 nchek0=           0 toler_force=  1.000000000000000E-005
 nchek=           1
 miter=         100 iiter=           2
 time: 11:10:01
                     istep=          30 iiter=           3
                     conver_load check
 resid=   71480995.0719935      retot=   6969784326671.88     
 ratio1=  3.202474092514888E-003 ratio2=  5.278524179039308E-003
 nchek0=           0 toler_force=  1.000000000000000E-005
 nchek=           1
 miter=         100 iiter=           3
 time: 11:10:02
                     istep=          30 iiter=           4
                     conver_load check
 resid=   15554670.4673992      retot=   6970012392676.75     
 ratio1=  1.493872842806392E-003 ratio2=  2.943036426240545E-003
 nchek0=           0 toler_force=  1.000000000000000E-005
 nchek=           1
 miter=         100 iiter=           4
 time: 11:10:02
                     istep=          30 iiter=           5
                     conver_load check
 resid=   3578231.54859121      retot=   6970076751562.66     
 ratio1=  7.164987549166386E-004 ratio2=  1.625064024973145E-003
 nchek0=           0 toler_force=  1.000000000000000E-005
 nchek=           1
 miter=         100 iiter=           5
 time: 11:10:02
                     istep=          30 iiter=           6
                     conver_load check
 resid=   846337.208109579      retot=   6970097149642.75     
 ratio1=  3.484594939314733E-004 ratio2=  8.925667662849616E-004
 nchek0=           0 toler_force=  1.000000000000000E-005
 nchek=           1
 miter=         100 iiter=           6
 time: 11:10:02
                     istep=          30 iiter=           7
                     conver_load check
 resid=   205438.394290090      retot=   6970104537532.00     
 ratio1=  1.716805753746128E-004 ratio2=  4.886220791995762E-004
 nchek0=           0 toler_force=  1.000000000000000E-005
 nchek=           1
 miter=         100 iiter=           7
 time: 11:10:02
                     istep=          30 iiter=           8
                     conver_load check
 resid=   51000.0668713537      retot=   6970107445025.90     
 ratio1=  8.553928905017180E-005 ratio2=  2.668826891053160E-004
 nchek0=           0 toler_force=  1.000000000000000E-005
 nchek=           1
 miter=         100 iiter=           8
 time: 11:10:02
                     istep=          30 iiter=           9
                     conver_load check
 resid=   12892.3459988159      retot=   6970108633559.04     
 ratio1=  4.300769852581219E-005 ratio2=  1.455329797066918E-004
 nchek0=           0 toler_force=  1.000000000000000E-005
 nchek=           1
 miter=         100 iiter=           9
 time: 11:10:02
                     istep=          30 iiter=          10
                     conver_load check
 resid=   3311.91203196049      retot=   6970109129206.06     
 ratio1=  2.179814853406118E-005 ratio2=  7.926732893525196E-005
 nchek0=           0 toler_force=  1.000000000000000E-005
 nchek=           1
 miter=         100 iiter=          10
 time: 11:10:02
                     istep=          30 iiter=          11
                     conver_load check
 resid=   863.282772806280      retot=   6970109341972.44     
 ratio1=  1.112901535718216E-005 ratio2=  4.313805419936332E-005
 nchek0=           0 toler_force=  1.000000000000000E-005
 nchek=           1
 miter=         100 iiter=          11
 time: 11:10:02
                     istep=          30 iiter=          12
                     conver_load check
 resid=   228.042396969593      retot=   6970109435515.90     
 ratio1=  5.719894257971942E-006 ratio2=  2.346207116532869E-005
 nchek0=           0 toler_force=  1.000000000000000E-005
 nchek=           1
 miter=         100 iiter=          12
 time: 11:10:02
                     istep=          30 iiter=          13
                     conver_load check
 resid=   60.9811610808770      retot=   6970109477428.00     
 ratio1=  2.957862931763025E-006 ratio2=  1.275528497284758E-005
 nchek0=           0 toler_force=  1.000000000000000E-005
 nchek=           1
 miter=         100 iiter=          13
 time: 11:10:02
                     istep=          30 iiter=          14
                     conver_load check
 resid=   16.4916685298575      retot=   6970109496497.41     
 ratio1=  1.538198906481374E-006 ratio2=  6.932508618721412E-006
 nchek0=           0 toler_force=  1.000000000000000E-005
 nchek=           0
                    conver_nodal_value check
               Convergence check for displacement
 ratio1=  1.846783048897075E-008 ratio2=  1.040867916453558E-007
 nchek=           0
 ***********RESTART FILE IS UPDATED!*******
 istep=          31
 outinp=           0
 tcurvegravity=           0           1           1           1           1
           1           1           1           1           0           0
           0           0           0           0           0           0
           0           0           0           0
 ntelgroup=           0
 Factorization completed ... 
 time: 11:10:02
                     istep=          31 iiter=           1
                     conver_load check
 resid=   3198549772.92705      retot=   7446883573090.19     
 ratio1=  2.072474876812888E-002 ratio2=  2.844523847159927E-002
 nchek0=           0 toler_force=  1.000000000000000E-005
 nchek=           1
 miter=         100 iiter=           1
 time: 11:10:02
                     istep=          31 iiter=           2
                     conver_load check
 resid=   438933142.416383      retot=   7460368728796.80     
 ratio1=  7.670418160979509E-003 ratio2=  1.061611804559061E-002
 nchek0=           0 toler_force=  1.000000000000000E-005
 nchek=           1
 miter=         100 iiter=           2
 time: 11:10:02
                     istep=          31 iiter=           3
                     conver_load check
 resid=   91830982.4286006      retot=   7461969660337.00     
 ratio1=  3.508066971844393E-003 ratio2=  6.160503718783261E-003
 nchek0=           0 toler_force=  1.000000000000000E-005
 nchek=           1
 miter=         100 iiter=           3
 time: 11:10:02
                     istep=          31 iiter=           4
                     conver_load check
 resid=   21321285.4284866      retot=   7462284778765.70     
 ratio1=  1.690327210447517E-003 ratio2=  3.504211860600172E-003
 nchek0=           0 toler_force=  1.000000000000000E-005
 nchek=           1
 miter=         100 iiter=           4
 time: 11:10:02
                     istep=          31 iiter=           5
                     conver_load check
 resid=   5207129.26438886      retot=   7462374059222.56     
 ratio1=  8.353349878332441E-004 ratio2=  1.972473178553461E-003
 nchek0=           0 toler_force=  1.000000000000000E-005
 nchek=           1
 miter=         100 iiter=           5
 time: 11:10:02
                     istep=          31 iiter=           6
                     conver_load check
 resid=   1307848.65858996      retot=   7462403010961.52     
 ratio1=  4.186387218850282E-004 ratio2=  1.104342764518863E-003
 nchek0=           0 toler_force=  1.000000000000000E-005
 nchek=           1
 miter=         100 iiter=           6
 time: 11:10:02
                     istep=          31 iiter=           7
                     conver_load check
 resid=   336618.271213190      retot=   7462413376534.86     
 ratio1=  2.123876165268780E-004 ratio2=  6.161247935673759E-004
 nchek0=           0 toler_force=  1.000000000000000E-005
 nchek=           1
 miter=         100 iiter=           7
 time: 11:10:02
                     istep=          31 iiter=           8
                     conver_load check
 resid=   88391.1209789441      retot=   7462417337275.33     
 ratio1=  1.088339907155562E-004 ratio2=  3.428920603896500E-004
 nchek0=           0 toler_force=  1.000000000000000E-005
 nchek=           1
 miter=         100 iiter=           8
 time: 11:10:02
                     istep=          31 iiter=           9
                     conver_load check
 resid=   23599.3185194324      retot=   7462418916071.25     
 ratio1=  5.623541679984278E-005 ratio2=  1.904889229519195E-004
 nchek0=           0 toler_force=  1.000000000000000E-005
 nchek=           1
 miter=         100 iiter=           9
 time: 11:10:02
                     istep=          31 iiter=          10
                     conver_load check
 resid=   6390.44420096806      retot=   7462419567804.96     
 ratio1=  2.926346119911762E-005 ratio2=  1.056847743709006E-004
 nchek0=           0 toler_force=  1.000000000000000E-005
 nchek=           1
 miter=         100 iiter=          10
 time: 11:10:02
                     istep=          31 iiter=          11
                     conver_load check
 resid=   1751.79533876939      retot=   7462419844736.44     
 ratio1=  1.532151968677303E-005 ratio2=  5.857704711882667E-005
 nchek0=           0 toler_force=  1.000000000000000E-005
 nchek=           1
 miter=         100 iiter=          11
 time: 11:10:02
                     istep=          31 iiter=          12
                     conver_load check
 resid=   485.430886266683      retot=   7462419965081.96     
 ratio1=  8.065361904610592E-006 ratio2=  3.244260354832426E-005
 nchek0=           0 toler_force=  1.000000000000000E-005
 nchek=           1
 miter=         100 iiter=          12
 time: 11:10:02
                     istep=          31 iiter=          13
                     conver_load check
 resid=   135.825446055867      retot=   7462420018346.84     
 ratio1=  4.266293458699431E-006 ratio2=  1.795776348207155E-005
 nchek0=           0 toler_force=  1.000000000000000E-005
 nchek=           1
 miter=         100 iiter=          13
 time: 11:10:02
                     istep=          31 iiter=          14
                     conver_load check
 resid=   38.3339137255929      retot=   7462420042341.16     
 ratio1=  2.266479186127375E-006 ratio2=  9.935633260611931E-006
 nchek0=           0 toler_force=  1.000000000000000E-005
 nchek=           0
                    conver_nodal_value check
               Convergence check for displacement
 ratio1=  2.952166610265707E-008 ratio2=  1.464874749457592E-007
 nchek=           0
 ***********RESTART FILE IS UPDATED!*******
 istep=          32
 outinp=           0
 tcurvegravity=           0           1           1           1           1
           1           1           1           1           0           0
           0           0           0           0           0           0
           0           0           0           0
 ntelgroup=           0
 Factorization completed ... 
 time: 11:10:03
                     istep=          32 iiter=           1
                     conver_load check
 resid=   3429915746.05365      retot=   7960599816108.87     
 ratio1=  2.075720286803747E-002 ratio2=  2.833371607011376E-002
 nchek0=           0 toler_force=  1.000000000000000E-005
 nchek=           1
 miter=         100 iiter=           1
 time: 11:10:03
                     istep=          32 iiter=           2
                     conver_load check
 resid=   533500665.526292      retot=   7979423298379.60     
 ratio1=  8.176769033171077E-003 ratio2=  1.249280115186621E-002
 nchek0=           0 toler_force=  1.000000000000000E-005
 nchek=           1
 miter=         100 iiter=           2
 time: 11:10:03
                     istep=          32 iiter=           3
                     conver_load check
 resid=   121644875.427447      retot=   7982067719446.10     
 ratio1=  3.903814789039665E-003 ratio2=  7.420477149012176E-003
 nchek0=           0 toler_force=  1.000000000000000E-005
 nchek=           1
 miter=         100 iiter=           3
 time: 11:10:03
                     istep=          32 iiter=           4
                     conver_load check
 resid=   30150816.4375585      retot=   7982592836952.44     
 ratio1=  1.943468694137082E-003 ratio2=  4.328890041206836E-003
 nchek0=           0 toler_force=  1.000000000000000E-005
 nchek=           1
 miter=         100 iiter=           4
 time: 11:10:03
                     istep=          32 iiter=           5
                     conver_load check
 resid=   7773428.89191809      retot=   7982735947261.30     
 ratio1=  9.868029363683836E-004 ratio2=  2.499898723614343E-003
 nchek0=           0 toler_force=  1.000000000000000E-005
 nchek=           1
 miter=         100 iiter=           5
 time: 11:10:03
                     istep=          32 iiter=           6
                     conver_load check
 resid=   2056828.96248118      retot=   7982782444487.78     
 ratio1=  5.076003848987510E-004 ratio2=  1.435216817661390E-003
 nchek0=           0 toler_force=  1.000000000000000E-005
 nchek=           1
 miter=         100 iiter=           6
 time: 11:10:03
                     istep=          32 iiter=           7
                     conver_load check
 resid=   555263.625407890      retot=   7982799299447.38     
 ratio1=  2.637375739425037E-004 ratio2=  8.206893045935404E-004
 nchek0=           0 toler_force=  1.000000000000000E-005
 nchek=           1
 miter=         100 iiter=           7
 time: 11:10:03
                     istep=          32 iiter=           8
                     conver_load check
 resid=   152426.898164272      retot=   7982805840747.94     
 ratio1=  1.381824927138566E-004 ratio2=  4.679418898013506E-004
 nchek0=           0 toler_force=  1.000000000000000E-005
 nchek=           1
 miter=         100 iiter=           8
 time: 11:10:03
                     istep=          32 iiter=           9
                     conver_load check
 resid=   42500.4121573258      retot=   7982808505960.11     
 ratio1=  7.296569360123382E-005 ratio2=  2.662437115230323E-004
 nchek0=           0 toler_force=  1.000000000000000E-005
 nchek=           1
 miter=         100 iiter=           9
 time: 11:10:03
                     istep=          32 iiter=          10
                     conver_load check
 resid=   12021.2253561251      retot=   7982809636470.01     
 ratio1=  3.880578586976854E-005 ratio2=  1.512397217103093E-004
 nchek0=           0 toler_force=  1.000000000000000E-005
 nchek=           1
 miter=         100 iiter=          10
 time: 11:10:03
                     istep=          32 iiter=          11
                     conver_load check
 resid=   3445.14683919651      retot=   7982810129743.85     
 ratio1=  2.077427941976891E-005 ratio2=  8.580545569833639E-005
 nchek0=           0 toler_force=  1.000000000000000E-005
 nchek=           1
 miter=         100 iiter=          11
 time: 11:10:03
                     istep=          32 iiter=          12
                     conver_load check
 resid=   999.267628448939      retot=   7982810349351.51     
 ratio1=  1.118827167517799E-005 ratio2=  4.863506756435113E-005
 nchek0=           0 toler_force=  1.000000000000000E-005
 nchek=           1
 miter=         100 iiter=          12
 time: 11:10:03
                     istep=          32 iiter=          13
                     conver_load check
 resid=   293.028466580157      retot=   7982810448582.14     
 ratio1=  6.058665806707075E-006 ratio2=  2.754640300614994E-005
 nchek0=           0 toler_force=  1.000000000000000E-005
 nchek=           1
 miter=         100 iiter=          13
 time: 11:10:03
                     istep=          32 iiter=          14
                     conver_load check
 resid=   86.7873108315636      retot=   7982810493932.57     
 ratio1=  3.297237314311401E-006 ratio2=  1.559322920721047E-005
 nchek0=           0 toler_force=  1.000000000000000E-005
 nchek=           1
 miter=         100 iiter=          14
 time: 11:10:03
                     istep=          32 iiter=          15
                     conver_load check
 resid=   25.9365285462296      retot=   7982810514849.94     
 ratio1=  1.802511372907118E-006 ratio2=  8.823137411368817E-006
 nchek0=           0 toler_force=  1.000000000000000E-005
 nchek=           0
                    conver_nodal_value check
               Convergence check for displacement
 ratio1=  2.400155636495522E-008 ratio2=  1.297889610161563E-007
 nchek=           0
 ***********RESTART FILE IS UPDATED!*******
 istep=          33
 outinp=           0
 tcurvegravity=           0           1           1           1           1
           1           1           1           1           0           0
           0           0           0           0           0           0
           0           0           0           0
 ntelgroup=           0
 Factorization completed ... 
 time: 11:10:03
                     istep=          33 iiter=           1
                     conver_load check
 resid=   3903699045.49252      retot=   8504401654140.25     
 ratio1=  2.142477563547526E-002 ratio2=  2.926419003169257E-002
 nchek0=           0 toler_force=  1.000000000000000E-005
 nchek=           1
 miter=         100 iiter=           1
 time: 11:10:03
                     istep=          33 iiter=           2
                     conver_load check
 resid=   646046816.947993      retot=   8528870434247.54     
 ratio1=  8.703345757810958E-003 ratio2=  1.520686705031222E-002
 nchek0=           0 toler_force=  1.000000000000000E-005
 nchek=           1
 miter=         100 iiter=           2
 time: 11:10:03
                     istep=          33 iiter=           3
                     conver_load check
 resid=   158200137.334138      retot=   8532583079374.00     
 ratio1=  4.305892323329428E-003 ratio2=  9.252429760396256E-003
 nchek0=           0 toler_force=  1.000000000000000E-005
 nchek=           1
 miter=         100 iiter=           3
 time: 11:10:03
                     istep=          33 iiter=           4
                     conver_load check
 resid=   42050847.1305158      retot=   8533267123444.45     
 ratio1=  2.219881051616076E-003 ratio2=  5.541389483674496E-003
 nchek0=           0 toler_force=  1.000000000000000E-005
 nchek=           1
 miter=         100 iiter=           4
 time: 11:10:03
                     istep=          33 iiter=           5
                     conver_load check
 resid=   11538357.2623861      retot=   8533430793202.04     
 ratio1=  1.162813742108748E-003 ratio2=  3.289102412442432E-003
 nchek0=           0 toler_force=  1.000000000000000E-005
 nchek=           1
 miter=         100 iiter=           5
 time: 11:10:03
                     istep=          33 iiter=           6
                     conver_load check
 resid=   3220983.04296485      retot=   8533479996511.14     
 ratio1=  6.143716001228874E-004 ratio2=  1.941392494400306E-003
 nchek0=           0 toler_force=  1.000000000000000E-005
 nchek=           1
 miter=         100 iiter=           6
 time: 11:10:03
                     istep=          33 iiter=           7
                     conver_load check
 resid=   918059.129255353      retot=   8533497714231.01     
 ratio1=  3.279984478576969E-004 ratio2=  1.141417130887431E-003
 nchek0=           0 toler_force=  1.000000000000000E-005
 nchek=           1
 miter=         100 iiter=           7
 time: 11:10:03
                     istep=          33 iiter=           8
                     conver_load check
 resid=   266554.601326440      retot=   8533504817796.10     
 ratio1=  1.767377707922382E-004 ratio2=  6.691350527546607E-004
 nchek0=           0 toler_force=  1.000000000000000E-005
 nchek=           1
 miter=         100 iiter=           8
 time: 11:10:03
                     istep=          33 iiter=           9
                     conver_load check
 resid=   78719.1695815469      retot=   8533507855831.71     
 ratio1=  9.604537481222792E-005 ratio2=  3.914073016718984E-004
 nchek0=           0 toler_force=  1.000000000000000E-005
 nchek=           1
 miter=         100 iiter=           9
 time: 11:10:03
                     istep=          33 iiter=          10
                     conver_load check
 resid=   23612.1618520938      retot=   8533509232657.15     
 ratio1=  5.260221649752842E-005 ratio2=  2.285835576421662E-004
 nchek0=           0 toler_force=  1.000000000000000E-005
 nchek=           1
 miter=         100 iiter=          10
 time: 11:10:03
                     istep=          33 iiter=          11
                     conver_load check
 resid=   7182.00883138292      retot=   8533509871609.50     
 ratio1=  2.901076090588710E-005 ratio2=  1.333281870850511E-004
 nchek0=           0 toler_force=  1.000000000000000E-005
 nchek=           1
 miter=         100 iiter=          11
 time: 11:10:03
                     istep=          33 iiter=          12
                     conver_load check
 resid=   2213.45311497198      retot=   8533510172459.25     
 ratio1=  1.610539231488163E-005 ratio2=  7.770185164795103E-005
 nchek0=           0 toler_force=  1.000000000000000E-005
 nchek=           1
 miter=         100 iiter=          12
 time: 11:10:03
                     istep=          33 iiter=          13
                     conver_load check
 resid=   690.584868429631      retot=   8533510316809.46     
 ratio1=  8.995901057628678E-006 ratio2=  4.525666260363021E-005
 nchek0=           0 toler_force=  1.000000000000000E-005
 nchek=           1
 miter=         100 iiter=          13
 time: 11:10:03
                     istep=          33 iiter=          14
                     conver_load check
 resid=   217.901062393780      retot=   8533510387319.92     
 ratio1=  5.053192153592847E-006 ratio2=  2.634865618904781E-005
 nchek0=           0 toler_force=  1.000000000000000E-005
 nchek=           1
 miter=         100 iiter=          14
 time: 11:10:03
                     istep=          33 iiter=          15
                     conver_load check
 resid=   69.4622024244692      retot=   8533510422323.70     
 ratio1=  2.853056768049809E-006 ratio2=  1.533634598664499E-005
 nchek0=           0 toler_force=  1.000000000000000E-005
 nchek=           1
 miter=         100 iiter=          15
 time: 11:10:03
                     istep=          33 iiter=          16
                     conver_load check
 resid=   22.3476104504678      retot=   8533510439959.12     
 ratio1=  1.618272612130435E-006 ratio2=  8.925265466942094E-006
 nchek0=           0 toler_force=  1.000000000000000E-005
 nchek=           0
                    conver_nodal_value check
               Convergence check for displacement
 ratio1=  2.047935278070639E-008 ratio2=  1.294808218576433E-007
 nchek=           0
 ***********RESTART FILE IS UPDATED!*******
 istep=          34
 outinp=           0
 tcurvegravity=           0           1           1           1           1
           1           1           1           1           0           0
           0           0           0           0           0           0
           0           0           0           0
 ntelgroup=           0
 Factorization completed ... 
 time: 11:10:04
                     istep=          34 iiter=           1
                     conver_load check
 resid=   4595776099.00603      retot=   9080102499482.64     
 ratio1=  2.249748938568168E-002 ratio2=  3.030588149005377E-002
 nchek0=           0 toler_force=  1.000000000000000E-005
 nchek=           1
 miter=         100 iiter=           1
 time: 11:10:04
                     istep=          34 iiter=           2
                     conver_load check
 resid=   771692502.460752      retot=   9108710389390.98     
 ratio1=  9.204362056107224E-003 ratio2=  1.931386801965951E-002
 nchek0=           0 toler_force=  1.000000000000000E-005
 nchek=           1
 miter=         100 iiter=           2
 time: 11:10:04
                     istep=          34 iiter=           3
                     conver_load check
 resid=   201221420.443905      retot=   9113060715581.97     
 ratio1=  4.698994896278870E-003 ratio2=  1.205820780375914E-002
 nchek0=           0 toler_force=  1.000000000000000E-005
 nchek=           1
 miter=         100 iiter=           3
 time: 11:10:04
                     istep=          34 iiter=           4
                     conver_load check
 resid=   56909480.8570516      retot=   9113819778116.03     
 ratio1=  2.498860969788426E-003 ratio2=  7.424743959457595E-003
 nchek0=           0 toler_force=  1.000000000000000E-005
 nchek=           1
 miter=         100 iiter=           4
 time: 11:10:04
                     istep=          34 iiter=           5
                     conver_load check
 resid=   16495575.0227529      retot=   9113988739454.80     
 ratio1=  1.345332041501047E-003 ratio2=  4.538233784616450E-003
 nchek0=           0 toler_force=  1.000000000000000E-005
 nchek=           1
 miter=         100 iiter=           5
 time: 11:10:04
                     istep=          34 iiter=           6
                     conver_load check
 resid=   4900428.40510602      retot=   9114039146913.78     
 ratio1=  7.332660528786265E-004 ratio2=  2.762063416228117E-003
 nchek0=           0 toler_force=  1.000000000000000E-005
 nchek=           1
 miter=         100 iiter=           6
 time: 11:10:04
                     istep=          34 iiter=           7
                     conver_load check
 resid=   1491962.57430057      retot=   9114057801163.79     
 ratio1=  4.045973884922629E-004 ratio2=  1.676332465006404E-003
 nchek0=           0 toler_force=  1.000000000000000E-005
 nchek=           1
 miter=         100 iiter=           7
 time: 11:10:04
                     istep=          34 iiter=           8
                     conver_load check
 resid=   465190.453566312      retot=   9114065835780.58     
 ratio1=  2.259224120775954E-004 ratio2=  1.015411238456877E-003
 nchek0=           0 toler_force=  1.000000000000000E-005
 nchek=           1
 miter=         100 iiter=           8
 time: 11:10:04
                     istep=          34 iiter=           9
                     conver_load check
 resid=   148437.400891437      retot=   9114069651768.20     
 ratio1=  1.276190475471715E-004 ratio2=  6.142411938713553E-004
 nchek0=           0 toler_force=  1.000000000000000E-005
 nchek=           1
 miter=         100 iiter=           9
 time: 11:10:04
                     istep=          34 iiter=          10
                     conver_load check
 resid=   48384.4295828927      retot=   9114071483592.66     
 ratio1=  7.286124660407739E-005 ratio2=  3.712271519673636E-004
 nchek0=           0 toler_force=  1.000000000000000E-005
 nchek=           1
 miter=         100 iiter=          10
 time: 11:10:04
                     istep=          34 iiter=          11
                     conver_load check
 resid=   16080.2259088130      retot=   9114072383322.39     
 ratio1=  4.200392130976657E-005 ratio2=  2.242257440078867E-004
 nchek0=           0 toler_force=  1.000000000000000E-005
 nchek=           1
 miter=         100 iiter=          11
 time: 11:10:04
                     istep=          34 iiter=          12
                     conver_load check
 resid=   5437.15333803674      retot=   9114072837168.42     
 ratio1=  2.442471714772333E-005 ratio2=  1.353887701185636E-004
 nchek0=           0 toler_force=  1.000000000000000E-005
 nchek=           1
 miter=         100 iiter=          12
 time: 11:10:04
                     istep=          34 iiter=          13
                     conver_load check
 resid=   1866.21386135485      retot=   9114073071343.35     
 ratio1=  1.430949978069438E-005 ratio2=  8.173566743325786E-005
 nchek0=           0 toler_force=  1.000000000000000E-005
 nchek=           1
 miter=         100 iiter=          13
 time: 11:10:04
                     istep=          34 iiter=          14
                     conver_load check
 resid=   648.773412018174      retot=   9114073194511.00     
 ratio1=  8.437043060635653E-006 ratio2=  4.934381947551847E-005
 nchek0=           0 toler_force=  1.000000000000000E-005
 nchek=           1
 miter=         100 iiter=          14
 time: 11:10:04
                     istep=          34 iiter=          15
                     conver_load check
 resid=   227.961409551145      retot=   9114073260389.43     
 ratio1=  5.001202150420931E-006 ratio2=  2.979140687629971E-005
 nchek0=           0 toler_force=  1.000000000000000E-005
 nchek=           1
 miter=         100 iiter=          15
 time: 11:10:04
                     istep=          34 iiter=          16
                     conver_load check
 resid=   80.8081779656659      retot=   9114073296161.68     
 ratio1=  2.977634576211057E-006 ratio2=  1.798950736224529E-005
 nchek0=           0 toler_force=  1.000000000000000E-005
 nchek=           1
 miter=         100 iiter=          16
 time: 11:10:04
                     istep=          34 iiter=          17
                     conver_load check
 resid=   28.8517482558546      retot=   9114073315855.29     
 ratio1=  1.779220640594202E-006 ratio2=  1.086528410569833E-005
 nchek0=           0 toler_force=  1.000000000000000E-005
 nchek=           1
 miter=         100 iiter=          17
 time: 11:10:04
                     istep=          34 iiter=          18
                     conver_load check
 resid=   10.3613965097641      retot=   9114073326834.40     
 ratio1=  1.066234884954413E-006 ratio2=  6.564062680221987E-006
 nchek0=           0 toler_force=  1.000000000000000E-005
 nchek=           0
                    conver_nodal_value check
               Convergence check for displacement
 ratio1=  1.269457473779230E-008 ratio2=  1.091124868485371E-007
 nchek=           0
 ***********RESTART FILE IS UPDATED!*******
 istep=          35
 outinp=           0
 tcurvegravity=           0           1           1           1           1
           1           1           1           1           0           0
           0           0           0           0           0           0
           0           0           0           0
 ntelgroup=           0
 Factorization completed ... 
 time: 11:10:04
                     istep=          35 iiter=           1
                     conver_load check
 resid=   5330248725.65053      retot=   9685703496248.65     
 ratio1=  2.345892746747405E-002 ratio2=  3.914325996716866E-002
 nchek0=           0 toler_force=  1.000000000000000E-005
 nchek=           1
 miter=         100 iiter=           1
 time: 11:10:04
                     istep=          35 iiter=           2
                     conver_load check
 resid=   959831071.145657      retot=   9717165243939.61     
 ratio1=  9.938654839843224E-003 ratio2=  2.575496234817376E-002
 nchek0=           0 toler_force=  1.000000000000000E-005
 nchek=           1
 miter=         100 iiter=           2
 time: 11:10:04
                     istep=          35 iiter=           3
                     conver_load check
 resid=   272053206.497267      retot=   9721894484766.85     
 ratio1=  5.289948851838876E-003 ratio2=  1.661085858742691E-002
 nchek0=           0 toler_force=  1.000000000000000E-005
 nchek=           1
 miter=         100 iiter=           3
 time: 11:10:04
                     istep=          35 iiter=           4
                     conver_load check
 resid=   83587384.2695773      retot=   9722701788797.39     
 ratio1=  2.932087218225147E-003 ratio2=  1.060125383020284E-002
 nchek0=           0 toler_force=  1.000000000000000E-005
 nchek=           1
 miter=         100 iiter=           4
 time: 11:10:04
                     istep=          35 iiter=           5
                     conver_load check
 resid=   26697848.1196108      retot=   9722891222112.58     
 ratio1=  1.657068324009916E-003 ratio2=  6.731989667678868E-003
 nchek0=           0 toler_force=  1.000000000000000E-005
 nchek=           1
 miter=         100 iiter=           5
 time: 11:10:04
                     istep=          35 iiter=           6
                     conver_load check
 resid=   8749686.14054338      retot=   9722959831547.29     
 ratio1=  9.486302985848343E-004 ratio2=  4.263145212765601E-003
 nchek0=           0 toler_force=  1.000000000000000E-005
 nchek=           1
 miter=         100 iiter=           6
 time: 11:10:04
                     istep=          35 iiter=           7
                     conver_load check
 resid=   2952856.81842626      retot=   9722988449206.83     
 ratio1=  5.510884507496827E-004 ratio2=  2.696183973452568E-003
 nchek0=           0 toler_force=  1.000000000000000E-005
 nchek=           1
 miter=         100 iiter=           7
 time: 11:10:04
                     istep=          35 iiter=           8
                     conver_load check
 resid=   1028306.47844140      retot=   9723000752921.15     
 ratio1=  3.252079294048104E-004 ratio2=  1.704097446591628E-003
 nchek0=           0 toler_force=  1.000000000000000E-005
 nchek=           1
 miter=         100 iiter=           8
 time: 11:10:04
                     istep=          35 iiter=           9
                     conver_load check
 resid=   369132.848172764      retot=   9723006561327.41     
 ratio1=  1.948458038682568E-004 ratio2=  1.076849153487752E-003
 nchek0=           0 toler_force=  1.000000000000000E-005
 nchek=           1
 miter=         100 iiter=           9
 time: 11:10:04
                     istep=          35 iiter=          10
                     conver_load check
 resid=   136081.283057413      retot=   9723009513236.18     
 ratio1=  1.183038402283778E-004 ratio2=  6.805439364399662E-004
 nchek0=           0 toler_force=  1.000000000000000E-005
 nchek=           1
 miter=         100 iiter=          10
 time: 11:10:04
                     istep=          35 iiter=          11
                     conver_load check
 resid=   51284.7241602888      retot=   9723011086585.88     
 ratio1=  7.262625020465781E-005 ratio2=  4.302091508967288E-004
 nchek0=           0 toler_force=  1.000000000000000E-005
 nchek=           1
 miter=         100 iiter=          11
 time: 11:10:04
                     istep=          35 iiter=          12
                     conver_load check
 resid=   19669.4386829170      retot=   9723011952787.47     
 ratio1=  4.497752704612132E-005 ratio2=  2.720670013676736E-004
 nchek0=           0 toler_force=  1.000000000000000E-005
 nchek=           1
 miter=         100 iiter=          12
 time: 11:10:04
                     istep=          35 iiter=          13
                     conver_load check
 resid=   7646.67208588754      retot=   9723012441381.05     
 ratio1=  2.804373228792551E-005 ratio2=  1.721368759870004E-004
 nchek0=           0 toler_force=  1.000000000000000E-005
 nchek=           1
 miter=         100 iiter=          13
 time: 11:10:04
                     istep=          35 iiter=          14
                     conver_load check
 resid=   3003.26455040907      retot=   9723012722412.78     
 ratio1=  1.757504185290005E-005 ratio2=  1.089652153927533E-004
 nchek0=           0 toler_force=  1.000000000000000E-005
 nchek=           1
 miter=         100 iiter=          14
 time: 11:10:04
                     istep=          35 iiter=          15
                     conver_load check
 resid=   1188.56998977931      retot=   9723012886723.61     
 ratio1=  1.105635436139207E-005 ratio2=  6.901150725699832E-005
 nchek0=           0 toler_force=  1.000000000000000E-005
 nchek=           1
 miter=         100 iiter=          15
 time: 11:10:04
                     istep=          35 iiter=          16
                     conver_load check
 resid=   473.047787102512      retot=   9723012984139.75     
 ratio1=  6.975126281975387E-006 ratio2=  4.372919708639237E-005
 nchek0=           0 toler_force=  1.000000000000000E-005
 nchek=           1
 miter=         100 iiter=          16
 time: 11:10:04
                     istep=          35 iiter=          17
                     conver_load check
 resid=   189.057292440865      retot=   9723013042588.58     
 ratio1=  4.409570422033369E-006 ratio2=  2.772233784656255E-005
 nchek0=           0 toler_force=  1.000000000000000E-005
 nchek=           1
 miter=         100 iiter=          17
 time: 11:10:05
                     istep=          35 iiter=          18
                     conver_load check
 resid=   75.7914099468949      retot=   9723013078016.17     
 ratio1=  2.791962354742048E-006 ratio2=  1.758946023436479E-005
 nchek0=           0 toler_force=  1.000000000000000E-005
 nchek=           1
 miter=         100 iiter=          18
 time: 11:10:05
                     istep=          35 iiter=          19
                     conver_load check
 resid=   30.4539131567247      retot=   9723013099676.15     
 ratio1=  1.769787474264341E-006 ratio2=  1.120162710043901E-005
 nchek0=           0 toler_force=  1.000000000000000E-005
 nchek=           1
 miter=         100 iiter=          19
 time: 11:10:05
                     istep=          35 iiter=          20
                     conver_load check
 resid=   12.2578900172568      retot=   9723013113015.52     
 ratio1=  1.122812979756672E-006 ratio2=  7.133182407445904E-006
 nchek0=           0 toler_force=  1.000000000000000E-005
 nchek=           0
                    conver_nodal_value check
               Convergence check for displacement
 ratio1=  1.450287156248864E-008 ratio2=  1.372740438903555E-007
 nchek=           0
 ***********RESTART FILE IS UPDATED!*******
 istep=          36
 outinp=           0
 tcurvegravity=           0           1           1           1           1
           1           1           1           1           0           0
           0           0           0           0           0           0
           0           0           0           0
 ntelgroup=           0
 Factorization completed ... 
 time: 11:10:05
                     istep=          36 iiter=           1
                     conver_load check
 resid=   6317274153.93171      retot=   10319086309386.7     
 ratio1=  2.474253765249040E-002 ratio2=  5.347105600648750E-002
 nchek0=           0 toler_force=  1.000000000000000E-005
 nchek=           1
 miter=         100 iiter=           1
 time: 11:10:05
                     istep=          36 iiter=           2
                     conver_load check
 resid=   1278963406.35844      retot=   10352508725274.9     
 ratio1=  1.111491783792868E-002 ratio2=  3.662063052689283E-002
 nchek0=           0 toler_force=  1.000000000000000E-005
 nchek=           1
 miter=         100 iiter=           2
 time: 11:10:05
                     istep=          36 iiter=           3
                     conver_load check
 resid=   407298992.329972      retot=   10357499035145.9     
 ratio1=  6.270890495785550E-003 ratio2=  2.447650023239576E-002
 nchek0=           0 toler_force=  1.000000000000000E-005
 nchek=           1
 miter=         100 iiter=           3
 time: 11:10:05
                     istep=          36 iiter=           4
                     conver_load check
 resid=   140195046.049395      retot=   10358463578041.1     
 ratio1=  3.678905753123125E-003 ratio2=  1.620707392119676E-002
 nchek0=           0 toler_force=  1.000000000000000E-005
 nchek=           1
 miter=         100 iiter=           4
 time: 11:10:05
                     istep=          36 iiter=           5
                     conver_load check
 resid=   49835277.3527034      retot=   10358702008183.8     
 ratio1=  2.193389549503974E-003 ratio2=  1.069377851605110E-002
 nchek0=           0 toler_force=  1.000000000000000E-005
 nchek=           1
 miter=         100 iiter=           5
 time: 11:10:05
                     istep=          36 iiter=           6
                     conver_load check
 resid=   18544616.0031147      retot=   10358786499581.8     
 ratio1=  1.337994972051302E-003 ratio2=  7.040071374084864E-003
 nchek0=           0 toler_force=  1.000000000000000E-005
 nchek=           1
 miter=         100 iiter=           6
 time: 11:10:05
                     istep=          36 iiter=           7
                     conver_load check
 resid=   7259407.68806260      retot=   10358825388628.3     
 ratio1=  8.371346866046196E-004 ratio2=  4.645865760608706E-003
 nchek0=           0 toler_force=  1.000000000000000E-005
 nchek=           1
 miter=         100 iiter=           7
 time: 11:10:05
                     istep=          36 iiter=           8
                     conver_load check
 resid=   2956500.89393948      retot=   10358845736799.5     
 ratio1=  5.342362146449532E-004 ratio2=  3.113065378133039E-003
 nchek0=           0 toler_force=  1.000000000000000E-005
 nchek=           1
 miter=         100 iiter=           8
 time: 11:10:05
                     istep=          36 iiter=           9
                     conver_load check
 resid=   1242107.78454434      retot=   10358857231094.0     
 ratio1=  3.462770571854654E-004 ratio2=  2.093744915334503E-003
 nchek0=           0 toler_force=  1.000000000000000E-005
 nchek=           1
 miter=         100 iiter=           9
 time: 11:10:05
                     istep=          36 iiter=          10
                     conver_load check
 resid=   533043.986837019      retot=   10358863944653.0     
 ratio1=  2.268430405138076E-004 ratio2=  1.408015653609508E-003
 nchek0=           0 toler_force=  1.000000000000000E-005
 nchek=           1
 miter=         100 iiter=          10
 time: 11:10:05
                     istep=          36 iiter=          11
                     conver_load check
 resid=   232165.411304925      retot=   10358867922873.4     
 ratio1=  1.497071735341925E-004 ratio2=  9.463612146060370E-004
 nchek0=           0 toler_force=  1.000000000000000E-005
 nchek=           1
 miter=         100 iiter=          11
 time: 11:10:05
                     istep=          36 iiter=          12
                     conver_load check
 resid=   102153.186207805      retot=   10358870344745.2     
 ratio1=  9.930468996609899E-005 ratio2=  6.358752962556155E-004
 nchek0=           0 toler_force=  1.000000000000000E-005
 nchek=           1
 miter=         100 iiter=          12
 time: 11:10:05
                     istep=          36 iiter=          13
                     conver_load check
 resid=   45263.7366048408      retot=   10358871854340.7     
 ratio1=  6.610266534417443E-005 ratio2=  4.272003443981543E-004
 nchek0=           0 toler_force=  1.000000000000000E-005
 nchek=           1
 miter=         100 iiter=          13
 time: 11:10:05
                     istep=          36 iiter=          14
                     conver_load check
 resid=   20151.5553081051      retot=   10358872809345.0     
 ratio1=  4.410603676098522E-005 ratio2=  2.869754412391428E-004
 nchek0=           0 toler_force=  1.000000000000000E-005
 nchek=           1
 miter=         100 iiter=          14
 time: 11:10:05
                     istep=          36 iiter=          15
                     conver_load check
 resid=   9000.95310310037      retot=   10358873422047.2     
 ratio1=  2.947731933657701E-005 ratio2=  1.927678909440470E-004
 nchek0=           0 toler_force=  1.000000000000000E-005
 nchek=           1
 miter=         100 iiter=          15
 time: 11:10:05
                     istep=          36 iiter=          16
                     conver_load check
 resid=   4029.60408912869      retot=   10358873819467.9     
 ratio1=  1.972308824211290E-005 ratio2=  1.294827295408846E-004
 nchek0=           0 toler_force=  1.000000000000000E-005
 nchek=           1
 miter=         100 iiter=          16
 time: 11:10:05
                     istep=          36 iiter=          17
                     conver_load check
 resid=   1806.93776504777      retot=   10358874079407.1     
 ratio1=  1.320733885309912E-005 ratio2=  8.697234773102599E-005
 nchek0=           0 toler_force=  1.000000000000000E-005
 nchek=           1
 miter=         100 iiter=          17
 time: 11:10:05
                     istep=          36 iiter=          18
                     conver_load check
 resid=   811.217719016652      retot=   10358874250504.0     
 ratio1=  8.849371626641457E-006 ratio2=  5.841782363195957E-005
 nchek0=           0 toler_force=  1.000000000000000E-005
 nchek=           1
 miter=         100 iiter=          18
 time: 11:10:05
                     istep=          36 iiter=          19
                     conver_load check
 resid=   364.513258050965      retot=   10358874363666.8     
 ratio1=  5.931989609271654E-006 ratio2=  3.923791200675280E-005
 nchek0=           0 toler_force=  1.000000000000000E-005
 nchek=           1
 miter=         100 iiter=          19
 time: 11:10:05
                     istep=          36 iiter=          20
                     conver_load check
 resid=   163.900365397720      retot=   10358874438786.9     
 ratio1=  3.977715122257596E-006 ratio2=  2.635503917909039E-005
 nchek0=           0 toler_force=  1.000000000000000E-005
 nchek=           1
 miter=         100 iiter=          20
 time: 11:10:05
                     istep=          36 iiter=          21
                     conver_load check
 resid=   73.7349224772771      retot=   10358874488792.8     
 ratio1=  2.667966231837330E-006 ratio2=  1.770187666463026E-005
 nchek0=           0 toler_force=  1.000000000000000E-005
 nchek=           1
 miter=         100 iiter=          21
 time: 11:10:05
                     istep=          36 iiter=          22
                     conver_load check
 resid=   33.1854160702966      retot=   10358874522151.5     
 ratio1=  1.789852931268892E-006 ratio2=  1.188976405269304E-005
 nchek0=           0 toler_force=  1.000000000000000E-005
 nchek=           1
 miter=         100 iiter=          22
 time: 11:10:05
                     istep=          36 iiter=          23
                     conver_load check
 resid=   14.9406050184005      retot=   10358874544441.2     
 ratio1=  1.200957961539173E-006 ratio2=  7.985934337067011E-006
 nchek0=           0 toler_force=  1.000000000000000E-005
 nchek=           0
                    conver_nodal_value check
               Convergence check for displacement
 ratio1=  2.050741986708891E-008 ratio2=  1.913069018901071E-007
 nchek=           0
 ***********RESTART FILE IS UPDATED!*******
 istep=          37
 outinp=           0
 tcurvegravity=           0           1           1           1           1
           1           1           1           1           0           0
           0           0           0           0           0           0
           0           0           0           0
 ntelgroup=           0
 Factorization completed ... 
 time: 11:10:06
                     istep=          37 iiter=           1
                     conver_load check
 resid=   7919178778.78029      retot=   10978784481249.2     
 ratio1=  2.685733670416612E-002 ratio2=  7.806782203246020E-002
 nchek0=           0 toler_force=  1.000000000000000E-005
 nchek=           1
 miter=         100 iiter=           1
 time: 11:10:06
                     istep=          37 iiter=           2
                     conver_load check
 resid=   1908651710.38450      retot=   11013647975619.5     
 ratio1=  1.316429928708216E-002 ratio2=  5.280887954608160E-002
 nchek0=           0 toler_force=  1.000000000000000E-005
 nchek=           1
 miter=         100 iiter=           2
 time: 11:10:06
                     istep=          37 iiter=           3
                     conver_load check
 resid=   706316117.437676      retot=   11019075738496.7     
 ratio1=  8.006209942574755E-003 ratio2=  3.720550986967245E-002
 nchek0=           0 toler_force=  1.000000000000000E-005
 nchek=           1
 miter=         100 iiter=           3
 time: 11:10:06
                     istep=          37 iiter=           4
                     conver_load check
 resid=   280189786.901135      retot=   11020182776478.0     
 ratio1=  5.042335649333862E-003 ratio2=  2.672627126779918E-002
 nchek0=           0 toler_force=  1.000000000000000E-005
 nchek=           1
 miter=         100 iiter=           4
 time: 11:10:06
                     istep=          37 iiter=           5
                     conver_load check
 resid=   119329044.569556      retot=   11020555122630.2     
 ratio1=  3.290571607549374E-003 ratio2=  1.910337406670912E-002
 nchek0=           0 toler_force=  1.000000000000000E-005
 nchek=           1
 miter=         100 iiter=           5
 time: 11:10:06
                     istep=          37 iiter=           6
                     conver_load check
 resid=   54110457.1184181      retot=   11020729656700.3     
 ratio1=  2.215824841232169E-003 ratio2=  1.363869127690813E-002
 nchek0=           0 toler_force=  1.000000000000000E-005
 nchek=           1
 miter=         100 iiter=           6
 time: 11:10:06
                     istep=          37 iiter=           7
                     conver_load check
 resid=   25862771.5694605      retot=   11020823871379.4     
 ratio1=  1.531900299529257E-003 ratio2=  9.725584485792341E-003
 nchek0=           0 toler_force=  1.000000000000000E-005
 nchek=           1
 miter=         100 iiter=           7
 time: 11:10:06
                     istep=          37 iiter=           8
                     conver_load check
 resid=   12738917.8384400      retot=   11020878542222.0     
 ratio1=  1.075123018357105E-003 ratio2=  6.939605768633536E-003
 nchek0=           0 toler_force=  1.000000000000000E-005
 nchek=           1
 miter=         100 iiter=           8
 time: 11:10:06
                     istep=          37 iiter=           9
                     conver_load check
 resid=   6382259.99459102      retot=   11020912342858.1     
 ratio1=  7.609891626642789E-004 ratio2=  4.956137903506711E-003
 nchek0=           0 toler_force=  1.000000000000000E-005
 nchek=           1
 miter=         100 iiter=           9
 time: 11:10:06
                     istep=          37 iiter=          10
                     conver_load check
 resid=   3230580.68394272      retot=   11020934058304.5     
 ratio1=  5.414160101320858E-004 ratio2=  3.543566790623363E-003
 nchek0=           0 toler_force=  1.000000000000000E-005
 nchek=           1
 miter=         100 iiter=          10
 time: 11:10:06
                     istep=          37 iiter=          11
                     conver_load check
 resid=   1643579.84830986      retot=   11020948516995.4     
 ratio1=  3.861765666514356E-004 ratio2=  2.535566938760993E-003
 nchek0=           0 toler_force=  1.000000000000000E-005
 nchek=           1
 miter=         100 iiter=          11
 time: 11:10:06
                     istep=          37 iiter=          12
                     conver_load check
 resid=   838775.035500315      retot=   11020958336636.0     
 ratio1=  2.758754583546344E-004 ratio2=  1.815164911273941E-003
 nchek0=           0 toler_force=  1.000000000000000E-005
 nchek=           1
 miter=         100 iiter=          12
 time: 11:10:06
                     istep=          37 iiter=          13
                     conver_load check
 resid=   428844.968318168      retot=   11020965122800.5     
 ratio1=  1.972605980184739E-004 ratio2=  1.299969356022387E-003
 nchek0=           0 toler_force=  1.000000000000000E-005
 nchek=           1
 miter=         100 iiter=          13
 time: 11:10:06
                     istep=          37 iiter=          14
                     conver_load check
 resid=   219543.288707980      retot=   11020969864934.1     
 ratio1=  1.411400202256369E-004 ratio2=  9.313173030086465E-004
 nchek0=           0 toler_force=  1.000000000000000E-005
 nchek=           1
 miter=         100 iiter=          14
 time: 11:10:06
                     istep=          37 iiter=          15
                     conver_load check
 resid=   112498.348723846      retot=   11020973207053.4     
 ratio1=  1.010329655268080E-004 ratio2=  6.673834773866979E-004
 nchek0=           0 toler_force=  1.000000000000000E-005
 nchek=           1
 miter=         100 iiter=          15
 time: 11:10:06
                     istep=          37 iiter=          16
                     conver_load check
 resid=   57685.9128200286      retot=   11020975576141.9     
 ratio1=  7.234772259214217E-005 ratio2=  4.783395479706285E-004
 nchek0=           0 toler_force=  1.000000000000000E-005
 nchek=           1
 miter=         100 iiter=          16
 time: 11:10:06
                     istep=          37 iiter=          17
                     conver_load check
 resid=   29594.9262379140      retot=   11020977261943.5     
 ratio1=  5.182013949756616E-005 ratio2=  3.428913985647065E-004
 nchek0=           0 toler_force=  1.000000000000000E-005
 nchek=           1
 miter=         100 iiter=          17
 time: 11:10:06
                     istep=          37 iiter=          18
                     conver_load check
 resid=   15189.2846810146      retot=   11020978464582.0     
 ratio1=  3.712432654230731E-005 ratio2=  2.458208993692393E-004
 nchek0=           0 toler_force=  1.000000000000000E-005
 nchek=           1
 miter=         100 iiter=          18
 time: 11:10:06
                     istep=          37 iiter=          19
                     conver_load check
 resid=   7798.17703646638      retot=   11020979323984.9     
 ratio1=  2.660029490070144E-005 ratio2=  1.762423094612910E-004
 nchek0=           0 toler_force=  1.000000000000000E-005
 nchek=           1
 miter=         100 iiter=          19
 time: 11:10:06
                     istep=          37 iiter=          20
                     conver_load check
 resid=   4004.58237295006      retot=   11020979938803.4     
 ratio1=  1.906200195556874E-005 ratio2=  1.263634765049158E-004
 nchek0=           0 toler_force=  1.000000000000000E-005
 nchek=           1
 miter=         100 iiter=          20
 time: 11:10:06
                     istep=          37 iiter=          21
                     conver_load check
 resid=   2056.87980526440      retot=   11020980378976.5     
 ratio1=  1.366137279126005E-005 ratio2=  9.060381397671234E-005
 nchek0=           0 toler_force=  1.000000000000000E-005
 nchek=           1
 miter=         100 iiter=          21
 time: 11:10:06
                     istep=          37 iiter=          22
                     conver_load check
 resid=   1056.65185747440      retot=   11020980694272.6     
 ratio1=  9.791649058906920E-006 ratio2=  6.496513378416566E-005
 nchek0=           0 toler_force=  1.000000000000000E-005
 nchek=           1
 miter=         100 iiter=          22
 time: 11:10:06
                     istep=          37 iiter=          23
                     conver_load check
 resid=   542.891964797368      retot=   11020980920195.6     
 ratio1=  7.018536804448993E-006 ratio2=  4.658219338113053E-005
 nchek0=           0 toler_force=  1.000000000000000E-005
 nchek=           1
 miter=         100 iiter=          23
 time: 11:10:06
                     istep=          37 iiter=          24
                     conver_load check
 resid=   278.960751621058      retot=   11020981082115.7     
 ratio1=  5.031082324276616E-006 ratio2=  3.340127539450095E-005
 nchek0=           0 toler_force=  1.000000000000000E-005
 nchek=           1
 miter=         100 iiter=          24
 time: 11:10:06
                     istep=          37 iiter=          25
                     conver_load check
 resid=   143.354941795961      retot=   11020981198182.3     
 ratio1=  3.606585261807244E-006 ratio2=  2.395014604753635E-005
 nchek0=           0 toler_force=  1.000000000000000E-005
 nchek=           1
 miter=         100 iiter=          25
 time: 11:10:06
                     istep=          37 iiter=          26
                     conver_load check
 resid=   73.6741820980957      retot=   11020981281388.9     
 ratio1=  2.585517783272826E-006 ratio2=  1.717331980802546E-005
 nchek0=           0 toler_force=  1.000000000000000E-005
 nchek=           1
 miter=         100 iiter=          26
 time: 11:10:06
                     istep=          37 iiter=          27
                     conver_load check
 resid=   37.8656580958409      retot=   11020981341042.8     
 ratio1=  1.853585489638491E-006 ratio2=  1.231404255099808E-005
 nchek0=           0 toler_force=  1.000000000000000E-005
 nchek=           1
 miter=         100 iiter=          27
 time: 11:10:06
                     istep=          37 iiter=          28
                     conver_load check
 resid=   19.4625011481981      retot=   11020981383812.8     
 ratio1=  1.328890483045495E-006 ratio2=  8.829719604597945E-006
 nchek0=           0 toler_force=  1.000000000000000E-005
 nchek=           0
                    conver_nodal_value check
               Convergence check for displacement
 ratio1=  3.144339317027353E-008 ratio2=  2.698746996767084E-007
 nchek=           0
 ***********RESTART FILE IS UPDATED!*******
 istep=          38
 outinp=           0
 tcurvegravity=           0           1           1           1           1
           1           1           1           1           0           0
           0           0           0           0           0           0
           0           0           0           0
 ntelgroup=           0
 Factorization completed ... 
 time: 11:10:06
                     istep=          38 iiter=           1
                     conver_load check
 resid=   11206219643.0736      retot=   11664593070602.8     
 ratio1=  3.099522325616263E-002 ratio2=  0.115393362346483     
 nchek0=           0 toler_force=  1.000000000000000E-005
 nchek=           1
 miter=         100 iiter=           1
 time: 11:10:06
                     istep=          38 iiter=           2
                     conver_load check
 resid=   3605558302.06217      retot=   11700965194203.1     
 ratio1=  1.755397265586277E-002 ratio2=  8.777655489153492E-002
 nchek0=           0 toler_force=  1.000000000000000E-005
 nchek=           1
 miter=         100 iiter=           2
 time: 11:10:06
                     istep=          38 iiter=           3
                     conver_load check
 resid=   1533970489.35650      retot=   11707109724196.4     
 ratio1=  1.144678848531434E-002 ratio2=  5.992346369187966E-002
 nchek0=           0 toler_force=  1.000000000000000E-005
 nchek=           1
 miter=         100 iiter=           3
 time: 11:10:06
                     istep=          38 iiter=           4
                     conver_load check
 resid=   714966240.705318      retot=   11708842578422.9     
 ratio1=  7.814222703088975E-003 ratio2=  4.131000105059207E-002
 nchek0=           0 toler_force=  1.000000000000000E-005
 nchek=           1
 miter=         100 iiter=           4
 time: 11:10:06
                     istep=          38 iiter=           5
                     conver_load check
 resid=   366122140.479442      retot=   11709643358763.8     
 ratio1=  5.591665228177310E-003 ratio2=  2.909706979191149E-002
 nchek0=           0 toler_force=  1.000000000000000E-005
 nchek=           1
 miter=         100 iiter=           5
 time: 11:10:06
                     istep=          38 iiter=           6
                     conver_load check
 resid=   197855334.005567      retot=   11710088937945.5     
 ratio1=  4.110491786141982E-003 ratio2=  2.162646634374187E-002
 nchek0=           0 toler_force=  1.000000000000000E-005
 nchek=           1
 miter=         100 iiter=           6
 time: 11:10:06
                     istep=          38 iiter=           7
                     conver_load check
 resid=   109197651.059705      retot=   11710359890005.5     
 ratio1=  3.053665953953745E-003 ratio2=  1.624300532492102E-002
 nchek0=           0 toler_force=  1.000000000000000E-005
 nchek=           1
 miter=         100 iiter=           7
 time: 11:10:06
                     istep=          38 iiter=           8
                     conver_load check
 resid=   60789737.0417981      retot=   11710536159439.4     
 ratio1=  2.278383058538479E-003 ratio2=  1.220122066279369E-002
 nchek0=           0 toler_force=  1.000000000000000E-005
 nchek=           1
 miter=         100 iiter=           8
 time: 11:10:06
                     istep=          38 iiter=           9
                     conver_load check
 resid=   33968165.3078009      retot=   11710657164399.3     
 ratio1=  1.703120638147459E-003 ratio2=  9.162994957697804E-003
 nchek0=           0 toler_force=  1.000000000000000E-005
 nchek=           1
 miter=         100 iiter=           9
 time: 11:10:06
                     istep=          38 iiter=          10
                     conver_load check
 resid=   19013784.1153183      retot=   11710742820240.9     
 ratio1=  1.274213076032867E-003 ratio2=  6.879311881990865E-003
 nchek0=           0 toler_force=  1.000000000000000E-005
 nchek=           1
 miter=         100 iiter=          10
 time: 11:10:06
                     istep=          38 iiter=          11
                     conver_load check
 resid=   10588067.0618407      retot=   11710804822919.1     
 ratio1=  9.508564793436976E-004 ratio2=  5.162570240754106E-003
 nchek0=           0 toler_force=  1.000000000000000E-005
 nchek=           1
 miter=         100 iiter=          11
 time: 11:10:06
                     istep=          38 iiter=          12
                     conver_load check
 resid=   5884250.14037285      retot=   11710850713551.1     
 ratio1=  7.088450987425716E-004 ratio2=  3.876375033481515E-003
 nchek0=           0 toler_force=  1.000000000000000E-005
 nchek=           1
 miter=         100 iiter=          12
 time: 11:10:06
                     istep=          38 iiter=          13
                     conver_load check
 resid=   3271560.85405956      retot=   11710884990694.7     
 ratio1=  5.285458211869370E-004 ratio2=  2.912917012086954E-003
 nchek0=           0 toler_force=  1.000000000000000E-005
 nchek=           1
 miter=         100 iiter=          13
 time: 11:10:07
                     istep=          38 iiter=          14
                     conver_load check
 resid=   1819087.76127104      retot=   11710910355803.4     
 ratio1=  3.941227438898413E-004 ratio2=  2.185436437961413E-003
 nchek0=           0 toler_force=  1.000000000000000E-005
 nchek=           1
 miter=         100 iiter=          14
 time: 11:10:07
                     istep=          38 iiter=          15
                     conver_load check
 resid=   1011199.47292486      retot=   11710929123922.8     
 ratio1=  2.938480012497761E-004 ratio2=  1.637337950543773E-003
 nchek0=           0 toler_force=  1.000000000000000E-005
 nchek=           1
 miter=         100 iiter=          15
 time: 11:10:07
                     istep=          38 iiter=          16
                     conver_load check
 resid=   561861.158569089      retot=   11710943023801.8     
 ratio1=  2.190375490221286E-004 ratio2=  1.225221751834950E-003
 nchek0=           0 toler_force=  1.000000000000000E-005
 nchek=           1
 miter=         100 iiter=          16
 time: 11:10:07
                     istep=          38 iiter=          17
                     conver_load check
 resid=   312035.239898836      retot=   11710953326997.4     
 ratio1=  1.632321485144673E-004 ratio2=  9.159001249464532E-004
 nchek0=           0 toler_force=  1.000000000000000E-005
 nchek=           1
 miter=         100 iiter=          17
 time: 11:10:07
                     istep=          38 iiter=          18
                     conver_load check
 resid=   173204.670535017      retot=   11710960969366.6     
 ratio1=  1.216139886704614E-004 ratio2=  6.840846336314208E-004
 nchek0=           0 toler_force=  1.000000000000000E-005
 nchek=           1
 miter=         100 iiter=          18
 time: 11:10:07
                     istep=          38 iiter=          19
                     conver_load check
 resid=   96096.7063341808      retot=   11710966641060.9     
 ratio1=  9.058533179783046E-005 ratio2=  5.105765042134604E-004
 nchek0=           0 toler_force=  1.000000000000000E-005
 nchek=           1
 miter=         100 iiter=          19
 time: 11:10:07
                     istep=          38 iiter=          20
                     conver_load check
 resid=   53292.7189931272      retot=   11710970851950.8     
 ratio1=  6.745862569150736E-005 ratio2=  3.808487127529929E-004
 nchek0=           0 toler_force=  1.000000000000000E-005
 nchek=           1
 miter=         100 iiter=          20
 time: 11:10:07
                     istep=          38 iiter=          21
                     conver_load check
 resid=   29543.1893134438      retot=   11710973979263.7     
 ratio1=  5.022641499954486E-005 ratio2=  2.839408181872370E-004
 nchek0=           0 toler_force=  1.000000000000000E-005
 nchek=           1
 miter=         100 iiter=          21
 time: 11:10:07
                     istep=          38 iiter=          22
                     conver_load check
 resid=   16371.8113936722      retot=   11710976302402.5     
 ratio1=  3.738968577555337E-005 ratio2=  2.116034107694727E-004
 nchek0=           0 toler_force=  1.000000000000000E-005
 nchek=           1
 miter=         100 iiter=          22
 time: 11:10:07
                     istep=          38 iiter=          23
                     conver_load check
 resid=   9069.94561644119      retot=   11710978028489.8     
 ratio1=  2.782952273515078E-005 ratio2=  1.576401364287591E-004
 nchek0=           0 toler_force=  1.000000000000000E-005
 nchek=           1
 miter=         100 iiter=          23
 time: 11:10:07
                     istep=          38 iiter=          24
                     conver_load check
 resid=   5023.40794660641      retot=   11710979311166.0     
 ratio1=  2.071107385089953E-005 ratio2=  1.174045797648498E-004
 nchek0=           0 toler_force=  1.000000000000000E-005
 nchek=           1
 miter=         100 iiter=          24
 time: 11:10:07
                     istep=          38 iiter=          25
                     conver_load check
 resid=   2781.59261720988      retot=   11710980264455.7     
 ratio1=  1.541168549950756E-005 ratio2=  8.741742421727137E-005
 nchek0=           0 toler_force=  1.000000000000000E-005
 nchek=           1
 miter=         100 iiter=          25
 time: 11:10:07
                     istep=          38 iiter=          26
                     conver_load check
 resid=   1539.93950382277      retot=   11710980973014.9     
 ratio1=  1.146714204801909E-005 ratio2=  6.507630540161052E-005
 nchek0=           0 toler_force=  1.000000000000000E-005
 nchek=           1
 miter=         100 iiter=          26
 time: 11:10:07
                     istep=          38 iiter=          27
                     conver_load check
 resid=   852.395059551486      retot=   11710981499714.2     
 ratio1=  8.531468949606522E-006 ratio2=  4.843664049486917E-005
 nchek0=           0 toler_force=  1.000000000000000E-005
 nchek=           1
 miter=         100 iiter=          27
 time: 11:10:07
                     istep=          38 iiter=          28
                     conver_load check
 resid=   471.754265140014      retot=   11710981891256.4     
 ratio1=  6.346894259558408E-006 ratio2=  3.604651934466597E-005
 nchek0=           0 toler_force=  1.000000000000000E-005
 nchek=           1
 miter=         100 iiter=          28
 time: 11:10:07
                     istep=          38 iiter=          29
                     conver_load check
 resid=   261.058301330312      retot=   11710982182340.2     
 ratio1=  4.721414112135178E-006 ratio2=  2.682259808567900E-005
 nchek0=           0 toler_force=  1.000000000000000E-005
 nchek=           1
 miter=         100 iiter=          29
 time: 11:10:07
                     istep=          38 iiter=          30
                     conver_load check
 resid=   144.448754619886      retot=   11710982398750.4     
 ratio1=  3.512046333607119E-006 ratio2=  1.995698281602827E-005
 nchek0=           0 toler_force=  1.000000000000000E-005
 nchek=           1
 miter=         100 iiter=          30
 time: 11:10:07
                     istep=          38 iiter=          31
                     conver_load check
 resid=   79.9192635607501      retot=   11710982559649.6     
 ratio1=  2.612336205538591E-006 ratio2=  1.484746968962908E-005
 nchek0=           0 toler_force=  1.000000000000000E-005
 nchek=           1
 miter=         100 iiter=          31
 time: 11:10:07
                     istep=          38 iiter=          32
                     conver_load check
 resid=   44.2136441447737      retot=   11710982679280.5     
 ratio1=  1.943038860067940E-006 ratio2=  1.104534757103137E-005
 nchek0=           0 toler_force=  1.000000000000000E-005
 nchek=           1
 miter=         100 iiter=          32
 time: 11:10:07
                     istep=          38 iiter=          33
                     conver_load check
 resid=   24.4586941377469      retot=   11710982768230.3     
 ratio1=  1.445173409248230E-006 ratio2=  8.216381696805319E-006
 nchek0=           0 toler_force=  1.000000000000000E-005
 nchek=           0
                    conver_nodal_value check
               Convergence check for displacement
 ratio1=  5.212584399141865E-008 ratio2=  2.807395560664807E-007
 nchek=           0
 ***********RESTART FILE IS UPDATED!*******
 istep=          39
 outinp=           0
 tcurvegravity=           0           1           1           1           1
           1           1           1           1           0           0
           0           0           0           0           0           0
           0           0           0           0
 ntelgroup=           0
 Factorization completed ... 
 time: 11:10:07
                     istep=          39 iiter=           1
                     conver_load check
 resid=   18740305115.3272      retot=   12379725732311.0     
 ratio1=  3.890745440141159E-002 ratio2=  0.160719880142827     
 nchek0=           0 toler_force=  1.000000000000000E-005
 nchek=           1
 miter=         100 iiter=           1
 time: 11:10:07
                     istep=          39 iiter=           2
                     conver_load check
 resid=   7684147205.24336      retot=   12418534744620.7     
 ratio1=  2.487497538514155E-002 ratio2=  0.129732686006769     
 nchek0=           0 toler_force=  1.000000000000000E-005
 nchek=           1
 miter=         100 iiter=           2
 time: 11:10:07
                     istep=          39 iiter=           3
                     conver_load check
 resid=   3967912682.89434      retot=   12426589638928.4     
 ratio1=  1.786919856594003E-002 ratio2=  0.101052348739164     
 nchek0=           0 toler_force=  1.000000000000000E-005
 nchek=           1
 miter=         100 iiter=           3
 time: 11:10:07
                     istep=          39 iiter=           4
                     conver_load check
 resid=   2183755505.46912      retot=   12429595213837.4     
 ratio1=  1.325481021187462E-002 ratio2=  7.941805409245045E-002
 nchek0=           0 toler_force=  1.000000000000000E-005
 nchek=           1
 miter=         100 iiter=           4
 time: 11:10:07
                     istep=          39 iiter=           5
                     conver_load check
 resid=   1198945036.41504      retot=   12431170553918.3     
 ratio1=  9.820726683769739E-003 ratio2=  5.818454653132379E-002
 nchek0=           0 toler_force=  1.000000000000000E-005
 nchek=           1
 miter=         100 iiter=           5
 time: 11:10:07
                     istep=          39 iiter=           6
                     conver_load check
 resid=   670614541.270595      retot=   12432125212404.3     
 ratio1=  7.344526384544582E-003 ratio2=  4.262668610131935E-002
 nchek0=           0 toler_force=  1.000000000000000E-005
 nchek=           1
 miter=         100 iiter=           6
 time: 11:10:07
                     istep=          39 iiter=           7
                     conver_load check
 resid=   379963793.309870      retot=   12432758862405.0     
 ratio1=  5.528245895520765E-003 ratio2=  3.153567787520710E-002
 nchek0=           0 toler_force=  1.000000000000000E-005
 nchek=           1
 miter=         100 iiter=           7
 time: 11:10:07
                     istep=          39 iiter=           8
                     conver_load check
 resid=   216289881.385192      retot=   12433201134583.9     
 ratio1=  4.170869690926079E-003 ratio2=  2.340839317477862E-002
 nchek0=           0 toler_force=  1.000000000000000E-005
 nchek=           1
 miter=         100 iiter=           8
 time: 11:10:07
                     istep=          39 iiter=           9
                     conver_load check
 resid=   123378405.998020      retot=   12433515786966.3     
 ratio1=  3.150087391886057E-003 ratio2=  1.740037085357852E-002
 nchek0=           0 toler_force=  1.000000000000000E-005
 nchek=           1
 miter=         100 iiter=           9
 time: 11:10:07
                     istep=          39 iiter=          10
                     conver_load check
 resid=   70435011.6256438      retot=   12433743565477.2     
 ratio1=  2.380089794834475E-003 ratio2=  1.294250904767163E-002
 nchek0=           0 toler_force=  1.000000000000000E-005
 nchek=           1
 miter=         100 iiter=          10
 time: 11:10:07
                     istep=          39 iiter=          11
                     conver_load check
 resid=   40209460.0400259      retot=   12433909825440.8     
 ratio1=  1.798292213716891E-003 ratio2=  9.629997157726588E-003
 nchek0=           0 toler_force=  1.000000000000000E-005
 nchek=           1
 miter=         100 iiter=          11
 time: 11:10:07
                     istep=          39 iiter=          12
                     conver_load check
 resid=   22941355.7730858      retot=   12434031483832.8     
 ratio1=  1.358324576741753E-003 ratio2=  7.168120784080747E-003
 nchek0=           0 toler_force=  1.000000000000000E-005
 nchek=           1
 miter=         100 iiter=          12
 time: 11:10:07
                     istep=          39 iiter=          13
                     conver_load check
 resid=   13077151.4838302      retot=   12434120664914.9     
 ratio1=  1.025531580017037E-003 ratio2=  5.404385626318308E-003
 nchek0=           0 toler_force=  1.000000000000000E-005
 nchek=           1
 miter=         100 iiter=          13
 time: 11:10:07
                     istep=          39 iiter=          14
                     conver_load check
 resid=   7446022.63984445      retot=   12434186237247.8     
 ratio1=  7.738441293761875E-004 ratio2=  4.130574896125867E-003
 nchek0=           0 toler_force=  1.000000000000000E-005
 nchek=           1
 miter=         100 iiter=          14
 time: 11:10:07
                     istep=          39 iiter=          15
                     conver_load check
 resid=   4234373.11312874      retot=   12434234570902.0     
 ratio1=  5.835593524001353E-004 ratio2=  3.147063031715580E-003
 nchek0=           0 toler_force=  1.000000000000000E-005
 nchek=           1
 miter=         100 iiter=          15
 time: 11:10:07
                     istep=          39 iiter=          16
                     conver_load check
 resid=   2404910.09227759      retot=   12434270247482.1     
 ratio1=  4.397838444076822E-004 ratio2=  2.394336127585343E-003
 nchek0=           0 toler_force=  1.000000000000000E-005
 nchek=           1
 miter=         100 iiter=          16
 time: 11:10:07
                     istep=          39 iiter=          17
                     conver_load check
 resid=   1364032.48753741      retot=   12434296670195.7     
 ratio1=  3.312087064956102E-004 ratio2=  1.830683755662182E-003
 nchek0=           0 toler_force=  1.000000000000000E-005
 nchek=           1
 miter=         100 iiter=          17
 time: 11:10:07
                     istep=          39 iiter=          18
                     conver_load check
 resid=   772397.783690193      retot=   12434316304175.4     
 ratio1=  2.492353007020827E-004 ratio2=  1.395674493222170E-003
 nchek0=           0 toler_force=  1.000000000000000E-005
 nchek=           1
 miter=         100 iiter=          18
 time: 11:10:07
                     istep=          39 iiter=          19
                     conver_load check
 resid=   436797.970060185      retot=   12434330858678.3     
 ratio1=  1.874256804141252E-004 ratio2=  1.061364402900532E-003
 nchek0=           0 toler_force=  1.000000000000000E-005
 nchek=           1
 miter=         100 iiter=          19
 time: 11:10:07
                     istep=          39 iiter=          20
                     conver_load check
 resid=   246711.931310027      retot=   12434341650554.9     
 ratio1=  1.408587008373316E-004 ratio2=  8.053750780564801E-004
 nchek0=           0 toler_force=  1.000000000000000E-005
 nchek=           1
 miter=         100 iiter=          20
 time: 11:10:07
                     istep=          39 iiter=          21
                     conver_load check
 resid=   139190.893571939      retot=   12434349658623.3     
 ratio1=  1.058019990850698E-004 ratio2=  6.099708552583370E-004
 nchek0=           0 toler_force=  1.000000000000000E-005
 nchek=           1
 miter=         100 iiter=          21
 time: 11:10:08
                     istep=          39 iiter=          22
                     conver_load check
 resid=   78448.1421944192      retot=   12434355605614.9     
 ratio1=  7.942910881236808E-005 ratio2=  4.612157232081593E-004
 nchek0=           0 toler_force=  1.000000000000000E-005
 nchek=           1
 miter=         100 iiter=          22
 time: 11:10:08
                     istep=          39 iiter=          23
                     conver_load check
 resid=   44171.6946760926      retot=   12434360025386.9     
 ratio1=  5.960192846370520E-005 ratio2=  3.482374455678966E-004
 nchek0=           0 toler_force=  1.000000000000000E-005
 nchek=           1
 miter=         100 iiter=          23
 time: 11:10:08
                     istep=          39 iiter=          24
                     conver_load check
 resid=   24850.3059709159      retot=   12434363312363.4     
 ratio1=  4.470479357737994E-005 ratio2=  2.626048977470115E-004
 nchek0=           0 toler_force=  1.000000000000000E-005
 nchek=           1
 miter=         100 iiter=          24
 time: 11:10:08
                     istep=          39 iiter=          25
                     conver_load check
 resid=   13969.4877379159      retot=   12434365758319.5     
 ratio1=  3.351802506363307E-005 ratio2=  1.978130941875826E-004
 nchek0=           0 toler_force=  1.000000000000000E-005
 nchek=           1
 miter=         100 iiter=          25
 time: 11:10:08
                     istep=          39 iiter=          26
                     conver_load check
 resid=   7847.34776104915      retot=   12434367579373.5     
 ratio1=  2.512173318659499E-005 ratio2=  1.488647116914549E-004
 nchek0=           0 toler_force=  1.000000000000000E-005
 nchek=           1
 miter=         100 iiter=          26
 time: 11:10:08
                     istep=          39 iiter=          27
                     conver_load check
 resid=   4405.44018864671      retot=   12434368935783.3     
 ratio1=  1.882273726170837E-005 ratio2=  1.119347000588572E-004
 nchek0=           0 toler_force=  1.000000000000000E-005
 nchek=           1
 miter=         100 iiter=          27
 time: 11:10:08
                     istep=          39 iiter=          28
                     conver_load check
 resid=   2471.76779934362      retot=   12434369946498.9     
 ratio1=  1.409911792365180E-005 ratio2=  8.410444251165750E-005
 nchek0=           0 toler_force=  1.000000000000000E-005
 nchek=           1
 miter=         100 iiter=          28
 time: 11:10:08
                     istep=          39 iiter=          29
                     conver_load check
 resid=   1386.12884744174      retot=   12434370699882.6     
 ratio1=  1.055820027311847E-005 ratio2=  6.315292676820591E-005
 nchek0=           0 toler_force=  1.000000000000000E-005
 nchek=           1
 miter=         100 iiter=          29
 time: 11:10:08
                     istep=          39 iiter=          30
                     conver_load check
 resid=   776.963209520005      retot=   12434371261621.7     
 ratio1=  7.904753148665327E-006 ratio2=  4.739390429477112E-005
 nchek0=           0 toler_force=  1.000000000000000E-005
 nchek=           1
 miter=         100 iiter=          30
 time: 11:10:08
                     istep=          39 iiter=          31
                     conver_load check
 resid=   435.330818924136      retot=   12434371680577.9     
 ratio1=  5.916948434337493E-006 ratio2=  3.554968240902777E-005
 nchek0=           0 toler_force=  1.000000000000000E-005
 nchek=           1
 miter=         100 iiter=          31
 time: 11:10:08
                     istep=          39 iiter=          32
                     conver_load check
 resid=   243.825782946849      retot=   12434371993117.0     
 ratio1=  4.428206711500462E-006 ratio2=  2.665380528906700E-005
 nchek0=           0 toler_force=  1.000000000000000E-005
 nchek=           1
 miter=         100 iiter=          32
 time: 11:10:08
                     istep=          39 iiter=          33
                     conver_load check
 resid=   136.520650231994      retot=   12434372226317.7     
 ratio1=  3.313502038256937E-006 ratio2=  1.997633206190640E-005
 nchek0=           0 toler_force=  1.000000000000000E-005
 nchek=           1
 miter=         100 iiter=          33
 time: 11:10:08
                     istep=          39 iiter=          34
                     conver_load check
 resid=   76.4171926135042      retot=   12434372400351.7     
 ratio1=  2.479040399841650E-006 ratio2=  1.496667270531673E-005
 nchek0=           0 toler_force=  1.000000000000000E-005
 nchek=           1
 miter=         100 iiter=          34
 time: 11:10:08
                     istep=          39 iiter=          35
                     conver_load check
 resid=   42.7633499227091      retot=   12434372530251.5     
 ratio1=  1.854487550432920E-006 ratio2=  1.120999085415360E-005
 nchek0=           0 toler_force=  1.000000000000000E-005
 nchek=           1
 miter=         100 iiter=          35
 time: 11:10:08
                     istep=          39 iiter=          36
                     conver_load check
 resid=   23.9250419164285      retot=   12434372627223.0     
 ratio1=  1.387121217207076E-006 ratio2=  8.394041254934666E-006
 nchek0=           0 toler_force=  1.000000000000000E-005
 nchek=           0
                    conver_nodal_value check
               Convergence check for displacement
 ratio1=  4.824126437967304E-008 ratio2=  2.231690490894441E-007
 nchek=           0
 ***********RESTART FILE IS UPDATED!*******
 istep=          40
 outinp=           0
 tcurvegravity=           0           1           1           1           1
           1           1           1           1           0           0
           0           0           0           0           0           0
           0           0           0           0
 ntelgroup=           0
 Factorization completed ... 
 time: 11:10:08
                     istep=          40 iiter=           1
                     conver_load check
 resid=   28970928984.4669      retot=   13132305399770.1     
 ratio1=  4.696893618316048E-002 ratio2=  0.225649559401778     
 nchek0=           0 toler_force=  1.000000000000000E-005
 nchek=           1
 miter=         100 iiter=           1
 time: 11:10:08
                     istep=          40 iiter=           2
                     conver_load check
 resid=   11929724143.6914      retot=   13175456342595.4     
 ratio1=  3.009070531477652E-002 ratio2=  0.159745924067685     
 nchek0=           0 toler_force=  1.000000000000000E-005
 nchek=           1
 miter=         100 iiter=           2
 time: 11:10:08
                     istep=          40 iiter=           3
                     conver_load check
 resid=   6024301512.55242      retot=   13186237972405.1     
 ratio1=  2.137434895503333E-002 ratio2=  0.133151883716527     
 nchek0=           0 toler_force=  1.000000000000000E-005
 nchek=           1
 miter=         100 iiter=           3
 time: 11:10:08
                     istep=          40 iiter=           4
                     conver_load check
 resid=   3345737540.34230      retot=   13190854259512.6     
 ratio1=  1.592610129483460E-002 ratio2=  0.105966901683670     
 nchek0=           0 toler_force=  1.000000000000000E-005
 nchek=           1
 miter=         100 iiter=           4
 time: 11:10:08
                     istep=          40 iiter=           5
                     conver_load check
 resid=   1941117242.82909      retot=   13193292130091.4     
 ratio1=  1.212967862159789E-002 ratio2=  8.195547313856419E-002
 nchek0=           0 toler_force=  1.000000000000000E-005
 nchek=           1
 miter=         100 iiter=           5
 time: 11:10:08
                     istep=          40 iiter=           6
                     conver_load check
 resid=   1143650791.93317      retot=   13194693444395.0     
 ratio1=  9.309943925948755E-003 ratio2=  6.358559585163018E-002
 nchek0=           0 toler_force=  1.000000000000000E-005
 nchek=           1
 miter=         100 iiter=           6
 time: 11:10:08
                     istep=          40 iiter=           7
                     conver_load check
 resid=   676629543.248095      retot=   13195554277492.2     
 ratio1=  7.160801900529834E-003 ratio2=  5.013001646296786E-002
 nchek0=           0 toler_force=  1.000000000000000E-005
 nchek=           1
 miter=         100 iiter=           7
 time: 11:10:08
                     istep=          40 iiter=           8
                     conver_load check
 resid=   400310716.192145      retot=   13196111144738.6     
 ratio1=  5.507767838206198E-003 ratio2=  3.904089561702827E-002
 nchek0=           0 toler_force=  1.000000000000000E-005
 nchek=           1
 miter=         100 iiter=           8
 time: 11:10:08
                     istep=          40 iiter=           9
                     conver_load check
 resid=   236335492.264198      retot=   13196485048063.0     
 ratio1=  4.231899436020172E-003 ratio2=  3.012873099728358E-002
 nchek0=           0 toler_force=  1.000000000000000E-005
 nchek=           1
 miter=         100 iiter=           9
 time: 11:10:08
                     istep=          40 iiter=          10
                     conver_load check
 resid=   139204899.547657      retot=   13196741701110.8     
 ratio1=  3.247834587282500E-003 ratio2=  2.309626957425895E-002
 nchek0=           0 toler_force=  1.000000000000000E-005
 nchek=           1
 miter=         100 iiter=          10
 time: 11:10:08
                     istep=          40 iiter=          11
                     conver_load check
 resid=   81826383.4734555      retot=   13196921238014.6     
 ratio1=  2.490063177279056E-003 ratio2=  1.762153919145362E-002
 nchek0=           0 toler_force=  1.000000000000000E-005
 nchek=           1
 miter=         100 iiter=          11
 time: 11:10:08
                     istep=          40 iiter=          12
                     conver_load check
 resid=   48020857.1619137      retot=   13197048830619.9     
 ratio1=  1.907552687045963E-003 ratio2=  1.340065810034718E-002
 nchek0=           0 toler_force=  1.000000000000000E-005
 nchek=           1
 miter=         100 iiter=          12
 time: 11:10:08
                     istep=          40 iiter=          13
                     conver_load check
 resid=   28146510.0030017      retot=   13197140644991.8     
 ratio1=  1.460401780519595E-003 ratio2=  1.016874234221744E-002
 nchek0=           0 toler_force=  1.000000000000000E-005
 nchek=           1
 miter=         100 iiter=          13
 time: 11:10:08
                     istep=          40 iiter=          14
                     conver_load check
 resid=   16481566.9850373      retot=   13197207355240.7     
 ratio1=  1.117527527594115E-003 ratio2=  7.705823201917950E-003
 nchek0=           0 toler_force=  1.000000000000000E-005
 nchek=           1
 miter=         100 iiter=          14
 time: 11:10:08
                     istep=          40 iiter=          15
                     conver_load check
 resid=   9643455.96507445      retot=   13197256187778.9     
 ratio1=  8.548197096191619E-004 ratio2=  5.834919923827776E-003
 nchek0=           0 toler_force=  1.000000000000000E-005
 nchek=           1
 miter=         100 iiter=          15
 time: 11:10:08
                     istep=          40 iiter=          16
                     conver_load check
 resid=   5638523.02182465      retot=   13197292153457.9     
 ratio1=  6.536424716103258E-004 ratio2=  4.416652844035400E-003
 nchek0=           0 toler_force=  1.000000000000000E-005
 nchek=           1
 miter=         100 iiter=          16
 time: 11:10:08
                     istep=          40 iiter=          17
                     conver_load check
 resid=   3294815.22563282      retot=   13197318757922.3     
 ratio1=  4.996578085844437E-004 ratio2=  3.342854736702087E-003
 nchek0=           0 toler_force=  1.000000000000000E-005
 nchek=           1
 miter=         100 iiter=          17
 time: 11:10:08
                     istep=          40 iiter=          18
                     conver_load check
 resid=   1924191.13180383      retot=   13197338513686.9     
 ratio1=  3.818395645539578E-004 ratio2=  2.530400812252673E-003
 nchek0=           0 toler_force=  1.000000000000000E-005
 nchek=           1
 miter=         100 iiter=          18
 time: 11:10:08
                     istep=          40 iiter=          19
                     conver_load check
 resid=   1123122.39696646      retot=   13197353230653.5     
 ratio1=  2.917226321951889E-004 ratio2=  1.915844452021825E-003
 nchek0=           0 toler_force=  1.000000000000000E-005
 nchek=           1
 miter=         100 iiter=          19
 time: 11:10:08
                     istep=          40 iiter=          20
                     conver_load check
 resid=   655200.494481224      retot=   13197364222995.1     
 ratio1=  2.228145293218480E-004 ratio2=  1.450976724253639E-003
 nchek0=           0 toler_force=  1.000000000000000E-005
 nchek=           1
 miter=         100 iiter=          20
 time: 11:10:08
                     istep=          40 iiter=          21
                     conver_load check
 resid=   382027.761738299      retot=   13197372451541.3     
 ratio1=  1.701389410080099E-004 ratio2=  1.099272000866972E-003
 nchek0=           0 toler_force=  1.000000000000000E-005
 nchek=           1
 miter=         100 iiter=          21
 time: 11:10:08
                     istep=          40 iiter=          22
                     conver_load check
 resid=   222635.680742279      retot=   13197378622747.6     
 ratio1=  1.298833691743959E-004 ratio2=  8.331045012631195E-004
 nchek0=           0 toler_force=  1.000000000000000E-005
 nchek=           1
 miter=         100 iiter=          22
 time: 11:10:08
                     istep=          40 iiter=          23
                     conver_load check
 resid=   129682.146956901      retot=   13197383258431.5     
 ratio1=  9.912796290169981E-005 ratio2=  6.315994202542171E-004
 nchek0=           0 toler_force=  1.000000000000000E-005
 nchek=           1
 miter=         100 iiter=          23
 time: 11:10:08
                     istep=          40 iiter=          24
                     conver_load check
 resid=   75502.0474003749      retot=   13197386745491.6     
 ratio1=  7.563719112324315E-005 ratio2=  4.789894443754563E-004
 nchek0=           0 toler_force=  1.000000000000000E-005
 nchek=           1
 miter=         100 iiter=          24
 time: 11:10:08
                     istep=          40 iiter=          25
                     conver_load check
 resid=   43937.8645146108      retot=   13197389371698.9     
 ratio1=  5.769995275920764E-005 ratio2=  3.633654633767440E-004
 nchek0=           0 toler_force=  1.000000000000000E-005
 nchek=           1
 miter=         100 iiter=          25
 time: 11:10:08
                     istep=          40 iiter=          26
                     conver_load check
 resid=   25558.1997922208      retot=   13197391351665.0     
 ratio1=  4.400693103693212E-005 ratio2=  2.757306209623348E-004
 nchek0=           0 toler_force=  1.000000000000000E-005
 nchek=           1
 miter=         100 iiter=          26
 time: 11:10:08
                     istep=          40 iiter=          27
                     conver_load check
 resid=   14860.8178414537      retot=   13197392845804.6     
 ratio1=  3.355654839044705E-005 ratio2=  2.092857420988347E-004
 nchek0=           0 toler_force=  1.000000000000000E-005
 nchek=           1
 miter=         100 iiter=          27
 time: 11:10:08
                     istep=          40 iiter=          28
                     conver_load check
 resid=   8637.47312753494      retot=   13197393974255.8     
 ratio1=  2.558286999042400E-005 ratio2=  1.588902474406694E-004
 nchek0=           0 toler_force=  1.000000000000000E-005
 nchek=           1
 miter=         100 iiter=          28
 time: 11:10:09
                     istep=          40 iiter=          29
                     conver_load check
 resid=   5018.48728289992      retot=   13197394827145.3     
 ratio1=  1.950034563601111E-005 ratio2=  1.206556951045229E-004
 nchek0=           0 toler_force=  1.000000000000000E-005
 nchek=           1
 miter=         100 iiter=          29
 time: 11:10:09
                     istep=          40 iiter=          30
                     conver_load check
 resid=   2914.81911042269      retot=   13197395472185.1     
 ratio1=  1.486146724574803E-005 ratio2=  9.163934985168505E-005
 nchek0=           0 toler_force=  1.000000000000000E-005
 nchek=           1
 miter=         100 iiter=          30
 time: 11:10:09
                     istep=          40 iiter=          31
                     conver_load check
 resid=   1692.44048914253      retot=   13197395960313.1     
 ratio1=  1.132433164949031E-005 ratio2=  6.961311197022569E-005
 nchek0=           0 toler_force=  1.000000000000000E-005
 nchek=           1
 miter=         100 iiter=          31
 time: 11:10:09
                     istep=          40 iiter=          32
                     conver_load check
 resid=   982.399822055906      retot=   13197396329892.6     
 ratio1=  8.627798783607444E-006 ratio2=  5.288919931817664E-005
 nchek0=           0 toler_force=  1.000000000000000E-005
 nchek=           1
 miter=         100 iiter=          32
 time: 11:10:09
                     istep=          40 iiter=          33
                     conver_load check
 resid=   570.093214114623      retot=   13197396609845.9     
 ratio1=  6.572472862648101E-006 ratio2=  4.018857270020515E-005
 nchek0=           0 toler_force=  1.000000000000000E-005
 nchek=           1
 miter=         100 iiter=          33
 time: 11:10:09
                     istep=          40 iiter=          34
                     conver_load check
 resid=   330.746606525464      retot=   13197396821997.3     
 ratio1=  5.006146571057842E-006 ratio2=  3.054156467278988E-005
 nchek0=           0 toler_force=  1.000000000000000E-005
 nchek=           1
 miter=         100 iiter=          34
 time: 11:10:09
                     istep=          40 iiter=          35
                     conver_load check
 resid=   191.842822347591      retot=   13197396982828.5     
 ratio1=  3.812664908326893E-006 ratio2=  2.321278384524627E-005
 nchek0=           0 toler_force=  1.000000000000000E-005
 nchek=           1
 miter=         100 iiter=          35
 time: 11:10:09
                     istep=          40 iiter=          36
                     conver_load check
 resid=   111.251155229248      retot=   13197397104795.5     
 ratio1=  2.903408355805335E-006 ratio2=  1.764433007462109E-005
 nchek0=           0 toler_force=  1.000000000000000E-005
 nchek=           1
 miter=         100 iiter=          36
 time: 11:10:09
                     istep=          40 iiter=          37
                     conver_load check
 resid=   64.5030091603211      retot=   13197397197317.9     
 ratio1=  2.210781613162265E-006 ratio2=  1.341283086466142E-005
 nchek0=           0 toler_force=  1.000000000000000E-005
 nchek=           1
 miter=         100 iiter=          37
 time: 11:10:09
                     istep=          40 iiter=          38
                     conver_load check
 resid=   37.3920283076630      retot=   13197397267523.5     
 ratio1=  1.683237379470864E-006 ratio2=  1.019691724302659E-005
 nchek0=           0 toler_force=  1.000000000000000E-005
 nchek=           1
 miter=         100 iiter=          38
 time: 11:10:09
                     istep=          40 iiter=          39
                     conver_load check
 resid=   21.6724639996090      retot=   13197397320808.3     
 ratio1=  1.281474590362879E-006 ratio2=  7.752590090734259E-006
 nchek0=           0 toler_force=  1.000000000000000E-005
 nchek=           0
                    conver_nodal_value check
               Convergence check for displacement
 ratio1=  2.229789947975402E-008 ratio2=  1.649147343438724E-007
 nchek=           0
 ***********RESTART FILE IS UPDATED!*******
 istep=          41
 outinp=           0
 tcurvegravity=           0           1           1           1           1
           1           1           1           1           0           0
           0           0           0           0           0           0
           0           0           0           0
 ntelgroup=           0
 Factorization completed ... 
 time: 11:10:09
                     istep=          41 iiter=           1
                     conver_load check
 resid=   34622226733.7145      retot=   13927466949531.1     
 ratio1=  4.985875500846793E-002 ratio2=  0.277917481848427     
 nchek0=           0 toler_force=  1.000000000000000E-005
 nchek=           1
 miter=         100 iiter=           1
 time: 11:10:09
                     istep=          41 iiter=           2
                     conver_load check
 resid=   14213978808.9758      retot=   13974291958956.3     
 ratio1=  3.189282027797062E-002 ratio2=  0.183161299350995     
 nchek0=           0 toler_force=  1.000000000000000E-005
 nchek=           1
 miter=         100 iiter=           2
 time: 11:10:09
                     istep=          41 iiter=           3
                     conver_load check
 resid=   6723631336.16182      retot=   13986826013573.3     
 ratio1=  2.192513923391791E-002 ratio2=  0.135075644261746     
 nchek0=           0 toler_force=  1.000000000000000E-005
 nchek=           1
 miter=         100 iiter=           3
 time: 11:10:09
                     istep=          41 iiter=           4
                     conver_load check
 resid=   3544944401.64829      retot=   13992185805654.9     
 ratio1=  1.591702624159838E-002 ratio2=  0.107866254500160     
 nchek0=           0 toler_force=  1.000000000000000E-005
 nchek=           1
 miter=         100 iiter=           4
 time: 11:10:09
                     istep=          41 iiter=           5
                     conver_load check
 resid=   1933659362.44455      retot=   13994894693675.7     
 ratio1=  1.175452726478739E-002 ratio2=  8.417789004044052E-002
 nchek0=           0 toler_force=  1.000000000000000E-005
 nchek=           1
 miter=         100 iiter=           5
 time: 11:10:09
                     istep=          41 iiter=           6
                     conver_load check
 resid=   1117746353.72619      retot=   13996412781513.7     
 ratio1=  8.936413578950064E-003 ratio2=  6.461894613681970E-002
 nchek0=           0 toler_force=  1.000000000000000E-005
 nchek=           1
 miter=         100 iiter=           6
 time: 11:10:09
                     istep=          41 iiter=           7
                     conver_load check
 resid=   669349666.803369      retot=   13997312758984.0     
 ratio1=  6.915191198253076E-003 ratio2=  4.907073294640129E-002
 nchek0=           0 toler_force=  1.000000000000000E-005
 nchek=           1
 miter=         100 iiter=           7
 time: 11:10:09
                     istep=          41 iiter=           8
                     conver_load check
 resid=   407077423.937027      retot=   13997865093211.5     
 ratio1=  5.392716715306073E-003 ratio2=  3.914971717401164E-002
 nchek0=           0 toler_force=  1.000000000000000E-005
 nchek=           1
 miter=         100 iiter=           8
 time: 11:10:09
                     istep=          41 iiter=           9
                     conver_load check
 resid=   249703367.732325      retot=   13998216722860.9     
 ratio1=  4.223532528200653E-003 ratio2=  3.145160224130728E-002
 nchek0=           0 toler_force=  1.000000000000000E-005
 nchek=           1
 miter=         100 iiter=           9
 time: 11:10:09
                     istep=          41 iiter=          10
                     conver_load check
 resid=   154002146.571966      retot=   13998448322340.5     
 ratio1=  3.316831719278167E-003 ratio2=  2.513595582544815E-002
 nchek0=           0 toler_force=  1.000000000000000E-005
 nchek=           1
 miter=         100 iiter=          10
 time: 11:10:09
                     istep=          41 iiter=          11
                     conver_load check
 resid=   95333753.4882604      retot=   13998605281723.8     
 ratio1=  2.609642173660693E-003 ratio2=  2.000812801128513E-002
 nchek0=           0 toler_force=  1.000000000000000E-005
 nchek=           1
 miter=         100 iiter=          11
 time: 11:10:09
                     istep=          41 iiter=          12
                     conver_load check
 resid=   59175165.0451199      retot=   13998714296423.1     
 ratio1=  2.056012089196474E-003 ratio2=  1.587810986865018E-002
 nchek0=           0 toler_force=  1.000000000000000E-005
 nchek=           1
 miter=         100 iiter=          12
 time: 11:10:09
                     istep=          41 iiter=          13
                     conver_load check
 resid=   36804647.4244508      retot=   13998791638693.3     
 ratio1=  1.621459315462235E-003 ratio2=  1.257204102465667E-002
 nchek0=           0 toler_force=  1.000000000000000E-005
 nchek=           1
 miter=         100 iiter=          13
 time: 11:10:09
                     istep=          41 iiter=          14
                     conver_load check
 resid=   22926034.2064852      retot=   13998847376498.5     
 ratio1=  1.279729934345164E-003 ratio2=  9.937731745062140E-003
 nchek0=           0 toler_force=  1.000000000000000E-005
 nchek=           1
 miter=         100 iiter=          14
 time: 11:10:09
                     istep=          41 iiter=          15
                     conver_load check
 resid=   14297578.4274713      retot=   13998888102960.4     
 ratio1=  1.010612051069769E-003 ratio2=  7.845904082192412E-003
 nchek0=           0 toler_force=  1.000000000000000E-005
 nchek=           1
 miter=         100 iiter=          15
 time: 11:10:09
                     istep=          41 iiter=          16
                     conver_load check
 resid=   8924433.36473404      retot=   13998918206627.8     
 ratio1=  7.984414737257324E-004 ratio2=  6.189069664908322E-003
 nchek0=           0 toler_force=  1.000000000000000E-005
 nchek=           1
 miter=         100 iiter=          16
 time: 11:10:09
                     istep=          41 iiter=          17
                     conver_load check
 resid=   5574219.75776715      retot=   13998940671990.0     
 ratio1=  6.310219358985954E-004 ratio2=  4.879211416791446E-003
 nchek0=           0 toler_force=  1.000000000000000E-005
 nchek=           1
 miter=         100 iiter=          17
 time: 11:10:09
                     istep=          41 iiter=          18
                     conver_load check
 resid=   3483303.13663520      retot=   13998957570242.5     
 ratio1=  4.988245125257585E-004 ratio2=  3.845051359493828E-003
 nchek0=           0 toler_force=  1.000000000000000E-005
 nchek=           1
 miter=         100 iiter=          18
 time: 11:10:09
                     istep=          41 iiter=          19
                     conver_load check
 resid=   2177384.56944096      retot=   13998970364608.2     
 ratio1=  3.943842142057734E-004 ratio2=  3.029332829973075E-003
 nchek0=           0 toler_force=  1.000000000000000E-005
 nchek=           1
 miter=         100 iiter=          19
 time: 11:10:09
                     istep=          41 iiter=          20
                     conver_load check
 resid=   1361321.82185497      retot=   13998980104817.3     
 ratio1=  3.118402751531649E-004 ratio2=  2.386334015779274E-003
 nchek0=           0 toler_force=  1.000000000000000E-005
 nchek=           1
 miter=         100 iiter=          20
 time: 11:10:09
                     istep=          41 iiter=          21
                     conver_load check
 resid=   851184.692238393      retot=   13998987553925.6     
 ratio1=  2.465832592372012E-004 ratio2=  1.879701826893227E-003
 nchek0=           0 toler_force=  1.000000000000000E-005
 nchek=           1
 miter=         100 iiter=          21
 time: 11:10:09
                     istep=          41 iiter=          22
                     conver_load check
 resid=   532216.871215118      retot=   13998993272839.0     
 ratio1=  1.949826265510582E-004 ratio2=  1.480622980173093E-003
 nchek0=           0 toler_force=  1.000000000000000E-005
 nchek=           1
 miter=         100 iiter=          22
 time: 11:10:09
                     istep=          41 iiter=          23
                     conver_load check
 resid=   332757.213216604      retot=   13998997677792.3     
 ratio1=  1.541754655509270E-004 ratio2=  1.166311976017847E-003
 nchek0=           0 toler_force=  1.000000000000000E-005
 nchek=           1
 miter=         100 iiter=          23
 time: 11:10:09
                     istep=          41 iiter=          24
                     conver_load check
 resid=   208026.667101018      retot=   13999001080148.8     
 ratio1=  1.219020423940676E-004 ratio2=  9.187791960405355E-004
 nchek0=           0 toler_force=  1.000000000000000E-005
 nchek=           1
 miter=         100 iiter=          24
 time: 11:10:09
                     istep=          41 iiter=          25
                     conver_load check
 resid=   130031.144055925      retot=   13999003714408.3     
 ratio1=  9.637738255500048E-005 ratio2=  7.238375475427022E-004
 nchek0=           0 toler_force=  1.000000000000000E-005
 nchek=           1
 miter=         100 iiter=          25
 time: 11:10:09
                     istep=          41 iiter=          26
                     conver_load check
 resid=   81264.5768745743      retot=   13999005758201.2     
 ratio1=  7.619071394156883E-005 ratio2=  5.703073600595729E-004
 nchek0=           0 toler_force=  1.000000000000000E-005
 nchek=           1
 miter=         100 iiter=          26
 time: 11:10:09
                     istep=          41 iiter=          27
                     conver_load check
 resid=   50777.7078910695      retot=   13999007346740.4     
 ratio1=  6.022654165673475E-005 ratio2=  4.493833363435890E-004
 nchek0=           0 toler_force=  1.000000000000000E-005
 nchek=           1
 miter=         100 iiter=          27
 time: 11:10:09
                     istep=          41 iiter=          28
                     conver_load check
 resid=   31721.8296823701      retot=   13999008583381.9     
 ratio1=  4.760257813983371E-005 ratio2=  3.541324459561851E-004
 nchek0=           0 toler_force=  1.000000000000000E-005
 nchek=           1
 miter=         100 iiter=          28
 time: 11:10:09
                     istep=          41 iiter=          29
                     conver_load check
 resid=   19813.1936696199      retot=   13999009547415.0     
 ratio1=  3.762084859408094E-005 ratio2=  2.790967597560799E-004
 nchek0=           0 toler_force=  1.000000000000000E-005
 nchek=           1
 miter=         100 iiter=          29
 time: 11:10:09
                     istep=          41 iiter=          30
                     conver_load check
 resid=   12372.6161211736      retot=   13999010299855.5     
 ratio1=  2.972912333376809E-005 ratio2=  2.199798971072499E-004
 nchek0=           0 toler_force=  1.000000000000000E-005
 nchek=           1
 miter=         100 iiter=          30
 time: 11:10:09
                     istep=          41 iiter=          31
                     conver_load check
 resid=   7724.68037516227      retot=   13999010887783.8     
 ratio1=  2.349046336758214E-005 ratio2=  1.733998149983851E-004
 nchek0=           0 toler_force=  1.000000000000000E-005
 nchek=           1
 miter=         100 iiter=          31
 time: 11:10:09
                     istep=          41 iiter=          32
                     conver_load check
 resid=   4821.84944108483      retot=   13999011347613.0     
 ratio1=  1.855915248724960E-005 ratio2=  1.366940795964162E-004
 nchek0=           0 toler_force=  1.000000000000000E-005
 nchek=           1
 miter=         100 iiter=          32
 time: 11:10:09
                     istep=          41 iiter=          33
                     conver_load check
 resid=   3009.28929473962      retot=   13999011707564.3     
 ratio1=  1.466166464540421E-005 ratio2=  1.077665692850840E-004
 nchek0=           0 toler_force=  1.000000000000000E-005
 nchek=           1
 miter=         100 iiter=          33
 time: 11:10:09
                     istep=          41 iiter=          34
                     conver_load check
 resid=   1877.73795416565      retot=   13999011989549.6     
 ratio1=  1.158160635160589E-005 ratio2=  8.496683764697667E-005
 nchek0=           0 toler_force=  1.000000000000000E-005
 nchek=           1
 miter=         100 iiter=          34
 time: 11:10:09
                     istep=          41 iiter=          35
                     conver_load check
 resid=   1171.46881785512      retot=   13999012210609.7     
 ratio1=  9.147800197285141E-006 ratio2=  6.699519657898503E-005
 nchek0=           0 toler_force=  1.000000000000000E-005
 nchek=           1
 miter=         100 iiter=          35
 time: 11:10:09
                     istep=          41 iiter=          36
                     conver_load check
 resid=   730.727344161531      retot=   13999012384015.8     
 ratio1=  7.224852426704258E-006 ratio2=  5.282804139025466E-005
 nchek0=           0 toler_force=  1.000000000000000E-005
 nchek=           1
 miter=         100 iiter=          36
 time: 11:10:10
                     istep=          41 iiter=          37
                     conver_load check
 resid=   455.735791479053      retot=   13999012520117.0     
 ratio1=  5.705686003210531E-006 ratio2=  4.165910034522530E-005
 nchek0=           0 toler_force=  1.000000000000000E-005
 nchek=           1
 miter=         100 iiter=          37
 time: 11:10:10
                     istep=          41 iiter=          38
                     conver_load check
 resid=   284.189711656168      retot=   13999012626992.6     
 ratio1=  4.505629463050152E-006 ratio2=  3.285320945504000E-005
 nchek0=           0 toler_force=  1.000000000000000E-005
 nchek=           1
 miter=         100 iiter=          38
 time: 11:10:10
                     istep=          41 iiter=          39
                     conver_load check
 resid=   177.192454024872      retot=   13999012710956.5     
 ratio1=  3.557737549868876E-006 ratio2=  2.590993816513474E-005
 nchek0=           0 toler_force=  1.000000000000000E-005
 nchek=           1
 miter=         100 iiter=          39
 time: 11:10:10
                     istep=          41 iiter=          40
                     conver_load check
 resid=   110.465804827826      retot=   13999012776947.7     
 ratio1=  2.809087230710501E-006 ratio2=  2.043496274975337E-005
 nchek0=           0 toler_force=  1.000000000000000E-005
 nchek=           1
 miter=         100 iiter=          40
 time: 11:10:10
                     istep=          41 iiter=          41
                     conver_load check
 resid=   68.8589227110140      retot=   13999012828832.4     
 ratio1=  2.217846098765661E-006 ratio2=  1.611753376192950E-005
 nchek0=           0 toler_force=  1.000000000000000E-005
 nchek=           1
 miter=         100 iiter=          41
 time: 11:10:10
                     istep=          41 iiter=          42
                     conver_load check
 resid=   42.9186539623672      retot=   13999012869639.8     
 ratio1=  1.750952400847973E-006 ratio2=  1.271273742492526E-005
 nchek0=           0 toler_force=  1.000000000000000E-005
 nchek=           1
 miter=         100 iiter=          42
 time: 11:10:10
                     istep=          41 iiter=          43
                     conver_load check
 resid=   26.7478608976052      retot=   13999012901744.7     
 ratio1=  1.382279353162242E-006 ratio2=  1.002752881533036E-005
 nchek0=           0 toler_force=  1.000000000000000E-005
 nchek=           1
 miter=         100 iiter=          43
 time: 11:10:10
                     istep=          41 iiter=          44
                     conver_load check
 resid=   16.6683456518784      retot=   13999012927009.8     
 ratio1=  1.091182875206428E-006 ratio2=  7.909733097002361E-006
 nchek0=           0 toler_force=  1.000000000000000E-005
 nchek=           0
                    conver_nodal_value check
               Convergence check for displacement
 ratio1=  1.118831554868445E-008 ratio2=  1.953120325313572E-007
 nchek=           0
 ***********RESTART FILE IS UPDATED!*******
 istep=          42
 outinp=           0
 tcurvegravity=           0           1           1           1           1
           1           1           1           1           0           0
           0           0           0           0           0           0
           0           0           0           0
 ntelgroup=           0
 Factorization completed ... 
 time: 11:10:10
                     istep=          42 iiter=           1
                     conver_load check
 resid=   33550781816.5868      retot=   14757644296127.5     
 ratio1=  4.768071982420966E-002 ratio2=  0.290215801615856     
 nchek0=           0 toler_force=  1.000000000000000E-005
 nchek=           1
 miter=         100 iiter=           1
 time: 11:10:10
                     istep=          42 iiter=           2
                     conver_load check
 resid=   14022201631.0910      retot=   14806609805650.8     
 ratio1=  3.077374055253593E-002 ratio2=  0.191740620613116     
 nchek0=           0 toler_force=  1.000000000000000E-005
 nchek=           1
 miter=         100 iiter=           2
 time: 11:10:10
                     istep=          42 iiter=           3
                     conver_load check
 resid=   7334762964.72854      retot=   14820254869128.4     
 ratio1=  2.224667987819321E-002 ratio2=  0.147204743800334     
 nchek0=           0 toler_force=  1.000000000000000E-005
 nchek=           1
 miter=         100 iiter=           3
 time: 11:10:10
                     istep=          42 iiter=           4
                     conver_load check
 resid=   3904542390.11638      retot=   14825898849132.6     
 ratio1=  1.622835706382724E-002 ratio2=  0.104597855722322     
 nchek0=           0 toler_force=  1.000000000000000E-005
 nchek=           1
 miter=         100 iiter=           4
 time: 11:10:10
                     istep=          42 iiter=           5
                     conver_load check
 resid=   1956747666.73921      retot=   14828659804985.5     
 ratio1=  1.148726027774268E-002 ratio2=  7.529707357552606E-002
 nchek0=           0 toler_force=  1.000000000000000E-005
 nchek=           1
 miter=         100 iiter=           5
 time: 11:10:10
                     istep=          42 iiter=           6
                     conver_load check
 resid=   1065685656.50961      retot=   14830220500577.6     
 ratio1=  8.476972144946356E-003 ratio2=  5.857962619823457E-002
 nchek0=           0 toler_force=  1.000000000000000E-005
 nchek=           1
 miter=         100 iiter=           6
 time: 11:10:10
                     istep=          42 iiter=           7
                     conver_load check
 resid=   616341394.140496      retot=   14831156289860.2     
 ratio1=  6.446487760646956E-003 ratio2=  4.541003496803767E-002
 nchek0=           0 toler_force=  1.000000000000000E-005
 nchek=           1
 miter=         100 iiter=           7
 time: 11:10:10
                     istep=          42 iiter=           8
                     conver_load check
 resid=   370600925.628373      retot=   14831736607774.9     
 ratio1=  4.998702009351305E-003 ratio2=  3.511611802541942E-002
 nchek0=           0 toler_force=  1.000000000000000E-005
 nchek=           1
 miter=         100 iiter=           8
 time: 11:10:10
                     istep=          42 iiter=           9
                     conver_load check
 resid=   229428139.706656      retot=   14832104342595.9     
 ratio1=  3.932981973253714E-003 ratio2=  2.767529269436134E-002
 nchek0=           0 toler_force=  1.000000000000000E-005
 nchek=           1
 miter=         100 iiter=           9
 time: 11:10:10
                     istep=          42 iiter=          10
                     conver_load check
 resid=   145813795.215923      retot=   14832346133351.2     
 ratio1=  3.135410302479833E-003 ratio2=  2.307718140704650E-002
 nchek0=           0 toler_force=  1.000000000000000E-005
 nchek=           1
 miter=         100 iiter=          10
 time: 11:10:10
                     istep=          42 iiter=          11
                     conver_load check
 resid=   94184106.6368010      retot=   14832507330715.4     
 ratio1=  2.519889666184272E-003 ratio2=  1.919372179243010E-002
 nchek0=           0 toler_force=  1.000000000000000E-005
 nchek=           1
 miter=         100 iiter=          11
 time: 11:10:10
                     istep=          42 iiter=          12
                     conver_load check
 resid=   61542077.6432252      retot=   14832614931377.7     
 ratio1=  2.036935212161818E-003 ratio2=  1.592312214867306E-002
 nchek0=           0 toler_force=  1.000000000000000E-005
 nchek=           1
 miter=         100 iiter=          12
 time: 11:10:10
                     istep=          42 iiter=          13
                     conver_load check
 resid=   40572973.2103574      retot=   14832687561329.2     
 ratio1=  1.653897126797064E-003 ratio2=  1.318128183540322E-002
 nchek0=           0 toler_force=  1.000000000000000E-005
 nchek=           1
 miter=         100 iiter=          13
 time: 11:10:10
                     istep=          42 iiter=          14
                     conver_load check
 resid=   26939195.5418832      retot=   14832737357994.4     
 ratio1=  1.347664095232212E-003 ratio2=  1.089339417463479E-002
 nchek0=           0 toler_force=  1.000000000000000E-005
 nchek=           1
 miter=         100 iiter=          14
 time: 11:10:10
                     istep=          42 iiter=          15
                     conver_load check
 resid=   17988721.0399682      retot=   14832772004589.3     
 ratio1=  1.101257763105770E-003 ratio2=  8.991586800594377E-003
 nchek0=           0 toler_force=  1.000000000000000E-005
 nchek=           1
 miter=         100 iiter=          15
 time: 11:10:10
                     istep=          42 iiter=          16
                     conver_load check
 resid=   12066520.5475163      retot=   14832796474568.7     
 ratio1=  9.019438664460442E-004 ratio2=  7.415280460691872E-003
 nchek0=           0 toler_force=  1.000000000000000E-005
 nchek=           1
 miter=         100 iiter=          16
 time: 11:10:10
                     istep=          42 iiter=          17
                     conver_load check
 resid=   8123009.96094116      retot=   14832814006403.8     
 ratio1=  7.400255551619840E-004 ratio2=  6.111528692537636E-003
 nchek0=           0 toler_force=  1.000000000000000E-005
 nchek=           1
 miter=         100 iiter=          17
 time: 11:10:10
                     istep=          42 iiter=          18
                     conver_load check
 resid=   5483600.76428082      retot=   14832826733110.5     
 ratio1=  6.080243222771683E-004 ratio2=  5.034844775680651E-003
 nchek0=           0 toler_force=  1.000000000000000E-005
 nchek=           1
 miter=         100 iiter=          18
 time: 11:10:10
                     istep=          42 iiter=          19
                     conver_load check
 resid=   3709811.66113825      retot=   14832836085285.1     
 ratio1=  5.001080350841298E-004 ratio2=  4.146642422146772E-003
 nchek0=           0 toler_force=  1.000000000000000E-005
 nchek=           1
 miter=         100 iiter=          19
 time: 11:10:10
                     istep=          42 iiter=          20
                     conver_load check
 resid=   2513918.77823977      retot=   14832843034915.1     
 ratio1=  4.116834615499164E-004 ratio2=  3.414483301533511E-003
 nchek0=           0 toler_force=  1.000000000000000E-005
 nchek=           1
 miter=         100 iiter=          20
 time: 11:10:10
                     istep=          42 iiter=          21
                     conver_load check
 resid=   1705628.84029813      retot=   14832848252025.5     
 ratio1=  3.391017168454728E-004 ratio2=  2.811271210125862E-003
 nchek0=           0 toler_force=  1.000000000000000E-005
 nchek=           1
 miter=         100 iiter=          21
 time: 11:10:10
                     istep=          42 iiter=          22
                     conver_load check
 resid=   1158268.43980136      retot=   14832852204900.9     
 ratio1=  2.794423833818622E-004 ratio2=  2.314474389007991E-003
 nchek0=           0 toler_force=  1.000000000000000E-005
 nchek=           1
 miter=         100 iiter=          22
 time: 11:10:10
                     istep=          42 iiter=          23
                     conver_load check
 resid=   787069.742945673      retot=   14832855225111.4     
 ratio1=  2.303531893878486E-004 ratio2=  1.905416551413583E-003
 nchek0=           0 toler_force=  1.000000000000000E-005
 nchek=           1
 miter=         100 iiter=          23
 time: 11:10:10
                     istep=          42 iiter=          24
                     conver_load check
 resid=   535068.272952641      retot=   14832857550305.3     
 ratio1=  1.899293959812302E-004 ratio2=  1.568652302556205E-003
 nchek0=           0 toler_force=  1.000000000000000E-005
 nchek=           1
 miter=         100 iiter=          24
 time: 11:10:10
                     istep=          42 iiter=          25
                     conver_load check
 resid=   363856.286132054      retot=   14832859352764.8     
 ratio1=  1.566219049372709E-004 ratio2=  1.291428772743362E-003
 nchek0=           0 toler_force=  1.000000000000000E-005
 nchek=           1
 miter=         100 iiter=          25
 time: 11:10:10
                     istep=          42 iiter=          26
                     conver_load check
 resid=   247470.830323099      retot=   14832860758716.8     
 ratio1=  1.291663977083963E-004 ratio2=  1.063228210248336E-003
 nchek0=           0 toler_force=  1.000000000000000E-005
 nchek=           1
 miter=         100 iiter=          26
 time: 11:10:10
                     istep=          42 iiter=          27
                     conver_load check
 resid=   168326.734298725      retot=   14832861861560.5     
 ratio1=  1.065280734225795E-004 ratio2=  8.753831512945409E-004
 nchek0=           0 toler_force=  1.000000000000000E-005
 nchek=           1
 miter=         100 iiter=          27
 time: 11:10:10
                     istep=          42 iiter=          28
                     conver_load check
 resid=   114495.569021151      retot=   14832862731040.1     
 ratio1=  8.785810890517792E-005 ratio2=  7.207548429009005E-004
 nchek0=           0 toler_force=  1.000000000000000E-005
 nchek=           1
 miter=         100 iiter=          28
 time: 11:10:10
                     istep=          42 iiter=          29
                     conver_load check
 resid=   77877.1732292598      retot=   14832863419679.1     
 ratio1=  7.245904248264901E-005 ratio2=  5.934657997725810E-004
 nchek0=           0 toler_force=  1.000000000000000E-005
 nchek=           1
 miter=         100 iiter=          29
 time: 11:10:10
                     istep=          42 iiter=          30
                     conver_load check
 resid=   52966.7251774303      retot=   14832863967344.3     
 ratio1=  5.975703685969845E-005 ratio2=  4.886781312842625E-004
 nchek0=           0 toler_force=  1.000000000000000E-005
 nchek=           1
 miter=         100 iiter=          30
 time: 11:10:10
                     istep=          42 iiter=          31
                     conver_load check
 resid=   36021.1636691265      retot=   14832864404516.3     
 ratio1=  4.927950718093860E-005 ratio2=  4.024102452656372E-004
 nchek0=           0 toler_force=  1.000000000000000E-005
 nchek=           1
 miter=         100 iiter=          31
 time: 11:10:10
                     istep=          42 iiter=          32
                     conver_load check
 resid=   24494.4586477619      retot=   14832864754656.4     
 ratio1=  4.063697804751953E-005 ratio2=  3.313855424881412E-004
 nchek0=           0 toler_force=  1.000000000000000E-005
 nchek=           1
 miter=         100 iiter=          32
 time: 11:10:10
                     istep=          42 iiter=          33
                     conver_load check
 resid=   16654.4373885159      retot=   14832865035935.3     
 ratio1=  3.350830505393475E-005 ratio2=  2.729076688150525E-004
 nchek0=           0 toler_force=  1.000000000000000E-005
 nchek=           1
 miter=         100 iiter=          33
 time: 11:10:10
                     istep=          42 iiter=          34
                     conver_load check
 resid=   11322.5080477139      retot=   14832865262506.8     
 ratio1=  2.762859454823312E-005 ratio2=  2.247577501830617E-004
 nchek0=           0 toler_force=  1.000000000000000E-005
 nchek=           1
 miter=         100 iiter=          34
 time: 11:10:10
                     istep=          42 iiter=          35
                     conver_load check
 resid=   7696.72328477735      retot=   14832865445454.2     
 ratio1=  2.277930176722660E-005 ratio2=  1.851097857265585E-004
 nchek0=           0 toler_force=  1.000000000000000E-005
 nchek=           1
 miter=         100 iiter=          35
 time: 11:10:10
                     istep=          42 iiter=          36
                     conver_load check
 resid=   5231.43384635184      retot=   14832865593498.3     
 ratio1=  1.878009730827973E-005 ratio2=  1.524610175864967E-004
 nchek0=           0 toler_force=  1.000000000000000E-005
 nchek=           1
 miter=         100 iiter=          36
 time: 11:10:10
                     istep=          42 iiter=          37
                     conver_load check
 resid=   3555.40461767427      retot=   14832865713531.5     
 ratio1=  1.548217540914080E-005 ratio2=  1.255746404756464E-004
 nchek0=           0 toler_force=  1.000000000000000E-005
 nchek=           1
 miter=         100 iiter=          37
 time: 11:10:10
                     istep=          42 iiter=          38
                     conver_load check
 resid=   2416.08962531336      retot=   14832865811023.3     
 ratio1=  1.276274189190609E-005 ratio2=  1.034326709800564E-004
 nchek0=           0 toler_force=  1.000000000000000E-005
 nchek=           1
 miter=         100 iiter=          38
 time: 11:10:10
                     istep=          42 iiter=          39
                     conver_load check
 resid=   1641.70585050226      retot=   14832865890330.4     
 ratio1=  1.052046989346993E-005 ratio2=  8.519717762648472E-005
 nchek0=           0 toler_force=  1.000000000000000E-005
 nchek=           1
 miter=         100 iiter=          39
 time: 11:10:10
                     istep=          42 iiter=          40
                     conver_load check
 resid=   1115.42067256409      retot=   14832865954934.5     
 ratio1=  8.671751190035392E-006 ratio2=  7.017838908110538E-005
 nchek0=           0 toler_force=  1.000000000000000E-005
 nchek=           1
 miter=         100 iiter=          40
 time: 11:10:10
                     istep=          42 iiter=          41
                     conver_load check
 resid=   757.784757767542      retot=   14832866007627.0     
 ratio1=  7.147602564703442E-006 ratio2=  5.780845966915456E-005
 nchek0=           0 toler_force=  1.000000000000000E-005
 nchek=           1
 miter=         100 iiter=          41
 time: 11:10:10
                     istep=          42 iiter=          42
                     conver_load check
 resid=   514.777609596837      retot=   14832866050651.9     
 ratio1=  5.891112102351062E-006 ratio2=  4.761988763496465E-005
 nchek0=           0 toler_force=  1.000000000000000E-005
 nchek=           1
 miter=         100 iiter=          42
 time: 11:10:10
                     istep=          42 iiter=          43
                     conver_load check
 resid=   349.673514526051      retot=   14832866085817.6     
 ratio1=  4.855330879132130E-006 ratio2=  3.922775979532263E-005
 nchek0=           0 toler_force=  1.000000000000000E-005
 nchek=           1
 miter=         100 iiter=          43
 time: 11:10:10
                     istep=          42 iiter=          44
                     conver_load check
 resid=   237.507715823804      retot=   14832866114585.1     
 ratio1=  4.001532265947939E-006 ratio2=  3.231514305252695E-005
 nchek0=           0 toler_force=  1.000000000000000E-005
 nchek=           1
 miter=         100 iiter=          44
 time: 11:10:10
                     istep=          42 iiter=          45
                     conver_load check
 resid=   161.312140955830      retot=   14832866138137.1     
 ratio1=  3.297774753848727E-006 ratio2=  2.662106403570972E-005
 nchek0=           0 toler_force=  1.000000000000000E-005
 nchek=           1
 miter=         100 iiter=          45
 time: 11:10:11
                     istep=          42 iiter=          46
                     conver_load check
 resid=   109.555211037829      retot=   14832866157432.6     
 ratio1=  2.717715435017622E-006 ratio2=  2.193061748585393E-005
 nchek0=           0 toler_force=  1.000000000000000E-005
 nchek=           1
 miter=         100 iiter=          46
 time: 11:10:11
                     istep=          42 iiter=          47
                     conver_load check
 resid=   74.4008376093913      retot=   14832866173250.8     
 ratio1=  2.239630500100870E-006 ratio2=  1.806682568535838E-005
 nchek0=           0 toler_force=  1.000000000000000E-005
 nchek=           1
 miter=         100 iiter=          47
 time: 11:10:11
                     istep=          42 iiter=          48
                     conver_load check
 resid=   50.5246601993917      retot=   14832866186225.5     
 ratio1=  1.845606713540956E-006 ratio2=  1.488393838764681E-005
 nchek0=           0 toler_force=  1.000000000000000E-005
 nchek=           1
 miter=         100 iiter=          48
 time: 11:10:11
                     istep=          42 iiter=          49
                     conver_load check
 resid=   34.3092800449867      retot=   14832866196873.1     
 ratio1=  1.520874095773422E-006 ratio2=  1.226191788997308E-005
 nchek0=           0 toler_force=  1.000000000000000E-005
 nchek=           1
 miter=         100 iiter=          49
 time: 11:10:11
                     istep=          42 iiter=          50
                     conver_load check
 resid=   23.2972210462385      retot=   14832866205614.8     
 ratio1=  1.253255215086118E-006 ratio2=  1.010189925626326E-005
 nchek0=           0 toler_force=  1.000000000000000E-005
 nchek=           1
 miter=         100 iiter=          50
 time: 11:10:11
                     istep=          42 iiter=          51
                     conver_load check
 resid=   15.8191261582838      retot=   14832866212794.7     
 ratio1=  1.032710767073812E-006 ratio2=  8.322452982371383E-006
 nchek0=           0 toler_force=  1.000000000000000E-005
 nchek=           0
                    conver_nodal_value check
               Convergence check for displacement
 ratio1=  8.732539837808393E-009 ratio2=  2.280073035704992E-007
 nchek=           0
 ***********RESTART FILE IS UPDATED!*******
 istep=          43
 outinp=           0
 tcurvegravity=           0           1           1           1           1
           1           1           1           1           0           0
           0           0           0           0           0           0
           0           0           0           0
 ntelgroup=           0
 Factorization completed ... 
 time: 11:10:11
                     istep=          43 iiter=           1
                     conver_load check
 resid=   29690572449.7909      retot=   15616657418593.7     
 ratio1=  4.360288685012773E-002 ratio2=  0.260017805225745     
 nchek0=           0 toler_force=  1.000000000000000E-005
 nchek=           1
 miter=         100 iiter=           1
 time: 11:10:11
                     istep=          43 iiter=           2
                     conver_load check
 resid=   11566403781.7573      retot=   15666557612993.6     
 ratio1=  2.717142306853109E-002 ratio2=  0.192874610627586     
 nchek0=           0 toler_force=  1.000000000000000E-005
 nchek=           1
 miter=         100 iiter=           2
 time: 11:10:11
                     istep=          43 iiter=           3
                     conver_load check
 resid=   5599165157.70356      retot=   15680859892354.4     
 ratio1=  1.889629680393937E-002 ratio2=  0.119269762444476     
 nchek0=           0 toler_force=  1.000000000000000E-005
 nchek=           1
 miter=         100 iiter=           3
 time: 11:10:11
                     istep=          43 iiter=           4
                     conver_load check
 resid=   3196068130.47591      retot=   15686848175797.2     
 ratio1=  1.427381841803057E-002 ratio2=  9.648517820582188E-002
 nchek0=           0 toler_force=  1.000000000000000E-005
 nchek=           1
 miter=         100 iiter=           4
 time: 11:10:11
                     istep=          43 iiter=           5
                     conver_load check
 resid=   1959130099.00516      retot=   15689647171252.7     
 ratio1=  1.117442152247216E-002 ratio2=  7.874040324322693E-002
 nchek0=           0 toler_force=  1.000000000000000E-005
 nchek=           1
 miter=         100 iiter=           5
 time: 11:10:11
                     istep=          43 iiter=           6
                     conver_load check
 resid=   1219283050.05289      retot=   15691039445153.4     
 ratio1=  8.815083107989010E-003 ratio2=  6.366158987913163E-002
 nchek0=           0 toler_force=  1.000000000000000E-005
 nchek=           1
 miter=         100 iiter=           6
 time: 11:10:11
                     istep=          43 iiter=           7
                     conver_load check
 resid=   778031608.524863      retot=   15691791060161.9     
 ratio1=  7.041454254203021E-003 ratio2=  5.102527002977899E-002
 nchek0=           0 toler_force=  1.000000000000000E-005
 nchek=           1
 miter=         100 iiter=           7
 time: 11:10:11
                     istep=          43 iiter=           8
                     conver_load check
 resid=   501092991.858806      retot=   15692216798414.1     
 ratio1=  5.650892097870059E-003 ratio2=  4.061915444437685E-002
 nchek0=           0 toler_force=  1.000000000000000E-005
 nchek=           1
 miter=         100 iiter=           8
 time: 11:10:11
                     istep=          43 iiter=           9
                     conver_load check
 resid=   325153246.727625      retot=   15692473499447.8     
 ratio1=  4.551959040085768E-003 ratio2=  3.216132382336286E-002
 nchek0=           0 toler_force=  1.000000000000000E-005
 nchek=           1
 miter=         100 iiter=           9
 time: 11:10:11
                     istep=          43 iiter=          10
                     conver_load check
 resid=   209820776.832022      retot=   15692638435895.3     
 ratio1=  3.656589947815108E-003 ratio2=  2.487960247206654E-002
 nchek0=           0 toler_force=  1.000000000000000E-005
 nchek=           1
 miter=         100 iiter=          10
 time: 11:10:11
                     istep=          43 iiter=          11
                     conver_load check
 resid=   125247839.031952      retot=   15692751999340.8     
 ratio1=  2.825111318092131E-003 ratio2=  1.733709837307990E-002
 nchek0=           0 toler_force=  1.000000000000000E-005
 nchek=           1
 miter=         100 iiter=          11
 time: 11:10:11
                     istep=          43 iiter=          12
                     conver_load check
 resid=   74405015.6952588      retot=   15692850521113.0     
 ratio1=  2.177460007880146E-003 ratio2=  1.514131906448576E-002
 nchek0=           0 toler_force=  1.000000000000000E-005
 nchek=           1
 miter=         100 iiter=          12
 time: 11:10:11
                     istep=          43 iiter=          13
                     conver_load check
 resid=   47279162.9170949      retot=   15692940388602.9     
 ratio1=  1.735732226347728E-003 ratio2=  1.297683228187674E-002
 nchek0=           0 toler_force=  1.000000000000000E-005
 nchek=           1
 miter=         100 iiter=          13
 time: 11:10:11
                     istep=          43 iiter=          14
                     conver_load check
 resid=   31100509.3800662      retot=   15693010897104.0     
 ratio1=  1.407766456747987E-003 ratio2=  1.099640790131367E-002
 nchek0=           0 toler_force=  1.000000000000000E-005
 nchek=           1
 miter=         100 iiter=          14
 time: 11:10:11
                     istep=          43 iiter=          15
                     conver_load check
 resid=   20861760.5670867      retot=   15693063245789.7     
 ratio1=  1.152979580197400E-003 ratio2=  9.259373419620418E-003
 nchek0=           0 toler_force=  1.000000000000000E-005
 nchek=           1
 miter=         100 iiter=          15
 time: 11:10:11
                     istep=          43 iiter=          16
                     conver_load check
 resid=   14159224.5329895      retot=   15693100629274.0     
 ratio1=  9.498725876663113E-004 ratio2=  7.767542049263930E-003
 nchek0=           0 toler_force=  1.000000000000000E-005
 nchek=           1
 miter=         100 iiter=          16
 time: 11:10:11
                     istep=          43 iiter=          17
                     conver_load check
 resid=   9686879.95297161      retot=   15693126803300.4     
 ratio1=  7.856646569083005E-004 ratio2=  6.500373714250858E-003
 nchek0=           0 toler_force=  1.000000000000000E-005
 nchek=           1
 miter=         100 iiter=          17
 time: 11:10:11
                     istep=          43 iiter=          18
                     conver_load check
 resid=   6664694.10810560      retot=   15693145032887.3     
 ratio1=  6.516810858905836E-004 ratio2=  5.431340379040969E-003
 nchek0=           0 toler_force=  1.000000000000000E-005
 nchek=           1
 miter=         100 iiter=          18
 time: 11:10:11
                     istep=          43 iiter=          19
                     conver_load check
 resid=   4604413.73260644      retot=   15693157762999.4     
 ratio1=  5.416665286057473E-004 ratio2=  4.533534573077817E-003
 nchek0=           0 toler_force=  1.000000000000000E-005
 nchek=           1
 miter=         100 iiter=          19
 time: 11:10:11
                     istep=          43 iiter=          20
                     conver_load check
 resid=   3190863.84318488      retot=   15693166713654.7     
 ratio1=  4.509193187833184E-004 ratio2=  3.781780104836238E-003
 nchek0=           0 toler_force=  1.000000000000000E-005
 nchek=           1
 miter=         100 iiter=          20
 time: 11:10:11
                     istep=          43 iiter=          21
                     conver_load check
 resid=   2216379.42111554      retot=   15693173063766.4     
 ratio1=  3.758085638405011E-004 ratio2=  3.153543323528423E-003
 nchek0=           0 toler_force=  1.000000000000000E-005
 nchek=           1
 miter=         100 iiter=          21
 time: 11:10:11
                     istep=          43 iiter=          22
                     conver_load check
 resid=   1542143.59162362      retot=   15693177613999.1     
 ratio1=  3.134779237891432E-004 ratio2=  2.629181930516697E-003
 nchek0=           0 toler_force=  1.000000000000000E-005
 nchek=           1
 miter=         100 iiter=          22
 time: 11:10:11
                     istep=          43 iiter=          23
                     conver_load check
 resid=   1074365.53743189      retot=   15693180908059.8     
 ratio1=  2.616498823881036E-004 ratio2=  2.191855644284223E-003
 nchek0=           0 toler_force=  1.000000000000000E-005
 nchek=           1
 miter=         100 iiter=          23
 time: 11:10:11
                     istep=          43 iiter=          24
                     conver_load check
 resid=   749156.083542886      retot=   15693183316970.2     
 ratio1=  2.184895304435933E-004 ratio2=  1.827279838609404E-003
 nchek0=           0 toler_force=  1.000000000000000E-005
 nchek=           1
 miter=         100 iiter=          24
 time: 11:10:11
                     istep=          43 iiter=          25
                     conver_load check
 resid=   522717.422646084      retot=   15693185095856.9     
 ratio1=  1.825063330723178E-004 ratio2=  1.523421670588111E-003
 nchek0=           0 toler_force=  1.000000000000000E-005
 nchek=           1
 miter=         100 iiter=          25
 time: 11:10:11
                     istep=          43 iiter=          26
                     conver_load check
 resid=   364875.895614715      retot=   15693186421759.3     
 ratio1=  1.524814524278057E-004 ratio2=  1.270190986378170E-003
 nchek0=           0 toler_force=  1.000000000000000E-005
 nchek=           1
 miter=         100 iiter=          26
 time: 11:10:11
                     istep=          43 iiter=          27
                     conver_load check
 resid=   254763.924395810      retot=   15693187418736.4     
 ratio1=  1.274128952248872E-004 ratio2=  1.059151479528619E-003
 nchek0=           0 toler_force=  1.000000000000000E-005
 nchek=           1
 miter=         100 iiter=          27
 time: 11:10:11
                     istep=          43 iiter=          28
                     conver_load check
 resid=   177907.218756456      retot=   15693188174592.2     
 ratio1=  1.064734175188886E-004 ratio2=  8.832627643162062E-004
 nchek0=           0 toler_force=  1.000000000000000E-005
 nchek=           1
 miter=         100 iiter=          28
 time: 11:10:11
                     istep=          43 iiter=          29
                     conver_load check
 resid=   124243.592201469      retot=   15693188752084.7     
 ratio1=  8.897774613317140E-005 ratio2=  7.366561389604543E-004
 nchek0=           0 toler_force=  1.000000000000000E-005
 nchek=           1
 miter=         100 iiter=          29
 time: 11:10:11
                     istep=          43 iiter=          30
                     conver_load check
 resid=   86766.4244471221      retot=   15693189196501.3     
 ratio1=  7.435672361786785E-005 ratio2=  6.144428468648787E-004
 nchek0=           0 toler_force=  1.000000000000000E-005
 nchek=           1
 miter=         100 iiter=          30
 time: 11:10:11
                     istep=          43 iiter=          31
                     conver_load check
 resid=   60590.8898157227      retot=   15693189540822.7     
 ratio1=  6.213668146214374E-005 ratio2=  5.125518496955283E-004
 nchek0=           0 toler_force=  1.000000000000000E-005
 nchek=           1
 miter=         100 iiter=          31
 time: 11:10:11
                     istep=          43 iiter=          32
                     conver_load check
 resid=   42395.3072830336      retot=   15693189809278.2     
 ratio1=  5.197605100179573E-005 ratio2=  4.275935008453962E-004
 nchek0=           0 toler_force=  1.000000000000000E-005
 nchek=           1
 miter=         100 iiter=          32
 time: 11:10:11
                     istep=          43 iiter=          33
                     conver_load check
 resid=   29716.8296364610      retot=   15693190030447.1     
 ratio1=  4.351566456645292E-005 ratio2=  3.567748846308962E-004
 nchek0=           0 toler_force=  1.000000000000000E-005
 nchek=           1
 miter=         100 iiter=          33
 time: 11:10:11
                     istep=          43 iiter=          34
                     conver_load check
 resid=   20841.9660024548      retot=   15693190218697.7     
 ratio1=  3.644296652506226E-005 ratio2=  2.978809602769742E-004
 nchek0=           0 toler_force=  1.000000000000000E-005
 nchek=           1
 miter=         100 iiter=          34
 time: 11:10:11
                     istep=          43 iiter=          35
                     conver_load check
 resid=   14606.6170362668      retot=   15693190377673.2     
 ratio1=  3.050838369729280E-005 ratio2=  2.487896640291859E-004
 nchek0=           0 toler_force=  1.000000000000000E-005
 nchek=           1
 miter=         100 iiter=          35
 time: 11:10:11
                     istep=          43 iiter=          36
                     conver_load check
 resid=   10231.8186695451      retot=   15693190507497.4     
 ratio1=  2.553411405778414E-005 ratio2=  2.078326146778539E-004
 nchek0=           0 toler_force=  1.000000000000000E-005
 nchek=           1
 miter=         100 iiter=          36
 time: 11:10:11
                     istep=          43 iiter=          37
                     conver_load check
 resid=   7164.77681530790      retot=   15693190611996.9     
 ratio1=  2.136710619074381E-005 ratio2=  1.736423262096363E-004
 nchek0=           0 toler_force=  1.000000000000000E-005
 nchek=           1
 miter=         100 iiter=          37
 time: 11:10:11
                     istep=          43 iiter=          38
                     conver_load check
 resid=   5015.73238542191      retot=   15693190695648.8     
 ratio1=  1.787769617266877E-005 ratio2=  1.450905172942840E-004
 nchek0=           0 toler_force=  1.000000000000000E-005
 nchek=           1
 miter=         100 iiter=          38
 time: 11:10:11
                     istep=          43 iiter=          39
                     conver_load check
 resid=   3510.52611455177      retot=   15693190762543.5     
 ratio1=  1.495651727940804E-005 ratio2=  1.212418088675727E-004
 nchek0=           0 toler_force=  1.000000000000000E-005
 nchek=           1
 miter=         100 iiter=          39
 time: 11:10:11
                     istep=          43 iiter=          40
                     conver_load check
 resid=   2456.59421775808      retot=   15693190816104.7     
 ratio1=  1.251154910969139E-005 ratio2=  1.013184432307003E-004
 nchek0=           0 toler_force=  1.000000000000000E-005
 nchek=           1
 miter=         100 iiter=          40
 time: 11:10:11
                     istep=          43 iiter=          41
                     conver_load check
 resid=   1718.82040294513      retot=   15693190859091.4     
 ratio1=  1.046549131951892E-005 ratio2=  8.467256176233570E-005
 nchek0=           0 toler_force=  1.000000000000000E-005
 nchek=           1
 miter=         100 iiter=          41
 time: 11:10:11
                     istep=          43 iiter=          42
                     conver_load check
 resid=   1202.46592460538      retot=   15693190893690.3     
 ratio1=  8.753480332790789E-006 ratio2=  7.076392077459375E-005
 nchek0=           0 toler_force=  1.000000000000000E-005
 nchek=           1
 miter=         100 iiter=          42
 time: 11:10:11
                     istep=          43 iiter=          43
                     conver_load check
 resid=   841.138442240977      retot=   15693190921622.5     
 ratio1=  7.321129884097743E-006 ratio2=  5.914171323864682E-005
 nchek0=           0 toler_force=  1.000000000000000E-005
 nchek=           1
 miter=         100 iiter=          43
 time: 11:10:11
                     istep=          43 iiter=          44
                     conver_load check
 resid=   588.329164126399      retot=   15693190944240.4     
 ratio1=  6.122863240497750E-006 ratio2=  4.942960381130921E-005
 nchek0=           0 toler_force=  1.000000000000000E-005
 nchek=           1
 miter=         100 iiter=          44
 time: 11:10:12
                     istep=          43 iiter=          45
                     conver_load check
 resid=   411.468134611737      retot=   15693190962607.9     
 ratio1=  5.120501221925517E-006 ratio2=  4.131334031368382E-005
 nchek0=           0 toler_force=  1.000000000000000E-005
 nchek=           1
 miter=         100 iiter=          45
 time: 11:10:12
                     istep=          43 iiter=          46
                     conver_load check
 resid=   287.752413453982      retot=   15693190977564.4     
 ratio1=  4.282070936149260E-006 ratio2=  3.453046337522508E-005
 nchek0=           0 toler_force=  1.000000000000000E-005
 nchek=           1
 miter=         100 iiter=          46
 time: 11:10:12
                     istep=          43 iiter=          47
                     conver_load check
 resid=   201.220454687806      retot=   15693190989774.1     
 ratio1=  3.580803034519763E-006 ratio2=  2.886174139683686E-005
 nchek0=           0 toler_force=  1.000000000000000E-005
 nchek=           1
 miter=         100 iiter=          47
 time: 11:10:12
                     istep=          43 iiter=          48
                     conver_load check
 resid=   140.701483957734      retot=   15693190999764.7     
 ratio1=  2.994288957448878E-006 ratio2=  2.412403264984664E-005
 nchek0=           0 toler_force=  1.000000000000000E-005
 nchek=           1
 miter=         100 iiter=          48
 time: 11:10:12
                     istep=          43 iiter=          49
                     conver_load check
 resid=   98.3787502492948      retot=   15693191007956.8     
 ratio1=  2.503773394484539E-006 ratio2=  2.016433212933841E-005
 nchek0=           0 toler_force=  1.000000000000000E-005
 nchek=           1
 miter=         100 iiter=          49
 time: 11:10:12
                     istep=          43 iiter=          50
                     conver_load check
 resid=   68.7832004938606      retot=   15693191014687.4     
 ratio1=  2.093560710653408E-006 ratio2=  1.685480408452557E-005
 nchek0=           0 toler_force=  1.000000000000000E-005
 nchek=           1
 miter=         100 iiter=          50
 time: 11:10:12
                     istep=          43 iiter=          51
                     conver_load check
 resid=   48.0888125286952      retot=   15693191020227.0     
 ratio1=  1.750517254912087E-006 ratio2=  1.408863569900502E-005
 nchek0=           0 toler_force=  1.000000000000000E-005
 nchek=           1
 miter=         100 iiter=          51
 time: 11:10:12
                     istep=          43 iiter=          52
                     conver_load check
 resid=   33.6192676103459      retot=   15693191024793.5     
 ratio1=  1.463654234321559E-006 ratio2=  1.177657539759643E-005
 nchek0=           0 toler_force=  1.000000000000000E-005
 nchek=           1
 miter=         100 iiter=          52
 time: 11:10:12
                     istep=          43 iiter=          53
                     conver_load check
 resid=   23.5026430401797      retot=   15693191028563.4     
 ratio1=  1.223778225544869E-006 ratio2=  9.844042283875449E-006
 nchek0=           0 toler_force=  1.000000000000000E-005
 nchek=           0
                    conver_nodal_value check
               Convergence check for displacement
 ratio1=  1.024480974590194E-008 ratio2=  2.757218122156098E-007
 nchek=           0
 ***********RESTART FILE IS UPDATED!*******
 istep=          44
 outinp=           0
 tcurvegravity=           0           1           1           1           1
           1           1           1           1           0           0
           0           0           0           0           0           0
           0           0           0           0
 ntelgroup=           0
 Factorization completed ... 
 time: 11:10:12
                     istep=          44 iiter=           1
                     conver_load check
 resid=   26521697351.9021      retot=   16499531648562.2     
 ratio1=  4.009265797665366E-002 ratio2=  0.216541677058214     
 nchek0=           0 toler_force=  1.000000000000000E-005
 nchek=           1
 miter=         100 iiter=           1
 time: 11:10:12
                     istep=          44 iiter=           2
                     conver_load check
 resid=   8969177402.20364      retot=   16549319603788.2     
 ratio1=  2.328017472004514E-002 ratio2=  0.169268720862721     
 nchek0=           0 toler_force=  1.000000000000000E-005
 nchek=           1
 miter=         100 iiter=           2
 time: 11:10:12
                     istep=          44 iiter=           3
                     conver_load check
 resid=   4172048593.67346      retot=   16563858285957.2     
 ratio1=  1.587062119924389E-002 ratio2=  0.116687774136126     
 nchek0=           0 toler_force=  1.000000000000000E-005
 nchek=           1
 miter=         100 iiter=           3
 time: 11:10:12
                     istep=          44 iiter=           4
                     conver_load check
 resid=   2153198120.55420      retot=   16569796487054.3     
 ratio1=  1.139943715983192E-002 ratio2=  7.246951650149344E-002
 nchek0=           0 toler_force=  1.000000000000000E-005
 nchek=           1
 miter=         100 iiter=           4
 time: 11:10:12
                     istep=          44 iiter=           5
                     conver_load check
 resid=   1262981187.90626      retot=   16572516638379.3     
 ratio1=  8.729798289826982E-003 ratio2=  5.800220361174505E-002
 nchek0=           0 toler_force=  1.000000000000000E-005
 nchek=           1
 miter=         100 iiter=           5
 time: 11:10:12
                     istep=          44 iiter=           6
                     conver_load check
 resid=   792282548.941356      retot=   16573848387510.1     
 ratio1=  6.913983904686570E-003 ratio2=  4.905569727726991E-002
 nchek0=           0 toler_force=  1.000000000000000E-005
 nchek=           1
 miter=         100 iiter=           6
 time: 11:10:12
                     istep=          44 iiter=           7
                     conver_load check
 resid=   517594307.563036      retot=   16574535981331.2     
 ratio1=  5.588227218278626E-003 ratio2=  4.147230661163075E-002
 nchek0=           0 toler_force=  1.000000000000000E-005
 nchek=           1
 miter=         100 iiter=           7
 time: 11:10:12
                     istep=          44 iiter=           8
                     conver_load check
 resid=   348136004.344111      retot=   16574907624285.4     
 ratio1=  4.582990024174667E-003 ratio2=  3.506226539603102E-002
 nchek0=           0 toler_force=  1.000000000000000E-005
 nchek=           1
 miter=         100 iiter=           8
 time: 11:10:12
                     istep=          44 iiter=           9
                     conver_load check
 resid=   239056019.231331      retot=   16575116847809.2     
 ratio1=  3.797707762904591E-003 ratio2=  2.964663224441818E-002
 nchek0=           0 toler_force=  1.000000000000000E-005
 nchek=           1
 miter=         100 iiter=           9
 time: 11:10:12
                     istep=          44 iiter=          10
                     conver_load check
 resid=   166906862.323268      retot=   16575239605347.2     
 ratio1=  3.173271190767052E-003 ratio2=  2.506970902894175E-002
 nchek0=           0 toler_force=  1.000000000000000E-005
 nchek=           1
 miter=         100 iiter=          10
 time: 11:10:12
                     istep=          44 iiter=          11
                     conver_load check
 resid=   119041055.666261      retot=   16575315274745.9     
 ratio1=  2.679893194979091E-003 ratio2=  2.120181102370683E-002
 nchek0=           0 toler_force=  1.000000000000000E-005
 nchek=           1
 miter=         100 iiter=          11
 time: 11:10:12
                     istep=          44 iiter=          12
                     conver_load check
 resid=   86203071.4623654      retot=   16575361246781.7     
 ratio1=  2.280498909918456E-003 ratio2=  1.793868734300793E-002
 nchek0=           0 toler_force=  1.000000000000000E-005
 nchek=           1
 miter=         100 iiter=          12
 time: 11:10:12
                     istep=          44 iiter=          13
                     conver_load check
 resid=   63162921.1633559      retot=   16575388987887.1     
 ratio1=  1.952087313352967E-003 ratio2=  1.518613163246462E-002
 nchek0=           0 toler_force=  1.000000000000000E-005
 nchek=           1
 miter=         100 iiter=          13
 time: 11:10:12
                     istep=          44 iiter=          14
                     conver_load check
 resid=   46702903.6746836      retot=   16575405489820.3     
 ratio1=  1.678571560462436E-003 ratio2=  1.286416657626817E-002
 nchek0=           0 toler_force=  1.000000000000000E-005
 nchek=           1
 miter=         100 iiter=          14
 time: 11:10:12
                     istep=          44 iiter=          15
                     conver_load check
 resid=   34769810.4262392      retot=   16575414988538.2     
 ratio1=  1.448334767843018E-003 ratio2=  1.090517653864537E-002
 nchek0=           0 toler_force=  1.000000000000000E-005
 nchek=           1
 miter=         100 iiter=          15
 time: 11:10:12
                     istep=          44 iiter=          16
                     conver_load check
 resid=   26016609.0265122      retot=   16575420088819.0     
 ratio1=  1.252832679587294E-003 ratio2=  9.251976835147389E-003
 nchek0=           0 toler_force=  1.000000000000000E-005
 nchek=           1
 miter=         100 iiter=          16
 time: 11:10:12
                     istep=          44 iiter=          17
                     conver_load check
 resid=   19537126.7958904      retot=   16575422422913.7     
 ratio1=  1.085670519206663E-003 ratio2=  7.856237044188322E-003
 nchek0=           0 toler_force=  1.000000000000000E-005
 nchek=           1
 miter=         100 iiter=          17
 time: 11:10:12
                     istep=          44 iiter=          18
                     conver_load check
 resid=   14707554.4105299      retot=   16575423031076.1     
 ratio1=  9.419718431398713E-004 ratio2=  6.677170711143784E-003
 nchek0=           0 toler_force=  1.000000000000000E-005
 nchek=           1
 miter=         100 iiter=          18
 time: 11:10:12
                     istep=          44 iiter=          19
                     conver_load check
 resid=   11089494.2079627      retot=   16575422584620.8     
 ratio1=  8.179439877703265E-004 ratio2=  5.680416924754390E-003
 nchek0=           0 toler_force=  1.000000000000000E-005
 nchek=           1
 miter=         100 iiter=          19
 time: 11:10:12
                     istep=          44 iiter=          20
                     conver_load check
 resid=   8369286.70918364      retot=   16575421519873.5     
 ratio1=  7.105782861432316E-004 ratio2=  4.837073832205469E-003
 nchek0=           0 toler_force=  1.000000000000000E-005
 nchek=           1
 miter=         100 iiter=          20
 time: 11:10:12
                     istep=          44 iiter=          21
                     conver_load check
 resid=   6319137.77113008      retot=   16575420120753.2     
 ratio1=  6.174426705004745E-004 ratio2=  4.122862071115486E-003
 nchek0=           0 toler_force=  1.000000000000000E-005
 nchek=           1
 miter=         100 iiter=          21
 time: 11:10:12
                     istep=          44 iiter=          22
                     conver_load check
 resid=   4771605.27776232      retot=   16575418570962.7     
 ratio1=  5.365374032464192E-004 ratio2=  3.523653680526936E-003
 nchek0=           0 toler_force=  1.000000000000000E-005
 nchek=           1
 miter=         100 iiter=          22
 time: 11:10:12
                     istep=          44 iiter=          23
                     conver_load check
 resid=   3602446.34504154      retot=   16575416987689.6     
 ratio1=  4.661938383558724E-004 ratio2=  3.098144504357486E-003
 nchek0=           0 toler_force=  1.000000000000000E-005
 nchek=           1
 miter=         100 iiter=          23
 time: 11:10:12
                     istep=          44 iiter=          24
                     conver_load check
 resid=   2718816.01568969      retot=   16575415443755.8     
 ratio1=  4.050024949507391E-004 ratio2=  2.718931772320664E-003
 nchek0=           0 toler_force=  1.000000000000000E-005
 nchek=           1
 miter=         100 iiter=          24
 time: 11:10:12
                     istep=          44 iiter=          25
                     conver_load check
 resid=   2050973.64684166      retot=   16575413982376.8     
 ratio1=  3.517611302459330E-004 ratio2=  2.382189538335285E-003
 nchek0=           0 toler_force=  1.000000000000000E-005
 nchek=           1
 miter=         100 iiter=          25
 time: 11:10:12
                     istep=          44 iiter=          26
                     conver_load check
 resid=   1546344.52659993      retot=   16575412627094.2     
 ratio1=  3.054365154630494E-004 ratio2=  2.084093879798729E-003
 nchek0=           0 toler_force=  1.000000000000000E-005
 nchek=           1
 miter=         100 iiter=          26
 time: 11:10:12
                     istep=          44 iiter=          27
                     conver_load check
 resid=   1165200.41754231      retot=   16575411388505.1     
 ratio1=  2.651356689849563E-004 ratio2=  1.820928123134428E-003
 nchek0=           0 toler_force=  1.000000000000000E-005
 nchek=           1
 miter=         100 iiter=          27
 time: 11:10:12
                     istep=          44 iiter=          28
                     conver_load check
 resid=   877477.407845228      retot=   16575410268836.6     
 ratio1=  2.300836871589565E-004 ratio2=  1.589153440403272E-003
 nchek0=           0 toler_force=  1.000000000000000E-005
 nchek=           1
 miter=         100 iiter=          28
 time: 11:10:12
                     istep=          44 iiter=          29
                     conver_load check
 resid=   660408.285480891      retot=   16575409265056.0     
 ratio1=  1.996062457688456E-004 ratio2=  1.385453019373367E-003
 nchek0=           0 toler_force=  1.000000000000000E-005
 nchek=           1
 miter=         100 iiter=          29
 time: 11:10:12
                     istep=          44 iiter=          30
                     conver_load check
 resid=   496747.851042464      retot=   16575408370978.2     
 ratio1=  1.731154703328547E-004 ratio2=  1.206756452984263E-003
 nchek0=           0 toler_force=  1.000000000000000E-005
 nchek=           1
 miter=         100 iiter=          30
 time: 11:10:12
                     istep=          44 iiter=          31
                     conver_load check
 resid=   373435.595748391      retot=   16575407578684.8     
 ratio1=  1.500982912160575E-004 ratio2=  1.050249638359372E-003
 nchek0=           0 toler_force=  1.000000000000000E-005
 nchek=           1
 miter=         100 iiter=          31
 time: 11:10:12
                     istep=          44 iiter=          32
                     conver_load check
 resid=   280584.306077692      retot=   16575406879467.1     
 ratio1=  1.301066782450653E-004 ratio2=  9.133743300245080E-004
 nchek0=           0 toler_force=  1.000000000000000E-005
 nchek=           1
 miter=         100 iiter=          32
 time: 11:10:12
                     istep=          44 iiter=          33
                     conver_load check
 resid=   210713.403375166      retot=   16575406264442.6     
 ratio1=  1.127493352340195E-004 ratio2=  7.938205467213225E-004
 nchek0=           0 toler_force=  1.000000000000000E-005
 nchek=           1
 miter=         100 iiter=          33
 time: 11:10:12
                     istep=          44 iiter=          34
                     conver_load check
 resid=   158167.046460348      retot=   16575405724945.1     
 ratio1=  9.768455864061651E-005 ratio2=  6.895142656352886E-004
 nchek0=           0 toler_force=  1.000000000000000E-005
 nchek=           1
 miter=         100 iiter=          34
 time: 11:10:12
                     istep=          44 iiter=          35
                     conver_load check
 resid=   118672.227213128      retot=   16575405252760.9     
 ratio1=  8.461404730282542E-005 ratio2=  5.986022273291709E-004
 nchek0=           0 toler_force=  1.000000000000000E-005
 nchek=           1
 miter=         100 iiter=          35
 time: 11:10:12
                     istep=          44 iiter=          36
                     conver_load check
 resid=   89003.1753472838      retot=   16575404840260.5     
 ratio1=  7.327750577005347E-005 ratio2=  5.194351943597665E-004
 nchek0=           0 toler_force=  1.000000000000000E-005
 nchek=           1
 miter=         100 iiter=          36
 time: 11:10:12
                     istep=          44 iiter=          37
                     conver_load check
 resid=   66726.5902113535      retot=   16575404480459.9     
 ratio1=  6.344792138560420E-005 ratio2=  4.505506332000421E-004
 nchek0=           0 toler_force=  1.000000000000000E-005
 nchek=           1
 miter=         100 iiter=          37
 time: 11:10:12
                     istep=          44 iiter=          38
                     conver_load check
 resid=   50008.3522569766      retot=   16575404167035.2     
 ratio1=  5.492742112397597E-005 ratio2=  3.906555022515835E-004
 nchek0=           0 toler_force=  1.000000000000000E-005
 nchek=           1
 miter=         100 iiter=          38
 time: 11:10:13
                     istep=          44 iiter=          39
                     conver_load check
 resid=   37466.9927455167      retot=   16575403894309.0     
 ratio1=  4.754363228004091E-005 ratio2=  3.386096108805991E-004
 nchek0=           0 toler_force=  1.000000000000000E-005
 nchek=           1
 miter=         100 iiter=          39
 time: 11:10:13
                     istep=          44 iiter=          40
                     conver_load check
 resid=   28062.7079226606      retot=   16575403657217.0     
 ratio1=  4.114648409524540E-005 ratio2=  2.934098509939429E-004
 nchek0=           0 toler_force=  1.000000000000000E-005
 nchek=           1
 miter=         100 iiter=          40
 time: 11:10:13
                     istep=          44 iiter=          41
                     conver_load check
 resid=   21013.3731986925      retot=   16575403451266.0     
 ratio1=  3.560539702311302E-005 ratio2=  2.541754817192313E-004
 nchek0=           0 toler_force=  1.000000000000000E-005
 nchek=           1
 miter=         100 iiter=          41
 time: 11:10:13
                     istep=          44 iiter=          42
                     conver_load check
 resid=   15731.0484314925      retot=   16575403272486.1     
 ratio1=  3.080681370813308E-005 ratio2=  2.201345596672097E-004
 nchek0=           0 toler_force=  1.000000000000000E-005
 nchek=           1
 miter=         100 iiter=          42
 time: 11:10:13
                     istep=          44 iiter=          43
                     conver_load check
 resid=   11774.0191712418      retot=   16575403117381.9     
 ratio1=  2.665203160758490E-005 ratio2=  1.906115443507176E-004
 nchek0=           0 toler_force=  1.000000000000000E-005
 nchek=           1
 miter=         100 iiter=          43
 time: 11:10:13
                     istep=          44 iiter=          44
                     conver_load check
 resid=   8810.60489997867      retot=   16575402982884.3     
 ratio1=  2.305530199247327E-005 ratio2=  1.650160645159170E-004
 nchek0=           0 toler_force=  1.000000000000000E-005
 nchek=           1
 miter=         100 iiter=          44
 time: 11:10:13
                     istep=          44 iiter=          45
                     conver_load check
 resid=   6591.87047368215      retot=   16575402866305.0     
 ratio1=  1.994216412463582E-005 ratio2=  1.428328017261685E-004
 nchek0=           0 toler_force=  1.000000000000000E-005
 nchek=           1
 miter=         100 iiter=          45
 time: 11:10:13
                     istep=          44 iiter=          46
                     conver_load check
 resid=   4931.06716727860      retot=   16575402765293.7     
 ratio1=  1.724798691539385E-005 ratio2=  1.236124287752186E-004
 nchek0=           0 toler_force=  1.000000000000000E-005
 nchek=           1
 miter=         100 iiter=          46
 time: 11:10:13
                     istep=          44 iiter=          47
                     conver_load check
 resid=   3688.15544727514      retot=   16575402677799.2     
 ratio1=  1.491669345029242E-005 ratio2=  1.069635295745389E-004
 nchek0=           0 toler_force=  1.000000000000000E-005
 nchek=           1
 miter=         100 iiter=          47
 time: 11:10:13
                     istep=          44 iiter=          48
                     conver_load check
 resid=   2758.16157615428      retot=   16575402602033.2     
 ratio1=  1.289964649935221E-005 ratio2=  9.254542191775208E-005
 nchek0=           0 toler_force=  1.000000000000000E-005
 nchek=           1
 miter=         100 iiter=          48
 time: 11:10:13
                     istep=          44 iiter=          49
                     conver_load check
 resid=   2062.42408351056      retot=   16575402536439.2     
 ratio1=  1.115467557399446E-005 ratio2=  8.006180323236581E-005
 nchek0=           0 toler_force=  1.000000000000000E-005
 nchek=           1
 miter=         100 iiter=          49
 time: 11:10:13
                     istep=          44 iiter=          50
                     conver_load check
 resid=   1542.01679713815      retot=   16575402479663.3     
 ratio1=  9.645228282126511E-006 ratio2=  6.925514095404706E-005
 nchek0=           0 toler_force=  1.000000000000000E-005
 nchek=           1
 miter=         100 iiter=          50
 time: 11:10:13
                     istep=          44 iiter=          51
                     conver_load check
 resid=   1152.80996001147      retot=   16575402430528.6     
 ratio1=  8.339630698818081E-006 ratio2=  5.990173246664737E-005
 nchek0=           0 toler_force=  1.000000000000000E-005
 nchek=           1
 miter=         100 iiter=          51
 time: 11:10:13
                     istep=          44 iiter=          52
                     conver_load check
 resid=   861.763318910033      retot=   16575402388013.6     
 ratio1=  7.210443233079294E-006 ratio2=  5.180736402382004E-005
 nchek0=           0 toler_force=  1.000000000000000E-005
 nchek=           1
 miter=         100 iiter=          52
 time: 11:10:13
                     istep=          44 iiter=          53
                     conver_load check
 resid=   644.145161956766      retot=   16575402351231.4     
 ratio1=  6.233900052380688E-006 ratio2=  4.480350318686690E-005
 nchek0=           0 toler_force=  1.000000000000000E-005
 nchek=           1
 miter=         100 iiter=          53
 time: 11:10:13
                     istep=          44 iiter=          54
                     conver_load check
 resid=   481.446890240826      retot=   16575402319412.8     
 ratio1=  5.389421539129718E-006 ratio2=  3.874396470088354E-005
 nchek0=           0 toler_force=  1.000000000000000E-005
 nchek=           1
 miter=         100 iiter=          54
 time: 11:10:13
                     istep=          44 iiter=          55
                     conver_load check
 resid=   359.819765464871      retot=   16575402291890.8     
 ratio1=  4.659190515402412E-006 ratio2=  3.350199516545895E-005
 nchek0=           0 toler_force=  1.000000000000000E-005
 nchek=           1
 miter=         100 iiter=          55
 time: 11:10:13
                     istep=          44 iiter=          56
                     conver_load check
 resid=   268.903492156270      retot=   16575402268087.5     
 ratio1=  4.027784094823821E-006 ratio2=  2.896772715127137E-005
 nchek0=           0 toler_force=  1.000000000000000E-005
 nchek=           1
 miter=         100 iiter=          56
 time: 11:10:13
                     istep=          44 iiter=          57
                     conver_load check
 resid=   200.948696748258      retot=   16575402247502.1     
 ratio1=  3.481854017818094E-006 ratio2=  2.504595844377277E-005
 nchek0=           0 toler_force=  1.000000000000000E-005
 nchek=           1
 miter=         100 iiter=          57
 time: 11:10:13
                     istep=          44 iiter=          58
                     conver_load check
 resid=   150.159755724340      retot=   16575402229700.8     
 ratio1=  3.009849210237065E-006 ratio2=  2.165421683371965E-005
 nchek0=           0 toler_force=  1.000000000000000E-005
 nchek=           1
 miter=         100 iiter=          58
 time: 11:10:13
                     istep=          44 iiter=          59
                     conver_load check
 resid=   112.202769692506      retot=   16575402214308.1     
 ratio1=  2.601775087401588E-006 ratio2=  1.872107522566859E-005
 nchek0=           0 toler_force=  1.000000000000000E-005
 nchek=           1
 miter=         100 iiter=          59
 time: 11:10:13
                     istep=          44 iiter=          60
                     conver_load check
 resid=   83.8372687228978      retot=   16575402200998.8     
 ratio1=  2.248984814279702E-006 ratio2=  1.618468583948723E-005
 nchek0=           0 toler_force=  1.000000000000000E-005
 nchek=           1
 miter=         100 iiter=          60
 time: 11:10:13
                     istep=          44 iiter=          61
                     conver_load check
 resid=   62.6405921843717      retot=   16575402189491.5     
 ratio1=  1.943998340535522E-006 ratio2=  1.399150591044490E-005
 nchek0=           0 toler_force=  1.000000000000000E-005
 nchek=           1
 miter=         100 iiter=          61
 time: 11:10:13
                     istep=          44 iiter=          62
                     conver_load check
 resid=   46.8016626345946      retot=   16575402179542.6     
 ratio1=  1.680345562679719E-006 ratio2=  1.209519055206865E-005
 nchek0=           0 toler_force=  1.000000000000000E-005
 nchek=           1
 miter=         100 iiter=          62
 time: 11:10:13
                     istep=          44 iiter=          63
                     conver_load check
 resid=   34.9667087072096      retot=   16575402170941.4     
 ratio1=  1.452430434225311E-006 ratio2=  1.045563139357545E-005
 nchek0=           0 toler_force=  1.000000000000000E-005
 nchek=           1
 miter=         100 iiter=          63
 time: 11:10:13
                     istep=          44 iiter=          64
                     conver_load check
 resid=   26.1238688172558      retot=   16575402163505.7     
 ratio1=  1.255413255617697E-006 ratio2=  9.038122204181862E-006
 nchek0=           0 toler_force=  1.000000000000000E-005
 nchek=           0
                    conver_nodal_value check
               Convergence check for displacement
 ratio1=  1.482860931399266E-008 ratio2=  3.486723923144443E-007
 nchek=           0
 ***********RESTART FILE IS UPDATED!*******
 istep=          45
 outinp=           0
 tcurvegravity=           0           1           1           1           1
           1           1           1           1           0           0
           0           0           0           0           0           0
           0           0           0           0
 ntelgroup=           0
 Factorization completed ... 
 time: 11:10:13
                     istep=          45 iiter=           1
                     conver_load check
 resid=   23799433892.0060      retot=   17402110159580.0     
 ratio1=  3.698131556844762E-002 ratio2=  0.168191626726626     
 nchek0=           0 toler_force=  1.000000000000000E-005
 nchek=           1
 miter=         100 iiter=           1
 time: 11:10:13
                     istep=          45 iiter=           2
                     conver_load check
 resid=   7399944351.46796      retot=   17450954115548.2     
 ratio1=  2.059228966066209E-002 ratio2=  0.134912005024597     
 nchek0=           0 toler_force=  1.000000000000000E-005
 nchek=           1
 miter=         100 iiter=           2
 time: 11:10:13
                     istep=          45 iiter=           3
                     conver_load check
 resid=   3139304122.56832      retot=   17465022022942.8     
 ratio1=  1.340701596005415E-002 ratio2=  0.102093039311642     
 nchek0=           0 toler_force=  1.000000000000000E-005
 nchek=           1
 miter=         100 iiter=           3
 time: 11:10:13
                     istep=          45 iiter=           4
                     conver_load check
 resid=   1621431894.07518      retot=   17470698325033.9     
 ratio1=  9.633724522049192E-003 ratio2=  7.257040332101961E-002
 nchek0=           0 toler_force=  1.000000000000000E-005
 nchek=           1
 miter=         100 iiter=           4
 time: 11:10:13
                     istep=          45 iiter=           5
                     conver_load check
 resid=   894756719.032790      retot=   17473215209313.3     
 ratio1=  7.155929795557761E-003 ratio2=  4.927184672072518E-002
 nchek0=           0 toler_force=  1.000000000000000E-005
 nchek=           1
 miter=         100 iiter=           5
 time: 11:10:13
                     istep=          45 iiter=           6
                     conver_load check
 resid=   521411084.983641      retot=   17474437713609.6     
 ratio1=  5.462463208774191E-003 ratio2=  3.904879579016773E-002
 nchek0=           0 toler_force=  1.000000000000000E-005
 nchek=           1
 miter=         100 iiter=           6
 time: 11:10:13
                     istep=          45 iiter=           7
                     conver_load check
 resid=   332153804.498264      retot=   17475085064472.4     
 ratio1=  4.359733737680734E-003 ratio2=  3.340016206095139E-002
 nchek0=           0 toler_force=  1.000000000000000E-005
 nchek=           1
 miter=         100 iiter=           7
 time: 11:10:13
                     istep=          45 iiter=           8
                     conver_load check
 resid=   223528977.047170      retot=   17475438024617.3     
 ratio1=  3.576455948775895E-003 ratio2=  2.856080845832114E-002
 nchek0=           0 toler_force=  1.000000000000000E-005
 nchek=           1
 miter=         100 iiter=           8
 time: 11:10:13
                     istep=          45 iiter=           9
                     conver_load check
 resid=   156350552.800161      retot=   17475635483992.5     
 ratio1=  2.991115765126682E-003 ratio2=  2.444227460186749E-002
 nchek0=           0 toler_force=  1.000000000000000E-005
 nchek=           1
 miter=         100 iiter=           9
 time: 11:10:13
                     istep=          45 iiter=          10
                     conver_load check
 resid=   112487825.266579      retot=   17475748376898.3     
 ratio1=  2.537084130756662E-003 ratio2=  2.093977580644089E-002
 nchek0=           0 toler_force=  1.000000000000000E-005
 nchek=           1
 miter=         100 iiter=          10
 time: 11:10:13
                     istep=          45 iiter=          11
                     conver_load check
 resid=   82586755.0666960      retot=   17475814143576.0     
 ratio1=  2.173884633130052E-003 ratio2=  1.795844591845844E-002
 nchek0=           0 toler_force=  1.000000000000000E-005
 nchek=           1
 miter=         100 iiter=          11
 time: 11:10:13
                     istep=          45 iiter=          12
                     conver_load check
 resid=   61490187.2133387      retot=   17475852997417.3     
 ratio1=  1.875787840184222E-003 ratio2=  1.541731059154649E-002
 nchek0=           0 toler_force=  1.000000000000000E-005
 nchek=           1
 miter=         100 iiter=          12
 time: 11:10:13
                     istep=          45 iiter=          13
                     conver_load check
 resid=   46208623.8902774      retot=   17475876107901.0     
 ratio1=  1.626080489736378E-003 ratio2=  1.324829852942234E-002
 nchek0=           0 toler_force=  1.000000000000000E-005
 nchek=           1
 miter=         100 iiter=          13
 time: 11:10:13
                     istep=          45 iiter=          14
                     conver_load check
 resid=   34926130.0499870      retot=   17475889829583.2     
 ratio1=  1.413694551854102E-003 ratio2=  1.139436439232453E-002
 nchek0=           0 toler_force=  1.000000000000000E-005
 nchek=           1
 miter=         100 iiter=          14
 time: 11:10:13
                     istep=          45 iiter=          15
                     conver_load check
 resid=   26486803.2379863      retot=   17475897863276.0     
 ratio1=  1.231104797555888E-003 ratio2=  9.807677563807722E-003
 nchek0=           0 toler_force=  1.000000000000000E-005
 nchek=           1
 miter=         100 iiter=          15
 time: 11:10:13
                     istep=          45 iiter=          16
                     conver_load check
 resid=   20120834.5740988      retot=   17475902412836.6     
 ratio1=  1.073008567882350E-003 ratio2=  8.448067187839530E-003
 nchek0=           0 toler_force=  1.000000000000000E-005
 nchek=           1
 miter=         100 iiter=          16
 time: 11:10:13
                     istep=          45 iiter=          17
                     conver_load check
 resid=   15294456.1688544      retot=   17475904817163.2     
 ratio1=  9.355073075848695E-004 ratio2=  7.281728284242978E-003
 nchek0=           0 toler_force=  1.000000000000000E-005
 nchek=           1
 miter=         100 iiter=          17
 time: 11:10:13
                     istep=          45 iiter=          18
                     conver_load check
 resid=   11625208.1055285      retot=   17475905903367.6     
 ratio1=  8.156062013108031E-004 ratio2=  6.280153956747199E-003
 nchek0=           0 toler_force=  1.000000000000000E-005
 nchek=           1
 miter=         100 iiter=          18
 time: 11:10:13
                     istep=          45 iiter=          19
                     conver_load check
 resid=   8832228.13869106      retot=   17475906188974.7     
 ratio1=  7.109110862634892E-004 ratio2=  5.419255383268488E-003
 nchek0=           0 toler_force=  1.000000000000000E-005
 nchek=           1
 miter=         100 iiter=          19
 time: 11:10:13
                     istep=          45 iiter=          20
                     conver_load check
 resid=   6705706.49009560      retot=   17475906005239.1     
 ratio1=  6.194445269061305E-004 ratio2=  4.678636129425470E-003
 nchek0=           0 toler_force=  1.000000000000000E-005
 nchek=           1
 miter=         100 iiter=          20
 time: 11:10:13
                     istep=          45 iiter=          21
                     conver_load check
 resid=   5087126.50381824      retot=   17475905568994.1     
 ratio1=  5.395310260675310E-004 ratio2=  4.040990384101821E-003
 nchek0=           0 toler_force=  1.000000000000000E-005
 nchek=           1
 miter=         100 iiter=          21
 time: 11:10:13
                     istep=          45 iiter=          22
                     conver_load check
 resid=   3856024.88808663      retot=   17475904994504.2     
 ratio1=  4.697319238394514E-004 ratio2=  3.491614259657985E-003
 nchek0=           0 toler_force=  1.000000000000000E-005
 nchek=           1
 miter=         100 iiter=          22
 time: 11:10:13
                     istep=          45 iiter=          23
                     conver_load check
 resid=   2920448.17947018      retot=   17475904362477.5     
 ratio1=  4.087943856283751E-004 ratio2=  3.017984861995271E-003
 nchek0=           0 toler_force=  1.000000000000000E-005
 nchek=           1
 miter=         100 iiter=          23
 time: 11:10:14
                     istep=          45 iiter=          24
                     conver_load check
 resid=   2210122.50202255      retot=   17475903723021.4     
 ratio1=  3.556217800078203E-004 ratio2=  2.609421533836932E-003
 nchek0=           0 toler_force=  1.000000000000000E-005
 nchek=           1
 miter=         100 iiter=          24
 time: 11:10:14
                     istep=          45 iiter=          25
                     conver_load check
 resid=   1671328.03726061      retot=   17475903105988.5     
 ratio1=  3.092509449212460E-004 ratio2=  2.256801621991251E-003
 nchek0=           0 toler_force=  1.000000000000000E-005
 nchek=           1
 miter=         100 iiter=          25
 time: 11:10:14
                     istep=          45 iiter=          26
                     conver_load check
 resid=   1263019.65952955      retot=   17475902528083.7     
 ratio1=  2.688346527109406E-004 ratio2=  1.952322211792159E-003
 nchek0=           0 toler_force=  1.000000000000000E-005
 nchek=           1
 miter=         100 iiter=          26
 time: 11:10:14
                     istep=          45 iiter=          27
                     conver_load check
 resid=   953865.620815767      retot=   17475901997566.0     
 ratio1=  2.336274118436564E-004 ratio2=  1.689300433245380E-003
 nchek0=           0 toler_force=  1.000000000000000E-005
 nchek=           1
 miter=         100 iiter=          27
 time: 11:10:14
                     istep=          45 iiter=          28
                     conver_load check
 resid=   719976.478908132      retot=   17475901517359.0     
 ratio1=  2.029735090539376E-004 ratio2=  1.462005792032079E-003
 nchek0=           0 toler_force=  1.000000000000000E-005
 nchek=           1
 miter=         100 iiter=          28
 time: 11:10:14
                     istep=          45 iiter=          29
                     conver_load check
 resid=   543159.958740677      retot=   17475901087104.4     
 ratio1=  1.762966599309913E-004 ratio2=  1.265519052704046E-003
 nchek0=           0 toler_force=  1.000000000000000E-005
 nchek=           1
 miter=         100 iiter=          29
 time: 11:10:14
                     istep=          45 iiter=          30
                     conver_load check
 resid=   409579.594228273      retot=   17475900704510.8     
 ratio1=  1.530908983306948E-004 ratio2=  1.095613179222452E-003
 nchek0=           0 toler_force=  1.000000000000000E-005
 nchek=           1
 miter=         100 iiter=          30
 time: 11:10:14
                     istep=          45 iiter=          31
                     conver_load check
 resid=   308724.493748680      retot=   17475900366232.4     
 ratio1=  1.329124806161137E-004 ratio2=  9.486526505665654E-004
 nchek0=           0 toler_force=  1.000000000000000E-005
 nchek=           1
 miter=         100 iiter=          31
 time: 11:10:14
                     istep=          45 iiter=          32
                     conver_load check
 resid=   232619.097725877      retot=   17475900068434.7     
 ratio1=  1.153726603708406E-004 ratio2=  8.215081290295035E-004
 nchek0=           0 toler_force=  1.000000000000000E-005
 nchek=           1
 miter=         100 iiter=          32
 time: 11:10:14
                     istep=          45 iiter=          33
                     conver_load check
 resid=   175217.979429804      retot=   17475899807150.9     
 ratio1=  1.001312322670131E-004 ratio2=  7.114839927286493E-004
 nchek0=           0 toler_force=  1.000000000000000E-005
 nchek=           1
 miter=         100 iiter=          33
 time: 11:10:14
                     istep=          45 iiter=          34
                     conver_load check
 resid=   131943.135839490      retot=   17475899578499.3     
 ratio1=  8.689076694381690E-005 ratio2=  6.162566766062512E-004
 nchek0=           0 toler_force=  1.000000000000000E-005
 nchek=           1
 miter=         100 iiter=          34
 time: 11:10:14
                     istep=          45 iiter=          35
                     conver_load check
 resid=   99330.8095346894      retot=   17475899378810.1     
 ratio1=  7.539147144948234E-005 ratio2=  5.338221181217643E-004
 nchek0=           0 toler_force=  1.000000000000000E-005
 nchek=           1
 miter=         100 iiter=          35
 time: 11:10:14
                     istep=          45 iiter=          36
                     conver_load check
 resid=   74762.3436742848      retot=   17475899204691.6     
 ratio1=  6.540661718070005E-005 ratio2=  4.624508910130218E-004
 nchek0=           0 toler_force=  1.000000000000000E-005
 nchek=           1
 miter=         100 iiter=          36
 time: 11:10:14
                     istep=          45 iiter=          37
                     conver_load check
 resid=   56259.3815304379      retot=   17475899053058.7     
 ratio1=  5.673848209502430E-005 ratio2=  4.006498457230486E-004
 nchek0=           0 toler_force=  1.000000000000000E-005
 nchek=           1
 miter=         100 iiter=          37
 time: 11:10:14
                     istep=          45 iiter=          38
                     conver_load check
 resid=   42328.2415310819      retot=   17475898921137.6     
 ratio1=  4.921475769983446E-005 ratio2=  3.471292683315903E-004
 nchek0=           0 toler_force=  1.000000000000000E-005
 nchek=           1
 miter=         100 iiter=          38
 time: 11:10:14
                     istep=          45 iiter=          39
                     conver_load check
 resid=   31841.8077721678      retot=   17475898806454.5     
 ratio1=  4.268537463813881E-005 ratio2=  3.007747292031991E-004
 nchek0=           0 toler_force=  1.000000000000000E-005
 nchek=           1
 miter=         100 iiter=          39
 time: 11:10:14
                     istep=          45 iiter=          40
                     conver_load check
 resid=   23949.9935201036      retot=   17475898706818.0     
 ratio1=  3.701970389759136E-005 ratio2=  2.606229243531856E-004
 nchek0=           0 toler_force=  1.000000000000000E-005
 nchek=           1
 miter=         100 iiter=          40
 time: 11:10:14
                     istep=          45 iiter=          41
                     conver_load check
 resid=   18011.9341124081      retot=   17475898620295.6     
 ratio1=  3.210409386439659E-005 ratio2=  2.258409219162152E-004
 nchek0=           0 toler_force=  1.000000000000000E-005
 nchek=           1
 miter=         100 iiter=          41
 time: 11:10:14
                     istep=          45 iiter=          42
                     conver_load check
 resid=   13544.6823332417      retot=   17475898545189.9     
 ratio1=  2.783970663648010E-005 ratio2=  1.957083171302148E-004
 nchek0=           0 toler_force=  1.000000000000000E-005
 nchek=           1
 miter=         100 iiter=          42
 time: 11:10:14
                     istep=          45 iiter=          43
                     conver_load check
 resid=   10184.4213500520      retot=   17475898480014.1     
 ratio1=  2.414062016224489E-005 ratio2=  1.696018752520933E-004
 nchek0=           0 toler_force=  1.000000000000000E-005
 nchek=           1
 miter=         100 iiter=          43
 time: 11:10:14
                     istep=          45 iiter=          44
                     conver_load check
 resid=   7657.16217659150      retot=   17475898423468.8     
 ratio1=  2.093216583772296E-005 ratio2=  1.469823054396855E-004
 nchek0=           0 toler_force=  1.000000000000000E-005
 nchek=           1
 miter=         100 iiter=          44
 time: 11:10:14
                     istep=          45 iiter=          45
                     conver_load check
 resid=   5756.62054185789      retot=   17475898374420.2     
 ratio1=  1.814947413570231E-005 ratio2=  1.273828620602130E-004
 nchek0=           0 toler_force=  1.000000000000000E-005
 nchek=           1
 miter=         100 iiter=          45
 time: 11:10:14
                     istep=          45 iiter=          46
                     conver_load check
 resid=   4327.52357517219      retot=   17475898331880.8     
 ratio1=  1.573620361833448E-005 ratio2=  1.103995148311535E-004
 nchek0=           0 toler_force=  1.000000000000000E-005
 nchek=           1
 miter=         100 iiter=          46
 time: 11:10:14
                     istep=          45 iiter=          47
                     conver_load check
 resid=   3253.01993106158      retot=   17475898294990.9     
 ratio1=  1.364343128179912E-005 ratio2=  9.568246714113586E-005
 nchek0=           0 toler_force=  1.000000000000000E-005
 nchek=           1
 miter=         100 iiter=          47
 time: 11:10:14
                     istep=          45 iiter=          48
                     conver_load check
 resid=   2445.18886973312      retot=   17475898263003.3     
 ratio1=  1.182868458147882E-005 ratio2=  8.292883397904150E-005
 nchek0=           0 toler_force=  1.000000000000000E-005
 nchek=           1
 miter=         100 iiter=          48
 time: 11:10:14
                     istep=          45 iiter=          49
                     conver_load check
 resid=   1837.88828787381      retot=   17475898235268.3     
 ratio1=  1.025509768387658E-005 ratio2=  7.187631809016395E-005
 nchek0=           0 toler_force=  1.000000000000000E-005
 nchek=           1
 miter=         100 iiter=          49
 time: 11:10:14
                     istep=          45 iiter=          50
                     conver_load check
 resid=   1381.36714380725      retot=   17475898211222.1     
 ratio1=  8.890676492648811E-006 ratio2=  6.229774606741378E-005
 nchek0=           0 toler_force=  1.000000000000000E-005
 nchek=           1
 miter=         100 iiter=          50
 time: 11:10:14
                     istep=          45 iiter=          51
                     conver_load check
 resid=   1038.20823312376      retot=   17475898190374.9     
 ratio1=  7.707658801593706E-006 ratio2=  5.399634574883997E-005
 nchek0=           0 toler_force=  1.000000000000000E-005
 nchek=           1
 miter=         100 iiter=          51
 time: 11:10:14
                     istep=          45 iiter=          52
                     conver_load check
 resid=   780.273630534431      retot=   17475898172301.7     
 ratio1=  6.681957550449400E-006 ratio2=  4.680166302257083E-005
 nchek0=           0 toler_force=  1.000000000000000E-005
 nchek=           1
 miter=         100 iiter=          52
 time: 11:10:14
                     istep=          45 iiter=          53
                     conver_load check
 resid=   586.405550958566      retot=   17475898156633.9     
 ratio1=  5.792676611915441E-006 ratio2=  4.056603046281024E-005
 nchek0=           0 toler_force=  1.000000000000000E-005
 nchek=           1
 miter=         100 iiter=          53
 time: 11:10:14
                     istep=          45 iiter=          54
                     conver_load check
 resid=   440.696167534617      retot=   17475898143051.6     
 ratio1=  5.021689829123277E-006 ratio2=  3.516151242916558E-005
 nchek0=           0 toler_force=  1.000000000000000E-005
 nchek=           1
 miter=         100 iiter=          54
 time: 11:10:14
                     istep=          45 iiter=          55
                     conver_load check
 resid=   331.185827936412      retot=   17475898131277.3     
 ratio1=  4.353275171403625E-006 ratio2=  3.047730333902164E-005
 nchek0=           0 toler_force=  1.000000000000000E-005
 nchek=           1
 miter=         100 iiter=          55
 time: 11:10:14
                     istep=          45 iiter=          56
                     conver_load check
 resid=   248.883754036499      retot=   17475898121070.6     
 ratio1=  3.773796890445924E-006 ratio2=  2.641745194304496E-005
 nchek0=           0 toler_force=  1.000000000000000E-005
 nchek=           1
 miter=         100 iiter=          56
 time: 11:10:14
                     istep=          45 iiter=          57
                     conver_load check
 resid=   187.031442406611      retot=   17475898112222.8     
 ratio1=  3.271429454721997E-006 ratio2=  2.289854740136376E-005
 nchek0=           0 toler_force=  1.000000000000000E-005
 nchek=           1
 miter=         100 iiter=          57
 time: 11:10:14
                     istep=          45 iiter=          58
                     conver_load check
 resid=   140.548685940160      retot=   17475898104553.0     
 ratio1=  2.835917828201369E-006 ratio2=  1.984847987168887E-005
 nchek0=           0 toler_force=  1.000000000000000E-005
 nchek=           1
 miter=         100 iiter=          58
 time: 11:10:14
                     istep=          45 iiter=          59
                     conver_load check
 resid=   105.616986077771      retot=   17475898097904.5     
 ratio1=  2.458369353259237E-006 ratio2=  1.720475958102990E-005
 nchek0=           0 toler_force=  1.000000000000000E-005
 nchek=           1
 miter=         100 iiter=          59
 time: 11:10:14
                     istep=          45 iiter=          60
                     conver_load check
 resid=   79.3663119356486      retot=   17475898092141.3     
 ratio1=  2.131073104454064E-006 ratio2=  1.491323164626946E-005
 nchek0=           0 toler_force=  1.000000000000000E-005
 nchek=           1
 miter=         100 iiter=          60
 time: 11:10:14
                     istep=          45 iiter=          61
                     conver_load check
 resid=   59.6395880668860      retot=   17475898087145.5     
 ratio1=  1.847343113003869E-006 ratio2=  1.292696300047125E-005
 nchek0=           0 toler_force=  1.000000000000000E-005
 nchek=           1
 miter=         100 iiter=          61
 time: 11:10:14
                     istep=          45 iiter=          62
                     conver_load check
 resid=   44.8156362047740      retot=   17475898082814.9     
 ratio1=  1.601382327372913E-006 ratio2=  1.120527828369660E-005
 nchek0=           0 toler_force=  1.000000000000000E-005
 nchek=           1
 miter=         100 iiter=          62
 time: 11:10:14
                     istep=          45 iiter=          63
                     conver_load check
 resid=   33.6760714412471      retot=   17475898079061.0     
 ratio1=  1.388164581941541E-006 ratio2=  9.712924683756287E-006
 nchek0=           0 toler_force=  1.000000000000000E-005
 nchek=           0
                    conver_nodal_value check
               Convergence check for displacement
 ratio1=  1.868861654385535E-008 ratio2=  5.087603497834712E-007
 nchek=           0
 ***********RESTART FILE IS UPDATED!*******
 istep=          46
 outinp=           0
 tcurvegravity=           0           1           1           1           1
           1           1           1           1           0           0
           0           0           0           0           0           0
           0           0           0           0
 ntelgroup=           0
 Factorization completed ... 
 time: 11:10:14
                     istep=          46 iiter=           1
                     conver_load check
 resid=   20767197813.7528      retot=   18321746466597.7     
 ratio1=  3.366708498587862E-002 ratio2=  0.146593383791545     
 nchek0=           0 toler_force=  1.000000000000000E-005
 nchek=           1
 miter=         100 iiter=           1
 time: 11:10:14
                     istep=          46 iiter=           2
                     conver_load check
 resid=   6239146723.40220      retot=   18369447794664.0     
 ratio1=  1.842954226899663E-002 ratio2=  0.105712937486558     
 nchek0=           0 toler_force=  1.000000000000000E-005
 nchek=           1
 miter=         100 iiter=           2
 time: 11:10:14
                     istep=          46 iiter=           3
                     conver_load check
 resid=   2664985856.36971      retot=   18382768220071.5     
 ratio1=  1.204043003800724E-002 ratio2=  7.527144605219706E-002
 nchek0=           0 toler_force=  1.000000000000000E-005
 nchek=           1
 miter=         100 iiter=           3
 time: 11:10:15
                     istep=          46 iiter=           4
                     conver_load check
 resid=   1275512972.65283      retot=   18387928472414.3     
 ratio1=  8.328677333436512E-003 ratio2=  5.826522684673931E-002
 nchek0=           0 toler_force=  1.000000000000000E-005
 nchek=           1
 miter=         100 iiter=           4
 time: 11:10:15
                     istep=          46 iiter=           5
                     conver_load check
 resid=   738321938.242949      retot=   18390257397753.3     
 ratio1=  6.336201538703772E-003 ratio2=  4.465188013089236E-002
 nchek0=           0 toler_force=  1.000000000000000E-005
 nchek=           1
 miter=         100 iiter=           5
 time: 11:10:15
                     istep=          46 iiter=           6
                     conver_load check
 resid=   469385783.668741      retot=   18391368839209.8     
 ratio1=  5.051937148637288E-003 ratio2=  3.812240875418668E-002
 nchek0=           0 toler_force=  1.000000000000000E-005
 nchek=           1
 miter=         100 iiter=           6
 time: 11:10:15
                     istep=          46 iiter=           7
                     conver_load check
 resid=   312311634.784771      retot=   18391921866186.0     
 ratio1=  4.120790400626758E-003 ratio2=  3.229341485621318E-002
 nchek0=           0 toler_force=  1.000000000000000E-005
 nchek=           1
 miter=         100 iiter=           7
 time: 11:10:15
                     istep=          46 iiter=           8
                     conver_load check
 resid=   212844620.288296      retot=   18392211858586.2     
 ratio1=  3.401843720624640E-003 ratio2=  2.723145225906171E-002
 nchek0=           0 toler_force=  1.000000000000000E-005
 nchek=           1
 miter=         100 iiter=           8
 time: 11:10:15
                     istep=          46 iiter=           9
                     conver_load check
 resid=   146918317.030522      retot=   18392372514294.2     
 ratio1=  2.826305444864698E-003 ratio2=  2.289320323852697E-002
 nchek0=           0 toler_force=  1.000000000000000E-005
 nchek=           1
 miter=         100 iiter=           9
 time: 11:10:15
                     istep=          46 iiter=          10
                     conver_load check
 resid=   102074946.477837      retot=   18392466645509.8     
 ratio1=  2.355806370609443E-003 ratio2=  1.920330930342217E-002
 nchek0=           0 toler_force=  1.000000000000000E-005
 nchek=           1
 miter=         100 iiter=          10
 time: 11:10:15
                     istep=          46 iiter=          11
                     conver_load check
 resid=   71129691.0463232      retot=   18392525024244.8     
 ratio1=  1.966549051078230E-003 ratio2=  1.608059792291556E-002
 nchek0=           0 toler_force=  1.000000000000000E-005
 nchek=           1
 miter=         100 iiter=          11
 time: 11:10:15
                     istep=          46 iiter=          12
                     conver_load check
 resid=   49614131.1791547      retot=   18392563258876.3     
 ratio1=  1.642409945017872E-003 ratio2=  1.344746790662542E-002
 nchek0=           0 toler_force=  1.000000000000000E-005
 nchek=           1
 miter=         100 iiter=          12
 time: 11:10:15
                     istep=          46 iiter=          13
                     conver_load check
 resid=   34603218.9092739      retot=   18392589601960.4     
 ratio1=  1.371629477450012E-003 ratio2=  1.123329706666944E-002
 nchek0=           0 toler_force=  1.000000000000000E-005
 nchek=           1
 miter=         100 iiter=          13
 time: 11:10:15
                     istep=          46 iiter=          14
                     conver_load check
 resid=   24118629.6595733      retot=   18392608574659.2     
 ratio1=  1.145129625214040E-003 ratio2=  9.375462642408633E-003
 nchek0=           0 toler_force=  1.000000000000000E-005
 nchek=           1
 miter=         100 iiter=          14
 time: 11:10:15
                     istep=          46 iiter=          15
                     conver_load check
 resid=   16796402.6055395      retot=   18392622751820.5     
 ratio1=  9.556223675615767E-004 ratio2=  7.819316370542520E-003
 nchek0=           0 toler_force=  1.000000000000000E-005
 nchek=           1
 miter=         100 iiter=          15
 time: 11:10:15
                     istep=          46 iiter=          16
                     conver_load check
 resid=   11686482.6888311      retot=   18392633660168.8     
 ratio1=  7.971131057694397E-004 ratio2=  6.517685695765272E-003
 nchek0=           0 toler_force=  1.000000000000000E-005
 nchek=           1
 miter=         100 iiter=          16
 time: 11:10:15
                     istep=          46 iiter=          17
                     conver_load check
 resid=   8124002.53492655      retot=   18392642243575.7     
 ratio1=  6.646040192786458E-004 ratio2=  5.430172262503985E-003
 nchek0=           0 toler_force=  1.000000000000000E-005
 nchek=           1
 miter=         100 iiter=          17
 time: 11:10:15
                     istep=          46 iiter=          18
                     conver_load check
 resid=   5624256.04059827      retot=   18392649111052.1     
 ratio1=  5.529812411359549E-004 ratio2=  4.522386035327670E-003
 nchek0=           0 toler_force=  1.000000000000000E-005
 nchek=           1
 miter=         100 iiter=          18
 time: 11:10:15
                     istep=          46 iiter=          19
                     conver_load check
 resid=   3874459.47963282      retot=   18392654974544.2     
 ratio1=  4.589689962946145E-004 ratio2=  3.764155964360000E-003
 nchek0=           0 toler_force=  1.000000000000000E-005
 nchek=           1
 miter=         100 iiter=          19
 time: 11:10:15
                     istep=          46 iiter=          20
                     conver_load check
 resid=   2673243.27783753      retot=   18392660223748.9     
 ratio1=  3.812386892465760E-004 ratio2=  3.130217287224277E-003
 nchek0=           0 toler_force=  1.000000000000000E-005
 nchek=           1
 miter=         100 iiter=          20
 time: 11:10:15
                     istep=          46 iiter=          21
                     conver_load check
 resid=   1844884.99645344      retot=   18392664583947.2     
 ratio1=  3.167103994376875E-004 ratio2=  2.601725674794057E-003
 nchek0=           0 toler_force=  1.000000000000000E-005
 nchek=           1
 miter=         100 iiter=          21
 time: 11:10:15
                     istep=          46 iiter=          22
                     conver_load check
 resid=   1273120.48180347      retot=   18392668156266.0     
 ratio1=  2.630948729578057E-004 ratio2=  2.161750731305354E-003
 nchek0=           0 toler_force=  1.000000000000000E-005
 nchek=           1
 miter=         100 iiter=          22
 time: 11:10:15
                     istep=          46 iiter=          23
                     conver_load check
 resid=   878404.559217789      retot=   18392671078067.3     
 ratio1=  2.185369554871020E-004 ratio2=  1.795754523634129E-003
 nchek0=           0 toler_force=  1.000000000000000E-005
 nchek=           1
 miter=         100 iiter=          23
 time: 11:10:15
                     istep=          46 iiter=          24
                     conver_load check
 resid=   605944.846496273      retot=   18392673472720.8     
 ratio1=  1.815073088461349E-004 ratio2=  1.491456640588966E-003
 nchek0=           0 toler_force=  1.000000000000000E-005
 nchek=           1
 miter=         100 iiter=          24
 time: 11:10:15
                     istep=          46 iiter=          25
                     conver_load check
 resid=   417914.162405323      retot=   18392675441050.9     
 ratio1=  1.507374245525645E-004 ratio2=  1.238551611018876E-003
 nchek0=           0 toler_force=  1.000000000000000E-005
 nchek=           1
 miter=         100 iiter=          25
 time: 11:10:15
                     istep=          46 iiter=          26
                     conver_load check
 resid=   288180.048627730      retot=   18392677063340.9     
 ratio1=  1.251726602811902E-004 ratio2=  1.028419670788453E-003
 nchek0=           0 toler_force=  1.000000000000000E-005
 nchek=           1
 miter=         100 iiter=          26
 time: 11:10:15
                     istep=          46 iiter=          27
                     conver_load check
 resid=   198688.438407635      retot=   18392678403351.5     
 ratio1=  1.039354760553449E-004 ratio2=  8.538652561552658E-004
 nchek0=           0 toler_force=  1.000000000000000E-005
 nchek=           1
 miter=         100 iiter=          27
 time: 11:10:15
                     istep=          46 iiter=          28
                     conver_load check
 resid=   136968.984852563      retot=   18392679512018.7     
 ratio1=  8.629559286739107E-005 ratio2=  7.088897545284111E-004
 nchek0=           0 toler_force=  1.000000000000000E-005
 nchek=           1
 miter=         100 iiter=          28
 time: 11:10:15
                     istep=          46 iiter=          29
                     conver_load check
 resid=   94410.7119840916      retot=   18392680430364.2     
 ratio1=  7.164536900829413E-005 ratio2=  5.884972858043326E-004
 nchek0=           0 toler_force=  1.000000000000000E-005
 nchek=           1
 miter=         100 iiter=          29
 time: 11:10:15
                     istep=          46 iiter=          30
                     conver_load check
 resid=   65069.4650494441      retot=   18392681191682.5     
 ratio1=  5.947933394523226E-005 ratio2=  4.885301532178759E-004
 nchek0=           0 toler_force=  1.000000000000000E-005
 nchek=           1
 miter=         100 iiter=          30
 time: 11:10:15
                     istep=          46 iiter=          31
                     conver_load check
 resid=   44843.2109607729      retot=   18392681823171.4     
 ratio1=  4.937712758929179E-005 ratio2=  4.055301781935133E-004
 nchek0=           0 toler_force=  1.000000000000000E-005
 nchek=           1
 miter=         100 iiter=          31
 time: 11:10:15
                     istep=          46 iiter=          32
                     conver_load check
 resid=   30901.9108347441      retot=   18392682347159.8     
 ratio1=  4.098926514330859E-005 ratio2=  3.366222753455274E-004
 nchek0=           0 toler_force=  1.000000000000000E-005
 nchek=           1
 miter=         100 iiter=          32
 time: 11:10:15
                     istep=          46 iiter=          33
                     conver_load check
 resid=   21293.5452356661      retot=   18392682782046.3     
 ratio1=  3.402525956895030E-005 ratio2=  2.794169592199719E-004
 nchek0=           0 toler_force=  1.000000000000000E-005
 nchek=           1
 miter=         100 iiter=          33
 time: 11:10:15
                     istep=          46 iiter=          34
                     conver_load check
 resid=   14671.9803014277      retot=   18392683143031.2     
 ratio1=  2.824371516538213E-005 ratio2=  2.319288653284005E-004
 nchek0=           0 toler_force=  1.000000000000000E-005
 nchek=           1
 miter=         100 iiter=          34
 time: 11:10:15
                     istep=          46 iiter=          35
                     conver_load check
 resid=   10109.0676218404      retot=   18392683442695.2     
 ratio1=  2.344406963608231E-005 ratio2=  1.925087568840991E-004
 nchek0=           0 toler_force=  1.000000000000000E-005
 nchek=           1
 miter=         100 iiter=          35
 time: 11:10:15
                     istep=          46 iiter=          36
                     conver_load check
 resid=   6964.95024313821      retot=   18392683691463.4     
 ratio1=  1.945971421986823E-005 ratio2=  1.597868504178347E-004
 nchek0=           0 toler_force=  1.000000000000000E-005
 nchek=           1
 miter=         100 iiter=          36
 time: 11:10:15
                     istep=          46 iiter=          37
                     conver_load check
 resid=   4798.57147710426      retot=   18392683897982.0     
 ratio1=  1.615226497846836E-005 ratio2=  1.326256180738008E-004
 nchek0=           0 toler_force=  1.000000000000000E-005
 nchek=           1
 miter=         100 iiter=          37
 time: 11:10:15
                     istep=          46 iiter=          38
                     conver_load check
 resid=   3305.94057795477      retot=   18392684069425.4     
 ratio1=  1.340679491705993E-005 ratio2=  1.100805092438789E-004
 nchek0=           0 toler_force=  1.000000000000000E-005
 nchek=           1
 miter=         100 iiter=          38
 time: 11:10:15
                     istep=          46 iiter=          39
                     conver_load check
 resid=   2277.55567763564      retot=   18392684211748.6     
 ratio1=  1.112786745545801E-005 ratio2=  9.136728054138038E-005
 nchek0=           0 toler_force=  1.000000000000000E-005
 nchek=           1
 miter=         100 iiter=          39
 time: 11:10:15
                     istep=          46 iiter=          40
                     conver_load check
 resid=   1569.04473417798      retot=   18392684329895.5     
 ratio1=  9.236237764581311E-006 ratio2=  7.583483395372959E-005
 nchek0=           0 toler_force=  1.000000000000000E-005
 nchek=           1
 miter=         100 iiter=          40
 time: 11:10:15
                     istep=          46 iiter=          41
                     conver_load check
 resid=   1080.92423615991      retot=   18392684427970.7     
 ratio1=  7.666110369488897E-006 ratio2=  6.294264215277520E-005
 nchek0=           0 toler_force=  1.000000000000000E-005
 nchek=           1
 miter=         100 iiter=          41
 time: 11:10:15
                     istep=          46 iiter=          42
                     conver_load check
 resid=   744.645950173028      retot=   18392684509382.5     
 ratio1=  6.362859817351246E-006 ratio2=  5.224199132732624E-005
 nchek0=           0 toler_force=  1.000000000000000E-005
 nchek=           1
 miter=         100 iiter=          42
 time: 11:10:15
                     istep=          46 iiter=          43
                     conver_load check
 resid=   512.979408219421      retot=   18392684576960.6     
 ratio1=  5.281136644398597E-006 ratio2=  4.336039931138199E-005
 nchek0=           0 toler_force=  1.000000000000000E-005
 nchek=           1
 miter=         100 iiter=          43
 time: 11:10:15
                     istep=          46 iiter=          44
                     conver_load check
 resid=   353.383516992334      retot=   18392684633054.8     
 ratio1=  4.383293809858891E-006 ratio2=  3.598867369929754E-005
 nchek0=           0 toler_force=  1.000000000000000E-005
 nchek=           1
 miter=         100 iiter=          44
 time: 11:10:15
                     istep=          46 iiter=          45
                     conver_load check
 resid=   243.438641375486      retot=   18392684679615.8     
 ratio1=  3.638079583279131E-006 ratio2=  2.987016413931608E-005
 nchek0=           0 toler_force=  1.000000000000000E-005
 nchek=           1
 miter=         100 iiter=          45
 time: 11:10:15
                     istep=          46 iiter=          46
                     conver_load check
 resid=   167.698866570431      retot=   18392684718263.1     
 ratio1=  3.019551912743290E-006 ratio2=  2.479183778096405E-005
 nchek0=           0 toler_force=  1.000000000000000E-005
 nchek=           1
 miter=         100 iiter=          46
 time: 11:10:15
                     istep=          46 iiter=          47
                     conver_load check
 resid=   115.523025570018      retot=   18392684750341.4     
 ratio1=  2.506176848497989E-006 ratio2=  2.057686927365998E-005
 nchek0=           0 toler_force=  1.000000000000000E-005
 nchek=           1
 miter=         100 iiter=          47
 time: 11:10:15
                     istep=          46 iiter=          48
                     conver_load check
 resid=   79.5802240896619      retot=   18392684776967.0     
 ratio1=  2.080079888486611E-006 ratio2=  1.707848871951481E-005
 nchek0=           0 toler_force=  1.000000000000000E-005
 nchek=           1
 miter=         100 iiter=          48
 time: 11:10:15
                     istep=          46 iiter=          49
                     conver_load check
 resid=   54.8201523354789      retot=   18392684799066.6     
 ratio1=  1.726424358260923E-006 ratio2=  1.417487432483388E-005
 nchek0=           0 toler_force=  1.000000000000000E-005
 nchek=           1
 miter=         100 iiter=          49
 time: 11:10:15
                     istep=          46 iiter=          50
                     conver_load check
 resid=   37.7636572674957      retot=   18392684817409.3     
 ratio1=  1.432895303974006E-006 ratio2=  1.176491253963423E-005
 nchek0=           0 toler_force=  1.000000000000000E-005
 nchek=           1
 miter=         100 iiter=          50
 time: 11:10:15
                     istep=          46 iiter=          51
                     conver_load check
 resid=   26.0139796721720      retot=   18392684832633.7     
 ratio1=  1.189271013305613E-006 ratio2=  9.764678477404571E-006
 nchek0=           0 toler_force=  1.000000000000000E-005
 nchek=           0
                    conver_nodal_value check
               Convergence check for displacement
 ratio1=  1.610082965150595E-008 ratio2=  4.468707650248725E-007
 nchek=           0
 ***********RESTART FILE IS UPDATED!*******
 istep=          47
 outinp=           0
 tcurvegravity=           0           1           1           1           1
           1           1           1           1           0           0
           0           0           0           0           0           0
           0           0           0           0
 ntelgroup=           0
 Factorization completed ... 
 time: 11:10:16
                     istep=          47 iiter=           1
                     conver_load check
 resid=   19790306337.3369      retot=   19257580017404.7     
 ratio1=  3.205718642804106E-002 ratio2=  0.152920274972673     
 nchek0=           0 toler_force=  1.000000000000000E-005
 nchek=           1
 miter=         100 iiter=           1
 time: 11:10:16
                     istep=          47 iiter=           2
                     conver_load check
 resid=   5683345330.39282      retot=   19304341612295.7     
 ratio1=  1.715831061444496E-002 ratio2=  0.104043106164489     
 nchek0=           0 toler_force=  1.000000000000000E-005
 nchek=           1
 miter=         100 iiter=           2
 time: 11:10:16
                     istep=          47 iiter=           3
                     conver_load check
 resid=   2123759257.97649      retot=   19317216529306.9     
 ratio1=  1.048528811658145E-002 ratio2=  6.257734783864508E-002
 nchek0=           0 toler_force=  1.000000000000000E-005
 nchek=           1
 miter=         100 iiter=           3
 time: 11:10:16
                     istep=          47 iiter=           4
                     conver_load check
 resid=   831025072.998326      retot=   19322216287506.3     
 ratio1=  6.558108446462903E-003 ratio2=  3.888497598536287E-002
 nchek0=           0 toler_force=  1.000000000000000E-005
 nchek=           1
 miter=         100 iiter=           4
 time: 11:10:16
                     istep=          47 iiter=           5
                     conver_load check
 resid=   373454296.533677      retot=   19324423139355.9     
 ratio1=  4.396078722271252E-003 ratio2=  2.887333776445151E-002
 nchek0=           0 toler_force=  1.000000000000000E-005
 nchek=           1
 miter=         100 iiter=           5
 time: 11:10:16
                     istep=          47 iiter=           6
                     conver_load check
 resid=   178007761.634961      retot=   19325446569665.6     
 ratio1=  3.034972081787574E-003 ratio2=  2.101347818090907E-002
 nchek0=           0 toler_force=  1.000000000000000E-005
 nchek=           1
 miter=         100 iiter=           6
 time: 11:10:16
                     istep=          47 iiter=           7
                     conver_load check
 resid=   87454491.7827406      retot=   19325952995491.2     
 ratio1=  2.127260131347210E-003 ratio2=  1.510642891444563E-002
 nchek0=           0 toler_force=  1.000000000000000E-005
 nchek=           1
 miter=         100 iiter=           7
 time: 11:10:16
                     istep=          47 iiter=           8
                     conver_load check
 resid=   43582612.6814105      retot=   19326218766383.6     
 ratio1=  1.501700015308402E-003 ratio2=  1.077197870378405E-002
 nchek0=           0 toler_force=  1.000000000000000E-005
 nchek=           1
 miter=         100 iiter=           8
 time: 11:10:16
                     istep=          47 iiter=           9
                     conver_load check
 resid=   21852443.9514407      retot=   19326365368875.7     
 ratio1=  1.063346766186167E-003 ratio2=  7.638696729302708E-003
 nchek0=           0 toler_force=  1.000000000000000E-005
 nchek=           1
 miter=         100 iiter=           9
 time: 11:10:16
                     istep=          47 iiter=          10
                     conver_load check
 resid=   10983934.0780952      retot=   19326449872002.1     
 ratio1=  7.538812058726258E-004 ratio2=  5.396141127943220E-003
 nchek0=           0 toler_force=  1.000000000000000E-005
 nchek=           1
 miter=         100 iiter=          10
 time: 11:10:16
                     istep=          47 iiter=          11
                     conver_load check
 resid=   5527155.72869219      retot=   19326500513596.6     
 ratio1=  5.347788700021392E-004 ratio2=  3.801937515869264E-003
 nchek0=           0 toler_force=  1.000000000000000E-005
 nchek=           1
 miter=         100 iiter=          11
 time: 11:10:16
                     istep=          47 iiter=          12
                     conver_load check
 resid=   2783674.31637175      retot=   19326531910247.3     
 ratio1=  3.795178850463748E-004 ratio2=  2.673891618375896E-003
 nchek0=           0 toler_force=  1.000000000000000E-005
 nchek=           1
 miter=         100 iiter=          12
 time: 11:10:16
                     istep=          47 iiter=          13
                     conver_load check
 resid=   1403460.03569171      retot=   19326551948515.7     
 ratio1=  2.694777024748672E-004 ratio2=  1.878231864018851E-003
 nchek0=           0 toler_force=  1.000000000000000E-005
 nchek=           1
 miter=         100 iiter=          13
 time: 11:10:16
                     istep=          47 iiter=          14
                     conver_load check
 resid=   708623.301790854      retot=   19326565051179.5     
 ratio1=  1.914830684020771E-004 ratio2=  1.318236822048664E-003
 nchek0=           0 toler_force=  1.000000000000000E-005
 nchek=           1
 miter=         100 iiter=          14
 time: 11:10:16
                     istep=          47 iiter=          15
                     conver_load check
 resid=   358469.793892345      retot=   19326573788199.7     
 ratio1=  1.361911378917521E-004 ratio2=  9.246870630779058E-004
 nchek0=           0 toler_force=  1.000000000000000E-005
 nchek=           1
 miter=         100 iiter=          15
 time: 11:10:16
                     istep=          47 iiter=          16
                     conver_load check
 resid=   181758.427396476      retot=   19326579705487.0     
 ratio1=  9.697723047323242E-005 ratio2=  6.483865071727508E-004
 nchek0=           0 toler_force=  1.000000000000000E-005
 nchek=           1
 miter=         100 iiter=          16
 time: 11:10:16
                     istep=          47 iiter=          17
                     conver_load check
 resid=   92408.2733379915      retot=   19326583761992.2     
 ratio1=  6.914772260042854E-005 ratio2=  4.545333721020673E-004
 nchek0=           0 toler_force=  1.000000000000000E-005
 nchek=           1
 miter=         100 iiter=          17
 time: 11:10:16
                     istep=          47 iiter=          18
                     conver_load check
 resid=   47125.3926252808      retot=   19326586568943.6     
 ratio1=  4.937986662604595E-005 ratio2=  3.185863240972463E-004
 nchek0=           0 toler_force=  1.000000000000000E-005
 nchek=           1
 miter=         100 iiter=          18
 time: 11:10:16
                     istep=          47 iiter=          19
                     conver_load check
 resid=   24113.7347552684      retot=   19326588525157.6     
 ratio1=  3.532276073513766E-005 ratio2=  2.232763684170335E-004
 nchek0=           0 toler_force=  1.000000000000000E-005
 nchek=           1
 miter=         100 iiter=          19
 time: 11:10:16
                     istep=          47 iiter=          20
                     conver_load check
 resid=   12384.0111172366      retot=   19326589895934.5     
 ratio1=  2.531354974705615E-005 ratio2=  1.564692865143943E-004
 nchek0=           0 toler_force=  1.000000000000000E-005
 nchek=           1
 miter=         100 iiter=          20
 time: 11:10:16
                     istep=          47 iiter=          21
                     conver_load check
 resid=   6384.87113833592      retot=   19326590860517.5     
 ratio1=  1.817600535093904E-005 ratio2=  1.096470583870351E-004
 nchek0=           0 toler_force=  1.000000000000000E-005
 nchek=           1
 miter=         100 iiter=          21
 time: 11:10:16
                     istep=          47 iiter=          22
                     conver_load check
 resid=   3305.42920435085      retot=   19326591541494.3     
 ratio1=  1.307784831597324E-005 ratio2=  7.683400454881182E-005
 nchek0=           0 toler_force=  1.000000000000000E-005
 nchek=           1
 miter=         100 iiter=          22
 time: 11:10:16
                     istep=          47 iiter=          23
                     conver_load check
 resid=   1718.55441772411      retot=   19326592023499.9     
 ratio1=  9.429833070166903E-006 ratio2=  5.383975818688829E-005
 nchek0=           0 toler_force=  1.000000000000000E-005
 nchek=           1
 miter=         100 iiter=          23
 time: 11:10:16
                     istep=          47 iiter=          24
                     conver_load check
 resid=   897.462491485216      retot=   19326592365391.8     
 ratio1=  6.814445304242743E-006 ratio2=  3.772669487559905E-005
 nchek0=           0 toler_force=  1.000000000000000E-005
 nchek=           1
 miter=         100 iiter=          24
 time: 11:10:16
                     istep=          47 iiter=          25
                     conver_load check
 resid=   470.789989115990      retot=   19326592608328.1     
 ratio1=  4.935554633709897E-006 ratio2=  2.643578619050983E-005
 nchek0=           0 toler_force=  1.000000000000000E-005
 nchek=           1
 miter=         100 iiter=          25
 time: 11:10:16
                     istep=          47 iiter=          26
                     conver_load check
 resid=   248.095160225953      retot=   19326592781213.5     
 ratio1=  3.582873691930056E-006 ratio2=  1.852399208456997E-005
 nchek0=           0 toler_force=  1.000000000000000E-005
 nchek=           1
 miter=         100 iiter=          26
 time: 11:10:16
                     istep=          47 iiter=          27
                     conver_load check
 resid=   131.338983310018      retot=   19326592904414.3     
 ratio1=  2.606868808262457E-006 ratio2=  1.298005232935606E-005
 nchek0=           0 toler_force=  1.000000000000000E-005
 nchek=           1
 miter=         100 iiter=          27
 time: 11:10:16
                     istep=          47 iiter=          28
                     conver_load check
 resid=   69.8456922348915      retot=   19326592992318.2     
 ratio1=  1.901043972893200E-006 ratio2=  9.095323004446839E-006
 nchek0=           0 toler_force=  1.000000000000000E-005
 nchek=           0
                    conver_nodal_value check
               Convergence check for displacement
 ratio1=  3.745774899771745E-008 ratio2=  3.672874788464402E-007
 nchek=           0
 ***********RESTART FILE IS UPDATED!*******
 istep=          48
 outinp=           0
 tcurvegravity=           0           1           1           1           1
           1           1           1           1           0           0
           0           0           0           0           0           0
           0           0           0           0
 ntelgroup=           0
 Factorization completed ... 
 time: 11:10:16
                     istep=          48 iiter=           1
                     conver_load check
 resid=   16753731574.5894      retot=   20211418360985.2     
 ratio1=  2.879104183776480E-002 ratio2=  9.293007336692033E-002
 nchek0=           0 toler_force=  1.000000000000000E-005
 nchek=           1
 miter=         100 iiter=           1
 time: 11:10:16
                     istep=          48 iiter=           2
                     conver_load check
 resid=   3910974199.33875      retot=   20257706511007.2     
 ratio1=  1.389464124822215E-002 ratio2=  6.008991261668861E-002
 nchek0=           0 toler_force=  1.000000000000000E-005
 nchek=           1
 miter=         100 iiter=           2
 time: 11:10:16
                     istep=          48 iiter=           3
                     conver_load check
 resid=   1393804598.16278      retot=   20270185872188.9     
 ratio1=  8.292244155833821E-003 ratio2=  3.871468030141666E-002
 nchek0=           0 toler_force=  1.000000000000000E-005
 nchek=           1
 miter=         100 iiter=           3
 time: 11:10:16
                     istep=          48 iiter=           4
                     conver_load check
 resid=   565255526.554907      retot=   20274744324479.0     
 ratio1=  5.280131218401036E-003 ratio2=  2.392145080617847E-002
 nchek0=           0 toler_force=  1.000000000000000E-005
 nchek=           1
 miter=         100 iiter=           4
 time: 11:10:16
                     istep=          48 iiter=           5
                     conver_load check
 resid=   241150819.470870      retot=   20276642550248.9     
 ratio1=  3.448627987614150E-003 ratio2=  1.390087684709158E-002
 nchek0=           0 toler_force=  1.000000000000000E-005
 nchek=           1
 miter=         100 iiter=           5
 time: 11:10:16
                     istep=          48 iiter=           6
                     conver_load check
 resid=   108153700.194923      retot=   20277548432859.1     
 ratio1=  2.309473415637124E-003 ratio2=  8.047629846869755E-003
 nchek0=           0 toler_force=  1.000000000000000E-005
 nchek=           1
 miter=         100 iiter=           6
 time: 11:10:16
                     istep=          48 iiter=           7
                     conver_load check
 resid=   50768319.3460228      retot=   20278036244468.4     
 ratio1=  1.582280390463397E-003 ratio2=  4.640148333102970E-003
 nchek0=           0 toler_force=  1.000000000000000E-005
 nchek=           1
 miter=         100 iiter=           7
 time: 11:10:16
                     istep=          48 iiter=           8
                     conver_load check
 resid=   24812875.2126011      retot=   20278317864640.2     
 ratio1=  1.106171799639129E-003 ratio2=  2.669392695428883E-003
 nchek0=           0 toler_force=  1.000000000000000E-005
 nchek=           1
 miter=         100 iiter=           8
 time: 11:10:16
                     istep=          48 iiter=           9
                     conver_load check
 resid=   12794845.5021228      retot=   20278489633972.8     
 ratio1=  7.943277235611569E-004 ratio2=  1.934153904016468E-003
 nchek0=           0 toler_force=  1.000000000000000E-005
 nchek=           1
 miter=         100 iiter=           9
 time: 11:10:16
                     istep=          48 iiter=          10
                     conver_load check
 resid=   6851160.94923256      retot=   20278594583581.6     
 ratio1=  5.812502580766377E-004 ratio2=  1.417852227501487E-003
 nchek0=           0 toler_force=  1.000000000000000E-005
 nchek=           1
 miter=         100 iiter=          10
 time: 11:10:16
                     istep=          48 iiter=          11
                     conver_load check
 resid=   3762479.09447422      retot=   20278659468813.9     
 ratio1=  4.307422046858980E-004 ratio2=  1.067269246671529E-003
 nchek0=           0 toler_force=  1.000000000000000E-005
 nchek=           1
 miter=         100 iiter=          11
 time: 11:10:16
                     istep=          48 iiter=          12
                     conver_load check
 resid=   2105346.92376702      retot=   20278700841969.1     
 ratio1=  3.222120446732577E-004 ratio2=  8.288250990477328E-004
 nchek0=           0 toler_force=  1.000000000000000E-005
 nchek=           1
 miter=         100 iiter=          12
 time: 11:10:16
                     istep=          48 iiter=          13
                     conver_load check
 resid=   1195337.62552835      retot=   20278727879397.5     
 ratio1=  2.427867274555778E-004 ratio2=  6.425857858909223E-004
 nchek0=           0 toler_force=  1.000000000000000E-005
 nchek=           1
 miter=         100 iiter=          13
 time: 11:10:16
                     istep=          48 iiter=          14
                     conver_load check
 resid=   685763.335178934      retot=   20278745824659.5     
 ratio1=  1.838935873044035E-004 ratio2=  4.975293932046621E-004
 nchek0=           0 toler_force=  1.000000000000000E-005
 nchek=           1
 miter=         100 iiter=          14
 time: 11:10:16
                     istep=          48 iiter=          15
                     conver_load check
 resid=   396472.923668500      retot=   20278757976068.9     
 ratio1=  1.398254065343839E-004 ratio2=  3.848008115706638E-004
 nchek0=           0 toler_force=  1.000000000000000E-005
 nchek=           1
 miter=         100 iiter=          15
 time: 11:10:16
                     istep=          48 iiter=          16
                     conver_load check
 resid=   230574.701446011      retot=   20278766359418.4     
 ratio1=  1.066313878384592E-004 ratio2=  2.973510714832670E-004
 nchek0=           0 toler_force=  1.000000000000000E-005
 nchek=           1
 miter=         100 iiter=          16
 time: 11:10:16
                     istep=          48 iiter=          17
                     conver_load check
 resid=   134677.654517021      retot=   20278772240091.7     
 ratio1=  8.149424552647850E-005 ratio2=  2.296075175471388E-004
 nchek0=           0 toler_force=  1.000000000000000E-005
 nchek=           1
 miter=         100 iiter=          17
 time: 11:10:16
                     istep=          48 iiter=          18
                     conver_load check
 resid=   78973.0748427294      retot=   20278776435622.7     
 ratio1=  6.240489405153680E-005 ratio2=  1.771836404434862E-004
 nchek0=           0 toler_force=  1.000000000000000E-005
 nchek=           1
 miter=         100 iiter=          18
 time: 11:10:16
                     istep=          48 iiter=          19
                     conver_load check
 resid=   46449.2397737539      retot=   20278779457162.4     
 ratio1=  4.785952667277646E-005 ratio2=  1.366582739536208E-004
 nchek0=           0 toler_force=  1.000000000000000E-005
 nchek=           1
 miter=         100 iiter=          19
 time: 11:10:16
                     istep=          48 iiter=          20
                     conver_load check
 resid=   27387.6028546404      retot=   20278781654298.4     
 ratio1=  3.674989319383148E-005 ratio2=  1.053561445560137E-004
 nchek0=           0 toler_force=  1.000000000000000E-005
 nchek=           1
 miter=         100 iiter=          20
 time: 11:10:16
                     istep=          48 iiter=          21
                     conver_load check
 resid=   16181.5724684020      retot=   20278783265561.6     
 ratio1=  2.824811121846366E-005 ratio2=  8.119385063038543E-005
 nchek0=           0 toler_force=  1.000000000000000E-005
 nchek=           1
 miter=         100 iiter=          21
 time: 11:10:16
                     istep=          48 iiter=          22
                     conver_load check
 resid=   9577.09013088952      retot=   20278784455684.7     
 ratio1=  2.173180641695153E-005 ratio2=  6.255286960487129E-005
 nchek0=           0 toler_force=  1.000000000000000E-005
 nchek=           1
 miter=         100 iiter=          22
 time: 11:10:16
                     istep=          48 iiter=          23
                     conver_load check
 resid=   5676.44589724889      retot=   20278785340060.3     
 ratio1=  1.673082214161490E-005 ratio2=  4.817802479359345E-005
 nchek0=           0 toler_force=  1.000000000000000E-005
 nchek=           1
 miter=         100 iiter=          23
 time: 11:10:17
                     istep=          48 iiter=          24
                     conver_load check
 resid=   3368.64712944307      retot=   20278786000576.4     
 ratio1=  1.288863082311213E-005 ratio2=  3.709723750930995E-005
 nchek0=           0 toler_force=  1.000000000000000E-005
 nchek=           1
 miter=         100 iiter=          24
 time: 11:10:17
                     istep=          48 iiter=          25
                     conver_load check
 resid=   2001.21522371026      retot=   20278786496010.4     
 ratio1=  9.934040302556853E-006 ratio2=  2.855849074365475E-005
 nchek0=           0 toler_force=  1.000000000000000E-005
 nchek=           1
 miter=         100 iiter=          25
 time: 11:10:17
                     istep=          48 iiter=          26
                     conver_load check
 resid=   1189.94819282253      retot=   20278786868968.3     
 ratio1=  7.660251728436028E-006 ratio2=  2.198052120024456E-005
 nchek0=           0 toler_force=  1.000000000000000E-005
 nchek=           1
 miter=         100 iiter=          26
 time: 11:10:17
                     istep=          48 iiter=          27
                     conver_load check
 resid=   708.118325547513      retot=   20278787150593.7     
 ratio1=  5.909244075532553E-006 ratio2=  1.691437064657887E-005
 nchek0=           0 toler_force=  1.000000000000000E-005
 nchek=           1
 miter=         100 iiter=          27
 time: 11:10:17
                     istep=          48 iiter=          28
                     conver_load check
 resid=   421.680404808696      retot=   20278787363814.8     
 ratio1=  4.560061704587919E-006 ratio2=  1.301347739058904E-005
 nchek0=           0 toler_force=  1.000000000000000E-005
 nchek=           1
 miter=         100 iiter=          28
 time: 11:10:17
                     istep=          48 iiter=          29
                     conver_load check
 resid=   251.260486800420      retot=   20278787525614.5     
 ratio1=  3.519987376530168E-006 ratio2=  1.001045515728044E-005
 nchek0=           0 toler_force=  1.000000000000000E-005
 nchek=           1
 miter=         100 iiter=          29
 time: 11:10:17
                     istep=          48 iiter=          30
                     conver_load check
 resid=   149.795013663143      retot=   20278787648636.6     
 ratio1=  2.717863772017118E-006 ratio2=  7.699091369364112E-006
 nchek0=           0 toler_force=  1.000000000000000E-005
 nchek=           0
                    conver_nodal_value check
               Convergence check for displacement
 ratio1=  1.054616866926621E-007 ratio2=  5.803093347592267E-007
 nchek=           0
 ***********RESTART FILE IS UPDATED!*******
 istep=          49
 outinp=           0
 tcurvegravity=           0           1           1           1           1
           1           1           1           1           0           0
           0           0           0           0           0           0
           0           0           0           0
 ntelgroup=           0
 Factorization completed ... 
 time: 11:10:17
                     istep=          49 iiter=           1
                     conver_load check
 resid=   18930234308.2387      retot=   21185085291658.0     
 ratio1=  2.989254462964679E-002 ratio2=  7.337666941668912E-002
 nchek0=           0 toler_force=  1.000000000000000E-005
 nchek=           1
 miter=         100 iiter=           1
 time: 11:10:17
                     istep=          49 iiter=           2
                     conver_load check
 resid=   5137472939.47533      retot=   21231990628808.1     
 ratio1=  1.555533672753133E-002 ratio2=  3.571344449896048E-002
 nchek0=           0 toler_force=  1.000000000000000E-005
 nchek=           1
 miter=         100 iiter=           2
 time: 11:10:17
                     istep=          49 iiter=           3
                     conver_load check
 resid=   1898233573.19158      retot=   21245572083679.4     
 ratio1=  9.452367759059409E-003 ratio2=  2.182216171998919E-002
 nchek0=           0 toler_force=  1.000000000000000E-005
 nchek=           1
 miter=         100 iiter=           3
 time: 11:10:17
                     istep=          49 iiter=           4
                     conver_load check
 resid=   774493764.297297      retot=   21251359534700.9     
 ratio1=  6.036922538259070E-003 ratio2=  1.546886699637222E-002
 nchek0=           0 toler_force=  1.000000000000000E-005
 nchek=           1
 miter=         100 iiter=           4
 time: 11:10:17
                     istep=          49 iiter=           5
                     conver_load check
 resid=   344988343.066607      retot=   21254284521718.3     
 ratio1=  4.028830213924917E-003 ratio2=  1.110249707773447E-002
 nchek0=           0 toler_force=  1.000000000000000E-005
 nchek=           1
 miter=         100 iiter=           5
 time: 11:10:17
                     istep=          49 iiter=           6
                     conver_load check
 resid=   168912113.021336      retot=   21255881322998.0     
 ratio1=  2.818972499208539E-003 ratio2=  8.107289580431269E-003
 nchek0=           0 toler_force=  1.000000000000000E-005
 nchek=           1
 miter=         100 iiter=           6
 time: 11:10:17
                     istep=          49 iiter=           7
                     conver_load check
 resid=   89806296.9348090      retot=   21256788340454.7     
 ratio1=  2.055438895245152E-003 ratio2=  6.012586475178595E-003
 nchek0=           0 toler_force=  1.000000000000000E-005
 nchek=           1
 miter=         100 iiter=           7
 time: 11:10:17
                     istep=          49 iiter=           8
                     conver_load check
 resid=   50800343.6566892      retot=   21257323304235.6     
 ratio1=  1.545891595996072E-003 ratio2=  4.774889837501989E-003
 nchek0=           0 toler_force=  1.000000000000000E-005
 nchek=           1
 miter=         100 iiter=           8
 time: 11:10:17
                     istep=          49 iiter=           9
                     conver_load check
 resid=   30082467.7664975      retot=   21257650058289.9     
 ratio1=  1.189594926468234E-003 ratio2=  3.829432409250994E-003
 nchek0=           0 toler_force=  1.000000000000000E-005
 nchek=           1
 miter=         100 iiter=           9
 time: 11:10:17
                     istep=          49 iiter=          10
                     conver_load check
 resid=   18424918.4705991      retot=   21257858077217.7     
 ratio1=  9.309857547191829E-004 ratio2=  3.040696979372533E-003
 nchek0=           0 toler_force=  1.000000000000000E-005
 nchek=           1
 miter=         100 iiter=          10
 time: 11:10:17
                     istep=          49 iiter=          11
                     conver_load check
 resid=   11572315.3228870      retot=   21257994742624.1     
 ratio1=  7.378175507603951E-004 ratio2=  2.402200160486769E-003
 nchek0=           0 toler_force=  1.000000000000000E-005
 nchek=           1
 miter=         100 iiter=          11
 time: 11:10:17
                     istep=          49 iiter=          12
                     conver_load check
 resid=   7402268.16960220      retot=   21258086972101.1     
 ratio1=  5.900928026301605E-004 ratio2=  1.893560139115002E-003
 nchek0=           0 toler_force=  1.000000000000000E-005
 nchek=           1
 miter=         100 iiter=          12
 time: 11:10:17
                     istep=          49 iiter=          13
                     conver_load check
 resid=   4798057.31437213      retot=   21258150847670.7     
 ratio1=  4.750835286320707E-004 ratio2=  1.491822210080903E-003
 nchek0=           0 toler_force=  1.000000000000000E-005
 nchek=           1
 miter=         100 iiter=          13
 time: 11:10:17
                     istep=          49 iiter=          14
                     conver_load check
 resid=   3140177.68626729      retot=   21258196180750.7     
 ratio1=  3.843385136886444E-004 ratio2=  1.175879063020852E-003
 nchek0=           0 toler_force=  1.000000000000000E-005
 nchek=           1
 miter=         100 iiter=          14
 time: 11:10:17
                     istep=          49 iiter=          15
                     conver_load check
 resid=   2069841.93324749      retot=   21258229080525.8     
 ratio1=  3.120362494389208E-004 ratio2=  9.278422533267336E-004
 nchek0=           0 toler_force=  1.000000000000000E-005
 nchek=           1
 miter=         100 iiter=          15
 time: 11:10:17
                     istep=          49 iiter=          16
                     conver_load check
 resid=   1371650.62252266      retot=   21258253425717.1     
 ratio1=  2.540141807112718E-004 ratio2=  7.331550878978464E-004
 nchek0=           0 toler_force=  1.000000000000000E-005
 nchek=           1
 miter=         100 iiter=          16
 time: 11:10:17
                     istep=          49 iiter=          17
                     conver_load check
 resid=   912691.499467551      retot=   21258271741542.4     
 ratio1=  2.072039478218753E-004 ratio2=  5.802298242796639E-004
 nchek0=           0 toler_force=  1.000000000000000E-005
 nchek=           1
 miter=         100 iiter=          17
 time: 11:10:17
                     istep=          49 iiter=          18
                     conver_load check
 resid=   609232.332545573      retot=   21258285714317.2     
 ratio1=  1.692884591068892E-004 ratio2=  4.663194390152737E-004
 nchek0=           0 toler_force=  1.000000000000000E-005
 nchek=           1
 miter=         100 iiter=          18
 time: 11:10:17
                     istep=          49 iiter=          19
                     conver_load check
 resid=   407691.800566193      retot=   21258296498028.3     
 ratio1=  1.384846885149025E-004 ratio2=  3.800393813197491E-004
 nchek0=           0 toler_force=  1.000000000000000E-005
 nchek=           1
 miter=         100 iiter=          19
 time: 11:10:17
                     istep=          49 iiter=          20
                     conver_load check
 resid=   273374.965037465      retot=   21258304900679.8     
 ratio1=  1.134005221868486E-004 ratio2=  3.101431732128040E-004
 nchek0=           0 toler_force=  1.000000000000000E-005
 nchek=           1
 miter=         100 iiter=          20
 time: 11:10:17
                     istep=          49 iiter=          21
                     conver_load check
 resid=   183613.736038410      retot=   21258311500025.2     
 ratio1=  9.293690393057702E-005 ratio2=  2.533792903716239E-004
 nchek0=           0 toler_force=  1.000000000000000E-005
 nchek=           1
 miter=         100 iiter=          21
 time: 11:10:17
                     istep=          49 iiter=          22
                     conver_load check
 resid=   123495.850601027      retot=   21258316717042.9     
 ratio1=  7.621873672110148E-005 ratio2=  2.071896781184822E-004
 nchek0=           0 toler_force=  1.000000000000000E-005
 nchek=           1
 miter=         100 iiter=          22
 time: 11:10:17
                     istep=          49 iiter=          23
                     conver_load check
 resid=   83159.1332134565      retot=   21258320863628.1     
 ratio1=  6.254469774218718E-005 ratio2=  1.695453747038889E-004
 nchek0=           0 toler_force=  1.000000000000000E-005
 nchek=           1
 miter=         100 iiter=          23
 time: 11:10:17
                     istep=          49 iiter=          24
                     conver_load check
 resid=   56054.2398164760      retot=   21258324174232.2     
 ratio1=  5.134991403626749E-005 ratio2=  1.388265250428932E-004
 nchek0=           0 toler_force=  1.000000000000000E-005
 nchek=           1
 miter=         100 iiter=          24
 time: 11:10:17
                     istep=          49 iiter=          25
                     conver_load check
 resid=   37817.5946524704      retot=   21258326827305.7     
 ratio1=  4.217765318892395E-005 ratio2=  1.137331339346807E-004
 nchek0=           0 toler_force=  1.000000000000000E-005
 nchek=           1
 miter=         100 iiter=          25
 time: 11:10:17
                     istep=          49 iiter=          26
                     conver_load check
 resid=   25534.2888431722      retot=   21258328960128.7     
 ratio1=  3.465750717260252E-005 ratio2=  9.321757048010841E-005
 nchek0=           0 toler_force=  1.000000000000000E-005
 nchek=           1
 miter=         100 iiter=          26
 time: 11:10:17
                     istep=          49 iiter=          27
                     conver_load check
 resid=   17252.9829417261      retot=   21258330679268.6     
 ratio1=  2.848836449497314E-005 ratio2=  7.643278561359753E-005
 nchek0=           0 toler_force=  1.000000000000000E-005
 nchek=           1
 miter=         100 iiter=          27
 time: 11:10:17
                     istep=          49 iiter=          28
                     conver_load check
 resid=   11665.0826546463      retot=   21258332068086.5     
 ratio1=  2.342498475074686E-005 ratio2=  6.269210119664868E-005
 nchek0=           0 toler_force=  1.000000000000000E-005
 nchek=           1
 miter=         100 iiter=          28
 time: 11:10:17
                     istep=          49 iiter=          29
                     conver_load check
 resid=   7891.73016454536      retot=   21258333192213.5     
 ratio1=  1.926732880407181E-005 ratio2=  5.143766976199087E-005
 nchek0=           0 toler_force=  1.000000000000000E-005
 nchek=           1
 miter=         100 iiter=          29
 time: 11:10:17
                     istep=          49 iiter=          30
                     conver_load check
 resid=   5341.93702398209      retot=   21258334103604.9     
 ratio1=  1.585202570010698E-005 ratio2=  4.221553086751980E-005
 nchek0=           0 toler_force=  1.000000000000000E-005
 nchek=           1
 miter=         100 iiter=          30
 time: 11:10:17
                     istep=          49 iiter=          31
                     conver_load check
 resid=   3617.85934623871      retot=   21258334843580.7     
 ratio1=  1.304551467134862E-005 ratio2=  3.465575211677606E-005
 nchek0=           0 toler_force=  1.000000000000000E-005
 nchek=           1
 miter=         100 iiter=          31
 time: 11:10:17
                     istep=          49 iiter=          32
                     conver_load check
 resid=   2451.41851624159      retot=   21258335445132.8     
 ratio1=  1.073851191151566E-005 ratio2=  2.845653278521749E-005
 nchek0=           0 toler_force=  1.000000000000000E-005
 nchek=           1
 miter=         100 iiter=          32
 time: 11:10:17
                     istep=          49 iiter=          33
                     conver_load check
 resid=   1661.82141443089      retot=   21258335934691.4     
 ratio1=  8.841532398321164E-006 ratio2=  2.337142392942254E-005
 nchek0=           0 toler_force=  1.000000000000000E-005
 nchek=           1
 miter=         100 iiter=          33
 time: 11:10:17
                     istep=          49 iiter=          34
                     conver_load check
 resid=   1127.04680168808      retot=   21258336333492.1     
 ratio1=  7.281256636246276E-006 ratio2=  1.919901796633225E-005
 nchek0=           0 toler_force=  1.000000000000000E-005
 nchek=           1
 miter=         100 iiter=          34
 time: 11:10:17
                     istep=          49 iiter=          35
                     conver_load check
 resid=   764.682145490959      retot=   21258336658638.2     
 ratio1=  5.997577032825814E-006 ratio2=  1.577460702437431E-005
 nchek0=           0 toler_force=  1.000000000000000E-005
 nchek=           1
 miter=         100 iiter=          35
 time: 11:10:17
                     istep=          49 iiter=          36
                     conver_load check
 resid=   519.030525199960      retot=   21258336923935.3     
 ratio1=  4.941192882765994E-006 ratio2=  1.296341868669800E-005
 nchek0=           0 toler_force=  1.000000000000000E-005
 nchek=           1
 miter=         100 iiter=          36
 time: 11:10:17
                     istep=          49 iiter=          37
                     conver_load check
 resid=   352.427711759525      retot=   21258337140547.3     
 ratio1=  4.071649446939964E-006 ratio2=  1.065512063551008E-005
 nchek0=           0 toler_force=  1.000000000000000E-005
 nchek=           1
 miter=         100 iiter=          37
 time: 11:10:17
                     istep=          49 iiter=          38
                     conver_load check
 resid=   239.389564937669      retot=   21258337317517.0     
 ratio1=  3.355737342517486E-006 ratio2=  8.759349357964013E-006
 nchek0=           0 toler_force=  1.000000000000000E-005
 nchek=           0
                    conver_nodal_value check
               Convergence check for displacement
 ratio1=  1.738520170686052E-007 ratio2=  8.494787112812975E-007
 nchek=           0
 ***********RESTART FILE IS UPDATED!*******
 istep=          50
 outinp=           0
 tcurvegravity=           0           1           1           1           1
           1           1           1           1           0           0
           0           0           0           0           0           0
           0           0           0           0
 ntelgroup=           0
 Factorization completed ... 
 time: 11:10:18
                     istep=          50 iiter=           1
                     conver_load check
 resid=   26315197780.6315      retot=   22192335647774.1     
 ratio1=  3.443513683597831E-002 ratio2=  7.000665260433424E-002
 nchek0=           0 toler_force=  1.000000000000000E-005
 nchek=           1
 miter=         100 iiter=           1
 time: 11:10:18
                     istep=          50 iiter=           2
                     conver_load check
 resid=   8738870953.40397      retot=   22243773482607.3     
 ratio1=  1.982090277199037E-002 ratio2=  4.914255069565240E-002
 nchek0=           0 toler_force=  1.000000000000000E-005
 nchek=           1
 miter=         100 iiter=           2
 time: 11:10:18
                     istep=          50 iiter=           3
                     conver_load check
 resid=   3785128734.80444      retot=   22261369905366.0     
 ratio1=  1.303960345348862E-002 ratio2=  3.684809939172767E-002
 nchek0=           0 toler_force=  1.000000000000000E-005
 nchek=           1
 miter=         100 iiter=           3
 time: 11:10:18
                     istep=          50 iiter=           4
                     conver_load check
 resid=   1900009379.61209      retot=   22270061431362.1     
 ratio1=  9.236706946106090E-003 ratio2=  2.854428385623151E-002
 nchek0=           0 toler_force=  1.000000000000000E-005
 nchek=           1
 miter=         100 iiter=           4
 time: 11:10:18
                     istep=          50 iiter=           5
                     conver_load check
 resid=   1058531148.99525      retot=   22274782094171.3     
 ratio1=  6.893584272138945E-003 ratio2=  2.189126320843271E-002
 nchek0=           0 toler_force=  1.000000000000000E-005
 nchek=           1
 miter=         100 iiter=           5
 time: 11:10:18
                     istep=          50 iiter=           6
                     conver_load check
 resid=   642216803.561352      retot=   22277527379294.6     
 ratio1=  5.369172279309765E-003 ratio2=  1.721761748957325E-002
 nchek0=           0 toler_force=  1.000000000000000E-005
 nchek=           1
 miter=         100 iiter=           6
 time: 11:10:18
                     istep=          50 iiter=           7
                     conver_load check
 resid=   411525757.187491      retot=   22279188339219.8     
 ratio1=  4.297826000598360E-003 ratio2=  1.374463464463227E-002
 nchek0=           0 toler_force=  1.000000000000000E-005
 nchek=           1
 miter=         100 iiter=           7
 time: 11:10:18
                     istep=          50 iiter=           8
                     conver_load check
 resid=   272812257.974432      retot=   22280235530164.3     
 ratio1=  3.499226472646735E-003 ratio2=  1.108553299364248E-002
 nchek0=           0 toler_force=  1.000000000000000E-005
 nchek=           1
 miter=         100 iiter=           8
 time: 11:10:18
                     istep=          50 iiter=           9
                     conver_load check
 resid=   184607378.581225      retot=   22280923421093.6     
 ratio1=  2.878444994202601E-003 ratio2=  9.008324217043348E-003
 nchek0=           0 toler_force=  1.000000000000000E-005
 nchek=           1
 miter=         100 iiter=           9
 time: 11:10:18
                     istep=          50 iiter=          10
                     conver_load check
 resid=   125154436.143699      retot=   22281389683435.0     
 ratio1=  2.370019868826544E-003 ratio2=  7.361912117692372E-003
 nchek0=           0 toler_force=  1.000000000000000E-005
 nchek=           1
 miter=         100 iiter=          10
 time: 11:10:18
                     istep=          50 iiter=          11
                     conver_load check
 resid=   81469886.7203370      retot=   22281724257672.4     
 ratio1=  1.912159689424616E-003 ratio2=  6.037226055873904E-003
 nchek0=           0 toler_force=  1.000000000000000E-005
 nchek=           1
 miter=         100 iiter=          11
 time: 11:10:18
                     istep=          50 iiter=          12
                     conver_load check
 resid=   53661606.7809247      retot=   22281989982074.0     
 ratio1=  1.551868253770213E-003 ratio2=  4.948734048399572E-003
 nchek0=           0 toler_force=  1.000000000000000E-005
 nchek=           1
 miter=         100 iiter=          12
 time: 11:10:18
                     istep=          50 iiter=          13
                     conver_load check
 resid=   35333380.4498018      retot=   22282194743075.1     
 ratio1=  1.259254791527062E-003 ratio2=  4.053724589853736E-003
 nchek0=           0 toler_force=  1.000000000000000E-005
 nchek=           1
 miter=         100 iiter=          13
 time: 11:10:18
                     istep=          50 iiter=          14
                     conver_load check
 resid=   23032198.1221603      retot=   22282353806089.9     
 ratio1=  1.016686743661513E-003 ratio2=  3.316938996321249E-003
 nchek0=           0 toler_force=  1.000000000000000E-005
 nchek=           1
 miter=         100 iiter=          14
 time: 11:10:18
                     istep=          50 iiter=          15
                     conver_load check
 resid=   14994435.7492345      retot=   22282484125201.7     
 ratio1=  8.203199259811545E-004 ratio2=  2.706844427612972E-003
 nchek0=           0 toler_force=  1.000000000000000E-005
 nchek=           1
 miter=         100 iiter=          15
 time: 11:10:18
                     istep=          50 iiter=          16
                     conver_load check
 resid=   9759504.87897164      retot=   22282587995002.7     
 ratio1=  6.618065751598281E-004 ratio2=  2.203444650715758E-003
 nchek0=           0 toler_force=  1.000000000000000E-005
 nchek=           1
 miter=         100 iiter=          16
 time: 11:10:18
                     istep=          50 iiter=          17
                     conver_load check
 resid=   6381717.14996041      retot=   22282668589624.6     
 ratio1=  5.351618855470833E-004 ratio2=  1.790707026102621E-003
 nchek0=           0 toler_force=  1.000000000000000E-005
 nchek=           1
 miter=         100 iiter=          17
 time: 11:10:18
                     istep=          50 iiter=          18
                     conver_load check
 resid=   4188148.93439934      retot=   22282730816822.1     
 ratio1=  4.335376824218711E-004 ratio2=  1.453895494070473E-003
 nchek0=           0 toler_force=  1.000000000000000E-005
 nchek=           1
 miter=         100 iiter=          18
 time: 11:10:18
                     istep=          50 iiter=          19
                     conver_load check
 resid=   2756409.95791266      retot=   22282778866479.5     
 ratio1=  3.517120354083026E-004 ratio2=  1.179951633537851E-003
 nchek0=           0 toler_force=  1.000000000000000E-005
 nchek=           1
 miter=         100 iiter=          19
 time: 11:10:18
                     istep=          50 iiter=          20
                     conver_load check
 resid=   1818315.90740072      retot=   22282816014684.9     
 ratio1=  2.856601315590578E-004 ratio2=  9.576031446157470E-004
 nchek0=           0 toler_force=  1.000000000000000E-005
 nchek=           1
 miter=         100 iiter=          20
 time: 11:10:18
                     istep=          50 iiter=          21
                     conver_load check
 resid=   1201759.15321312      retot=   22282844821541.2     
 ratio1=  2.322327160190485E-004 ratio2=  7.773319485002424E-004
 nchek0=           0 toler_force=  1.000000000000000E-005
 nchek=           1
 miter=         100 iiter=          21
 time: 11:10:18
                     istep=          50 iiter=          22
                     conver_load check
 resid=   795511.306242110      retot=   22282867234891.7     
 ratio1=  1.889459737134539E-004 ratio2=  6.312396556054651E-004
 nchek0=           0 toler_force=  1.000000000000000E-005
 nchek=           1
 miter=         100 iiter=          22
 time: 11:10:18
                     istep=          50 iiter=          23
                     conver_load check
 resid=   527289.160189983      retot=   22282884739387.7     
 ratio1=  1.538291763705382E-004 ratio2=  5.128439239846027E-004
 nchek0=           0 toler_force=  1.000000000000000E-005
 nchek=           1
 miter=         100 iiter=          23
 time: 11:10:18
                     istep=          50 iiter=          24
                     conver_load check
 resid=   349896.892753304      retot=   22282898456048.6     
 ratio1=  1.253095592038619E-004 ratio2=  4.168675594006330E-004
 nchek0=           0 toler_force=  1.000000000000000E-005
 nchek=           1
 miter=         100 iiter=          24
 time: 11:10:18
                     istep=          50 iiter=          25
                     conver_load check
 resid=   232410.678316285      retot=   22282909235406.5     
 ratio1=  1.021273571701632E-004 ratio2=  3.390326281819765E-004
 nchek0=           0 toler_force=  1.000000000000000E-005
 nchek=           1
 miter=         100 iiter=          25
 time: 11:10:18
                     istep=          50 iiter=          26
                     conver_load check
 resid=   154505.864404940      retot=   22282917733432.5     
 ratio1=  8.326959561762309E-005 ratio2=  2.758760297354436E-004
 nchek0=           0 toler_force=  1.000000000000000E-005
 nchek=           1
 miter=         100 iiter=          26
 time: 11:10:18
                     istep=          50 iiter=          27
                     conver_load check
 resid=   102795.359335934      retot=   22282924453030.2     
 ratio1=  6.792046657034977E-005 ratio2=  2.245994273362040E-004
 nchek0=           0 toler_force=  1.000000000000000E-005
 nchek=           1
 miter=         100 iiter=          27
 time: 11:10:18
                     istep=          50 iiter=          28
                     conver_load check
 resid=   68437.5395762478      retot=   22282929784596.2     
 ratio1=  5.541930153453961E-005 ratio2=  1.829429362810506E-004
 nchek0=           0 toler_force=  1.000000000000000E-005
 nchek=           1
 miter=         100 iiter=          28
 time: 11:10:18
                     istep=          50 iiter=          29
                     conver_load check
 resid=   45592.2102422345      retot=   22282934022177.1     
 ratio1=  4.523338991001472E-005 ratio2=  1.490814778815222E-004
 nchek0=           0 toler_force=  1.000000000000000E-005
 nchek=           1
 miter=         100 iiter=          29
 time: 11:10:18
                     istep=          50 iiter=          30
                     conver_load check
 resid=   30390.9612868330      retot=   22282937398249.6     
 ratio1=  3.693056896381266E-005 ratio2=  1.215404831610513E-004
 nchek0=           0 toler_force=  1.000000000000000E-005
 nchek=           1
 miter=         100 iiter=          30
 time: 11:10:18
                     istep=          50 iiter=          31
                     conver_load check
 resid=   20269.4548750767      retot=   22282940093779.1     
 ratio1=  3.016023965446347E-005 ratio2=  9.912785240985585E-005
 nchek0=           0 toler_force=  1.000000000000000E-005
 nchek=           1
 miter=         100 iiter=          31
 time: 11:10:18
                     istep=          50 iiter=          32
                     conver_load check
 resid=   13526.1234217098      retot=   22282942250177.1     
 ratio1=  2.463771377636592E-005 ratio2=  8.087914936718334E-005
 nchek0=           0 toler_force=  1.000000000000000E-005
 nchek=           1
 miter=         100 iiter=          32
 time: 11:10:18
                     istep=          50 iiter=          33
                     conver_load check
 resid=   9030.89674738545      retot=   22282943978357.9     
 ratio1=  2.013163993657615E-005 ratio2=  6.601351959801852E-005
 nchek0=           0 toler_force=  1.000000000000000E-005
 nchek=           1
 miter=         100 iiter=          33
 time: 11:10:18
                     istep=          50 iiter=          34
                     conver_load check
 resid=   6032.66915174460      retot=   22282945365605.3     
 ratio1=  1.645388495096098E-005 ratio2=  5.389825089402301E-005
 nchek0=           0 toler_force=  1.000000000000000E-005
 nchek=           1
 miter=         100 iiter=          34
 time: 11:10:18
                     istep=          50 iiter=          35
                     conver_load check
 resid=   4031.86393048020      retot=   22282946480818.0     
 ratio1=  1.345137328536315E-005 ratio2=  4.402027439016134E-005
 nchek0=           0 toler_force=  1.000000000000000E-005
 nchek=           1
 miter=         100 iiter=          35
 time: 11:10:18
                     istep=          50 iiter=          36
                     conver_load check
 resid=   2695.98826298209      retot=   22282947378536.4     
 ratio1=  1.099949334362638E-005 ratio2=  3.596323285355045E-005
 nchek0=           0 toler_force=  1.000000000000000E-005
 nchek=           1
 miter=         100 iiter=          36
 time: 11:10:18
                     istep=          50 iiter=          37
                     conver_load check
 resid=   1803.62010046574      retot=   22282948102048.1     
 ratio1=  8.996761525920058E-006 ratio2=  2.938901333874126E-005
 nchek0=           0 toler_force=  1.000000000000000E-005
 nchek=           1
 miter=         100 iiter=          37
 time: 11:10:18
                     istep=          50 iiter=          38
                     conver_load check
 resid=   1207.22197548656      retot=   22282948685792.9     
 ratio1=  7.360498629027240E-006 ratio2=  2.402286113560411E-005
 nchek0=           0 toler_force=  1.000000000000000E-005
 nchek=           1
 miter=         100 iiter=          38
 time: 11:10:18
                     istep=          50 iiter=          39
                     conver_load check
 resid=   808.434710536690      retot=   22282949157232.3     
 ratio1=  6.023322840233372E-006 ratio2=  1.964136867243857E-005
 nchek0=           0 toler_force=  1.000000000000000E-005
 nchek=           1
 miter=         100 iiter=          39
 time: 11:10:18
                     istep=          50 iiter=          40
                     conver_load check
 resid=   541.651349346234      retot=   22282949538308.4     
 ratio1=  4.930302613024539E-006 ratio2=  1.606277448464316E-005
 nchek0=           0 toler_force=  1.000000000000000E-005
 nchek=           1
 miter=         100 iiter=          40
 time: 11:10:18
                     istep=          50 iiter=          41
                     conver_load check
 resid=   363.089334122732      retot=   22282949846586.1     
 ratio1=  4.036643578110941E-006 ratio2=  1.313912030810201E-005
 nchek0=           0 toler_force=  1.000000000000000E-005
 nchek=           1
 miter=         100 iiter=          41
 time: 11:10:18
                     istep=          50 iiter=          42
                     conver_load check
 resid=   243.516270882816      retot=   22282950096150.2     
 ratio1=  3.305808168324108E-006 ratio2=  1.074990441339677E-005
 nchek0=           0 toler_force=  1.000000000000000E-005
 nchek=           1
 miter=         100 iiter=          42
 time: 11:10:18
                     istep=          50 iiter=          43
                     conver_load check
 resid=   163.405093147191      retot=   22282950298312.3     
 ratio1=  2.707986211203455E-006 ratio2=  8.796941125395810E-006
 nchek0=           0 toler_force=  1.000000000000000E-005
 nchek=           0
                    conver_nodal_value check
               Convergence check for displacement
 ratio1=  1.820990477858149E-007 ratio2=  8.148183309901004E-007
 nchek=           0
 ***********RESTART FILE IS UPDATED!*******
 time: 11:10:19
 time: 11:09:49
