       1       1       2      53      52    1
       2       2       3      54      53    1
       3       3       4      55      54    1
       4       4       5      56      55    1
       5       5       6      57      56    1
       6       6       7      58      57    1
       7       7       8      59      58    1
       8       8       9      60      59    1
       9       9      10      61      60    1
      10      10      11      62      61    1
      11      11      12      63      62    1
      12      12      13      64      63    1
      13      13      14      65      64    1
      14      14      15      66      65    1
      15      15      16      67      66    1
      16      16      17      68      67    1
      17      17      18      69      68    1
      18      18      19      70      69    1
      19      19      20      71      70    1
      20      20      21      72      71    1
      21      21      22      73      72    1
      22      22      23      74      73    1
      23      23      24      75      74    1
      24      24      25      76      75    1
      25      25      26      77      76    1
      26      26      27      78      77    1
      27      27      28      79      78    1
      28      28      29      80      79    1
      29      29      30      81      80    1
      30      30      31      82      81    1
      31      31      32      83      82    1
      32      32      33      84      83    1
      33      33      34      85      84    1
      34      34      35      86      85    1
      35      35      36      87      86    1
      36      36      37      88      87    1
      37      37      38      89      88    1
      38      38      39      90      89    1
      39      39      40      91      90    1
      40      40      41      92      91    1
      41      41      42      93      92    1
      42      42      43      94      93    1
      43      43      44      95      94    1
      44      44      45      96      95    1
      45      45      46      97      96    1
      46      46      47      98      97    1
      47      47      48      99      98    1
      48      48      49     100      99    1
      49      49      50     101     100    1
      50      50      51     102     101    1
      51      52      53     104     103    1
      52      53      54     105     104    1
      53      54      55     106     105    1
      54      55      56     107     106    1
      55      56      57     108     107    1
      56      57      58     109     108    1
      57      58      59     110     109    1
      58      59      60     111     110    1
      59      60      61     112     111    1
      60      61      62     113     112    1
      61      62      63     114     113    1
      62      63      64     115     114    1
      63      64      65     116     115    1
      64      65      66     117     116    1
      65      66      67     118     117    1
      66      67      68     119     118    1
      67      68      69     120     119    1
      68      69      70     121     120    1
      69      70      71     122     121    1
      70      71      72     123     122    1
      71      72      73     124     123    1
      72      73      74     125     124    1
      73      74      75     126     125    1
      74      75      76     127     126    1
      75      76      77     128     127    1
      76      77      78     129     128    1
      77      78      79     130     129    1
      78      79      80     131     130    1
      79      80      81     132     131    1
      80      81      82     133     132    1
      81      82      83     134     133    1
      82      83      84     135     134    1
      83      84      85     136     135    1
      84      85      86     137     136    1
      85      86      87     138     137    1
      86      87      88     139     138    1
      87      88      89     140     139    1
      88      89      90     141     140    1
      89      90      91     142     141    1
      90      91      92     143     142    1
      91      92      93     144     143    1
      92      93      94     145     144    1
      93      94      95     146     145    1
      94      95      96     147     146    1
      95      96      97     148     147    1
      96      97      98     149     148    1
      97      98      99     150     149    1
      98      99     100     151     150    1
      99     100     101     152     151    1
     100     101     102     153     152    1
     101     103     104     155     154    1
     102     104     105     156     155    1
     103     105     106     157     156    1
     104     106     107     158     157    1
     105     107     108     159     158    1
     106     108     109     160     159    1
     107     109     110     161     160    1
     108     110     111     162     161    1
     109     111     112     163     162    1
     110     112     113     164     163    1
     111     113     114     165     164    1
     112     114     115     166     165    1
     113     115     116     167     166    1
     114     116     117     168     167    1
     115     117     118     169     168    1
     116     118     119     170     169    1
     117     119     120     171     170    1
     118     120     121     172     171    1
     119     121     122     173     172    1
     120     122     123     174     173    1
     121     123     124     175     174    1
     122     124     125     176     175    1
     123     125     126     177     176    1
     124     126     127     178     177    1
     125     127     128     179     178    1
     126     128     129     180     179    1
     127     129     130     181     180    1
     128     130     131     182     181    1
     129     131     132     183     182    1
     130     132     133     184     183    1
     131     133     134     185     184    1
     132     134     135     186     185    1
     133     135     136     187     186    1
     134     136     137     188     187    1
     135     137     138     189     188    1
     136     138     139     190     189    1
     137     139     140     191     190    1
     138     140     141     192     191    1
     139     141     142     193     192    1
     140     142     143     194     193    1
     141     143     144     195     194    1
     142     144     145     196     195    1
     143     145     146     197     196    1
     144     146     147     198     197    1
     145     147     148     199     198    1
     146     148     149     200     199    1
     147     149     150     201     200    1
     148     150     151     202     201    1
     149     151     152     203     202    1
     150     152     153     204     203    1
     151     154     155     206     205    1
     152     155     156     207     206    1
     153     156     157     208     207    1
     154     157     158     209     208    1
     155     158     159     210     209    1
     156     159     160     211     210    1
     157     160     161     212     211    1
     158     161     162     213     212    1
     159     162     163     214     213    1
     160     163     164     215     214    1
     161     164     165     216     215    1
     162     165     166     217     216    1
     163     166     167     218     217    1
     164     167     168     219     218    1
     165     168     169     220     219    1
     166     169     170     221     220    1
     167     170     171     222     221    1
     168     171     172     223     222    1
     169     172     173     224     223    1
     170     173     174     225     224    1
     171     174     175     226     225    1
     172     175     176     227     226    1
     173     176     177     228     227    1
     174     177     178     229     228    1
     175     178     179     230     229    1
     176     179     180     231     230    1
     177     180     181     232     231    1
     178     181     182     233     232    1
     179     182     183     234     233    1
     180     183     184     235     234    1
     181     184     185     236     235    1
     182     185     186     237     236    1
     183     186     187     238     237    1
     184     187     188     239     238    1
     185     188     189     240     239    1
     186     189     190     241     240    1
     187     190     191     242     241    1
     188     191     192     243     242    1
     189     192     193     244     243    1
     190     193     194     245     244    1
     191     194     195     246     245    1
     192     195     196     247     246    1
     193     196     197     248     247    1
     194     197     198     249     248    1
     195     198     199     250     249    1
     196     199     200     251     250    1
     197     200     201     252     251    1
     198     201     202     253     252    1
     199     202     203     254     253    1
     200     203     204     255     254    1
     201     205     206     257     256    1
     202     206     207     258     257    1
     203     207     208     259     258    1
     204     208     209     260     259    1
     205     209     210     261     260    1
     206     210     211     262     261    1
     207     211     212     263     262    1
     208     212     213     264     263    1
     209     213     214     265     264    1
     210     214     215     266     265    1
     211     215     216     267     266    1
     212     216     217     268     267    1
     213     217     218     269     268    1
     214     218     219     270     269    1
     215     219     220     271     270    1
     216     220     221     272     271    1
     217     221     222     273     272    1
     218     222     223     274     273    1
     219     223     224     275     274    1
     220     224     225     276     275    1
     221     225     226     277     276    1
     222     226     227     278     277    1
     223     227     228     279     278    1
     224     228     229     280     279    1
     225     229     230     281     280    1
     226     230     231     282     281    1
     227     231     232     283     282    1
     228     232     233     284     283    1
     229     233     234     285     284    1
     230     234     235     286     285    1
     231     235     236     287     286    1
     232     236     237     288     287    1
     233     237     238     289     288    1
     234     238     239     290     289    1
     235     239     240     291     290    1
     236     240     241     292     291    1
     237     241     242     293     292    1
     238     242     243     294     293    1
     239     243     244     295     294    1
     240     244     245     296     295    1
     241     245     246     297     296    1
     242     246     247     298     297    1
     243     247     248     299     298    1
     244     248     249     300     299    1
     245     249     250     301     300    1
     246     250     251     302     301    1
     247     251     252     303     302    1
     248     252     253     304     303    1
     249     253     254     305     304    1
     250     254     255     306     305    1
     251     256     257     308     307    1
     252     257     258     309     308    1
     253     258     259     310     309    1
     254     259     260     311     310    1
     255     260     261     312     311    1
     256     261     262     313     312    1
     257     262     263     314     313    1
     258     263     264     315     314    1
     259     264     265     316     315    1
     260     265     266     317     316    1
     261     266     267     318     317    1
     262     267     268     319     318    1
     263     268     269     320     319    1
     264     269     270     321     320    1
     265     270     271     322     321    1
     266     271     272     323     322    1
     267     272     273     324     323    1
     268     273     274     325     324    1
     269     274     275     326     325    1
     270     275     276     327     326    1
     271     276     277     328     327    1
     272     277     278     329     328    1
     273     278     279     330     329    1
     274     279     280     331     330    1
     275     280     281     332     331    1
     276     281     282     333     332    1
     277     282     283     334     333    1
     278     283     284     335     334    1
     279     284     285     336     335    1
     280     285     286     337     336    1
     281     286     287     338     337    1
     282     287     288     339     338    1
     283     288     289     340     339    1
     284     289     290     341     340    1
     285     290     291     342     341    1
     286     291     292     343     342    1
     287     292     293     344     343    1
     288     293     294     345     344    1
     289     294     295     346     345    1
     290     295     296     347     346    1
     291     296     297     348     347    1
     292     297     298     349     348    1
     293     298     299     350     349    1
     294     299     300     351     350    1
     295     300     301     352     351    1
     296     301     302     353     352    1
     297     302     303     354     353    1
     298     303     304     355     354    1
     299     304     305     356     355    1
     300     305     306     357     356    1
     301     307     308     359     358    1
     302     308     309     360     359    1
     303     309     310     361     360    1
     304     310     311     362     361    1
     305     311     312     363     362    1
     306     312     313     364     363    1
     307     313     314     365     364    1
     308     314     315     366     365    1
     309     315     316     367     366    1
     310     316     317     368     367    1
     311     317     318     369     368    1
     312     318     319     370     369    1
     313     319     320     371     370    1
     314     320     321     372     371    1
     315     321     322     373     372    1
     316     322     323     374     373    1
     317     323     324     375     374    1
     318     324     325     376     375    1
     319     325     326     377     376    1
     320     326     327     378     377    1
     321     327     328     379     378    1
     322     328     329     380     379    1
     323     329     330     381     380    1
     324     330     331     382     381    1
     325     331     332     383     382    1
     326     332     333     384     383    1
     327     333     334     385     384    1
     328     334     335     386     385    1
     329     335     336     387     386    1
     330     336     337     388     387    1
     331     337     338     389     388    1
     332     338     339     390     389    1
     333     339     340     391     390    1
     334     340     341     392     391    1
     335     341     342     393     392    1
     336     342     343     394     393    1
     337     343     344     395     394    1
     338     344     345     396     395    1
     339     345     346     397     396    1
     340     346     347     398     397    1
     341     347     348     399     398    1
     342     348     349     400     399    1
     343     349     350     401     400    1
     344     350     351     402     401    1
     345     351     352     403     402    1
     346     352     353     404     403    1
     347     353     354     405     404    1
     348     354     355     406     405    1
     349     355     356     407     406    1
     350     356     357     408     407    1
     351     358     359     410     409    1
     352     359     360     411     410    1
     353     360     361     412     411    1
     354     361     362     413     412    1
     355     362     363     414     413    1
     356     363     364     415     414    1
     357     364     365     416     415    1
     358     365     366     417     416    1
     359     366     367     418     417    1
     360     367     368     419     418    1
     361     368     369     420     419    1
     362     369     370     421     420    1
     363     370     371     422     421    1
     364     371     372     423     422    1
     365     372     373     424     423    1
     366     373     374     425     424    1
     367     374     375     426     425    1
     368     375     376     427     426    1
     369     376     377     428     427    1
     370     377     378     429     428    1
     371     378     379     430     429    1
     372     379     380     431     430    1
     373     380     381     432     431    1
     374     381     382     433     432    1
     375     382     383     434     433    1
     376     383     384     435     434    1
     377     384     385     436     435    1
     378     385     386     437     436    1
     379     386     387     438     437    1
     380     387     388     439     438    1
     381     388     389     440     439    1
     382     389     390     441     440    1
     383     390     391     442     441    1
     384     391     392     443     442    1
     385     392     393     444     443    1
     386     393     394     445     444    1
     387     394     395     446     445    1
     388     395     396     447     446    1
     389     396     397     448     447    1
     390     397     398     449     448    1
     391     398     399     450     449    1
     392     399     400     451     450    1
     393     400     401     452     451    1
     394     401     402     453     452    1
     395     402     403     454     453    1
     396     403     404     455     454    1
     397     404     405     456     455    1
     398     405     406     457     456    1
     399     406     407     458     457    1
     400     407     408     459     458    1
     401     409     410     461     460    1
     402     410     411     462     461    1
     403     411     412     463     462    1
     404     412     413     464     463    1
     405     413     414     465     464    1
     406     414     415     466     465    1
     407     415     416     467     466    1
     408     416     417     468     467    1
     409     417     418     469     468    1
     410     418     419     470     469    1
     411     419     420     471     470    1
     412     420     421     472     471    1
     413     421     422     473     472    1
     414     422     423     474     473    1
     415     423     424     475     474    1
     416     424     425     476     475    1
     417     425     426     477     476    1
     418     426     427     478     477    1
     419     427     428     479     478    1
     420     428     429     480     479    1
     421     429     430     481     480    1
     422     430     431     482     481    1
     423     431     432     483     482    1
     424     432     433     484     483    1
     425     433     434     485     484    1
     426     434     435     486     485    1
     427     435     436     487     486    1
     428     436     437     488     487    1
     429     437     438     489     488    1
     430     438     439     490     489    1
     431     439     440     491     490    1
     432     440     441     492     491    1
     433     441     442     493     492    1
     434     442     443     494     493    1
     435     443     444     495     494    1
     436     444     445     496     495    1
     437     445     446     497     496    1
     438     446     447     498     497    1
     439     447     448     499     498    1
     440     448     449     500     499    1
     441     449     450     501     500    1
     442     450     451     502     501    1
     443     451     452     503     502    1
     444     452     453     504     503    1
     445     453     454     505     504    1
     446     454     455     506     505    1
     447     455     456     507     506    1
     448     456     457     508     507    1
     449     457     458     509     508    1
     450     458     459     510     509    1
     451     460     461     512     511    1
     452     461     462     513     512    1
     453     462     463     514     513    1
     454     463     464     515     514    1
     455     464     465     516     515    1
     456     465     466     517     516    1
     457     466     467     518     517    1
     458     467     468     519     518    1
     459     468     469     520     519    1
     460     469     470     521     520    1
     461     470     471     522     521    1
     462     471     472     523     522    1
     463     472     473     524     523    1
     464     473     474     525     524    1
     465     474     475     526     525    1
     466     475     476     527     526    1
     467     476     477     528     527    1
     468     477     478     529     528    1
     469     478     479     530     529    1
     470     479     480     531     530    1
     471     480     481     532     531    1
     472     481     482     533     532    1
     473     482     483     534     533    1
     474     483     484     535     534    1
     475     484     485     536     535    1
     476     485     486     537     536    1
     477     486     487     538     537    1
     478     487     488     539     538    1
     479     488     489     540     539    1
     480     489     490     541     540    1
     481     490     491     542     541    1
     482     491     492     543     542    1
     483     492     493     544     543    1
     484     493     494     545     544    1
     485     494     495     546     545    1
     486     495     496     547     546    1
     487     496     497     548     547    1
     488     497     498     549     548    1
     489     498     499     550     549    1
     490     499     500     551     550    1
     491     500     501     552     551    1
     492     501     502     553     552    1
     493     502     503     554     553    1
     494     503     504     555     554    1
     495     504     505     556     555    1
     496     505     506     557     556    1
     497     506     507     558     557    1
     498     507     508     559     558    1
     499     508     509     560     559    1
     500     509     510     561     560    1
     501     511     512     563     562    1
     502     512     513     564     563    1
     503     513     514     565     564    1
     504     514     515     566     565    1
     505     515     516     567     566    1
     506     516     517     568     567    1
     507     517     518     569     568    1
     508     518     519     570     569    1
     509     519     520     571     570    1
     510     520     521     572     571    1
     511     521     522     573     572    1
     512     522     523     574     573    1
     513     523     524     575     574    1
     514     524     525     576     575    1
     515     525     526     577     576    1
     516     526     527     578     577    1
     517     527     528     579     578    1
     518     528     529     580     579    1
     519     529     530     581     580    1
     520     530     531     582     581    1
     521     531     532     583     582    1
     522     532     533     584     583    1
     523     533     534     585     584    1
     524     534     535     586     585    1
     525     535     536     587     586    1
     526     536     537     588     587    1
     527     537     538     589     588    1
     528     538     539     590     589    1
     529     539     540     591     590    1
     530     540     541     592     591    1
     531     541     542     593     592    1
     532     542     543     594     593    1
     533     543     544     595     594    1
     534     544     545     596     595    1
     535     545     546     597     596    1
     536     546     547     598     597    1
     537     547     548     599     598    1
     538     548     549     600     599    1
     539     549     550     601     600    1
     540     550     551     602     601    1
     541     551     552     603     602    1
     542     552     553     604     603    1
     543     553     554     605     604    1
     544     554     555     606     605    1
     545     555     556     607     606    1
     546     556     557     608     607    1
     547     557     558     609     608    1
     548     558     559     610     609    1
     549     559     560     611     610    1
     550     560     561     612     611    1
     551     562     563     614     613    1
     552     563     564     615     614    1
     553     564     565     616     615    1
     554     565     566     617     616    1
     555     566     567     618     617    1
     556     567     568     619     618    1
     557     568     569     620     619    1
     558     569     570     621     620    1
     559     570     571     622     621    1
     560     571     572     623     622    1
     561     572     573     624     623    1
     562     573     574     625     624    1
     563     574     575     626     625    1
     564     575     576     627     626    1
     565     576     577     628     627    1
     566     577     578     629     628    1
     567     578     579     630     629    1
     568     579     580     631     630    1
     569     580     581     632     631    1
     570     581     582     633     632    1
     571     582     583     634     633    1
     572     583     584     635     634    1
     573     584     585     636     635    1
     574     585     586     637     636    1
     575     586     587     638     637    1
     576     587     588     639     638    1
     577     588     589     640     639    1
     578     589     590     641     640    1
     579     590     591     642     641    1
     580     591     592     643     642    1
     581     592     593     644     643    1
     582     593     594     645     644    1
     583     594     595     646     645    1
     584     595     596     647     646    1
     585     596     597     648     647    1
     586     597     598     649     648    1
     587     598     599     650     649    1
     588     599     600     651     650    1
     589     600     601     652     651    1
     590     601     602     653     652    1
     591     602     603     654     653    1
     592     603     604     655     654    1
     593     604     605     656     655    1
     594     605     606     657     656    1
     595     606     607     658     657    1
     596     607     608     659     658    1
     597     608     609     660     659    1
     598     609     610     661     660    1
     599     610     611     662     661    1
     600     611     612     663     662    1
     601     613     614     665     664    1
     602     614     615     666     665    1
     603     615     616     667     666    1
     604     616     617     668     667    1
     605     617     618     669     668    1
     606     618     619     670     669    1
     607     619     620     671     670    1
     608     620     621     672     671    1
     609     621     622     673     672    1
     610     622     623     674     673    1
     611     623     624     675     674    1
     612     624     625     676     675    1
     613     625     626     677     676    1
     614     626     627     678     677    1
     615     627     628     679     678    1
     616     628     629     680     679    1
     617     629     630     681     680    1
     618     630     631     682     681    1
     619     631     632     683     682    1
     620     632     633     684     683    1
     621     633     634     685     684    1
     622     634     635     686     685    1
     623     635     636     687     686    1
     624     636     637     688     687    1
     625     637     638     689     688    1
     626     638     639     690     689    1
     627     639     640     691     690    1
     628     640     641     692     691    1
     629     641     642     693     692    1
     630     642     643     694     693    1
     631     643     644     695     694    1
     632     644     645     696     695    1
     633     645     646     697     696    1
     634     646     647     698     697    1
     635     647     648     699     698    1
     636     648     649     700     699    1
     637     649     650     701     700    1
     638     650     651     702     701    1
     639     651     652     703     702    1
     640     652     653     704     703    1
     641     653     654     705     704    1
     642     654     655     706     705    1
     643     655     656     707     706    1
     644     656     657     708     707    1
     645     657     658     709     708    1
     646     658     659     710     709    1
     647     659     660     711     710    1
     648     660     661     712     711    1
     649     661     662     713     712    1
     650     662     663     714     713    1
     651     664     665     716     715    1
     652     665     666     717     716    1
     653     666     667     718     717    1
     654     667     668     719     718    1
     655     668     669     720     719    1
     656     669     670     721     720    1
     657     670     671     722     721    1
     658     671     672     723     722    1
     659     672     673     724     723    1
     660     673     674     725     724    1
     661     674     675     726     725    1
     662     675     676     727     726    1
     663     676     677     728     727    1
     664     677     678     729     728    1
     665     678     679     730     729    1
     666     679     680     731     730    1
     667     680     681     732     731    1
     668     681     682     733     732    1
     669     682     683     734     733    1
     670     683     684     735     734    1
     671     684     685     736     735    1
     672     685     686     737     736    1
     673     686     687     738     737    1
     674     687     688     739     738    1
     675     688     689     740     739    1
     676     689     690     741     740    1
     677     690     691     742     741    1
     678     691     692     743     742    1
     679     692     693     744     743    1
     680     693     694     745     744    1
     681     694     695     746     745    1
     682     695     696     747     746    1
     683     696     697     748     747    1
     684     697     698     749     748    1
     685     698     699     750     749    1
     686     699     700     751     750    1
     687     700     701     752     751    1
     688     701     702     753     752    1
     689     702     703     754     753    1
     690     703     704     755     754    1
     691     704     705     756     755    1
     692     705     706     757     756    1
     693     706     707     758     757    1
     694     707     708     759     758    1
     695     708     709     760     759    1
     696     709     710     761     760    1
     697     710     711     762     761    1
     698     711     712     763     762    1
     699     712     713     764     763    1
     700     713     714     765     764    1
     701     715     716     767     766    1
     702     716     717     768     767    1
     703     717     718     769     768    1
     704     718     719     770     769    1
     705     719     720     771     770    1
     706     720     721     772     771    1
     707     721     722     773     772    1
     708     722     723     774     773    1
     709     723     724     775     774    1
     710     724     725     776     775    1
     711     725     726     777     776    1
     712     726     727     778     777    1
     713     727     728     779     778    1
     714     728     729     780     779    1
     715     729     730     781     780    1
     716     730     731     782     781    1
     717     731     732     783     782    1
     718     732     733     784     783    1
     719     733     734     785     784    1
     720     734     735     786     785    1
     721     735     736     787     786    1
     722     736     737     788     787    1
     723     737     738     789     788    1
     724     738     739     790     789    1
     725     739     740     791     790    1
     726     740     741     792     791    1
     727     741     742     793     792    1
     728     742     743     794     793    1
     729     743     744     795     794    1
     730     744     745     796     795    1
     731     745     746     797     796    1
     732     746     747     798     797    1
     733     747     748     799     798    1
     734     748     749     800     799    1
     735     749     750     801     800    1
     736     750     751     802     801    1
     737     751     752     803     802    1
     738     752     753     804     803    1
     739     753     754     805     804    1
     740     754     755     806     805    1
     741     755     756     807     806    1
     742     756     757     808     807    1
     743     757     758     809     808    1
     744     758     759     810     809    1
     745     759     760     811     810    1
     746     760     761     812     811    1
     747     761     762     813     812    1
     748     762     763     814     813    1
     749     763     764     815     814    1
     750     764     765     816     815    1
     751     766     767     818     817    1
     752     767     768     819     818    1
     753     768     769     820     819    1
     754     769     770     821     820    1
     755     770     771     822     821    1
     756     771     772     823     822    1
     757     772     773     824     823    1
     758     773     774     825     824    1
     759     774     775     826     825    1
     760     775     776     827     826    1
     761     776     777     828     827    1
     762     777     778     829     828    1
     763     778     779     830     829    1
     764     779     780     831     830    1
     765     780     781     832     831    1
     766     781     782     833     832    1
     767     782     783     834     833    1
     768     783     784     835     834    1
     769     784     785     836     835    1
     770     785     786     837     836    1
     771     786     787     838     837    1
     772     787     788     839     838    1
     773     788     789     840     839    1
     774     789     790     841     840    1
     775     790     791     842     841    1
     776     791     792     843     842    1
     777     792     793     844     843    1
     778     793     794     845     844    1
     779     794     795     846     845    1
     780     795     796     847     846    1
     781     796     797     848     847    1
     782     797     798     849     848    1
     783     798     799     850     849    1
     784     799     800     851     850    1
     785     800     801     852     851    1
     786     801     802     853     852    1
     787     802     803     854     853    1
     788     803     804     855     854    1
     789     804     805     856     855    1
     790     805     806     857     856    1
     791     806     807     858     857    1
     792     807     808     859     858    1
     793     808     809     860     859    1
     794     809     810     861     860    1
     795     810     811     862     861    1
     796     811     812     863     862    1
     797     812     813     864     863    1
     798     813     814     865     864    1
     799     814     815     866     865    1
     800     815     816     867     866    1
     801     817     818     869     868    1
     802     818     819     870     869    1
     803     819     820     871     870    1
     804     820     821     872     871    1
     805     821     822     873     872    1
     806     822     823     874     873    1
     807     823     824     875     874    1
     808     824     825     876     875    1
     809     825     826     877     876    1
     810     826     827     878     877    1
     811     827     828     879     878    1
     812     828     829     880     879    1
     813     829     830     881     880    1
     814     830     831     882     881    1
     815     831     832     883     882    1
     816     832     833     884     883    1
     817     833     834     885     884    1
     818     834     835     886     885    1
     819     835     836     887     886    1
     820     836     837     888     887    1
     821     837     838     889     888    1
     822     838     839     890     889    1
     823     839     840     891     890    1
     824     840     841     892     891    1
     825     841     842     893     892    1
     826     842     843     894     893    1
     827     843     844     895     894    1
     828     844     845     896     895    1
     829     845     846     897     896    1
     830     846     847     898     897    1
     831     847     848     899     898    1
     832     848     849     900     899    1
     833     849     850     901     900    1
     834     850     851     902     901    1
     835     851     852     903     902    1
     836     852     853     904     903    1
     837     853     854     905     904    1
     838     854     855     906     905    1
     839     855     856     907     906    1
     840     856     857     908     907    1
     841     857     858     909     908    1
     842     858     859     910     909    1
     843     859     860     911     910    1
     844     860     861     912     911    1
     845     861     862     913     912    1
     846     862     863     914     913    1
     847     863     864     915     914    1
     848     864     865     916     915    1
     849     865     866     917     916    1
     850     866     867     918     917    1
     851     868     869     920     919    1
     852     869     870     921     920    1
     853     870     871     922     921    1
     854     871     872     923     922    1
     855     872     873     924     923    1
     856     873     874     925     924    1
     857     874     875     926     925    1
     858     875     876     927     926    1
     859     876     877     928     927    1
     860     877     878     929     928    1
     861     878     879     930     929    1
     862     879     880     931     930    1
     863     880     881     932     931    1
     864     881     882     933     932    1
     865     882     883     934     933    1
     866     883     884     935     934    1
     867     884     885     936     935    1
     868     885     886     937     936    1
     869     886     887     938     937    1
     870     887     888     939     938    1
     871     888     889     940     939    1
     872     889     890     941     940    1
     873     890     891     942     941    1
     874     891     892     943     942    1
     875     892     893     944     943    1
     876     893     894     945     944    1
     877     894     895     946     945    1
     878     895     896     947     946    1
     879     896     897     948     947    1
     880     897     898     949     948    1
     881     898     899     950     949    1
     882     899     900     951     950    1
     883     900     901     952     951    1
     884     901     902     953     952    1
     885     902     903     954     953    1
     886     903     904     955     954    1
     887     904     905     956     955    1
     888     905     906     957     956    1
     889     906     907     958     957    1
     890     907     908     959     958    1
     891     908     909     960     959    1
     892     909     910     961     960    1
     893     910     911     962     961    1
     894     911     912     963     962    1
     895     912     913     964     963    1
     896     913     914     965     964    1
     897     914     915     966     965    1
     898     915     916     967     966    1
     899     916     917     968     967    1
     900     917     918     969     968    1
     901     919     920     971     970    1
     902     920     921     972     971    1
     903     921     922     973     972    1
     904     922     923     974     973    1
     905     923     924     975     974    1
     906     924     925     976     975    1
     907     925     926     977     976    1
     908     926     927     978     977    1
     909     927     928     979     978    1
     910     928     929     980     979    1
     911     929     930     981     980    1
     912     930     931     982     981    1
     913     931     932     983     982    1
     914     932     933     984     983    1
     915     933     934     985     984    1
     916     934     935     986     985    1
     917     935     936     987     986    1
     918     936     937     988     987    1
     919     937     938     989     988    1
     920     938     939     990     989    1
     921     939     940     991     990    1
     922     940     941     992     991    1
     923     941     942     993     992    1
     924     942     943     994     993    1
     925     943     944     995     994    1
     926     944     945     996     995    1
     927     945     946     997     996    1
     928     946     947     998     997    1
     929     947     948     999     998    1
     930     948     949    1000     999    1
     931     949     950    1001    1000    1
     932     950     951    1002    1001    1
     933     951     952    1003    1002    1
     934     952     953    1004    1003    1
     935     953     954    1005    1004    1
     936     954     955    1006    1005    1
     937     955     956    1007    1006    1
     938     956     957    1008    1007    1
     939     957     958    1009    1008    1
     940     958     959    1010    1009    1
     941     959     960    1011    1010    1
     942     960     961    1012    1011    1
     943     961     962    1013    1012    1
     944     962     963    1014    1013    1
     945     963     964    1015    1014    1
     946     964     965    1016    1015    1
     947     965     966    1017    1016    1
     948     966     967    1018    1017    1
     949     967     968    1019    1018    1
     950     968     969    1020    1019    1
     951     970     971    1022    1021    1
     952     971     972    1023    1022    1
     953     972     973    1024    1023    1
     954     973     974    1025    1024    1
     955     974     975    1026    1025    1
     956     975     976    1027    1026    1
     957     976     977    1028    1027    1
     958     977     978    1029    1028    1
     959     978     979    1030    1029    1
     960     979     980    1031    1030    1
     961     980     981    1032    1031    1
     962     981     982    1033    1032    1
     963     982     983    1034    1033    1
     964     983     984    1035    1034    1
     965     984     985    1036    1035    1
     966     985     986    1037    1036    1
     967     986     987    1038    1037    1
     968     987     988    1039    1038    1
     969     988     989    1040    1039    1
     970     989     990    1041    1040    1
     971     990     991    1042    1041    1
     972     991     992    1043    1042    1
     973     992     993    1044    1043    1
     974     993     994    1045    1044    1
     975     994     995    1046    1045    1
     976     995     996    1047    1046    1
     977     996     997    1048    1047    1
     978     997     998    1049    1048    1
     979     998     999    1050    1049    1
     980     999    1000    1051    1050    1
     981    1000    1001    1052    1051    1
     982    1001    1002    1053    1052    1
     983    1002    1003    1054    1053    1
     984    1003    1004    1055    1054    1
     985    1004    1005    1056    1055    1
     986    1005    1006    1057    1056    1
     987    1006    1007    1058    1057    1
     988    1007    1008    1059    1058    1
     989    1008    1009    1060    1059    1
     990    1009    1010    1061    1060    1
     991    1010    1011    1062    1061    1
     992    1011    1012    1063    1062    1
     993    1012    1013    1064    1063    1
     994    1013    1014    1065    1064    1
     995    1014    1015    1066    1065    1
     996    1015    1016    1067    1066    1
     997    1016    1017    1068    1067    1
     998    1017    1018    1069    1068    1
     999    1018    1019    1070    1069    1
    1000    1019    1020    1071    1070    1
    1001    1021    1022    1073    1072    1
    1002    1022    1023    1074    1073    1
    1003    1023    1024    1075    1074    1
    1004    1024    1025    1076    1075    1
    1005    1025    1026    1077    1076    1
    1006    1026    1027    1078    1077    1
    1007    1027    1028    1079    1078    1
    1008    1028    1029    1080    1079    1
    1009    1029    1030    1081    1080    1
    1010    1030    1031    1082    1081    1
    1011    1031    1032    1083    1082    1
    1012    1032    1033    1084    1083    1
    1013    1033    1034    1085    1084    1
    1014    1034    1035    1086    1085    1
    1015    1035    1036    1087    1086    1
    1016    1036    1037    1088    1087    1
    1017    1037    1038    1089    1088    1
    1018    1038    1039    1090    1089    1
    1019    1039    1040    1091    1090    1
    1020    1040    1041    1092    1091    1
    1021    1041    1042    1093    1092    1
    1022    1042    1043    1094    1093    1
    1023    1043    1044    1095    1094    1
    1024    1044    1045    1096    1095    1
    1025    1045    1046    1097    1096    1
    1026    1046    1047    1098    1097    1
    1027    1047    1048    1099    1098    1
    1028    1048    1049    1100    1099    1
    1029    1049    1050    1101    1100    1
    1030    1050    1051    1102    1101    1
    1031    1051    1052    1103    1102    1
    1032    1052    1053    1104    1103    1
    1033    1053    1054    1105    1104    1
    1034    1054    1055    1106    1105    1
    1035    1055    1056    1107    1106    1
    1036    1056    1057    1108    1107    1
    1037    1057    1058    1109    1108    1
    1038    1058    1059    1110    1109    1
    1039    1059    1060    1111    1110    1
    1040    1060    1061    1112    1111    1
    1041    1061    1062    1113    1112    1
    1042    1062    1063    1114    1113    1
    1043    1063    1064    1115    1114    1
    1044    1064    1065    1116    1115    1
    1045    1065    1066    1117    1116    1
    1046    1066    1067    1118    1117    1
    1047    1067    1068    1119    1118    1
    1048    1068    1069    1120    1119    1
    1049    1069    1070    1121    1120    1
    1050    1070    1071    1122    1121    1
    1051    1072    1073    1124    1123    1
    1052    1073    1074    1125    1124    1
    1053    1074    1075    1126    1125    1
    1054    1075    1076    1127    1126    1
    1055    1076    1077    1128    1127    1
    1056    1077    1078    1129    1128    1
    1057    1078    1079    1130    1129    1
    1058    1079    1080    1131    1130    1
    1059    1080    1081    1132    1131    1
    1060    1081    1082    1133    1132    1
    1061    1082    1083    1134    1133    1
    1062    1083    1084    1135    1134    1
    1063    1084    1085    1136    1135    1
    1064    1085    1086    1137    1136    1
    1065    1086    1087    1138    1137    1
    1066    1087    1088    1139    1138    1
    1067    1088    1089    1140    1139    1
    1068    1089    1090    1141    1140    1
    1069    1090    1091    1142    1141    1
    1070    1091    1092    1143    1142    1
    1071    1092    1093    1144    1143    1
    1072    1093    1094    1145    1144    1
    1073    1094    1095    1146    1145    1
    1074    1095    1096    1147    1146    1
    1075    1096    1097    1148    1147    1
    1076    1097    1098    1149    1148    1
    1077    1098    1099    1150    1149    1
    1078    1099    1100    1151    1150    1
    1079    1100    1101    1152    1151    1
    1080    1101    1102    1153    1152    1
    1081    1102    1103    1154    1153    1
    1082    1103    1104    1155    1154    1
    1083    1104    1105    1156    1155    1
    1084    1105    1106    1157    1156    1
    1085    1106    1107    1158    1157    1
    1086    1107    1108    1159    1158    1
    1087    1108    1109    1160    1159    1
    1088    1109    1110    1161    1160    1
    1089    1110    1111    1162    1161    1
    1090    1111    1112    1163    1162    1
    1091    1112    1113    1164    1163    1
    1092    1113    1114    1165    1164    1
    1093    1114    1115    1166    1165    1
    1094    1115    1116    1167    1166    1
    1095    1116    1117    1168    1167    1
    1096    1117    1118    1169    1168    1
    1097    1118    1119    1170    1169    1
    1098    1119    1120    1171    1170    1
    1099    1120    1121    1172    1171    1
    1100    1121    1122    1173    1172    1
    1101    1123    1124    1175    1174    1
    1102    1124    1125    1176    1175    1
    1103    1125    1126    1177    1176    1
    1104    1126    1127    1178    1177    1
    1105    1127    1128    1179    1178    1
    1106    1128    1129    1180    1179    1
    1107    1129    1130    1181    1180    1
    1108    1130    1131    1182    1181    1
    1109    1131    1132    1183    1182    1
    1110    1132    1133    1184    1183    1
    1111    1133    1134    1185    1184    1
    1112    1134    1135    1186    1185    1
    1113    1135    1136    1187    1186    1
    1114    1136    1137    1188    1187    1
    1115    1137    1138    1189    1188    1
    1116    1138    1139    1190    1189    1
    1117    1139    1140    1191    1190    1
    1118    1140    1141    1192    1191    1
    1119    1141    1142    1193    1192    1
    1120    1142    1143    1194    1193    1
    1121    1143    1144    1195    1194    1
    1122    1144    1145    1196    1195    1
    1123    1145    1146    1197    1196    1
    1124    1146    1147    1198    1197    1
    1125    1147    1148    1199    1198    1
    1126    1148    1149    1200    1199    1
    1127    1149    1150    1201    1200    1
    1128    1150    1151    1202    1201    1
    1129    1151    1152    1203    1202    1
    1130    1152    1153    1204    1203    1
    1131    1153    1154    1205    1204    1
    1132    1154    1155    1206    1205    1
    1133    1155    1156    1207    1206    1
    1134    1156    1157    1208    1207    1
    1135    1157    1158    1209    1208    1
    1136    1158    1159    1210    1209    1
    1137    1159    1160    1211    1210    1
    1138    1160    1161    1212    1211    1
    1139    1161    1162    1213    1212    1
    1140    1162    1163    1214    1213    1
    1141    1163    1164    1215    1214    1
    1142    1164    1165    1216    1215    1
    1143    1165    1166    1217    1216    1
    1144    1166    1167    1218    1217    1
    1145    1167    1168    1219    1218    1
    1146    1168    1169    1220    1219    1
    1147    1169    1170    1221    1220    1
    1148    1170    1171    1222    1221    1
    1149    1171    1172    1223    1222    1
    1150    1172    1173    1224    1223    1
    1151    1174    1175    1226    1225    1
    1152    1175    1176    1227    1226    1
    1153    1176    1177    1228    1227    1
    1154    1177    1178    1229    1228    1
    1155    1178    1179    1230    1229    1
    1156    1179    1180    1231    1230    1
    1157    1180    1181    1232    1231    1
    1158    1181    1182    1233    1232    1
    1159    1182    1183    1234    1233    1
    1160    1183    1184    1235    1234    1
    1161    1184    1185    1236    1235    1
    1162    1185    1186    1237    1236    1
    1163    1186    1187    1238    1237    1
    1164    1187    1188    1239    1238    1
    1165    1188    1189    1240    1239    1
    1166    1189    1190    1241    1240    1
    1167    1190    1191    1242    1241    1
    1168    1191    1192    1243    1242    1
    1169    1192    1193    1244    1243    1
    1170    1193    1194    1245    1244    1
    1171    1194    1195    1246    1245    1
    1172    1195    1196    1247    1246    1
    1173    1196    1197    1248    1247    1
    1174    1197    1198    1249    1248    1
    1175    1198    1199    1250    1249    1
    1176    1199    1200    1251    1250    1
    1177    1200    1201    1252    1251    1
    1178    1201    1202    1253    1252    1
    1179    1202    1203    1254    1253    1
    1180    1203    1204    1255    1254    1
    1181    1204    1205    1256    1255    1
    1182    1205    1206    1257    1256    1
    1183    1206    1207    1258    1257    1
    1184    1207    1208    1259    1258    1
    1185    1208    1209    1260    1259    1
    1186    1209    1210    1261    1260    1
    1187    1210    1211    1262    1261    1
    1188    1211    1212    1263    1262    1
    1189    1212    1213    1264    1263    1
    1190    1213    1214    1265    1264    1
    1191    1214    1215    1266    1265    1
    1192    1215    1216    1267    1266    1
    1193    1216    1217    1268    1267    1
    1194    1217    1218    1269    1268    1
    1195    1218    1219    1270    1269    1
    1196    1219    1220    1271    1270    1
    1197    1220    1221    1272    1271    1
    1198    1221    1222    1273    1272    1
    1199    1222    1223    1274    1273    1
    1200    1223    1224    1275    1274    1
    1201    1225    1226    1277    1276    1
    1202    1226    1227    1278    1277    1
    1203    1227    1228    1279    1278    1
    1204    1228    1229    1280    1279    1
    1205    1229    1230    1281    1280    1
    1206    1230    1231    1282    1281    1
    1207    1231    1232    1283    1282    1
    1208    1232    1233    1284    1283    1
    1209    1233    1234    1285    1284    1
    1210    1234    1235    1286    1285    1
    1211    1235    1236    1287    1286    1
    1212    1236    1237    1288    1287    1
    1213    1237    1238    1289    1288    1
    1214    1238    1239    1290    1289    1
    1215    1239    1240    1291    1290    1
    1216    1240    1241    1292    1291    1
    1217    1241    1242    1293    1292    1
    1218    1242    1243    1294    1293    1
    1219    1243    1244    1295    1294    1
    1220    1244    1245    1296    1295    1
    1221    1245    1246    1297    1296    1
    1222    1246    1247    1298    1297    1
    1223    1247    1248    1299    1298    1
    1224    1248    1249    1300    1299    1
    1225    1249    1250    1301    1300    1
    1226    1250    1251    1302    1301    1
    1227    1251    1252    1303    1302    1
    1228    1252    1253    1304    1303    1
    1229    1253    1254    1305    1304    1
    1230    1254    1255    1306    1305    1
    1231    1255    1256    1307    1306    1
    1232    1256    1257    1308    1307    1
    1233    1257    1258    1309    1308    1
    1234    1258    1259    1310    1309    1
    1235    1259    1260    1311    1310    1
    1236    1260    1261    1312    1311    1
    1237    1261    1262    1313    1312    1
    1238    1262    1263    1314    1313    1
    1239    1263    1264    1315    1314    1
    1240    1264    1265    1316    1315    1
    1241    1265    1266    1317    1316    1
    1242    1266    1267    1318    1317    1
    1243    1267    1268    1319    1318    1
    1244    1268    1269    1320    1319    1
    1245    1269    1270    1321    1320    1
    1246    1270    1271    1322    1321    1
    1247    1271    1272    1323    1322    1
    1248    1272    1273    1324    1323    1
    1249    1273    1274    1325    1324    1
    1250    1274    1275    1326    1325    1
    1251    1276    1277    1328    1327    1
    1252    1277    1278    1329    1328    1
    1253    1278    1279    1330    1329    1
    1254    1279    1280    1331    1330    1
    1255    1280    1281    1332    1331    1
    1256    1281    1282    1333    1332    1
    1257    1282    1283    1334    1333    1
    1258    1283    1284    1335    1334    1
    1259    1284    1285    1336    1335    1
    1260    1285    1286    1337    1336    1
    1261    1286    1287    1338    1337    1
    1262    1287    1288    1339    1338    1
    1263    1288    1289    1340    1339    1
    1264    1289    1290    1341    1340    1
    1265    1290    1291    1342    1341    1
    1266    1291    1292    1343    1342    1
    1267    1292    1293    1344    1343    1
    1268    1293    1294    1345    1344    1
    1269    1294    1295    1346    1345    1
    1270    1295    1296    1347    1346    1
    1271    1296    1297    1348    1347    1
    1272    1297    1298    1349    1348    1
    1273    1298    1299    1350    1349    1
    1274    1299    1300    1351    1350    1
    1275    1300    1301    1352    1351    1
    1276    1301    1302    1353    1352    1
    1277    1302    1303    1354    1353    1
    1278    1303    1304    1355    1354    1
    1279    1304    1305    1356    1355    1
    1280    1305    1306    1357    1356    1
    1281    1306    1307    1358    1357    1
    1282    1307    1308    1359    1358    1
    1283    1308    1309    1360    1359    1
    1284    1309    1310    1361    1360    1
    1285    1310    1311    1362    1361    1
    1286    1311    1312    1363    1362    1
    1287    1312    1313    1364    1363    1
    1288    1313    1314    1365    1364    1
    1289    1314    1315    1366    1365    1
    1290    1315    1316    1367    1366    1
    1291    1316    1317    1368    1367    1
    1292    1317    1318    1369    1368    1
    1293    1318    1319    1370    1369    1
    1294    1319    1320    1371    1370    1
    1295    1320    1321    1372    1371    1
    1296    1321    1322    1373    1372    1
    1297    1322    1323    1374    1373    1
    1298    1323    1324    1375    1374    1
    1299    1324    1325    1376    1375    1
    1300    1325    1326    1377    1376    1
    1301    1327    1328    1379    1378    1
    1302    1328    1329    1380    1379    1
    1303    1329    1330    1381    1380    1
    1304    1330    1331    1382    1381    1
    1305    1331    1332    1383    1382    1
    1306    1332    1333    1384    1383    1
    1307    1333    1334    1385    1384    1
    1308    1334    1335    1386    1385    1
    1309    1335    1336    1387    1386    1
    1310    1336    1337    1388    1387    1
    1311    1337    1338    1389    1388    1
    1312    1338    1339    1390    1389    1
    1313    1339    1340    1391    1390    1
    1314    1340    1341    1392    1391    1
    1315    1341    1342    1393    1392    1
    1316    1342    1343    1394    1393    1
    1317    1343    1344    1395    1394    1
    1318    1344    1345    1396    1395    1
    1319    1345    1346    1397    1396    1
    1320    1346    1347    1398    1397    1
    1321    1347    1348    1399    1398    1
    1322    1348    1349    1400    1399    1
    1323    1349    1350    1401    1400    1
    1324    1350    1351    1402    1401    1
    1325    1351    1352    1403    1402    1
    1326    1352    1353    1404    1403    1
    1327    1353    1354    1405    1404    1
    1328    1354    1355    1406    1405    1
    1329    1355    1356    1407    1406    1
    1330    1356    1357    1408    1407    1
    1331    1357    1358    1409    1408    1
    1332    1358    1359    1410    1409    1
    1333    1359    1360    1411    1410    1
    1334    1360    1361    1412    1411    1
    1335    1361    1362    1413    1412    1
    1336    1362    1363    1414    1413    1
    1337    1363    1364    1415    1414    1
    1338    1364    1365    1416    1415    1
    1339    1365    1366    1417    1416    1
    1340    1366    1367    1418    1417    1
    1341    1367    1368    1419    1418    1
    1342    1368    1369    1420    1419    1
    1343    1369    1370    1421    1420    1
    1344    1370    1371    1422    1421    1
    1345    1371    1372    1423    1422    1
    1346    1372    1373    1424    1423    1
    1347    1373    1374    1425    1424    1
    1348    1374    1375    1426    1425    1
    1349    1375    1376    1427    1426    1
    1350    1376    1377    1428    1427    1
    1351    1378    1379    1430    1429    1
    1352    1379    1380    1431    1430    1
    1353    1380    1381    1432    1431    1
    1354    1381    1382    1433    1432    1
    1355    1382    1383    1434    1433    1
    1356    1383    1384    1435    1434    1
    1357    1384    1385    1436    1435    1
    1358    1385    1386    1437    1436    1
    1359    1386    1387    1438    1437    1
    1360    1387    1388    1439    1438    1
    1361    1388    1389    1440    1439    1
    1362    1389    1390    1441    1440    1
    1363    1390    1391    1442    1441    1
    1364    1391    1392    1443    1442    1
    1365    1392    1393    1444    1443    1
    1366    1393    1394    1445    1444    1
    1367    1394    1395    1446    1445    1
    1368    1395    1396    1447    1446    1
    1369    1396    1397    1448    1447    1
    1370    1397    1398    1449    1448    1
    1371    1398    1399    1450    1449    1
    1372    1399    1400    1451    1450    1
    1373    1400    1401    1452    1451    1
    1374    1401    1402    1453    1452    1
    1375    1402    1403    1454    1453    1
    1376    1403    1404    1455    1454    1
    1377    1404    1405    1456    1455    1
    1378    1405    1406    1457    1456    1
    1379    1406    1407    1458    1457    1
    1380    1407    1408    1459    1458    1
    1381    1408    1409    1460    1459    1
    1382    1409    1410    1461    1460    1
    1383    1410    1411    1462    1461    1
    1384    1411    1412    1463    1462    1
    1385    1412    1413    1464    1463    1
    1386    1413    1414    1465    1464    1
    1387    1414    1415    1466    1465    1
    1388    1415    1416    1467    1466    1
    1389    1416    1417    1468    1467    1
    1390    1417    1418    1469    1468    1
    1391    1418    1419    1470    1469    1
    1392    1419    1420    1471    1470    1
    1393    1420    1421    1472    1471    1
    1394    1421    1422    1473    1472    1
    1395    1422    1423    1474    1473    1
    1396    1423    1424    1475    1474    1
    1397    1424    1425    1476    1475    1
    1398    1425    1426    1477    1476    1
    1399    1426    1427    1478    1477    1
    1400    1427    1428    1479    1478    1
    1401    1429    1430    1481    1480    1
    1402    1430    1431    1482    1481    1
    1403    1431    1432    1483    1482    1
    1404    1432    1433    1484    1483    1
    1405    1433    1434    1485    1484    1
    1406    1434    1435    1486    1485    1
    1407    1435    1436    1487    1486    1
    1408    1436    1437    1488    1487    1
    1409    1437    1438    1489    1488    1
    1410    1438    1439    1490    1489    1
    1411    1439    1440    1491    1490    1
    1412    1440    1441    1492    1491    1
    1413    1441    1442    1493    1492    1
    1414    1442    1443    1494    1493    1
    1415    1443    1444    1495    1494    1
    1416    1444    1445    1496    1495    1
    1417    1445    1446    1497    1496    1
    1418    1446    1447    1498    1497    1
    1419    1447    1448    1499    1498    1
    1420    1448    1449    1500    1499    1
    1421    1449    1450    1501    1500    1
    1422    1450    1451    1502    1501    1
    1423    1451    1452    1503    1502    1
    1424    1452    1453    1504    1503    1
    1425    1453    1454    1505    1504    1
    1426    1454    1455    1506    1505    1
    1427    1455    1456    1507    1506    1
    1428    1456    1457    1508    1507    1
    1429    1457    1458    1509    1508    1
    1430    1458    1459    1510    1509    1
    1431    1459    1460    1511    1510    1
    1432    1460    1461    1512    1511    1
    1433    1461    1462    1513    1512    1
    1434    1462    1463    1514    1513    1
    1435    1463    1464    1515    1514    1
    1436    1464    1465    1516    1515    1
    1437    1465    1466    1517    1516    1
    1438    1466    1467    1518    1517    1
    1439    1467    1468    1519    1518    1
    1440    1468    1469    1520    1519    1
    1441    1469    1470    1521    1520    1
    1442    1470    1471    1522    1521    1
    1443    1471    1472    1523    1522    1
    1444    1472    1473    1524    1523    1
    1445    1473    1474    1525    1524    1
    1446    1474    1475    1526    1525    1
    1447    1475    1476    1527    1526    1
    1448    1476    1477    1528    1527    1
    1449    1477    1478    1529    1528    1
    1450    1478    1479    1530    1529    1
    1451    1480    1481    1532    1531    1
    1452    1481    1482    1533    1532    1
    1453    1482    1483    1534    1533    1
    1454    1483    1484    1535    1534    1
    1455    1484    1485    1536    1535    1
    1456    1485    1486    1537    1536    1
    1457    1486    1487    1538    1537    1
    1458    1487    1488    1539    1538    1
    1459    1488    1489    1540    1539    1
    1460    1489    1490    1541    1540    1
    1461    1490    1491    1542    1541    1
    1462    1491    1492    1543    1542    1
    1463    1492    1493    1544    1543    1
    1464    1493    1494    1545    1544    1
    1465    1494    1495    1546    1545    1
    1466    1495    1496    1547    1546    1
    1467    1496    1497    1548    1547    1
    1468    1497    1498    1549    1548    1
    1469    1498    1499    1550    1549    1
    1470    1499    1500    1551    1550    1
    1471    1500    1501    1552    1551    1
    1472    1501    1502    1553    1552    1
    1473    1502    1503    1554    1553    1
    1474    1503    1504    1555    1554    1
    1475    1504    1505    1556    1555    1
    1476    1505    1506    1557    1556    1
    1477    1506    1507    1558    1557    1
    1478    1507    1508    1559    1558    1
    1479    1508    1509    1560    1559    1
    1480    1509    1510    1561    1560    1
    1481    1510    1511    1562    1561    1
    1482    1511    1512    1563    1562    1
    1483    1512    1513    1564    1563    1
    1484    1513    1514    1565    1564    1
    1485    1514    1515    1566    1565    1
    1486    1515    1516    1567    1566    1
    1487    1516    1517    1568    1567    1
    1488    1517    1518    1569    1568    1
    1489    1518    1519    1570    1569    1
    1490    1519    1520    1571    1570    1
    1491    1520    1521    1572    1571    1
    1492    1521    1522    1573    1572    1
    1493    1522    1523    1574    1573    1
    1494    1523    1524    1575    1574    1
    1495    1524    1525    1576    1575    1
    1496    1525    1526    1577    1576    1
    1497    1526    1527    1578    1577    1
    1498    1527    1528    1579    1578    1
    1499    1528    1529    1580    1579    1
    1500    1529    1530    1581    1580    1
    1501    1531    1532    1583    1582    1
    1502    1532    1533    1584    1583    1
    1503    1533    1534    1585    1584    1
    1504    1534    1535    1586    1585    1
    1505    1535    1536    1587    1586    1
    1506    1536    1537    1588    1587    1
    1507    1537    1538    1589    1588    1
    1508    1538    1539    1590    1589    1
    1509    1539    1540    1591    1590    1
    1510    1540    1541    1592    1591    1
    1511    1541    1542    1593    1592    1
    1512    1542    1543    1594    1593    1
    1513    1543    1544    1595    1594    1
    1514    1544    1545    1596    1595    1
    1515    1545    1546    1597    1596    1
    1516    1546    1547    1598    1597    1
    1517    1547    1548    1599    1598    1
    1518    1548    1549    1600    1599    1
    1519    1549    1550    1601    1600    1
    1520    1550    1551    1602    1601    1
    1521    1551    1552    1603    1602    1
    1522    1552    1553    1604    1603    1
    1523    1553    1554    1605    1604    1
    1524    1554    1555    1606    1605    1
    1525    1555    1556    1607    1606    1
    1526    1556    1557    1608    1607    1
    1527    1557    1558    1609    1608    1
    1528    1558    1559    1610    1609    1
    1529    1559    1560    1611    1610    1
    1530    1560    1561    1612    1611    1
    1531    1561    1562    1613    1612    1
    1532    1562    1563    1614    1613    1
    1533    1563    1564    1615    1614    1
    1534    1564    1565    1616    1615    1
    1535    1565    1566    1617    1616    1
    1536    1566    1567    1618    1617    1
    1537    1567    1568    1619    1618    1
    1538    1568    1569    1620    1619    1
    1539    1569    1570    1621    1620    1
    1540    1570    1571    1622    1621    1
    1541    1571    1572    1623    1622    1
    1542    1572    1573    1624    1623    1
    1543    1573    1574    1625    1624    1
    1544    1574    1575    1626    1625    1
    1545    1575    1576    1627    1626    1
    1546    1576    1577    1628    1627    1
    1547    1577    1578    1629    1628    1
    1548    1578    1579    1630    1629    1
    1549    1579    1580    1631    1630    1
    1550    1580    1581    1632    1631    1
    1551    1582    1583    1634    1633    1
    1552    1583    1584    1635    1634    1
    1553    1584    1585    1636    1635    1
    1554    1585    1586    1637    1636    1
    1555    1586    1587    1638    1637    1
    1556    1587    1588    1639    1638    1
    1557    1588    1589    1640    1639    1
    1558    1589    1590    1641    1640    1
    1559    1590    1591    1642    1641    1
    1560    1591    1592    1643    1642    1
    1561    1592    1593    1644    1643    1
    1562    1593    1594    1645    1644    1
    1563    1594    1595    1646    1645    1
    1564    1595    1596    1647    1646    1
    1565    1596    1597    1648    1647    1
    1566    1597    1598    1649    1648    1
    1567    1598    1599    1650    1649    1
    1568    1599    1600    1651    1650    1
    1569    1600    1601    1652    1651    1
    1570    1601    1602    1653    1652    1
    1571    1602    1603    1654    1653    1
    1572    1603    1604    1655    1654    1
    1573    1604    1605    1656    1655    1
    1574    1605    1606    1657    1656    1
    1575    1606    1607    1658    1657    1
    1576    1607    1608    1659    1658    1
    1577    1608    1609    1660    1659    1
    1578    1609    1610    1661    1660    1
    1579    1610    1611    1662    1661    1
    1580    1611    1612    1663    1662    1
    1581    1612    1613    1664    1663    1
    1582    1613    1614    1665    1664    1
    1583    1614    1615    1666    1665    1
    1584    1615    1616    1667    1666    1
    1585    1616    1617    1668    1667    1
    1586    1617    1618    1669    1668    1
    1587    1618    1619    1670    1669    1
    1588    1619    1620    1671    1670    1
    1589    1620    1621    1672    1671    1
    1590    1621    1622    1673    1672    1
    1591    1622    1623    1674    1673    1
    1592    1623    1624    1675    1674    1
    1593    1624    1625    1676    1675    1
    1594    1625    1626    1677    1676    1
    1595    1626    1627    1678    1677    1
    1596    1627    1628    1679    1678    1
    1597    1628    1629    1680    1679    1
    1598    1629    1630    1681    1680    1
    1599    1630    1631    1682    1681    1
    1600    1631    1632    1683    1682    1
    1601    1633    1634    1685    1684    1
    1602    1634    1635    1686    1685    1
    1603    1635    1636    1687    1686    1
    1604    1636    1637    1688    1687    1
    1605    1637    1638    1689    1688    1
    1606    1638    1639    1690    1689    1
    1607    1639    1640    1691    1690    1
    1608    1640    1641    1692    1691    1
    1609    1641    1642    1693    1692    1
    1610    1642    1643    1694    1693    1
    1611    1643    1644    1695    1694    1
    1612    1644    1645    1696    1695    1
    1613    1645    1646    1697    1696    1
    1614    1646    1647    1698    1697    1
    1615    1647    1648    1699    1698    1
    1616    1648    1649    1700    1699    1
    1617    1649    1650    1701    1700    1
    1618    1650    1651    1702    1701    1
    1619    1651    1652    1703    1702    1
    1620    1652    1653    1704    1703    1
    1621    1653    1654    1705    1704    1
    1622    1654    1655    1706    1705    1
    1623    1655    1656    1707    1706    1
    1624    1656    1657    1708    1707    1
    1625    1657    1658    1709    1708    1
    1626    1658    1659    1710    1709    1
    1627    1659    1660    1711    1710    1
    1628    1660    1661    1712    1711    1
    1629    1661    1662    1713    1712    1
    1630    1662    1663    1714    1713    1
    1631    1663    1664    1715    1714    1
    1632    1664    1665    1716    1715    1
    1633    1665    1666    1717    1716    1
    1634    1666    1667    1718    1717    1
    1635    1667    1668    1719    1718    1
    1636    1668    1669    1720    1719    1
    1637    1669    1670    1721    1720    1
    1638    1670    1671    1722    1721    1
    1639    1671    1672    1723    1722    1
    1640    1672    1673    1724    1723    1
    1641    1673    1674    1725    1724    1
    1642    1674    1675    1726    1725    1
    1643    1675    1676    1727    1726    1
    1644    1676    1677    1728    1727    1
    1645    1677    1678    1729    1728    1
    1646    1678    1679    1730    1729    1
    1647    1679    1680    1731    1730    1
    1648    1680    1681    1732    1731    1
    1649    1681    1682    1733    1732    1
    1650    1682    1683    1734    1733    1
    1651    1684    1685    1736    1735    1
    1652    1685    1686    1737    1736    1
    1653    1686    1687    1738    1737    1
    1654    1687    1688    1739    1738    1
    1655    1688    1689    1740    1739    1
    1656    1689    1690    1741    1740    1
    1657    1690    1691    1742    1741    1
    1658    1691    1692    1743    1742    1
    1659    1692    1693    1744    1743    1
    1660    1693    1694    1745    1744    1
    1661    1694    1695    1746    1745    1
    1662    1695    1696    1747    1746    1
    1663    1696    1697    1748    1747    1
    1664    1697    1698    1749    1748    1
    1665    1698    1699    1750    1749    1
    1666    1699    1700    1751    1750    1
    1667    1700    1701    1752    1751    1
    1668    1701    1702    1753    1752    1
    1669    1702    1703    1754    1753    1
    1670    1703    1704    1755    1754    1
    1671    1704    1705    1756    1755    1
    1672    1705    1706    1757    1756    1
    1673    1706    1707    1758    1757    1
    1674    1707    1708    1759    1758    1
    1675    1708    1709    1760    1759    1
    1676    1709    1710    1761    1760    1
    1677    1710    1711    1762    1761    1
    1678    1711    1712    1763    1762    1
    1679    1712    1713    1764    1763    1
    1680    1713    1714    1765    1764    1
    1681    1714    1715    1766    1765    1
    1682    1715    1716    1767    1766    1
    1683    1716    1717    1768    1767    1
    1684    1717    1718    1769    1768    1
    1685    1718    1719    1770    1769    1
    1686    1719    1720    1771    1770    1
    1687    1720    1721    1772    1771    1
    1688    1721    1722    1773    1772    1
    1689    1722    1723    1774    1773    1
    1690    1723    1724    1775    1774    1
    1691    1724    1725    1776    1775    1
    1692    1725    1726    1777    1776    1
    1693    1726    1727    1778    1777    1
    1694    1727    1728    1779    1778    1
    1695    1728    1729    1780    1779    1
    1696    1729    1730    1781    1780    1
    1697    1730    1731    1782    1781    1
    1698    1731    1732    1783    1782    1
    1699    1732    1733    1784    1783    1
    1700    1733    1734    1785    1784    1
    1701    1735    1736    1787    1786    1
    1702    1736    1737    1788    1787    1
    1703    1737    1738    1789    1788    1
    1704    1738    1739    1790    1789    1
    1705    1739    1740    1791    1790    1
    1706    1740    1741    1792    1791    1
    1707    1741    1742    1793    1792    1
    1708    1742    1743    1794    1793    1
    1709    1743    1744    1795    1794    1
    1710    1744    1745    1796    1795    1
    1711    1745    1746    1797    1796    1
    1712    1746    1747    1798    1797    1
    1713    1747    1748    1799    1798    1
    1714    1748    1749    1800    1799    1
    1715    1749    1750    1801    1800    1
    1716    1750    1751    1802    1801    1
    1717    1751    1752    1803    1802    1
    1718    1752    1753    1804    1803    1
    1719    1753    1754    1805    1804    1
    1720    1754    1755    1806    1805    1
    1721    1755    1756    1807    1806    1
    1722    1756    1757    1808    1807    1
    1723    1757    1758    1809    1808    1
    1724    1758    1759    1810    1809    1
    1725    1759    1760    1811    1810    1
    1726    1760    1761    1812    1811    1
    1727    1761    1762    1813    1812    1
    1728    1762    1763    1814    1813    1
    1729    1763    1764    1815    1814    1
    1730    1764    1765    1816    1815    1
    1731    1765    1766    1817    1816    1
    1732    1766    1767    1818    1817    1
    1733    1767    1768    1819    1818    1
    1734    1768    1769    1820    1819    1
    1735    1769    1770    1821    1820    1
    1736    1770    1771    1822    1821    1
    1737    1771    1772    1823    1822    1
    1738    1772    1773    1824    1823    1
    1739    1773    1774    1825    1824    1
    1740    1774    1775    1826    1825    1
    1741    1775    1776    1827    1826    1
    1742    1776    1777    1828    1827    1
    1743    1777    1778    1829    1828    1
    1744    1778    1779    1830    1829    1
    1745    1779    1780    1831    1830    1
    1746    1780    1781    1832    1831    1
    1747    1781    1782    1833    1832    1
    1748    1782    1783    1834    1833    1
    1749    1783    1784    1835    1834    1
    1750    1784    1785    1836    1835    1
    1751    1786    1787    1838    1837    1
    1752    1787    1788    1839    1838    1
    1753    1788    1789    1840    1839    1
    1754    1789    1790    1841    1840    1
    1755    1790    1791    1842    1841    1
    1756    1791    1792    1843    1842    1
    1757    1792    1793    1844    1843    1
    1758    1793    1794    1845    1844    1
    1759    1794    1795    1846    1845    1
    1760    1795    1796    1847    1846    1
    1761    1796    1797    1848    1847    1
    1762    1797    1798    1849    1848    1
    1763    1798    1799    1850    1849    1
    1764    1799    1800    1851    1850    1
    1765    1800    1801    1852    1851    1
    1766    1801    1802    1853    1852    1
    1767    1802    1803    1854    1853    1
    1768    1803    1804    1855    1854    1
    1769    1804    1805    1856    1855    1
    1770    1805    1806    1857    1856    1
    1771    1806    1807    1858    1857    1
    1772    1807    1808    1859    1858    1
    1773    1808    1809    1860    1859    1
    1774    1809    1810    1861    1860    1
    1775    1810    1811    1862    1861    1
    1776    1811    1812    1863    1862    1
    1777    1812    1813    1864    1863    1
    1778    1813    1814    1865    1864    1
    1779    1814    1815    1866    1865    1
    1780    1815    1816    1867    1866    1
    1781    1816    1817    1868    1867    1
    1782    1817    1818    1869    1868    1
    1783    1818    1819    1870    1869    1
    1784    1819    1820    1871    1870    1
    1785    1820    1821    1872    1871    1
    1786    1821    1822    1873    1872    1
    1787    1822    1823    1874    1873    1
    1788    1823    1824    1875    1874    1
    1789    1824    1825    1876    1875    1
    1790    1825    1826    1877    1876    1
    1791    1826    1827    1878    1877    1
    1792    1827    1828    1879    1878    1
    1793    1828    1829    1880    1879    1
    1794    1829    1830    1881    1880    1
    1795    1830    1831    1882    1881    1
    1796    1831    1832    1883    1882    1
    1797    1832    1833    1884    1883    1
    1798    1833    1834    1885    1884    1
    1799    1834    1835    1886    1885    1
    1800    1835    1836    1887    1886    1
    1801    1837    1838    1889    1888    1
    1802    1838    1839    1890    1889    1
    1803    1839    1840    1891    1890    1
    1804    1840    1841    1892    1891    1
    1805    1841    1842    1893    1892    1
    1806    1842    1843    1894    1893    1
    1807    1843    1844    1895    1894    1
    1808    1844    1845    1896    1895    1
    1809    1845    1846    1897    1896    1
    1810    1846    1847    1898    1897    1
    1811    1847    1848    1899    1898    1
    1812    1848    1849    1900    1899    1
    1813    1849    1850    1901    1900    1
    1814    1850    1851    1902    1901    1
    1815    1851    1852    1903    1902    1
    1816    1852    1853    1904    1903    1
    1817    1853    1854    1905    1904    1
    1818    1854    1855    1906    1905    1
    1819    1855    1856    1907    1906    1
    1820    1856    1857    1908    1907    1
    1821    1857    1858    1909    1908    1
    1822    1858    1859    1910    1909    1
    1823    1859    1860    1911    1910    1
    1824    1860    1861    1912    1911    1
    1825    1861    1862    1913    1912    1
    1826    1862    1863    1914    1913    1
    1827    1863    1864    1915    1914    1
    1828    1864    1865    1916    1915    1
    1829    1865    1866    1917    1916    1
    1830    1866    1867    1918    1917    1
    1831    1867    1868    1919    1918    1
    1832    1868    1869    1920    1919    1
    1833    1869    1870    1921    1920    1
    1834    1870    1871    1922    1921    1
    1835    1871    1872    1923    1922    1
    1836    1872    1873    1924    1923    1
    1837    1873    1874    1925    1924    1
    1838    1874    1875    1926    1925    1
    1839    1875    1876    1927    1926    1
    1840    1876    1877    1928    1927    1
    1841    1877    1878    1929    1928    1
    1842    1878    1879    1930    1929    1
    1843    1879    1880    1931    1930    1
    1844    1880    1881    1932    1931    1
    1845    1881    1882    1933    1932    1
    1846    1882    1883    1934    1933    1
    1847    1883    1884    1935    1934    1
    1848    1884    1885    1936    1935    1
    1849    1885    1886    1937    1936    1
    1850    1886    1887    1938    1937    1
    1851    1888    1889    1940    1939    1
    1852    1889    1890    1941    1940    1
    1853    1890    1891    1942    1941    1
    1854    1891    1892    1943    1942    1
    1855    1892    1893    1944    1943    1
    1856    1893    1894    1945    1944    1
    1857    1894    1895    1946    1945    1
    1858    1895    1896    1947    1946    1
    1859    1896    1897    1948    1947    1
    1860    1897    1898    1949    1948    1
    1861    1898    1899    1950    1949    1
    1862    1899    1900    1951    1950    1
    1863    1900    1901    1952    1951    1
    1864    1901    1902    1953    1952    1
    1865    1902    1903    1954    1953    1
    1866    1903    1904    1955    1954    1
    1867    1904    1905    1956    1955    1
    1868    1905    1906    1957    1956    1
    1869    1906    1907    1958    1957    1
    1870    1907    1908    1959    1958    1
    1871    1908    1909    1960    1959    1
    1872    1909    1910    1961    1960    1
    1873    1910    1911    1962    1961    1
    1874    1911    1912    1963    1962    1
    1875    1912    1913    1964    1963    1
    1876    1913    1914    1965    1964    1
    1877    1914    1915    1966    1965    1
    1878    1915    1916    1967    1966    1
    1879    1916    1917    1968    1967    1
    1880    1917    1918    1969    1968    1
    1881    1918    1919    1970    1969    1
    1882    1919    1920    1971    1970    1
    1883    1920    1921    1972    1971    1
    1884    1921    1922    1973    1972    1
    1885    1922    1923    1974    1973    1
    1886    1923    1924    1975    1974    1
    1887    1924    1925    1976    1975    1
    1888    1925    1926    1977    1976    1
    1889    1926    1927    1978    1977    1
    1890    1927    1928    1979    1978    1
    1891    1928    1929    1980    1979    1
    1892    1929    1930    1981    1980    1
    1893    1930    1931    1982    1981    1
    1894    1931    1932    1983    1982    1
    1895    1932    1933    1984    1983    1
    1896    1933    1934    1985    1984    1
    1897    1934    1935    1986    1985    1
    1898    1935    1936    1987    1986    1
    1899    1936    1937    1988    1987    1
    1900    1937    1938    1989    1988    1
    1901    1939    1940    1991    1990    1
    1902    1940    1941    1992    1991    1
    1903    1941    1942    1993    1992    1
    1904    1942    1943    1994    1993    1
    1905    1943    1944    1995    1994    1
    1906    1944    1945    1996    1995    1
    1907    1945    1946    1997    1996    1
    1908    1946    1947    1998    1997    1
    1909    1947    1948    1999    1998    1
    1910    1948    1949    2000    1999    1
    1911    1949    1950    2001    2000    1
    1912    1950    1951    2002    2001    1
    1913    1951    1952    2003    2002    1
    1914    1952    1953    2004    2003    1
    1915    1953    1954    2005    2004    1
    1916    1954    1955    2006    2005    1
    1917    1955    1956    2007    2006    1
    1918    1956    1957    2008    2007    1
    1919    1957    1958    2009    2008    1
    1920    1958    1959    2010    2009    1
    1921    1959    1960    2011    2010    1
    1922    1960    1961    2012    2011    1
    1923    1961    1962    2013    2012    1
    1924    1962    1963    2014    2013    1
    1925    1963    1964    2015    2014    1
    1926    1964    1965    2016    2015    1
    1927    1965    1966    2017    2016    1
    1928    1966    1967    2018    2017    1
    1929    1967    1968    2019    2018    1
    1930    1968    1969    2020    2019    1
    1931    1969    1970    2021    2020    1
    1932    1970    1971    2022    2021    1
    1933    1971    1972    2023    2022    1
    1934    1972    1973    2024    2023    1
    1935    1973    1974    2025    2024    1
    1936    1974    1975    2026    2025    1
    1937    1975    1976    2027    2026    1
    1938    1976    1977    2028    2027    1
    1939    1977    1978    2029    2028    1
    1940    1978    1979    2030    2029    1
    1941    1979    1980    2031    2030    1
    1942    1980    1981    2032    2031    1
    1943    1981    1982    2033    2032    1
    1944    1982    1983    2034    2033    1
    1945    1983    1984    2035    2034    1
    1946    1984    1985    2036    2035    1
    1947    1985    1986    2037    2036    1
    1948    1986    1987    2038    2037    1
    1949    1987    1988    2039    2038    1
    1950    1988    1989    2040    2039    1
    1951    1990    1991    2042    2041    1
    1952    1991    1992    2043    2042    1
    1953    1992    1993    2044    2043    1
    1954    1993    1994    2045    2044    1
    1955    1994    1995    2046    2045    1
    1956    1995    1996    2047    2046    1
    1957    1996    1997    2048    2047    1
    1958    1997    1998    2049    2048    1
    1959    1998    1999    2050    2049    1
    1960    1999    2000    2051    2050    1
    1961    2000    2001    2052    2051    1
    1962    2001    2002    2053    2052    1
    1963    2002    2003    2054    2053    1
    1964    2003    2004    2055    2054    1
    1965    2004    2005    2056    2055    1
    1966    2005    2006    2057    2056    1
    1967    2006    2007    2058    2057    1
    1968    2007    2008    2059    2058    1
    1969    2008    2009    2060    2059    1
    1970    2009    2010    2061    2060    1
    1971    2010    2011    2062    2061    1
    1972    2011    2012    2063    2062    1
    1973    2012    2013    2064    2063    1
    1974    2013    2014    2065    2064    1
    1975    2014    2015    2066    2065    1
    1976    2015    2016    2067    2066    1
    1977    2016    2017    2068    2067    1
    1978    2017    2018    2069    2068    1
    1979    2018    2019    2070    2069    1
    1980    2019    2020    2071    2070    1
    1981    2020    2021    2072    2071    1
    1982    2021    2022    2073    2072    1
    1983    2022    2023    2074    2073    1
    1984    2023    2024    2075    2074    1
    1985    2024    2025    2076    2075    1
    1986    2025    2026    2077    2076    1
    1987    2026    2027    2078    2077    1
    1988    2027    2028    2079    2078    1
    1989    2028    2029    2080    2079    1
    1990    2029    2030    2081    2080    1
    1991    2030    2031    2082    2081    1
    1992    2031    2032    2083    2082    1
    1993    2032    2033    2084    2083    1
    1994    2033    2034    2085    2084    1
    1995    2034    2035    2086    2085    1
    1996    2035    2036    2087    2086    1
    1997    2036    2037    2088    2087    1
    1998    2037    2038    2089    2088    1
    1999    2038    2039    2090    2089    1
    2000    2039    2040    2091    2090    1
    2001    2041    2042    2093    2092    1
    2002    2042    2043    2094    2093    1
    2003    2043    2044    2095    2094    1
    2004    2044    2045    2096    2095    1
    2005    2045    2046    2097    2096    1
    2006    2046    2047    2098    2097    1
    2007    2047    2048    2099    2098    1
    2008    2048    2049    2100    2099    1
    2009    2049    2050    2101    2100    1
    2010    2050    2051    2102    2101    1
    2011    2051    2052    2103    2102    1
    2012    2052    2053    2104    2103    1
    2013    2053    2054    2105    2104    1
    2014    2054    2055    2106    2105    1
    2015    2055    2056    2107    2106    1
    2016    2056    2057    2108    2107    1
    2017    2057    2058    2109    2108    1
    2018    2058    2059    2110    2109    1
    2019    2059    2060    2111    2110    1
    2020    2060    2061    2112    2111    1
    2021    2061    2062    2113    2112    1
    2022    2062    2063    2114    2113    1
    2023    2063    2064    2115    2114    1
    2024    2064    2065    2116    2115    1
    2025    2065    2066    2117    2116    1
    2026    2066    2067    2118    2117    1
    2027    2067    2068    2119    2118    1
    2028    2068    2069    2120    2119    1
    2029    2069    2070    2121    2120    1
    2030    2070    2071    2122    2121    1
    2031    2071    2072    2123    2122    1
    2032    2072    2073    2124    2123    1
    2033    2073    2074    2125    2124    1
    2034    2074    2075    2126    2125    1
    2035    2075    2076    2127    2126    1
    2036    2076    2077    2128    2127    1
    2037    2077    2078    2129    2128    1
    2038    2078    2079    2130    2129    1
    2039    2079    2080    2131    2130    1
    2040    2080    2081    2132    2131    1
    2041    2081    2082    2133    2132    1
    2042    2082    2083    2134    2133    1
    2043    2083    2084    2135    2134    1
    2044    2084    2085    2136    2135    1
    2045    2085    2086    2137    2136    1
    2046    2086    2087    2138    2137    1
    2047    2087    2088    2139    2138    1
    2048    2088    2089    2140    2139    1
    2049    2089    2090    2141    2140    1
    2050    2090    2091    2142    2141    1
    2051    2092    2093    2144    2143    1
    2052    2093    2094    2145    2144    1
    2053    2094    2095    2146    2145    1
    2054    2095    2096    2147    2146    1
    2055    2096    2097    2148    2147    1
    2056    2097    2098    2149    2148    1
    2057    2098    2099    2150    2149    1
    2058    2099    2100    2151    2150    1
    2059    2100    2101    2152    2151    1
    2060    2101    2102    2153    2152    1
    2061    2102    2103    2154    2153    1
    2062    2103    2104    2155    2154    1
    2063    2104    2105    2156    2155    1
    2064    2105    2106    2157    2156    1
    2065    2106    2107    2158    2157    1
    2066    2107    2108    2159    2158    1
    2067    2108    2109    2160    2159    1
    2068    2109    2110    2161    2160    1
    2069    2110    2111    2162    2161    1
    2070    2111    2112    2163    2162    1
    2071    2112    2113    2164    2163    1
    2072    2113    2114    2165    2164    1
    2073    2114    2115    2166    2165    1
    2074    2115    2116    2167    2166    1
    2075    2116    2117    2168    2167    1
    2076    2117    2118    2169    2168    1
    2077    2118    2119    2170    2169    1
    2078    2119    2120    2171    2170    1
    2079    2120    2121    2172    2171    1
    2080    2121    2122    2173    2172    1
    2081    2122    2123    2174    2173    1
    2082    2123    2124    2175    2174    1
    2083    2124    2125    2176    2175    1
    2084    2125    2126    2177    2176    1
    2085    2126    2127    2178    2177    1
    2086    2127    2128    2179    2178    1
    2087    2128    2129    2180    2179    1
    2088    2129    2130    2181    2180    1
    2089    2130    2131    2182    2181    1
    2090    2131    2132    2183    2182    1
    2091    2132    2133    2184    2183    1
    2092    2133    2134    2185    2184    1
    2093    2134    2135    2186    2185    1
    2094    2135    2136    2187    2186    1
    2095    2136    2137    2188    2187    1
    2096    2137    2138    2189    2188    1
    2097    2138    2139    2190    2189    1
    2098    2139    2140    2191    2190    1
    2099    2140    2141    2192    2191    1
    2100    2141    2142    2193    2192    1
    2101    2143    2144    2195    2194    1
    2102    2144    2145    2196    2195    1
    2103    2145    2146    2197    2196    1
    2104    2146    2147    2198    2197    1
    2105    2147    2148    2199    2198    1
    2106    2148    2149    2200    2199    1
    2107    2149    2150    2201    2200    1
    2108    2150    2151    2202    2201    1
    2109    2151    2152    2203    2202    1
    2110    2152    2153    2204    2203    1
    2111    2153    2154    2205    2204    1
    2112    2154    2155    2206    2205    1
    2113    2155    2156    2207    2206    1
    2114    2156    2157    2208    2207    1
    2115    2157    2158    2209    2208    1
    2116    2158    2159    2210    2209    1
    2117    2159    2160    2211    2210    1
    2118    2160    2161    2212    2211    1
    2119    2161    2162    2213    2212    1
    2120    2162    2163    2214    2213    1
    2121    2163    2164    2215    2214    1
    2122    2164    2165    2216    2215    1
    2123    2165    2166    2217    2216    1
    2124    2166    2167    2218    2217    1
    2125    2167    2168    2219    2218    1
    2126    2168    2169    2220    2219    1
    2127    2169    2170    2221    2220    1
    2128    2170    2171    2222    2221    1
    2129    2171    2172    2223    2222    1
    2130    2172    2173    2224    2223    1
    2131    2173    2174    2225    2224    1
    2132    2174    2175    2226    2225    1
    2133    2175    2176    2227    2226    1
    2134    2176    2177    2228    2227    1
    2135    2177    2178    2229    2228    1
    2136    2178    2179    2230    2229    1
    2137    2179    2180    2231    2230    1
    2138    2180    2181    2232    2231    1
    2139    2181    2182    2233    2232    1
    2140    2182    2183    2234    2233    1
    2141    2183    2184    2235    2234    1
    2142    2184    2185    2236    2235    1
    2143    2185    2186    2237    2236    1
    2144    2186    2187    2238    2237    1
    2145    2187    2188    2239    2238    1
    2146    2188    2189    2240    2239    1
    2147    2189    2190    2241    2240    1
    2148    2190    2191    2242    2241    1
    2149    2191    2192    2243    2242    1
    2150    2192    2193    2244    2243    1
    2151    2194    2195    2246    2245    1
    2152    2195    2196    2247    2246    1
    2153    2196    2197    2248    2247    1
    2154    2197    2198    2249    2248    1
    2155    2198    2199    2250    2249    1
    2156    2199    2200    2251    2250    1
    2157    2200    2201    2252    2251    1
    2158    2201    2202    2253    2252    1
    2159    2202    2203    2254    2253    1
    2160    2203    2204    2255    2254    1
    2161    2204    2205    2256    2255    1
    2162    2205    2206    2257    2256    1
    2163    2206    2207    2258    2257    1
    2164    2207    2208    2259    2258    1
    2165    2208    2209    2260    2259    1
    2166    2209    2210    2261    2260    1
    2167    2210    2211    2262    2261    1
    2168    2211    2212    2263    2262    1
    2169    2212    2213    2264    2263    1
    2170    2213    2214    2265    2264    1
    2171    2214    2215    2266    2265    1
    2172    2215    2216    2267    2266    1
    2173    2216    2217    2268    2267    1
    2174    2217    2218    2269    2268    1
    2175    2218    2219    2270    2269    1
    2176    2219    2220    2271    2270    1
    2177    2220    2221    2272    2271    1
    2178    2221    2222    2273    2272    1
    2179    2222    2223    2274    2273    1
    2180    2223    2224    2275    2274    1
    2181    2224    2225    2276    2275    1
    2182    2225    2226    2277    2276    1
    2183    2226    2227    2278    2277    1
    2184    2227    2228    2279    2278    1
    2185    2228    2229    2280    2279    1
    2186    2229    2230    2281    2280    1
    2187    2230    2231    2282    2281    1
    2188    2231    2232    2283    2282    1
    2189    2232    2233    2284    2283    1
    2190    2233    2234    2285    2284    1
    2191    2234    2235    2286    2285    1
    2192    2235    2236    2287    2286    1
    2193    2236    2237    2288    2287    1
    2194    2237    2238    2289    2288    1
    2195    2238    2239    2290    2289    1
    2196    2239    2240    2291    2290    1
    2197    2240    2241    2292    2291    1
    2198    2241    2242    2293    2292    1
    2199    2242    2243    2294    2293    1
    2200    2243    2244    2295    2294    1
    2201    2245    2246    2297    2296    1
    2202    2246    2247    2298    2297    1
    2203    2247    2248    2299    2298    1
    2204    2248    2249    2300    2299    1
    2205    2249    2250    2301    2300    1
    2206    2250    2251    2302    2301    1
    2207    2251    2252    2303    2302    1
    2208    2252    2253    2304    2303    1
    2209    2253    2254    2305    2304    1
    2210    2254    2255    2306    2305    1
    2211    2255    2256    2307    2306    1
    2212    2256    2257    2308    2307    1
    2213    2257    2258    2309    2308    1
    2214    2258    2259    2310    2309    1
    2215    2259    2260    2311    2310    1
    2216    2260    2261    2312    2311    1
    2217    2261    2262    2313    2312    1
    2218    2262    2263    2314    2313    1
    2219    2263    2264    2315    2314    1
    2220    2264    2265    2316    2315    1
    2221    2265    2266    2317    2316    1
    2222    2266    2267    2318    2317    1
    2223    2267    2268    2319    2318    1
    2224    2268    2269    2320    2319    1
    2225    2269    2270    2321    2320    1
    2226    2270    2271    2322    2321    1
    2227    2271    2272    2323    2322    1
    2228    2272    2273    2324    2323    1
    2229    2273    2274    2325    2324    1
    2230    2274    2275    2326    2325    1
    2231    2275    2276    2327    2326    1
    2232    2276    2277    2328    2327    1
    2233    2277    2278    2329    2328    1
    2234    2278    2279    2330    2329    1
    2235    2279    2280    2331    2330    1
    2236    2280    2281    2332    2331    1
    2237    2281    2282    2333    2332    1
    2238    2282    2283    2334    2333    1
    2239    2283    2284    2335    2334    1
    2240    2284    2285    2336    2335    1
    2241    2285    2286    2337    2336    1
    2242    2286    2287    2338    2337    1
    2243    2287    2288    2339    2338    1
    2244    2288    2289    2340    2339    1
    2245    2289    2290    2341    2340    1
    2246    2290    2291    2342    2341    1
    2247    2291    2292    2343    2342    1
    2248    2292    2293    2344    2343    1
    2249    2293    2294    2345    2344    1
    2250    2294    2295    2346    2345    1
    2251    2296    2297    2348    2347    1
    2252    2297    2298    2349    2348    1
    2253    2298    2299    2350    2349    1
    2254    2299    2300    2351    2350    1
    2255    2300    2301    2352    2351    1
    2256    2301    2302    2353    2352    1
    2257    2302    2303    2354    2353    1
    2258    2303    2304    2355    2354    1
    2259    2304    2305    2356    2355    1
    2260    2305    2306    2357    2356    1
    2261    2306    2307    2358    2357    1
    2262    2307    2308    2359    2358    1
    2263    2308    2309    2360    2359    1
    2264    2309    2310    2361    2360    1
    2265    2310    2311    2362    2361    1
    2266    2311    2312    2363    2362    1
    2267    2312    2313    2364    2363    1
    2268    2313    2314    2365    2364    1
    2269    2314    2315    2366    2365    1
    2270    2315    2316    2367    2366    1
    2271    2316    2317    2368    2367    1
    2272    2317    2318    2369    2368    1
    2273    2318    2319    2370    2369    1
    2274    2319    2320    2371    2370    1
    2275    2320    2321    2372    2371    1
    2276    2321    2322    2373    2372    1
    2277    2322    2323    2374    2373    1
    2278    2323    2324    2375    2374    1
    2279    2324    2325    2376    2375    1
    2280    2325    2326    2377    2376    1
    2281    2326    2327    2378    2377    1
    2282    2327    2328    2379    2378    1
    2283    2328    2329    2380    2379    1
    2284    2329    2330    2381    2380    1
    2285    2330    2331    2382    2381    1
    2286    2331    2332    2383    2382    1
    2287    2332    2333    2384    2383    1
    2288    2333    2334    2385    2384    1
    2289    2334    2335    2386    2385    1
    2290    2335    2336    2387    2386    1
    2291    2336    2337    2388    2387    1
    2292    2337    2338    2389    2388    1
    2293    2338    2339    2390    2389    1
    2294    2339    2340    2391    2390    1
    2295    2340    2341    2392    2391    1
    2296    2341    2342    2393    2392    1
    2297    2342    2343    2394    2393    1
    2298    2343    2344    2395    2394    1
    2299    2344    2345    2396    2395    1
    2300    2345    2346    2397    2396    1
    2301    2347    2348    2399    2398    1
    2302    2348    2349    2400    2399    1
    2303    2349    2350    2401    2400    1
    2304    2350    2351    2402    2401    1
    2305    2351    2352    2403    2402    1
    2306    2352    2353    2404    2403    1
    2307    2353    2354    2405    2404    1
    2308    2354    2355    2406    2405    1
    2309    2355    2356    2407    2406    1
    2310    2356    2357    2408    2407    1
    2311    2357    2358    2409    2408    1
    2312    2358    2359    2410    2409    1
    2313    2359    2360    2411    2410    1
    2314    2360    2361    2412    2411    1
    2315    2361    2362    2413    2412    1
    2316    2362    2363    2414    2413    1
    2317    2363    2364    2415    2414    1
    2318    2364    2365    2416    2415    1
    2319    2365    2366    2417    2416    1
    2320    2366    2367    2418    2417    1
    2321    2367    2368    2419    2418    1
    2322    2368    2369    2420    2419    1
    2323    2369    2370    2421    2420    1
    2324    2370    2371    2422    2421    1
    2325    2371    2372    2423    2422    1
    2326    2372    2373    2424    2423    1
    2327    2373    2374    2425    2424    1
    2328    2374    2375    2426    2425    1
    2329    2375    2376    2427    2426    1
    2330    2376    2377    2428    2427    1
    2331    2377    2378    2429    2428    1
    2332    2378    2379    2430    2429    1
    2333    2379    2380    2431    2430    1
    2334    2380    2381    2432    2431    1
    2335    2381    2382    2433    2432    1
    2336    2382    2383    2434    2433    1
    2337    2383    2384    2435    2434    1
    2338    2384    2385    2436    2435    1
    2339    2385    2386    2437    2436    1
    2340    2386    2387    2438    2437    1
    2341    2387    2388    2439    2438    1
    2342    2388    2389    2440    2439    1
    2343    2389    2390    2441    2440    1
    2344    2390    2391    2442    2441    1
    2345    2391    2392    2443    2442    1
    2346    2392    2393    2444    2443    1
    2347    2393    2394    2445    2444    1
    2348    2394    2395    2446    2445    1
    2349    2395    2396    2447    2446    1
    2350    2396    2397    2448    2447    1
    2351    2398    2399    2450    2449    1
    2352    2399    2400    2451    2450    1
    2353    2400    2401    2452    2451    1
    2354    2401    2402    2453    2452    1
    2355    2402    2403    2454    2453    1
    2356    2403    2404    2455    2454    1
    2357    2404    2405    2456    2455    1
    2358    2405    2406    2457    2456    1
    2359    2406    2407    2458    2457    1
    2360    2407    2408    2459    2458    1
    2361    2408    2409    2460    2459    1
    2362    2409    2410    2461    2460    1
    2363    2410    2411    2462    2461    1
    2364    2411    2412    2463    2462    1
    2365    2412    2413    2464    2463    1
    2366    2413    2414    2465    2464    1
    2367    2414    2415    2466    2465    1
    2368    2415    2416    2467    2466    1
    2369    2416    2417    2468    2467    1
    2370    2417    2418    2469    2468    1
    2371    2418    2419    2470    2469    1
    2372    2419    2420    2471    2470    1
    2373    2420    2421    2472    2471    1
    2374    2421    2422    2473    2472    1
    2375    2422    2423    2474    2473    1
    2376    2423    2424    2475    2474    1
    2377    2424    2425    2476    2475    1
    2378    2425    2426    2477    2476    1
    2379    2426    2427    2478    2477    1
    2380    2427    2428    2479    2478    1
    2381    2428    2429    2480    2479    1
    2382    2429    2430    2481    2480    1
    2383    2430    2431    2482    2481    1
    2384    2431    2432    2483    2482    1
    2385    2432    2433    2484    2483    1
    2386    2433    2434    2485    2484    1
    2387    2434    2435    2486    2485    1
    2388    2435    2436    2487    2486    1
    2389    2436    2437    2488    2487    1
    2390    2437    2438    2489    2488    1
    2391    2438    2439    2490    2489    1
    2392    2439    2440    2491    2490    1
    2393    2440    2441    2492    2491    1
    2394    2441    2442    2493    2492    1
    2395    2442    2443    2494    2493    1
    2396    2443    2444    2495    2494    1
    2397    2444    2445    2496    2495    1
    2398    2445    2446    2497    2496    1
    2399    2446    2447    2498    2497    1
    2400    2447    2448    2499    2498    1
    2401    2449    2450    2501    2500    1
    2402    2450    2451    2502    2501    1
    2403    2451    2452    2503    2502    1
    2404    2452    2453    2504    2503    1
    2405    2453    2454    2505    2504    1
    2406    2454    2455    2506    2505    1
    2407    2455    2456    2507    2506    1
    2408    2456    2457    2508    2507    1
    2409    2457    2458    2509    2508    1
    2410    2458    2459    2510    2509    1
    2411    2459    2460    2511    2510    1
    2412    2460    2461    2512    2511    1
    2413    2461    2462    2513    2512    1
    2414    2462    2463    2514    2513    1
    2415    2463    2464    2515    2514    1
    2416    2464    2465    2516    2515    1
    2417    2465    2466    2517    2516    1
    2418    2466    2467    2518    2517    1
    2419    2467    2468    2519    2518    1
    2420    2468    2469    2520    2519    1
    2421    2469    2470    2521    2520    1
    2422    2470    2471    2522    2521    1
    2423    2471    2472    2523    2522    1
    2424    2472    2473    2524    2523    1
    2425    2473    2474    2525    2524    1
    2426    2474    2475    2526    2525    1
    2427    2475    2476    2527    2526    1
    2428    2476    2477    2528    2527    1
    2429    2477    2478    2529    2528    1
    2430    2478    2479    2530    2529    1
    2431    2479    2480    2531    2530    1
    2432    2480    2481    2532    2531    1
    2433    2481    2482    2533    2532    1
    2434    2482    2483    2534    2533    1
    2435    2483    2484    2535    2534    1
    2436    2484    2485    2536    2535    1
    2437    2485    2486    2537    2536    1
    2438    2486    2487    2538    2537    1
    2439    2487    2488    2539    2538    1
    2440    2488    2489    2540    2539    1
    2441    2489    2490    2541    2540    1
    2442    2490    2491    2542    2541    1
    2443    2491    2492    2543    2542    1
    2444    2492    2493    2544    2543    1
    2445    2493    2494    2545    2544    1
    2446    2494    2495    2546    2545    1
    2447    2495    2496    2547    2546    1
    2448    2496    2497    2548    2547    1
    2449    2497    2498    2549    2548    1
    2450    2498    2499    2550    2549    1
    2451    2500    2501    2552    2551    1
    2452    2501    2502    2553    2552    1
    2453    2502    2503    2554    2553    1
    2454    2503    2504    2555    2554    1
    2455    2504    2505    2556    2555    1
    2456    2505    2506    2557    2556    1
    2457    2506    2507    2558    2557    1
    2458    2507    2508    2559    2558    1
    2459    2508    2509    2560    2559    1
    2460    2509    2510    2561    2560    1
    2461    2510    2511    2562    2561    1
    2462    2511    2512    2563    2562    1
    2463    2512    2513    2564    2563    1
    2464    2513    2514    2565    2564    1
    2465    2514    2515    2566    2565    1
    2466    2515    2516    2567    2566    1
    2467    2516    2517    2568    2567    1
    2468    2517    2518    2569    2568    1
    2469    2518    2519    2570    2569    1
    2470    2519    2520    2571    2570    1
    2471    2520    2521    2572    2571    1
    2472    2521    2522    2573    2572    1
    2473    2522    2523    2574    2573    1
    2474    2523    2524    2575    2574    1
    2475    2524    2525    2576    2575    1
    2476    2525    2526    2577    2576    1
    2477    2526    2527    2578    2577    1
    2478    2527    2528    2579    2578    1
    2479    2528    2529    2580    2579    1
    2480    2529    2530    2581    2580    1
    2481    2530    2531    2582    2581    1
    2482    2531    2532    2583    2582    1
    2483    2532    2533    2584    2583    1
    2484    2533    2534    2585    2584    1
    2485    2534    2535    2586    2585    1
    2486    2535    2536    2587    2586    1
    2487    2536    2537    2588    2587    1
    2488    2537    2538    2589    2588    1
    2489    2538    2539    2590    2589    1
    2490    2539    2540    2591    2590    1
    2491    2540    2541    2592    2591    1
    2492    2541    2542    2593    2592    1
    2493    2542    2543    2594    2593    1
    2494    2543    2544    2595    2594    1
    2495    2544    2545    2596    2595    1
    2496    2545    2546    2597    2596    1
    2497    2546    2547    2598    2597    1
    2498    2547    2548    2599    2598    1
    2499    2548    2549    2600    2599    1
    2500    2549    2550    2601    2600    1
