 time: 16:00:59
 Input the problem name?
 NPOIN  npoinb NELEM  NDIMN  NMATS  NGROUP NTLINK outplot KSTAB MAT_curve meshc 
 r
        2543        2543        2430           2           5           5
           0 GIDR                  0.000000000000000E+000           0
           0           0           0           0       99999
 NINIT KINIT winit NBLKS NLINKS NONSYM OUTINP outintr outintw neuman equvs type_
 A
           0           0           0           1           0           0
           0           0           0           0           0 
 VIE                                                          0           0
           0           0           0           0           0
 outinpunit=          37 outindunit=          54
 TYPE_PROBLEM TYPE_SOLVER TYPE_LOAD TYPE_NL STABPW nlayer kglb state_change Bpar
 a
 F                                                 
 PROFILE                                           
 LOAD                                                         1           0
           0           0
 type_layer1                                                                    
  
 NMASS NSMAT NHMAT NQMAT NLDFL KGMAT NSWKW UWCPL NGRAV nflow ECWPIPE            
  
         999         999         999         999         999           0
         999           0         999           0           0
 nfreeflownode                                                                  
  
 NTSMAT NTHMAT  KSTAT ground_inf src nextrf submodel                            
  
         999         999           0           0           0
 beeta1,beeta2,theta1=  0.500000000000000       0.250000000000000     
   1.00000000000000     
 equvs_process(1:ngroup)                                                        
  
 appear_level(1:ngroup)                                                         
  
 APPEAR_PROCESS(1-nblks                                                         
  
 appear_process=           0           1           1           1           1
 MATNO_PROCESS(1-nblks                                                          
  
 iblks=           0 ngroup=           5 matno=           1           2
           3           4           5
 force_process=           1           1           1           1           1
 uinitial=           0
 1-ILINKS(I0, Freedom, node1,node2)                                             
  
 1-tLINKS(I0, node1,node2)                                                      
  
 text1=
 1-NGROUP--GROUP INFORMATION                                                    
  
                (3) for each field: nfdof-number of freedom,listdof(1:nfdof)    
  
 igroup=           1
 name=Q4        
 igroup=           2
 name=Q4        
 igroup=           3
 name=Q4        
 igroup=           4
 name=Q4        
 igroup=           5
 name=Q4        
 tne=        2430
 text_tension_joint=
 tension_joint                                                                  
  
 text_tension_contact=
 contact_joint                                                                  
  
 ground_inf=           0 /100=           0
 nblks=           1
 Input runblks, =?
 time: 16:00:59
 MATERIAL PROPERTIES-INPUT FOR 1 TO NMATS                                       
  
 NAME FOR MATERIAL---FOR COMMENTS                                               
  
 FIRST:NAME---MECHANICAL, TEMPERATURE, ETC                                      
  
 FOR MECHNICAL, SECOND:PHASE---SOLID, FLUID, AIR OR OIL                         
  
                NUMBER OF PHASE                                                 
  
 FOR SOLID: MATERIAL(CLASSICALEP,CAMCLAY,ETC),density,ratio,thick,e,nu          
  
 FOR MATERISL: CLASSICALEP:CRITERIA(TC,VM,DP,MC),sigm0,hening                   
  
                 FOR MC OR DP: FRICT_ANGLE, DILAN_ANGLE                         
  
               CAMCLAY    :Pc, lamda, Mg, Mf, D0, D1,gaama                      
  
 FOR FLUID: (1) density,ratio,bulkw (2)permiability(1:ndimn)                    
  
 jmat=           1
 MECHANICAL                    SOLID                                    1
 ELASTIC_ISOTROPIC                2300.00000000000        1.00000000000000     
   1.00000000000000        10000000000.0000       0.180000000000000     
  5.000000000000000E-006           0           0           0
 jmat=           2
 MECHANICAL                    SOLID                                    2
 ELASTIC_ISOTROPIC                2500.00000000000        1.00000000000000     
   1.00000000000000        25000000000.0000       0.167000000000000     
  5.000000000000000E-006           0           0           0
 jmat=           3
 MECHANICAL                    SOLID                                    3
 ELASTIC_ISOTROPIC                2300.00000000000        1.00000000000000     
   1.00000000000000        10000000000.0000       0.180000000000000     
  5.000000000000000E-006           0           0           0
 jmat=           4
 MECHANICAL                    SOLID                                    4
 ELASTIC_ISOTROPIC                2300.00000000000        1.00000000000000     
   1.00000000000000        10000000000.0000       0.180000000000000     
  5.000000000000000E-006           0           0           0
 jmat=           5
 MECHANICAL                    SOLID                                    5
 ELASTIC_ISOTROPIC                2300.00000000000        1.00000000000000     
   1.00000000000000        10000000000.0000       0.180000000000000     
  5.000000000000000E-006           0           0           0
 ngaps                                                                          
  
 ngaps=           0
 nrcsteel                                                                       
  
 nrcsteel=           0
 nwcpipe                                                                        
  
 nwcpipe=           0
 nifsgroup 
 nifsgroup=           0
 nabsfgroup
 nabsfgroup=           0
 nabssgroup
 nabssgroup=         110
 ifsnedge                                                                       
                      
 ifsnedge=           0
 lblks=           0  blks_new=           1
 lincs=           0  nincs=           0
 lblks=           0  blks_new=           1
 Bparameter=           0
 lblks=           0 lincs=           0 ttime=  0.000000000000000E+000
 ntime=           2 LINEAR                         0           2
 ntime=        1001 SEISMIC                        0        1002
 ntime=        1001 SEISMIC                        0        1002
 ntime=        1001 SEISMIC                        0        1002
 ok waterlevel
 nplgroup=           0
 nedge=           0
 iblks=           1 lineload=        3018
 iblks=           1
 time: 16:00:59
 a1
 outind=           0
 NELGROUP/[iedge,itcu
 edge_load_group=           0 delgroup=           0
 gray=   9.81000000000000       0.000000000000000E+000  -1.00000000000000     
  0.000000000000000E+000  -1.00000000000000     
 tcurv=           0           0           0           0           0
 ecwpipe=           0 iblks=           1 lblks+1=           1
 ecwpipe=           0 iblks=           1 lblks+1=           1
 0         
 ntedge=           0
 0         
 npipe,algo_pipe=           0           0
 linet=           8
 time: 16:00:59
 time: 16:00:59
 time: 16:00:59
   time depend     iincs=           1 nincs=           1
 time: 16:00:59
 iblks=           1 iincs=           1 istep=           1
 maxval(result_zero)=  0.000000000000000E+000
 outinp=           0
 iiter=           1
Begin forming various matrix       at 2026-09-02 16:00:59 
 ktsmat=           1
Begin assemble golbal matrix       at 2026-09-02 16:00:59 
 ntelgroup=           0
Begin factorize global matrix      at 2026-09-02 16:00:59 
Begin solution global equation     at 2026-09-02 16:00:59 
                     istep=           1 iiter=           1
                     conver_load check
 resid=   34.5336913284684      retot=   3073395547.26070     
 ratio1=  1.060015638654243E-004 ratio2=  4.506327843811910E-005
 nchek0=           0 toler_force=  1.000000000000000E-005
 nchek=           1
 iiter=           2
Begin forming various matrix       at 2026-09-02 16:00:59 
 ktsmat=           0
Begin solution global equation     at 2026-09-02 16:00:59 
                     istep=           1 iiter=           2
                     conver_load check
 resid=  1.004052039077347E-004 retot=   3073395547.26070     
 ratio1=  1.807460780142971E-007 ratio2=  5.049678683966450E-008
 nchek0=           0 toler_force=  1.000000000000000E-005
 nchek=           0
                    conver_nodal_value check
               Convergence check for displacement
 ratio1=  1.642279410640976E-003 ratio2=  1.084474859802490E-003
                            not converged for checki=           1
 iiter=           3
Begin forming various matrix       at 2026-09-02 16:00:59 
 ktsmat=           0
Begin solution global equation     at 2026-09-02 16:00:59 
                     istep=           1 iiter=           3
                     conver_load check
 resid=  9.436674397053035E-010 retot=   3073395547.26070     
 ratio1=  5.541154460370931E-010 ratio2=  1.472358089036879E-010
 nchek0=           0 toler_force=  1.000000000000000E-005
 nchek=           0
                    conver_nodal_value check
               Convergence check for displacement
 ratio1=  6.068084824705320E-006 ratio2=  3.304787726170574E-006
 nchek=           0
 ***********RESTART FILE IS UPDATED!*******
 time: 16:00:59
 iblks=           1 iincs=           1 istep=           2
 outinp=           0
 iiter=           1
Begin forming various matrix       at 2026-09-02 16:00:59 
 ktsmat=           0
 ntelgroup=           0
Begin solution global equation     at 2026-09-02 16:00:59 
                     istep=           2 iiter=           1
                     conver_load check
 resid=   2.11850805330495      retot=   32539473819.0467     
 ratio1=  8.068815715690955E-006 ratio2=  6.330496009082038E-006
 nchek0=           0 toler_force=  1.000000000000000E-005
 nchek=           0
                    conver_nodal_value check
               Convergence check for displacement
 ratio1=  5.253230434219672E-002 ratio2=  0.126023335414978     
                            not converged for checki=           1
 iiter=           2
Begin forming various matrix       at 2026-09-02 16:00:59 
 ktsmat=           0
Begin solution global equation     at 2026-09-02 16:00:59 
                     istep=           2 iiter=           2
                     conver_load check
 resid=  8.153583644207548E-006 retot=   32539473819.0467     
 ratio1=  1.582956579990949E-008 ratio2=  4.142024426236025E-009
 nchek0=           0 toler_force=  1.000000000000000E-005
 nchek=           0
                    conver_nodal_value check
               Convergence check for displacement
 ratio1=  1.210230330053509E-004 ratio2=  9.214427363954415E-005
                            not converged for checki=           1
 iiter=           3
Begin forming various matrix       at 2026-09-02 16:00:59 
 ktsmat=           0
Begin solution global equation     at 2026-09-02 16:00:59 
                     istep=           2 iiter=           3
                     conver_load check
 resid=  1.194910734897474E-010 retot=   32539473819.0467     
 ratio1=  6.059858292203923E-011 ratio2=  2.093585219942466E-011
 nchek0=           0 toler_force=  1.000000000000000E-005
 nchek=           0
                    conver_nodal_value check
               Convergence check for displacement
 ratio1=  7.297531467510534E-007 ratio2=  8.103824083490073E-007
 nchek=           0
 ngvar in output=           7 nstre=           4
 ***********RESTART FILE IS UPDATED!*******
 time: 16:00:59
 iblks=           1 iincs=           1 istep=           3
 outinp=           0
 iiter=           1
Begin forming various matrix       at 2026-09-02 16:00:59 
 ktsmat=           0
 ntelgroup=           0
Begin solution global equation     at 2026-09-02 16:00:59 
                     istep=           3 iiter=           1
                     conver_load check
 resid=   8.76922974170133      retot=   88696123825.0432     
 ratio1=  9.943251025213280E-006 ratio2=  5.183560682024774E-006
 nchek0=           0 toler_force=  1.000000000000000E-005
 nchek=           0
                    conver_nodal_value check
               Convergence check for displacement
 ratio1=  3.896185672641499E-002 ratio2=  4.832592063507770E-002
                            not converged for checki=           1
 iiter=           2
Begin forming various matrix       at 2026-09-02 16:00:59 
 ktsmat=           0
Begin solution global equation     at 2026-09-02 16:00:59 
                     istep=           3 iiter=           2
                     conver_load check
 resid=  1.329456934859927E-005 retot=   88696123825.0432     
 ratio1=  1.224291449798203E-008 ratio2=  3.970533480983276E-009
 nchek0=           0 toler_force=  1.000000000000000E-005
 nchek=           0
                    conver_nodal_value check
               Convergence check for displacement
 ratio1=  4.477214005934727E-005 ratio2=  3.537801494141365E-005
                            not converged for checki=           1
 iiter=           3
Begin forming various matrix       at 2026-09-02 16:00:59 
 ktsmat=           0
Begin solution global equation     at 2026-09-02 16:00:59 
                     istep=           3 iiter=           3
                     conver_load check
 resid=  1.091399008361466E-010 retot=   88696123825.0432     
 ratio1=  3.507837423066635E-011 ratio2=  9.535222053070158E-012
 nchek0=           0 toler_force=  1.000000000000000E-005
 nchek=           0
                    conver_nodal_value check
               Convergence check for displacement
 ratio1=  1.394405927837476E-007 ratio2=  8.495450434002668E-008
 nchek=           0
 ***********RESTART FILE IS UPDATED!*******
 time: 16:00:59
 iblks=           1 iincs=           1 istep=           4
 outinp=           0
 iiter=           1
Begin forming various matrix       at 2026-09-02 16:00:59 
 ktsmat=           0
 ntelgroup=           0
Begin solution global equation     at 2026-09-02 16:00:59 
                     istep=           4 iiter=           1
                     conver_load check
 resid=   8.57875592911302      retot=   176243771409.275     
 ratio1=  6.976783834615288E-006 ratio2=  2.639818024211959E-006
 nchek0=           0 toler_force=  1.000000000000000E-005
 nchek=           0
                    conver_nodal_value check
               Convergence check for displacement
 ratio1=  2.008907667067047E-002 ratio2=  2.145125573205231E-002
                            not converged for checki=           1
 iiter=           2
Begin forming various matrix       at 2026-09-02 16:00:59 
 ktsmat=           0
Begin solution global equation     at 2026-09-02 16:00:59 
                     istep=           4 iiter=           2
                     conver_load check
 resid=  2.726361416697926E-005 retot=   176243771409.275     
 ratio1=  1.243754957145951E-008 ratio2=  3.555349585934088E-009
 nchek0=           0 toler_force=  1.000000000000000E-005
 nchek=           0
                    conver_nodal_value check
               Convergence check for displacement
 ratio1=  3.365505051734372E-005 ratio2=  2.415557127970102E-005
                            not converged for checki=           1
 iiter=           3
Begin forming various matrix       at 2026-09-02 16:00:59 
 ktsmat=           0
Begin solution global equation     at 2026-09-02 16:00:59 
                     istep=           4 iiter=           3
                     conver_load check
 resid=  2.311921743429570E-010 retot=   176243771409.275     
 ratio1=  3.621843461907005E-011 ratio2=  1.022208789403865E-011
 nchek0=           0 toler_force=  1.000000000000000E-005
 nchek=           0
                    conver_nodal_value check
               Convergence check for displacement
 ratio1=  1.021888895501486E-007 ratio2=  6.945679735473969E-008
 nchek=           0
 ngvar in output=           7 nstre=           4
 ***********RESTART FILE IS UPDATED!*******
 time: 16:00:59
 iblks=           1 iincs=           1 istep=           5
 outinp=           0
 iiter=           1
Begin forming various matrix       at 2026-09-02 16:00:59 
 ktsmat=           0
 ntelgroup=           0
Begin solution global equation     at 2026-09-02 16:00:59 
                     istep=           5 iiter=           1
                     conver_load check
 resid=   12.4532969344246      retot=   291123391065.110     
 ratio1=  6.540389626645717E-006 ratio2=  3.214857063016109E-006
 nchek0=           0 toler_force=  1.000000000000000E-005
 nchek=           0
                    conver_nodal_value check
               Convergence check for displacement
 ratio1=  1.510292404122860E-002 ratio2=  1.922217580230665E-002
                            not converged for checki=           1
 iiter=           2
Begin forming various matrix       at 2026-09-02 16:00:59 
 ktsmat=           0
Begin solution global equation     at 2026-09-02 16:00:59 
                     istep=           5 iiter=           2
                     conver_load check
 resid=  1.887378664469444E-005 retot=   291123391065.110     
 ratio1=  8.051762756121058E-009 ratio2=  2.687467971792995E-009
 nchek0=           0 toler_force=  1.000000000000000E-005
 nchek=           0
                    conver_nodal_value check
               Convergence check for displacement
 ratio1=  1.729655725324043E-005 ratio2=  1.485276022989689E-005
                            not converged for checki=           1
 iiter=           3
Begin forming various matrix       at 2026-09-02 16:00:59 
 ktsmat=           0
Begin solution global equation     at 2026-09-02 16:00:59 
                     istep=           5 iiter=           3
                     conver_load check
 resid=  1.476091426526074E-010 retot=   291123391065.110     
 ratio1=  2.251739147032679E-011 ratio2=  6.415951675729275E-012
 nchek0=           0 toler_force=  1.000000000000000E-005
 nchek=           0
                    conver_nodal_value check
               Convergence check for displacement
 ratio1=  5.154904822411415E-008 ratio2=  3.545495748357414E-008
 nchek=           0
 ***********RESTART FILE IS UPDATED!*******
 time: 16:00:59
 iblks=           1 iincs=           1 istep=           6
 outinp=           0
 iiter=           1
Begin forming various matrix       at 2026-09-02 16:00:59 
 ktsmat=           0
 ntelgroup=           0
Begin solution global equation     at 2026-09-02 16:00:59 
                     istep=           6 iiter=           1
                     conver_load check
 resid=   10.8254629996695      retot=   434544531612.630     
 ratio1=  4.991212904460610E-006 ratio2=  2.218324023261224E-006
 nchek0=           0 toler_force=  1.000000000000000E-005
 nchek=           0
                    conver_nodal_value check
               Convergence check for displacement
 ratio1=  9.458743387921202E-003 ratio2=  1.068186090754136E-002
                            not converged for checki=           1
 iiter=           2
Begin forming various matrix       at 2026-09-02 16:00:59 
 ktsmat=           0
Begin solution global equation     at 2026-09-02 16:00:59 
                     istep=           6 iiter=           2
                     conver_load check
 resid=  3.543024273613855E-005 retot=   434544531612.630     
 ratio1=  9.029629259940743E-009 ratio2=  2.644614968427537E-009
 nchek0=           0 toler_force=  1.000000000000000E-005
 nchek=           0
                    conver_nodal_value check
               Convergence check for displacement
 ratio1=  1.603788450140241E-005 ratio2=  1.236217267952504E-005
                            not converged for checki=           1
 iiter=           3
Begin forming various matrix       at 2026-09-02 16:00:59 
 ktsmat=           0
Begin solution global equation     at 2026-09-02 16:00:59 
                     istep=           6 iiter=           3
                     conver_load check
 resid=  3.379712493255519E-010 retot=   434544531612.630     
 ratio1=  2.788834446555647E-011 ratio2=  8.119475885912208E-012
 nchek0=           0 toler_force=  1.000000000000000E-005
 nchek=           0
                    conver_nodal_value check
               Convergence check for displacement
 ratio1=  5.925842421133427E-008 ratio2=  3.848097703616280E-008
 nchek=           0
 ngvar in output=           7 nstre=           4
 ***********RESTART FILE IS UPDATED!*******
 time: 16:00:59
 iblks=           1 iincs=           1 istep=           7
 outinp=           0
 iiter=           1
Begin forming various matrix       at 2026-09-02 16:00:59 
 ktsmat=           0
 ntelgroup=           0
Begin solution global equation     at 2026-09-02 16:00:59 
                     istep=           7 iiter=           1
                     conver_load check
 resid=   121.764642359324      retot=   508537154678.815     
 ratio1=  1.547388106117817E-005 ratio2=  7.559420025417470E-006
 nchek0=           0 toler_force=  1.000000000000000E-005
 nchek=           1
 iiter=           2
Begin forming various matrix       at 2026-09-02 16:00:59 
 ktsmat=           0
Begin solution global equation     at 2026-09-02 16:00:59 
                     istep=           7 iiter=           2
                     conver_load check
 resid=  2.897688612508968E-004 retot=   508537154678.815     
 ratio1=  2.387066470831452E-008 ratio2=  7.863793872195492E-009
 nchek0=           0 toler_force=  1.000000000000000E-005
 nchek=           0
                    conver_nodal_value check
               Convergence check for displacement
 ratio1=  3.342979778806303E-005 ratio2=  2.891833444449914E-005
                            not converged for checki=           1
 iiter=           3
Begin forming various matrix       at 2026-09-02 16:00:59 
 ktsmat=           0
Begin solution global equation     at 2026-09-02 16:00:59 
                     istep=           7 iiter=           3
                     conver_load check
 resid=  2.411788178825207E-009 retot=   508537154678.815     
 ratio1=  6.886653572300383E-011 ratio2=  2.088798369815925E-011
 nchek0=           0 toler_force=  1.000000000000000E-005
 nchek=           0
                    conver_nodal_value check
               Convergence check for displacement
 ratio1=  1.030169993387603E-007 ratio2=  7.681814390282260E-008
 nchek=           0
 ***********RESTART FILE IS UPDATED!*******
 time: 16:00:59
 iblks=           1 iincs=           1 istep=           8
 outinp=           0
 iiter=           1
Begin forming various matrix       at 2026-09-02 16:00:59 
 ktsmat=           0
 ntelgroup=           0
Begin solution global equation     at 2026-09-02 16:00:59 
                     istep=           8 iiter=           1
                     conver_load check
 resid=   29.7249997529200      retot=   508287377446.597     
 ratio1=  7.647267243839832E-006 ratio2=  4.397304876895857E-006
 nchek0=           0 toler_force=  1.000000000000000E-005
 nchek=           0
                    conver_nodal_value check
               Convergence check for displacement
 ratio1=  9.117183418824917E-003 ratio2=  1.296069650731657E-002
                            not converged for checki=           1
 iiter=           2
Begin forming various matrix       at 2026-09-02 16:00:59 
 ktsmat=           0
Begin solution global equation     at 2026-09-02 16:00:59 
                     istep=           8 iiter=           2
                     conver_load check
 resid=  6.069433465567513E-005 retot=   508287377446.597     
 ratio1=  1.092746477199941E-008 ratio2=  3.795758675474606E-009
 nchek0=           0 toler_force=  1.000000000000000E-005
 nchek=           0
                    conver_nodal_value check
               Convergence check for displacement
 ratio1=  1.198801805780037E-005 ratio2=  1.072301122640626E-005
                            not converged for checki=           1
 iiter=           3
Begin forming various matrix       at 2026-09-02 16:00:59 
 ktsmat=           0
Begin solution global equation     at 2026-09-02 16:00:59 
                     istep=           8 iiter=           3
                     conver_load check
 resid=  5.432686824029658E-010 retot=   508287377446.597     
 ratio1=  3.269284178114801E-011 ratio2=  1.048998502195585E-011
 nchek0=           0 toler_force=  1.000000000000000E-005
 nchek=           0
                    conver_nodal_value check
               Convergence check for displacement
 ratio1=  4.056845562339995E-008 ratio2=  2.963361417118506E-008
 nchek=           0
 ngvar in output=           7 nstre=           4
 ***********RESTART FILE IS UPDATED!*******
 time: 16:00:59
 iblks=           1 iincs=           1 istep=           9
 outinp=           0
 iiter=           1
Begin forming various matrix       at 2026-09-02 16:00:59 
 ktsmat=           0
 ntelgroup=           0
Begin solution global equation     at 2026-09-02 16:00:59 
                     istep=           9 iiter=           1
                     conver_load check
 resid=   9.65704182620053      retot=   526607054463.565     
 ratio1=  4.282316082320216E-006 ratio2=  2.713451370665663E-006
 nchek0=           0 toler_force=  1.000000000000000E-005
 nchek=           0
                    conver_nodal_value check
               Convergence check for displacement
 ratio1=  4.478462398945898E-003 ratio2=  9.469973414241358E-003
                            not converged for checki=           1
 iiter=           2
Begin forming various matrix       at 2026-09-02 16:00:59 
 ktsmat=           0
Begin solution global equation     at 2026-09-02 16:00:59 
                     istep=           9 iiter=           2
                     conver_load check
 resid=  1.495136033602884E-005 retot=   526607054463.565     
 ratio1=  5.328402432005309E-009 ratio2=  1.981276130394774E-009
 nchek0=           0 toler_force=  1.000000000000000E-005
 nchek=           0
                    conver_nodal_value check
               Convergence check for displacement
 ratio1=  7.167447051305277E-006 ratio2=  9.480031484214157E-006
 nchek=           0
 ***********RESTART FILE IS UPDATED!*******
 time: 16:00:59
 iblks=           1 iincs=           1 istep=          10
 outinp=           0
 iiter=           1
Begin forming various matrix       at 2026-09-02 16:00:59 
 ktsmat=           0
 ntelgroup=           0
Begin solution global equation     at 2026-09-02 16:00:59 
                     istep=          10 iiter=           1
                     conver_load check
 resid=   437.228003653571      retot=   765532658918.110     
 ratio1=  2.389858145678257E-005 ratio2=  1.261504866666857E-005
 nchek0=           0 toler_force=  1.000000000000000E-005
 nchek=           1
 iiter=           2
Begin forming various matrix       at 2026-09-02 16:00:59 
 ktsmat=           0
Begin solution global equation     at 2026-09-02 16:00:59 
                     istep=          10 iiter=           2
                     conver_load check
 resid=  1.261948841713077E-003 retot=   765532658918.110     
 ratio1=  4.060121340753882E-008 ratio2=  1.366066686062818E-008
 nchek0=           0 toler_force=  1.000000000000000E-005
 nchek=           0
                    conver_nodal_value check
               Convergence check for displacement
 ratio1=  3.807292695922808E-005 ratio2=  3.514271856016440E-005
                            not converged for checki=           1
 iiter=           3
Begin forming various matrix       at 2026-09-02 16:00:59 
 ktsmat=           0
Begin solution global equation     at 2026-09-02 16:00:59 
                     istep=          10 iiter=           3
                     conver_load check
 resid=  1.227877393427153E-008 retot=   765532658918.110     
 ratio1=  1.266472138964320E-010 ratio2=  4.144304684980076E-011
 nchek0=           0 toler_force=  1.000000000000000E-005
 nchek=           0
                    conver_nodal_value check
               Convergence check for displacement
 ratio1=  1.472370712237782E-007 ratio2=  1.269201346439659E-007
 nchek=           0
 ngvar in output=           7 nstre=           4
 ***********RESTART FILE IS UPDATED!*******
 time: 16:00:59
 iblks=           1 iincs=           1 istep=          11
 outinp=           0
 iiter=           1
Begin forming various matrix       at 2026-09-02 16:00:59 
 ktsmat=           0
 ntelgroup=           0
Begin solution global equation     at 2026-09-02 16:00:59 
                     istep=          11 iiter=           1
                     conver_load check
 resid=   209.419418854789      retot=   1798615784429.45     
 ratio1=  1.079044299729072E-005 ratio2=  4.691828500530732E-006
 nchek0=           0 toler_force=  1.000000000000000E-005
 nchek=           1
 iiter=           2
Begin forming various matrix       at 2026-09-02 16:00:59 
 ktsmat=           0
Begin solution global equation     at 2026-09-02 16:00:59 
                     istep=          11 iiter=           2
                     conver_load check
 resid=  7.872193911774525E-004 retot=   1798615784429.45     
 ratio1=  2.092081944962107E-008 ratio2=  5.905276633398139E-009
 nchek0=           0 toler_force=  1.000000000000000E-005
 nchek=           0
                    conver_nodal_value check
               Convergence check for displacement
 ratio1=  2.835983014862819E-005 ratio2=  2.378330696409006E-005
                            not converged for checki=           1
 iiter=           3
Begin forming various matrix       at 2026-09-02 16:00:59 
 ktsmat=           0
Begin solution global equation     at 2026-09-02 16:00:59 
                     istep=          11 iiter=           3
                     conver_load check
 resid=  1.006454925439342E-008 retot=   1798615784429.45     
 ratio1=  7.480454136662461E-011 ratio2=  2.675039874824567E-011
 nchek0=           0 toler_force=  1.000000000000000E-005
 nchek=           0
                    conver_nodal_value check
               Convergence check for displacement
 ratio1=  1.580596926112815E-007 ratio2=  2.325089357093822E-007
 nchek=           0
 ***********RESTART FILE IS UPDATED!*******
 time: 16:00:59
 iblks=           1 iincs=           1 istep=          12
 outinp=           0
 iiter=           1
Begin forming various matrix       at 2026-09-02 16:00:59 
 ktsmat=           0
 ntelgroup=           0
Begin solution global equation     at 2026-09-02 16:00:59 
                     istep=          12 iiter=           1
                     conver_load check
 resid=   1045.31249459064      retot=   2982963500942.51     
 ratio1=  1.871970933413206E-005 ratio2=  9.675039889646715E-006
 nchek0=           0 toler_force=  1.000000000000000E-005
 nchek=           1
 iiter=           2
Begin forming various matrix       at 2026-09-02 16:00:59 
 ktsmat=           0
Begin solution global equation     at 2026-09-02 16:00:59 
                     istep=          12 iiter=           2
                     conver_load check
 resid=  2.418782991559420E-003 retot=   2982963500942.51     
 ratio1=  2.847570488129598E-008 ratio2=  9.285533322443987E-009
 nchek0=           0 toler_force=  1.000000000000000E-005
 nchek=           0
                    conver_nodal_value check
               Convergence check for displacement
 ratio1=  3.378072641160734E-005 ratio2=  3.351405249450843E-005
                            not converged for checki=           1
 iiter=           3
Begin forming various matrix       at 2026-09-02 16:00:59 
 ktsmat=           0
Begin solution global equation     at 2026-09-02 16:00:59 
                     istep=          12 iiter=           3
                     conver_load check
 resid=  1.916720368752790E-008 retot=   2982963500942.51     
 ratio1=  8.015957562453368E-011 ratio2=  2.403139032371049E-011
 nchek0=           0 toler_force=  1.000000000000000E-005
 nchek=           0
                    conver_nodal_value check
               Convergence check for displacement
 ratio1=  9.918853740590460E-008 ratio2=  8.673597375864526E-008
 nchek=           0
 ngvar in output=           7 nstre=           4
 ***********RESTART FILE IS UPDATED!*******
 time: 16:00:59
 iblks=           1 iincs=           1 istep=          13
 outinp=           0
 iiter=           1
Begin forming various matrix       at 2026-09-02 16:00:59 
 ktsmat=           0
 ntelgroup=           0
Begin solution global equation     at 2026-09-02 16:00:59 
                     istep=          13 iiter=           1
                     conver_load check
 resid=   60.6730612340252      retot=   3655596033451.50     
 ratio1=  4.073979648071663E-006 ratio2=  2.836942111249845E-006
 nchek0=           0 toler_force=  1.000000000000000E-005
 nchek=           0
                    conver_nodal_value check
               Convergence check for displacement
 ratio1=  4.845866409606881E-003 ratio2=  1.373533463108481E-002
                            not converged for checki=           1
 iiter=           2
Begin forming various matrix       at 2026-09-02 16:01:00 
 ktsmat=           0
Begin solution global equation     at 2026-09-02 16:01:00 
                     istep=          13 iiter=           2
                     conver_load check
 resid=  9.061251419810999E-005 retot=   3655596033451.50     
 ratio1=  4.978688923398459E-009 ratio2=  1.709434803631273E-009
 nchek0=           0 toler_force=  1.000000000000000E-005
 nchek=           0
                    conver_nodal_value check
               Convergence check for displacement
 ratio1=  5.907764952388171E-006 ratio2=  6.514986366348455E-006
 nchek=           0
 ***********RESTART FILE IS UPDATED!*******
 time: 16:00:59
 iblks=           1 iincs=           1 istep=          14
 outinp=           0
 iiter=           1
Begin forming various matrix       at 2026-09-02 16:01:00 
 ktsmat=           0
 ntelgroup=           0
Begin solution global equation     at 2026-09-02 16:01:00 
                     istep=          14 iiter=           1
                     conver_load check
 resid=   115.082392546511      retot=   4235091173198.06     
 ratio1=  5.212823962079739E-006 ratio2=  2.623371851540131E-006
 nchek0=           0 toler_force=  1.000000000000000E-005
 nchek=           0
                    conver_nodal_value check
               Convergence check for displacement
 ratio1=  5.199435576473333E-003 ratio2=  9.707287442264049E-003
                            not converged for checki=           1
 iiter=           2
Begin forming various matrix       at 2026-09-02 16:01:00 
 ktsmat=           0
Begin solution global equation     at 2026-09-02 16:01:00 
                     istep=          14 iiter=           2
                     conver_load check
 resid=  2.271544674698477E-004 retot=   4235091173198.06     
 ratio1=  7.323678298544853E-009 ratio2=  2.451844000541414E-009
 nchek0=           0 toler_force=  1.000000000000000E-005
 nchek=           0
                    conver_nodal_value check
               Convergence check for displacement
 ratio1=  6.779164609254359E-006 ratio2=  6.589071633429746E-006
 nchek=           0
 ngvar in output=           7 nstre=           4
 ***********RESTART FILE IS UPDATED!*******
 time: 16:00:59
 iblks=           1 iincs=           1 istep=          15
 outinp=           0
 iiter=           1
Begin forming various matrix       at 2026-09-02 16:01:00 
 ktsmat=           0
 ntelgroup=           0
Begin solution global equation     at 2026-09-02 16:01:00 
                     istep=          15 iiter=           1
                     conver_load check
 resid=   1286.94573997357      retot=   5751570233324.85     
 ratio1=  1.495846069480155E-005 ratio2=  7.832782570381786E-006
 nchek0=           0 toler_force=  1.000000000000000E-005
 nchek=           1
 iiter=           2
Begin forming various matrix       at 2026-09-02 16:01:00 
 ktsmat=           0
Begin solution global equation     at 2026-09-02 16:01:00 
                     istep=          15 iiter=           2
                     conver_load check
 resid=  3.670897596339868E-003 retot=   5751570233324.85     
 ratio1=  2.526346530815964E-008 ratio2=  8.492781002875521E-009
 nchek0=           0 toler_force=  1.000000000000000E-005
 nchek=           0
                    conver_nodal_value check
               Convergence check for displacement
 ratio1=  2.246737075719185E-005 ratio2=  2.262676248728622E-005
                            not converged for checki=           1
 iiter=           3
Begin forming various matrix       at 2026-09-02 16:01:00 
 ktsmat=           0
Begin solution global equation     at 2026-09-02 16:01:00 
                     istep=          15 iiter=           3
                     conver_load check
 resid=  3.438544329640728E-008 retot=   5751570233324.85     
 ratio1=  7.732040142910534E-011 ratio2=  2.458617309281595E-011
 nchek0=           0 toler_force=  1.000000000000000E-005
 nchek=           0
                    conver_nodal_value check
               Convergence check for displacement
 ratio1=  8.264179279145032E-008 ratio2=  6.706055656274780E-008
 nchek=           0
 ***********RESTART FILE IS UPDATED!*******
 time: 16:00:59
 iblks=           1 iincs=           1 istep=          16
 outinp=           0
 iiter=           1
Begin forming various matrix       at 2026-09-02 16:01:00 
 ktsmat=           0
 ntelgroup=           0
Begin solution global equation     at 2026-09-02 16:01:00 
                     istep=          16 iiter=           1
                     conver_load check
 resid=   2600.56635375404      retot=   12118431203828.4     
 ratio1=  1.464909410199797E-005 ratio2=  6.538892560086515E-006
 nchek0=           0 toler_force=  1.000000000000000E-005
 nchek=           1
 iiter=           2
Begin forming various matrix       at 2026-09-02 16:01:00 
 ktsmat=           0
Begin solution global equation     at 2026-09-02 16:01:00 
                     istep=          16 iiter=           2
                     conver_load check
 resid=  8.779209503608359E-003 retot=   12118431203828.4     
 ratio1=  2.691562727695756E-008 ratio2=  8.092628526029480E-009
 nchek0=           0 toler_force=  1.000000000000000E-005
 nchek=           0
                    conver_nodal_value check
               Convergence check for displacement
 ratio1=  3.001826079906730E-005 ratio2=  2.747392882234924E-005
                            not converged for checki=           1
 iiter=           3
Begin forming various matrix       at 2026-09-02 16:01:00 
 ktsmat=           0
Begin solution global equation     at 2026-09-02 16:01:00 
                     istep=          16 iiter=           3
                     conver_load check
 resid=  9.454534453497534E-008 retot=   12118431203828.4     
 ratio1=  8.832769018289407E-011 ratio2=  2.895083036545627E-011
 nchek0=           0 toler_force=  1.000000000000000E-005
 nchek=           0
                    conver_nodal_value check
               Convergence check for displacement
 ratio1=  1.382655115619335E-007 ratio2=  1.775168736150296E-007
 nchek=           0
 ngvar in output=           7 nstre=           4
 ***********RESTART FILE IS UPDATED!*******
 time: 16:00:59
 iblks=           1 iincs=           1 istep=          17
 outinp=           0
 iiter=           1
Begin forming various matrix       at 2026-09-02 16:01:00 
 ktsmat=           0
 ntelgroup=           0
Begin solution global equation     at 2026-09-02 16:01:00 
                     istep=          17 iiter=           1
                     conver_load check
 resid=   4175.43168442026      retot=   21200898728652.4     
 ratio1=  1.403374417728366E-005 ratio2=  7.425081562798675E-006
 nchek0=           0 toler_force=  1.000000000000000E-005
 nchek=           1
 iiter=           2
Begin forming various matrix       at 2026-09-02 16:01:00 
 ktsmat=           0
Begin solution global equation     at 2026-09-02 16:01:00 
                     istep=          17 iiter=           2
                     conver_load check
 resid=  8.292062570019581E-003 retot=   21200898728652.4     
 ratio1=  1.977671474886071E-008 ratio2=  6.659349705757945E-009
 nchek0=           0 toler_force=  1.000000000000000E-005
 nchek=           0
                    conver_nodal_value check
               Convergence check for displacement
 ratio1=  2.207994894386644E-005 ratio2=  2.388993665119401E-005
                            not converged for checki=           1
 iiter=           3
Begin forming various matrix       at 2026-09-02 16:01:00 
 ktsmat=           0
Begin solution global equation     at 2026-09-02 16:01:00 
                     istep=          17 iiter=           3
                     conver_load check
 resid=  6.638562676150507E-008 retot=   21200898728652.4     
 ratio1=  5.595770496972918E-011 ratio2=  1.676231142726066E-011
 nchek0=           0 toler_force=  1.000000000000000E-005
 nchek=           0
                    conver_nodal_value check
               Convergence check for displacement
 ratio1=  6.587882006107355E-008 ratio2=  6.012832747310493E-008
 nchek=           0
 ***********RESTART FILE IS UPDATED!*******
 time: 16:00:59
 iblks=           1 iincs=           1 istep=          18
 outinp=           0
 iiter=           1
Begin forming various matrix       at 2026-09-02 16:01:00 
 ktsmat=           0
 ntelgroup=           0
Begin solution global equation     at 2026-09-02 16:01:00 
                     istep=          18 iiter=           1
                     conver_load check
 resid=   120.038214690740      retot=   27787283750891.4     
 ratio1=  2.078436286019128E-006 ratio2=  2.359953080024603E-006
 nchek0=           0 toler_force=  1.000000000000000E-005
 nchek=           0
                    conver_nodal_value check
               Convergence check for displacement
 ratio1=  2.830151425476901E-003 ratio2=  1.130408128810288E-002
                            not converged for checki=           1
 iiter=           2
Begin forming various matrix       at 2026-09-02 16:01:00 
 ktsmat=           0
Begin solution global equation     at 2026-09-02 16:01:00 
                     istep=          18 iiter=           2
                     conver_load check
 resid=  1.087420575703266E-004 retot=   27787283750891.4     
 ratio1=  1.978225178494488E-009 ratio2=  6.338953125129694E-010
 nchek0=           0 toler_force=  1.000000000000000E-005
 nchek=           0
                    conver_nodal_value check
               Convergence check for displacement
 ratio1=  4.909986708773463E-006 ratio2=  8.695307269999569E-006
 nchek=           0
 ngvar in output=           7 nstre=           4
 ***********RESTART FILE IS UPDATED!*******
 time: 16:00:59
 iblks=           1 iincs=           1 istep=          19
 outinp=           0
 iiter=           1
Begin forming various matrix       at 2026-09-02 16:01:00 
 ktsmat=           0
 ntelgroup=           0
Begin solution global equation     at 2026-09-02 16:01:00 
                     istep=          19 iiter=           1
                     conver_load check
 resid=   2838.60001581367      retot=   30479270026691.5     
 ratio1=  9.650500102293938E-006 ratio2=  4.820662074533773E-006
 nchek0=           0 toler_force=  1.000000000000000E-005
 nchek=           0
                    conver_nodal_value check
               Convergence check for displacement
 ratio1=  9.033234268005378E-003 ratio2=  1.420573569095546E-002
                            not converged for checki=           1
 iiter=           2
Begin forming various matrix       at 2026-09-02 16:01:00 
 ktsmat=           0
Begin solution global equation     at 2026-09-02 16:01:00 
                     istep=          19 iiter=           2
                     conver_load check
 resid=  7.287276184555840E-003 retot=   30479270026691.5     
 ratio1=  1.546252212093459E-008 ratio2=  5.232911238753275E-009
 nchek0=           0 toler_force=  1.000000000000000E-005
 nchek=           0
                    conver_nodal_value check
               Convergence check for displacement
 ratio1=  1.420941030654213E-005 ratio2=  1.383418102950576E-005
                            not converged for checki=           1
 iiter=           3
Begin forming various matrix       at 2026-09-02 16:01:00 
 ktsmat=           0
Begin solution global equation     at 2026-09-02 16:01:00 
                     istep=          19 iiter=           3
                     conver_load check
 resid=  7.346094855295532E-008 retot=   30479270026691.5     
 ratio1=  4.909372495266911E-011 ratio2=  1.672734585213143E-011
 nchek0=           0 toler_force=  1.000000000000000E-005
 nchek=           0
                    conver_nodal_value check
               Convergence check for displacement
 ratio1=  6.155374177921344E-008 ratio2=  7.408973509800329E-008
 nchek=           0
 ***********RESTART FILE IS UPDATED!*******
 time: 16:00:59
 iblks=           1 iincs=           1 istep=          20
 outinp=           0
 iiter=           1
Begin forming various matrix       at 2026-09-02 16:01:00 
 ktsmat=           0
 ntelgroup=           0
Begin solution global equation     at 2026-09-02 16:01:00 
                     istep=          20 iiter=           1
                     conver_load check
 resid=   2441.12790362210      retot=   25318482100464.1     
 ratio1=  9.819207437641100E-006 ratio2=  5.072787111353292E-006
 nchek0=           0 toler_force=  1.000000000000000E-005
 nchek=           0
                    conver_nodal_value check
               Convergence check for displacement
 ratio1=  7.248202925690506E-003 ratio2=  1.281178327837429E-002
                            not converged for checki=           1
 iiter=           2
Begin forming various matrix       at 2026-09-02 16:01:00 
 ktsmat=           0
Begin solution global equation     at 2026-09-02 16:01:00 
                     istep=          20 iiter=           2
                     conver_load check
 resid=  7.788745236605697E-003 retot=   25318482100464.1     
 ratio1=  1.753940743475929E-008 ratio2=  6.450149270878256E-009
 nchek0=           0 toler_force=  1.000000000000000E-005
 nchek=           0
                    conver_nodal_value check
               Convergence check for displacement
 ratio1=  1.243359889940024E-005 ratio2=  1.215065774454642E-005
                            not converged for checki=           1
 iiter=           3
Begin forming various matrix       at 2026-09-02 16:01:00 
 ktsmat=           0
Begin solution global equation     at 2026-09-02 16:01:00 
                     istep=          20 iiter=           3
                     conver_load check
 resid=  7.671293058084182E-008 retot=   25318482100464.1     
 ratio1=  5.504469306203803E-011 ratio2=  2.053976132309448E-011
 nchek0=           0 toler_force=  1.000000000000000E-005
 nchek=           0
                    conver_nodal_value check
               Convergence check for displacement
 ratio1=  4.941026827107428E-008 ratio2=  5.148428109175339E-008
 nchek=           0
 ngvar in output=           7 nstre=           4
 ***********RESTART FILE IS UPDATED!*******
 time: 16:00:59
 iblks=           1 iincs=           1 istep=          21
 outinp=           0
 iiter=           1
Begin forming various matrix       at 2026-09-02 16:01:00 
 ktsmat=           0
 ntelgroup=           0
Begin solution global equation     at 2026-09-02 16:01:00 
                     istep=          21 iiter=           1
                     conver_load check
 resid=   523.150565903135      retot=   19488943612114.5     
 ratio1=  5.181066901043979E-006 ratio2=  3.296559685943611E-006
 nchek0=           0 toler_force=  1.000000000000000E-005
 nchek=           0
                    conver_nodal_value check
               Convergence check for displacement
 ratio1=  3.342161912626758E-003 ratio2=  8.862815015481211E-003
                            not converged for checki=           1
 iiter=           2
Begin forming various matrix       at 2026-09-02 16:01:00 
 ktsmat=           0
Begin solution global equation     at 2026-09-02 16:01:00 
                     istep=          21 iiter=           2
                     conver_load check
 resid=  3.533529561148953E-004 retot=   19488943612114.5     
 ratio1=  4.258044687115129E-009 ratio2=  1.429762063944752E-009
 nchek0=           0 toler_force=  1.000000000000000E-005
 nchek=           0
                    conver_nodal_value check
               Convergence check for displacement
 ratio1=  4.612605084787852E-006 ratio2=  8.482378801023503E-006
 nchek=           0
 ***********RESTART FILE IS UPDATED!*******
 time: 16:00:59
 iblks=           1 iincs=           1 istep=          22
 outinp=           0
 iiter=           1
Begin forming various matrix       at 2026-09-02 16:01:00 
 ktsmat=           0
 ntelgroup=           0
Begin solution global equation     at 2026-09-02 16:01:00 
                     istep=          22 iiter=           1
                     conver_load check
 resid=   3615.73377411704      retot=   18319397722806.1     
 ratio1=  1.404890989938202E-005 ratio2=  7.010594646590438E-006
 nchek0=           0 toler_force=  1.000000000000000E-005
 nchek=           1
 iiter=           2
Begin forming various matrix       at 2026-09-02 16:01:00 
 ktsmat=           0
Begin solution global equation     at 2026-09-02 16:01:00 
                     istep=          22 iiter=           2
                     conver_load check
 resid=  8.719747482610892E-003 retot=   18319397722806.1     
 ratio1=  2.181706665032633E-008 ratio2=  6.299894149093393E-009
 nchek0=           0 toler_force=  1.000000000000000E-005
 nchek=           0
                    conver_nodal_value check
               Convergence check for displacement
 ratio1=  1.184446604244301E-005 ratio2=  1.245356524407979E-005
                            not converged for checki=           1
 iiter=           3
Begin forming various matrix       at 2026-09-02 16:01:00 
 ktsmat=           0
Begin solution global equation     at 2026-09-02 16:01:00 
                     istep=          22 iiter=           3
                     conver_load check
 resid=  1.002240507809536E-007 retot=   18319397722806.1     
 ratio1=  7.396570143500331E-011 ratio2=  2.350420609886398E-011
 nchek0=           0 toler_force=  1.000000000000000E-005
 nchek=           0
                    conver_nodal_value check
               Convergence check for displacement
 ratio1=  5.933033466928261E-008 ratio2=  9.777090382359152E-008
 nchek=           0
 ngvar in output=           7 nstre=           4
 ***********RESTART FILE IS UPDATED!*******
 time: 16:00:59
 iblks=           1 iincs=           1 istep=          23
 outinp=           0
 iiter=           1
Begin forming various matrix       at 2026-09-02 16:01:00 
 ktsmat=           0
 ntelgroup=           0
Begin solution global equation     at 2026-09-02 16:01:00 
                     istep=          23 iiter=           1
                     conver_load check
 resid=   3404.49919347517      retot=   20391159296869.4     
 ratio1=  1.292128361534460E-005 ratio2=  5.776636545774545E-006
 nchek0=           0 toler_force=  1.000000000000000E-005
 nchek=           1
 iiter=           2
Begin forming various matrix       at 2026-09-02 16:01:00 
 ktsmat=           0
Begin solution global equation     at 2026-09-02 16:01:00 
                     istep=          23 iiter=           2
                     conver_load check
 resid=  9.900252066875262E-003 retot=   20391159296869.4     
 ratio1=  2.203444760481589E-008 ratio2=  6.329355085741327E-009
 nchek0=           0 toler_force=  1.000000000000000E-005
 nchek=           0
                    conver_nodal_value check
               Convergence check for displacement
 ratio1=  1.193721838001844E-005 ratio2=  1.300006012388525E-005
                            not converged for checki=           1
 iiter=           3
Begin forming various matrix       at 2026-09-02 16:01:00 
 ktsmat=           0
Begin solution global equation     at 2026-09-02 16:01:00 
                     istep=          23 iiter=           3
                     conver_load check
 resid=  1.167039884494914E-007 retot=   20391159296869.4     
 ratio1=  7.565225724237690E-011 ratio2=  2.521550858604204E-011
 nchek0=           0 toler_force=  1.000000000000000E-005
 nchek=           0
                    conver_nodal_value check
               Convergence check for displacement
 ratio1=  6.077349646040507E-008 ratio2=  1.094533620610692E-007
 nchek=           0
 ***********RESTART FILE IS UPDATED!*******
 time: 16:00:59
 iblks=           1 iincs=           1 istep=          24
 outinp=           0
 iiter=           1
Begin forming various matrix       at 2026-09-02 16:01:00 
 ktsmat=           0
 ntelgroup=           0
Begin solution global equation     at 2026-09-02 16:01:00 
                     istep=          24 iiter=           1
                     conver_load check
 resid=   1527.93775993663      retot=   23998688727400.1     
 ratio1=  7.979194940209963E-006 ratio2=  3.774184219703422E-006
 nchek0=           0 toler_force=  1.000000000000000E-005
 nchek=           0
                    conver_nodal_value check
               Convergence check for displacement
 ratio1=  4.355535433739579E-003 ratio2=  1.100505109798228E-002
                            not converged for checki=           1
 iiter=           2
Begin forming various matrix       at 2026-09-02 16:01:00 
 ktsmat=           0
Begin solution global equation     at 2026-09-02 16:01:00 
                     istep=          24 iiter=           2
                     conver_load check
 resid=  2.363573167088587E-003 retot=   23998688727400.1     
 ratio1=  9.924091711535127E-009 ratio2=  3.097227927173903E-009
 nchek0=           0 toler_force=  1.000000000000000E-005
 nchek=           0
                    conver_nodal_value check
               Convergence check for displacement
 ratio1=  4.788319490974867E-006 ratio2=  7.334702650668665E-006
 nchek=           0
 ngvar in output=           7 nstre=           4
 ***********RESTART FILE IS UPDATED!*******
 time: 16:00:59
 iblks=           1 iincs=           1 istep=          25
 outinp=           0
 iiter=           1
Begin forming various matrix       at 2026-09-02 16:01:00 
 ktsmat=           0
 ntelgroup=           0
Begin solution global equation     at 2026-09-02 16:01:00 
                     istep=          25 iiter=           1
                     conver_load check
 resid=   9476.52794146288      retot=   31538260324010.8     
 ratio1=  1.733427798405001E-005 ratio2=  7.397149150091340E-006
 nchek0=           0 toler_force=  1.000000000000000E-005
 nchek=           1
 iiter=           2
Begin forming various matrix       at 2026-09-02 16:01:00 
 ktsmat=           0
Begin solution global equation     at 2026-09-02 16:01:00 
                     istep=          25 iiter=           2
                     conver_load check
 resid=  2.249129575111171E-002 retot=   31538260324010.8     
 ratio1=  2.670474106969450E-008 ratio2=  8.373697667604769E-009
 nchek0=           0 toler_force=  1.000000000000000E-005
 nchek=           0
                    conver_nodal_value check
               Convergence check for displacement
 ratio1=  1.399180249489739E-005 ratio2=  2.078883368268406E-005
                            not converged for checki=           1
 iiter=           3
Begin forming various matrix       at 2026-09-02 16:01:00 
 ktsmat=           0
Begin solution global equation     at 2026-09-02 16:01:00 
                     istep=          25 iiter=           3
                     conver_load check
 resid=  1.854663908096829E-007 retot=   31538260324010.8     
 ratio1=  7.668558650997097E-011 ratio2=  2.241178536618049E-011
 nchek0=           0 toler_force=  1.000000000000000E-005
 nchek=           0
                    conver_nodal_value check
               Convergence check for displacement
 ratio1=  4.239025824960637E-008 ratio2=  5.564322112193198E-008
 nchek=           0
 ***********RESTART FILE IS UPDATED!*******
 time: 16:00:59
 iblks=           1 iincs=           1 istep=          26
 outinp=           0
 iiter=           1
Begin forming various matrix       at 2026-09-02 16:01:00 
 ktsmat=           0
 ntelgroup=           0
Begin solution global equation     at 2026-09-02 16:01:00 
                     istep=          26 iiter=           1
                     conver_load check
 resid=   21682.0141739818      retot=   39648908768418.9     
 ratio1=  2.338482867612977E-005 ratio2=  1.055038534459061E-005
 nchek0=           0 toler_force=  1.000000000000000E-005
 nchek=           1
 iiter=           2
Begin forming various matrix       at 2026-09-02 16:01:00 
 ktsmat=           0
Begin solution global equation     at 2026-09-02 16:01:00 
                     istep=          26 iiter=           2
                     conver_load check
 resid=  5.816704681932489E-002 retot=   39648908768418.9     
 ratio1=  3.830212664814002E-008 ratio2=  1.074293662481478E-008
 nchek0=           0 toler_force=  1.000000000000000E-005
 nchek=           0
                    conver_nodal_value check
               Convergence check for displacement
 ratio1=  2.102113027378062E-005 ratio2=  3.045782181250696E-005
                            not converged for checki=           1
 iiter=           3
Begin forming various matrix       at 2026-09-02 16:01:00 
 ktsmat=           0
Begin solution global equation     at 2026-09-02 16:01:00 
                     istep=          26 iiter=           3
                     conver_load check
 resid=  4.839043044701929E-007 retot=   39648908768418.9     
 ratio1=  1.104750287224548E-010 ratio2=  2.967901568712882E-011
 nchek0=           0 toler_force=  1.000000000000000E-005
 nchek=           0
                    conver_nodal_value check
               Convergence check for displacement
 ratio1=  6.278046085077248E-008 ratio2=  8.415036006135212E-008
 nchek=           0
 ngvar in output=           7 nstre=           4
 ***********RESTART FILE IS UPDATED!*******
 time: 16:00:59
 iblks=           1 iincs=           1 istep=          27
 outinp=           0
 iiter=           1
Begin forming various matrix       at 2026-09-02 16:01:00 
 ktsmat=           0
 ntelgroup=           0
Begin solution global equation     at 2026-09-02 16:01:00 
                     istep=          27 iiter=           1
                     conver_load check
 resid=   655.074509618178      retot=   40014272793600.0     
 ratio1=  4.046111866381925E-006 ratio2=  3.328818963813598E-006
 nchek0=           0 toler_force=  1.000000000000000E-005
 nchek=           0
                    conver_nodal_value check
               Convergence check for displacement
 ratio1=  2.658505058073316E-003 ratio2=  1.613568105369496E-002
                            not converged for checki=           1
 iiter=           2
Begin forming various matrix       at 2026-09-02 16:01:00 
 ktsmat=           0
Begin solution global equation     at 2026-09-02 16:01:00 
                     istep=          27 iiter=           2
                     conver_load check
 resid=  1.001109299879237E-003 retot=   40014272793600.0     
 ratio1=  5.001880175581980E-009 ratio2=  1.612773874132512E-009
 nchek0=           0 toler_force=  1.000000000000000E-005
 nchek=           0
                    conver_nodal_value check
               Convergence check for displacement
 ratio1=  4.678692837341972E-006 ratio2=  1.029529128356246E-005
                            not converged for checki=           1
 iiter=           3
Begin forming various matrix       at 2026-09-02 16:01:00 
 ktsmat=           0
Begin solution global equation     at 2026-09-02 16:01:00 
                     istep=          27 iiter=           3
                     conver_load check
 resid=  2.152395818685872E-008 retot=   40014272793600.0     
 ratio1=  2.319282257024990E-011 ratio2=  7.645706346592260E-012
 nchek0=           0 toler_force=  1.000000000000000E-005
 nchek=           0
                    conver_nodal_value check
               Convergence check for displacement
 ratio1=  3.178402187121911E-008 ratio2=  8.538818476983828E-008
 nchek=           0
 ***********RESTART FILE IS UPDATED!*******
 time: 16:00:59
 iblks=           1 iincs=           1 istep=          28
 outinp=           0
 iiter=           1
Begin forming various matrix       at 2026-09-02 16:01:00 
 ktsmat=           0
 ntelgroup=           0
Begin solution global equation     at 2026-09-02 16:01:00 
                     istep=          28 iiter=           1
                     conver_load check
 resid=   9068.11262743543      retot=   44091526675586.8     
 ratio1=  1.434104783632850E-005 ratio2=  5.315264606320039E-006
 nchek0=           0 toler_force=  1.000000000000000E-005
 nchek=           1
 iiter=           2
Begin forming various matrix       at 2026-09-02 16:01:00 
 ktsmat=           0
Begin solution global equation     at 2026-09-02 16:01:00 
                     istep=          28 iiter=           2
                     conver_load check
 resid=  2.073355249988403E-002 retot=   44091526675586.8     
 ratio1=  2.168499328899674E-008 ratio2=  5.457408433289271E-009
 nchek0=           0 toler_force=  1.000000000000000E-005
 nchek=           0
                    conver_nodal_value check
               Convergence check for displacement
 ratio1=  1.035150900056803E-005 ratio2=  1.716141335233392E-005
                            not converged for checki=           1
 iiter=           3
Begin forming various matrix       at 2026-09-02 16:01:00 
 ktsmat=           0
Begin solution global equation     at 2026-09-02 16:01:00 
                     istep=          28 iiter=           3
                     conver_load check
 resid=  1.645433815111136E-007 retot=   44091526675586.8     
 ratio1=  6.108894722596505E-011 ratio2=  1.412353660945179E-011
 nchek0=           0 toler_force=  1.000000000000000E-005
 nchek=           0
                    conver_nodal_value check
               Convergence check for displacement
 ratio1=  3.072788712435262E-008 ratio2=  4.441254764567779E-008
 nchek=           0
 ngvar in output=           7 nstre=           4
 ***********RESTART FILE IS UPDATED!*******
 time: 16:00:59
 iblks=           1 iincs=           1 istep=          29
 outinp=           0
 iiter=           1
Begin forming various matrix       at 2026-09-02 16:01:00 
 ktsmat=           0
 ntelgroup=           0
Begin solution global equation     at 2026-09-02 16:01:00 
                     istep=          29 iiter=           1
                     conver_load check
 resid=   12294.8280032296      retot=   46494641266878.8     
 ratio1=  1.626146909857650E-005 ratio2=  6.738322443240073E-006
 nchek0=           0 toler_force=  1.000000000000000E-005
 nchek=           1
 iiter=           2
Begin forming various matrix       at 2026-09-02 16:01:00 
 ktsmat=           0
Begin solution global equation     at 2026-09-02 16:01:00 
                     istep=          29 iiter=           2
                     conver_load check
 resid=  2.802946240826981E-002 retot=   46494641266878.8     
 ratio1=  2.455307743665634E-008 ratio2=  6.749516179534956E-009
 nchek0=           0 toler_force=  1.000000000000000E-005
 nchek=           0
                    conver_nodal_value check
               Convergence check for displacement
 ratio1=  1.145175973188284E-005 ratio2=  1.839320845648342E-005
                            not converged for checki=           1
 iiter=           3
Begin forming various matrix       at 2026-09-02 16:01:00 
 ktsmat=           0
Begin solution global equation     at 2026-09-02 16:01:00 
                     istep=          29 iiter=           3
                     conver_load check
 resid=  2.728682476498595E-007 retot=   46494641266878.8     
 ratio1=  7.660816333155365E-011 ratio2=  2.066647549723009E-011
 nchek0=           0 toler_force=  1.000000000000000E-005
 nchek=           0
                    conver_nodal_value check
               Convergence check for displacement
 ratio1=  4.674866393498838E-008 ratio2=  7.930766765482503E-008
 nchek=           0
 ***********RESTART FILE IS UPDATED!*******
 time: 16:00:59
 iblks=           1 iincs=           1 istep=          30
 outinp=           0
 iiter=           1
Begin forming various matrix       at 2026-09-02 16:01:00 
 ktsmat=           0
 ntelgroup=           0
Begin solution global equation     at 2026-09-02 16:01:00 
                     istep=          30 iiter=           1
                     conver_load check
 resid=   19005.7850796787      retot=   41784180032104.8     
 ratio1=  2.132735337734203E-005 ratio2=  9.440446351402641E-006
 nchek0=           0 toler_force=  1.000000000000000E-005
 nchek=           1
 iiter=           2
Begin forming various matrix       at 2026-09-02 16:01:00 
 ktsmat=           0
Begin solution global equation     at 2026-09-02 16:01:00 
                     istep=          30 iiter=           2
                     conver_load check
 resid=  6.188029721585041E-002 retot=   41784180032104.8     
 ratio1=  3.848311809182096E-008 ratio2=  1.116382954663614E-008
 nchek0=           0 toler_force=  1.000000000000000E-005
 nchek=           0
                    conver_nodal_value check
               Convergence check for displacement
 ratio1=  1.926288433655011E-005 ratio2=  3.126489798194502E-005
                            not converged for checki=           1
 iiter=           3
Begin forming various matrix       at 2026-09-02 16:01:00 
 ktsmat=           0
Begin solution global equation     at 2026-09-02 16:01:00 
                     istep=          30 iiter=           3
                     conver_load check
 resid=  7.997506994443714E-007 retot=   41784180032104.8     
 ratio1=  1.383475180344816E-010 ratio2=  5.022303831093086E-011
 nchek0=           0 toler_force=  1.000000000000000E-005
 nchek=           0
                    conver_nodal_value check
               Convergence check for displacement
 ratio1=  1.105744327834609E-007 ratio2=  2.928778306899454E-007
 nchek=           0
 ngvar in output=           7 nstre=           4
 ***********RESTART FILE IS UPDATED!*******
 time: 16:00:59
 iblks=           1 iincs=           1 istep=          31
 outinp=           0
 iiter=           1
Begin forming various matrix       at 2026-09-02 16:01:00 
 ktsmat=           0
 ntelgroup=           0
Begin solution global equation     at 2026-09-02 16:01:00 
                     istep=          31 iiter=           1
                     conver_load check
 resid=   17112.3342775861      retot=   49535416806472.9     
 ratio1=  1.858646151670908E-005 ratio2=  8.944221089378226E-006
 nchek0=           0 toler_force=  1.000000000000000E-005
 nchek=           1
 iiter=           2
Begin forming various matrix       at 2026-09-02 16:01:00 
 ktsmat=           0
Begin solution global equation     at 2026-09-02 16:01:00 
                     istep=          31 iiter=           2
                     conver_load check
 resid=  3.211314647910207E-002 retot=   49535416806472.9     
 ratio1=  2.546147267293012E-008 ratio2=  7.766228250488057E-009
 nchek0=           0 toler_force=  1.000000000000000E-005
 nchek=           0
                    conver_nodal_value check
               Convergence check for displacement
 ratio1=  1.513388817313797E-005 ratio2=  3.591336688523633E-005
                            not converged for checki=           1
 iiter=           3
Begin forming various matrix       at 2026-09-02 16:01:00 
 ktsmat=           0
Begin solution global equation     at 2026-09-02 16:01:00 
                     istep=          31 iiter=           3
                     conver_load check
 resid=  2.252663125243754E-007 retot=   49535416806472.9     
 ratio1=  6.743575344804685E-011 ratio2=  1.765958570681179E-011
 nchek0=           0 toler_force=  1.000000000000000E-005
 nchek=           0
                    conver_nodal_value check
               Convergence check for displacement
 ratio1=  6.558343935192063E-008 ratio2=  2.037954400324490E-007
 nchek=           0
 ***********RESTART FILE IS UPDATED!*******
 time: 16:00:59
 iblks=           1 iincs=           1 istep=          32
 outinp=           0
 iiter=           1
Begin forming various matrix       at 2026-09-02 16:01:00 
 ktsmat=           0
 ntelgroup=           0
Begin solution global equation     at 2026-09-02 16:01:00 
                     istep=          32 iiter=           1
                     conver_load check
 resid=   13457.3802998976      retot=   53867510469272.4     
 ratio1=  1.580581194295438E-005 ratio2=  7.363138663389809E-006
 nchek0=           0 toler_force=  1.000000000000000E-005
 nchek=           1
 iiter=           2
Begin forming various matrix       at 2026-09-02 16:01:00 
 ktsmat=           0
Begin solution global equation     at 2026-09-02 16:01:00 
                     istep=          32 iiter=           2
                     conver_load check
 resid=  2.929647603850200E-002 retot=   53867510469272.4     
 ratio1=  2.332084269666364E-008 ratio2=  7.018256247835304E-009
 nchek0=           0 toler_force=  1.000000000000000E-005
 nchek=           0
                    conver_nodal_value check
               Convergence check for displacement
 ratio1=  1.055928992868894E-005 ratio2=  1.710899595406713E-005
                            not converged for checki=           1
 iiter=           3
Begin forming various matrix       at 2026-09-02 16:01:00 
 ktsmat=           0
Begin solution global equation     at 2026-09-02 16:01:00 
                     istep=          32 iiter=           3
                     conver_load check
 resid=  2.618186386612547E-007 retot=   53867510469272.4     
 ratio1=  6.971670096066062E-011 ratio2=  1.949047900072231E-011
 nchek0=           0 toler_force=  1.000000000000000E-005
 nchek=           0
                    conver_nodal_value check
               Convergence check for displacement
 ratio1=  3.409746881255270E-008 ratio2=  4.751378697589795E-008
 nchek=           0
 ngvar in output=           7 nstre=           4
 ***********RESTART FILE IS UPDATED!*******
 time: 16:00:59
 iblks=           1 iincs=           1 istep=          33
 outinp=           0
 iiter=           1
Begin forming various matrix       at 2026-09-02 16:01:00 
 ktsmat=           0
 ntelgroup=           0
Begin solution global equation     at 2026-09-02 16:01:00 
                     istep=          33 iiter=           1
                     conver_load check
 resid=   2828.23895338390      retot=   49593692424656.6     
 ratio1=  7.551701718931356E-006 ratio2=  5.654044278175888E-006
 nchek0=           0 toler_force=  1.000000000000000E-005
 nchek=           0
                    conver_nodal_value check
               Convergence check for displacement
 ratio1=  3.893076061831667E-003 ratio2=  1.968370530755712E-002
                            not converged for checki=           1
 iiter=           2
Begin forming various matrix       at 2026-09-02 16:01:00 
 ktsmat=           0
Begin solution global equation     at 2026-09-02 16:01:00 
                     istep=          33 iiter=           2
                     conver_load check
 resid=  3.803573122422125E-003 retot=   49593692424656.6     
 ratio1=  8.757550751271424E-009 ratio2=  2.246098798625005E-009
 nchek0=           0 toler_force=  1.000000000000000E-005
 nchek=           0
                    conver_nodal_value check
               Convergence check for displacement
 ratio1=  6.910168423942013E-006 ratio2=  1.783686745530918E-005
                            not converged for checki=           1
 iiter=           3
Begin forming various matrix       at 2026-09-02 16:01:00 
 ktsmat=           0
Begin solution global equation     at 2026-09-02 16:01:00 
                     istep=          33 iiter=           3
                     conver_load check
 resid=  3.524140378404324E-008 retot=   49593692424656.6     
 ratio1=  2.665712924488769E-011 ratio2=  8.428281712640947E-012
 nchek0=           0 toler_force=  1.000000000000000E-005
 nchek=           0
                    conver_nodal_value check
               Convergence check for displacement
 ratio1=  3.941256244142924E-008 ratio2=  1.192820418589303E-007
 nchek=           0
 ***********RESTART FILE IS UPDATED!*******
 time: 16:00:59
 iblks=           1 iincs=           1 istep=          34
 outinp=           0
 iiter=           1
Begin forming various matrix       at 2026-09-02 16:01:00 
 ktsmat=           0
 ntelgroup=           0
Begin solution global equation     at 2026-09-02 16:01:00 
                     istep=          34 iiter=           1
                     conver_load check
 resid=   3502.01833302315      retot=   45234269223358.3     
 ratio1=  8.798839957713922E-006 ratio2=  4.810372426172495E-006
 nchek0=           0 toler_force=  1.000000000000000E-005
 nchek=           0
                    conver_nodal_value check
               Convergence check for displacement
 ratio1=  4.068386157029805E-003 ratio2=  1.452028215108874E-002
                            not converged for checki=           1
 iiter=           2
Begin forming various matrix       at 2026-09-02 16:01:00 
 ktsmat=           0
Begin solution global equation     at 2026-09-02 16:01:00 
                     istep=          34 iiter=           2
                     conver_load check
 resid=  6.673802473258551E-003 retot=   45234269223358.3     
 ratio1=  1.214654839963752E-008 ratio2=  3.997544332101993E-009
 nchek0=           0 toler_force=  1.000000000000000E-005
 nchek=           0
                    conver_nodal_value check
               Convergence check for displacement
 ratio1=  4.977354150834012E-006 ratio2=  7.656105261342732E-006
 nchek=           0
 ngvar in output=           7 nstre=           4
 ***********RESTART FILE IS UPDATED!*******
 time: 16:00:59
 iblks=           1 iincs=           1 istep=          35
 outinp=           0
 iiter=           1
Begin forming various matrix       at 2026-09-02 16:01:00 
 ktsmat=           0
 ntelgroup=           0
Begin solution global equation     at 2026-09-02 16:01:00 
                     istep=          35 iiter=           1
                     conver_load check
 resid=   1819.24922772220      retot=   43530722430635.8     
 ratio1=  6.464696820248697E-006 ratio2=  3.567366787447803E-006
 nchek0=           0 toler_force=  1.000000000000000E-005
 nchek=           0
                    conver_nodal_value check
               Convergence check for displacement
 ratio1=  3.282159349367583E-003 ratio2=  1.267975209690473E-002
                            not converged for checki=           1
 iiter=           2
Begin forming various matrix       at 2026-09-02 16:01:00 
 ktsmat=           0
Begin solution global equation     at 2026-09-02 16:01:00 
                     istep=          35 iiter=           2
                     conver_load check
 resid=  3.856204344791090E-003 retot=   43530722430635.8     
 ratio1=  9.412003553009371E-009 ratio2=  2.322672494047440E-009
 nchek0=           0 toler_force=  1.000000000000000E-005
 nchek=           0
                    conver_nodal_value check
               Convergence check for displacement
 ratio1=  6.473646533953999E-006 ratio2=  1.545339295449034E-005
                            not converged for checki=           1
 iiter=           3
Begin forming various matrix       at 2026-09-02 16:01:00 
 ktsmat=           0
Begin solution global equation     at 2026-09-02 16:01:00 
                     istep=          35 iiter=           3
                     conver_load check
 resid=  3.340847936179600E-008 retot=   43530722430635.8     
 ratio1=  2.770323058846488E-011 ratio2=  8.002396470016146E-012
 nchek0=           0 toler_force=  1.000000000000000E-005
 nchek=           0
                    conver_nodal_value check
               Convergence check for displacement
 ratio1=  3.369530081576418E-008 ratio2=  9.524036428239277E-008
 nchek=           0
 ***********RESTART FILE IS UPDATED!*******
 time: 16:00:59
 iblks=           1 iincs=           1 istep=          36
 outinp=           0
 iiter=           1
Begin forming various matrix       at 2026-09-02 16:01:00 
 ktsmat=           0
 ntelgroup=           0
Begin solution global equation     at 2026-09-02 16:01:00 
                     istep=          36 iiter=           1
                     conver_load check
 resid=   2257.01418507395      retot=   42403237069615.7     
 ratio1=  7.295711269696943E-006 ratio2=  5.534360959765212E-006
 nchek0=           0 toler_force=  1.000000000000000E-005
 nchek=           0
                    conver_nodal_value check
               Convergence check for displacement
 ratio1=  3.611783833574074E-003 ratio2=  1.690695115772869E-002
                            not converged for checki=           1
 iiter=           2
Begin forming various matrix       at 2026-09-02 16:01:00 
 ktsmat=           0
Begin solution global equation     at 2026-09-02 16:01:00 
                     istep=          36 iiter=           2
                     conver_load check
 resid=  2.362072608750780E-003 retot=   42403237069615.7     
 ratio1=  7.463578684982888E-009 ratio2=  1.975660436756621E-009
 nchek0=           0 toler_force=  1.000000000000000E-005
 nchek=           0
                    conver_nodal_value check
               Convergence check for displacement
 ratio1=  3.021730408812709E-006 ratio2=  4.089680220845168E-006
 nchek=           0
 ngvar in output=           7 nstre=           4
 ***********RESTART FILE IS UPDATED!*******
 time: 16:00:59
 iblks=           1 iincs=           1 istep=          37
 outinp=           0
 iiter=           1
Begin forming various matrix       at 2026-09-02 16:01:00 
 ktsmat=           0
 ntelgroup=           0
Begin solution global equation     at 2026-09-02 16:01:00 
                     istep=          37 iiter=           1
                     conver_load check
 resid=   4276.36278898195      retot=   42191201225709.8     
 ratio1=  1.006760866208594E-005 ratio2=  5.163988741571979E-006
 nchek0=           0 toler_force=  1.000000000000000E-005
 nchek=           1
 iiter=           2
Begin forming various matrix       at 2026-09-02 16:01:00 
 ktsmat=           0
Begin solution global equation     at 2026-09-02 16:01:00 
                     istep=          37 iiter=           2
                     conver_load check
 resid=  7.565881885247747E-003 retot=   42191201225709.8     
 ratio1=  1.339117955608540E-008 ratio2=  3.894116935051708E-009
 nchek0=           0 toler_force=  1.000000000000000E-005
 nchek=           0
                    conver_nodal_value check
               Convergence check for displacement
 ratio1=  9.011557034220728E-006 ratio2=  1.715264514630386E-005
                            not converged for checki=           1
 iiter=           3
Begin forming various matrix       at 2026-09-02 16:01:00 
 ktsmat=           0
Begin solution global equation     at 2026-09-02 16:01:00 
                     istep=          37 iiter=           3
                     conver_load check
 resid=  1.381445844151188E-007 retot=   42191201225709.8     
 ratio1=  5.722107162728356E-011 ratio2=  2.012455889565197E-011
 nchek0=           0 toler_force=  1.000000000000000E-005
 nchek=           0
                    conver_nodal_value check
               Convergence check for displacement
 ratio1=  6.009691136090050E-008 ratio2=  1.411288671917630E-007
 nchek=           0
 ***********RESTART FILE IS UPDATED!*******
 time: 16:00:59
 iblks=           1 iincs=           1 istep=          38
 outinp=           0
 iiter=           1
Begin forming various matrix       at 2026-09-02 16:01:00 
 ktsmat=           0
 ntelgroup=           0
Begin solution global equation     at 2026-09-02 16:01:00 
                     istep=          38 iiter=           1
                     conver_load check
 resid=   1209.41312482480      retot=   46315725596289.6     
 ratio1=  5.110025914304293E-006 ratio2=  4.212289020955757E-006
 nchek0=           0 toler_force=  1.000000000000000E-005
 nchek=           0
                    conver_nodal_value check
               Convergence check for displacement
 ratio1=  3.066596612065446E-003 ratio2=  1.842239940834956E-002
                            not converged for checki=           1
 iiter=           2
Begin forming various matrix       at 2026-09-02 16:01:00 
 ktsmat=           0
Begin solution global equation     at 2026-09-02 16:01:00 
                     istep=          38 iiter=           2
                     conver_load check
 resid=  5.672409362386537E-004 retot=   46315725596289.6     
 ratio1=  3.499609175042697E-009 ratio2=  9.621078994588287E-010
 nchek0=           0 toler_force=  1.000000000000000E-005
 nchek=           0
                    conver_nodal_value check
               Convergence check for displacement
 ratio1=  1.978334115445365E-006 ratio2=  2.846456299626412E-006
 nchek=           0
 ngvar in output=           7 nstre=           4
 ***********RESTART FILE IS UPDATED!*******
 time: 16:00:59
 iblks=           1 iincs=           1 istep=          39
 outinp=           0
 iiter=           1
Begin forming various matrix       at 2026-09-02 16:01:00 
 ktsmat=           0
 ntelgroup=           0
Begin solution global equation     at 2026-09-02 16:01:00 
                     istep=          39 iiter=           1
                     conver_load check
 resid=   3512.51455599933      retot=   60400833782198.6     
 ratio1=  7.625838428249847E-006 ratio2=  5.495573767028986E-006
 nchek0=           0 toler_force=  1.000000000000000E-005
 nchek=           0
                    conver_nodal_value check
               Convergence check for displacement
 ratio1=  4.767394048708477E-003 ratio2=  1.723217849207794E-002
                            not converged for checki=           1
 iiter=           2
Begin forming various matrix       at 2026-09-02 16:01:00 
 ktsmat=           0
Begin solution global equation     at 2026-09-02 16:01:00 
                     istep=          39 iiter=           2
                     conver_load check
 resid=  4.754376246574217E-003 retot=   60400833782198.6     
 ratio1=  8.872077092088681E-009 ratio2=  2.821550116710428E-009
 nchek0=           0 toler_force=  1.000000000000000E-005
 nchek=           0
                    conver_nodal_value check
               Convergence check for displacement
 ratio1=  4.569551020694530E-006 ratio2=  5.236077555558830E-006
 nchek=           0
 ***********RESTART FILE IS UPDATED!*******
 time: 16:00:59
 iblks=           1 iincs=           1 istep=          40
 outinp=           0
 iiter=           1
Begin forming various matrix       at 2026-09-02 16:01:00 
 ktsmat=           0
 ntelgroup=           0
Begin solution global equation     at 2026-09-02 16:01:00 
                     istep=          40 iiter=           1
                     conver_load check
 resid=   46904.6966043842      retot=   132242761179954.     
 ratio1=  1.883311729655346E-005 ratio2=  8.281184954184198E-006
 nchek0=           0 toler_force=  1.000000000000000E-005
 nchek=           1
 iiter=           2
Begin forming various matrix       at 2026-09-02 16:01:00 
 ktsmat=           0
Begin solution global equation     at 2026-09-02 16:01:00 
                     istep=          40 iiter=           2
                     conver_load check
 resid=  0.140448015566058      retot=   132242761179954.     
 ratio1=  3.258906116503156E-008 ratio2=  9.173439628348697E-009
 nchek0=           0 toler_force=  1.000000000000000E-005
 nchek=           0
                    conver_nodal_value check
               Convergence check for displacement
 ratio1=  3.050568730351455E-005 ratio2=  3.225563541853902E-005
                            not converged for checki=           1
 iiter=           3
Begin forming various matrix       at 2026-09-02 16:01:00 
 ktsmat=           0
Begin solution global equation     at 2026-09-02 16:01:00 
                     istep=          40 iiter=           3
                     conver_load check
 resid=  1.757097799534144E-006 retot=   132242761179954.     
 ratio1=  1.152688640099608E-010 ratio2=  3.933338416126648E-011
 nchek0=           0 toler_force=  1.000000000000000E-005
 nchek=           0
                    conver_nodal_value check
               Convergence check for displacement
 ratio1=  1.724334439561574E-007 ratio2=  3.032538474664815E-007
 nchek=           0
 ngvar in output=           7 nstre=           4
 ***********RESTART FILE IS UPDATED!*******
 time: 16:00:59
 iblks=           1 iincs=           1 istep=          41
 outinp=           0
 iiter=           1
Begin forming various matrix       at 2026-09-02 16:01:00 
 ktsmat=           0
 ntelgroup=           0
Begin solution global equation     at 2026-09-02 16:01:00 
                     istep=          41 iiter=           1
                     conver_load check
 resid=   6568.32281067615      retot=   307517337552775.     
 ratio1=  4.621600924363482E-006 ratio2=  2.123123481248400E-006
 nchek0=           0 toler_force=  1.000000000000000E-005
 nchek=           0
                    conver_nodal_value check
               Convergence check for displacement
 ratio1=  7.247974107417256E-003 ratio2=  1.723221052607288E-002
                            not converged for checki=           1
 iiter=           2
Begin forming various matrix       at 2026-09-02 16:01:00 
 ktsmat=           0
Begin solution global equation     at 2026-09-02 16:01:00 
                     istep=          41 iiter=           2
                     conver_load check
 resid=  9.604513123991472E-003 retot=   307517337552775.     
 ratio1=  5.588598041140199E-009 ratio2=  1.898900796268443E-009
 nchek0=           0 toler_force=  1.000000000000000E-005
 nchek=           0
                    conver_nodal_value check
               Convergence check for displacement
 ratio1=  2.064251656383641E-005 ratio2=  3.971689959599069E-005
                            not converged for checki=           1
 iiter=           3
Begin forming various matrix       at 2026-09-02 16:01:00 
 ktsmat=           0
Begin solution global equation     at 2026-09-02 16:01:00 
                     istep=          41 iiter=           3
                     conver_load check
 resid=  2.489141343873199E-007 retot=   307517337552775.     
 ratio1=  2.845050477959822E-011 ratio2=  1.059372711622378E-011
 nchek0=           0 toler_force=  1.000000000000000E-005
 nchek=           0
                    conver_nodal_value check
               Convergence check for displacement
 ratio1=  1.356991714004098E-007 ratio2=  2.768321961586520E-007
 nchek=           0
 ***********RESTART FILE IS UPDATED!*******
 time: 16:00:59
 iblks=           1 iincs=           1 istep=          42
 outinp=           0
 iiter=           1
Begin forming various matrix       at 2026-09-02 16:01:01 
 ktsmat=           0
 ntelgroup=           0
Begin solution global equation     at 2026-09-02 16:01:01 
                     istep=          42 iiter=           1
                     conver_load check
 resid=   14161.7734295309      retot=   603688611059135.     
 ratio1=  4.843422217510467E-006 ratio2=  1.490516312020218E-006
 nchek0=           0 toler_force=  1.000000000000000E-005
 nchek=           0
                    conver_nodal_value check
               Convergence check for displacement
 ratio1=  8.892492160046783E-003 ratio2=  1.877220250989205E-002
                            not converged for checki=           1
 iiter=           2
Begin forming various matrix       at 2026-09-02 16:01:01 
 ktsmat=           0
Begin solution global equation     at 2026-09-02 16:01:01 
                     istep=          42 iiter=           2
                     conver_load check
 resid=  5.343845032877775E-002 retot=   603688611059135.     
 ratio1=  9.408501021077662E-009 ratio2=  2.560995464913916E-009
 nchek0=           0 toler_force=  1.000000000000000E-005
 nchek=           0
                    conver_nodal_value check
               Convergence check for displacement
 ratio1=  1.603324532531372E-005 ratio2=  1.680636006871557E-005
                            not converged for checki=           1
 iiter=           3
Begin forming various matrix       at 2026-09-02 16:01:01 
 ktsmat=           0
Begin solution global equation     at 2026-09-02 16:01:01 
                     istep=          42 iiter=           3
                     conver_load check
 resid=  4.623437697725862E-007 retot=   603688611059135.     
 ratio1=  2.767425978946084E-011 ratio2=  7.784568870509427E-012
 nchek0=           0 toler_force=  1.000000000000000E-005
 nchek=           0
                    conver_nodal_value check
               Convergence check for displacement
 ratio1=  4.943641365006221E-008 ratio2=  5.108545252901273E-008
 nchek=           0
 ngvar in output=           7 nstre=           4
 ***********RESTART FILE IS UPDATED!*******
 time: 16:00:59
 iblks=           1 iincs=           1 istep=          43
 outinp=           0
 iiter=           1
Begin forming various matrix       at 2026-09-02 16:01:01 
 ktsmat=           0
 ntelgroup=           0
Begin solution global equation     at 2026-09-02 16:01:01 
                     istep=          43 iiter=           1
                     conver_load check
 resid=   58062.7857983588      retot=   937480496086140.     
 ratio1=  7.869874629875380E-006 ratio2=  3.954098217589748E-006
 nchek0=           0 toler_force=  1.000000000000000E-005
 nchek=           0
                    conver_nodal_value check
               Convergence check for displacement
 ratio1=  1.536772339743981E-002 ratio2=  2.313535630970417E-002
                            not converged for checki=           1
 iiter=           2
Begin forming various matrix       at 2026-09-02 16:01:01 
 ktsmat=           0
Begin solution global equation     at 2026-09-02 16:01:01 
                     istep=          43 iiter=           2
                     conver_load check
 resid=  0.110578220738943      retot=   937480496086140.     
 ratio1=  1.086059648578895E-008 ratio2=  3.367112891636269E-009
 nchek0=           0 toler_force=  1.000000000000000E-005
 nchek=           0
                    conver_nodal_value check
               Convergence check for displacement
 ratio1=  2.046323731561081E-005 ratio2=  1.909364343989207E-005
                            not converged for checki=           1
 iiter=           3
Begin forming various matrix       at 2026-09-02 16:01:01 
 ktsmat=           0
Begin solution global equation     at 2026-09-02 16:01:01 
                     istep=          43 iiter=           3
                     conver_load check
 resid=  1.092499192138105E-006 retot=   937480496086140.     
 ratio1=  3.413732145173053E-011 ratio2=  1.009407537564183E-011
 nchek0=           0 toler_force=  1.000000000000000E-005
 nchek=           0
                    conver_nodal_value check
               Convergence check for displacement
 ratio1=  8.706220542190052E-008 ratio2=  9.192012345644108E-008
 nchek=           0
 ***********RESTART FILE IS UPDATED!*******
 time: 16:00:59
 iblks=           1 iincs=           1 istep=          44
 outinp=           0
 iiter=           1
Begin forming various matrix       at 2026-09-02 16:01:01 
 ktsmat=           0
 ntelgroup=           0
Begin solution global equation     at 2026-09-02 16:01:01 
                     istep=          44 iiter=           1
                     conver_load check
 resid=   133010.507461416      retot=  1.431789581894432E+015
 ratio1=  9.638365163800715E-006 ratio2=  4.312837700930203E-006
 nchek0=           0 toler_force=  1.000000000000000E-005
 nchek=           0
                    conver_nodal_value check
               Convergence check for displacement
 ratio1=  1.779809338367131E-002 ratio2=  2.144658386658167E-002
                            not converged for checki=           1
 iiter=           2
Begin forming various matrix       at 2026-09-02 16:01:01 
 ktsmat=           0
Begin solution global equation     at 2026-09-02 16:01:01 
                     istep=          44 iiter=           2
                     conver_load check
 resid=  0.385017722179020      retot=  1.431789581894432E+015
 ratio1=  1.639837301602863E-008 ratio2=  4.944814794110967E-009
 nchek0=           0 toler_force=  1.000000000000000E-005
 nchek=           0
                    conver_nodal_value check
               Convergence check for displacement
 ratio1=  2.897122777344168E-005 ratio2=  2.377418959416500E-005
                            not converged for checki=           1
 iiter=           3
Begin forming various matrix       at 2026-09-02 16:01:01 
 ktsmat=           0
Begin solution global equation     at 2026-09-02 16:01:01 
                     istep=          44 iiter=           3
                     conver_load check
 resid=  3.252512565424171E-006 retot=  1.431789581894432E+015
 ratio1=  4.766173992265387E-011 ratio2=  1.379874076500666E-011
 nchek0=           0 toler_force=  1.000000000000000E-005
 nchek=           0
                    conver_nodal_value check
               Convergence check for displacement
 ratio1=  8.815577040799119E-008 ratio2=  6.634801619376863E-008
 nchek=           0
 ngvar in output=           7 nstre=           4
 ***********RESTART FILE IS UPDATED!*******
 time: 16:00:59
 iblks=           1 iincs=           1 istep=          45
 outinp=           0
 iiter=           1
Begin forming various matrix       at 2026-09-02 16:01:01 
 ktsmat=           0
 ntelgroup=           0
Begin solution global equation     at 2026-09-02 16:01:01 
                     istep=          45 iiter=           1
                     conver_load check
 resid=   532248.494541570      retot=  1.777261174190032E+015
 ratio1=  1.730539808844342E-005 ratio2=  8.421995433740181E-006
 nchek0=           0 toler_force=  1.000000000000000E-005
 nchek=           1
 iiter=           2
Begin forming various matrix       at 2026-09-02 16:01:01 
 ktsmat=           0
Begin solution global equation     at 2026-09-02 16:01:01 
                     istep=          45 iiter=           2
                     conver_load check
 resid=   1.30234917829926      retot=  1.777261174190032E+015
 ratio1=  2.706998988261968E-008 ratio2=  8.674508278358596E-009
 nchek0=           0 toler_force=  1.000000000000000E-005
 nchek=           0
                    conver_nodal_value check
               Convergence check for displacement
 ratio1=  4.003622882918980E-005 ratio2=  3.371245272907027E-005
                            not converged for checki=           1
 iiter=           3
Begin forming various matrix       at 2026-09-02 16:01:01 
 ktsmat=           0
Begin solution global equation     at 2026-09-02 16:01:01 
                     istep=          45 iiter=           3
                     conver_load check
 resid=  1.118574293175099E-005 retot=  1.777261174190032E+015
 ratio1=  7.933353209157893E-011 ratio2=  2.347707702414737E-011
 nchek0=           0 toler_force=  1.000000000000000E-005
 nchek=           0
                    conver_nodal_value check
               Convergence check for displacement
 ratio1=  1.287914194885740E-007 ratio2=  9.124809270621616E-008
 nchek=           0
 ***********RESTART FILE IS UPDATED!*******
 time: 16:00:59
 iblks=           1 iincs=           1 istep=          46
 outinp=           0
 iiter=           1
Begin forming various matrix       at 2026-09-02 16:01:01 
 ktsmat=           0
 ntelgroup=           0
Begin solution global equation     at 2026-09-02 16:01:01 
                     istep=          46 iiter=           1
                     conver_load check
 resid=   97153.6486412406      retot=  1.829196688795848E+015
 ratio1=  7.287848809734189E-006 ratio2=  4.059692369440203E-006
 nchek0=           0 toler_force=  1.000000000000000E-005
 nchek=           0
                    conver_nodal_value check
               Convergence check for displacement
 ratio1=  9.302187368477441E-003 ratio2=  1.298669175309749E-002
                            not converged for checki=           1
 iiter=           2
Begin forming various matrix       at 2026-09-02 16:01:01 
 ktsmat=           0
Begin solution global equation     at 2026-09-02 16:01:01 
                     istep=          46 iiter=           2
                     conver_load check
 resid=  0.188049780394198      retot=  1.829196688795848E+015
 ratio1=  1.013925888524008E-008 ratio2=  3.525269850542825E-009
 nchek0=           0 toler_force=  1.000000000000000E-005
 nchek=           0
                    conver_nodal_value check
               Convergence check for displacement
 ratio1=  1.241577005496595E-005 ratio2=  1.057669523556693E-005
                            not converged for checki=           1
 iiter=           3
Begin forming various matrix       at 2026-09-02 16:01:01 
 ktsmat=           0
Begin solution global equation     at 2026-09-02 16:01:01 
                     istep=          46 iiter=           3
                     conver_load check
 resid=  1.443881618030044E-006 retot=  1.829196688795848E+015
 ratio1=  2.809542399021716E-011 ratio2=  8.968624175138057E-012
 nchek0=           0 toler_force=  1.000000000000000E-005
 nchek=           0
                    conver_nodal_value check
               Convergence check for displacement
 ratio1=  3.618241434361201E-008 ratio2=  2.690797653773817E-008
 nchek=           0
 ngvar in output=           7 nstre=           4
 ***********RESTART FILE IS UPDATED!*******
 time: 16:00:59
 iblks=           1 iincs=           1 istep=          47
 outinp=           0
 iiter=           1
Begin forming various matrix       at 2026-09-02 16:01:01 
 ktsmat=           0
 ntelgroup=           0
Begin solution global equation     at 2026-09-02 16:01:01 
                     istep=          47 iiter=           1
                     conver_load check
 resid=   124822.660177486      retot=  1.836883189705066E+015
 ratio1=  8.243391898211305E-006 ratio2=  3.975567882998222E-006
 nchek0=           0 toler_force=  1.000000000000000E-005
 nchek=           0
                    conver_nodal_value check
               Convergence check for displacement
 ratio1=  8.410772967790910E-003 ratio2=  1.242134654819704E-002
                            not converged for checki=           1
 iiter=           2
Begin forming various matrix       at 2026-09-02 16:01:01 
 ktsmat=           0
Begin solution global equation     at 2026-09-02 16:01:01 
                     istep=          47 iiter=           2
                     conver_load check
 resid=  0.309844725459610      retot=  1.836883189705066E+015
 ratio1=  1.298767115591782E-008 ratio2=  4.745305699754448E-009
 nchek0=           0 toler_force=  1.000000000000000E-005
 nchek=           0
                    conver_nodal_value check
               Convergence check for displacement
 ratio1=  1.296735522458726E-005 ratio2=  1.134343907548275E-005
                            not converged for checki=           1
 iiter=           3
Begin forming various matrix       at 2026-09-02 16:01:01 
 ktsmat=           0
Begin solution global equation     at 2026-09-02 16:01:01 
                     istep=          47 iiter=           3
                     conver_load check
 resid=  2.309061372108843E-006 retot=  1.836883189705066E+015
 ratio1=  3.545495742438814E-011 ratio2=  1.228348247310647E-011
 nchek0=           0 toler_force=  1.000000000000000E-005
 nchek=           0
                    conver_nodal_value check
               Convergence check for displacement
 ratio1=  3.755551275542326E-008 ratio2=  2.936312289011143E-008
 nchek=           0
 ***********RESTART FILE IS UPDATED!*******
 time: 16:00:59
 iblks=           1 iincs=           1 istep=          48
 outinp=           0
 iiter=           1
Begin forming various matrix       at 2026-09-02 16:01:01 
 ktsmat=           0
 ntelgroup=           0
Begin solution global equation     at 2026-09-02 16:01:01 
                     istep=          48 iiter=           1
                     conver_load check
 resid=   121198.153948257      retot=  1.845055657492184E+015
 ratio1=  8.104817996139209E-006 ratio2=  5.327675952365129E-006
 nchek0=           0 toler_force=  1.000000000000000E-005
 nchek=           0
                    conver_nodal_value check
               Convergence check for displacement
 ratio1=  7.096966000624099E-003 ratio2=  1.145964473150729E-002
                            not converged for checki=           1
 iiter=           2
Begin forming various matrix       at 2026-09-02 16:01:01 
 ktsmat=           0
Begin solution global equation     at 2026-09-02 16:01:01 
                     istep=          48 iiter=           2
                     conver_load check
 resid=  0.271168541097519      retot=  1.845055657492184E+015
 ratio1=  1.212313430664864E-008 ratio2=  4.703297217725703E-009
 nchek0=           0 toler_force=  1.000000000000000E-005
 nchek=           0
                    conver_nodal_value check
               Convergence check for displacement
 ratio1=  1.015313288355761E-005 ratio2=  9.218890627431401E-006
                            not converged for checki=           1
 iiter=           3
Begin forming various matrix       at 2026-09-02 16:01:01 
 ktsmat=           0
Begin solution global equation     at 2026-09-02 16:01:01 
                     istep=          48 iiter=           3
                     conver_load check
 resid=  2.779344542621600E-006 retot=  1.845055657492184E+015
 ratio1=  3.881203890562872E-011 ratio2=  1.511641469001908E-011
 nchek0=           0 toler_force=  1.000000000000000E-005
 nchek=           0
                    conver_nodal_value check
               Convergence check for displacement
 ratio1=  4.240171413835079E-008 ratio2=  4.194771773521051E-008
 nchek=           0
 ngvar in output=           7 nstre=           4
 ***********RESTART FILE IS UPDATED!*******
 time: 16:00:59
 iblks=           1 iincs=           1 istep=          49
 outinp=           0
 iiter=           1
Begin forming various matrix       at 2026-09-02 16:01:01 
 ktsmat=           0
 ntelgroup=           0
Begin solution global equation     at 2026-09-02 16:01:01 
                     istep=          49 iiter=           1
                     conver_load check
 resid=   68785.3444672891      retot=  1.913962730877682E+015
 ratio1=  5.994890016243849E-006 ratio2=  3.464632279880523E-006
 nchek0=           0 toler_force=  1.000000000000000E-005
 nchek=           0
                    conver_nodal_value check
               Convergence check for displacement
 ratio1=  4.657505246125995E-003 ratio2=  8.434055646868685E-003
                            not converged for checki=           1
 iiter=           2
Begin forming various matrix       at 2026-09-02 16:01:01 
 ktsmat=           0
Begin solution global equation     at 2026-09-02 16:01:01 
                     istep=          49 iiter=           2
                     conver_load check
 resid=  0.163067832015268      retot=  1.913962730877682E+015
 ratio1=  9.230333871542085E-009 ratio2=  3.956693460803877E-009
 nchek0=           0 toler_force=  1.000000000000000E-005
 nchek=           0
                    conver_nodal_value check
               Convergence check for displacement
 ratio1=  7.456164830284298E-006 ratio2=  7.604672533505284E-006
 nchek=           0
 ***********RESTART FILE IS UPDATED!*******
 time: 16:00:59
 iblks=           1 iincs=           1 istep=          50
 outinp=           0
 iiter=           1
Begin forming various matrix       at 2026-09-02 16:01:01 
 ktsmat=           0
 ntelgroup=           0
Begin solution global equation     at 2026-09-02 16:01:01 
                     istep=          50 iiter=           1
                     conver_load check
 resid=   620746.749603353      retot=  2.328874619221394E+015
 ratio1=  1.632616469115182E-005 ratio2=  1.054350618713391E-005
 nchek0=           0 toler_force=  1.000000000000000E-005
 nchek=           1
 iiter=           2
Begin forming various matrix       at 2026-09-02 16:01:01 
 ktsmat=           0
Begin solution global equation     at 2026-09-02 16:01:01 
                     istep=          50 iiter=           2
                     conver_load check
 resid=   1.62848130098857      retot=  2.328874619221394E+015
 ratio1=  2.644346330463118E-008 ratio2=  1.090747031739498E-008
 nchek0=           0 toler_force=  1.000000000000000E-005
 nchek=           0
                    conver_nodal_value check
               Convergence check for displacement
 ratio1=  1.908868788467931E-005 ratio2=  1.907239062784485E-005
                            not converged for checki=           1
 iiter=           3
Begin forming various matrix       at 2026-09-02 16:01:01 
 ktsmat=           0
Begin solution global equation     at 2026-09-02 16:01:01 
                     istep=          50 iiter=           3
                     conver_load check
 resid=  1.696256551905899E-005 retot=  2.328874619221394E+015
 ratio1=  8.534394520336730E-011 ratio2=  3.656929979946550E-011
 nchek0=           0 toler_force=  1.000000000000000E-005
 nchek=           0
                    conver_nodal_value check
               Convergence check for displacement
 ratio1=  8.590798485266066E-008 ratio2=  1.113289148557199E-007
 nchek=           0
 ngvar in output=           7 nstre=           4
 ***********RESTART FILE IS UPDATED!*******
 time: 16:00:59
 iblks=           1 iincs=           1 istep=          51
 outinp=           0
 iiter=           1
Begin forming various matrix       at 2026-09-02 16:01:01 
 ktsmat=           0
 ntelgroup=           0
Begin solution global equation     at 2026-09-02 16:01:01 
                     istep=          51 iiter=           1
                     conver_load check
 resid=   938354.059162292      retot=  2.768720873655498E+015
 ratio1=  1.840957578331231E-005 ratio2=  1.245885723029952E-005
 nchek0=           0 toler_force=  1.000000000000000E-005
 nchek=           1
 iiter=           2
Begin forming various matrix       at 2026-09-02 16:01:01 
 ktsmat=           0
Begin solution global equation     at 2026-09-02 16:01:01 
                     istep=          51 iiter=           2
                     conver_load check
 resid=   2.34630195540803      retot=  2.768720873655498E+015
 ratio1=  2.911068090655268E-008 ratio2=  1.264984604270548E-008
 nchek0=           0 toler_force=  1.000000000000000E-005
 nchek=           0
                    conver_nodal_value check
               Convergence check for displacement
 ratio1=  1.998491773857569E-005 ratio2=  2.189939805350666E-005
                            not converged for checki=           1
 iiter=           3
Begin forming various matrix       at 2026-09-02 16:01:01 
 ktsmat=           0
Begin solution global equation     at 2026-09-02 16:01:01 
                     istep=          51 iiter=           3
                     conver_load check
 resid=  1.827050795183910E-005 retot=  2.768720873655498E+015
 ratio1=  8.123360434790202E-011 ratio2=  3.316600740529411E-011
 nchek0=           0 toler_force=  1.000000000000000E-005
 nchek=           0
                    conver_nodal_value check
               Convergence check for displacement
 ratio1=  5.862909474113781E-008 ratio2=  5.741747892404971E-008
 nchek=           0
 ***********RESTART FILE IS UPDATED!*******
 time: 16:00:59
 iblks=           1 iincs=           1 istep=          52
 outinp=           0
 iiter=           1
Begin forming various matrix       at 2026-09-02 16:01:01 
 ktsmat=           0
 ntelgroup=           0
Begin solution global equation     at 2026-09-02 16:01:01 
                     istep=          52 iiter=           1
                     conver_load check
 resid=   852927.986158272      retot=  3.291748625354014E+015
 ratio1=  1.609692241771561E-005 ratio2=  9.696719416490886E-006
 nchek0=           0 toler_force=  1.000000000000000E-005
 nchek=           1
 iiter=           2
Begin forming various matrix       at 2026-09-02 16:01:01 
 ktsmat=           0
Begin solution global equation     at 2026-09-02 16:01:01 
                     istep=          52 iiter=           2
                     conver_load check
 resid=   2.01552661666227      retot=  3.291748625354014E+015
 ratio1=  2.474462846894021E-008 ratio2=  1.002423321770662E-008
 nchek0=           0 toler_force=  1.000000000000000E-005
 nchek=           0
                    conver_nodal_value check
               Convergence check for displacement
 ratio1=  1.567062479873147E-005 ratio2=  1.887565066118072E-005
                            not converged for checki=           1
 iiter=           3
Begin forming various matrix       at 2026-09-02 16:01:01 
 ktsmat=           0
Begin solution global equation     at 2026-09-02 16:01:01 
                     istep=          52 iiter=           3
                     conver_load check
 resid=  1.769165029501133E-005 retot=  3.291748625354014E+015
 ratio1=  7.331128665285625E-011 ratio2=  2.709081600462192E-011
 nchek0=           0 toler_force=  1.000000000000000E-005
 nchek=           0
                    conver_nodal_value check
               Convergence check for displacement
 ratio1=  5.399300333138898E-008 ratio2=  5.101272982009161E-008
 nchek=           0
 ngvar in output=           7 nstre=           4
 ***********RESTART FILE IS UPDATED!*******
 time: 16:00:59
 iblks=           1 iincs=           1 istep=          53
 outinp=           0
 iiter=           1
Begin forming various matrix       at 2026-09-02 16:01:01 
 ktsmat=           0
 ntelgroup=           0
Begin solution global equation     at 2026-09-02 16:01:01 
                     istep=          53 iiter=           1
                     conver_load check
 resid=   1299906.49969018      retot=  3.749818601078142E+015
 ratio1=  1.861876747205159E-005 ratio2=  9.946132137636046E-006
 nchek0=           0 toler_force=  1.000000000000000E-005
 nchek=           1
 iiter=           2
Begin forming various matrix       at 2026-09-02 16:01:01 
 ktsmat=           0
Begin solution global equation     at 2026-09-02 16:01:01 
                     istep=          53 iiter=           2
                     conver_load check
 resid=   3.29971161590803      retot=  3.749818601078142E+015
 ratio1=  2.966421521286003E-008 ratio2=  1.010272600097368E-008
 nchek0=           0 toler_force=  1.000000000000000E-005
 nchek=           0
                    conver_nodal_value check
               Convergence check for displacement
 ratio1=  1.797453689609300E-005 ratio2=  2.180206757966278E-005
                            not converged for checki=           1
 iiter=           3
Begin forming various matrix       at 2026-09-02 16:01:01 
 ktsmat=           0
Begin solution global equation     at 2026-09-02 16:01:01 
                     istep=          53 iiter=           3
                     conver_load check
 resid=  2.948177493735250E-005 retot=  3.749818601078142E+015
 ratio1=  8.866897409968821E-011 ratio2=  2.839016002435781E-011
 nchek0=           0 toler_force=  1.000000000000000E-005
 nchek=           0
                    conver_nodal_value check
               Convergence check for displacement
 ratio1=  6.041699094481998E-008 ratio2=  6.126720053940649E-008
 nchek=           0
 ***********RESTART FILE IS UPDATED!*******
 time: 16:00:59
 iblks=           1 iincs=           1 istep=          54
 outinp=           0
 iiter=           1
Begin forming various matrix       at 2026-09-02 16:01:01 
 ktsmat=           0
 ntelgroup=           0
Begin solution global equation     at 2026-09-02 16:01:01 
                     istep=          54 iiter=           1
                     conver_load check
 resid=   513137.892291206      retot=  3.939301861674064E+015
 ratio1=  1.141319959603904E-005 ratio2=  5.530401403859576E-006
 nchek0=           0 toler_force=  1.000000000000000E-005
 nchek=           1
 iiter=           2
Begin forming various matrix       at 2026-09-02 16:01:01 
 ktsmat=           0
Begin solution global equation     at 2026-09-02 16:01:01 
                     istep=          54 iiter=           2
                     conver_load check
 resid=  0.948602999597090      retot=  3.939301861674064E+015
 ratio1=  1.551788811162500E-008 ratio2=  5.128530694465671E-009
 nchek0=           0 toler_force=  1.000000000000000E-005
 nchek=           0
                    conver_nodal_value check
               Convergence check for displacement
 ratio1=  8.610718504845480E-006 ratio2=  1.196485011433089E-005
                            not converged for checki=           1
 iiter=           3
Begin forming various matrix       at 2026-09-02 16:01:01 
 ktsmat=           0
Begin solution global equation     at 2026-09-02 16:01:01 
                     istep=          54 iiter=           3
                     conver_load check
 resid=  7.165796992362374E-006 retot=  3.939301861674064E+015
 ratio1=  4.265035197409507E-011 ratio2=  1.243856627824320E-011
 nchek0=           0 toler_force=  1.000000000000000E-005
 nchek=           0
                    conver_nodal_value check
               Convergence check for displacement
 ratio1=  2.490373457609386E-008 ratio2=  2.901708181100792E-008
 nchek=           0
 ngvar in output=           7 nstre=           4
 ***********RESTART FILE IS UPDATED!*******
 time: 16:00:59
 iblks=           1 iincs=           1 istep=          55
 outinp=           0
 iiter=           1
Begin forming various matrix       at 2026-09-02 16:01:01 
 ktsmat=           0
 ntelgroup=           0
Begin solution global equation     at 2026-09-02 16:01:01 
                     istep=          55 iiter=           1
                     conver_load check
 resid=   57860.3237526525      retot=  4.450237835440354E+015
 ratio1=  3.605776623336557E-006 ratio2=  2.186714891887392E-006
 nchek0=           0 toler_force=  1.000000000000000E-005
 nchek=           0
                    conver_nodal_value check
               Convergence check for displacement
 ratio1=  2.473317245698199E-003 ratio2=  9.425823469327698E-003
                            not converged for checki=           1
 iiter=           2
Begin forming various matrix       at 2026-09-02 16:01:01 
 ktsmat=           0
Begin solution global equation     at 2026-09-02 16:01:01 
                     istep=          55 iiter=           2
                     conver_load check
 resid=  6.083919757612694E-002 retot=  4.450237835440354E+015
 ratio1=  3.697431423284834E-009 ratio2=  1.052618836483063E-009
 nchek0=           0 toler_force=  1.000000000000000E-005
 nchek=           0
                    conver_nodal_value check
               Convergence check for displacement
 ratio1=  2.767015492548241E-006 ratio2=  4.194977155077890E-006
 nchek=           0
 ***********RESTART FILE IS UPDATED!*******
 time: 16:00:59
 iblks=           1 iincs=           1 istep=          56
 outinp=           0
 iiter=           1
Begin forming various matrix       at 2026-09-02 16:01:01 
 ktsmat=           0
 ntelgroup=           0
Begin solution global equation     at 2026-09-02 16:01:01 
                     istep=          56 iiter=           1
                     conver_load check
 resid=   226172.597845600      retot=  5.184510320804982E+015
 ratio1=  6.604898096900521E-006 ratio2=  3.330505182973131E-006
 nchek0=           0 toler_force=  1.000000000000000E-005
 nchek=           0
                    conver_nodal_value check
               Convergence check for displacement
 ratio1=  3.833587312873165E-003 ratio2=  8.675294332444818E-003
                            not converged for checki=           1
 iiter=           2
Begin forming various matrix       at 2026-09-02 16:01:01 
 ktsmat=           0
Begin solution global equation     at 2026-09-02 16:01:01 
                     istep=          56 iiter=           2
                     conver_load check
 resid=  0.508390914111209      retot=  5.184510320804982E+015
 ratio1=  9.902503816789232E-009 ratio2=  3.432705550957963E-009
 nchek0=           0 toler_force=  1.000000000000000E-005
 nchek=           0
                    conver_nodal_value check
               Convergence check for displacement
 ratio1=  6.155244226748803E-006 ratio2=  9.173690973587068E-006
 nchek=           0
 ngvar in output=           7 nstre=           4
 ***********RESTART FILE IS UPDATED!*******
 time: 16:00:59
 iblks=           1 iincs=           1 istep=          57
 outinp=           0
 iiter=           1
Begin forming various matrix       at 2026-09-02 16:01:01 
 ktsmat=           0
 ntelgroup=           0
Begin solution global equation     at 2026-09-02 16:01:01 
                     istep=          57 iiter=           1
                     conver_load check
 resid=   347232.239704029      retot=  5.910563801266195E+015
 ratio1=  7.664707146658751E-006 ratio2=  4.167156409821028E-006
 nchek0=           0 toler_force=  1.000000000000000E-005
 nchek=           0
                    conver_nodal_value check
               Convergence check for displacement
 ratio1=  4.274466956338006E-003 ratio2=  9.430106086318026E-003
                            not converged for checki=           1
 iiter=           2
Begin forming various matrix       at 2026-09-02 16:01:01 
 ktsmat=           0
Begin solution global equation     at 2026-09-02 16:01:01 
                     istep=          57 iiter=           2
                     conver_load check
 resid=  0.920738305274589      retot=  5.910563801266195E+015
 ratio1=  1.248112264736352E-008 ratio2=  4.222735816600492E-009
 nchek0=           0 toler_force=  1.000000000000000E-005
 nchek=           0
                    conver_nodal_value check
               Convergence check for displacement
 ratio1=  7.379040877249790E-006 ratio2=  8.913476254465074E-006
 nchek=           0
 ***********RESTART FILE IS UPDATED!*******
 time: 16:00:59
 iblks=           1 iincs=           1 istep=          58
 outinp=           0
 iiter=           1
Begin forming various matrix       at 2026-09-02 16:01:01 
 ktsmat=           0
 ntelgroup=           0
Begin solution global equation     at 2026-09-02 16:01:01 
                     istep=          58 iiter=           1
                     conver_load check
 resid=   742684.829306461      retot=  6.891501594240992E+015
 ratio1=  1.038114712134923E-005 ratio2=  5.690289551750720E-006
 nchek0=           0 toler_force=  1.000000000000000E-005
 nchek=           1
 iiter=           2
Begin forming various matrix       at 2026-09-02 16:01:01 
 ktsmat=           0
Begin solution global equation     at 2026-09-02 16:01:01 
                     istep=          58 iiter=           2
                     conver_load check
 resid=   1.70602610819193      retot=  6.891501594240992E+015
 ratio1=  1.573388262779062E-008 ratio2=  5.837752261291355E-009
 nchek0=           0 toler_force=  1.000000000000000E-005
 nchek=           0
                    conver_nodal_value check
               Convergence check for displacement
 ratio1=  8.685332513622753E-006 ratio2=  1.221155167785368E-005
                            not converged for checki=           1
 iiter=           3
Begin forming various matrix       at 2026-09-02 16:01:01 
 ktsmat=           0
Begin solution global equation     at 2026-09-02 16:01:01 
                     istep=          58 iiter=           3
                     conver_load check
 resid=  1.269441254170255E-005 retot=  6.891501594240992E+015
 ratio1=  4.291897815733323E-011 ratio2=  1.487354792930094E-011
 nchek0=           0 toler_force=  1.000000000000000E-005
 nchek=           0
                    conver_nodal_value check
               Convergence check for displacement
 ratio1=  2.668605726791203E-008 ratio2=  4.590174952336533E-008
 nchek=           0
 ngvar in output=           7 nstre=           4
 ***********RESTART FILE IS UPDATED!*******
 time: 16:00:59
 iblks=           1 iincs=           1 istep=          59
 outinp=           0
 iiter=           1
Begin forming various matrix       at 2026-09-02 16:01:01 
 ktsmat=           0
 ntelgroup=           0
Begin solution global equation     at 2026-09-02 16:01:01 
                     istep=          59 iiter=           1
                     conver_load check
 resid=   670971.738055613      retot=  8.019342624822785E+015
 ratio1=  9.147085305570366E-006 ratio2=  5.455687180035226E-006
 nchek0=           0 toler_force=  1.000000000000000E-005
 nchek=           0
                    conver_nodal_value check
               Convergence check for displacement
 ratio1=  4.904609999085132E-003 ratio2=  1.094932934525683E-002
                            not converged for checki=           1
 iiter=           2
Begin forming various matrix       at 2026-09-02 16:01:01 
 ktsmat=           0
Begin solution global equation     at 2026-09-02 16:01:01 
                     istep=          59 iiter=           2
                     conver_load check
 resid=   1.71000642836367      retot=  8.019342624822785E+015
 ratio1=  1.460257639582705E-008 ratio2=  5.608762467654015E-009
 nchek0=           0 toler_force=  1.000000000000000E-005
 nchek=           0
                    conver_nodal_value check
               Convergence check for displacement
 ratio1=  7.593755090479181E-006 ratio2=  1.114249110892924E-005
                            not converged for checki=           1
 iiter=           3
Begin forming various matrix       at 2026-09-02 16:01:01 
 ktsmat=           0
Begin solution global equation     at 2026-09-02 16:01:01 
                     istep=          59 iiter=           3
                     conver_load check
 resid=  1.723430760763562E-005 retot=  8.019342624822785E+015
 ratio1=  4.635830362685034E-011 ratio2=  1.776958785660407E-011
 nchek0=           0 toler_force=  1.000000000000000E-005
 nchek=           0
                    conver_nodal_value check
               Convergence check for displacement
 ratio1=  3.317332452120370E-008 ratio2=  5.996067540423108E-008
 nchek=           0
 ***********RESTART FILE IS UPDATED!*******
 time: 16:00:59
 iblks=           1 iincs=           1 istep=          60
 outinp=           0
 iiter=           1
Begin forming various matrix       at 2026-09-02 16:01:01 
 ktsmat=           0
 ntelgroup=           0
Begin solution global equation     at 2026-09-02 16:01:01 
                     istep=          60 iiter=           1
                     conver_load check
 resid=   50776.7686002066      retot=  8.615021905032418E+015
 ratio1=  2.427752089496225E-006 ratio2=  2.335711012038988E-006
 nchek0=           0 toler_force=  1.000000000000000E-005
 nchek=           0
                    conver_nodal_value check
               Convergence check for displacement
 ratio1=  1.634898362876890E-003 ratio2=  7.788220533761867E-003
                            not converged for checki=           1
 iiter=           2
Begin forming various matrix       at 2026-09-02 16:01:01 
 ktsmat=           0
Begin solution global equation     at 2026-09-02 16:01:01 
                     istep=          60 iiter=           2
                     conver_load check
 resid=  1.439509172415728E-002 retot=  8.615021905032418E+015
 ratio1=  1.292644269501551E-009 ratio2=  6.769313146867806E-010
 nchek0=           0 toler_force=  1.000000000000000E-005
 nchek=           0
                    conver_nodal_value check
               Convergence check for displacement
 ratio1=  8.079924141137475E-007 ratio2=  1.502326444383320E-006
 nchek=           0
 ngvar in output=           7 nstre=           4
 ***********RESTART FILE IS UPDATED!*******
 time: 16:00:59
 iblks=           1 iincs=           1 istep=          61
 outinp=           0
 iiter=           1
Begin forming various matrix       at 2026-09-02 16:01:01 
 ktsmat=           0
 ntelgroup=           0
Begin solution global equation     at 2026-09-02 16:01:01 
                     istep=          61 iiter=           1
                     conver_load check
 resid=   43946.1516314247      retot=  9.150413831240546E+015
 ratio1=  2.191492845198442E-006 ratio2=  1.731129498459060E-006
 nchek0=           0 toler_force=  1.000000000000000E-005
 nchek=           0
                    conver_nodal_value check
               Convergence check for displacement
 ratio1=  1.397246601230561E-003 ratio2=  7.130704558416203E-003
                            not converged for checki=           1
 iiter=           2
Begin forming various matrix       at 2026-09-02 16:01:01 
 ktsmat=           0
Begin solution global equation     at 2026-09-02 16:01:01 
                     istep=          61 iiter=           2
                     conver_load check
 resid=  2.880572155872272E-002 retot=  9.150413831240546E+015
 ratio1=  1.774267148276018E-009 ratio2=  5.448763559887798E-010
 nchek0=           0 toler_force=  1.000000000000000E-005
 nchek=           0
                    conver_nodal_value check
               Convergence check for displacement
 ratio1=  1.142347776495252E-006 ratio2=  2.194601606386183E-006
 nchek=           0
 ***********RESTART FILE IS UPDATED!*******
 time: 16:00:59
 iblks=           1 iincs=           1 istep=          62
 outinp=           0
 iiter=           1
Begin forming various matrix       at 2026-09-02 16:01:01 
 ktsmat=           0
 ntelgroup=           0
Begin solution global equation     at 2026-09-02 16:01:01 
                     istep=          62 iiter=           1
                     conver_load check
 resid=   397289.393818363      retot=  1.009785005212824E+016
 ratio1=  6.272476268779796E-006 ratio2=  3.635650685818900E-006
 nchek0=           0 toler_force=  1.000000000000000E-005
 nchek=           0
                    conver_nodal_value check
               Convergence check for displacement
 ratio1=  3.075057801950221E-003 ratio2=  8.021518703912501E-003
                            not converged for checki=           1
 iiter=           2
Begin forming various matrix       at 2026-09-02 16:01:01 
 ktsmat=           0
Begin solution global equation     at 2026-09-02 16:01:01 
                     istep=          62 iiter=           2
                     conver_load check
 resid=  0.980626876299331      retot=  1.009785005212824E+016
 ratio1=  9.854564520054051E-009 ratio2=  3.577020513688154E-009
 nchek0=           0 toler_force=  1.000000000000000E-005
 nchek=           0
                    conver_nodal_value check
               Convergence check for displacement
 ratio1=  4.926366426533781E-006 ratio2=  6.884333745621065E-006
 nchek=           0
 ngvar in output=           7 nstre=           4
 ***********RESTART FILE IS UPDATED!*******
 time: 16:00:59
 iblks=           1 iincs=           1 istep=          63
 outinp=           0
 iiter=           1
Begin forming various matrix       at 2026-09-02 16:01:01 
 ktsmat=           0
 ntelgroup=           0
Begin solution global equation     at 2026-09-02 16:01:01 
                     istep=          63 iiter=           1
                     conver_load check
 resid=   221479.823547769      retot=  1.134969993522108E+016
 ratio1=  4.417483078097454E-006 ratio2=  2.948989281291969E-006
 nchek0=           0 toler_force=  1.000000000000000E-005
 nchek=           0
                    conver_nodal_value check
               Convergence check for displacement
 ratio1=  2.265717513429846E-003 ratio2=  1.012752250920022E-002
                            not converged for checki=           1
 iiter=           2
Begin forming various matrix       at 2026-09-02 16:01:01 
 ktsmat=           0
Begin solution global equation     at 2026-09-02 16:01:01 
                     istep=          63 iiter=           2
                     conver_load check
 resid=  0.241805534106522      retot=  1.134969993522108E+016
 ratio1=  4.615735650353968E-009 ratio2=  2.116457569872716E-009
 nchek0=           0 toler_force=  1.000000000000000E-005
 nchek=           0
                    conver_nodal_value check
               Convergence check for displacement
 ratio1=  2.011084221917992E-006 ratio2=  3.777350220889090E-006
 nchek=           0
 ***********RESTART FILE IS UPDATED!*******
 time: 16:00:59
 iblks=           1 iincs=           1 istep=          64
 outinp=           0
 iiter=           1
Begin forming various matrix       at 2026-09-02 16:01:01 
 ktsmat=           0
 ntelgroup=           0
Begin solution global equation     at 2026-09-02 16:01:01 
                     istep=          64 iiter=           1
                     conver_load check
 resid=   28971.1143390901      retot=  1.236684146362427E+016
 ratio1=  1.530570023616057E-006 ratio2=  1.721971624584565E-006
 nchek0=           0 toler_force=  1.000000000000000E-005
 nchek=           0
                    conver_nodal_value check
               Convergence check for displacement
 ratio1=  1.053679847360788E-003 ratio2=  6.896479907202288E-003
                            not converged for checki=           1
 iiter=           2
Begin forming various matrix       at 2026-09-02 16:01:01 
 ktsmat=           0
Begin solution global equation     at 2026-09-02 16:01:01 
                     istep=          64 iiter=           2
                     conver_load check
 resid=  1.389456680967954E-002 retot=  1.236684146362427E+016
 ratio1=  1.059968865662703E-009 ratio2=  4.227640539875090E-010
 nchek0=           0 toler_force=  1.000000000000000E-005
 nchek=           0
                    conver_nodal_value check
               Convergence check for displacement
 ratio1=  1.249316134123788E-006 ratio2=  3.590444246467854E-006
 nchek=           0
 ngvar in output=           7 nstre=           4
 ***********RESTART FILE IS UPDATED!*******
 time: 16:00:59
 iblks=           1 iincs=           1 istep=          65
 outinp=           0
 iiter=           1
Begin forming various matrix       at 2026-09-02 16:01:01 
 ktsmat=           0
 ntelgroup=           0
Begin solution global equation     at 2026-09-02 16:01:01 
                     istep=          65 iiter=           1
                     conver_load check
 resid=   1159862.32689826      retot=  1.234257718805622E+016
 ratio1=  9.693939284380013E-006 ratio2=  5.380989090038388E-006
 nchek0=           0 toler_force=  1.000000000000000E-005
 nchek=           0
                    conver_nodal_value check
               Convergence check for displacement
 ratio1=  4.183306304924830E-003 ratio2=  9.744141282271069E-003
                            not converged for checki=           1
 iiter=           2
Begin forming various matrix       at 2026-09-02 16:01:01 
 ktsmat=           0
Begin solution global equation     at 2026-09-02 16:01:01 
                     istep=          65 iiter=           2
                     conver_load check
 resid=   3.24046421057972      retot=  1.234257718805622E+016
 ratio1=  1.620319612117947E-008 ratio2=  5.954750987300075E-009
 nchek0=           0 toler_force=  1.000000000000000E-005
 nchek=           0
                    conver_nodal_value check
               Convergence check for displacement
 ratio1=  6.642053998938510E-006 ratio2=  1.058047322090023E-005
                            not converged for checki=           1
 iiter=           3
Begin forming various matrix       at 2026-09-02 16:01:01 
 ktsmat=           0
Begin solution global equation     at 2026-09-02 16:01:01 
                     istep=          65 iiter=           3
                     conver_load check
 resid=  3.027143340060514E-005 retot=  1.234257718805622E+016
 ratio1=  4.952375507072764E-011 ratio2=  1.727107363822271E-011
 nchek0=           0 toler_force=  1.000000000000000E-005
 nchek=           0
                    conver_nodal_value check
               Convergence check for displacement
 ratio1=  2.428656591969833E-008 ratio2=  3.081791547958945E-008
 nchek=           0
 ***********RESTART FILE IS UPDATED!*******
 time: 16:00:59
 iblks=           1 iincs=           1 istep=          66
 outinp=           0
 iiter=           1
Begin forming various matrix       at 2026-09-02 16:01:01 
 ktsmat=           0
 ntelgroup=           0
Begin solution global equation     at 2026-09-02 16:01:01 
                     istep=          66 iiter=           1
                     conver_load check
 resid=   963432.563159896      retot=  1.220869511141258E+016
 ratio1=  8.883334923703542E-006 ratio2=  5.303636575482653E-006
 nchek0=           0 toler_force=  1.000000000000000E-005
 nchek=           0
                    conver_nodal_value check
               Convergence check for displacement
 ratio1=  3.671307197395176E-003 ratio2=  9.450558724786328E-003
                            not converged for checki=           1
 iiter=           2
Begin forming various matrix       at 2026-09-02 16:01:01 
 ktsmat=           0
Begin solution global equation     at 2026-09-02 16:01:01 
                     istep=          66 iiter=           2
                     conver_load check
 resid=   1.97238644102436      retot=  1.220869511141258E+016
 ratio1=  1.271046327294718E-008 ratio2=  4.865380616495009E-009
 nchek0=           0 toler_force=  1.000000000000000E-005
 nchek=           0
                    conver_nodal_value check
               Convergence check for displacement
 ratio1=  4.876261744716143E-006 ratio2=  8.452540116028052E-006
 nchek=           0
 ngvar in output=           7 nstre=           4
 ***********RESTART FILE IS UPDATED!*******
 time: 16:00:59
 iblks=           1 iincs=           1 istep=          67
 outinp=           0
 iiter=           1
Begin forming various matrix       at 2026-09-02 16:01:01 
 ktsmat=           0
 ntelgroup=           0
Begin solution global equation     at 2026-09-02 16:01:01 
                     istep=          67 iiter=           1
                     conver_load check
 resid=   812151.103279495      retot=  1.220254306439691E+016
 ratio1=  8.158179277784923E-006 ratio2=  4.016427006722861E-006
 nchek0=           0 toler_force=  1.000000000000000E-005
 nchek=           0
                    conver_nodal_value check
               Convergence check for displacement
 ratio1=  3.227627465151407E-003 ratio2=  8.095966323852923E-003
                            not converged for checki=           1
 iiter=           2
Begin forming various matrix       at 2026-09-02 16:01:01 
 ktsmat=           0
Begin solution global equation     at 2026-09-02 16:01:01 
                     istep=          67 iiter=           2
                     conver_load check
 resid=   1.99926014536258      retot=  1.220254306439691E+016
 ratio1=  1.279998556169702E-008 ratio2=  4.421715567005199E-009
 nchek0=           0 toler_force=  1.000000000000000E-005
 nchek=           0
                    conver_nodal_value check
               Convergence check for displacement
 ratio1=  4.719040491521188E-006 ratio2=  8.096039069939610E-006
 nchek=           0
 ***********RESTART FILE IS UPDATED!*******
 time: 16:00:59
 iblks=           1 iincs=           1 istep=          68
 outinp=           0
 iiter=           1
Begin forming various matrix       at 2026-09-02 16:01:01 
 ktsmat=           0
 ntelgroup=           0
Begin solution global equation     at 2026-09-02 16:01:01 
                     istep=          68 iiter=           1
                     conver_load check
 resid=   1350296.27385888      retot=  1.235957312655322E+016
 ratio1=  1.045232244608321E-005 ratio2=  5.271797115590331E-006
 nchek0=           0 toler_force=  1.000000000000000E-005
 nchek=           1
 iiter=           2
Begin forming various matrix       at 2026-09-02 16:01:01 
 ktsmat=           0
Begin solution global equation     at 2026-09-02 16:01:01 
                     istep=          68 iiter=           2
                     conver_load check
 resid=   2.89121918596301      retot=  1.235957312655322E+016
 ratio1=  1.529462287468580E-008 ratio2=  4.917116175417017E-009
 nchek0=           0 toler_force=  1.000000000000000E-005
 nchek=           0
                    conver_nodal_value check
               Convergence check for displacement
 ratio1=  5.657504854322371E-006 ratio2=  9.631324792966000E-006
 nchek=           0
 ngvar in output=           7 nstre=           4
 ***********RESTART FILE IS UPDATED!*******
 time: 16:00:59
 iblks=           1 iincs=           1 istep=          69
 outinp=           0
 iiter=           1
Begin forming various matrix       at 2026-09-02 16:01:01 
 ktsmat=           0
 ntelgroup=           0
Begin solution global equation     at 2026-09-02 16:01:01 
                     istep=          69 iiter=           1
                     conver_load check
 resid=   799734.798645202      retot=  1.260920884438167E+016
 ratio1=  7.963960144013451E-006 ratio2=  3.755262428970936E-006
 nchek0=           0 toler_force=  1.000000000000000E-005
 nchek=           0
                    conver_nodal_value check
               Convergence check for displacement
 ratio1=  3.019053866853646E-003 ratio2=  7.727931911765731E-003
                            not converged for checki=           1
 iiter=           2
Begin forming various matrix       at 2026-09-02 16:01:01 
 ktsmat=           0
Begin solution global equation     at 2026-09-02 16:01:01 
                     istep=          69 iiter=           2
                     conver_load check
 resid=   1.80890379847182      retot=  1.260920884438167E+016
 ratio1=  1.197743482676966E-008 ratio2=  3.822816852979481E-009
 nchek0=           0 toler_force=  1.000000000000000E-005
 nchek=           0
                    conver_nodal_value check
               Convergence check for displacement
 ratio1=  4.441321851189082E-006 ratio2=  7.534409246733313E-006
 nchek=           0
 ***********RESTART FILE IS UPDATED!*******
 time: 16:00:59
 iblks=           1 iincs=           1 istep=          70
 outinp=           0
 iiter=           1
Begin forming various matrix       at 2026-09-02 16:01:01 
 ktsmat=           0
 ntelgroup=           0
Begin solution global equation     at 2026-09-02 16:01:01 
                     istep=          70 iiter=           1
                     conver_load check
 resid=   412203.529672520      retot=  1.273514037053459E+016
 ratio1=  5.689236465639961E-006 ratio2=  2.465647036427764E-006
 nchek0=           0 toler_force=  1.000000000000000E-005
 nchek=           0
                    conver_nodal_value check
               Convergence check for displacement
 ratio1=  2.164114950943192E-003 ratio2=  6.646927949266166E-003
                            not converged for checki=           1
 iiter=           2
Begin forming various matrix       at 2026-09-02 16:01:01 
 ktsmat=           0
Begin solution global equation     at 2026-09-02 16:01:01 
                     istep=          70 iiter=           2
                     conver_load check
 resid=  0.849299639262644      retot=  1.273514037053459E+016
 ratio1=  8.166361514586585E-009 ratio2=  2.534560281606529E-009
 nchek0=           0 toler_force=  1.000000000000000E-005
 nchek=           0
                    conver_nodal_value check
               Convergence check for displacement
 ratio1=  3.209953315396371E-006 ratio2=  5.892229673658341E-006
 nchek=           0
 ngvar in output=           7 nstre=           4
 ***********RESTART FILE IS UPDATED!*******
 time: 16:00:59
 iblks=           1 iincs=           1 istep=          71
 outinp=           0
 iiter=           1
Begin forming various matrix       at 2026-09-02 16:01:01 
 ktsmat=           0
 ntelgroup=           0
Begin solution global equation     at 2026-09-02 16:01:01 
                     istep=          71 iiter=           1
                     conver_load check
 resid=   76084.2332767066      retot=  1.287340347013004E+016
 ratio1=  2.431087799482540E-006 ratio2=  1.723470957148768E-006
 nchek0=           0 toler_force=  1.000000000000000E-005
 nchek=           0
                    conver_nodal_value check
               Convergence check for displacement
 ratio1=  1.128601961543084E-003 ratio2=  8.014198904916668E-003
                            not converged for checki=           1
 iiter=           2
Begin forming various matrix       at 2026-09-02 16:01:02 
 ktsmat=           0
Begin solution global equation     at 2026-09-02 16:01:02 
                     istep=          71 iiter=           2
                     conver_load check
 resid=  9.957873269432667E-002 retot=  1.287340347013004E+016
 ratio1=  2.781228089703740E-009 ratio2=  8.086366614018389E-010
 nchek0=           0 toler_force=  1.000000000000000E-005
 nchek=           0
                    conver_nodal_value check
               Convergence check for displacement
 ratio1=  1.552044168241895E-006 ratio2=  3.807055737780122E-006
 nchek=           0
 ***********RESTART FILE IS UPDATED!*******
 time: 16:00:59
 iblks=           1 iincs=           1 istep=          72
 outinp=           0
 iiter=           1
Begin forming various matrix       at 2026-09-02 16:01:02 
 ktsmat=           0
 ntelgroup=           0
Begin solution global equation     at 2026-09-02 16:01:02 
                     istep=          72 iiter=           1
                     conver_load check
 resid=   82990.1844909521      retot=  1.283924722567407E+016
 ratio1=  2.542398269641156E-006 ratio2=  1.682964760328791E-006
 nchek0=           0 toler_force=  1.000000000000000E-005
 nchek=           0
                    conver_nodal_value check
               Convergence check for displacement
 ratio1=  1.141661780706778E-003 ratio2=  7.983603658926091E-003
                            not converged for checki=           1
 iiter=           2
Begin forming various matrix       at 2026-09-02 16:01:02 
 ktsmat=           0
Begin solution global equation     at 2026-09-02 16:01:02 
                     istep=          72 iiter=           2
                     conver_load check
 resid=  0.192523880479262      retot=  1.283924722567407E+016
 ratio1=  3.872331442639499E-009 ratio2=  9.082392875933356E-010
 nchek0=           0 toler_force=  1.000000000000000E-005
 nchek=           0
                    conver_nodal_value check
               Convergence check for displacement
 ratio1=  1.347216395605127E-006 ratio2=  1.878811166105113E-006
 nchek=           0
 ngvar in output=           7 nstre=           4
 ***********RESTART FILE IS UPDATED!*******
 time: 16:00:59
 iblks=           1 iincs=           1 istep=          73
 outinp=           0
 iiter=           1
Begin forming various matrix       at 2026-09-02 16:01:02 
 ktsmat=           0
 ntelgroup=           0
Begin solution global equation     at 2026-09-02 16:01:02 
                     istep=          73 iiter=           1
                     conver_load check
 resid=   44067.3399405834      retot=  1.270400613116310E+016
 ratio1=  1.862464787441160E-006 ratio2=  1.408777209901869E-006
 nchek0=           0 toler_force=  1.000000000000000E-005
 nchek=           0
                    conver_nodal_value check
               Convergence check for displacement
 ratio1=  9.237481457586959E-004 ratio2=  6.856994817529332E-003
                            not converged for checki=           1
 iiter=           2
Begin forming various matrix       at 2026-09-02 16:01:02 
 ktsmat=           0
Begin solution global equation     at 2026-09-02 16:01:02 
                     istep=          73 iiter=           2
                     conver_load check
 resid=  6.095367634241680E-002 retot=  1.270400613116310E+016
 ratio1=  2.190431140296694E-009 ratio2=  5.194989354551158E-010
 nchek0=           0 toler_force=  1.000000000000000E-005
 nchek=           0
                    conver_nodal_value check
               Convergence check for displacement
 ratio1=  7.519442390332803E-007 ratio2=  1.102576646049983E-006
 nchek=           0
 ***********RESTART FILE IS UPDATED!*******
 time: 16:00:59
 iblks=           1 iincs=           1 istep=          74
 outinp=           0
 iiter=           1
Begin forming various matrix       at 2026-09-02 16:01:02 
 ktsmat=           0
 ntelgroup=           0
Begin solution global equation     at 2026-09-02 16:01:02 
                     istep=          74 iiter=           1
                     conver_load check
 resid=   170577.789639054      retot=  1.243932450150654E+016
 ratio1=  3.703077852163570E-006 ratio2=  1.572513787694940E-006
 nchek0=           0 toler_force=  1.000000000000000E-005
 nchek=           0
                    conver_nodal_value check
               Convergence check for displacement
 ratio1=  1.382706409539340E-003 ratio2=  7.205572148717283E-003
                            not converged for checki=           1
 iiter=           2
Begin forming various matrix       at 2026-09-02 16:01:02 
 ktsmat=           0
Begin solution global equation     at 2026-09-02 16:01:02 
                     istep=          74 iiter=           2
                     conver_load check
 resid=  0.277055148060241      retot=  1.243932450150654E+016
 ratio1=  4.719377454962447E-009 ratio2=  1.287861937649734E-009
 nchek0=           0 toler_force=  1.000000000000000E-005
 nchek=           0
                    conver_nodal_value check
               Convergence check for displacement
 ratio1=  1.452417268915253E-006 ratio2=  2.573055512360452E-006
 nchek=           0
 ngvar in output=           7 nstre=           4
 ***********RESTART FILE IS UPDATED!*******
 time: 16:00:59
 iblks=           1 iincs=           1 istep=          75
 outinp=           0
 iiter=           1
Begin forming various matrix       at 2026-09-02 16:01:02 
 ktsmat=           0
 ntelgroup=           0
Begin solution global equation     at 2026-09-02 16:01:02 
                     istep=          75 iiter=           1
                     conver_load check
 resid=   186918.403621259      retot=  1.196802754970306E+016
 ratio1=  3.951980031403719E-006 ratio2=  1.663618393684263E-006
 nchek0=           0 toler_force=  1.000000000000000E-005
 nchek=           0
                    conver_nodal_value check
               Convergence check for displacement
 ratio1=  1.459867934439249E-003 ratio2=  6.186346359461289E-003
                            not converged for checki=           1
 iiter=           2
Begin forming various matrix       at 2026-09-02 16:01:02 
 ktsmat=           0
Begin solution global equation     at 2026-09-02 16:01:02 
                     istep=          75 iiter=           2
                     conver_load check
 resid=  0.426385936375953      retot=  1.196802754970306E+016
 ratio1=  5.968842863742253E-009 ratio2=  1.675281152060373E-009
 nchek0=           0 toler_force=  1.000000000000000E-005
 nchek=           0
                    conver_nodal_value check
               Convergence check for displacement
 ratio1=  3.351054943551106E-006 ratio2=  8.120873262678984E-006
 nchek=           0
 ***********RESTART FILE IS UPDATED!*******
 time: 16:00:59
 iblks=           1 iincs=           1 istep=          76
 outinp=           0
 iiter=           1
Begin forming various matrix       at 2026-09-02 16:01:02 
 ktsmat=           0
 ntelgroup=           0
Begin solution global equation     at 2026-09-02 16:01:02 
                     istep=          76 iiter=           1
                     conver_load check
 resid=   439914.437846519      retot=  1.127992900046591E+016
 ratio1=  6.244978172647289E-006 ratio2=  2.655903362158403E-006
 nchek0=           0 toler_force=  1.000000000000000E-005
 nchek=           0
                    conver_nodal_value check
               Convergence check for displacement
 ratio1=  2.001467383039674E-003 ratio2=  6.347716782388176E-003
                            not converged for checki=           1
 iiter=           2
Begin forming various matrix       at 2026-09-02 16:01:02 
 ktsmat=           0
Begin solution global equation     at 2026-09-02 16:01:02 
                     istep=          76 iiter=           2
                     conver_load check
 resid=  0.913826334639645      retot=  1.127992900046591E+016
 ratio1=  9.000749016109237E-009 ratio2=  2.716743543243539E-009
 nchek0=           0 toler_force=  1.000000000000000E-005
 nchek=           0
                    conver_nodal_value check
               Convergence check for displacement
 ratio1=  3.272537500182563E-006 ratio2=  6.371495714923236E-006
 nchek=           0
 ngvar in output=           7 nstre=           4
 ***********RESTART FILE IS UPDATED!*******
 time: 16:00:59
 iblks=           1 iincs=           1 istep=          77
 outinp=           0
 iiter=           1
Begin forming various matrix       at 2026-09-02 16:01:02 
 ktsmat=           0
 ntelgroup=           0
Begin solution global equation     at 2026-09-02 16:01:02 
                     istep=          77 iiter=           1
                     conver_load check
 resid=   102518.525799417      retot=  1.038231828962717E+016
 ratio1=  3.142346027589329E-006 ratio2=  1.758904012706250E-006
 nchek0=           0 toler_force=  1.000000000000000E-005
 nchek=           0
                    conver_nodal_value check
               Convergence check for displacement
 ratio1=  1.136851898667505E-003 ratio2=  5.184640662421853E-003
                            not converged for checki=           1
 iiter=           2
Begin forming various matrix       at 2026-09-02 16:01:02 
 ktsmat=           0
Begin solution global equation     at 2026-09-02 16:01:02 
                     istep=          77 iiter=           2
                     conver_load check
 resid=  0.173060603619267      retot=  1.038231828962717E+016
 ratio1=  4.082742010828586E-009 ratio2=  1.200735245517342E-009
 nchek0=           0 toler_force=  1.000000000000000E-005
 nchek=           0
                    conver_nodal_value check
               Convergence check for displacement
 ratio1=  2.491753230891061E-006 ratio2=  6.225362897859863E-006
 nchek=           0
 ***********RESTART FILE IS UPDATED!*******
 time: 16:00:59
 iblks=           1 iincs=           1 istep=          78
 outinp=           0
 iiter=           1
Begin forming various matrix       at 2026-09-02 16:01:02 
 ktsmat=           0
 ntelgroup=           0
Begin solution global equation     at 2026-09-02 16:01:02 
                     istep=          78 iiter=           1
                     conver_load check
 resid=   115355.146234656      retot=  9.412942247551168E+015
 ratio1=  3.500707217679378E-006 ratio2=  2.260408564828661E-006
 nchek0=           0 toler_force=  1.000000000000000E-005
 nchek=           0
                    conver_nodal_value check
               Convergence check for displacement
 ratio1=  1.147434833302045E-003 ratio2=  6.123662906305696E-003
                            not converged for checki=           1
 iiter=           2
Begin forming various matrix       at 2026-09-02 16:01:02 
 ktsmat=           0
Begin solution global equation     at 2026-09-02 16:01:02 
                     istep=          78 iiter=           2
                     conver_load check
 resid=  0.127085868816626      retot=  9.412942247551168E+015
 ratio1=  3.674395783969573E-009 ratio2=  1.198693098328794E-009
 nchek0=           0 toler_force=  1.000000000000000E-005
 nchek=           0
                    conver_nodal_value check
               Convergence check for displacement
 ratio1=  1.004264176053850E-006 ratio2=  1.488803096699246E-006
 nchek=           0
 ngvar in output=           7 nstre=           4
 ***********RESTART FILE IS UPDATED!*******
 time: 16:00:59
 iblks=           1 iincs=           1 istep=          79
 outinp=           0
 iiter=           1
Begin forming various matrix       at 2026-09-02 16:01:02 
 ktsmat=           0
 ntelgroup=           0
Begin solution global equation     at 2026-09-02 16:01:02 
                     istep=          79 iiter=           1
                     conver_load check
 resid=   449884.718178758      retot=  8.496682382924362E+015
 ratio1=  7.276556880483316E-006 ratio2=  3.593309475771988E-006
 nchek0=           0 toler_force=  1.000000000000000E-005
 nchek=           0
                    conver_nodal_value check
               Convergence check for displacement
 ratio1=  1.982004402550534E-003 ratio2=  6.374817943339311E-003
                            not converged for checki=           1
 iiter=           2
Begin forming various matrix       at 2026-09-02 16:01:02 
 ktsmat=           0
Begin solution global equation     at 2026-09-02 16:01:02 
                     istep=          79 iiter=           2
                     conver_load check
 resid=  0.996167756870238      retot=  8.496682382924362E+015
 ratio1=  1.082783298520913E-008 ratio2=  3.587481835678271E-009
 nchek0=           0 toler_force=  1.000000000000000E-005
 nchek=           0
                    conver_nodal_value check
               Convergence check for displacement
 ratio1=  2.693054286651648E-006 ratio2=  4.054619179520206E-006
 nchek=           0
 ***********RESTART FILE IS UPDATED!*******
 time: 16:00:59
 iblks=           1 iincs=           1 istep=          80
 outinp=           0
 iiter=           1
Begin forming various matrix       at 2026-09-02 16:01:02 
 ktsmat=           0
 ntelgroup=           0
Begin solution global equation     at 2026-09-02 16:01:02 
                     istep=          80 iiter=           1
                     conver_load check
 resid=   127584.085143601      retot=  7.610550170313331E+015
 ratio1=  4.094399592075093E-006 ratio2=  2.511643405244007E-006
 nchek0=           0 toler_force=  1.000000000000000E-005
 nchek=           0
                    conver_nodal_value check
               Convergence check for displacement
 ratio1=  1.194417911444289E-003 ratio2=  6.043561359670482E-003
                            not converged for checki=           1
 iiter=           2
Begin forming various matrix       at 2026-09-02 16:01:02 
 ktsmat=           0
Begin solution global equation     at 2026-09-02 16:01:02 
                     istep=          80 iiter=           2
                     conver_load check
 resid=  0.174670628066108      retot=  7.610550170313331E+015
 ratio1=  4.790732416699311E-009 ratio2=  1.602932266393035E-009
 nchek0=           0 toler_force=  1.000000000000000E-005
 nchek=           0
                    conver_nodal_value check
               Convergence check for displacement
 ratio1=  1.205724504221385E-006 ratio2=  1.681936978895042E-006
 nchek=           0
 ngvar in output=           7 nstre=           4
 ***********RESTART FILE IS UPDATED!*******
 time: 16:00:59
 iblks=           1 iincs=           1 istep=          81
 outinp=           0
 iiter=           1
Begin forming various matrix       at 2026-09-02 16:01:02 
 ktsmat=           0
 ntelgroup=           0
Begin solution global equation     at 2026-09-02 16:01:02 
                     istep=          81 iiter=           1
                     conver_load check
 resid=   182139.281392573      retot=  6.694508231497198E+015
 ratio1=  5.216058691231748E-006 ratio2=  2.365968077014284E-006
 nchek0=           0 toler_force=  1.000000000000000E-005
 nchek=           0
                    conver_nodal_value check
               Convergence check for displacement
 ratio1=  1.365370780090705E-003 ratio2=  3.863688717125102E-003
                            not converged for checki=           1
 iiter=           2
Begin forming various matrix       at 2026-09-02 16:01:02 
 ktsmat=           0
Begin solution global equation     at 2026-09-02 16:01:02 
                     istep=          81 iiter=           2
                     conver_load check
 resid=  0.315368914431617      retot=  6.694508231497198E+015
 ratio1=  6.863570542445636E-009 ratio2=  2.306773864470807E-009
 nchek0=           0 toler_force=  1.000000000000000E-005
 nchek=           0
                    conver_nodal_value check
               Convergence check for displacement
 ratio1=  2.030989569861172E-006 ratio2=  3.850006437425943E-006
 nchek=           0
 ***********RESTART FILE IS UPDATED!*******
 time: 16:00:59
 iblks=           1 iincs=           1 istep=          82
 outinp=           0
 iiter=           1
Begin forming various matrix       at 2026-09-02 16:01:02 
 ktsmat=           0
 ntelgroup=           0
Begin solution global equation     at 2026-09-02 16:01:02 
                     istep=          82 iiter=           1
                     conver_load check
 resid=   191442.423256753      retot=  5.713762844863546E+015
 ratio1=  5.788392686597577E-006 ratio2=  2.960931751646077E-006
 nchek0=           0 toler_force=  1.000000000000000E-005
 nchek=           0
                    conver_nodal_value check
               Convergence check for displacement
 ratio1=  1.387158718295976E-003 ratio2=  4.326220277085828E-003
                            not converged for checki=           1
 iiter=           2
Begin forming various matrix       at 2026-09-02 16:01:02 
 ktsmat=           0
Begin solution global equation     at 2026-09-02 16:01:02 
                     istep=          82 iiter=           2
                     conver_load check
 resid=  0.598824046074501      retot=  5.713762844863546E+015
 ratio1=  1.023737260412799E-008 ratio2=  3.331468477777925E-009
 nchek0=           0 toler_force=  1.000000000000000E-005
 nchek=           0
                    conver_nodal_value check
               Convergence check for displacement
 ratio1=  2.209033050427880E-006 ratio2=  2.854307627775482E-006
 nchek=           0
 ngvar in output=           7 nstre=           4
 ***********RESTART FILE IS UPDATED!*******
 time: 16:00:59
 iblks=           1 iincs=           1 istep=          83
 outinp=           0
 iiter=           1
Begin forming various matrix       at 2026-09-02 16:01:02 
 ktsmat=           0
 ntelgroup=           0
Begin solution global equation     at 2026-09-02 16:01:02 
                     istep=          83 iiter=           1
                     conver_load check
 resid=   111204.692266678      retot=  4.759329048717907E+015
 ratio1=  4.833800144456090E-006 ratio2=  3.025208409371814E-006
 nchek0=           0 toler_force=  1.000000000000000E-005
 nchek=           0
                    conver_nodal_value check
               Convergence check for displacement
 ratio1=  1.154563184513809E-003 ratio2=  4.566785552840969E-003
                            not converged for checki=           1
 iiter=           2
Begin forming various matrix       at 2026-09-02 16:01:02 
 ktsmat=           0
Begin solution global equation     at 2026-09-02 16:01:02 
                     istep=          83 iiter=           2
                     conver_load check
 resid=  0.115253227552915      retot=  4.759329048717907E+015
 ratio1=  4.921003593212422E-009 ratio2=  1.992047089730953E-009
 nchek0=           0 toler_force=  1.000000000000000E-005
 nchek=           0
                    conver_nodal_value check
               Convergence check for displacement
 ratio1=  1.349368222160141E-006 ratio2=  2.664045008353515E-006
 nchek=           0
 ***********RESTART FILE IS UPDATED!*******
 time: 16:00:59
 iblks=           1 iincs=           1 istep=          84
 outinp=           0
 iiter=           1
Begin forming various matrix       at 2026-09-02 16:01:02 
 ktsmat=           0
 ntelgroup=           0
Begin solution global equation     at 2026-09-02 16:01:02 
                     istep=          84 iiter=           1
                     conver_load check
 resid=   94766.1219347157      retot=  3.974193913050919E+015
 ratio1=  4.883172063599007E-006 ratio2=  3.056065313677209E-006
 nchek0=           0 toler_force=  1.000000000000000E-005
 nchek=           0
                    conver_nodal_value check
               Convergence check for displacement
 ratio1=  1.105372557026160E-003 ratio2=  4.848596305168383E-003
                            not converged for checki=           1
 iiter=           2
Begin forming various matrix       at 2026-09-02 16:01:02 
 ktsmat=           0
Begin solution global equation     at 2026-09-02 16:01:02 
                     istep=          84 iiter=           2
                     conver_load check
 resid=  0.263539181000179      retot=  3.974193913050919E+015
 ratio1=  8.143255645693274E-009 ratio2=  2.480400199313968E-009
 nchek0=           0 toler_force=  1.000000000000000E-005
 nchek=           0
                    conver_nodal_value check
               Convergence check for displacement
 ratio1=  2.076163416455170E-006 ratio2=  3.395777469424158E-006
 nchek=           0
 ngvar in output=           7 nstre=           4
 ***********RESTART FILE IS UPDATED!*******
 time: 16:00:59
 iblks=           1 iincs=           1 istep=          85
 outinp=           0
 iiter=           1
Begin forming various matrix       at 2026-09-02 16:01:02 
 ktsmat=           0
 ntelgroup=           0
Begin solution global equation     at 2026-09-02 16:01:02 
                     istep=          85 iiter=           1
                     conver_load check
 resid=   161110.221334216      retot=  3.333514518834034E+015
 ratio1=  6.952009735882720E-006 ratio2=  3.003448662317199E-006
 nchek0=           0 toler_force=  1.000000000000000E-005
 nchek=           0
                    conver_nodal_value check
               Convergence check for displacement
 ratio1=  1.390324198756999E-003 ratio2=  5.088427400732676E-003
                            not converged for checki=           1
 iiter=           2
Begin forming various matrix       at 2026-09-02 16:01:02 
 ktsmat=           0
Begin solution global equation     at 2026-09-02 16:01:02 
                     istep=          85 iiter=           2
                     conver_load check
 resid=  0.579046118361643      retot=  3.333514518834034E+015
 ratio1=  1.317969626710834E-008 ratio2=  3.874506514818295E-009
 nchek0=           0 toler_force=  1.000000000000000E-005
 nchek=           0
                    conver_nodal_value check
               Convergence check for displacement
 ratio1=  2.599540205238445E-006 ratio2=  2.862272163502192E-006
 nchek=           0
 ***********RESTART FILE IS UPDATED!*******
 time: 16:00:59
 iblks=           1 iincs=           1 istep=          86
 outinp=           0
 iiter=           1
Begin forming various matrix       at 2026-09-02 16:01:02 
 ktsmat=           0
 ntelgroup=           0
Begin solution global equation     at 2026-09-02 16:01:02 
                     istep=          86 iiter=           1
                     conver_load check
 resid=   55415.8509466084      retot=  2.947210564550436E+015
 ratio1=  4.336221122225966E-006 ratio2=  4.048433111240428E-006
 nchek0=           0 toler_force=  1.000000000000000E-005
 nchek=           0
                    conver_nodal_value check
               Convergence check for displacement
 ratio1=  1.008108259930450E-003 ratio2=  5.422539552548765E-003
                            not converged for checki=           1
 iiter=           2
Begin forming various matrix       at 2026-09-02 16:01:02 
 ktsmat=           0
Begin solution global equation     at 2026-09-02 16:01:02 
                     istep=          86 iiter=           2
                     conver_load check
 resid=  0.165634620198641      retot=  2.947210564550436E+015
 ratio1=  7.496697301810141E-009 ratio2=  2.912538686934203E-009
 nchek0=           0 toler_force=  1.000000000000000E-005
 nchek=           0
                    conver_nodal_value check
               Convergence check for displacement
 ratio1=  2.592825659242590E-006 ratio2=  5.659630104314809E-006
 nchek=           0
 ngvar in output=           7 nstre=           4
 ***********RESTART FILE IS UPDATED!*******
 time: 16:00:59
 iblks=           1 iincs=           1 istep=          87
 outinp=           0
 iiter=           1
Begin forming various matrix       at 2026-09-02 16:01:02 
 ktsmat=           0
 ntelgroup=           0
Begin solution global equation     at 2026-09-02 16:01:02 
                     istep=          87 iiter=           1
                     conver_load check
 resid=   338917.694712877      retot=  2.740058829948682E+015
 ratio1=  1.112159761866066E-005 ratio2=  5.281064950913752E-006
 nchek0=           0 toler_force=  1.000000000000000E-005
 nchek=           1
 iiter=           2
Begin forming various matrix       at 2026-09-02 16:01:02 
 ktsmat=           0
Begin solution global equation     at 2026-09-02 16:01:02 
                     istep=          87 iiter=           2
                     conver_load check
 resid=  0.702744866831366      retot=  2.740058829948682E+015
 ratio1=  1.601470331111523E-008 ratio2=  5.049660672353742E-009
 nchek0=           0 toler_force=  1.000000000000000E-005
 nchek=           0
                    conver_nodal_value check
               Convergence check for displacement
 ratio1=  3.295821674957900E-006 ratio2=  5.588454770709703E-006
 nchek=           0
 ***********RESTART FILE IS UPDATED!*******
 time: 16:00:59
 iblks=           1 iincs=           1 istep=          88
 outinp=           0
 iiter=           1
Begin forming various matrix       at 2026-09-02 16:01:02 
 ktsmat=           0
 ntelgroup=           0
Begin solution global equation     at 2026-09-02 16:01:02 
                     istep=          88 iiter=           1
                     conver_load check
 resid=   47130.6416033327      retot=  2.486844804907170E+015
 ratio1=  4.353387584082486E-006 ratio2=  3.090187873749458E-006
 nchek0=           0 toler_force=  1.000000000000000E-005
 nchek=           0
                    conver_nodal_value check
               Convergence check for displacement
 ratio1=  9.543721421412568E-004 ratio2=  5.881453589710984E-003
                            not converged for checki=           1
 iiter=           2
Begin forming various matrix       at 2026-09-02 16:01:02 
 ktsmat=           0
Begin solution global equation     at 2026-09-02 16:01:02 
                     istep=          88 iiter=           2
                     conver_load check
 resid=  0.100670093922327      retot=  2.486844804907170E+015
 ratio1=  6.362472162902157E-009 ratio2=  1.594403891080074E-009
 nchek0=           0 toler_force=  1.000000000000000E-005
 nchek=           0
                    conver_nodal_value check
               Convergence check for displacement
 ratio1=  2.125307230980443E-006 ratio2=  5.008299284322353E-006
 nchek=           0
 ngvar in output=           7 nstre=           4
 ***********RESTART FILE IS UPDATED!*******
 time: 16:00:59
 iblks=           1 iincs=           1 istep=          89
 outinp=           0
 iiter=           1
Begin forming various matrix       at 2026-09-02 16:01:02 
 ktsmat=           0
 ntelgroup=           0
Begin solution global equation     at 2026-09-02 16:01:02 
                     istep=          89 iiter=           1
                     conver_load check
 resid=   38743.2064490554      retot=  2.241082838620677E+015
 ratio1=  4.157850075521580E-006 ratio2=  3.538713123614095E-006
 nchek0=           0 toler_force=  1.000000000000000E-005
 nchek=           0
                    conver_nodal_value check
               Convergence check for displacement
 ratio1=  8.830673950913932E-004 ratio2=  4.751501084213781E-003
                            not converged for checki=           1
 iiter=           2
Begin forming various matrix       at 2026-09-02 16:01:02 
 ktsmat=           0
Begin solution global equation     at 2026-09-02 16:01:02 
                     istep=          89 iiter=           2
                     conver_load check
 resid=  6.050133638725554E-003 retot=  2.241082838620677E+015
 ratio1=  1.643060400725949E-009 ratio2=  5.153355801891374E-010
 nchek0=           0 toler_force=  1.000000000000000E-005
 nchek=           0
                    conver_nodal_value check
               Convergence check for displacement
 ratio1=  3.378189632248764E-007 ratio2=  6.136115460171061E-007
 nchek=           0
 ***********RESTART FILE IS UPDATED!*******
 time: 16:00:59
 iblks=           1 iincs=           1 istep=          90
 outinp=           0
 iiter=           1
Begin forming various matrix       at 2026-09-02 16:01:02 
 ktsmat=           0
 ntelgroup=           0
Begin solution global equation     at 2026-09-02 16:01:02 
                     istep=          90 iiter=           1
                     conver_load check
 resid=   108251.398000729      retot=  2.056212519921170E+015
 ratio1=  7.255757464121247E-006 ratio2=  3.952885338449569E-006
 nchek0=           0 toler_force=  1.000000000000000E-005
 nchek=           0
                    conver_nodal_value check
               Convergence check for displacement
 ratio1=  1.326953390795638E-003 ratio2=  5.165689626462251E-003
                            not converged for checki=           1
 iiter=           2
Begin forming various matrix       at 2026-09-02 16:01:02 
 ktsmat=           0
Begin solution global equation     at 2026-09-02 16:01:02 
                     istep=          90 iiter=           2
                     conver_load check
 resid=  0.240083543725465      retot=  2.056212519921170E+015
 ratio1=  1.080555795076717E-008 ratio2=  3.057914181471847E-009
 nchek0=           0 toler_force=  1.000000000000000E-005
 nchek=           0
                    conver_nodal_value check
               Convergence check for displacement
 ratio1=  1.743955582145052E-006 ratio2=  2.377731893774973E-006
 nchek=           0
 ngvar in output=           7 nstre=           4
 ***********RESTART FILE IS UPDATED!*******
 time: 16:00:59
 iblks=           1 iincs=           1 istep=          91
 outinp=           0
 iiter=           1
Begin forming various matrix       at 2026-09-02 16:01:02 
 ktsmat=           0
 ntelgroup=           0
Begin solution global equation     at 2026-09-02 16:01:02 
                     istep=          91 iiter=           1
                     conver_load check
 resid=   690783.383848842      retot=  1.978670812026039E+015
 ratio1=  1.868461560115379E-005 ratio2=  9.386014764101028E-006
 nchek0=           0 toler_force=  1.000000000000000E-005
 nchek=           1
 iiter=           2
Begin forming various matrix       at 2026-09-02 16:01:02 
 ktsmat=           0
Begin solution global equation     at 2026-09-02 16:01:02 
                     istep=          91 iiter=           2
                     conver_load check
 resid=   1.82615755458279      retot=  1.978670812026039E+015
 ratio1=  3.037962078212315E-008 ratio2=  9.677757151150074E-009
 nchek0=           0 toler_force=  1.000000000000000E-005
 nchek=           0
                    conver_nodal_value check
               Convergence check for displacement
 ratio1=  5.012820120809452E-006 ratio2=  7.123646095162104E-006
 nchek=           0
 ***********RESTART FILE IS UPDATED!*******
 time: 16:00:59
 iblks=           1 iincs=           1 istep=          92
 outinp=           0
 iiter=           1
Begin forming various matrix       at 2026-09-02 16:01:02 
 ktsmat=           0
 ntelgroup=           0
Begin solution global equation     at 2026-09-02 16:01:02 
                     istep=          92 iiter=           1
                     conver_load check
 resid=   93921.7925211925      retot=  1.873357769380279E+015
 ratio1=  7.080645041448195E-006 ratio2=  3.317068584920459E-006
 nchek0=           0 toler_force=  1.000000000000000E-005
 nchek=           0
                    conver_nodal_value check
               Convergence check for displacement
 ratio1=  1.368643768069974E-003 ratio2=  4.533581948530060E-003
                            not converged for checki=           1
 iiter=           2
Begin forming various matrix       at 2026-09-02 16:01:02 
 ktsmat=           0
Begin solution global equation     at 2026-09-02 16:01:02 
                     istep=          92 iiter=           2
                     conver_load check
 resid=  0.167563993208950      retot=  1.873357769380279E+015
 ratio1=  9.457579220872254E-009 ratio2=  2.763016724754904E-009
 nchek0=           0 toler_force=  1.000000000000000E-005
 nchek=           0
                    conver_nodal_value check
               Convergence check for displacement
 ratio1=  1.987903489341704E-006 ratio2=  3.549124334231674E-006
 nchek=           0
 ngvar in output=           7 nstre=           4
 ***********RESTART FILE IS UPDATED!*******
 time: 16:00:59
 iblks=           1 iincs=           1 istep=          93
 outinp=           0
 iiter=           1
Begin forming various matrix       at 2026-09-02 16:01:02 
 ktsmat=           0
 ntelgroup=           0
Begin solution global equation     at 2026-09-02 16:01:02 
                     istep=          93 iiter=           1
                     conver_load check
 resid=   128357.830140098      retot=  1.749418727311166E+015
 ratio1=  8.565728360550880E-006 ratio2=  3.819946183445587E-006
 nchek0=           0 toler_force=  1.000000000000000E-005
 nchek=           0
                    conver_nodal_value check
               Convergence check for displacement
 ratio1=  1.626557671284814E-003 ratio2=  6.108483135687654E-003
                            not converged for checki=           1
 iiter=           2
Begin forming various matrix       at 2026-09-02 16:01:02 
 ktsmat=           0
Begin solution global equation     at 2026-09-02 16:01:02 
                     istep=          93 iiter=           2
                     conver_load check
 resid=  0.256727811669235      retot=  1.749418727311166E+015
 ratio1=  1.211405591251384E-008 ratio2=  3.298477483954080E-009
 nchek0=           0 toler_force=  1.000000000000000E-005
 nchek=           0
                    conver_nodal_value check
               Convergence check for displacement
 ratio1=  2.075554408005067E-006 ratio2=  2.791080895791000E-006
 nchek=           0
 ***********RESTART FILE IS UPDATED!*******
 time: 16:00:59
 iblks=           1 iincs=           1 istep=          94
 outinp=           0
 iiter=           1
Begin forming various matrix       at 2026-09-02 16:01:02 
 ktsmat=           0
 ntelgroup=           0
Begin solution global equation     at 2026-09-02 16:01:02 
                     istep=          94 iiter=           1
                     conver_load check
 resid=   50437.2425402345      retot=  1.563813614458345E+015
 ratio1=  5.679147817819419E-006 ratio2=  3.305666773695286E-006
 nchek0=           0 toler_force=  1.000000000000000E-005
 nchek=           0
                    conver_nodal_value check
               Convergence check for displacement
 ratio1=  1.173971171016806E-003 ratio2=  6.525948791729129E-003
                            not converged for checki=           1
 iiter=           2
Begin forming various matrix       at 2026-09-02 16:01:02 
 ktsmat=           0
Begin solution global equation     at 2026-09-02 16:01:02 
                     istep=          94 iiter=           2
                     conver_load check
 resid=  9.684188677532027E-002 retot=  1.563813614458345E+015
 ratio1=  7.869354795726930E-009 ratio2=  2.027602656029199E-009
 nchek0=           0 toler_force=  1.000000000000000E-005
 nchek=           0
                    conver_nodal_value check
               Convergence check for displacement
 ratio1=  1.557603014579331E-006 ratio2=  2.070800128682287E-006
 nchek=           0
 ngvar in output=           7 nstre=           4
 ***********RESTART FILE IS UPDATED!*******
 time: 16:00:59
 iblks=           1 iincs=           1 istep=          95
 outinp=           0
 iiter=           1
Begin forming various matrix       at 2026-09-02 16:01:02 
 ktsmat=           0
 ntelgroup=           0
Begin solution global equation     at 2026-09-02 16:01:02 
                     istep=          95 iiter=           1
                     conver_load check
 resid=   234808.611877909      retot=  1.350706095015656E+015
 ratio1=  1.318489212152093E-005 ratio2=  4.525758888201248E-006
 nchek0=           0 toler_force=  1.000000000000000E-005
 nchek=           1
 iiter=           2
Begin forming various matrix       at 2026-09-02 16:01:02 
 ktsmat=           0
Begin solution global equation     at 2026-09-02 16:01:02 
                     istep=          95 iiter=           2
                     conver_load check
 resid=  0.483371865550811      retot=  1.350706095015656E+015
 ratio1=  1.891734806626081E-008 ratio2=  4.629244944980344E-009
 nchek0=           0 toler_force=  1.000000000000000E-005
 nchek=           0
                    conver_nodal_value check
               Convergence check for displacement
 ratio1=  3.153473597964287E-006 ratio2=  4.348251971165093E-006
 nchek=           0
 ***********RESTART FILE IS UPDATED!*******
 time: 16:00:59
 iblks=           1 iincs=           1 istep=          96
 outinp=           0
 iiter=           1
Begin forming various matrix       at 2026-09-02 16:01:02 
 ktsmat=           0
 ntelgroup=           0
Begin solution global equation     at 2026-09-02 16:01:02 
                     istep=          96 iiter=           1
                     conver_load check
 resid=   536737.248774893      retot=  1.228838277375466E+015
 ratio1=  2.089938480755628E-005 ratio2=  6.382169782610463E-006
 nchek0=           0 toler_force=  1.000000000000000E-005
 nchek=           1
 iiter=           2
Begin forming various matrix       at 2026-09-02 16:01:02 
 ktsmat=           0
Begin solution global equation     at 2026-09-02 16:01:02 
                     istep=          96 iiter=           2
                     conver_load check
 resid=   1.38788605930022      retot=  1.228838277375466E+015
 ratio1=  3.360698416293366E-008 ratio2=  6.689940496700625E-009
 nchek0=           0 toler_force=  1.000000000000000E-005
 nchek=           0
                    conver_nodal_value check
               Convergence check for displacement
 ratio1=  5.786195938973999E-006 ratio2=  7.460811436949480E-006
 nchek=           0
 ngvar in output=           7 nstre=           4
 ***********RESTART FILE IS UPDATED!*******
 time: 16:00:59
 iblks=           1 iincs=           1 istep=          97
 outinp=           0
 iiter=           1
Begin forming various matrix       at 2026-09-02 16:01:02 
 ktsmat=           0
 ntelgroup=           0
Begin solution global equation     at 2026-09-02 16:01:02 
                     istep=          97 iiter=           1
                     conver_load check
 resid=   307703.017730590      retot=  1.127577036623839E+015
 ratio1=  1.651934283299633E-005 ratio2=  4.735907925416703E-006
 nchek0=           0 toler_force=  1.000000000000000E-005
 nchek=           1
 iiter=           2
Begin forming various matrix       at 2026-09-02 16:01:02 
 ktsmat=           0
Begin solution global equation     at 2026-09-02 16:01:02 
                     istep=          97 iiter=           2
                     conver_load check
 resid=  0.774123919282583      retot=  1.127577036623839E+015
 ratio1=  2.620186061251857E-008 ratio2=  5.286901777126035E-009
 nchek0=           0 toler_force=  1.000000000000000E-005
 nchek=           0
                    conver_nodal_value check
               Convergence check for displacement
 ratio1=  4.148242929749472E-006 ratio2=  5.886142575024800E-006
 nchek=           0
 ***********RESTART FILE IS UPDATED!*******
 time: 16:00:59
 iblks=           1 iincs=           1 istep=          98
 outinp=           0
 iiter=           1
Begin forming various matrix       at 2026-09-02 16:01:02 
 ktsmat=           0
 ntelgroup=           0
Begin solution global equation     at 2026-09-02 16:01:02 
                     istep=          98 iiter=           1
                     conver_load check
 resid=   419711.492792811      retot=   995650566238872.     
 ratio1=  2.053156045549799E-005 ratio2=  6.878003175263074E-006
 nchek0=           0 toler_force=  1.000000000000000E-005
 nchek=           1
 iiter=           2
Begin forming various matrix       at 2026-09-02 16:01:02 
 ktsmat=           0
Begin solution global equation     at 2026-09-02 16:01:02 
                     istep=          98 iiter=           2
                     conver_load check
 resid=  0.938323333404247      retot=   995650566238872.     
 ratio1=  3.069889797588420E-008 ratio2=  6.566859762393903E-009
 nchek0=           0 toler_force=  1.000000000000000E-005
 nchek=           0
                    conver_nodal_value check
               Convergence check for displacement
 ratio1=  5.193896560853549E-006 ratio2=  6.473079268352121E-006
 nchek=           0
 ngvar in output=           7 nstre=           4
 ***********RESTART FILE IS UPDATED!*******
 time: 16:00:59
 iblks=           1 iincs=           1 istep=          99
 outinp=           0
 iiter=           1
Begin forming various matrix       at 2026-09-02 16:01:02 
 ktsmat=           0
 ntelgroup=           0
Begin solution global equation     at 2026-09-02 16:01:02 
                     istep=          99 iiter=           1
                     conver_load check
 resid=   54520.8958251126      retot=   870398722458740.     
 ratio1=  7.914479692128274E-006 ratio2=  4.562911066184196E-006
 nchek0=           0 toler_force=  1.000000000000000E-005
 nchek=           0
                    conver_nodal_value check
               Convergence check for displacement
 ratio1=  1.596463362158844E-003 ratio2=  6.846409890395798E-003
                            not converged for checki=           1
 iiter=           2
Begin forming various matrix       at 2026-09-02 16:01:02 
 ktsmat=           0
Begin solution global equation     at 2026-09-02 16:01:02 
                     istep=          99 iiter=           2
                     conver_load check
 resid=  8.086451742531039E-002 retot=   870398722458740.     
 ratio1=  9.638731378967399E-009 ratio2=  2.227765259581588E-009
 nchek0=           0 toler_force=  1.000000000000000E-005
 nchek=           0
                    conver_nodal_value check
               Convergence check for displacement
 ratio1=  3.320454903499758E-006 ratio2=  7.800658395913425E-006
 nchek=           0
 ***********RESTART FILE IS UPDATED!*******
 time: 16:00:59
 iblks=           1 iincs=           1 istep=         100
 outinp=           0
 iiter=           1
Begin forming various matrix       at 2026-09-02 16:01:02 
 ktsmat=           0
 ntelgroup=           0
Begin solution global equation     at 2026-09-02 16:01:02 
                     istep=         100 iiter=           1
                     conver_load check
 resid=   287822.226544371      retot=   895446173801106.     
 ratio1=  1.792843668047641E-005 ratio2=  7.348469170319052E-006
 nchek0=           0 toler_force=  1.000000000000000E-005
 nchek=           1
 iiter=           2
Begin forming various matrix       at 2026-09-02 16:01:02 
 ktsmat=           0
Begin solution global equation     at 2026-09-02 16:01:02 
                     istep=         100 iiter=           2
                     conver_load check
 resid=  0.883858389571715      retot=   895446173801106.     
 ratio1=  3.141749840888562E-008 ratio2=  8.474528947590234E-009
 nchek0=           0 toler_force=  1.000000000000000E-005
 nchek=           0
                    conver_nodal_value check
               Convergence check for displacement
 ratio1=  7.568831816946075E-006 ratio2=  1.369653676583972E-005
                            not converged for checki=           1
 iiter=           3
Begin forming various matrix       at 2026-09-02 16:01:02 
 ktsmat=           0
Begin solution global equation     at 2026-09-02 16:01:02 
                     istep=         100 iiter=           3
                     conver_load check
 resid=  1.381479329114309E-005 retot=   895446173801106.     
 ratio1=  1.242088248676116E-010 ratio2=  4.666109855967852E-011
 nchek0=           0 toler_force=  1.000000000000000E-005
 nchek=           0
                    conver_nodal_value check
               Convergence check for displacement
 ratio1=  4.830718732531006E-008 ratio2=  1.121246043179300E-007
 nchek=           0
 ngvar in output=           7 nstre=           4
 ***********RESTART FILE IS UPDATED!*******
 time: 16:00:59
 iblks=           1 iincs=           1 istep=         101
 outinp=           0
 iiter=           1
Begin forming various matrix       at 2026-09-02 16:01:02 
 ktsmat=           0
 ntelgroup=           0
Begin solution global equation     at 2026-09-02 16:01:02 
                     istep=         101 iiter=           1
                     conver_load check
 resid=   1407891.38717241      retot=   908241666537665.     
 ratio1=  3.937167261599472E-005 ratio2=  1.854295985240307E-005
 nchek0=           0 toler_force=  1.000000000000000E-005
 nchek=           1
 iiter=           2
Begin forming various matrix       at 2026-09-02 16:01:02 
 ktsmat=           0
Begin solution global equation     at 2026-09-02 16:01:02 
                     istep=         101 iiter=           2
                     conver_load check
 resid=   3.19463558119094      retot=   908241666537665.     
 ratio1=  5.930754558735322E-008 ratio2=  1.779238584741607E-008
 nchek0=           0 toler_force=  1.000000000000000E-005
 nchek=           0
                    conver_nodal_value check
               Convergence check for displacement
 ratio1=  1.005088628060497E-005 ratio2=  1.379511181435714E-005
                            not converged for checki=           1
 iiter=           3
Begin forming various matrix       at 2026-09-02 16:01:02 
 ktsmat=           0
Begin solution global equation     at 2026-09-02 16:01:02 
                     istep=         101 iiter=           3
                     conver_load check
 resid=  2.850080172855628E-005 retot=   908241666537665.     
 ratio1=  1.771445631093005E-010 ratio2=  4.866679848653032E-011
 nchek0=           0 toler_force=  1.000000000000000E-005
 nchek=           0
                    conver_nodal_value check
               Convergence check for displacement
 ratio1=  3.413114039557499E-008 ratio2=  3.773315854627120E-008
 nchek=           0
 ***********RESTART FILE IS UPDATED!*******
 time: 16:00:59
 iblks=           1 iincs=           1 istep=         102
 outinp=           0
 iiter=           1
Begin forming various matrix       at 2026-09-02 16:01:02 
 ktsmat=           0
 ntelgroup=           0
Begin solution global equation     at 2026-09-02 16:01:02 
                     istep=         102 iiter=           1
                     conver_load check
 resid=   536824.837046653      retot=   770329040843726.     
 ratio1=  2.639843403328578E-005 ratio2=  1.105540839377142E-005
 nchek0=           0 toler_force=  1.000000000000000E-005
 nchek=           1
 iiter=           2
Begin forming various matrix       at 2026-09-02 16:01:02 
 ktsmat=           0
Begin solution global equation     at 2026-09-02 16:01:02 
                     istep=         102 iiter=           2
                     conver_load check
 resid=   1.17399223432263      retot=   770329040843726.     
 ratio1=  3.903862176008643E-008 ratio2=  1.146560022999179E-008
 nchek0=           0 toler_force=  1.000000000000000E-005
 nchek=           0
                    conver_nodal_value check
               Convergence check for displacement
 ratio1=  6.772007866526201E-006 ratio2=  8.997567981085604E-006
 nchek=           0
 ngvar in output=           7 nstre=           4
 ***********RESTART FILE IS UPDATED!*******
 time: 16:00:59
 iblks=           1 iincs=           1 istep=         103
 outinp=           0
 iiter=           1
Begin forming various matrix       at 2026-09-02 16:01:02 
 ktsmat=           0
 ntelgroup=           0
Begin solution global equation     at 2026-09-02 16:01:02 
                     istep=         103 iiter=           1
                     conver_load check
 resid=   380320.711160500      retot=   597801611575699.     
 ratio1=  2.522298301803933E-005 ratio2=  1.160255713995121E-005
 nchek0=           0 toler_force=  1.000000000000000E-005
 nchek=           1
 iiter=           2
Begin forming various matrix       at 2026-09-02 16:01:02 
 ktsmat=           0
Begin solution global equation     at 2026-09-02 16:01:02 
                     istep=         103 iiter=           2
                     conver_load check
 resid=  0.814524795790898      retot=   597801611575699.     
 ratio1=  3.691251309822366E-008 ratio2=  1.088048298125874E-008
 nchek0=           0 toler_force=  1.000000000000000E-005
 nchek=           0
                    conver_nodal_value check
               Convergence check for displacement
 ratio1=  6.171270767039311E-006 ratio2=  7.243388420415415E-006
 nchek=           0
 ***********RESTART FILE IS UPDATED!*******
 time: 16:00:59
 iblks=           1 iincs=           1 istep=         104
 outinp=           0
 iiter=           1
Begin forming various matrix       at 2026-09-02 16:01:03 
 ktsmat=           0
 ntelgroup=           0
Begin solution global equation     at 2026-09-02 16:01:03 
                     istep=         104 iiter=           1
                     conver_load check
 resid=   686417.391299417      retot=   476756427686672.     
 ratio1=  3.794424018569351E-005 ratio2=  2.127459021048713E-005
 nchek0=           0 toler_force=  1.000000000000000E-005
 nchek=           1
 iiter=           2
Begin forming various matrix       at 2026-09-02 16:01:03 
 ktsmat=           0
Begin solution global equation     at 2026-09-02 16:01:03 
                     istep=         104 iiter=           2
                     conver_load check
 resid=   1.66631808289701      retot=   476756427686672.     
 ratio1=  5.911948948987957E-008 ratio2=  2.248125105455412E-008
 nchek0=           0 toler_force=  1.000000000000000E-005
 nchek=           0
                    conver_nodal_value check
               Convergence check for displacement
 ratio1=  8.596895049439235E-006 ratio2=  1.150339713730521E-005
                            not converged for checki=           1
 iiter=           3
Begin forming various matrix       at 2026-09-02 16:01:03 
 ktsmat=           0
Begin solution global equation     at 2026-09-02 16:01:03 
                     istep=         104 iiter=           3
                     conver_load check
 resid=  1.393935424027416E-005 retot=   476756427686672.     
 ratio1=  1.709909199958392E-010 ratio2=  6.065960620235520E-011
 nchek0=           0 toler_force=  1.000000000000000E-005
 nchek=           0
                    conver_nodal_value check
               Convergence check for displacement
 ratio1=  2.636295010616664E-008 ratio2=  3.104036451706773E-008
 nchek=           0
 ngvar in output=           7 nstre=           4
 ***********RESTART FILE IS UPDATED!*******
 time: 16:00:59
 iblks=           1 iincs=           1 istep=         105
 outinp=           0
 iiter=           1
Begin forming various matrix       at 2026-09-02 16:01:03 
 ktsmat=           0
 ntelgroup=           0
Begin solution global equation     at 2026-09-02 16:01:03 
                     istep=         105 iiter=           1
                     conver_load check
 resid=   495870.215501557      retot=   413614183439116.     
 ratio1=  3.462472239350047E-005 ratio2=  1.470506665388672E-005
 nchek0=           0 toler_force=  1.000000000000000E-005
 nchek=           1
 iiter=           2
Begin forming various matrix       at 2026-09-02 16:01:03 
 ktsmat=           0
Begin solution global equation     at 2026-09-02 16:01:03 
                     istep=         105 iiter=           2
                     conver_load check
 resid=   1.11283184724259      retot=   413614183439116.     
 ratio1=  5.187009715827189E-008 ratio2=  1.442756844021410E-008
 nchek0=           0 toler_force=  1.000000000000000E-005
 nchek=           0
                    conver_nodal_value check
               Convergence check for displacement
 ratio1=  8.209208319722115E-006 ratio2=  9.790057027199570E-006
 nchek=           0
 ***********RESTART FILE IS UPDATED!*******
 time: 16:00:59
 iblks=           1 iincs=           1 istep=         106
 outinp=           0
 iiter=           1
Begin forming various matrix       at 2026-09-02 16:01:03 
 ktsmat=           0
 ntelgroup=           0
Begin solution global equation     at 2026-09-02 16:01:03 
                     istep=         106 iiter=           1
                     conver_load check
 resid=   119384.148677683      retot=   289911338452704.     
 ratio1=  2.029274195820840E-005 ratio2=  7.447376927466306E-006
 nchek0=           0 toler_force=  1.000000000000000E-005
 nchek=           1
 iiter=           2
Begin forming various matrix       at 2026-09-02 16:01:03 
 ktsmat=           0
Begin solution global equation     at 2026-09-02 16:01:03 
                     istep=         106 iiter=           2
                     conver_load check
 resid=  8.698671196976832E-002 retot=   289911338452704.     
 ratio1=  1.732183339271008E-008 ratio2=  4.203654761724578E-009
 nchek0=           0 toler_force=  1.000000000000000E-005
 nchek=           0
                    conver_nodal_value check
               Convergence check for displacement
 ratio1=  2.399682252003771E-006 ratio2=  3.340297413706566E-006
 nchek=           0
 ngvar in output=           7 nstre=           4
 ***********RESTART FILE IS UPDATED!*******
 time: 16:00:59
 iblks=           1 iincs=           1 istep=         107
 outinp=           0
 iiter=           1
Begin forming various matrix       at 2026-09-02 16:01:03 
 ktsmat=           0
 ntelgroup=           0
Begin solution global equation     at 2026-09-02 16:01:03 
                     istep=         107 iiter=           1
                     conver_load check
 resid=   227646.066418134      retot=   187915065782023.     
 ratio1=  3.480561203917680E-005 ratio2=  8.556204143195108E-006
 nchek0=           0 toler_force=  1.000000000000000E-005
 nchek=           1
 iiter=           2
Begin forming various matrix       at 2026-09-02 16:01:03 
 ktsmat=           0
Begin solution global equation     at 2026-09-02 16:01:03 
                     istep=         107 iiter=           2
                     conver_load check
 resid=  0.580401423607802      retot=   187915065782023.     
 ratio1=  5.557550712699053E-008 ratio2=  8.898261318690381E-009
 nchek0=           0 toler_force=  1.000000000000000E-005
 nchek=           0
                    conver_nodal_value check
               Convergence check for displacement
 ratio1=  6.886532519066038E-006 ratio2=  7.793391260024184E-006
 nchek=           0
 ***********RESTART FILE IS UPDATED!*******
 time: 16:00:59
 iblks=           1 iincs=           1 istep=         108
 outinp=           0
 iiter=           1
Begin forming various matrix       at 2026-09-02 16:01:03 
 ktsmat=           0
 ntelgroup=           0
Begin solution global equation     at 2026-09-02 16:01:03 
                     istep=         108 iiter=           1
                     conver_load check
 resid=   169070.310146975      retot=   139558863247315.     
 ratio1=  3.480606789457757E-005 ratio2=  9.731650589856123E-006
 nchek0=           0 toler_force=  1.000000000000000E-005
 nchek=           1
 iiter=           2
Begin forming various matrix       at 2026-09-02 16:01:03 
 ktsmat=           0
Begin solution global equation     at 2026-09-02 16:01:03 
                     istep=         108 iiter=           2
                     conver_load check
 resid=  0.201332258741970      retot=   139558863247315.     
 ratio1=  3.798201240591453E-008 ratio2=  7.323331228348319E-009
 nchek0=           0 toler_force=  1.000000000000000E-005
 nchek=           0
                    conver_nodal_value check
               Convergence check for displacement
 ratio1=  3.919218448597148E-006 ratio2=  5.427299627469617E-006
 nchek=           0
 ngvar in output=           7 nstre=           4
 ***********RESTART FILE IS UPDATED!*******
 time: 16:00:59
 iblks=           1 iincs=           1 istep=         109
 outinp=           0
 iiter=           1
Begin forming various matrix       at 2026-09-02 16:01:03 
 ktsmat=           0
 ntelgroup=           0
Begin solution global equation     at 2026-09-02 16:01:03 
                     istep=         109 iiter=           1
                     conver_load check
 resid=   110089.630882194      retot=   147507927227110.     
 ratio1=  2.731904588659021E-005 ratio2=  1.816277761397425E-005
 nchek0=           0 toler_force=  1.000000000000000E-005
 nchek=           1
 iiter=           2
Begin forming various matrix       at 2026-09-02 16:01:03 
 ktsmat=           0
Begin solution global equation     at 2026-09-02 16:01:03 
                     istep=         109 iiter=           2
                     conver_load check
 resid=  0.256107384641573      retot=   147507927227110.     
 ratio1=  4.166806859124369E-008 ratio2=  1.338558425056897E-008
 nchek0=           0 toler_force=  1.000000000000000E-005
 nchek=           0
                    conver_nodal_value check
               Convergence check for displacement
 ratio1=  5.398911474578216E-006 ratio2=  7.378011720354524E-006
 nchek=           0
 ***********RESTART FILE IS UPDATED!*******
 time: 16:00:59
 iblks=           1 iincs=           1 istep=         110
 outinp=           0
 iiter=           1
Begin forming various matrix       at 2026-09-02 16:01:03 
 ktsmat=           0
 ntelgroup=           0
Begin solution global equation     at 2026-09-02 16:01:03 
                     istep=         110 iiter=           1
                     conver_load check
 resid=   609829.652349106      retot=   126165871776427.     
 ratio1=  6.952377131621021E-005 ratio2=  3.230731237228241E-005
 nchek0=           0 toler_force=  1.000000000000000E-005
 nchek=           1
 iiter=           2
Begin forming various matrix       at 2026-09-02 16:01:03 
 ktsmat=           0
Begin solution global equation     at 2026-09-02 16:01:03 
                     istep=         110 iiter=           2
                     conver_load check
 resid=   1.62727511867114      retot=   126165871776427.     
 ratio1=  1.135689330096527E-007 ratio2=  3.234809514882628E-008
 nchek0=           0 toler_force=  1.000000000000000E-005
 nchek=           0
                    conver_nodal_value check
               Convergence check for displacement
 ratio1=  1.638990354797604E-005 ratio2=  2.393025777725191E-005
                            not converged for checki=           1
 iiter=           3
Begin forming various matrix       at 2026-09-02 16:01:03 
 ktsmat=           0
Begin solution global equation     at 2026-09-02 16:01:03 
                     istep=         110 iiter=           3
                     conver_load check
 resid=  2.208127135667173E-005 retot=   126165871776427.     
 ratio1=  4.183512692593242E-010 ratio2=  1.508677290053296E-010
 nchek0=           0 toler_force=  1.000000000000000E-005
 nchek=           0
                    conver_nodal_value check
               Convergence check for displacement
 ratio1=  9.865640216740963E-008 ratio2=  2.076240523687917E-007
 nchek=           0
 ngvar in output=           7 nstre=           4
 ***********RESTART FILE IS UPDATED!*******
 time: 16:00:59
 iblks=           1 iincs=           1 istep=         111
 outinp=           0
 iiter=           1
Begin forming various matrix       at 2026-09-02 16:01:03 
 ktsmat=           0
 ntelgroup=           0
Begin solution global equation     at 2026-09-02 16:01:03 
                     istep=         111 iiter=           1
                     conver_load check
 resid=   1046157.54630393      retot=   143157714305034.     
 ratio1=  8.548524647425289E-005 ratio2=  4.683186073402869E-005
 nchek0=           0 toler_force=  1.000000000000000E-005
 nchek=           1
 iiter=           2
Begin forming various matrix       at 2026-09-02 16:01:03 
 ktsmat=           0
Begin solution global equation     at 2026-09-02 16:01:03 
                     istep=         111 iiter=           2
                     conver_load check
 resid=   2.24193858098198      retot=   143157714305034.     
 ratio1=  1.251423993697717E-007 ratio2=  4.413552098528081E-008
 nchek0=           0 toler_force=  1.000000000000000E-005
 nchek=           0
                    conver_nodal_value check
               Convergence check for displacement
 ratio1=  1.554976593336985E-005 ratio2=  2.086234094778837E-005
                            not converged for checki=           1
 iiter=           3
Begin forming various matrix       at 2026-09-02 16:01:03 
 ktsmat=           0
Begin solution global equation     at 2026-09-02 16:01:03 
                     istep=         111 iiter=           3
                     conver_load check
 resid=  1.982274340308131E-005 retot=   143157714305034.     
 ratio1=  3.721127079391574E-010 ratio2=  1.188235266978536E-010
 nchek0=           0 toler_force=  1.000000000000000E-005
 nchek=           0
                    conver_nodal_value check
               Convergence check for displacement
 ratio1=  5.330170761991852E-008 ratio2=  5.616657810693577E-008
 nchek=           0
 ***********RESTART FILE IS UPDATED!*******
 time: 16:00:59
 iblks=           1 iincs=           1 istep=         112
 outinp=           0
 iiter=           1
Begin forming various matrix       at 2026-09-02 16:01:03 
 ktsmat=           0
 ntelgroup=           0
Begin solution global equation     at 2026-09-02 16:01:03 
                     istep=         112 iiter=           1
                     conver_load check
 resid=   744379.949758936      retot=   211165173457462.     
 ratio1=  5.937261626265184E-005 ratio2=  2.605038178861207E-005
 nchek0=           0 toler_force=  1.000000000000000E-005
 nchek=           1
 iiter=           2
Begin forming various matrix       at 2026-09-02 16:01:03 
 ktsmat=           0
Begin solution global equation     at 2026-09-02 16:01:03 
                     istep=         112 iiter=           2
                     conver_load check
 resid=   1.68077963075412      retot=   211165173457462.     
 ratio1=  8.921630683355600E-008 ratio2=  2.744077585550056E-008
 nchek0=           0 toler_force=  1.000000000000000E-005
 nchek=           0
                    conver_nodal_value check
               Convergence check for displacement
 ratio1=  1.469149193624440E-005 ratio2=  1.976514392630012E-005
                            not converged for checki=           1
 iiter=           3
Begin forming various matrix       at 2026-09-02 16:01:03 
 ktsmat=           0
Begin solution global equation     at 2026-09-02 16:01:03 
                     istep=         112 iiter=           3
                     conver_load check
 resid=  1.284496464584355E-005 retot=   211165173457462.     
 ratio1=  2.466353421448152E-010 ratio2=  6.984359560421491E-011
 nchek0=           0 toler_force=  1.000000000000000E-005
 nchek=           0
                    conver_nodal_value check
               Convergence check for displacement
 ratio1=  4.230269522114458E-008 ratio2=  5.030748080690690E-008
 nchek=           0
 ngvar in output=           7 nstre=           4
 ***********RESTART FILE IS UPDATED!*******
 time: 16:00:59
 iblks=           1 iincs=           1 istep=         113
 outinp=           0
 iiter=           1
Begin forming various matrix       at 2026-09-02 16:01:03 
 ktsmat=           0
 ntelgroup=           0
Begin solution global equation     at 2026-09-02 16:01:03 
                     istep=         113 iiter=           1
                     conver_load check
 resid=   56893.3622978879      retot=   184028543866231.     
 ratio1=  1.758280685291612E-005 ratio2=  1.361559565227178E-005
 nchek0=           0 toler_force=  1.000000000000000E-005
 nchek=           1
 iiter=           2
Begin forming various matrix       at 2026-09-02 16:01:03 
 ktsmat=           0
Begin solution global equation     at 2026-09-02 16:01:03 
                     istep=         113 iiter=           2
                     conver_load check
 resid=  2.925106314063927E-002 retot=   184028543866231.     
 ratio1=  1.260747839999926E-008 ratio2=  3.165430426258561E-009
 nchek0=           0 toler_force=  1.000000000000000E-005
 nchek=           0
                    conver_nodal_value check
               Convergence check for displacement
 ratio1=  5.134332892965516E-006 ratio2=  1.192079897754628E-005
                            not converged for checki=           1
 iiter=           3
Begin forming various matrix       at 2026-09-02 16:01:03 
 ktsmat=           0
Begin solution global equation     at 2026-09-02 16:01:03 
                     istep=         113 iiter=           3
                     conver_load check
 resid=  4.606942087678012E-007 retot=   184028543866231.     
 ratio1=  5.003383379702506E-011 ratio2=  1.616358581471879E-011
 nchek0=           0 toler_force=  1.000000000000000E-005
 nchek=           0
                    conver_nodal_value check
               Convergence check for displacement
 ratio1=  3.194312996718535E-008 ratio2=  8.104432869986724E-008
 nchek=           0
 ***********RESTART FILE IS UPDATED!*******
 time: 16:00:59
 iblks=           1 iincs=           1 istep=         114
 outinp=           0
 iiter=           1
Begin forming various matrix       at 2026-09-02 16:01:03 
 ktsmat=           0
 ntelgroup=           0
Begin solution global equation     at 2026-09-02 16:01:03 
                     istep=         114 iiter=           1
                     conver_load check
 resid=   118966.879676770      retot=   179627770330153.     
 ratio1=  2.573512581830100E-005 ratio2=  1.362630639757962E-005
 nchek0=           0 toler_force=  1.000000000000000E-005
 nchek=           1
 iiter=           2
Begin forming various matrix       at 2026-09-02 16:01:03 
 ktsmat=           0
Begin solution global equation     at 2026-09-02 16:01:03 
                     istep=         114 iiter=           2
                     conver_load check
 resid=  0.209336796535936      retot=   179627770330153.     
 ratio1=  3.413784069178112E-008 ratio2=  8.860277604806434E-009
 nchek0=           0 toler_force=  1.000000000000000E-005
 nchek=           0
                    conver_nodal_value check
               Convergence check for displacement
 ratio1=  5.897913866491526E-006 ratio2=  8.111518116836277E-006
 nchek=           0
 ngvar in output=           7 nstre=           4
 ***********RESTART FILE IS UPDATED!*******
 time: 16:00:59
 iblks=           1 iincs=           1 istep=         115
 outinp=           0
 iiter=           1
Begin forming various matrix       at 2026-09-02 16:01:03 
 ktsmat=           0
 ntelgroup=           0
Begin solution global equation     at 2026-09-02 16:01:03 
                     istep=         115 iiter=           1
                     conver_load check
 resid=   997355.176545484      retot=   153471524403773.     
 ratio1=  8.061410182917003E-005 ratio2=  4.100723951179815E-005
 nchek0=           0 toler_force=  1.000000000000000E-005
 nchek=           1
 iiter=           2
Begin forming various matrix       at 2026-09-02 16:01:03 
 ktsmat=           0
Begin solution global equation     at 2026-09-02 16:01:03 
                     istep=         115 iiter=           2
                     conver_load check
 resid=   2.57334606450458      retot=   153471524403773.     
 ratio1=  1.294896907431117E-007 ratio2=  4.158835748794030E-008
 nchek0=           0 toler_force=  1.000000000000000E-005
 nchek=           0
                    conver_nodal_value check
               Convergence check for displacement
 ratio1=  2.291846781024885E-005 ratio2=  3.078400535194710E-005
                            not converged for checki=           1
 iiter=           3
Begin forming various matrix       at 2026-09-02 16:01:03 
 ktsmat=           0
Begin solution global equation     at 2026-09-02 16:01:03 
                     istep=         115 iiter=           3
                     conver_load check
 resid=  2.571908426592753E-005 retot=   153471524403773.     
 ratio1=  4.093679585862329E-010 ratio2=  1.301055912501718E-010
 nchek0=           0 toler_force=  1.000000000000000E-005
 nchek=           0
                    conver_nodal_value check
               Convergence check for displacement
 ratio1=  9.510543227290271E-008 ratio2=  1.402838085662392E-007
 nchek=           0
 ***********RESTART FILE IS UPDATED!*******
 time: 16:00:59
 iblks=           1 iincs=           1 istep=         116
 outinp=           0
 iiter=           1
Begin forming various matrix       at 2026-09-02 16:01:03 
 ktsmat=           0
 ntelgroup=           0
Begin solution global equation     at 2026-09-02 16:01:03 
                     istep=         116 iiter=           1
                     conver_load check
 resid=   692412.568826835      retot=   115498436361249.     
 ratio1=  7.742735418473567E-005 ratio2=  3.751467561321744E-005
 nchek0=           0 toler_force=  1.000000000000000E-005
 nchek=           1
 iiter=           2
Begin forming various matrix       at 2026-09-02 16:01:03 
 ktsmat=           0
Begin solution global equation     at 2026-09-02 16:01:03 
                     istep=         116 iiter=           2
                     conver_load check
 resid=   1.54609026744136      retot=   115498436361249.     
 ratio1=  1.156989375254352E-007 ratio2=  3.723176887571538E-008
 nchek0=           0 toler_force=  1.000000000000000E-005
 nchek=           0
                    conver_nodal_value check
               Convergence check for displacement
 ratio1=  1.985753922299977E-005 ratio2=  2.768632843830103E-005
                            not converged for checki=           1
 iiter=           3
Begin forming various matrix       at 2026-09-02 16:01:03 
 ktsmat=           0
Begin solution global equation     at 2026-09-02 16:01:03 
                     istep=         116 iiter=           3
                     conver_load check
 resid=  1.157673221786315E-005 retot=   115498436361249.     
 ratio1=  3.165956486201302E-010 ratio2=  9.483997758122413E-011
 nchek0=           0 toler_force=  1.000000000000000E-005
 nchek=           0
                    conver_nodal_value check
               Convergence check for displacement
 ratio1=  5.849720699596306E-008 ratio2=  7.679895333732184E-008
 nchek=           0
 ngvar in output=           7 nstre=           4
 ***********RESTART FILE IS UPDATED!*******
 time: 16:00:59
 iblks=           1 iincs=           1 istep=         117
 outinp=           0
 iiter=           1
Begin forming various matrix       at 2026-09-02 16:01:03 
 ktsmat=           0
 ntelgroup=           0
Begin solution global equation     at 2026-09-02 16:01:03 
                     istep=         117 iiter=           1
                     conver_load check
 resid=   531809.142266536      retot=   118675166714679.     
 ratio1=  6.694189068054834E-005 ratio2=  3.046216605030567E-005
 nchek0=           0 toler_force=  1.000000000000000E-005
 nchek=           1
 iiter=           2
Begin forming various matrix       at 2026-09-02 16:01:03 
 ktsmat=           0
Begin solution global equation     at 2026-09-02 16:01:03 
                     istep=         117 iiter=           2
                     conver_load check
 resid=   1.25960536671346      retot=   118675166714679.     
 ratio1=  1.030237433685933E-007 ratio2=  3.234073356392167E-008
 nchek0=           0 toler_force=  1.000000000000000E-005
 nchek=           0
                    conver_nodal_value check
               Convergence check for displacement
 ratio1=  1.994256515523606E-005 ratio2=  2.675241600171753E-005
                            not converged for checki=           1
 iiter=           3
Begin forming various matrix       at 2026-09-02 16:01:03 
 ktsmat=           0
Begin solution global equation     at 2026-09-02 16:01:03 
                     istep=         117 iiter=           3
                     conver_load check
 resid=  1.330614071983441E-005 retot=   118675166714679.     
 ratio1=  3.348467829351899E-010 ratio2=  1.105922907989867E-010
 nchek0=           0 toler_force=  1.000000000000000E-005
 nchek=           0
                    conver_nodal_value check
               Convergence check for displacement
 ratio1=  9.553894966991269E-008 ratio2=  1.854164056622041E-007
 nchek=           0
 ***********RESTART FILE IS UPDATED!*******
 time: 16:00:59
 iblks=           1 iincs=           1 istep=         118
 outinp=           0
 iiter=           1
Begin forming various matrix       at 2026-09-02 16:01:03 
 ktsmat=           0
 ntelgroup=           0
Begin solution global equation     at 2026-09-02 16:01:03 
                     istep=         118 iiter=           1
                     conver_load check
 resid=   611488.040601998      retot=   139448467612955.     
 ratio1=  6.621968502467206E-005 ratio2=  2.251671201105255E-005
 nchek0=           0 toler_force=  1.000000000000000E-005
 nchek=           1
 iiter=           2
Begin forming various matrix       at 2026-09-02 16:01:03 
 ktsmat=           0
Begin solution global equation     at 2026-09-02 16:01:03 
                     istep=         118 iiter=           2
                     conver_load check
 resid=   1.48210530560264      retot=   139448467612955.     
 ratio1=  1.030938261165660E-007 ratio2=  2.224149556925908E-008
 nchek0=           0 toler_force=  1.000000000000000E-005
 nchek=           0
                    conver_nodal_value check
               Convergence check for displacement
 ratio1=  2.248271378271222E-005 ratio2=  3.254033268054350E-005
                            not converged for checki=           1
 iiter=           3
Begin forming various matrix       at 2026-09-02 16:01:03 
 ktsmat=           0
Begin solution global equation     at 2026-09-02 16:01:03 
                     istep=         118 iiter=           3
                     conver_load check
 resid=  1.222815969478806E-005 retot=   139448467612955.     
 ratio1=  2.961240481805734E-010 ratio2=  6.032857041650859E-011
 nchek0=           0 toler_force=  1.000000000000000E-005
 nchek=           0
                    conver_nodal_value check
               Convergence check for displacement
 ratio1=  6.687898033389437E-008 ratio2=  8.826882671185377E-008
 nchek=           0
 ngvar in output=           7 nstre=           4
 ***********RESTART FILE IS UPDATED!*******
 time: 16:00:59
 iblks=           1 iincs=           1 istep=         119
 outinp=           0
 iiter=           1
Begin forming various matrix       at 2026-09-02 16:01:03 
 ktsmat=           0
 ntelgroup=           0
Begin solution global equation     at 2026-09-02 16:01:03 
                     istep=         119 iiter=           1
                     conver_load check
 resid=   254454.620874010      retot=   191497105175783.     
 ratio1=  3.645222685785296E-005 ratio2=  1.409826976812448E-005
 nchek0=           0 toler_force=  1.000000000000000E-005
 nchek=           1
 iiter=           2
Begin forming various matrix       at 2026-09-02 16:01:03 
 ktsmat=           0
Begin solution global equation     at 2026-09-02 16:01:03 
                     istep=         119 iiter=           2
                     conver_load check
 resid=  0.477801442204314      retot=   191497105175783.     
 ratio1=  4.995081994037642E-008 ratio2=  1.287133128958035E-008
 nchek0=           0 toler_force=  1.000000000000000E-005
 nchek=           0
                    conver_nodal_value check
               Convergence check for displacement
 ratio1=  1.339251328422152E-005 ratio2=  2.081812503086104E-005
                            not converged for checki=           1
 iiter=           3
Begin forming various matrix       at 2026-09-02 16:01:03 
 ktsmat=           0
Begin solution global equation     at 2026-09-02 16:01:03 
                     istep=         119 iiter=           3
                     conver_load check
 resid=  4.153159717534395E-006 retot=   191497105175783.     
 ratio1=  1.472679393255403E-010 ratio2=  3.357697847449575E-011
 nchek0=           0 toler_force=  1.000000000000000E-005
 nchek=           0
                    conver_nodal_value check
               Convergence check for displacement
 ratio1=  4.849477406119489E-008 ratio2=  6.131504956002537E-008
 nchek=           0
 ***********RESTART FILE IS UPDATED!*******
 time: 16:00:59
 iblks=           1 iincs=           1 istep=         120
 outinp=           0
 iiter=           1
Begin forming various matrix       at 2026-09-02 16:01:03 
 ktsmat=           0
 ntelgroup=           0
Begin solution global equation     at 2026-09-02 16:01:03 
                     istep=         120 iiter=           1
                     conver_load check
 resid=   213903.759689149      retot=   159181948883783.     
 ratio1=  3.665745416823852E-005 ratio2=  9.274991501691517E-006
 nchek0=           0 toler_force=  1.000000000000000E-005
 nchek=           1
 iiter=           2
Begin forming various matrix       at 2026-09-02 16:01:03 
 ktsmat=           0
Begin solution global equation     at 2026-09-02 16:01:03 
                     istep=         120 iiter=           2
                     conver_load check
 resid=  0.599132775921092      retot=   159181948883783.     
 ratio1=  6.135000896589234E-008 ratio2=  1.189152451762734E-008
 nchek0=           0 toler_force=  1.000000000000000E-005
 nchek=           0
                    conver_nodal_value check
               Convergence check for displacement
 ratio1=  2.165911026405855E-005 ratio2=  4.043150610709388E-005
                            not converged for checki=           1
 iiter=           3
Begin forming various matrix       at 2026-09-02 16:01:03 
 ktsmat=           0
Begin solution global equation     at 2026-09-02 16:01:03 
                     istep=         120 iiter=           3
                     conver_load check
 resid=  4.371509349832283E-006 retot=   159181948883783.     
 ratio1=  1.657176618253548E-010 ratio2=  2.999838207966065E-011
 nchek0=           0 toler_force=  1.000000000000000E-005
 nchek=           0
                    conver_nodal_value check
               Convergence check for displacement
 ratio1=  9.331377392854331E-008 ratio2=  2.333497386627065E-007
 nchek=           0
 ngvar in output=           7 nstre=           4
 ***********RESTART FILE IS UPDATED!*******
 time: 16:00:59
 iblks=           1 iincs=           1 istep=         121
 outinp=           0
 iiter=           1
Begin forming various matrix       at 2026-09-02 16:01:03 
 ktsmat=           0
 ntelgroup=           0
Begin solution global equation     at 2026-09-02 16:01:03 
                     istep=         121 iiter=           1
                     conver_load check
 resid=   175540.616011440      retot=   149016224437387.     
 ratio1=  3.432195607743663E-005 ratio2=  9.388027688186180E-006
 nchek0=           0 toler_force=  1.000000000000000E-005
 nchek=           1
 iiter=           2
Begin forming various matrix       at 2026-09-02 16:01:03 
 ktsmat=           0
Begin solution global equation     at 2026-09-02 16:01:03 
                     istep=         121 iiter=           2
                     conver_load check
 resid=  0.400795624936053      retot=   149016224437387.     
 ratio1=  5.186145634739198E-008 ratio2=  9.326023348380432E-009
 nchek0=           0 toler_force=  1.000000000000000E-005
 nchek=           0
                    conver_nodal_value check
               Convergence check for displacement
 ratio1=  1.462261741292850E-005 ratio2=  1.852968523398581E-005
                            not converged for checki=           1
 iiter=           3
Begin forming various matrix       at 2026-09-02 16:01:03 
 ktsmat=           0
Begin solution global equation     at 2026-09-02 16:01:03 
                     istep=         121 iiter=           3
                     conver_load check
 resid=  3.262530497113221E-006 retot=   149016224437387.     
 ratio1=  1.479655157228416E-010 ratio2=  2.602605231742724E-011
 nchek0=           0 toler_force=  1.000000000000000E-005
 nchek=           0
                    conver_nodal_value check
               Convergence check for displacement
 ratio1=  4.347906522512369E-008 ratio2=  5.171378851101799E-008
 nchek=           0
 ***********RESTART FILE IS UPDATED!*******
 time: 16:00:59
 iblks=           1 iincs=           1 istep=         122
 outinp=           0
 iiter=           1
Begin forming various matrix       at 2026-09-02 16:01:03 
 ktsmat=           0
 ntelgroup=           0
Begin solution global equation     at 2026-09-02 16:01:03 
                     istep=         122 iiter=           1
                     conver_load check
 resid=   81346.8151558131      retot=   164283577535641.     
 ratio1=  2.225221263717038E-005 ratio2=  1.313310354869129E-005
 nchek0=           0 toler_force=  1.000000000000000E-005
 nchek=           1
 iiter=           2
Begin forming various matrix       at 2026-09-02 16:01:03 
 ktsmat=           0
Begin solution global equation     at 2026-09-02 16:01:03 
                     istep=         122 iiter=           2
                     conver_load check
 resid=  0.103472981640288      retot=   164283577535641.     
 ratio1=  2.509668767703615E-008 ratio2=  5.651230273216987E-009
 nchek0=           0 toler_force=  1.000000000000000E-005
 nchek=           0
                    conver_nodal_value check
               Convergence check for displacement
 ratio1=  1.088551165150680E-005 ratio2=  2.199423260809584E-005
                            not converged for checki=           1
 iiter=           3
Begin forming various matrix       at 2026-09-02 16:01:03 
 ktsmat=           0
Begin solution global equation     at 2026-09-02 16:01:03 
                     istep=         122 iiter=           3
                     conver_load check
 resid=  7.447108340348241E-007 retot=   164283577535641.     
 ratio1=  6.732816221074759E-011 ratio2=  1.354226031069893E-011
 nchek0=           0 toler_force=  1.000000000000000E-005
 nchek=           0
                    conver_nodal_value check
               Convergence check for displacement
 ratio1=  5.436065161690427E-008 ratio2=  1.397760091864966E-007
 nchek=           0
 ngvar in output=           7 nstre=           4
 ***********RESTART FILE IS UPDATED!*******
 time: 16:00:59
 iblks=           1 iincs=           1 istep=         123
 outinp=           0
 iiter=           1
Begin forming various matrix       at 2026-09-02 16:01:03 
 ktsmat=           0
 ntelgroup=           0
Begin solution global equation     at 2026-09-02 16:01:03 
                     istep=         123 iiter=           1
                     conver_load check
 resid=   172836.795883976      retot=   173251763537781.     
 ratio1=  3.158488291394870E-005 ratio2=  1.662304894505625E-005
 nchek0=           0 toler_force=  1.000000000000000E-005
 nchek=           1
 iiter=           2
Begin forming various matrix       at 2026-09-02 16:01:03 
 ktsmat=           0
Begin solution global equation     at 2026-09-02 16:01:03 
                     istep=         123 iiter=           2
                     conver_load check
 resid=  0.363594673503732      retot=   173251763537781.     
 ratio1=  4.581101605147661E-008 ratio2=  1.543459277531777E-008
 nchek0=           0 toler_force=  1.000000000000000E-005
 nchek=           0
                    conver_nodal_value check
               Convergence check for displacement
 ratio1=  1.742670305673409E-005 ratio2=  2.667889335577895E-005
                            not converged for checki=           1
 iiter=           3
Begin forming various matrix       at 2026-09-02 16:01:03 
 ktsmat=           0
Begin solution global equation     at 2026-09-02 16:01:03 
                     istep=         123 iiter=           3
                     conver_load check
 resid=  4.817030575571604E-006 retot=   173251763537781.     
 ratio1=  1.667442510812438E-010 ratio2=  6.974918095047170E-011
 nchek0=           0 toler_force=  1.000000000000000E-005
 nchek=           0
                    conver_nodal_value check
               Convergence check for displacement
 ratio1=  1.042200122158720E-007 ratio2=  2.413713885477098E-007
 nchek=           0
 ***********RESTART FILE IS UPDATED!*******
 time: 16:00:59
 iblks=           1 iincs=           1 istep=         124
 outinp=           0
 iiter=           1
Begin forming various matrix       at 2026-09-02 16:01:03 
 ktsmat=           0
 ntelgroup=           0
Begin solution global equation     at 2026-09-02 16:01:03 
                     istep=         124 iiter=           1
                     conver_load check
 resid=   146354.633270078      retot=   118545482131849.     
 ratio1=  3.513668087694788E-005 ratio2=  1.803524008640050E-005
 nchek0=           0 toler_force=  1.000000000000000E-005
 nchek=           1
 iiter=           2
Begin forming various matrix       at 2026-09-02 16:01:03 
 ktsmat=           0
Begin solution global equation     at 2026-09-02 16:01:03 
                     istep=         124 iiter=           2
                     conver_load check
 resid=  0.594004667988453      retot=   118545482131849.     
 ratio1=  7.078682368547378E-008 ratio2=  2.116496487445512E-008
 nchek0=           0 toler_force=  1.000000000000000E-005
 nchek=           0
                    conver_nodal_value check
               Convergence check for displacement
 ratio1=  3.207604758675297E-005 ratio2=  7.003397549618338E-005
                            not converged for checki=           1
 iiter=           3
Begin forming various matrix       at 2026-09-02 16:01:03 
 ktsmat=           0
Begin solution global equation     at 2026-09-02 16:01:03 
                     istep=         124 iiter=           3
                     conver_load check
 resid=  1.138378075621627E-005 retot=   118545482131849.     
 ratio1=  3.098851449342556E-010 ratio2=  1.166482260205890E-010
 nchek0=           0 toler_force=  1.000000000000000E-005
 nchek=           0
                    conver_nodal_value check
               Convergence check for displacement
 ratio1=  2.142028270634300E-007 ratio2=  5.479280173723751E-007
 nchek=           0
 ngvar in output=           7 nstre=           4
 ***********RESTART FILE IS UPDATED!*******
 time: 16:00:59
 iblks=           1 iincs=           1 istep=         125
 outinp=           0
 iiter=           1
Begin forming various matrix       at 2026-09-02 16:01:03 
 ktsmat=           0
 ntelgroup=           0
Begin solution global equation     at 2026-09-02 16:01:03 
                     istep=         125 iiter=           1
                     conver_load check
 resid=   61537.2635585848      retot=   141975445543494.     
 ratio1=  2.081912486542334E-005 ratio2=  1.244393106516812E-005
 nchek0=           0 toler_force=  1.000000000000000E-005
 nchek=           1
 iiter=           2
Begin forming various matrix       at 2026-09-02 16:01:03 
 ktsmat=           0
Begin solution global equation     at 2026-09-02 16:01:03 
                     istep=         125 iiter=           2
                     conver_load check
 resid=  2.163777037851615E-002 retot=   141975445543494.     
 ratio1=  1.234524274027307E-008 ratio2=  3.933484152223127E-009
 nchek0=           0 toler_force=  1.000000000000000E-005
 nchek=           0
                    conver_nodal_value check
               Convergence check for displacement
 ratio1=  4.632286770602664E-006 ratio2=  8.111586711994730E-006
 nchek=           0
 ***********RESTART FILE IS UPDATED!*******
 time: 16:00:59
 iblks=           1 iincs=           1 istep=         126
 outinp=           0
 iiter=           1
Begin forming various matrix       at 2026-09-02 16:01:03 
 ktsmat=           0
 ntelgroup=           0
Begin solution global equation     at 2026-09-02 16:01:03 
                     istep=         126 iiter=           1
                     conver_load check
 resid=   76457.1847709744      retot=   317803838856764.     
 ratio1=  1.551063514022003E-005 ratio2=  1.355913460074046E-005
 nchek0=           0 toler_force=  1.000000000000000E-005
 nchek=           1
 iiter=           2
Begin forming various matrix       at 2026-09-02 16:01:03 
 ktsmat=           0
Begin solution global equation     at 2026-09-02 16:01:03 
                     istep=         126 iiter=           2
                     conver_load check
 resid=  0.117161194800007      retot=   317803838856764.     
 ratio1=  1.920049063671962E-008 ratio2=  6.546747432960095E-009
 nchek0=           0 toler_force=  1.000000000000000E-005
 nchek=           0
                    conver_nodal_value check
               Convergence check for displacement
 ratio1=  8.672358630968636E-006 ratio2=  1.153041952763502E-005
                            not converged for checki=           1
 iiter=           3
Begin forming various matrix       at 2026-09-02 16:01:03 
 ktsmat=           0
Begin solution global equation     at 2026-09-02 16:01:03 
                     istep=         126 iiter=           3
                     conver_load check
 resid=  1.126418190644679E-006 retot=   317803838856764.     
 ratio1=  5.953471215822133E-011 ratio2=  2.019743891924679E-011
 nchek0=           0 toler_force=  1.000000000000000E-005
 nchek=           0
                    conver_nodal_value check
               Convergence check for displacement
 ratio1=  3.658980713748164E-008 ratio2=  5.905610852379918E-008
 nchek=           0
 ngvar in output=           7 nstre=           4
 ***********RESTART FILE IS UPDATED!*******
 time: 16:00:59
 iblks=           1 iincs=           1 istep=         127
 outinp=           0
 iiter=           1
Begin forming various matrix       at 2026-09-02 16:01:03 
 ktsmat=           0
 ntelgroup=           0
Begin solution global equation     at 2026-09-02 16:01:03 
                     istep=         127 iiter=           1
                     conver_load check
 resid=   216549.299247546      retot=   529103927120420.     
 ratio1=  2.023055973286138E-005 ratio2=  1.014988873206621E-005
 nchek0=           0 toler_force=  1.000000000000000E-005
 nchek=           1
 iiter=           2
Begin forming various matrix       at 2026-09-02 16:01:03 
 ktsmat=           0
Begin solution global equation     at 2026-09-02 16:01:03 
                     istep=         127 iiter=           2
                     conver_load check
 resid=  0.424731602906294      retot=   529103927120420.     
 ratio1=  2.833262384787921E-008 ratio2=  8.341159154008390E-009
 nchek0=           0 toler_force=  1.000000000000000E-005
 nchek=           0
                    conver_nodal_value check
               Convergence check for displacement
 ratio1=  2.401118456025168E-005 ratio2=  3.815422981193171E-005
                            not converged for checki=           1
 iiter=           3
Begin forming various matrix       at 2026-09-02 16:01:03 
 ktsmat=           0
Begin solution global equation     at 2026-09-02 16:01:03 
                     istep=         127 iiter=           3
                     conver_load check
 resid=  6.067687573070122E-006 retot=   529103927120420.     
 ratio1=  1.070880752632062E-010 ratio2=  4.086765847472801E-011
 nchek0=           0 toler_force=  1.000000000000000E-005
 nchek=           0
                    conver_nodal_value check
               Convergence check for displacement
 ratio1=  1.475502301447525E-007 ratio2=  3.269135077591180E-007
 nchek=           0
 ***********RESTART FILE IS UPDATED!*******
 time: 16:00:59
 iblks=           1 iincs=           1 istep=         128
 outinp=           0
 iiter=           1
Begin forming various matrix       at 2026-09-02 16:01:03 
 ktsmat=           0
 ntelgroup=           0
Begin solution global equation     at 2026-09-02 16:01:03 
                     istep=         128 iiter=           1
                     conver_load check
 resid=   46722.3605966219      retot=   603896171598252.     
 ratio1=  8.795919585043173E-006 ratio2=  9.104099053301275E-006
 nchek0=           0 toler_force=  1.000000000000000E-005
 nchek=           0
                    conver_nodal_value check
               Convergence check for displacement
 ratio1=  8.933901865171420E-003 ratio2=  4.265234553847375E-002
                            not converged for checki=           1
 iiter=           2
Begin forming various matrix       at 2026-09-02 16:01:03 
 ktsmat=           0
Begin solution global equation     at 2026-09-02 16:01:03 
                     istep=         128 iiter=           2
                     conver_load check
 resid=  1.274000602194999E-002 retot=   603896171598252.     
 ratio1=  4.593076495418207E-009 ratio2=  1.481000196406887E-009
 nchek0=           0 toler_force=  1.000000000000000E-005
 nchek=           0
                    conver_nodal_value check
               Convergence check for displacement
 ratio1=  4.478046073780500E-006 ratio2=  5.160315242805346E-006
 nchek=           0
 ngvar in output=           7 nstre=           4
 ***********RESTART FILE IS UPDATED!*******
 time: 16:00:59
 iblks=           1 iincs=           1 istep=         129
 outinp=           0
 iiter=           1
Begin forming various matrix       at 2026-09-02 16:01:03 
 ktsmat=           0
 ntelgroup=           0
Begin solution global equation     at 2026-09-02 16:01:03 
                     istep=         129 iiter=           1
                     conver_load check
 resid=   128202.500459379      retot=   561803522197287.     
 ratio1=  1.510622743555395E-005 ratio2=  8.495841508773944E-006
 nchek0=           0 toler_force=  1.000000000000000E-005
 nchek=           1
 iiter=           2
Begin forming various matrix       at 2026-09-02 16:01:03 
 ktsmat=           0
Begin solution global equation     at 2026-09-02 16:01:03 
                     istep=         129 iiter=           2
                     conver_load check
 resid=  0.249472930307835      retot=   561803522197287.     
 ratio1=  2.107266607947361E-008 ratio2=  6.587077501688682E-009
 nchek0=           0 toler_force=  1.000000000000000E-005
 nchek=           0
                    conver_nodal_value check
               Convergence check for displacement
 ratio1=  1.668399289042185E-005 ratio2=  1.972316784201357E-005
                            not converged for checki=           1
 iiter=           3
Begin forming various matrix       at 2026-09-02 16:01:03 
 ktsmat=           0
Begin solution global equation     at 2026-09-02 16:01:03 
                     istep=         129 iiter=           3
                     conver_load check
 resid=  2.254904282149376E-006 retot=   561803522197287.     
 ratio1=  6.335367711197190E-011 ratio2=  1.898934556420338E-011
 nchek0=           0 toler_force=  1.000000000000000E-005
 nchek=           0
                    conver_nodal_value check
               Convergence check for displacement
 ratio1=  5.580203916148748E-008 ratio2=  5.685997538559115E-008
 nchek=           0
 ***********RESTART FILE IS UPDATED!*******
 time: 16:00:59
 iblks=           1 iincs=           1 istep=         130
 outinp=           0
 iiter=           1
Begin forming various matrix       at 2026-09-02 16:01:03 
 ktsmat=           0
 ntelgroup=           0
Begin solution global equation     at 2026-09-02 16:01:03 
                     istep=         130 iiter=           1
                     conver_load check
 resid=   61417.5571658236      retot=   403321954767327.     
 ratio1=  1.234014712716579E-005 ratio2=  1.287108134302352E-005
 nchek0=           0 toler_force=  1.000000000000000E-005
 nchek=           1
 iiter=           2
Begin forming various matrix       at 2026-09-02 16:01:03 
 ktsmat=           0
Begin solution global equation     at 2026-09-02 16:01:03 
                     istep=         130 iiter=           2
                     conver_load check
 resid=  3.763409242971576E-002 retot=   403321954767327.     
 ratio1=  9.659725647651566E-009 ratio2=  2.963505746328425E-009
 nchek0=           0 toler_force=  1.000000000000000E-005
 nchek=           0
                    conver_nodal_value check
               Convergence check for displacement
 ratio1=  1.449275125104620E-005 ratio2=  2.700297269113420E-005
                            not converged for checki=           1
 iiter=           3
Begin forming various matrix       at 2026-09-02 16:01:03 
 ktsmat=           0
Begin solution global equation     at 2026-09-02 16:01:03 
                     istep=         130 iiter=           3
                     conver_load check
 resid=  6.293241919808620E-007 retot=   403321954767327.     
 ratio1=  3.950129027754540E-011 ratio2=  1.725074869498526E-011
 nchek0=           0 toler_force=  1.000000000000000E-005
 nchek=           0
                    conver_nodal_value check
               Convergence check for displacement
 ratio1=  9.647953014528730E-008 ratio2=  2.057220608154886E-007
 nchek=           0
 ngvar in output=           7 nstre=           4
 ***********RESTART FILE IS UPDATED!*******
 time: 16:00:59
 iblks=           1 iincs=           1 istep=         131
 outinp=           0
 iiter=           1
Begin forming various matrix       at 2026-09-02 16:01:03 
 ktsmat=           0
 ntelgroup=           0
Begin solution global equation     at 2026-09-02 16:01:03 
                     istep=         131 iiter=           1
                     conver_load check
 resid=   277346.860391382      retot=   392942759662154.     
 ratio1=  2.656727318517885E-005 ratio2=  1.621337740399278E-005
 nchek0=           0 toler_force=  1.000000000000000E-005
 nchek=           1
 iiter=           2
Begin forming various matrix       at 2026-09-02 16:01:03 
 ktsmat=           0
Begin solution global equation     at 2026-09-02 16:01:03 
                     istep=         131 iiter=           2
                     conver_load check
 resid=  0.566539380399058      retot=   392942759662154.     
 ratio1=  3.797085760518430E-008 ratio2=  1.435163155962184E-008
 nchek0=           0 toler_force=  1.000000000000000E-005
 nchek=           0
                    conver_nodal_value check
               Convergence check for displacement
 ratio1=  3.110557012970551E-005 ratio2=  3.480552874793528E-005
                            not converged for checki=           1
 iiter=           3
Begin forming various matrix       at 2026-09-02 16:01:03 
 ktsmat=           0
Begin solution global equation     at 2026-09-02 16:01:03 
                     istep=         131 iiter=           3
                     conver_load check
 resid=  4.709285595568370E-006 retot=   392942759662154.     
 ratio1=  1.094744744853210E-010 ratio2=  3.846333496422428E-011
 nchek0=           0 toler_force=  1.000000000000000E-005
 nchek=           0
                    conver_nodal_value check
               Convergence check for displacement
 ratio1=  9.345948045342131E-008 ratio2=  9.328622887281613E-008
 nchek=           0
 ***********RESTART FILE IS UPDATED!*******
 time: 16:00:59
 iblks=           1 iincs=           1 istep=         132
 outinp=           0
 iiter=           1
Begin forming various matrix       at 2026-09-02 16:01:03 
 ktsmat=           0
 ntelgroup=           0
Begin solution global equation     at 2026-09-02 16:01:03 
                     istep=         132 iiter=           1
                     conver_load check
 resid=   66439.9135087538      retot=   470964401054535.     
 ratio1=  1.187737554962586E-005 ratio2=  7.928581595355468E-006
 nchek0=           0 toler_force=  1.000000000000000E-005
 nchek=           1
 iiter=           2
Begin forming various matrix       at 2026-09-02 16:01:03 
 ktsmat=           0
Begin solution global equation     at 2026-09-02 16:01:03 
                     istep=         132 iiter=           2
                     conver_load check
 resid=  5.350895177987811E-002 retot=   470964401054535.     
 ratio1=  1.065906673048801E-008 ratio2=  4.624557128520803E-009
 nchek0=           0 toler_force=  1.000000000000000E-005
 nchek=           0
                    conver_nodal_value check
               Convergence check for displacement
 ratio1=  1.122145809321091E-005 ratio2=  1.340000010828219E-005
                            not converged for checki=           1
 iiter=           3
Begin forming various matrix       at 2026-09-02 16:01:03 
 ktsmat=           0
Begin solution global equation     at 2026-09-02 16:01:03 
                     istep=         132 iiter=           3
                     conver_load check
 resid=  2.290345148154974E-007 retot=   470964401054535.     
 ratio1=  2.205242869403211E-011 ratio2=  8.578009391029395E-012
 nchek0=           0 toler_force=  1.000000000000000E-005
 nchek=           0
                    conver_nodal_value check
               Convergence check for displacement
 ratio1=  3.984181996470718E-008 ratio2=  8.206986567379120E-008
 nchek=           0
 ngvar in output=           7 nstre=           4
 ***********RESTART FILE IS UPDATED!*******
 time: 16:00:59
 iblks=           1 iincs=           1 istep=         133
 outinp=           0
 iiter=           1
Begin forming various matrix       at 2026-09-02 16:01:03 
 ktsmat=           0
 ntelgroup=           0
Begin solution global equation     at 2026-09-02 16:01:03 
                     istep=         133 iiter=           1
                     conver_load check
 resid=   43507.3764161775      retot=   511115416085934.     
 ratio1=  9.226180726807427E-006 ratio2=  7.265729294880166E-006
 nchek0=           0 toler_force=  1.000000000000000E-005
 nchek=           0
                    conver_nodal_value check
               Convergence check for displacement
 ratio1=  1.217635773967226E-002 ratio2=  4.852085605685998E-002
                            not converged for checki=           1
 iiter=           2
Begin forming various matrix       at 2026-09-02 16:01:03 
 ktsmat=           0
Begin solution global equation     at 2026-09-02 16:01:03 
                     istep=         133 iiter=           2
                     conver_load check
 resid=  1.278893853199140E-002 retot=   511115416085934.     
 ratio1=  5.002162083207273E-009 ratio2=  1.789470955052886E-009
 nchek0=           0 toler_force=  1.000000000000000E-005
 nchek=           0
                    conver_nodal_value check
               Convergence check for displacement
 ratio1=  5.409546768905428E-006 ratio2=  6.553010170040484E-006
 nchek=           0
 ***********RESTART FILE IS UPDATED!*******
 time: 16:00:59
 iblks=           1 iincs=           1 istep=         134
 outinp=           0
 iiter=           1
Begin forming various matrix       at 2026-09-02 16:01:04 
 ktsmat=           0
 ntelgroup=           0
Begin solution global equation     at 2026-09-02 16:01:04 
                     istep=         134 iiter=           1
                     conver_load check
 resid=   135517.412812894      retot=   698804651161049.     
 ratio1=  1.392578409077847E-005 ratio2=  7.505232914740941E-006
 nchek0=           0 toler_force=  1.000000000000000E-005
 nchek=           1
 iiter=           2
Begin forming various matrix       at 2026-09-02 16:01:04 
 ktsmat=           0
Begin solution global equation     at 2026-09-02 16:01:04 
                     istep=         134 iiter=           2
                     conver_load check
 resid=  0.386297501124730      retot=   698804651161049.     
 ratio1=  2.351164717562576E-008 ratio2=  8.111050440667141E-009
 nchek0=           0 toler_force=  1.000000000000000E-005
 nchek=           0
                    conver_nodal_value check
               Convergence check for displacement
 ratio1=  4.165645625068037E-005 ratio2=  6.777336712165221E-005
                            not converged for checki=           1
 iiter=           3
Begin forming various matrix       at 2026-09-02 16:01:04 
 ktsmat=           0
Begin solution global equation     at 2026-09-02 16:01:04 
                     istep=         134 iiter=           3
                     conver_load check
 resid=  6.998742965090485E-006 retot=   698804651161049.     
 ratio1=  1.000765046668174E-010 ratio2=  4.340793358820227E-011
 nchek0=           0 toler_force=  1.000000000000000E-005
 nchek=           0
                    conver_nodal_value check
               Convergence check for displacement
 ratio1=  2.784884007230666E-007 ratio2=  5.539233186084266E-007
 nchek=           0
 ngvar in output=           7 nstre=           4
 ***********RESTART FILE IS UPDATED!*******
 time: 16:00:59
 iblks=           1 iincs=           1 istep=         135
 outinp=           0
 iiter=           1
Begin forming various matrix       at 2026-09-02 16:01:04 
 ktsmat=           0
 ntelgroup=           0
Begin solution global equation     at 2026-09-02 16:01:04 
                     istep=         135 iiter=           1
                     conver_load check
 resid=   34143.3913671857      retot=  1.226800349114642E+015
 ratio1=  5.275533469091823E-006 ratio2=  4.532342816555425E-006
 nchek0=           0 toler_force=  1.000000000000000E-005
 nchek=           0
                    conver_nodal_value check
               Convergence check for displacement
 ratio1=  8.609220605405445E-003 ratio2=  2.752266556772893E-002
                            not converged for checki=           1
 iiter=           2
Begin forming various matrix       at 2026-09-02 16:01:04 
 ktsmat=           0
Begin solution global equation     at 2026-09-02 16:01:04 
                     istep=         135 iiter=           2
                     conver_load check
 resid=  5.976936395301483E-002 retot=  1.226800349114642E+015
 ratio1=  6.979950965057547E-009 ratio2=  2.552476708590350E-009
 nchek0=           0 toler_force=  1.000000000000000E-005
 nchek=           0
                    conver_nodal_value check
               Convergence check for displacement
 ratio1=  2.155140808935824E-005 ratio2=  3.755353560955195E-005
                            not converged for checki=           1
 iiter=           3
Begin forming various matrix       at 2026-09-02 16:01:04 
 ktsmat=           0
Begin solution global equation     at 2026-09-02 16:01:04 
                     istep=         135 iiter=           3
                     conver_load check
 resid=  1.510488707889028E-006 retot=  1.226800349114642E+015
 ratio1=  3.508906500490381E-011 ratio2=  1.445673324561700E-011
 nchek0=           0 toler_force=  1.000000000000000E-005
 nchek=           0
                    conver_nodal_value check
               Convergence check for displacement
 ratio1=  1.469055438428570E-007 ratio2=  2.780299668573536E-007
 nchek=           0
 ***********RESTART FILE IS UPDATED!*******
 time: 16:00:59
 iblks=           1 iincs=           1 istep=         136
 outinp=           0
 iiter=           1
Begin forming various matrix       at 2026-09-02 16:01:04 
 ktsmat=           0
 ntelgroup=           0
Begin solution global equation     at 2026-09-02 16:01:04 
                     istep=         136 iiter=           1
                     conver_load check
 resid=   393756.154616376      retot=  1.659045627369745E+015
 ratio1=  1.540580911439074E-005 ratio2=  7.886676974159814E-006
 nchek0=           0 toler_force=  1.000000000000000E-005
 nchek=           1
 iiter=           2
Begin forming various matrix       at 2026-09-02 16:01:04 
 ktsmat=           0
Begin solution global equation     at 2026-09-02 16:01:04 
                     istep=         136 iiter=           2
                     conver_load check
 resid=  0.943229212037182      retot=  1.659045627369745E+015
 ratio1=  2.384401883037924E-008 ratio2=  7.730215790295944E-009
 nchek0=           0 toler_force=  1.000000000000000E-005
 nchek=           0
                    conver_nodal_value check
               Convergence check for displacement
 ratio1=  3.551314117250445E-005 ratio2=  4.265886719870323E-005
                            not converged for checki=           1
 iiter=           3
Begin forming various matrix       at 2026-09-02 16:01:04 
 ktsmat=           0
Begin solution global equation     at 2026-09-02 16:01:04 
                     istep=         136 iiter=           3
                     conver_load check
 resid=  6.901967445512528E-006 retot=  1.659045627369745E+015
 ratio1=  6.449963962671647E-011 ratio2=  1.932363069434058E-011
 nchek0=           0 toler_force=  1.000000000000000E-005
 nchek=           0
                    conver_nodal_value check
               Convergence check for displacement
 ratio1=  1.383574405683564E-007 ratio2=  2.263096034418915E-007
 nchek=           0
 ngvar in output=           7 nstre=           4
 ***********RESTART FILE IS UPDATED!*******
 time: 16:00:59
 iblks=           1 iincs=           1 istep=         137
 outinp=           0
 iiter=           1
Begin forming various matrix       at 2026-09-02 16:01:04 
 ktsmat=           0
 ntelgroup=           0
Begin solution global equation     at 2026-09-02 16:01:04 
                     istep=         137 iiter=           1
                     conver_load check
 resid=   53499.6493481597      retot=  1.799750836626847E+015
 ratio1=  5.452168580483904E-006 ratio2=  4.856521018603138E-006
 nchek0=           0 toler_force=  1.000000000000000E-005
 nchek=           0
                    conver_nodal_value check
               Convergence check for displacement
 ratio1=  6.924485254939965E-003 ratio2=  1.862115796339152E-002
                            not converged for checki=           1
 iiter=           2
Begin forming various matrix       at 2026-09-02 16:01:04 
 ktsmat=           0
Begin solution global equation     at 2026-09-02 16:01:04 
                     istep=         137 iiter=           2
                     conver_load check
 resid=  4.514606297754115E-002 retot=  1.799750836626847E+015
 ratio1=  5.008454693242855E-009 ratio2=  1.789792252587790E-009
 nchek0=           0 toler_force=  1.000000000000000E-005
 nchek=           0
                    conver_nodal_value check
               Convergence check for displacement
 ratio1=  6.791706539454936E-006 ratio2=  8.211124973893565E-006
 nchek=           0
 ***********RESTART FILE IS UPDATED!*******
 time: 16:00:59
 iblks=           1 iincs=           1 istep=         138
 outinp=           0
 iiter=           1
Begin forming various matrix       at 2026-09-02 16:01:04 
 ktsmat=           0
 ntelgroup=           0
Begin solution global equation     at 2026-09-02 16:01:04 
                     istep=         138 iiter=           1
                     conver_load check
 resid=   75358.6306881206      retot=  1.790765897817589E+015
 ratio1=  6.487047702820143E-006 ratio2=  4.439867335036369E-006
 nchek0=           0 toler_force=  1.000000000000000E-005
 nchek=           0
                    conver_nodal_value check
               Convergence check for displacement
 ratio1=  6.668015724977384E-003 ratio2=  1.490167377749458E-002
                            not converged for checki=           1
 iiter=           2
Begin forming various matrix       at 2026-09-02 16:01:04 
 ktsmat=           0
Begin solution global equation     at 2026-09-02 16:01:04 
                     istep=         138 iiter=           2
                     conver_load check
 resid=  9.340150827127612E-002 retot=  1.790765897817589E+015
 ratio1=  7.222000879975407E-009 ratio2=  2.520422248115202E-009
 nchek0=           0 toler_force=  1.000000000000000E-005
 nchek=           0
                    conver_nodal_value check
               Convergence check for displacement
 ratio1=  6.495260206421729E-006 ratio2=  5.822919847009989E-006
 nchek=           0
 ngvar in output=           7 nstre=           4
 ***********RESTART FILE IS UPDATED!*******
 time: 16:00:59
 iblks=           1 iincs=           1 istep=         139
 outinp=           0
 iiter=           1
Begin forming various matrix       at 2026-09-02 16:01:04 
 ktsmat=           0
 ntelgroup=           0
Begin solution global equation     at 2026-09-02 16:01:04 
                     istep=         139 iiter=           1
                     conver_load check
 resid=   303873.951499275      retot=  1.962468344395816E+015
 ratio1=  1.244358178798736E-005 ratio2=  7.053283101912494E-006
 nchek0=           0 toler_force=  1.000000000000000E-005
 nchek=           1
 iiter=           2
Begin forming various matrix       at 2026-09-02 16:01:04 
 ktsmat=           0
Begin solution global equation     at 2026-09-02 16:01:04 
                     istep=         139 iiter=           2
                     conver_load check
 resid=  0.770941996464455      retot=  1.962468344395816E+015
 ratio1=  1.982026797877403E-008 ratio2=  7.696451177790316E-009
 nchek0=           0 toler_force=  1.000000000000000E-005
 nchek=           0
                    conver_nodal_value check
               Convergence check for displacement
 ratio1=  1.789035674207548E-005 ratio2=  1.779709269122039E-005
                            not converged for checki=           1
 iiter=           3
Begin forming various matrix       at 2026-09-02 16:01:04 
 ktsmat=           0
Begin solution global equation     at 2026-09-02 16:01:04 
                     istep=         139 iiter=           3
                     conver_load check
 resid=  5.631953453142823E-006 retot=  1.962468344395816E+015
 ratio1=  5.357080819006122E-011 ratio2=  1.974367365359990E-011
 nchek0=           0 toler_force=  1.000000000000000E-005
 nchek=           0
                    conver_nodal_value check
               Convergence check for displacement
 ratio1=  6.012617282117936E-008 ratio2=  8.583297523591953E-008
 nchek=           0
 ***********RESTART FILE IS UPDATED!*******
 time: 16:00:59
 iblks=           1 iincs=           1 istep=         140
 outinp=           0
 iiter=           1
Begin forming various matrix       at 2026-09-02 16:01:04 
 ktsmat=           0
 ntelgroup=           0
Begin solution global equation     at 2026-09-02 16:01:04 
                     istep=         140 iiter=           1
                     conver_load check
 resid=   87854.9093866948      retot=  2.370750810681947E+015
 ratio1=  6.087515271311814E-006 ratio2=  3.604999663062925E-006
 nchek0=           0 toler_force=  1.000000000000000E-005
 nchek=           0
                    conver_nodal_value check
               Convergence check for displacement
 ratio1=  5.283802846348237E-003 ratio2=  1.095107275162681E-002
                            not converged for checki=           1
 iiter=           2
Begin forming various matrix       at 2026-09-02 16:01:04 
 ktsmat=           0
Begin solution global equation     at 2026-09-02 16:01:04 
                     istep=         140 iiter=           2
                     conver_load check
 resid=  0.155733694968281      retot=  2.370750810681947E+015
 ratio1=  8.104912676701248E-009 ratio2=  2.963713113710261E-009
 nchek0=           0 toler_force=  1.000000000000000E-005
 nchek=           0
                    conver_nodal_value check
               Convergence check for displacement
 ratio1=  9.382831518677255E-006 ratio2=  1.319011607669084E-005
                            not converged for checki=           1
 iiter=           3
Begin forming various matrix       at 2026-09-02 16:01:04 
 ktsmat=           0
Begin solution global equation     at 2026-09-02 16:01:04 
                     istep=         140 iiter=           3
                     conver_load check
 resid=  2.332744722893359E-006 retot=  2.370750810681947E+015
 ratio1=  3.136827624688848E-011 ratio2=  1.527521039077376E-011
 nchek0=           0 toler_force=  1.000000000000000E-005
 nchek=           0
                    conver_nodal_value check
               Convergence check for displacement
 ratio1=  6.034275357536883E-008 ratio2=  1.074632386455227E-007
 nchek=           0
 ngvar in output=           7 nstre=           4
 ***********RESTART FILE IS UPDATED!*******
 time: 16:00:59
 iblks=           1 iincs=           1 istep=         141
 outinp=           0
 iiter=           1
Begin forming various matrix       at 2026-09-02 16:01:04 
 ktsmat=           0
 ntelgroup=           0
Begin solution global equation     at 2026-09-02 16:01:04 
                     istep=         141 iiter=           1
                     conver_load check
 resid=   172059.008534154      retot=  2.945314817758616E+015
 ratio1=  7.643158165379878E-006 ratio2=  4.180382597691837E-006
 nchek0=           0 toler_force=  1.000000000000000E-005
 nchek=           0
                    conver_nodal_value check
               Convergence check for displacement
 ratio1=  6.129466069100163E-003 ratio2=  1.147351715066518E-002
                            not converged for checki=           1
 iiter=           2
Begin forming various matrix       at 2026-09-02 16:01:04 
 ktsmat=           0
Begin solution global equation     at 2026-09-02 16:01:04 
                     istep=         141 iiter=           2
                     conver_load check
 resid=  0.247417989705696      retot=  2.945314817758616E+015
 ratio1=  9.165365229463461E-009 ratio2=  3.752583205751412E-009
 nchek0=           0 toler_force=  1.000000000000000E-005
 nchek=           0
                    conver_nodal_value check
               Convergence check for displacement
 ratio1=  7.220626898291795E-006 ratio2=  7.800534657047166E-006
 nchek=           0
 ***********RESTART FILE IS UPDATED!*******
 time: 16:00:59
 iblks=           1 iincs=           1 istep=         142
 outinp=           0
 iiter=           1
Begin forming various matrix       at 2026-09-02 16:01:04 
 ktsmat=           0
 ntelgroup=           0
Begin solution global equation     at 2026-09-02 16:01:04 
                     istep=         142 iiter=           1
                     conver_load check
 resid=   690858.818154135      retot=  3.285981692892368E+015
 ratio1=  1.449980236940676E-005 ratio2=  8.403053075392138E-006
 nchek0=           0 toler_force=  1.000000000000000E-005
 nchek=           1
 iiter=           2
Begin forming various matrix       at 2026-09-02 16:01:04 
 ktsmat=           0
Begin solution global equation     at 2026-09-02 16:01:04 
                     istep=         142 iiter=           2
                     conver_load check
 resid=   1.86812479944813      retot=  3.285981692892368E+015
 ratio1=  2.384352015163185E-008 ratio2=  9.279255417847271E-009
 nchek0=           0 toler_force=  1.000000000000000E-005
 nchek=           0
                    conver_nodal_value check
               Convergence check for displacement
 ratio1=  1.592382161111865E-005 ratio2=  1.854477384401412E-005
                            not converged for checki=           1
 iiter=           3
Begin forming various matrix       at 2026-09-02 16:01:04 
 ktsmat=           0
Begin solution global equation     at 2026-09-02 16:01:04 
                     istep=         142 iiter=           3
                     conver_load check
 resid=  1.642353082959517E-005 retot=  3.285981692892368E+015
 ratio1=  7.069695282435696E-011 ratio2=  2.572354804191483E-011
 nchek0=           0 toler_force=  1.000000000000000E-005
 nchek=           0
                    conver_nodal_value check
               Convergence check for displacement
 ratio1=  5.376546757584976E-008 ratio2=  5.140771504842069E-008
 nchek=           0
 ngvar in output=           7 nstre=           4
 ***********RESTART FILE IS UPDATED!*******
 time: 16:00:59
 iblks=           1 iincs=           1 istep=         143
 outinp=           0
 iiter=           1
Begin forming various matrix       at 2026-09-02 16:01:04 
 ktsmat=           0
 ntelgroup=           0
Begin solution global equation     at 2026-09-02 16:01:04 
                     istep=         143 iiter=           1
                     conver_load check
 resid=   477842.594310477      retot=  3.551021504894823E+015
 ratio1=  1.160020805642792E-005 ratio2=  7.689651449766019E-006
 nchek0=           0 toler_force=  1.000000000000000E-005
 nchek=           1
 iiter=           2
Begin forming various matrix       at 2026-09-02 16:01:04 
 ktsmat=           0
Begin solution global equation     at 2026-09-02 16:01:04 
                     istep=         143 iiter=           2
                     conver_load check
 resid=  0.881197598031966      retot=  3.551021504894823E+015
 ratio1=  1.575288132152843E-008 ratio2=  6.762887745034937E-009
 nchek0=           0 toler_force=  1.000000000000000E-005
 nchek=           0
                    conver_nodal_value check
               Convergence check for displacement
 ratio1=  1.040301429195953E-005 ratio2=  1.254141803675132E-005
                            not converged for checki=           1
 iiter=           3
Begin forming various matrix       at 2026-09-02 16:01:04 
 ktsmat=           0
Begin solution global equation     at 2026-09-02 16:01:04 
                     istep=         143 iiter=           3
                     conver_load check
 resid=  6.490140264625539E-006 retot=  3.551021504894823E+015
 ratio1=  4.275140481305906E-011 ratio2=  1.651512896775725E-011
 nchek0=           0 toler_force=  1.000000000000000E-005
 nchek=           0
                    conver_nodal_value check
               Convergence check for displacement
 ratio1=  3.113575259695942E-008 ratio2=  3.991573640970967E-008
 nchek=           0
 ***********RESTART FILE IS UPDATED!*******
 time: 16:00:59
 iblks=           1 iincs=           1 istep=         144
 outinp=           0
 iiter=           1
Begin forming various matrix       at 2026-09-02 16:01:04 
 ktsmat=           0
 ntelgroup=           0
Begin solution global equation     at 2026-09-02 16:01:04 
                     istep=         144 iiter=           1
                     conver_load check
 resid=   627812.128905077      retot=  3.780001407120940E+015
 ratio1=  1.288750569205764E-005 ratio2=  6.912315138498657E-006
 nchek0=           0 toler_force=  1.000000000000000E-005
 nchek=           1
 iiter=           2
Begin forming various matrix       at 2026-09-02 16:01:04 
 ktsmat=           0
Begin solution global equation     at 2026-09-02 16:01:04 
                     istep=         144 iiter=           2
                     conver_load check
 resid=   1.68476066618467      retot=  3.780001407120940E+015
 ratio1=  2.111169614284808E-008 ratio2=  7.975305294577022E-009
 nchek0=           0 toler_force=  1.000000000000000E-005
 nchek=           0
                    conver_nodal_value check
               Convergence check for displacement
 ratio1=  1.254921892152888E-005 ratio2=  1.526784124748136E-005
                            not converged for checki=           1
 iiter=           3
Begin forming various matrix       at 2026-09-02 16:01:04 
 ktsmat=           0
Begin solution global equation     at 2026-09-02 16:01:04 
                     istep=         144 iiter=           3
                     conver_load check
 resid=  1.316149618662313E-005 retot=  3.780001407120940E+015
 ratio1=  5.900742327796921E-011 ratio2=  2.147102869593663E-011
 nchek0=           0 toler_force=  1.000000000000000E-005
 nchek=           0
                    conver_nodal_value check
               Convergence check for displacement
 ratio1=  3.677430691400325E-008 ratio2=  4.110380640636738E-008
 nchek=           0
 ngvar in output=           7 nstre=           4
 ***********RESTART FILE IS UPDATED!*******
 time: 16:00:59
 iblks=           1 iincs=           1 istep=         145
 outinp=           0
 iiter=           1
Begin forming various matrix       at 2026-09-02 16:01:04 
 ktsmat=           0
 ntelgroup=           0
Begin solution global equation     at 2026-09-02 16:01:04 
                     istep=         145 iiter=           1
                     conver_load check
 resid=   908280.194843545      retot=  4.114613586734720E+015
 ratio1=  1.485748821042459E-005 ratio2=  7.848922636715390E-006
 nchek0=           0 toler_force=  1.000000000000000E-005
 nchek=           1
 iiter=           2
Begin forming various matrix       at 2026-09-02 16:01:04 
 ktsmat=           0
Begin solution global equation     at 2026-09-02 16:01:04 
                     istep=         145 iiter=           2
                     conver_load check
 resid=   2.09059614188619      retot=  4.114613586734720E+015
 ratio1=  2.254086325665469E-008 ratio2=  7.479622438952592E-009
 nchek0=           0 toler_force=  1.000000000000000E-005
 nchek=           0
                    conver_nodal_value check
               Convergence check for displacement
 ratio1=  1.267079873883355E-005 ratio2=  1.644402452597433E-005
                            not converged for checki=           1
 iiter=           3
Begin forming various matrix       at 2026-09-02 16:01:04 
 ktsmat=           0
Begin solution global equation     at 2026-09-02 16:01:04 
                     istep=         145 iiter=           3
                     conver_load check
 resid=  2.113825953191677E-005 retot=  4.114613586734720E+015
 ratio1=  7.167539334639207E-011 ratio2=  2.373367877982004E-011
 nchek0=           0 toler_force=  1.000000000000000E-005
 nchek=           0
                    conver_nodal_value check
               Convergence check for displacement
 ratio1=  5.727869519871337E-008 ratio2=  9.676608488974834E-008
 nchek=           0
 ***********RESTART FILE IS UPDATED!*******
 time: 16:00:59
 iblks=           1 iincs=           1 istep=         146
 outinp=           0
 iiter=           1
Begin forming various matrix       at 2026-09-02 16:01:04 
 ktsmat=           0
 ntelgroup=           0
Begin solution global equation     at 2026-09-02 16:01:04 
                     istep=         146 iiter=           1
                     conver_load check
 resid=   219015.433111870      retot=  4.797522866343995E+015
 ratio1=  6.756609706111975E-006 ratio2=  3.629547933244488E-006
 nchek0=           0 toler_force=  1.000000000000000E-005
 nchek=           0
                    conver_nodal_value check
               Convergence check for displacement
 ratio1=  3.979869513058291E-003 ratio2=  1.001419657328614E-002
                            not converged for checki=           1
 iiter=           2
Begin forming various matrix       at 2026-09-02 16:01:04 
 ktsmat=           0
Begin solution global equation     at 2026-09-02 16:01:04 
                     istep=         146 iiter=           2
                     conver_load check
 resid=  0.269961429996341      retot=  4.797522866343995E+015
 ratio1=  7.501400158123669E-009 ratio2=  2.845825617456043E-009
 nchek0=           0 toler_force=  1.000000000000000E-005
 nchek=           0
                    conver_nodal_value check
               Convergence check for displacement
 ratio1=  4.665014484334497E-006 ratio2=  7.423752654789608E-006
 nchek=           0
 ngvar in output=           7 nstre=           4
 ***********RESTART FILE IS UPDATED!*******
 time: 16:00:59
 iblks=           1 iincs=           1 istep=         147
 outinp=           0
 iiter=           1
Begin forming various matrix       at 2026-09-02 16:01:04 
 ktsmat=           0
 ntelgroup=           0
Begin solution global equation     at 2026-09-02 16:01:04 
                     istep=         147 iiter=           1
                     conver_load check
 resid=   139991.999332856      retot=  5.568138689045235E+015
 ratio1=  5.014141504412313E-006 ratio2=  2.679680572860951E-006
 nchek0=           0 toler_force=  1.000000000000000E-005
 nchek=           0
                    conver_nodal_value check
               Convergence check for displacement
 ratio1=  2.888050808432226E-003 ratio2=  8.296912156058642E-003
                            not converged for checki=           1
 iiter=           2
Begin forming various matrix       at 2026-09-02 16:01:04 
 ktsmat=           0
Begin solution global equation     at 2026-09-02 16:01:04 
                     istep=         147 iiter=           2
                     conver_load check
 resid=  0.310878057777478      retot=  5.568138689045235E+015
 ratio1=  7.472054192004090E-009 ratio2=  2.696377850340928E-009
 nchek0=           0 toler_force=  1.000000000000000E-005
 nchek=           0
                    conver_nodal_value check
               Convergence check for displacement
 ratio1=  4.582579490844301E-006 ratio2=  7.355853500346187E-006
 nchek=           0
 ***********RESTART FILE IS UPDATED!*******
 time: 16:00:59
 iblks=           1 iincs=           1 istep=         148
 outinp=           0
 iiter=           1
Begin forming various matrix       at 2026-09-02 16:01:04 
 ktsmat=           0
 ntelgroup=           0
Begin solution global equation     at 2026-09-02 16:01:04 
                     istep=         148 iiter=           1
                     conver_load check
 resid=   1246615.17534031      retot=  5.833761622545554E+015
 ratio1=  1.461813152600377E-005 ratio2=  7.936817030117805E-006
 nchek0=           0 toler_force=  1.000000000000000E-005
 nchek=           1
 iiter=           2
Begin forming various matrix       at 2026-09-02 16:01:04 
 ktsmat=           0
Begin solution global equation     at 2026-09-02 16:01:04 
                     istep=         148 iiter=           2
                     conver_load check
 resid=   3.22086892756092      retot=  5.833761622545554E+015
 ratio1=  2.349698752294925E-008 ratio2=  7.863359685795944E-009
 nchek0=           0 toler_force=  1.000000000000000E-005
 nchek=           0
                    conver_nodal_value check
               Convergence check for displacement
 ratio1=  1.206817516867738E-005 ratio2=  1.660111025754664E-005
                            not converged for checki=           1
 iiter=           3
Begin forming various matrix       at 2026-09-02 16:01:04 
 ktsmat=           0
Begin solution global equation     at 2026-09-02 16:01:04 
                     istep=         148 iiter=           3
                     conver_load check
 resid=  3.388748902727627E-005 retot=  5.833761622545554E+015
 ratio1=  7.621586016760001E-011 ratio2=  2.668641100659132E-011
 nchek0=           0 toler_force=  1.000000000000000E-005
 nchek=           0
                    conver_nodal_value check
               Convergence check for displacement
 ratio1=  5.535492027722047E-008 ratio2=  1.028754654042295E-007
 nchek=           0
 ngvar in output=           7 nstre=           4
 ***********RESTART FILE IS UPDATED!*******
 time: 16:00:59
 iblks=           1 iincs=           1 istep=         149
 outinp=           0
 iiter=           1
Begin forming various matrix       at 2026-09-02 16:01:04 
 ktsmat=           0
 ntelgroup=           0
Begin solution global equation     at 2026-09-02 16:01:04 
                     istep=         149 iiter=           1
                     conver_load check
 resid=   1101570.36586972      retot=  6.015331944532211E+015
 ratio1=  1.353244663237442E-005 ratio2=  7.311059438923796E-006
 nchek0=           0 toler_force=  1.000000000000000E-005
 nchek=           1
 iiter=           2
Begin forming various matrix       at 2026-09-02 16:01:04 
 ktsmat=           0
Begin solution global equation     at 2026-09-02 16:01:04 
                     istep=         149 iiter=           2
                     conver_load check
 resid=   2.13450297012809      retot=  6.015331944532211E+015
 ratio1=  1.883729689282524E-008 ratio2=  6.864201446700426E-009
 nchek0=           0 toler_force=  1.000000000000000E-005
 nchek=           0
                    conver_nodal_value check
               Convergence check for displacement
 ratio1=  9.175717998775814E-006 ratio2=  1.417778466691867E-005
                            not converged for checki=           1
 iiter=           3
Begin forming various matrix       at 2026-09-02 16:01:04 
 ktsmat=           0
Begin solution global equation     at 2026-09-02 16:01:04 
                     istep=         149 iiter=           3
                     conver_load check
 resid=  1.530466536961500E-005 retot=  6.015331944532211E+015
 ratio1=  5.044081791135336E-011 ratio2=  1.659354142567387E-011
 nchek0=           0 toler_force=  1.000000000000000E-005
 nchek=           0
                    conver_nodal_value check
               Convergence check for displacement
 ratio1=  2.716597778878640E-008 ratio2=  4.434452769876869E-008
 nchek=           0
 ***********RESTART FILE IS UPDATED!*******
 time: 16:00:59
 iblks=           1 iincs=           1 istep=         150
 outinp=           0
 iiter=           1
Begin forming various matrix       at 2026-09-02 16:01:04 
 ktsmat=           0
 ntelgroup=           0
Begin solution global equation     at 2026-09-02 16:01:04 
                     istep=         150 iiter=           1
                     conver_load check
 resid=   513113.036080610      retot=  6.387650048301740E+015
 ratio1=  8.962640291570100E-006 ratio2=  4.380002643785001E-006
 nchek0=           0 toler_force=  1.000000000000000E-005
 nchek=           0
                    conver_nodal_value check
               Convergence check for displacement
 ratio1=  4.224619649339594E-003 ratio2=  1.063442344955550E-002
                            not converged for checki=           1
 iiter=           2
Begin forming various matrix       at 2026-09-02 16:01:04 
 ktsmat=           0
Begin solution global equation     at 2026-09-02 16:01:04 
                     istep=         150 iiter=           2
                     conver_load check
 resid=   1.22020667378324      retot=  6.387650048301740E+015
 ratio1=  1.382121237991875E-008 ratio2=  4.560765740453625E-009
 nchek0=           0 toler_force=  1.000000000000000E-005
 nchek=           0
                    conver_nodal_value check
               Convergence check for displacement
 ratio1=  6.069000112434495E-006 ratio2=  9.807124059808007E-006
 nchek=           0
 ngvar in output=           7 nstre=           4
 ***********RESTART FILE IS UPDATED!*******
 time: 16:00:59
 iblks=           1 iincs=           1 istep=         151
 outinp=           0
 iiter=           1
Begin forming various matrix       at 2026-09-02 16:01:04 
 ktsmat=           0
 ntelgroup=           0
Begin solution global equation     at 2026-09-02 16:01:04 
                     istep=         151 iiter=           1
                     conver_load check
 resid=   794984.301436504      retot=  6.857546205742376E+015
 ratio1=  1.076700476105024E-005 ratio2=  5.528879586418153E-006
 nchek0=           0 toler_force=  1.000000000000000E-005
 nchek=           1
 iiter=           2
Begin forming various matrix       at 2026-09-02 16:01:04 
 ktsmat=           0
Begin solution global equation     at 2026-09-02 16:01:04 
                     istep=         151 iiter=           2
                     conver_load check
 resid=   1.61049278591374      retot=  6.857546205742376E+015
 ratio1=  1.532480724271445E-008 ratio2=  5.176022402396691E-009
 nchek0=           0 toler_force=  1.000000000000000E-005
 nchek=           0
                    conver_nodal_value check
               Convergence check for displacement
 ratio1=  6.542156637854879E-006 ratio2=  1.116229561824120E-005
                            not converged for checki=           1
 iiter=           3
Begin forming various matrix       at 2026-09-02 16:01:04 
 ktsmat=           0
Begin solution global equation     at 2026-09-02 16:01:04 
                     istep=         151 iiter=           3
                     conver_load check
 resid=  1.440463729261018E-005 retot=  6.857546205742376E+015
 ratio1=  4.583178715497391E-011 ratio2=  1.390814295114902E-011
 nchek0=           0 toler_force=  1.000000000000000E-005
 nchek=           0
                    conver_nodal_value check
               Convergence check for displacement
 ratio1=  2.362743263988830E-008 ratio2=  3.108151944926938E-008
 nchek=           0
 ***********RESTART FILE IS UPDATED!*******
 time: 16:00:59
 iblks=           1 iincs=           1 istep=         152
 outinp=           0
 iiter=           1
Begin forming various matrix       at 2026-09-02 16:01:04 
 ktsmat=           0
 ntelgroup=           0
Begin solution global equation     at 2026-09-02 16:01:04 
                     istep=         152 iiter=           1
                     conver_load check
 resid=   678695.617232574      retot=  7.351511955464412E+015
 ratio1=  9.608358270964055E-006 ratio2=  5.109874269812348E-006
 nchek0=           0 toler_force=  1.000000000000000E-005
 nchek=           0
                    conver_nodal_value check
               Convergence check for displacement
 ratio1=  4.286690661898173E-003 ratio2=  1.068441625502411E-002
                            not converged for checki=           1
 iiter=           2
Begin forming various matrix       at 2026-09-02 16:01:04 
 ktsmat=           0
Begin solution global equation     at 2026-09-02 16:01:04 
                     istep=         152 iiter=           2
                     conver_load check
 resid=   1.42384016338407      retot=  7.351511955464412E+015
 ratio1=  1.391689292082794E-008 ratio2=  4.952373381746102E-009
 nchek0=           0 toler_force=  1.000000000000000E-005
 nchek=           0
                    conver_nodal_value check
               Convergence check for displacement
 ratio1=  5.779575011412822E-006 ratio2=  1.022268881694065E-005
                            not converged for checki=           1
 iiter=           3
Begin forming various matrix       at 2026-09-02 16:01:04 
 ktsmat=           0
Begin solution global equation     at 2026-09-02 16:01:04 
                     istep=         152 iiter=           3
                     conver_load check
 resid=  1.270266104455358E-005 retot=  7.351511955464412E+015
 ratio1=  4.156798961408660E-011 ratio2=  1.320467220391406E-011
 nchek0=           0 toler_force=  1.000000000000000E-005
 nchek=           0
                    conver_nodal_value check
               Convergence check for displacement
 ratio1=  2.116881495089356E-008 ratio2=  3.012631854230391E-008
 nchek=           0
 ngvar in output=           7 nstre=           4
 ***********RESTART FILE IS UPDATED!*******
 time: 16:00:59
 iblks=           1 iincs=           1 istep=         153
 outinp=           0
 iiter=           1
Begin forming various matrix       at 2026-09-02 16:01:04 
 ktsmat=           0
 ntelgroup=           0
Begin solution global equation     at 2026-09-02 16:01:04 
                     istep=         153 iiter=           1
                     conver_load check
 resid=   286191.766576829      retot=  7.642712857224715E+015
 ratio1=  6.119342990264275E-006 ratio2=  3.212324813254933E-006
 nchek0=           0 toler_force=  1.000000000000000E-005
 nchek=           0
                    conver_nodal_value check
               Convergence check for displacement
 ratio1=  2.739397323116432E-003 ratio2=  8.626444731561536E-003
                            not converged for checki=           1
 iiter=           2
Begin forming various matrix       at 2026-09-02 16:01:04 
 ktsmat=           0
Begin solution global equation     at 2026-09-02 16:01:04 
                     istep=         153 iiter=           2
                     conver_load check
 resid=  0.447443675917019      retot=  7.642712857224715E+015
 ratio1=  7.651479439102044E-009 ratio2=  2.783484111920248E-009
 nchek0=           0 toler_force=  1.000000000000000E-005
 nchek=           0
                    conver_nodal_value check
               Convergence check for displacement
 ratio1=  3.569885342688463E-006 ratio2=  6.692513399590167E-006
 nchek=           0
 ***********RESTART FILE IS UPDATED!*******
 time: 16:00:59
 iblks=           1 iincs=           1 istep=         154
 outinp=           0
 iiter=           1
Begin forming various matrix       at 2026-09-02 16:01:04 
 ktsmat=           0
 ntelgroup=           0
Begin solution global equation     at 2026-09-02 16:01:04 
                     istep=         154 iiter=           1
                     conver_load check
 resid=   220804.958079307      retot=  7.856170980113531E+015
 ratio1=  5.301502214347753E-006 ratio2=  3.166652181718695E-006
 nchek0=           0 toler_force=  1.000000000000000E-005
 nchek=           0
                    conver_nodal_value check
               Convergence check for displacement
 ratio1=  2.320578914410993E-003 ratio2=  7.866807325111146E-003
                            not converged for checki=           1
 iiter=           2
Begin forming various matrix       at 2026-09-02 16:01:04 
 ktsmat=           0
Begin solution global equation     at 2026-09-02 16:01:04 
                     istep=         154 iiter=           2
                     conver_load check
 resid=  0.391813131794495      retot=  7.856170980113531E+015
 ratio1=  7.062102722572402E-009 ratio2=  2.287239791983085E-009
 nchek0=           0 toler_force=  1.000000000000000E-005
 nchek=           0
                    conver_nodal_value check
               Convergence check for displacement
 ratio1=  3.281105426419528E-006 ratio2=  5.561862519448789E-006
 nchek=           0
 ngvar in output=           7 nstre=           4
 ***********RESTART FILE IS UPDATED!*******
 time: 16:00:59
 iblks=           1 iincs=           1 istep=         155
 outinp=           0
 iiter=           1
Begin forming various matrix       at 2026-09-02 16:01:04 
 ktsmat=           0
 ntelgroup=           0
Begin solution global equation     at 2026-09-02 16:01:04 
                     istep=         155 iiter=           1
                     conver_load check
 resid=   292068.027259383      retot=  8.036430891244768E+015
 ratio1=  6.028515771844531E-006 ratio2=  3.134591395725595E-006
 nchek0=           0 toler_force=  1.000000000000000E-005
 nchek=           0
                    conver_nodal_value check
               Convergence check for displacement
 ratio1=  2.486577152804986E-003 ratio2=  7.214432388968140E-003
                            not converged for checki=           1
 iiter=           2
Begin forming various matrix       at 2026-09-02 16:01:04 
 ktsmat=           0
Begin solution global equation     at 2026-09-02 16:01:04 
                     istep=         155 iiter=           2
                     conver_load check
 resid=  0.466274202634215      retot=  8.036430891244768E+015
 ratio1=  7.617089996659756E-009 ratio2=  2.731631043659167E-009
 nchek0=           0 toler_force=  1.000000000000000E-005
 nchek=           0
                    conver_nodal_value check
               Convergence check for displacement
 ratio1=  2.850415473463787E-006 ratio2=  5.483176291501685E-006
 nchek=           0
 ***********RESTART FILE IS UPDATED!*******
 time: 16:00:59
 iblks=           1 iincs=           1 istep=         156
 outinp=           0
 iiter=           1
Begin forming various matrix       at 2026-09-02 16:01:04 
 ktsmat=           0
 ntelgroup=           0
Begin solution global equation     at 2026-09-02 16:01:04 
                     istep=         156 iiter=           1
                     conver_load check
 resid=   369593.506762041      retot=  8.184687273575406E+015
 ratio1=  6.719873864853711E-006 ratio2=  3.120135321850135E-006
 nchek0=           0 toler_force=  1.000000000000000E-005
 nchek=           0
                    conver_nodal_value check
               Convergence check for displacement
 ratio1=  2.650913834661784E-003 ratio2=  7.171489838835670E-003
                            not converged for checki=           1
 iiter=           2
Begin forming various matrix       at 2026-09-02 16:01:04 
 ktsmat=           0
Begin solution global equation     at 2026-09-02 16:01:04 
                     istep=         156 iiter=           2
                     conver_load check
 resid=  0.848118306377797      retot=  8.184687273575406E+015
 ratio1=  1.017951703775264E-008 ratio2=  3.148274178063674E-009
 nchek0=           0 toler_force=  1.000000000000000E-005
 nchek=           0
                    conver_nodal_value check
               Convergence check for displacement
 ratio1=  4.187274600661182E-006 ratio2=  7.493775921266387E-006
 nchek=           0
 ngvar in output=           7 nstre=           4
 ***********RESTART FILE IS UPDATED!*******
 time: 16:00:59
 iblks=           1 iincs=           1 istep=         157
 outinp=           0
 iiter=           1
Begin forming various matrix       at 2026-09-02 16:01:04 
 ktsmat=           0
 ntelgroup=           0
Begin solution global equation     at 2026-09-02 16:01:04 
                     istep=         157 iiter=           1
                     conver_load check
 resid=   732081.351095140      retot=  8.490926655515843E+015
 ratio1=  9.285432284759052E-006 ratio2=  4.366737941866778E-006
 nchek0=           0 toler_force=  1.000000000000000E-005
 nchek=           0
                    conver_nodal_value check
               Convergence check for displacement
 ratio1=  3.533188730891656E-003 ratio2=  9.532679716728566E-003
                            not converged for checki=           1
 iiter=           2
Begin forming various matrix       at 2026-09-02 16:01:04 
 ktsmat=           0
Begin solution global equation     at 2026-09-02 16:01:04 
                     istep=         157 iiter=           2
                     conver_load check
 resid=   1.71211165474950      retot=  8.490926655515843E+015
 ratio1=  1.420000499261636E-008 ratio2=  4.372210480524657E-009
 nchek0=           0 toler_force=  1.000000000000000E-005
 nchek=           0
                    conver_nodal_value check
               Convergence check for displacement
 ratio1=  5.234902545453646E-006 ratio2=  9.007383083904354E-006
 nchek=           0
 ***********RESTART FILE IS UPDATED!*******
 time: 16:00:59
 iblks=           1 iincs=           1 istep=         158
 outinp=           0
 iiter=           1
Begin forming various matrix       at 2026-09-02 16:01:04 
 ktsmat=           0
 ntelgroup=           0
Begin solution global equation     at 2026-09-02 16:01:04 
                     istep=         158 iiter=           1
                     conver_load check
 resid=   72215.1436271084      retot=  9.368828416595426E+015
 ratio1=  2.776332628161821E-006 ratio2=  2.170842962724559E-006
 nchek0=           0 toler_force=  1.000000000000000E-005
 nchek=           0
                    conver_nodal_value check
               Convergence check for displacement
 ratio1=  1.332234003031467E-003 ratio2=  6.902701365319988E-003
                            not converged for checki=           1
 iiter=           2
Begin forming various matrix       at 2026-09-02 16:01:04 
 ktsmat=           0
Begin solution global equation     at 2026-09-02 16:01:04 
                     istep=         158 iiter=           2
                     conver_load check
 resid=  8.098686814444718E-002 retot=  9.368828416595426E+015
 ratio1=  2.940117314667460E-009 ratio2=  1.034311435018010E-009
 nchek0=           0 toler_force=  1.000000000000000E-005
 nchek=           0
                    conver_nodal_value check
               Convergence check for displacement
 ratio1=  1.288895825363269E-006 ratio2=  2.393275547435139E-006
 nchek=           0
 ngvar in output=           7 nstre=           4
 ***********RESTART FILE IS UPDATED!*******
 time: 16:00:59
 iblks=           1 iincs=           1 istep=         159
 outinp=           0
 iiter=           1
Begin forming various matrix       at 2026-09-02 16:01:04 
 ktsmat=           0
 ntelgroup=           0
Begin solution global equation     at 2026-09-02 16:01:04 
                     istep=         159 iiter=           1
                     conver_load check
 resid=   59229.1535976253      retot=  1.068842142450818E+016
 ratio1=  2.354024501394668E-006 ratio2=  1.873778205163551E-006
 nchek0=           0 toler_force=  1.000000000000000E-005
 nchek=           0
                    conver_nodal_value check
               Convergence check for displacement
 ratio1=  1.125307945585137E-003 ratio2=  6.184648000704531E-003
                            not converged for checki=           1
 iiter=           2
Begin forming various matrix       at 2026-09-02 16:01:04 
 ktsmat=           0
Begin solution global equation     at 2026-09-02 16:01:04 
                     istep=         159 iiter=           2
                     conver_load check
 resid=  6.696266466663908E-002 retot=  1.068842142450818E+016
 ratio1=  2.502992678343916E-009 ratio2=  8.742400107609341E-010
 nchek0=           0 toler_force=  1.000000000000000E-005
 nchek=           0
                    conver_nodal_value check
               Convergence check for displacement
 ratio1=  1.210404709221415E-006 ratio2=  2.913773705762369E-006
 nchek=           0
 ***********RESTART FILE IS UPDATED!*******
 time: 16:00:59
 iblks=           1 iincs=           1 istep=         160
 outinp=           0
 iiter=           1
Begin forming various matrix       at 2026-09-02 16:01:04 
 ktsmat=           0
 ntelgroup=           0
Begin solution global equation     at 2026-09-02 16:01:04 
                     istep=         160 iiter=           1
                     conver_load check
 resid=   800693.468122478      retot=  1.160316990155691E+016
 ratio1=  8.307011602666441E-006 ratio2=  5.112364222525467E-006
 nchek0=           0 toler_force=  1.000000000000000E-005
 nchek=           0
                    conver_nodal_value check
               Convergence check for displacement
 ratio1=  3.261148906980374E-003 ratio2=  9.529763426227180E-003
                            not converged for checki=           1
 iiter=           2
Begin forming various matrix       at 2026-09-02 16:01:04 
 ktsmat=           0
Begin solution global equation     at 2026-09-02 16:01:04 
                     istep=         160 iiter=           2
                     conver_load check
 resid=   1.74181284488071      retot=  1.160316990155691E+016
 ratio1=  1.225215320376259E-008 ratio2=  4.778026876466024E-009
 nchek0=           0 toler_force=  1.000000000000000E-005
 nchek=           0
                    conver_nodal_value check
               Convergence check for displacement
 ratio1=  4.645976840670846E-006 ratio2=  8.160745816317745E-006
 nchek=           0
 ngvar in output=           7 nstre=           4
 ***********RESTART FILE IS UPDATED!*******
 time: 16:00:59
 iblks=           1 iincs=           1 istep=         161
 outinp=           0
 iiter=           1
Begin forming various matrix       at 2026-09-02 16:01:04 
 ktsmat=           0
 ntelgroup=           0
Begin solution global equation     at 2026-09-02 16:01:04 
                     istep=         161 iiter=           1
                     conver_load check
 resid=   502386.397452274      retot=  1.236932271323609E+016
 ratio1=  6.373030190402028E-006 ratio2=  3.906842289489540E-006
 nchek0=           0 toler_force=  1.000000000000000E-005
 nchek=           0
                    conver_nodal_value check
               Convergence check for displacement
 ratio1=  2.520669294343815E-003 ratio2=  6.754999383966695E-003
                            not converged for checki=           1
 iiter=           2
Begin forming various matrix       at 2026-09-02 16:01:04 
 ktsmat=           0
Begin solution global equation     at 2026-09-02 16:01:04 
                     istep=         161 iiter=           2
                     conver_load check
 resid=  0.948576037056594      retot=  1.236932271323609E+016
 ratio1=  8.757156568355516E-009 ratio2=  3.612935816195863E-009
 nchek0=           0 toler_force=  1.000000000000000E-005
 nchek=           0
                    conver_nodal_value check
               Convergence check for displacement
 ratio1=  3.145789212686101E-006 ratio2=  6.039899321942873E-006
 nchek=           0
 ***********RESTART FILE IS UPDATED!*******
 time: 16:00:59
 iblks=           1 iincs=           1 istep=         162
 outinp=           0
 iiter=           1
Begin forming various matrix       at 2026-09-02 16:01:04 
 ktsmat=           0
 ntelgroup=           0
Begin solution global equation     at 2026-09-02 16:01:04 
                     istep=         162 iiter=           1
                     conver_load check
 resid=   854140.066109374      retot=  1.297208648129563E+016
 ratio1=  8.114460106947165E-006 ratio2=  4.789189075352661E-006
 nchek0=           0 toler_force=  1.000000000000000E-005
 nchek=           0
                    conver_nodal_value check
               Convergence check for displacement
 ratio1=  3.102457442339348E-003 ratio2=  8.351900069028717E-003
                            not converged for checki=           1
 iiter=           2
Begin forming various matrix       at 2026-09-02 16:01:04 
 ktsmat=           0
Begin solution global equation     at 2026-09-02 16:01:04 
                     istep=         162 iiter=           2
                     conver_load check
 resid=   1.79451839751689      retot=  1.297208648129563E+016
 ratio1=  1.176167134748828E-008 ratio2=  4.800820516176641E-009
 nchek0=           0 toler_force=  1.000000000000000E-005
 nchek=           0
                    conver_nodal_value check
               Convergence check for displacement
 ratio1=  4.236080054382482E-006 ratio2=  7.866255338690525E-006
 nchek=           0
 ngvar in output=           7 nstre=           4
 ***********RESTART FILE IS UPDATED!*******
 time: 16:00:59
 iblks=           1 iincs=           1 istep=         163
 outinp=           0
 iiter=           1
Begin forming various matrix       at 2026-09-02 16:01:04 
 ktsmat=           0
 ntelgroup=           0
Begin solution global equation     at 2026-09-02 16:01:04 
                     istep=         163 iiter=           1
                     conver_load check
 resid=   447897.086162722      retot=  1.329673553777905E+016
 ratio1=  5.803855658584092E-006 ratio2=  3.507341127121596E-006
 nchek0=           0 toler_force=  1.000000000000000E-005
 nchek=           0
                    conver_nodal_value check
               Convergence check for displacement
 ratio1=  2.219956929593034E-003 ratio2=  6.647272494178811E-003
                            not converged for checki=           1
 iiter=           2
Begin forming various matrix       at 2026-09-02 16:01:04 
 ktsmat=           0
Begin solution global equation     at 2026-09-02 16:01:04 
                     istep=         163 iiter=           2
                     conver_load check
 resid=  0.844477224596498      retot=  1.329673553777905E+016
 ratio1=  7.969323472823703E-009 ratio2=  3.080706228088649E-009
 nchek0=           0 toler_force=  1.000000000000000E-005
 nchek=           0
                    conver_nodal_value check
               Convergence check for displacement
 ratio1=  2.772070991633189E-006 ratio2=  5.101213450445909E-006
 nchek=           0
 ***********RESTART FILE IS UPDATED!*******
 time: 16:00:59
 iblks=           1 iincs=           1 istep=         164
 outinp=           0
 iiter=           1
Begin forming various matrix       at 2026-09-02 16:01:04 
 ktsmat=           0
 ntelgroup=           0
Begin solution global equation     at 2026-09-02 16:01:04 
                     istep=         164 iiter=           1
                     conver_load check
 resid=   40094.0601689428      retot=  1.417726780913002E+016
 ratio1=  1.681681502606563E-006 ratio2=  1.747323235987722E-006
 nchek0=           0 toler_force=  1.000000000000000E-005
 nchek=           0
                    conver_nodal_value check
               Convergence check for displacement
 ratio1=  8.494591172810599E-004 ratio2=  5.235085297957945E-003
                            not converged for checki=           1
 iiter=           2
Begin forming various matrix       at 2026-09-02 16:01:04 
 ktsmat=           0
Begin solution global equation     at 2026-09-02 16:01:04 
                     istep=         164 iiter=           2
                     conver_load check
 resid=  5.415867188771521E-002 retot=  1.417726780913002E+016
 ratio1=  1.954509255004911E-009 ratio2=  1.006843331035823E-009
 nchek0=           0 toler_force=  1.000000000000000E-005
 nchek=           0
                    conver_nodal_value check
               Convergence check for displacement
 ratio1=  1.480496160509662E-006 ratio2=  4.124350988518954E-006
 nchek=           0
 ngvar in output=           7 nstre=           4
 ***********RESTART FILE IS UPDATED!*******
 time: 16:00:59
 iblks=           1 iincs=           1 istep=         165
 outinp=           0
 iiter=           1
Begin forming various matrix       at 2026-09-02 16:01:05 
 ktsmat=           0
 ntelgroup=           0
Begin solution global equation     at 2026-09-02 16:01:05 
                     istep=         165 iiter=           1
                     conver_load check
 resid=   57367.8188222774      retot=  1.527274711606139E+016
 ratio1=  1.938097353612717E-006 ratio2=  1.595038933073114E-006
 nchek0=           0 toler_force=  1.000000000000000E-005
 nchek=           0
                    conver_nodal_value check
               Convergence check for displacement
 ratio1=  8.888802747534059E-004 ratio2=  4.721860395228213E-003
                            not converged for checki=           1
 iiter=           2
Begin forming various matrix       at 2026-09-02 16:01:05 
 ktsmat=           0
Begin solution global equation     at 2026-09-02 16:01:05 
                     istep=         165 iiter=           2
                     conver_load check
 resid=  0.103118501185800      retot=  1.527274711606139E+016
 ratio1=  2.598422185265477E-009 ratio2=  1.051218985157732E-009
 nchek0=           0 toler_force=  1.000000000000000E-005
 nchek=           0
                    conver_nodal_value check
               Convergence check for displacement
 ratio1=  1.506533085069093E-006 ratio2=  3.624440278639701E-006
 nchek=           0
 ***********RESTART FILE IS UPDATED!*******
 time: 16:00:59
 iblks=           1 iincs=           1 istep=         166
 outinp=           0
 iiter=           1
Begin forming various matrix       at 2026-09-02 16:01:05 
 ktsmat=           0
 ntelgroup=           0
Begin solution global equation     at 2026-09-02 16:01:05 
                     istep=         166 iiter=           1
                     conver_load check
 resid=   48702.9522758716      retot=  1.654681298813708E+016
 ratio1=  1.715617488936448E-006 ratio2=  1.519963856463921E-006
 nchek0=           0 toler_force=  1.000000000000000E-005
 nchek=           0
                    conver_nodal_value check
               Convergence check for displacement
 ratio1=  8.344127190445926E-004 ratio2=  4.370528500093309E-003
                            not converged for checki=           1
 iiter=           2
Begin forming various matrix       at 2026-09-02 16:01:05 
 ktsmat=           0
Begin solution global equation     at 2026-09-02 16:01:05 
                     istep=         166 iiter=           2
                     conver_load check
 resid=  1.299256013440473E-002 retot=  1.654681298813708E+016
 ratio1=  8.861152045229487E-010 ratio2=  3.922369558224759E-010
 nchek0=           0 toler_force=  1.000000000000000E-005
 nchek=           0
                    conver_nodal_value check
               Convergence check for displacement
 ratio1=  5.211362957438744E-007 ratio2=  1.208969843602605E-006
 nchek=           0
 ngvar in output=           7 nstre=           4
 ***********RESTART FILE IS UPDATED!*******
 time: 16:00:59
 iblks=           1 iincs=           1 istep=         167
 outinp=           0
 iiter=           1
Begin forming various matrix       at 2026-09-02 16:01:05 
 ktsmat=           0
 ntelgroup=           0
Begin solution global equation     at 2026-09-02 16:01:05 
                     istep=         167 iiter=           1
                     conver_load check
 resid=   50320.0854694797      retot=  1.802084245744854E+016
 ratio1=  1.671025741410325E-006 ratio2=  1.484391488390866E-006
 nchek0=           0 toler_force=  1.000000000000000E-005
 nchek=           0
                    conver_nodal_value check
               Convergence check for displacement
 ratio1=  8.141125593077734E-004 ratio2=  4.625992201626442E-003
                            not converged for checki=           1
 iiter=           2
Begin forming various matrix       at 2026-09-02 16:01:05 
 ktsmat=           0
Begin solution global equation     at 2026-09-02 16:01:05 
                     istep=         167 iiter=           2
                     conver_load check
 resid=  3.068687452197930E-002 retot=  1.802084245744854E+016
 ratio1=  1.304934712019104E-009 ratio2=  4.262774670772258E-010
 nchek0=           0 toler_force=  1.000000000000000E-005
 nchek=           0
                    conver_nodal_value check
               Convergence check for displacement
 ratio1=  8.149724164825922E-007 ratio2=  2.016194990927862E-006
 nchek=           0
 ***********RESTART FILE IS UPDATED!*******
 time: 16:00:59
 iblks=           1 iincs=           1 istep=         168
 outinp=           0
 iiter=           1
Begin forming various matrix       at 2026-09-02 16:01:05 
 ktsmat=           0
 ntelgroup=           0
Begin solution global equation     at 2026-09-02 16:01:05 
                     istep=         168 iiter=           1
                     conver_load check
 resid=   63150.3534350396      retot=  1.969456948358037E+016
 ratio1=  1.790666244551865E-006 ratio2=  1.039982596565512E-006
 nchek0=           0 toler_force=  1.000000000000000E-005
 nchek=           0
                    conver_nodal_value check
               Convergence check for displacement
 ratio1=  8.353992044419840E-004 ratio2=  3.729815552260154E-003
                            not converged for checki=           1
 iiter=           2
Begin forming various matrix       at 2026-09-02 16:01:05 
 ktsmat=           0
Begin solution global equation     at 2026-09-02 16:01:05 
                     istep=         168 iiter=           2
                     conver_load check
 resid=  0.141383620362094      retot=  1.969456948358037E+016
 ratio1=  2.679330595057214E-009 ratio2=  8.070986826410750E-010
 nchek0=           0 toler_force=  1.000000000000000E-005
 nchek=           0
                    conver_nodal_value check
               Convergence check for displacement
 ratio1=  2.212442844955850E-006 ratio2=  6.549328927185533E-006
 nchek=           0
 ngvar in output=           7 nstre=           4
 ***********RESTART FILE IS UPDATED!*******
 time: 16:00:59
 iblks=           1 iincs=           1 istep=         169
 outinp=           0
 iiter=           1
Begin forming various matrix       at 2026-09-02 16:01:05 
 ktsmat=           0
 ntelgroup=           0
Begin solution global equation     at 2026-09-02 16:01:05 
                     istep=         169 iiter=           1
                     conver_load check
 resid=   153683.223149511      retot=  2.095221828330573E+016
 ratio1=  2.708309076065356E-006 ratio2=  1.184384925014444E-006
 nchek0=           0 toler_force=  1.000000000000000E-005
 nchek=           0
                    conver_nodal_value check
               Convergence check for displacement
 ratio1=  1.127434419553702E-003 ratio2=  4.272999087255205E-003
                            not converged for checki=           1
 iiter=           2
Begin forming various matrix       at 2026-09-02 16:01:05 
 ktsmat=           0
Begin solution global equation     at 2026-09-02 16:01:05 
                     istep=         169 iiter=           2
                     conver_load check
 resid=  0.446616830828543      retot=  2.095221828330573E+016
 ratio1=  4.616922002960934E-009 ratio2=  1.430719511888121E-009
 nchek0=           0 toler_force=  1.000000000000000E-005
 nchek=           0
                    conver_nodal_value check
               Convergence check for displacement
 ratio1=  2.255963905217394E-006 ratio2=  5.273064545947630E-006
 nchek=           0
 ***********RESTART FILE IS UPDATED!*******
 time: 16:00:59
 iblks=           1 iincs=           1 istep=         170
 outinp=           0
 iiter=           1
Begin forming various matrix       at 2026-09-02 16:01:05 
 ktsmat=           0
 ntelgroup=           0
Begin solution global equation     at 2026-09-02 16:01:05 
                     istep=         170 iiter=           1
                     conver_load check
 resid=   81885.0018051546      retot=  2.200505176120368E+016
 ratio1=  1.929038894425566E-006 ratio2=  1.382727349524520E-006
 nchek0=           0 toler_force=  1.000000000000000E-005
 nchek=           0
                    conver_nodal_value check
               Convergence check for displacement
 ratio1=  8.356780109245525E-004 ratio2=  4.449072307745254E-003
                            not converged for checki=           1
 iiter=           2
Begin forming various matrix       at 2026-09-02 16:01:05 
 ktsmat=           0
Begin solution global equation     at 2026-09-02 16:01:05 
                     istep=         170 iiter=           2
                     conver_load check
 resid=  0.160558632598438      retot=  2.200505176120368E+016
 ratio1=  2.701193109321692E-009 ratio2=  8.676767893428255E-010
 nchek0=           0 toler_force=  1.000000000000000E-005
 nchek=           0
                    conver_nodal_value check
               Convergence check for displacement
 ratio1=  1.029434421006886E-006 ratio2=  1.583012063234107E-006
 nchek=           0
 ngvar in output=           7 nstre=           4
 ***********RESTART FILE IS UPDATED!*******
 time: 16:00:59
 iblks=           1 iincs=           1 istep=         171
 outinp=           0
 iiter=           1
Begin forming various matrix       at 2026-09-02 16:01:05 
 ktsmat=           0
 ntelgroup=           0
Begin solution global equation     at 2026-09-02 16:01:05 
                     istep=         171 iiter=           1
                     conver_load check
 resid=   41992.7071367602      retot=  2.308471435748524E+016
 ratio1=  1.348728963746773E-006 ratio2=  7.817925006856659E-007
 nchek0=           0 toler_force=  1.000000000000000E-005
 nchek=           0
                    conver_nodal_value check
               Convergence check for displacement
 ratio1=  6.205861626320683E-004 ratio2=  3.462336841183019E-003
                            not converged for checki=           1
 iiter=           2
Begin forming various matrix       at 2026-09-02 16:01:05 
 ktsmat=           0
Begin solution global equation     at 2026-09-02 16:01:05 
                     istep=         171 iiter=           2
                     conver_load check
 resid=  9.721330009582746E-002 retot=  2.308471435748524E+016
 ratio1=  2.052109782247887E-009 ratio2=  5.792660707578257E-010
 nchek0=           0 toler_force=  1.000000000000000E-005
 nchek=           0
                    conver_nodal_value check
               Convergence check for displacement
 ratio1=  7.365125884908462E-007 ratio2=  1.050701774190954E-006
 nchek=           0
 ***********RESTART FILE IS UPDATED!*******
 time: 16:00:59
 iblks=           1 iincs=           1 istep=         172
 outinp=           0
 iiter=           1
Begin forming various matrix       at 2026-09-02 16:01:05 
 ktsmat=           0
 ntelgroup=           0
Begin solution global equation     at 2026-09-02 16:01:05 
                     istep=         172 iiter=           1
                     conver_load check
 resid=   347449.434751125      retot=  2.469982084978687E+016
 ratio1=  3.750584056194909E-006 ratio2=  1.797442197720728E-006
 nchek0=           0 toler_force=  1.000000000000000E-005
 nchek=           0
                    conver_nodal_value check
               Convergence check for displacement
 ratio1=  1.417235067481574E-003 ratio2=  3.885320011383306E-003
                            not converged for checki=           1
 iiter=           2
Begin forming various matrix       at 2026-09-02 16:01:05 
 ktsmat=           0
Begin solution global equation     at 2026-09-02 16:01:05 
                     istep=         172 iiter=           2
                     conver_load check
 resid=   1.03916561725568      retot=  2.469982084978687E+016
 ratio1=  6.486276869557675E-009 ratio2=  2.164682545148864E-009
 nchek0=           0 toler_force=  1.000000000000000E-005
 nchek=           0
                    conver_nodal_value check
               Convergence check for displacement
 ratio1=  2.486610437960420E-006 ratio2=  3.831061792427488E-006
 nchek=           0
 ngvar in output=           7 nstre=           4
 ***********RESTART FILE IS UPDATED!*******
 time: 16:00:59
 iblks=           1 iincs=           1 istep=         173
 outinp=           0
 iiter=           1
Begin forming various matrix       at 2026-09-02 16:01:05 
 ktsmat=           0
 ntelgroup=           0
Begin solution global equation     at 2026-09-02 16:01:05 
                     istep=         173 iiter=           1
                     conver_load check
 resid=   52557.1002925434      retot=  2.690710037790880E+016
 ratio1=  1.397597929568851E-006 ratio2=  8.161303921384227E-007
 nchek0=           0 toler_force=  1.000000000000000E-005
 nchek=           0
                    conver_nodal_value check
               Convergence check for displacement
 ratio1=  6.234948268261097E-004 ratio2=  2.872354686857607E-003
                            not converged for checki=           1
 iiter=           2
Begin forming various matrix       at 2026-09-02 16:01:05 
 ktsmat=           0
Begin solution global equation     at 2026-09-02 16:01:05 
                     istep=         173 iiter=           2
                     conver_load check
 resid=  0.118567236372452      retot=  2.690710037790880E+016
 ratio1=  2.099176225994574E-009 ratio2=  7.205652995483042E-010
 nchek0=           0 toler_force=  1.000000000000000E-005
 nchek=           0
                    conver_nodal_value check
               Convergence check for displacement
 ratio1=  1.287131693386218E-006 ratio2=  3.352232786851764E-006
 nchek=           0
 ***********RESTART FILE IS UPDATED!*******
 time: 16:00:59
 iblks=           1 iincs=           1 istep=         174
 outinp=           0
 iiter=           1
Begin forming various matrix       at 2026-09-02 16:01:05 
 ktsmat=           0
 ntelgroup=           0
Begin solution global equation     at 2026-09-02 16:01:05 
                     istep=         174 iiter=           1
                     conver_load check
 resid=   98455.4375640540      retot=  2.875700459074074E+016
 ratio1=  1.850325056538122E-006 ratio2=  8.891391412007153E-007
 nchek0=           0 toler_force=  1.000000000000000E-005
 nchek=           0
                    conver_nodal_value check
               Convergence check for displacement
 ratio1=  7.412747442691373E-004 ratio2=  3.089840603673701E-003
                            not converged for checki=           1
 iiter=           2
Begin forming various matrix       at 2026-09-02 16:01:05 
 ktsmat=           0
Begin solution global equation     at 2026-09-02 16:01:05 
                     istep=         174 iiter=           2
                     conver_load check
 resid=  0.247022889165225      retot=  2.875700459074074E+016
 ratio1=  2.930871481479100E-009 ratio2=  9.836545665973130E-010
 nchek0=           0 toler_force=  1.000000000000000E-005
 nchek=           0
                    conver_nodal_value check
               Convergence check for displacement
 ratio1=  1.050018709383916E-006 ratio2=  1.760826591954772E-006
 nchek=           0
 ngvar in output=           7 nstre=           4
 ***********RESTART FILE IS UPDATED!*******
 time: 16:00:59
 iblks=           1 iincs=           1 istep=         175
 outinp=           0
 iiter=           1
Begin forming various matrix       at 2026-09-02 16:01:05 
 ktsmat=           0
 ntelgroup=           0
Begin solution global equation     at 2026-09-02 16:01:05 
                     istep=         175 iiter=           1
                     conver_load check
 resid=   46725.7058142767      retot=  3.050050974164148E+016
 ratio1=  1.237725636433050E-006 ratio2=  9.197877136433149E-007
 nchek0=           0 toler_force=  1.000000000000000E-005
 nchek=           0
                    conver_nodal_value check
               Convergence check for displacement
 ratio1=  5.417681774115546E-004 ratio2=  3.868817482377036E-003
                            not converged for checki=           1
 iiter=           2
Begin forming various matrix       at 2026-09-02 16:01:05 
 ktsmat=           0
Begin solution global equation     at 2026-09-02 16:01:05 
                     istep=         175 iiter=           2
                     conver_load check
 resid=  1.678175672553262E-002 retot=  3.050050974164148E+016
 ratio1=  7.417629920490404E-010 ratio2=  3.031274168378270E-010
 nchek0=           0 toler_force=  1.000000000000000E-005
 nchek=           0
                    conver_nodal_value check
               Convergence check for displacement
 ratio1=  5.539125213980384E-007 ratio2=  1.688865996630926E-006
 nchek=           0
 ***********RESTART FILE IS UPDATED!*******
 time: 16:00:59
 iblks=           1 iincs=           1 istep=         176
 outinp=           0
 iiter=           1
Begin forming various matrix       at 2026-09-02 16:01:05 
 ktsmat=           0
 ntelgroup=           0
Begin solution global equation     at 2026-09-02 16:01:05 
                     istep=         176 iiter=           1
                     conver_load check
 resid=   805210.900532028      retot=  3.136099265215797E+016
 ratio1=  5.067105217161134E-006 ratio2=  2.383506054201888E-006
 nchek0=           0 toler_force=  1.000000000000000E-005
 nchek=           0
                    conver_nodal_value check
               Convergence check for displacement
 ratio1=  1.818265402925774E-003 ratio2=  4.602612099145641E-003
                            not converged for checki=           1
 iiter=           2
Begin forming various matrix       at 2026-09-02 16:01:05 
 ktsmat=           0
Begin solution global equation     at 2026-09-02 16:01:05 
                     istep=         176 iiter=           2
                     conver_load check
 resid=   2.29311517347530      retot=  3.136099265215797E+016
 ratio1=  8.551022194625877E-009 ratio2=  2.743091543962022E-009
 nchek0=           0 toler_force=  1.000000000000000E-005
 nchek=           0
                    conver_nodal_value check
               Convergence check for displacement
 ratio1=  2.916778408563332E-006 ratio2=  5.159105306579836E-006
 nchek=           0
 ngvar in output=           7 nstre=           4
 ***********RESTART FILE IS UPDATED!*******
 time: 16:00:59
 iblks=           1 iincs=           1 istep=         177
 outinp=           0
 iiter=           1
Begin forming various matrix       at 2026-09-02 16:01:05 
 ktsmat=           0
 ntelgroup=           0
Begin solution global equation     at 2026-09-02 16:01:05 
                     istep=         177 iiter=           1
                     conver_load check
 resid=   1006971.91790839      retot=  3.204357047453554E+016
 ratio1=  5.605808126547867E-006 ratio2=  2.931414606140570E-006
 nchek0=           0 toler_force=  1.000000000000000E-005
 nchek=           0
                    conver_nodal_value check
               Convergence check for displacement
 ratio1=  1.999228380536681E-003 ratio2=  5.770326876332075E-003
                            not converged for checki=           1
 iiter=           2
Begin forming various matrix       at 2026-09-02 16:01:05 
 ktsmat=           0
Begin solution global equation     at 2026-09-02 16:01:05 
                     istep=         177 iiter=           2
                     conver_load check
 resid=   1.96801383443012      retot=  3.204357047453554E+016
 ratio1=  7.836887685282253E-009 ratio2=  2.622543950112496E-009
 nchek0=           0 toler_force=  1.000000000000000E-005
 nchek=           0
                    conver_nodal_value check
               Convergence check for displacement
 ratio1=  2.653475847602761E-006 ratio2=  5.007458794028625E-006
 nchek=           0
 ***********RESTART FILE IS UPDATED!*******
 time: 16:00:59
 iblks=           1 iincs=           1 istep=         178
 outinp=           0
 iiter=           1
Begin forming various matrix       at 2026-09-02 16:01:05 
 ktsmat=           0
 ntelgroup=           0
Begin solution global equation     at 2026-09-02 16:01:05 
                     istep=         178 iiter=           1
                     conver_load check
 resid=   71734.0729179230      retot=  3.325298059088796E+016
 ratio1=  1.468748565784177E-006 ratio2=  9.547918421793247E-007
 nchek0=           0 toler_force=  1.000000000000000E-005
 nchek=           0
                    conver_nodal_value check
               Convergence check for displacement
 ratio1=  6.140368842573256E-004 ratio2=  3.756488513453718E-003
                            not converged for checki=           1
 iiter=           2
Begin forming various matrix       at 2026-09-02 16:01:05 
 ktsmat=           0
Begin solution global equation     at 2026-09-02 16:01:05 
                     istep=         178 iiter=           2
                     conver_load check
 resid=  6.590050877756469E-002 retot=  3.325298059088796E+016
 ratio1=  1.407761534240371E-009 ratio2=  4.400977428829470E-010
 nchek0=           0 toler_force=  1.000000000000000E-005
 nchek=           0
                    conver_nodal_value check
               Convergence check for displacement
 ratio1=  9.852674051155909E-007 ratio2=  3.027173556755902E-006
 nchek=           0
 ngvar in output=           7 nstre=           4
 ***********RESTART FILE IS UPDATED!*******
 time: 16:00:59
 iblks=           1 iincs=           1 istep=         179
 outinp=           0
 iiter=           1
Begin forming various matrix       at 2026-09-02 16:01:05 
 ktsmat=           0
 ntelgroup=           0
Begin solution global equation     at 2026-09-02 16:01:05 
                     istep=         179 iiter=           1
                     conver_load check
 resid=   151660.309953600      retot=  3.389697428371261E+016
 ratio1=  2.115219797756468E-006 ratio2=  9.799738851710881E-007
 nchek0=           0 toler_force=  1.000000000000000E-005
 nchek=           0
                    conver_nodal_value check
               Convergence check for displacement
 ratio1=  7.756290200980881E-004 ratio2=  3.310989626058700E-003
                            not converged for checki=           1
 iiter=           2
Begin forming various matrix       at 2026-09-02 16:01:05 
 ktsmat=           0
Begin solution global equation     at 2026-09-02 16:01:05 
                     istep=         179 iiter=           2
                     conver_load check
 resid=  0.465583751199023      retot=  3.389697428371261E+016
 ratio1=  3.706111154277976E-009 ratio2=  1.046704918365170E-009
 nchek0=           0 toler_force=  1.000000000000000E-005
 nchek=           0
                    conver_nodal_value check
               Convergence check for displacement
 ratio1=  1.592596644939806E-006 ratio2=  3.110396279698899E-006
 nchek=           0
 ***********RESTART FILE IS UPDATED!*******
 time: 16:00:59
 iblks=           1 iincs=           1 istep=         180
 outinp=           0
 iiter=           1
Begin forming various matrix       at 2026-09-02 16:01:05 
 ktsmat=           0
 ntelgroup=           0
Begin solution global equation     at 2026-09-02 16:01:05 
                     istep=         180 iiter=           1
                     conver_load check
 resid=   207292.029103589      retot=  3.442411301458866E+016
 ratio1=  2.453917297369010E-006 ratio2=  1.170725099578026E-006
 nchek0=           0 toler_force=  1.000000000000000E-005
 nchek=           0
                    conver_nodal_value check
               Convergence check for displacement
 ratio1=  8.772510769140301E-004 ratio2=  4.714368147745686E-003
                            not converged for checki=           1
 iiter=           2
Begin forming various matrix       at 2026-09-02 16:01:05 
 ktsmat=           0
Begin solution global equation     at 2026-09-02 16:01:05 
                     istep=         180 iiter=           2
                     conver_load check
 resid=  0.443476339604907      retot=  3.442411301458866E+016
 ratio1=  3.589251145815860E-009 ratio2=  1.183901531347303E-009
 nchek0=           0 toler_force=  1.000000000000000E-005
 nchek=           0
                    conver_nodal_value check
               Convergence check for displacement
 ratio1=  1.303087943567806E-006 ratio2=  2.306201143036429E-006
 nchek=           0
 ngvar in output=           7 nstre=           4
 ***********RESTART FILE IS UPDATED!*******
 time: 16:00:59
 iblks=           1 iincs=           1 istep=         181
 outinp=           0
 iiter=           1
Begin forming various matrix       at 2026-09-02 16:01:05 
 ktsmat=           0
 ntelgroup=           0
Begin solution global equation     at 2026-09-02 16:01:05 
                     istep=         181 iiter=           1
                     conver_load check
 resid=   43995.7475490900      retot=  3.526128860859561E+016
 ratio1=  1.117007942040896E-006 ratio2=  9.882104507025532E-007
 nchek0=           0 toler_force=  1.000000000000000E-005
 nchek=           0
                    conver_nodal_value check
               Convergence check for displacement
 ratio1=  4.964570868711120E-004 ratio2=  3.195196058228685E-003
                            not converged for checki=           1
 iiter=           2
Begin forming various matrix       at 2026-09-02 16:01:05 
 ktsmat=           0
Begin solution global equation     at 2026-09-02 16:01:05 
                     istep=         181 iiter=           2
                     conver_load check
 resid=  5.022297146102841E-002 retot=  3.526128860859561E+016
 ratio1=  1.193444184327667E-009 ratio2=  3.797337812272996E-010
 nchek0=           0 toler_force=  1.000000000000000E-005
 nchek=           0
                    conver_nodal_value check
               Convergence check for displacement
 ratio1=  1.105588264686419E-006 ratio2=  3.426406135314429E-006
 nchek=           0
 ***********RESTART FILE IS UPDATED!*******
 time: 16:00:59
 iblks=           1 iincs=           1 istep=         182
 outinp=           0
 iiter=           1
Begin forming various matrix       at 2026-09-02 16:01:05 
 ktsmat=           0
 ntelgroup=           0
Begin solution global equation     at 2026-09-02 16:01:05 
                     istep=         182 iiter=           1
                     conver_load check
 resid=   34557.2769322238      retot=  3.608289839477660E+016
 ratio1=  9.786311807468258E-007 ratio2=  8.308755983946370E-007
 nchek0=           0 toler_force=  1.000000000000000E-005
 nchek=           0
                    conver_nodal_value check
               Convergence check for displacement
 ratio1=  4.242043457827891E-004 ratio2=  3.270149811353842E-003
                            not converged for checki=           1
 iiter=           2
Begin forming various matrix       at 2026-09-02 16:01:05 
 ktsmat=           0
Begin solution global equation     at 2026-09-02 16:01:05 
                     istep=         182 iiter=           2
                     conver_load check
 resid=  3.181040922460755E-002 retot=  3.608289839477660E+016
 ratio1=  9.389315237910998E-010 ratio2=  2.538571791399721E-010
 nchek0=           0 toler_force=  1.000000000000000E-005
 nchek=           0
                    conver_nodal_value check
               Convergence check for displacement
 ratio1=  3.398294272240539E-007 ratio2=  5.941217357163069E-007
 nchek=           0
 ngvar in output=           7 nstre=           4
 ***********RESTART FILE IS UPDATED!*******
 time: 16:00:59
 iblks=           1 iincs=           1 istep=         183
 outinp=           0
 iiter=           1
Begin forming various matrix       at 2026-09-02 16:01:05 
 ktsmat=           0
 ntelgroup=           0
Begin solution global equation     at 2026-09-02 16:01:05 
                     istep=         183 iiter=           1
                     conver_load check
 resid=   78675.0082862844      retot=  3.657345549688775E+016
 ratio1=  1.466680105890082E-006 ratio2=  9.844301937483110E-007
 nchek0=           0 toler_force=  1.000000000000000E-005
 nchek=           0
                    conver_nodal_value check
               Convergence check for displacement
 ratio1=  5.409511838074419E-004 ratio2=  2.721916738650561E-003
                            not converged for checki=           1
 iiter=           2
Begin forming various matrix       at 2026-09-02 16:01:05 
 ktsmat=           0
Begin solution global equation     at 2026-09-02 16:01:05 
                     istep=         183 iiter=           2
                     conver_load check
 resid=  0.216601235170226      retot=  3.657345549688775E+016
 ratio1=  2.433590307493888E-009 ratio2=  7.012785992656527E-010
 nchek0=           0 toler_force=  1.000000000000000E-005
 nchek=           0
                    conver_nodal_value check
               Convergence check for displacement
 ratio1=  7.685762973269950E-007 ratio2=  1.196222608749836E-006
 nchek=           0
 ***********RESTART FILE IS UPDATED!*******
 time: 16:00:59
 iblks=           1 iincs=           1 istep=         184
 outinp=           0
 iiter=           1
Begin forming various matrix       at 2026-09-02 16:01:05 
 ktsmat=           0
 ntelgroup=           0
Begin solution global equation     at 2026-09-02 16:01:05 
                     istep=         184 iiter=           1
                     conver_load check
 resid=   47967.4419895353      retot=  3.658807240246359E+016
 ratio1=  1.144994800690713E-006 ratio2=  1.050563341243694E-006
 nchek0=           0 toler_force=  1.000000000000000E-005
 nchek=           0
                    conver_nodal_value check
               Convergence check for displacement
 ratio1=  4.510917514164042E-004 ratio2=  2.797426815993174E-003
                            not converged for checki=           1
 iiter=           2
Begin forming various matrix       at 2026-09-02 16:01:05 
 ktsmat=           0
Begin solution global equation     at 2026-09-02 16:01:05 
                     istep=         184 iiter=           2
                     conver_load check
 resid=  2.687823330796396E-002 retot=  3.658807240246359E+016
 ratio1=  8.570982231688531E-010 ratio2=  2.344813039231675E-010
 nchek0=           0 toler_force=  1.000000000000000E-005
 nchek=           0
                    conver_nodal_value check
               Convergence check for displacement
 ratio1=  2.728588303538705E-007 ratio2=  3.916973236426865E-007
 nchek=           0
 ngvar in output=           7 nstre=           4
 ***********RESTART FILE IS UPDATED!*******
 time: 16:00:59
 iblks=           1 iincs=           1 istep=         185
 outinp=           0
 iiter=           1
Begin forming various matrix       at 2026-09-02 16:01:05 
 ktsmat=           0
 ntelgroup=           0
Begin solution global equation     at 2026-09-02 16:01:05 
                     istep=         185 iiter=           1
                     conver_load check
 resid=   134720.944001036      retot=  3.602192482828891E+016
 ratio1=  1.933900389435216E-006 ratio2=  9.873503574324307E-007
 nchek0=           0 toler_force=  1.000000000000000E-005
 nchek=           0
                    conver_nodal_value check
               Convergence check for displacement
 ratio1=  6.515778373762216E-004 ratio2=  2.574804214758542E-003
                            not converged for checki=           1
 iiter=           2
Begin forming various matrix       at 2026-09-02 16:01:05 
 ktsmat=           0
Begin solution global equation     at 2026-09-02 16:01:05 
                     istep=         185 iiter=           2
                     conver_load check
 resid=  0.392694519825372      retot=  3.602192482828891E+016
 ratio1=  3.301748296958924E-009 ratio2=  9.479606036515672E-010
 nchek0=           0 toler_force=  1.000000000000000E-005
 nchek=           0
                    conver_nodal_value check
               Convergence check for displacement
 ratio1=  1.053210459056022E-006 ratio2=  1.499349125693497E-006
 nchek=           0
 ***********RESTART FILE IS UPDATED!*******
 time: 16:00:59
 iblks=           1 iincs=           1 istep=         186
 outinp=           0
 iiter=           1
Begin forming various matrix       at 2026-09-02 16:01:05 
 ktsmat=           0
 ntelgroup=           0
Begin solution global equation     at 2026-09-02 16:01:05 
                     istep=         186 iiter=           1
                     conver_load check
 resid=   141942.384026640      retot=  3.514888882236752E+016
 ratio1=  2.009556622330406E-006 ratio2=  1.080436976067859E-006
 nchek0=           0 toler_force=  1.000000000000000E-005
 nchek=           0
                    conver_nodal_value check
               Convergence check for displacement
 ratio1=  6.873819997123531E-004 ratio2=  2.798802591950287E-003
                            not converged for checki=           1
 iiter=           2
Begin forming various matrix       at 2026-09-02 16:01:05 
 ktsmat=           0
Begin solution global equation     at 2026-09-02 16:01:05 
                     istep=         186 iiter=           2
                     conver_load check
 resid=  0.393333319906236      retot=  3.514888882236752E+016
 ratio1=  3.345219108335209E-009 ratio2=  9.190982563334787E-010
 nchek0=           0 toler_force=  1.000000000000000E-005
 nchek=           0
                    conver_nodal_value check
               Convergence check for displacement
 ratio1=  1.507445145252383E-006 ratio2=  3.738056598550640E-006
 nchek=           0
 ngvar in output=           7 nstre=           4
 ***********RESTART FILE IS UPDATED!*******
 time: 16:00:59
 iblks=           1 iincs=           1 istep=         187
 outinp=           0
 iiter=           1
Begin forming various matrix       at 2026-09-02 16:01:05 
 ktsmat=           0
 ntelgroup=           0
Begin solution global equation     at 2026-09-02 16:01:05 
                     istep=         187 iiter=           1
                     conver_load check
 resid=   40277.3634805358      retot=  3.412932133536961E+016
 ratio1=  1.086342301325926E-006 ratio2=  1.339640786545924E-006
 nchek0=           0 toler_force=  1.000000000000000E-005
 nchek=           0
                    conver_nodal_value check
               Convergence check for displacement
 ratio1=  4.539842239431406E-004 ratio2=  4.103769985505490E-003
                            not converged for checki=           1
 iiter=           2
Begin forming various matrix       at 2026-09-02 16:01:05 
 ktsmat=           0
Begin solution global equation     at 2026-09-02 16:01:05 
                     istep=         187 iiter=           2
                     conver_load check
 resid=  5.352397703755762E-002 retot=  3.412932133536961E+016
 ratio1=  1.252305712522661E-009 ratio2=  4.101844240877213E-010
 nchek0=           0 toler_force=  1.000000000000000E-005
 nchek=           0
                    conver_nodal_value check
               Convergence check for displacement
 ratio1=  5.848630294924396E-007 ratio2=  1.348002316154075E-006
 nchek=           0
 ***********RESTART FILE IS UPDATED!*******
 time: 16:00:59
 iblks=           1 iincs=           1 istep=         188
 outinp=           0
 iiter=           1
Begin forming various matrix       at 2026-09-02 16:01:05 
 ktsmat=           0
 ntelgroup=           0
Begin solution global equation     at 2026-09-02 16:01:05 
                     istep=         188 iiter=           1
                     conver_load check
 resid=   442033.036775110      retot=  3.328947356341938E+016
 ratio1=  3.643962515307606E-006 ratio2=  1.621829201672564E-006
 nchek0=           0 toler_force=  1.000000000000000E-005
 nchek=           0
                    conver_nodal_value check
               Convergence check for displacement
 ratio1=  1.095826170121414E-003 ratio2=  2.953786721334577E-003
                            not converged for checki=           1
 iiter=           2
Begin forming various matrix       at 2026-09-02 16:01:05 
 ktsmat=           0
Begin solution global equation     at 2026-09-02 16:01:05 
                     istep=         188 iiter=           2
                     conver_load check
 resid=   1.20846334696902      retot=  3.328947356341938E+016
 ratio1=  6.025086380332986E-009 ratio2=  1.748435422696818E-009
 nchek0=           0 toler_force=  1.000000000000000E-005
 nchek=           0
                    conver_nodal_value check
               Convergence check for displacement
 ratio1=  1.980282573673178E-006 ratio2=  2.885613781485703E-006
 nchek=           0
 ngvar in output=           7 nstre=           4
 ***********RESTART FILE IS UPDATED!*******
 time: 16:00:59
 iblks=           1 iincs=           1 istep=         189
 outinp=           0
 iiter=           1
Begin forming various matrix       at 2026-09-02 16:01:05 
 ktsmat=           0
 ntelgroup=           0
Begin solution global equation     at 2026-09-02 16:01:05 
                     istep=         189 iiter=           1
                     conver_load check
 resid=   350562.076278815      retot=  3.246878341094703E+016
 ratio1=  3.285863045710520E-006 ratio2=  1.616258409100518E-006
 nchek0=           0 toler_force=  1.000000000000000E-005
 nchek=           0
                    conver_nodal_value check
               Convergence check for displacement
 ratio1=  9.793469630812528E-004 ratio2=  3.021572174079730E-003
                            not converged for checki=           1
 iiter=           2
Begin forming various matrix       at 2026-09-02 16:01:05 
 ktsmat=           0
Begin solution global equation     at 2026-09-02 16:01:05 
                     istep=         189 iiter=           2
                     conver_load check
 resid=  0.749331198723858      retot=  3.246878341094703E+016
 ratio1=  4.804009963290784E-009 ratio2=  1.542842186530749E-009
 nchek0=           0 toler_force=  1.000000000000000E-005
 nchek=           0
                    conver_nodal_value check
               Convergence check for displacement
 ratio1=  1.319351322277399E-006 ratio2=  2.126492198874205E-006
 nchek=           0
 ***********RESTART FILE IS UPDATED!*******
 time: 16:00:59
 iblks=           1 iincs=           1 istep=         190
 outinp=           0
 iiter=           1
Begin forming various matrix       at 2026-09-02 16:01:05 
 ktsmat=           0
 ntelgroup=           0
Begin solution global equation     at 2026-09-02 16:01:05 
                     istep=         190 iiter=           1
                     conver_load check
 resid=   310441.212022724      retot=  3.159761749293496E+016
 ratio1=  3.134458444275835E-006 ratio2=  1.335102286059617E-006
 nchek0=           0 toler_force=  1.000000000000000E-005
 nchek=           0
                    conver_nodal_value check
               Convergence check for displacement
 ratio1=  9.204167162791224E-004 ratio2=  2.962918137950964E-003
                            not converged for checki=           1
 iiter=           2
Begin forming various matrix       at 2026-09-02 16:01:05 
 ktsmat=           0
Begin solution global equation     at 2026-09-02 16:01:05 
                     istep=         190 iiter=           2
                     conver_load check
 resid=  0.687372692968339      retot=  3.159761749293496E+016
 ratio1=  4.664111980430424E-009 ratio2=  1.439919748365422E-009
 nchek0=           0 toler_force=  1.000000000000000E-005
 nchek=           0
                    conver_nodal_value check
               Convergence check for displacement
 ratio1=  1.242951870509649E-006 ratio2=  1.965058505390972E-006
 nchek=           0
 ngvar in output=           7 nstre=           4
 ***********RESTART FILE IS UPDATED!*******
 time: 16:00:59
 iblks=           1 iincs=           1 istep=         191
 outinp=           0
 iiter=           1
Begin forming various matrix       at 2026-09-02 16:01:05 
 ktsmat=           0
 ntelgroup=           0
Begin solution global equation     at 2026-09-02 16:01:05 
                     istep=         191 iiter=           1
                     conver_load check
 resid=   546130.082540053      retot=  3.056047996705979E+016
 ratio1=  4.227347644267976E-006 ratio2=  1.857442321738795E-006
 nchek0=           0 toler_force=  1.000000000000000E-005
 nchek=           0
                    conver_nodal_value check
               Convergence check for displacement
 ratio1=  1.186832832697352E-003 ratio2=  3.096497745735112E-003
                            not converged for checki=           1
 iiter=           2
Begin forming various matrix       at 2026-09-02 16:01:05 
 ktsmat=           0
Begin solution global equation     at 2026-09-02 16:01:05 
                     istep=         191 iiter=           2
                     conver_load check
 resid=   1.39505422710959      retot=  3.056047996705979E+016
 ratio1=  6.756401650009198E-009 ratio2=  1.987230304484436E-009
 nchek0=           0 toler_force=  1.000000000000000E-005
 nchek=           0
                    conver_nodal_value check
               Convergence check for displacement
 ratio1=  1.757487629120931E-006 ratio2=  2.732092726367212E-006
 nchek=           0
 ***********RESTART FILE IS UPDATED!*******
 time: 16:00:59
 iblks=           1 iincs=           1 istep=         192
 outinp=           0
 iiter=           1
Begin forming various matrix       at 2026-09-02 16:01:05 
 ktsmat=           0
 ntelgroup=           0
Begin solution global equation     at 2026-09-02 16:01:05 
                     istep=         192 iiter=           1
                     conver_load check
 resid=   243170.052019551      retot=  2.924056145713547E+016
 ratio1=  2.883780429134706E-006 ratio2=  1.229365962633303E-006
 nchek0=           0 toler_force=  1.000000000000000E-005
 nchek=           0
                    conver_nodal_value check
               Convergence check for displacement
 ratio1=  8.358623476839012E-004 ratio2=  3.522605630902344E-003
                            not converged for checki=           1
 iiter=           2
Begin forming various matrix       at 2026-09-02 16:01:05 
 ktsmat=           0
Begin solution global equation     at 2026-09-02 16:01:05 
                     istep=         192 iiter=           2
                     conver_load check
 resid=  0.536170249074069      retot=  2.924056145713547E+016
 ratio1=  4.282116734893841E-009 ratio2=  1.248202656947311E-009
 nchek0=           0 toler_force=  1.000000000000000E-005
 nchek=           0
                    conver_nodal_value check
               Convergence check for displacement
 ratio1=  1.122818523239390E-006 ratio2=  1.706920338161336E-006
 nchek=           0
 ngvar in output=           7 nstre=           4
 ***********RESTART FILE IS UPDATED!*******
 time: 16:00:59
 iblks=           1 iincs=           1 istep=         193
 outinp=           0
 iiter=           1
Begin forming various matrix       at 2026-09-02 16:01:05 
 ktsmat=           0
 ntelgroup=           0
Begin solution global equation     at 2026-09-02 16:01:05 
                     istep=         193 iiter=           1
                     conver_load check
 resid=   231249.962929025      retot=  2.779756242004657E+016
 ratio1=  2.884280400609453E-006 ratio2=  1.315911919152903E-006
 nchek0=           0 toler_force=  1.000000000000000E-005
 nchek=           0
                    conver_nodal_value check
               Convergence check for displacement
 ratio1=  8.231419223990083E-004 ratio2=  3.444698482594066E-003
                            not converged for checki=           1
 iiter=           2
Begin forming various matrix       at 2026-09-02 16:01:05 
 ktsmat=           0
Begin solution global equation     at 2026-09-02 16:01:05 
                     istep=         193 iiter=           2
                     conver_load check
 resid=  0.442728573175172      retot=  2.779756242004657E+016
 ratio1=  3.990850129543968E-009 ratio2=  1.128553834200942E-009
 nchek0=           0 toler_force=  1.000000000000000E-005
 nchek=           0
                    conver_nodal_value check
               Convergence check for displacement
 ratio1=  1.011839560748917E-006 ratio2=  1.504951236739640E-006
 nchek=           0
 ***********RESTART FILE IS UPDATED!*******
 time: 16:00:59
 iblks=           1 iincs=           1 istep=         194
 outinp=           0
 iiter=           1
Begin forming various matrix       at 2026-09-02 16:01:05 
 ktsmat=           0
 ntelgroup=           0
Begin solution global equation     at 2026-09-02 16:01:05 
                     istep=         194 iiter=           1
                     conver_load check
 resid=   502109.989939780      retot=  2.639538517602453E+016
 ratio1=  4.361495504259006E-006 ratio2=  1.821129903842746E-006
 nchek0=           0 toler_force=  1.000000000000000E-005
 nchek=           0
                    conver_nodal_value check
               Convergence check for displacement
 ratio1=  1.152978151579708E-003 ratio2=  2.705782168928331E-003
                            not converged for checki=           1
 iiter=           2
Begin forming various matrix       at 2026-09-02 16:01:05 
 ktsmat=           0
Begin solution global equation     at 2026-09-02 16:01:05 
                     istep=         194 iiter=           2
                     conver_load check
 resid=   1.38216013500439      retot=  2.639538517602453E+016
 ratio1=  7.236276939838006E-009 ratio2=  2.097548225586938E-009
 nchek0=           0 toler_force=  1.000000000000000E-005
 nchek=           0
                    conver_nodal_value check
               Convergence check for displacement
 ratio1=  1.764078438639491E-006 ratio2=  2.643499749356521E-006
 nchek=           0
 ngvar in output=           7 nstre=           4
 ***********RESTART FILE IS UPDATED!*******
 time: 16:00:59
 iblks=           1 iincs=           1 istep=         195
 outinp=           0
 iiter=           1
Begin forming various matrix       at 2026-09-02 16:01:05 
 ktsmat=           0
 ntelgroup=           0
Begin solution global equation     at 2026-09-02 16:01:05 
                     istep=         195 iiter=           1
                     conver_load check
 resid=   175172.382945303      retot=  2.523751997412570E+016
 ratio1=  2.634568416307174E-006 ratio2=  1.491266685165352E-006
 nchek0=           0 toler_force=  1.000000000000000E-005
 nchek=           0
                    conver_nodal_value check
               Convergence check for displacement
 ratio1=  7.581572198641378E-004 ratio2=  2.902222293654245E-003
                            not converged for checki=           1
 iiter=           2
Begin forming various matrix       at 2026-09-02 16:01:05 
 ktsmat=           0
Begin solution global equation     at 2026-09-02 16:01:05 
                     istep=         195 iiter=           2
                     conver_load check
 resid=  0.244120271414459      retot=  2.523751997412570E+016
 ratio1=  3.110130299314387E-009 ratio2=  9.535776647900499E-010
 nchek0=           0 toler_force=  1.000000000000000E-005
 nchek=           0
                    conver_nodal_value check
               Convergence check for displacement
 ratio1=  9.507422560774873E-007 ratio2=  1.599761621336659E-006
 nchek=           0
 ***********RESTART FILE IS UPDATED!*******
 time: 16:00:59
 iblks=           1 iincs=           1 istep=         196
 outinp=           0
 iiter=           1
Begin forming various matrix       at 2026-09-02 16:01:05 
 ktsmat=           0
 ntelgroup=           0
Begin solution global equation     at 2026-09-02 16:01:05 
                     istep=         196 iiter=           1
                     conver_load check
 resid=   327812.604918374      retot=  2.427690493726483E+016
 ratio1=  3.674651569564689E-006 ratio2=  1.556201535840528E-006
 nchek0=           0 toler_force=  1.000000000000000E-005
 nchek=           0
                    conver_nodal_value check
               Convergence check for displacement
 ratio1=  9.659473470081392E-004 ratio2=  2.576152174217560E-003
                            not converged for checki=           1
 iiter=           2
Begin forming various matrix       at 2026-09-02 16:01:05 
 ktsmat=           0
Begin solution global equation     at 2026-09-02 16:01:05 
                     istep=         196 iiter=           2
                     conver_load check
 resid=  0.841605428997022      retot=  2.427690493726483E+016
 ratio1=  5.887861767873811E-009 ratio2=  1.822637614428863E-009
 nchek0=           0 toler_force=  1.000000000000000E-005
 nchek=           0
                    conver_nodal_value check
               Convergence check for displacement
 ratio1=  1.409577213470043E-006 ratio2=  2.034612816648293E-006
 nchek=           0
 ngvar in output=           7 nstre=           4
 ***********RESTART FILE IS UPDATED!*******
 time: 16:00:59
 iblks=           1 iincs=           1 istep=         197
 outinp=           0
 iiter=           1
Begin forming various matrix       at 2026-09-02 16:01:05 
 ktsmat=           0
 ntelgroup=           0
Begin solution global equation     at 2026-09-02 16:01:05 
                     istep=         197 iiter=           1
                     conver_load check
 resid=   764773.100971125      retot=  2.318358089292936E+016
 ratio1=  5.743492305437806E-006 ratio2=  2.837005948260276E-006
 nchek0=           0 toler_force=  1.000000000000000E-005
 nchek=           0
                    conver_nodal_value check
               Convergence check for displacement
 ratio1=  1.437049097858927E-003 ratio2=  3.316886291646072E-003
                            not converged for checki=           1
 iiter=           2
Begin forming various matrix       at 2026-09-02 16:01:05 
 ktsmat=           0
Begin solution global equation     at 2026-09-02 16:01:05 
                     istep=         197 iiter=           2
                     conver_load check
 resid=   1.92529193866046      retot=  2.318358089292936E+016
 ratio1=  9.112930070088187E-009 ratio2=  2.950512304812024E-009
 nchek0=           0 toler_force=  1.000000000000000E-005
 nchek=           0
                    conver_nodal_value check
               Convergence check for displacement
 ratio1=  2.179780970043912E-006 ratio2=  3.171717685260763E-006
 nchek=           0
 ***********RESTART FILE IS UPDATED!*******
 time: 16:00:59
 iblks=           1 iincs=           1 istep=         198
 outinp=           0
 iiter=           1
Begin forming various matrix       at 2026-09-02 16:01:06 
 ktsmat=           0
 ntelgroup=           0
Begin solution global equation     at 2026-09-02 16:01:06 
                     istep=         198 iiter=           1
                     conver_load check
 resid=   147245.304511284      retot=  2.189460503686510E+016
 ratio1=  2.593296474527881E-006 ratio2=  1.402510991365206E-006
 nchek0=           0 toler_force=  1.000000000000000E-005
 nchek=           0
                    conver_nodal_value check
               Convergence check for displacement
 ratio1=  7.238075455465976E-004 ratio2=  2.600099297716672E-003
                            not converged for checki=           1
 iiter=           2
Begin forming various matrix       at 2026-09-02 16:01:06 
 ktsmat=           0
Begin solution global equation     at 2026-09-02 16:01:06 
                     istep=         198 iiter=           2
                     conver_load check
 resid=  0.183744641141260      retot=  2.189460503686510E+016
 ratio1=  2.896935216721666E-009 ratio2=  8.371852224991621E-010
 nchek0=           0 toler_force=  1.000000000000000E-005
 nchek=           0
                    conver_nodal_value check
               Convergence check for displacement
 ratio1=  1.002246431407991E-006 ratio2=  1.995465970737185E-006
 nchek=           0
 ngvar in output=           7 nstre=           4
 ***********RESTART FILE IS UPDATED!*******
 time: 16:00:59
 iblks=           1 iincs=           1 istep=         199
 outinp=           0
 iiter=           1
Begin forming various matrix       at 2026-09-02 16:01:06 
 ktsmat=           0
 ntelgroup=           0
Begin solution global equation     at 2026-09-02 16:01:06 
                     istep=         199 iiter=           1
                     conver_load check
 resid=   185200.950015660      retot=  2.059342512791125E+016
 ratio1=  2.998867741073872E-006 ratio2=  1.588326737243437E-006
 nchek0=           0 toler_force=  1.000000000000000E-005
 nchek=           0
                    conver_nodal_value check
               Convergence check for displacement
 ratio1=  7.751062298187060E-004 ratio2=  2.671716675538725E-003
                            not converged for checki=           1
 iiter=           2
Begin forming various matrix       at 2026-09-02 16:01:06 
 ktsmat=           0
Begin solution global equation     at 2026-09-02 16:01:06 
                     istep=         199 iiter=           2
                     conver_load check
 resid=  0.357484005003670      retot=  2.059342512791125E+016
 ratio1=  4.166429282391496E-009 ratio2=  1.304160273486972E-009
 nchek0=           0 toler_force=  1.000000000000000E-005
 nchek=           0
                    conver_nodal_value check
               Convergence check for displacement
 ratio1=  9.295978197311431E-007 ratio2=  1.410148612659339E-006
 nchek=           0
 ***********RESTART FILE IS UPDATED!*******
 time: 16:00:59
 iblks=           1 iincs=           1 istep=         200
 outinp=           0
 iiter=           1
Begin forming various matrix       at 2026-09-02 16:01:06 
 ktsmat=           0
 ntelgroup=           0
Begin solution global equation     at 2026-09-02 16:01:06 
                     istep=         200 iiter=           1
                     conver_load check
 resid=   119145.790583639      retot=  1.921765206753958E+016
 ratio1=  2.489941757179401E-006 ratio2=  1.648618297895637E-006
 nchek0=           0 toler_force=  1.000000000000000E-005
 nchek=           0
                    conver_nodal_value check
               Convergence check for displacement
 ratio1=  6.902354651955585E-004 ratio2=  2.686590545099929E-003
                            not converged for checki=           1
 iiter=           2
Begin forming various matrix       at 2026-09-02 16:01:06 
 ktsmat=           0
Begin solution global equation     at 2026-09-02 16:01:06 
                     istep=         200 iiter=           2
                     conver_load check
 resid=  0.224386241747823      retot=  1.921765206753958E+016
 ratio1=  3.417023370713877E-009 ratio2=  1.061546597129307E-009
 nchek0=           0 toler_force=  1.000000000000000E-005
 nchek=           0
                    conver_nodal_value check
               Convergence check for displacement
 ratio1=  1.401413128033772E-006 ratio2=  3.220409214891419E-006
 nchek=           0
 ngvar in output=           7 nstre=           4
 ***********RESTART FILE IS UPDATED!*******
 time: 16:00:59
 iblks=           1 iincs=           1 istep=         201
 outinp=           0
 iiter=           1
Begin forming various matrix       at 2026-09-02 16:01:06 
 ktsmat=           0
 ntelgroup=           0
Begin solution global equation     at 2026-09-02 16:01:06 
                     istep=         201 iiter=           1
                     conver_load check
 resid=   69814.1276674362      retot=  1.782704465586874E+016
 ratio1=  1.978937060128501E-006 ratio2=  1.567607288261466E-006
 nchek0=           0 toler_force=  1.000000000000000E-005
 nchek=           0
                    conver_nodal_value check
               Convergence check for displacement
 ratio1=  5.694482668713150E-004 ratio2=  2.459676517328469E-003
                            not converged for checki=           1
 iiter=           2
Begin forming various matrix       at 2026-09-02 16:01:06 
 ktsmat=           0
Begin solution global equation     at 2026-09-02 16:01:06 
                     istep=         201 iiter=           2
                     conver_load check
 resid=  2.510727024034196E-002 retot=  1.782704465586874E+016
 ratio1=  1.186752273449919E-009 ratio2=  3.945894076271666E-010
 nchek0=           0 toler_force=  1.000000000000000E-005
 nchek=           0
                    conver_nodal_value check
               Convergence check for displacement
 ratio1=  2.529836977560334E-007 ratio2=  4.172600804255409E-007
 nchek=           0
 ***********RESTART FILE IS UPDATED!*******
 time: 16:00:59
 iblks=           1 iincs=           1 istep=         202
 outinp=           0
 iiter=           1
Begin forming various matrix       at 2026-09-02 16:01:06 
 ktsmat=           0
 ntelgroup=           0
Begin solution global equation     at 2026-09-02 16:01:06 
                     istep=         202 iiter=           1
                     conver_load check
 resid=   652061.938755263      retot=  1.645940281783412E+016
 ratio1=  6.294154344752495E-006 ratio2=  2.748814146521665E-006
 nchek0=           0 toler_force=  1.000000000000000E-005
 nchek=           0
                    conver_nodal_value check
               Convergence check for displacement
 ratio1=  1.416859535437471E-003 ratio2=  2.951569027043167E-003
                            not converged for checki=           1
 iiter=           2
Begin forming various matrix       at 2026-09-02 16:01:06 
 ktsmat=           0
Begin solution global equation     at 2026-09-02 16:01:06 
                     istep=         202 iiter=           2
                     conver_load check
 resid=   1.88467258335326      retot=  1.645940281783412E+016
 ratio1=  1.070066872941758E-008 ratio2=  3.110867895555341E-009
 nchek0=           0 toler_force=  1.000000000000000E-005
 nchek=           0
                    conver_nodal_value check
               Convergence check for displacement
 ratio1=  2.373964102047860E-006 ratio2=  3.192456251649867E-006
 nchek=           0
 ngvar in output=           7 nstre=           4
 ***********RESTART FILE IS UPDATED!*******
 time: 16:00:59
 iblks=           1 iincs=           1 istep=         203
 outinp=           0
 iiter=           1
Begin forming various matrix       at 2026-09-02 16:01:06 
 ktsmat=           0
 ntelgroup=           0
Begin solution global equation     at 2026-09-02 16:01:06 
                     istep=         203 iiter=           1
                     conver_load check
 resid=   195399.732754109      retot=  1.522737379440059E+016
 ratio1=  3.582197103102048E-006 ratio2=  1.892347216878678E-006
 nchek0=           0 toler_force=  1.000000000000000E-005
 nchek=           0
                    conver_nodal_value check
               Convergence check for displacement
 ratio1=  8.738107869705711E-004 ratio2=  2.914321010155487E-003
                            not converged for checki=           1
 iiter=           2
Begin forming various matrix       at 2026-09-02 16:01:06 
 ktsmat=           0
Begin solution global equation     at 2026-09-02 16:01:06 
                     istep=         203 iiter=           2
                     conver_load check
 resid=  0.222808560747452      retot=  1.522737379440059E+016
 ratio1=  3.825193703921174E-009 ratio2=  1.238250318591207E-009
 nchek0=           0 toler_force=  1.000000000000000E-005
 nchek=           0
                    conver_nodal_value check
               Convergence check for displacement
 ratio1=  7.996602236661559E-007 ratio2=  1.257540859213095E-006
 nchek=           0
 ***********RESTART FILE IS UPDATED!*******
 time: 16:00:59
 iblks=           1 iincs=           1 istep=         204
 outinp=           0
 iiter=           1
Begin forming various matrix       at 2026-09-02 16:01:06 
 ktsmat=           0
 ntelgroup=           0
Begin solution global equation     at 2026-09-02 16:01:06 
                     istep=         204 iiter=           1
                     conver_load check
 resid=   233295.319362953      retot=  1.413008083259536E+016
 ratio1=  4.063316854762486E-006 ratio2=  1.852560822535485E-006
 nchek0=           0 toler_force=  1.000000000000000E-005
 nchek=           0
                    conver_nodal_value check
               Convergence check for displacement
 ratio1=  9.455435412170428E-004 ratio2=  2.838294535476220E-003
                            not converged for checki=           1
 iiter=           2
Begin forming various matrix       at 2026-09-02 16:01:06 
 ktsmat=           0
Begin solution global equation     at 2026-09-02 16:01:06 
                     istep=         204 iiter=           2
                     conver_load check
 resid=  0.507120163368969      retot=  1.413008083259536E+016
 ratio1=  5.990776481775327E-009 ratio2=  1.688394026069251E-009
 nchek0=           0 toler_force=  1.000000000000000E-005
 nchek=           0
                    conver_nodal_value check
               Convergence check for displacement
 ratio1=  1.250327175769977E-006 ratio2=  1.731327809327888E-006
 nchek=           0
 ngvar in output=           7 nstre=           4
 ***********RESTART FILE IS UPDATED!*******
 time: 16:00:59
 iblks=           1 iincs=           1 istep=         205
 outinp=           0
 iiter=           1
Begin forming various matrix       at 2026-09-02 16:01:06 
 ktsmat=           0
 ntelgroup=           0
Begin solution global equation     at 2026-09-02 16:01:06 
                     istep=         205 iiter=           1
                     conver_load check
 resid=   100804.563875330      retot=  1.313258492642281E+016
 ratio1=  2.770543596637971E-006 ratio2=  1.529684763014540E-006
 nchek0=           0 toler_force=  1.000000000000000E-005
 nchek=           0
                    conver_nodal_value check
               Convergence check for displacement
 ratio1=  7.062401874848151E-004 ratio2=  2.670425158458987E-003
                            not converged for checki=           1
 iiter=           2
Begin forming various matrix       at 2026-09-02 16:01:06 
 ktsmat=           0
Begin solution global equation     at 2026-09-02 16:01:06 
                     istep=         205 iiter=           2
                     conver_load check
 resid=  6.679264383512026E-002 retot=  1.313258492642281E+016
 ratio1=  2.255221525874122E-009 ratio2=  7.089738854389121E-010
 nchek0=           0 toler_force=  1.000000000000000E-005
 nchek=           0
                    conver_nodal_value check
               Convergence check for displacement
 ratio1=  7.042857171404928E-007 ratio2=  1.573451142783967E-006
 nchek=           0
 ***********RESTART FILE IS UPDATED!*******
 time: 16:00:59
 iblks=           1 iincs=           1 istep=         206
 outinp=           0
 iiter=           1
Begin forming various matrix       at 2026-09-02 16:01:06 
 ktsmat=           0
 ntelgroup=           0
Begin solution global equation     at 2026-09-02 16:01:06 
                     istep=         206 iiter=           1
                     conver_load check
 resid=   127978.711497610      retot=  1.212656091917421E+016
 ratio1=  3.248628426862943E-006 ratio2=  1.668542806216296E-006
 nchek0=           0 toler_force=  1.000000000000000E-005
 nchek=           0
                    conver_nodal_value check
               Convergence check for displacement
 ratio1=  7.978132650731513E-004 ratio2=  3.170126746809777E-003
                            not converged for checki=           1
 iiter=           2
Begin forming various matrix       at 2026-09-02 16:01:06 
 ktsmat=           0
Begin solution global equation     at 2026-09-02 16:01:06 
                     istep=         206 iiter=           2
                     conver_load check
 resid=  0.262858682128080      retot=  1.212656091917421E+016
 ratio1=  4.655778781129624E-009 ratio2=  1.095091326312604E-009
 nchek0=           0 toler_force=  1.000000000000000E-005
 nchek=           0
                    conver_nodal_value check
               Convergence check for displacement
 ratio1=  1.496616825425118E-006 ratio2=  3.111435006405702E-006
 nchek=           0
 ngvar in output=           7 nstre=           4
 ***********RESTART FILE IS UPDATED!*******
 time: 16:00:59
 iblks=           1 iincs=           1 istep=         207
 outinp=           0
 iiter=           1
Begin forming various matrix       at 2026-09-02 16:01:06 
 ktsmat=           0
 ntelgroup=           0
Begin solution global equation     at 2026-09-02 16:01:06 
                     istep=         207 iiter=           1
                     conver_load check
 resid=   90501.8092966151      retot=  1.104103283051847E+016
 ratio1=  2.863016033617601E-006 ratio2=  2.012689653700425E-006
 nchek0=           0 toler_force=  1.000000000000000E-005
 nchek=           0
                    conver_nodal_value check
               Convergence check for displacement
 ratio1=  7.063553092957941E-004 ratio2=  3.047995526149529E-003
                            not converged for checki=           1
 iiter=           2
Begin forming various matrix       at 2026-09-02 16:01:06 
 ktsmat=           0
Begin solution global equation     at 2026-09-02 16:01:06 
                     istep=         207 iiter=           2
                     conver_load check
 resid=  0.119612126069453      retot=  1.104103283051847E+016
 ratio1=  3.291415835946408E-009 ratio2=  7.859312080912156E-010
 nchek0=           0 toler_force=  1.000000000000000E-005
 nchek=           0
                    conver_nodal_value check
               Convergence check for displacement
 ratio1=  7.167320770714368E-007 ratio2=  9.780984198856793E-007
 nchek=           0
 ***********RESTART FILE IS UPDATED!*******
 time: 16:00:59
 iblks=           1 iincs=           1 istep=         208
 outinp=           0
 iiter=           1
Begin forming various matrix       at 2026-09-02 16:01:06 
 ktsmat=           0
 ntelgroup=           0
Begin solution global equation     at 2026-09-02 16:01:06 
                     istep=         208 iiter=           1
                     conver_load check
 resid=   107903.675756989      retot=  9.971612634742364E+015
 ratio1=  3.289541881048390E-006 ratio2=  1.944035374721685E-006
 nchek0=           0 toler_force=  1.000000000000000E-005
 nchek=           0
                    conver_nodal_value check
               Convergence check for displacement
 ratio1=  7.548027521834907E-004 ratio2=  2.858820405974990E-003
                            not converged for checki=           1
 iiter=           2
Begin forming various matrix       at 2026-09-02 16:01:06 
 ktsmat=           0
Begin solution global equation     at 2026-09-02 16:01:06 
                     istep=         208 iiter=           2
                     conver_load check
 resid=  0.258941915868661      retot=  9.971612634742364E+015
 ratio1=  5.095871626598001E-009 ratio2=  1.306618519952677E-009
 nchek0=           0 toler_force=  1.000000000000000E-005
 nchek=           0
                    conver_nodal_value check
               Convergence check for displacement
 ratio1=  9.616488842098991E-007 ratio2=  1.275929618435336E-006
 nchek=           0
 ngvar in output=           7 nstre=           4
 ***********RESTART FILE IS UPDATED!*******
 time: 16:00:59
 iblks=           1 iincs=           1 istep=         209
 outinp=           0
 iiter=           1
Begin forming various matrix       at 2026-09-02 16:01:06 
 ktsmat=           0
 ntelgroup=           0
Begin solution global equation     at 2026-09-02 16:01:06 
                     istep=         209 iiter=           1
                     conver_load check
 resid=   374266.470838830      retot=  9.052318418664512E+015
 ratio1=  6.429993738237766E-006 ratio2=  2.891058185021287E-006
 nchek0=           0 toler_force=  1.000000000000000E-005
 nchek=           0
                    conver_nodal_value check
               Convergence check for displacement
 ratio1=  1.299587938746710E-003 ratio2=  3.444015056395553E-003
                            not converged for checki=           1
 iiter=           2
Begin forming various matrix       at 2026-09-02 16:01:06 
 ktsmat=           0
Begin solution global equation     at 2026-09-02 16:01:06 
                     istep=         209 iiter=           2
                     conver_load check
 resid=  0.858543262562954      retot=  9.052318418664512E+015
 ratio1=  9.738704340860286E-009 ratio2=  2.721137617035324E-009
 nchek0=           0 toler_force=  1.000000000000000E-005
 nchek=           0
                    conver_nodal_value check
               Convergence check for displacement
 ratio1=  2.164130828977530E-006 ratio2=  2.964979083196607E-006
 nchek=           0
 ***********RESTART FILE IS UPDATED!*******
 time: 16:00:59
 iblks=           1 iincs=           1 istep=         210
 outinp=           0
 iiter=           1
Begin forming various matrix       at 2026-09-02 16:01:06 
 ktsmat=           0
 ntelgroup=           0
Begin solution global equation     at 2026-09-02 16:01:06 
                     istep=         210 iiter=           1
                     conver_load check
 resid=   71699.7921321675      retot=  8.181889496308404E+015
 ratio1=  2.960275585997112E-006 ratio2=  2.175976425367781E-006
 nchek0=           0 toler_force=  1.000000000000000E-005
 nchek=           0
                    conver_nodal_value check
               Convergence check for displacement
 ratio1=  6.987599077752318E-004 ratio2=  3.066351380016976E-003
                            not converged for checki=           1
 iiter=           2
Begin forming various matrix       at 2026-09-02 16:01:06 
 ktsmat=           0
Begin solution global equation     at 2026-09-02 16:01:06 
                     istep=         210 iiter=           2
                     conver_load check
 resid=  6.867204032261967E-002 retot=  8.181889496308404E+015
 ratio1=  2.897097895486487E-009 ratio2=  7.198346770685744E-010
 nchek0=           0 toler_force=  1.000000000000000E-005
 nchek=           0
                    conver_nodal_value check
               Convergence check for displacement
 ratio1=  9.741608040595935E-007 ratio2=  2.313220081706371E-006
 nchek=           0
 ngvar in output=           7 nstre=           4
 ***********RESTART FILE IS UPDATED!*******
 time: 16:00:59
 iblks=           1 iincs=           1 istep=         211
 outinp=           0
 iiter=           1
Begin forming various matrix       at 2026-09-02 16:01:06 
 ktsmat=           0
 ntelgroup=           0
Begin solution global equation     at 2026-09-02 16:01:06 
                     istep=         211 iiter=           1
                     conver_load check
 resid=   47406.8367479197      retot=  7.378740258567282E+015
 ratio1=  2.534716415312558E-006 ratio2=  2.131985241847095E-006
 nchek0=           0 toler_force=  1.000000000000000E-005
 nchek=           0
                    conver_nodal_value check
               Convergence check for displacement
 ratio1=  6.568410942125741E-004 ratio2=  3.203891503399558E-003
                            not converged for checki=           1
 iiter=           2
Begin forming various matrix       at 2026-09-02 16:01:06 
 ktsmat=           0
Begin solution global equation     at 2026-09-02 16:01:06 
                     istep=         211 iiter=           2
                     conver_load check
 resid=  5.842967981270432E-002 retot=  7.378740258567282E+015
 ratio1=  2.814010034674083E-009 ratio2=  9.776322204578311E-010
 nchek0=           0 toler_force=  1.000000000000000E-005
 nchek=           0
                    conver_nodal_value check
               Convergence check for displacement
 ratio1=  1.332805551057817E-006 ratio2=  3.267270019761642E-006
 nchek=           0
 ***********RESTART FILE IS UPDATED!*******
 time: 16:00:59
 iblks=           1 iincs=           1 istep=         212
 outinp=           0
 iiter=           1
Begin forming various matrix       at 2026-09-02 16:01:06 
 ktsmat=           0
 ntelgroup=           0
Begin solution global equation     at 2026-09-02 16:01:06 
                     istep=         212 iiter=           1
                     conver_load check
 resid=   56231.1043897559      retot=  6.663056383086473E+015
 ratio1=  2.905036293002822E-006 ratio2=  2.736860822010208E-006
 nchek0=           0 toler_force=  1.000000000000000E-005
 nchek=           0
                    conver_nodal_value check
               Convergence check for displacement
 ratio1=  6.866192420364716E-004 ratio2=  3.476710875786646E-003
                            not converged for checki=           1
 iiter=           2
Begin forming various matrix       at 2026-09-02 16:01:06 
 ktsmat=           0
Begin solution global equation     at 2026-09-02 16:01:06 
                     istep=         212 iiter=           2
                     conver_load check
 resid=  8.062468166682007E-002 retot=  6.663056383086473E+015
 ratio1=  3.478542087260556E-009 ratio2=  1.034208671040394E-009
 nchek0=           0 toler_force=  1.000000000000000E-005
 nchek=           0
                    conver_nodal_value check
               Convergence check for displacement
 ratio1=  1.590182920127071E-006 ratio2=  3.856374270372077E-006
 nchek=           0
 ngvar in output=           7 nstre=           4
 ***********RESTART FILE IS UPDATED!*******
 time: 16:00:59
 iblks=           1 iincs=           1 istep=         213
 outinp=           0
 iiter=           1
Begin forming various matrix       at 2026-09-02 16:01:06 
 ktsmat=           0
 ntelgroup=           0
Begin solution global equation     at 2026-09-02 16:01:06 
                     istep=         213 iiter=           1
                     conver_load check
 resid=   170062.735590212      retot=  6.016030776870964E+015
 ratio1=  5.316790594990205E-006 ratio2=  2.752630032128265E-006
 nchek0=           0 toler_force=  1.000000000000000E-005
 nchek=           0
                    conver_nodal_value check
               Convergence check for displacement
 ratio1=  1.017290414461008E-003 ratio2=  3.167246468825019E-003
                            not converged for checki=           1
 iiter=           2
Begin forming various matrix       at 2026-09-02 16:01:06 
 ktsmat=           0
Begin solution global equation     at 2026-09-02 16:01:06 
                     istep=         213 iiter=           2
                     conver_load check
 resid=  0.382337756467968      retot=  6.016030776870964E+015
 ratio1=  7.972023477630675E-009 ratio2=  2.408839179510235E-009
 nchek0=           0 toler_force=  1.000000000000000E-005
 nchek=           0
                    conver_nodal_value check
               Convergence check for displacement
 ratio1=  1.818115022069918E-006 ratio2=  3.488722188158499E-006
 nchek=           0
 ***********RESTART FILE IS UPDATED!*******
 time: 16:00:59
 iblks=           1 iincs=           1 istep=         214
 outinp=           0
 iiter=           1
Begin forming various matrix       at 2026-09-02 16:01:06 
 ktsmat=           0
 ntelgroup=           0
Begin solution global equation     at 2026-09-02 16:01:06 
                     istep=         214 iiter=           1
                     conver_load check
 resid=   115329.486905727      retot=  5.483176172095697E+015
 ratio1=  4.586211511025506E-006 ratio2=  3.204680074113419E-006
 nchek0=           0 toler_force=  1.000000000000000E-005
 nchek=           0
                    conver_nodal_value check
               Convergence check for displacement
 ratio1=  9.046944617297589E-004 ratio2=  3.422994714482268E-003
                            not converged for checki=           1
 iiter=           2
Begin forming various matrix       at 2026-09-02 16:01:06 
 ktsmat=           0
Begin solution global equation     at 2026-09-02 16:01:06 
                     istep=         214 iiter=           2
                     conver_load check
 resid=  0.119680280955622      retot=  5.483176172095697E+015
 ratio1=  4.671917876819523E-009 ratio2=  1.665238402917681E-009
 nchek0=           0 toler_force=  1.000000000000000E-005
 nchek=           0
                    conver_nodal_value check
               Convergence check for displacement
 ratio1=  7.975154152903822E-007 ratio2=  1.172178850908680E-006
 nchek=           0
 ngvar in output=           7 nstre=           4
 ***********RESTART FILE IS UPDATED!*******
 time: 16:00:59
 iblks=           1 iincs=           1 istep=         215
 outinp=           0
 iiter=           1
Begin forming various matrix       at 2026-09-02 16:01:06 
 ktsmat=           0
 ntelgroup=           0
Begin solution global equation     at 2026-09-02 16:01:06 
                     istep=         215 iiter=           1
                     conver_load check
 resid=   74680.4898926624      retot=  5.130150932833433E+015
 ratio1=  3.815386228624042E-006 ratio2=  2.543984794457450E-006
 nchek0=           0 toler_force=  1.000000000000000E-005
 nchek=           0
                    conver_nodal_value check
               Convergence check for displacement
 ratio1=  8.021468582370637E-004 ratio2=  3.181976407513105E-003
                            not converged for checki=           1
 iiter=           2
Begin forming various matrix       at 2026-09-02 16:01:06 
 ktsmat=           0
Begin solution global equation     at 2026-09-02 16:01:06 
                     istep=         215 iiter=           2
                     conver_load check
 resid=  7.959658988524956E-002 retot=  5.130150932833433E+015
 ratio1=  3.938965342787535E-009 ratio2=  1.328098516216404E-009
 nchek0=           0 toler_force=  1.000000000000000E-005
 nchek=           0
                    conver_nodal_value check
               Convergence check for displacement
 ratio1=  1.069831380277751E-006 ratio2=  2.295400802793215E-006
 nchek=           0
 ***********RESTART FILE IS UPDATED!*******
 time: 16:00:59
 iblks=           1 iincs=           1 istep=         216
 outinp=           0
 iiter=           1
Begin forming various matrix       at 2026-09-02 16:01:06 
 ktsmat=           0
 ntelgroup=           0
Begin solution global equation     at 2026-09-02 16:01:06 
                     istep=         216 iiter=           1
                     conver_load check
 resid=   76494.6641607467      retot=  4.796688007404381E+015
 ratio1=  3.993418590973352E-006 ratio2=  2.440192042416761E-006
 nchek0=           0 toler_force=  1.000000000000000E-005
 nchek=           0
                    conver_nodal_value check
               Convergence check for displacement
 ratio1=  8.182917038947285E-004 ratio2=  3.477543683279061E-003
                            not converged for checki=           1
 iiter=           2
Begin forming various matrix       at 2026-09-02 16:01:06 
 ktsmat=           0
Begin solution global equation     at 2026-09-02 16:01:06 
                     istep=         216 iiter=           2
                     conver_load check
 resid=  0.177157438002973      retot=  4.796688007404381E+015
 ratio1=  6.077275992793975E-009 ratio2=  1.913975961086584E-009
 nchek0=           0 toler_force=  1.000000000000000E-005
 nchek=           0
                    conver_nodal_value check
               Convergence check for displacement
 ratio1=  1.488145602954951E-006 ratio2=  2.490095959076073E-006
 nchek=           0
 ngvar in output=           7 nstre=           4
 ***********RESTART FILE IS UPDATED!*******
 time: 16:00:59
 iblks=           1 iincs=           1 istep=         217
 outinp=           0
 iiter=           1
Begin forming various matrix       at 2026-09-02 16:01:06 
 ktsmat=           0
 ntelgroup=           0
Begin solution global equation     at 2026-09-02 16:01:06 
                     istep=         217 iiter=           1
                     conver_load check
 resid=   197761.088324094      retot=  4.270879088663424E+015
 ratio1=  6.804743877168444E-006 ratio2=  2.846955410902469E-006
 nchek0=           0 toler_force=  1.000000000000000E-005
 nchek=           0
                    conver_nodal_value check
               Convergence check for displacement
 ratio1=  1.276832391309348E-003 ratio2=  3.315364800282357E-003
                            not converged for checki=           1
 iiter=           2
Begin forming various matrix       at 2026-09-02 16:01:06 
 ktsmat=           0
Begin solution global equation     at 2026-09-02 16:01:06 
                     istep=         217 iiter=           2
                     conver_load check
 resid=  0.412772084500956      retot=  4.270879088663424E+015
 ratio1=  9.830973400984574E-009 ratio2=  2.893746041288642E-009
 nchek0=           0 toler_force=  1.000000000000000E-005
 nchek=           0
                    conver_nodal_value check
               Convergence check for displacement
 ratio1=  1.974304555628536E-006 ratio2=  2.480724590039042E-006
 nchek=           0
 ***********RESTART FILE IS UPDATED!*******
 time: 16:00:59
 iblks=           1 iincs=           1 istep=         218
 outinp=           0
 iiter=           1
Begin forming various matrix       at 2026-09-02 16:01:06 
 ktsmat=           0
 ntelgroup=           0
Begin solution global equation     at 2026-09-02 16:01:06 
                     istep=         218 iiter=           1
                     conver_load check
 resid=   348799.736554531      retot=  3.910326440162410E+015
 ratio1=  9.444556453341782E-006 ratio2=  4.099252232994613E-006
 nchek0=           0 toler_force=  1.000000000000000E-005
 nchek=           0
                    conver_nodal_value check
               Convergence check for displacement
 ratio1=  1.777409025337762E-003 ratio2=  3.512367022853271E-003
                            not converged for checki=           1
 iiter=           2
Begin forming various matrix       at 2026-09-02 16:01:06 
 ktsmat=           0
Begin solution global equation     at 2026-09-02 16:01:06 
                     istep=         218 iiter=           2
                     conver_load check
 resid=  0.869864466899816      retot=  3.910326440162410E+015
 ratio1=  1.491486367276458E-008 ratio2=  4.025633414131095E-009
 nchek0=           0 toler_force=  1.000000000000000E-005
 nchek=           0
                    conver_nodal_value check
               Convergence check for displacement
 ratio1=  3.645748477536858E-006 ratio2=  7.102356742899120E-006
 nchek=           0
 ngvar in output=           7 nstre=           4
 ***********RESTART FILE IS UPDATED!*******
 time: 16:00:59
 iblks=           1 iincs=           1 istep=         219
 outinp=           0
 iiter=           1
Begin forming various matrix       at 2026-09-02 16:01:06 
 ktsmat=           0
 ntelgroup=           0
Begin solution global equation     at 2026-09-02 16:01:06 
                     istep=         219 iiter=           1
                     conver_load check
 resid=   51825.0779098226      retot=  3.914318857348272E+015
 ratio1=  3.638663395108748E-006 ratio2=  2.257689373889517E-006
 nchek0=           0 toler_force=  1.000000000000000E-005
 nchek=           0
                    conver_nodal_value check
               Convergence check for displacement
 ratio1=  8.173351661120298E-004 ratio2=  4.328160309615576E-003
                            not converged for checki=           1
 iiter=           2
Begin forming various matrix       at 2026-09-02 16:01:06 
 ktsmat=           0
Begin solution global equation     at 2026-09-02 16:01:06 
                     istep=         219 iiter=           2
                     conver_load check
 resid=  4.231215890336090E-002 retot=  3.914318857348272E+015
 ratio1=  3.287793196852967E-009 ratio2=  1.054094945271143E-009
 nchek0=           0 toler_force=  1.000000000000000E-005
 nchek=           0
                    conver_nodal_value check
               Convergence check for displacement
 ratio1=  7.837967891474772E-007 ratio2=  1.350925510715920E-006
 nchek=           0
 ***********RESTART FILE IS UPDATED!*******
 time: 16:00:59
 iblks=           1 iincs=           1 istep=         220
 outinp=           0
 iiter=           1
Begin forming various matrix       at 2026-09-02 16:01:06 
 ktsmat=           0
 ntelgroup=           0
Begin solution global equation     at 2026-09-02 16:01:06 
                     istep=         220 iiter=           1
                     conver_load check
 resid=   233060.122073278      retot=  3.578706565367126E+015
 ratio1=  8.069951781192890E-006 ratio2=  3.784057211826713E-006
 nchek0=           0 toler_force=  1.000000000000000E-005
 nchek=           0
                    conver_nodal_value check
               Convergence check for displacement
 ratio1=  1.602067355695724E-003 ratio2=  4.833896657822900E-003
                            not converged for checki=           1
 iiter=           2
Begin forming various matrix       at 2026-09-02 16:01:06 
 ktsmat=           0
Begin solution global equation     at 2026-09-02 16:01:06 
                     istep=         220 iiter=           2
                     conver_load check
 resid=  0.586716500312521      retot=  3.578706565367126E+015
 ratio1=  1.280416040129691E-008 ratio2=  3.780333930106704E-009
 nchek0=           0 toler_force=  1.000000000000000E-005
 nchek=           0
                    conver_nodal_value check
               Convergence check for displacement
 ratio1=  2.371808443806237E-006 ratio2=  3.151368569360983E-006
 nchek=           0
 ngvar in output=           7 nstre=           4
 ***********RESTART FILE IS UPDATED!*******
 time: 16:00:59
 iblks=           1 iincs=           1 istep=         221
 outinp=           0
 iiter=           1
Begin forming various matrix       at 2026-09-02 16:01:06 
 ktsmat=           0
 ntelgroup=           0
Begin solution global equation     at 2026-09-02 16:01:06 
                     istep=         221 iiter=           1
                     conver_load check
 resid=   33691.5136544646      retot=  2.923356524480345E+015
 ratio1=  3.394840459934466E-006 ratio2=  2.140344609801032E-006
 nchek0=           0 toler_force=  1.000000000000000E-005
 nchek=           0
                    conver_nodal_value check
               Convergence check for displacement
 ratio1=  7.840501355345080E-004 ratio2=  3.752076504688152E-003
                            not converged for checki=           1
 iiter=           2
Begin forming various matrix       at 2026-09-02 16:01:06 
 ktsmat=           0
Begin solution global equation     at 2026-09-02 16:01:06 
                     istep=         221 iiter=           2
                     conver_load check
 resid=  3.840948840213503E-002 retot=  2.923356524480345E+015
 ratio1=  3.624752593966676E-009 ratio2=  1.328326148723608E-009
 nchek0=           0 toler_force=  1.000000000000000E-005
 nchek=           0
                    conver_nodal_value check
               Convergence check for displacement
 ratio1=  1.351848367716817E-006 ratio2=  2.684856110862504E-006
 nchek=           0
 ***********RESTART FILE IS UPDATED!*******
 time: 16:00:59
 iblks=           1 iincs=           1 istep=         222
 outinp=           0
 iiter=           1
Begin forming various matrix       at 2026-09-02 16:01:06 
 ktsmat=           0
 ntelgroup=           0
Begin solution global equation     at 2026-09-02 16:01:06 
                     istep=         222 iiter=           1
                     conver_load check
 resid=   50830.5380359834      retot=  2.207954097315033E+015
 ratio1=  4.798078324719598E-006 ratio2=  3.603591307496683E-006
 nchek0=           0 toler_force=  1.000000000000000E-005
 nchek=           0
                    conver_nodal_value check
               Convergence check for displacement
 ratio1=  9.310742877546429E-004 ratio2=  3.603353747560606E-003
                            not converged for checki=           1
 iiter=           2
Begin forming various matrix       at 2026-09-02 16:01:06 
 ktsmat=           0
Begin solution global equation     at 2026-09-02 16:01:06 
                     istep=         222 iiter=           2
                     conver_load check
 resid=  9.573919936210511E-002 retot=  2.207954097315033E+015
 ratio1=  6.584910484028891E-009 ratio2=  1.749356829731903E-009
 nchek0=           0 toler_force=  1.000000000000000E-005
 nchek=           0
                    conver_nodal_value check
               Convergence check for displacement
 ratio1=  1.181423190002576E-006 ratio2=  1.427395000512803E-006
 nchek=           0
 ngvar in output=           7 nstre=           4
 ***********RESTART FILE IS UPDATED!*******
 time: 16:00:59
 iblks=           1 iincs=           1 istep=         223
 outinp=           0
 iiter=           1
Begin forming various matrix       at 2026-09-02 16:01:06 
 ktsmat=           0
 ntelgroup=           0
Begin solution global equation     at 2026-09-02 16:01:06 
                     istep=         223 iiter=           1
                     conver_load check
 resid=   67680.6502664495      retot=  1.556214320390996E+015
 ratio1=  6.594738172345554E-006 ratio2=  3.784576119221570E-006
 nchek0=           0 toler_force=  1.000000000000000E-005
 nchek=           0
                    conver_nodal_value check
               Convergence check for displacement
 ratio1=  1.173421777760012E-003 ratio2=  5.063336279971407E-003
                            not converged for checki=           1
 iiter=           2
Begin forming various matrix       at 2026-09-02 16:01:06 
 ktsmat=           0
Begin solution global equation     at 2026-09-02 16:01:06 
                     istep=         223 iiter=           2
                     conver_load check
 resid=  0.127574096633235      retot=  1.556214320390996E+015
 ratio1=  9.054126274852656E-009 ratio2=  2.903988173190121E-009
 nchek0=           0 toler_force=  1.000000000000000E-005
 nchek=           0
                    conver_nodal_value check
               Convergence check for displacement
 ratio1=  2.158536711308730E-006 ratio2=  3.692019016739365E-006
 nchek=           0
 ***********RESTART FILE IS UPDATED!*******
 time: 16:00:59
 iblks=           1 iincs=           1 istep=         224
 outinp=           0
 iiter=           1
Begin forming various matrix       at 2026-09-02 16:01:06 
 ktsmat=           0
 ntelgroup=           0
Begin solution global equation     at 2026-09-02 16:01:06 
                     istep=         224 iiter=           1
                     conver_load check
 resid=   38556.5795920691      retot=  1.084075029754622E+015
 ratio1=  5.963752058458621E-006 ratio2=  4.344717239939754E-006
 nchek0=           0 toler_force=  1.000000000000000E-005
 nchek=           0
                    conver_nodal_value check
               Convergence check for displacement
 ratio1=  1.012282913606482E-003 ratio2=  3.071455248990113E-003
                            not converged for checki=           1
 iiter=           2
Begin forming various matrix       at 2026-09-02 16:01:06 
 ktsmat=           0
Begin solution global equation     at 2026-09-02 16:01:06 
                     istep=         224 iiter=           2
                     conver_load check
 resid=  0.130949600163781      retot=  1.084075029754622E+015
 ratio1=  1.099062570326487E-008 ratio2=  3.763688615423805E-009
 nchek0=           0 toler_force=  1.000000000000000E-005
 nchek=           0
                    conver_nodal_value check
               Convergence check for displacement
 ratio1=  3.520952024921102E-006 ratio2=  7.496339659338977E-006
 nchek=           0
 ngvar in output=           7 nstre=           4
 ***********RESTART FILE IS UPDATED!*******
 time: 16:00:59
 iblks=           1 iincs=           1 istep=         225
 outinp=           0
 iiter=           1
Begin forming various matrix       at 2026-09-02 16:01:06 
 ktsmat=           0
 ntelgroup=           0
Begin solution global equation     at 2026-09-02 16:01:06 
                     istep=         225 iiter=           1
                     conver_load check
 resid=   210174.477448308      retot=   940510236399478.     
 ratio1=  1.494886516897691E-005 ratio2=  6.263475488699028E-006
 nchek0=           0 toler_force=  1.000000000000000E-005
 nchek=           1
 iiter=           2
Begin forming various matrix       at 2026-09-02 16:01:06 
 ktsmat=           0
Begin solution global equation     at 2026-09-02 16:01:06 
                     istep=         225 iiter=           2
                     conver_load check
 resid=  0.718102681723680      retot=   940510236399478.     
 ratio1=  2.763194850884794E-008 ratio2=  7.659370931263776E-009
 nchek0=           0 toler_force=  1.000000000000000E-005
 nchek=           0
                    conver_nodal_value check
               Convergence check for displacement
 ratio1=  5.015145225831491E-006 ratio2=  7.343664391418474E-006
 nchek=           0
 ***********RESTART FILE IS UPDATED!*******
 time: 16:00:59
 iblks=           1 iincs=           1 istep=         226
 outinp=           0
 iiter=           1
Begin forming various matrix       at 2026-09-02 16:01:06 
 ktsmat=           0
 ntelgroup=           0
Begin solution global equation     at 2026-09-02 16:01:06 
                     istep=         226 iiter=           1
                     conver_load check
 resid=   90267.5047858348      retot=  1.038828480785286E+015
 ratio1=  9.321671516750889E-006 ratio2=  4.664768519997023E-006
 nchek0=           0 toler_force=  1.000000000000000E-005
 nchek=           0
                    conver_nodal_value check
               Convergence check for displacement
 ratio1=  1.579916850492008E-003 ratio2=  4.926696215015963E-003
                            not converged for checki=           1
 iiter=           2
Begin forming various matrix       at 2026-09-02 16:01:06 
 ktsmat=           0
Begin solution global equation     at 2026-09-02 16:01:06 
                     istep=         226 iiter=           2
                     conver_load check
 resid=  0.164815101633296      retot=  1.038828480785286E+015
 ratio1=  1.259582381775407E-008 ratio2=  3.628737804068867E-009
 nchek0=           0 toler_force=  1.000000000000000E-005
 nchek=           0
                    conver_nodal_value check
               Convergence check for displacement
 ratio1=  2.336513030672980E-006 ratio2=  3.404996352896254E-006
 nchek=           0
 ngvar in output=           7 nstre=           4
 ***********RESTART FILE IS UPDATED!*******
 time: 16:00:59
 iblks=           1 iincs=           1 istep=         227
 outinp=           0
 iiter=           1
Begin forming various matrix       at 2026-09-02 16:01:06 
 ktsmat=           0
 ntelgroup=           0
Begin solution global equation     at 2026-09-02 16:01:06 
                     istep=         227 iiter=           1
                     conver_load check
 resid=   253791.537698536      retot=  1.403964442341162E+015
 ratio1=  1.344499094860270E-005 ratio2=  4.659383522301068E-006
 nchek0=           0 toler_force=  1.000000000000000E-005
 nchek=           1
 iiter=           2
Begin forming various matrix       at 2026-09-02 16:01:06 
 ktsmat=           0
Begin solution global equation     at 2026-09-02 16:01:06 
                     istep=         227 iiter=           2
                     conver_load check
 resid=  0.765029755144090      retot=  1.403964442341162E+015
 ratio1=  2.334323859892107E-008 ratio2=  6.728088338733099E-009
 nchek0=           0 toler_force=  1.000000000000000E-005
 nchek=           0
                    conver_nodal_value check
               Convergence check for displacement
 ratio1=  5.219804455963659E-006 ratio2=  6.624454035417570E-006
 nchek=           0
 ***********RESTART FILE IS UPDATED!*******
 time: 16:00:59
 iblks=           1 iincs=           1 istep=         228
 outinp=           0
 iiter=           1
Begin forming various matrix       at 2026-09-02 16:01:06 
 ktsmat=           0
 ntelgroup=           0
Begin solution global equation     at 2026-09-02 16:01:06 
                     istep=         228 iiter=           1
                     conver_load check
 resid=   183493.944110254      retot=  1.947934272782088E+015
 ratio1=  9.705629718701150E-006 ratio2=  4.466979081236046E-006
 nchek0=           0 toler_force=  1.000000000000000E-005
 nchek=           0
                    conver_nodal_value check
               Convergence check for displacement
 ratio1=  2.637864349585552E-003 ratio2=  5.313202894925651E-003
                            not converged for checki=           1
 iiter=           2
Begin forming various matrix       at 2026-09-02 16:01:06 
 ktsmat=           0
Begin solution global equation     at 2026-09-02 16:01:06 
                     istep=         228 iiter=           2
                     conver_load check
 resid=  0.597846828429597      retot=  1.947934272782088E+015
 ratio1=  1.751893960426738E-008 ratio2=  4.665819842336371E-009
 nchek0=           0 toler_force=  1.000000000000000E-005
 nchek=           0
                    conver_nodal_value check
               Convergence check for displacement
 ratio1=  5.067696097105442E-006 ratio2=  4.434268718755829E-006
 nchek=           0
 ngvar in output=           7 nstre=           4
 ***********RESTART FILE IS UPDATED!*******
 time: 16:00:59
 iblks=           1 iincs=           1 istep=         229
 outinp=           0
 iiter=           1
Begin forming various matrix       at 2026-09-02 16:01:06 
 ktsmat=           0
 ntelgroup=           0
Begin solution global equation     at 2026-09-02 16:01:06 
                     istep=         229 iiter=           1
                     conver_load check
 resid=   127864.009976993      retot=  2.031592247645476E+015
 ratio1=  7.933336701131062E-006 ratio2=  4.193299897557127E-006
 nchek0=           0 toler_force=  1.000000000000000E-005
 nchek=           0
                    conver_nodal_value check
               Convergence check for displacement
 ratio1=  2.584304708203650E-003 ratio2=  6.591426783855899E-003
                            not converged for checki=           1
 iiter=           2
Begin forming various matrix       at 2026-09-02 16:01:06 
 ktsmat=           0
Begin solution global equation     at 2026-09-02 16:01:06 
                     istep=         229 iiter=           2
                     conver_load check
 resid=  0.385428339153666      retot=  2.031592247645476E+015
 ratio1=  1.377379288725780E-008 ratio2=  3.959233051740525E-009
 nchek0=           0 toler_force=  1.000000000000000E-005
 nchek=           0
                    conver_nodal_value check
               Convergence check for displacement
 ratio1=  4.348964662064771E-006 ratio2=  4.046398941061638E-006
 nchek=           0
 ***********RESTART FILE IS UPDATED!*******
 time: 16:00:59
 iblks=           1 iincs=           1 istep=         230
 outinp=           0
 iiter=           1
Begin forming various matrix       at 2026-09-02 16:01:06 
 ktsmat=           0
 ntelgroup=           0
Begin solution global equation     at 2026-09-02 16:01:06 
                     istep=         230 iiter=           1
                     conver_load check
 resid=   453740.132040144      retot=  2.390302194109028E+015
 ratio1=  1.377771482887234E-005 ratio2=  7.212058588209352E-006
 nchek0=           0 toler_force=  1.000000000000000E-005
 nchek=           1
 iiter=           2
Begin forming various matrix       at 2026-09-02 16:01:06 
 ktsmat=           0
Begin solution global equation     at 2026-09-02 16:01:06 
                     istep=         230 iiter=           2
                     conver_load check
 resid=  0.975298161362722      retot=  2.390302194109028E+015
 ratio1=  2.019957805630176E-008 ratio2=  6.996265657778941E-009
 nchek0=           0 toler_force=  1.000000000000000E-005
 nchek=           0
                    conver_nodal_value check
               Convergence check for displacement
 ratio1=  9.038211782177159E-006 ratio2=  1.172704371360329E-005
                            not converged for checki=           1
 iiter=           3
Begin forming various matrix       at 2026-09-02 16:01:06 
 ktsmat=           0
Begin solution global equation     at 2026-09-02 16:01:06 
                     istep=         230 iiter=           3
                     conver_load check
 resid=  6.582695740153742E-006 retot=  2.390302194109028E+015
 ratio1=  5.247778379283620E-011 ratio2=  1.650066678984657E-011
 nchek0=           0 toler_force=  1.000000000000000E-005
 nchek=           0
                    conver_nodal_value check
               Convergence check for displacement
 ratio1=  3.563941002128331E-008 ratio2=  6.663462239225235E-008
 nchek=           0
 ngvar in output=           7 nstre=           4
 ***********RESTART FILE IS UPDATED!*******
 time: 16:00:59
 iblks=           1 iincs=           1 istep=         231
 outinp=           0
 iiter=           1
Begin forming various matrix       at 2026-09-02 16:01:07 
 ktsmat=           0
 ntelgroup=           0
Begin solution global equation     at 2026-09-02 16:01:07 
                     istep=         231 iiter=           1
                     conver_load check
 resid=   481617.668329174      retot=  2.825838346030040E+015
 ratio1=  1.305502020601512E-005 ratio2=  7.159253804393696E-006
 nchek0=           0 toler_force=  1.000000000000000E-005
 nchek=           1
 iiter=           2
Begin forming various matrix       at 2026-09-02 16:01:07 
 ktsmat=           0
Begin solution global equation     at 2026-09-02 16:01:07 
                     istep=         231 iiter=           2
                     conver_load check
 resid=   1.15996468564868      retot=  2.825838346030040E+015
 ratio1=  2.026043318732766E-008 ratio2=  7.282502611216038E-009
 nchek0=           0 toler_force=  1.000000000000000E-005
 nchek=           0
                    conver_nodal_value check
               Convergence check for displacement
 ratio1=  9.974650248270413E-006 ratio2=  1.004296309665318E-005
                            not converged for checki=           1
 iiter=           3
Begin forming various matrix       at 2026-09-02 16:01:07 
 ktsmat=           0
Begin solution global equation     at 2026-09-02 16:01:07 
                     istep=         231 iiter=           3
                     conver_load check
 resid=  1.208439089334199E-005 retot=  2.825838346030040E+015
 ratio1=  6.539412383972361E-011 ratio2=  2.447723987111815E-011
 nchek0=           0 toler_force=  1.000000000000000E-005
 nchek=           0
                    conver_nodal_value check
               Convergence check for displacement
 ratio1=  4.677840456221130E-008 ratio2=  6.565718027505752E-008
 nchek=           0
 ***********RESTART FILE IS UPDATED!*******
 time: 16:00:59
 iblks=           1 iincs=           1 istep=         232
 outinp=           0
 iiter=           1
Begin forming various matrix       at 2026-09-02 16:01:07 
 ktsmat=           0
 ntelgroup=           0
Begin solution global equation     at 2026-09-02 16:01:07 
                     istep=         232 iiter=           1
                     conver_load check
 resid=   136052.335367648      retot=  3.063463774134091E+015
 ratio1=  6.664178573409684E-006 ratio2=  4.186907537831501E-006
 nchek0=           0 toler_force=  1.000000000000000E-005
 nchek=           0
                    conver_nodal_value check
               Convergence check for displacement
 ratio1=  4.478081782834564E-003 ratio2=  9.313651657461012E-003
                            not converged for checki=           1
 iiter=           2
Begin forming various matrix       at 2026-09-02 16:01:07 
 ktsmat=           0
Begin solution global equation     at 2026-09-02 16:01:07 
                     istep=         232 iiter=           2
                     conver_load check
 resid=  0.220057809450405      retot=  3.063463774134091E+015
 ratio1=  8.475435403332611E-009 ratio2=  3.049794098825945E-009
 nchek0=           0 toler_force=  1.000000000000000E-005
 nchek=           0
                    conver_nodal_value check
               Convergence check for displacement
 ratio1=  1.024258899199602E-005 ratio2=  1.853569251476177E-005
                            not converged for checki=           1
 iiter=           3
Begin forming various matrix       at 2026-09-02 16:01:07 
 ktsmat=           0
Begin solution global equation     at 2026-09-02 16:01:07 
                     istep=         232 iiter=           3
                     conver_load check
 resid=  2.457698734027841E-006 retot=  3.063463774134091E+015
 ratio1=  2.832421930544321E-011 ratio2=  1.322557894121651E-011
 nchek0=           0 toler_force=  1.000000000000000E-005
 nchek=           0
                    conver_nodal_value check
               Convergence check for displacement
 ratio1=  6.097460839783332E-008 ratio2=  1.243633933237626E-007
 nchek=           0
 ngvar in output=           7 nstre=           4
 ***********RESTART FILE IS UPDATED!*******
 time: 16:00:59
 iblks=           1 iincs=           1 istep=         233
 outinp=           0
 iiter=           1
Begin forming various matrix       at 2026-09-02 16:01:07 
 ktsmat=           0
 ntelgroup=           0
Begin solution global equation     at 2026-09-02 16:01:07 
                     istep=         233 iiter=           1
                     conver_load check
 resid=   49640.3088451837      retot=  3.643388190447734E+015
 ratio1=  3.691173967696674E-006 ratio2=  3.747982999452902E-006
 nchek0=           0 toler_force=  1.000000000000000E-005
 nchek=           0
                    conver_nodal_value check
               Convergence check for displacement
 ratio1=  3.326405205890686E-003 ratio2=  1.297365108342931E-002
                            not converged for checki=           1
 iiter=           2
Begin forming various matrix       at 2026-09-02 16:01:07 
 ktsmat=           0
Begin solution global equation     at 2026-09-02 16:01:07 
                     istep=         233 iiter=           2
                     conver_load check
 resid=  7.622673409456499E-002 retot=  3.643388190447734E+015
 ratio1=  4.574050270463268E-009 ratio2=  1.615067781526719E-009
 nchek0=           0 toler_force=  1.000000000000000E-005
 nchek=           0
                    conver_nodal_value check
               Convergence check for displacement
 ratio1=  4.678496355537428E-006 ratio2=  7.177950739624222E-006
 nchek=           0
 ***********RESTART FILE IS UPDATED!*******
 time: 16:00:59
 iblks=           1 iincs=           1 istep=         234
 outinp=           0
 iiter=           1
Begin forming various matrix       at 2026-09-02 16:01:07 
 ktsmat=           0
 ntelgroup=           0
Begin solution global equation     at 2026-09-02 16:01:07 
                     istep=         234 iiter=           1
                     conver_load check
 resid=   22212.5668379571      retot=  4.379507847834398E+015
 ratio1=  2.252095067235193E-006 ratio2=  2.305830873540876E-006
 nchek0=           0 toler_force=  1.000000000000000E-005
 nchek=           0
                    conver_nodal_value check
               Convergence check for displacement
 ratio1=  2.820780139718366E-003 ratio2=  1.289530634431692E-002
                            not converged for checki=           1
 iiter=           2
Begin forming various matrix       at 2026-09-02 16:01:07 
 ktsmat=           0
Begin solution global equation     at 2026-09-02 16:01:07 
                     istep=         234 iiter=           2
                     conver_load check
 resid=  9.035339420176440E-003 retot=  4.379507847834398E+015
 ratio1=  1.436347693936491E-009 ratio2=  4.624640766773463E-010
 nchek0=           0 toler_force=  1.000000000000000E-005
 nchek=           0
                    conver_nodal_value check
               Convergence check for displacement
 ratio1=  3.040999569999403E-006 ratio2=  5.756233958126105E-006
 nchek=           0
 ngvar in output=           7 nstre=           4
 ***********RESTART FILE IS UPDATED!*******
 time: 16:00:59
 iblks=           1 iincs=           1 istep=         235
 outinp=           0
 iiter=           1
Begin forming various matrix       at 2026-09-02 16:01:07 
 ktsmat=           0
 ntelgroup=           0
Begin solution global equation     at 2026-09-02 16:01:07 
                     istep=         235 iiter=           1
                     conver_load check
 resid=   85707.0824965654      retot=  5.006284515169455E+015
 ratio1=  4.137619901225235E-006 ratio2=  2.493381724372225E-006
 nchek0=           0 toler_force=  1.000000000000000E-005
 nchek=           0
                    conver_nodal_value check
               Convergence check for displacement
 ratio1=  4.769997665845334E-003 ratio2=  1.356461551879848E-002
                            not converged for checki=           1
 iiter=           2
Begin forming various matrix       at 2026-09-02 16:01:07 
 ktsmat=           0
Begin solution global equation     at 2026-09-02 16:01:07 
                     istep=         235 iiter=           2
                     conver_load check
 resid=  0.158779991005749      retot=  5.006284515169455E+015
 ratio1=  5.631707919981405E-009 ratio2=  2.370897383590487E-009
 nchek0=           0 toler_force=  1.000000000000000E-005
 nchek=           0
                    conver_nodal_value check
               Convergence check for displacement
 ratio1=  7.371037381457171E-006 ratio2=  1.087514417804859E-005
                            not converged for checki=           1
 iiter=           3
Begin forming various matrix       at 2026-09-02 16:01:07 
 ktsmat=           0
Begin solution global equation     at 2026-09-02 16:01:07 
                     istep=         235 iiter=           3
                     conver_load check
 resid=  1.107718484815658E-006 retot=  5.006284515169455E+015
 ratio1=  1.487499874201047E-011 ratio2=  5.620114603803854E-012
 nchek0=           0 toler_force=  1.000000000000000E-005
 nchek=           0
                    conver_nodal_value check
               Convergence check for displacement
 ratio1=  3.352779157756367E-008 ratio2=  6.812912765027476E-008
 nchek=           0
 ***********RESTART FILE IS UPDATED!*******
 time: 16:00:59
 iblks=           1 iincs=           1 istep=         236
 outinp=           0
 iiter=           1
Begin forming various matrix       at 2026-09-02 16:01:07 
 ktsmat=           0
 ntelgroup=           0
Begin solution global equation     at 2026-09-02 16:01:07 
                     istep=         236 iiter=           1
                     conver_load check
 resid=   31751.8469030272      retot=  5.423242382368657E+015
 ratio1=  2.419663584541403E-006 ratio2=  2.091987294559569E-006
 nchek0=           0 toler_force=  1.000000000000000E-005
 nchek=           0
                    conver_nodal_value check
               Convergence check for displacement
 ratio1=  2.959758408527913E-003 ratio2=  1.126651076989756E-002
                            not converged for checki=           1
 iiter=           2
Begin forming various matrix       at 2026-09-02 16:01:07 
 ktsmat=           0
Begin solution global equation     at 2026-09-02 16:01:07 
                     istep=         236 iiter=           2
                     conver_load check
 resid=  5.841527464172357E-002 retot=  5.423242382368657E+015
 ratio1=  3.281963176607417E-009 ratio2=  1.257663216773516E-009
 nchek0=           0 toler_force=  1.000000000000000E-005
 nchek=           0
                    conver_nodal_value check
               Convergence check for displacement
 ratio1=  3.622419245951506E-006 ratio2=  3.956249083151254E-006
 nchek=           0
 ngvar in output=           7 nstre=           4
 ***********RESTART FILE IS UPDATED!*******
 time: 16:00:59
 iblks=           1 iincs=           1 istep=         237
 outinp=           0
 iiter=           1
Begin forming various matrix       at 2026-09-02 16:01:07 
 ktsmat=           0
 ntelgroup=           0
Begin solution global equation     at 2026-09-02 16:01:07 
                     istep=         237 iiter=           1
                     conver_load check
 resid=   115084.279761072      retot=  5.530456229250796E+015
 ratio1=  4.561708421812675E-006 ratio2=  2.814860144883890E-006
 nchek0=           0 toler_force=  1.000000000000000E-005
 nchek=           0
                    conver_nodal_value check
               Convergence check for displacement
 ratio1=  4.411256153174843E-003 ratio2=  1.252112440425126E-002
                            not converged for checki=           1
 iiter=           2
Begin forming various matrix       at 2026-09-02 16:01:07 
 ktsmat=           0
Begin solution global equation     at 2026-09-02 16:01:07 
                     istep=         237 iiter=           2
                     conver_load check
 resid=  0.253602683753640      retot=  5.530456229250796E+015
 ratio1=  6.771680246203967E-009 ratio2=  2.422336588686654E-009
 nchek0=           0 toler_force=  1.000000000000000E-005
 nchek=           0
                    conver_nodal_value check
               Convergence check for displacement
 ratio1=  7.535989859223392E-006 ratio2=  1.086125971838939E-005
                            not converged for checki=           1
 iiter=           3
Begin forming various matrix       at 2026-09-02 16:01:07 
 ktsmat=           0
Begin solution global equation     at 2026-09-02 16:01:07 
                     istep=         237 iiter=           3
                     conver_load check
 resid=  1.805864512474747E-006 retot=  5.530456229250796E+015
 ratio1=  1.807016433182480E-011 ratio2=  6.163458162588830E-012
 nchek0=           0 toler_force=  1.000000000000000E-005
 nchek=           0
                    conver_nodal_value check
               Convergence check for displacement
 ratio1=  3.230235781273679E-008 ratio2=  6.328523218216584E-008
 nchek=           0
 ***********RESTART FILE IS UPDATED!*******
 time: 16:00:59
 iblks=           1 iincs=           1 istep=         238
 outinp=           0
 iiter=           1
Begin forming various matrix       at 2026-09-02 16:01:07 
 ktsmat=           0
 ntelgroup=           0
Begin solution global equation     at 2026-09-02 16:01:07 
                     istep=         238 iiter=           1
                     conver_load check
 resid=   349027.319089167      retot=  5.797155230150003E+015
 ratio1=  7.759294684032704E-006 ratio2=  4.662828303522475E-006
 nchek0=           0 toler_force=  1.000000000000000E-005
 nchek=           0
                    conver_nodal_value check
               Convergence check for displacement
 ratio1=  6.361303882447199E-003 ratio2=  1.380189051818757E-002
                            not converged for checki=           1
 iiter=           2
Begin forming various matrix       at 2026-09-02 16:01:07 
 ktsmat=           0
Begin solution global equation     at 2026-09-02 16:01:07 
                     istep=         238 iiter=           2
                     conver_load check
 resid=  0.861406546731160      retot=  5.797155230150003E+015
 ratio1=  1.218980109764893E-008 ratio2=  4.619072854270897E-009
 nchek0=           0 toler_force=  1.000000000000000E-005
 nchek=           0
                    conver_nodal_value check
               Convergence check for displacement
 ratio1=  9.811103257404737E-006 ratio2=  1.033187111944089E-005
                            not converged for checki=           1
 iiter=           3
Begin forming various matrix       at 2026-09-02 16:01:07 
 ktsmat=           0
Begin solution global equation     at 2026-09-02 16:01:07 
                     istep=         238 iiter=           3
                     conver_load check
 resid=  9.098822566751034E-006 retot=  5.797155230150003E+015
 ratio1=  3.961732363370638E-011 ratio2=  1.565111255801607E-011
 nchek0=           0 toler_force=  1.000000000000000E-005
 nchek=           0
                    conver_nodal_value check
               Convergence check for displacement
 ratio1=  4.695065782015579E-008 ratio2=  7.299849152417180E-008
 nchek=           0
 ngvar in output=           7 nstre=           4
 ***********RESTART FILE IS UPDATED!*******
 time: 16:00:59
 iblks=           1 iincs=           1 istep=         239
 outinp=           0
 iiter=           1
Begin forming various matrix       at 2026-09-02 16:01:07 
 ktsmat=           0
 ntelgroup=           0
Begin solution global equation     at 2026-09-02 16:01:07 
                     istep=         239 iiter=           1
                     conver_load check
 resid=   707682.166909041      retot=  5.882093650388879E+015
 ratio1=  1.096864948967196E-005 ratio2=  6.276656655411136E-006
 nchek0=           0 toler_force=  1.000000000000000E-005
 nchek=           1
 iiter=           2
Begin forming various matrix       at 2026-09-02 16:01:07 
 ktsmat=           0
Begin solution global equation     at 2026-09-02 16:01:07 
                     istep=         239 iiter=           2
                     conver_load check
 resid=   1.43255213739275      retot=  5.882093650388879E+015
 ratio1=  1.560591550229603E-008 ratio2=  5.802814570179358E-009
 nchek0=           0 toler_force=  1.000000000000000E-005
 nchek=           0
                    conver_nodal_value check
               Convergence check for displacement
 ratio1=  1.049323209090617E-005 ratio2=  1.292332923937641E-005
                            not converged for checki=           1
 iiter=           3
Begin forming various matrix       at 2026-09-02 16:01:07 
 ktsmat=           0
Begin solution global equation     at 2026-09-02 16:01:07 
                     istep=         239 iiter=           3
                     conver_load check
 resid=  1.340347567323925E-005 retot=  5.882093650388879E+015
 ratio1=  4.773563980794155E-011 ratio2=  1.662702971339196E-011
 nchek0=           0 toler_force=  1.000000000000000E-005
 nchek=           0
                    conver_nodal_value check
               Convergence check for displacement
 ratio1=  4.212900683389283E-008 ratio2=  5.442087113276525E-008
 nchek=           0
 ***********RESTART FILE IS UPDATED!*******
 time: 16:00:59
 iblks=           1 iincs=           1 istep=         240
 outinp=           0
 iiter=           1
Begin forming various matrix       at 2026-09-02 16:01:07 
 ktsmat=           0
 ntelgroup=           0
Begin solution global equation     at 2026-09-02 16:01:07 
                     istep=         240 iiter=           1
                     conver_load check
 resid=   573758.314767327      retot=  5.940806767304946E+015
 ratio1=  9.827471269579876E-006 ratio2=  5.334644893735095E-006
 nchek0=           0 toler_force=  1.000000000000000E-005
 nchek=           0
                    conver_nodal_value check
               Convergence check for displacement
 ratio1=  6.312660728029050E-003 ratio2=  1.261729160908959E-002
                            not converged for checki=           1
 iiter=           2
Begin forming various matrix       at 2026-09-02 16:01:07 
 ktsmat=           0
Begin solution global equation     at 2026-09-02 16:01:07 
                     istep=         240 iiter=           2
                     conver_load check
 resid=   1.03085714578708      retot=  5.940806767304946E+015
 ratio1=  1.317275242547668E-008 ratio2=  4.843357762791881E-009
 nchek0=           0 toler_force=  1.000000000000000E-005
 nchek=           0
                    conver_nodal_value check
               Convergence check for displacement
 ratio1=  7.744371640934030E-006 ratio2=  1.092516342787548E-005
                            not converged for checki=           1
 iiter=           3
Begin forming various matrix       at 2026-09-02 16:01:07 
 ktsmat=           0
Begin solution global equation     at 2026-09-02 16:01:07 
                     istep=         240 iiter=           3
                     conver_load check
 resid=  8.635424956157096E-006 retot=  5.940806767304946E+015
 ratio1=  3.812581567730598E-011 ratio2=  1.217072411954865E-011
 nchek0=           0 toler_force=  1.000000000000000E-005
 nchek=           0
                    conver_nodal_value check
               Convergence check for displacement
 ratio1=  2.686298257468082E-008 ratio2=  2.745397001139721E-008
 nchek=           0
 ngvar in output=           7 nstre=           4
 ***********RESTART FILE IS UPDATED!*******
 time: 16:00:59
 iblks=           1 iincs=           1 istep=         241
 outinp=           0
 iiter=           1
Begin forming various matrix       at 2026-09-02 16:01:07 
 ktsmat=           0
 ntelgroup=           0
Begin solution global equation     at 2026-09-02 16:01:07 
                     istep=         241 iiter=           1
                     conver_load check
 resid=   54067.1217083505      retot=  6.402132087993984E+015
 ratio1=  2.906058215540512E-006 ratio2=  2.308590286062665E-006
 nchek0=           0 toler_force=  1.000000000000000E-005
 nchek=           0
                    conver_nodal_value check
               Convergence check for displacement
 ratio1=  2.202700474483078E-003 ratio2=  8.596620366804310E-003
                            not converged for checki=           1
 iiter=           2
Begin forming various matrix       at 2026-09-02 16:01:07 
 ktsmat=           0
Begin solution global equation     at 2026-09-02 16:01:07 
                     istep=         241 iiter=           2
                     conver_load check
 resid=  7.784190507622761E-003 retot=  6.402132087993984E+015
 ratio1=  1.102667090211521E-009 ratio2=  4.122744265818782E-010
 nchek0=           0 toler_force=  1.000000000000000E-005
 nchek=           0
                    conver_nodal_value check
               Convergence check for displacement
 ratio1=  7.396604740730351E-007 ratio2=  1.090798575741472E-006
 nchek=           0
 ***********RESTART FILE IS UPDATED!*******
 time: 16:00:59
 iblks=           1 iincs=           1 istep=         242
 outinp=           0
 iiter=           1
Begin forming various matrix       at 2026-09-02 16:01:07 
 ktsmat=           0
 ntelgroup=           0
Begin solution global equation     at 2026-09-02 16:01:07 
                     istep=         242 iiter=           1
                     conver_load check
 resid=   54105.7460914340      retot=  6.769383240799940E+015
 ratio1=  2.827138885763179E-006 ratio2=  2.361066096836955E-006
 nchek0=           0 toler_force=  1.000000000000000E-005
 nchek=           0
                    conver_nodal_value check
               Convergence check for displacement
 ratio1=  1.955903868529986E-003 ratio2=  1.115219556108246E-002
                            not converged for checki=           1
 iiter=           2
Begin forming various matrix       at 2026-09-02 16:01:07 
 ktsmat=           0
Begin solution global equation     at 2026-09-02 16:01:07 
                     istep=         242 iiter=           2
                     conver_load check
 resid=  0.126400445700989      retot=  6.769383240799940E+015
 ratio1=  4.321154074375944E-009 ratio2=  1.391785306858288E-009
 nchek0=           0 toler_force=  1.000000000000000E-005
 nchek=           0
                    conver_nodal_value check
               Convergence check for displacement
 ratio1=  3.351449990857899E-006 ratio2=  6.272234798742839E-006
 nchek=           0
 ngvar in output=           7 nstre=           4
 ***********RESTART FILE IS UPDATED!*******
 time: 16:00:59
 iblks=           1 iincs=           1 istep=         243
 outinp=           0
 iiter=           1
Begin forming various matrix       at 2026-09-02 16:01:07 
 ktsmat=           0
 ntelgroup=           0
Begin solution global equation     at 2026-09-02 16:01:07 
                     istep=         243 iiter=           1
                     conver_load check
 resid=   53954.4803749715      retot=  7.004229129353513E+015
 ratio1=  2.775451130539648E-006 ratio2=  3.005507837409078E-006
 nchek0=           0 toler_force=  1.000000000000000E-005
 nchek=           0
                    conver_nodal_value check
               Convergence check for displacement
 ratio1=  1.828436919058569E-003 ratio2=  1.075961790591201E-002
                            not converged for checki=           1
 iiter=           2
Begin forming various matrix       at 2026-09-02 16:01:07 
 ktsmat=           0
Begin solution global equation     at 2026-09-02 16:01:07 
                     istep=         243 iiter=           2
                     conver_load check
 resid=  4.193569707997993E-002 retot=  7.004229129353513E+015
 ratio1=  2.446874871310108E-009 ratio2=  6.863679769671049E-010
 nchek0=           0 toler_force=  1.000000000000000E-005
 nchek=           0
                    conver_nodal_value check
               Convergence check for displacement
 ratio1=  1.453768675098839E-006 ratio2=  2.343249658694571E-006
 nchek=           0
 ***********RESTART FILE IS UPDATED!*******
 time: 16:00:59
 iblks=           1 iincs=           1 istep=         244
 outinp=           0
 iiter=           1
Begin forming various matrix       at 2026-09-02 16:01:07 
 ktsmat=           0
 ntelgroup=           0
Begin solution global equation     at 2026-09-02 16:01:07 
                     istep=         244 iiter=           1
                     conver_load check
 resid=   197121.086279131      retot=  7.318868752665300E+015
 ratio1=  5.189727591004053E-006 ratio2=  2.521977625726977E-006
 nchek0=           0 toler_force=  1.000000000000000E-005
 nchek=           0
                    conver_nodal_value check
               Convergence check for displacement
 ratio1=  2.703156677899022E-003 ratio2=  1.088258927176562E-002
                            not converged for checki=           1
 iiter=           2
Begin forming various matrix       at 2026-09-02 16:01:07 
 ktsmat=           0
Begin solution global equation     at 2026-09-02 16:01:07 
                     istep=         244 iiter=           2
                     conver_load check
 resid=  0.275750475657815      retot=  7.318868752665300E+015
 ratio1=  6.138131037425595E-009 ratio2=  2.021102456812516E-009
 nchek0=           0 toler_force=  1.000000000000000E-005
 nchek=           0
                    conver_nodal_value check
               Convergence check for displacement
 ratio1=  2.859795025798800E-006 ratio2=  5.122721401189623E-006
 nchek=           0
 ngvar in output=           7 nstre=           4
 ***********RESTART FILE IS UPDATED!*******
 time: 16:00:59
 iblks=           1 iincs=           1 istep=         245
 outinp=           0
 iiter=           1
Begin forming various matrix       at 2026-09-02 16:01:07 
 ktsmat=           0
 ntelgroup=           0
Begin solution global equation     at 2026-09-02 16:01:07 
                     istep=         245 iiter=           1
                     conver_load check
 resid=   44776.2357724306      retot=  7.707959764609946E+015
 ratio1=  2.410205487266070E-006 ratio2=  1.575330286497307E-006
 nchek0=           0 toler_force=  1.000000000000000E-005
 nchek=           0
                    conver_nodal_value check
               Convergence check for displacement
 ratio1=  1.449474020893066E-003 ratio2=  9.040347658866917E-003
                            not converged for checki=           1
 iiter=           2
Begin forming various matrix       at 2026-09-02 16:01:07 
 ktsmat=           0
Begin solution global equation     at 2026-09-02 16:01:07 
                     istep=         245 iiter=           2
                     conver_load check
 resid=  8.054078064222205E-003 retot=  7.707959764609946E+015
 ratio1=  1.022205463517419E-009 ratio2=  3.944997285483867E-010
 nchek0=           0 toler_force=  1.000000000000000E-005
 nchek=           0
                    conver_nodal_value check
               Convergence check for displacement
 ratio1=  6.396886596904448E-007 ratio2=  1.509001215109629E-006
 nchek=           0
 ***********RESTART FILE IS UPDATED!*******
 time: 16:00:59
 iblks=           1 iincs=           1 istep=         246
 outinp=           0
 iiter=           1
Begin forming various matrix       at 2026-09-02 16:01:07 
 ktsmat=           0
 ntelgroup=           0
Begin solution global equation     at 2026-09-02 16:01:07 
                     istep=         246 iiter=           1
                     conver_load check
 resid=   90371.8956153379      retot=  8.118864569003650E+015
 ratio1=  3.336330360196040E-006 ratio2=  2.319156755238243E-006
 nchek0=           0 toler_force=  1.000000000000000E-005
 nchek=           0
                    conver_nodal_value check
               Convergence check for displacement
 ratio1=  1.783989060285907E-003 ratio2=  7.889879216367418E-003
                            not converged for checki=           1
 iiter=           2
Begin forming various matrix       at 2026-09-02 16:01:07 
 ktsmat=           0
Begin solution global equation     at 2026-09-02 16:01:07 
                     istep=         246 iiter=           2
                     conver_load check
 resid=  0.110371643746392      retot=  8.118864569003650E+015
 ratio1=  3.687067655653629E-009 ratio2=  1.153340032010814E-009
 nchek0=           0 toler_force=  1.000000000000000E-005
 nchek=           0
                    conver_nodal_value check
               Convergence check for displacement
 ratio1=  1.754753271296966E-006 ratio2=  2.840908922432636E-006
 nchek=           0
 ngvar in output=           7 nstre=           4
 ***********RESTART FILE IS UPDATED!*******
 time: 16:00:59
 iblks=           1 iincs=           1 istep=         247
 outinp=           0
 iiter=           1
Begin forming various matrix       at 2026-09-02 16:01:07 
 ktsmat=           0
 ntelgroup=           0
Begin solution global equation     at 2026-09-02 16:01:07 
                     istep=         247 iiter=           1
                     conver_load check
 resid=   65545.8752631799      retot=  8.565369429725119E+015
 ratio1=  2.766302275823509E-006 ratio2=  2.191526748617555E-006
 nchek0=           0 toler_force=  1.000000000000000E-005
 nchek=           0
                    conver_nodal_value check
               Convergence check for displacement
 ratio1=  1.519211274953151E-003 ratio2=  8.156661425331216E-003
                            not converged for checki=           1
 iiter=           2
Begin forming various matrix       at 2026-09-02 16:01:07 
 ktsmat=           0
Begin solution global equation     at 2026-09-02 16:01:07 
                     istep=         247 iiter=           2
                     conver_load check
 resid=  5.047974116898907E-002 retot=  8.565369429725119E+015
 ratio1=  2.427646850138377E-009 ratio2=  7.214991176141827E-010
 nchek0=           0 toler_force=  1.000000000000000E-005
 nchek=           0
                    conver_nodal_value check
               Convergence check for displacement
 ratio1=  2.394243500021150E-006 ratio2=  7.271334376740308E-006
 nchek=           0
 ***********RESTART FILE IS UPDATED!*******
 time: 16:00:59
 iblks=           1 iincs=           1 istep=         248
 outinp=           0
 iiter=           1
Begin forming various matrix       at 2026-09-02 16:01:07 
 ktsmat=           0
 ntelgroup=           0
Begin solution global equation     at 2026-09-02 16:01:07 
                     istep=         248 iiter=           1
                     conver_load check
 resid=   86763.1192859223      retot=  8.845194633632660E+015
 ratio1=  3.131943232692758E-006 ratio2=  2.421357605329645E-006
 nchek0=           0 toler_force=  1.000000000000000E-005
 nchek=           0
                    conver_nodal_value check
               Convergence check for displacement
 ratio1=  1.532002655727952E-003 ratio2=  9.065549295101023E-003
                            not converged for checki=           1
 iiter=           2
Begin forming various matrix       at 2026-09-02 16:01:07 
 ktsmat=           0
Begin solution global equation     at 2026-09-02 16:01:07 
                     istep=         248 iiter=           2
                     conver_load check
 resid=  0.231550390994327      retot=  8.845194633632660E+015
 ratio1=  5.116453865057467E-009 ratio2=  1.593985963852658E-009
 nchek0=           0 toler_force=  1.000000000000000E-005
 nchek=           0
                    conver_nodal_value check
               Convergence check for displacement
 ratio1=  2.081144616964167E-006 ratio2=  3.337689034111151E-006
 nchek=           0
 ngvar in output=           7 nstre=           4
 ***********RESTART FILE IS UPDATED!*******
 time: 16:00:59
 iblks=           1 iincs=           1 istep=         249
 outinp=           0
 iiter=           1
Begin forming various matrix       at 2026-09-02 16:01:07 
 ktsmat=           0
 ntelgroup=           0
Begin solution global equation     at 2026-09-02 16:01:07 
                     istep=         249 iiter=           1
                     conver_load check
 resid=   42978.5915688268      retot=  8.945736877792076E+015
 ratio1=  2.191886337606113E-006 ratio2=  1.588147691540074E-006
 nchek0=           0 toler_force=  1.000000000000000E-005
 nchek=           0
                    conver_nodal_value check
               Convergence check for displacement
 ratio1=  1.178620173092016E-003 ratio2=  7.038890913734377E-003
                            not converged for checki=           1
 iiter=           2
Begin forming various matrix       at 2026-09-02 16:01:07 
 ktsmat=           0
Begin solution global equation     at 2026-09-02 16:01:07 
                     istep=         249 iiter=           2
                     conver_load check
 resid=  8.901952318720421E-002 retot=  8.945736877792076E+015
 ratio1=  3.154529345454493E-009 ratio2=  1.082443517796653E-009
 nchek0=           0 toler_force=  1.000000000000000E-005
 nchek=           0
                    conver_nodal_value check
               Convergence check for displacement
 ratio1=  2.854775522881277E-006 ratio2=  8.912873821243295E-006
 nchek=           0
 ***********RESTART FILE IS UPDATED!*******
 time: 16:00:59
 iblks=           1 iincs=           1 istep=         250
 outinp=           0
 iiter=           1
Begin forming various matrix       at 2026-09-02 16:01:07 
 ktsmat=           0
 ntelgroup=           0
Begin solution global equation     at 2026-09-02 16:01:07 
                     istep=         250 iiter=           1
                     conver_load check
 resid=   91551.8721992385      retot=  9.167128542985322E+015
 ratio1=  3.160217359369696E-006 ratio2=  2.350515461302325E-006
 nchek0=           0 toler_force=  1.000000000000000E-005
 nchek=           0
                    conver_nodal_value check
               Convergence check for displacement
 ratio1=  1.353983597023721E-003 ratio2=  6.212998621320587E-003
                            not converged for checki=           1
 iiter=           2
Begin forming various matrix       at 2026-09-02 16:01:07 
 ktsmat=           0
Begin solution global equation     at 2026-09-02 16:01:07 
                     istep=         250 iiter=           2
                     conver_load check
 resid=  0.101611279487385      retot=  9.167128542985322E+015
 ratio1=  3.329310492216573E-009 ratio2=  1.338105325403727E-009
 nchek0=           0 toler_force=  1.000000000000000E-005
 nchek=           0
                    conver_nodal_value check
               Convergence check for displacement
 ratio1=  1.209473857755042E-006 ratio2=  2.391782041194703E-006
 nchek=           0
 ngvar in output=           7 nstre=           4
 ***********RESTART FILE IS UPDATED!*******
 time: 16:00:59
 iblks=           1 iincs=           1 istep=         251
 outinp=           0
 iiter=           1
Begin forming various matrix       at 2026-09-02 16:01:07 
 ktsmat=           0
 ntelgroup=           0
Begin solution global equation     at 2026-09-02 16:01:07 
                     istep=         251 iiter=           1
                     conver_load check
 resid=   106947.334217884      retot=  9.430679164916202E+015
 ratio1=  3.367545689424960E-006 ratio2=  2.281229841984871E-006
 nchek0=           0 toler_force=  1.000000000000000E-005
 nchek=           0
                    conver_nodal_value check
               Convergence check for displacement
 ratio1=  1.366527908525676E-003 ratio2=  6.436056359672456E-003
                            not converged for checki=           1
 iiter=           2
Begin forming various matrix       at 2026-09-02 16:01:07 
 ktsmat=           0
Begin solution global equation     at 2026-09-02 16:01:07 
                     istep=         251 iiter=           2
                     conver_load check
 resid=  0.154080501440055      retot=  9.430679164916202E+015
 ratio1=  4.042056282641099E-009 ratio2=  1.628790546401315E-009
 nchek0=           0 toler_force=  1.000000000000000E-005
 nchek=           0
                    conver_nodal_value check
               Convergence check for displacement
 ratio1=  1.925499890957429E-006 ratio2=  4.464953079217265E-006
 nchek=           0
 ***********RESTART FILE IS UPDATED!*******
 time: 16:00:59
 iblks=           1 iincs=           1 istep=         252
 outinp=           0
 iiter=           1
Begin forming various matrix       at 2026-09-02 16:01:07 
 ktsmat=           0
 ntelgroup=           0
Begin solution global equation     at 2026-09-02 16:01:07 
                     istep=         252 iiter=           1
                     conver_load check
 resid=   231948.077337848      retot=  9.210698904071138E+015
 ratio1=  5.018213052277978E-006 ratio2=  2.300385338920266E-006
 nchek0=           0 toler_force=  1.000000000000000E-005
 nchek=           0
                    conver_nodal_value check
               Convergence check for displacement
 ratio1=  1.846976287617920E-003 ratio2=  5.650466996336363E-003
                            not converged for checki=           1
 iiter=           2
Begin forming various matrix       at 2026-09-02 16:01:07 
 ktsmat=           0
Begin solution global equation     at 2026-09-02 16:01:07 
                     istep=         252 iiter=           2
                     conver_load check
 resid=  0.633257539034555      retot=  9.210698904071138E+015
 ratio1=  8.291705938685265E-009 ratio2=  3.002064910255911E-009
 nchek0=           0 toler_force=  1.000000000000000E-005
 nchek=           0
                    conver_nodal_value check
               Convergence check for displacement
 ratio1=  2.816503715359212E-006 ratio2=  4.903213617648982E-006
 nchek=           0
 ngvar in output=           7 nstre=           4
 ***********RESTART FILE IS UPDATED!*******
 time: 16:00:59
 iblks=           1 iincs=           1 istep=         253
 outinp=           0
 iiter=           1
Begin forming various matrix       at 2026-09-02 16:01:07 
 ktsmat=           0
 ntelgroup=           0
Begin solution global equation     at 2026-09-02 16:01:07 
                     istep=         253 iiter=           1
                     conver_load check
 resid=   47173.5783055025      retot=  8.737235299103531E+015
 ratio1=  2.323605492564689E-006 ratio2=  1.920116649096830E-006
 nchek0=           0 toler_force=  1.000000000000000E-005
 nchek=           0
                    conver_nodal_value check
               Convergence check for displacement
 ratio1=  9.747455015273042E-004 ratio2=  5.200957509400422E-003
                            not converged for checki=           1
 iiter=           2
Begin forming various matrix       at 2026-09-02 16:01:07 
 ktsmat=           0
Begin solution global equation     at 2026-09-02 16:01:07 
                     istep=         253 iiter=           2
                     conver_load check
 resid=  5.382645443315315E-002 retot=  8.737235299103531E+015
 ratio1=  2.482051971819493E-009 ratio2=  8.205099564369130E-010
 nchek0=           0 toler_force=  1.000000000000000E-005
 nchek=           0
                    conver_nodal_value check
               Convergence check for displacement
 ratio1=  1.151219039991944E-006 ratio2=  2.906995824430441E-006
 nchek=           0
 ***********RESTART FILE IS UPDATED!*******
 time: 16:00:59
 iblks=           1 iincs=           1 istep=         254
 outinp=           0
 iiter=           1
Begin forming various matrix       at 2026-09-02 16:01:07 
 ktsmat=           0
 ntelgroup=           0
Begin solution global equation     at 2026-09-02 16:01:07 
                     istep=         254 iiter=           1
                     conver_load check
 resid=   169146.730667382      retot=  8.396724660766592E+015
 ratio1=  4.488248018485363E-006 ratio2=  2.524773003599997E-006
 nchek0=           0 toler_force=  1.000000000000000E-005
 nchek=           0
                    conver_nodal_value check
               Convergence check for displacement
 ratio1=  1.541808133082084E-003 ratio2=  4.940909027840715E-003
                            not converged for checki=           1
 iiter=           2
Begin forming various matrix       at 2026-09-02 16:01:07 
 ktsmat=           0
Begin solution global equation     at 2026-09-02 16:01:07 
                     istep=         254 iiter=           2
                     conver_load check
 resid=  0.320903798468726      retot=  8.396724660766592E+015
 ratio1=  6.182049422432898E-009 ratio2=  2.046847194825301E-009
 nchek0=           0 toler_force=  1.000000000000000E-005
 nchek=           0
                    conver_nodal_value check
               Convergence check for displacement
 ratio1=  2.308485276391135E-006 ratio2=  3.801564352657917E-006
 nchek=           0
 ngvar in output=           7 nstre=           4
 ***********RESTART FILE IS UPDATED!*******
 time: 16:00:59
 iblks=           1 iincs=           1 istep=         255
 outinp=           0
 iiter=           1
Begin forming various matrix       at 2026-09-02 16:01:07 
 ktsmat=           0
 ntelgroup=           0
Begin solution global equation     at 2026-09-02 16:01:07 
                     istep=         255 iiter=           1
                     conver_load check
 resid=   30005.7061351053      retot=  8.157352354942823E+015
 ratio1=  1.917905986870717E-006 ratio2=  2.230224886970716E-006
 nchek0=           0 toler_force=  1.000000000000000E-005
 nchek=           0
                    conver_nodal_value check
               Convergence check for displacement
 ratio1=  8.023377969697019E-004 ratio2=  5.849801443373074E-003
                            not converged for checki=           1
 iiter=           2
Begin forming various matrix       at 2026-09-02 16:01:07 
 ktsmat=           0
Begin solution global equation     at 2026-09-02 16:01:07 
                     istep=         255 iiter=           2
                     conver_load check
 resid=  7.412936185895208E-002 retot=  8.157352354942823E+015
 ratio1=  3.014536313357065E-009 ratio2=  1.277786918812568E-009
 nchek0=           0 toler_force=  1.000000000000000E-005
 nchek=           0
                    conver_nodal_value check
               Convergence check for displacement
 ratio1=  2.081765744341753E-006 ratio2=  5.668672525172396E-006
 nchek=           0
 ***********RESTART FILE IS UPDATED!*******
 time: 16:00:59
 iblks=           1 iincs=           1 istep=         256
 outinp=           0
 iiter=           1
Begin forming various matrix       at 2026-09-02 16:01:07 
 ktsmat=           0
 ntelgroup=           0
Begin solution global equation     at 2026-09-02 16:01:07 
                     istep=         256 iiter=           1
                     conver_load check
 resid=   278915.599119519      retot=  8.125956350946745E+015
 ratio1=  5.858671661444238E-006 ratio2=  2.543392011777477E-006
 nchek0=           0 toler_force=  1.000000000000000E-005
 nchek=           0
                    conver_nodal_value check
               Convergence check for displacement
 ratio1=  1.882793454484624E-003 ratio2=  6.326534150102005E-003
                            not converged for checki=           1
 iiter=           2
Begin forming various matrix       at 2026-09-02 16:01:07 
 ktsmat=           0
Begin solution global equation     at 2026-09-02 16:01:07 
                     istep=         256 iiter=           2
                     conver_load check
 resid=  0.678097030576600      retot=  8.125956350946745E+015
 ratio1=  9.135002671826029E-009 ratio2=  2.616408928933986E-009
 nchek0=           0 toler_force=  1.000000000000000E-005
 nchek=           0
                    conver_nodal_value check
               Convergence check for displacement
 ratio1=  3.446999255237708E-006 ratio2=  6.380701769628800E-006
 nchek=           0
 ngvar in output=           7 nstre=           4
 ***********RESTART FILE IS UPDATED!*******
 time: 16:00:59
 iblks=           1 iincs=           1 istep=         257
 outinp=           0
 iiter=           1
Begin forming various matrix       at 2026-09-02 16:01:07 
 ktsmat=           0
 ntelgroup=           0
Begin solution global equation     at 2026-09-02 16:01:07 
                     istep=         257 iiter=           1
                     conver_load check
 resid=   130484.881509427      retot=  8.306728238351284E+015
 ratio1=  3.963374369769643E-006 ratio2=  2.041676462259779E-006
 nchek0=           0 toler_force=  1.000000000000000E-005
 nchek=           0
                    conver_nodal_value check
               Convergence check for displacement
 ratio1=  1.316141293690188E-003 ratio2=  4.521578144315517E-003
                            not converged for checki=           1
 iiter=           2
Begin forming various matrix       at 2026-09-02 16:01:07 
 ktsmat=           0
Begin solution global equation     at 2026-09-02 16:01:07 
                     istep=         257 iiter=           2
                     conver_load check
 resid=  0.170906045258741      retot=  8.306728238351284E+015
 ratio1=  4.535902504663147E-009 ratio2=  1.422401772089006E-009
 nchek0=           0 toler_force=  1.000000000000000E-005
 nchek=           0
                    conver_nodal_value check
               Convergence check for displacement
 ratio1=  2.224936451296304E-006 ratio2=  5.791371325090153E-006
 nchek=           0
 ***********RESTART FILE IS UPDATED!*******
 time: 16:00:59
 iblks=           1 iincs=           1 istep=         258
 outinp=           0
 iiter=           1
Begin forming various matrix       at 2026-09-02 16:01:07 
 ktsmat=           0
 ntelgroup=           0
Begin solution global equation     at 2026-09-02 16:01:07 
                     istep=         258 iiter=           1
                     conver_load check
 resid=   23581.4571290323      retot=  8.474161729151529E+015
 ratio1=  1.668157085534523E-006 ratio2=  1.331308972116206E-006
 nchek0=           0 toler_force=  1.000000000000000E-005
 nchek=           0
                    conver_nodal_value check
               Convergence check for displacement
 ratio1=  6.360840207162894E-004 ratio2=  4.802727934671338E-003
                            not converged for checki=           1
 iiter=           2
Begin forming various matrix       at 2026-09-02 16:01:07 
 ktsmat=           0
Begin solution global equation     at 2026-09-02 16:01:07 
                     istep=         258 iiter=           2
                     conver_load check
 resid=  3.518288593943654E-002 retot=  8.474161729151529E+015
 ratio1=  2.037592606321477E-009 ratio2=  6.520513082089155E-010
 nchek0=           0 toler_force=  1.000000000000000E-005
 nchek=           0
                    conver_nodal_value check
               Convergence check for displacement
 ratio1=  8.073112905380272E-007 ratio2=  1.259597684222832E-006
 nchek=           0
 ngvar in output=           7 nstre=           4
 ***********RESTART FILE IS UPDATED!*******
 time: 16:00:59
 iblks=           1 iincs=           1 istep=         259
 outinp=           0
 iiter=           1
Begin forming various matrix       at 2026-09-02 16:01:07 
 ktsmat=           0
 ntelgroup=           0
Begin solution global equation     at 2026-09-02 16:01:07 
                     istep=         259 iiter=           1
                     conver_load check
 resid=   344779.060134862      retot=  8.331977619273521E+015
 ratio1=  6.432745851156969E-006 ratio2=  2.817238006128907E-006
 nchek0=           0 toler_force=  1.000000000000000E-005
 nchek=           0
                    conver_nodal_value check
               Convergence check for displacement
 ratio1=  1.962187939208008E-003 ratio2=  5.375916350049881E-003
                            not converged for checki=           1
 iiter=           2
Begin forming various matrix       at 2026-09-02 16:01:07 
 ktsmat=           0
Begin solution global equation     at 2026-09-02 16:01:07 
                     istep=         259 iiter=           2
                     conver_load check
 resid=  0.841989259726157      retot=  8.331977619273521E+015
 ratio1=  1.005261913104671E-008 ratio2=  2.695636488092131E-009
 nchek0=           0 toler_force=  1.000000000000000E-005
 nchek=           0
                    conver_nodal_value check
               Convergence check for displacement
 ratio1=  3.338021206521470E-006 ratio2=  4.675885924083068E-006
 nchek=           0
 ***********RESTART FILE IS UPDATED!*******
 time: 16:00:59
 iblks=           1 iincs=           1 istep=         260
 outinp=           0
 iiter=           1
Begin forming various matrix       at 2026-09-02 16:01:07 
 ktsmat=           0
 ntelgroup=           0
Begin solution global equation     at 2026-09-02 16:01:07 
                     istep=         260 iiter=           1
                     conver_load check
 resid=   170526.934013279      retot=  8.027525570073912E+015
 ratio1=  4.608988696987386E-006 ratio2=  2.128607380090734E-006
 nchek0=           0 toler_force=  1.000000000000000E-005
 nchek=           0
                    conver_nodal_value check
               Convergence check for displacement
 ratio1=  1.392507008259151E-003 ratio2=  3.851348445102553E-003
                            not converged for checki=           1
 iiter=           2
Begin forming various matrix       at 2026-09-02 16:01:07 
 ktsmat=           0
Begin solution global equation     at 2026-09-02 16:01:07 
                     istep=         260 iiter=           2
                     conver_load check
 resid=  0.218034090984873      retot=  8.027525570073912E+015
 ratio1=  5.211603330859676E-009 ratio2=  1.670491186691432E-009
 nchek0=           0 toler_force=  1.000000000000000E-005
 nchek=           0
                    conver_nodal_value check
               Convergence check for displacement
 ratio1=  1.548499864827789E-006 ratio2=  2.777853534766846E-006
 nchek=           0
 ngvar in output=           7 nstre=           4
 ***********RESTART FILE IS UPDATED!*******
 time: 16:00:59
 iblks=           1 iincs=           1 istep=         261
 outinp=           0
 iiter=           1
Begin forming various matrix       at 2026-09-02 16:01:07 
 ktsmat=           0
 ntelgroup=           0
Begin solution global equation     at 2026-09-02 16:01:07 
                     istep=         261 iiter=           1
                     conver_load check
 resid=   122018.175305194      retot=  7.771766800211102E+015
 ratio1=  3.962345876005049E-006 ratio2=  1.554508689913089E-006
 nchek0=           0 toler_force=  1.000000000000000E-005
 nchek=           0
                    conver_nodal_value check
               Convergence check for displacement
 ratio1=  1.197831688687309E-003 ratio2=  3.860819255627515E-003
                            not converged for checki=           1
 iiter=           2
Begin forming various matrix       at 2026-09-02 16:01:07 
 ktsmat=           0
Begin solution global equation     at 2026-09-02 16:01:07 
                     istep=         261 iiter=           2
                     conver_load check
 resid=  0.226500934656519      retot=  7.771766800211102E+015
 ratio1=  5.398525025014734E-009 ratio2=  1.546234986477345E-009
 nchek0=           0 toler_force=  1.000000000000000E-005
 nchek=           0
                    conver_nodal_value check
               Convergence check for displacement
 ratio1=  1.492303291531713E-006 ratio2=  2.404620761174387E-006
 nchek=           0
 ***********RESTART FILE IS UPDATED!*******
 time: 16:00:59
 iblks=           1 iincs=           1 istep=         262
 outinp=           0
 iiter=           1
Begin forming various matrix       at 2026-09-02 16:01:07 
 ktsmat=           0
 ntelgroup=           0
Begin solution global equation     at 2026-09-02 16:01:07 
                     istep=         262 iiter=           1
                     conver_load check
 resid=   66785.5143177833      retot=  7.576931910684409E+015
 ratio1=  2.968892312374992E-006 ratio2=  1.306750707594958E-006
 nchek0=           0 toler_force=  1.000000000000000E-005
 nchek=           0
                    conver_nodal_value check
               Convergence check for displacement
 ratio1=  9.333170528115233E-004 ratio2=  2.888916222969642E-003
                            not converged for checki=           1
 iiter=           2
Begin forming various matrix       at 2026-09-02 16:01:07 
 ktsmat=           0
Begin solution global equation     at 2026-09-02 16:01:07 
                     istep=         262 iiter=           2
                     conver_load check
 resid=  0.102813729144971      retot=  7.576931910684409E+015
 ratio1=  3.683654277830691E-009 ratio2=  9.938326500668034E-010
 nchek0=           0 toler_force=  1.000000000000000E-005
 nchek=           0
                    conver_nodal_value check
               Convergence check for displacement
 ratio1=  1.984884713446841E-006 ratio2=  5.100326428643811E-006
 nchek=           0
 ngvar in output=           7 nstre=           4
 ***********RESTART FILE IS UPDATED!*******
 time: 16:00:59
 iblks=           1 iincs=           1 istep=         263
 outinp=           0
 iiter=           1
Begin forming various matrix       at 2026-09-02 16:01:08 
 ktsmat=           0
 ntelgroup=           0
Begin solution global equation     at 2026-09-02 16:01:08 
                     istep=         263 iiter=           1
                     conver_load check
 resid=   121667.594200001      retot=  7.373699333413108E+015
 ratio1=  4.062045163657662E-006 ratio2=  1.754627312081251E-006
 nchek0=           0 toler_force=  1.000000000000000E-005
 nchek=           0
                    conver_nodal_value check
               Convergence check for displacement
 ratio1=  1.199636939405609E-003 ratio2=  3.196041740231955E-003
                            not converged for checki=           1
 iiter=           2
Begin forming various matrix       at 2026-09-02 16:01:08 
 ktsmat=           0
Begin solution global equation     at 2026-09-02 16:01:08 
                     istep=         263 iiter=           2
                     conver_load check
 resid=  0.314791772129372      retot=  7.373699333413108E+015
 ratio1=  6.533847197413294E-009 ratio2=  1.877386784590335E-009
 nchek0=           0 toler_force=  1.000000000000000E-005
 nchek=           0
                    conver_nodal_value check
               Convergence check for displacement
 ratio1=  2.401496869066075E-006 ratio2=  5.228038327630068E-006
 nchek=           0
 ***********RESTART FILE IS UPDATED!*******
 time: 16:00:59
 iblks=           1 iincs=           1 istep=         264
 outinp=           0
 iiter=           1
Begin forming various matrix       at 2026-09-02 16:01:08 
 ktsmat=           0
 ntelgroup=           0
Begin solution global equation     at 2026-09-02 16:01:08 
                     istep=         264 iiter=           1
                     conver_load check
 resid=   39943.5186727549      retot=  7.012224491472030E+015
 ratio1=  2.386685827610317E-006 ratio2=  1.358075018964096E-006
 nchek0=           0 toler_force=  1.000000000000000E-005
 nchek=           0
                    conver_nodal_value check
               Convergence check for displacement
 ratio1=  7.601009988551566E-004 ratio2=  4.158713895033777E-003
                            not converged for checki=           1
 iiter=           2
Begin forming various matrix       at 2026-09-02 16:01:08 
 ktsmat=           0
Begin solution global equation     at 2026-09-02 16:01:08 
                     istep=         264 iiter=           2
                     conver_load check
 resid=  7.341221781294993E-003 retot=  7.012224491472030E+015
 ratio1=  1.023189951996765E-009 ratio2=  2.794778068093877E-010
 nchek0=           0 toler_force=  1.000000000000000E-005
 nchek=           0
                    conver_nodal_value check
               Convergence check for displacement
 ratio1=  4.424029197176434E-007 ratio2=  9.717680982475094E-007
 nchek=           0
 ngvar in output=           7 nstre=           4
 ***********RESTART FILE IS UPDATED!*******
 time: 16:00:59
 iblks=           1 iincs=           1 istep=         265
 outinp=           0
 iiter=           1
Begin forming various matrix       at 2026-09-02 16:01:08 
 ktsmat=           0
 ntelgroup=           0
Begin solution global equation     at 2026-09-02 16:01:08 
                     istep=         265 iiter=           1
                     conver_load check
 resid=   187617.197029849      retot=  6.483727958274902E+015
 ratio1=  5.379277260296198E-006 ratio2=  2.155282096355889E-006
 nchek0=           0 toler_force=  1.000000000000000E-005
 nchek=           0
                    conver_nodal_value check
               Convergence check for displacement
 ratio1=  1.462186165691834E-003 ratio2=  3.540544709208239E-003
                            not converged for checki=           1
 iiter=           2
Begin forming various matrix       at 2026-09-02 16:01:08 
 ktsmat=           0
Begin solution global equation     at 2026-09-02 16:01:08 
                     istep=         265 iiter=           2
                     conver_load check
 resid=  0.503087963576105      retot=  6.483727958274902E+015
 ratio1=  8.808654400180643E-009 ratio2=  2.594630842568471E-009
 nchek0=           0 toler_force=  1.000000000000000E-005
 nchek=           0
                    conver_nodal_value check
               Convergence check for displacement
 ratio1=  2.230849475980448E-006 ratio2=  3.165923980870727E-006
 nchek=           0
 ***********RESTART FILE IS UPDATED!*******
 time: 16:00:59
 iblks=           1 iincs=           1 istep=         266
 outinp=           0
 iiter=           1
Begin forming various matrix       at 2026-09-02 16:01:08 
 ktsmat=           0
 ntelgroup=           0
Begin solution global equation     at 2026-09-02 16:01:08 
                     istep=         266 iiter=           1
                     conver_load check
 resid=   101680.323678232      retot=  6.019091353733605E+015
 ratio1=  4.110105717037425E-006 ratio2=  1.682788839176420E-006
 nchek0=           0 toler_force=  1.000000000000000E-005
 nchek=           0
                    conver_nodal_value check
               Convergence check for displacement
 ratio1=  1.155735571765293E-003 ratio2=  4.320574568318521E-003
                            not converged for checki=           1
 iiter=           2
Begin forming various matrix       at 2026-09-02 16:01:08 
 ktsmat=           0
Begin solution global equation     at 2026-09-02 16:01:08 
                     istep=         266 iiter=           2
                     conver_load check
 resid=  0.233711106258689      retot=  6.019091353733605E+015
 ratio1=  6.231236118412939E-009 ratio2=  1.634701671575721E-009
 nchek0=           0 toler_force=  1.000000000000000E-005
 nchek=           0
                    conver_nodal_value check
               Convergence check for displacement
 ratio1=  2.379744683578244E-006 ratio2=  5.467634826121413E-006
 nchek=           0
 ngvar in output=           7 nstre=           4
 ***********RESTART FILE IS UPDATED!*******
 time: 16:00:59
 iblks=           1 iincs=           1 istep=         267
 outinp=           0
 iiter=           1
Begin forming various matrix       at 2026-09-02 16:01:08 
 ktsmat=           0
 ntelgroup=           0
Begin solution global equation     at 2026-09-02 16:01:08 
                     istep=         267 iiter=           1
                     conver_load check
 resid=   162850.021096790      retot=  5.635319291761220E+015
 ratio1=  5.375695314949234E-006 ratio2=  2.227780383976152E-006
 nchek0=           0 toler_force=  1.000000000000000E-005
 nchek=           0
                    conver_nodal_value check
               Convergence check for displacement
 ratio1=  1.386808761456078E-003 ratio2=  3.454019852559006E-003
                            not converged for checki=           1
 iiter=           2
Begin forming various matrix       at 2026-09-02 16:01:08 
 ktsmat=           0
Begin solution global equation     at 2026-09-02 16:01:08 
                     istep=         267 iiter=           2
                     conver_load check
 resid=  0.320925187541425      retot=  5.635319291761220E+015
 ratio1=  7.546448940480078E-009 ratio2=  1.973809601867935E-009
 nchek0=           0 toler_force=  1.000000000000000E-005
 nchek=           0
                    conver_nodal_value check
               Convergence check for displacement
 ratio1=  2.144561012300968E-006 ratio2=  3.547760027921134E-006
 nchek=           0
 ***********RESTART FILE IS UPDATED!*******
 time: 16:00:59
 iblks=           1 iincs=           1 istep=         268
 outinp=           0
 iiter=           1
Begin forming various matrix       at 2026-09-02 16:01:08 
 ktsmat=           0
 ntelgroup=           0
Begin solution global equation     at 2026-09-02 16:01:08 
                     istep=         268 iiter=           1
                     conver_load check
 resid=   123390.342486197      retot=  5.293263204533367E+015
 ratio1=  4.828128719881009E-006 ratio2=  1.717117237306837E-006
 nchek0=           0 toler_force=  1.000000000000000E-005
 nchek=           0
                    conver_nodal_value check
               Convergence check for displacement
 ratio1=  1.231994977476289E-003 ratio2=  3.691071562214405E-003
                            not converged for checki=           1
 iiter=           2
Begin forming various matrix       at 2026-09-02 16:01:08 
 ktsmat=           0
Begin solution global equation     at 2026-09-02 16:01:08 
                     istep=         268 iiter=           2
                     conver_load check
 resid=  0.247470021908921      retot=  5.293263204533367E+015
 ratio1=  6.837534861174582E-009 ratio2=  1.814224736351574E-009
 nchek0=           0 toler_force=  1.000000000000000E-005
 nchek=           0
                    conver_nodal_value check
               Convergence check for displacement
 ratio1=  1.571587531284121E-006 ratio2=  2.370612423484486E-006
 nchek=           0
 ngvar in output=           7 nstre=           4
 ***********RESTART FILE IS UPDATED!*******
 time: 16:00:59
 iblks=           1 iincs=           1 istep=         269
 outinp=           0
 iiter=           1
Begin forming various matrix       at 2026-09-02 16:01:08 
 ktsmat=           0
 ntelgroup=           0
Begin solution global equation     at 2026-09-02 16:01:08 
                     istep=         269 iiter=           1
                     conver_load check
 resid=   296037.927556848      retot=  4.853673495357378E+015
 ratio1=  7.809772779465950E-006 ratio2=  3.247256141623828E-006
 nchek0=           0 toler_force=  1.000000000000000E-005
 nchek=           0
                    conver_nodal_value check
               Convergence check for displacement
 ratio1=  1.893685741385743E-003 ratio2=  4.878102410790240E-003
                            not converged for checki=           1
 iiter=           2
Begin forming various matrix       at 2026-09-02 16:01:08 
 ktsmat=           0
Begin solution global equation     at 2026-09-02 16:01:08 
                     istep=         269 iiter=           2
                     conver_load check
 resid=  0.428516387103320      retot=  4.853673495357378E+015
 ratio1=  9.396117482154718E-009 ratio2=  2.627927065051693E-009
 nchek0=           0 toler_force=  1.000000000000000E-005
 nchek=           0
                    conver_nodal_value check
               Convergence check for displacement
 ratio1=  2.533175431091349E-006 ratio2=  3.684944739925107E-006
 nchek=           0
 ***********RESTART FILE IS UPDATED!*******
 time: 16:00:59
 iblks=           1 iincs=           1 istep=         270
 outinp=           0
 iiter=           1
Begin forming various matrix       at 2026-09-02 16:01:08 
 ktsmat=           0
 ntelgroup=           0
Begin solution global equation     at 2026-09-02 16:01:08 
                     istep=         270 iiter=           1
                     conver_load check
 resid=   70366.0570249886      retot=  4.328723445923007E+015
 ratio1=  4.031825132851279E-006 ratio2=  1.787003819983505E-006
 nchek0=           0 toler_force=  1.000000000000000E-005
 nchek=           0
                    conver_nodal_value check
               Convergence check for displacement
 ratio1=  9.927434234220755E-004 ratio2=  4.121739645652277E-003
                            not converged for checki=           1
 iiter=           2
Begin forming various matrix       at 2026-09-02 16:01:08 
 ktsmat=           0
Begin solution global equation     at 2026-09-02 16:01:08 
                     istep=         270 iiter=           2
                     conver_load check
 resid=  0.120588101001362      retot=  4.328723445923007E+015
 ratio1=  5.278035510246445E-009 ratio2=  1.617286753017058E-009
 nchek0=           0 toler_force=  1.000000000000000E-005
 nchek=           0
                    conver_nodal_value check
               Convergence check for displacement
 ratio1=  1.616227866588623E-006 ratio2=  3.314770935630192E-006
 nchek=           0
 ngvar in output=           7 nstre=           4
 ***********RESTART FILE IS UPDATED!*******
 time: 16:00:59
 iblks=           1 iincs=           1 istep=         271
 outinp=           0
 iiter=           1
Begin forming various matrix       at 2026-09-02 16:01:08 
 ktsmat=           0
 ntelgroup=           0
Begin solution global equation     at 2026-09-02 16:01:08 
                     istep=         271 iiter=           1
                     conver_load check
 resid=   52816.5897917393      retot=  3.937935407035320E+015
 ratio1=  3.662274425648951E-006 ratio2=  2.258376633539414E-006
 nchek0=           0 toler_force=  1.000000000000000E-005
 nchek=           0
                    conver_nodal_value check
               Convergence check for displacement
 ratio1=  9.268307757068594E-004 ratio2=  4.917518130852102E-003
                            not converged for checki=           1
 iiter=           2
Begin forming various matrix       at 2026-09-02 16:01:08 
 ktsmat=           0
Begin solution global equation     at 2026-09-02 16:01:08 
                     istep=         271 iiter=           2
                     conver_load check
 resid=  3.367378858094375E-002 retot=  3.937935407035320E+015
 ratio1=  2.924231131497644E-009 ratio2=  9.612022044918641E-010
 nchek0=           0 toler_force=  1.000000000000000E-005
 nchek=           0
                    conver_nodal_value check
               Convergence check for displacement
 ratio1=  9.604590261330828E-007 ratio2=  2.153496466479952E-006
 nchek=           0
 ***********RESTART FILE IS UPDATED!*******
 time: 16:00:59
 iblks=           1 iincs=           1 istep=         272
 outinp=           0
 iiter=           1
Begin forming various matrix       at 2026-09-02 16:01:08 
 ktsmat=           0
 ntelgroup=           0
Begin solution global equation     at 2026-09-02 16:01:08 
                     istep=         272 iiter=           1
                     conver_load check
 resid=   710762.992976821      retot=  3.718434635281979E+015
 ratio1=  1.382554715902324E-005 ratio2=  6.351060805824092E-006
 nchek0=           0 toler_force=  1.000000000000000E-005
 nchek=           1
 iiter=           2
Begin forming various matrix       at 2026-09-02 16:01:08 
 ktsmat=           0
Begin solution global equation     at 2026-09-02 16:01:08 
                     istep=         272 iiter=           2
                     conver_load check
 resid=   1.76182369022889      retot=  3.718434635281979E+015
 ratio1=  2.176712879100796E-008 ratio2=  6.489788444716694E-009
 nchek0=           0 toler_force=  1.000000000000000E-005
 nchek=           0
                    conver_nodal_value check
               Convergence check for displacement
 ratio1=  4.466347858456395E-006 ratio2=  6.325443418377319E-006
 nchek=           0
 ngvar in output=           7 nstre=           4
 ***********RESTART FILE IS UPDATED!*******
 time: 16:00:59
 iblks=           1 iincs=           1 istep=         273
 outinp=           0
 iiter=           1
Begin forming various matrix       at 2026-09-02 16:01:08 
 ktsmat=           0
 ntelgroup=           0
Begin solution global equation     at 2026-09-02 16:01:08 
                     istep=         273 iiter=           1
                     conver_load check
 resid=   606159.078068879      retot=  3.545925683366410E+015
 ratio1=  1.307460244254832E-005 ratio2=  6.258003920072608E-006
 nchek0=           0 toler_force=  1.000000000000000E-005
 nchek=           1
 iiter=           2
Begin forming various matrix       at 2026-09-02 16:01:08 
 ktsmat=           0
Begin solution global equation     at 2026-09-02 16:01:08 
                     istep=         273 iiter=           2
                     conver_load check
 resid=   1.32273179604597      retot=  3.545925683366410E+015
 ratio1=  1.931394907718205E-008 ratio2=  6.278802119200847E-009
 nchek0=           0 toler_force=  1.000000000000000E-005
 nchek=           0
                    conver_nodal_value check
               Convergence check for displacement
 ratio1=  3.992783789702254E-006 ratio2=  5.956272828649559E-006
 nchek=           0
 ***********RESTART FILE IS UPDATED!*******
 time: 16:00:59
 iblks=           1 iincs=           1 istep=         274
 outinp=           0
 iiter=           1
Begin forming various matrix       at 2026-09-02 16:01:08 
 ktsmat=           0
 ntelgroup=           0
Begin solution global equation     at 2026-09-02 16:01:08 
                     istep=         274 iiter=           1
                     conver_load check
 resid=   199631.729059356      retot=  3.320756745891418E+015
 ratio1=  7.753472526911749E-006 ratio2=  3.991103847921794E-006
 nchek0=           0 toler_force=  1.000000000000000E-005
 nchek=           0
                    conver_nodal_value check
               Convergence check for displacement
 ratio1=  1.746719354582246E-003 ratio2=  4.242183787324624E-003
                            not converged for checki=           1
 iiter=           2
Begin forming various matrix       at 2026-09-02 16:01:08 
 ktsmat=           0
Begin solution global equation     at 2026-09-02 16:01:08 
                     istep=         274 iiter=           2
                     conver_load check
 resid=  0.329397575449806      retot=  3.320756745891418E+015
 ratio1=  9.959594743585714E-009 ratio2=  3.316387083012187E-009
 nchek0=           0 toler_force=  1.000000000000000E-005
 nchek=           0
                    conver_nodal_value check
               Convergence check for displacement
 ratio1=  2.087167587685629E-006 ratio2=  2.910437219731103E-006
 nchek=           0
 ngvar in output=           7 nstre=           4
 ***********RESTART FILE IS UPDATED!*******
 time: 16:00:59
 iblks=           1 iincs=           1 istep=         275
 outinp=           0
 iiter=           1
Begin forming various matrix       at 2026-09-02 16:01:08 
 ktsmat=           0
 ntelgroup=           0
Begin solution global equation     at 2026-09-02 16:01:08 
                     istep=         275 iiter=           1
                     conver_load check
 resid=   437024.442164685      retot=  3.061416760362822E+015
 ratio1=  1.194790156174310E-005 ratio2=  5.430073208408499E-006
 nchek0=           0 toler_force=  1.000000000000000E-005
 nchek=           1
 iiter=           2
Begin forming various matrix       at 2026-09-02 16:01:08 
 ktsmat=           0
Begin solution global equation     at 2026-09-02 16:01:08 
                     istep=         275 iiter=           2
                     conver_load check
 resid=   1.08033606869070      retot=  3.061416760362822E+015
 ratio1=  1.878530324848424E-008 ratio2=  6.085313005036114E-009
 nchek0=           0 toler_force=  1.000000000000000E-005
 nchek=           0
                    conver_nodal_value check
               Convergence check for displacement
 ratio1=  4.606553952583476E-006 ratio2=  8.122437470097521E-006
 nchek=           0
 ***********RESTART FILE IS UPDATED!*******
 time: 16:00:59
 iblks=           1 iincs=           1 istep=         276
 outinp=           0
 iiter=           1
Begin forming various matrix       at 2026-09-02 16:01:08 
 ktsmat=           0
 ntelgroup=           0
Begin solution global equation     at 2026-09-02 16:01:08 
                     istep=         276 iiter=           1
                     conver_load check
 resid=   41772.9623499960      retot=  2.765299958629704E+015
 ratio1=  3.886659668299892E-006 ratio2=  3.343102010548282E-006
 nchek0=           0 toler_force=  1.000000000000000E-005
 nchek=           0
                    conver_nodal_value check
               Convergence check for displacement
 ratio1=  1.066867943056346E-003 ratio2=  5.900116864506297E-003
                            not converged for checki=           1
 iiter=           2
Begin forming various matrix       at 2026-09-02 16:01:08 
 ktsmat=           0
Begin solution global equation     at 2026-09-02 16:01:08 
                     istep=         276 iiter=           2
                     conver_load check
 resid=  5.270122376067406E-002 retot=  2.765299958629704E+015
 ratio1=  4.365552610663096E-009 ratio2=  1.204169237289655E-009
 nchek0=           0 toler_force=  1.000000000000000E-005
 nchek=           0
                    conver_nodal_value check
               Convergence check for displacement
 ratio1=  2.498939203589474E-006 ratio2=  6.609928771734407E-006
 nchek=           0
 ngvar in output=           7 nstre=           4
 ***********RESTART FILE IS UPDATED!*******
 time: 16:00:59
 iblks=           1 iincs=           1 istep=         277
 outinp=           0
 iiter=           1
Begin forming various matrix       at 2026-09-02 16:01:08 
 ktsmat=           0
 ntelgroup=           0
Begin solution global equation     at 2026-09-02 16:01:08 
                     istep=         277 iiter=           1
                     conver_load check
 resid=   73951.2205320182      retot=  2.503951420595293E+015
 ratio1=  5.434501634364446E-006 ratio2=  2.907778443548210E-006
 nchek0=           0 toler_force=  1.000000000000000E-005
 nchek=           0
                    conver_nodal_value check
               Convergence check for displacement
 ratio1=  1.290719324185237E-003 ratio2=  6.996572198781262E-003
                            not converged for checki=           1
 iiter=           2
Begin forming various matrix       at 2026-09-02 16:01:08 
 ktsmat=           0
Begin solution global equation     at 2026-09-02 16:01:08 
                     istep=         277 iiter=           2
                     conver_load check
 resid=  0.186873065801638      retot=  2.503951420595293E+015
 ratio1=  8.638938969065423E-009 ratio2=  2.125692199268040E-009
 nchek0=           0 toler_force=  1.000000000000000E-005
 nchek=           0
                    conver_nodal_value check
               Convergence check for displacement
 ratio1=  1.839621475020309E-006 ratio2=  2.230126350360990E-006
 nchek=           0
 ***********RESTART FILE IS UPDATED!*******
 time: 16:00:59
 iblks=           1 iincs=           1 istep=         278
 outinp=           0
 iiter=           1
Begin forming various matrix       at 2026-09-02 16:01:08 
 ktsmat=           0
 ntelgroup=           0
Begin solution global equation     at 2026-09-02 16:01:08 
                     istep=         278 iiter=           1
                     conver_load check
 resid=   198408.057270012      retot=  2.256622211932731E+015
 ratio1=  9.376704355447888E-006 ratio2=  3.453919786393380E-006
 nchek0=           0 toler_force=  1.000000000000000E-005
 nchek=           0
                    conver_nodal_value check
               Convergence check for displacement
 ratio1=  1.968879227648786E-003 ratio2=  7.618839034046278E-003
                            not converged for checki=           1
 iiter=           2
Begin forming various matrix       at 2026-09-02 16:01:08 
 ktsmat=           0
Begin solution global equation     at 2026-09-02 16:01:08 
                     istep=         278 iiter=           2
                     conver_load check
 resid=  0.483164478521175      retot=  2.256622211932731E+015
 ratio1=  1.463248440020403E-008 ratio2=  3.460975222097752E-009
 nchek0=           0 toler_force=  1.000000000000000E-005
 nchek=           0
                    conver_nodal_value check
               Convergence check for displacement
 ratio1=  3.314204730633656E-006 ratio2=  5.087862610326317E-006
 nchek=           0
 ngvar in output=           7 nstre=           4
 ***********RESTART FILE IS UPDATED!*******
 time: 16:00:59
 iblks=           1 iincs=           1 istep=         279
 outinp=           0
 iiter=           1
Begin forming various matrix       at 2026-09-02 16:01:08 
 ktsmat=           0
 ntelgroup=           0
Begin solution global equation     at 2026-09-02 16:01:08 
                     istep=         279 iiter=           1
                     conver_load check
 resid=   123783.586932364      retot=  2.094069041213449E+015
 ratio1=  7.688401124047128E-006 ratio2=  4.021782092472902E-006
 nchek0=           0 toler_force=  1.000000000000000E-005
 nchek=           0
                    conver_nodal_value check
               Convergence check for displacement
 ratio1=  1.725019551255719E-003 ratio2=  6.536638871939630E-003
                            not converged for checki=           1
 iiter=           2
Begin forming various matrix       at 2026-09-02 16:01:08 
 ktsmat=           0
Begin solution global equation     at 2026-09-02 16:01:08 
                     istep=         279 iiter=           2
                     conver_load check
 resid=  8.223901975246228E-002 retot=  2.094069041213449E+015
 ratio1=  6.266765796942910E-009 ratio2=  1.931616368170998E-009
 nchek0=           0 toler_force=  1.000000000000000E-005
 nchek=           0
                    conver_nodal_value check
               Convergence check for displacement
 ratio1=  1.134864898371864E-006 ratio2=  1.981066151217015E-006
 nchek=           0
 ***********RESTART FILE IS UPDATED!*******
 time: 16:00:59
 iblks=           1 iincs=           1 istep=         280
 outinp=           0
 iiter=           1
Begin forming various matrix       at 2026-09-02 16:01:08 
 ktsmat=           0
 ntelgroup=           0
Begin solution global equation     at 2026-09-02 16:01:08 
                     istep=         280 iiter=           1
                     conver_load check
 resid=   134661.835289104      retot=  2.034734709230854E+015
 ratio1=  8.135202500401758E-006 ratio2=  3.887560712513391E-006
 nchek0=           0 toler_force=  1.000000000000000E-005
 nchek=           0
                    conver_nodal_value check
               Convergence check for displacement
 ratio1=  1.838173749600700E-003 ratio2=  9.028836130337434E-003
                            not converged for checki=           1
 iiter=           2
Begin forming various matrix       at 2026-09-02 16:01:08 
 ktsmat=           0
Begin solution global equation     at 2026-09-02 16:01:08 
                     istep=         280 iiter=           2
                     conver_load check
 resid=  0.369429754161657      retot=  2.034734709230854E+015
 ratio1=  1.347448076313793E-008 ratio2=  3.157528756753073E-009
 nchek0=           0 toler_force=  1.000000000000000E-005
 nchek=           0
                    conver_nodal_value check
               Convergence check for displacement
 ratio1=  3.167418098334228E-006 ratio2=  4.467493651241161E-006
 nchek=           0
 ngvar in output=           7 nstre=           4
 ***********RESTART FILE IS UPDATED!*******
 time: 16:00:59
 iblks=           1 iincs=           1 istep=         281
 outinp=           0
 iiter=           1
Begin forming various matrix       at 2026-09-02 16:01:08 
 ktsmat=           0
 ntelgroup=           0
Begin solution global equation     at 2026-09-02 16:01:08 
                     istep=         281 iiter=           1
                     conver_load check
 resid=   53766.7248888583      retot=  2.115537887373252E+015
 ratio1=  5.041344636453285E-006 ratio2=  4.107040951488054E-006
 nchek0=           0 toler_force=  1.000000000000000E-005
 nchek=           0
                    conver_nodal_value check
               Convergence check for displacement
 ratio1=  1.458270479516613E-003 ratio2=  7.668868399614563E-003
                            not converged for checki=           1
 iiter=           2
Begin forming various matrix       at 2026-09-02 16:01:08 
 ktsmat=           0
Begin solution global equation     at 2026-09-02 16:01:08 
                     istep=         281 iiter=           2
                     conver_load check
 resid=  0.112202334468397      retot=  2.115537887373252E+015
 ratio1=  7.282668515531674E-009 ratio2=  2.468925229355654E-009
 nchek0=           0 toler_force=  1.000000000000000E-005
 nchek=           0
                    conver_nodal_value check
               Convergence check for displacement
 ratio1=  3.738389182656934E-006 ratio2=  9.209668184081085E-006
 nchek=           0
 ***********RESTART FILE IS UPDATED!*******
 time: 16:00:59
 iblks=           1 iincs=           1 istep=         282
 outinp=           0
 iiter=           1
Begin forming various matrix       at 2026-09-02 16:01:08 
 ktsmat=           0
 ntelgroup=           0
Begin solution global equation     at 2026-09-02 16:01:08 
                     istep=         282 iiter=           1
                     conver_load check
 resid=   95985.8420675771      retot=  2.304611240186268E+015
 ratio1=  6.453640238253679E-006 ratio2=  4.576171964994102E-006
 nchek0=           0 toler_force=  1.000000000000000E-005
 nchek=           0
                    conver_nodal_value check
               Convergence check for displacement
 ratio1=  1.803871782836891E-003 ratio2=  8.442903603199301E-003
                            not converged for checki=           1
 iiter=           2
Begin forming various matrix       at 2026-09-02 16:01:08 
 ktsmat=           0
Begin solution global equation     at 2026-09-02 16:01:08 
                     istep=         282 iiter=           2
                     conver_load check
 resid=  2.303829171613683E-002 retot=  2.304611240186268E+015
 ratio1=  3.161741056037258E-009 ratio2=  1.040141863523734E-009
 nchek0=           0 toler_force=  1.000000000000000E-005
 nchek=           0
                    conver_nodal_value check
               Convergence check for displacement
 ratio1=  8.581553283530018E-007 ratio2=  1.550792866887053E-006
 nchek=           0
 ngvar in output=           7 nstre=           4
 ***********RESTART FILE IS UPDATED!*******
 time: 16:00:59
 iblks=           1 iincs=           1 istep=         283
 outinp=           0
 iiter=           1
Begin forming various matrix       at 2026-09-02 16:01:08 
 ktsmat=           0
 ntelgroup=           0
Begin solution global equation     at 2026-09-02 16:01:08 
                     istep=         283 iiter=           1
                     conver_load check
 resid=   43719.6530767567      retot=  2.489317049202408E+015
 ratio1=  4.190812655692867E-006 ratio2=  3.413759056167185E-006
 nchek0=           0 toler_force=  1.000000000000000E-005
 nchek=           0
                    conver_nodal_value check
               Convergence check for displacement
 ratio1=  1.499872040006349E-003 ratio2=  8.022011366941622E-003
                            not converged for checki=           1
 iiter=           2
Begin forming various matrix       at 2026-09-02 16:01:08 
 ktsmat=           0
Begin solution global equation     at 2026-09-02 16:01:08 
                     istep=         283 iiter=           2
                     conver_load check
 resid=  1.837705789310615E-003 retot=  2.489317049202408E+015
 ratio1=  8.592071550370226E-010 ratio2=  2.870519784348041E-010
 nchek0=           0 toler_force=  1.000000000000000E-005
 nchek=           0
                    conver_nodal_value check
               Convergence check for displacement
 ratio1=  3.067875068361792E-007 ratio2=  5.538791879191052E-007
 nchek=           0
 ***********RESTART FILE IS UPDATED!*******
 time: 16:00:59
 iblks=           1 iincs=           1 istep=         284
 outinp=           0
 iiter=           1
Begin forming various matrix       at 2026-09-02 16:01:08 
 ktsmat=           0
 ntelgroup=           0
Begin solution global equation     at 2026-09-02 16:01:08 
                     istep=         284 iiter=           1
                     conver_load check
 resid=   100368.837968758      retot=  2.513038559144792E+015
 ratio1=  6.319749611779997E-006 ratio2=  4.502547619920252E-006
 nchek0=           0 toler_force=  1.000000000000000E-005
 nchek=           0
                    conver_nodal_value check
               Convergence check for displacement
 ratio1=  2.019167538000528E-003 ratio2=  1.023390899364286E-002
                            not converged for checki=           1
 iiter=           2
Begin forming various matrix       at 2026-09-02 16:01:08 
 ktsmat=           0
Begin solution global equation     at 2026-09-02 16:01:08 
                     istep=         284 iiter=           2
                     conver_load check
 resid=  6.712171343826207E-002 retot=  2.513038559144792E+015
 ratio1=  5.168112287757991E-009 ratio2=  1.949494458470000E-009
 nchek0=           0 toler_force=  1.000000000000000E-005
 nchek=           0
                    conver_nodal_value check
               Convergence check for displacement
 ratio1=  1.297797862117550E-006 ratio2=  1.932133571645879E-006
 nchek=           0
 ngvar in output=           7 nstre=           4
 ***********RESTART FILE IS UPDATED!*******
 time: 16:00:59
 iblks=           1 iincs=           1 istep=         285
 outinp=           0
 iiter=           1
Begin forming various matrix       at 2026-09-02 16:01:08 
 ktsmat=           0
 ntelgroup=           0
Begin solution global equation     at 2026-09-02 16:01:08 
                     istep=         285 iiter=           1
                     conver_load check
 resid=   265159.164066663      retot=  2.692215171778787E+015
 ratio1=  9.924266931787738E-006 ratio2=  5.179389167221968E-006
 nchek0=           0 toler_force=  1.000000000000000E-005
 nchek=           0
                    conver_nodal_value check
               Convergence check for displacement
 ratio1=  3.086809011825126E-003 ratio2=  1.151613225597795E-002
                            not converged for checki=           1
 iiter=           2
Begin forming various matrix       at 2026-09-02 16:01:08 
 ktsmat=           0
Begin solution global equation     at 2026-09-02 16:01:08 
                     istep=         285 iiter=           2
                     conver_load check
 resid=  0.537145640088243      retot=  2.692215171778787E+015
 ratio1=  1.412508740291735E-008 ratio2=  5.086239341619717E-009
 nchek0=           0 toler_force=  1.000000000000000E-005
 nchek=           0
                    conver_nodal_value check
               Convergence check for displacement
 ratio1=  3.954950814935451E-006 ratio2=  4.931264786189501E-006
 nchek=           0
 ***********RESTART FILE IS UPDATED!*******
 time: 16:00:59
 iblks=           1 iincs=           1 istep=         286
 outinp=           0
 iiter=           1
Begin forming various matrix       at 2026-09-02 16:01:08 
 ktsmat=           0
 ntelgroup=           0
Begin solution global equation     at 2026-09-02 16:01:08 
                     istep=         286 iiter=           1
                     conver_load check
 resid=   386246.080956962      retot=  2.867845544354188E+015
 ratio1=  1.160524101432148E-005 ratio2=  5.611992866474806E-006
 nchek0=           0 toler_force=  1.000000000000000E-005
 nchek=           1
 iiter=           2
Begin forming various matrix       at 2026-09-02 16:01:08 
 ktsmat=           0
Begin solution global equation     at 2026-09-02 16:01:08 
                     istep=         286 iiter=           2
                     conver_load check
 resid=  0.795853038673802      retot=  2.867845544354188E+015
 ratio1=  1.665860231862368E-008 ratio2=  5.643682923710347E-009
 nchek0=           0 toler_force=  1.000000000000000E-005
 nchek=           0
                    conver_nodal_value check
               Convergence check for displacement
 ratio1=  6.428474553669524E-006 ratio2=  1.052996075063612E-005
                            not converged for checki=           1
 iiter=           3
Begin forming various matrix       at 2026-09-02 16:01:08 
 ktsmat=           0
Begin solution global equation     at 2026-09-02 16:01:08 
                     istep=         286 iiter=           3
                     conver_load check
 resid=  5.459198982127578E-006 retot=  2.867845544354188E+015
 ratio1=  4.363013766761305E-011 ratio2=  1.319978834456151E-011
 nchek0=           0 toler_force=  1.000000000000000E-005
 nchek=           0
                    conver_nodal_value check
               Convergence check for displacement
 ratio1=  2.786612737657408E-008 ratio2=  6.284742834556268E-008
 nchek=           0
 ngvar in output=           7 nstre=           4
 ***********RESTART FILE IS UPDATED!*******
 time: 16:00:59
 iblks=           1 iincs=           1 istep=         287
 outinp=           0
 iiter=           1
Begin forming various matrix       at 2026-09-02 16:01:08 
 ktsmat=           0
 ntelgroup=           0
Begin solution global equation     at 2026-09-02 16:01:08 
                     istep=         287 iiter=           1
                     conver_load check
 resid=   174550.586389409      retot=  2.881189443223460E+015
 ratio1=  7.783496754232207E-006 ratio2=  4.483427714278808E-006
 nchek0=           0 toler_force=  1.000000000000000E-005
 nchek=           0
                    conver_nodal_value check
               Convergence check for displacement
 ratio1=  2.982154485362312E-003 ratio2=  1.142116801261669E-002
                            not converged for checki=           1
 iiter=           2
Begin forming various matrix       at 2026-09-02 16:01:08 
 ktsmat=           0
Begin solution global equation     at 2026-09-02 16:01:08 
                     istep=         287 iiter=           2
                     conver_load check
 resid=  0.312494791167430      retot=  2.881189443223460E+015
 ratio1=  1.041442948891379E-008 ratio2=  3.184705753040852E-009
 nchek0=           0 toler_force=  1.000000000000000E-005
 nchek=           0
                    conver_nodal_value check
               Convergence check for displacement
 ratio1=  3.871593153202847E-006 ratio2=  4.503114748481296E-006
 nchek=           0
 ***********RESTART FILE IS UPDATED!*******
 time: 16:00:59
 iblks=           1 iincs=           1 istep=         288
 outinp=           0
 iiter=           1
Begin forming various matrix       at 2026-09-02 16:01:08 
 ktsmat=           0
 ntelgroup=           0
Begin solution global equation     at 2026-09-02 16:01:08 
                     istep=         288 iiter=           1
                     conver_load check
 resid=   79053.5409463766      retot=  3.384166689555562E+015
 ratio1=  4.833200264356864E-006 ratio2=  3.476333351923257E-006
 nchek0=           0 toler_force=  1.000000000000000E-005
 nchek=           0
                    conver_nodal_value check
               Convergence check for displacement
 ratio1=  2.526240250371749E-003 ratio2=  1.111231713629359E-002
                            not converged for checki=           1
 iiter=           2
Begin forming various matrix       at 2026-09-02 16:01:08 
 ktsmat=           0
Begin solution global equation     at 2026-09-02 16:01:08 
                     istep=         288 iiter=           2
                     conver_load check
 resid=  0.156338388967717      retot=  3.384166689555562E+015
 ratio1=  6.796838378319384E-009 ratio2=  1.909825279710463E-009
 nchek0=           0 toler_force=  1.000000000000000E-005
 nchek=           0
                    conver_nodal_value check
               Convergence check for displacement
 ratio1=  2.594697935627793E-006 ratio2=  2.662165721350460E-006
 nchek=           0
 ngvar in output=           7 nstre=           4
 ***********RESTART FILE IS UPDATED!*******
 time: 16:00:59
 iblks=           1 iincs=           1 istep=         289
 outinp=           0
 iiter=           1
Begin forming various matrix       at 2026-09-02 16:01:08 
 ktsmat=           0
 ntelgroup=           0
Begin solution global equation     at 2026-09-02 16:01:08 
                     istep=         289 iiter=           1
                     conver_load check
 resid=   407983.602275515      retot=  3.582055529939368E+015
 ratio1=  1.067223051093825E-005 ratio2=  4.643870660954571E-006
 nchek0=           0 toler_force=  1.000000000000000E-005
 nchek=           1
 iiter=           2
Begin forming various matrix       at 2026-09-02 16:01:08 
 ktsmat=           0
Begin solution global equation     at 2026-09-02 16:01:08 
                     istep=         289 iiter=           2
                     conver_load check
 resid=  0.953130732873846      retot=  3.582055529939368E+015
 ratio1=  1.631210767617607E-008 ratio2=  4.962249783256689E-009
 nchek0=           0 toler_force=  1.000000000000000E-005
 nchek=           0
                    conver_nodal_value check
               Convergence check for displacement
 ratio1=  6.849554900888122E-006 ratio2=  7.508141633269568E-006
 nchek=           0
 ***********RESTART FILE IS UPDATED!*******
 time: 16:00:59
 iblks=           1 iincs=           1 istep=         290
 outinp=           0
 iiter=           1
Begin forming various matrix       at 2026-09-02 16:01:08 
 ktsmat=           0
 ntelgroup=           0
Begin solution global equation     at 2026-09-02 16:01:08 
                     istep=         290 iiter=           1
                     conver_load check
 resid=   83619.4821633724      retot=  3.317588096966536E+015
 ratio1=  5.020448365424834E-006 ratio2=  4.055270164307432E-006
 nchek0=           0 toler_force=  1.000000000000000E-005
 nchek=           0
                    conver_nodal_value check
               Convergence check for displacement
 ratio1=  3.085923938266360E-003 ratio2=  1.409274106372171E-002
                            not converged for checki=           1
 iiter=           2
Begin forming various matrix       at 2026-09-02 16:01:08 
 ktsmat=           0
Begin solution global equation     at 2026-09-02 16:01:08 
                     istep=         290 iiter=           2
                     conver_load check
 resid=  2.035078799434956E-002 retot=  3.317588096966536E+015
 ratio1=  2.476734096070338E-009 ratio2=  7.968322627461056E-010
 nchek0=           0 toler_force=  1.000000000000000E-005
 nchek=           0
                    conver_nodal_value check
               Convergence check for displacement
 ratio1=  1.211566017942694E-006 ratio2=  1.384563621768703E-006
 nchek=           0
 ngvar in output=           7 nstre=           4
 ***********RESTART FILE IS UPDATED!*******
 time: 16:00:59
 iblks=           1 iincs=           1 istep=         291
 outinp=           0
 iiter=           1
Begin forming various matrix       at 2026-09-02 16:01:08 
 ktsmat=           0
 ntelgroup=           0
Begin solution global equation     at 2026-09-02 16:01:08 
                     istep=         291 iiter=           1
                     conver_load check
 resid=   80375.1729518726      retot=  3.169563009200600E+015
 ratio1=  5.035716419754248E-006 ratio2=  3.960688270982343E-006
 nchek0=           0 toler_force=  1.000000000000000E-005
 nchek=           0
                    conver_nodal_value check
               Convergence check for displacement
 ratio1=  3.354337669009158E-003 ratio2=  1.391473362466703E-002
                            not converged for checki=           1
 iiter=           2
Begin forming various matrix       at 2026-09-02 16:01:08 
 ktsmat=           0
Begin solution global equation     at 2026-09-02 16:01:08 
                     istep=         291 iiter=           2
                     conver_load check
 resid=  7.186455340735687E-002 retot=  3.169563009200600E+015
 ratio1=  4.761652201287258E-009 ratio2=  1.271522540631436E-009
 nchek0=           0 toler_force=  1.000000000000000E-005
 nchek=           0
                    conver_nodal_value check
               Convergence check for displacement
 ratio1=  4.961749276265716E-006 ratio2=  9.458172202895032E-006
 nchek=           0
 ***********RESTART FILE IS UPDATED!*******
 time: 16:00:59
 iblks=           1 iincs=           1 istep=         292
 outinp=           0
 iiter=           1
Begin forming various matrix       at 2026-09-02 16:01:08 
 ktsmat=           0
 ntelgroup=           0
Begin solution global equation     at 2026-09-02 16:01:08 
                     istep=         292 iiter=           1
                     conver_load check
 resid=   246777.321460770      retot=  2.755270208459654E+015
 ratio1=  9.463908327466298E-006 ratio2=  6.058644578090286E-006
 nchek0=           0 toler_force=  1.000000000000000E-005
 nchek=           0
                    conver_nodal_value check
               Convergence check for displacement
 ratio1=  5.146070725360762E-003 ratio2=  1.494255841050518E-002
                            not converged for checki=           1
 iiter=           2
Begin forming various matrix       at 2026-09-02 16:01:08 
 ktsmat=           0
Begin solution global equation     at 2026-09-02 16:01:08 
                     istep=         292 iiter=           2
                     conver_load check
 resid=  0.572916113282206      retot=  2.755270208459654E+015
 ratio1=  1.441993890283572E-008 ratio2=  4.882313353939053E-009
 nchek0=           0 toler_force=  1.000000000000000E-005
 nchek=           0
                    conver_nodal_value check
               Convergence check for displacement
 ratio1=  7.160501468557125E-006 ratio2=  6.916209084439621E-006
 nchek=           0
 ngvar in output=           7 nstre=           4
 ***********RESTART FILE IS UPDATED!*******
 time: 16:00:59
 iblks=           1 iincs=           1 istep=         293
 outinp=           0
 iiter=           1
Begin forming various matrix       at 2026-09-02 16:01:08 
 ktsmat=           0
 ntelgroup=           0
Begin solution global equation     at 2026-09-02 16:01:08 
                     istep=         293 iiter=           1
                     conver_load check
 resid=   485104.722389444      retot=  2.674443471006968E+015
 ratio1=  1.346793587229187E-005 ratio2=  8.285389018315909E-006
 nchek0=           0 toler_force=  1.000000000000000E-005
 nchek=           1
 iiter=           2
Begin forming various matrix       at 2026-09-02 16:01:08 
 ktsmat=           0
Begin solution global equation     at 2026-09-02 16:01:08 
                     istep=         293 iiter=           2
                     conver_load check
 resid=  0.876239595797302      retot=  2.674443471006968E+015
 ratio1=  1.810067313068655E-008 ratio2=  7.531258524694628E-009
 nchek0=           0 toler_force=  1.000000000000000E-005
 nchek=           0
                    conver_nodal_value check
               Convergence check for displacement
 ratio1=  9.020358894903027E-006 ratio2=  1.028652643070903E-005
                            not converged for checki=           1
 iiter=           3
Begin forming various matrix       at 2026-09-02 16:01:08 
 ktsmat=           0
Begin solution global equation     at 2026-09-02 16:01:08 
                     istep=         293 iiter=           3
                     conver_load check
 resid=  7.912222691043496E-006 retot=  2.674443471006968E+015
 ratio1=  5.439168833373168E-011 ratio2=  2.005021923762054E-011
 nchek0=           0 toler_force=  1.000000000000000E-005
 nchek=           0
                    conver_nodal_value check
               Convergence check for displacement
 ratio1=  3.396319100858278E-008 ratio2=  3.534315789411181E-008
 nchek=           0
 ***********RESTART FILE IS UPDATED!*******
 time: 16:00:59
 iblks=           1 iincs=           1 istep=         294
 outinp=           0
 iiter=           1
Begin forming various matrix       at 2026-09-02 16:01:08 
 ktsmat=           0
 ntelgroup=           0
Begin solution global equation     at 2026-09-02 16:01:08 
                     istep=         294 iiter=           1
                     conver_load check
 resid=   57651.6073749870      retot=  3.145479295208023E+015
 ratio1=  4.281168237959422E-006 ratio2=  5.297624264767372E-006
 nchek0=           0 toler_force=  1.000000000000000E-005
 nchek=           0
                    conver_nodal_value check
               Convergence check for displacement
 ratio1=  3.701742243274921E-003 ratio2=  1.810651158074118E-002
                            not converged for checki=           1
 iiter=           2
Begin forming various matrix       at 2026-09-02 16:01:08 
 ktsmat=           0
Begin solution global equation     at 2026-09-02 16:01:08 
                     istep=         294 iiter=           2
                     conver_load check
 resid=  8.959063896229899E-003 retot=  3.145479295208023E+015
 ratio1=  1.687671442237837E-009 ratio2=  5.979299126725259E-010
 nchek0=           0 toler_force=  1.000000000000000E-005
 nchek=           0
                    conver_nodal_value check
               Convergence check for displacement
 ratio1=  1.896924486308950E-006 ratio2=  3.444885603734223E-006
 nchek=           0
 ngvar in output=           7 nstre=           4
 ***********RESTART FILE IS UPDATED!*******
 time: 16:00:59
 iblks=           1 iincs=           1 istep=         295
 outinp=           0
 iiter=           1
Begin forming various matrix       at 2026-09-02 16:01:08 
 ktsmat=           0
 ntelgroup=           0
Begin solution global equation     at 2026-09-02 16:01:08 
                     istep=         295 iiter=           1
                     conver_load check
 resid=   86173.6112641054      retot=  3.877583464433436E+015
 ratio1=  4.714184431286950E-006 ratio2=  4.362648710611446E-006
 nchek0=           0 toler_force=  1.000000000000000E-005
 nchek=           0
                    conver_nodal_value check
               Convergence check for displacement
 ratio1=  4.291367479357645E-003 ratio2=  1.525369853931726E-002
                            not converged for checki=           1
 iiter=           2
Begin forming various matrix       at 2026-09-02 16:01:08 
 ktsmat=           0
Begin solution global equation     at 2026-09-02 16:01:08 
                     istep=         295 iiter=           2
                     conver_load check
 resid=  4.303271157340979E-002 retot=  3.877583464433436E+015
 ratio1=  3.331338615301838E-009 ratio2=  1.407918149106864E-009
 nchek0=           0 toler_force=  1.000000000000000E-005
 nchek=           0
                    conver_nodal_value check
               Convergence check for displacement
 ratio1=  2.268320558965062E-006 ratio2=  3.060303561969197E-006
 nchek=           0
 ***********RESTART FILE IS UPDATED!*******
 time: 16:00:59
 iblks=           1 iincs=           1 istep=         296
 outinp=           0
 iiter=           1
Begin forming various matrix       at 2026-09-02 16:01:09 
 ktsmat=           0
 ntelgroup=           0
Begin solution global equation     at 2026-09-02 16:01:09 
                     istep=         296 iiter=           1
                     conver_load check
 resid=   83086.8088996402      retot=  5.018311080017860E+015
 ratio1=  4.068995879529656E-006 ratio2=  3.415004339541750E-006
 nchek0=           0 toler_force=  1.000000000000000E-005
 nchek=           0
                    conver_nodal_value check
               Convergence check for displacement
 ratio1=  4.423482671058935E-003 ratio2=  1.882211266501988E-002
                            not converged for checki=           1
 iiter=           2
Begin forming various matrix       at 2026-09-02 16:01:09 
 ktsmat=           0
Begin solution global equation     at 2026-09-02 16:01:09 
                     istep=         296 iiter=           2
                     conver_load check
 resid=  0.105177260453565      retot=  5.018311080017860E+015
 ratio1=  4.578066930028451E-009 ratio2=  1.507768493005530E-009
 nchek0=           0 toler_force=  1.000000000000000E-005
 nchek=           0
                    conver_nodal_value check
               Convergence check for displacement
 ratio1=  6.324399276660493E-006 ratio2=  1.204613869097722E-005
                            not converged for checki=           1
 iiter=           3
Begin forming various matrix       at 2026-09-02 16:01:09 
 ktsmat=           0
Begin solution global equation     at 2026-09-02 16:01:09 
                     istep=         296 iiter=           3
                     conver_load check
 resid=  8.189773162054782E-007 retot=  5.018311080017860E+015
 ratio1=  1.277488934021648E-011 ratio2=  4.605599473526150E-012
 nchek0=           0 toler_force=  1.000000000000000E-005
 nchek=           0
                    conver_nodal_value check
               Convergence check for displacement
 ratio1=  3.122220688729894E-008 ratio2=  6.914623629859701E-008
 nchek=           0
 ngvar in output=           7 nstre=           4
 ***********RESTART FILE IS UPDATED!*******
 time: 16:00:59
 iblks=           1 iincs=           1 istep=         297
 outinp=           0
 iiter=           1
Begin forming various matrix       at 2026-09-02 16:01:09 
 ktsmat=           0
 ntelgroup=           0
Begin solution global equation     at 2026-09-02 16:01:09 
                     istep=         297 iiter=           1
                     conver_load check
 resid=   323727.379090028      retot=  6.008643659401993E+015
 ratio1=  7.340091792183368E-006 ratio2=  3.692369155272296E-006
 nchek0=           0 toler_force=  1.000000000000000E-005
 nchek=           0
                    conver_nodal_value check
               Convergence check for displacement
 ratio1=  6.989788383043209E-003 ratio2=  1.847532305397753E-002
                            not converged for checki=           1
 iiter=           2
Begin forming various matrix       at 2026-09-02 16:01:09 
 ktsmat=           0
Begin solution global equation     at 2026-09-02 16:01:09 
                     istep=         297 iiter=           2
                     conver_load check
 resid=   1.02439046084063      retot=  6.008643659401993E+015
 ratio1=  1.305703409864094E-008 ratio2=  3.956502517852228E-009
 nchek0=           0 toler_force=  1.000000000000000E-005
 nchek=           0
                    conver_nodal_value check
               Convergence check for displacement
 ratio1=  1.241820328761566E-005 ratio2=  1.119856499914914E-005
                            not converged for checki=           1
 iiter=           3
Begin forming various matrix       at 2026-09-02 16:01:09 
 ktsmat=           0
Begin solution global equation     at 2026-09-02 16:01:09 
                     istep=         297 iiter=           3
                     conver_load check
 resid=  1.290308251779107E-005 retot=  6.008643659401993E+015
 ratio1=  4.634026497793324E-011 ratio2=  1.745697651383610E-011
 nchek0=           0 toler_force=  1.000000000000000E-005
 nchek=           0
                    conver_nodal_value check
               Convergence check for displacement
 ratio1=  6.741705183748948E-008 ratio2=  1.100100135835716E-007
 nchek=           0
 ***********RESTART FILE IS UPDATED!*******
 time: 16:00:59
 iblks=           1 iincs=           1 istep=         298
 outinp=           0
 iiter=           1
Begin forming various matrix       at 2026-09-02 16:01:09 
 ktsmat=           0
 ntelgroup=           0
Begin solution global equation     at 2026-09-02 16:01:09 
                     istep=         298 iiter=           1
                     conver_load check
 resid=   77227.0361147678      retot=  6.511453749765105E+015
 ratio1=  3.443861708586822E-006 ratio2=  2.715463983050173E-006
 nchek0=           0 toler_force=  1.000000000000000E-005
 nchek=           0
                    conver_nodal_value check
               Convergence check for displacement
 ratio1=  3.772899235077817E-003 ratio2=  1.370837566447604E-002
                            not converged for checki=           1
 iiter=           2
Begin forming various matrix       at 2026-09-02 16:01:09 
 ktsmat=           0
Begin solution global equation     at 2026-09-02 16:01:09 
                     istep=         298 iiter=           2
                     conver_load check
 resid=  0.221753067728403      retot=  6.511453749765105E+015
 ratio1=  5.835738705959014E-009 ratio2=  1.657840861703062E-009
 nchek0=           0 toler_force=  1.000000000000000E-005
 nchek=           0
                    conver_nodal_value check
               Convergence check for displacement
 ratio1=  6.329634473797820E-006 ratio2=  8.271063660024774E-006
 nchek=           0
 ngvar in output=           7 nstre=           4
 ***********RESTART FILE IS UPDATED!*******
 time: 16:00:59
 iblks=           1 iincs=           1 istep=         299
 outinp=           0
 iiter=           1
Begin forming various matrix       at 2026-09-02 16:01:09 
 ktsmat=           0
 ntelgroup=           0
Begin solution global equation     at 2026-09-02 16:01:09 
                     istep=         299 iiter=           1
                     conver_load check
 resid=   68270.9714305709      retot=  6.817741663349674E+015
 ratio1=  3.164446595550647E-006 ratio2=  2.661844722892309E-006
 nchek0=           0 toler_force=  1.000000000000000E-005
 nchek=           0
                    conver_nodal_value check
               Convergence check for displacement
 ratio1=  3.085246418044163E-003 ratio2=  1.118559689855851E-002
                            not converged for checki=           1
 iiter=           2
Begin forming various matrix       at 2026-09-02 16:01:09 
 ktsmat=           0
Begin solution global equation     at 2026-09-02 16:01:09 
                     istep=         299 iiter=           2
                     conver_load check
 resid=  0.208532839178667      retot=  6.817741663349674E+015
 ratio1=  5.530532612238666E-009 ratio2=  1.981026902754691E-009
 nchek0=           0 toler_force=  1.000000000000000E-005
 nchek=           0
                    conver_nodal_value check
               Convergence check for displacement
 ratio1=  7.363834496168390E-006 ratio2=  1.246806114412920E-005
                            not converged for checki=           1
 iiter=           3
Begin forming various matrix       at 2026-09-02 16:01:09 
 ktsmat=           0
Begin solution global equation     at 2026-09-02 16:01:09 
                     istep=         299 iiter=           3
                     conver_load check
 resid=  4.376082233499498E-006 retot=  6.817741663349674E+015
 ratio1=  2.533509089442349E-011 ratio2=  1.019433989475383E-011
 nchek0=           0 toler_force=  1.000000000000000E-005
 nchek=           0
                    conver_nodal_value check
               Convergence check for displacement
 ratio1=  5.182229408034373E-008 ratio2=  1.077264356531264E-007
 nchek=           0
 ***********RESTART FILE IS UPDATED!*******
 time: 16:00:59
 iblks=           1 iincs=           1 istep=         300
 outinp=           0
 iiter=           1
Begin forming various matrix       at 2026-09-02 16:01:09 
 ktsmat=           0
 ntelgroup=           0
Begin solution global equation     at 2026-09-02 16:01:09 
                     istep=         300 iiter=           1
                     conver_load check
 resid=   70902.1000725030      retot=  7.096444439349757E+015
 ratio1=  3.160888278663708E-006 ratio2=  2.184248643022035E-006
 nchek0=           0 toler_force=  1.000000000000000E-005
 nchek=           0
                    conver_nodal_value check
               Convergence check for displacement
 ratio1=  2.857450636455912E-003 ratio2=  1.374725163673836E-002
                            not converged for checki=           1
 iiter=           2
Begin forming various matrix       at 2026-09-02 16:01:09 
 ktsmat=           0
Begin solution global equation     at 2026-09-02 16:01:09 
                     istep=         300 iiter=           2
                     conver_load check
 resid=  9.981434718438807E-002 retot=  7.096444439349757E+015
 ratio1=  3.750386976764836E-009 ratio2=  1.013646976189278E-009
 nchek0=           0 toler_force=  1.000000000000000E-005
 nchek=           0
                    conver_nodal_value check
               Convergence check for displacement
 ratio1=  6.833122530040898E-006 ratio2=  1.546596727700245E-005
                            not converged for checki=           1
 iiter=           3
Begin forming various matrix       at 2026-09-02 16:01:09 
 ktsmat=           0
Begin solution global equation     at 2026-09-02 16:01:09 
                     istep=         300 iiter=           3
                     conver_load check
 resid=  1.798887736583941E-006 retot=  7.096444439349757E+015
 ratio1=  1.592141369918122E-011 ratio2=  6.212456414679547E-012
 nchek0=           0 toler_force=  1.000000000000000E-005
 nchek=           0
                    conver_nodal_value check
               Convergence check for displacement
 ratio1=  4.257823578181260E-008 ratio2=  1.026644951779301E-007
 nchek=           0
 ngvar in output=           7 nstre=           4
 ***********RESTART FILE IS UPDATED!*******
 time: 16:00:59
 iblks=           1 iincs=           1 istep=         301
 outinp=           0
 iiter=           1
Begin forming various matrix       at 2026-09-02 16:01:09 
 ktsmat=           0
 ntelgroup=           0
Begin solution global equation     at 2026-09-02 16:01:09 
                     istep=         301 iiter=           1
                     conver_load check
 resid=   143522.457741445      retot=  7.545796496021303E+015
 ratio1=  4.361213895838650E-006 ratio2=  2.471752151059371E-006
 nchek0=           0 toler_force=  1.000000000000000E-005
 nchek=           0
                    conver_nodal_value check
               Convergence check for displacement
 ratio1=  3.166519529093507E-003 ratio2=  1.189537055305312E-002
                            not converged for checki=           1
 iiter=           2
Begin forming various matrix       at 2026-09-02 16:01:09 
 ktsmat=           0
Begin solution global equation     at 2026-09-02 16:01:09 
                     istep=         301 iiter=           2
                     conver_load check
 resid=  0.203462274439654      retot=  7.545796496021303E+015
 ratio1=  5.192654213959677E-009 ratio2=  1.807329163205318E-009
 nchek0=           0 toler_force=  1.000000000000000E-005
 nchek=           0
                    conver_nodal_value check
               Convergence check for displacement
 ratio1=  3.553171328627133E-006 ratio2=  4.549721274355053E-006
 nchek=           0
 ***********RESTART FILE IS UPDATED!*******
 time: 16:00:59
 iblks=           1 iincs=           1 istep=         302
 outinp=           0
 iiter=           1
Begin forming various matrix       at 2026-09-02 16:01:09 
 ktsmat=           0
 ntelgroup=           0
Begin solution global equation     at 2026-09-02 16:01:09 
                     istep=         302 iiter=           1
                     conver_load check
 resid=   56631.5983695017      retot=  8.055484722418137E+015
 ratio1=  2.651450785851747E-006 ratio2=  2.720801030907941E-006
 nchek0=           0 toler_force=  1.000000000000000E-005
 nchek=           0
                    conver_nodal_value check
               Convergence check for displacement
 ratio1=  2.133922269699412E-003 ratio2=  1.096779395679609E-002
                            not converged for checki=           1
 iiter=           2
Begin forming various matrix       at 2026-09-02 16:01:09 
 ktsmat=           0
Begin solution global equation     at 2026-09-02 16:01:09 
                     istep=         302 iiter=           2
                     conver_load check
 resid=  9.806525371455309E-002 retot=  8.055484722418137E+015
 ratio1=  3.489086520426403E-009 ratio2=  1.046804624626646E-009
 nchek0=           0 toler_force=  1.000000000000000E-005
 nchek=           0
                    conver_nodal_value check
               Convergence check for displacement
 ratio1=  5.797847845633971E-006 ratio2=  1.557200159013397E-005
                            not converged for checki=           1
 iiter=           3
Begin forming various matrix       at 2026-09-02 16:01:09 
 ktsmat=           0
Begin solution global equation     at 2026-09-02 16:01:09 
                     istep=         302 iiter=           3
                     conver_load check
 resid=  2.079487387560988E-006 retot=  8.055484722418137E+015
 ratio1=  1.606690797254438E-011 ratio2=  6.519443731801871E-012
 nchek0=           0 toler_force=  1.000000000000000E-005
 nchek=           0
                    conver_nodal_value check
               Convergence check for displacement
 ratio1=  3.657737363612489E-008 ratio2=  1.031809570275071E-007
 nchek=           0
 ngvar in output=           7 nstre=           4
 ***********RESTART FILE IS UPDATED!*******
 time: 16:00:59
 iblks=           1 iincs=           1 istep=         303
 outinp=           0
 iiter=           1
Begin forming various matrix       at 2026-09-02 16:01:09 
 ktsmat=           0
 ntelgroup=           0
Begin solution global equation     at 2026-09-02 16:01:09 
                     istep=         303 iiter=           1
                     conver_load check
 resid=   89575.5191341176      retot=  8.355094034096305E+015
 ratio1=  3.274303978799024E-006 ratio2=  1.976053060096810E-006
 nchek0=           0 toler_force=  1.000000000000000E-005
 nchek=           0
                    conver_nodal_value check
               Convergence check for displacement
 ratio1=  2.097757202373120E-003 ratio2=  1.015086579665504E-002
                            not converged for checki=           1
 iiter=           2
Begin forming various matrix       at 2026-09-02 16:01:09 
 ktsmat=           0
Begin solution global equation     at 2026-09-02 16:01:09 
                     istep=         303 iiter=           2
                     conver_load check
 resid=  0.269740902929311      retot=  8.355094034096305E+015
 ratio1=  5.681954248186528E-009 ratio2=  1.696947959889235E-009
 nchek0=           0 toler_force=  1.000000000000000E-005
 nchek=           0
                    conver_nodal_value check
               Convergence check for displacement
 ratio1=  3.422458796273978E-006 ratio2=  4.470836077599466E-006
 nchek=           0
 ***********RESTART FILE IS UPDATED!*******
 time: 16:00:59
 iblks=           1 iincs=           1 istep=         304
 outinp=           0
 iiter=           1
Begin forming various matrix       at 2026-09-02 16:01:09 
 ktsmat=           0
 ntelgroup=           0
Begin solution global equation     at 2026-09-02 16:01:09 
                     istep=         304 iiter=           1
                     conver_load check
 resid=   128427.505169640      retot=  8.562480173889895E+015
 ratio1=  3.872837131844209E-006 ratio2=  1.813351472036551E-006
 nchek0=           0 toler_force=  1.000000000000000E-005
 nchek=           0
                    conver_nodal_value check
               Convergence check for displacement
 ratio1=  2.246025719855196E-003 ratio2=  9.226271639755252E-003
                            not converged for checki=           1
 iiter=           2
Begin forming various matrix       at 2026-09-02 16:01:09 
 ktsmat=           0
Begin solution global equation     at 2026-09-02 16:01:09 
                     istep=         304 iiter=           2
                     conver_load check
 resid=  0.222383787595785      retot=  8.562480173889895E+015
 ratio1=  5.096262291629896E-009 ratio2=  1.771834998427646E-009
 nchek0=           0 toler_force=  1.000000000000000E-005
 nchek=           0
                    conver_nodal_value check
               Convergence check for displacement
 ratio1=  2.869772451802653E-006 ratio2=  5.092775940600687E-006
 nchek=           0
 ngvar in output=           7 nstre=           4
 ***********RESTART FILE IS UPDATED!*******
 time: 16:00:59
 iblks=           1 iincs=           1 istep=         305
 outinp=           0
 iiter=           1
Begin forming various matrix       at 2026-09-02 16:01:09 
 ktsmat=           0
 ntelgroup=           0
Begin solution global equation     at 2026-09-02 16:01:09 
                     istep=         305 iiter=           1
                     conver_load check
 resid=   51826.4811176227      retot=  8.816411060540864E+015
 ratio1=  2.424543306836355E-006 ratio2=  2.355962235678019E-006
 nchek0=           0 toler_force=  1.000000000000000E-005
 nchek=           0
                    conver_nodal_value check
               Convergence check for displacement
 ratio1=  1.511179380774112E-003 ratio2=  9.954928022766110E-003
                            not converged for checki=           1
 iiter=           2
Begin forming various matrix       at 2026-09-02 16:01:09 
 ktsmat=           0
Begin solution global equation     at 2026-09-02 16:01:09 
                     istep=         305 iiter=           2
                     conver_load check
 resid=  6.765333032268953E-002 retot=  8.816411060540864E+015
 ratio1=  2.770120585919003E-009 ratio2=  8.255823610353456E-010
 nchek0=           0 toler_force=  1.000000000000000E-005
 nchek=           0
                    conver_nodal_value check
               Convergence check for displacement
 ratio1=  2.252231645065350E-006 ratio2=  6.315673191382516E-006
 nchek=           0
 ***********RESTART FILE IS UPDATED!*******
 time: 16:00:59
 iblks=           1 iincs=           1 istep=         306
 outinp=           0
 iiter=           1
Begin forming various matrix       at 2026-09-02 16:01:09 
 ktsmat=           0
 ntelgroup=           0
Begin solution global equation     at 2026-09-02 16:01:09 
                     istep=         306 iiter=           1
                     conver_load check
 resid=   163857.467967658      retot=  9.275987555555846E+015
 ratio1=  4.202938557459668E-006 ratio2=  1.715896237678265E-006
 nchek0=           0 toler_force=  1.000000000000000E-005
 nchek=           0
                    conver_nodal_value check
               Convergence check for displacement
 ratio1=  2.097134835359987E-003 ratio2=  8.720251516020270E-003
                            not converged for checki=           1
 iiter=           2
Begin forming various matrix       at 2026-09-02 16:01:09 
 ktsmat=           0
Begin solution global equation     at 2026-09-02 16:01:09 
                     istep=         306 iiter=           2
                     conver_load check
 resid=  0.466550238722128      retot=  9.275987555555846E+015
 ratio1=  7.092006571142911E-009 ratio2=  2.020119071514421E-009
 nchek0=           0 toler_force=  1.000000000000000E-005
 nchek=           0
                    conver_nodal_value check
               Convergence check for displacement
 ratio1=  3.864428437616717E-006 ratio2=  6.433374534253688E-006
 nchek=           0
 ngvar in output=           7 nstre=           4
 ***********RESTART FILE IS UPDATED!*******
 time: 16:00:59
 iblks=           1 iincs=           1 istep=         307
 outinp=           0
 iiter=           1
Begin forming various matrix       at 2026-09-02 16:01:09 
 ktsmat=           0
 ntelgroup=           0
Begin solution global equation     at 2026-09-02 16:01:09 
                     istep=         307 iiter=           1
                     conver_load check
 resid=   223800.840325899      retot=  9.767961904978966E+015
 ratio1=  4.786619192634707E-006 ratio2=  2.388687139632821E-006
 nchek0=           0 toler_force=  1.000000000000000E-005
 nchek=           0
                    conver_nodal_value check
               Convergence check for displacement
 ratio1=  2.262983258264767E-003 ratio2=  8.770769078504704E-003
                            not converged for checki=           1
 iiter=           2
Begin forming various matrix       at 2026-09-02 16:01:09 
 ktsmat=           0
Begin solution global equation     at 2026-09-02 16:01:09 
                     istep=         307 iiter=           2
                     conver_load check
 resid=  0.358662748834004      retot=  9.767961904978966E+015
 ratio1=  6.059560943717911E-009 ratio2=  2.109642819918762E-009
 nchek0=           0 toler_force=  1.000000000000000E-005
 nchek=           0
                    conver_nodal_value check
               Convergence check for displacement
 ratio1=  3.089434923089697E-006 ratio2=  6.348029654031560E-006
 nchek=           0
 ***********RESTART FILE IS UPDATED!*******
 time: 16:00:59
 iblks=           1 iincs=           1 istep=         308
 outinp=           0
 iiter=           1
Begin forming various matrix       at 2026-09-02 16:01:09 
 ktsmat=           0
 ntelgroup=           0
Begin solution global equation     at 2026-09-02 16:01:09 
                     istep=         308 iiter=           1
                     conver_load check
 resid=   63065.0583589073      retot=  9.821341362523330E+015
 ratio1=  2.534013929586003E-006 ratio2=  1.524041223433772E-006
 nchek0=           0 toler_force=  1.000000000000000E-005
 nchek=           0
                    conver_nodal_value check
               Convergence check for displacement
 ratio1=  1.240301077832648E-003 ratio2=  6.502177844160621E-003
                            not converged for checki=           1
 iiter=           2
Begin forming various matrix       at 2026-09-02 16:01:09 
 ktsmat=           0
Begin solution global equation     at 2026-09-02 16:01:09 
                     istep=         308 iiter=           2
                     conver_load check
 resid=  7.111826428948731E-002 retot=  9.821341362523330E+015
 ratio1=  2.690947168169590E-009 ratio2=  8.979263402055189E-010
 nchek0=           0 toler_force=  1.000000000000000E-005
 nchek=           0
                    conver_nodal_value check
               Convergence check for displacement
 ratio1=  2.203565727299756E-006 ratio2=  6.370632041699161E-006
 nchek=           0
 ngvar in output=           7 nstre=           4
 ***********RESTART FILE IS UPDATED!*******
 time: 16:00:59
 iblks=           1 iincs=           1 istep=         309
 outinp=           0
 iiter=           1
Begin forming various matrix       at 2026-09-02 16:01:09 
 ktsmat=           0
 ntelgroup=           0
Begin solution global equation     at 2026-09-02 16:01:09 
                     istep=         309 iiter=           1
                     conver_load check
 resid=   35588.3613978953      retot=  9.636970052865542E+015
 ratio1=  1.921691819455582E-006 ratio2=  1.652737543640693E-006
 nchek0=           0 toler_force=  1.000000000000000E-005
 nchek=           0
                    conver_nodal_value check
               Convergence check for displacement
 ratio1=  9.333020334958233E-004 ratio2=  5.287524521229241E-003
                            not converged for checki=           1
 iiter=           2
Begin forming various matrix       at 2026-09-02 16:01:09 
 ktsmat=           0
Begin solution global equation     at 2026-09-02 16:01:09 
                     istep=         309 iiter=           2
                     conver_load check
 resid=  5.210645393897791E-002 retot=  9.636970052865542E+015
 ratio1=  2.325281329986018E-009 ratio2=  9.424852155610768E-010
 nchek0=           0 toler_force=  1.000000000000000E-005
 nchek=           0
                    conver_nodal_value check
               Convergence check for displacement
 ratio1=  1.994657918193914E-006 ratio2=  5.636684902534686E-006
 nchek=           0
 ***********RESTART FILE IS UPDATED!*******
 time: 16:00:59
 iblks=           1 iincs=           1 istep=         310
 outinp=           0
 iiter=           1
Begin forming various matrix       at 2026-09-02 16:01:09 
 ktsmat=           0
 ntelgroup=           0
Begin solution global equation     at 2026-09-02 16:01:09 
                     istep=         310 iiter=           1
                     conver_load check
 resid=   168111.889937686      retot=  9.644575939881278E+015
 ratio1=  4.175011218422904E-006 ratio2=  2.172378908881638E-006
 nchek0=           0 toler_force=  1.000000000000000E-005
 nchek=           0
                    conver_nodal_value check
               Convergence check for displacement
 ratio1=  1.639955357325388E-003 ratio2=  4.086273047941030E-003
                            not converged for checki=           1
 iiter=           2
Begin forming various matrix       at 2026-09-02 16:01:09 
 ktsmat=           0
Begin solution global equation     at 2026-09-02 16:01:09 
                     istep=         310 iiter=           2
                     conver_load check
 resid=  0.492893375209550      retot=  9.644575939881278E+015
 ratio1=  7.148829216218498E-009 ratio2=  2.575733687379993E-009
 nchek0=           0 toler_force=  1.000000000000000E-005
 nchek=           0
                    conver_nodal_value check
               Convergence check for displacement
 ratio1=  2.968706488619956E-006 ratio2=  5.548077830588812E-006
 nchek=           0
 ngvar in output=           7 nstre=           4
 ***********RESTART FILE IS UPDATED!*******
 time: 16:00:59
 iblks=           1 iincs=           1 istep=         311
 outinp=           0
 iiter=           1
Begin forming various matrix       at 2026-09-02 16:01:09 
 ktsmat=           0
 ntelgroup=           0
Begin solution global equation     at 2026-09-02 16:01:09 
                     istep=         311 iiter=           1
                     conver_load check
 resid=   237693.088489590      retot=  9.689430781996598E+015
 ratio1=  4.952895266878907E-006 ratio2=  2.366749856139465E-006
 nchek0=           0 toler_force=  1.000000000000000E-005
 nchek=           0
                    conver_nodal_value check
               Convergence check for displacement
 ratio1=  1.867080623188930E-003 ratio2=  5.194740251228283E-003
                            not converged for checki=           1
 iiter=           2
Begin forming various matrix       at 2026-09-02 16:01:09 
 ktsmat=           0
Begin solution global equation     at 2026-09-02 16:01:09 
                     istep=         311 iiter=           2
                     conver_load check
 resid=  0.659224602177026      retot=  9.689430781996598E+015
 ratio1=  8.248359308785602E-009 ratio2=  2.867792092140821E-009
 nchek0=           0 toler_force=  1.000000000000000E-005
 nchek=           0
                    conver_nodal_value check
               Convergence check for displacement
 ratio1=  3.333403024760072E-006 ratio2=  6.409946524868482E-006
 nchek=           0
 ***********RESTART FILE IS UPDATED!*******
 time: 16:00:59
 iblks=           1 iincs=           1 istep=         312
 outinp=           0
 iiter=           1
Begin forming various matrix       at 2026-09-02 16:01:09 
 ktsmat=           0
 ntelgroup=           0
Begin solution global equation     at 2026-09-02 16:01:09 
                     istep=         312 iiter=           1
                     conver_load check
 resid=   62659.9257700545      retot=  9.402731395372740E+015
 ratio1=  2.581474997207334E-006 ratio2=  1.808654563074841E-006
 nchek0=           0 toler_force=  1.000000000000000E-005
 nchek=           0
                    conver_nodal_value check
               Convergence check for displacement
 ratio1=  1.001952770909696E-003 ratio2=  5.192651314035386E-003
                            not converged for checki=           1
 iiter=           2
Begin forming various matrix       at 2026-09-02 16:01:09 
 ktsmat=           0
Begin solution global equation     at 2026-09-02 16:01:09 
                     istep=         312 iiter=           2
                     conver_load check
 resid=  0.111740308602562      retot=  9.402731395372740E+015
 ratio1=  3.447290783442117E-009 ratio2=  1.084954215280183E-009
 nchek0=           0 toler_force=  1.000000000000000E-005
 nchek=           0
                    conver_nodal_value check
               Convergence check for displacement
 ratio1=  1.438732624022794E-006 ratio2=  2.905161474295286E-006
 nchek=           0
 ngvar in output=           7 nstre=           4
 ***********RESTART FILE IS UPDATED!*******
 time: 16:00:59
 iblks=           1 iincs=           1 istep=         313
 outinp=           0
 iiter=           1
Begin forming various matrix       at 2026-09-02 16:01:09 
 ktsmat=           0
 ntelgroup=           0
Begin solution global equation     at 2026-09-02 16:01:09 
                     istep=         313 iiter=           1
                     conver_load check
 resid=   393275.837351425      retot=  9.259741002955588E+015
 ratio1=  6.517022380581159E-006 ratio2=  3.777689203295758E-006
 nchek0=           0 toler_force=  1.000000000000000E-005
 nchek=           0
                    conver_nodal_value check
               Convergence check for displacement
 ratio1=  2.249572307066426E-003 ratio2=  6.286134564981271E-003
                            not converged for checki=           1
 iiter=           2
Begin forming various matrix       at 2026-09-02 16:01:09 
 ktsmat=           0
Begin solution global equation     at 2026-09-02 16:01:09 
                     istep=         313 iiter=           2
                     conver_load check
 resid=  0.929165579482322      retot=  9.259741002955588E+015
 ratio1=  1.001721826756287E-008 ratio2=  3.453494994845695E-009
 nchek0=           0 toler_force=  1.000000000000000E-005
 nchek=           0
                    conver_nodal_value check
               Convergence check for displacement
 ratio1=  3.473258210806213E-006 ratio2=  5.513501792447145E-006
 nchek=           0
 ***********RESTART FILE IS UPDATED!*******
 time: 16:00:59
 iblks=           1 iincs=           1 istep=         314
 outinp=           0
 iiter=           1
Begin forming various matrix       at 2026-09-02 16:01:09 
 ktsmat=           0
 ntelgroup=           0
Begin solution global equation     at 2026-09-02 16:01:09 
                     istep=         314 iiter=           1
                     conver_load check
 resid=   96080.6998913127      retot=  9.425774507687816E+015
 ratio1=  3.192710613810105E-006 ratio2=  1.739389377074878E-006
 nchek0=           0 toler_force=  1.000000000000000E-005
 nchek=           0
                    conver_nodal_value check
               Convergence check for displacement
 ratio1=  1.142020429308522E-003 ratio2=  6.076589905282972E-003
                            not converged for checki=           1
 iiter=           2
Begin forming various matrix       at 2026-09-02 16:01:09 
 ktsmat=           0
Begin solution global equation     at 2026-09-02 16:01:09 
                     istep=         314 iiter=           2
                     conver_load check
 resid=  0.376004657353945      retot=  9.425774507687816E+015
 ratio1=  6.315941360210916E-009 ratio2=  2.009434342079077E-009
 nchek0=           0 toler_force=  1.000000000000000E-005
 nchek=           0
                    conver_nodal_value check
               Convergence check for displacement
 ratio1=  2.575421297816785E-006 ratio2=  4.299737768996952E-006
 nchek=           0
 ngvar in output=           7 nstre=           4
 ***********RESTART FILE IS UPDATED!*******
 time: 16:00:59
 iblks=           1 iincs=           1 istep=         315
 outinp=           0
 iiter=           1
Begin forming various matrix       at 2026-09-02 16:01:09 
 ktsmat=           0
 ntelgroup=           0
Begin solution global equation     at 2026-09-02 16:01:09 
                     istep=         315 iiter=           1
                     conver_load check
 resid=   394393.484002037      retot=  9.487196852537122E+015
 ratio1=  6.447567679255798E-006 ratio2=  3.281671220224565E-006
 nchek0=           0 toler_force=  1.000000000000000E-005
 nchek=           0
                    conver_nodal_value check
               Convergence check for displacement
 ratio1=  2.150375556126018E-003 ratio2=  6.027506255114369E-003
                            not converged for checki=           1
 iiter=           2
Begin forming various matrix       at 2026-09-02 16:01:09 
 ktsmat=           0
Begin solution global equation     at 2026-09-02 16:01:09 
                     istep=         315 iiter=           2
                     conver_load check
 resid=  0.944673663865090      retot=  9.487196852537122E+015
 ratio1=  9.978653629416564E-009 ratio2=  3.346554887248436E-009
 nchek0=           0 toler_force=  1.000000000000000E-005
 nchek=           0
                    conver_nodal_value check
               Convergence check for displacement
 ratio1=  3.441613551438432E-006 ratio2=  5.640829194524057E-006
 nchek=           0
 ***********RESTART FILE IS UPDATED!*******
 time: 16:00:59
 iblks=           1 iincs=           1 istep=         316
 outinp=           0
 iiter=           1
Begin forming various matrix       at 2026-09-02 16:01:09 
 ktsmat=           0
 ntelgroup=           0
Begin solution global equation     at 2026-09-02 16:01:09 
                     istep=         316 iiter=           1
                     conver_load check
 resid=   46276.9396228180      retot=  9.328563348618670E+015
 ratio1=  2.227280591936726E-006 ratio2=  1.140788727669999E-006
 nchek0=           0 toler_force=  1.000000000000000E-005
 nchek=           0
                    conver_nodal_value check
               Convergence check for displacement
 ratio1=  8.155321794390014E-004 ratio2=  3.534405649856587E-003
                            not converged for checki=           1
 iiter=           2
Begin forming various matrix       at 2026-09-02 16:01:09 
 ktsmat=           0
Begin solution global equation     at 2026-09-02 16:01:09 
                     istep=         316 iiter=           2
                     conver_load check
 resid=  5.861159213213496E-002 retot=  9.328563348618670E+015
 ratio1=  2.506596199380618E-009 ratio2=  5.796035992390107E-010
 nchek0=           0 toler_force=  1.000000000000000E-005
 nchek=           0
                    conver_nodal_value check
               Convergence check for displacement
 ratio1=  1.169947409050059E-006 ratio2=  2.581546053622404E-006
 nchek=           0
 ngvar in output=           7 nstre=           4
 ***********RESTART FILE IS UPDATED!*******
 time: 16:00:59
 iblks=           1 iincs=           1 istep=         317
 outinp=           0
 iiter=           1
Begin forming various matrix       at 2026-09-02 16:01:09 
 ktsmat=           0
 ntelgroup=           0
Begin solution global equation     at 2026-09-02 16:01:09 
                     istep=         317 iiter=           1
                     conver_load check
 resid=   253186.228474013      retot=  9.045576284510574E+015
 ratio1=  5.290563354881049E-006 ratio2=  2.140160010592488E-006
 nchek0=           0 toler_force=  1.000000000000000E-005
 nchek=           0
                    conver_nodal_value check
               Convergence check for displacement
 ratio1=  1.685286984940615E-003 ratio2=  4.188568337896634E-003
                            not converged for checki=           1
 iiter=           2
Begin forming various matrix       at 2026-09-02 16:01:09 
 ktsmat=           0
Begin solution global equation     at 2026-09-02 16:01:09 
                     istep=         317 iiter=           2
                     conver_load check
 resid=  0.690161879452573      retot=  9.045576284510574E+015
 ratio1=  8.734888458870650E-009 ratio2=  2.358620349576706E-009
 nchek0=           0 toler_force=  1.000000000000000E-005
 nchek=           0
                    conver_nodal_value check
               Convergence check for displacement
 ratio1=  2.869041331082202E-006 ratio2=  4.667768331354360E-006
 nchek=           0
 ***********RESTART FILE IS UPDATED!*******
 time: 16:00:59
 iblks=           1 iincs=           1 istep=         318
 outinp=           0
 iiter=           1
Begin forming various matrix       at 2026-09-02 16:01:09 
 ktsmat=           0
 ntelgroup=           0
Begin solution global equation     at 2026-09-02 16:01:09 
                     istep=         318 iiter=           1
                     conver_load check
 resid=   582570.878155049      retot=  8.899905683100868E+015
 ratio1=  8.090617759219913E-006 ratio2=  3.337538874010760E-006
 nchek0=           0 toler_force=  1.000000000000000E-005
 nchek=           0
                    conver_nodal_value check
               Convergence check for displacement
 ratio1=  2.459339236981477E-003 ratio2=  5.929556849419877E-003
                            not converged for checki=           1
 iiter=           2
Begin forming various matrix       at 2026-09-02 16:01:09 
 ktsmat=           0
Begin solution global equation     at 2026-09-02 16:01:09 
                     istep=         318 iiter=           2
                     conver_load check
 resid=   1.55250750996135      retot=  8.899905683100868E+015
 ratio1=  1.320760745493965E-008 ratio2=  3.767779178214790E-009
 nchek0=           0 toler_force=  1.000000000000000E-005
 nchek=           0
                    conver_nodal_value check
               Convergence check for displacement
 ratio1=  4.021644117477612E-006 ratio2=  6.525111167312694E-006
 nchek=           0
 ngvar in output=           7 nstre=           4
 ***********RESTART FILE IS UPDATED!*******
 time: 16:00:59
 iblks=           1 iincs=           1 istep=         319
 outinp=           0
 iiter=           1
Begin forming various matrix       at 2026-09-02 16:01:09 
 ktsmat=           0
 ntelgroup=           0
Begin solution global equation     at 2026-09-02 16:01:09 
                     istep=         319 iiter=           1
                     conver_load check
 resid=   270677.254163832      retot=  8.808748390902933E+015
 ratio1=  5.543305048644606E-006 ratio2=  2.296346142611398E-006
 nchek0=           0 toler_force=  1.000000000000000E-005
 nchek=           0
                    conver_nodal_value check
               Convergence check for displacement
 ratio1=  1.692544610469548E-003 ratio2=  4.662893357697050E-003
                            not converged for checki=           1
 iiter=           2
Begin forming various matrix       at 2026-09-02 16:01:09 
 ktsmat=           0
Begin solution global equation     at 2026-09-02 16:01:09 
                     istep=         319 iiter=           2
                     conver_load check
 resid=  0.689317738883888      retot=  8.808748390902933E+015
 ratio1=  8.846115893595798E-009 ratio2=  2.409902373656457E-009
 nchek0=           0 toler_force=  1.000000000000000E-005
 nchek=           0
                    conver_nodal_value check
               Convergence check for displacement
 ratio1=  2.573467227501274E-006 ratio2=  4.033680111108695E-006
 nchek=           0
 ***********RESTART FILE IS UPDATED!*******
 time: 16:00:59
 iblks=           1 iincs=           1 istep=         320
 outinp=           0
 iiter=           1
Begin forming various matrix       at 2026-09-02 16:01:09 
 ktsmat=           0
 ntelgroup=           0
Begin solution global equation     at 2026-09-02 16:01:09 
                     istep=         320 iiter=           1
                     conver_load check
 resid=   1370911.57220105      retot=  8.821649885859510E+015
 ratio1=  1.246607721175076E-005 ratio2=  5.350602689857208E-006
 nchek0=           0 toler_force=  1.000000000000000E-005
 nchek=           1
 iiter=           2
Begin forming various matrix       at 2026-09-02 16:01:09 
 ktsmat=           0
Begin solution global equation     at 2026-09-02 16:01:09 
                     istep=         320 iiter=           2
                     conver_load check
 resid=   3.53436211989057      retot=  8.821649885859510E+015
 ratio1=  2.001615305488543E-008 ratio2=  5.751511579632622E-009
 nchek0=           0 toler_force=  1.000000000000000E-005
 nchek=           0
                    conver_nodal_value check
               Convergence check for displacement
 ratio1=  5.645331997720307E-006 ratio2=  9.275906917952832E-006
 nchek=           0
 ngvar in output=           7 nstre=           4
 ***********RESTART FILE IS UPDATED!*******
 time: 16:00:59
 iblks=           1 iincs=           1 istep=         321
 outinp=           0
 iiter=           1
Begin forming various matrix       at 2026-09-02 16:01:09 
 ktsmat=           0
 ntelgroup=           0
Begin solution global equation     at 2026-09-02 16:01:09 
                     istep=         321 iiter=           1
                     conver_load check
 resid=   1094565.99793032      retot=  8.897933269857186E+015
 ratio1=  1.109114554046578E-005 ratio2=  5.467745236540440E-006
 nchek0=           0 toler_force=  1.000000000000000E-005
 nchek=           1
 iiter=           2
Begin forming various matrix       at 2026-09-02 16:01:09 
 ktsmat=           0
Begin solution global equation     at 2026-09-02 16:01:09 
                     istep=         321 iiter=           2
                     conver_load check
 resid=   2.57540573870898      retot=  8.897933269857186E+015
 ratio1=  1.701289639807233E-008 ratio2=  5.437014140320818E-009
 nchek0=           0 toler_force=  1.000000000000000E-005
 nchek=           0
                    conver_nodal_value check
               Convergence check for displacement
 ratio1=  4.743896827353342E-006 ratio2=  7.863113651627215E-006
 nchek=           0
 ***********RESTART FILE IS UPDATED!*******
 time: 16:00:59
 iblks=           1 iincs=           1 istep=         322
 outinp=           0
 iiter=           1
Begin forming various matrix       at 2026-09-02 16:01:09 
 ktsmat=           0
 ntelgroup=           0
Begin solution global equation     at 2026-09-02 16:01:09 
                     istep=         322 iiter=           1
                     conver_load check
 resid=   340811.038405532      retot=  8.809332205263876E+015
 ratio1=  6.219927640580898E-006 ratio2=  2.558534303884775E-006
 nchek0=           0 toler_force=  1.000000000000000E-005
 nchek=           0
                    conver_nodal_value check
               Convergence check for displacement
 ratio1=  1.914763939567312E-003 ratio2=  4.847282758367441E-003
                            not converged for checki=           1
 iiter=           2
Begin forming various matrix       at 2026-09-02 16:01:09 
 ktsmat=           0
Begin solution global equation     at 2026-09-02 16:01:09 
                     istep=         322 iiter=           2
                     conver_load check
 resid=  0.908296732561556      retot=  8.809332205263876E+015
 ratio1=  1.015412211626031E-008 ratio2=  2.898266782872720E-009
 nchek0=           0 toler_force=  1.000000000000000E-005
 nchek=           0
                    conver_nodal_value check
               Convergence check for displacement
 ratio1=  4.609662132272229E-006 ratio2=  1.163656525071793E-005
                            not converged for checki=           1
 iiter=           3
Begin forming various matrix       at 2026-09-02 16:01:09 
 ktsmat=           0
Begin solution global equation     at 2026-09-02 16:01:09 
                     istep=         322 iiter=           3
                     conver_load check
 resid=  7.038318009790043E-006 retot=  8.809332205263876E+015
 ratio1=  2.826590850600227E-011 ratio2=  8.115971509412993E-012
 nchek0=           0 toler_force=  1.000000000000000E-005
 nchek=           0
                    conver_nodal_value check
               Convergence check for displacement
 ratio1=  2.265925447331268E-008 ratio2=  6.818652004217619E-008
 nchek=           0
 ngvar in output=           7 nstre=           4
 ***********RESTART FILE IS UPDATED!*******
 time: 16:00:59
 iblks=           1 iincs=           1 istep=         323
 outinp=           0
 iiter=           1
Begin forming various matrix       at 2026-09-02 16:01:09 
 ktsmat=           0
 ntelgroup=           0
Begin solution global equation     at 2026-09-02 16:01:09 
                     istep=         323 iiter=           1
                     conver_load check
 resid=   178483.058122148      retot=  8.700660007210509E+015
 ratio1=  4.529209401808963E-006 ratio2=  1.934683132607152E-006
 nchek0=           0 toler_force=  1.000000000000000E-005
 nchek=           0
                    conver_nodal_value check
               Convergence check for displacement
 ratio1=  1.370710374880615E-003 ratio2=  3.938515661546319E-003
                            not converged for checki=           1
 iiter=           2
Begin forming various matrix       at 2026-09-02 16:01:09 
 ktsmat=           0
Begin solution global equation     at 2026-09-02 16:01:09 
                     istep=         323 iiter=           2
                     conver_load check
 resid=  0.542598652265527      retot=  8.700660007210509E+015
 ratio1=  7.897020333477170E-009 ratio2=  2.400181375042335E-009
 nchek0=           0 toler_force=  1.000000000000000E-005
 nchek=           0
                    conver_nodal_value check
               Convergence check for displacement
 ratio1=  2.190543755924046E-006 ratio2=  3.207858951436106E-006
 nchek=           0
 ***********RESTART FILE IS UPDATED!*******
 time: 16:00:59
 iblks=           1 iincs=           1 istep=         324
 outinp=           0
 iiter=           1
Begin forming various matrix       at 2026-09-02 16:01:09 
 ktsmat=           0
 ntelgroup=           0
Begin solution global equation     at 2026-09-02 16:01:09 
                     istep=         324 iiter=           1
                     conver_load check
 resid=   177999.881890007      retot=  8.589994234396795E+015
 ratio1=  4.552117052334002E-006 ratio2=  1.993529677228563E-006
 nchek0=           0 toler_force=  1.000000000000000E-005
 nchek=           0
                    conver_nodal_value check
               Convergence check for displacement
 ratio1=  1.371753036365978E-003 ratio2=  4.614238221586652E-003
                            not converged for checki=           1
 iiter=           2
Begin forming various matrix       at 2026-09-02 16:01:09 
 ktsmat=           0
Begin solution global equation     at 2026-09-02 16:01:09 
                     istep=         324 iiter=           2
                     conver_load check
 resid=  0.373431733054796      retot=  8.589994234396795E+015
 ratio1=  6.593396206754709E-009 ratio2=  1.929043268018120E-009
 nchek0=           0 toler_force=  1.000000000000000E-005
 nchek=           0
                    conver_nodal_value check
               Convergence check for displacement
 ratio1=  1.963822086290094E-006 ratio2=  2.655517878225939E-006
 nchek=           0
 ngvar in output=           7 nstre=           4
 ***********RESTART FILE IS UPDATED!*******
 time: 16:00:59
 iblks=           1 iincs=           1 istep=         325
 outinp=           0
 iiter=           1
Begin forming various matrix       at 2026-09-02 16:01:09 
 ktsmat=           0
 ntelgroup=           0
Begin solution global equation     at 2026-09-02 16:01:09 
                     istep=         325 iiter=           1
                     conver_load check
 resid=   299509.155895126      retot=  8.408206950737900E+015
 ratio1=  5.968337246478960E-006 ratio2=  2.504889931362982E-006
 nchek0=           0 toler_force=  1.000000000000000E-005
 nchek=           0
                    conver_nodal_value check
               Convergence check for displacement
 ratio1=  1.722514451096536E-003 ratio2=  3.762196356845733E-003
                            not converged for checki=           1
 iiter=           2
Begin forming various matrix       at 2026-09-02 16:01:09 
 ktsmat=           0
Begin solution global equation     at 2026-09-02 16:01:09 
                     istep=         325 iiter=           2
                     conver_load check
 resid=  0.631549003134854      retot=  8.408206950737900E+015
 ratio1=  8.666661428738420E-009 ratio2=  2.758837926731598E-009
 nchek0=           0 toler_force=  1.000000000000000E-005
 nchek=           0
                    conver_nodal_value check
               Convergence check for displacement
 ratio1=  2.612753897949509E-006 ratio2=  4.322516176240640E-006
 nchek=           0
 ***********RESTART FILE IS UPDATED!*******
 time: 16:00:59
 iblks=           1 iincs=           1 istep=         326
 outinp=           0
 iiter=           1
Begin forming various matrix       at 2026-09-02 16:01:09 
 ktsmat=           0
 ntelgroup=           0
Begin solution global equation     at 2026-09-02 16:01:09 
                     istep=         326 iiter=           1
                     conver_load check
 resid=   135837.036856554      retot=  8.090729535657983E+015
 ratio1=  4.097465050739101E-006 ratio2=  2.233110815672167E-006
 nchek0=           0 toler_force=  1.000000000000000E-005
 nchek=           0
                    conver_nodal_value check
               Convergence check for displacement
 ratio1=  1.214958660739662E-003 ratio2=  6.012393755674218E-003
                            not converged for checki=           1
 iiter=           2
Begin forming various matrix       at 2026-09-02 16:01:09 
 ktsmat=           0
Begin solution global equation     at 2026-09-02 16:01:09 
                     istep=         326 iiter=           2
                     conver_load check
 resid=  0.355646605931116      retot=  8.090729535657983E+015
 ratio1=  6.630029984206906E-009 ratio2=  2.091334235127601E-009
 nchek0=           0 toler_force=  1.000000000000000E-005
 nchek=           0
                    conver_nodal_value check
               Convergence check for displacement
 ratio1=  1.739354908166679E-006 ratio2=  2.570202559938403E-006
 nchek=           0
 ngvar in output=           7 nstre=           4
 ***********RESTART FILE IS UPDATED!*******
 time: 16:00:59
 iblks=           1 iincs=           1 istep=         327
 outinp=           0
 iiter=           1
Begin forming various matrix       at 2026-09-02 16:01:09 
 ktsmat=           0
 ntelgroup=           0
Begin solution global equation     at 2026-09-02 16:01:09 
                     istep=         327 iiter=           1
                     conver_load check
 resid=   368226.688437899      retot=  7.668205131511360E+015
 ratio1=  6.929641544096423E-006 ratio2=  3.363748359232373E-006
 nchek0=           0 toler_force=  1.000000000000000E-005
 nchek=           0
                    conver_nodal_value check
               Convergence check for displacement
 ratio1=  1.878976384810225E-003 ratio2=  4.369140622782816E-003
                            not converged for checki=           1
 iiter=           2
Begin forming various matrix       at 2026-09-02 16:01:10 
 ktsmat=           0
Begin solution global equation     at 2026-09-02 16:01:10 
                     istep=         327 iiter=           2
                     conver_load check
 resid=  0.813181591145810      retot=  7.668205131511360E+015
 ratio1=  1.029785821937174E-008 ratio2=  3.498686623538176E-009
 nchek0=           0 toler_force=  1.000000000000000E-005
 nchek=           0
                    conver_nodal_value check
               Convergence check for displacement
 ratio1=  2.632242418657954E-006 ratio2=  4.031957204159832E-006
 nchek=           0
 ***********RESTART FILE IS UPDATED!*******
 time: 16:00:59
 iblks=           1 iincs=           1 istep=         328
 outinp=           0
 iiter=           1
Begin forming various matrix       at 2026-09-02 16:01:10 
 ktsmat=           0
 ntelgroup=           0
Begin solution global equation     at 2026-09-02 16:01:10 
                     istep=         328 iiter=           1
                     conver_load check
 resid=   155532.421840911      retot=  7.189983146641417E+015
 ratio1=  4.651002051687658E-006 ratio2=  2.174449925547611E-006
 nchek0=           0 toler_force=  1.000000000000000E-005
 nchek=           0
                    conver_nodal_value check
               Convergence check for displacement
 ratio1=  1.301512038374240E-003 ratio2=  4.095524636333059E-003
                            not converged for checki=           1
 iiter=           2
Begin forming various matrix       at 2026-09-02 16:01:10 
 ktsmat=           0
Begin solution global equation     at 2026-09-02 16:01:10 
                     istep=         328 iiter=           2
                     conver_load check
 resid=  0.293114795883857      retot=  7.189983146641417E+015
 ratio1=  6.384912272016581E-009 ratio2=  2.164487145677099E-009
 nchek0=           0 toler_force=  1.000000000000000E-005
 nchek=           0
                    conver_nodal_value check
               Convergence check for displacement
 ratio1=  1.774355495497380E-006 ratio2=  2.913919103229283E-006
 nchek=           0
 ngvar in output=           7 nstre=           4
 ***********RESTART FILE IS UPDATED!*******
 time: 16:00:59
 iblks=           1 iincs=           1 istep=         329
 outinp=           0
 iiter=           1
Begin forming various matrix       at 2026-09-02 16:01:10 
 ktsmat=           0
 ntelgroup=           0
Begin solution global equation     at 2026-09-02 16:01:10 
                     istep=         329 iiter=           1
                     conver_load check
 resid=   72175.0916526318      retot=  6.815789090665016E+015
 ratio1=  3.254135258646577E-006 ratio2=  1.921104862431682E-006
 nchek0=           0 toler_force=  1.000000000000000E-005
 nchek=           0
                    conver_nodal_value check
               Convergence check for displacement
 ratio1=  9.869133034944774E-004 ratio2=  4.323814086533872E-003
                            not converged for checki=           1
 iiter=           2
Begin forming various matrix       at 2026-09-02 16:01:10 
 ktsmat=           0
Begin solution global equation     at 2026-09-02 16:01:10 
                     istep=         329 iiter=           2
                     conver_load check
 resid=  0.133623696275087      retot=  6.815789090665016E+015
 ratio1=  4.427755884963678E-009 ratio2=  1.358685109794677E-009
 nchek0=           0 toler_force=  1.000000000000000E-005
 nchek=           0
                    conver_nodal_value check
               Convergence check for displacement
 ratio1=  1.131114267011576E-006 ratio2=  1.508149867687039E-006
 nchek=           0
 ***********RESTART FILE IS UPDATED!*******
 time: 16:00:59
 iblks=           1 iincs=           1 istep=         330
 outinp=           0
 iiter=           1
Begin forming various matrix       at 2026-09-02 16:01:10 
 ktsmat=           0
 ntelgroup=           0
Begin solution global equation     at 2026-09-02 16:01:10 
                     istep=         330 iiter=           1
                     conver_load check
 resid=   88294.2747062193      retot=  6.568195127829951E+015
 ratio1=  3.666428739910438E-006 ratio2=  2.971141360695693E-006
 nchek0=           0 toler_force=  1.000000000000000E-005
 nchek=           0
                    conver_nodal_value check
               Convergence check for displacement
 ratio1=  1.098261953939929E-003 ratio2=  5.554976162579420E-003
                            not converged for checki=           1
 iiter=           2
Begin forming various matrix       at 2026-09-02 16:01:10 
 ktsmat=           0
Begin solution global equation     at 2026-09-02 16:01:10 
                     istep=         330 iiter=           2
                     conver_load check
 resid=  0.212585043273301      retot=  6.568195127829951E+015
 ratio1=  5.689096884016695E-009 ratio2=  2.015040184388876E-009
 nchek0=           0 toler_force=  1.000000000000000E-005
 nchek=           0
                    conver_nodal_value check
               Convergence check for displacement
 ratio1=  2.734515379651893E-006 ratio2=  6.466606323598970E-006
 nchek=           0
 ngvar in output=           7 nstre=           4
 ***********RESTART FILE IS UPDATED!*******
 time: 16:00:59
 iblks=           1 iincs=           1 istep=         331
 outinp=           0
 iiter=           1
Begin forming various matrix       at 2026-09-02 16:01:10 
 ktsmat=           0
 ntelgroup=           0
Begin solution global equation     at 2026-09-02 16:01:10 
                     istep=         331 iiter=           1
                     conver_load check
 resid=   436705.311822964      retot=  6.318265845943631E+015
 ratio1=  8.313718007480315E-006 ratio2=  3.914998181829993E-006
 nchek0=           0 toler_force=  1.000000000000000E-005
 nchek=           0
                    conver_nodal_value check
               Convergence check for displacement
 ratio1=  2.108201433170701E-003 ratio2=  6.176125675070387E-003
                            not converged for checki=           1
 iiter=           2
Begin forming various matrix       at 2026-09-02 16:01:10 
 ktsmat=           0
Begin solution global equation     at 2026-09-02 16:01:10 
                     istep=         331 iiter=           2
                     conver_load check
 resid=   1.07852808464592      retot=  6.318265845943631E+015
 ratio1=  1.306522164289083E-008 ratio2=  4.171783450495434E-009
 nchek0=           0 toler_force=  1.000000000000000E-005
 nchek=           0
                    conver_nodal_value check
               Convergence check for displacement
 ratio1=  3.548104403641346E-006 ratio2=  6.033528274242947E-006
 nchek=           0
 ***********RESTART FILE IS UPDATED!*******
 time: 16:00:59
 iblks=           1 iincs=           1 istep=         332
 outinp=           0
 iiter=           1
Begin forming various matrix       at 2026-09-02 16:01:10 
 ktsmat=           0
 ntelgroup=           0
Begin solution global equation     at 2026-09-02 16:01:10 
                     istep=         332 iiter=           1
                     conver_load check
 resid=   53218.5773984729      retot=  6.026427571441830E+015
 ratio1=  2.971677389482290E-006 ratio2=  2.001396519756433E-006
 nchek0=           0 toler_force=  1.000000000000000E-005
 nchek=           0
                    conver_nodal_value check
               Convergence check for displacement
 ratio1=  9.168651383141374E-004 ratio2=  5.220764336287350E-003
                            not converged for checki=           1
 iiter=           2
Begin forming various matrix       at 2026-09-02 16:01:10 
 ktsmat=           0
Begin solution global equation     at 2026-09-02 16:01:10 
                     istep=         332 iiter=           2
                     conver_load check
 resid=  4.067419633453702E-002 retot=  6.026427571441830E+015
 ratio1=  2.597942410210770E-009 ratio2=  8.712686612070224E-010
 nchek0=           0 toler_force=  1.000000000000000E-005
 nchek=           0
                    conver_nodal_value check
               Convergence check for displacement
 ratio1=  1.058748636050948E-006 ratio2=  2.756151019523970E-006
 nchek=           0
 ngvar in output=           7 nstre=           4
 ***********RESTART FILE IS UPDATED!*******
 time: 16:00:59
 iblks=           1 iincs=           1 istep=         333
 outinp=           0
 iiter=           1
Begin forming various matrix       at 2026-09-02 16:01:10 
 ktsmat=           0
 ntelgroup=           0
Begin solution global equation     at 2026-09-02 16:01:10 
                     istep=         333 iiter=           1
                     conver_load check
 resid=   180882.844239093      retot=  5.751698136005530E+015
 ratio1=  5.607904983410028E-006 ratio2=  2.676800265372012E-006
 nchek0=           0 toler_force=  1.000000000000000E-005
 nchek=           0
                    conver_nodal_value check
               Convergence check for displacement
 ratio1=  1.437508593493174E-003 ratio2=  5.448062173623960E-003
                            not converged for checki=           1
 iiter=           2
Begin forming various matrix       at 2026-09-02 16:01:10 
 ktsmat=           0
Begin solution global equation     at 2026-09-02 16:01:10 
                     istep=         333 iiter=           2
                     conver_load check
 resid=  0.489379315329550      retot=  5.751698136005530E+015
 ratio1=  9.224116129072438E-009 ratio2=  2.488838611513746E-009
 nchek0=           0 toler_force=  1.000000000000000E-005
 nchek=           0
                    conver_nodal_value check
               Convergence check for displacement
 ratio1=  2.157595653243847E-006 ratio2=  3.058050186885664E-006
 nchek=           0
 ***********RESTART FILE IS UPDATED!*******
 time: 16:00:59
 iblks=           1 iincs=           1 istep=         334
 outinp=           0
 iiter=           1
Begin forming various matrix       at 2026-09-02 16:01:10 
 ktsmat=           0
 ntelgroup=           0
Begin solution global equation     at 2026-09-02 16:01:10 
                     istep=         334 iiter=           1
                     conver_load check
 resid=   145149.596969229      retot=  5.598955471458202E+015
 ratio1=  5.091601553953240E-006 ratio2=  2.235206674155707E-006
 nchek0=           0 toler_force=  1.000000000000000E-005
 nchek=           0
                    conver_nodal_value check
               Convergence check for displacement
 ratio1=  1.338125514151697E-003 ratio2=  6.480234047197886E-003
                            not converged for checki=           1
 iiter=           2
Begin forming various matrix       at 2026-09-02 16:01:10 
 ktsmat=           0
Begin solution global equation     at 2026-09-02 16:01:10 
                     istep=         334 iiter=           2
                     conver_load check
 resid=  0.262589055973227      retot=  5.598955471458202E+015
 ratio1=  6.848331965796456E-009 ratio2=  2.017284293422677E-009
 nchek0=           0 toler_force=  1.000000000000000E-005
 nchek=           0
                    conver_nodal_value check
               Convergence check for displacement
 ratio1=  1.654972556448235E-006 ratio2=  2.550041271981331E-006
 nchek=           0
 ngvar in output=           7 nstre=           4
 ***********RESTART FILE IS UPDATED!*******
 time: 16:00:59
 iblks=           1 iincs=           1 istep=         335
 outinp=           0
 iiter=           1
Begin forming various matrix       at 2026-09-02 16:01:10 
 ktsmat=           0
 ntelgroup=           0
Begin solution global equation     at 2026-09-02 16:01:10 
                     istep=         335 iiter=           1
                     conver_load check
 resid=   69086.9146933911      retot=  5.431958255160821E+015
 ratio1=  3.566314893554617E-006 ratio2=  1.916151994888751E-006
 nchek0=           0 toler_force=  1.000000000000000E-005
 nchek=           0
                    conver_nodal_value check
               Convergence check for displacement
 ratio1=  1.036808306369438E-003 ratio2=  4.879106988596680E-003
                            not converged for checki=           1
 iiter=           2
Begin forming various matrix       at 2026-09-02 16:01:10 
 ktsmat=           0
Begin solution global equation     at 2026-09-02 16:01:10 
                     istep=         335 iiter=           2
                     conver_load check
 resid=  8.377854977269432E-002 retot=  5.431958255160821E+015
 ratio1=  3.927246915902618E-009 ratio2=  1.029462705220296E-009
 nchek0=           0 toler_force=  1.000000000000000E-005
 nchek=           0
                    conver_nodal_value check
               Convergence check for displacement
 ratio1=  1.338917424671887E-006 ratio2=  2.870045804211412E-006
 nchek=           0
 ***********RESTART FILE IS UPDATED!*******
 time: 16:00:59
 iblks=           1 iincs=           1 istep=         336
 outinp=           0
 iiter=           1
Begin forming various matrix       at 2026-09-02 16:01:10 
 ktsmat=           0
 ntelgroup=           0
Begin solution global equation     at 2026-09-02 16:01:10 
                     istep=         336 iiter=           1
                     conver_load check
 resid=   86328.2741952072      retot=  5.134294563612569E+015
 ratio1=  4.100493604037957E-006 ratio2=  2.158581209016301E-006
 nchek0=           0 toler_force=  1.000000000000000E-005
 nchek=           0
                    conver_nodal_value check
               Convergence check for displacement
 ratio1=  1.131056217985832E-003 ratio2=  4.797388124787631E-003
                            not converged for checki=           1
 iiter=           2
Begin forming various matrix       at 2026-09-02 16:01:10 
 ktsmat=           0
Begin solution global equation     at 2026-09-02 16:01:10 
                     istep=         336 iiter=           2
                     conver_load check
 resid=  0.159759331186118      retot=  5.134294563612569E+015
 ratio1=  5.578182594490569E-009 ratio2=  1.520396237198146E-009
 nchek0=           0 toler_force=  1.000000000000000E-005
 nchek=           0
                    conver_nodal_value check
               Convergence check for displacement
 ratio1=  1.323187551164088E-006 ratio2=  1.856810238598375E-006
 nchek=           0
 ngvar in output=           7 nstre=           4
 ***********RESTART FILE IS UPDATED!*******
 time: 16:00:59
 iblks=           1 iincs=           1 istep=         337
 outinp=           0
 iiter=           1
Begin forming various matrix       at 2026-09-02 16:01:10 
 ktsmat=           0
 ntelgroup=           0
Begin solution global equation     at 2026-09-02 16:01:10 
                     istep=         337 iiter=           1
                     conver_load check
 resid=   201806.713475133      retot=  4.535947906166484E+015
 ratio1=  6.670121974227211E-006 ratio2=  2.424122324152271E-006
 nchek0=           0 toler_force=  1.000000000000000E-005
 nchek=           0
                    conver_nodal_value check
               Convergence check for displacement
 ratio1=  1.662954972654438E-003 ratio2=  5.734399738472605E-003
                            not converged for checki=           1
 iiter=           2
Begin forming various matrix       at 2026-09-02 16:01:10 
 ktsmat=           0
Begin solution global equation     at 2026-09-02 16:01:10 
                     istep=         337 iiter=           2
                     conver_load check
 resid=  0.441487340315996      retot=  4.535947906166484E+015
 ratio1=  9.865636237052926E-009 ratio2=  2.694513522133465E-009
 nchek0=           0 toler_force=  1.000000000000000E-005
 nchek=           0
                    conver_nodal_value check
               Convergence check for displacement
 ratio1=  2.232154220005144E-006 ratio2=  3.060128794384133E-006
 nchek=           0
 ***********RESTART FILE IS UPDATED!*******
 time: 16:00:59
 iblks=           1 iincs=           1 istep=         338
 outinp=           0
 iiter=           1
Begin forming various matrix       at 2026-09-02 16:01:10 
 ktsmat=           0
 ntelgroup=           0
Begin solution global equation     at 2026-09-02 16:01:10 
                     istep=         338 iiter=           1
                     conver_load check
 resid=   102127.978186168      retot=  3.860815843552834E+015
 ratio1=  5.143193024932860E-006 ratio2=  2.200453762623232E-006
 nchek0=           0 toler_force=  1.000000000000000E-005
 nchek=           0
                    conver_nodal_value check
               Convergence check for displacement
 ratio1=  1.346483386666456E-003 ratio2=  5.208322714566188E-003
                            not converged for checki=           1
 iiter=           2
Begin forming various matrix       at 2026-09-02 16:01:10 
 ktsmat=           0
Begin solution global equation     at 2026-09-02 16:01:10 
                     istep=         338 iiter=           2
                     conver_load check
 resid=  0.181105595806214      retot=  3.860815843552834E+015
 ratio1=  6.848987779301055E-009 ratio2=  1.810259455587388E-009
 nchek0=           0 toler_force=  1.000000000000000E-005
 nchek=           0
                    conver_nodal_value check
               Convergence check for displacement
 ratio1=  3.064368328985084E-006 ratio2=  7.158021836955827E-006
 nchek=           0
 ngvar in output=           7 nstre=           4
 ***********RESTART FILE IS UPDATED!*******
 time: 16:00:59
 iblks=           1 iincs=           1 istep=         339
 outinp=           0
 iiter=           1
Begin forming various matrix       at 2026-09-02 16:01:10 
 ktsmat=           0
 ntelgroup=           0
Begin solution global equation     at 2026-09-02 16:01:10 
                     istep=         339 iiter=           1
                     conver_load check
 resid=   104082.447222008      retot=  3.283358582975433E+015
 ratio1=  5.630274766992232E-006 ratio2=  3.450220791116889E-006
 nchek0=           0 toler_force=  1.000000000000000E-005
 nchek=           0
                    conver_nodal_value check
               Convergence check for displacement
 ratio1=  1.312486628164598E-003 ratio2=  5.535065569660976E-003
                            not converged for checki=           1
 iiter=           2
Begin forming various matrix       at 2026-09-02 16:01:10 
 ktsmat=           0
Begin solution global equation     at 2026-09-02 16:01:10 
                     istep=         339 iiter=           2
                     conver_load check
 resid=  0.336052756592417      retot=  3.283358582975433E+015
 ratio1=  1.011683281859171E-008 ratio2=  2.318812152340551E-009
 nchek0=           0 toler_force=  1.000000000000000E-005
 nchek=           0
                    conver_nodal_value check
               Convergence check for displacement
 ratio1=  2.234936749721493E-006 ratio2=  2.506786554423870E-006
 nchek=           0
 ***********RESTART FILE IS UPDATED!*******
 time: 16:00:59
 iblks=           1 iincs=           1 istep=         340
 outinp=           0
 iiter=           1
Begin forming various matrix       at 2026-09-02 16:01:10 
 ktsmat=           0
 ntelgroup=           0
Begin solution global equation     at 2026-09-02 16:01:10 
                     istep=         340 iiter=           1
                     conver_load check
 resid=   135556.521349916      retot=  2.840570379240902E+015
 ratio1=  6.908081151310496E-006 ratio2=  2.543248248983150E-006
 nchek0=           0 toler_force=  1.000000000000000E-005
 nchek=           0
                    conver_nodal_value check
               Convergence check for displacement
 ratio1=  1.492710354486917E-003 ratio2=  4.111464261081863E-003
                            not converged for checki=           1
 iiter=           2
Begin forming various matrix       at 2026-09-02 16:01:10 
 ktsmat=           0
Begin solution global equation     at 2026-09-02 16:01:10 
                     istep=         340 iiter=           2
                     conver_load check
 resid=  0.350669547881446      retot=  2.840570379240902E+015
 ratio1=  1.111082352547299E-008 ratio2=  2.542279230378418E-009
 nchek0=           0 toler_force=  1.000000000000000E-005
 nchek=           0
                    conver_nodal_value check
               Convergence check for displacement
 ratio1=  2.220720494078201E-006 ratio2=  2.691575185610345E-006
 nchek=           0
 ngvar in output=           7 nstre=           4
 ***********RESTART FILE IS UPDATED!*******
 time: 16:00:59
 iblks=           1 iincs=           1 istep=         341
 outinp=           0
 iiter=           1
Begin forming various matrix       at 2026-09-02 16:01:10 
 ktsmat=           0
 ntelgroup=           0
Begin solution global equation     at 2026-09-02 16:01:10 
                     istep=         341 iiter=           1
                     conver_load check
 resid=   133694.670267530      retot=  2.463553528481696E+015
 ratio1=  7.366751932040758E-006 ratio2=  2.991309606942574E-006
 nchek0=           0 toler_force=  1.000000000000000E-005
 nchek=           0
                    conver_nodal_value check
               Convergence check for displacement
 ratio1=  1.527844240936080E-003 ratio2=  3.716573651431631E-003
                            not converged for checki=           1
 iiter=           2
Begin forming various matrix       at 2026-09-02 16:01:10 
 ktsmat=           0
Begin solution global equation     at 2026-09-02 16:01:10 
                     istep=         341 iiter=           2
                     conver_load check
 resid=  0.227716674033237      retot=  2.463553528481696E+015
 ratio1=  9.614272215255732E-009 ratio2=  2.568656231304781E-009
 nchek0=           0 toler_force=  1.000000000000000E-005
 nchek=           0
                    conver_nodal_value check
               Convergence check for displacement
 ratio1=  1.818551701891229E-006 ratio2=  2.380201862260208E-006
 nchek=           0
 ***********RESTART FILE IS UPDATED!*******
 time: 16:00:59
 iblks=           1 iincs=           1 istep=         342
 outinp=           0
 iiter=           1
Begin forming various matrix       at 2026-09-02 16:01:10 
 ktsmat=           0
 ntelgroup=           0
Begin solution global equation     at 2026-09-02 16:01:10 
                     istep=         342 iiter=           1
                     conver_load check
 resid=   56084.7146787104      retot=  2.075880290481366E+015
 ratio1=  5.197818429878825E-006 ratio2=  3.158657498930139E-006
 nchek0=           0 toler_force=  1.000000000000000E-005
 nchek=           0
                    conver_nodal_value check
               Convergence check for displacement
 ratio1=  1.112216336309217E-003 ratio2=  3.477581910941063E-003
                            not converged for checki=           1
 iiter=           2
Begin forming various matrix       at 2026-09-02 16:01:10 
 ktsmat=           0
Begin solution global equation     at 2026-09-02 16:01:10 
                     istep=         342 iiter=           2
                     conver_load check
 resid=  3.782561606443990E-002 retot=  2.075880290481366E+015
 ratio1=  4.268662828747429E-009 ratio2=  1.311455263570300E-009
 nchek0=           0 toler_force=  1.000000000000000E-005
 nchek=           0
                    conver_nodal_value check
               Convergence check for displacement
 ratio1=  1.408965285540055E-006 ratio2=  3.053957671570412E-006
 nchek=           0
 ngvar in output=           7 nstre=           4
 ***********RESTART FILE IS UPDATED!*******
 time: 16:00:59
 iblks=           1 iincs=           1 istep=         343
 outinp=           0
 iiter=           1
Begin forming various matrix       at 2026-09-02 16:01:10 
 ktsmat=           0
 ntelgroup=           0
Begin solution global equation     at 2026-09-02 16:01:10 
                     istep=         343 iiter=           1
                     conver_load check
 resid=   49713.3088808673      retot=  1.906806852123876E+015
 ratio1=  5.106025545579549E-006 ratio2=  4.561598225643145E-006
 nchek0=           0 toler_force=  1.000000000000000E-005
 nchek=           0
                    conver_nodal_value check
               Convergence check for displacement
 ratio1=  1.060743897915613E-003 ratio2=  4.333477070464145E-003
                            not converged for checki=           1
 iiter=           2
Begin forming various matrix       at 2026-09-02 16:01:10 
 ktsmat=           0
Begin solution global equation     at 2026-09-02 16:01:10 
                     istep=         343 iiter=           2
                     conver_load check
 resid=  0.102543235154493      retot=  1.906806852123876E+015
 ratio1=  7.333311878913374E-009 ratio2=  2.543799283713990E-009
 nchek0=           0 toler_force=  1.000000000000000E-005
 nchek=           0
                    conver_nodal_value check
               Convergence check for displacement
 ratio1=  1.858373454575988E-006 ratio2=  2.871698627027456E-006
 nchek=           0
 ***********RESTART FILE IS UPDATED!*******
 time: 16:00:59
 iblks=           1 iincs=           1 istep=         344
 outinp=           0
 iiter=           1
Begin forming various matrix       at 2026-09-02 16:01:10 
 ktsmat=           0
 ntelgroup=           0
Begin solution global equation     at 2026-09-02 16:01:10 
                     istep=         344 iiter=           1
                     conver_load check
 resid=   316796.445539898      retot=  1.672673624442753E+015
 ratio1=  1.376209481687230E-005 ratio2=  7.717009293433435E-006
 nchek0=           0 toler_force=  1.000000000000000E-005
 nchek=           1
 iiter=           2
Begin forming various matrix       at 2026-09-02 16:01:10 
 ktsmat=           0
Begin solution global equation     at 2026-09-02 16:01:10 
                     istep=         344 iiter=           2
                     conver_load check
 resid=  0.876085340770281      retot=  1.672673624442753E+015
 ratio1=  2.288587925850431E-008 ratio2=  8.547753161207280E-009
 nchek0=           0 toler_force=  1.000000000000000E-005
 nchek=           0
                    conver_nodal_value check
               Convergence check for displacement
 ratio1=  4.395583322810224E-006 ratio2=  5.226479920050604E-006
 nchek=           0
 ngvar in output=           7 nstre=           4
 ***********RESTART FILE IS UPDATED!*******
 time: 16:00:59
 iblks=           1 iincs=           1 istep=         345
 outinp=           0
 iiter=           1
Begin forming various matrix       at 2026-09-02 16:01:10 
 ktsmat=           0
 ntelgroup=           0
Begin solution global equation     at 2026-09-02 16:01:10 
                     istep=         345 iiter=           1
                     conver_load check
 resid=   91912.2479198408      retot=  1.325781506848552E+015
 ratio1=  8.326274326688650E-006 ratio2=  4.026346046801774E-006
 nchek0=           0 toler_force=  1.000000000000000E-005
 nchek=           0
                    conver_nodal_value check
               Convergence check for displacement
 ratio1=  1.559097873692519E-003 ratio2=  4.585544612753259E-003
                            not converged for checki=           1
 iiter=           2
Begin forming various matrix       at 2026-09-02 16:01:10 
 ktsmat=           0
Begin solution global equation     at 2026-09-02 16:01:10 
                     istep=         345 iiter=           2
                     conver_load check
 resid=  0.169515370803626      retot=  1.325781506848552E+015
 ratio1=  1.130755121812848E-008 ratio2=  4.293706446108062E-009
 nchek0=           0 toler_force=  1.000000000000000E-005
 nchek=           0
                    conver_nodal_value check
               Convergence check for displacement
 ratio1=  2.704509380527610E-006 ratio2=  5.029630944452219E-006
 nchek=           0
 ***********RESTART FILE IS UPDATED!*******
 time: 16:00:59
 iblks=           1 iincs=           1 istep=         346
 outinp=           0
 iiter=           1
Begin forming various matrix       at 2026-09-02 16:01:10 
 ktsmat=           0
 ntelgroup=           0
Begin solution global equation     at 2026-09-02 16:01:10 
                     istep=         346 iiter=           1
                     conver_load check
 resid=   126887.574092280      retot=  1.332873628967392E+015
 ratio1=  9.756972017218565E-006 ratio2=  4.475086611422056E-006
 nchek0=           0 toler_force=  1.000000000000000E-005
 nchek=           0
                    conver_nodal_value check
               Convergence check for displacement
 ratio1=  1.923304582121148E-003 ratio2=  5.519576093099113E-003
                            not converged for checki=           1
 iiter=           2
Begin forming various matrix       at 2026-09-02 16:01:10 
 ktsmat=           0
Begin solution global equation     at 2026-09-02 16:01:10 
                     istep=         346 iiter=           2
                     conver_load check
 resid=  0.278124712229450      retot=  1.332873628967392E+015
 ratio1=  1.444525795876822E-008 ratio2=  4.611754593660611E-009
 nchek0=           0 toler_force=  1.000000000000000E-005
 nchek=           0
                    conver_nodal_value check
               Convergence check for displacement
 ratio1=  2.574515585517833E-006 ratio2=  3.163185174489619E-006
 nchek=           0
 ngvar in output=           7 nstre=           4
 ***********RESTART FILE IS UPDATED!*******
 time: 16:00:59
 iblks=           1 iincs=           1 istep=         347
 outinp=           0
 iiter=           1
Begin forming various matrix       at 2026-09-02 16:01:10 
 ktsmat=           0
 ntelgroup=           0
Begin solution global equation     at 2026-09-02 16:01:10 
                     istep=         347 iiter=           1
                     conver_load check
 resid=   236757.499692741      retot=  1.397891241368744E+015
 ratio1=  1.301413119606767E-005 ratio2=  6.062272820737775E-006
 nchek0=           0 toler_force=  1.000000000000000E-005
 nchek=           1
 iiter=           2
Begin forming various matrix       at 2026-09-02 16:01:10 
 ktsmat=           0
Begin solution global equation     at 2026-09-02 16:01:10 
                     istep=         347 iiter=           2
                     conver_load check
 resid=  0.532395706463481      retot=  1.397891241368744E+015
 ratio1=  1.951554033702114E-008 ratio2=  5.227029563538271E-009
 nchek0=           0 toler_force=  1.000000000000000E-005
 nchek=           0
                    conver_nodal_value check
               Convergence check for displacement
 ratio1=  6.612780903318043E-006 ratio2=  1.188876805308587E-005
                            not converged for checki=           1
 iiter=           3
Begin forming various matrix       at 2026-09-02 16:01:10 
 ktsmat=           0
Begin solution global equation     at 2026-09-02 16:01:10 
                     istep=         347 iiter=           3
                     conver_load check
 resid=  8.978566543249108E-006 retot=  1.397891241368744E+015
 ratio1=  8.014322431849031E-011 ratio2=  2.956987720373728E-011
 nchek0=           0 toler_force=  1.000000000000000E-005
 nchek=           0
                    conver_nodal_value check
               Convergence check for displacement
 ratio1=  4.259466648943474E-008 ratio2=  9.013103792852333E-008
 nchek=           0
 ***********RESTART FILE IS UPDATED!*******
 time: 16:00:59
 iblks=           1 iincs=           1 istep=         348
 outinp=           0
 iiter=           1
Begin forming various matrix       at 2026-09-02 16:01:10 
 ktsmat=           0
 ntelgroup=           0
Begin solution global equation     at 2026-09-02 16:01:10 
                     istep=         348 iiter=           1
                     conver_load check
 resid=   413797.908824490      retot=  1.689183628135609E+015
 ratio1=  1.565149093530094E-005 ratio2=  6.861739824501939E-006
 nchek0=           0 toler_force=  1.000000000000000E-005
 nchek=           1
 iiter=           2
Begin forming various matrix       at 2026-09-02 16:01:10 
 ktsmat=           0
Begin solution global equation     at 2026-09-02 16:01:10 
                     istep=         348 iiter=           2
                     conver_load check
 resid=  0.881768042420826      retot=  1.689183628135609E+015
 ratio1=  2.284750313797557E-008 ratio2=  6.769634339662650E-009
 nchek0=           0 toler_force=  1.000000000000000E-005
 nchek=           0
                    conver_nodal_value check
               Convergence check for displacement
 ratio1=  6.572893550659809E-006 ratio2=  8.855354474180559E-006
 nchek=           0
 ngvar in output=           7 nstre=           4
 ***********RESTART FILE IS UPDATED!*******
 time: 16:00:59
 iblks=           1 iincs=           1 istep=         349
 outinp=           0
 iiter=           1
Begin forming various matrix       at 2026-09-02 16:01:10 
 ktsmat=           0
 ntelgroup=           0
Begin solution global equation     at 2026-09-02 16:01:10 
                     istep=         349 iiter=           1
                     conver_load check
 resid=   395908.794295512      retot=  2.122237489289834E+015
 ratio1=  1.365842377755573E-005 ratio2=  6.349853336264502E-006
 nchek0=           0 toler_force=  1.000000000000000E-005
 nchek=           1
 iiter=           2
Begin forming various matrix       at 2026-09-02 16:01:10 
 ktsmat=           0
Begin solution global equation     at 2026-09-02 16:01:10 
                     istep=         349 iiter=           2
                     conver_load check
 resid=   1.03877731752945      retot=  2.122237489289834E+015
 ratio1=  2.212402996063174E-008 ratio2=  6.460899606852492E-009
 nchek0=           0 toler_force=  1.000000000000000E-005
 nchek=           0
                    conver_nodal_value check
               Convergence check for displacement
 ratio1=  7.270621304673399E-006 ratio2=  7.476398858043834E-006
 nchek=           0
 ***********RESTART FILE IS UPDATED!*******
 time: 16:00:59
 iblks=           1 iincs=           1 istep=         350
 outinp=           0
 iiter=           1
Begin forming various matrix       at 2026-09-02 16:01:10 
 ktsmat=           0
 ntelgroup=           0
Begin solution global equation     at 2026-09-02 16:01:10 
                     istep=         350 iiter=           1
                     conver_load check
 resid=   43884.4681931819      retot=  2.161805993992448E+015
 ratio1=  4.505542198060811E-006 ratio2=  3.544946110321243E-006
 nchek0=           0 toler_force=  1.000000000000000E-005
 nchek=           0
                    conver_nodal_value check
               Convergence check for displacement
 ratio1=  1.894633730266942E-003 ratio2=  7.005793611398489E-003
                            not converged for checki=           1
 iiter=           2
Begin forming various matrix       at 2026-09-02 16:01:10 
 ktsmat=           0
Begin solution global equation     at 2026-09-02 16:01:10 
                     istep=         350 iiter=           2
                     conver_load check
 resid=  0.100888476455434      retot=  2.161805993992448E+015
 ratio1=  6.831442598511352E-009 ratio2=  2.022360234413887E-009
 nchek0=           0 toler_force=  1.000000000000000E-005
 nchek=           0
                    conver_nodal_value check
               Convergence check for displacement
 ratio1=  2.823165239544524E-006 ratio2=  3.875224243383734E-006
 nchek=           0
 ngvar in output=           7 nstre=           4
 ***********RESTART FILE IS UPDATED!*******
 time: 16:00:59
 iblks=           1 iincs=           1 istep=         351
 outinp=           0
 iiter=           1
Begin forming various matrix       at 2026-09-02 16:01:10 
 ktsmat=           0
 ntelgroup=           0
Begin solution global equation     at 2026-09-02 16:01:10 
                     istep=         351 iiter=           1
                     conver_load check
 resid=   80732.1119843024      retot=  2.078324623441606E+015
 ratio1=  6.232559962137349E-006 ratio2=  4.615377151462137E-006
 nchek0=           0 toler_force=  1.000000000000000E-005
 nchek=           0
                    conver_nodal_value check
               Convergence check for displacement
 ratio1=  2.603534886996784E-003 ratio2=  7.868602615414761E-003
                            not converged for checki=           1
 iiter=           2
Begin forming various matrix       at 2026-09-02 16:01:10 
 ktsmat=           0
Begin solution global equation     at 2026-09-02 16:01:10 
                     istep=         351 iiter=           2
                     conver_load check
 resid=  0.163861039332804      retot=  2.078324623441606E+015
 ratio1=  8.879349714087698E-009 ratio2=  2.929090825714618E-009
 nchek0=           0 toler_force=  1.000000000000000E-005
 nchek=           0
                    conver_nodal_value check
               Convergence check for displacement
 ratio1=  3.591452891810889E-006 ratio2=  3.539886654009993E-006
 nchek=           0
 ***********RESTART FILE IS UPDATED!*******
 time: 16:00:59
 iblks=           1 iincs=           1 istep=         352
 outinp=           0
 iiter=           1
Begin forming various matrix       at 2026-09-02 16:01:10 
 ktsmat=           0
 ntelgroup=           0
Begin solution global equation     at 2026-09-02 16:01:10 
                     istep=         352 iiter=           1
                     conver_load check
 resid=   46898.1016973057      retot=  1.964487499232288E+015
 ratio1=  4.885994764071571E-006 ratio2=  4.126238401106099E-006
 nchek0=           0 toler_force=  1.000000000000000E-005
 nchek=           0
                    conver_nodal_value check
               Convergence check for displacement
 ratio1=  2.504422945014787E-003 ratio2=  7.272544489158427E-003
                            not converged for checki=           1
 iiter=           2
Begin forming various matrix       at 2026-09-02 16:01:10 
 ktsmat=           0
Begin solution global equation     at 2026-09-02 16:01:10 
                     istep=         352 iiter=           2
                     conver_load check
 resid=  1.389286580191818E-002 retot=  1.964487499232288E+015
 ratio1=  2.659324199102852E-009 ratio2=  1.085535691058240E-009
 nchek0=           0 toler_force=  1.000000000000000E-005
 nchek=           0
                    conver_nodal_value check
               Convergence check for displacement
 ratio1=  2.804388033050826E-006 ratio2=  5.636776290048446E-006
 nchek=           0
 ngvar in output=           7 nstre=           4
 ***********RESTART FILE IS UPDATED!*******
 time: 16:00:59
 iblks=           1 iincs=           1 istep=         353
 outinp=           0
 iiter=           1
Begin forming various matrix       at 2026-09-02 16:01:10 
 ktsmat=           0
 ntelgroup=           0
Begin solution global equation     at 2026-09-02 16:01:10 
                     istep=         353 iiter=           1
                     conver_load check
 resid=   33367.7536823670      retot=  2.002038287944049E+015
 ratio1=  4.082510364936133E-006 ratio2=  3.399106548583356E-006
 nchek0=           0 toler_force=  1.000000000000000E-005
 nchek=           0
                    conver_nodal_value check
               Convergence check for displacement
 ratio1=  2.441178051406601E-003 ratio2=  9.556062060701509E-003
                            not converged for checki=           1
 iiter=           2
Begin forming various matrix       at 2026-09-02 16:01:10 
 ktsmat=           0
Begin solution global equation     at 2026-09-02 16:01:10 
                     istep=         353 iiter=           2
                     conver_load check
 resid=  7.566895839411843E-002 retot=  2.002038287944049E+015
 ratio1=  6.147841871144053E-009 ratio2=  2.484307454460975E-009
 nchek0=           0 toler_force=  1.000000000000000E-005
 nchek=           0
                    conver_nodal_value check
               Convergence check for displacement
 ratio1=  4.647901171581755E-006 ratio2=  6.470948070677173E-006
 nchek=           0
 ***********RESTART FILE IS UPDATED!*******
 time: 16:00:59
 iblks=           1 iincs=           1 istep=         354
 outinp=           0
 iiter=           1
Begin forming various matrix       at 2026-09-02 16:01:10 
 ktsmat=           0
 ntelgroup=           0
Begin solution global equation     at 2026-09-02 16:01:10 
                     istep=         354 iiter=           1
                     conver_load check
 resid=   400378.966930269      retot=  2.543790297989740E+015
 ratio1=  1.254570218986852E-005 ratio2=  7.279554659591380E-006
 nchek0=           0 toler_force=  1.000000000000000E-005
 nchek=           1
 iiter=           2
Begin forming various matrix       at 2026-09-02 16:01:10 
 ktsmat=           0
Begin solution global equation     at 2026-09-02 16:01:10 
                     istep=         354 iiter=           2
                     conver_load check
 resid=   1.21862248811021      retot=  2.543790297989740E+015
 ratio1=  2.188738820363399E-008 ratio2=  8.374464410017733E-009
 nchek0=           0 toler_force=  1.000000000000000E-005
 nchek=           0
                    conver_nodal_value check
               Convergence check for displacement
 ratio1=  1.376910848533235E-005 ratio2=  1.397210421133120E-005
                            not converged for checki=           1
 iiter=           3
Begin forming various matrix       at 2026-09-02 16:01:10 
 ktsmat=           0
Begin solution global equation     at 2026-09-02 16:01:10 
                     istep=         354 iiter=           3
                     conver_load check
 resid=  1.223628819312451E-005 retot=  2.543790297989740E+015
 ratio1=  6.935602512319795E-011 ratio2=  2.687106129758625E-011
 nchek0=           0 toler_force=  1.000000000000000E-005
 nchek=           0
                    conver_nodal_value check
               Convergence check for displacement
 ratio1=  5.785985020923265E-008 ratio2=  7.342549775632574E-008
 nchek=           0
 ngvar in output=           7 nstre=           4
 ***********RESTART FILE IS UPDATED!*******
 time: 16:00:59
 iblks=           1 iincs=           1 istep=         355
 outinp=           0
 iiter=           1
Begin forming various matrix       at 2026-09-02 16:01:10 
 ktsmat=           0
 ntelgroup=           0
Begin solution global equation     at 2026-09-02 16:01:10 
                     istep=         355 iiter=           1
                     conver_load check
 resid=   607338.898062296      retot=  3.156985156801313E+015
 ratio1=  1.387008998282771E-005 ratio2=  9.276432530042169E-006
 nchek0=           0 toler_force=  1.000000000000000E-005
 nchek=           1
 iiter=           2
Begin forming various matrix       at 2026-09-02 16:01:10 
 ktsmat=           0
Begin solution global equation     at 2026-09-02 16:01:10 
                     istep=         355 iiter=           2
                     conver_load check
 resid=   1.33032839422240      retot=  3.156985156801313E+015
 ratio1=  2.052783557193297E-008 ratio2=  8.292873795134068E-009
 nchek0=           0 toler_force=  1.000000000000000E-005
 nchek=           0
                    conver_nodal_value check
               Convergence check for displacement
 ratio1=  1.571582901730834E-005 ratio2=  1.846866972451029E-005
                            not converged for checki=           1
 iiter=           3
Begin forming various matrix       at 2026-09-02 16:01:10 
 ktsmat=           0
Begin solution global equation     at 2026-09-02 16:01:10 
                     istep=         355 iiter=           3
                     conver_load check
 resid=  1.283508878466677E-005 retot=  3.156985156801313E+015
 ratio1=  6.376218170745438E-011 ratio2=  2.447916020038888E-011
 nchek0=           0 toler_force=  1.000000000000000E-005
 nchek=           0
                    conver_nodal_value check
               Convergence check for displacement
 ratio1=  6.506512503832714E-008 ratio2=  8.944153541302648E-008
 nchek=           0
 ***********RESTART FILE IS UPDATED!*******
 time: 16:00:59
 iblks=           1 iincs=           1 istep=         356
 outinp=           0
 iiter=           1
Begin forming various matrix       at 2026-09-02 16:01:10 
 ktsmat=           0
 ntelgroup=           0
Begin solution global equation     at 2026-09-02 16:01:10 
                     istep=         356 iiter=           1
                     conver_load check
 resid=   337161.613367163      retot=  3.720855743119243E+015
 ratio1=  9.519138490292534E-006 ratio2=  5.660397183151469E-006
 nchek0=           0 toler_force=  1.000000000000000E-005
 nchek=           0
                    conver_nodal_value check
               Convergence check for displacement
 ratio1=  8.658401337140511E-003 ratio2=  1.607897943302002E-002
                            not converged for checki=           1
 iiter=           2
Begin forming various matrix       at 2026-09-02 16:01:10 
 ktsmat=           0
Begin solution global equation     at 2026-09-02 16:01:10 
                     istep=         356 iiter=           2
                     conver_load check
 resid=  0.600205421754004      retot=  3.720855743119243E+015
 ratio1=  1.270072581925522E-008 ratio2=  5.495620735938895E-009
 nchek0=           0 toler_force=  1.000000000000000E-005
 nchek=           0
                    conver_nodal_value check
               Convergence check for displacement
 ratio1=  1.104496702592699E-005 ratio2=  1.357146857609552E-005
                            not converged for checki=           1
 iiter=           3
Begin forming various matrix       at 2026-09-02 16:01:10 
 ktsmat=           0
Begin solution global equation     at 2026-09-02 16:01:10 
                     istep=         356 iiter=           3
                     conver_load check
 resid=  5.397928930869799E-006 retot=  3.720855743119243E+015
 ratio1=  3.808835047934048E-011 ratio2=  1.503506407789623E-011
 nchek0=           0 toler_force=  1.000000000000000E-005
 nchek=           0
                    conver_nodal_value check
               Convergence check for displacement
 ratio1=  4.606012568090950E-008 ratio2=  6.922346373067494E-008
 nchek=           0
 ngvar in output=           7 nstre=           4
 ***********RESTART FILE IS UPDATED!*******
 time: 16:00:59
 iblks=           1 iincs=           1 istep=         357
 outinp=           0
 iiter=           1
Begin forming various matrix       at 2026-09-02 16:01:10 
 ktsmat=           0
 ntelgroup=           0
Begin solution global equation     at 2026-09-02 16:01:10 
                     istep=         357 iiter=           1
                     conver_load check
 resid=   196563.206428100      retot=  4.468985506528414E+015
 ratio1=  6.632032424922100E-006 ratio2=  4.334605745887777E-006
 nchek0=           0 toler_force=  1.000000000000000E-005
 nchek=           0
                    conver_nodal_value check
               Convergence check for displacement
 ratio1=  6.546562330929599E-003 ratio2=  1.130219902411879E-002
                            not converged for checki=           1
 iiter=           2
Begin forming various matrix       at 2026-09-02 16:01:10 
 ktsmat=           0
Begin solution global equation     at 2026-09-02 16:01:10 
                     istep=         357 iiter=           2
                     conver_load check
 resid=  0.396426147241251      retot=  4.468985506528414E+015
 ratio1=  9.418390061910001E-009 ratio2=  3.664212696342502E-009
 nchek0=           0 toler_force=  1.000000000000000E-005
 nchek=           0
                    conver_nodal_value check
               Convergence check for displacement
 ratio1=  1.033772698002478E-005 ratio2=  1.195581328470636E-005
                            not converged for checki=           1
 iiter=           3
Begin forming various matrix       at 2026-09-02 16:01:10 
 ktsmat=           0
Begin solution global equation     at 2026-09-02 16:01:10 
                     istep=         357 iiter=           3
                     conver_load check
 resid=  4.705942676004703E-006 retot=  4.468985506528414E+015
 ratio1=  3.245030949392361E-011 ratio2=  1.434731465579273E-011
 nchek0=           0 toler_force=  1.000000000000000E-005
 nchek=           0
                    conver_nodal_value check
               Convergence check for displacement
 ratio1=  5.568076475315426E-008 ratio2=  9.670298704590665E-008
 nchek=           0
 ***********RESTART FILE IS UPDATED!*******
 time: 16:00:59
 iblks=           1 iincs=           1 istep=         358
 outinp=           0
 iiter=           1
Begin forming various matrix       at 2026-09-02 16:01:11 
 ktsmat=           0
 ntelgroup=           0
Begin solution global equation     at 2026-09-02 16:01:11 
                     istep=         358 iiter=           1
                     conver_load check
 resid=   42184.6946885846      retot=  5.058973150648612E+015
 ratio1=  2.887661401907159E-006 ratio2=  2.326158608737902E-006
 nchek0=           0 toler_force=  1.000000000000000E-005
 nchek=           0
                    conver_nodal_value check
               Convergence check for displacement
 ratio1=  3.264260860346974E-003 ratio2=  1.035979104905192E-002
                            not converged for checki=           1
 iiter=           2
Begin forming various matrix       at 2026-09-02 16:01:11 
 ktsmat=           0
Begin solution global equation     at 2026-09-02 16:01:11 
                     istep=         358 iiter=           2
                     conver_load check
 resid=  1.656593015238683E-002 retot=  5.058973150648612E+015
 ratio1=  1.809575575119090E-009 ratio2=  6.764627726422622E-010
 nchek0=           0 toler_force=  1.000000000000000E-005
 nchek=           0
                    conver_nodal_value check
               Convergence check for displacement
 ratio1=  3.602397980823211E-006 ratio2=  7.205892487097185E-006
 nchek=           0
 ngvar in output=           7 nstre=           4
 ***********RESTART FILE IS UPDATED!*******
 time: 16:00:59
 iblks=           1 iincs=           1 istep=         359
 outinp=           0
 iiter=           1
Begin forming various matrix       at 2026-09-02 16:01:11 
 ktsmat=           0
 ntelgroup=           0
Begin solution global equation     at 2026-09-02 16:01:11 
                     istep=         359 iiter=           1
                     conver_load check
 resid=   158115.532201909      retot=  5.472799954036359E+015
 ratio1=  5.375049649622166E-006 ratio2=  2.801061796177838E-006
 nchek0=           0 toler_force=  1.000000000000000E-005
 nchek=           0
                    conver_nodal_value check
               Convergence check for displacement
 ratio1=  4.847641836285234E-003 ratio2=  1.053284664309179E-002
                            not converged for checki=           1
 iiter=           2
Begin forming various matrix       at 2026-09-02 16:01:11 
 ktsmat=           0
Begin solution global equation     at 2026-09-02 16:01:11 
                     istep=         359 iiter=           2
                     conver_load check
 resid=  0.325149061403522      retot=  5.472799954036359E+015
 ratio1=  7.707906989989745E-009 ratio2=  2.630321359546606E-009
 nchek0=           0 toler_force=  1.000000000000000E-005
 nchek=           0
                    conver_nodal_value check
               Convergence check for displacement
 ratio1=  7.017513272862197E-006 ratio2=  6.558473887058861E-006
 nchek=           0
 ***********RESTART FILE IS UPDATED!*******
 time: 16:00:59
 iblks=           1 iincs=           1 istep=         360
 outinp=           0
 iiter=           1
Begin forming various matrix       at 2026-09-02 16:01:11 
 ktsmat=           0
 ntelgroup=           0
Begin solution global equation     at 2026-09-02 16:01:11 
                     istep=         360 iiter=           1
                     conver_load check
 resid=   135555.710475210      retot=  5.833172369668819E+015
 ratio1=  4.820660021289332E-006 ratio2=  2.757536144010808E-006
 nchek0=           0 toler_force=  1.000000000000000E-005
 nchek=           0
                    conver_nodal_value check
               Convergence check for displacement
 ratio1=  3.908981152256810E-003 ratio2=  1.049424049273830E-002
                            not converged for checki=           1
 iiter=           2
Begin forming various matrix       at 2026-09-02 16:01:11 
 ktsmat=           0
Begin solution global equation     at 2026-09-02 16:01:11 
                     istep=         360 iiter=           2
                     conver_load check
 resid=  0.219372353594886      retot=  5.833172369668819E+015
 ratio1=  6.132513915736483E-009 ratio2=  2.379693753539892E-009
 nchek0=           0 toler_force=  1.000000000000000E-005
 nchek=           0
                    conver_nodal_value check
               Convergence check for displacement
 ratio1=  4.671632676004405E-006 ratio2=  5.324919911553935E-006
 nchek=           0
 ngvar in output=           7 nstre=           4
 ***********RESTART FILE IS UPDATED!*******
 time: 16:00:59
 iblks=           1 iincs=           1 istep=         361
 outinp=           0
 iiter=           1
Begin forming various matrix       at 2026-09-02 16:01:11 
 ktsmat=           0
 ntelgroup=           0
Begin solution global equation     at 2026-09-02 16:01:11 
                     istep=         361 iiter=           1
                     conver_load check
 resid=   152741.057208824      retot=  6.154442614772452E+015
 ratio1=  4.981768392114549E-006 ratio2=  2.512063023553435E-006
 nchek0=           0 toler_force=  1.000000000000000E-005
 nchek=           0
                    conver_nodal_value check
               Convergence check for displacement
 ratio1=  3.648234029211198E-003 ratio2=  7.307840077676784E-003
                            not converged for checki=           1
 iiter=           2
Begin forming various matrix       at 2026-09-02 16:01:11 
 ktsmat=           0
Begin solution global equation     at 2026-09-02 16:01:11 
                     istep=         361 iiter=           2
                     conver_load check
 resid=  0.376455294085626      retot=  6.154442614772452E+015
 ratio1=  7.821000996107524E-009 ratio2=  2.551208626177908E-009
 nchek0=           0 toler_force=  1.000000000000000E-005
 nchek=           0
                    conver_nodal_value check
               Convergence check for displacement
 ratio1=  7.823120058421041E-006 ratio2=  1.359802390764549E-005
                            not converged for checki=           1
 iiter=           3
Begin forming various matrix       at 2026-09-02 16:01:11 
 ktsmat=           0
Begin solution global equation     at 2026-09-02 16:01:11 
                     istep=         361 iiter=           3
                     conver_load check
 resid=  5.586669527693198E-006 retot=  6.154442614772452E+015
 ratio1=  3.012882033995553E-011 ratio2=  1.313807553025812E-011
 nchek0=           0 toler_force=  1.000000000000000E-005
 nchek=           0
                    conver_nodal_value check
               Convergence check for displacement
 ratio1=  4.812511909645253E-008 ratio2=  1.028503780298947E-007
 nchek=           0
 ***********RESTART FILE IS UPDATED!*******
 time: 16:00:59
 iblks=           1 iincs=           1 istep=         362
 outinp=           0
 iiter=           1
Begin forming various matrix       at 2026-09-02 16:01:11 
 ktsmat=           0
 ntelgroup=           0
Begin solution global equation     at 2026-09-02 16:01:11 
                     istep=         362 iiter=           1
                     conver_load check
 resid=   501122.006516532      retot=  6.646380423550331E+015
 ratio1=  8.683186712502272E-006 ratio2=  4.775204472472741E-006
 nchek0=           0 toler_force=  1.000000000000000E-005
 nchek=           0
                    conver_nodal_value check
               Convergence check for displacement
 ratio1=  5.591292818507650E-003 ratio2=  1.112314157583669E-002
                            not converged for checki=           1
 iiter=           2
Begin forming various matrix       at 2026-09-02 16:01:11 
 ktsmat=           0
Begin solution global equation     at 2026-09-02 16:01:11 
                     istep=         362 iiter=           2
                     conver_load check
 resid=   1.13670234454337      retot=  6.646380423550331E+015
 ratio1=  1.307768221974865E-008 ratio2=  4.642184603241983E-009
 nchek0=           0 toler_force=  1.000000000000000E-005
 nchek=           0
                    conver_nodal_value check
               Convergence check for displacement
 ratio1=  8.133465007275475E-006 ratio2=  1.061856480306705E-005
                            not converged for checki=           1
 iiter=           3
Begin forming various matrix       at 2026-09-02 16:01:11 
 ktsmat=           0
Begin solution global equation     at 2026-09-02 16:01:11 
                     istep=         362 iiter=           3
                     conver_load check
 resid=  8.805637592085527E-006 retot=  6.646380423550331E+015
 ratio1=  3.639886201277701E-011 ratio2=  1.204013131424508E-011
 nchek0=           0 toler_force=  1.000000000000000E-005
 nchek=           0
                    conver_nodal_value check
               Convergence check for displacement
 ratio1=  2.409206951055106E-008 ratio2=  2.753968480352468E-008
 nchek=           0
 ngvar in output=           7 nstre=           4
 ***********RESTART FILE IS UPDATED!*******
 time: 16:00:59
 iblks=           1 iincs=           1 istep=         363
 outinp=           0
 iiter=           1
Begin forming various matrix       at 2026-09-02 16:01:11 
 ktsmat=           0
 ntelgroup=           0
Begin solution global equation     at 2026-09-02 16:01:11 
                     istep=         363 iiter=           1
                     conver_load check
 resid=   196219.365440336      retot=  7.305481308867387E+015
 ratio1=  5.182585987534892E-006 ratio2=  2.846752173673989E-006
 nchek0=           0 toler_force=  1.000000000000000E-005
 nchek=           0
                    conver_nodal_value check
               Convergence check for displacement
 ratio1=  3.290810525256559E-003 ratio2=  8.994034094309725E-003
                            not converged for checki=           1
 iiter=           2
Begin forming various matrix       at 2026-09-02 16:01:11 
 ktsmat=           0
Begin solution global equation     at 2026-09-02 16:01:11 
                     istep=         363 iiter=           2
                     conver_load check
 resid=  0.425270993142823      retot=  7.305481308867387E+015
 ratio1=  7.629717601493530E-009 ratio2=  2.712271384722689E-009
 nchek0=           0 toler_force=  1.000000000000000E-005
 nchek=           0
                    conver_nodal_value check
               Convergence check for displacement
 ratio1=  4.688025150150587E-006 ratio2=  6.130739569011685E-006
 nchek=           0
 ***********RESTART FILE IS UPDATED!*******
 time: 16:00:59
 iblks=           1 iincs=           1 istep=         364
 outinp=           0
 iiter=           1
Begin forming various matrix       at 2026-09-02 16:01:11 
 ktsmat=           0
 ntelgroup=           0
Begin solution global equation     at 2026-09-02 16:01:11 
                     istep=         364 iiter=           1
                     conver_load check
 resid=   395240.486254023      retot=  8.182541846338435E+015
 ratio1=  6.950028651230827E-006 ratio2=  3.948108381564171E-006
 nchek0=           0 toler_force=  1.000000000000000E-005
 nchek=           0
                    conver_nodal_value check
               Convergence check for displacement
 ratio1=  4.119413497542750E-003 ratio2=  1.004336472348034E-002
                            not converged for checki=           1
 iiter=           2
Begin forming various matrix       at 2026-09-02 16:01:11 
 ktsmat=           0
Begin solution global equation     at 2026-09-02 16:01:11 
                     istep=         364 iiter=           2
                     conver_load check
 resid=  0.814435644539303      retot=  8.182541846338435E+015
 ratio1=  9.976639254774270E-009 ratio2=  3.581457524758853E-009
 nchek0=           0 toler_force=  1.000000000000000E-005
 nchek=           0
                    conver_nodal_value check
               Convergence check for displacement
 ratio1=  7.182957375674814E-006 ratio2=  1.254026882277013E-005
                            not converged for checki=           1
 iiter=           3
Begin forming various matrix       at 2026-09-02 16:01:11 
 ktsmat=           0
Begin solution global equation     at 2026-09-02 16:01:11 
                     istep=         364 iiter=           3
                     conver_load check
 resid=  1.056051440012713E-005 retot=  8.182541846338435E+015
 ratio1=  3.592513584652211E-011 ratio2=  1.570279630423989E-011
 nchek0=           0 toler_force=  1.000000000000000E-005
 nchek=           0
                    conver_nodal_value check
               Convergence check for displacement
 ratio1=  4.201467027095657E-008 ratio2=  1.018712552334180E-007
 nchek=           0
 ngvar in output=           7 nstre=           4
 ***********RESTART FILE IS UPDATED!*******
 time: 16:00:59
 iblks=           1 iincs=           1 istep=         365
 outinp=           0
 iiter=           1
Begin forming various matrix       at 2026-09-02 16:01:11 
 ktsmat=           0
 ntelgroup=           0
Begin solution global equation     at 2026-09-02 16:01:11 
                     istep=         365 iiter=           1
                     conver_load check
 resid=   900883.242049265      retot=  8.903442368480329E+015
 ratio1=  1.005901088839010E-005 ratio2=  5.805943126465681E-006
 nchek0=           0 toler_force=  1.000000000000000E-005
 nchek=           1
 iiter=           2
Begin forming various matrix       at 2026-09-02 16:01:11 
 ktsmat=           0
Begin solution global equation     at 2026-09-02 16:01:11 
                     istep=         365 iiter=           2
                     conver_load check
 resid=   2.02590254490762      retot=  8.903442368480329E+015
 ratio1=  1.508447845479633E-008 ratio2=  5.600414090946395E-009
 nchek0=           0 toler_force=  1.000000000000000E-005
 nchek=           0
                    conver_nodal_value check
               Convergence check for displacement
 ratio1=  7.709481276652949E-006 ratio2=  1.217070133150547E-005
                            not converged for checki=           1
 iiter=           3
Begin forming various matrix       at 2026-09-02 16:01:11 
 ktsmat=           0
Begin solution global equation     at 2026-09-02 16:01:11 
                     istep=         365 iiter=           3
                     conver_load check
 resid=  1.768802736515322E-005 retot=  8.903442368480329E+015
 ratio1=  4.457185661961809E-011 ratio2=  1.499738562341349E-011
 nchek0=           0 toler_force=  1.000000000000000E-005
 nchek=           0
                    conver_nodal_value check
               Convergence check for displacement
 ratio1=  2.646854074664958E-008 ratio2=  3.259206822119091E-008
 nchek=           0
 ***********RESTART FILE IS UPDATED!*******
 time: 16:00:59
 iblks=           1 iincs=           1 istep=         366
 outinp=           0
 iiter=           1
Begin forming various matrix       at 2026-09-02 16:01:11 
 ktsmat=           0
 ntelgroup=           0
Begin solution global equation     at 2026-09-02 16:01:11 
                     istep=         366 iiter=           1
                     conver_load check
 resid=   733743.176746472      retot=  9.572255874741960E+015
 ratio1=  8.755176148850292E-006 ratio2=  4.777683553598326E-006
 nchek0=           0 toler_force=  1.000000000000000E-005
 nchek=           0
                    conver_nodal_value check
               Convergence check for displacement
 ratio1=  4.558806025840376E-003 ratio2=  1.107993661970865E-002
                            not converged for checki=           1
 iiter=           2
Begin forming various matrix       at 2026-09-02 16:01:11 
 ktsmat=           0
Begin solution global equation     at 2026-09-02 16:01:11 
                     istep=         366 iiter=           2
                     conver_load check
 resid=   1.61358179613038      retot=  9.572255874741960E+015
 ratio1=  1.298339718863060E-008 ratio2=  4.627704725252083E-009
 nchek0=           0 toler_force=  1.000000000000000E-005
 nchek=           0
                    conver_nodal_value check
               Convergence check for displacement
 ratio1=  6.362205612102452E-006 ratio2=  1.025012511682166E-005
                            not converged for checki=           1
 iiter=           3
Begin forming various matrix       at 2026-09-02 16:01:11 
 ktsmat=           0
Begin solution global equation     at 2026-09-02 16:01:11 
                     istep=         366 iiter=           3
                     conver_load check
 resid=  1.442673678773834E-005 retot=  9.572255874741960E+015
 ratio1=  3.882191054617162E-011 ratio2=  1.244211906612999E-011
 nchek0=           0 toler_force=  1.000000000000000E-005
 nchek=           0
                    conver_nodal_value check
               Convergence check for displacement
 ratio1=  2.389057345326159E-008 ratio2=  3.637060118305943E-008
 nchek=           0
 ngvar in output=           7 nstre=           4
 ***********RESTART FILE IS UPDATED!*******
 time: 16:00:59
 iblks=           1 iincs=           1 istep=         367
 outinp=           0
 iiter=           1
Begin forming various matrix       at 2026-09-02 16:01:11 
 ktsmat=           0
 ntelgroup=           0
Begin solution global equation     at 2026-09-02 16:01:11 
                     istep=         367 iiter=           1
                     conver_load check
 resid=   582827.857268009      retot=  1.030253067570934E+016
 ratio1=  7.521391458610352E-006 ratio2=  4.002639884179906E-006
 nchek0=           0 toler_force=  1.000000000000000E-005
 nchek=           0
                    conver_nodal_value check
               Convergence check for displacement
 ratio1=  3.779833440476416E-003 ratio2=  9.293637894347208E-003
                            not converged for checki=           1
 iiter=           2
Begin forming various matrix       at 2026-09-02 16:01:11 
 ktsmat=           0
Begin solution global equation     at 2026-09-02 16:01:11 
                     istep=         367 iiter=           2
                     conver_load check
 resid=   1.14580783880658      retot=  1.030253067570934E+016
 ratio1=  1.054590698124122E-008 ratio2=  3.724297051266839E-009
 nchek0=           0 toler_force=  1.000000000000000E-005
 nchek=           0
                    conver_nodal_value check
               Convergence check for displacement
 ratio1=  4.918615913879550E-006 ratio2=  8.146621029736920E-006
 nchek=           0
 ***********RESTART FILE IS UPDATED!*******
 time: 16:00:59
 iblks=           1 iincs=           1 istep=         368
 outinp=           0
 iiter=           1
Begin forming various matrix       at 2026-09-02 16:01:11 
 ktsmat=           0
 ntelgroup=           0
Begin solution global equation     at 2026-09-02 16:01:11 
                     istep=         368 iiter=           1
                     conver_load check
 resid=   915811.861093307      retot=  1.122594407860755E+016
 ratio1=  9.032161507034344E-006 ratio2=  4.917586350346242E-006
 nchek0=           0 toler_force=  1.000000000000000E-005
 nchek=           0
                    conver_nodal_value check
               Convergence check for displacement
 ratio1=  4.317496117807411E-003 ratio2=  1.023521535273829E-002
                            not converged for checki=           1
 iiter=           2
Begin forming various matrix       at 2026-09-02 16:01:11 
 ktsmat=           0
Begin solution global equation     at 2026-09-02 16:01:11 
                     istep=         368 iiter=           2
                     conver_load check
 resid=   2.40616103517738      retot=  1.122594407860755E+016
 ratio1=  1.464033140066380E-008 ratio2=  5.236137596861267E-009
 nchek0=           0 toler_force=  1.000000000000000E-005
 nchek=           0
                    conver_nodal_value check
               Convergence check for displacement
 ratio1=  6.617270361569855E-006 ratio2=  1.078085163935953E-005
                            not converged for checki=           1
 iiter=           3
Begin forming various matrix       at 2026-09-02 16:01:11 
 ktsmat=           0
Begin solution global equation     at 2026-09-02 16:01:11 
                     istep=         368 iiter=           3
                     conver_load check
 resid=  2.139791648446388E-005 retot=  1.122594407860755E+016
 ratio1=  4.365905255329315E-011 ratio2=  1.458371939769529E-011
 nchek0=           0 toler_force=  1.000000000000000E-005
 nchek=           0
                    conver_nodal_value check
               Convergence check for displacement
 ratio1=  2.326011254380693E-008 ratio2=  3.002682400447859E-008
 nchek=           0
 ngvar in output=           7 nstre=           4
 ***********RESTART FILE IS UPDATED!*******
 time: 16:00:59
 iblks=           1 iincs=           1 istep=         369
 outinp=           0
 iiter=           1
Begin forming various matrix       at 2026-09-02 16:01:11 
 ktsmat=           0
 ntelgroup=           0
Begin solution global equation     at 2026-09-02 16:01:11 
                     istep=         369 iiter=           1
                     conver_load check
 resid=   1153711.56280624      retot=  1.215773151017767E+016
 ratio1=  9.741421799196320E-006 ratio2=  5.930123894270528E-006
 nchek0=           0 toler_force=  1.000000000000000E-005
 nchek=           0
                    conver_nodal_value check
               Convergence check for displacement
 ratio1=  4.553756144659417E-003 ratio2=  1.153206065205641E-002
                            not converged for checki=           1
 iiter=           2
Begin forming various matrix       at 2026-09-02 16:01:11 
 ktsmat=           0
Begin solution global equation     at 2026-09-02 16:01:11 
                     istep=         369 iiter=           2
                     conver_load check
 resid=   2.51155914859214      retot=  1.215773151017767E+016
 ratio1=  1.437293399344944E-008 ratio2=  5.555226841142303E-009
 nchek0=           0 toler_force=  1.000000000000000E-005
 nchek=           0
                    conver_nodal_value check
               Convergence check for displacement
 ratio1=  6.431050670162434E-006 ratio2=  1.057187953442020E-005
                            not converged for checki=           1
 iiter=           3
Begin forming various matrix       at 2026-09-02 16:01:11 
 ktsmat=           0
Begin solution global equation     at 2026-09-02 16:01:11 
                     istep=         369 iiter=           3
                     conver_load check
 resid=  2.364064989977150E-005 retot=  1.215773151017767E+016
 ratio1=  4.409643007467213E-011 ratio2=  1.580537927845807E-011
 nchek0=           0 toler_force=  1.000000000000000E-005
 nchek=           0
                    conver_nodal_value check
               Convergence check for displacement
 ratio1=  2.569685264031911E-008 ratio2=  4.475918184638096E-008
 nchek=           0
 ***********RESTART FILE IS UPDATED!*******
 time: 16:00:59
 iblks=           1 iincs=           1 istep=         370
 outinp=           0
 iiter=           1
Begin forming various matrix       at 2026-09-02 16:01:11 
 ktsmat=           0
 ntelgroup=           0
Begin solution global equation     at 2026-09-02 16:01:11 
                     istep=         370 iiter=           1
                     conver_load check
 resid=   551414.399034238      retot=  1.282891575594567E+016
 ratio1=  6.556077438356929E-006 ratio2=  3.894401756298081E-006
 nchek0=           0 toler_force=  1.000000000000000E-005
 nchek=           0
                    conver_nodal_value check
               Convergence check for displacement
 ratio1=  2.985917819685547E-003 ratio2=  7.660347560590254E-003
                            not converged for checki=           1
 iiter=           2
Begin forming various matrix       at 2026-09-02 16:01:11 
 ktsmat=           0
Begin solution global equation     at 2026-09-02 16:01:11 
                     istep=         370 iiter=           2
                     conver_load check
 resid=   1.18341114516726      retot=  1.282891575594567E+016
 ratio1=  9.604457760811231E-009 ratio2=  3.776398409993390E-009
 nchek0=           0 toler_force=  1.000000000000000E-005
 nchek=           0
                    conver_nodal_value check
               Convergence check for displacement
 ratio1=  4.035733416614829E-006 ratio2=  6.881863104304047E-006
 nchek=           0
 ngvar in output=           7 nstre=           4
 ***********RESTART FILE IS UPDATED!*******
 time: 16:00:59
 iblks=           1 iincs=           1 istep=         371
 outinp=           0
 iiter=           1
Begin forming various matrix       at 2026-09-02 16:01:11 
 ktsmat=           0
 ntelgroup=           0
Begin solution global equation     at 2026-09-02 16:01:11 
                     istep=         371 iiter=           1
                     conver_load check
 resid=   544296.273242867      retot=  1.352230325678440E+016
 ratio1=  6.344426123458909E-006 ratio2=  3.714106574877548E-006
 nchek0=           0 toler_force=  1.000000000000000E-005
 nchek=           0
                    conver_nodal_value check
               Convergence check for displacement
 ratio1=  2.800381813708377E-003 ratio2=  7.435592941835409E-003
                            not converged for checki=           1
 iiter=           2
Begin forming various matrix       at 2026-09-02 16:01:11 
 ktsmat=           0
Begin solution global equation     at 2026-09-02 16:01:11 
                     istep=         371 iiter=           2
                     conver_load check
 resid=   1.26372298712228      retot=  1.352230325678440E+016
 ratio1=  9.667197849897017E-009 ratio2=  3.699283788051545E-009
 nchek0=           0 toler_force=  1.000000000000000E-005
 nchek=           0
                    conver_nodal_value check
               Convergence check for displacement
 ratio1=  4.290537291907961E-006 ratio2=  6.615248329438684E-006
 nchek=           0
 ***********RESTART FILE IS UPDATED!*******
 time: 16:00:59
 iblks=           1 iincs=           1 istep=         372
 outinp=           0
 iiter=           1
Begin forming various matrix       at 2026-09-02 16:01:11 
 ktsmat=           0
 ntelgroup=           0
Begin solution global equation     at 2026-09-02 16:01:11 
                     istep=         372 iiter=           1
                     conver_load check
 resid=   277515.510705947      retot=  1.398634249860428E+016
 ratio1=  4.454423975801156E-006 ratio2=  2.796577984802894E-006
 nchek0=           0 toler_force=  1.000000000000000E-005
 nchek=           0
                    conver_nodal_value check
               Convergence check for displacement
 ratio1=  1.979489913161153E-003 ratio2=  6.187943959493646E-003
                            not converged for checki=           1
 iiter=           2
Begin forming various matrix       at 2026-09-02 16:01:11 
 ktsmat=           0
Begin solution global equation     at 2026-09-02 16:01:11 
                     istep=         372 iiter=           2
                     conver_load check
 resid=  0.439803490932847      retot=  1.398634249860428E+016
 ratio1=  5.607602963489553E-009 ratio2=  2.212705614665247E-009
 nchek0=           0 toler_force=  1.000000000000000E-005
 nchek=           0
                    conver_nodal_value check
               Convergence check for displacement
 ratio1=  2.402016608359893E-006 ratio2=  3.887845867590064E-006
 nchek=           0
 ngvar in output=           7 nstre=           4
 ***********RESTART FILE IS UPDATED!*******
 time: 16:00:59
 iblks=           1 iincs=           1 istep=         373
 outinp=           0
 iiter=           1
Begin forming various matrix       at 2026-09-02 16:01:11 
 ktsmat=           0
 ntelgroup=           0
Begin solution global equation     at 2026-09-02 16:01:11 
                     istep=         373 iiter=           1
                     conver_load check
 resid=   164056.014548602      retot=  1.446226731361098E+016
 ratio1=  3.368045005925098E-006 ratio2=  2.366281958372478E-006
 nchek0=           0 toler_force=  1.000000000000000E-005
 nchek=           0
                    conver_nodal_value check
               Convergence check for displacement
 ratio1=  1.485296696095921E-003 ratio2=  6.233370308140875E-003
                            not converged for checki=           1
 iiter=           2
Begin forming various matrix       at 2026-09-02 16:01:11 
 ktsmat=           0
Begin solution global equation     at 2026-09-02 16:01:11 
                     istep=         373 iiter=           2
                     conver_load check
 resid=  0.321824727904350      retot=  1.446226731361098E+016
 ratio1=  4.717278457493370E-009 ratio2=  1.806468740073004E-009
 nchek0=           0 toler_force=  1.000000000000000E-005
 nchek=           0
                    conver_nodal_value check
               Convergence check for displacement
 ratio1=  1.771999273929995E-006 ratio2=  3.163355086380767E-006
 nchek=           0
 ***********RESTART FILE IS UPDATED!*******
 time: 16:00:59
 iblks=           1 iincs=           1 istep=         374
 outinp=           0
 iiter=           1
Begin forming various matrix       at 2026-09-02 16:01:11 
 ktsmat=           0
 ntelgroup=           0
Begin solution global equation     at 2026-09-02 16:01:11 
                     istep=         374 iiter=           1
                     conver_load check
 resid=   214470.563895117      retot=  1.494230133608212E+016
 ratio1=  3.788568130179018E-006 ratio2=  2.274219048281978E-006
 nchek0=           0 toler_force=  1.000000000000000E-005
 nchek=           0
                    conver_nodal_value check
               Convergence check for displacement
 ratio1=  1.640788930629276E-003 ratio2=  6.037103540178567E-003
                            not converged for checki=           1
 iiter=           2
Begin forming various matrix       at 2026-09-02 16:01:11 
 ktsmat=           0
Begin solution global equation     at 2026-09-02 16:01:11 
                     istep=         374 iiter=           2
                     conver_load check
 resid=  0.476254957057597      retot=  1.494230133608212E+016
 ratio1=  5.645611762890842E-009 ratio2=  1.824338099585505E-009
 nchek0=           0 toler_force=  1.000000000000000E-005
 nchek=           0
                    conver_nodal_value check
               Convergence check for displacement
 ratio1=  3.559551717728993E-006 ratio2=  9.167125248915093E-006
 nchek=           0
 ngvar in output=           7 nstre=           4
 ***********RESTART FILE IS UPDATED!*******
 time: 16:00:59
 iblks=           1 iincs=           1 istep=         375
 outinp=           0
 iiter=           1
Begin forming various matrix       at 2026-09-02 16:01:11 
 ktsmat=           0
 ntelgroup=           0
Begin solution global equation     at 2026-09-02 16:01:11 
                     istep=         375 iiter=           1
                     conver_load check
 resid=   99134.7393369724      retot=  1.554125720280101E+016
 ratio1=  2.525630773286278E-006 ratio2=  1.416290268032305E-006
 nchek0=           0 toler_force=  1.000000000000000E-005
 nchek=           0
                    conver_nodal_value check
               Convergence check for displacement
 ratio1=  1.140765269473616E-003 ratio2=  5.296362143433118E-003
                            not converged for checki=           1
 iiter=           2
Begin forming various matrix       at 2026-09-02 16:01:11 
 ktsmat=           0
Begin solution global equation     at 2026-09-02 16:01:11 
                     istep=         375 iiter=           2
                     conver_load check
 resid=  9.869672574943500E-002 retot=  1.554125720280101E+016
 ratio1=  2.520045015577341E-009 ratio2=  9.838199098017798E-010
 nchek0=           0 toler_force=  1.000000000000000E-005
 nchek=           0
                    conver_nodal_value check
               Convergence check for displacement
 ratio1=  1.052056796493739E-006 ratio2=  1.868128037899514E-006
 nchek=           0
 ***********RESTART FILE IS UPDATED!*******
 time: 16:00:59
 iblks=           1 iincs=           1 istep=         376
 outinp=           0
 iiter=           1
Begin forming various matrix       at 2026-09-02 16:01:11 
 ktsmat=           0
 ntelgroup=           0
Begin solution global equation     at 2026-09-02 16:01:11 
                     istep=         376 iiter=           1
                     conver_load check
 resid=   209032.362578744      retot=  1.629711291777520E+016
 ratio1=  3.581388438355093E-006 ratio2=  1.738812837319704E-006
 nchek0=           0 toler_force=  1.000000000000000E-005
 nchek=           0
                    conver_nodal_value check
               Convergence check for displacement
 ratio1=  1.456371722031039E-003 ratio2=  4.677216448061856E-003
                            not converged for checki=           1
 iiter=           2
Begin forming various matrix       at 2026-09-02 16:01:11 
 ktsmat=           0
Begin solution global equation     at 2026-09-02 16:01:11 
                     istep=         376 iiter=           2
                     conver_load check
 resid=  0.458313573089711      retot=  1.629711291777520E+016
 ratio1=  5.303053667740986E-009 ratio2=  1.743442331453669E-009
 nchek0=           0 toler_force=  1.000000000000000E-005
 nchek=           0
                    conver_nodal_value check
               Convergence check for displacement
 ratio1=  2.342426856386122E-006 ratio2=  4.419835499338310E-006
 nchek=           0
 ngvar in output=           7 nstre=           4
 ***********RESTART FILE IS UPDATED!*******
 time: 16:00:59
 iblks=           1 iincs=           1 istep=         377
 outinp=           0
 iiter=           1
Begin forming various matrix       at 2026-09-02 16:01:11 
 ktsmat=           0
 ntelgroup=           0
Begin solution global equation     at 2026-09-02 16:01:11 
                     istep=         377 iiter=           1
                     conver_load check
 resid=   205344.100106341      retot=  1.712747399819568E+016
 ratio1=  3.462537265849806E-006 ratio2=  1.841989595793443E-006
 nchek0=           0 toler_force=  1.000000000000000E-005
 nchek=           0
                    conver_nodal_value check
               Convergence check for displacement
 ratio1=  1.399559332599144E-003 ratio2=  5.312880465179460E-003
                            not converged for checki=           1
 iiter=           2
Begin forming various matrix       at 2026-09-02 16:01:11 
 ktsmat=           0
Begin solution global equation     at 2026-09-02 16:01:11 
                     istep=         377 iiter=           2
                     conver_load check
 resid=  0.366818491416032      retot=  1.712747399819568E+016
 ratio1=  4.627846566964430E-009 ratio2=  1.513287964168973E-009
 nchek0=           0 toler_force=  1.000000000000000E-005
 nchek=           0
                    conver_nodal_value check
               Convergence check for displacement
 ratio1=  1.928309056315112E-006 ratio2=  3.322210284008725E-006
 nchek=           0
 ***********RESTART FILE IS UPDATED!*******
 time: 16:00:59
 iblks=           1 iincs=           1 istep=         378
 outinp=           0
 iiter=           1
Begin forming various matrix       at 2026-09-02 16:01:11 
 ktsmat=           0
 ntelgroup=           0
Begin solution global equation     at 2026-09-02 16:01:11 
                     istep=         378 iiter=           1
                     conver_load check
 resid=   117004.097234634      retot=  1.790699340148916E+016
 ratio1=  2.556166849478722E-006 ratio2=  1.308600017328052E-006
 nchek0=           0 toler_force=  1.000000000000000E-005
 nchek=           0
                    conver_nodal_value check
               Convergence check for displacement
 ratio1=  1.096131015137539E-003 ratio2=  4.990051320490439E-003
                            not converged for checki=           1
 iiter=           2
Begin forming various matrix       at 2026-09-02 16:01:11 
 ktsmat=           0
Begin solution global equation     at 2026-09-02 16:01:11 
                     istep=         378 iiter=           2
                     conver_load check
 resid=  0.172107371188151      retot=  1.790699340148916E+016
 ratio1=  3.100190626092602E-009 ratio2=  9.304990892178105E-010
 nchek0=           0 toler_force=  1.000000000000000E-005
 nchek=           0
                    conver_nodal_value check
               Convergence check for displacement
 ratio1=  1.799538500036842E-006 ratio2=  4.948103743647147E-006
 nchek=           0
 ngvar in output=           7 nstre=           4
 ***********RESTART FILE IS UPDATED!*******
 time: 16:00:59
 iblks=           1 iincs=           1 istep=         379
 outinp=           0
 iiter=           1
Begin forming various matrix       at 2026-09-02 16:01:11 
 ktsmat=           0
 ntelgroup=           0
Begin solution global equation     at 2026-09-02 16:01:11 
                     istep=         379 iiter=           1
                     conver_load check
 resid=   101076.805666229      retot=  1.874246678041016E+016
 ratio1=  2.322268222117996E-006 ratio2=  1.396585401377827E-006
 nchek0=           0 toler_force=  1.000000000000000E-005
 nchek=           0
                    conver_nodal_value check
               Convergence check for displacement
 ratio1=  1.002943158228797E-003 ratio2=  5.587977720236843E-003
                            not converged for checki=           1
 iiter=           2
Begin forming various matrix       at 2026-09-02 16:01:11 
 ktsmat=           0
Begin solution global equation     at 2026-09-02 16:01:11 
                     istep=         379 iiter=           2
                     conver_load check
 resid=  0.149142601632558      retot=  1.874246678041016E+016
 ratio1=  2.820898646367557E-009 ratio2=  8.226165867693920E-010
 nchek0=           0 toler_force=  1.000000000000000E-005
 nchek=           0
                    conver_nodal_value check
               Convergence check for displacement
 ratio1=  1.525826676905944E-006 ratio2=  3.908630466150878E-006
 nchek=           0
 ***********RESTART FILE IS UPDATED!*******
 time: 16:00:59
 iblks=           1 iincs=           1 istep=         380
 outinp=           0
 iiter=           1
Begin forming various matrix       at 2026-09-02 16:01:11 
 ktsmat=           0
 ntelgroup=           0
Begin solution global equation     at 2026-09-02 16:01:11 
                     istep=         380 iiter=           1
                     conver_load check
 resid=   226736.554723793      retot=  1.976940809066331E+016
 ratio1=  3.386600267852508E-006 ratio2=  1.710288953673364E-006
 nchek0=           0 toler_force=  1.000000000000000E-005
 nchek=           0
                    conver_nodal_value check
               Convergence check for displacement
 ratio1=  1.302740819167674E-003 ratio2=  5.572791862110106E-003
                            not converged for checki=           1
 iiter=           2
Begin forming various matrix       at 2026-09-02 16:01:11 
 ktsmat=           0
Begin solution global equation     at 2026-09-02 16:01:11 
                     istep=         380 iiter=           2
                     conver_load check
 resid=  0.440063119334509      retot=  1.976940809066331E+016
 ratio1=  4.718029512894538E-009 ratio2=  1.561650224827610E-009
 nchek0=           0 toler_force=  1.000000000000000E-005
 nchek=           0
                    conver_nodal_value check
               Convergence check for displacement
 ratio1=  1.635246159309053E-006 ratio2=  2.973405022613093E-006
 nchek=           0
 ngvar in output=           7 nstre=           4
 ***********RESTART FILE IS UPDATED!*******
 time: 16:00:59
 iblks=           1 iincs=           1 istep=         381
 outinp=           0
 iiter=           1
Begin forming various matrix       at 2026-09-02 16:01:11 
 ktsmat=           0
 ntelgroup=           0
Begin solution global equation     at 2026-09-02 16:01:11 
                     istep=         381 iiter=           1
                     conver_load check
 resid=   250855.698129842      retot=  2.080730480187616E+016
 ratio1=  3.472194706386345E-006 ratio2=  1.772021344208356E-006
 nchek0=           0 toler_force=  1.000000000000000E-005
 nchek=           0
                    conver_nodal_value check
               Convergence check for displacement
 ratio1=  1.335058202269104E-003 ratio2=  5.134821750361685E-003
                            not converged for checki=           1
 iiter=           2
Begin forming various matrix       at 2026-09-02 16:01:11 
 ktsmat=           0
Begin solution global equation     at 2026-09-02 16:01:11 
                     istep=         381 iiter=           2
                     conver_load check
 resid=  0.529212625163147      retot=  2.080730480187616E+016
 ratio1=  5.043211521443511E-009 ratio2=  1.603245534519353E-009
 nchek0=           0 toler_force=  1.000000000000000E-005
 nchek=           0
                    conver_nodal_value check
               Convergence check for displacement
 ratio1=  2.290078669416167E-006 ratio2=  4.924004707522838E-006
 nchek=           0
 ***********RESTART FILE IS UPDATED!*******
 time: 16:00:59
 iblks=           1 iincs=           1 istep=         382
 outinp=           0
 iiter=           1
Begin forming various matrix       at 2026-09-02 16:01:11 
 ktsmat=           0
 ntelgroup=           0
Begin solution global equation     at 2026-09-02 16:01:11 
                     istep=         382 iiter=           1
                     conver_load check
 resid=   101700.624462650      retot=  2.162076803332408E+016
 ratio1=  2.168833691580459E-006 ratio2=  1.134853394901325E-006
 nchek0=           0 toler_force=  1.000000000000000E-005
 nchek=           0
                    conver_nodal_value check
               Convergence check for displacement
 ratio1=  8.850150471203050E-004 ratio2=  4.196976016683719E-003
                            not converged for checki=           1
 iiter=           2
Begin forming various matrix       at 2026-09-02 16:01:11 
 ktsmat=           0
Begin solution global equation     at 2026-09-02 16:01:11 
                     istep=         382 iiter=           2
                     conver_load check
 resid=  0.144827016482957      retot=  2.162076803332408E+016
 ratio1=  2.588148751394299E-009 ratio2=  9.362316592149770E-010
 nchek0=           0 toler_force=  1.000000000000000E-005
 nchek=           0
                    conver_nodal_value check
               Convergence check for displacement
 ratio1=  9.306110638156103E-007 ratio2=  1.620857953900597E-006
 nchek=           0
 ngvar in output=           7 nstre=           4
 ***********RESTART FILE IS UPDATED!*******
 time: 16:00:59
 iblks=           1 iincs=           1 istep=         383
 outinp=           0
 iiter=           1
Begin forming various matrix       at 2026-09-02 16:01:11 
 ktsmat=           0
 ntelgroup=           0
Begin solution global equation     at 2026-09-02 16:01:11 
                     istep=         383 iiter=           1
                     conver_load check
 resid=   136847.241601633      retot=  2.227901146687946E+016
 ratio1=  2.478392381554058E-006 ratio2=  1.593114521177144E-006
 nchek0=           0 toler_force=  1.000000000000000E-005
 nchek=           0
                    conver_nodal_value check
               Convergence check for displacement
 ratio1=  9.707946231202485E-004 ratio2=  4.044496613797576E-003
                            not converged for checki=           1
 iiter=           2
Begin forming various matrix       at 2026-09-02 16:01:11 
 ktsmat=           0
Begin solution global equation     at 2026-09-02 16:01:11 
                     istep=         383 iiter=           2
                     conver_load check
 resid=  0.313680687224314      retot=  2.227901146687946E+016
 ratio1=  3.752285990395336E-009 ratio2=  1.219969237854152E-009
 nchek0=           0 toler_force=  1.000000000000000E-005
 nchek=           0
                    conver_nodal_value check
               Convergence check for displacement
 ratio1=  1.789234754514730E-006 ratio2=  4.248180443553537E-006
 nchek=           0
 ***********RESTART FILE IS UPDATED!*******
 time: 16:00:59
 iblks=           1 iincs=           1 istep=         384
 outinp=           0
 iiter=           1
Begin forming various matrix       at 2026-09-02 16:01:11 
 ktsmat=           0
 ntelgroup=           0
Begin solution global equation     at 2026-09-02 16:01:11 
                     istep=         384 iiter=           1
                     conver_load check
 resid=   81610.5326935562      retot=  2.277792068906414E+016
 ratio1=  1.892849427659896E-006 ratio2=  1.263504549180635E-006
 nchek0=           0 toler_force=  1.000000000000000E-005
 nchek=           0
                    conver_nodal_value check
               Convergence check for displacement
 ratio1=  7.723824599250056E-004 ratio2=  3.558674858149099E-003
                            not converged for checki=           1
 iiter=           2
Begin forming various matrix       at 2026-09-02 16:01:11 
 ktsmat=           0
Begin solution global equation     at 2026-09-02 16:01:11 
                     istep=         384 iiter=           2
                     conver_load check
 resid=  9.092536657133872E-002 retot=  2.277792068906414E+016
 ratio1=  1.997954032597592E-009 ratio2=  7.316457679252917E-010
 nchek0=           0 toler_force=  1.000000000000000E-005
 nchek=           0
                    conver_nodal_value check
               Convergence check for displacement
 ratio1=  7.819139450229851E-007 ratio2=  1.463921192985685E-006
 nchek=           0
 ngvar in output=           7 nstre=           4
 ***********RESTART FILE IS UPDATED!*******
 time: 16:00:59
 iblks=           1 iincs=           1 istep=         385
 outinp=           0
 iiter=           1
Begin forming various matrix       at 2026-09-02 16:01:11 
 ktsmat=           0
 ntelgroup=           0
Begin solution global equation     at 2026-09-02 16:01:11 
                     istep=         385 iiter=           1
                     conver_load check
 resid=   89302.0726235078      retot=  2.318073312317069E+016
 ratio1=  1.962759941626022E-006 ratio2=  1.116641986701864E-006
 nchek0=           0 toler_force=  1.000000000000000E-005
 nchek=           0
                    conver_nodal_value check
               Convergence check for displacement
 ratio1=  7.611990436414549E-004 ratio2=  3.984368158697887E-003
                            not converged for checki=           1
 iiter=           2
Begin forming various matrix       at 2026-09-02 16:01:11 
 ktsmat=           0
Begin solution global equation     at 2026-09-02 16:01:11 
                     istep=         385 iiter=           2
                     conver_load check
 resid=  0.180294182235114      retot=  2.318073312317069E+016
 ratio1=  2.788863593969670E-009 ratio2=  9.579240330850027E-010
 nchek0=           0 toler_force=  1.000000000000000E-005
 nchek=           0
                    conver_nodal_value check
               Convergence check for displacement
 ratio1=  9.958056243058896E-007 ratio2=  1.543202268932951E-006
 nchek=           0
 ***********RESTART FILE IS UPDATED!*******
 time: 16:00:59
 iblks=           1 iincs=           1 istep=         386
 outinp=           0
 iiter=           1
Begin forming various matrix       at 2026-09-02 16:01:11 
 ktsmat=           0
 ntelgroup=           0
Begin solution global equation     at 2026-09-02 16:01:11 
                     istep=         386 iiter=           1
                     conver_load check
 resid=   135080.815918269      retot=  2.356300511136144E+016
 ratio1=  2.394316171824171E-006 ratio2=  1.359567812091124E-006
 nchek0=           0 toler_force=  1.000000000000000E-005
 nchek=           0
                    conver_nodal_value check
               Convergence check for displacement
 ratio1=  8.925648447607829E-004 ratio2=  3.862327898553109E-003
                            not converged for checki=           1
 iiter=           2
Begin forming various matrix       at 2026-09-02 16:01:11 
 ktsmat=           0
Begin solution global equation     at 2026-09-02 16:01:11 
                     istep=         386 iiter=           2
                     conver_load check
 resid=  0.269126846296674      retot=  2.356300511136144E+016
 ratio1=  3.379583432178492E-009 ratio2=  1.032965691486024E-009
 nchek0=           0 toler_force=  1.000000000000000E-005
 nchek=           0
                    conver_nodal_value check
               Convergence check for displacement
 ratio1=  1.670074327440397E-006 ratio2=  4.133148271584991E-006
 nchek=           0
 ngvar in output=           7 nstre=           4
 ***********RESTART FILE IS UPDATED!*******
 time: 16:00:59
 iblks=           1 iincs=           1 istep=         387
 outinp=           0
 iiter=           1
Begin forming various matrix       at 2026-09-02 16:01:11 
 ktsmat=           0
 ntelgroup=           0
Begin solution global equation     at 2026-09-02 16:01:11 
                     istep=         387 iiter=           1
                     conver_load check
 resid=   133914.596548363      retot=  2.386237252844600E+016
 ratio1=  2.368956837333125E-006 ratio2=  1.291397895815592E-006
 nchek0=           0 toler_force=  1.000000000000000E-005
 nchek=           0
                    conver_nodal_value check
               Convergence check for displacement
 ratio1=  8.477971470190793E-004 ratio2=  3.503660687204136E-003
                            not converged for checki=           1
 iiter=           2
Begin forming various matrix       at 2026-09-02 16:01:11 
 ktsmat=           0
Begin solution global equation     at 2026-09-02 16:01:11 
                     istep=         387 iiter=           2
                     conver_load check
 resid=  0.228038402455935      retot=  2.386237252844600E+016
 ratio1=  3.091342924017055E-009 ratio2=  1.068713058249586E-009
 nchek0=           0 toler_force=  1.000000000000000E-005
 nchek=           0
                    conver_nodal_value check
               Convergence check for displacement
 ratio1=  9.525299857551271E-007 ratio2=  1.724616739897898E-006
 nchek=           0
 ***********RESTART FILE IS UPDATED!*******
 time: 16:00:59
 iblks=           1 iincs=           1 istep=         388
 outinp=           0
 iiter=           1
Begin forming various matrix       at 2026-09-02 16:01:11 
 ktsmat=           0
 ntelgroup=           0
Begin solution global equation     at 2026-09-02 16:01:11 
                     istep=         388 iiter=           1
                     conver_load check
 resid=   32639.4836960642      retot=  2.393047041076713E+016
 ratio1=  1.167874086758686E-006 ratio2=  9.165210338826240E-007
 nchek0=           0 toler_force=  1.000000000000000E-005
 nchek=           0
                    conver_nodal_value check
               Convergence check for displacement
 ratio1=  5.051025880976700E-004 ratio2=  3.367288865829553E-003
                            not converged for checki=           1
 iiter=           2
Begin forming various matrix       at 2026-09-02 16:01:11 
 ktsmat=           0
Begin solution global equation     at 2026-09-02 16:01:11 
                     istep=         388 iiter=           2
                     conver_load check
 resid=  4.009399159900475E-002 retot=  2.393047041076713E+016
 ratio1=  1.294386663538474E-009 ratio2=  3.726663168519891E-010
 nchek0=           0 toler_force=  1.000000000000000E-005
 nchek=           0
                    conver_nodal_value check
               Convergence check for displacement
 ratio1=  8.137058612251815E-007 ratio2=  2.373798902869273E-006
 nchek=           0
 ngvar in output=           7 nstre=           4
 ***********RESTART FILE IS UPDATED!*******
 time: 16:00:59
 iblks=           1 iincs=           1 istep=         389
 outinp=           0
 iiter=           1
Begin forming various matrix       at 2026-09-02 16:01:12 
 ktsmat=           0
 ntelgroup=           0
Begin solution global equation     at 2026-09-02 16:01:12 
                     istep=         389 iiter=           1
                     conver_load check
 resid=   15944.4981279684      retot=  2.401831022562862E+016
 ratio1=  8.147684468666125E-007 ratio2=  8.482408413600886E-007
 nchek0=           0 toler_force=  1.000000000000000E-005
 nchek=           0
                    conver_nodal_value check
               Convergence check for displacement
 ratio1=  4.128982021726419E-004 ratio2=  3.123671766794458E-003
                            not converged for checki=           1
 iiter=           2
Begin forming various matrix       at 2026-09-02 16:01:12 
 ktsmat=           0
Begin solution global equation     at 2026-09-02 16:01:12 
                     istep=         389 iiter=           2
                     conver_load check
 resid=  6.365816171565897E-003 retot=  2.401831022562862E+016
 ratio1=  5.148204876015603E-010 ratio2=  2.286097128385641E-010
 nchek0=           0 toler_force=  1.000000000000000E-005
 nchek=           0
                    conver_nodal_value check
               Convergence check for displacement
 ratio1=  6.904801231123362E-007 ratio2=  2.275788776921124E-006
 nchek=           0
 ***********RESTART FILE IS UPDATED!*******
 time: 16:00:59
 iblks=           1 iincs=           1 istep=         390
 outinp=           0
 iiter=           1
Begin forming various matrix       at 2026-09-02 16:01:12 
 ktsmat=           0
 ntelgroup=           0
Begin solution global equation     at 2026-09-02 16:01:12 
                     istep=         390 iiter=           1
                     conver_load check
 resid=   95351.7450478417      retot=  2.428541441398358E+016
 ratio1=  1.981488532915449E-006 ratio2=  9.099013580645548E-007
 nchek0=           0 toler_force=  1.000000000000000E-005
 nchek=           0
                    conver_nodal_value check
               Convergence check for displacement
 ratio1=  6.867206367635157E-004 ratio2=  2.514930492462695E-003
                            not converged for checki=           1
 iiter=           2
Begin forming various matrix       at 2026-09-02 16:01:12 
 ktsmat=           0
Begin solution global equation     at 2026-09-02 16:01:12 
                     istep=         390 iiter=           2
                     conver_load check
 resid=  0.205665563608316      retot=  2.428541441398358E+016
 ratio1=  2.910100788527643E-009 ratio2=  8.346348686986990E-010
 nchek0=           0 toler_force=  1.000000000000000E-005
 nchek=           0
                    conver_nodal_value check
               Convergence check for displacement
 ratio1=  1.318303654972966E-006 ratio2=  3.175812586994009E-006
 nchek=           0
 ngvar in output=           7 nstre=           4
 ***********RESTART FILE IS UPDATED!*******
 time: 16:00:59
 iblks=           1 iincs=           1 istep=         391
 outinp=           0
 iiter=           1
Begin forming various matrix       at 2026-09-02 16:01:12 
 ktsmat=           0
 ntelgroup=           0
Begin solution global equation     at 2026-09-02 16:01:12 
                     istep=         391 iiter=           1
                     conver_load check
 resid=   182189.448270593      retot=  2.449789144418455E+016
 ratio1=  2.727076100973284E-006 ratio2=  1.369651042966546E-006
 nchek0=           0 toler_force=  1.000000000000000E-005
 nchek=           0
                    conver_nodal_value check
               Convergence check for displacement
 ratio1=  8.816549432282336E-004 ratio2=  2.611324134558114E-003
                            not converged for checki=           1
 iiter=           2
Begin forming various matrix       at 2026-09-02 16:01:12 
 ktsmat=           0
Begin solution global equation     at 2026-09-02 16:01:12 
                     istep=         391 iiter=           2
                     conver_load check
 resid=  0.393160422275129      retot=  2.449789144418455E+016
 ratio1=  4.006088539428011E-009 ratio2=  1.228467467923739E-009
 nchek0=           0 toler_force=  1.000000000000000E-005
 nchek=           0
                    conver_nodal_value check
               Convergence check for displacement
 ratio1=  1.295759886083520E-006 ratio2=  1.962330326788487E-006
 nchek=           0
 ***********RESTART FILE IS UPDATED!*******
 time: 16:00:59
 iblks=           1 iincs=           1 istep=         392
 outinp=           0
 iiter=           1
Begin forming various matrix       at 2026-09-02 16:01:12 
 ktsmat=           0
 ntelgroup=           0
Begin solution global equation     at 2026-09-02 16:01:12 
                     istep=         392 iiter=           1
                     conver_load check
 resid=   135611.496702513      retot=  2.462916401222998E+016
 ratio1=  2.346515456027881E-006 ratio2=  1.106335358703316E-006
 nchek0=           0 toler_force=  1.000000000000000E-005
 nchek=           0
                    conver_nodal_value check
               Convergence check for displacement
 ratio1=  7.555529710464602E-004 ratio2=  2.182790558030128E-003
                            not converged for checki=           1
 iiter=           2
Begin forming various matrix       at 2026-09-02 16:01:12 
 ktsmat=           0
Begin solution global equation     at 2026-09-02 16:01:12 
                     istep=         392 iiter=           2
                     conver_load check
 resid=  0.248377713149908      retot=  2.462916401222998E+016
 ratio1=  3.175641557716076E-009 ratio2=  1.025445730792612E-009
 nchek0=           0 toler_force=  1.000000000000000E-005
 nchek=           0
                    conver_nodal_value check
               Convergence check for displacement
 ratio1=  9.363955796579034E-007 ratio2=  1.608170947240829E-006
 nchek=           0
 ngvar in output=           7 nstre=           4
 ***********RESTART FILE IS UPDATED!*******
 time: 16:00:59
 iblks=           1 iincs=           1 istep=         393
 outinp=           0
 iiter=           1
Begin forming various matrix       at 2026-09-02 16:01:12 
 ktsmat=           0
 ntelgroup=           0
Begin solution global equation     at 2026-09-02 16:01:12 
                     istep=         393 iiter=           1
                     conver_load check
 resid=   89017.8337556417      retot=  2.474559692855325E+016
 ratio1=  1.896660254696033E-006 ratio2=  9.059137954484794E-007
 nchek0=           0 toler_force=  1.000000000000000E-005
 nchek=           0
                    conver_nodal_value check
               Convergence check for displacement
 ratio1=  6.283678597090968E-004 ratio2=  1.905664881826501E-003
                            not converged for checki=           1
 iiter=           2
Begin forming various matrix       at 2026-09-02 16:01:12 
 ktsmat=           0
Begin solution global equation     at 2026-09-02 16:01:12 
                     istep=         393 iiter=           2
                     conver_load check
 resid=  0.200094431719847      retot=  2.474559692855325E+016
 ratio1=  2.843600188043645E-009 ratio2=  8.171264916958399E-010
 nchek0=           0 toler_force=  1.000000000000000E-005
 nchek=           0
                    conver_nodal_value check
               Convergence check for displacement
 ratio1=  1.183246843091802E-006 ratio2=  2.639499394011829E-006
 nchek=           0
 ***********RESTART FILE IS UPDATED!*******
 time: 16:00:59
 iblks=           1 iincs=           1 istep=         394
 outinp=           0
 iiter=           1
Begin forming various matrix       at 2026-09-02 16:01:12 
 ktsmat=           0
 ntelgroup=           0
Begin solution global equation     at 2026-09-02 16:01:12 
                     istep=         394 iiter=           1
                     conver_load check
 resid=   37220.8210401321      retot=  2.468678870874169E+016
 ratio1=  1.227893426617786E-006 ratio2=  6.728000401295867E-007
 nchek0=           0 toler_force=  1.000000000000000E-005
 nchek=           0
                    conver_nodal_value check
               Convergence check for displacement
 ratio1=  4.361749016142949E-004 ratio2=  2.291768224611060E-003
                            not converged for checki=           1
 iiter=           2
Begin forming various matrix       at 2026-09-02 16:01:12 
 ktsmat=           0
Begin solution global equation     at 2026-09-02 16:01:12 
                     istep=         394 iiter=           2
                     conver_load check
 resid=  3.866380678599121E-002 retot=  2.468678870874169E+016
 ratio1=  1.251468739825067E-009 ratio2=  4.348620482339483E-010
 nchek0=           0 toler_force=  1.000000000000000E-005
 nchek=           0
                    conver_nodal_value check
               Convergence check for displacement
 ratio1=  3.496605586956129E-007 ratio2=  6.458659329760773E-007
 nchek=           0
 ngvar in output=           7 nstre=           4
 ***********RESTART FILE IS UPDATED!*******
 time: 16:00:59
 iblks=           1 iincs=           1 istep=         395
 outinp=           0
 iiter=           1
Begin forming various matrix       at 2026-09-02 16:01:12 
 ktsmat=           0
 ntelgroup=           0
Begin solution global equation     at 2026-09-02 16:01:12 
                     istep=         395 iiter=           1
                     conver_load check
 resid=   35504.2329681716      retot=  2.448881585677133E+016
 ratio1=  1.204082306120212E-006 ratio2=  6.510321185787522E-007
 nchek0=           0 toler_force=  1.000000000000000E-005
 nchek=           0
                    conver_nodal_value check
               Convergence check for displacement
 ratio1=  4.380052618317731E-004 ratio2=  1.974628785237377E-003
                            not converged for checki=           1
 iiter=           2
Begin forming various matrix       at 2026-09-02 16:01:12 
 ktsmat=           0
Begin solution global equation     at 2026-09-02 16:01:12 
                     istep=         395 iiter=           2
                     conver_load check
 resid=  8.485503680107047E-002 retot=  2.448881585677133E+016
 ratio1=  1.861465194754741E-009 ratio2=  5.639964628147723E-010
 nchek0=           0 toler_force=  1.000000000000000E-005
 nchek=           0
                    conver_nodal_value check
               Convergence check for displacement
 ratio1=  1.079378478904991E-006 ratio2=  2.932437078277760E-006
 nchek=           0
 ***********RESTART FILE IS UPDATED!*******
 time: 16:00:59
 iblks=           1 iincs=           1 istep=         396
 outinp=           0
 iiter=           1
Begin forming various matrix       at 2026-09-02 16:01:12 
 ktsmat=           0
 ntelgroup=           0
Begin solution global equation     at 2026-09-02 16:01:12 
                     istep=         396 iiter=           1
                     conver_load check
 resid=   85690.2800904487      retot=  2.423235243347108E+016
 ratio1=  1.880476856559406E-006 ratio2=  9.291957704395731E-007
 nchek0=           0 toler_force=  1.000000000000000E-005
 nchek=           0
                    conver_nodal_value check
               Convergence check for displacement
 ratio1=  5.912178981348184E-004 ratio2=  1.870253503782339E-003
                            not converged for checki=           1
 iiter=           2
Begin forming various matrix       at 2026-09-02 16:01:12 
 ktsmat=           0
Begin solution global equation     at 2026-09-02 16:01:12 
                     istep=         396 iiter=           2
                     conver_load check
 resid=  0.147733335195302      retot=  2.423235243347108E+016
 ratio1=  2.469115824603681E-009 ratio2=  7.761550081529679E-010
 nchek0=           0 toler_force=  1.000000000000000E-005
 nchek=           0
                    conver_nodal_value check
               Convergence check for displacement
 ratio1=  8.513500299719740E-007 ratio2=  1.582508129150411E-006
 nchek=           0
 ngvar in output=           7 nstre=           4
 ***********RESTART FILE IS UPDATED!*******
 time: 16:00:59
 iblks=           1 iincs=           1 istep=         397
 outinp=           0
 iiter=           1
Begin forming various matrix       at 2026-09-02 16:01:12 
 ktsmat=           0
 ntelgroup=           0
Begin solution global equation     at 2026-09-02 16:01:12 
                     istep=         397 iiter=           1
                     conver_load check
 resid=   19524.6523482249      retot=  2.401226713145492E+016
 ratio1=  9.017269958632631E-007 ratio2=  6.396460845256695E-007
 nchek0=           0 toler_force=  1.000000000000000E-005
 nchek=           0
                    conver_nodal_value check
               Convergence check for displacement
 ratio1=  3.520082305200685E-004 ratio2=  2.038855751754824E-003
                            not converged for checki=           1
 iiter=           2
Begin forming various matrix       at 2026-09-02 16:01:12 
 ktsmat=           0
Begin solution global equation     at 2026-09-02 16:01:12 
                     istep=         397 iiter=           2
                     conver_load check
 resid=  1.345874516442892E-002 retot=  2.401226713145492E+016
 ratio1=  7.486618480091927E-010 ratio2=  2.396697194454359E-010
 nchek0=           0 toler_force=  1.000000000000000E-005
 nchek=           0
                    conver_nodal_value check
               Convergence check for displacement
 ratio1=  4.532065517304223E-007 ratio2=  1.319136447230312E-006
 nchek=           0
 ***********RESTART FILE IS UPDATED!*******
 time: 16:00:59
 iblks=           1 iincs=           1 istep=         398
 outinp=           0
 iiter=           1
Begin forming various matrix       at 2026-09-02 16:01:12 
 ktsmat=           0
 ntelgroup=           0
Begin solution global equation     at 2026-09-02 16:01:12 
                     istep=         398 iiter=           1
                     conver_load check
 resid=   12526.0409087373      retot=  2.373207444174734E+016
 ratio1=  7.265057600015145E-007 ratio2=  6.294469800129850E-007
 nchek0=           0 toler_force=  1.000000000000000E-005
 nchek=           0
                    conver_nodal_value check
               Convergence check for displacement
 ratio1=  3.041099957878510E-004 ratio2=  1.955972848921033E-003
                            not converged for checki=           1
 iiter=           2
Begin forming various matrix       at 2026-09-02 16:01:12 
 ktsmat=           0
Begin solution global equation     at 2026-09-02 16:01:12 
                     istep=         398 iiter=           2
                     conver_load check
 resid=  7.417165881076832E-003 retot=  2.373207444174734E+016
 ratio1=  5.590506348313743E-010 ratio2=  1.474693813562227E-010
 nchek0=           0 toler_force=  1.000000000000000E-005
 nchek=           0
                    conver_nodal_value check
               Convergence check for displacement
 ratio1=  2.972124705411752E-007 ratio2=  8.438392933925133E-007
 nchek=           0
 ngvar in output=           7 nstre=           4
 ***********RESTART FILE IS UPDATED!*******
 time: 16:00:59
 iblks=           1 iincs=           1 istep=         399
 outinp=           0
 iiter=           1
Begin forming various matrix       at 2026-09-02 16:01:12 
 ktsmat=           0
 ntelgroup=           0
Begin solution global equation     at 2026-09-02 16:01:12 
                     istep=         399 iiter=           1
                     conver_load check
 resid=   29594.2788575913      retot=  2.332950376998924E+016
 ratio1=  1.126292339439962E-006 ratio2=  6.628638362647680E-007
 nchek0=           0 toler_force=  1.000000000000000E-005
 nchek=           0
                    conver_nodal_value check
               Convergence check for displacement
 ratio1=  3.878348998321004E-004 ratio2=  1.761103793420012E-003
                            not converged for checki=           1
 iiter=           2
Begin forming various matrix       at 2026-09-02 16:01:12 
 ktsmat=           0
Begin solution global equation     at 2026-09-02 16:01:12 
                     istep=         399 iiter=           2
                     conver_load check
 resid=  5.095169687074425E-002 retot=  2.332950376998924E+016
 ratio1=  1.477837135532504E-009 ratio2=  4.045994987611749E-010
 nchek0=           0 toler_force=  1.000000000000000E-005
 nchek=           0
                    conver_nodal_value check
               Convergence check for displacement
 ratio1=  7.311405938494691E-007 ratio2=  1.897965201917309E-006
 nchek=           0
 ***********RESTART FILE IS UPDATED!*******
 time: 16:00:59
 iblks=           1 iincs=           1 istep=         400
 outinp=           0
 iiter=           1
Begin forming various matrix       at 2026-09-02 16:01:12 
 ktsmat=           0
 ntelgroup=           0
Begin solution global equation     at 2026-09-02 16:01:12 
                     istep=         400 iiter=           1
                     conver_load check
 resid=   27601.2465815265      retot=  2.287083270440975E+016
 ratio1=  1.098558932978609E-006 ratio2=  5.751783126709925E-007
 nchek0=           0 toler_force=  1.000000000000000E-005
 nchek=           0
                    conver_nodal_value check
               Convergence check for displacement
 ratio1=  3.828572617133135E-004 ratio2=  1.758285763004449E-003
                            not converged for checki=           1
 iiter=           2
Begin forming various matrix       at 2026-09-02 16:01:12 
 ktsmat=           0
Begin solution global equation     at 2026-09-02 16:01:12 
                     istep=         400 iiter=           2
                     conver_load check
 resid=  4.986981897372128E-002 retot=  2.287083270440975E+016
 ratio1=  1.476651147794551E-009 ratio2=  4.440201426299717E-010
 nchek0=           0 toler_force=  1.000000000000000E-005
 nchek=           0
                    conver_nodal_value check
               Convergence check for displacement
 ratio1=  8.954791838062859E-007 ratio2=  2.457372316494429E-006
 nchek=           0
 ngvar in output=           7 nstre=           4
 ***********RESTART FILE IS UPDATED!*******
 time: 16:00:59
 iblks=           1 iincs=           1 istep=         401
 outinp=           0
 iiter=           1
Begin forming various matrix       at 2026-09-02 16:01:12 
 ktsmat=           0
 ntelgroup=           0
Begin solution global equation     at 2026-09-02 16:01:12 
                     istep=         401 iiter=           1
                     conver_load check
 resid=   14039.3956260388      retot=  2.244436961512348E+016
 ratio1=  7.908980417049412E-007 ratio2=  5.462728634891672E-007
 nchek0=           0 toler_force=  1.000000000000000E-005
 nchek=           0
                    conver_nodal_value check
               Convergence check for displacement
 ratio1=  3.069119322834325E-004 ratio2=  1.630689053183752E-003
                            not converged for checki=           1
 iiter=           2
Begin forming various matrix       at 2026-09-02 16:01:12 
 ktsmat=           0
Begin solution global equation     at 2026-09-02 16:01:12 
                     istep=         401 iiter=           2
                     conver_load check
 resid=  6.510343776498142E-003 retot=  2.244436961512348E+016
 ratio1=  5.385775606155542E-010 ratio2=  1.795088717529727E-010
 nchek0=           0 toler_force=  1.000000000000000E-005
 nchek=           0
                    conver_nodal_value check
               Convergence check for displacement
 ratio1=  5.019422260213569E-007 ratio2=  1.537179053159612E-006
 nchek=           0
 ***********RESTART FILE IS UPDATED!*******
 time: 16:00:59
 iblks=           1 iincs=           1 istep=         402
 outinp=           0
 iiter=           1
Begin forming various matrix       at 2026-09-02 16:01:12 
 ktsmat=           0
 ntelgroup=           0
Begin solution global equation     at 2026-09-02 16:01:12 
                     istep=         402 iiter=           1
                     conver_load check
 resid=   31180.9004600680      retot=  2.208994028787969E+016
 ratio1=  1.188083748899827E-006 ratio2=  5.398544753052253E-007
 nchek0=           0 toler_force=  1.000000000000000E-005
 nchek=           0
                    conver_nodal_value check
               Convergence check for displacement
 ratio1=  3.843588523242674E-004 ratio2=  1.593107059714052E-003
                            not converged for checki=           1
 iiter=           2
Begin forming various matrix       at 2026-09-02 16:01:12 
 ktsmat=           0
Begin solution global equation     at 2026-09-02 16:01:12 
                     istep=         402 iiter=           2
                     conver_load check
 resid=  6.726725195765548E-002 retot=  2.208994028787969E+016
 ratio1=  1.745036727978022E-009 ratio2=  4.715669680928619E-010
 nchek0=           0 toler_force=  1.000000000000000E-005
 nchek=           0
                    conver_nodal_value check
               Convergence check for displacement
 ratio1=  7.954927369403841E-007 ratio2=  1.982133702358804E-006
 nchek=           0
 ngvar in output=           7 nstre=           4
 ***********RESTART FILE IS UPDATED!*******
 time: 16:00:59
 iblks=           1 iincs=           1 istep=         403
 outinp=           0
 iiter=           1
Begin forming various matrix       at 2026-09-02 16:01:12 
 ktsmat=           0
 ntelgroup=           0
Begin solution global equation     at 2026-09-02 16:01:12 
                     istep=         403 iiter=           1
                     conver_load check
 resid=   88718.9739354711      retot=  2.170448399715640E+016
 ratio1=  2.021778261001420E-006 ratio2=  1.029590505557462E-006
 nchek0=           0 toler_force=  1.000000000000000E-005
 nchek=           0
                    conver_nodal_value check
               Convergence check for displacement
 ratio1=  5.731482661635479E-004 ratio2=  1.641778799612149E-003
                            not converged for checki=           1
 iiter=           2
Begin forming various matrix       at 2026-09-02 16:01:12 
 ktsmat=           0
Begin solution global equation     at 2026-09-02 16:01:12 
                     istep=         403 iiter=           2
                     conver_load check
 resid=  0.154139822141589      retot=  2.170448399715640E+016
 ratio1=  2.664910905507741E-009 ratio2=  8.724713699442602E-010
 nchek0=           0 toler_force=  1.000000000000000E-005
 nchek=           0
                    conver_nodal_value check
               Convergence check for displacement
 ratio1=  7.702985477066696E-007 ratio2=  1.129889603916868E-006
 nchek=           0
 ***********RESTART FILE IS UPDATED!*******
 time: 16:00:59
 iblks=           1 iincs=           1 istep=         404
 outinp=           0
 iiter=           1
Begin forming various matrix       at 2026-09-02 16:01:12 
 ktsmat=           0
 ntelgroup=           0
Begin solution global equation     at 2026-09-02 16:01:12 
                     istep=         404 iiter=           1
                     conver_load check
 resid=   24608.3130402704      retot=  2.123533458745263E+016
 ratio1=  1.076493389567459E-006 ratio2=  5.756475444331019E-007
 nchek0=           0 toler_force=  1.000000000000000E-005
 nchek=           0
                    conver_nodal_value check
               Convergence check for displacement
 ratio1=  3.455573483027081E-004 ratio2=  1.612723723356988E-003
                            not converged for checki=           1
 iiter=           2
Begin forming various matrix       at 2026-09-02 16:01:12 
 ktsmat=           0
Begin solution global equation     at 2026-09-02 16:01:12 
                     istep=         404 iiter=           2
                     conver_load check
 resid=  3.490876165562758E-002 retot=  2.123533458745263E+016
 ratio1=  1.282146547996281E-009 ratio2=  4.014795515805607E-010
 nchek0=           0 toler_force=  1.000000000000000E-005
 nchek=           0
                    conver_nodal_value check
               Convergence check for displacement
 ratio1=  4.592771052640169E-007 ratio2=  1.013569715094212E-006
 nchek=           0
 ngvar in output=           7 nstre=           4
 ***********RESTART FILE IS UPDATED!*******
 time: 16:00:59
 iblks=           1 iincs=           1 istep=         405
 outinp=           0
 iiter=           1
Begin forming various matrix       at 2026-09-02 16:01:12 
 ktsmat=           0
 ntelgroup=           0
Begin solution global equation     at 2026-09-02 16:01:12 
                     istep=         405 iiter=           1
                     conver_load check
 resid=   8763.02736691387      retot=  2.080872413610672E+016
 ratio1=  6.489397208371020E-007 ratio2=  6.035941309005869E-007
 nchek0=           0 toler_force=  1.000000000000000E-005
 nchek=           0
                    conver_nodal_value check
               Convergence check for displacement
 ratio1=  2.665030100750466E-004 ratio2=  1.659123752543893E-003
                            not converged for checki=           1
 iiter=           2
Begin forming various matrix       at 2026-09-02 16:01:12 
 ktsmat=           0
Begin solution global equation     at 2026-09-02 16:01:12 
                     istep=         405 iiter=           2
                     conver_load check
 resid=  7.259427091748251E-003 retot=  2.080872413610672E+016
 ratio1=  5.906476053691857E-010 ratio2=  1.986307873328164E-010
 nchek0=           0 toler_force=  1.000000000000000E-005
 nchek=           0
                    conver_nodal_value check
               Convergence check for displacement
 ratio1=  5.402790246036607E-007 ratio2=  1.653520572934283E-006
 nchek=           0
 ***********RESTART FILE IS UPDATED!*******
 time: 16:00:59
 iblks=           1 iincs=           1 istep=         406
 outinp=           0
 iiter=           1
Begin forming various matrix       at 2026-09-02 16:01:12 
 ktsmat=           0
 ntelgroup=           0
Begin solution global equation     at 2026-09-02 16:01:12 
                     istep=         406 iiter=           1
                     conver_load check
 resid=   9608.16011752897      retot=  2.037128860445786E+016
 ratio1=  6.867692874803593E-007 ratio2=  5.742357104275602E-007
 nchek0=           0 toler_force=  1.000000000000000E-005
 nchek=           0
                    conver_nodal_value check
               Convergence check for displacement
 ratio1=  2.802396037397192E-004 ratio2=  1.576797532058540E-003
                            not converged for checki=           1
 iiter=           2
Begin forming various matrix       at 2026-09-02 16:01:12 
 ktsmat=           0
Begin solution global equation     at 2026-09-02 16:01:12 
                     istep=         406 iiter=           2
                     conver_load check
 resid=  1.378540297447034E-002 retot=  2.037128860445786E+016
 ratio1=  8.226223071954399E-010 ratio2=  2.996667863582908E-010
 nchek0=           0 toler_force=  1.000000000000000E-005
 nchek=           0
                    conver_nodal_value check
               Convergence check for displacement
 ratio1=  7.281106369406143E-007 ratio2=  2.151901455617737E-006
 nchek=           0
 ngvar in output=           7 nstre=           4
 ***********RESTART FILE IS UPDATED!*******
 time: 16:00:59
 iblks=           1 iincs=           1 istep=         407
 outinp=           0
 iiter=           1
Begin forming various matrix       at 2026-09-02 16:01:12 
 ktsmat=           0
 ntelgroup=           0
Begin solution global equation     at 2026-09-02 16:01:12 
                     istep=         407 iiter=           1
                     conver_load check
 resid=   8146.31767386798      retot=  1.993878426768060E+016
 ratio1=  6.391920042665759E-007 ratio2=  5.402514895037359E-007
 nchek0=           0 toler_force=  1.000000000000000E-005
 nchek=           0
                    conver_nodal_value check
               Convergence check for displacement
 ratio1=  2.438269034911260E-004 ratio2=  1.491445953480720E-003
                            not converged for checki=           1
 iiter=           2
Begin forming various matrix       at 2026-09-02 16:01:12 
 ktsmat=           0
Begin solution global equation     at 2026-09-02 16:01:12 
                     istep=         407 iiter=           2
                     conver_load check
 resid=  4.228353763520626E-003 retot=  1.993878426768060E+016
 ratio1=  4.605070893438174E-010 ratio2=  1.459589320144820E-010
 nchek0=           0 toler_force=  1.000000000000000E-005
 nchek=           0
                    conver_nodal_value check
               Convergence check for displacement
 ratio1=  1.261334214836158E-007 ratio2=  2.014709802881376E-007
 nchek=           0
 ***********RESTART FILE IS UPDATED!*******
 time: 16:00:59
 iblks=           1 iincs=           1 istep=         408
 outinp=           0
 iiter=           1
Begin forming various matrix       at 2026-09-02 16:01:12 
 ktsmat=           0
 ntelgroup=           0
Begin solution global equation     at 2026-09-02 16:01:12 
                     istep=         408 iiter=           1
                     conver_load check
 resid=   8227.27840543625      retot=  1.948424556476852E+016
 ratio1=  6.498098641343529E-007 ratio2=  5.878961602754893E-007
 nchek0=           0 toler_force=  1.000000000000000E-005
 nchek=           0
                    conver_nodal_value check
               Convergence check for displacement
 ratio1=  2.687409291805567E-004 ratio2=  1.623717120448821E-003
                            not converged for checki=           1
 iiter=           2
Begin forming various matrix       at 2026-09-02 16:01:12 
 ktsmat=           0
Begin solution global equation     at 2026-09-02 16:01:12 
                     istep=         408 iiter=           2
                     conver_load check
 resid=  1.735175947319237E-002 retot=  1.948424556476852E+016
 ratio1=  9.436913238736231E-010 ratio2=  3.352236606783376E-010
 nchek0=           0 toler_force=  1.000000000000000E-005
 nchek=           0
                    conver_nodal_value check
               Convergence check for displacement
 ratio1=  8.216281646923550E-007 ratio2=  2.428166257231625E-006
 nchek=           0
 ngvar in output=           7 nstre=           4
 ***********RESTART FILE IS UPDATED!*******
 time: 16:00:59
 iblks=           1 iincs=           1 istep=         409
 outinp=           0
 iiter=           1
Begin forming various matrix       at 2026-09-02 16:01:12 
 ktsmat=           0
 ntelgroup=           0
Begin solution global equation     at 2026-09-02 16:01:12 
                     istep=         409 iiter=           1
                     conver_load check
 resid=   17957.0589185292      retot=  1.894081881774061E+016
 ratio1=  9.736844380236472E-007 ratio2=  5.718806942405780E-007
 nchek0=           0 toler_force=  1.000000000000000E-005
 nchek=           0
                    conver_nodal_value check
               Convergence check for displacement
 ratio1=  3.106570158199772E-004 ratio2=  1.554070903937867E-003
                            not converged for checki=           1
 iiter=           2
Begin forming various matrix       at 2026-09-02 16:01:12 
 ktsmat=           0
Begin solution global equation     at 2026-09-02 16:01:12 
                     istep=         409 iiter=           2
                     conver_load check
 resid=  1.890658802858466E-002 retot=  1.894081881774061E+016
 ratio1=  9.990959665109379E-010 ratio2=  3.008618193895015E-010
 nchek0=           0 toler_force=  1.000000000000000E-005
 nchek=           0
                    conver_nodal_value check
               Convergence check for displacement
 ratio1=  4.129086173881141E-007 ratio2=  1.051321730738362E-006
 nchek=           0
 ***********RESTART FILE IS UPDATED!*******
 time: 16:00:59
 iblks=           1 iincs=           1 istep=         410
 outinp=           0
 iiter=           1
Begin forming various matrix       at 2026-09-02 16:01:12 
 ktsmat=           0
 ntelgroup=           0
Begin solution global equation     at 2026-09-02 16:01:12 
                     istep=         410 iiter=           1
                     conver_load check
 resid=   59120.3632542065      retot=  1.842198651729420E+016
 ratio1=  1.791431955432290E-006 ratio2=  8.494054141899491E-007
 nchek0=           0 toler_force=  1.000000000000000E-005
 nchek=           0
                    conver_nodal_value check
               Convergence check for displacement
 ratio1=  4.886391570164658E-004 ratio2=  1.503147659984377E-003
                            not converged for checki=           1
 iiter=           2
Begin forming various matrix       at 2026-09-02 16:01:12 
 ktsmat=           0
Begin solution global equation     at 2026-09-02 16:01:12 
                     istep=         410 iiter=           2
                     conver_load check
 resid=  0.121931732448665      retot=  1.842198651729420E+016
 ratio1=  2.572705898129425E-009 ratio2=  7.572580967638560E-010
 nchek0=           0 toler_force=  1.000000000000000E-005
 nchek=           0
                    conver_nodal_value check
               Convergence check for displacement
 ratio1=  8.271167611000271E-007 ratio2=  1.627034789974546E-006
 nchek=           0
 ngvar in output=           7 nstre=           4
 ***********RESTART FILE IS UPDATED!*******
 time: 16:00:59
 iblks=           1 iincs=           1 istep=         411
 outinp=           0
 iiter=           1
Begin forming various matrix       at 2026-09-02 16:01:12 
 ktsmat=           0
 ntelgroup=           0
Begin solution global equation     at 2026-09-02 16:01:12 
                     istep=         411 iiter=           1
                     conver_load check
 resid=   21486.0529336663      retot=  1.793858095064708E+016
 ratio1=  1.094420648427334E-006 ratio2=  5.497027864948758E-007
 nchek0=           0 toler_force=  1.000000000000000E-005
 nchek=           0
                    conver_nodal_value check
               Convergence check for displacement
 ratio1=  3.288468955101331E-004 ratio2=  1.548275256505590E-003
                            not converged for checki=           1
 iiter=           2
Begin forming various matrix       at 2026-09-02 16:01:12 
 ktsmat=           0
Begin solution global equation     at 2026-09-02 16:01:12 
                     istep=         411 iiter=           2
                     conver_load check
 resid=  2.334161630585786E-002 retot=  1.793858095064708E+016
 ratio1=  1.140699944711040E-009 ratio2=  3.487754554642543E-010
 nchek0=           0 toler_force=  1.000000000000000E-005
 nchek=           0
                    conver_nodal_value check
               Convergence check for displacement
 ratio1=  3.586764330596973E-007 ratio2=  7.483123842774788E-007
 nchek=           0
 ***********RESTART FILE IS UPDATED!*******
 time: 16:00:59
 iblks=           1 iincs=           1 istep=         412
 outinp=           0
 iiter=           1
Begin forming various matrix       at 2026-09-02 16:01:12 
 ktsmat=           0
 ntelgroup=           0
Begin solution global equation     at 2026-09-02 16:01:12 
                     istep=         412 iiter=           1
                     conver_load check
 resid=   11041.0634083283      retot=  1.743035355020969E+016
 ratio1=  7.958887279222712E-007 ratio2=  5.796687520163153E-007
 nchek0=           0 toler_force=  1.000000000000000E-005
 nchek=           0
                    conver_nodal_value check
               Convergence check for displacement
 ratio1=  2.844709888238930E-004 ratio2=  1.644308886840188E-003
                            not converged for checki=           1
 iiter=           2
Begin forming various matrix       at 2026-09-02 16:01:12 
 ktsmat=           0
Begin solution global equation     at 2026-09-02 16:01:12 
                     istep=         412 iiter=           2
                     conver_load check
 resid=  1.384771764995903E-002 retot=  1.743035355020969E+016
 ratio1=  8.913248234057539E-010 ratio2=  2.899755517636788E-010
 nchek0=           0 toler_force=  1.000000000000000E-005
 nchek=           0
                    conver_nodal_value check
               Convergence check for displacement
 ratio1=  7.386609096856674E-007 ratio2=  2.163136911717556E-006
 nchek=           0
 ngvar in output=           7 nstre=           4
 ***********RESTART FILE IS UPDATED!*******
 time: 16:00:59
 iblks=           1 iincs=           1 istep=         413
 outinp=           0
 iiter=           1
Begin forming various matrix       at 2026-09-02 16:01:12 
 ktsmat=           0
 ntelgroup=           0
Begin solution global equation     at 2026-09-02 16:01:12 
                     istep=         413 iiter=           1
                     conver_load check
 resid=   14964.1081783637      retot=  1.696798745804529E+016
 ratio1=  9.390965656871897E-007 ratio2=  5.625259114366140E-007
 nchek0=           0 toler_force=  1.000000000000000E-005
 nchek=           0
                    conver_nodal_value check
               Convergence check for displacement
 ratio1=  3.075681801602471E-004 ratio2=  1.579169116010838E-003
                            not converged for checki=           1
 iiter=           2
Begin forming various matrix       at 2026-09-02 16:01:12 
 ktsmat=           0
Begin solution global equation     at 2026-09-02 16:01:12 
                     istep=         413 iiter=           2
                     conver_load check
 resid=  3.725770953633837E-002 retot=  1.696798745804529E+016
 ratio1=  1.481811323010279E-009 ratio2=  4.180743347426993E-010
 nchek0=           0 toler_force=  1.000000000000000E-005
 nchek=           0
                    conver_nodal_value check
               Convergence check for displacement
 ratio1=  6.416382822969369E-007 ratio2=  1.716494328383210E-006
 nchek=           0
 ***********RESTART FILE IS UPDATED!*******
 time: 16:00:59
 iblks=           1 iincs=           1 istep=         414
 outinp=           0
 iiter=           1
Begin forming various matrix       at 2026-09-02 16:01:12 
 ktsmat=           0
 ntelgroup=           0
Begin solution global equation     at 2026-09-02 16:01:12 
                     istep=         414 iiter=           1
                     conver_load check
 resid=   9027.17348191009      retot=  1.652003304288043E+016
 ratio1=  7.392144342365152E-007 ratio2=  5.958966060018341E-007
 nchek0=           0 toler_force=  1.000000000000000E-005
 nchek=           0
                    conver_nodal_value check
               Convergence check for displacement
 ratio1=  2.652180109431545E-004 ratio2=  1.657288532872830E-003
                            not converged for checki=           1
 iiter=           2
Begin forming various matrix       at 2026-09-02 16:01:12 
 ktsmat=           0
Begin solution global equation     at 2026-09-02 16:01:12 
                     istep=         414 iiter=           2
                     conver_load check
 resid=  7.306467704069525E-003 retot=  1.652003304288043E+016
 ratio1=  6.650407827565027E-010 ratio2=  1.875644233162169E-010
 nchek0=           0 toler_force=  1.000000000000000E-005
 nchek=           0
                    conver_nodal_value check
               Convergence check for displacement
 ratio1=  2.313461828757870E-007 ratio2=  5.971394242660221E-007
 nchek=           0
 ngvar in output=           7 nstre=           4
 ***********RESTART FILE IS UPDATED!*******
 time: 16:00:59
 iblks=           1 iincs=           1 istep=         415
 outinp=           0
 iiter=           1
Begin forming various matrix       at 2026-09-02 16:01:12 
 ktsmat=           0
 ntelgroup=           0
Begin solution global equation     at 2026-09-02 16:01:12 
                     istep=         415 iiter=           1
                     conver_load check
 resid=   7939.23134892899      retot=  1.603786105166980E+016
 ratio1=  7.035840821861653E-007 ratio2=  5.513726725948861E-007
 nchek0=           0 toler_force=  1.000000000000000E-005
 nchek=           0
                    conver_nodal_value check
               Convergence check for displacement
 ratio1=  2.704350398335209E-004 ratio2=  1.322731519351767E-003
                            not converged for checki=           1
 iiter=           2
Begin forming various matrix       at 2026-09-02 16:01:12 
 ktsmat=           0
Begin solution global equation     at 2026-09-02 16:01:12 
                     istep=         415 iiter=           2
                     conver_load check
 resid=  8.852521080418478E-003 retot=  1.603786105166980E+016
 ratio1=  7.429511538777340E-010 ratio2=  2.803333120995613E-010
 nchek0=           0 toler_force=  1.000000000000000E-005
 nchek=           0
                    conver_nodal_value check
               Convergence check for displacement
 ratio1=  6.852058458131931E-007 ratio2=  2.001104922521421E-006
 nchek=           0
 ***********RESTART FILE IS UPDATED!*******
 time: 16:00:59
 iblks=           1 iincs=           1 istep=         416
 outinp=           0
 iiter=           1
Begin forming various matrix       at 2026-09-02 16:01:12 
 ktsmat=           0
 ntelgroup=           0
Begin solution global equation     at 2026-09-02 16:01:12 
                     istep=         416 iiter=           1
                     conver_load check
 resid=   7318.72888721551      retot=  1.551990062428232E+016
 ratio1=  6.867099842297962E-007 ratio2=  4.954951553574360E-007
 nchek0=           0 toler_force=  1.000000000000000E-005
 nchek=           0
                    conver_nodal_value check
               Convergence check for displacement
 ratio1=  2.491292923068792E-004 ratio2=  1.348532904884645E-003
                            not converged for checki=           1
 iiter=           2
Begin forming various matrix       at 2026-09-02 16:01:12 
 ktsmat=           0
Begin solution global equation     at 2026-09-02 16:01:12 
                     istep=         416 iiter=           2
                     conver_load check
 resid=  1.039233266126970E-003 retot=  1.551990062428232E+016
 ratio1=  2.587688835255069E-010 ratio2=  6.751173076682220E-011
 nchek0=           0 toler_force=  1.000000000000000E-005
 nchek=           0
                    conver_nodal_value check
               Convergence check for displacement
 ratio1=  1.989652070568995E-007 ratio2=  6.364757117433344E-007
 nchek=           0
 ngvar in output=           7 nstre=           4
 ***********RESTART FILE IS UPDATED!*******
 time: 16:00:59
 iblks=           1 iincs=           1 istep=         417
 outinp=           0
 iiter=           1
Begin forming various matrix       at 2026-09-02 16:01:12 
 ktsmat=           0
 ntelgroup=           0
Begin solution global equation     at 2026-09-02 16:01:12 
                     istep=         417 iiter=           1
                     conver_load check
 resid=   14928.5065145735      retot=  1.494917780717923E+016
 ratio1=  9.993083752252338E-007 ratio2=  5.932711967292252E-007
 nchek0=           0 toler_force=  1.000000000000000E-005
 nchek=           0
                    conver_nodal_value check
               Convergence check for displacement
 ratio1=  3.141551427174062E-004 ratio2=  1.584414886876106E-003
                            not converged for checki=           1
 iiter=           2
Begin forming various matrix       at 2026-09-02 16:01:12 
 ktsmat=           0
Begin solution global equation     at 2026-09-02 16:01:12 
                     istep=         417 iiter=           2
                     conver_load check
 resid=  2.359477350058094E-002 retot=  1.494917780717923E+016
 ratio1=  1.256317046511124E-009 ratio2=  3.655295509256587E-010
 nchek0=           0 toler_force=  1.000000000000000E-005
 nchek=           0
                    conver_nodal_value check
               Convergence check for displacement
 ratio1=  6.536240488346616E-007 ratio2=  1.729025137448990E-006
 nchek=           0
 ***********RESTART FILE IS UPDATED!*******
 time: 16:00:59
 iblks=           1 iincs=           1 istep=         418
 outinp=           0
 iiter=           1
Begin forming various matrix       at 2026-09-02 16:01:12 
 ktsmat=           0
 ntelgroup=           0
Begin solution global equation     at 2026-09-02 16:01:12 
                     istep=         418 iiter=           1
                     conver_load check
 resid=   16502.6756799863      retot=  1.435715448513109E+016
 ratio1=  1.072119007466815E-006 ratio2=  6.734048137022189E-007
 nchek0=           0 toler_force=  1.000000000000000E-005
 nchek=           0
                    conver_nodal_value check
               Convergence check for displacement
 ratio1=  3.174813727239526E-004 ratio2=  1.527976595978758E-003
                            not converged for checki=           1
 iiter=           2
Begin forming various matrix       at 2026-09-02 16:01:12 
 ktsmat=           0
Begin solution global equation     at 2026-09-02 16:01:12 
                     istep=         418 iiter=           2
                     conver_load check
 resid=  1.413179589477118E-002 retot=  1.435715448513109E+016
 ratio1=  9.921206552021828E-010 ratio2=  3.013286194932720E-010
 nchek0=           0 toler_force=  1.000000000000000E-005
 nchek=           0
                    conver_nodal_value check
               Convergence check for displacement
 ratio1=  3.025444364105051E-007 ratio2=  6.452751674503058E-007
 nchek=           0
 ngvar in output=           7 nstre=           4
 ***********RESTART FILE IS UPDATED!*******
 time: 16:00:59
 iblks=           1 iincs=           1 istep=         419
 outinp=           0
 iiter=           1
Begin forming various matrix       at 2026-09-02 16:01:12 
 ktsmat=           0
 ntelgroup=           0
Begin solution global equation     at 2026-09-02 16:01:12 
                     istep=         419 iiter=           1
                     conver_load check
 resid=   10790.4694185498      retot=  1.375470381615786E+016
 ratio1=  8.857161173571215E-007 ratio2=  6.058589470262919E-007
 nchek0=           0 toler_force=  1.000000000000000E-005
 nchek=           0
                    conver_nodal_value check
               Convergence check for displacement
 ratio1=  2.960849293216569E-004 ratio2=  1.344028727183384E-003
                            not converged for checki=           1
 iiter=           2
Begin forming various matrix       at 2026-09-02 16:01:12 
 ktsmat=           0
Begin solution global equation     at 2026-09-02 16:01:12 
                     istep=         419 iiter=           2
                     conver_load check
 resid=  1.230747410023488E-002 retot=  1.375470381615786E+016
 ratio1=  9.459296612658177E-010 ratio2=  3.194571218377139E-010
 nchek0=           0 toler_force=  1.000000000000000E-005
 nchek=           0
                    conver_nodal_value check
               Convergence check for displacement
 ratio1=  7.347494769439641E-007 ratio2=  2.090641246706387E-006
 nchek=           0
 ***********RESTART FILE IS UPDATED!*******
 time: 16:00:59
 iblks=           1 iincs=           1 istep=         420
 outinp=           0
 iiter=           1
Begin forming various matrix       at 2026-09-02 16:01:12 
 ktsmat=           0
 ntelgroup=           0
Begin solution global equation     at 2026-09-02 16:01:12 
                     istep=         420 iiter=           1
                     conver_load check
 resid=   38378.8413257266      retot=  1.316889358678681E+016
 ratio1=  1.707148439368514E-006 ratio2=  8.077073075924083E-007
 nchek0=           0 toler_force=  1.000000000000000E-005
 nchek=           0
                    conver_nodal_value check
               Convergence check for displacement
 ratio1=  4.467109627511158E-004 ratio2=  1.528407800386478E-003
                            not converged for checki=           1
 iiter=           2
Begin forming various matrix       at 2026-09-02 16:01:12 
 ktsmat=           0
Begin solution global equation     at 2026-09-02 16:01:12 
                     istep=         420 iiter=           2
                     conver_load check
 resid=  6.760082348992447E-002 retot=  1.316889358678681E+016
 ratio1=  2.265694492933455E-009 ratio2=  6.669264861557319E-010
 nchek0=           0 toler_force=  1.000000000000000E-005
 nchek=           0
                    conver_nodal_value check
               Convergence check for displacement
 ratio1=  6.778336629547174E-007 ratio2=  1.299870235478823E-006
 nchek=           0
 ngvar in output=           7 nstre=           4
 ***********RESTART FILE IS UPDATED!*******
 time: 16:00:59
 iblks=           1 iincs=           1 istep=         421
 outinp=           0
 iiter=           1
Begin forming various matrix       at 2026-09-02 16:01:12 
 ktsmat=           0
 ntelgroup=           0
Begin solution global equation     at 2026-09-02 16:01:12 
                     istep=         421 iiter=           1
                     conver_load check
 resid=   34643.6631931710      retot=  1.259902676983612E+016
 ratio1=  1.658224794087801E-006 ratio2=  7.908455248438274E-007
 nchek0=           0 toler_force=  1.000000000000000E-005
 nchek=           0
                    conver_nodal_value check
               Convergence check for displacement
 ratio1=  4.332570496952820E-004 ratio2=  1.634852795949256E-003
                            not converged for checki=           1
 iiter=           2
Begin forming various matrix       at 2026-09-02 16:01:12 
 ktsmat=           0
Begin solution global equation     at 2026-09-02 16:01:12 
                     istep=         421 iiter=           2
                     conver_load check
 resid=  3.843329171938602E-002 retot=  1.259902676983612E+016
 ratio1=  1.746567167171309E-009 ratio2=  5.966441624975677E-010
 nchek0=           0 toler_force=  1.000000000000000E-005
 nchek=           0
                    conver_nodal_value check
               Convergence check for displacement
 ratio1=  4.186929341365641E-007 ratio2=  6.341501777072156E-007
 nchek=           0
 ***********RESTART FILE IS UPDATED!*******
 time: 16:00:59
 iblks=           1 iincs=           1 istep=         422
 outinp=           0
 iiter=           1
Begin forming various matrix       at 2026-09-02 16:01:12 
 ktsmat=           0
 ntelgroup=           0
Begin solution global equation     at 2026-09-02 16:01:12 
                     istep=         422 iiter=           1
                     conver_load check
 resid=   14476.3234745443      retot=  1.204250782276407E+016
 ratio1=  1.096404150438560E-006 ratio2=  6.154216276966056E-007
 nchek0=           0 toler_force=  1.000000000000000E-005
 nchek=           0
                    conver_nodal_value check
               Convergence check for displacement
 ratio1=  3.279933423360054E-004 ratio2=  1.454632423466618E-003
                            not converged for checki=           1
 iiter=           2
Begin forming various matrix       at 2026-09-02 16:01:13 
 ktsmat=           0
Begin solution global equation     at 2026-09-02 16:01:13 
                     istep=         422 iiter=           2
                     conver_load check
 resid=  1.727583787023967E-002 retot=  1.204250782276407E+016
 ratio1=  1.197735967058867E-009 ratio2=  3.235801872280755E-010
 nchek0=           0 toler_force=  1.000000000000000E-005
 nchek=           0
                    conver_nodal_value check
               Convergence check for displacement
 ratio1=  4.774324361180531E-007 ratio2=  1.170587344908044E-006
 nchek=           0
 ngvar in output=           7 nstre=           4
 ***********RESTART FILE IS UPDATED!*******
 time: 16:00:59
 iblks=           1 iincs=           1 istep=         423
 outinp=           0
 iiter=           1
Begin forming various matrix       at 2026-09-02 16:01:13 
 ktsmat=           0
 ntelgroup=           0
Begin solution global equation     at 2026-09-02 16:01:13 
                     istep=         423 iiter=           1
                     conver_load check
 resid=   75591.5986338978      retot=  1.147156663823697E+016
 ratio1=  2.566997223167401E-006 ratio2=  1.210980954809806E-006
 nchek0=           0 toler_force=  1.000000000000000E-005
 nchek=           0
                    conver_nodal_value check
               Convergence check for displacement
 ratio1=  6.093202503562450E-004 ratio2=  1.406196421044356E-003
                            not converged for checki=           1
 iiter=           2
Begin forming various matrix       at 2026-09-02 16:01:13 
 ktsmat=           0
Begin solution global equation     at 2026-09-02 16:01:13 
                     istep=         423 iiter=           2
                     conver_load check
 resid=  0.152317655116947      retot=  1.147156663823697E+016
 ratio1=  3.643877399936665E-009 ratio2=  1.129173347466923E-009
 nchek0=           0 toler_force=  1.000000000000000E-005
 nchek=           0
                    conver_nodal_value check
               Convergence check for displacement
 ratio1=  7.886238367169227E-007 ratio2=  1.184603175737673E-006
 nchek=           0
 ***********RESTART FILE IS UPDATED!*******
 time: 16:00:59
 iblks=           1 iincs=           1 istep=         424
 outinp=           0
 iiter=           1
Begin forming various matrix       at 2026-09-02 16:01:13 
 ktsmat=           0
 ntelgroup=           0
Begin solution global equation     at 2026-09-02 16:01:13 
                     istep=         424 iiter=           1
                     conver_load check
 resid=   65345.3599876320      retot=  1.090875302406383E+016
 ratio1=  2.447483782319005E-006 ratio2=  1.208303342901345E-006
 nchek0=           0 toler_force=  1.000000000000000E-005
 nchek=           0
                    conver_nodal_value check
               Convergence check for displacement
 ratio1=  5.848653165876588E-004 ratio2=  1.378041796646907E-003
                            not converged for checki=           1
 iiter=           2
Begin forming various matrix       at 2026-09-02 16:01:13 
 ktsmat=           0
Begin solution global equation     at 2026-09-02 16:01:13 
                     istep=         424 iiter=           2
                     conver_load check
 resid=  0.140775055349679      retot=  1.090875302406383E+016
 ratio1=  3.592322336707547E-009 ratio2=  1.062599840370155E-009
 nchek0=           0 toler_force=  1.000000000000000E-005
 nchek=           0
                    conver_nodal_value check
               Convergence check for displacement
 ratio1=  9.357366288411320E-007 ratio2=  1.499891246163417E-006
 nchek=           0
 ngvar in output=           7 nstre=           4
 ***********RESTART FILE IS UPDATED!*******
 time: 16:00:59
 iblks=           1 iincs=           1 istep=         425
 outinp=           0
 iiter=           1
Begin forming various matrix       at 2026-09-02 16:01:13 
 ktsmat=           0
 ntelgroup=           0
Begin solution global equation     at 2026-09-02 16:01:13 
                     istep=         425 iiter=           1
                     conver_load check
 resid=   36484.5375392801      retot=  1.037906361388938E+016
 ratio1=  1.874888028218054E-006 ratio2=  8.564385451986514E-007
 nchek0=           0 toler_force=  1.000000000000000E-005
 nchek=           0
                    conver_nodal_value check
               Convergence check for displacement
 ratio1=  4.611402058309767E-004 ratio2=  1.492153977892508E-003
                            not converged for checki=           1
 iiter=           2
Begin forming various matrix       at 2026-09-02 16:01:13 
 ktsmat=           0
Begin solution global equation     at 2026-09-02 16:01:13 
                     istep=         425 iiter=           2
                     conver_load check
 resid=  4.663209028705081E-002 retot=  1.037906361388938E+016
 ratio1=  2.119646091805826E-009 ratio2=  6.878292994467736E-010
 nchek0=           0 toler_force=  1.000000000000000E-005
 nchek=           0
                    conver_nodal_value check
               Convergence check for displacement
 ratio1=  4.423919047167564E-007 ratio2=  7.165713889001793E-007
 nchek=           0
 ***********RESTART FILE IS UPDATED!*******
 time: 16:00:59
 iblks=           1 iincs=           1 istep=         426
 outinp=           0
 iiter=           1
Begin forming various matrix       at 2026-09-02 16:01:13 
 ktsmat=           0
 ntelgroup=           0
Begin solution global equation     at 2026-09-02 16:01:13 
                     istep=         426 iiter=           1
                     conver_load check
 resid=   34017.6754873368      retot=  9.877174389871450E+015
 ratio1=  1.855820450105139E-006 ratio2=  8.601297040790192E-007
 nchek0=           0 toler_force=  1.000000000000000E-005
 nchek=           0
                    conver_nodal_value check
               Convergence check for displacement
 ratio1=  4.612197303048338E-004 ratio2=  1.786019499949130E-003
                            not converged for checki=           1
 iiter=           2
Begin forming various matrix       at 2026-09-02 16:01:13 
 ktsmat=           0
Begin solution global equation     at 2026-09-02 16:01:13 
                     istep=         426 iiter=           2
                     conver_load check
 resid=  7.124526851601072E-002 retot=  9.877174389871450E+015
 ratio1=  2.685725687484212E-009 ratio2=  7.374354210406805E-010
 nchek0=           0 toler_force=  1.000000000000000E-005
 nchek=           0
                    conver_nodal_value check
               Convergence check for displacement
 ratio1=  8.661773335050789E-007 ratio2=  1.858263487592676E-006
 nchek=           0
 ngvar in output=           7 nstre=           4
 ***********RESTART FILE IS UPDATED!*******
 time: 16:00:59
 iblks=           1 iincs=           1 istep=         427
 outinp=           0
 iiter=           1
Begin forming various matrix       at 2026-09-02 16:01:13 
 ktsmat=           0
 ntelgroup=           0
Begin solution global equation     at 2026-09-02 16:01:13 
                     istep=         427 iiter=           1
                     conver_load check
 resid=   21786.8835397250      retot=  9.417329611617386E+015
 ratio1=  1.521015607056152E-006 ratio2=  7.179537065233011E-007
 nchek0=           0 toler_force=  1.000000000000000E-005
 nchek=           0
                    conver_nodal_value check
               Convergence check for displacement
 ratio1=  3.945129797969225E-004 ratio2=  1.675515966571112E-003
                            not converged for checki=           1
 iiter=           2
Begin forming various matrix       at 2026-09-02 16:01:13 
 ktsmat=           0
Begin solution global equation     at 2026-09-02 16:01:13 
                     istep=         427 iiter=           2
                     conver_load check
 resid=  1.923311253925014E-002 retot=  9.417329611617386E+015
 ratio1=  1.429094345296247E-009 ratio2=  4.861785380253412E-010
 nchek0=           0 toler_force=  1.000000000000000E-005
 nchek=           0
                    conver_nodal_value check
               Convergence check for displacement
 ratio1=  3.763491722355438E-007 ratio2=  7.312010030718476E-007
 nchek=           0
 ***********RESTART FILE IS UPDATED!*******
 time: 16:00:59
 iblks=           1 iincs=           1 istep=         428
 outinp=           0
 iiter=           1
Begin forming various matrix       at 2026-09-02 16:01:13 
 ktsmat=           0
 ntelgroup=           0
Begin solution global equation     at 2026-09-02 16:01:13 
                     istep=         428 iiter=           1
                     conver_load check
 resid=   39592.7080577070      retot=  9.009045010791006E+015
 ratio1=  2.096371396490409E-006 ratio2=  9.440478237432495E-007
 nchek0=           0 toler_force=  1.000000000000000E-005
 nchek=           0
                    conver_nodal_value check
               Convergence check for displacement
 ratio1=  5.069712792674715E-004 ratio2=  1.724929097756693E-003
                            not converged for checki=           1
 iiter=           2
Begin forming various matrix       at 2026-09-02 16:01:13 
 ktsmat=           0
Begin solution global equation     at 2026-09-02 16:01:13 
                     istep=         428 iiter=           2
                     conver_load check
 resid=  7.298940508660900E-002 retot=  9.009045010791006E+015
 ratio1=  2.846364626721577E-009 ratio2=  8.338573188805600E-010
 nchek0=           0 toler_force=  1.000000000000000E-005
 nchek=           0
                    conver_nodal_value check
               Convergence check for displacement
 ratio1=  7.576350973946671E-007 ratio2=  1.330593025176811E-006
 nchek=           0
 ngvar in output=           7 nstre=           4
 ***********RESTART FILE IS UPDATED!*******
 time: 16:00:59
 iblks=           1 iincs=           1 istep=         429
 outinp=           0
 iiter=           1
Begin forming various matrix       at 2026-09-02 16:01:13 
 ktsmat=           0
 ntelgroup=           0
Begin solution global equation     at 2026-09-02 16:01:13 
                     istep=         429 iiter=           1
                     conver_load check
 resid=   35339.2006706369      retot=  8.626744672356069E+015
 ratio1=  2.023973811845416E-006 ratio2=  9.585955721699134E-007
 nchek0=           0 toler_force=  1.000000000000000E-005
 nchek=           0
                    conver_nodal_value check
               Convergence check for displacement
 ratio1=  4.906504346577456E-004 ratio2=  1.726140637128455E-003
                            not converged for checki=           1
 iiter=           2
Begin forming various matrix       at 2026-09-02 16:01:13 
 ktsmat=           0
Begin solution global equation     at 2026-09-02 16:01:13 
                     istep=         429 iiter=           2
                     conver_load check
 resid=  5.226662557124670E-002 retot=  8.626744672356069E+015
 ratio1=  2.461437194689632E-009 ratio2=  7.553090762590199E-010
 nchek0=           0 toler_force=  1.000000000000000E-005
 nchek=           0
                    conver_nodal_value check
               Convergence check for displacement
 ratio1=  6.298154151831068E-007 ratio2=  1.093731751684267E-006
 nchek=           0
 ***********RESTART FILE IS UPDATED!*******
 time: 16:00:59
 iblks=           1 iincs=           1 istep=         430
 outinp=           0
 iiter=           1
Begin forming various matrix       at 2026-09-02 16:01:13 
 ktsmat=           0
 ntelgroup=           0
Begin solution global equation     at 2026-09-02 16:01:13 
                     istep=         430 iiter=           1
                     conver_load check
 resid=   29038.6976776080      retot=  8.258053626996952E+015
 ratio1=  1.875209170640931E-006 ratio2=  8.247680917583485E-007
 nchek0=           0 toler_force=  1.000000000000000E-005
 nchek=           0
                    conver_nodal_value check
               Convergence check for displacement
 ratio1=  4.691828096469908E-004 ratio2=  1.879679614616180E-003
                            not converged for checki=           1
 iiter=           2
Begin forming various matrix       at 2026-09-02 16:01:13 
 ktsmat=           0
Begin solution global equation     at 2026-09-02 16:01:13 
                     istep=         430 iiter=           2
                     conver_load check
 resid=  4.057737549009642E-002 retot=  8.258053626996952E+015
 ratio1=  2.216680636097997E-009 ratio2=  6.089094832028328E-010
 nchek0=           0 toler_force=  1.000000000000000E-005
 nchek=           0
                    conver_nodal_value check
               Convergence check for displacement
 ratio1=  8.136285960915621E-007 ratio2=  1.929184270404944E-006
 nchek=           0
 ngvar in output=           7 nstre=           4
 ***********RESTART FILE IS UPDATED!*******
 time: 16:00:59
 iblks=           1 iincs=           1 istep=         431
 outinp=           0
 iiter=           1
Begin forming various matrix       at 2026-09-02 16:01:13 
 ktsmat=           0
 ntelgroup=           0
Begin solution global equation     at 2026-09-02 16:01:13 
                     istep=         431 iiter=           1
                     conver_load check
 resid=   42405.8623984701      retot=  7.900139057151182E+015
 ratio1=  2.316837542759523E-006 ratio2=  1.044938699076706E-006
 nchek0=           0 toler_force=  1.000000000000000E-005
 nchek=           0
                    conver_nodal_value check
               Convergence check for displacement
 ratio1=  5.429350747344409E-004 ratio2=  1.746594308570005E-003
                            not converged for checki=           1
 iiter=           2
Begin forming various matrix       at 2026-09-02 16:01:13 
 ktsmat=           0
Begin solution global equation     at 2026-09-02 16:01:13 
                     istep=         431 iiter=           2
                     conver_load check
 resid=  7.295958970160166E-002 retot=  7.900139057151182E+015
 ratio1=  3.038951882046872E-009 ratio2=  8.900736178269727E-010
 nchek0=           0 toler_force=  1.000000000000000E-005
 nchek=           0
                    conver_nodal_value check
               Convergence check for displacement
 ratio1=  6.490172158785378E-007 ratio2=  9.457795755749585E-007
 nchek=           0
 ***********RESTART FILE IS UPDATED!*******
 time: 16:00:59
 iblks=           1 iincs=           1 istep=         432
 outinp=           0
 iiter=           1
Begin forming various matrix       at 2026-09-02 16:01:13 
 ktsmat=           0
 ntelgroup=           0
Begin solution global equation     at 2026-09-02 16:01:13 
                     istep=         432 iiter=           1
                     conver_load check
 resid=   49191.2956142435      retot=  7.550911440101538E+015
 ratio1=  2.552374765687521E-006 ratio2=  1.183848192507018E-006
 nchek0=           0 toler_force=  1.000000000000000E-005
 nchek=           0
                    conver_nodal_value check
               Convergence check for displacement
 ratio1=  5.917706156825678E-004 ratio2=  1.766888079660489E-003
                            not converged for checki=           1
 iiter=           2
Begin forming various matrix       at 2026-09-02 16:01:13 
 ktsmat=           0
Begin solution global equation     at 2026-09-02 16:01:13 
                     istep=         432 iiter=           2
                     conver_load check
 resid=  8.974072920313818E-002 retot=  7.550911440101538E+015
 ratio1=  3.447427238449201E-009 ratio2=  9.933355205083942E-010
 nchek0=           0 toler_force=  1.000000000000000E-005
 nchek=           0
                    conver_nodal_value check
               Convergence check for displacement
 ratio1=  8.864588365676021E-007 ratio2=  1.528697347739541E-006
 nchek=           0
 ngvar in output=           7 nstre=           4
 ***********RESTART FILE IS UPDATED!*******
 time: 16:00:59
 iblks=           1 iincs=           1 istep=         433
 outinp=           0
 iiter=           1
Begin forming various matrix       at 2026-09-02 16:01:13 
 ktsmat=           0
 ntelgroup=           0
Begin solution global equation     at 2026-09-02 16:01:13 
                     istep=         433 iiter=           1
                     conver_load check
 resid=   37545.5388195200      retot=  7.208955733481807E+015
 ratio1=  2.282143721367294E-006 ratio2=  1.059012798062827E-006
 nchek0=           0 toler_force=  1.000000000000000E-005
 nchek=           0
                    conver_nodal_value check
               Convergence check for displacement
 ratio1=  5.459504805988339E-004 ratio2=  1.662598878351831E-003
                            not converged for checki=           1
 iiter=           2
Begin forming various matrix       at 2026-09-02 16:01:13 
 ktsmat=           0
Begin solution global equation     at 2026-09-02 16:01:13 
                     istep=         433 iiter=           2
                     conver_load check
 resid=  5.306612461524157E-002 retot=  7.208955733481807E+015
 ratio1=  2.713141890690986E-009 ratio2=  7.692482946666513E-010
 nchek0=           0 toler_force=  1.000000000000000E-005
 nchek=           0
                    conver_nodal_value check
               Convergence check for displacement
 ratio1=  8.828072938072556E-007 ratio2=  1.943217009361701E-006
 nchek=           0
 ***********RESTART FILE IS UPDATED!*******
 time: 16:00:59
 iblks=           1 iincs=           1 istep=         434
 outinp=           0
 iiter=           1
Begin forming various matrix       at 2026-09-02 16:01:13 
 ktsmat=           0
 ntelgroup=           0
Begin solution global equation     at 2026-09-02 16:01:13 
                     istep=         434 iiter=           1
                     conver_load check
 resid=   67928.5843865064      retot=  6.881768692873080E+015
 ratio1=  3.141783441441165E-006 ratio2=  1.464798690538403E-006
 nchek0=           0 toler_force=  1.000000000000000E-005
 nchek=           0
                    conver_nodal_value check
               Convergence check for displacement
 ratio1=  7.052127311662370E-004 ratio2=  1.745154785223283E-003
                            not converged for checki=           1
 iiter=           2
Begin forming various matrix       at 2026-09-02 16:01:13 
 ktsmat=           0
Begin solution global equation     at 2026-09-02 16:01:13 
                     istep=         434 iiter=           2
                     conver_load check
 resid=  0.126044522634945      retot=  6.881768692873080E+015
 ratio1=  4.279686465609195E-009 ratio2=  1.297570120394196E-009
 nchek0=           0 toler_force=  1.000000000000000E-005
 nchek=           0
                    conver_nodal_value check
               Convergence check for displacement
 ratio1=  8.864976026535807E-007 ratio2=  1.333177092830578E-006
 nchek=           0
 ngvar in output=           7 nstre=           4
 ***********RESTART FILE IS UPDATED!*******
 time: 16:00:59
 iblks=           1 iincs=           1 istep=         435
 outinp=           0
 iiter=           1
Begin forming various matrix       at 2026-09-02 16:01:13 
 ktsmat=           0
 ntelgroup=           0
Begin solution global equation     at 2026-09-02 16:01:13 
                     istep=         435 iiter=           1
                     conver_load check
 resid=   50002.9480803471      retot=  6.574981621309610E+015
 ratio1=  2.757722316107587E-006 ratio2=  1.349587323009933E-006
 nchek0=           0 toler_force=  1.000000000000000E-005
 nchek=           0
                    conver_nodal_value check
               Convergence check for displacement
 ratio1=  6.355481434413242E-004 ratio2=  1.683667808554301E-003
                            not converged for checki=           1
 iiter=           2
Begin forming various matrix       at 2026-09-02 16:01:13 
 ktsmat=           0
Begin solution global equation     at 2026-09-02 16:01:13 
                     istep=         435 iiter=           2
                     conver_load check
 resid=  8.035809680997973E-002 retot=  6.574981621309610E+015
 ratio1=  3.495968812248755E-009 ratio2=  1.059081829752624E-009
 nchek0=           0 toler_force=  1.000000000000000E-005
 nchek=           0
                    conver_nodal_value check
               Convergence check for displacement
 ratio1=  8.689906173556089E-007 ratio2=  1.424951742369804E-006
 nchek=           0
 ***********RESTART FILE IS UPDATED!*******
 time: 16:00:59
 iblks=           1 iincs=           1 istep=         436
 outinp=           0
 iiter=           1
Begin forming various matrix       at 2026-09-02 16:01:13 
 ktsmat=           0
 ntelgroup=           0
Begin solution global equation     at 2026-09-02 16:01:13 
                     istep=         436 iiter=           1
                     conver_load check
 resid=   29138.8626551272      retot=  6.279378361046302E+015
 ratio1=  2.154160073656009E-006 ratio2=  9.912325170425052E-007
 nchek0=           0 toler_force=  1.000000000000000E-005
 nchek=           0
                    conver_nodal_value check
               Convergence check for displacement
 ratio1=  5.163147362838111E-004 ratio2=  1.742146913617448E-003
                            not converged for checki=           1
 iiter=           2
Begin forming various matrix       at 2026-09-02 16:01:13 
 ktsmat=           0
Begin solution global equation     at 2026-09-02 16:01:13 
                     istep=         436 iiter=           2
                     conver_load check
 resid=  3.596748928381868E-002 retot=  6.279378361046302E+015
 ratio1=  2.393297765933803E-009 ratio2=  7.575607038937816E-010
 nchek0=           0 toler_force=  1.000000000000000E-005
 nchek=           0
                    conver_nodal_value check
               Convergence check for displacement
 ratio1=  5.357498305409762E-007 ratio2=  7.600646346248175E-007
 nchek=           0
 ngvar in output=           7 nstre=           4
 ***********RESTART FILE IS UPDATED!*******
 time: 16:00:59
 iblks=           1 iincs=           1 istep=         437
 outinp=           0
 iiter=           1
Begin forming various matrix       at 2026-09-02 16:01:13 
 ktsmat=           0
 ntelgroup=           0
Begin solution global equation     at 2026-09-02 16:01:13 
                     istep=         437 iiter=           1
                     conver_load check
 resid=   68450.0324963798      retot=  5.981617789192289E+015
 ratio1=  3.382809174071270E-006 ratio2=  1.604938010215336E-006
 nchek0=           0 toler_force=  1.000000000000000E-005
 nchek=           0
                    conver_nodal_value check
               Convergence check for displacement
 ratio1=  7.539207918267886E-004 ratio2=  1.847904698243881E-003
                            not converged for checki=           1
 iiter=           2
Begin forming various matrix       at 2026-09-02 16:01:13 
 ktsmat=           0
Begin solution global equation     at 2026-09-02 16:01:13 
                     istep=         437 iiter=           2
                     conver_load check
 resid=  0.140703030154629      retot=  5.981617789192289E+015
 ratio1=  4.850007337049518E-009 ratio2=  1.439601143154986E-009
 nchek0=           0 toler_force=  1.000000000000000E-005
 nchek=           0
                    conver_nodal_value check
               Convergence check for displacement
 ratio1=  1.099828785768319E-006 ratio2=  1.438076749409406E-006
 nchek=           0
 ***********RESTART FILE IS UPDATED!*******
 time: 16:00:59
 iblks=           1 iincs=           1 istep=         438
 outinp=           0
 iiter=           1
Begin forming various matrix       at 2026-09-02 16:01:13 
 ktsmat=           0
 ntelgroup=           0
Begin solution global equation     at 2026-09-02 16:01:13 
                     istep=         438 iiter=           1
                     conver_load check
 resid=   56194.4371510448      retot=  5.682964441310552E+015
 ratio1=  3.144554987806130E-006 ratio2=  1.561962490901418E-006
 nchek0=           0 toler_force=  1.000000000000000E-005
 nchek=           0
                    conver_nodal_value check
               Convergence check for displacement
 ratio1=  7.124976660316933E-004 ratio2=  1.803557953807951E-003
                            not converged for checki=           1
 iiter=           2
Begin forming various matrix       at 2026-09-02 16:01:13 
 ktsmat=           0
Begin solution global equation     at 2026-09-02 16:01:13 
                     istep=         438 iiter=           2
                     conver_load check
 resid=  8.506805051372143E-002 retot=  5.682964441310552E+015
 ratio1=  3.868973640129401E-009 ratio2=  1.202358480881664E-009
 nchek0=           0 toler_force=  1.000000000000000E-005
 nchek=           0
                    conver_nodal_value check
               Convergence check for displacement
 ratio1=  8.690125380821012E-007 ratio2=  1.199127170443893E-006
 nchek=           0
 ngvar in output=           7 nstre=           4
 ***********RESTART FILE IS UPDATED!*******
 time: 16:00:59
 iblks=           1 iincs=           1 istep=         439
 outinp=           0
 iiter=           1
Begin forming various matrix       at 2026-09-02 16:01:13 
 ktsmat=           0
 ntelgroup=           0
Begin solution global equation     at 2026-09-02 16:01:13 
                     istep=         439 iiter=           1
                     conver_load check
 resid=   45212.8002306354      retot=  5.381075354233818E+015
 ratio1=  2.898652580948204E-006 ratio2=  1.310926729744039E-006
 nchek0=           0 toler_force=  1.000000000000000E-005
 nchek=           0
                    conver_nodal_value check
               Convergence check for displacement
 ratio1=  6.598768638074449E-004 ratio2=  1.992952643061041E-003
                            not converged for checki=           1
 iiter=           2
Begin forming various matrix       at 2026-09-02 16:01:13 
 ktsmat=           0
Begin solution global equation     at 2026-09-02 16:01:13 
                     istep=         439 iiter=           2
                     conver_load check
 resid=  6.982861179980886E-002 retot=  5.381075354233818E+015
 ratio1=  3.602318987923939E-009 ratio2=  1.112277622899864E-009
 nchek0=           0 toler_force=  1.000000000000000E-005
 nchek=           0
                    conver_nodal_value check
               Convergence check for displacement
 ratio1=  7.645253024022129E-007 ratio2=  1.104852744957027E-006
 nchek=           0
 ***********RESTART FILE IS UPDATED!*******
 time: 16:00:59
 iblks=           1 iincs=           1 istep=         440
 outinp=           0
 iiter=           1
Begin forming various matrix       at 2026-09-02 16:01:13 
 ktsmat=           0
 ntelgroup=           0
Begin solution global equation     at 2026-09-02 16:01:13 
                     istep=         440 iiter=           1
                     conver_load check
 resid=   50714.3878503656      retot=  5.077107851813267E+015
 ratio1=  3.160511677360772E-006 ratio2=  1.543485086029551E-006
 nchek0=           0 toler_force=  1.000000000000000E-005
 nchek=           0
                    conver_nodal_value check
               Convergence check for displacement
 ratio1=  7.108156515795092E-004 ratio2=  2.018999632352297E-003
                            not converged for checki=           1
 iiter=           2
Begin forming various matrix       at 2026-09-02 16:01:13 
 ktsmat=           0
Begin solution global equation     at 2026-09-02 16:01:13 
                     istep=         440 iiter=           2
                     conver_load check
 resid=  9.007819473860869E-002 retot=  5.077107851813267E+015
 ratio1=  4.212128796598619E-009 ratio2=  1.256986076575258E-009
 nchek0=           0 toler_force=  1.000000000000000E-005
 nchek=           0
                    conver_nodal_value check
               Convergence check for displacement
 ratio1=  9.764664608122919E-007 ratio2=  1.403312510838022E-006
 nchek=           0
 ngvar in output=           7 nstre=           4
 ***********RESTART FILE IS UPDATED!*******
 time: 16:00:59
 iblks=           1 iincs=           1 istep=         441
 outinp=           0
 iiter=           1
Begin forming various matrix       at 2026-09-02 16:01:13 
 ktsmat=           0
 ntelgroup=           0
Begin solution global equation     at 2026-09-02 16:01:13 
                     istep=         441 iiter=           1
                     conver_load check
 resid=   43935.6752895204      retot=  4.780188575421056E+015
 ratio1=  3.031699402432492E-006 ratio2=  1.466266370322284E-006
 nchek0=           0 toler_force=  1.000000000000000E-005
 nchek=           0
                    conver_nodal_value check
               Convergence check for displacement
 ratio1=  6.877687673607178E-004 ratio2=  1.989553980666292E-003
                            not converged for checki=           1
 iiter=           2
Begin forming various matrix       at 2026-09-02 16:01:13 
 ktsmat=           0
Begin solution global equation     at 2026-09-02 16:01:13 
                     istep=         441 iiter=           2
                     conver_load check
 resid=  6.057438319597139E-002 retot=  4.780188575421056E+015
 ratio1=  3.559770383467569E-009 ratio2=  1.125466130020401E-009
 nchek0=           0 toler_force=  1.000000000000000E-005
 nchek=           0
                    conver_nodal_value check
               Convergence check for displacement
 ratio1=  7.940313626103206E-007 ratio2=  1.091646445676770E-006
 nchek=           0
 ***********RESTART FILE IS UPDATED!*******
 time: 16:00:59
 iblks=           1 iincs=           1 istep=         442
 outinp=           0
 iiter=           1
Begin forming various matrix       at 2026-09-02 16:01:13 
 ktsmat=           0
 ntelgroup=           0
Begin solution global equation     at 2026-09-02 16:01:13 
                     istep=         442 iiter=           1
                     conver_load check
 resid=   47927.3167166273      retot=  4.501863341299494E+015
 ratio1=  3.262837190294172E-006 ratio2=  1.517734515329013E-006
 nchek0=           0 toler_force=  1.000000000000000E-005
 nchek=           0
                    conver_nodal_value check
               Convergence check for displacement
 ratio1=  7.288067091271515E-004 ratio2=  2.017250971406801E-003
                            not converged for checki=           1
 iiter=           2
Begin forming various matrix       at 2026-09-02 16:01:13 
 ktsmat=           0
Begin solution global equation     at 2026-09-02 16:01:13 
                     istep=         442 iiter=           2
                     conver_load check
 resid=  7.683821026252581E-002 retot=  4.501863341299494E+015
 ratio1=  4.131354542059194E-009 ratio2=  1.257532942636502E-009
 nchek0=           0 toler_force=  1.000000000000000E-005
 nchek=           0
                    conver_nodal_value check
               Convergence check for displacement
 ratio1=  9.178143366394821E-007 ratio2=  1.214435874970317E-006
 nchek=           0
 ngvar in output=           7 nstre=           4
 ***********RESTART FILE IS UPDATED!*******
 time: 16:00:59
 iblks=           1 iincs=           1 istep=         443
 outinp=           0
 iiter=           1
Begin forming various matrix       at 2026-09-02 16:01:13 
 ktsmat=           0
 ntelgroup=           0
Begin solution global equation     at 2026-09-02 16:01:13 
                     istep=         443 iiter=           1
                     conver_load check
 resid=   65503.3212328255      retot=  4.236099654183878E+015
 ratio1=  3.932317501428609E-006 ratio2=  1.885278438628369E-006
 nchek0=           0 toler_force=  1.000000000000000E-005
 nchek=           0
                    conver_nodal_value check
               Convergence check for displacement
 ratio1=  8.522532654919616E-004 ratio2=  2.034725923523793E-003
                            not converged for checki=           1
 iiter=           2
Begin forming various matrix       at 2026-09-02 16:01:13 
 ktsmat=           0
Begin solution global equation     at 2026-09-02 16:01:13 
                     istep=         443 iiter=           2
                     conver_load check
 resid=  0.115239201671110      retot=  4.236099654183878E+015
 ratio1=  5.215753237944214E-009 ratio2=  1.575878813130012E-009
 nchek0=           0 toler_force=  1.000000000000000E-005
 nchek=           0
                    conver_nodal_value check
               Convergence check for displacement
 ratio1=  1.098661451487112E-006 ratio2=  1.521766512546649E-006
 nchek=           0
 ***********RESTART FILE IS UPDATED!*******
 time: 16:00:59
 iblks=           1 iincs=           1 istep=         444
 outinp=           0
 iiter=           1
Begin forming various matrix       at 2026-09-02 16:01:13 
 ktsmat=           0
 ntelgroup=           0
Begin solution global equation     at 2026-09-02 16:01:13 
                     istep=         444 iiter=           1
                     conver_load check
 resid=   69559.2116625346      retot=  3.980307758344625E+015
 ratio1=  4.180411166323807E-006 ratio2=  1.942430638585471E-006
 nchek0=           0 toler_force=  1.000000000000000E-005
 nchek=           0
                    conver_nodal_value check
               Convergence check for displacement
 ratio1=  9.012086028893963E-004 ratio2=  2.181944732110786E-003
                            not converged for checki=           1
 iiter=           2
Begin forming various matrix       at 2026-09-02 16:01:13 
 ktsmat=           0
Begin solution global equation     at 2026-09-02 16:01:13 
                     istep=         444 iiter=           2
                     conver_load check
 resid=  0.113136093362086      retot=  3.980307758344625E+015
 ratio1=  5.331412213857170E-009 ratio2=  1.590911065811358E-009
 nchek0=           0 toler_force=  1.000000000000000E-005
 nchek=           0
                    conver_nodal_value check
               Convergence check for displacement
 ratio1=  1.164689126926777E-006 ratio2=  1.559482962580563E-006
 nchek=           0
 ngvar in output=           7 nstre=           4
 ***********RESTART FILE IS UPDATED!*******
 time: 16:00:59
 iblks=           1 iincs=           1 istep=         445
 outinp=           0
 iiter=           1
Begin forming various matrix       at 2026-09-02 16:01:13 
 ktsmat=           0
 ntelgroup=           0
Begin solution global equation     at 2026-09-02 16:01:13 
                     istep=         445 iiter=           1
                     conver_load check
 resid=   59418.8825237913      retot=  3.736046946596505E+015
 ratio1=  3.988008520304575E-006 ratio2=  1.822805036330137E-006
 nchek0=           0 toler_force=  1.000000000000000E-005
 nchek=           0
                    conver_nodal_value check
               Convergence check for displacement
 ratio1=  8.583601502389199E-004 ratio2=  2.064679044481993E-003
                            not converged for checki=           1
 iiter=           2
Begin forming various matrix       at 2026-09-02 16:01:13 
 ktsmat=           0
Begin solution global equation     at 2026-09-02 16:01:13 
                     istep=         445 iiter=           2
                     conver_load check
 resid=  9.790935177160012E-002 retot=  3.736046946596505E+015
 ratio1=  5.119245122642420E-009 ratio2=  1.516620782439988E-009
 nchek0=           0 toler_force=  1.000000000000000E-005
 nchek=           0
                    conver_nodal_value check
               Convergence check for displacement
 ratio1=  9.793193275439974E-007 ratio2=  1.501951597813087E-006
 nchek=           0
 ***********RESTART FILE IS UPDATED!*******
 time: 16:00:59
 iblks=           1 iincs=           1 istep=         446
 outinp=           0
 iiter=           1
Begin forming various matrix       at 2026-09-02 16:01:13 
 ktsmat=           0
 ntelgroup=           0
Begin solution global equation     at 2026-09-02 16:01:13 
                     istep=         446 iiter=           1
                     conver_load check
 resid=   79346.2524599346      retot=  3.502675247970328E+015
 ratio1=  4.759521283041729E-006 ratio2=  2.162381526937835E-006
 nchek0=           0 toler_force=  1.000000000000000E-005
 nchek=           0
                    conver_nodal_value check
               Convergence check for displacement
 ratio1=  1.000984868015874E-003 ratio2=  2.427613282979261E-003
                            not converged for checki=           1
 iiter=           2
Begin forming various matrix       at 2026-09-02 16:01:13 
 ktsmat=           0
Begin solution global equation     at 2026-09-02 16:01:13 
                     istep=         446 iiter=           2
                     conver_load check
 resid=  0.147302713992699      retot=  3.502675247970328E+015
 ratio1=  6.484932165986577E-009 ratio2=  1.872960830733176E-009
 nchek0=           0 toler_force=  1.000000000000000E-005
 nchek=           0
                    conver_nodal_value check
               Convergence check for displacement
 ratio1=  1.322768307460467E-006 ratio2=  1.839778735800298E-006
 nchek=           0
 ngvar in output=           7 nstre=           4
 ***********RESTART FILE IS UPDATED!*******
 time: 16:00:59
 iblks=           1 iincs=           1 istep=         447
 outinp=           0
 iiter=           1
Begin forming various matrix       at 2026-09-02 16:01:13 
 ktsmat=           0
 ntelgroup=           0
Begin solution global equation     at 2026-09-02 16:01:13 
                     istep=         447 iiter=           1
                     conver_load check
 resid=   82167.4996982964      retot=  3.276974015720970E+015
 ratio1=  5.007414436494395E-006 ratio2=  2.340801340644741E-006
 nchek0=           0 toler_force=  1.000000000000000E-005
 nchek=           0
                    conver_nodal_value check
               Convergence check for displacement
 ratio1=  1.049182565062845E-003 ratio2=  2.527405680265589E-003
                            not converged for checki=           1
 iiter=           2
Begin forming various matrix       at 2026-09-02 16:01:13 
 ktsmat=           0
Begin solution global equation     at 2026-09-02 16:01:13 
                     istep=         447 iiter=           2
                     conver_load check
 resid=  0.136966847108852      retot=  3.276974015720970E+015
 ratio1=  6.465040211755850E-009 ratio2=  1.909577638765508E-009
 nchek0=           0 toler_force=  1.000000000000000E-005
 nchek=           0
                    conver_nodal_value check
               Convergence check for displacement
 ratio1=  1.348994458449999E-006 ratio2=  1.837083652594556E-006
 nchek=           0
 ***********RESTART FILE IS UPDATED!*******
 time: 16:00:59
 iblks=           1 iincs=           1 istep=         448
 outinp=           0
 iiter=           1
Begin forming various matrix       at 2026-09-02 16:01:13 
 ktsmat=           0
 ntelgroup=           0
Begin solution global equation     at 2026-09-02 16:01:13 
                     istep=         448 iiter=           1
                     conver_load check
 resid=   77650.6479293242      retot=  3.057442310000027E+015
 ratio1=  5.039569122553024E-006 ratio2=  2.341179607389773E-006
 nchek0=           0 toler_force=  1.000000000000000E-005
 nchek=           0
                    conver_nodal_value check
               Convergence check for displacement
 ratio1=  1.045347677423091E-003 ratio2=  2.511178028128681E-003
                            not converged for checki=           1
 iiter=           2
Begin forming various matrix       at 2026-09-02 16:01:13 
 ktsmat=           0
Begin solution global equation     at 2026-09-02 16:01:13 
                     istep=         448 iiter=           2
                     conver_load check
 resid=  0.133175727650150      retot=  3.057442310000027E+015
 ratio1=  6.599839947133109E-009 ratio2=  2.008248823816740E-009
 nchek0=           0 toler_force=  1.000000000000000E-005
 nchek=           0
                    conver_nodal_value check
               Convergence check for displacement
 ratio1=  1.223398615146453E-006 ratio2=  1.893789641565262E-006
 nchek=           0
 ngvar in output=           7 nstre=           4
 ***********RESTART FILE IS UPDATED!*******
 time: 16:00:59
 iblks=           1 iincs=           1 istep=         449
 outinp=           0
 iiter=           1
Begin forming various matrix       at 2026-09-02 16:01:13 
 ktsmat=           0
 ntelgroup=           0
Begin solution global equation     at 2026-09-02 16:01:13 
                     istep=         449 iiter=           1
                     conver_load check
 resid=   77182.1110123214      retot=  2.845656945909792E+015
 ratio1=  5.207952983324599E-006 ratio2=  2.460634063249731E-006
 nchek0=           0 toler_force=  1.000000000000000E-005
 nchek=           0
                    conver_nodal_value check
               Convergence check for displacement
 ratio1=  1.075586993439042E-003 ratio2=  2.650266549084635E-003
                            not converged for checki=           1
 iiter=           2
Begin forming various matrix       at 2026-09-02 16:01:13 
 ktsmat=           0
Begin solution global equation     at 2026-09-02 16:01:13 
                     istep=         449 iiter=           2
                     conver_load check
 resid=  0.135151783553019      retot=  2.845656945909792E+015
 ratio1=  6.891592966282943E-009 ratio2=  2.051592771179538E-009
 nchek0=           0 toler_force=  1.000000000000000E-005
 nchek=           0
                    conver_nodal_value check
               Convergence check for displacement
 ratio1=  1.386241000442047E-006 ratio2=  1.904727200473879E-006
 nchek=           0
 ***********RESTART FILE IS UPDATED!*******
 time: 16:00:59
 iblks=           1 iincs=           1 istep=         450
 outinp=           0
 iiter=           1
Begin forming various matrix       at 2026-09-02 16:01:13 
 ktsmat=           0
 ntelgroup=           0
Begin solution global equation     at 2026-09-02 16:01:13 
                     istep=         450 iiter=           1
                     conver_load check
 resid=   72743.3025061027      retot=  2.643404334530880E+015
 ratio1=  5.245835986521713E-006 ratio2=  2.464799542596179E-006
 nchek0=           0 toler_force=  1.000000000000000E-005
 nchek=           0
                    conver_nodal_value check
               Convergence check for displacement
 ratio1=  1.076451690995833E-003 ratio2=  2.636499694751486E-003
                            not converged for checki=           1
 iiter=           2
Begin forming various matrix       at 2026-09-02 16:01:13 
 ktsmat=           0
Begin solution global equation     at 2026-09-02 16:01:13 
                     istep=         450 iiter=           2
                     conver_load check
 resid=  0.116073293315015      retot=  2.643404334530880E+015
 ratio1=  6.626502321691990E-009 ratio2=  2.026402232626275E-009
 nchek0=           0 toler_force=  1.000000000000000E-005
 nchek=           0
                    conver_nodal_value check
               Convergence check for displacement
 ratio1=  1.236050356568252E-006 ratio2=  1.860934320880228E-006
 nchek=           0
 ngvar in output=           7 nstre=           4
 ***********RESTART FILE IS UPDATED!*******
 time: 16:00:59
 iblks=           1 iincs=           1 istep=         451
 outinp=           0
 iiter=           1
Begin forming various matrix       at 2026-09-02 16:01:13 
 ktsmat=           0
 ntelgroup=           0
Begin solution global equation     at 2026-09-02 16:01:13 
                     istep=         451 iiter=           1
                     conver_load check
 resid=   44117.9981091267      retot=  2.451277978595875E+015
 ratio1=  4.242400028479794E-006 ratio2=  1.989841306266569E-006
 nchek0=           0 toler_force=  1.000000000000000E-005
 nchek=           0
                    conver_nodal_value check
               Convergence check for displacement
 ratio1=  8.935717745137261E-004 ratio2=  2.573866236363317E-003
                            not converged for checki=           1
 iiter=           2
Begin forming various matrix       at 2026-09-02 16:01:13 
 ktsmat=           0
Begin solution global equation     at 2026-09-02 16:01:13 
                     istep=         451 iiter=           2
                     conver_load check
 resid=  6.132498174398255E-002 retot=  2.451277978595875E+015
 ratio1=  5.001755195770509E-009 ratio2=  1.548183990069893E-009
 nchek0=           0 toler_force=  1.000000000000000E-005
 nchek=           0
                    conver_nodal_value check
               Convergence check for displacement
 ratio1=  9.375918554631140E-007 ratio2=  1.410862186992542E-006
 nchek=           0
 ***********RESTART FILE IS UPDATED!*******
 time: 16:00:59
 iblks=           1 iincs=           1 istep=         452
 outinp=           0
 iiter=           1
Begin forming various matrix       at 2026-09-02 16:01:13 
 ktsmat=           0
 ntelgroup=           0
Begin solution global equation     at 2026-09-02 16:01:13 
                     istep=         452 iiter=           1
                     conver_load check
 resid=   52330.1540300582      retot=  2.271581216042794E+015
 ratio1=  4.799675454279781E-006 ratio2=  2.239089415560216E-006
 nchek0=           0 toler_force=  1.000000000000000E-005
 nchek=           0
                    conver_nodal_value check
               Convergence check for displacement
 ratio1=  9.900288377131259E-004 ratio2=  2.776676541449381E-003
                            not converged for checki=           1
 iiter=           2
Begin forming various matrix       at 2026-09-02 16:01:13 
 ktsmat=           0
Begin solution global equation     at 2026-09-02 16:01:13 
                     istep=         452 iiter=           2
                     conver_load check
 resid=  8.270023051697742E-002 retot=  2.271581216042794E+015
 ratio1=  6.033776589238642E-009 ratio2=  1.796827929376661E-009
 nchek0=           0 toler_force=  1.000000000000000E-005
 nchek=           0
                    conver_nodal_value check
               Convergence check for displacement
 ratio1=  1.205366400197282E-006 ratio2=  1.611906263146519E-006
 nchek=           0
 ngvar in output=           7 nstre=           4
 ***********RESTART FILE IS UPDATED!*******
 time: 16:00:59
 iblks=           1 iincs=           1 istep=         453
 outinp=           0
 iiter=           1
Begin forming various matrix       at 2026-09-02 16:01:13 
 ktsmat=           0
 ntelgroup=           0
Begin solution global equation     at 2026-09-02 16:01:13 
                     istep=         453 iiter=           1
                     conver_load check
 resid=   67874.3550735413      retot=  2.101342738046844E+015
 ratio1=  5.683350118902291E-006 ratio2=  2.692687459498466E-006
 nchek0=           0 toler_force=  1.000000000000000E-005
 nchek=           0
                    conver_nodal_value check
               Convergence check for displacement
 ratio1=  1.139157877794779E-003 ratio2=  2.733738841515388E-003
                            not converged for checki=           1
 iiter=           2
Begin forming various matrix       at 2026-09-02 16:01:13 
 ktsmat=           0
Begin solution global equation     at 2026-09-02 16:01:13 
                     istep=         453 iiter=           2
                     conver_load check
 resid=  0.103568735684992      retot=  2.101342738046844E+015
 ratio1=  7.020465194422088E-009 ratio2=  2.172188601557743E-009
 nchek0=           0 toler_force=  1.000000000000000E-005
 nchek=           0
                    conver_nodal_value check
               Convergence check for displacement
 ratio1=  1.321730228800588E-006 ratio2=  1.910338762805751E-006
 nchek=           0
 ***********RESTART FILE IS UPDATED!*******
 time: 16:00:59
 iblks=           1 iincs=           1 istep=         454
 outinp=           0
 iiter=           1
Begin forming various matrix       at 2026-09-02 16:01:13 
 ktsmat=           0
 ntelgroup=           0
Begin solution global equation     at 2026-09-02 16:01:13 
                     istep=         454 iiter=           1
                     conver_load check
 resid=   58576.0017205867      retot=  1.938887325268568E+015
 ratio1=  5.496466385756154E-006 ratio2=  2.647711006222206E-006
 nchek0=           0 toler_force=  1.000000000000000E-005
 nchek=           0
                    conver_nodal_value check
               Convergence check for displacement
 ratio1=  1.100374928779116E-003 ratio2=  2.694997104064975E-003
                            not converged for checki=           1
 iiter=           2
Begin forming various matrix       at 2026-09-02 16:01:13 
 ktsmat=           0
Begin solution global equation     at 2026-09-02 16:01:13 
                     istep=         454 iiter=           2
                     conver_load check
 resid=  9.392169502659850E-002 retot=  1.938887325268568E+015
 ratio1=  6.959958901048528E-009 ratio2=  2.149098333841261E-009
 nchek0=           0 toler_force=  1.000000000000000E-005
 nchek=           0
                    conver_nodal_value check
               Convergence check for displacement
 ratio1=  1.266147006403528E-006 ratio2=  1.857534615156104E-006
 nchek=           0
 ngvar in output=           7 nstre=           4
 ***********RESTART FILE IS UPDATED!*******
 time: 16:00:59
 iblks=           1 iincs=           1 istep=         455
 outinp=           0
 iiter=           1
Begin forming various matrix       at 2026-09-02 16:01:13 
 ktsmat=           0
 ntelgroup=           0
Begin solution global equation     at 2026-09-02 16:01:13 
                     istep=         455 iiter=           1
                     conver_load check
 resid=   79028.4329807811      retot=  1.785710330254850E+015
 ratio1=  6.652519860839048E-006 ratio2=  3.170374815374779E-006
 nchek0=           0 toler_force=  1.000000000000000E-005
 nchek=           0
                    conver_nodal_value check
               Convergence check for displacement
 ratio1=  1.294884303490128E-003 ratio2=  3.147416884754280E-003
                            not converged for checki=           1
 iiter=           2
Begin forming various matrix       at 2026-09-02 16:01:13 
 ktsmat=           0
Begin solution global equation     at 2026-09-02 16:01:13 
                     istep=         455 iiter=           2
                     conver_load check
 resid=  0.127641871483684      retot=  1.785710330254850E+015
 ratio1=  8.454561275565145E-009 ratio2=  2.615337628928229E-009
 nchek0=           0 toler_force=  1.000000000000000E-005
 nchek=           0
                    conver_nodal_value check
               Convergence check for displacement
 ratio1=  1.509877257700300E-006 ratio2=  2.242868653777518E-006
 nchek=           0
 ***********RESTART FILE IS UPDATED!*******
 time: 16:00:59
 iblks=           1 iincs=           1 istep=         456
 outinp=           0
 iiter=           1
Begin forming various matrix       at 2026-09-02 16:01:14 
 ktsmat=           0
 ntelgroup=           0
Begin solution global equation     at 2026-09-02 16:01:14 
                     istep=         456 iiter=           1
                     conver_load check
 resid=   69229.1174827687      retot=  1.645140108586164E+015
 ratio1=  6.486985876359750E-006 ratio2=  3.102607929608960E-006
 nchek0=           0 toler_force=  1.000000000000000E-005
 nchek=           0
                    conver_nodal_value check
               Convergence check for displacement
 ratio1=  1.262024907443917E-003 ratio2=  3.027673822149525E-003
                            not converged for checki=           1
 iiter=           2
Begin forming various matrix       at 2026-09-02 16:01:14 
 ktsmat=           0
Begin solution global equation     at 2026-09-02 16:01:14 
                     istep=         456 iiter=           2
                     conver_load check
 resid=  0.110007326293983      retot=  1.645140108586164E+015
 ratio1=  8.177289237479466E-009 ratio2=  2.490060935419190E-009
 nchek0=           0 toler_force=  1.000000000000000E-005
 nchek=           0
                    conver_nodal_value check
               Convergence check for displacement
 ratio1=  1.528375416927720E-006 ratio2=  2.124958862353326E-006
 nchek=           0
 ngvar in output=           7 nstre=           4
 ***********RESTART FILE IS UPDATED!*******
 time: 16:00:59
 iblks=           1 iincs=           1 istep=         457
 outinp=           0
 iiter=           1
Begin forming various matrix       at 2026-09-02 16:01:14 
 ktsmat=           0
 ntelgroup=           0
Begin solution global equation     at 2026-09-02 16:01:14 
                     istep=         457 iiter=           1
                     conver_load check
 resid=   56590.2678252994      retot=  1.517703665918799E+015
 ratio1=  6.106289397141199E-006 ratio2=  2.902354914795087E-006
 nchek0=           0 toler_force=  1.000000000000000E-005
 nchek=           0
                    conver_nodal_value check
               Convergence check for displacement
 ratio1=  1.192515850376624E-003 ratio2=  2.888370704593685E-003
                            not converged for checki=           1
 iiter=           2
Begin forming various matrix       at 2026-09-02 16:01:14 
 ktsmat=           0
Begin solution global equation     at 2026-09-02 16:01:14 
                     istep=         457 iiter=           2
                     conver_load check
 resid=  7.718461346417818E-002 retot=  1.517703665918799E+015
 ratio1=  7.131352027617925E-009 ratio2=  2.265915051186843E-009
 nchek0=           0 toler_force=  1.000000000000000E-005
 nchek=           0
                    conver_nodal_value check
               Convergence check for displacement
 ratio1=  1.218410260904794E-006 ratio2=  1.919594163773784E-006
 nchek=           0
 ***********RESTART FILE IS UPDATED!*******
 time: 16:00:59
 iblks=           1 iincs=           1 istep=         458
 outinp=           0
 iiter=           1
Begin forming various matrix       at 2026-09-02 16:01:14 
 ktsmat=           0
 ntelgroup=           0
Begin solution global equation     at 2026-09-02 16:01:14 
                     istep=         458 iiter=           1
                     conver_load check
 resid=   61698.1218869114      retot=  1.401444622461053E+015
 ratio1=  6.635108077244193E-006 ratio2=  3.164842448266343E-006
 nchek0=           0 toler_force=  1.000000000000000E-005
 nchek=           0
                    conver_nodal_value check
               Convergence check for displacement
 ratio1=  1.280661991322241E-003 ratio2=  3.128193557312331E-003
                            not converged for checki=           1
 iiter=           2
Begin forming various matrix       at 2026-09-02 16:01:14 
 ktsmat=           0
Begin solution global equation     at 2026-09-02 16:01:14 
                     istep=         458 iiter=           2
                     conver_load check
 resid=  9.692586903731261E-002 retot=  1.401444622461053E+015
 ratio1=  8.316333194752705E-009 ratio2=  2.523179389458397E-009
 nchek0=           0 toler_force=  1.000000000000000E-005
 nchek=           0
                    conver_nodal_value check
               Convergence check for displacement
 ratio1=  1.539738025111816E-006 ratio2=  2.118428191357389E-006
 nchek=           0
 ngvar in output=           7 nstre=           4
 ***********RESTART FILE IS UPDATED!*******
 time: 16:00:59
 iblks=           1 iincs=           1 istep=         459
 outinp=           0
 iiter=           1
Begin forming various matrix       at 2026-09-02 16:01:14 
 ktsmat=           0
 ntelgroup=           0
Begin solution global equation     at 2026-09-02 16:01:14 
                     istep=         459 iiter=           1
                     conver_load check
 resid=   71258.0007863241      retot=  1.294798228006507E+015
 ratio1=  7.418494322038286E-006 ratio2=  3.563590204772264E-006
 nchek0=           0 toler_force=  1.000000000000000E-005
 nchek=           0
                    conver_nodal_value check
               Convergence check for displacement
 ratio1=  1.409128664557496E-003 ratio2=  3.375106699456301E-003
                            not converged for checki=           1
 iiter=           2
Begin forming various matrix       at 2026-09-02 16:01:14 
 ktsmat=           0
Begin solution global equation     at 2026-09-02 16:01:14 
                     istep=         459 iiter=           2
                     conver_load check
 resid=  0.107947122958552      retot=  1.294798228006507E+015
 ratio1=  9.130708703845669E-009 ratio2=  2.875875014645114E-009
 nchek0=           0 toler_force=  1.000000000000000E-005
 nchek=           0
                    conver_nodal_value check
               Convergence check for displacement
 ratio1=  1.555373491503605E-006 ratio2=  2.384634151034067E-006
 nchek=           0
 ***********RESTART FILE IS UPDATED!*******
 time: 16:00:59
 iblks=           1 iincs=           1 istep=         460
 outinp=           0
 iiter=           1
Begin forming various matrix       at 2026-09-02 16:01:14 
 ktsmat=           0
 ntelgroup=           0
Begin solution global equation     at 2026-09-02 16:01:14 
                     istep=         460 iiter=           1
                     conver_load check
 resid=   84014.7417993428      retot=  1.194743779672352E+015
 ratio1=  8.385720044273838E-006 ratio2=  4.004246221557879E-006
 nchek0=           0 toler_force=  1.000000000000000E-005
 nchek=           0
                    conver_nodal_value check
               Convergence check for displacement
 ratio1=  1.570516302717560E-003 ratio2=  3.724042801193068E-003
                            not converged for checki=           1
 iiter=           2
Begin forming various matrix       at 2026-09-02 16:01:14 
 ktsmat=           0
Begin solution global equation     at 2026-09-02 16:01:14 
                     istep=         460 iiter=           2
                     conver_load check
 resid=  0.140069143709508      retot=  1.194743779672352E+015
 ratio1=  1.082764099682172E-008 ratio2=  3.326682478378183E-009
 nchek0=           0 toler_force=  1.000000000000000E-005
 nchek=           0
                    conver_nodal_value check
               Convergence check for displacement
 ratio1=  1.841133788637921E-006 ratio2=  2.761025782470704E-006
 nchek=           0
 ngvar in output=           7 nstre=           4
 ***********RESTART FILE IS UPDATED!*******
 time: 16:00:59
 iblks=           1 iincs=           1 istep=         461
 outinp=           0
 iiter=           1
Begin forming various matrix       at 2026-09-02 16:01:14 
 ktsmat=           0
 ntelgroup=           0
Begin solution global equation     at 2026-09-02 16:01:14 
                     istep=         461 iiter=           1
                     conver_load check
 resid=   54816.1676847867      retot=  1.101610837669544E+015
 ratio1=  7.054077633424305E-006 ratio2=  3.339785045927817E-006
 nchek0=           0 toler_force=  1.000000000000000E-005
 nchek=           0
                    conver_nodal_value check
               Convergence check for displacement
 ratio1=  1.348328302461891E-003 ratio2=  3.359430442333685E-003
                            not converged for checki=           1
 iiter=           2
Begin forming various matrix       at 2026-09-02 16:01:14 
 ktsmat=           0
Begin solution global equation     at 2026-09-02 16:01:14 
                     istep=         461 iiter=           2
                     conver_load check
 resid=  7.481613108800104E-002 retot=  1.101610837669544E+015
 ratio1=  8.241068482678851E-009 ratio2=  2.560021203916140E-009
 nchek0=           0 toler_force=  1.000000000000000E-005
 nchek=           0
                    conver_nodal_value check
               Convergence check for displacement
 ratio1=  1.365218063804468E-006 ratio2=  2.161205672690276E-006
 nchek=           0
 ***********RESTART FILE IS UPDATED!*******
 time: 16:00:59
 iblks=           1 iincs=           1 istep=         462
 outinp=           0
 iiter=           1
Begin forming various matrix       at 2026-09-02 16:01:14 
 ktsmat=           0
 ntelgroup=           0
Begin solution global equation     at 2026-09-02 16:01:14 
                     istep=         462 iiter=           1
                     conver_load check
 resid=   52703.0875646466      retot=  1.018775118512172E+015
 ratio1=  7.192483338705286E-006 ratio2=  3.236029691623605E-006
 nchek0=           0 toler_force=  1.000000000000000E-005
 nchek=           0
                    conver_nodal_value check
               Convergence check for displacement
 ratio1=  1.373071564491456E-003 ratio2=  3.431693371235242E-003
                            not converged for checki=           1
 iiter=           2
Begin forming various matrix       at 2026-09-02 16:01:14 
 ktsmat=           0
Begin solution global equation     at 2026-09-02 16:01:14 
                     istep=         462 iiter=           2
                     conver_load check
 resid=  7.546510833387841E-002 retot=  1.018775118512172E+015
 ratio1=  8.606645895291991E-009 ratio2=  2.544430617234037E-009
 nchek0=           0 toler_force=  1.000000000000000E-005
 nchek=           0
                    conver_nodal_value check
               Convergence check for displacement
 ratio1=  1.532784064864469E-006 ratio2=  2.178414399942500E-006
 nchek=           0
 ngvar in output=           7 nstre=           4
 ***********RESTART FILE IS UPDATED!*******
 time: 16:00:59
 iblks=           1 iincs=           1 istep=         463
 outinp=           0
 iiter=           1
Begin forming various matrix       at 2026-09-02 16:01:14 
 ktsmat=           0
 ntelgroup=           0
Begin solution global equation     at 2026-09-02 16:01:14 
                     istep=         463 iiter=           1
                     conver_load check
 resid=   75186.4630280563      retot=   944367441354936.     
 ratio1=  8.922762320490181E-006 ratio2=  4.075548780380765E-006
 nchek0=           0 toler_force=  1.000000000000000E-005
 nchek=           0
                    conver_nodal_value check
               Convergence check for displacement
 ratio1=  1.659601351051273E-003 ratio2=  3.987176786552061E-003
                            not converged for checki=           1
 iiter=           2
Begin forming various matrix       at 2026-09-02 16:01:14 
 ktsmat=           0
Begin solution global equation     at 2026-09-02 16:01:14 
                     istep=         463 iiter=           2
                     conver_load check
 resid=  0.118397029101839      retot=   944367441354936.     
 ratio1=  1.119695414491129E-008 ratio2=  3.285229407285279E-009
 nchek0=           0 toler_force=  1.000000000000000E-005
 nchek=           0
                    conver_nodal_value check
               Convergence check for displacement
 ratio1=  1.868672776844665E-006 ratio2=  2.838289332381794E-006
 nchek=           0
 ***********RESTART FILE IS UPDATED!*******
 time: 16:00:59
 iblks=           1 iincs=           1 istep=         464
 outinp=           0
 iiter=           1
Begin forming various matrix       at 2026-09-02 16:01:14 
 ktsmat=           0
 ntelgroup=           0
Begin solution global equation     at 2026-09-02 16:01:14 
                     istep=         464 iiter=           1
                     conver_load check
 resid=   76597.2458798280      retot=   875597146008492.     
 ratio1=  9.353074821643764E-006 ratio2=  4.257157398165951E-006
 nchek0=           0 toler_force=  1.000000000000000E-005
 nchek=           0
                    conver_nodal_value check
               Convergence check for displacement
 ratio1=  1.734893396571100E-003 ratio2=  4.162232520385459E-003
                            not converged for checki=           1
 iiter=           2
Begin forming various matrix       at 2026-09-02 16:01:14 
 ktsmat=           0
Begin solution global equation     at 2026-09-02 16:01:14 
                     istep=         464 iiter=           2
                     conver_load check
 resid=  0.118544814245677      retot=   875597146008492.     
 ratio1=  1.163560880375679E-008 ratio2=  3.448885366978933E-009
 nchek0=           0 toler_force=  1.000000000000000E-005
 nchek=           0
                    conver_nodal_value check
               Convergence check for displacement
 ratio1=  1.927896671983590E-006 ratio2=  2.970860463799306E-006
 nchek=           0
 ngvar in output=           7 nstre=           4
 ***********RESTART FILE IS UPDATED!*******
 time: 16:00:59
 iblks=           1 iincs=           1 istep=         465
 outinp=           0
 iiter=           1
Begin forming various matrix       at 2026-09-02 16:01:14 
 ktsmat=           0
 ntelgroup=           0
Begin solution global equation     at 2026-09-02 16:01:14 
                     istep=         465 iiter=           1
                     conver_load check
 resid=   86603.6267712398      retot=   811258679550090.     
 ratio1=  1.033209431008800E-005 ratio2=  4.731895553724204E-006
 nchek0=           0 toler_force=  1.000000000000000E-005
 nchek=           1
 iiter=           2
Begin forming various matrix       at 2026-09-02 16:01:14 
 ktsmat=           0
Begin solution global equation     at 2026-09-02 16:01:14 
                     istep=         465 iiter=           2
                     conver_load check
 resid=  0.136514737305316      retot=   811258679550090.     
 ratio1=  1.297209410929319E-008 ratio2=  3.846538365159626E-009
 nchek0=           0 toler_force=  1.000000000000000E-005
 nchek=           0
                    conver_nodal_value check
               Convergence check for displacement
 ratio1=  2.184955754794529E-006 ratio2=  3.258084834944973E-006
 nchek=           0
 ***********RESTART FILE IS UPDATED!*******
 time: 16:00:59
 iblks=           1 iincs=           1 istep=         466
 outinp=           0
 iiter=           1
Begin forming various matrix       at 2026-09-02 16:01:14 
 ktsmat=           0
 ntelgroup=           0
Begin solution global equation     at 2026-09-02 16:01:14 
                     istep=         466 iiter=           1
                     conver_load check
 resid=   72281.2754627766      retot=   750437846805464.     
 ratio1=  9.814214356899751E-006 ratio2=  4.616472255665894E-006
 nchek0=           0 toler_force=  1.000000000000000E-005
 nchek=           0
                    conver_nodal_value check
               Convergence check for displacement
 ratio1=  1.819023655319326E-003 ratio2=  4.339887408939896E-003
                            not converged for checki=           1
 iiter=           2
Begin forming various matrix       at 2026-09-02 16:01:14 
 ktsmat=           0
Begin solution global equation     at 2026-09-02 16:01:14 
                     istep=         466 iiter=           2
                     conver_load check
 resid=  0.103662279607157      retot=   750437846805464.     
 ratio1=  1.175311574685121E-008 ratio2=  3.634376223667104E-009
 nchek0=           0 toler_force=  1.000000000000000E-005
 nchek=           0
                    conver_nodal_value check
               Convergence check for displacement
 ratio1=  1.924553603045970E-006 ratio2=  3.031423916226712E-006
 nchek=           0
 ngvar in output=           7 nstre=           4
 ***********RESTART FILE IS UPDATED!*******
 time: 16:00:59
 iblks=           1 iincs=           1 istep=         467
 outinp=           0
 iiter=           1
Begin forming various matrix       at 2026-09-02 16:01:14 
 ktsmat=           0
 ntelgroup=           0
Begin solution global equation     at 2026-09-02 16:01:14 
                     istep=         467 iiter=           1
                     conver_load check
 resid=   56543.3106079313      retot=   692273163655389.     
 ratio1=  9.037574040236752E-006 ratio2=  4.218052109722209E-006
 nchek0=           0 toler_force=  1.000000000000000E-005
 nchek=           0
                    conver_nodal_value check
               Convergence check for displacement
 ratio1=  1.695582382498821E-003 ratio2=  4.421652032012173E-003
                            not converged for checki=           1
 iiter=           2
Begin forming various matrix       at 2026-09-02 16:01:14 
 ktsmat=           0
Begin solution global equation     at 2026-09-02 16:01:14 
                     istep=         467 iiter=           2
                     conver_load check
 resid=  7.855712693607719E-002 retot=   692273163655389.     
 ratio1=  1.065256143897733E-008 ratio2=  3.281064616195228E-009
 nchek0=           0 toler_force=  1.000000000000000E-005
 nchek=           0
                    conver_nodal_value check
               Convergence check for displacement
 ratio1=  1.751767341021825E-006 ratio2=  2.704380907582714E-006
 nchek=           0
 ***********RESTART FILE IS UPDATED!*******
 time: 16:00:59
 iblks=           1 iincs=           1 istep=         468
 outinp=           0
 iiter=           1
Begin forming various matrix       at 2026-09-02 16:01:14 
 ktsmat=           0
 ntelgroup=           0
Begin solution global equation     at 2026-09-02 16:01:14 
                     istep=         468 iiter=           1
                     conver_load check
 resid=   47665.2058569182      retot=   638193808992090.     
 ratio1=  8.642202595322632E-006 ratio2=  4.124780259879634E-006
 nchek0=           0 toler_force=  1.000000000000000E-005
 nchek=           0
                    conver_nodal_value check
               Convergence check for displacement
 ratio1=  1.638833194655548E-003 ratio2=  4.732538335854267E-003
                            not converged for checki=           1
 iiter=           2
Begin forming various matrix       at 2026-09-02 16:01:14 
 ktsmat=           0
Begin solution global equation     at 2026-09-02 16:01:14 
                     istep=         468 iiter=           2
                     conver_load check
 resid=  5.474634929384239E-002 retot=   638193808992090.     
 ratio1=  9.261925611202760E-009 ratio2=  2.985597722605173E-009
 nchek0=           0 toler_force=  1.000000000000000E-005
 nchek=           0
                    conver_nodal_value check
               Convergence check for displacement
 ratio1=  1.507205101365219E-006 ratio2=  2.413947079954744E-006
 nchek=           0
 ngvar in output=           7 nstre=           4
 ***********RESTART FILE IS UPDATED!*******
 time: 16:00:59
 iblks=           1 iincs=           1 istep=         469
 outinp=           0
 iiter=           1
Begin forming various matrix       at 2026-09-02 16:01:14 
 ktsmat=           0
 ntelgroup=           0
Begin solution global equation     at 2026-09-02 16:01:14 
                     istep=         469 iiter=           1
                     conver_load check
 resid=   37003.5221214716      retot=   585738558679119.     
 ratio1=  7.948215337140108E-006 ratio2=  3.789878646125821E-006
 nchek0=           0 toler_force=  1.000000000000000E-005
 nchek=           0
                    conver_nodal_value check
               Convergence check for displacement
 ratio1=  1.533553865462816E-003 ratio2=  4.617064000645714E-003
                            not converged for checki=           1
 iiter=           2
Begin forming various matrix       at 2026-09-02 16:01:14 
 ktsmat=           0
Begin solution global equation     at 2026-09-02 16:01:14 
                     istep=         469 iiter=           2
                     conver_load check
 resid=  4.041159426518335E-002 retot=   585738558679119.     
 ratio1=  8.306175153357485E-009 ratio2=  2.701208471200159E-009
 nchek0=           0 toler_force=  1.000000000000000E-005
 nchek=           0
                    conver_nodal_value check
               Convergence check for displacement
 ratio1=  1.380176860626592E-006 ratio2=  2.149373644304537E-006
 nchek=           0
 ***********RESTART FILE IS UPDATED!*******
 time: 16:00:59
 iblks=           1 iincs=           1 istep=         470
 outinp=           0
 iiter=           1
Begin forming various matrix       at 2026-09-02 16:01:14 
 ktsmat=           0
 ntelgroup=           0
Begin solution global equation     at 2026-09-02 16:01:14 
                     istep=         470 iiter=           1
                     conver_load check
 resid=   49381.1305101827      retot=   533472082342620.     
 ratio1=  9.621098605419140E-006 ratio2=  4.534868422635697E-006
 nchek0=           0 toler_force=  1.000000000000000E-005
 nchek=           0
                    conver_nodal_value check
               Convergence check for displacement
 ratio1=  1.798383536554749E-003 ratio2=  4.710671109057906E-003
                            not converged for checki=           1
 iiter=           2
Begin forming various matrix       at 2026-09-02 16:01:14 
 ktsmat=           0
Begin solution global equation     at 2026-09-02 16:01:14 
                     istep=         470 iiter=           2
                     conver_load check
 resid=  5.904889402366472E-002 retot=   533472082342620.     
 ratio1=  1.052083078260029E-008 ratio2=  3.333773373635208E-009
 nchek0=           0 toler_force=  1.000000000000000E-005
 nchek=           0
                    conver_nodal_value check
               Convergence check for displacement
 ratio1=  1.689485838756790E-006 ratio2=  2.679159285141455E-006
 nchek=           0
 ngvar in output=           7 nstre=           4
 ***********RESTART FILE IS UPDATED!*******
 time: 16:00:59
 iblks=           1 iincs=           1 istep=         471
 outinp=           0
 iiter=           1
Begin forming various matrix       at 2026-09-02 16:01:14 
 ktsmat=           0
 ntelgroup=           0
Begin solution global equation     at 2026-09-02 16:01:14 
                     istep=         471 iiter=           1
                     conver_load check
 resid=   48113.7513897606      retot=   483467918262897.     
 ratio1=  9.975869966648784E-006 ratio2=  4.566383260218240E-006
 nchek0=           0 toler_force=  1.000000000000000E-005
 nchek=           0
                    conver_nodal_value check
               Convergence check for displacement
 ratio1=  1.845584083118968E-003 ratio2=  4.838954235448226E-003
                            not converged for checki=           1
 iiter=           2
Begin forming various matrix       at 2026-09-02 16:01:14 
 ktsmat=           0
Begin solution global equation     at 2026-09-02 16:01:14 
                     istep=         471 iiter=           2
                     conver_load check
 resid=  6.012670640734397E-002 retot=   483467918262897.     
 ratio1=  1.115192595319538E-008 ratio2=  3.413317360859399E-009
 nchek0=           0 toler_force=  1.000000000000000E-005
 nchek=           0
                    conver_nodal_value check
               Convergence check for displacement
 ratio1=  1.782731209297871E-006 ratio2=  2.802622180429118E-006
 nchek=           0
 ***********RESTART FILE IS UPDATED!*******
 time: 16:00:59
 iblks=           1 iincs=           1 istep=         472
 outinp=           0
 iiter=           1
Begin forming various matrix       at 2026-09-02 16:01:14 
 ktsmat=           0
 ntelgroup=           0
Begin solution global equation     at 2026-09-02 16:01:14 
                     istep=         472 iiter=           1
                     conver_load check
 resid=   45982.5337880539      retot=   437291708356631.     
 ratio1=  1.025441354775285E-005 ratio2=  4.568540686337203E-006
 nchek0=           0 toler_force=  1.000000000000000E-005
 nchek=           1
 iiter=           2
Begin forming various matrix       at 2026-09-02 16:01:14 
 ktsmat=           0
Begin solution global equation     at 2026-09-02 16:01:14 
                     istep=         472 iiter=           2
                     conver_load check
 resid=  5.542067217242534E-002 retot=   437291708356631.     
 ratio1=  1.125771560238579E-008 ratio2=  3.385582238672159E-009
 nchek0=           0 toler_force=  1.000000000000000E-005
 nchek=           0
                    conver_nodal_value check
               Convergence check for displacement
 ratio1=  1.771325884762713E-006 ratio2=  2.791431854302894E-006
 nchek=           0
 ngvar in output=           7 nstre=           4
 ***********RESTART FILE IS UPDATED!*******
 time: 16:00:59
 iblks=           1 iincs=           1 istep=         473
 outinp=           0
 iiter=           1
Begin forming various matrix       at 2026-09-02 16:01:14 
 ktsmat=           0
 ntelgroup=           0
Begin solution global equation     at 2026-09-02 16:01:14 
                     istep=         473 iiter=           1
                     conver_load check
 resid=   60740.4745034003      retot=   395530539825883.     
 ratio1=  1.239221898025303E-005 ratio2=  5.551541240850601E-006
 nchek0=           0 toler_force=  1.000000000000000E-005
 nchek=           1
 iiter=           2
Begin forming various matrix       at 2026-09-02 16:01:14 
 ktsmat=           0
Begin solution global equation     at 2026-09-02 16:01:14 
                     istep=         473 iiter=           2
                     conver_load check
 resid=  7.878720204846150E-002 retot=   395530539825883.     
 ratio1=  1.411360075198617E-008 ratio2=  4.168427149784343E-009
 nchek0=           0 toler_force=  1.000000000000000E-005
 nchek=           0
                    conver_nodal_value check
               Convergence check for displacement
 ratio1=  2.200167097474685E-006 ratio2=  3.419849130647840E-006
 nchek=           0
 ***********RESTART FILE IS UPDATED!*******
 time: 16:00:59
 iblks=           1 iincs=           1 istep=         474
 outinp=           0
 iiter=           1
Begin forming various matrix       at 2026-09-02 16:01:14 
 ktsmat=           0
 ntelgroup=           0
Begin solution global equation     at 2026-09-02 16:01:14 
                     istep=         474 iiter=           1
                     conver_load check
 resid=   51684.9046974704      retot=   357591802714031.     
 ratio1=  1.202231443879305E-005 ratio2=  5.372339953133594E-006
 nchek0=           0 toler_force=  1.000000000000000E-005
 nchek=           1
 iiter=           2
Begin forming various matrix       at 2026-09-02 16:01:14 
 ktsmat=           0
Begin solution global equation     at 2026-09-02 16:01:14 
                     istep=         474 iiter=           2
                     conver_load check
 resid=  6.075169547497764E-002 retot=   357591802714031.     
 ratio1=  1.303423131689813E-008 ratio2=  3.967164330957618E-009
 nchek0=           0 toler_force=  1.000000000000000E-005
 nchek=           0
                    conver_nodal_value check
               Convergence check for displacement
 ratio1=  1.999468254741634E-006 ratio2=  3.213716323255741E-006
 nchek=           0
 ngvar in output=           7 nstre=           4
 ***********RESTART FILE IS UPDATED!*******
 time: 16:00:59
 iblks=           1 iincs=           1 istep=         475
 outinp=           0
 iiter=           1
Begin forming various matrix       at 2026-09-02 16:01:14 
 ktsmat=           0
 ntelgroup=           0
Begin solution global equation     at 2026-09-02 16:01:14 
                     istep=         475 iiter=           1
                     conver_load check
 resid=   45767.5102865973      retot=   322502565123713.     
 ratio1=  1.191275080809368E-005 ratio2=  5.419295016583550E-006
 nchek0=           0 toler_force=  1.000000000000000E-005
 nchek=           1
 iiter=           2
Begin forming various matrix       at 2026-09-02 16:01:14 
 ktsmat=           0
Begin solution global equation     at 2026-09-02 16:01:14 
                     istep=         475 iiter=           2
                     conver_load check
 resid=  4.876554230745174E-002 retot=   322502565123713.     
 ratio1=  1.229673864062474E-008 ratio2=  3.838061024497680E-009
 nchek0=           0 toler_force=  1.000000000000000E-005
 nchek=           0
                    conver_nodal_value check
               Convergence check for displacement
 ratio1=  1.868181854086747E-006 ratio2=  3.001627853940598E-006
 nchek=           0
 ***********RESTART FILE IS UPDATED!*******
 time: 16:00:59
 iblks=           1 iincs=           1 istep=         476
 outinp=           0
 iiter=           1
Begin forming various matrix       at 2026-09-02 16:01:14 
 ktsmat=           0
 ntelgroup=           0
Begin solution global equation     at 2026-09-02 16:01:14 
                     istep=         476 iiter=           1
                     conver_load check
 resid=   43122.0319908079      retot=   290424561597204.     
 ratio1=  1.218520773489486E-005 ratio2=  5.675786822099970E-006
 nchek0=           0 toler_force=  1.000000000000000E-005
 nchek=           1
 iiter=           2
Begin forming various matrix       at 2026-09-02 16:01:14 
 ktsmat=           0
Begin solution global equation     at 2026-09-02 16:01:14 
                     istep=         476 iiter=           2
                     conver_load check
 resid=  4.575199229342401E-002 retot=   290424561597204.     
 ratio1=  1.255128912765962E-008 ratio2=  4.034328343103982E-009
 nchek0=           0 toler_force=  1.000000000000000E-005
 nchek=           0
                    conver_nodal_value check
               Convergence check for displacement
 ratio1=  1.951190555454091E-006 ratio2=  3.058631232790001E-006
 nchek=           0
 ngvar in output=           7 nstre=           4
 ***********RESTART FILE IS UPDATED!*******
 time: 16:00:59
 iblks=           1 iincs=           1 istep=         477
 outinp=           0
 iiter=           1
Begin forming various matrix       at 2026-09-02 16:01:14 
 ktsmat=           0
 ntelgroup=           0
Begin solution global equation     at 2026-09-02 16:01:14 
                     istep=         477 iiter=           1
                     conver_load check
 resid=   53966.8725647829      retot=   262179131914888.     
 ratio1=  1.434711452039212E-005 ratio2=  6.823493640309058E-006
 nchek0=           0 toler_force=  1.000000000000000E-005
 nchek=           1
 iiter=           2
Begin forming various matrix       at 2026-09-02 16:01:14 
 ktsmat=           0
Begin solution global equation     at 2026-09-02 16:01:14 
                     istep=         477 iiter=           2
                     conver_load check
 resid=  6.924000695870283E-002 retot=   262179131914888.     
 ratio1=  1.625097756848890E-008 ratio2=  5.188894286638090E-009
 nchek0=           0 toler_force=  1.000000000000000E-005
 nchek=           0
                    conver_nodal_value check
               Convergence check for displacement
 ratio1=  2.433469470754274E-006 ratio2=  3.780036301505805E-006
 nchek=           0
 ***********RESTART FILE IS UPDATED!*******
 time: 16:00:59
 iblks=           1 iincs=           1 istep=         478
 outinp=           0
 iiter=           1
Begin forming various matrix       at 2026-09-02 16:01:14 
 ktsmat=           0
 ntelgroup=           0
Begin solution global equation     at 2026-09-02 16:01:14 
                     istep=         478 iiter=           1
                     conver_load check
 resid=   58325.2572657978      retot=   235971404504641.     
 ratio1=  1.572166879366994E-005 ratio2=  7.766773370662908E-006
 nchek0=           0 toler_force=  1.000000000000000E-005
 nchek=           1
 iiter=           2
Begin forming various matrix       at 2026-09-02 16:01:14 
 ktsmat=           0
Begin solution global equation     at 2026-09-02 16:01:14 
                     istep=         478 iiter=           2
                     conver_load check
 resid=  7.163060618483116E-002 retot=   235971404504641.     
 ratio1=  1.742286712471911E-008 ratio2=  5.769176607342182E-009
 nchek0=           0 toler_force=  1.000000000000000E-005
 nchek=           0
                    conver_nodal_value check
               Convergence check for displacement
 ratio1=  2.676170461154180E-006 ratio2=  4.053906228583191E-006
 nchek=           0
 ngvar in output=           7 nstre=           4
 ***********RESTART FILE IS UPDATED!*******
 time: 16:00:59
 iblks=           1 iincs=           1 istep=         479
 outinp=           0
 iiter=           1
Begin forming various matrix       at 2026-09-02 16:01:14 
 ktsmat=           0
 ntelgroup=           0
Begin solution global equation     at 2026-09-02 16:01:14 
                     istep=         479 iiter=           1
                     conver_load check
 resid=   52262.5054872632      retot=   210552295881067.     
 ratio1=  1.575488082556420E-005 ratio2=  7.623762701956407E-006
 nchek0=           0 toler_force=  1.000000000000000E-005
 nchek=           1
 iiter=           2
Begin forming various matrix       at 2026-09-02 16:01:14 
 ktsmat=           0
Begin solution global equation     at 2026-09-02 16:01:14 
                     istep=         479 iiter=           2
                     conver_load check
 resid=  6.591869809021249E-002 retot=   210552295881067.     
 ratio1=  1.769393061898965E-008 ratio2=  5.789342723470795E-009
 nchek0=           0 toler_force=  1.000000000000000E-005
 nchek=           0
                    conver_nodal_value check
               Convergence check for displacement
 ratio1=  2.650049174590167E-006 ratio2=  4.037945977763655E-006
 nchek=           0
 ***********RESTART FILE IS UPDATED!*******
 time: 16:00:59
 iblks=           1 iincs=           1 istep=         480
 outinp=           0
 iiter=           1
Begin forming various matrix       at 2026-09-02 16:01:14 
 ktsmat=           0
 ntelgroup=           0
Begin solution global equation     at 2026-09-02 16:01:14 
                     istep=         480 iiter=           1
                     conver_load check
 resid=   48627.5056915289      retot=   186754553883151.     
 ratio1=  1.613635338701643E-005 ratio2=  7.741891134032813E-006
 nchek0=           0 toler_force=  1.000000000000000E-005
 nchek=           1
 iiter=           2
Begin forming various matrix       at 2026-09-02 16:01:14 
 ktsmat=           0
Begin solution global equation     at 2026-09-02 16:01:14 
                     istep=         480 iiter=           2
                     conver_load check
 resid=  5.243916048304373E-002 retot=   186754553883151.     
 ratio1=  1.675684547758656E-008 ratio2=  5.476013982098971E-009
 nchek0=           0 toler_force=  1.000000000000000E-005
 nchek=           0
                    conver_nodal_value check
               Convergence check for displacement
 ratio1=  2.448598884249912E-006 ratio2=  3.861263983989154E-006
 nchek=           0
 ngvar in output=           7 nstre=           4
 ***********RESTART FILE IS UPDATED!*******
 time: 16:00:59
 iblks=           1 iincs=           1 istep=         481
 outinp=           0
 iiter=           1
Begin forming various matrix       at 2026-09-02 16:01:14 
 ktsmat=           0
 ntelgroup=           0
Begin solution global equation     at 2026-09-02 16:01:14 
                     istep=         481 iiter=           1
                     conver_load check
 resid=   42633.1675424084      retot=   163408969824363.     
 ratio1=  1.615235512421575E-005 ratio2=  7.364315754238065E-006
 nchek0=           0 toler_force=  1.000000000000000E-005
 nchek=           1
 iiter=           2
Begin forming various matrix       at 2026-09-02 16:01:14 
 ktsmat=           0
Begin solution global equation     at 2026-09-02 16:01:14 
                     istep=         481 iiter=           2
                     conver_load check
 resid=  4.520097384705195E-002 retot=   163408969824363.     
 ratio1=  1.663167346681998E-008 ratio2=  5.230782370328360E-009
 nchek0=           0 toler_force=  1.000000000000000E-005
 nchek=           0
                    conver_nodal_value check
               Convergence check for displacement
 ratio1=  2.585652663101949E-006 ratio2=  3.759373357980131E-006
 nchek=           0
 ***********RESTART FILE IS UPDATED!*******
 time: 16:00:59
 iblks=           1 iincs=           1 istep=         482
 outinp=           0
 iiter=           1
Begin forming various matrix       at 2026-09-02 16:01:14 
 ktsmat=           0
 ntelgroup=           0
Begin solution global equation     at 2026-09-02 16:01:14 
                     istep=         482 iiter=           1
                     conver_load check
 resid=   42416.1993137492      retot=   142102954404973.     
 ratio1=  1.727684042380880E-005 ratio2=  7.642618401819531E-006
 nchek0=           0 toler_force=  1.000000000000000E-005
 nchek=           1
 iiter=           2
Begin forming various matrix       at 2026-09-02 16:01:14 
 ktsmat=           0
Begin solution global equation     at 2026-09-02 16:01:14 
                     istep=         482 iiter=           2
                     conver_load check
 resid=  4.324209914481437E-002 retot=   142102954404973.     
 ratio1=  1.744423105659391E-008 ratio2=  5.375226997369050E-009
 nchek0=           0 toler_force=  1.000000000000000E-005
 nchek=           0
                    conver_nodal_value check
               Convergence check for displacement
 ratio1=  2.456754156942817E-006 ratio2=  3.869711610392806E-006
 nchek=           0
 ngvar in output=           7 nstre=           4
 ***********RESTART FILE IS UPDATED!*******
 time: 16:00:59
 iblks=           1 iincs=           1 istep=         483
 outinp=           0
 iiter=           1
Begin forming various matrix       at 2026-09-02 16:01:14 
 ktsmat=           0
 ntelgroup=           0
Begin solution global equation     at 2026-09-02 16:01:14 
                     istep=         483 iiter=           1
                     conver_load check
 resid=   41900.7047992331      retot=   122734852820852.     
 ratio1=  1.847679800642482E-005 ratio2=  8.264976637423857E-006
 nchek0=           0 toler_force=  1.000000000000000E-005
 nchek=           1
 iiter=           2
Begin forming various matrix       at 2026-09-02 16:01:14 
 ktsmat=           0
Begin solution global equation     at 2026-09-02 16:01:14 
                     istep=         483 iiter=           2
                     conver_load check
 resid=  3.953487967658893E-002 retot=   122734852820852.     
 ratio1=  1.794759486755515E-008 ratio2=  5.601806013300625E-009
 nchek0=           0 toler_force=  1.000000000000000E-005
 nchek=           0
                    conver_nodal_value check
               Convergence check for displacement
 ratio1=  2.551499382160737E-006 ratio2=  3.932914176500771E-006
 nchek=           0
 ***********RESTART FILE IS UPDATED!*******
 time: 16:00:59
 iblks=           1 iincs=           1 istep=         484
 outinp=           0
 iiter=           1
Begin forming various matrix       at 2026-09-02 16:01:14 
 ktsmat=           0
 ntelgroup=           0
Begin solution global equation     at 2026-09-02 16:01:14 
                     istep=         484 iiter=           1
                     conver_load check
 resid=   38619.7037313829      retot=   106051643541410.     
 ratio1=  1.908296119626266E-005 ratio2=  8.407127677284395E-006
 nchek0=           0 toler_force=  1.000000000000000E-005
 nchek=           1
 iiter=           2
Begin forming various matrix       at 2026-09-02 16:01:14 
 ktsmat=           0
Begin solution global equation     at 2026-09-02 16:01:14 
                     istep=         484 iiter=           2
                     conver_load check
 resid=  3.652573187372492E-002 retot=   106051643541410.     
 ratio1=  1.855840985311907E-008 ratio2=  5.825725499127457E-009
 nchek0=           0 toler_force=  1.000000000000000E-005
 nchek=           0
                    conver_nodal_value check
               Convergence check for displacement
 ratio1=  2.815242853146867E-006 ratio2=  3.980080827002511E-006
 nchek=           0
 ngvar in output=           7 nstre=           4
 ***********RESTART FILE IS UPDATED!*******
 time: 16:00:59
 iblks=           1 iincs=           1 istep=         485
 outinp=           0
 iiter=           1
Begin forming various matrix       at 2026-09-02 16:01:14 
 ktsmat=           0
 ntelgroup=           0
Begin solution global equation     at 2026-09-02 16:01:14 
                     istep=         485 iiter=           1
                     conver_load check
 resid=   46093.1306388552      retot=   93090927163481.6     
 ratio1=  2.225176297865916E-005 ratio2=  1.015900605779462E-005
 nchek0=           0 toler_force=  1.000000000000000E-005
 nchek=           1
 iiter=           2
Begin forming various matrix       at 2026-09-02 16:01:14 
 ktsmat=           0
Begin solution global equation     at 2026-09-02 16:01:14 
                     istep=         485 iiter=           2
                     conver_load check
 resid=  5.050388291494232E-002 retot=   93090927163481.6     
 ratio1=  2.329210326324535E-008 ratio2=  7.231009203893463E-009
 nchek0=           0 toler_force=  1.000000000000000E-005
 nchek=           0
                    conver_nodal_value check
               Convergence check for displacement
 ratio1=  3.209915240379394E-006 ratio2=  4.767931398644298E-006
 nchek=           0
 ***********RESTART FILE IS UPDATED!*******
 time: 16:00:59
 iblks=           1 iincs=           1 istep=         486
 outinp=           0
 iiter=           1
Begin forming various matrix       at 2026-09-02 16:01:14 
 ktsmat=           0
 ntelgroup=           0
Begin solution global equation     at 2026-09-02 16:01:14 
                     istep=         486 iiter=           1
                     conver_load check
 resid=   47847.4316446149      retot=   81997687539570.4     
 ratio1=  2.415619423049166E-005 ratio2=  1.178141718098521E-005
 nchek0=           0 toler_force=  1.000000000000000E-005
 nchek=           1
 iiter=           2
Begin forming various matrix       at 2026-09-02 16:01:14 
 ktsmat=           0
Begin solution global equation     at 2026-09-02 16:01:14 
                     istep=         486 iiter=           2
                     conver_load check
 resid=  5.040800599404336E-002 retot=   81997687539570.4     
 ratio1=  2.479413472564215E-008 ratio2=  8.353699472674337E-009
 nchek0=           0 toler_force=  1.000000000000000E-005
 nchek=           0
                    conver_nodal_value check
               Convergence check for displacement
 ratio1=  3.662451213590854E-006 ratio2=  5.108288296975520E-006
 nchek=           0
 ngvar in output=           7 nstre=           4
 ***********RESTART FILE IS UPDATED!*******
 time: 16:00:59
 iblks=           1 iincs=           1 istep=         487
 outinp=           0
 iiter=           1
Begin forming various matrix       at 2026-09-02 16:01:14 
 ktsmat=           0
 ntelgroup=           0
Begin solution global equation     at 2026-09-02 16:01:14 
                     istep=         487 iiter=           1
                     conver_load check
 resid=   39771.4079969278      retot=   71022988614461.7     
 ratio1=  2.366388311426020E-005 ratio2=  1.250862132129242E-005
 nchek0=           0 toler_force=  1.000000000000000E-005
 nchek=           1
 iiter=           2
Begin forming various matrix       at 2026-09-02 16:01:14 
 ktsmat=           0
Begin solution global equation     at 2026-09-02 16:01:14 
                     istep=         487 iiter=           2
                     conver_load check
 resid=  3.713291051539422E-002 retot=   71022988614461.7     
 ratio1=  2.286546426831481E-008 ratio2=  8.471560943133724E-009
 nchek0=           0 toler_force=  1.000000000000000E-005
 nchek=           0
                    conver_nodal_value check
               Convergence check for displacement
 ratio1=  3.131672177995445E-006 ratio2=  4.686214227369513E-006
 nchek=           0
 ***********RESTART FILE IS UPDATED!*******
 time: 16:00:59
 iblks=           1 iincs=           1 istep=         488
 outinp=           0
 iiter=           1
Begin forming various matrix       at 2026-09-02 16:01:14 
 ktsmat=           0
 ntelgroup=           0
Begin solution global equation     at 2026-09-02 16:01:14 
                     istep=         488 iiter=           1
                     conver_load check
 resid=   44471.8959522524      retot=   60250879388878.5     
 ratio1=  2.716821637793433E-005 ratio2=  1.550094711758215E-005
 nchek0=           0 toler_force=  1.000000000000000E-005
 nchek=           1
 iiter=           2
Begin forming various matrix       at 2026-09-02 16:01:14 
 ktsmat=           0
Begin solution global equation     at 2026-09-02 16:01:14 
                     istep=         488 iiter=           2
                     conver_load check
 resid=  4.309229430055204E-002 retot=   60250879388878.5     
 ratio1=  2.674349196793371E-008 ratio2=  1.063769424179850E-008
 nchek0=           0 toler_force=  1.000000000000000E-005
 nchek=           0
                    conver_nodal_value check
               Convergence check for displacement
 ratio1=  3.970827505925461E-006 ratio2=  5.317087641029560E-006
 nchek=           0
 ngvar in output=           7 nstre=           4
 ***********RESTART FILE IS UPDATED!*******
 time: 16:00:59
 iblks=           1 iincs=           1 istep=         489
 outinp=           0
 iiter=           1
Begin forming various matrix       at 2026-09-02 16:01:15 
 ktsmat=           0
 ntelgroup=           0
Begin solution global equation     at 2026-09-02 16:01:15 
                     istep=         489 iiter=           1
                     conver_load check
 resid=   46276.7191353249      retot=   51297839204684.2     
 ratio1=  3.003528413299011E-005 ratio2=  1.877164381454245E-005
 nchek0=           0 toler_force=  1.000000000000000E-005
 nchek=           1
 iiter=           2
Begin forming various matrix       at 2026-09-02 16:01:15 
 ktsmat=           0
Begin solution global equation     at 2026-09-02 16:01:15 
                     istep=         489 iiter=           2
                     conver_load check
 resid=  4.781305740438214E-002 retot=   51297839204684.2     
 ratio1=  3.052978330821701E-008 ratio2=  1.322153595750188E-008
 nchek0=           0 toler_force=  1.000000000000000E-005
 nchek=           0
                    conver_nodal_value check
               Convergence check for displacement
 ratio1=  4.248334599983558E-006 ratio2=  5.887602625616778E-006
 nchek=           0
 ***********RESTART FILE IS UPDATED!*******
 time: 16:00:59
 iblks=           1 iincs=           1 istep=         490
 outinp=           0
 iiter=           1
Begin forming various matrix       at 2026-09-02 16:01:15 
 ktsmat=           0
 ntelgroup=           0
Begin solution global equation     at 2026-09-02 16:01:15 
                     istep=         490 iiter=           1
                     conver_load check
 resid=   41707.5608757810      retot=   45088879047701.3     
 ratio1=  3.041393944710973E-005 ratio2=  1.736264759941698E-005
 nchek0=           0 toler_force=  1.000000000000000E-005
 nchek=           1
 iiter=           2
Begin forming various matrix       at 2026-09-02 16:01:15 
 ktsmat=           0
Begin solution global equation     at 2026-09-02 16:01:15 
                     istep=         490 iiter=           2
                     conver_load check
 resid=  3.843374550742057E-002 retot=   45088879047701.3     
 ratio1=  2.919588442713338E-008 ratio2=  1.166026015486011E-008
 nchek0=           0 toler_force=  1.000000000000000E-005
 nchek=           0
                    conver_nodal_value check
               Convergence check for displacement
 ratio1=  4.529466958581038E-006 ratio2=  6.543792813113352E-006
 nchek=           0
 ngvar in output=           7 nstre=           4
 ***********RESTART FILE IS UPDATED!*******
 time: 16:00:59
 iblks=           1 iincs=           1 istep=         491
 outinp=           0
 iiter=           1
Begin forming various matrix       at 2026-09-02 16:01:15 
 ktsmat=           0
 ntelgroup=           0
Begin solution global equation     at 2026-09-02 16:01:15 
                     istep=         491 iiter=           1
                     conver_load check
 resid=   43946.7789126596      retot=   41431609787359.1     
 ratio1=  3.256848978212561E-005 ratio2=  1.698886667813719E-005
 nchek0=           0 toler_force=  1.000000000000000E-005
 nchek=           1
 iiter=           2
Begin forming various matrix       at 2026-09-02 16:01:15 
 ktsmat=           0
Begin solution global equation     at 2026-09-02 16:01:15 
                     istep=         491 iiter=           2
                     conver_load check
 resid=  4.353441969213285E-002 retot=   41431609787359.1     
 ratio1=  3.241533214691647E-008 ratio2=  1.178922506744826E-008
 nchek0=           0 toler_force=  1.000000000000000E-005
 nchek=           0
                    conver_nodal_value check
               Convergence check for displacement
 ratio1=  5.094430137843860E-006 ratio2=  6.869676786366016E-006
 nchek=           0
 ***********RESTART FILE IS UPDATED!*******
 time: 16:00:59
 iblks=           1 iincs=           1 istep=         492
 outinp=           0
 iiter=           1
Begin forming various matrix       at 2026-09-02 16:01:15 
 ktsmat=           0
 ntelgroup=           0
Begin solution global equation     at 2026-09-02 16:01:15 
                     istep=         492 iiter=           1
                     conver_load check
 resid=   41272.7877233596      retot=   40710406327604.6     
 ratio1=  3.184044900197219E-005 ratio2=  1.584574551497342E-005
 nchek0=           0 toler_force=  1.000000000000000E-005
 nchek=           1
 iiter=           2
Begin forming various matrix       at 2026-09-02 16:01:15 
 ktsmat=           0
Begin solution global equation     at 2026-09-02 16:01:15 
                     istep=         492 iiter=           2
                     conver_load check
 resid=  3.743111093591785E-002 retot=   40710406327604.6     
 ratio1=  3.032240471056259E-008 ratio2=  1.061474674598395E-008
 nchek0=           0 toler_force=  1.000000000000000E-005
 nchek=           0
                    conver_nodal_value check
               Convergence check for displacement
 ratio1=  5.150196552890784E-006 ratio2=  6.886537355992895E-006
 nchek=           0
 ngvar in output=           7 nstre=           4
 ***********RESTART FILE IS UPDATED!*******
 time: 16:00:59
 iblks=           1 iincs=           1 istep=         493
 outinp=           0
 iiter=           1
Begin forming various matrix       at 2026-09-02 16:01:15 
 ktsmat=           0
 ntelgroup=           0
Begin solution global equation     at 2026-09-02 16:01:15 
                     istep=         493 iiter=           1
                     conver_load check
 resid=   45228.9979738696      retot=   43532110673981.8     
 ratio1=  3.223321468972195E-005 ratio2=  1.558439029320500E-005
 nchek0=           0 toler_force=  1.000000000000000E-005
 nchek=           1
 iiter=           2
Begin forming various matrix       at 2026-09-02 16:01:15 
 ktsmat=           0
Begin solution global equation     at 2026-09-02 16:01:15 
                     istep=         493 iiter=           2
                     conver_load check
 resid=  4.474492595088064E-002 retot=   43532110673981.8     
 ratio1=  3.206025959326162E-008 ratio2=  1.078256721931193E-008
 nchek0=           0 toler_force=  1.000000000000000E-005
 nchek=           0
                    conver_nodal_value check
               Convergence check for displacement
 ratio1=  6.501080955140979E-006 ratio2=  9.400218649843546E-006
 nchek=           0
 ***********RESTART FILE IS UPDATED!*******
 time: 16:00:59
 iblks=           1 iincs=           1 istep=         494
 outinp=           0
 iiter=           1
Begin forming various matrix       at 2026-09-02 16:01:15 
 ktsmat=           0
 ntelgroup=           0
Begin solution global equation     at 2026-09-02 16:01:15 
                     istep=         494 iiter=           1
                     conver_load check
 resid=   45108.5639007014      retot=   48919378107156.6     
 ratio1=  3.036610131914564E-005 ratio2=  1.484881205755130E-005
 nchek0=           0 toler_force=  1.000000000000000E-005
 nchek=           1
 iiter=           2
Begin forming various matrix       at 2026-09-02 16:01:15 
 ktsmat=           0
Begin solution global equation     at 2026-09-02 16:01:15 
                     istep=         494 iiter=           2
                     conver_load check
 resid=  4.414587544892795E-002 retot=   48919378107156.6     
 ratio1=  3.004032335633150E-008 ratio2=  1.018338045022187E-008
 nchek0=           0 toler_force=  1.000000000000000E-005
 nchek=           0
                    conver_nodal_value check
               Convergence check for displacement
 ratio1=  6.890695594399652E-006 ratio2=  9.098600530331560E-006
 nchek=           0
 ngvar in output=           7 nstre=           4
 ***********RESTART FILE IS UPDATED!*******
 time: 16:00:59
 iblks=           1 iincs=           1 istep=         495
 outinp=           0
 iiter=           1
Begin forming various matrix       at 2026-09-02 16:01:15 
 ktsmat=           0
 ntelgroup=           0
Begin solution global equation     at 2026-09-02 16:01:15 
                     istep=         495 iiter=           1
                     conver_load check
 resid=   37759.0443207958      retot=   54217358574384.5     
 ratio1=  2.639011721853343E-005 ratio2=  1.320229890583638E-005
 nchek0=           0 toler_force=  1.000000000000000E-005
 nchek=           1
 iiter=           2
Begin forming various matrix       at 2026-09-02 16:01:15 
 ktsmat=           0
Begin solution global equation     at 2026-09-02 16:01:15 
                     istep=         495 iiter=           2
                     conver_load check
 resid=  2.953799115220172E-002 retot=   54217358574384.5     
 ratio1=  2.334109898579692E-008 ratio2=  8.408993478606408E-009
 nchek0=           0 toler_force=  1.000000000000000E-005
 nchek=           0
                    conver_nodal_value check
               Convergence check for displacement
 ratio1=  6.837994899731431E-006 ratio2=  1.017760011439214E-005
                            not converged for checki=           1
 iiter=           3
Begin forming various matrix       at 2026-09-02 16:01:15 
 ktsmat=           0
Begin solution global equation     at 2026-09-02 16:01:15 
                     istep=         495 iiter=           3
                     conver_load check
 resid=  1.559492106657366E-007 retot=   54217358574384.5     
 ratio1=  5.363180490795004E-011 ratio2=  1.571577187972804E-011
 nchek0=           0 toler_force=  1.000000000000000E-005
 nchek=           0
                    conver_nodal_value check
               Convergence check for displacement
 ratio1=  2.620165137750658E-008 ratio2=  5.424581369545763E-008
 nchek=           0
 ***********RESTART FILE IS UPDATED!*******
 time: 16:00:59
 iblks=           1 iincs=           1 istep=         496
 outinp=           0
 iiter=           1
Begin forming various matrix       at 2026-09-02 16:01:15 
 ktsmat=           0
 ntelgroup=           0
Begin solution global equation     at 2026-09-02 16:01:15 
                     istep=         496 iiter=           1
                     conver_load check
 resid=   41841.0850955572      retot=   59877944959387.2     
 ratio1=  2.643431288115900E-005 ratio2=  1.358948117325631E-005
 nchek0=           0 toler_force=  1.000000000000000E-005
 nchek=           1
 iiter=           2
Begin forming various matrix       at 2026-09-02 16:01:15 
 ktsmat=           0
Begin solution global equation     at 2026-09-02 16:01:15 
                     istep=         496 iiter=           2
                     conver_load check
 resid=  3.786845195858257E-002 retot=   59877944959387.2     
 ratio1=  2.514810891112673E-008 ratio2=  9.144788502496074E-009
 nchek0=           0 toler_force=  1.000000000000000E-005
 nchek=           0
                    conver_nodal_value check
               Convergence check for displacement
 ratio1=  8.768810877688881E-006 ratio2=  1.277078947725839E-005
                            not converged for checki=           1
 iiter=           3
Begin forming various matrix       at 2026-09-02 16:01:15 
 ktsmat=           0
Begin solution global equation     at 2026-09-02 16:01:15 
                     istep=         496 iiter=           3
                     conver_load check
 resid=  2.126472436343189E-007 retot=   59877944959387.2     
 ratio1=  5.959316280679512E-011 ratio2=  1.796927409938384E-011
 nchek0=           0 toler_force=  1.000000000000000E-005
 nchek=           0
                    conver_nodal_value check
               Convergence check for displacement
 ratio1=  3.351494411204463E-008 ratio2=  6.729417293110362E-008
 nchek=           0
 ngvar in output=           7 nstre=           4
 ***********RESTART FILE IS UPDATED!*******
 time: 16:00:59
 iblks=           1 iincs=           1 istep=         497
 outinp=           0
 iiter=           1
Begin forming various matrix       at 2026-09-02 16:01:15 
 ktsmat=           0
 ntelgroup=           0
Begin solution global equation     at 2026-09-02 16:01:15 
                     istep=         497 iiter=           1
                     conver_load check
 resid=   43843.0733278879      retot=   67909418406949.4     
 ratio1=  2.540887808265179E-005 ratio2=  1.387454112108537E-005
 nchek0=           0 toler_force=  1.000000000000000E-005
 nchek=           1
 iiter=           2
Begin forming various matrix       at 2026-09-02 16:01:15 
 ktsmat=           0
Begin solution global equation     at 2026-09-02 16:01:15 
                     istep=         497 iiter=           2
                     conver_load check
 resid=  4.045031561953923E-002 retot=   67909418406949.4     
 ratio1=  2.440596318149987E-008 ratio2=  9.293223471872369E-009
 nchek0=           0 toler_force=  1.000000000000000E-005
 nchek=           0
                    conver_nodal_value check
               Convergence check for displacement
 ratio1=  1.027351943733045E-005 ratio2=  1.443880822268386E-005
                            not converged for checki=           1
 iiter=           3
Begin forming various matrix       at 2026-09-02 16:01:15 
 ktsmat=           0
Begin solution global equation     at 2026-09-02 16:01:15 
                     istep=         497 iiter=           3
                     conver_load check
 resid=  2.286747529456827E-007 retot=   67909418406949.4     
 ratio1=  5.802886868225185E-011 ratio2=  1.833435547965367E-011
 nchek0=           0 toler_force=  1.000000000000000E-005
 nchek=           0
                    conver_nodal_value check
               Convergence check for displacement
 ratio1=  3.889518947936365E-008 ratio2=  7.578957215536202E-008
 nchek=           0
 ***********RESTART FILE IS UPDATED!*******
 time: 16:00:59
 iblks=           1 iincs=           1 istep=         498
 outinp=           0
 iiter=           1
Begin forming various matrix       at 2026-09-02 16:01:15 
 ktsmat=           0
 ntelgroup=           0
Begin solution global equation     at 2026-09-02 16:01:15 
                     istep=         498 iiter=           1
                     conver_load check
 resid=   43533.6631322992      retot=   77802406194649.8     
 ratio1=  2.365462632590740E-005 ratio2=  1.346362658617771E-005
 nchek0=           0 toler_force=  1.000000000000000E-005
 nchek=           1
 iiter=           2
Begin forming various matrix       at 2026-09-02 16:01:15 
 ktsmat=           0
Begin solution global equation     at 2026-09-02 16:01:15 
                     istep=         498 iiter=           2
                     conver_load check
 resid=  3.817872720626971E-002 retot=   77802406194649.8     
 ratio1=  2.215206456949140E-008 ratio2=  8.933670241661039E-009
 nchek0=           0 toler_force=  1.000000000000000E-005
 nchek=           0
                    conver_nodal_value check
               Convergence check for displacement
 ratio1=  1.155860560583228E-005 ratio2=  1.600191357207729E-005
                            not converged for checki=           1
 iiter=           3
Begin forming various matrix       at 2026-09-02 16:01:15 
 ktsmat=           0
Begin solution global equation     at 2026-09-02 16:01:15 
                     istep=         498 iiter=           3
                     conver_load check
 resid=  2.097177234711175E-007 retot=   77802406194649.8     
 ratio1=  5.191837046681014E-011 ratio2=  1.733720298547809E-011
 nchek0=           0 toler_force=  1.000000000000000E-005
 nchek=           0
                    conver_nodal_value check
               Convergence check for displacement
 ratio1=  4.341564792302989E-008 ratio2=  8.326410246339645E-008
 nchek=           0
 ngvar in output=           7 nstre=           4
 ***********RESTART FILE IS UPDATED!*******
 time: 16:00:59
 iblks=           1 iincs=           1 istep=         499
 outinp=           0
 iiter=           1
Begin forming various matrix       at 2026-09-02 16:01:15 
 ktsmat=           0
 ntelgroup=           0
Begin solution global equation     at 2026-09-02 16:01:15 
                     istep=         499 iiter=           1
                     conver_load check
 resid=   45453.9066764396      retot=   90160351636385.9     
 ratio1=  2.245317749646550E-005 ratio2=  1.345170497953969E-005
 nchek0=           0 toler_force=  1.000000000000000E-005
 nchek=           1
 iiter=           2
Begin forming various matrix       at 2026-09-02 16:01:15 
 ktsmat=           0
Begin solution global equation     at 2026-09-02 16:01:15 
                     istep=         499 iiter=           2
                     conver_load check
 resid=  4.207398470468694E-002 retot=   90160351636385.9     
 ratio1=  2.160225179768938E-008 ratio2=  9.050822214432918E-009
 nchek0=           0 toler_force=  1.000000000000000E-005
 nchek=           0
                    conver_nodal_value check
               Convergence check for displacement
 ratio1=  1.459953004316918E-005 ratio2=  2.080396140835074E-005
                            not converged for checki=           1
 iiter=           3
Begin forming various matrix       at 2026-09-02 16:01:15 
 ktsmat=           0
Begin solution global equation     at 2026-09-02 16:01:15 
                     istep=         499 iiter=           3
                     conver_load check
 resid=  2.375313661581436E-007 retot=   90160351636385.9     
 ratio1=  5.132780411787955E-011 ratio2=  1.772999020687458E-011
 nchek0=           0 toler_force=  1.000000000000000E-005
 nchek=           0
                    conver_nodal_value check
               Convergence check for displacement
 ratio1=  5.730773240862808E-008 ratio2=  1.104581299580601E-007
 nchek=           0
 ***********RESTART FILE IS UPDATED!*******
 time: 16:00:59
 iblks=           1 iincs=           1 istep=         500
 outinp=           0
 iiter=           1
Begin forming various matrix       at 2026-09-02 16:01:15 
 ktsmat=           0
 ntelgroup=           0
Begin solution global equation     at 2026-09-02 16:01:15 
                     istep=         500 iiter=           1
                     conver_load check
 resid=   39130.3088774212      retot=   106985530056088.     
 ratio1=  1.912467733694344E-005 ratio2=  1.197189428471126E-005
 nchek0=           0 toler_force=  1.000000000000000E-005
 nchek=           1
 iiter=           2
Begin forming various matrix       at 2026-09-02 16:01:15 
 ktsmat=           0
Begin solution global equation     at 2026-09-02 16:01:15 
                     istep=         500 iiter=           2
                     conver_load check
 resid=  3.157510311433304E-002 retot=   106985530056088.     
 ratio1=  1.717947419353181E-008 ratio2=  7.641508274768955E-009
 nchek0=           0 toler_force=  1.000000000000000E-005
 nchek=           0
                    conver_nodal_value check
               Convergence check for displacement
 ratio1=  1.592372249013601E-005 ratio2=  2.499018290284559E-005
                            not converged for checki=           1
 iiter=           3
Begin forming various matrix       at 2026-09-02 16:01:15 
 ktsmat=           0
Begin solution global equation     at 2026-09-02 16:01:15 
                     istep=         500 iiter=           3
                     conver_load check
 resid=  1.736483030498757E-007 retot=   106985530056088.     
 ratio1=  4.028772559856978E-011 ratio2=  1.411287320367996E-011
 nchek0=           0 toler_force=  1.000000000000000E-005
 nchek=           0
                    conver_nodal_value check
               Convergence check for displacement
 ratio1=  6.869893035244448E-008 ratio2=  1.392422499553515E-007
 nchek=           0
 ngvar in output=           7 nstre=           4
 ***********RESTART FILE IS UPDATED!*******
 time: 16:01:15
 time: 16:00:59
